C,O,CC,C1=CC=CC=C1,C=O,CC1=CC=CC=C1,CO,CC=O,CCC,N,CN,COC,OC1=CC=CC=C1,O=CC1=CC=CC=C1,CCN,CNC,CCNC,NC1=CC=CC=C1,P,O=P,CC(N)=O,CCO,COC1=CC=CC=C1,CNC1=CC=CC=C1,CCC1=CC=CC=C1,CCOC,CCNC1=CC=CC=C1,CC1=CC=C(O)C=C1,COC=O,NCC1=CC=CC=C1,OP,CCC=O,CP,CC(C)C,COC(C)=O,CCCC,CNC(=O)C1=CC=CC=C1,CCNCC,CP=O,C1=CC=C(CC2=CC=CC=C2)C=C1,CCNC=O,CCOCC,CC1=CC(C)=CC=C1,C1=CC=C(CNC2=CC=CC=C2)C=C1,CCOC=O,CC1=CC=C(C)C=C1,CCOC(C)=O,OCC1=CC=CC=C1,CN(C)C,CCCN,CCN(C)C,CCCCC,CCC1=CC=C(O)C=C1,CC1=C(C)C=CC=C1,CPC1=CC=CC=C1,CC1=CC=C(C=O)C=C1,COC(=O)C1=CC=CC=C1,COC1=CC=C(C)C=C1,CC1=CC(C=O)=CC=C1,CC(C)C1=CC=CC=C1,CCCNC,CCN(C)CC,C[PH](C)=O,CCCC=O,C[PH](=O)C1=CC=CC=C1,CC1=C(C=O)C=CC=C1,O=CC1=CC(C=O)=CC=C1,CCCCCC,OCCO,C1=CC=C(OC2=CC=CC=C2)C=C1,CNCC1=CC(C)=CC=C1,COCCO,CCC(N)=O,O=COCCO,CNC(=O)C1=CC(C)=CC=C1,CC1=CC(C(N)=O)=CC=C1,CCCCN,O=CC1=CC=C(C=O)C=C1,CCOCCO,CC1=CC=CC=C1C(N)=O,CN(C)CC1=CC=CC=C1,CCCO,CC1=C(O)C=CC=C1,CC1=CC(CNC2=CC=CC=C2)=CC=C1,CCCCNC,CC1=CC=C(N)C=C1,CCC1=CC=C(OC)C=C1,CN1CC2=C(C=CC=C2)C1=O,CNCC1=CC(C=O)=CC=C1,CNC(=O)C1=CC(C=O)=CC=C1,NC(=O)C1=CC(C=O)=CC=C1,CN(C)C1=CC=CC=C1,CCCNC1=CC=CC=C1,CC1=CC(N)=CC=C1,CCCNC=O,CC1=CC=C(OC2=CC=CC=C2)C=C1,CCCOC,CCCNC(C)=O,CCC(C)C,CCCCC=O,CC1=CC=C(CN)C=C1,CNC1=CC=C(C)C=C1,CC1=CC=C(C(N)=O)C=C1,CNC1=CC(C)=CC=C1,CC1=CC(C)=C(C)C=C1,CC1=CC(NC=O)=CC=C1,S,CC(C)C=O,CC1=CC(C)=C(C=O)C=C1,NC1=CC(C=O)=CC=C1,CCCC1=CC=CC=C1,CC1=CC=C(NC=O)C=C1,CCNC1=CC=C(C)C=C1,CN(CC1=CC=CC=C1)C1=CC=CC=C1,CC(=O)NC1=CC=C(C)C=C1,CCCCCC=O,CCCOCC,O=CC1=CC=C(O)C=C1,CC1=CC=C(CNC2=CC=CC=C2)C=C1,CC1=CC=C(C(=O)NC2=CC=CC=C2)C=C1,CC1=CC2=C(C=C1)CNC2,NCC1=CC=C(C=O)C=C1,CC1=CC2=C(C=C1)C(=O)NC2,CNC(=O)C1=CC=C(C=O)C=C1,CNC1=CC=C(O)C=C1,CC1=CC=C(CO)C=C1,CNC1=CC(C=O)=CC=C1,CCNC1=CC=C(O)C=C1,CCC(=O)O,CCNC(=O)C1=CC=CC=C1,CC(=O)C1=CC=CC=C1,CC1=CC=C2CN(C)CC2=C1,COC1=CC=C(N)C=C1,NCCN,CC1=CC(C=O)=CC(N)=C1,Br,O=CC1=CC=C(CO)C=C1,CCC(C)C=O,CC1=CC=C(NCC2=CC=CC=C2)C=C1,O=CCCC=O,CC1=CC=C(NC(=O)C2=CC=CC=C2)C=C1,CCOC(=O)C1=CC=C(C)C=C1,CNC1=CC=C(OC2=CC=CC=C2)C=C1,CCN(CC)CC,CC1=CC=C(COCCO)C=C1,CCN(C)CC1=CC=CC=C1,CCPC,NCCC1=CC=CC=C1,CNCCC1=CC=CC=C1,CCC(=O)NC1=CC=CC(C=O)=C1,O=CCC1=CC=CC=C1,NC1=CC(CNC2=CC=CC=C2)=CC=C1,CNC1=CC(CNC2=CC=CC=C2)=CC=C1,CC(C=O)N1CC2=C(C=CC=C2)C1=O,CCCOCC1=CC=CC=C1,BrC1=C(Br)C=CC=C1
37.0,5.0,8.0,5.0,5.0,7.0,0.0,5.0,2.0,4.0,8.0,0.0,0.0,4.0,6.0,5.0,10.0,3.0,0.0,0.0,4.0,0.0,0.0,2.0,1.0,0.0,2.0,0.0,0.0,3.0,0.0,1.0,0.0,0.0,0.0,1.0,5.0,5.0,0.0,0.0,6.0,0.0,1.0,1.0,0.0,0.0,0.0,0.0,1.0,2.0,4.0,0.0,0.0,1.0,0.0,0.0,0.0,0.0,2.0,0.0,3.0,5.0,0.0,1.0,0.0,2.0,1.0,0.0,0.0,0.0,1.0,0.0,1.0,0.0,1.0,1.0,1.0,0.0,0.0,2.0,1.0,0.0,0.0,1.0,1.0,2.0,0.0,2.0,1.0,1.0,1.0,0.0,1.0,2.0,2.0,0.0,0.0,2.0,0.0,0.0,0.0,1.0,0.0,2.0,0.0,2.0,0.0,0.0,0.0,2.0,1.0,1.0,1.0,0.0,1.0,0.0,0.0,0.0,0.0,0.0,0.0,0.0,0.0,0.0,0.0,0.0,2.0,0.0,0.0,4.0,0.0,0.0,0.0,1.0,2.0,4.0,0.0,0.0,1.0,0.0,1.0,0.0,0.0,2.0,0.0,2.0,0.0,1.0,2.0,2.0,0.0,1.0,1.0,2.0,0.0,3.0
37.0,5.0,8.0,5.0,5.0,7.0,0.0,5.0,2.0,4.0,8.0,0.0,0.0,4.0,6.0,5.0,10.0,3.0,0.0,0.0,4.0,0.0,0.0,2.0,1.0,0.0,2.0,0.0,0.0,3.0,0.0,1.0,0.0,0.0,0.0,1.0,5.0,5.0,0.0,0.0,6.0,0.0,1.0,1.0,0.0,0.0,0.0,0.0,1.0,2.0,4.0,0.0,0.0,1.0,0.0,0.0,0.0,0.0,2.0,0.0,3.0,5.0,0.0,1.0,0.0,2.0,1.0,0.0,0.0,0.0,1.0,0.0,1.0,0.0,1.0,1.0,1.0,0.0,0.0,2.0,1.0,0.0,0.0,1.0,1.0,2.0,0.0,2.0,1.0,1.0,1.0,0.0,1.0,2.0,2.0,0.0,0.0,2.0,0.0,0.0,0.0,1.0,0.0,2.0,0.0,2.0,0.0,0.0,0.0,2.0,1.0,1.0,1.0,0.0,1.0,0.0,0.0,0.0,0.0,0.0,0.0,0.0,0.0,0.0,0.0,0.0,2.0,0.0,0.0,4.0,0.0,0.0,0.0,1.0,2.0,4.0,0.0,0.0,1.0,0.0,1.0,0.0,0.0,2.0,0.0,2.0,0.0,1.0,2.0,2.0,0.0,1.0,1.0,2.0,0.0,3.0
38.0,5.0,9.0,5.0,5.0,7.0,0.0,5.0,3.0,4.0,8.0,0.0,0.0,4.0,6.0,5.0,10.0,3.0,0.0,0.0,4.0,0.0,0.0,2.0,3.0,0.0,2.0,0.0,0.0,3.0,0.0,1.0,0.0,0.0,0.0,1.0,5.0,5.0,0.0,1.0,6.0,0.0,1.0,1.0,0.0,0.0,0.0,0.0,1.0,2.0,4.0,0.0,0.0,1.0,0.0,0.0,0.0,0.0,2.0,0.0,3.0,5.0,0.0,1.0,0.0,2.0,1.0,0.0,0.0,0.0,1.0,0.0,1.0,0.0,1.0,1.0,1.0,0.0,0.0,2.0,1.0,0.0,0.0,1.0,1.0,2.0,0.0,2.0,1.0,1.0,1.0,0.0,1.0,2.0,2.0,0.0,0.0,2.0,0.0,0.0,0.0,1.0,0.0,2.0,0.0,2.0,0.0,0.0,0.0,2.0,1.0,1.0,1.0,0.0,1.0,0.0,0.0,0.0,0.0,0.0,0.0,0.0,0.0,0.0,0.0,0.0,2.0,0.0,0.0,4.0,0.0,0.0,0.0,1.0,2.0,4.0,0.0,0.0,1.0,0.0,1.0,0.0,0.0,2.0,0.0,2.0,0.0,1.0,2.0,2.0,0.0,1.0,1.0,2.0,0.0,3.0
38.0,5.0,9.0,5.0,5.0,7.0,0.0,5.0,3.0,4.0,8.0,0.0,0.0,4.0,6.0,5.0,10.0,3.0,0.0,0.0,4.0,0.0,0.0,2.0,3.0,0.0,2.0,0.0,0.0,3.0,0.0,1.0,0.0,0.0,0.0,1.0,5.0,5.0,0.0,1.0,6.0,0.0,1.0,1.0,0.0,0.0,0.0,0.0,1.0,2.0,4.0,0.0,0.0,1.0,0.0,0.0,0.0,0.0,2.0,0.0,3.0,5.0,0.0,1.0,0.0,2.0,1.0,0.0,0.0,0.0,1.0,0.0,1.0,0.0,1.0,1.0,1.0,0.0,0.0,2.0,1.0,0.0,0.0,1.0,1.0,2.0,0.0,2.0,1.0,1.0,1.0,0.0,1.0,2.0,2.0,0.0,0.0,2.0,0.0,0.0,0.0,1.0,0.0,2.0,0.0,2.0,0.0,0.0,0.0,2.0,1.0,1.0,1.0,0.0,1.0,0.0,0.0,0.0,0.0,0.0,0.0,0.0,0.0,0.0,0.0,0.0,2.0,0.0,0.0,4.0,0.0,0.0,0.0,1.0,2.0,4.0,0.0,0.0,1.0,0.0,1.0,0.0,0.0,2.0,0.0,2.0,0.0,1.0,2.0,2.0,0.0,1.0,1.0,2.0,0.0,3.0
31.0,5.0,7.0,4.0,5.0,5.0,0.0,5.0,2.0,4.0,8.0,0.0,0.0,4.0,6.0,5.0,10.0,3.0,0.0,0.0,4.0,0.0,0.0,2.0,1.0,0.0,2.0,0.0,0.0,3.0,0.0,1.0,0.0,0.0,0.0,1.0,5.0,5.0,0.0,0.0,6.0,0.0,1.0,1.0,0.0,0.0,0.0,0.0,1.0,2.0,4.0,0.0,0.0,1.0,0.0,0.0,0.0,0.0,2.0,0.0,3.0,5.0,0.0,1.0,0.0,2.0,1.0,0.0,0.0,0.0,1.0,0.0,1.0,0.0,1.0,1.0,1.0,0.0,0.0,2.0,1.0,0.0,0.0,1.0,1.0,0.0,0.0,2.0,1.0,1.0,1.0,0.0,1.0,2.0,2.0,0.0,0.0,2.0,0.0,0.0,0.0,0.0,0.0,2.0,0.0,2.0,0.0,0.0,0.0,2.0,1.0,0.0,0.0,0.0,0.0,0.0,0.0,0.0,0.0,0.0,0.0,0.0,0.0,0.0,0.0,0.0,2.0,0.0,0.0,4.0,0.0,0.0,0.0,1.0,2.0,4.0,0.0,0.0,0.0,0.0,0.0,0.0,0.0,2.0,0.0,2.0,0.0,1.0,2.0,2.0,0.0,1.0,1.0,2.0,0.0,3.0
73.0,8.0,10.0,11.0,2.0,10.0,6.0,2.0,6.0,4.0,7.0,2.0,6.0,2.0,3.0,3.0,3.0,4.0,2.0,2.0,1.0,0.0,4.0,3.0,6.0,0.0,3.0,2.0,0.0,3.0,2.0,0.0,4.0,4.0,0.0,0.0,1.0,0.0,4.0,1.0,0.0,0.0,0.0,3.0,0.0,1.0,0.0,0.0,0.0,0.0,0.0,0.0,6.0,0.0,2.0,0.0,0.0,2.0,0.0,6.0,0.0,0.0,2.0,0.0,2.0,0.0,0.0,0.0,0.0,2.0,0.0,0.0,0.0,0.0,0.0,0.0,0.0,0.0,0.0,0.0,0.0,0.0,2.0,0.0,0.0,2.0,6.0,0.0,0.0,0.0,0.0,0.0,0.0,0.0,0.0,2.0,0.0,0.0,0.0,0.0,2.0,2.0,0.0,0.0,0.0,0.0,0.0,0.0,0.0,0.0,0.0,0.0,2.0,0.0,0.0,0.0,0.0,0.0,2.0,0.0,0.0,0.0,0.0,0.0,1.0,0.0,0.0,1.0,0.0,0.0,0.0,0.0,2.0,0.0,0.0,0.0,0.0,0.0,2.0,0.0,0.0,0.0,1.0,0.0,0.0,0.0,2.0,0.0,0.0,0.0,0.0,0.0,0.0,0.0,0.0,0.0
31.0,5.0,7.0,4.0,5.0,5.0,0.0,5.0,2.0,4.0,8.0,0.0,0.0,4.0,6.0,5.0,10.0,3.0,0.0,0.0,4.0,0.0,0.0,2.0,1.0,0.0,2.0,0.0,0.0,3.0,0.0,1.0,0.0,0.0,0.0,1.0,5.0,5.0,0.0,0.0,6.0,0.0,1.0,1.0,0.0,0.0,0.0,0.0,1.0,2.0,4.0,0.0,0.0,1.0,0.0,0.0,0.0,0.0,2.0,0.0,3.0,5.0,0.0,1.0,0.0,2.0,1.0,0.0,0.0,0.0,1.0,0.0,1.0,0.0,1.0,1.0,1.0,0.0,0.0,2.0,1.0,0.0,0.0,1.0,1.0,0.0,0.0,2.0,1.0,1.0,1.0,0.0,1.0,2.0,2.0,0.0,0.0,2.0,0.0,0.0,0.0,0.0,0.0,2.0,0.0,2.0,0.0,0.0,0.0,2.0,1.0,0.0,0.0,0.0,0.0,0.0,0.0,0.0,0.0,0.0,0.0,0.0,0.0,0.0,0.0,0.0,2.0,0.0,0.0,4.0,0.0,0.0,0.0,1.0,2.0,4.0,0.0,0.0,0.0,0.0,0.0,0.0,0.0,2.0,0.0,2.0,0.0,1.0,2.0,2.0,0.0,1.0,1.0,2.0,0.0,3.0
35.0,5.0,7.0,5.0,5.0,5.0,0.0,5.0,2.0,4.0,8.0,0.0,0.0,4.0,6.0,5.0,10.0,3.0,0.0,0.0,4.0,0.0,0.0,2.0,1.0,0.0,2.0,0.0,0.0,3.0,0.0,1.0,0.0,0.0,0.0,1.0,5.0,5.0,0.0,0.0,6.0,0.0,1.0,1.0,0.0,0.0,0.0,0.0,1.0,2.0,4.0,0.0,0.0,1.0,0.0,0.0,0.0,0.0,2.0,0.0,3.0,5.0,0.0,1.0,0.0,2.0,1.0,0.0,0.0,0.0,1.0,0.0,1.0,0.0,1.0,1.0,1.0,0.0,0.0,2.0,1.0,0.0,0.0,1.0,1.0,0.0,0.0,2.0,1.0,1.0,1.0,0.0,1.0,2.0,2.0,0.0,0.0,2.0,0.0,0.0,0.0,0.0,0.0,2.0,0.0,2.0,0.0,0.0,0.0,2.0,1.0,0.0,0.0,0.0,0.0,0.0,0.0,0.0,0.0,0.0,0.0,0.0,0.0,0.0,0.0,0.0,2.0,0.0,0.0,4.0,0.0,0.0,0.0,1.0,2.0,4.0,0.0,0.0,0.0,0.0,0.0,0.0,0.0,2.0,0.0,2.0,0.0,1.0,2.0,2.0,0.0,1.0,1.0,2.0,0.0,3.0
35.0,5.0,7.0,5.0,5.0,5.0,0.0,5.0,2.0,4.0,8.0,0.0,0.0,4.0,6.0,5.0,10.0,3.0,0.0,0.0,4.0,0.0,0.0,2.0,1.0,0.0,2.0,0.0,0.0,3.0,0.0,1.0,0.0,0.0,0.0,1.0,5.0,5.0,0.0,0.0,6.0,0.0,1.0,1.0,0.0,0.0,0.0,0.0,1.0,2.0,4.0,0.0,0.0,1.0,0.0,0.0,0.0,0.0,2.0,0.0,3.0,5.0,0.0,1.0,0.0,2.0,1.0,0.0,0.0,0.0,1.0,0.0,1.0,0.0,1.0,1.0,1.0,0.0,0.0,2.0,1.0,0.0,0.0,1.0,1.0,0.0,0.0,2.0,1.0,1.0,1.0,0.0,1.0,2.0,2.0,0.0,0.0,2.0,0.0,0.0,0.0,0.0,0.0,2.0,0.0,2.0,0.0,0.0,0.0,2.0,1.0,0.0,0.0,0.0,0.0,0.0,0.0,0.0,0.0,0.0,0.0,0.0,0.0,0.0,0.0,0.0,2.0,0.0,0.0,4.0,0.0,0.0,0.0,1.0,2.0,4.0,0.0,0.0,0.0,0.0,0.0,0.0,0.0,2.0,0.0,2.0,0.0,1.0,2.0,2.0,0.0,1.0,1.0,2.0,0.0,3.0
21.0,3.0,4.0,3.0,0.0,2.0,2.0,0.0,6.0,1.0,1.0,0.0,2.0,0.0,0.0,0.0,0.0,1.0,1.0,1.0,0.0,0.0,0.0,0.0,6.0,0.0,0.0,2.0,0.0,0.0,1.0,0.0,0.0,4.0,0.0,0.0,0.0,0.0,0.0,1.0,0.0,0.0,0.0,0.0,0.0,0.0,0.0,0.0,0.0,0.0,0.0,0.0,6.0,0.0,0.0,0.0,0.0,0.0,0.0,6.0,0.0,0.0,0.0,0.0,0.0,0.0,0.0,0.0,0.0,0.0,0.0,0.0,0.0,0.0,0.0,0.0,0.0,0.0,0.0,0.0,0.0,0.0,0.0,0.0,0.0,0.0,0.0,0.0,0.0,0.0,0.0,0.0,0.0,0.0,0.0,0.0,0.0,0.0,0.0,0.0,0.0,0.0,0.0,0.0,0.0,0.0,0.0,0.0,0.0,0.0,0.0,0.0,0.0,0.0,0.0,0.0,0.0,0.0,0.0,0.0,0.0,0.0,0.0,0.0,0.0,0.0,0.0,0.0,0.0,0.0,0.0,0.0,0.0,0.0,0.0,0.0,0.0,0.0,0.0,0.0,0.0,0.0,0.0,0.0,0.0,0.0,0.0,0.0,0.0,0.0,0.0,0.0,0.0,0.0,0.0,0.0
27.0,4.0,6.0,4.0,1.0,4.0,2.0,2.0,8.0,1.0,1.0,0.0,2.0,1.0,0.0,0.0,0.0,1.0,1.0,1.0,0.0,0.0,0.0,0.0,10.0,0.0,0.0,2.0,0.0,0.0,1.0,1.0,0.0,4.0,0.0,4.0,0.0,0.0,0.0,3.0,0.0,0.0,0.0,0.0,0.0,0.0,0.0,0.0,0.0,0.0,0.0,3.0,6.0,1.0,0.0,0.0,0.0,0.0,0.0,9.0,0.0,0.0,0.0,3.0,0.0,1.0,0.0,0.0,0.0,0.0,0.0,0.0,0.0,0.0,0.0,0.0,0.0,0.0,0.0,0.0,0.0,0.0,0.0,0.0,0.0,0.0,0.0,0.0,0.0,0.0,0.0,0.0,0.0,0.0,0.0,0.0,0.0,0.0,3.0,0.0,0.0,0.0,0.0,0.0,0.0,0.0,0.0,0.0,0.0,0.0,3.0,0.0,0.0,0.0,0.0,0.0,0.0,0.0,0.0,0.0,0.0,0.0,0.0,0.0,0.0,0.0,0.0,0.0,0.0,0.0,1.0,0.0,0.0,0.0,0.0,0.0,0.0,0.0,0.0,0.0,0.0,0.0,0.0,0.0,0.0,0.0,0.0,0.0,0.0,0.0,0.0,0.0,0.0,0.0,0.0,0.0
18.0,5.0,0.0,3.0,0.0,0.0,2.0,0.0,0.0,1.0,1.0,0.0,2.0,0.0,0.0,0.0,0.0,1.0,1.0,1.0,0.0,0.0,0.0,0.0,0.0,0.0,0.0,0.0,0.0,0.0,1.0,0.0,0.0,0.0,0.0,0.0,0.0,0.0,0.0,0.0,0.0,0.0,0.0,0.0,0.0,0.0,0.0,0.0,0.0,0.0,0.0,0.0,0.0,0.0,0.0,0.0,0.0,0.0,0.0,0.0,0.0,0.0,0.0,0.0,0.0,0.0,0.0,0.0,0.0,0.0,0.0,0.0,0.0,0.0,0.0,0.0,0.0,0.0,0.0,0.0,0.0,0.0,0.0,0.0,0.0,0.0,0.0,0.0,0.0,0.0,0.0,0.0,0.0,0.0,0.0,0.0,0.0,0.0,0.0,0.0,0.0,0.0,0.0,0.0,0.0,0.0,1.0,0.0,0.0,0.0,0.0,0.0,0.0,0.0,0.0,0.0,0.0,0.0,0.0,0.0,0.0,0.0,0.0,0.0,0.0,0.0,0.0,0.0,0.0,0.0,0.0,0.0,0.0,0.0,0.0,0.0,0.0,0.0,0.0,0.0,0.0,0.0,0.0,0.0,0.0,0.0,0.0,0.0,0.0,0.0,0.0,0.0,0.0,0.0,0.0,0.0
15.0,1.0,2.0,2.0,1.0,2.0,0.0,1.0,0.0,5.0,3.0,0.0,0.0,1.0,0.0,1.0,0.0,2.0,0.0,0.0,0.0,0.0,0.0,1.0,0.0,0.0,0.0,0.0,0.0,0.0,0.0,0.0,0.0,0.0,0.0,0.0,0.0,0.0,0.0,0.0,0.0,0.0,0.0,0.0,0.0,0.0,0.0,0.0,0.0,0.0,0.0,0.0,0.0,0.0,0.0,0.0,0.0,0.0,0.0,0.0,0.0,0.0,0.0,0.0,0.0,0.0,0.0,0.0,0.0,0.0,0.0,0.0,0.0,0.0,0.0,0.0,0.0,0.0,0.0,0.0,0.0,0.0,0.0,0.0,0.0,2.0,0.0,0.0,0.0,0.0,0.0,0.0,0.0,0.0,0.0,0.0,0.0,0.0,0.0,0.0,0.0,1.0,0.0,0.0,0.0,0.0,0.0,0.0,0.0,0.0,0.0,0.0,0.0,0.0,0.0,0.0,0.0,0.0,0.0,0.0,0.0,0.0,0.0,0.0,0.0,0.0,0.0,0.0,0.0,0.0,0.0,0.0,0.0,0.0,0.0,0.0,0.0,0.0,0.0,0.0,0.0,0.0,0.0,0.0,0.0,0.0,0.0,0.0,0.0,0.0,0.0,0.0,0.0,0.0,0.0,0.0
73.0,8.0,10.0,11.0,2.0,10.0,6.0,2.0,6.0,4.0,7.0,2.0,6.0,2.0,3.0,3.0,3.0,4.0,2.0,2.0,1.0,0.0,4.0,3.0,6.0,0.0,3.0,2.0,0.0,3.0,2.0,0.0,4.0,4.0,0.0,0.0,1.0,0.0,4.0,1.0,0.0,0.0,0.0,3.0,0.0,1.0,0.0,0.0,0.0,0.0,0.0,0.0,6.0,0.0,2.0,0.0,0.0,2.0,0.0,6.0,0.0,0.0,2.0,0.0,2.0,0.0,0.0,0.0,0.0,2.0,0.0,0.0,0.0,0.0,0.0,0.0,0.0,0.0,0.0,0.0,0.0,0.0,2.0,0.0,0.0,2.0,6.0,0.0,0.0,0.0,0.0,0.0,0.0,0.0,0.0,2.0,0.0,0.0,0.0,0.0,2.0,2.0,0.0,0.0,0.0,0.0,0.0,0.0,0.0,0.0,0.0,0.0,2.0,0.0,0.0,0.0,0.0,0.0,2.0,0.0,0.0,0.0,0.0,0.0,1.0,0.0,0.0,1.0,0.0,0.0,0.0,0.0,2.0,0.0,0.0,0.0,0.0,0.0,2.0,0.0,0.0,0.0,1.0,0.0,0.0,0.0,2.0,0.0,0.0,0.0,0.0,0.0,0.0,0.0,0.0,0.0
29.0,5.0,6.0,4.0,5.0,4.0,0.0,5.0,1.0,4.0,8.0,0.0,0.0,4.0,6.0,5.0,10.0,3.0,0.0,0.0,4.0,0.0,0.0,2.0,0.0,0.0,2.0,0.0,0.0,3.0,0.0,1.0,0.0,0.0,0.0,0.0,5.0,5.0,0.0,0.0,6.0,0.0,1.0,1.0,0.0,0.0,0.0,0.0,1.0,1.0,4.0,0.0,0.0,1.0,0.0,0.0,0.0,0.0,2.0,0.0,1.0,5.0,0.0,0.0,0.0,2.0,1.0,0.0,0.0,0.0,1.0,0.0,1.0,0.0,1.0,1.0,0.0,0.0,0.0,2.0,1.0,0.0,0.0,1.0,0.0,0.0,0.0,2.0,1.0,1.0,1.0,0.0,1.0,2.0,0.0,0.0,0.0,0.0,0.0,0.0,0.0,0.0,0.0,2.0,0.0,2.0,0.0,0.0,0.0,2.0,0.0,0.0,0.0,0.0,0.0,0.0,0.0,0.0,0.0,0.0,0.0,0.0,0.0,0.0,0.0,0.0,2.0,0.0,0.0,4.0,0.0,0.0,0.0,1.0,2.0,4.0,0.0,0.0,0.0,0.0,0.0,0.0,0.0,2.0,0.0,2.0,0.0,0.0,0.0,2.0,0.0,1.0,1.0,2.0,0.0,3.0
25.0,5.0,6.0,3.0,5.0,4.0,0.0,5.0,1.0,4.0,8.0,0.0,0.0,4.0,6.0,5.0,10.0,3.0,0.0,0.0,4.0,0.0,0.0,2.0,0.0,0.0,2.0,0.0,0.0,3.0,0.0,1.0,0.0,0.0,0.0,0.0,5.0,5.0,0.0,0.0,6.0,0.0,1.0,1.0,0.0,0.0,0.0,0.0,1.0,1.0,4.0,0.0,0.0,1.0,0.0,0.0,0.0,0.0,2.0,0.0,1.0,5.0,0.0,0.0,0.0,2.0,1.0,0.0,0.0,0.0,1.0,0.0,1.0,0.0,1.0,1.0,0.0,0.0,0.0,2.0,1.0,0.0,0.0,1.0,0.0,0.0,0.0,2.0,1.0,1.0,1.0,0.0,1.0,2.0,0.0,0.0,0.0,0.0,0.0,0.0,0.0,0.0,0.0,2.0,0.0,2.0,0.0,0.0,0.0,2.0,0.0,0.0,0.0,0.0,0.0,0.0,0.0,0.0,0.0,0.0,0.0,0.0,0.0,0.0,0.0,0.0,2.0,0.0,0.0,4.0,0.0,0.0,0.0,1.0,2.0,4.0,0.0,0.0,0.0,0.0,0.0,0.0,0.0,2.0,0.0,2.0,0.0,0.0,0.0,2.0,0.0,1.0,1.0,2.0,0.0,3.0
31.0,5.0,7.0,4.0,5.0,6.0,0.0,5.0,1.0,4.0,8.0,0.0,0.0,4.0,6.0,5.0,10.0,3.0,0.0,0.0,4.0,0.0,0.0,2.0,0.0,0.0,2.0,0.0,0.0,3.0,0.0,1.0,0.0,0.0,0.0,0.0,5.0,5.0,0.0,0.0,6.0,0.0,1.0,1.0,0.0,0.0,0.0,0.0,1.0,1.0,4.0,0.0,0.0,1.0,0.0,0.0,0.0,0.0,2.0,0.0,1.0,5.0,0.0,0.0,0.0,2.0,1.0,0.0,0.0,0.0,1.0,0.0,1.0,0.0,1.0,1.0,0.0,0.0,0.0,2.0,1.0,0.0,0.0,1.0,0.0,2.0,0.0,2.0,1.0,1.0,1.0,0.0,1.0,2.0,0.0,0.0,0.0,0.0,0.0,0.0,0.0,1.0,0.0,2.0,0.0,2.0,0.0,0.0,0.0,2.0,0.0,1.0,1.0,0.0,1.0,0.0,0.0,0.0,0.0,0.0,0.0,0.0,0.0,0.0,0.0,0.0,2.0,0.0,0.0,4.0,0.0,0.0,0.0,1.0,2.0,4.0,0.0,0.0,1.0,0.0,1.0,0.0,0.0,2.0,0.0,2.0,0.0,0.0,0.0,2.0,0.0,1.0,1.0,2.0,0.0,3.0
32.0,5.0,8.0,4.0,5.0,6.0,0.0,5.0,2.0,4.0,8.0,0.0,0.0,4.0,6.0,5.0,10.0,3.0,0.0,0.0,4.0,0.0,0.0,2.0,2.0,0.0,2.0,0.0,0.0,3.0,0.0,1.0,0.0,0.0,0.0,0.0,5.0,5.0,0.0,1.0,6.0,0.0,1.0,1.0,0.0,0.0,0.0,0.0,1.0,1.0,4.0,0.0,0.0,1.0,0.0,0.0,0.0,0.0,2.0,0.0,1.0,5.0,0.0,0.0,0.0,2.0,1.0,0.0,0.0,0.0,1.0,0.0,1.0,0.0,1.0,1.0,0.0,0.0,0.0,2.0,1.0,0.0,0.0,1.0,0.0,2.0,0.0,2.0,1.0,1.0,1.0,0.0,1.0,2.0,0.0,0.0,0.0,0.0,0.0,0.0,0.0,1.0,0.0,2.0,0.0,2.0,0.0,0.0,0.0,2.0,0.0,1.0,1.0,0.0,1.0,0.0,0.0,0.0,0.0,0.0,0.0,0.0,0.0,0.0,0.0,0.0,2.0,0.0,0.0,4.0,0.0,0.0,0.0,1.0,2.0,4.0,0.0,0.0,1.0,0.0,1.0,0.0,0.0,2.0,0.0,2.0,0.0,0.0,0.0,2.0,0.0,1.0,1.0,2.0,0.0,3.0
25.0,5.0,6.0,3.0,5.0,4.0,0.0,5.0,1.0,4.0,8.0,0.0,0.0,4.0,6.0,5.0,10.0,3.0,0.0,0.0,4.0,0.0,0.0,2.0,0.0,0.0,2.0,0.0,0.0,3.0,0.0,1.0,0.0,0.0,0.0,0.0,5.0,5.0,0.0,0.0,6.0,0.0,1.0,1.0,0.0,0.0,0.0,0.0,1.0,1.0,4.0,0.0,0.0,1.0,0.0,0.0,0.0,0.0,2.0,0.0,1.0,5.0,0.0,0.0,0.0,2.0,1.0,0.0,0.0,0.0,1.0,0.0,1.0,0.0,1.0,1.0,0.0,0.0,0.0,2.0,1.0,0.0,0.0,1.0,0.0,0.0,0.0,2.0,1.0,1.0,1.0,0.0,1.0,2.0,0.0,0.0,0.0,0.0,0.0,0.0,0.0,0.0,0.0,2.0,0.0,2.0,0.0,0.0,0.0,2.0,0.0,0.0,0.0,0.0,0.0,0.0,0.0,0.0,0.0,0.0,0.0,0.0,0.0,0.0,0.0,0.0,2.0,0.0,0.0,4.0,0.0,0.0,0.0,1.0,2.0,4.0,0.0,0.0,0.0,0.0,0.0,0.0,0.0,2.0,0.0,2.0,0.0,0.0,0.0,2.0,0.0,1.0,1.0,2.0,0.0,3.0
26.0,5.0,7.0,3.0,5.0,5.0,0.0,5.0,1.0,4.0,8.0,0.0,0.0,4.0,6.0,5.0,10.0,3.0,0.0,0.0,4.0,0.0,0.0,2.0,0.0,0.0,2.0,0.0,0.0,3.0,0.0,1.0,0.0,0.0,0.0,0.0,5.0,5.0,0.0,0.0,6.0,0.0,1.0,1.0,0.0,0.0,0.0,0.0,1.0,1.0,4.0,0.0,0.0,1.0,0.0,0.0,0.0,0.0,2.0,0.0,1.0,5.0,0.0,0.0,0.0,2.0,1.0,0.0,0.0,0.0,1.0,0.0,1.0,0.0,1.0,1.0,0.0,0.0,0.0,2.0,1.0,0.0,0.0,1.0,0.0,0.0,0.0,2.0,1.0,1.0,1.0,0.0,1.0,3.0,0.0,0.0,0.0,0.0,0.0,0.0,0.0,0.0,0.0,2.0,0.0,2.0,0.0,0.0,0.0,2.0,0.0,0.0,0.0,0.0,0.0,0.0,0.0,0.0,0.0,0.0,0.0,0.0,0.0,0.0,0.0,0.0,2.0,0.0,0.0,4.0,0.0,0.0,0.0,1.0,2.0,4.0,0.0,0.0,0.0,0.0,0.0,0.0,0.0,2.0,0.0,2.0,0.0,0.0,0.0,2.0,0.0,1.0,1.0,2.0,0.0,3.0
31.0,6.0,6.0,4.0,5.0,4.0,2.0,5.0,1.0,4.0,8.0,1.0,2.0,4.0,6.0,5.0,10.0,3.0,0.0,0.0,4.0,0.0,2.0,2.0,0.0,0.0,2.0,0.0,0.0,3.0,0.0,1.0,0.0,0.0,0.0,0.0,5.0,5.0,0.0,0.0,6.0,0.0,1.0,1.0,0.0,0.0,0.0,0.0,1.0,1.0,4.0,0.0,0.0,1.0,0.0,0.0,0.0,0.0,2.0,0.0,1.0,5.0,0.0,0.0,0.0,2.0,1.0,0.0,0.0,1.0,1.0,0.0,1.0,0.0,1.0,1.0,0.0,0.0,0.0,2.0,1.0,0.0,0.0,1.0,0.0,0.0,0.0,2.0,1.0,1.0,1.0,0.0,1.0,2.0,0.0,0.0,0.0,0.0,0.0,0.0,0.0,0.0,0.0,2.0,0.0,2.0,0.0,0.0,0.0,2.0,0.0,0.0,0.0,0.0,0.0,0.0,0.0,0.0,0.0,0.0,0.0,0.0,0.0,0.0,1.0,0.0,2.0,1.0,0.0,4.0,0.0,0.0,2.0,1.0,2.0,4.0,0.0,0.0,0.0,0.0,0.0,0.0,1.0,2.0,0.0,2.0,0.0,0.0,0.0,2.0,0.0,1.0,1.0,2.0,0.0,3.0
31.0,7.0,6.0,4.0,5.0,4.0,0.0,5.0,1.0,4.0,8.0,0.0,0.0,4.0,6.0,5.0,10.0,3.0,0.0,0.0,4.0,0.0,0.0,2.0,0.0,0.0,2.0,0.0,0.0,3.0,0.0,1.0,0.0,0.0,0.0,0.0,5.0,5.0,0.0,0.0,6.0,0.0,1.0,1.0,0.0,0.0,0.0,0.0,1.0,1.0,4.0,0.0,0.0,1.0,0.0,0.0,0.0,0.0,2.0,0.0,1.0,5.0,0.0,0.0,0.0,2.0,1.0,0.0,0.0,0.0,1.0,0.0,1.0,0.0,1.0,1.0,0.0,0.0,0.0,2.0,1.0,0.0,0.0,1.0,0.0,0.0,0.0,2.0,1.0,1.0,1.0,0.0,1.0,2.0,0.0,0.0,0.0,0.0,0.0,0.0,0.0,0.0,0.0,2.0,0.0,2.0,1.0,0.0,0.0,2.0,0.0,0.0,0.0,0.0,0.0,0.0,0.0,0.0,0.0,0.0,0.0,0.0,0.0,0.0,0.0,0.0,2.0,0.0,0.0,4.0,0.0,0.0,0.0,1.0,2.0,4.0,0.0,0.0,0.0,0.0,0.0,0.0,0.0,2.0,0.0,2.0,0.0,0.0,0.0,2.0,0.0,1.0,1.0,2.0,0.0,3.0
21.0,1.0,2.0,3.0,1.0,2.0,0.0,1.0,0.0,6.0,5.0,0.0,0.0,1.0,0.0,2.0,0.0,4.0,0.0,0.0,0.0,0.0,0.0,3.0,0.0,0.0,0.0,0.0,0.0,0.0,0.0,0.0,0.0,0.0,0.0,0.0,0.0,0.0,0.0,0.0,0.0,0.0,0.0,0.0,0.0,0.0,0.0,0.0,0.0,0.0,0.0,0.0,0.0,0.0,0.0,0.0,0.0,0.0,0.0,0.0,0.0,0.0,0.0,0.0,0.0,0.0,0.0,0.0,0.0,0.0,0.0,0.0,0.0,0.0,0.0,0.0,0.0,0.0,0.0,0.0,0.0,0.0,0.0,0.0,0.0,0.0,0.0,0.0,0.0,0.0,0.0,0.0,0.0,2.0,0.0,0.0,0.0,0.0,0.0,0.0,0.0,0.0,0.0,2.0,0.0,0.0,0.0,0.0,0.0,2.0,0.0,0.0,0.0,0.0,0.0,0.0,0.0,0.0,0.0,0.0,0.0,0.0,0.0,0.0,0.0,0.0,2.0,0.0,0.0,0.0,0.0,0.0,0.0,0.0,0.0,0.0,0.0,0.0,0.0,0.0,0.0,0.0,0.0,0.0,0.0,0.0,0.0,0.0,0.0,0.0,0.0,0.0,0.0,0.0,0.0,0.0
21.0,1.0,2.0,3.0,1.0,2.0,0.0,1.0,0.0,6.0,5.0,0.0,0.0,1.0,0.0,2.0,0.0,4.0,0.0,0.0,0.0,0.0,0.0,3.0,0.0,0.0,0.0,0.0,0.0,0.0,0.0,0.0,0.0,0.0,0.0,0.0,0.0,0.0,0.0,0.0,0.0,0.0,0.0,0.0,0.0,0.0,0.0,0.0,0.0,0.0,0.0,0.0,0.0,0.0,0.0,0.0,0.0,0.0,0.0,0.0,0.0,0.0,0.0,0.0,0.0,0.0,0.0,0.0,0.0,0.0,0.0,0.0,0.0,0.0,0.0,0.0,0.0,0.0,0.0,0.0,0.0,0.0,0.0,0.0,0.0,0.0,0.0,0.0,0.0,0.0,0.0,0.0,0.0,2.0,0.0,0.0,0.0,0.0,0.0,0.0,0.0,0.0,0.0,2.0,0.0,0.0,0.0,0.0,0.0,2.0,0.0,0.0,0.0,0.0,0.0,0.0,0.0,0.0,0.0,0.0,0.0,0.0,0.0,0.0,0.0,0.0,2.0,0.0,0.0,0.0,0.0,0.0,0.0,0.0,0.0,0.0,0.0,0.0,0.0,0.0,0.0,0.0,0.0,0.0,0.0,0.0,0.0,0.0,0.0,0.0,0.0,0.0,0.0,0.0,0.0,0.0
18.0,3.0,6.0,2.0,0.0,2.0,4.0,0.0,7.0,0.0,0.0,1.0,2.0,0.0,0.0,0.0,0.0,0.0,0.0,0.0,0.0,3.0,1.0,0.0,6.0,1.0,0.0,2.0,0.0,0.0,0.0,0.0,0.0,4.0,0.0,0.0,0.0,0.0,0.0,1.0,0.0,0.0,0.0,0.0,0.0,0.0,0.0,0.0,0.0,0.0,0.0,0.0,6.0,0.0,0.0,0.0,0.0,1.0,0.0,6.0,0.0,0.0,0.0,0.0,0.0,0.0,0.0,0.0,1.0,0.0,0.0,1.0,0.0,0.0,0.0,0.0,0.0,0.0,0.0,0.0,0.0,1.0,0.0,0.0,0.0,0.0,3.0,0.0,0.0,0.0,0.0,0.0,0.0,0.0,0.0,0.0,1.0,0.0,0.0,0.0,0.0,0.0,0.0,0.0,0.0,0.0,0.0,0.0,0.0,0.0,0.0,0.0,0.0,0.0,0.0,0.0,0.0,0.0,0.0,0.0,0.0,0.0,0.0,0.0,0.0,0.0,0.0,0.0,0.0,0.0,0.0,0.0,0.0,0.0,0.0,0.0,0.0,0.0,0.0,0.0,0.0,0.0,0.0,0.0,0.0,0.0,0.0,0.0,0.0,0.0,0.0,0.0,0.0,0.0,0.0,0.0
40.0,4.0,4.0,5.0,2.0,2.0,4.0,2.0,0.0,9.0,13.0,2.0,1.0,2.0,3.0,9.0,5.0,7.0,0.0,0.0,1.0,2.0,1.0,9.0,0.0,2.0,1.0,0.0,0.0,1.0,0.0,0.0,0.0,0.0,0.0,0.0,1.0,1.0,0.0,0.0,0.0,1.0,0.0,1.0,0.0,0.0,0.0,0.0,2.0,0.0,2.0,0.0,0.0,0.0,0.0,0.0,0.0,0.0,0.0,0.0,0.0,1.0,0.0,0.0,0.0,0.0,0.0,0.0,0.0,0.0,0.0,0.0,0.0,0.0,0.0,0.0,0.0,0.0,0.0,0.0,0.0,0.0,0.0,0.0,0.0,2.0,0.0,0.0,0.0,0.0,0.0,3.0,0.0,0.0,0.0,0.0,0.0,0.0,0.0,0.0,0.0,2.0,0.0,0.0,0.0,0.0,0.0,0.0,0.0,0.0,0.0,0.0,0.0,0.0,0.0,0.0,0.0,0.0,0.0,0.0,0.0,0.0,0.0,0.0,2.0,0.0,0.0,0.0,0.0,0.0,0.0,0.0,1.0,0.0,0.0,0.0,0.0,0.0,0.0,0.0,0.0,0.0,0.0,0.0,0.0,0.0,0.0,0.0,0.0,0.0,0.0,0.0,0.0,0.0,0.0,0.0
33.0,4.0,4.0,4.0,2.0,2.0,4.0,2.0,0.0,8.0,10.0,2.0,2.0,2.0,3.0,6.0,5.0,4.0,0.0,0.0,1.0,2.0,2.0,3.0,0.0,2.0,1.0,0.0,0.0,1.0,0.0,0.0,0.0,0.0,0.0,0.0,1.0,1.0,0.0,0.0,0.0,1.0,0.0,1.0,0.0,0.0,0.0,0.0,1.0,0.0,2.0,0.0,0.0,0.0,0.0,0.0,0.0,0.0,0.0,0.0,0.0,1.0,0.0,0.0,0.0,0.0,0.0,0.0,0.0,1.0,0.0,0.0,0.0,0.0,0.0,0.0,0.0,0.0,0.0,0.0,0.0,0.0,0.0,0.0,0.0,2.0,0.0,0.0,0.0,0.0,0.0,0.0,0.0,0.0,0.0,0.0,0.0,0.0,0.0,0.0,0.0,2.0,0.0,0.0,0.0,0.0,0.0,0.0,0.0,0.0,0.0,0.0,0.0,0.0,0.0,0.0,0.0,0.0,0.0,0.0,0.0,0.0,0.0,0.0,1.0,0.0,0.0,1.0,0.0,0.0,0.0,0.0,2.0,0.0,0.0,0.0,0.0,0.0,0.0,0.0,0.0,0.0,1.0,0.0,0.0,0.0,0.0,0.0,0.0,0.0,0.0,0.0,0.0,0.0,0.0,0.0
33.0,5.0,4.0,4.0,2.0,2.0,2.0,2.0,0.0,8.0,10.0,1.0,0.0,2.0,3.0,6.0,5.0,4.0,0.0,0.0,1.0,2.0,0.0,3.0,0.0,2.0,1.0,0.0,0.0,1.0,0.0,0.0,0.0,0.0,0.0,0.0,1.0,1.0,0.0,0.0,0.0,1.0,0.0,1.0,0.0,0.0,0.0,0.0,1.0,0.0,2.0,0.0,0.0,0.0,0.0,0.0,0.0,0.0,0.0,0.0,0.0,1.0,0.0,0.0,0.0,0.0,0.0,0.0,0.0,0.0,0.0,0.0,0.0,0.0,0.0,0.0,0.0,0.0,0.0,0.0,0.0,0.0,0.0,0.0,0.0,2.0,0.0,0.0,0.0,0.0,0.0,0.0,0.0,0.0,0.0,0.0,0.0,0.0,0.0,0.0,0.0,2.0,0.0,0.0,0.0,0.0,1.0,0.0,0.0,0.0,0.0,0.0,0.0,0.0,0.0,0.0,0.0,0.0,0.0,0.0,0.0,0.0,0.0,0.0,0.0,0.0,0.0,0.0,0.0,0.0,0.0,0.0,0.0,0.0,0.0,0.0,0.0,0.0,0.0,0.0,0.0,0.0,0.0,0.0,0.0,0.0,0.0,0.0,0.0,0.0,0.0,0.0,0.0,0.0,0.0,0.0
27.0,3.0,4.0,3.0,2.0,2.0,2.0,2.0,0.0,8.0,10.0,1.0,0.0,2.0,3.0,6.0,5.0,4.0,0.0,0.0,1.0,2.0,0.0,3.0,0.0,2.0,1.0,0.0,0.0,1.0,0.0,0.0,0.0,0.0,0.0,0.0,1.0,1.0,0.0,0.0,0.0,1.0,0.0,1.0,0.0,0.0,0.0,0.0,1.0,0.0,2.0,0.0,0.0,0.0,0.0,0.0,0.0,0.0,0.0,0.0,0.0,1.0,0.0,0.0,0.0,0.0,0.0,0.0,0.0,0.0,0.0,0.0,0.0,0.0,0.0,0.0,0.0,0.0,0.0,0.0,0.0,0.0,0.0,0.0,0.0,2.0,0.0,0.0,0.0,0.0,0.0,0.0,0.0,0.0,0.0,0.0,0.0,0.0,0.0,0.0,0.0,2.0,0.0,0.0,0.0,0.0,0.0,0.0,0.0,0.0,0.0,0.0,0.0,0.0,0.0,0.0,0.0,0.0,0.0,0.0,0.0,0.0,0.0,0.0,0.0,0.0,0.0,0.0,0.0,0.0,0.0,0.0,0.0,0.0,0.0,0.0,0.0,0.0,0.0,0.0,0.0,0.0,0.0,0.0,0.0,0.0,0.0,0.0,0.0,0.0,0.0,0.0,0.0,0.0,0.0,0.0
69.0,8.0,16.0,11.0,6.0,8.0,4.0,6.0,18.0,4.0,9.0,2.0,4.0,2.0,6.0,6.0,8.0,3.0,0.0,0.0,6.0,0.0,4.0,4.0,14.0,0.0,4.0,2.0,0.0,2.0,0.0,8.0,0.0,8.0,0.0,8.0,2.0,2.0,0.0,1.0,4.0,0.0,0.0,2.0,0.0,0.0,0.0,0.0,1.0,8.0,2.0,0.0,6.0,0.0,0.0,0.0,0.0,2.0,0.0,10.0,10.0,1.0,0.0,8.0,0.0,0.0,0.0,0.0,0.0,2.0,0.0,0.0,8.0,0.0,0.0,0.0,6.0,0.0,0.0,0.0,0.0,0.0,0.0,0.0,7.0,1.0,6.0,0.0,0.0,0.0,0.0,1.0,4.0,0.0,8.0,2.0,0.0,4.0,8.0,0.0,0.0,2.0,0.0,0.0,0.0,0.0,0.0,4.0,0.0,0.0,8.0,2.0,2.0,0.0,2.0,0.0,0.0,0.0,0.0,0.0,0.0,0.0,0.0,0.0,2.0,0.0,0.0,2.0,0.0,0.0,0.0,0.0,2.0,0.0,0.0,0.0,0.0,8.0,0.0,2.0,0.0,0.0,2.0,0.0,0.0,0.0,0.0,4.0,6.0,0.0,4.0,0.0,0.0,0.0,0.0,0.0
55.0,4.0,13.0,7.0,4.0,9.0,0.0,6.0,9.0,2.0,3.0,0.0,0.0,4.0,2.0,3.0,4.0,1.0,1.0,0.0,2.0,0.0,0.0,2.0,8.0,0.0,2.0,0.0,0.0,2.0,0.0,2.0,3.0,4.0,0.0,2.0,4.0,1.0,0.0,1.0,2.0,0.0,2.0,2.0,0.0,2.0,0.0,0.0,1.0,0.0,2.0,1.0,0.0,2.0,6.0,2.0,0.0,0.0,2.0,6.0,0.0,1.0,0.0,2.0,0.0,4.0,0.0,0.0,0.0,0.0,2.0,0.0,0.0,0.0,2.0,1.0,0.0,0.0,0.0,2.0,1.0,0.0,0.0,1.0,0.0,1.0,0.0,2.0,0.0,0.0,0.0,1.0,0.0,0.0,0.0,0.0,0.0,0.0,0.0,0.0,1.0,2.0,1.0,0.0,2.0,0.0,0.0,0.0,2.0,0.0,1.0,2.0,2.0,1.0,2.0,0.0,0.0,0.0,1.0,1.0,1.0,0.0,1.0,0.0,0.0,0.0,0.0,0.0,0.0,0.0,2.0,1.0,0.0,0.0,0.0,0.0,0.0,0.0,2.0,0.0,2.0,0.0,0.0,0.0,0.0,0.0,0.0,0.0,0.0,0.0,0.0,0.0,0.0,0.0,0.0,0.0
51.0,4.0,8.0,7.0,4.0,9.0,0.0,4.0,0.0,3.0,5.0,0.0,0.0,4.0,4.0,4.0,6.0,1.0,1.0,0.0,4.0,0.0,0.0,2.0,0.0,0.0,2.0,0.0,0.0,4.0,0.0,0.0,3.0,0.0,0.0,0.0,6.0,2.0,0.0,0.0,4.0,0.0,2.0,2.0,0.0,2.0,0.0,0.0,1.0,0.0,2.0,0.0,0.0,2.0,6.0,2.0,0.0,0.0,2.0,0.0,0.0,1.0,0.0,0.0,0.0,4.0,0.0,0.0,0.0,0.0,3.0,0.0,0.0,0.0,3.0,2.0,0.0,0.0,0.0,4.0,1.0,0.0,0.0,1.0,0.0,1.0,0.0,2.0,0.0,0.0,0.0,1.0,0.0,0.0,0.0,0.0,0.0,0.0,0.0,0.0,2.0,2.0,2.0,0.0,2.0,0.0,0.0,0.0,2.0,0.0,0.0,2.0,2.0,1.0,2.0,0.0,0.0,0.0,1.0,1.0,2.0,0.0,2.0,0.0,0.0,0.0,0.0,0.0,0.0,0.0,0.0,1.0,0.0,0.0,0.0,0.0,0.0,0.0,2.0,0.0,2.0,0.0,0.0,0.0,0.0,0.0,0.0,0.0,0.0,0.0,0.0,0.0,0.0,0.0,0.0,0.0
58.0,6.0,9.0,8.0,4.0,7.0,4.0,6.0,3.0,2.0,3.0,2.0,4.0,4.0,2.0,3.0,4.0,1.0,1.0,0.0,2.0,0.0,4.0,2.0,2.0,0.0,2.0,2.0,0.0,2.0,0.0,2.0,3.0,0.0,0.0,2.0,4.0,1.0,0.0,0.0,2.0,0.0,0.0,2.0,0.0,0.0,0.0,0.0,1.0,0.0,2.0,1.0,1.0,2.0,6.0,0.0,0.0,2.0,0.0,0.0,0.0,1.0,0.0,2.0,0.0,4.0,0.0,0.0,0.0,2.0,0.0,0.0,0.0,0.0,0.0,0.0,0.0,0.0,0.0,2.0,1.0,0.0,0.0,0.0,0.0,1.0,1.0,2.0,0.0,0.0,0.0,1.0,0.0,0.0,0.0,2.0,0.0,0.0,0.0,0.0,0.0,2.0,0.0,0.0,0.0,0.0,0.0,0.0,0.0,0.0,1.0,2.0,2.0,1.0,2.0,0.0,0.0,2.0,0.0,0.0,0.0,0.0,0.0,0.0,0.0,0.0,0.0,0.0,0.0,0.0,2.0,0.0,0.0,0.0,0.0,0.0,0.0,0.0,2.0,0.0,2.0,0.0,0.0,0.0,0.0,0.0,0.0,0.0,0.0,0.0,0.0,0.0,0.0,0.0,0.0,0.0
52.0,5.0,9.0,7.0,4.0,7.0,2.0,6.0,3.0,2.0,3.0,1.0,2.0,4.0,2.0,3.0,4.0,1.0,1.0,0.0,2.0,0.0,2.0,2.0,2.0,0.0,2.0,2.0,0.0,2.0,0.0,2.0,3.0,0.0,0.0,2.0,4.0,1.0,0.0,0.0,2.0,0.0,0.0,2.0,0.0,0.0,0.0,0.0,1.0,0.0,2.0,1.0,1.0,2.0,6.0,0.0,0.0,2.0,0.0,0.0,0.0,1.0,0.0,2.0,0.0,4.0,0.0,0.0,0.0,1.0,0.0,0.0,0.0,0.0,0.0,0.0,0.0,0.0,0.0,2.0,1.0,0.0,0.0,0.0,0.0,1.0,1.0,2.0,0.0,0.0,0.0,1.0,0.0,0.0,0.0,2.0,0.0,0.0,0.0,0.0,0.0,2.0,0.0,0.0,0.0,0.0,0.0,0.0,0.0,0.0,1.0,2.0,2.0,1.0,2.0,0.0,0.0,2.0,0.0,0.0,0.0,0.0,0.0,0.0,0.0,0.0,0.0,0.0,0.0,0.0,2.0,0.0,0.0,0.0,0.0,0.0,0.0,0.0,2.0,0.0,2.0,0.0,0.0,0.0,0.0,0.0,0.0,0.0,0.0,0.0,0.0,0.0,0.0,0.0,0.0,0.0
52.0,4.0,9.0,7.0,4.0,7.0,0.0,6.0,3.0,2.0,3.0,0.0,0.0,4.0,2.0,3.0,4.0,1.0,1.0,0.0,2.0,0.0,0.0,2.0,2.0,0.0,2.0,0.0,0.0,2.0,0.0,2.0,3.0,0.0,0.0,2.0,4.0,1.0,0.0,0.0,2.0,0.0,0.0,2.0,0.0,0.0,0.0,0.0,1.0,0.0,2.0,1.0,0.0,2.0,6.0,0.0,0.0,0.0,0.0,0.0,0.0,1.0,0.0,2.0,0.0,4.0,0.0,0.0,0.0,0.0,0.0,0.0,0.0,0.0,0.0,0.0,0.0,0.0,0.0,2.0,1.0,0.0,0.0,0.0,0.0,1.0,0.0,2.0,0.0,0.0,0.0,1.0,0.0,0.0,0.0,0.0,0.0,0.0,0.0,0.0,0.0,2.0,0.0,0.0,0.0,0.0,1.0,0.0,0.0,0.0,1.0,2.0,2.0,1.0,2.0,0.0,0.0,0.0,0.0,0.0,0.0,0.0,0.0,0.0,0.0,0.0,0.0,0.0,0.0,0.0,2.0,0.0,0.0,0.0,0.0,0.0,0.0,0.0,2.0,0.0,2.0,0.0,0.0,0.0,0.0,0.0,0.0,0.0,0.0,0.0,0.0,0.0,0.0,0.0,0.0,0.0
49.0,7.0,23.0,5.0,5.0,4.0,4.0,6.0,32.0,2.0,5.0,2.0,4.0,1.0,4.0,4.0,6.0,1.0,0.0,0.0,4.0,0.0,4.0,2.0,8.0,0.0,2.0,2.0,0.0,0.0,0.0,11.0,0.0,10.0,0.0,36.0,0.0,2.0,0.0,1.0,4.0,0.0,0.0,0.0,0.0,0.0,0.0,0.0,1.0,8.0,2.0,35.0,6.0,1.0,0.0,0.0,0.0,2.0,0.0,6.0,10.0,1.0,0.0,13.0,0.0,1.0,0.0,34.0,0.0,2.0,0.0,0.0,8.0,0.0,0.0,0.0,10.0,0.0,0.0,0.0,0.0,0.0,0.0,0.0,13.0,0.0,6.0,0.0,0.0,0.0,0.0,1.0,4.0,0.0,8.0,2.0,0.0,4.0,26.0,10.0,0.0,0.0,0.0,0.0,0.0,0.0,0.0,7.0,0.0,0.0,9.0,0.0,0.0,0.0,0.0,16.0,0.0,0.0,0.0,0.0,0.0,0.0,0.0,0.0,2.0,0.0,0.0,2.0,0.0,0.0,1.0,0.0,1.0,0.0,0.0,0.0,0.0,14.0,0.0,2.0,0.0,0.0,2.0,0.0,0.0,0.0,0.0,0.0,0.0,0.0,2.0,0.0,0.0,0.0,0.0,0.0
43.0,7.0,16.0,5.0,5.0,4.0,4.0,6.0,22.0,2.0,5.0,2.0,4.0,1.0,4.0,4.0,6.0,1.0,0.0,0.0,4.0,0.0,4.0,2.0,8.0,0.0,2.0,2.0,0.0,0.0,0.0,11.0,0.0,8.0,0.0,22.0,0.0,2.0,0.0,1.0,4.0,0.0,0.0,0.0,0.0,0.0,0.0,0.0,1.0,8.0,2.0,17.0,6.0,1.0,0.0,0.0,0.0,2.0,0.0,6.0,10.0,1.0,0.0,13.0,0.0,1.0,0.0,13.0,0.0,2.0,0.0,0.0,8.0,0.0,0.0,0.0,10.0,0.0,0.0,0.0,0.0,0.0,0.0,0.0,13.0,0.0,6.0,0.0,0.0,0.0,0.0,1.0,4.0,0.0,8.0,2.0,0.0,4.0,18.0,12.0,0.0,0.0,0.0,0.0,0.0,0.0,0.0,7.0,0.0,0.0,9.0,0.0,0.0,0.0,0.0,16.0,0.0,0.0,0.0,0.0,0.0,0.0,0.0,0.0,2.0,0.0,0.0,2.0,0.0,0.0,1.0,0.0,1.0,0.0,0.0,0.0,0.0,14.0,0.0,2.0,0.0,0.0,2.0,0.0,0.0,0.0,0.0,0.0,0.0,0.0,2.0,0.0,0.0,0.0,0.0,0.0
28.0,5.0,17.0,2.0,4.0,0.0,2.0,4.0,24.0,2.0,5.0,1.0,2.0,0.0,4.0,4.0,6.0,1.0,0.0,0.0,4.0,0.0,2.0,2.0,0.0,0.0,2.0,0.0,0.0,0.0,0.0,8.0,0.0,6.0,0.0,30.0,0.0,2.0,0.0,0.0,4.0,0.0,0.0,0.0,0.0,0.0,0.0,0.0,1.0,8.0,2.0,34.0,0.0,0.0,0.0,0.0,0.0,0.0,0.0,0.0,10.0,1.0,0.0,12.0,0.0,0.0,0.0,34.0,0.0,1.0,0.0,0.0,8.0,0.0,0.0,0.0,10.0,0.0,0.0,0.0,0.0,0.0,0.0,0.0,13.0,0.0,0.0,0.0,0.0,0.0,0.0,1.0,4.0,0.0,8.0,0.0,0.0,4.0,20.0,10.0,0.0,0.0,0.0,0.0,0.0,0.0,0.0,4.0,0.0,0.0,0.0,0.0,0.0,0.0,0.0,16.0,0.0,0.0,0.0,0.0,0.0,0.0,0.0,0.0,2.0,0.0,0.0,2.0,0.0,0.0,0.0,0.0,1.0,0.0,0.0,0.0,0.0,12.0,0.0,2.0,0.0,0.0,2.0,0.0,0.0,0.0,0.0,0.0,0.0,0.0,0.0,0.0,0.0,0.0,0.0,0.0
53.0,9.0,8.0,7.0,5.0,6.0,8.0,6.0,1.0,8.0,7.0,4.0,6.0,6.0,4.0,4.0,6.0,3.0,0.0,0.0,4.0,2.0,6.0,2.0,2.0,2.0,2.0,0.0,0.0,4.0,0.0,0.0,0.0,0.0,0.0,0.0,6.0,2.0,0.0,1.0,4.0,0.0,2.0,2.0,0.0,2.0,0.0,0.0,1.0,0.0,2.0,0.0,0.0,2.0,0.0,4.0,0.0,0.0,4.0,0.0,0.0,1.0,0.0,0.0,0.0,4.0,2.0,0.0,0.0,2.0,3.0,0.0,0.0,0.0,3.0,2.0,0.0,2.0,0.0,4.0,1.0,0.0,0.0,1.0,0.0,0.0,0.0,2.0,3.0,3.0,2.0,1.0,0.0,0.0,0.0,0.0,0.0,0.0,0.0,0.0,2.0,0.0,2.0,0.0,2.0,0.0,0.0,0.0,2.0,0.0,0.0,0.0,0.0,1.0,0.0,0.0,0.0,0.0,1.0,1.0,2.0,2.0,2.0,3.0,2.0,0.0,0.0,2.0,0.0,0.0,2.0,1.0,3.0,0.0,0.0,0.0,0.0,0.0,0.0,0.0,0.0,0.0,0.0,0.0,0.0,0.0,0.0,0.0,0.0,0.0,0.0,0.0,0.0,0.0,0.0,0.0
38.0,7.0,10.0,4.0,5.0,6.0,4.0,6.0,2.0,8.0,7.0,2.0,2.0,6.0,6.0,4.0,6.0,1.0,0.0,0.0,4.0,2.0,2.0,2.0,2.0,2.0,2.0,0.0,0.0,4.0,0.0,0.0,0.0,0.0,0.0,0.0,6.0,2.0,0.0,1.0,4.0,0.0,2.0,2.0,0.0,2.0,0.0,0.0,1.0,2.0,2.0,0.0,0.0,2.0,0.0,4.0,0.0,0.0,4.0,0.0,0.0,1.0,0.0,0.0,0.0,4.0,2.0,0.0,0.0,0.0,3.0,0.0,0.0,0.0,3.0,2.0,0.0,2.0,0.0,4.0,1.0,0.0,0.0,1.0,0.0,0.0,0.0,2.0,3.0,3.0,2.0,1.0,0.0,0.0,0.0,0.0,0.0,0.0,0.0,0.0,2.0,0.0,2.0,0.0,2.0,0.0,0.0,0.0,2.0,0.0,0.0,0.0,0.0,1.0,0.0,0.0,0.0,0.0,1.0,1.0,2.0,2.0,2.0,3.0,2.0,0.0,0.0,2.0,0.0,0.0,2.0,1.0,1.0,0.0,0.0,0.0,0.0,0.0,0.0,0.0,0.0,0.0,0.0,0.0,0.0,0.0,0.0,0.0,0.0,0.0,0.0,0.0,0.0,0.0,0.0,0.0
39.0,6.0,15.0,4.0,5.0,4.0,0.0,6.0,13.0,2.0,5.0,0.0,0.0,2.0,4.0,4.0,4.0,1.0,1.0,1.0,4.0,0.0,0.0,2.0,6.0,0.0,2.0,0.0,0.0,0.0,0.0,8.0,3.0,2.0,0.0,5.0,0.0,0.0,3.0,1.0,4.0,0.0,0.0,0.0,0.0,2.0,0.0,0.0,1.0,6.0,1.0,4.0,0.0,0.0,4.0,2.0,0.0,0.0,0.0,2.0,5.0,0.0,3.0,0.0,4.0,0.0,0.0,3.0,0.0,0.0,0.0,0.0,8.0,0.0,0.0,0.0,0.0,0.0,0.0,0.0,0.0,0.0,0.0,0.0,0.0,0.0,0.0,0.0,0.0,0.0,0.0,1.0,3.0,0.0,4.0,0.0,0.0,0.0,0.0,0.0,0.0,0.0,0.0,0.0,0.0,0.0,0.0,4.0,0.0,0.0,0.0,0.0,0.0,0.0,0.0,0.0,0.0,0.0,0.0,0.0,0.0,0.0,0.0,0.0,0.0,0.0,0.0,0.0,0.0,0.0,2.0,0.0,0.0,0.0,0.0,0.0,0.0,0.0,0.0,0.0,0.0,0.0,0.0,0.0,0.0,0.0,2.0,4.0,4.0,0.0,4.0,0.0,0.0,0.0,0.0,0.0
41.0,5.0,17.0,4.0,4.0,4.0,0.0,4.0,18.0,2.0,5.0,0.0,0.0,0.0,4.0,4.0,4.0,1.0,1.0,1.0,4.0,0.0,0.0,2.0,10.0,0.0,2.0,0.0,0.0,0.0,0.0,8.0,3.0,6.0,0.0,5.0,0.0,0.0,3.0,1.0,4.0,0.0,0.0,0.0,0.0,2.0,0.0,0.0,1.0,6.0,1.0,4.0,0.0,0.0,4.0,0.0,0.0,0.0,0.0,8.0,5.0,0.0,3.0,0.0,4.0,0.0,0.0,3.0,0.0,0.0,0.0,0.0,8.0,0.0,0.0,0.0,0.0,0.0,0.0,0.0,0.0,0.0,0.0,0.0,0.0,0.0,0.0,0.0,0.0,0.0,0.0,1.0,3.0,0.0,4.0,0.0,0.0,0.0,0.0,0.0,0.0,0.0,0.0,0.0,0.0,0.0,0.0,4.0,0.0,0.0,0.0,0.0,0.0,0.0,0.0,0.0,0.0,0.0,0.0,0.0,0.0,0.0,0.0,0.0,0.0,0.0,0.0,0.0,0.0,0.0,0.0,0.0,0.0,0.0,0.0,0.0,0.0,0.0,0.0,0.0,0.0,0.0,0.0,0.0,0.0,0.0,2.0,4.0,4.0,0.0,4.0,0.0,0.0,0.0,0.0,0.0
32.0,5.0,13.0,3.0,4.0,2.0,0.0,4.0,12.0,2.0,5.0,0.0,0.0,0.0,4.0,4.0,4.0,1.0,1.0,1.0,4.0,0.0,0.0,2.0,4.0,0.0,2.0,0.0,0.0,0.0,0.0,8.0,3.0,2.0,0.0,5.0,0.0,0.0,3.0,0.0,4.0,0.0,0.0,0.0,0.0,1.0,0.0,0.0,1.0,6.0,1.0,4.0,0.0,0.0,4.0,0.0,0.0,0.0,0.0,2.0,5.0,0.0,3.0,0.0,4.0,0.0,0.0,3.0,0.0,0.0,0.0,0.0,8.0,0.0,0.0,0.0,0.0,0.0,0.0,0.0,0.0,0.0,0.0,0.0,0.0,0.0,0.0,0.0,0.0,0.0,0.0,1.0,3.0,0.0,4.0,0.0,0.0,0.0,0.0,0.0,0.0,0.0,0.0,0.0,0.0,0.0,0.0,4.0,0.0,0.0,0.0,0.0,0.0,0.0,0.0,0.0,0.0,0.0,0.0,0.0,0.0,0.0,0.0,0.0,0.0,0.0,0.0,0.0,0.0,0.0,0.0,0.0,0.0,0.0,0.0,0.0,0.0,0.0,0.0,0.0,0.0,0.0,0.0,0.0,0.0,0.0,2.0,4.0,4.0,0.0,4.0,0.0,0.0,0.0,0.0,0.0
26.0,5.0,7.0,3.0,5.0,5.0,0.0,5.0,1.0,4.0,8.0,0.0,0.0,4.0,6.0,5.0,10.0,3.0,0.0,0.0,4.0,0.0,0.0,2.0,0.0,0.0,2.0,0.0,0.0,3.0,0.0,1.0,0.0,0.0,0.0,0.0,5.0,5.0,0.0,0.0,6.0,0.0,1.0,1.0,0.0,0.0,0.0,0.0,1.0,1.0,4.0,0.0,0.0,1.0,0.0,0.0,0.0,0.0,2.0,0.0,1.0,5.0,0.0,0.0,0.0,2.0,1.0,0.0,0.0,0.0,1.0,0.0,1.0,0.0,1.0,1.0,0.0,0.0,0.0,2.0,1.0,0.0,0.0,1.0,0.0,0.0,0.0,2.0,1.0,1.0,1.0,0.0,1.0,3.0,0.0,0.0,0.0,0.0,0.0,0.0,0.0,0.0,0.0,2.0,0.0,2.0,0.0,0.0,0.0,2.0,0.0,0.0,0.0,0.0,0.0,0.0,0.0,0.0,0.0,0.0,0.0,0.0,0.0,0.0,0.0,0.0,2.0,0.0,0.0,4.0,0.0,0.0,0.0,1.0,2.0,4.0,0.0,0.0,0.0,0.0,0.0,0.0,0.0,2.0,0.0,2.0,0.0,0.0,0.0,2.0,0.0,1.0,1.0,2.0,0.0,3.0
26.0,5.0,7.0,3.0,5.0,5.0,0.0,5.0,1.0,4.0,8.0,0.0,0.0,4.0,6.0,5.0,10.0,3.0,0.0,0.0,4.0,0.0,0.0,2.0,0.0,0.0,2.0,0.0,0.0,3.0,0.0,1.0,0.0,0.0,0.0,0.0,5.0,5.0,0.0,0.0,6.0,0.0,1.0,1.0,0.0,0.0,0.0,0.0,1.0,1.0,4.0,0.0,0.0,1.0,0.0,0.0,0.0,0.0,2.0,0.0,1.0,5.0,0.0,0.0,0.0,2.0,1.0,0.0,0.0,0.0,1.0,0.0,1.0,0.0,1.0,1.0,0.0,0.0,0.0,2.0,1.0,0.0,0.0,1.0,0.0,0.0,0.0,2.0,1.0,1.0,1.0,0.0,1.0,3.0,0.0,0.0,0.0,0.0,0.0,0.0,0.0,0.0,0.0,2.0,0.0,2.0,0.0,0.0,0.0,2.0,0.0,0.0,0.0,0.0,0.0,0.0,0.0,0.0,0.0,0.0,0.0,0.0,0.0,0.0,0.0,0.0,2.0,0.0,0.0,4.0,0.0,0.0,0.0,1.0,2.0,4.0,0.0,0.0,0.0,0.0,0.0,0.0,0.0,2.0,0.0,2.0,0.0,0.0,0.0,2.0,0.0,1.0,1.0,2.0,0.0,3.0
65.0,7.0,19.0,8.0,7.0,14.0,0.0,8.0,11.0,6.0,11.0,0.0,0.0,8.0,5.0,7.0,9.0,2.0,0.0,0.0,5.0,0.0,0.0,1.0,10.0,0.0,1.0,0.0,0.0,5.0,0.0,0.0,0.0,2.0,0.0,8.0,9.0,2.0,0.0,1.0,4.0,0.0,2.0,1.0,0.0,4.0,0.0,0.0,2.0,0.0,4.0,4.0,0.0,2.0,0.0,4.0,0.0,0.0,4.0,2.0,0.0,2.0,0.0,0.0,0.0,4.0,2.0,1.0,0.0,0.0,5.0,0.0,0.0,0.0,5.0,3.0,0.0,2.0,0.0,4.0,2.0,0.0,0.0,1.0,0.0,2.0,0.0,4.0,5.0,5.0,3.0,0.0,0.0,0.0,0.0,0.0,0.0,0.0,6.0,0.0,3.0,1.0,3.0,0.0,2.0,0.0,3.0,0.0,2.0,0.0,10.0,1.0,1.0,0.0,1.0,0.0,0.0,0.0,1.0,1.0,2.0,3.0,2.0,5.0,0.0,0.0,0.0,0.0,0.0,0.0,2.0,2.0,0.0,0.0,0.0,0.0,0.0,0.0,1.0,0.0,1.0,0.0,0.0,0.0,0.0,0.0,0.0,0.0,0.0,0.0,0.0,0.0,0.0,0.0,0.0,0.0
16.0,6.0,2.0,2.0,1.0,0.0,5.0,0.0,1.0,0.0,0.0,2.0,2.0,0.0,0.0,0.0,0.0,0.0,0.0,0.0,0.0,3.0,1.0,0.0,0.0,3.0,0.0,0.0,1.0,0.0,0.0,0.0,0.0,0.0,0.0,0.0,0.0,0.0,0.0,0.0,0.0,0.0,0.0,0.0,2.0,0.0,0.0,0.0,0.0,0.0,0.0,0.0,0.0,0.0,0.0,0.0,0.0,0.0,0.0,0.0,0.0,0.0,0.0,0.0,0.0,0.0,0.0,0.0,1.0,0.0,0.0,2.0,0.0,1.0,0.0,0.0,0.0,0.0,0.0,0.0,0.0,1.0,0.0,0.0,0.0,0.0,0.0,0.0,0.0,0.0,0.0,0.0,0.0,0.0,0.0,0.0,1.0,0.0,0.0,0.0,0.0,0.0,0.0,0.0,0.0,0.0,1.0,0.0,0.0,0.0,0.0,0.0,0.0,0.0,0.0,0.0,0.0,0.0,0.0,0.0,0.0,0.0,0.0,0.0,0.0,0.0,0.0,0.0,0.0,0.0,0.0,0.0,0.0,0.0,0.0,0.0,0.0,0.0,0.0,0.0,0.0,0.0,0.0,0.0,0.0,0.0,0.0,0.0,0.0,0.0,0.0,0.0,0.0,0.0,0.0,0.0
21.0,9.0,4.0,2.0,1.0,0.0,11.0,0.0,0.0,0.0,0.0,5.0,2.0,0.0,0.0,0.0,0.0,0.0,0.0,0.0,0.0,8.0,1.0,0.0,0.0,8.0,0.0,0.0,1.0,0.0,0.0,0.0,0.0,0.0,0.0,0.0,0.0,0.0,0.0,0.0,0.0,3.0,0.0,0.0,1.0,0.0,0.0,0.0,0.0,0.0,0.0,0.0,0.0,0.0,0.0,0.0,0.0,0.0,0.0,0.0,0.0,0.0,0.0,0.0,0.0,0.0,0.0,0.0,4.0,0.0,0.0,8.0,0.0,1.0,0.0,0.0,0.0,0.0,6.0,0.0,0.0,0.0,0.0,0.0,0.0,0.0,0.0,0.0,0.0,0.0,0.0,0.0,0.0,0.0,0.0,0.0,0.0,0.0,0.0,0.0,0.0,0.0,0.0,0.0,0.0,0.0,1.0,0.0,0.0,0.0,0.0,0.0,0.0,0.0,0.0,0.0,0.0,0.0,0.0,0.0,0.0,0.0,0.0,0.0,0.0,0.0,0.0,0.0,0.0,0.0,0.0,0.0,0.0,0.0,0.0,0.0,0.0,0.0,0.0,0.0,0.0,0.0,0.0,0.0,0.0,0.0,0.0,0.0,0.0,0.0,0.0,0.0,0.0,0.0,0.0,0.0
19.0,8.0,3.0,2.0,1.0,0.0,9.0,0.0,0.0,0.0,0.0,4.0,2.0,0.0,0.0,0.0,0.0,0.0,0.0,0.0,0.0,6.0,1.0,0.0,0.0,6.0,0.0,0.0,1.0,0.0,0.0,0.0,0.0,0.0,0.0,0.0,0.0,0.0,0.0,0.0,0.0,2.0,0.0,0.0,1.0,0.0,0.0,0.0,0.0,0.0,0.0,0.0,0.0,0.0,0.0,0.0,0.0,0.0,0.0,0.0,0.0,0.0,0.0,0.0,0.0,0.0,0.0,0.0,3.0,0.0,0.0,6.0,0.0,1.0,0.0,0.0,0.0,0.0,4.0,0.0,0.0,0.0,0.0,0.0,0.0,0.0,0.0,0.0,0.0,0.0,0.0,0.0,0.0,0.0,0.0,0.0,0.0,0.0,0.0,0.0,0.0,0.0,0.0,0.0,0.0,0.0,1.0,0.0,0.0,0.0,0.0,0.0,0.0,0.0,0.0,0.0,0.0,0.0,0.0,0.0,0.0,0.0,0.0,0.0,0.0,0.0,0.0,0.0,0.0,0.0,0.0,0.0,0.0,0.0,0.0,0.0,0.0,0.0,0.0,0.0,0.0,0.0,0.0,0.0,0.0,0.0,0.0,0.0,0.0,0.0,0.0,0.0,0.0,0.0,0.0,0.0
13.0,5.0,0.0,2.0,1.0,0.0,3.0,0.0,0.0,0.0,0.0,1.0,2.0,0.0,0.0,0.0,0.0,0.0,0.0,0.0,0.0,0.0,1.0,0.0,0.0,0.0,0.0,0.0,1.0,0.0,0.0,0.0,0.0,0.0,0.0,0.0,0.0,0.0,0.0,0.0,0.0,0.0,0.0,0.0,0.0,0.0,0.0,0.0,0.0,0.0,0.0,0.0,0.0,0.0,0.0,0.0,0.0,0.0,0.0,0.0,0.0,0.0,0.0,0.0,0.0,0.0,0.0,0.0,0.0,0.0,0.0,0.0,0.0,0.0,0.0,0.0,0.0,0.0,0.0,0.0,0.0,0.0,0.0,0.0,0.0,0.0,0.0,0.0,0.0,0.0,0.0,0.0,0.0,0.0,0.0,0.0,0.0,0.0,0.0,0.0,0.0,0.0,0.0,0.0,0.0,0.0,1.0,0.0,0.0,0.0,0.0,0.0,0.0,0.0,0.0,0.0,0.0,0.0,0.0,0.0,0.0,0.0,0.0,0.0,0.0,0.0,0.0,0.0,0.0,0.0,0.0,0.0,0.0,0.0,0.0,0.0,0.0,0.0,0.0,0.0,0.0,0.0,0.0,0.0,0.0,0.0,0.0,0.0,0.0,0.0,0.0,0.0,0.0,0.0,0.0,0.0
17.0,7.0,2.0,2.0,1.0,0.0,7.0,0.0,0.0,0.0,0.0,3.0,2.0,0.0,0.0,0.0,0.0,0.0,0.0,0.0,0.0,4.0,1.0,0.0,0.0,4.0,0.0,0.0,1.0,0.0,0.0,0.0,0.0,0.0,0.0,0.0,0.0,0.0,0.0,0.0,0.0,1.0,0.0,0.0,1.0,0.0,0.0,0.0,0.0,0.0,0.0,0.0,0.0,0.0,0.0,0.0,0.0,0.0,0.0,0.0,0.0,0.0,0.0,0.0,0.0,0.0,0.0,0.0,2.0,0.0,0.0,4.0,0.0,1.0,0.0,0.0,0.0,0.0,2.0,0.0,0.0,0.0,0.0,0.0,0.0,0.0,0.0,0.0,0.0,0.0,0.0,0.0,0.0,0.0,0.0,0.0,0.0,0.0,0.0,0.0,0.0,0.0,0.0,0.0,0.0,0.0,1.0,0.0,0.0,0.0,0.0,0.0,0.0,0.0,0.0,0.0,0.0,0.0,0.0,0.0,0.0,0.0,0.0,0.0,0.0,0.0,0.0,0.0,0.0,0.0,0.0,0.0,0.0,0.0,0.0,0.0,0.0,0.0,0.0,0.0,0.0,0.0,0.0,0.0,0.0,0.0,0.0,0.0,0.0,0.0,0.0,0.0,0.0,0.0,0.0,0.0
31.0,5.0,8.0,4.0,5.0,6.0,0.0,7.0,5.0,4.0,7.0,0.0,0.0,5.0,2.0,3.0,2.0,3.0,0.0,0.0,2.0,0.0,0.0,2.0,4.0,0.0,1.0,0.0,0.0,2.0,0.0,4.0,0.0,1.0,0.0,4.0,2.0,0.0,0.0,0.0,0.0,0.0,1.0,1.0,0.0,2.0,0.0,0.0,0.0,0.0,0.0,1.0,0.0,1.0,0.0,4.0,0.0,0.0,2.0,1.0,0.0,0.0,0.0,2.0,0.0,2.0,1.0,0.0,0.0,0.0,1.0,0.0,0.0,0.0,1.0,1.0,0.0,2.0,0.0,0.0,0.0,0.0,0.0,0.0,0.0,1.0,0.0,0.0,1.0,1.0,1.0,0.0,0.0,0.0,0.0,0.0,0.0,0.0,2.0,0.0,2.0,0.0,2.0,0.0,1.0,0.0,1.0,2.0,1.0,0.0,5.0,0.0,0.0,0.0,0.0,0.0,0.0,0.0,1.0,1.0,0.0,2.0,0.0,2.0,0.0,0.0,0.0,0.0,0.0,0.0,2.0,0.0,0.0,0.0,0.0,0.0,0.0,2.0,0.0,0.0,0.0,0.0,0.0,0.0,0.0,0.0,0.0,0.0,0.0,0.0,2.0,0.0,0.0,0.0,0.0,0.0
31.0,5.0,8.0,4.0,5.0,6.0,0.0,7.0,5.0,4.0,7.0,0.0,0.0,5.0,2.0,3.0,2.0,3.0,0.0,0.0,2.0,0.0,0.0,2.0,4.0,0.0,1.0,0.0,0.0,2.0,0.0,4.0,0.0,1.0,0.0,4.0,2.0,0.0,0.0,0.0,0.0,0.0,2.0,1.0,0.0,1.0,0.0,0.0,0.0,0.0,0.0,1.0,0.0,1.0,0.0,2.0,0.0,0.0,4.0,1.0,0.0,0.0,0.0,2.0,0.0,2.0,2.0,0.0,0.0,0.0,2.0,0.0,0.0,0.0,2.0,2.0,0.0,1.0,0.0,0.0,0.0,0.0,0.0,1.0,0.0,1.0,0.0,0.0,2.0,2.0,2.0,0.0,0.0,0.0,0.0,0.0,0.0,0.0,2.0,0.0,1.0,0.0,1.0,0.0,1.0,0.0,1.0,2.0,1.0,0.0,5.0,0.0,0.0,0.0,0.0,0.0,0.0,0.0,0.0,0.0,0.0,1.0,0.0,1.0,0.0,0.0,0.0,0.0,0.0,0.0,2.0,0.0,0.0,0.0,0.0,0.0,0.0,2.0,0.0,0.0,0.0,0.0,0.0,0.0,0.0,0.0,0.0,0.0,0.0,0.0,2.0,0.0,0.0,0.0,0.0,0.0
31.0,5.0,7.0,4.0,4.0,6.0,1.0,4.0,1.0,4.0,7.0,0.0,0.0,4.0,5.0,4.0,9.0,3.0,0.0,0.0,3.0,1.0,0.0,1.0,0.0,0.0,1.0,0.0,0.0,3.0,0.0,0.0,0.0,0.0,0.0,0.0,5.0,5.0,0.0,0.0,6.0,0.0,1.0,1.0,0.0,0.0,0.0,0.0,1.0,0.0,4.0,0.0,0.0,1.0,0.0,0.0,0.0,0.0,2.0,0.0,0.0,5.0,0.0,0.0,0.0,2.0,1.0,0.0,0.0,0.0,1.0,0.0,0.0,0.0,1.0,1.0,0.0,0.0,0.0,2.0,1.0,1.0,0.0,1.0,0.0,2.0,0.0,2.0,1.0,1.0,1.0,0.0,0.0,2.0,0.0,0.0,0.0,0.0,0.0,0.0,0.0,1.0,0.0,0.0,0.0,0.0,0.0,0.0,0.0,2.0,0.0,1.0,1.0,0.0,1.0,0.0,0.0,0.0,0.0,0.0,0.0,0.0,0.0,0.0,0.0,0.0,0.0,0.0,0.0,4.0,0.0,0.0,0.0,0.0,2.0,4.0,0.0,0.0,1.0,0.0,1.0,0.0,0.0,2.0,0.0,2.0,0.0,0.0,0.0,0.0,0.0,1.0,0.0,0.0,0.0,3.0
31.0,5.0,7.0,4.0,4.0,6.0,1.0,4.0,1.0,4.0,7.0,0.0,0.0,4.0,5.0,4.0,9.0,3.0,0.0,0.0,3.0,1.0,0.0,1.0,0.0,0.0,1.0,0.0,0.0,3.0,0.0,0.0,0.0,0.0,0.0,0.0,5.0,5.0,0.0,0.0,6.0,0.0,1.0,1.0,0.0,0.0,0.0,0.0,1.0,0.0,4.0,0.0,0.0,1.0,0.0,0.0,0.0,0.0,2.0,0.0,0.0,5.0,0.0,0.0,0.0,2.0,1.0,0.0,0.0,0.0,1.0,0.0,0.0,0.0,1.0,1.0,0.0,0.0,0.0,2.0,1.0,1.0,0.0,1.0,0.0,2.0,0.0,2.0,1.0,1.0,1.0,0.0,0.0,2.0,0.0,0.0,0.0,0.0,0.0,0.0,0.0,1.0,0.0,0.0,0.0,0.0,0.0,0.0,0.0,2.0,0.0,1.0,1.0,0.0,1.0,0.0,0.0,0.0,0.0,0.0,0.0,0.0,0.0,0.0,0.0,0.0,0.0,0.0,0.0,4.0,0.0,0.0,0.0,0.0,2.0,4.0,0.0,0.0,1.0,0.0,1.0,0.0,0.0,2.0,0.0,2.0,0.0,0.0,0.0,0.0,0.0,1.0,0.0,0.0,0.0,3.0
64.0,4.0,9.0,9.0,2.0,7.0,4.0,2.0,6.0,3.0,3.0,2.0,4.0,2.0,1.0,1.0,1.0,2.0,1.0,0.0,1.0,0.0,4.0,1.0,6.0,0.0,1.0,4.0,0.0,1.0,0.0,0.0,3.0,4.0,0.0,0.0,1.0,0.0,0.0,1.0,0.0,0.0,0.0,1.0,0.0,0.0,0.0,0.0,0.0,0.0,0.0,0.0,6.0,0.0,6.0,0.0,0.0,4.0,0.0,6.0,0.0,0.0,0.0,0.0,0.0,0.0,0.0,0.0,0.0,2.0,0.0,0.0,0.0,0.0,0.0,0.0,0.0,0.0,0.0,0.0,0.0,0.0,0.0,0.0,0.0,2.0,6.0,0.0,0.0,0.0,0.0,0.0,0.0,0.0,0.0,4.0,0.0,0.0,0.0,0.0,0.0,1.0,0.0,0.0,0.0,0.0,0.0,0.0,0.0,0.0,0.0,1.0,1.0,0.0,1.0,0.0,0.0,2.0,0.0,0.0,0.0,0.0,0.0,0.0,0.0,0.0,0.0,0.0,0.0,0.0,0.0,0.0,0.0,0.0,0.0,0.0,0.0,0.0,1.0,0.0,1.0,0.0,0.0,0.0,0.0,0.0,0.0,0.0,0.0,0.0,0.0,0.0,0.0,0.0,0.0,0.0
55.0,4.0,5.0,8.0,2.0,5.0,4.0,2.0,0.0,3.0,3.0,2.0,4.0,2.0,1.0,1.0,1.0,2.0,1.0,0.0,1.0,0.0,4.0,1.0,0.0,0.0,1.0,2.0,0.0,1.0,0.0,0.0,3.0,0.0,0.0,0.0,1.0,0.0,0.0,0.0,0.0,0.0,0.0,1.0,0.0,0.0,0.0,0.0,0.0,0.0,0.0,0.0,0.0,0.0,6.0,0.0,0.0,2.0,0.0,0.0,0.0,0.0,0.0,0.0,0.0,0.0,0.0,0.0,0.0,2.0,0.0,0.0,0.0,0.0,0.0,0.0,0.0,0.0,0.0,0.0,0.0,0.0,0.0,0.0,0.0,2.0,0.0,0.0,0.0,0.0,0.0,0.0,0.0,0.0,0.0,2.0,0.0,0.0,0.0,0.0,0.0,1.0,0.0,0.0,0.0,0.0,0.0,0.0,0.0,0.0,0.0,1.0,1.0,0.0,1.0,0.0,0.0,2.0,0.0,0.0,0.0,0.0,0.0,0.0,0.0,0.0,0.0,0.0,0.0,0.0,0.0,0.0,0.0,0.0,0.0,0.0,0.0,0.0,1.0,0.0,1.0,0.0,0.0,0.0,0.0,0.0,0.0,0.0,0.0,0.0,0.0,0.0,0.0,0.0,0.0,0.0
32.0,5.0,8.0,4.0,5.0,6.0,0.0,5.0,2.0,4.0,8.0,0.0,0.0,4.0,6.0,5.0,10.0,3.0,0.0,0.0,4.0,0.0,0.0,2.0,2.0,0.0,2.0,0.0,0.0,3.0,0.0,1.0,0.0,0.0,0.0,0.0,5.0,5.0,0.0,1.0,6.0,0.0,1.0,1.0,0.0,0.0,0.0,0.0,1.0,1.0,4.0,0.0,0.0,1.0,0.0,0.0,0.0,0.0,2.0,0.0,1.0,5.0,0.0,0.0,0.0,2.0,1.0,0.0,0.0,0.0,1.0,0.0,1.0,0.0,1.0,1.0,0.0,0.0,0.0,2.0,1.0,0.0,0.0,1.0,0.0,2.0,0.0,2.0,1.0,1.0,1.0,0.0,1.0,2.0,0.0,0.0,0.0,0.0,0.0,0.0,0.0,1.0,0.0,2.0,0.0,2.0,0.0,0.0,0.0,2.0,0.0,1.0,1.0,0.0,1.0,0.0,0.0,0.0,0.0,0.0,0.0,0.0,0.0,0.0,0.0,0.0,2.0,0.0,0.0,4.0,0.0,0.0,0.0,1.0,2.0,4.0,0.0,0.0,1.0,0.0,1.0,0.0,0.0,2.0,0.0,2.0,0.0,0.0,0.0,2.0,0.0,1.0,1.0,2.0,0.0,3.0
32.0,5.0,8.0,4.0,5.0,6.0,0.0,5.0,2.0,4.0,8.0,0.0,0.0,4.0,6.0,5.0,10.0,3.0,0.0,0.0,4.0,0.0,0.0,2.0,2.0,0.0,2.0,0.0,0.0,3.0,0.0,1.0,0.0,0.0,0.0,0.0,5.0,5.0,0.0,1.0,6.0,0.0,1.0,1.0,0.0,0.0,0.0,0.0,1.0,1.0,4.0,0.0,0.0,1.0,0.0,0.0,0.0,0.0,2.0,0.0,1.0,5.0,0.0,0.0,0.0,2.0,1.0,0.0,0.0,0.0,1.0,0.0,1.0,0.0,1.0,1.0,0.0,0.0,0.0,2.0,1.0,0.0,0.0,1.0,0.0,2.0,0.0,2.0,1.0,1.0,1.0,0.0,1.0,2.0,0.0,0.0,0.0,0.0,0.0,0.0,0.0,1.0,0.0,2.0,0.0,2.0,0.0,0.0,0.0,2.0,0.0,1.0,1.0,0.0,1.0,0.0,0.0,0.0,0.0,0.0,0.0,0.0,0.0,0.0,0.0,0.0,2.0,0.0,0.0,4.0,0.0,0.0,0.0,1.0,2.0,4.0,0.0,0.0,1.0,0.0,1.0,0.0,0.0,2.0,0.0,2.0,0.0,0.0,0.0,2.0,0.0,1.0,1.0,2.0,0.0,3.0
65.0,6.0,16.0,8.0,6.0,14.0,0.0,6.0,3.0,6.0,11.0,0.0,0.0,6.0,5.0,7.0,9.0,2.0,0.0,0.0,5.0,0.0,0.0,1.0,4.0,0.0,1.0,0.0,0.0,5.0,0.0,0.0,0.0,0.0,0.0,0.0,9.0,2.0,0.0,1.0,4.0,0.0,2.0,1.0,0.0,4.0,0.0,0.0,2.0,0.0,4.0,0.0,0.0,2.0,0.0,4.0,0.0,0.0,4.0,0.0,0.0,2.0,0.0,0.0,0.0,4.0,2.0,0.0,0.0,0.0,5.0,0.0,0.0,0.0,5.0,3.0,0.0,2.0,0.0,4.0,2.0,0.0,0.0,1.0,0.0,2.0,0.0,4.0,5.0,5.0,3.0,0.0,0.0,0.0,0.0,0.0,0.0,0.0,0.0,0.0,3.0,1.0,3.0,0.0,2.0,0.0,3.0,0.0,2.0,0.0,0.0,1.0,1.0,0.0,1.0,0.0,0.0,0.0,1.0,1.0,2.0,3.0,2.0,5.0,0.0,0.0,0.0,0.0,0.0,0.0,0.0,2.0,0.0,0.0,0.0,0.0,0.0,0.0,1.0,0.0,1.0,0.0,0.0,0.0,0.0,0.0,0.0,0.0,0.0,0.0,0.0,0.0,0.0,0.0,0.0,0.0
25.0,5.0,6.0,3.0,5.0,4.0,0.0,5.0,1.0,4.0,8.0,0.0,0.0,4.0,6.0,5.0,10.0,3.0,0.0,0.0,4.0,0.0,0.0,2.0,0.0,0.0,2.0,0.0,0.0,3.0,0.0,1.0,0.0,0.0,0.0,0.0,5.0,5.0,0.0,0.0,6.0,0.0,1.0,1.0,0.0,0.0,0.0,0.0,1.0,1.0,4.0,0.0,0.0,1.0,0.0,0.0,0.0,0.0,2.0,0.0,1.0,5.0,0.0,0.0,0.0,2.0,1.0,0.0,0.0,0.0,1.0,0.0,1.0,0.0,1.0,1.0,0.0,0.0,0.0,2.0,1.0,0.0,0.0,1.0,0.0,0.0,0.0,2.0,1.0,1.0,1.0,0.0,1.0,2.0,0.0,0.0,0.0,0.0,0.0,0.0,0.0,0.0,0.0,2.0,0.0,2.0,0.0,0.0,0.0,2.0,0.0,0.0,0.0,0.0,0.0,0.0,0.0,0.0,0.0,0.0,0.0,0.0,0.0,0.0,0.0,0.0,2.0,0.0,0.0,4.0,0.0,0.0,0.0,1.0,2.0,4.0,0.0,0.0,0.0,0.0,0.0,0.0,0.0,2.0,0.0,2.0,0.0,0.0,0.0,2.0,0.0,1.0,1.0,2.0,0.0,3.0
25.0,5.0,6.0,3.0,5.0,4.0,0.0,5.0,1.0,4.0,8.0,0.0,0.0,4.0,6.0,5.0,10.0,3.0,0.0,0.0,4.0,0.0,0.0,2.0,0.0,0.0,2.0,0.0,0.0,3.0,0.0,1.0,0.0,0.0,0.0,0.0,5.0,5.0,0.0,0.0,6.0,0.0,1.0,1.0,0.0,0.0,0.0,0.0,1.0,1.0,4.0,0.0,0.0,1.0,0.0,0.0,0.0,0.0,2.0,0.0,1.0,5.0,0.0,0.0,0.0,2.0,1.0,0.0,0.0,0.0,1.0,0.0,1.0,0.0,1.0,1.0,0.0,0.0,0.0,2.0,1.0,0.0,0.0,1.0,0.0,0.0,0.0,2.0,1.0,1.0,1.0,0.0,1.0,2.0,0.0,0.0,0.0,0.0,0.0,0.0,0.0,0.0,0.0,2.0,0.0,2.0,0.0,0.0,0.0,2.0,0.0,0.0,0.0,0.0,0.0,0.0,0.0,0.0,0.0,0.0,0.0,0.0,0.0,0.0,0.0,0.0,2.0,0.0,0.0,4.0,0.0,0.0,0.0,1.0,2.0,4.0,0.0,0.0,0.0,0.0,0.0,0.0,0.0,2.0,0.0,2.0,0.0,0.0,0.0,2.0,0.0,1.0,1.0,2.0,0.0,3.0
33.0,4.0,4.0,4.0,2.0,2.0,4.0,2.0,0.0,8.0,10.0,2.0,2.0,2.0,3.0,6.0,5.0,4.0,0.0,0.0,1.0,2.0,2.0,3.0,0.0,2.0,1.0,0.0,0.0,1.0,0.0,0.0,0.0,0.0,0.0,0.0,1.0,1.0,0.0,0.0,0.0,1.0,0.0,1.0,0.0,0.0,0.0,0.0,1.0,0.0,2.0,0.0,0.0,0.0,0.0,0.0,0.0,0.0,0.0,0.0,0.0,1.0,0.0,0.0,0.0,0.0,0.0,0.0,0.0,1.0,0.0,0.0,0.0,0.0,0.0,0.0,0.0,0.0,0.0,0.0,0.0,0.0,0.0,0.0,0.0,2.0,0.0,0.0,0.0,0.0,0.0,0.0,0.0,0.0,0.0,0.0,0.0,0.0,0.0,0.0,0.0,2.0,0.0,0.0,0.0,0.0,0.0,0.0,0.0,0.0,0.0,0.0,0.0,0.0,0.0,0.0,0.0,0.0,0.0,0.0,0.0,0.0,0.0,0.0,1.0,0.0,0.0,1.0,0.0,0.0,0.0,0.0,2.0,0.0,0.0,0.0,0.0,0.0,0.0,0.0,0.0,0.0,1.0,0.0,0.0,0.0,0.0,0.0,0.0,0.0,0.0,0.0,0.0,0.0,0.0,0.0
33.0,4.0,4.0,4.0,2.0,2.0,4.0,2.0,0.0,8.0,10.0,2.0,2.0,2.0,3.0,6.0,5.0,4.0,0.0,0.0,1.0,2.0,2.0,3.0,0.0,2.0,1.0,0.0,0.0,1.0,0.0,0.0,0.0,0.0,0.0,0.0,1.0,1.0,0.0,0.0,0.0,1.0,0.0,1.0,0.0,0.0,0.0,0.0,1.0,0.0,2.0,0.0,0.0,0.0,0.0,0.0,0.0,0.0,0.0,0.0,0.0,1.0,0.0,0.0,0.0,0.0,0.0,0.0,0.0,1.0,0.0,0.0,0.0,0.0,0.0,0.0,0.0,0.0,0.0,0.0,0.0,0.0,0.0,0.0,0.0,2.0,0.0,0.0,0.0,0.0,0.0,0.0,0.0,0.0,0.0,0.0,0.0,0.0,0.0,0.0,0.0,2.0,0.0,0.0,0.0,0.0,0.0,0.0,0.0,0.0,0.0,0.0,0.0,0.0,0.0,0.0,0.0,0.0,0.0,0.0,0.0,0.0,0.0,0.0,1.0,0.0,0.0,1.0,0.0,0.0,0.0,0.0,2.0,0.0,0.0,0.0,0.0,0.0,0.0,0.0,0.0,0.0,1.0,0.0,0.0,0.0,0.0,0.0,0.0,0.0,0.0,0.0,0.0,0.0,0.0,0.0
29.0,3.0,2.0,4.0,2.0,2.0,2.0,2.0,0.0,7.0,7.0,1.0,2.0,2.0,1.0,3.0,1.0,4.0,0.0,0.0,1.0,0.0,2.0,3.0,0.0,0.0,1.0,0.0,0.0,1.0,0.0,0.0,0.0,0.0,0.0,0.0,1.0,0.0,0.0,0.0,0.0,0.0,0.0,1.0,0.0,0.0,0.0,0.0,0.0,0.0,0.0,0.0,0.0,0.0,0.0,0.0,0.0,0.0,0.0,0.0,0.0,0.0,0.0,0.0,0.0,0.0,0.0,0.0,0.0,1.0,0.0,0.0,0.0,0.0,0.0,0.0,0.0,0.0,0.0,0.0,0.0,0.0,0.0,0.0,0.0,2.0,0.0,0.0,0.0,0.0,0.0,0.0,0.0,0.0,0.0,0.0,0.0,0.0,0.0,0.0,0.0,2.0,0.0,0.0,0.0,0.0,0.0,0.0,0.0,0.0,0.0,0.0,0.0,0.0,0.0,0.0,0.0,0.0,0.0,0.0,0.0,0.0,0.0,0.0,1.0,0.0,0.0,1.0,0.0,0.0,0.0,0.0,2.0,0.0,0.0,0.0,0.0,0.0,0.0,0.0,0.0,0.0,1.0,0.0,0.0,0.0,0.0,0.0,0.0,0.0,0.0,0.0,0.0,0.0,0.0,0.0
29.0,3.0,2.0,4.0,2.0,2.0,2.0,2.0,0.0,7.0,7.0,1.0,2.0,2.0,1.0,3.0,1.0,4.0,0.0,0.0,1.0,0.0,2.0,3.0,0.0,0.0,1.0,0.0,0.0,1.0,0.0,0.0,0.0,0.0,0.0,0.0,1.0,0.0,0.0,0.0,0.0,0.0,0.0,1.0,0.0,0.0,0.0,0.0,0.0,0.0,0.0,0.0,0.0,0.0,0.0,0.0,0.0,0.0,0.0,0.0,0.0,0.0,0.0,0.0,0.0,0.0,0.0,0.0,0.0,1.0,0.0,0.0,0.0,0.0,0.0,0.0,0.0,0.0,0.0,0.0,0.0,0.0,0.0,0.0,0.0,2.0,0.0,0.0,0.0,0.0,0.0,0.0,0.0,0.0,0.0,0.0,0.0,0.0,0.0,0.0,0.0,2.0,0.0,0.0,0.0,0.0,0.0,0.0,0.0,0.0,0.0,0.0,0.0,0.0,0.0,0.0,0.0,0.0,0.0,0.0,0.0,0.0,0.0,0.0,1.0,0.0,0.0,1.0,0.0,0.0,0.0,0.0,2.0,0.0,0.0,0.0,0.0,0.0,0.0,0.0,0.0,0.0,1.0,0.0,0.0,0.0,0.0,0.0,0.0,0.0,0.0,0.0,0.0,0.0,0.0,0.0
64.0,7.0,14.0,8.0,6.0,12.0,2.0,6.0,2.0,6.0,11.0,1.0,2.0,6.0,5.0,7.0,9.0,2.0,0.0,0.0,5.0,0.0,2.0,1.0,2.0,0.0,1.0,0.0,0.0,5.0,0.0,0.0,0.0,0.0,0.0,0.0,9.0,2.0,0.0,0.0,4.0,0.0,2.0,1.0,0.0,4.0,0.0,0.0,2.0,0.0,4.0,0.0,0.0,2.0,0.0,4.0,0.0,0.0,4.0,0.0,0.0,2.0,0.0,0.0,0.0,4.0,2.0,0.0,0.0,1.0,5.0,0.0,0.0,0.0,5.0,3.0,0.0,2.0,0.0,4.0,2.0,0.0,0.0,1.0,0.0,0.0,0.0,4.0,5.0,5.0,3.0,0.0,0.0,0.0,0.0,0.0,0.0,0.0,0.0,0.0,3.0,0.0,3.0,0.0,2.0,0.0,3.0,0.0,2.0,0.0,0.0,0.0,0.0,0.0,0.0,0.0,0.0,0.0,1.0,1.0,2.0,3.0,2.0,5.0,1.0,0.0,0.0,1.0,0.0,0.0,0.0,2.0,2.0,0.0,0.0,0.0,0.0,0.0,0.0,0.0,0.0,0.0,1.0,0.0,0.0,0.0,0.0,0.0,0.0,0.0,0.0,0.0,0.0,0.0,0.0,0.0
31.0,7.0,6.0,4.0,4.0,4.0,1.0,4.0,1.0,4.0,7.0,0.0,0.0,4.0,5.0,4.0,9.0,3.0,0.0,0.0,3.0,1.0,0.0,1.0,0.0,0.0,1.0,0.0,0.0,3.0,0.0,0.0,0.0,0.0,0.0,0.0,5.0,5.0,0.0,0.0,6.0,0.0,1.0,1.0,0.0,0.0,0.0,0.0,1.0,0.0,4.0,0.0,0.0,1.0,0.0,0.0,0.0,0.0,2.0,0.0,0.0,5.0,0.0,0.0,0.0,2.0,1.0,0.0,0.0,0.0,1.0,0.0,0.0,0.0,1.0,1.0,0.0,0.0,0.0,2.0,1.0,1.0,0.0,1.0,0.0,0.0,0.0,2.0,1.0,1.0,1.0,0.0,0.0,2.0,0.0,0.0,0.0,0.0,0.0,0.0,0.0,0.0,0.0,0.0,0.0,0.0,1.0,0.0,0.0,2.0,0.0,0.0,0.0,0.0,0.0,0.0,0.0,0.0,0.0,0.0,0.0,0.0,0.0,0.0,0.0,0.0,0.0,0.0,0.0,4.0,0.0,0.0,0.0,0.0,2.0,4.0,0.0,0.0,0.0,0.0,0.0,0.0,0.0,2.0,0.0,2.0,0.0,0.0,0.0,0.0,0.0,1.0,0.0,0.0,0.0,3.0
31.0,7.0,6.0,4.0,4.0,4.0,1.0,4.0,1.0,4.0,7.0,0.0,0.0,4.0,5.0,4.0,9.0,3.0,0.0,0.0,3.0,1.0,0.0,1.0,0.0,0.0,1.0,0.0,0.0,3.0,0.0,0.0,0.0,0.0,0.0,0.0,5.0,5.0,0.0,0.0,6.0,0.0,1.0,1.0,0.0,0.0,0.0,0.0,1.0,0.0,4.0,0.0,0.0,1.0,0.0,0.0,0.0,0.0,2.0,0.0,0.0,5.0,0.0,0.0,0.0,2.0,1.0,0.0,0.0,0.0,1.0,0.0,0.0,0.0,1.0,1.0,0.0,0.0,0.0,2.0,1.0,1.0,0.0,1.0,0.0,0.0,0.0,2.0,1.0,1.0,1.0,0.0,0.0,2.0,0.0,0.0,0.0,0.0,0.0,0.0,0.0,0.0,0.0,0.0,0.0,0.0,1.0,0.0,0.0,2.0,0.0,0.0,0.0,0.0,0.0,0.0,0.0,0.0,0.0,0.0,0.0,0.0,0.0,0.0,0.0,0.0,0.0,0.0,0.0,4.0,0.0,0.0,0.0,0.0,2.0,4.0,0.0,0.0,0.0,0.0,0.0,0.0,0.0,2.0,0.0,2.0,0.0,0.0,0.0,0.0,0.0,1.0,0.0,0.0,0.0,3.0
42.0,7.0,6.0,6.0,6.0,6.0,0.0,6.0,0.0,4.0,9.0,0.0,0.0,6.0,5.0,7.0,9.0,4.0,1.0,1.0,5.0,0.0,0.0,5.0,0.0,0.0,5.0,0.0,0.0,5.0,0.0,0.0,3.0,0.0,0.0,0.0,9.0,2.0,3.0,0.0,4.0,0.0,2.0,5.0,0.0,2.0,0.0,0.0,2.0,0.0,4.0,0.0,0.0,2.0,6.0,4.0,0.0,0.0,4.0,0.0,0.0,2.0,3.0,0.0,6.0,4.0,2.0,0.0,0.0,0.0,5.0,0.0,0.0,0.0,5.0,3.0,0.0,2.0,0.0,4.0,2.0,0.0,0.0,3.0,0.0,0.0,0.0,4.0,5.0,5.0,3.0,2.0,0.0,0.0,0.0,0.0,0.0,0.0,0.0,0.0,3.0,0.0,3.0,0.0,2.0,0.0,0.0,0.0,2.0,0.0,0.0,0.0,0.0,2.0,0.0,0.0,0.0,0.0,3.0,3.0,2.0,3.0,2.0,5.0,0.0,0.0,0.0,0.0,0.0,0.0,0.0,2.0,0.0,0.0,0.0,0.0,0.0,0.0,0.0,0.0,0.0,0.0,0.0,0.0,0.0,0.0,0.0,0.0,0.0,0.0,0.0,0.0,0.0,0.0,0.0,0.0
54.0,8.0,6.0,8.0,6.0,6.0,0.0,6.0,0.0,4.0,9.0,0.0,0.0,6.0,5.0,7.0,9.0,4.0,2.0,2.0,5.0,0.0,0.0,5.0,0.0,0.0,5.0,0.0,0.0,5.0,0.0,0.0,6.0,0.0,0.0,0.0,9.0,2.0,6.0,0.0,4.0,0.0,2.0,5.0,0.0,2.0,0.0,0.0,2.0,0.0,4.0,0.0,0.0,2.0,12.0,4.0,0.0,0.0,4.0,0.0,0.0,2.0,6.0,0.0,12.0,4.0,2.0,0.0,0.0,0.0,5.0,0.0,0.0,0.0,5.0,3.0,0.0,2.0,0.0,4.0,2.0,0.0,0.0,3.0,0.0,0.0,0.0,4.0,5.0,5.0,3.0,2.0,0.0,0.0,0.0,0.0,0.0,0.0,0.0,0.0,3.0,0.0,3.0,0.0,2.0,0.0,0.0,0.0,2.0,0.0,0.0,0.0,0.0,2.0,0.0,0.0,0.0,0.0,3.0,3.0,2.0,3.0,2.0,5.0,0.0,0.0,0.0,0.0,0.0,0.0,0.0,2.0,0.0,0.0,0.0,0.0,0.0,0.0,0.0,0.0,0.0,0.0,0.0,0.0,0.0,0.0,0.0,0.0,0.0,0.0,0.0,0.0,0.0,0.0,0.0,0.0
41.0,7.0,6.0,5.0,6.0,6.0,0.0,6.0,0.0,5.0,9.0,0.0,0.0,6.0,5.0,7.0,9.0,2.0,1.0,1.0,5.0,0.0,0.0,4.0,0.0,0.0,4.0,0.0,0.0,5.0,0.0,0.0,3.0,0.0,0.0,0.0,9.0,2.0,3.0,0.0,4.0,0.0,2.0,4.0,0.0,2.0,0.0,0.0,2.0,0.0,4.0,0.0,0.0,2.0,6.0,4.0,0.0,0.0,4.0,0.0,0.0,2.0,3.0,0.0,6.0,4.0,2.0,0.0,0.0,0.0,5.0,0.0,0.0,0.0,5.0,3.0,0.0,2.0,0.0,4.0,2.0,0.0,0.0,2.0,0.0,0.0,0.0,4.0,5.0,5.0,3.0,2.0,0.0,0.0,0.0,0.0,0.0,0.0,0.0,0.0,3.0,0.0,3.0,0.0,2.0,0.0,0.0,0.0,2.0,0.0,0.0,0.0,0.0,2.0,0.0,0.0,0.0,0.0,2.0,2.0,2.0,3.0,2.0,5.0,0.0,0.0,0.0,0.0,0.0,0.0,0.0,2.0,0.0,0.0,0.0,0.0,0.0,0.0,0.0,0.0,0.0,0.0,0.0,0.0,0.0,0.0,0.0,0.0,0.0,0.0,0.0,0.0,0.0,0.0,0.0,0.0
31.0,7.0,6.0,4.0,4.0,4.0,1.0,4.0,1.0,4.0,7.0,0.0,0.0,4.0,5.0,4.0,9.0,3.0,0.0,0.0,3.0,1.0,0.0,1.0,0.0,0.0,1.0,0.0,0.0,3.0,0.0,0.0,0.0,0.0,0.0,0.0,5.0,5.0,0.0,0.0,6.0,0.0,1.0,1.0,0.0,0.0,0.0,0.0,1.0,0.0,4.0,0.0,0.0,1.0,0.0,0.0,0.0,0.0,2.0,0.0,0.0,5.0,0.0,0.0,0.0,2.0,1.0,0.0,0.0,0.0,1.0,0.0,0.0,0.0,1.0,1.0,0.0,0.0,0.0,2.0,1.0,1.0,0.0,1.0,0.0,0.0,0.0,2.0,1.0,1.0,1.0,0.0,0.0,2.0,0.0,0.0,0.0,0.0,0.0,0.0,0.0,0.0,0.0,0.0,0.0,0.0,1.0,0.0,0.0,2.0,0.0,0.0,0.0,0.0,0.0,0.0,0.0,0.0,0.0,0.0,0.0,0.0,0.0,0.0,0.0,0.0,0.0,0.0,0.0,4.0,0.0,0.0,0.0,0.0,2.0,4.0,0.0,0.0,0.0,0.0,0.0,0.0,0.0,2.0,0.0,2.0,0.0,0.0,0.0,0.0,0.0,1.0,0.0,0.0,0.0,3.0
31.0,7.0,6.0,4.0,4.0,4.0,1.0,4.0,1.0,4.0,7.0,0.0,0.0,4.0,5.0,4.0,9.0,3.0,0.0,0.0,3.0,1.0,0.0,1.0,0.0,0.0,1.0,0.0,0.0,3.0,0.0,0.0,0.0,0.0,0.0,0.0,5.0,5.0,0.0,0.0,6.0,0.0,1.0,1.0,0.0,0.0,0.0,0.0,1.0,0.0,4.0,0.0,0.0,1.0,0.0,0.0,0.0,0.0,2.0,0.0,0.0,5.0,0.0,0.0,0.0,2.0,1.0,0.0,0.0,0.0,1.0,0.0,0.0,0.0,1.0,1.0,0.0,0.0,0.0,2.0,1.0,1.0,0.0,1.0,0.0,0.0,0.0,2.0,1.0,1.0,1.0,0.0,0.0,2.0,0.0,0.0,0.0,0.0,0.0,0.0,0.0,0.0,0.0,0.0,0.0,0.0,1.0,0.0,0.0,2.0,0.0,0.0,0.0,0.0,0.0,0.0,0.0,0.0,0.0,0.0,0.0,0.0,0.0,0.0,0.0,0.0,0.0,0.0,0.0,4.0,0.0,0.0,0.0,0.0,2.0,4.0,0.0,0.0,0.0,0.0,0.0,0.0,0.0,2.0,0.0,2.0,0.0,0.0,0.0,0.0,0.0,1.0,0.0,0.0,0.0,3.0
64.0,8.0,14.0,8.0,6.0,12.0,0.0,6.0,2.0,6.0,11.0,0.0,0.0,6.0,5.0,7.0,9.0,2.0,0.0,0.0,5.0,0.0,0.0,1.0,2.0,0.0,1.0,0.0,0.0,5.0,0.0,0.0,0.0,0.0,0.0,0.0,9.0,2.0,0.0,0.0,4.0,0.0,2.0,1.0,0.0,4.0,0.0,0.0,2.0,0.0,4.0,0.0,0.0,2.0,0.0,4.0,0.0,0.0,4.0,0.0,0.0,2.0,0.0,0.0,0.0,4.0,2.0,0.0,0.0,0.0,5.0,0.0,0.0,0.0,5.0,3.0,0.0,2.0,0.0,4.0,2.0,0.0,0.0,1.0,0.0,0.0,0.0,4.0,5.0,5.0,3.0,0.0,0.0,0.0,0.0,0.0,0.0,0.0,0.0,0.0,3.0,0.0,3.0,0.0,2.0,0.0,4.0,0.0,2.0,0.0,0.0,0.0,0.0,0.0,0.0,0.0,0.0,0.0,1.0,1.0,2.0,3.0,2.0,5.0,0.0,0.0,0.0,0.0,0.0,0.0,0.0,2.0,0.0,0.0,0.0,0.0,0.0,0.0,0.0,0.0,0.0,0.0,0.0,0.0,0.0,0.0,0.0,0.0,0.0,0.0,0.0,0.0,0.0,0.0,0.0,0.0
33.0,6.0,4.0,4.0,2.0,2.0,4.0,2.0,2.0,3.0,3.0,2.0,2.0,0.0,1.0,1.0,1.0,2.0,0.0,0.0,1.0,0.0,2.0,1.0,2.0,0.0,1.0,2.0,0.0,0.0,0.0,2.0,0.0,0.0,0.0,0.0,0.0,0.0,0.0,0.0,0.0,0.0,0.0,0.0,0.0,0.0,0.0,0.0,0.0,1.0,0.0,0.0,2.0,0.0,0.0,0.0,0.0,2.0,0.0,0.0,1.0,0.0,0.0,0.0,0.0,0.0,0.0,0.0,0.0,0.0,0.0,0.0,1.0,0.0,0.0,0.0,0.0,0.0,0.0,0.0,0.0,0.0,0.0,0.0,0.0,0.0,2.0,0.0,0.0,0.0,0.0,0.0,1.0,0.0,0.0,0.0,0.0,0.0,0.0,0.0,0.0,0.0,0.0,0.0,0.0,0.0,1.0,0.0,0.0,0.0,0.0,0.0,0.0,0.0,0.0,0.0,0.0,0.0,0.0,0.0,0.0,0.0,0.0,0.0,0.0,0.0,0.0,0.0,0.0,0.0,0.0,0.0,0.0,0.0,0.0,0.0,0.0,0.0,0.0,0.0,0.0,0.0,0.0,0.0,0.0,0.0,0.0,1.0,1.0,0.0,2.0,0.0,0.0,0.0,0.0,0.0
33.0,6.0,4.0,4.0,2.0,2.0,4.0,2.0,2.0,3.0,3.0,2.0,2.0,0.0,1.0,1.0,1.0,2.0,0.0,0.0,1.0,0.0,2.0,1.0,2.0,0.0,1.0,2.0,0.0,0.0,0.0,2.0,0.0,0.0,0.0,0.0,0.0,0.0,0.0,0.0,0.0,0.0,0.0,0.0,0.0,0.0,0.0,0.0,0.0,1.0,0.0,0.0,2.0,0.0,0.0,0.0,0.0,2.0,0.0,0.0,1.0,0.0,0.0,0.0,0.0,0.0,0.0,0.0,0.0,0.0,0.0,0.0,1.0,0.0,0.0,0.0,0.0,0.0,0.0,0.0,0.0,0.0,0.0,0.0,0.0,0.0,2.0,0.0,0.0,0.0,0.0,0.0,1.0,0.0,0.0,0.0,0.0,0.0,0.0,0.0,0.0,0.0,0.0,0.0,0.0,0.0,1.0,0.0,0.0,0.0,0.0,0.0,0.0,0.0,0.0,0.0,0.0,0.0,0.0,0.0,0.0,0.0,0.0,0.0,0.0,0.0,0.0,0.0,0.0,0.0,0.0,0.0,0.0,0.0,0.0,0.0,0.0,0.0,0.0,0.0,0.0,0.0,0.0,0.0,0.0,0.0,0.0,1.0,1.0,0.0,2.0,0.0,0.0,0.0,0.0,0.0
25.0,5.0,6.0,3.0,5.0,4.0,0.0,5.0,1.0,4.0,8.0,0.0,0.0,4.0,6.0,5.0,10.0,3.0,0.0,0.0,4.0,0.0,0.0,2.0,0.0,0.0,2.0,0.0,0.0,3.0,0.0,1.0,0.0,0.0,0.0,0.0,5.0,5.0,0.0,0.0,6.0,0.0,1.0,1.0,0.0,0.0,0.0,0.0,1.0,1.0,4.0,0.0,0.0,1.0,0.0,0.0,0.0,0.0,2.0,0.0,1.0,5.0,0.0,0.0,0.0,2.0,1.0,0.0,0.0,0.0,1.0,0.0,1.0,0.0,1.0,1.0,0.0,0.0,0.0,2.0,1.0,0.0,0.0,1.0,0.0,0.0,0.0,2.0,1.0,1.0,1.0,0.0,1.0,2.0,0.0,0.0,0.0,0.0,0.0,0.0,0.0,0.0,0.0,2.0,0.0,2.0,0.0,0.0,0.0,2.0,0.0,0.0,0.0,0.0,0.0,0.0,0.0,0.0,0.0,0.0,0.0,0.0,0.0,0.0,0.0,0.0,2.0,0.0,0.0,4.0,0.0,0.0,0.0,1.0,2.0,4.0,0.0,0.0,0.0,0.0,0.0,0.0,0.0,2.0,0.0,2.0,0.0,0.0,0.0,2.0,0.0,1.0,1.0,2.0,0.0,3.0
25.0,5.0,6.0,3.0,5.0,4.0,0.0,5.0,1.0,4.0,8.0,0.0,0.0,4.0,6.0,5.0,10.0,3.0,0.0,0.0,4.0,0.0,0.0,2.0,0.0,0.0,2.0,0.0,0.0,3.0,0.0,1.0,0.0,0.0,0.0,0.0,5.0,5.0,0.0,0.0,6.0,0.0,1.0,1.0,0.0,0.0,0.0,0.0,1.0,1.0,4.0,0.0,0.0,1.0,0.0,0.0,0.0,0.0,2.0,0.0,1.0,5.0,0.0,0.0,0.0,2.0,1.0,0.0,0.0,0.0,1.0,0.0,1.0,0.0,1.0,1.0,0.0,0.0,0.0,2.0,1.0,0.0,0.0,1.0,0.0,0.0,0.0,2.0,1.0,1.0,1.0,0.0,1.0,2.0,0.0,0.0,0.0,0.0,0.0,0.0,0.0,0.0,0.0,2.0,0.0,2.0,0.0,0.0,0.0,2.0,0.0,0.0,0.0,0.0,0.0,0.0,0.0,0.0,0.0,0.0,0.0,0.0,0.0,0.0,0.0,0.0,2.0,0.0,0.0,4.0,0.0,0.0,0.0,1.0,2.0,4.0,0.0,0.0,0.0,0.0,0.0,0.0,0.0,2.0,0.0,2.0,0.0,0.0,0.0,2.0,0.0,1.0,1.0,2.0,0.0,3.0
27.0,3.0,4.0,3.0,2.0,2.0,2.0,2.0,0.0,8.0,10.0,1.0,0.0,2.0,3.0,6.0,5.0,4.0,0.0,0.0,1.0,2.0,0.0,3.0,0.0,2.0,1.0,0.0,0.0,1.0,0.0,0.0,0.0,0.0,0.0,0.0,1.0,1.0,0.0,0.0,0.0,1.0,0.0,1.0,0.0,0.0,0.0,0.0,1.0,0.0,2.0,0.0,0.0,0.0,0.0,0.0,0.0,0.0,0.0,0.0,0.0,1.0,0.0,0.0,0.0,0.0,0.0,0.0,0.0,0.0,0.0,0.0,0.0,0.0,0.0,0.0,0.0,0.0,0.0,0.0,0.0,0.0,0.0,0.0,0.0,2.0,0.0,0.0,0.0,0.0,0.0,0.0,0.0,0.0,0.0,0.0,0.0,0.0,0.0,0.0,0.0,2.0,0.0,0.0,0.0,0.0,0.0,0.0,0.0,0.0,0.0,0.0,0.0,0.0,0.0,0.0,0.0,0.0,0.0,0.0,0.0,0.0,0.0,0.0,0.0,0.0,0.0,0.0,0.0,0.0,0.0,0.0,0.0,0.0,0.0,0.0,0.0,0.0,0.0,0.0,0.0,0.0,0.0,0.0,0.0,0.0,0.0,0.0,0.0,0.0,0.0,0.0,0.0,0.0,0.0,0.0
27.0,3.0,4.0,3.0,2.0,2.0,2.0,2.0,0.0,8.0,10.0,1.0,0.0,2.0,3.0,6.0,5.0,4.0,0.0,0.0,1.0,2.0,0.0,3.0,0.0,2.0,1.0,0.0,0.0,1.0,0.0,0.0,0.0,0.0,0.0,0.0,1.0,1.0,0.0,0.0,0.0,1.0,0.0,1.0,0.0,0.0,0.0,0.0,1.0,0.0,2.0,0.0,0.0,0.0,0.0,0.0,0.0,0.0,0.0,0.0,0.0,1.0,0.0,0.0,0.0,0.0,0.0,0.0,0.0,0.0,0.0,0.0,0.0,0.0,0.0,0.0,0.0,0.0,0.0,0.0,0.0,0.0,0.0,0.0,0.0,2.0,0.0,0.0,0.0,0.0,0.0,0.0,0.0,0.0,0.0,0.0,0.0,0.0,0.0,0.0,0.0,2.0,0.0,0.0,0.0,0.0,0.0,0.0,0.0,0.0,0.0,0.0,0.0,0.0,0.0,0.0,0.0,0.0,0.0,0.0,0.0,0.0,0.0,0.0,0.0,0.0,0.0,0.0,0.0,0.0,0.0,0.0,0.0,0.0,0.0,0.0,0.0,0.0,0.0,0.0,0.0,0.0,0.0,0.0,0.0,0.0,0.0,0.0,0.0,0.0,0.0,0.0,0.0,0.0,0.0,0.0
29.0,5.0,6.0,4.0,5.0,4.0,0.0,5.0,1.0,4.0,8.0,0.0,0.0,4.0,6.0,5.0,10.0,3.0,0.0,0.0,4.0,0.0,0.0,2.0,0.0,0.0,2.0,0.0,0.0,3.0,0.0,1.0,0.0,0.0,0.0,0.0,5.0,5.0,0.0,0.0,6.0,0.0,1.0,1.0,0.0,0.0,0.0,0.0,1.0,1.0,4.0,0.0,0.0,1.0,0.0,0.0,0.0,0.0,2.0,0.0,1.0,5.0,0.0,0.0,0.0,2.0,1.0,0.0,0.0,0.0,1.0,0.0,1.0,0.0,1.0,1.0,0.0,0.0,0.0,2.0,1.0,0.0,0.0,1.0,0.0,0.0,0.0,2.0,1.0,1.0,1.0,0.0,1.0,2.0,0.0,0.0,0.0,0.0,0.0,0.0,0.0,0.0,0.0,2.0,0.0,2.0,0.0,0.0,0.0,2.0,0.0,0.0,0.0,0.0,0.0,0.0,0.0,0.0,0.0,0.0,0.0,0.0,0.0,0.0,0.0,0.0,2.0,0.0,0.0,4.0,0.0,0.0,0.0,1.0,2.0,4.0,0.0,0.0,0.0,0.0,0.0,0.0,0.0,2.0,0.0,2.0,0.0,0.0,0.0,2.0,0.0,1.0,1.0,2.0,0.0,3.0
29.0,5.0,6.0,4.0,5.0,4.0,0.0,5.0,1.0,4.0,8.0,0.0,0.0,4.0,6.0,5.0,10.0,3.0,0.0,0.0,4.0,0.0,0.0,2.0,0.0,0.0,2.0,0.0,0.0,3.0,0.0,1.0,0.0,0.0,0.0,0.0,5.0,5.0,0.0,0.0,6.0,0.0,1.0,1.0,0.0,0.0,0.0,0.0,1.0,1.0,4.0,0.0,0.0,1.0,0.0,0.0,0.0,0.0,2.0,0.0,1.0,5.0,0.0,0.0,0.0,2.0,1.0,0.0,0.0,0.0,1.0,0.0,1.0,0.0,1.0,1.0,0.0,0.0,0.0,2.0,1.0,0.0,0.0,1.0,0.0,0.0,0.0,2.0,1.0,1.0,1.0,0.0,1.0,2.0,0.0,0.0,0.0,0.0,0.0,0.0,0.0,0.0,0.0,2.0,0.0,2.0,0.0,0.0,0.0,2.0,0.0,0.0,0.0,0.0,0.0,0.0,0.0,0.0,0.0,0.0,0.0,0.0,0.0,0.0,0.0,0.0,2.0,0.0,0.0,4.0,0.0,0.0,0.0,1.0,2.0,4.0,0.0,0.0,0.0,0.0,0.0,0.0,0.0,2.0,0.0,2.0,0.0,0.0,0.0,2.0,0.0,1.0,1.0,2.0,0.0,3.0
55.0,6.0,4.0,8.0,2.0,4.0,4.0,2.0,0.0,3.0,3.0,2.0,4.0,2.0,1.0,1.0,1.0,1.0,1.0,0.0,1.0,0.0,4.0,1.0,0.0,0.0,1.0,2.0,0.0,1.0,0.0,0.0,3.0,0.0,0.0,0.0,1.0,0.0,0.0,0.0,0.0,0.0,0.0,1.0,0.0,0.0,0.0,0.0,0.0,0.0,0.0,0.0,0.0,0.0,6.0,0.0,0.0,2.0,0.0,0.0,0.0,0.0,0.0,0.0,0.0,0.0,0.0,0.0,0.0,2.0,0.0,0.0,0.0,0.0,0.0,0.0,0.0,0.0,0.0,0.0,0.0,0.0,0.0,0.0,0.0,1.0,0.0,0.0,0.0,0.0,0.0,0.0,0.0,0.0,0.0,2.0,0.0,0.0,0.0,0.0,0.0,1.0,0.0,0.0,0.0,0.0,1.0,0.0,0.0,0.0,0.0,1.0,1.0,0.0,1.0,0.0,0.0,2.0,0.0,0.0,0.0,0.0,0.0,0.0,0.0,0.0,0.0,0.0,0.0,0.0,0.0,0.0,0.0,0.0,0.0,0.0,0.0,0.0,1.0,0.0,1.0,0.0,0.0,0.0,0.0,0.0,0.0,0.0,0.0,0.0,0.0,0.0,0.0,0.0,0.0,0.0
38.0,4.0,9.0,5.0,2.0,5.0,3.0,2.0,8.0,2.0,4.0,1.0,3.0,2.0,4.0,2.0,4.0,0.0,0.0,0.0,2.0,0.0,2.0,0.0,9.0,0.0,0.0,3.0,0.0,2.0,0.0,0.0,0.0,4.0,0.0,1.0,2.0,2.0,0.0,3.0,2.0,0.0,0.0,0.0,0.0,0.0,0.0,0.0,0.0,2.0,0.0,0.0,6.0,0.0,0.0,0.0,0.0,2.0,0.0,9.0,2.0,0.0,0.0,0.0,0.0,0.0,0.0,0.0,0.0,1.0,0.0,0.0,0.0,0.0,0.0,0.0,2.0,0.0,0.0,0.0,0.0,0.0,0.0,0.0,2.0,0.0,3.0,0.0,0.0,0.0,0.0,0.0,0.0,0.0,2.0,2.0,0.0,2.0,0.0,0.0,0.0,0.0,0.0,0.0,0.0,0.0,0.0,0.0,0.0,0.0,0.0,0.0,0.0,0.0,0.0,0.0,0.0,1.0,0.0,0.0,0.0,0.0,0.0,0.0,0.0,0.0,0.0,0.0,0.0,2.0,0.0,0.0,0.0,0.0,0.0,0.0,0.0,0.0,0.0,0.0,0.0,0.0,0.0,0.0,0.0,0.0,0.0,0.0,0.0,0.0,0.0,0.0,0.0,0.0,0.0,0.0
36.0,4.0,7.0,5.0,2.0,5.0,3.0,2.0,6.0,2.0,4.0,1.0,3.0,2.0,4.0,2.0,4.0,0.0,0.0,0.0,2.0,0.0,2.0,0.0,9.0,0.0,0.0,3.0,0.0,2.0,0.0,0.0,0.0,4.0,0.0,0.0,2.0,2.0,0.0,3.0,2.0,0.0,0.0,0.0,0.0,0.0,0.0,0.0,0.0,0.0,0.0,0.0,6.0,0.0,0.0,0.0,0.0,2.0,0.0,9.0,0.0,0.0,0.0,0.0,0.0,0.0,0.0,0.0,0.0,1.0,0.0,0.0,0.0,0.0,0.0,0.0,0.0,0.0,0.0,0.0,0.0,0.0,0.0,0.0,0.0,0.0,3.0,0.0,0.0,0.0,0.0,0.0,0.0,0.0,0.0,2.0,0.0,0.0,0.0,0.0,0.0,0.0,0.0,0.0,0.0,0.0,0.0,0.0,0.0,0.0,0.0,0.0,0.0,0.0,0.0,0.0,0.0,1.0,0.0,0.0,0.0,0.0,0.0,0.0,0.0,0.0,0.0,0.0,0.0,2.0,0.0,0.0,0.0,1.0,0.0,0.0,0.0,0.0,0.0,0.0,0.0,0.0,0.0,0.0,0.0,0.0,0.0,0.0,0.0,0.0,0.0,0.0,0.0,0.0,0.0,0.0
16.0,3.0,4.0,2.0,1.0,2.0,3.0,0.0,6.0,0.0,0.0,1.0,2.0,0.0,0.0,0.0,0.0,0.0,0.0,0.0,0.0,0.0,1.0,0.0,6.0,0.0,0.0,2.0,1.0,0.0,0.0,0.0,0.0,4.0,0.0,0.0,0.0,0.0,0.0,1.0,0.0,0.0,0.0,0.0,0.0,0.0,0.0,0.0,0.0,0.0,0.0,0.0,6.0,0.0,0.0,0.0,0.0,1.0,0.0,6.0,0.0,0.0,0.0,0.0,0.0,0.0,0.0,0.0,0.0,0.0,0.0,0.0,0.0,0.0,0.0,0.0,0.0,0.0,0.0,0.0,0.0,0.0,0.0,0.0,0.0,0.0,3.0,0.0,0.0,0.0,0.0,0.0,0.0,0.0,0.0,0.0,0.0,0.0,0.0,0.0,0.0,0.0,0.0,0.0,0.0,0.0,0.0,0.0,0.0,0.0,0.0,0.0,0.0,0.0,0.0,0.0,0.0,0.0,0.0,0.0,0.0,0.0,0.0,0.0,0.0,0.0,0.0,0.0,0.0,0.0,0.0,0.0,0.0,0.0,0.0,4.0,0.0,0.0,0.0,0.0,0.0,0.0,0.0,0.0,0.0,0.0,0.0,0.0,0.0,0.0,0.0,0.0,0.0,0.0,0.0,0.0
16.0,3.0,4.0,2.0,1.0,2.0,3.0,0.0,6.0,0.0,0.0,1.0,2.0,0.0,0.0,0.0,0.0,0.0,0.0,0.0,0.0,0.0,1.0,0.0,6.0,0.0,0.0,2.0,1.0,0.0,0.0,0.0,0.0,4.0,0.0,0.0,0.0,0.0,0.0,1.0,0.0,0.0,0.0,0.0,0.0,0.0,0.0,0.0,0.0,0.0,0.0,0.0,6.0,0.0,0.0,0.0,0.0,1.0,0.0,6.0,0.0,0.0,0.0,0.0,0.0,0.0,0.0,0.0,0.0,0.0,0.0,0.0,0.0,0.0,0.0,0.0,0.0,0.0,0.0,0.0,0.0,0.0,0.0,0.0,0.0,0.0,3.0,0.0,0.0,0.0,0.0,0.0,0.0,0.0,0.0,0.0,0.0,0.0,0.0,0.0,0.0,0.0,0.0,0.0,0.0,0.0,0.0,0.0,0.0,0.0,0.0,0.0,0.0,0.0,0.0,0.0,0.0,0.0,0.0,0.0,0.0,0.0,0.0,0.0,0.0,0.0,0.0,0.0,0.0,0.0,0.0,0.0,0.0,0.0,0.0,4.0,0.0,0.0,0.0,0.0,0.0,0.0,0.0,0.0,0.0,0.0,0.0,0.0,0.0,0.0,0.0,0.0,0.0,0.0,0.0,0.0
16.0,3.0,4.0,2.0,1.0,2.0,3.0,0.0,6.0,0.0,0.0,1.0,2.0,0.0,0.0,0.0,0.0,0.0,0.0,0.0,0.0,0.0,1.0,0.0,6.0,0.0,0.0,2.0,1.0,0.0,0.0,0.0,0.0,4.0,0.0,0.0,0.0,0.0,0.0,1.0,0.0,0.0,0.0,0.0,0.0,0.0,0.0,0.0,0.0,0.0,0.0,0.0,6.0,0.0,0.0,0.0,0.0,1.0,0.0,6.0,0.0,0.0,0.0,0.0,0.0,0.0,0.0,0.0,0.0,0.0,0.0,0.0,0.0,0.0,0.0,0.0,0.0,0.0,0.0,0.0,0.0,0.0,0.0,0.0,0.0,0.0,3.0,0.0,0.0,0.0,0.0,0.0,0.0,0.0,0.0,0.0,0.0,0.0,0.0,0.0,0.0,0.0,0.0,0.0,0.0,0.0,0.0,0.0,0.0,0.0,0.0,0.0,0.0,0.0,0.0,0.0,0.0,0.0,0.0,0.0,0.0,0.0,0.0,0.0,0.0,0.0,0.0,0.0,0.0,0.0,0.0,0.0,0.0,0.0,0.0,0.0,0.0,0.0,0.0,0.0,0.0,0.0,0.0,0.0,0.0,0.0,0.0,0.0,0.0,0.0,0.0,0.0,0.0,0.0,0.0,0.0
21.0,6.0,4.0,3.0,0.0,2.0,3.0,0.0,6.0,1.0,1.0,0.0,3.0,0.0,0.0,0.0,0.0,1.0,1.0,1.0,0.0,0.0,0.0,0.0,6.0,0.0,0.0,2.0,0.0,0.0,2.0,0.0,0.0,4.0,0.0,0.0,0.0,0.0,0.0,1.0,0.0,0.0,0.0,0.0,0.0,0.0,0.0,0.0,0.0,0.0,0.0,0.0,6.0,0.0,0.0,0.0,0.0,0.0,0.0,6.0,0.0,0.0,0.0,0.0,0.0,0.0,0.0,0.0,0.0,0.0,0.0,0.0,0.0,0.0,0.0,0.0,0.0,0.0,0.0,0.0,0.0,0.0,0.0,0.0,0.0,0.0,0.0,0.0,0.0,0.0,0.0,0.0,0.0,0.0,0.0,0.0,0.0,0.0,0.0,0.0,0.0,0.0,0.0,0.0,0.0,0.0,0.0,0.0,0.0,0.0,0.0,0.0,0.0,0.0,0.0,0.0,0.0,0.0,0.0,0.0,0.0,0.0,0.0,0.0,0.0,0.0,0.0,0.0,0.0,0.0,0.0,0.0,0.0,0.0,0.0,0.0,0.0,0.0,0.0,0.0,0.0,0.0,0.0,0.0,0.0,0.0,0.0,0.0,0.0,0.0,0.0,0.0,0.0,0.0,0.0,0.0
22.0,4.0,5.0,3.0,0.0,3.0,3.0,0.0,6.0,0.0,0.0,0.0,3.0,0.0,0.0,0.0,0.0,0.0,1.0,1.0,0.0,0.0,0.0,0.0,6.0,0.0,0.0,3.0,0.0,0.0,2.0,0.0,0.0,4.0,0.0,0.0,0.0,0.0,0.0,1.0,0.0,0.0,0.0,0.0,0.0,0.0,0.0,0.0,0.0,0.0,0.0,0.0,6.0,0.0,0.0,0.0,0.0,0.0,0.0,6.0,0.0,0.0,0.0,0.0,0.0,0.0,0.0,0.0,0.0,0.0,0.0,0.0,0.0,0.0,0.0,0.0,0.0,0.0,0.0,0.0,0.0,0.0,0.0,0.0,0.0,0.0,0.0,0.0,0.0,0.0,0.0,0.0,0.0,0.0,0.0,0.0,0.0,0.0,0.0,0.0,0.0,0.0,0.0,0.0,0.0,0.0,0.0,0.0,0.0,0.0,0.0,0.0,0.0,0.0,0.0,0.0,0.0,0.0,0.0,0.0,0.0,0.0,0.0,0.0,0.0,0.0,0.0,0.0,0.0,0.0,0.0,0.0,0.0,0.0,0.0,0.0,0.0,0.0,0.0,0.0,0.0,0.0,0.0,0.0,0.0,0.0,0.0,0.0,0.0,0.0,0.0,0.0,0.0,0.0,0.0,0.0
16.0,3.0,4.0,2.0,1.0,2.0,3.0,0.0,6.0,0.0,0.0,1.0,2.0,0.0,0.0,0.0,0.0,0.0,0.0,0.0,0.0,0.0,1.0,0.0,6.0,0.0,0.0,2.0,1.0,0.0,0.0,0.0,0.0,4.0,0.0,0.0,0.0,0.0,0.0,1.0,0.0,0.0,0.0,0.0,0.0,0.0,0.0,0.0,0.0,0.0,0.0,0.0,6.0,0.0,0.0,0.0,0.0,1.0,0.0,6.0,0.0,0.0,0.0,0.0,0.0,0.0,0.0,0.0,0.0,0.0,0.0,0.0,0.0,0.0,0.0,0.0,0.0,0.0,0.0,0.0,0.0,0.0,0.0,0.0,0.0,0.0,3.0,0.0,0.0,0.0,0.0,0.0,0.0,0.0,0.0,0.0,0.0,0.0,0.0,0.0,0.0,0.0,0.0,0.0,0.0,0.0,0.0,0.0,0.0,0.0,0.0,0.0,0.0,0.0,0.0,0.0,0.0,0.0,0.0,0.0,0.0,0.0,0.0,0.0,0.0,0.0,0.0,0.0,0.0,0.0,0.0,0.0,0.0,0.0,0.0,0.0,0.0,0.0,0.0,0.0,0.0,0.0,0.0,0.0,0.0,0.0,0.0,0.0,0.0,0.0,0.0,0.0,0.0,0.0,0.0,0.0
33.0,3.0,4.0,5.0,0.0,2.0,3.0,0.0,6.0,0.0,0.0,1.0,3.0,0.0,0.0,0.0,0.0,0.0,1.0,1.0,0.0,0.0,2.0,0.0,6.0,0.0,0.0,2.0,0.0,0.0,0.0,0.0,3.0,4.0,0.0,0.0,0.0,0.0,3.0,1.0,0.0,0.0,0.0,0.0,0.0,0.0,0.0,0.0,0.0,0.0,0.0,0.0,6.0,0.0,6.0,0.0,0.0,1.0,0.0,6.0,0.0,0.0,3.0,0.0,6.0,0.0,0.0,0.0,0.0,1.0,0.0,0.0,0.0,0.0,0.0,0.0,0.0,0.0,0.0,0.0,0.0,0.0,0.0,0.0,0.0,0.0,3.0,0.0,0.0,0.0,0.0,0.0,0.0,0.0,0.0,1.0,0.0,0.0,0.0,0.0,0.0,0.0,0.0,0.0,0.0,0.0,0.0,0.0,0.0,0.0,0.0,0.0,0.0,0.0,0.0,0.0,0.0,0.0,0.0,0.0,0.0,0.0,0.0,0.0,0.0,0.0,0.0,0.0,0.0,0.0,0.0,0.0,0.0,0.0,0.0,0.0,0.0,0.0,0.0,0.0,0.0,0.0,0.0,0.0,0.0,0.0,0.0,0.0,0.0,0.0,0.0,0.0,0.0,0.0,0.0,0.0
42.0,7.0,8.0,6.0,0.0,4.0,5.0,0.0,12.0,0.0,0.0,0.0,5.0,0.0,0.0,0.0,0.0,0.0,2.0,2.0,0.0,0.0,0.0,0.0,12.0,0.0,0.0,4.0,0.0,0.0,4.0,0.0,1.0,8.0,0.0,0.0,0.0,0.0,1.0,2.0,0.0,0.0,0.0,0.0,0.0,0.0,0.0,0.0,0.0,0.0,0.0,0.0,12.0,0.0,0.0,0.0,0.0,0.0,0.0,12.0,0.0,0.0,0.0,0.0,0.0,0.0,0.0,0.0,0.0,0.0,0.0,0.0,0.0,0.0,0.0,0.0,0.0,0.0,0.0,0.0,0.0,0.0,0.0,0.0,0.0,0.0,0.0,0.0,0.0,0.0,0.0,0.0,0.0,0.0,0.0,0.0,0.0,0.0,0.0,0.0,0.0,0.0,0.0,0.0,0.0,0.0,0.0,0.0,0.0,0.0,0.0,0.0,0.0,0.0,0.0,0.0,0.0,0.0,0.0,0.0,0.0,0.0,0.0,0.0,0.0,0.0,0.0,0.0,0.0,0.0,0.0,0.0,0.0,0.0,0.0,0.0,0.0,0.0,0.0,0.0,0.0,0.0,0.0,0.0,0.0,0.0,0.0,0.0,0.0,0.0,0.0,0.0,0.0,0.0,0.0,0.0
24.0,4.0,1.0,4.0,0.0,2.0,3.0,0.0,0.0,0.0,0.0,1.0,3.0,0.0,0.0,0.0,0.0,0.0,0.0,0.0,0.0,0.0,2.0,0.0,0.0,0.0,0.0,2.0,0.0,0.0,0.0,0.0,0.0,0.0,0.0,0.0,0.0,0.0,0.0,0.0,0.0,0.0,0.0,0.0,0.0,0.0,0.0,0.0,0.0,0.0,0.0,0.0,0.0,0.0,0.0,0.0,0.0,1.0,0.0,0.0,0.0,0.0,0.0,0.0,0.0,0.0,0.0,0.0,0.0,1.0,0.0,0.0,0.0,0.0,0.0,0.0,0.0,0.0,0.0,0.0,0.0,0.0,0.0,0.0,0.0,0.0,0.0,0.0,0.0,0.0,0.0,0.0,0.0,0.0,0.0,1.0,0.0,0.0,0.0,0.0,0.0,0.0,0.0,0.0,0.0,0.0,1.0,0.0,0.0,0.0,0.0,0.0,0.0,0.0,0.0,0.0,0.0,0.0,0.0,0.0,0.0,0.0,0.0,0.0,0.0,0.0,0.0,0.0,0.0,0.0,0.0,0.0,0.0,0.0,0.0,0.0,0.0,0.0,0.0,0.0,0.0,0.0,0.0,0.0,0.0,0.0,0.0,0.0,0.0,0.0,0.0,0.0,0.0,0.0,0.0,0.0
48.0,3.0,5.0,7.0,1.0,5.0,3.0,2.0,1.0,1.0,0.0,1.0,3.0,2.0,0.0,0.0,0.0,0.0,1.0,0.0,0.0,0.0,2.0,0.0,2.0,0.0,0.0,3.0,0.0,0.0,0.0,0.0,3.0,0.0,0.0,0.0,0.0,0.0,0.0,1.0,0.0,0.0,0.0,0.0,0.0,0.0,0.0,0.0,0.0,0.0,0.0,0.0,1.0,0.0,6.0,0.0,0.0,2.0,0.0,0.0,0.0,0.0,0.0,0.0,0.0,0.0,0.0,0.0,0.0,1.0,0.0,0.0,0.0,0.0,0.0,0.0,0.0,0.0,0.0,0.0,0.0,0.0,0.0,0.0,0.0,0.0,1.0,0.0,0.0,0.0,0.0,0.0,0.0,0.0,0.0,2.0,0.0,0.0,0.0,0.0,0.0,0.0,0.0,0.0,0.0,0.0,0.0,0.0,0.0,0.0,0.0,0.0,0.0,0.0,0.0,0.0,0.0,1.0,0.0,0.0,0.0,0.0,0.0,0.0,0.0,0.0,0.0,0.0,0.0,0.0,2.0,0.0,0.0,0.0,0.0,0.0,0.0,0.0,0.0,0.0,0.0,0.0,0.0,0.0,0.0,0.0,0.0,0.0,0.0,0.0,0.0,0.0,0.0,0.0,0.0,0.0
61.0,4.0,8.0,9.0,2.0,9.0,3.0,4.0,2.0,1.0,0.0,1.0,3.0,4.0,0.0,0.0,0.0,0.0,1.0,0.0,0.0,0.0,2.0,0.0,4.0,0.0,0.0,3.0,0.0,0.0,0.0,0.0,3.0,0.0,0.0,0.0,0.0,0.0,0.0,2.0,0.0,0.0,0.0,0.0,0.0,2.0,0.0,0.0,0.0,0.0,0.0,0.0,1.0,0.0,6.0,2.0,0.0,2.0,0.0,0.0,0.0,0.0,0.0,0.0,0.0,0.0,0.0,0.0,0.0,1.0,0.0,0.0,0.0,0.0,0.0,0.0,0.0,0.0,0.0,0.0,0.0,0.0,0.0,0.0,0.0,0.0,1.0,0.0,0.0,0.0,0.0,0.0,0.0,0.0,0.0,2.0,0.0,0.0,0.0,0.0,0.0,0.0,0.0,0.0,0.0,0.0,0.0,0.0,0.0,0.0,0.0,0.0,0.0,0.0,0.0,0.0,0.0,1.0,0.0,0.0,0.0,0.0,0.0,0.0,0.0,0.0,0.0,0.0,0.0,0.0,4.0,0.0,0.0,0.0,0.0,0.0,0.0,0.0,0.0,0.0,0.0,0.0,0.0,0.0,0.0,0.0,0.0,0.0,0.0,0.0,0.0,0.0,0.0,0.0,0.0,0.0
55.0,5.0,6.0,8.0,2.0,6.0,5.0,3.0,1.0,1.0,0.0,2.0,5.0,3.0,0.0,0.0,0.0,0.0,1.0,0.0,0.0,0.0,4.0,0.0,2.0,0.0,0.0,5.0,0.0,0.0,0.0,0.0,3.0,0.0,0.0,0.0,0.0,0.0,0.0,1.0,0.0,0.0,0.0,0.0,0.0,0.0,0.0,0.0,0.0,0.0,0.0,0.0,2.0,0.0,6.0,0.0,0.0,4.0,0.0,0.0,0.0,0.0,0.0,0.0,0.0,0.0,0.0,0.0,0.0,2.0,0.0,0.0,0.0,0.0,0.0,0.0,0.0,0.0,0.0,0.0,0.0,0.0,0.0,0.0,0.0,0.0,2.0,0.0,0.0,0.0,0.0,0.0,0.0,0.0,0.0,4.0,0.0,0.0,0.0,0.0,0.0,0.0,0.0,0.0,0.0,0.0,0.0,0.0,0.0,0.0,0.0,0.0,0.0,0.0,0.0,0.0,0.0,3.0,0.0,0.0,0.0,0.0,0.0,0.0,0.0,0.0,0.0,0.0,0.0,0.0,2.0,0.0,0.0,0.0,0.0,0.0,0.0,0.0,0.0,0.0,0.0,0.0,0.0,0.0,0.0,0.0,0.0,0.0,0.0,0.0,0.0,0.0,0.0,0.0,0.0,0.0
55.0,4.0,7.0,8.0,2.0,7.0,3.0,4.0,2.0,1.0,0.0,1.0,3.0,4.0,0.0,0.0,0.0,0.0,1.0,0.0,0.0,0.0,2.0,0.0,4.0,0.0,0.0,3.0,0.0,0.0,0.0,0.0,3.0,0.0,0.0,0.0,0.0,0.0,0.0,2.0,0.0,0.0,1.0,0.0,0.0,0.0,0.0,0.0,0.0,0.0,0.0,0.0,1.0,0.0,6.0,0.0,0.0,2.0,2.0,0.0,0.0,0.0,0.0,0.0,0.0,0.0,1.0,0.0,0.0,1.0,0.0,0.0,0.0,0.0,0.0,0.0,0.0,0.0,0.0,0.0,0.0,0.0,0.0,0.0,0.0,0.0,1.0,0.0,0.0,0.0,0.0,0.0,0.0,0.0,0.0,2.0,0.0,0.0,0.0,0.0,0.0,0.0,0.0,0.0,0.0,0.0,0.0,0.0,0.0,0.0,0.0,0.0,0.0,0.0,0.0,0.0,0.0,1.0,0.0,0.0,0.0,0.0,0.0,0.0,0.0,0.0,0.0,0.0,0.0,0.0,4.0,0.0,0.0,0.0,0.0,0.0,0.0,0.0,0.0,0.0,0.0,0.0,0.0,0.0,0.0,0.0,0.0,0.0,0.0,0.0,0.0,0.0,0.0,0.0,0.0,0.0
14.0,4.0,2.0,2.0,2.0,2.0,3.0,2.0,0.0,0.0,0.0,1.0,2.0,2.0,0.0,0.0,0.0,0.0,0.0,0.0,0.0,1.0,1.0,0.0,0.0,1.0,0.0,0.0,1.0,0.0,0.0,0.0,0.0,0.0,1.0,0.0,0.0,0.0,0.0,0.0,0.0,0.0,0.0,0.0,0.0,1.0,0.0,1.0,0.0,0.0,0.0,0.0,0.0,0.0,0.0,2.0,1.0,0.0,0.0,0.0,0.0,0.0,0.0,0.0,0.0,0.0,0.0,0.0,0.0,0.0,0.0,0.0,0.0,0.0,0.0,0.0,0.0,1.0,0.0,0.0,0.0,0.0,0.0,0.0,0.0,0.0,0.0,0.0,0.0,0.0,0.0,0.0,0.0,0.0,0.0,0.0,0.0,0.0,0.0,0.0,0.0,0.0,0.0,0.0,0.0,0.0,0.0,0.0,0.0,0.0,0.0,0.0,0.0,0.0,0.0,0.0,0.0,0.0,0.0,0.0,0.0,0.0,0.0,0.0,0.0,1.0,0.0,0.0,0.0,0.0,0.0,0.0,0.0,0.0,0.0,0.0,1.0,0.0,0.0,0.0,0.0,0.0,0.0,0.0,0.0,0.0,0.0,0.0,0.0,0.0,0.0,0.0,0.0,0.0,0.0,0.0
15.0,6.0,1.0,2.0,1.0,0.0,5.0,0.0,0.0,0.0,0.0,2.0,2.0,0.0,0.0,0.0,0.0,0.0,0.0,0.0,0.0,2.0,1.0,0.0,0.0,2.0,0.0,0.0,1.0,0.0,0.0,0.0,0.0,0.0,0.0,0.0,0.0,0.0,0.0,0.0,0.0,0.0,0.0,0.0,1.0,0.0,0.0,0.0,0.0,0.0,0.0,0.0,0.0,0.0,0.0,0.0,0.0,0.0,0.0,0.0,0.0,0.0,0.0,0.0,0.0,0.0,0.0,0.0,1.0,0.0,0.0,2.0,0.0,1.0,0.0,0.0,0.0,0.0,0.0,0.0,0.0,0.0,0.0,0.0,0.0,0.0,0.0,0.0,0.0,0.0,0.0,0.0,0.0,0.0,0.0,0.0,0.0,0.0,0.0,0.0,0.0,0.0,0.0,0.0,0.0,0.0,1.0,0.0,0.0,0.0,0.0,0.0,0.0,0.0,0.0,0.0,0.0,0.0,0.0,0.0,0.0,0.0,0.0,0.0,0.0,0.0,0.0,0.0,0.0,0.0,0.0,0.0,0.0,0.0,0.0,0.0,0.0,0.0,0.0,0.0,0.0,0.0,0.0,0.0,0.0,0.0,0.0,0.0,0.0,0.0,0.0,0.0,0.0,0.0,0.0,0.0
39.0,11.0,16.0,2.0,2.0,2.0,13.0,0.0,15.0,2.0,4.0,6.0,0.0,0.0,0.0,2.0,0.0,2.0,0.0,0.0,0.0,12.0,0.0,2.0,2.0,11.0,0.0,0.0,1.0,0.0,0.0,0.0,0.0,8.0,0.0,6.0,0.0,0.0,0.0,1.0,0.0,5.0,0.0,0.0,1.0,0.0,0.0,0.0,0.0,0.0,0.0,0.0,0.0,0.0,0.0,0.0,0.0,0.0,0.0,0.0,0.0,0.0,0.0,0.0,0.0,0.0,0.0,0.0,0.0,0.0,0.0,0.0,0.0,0.0,0.0,0.0,0.0,0.0,0.0,0.0,0.0,18.0,0.0,0.0,0.0,2.0,0.0,0.0,0.0,0.0,0.0,0.0,0.0,0.0,0.0,0.0,18.0,0.0,6.0,0.0,0.0,2.0,0.0,0.0,0.0,0.0,0.0,0.0,0.0,0.0,0.0,2.0,0.0,0.0,0.0,0.0,18.0,0.0,0.0,0.0,0.0,0.0,0.0,0.0,0.0,0.0,0.0,0.0,0.0,0.0,0.0,0.0,0.0,0.0,0.0,0.0,0.0,0.0,0.0,0.0,0.0,0.0,0.0,0.0,0.0,0.0,0.0,0.0,0.0,0.0,0.0,0.0,0.0,0.0,0.0,0.0
21.0,6.0,8.0,2.0,2.0,2.0,4.0,2.0,6.0,0.0,0.0,1.0,1.0,0.0,0.0,0.0,0.0,0.0,1.0,1.0,0.0,3.0,0.0,0.0,0.0,2.0,0.0,0.0,1.0,0.0,1.0,3.0,2.0,1.0,1.0,3.0,0.0,0.0,2.0,0.0,0.0,1.0,0.0,0.0,1.0,0.0,1.0,0.0,0.0,0.0,0.0,0.0,0.0,0.0,1.0,0.0,0.0,0.0,0.0,0.0,0.0,0.0,1.0,3.0,1.0,0.0,0.0,0.0,0.0,0.0,0.0,0.0,0.0,0.0,0.0,0.0,0.0,0.0,0.0,0.0,0.0,4.0,1.0,0.0,0.0,0.0,0.0,0.0,0.0,0.0,0.0,0.0,0.0,0.0,0.0,0.0,3.0,0.0,1.0,0.0,0.0,0.0,0.0,0.0,0.0,0.0,0.0,1.0,0.0,0.0,0.0,0.0,0.0,0.0,0.0,0.0,3.0,0.0,0.0,0.0,0.0,0.0,0.0,0.0,0.0,0.0,0.0,0.0,2.0,0.0,0.0,0.0,0.0,0.0,0.0,0.0,0.0,1.0,0.0,1.0,0.0,0.0,0.0,0.0,0.0,0.0,1.0,0.0,0.0,0.0,0.0,0.0,0.0,0.0,0.0,0.0
11.0,4.0,4.0,1.0,2.0,2.0,3.0,2.0,1.0,0.0,0.0,1.0,0.0,2.0,0.0,0.0,0.0,0.0,0.0,0.0,0.0,3.0,0.0,0.0,0.0,2.0,0.0,0.0,1.0,0.0,0.0,0.0,0.0,0.0,1.0,0.0,0.0,0.0,0.0,0.0,0.0,1.0,0.0,0.0,1.0,1.0,1.0,1.0,0.0,0.0,0.0,0.0,0.0,0.0,0.0,2.0,1.0,0.0,0.0,0.0,0.0,0.0,0.0,0.0,0.0,0.0,0.0,0.0,0.0,0.0,0.0,0.0,0.0,0.0,0.0,0.0,0.0,1.0,0.0,0.0,0.0,2.0,0.0,0.0,0.0,0.0,0.0,0.0,0.0,0.0,0.0,0.0,0.0,0.0,0.0,0.0,1.0,0.0,0.0,0.0,0.0,0.0,0.0,0.0,0.0,0.0,0.0,0.0,0.0,0.0,0.0,0.0,0.0,0.0,0.0,0.0,1.0,0.0,0.0,0.0,0.0,0.0,0.0,0.0,0.0,1.0,0.0,0.0,0.0,0.0,0.0,0.0,0.0,0.0,0.0,0.0,1.0,0.0,0.0,0.0,0.0,1.0,0.0,0.0,0.0,0.0,0.0,0.0,0.0,0.0,0.0,0.0,0.0,0.0,1.0,0.0
14.0,4.0,3.0,2.0,2.0,2.0,3.0,2.0,0.0,0.0,0.0,1.0,0.0,2.0,0.0,0.0,0.0,0.0,0.0,0.0,0.0,3.0,0.0,0.0,0.0,2.0,0.0,0.0,1.0,0.0,0.0,0.0,0.0,0.0,1.0,0.0,0.0,0.0,0.0,0.0,0.0,1.0,0.0,0.0,1.0,0.0,1.0,1.0,0.0,0.0,0.0,0.0,0.0,0.0,0.0,0.0,1.0,0.0,0.0,0.0,0.0,0.0,0.0,0.0,0.0,0.0,0.0,0.0,1.0,0.0,0.0,1.0,0.0,1.0,0.0,0.0,0.0,0.0,1.0,0.0,0.0,0.0,0.0,0.0,0.0,0.0,0.0,0.0,0.0,0.0,0.0,0.0,0.0,0.0,0.0,0.0,0.0,0.0,0.0,0.0,0.0,0.0,0.0,0.0,0.0,0.0,0.0,0.0,0.0,0.0,0.0,0.0,0.0,0.0,0.0,0.0,0.0,0.0,0.0,0.0,0.0,0.0,0.0,0.0,0.0,0.0,0.0,0.0,0.0,0.0,0.0,0.0,0.0,0.0,0.0,0.0,0.0,0.0,0.0,0.0,0.0,0.0,0.0,0.0,0.0,0.0,0.0,0.0,0.0,0.0,0.0,0.0,0.0,0.0,0.0,0.0
67.0,7.0,20.0,9.0,5.0,13.0,4.0,5.0,20.0,4.0,8.0,2.0,4.0,2.0,6.0,5.0,10.0,3.0,0.0,0.0,4.0,0.0,4.0,2.0,21.0,0.0,2.0,0.0,0.0,1.0,0.0,5.0,0.0,6.0,0.0,13.0,1.0,5.0,0.0,8.0,6.0,0.0,1.0,1.0,0.0,0.0,0.0,0.0,1.0,6.0,4.0,8.0,0.0,5.0,0.0,0.0,0.0,0.0,2.0,10.0,10.0,5.0,0.0,9.0,0.0,0.0,1.0,4.0,0.0,2.0,1.0,0.0,5.0,0.0,1.0,1.0,8.0,0.0,0.0,0.0,0.0,0.0,2.0,1.0,14.0,0.0,0.0,0.0,1.0,1.0,1.0,0.0,1.0,2.0,6.0,0.0,0.0,4.0,12.0,4.0,0.0,0.0,0.0,2.0,0.0,2.0,0.0,2.0,0.0,2.0,9.0,0.0,0.0,0.0,0.0,0.0,0.0,0.0,0.0,0.0,0.0,0.0,0.0,0.0,1.0,0.0,2.0,1.0,0.0,0.0,0.0,0.0,2.0,1.0,2.0,0.0,0.0,8.0,0.0,1.0,0.0,0.0,1.0,2.0,0.0,0.0,0.0,1.0,2.0,2.0,0.0,1.0,1.0,0.0,0.0,0.0
47.0,6.0,14.0,6.0,5.0,7.0,2.0,5.0,14.0,4.0,8.0,1.0,2.0,2.0,6.0,5.0,10.0,3.0,0.0,0.0,4.0,0.0,2.0,2.0,9.0,0.0,2.0,0.0,0.0,1.0,0.0,5.0,0.0,4.0,0.0,13.0,1.0,5.0,0.0,2.0,6.0,0.0,1.0,1.0,0.0,0.0,0.0,0.0,1.0,6.0,4.0,8.0,0.0,2.0,0.0,0.0,0.0,0.0,2.0,4.0,10.0,5.0,0.0,9.0,0.0,0.0,1.0,4.0,0.0,1.0,1.0,0.0,5.0,0.0,1.0,1.0,8.0,0.0,0.0,0.0,0.0,0.0,0.0,1.0,14.0,0.0,0.0,0.0,1.0,1.0,1.0,0.0,1.0,2.0,6.0,0.0,0.0,4.0,12.0,4.0,0.0,0.0,0.0,2.0,0.0,2.0,0.0,2.0,0.0,2.0,9.0,0.0,0.0,0.0,0.0,0.0,0.0,0.0,0.0,0.0,0.0,0.0,0.0,0.0,1.0,0.0,2.0,1.0,0.0,0.0,0.0,0.0,2.0,1.0,2.0,0.0,0.0,8.0,0.0,1.0,0.0,0.0,1.0,2.0,0.0,0.0,0.0,1.0,2.0,2.0,0.0,1.0,1.0,0.0,0.0,0.0
44.0,4.0,6.0,6.0,4.0,6.0,0.0,4.0,0.0,12.0,11.0,0.0,0.0,4.0,3.0,5.0,3.0,6.0,0.0,0.0,3.0,0.0,0.0,5.0,0.0,0.0,3.0,0.0,0.0,3.0,0.0,0.0,0.0,0.0,0.0,0.0,3.0,0.0,0.0,0.0,0.0,0.0,1.0,3.0,0.0,0.0,0.0,0.0,0.0,0.0,0.0,0.0,0.0,0.0,0.0,0.0,0.0,0.0,2.0,0.0,0.0,0.0,0.0,0.0,0.0,0.0,1.0,0.0,0.0,0.0,2.0,0.0,0.0,0.0,2.0,2.0,0.0,0.0,0.0,0.0,0.0,0.0,0.0,2.0,0.0,4.0,0.0,0.0,2.0,2.0,2.0,0.0,0.0,0.0,0.0,0.0,0.0,0.0,0.0,0.0,0.0,4.0,0.0,0.0,0.0,0.0,0.0,0.0,0.0,0.0,0.0,2.0,2.0,0.0,2.0,0.0,0.0,0.0,0.0,0.0,0.0,0.0,0.0,0.0,0.0,0.0,0.0,0.0,0.0,0.0,0.0,0.0,0.0,0.0,0.0,0.0,0.0,0.0,2.0,0.0,2.0,0.0,0.0,0.0,0.0,0.0,0.0,0.0,0.0,0.0,0.0,0.0,0.0,0.0,0.0,0.0
47.0,5.0,8.0,7.0,2.0,6.0,3.0,4.0,8.0,0.0,0.0,1.0,3.0,4.0,0.0,0.0,0.0,0.0,1.0,1.0,0.0,0.0,2.0,0.0,10.0,0.0,0.0,3.0,0.0,0.0,0.0,0.0,3.0,4.0,0.0,0.0,0.0,0.0,3.0,3.0,0.0,0.0,0.0,0.0,0.0,0.0,0.0,0.0,0.0,0.0,0.0,0.0,7.0,0.0,6.0,0.0,0.0,2.0,0.0,6.0,0.0,0.0,3.0,0.0,6.0,0.0,0.0,0.0,0.0,1.0,0.0,0.0,0.0,0.0,0.0,0.0,0.0,0.0,0.0,0.0,0.0,0.0,0.0,0.0,0.0,0.0,4.0,0.0,0.0,0.0,0.0,0.0,0.0,0.0,0.0,2.0,0.0,0.0,0.0,0.0,0.0,0.0,0.0,0.0,0.0,0.0,0.0,0.0,0.0,0.0,0.0,0.0,0.0,0.0,0.0,0.0,0.0,1.0,0.0,0.0,0.0,0.0,0.0,0.0,0.0,0.0,0.0,0.0,0.0,0.0,4.0,0.0,0.0,0.0,0.0,0.0,0.0,0.0,0.0,0.0,0.0,0.0,0.0,0.0,0.0,0.0,0.0,0.0,0.0,0.0,0.0,0.0,0.0,0.0,0.0,0.0
38.0,5.0,4.0,6.0,2.0,4.0,3.0,4.0,2.0,0.0,0.0,1.0,3.0,4.0,0.0,0.0,0.0,0.0,1.0,1.0,0.0,0.0,2.0,0.0,4.0,0.0,0.0,1.0,0.0,0.0,0.0,0.0,3.0,0.0,0.0,0.0,0.0,0.0,3.0,2.0,0.0,0.0,0.0,0.0,0.0,0.0,0.0,0.0,0.0,0.0,0.0,0.0,1.0,0.0,6.0,0.0,0.0,1.0,0.0,0.0,0.0,0.0,3.0,0.0,6.0,0.0,0.0,0.0,0.0,1.0,0.0,0.0,0.0,0.0,0.0,0.0,0.0,0.0,0.0,0.0,0.0,0.0,0.0,0.0,0.0,0.0,1.0,0.0,0.0,0.0,0.0,0.0,0.0,0.0,0.0,1.0,0.0,0.0,0.0,0.0,0.0,0.0,0.0,0.0,0.0,0.0,0.0,0.0,0.0,0.0,0.0,0.0,0.0,0.0,0.0,0.0,0.0,1.0,0.0,0.0,0.0,0.0,0.0,0.0,0.0,0.0,0.0,0.0,0.0,0.0,4.0,0.0,0.0,0.0,0.0,0.0,0.0,0.0,0.0,0.0,0.0,0.0,0.0,0.0,0.0,0.0,0.0,0.0,0.0,0.0,0.0,0.0,0.0,0.0,0.0,0.0
44.0,7.0,4.0,7.0,2.0,4.0,3.0,4.0,2.0,0.0,0.0,1.0,3.0,4.0,0.0,0.0,0.0,0.0,1.0,1.0,0.0,0.0,2.0,0.0,4.0,0.0,0.0,1.0,0.0,0.0,0.0,0.0,3.0,0.0,0.0,0.0,0.0,0.0,3.0,2.0,0.0,0.0,0.0,0.0,0.0,0.0,0.0,0.0,0.0,0.0,0.0,0.0,1.0,0.0,6.0,0.0,0.0,1.0,0.0,0.0,0.0,0.0,3.0,0.0,6.0,0.0,0.0,0.0,0.0,1.0,0.0,0.0,0.0,0.0,0.0,0.0,0.0,0.0,0.0,0.0,0.0,0.0,0.0,0.0,0.0,0.0,1.0,0.0,0.0,0.0,0.0,0.0,0.0,0.0,0.0,1.0,0.0,0.0,0.0,0.0,0.0,0.0,0.0,0.0,0.0,0.0,1.0,0.0,0.0,0.0,0.0,0.0,0.0,0.0,0.0,0.0,0.0,1.0,0.0,0.0,0.0,0.0,0.0,0.0,0.0,0.0,0.0,0.0,0.0,0.0,4.0,0.0,0.0,0.0,0.0,0.0,0.0,0.0,0.0,0.0,0.0,0.0,0.0,0.0,0.0,0.0,0.0,0.0,0.0,0.0,0.0,0.0,0.0,0.0,0.0,0.0
40.0,6.0,10.0,4.0,6.0,6.0,0.0,6.0,6.0,7.0,13.0,0.0,0.0,4.0,6.0,8.0,8.0,3.0,0.0,0.0,6.0,0.0,0.0,4.0,6.0,0.0,2.0,0.0,0.0,4.0,0.0,0.0,0.0,4.0,0.0,0.0,6.0,2.0,0.0,1.0,4.0,0.0,2.0,2.0,0.0,2.0,0.0,0.0,1.0,0.0,2.0,0.0,0.0,2.0,0.0,2.0,0.0,0.0,2.0,6.0,0.0,1.0,0.0,0.0,0.0,4.0,0.0,0.0,0.0,0.0,3.0,0.0,0.0,0.0,3.0,2.0,0.0,0.0,0.0,4.0,1.0,0.0,0.0,1.0,0.0,0.0,0.0,2.0,0.0,0.0,0.0,1.0,0.0,0.0,0.0,0.0,0.0,0.0,0.0,0.0,2.0,0.0,2.0,0.0,2.0,0.0,2.0,0.0,2.0,0.0,0.0,0.0,0.0,1.0,0.0,0.0,0.0,0.0,1.0,1.0,2.0,0.0,2.0,0.0,0.0,0.0,0.0,0.0,0.0,0.0,0.0,1.0,0.0,0.0,0.0,0.0,0.0,0.0,0.0,0.0,0.0,0.0,0.0,0.0,0.0,0.0,0.0,0.0,0.0,0.0,0.0,0.0,0.0,0.0,0.0,0.0
37.0,6.0,7.0,4.0,6.0,6.0,0.0,6.0,0.0,7.0,13.0,0.0,0.0,4.0,6.0,8.0,8.0,3.0,0.0,0.0,6.0,0.0,0.0,4.0,0.0,0.0,2.0,0.0,0.0,4.0,0.0,0.0,0.0,0.0,0.0,0.0,6.0,2.0,0.0,0.0,4.0,0.0,2.0,2.0,0.0,2.0,0.0,0.0,1.0,0.0,2.0,0.0,0.0,2.0,0.0,2.0,0.0,0.0,2.0,0.0,0.0,1.0,0.0,0.0,0.0,4.0,0.0,0.0,0.0,0.0,3.0,0.0,0.0,0.0,3.0,2.0,0.0,0.0,0.0,4.0,1.0,0.0,0.0,1.0,0.0,0.0,0.0,2.0,0.0,0.0,0.0,1.0,0.0,0.0,0.0,0.0,0.0,0.0,0.0,0.0,2.0,0.0,2.0,0.0,2.0,0.0,2.0,0.0,2.0,0.0,0.0,0.0,0.0,1.0,0.0,0.0,0.0,0.0,1.0,1.0,2.0,0.0,2.0,0.0,0.0,0.0,0.0,0.0,0.0,0.0,0.0,1.0,0.0,0.0,0.0,0.0,0.0,0.0,0.0,0.0,0.0,0.0,0.0,0.0,0.0,0.0,0.0,0.0,0.0,0.0,0.0,0.0,0.0,0.0,0.0,0.0
37.0,7.0,12.0,3.0,6.0,4.0,2.0,6.0,6.0,7.0,13.0,1.0,2.0,4.0,10.0,8.0,14.0,1.0,0.0,0.0,6.0,0.0,2.0,1.0,0.0,0.0,0.0,2.0,0.0,4.0,0.0,0.0,0.0,0.0,0.0,6.0,6.0,6.0,0.0,0.0,8.0,0.0,0.0,0.0,0.0,0.0,0.0,0.0,1.0,4.0,4.0,6.0,0.0,2.0,0.0,0.0,0.0,2.0,0.0,0.0,6.0,5.0,0.0,0.0,0.0,4.0,0.0,1.0,0.0,1.0,0.0,0.0,0.0,0.0,0.0,0.0,4.0,0.0,0.0,4.0,1.0,0.0,0.0,0.0,6.0,0.0,0.0,2.0,0.0,0.0,0.0,0.0,0.0,0.0,4.0,2.0,0.0,4.0,0.0,0.0,0.0,0.0,0.0,0.0,0.0,0.0,2.0,0.0,0.0,0.0,0.0,0.0,0.0,0.0,0.0,0.0,0.0,2.0,0.0,0.0,0.0,0.0,0.0,0.0,0.0,0.0,0.0,0.0,0.0,4.0,0.0,0.0,0.0,0.0,0.0,0.0,0.0,0.0,0.0,0.0,0.0,0.0,0.0,2.0,0.0,2.0,0.0,0.0,0.0,0.0,0.0,0.0,0.0,0.0,0.0,0.0
64.0,8.0,20.0,8.0,5.0,10.0,5.0,5.0,24.0,4.0,8.0,2.0,4.0,1.0,5.0,5.0,7.0,3.0,0.0,0.0,5.0,1.0,4.0,3.0,18.0,0.0,3.0,2.0,0.0,1.0,0.0,8.0,0.0,12.0,0.0,8.0,1.0,2.0,0.0,2.0,4.0,0.0,2.0,1.0,0.0,2.0,0.0,1.0,1.0,8.0,2.0,0.0,6.0,2.0,0.0,0.0,0.0,2.0,0.0,16.0,10.0,1.0,0.0,8.0,0.0,0.0,0.0,0.0,0.0,2.0,0.0,0.0,8.0,0.0,0.0,0.0,6.0,0.0,0.0,0.0,0.0,0.0,0.0,0.0,7.0,1.0,6.0,0.0,0.0,0.0,0.0,1.0,4.0,0.0,8.0,2.0,0.0,4.0,8.0,0.0,0.0,2.0,0.0,0.0,2.0,0.0,0.0,4.0,0.0,0.0,4.0,2.0,2.0,0.0,2.0,0.0,0.0,0.0,0.0,0.0,0.0,0.0,0.0,0.0,1.0,0.0,0.0,1.0,0.0,0.0,0.0,0.0,2.0,0.0,0.0,0.0,0.0,8.0,0.0,2.0,0.0,0.0,1.0,0.0,0.0,0.0,0.0,4.0,6.0,0.0,4.0,0.0,0.0,0.0,0.0,0.0
61.0,9.0,16.0,8.0,5.0,8.0,7.0,5.0,18.0,4.0,8.0,3.0,6.0,1.0,5.0,5.0,7.0,3.0,0.0,0.0,5.0,1.0,6.0,3.0,12.0,0.0,3.0,4.0,0.0,1.0,0.0,8.0,0.0,8.0,0.0,8.0,1.0,2.0,0.0,1.0,4.0,0.0,0.0,1.0,0.0,0.0,0.0,1.0,1.0,8.0,2.0,0.0,10.0,2.0,0.0,0.0,0.0,4.0,0.0,10.0,10.0,1.0,0.0,8.0,0.0,0.0,0.0,0.0,0.0,3.0,0.0,0.0,8.0,0.0,0.0,0.0,6.0,0.0,0.0,0.0,0.0,0.0,0.0,0.0,7.0,1.0,10.0,0.0,0.0,0.0,0.0,1.0,4.0,0.0,8.0,4.0,0.0,4.0,8.0,0.0,0.0,2.0,0.0,0.0,0.0,0.0,0.0,4.0,0.0,0.0,4.0,2.0,2.0,0.0,2.0,0.0,0.0,0.0,0.0,0.0,0.0,0.0,0.0,0.0,1.0,0.0,0.0,1.0,0.0,0.0,0.0,0.0,2.0,0.0,0.0,0.0,0.0,8.0,0.0,2.0,0.0,0.0,1.0,0.0,0.0,0.0,0.0,4.0,6.0,0.0,4.0,0.0,0.0,0.0,0.0,0.0
55.0,8.0,16.0,7.0,6.0,8.0,4.0,6.0,18.0,4.0,9.0,2.0,4.0,2.0,6.0,6.0,8.0,3.0,0.0,0.0,6.0,0.0,4.0,4.0,12.0,0.0,4.0,2.0,0.0,2.0,0.0,8.0,0.0,8.0,0.0,8.0,2.0,2.0,0.0,1.0,4.0,0.0,2.0,2.0,0.0,2.0,0.0,0.0,1.0,8.0,2.0,0.0,6.0,2.0,0.0,0.0,0.0,2.0,0.0,10.0,10.0,1.0,0.0,8.0,0.0,0.0,0.0,0.0,0.0,2.0,0.0,0.0,8.0,0.0,0.0,0.0,6.0,0.0,0.0,0.0,0.0,0.0,0.0,0.0,7.0,1.0,6.0,0.0,0.0,0.0,0.0,1.0,4.0,0.0,8.0,2.0,0.0,4.0,8.0,0.0,0.0,2.0,0.0,0.0,4.0,0.0,0.0,4.0,0.0,0.0,4.0,2.0,2.0,0.0,2.0,0.0,0.0,0.0,0.0,0.0,0.0,0.0,0.0,0.0,2.0,0.0,0.0,2.0,0.0,0.0,0.0,0.0,2.0,0.0,0.0,0.0,0.0,8.0,0.0,2.0,0.0,0.0,2.0,0.0,0.0,0.0,0.0,4.0,6.0,0.0,4.0,0.0,0.0,0.0,0.0,0.0
62.0,9.0,18.0,8.0,7.0,10.0,4.0,8.0,19.0,4.0,9.0,2.0,4.0,4.0,6.0,6.0,8.0,3.0,0.0,0.0,6.0,0.0,4.0,4.0,14.0,0.0,4.0,2.0,0.0,2.0,0.0,8.0,0.0,8.0,0.0,8.0,2.0,2.0,0.0,2.0,4.0,0.0,2.0,2.0,0.0,2.0,0.0,0.0,1.0,8.0,2.0,0.0,6.0,2.0,0.0,2.0,0.0,2.0,2.0,10.0,10.0,1.0,0.0,8.0,0.0,0.0,0.0,0.0,0.0,2.0,0.0,0.0,8.0,0.0,0.0,0.0,6.0,0.0,0.0,0.0,0.0,0.0,0.0,0.0,7.0,1.0,6.0,0.0,0.0,0.0,0.0,1.0,4.0,0.0,8.0,2.0,0.0,4.0,8.0,0.0,0.0,2.0,0.0,0.0,2.0,0.0,0.0,4.0,0.0,0.0,4.0,2.0,2.0,0.0,2.0,0.0,0.0,0.0,0.0,0.0,0.0,0.0,0.0,0.0,2.0,0.0,0.0,2.0,0.0,0.0,2.0,0.0,2.0,0.0,0.0,0.0,0.0,8.0,0.0,2.0,0.0,0.0,2.0,0.0,0.0,0.0,0.0,4.0,6.0,0.0,4.0,0.0,0.0,0.0,0.0,0.0
59.0,8.0,16.0,8.0,6.0,8.0,4.0,6.0,18.0,4.0,9.0,2.0,4.0,2.0,6.0,6.0,8.0,3.0,0.0,0.0,6.0,0.0,4.0,4.0,14.0,0.0,4.0,2.0,0.0,2.0,0.0,8.0,0.0,8.0,0.0,8.0,2.0,2.0,0.0,1.0,4.0,0.0,0.0,2.0,0.0,2.0,0.0,0.0,1.0,8.0,2.0,0.0,6.0,0.0,0.0,0.0,0.0,2.0,0.0,10.0,10.0,1.0,0.0,8.0,0.0,0.0,0.0,0.0,0.0,2.0,0.0,0.0,8.0,0.0,0.0,0.0,6.0,0.0,0.0,0.0,0.0,0.0,0.0,0.0,7.0,1.0,6.0,0.0,0.0,0.0,0.0,1.0,4.0,0.0,8.0,2.0,0.0,4.0,8.0,0.0,0.0,2.0,0.0,0.0,0.0,0.0,0.0,4.0,0.0,0.0,8.0,2.0,2.0,0.0,2.0,0.0,0.0,0.0,0.0,0.0,0.0,0.0,0.0,0.0,2.0,0.0,0.0,2.0,0.0,0.0,0.0,0.0,2.0,0.0,0.0,0.0,0.0,8.0,0.0,2.0,0.0,0.0,2.0,0.0,0.0,0.0,0.0,4.0,6.0,0.0,4.0,0.0,0.0,0.0,0.0,0.0
38.0,6.0,13.0,4.0,4.0,2.0,2.0,4.0,12.0,2.0,5.0,1.0,2.0,0.0,4.0,4.0,4.0,1.0,1.0,1.0,4.0,0.0,2.0,2.0,4.0,0.0,2.0,2.0,0.0,0.0,0.0,8.0,3.0,2.0,0.0,5.0,0.0,0.0,3.0,0.0,4.0,0.0,0.0,0.0,0.0,0.0,0.0,0.0,1.0,6.0,1.0,4.0,4.0,0.0,4.0,0.0,0.0,2.0,0.0,2.0,5.0,0.0,3.0,0.0,4.0,0.0,0.0,3.0,0.0,1.0,0.0,0.0,8.0,0.0,0.0,0.0,0.0,0.0,0.0,0.0,0.0,0.0,0.0,0.0,0.0,0.0,4.0,0.0,0.0,0.0,0.0,1.0,3.0,0.0,4.0,2.0,0.0,0.0,0.0,0.0,0.0,0.0,0.0,0.0,0.0,0.0,0.0,4.0,0.0,0.0,0.0,0.0,0.0,0.0,0.0,0.0,0.0,0.0,0.0,0.0,0.0,0.0,0.0,0.0,0.0,0.0,0.0,0.0,0.0,0.0,0.0,0.0,0.0,0.0,0.0,0.0,0.0,0.0,0.0,0.0,0.0,0.0,0.0,0.0,0.0,0.0,2.0,4.0,4.0,0.0,4.0,0.0,0.0,0.0,0.0,0.0
26.0,2.0,5.0,4.0,2.0,2.0,0.0,3.0,2.0,1.0,2.0,0.0,0.0,1.0,1.0,1.0,1.0,1.0,0.0,0.0,1.0,0.0,0.0,1.0,1.0,0.0,1.0,0.0,0.0,0.0,0.0,1.0,0.0,0.0,0.0,0.0,0.0,0.0,0.0,0.0,0.0,0.0,0.0,0.0,0.0,0.0,0.0,0.0,0.0,1.0,0.0,0.0,0.0,0.0,0.0,0.0,0.0,0.0,0.0,0.0,1.0,0.0,0.0,0.0,0.0,0.0,0.0,0.0,0.0,0.0,0.0,0.0,1.0,0.0,0.0,0.0,0.0,0.0,0.0,0.0,0.0,0.0,0.0,0.0,0.0,1.0,0.0,0.0,0.0,0.0,0.0,0.0,1.0,0.0,0.0,0.0,0.0,0.0,0.0,0.0,0.0,1.0,0.0,0.0,0.0,0.0,0.0,0.0,0.0,0.0,0.0,1.0,1.0,0.0,1.0,0.0,0.0,0.0,0.0,0.0,0.0,0.0,0.0,0.0,0.0,0.0,0.0,0.0,0.0,0.0,1.0,0.0,0.0,0.0,0.0,0.0,0.0,0.0,0.0,0.0,0.0,0.0,0.0,0.0,0.0,0.0,0.0,0.0,0.0,0.0,0.0,0.0,0.0,0.0,0.0,0.0
23.0,3.0,5.0,3.0,2.0,2.0,2.0,3.0,2.0,1.0,2.0,1.0,1.0,1.0,1.0,1.0,1.0,1.0,0.0,0.0,1.0,0.0,1.0,1.0,1.0,0.0,1.0,0.0,0.0,0.0,0.0,1.0,0.0,0.0,0.0,0.0,0.0,0.0,0.0,0.0,0.0,0.0,0.0,0.0,0.0,0.0,0.0,0.0,0.0,1.0,0.0,0.0,0.0,0.0,0.0,0.0,0.0,0.0,0.0,0.0,1.0,0.0,0.0,0.0,0.0,0.0,0.0,0.0,0.0,0.0,0.0,0.0,1.0,0.0,0.0,0.0,0.0,0.0,0.0,0.0,0.0,0.0,0.0,0.0,0.0,1.0,0.0,0.0,0.0,0.0,0.0,0.0,1.0,0.0,0.0,0.0,0.0,0.0,0.0,0.0,0.0,1.0,0.0,0.0,0.0,0.0,0.0,0.0,0.0,0.0,0.0,1.0,1.0,0.0,1.0,0.0,0.0,0.0,0.0,0.0,0.0,0.0,0.0,0.0,0.0,0.0,0.0,0.0,0.0,0.0,1.0,0.0,0.0,0.0,0.0,0.0,0.0,0.0,0.0,0.0,0.0,0.0,0.0,0.0,0.0,0.0,0.0,0.0,0.0,0.0,0.0,0.0,0.0,0.0,0.0,0.0
22.0,5.0,10.0,2.0,4.0,0.0,2.0,4.0,14.0,2.0,5.0,1.0,2.0,0.0,4.0,4.0,6.0,1.0,0.0,0.0,4.0,0.0,2.0,2.0,0.0,0.0,2.0,0.0,0.0,0.0,0.0,8.0,0.0,4.0,0.0,16.0,0.0,2.0,0.0,0.0,4.0,0.0,0.0,0.0,0.0,0.0,0.0,0.0,1.0,8.0,2.0,16.0,0.0,0.0,0.0,0.0,0.0,0.0,0.0,0.0,10.0,1.0,0.0,12.0,0.0,0.0,0.0,13.0,0.0,1.0,0.0,0.0,8.0,0.0,0.0,0.0,10.0,0.0,0.0,0.0,0.0,0.0,0.0,0.0,13.0,0.0,0.0,0.0,0.0,0.0,0.0,1.0,4.0,0.0,8.0,0.0,0.0,4.0,12.0,12.0,0.0,0.0,0.0,0.0,0.0,0.0,0.0,4.0,0.0,0.0,0.0,0.0,0.0,0.0,0.0,16.0,0.0,0.0,0.0,0.0,0.0,0.0,0.0,0.0,2.0,0.0,0.0,2.0,0.0,0.0,0.0,0.0,1.0,0.0,0.0,0.0,0.0,12.0,0.0,2.0,0.0,0.0,2.0,0.0,0.0,0.0,0.0,0.0,0.0,0.0,0.0,0.0,0.0,0.0,0.0,0.0
40.0,7.0,10.0,5.0,4.0,0.0,4.0,4.0,14.0,2.0,5.0,2.0,4.0,0.0,4.0,4.0,6.0,1.0,1.0,1.0,4.0,0.0,4.0,2.0,0.0,0.0,2.0,0.0,0.0,0.0,0.0,8.0,3.0,4.0,0.0,16.0,0.0,2.0,3.0,0.0,4.0,0.0,0.0,0.0,0.0,0.0,0.0,0.0,1.0,8.0,2.0,16.0,0.0,0.0,6.0,0.0,0.0,0.0,0.0,0.0,10.0,1.0,3.0,12.0,6.0,0.0,0.0,13.0,0.0,2.0,0.0,0.0,8.0,0.0,0.0,0.0,10.0,0.0,0.0,0.0,0.0,0.0,0.0,0.0,13.0,0.0,0.0,0.0,0.0,0.0,0.0,1.0,4.0,0.0,8.0,0.0,0.0,4.0,12.0,12.0,0.0,0.0,0.0,0.0,0.0,0.0,0.0,4.0,0.0,0.0,0.0,0.0,0.0,0.0,0.0,16.0,0.0,0.0,0.0,0.0,0.0,0.0,0.0,0.0,2.0,0.0,0.0,2.0,0.0,0.0,0.0,0.0,1.0,0.0,0.0,0.0,0.0,12.0,0.0,2.0,0.0,0.0,2.0,0.0,0.0,0.0,0.0,0.0,0.0,0.0,0.0,0.0,0.0,0.0,0.0,0.0
38.0,6.0,8.0,5.0,6.0,7.0,0.0,6.0,1.0,5.0,10.0,0.0,0.0,5.0,7.0,6.0,11.0,4.0,0.0,0.0,5.0,0.0,0.0,3.0,0.0,0.0,3.0,0.0,0.0,4.0,0.0,1.0,0.0,0.0,0.0,0.0,6.0,5.0,0.0,0.0,6.0,0.0,1.0,2.0,0.0,0.0,0.0,0.0,1.0,1.0,4.0,0.0,0.0,1.0,0.0,0.0,0.0,0.0,2.0,0.0,1.0,5.0,0.0,0.0,0.0,2.0,1.0,0.0,0.0,0.0,1.0,0.0,1.0,0.0,1.0,1.0,0.0,0.0,0.0,2.0,1.0,0.0,0.0,1.0,0.0,3.0,0.0,2.0,1.0,1.0,1.0,0.0,1.0,2.0,0.0,0.0,0.0,0.0,0.0,0.0,0.0,2.0,0.0,2.0,0.0,2.0,0.0,0.0,0.0,2.0,0.0,2.0,2.0,0.0,2.0,0.0,0.0,0.0,0.0,0.0,0.0,0.0,0.0,0.0,0.0,0.0,2.0,0.0,0.0,4.0,0.0,0.0,0.0,1.0,2.0,0.0,0.0,0.0,1.0,0.0,1.0,0.0,0.0,2.0,0.0,2.0,0.0,0.0,0.0,0.0,0.0,1.0,1.0,2.0,0.0,0.0
72.0,4.0,12.0,10.0,2.0,12.0,4.0,2.0,0.0,8.0,3.0,2.0,4.0,2.0,1.0,1.0,1.0,2.0,0.0,0.0,1.0,0.0,4.0,1.0,0.0,0.0,1.0,2.0,0.0,1.0,0.0,0.0,0.0,0.0,0.0,0.0,1.0,0.0,0.0,0.0,0.0,0.0,0.0,1.0,0.0,2.0,0.0,0.0,0.0,0.0,0.0,0.0,0.0,0.0,0.0,2.0,0.0,2.0,0.0,0.0,0.0,0.0,0.0,0.0,0.0,0.0,0.0,0.0,0.0,2.0,0.0,0.0,0.0,0.0,0.0,0.0,0.0,1.0,0.0,0.0,0.0,0.0,2.0,0.0,0.0,0.0,0.0,0.0,0.0,0.0,0.0,0.0,0.0,2.0,0.0,2.0,0.0,0.0,0.0,0.0,1.0,0.0,1.0,1.0,0.0,1.0,0.0,0.0,0.0,0.0,0.0,0.0,0.0,0.0,0.0,0.0,0.0,0.0,1.0,1.0,0.0,1.0,0.0,1.0,1.0,0.0,0.0,1.0,0.0,0.0,0.0,0.0,2.0,0.0,0.0,0.0,0.0,0.0,0.0,0.0,0.0,0.0,1.0,0.0,0.0,0.0,0.0,0.0,0.0,0.0,0.0,0.0,0.0,0.0,0.0,0.0
71.0,4.0,12.0,9.0,2.0,10.0,4.0,2.0,0.0,9.0,3.0,2.0,4.0,0.0,1.0,1.0,1.0,2.0,0.0,0.0,1.0,0.0,4.0,1.0,0.0,0.0,1.0,2.0,0.0,0.0,0.0,0.0,0.0,0.0,0.0,0.0,0.0,0.0,0.0,0.0,0.0,0.0,0.0,0.0,0.0,1.0,0.0,0.0,0.0,0.0,0.0,0.0,0.0,0.0,0.0,0.0,0.0,2.0,0.0,0.0,0.0,0.0,0.0,0.0,0.0,0.0,0.0,0.0,0.0,2.0,0.0,0.0,0.0,0.0,0.0,0.0,0.0,0.0,0.0,0.0,0.0,0.0,2.0,0.0,0.0,0.0,0.0,0.0,0.0,0.0,0.0,0.0,0.0,2.0,0.0,2.0,0.0,0.0,0.0,0.0,0.0,0.0,0.0,1.0,0.0,1.0,0.0,0.0,0.0,0.0,0.0,0.0,0.0,0.0,0.0,0.0,0.0,0.0,0.0,0.0,0.0,0.0,0.0,0.0,1.0,0.0,0.0,1.0,0.0,0.0,0.0,0.0,2.0,0.0,0.0,0.0,0.0,0.0,0.0,0.0,0.0,0.0,1.0,0.0,0.0,0.0,0.0,0.0,0.0,0.0,0.0,0.0,0.0,0.0,0.0,0.0
74.0,4.0,19.0,9.0,2.0,10.0,4.0,2.0,8.0,8.0,3.0,2.0,4.0,0.0,1.0,1.0,1.0,2.0,0.0,0.0,1.0,0.0,4.0,1.0,0.0,0.0,1.0,2.0,0.0,0.0,0.0,2.0,0.0,0.0,0.0,7.0,0.0,0.0,0.0,0.0,0.0,0.0,0.0,0.0,0.0,1.0,0.0,0.0,0.0,1.0,0.0,6.0,0.0,0.0,0.0,0.0,0.0,2.0,0.0,0.0,1.0,0.0,0.0,2.0,0.0,0.0,0.0,5.0,0.0,2.0,0.0,0.0,1.0,0.0,0.0,0.0,1.0,0.0,0.0,0.0,0.0,0.0,2.0,0.0,1.0,0.0,0.0,0.0,0.0,0.0,0.0,0.0,1.0,2.0,0.0,2.0,0.0,0.0,0.0,2.0,0.0,0.0,0.0,1.0,0.0,1.0,0.0,0.0,0.0,0.0,0.0,0.0,0.0,0.0,0.0,2.0,0.0,0.0,0.0,0.0,0.0,0.0,0.0,0.0,1.0,0.0,0.0,1.0,0.0,0.0,0.0,0.0,2.0,0.0,0.0,0.0,0.0,0.0,0.0,0.0,0.0,0.0,1.0,0.0,0.0,0.0,0.0,0.0,0.0,0.0,0.0,0.0,0.0,0.0,0.0,0.0
29.0,2.0,8.0,3.0,2.0,3.0,0.0,2.0,4.0,3.0,3.0,0.0,0.0,0.0,1.0,1.0,1.0,2.0,0.0,0.0,1.0,0.0,0.0,1.0,0.0,0.0,1.0,0.0,0.0,0.0,0.0,2.0,0.0,0.0,0.0,3.0,0.0,0.0,0.0,0.0,0.0,0.0,0.0,0.0,0.0,0.0,0.0,0.0,0.0,1.0,0.0,2.0,0.0,0.0,0.0,0.0,0.0,0.0,0.0,0.0,1.0,0.0,0.0,2.0,0.0,0.0,0.0,1.0,0.0,0.0,0.0,0.0,1.0,0.0,0.0,0.0,1.0,0.0,0.0,0.0,0.0,0.0,0.0,0.0,1.0,2.0,0.0,0.0,0.0,0.0,0.0,0.0,1.0,0.0,0.0,0.0,0.0,0.0,0.0,2.0,0.0,1.0,0.0,0.0,0.0,0.0,0.0,0.0,0.0,0.0,0.0,1.0,1.0,0.0,1.0,2.0,0.0,0.0,0.0,0.0,0.0,0.0,0.0,0.0,0.0,0.0,0.0,0.0,0.0,0.0,0.0,0.0,0.0,0.0,0.0,1.0,0.0,0.0,0.0,0.0,0.0,0.0,0.0,0.0,0.0,0.0,0.0,0.0,0.0,0.0,0.0,0.0,0.0,0.0,0.0,0.0
35.0,3.0,6.0,5.0,0.0,4.0,3.0,0.0,6.0,0.0,0.0,1.0,3.0,0.0,0.0,0.0,0.0,0.0,1.0,1.0,0.0,0.0,2.0,0.0,6.0,0.0,0.0,2.0,0.0,0.0,0.0,0.0,3.0,4.0,0.0,0.0,0.0,0.0,3.0,1.0,0.0,0.0,0.0,0.0,0.0,0.0,0.0,0.0,0.0,0.0,0.0,0.0,6.0,0.0,6.0,0.0,0.0,1.0,0.0,6.0,0.0,0.0,3.0,0.0,6.0,0.0,0.0,0.0,0.0,1.0,0.0,0.0,0.0,0.0,0.0,0.0,0.0,0.0,0.0,0.0,0.0,0.0,1.0,0.0,0.0,0.0,3.0,0.0,0.0,0.0,0.0,0.0,0.0,0.0,0.0,1.0,0.0,0.0,0.0,0.0,0.0,0.0,0.0,0.0,0.0,0.0,0.0,0.0,0.0,0.0,0.0,0.0,0.0,0.0,0.0,0.0,0.0,0.0,0.0,0.0,0.0,0.0,0.0,0.0,0.0,0.0,0.0,0.0,0.0,0.0,0.0,0.0,0.0,0.0,0.0,0.0,0.0,0.0,0.0,0.0,0.0,0.0,0.0,0.0,0.0,0.0,0.0,0.0,0.0,0.0,0.0,0.0,0.0,0.0,0.0,0.0
36.0,4.0,6.0,5.0,0.0,4.0,5.0,0.0,6.0,0.0,0.0,2.0,4.0,0.0,0.0,0.0,0.0,0.0,1.0,1.0,0.0,0.0,3.0,0.0,6.0,0.0,0.0,2.0,0.0,0.0,0.0,0.0,3.0,4.0,0.0,0.0,0.0,0.0,3.0,1.0,0.0,0.0,0.0,0.0,0.0,0.0,0.0,0.0,0.0,0.0,0.0,0.0,6.0,0.0,6.0,0.0,0.0,1.0,0.0,6.0,0.0,0.0,3.0,0.0,6.0,0.0,0.0,0.0,0.0,1.0,0.0,0.0,0.0,0.0,0.0,0.0,0.0,0.0,0.0,0.0,0.0,0.0,1.0,0.0,0.0,0.0,3.0,0.0,0.0,0.0,0.0,0.0,0.0,0.0,0.0,1.0,0.0,0.0,0.0,0.0,0.0,0.0,0.0,0.0,0.0,0.0,0.0,0.0,0.0,0.0,0.0,0.0,0.0,0.0,0.0,0.0,0.0,0.0,0.0,0.0,0.0,0.0,0.0,0.0,0.0,0.0,0.0,0.0,0.0,0.0,0.0,0.0,0.0,0.0,0.0,0.0,0.0,0.0,0.0,0.0,0.0,0.0,0.0,0.0,0.0,0.0,0.0,0.0,0.0,0.0,0.0,0.0,0.0,0.0,0.0,0.0
30.0,5.0,0.0,5.0,0.0,0.0,3.0,0.0,0.0,0.0,0.0,1.0,3.0,0.0,0.0,0.0,0.0,0.0,1.0,1.0,0.0,0.0,2.0,0.0,0.0,0.0,0.0,0.0,0.0,0.0,0.0,0.0,3.0,0.0,0.0,0.0,0.0,0.0,3.0,0.0,0.0,0.0,0.0,0.0,0.0,0.0,0.0,0.0,0.0,0.0,0.0,0.0,0.0,0.0,6.0,0.0,0.0,0.0,0.0,0.0,0.0,0.0,3.0,0.0,6.0,0.0,0.0,0.0,0.0,1.0,0.0,0.0,0.0,0.0,0.0,0.0,0.0,0.0,0.0,0.0,0.0,0.0,0.0,0.0,0.0,0.0,0.0,0.0,0.0,0.0,0.0,0.0,0.0,0.0,0.0,0.0,0.0,0.0,0.0,0.0,0.0,0.0,0.0,0.0,0.0,0.0,1.0,0.0,0.0,0.0,0.0,0.0,0.0,0.0,0.0,0.0,0.0,0.0,0.0,0.0,0.0,0.0,0.0,0.0,0.0,0.0,0.0,0.0,0.0,0.0,0.0,0.0,0.0,0.0,0.0,0.0,0.0,0.0,0.0,0.0,0.0,0.0,0.0,0.0,0.0,0.0,0.0,0.0,0.0,0.0,0.0,0.0,0.0,0.0,0.0,0.0
29.0,2.0,8.0,3.0,2.0,3.0,0.0,2.0,4.0,3.0,3.0,0.0,0.0,0.0,1.0,1.0,1.0,2.0,0.0,0.0,1.0,0.0,0.0,1.0,0.0,0.0,1.0,0.0,0.0,0.0,0.0,2.0,0.0,0.0,0.0,3.0,0.0,0.0,0.0,0.0,0.0,0.0,0.0,0.0,0.0,0.0,0.0,0.0,0.0,1.0,0.0,2.0,0.0,0.0,0.0,0.0,0.0,0.0,0.0,0.0,1.0,0.0,0.0,2.0,0.0,0.0,0.0,1.0,0.0,0.0,0.0,0.0,1.0,0.0,0.0,0.0,1.0,0.0,0.0,0.0,0.0,0.0,0.0,0.0,1.0,2.0,0.0,0.0,0.0,0.0,0.0,0.0,1.0,0.0,0.0,0.0,0.0,0.0,0.0,2.0,0.0,1.0,0.0,0.0,0.0,0.0,0.0,0.0,0.0,0.0,0.0,1.0,1.0,0.0,1.0,2.0,0.0,0.0,0.0,0.0,0.0,0.0,0.0,0.0,0.0,0.0,0.0,0.0,0.0,0.0,0.0,0.0,0.0,0.0,0.0,0.0,0.0,0.0,0.0,0.0,0.0,0.0,0.0,0.0,0.0,0.0,0.0,0.0,0.0,0.0,0.0,0.0,0.0,0.0,0.0,0.0
30.0,3.0,1.0,5.0,0.0,2.0,3.0,0.0,0.0,0.0,0.0,1.0,3.0,0.0,0.0,0.0,0.0,0.0,1.0,1.0,0.0,0.0,2.0,0.0,0.0,0.0,0.0,2.0,0.0,0.0,0.0,0.0,3.0,0.0,0.0,0.0,0.0,0.0,3.0,0.0,0.0,0.0,0.0,0.0,0.0,0.0,0.0,0.0,0.0,0.0,0.0,0.0,0.0,0.0,6.0,0.0,0.0,1.0,0.0,0.0,0.0,0.0,3.0,0.0,6.0,0.0,0.0,0.0,0.0,1.0,0.0,0.0,0.0,0.0,0.0,0.0,0.0,0.0,0.0,0.0,0.0,0.0,0.0,0.0,0.0,0.0,0.0,0.0,0.0,0.0,0.0,0.0,0.0,0.0,0.0,1.0,0.0,0.0,0.0,0.0,0.0,0.0,0.0,0.0,0.0,0.0,0.0,0.0,0.0,0.0,0.0,0.0,0.0,0.0,0.0,0.0,0.0,0.0,0.0,0.0,0.0,0.0,0.0,0.0,0.0,0.0,0.0,0.0,0.0,0.0,0.0,0.0,0.0,0.0,0.0,0.0,0.0,0.0,0.0,0.0,0.0,0.0,0.0,0.0,0.0,0.0,0.0,0.0,0.0,0.0,0.0,0.0,0.0,0.0,0.0,0.0
32.0,3.0,3.0,5.0,0.0,4.0,3.0,0.0,0.0,0.0,0.0,1.0,3.0,0.0,0.0,0.0,0.0,0.0,1.0,1.0,0.0,0.0,2.0,0.0,0.0,0.0,0.0,2.0,0.0,0.0,0.0,0.0,3.0,0.0,0.0,0.0,0.0,0.0,3.0,0.0,0.0,0.0,0.0,0.0,0.0,0.0,0.0,0.0,0.0,0.0,0.0,0.0,0.0,0.0,6.0,0.0,0.0,1.0,0.0,0.0,0.0,0.0,3.0,0.0,6.0,0.0,0.0,0.0,0.0,1.0,0.0,0.0,0.0,0.0,0.0,0.0,0.0,0.0,0.0,0.0,0.0,0.0,1.0,0.0,0.0,0.0,0.0,0.0,0.0,0.0,0.0,0.0,0.0,0.0,0.0,1.0,0.0,0.0,0.0,0.0,0.0,0.0,0.0,0.0,0.0,0.0,0.0,0.0,0.0,0.0,0.0,0.0,0.0,0.0,0.0,0.0,0.0,0.0,0.0,0.0,0.0,0.0,0.0,0.0,0.0,0.0,0.0,0.0,0.0,0.0,0.0,0.0,0.0,0.0,0.0,0.0,0.0,0.0,0.0,0.0,0.0,0.0,0.0,0.0,0.0,0.0,0.0,0.0,0.0,0.0,0.0,0.0,0.0,0.0,0.0,0.0
33.0,4.0,3.0,5.0,0.0,4.0,5.0,0.0,0.0,0.0,0.0,2.0,4.0,0.0,0.0,0.0,0.0,0.0,1.0,1.0,0.0,0.0,3.0,0.0,0.0,0.0,0.0,2.0,0.0,0.0,0.0,0.0,3.0,0.0,0.0,0.0,0.0,0.0,3.0,0.0,0.0,0.0,0.0,0.0,0.0,0.0,0.0,0.0,0.0,0.0,0.0,0.0,0.0,0.0,6.0,0.0,0.0,1.0,0.0,0.0,0.0,0.0,3.0,0.0,6.0,0.0,0.0,0.0,0.0,1.0,0.0,0.0,0.0,0.0,0.0,0.0,0.0,0.0,0.0,0.0,0.0,0.0,1.0,0.0,0.0,0.0,0.0,0.0,0.0,0.0,0.0,0.0,0.0,0.0,0.0,1.0,0.0,0.0,0.0,0.0,0.0,0.0,0.0,0.0,0.0,0.0,0.0,0.0,0.0,0.0,0.0,0.0,0.0,0.0,0.0,0.0,0.0,0.0,0.0,0.0,0.0,0.0,0.0,0.0,0.0,0.0,0.0,0.0,0.0,0.0,0.0,0.0,0.0,0.0,0.0,0.0,0.0,0.0,0.0,0.0,0.0,0.0,0.0,0.0,0.0,0.0,0.0,0.0,0.0,0.0,0.0,0.0,0.0,0.0,0.0,0.0
31.0,2.0,8.0,3.0,2.0,3.0,0.0,2.0,4.0,4.0,6.0,0.0,0.0,0.0,1.0,4.0,1.0,3.0,0.0,0.0,1.0,0.0,0.0,3.0,0.0,0.0,1.0,0.0,0.0,0.0,0.0,2.0,0.0,0.0,0.0,3.0,0.0,0.0,0.0,0.0,0.0,0.0,0.0,0.0,0.0,0.0,0.0,0.0,1.0,1.0,0.0,2.0,0.0,0.0,0.0,0.0,0.0,0.0,0.0,0.0,1.0,0.0,0.0,2.0,0.0,0.0,0.0,1.0,0.0,0.0,0.0,0.0,1.0,0.0,0.0,0.0,1.0,0.0,0.0,0.0,0.0,0.0,0.0,0.0,1.0,3.0,0.0,0.0,0.0,0.0,0.0,1.0,1.0,0.0,0.0,0.0,0.0,0.0,0.0,2.0,0.0,3.0,0.0,0.0,0.0,0.0,0.0,0.0,0.0,0.0,0.0,1.0,1.0,0.0,1.0,2.0,0.0,0.0,0.0,0.0,0.0,0.0,0.0,0.0,0.0,0.0,0.0,0.0,0.0,0.0,0.0,0.0,0.0,0.0,0.0,0.0,0.0,0.0,0.0,0.0,0.0,0.0,0.0,0.0,0.0,0.0,0.0,0.0,0.0,0.0,0.0,0.0,0.0,0.0,0.0,0.0
38.0,8.0,7.0,5.0,6.0,5.0,0.0,6.0,1.0,5.0,10.0,0.0,0.0,5.0,7.0,6.0,11.0,4.0,0.0,0.0,5.0,0.0,0.0,3.0,0.0,0.0,3.0,0.0,0.0,4.0,0.0,1.0,0.0,0.0,0.0,0.0,6.0,5.0,0.0,0.0,6.0,0.0,1.0,2.0,0.0,0.0,0.0,0.0,1.0,1.0,4.0,0.0,0.0,1.0,0.0,0.0,0.0,0.0,2.0,0.0,1.0,5.0,0.0,0.0,0.0,2.0,1.0,0.0,0.0,0.0,1.0,0.0,1.0,0.0,1.0,1.0,0.0,0.0,0.0,2.0,1.0,0.0,0.0,1.0,0.0,1.0,0.0,2.0,1.0,1.0,1.0,0.0,1.0,2.0,0.0,0.0,0.0,0.0,0.0,0.0,0.0,1.0,0.0,2.0,0.0,2.0,1.0,0.0,0.0,2.0,0.0,1.0,1.0,0.0,1.0,0.0,0.0,0.0,0.0,0.0,0.0,0.0,0.0,0.0,0.0,0.0,2.0,0.0,0.0,4.0,0.0,0.0,0.0,1.0,2.0,0.0,0.0,0.0,0.0,0.0,0.0,0.0,0.0,2.0,0.0,2.0,0.0,0.0,0.0,0.0,0.0,1.0,1.0,2.0,0.0,0.0
29.0,5.0,11.0,3.0,5.0,4.0,0.0,7.0,9.0,4.0,7.0,0.0,0.0,3.0,2.0,3.0,2.0,3.0,0.0,0.0,2.0,0.0,0.0,2.0,4.0,0.0,1.0,0.0,0.0,1.0,0.0,6.0,0.0,1.0,0.0,7.0,1.0,0.0,0.0,0.0,0.0,0.0,1.0,0.0,0.0,1.0,0.0,0.0,0.0,1.0,0.0,3.0,0.0,1.0,0.0,2.0,0.0,0.0,2.0,1.0,1.0,0.0,0.0,4.0,0.0,2.0,1.0,1.0,0.0,0.0,1.0,0.0,1.0,0.0,1.0,1.0,1.0,1.0,0.0,0.0,0.0,0.0,0.0,0.0,1.0,1.0,0.0,0.0,1.0,1.0,1.0,0.0,1.0,0.0,0.0,0.0,0.0,0.0,2.0,2.0,1.0,0.0,1.0,0.0,1.0,0.0,1.0,2.0,1.0,0.0,5.0,0.0,0.0,0.0,0.0,2.0,0.0,0.0,0.0,0.0,0.0,1.0,0.0,1.0,0.0,0.0,0.0,0.0,0.0,0.0,2.0,0.0,0.0,0.0,0.0,0.0,0.0,2.0,0.0,0.0,0.0,0.0,0.0,0.0,0.0,0.0,0.0,0.0,0.0,0.0,2.0,0.0,0.0,0.0,0.0,0.0
33.0,5.0,15.0,3.0,5.0,4.0,0.0,7.0,13.0,4.0,7.0,0.0,0.0,3.0,2.0,3.0,2.0,3.0,0.0,0.0,2.0,0.0,0.0,2.0,4.0,0.0,1.0,0.0,0.0,1.0,0.0,6.0,0.0,1.0,0.0,11.0,1.0,0.0,0.0,0.0,0.0,0.0,1.0,0.0,0.0,1.0,0.0,0.0,0.0,1.0,0.0,7.0,0.0,1.0,0.0,2.0,0.0,0.0,2.0,1.0,1.0,0.0,0.0,4.0,0.0,2.0,1.0,5.0,0.0,0.0,1.0,0.0,1.0,0.0,1.0,1.0,1.0,1.0,0.0,0.0,0.0,0.0,0.0,0.0,1.0,1.0,0.0,0.0,1.0,1.0,1.0,0.0,1.0,0.0,0.0,0.0,0.0,0.0,2.0,2.0,1.0,0.0,1.0,0.0,1.0,0.0,1.0,2.0,1.0,0.0,5.0,0.0,0.0,0.0,0.0,2.0,0.0,0.0,0.0,0.0,0.0,1.0,0.0,1.0,0.0,0.0,0.0,0.0,0.0,0.0,2.0,0.0,0.0,0.0,0.0,0.0,0.0,2.0,0.0,0.0,0.0,0.0,0.0,0.0,0.0,0.0,0.0,0.0,0.0,0.0,2.0,0.0,0.0,0.0,0.0,0.0
49.0,3.0,5.0,7.0,2.0,5.0,2.0,2.0,0.0,3.0,3.0,1.0,2.0,2.0,1.0,1.0,1.0,2.0,1.0,0.0,1.0,0.0,2.0,1.0,0.0,0.0,1.0,2.0,0.0,1.0,0.0,0.0,3.0,0.0,0.0,0.0,1.0,0.0,0.0,0.0,0.0,0.0,0.0,1.0,0.0,0.0,0.0,0.0,0.0,0.0,0.0,0.0,0.0,0.0,6.0,0.0,0.0,2.0,0.0,0.0,0.0,0.0,0.0,0.0,0.0,0.0,0.0,0.0,0.0,1.0,0.0,0.0,0.0,0.0,0.0,0.0,0.0,0.0,0.0,0.0,0.0,0.0,0.0,0.0,0.0,2.0,0.0,0.0,0.0,0.0,0.0,0.0,0.0,0.0,0.0,2.0,0.0,0.0,0.0,0.0,0.0,1.0,0.0,0.0,0.0,0.0,0.0,0.0,0.0,0.0,0.0,1.0,1.0,0.0,1.0,0.0,0.0,2.0,0.0,0.0,0.0,0.0,0.0,0.0,0.0,0.0,0.0,0.0,0.0,0.0,0.0,0.0,0.0,0.0,0.0,0.0,0.0,0.0,1.0,0.0,1.0,0.0,0.0,0.0,0.0,0.0,0.0,0.0,0.0,0.0,0.0,0.0,0.0,0.0,0.0,0.0
49.0,3.0,5.0,7.0,2.0,5.0,2.0,2.0,0.0,3.0,3.0,1.0,2.0,2.0,1.0,1.0,1.0,2.0,1.0,0.0,1.0,0.0,2.0,1.0,0.0,0.0,1.0,2.0,0.0,1.0,0.0,0.0,3.0,0.0,0.0,0.0,1.0,0.0,0.0,0.0,0.0,0.0,0.0,1.0,0.0,0.0,0.0,0.0,0.0,0.0,0.0,0.0,0.0,0.0,6.0,0.0,0.0,2.0,0.0,0.0,0.0,0.0,0.0,0.0,0.0,0.0,0.0,0.0,0.0,1.0,0.0,0.0,0.0,0.0,0.0,0.0,0.0,0.0,0.0,0.0,0.0,0.0,0.0,0.0,0.0,2.0,0.0,0.0,0.0,0.0,0.0,0.0,0.0,0.0,0.0,2.0,0.0,0.0,0.0,0.0,0.0,1.0,0.0,0.0,0.0,0.0,0.0,0.0,0.0,0.0,0.0,1.0,1.0,0.0,1.0,0.0,0.0,2.0,0.0,0.0,0.0,0.0,0.0,0.0,0.0,0.0,0.0,0.0,0.0,0.0,0.0,0.0,0.0,0.0,0.0,0.0,0.0,0.0,1.0,0.0,1.0,0.0,0.0,0.0,0.0,0.0,0.0,0.0,0.0,0.0,0.0,0.0,0.0,0.0,0.0,0.0
43.0,2.0,5.0,6.0,2.0,5.0,0.0,2.0,0.0,3.0,3.0,0.0,0.0,2.0,1.0,1.0,1.0,2.0,1.0,0.0,1.0,0.0,0.0,1.0,0.0,0.0,1.0,0.0,0.0,1.0,0.0,0.0,3.0,0.0,0.0,0.0,1.0,0.0,0.0,0.0,0.0,0.0,1.0,1.0,0.0,0.0,0.0,0.0,0.0,0.0,0.0,0.0,0.0,0.0,6.0,0.0,0.0,0.0,2.0,0.0,0.0,0.0,0.0,0.0,0.0,0.0,1.0,0.0,0.0,0.0,1.0,0.0,0.0,0.0,1.0,1.0,0.0,0.0,0.0,0.0,0.0,0.0,0.0,1.0,0.0,2.0,0.0,0.0,1.0,1.0,1.0,0.0,0.0,0.0,0.0,0.0,0.0,0.0,0.0,0.0,0.0,1.0,0.0,0.0,0.0,0.0,0.0,0.0,0.0,0.0,0.0,1.0,1.0,0.0,1.0,0.0,0.0,0.0,0.0,0.0,0.0,0.0,0.0,0.0,0.0,0.0,0.0,0.0,0.0,0.0,0.0,0.0,0.0,0.0,0.0,0.0,0.0,0.0,1.0,0.0,1.0,0.0,0.0,0.0,0.0,0.0,0.0,0.0,0.0,0.0,0.0,0.0,0.0,0.0,0.0,0.0
34.0,4.0,6.0,4.0,2.0,4.0,4.0,2.0,3.0,3.0,3.0,2.0,2.0,0.0,1.0,1.0,1.0,2.0,0.0,0.0,1.0,0.0,2.0,1.0,4.0,0.0,1.0,2.0,0.0,0.0,0.0,2.0,0.0,0.0,0.0,0.0,0.0,0.0,0.0,1.0,0.0,0.0,0.0,0.0,0.0,0.0,0.0,0.0,0.0,1.0,0.0,0.0,2.0,0.0,0.0,0.0,0.0,2.0,0.0,0.0,1.0,0.0,0.0,0.0,0.0,0.0,0.0,0.0,0.0,0.0,0.0,0.0,1.0,0.0,0.0,0.0,0.0,0.0,0.0,0.0,0.0,0.0,0.0,0.0,0.0,2.0,2.0,0.0,0.0,0.0,0.0,0.0,1.0,0.0,0.0,0.0,0.0,0.0,0.0,0.0,0.0,1.0,0.0,0.0,0.0,0.0,0.0,0.0,0.0,0.0,0.0,1.0,1.0,0.0,1.0,0.0,0.0,0.0,0.0,0.0,0.0,0.0,0.0,0.0,0.0,0.0,0.0,0.0,0.0,0.0,0.0,0.0,0.0,0.0,0.0,0.0,0.0,0.0,0.0,0.0,0.0,0.0,0.0,0.0,0.0,0.0,0.0,1.0,1.0,0.0,2.0,0.0,0.0,0.0,0.0,0.0
34.0,4.0,6.0,4.0,2.0,4.0,4.0,2.0,3.0,3.0,3.0,2.0,2.0,0.0,1.0,1.0,1.0,2.0,0.0,0.0,1.0,0.0,2.0,1.0,4.0,0.0,1.0,2.0,0.0,0.0,0.0,2.0,0.0,0.0,0.0,0.0,0.0,0.0,0.0,1.0,0.0,0.0,0.0,0.0,0.0,0.0,0.0,0.0,0.0,1.0,0.0,0.0,2.0,0.0,0.0,0.0,0.0,2.0,0.0,0.0,1.0,0.0,0.0,0.0,0.0,0.0,0.0,0.0,0.0,0.0,0.0,0.0,1.0,0.0,0.0,0.0,0.0,0.0,0.0,0.0,0.0,0.0,0.0,0.0,0.0,2.0,2.0,0.0,0.0,0.0,0.0,0.0,1.0,0.0,0.0,0.0,0.0,0.0,0.0,0.0,0.0,1.0,0.0,0.0,0.0,0.0,0.0,0.0,0.0,0.0,0.0,1.0,1.0,0.0,1.0,0.0,0.0,0.0,0.0,0.0,0.0,0.0,0.0,0.0,0.0,0.0,0.0,0.0,0.0,0.0,0.0,0.0,0.0,0.0,0.0,0.0,0.0,0.0,0.0,0.0,0.0,0.0,0.0,0.0,0.0,0.0,0.0,1.0,1.0,0.0,2.0,0.0,0.0,0.0,0.0,0.0
38.0,5.0,6.0,5.0,2.0,4.0,6.0,2.0,3.0,5.0,3.0,3.0,3.0,0.0,1.0,1.0,1.0,2.0,0.0,0.0,1.0,0.0,3.0,1.0,4.0,0.0,1.0,2.0,0.0,0.0,0.0,2.0,0.0,0.0,0.0,0.0,0.0,0.0,0.0,1.0,0.0,0.0,0.0,0.0,0.0,0.0,0.0,0.0,0.0,1.0,0.0,0.0,2.0,0.0,0.0,0.0,0.0,2.0,0.0,0.0,1.0,0.0,0.0,0.0,0.0,0.0,0.0,0.0,0.0,0.0,0.0,0.0,1.0,0.0,0.0,0.0,0.0,0.0,0.0,0.0,0.0,0.0,0.0,0.0,0.0,2.0,2.0,0.0,0.0,0.0,0.0,0.0,1.0,0.0,0.0,0.0,0.0,0.0,0.0,0.0,0.0,1.0,0.0,0.0,0.0,0.0,0.0,0.0,0.0,0.0,0.0,1.0,1.0,0.0,1.0,0.0,0.0,0.0,0.0,0.0,0.0,0.0,0.0,0.0,0.0,0.0,0.0,0.0,0.0,0.0,0.0,0.0,0.0,0.0,0.0,0.0,0.0,0.0,0.0,0.0,0.0,0.0,0.0,0.0,0.0,0.0,0.0,1.0,1.0,0.0,2.0,0.0,0.0,0.0,0.0,0.0
38.0,5.0,6.0,5.0,2.0,4.0,6.0,2.0,3.0,5.0,3.0,3.0,3.0,0.0,1.0,1.0,1.0,2.0,0.0,0.0,1.0,0.0,3.0,1.0,4.0,0.0,1.0,2.0,0.0,0.0,0.0,2.0,0.0,0.0,0.0,0.0,0.0,0.0,0.0,1.0,0.0,0.0,0.0,0.0,0.0,0.0,0.0,0.0,0.0,1.0,0.0,0.0,2.0,0.0,0.0,0.0,0.0,2.0,0.0,0.0,1.0,0.0,0.0,0.0,0.0,0.0,0.0,0.0,0.0,0.0,0.0,0.0,1.0,0.0,0.0,0.0,0.0,0.0,0.0,0.0,0.0,0.0,0.0,0.0,0.0,2.0,2.0,0.0,0.0,0.0,0.0,0.0,1.0,0.0,0.0,0.0,0.0,0.0,0.0,0.0,0.0,1.0,0.0,0.0,0.0,0.0,0.0,0.0,0.0,0.0,0.0,1.0,1.0,0.0,1.0,0.0,0.0,0.0,0.0,0.0,0.0,0.0,0.0,0.0,0.0,0.0,0.0,0.0,0.0,0.0,0.0,0.0,0.0,0.0,0.0,0.0,0.0,0.0,0.0,0.0,0.0,0.0,0.0,0.0,0.0,0.0,0.0,1.0,1.0,0.0,2.0,0.0,0.0,0.0,0.0,0.0
31.0,5.0,4.0,4.0,2.0,2.0,6.0,2.0,2.0,5.0,3.0,3.0,3.0,0.0,1.0,1.0,1.0,2.0,0.0,0.0,1.0,0.0,3.0,1.0,2.0,0.0,1.0,2.0,0.0,0.0,0.0,2.0,0.0,0.0,0.0,0.0,0.0,0.0,0.0,0.0,0.0,0.0,0.0,0.0,0.0,0.0,0.0,0.0,0.0,1.0,0.0,0.0,2.0,0.0,0.0,0.0,0.0,2.0,0.0,0.0,1.0,0.0,0.0,0.0,0.0,0.0,0.0,0.0,0.0,0.0,0.0,0.0,1.0,0.0,0.0,0.0,0.0,0.0,0.0,0.0,0.0,0.0,0.0,0.0,0.0,0.0,2.0,0.0,0.0,0.0,0.0,0.0,1.0,0.0,0.0,0.0,0.0,0.0,0.0,0.0,0.0,0.0,0.0,0.0,0.0,0.0,0.0,0.0,0.0,0.0,0.0,0.0,0.0,0.0,0.0,0.0,0.0,0.0,0.0,0.0,0.0,0.0,0.0,0.0,0.0,0.0,0.0,0.0,0.0,0.0,0.0,0.0,0.0,0.0,0.0,0.0,0.0,0.0,0.0,0.0,0.0,0.0,0.0,0.0,0.0,0.0,0.0,1.0,1.0,0.0,2.0,0.0,0.0,0.0,0.0,0.0
31.0,5.0,4.0,4.0,2.0,2.0,6.0,2.0,2.0,5.0,3.0,3.0,3.0,0.0,1.0,1.0,1.0,2.0,0.0,0.0,1.0,0.0,3.0,1.0,2.0,0.0,1.0,2.0,0.0,0.0,0.0,2.0,0.0,0.0,0.0,0.0,0.0,0.0,0.0,0.0,0.0,0.0,0.0,0.0,0.0,0.0,0.0,0.0,0.0,1.0,0.0,0.0,2.0,0.0,0.0,0.0,0.0,2.0,0.0,0.0,1.0,0.0,0.0,0.0,0.0,0.0,0.0,0.0,0.0,0.0,0.0,0.0,1.0,0.0,0.0,0.0,0.0,0.0,0.0,0.0,0.0,0.0,0.0,0.0,0.0,0.0,2.0,0.0,0.0,0.0,0.0,0.0,1.0,0.0,0.0,0.0,0.0,0.0,0.0,0.0,0.0,0.0,0.0,0.0,0.0,0.0,0.0,0.0,0.0,0.0,0.0,0.0,0.0,0.0,0.0,0.0,0.0,0.0,0.0,0.0,0.0,0.0,0.0,0.0,0.0,0.0,0.0,0.0,0.0,0.0,0.0,0.0,0.0,0.0,0.0,0.0,0.0,0.0,0.0,0.0,0.0,0.0,0.0,0.0,0.0,0.0,0.0,1.0,1.0,0.0,2.0,0.0,0.0,0.0,0.0,0.0
33.0,5.0,4.0,4.0,2.0,2.0,6.0,2.0,2.0,3.0,3.0,3.0,4.0,0.0,1.0,1.0,1.0,2.0,0.0,0.0,1.0,0.0,4.0,1.0,2.0,0.0,1.0,2.0,0.0,0.0,0.0,2.0,0.0,0.0,0.0,0.0,0.0,0.0,0.0,0.0,0.0,0.0,0.0,0.0,0.0,0.0,0.0,0.0,0.0,1.0,0.0,0.0,2.0,0.0,0.0,0.0,0.0,2.0,0.0,0.0,1.0,0.0,0.0,0.0,0.0,0.0,0.0,0.0,0.0,1.0,0.0,0.0,1.0,0.0,0.0,0.0,0.0,0.0,0.0,0.0,0.0,0.0,0.0,0.0,0.0,0.0,2.0,0.0,0.0,0.0,0.0,0.0,1.0,0.0,0.0,0.0,0.0,0.0,0.0,0.0,0.0,0.0,0.0,0.0,0.0,0.0,0.0,0.0,0.0,0.0,0.0,0.0,0.0,0.0,0.0,0.0,0.0,0.0,0.0,0.0,0.0,0.0,0.0,0.0,1.0,0.0,0.0,1.0,0.0,0.0,0.0,0.0,2.0,0.0,0.0,0.0,0.0,0.0,0.0,0.0,0.0,0.0,1.0,0.0,0.0,0.0,0.0,1.0,1.0,0.0,2.0,0.0,0.0,0.0,0.0,0.0
33.0,5.0,4.0,4.0,2.0,2.0,6.0,2.0,2.0,3.0,3.0,3.0,4.0,0.0,1.0,1.0,1.0,2.0,0.0,0.0,1.0,0.0,4.0,1.0,2.0,0.0,1.0,2.0,0.0,0.0,0.0,2.0,0.0,0.0,0.0,0.0,0.0,0.0,0.0,0.0,0.0,0.0,0.0,0.0,0.0,0.0,0.0,0.0,0.0,1.0,0.0,0.0,2.0,0.0,0.0,0.0,0.0,2.0,0.0,0.0,1.0,0.0,0.0,0.0,0.0,0.0,0.0,0.0,0.0,1.0,0.0,0.0,1.0,0.0,0.0,0.0,0.0,0.0,0.0,0.0,0.0,0.0,0.0,0.0,0.0,0.0,2.0,0.0,0.0,0.0,0.0,0.0,1.0,0.0,0.0,0.0,0.0,0.0,0.0,0.0,0.0,0.0,0.0,0.0,0.0,0.0,0.0,0.0,0.0,0.0,0.0,0.0,0.0,0.0,0.0,0.0,0.0,0.0,0.0,0.0,0.0,0.0,0.0,0.0,1.0,0.0,0.0,1.0,0.0,0.0,0.0,0.0,2.0,0.0,0.0,0.0,0.0,0.0,0.0,0.0,0.0,0.0,1.0,0.0,0.0,0.0,0.0,1.0,1.0,0.0,2.0,0.0,0.0,0.0,0.0,0.0
37.0,6.0,4.0,5.0,2.0,2.0,8.0,2.0,2.0,5.0,3.0,4.0,5.0,0.0,1.0,1.0,1.0,2.0,0.0,0.0,1.0,0.0,5.0,1.0,2.0,0.0,1.0,2.0,0.0,0.0,0.0,2.0,0.0,0.0,0.0,0.0,0.0,0.0,0.0,0.0,0.0,0.0,0.0,0.0,0.0,0.0,0.0,0.0,0.0,1.0,0.0,0.0,2.0,0.0,0.0,0.0,0.0,2.0,0.0,0.0,1.0,0.0,0.0,0.0,0.0,0.0,0.0,0.0,0.0,1.0,0.0,0.0,1.0,0.0,0.0,0.0,0.0,0.0,0.0,0.0,0.0,0.0,0.0,0.0,0.0,0.0,2.0,0.0,0.0,0.0,0.0,0.0,1.0,0.0,0.0,0.0,0.0,0.0,0.0,0.0,0.0,0.0,0.0,0.0,0.0,0.0,0.0,0.0,0.0,0.0,0.0,0.0,0.0,0.0,0.0,0.0,0.0,0.0,0.0,0.0,0.0,0.0,0.0,0.0,1.0,0.0,0.0,1.0,0.0,0.0,0.0,0.0,2.0,0.0,0.0,0.0,0.0,0.0,0.0,0.0,0.0,0.0,1.0,0.0,0.0,0.0,0.0,1.0,1.0,0.0,2.0,0.0,0.0,0.0,0.0,0.0
37.0,6.0,4.0,5.0,2.0,2.0,8.0,2.0,2.0,5.0,3.0,4.0,5.0,0.0,1.0,1.0,1.0,2.0,0.0,0.0,1.0,0.0,5.0,1.0,2.0,0.0,1.0,2.0,0.0,0.0,0.0,2.0,0.0,0.0,0.0,0.0,0.0,0.0,0.0,0.0,0.0,0.0,0.0,0.0,0.0,0.0,0.0,0.0,0.0,1.0,0.0,0.0,2.0,0.0,0.0,0.0,0.0,2.0,0.0,0.0,1.0,0.0,0.0,0.0,0.0,0.0,0.0,0.0,0.0,1.0,0.0,0.0,1.0,0.0,0.0,0.0,0.0,0.0,0.0,0.0,0.0,0.0,0.0,0.0,0.0,0.0,2.0,0.0,0.0,0.0,0.0,0.0,1.0,0.0,0.0,0.0,0.0,0.0,0.0,0.0,0.0,0.0,0.0,0.0,0.0,0.0,0.0,0.0,0.0,0.0,0.0,0.0,0.0,0.0,0.0,0.0,0.0,0.0,0.0,0.0,0.0,0.0,0.0,0.0,1.0,0.0,0.0,1.0,0.0,0.0,0.0,0.0,2.0,0.0,0.0,0.0,0.0,0.0,0.0,0.0,0.0,0.0,1.0,0.0,0.0,0.0,0.0,1.0,1.0,0.0,2.0,0.0,0.0,0.0,0.0,0.0
33.0,5.0,4.0,4.0,2.0,2.0,2.0,2.0,0.0,8.0,10.0,1.0,0.0,2.0,3.0,6.0,5.0,4.0,0.0,0.0,1.0,2.0,0.0,3.0,0.0,2.0,1.0,0.0,0.0,1.0,0.0,0.0,0.0,0.0,0.0,0.0,1.0,1.0,0.0,0.0,0.0,1.0,0.0,1.0,0.0,0.0,0.0,0.0,1.0,0.0,2.0,0.0,0.0,0.0,0.0,0.0,0.0,0.0,0.0,0.0,0.0,1.0,0.0,0.0,0.0,0.0,0.0,0.0,0.0,0.0,0.0,0.0,0.0,0.0,0.0,0.0,0.0,0.0,0.0,0.0,0.0,0.0,0.0,0.0,0.0,2.0,0.0,0.0,0.0,0.0,0.0,0.0,0.0,0.0,0.0,0.0,0.0,0.0,0.0,0.0,0.0,2.0,0.0,0.0,0.0,0.0,1.0,0.0,0.0,0.0,0.0,0.0,0.0,0.0,0.0,0.0,0.0,0.0,0.0,0.0,0.0,0.0,0.0,0.0,0.0,0.0,0.0,0.0,0.0,0.0,0.0,0.0,0.0,0.0,0.0,0.0,0.0,0.0,0.0,0.0,0.0,0.0,0.0,0.0,0.0,0.0,0.0,0.0,0.0,0.0,0.0,0.0,0.0,0.0,0.0,0.0
33.0,5.0,4.0,4.0,2.0,2.0,2.0,2.0,0.0,8.0,10.0,1.0,0.0,2.0,3.0,6.0,5.0,4.0,0.0,0.0,1.0,2.0,0.0,3.0,0.0,2.0,1.0,0.0,0.0,1.0,0.0,0.0,0.0,0.0,0.0,0.0,1.0,1.0,0.0,0.0,0.0,1.0,0.0,1.0,0.0,0.0,0.0,0.0,1.0,0.0,2.0,0.0,0.0,0.0,0.0,0.0,0.0,0.0,0.0,0.0,0.0,1.0,0.0,0.0,0.0,0.0,0.0,0.0,0.0,0.0,0.0,0.0,0.0,0.0,0.0,0.0,0.0,0.0,0.0,0.0,0.0,0.0,0.0,0.0,0.0,2.0,0.0,0.0,0.0,0.0,0.0,0.0,0.0,0.0,0.0,0.0,0.0,0.0,0.0,0.0,0.0,2.0,0.0,0.0,0.0,0.0,1.0,0.0,0.0,0.0,0.0,0.0,0.0,0.0,0.0,0.0,0.0,0.0,0.0,0.0,0.0,0.0,0.0,0.0,0.0,0.0,0.0,0.0,0.0,0.0,0.0,0.0,0.0,0.0,0.0,0.0,0.0,0.0,0.0,0.0,0.0,0.0,0.0,0.0,0.0,0.0,0.0,0.0,0.0,0.0,0.0,0.0,0.0,0.0,0.0,0.0
37.0,7.0,4.0,5.0,2.0,2.0,6.0,2.0,2.0,5.0,3.0,3.0,3.0,0.0,1.0,1.0,1.0,2.0,0.0,0.0,1.0,0.0,3.0,1.0,2.0,0.0,1.0,2.0,0.0,0.0,0.0,2.0,0.0,0.0,0.0,0.0,0.0,0.0,0.0,0.0,0.0,0.0,0.0,0.0,0.0,0.0,0.0,0.0,0.0,1.0,0.0,0.0,2.0,0.0,0.0,0.0,0.0,2.0,0.0,0.0,1.0,0.0,0.0,0.0,0.0,0.0,0.0,0.0,0.0,0.0,0.0,0.0,1.0,0.0,0.0,0.0,0.0,0.0,0.0,0.0,0.0,0.0,0.0,0.0,0.0,0.0,2.0,0.0,0.0,0.0,0.0,0.0,1.0,0.0,0.0,0.0,0.0,0.0,0.0,0.0,0.0,0.0,0.0,0.0,0.0,0.0,1.0,0.0,0.0,0.0,0.0,0.0,0.0,0.0,0.0,0.0,0.0,0.0,0.0,0.0,0.0,0.0,0.0,0.0,0.0,0.0,0.0,0.0,0.0,0.0,0.0,0.0,0.0,0.0,0.0,0.0,0.0,0.0,0.0,0.0,0.0,0.0,0.0,0.0,0.0,0.0,0.0,1.0,1.0,0.0,2.0,0.0,0.0,0.0,0.0,0.0
37.0,7.0,4.0,5.0,2.0,2.0,6.0,2.0,2.0,5.0,3.0,3.0,3.0,0.0,1.0,1.0,1.0,2.0,0.0,0.0,1.0,0.0,3.0,1.0,2.0,0.0,1.0,2.0,0.0,0.0,0.0,2.0,0.0,0.0,0.0,0.0,0.0,0.0,0.0,0.0,0.0,0.0,0.0,0.0,0.0,0.0,0.0,0.0,0.0,1.0,0.0,0.0,2.0,0.0,0.0,0.0,0.0,2.0,0.0,0.0,1.0,0.0,0.0,0.0,0.0,0.0,0.0,0.0,0.0,0.0,0.0,0.0,1.0,0.0,0.0,0.0,0.0,0.0,0.0,0.0,0.0,0.0,0.0,0.0,0.0,0.0,2.0,0.0,0.0,0.0,0.0,0.0,1.0,0.0,0.0,0.0,0.0,0.0,0.0,0.0,0.0,0.0,0.0,0.0,0.0,0.0,1.0,0.0,0.0,0.0,0.0,0.0,0.0,0.0,0.0,0.0,0.0,0.0,0.0,0.0,0.0,0.0,0.0,0.0,0.0,0.0,0.0,0.0,0.0,0.0,0.0,0.0,0.0,0.0,0.0,0.0,0.0,0.0,0.0,0.0,0.0,0.0,0.0,0.0,0.0,0.0,0.0,1.0,1.0,0.0,2.0,0.0,0.0,0.0,0.0,0.0
27.0,4.0,4.0,3.0,2.0,2.0,4.0,2.0,2.0,3.0,3.0,2.0,2.0,0.0,1.0,1.0,1.0,2.0,0.0,0.0,1.0,0.0,2.0,1.0,2.0,0.0,1.0,2.0,0.0,0.0,0.0,2.0,0.0,0.0,0.0,0.0,0.0,0.0,0.0,0.0,0.0,0.0,0.0,0.0,0.0,0.0,0.0,0.0,0.0,1.0,0.0,0.0,2.0,0.0,0.0,0.0,0.0,2.0,0.0,0.0,1.0,0.0,0.0,0.0,0.0,0.0,0.0,0.0,0.0,0.0,0.0,0.0,1.0,0.0,0.0,0.0,0.0,0.0,0.0,0.0,0.0,0.0,0.0,0.0,0.0,0.0,2.0,0.0,0.0,0.0,0.0,0.0,1.0,0.0,0.0,0.0,0.0,0.0,0.0,0.0,0.0,0.0,0.0,0.0,0.0,0.0,0.0,0.0,0.0,0.0,0.0,0.0,0.0,0.0,0.0,0.0,0.0,0.0,0.0,0.0,0.0,0.0,0.0,0.0,0.0,0.0,0.0,0.0,0.0,0.0,0.0,0.0,0.0,0.0,0.0,0.0,0.0,0.0,0.0,0.0,0.0,0.0,0.0,0.0,0.0,0.0,0.0,1.0,1.0,0.0,2.0,0.0,0.0,0.0,0.0,0.0
27.0,4.0,4.0,3.0,2.0,2.0,4.0,2.0,2.0,3.0,3.0,2.0,2.0,0.0,1.0,1.0,1.0,2.0,0.0,0.0,1.0,0.0,2.0,1.0,2.0,0.0,1.0,2.0,0.0,0.0,0.0,2.0,0.0,0.0,0.0,0.0,0.0,0.0,0.0,0.0,0.0,0.0,0.0,0.0,0.0,0.0,0.0,0.0,0.0,1.0,0.0,0.0,2.0,0.0,0.0,0.0,0.0,2.0,0.0,0.0,1.0,0.0,0.0,0.0,0.0,0.0,0.0,0.0,0.0,0.0,0.0,0.0,1.0,0.0,0.0,0.0,0.0,0.0,0.0,0.0,0.0,0.0,0.0,0.0,0.0,0.0,2.0,0.0,0.0,0.0,0.0,0.0,1.0,0.0,0.0,0.0,0.0,0.0,0.0,0.0,0.0,0.0,0.0,0.0,0.0,0.0,0.0,0.0,0.0,0.0,0.0,0.0,0.0,0.0,0.0,0.0,0.0,0.0,0.0,0.0,0.0,0.0,0.0,0.0,0.0,0.0,0.0,0.0,0.0,0.0,0.0,0.0,0.0,0.0,0.0,0.0,0.0,0.0,0.0,0.0,0.0,0.0,0.0,0.0,0.0,0.0,0.0,1.0,1.0,0.0,2.0,0.0,0.0,0.0,0.0,0.0
31.0,5.0,4.0,4.0,2.0,2.0,6.0,2.0,2.0,5.0,3.0,3.0,3.0,0.0,1.0,1.0,1.0,2.0,0.0,0.0,1.0,0.0,3.0,1.0,2.0,0.0,1.0,2.0,0.0,0.0,0.0,2.0,0.0,0.0,0.0,0.0,0.0,0.0,0.0,0.0,0.0,0.0,0.0,0.0,0.0,0.0,0.0,0.0,0.0,1.0,0.0,0.0,2.0,0.0,0.0,0.0,0.0,2.0,0.0,0.0,1.0,0.0,0.0,0.0,0.0,0.0,0.0,0.0,0.0,0.0,0.0,0.0,1.0,0.0,0.0,0.0,0.0,0.0,0.0,0.0,0.0,0.0,0.0,0.0,0.0,0.0,2.0,0.0,0.0,0.0,0.0,0.0,1.0,0.0,0.0,0.0,0.0,0.0,0.0,0.0,0.0,0.0,0.0,0.0,0.0,0.0,0.0,0.0,0.0,0.0,0.0,0.0,0.0,0.0,0.0,0.0,0.0,0.0,0.0,0.0,0.0,0.0,0.0,0.0,0.0,0.0,0.0,0.0,0.0,0.0,0.0,0.0,0.0,0.0,0.0,0.0,0.0,0.0,0.0,0.0,0.0,0.0,0.0,0.0,0.0,0.0,0.0,1.0,1.0,0.0,2.0,0.0,0.0,0.0,0.0,0.0
31.0,5.0,4.0,4.0,2.0,2.0,6.0,2.0,2.0,5.0,3.0,3.0,3.0,0.0,1.0,1.0,1.0,2.0,0.0,0.0,1.0,0.0,3.0,1.0,2.0,0.0,1.0,2.0,0.0,0.0,0.0,2.0,0.0,0.0,0.0,0.0,0.0,0.0,0.0,0.0,0.0,0.0,0.0,0.0,0.0,0.0,0.0,0.0,0.0,1.0,0.0,0.0,2.0,0.0,0.0,0.0,0.0,2.0,0.0,0.0,1.0,0.0,0.0,0.0,0.0,0.0,0.0,0.0,0.0,0.0,0.0,0.0,1.0,0.0,0.0,0.0,0.0,0.0,0.0,0.0,0.0,0.0,0.0,0.0,0.0,0.0,2.0,0.0,0.0,0.0,0.0,0.0,1.0,0.0,0.0,0.0,0.0,0.0,0.0,0.0,0.0,0.0,0.0,0.0,0.0,0.0,0.0,0.0,0.0,0.0,0.0,0.0,0.0,0.0,0.0,0.0,0.0,0.0,0.0,0.0,0.0,0.0,0.0,0.0,0.0,0.0,0.0,0.0,0.0,0.0,0.0,0.0,0.0,0.0,0.0,0.0,0.0,0.0,0.0,0.0,0.0,0.0,0.0,0.0,0.0,0.0,0.0,1.0,1.0,0.0,2.0,0.0,0.0,0.0,0.0,0.0
36.0,5.0,5.0,5.0,2.0,2.0,4.0,2.0,2.0,2.0,3.0,2.0,2.0,2.0,1.0,1.0,1.0,2.0,1.0,1.0,1.0,2.0,2.0,1.0,0.0,2.0,1.0,2.0,0.0,1.0,0.0,0.0,3.0,0.0,0.0,1.0,1.0,0.0,3.0,0.0,0.0,0.0,0.0,1.0,0.0,0.0,0.0,0.0,0.0,0.0,0.0,0.0,0.0,0.0,6.0,0.0,0.0,2.0,0.0,0.0,0.0,0.0,3.0,0.0,6.0,0.0,0.0,0.0,0.0,0.0,0.0,0.0,0.0,0.0,0.0,0.0,0.0,0.0,0.0,0.0,0.0,2.0,0.0,0.0,0.0,0.0,0.0,0.0,0.0,0.0,0.0,0.0,0.0,0.0,0.0,0.0,2.0,0.0,0.0,0.0,0.0,0.0,0.0,0.0,0.0,0.0,0.0,0.0,0.0,0.0,0.0,0.0,0.0,0.0,0.0,0.0,0.0,2.0,0.0,0.0,0.0,0.0,0.0,0.0,0.0,0.0,0.0,0.0,0.0,0.0,0.0,0.0,0.0,0.0,0.0,0.0,0.0,0.0,0.0,0.0,0.0,0.0,0.0,0.0,0.0,0.0,0.0,0.0,0.0,0.0,0.0,0.0,0.0,0.0,0.0,0.0
18.0,2.0,11.0,1.0,2.0,2.0,0.0,2.0,8.0,2.0,3.0,0.0,0.0,2.0,3.0,1.0,2.0,0.0,0.0,0.0,1.0,0.0,0.0,0.0,0.0,0.0,0.0,0.0,0.0,1.0,0.0,0.0,0.0,0.0,0.0,7.0,1.0,1.0,0.0,0.0,1.0,0.0,0.0,0.0,0.0,1.0,0.0,0.0,0.0,2.0,0.0,6.0,0.0,0.0,0.0,2.0,0.0,0.0,0.0,0.0,1.0,0.0,0.0,0.0,0.0,0.0,0.0,5.0,0.0,0.0,0.0,0.0,0.0,0.0,0.0,0.0,2.0,1.0,0.0,0.0,0.0,0.0,0.0,0.0,1.0,0.0,0.0,0.0,0.0,0.0,0.0,0.0,0.0,0.0,1.0,0.0,0.0,1.0,0.0,0.0,1.0,0.0,1.0,0.0,0.0,0.0,0.0,0.0,0.0,0.0,0.0,0.0,0.0,0.0,0.0,0.0,0.0,0.0,0.0,0.0,0.0,1.0,0.0,1.0,0.0,0.0,0.0,0.0,0.0,1.0,0.0,0.0,0.0,0.0,0.0,0.0,0.0,0.0,0.0,0.0,0.0,0.0,0.0,0.0,0.0,0.0,0.0,0.0,0.0,0.0,0.0,0.0,0.0,0.0,0.0,0.0
24.0,7.0,6.0,3.0,4.0,5.0,1.0,5.0,1.0,2.0,4.0,0.0,0.0,5.0,3.0,3.0,6.0,1.0,0.0,0.0,2.0,1.0,0.0,0.0,2.0,0.0,0.0,0.0,0.0,2.0,0.0,0.0,0.0,0.0,0.0,0.0,4.0,3.0,0.0,1.0,4.0,0.0,1.0,0.0,0.0,0.0,0.0,1.0,1.0,0.0,3.0,0.0,0.0,1.0,0.0,0.0,0.0,0.0,2.0,0.0,0.0,3.0,0.0,0.0,0.0,2.0,1.0,0.0,0.0,0.0,0.0,0.0,0.0,0.0,0.0,0.0,0.0,0.0,0.0,2.0,1.0,0.0,0.0,0.0,0.0,0.0,0.0,2.0,0.0,0.0,0.0,0.0,0.0,2.0,0.0,0.0,0.0,0.0,0.0,0.0,0.0,0.0,0.0,0.0,0.0,0.0,1.0,0.0,0.0,2.0,0.0,0.0,0.0,0.0,0.0,0.0,0.0,0.0,0.0,0.0,0.0,0.0,0.0,0.0,0.0,0.0,0.0,0.0,0.0,2.0,2.0,0.0,0.0,0.0,2.0,0.0,0.0,0.0,0.0,0.0,0.0,0.0,0.0,1.0,0.0,1.0,0.0,0.0,0.0,0.0,0.0,0.0,0.0,0.0,0.0,0.0
30.0,7.0,7.0,4.0,4.0,7.0,1.0,5.0,1.0,2.0,4.0,0.0,0.0,5.0,3.0,3.0,6.0,1.0,0.0,0.0,2.0,1.0,0.0,0.0,2.0,0.0,0.0,0.0,0.0,2.0,0.0,0.0,0.0,0.0,0.0,0.0,4.0,3.0,0.0,1.0,4.0,0.0,1.0,0.0,0.0,1.0,0.0,1.0,1.0,0.0,3.0,0.0,0.0,1.0,0.0,1.0,0.0,0.0,2.0,0.0,0.0,3.0,0.0,0.0,0.0,2.0,1.0,0.0,0.0,0.0,0.0,0.0,0.0,0.0,0.0,0.0,0.0,0.0,0.0,2.0,1.0,0.0,0.0,0.0,0.0,0.0,0.0,2.0,0.0,0.0,0.0,0.0,0.0,2.0,0.0,0.0,0.0,0.0,0.0,0.0,0.0,0.0,0.0,0.0,0.0,0.0,1.0,0.0,0.0,2.0,0.0,0.0,0.0,0.0,0.0,0.0,0.0,0.0,0.0,0.0,0.0,0.0,0.0,0.0,0.0,0.0,0.0,0.0,0.0,2.0,2.0,0.0,0.0,0.0,2.0,0.0,0.0,0.0,0.0,0.0,0.0,0.0,0.0,1.0,0.0,1.0,0.0,0.0,0.0,0.0,0.0,0.0,0.0,0.0,0.0,0.0
13.0,5.0,0.0,2.0,1.0,0.0,3.0,0.0,0.0,0.0,0.0,1.0,2.0,0.0,0.0,0.0,0.0,0.0,0.0,0.0,0.0,0.0,1.0,0.0,0.0,0.0,0.0,0.0,1.0,0.0,0.0,0.0,0.0,0.0,0.0,0.0,0.0,0.0,0.0,0.0,0.0,0.0,0.0,0.0,0.0,0.0,0.0,0.0,0.0,0.0,0.0,0.0,0.0,0.0,0.0,0.0,0.0,0.0,0.0,0.0,0.0,0.0,0.0,0.0,0.0,0.0,0.0,0.0,0.0,0.0,0.0,0.0,0.0,0.0,0.0,0.0,0.0,0.0,0.0,0.0,0.0,0.0,0.0,0.0,0.0,0.0,0.0,0.0,0.0,0.0,0.0,0.0,0.0,0.0,0.0,0.0,0.0,0.0,0.0,0.0,0.0,0.0,0.0,0.0,0.0,0.0,1.0,0.0,0.0,0.0,0.0,0.0,0.0,0.0,0.0,0.0,0.0,0.0,0.0,0.0,0.0,0.0,0.0,0.0,0.0,0.0,0.0,0.0,0.0,0.0,0.0,0.0,0.0,0.0,0.0,4.0,0.0,0.0,0.0,0.0,0.0,0.0,0.0,0.0,0.0,0.0,0.0,0.0,0.0,0.0,0.0,0.0,0.0,0.0,0.0,0.0
32.0,4.0,5.0,5.0,2.0,6.0,3.0,4.0,2.0,0.0,0.0,1.0,3.0,4.0,0.0,0.0,0.0,0.0,0.0,0.0,0.0,0.0,2.0,0.0,4.0,0.0,0.0,1.0,0.0,0.0,0.0,0.0,0.0,0.0,0.0,0.0,0.0,0.0,0.0,2.0,0.0,0.0,0.0,0.0,0.0,1.0,0.0,0.0,0.0,0.0,0.0,0.0,1.0,0.0,0.0,2.0,0.0,1.0,0.0,0.0,0.0,0.0,0.0,0.0,0.0,0.0,0.0,0.0,0.0,1.0,0.0,0.0,0.0,0.0,0.0,0.0,0.0,1.0,0.0,0.0,0.0,0.0,1.0,0.0,0.0,0.0,1.0,0.0,0.0,0.0,0.0,0.0,0.0,0.0,0.0,1.0,0.0,0.0,0.0,0.0,0.0,0.0,0.0,0.0,0.0,0.0,0.0,0.0,0.0,0.0,0.0,0.0,0.0,0.0,0.0,0.0,0.0,1.0,0.0,0.0,0.0,0.0,0.0,0.0,0.0,0.0,0.0,0.0,0.0,0.0,4.0,0.0,0.0,0.0,0.0,1.0,0.0,0.0,0.0,0.0,0.0,0.0,0.0,0.0,0.0,0.0,0.0,0.0,0.0,0.0,0.0,0.0,0.0,0.0,0.0,0.0
31.0,3.0,4.0,5.0,1.0,6.0,3.0,2.0,1.0,0.0,0.0,1.0,3.0,2.0,0.0,0.0,0.0,0.0,0.0,0.0,0.0,0.0,2.0,0.0,2.0,0.0,0.0,1.0,0.0,0.0,0.0,0.0,0.0,0.0,0.0,0.0,0.0,0.0,0.0,1.0,0.0,0.0,0.0,0.0,0.0,1.0,0.0,0.0,0.0,0.0,0.0,0.0,0.0,0.0,0.0,1.0,0.0,1.0,0.0,0.0,0.0,0.0,0.0,0.0,0.0,0.0,0.0,0.0,0.0,1.0,0.0,0.0,0.0,0.0,0.0,0.0,0.0,0.0,0.0,0.0,0.0,0.0,1.0,0.0,0.0,0.0,0.0,0.0,0.0,0.0,0.0,0.0,0.0,0.0,0.0,1.0,0.0,0.0,0.0,0.0,0.0,0.0,0.0,0.0,0.0,0.0,0.0,0.0,0.0,0.0,0.0,0.0,0.0,0.0,0.0,0.0,0.0,0.0,0.0,0.0,0.0,0.0,0.0,0.0,0.0,0.0,0.0,0.0,0.0,0.0,2.0,0.0,0.0,0.0,0.0,1.0,0.0,0.0,0.0,0.0,0.0,0.0,0.0,0.0,0.0,0.0,0.0,0.0,0.0,0.0,0.0,0.0,0.0,0.0,0.0,0.0
32.0,4.0,5.0,5.0,2.0,6.0,3.0,4.0,2.0,0.0,0.0,1.0,3.0,4.0,0.0,0.0,0.0,0.0,0.0,0.0,0.0,0.0,2.0,0.0,4.0,0.0,0.0,1.0,0.0,0.0,0.0,0.0,0.0,0.0,0.0,0.0,0.0,0.0,0.0,2.0,0.0,0.0,0.0,0.0,0.0,1.0,0.0,0.0,0.0,0.0,0.0,0.0,1.0,0.0,0.0,2.0,0.0,1.0,0.0,0.0,0.0,0.0,0.0,0.0,0.0,0.0,0.0,0.0,0.0,1.0,0.0,0.0,0.0,0.0,0.0,0.0,0.0,1.0,0.0,0.0,0.0,0.0,1.0,0.0,0.0,0.0,1.0,0.0,0.0,0.0,0.0,0.0,0.0,0.0,0.0,1.0,0.0,0.0,0.0,0.0,0.0,0.0,0.0,0.0,0.0,0.0,0.0,0.0,0.0,0.0,0.0,0.0,0.0,0.0,0.0,0.0,0.0,1.0,0.0,0.0,0.0,0.0,0.0,0.0,0.0,0.0,0.0,0.0,0.0,0.0,4.0,0.0,0.0,0.0,0.0,0.0,0.0,0.0,0.0,0.0,0.0,0.0,0.0,0.0,0.0,0.0,0.0,0.0,0.0,0.0,0.0,0.0,0.0,0.0,0.0,0.0
31.0,3.0,4.0,5.0,1.0,6.0,3.0,2.0,1.0,0.0,0.0,1.0,3.0,2.0,0.0,0.0,0.0,0.0,0.0,0.0,0.0,0.0,2.0,0.0,2.0,0.0,0.0,1.0,0.0,0.0,0.0,0.0,0.0,0.0,0.0,0.0,0.0,0.0,0.0,1.0,0.0,0.0,0.0,0.0,0.0,1.0,0.0,0.0,0.0,0.0,0.0,0.0,0.0,0.0,0.0,1.0,0.0,1.0,0.0,0.0,0.0,0.0,0.0,0.0,0.0,0.0,0.0,0.0,0.0,1.0,0.0,0.0,0.0,0.0,0.0,0.0,0.0,0.0,0.0,0.0,0.0,0.0,1.0,0.0,0.0,0.0,0.0,0.0,0.0,0.0,0.0,0.0,0.0,0.0,0.0,1.0,0.0,0.0,0.0,0.0,0.0,0.0,0.0,0.0,0.0,0.0,0.0,0.0,0.0,0.0,0.0,0.0,0.0,0.0,0.0,0.0,0.0,0.0,0.0,0.0,0.0,0.0,0.0,0.0,0.0,0.0,0.0,0.0,0.0,0.0,2.0,0.0,0.0,0.0,0.0,0.0,0.0,0.0,0.0,0.0,0.0,0.0,0.0,0.0,0.0,0.0,0.0,0.0,0.0,0.0,0.0,0.0,0.0,0.0,0.0,0.0
32.0,4.0,5.0,5.0,2.0,6.0,3.0,4.0,2.0,0.0,0.0,1.0,3.0,4.0,0.0,0.0,0.0,0.0,0.0,0.0,0.0,0.0,2.0,0.0,4.0,0.0,0.0,1.0,0.0,0.0,0.0,0.0,0.0,0.0,0.0,0.0,0.0,0.0,0.0,2.0,0.0,0.0,0.0,0.0,0.0,1.0,0.0,0.0,0.0,0.0,0.0,0.0,1.0,0.0,0.0,2.0,0.0,1.0,0.0,0.0,0.0,0.0,0.0,0.0,0.0,0.0,0.0,0.0,0.0,1.0,0.0,0.0,0.0,0.0,0.0,0.0,0.0,1.0,0.0,0.0,0.0,0.0,1.0,0.0,0.0,0.0,1.0,0.0,0.0,0.0,0.0,0.0,0.0,0.0,0.0,1.0,0.0,0.0,0.0,0.0,0.0,0.0,0.0,0.0,0.0,0.0,0.0,0.0,0.0,0.0,0.0,0.0,0.0,0.0,0.0,0.0,0.0,1.0,0.0,0.0,0.0,0.0,0.0,0.0,0.0,0.0,0.0,0.0,0.0,0.0,4.0,0.0,0.0,0.0,0.0,0.0,0.0,0.0,0.0,0.0,0.0,0.0,0.0,0.0,0.0,0.0,0.0,0.0,0.0,0.0,0.0,0.0,0.0,0.0,0.0,0.0
31.0,3.0,4.0,5.0,1.0,6.0,3.0,2.0,1.0,0.0,0.0,1.0,3.0,2.0,0.0,0.0,0.0,0.0,0.0,0.0,0.0,0.0,2.0,0.0,2.0,0.0,0.0,1.0,0.0,0.0,0.0,0.0,0.0,0.0,0.0,0.0,0.0,0.0,0.0,1.0,0.0,0.0,0.0,0.0,0.0,1.0,0.0,0.0,0.0,0.0,0.0,0.0,0.0,0.0,0.0,1.0,0.0,1.0,0.0,0.0,0.0,0.0,0.0,0.0,0.0,0.0,0.0,0.0,0.0,1.0,0.0,0.0,0.0,0.0,0.0,0.0,0.0,0.0,0.0,0.0,0.0,0.0,1.0,0.0,0.0,0.0,0.0,0.0,0.0,0.0,0.0,0.0,0.0,0.0,0.0,1.0,0.0,0.0,0.0,0.0,0.0,0.0,0.0,0.0,0.0,0.0,0.0,0.0,0.0,0.0,0.0,0.0,0.0,0.0,0.0,0.0,0.0,0.0,0.0,0.0,0.0,0.0,0.0,0.0,0.0,0.0,0.0,0.0,0.0,0.0,2.0,0.0,0.0,0.0,0.0,0.0,0.0,0.0,0.0,0.0,0.0,0.0,0.0,0.0,0.0,0.0,0.0,0.0,0.0,0.0,0.0,0.0,0.0,0.0,0.0,0.0
32.0,4.0,5.0,5.0,2.0,6.0,3.0,4.0,2.0,0.0,0.0,1.0,3.0,4.0,0.0,0.0,0.0,0.0,0.0,0.0,0.0,0.0,2.0,0.0,4.0,0.0,0.0,1.0,0.0,0.0,0.0,0.0,0.0,0.0,0.0,0.0,0.0,0.0,0.0,2.0,0.0,0.0,0.0,0.0,0.0,1.0,0.0,0.0,0.0,0.0,0.0,0.0,1.0,0.0,0.0,2.0,0.0,1.0,0.0,0.0,0.0,0.0,0.0,0.0,0.0,0.0,0.0,0.0,0.0,1.0,0.0,0.0,0.0,0.0,0.0,0.0,0.0,1.0,0.0,0.0,0.0,0.0,1.0,0.0,0.0,0.0,1.0,0.0,0.0,0.0,0.0,0.0,0.0,0.0,0.0,1.0,0.0,0.0,0.0,0.0,0.0,0.0,0.0,0.0,0.0,0.0,0.0,0.0,0.0,0.0,0.0,0.0,0.0,0.0,0.0,0.0,0.0,1.0,0.0,0.0,0.0,0.0,0.0,0.0,0.0,0.0,0.0,0.0,0.0,0.0,4.0,0.0,0.0,0.0,0.0,0.0,0.0,0.0,0.0,0.0,0.0,0.0,0.0,0.0,0.0,0.0,0.0,0.0,0.0,0.0,0.0,0.0,0.0,0.0,0.0,0.0
31.0,3.0,4.0,5.0,1.0,6.0,3.0,2.0,1.0,0.0,0.0,1.0,3.0,2.0,0.0,0.0,0.0,0.0,0.0,0.0,0.0,0.0,2.0,0.0,2.0,0.0,0.0,1.0,0.0,0.0,0.0,0.0,0.0,0.0,0.0,0.0,0.0,0.0,0.0,1.0,0.0,0.0,0.0,0.0,0.0,1.0,0.0,0.0,0.0,0.0,0.0,0.0,0.0,0.0,0.0,1.0,0.0,1.0,0.0,0.0,0.0,0.0,0.0,0.0,0.0,0.0,0.0,0.0,0.0,1.0,0.0,0.0,0.0,0.0,0.0,0.0,0.0,0.0,0.0,0.0,0.0,0.0,1.0,0.0,0.0,0.0,0.0,0.0,0.0,0.0,0.0,0.0,0.0,0.0,0.0,1.0,0.0,0.0,0.0,0.0,0.0,0.0,0.0,0.0,0.0,0.0,0.0,0.0,0.0,0.0,0.0,0.0,0.0,0.0,0.0,0.0,0.0,0.0,0.0,0.0,0.0,0.0,0.0,0.0,0.0,0.0,0.0,0.0,0.0,0.0,2.0,0.0,0.0,0.0,0.0,0.0,0.0,0.0,0.0,0.0,0.0,0.0,0.0,0.0,0.0,0.0,0.0,0.0,0.0,0.0,0.0,0.0,0.0,0.0,0.0,0.0
21.0,4.0,4.0,3.0,0.0,2.0,3.0,0.0,6.0,0.0,0.0,0.0,3.0,0.0,0.0,0.0,0.0,0.0,1.0,1.0,0.0,0.0,0.0,0.0,6.0,0.0,0.0,2.0,0.0,0.0,2.0,0.0,0.0,4.0,0.0,0.0,0.0,0.0,0.0,1.0,0.0,0.0,0.0,0.0,0.0,0.0,0.0,0.0,0.0,0.0,0.0,0.0,6.0,0.0,0.0,0.0,0.0,0.0,0.0,6.0,0.0,0.0,0.0,0.0,0.0,0.0,0.0,0.0,0.0,0.0,0.0,0.0,0.0,0.0,0.0,0.0,0.0,0.0,0.0,0.0,0.0,0.0,0.0,0.0,0.0,0.0,0.0,0.0,0.0,0.0,0.0,0.0,0.0,0.0,0.0,0.0,0.0,0.0,0.0,0.0,0.0,0.0,0.0,0.0,0.0,0.0,0.0,0.0,0.0,0.0,0.0,0.0,0.0,0.0,0.0,0.0,0.0,0.0,0.0,0.0,0.0,0.0,0.0,0.0,0.0,0.0,0.0,0.0,0.0,0.0,0.0,0.0,0.0,0.0,0.0,1.0,0.0,0.0,0.0,0.0,0.0,0.0,0.0,0.0,0.0,0.0,0.0,0.0,0.0,0.0,0.0,0.0,0.0,0.0,0.0,0.0
16.0,4.0,4.0,2.0,2.0,4.0,3.0,2.0,0.0,0.0,0.0,1.0,0.0,2.0,0.0,0.0,0.0,0.0,0.0,0.0,0.0,3.0,0.0,0.0,0.0,2.0,0.0,0.0,1.0,0.0,0.0,0.0,0.0,0.0,1.0,0.0,0.0,0.0,0.0,0.0,0.0,1.0,0.0,0.0,1.0,2.0,1.0,3.0,0.0,0.0,0.0,0.0,0.0,0.0,0.0,2.0,1.0,0.0,0.0,0.0,0.0,0.0,0.0,0.0,0.0,0.0,0.0,0.0,0.0,0.0,0.0,0.0,0.0,0.0,0.0,0.0,0.0,1.0,0.0,0.0,0.0,0.0,0.0,0.0,0.0,0.0,0.0,0.0,0.0,0.0,0.0,0.0,0.0,0.0,0.0,0.0,0.0,0.0,0.0,0.0,0.0,0.0,0.0,0.0,0.0,0.0,0.0,0.0,0.0,0.0,0.0,0.0,0.0,0.0,0.0,0.0,0.0,0.0,0.0,0.0,0.0,0.0,0.0,0.0,0.0,3.0,0.0,0.0,0.0,0.0,0.0,0.0,0.0,0.0,0.0,0.0,1.0,0.0,0.0,0.0,0.0,1.0,0.0,0.0,0.0,0.0,0.0,0.0,0.0,0.0,0.0,0.0,0.0,0.0,0.0,0.0
10.0,4.0,3.0,1.0,2.0,2.0,3.0,2.0,0.0,0.0,0.0,1.0,0.0,2.0,0.0,0.0,0.0,0.0,0.0,0.0,0.0,3.0,0.0,0.0,0.0,2.0,0.0,0.0,1.0,0.0,0.0,0.0,0.0,0.0,1.0,0.0,0.0,0.0,0.0,0.0,0.0,1.0,0.0,0.0,1.0,1.0,1.0,1.0,0.0,0.0,0.0,0.0,0.0,0.0,0.0,2.0,1.0,0.0,0.0,0.0,0.0,0.0,0.0,0.0,0.0,0.0,0.0,0.0,1.0,0.0,0.0,1.0,0.0,1.0,0.0,0.0,0.0,1.0,1.0,0.0,0.0,0.0,0.0,0.0,0.0,0.0,0.0,0.0,0.0,0.0,0.0,0.0,0.0,0.0,0.0,0.0,0.0,0.0,0.0,0.0,0.0,0.0,0.0,0.0,0.0,0.0,0.0,0.0,0.0,0.0,0.0,0.0,0.0,0.0,0.0,0.0,0.0,0.0,0.0,0.0,0.0,0.0,0.0,0.0,0.0,1.0,0.0,0.0,0.0,0.0,0.0,0.0,0.0,0.0,0.0,0.0,1.0,0.0,0.0,0.0,0.0,1.0,0.0,0.0,1.0,0.0,0.0,0.0,0.0,0.0,0.0,0.0,0.0,0.0,0.0,0.0
25.0,7.0,6.0,3.0,3.0,4.0,7.0,4.0,1.0,0.0,0.0,3.0,2.0,4.0,0.0,0.0,0.0,0.0,0.0,0.0,0.0,5.0,2.0,0.0,2.0,4.0,0.0,2.0,1.0,0.0,0.0,0.0,0.0,0.0,1.0,0.0,0.0,0.0,0.0,1.0,0.0,1.0,0.0,0.0,1.0,1.0,1.0,1.0,0.0,0.0,0.0,0.0,2.0,0.0,0.0,2.0,1.0,2.0,0.0,0.0,0.0,0.0,0.0,0.0,0.0,0.0,0.0,0.0,2.0,0.0,0.0,3.0,0.0,1.0,0.0,0.0,0.0,1.0,1.0,0.0,0.0,0.0,0.0,0.0,0.0,0.0,2.0,0.0,0.0,0.0,0.0,0.0,0.0,0.0,0.0,0.0,0.0,0.0,0.0,0.0,0.0,0.0,0.0,0.0,0.0,0.0,0.0,0.0,0.0,0.0,0.0,0.0,0.0,0.0,0.0,0.0,0.0,2.0,0.0,0.0,0.0,0.0,0.0,0.0,0.0,1.0,0.0,0.0,0.0,0.0,2.0,0.0,0.0,0.0,0.0,0.0,1.0,0.0,0.0,0.0,0.0,1.0,0.0,0.0,1.0,0.0,0.0,0.0,0.0,0.0,0.0,0.0,0.0,0.0,0.0,0.0
37.0,9.0,6.0,5.0,3.0,4.0,11.0,4.0,1.0,0.0,0.0,5.0,6.0,4.0,0.0,0.0,0.0,0.0,0.0,0.0,0.0,5.0,6.0,0.0,2.0,4.0,0.0,2.0,1.0,0.0,0.0,0.0,0.0,0.0,1.0,0.0,0.0,0.0,0.0,1.0,0.0,1.0,0.0,0.0,1.0,1.0,1.0,1.0,0.0,0.0,0.0,0.0,2.0,0.0,0.0,2.0,1.0,2.0,0.0,0.0,0.0,0.0,0.0,0.0,0.0,0.0,0.0,0.0,2.0,2.0,0.0,3.0,0.0,1.0,0.0,0.0,0.0,1.0,1.0,0.0,0.0,0.0,0.0,0.0,0.0,0.0,2.0,0.0,0.0,0.0,0.0,0.0,0.0,0.0,0.0,2.0,0.0,0.0,0.0,0.0,0.0,0.0,0.0,0.0,0.0,0.0,0.0,0.0,0.0,0.0,0.0,0.0,0.0,0.0,0.0,0.0,0.0,2.0,0.0,0.0,0.0,0.0,0.0,0.0,0.0,1.0,0.0,0.0,0.0,0.0,2.0,0.0,0.0,0.0,0.0,0.0,1.0,0.0,0.0,0.0,0.0,1.0,0.0,0.0,1.0,0.0,0.0,0.0,0.0,0.0,0.0,0.0,0.0,0.0,0.0,0.0
30.0,8.0,4.0,4.0,2.0,2.0,11.0,2.0,0.0,0.0,0.0,5.0,6.0,2.0,0.0,0.0,0.0,0.0,0.0,0.0,0.0,5.0,6.0,0.0,0.0,4.0,0.0,0.0,1.0,0.0,0.0,0.0,0.0,0.0,1.0,0.0,0.0,0.0,0.0,0.0,0.0,1.0,0.0,0.0,1.0,1.0,1.0,1.0,0.0,0.0,0.0,0.0,0.0,0.0,0.0,2.0,1.0,0.0,0.0,0.0,0.0,0.0,0.0,0.0,0.0,0.0,0.0,0.0,2.0,2.0,0.0,3.0,0.0,1.0,0.0,0.0,0.0,1.0,1.0,0.0,0.0,0.0,0.0,0.0,0.0,0.0,0.0,0.0,0.0,0.0,0.0,0.0,0.0,0.0,0.0,0.0,0.0,0.0,0.0,0.0,0.0,0.0,0.0,0.0,0.0,0.0,0.0,0.0,0.0,0.0,0.0,0.0,0.0,0.0,0.0,0.0,0.0,0.0,0.0,0.0,0.0,0.0,0.0,0.0,0.0,1.0,0.0,0.0,0.0,0.0,0.0,0.0,0.0,0.0,0.0,0.0,1.0,0.0,0.0,0.0,0.0,1.0,0.0,0.0,1.0,0.0,0.0,0.0,0.0,0.0,0.0,0.0,0.0,0.0,0.0,0.0
24.0,7.0,4.0,3.0,2.0,2.0,9.0,2.0,0.0,0.0,0.0,4.0,4.0,2.0,0.0,0.0,0.0,0.0,0.0,0.0,0.0,5.0,4.0,0.0,0.0,4.0,0.0,0.0,1.0,0.0,0.0,0.0,0.0,0.0,1.0,0.0,0.0,0.0,0.0,0.0,0.0,1.0,0.0,0.0,1.0,1.0,1.0,1.0,0.0,0.0,0.0,0.0,0.0,0.0,0.0,2.0,1.0,0.0,0.0,0.0,0.0,0.0,0.0,0.0,0.0,0.0,0.0,0.0,2.0,1.0,0.0,3.0,0.0,1.0,0.0,0.0,0.0,1.0,1.0,0.0,0.0,0.0,0.0,0.0,0.0,0.0,0.0,0.0,0.0,0.0,0.0,0.0,0.0,0.0,0.0,0.0,0.0,0.0,0.0,0.0,0.0,0.0,0.0,0.0,0.0,0.0,0.0,0.0,0.0,0.0,0.0,0.0,0.0,0.0,0.0,0.0,0.0,0.0,0.0,0.0,0.0,0.0,0.0,0.0,0.0,1.0,0.0,0.0,0.0,0.0,0.0,0.0,0.0,0.0,0.0,0.0,1.0,0.0,0.0,0.0,0.0,1.0,0.0,0.0,1.0,0.0,0.0,0.0,0.0,0.0,0.0,0.0,0.0,0.0,0.0,0.0
18.0,6.0,10.0,0.0,2.0,0.0,6.0,2.0,4.0,2.0,6.0,2.0,0.0,0.0,6.0,6.0,12.0,0.0,0.0,0.0,0.0,8.0,0.0,0.0,0.0,4.0,0.0,0.0,2.0,0.0,0.0,2.0,0.0,0.0,2.0,0.0,0.0,6.0,0.0,0.0,0.0,2.0,0.0,0.0,2.0,0.0,2.0,0.0,2.0,2.0,6.0,0.0,0.0,0.0,0.0,0.0,0.0,0.0,0.0,0.0,4.0,6.0,0.0,0.0,0.0,0.0,0.0,0.0,2.0,0.0,0.0,2.0,0.0,2.0,0.0,0.0,0.0,0.0,2.0,0.0,0.0,4.0,0.0,0.0,0.0,0.0,0.0,0.0,0.0,0.0,0.0,0.0,0.0,0.0,0.0,0.0,4.0,0.0,0.0,0.0,0.0,0.0,0.0,0.0,0.0,0.0,0.0,0.0,0.0,0.0,0.0,0.0,0.0,0.0,0.0,0.0,4.0,0.0,0.0,0.0,0.0,0.0,0.0,0.0,0.0,0.0,0.0,0.0,2.0,0.0,0.0,0.0,0.0,2.0,0.0,0.0,0.0,0.0,0.0,0.0,0.0,0.0,0.0,2.0,0.0,0.0,0.0,0.0,0.0,0.0,0.0,0.0,0.0,0.0,0.0,0.0
30.0,15.0,21.0,0.0,3.0,0.0,24.0,3.0,15.0,0.0,0.0,12.0,0.0,0.0,0.0,0.0,0.0,0.0,0.0,0.0,0.0,27.0,0.0,0.0,0.0,27.0,0.0,0.0,3.0,0.0,0.0,4.0,0.0,1.0,3.0,8.0,0.0,0.0,0.0,0.0,0.0,15.0,0.0,0.0,3.0,0.0,3.0,0.0,0.0,0.0,0.0,3.0,0.0,0.0,0.0,0.0,0.0,0.0,0.0,0.0,0.0,0.0,0.0,5.0,0.0,0.0,0.0,1.0,6.0,0.0,0.0,9.0,0.0,3.0,0.0,0.0,0.0,0.0,9.0,0.0,0.0,22.0,0.0,0.0,0.0,0.0,0.0,0.0,0.0,0.0,0.0,0.0,0.0,0.0,0.0,0.0,19.0,0.0,2.0,4.0,0.0,0.0,0.0,0.0,0.0,0.0,0.0,1.0,0.0,0.0,0.0,0.0,0.0,0.0,0.0,2.0,19.0,0.0,0.0,0.0,0.0,0.0,0.0,0.0,0.0,0.0,0.0,0.0,4.0,0.0,0.0,0.0,0.0,0.0,0.0,0.0,0.0,2.0,0.0,1.0,0.0,0.0,0.0,0.0,0.0,0.0,0.0,0.0,0.0,0.0,0.0,0.0,0.0,0.0,0.0,0.0
16.0,3.0,4.0,1.0,0.0,2.0,3.0,0.0,1.0,1.0,2.0,1.0,2.0,0.0,2.0,1.0,2.0,0.0,0.0,0.0,0.0,0.0,1.0,0.0,1.0,0.0,0.0,1.0,0.0,1.0,0.0,0.0,0.0,0.0,0.0,0.0,0.0,1.0,0.0,0.0,0.0,0.0,1.0,0.0,0.0,0.0,0.0,0.0,0.0,0.0,0.0,0.0,1.0,0.0,0.0,0.0,0.0,0.0,0.0,0.0,0.0,0.0,0.0,0.0,0.0,0.0,0.0,0.0,0.0,0.0,1.0,0.0,0.0,0.0,0.0,0.0,0.0,0.0,0.0,0.0,0.0,0.0,1.0,0.0,0.0,0.0,0.0,0.0,0.0,0.0,0.0,0.0,0.0,0.0,0.0,0.0,0.0,0.0,0.0,0.0,0.0,0.0,0.0,0.0,0.0,0.0,0.0,0.0,0.0,0.0,0.0,0.0,0.0,0.0,0.0,0.0,0.0,0.0,0.0,0.0,0.0,0.0,0.0,0.0,0.0,0.0,0.0,0.0,0.0,0.0,0.0,0.0,0.0,0.0,0.0,0.0,0.0,0.0,0.0,0.0,0.0,0.0,0.0,0.0,0.0,0.0,0.0,0.0,0.0,0.0,0.0,0.0,0.0,0.0,0.0,0.0
45.0,7.0,11.0,6.0,4.0,7.0,4.0,6.0,11.0,1.0,2.0,2.0,4.0,4.0,2.0,1.0,2.0,0.0,1.0,1.0,2.0,0.0,4.0,0.0,10.0,0.0,0.0,4.0,0.0,2.0,0.0,4.0,3.0,5.0,0.0,4.0,2.0,1.0,3.0,1.0,2.0,0.0,0.0,0.0,0.0,0.0,0.0,0.0,0.0,0.0,0.0,1.0,7.0,2.0,4.0,0.0,0.0,4.0,0.0,7.0,0.0,0.0,3.0,2.0,4.0,4.0,0.0,0.0,0.0,2.0,0.0,0.0,0.0,0.0,0.0,0.0,0.0,0.0,0.0,2.0,0.0,0.0,0.0,0.0,0.0,0.0,7.0,0.0,0.0,0.0,0.0,0.0,0.0,0.0,0.0,4.0,0.0,0.0,2.0,0.0,0.0,0.0,0.0,0.0,0.0,0.0,0.0,2.0,0.0,0.0,5.0,0.0,0.0,0.0,0.0,0.0,0.0,2.0,0.0,0.0,0.0,0.0,0.0,0.0,0.0,0.0,0.0,0.0,0.0,0.0,2.0,0.0,0.0,0.0,0.0,0.0,0.0,2.0,0.0,0.0,0.0,0.0,0.0,0.0,0.0,0.0,0.0,0.0,0.0,0.0,2.0,0.0,0.0,0.0,0.0,0.0
30.0,6.0,7.0,4.0,4.0,5.0,2.0,6.0,5.0,1.0,2.0,1.0,2.0,4.0,2.0,1.0,2.0,0.0,1.0,1.0,2.0,0.0,2.0,0.0,4.0,0.0,0.0,2.0,0.0,2.0,0.0,4.0,3.0,1.0,0.0,4.0,2.0,1.0,3.0,0.0,2.0,0.0,0.0,0.0,0.0,0.0,0.0,0.0,0.0,0.0,0.0,1.0,1.0,2.0,4.0,0.0,0.0,2.0,0.0,1.0,0.0,0.0,3.0,2.0,4.0,4.0,0.0,0.0,0.0,1.0,0.0,0.0,0.0,0.0,0.0,0.0,0.0,0.0,0.0,2.0,0.0,0.0,0.0,0.0,0.0,0.0,1.0,0.0,0.0,0.0,0.0,0.0,0.0,0.0,0.0,2.0,0.0,0.0,2.0,0.0,0.0,0.0,0.0,0.0,0.0,0.0,0.0,2.0,0.0,0.0,5.0,0.0,0.0,0.0,0.0,0.0,0.0,2.0,0.0,0.0,0.0,0.0,0.0,0.0,0.0,0.0,0.0,0.0,0.0,0.0,2.0,0.0,0.0,0.0,0.0,0.0,0.0,2.0,0.0,0.0,0.0,0.0,0.0,0.0,0.0,0.0,0.0,0.0,0.0,0.0,2.0,0.0,0.0,0.0,0.0,0.0
31.0,6.0,9.0,4.0,5.0,7.0,0.0,8.0,6.0,1.0,2.0,0.0,0.0,6.0,2.0,1.0,2.0,0.0,1.0,1.0,2.0,0.0,0.0,0.0,6.0,0.0,0.0,0.0,0.0,2.0,0.0,4.0,3.0,1.0,0.0,4.0,2.0,1.0,3.0,1.0,2.0,0.0,2.0,0.0,0.0,2.0,0.0,0.0,0.0,0.0,0.0,1.0,0.0,2.0,4.0,4.0,0.0,0.0,4.0,1.0,0.0,0.0,3.0,2.0,4.0,4.0,2.0,0.0,0.0,0.0,1.0,0.0,0.0,0.0,1.0,1.0,0.0,2.0,0.0,2.0,0.0,0.0,0.0,0.0,0.0,0.0,0.0,0.0,1.0,1.0,1.0,0.0,0.0,0.0,0.0,0.0,0.0,0.0,2.0,0.0,1.0,0.0,1.0,0.0,2.0,0.0,0.0,2.0,2.0,0.0,5.0,0.0,0.0,0.0,0.0,0.0,0.0,0.0,0.0,0.0,1.0,1.0,1.0,1.0,0.0,0.0,0.0,0.0,0.0,0.0,4.0,0.0,0.0,0.0,0.0,0.0,0.0,2.0,0.0,0.0,0.0,0.0,0.0,0.0,0.0,0.0,0.0,0.0,0.0,0.0,2.0,0.0,0.0,0.0,0.0,0.0
33.0,5.0,11.0,4.0,4.0,7.0,0.0,6.0,11.0,1.0,2.0,0.0,0.0,4.0,2.0,1.0,2.0,0.0,1.0,1.0,2.0,0.0,0.0,0.0,10.0,0.0,0.0,0.0,0.0,2.0,0.0,4.0,3.0,5.0,0.0,4.0,2.0,1.0,3.0,1.0,2.0,0.0,2.0,0.0,0.0,2.0,0.0,0.0,0.0,0.0,0.0,1.0,0.0,2.0,4.0,2.0,0.0,0.0,2.0,7.0,0.0,0.0,3.0,2.0,4.0,4.0,0.0,0.0,0.0,0.0,1.0,0.0,0.0,0.0,1.0,1.0,0.0,0.0,0.0,2.0,0.0,0.0,0.0,0.0,0.0,0.0,0.0,0.0,0.0,0.0,0.0,0.0,0.0,0.0,0.0,0.0,0.0,0.0,2.0,0.0,1.0,0.0,1.0,0.0,2.0,0.0,0.0,2.0,2.0,0.0,5.0,0.0,0.0,0.0,0.0,0.0,0.0,0.0,0.0,0.0,1.0,0.0,1.0,0.0,0.0,0.0,0.0,0.0,0.0,0.0,2.0,0.0,0.0,0.0,0.0,0.0,0.0,2.0,0.0,0.0,0.0,0.0,0.0,0.0,0.0,0.0,0.0,0.0,0.0,0.0,2.0,0.0,0.0,0.0,0.0,0.0
5.0,2.0,3.0,0.0,1.0,0.0,2.0,1.0,3.0,0.0,0.0,1.0,0.0,0.0,0.0,0.0,0.0,0.0,0.0,0.0,0.0,1.0,0.0,0.0,0.0,1.0,0.0,0.0,1.0,0.0,0.0,2.0,0.0,1.0,1.0,0.0,0.0,0.0,0.0,0.0,0.0,0.0,0.0,0.0,0.0,0.0,0.0,0.0,0.0,0.0,0.0,0.0,0.0,0.0,0.0,0.0,0.0,0.0,0.0,0.0,0.0,0.0,0.0,0.0,0.0,0.0,0.0,0.0,0.0,0.0,0.0,0.0,0.0,0.0,0.0,0.0,0.0,0.0,0.0,0.0,0.0,2.0,0.0,0.0,0.0,0.0,0.0,0.0,0.0,0.0,0.0,0.0,0.0,0.0,0.0,0.0,2.0,0.0,0.0,0.0,0.0,0.0,0.0,0.0,0.0,0.0,0.0,1.0,0.0,0.0,0.0,0.0,0.0,0.0,0.0,0.0,0.0,0.0,0.0,0.0,0.0,0.0,0.0,0.0,0.0,0.0,0.0,0.0,2.0,0.0,0.0,0.0,0.0,0.0,0.0,0.0,0.0,0.0,0.0,0.0,0.0,0.0,0.0,0.0,0.0,0.0,0.0,0.0,0.0,0.0,0.0,0.0,0.0,0.0,0.0,0.0
102.0,9.0,22.0,14.0,1.0,12.0,16.0,1.0,20.0,4.0,4.0,8.0,16.0,1.0,0.0,0.0,0.0,4.0,0.0,0.0,0.0,0.0,16.0,0.0,12.0,0.0,0.0,8.0,0.0,0.0,0.0,0.0,0.0,8.0,0.0,18.0,0.0,0.0,0.0,2.0,0.0,0.0,4.0,0.0,0.0,0.0,0.0,0.0,0.0,0.0,0.0,10.0,12.0,0.0,0.0,0.0,0.0,8.0,0.0,12.0,0.0,0.0,0.0,0.0,0.0,0.0,0.0,4.0,0.0,8.0,0.0,0.0,0.0,0.0,0.0,0.0,0.0,0.0,0.0,0.0,0.0,0.0,4.0,0.0,0.0,0.0,12.0,0.0,0.0,0.0,0.0,0.0,0.0,0.0,0.0,8.0,0.0,0.0,12.0,0.0,0.0,0.0,0.0,0.0,0.0,0.0,0.0,0.0,0.0,0.0,8.0,0.0,0.0,0.0,0.0,0.0,0.0,1.0,0.0,0.0,0.0,0.0,0.0,0.0,0.0,0.0,0.0,0.0,0.0,0.0,0.0,0.0,4.0,0.0,0.0,0.0,0.0,0.0,0.0,0.0,0.0,0.0,0.0,0.0,0.0,0.0,0.0,0.0,0.0,0.0,0.0,0.0,0.0,0.0,0.0,0.0
92.0,5.0,26.0,12.0,1.0,16.0,8.0,1.0,22.0,4.0,4.0,4.0,8.0,1.0,0.0,0.0,0.0,4.0,0.0,0.0,0.0,0.0,8.0,0.0,16.0,0.0,0.0,8.0,0.0,0.0,0.0,0.0,0.0,8.0,0.0,18.0,0.0,0.0,0.0,4.0,0.0,0.0,4.0,0.0,0.0,0.0,0.0,0.0,0.0,0.0,0.0,10.0,12.0,0.0,0.0,0.0,0.0,8.0,0.0,12.0,0.0,0.0,0.0,0.0,0.0,0.0,0.0,4.0,0.0,4.0,0.0,0.0,0.0,0.0,0.0,0.0,0.0,0.0,0.0,0.0,0.0,0.0,4.0,0.0,0.0,4.0,12.0,0.0,0.0,0.0,0.0,0.0,0.0,0.0,0.0,8.0,0.0,0.0,12.0,0.0,0.0,0.0,0.0,0.0,0.0,0.0,0.0,0.0,0.0,0.0,8.0,0.0,0.0,0.0,0.0,0.0,0.0,1.0,0.0,0.0,0.0,0.0,0.0,0.0,0.0,0.0,0.0,0.0,0.0,0.0,0.0,0.0,0.0,0.0,0.0,0.0,0.0,0.0,0.0,0.0,0.0,0.0,0.0,0.0,0.0,0.0,0.0,0.0,0.0,0.0,0.0,0.0,0.0,0.0,0.0,0.0
90.0,7.0,22.0,12.0,1.0,12.0,12.0,1.0,20.0,4.0,4.0,6.0,12.0,1.0,0.0,0.0,0.0,4.0,0.0,0.0,0.0,0.0,12.0,0.0,12.0,0.0,0.0,8.0,0.0,0.0,0.0,0.0,0.0,8.0,0.0,18.0,0.0,0.0,0.0,2.0,0.0,0.0,4.0,0.0,0.0,0.0,0.0,0.0,0.0,0.0,0.0,10.0,12.0,0.0,0.0,0.0,0.0,8.0,0.0,12.0,0.0,0.0,0.0,0.0,0.0,0.0,0.0,4.0,0.0,6.0,0.0,0.0,0.0,0.0,0.0,0.0,0.0,0.0,0.0,0.0,0.0,0.0,4.0,0.0,0.0,0.0,12.0,0.0,0.0,0.0,0.0,0.0,0.0,0.0,0.0,8.0,0.0,0.0,12.0,0.0,0.0,0.0,0.0,0.0,0.0,0.0,0.0,0.0,0.0,0.0,8.0,0.0,0.0,0.0,0.0,0.0,0.0,1.0,0.0,0.0,0.0,0.0,0.0,0.0,0.0,0.0,0.0,0.0,0.0,0.0,0.0,0.0,4.0,0.0,0.0,0.0,0.0,0.0,0.0,0.0,0.0,0.0,0.0,0.0,0.0,0.0,0.0,0.0,0.0,0.0,0.0,0.0,0.0,0.0,0.0,0.0
124.0,9.0,36.0,16.0,1.0,16.0,16.0,1.0,40.0,4.0,4.0,8.0,16.0,1.0,0.0,0.0,0.0,4.0,0.0,0.0,0.0,0.0,16.0,0.0,24.0,0.0,0.0,12.0,0.0,0.0,0.0,0.0,0.0,16.0,0.0,36.0,0.0,0.0,0.0,4.0,0.0,0.0,4.0,0.0,0.0,0.0,0.0,0.0,0.0,0.0,0.0,20.0,24.0,0.0,0.0,0.0,0.0,12.0,0.0,24.0,0.0,0.0,0.0,0.0,0.0,0.0,0.0,8.0,0.0,8.0,0.0,0.0,0.0,0.0,0.0,0.0,0.0,0.0,0.0,0.0,0.0,0.0,4.0,0.0,0.0,0.0,24.0,0.0,0.0,0.0,0.0,0.0,0.0,0.0,0.0,12.0,0.0,0.0,24.0,0.0,0.0,0.0,0.0,0.0,0.0,0.0,0.0,0.0,0.0,0.0,16.0,0.0,0.0,0.0,0.0,0.0,0.0,1.0,0.0,0.0,0.0,0.0,0.0,0.0,0.0,0.0,0.0,0.0,0.0,0.0,0.0,0.0,4.0,0.0,0.0,0.0,0.0,0.0,0.0,0.0,0.0,0.0,0.0,0.0,0.0,0.0,0.0,0.0,0.0,0.0,0.0,0.0,0.0,0.0,0.0,0.0
90.0,9.0,22.0,12.0,1.0,12.0,8.0,1.0,20.0,4.0,4.0,4.0,8.0,1.0,0.0,0.0,0.0,4.0,0.0,0.0,0.0,0.0,8.0,0.0,12.0,0.0,0.0,8.0,0.0,0.0,0.0,0.0,0.0,8.0,0.0,18.0,0.0,0.0,0.0,2.0,0.0,0.0,4.0,0.0,0.0,0.0,0.0,0.0,0.0,0.0,0.0,10.0,12.0,0.0,0.0,0.0,0.0,8.0,0.0,12.0,0.0,0.0,0.0,0.0,0.0,0.0,0.0,4.0,0.0,4.0,0.0,0.0,0.0,0.0,0.0,0.0,0.0,0.0,0.0,0.0,0.0,0.0,4.0,0.0,0.0,0.0,12.0,0.0,0.0,0.0,0.0,0.0,0.0,0.0,0.0,8.0,0.0,0.0,12.0,0.0,0.0,0.0,0.0,0.0,0.0,0.0,2.0,0.0,0.0,0.0,8.0,0.0,0.0,0.0,0.0,0.0,0.0,1.0,0.0,0.0,0.0,0.0,0.0,0.0,0.0,0.0,0.0,0.0,0.0,0.0,0.0,0.0,0.0,0.0,0.0,0.0,0.0,0.0,0.0,0.0,0.0,0.0,0.0,0.0,0.0,0.0,0.0,0.0,0.0,0.0,0.0,0.0,0.0,0.0,0.0,0.0
29.0,2.0,20.0,1.0,0.0,2.0,3.0,0.0,17.0,1.0,2.0,1.0,2.0,0.0,2.0,1.0,2.0,0.0,0.0,0.0,0.0,0.0,1.0,0.0,1.0,0.0,0.0,1.0,0.0,1.0,0.0,0.0,0.0,0.0,0.0,15.0,0.0,1.0,0.0,0.0,0.0,0.0,1.0,0.0,0.0,0.0,0.0,0.0,0.0,1.0,0.0,14.0,1.0,0.0,0.0,0.0,0.0,0.0,0.0,0.0,1.0,0.0,0.0,0.0,0.0,0.0,0.0,13.0,0.0,0.0,1.0,0.0,0.0,0.0,0.0,0.0,1.0,0.0,0.0,0.0,0.0,0.0,1.0,0.0,1.0,0.0,0.0,0.0,0.0,0.0,0.0,0.0,0.0,0.0,0.0,0.0,0.0,0.0,0.0,0.0,0.0,0.0,0.0,0.0,0.0,0.0,0.0,0.0,0.0,0.0,0.0,0.0,0.0,0.0,0.0,0.0,0.0,0.0,0.0,0.0,0.0,0.0,0.0,0.0,0.0,0.0,0.0,0.0,0.0,0.0,0.0,0.0,0.0,0.0,0.0,0.0,0.0,0.0,0.0,0.0,0.0,0.0,0.0,0.0,0.0,0.0,0.0,0.0,0.0,0.0,0.0,0.0,0.0,0.0,0.0,0.0
40.0,4.0,4.0,5.0,2.0,2.0,4.0,2.0,0.0,9.0,13.0,2.0,1.0,2.0,3.0,9.0,5.0,7.0,0.0,0.0,1.0,2.0,1.0,9.0,0.0,2.0,1.0,0.0,0.0,1.0,0.0,0.0,0.0,0.0,0.0,0.0,1.0,1.0,0.0,0.0,0.0,1.0,0.0,1.0,0.0,0.0,0.0,0.0,2.0,0.0,2.0,0.0,0.0,0.0,0.0,0.0,0.0,0.0,0.0,0.0,0.0,1.0,0.0,0.0,0.0,0.0,0.0,0.0,0.0,0.0,0.0,0.0,0.0,0.0,0.0,0.0,0.0,0.0,0.0,0.0,0.0,0.0,0.0,0.0,0.0,2.0,0.0,0.0,0.0,0.0,0.0,3.0,0.0,0.0,0.0,0.0,0.0,0.0,0.0,0.0,0.0,2.0,0.0,0.0,0.0,0.0,0.0,0.0,0.0,0.0,0.0,0.0,0.0,0.0,0.0,0.0,0.0,0.0,0.0,0.0,0.0,0.0,0.0,0.0,2.0,0.0,0.0,0.0,0.0,0.0,0.0,0.0,1.0,0.0,0.0,0.0,0.0,0.0,0.0,0.0,0.0,0.0,0.0,0.0,0.0,0.0,0.0,0.0,0.0,0.0,0.0,0.0,0.0,0.0,0.0,0.0
40.0,4.0,4.0,5.0,2.0,2.0,4.0,2.0,0.0,9.0,13.0,2.0,1.0,2.0,3.0,9.0,5.0,7.0,0.0,0.0,1.0,2.0,1.0,9.0,0.0,2.0,1.0,0.0,0.0,1.0,0.0,0.0,0.0,0.0,0.0,0.0,1.0,1.0,0.0,0.0,0.0,1.0,0.0,1.0,0.0,0.0,0.0,0.0,2.0,0.0,2.0,0.0,0.0,0.0,0.0,0.0,0.0,0.0,0.0,0.0,0.0,1.0,0.0,0.0,0.0,0.0,0.0,0.0,0.0,0.0,0.0,0.0,0.0,0.0,0.0,0.0,0.0,0.0,0.0,0.0,0.0,0.0,0.0,0.0,0.0,2.0,0.0,0.0,0.0,0.0,0.0,3.0,0.0,0.0,0.0,0.0,0.0,0.0,0.0,0.0,0.0,2.0,0.0,0.0,0.0,0.0,0.0,0.0,0.0,0.0,0.0,0.0,0.0,0.0,0.0,0.0,0.0,0.0,0.0,0.0,0.0,0.0,0.0,0.0,2.0,0.0,0.0,0.0,0.0,0.0,0.0,0.0,1.0,0.0,0.0,0.0,0.0,0.0,0.0,0.0,0.0,0.0,0.0,0.0,0.0,0.0,0.0,0.0,0.0,0.0,0.0,0.0,0.0,0.0,0.0,0.0
22.0,5.0,4.0,3.0,0.0,2.0,5.0,0.0,6.0,0.0,0.0,1.0,4.0,0.0,0.0,0.0,0.0,0.0,1.0,1.0,0.0,0.0,1.0,0.0,6.0,0.0,0.0,2.0,0.0,0.0,2.0,0.0,0.0,4.0,0.0,0.0,0.0,0.0,0.0,1.0,0.0,0.0,0.0,0.0,0.0,0.0,0.0,0.0,0.0,0.0,0.0,0.0,6.0,0.0,0.0,0.0,0.0,0.0,0.0,6.0,0.0,0.0,0.0,0.0,0.0,0.0,0.0,0.0,0.0,0.0,0.0,0.0,0.0,0.0,0.0,0.0,0.0,0.0,0.0,0.0,0.0,0.0,0.0,0.0,0.0,0.0,0.0,0.0,0.0,0.0,0.0,0.0,0.0,0.0,0.0,0.0,0.0,0.0,0.0,0.0,0.0,0.0,0.0,0.0,0.0,0.0,0.0,0.0,0.0,0.0,0.0,0.0,0.0,0.0,0.0,0.0,0.0,0.0,0.0,0.0,0.0,0.0,0.0,0.0,0.0,0.0,0.0,0.0,0.0,0.0,0.0,0.0,0.0,0.0,0.0,0.0,0.0,0.0,0.0,0.0,0.0,0.0,0.0,0.0,0.0,0.0,0.0,0.0,0.0,0.0,0.0,0.0,0.0,0.0,0.0,0.0
78.0,6.0,28.0,8.0,4.0,12.0,4.0,4.0,18.0,8.0,5.0,2.0,4.0,0.0,4.0,4.0,6.0,1.0,0.0,0.0,4.0,0.0,4.0,2.0,6.0,0.0,2.0,2.0,0.0,0.0,0.0,8.0,0.0,4.0,0.0,10.0,0.0,2.0,0.0,0.0,4.0,0.0,2.0,0.0,0.0,3.0,0.0,0.0,1.0,8.0,2.0,0.0,0.0,2.0,0.0,0.0,0.0,2.0,0.0,4.0,10.0,1.0,0.0,8.0,0.0,0.0,0.0,0.0,0.0,2.0,0.0,0.0,8.0,0.0,0.0,0.0,6.0,0.0,0.0,0.0,0.0,0.0,2.0,0.0,7.0,0.0,0.0,0.0,0.0,0.0,0.0,1.0,4.0,1.0,8.0,2.0,0.0,4.0,8.0,0.0,0.0,0.0,0.0,2.0,4.0,2.0,0.0,4.0,0.0,0.0,4.0,0.0,0.0,0.0,0.0,0.0,0.0,0.0,0.0,0.0,0.0,0.0,0.0,0.0,2.0,0.0,0.0,2.0,0.0,0.0,0.0,0.0,1.0,0.0,0.0,0.0,0.0,8.0,0.0,2.0,0.0,0.0,2.0,0.0,0.0,0.0,0.0,4.0,6.0,0.0,4.0,0.0,0.0,0.0,0.0,0.0
80.0,6.0,36.0,7.0,4.0,8.0,4.0,4.0,36.0,8.0,5.0,2.0,4.0,0.0,4.0,4.0,6.0,1.0,0.0,0.0,4.0,0.0,4.0,2.0,0.0,0.0,2.0,2.0,0.0,0.0,0.0,8.0,0.0,10.0,0.0,44.0,0.0,2.0,0.0,0.0,4.0,0.0,0.0,0.0,0.0,1.0,0.0,0.0,1.0,8.0,2.0,56.0,0.0,0.0,0.0,0.0,0.0,2.0,0.0,0.0,10.0,1.0,0.0,16.0,0.0,0.0,0.0,67.0,0.0,2.0,0.0,0.0,8.0,0.0,0.0,0.0,14.0,0.0,0.0,0.0,0.0,0.0,2.0,0.0,19.0,0.0,0.0,0.0,0.0,0.0,0.0,1.0,4.0,1.0,8.0,2.0,0.0,4.0,40.0,20.0,0.0,0.0,0.0,2.0,0.0,2.0,0.0,4.0,0.0,0.0,0.0,0.0,0.0,0.0,0.0,32.0,0.0,0.0,0.0,0.0,0.0,0.0,0.0,0.0,2.0,0.0,0.0,2.0,0.0,0.0,0.0,0.0,1.0,0.0,0.0,0.0,0.0,12.0,0.0,2.0,0.0,0.0,2.0,0.0,0.0,0.0,0.0,0.0,0.0,0.0,0.0,0.0,0.0,0.0,0.0,0.0
46.0,8.0,2.0,6.0,4.0,0.0,8.0,0.0,0.0,8.0,3.0,4.0,6.0,0.0,0.0,0.0,0.0,3.0,0.0,0.0,0.0,2.0,6.0,0.0,0.0,2.0,0.0,0.0,0.0,0.0,0.0,0.0,0.0,0.0,0.0,0.0,0.0,0.0,0.0,0.0,0.0,0.0,0.0,0.0,0.0,0.0,0.0,0.0,0.0,0.0,0.0,0.0,0.0,0.0,0.0,0.0,0.0,0.0,0.0,0.0,0.0,0.0,0.0,0.0,0.0,0.0,0.0,0.0,0.0,2.0,0.0,0.0,0.0,0.0,0.0,0.0,0.0,0.0,0.0,0.0,0.0,0.0,0.0,0.0,0.0,0.0,0.0,0.0,0.0,0.0,0.0,0.0,0.0,0.0,0.0,0.0,0.0,0.0,0.0,0.0,0.0,0.0,0.0,0.0,0.0,0.0,0.0,0.0,0.0,0.0,0.0,0.0,0.0,0.0,0.0,0.0,0.0,0.0,0.0,0.0,0.0,0.0,0.0,0.0,0.0,0.0,0.0,0.0,0.0,0.0,0.0,0.0,3.0,0.0,0.0,0.0,0.0,0.0,0.0,0.0,0.0,0.0,0.0,0.0,0.0,0.0,0.0,0.0,0.0,0.0,0.0,0.0,0.0,0.0,0.0,0.0
31.0,6.0,4.0,3.0,4.0,0.0,4.0,0.0,1.0,8.0,3.0,2.0,2.0,0.0,2.0,0.0,0.0,1.0,0.0,0.0,0.0,2.0,2.0,0.0,0.0,2.0,0.0,0.0,0.0,0.0,0.0,0.0,0.0,0.0,0.0,0.0,0.0,0.0,0.0,0.0,0.0,0.0,0.0,0.0,0.0,0.0,0.0,0.0,0.0,2.0,0.0,0.0,0.0,0.0,0.0,0.0,0.0,0.0,0.0,0.0,0.0,0.0,0.0,0.0,0.0,0.0,0.0,0.0,0.0,0.0,0.0,0.0,0.0,0.0,0.0,0.0,0.0,0.0,0.0,0.0,0.0,0.0,0.0,0.0,0.0,0.0,0.0,0.0,0.0,0.0,0.0,0.0,0.0,0.0,0.0,0.0,0.0,0.0,0.0,0.0,0.0,0.0,0.0,0.0,0.0,0.0,0.0,0.0,0.0,0.0,0.0,0.0,0.0,0.0,0.0,0.0,0.0,0.0,0.0,0.0,0.0,0.0,0.0,0.0,0.0,0.0,0.0,0.0,0.0,0.0,0.0,0.0,1.0,0.0,0.0,0.0,0.0,0.0,0.0,0.0,0.0,0.0,0.0,0.0,0.0,0.0,0.0,0.0,0.0,0.0,0.0,0.0,0.0,0.0,0.0,0.0
63.0,5.0,10.0,9.0,3.0,10.0,4.0,4.0,1.0,6.0,3.0,2.0,4.0,4.0,1.0,1.0,1.0,2.0,0.0,0.0,1.0,0.0,4.0,1.0,2.0,0.0,1.0,0.0,0.0,1.0,0.0,0.0,0.0,0.0,0.0,0.0,1.0,0.0,0.0,1.0,0.0,0.0,1.0,1.0,0.0,0.0,0.0,0.0,0.0,0.0,0.0,0.0,0.0,0.0,0.0,0.0,0.0,0.0,2.0,0.0,0.0,0.0,0.0,0.0,0.0,0.0,1.0,0.0,0.0,2.0,1.0,0.0,0.0,0.0,1.0,1.0,0.0,0.0,0.0,0.0,0.0,0.0,2.0,1.0,0.0,0.0,0.0,0.0,1.0,1.0,1.0,0.0,0.0,2.0,0.0,0.0,0.0,0.0,0.0,0.0,0.0,0.0,0.0,1.0,0.0,1.0,0.0,0.0,0.0,0.0,0.0,0.0,0.0,0.0,0.0,0.0,0.0,0.0,0.0,0.0,0.0,0.0,0.0,0.0,1.0,0.0,0.0,1.0,0.0,0.0,2.0,0.0,2.0,0.0,0.0,0.0,0.0,0.0,0.0,0.0,0.0,0.0,1.0,0.0,0.0,0.0,0.0,0.0,0.0,0.0,0.0,0.0,0.0,0.0,0.0,0.0
61.0,6.0,17.0,7.0,6.0,13.0,0.0,6.0,5.0,5.0,10.0,0.0,0.0,6.0,5.0,7.0,9.0,1.0,0.0,0.0,5.0,0.0,0.0,1.0,4.0,0.0,1.0,0.0,0.0,5.0,0.0,0.0,0.0,1.0,0.0,0.0,9.0,2.0,0.0,0.0,4.0,0.0,2.0,1.0,0.0,4.0,0.0,0.0,2.0,0.0,4.0,0.0,0.0,2.0,0.0,4.0,0.0,0.0,4.0,1.0,0.0,2.0,0.0,0.0,0.0,4.0,2.0,0.0,0.0,0.0,5.0,0.0,0.0,0.0,5.0,3.0,0.0,2.0,0.0,4.0,2.0,0.0,0.0,1.0,0.0,1.0,0.0,4.0,5.0,5.0,3.0,0.0,0.0,0.0,0.0,0.0,0.0,0.0,0.0,0.0,3.0,1.0,3.0,0.0,2.0,0.0,3.0,0.0,2.0,0.0,0.0,1.0,1.0,0.0,1.0,0.0,0.0,0.0,1.0,1.0,2.0,3.0,2.0,5.0,0.0,0.0,0.0,0.0,0.0,0.0,0.0,2.0,0.0,0.0,0.0,0.0,0.0,0.0,1.0,0.0,1.0,0.0,0.0,0.0,0.0,0.0,0.0,0.0,0.0,0.0,0.0,0.0,0.0,0.0,0.0,0.0
57.0,10.0,15.0,7.0,5.0,11.0,7.0,5.0,4.0,2.0,6.0,3.0,4.0,5.0,6.0,6.0,12.0,0.0,1.0,1.0,0.0,3.0,3.0,0.0,0.0,3.0,0.0,1.0,3.0,4.0,1.0,0.0,2.0,0.0,3.0,3.0,0.0,6.0,2.0,0.0,0.0,0.0,2.0,0.0,0.0,3.0,0.0,3.0,2.0,2.0,6.0,2.0,0.0,2.0,2.0,4.0,3.0,1.0,2.0,0.0,4.0,6.0,1.0,0.0,2.0,0.0,0.0,1.0,0.0,0.0,4.0,0.0,0.0,0.0,0.0,0.0,2.0,1.0,0.0,0.0,2.0,0.0,1.0,0.0,4.0,0.0,0.0,0.0,4.0,0.0,0.0,0.0,0.0,0.0,0.0,0.0,0.0,0.0,0.0,0.0,2.0,0.0,0.0,0.0,2.0,0.0,0.0,0.0,0.0,0.0,0.0,0.0,0.0,0.0,0.0,0.0,0.0,1.0,0.0,0.0,2.0,2.0,0.0,0.0,0.0,3.0,0.0,0.0,0.0,0.0,0.0,2.0,0.0,0.0,0.0,0.0,1.0,0.0,0.0,0.0,0.0,0.0,0.0,2.0,0.0,2.0,0.0,0.0,0.0,0.0,0.0,0.0,0.0,0.0,0.0,0.0
65.0,5.0,17.0,8.0,3.0,8.0,4.0,4.0,9.0,6.0,3.0,2.0,4.0,2.0,1.0,1.0,1.0,2.0,0.0,0.0,1.0,0.0,4.0,1.0,2.0,0.0,1.0,0.0,0.0,0.0,0.0,2.0,0.0,0.0,0.0,7.0,0.0,0.0,0.0,1.0,0.0,0.0,0.0,0.0,0.0,0.0,0.0,0.0,0.0,1.0,0.0,6.0,0.0,0.0,0.0,0.0,0.0,0.0,0.0,0.0,1.0,0.0,0.0,2.0,0.0,0.0,0.0,5.0,0.0,2.0,0.0,0.0,1.0,0.0,0.0,0.0,1.0,0.0,0.0,0.0,0.0,0.0,2.0,0.0,1.0,0.0,0.0,0.0,0.0,0.0,0.0,0.0,1.0,2.0,0.0,0.0,0.0,0.0,0.0,2.0,0.0,0.0,0.0,1.0,0.0,1.0,0.0,0.0,0.0,0.0,0.0,0.0,0.0,0.0,0.0,2.0,0.0,0.0,0.0,0.0,0.0,0.0,0.0,0.0,1.0,0.0,0.0,1.0,0.0,0.0,2.0,0.0,2.0,0.0,0.0,0.0,0.0,0.0,0.0,0.0,0.0,0.0,1.0,0.0,0.0,0.0,0.0,0.0,0.0,0.0,0.0,0.0,0.0,0.0,0.0,0.0
65.0,4.0,12.0,9.0,2.0,10.0,4.0,2.0,6.0,6.0,3.0,2.0,4.0,2.0,1.0,1.0,1.0,2.0,0.0,0.0,1.0,0.0,4.0,1.0,6.0,0.0,1.0,0.0,0.0,1.0,0.0,0.0,0.0,4.0,0.0,0.0,1.0,0.0,0.0,1.0,0.0,0.0,1.0,1.0,0.0,0.0,0.0,0.0,0.0,0.0,0.0,0.0,0.0,0.0,0.0,0.0,0.0,0.0,2.0,6.0,0.0,0.0,0.0,0.0,0.0,0.0,1.0,0.0,0.0,2.0,1.0,0.0,0.0,0.0,1.0,1.0,0.0,0.0,0.0,0.0,0.0,0.0,2.0,1.0,0.0,0.0,0.0,0.0,1.0,1.0,1.0,0.0,0.0,2.0,0.0,0.0,0.0,0.0,0.0,0.0,0.0,0.0,0.0,1.0,0.0,1.0,0.0,0.0,0.0,0.0,0.0,0.0,0.0,0.0,0.0,0.0,0.0,0.0,0.0,0.0,0.0,0.0,0.0,0.0,1.0,0.0,0.0,1.0,0.0,0.0,0.0,0.0,2.0,0.0,0.0,0.0,0.0,0.0,0.0,0.0,0.0,0.0,1.0,0.0,0.0,0.0,0.0,0.0,0.0,0.0,0.0,0.0,0.0,0.0,0.0,0.0
64.0,4.0,12.0,8.0,2.0,8.0,4.0,2.0,6.0,7.0,3.0,2.0,4.0,0.0,1.0,1.0,1.0,2.0,0.0,0.0,1.0,0.0,4.0,1.0,6.0,0.0,1.0,0.0,0.0,0.0,0.0,0.0,0.0,4.0,0.0,0.0,0.0,0.0,0.0,1.0,0.0,0.0,0.0,0.0,0.0,0.0,0.0,0.0,0.0,0.0,0.0,0.0,0.0,0.0,0.0,0.0,0.0,0.0,0.0,6.0,0.0,0.0,0.0,0.0,0.0,0.0,0.0,0.0,0.0,2.0,0.0,0.0,0.0,0.0,0.0,0.0,0.0,0.0,0.0,0.0,0.0,0.0,2.0,0.0,0.0,0.0,0.0,0.0,0.0,0.0,0.0,0.0,0.0,2.0,0.0,0.0,0.0,0.0,0.0,0.0,0.0,0.0,0.0,1.0,0.0,1.0,0.0,0.0,0.0,0.0,0.0,0.0,0.0,0.0,0.0,0.0,0.0,0.0,0.0,0.0,0.0,0.0,0.0,0.0,1.0,0.0,0.0,1.0,0.0,0.0,0.0,0.0,2.0,0.0,0.0,0.0,0.0,0.0,0.0,0.0,0.0,0.0,1.0,0.0,0.0,0.0,0.0,0.0,0.0,0.0,0.0,0.0,0.0,0.0,0.0,0.0
67.0,4.0,19.0,8.0,2.0,8.0,4.0,2.0,14.0,6.0,3.0,2.0,4.0,0.0,1.0,1.0,1.0,2.0,0.0,0.0,1.0,0.0,4.0,1.0,6.0,0.0,1.0,0.0,0.0,0.0,0.0,2.0,0.0,4.0,0.0,7.0,0.0,0.0,0.0,1.0,0.0,0.0,0.0,0.0,0.0,0.0,0.0,0.0,0.0,1.0,0.0,6.0,0.0,0.0,0.0,0.0,0.0,0.0,0.0,6.0,1.0,0.0,0.0,2.0,0.0,0.0,0.0,5.0,0.0,2.0,0.0,0.0,1.0,0.0,0.0,0.0,1.0,0.0,0.0,0.0,0.0,0.0,2.0,0.0,1.0,0.0,0.0,0.0,0.0,0.0,0.0,0.0,1.0,2.0,0.0,0.0,0.0,0.0,0.0,2.0,0.0,0.0,0.0,1.0,0.0,1.0,0.0,0.0,0.0,0.0,0.0,0.0,0.0,0.0,0.0,2.0,0.0,0.0,0.0,0.0,0.0,0.0,0.0,0.0,1.0,0.0,0.0,1.0,0.0,0.0,0.0,0.0,2.0,0.0,0.0,0.0,0.0,0.0,0.0,0.0,0.0,0.0,1.0,0.0,0.0,0.0,0.0,0.0,0.0,0.0,0.0,0.0,0.0,0.0,0.0,0.0
62.0,5.0,10.0,8.0,3.0,8.0,4.0,4.0,1.0,7.0,3.0,2.0,4.0,2.0,1.0,1.0,1.0,2.0,0.0,0.0,1.0,0.0,4.0,1.0,2.0,0.0,1.0,0.0,0.0,0.0,0.0,0.0,0.0,0.0,0.0,0.0,0.0,0.0,0.0,1.0,0.0,0.0,0.0,0.0,0.0,0.0,0.0,0.0,0.0,0.0,0.0,0.0,0.0,0.0,0.0,0.0,0.0,0.0,0.0,0.0,0.0,0.0,0.0,0.0,0.0,0.0,0.0,0.0,0.0,2.0,0.0,0.0,0.0,0.0,0.0,0.0,0.0,0.0,0.0,0.0,0.0,0.0,2.0,0.0,0.0,0.0,0.0,0.0,0.0,0.0,0.0,0.0,0.0,2.0,0.0,0.0,0.0,0.0,0.0,0.0,0.0,0.0,0.0,1.0,0.0,1.0,0.0,0.0,0.0,0.0,0.0,0.0,0.0,0.0,0.0,0.0,0.0,0.0,0.0,0.0,0.0,0.0,0.0,0.0,1.0,0.0,0.0,1.0,0.0,0.0,2.0,0.0,2.0,0.0,0.0,0.0,0.0,0.0,0.0,0.0,0.0,0.0,1.0,0.0,0.0,0.0,0.0,0.0,0.0,0.0,0.0,0.0,0.0,0.0,0.0,0.0
46.0,7.0,17.0,5.0,4.0,0.0,4.0,4.0,24.0,2.0,5.0,2.0,4.0,0.0,4.0,4.0,6.0,1.0,1.0,1.0,4.0,0.0,4.0,2.0,0.0,0.0,2.0,0.0,0.0,0.0,0.0,8.0,3.0,6.0,0.0,30.0,0.0,2.0,3.0,0.0,4.0,0.0,0.0,0.0,0.0,0.0,0.0,0.0,1.0,8.0,2.0,34.0,0.0,0.0,6.0,0.0,0.0,0.0,0.0,0.0,10.0,1.0,3.0,12.0,6.0,0.0,0.0,34.0,0.0,2.0,0.0,0.0,8.0,0.0,0.0,0.0,10.0,0.0,0.0,0.0,0.0,0.0,0.0,0.0,13.0,0.0,0.0,0.0,0.0,0.0,0.0,1.0,4.0,0.0,8.0,0.0,0.0,4.0,20.0,10.0,0.0,0.0,0.0,0.0,0.0,0.0,0.0,4.0,0.0,0.0,0.0,0.0,0.0,0.0,0.0,16.0,0.0,0.0,0.0,0.0,0.0,0.0,0.0,0.0,2.0,0.0,0.0,2.0,0.0,0.0,0.0,0.0,1.0,0.0,0.0,0.0,0.0,12.0,0.0,2.0,0.0,0.0,2.0,0.0,0.0,0.0,0.0,0.0,0.0,0.0,0.0,0.0,0.0,0.0,0.0,0.0
22.0,5.0,10.0,2.0,4.0,0.0,2.0,4.0,14.0,2.0,5.0,1.0,2.0,0.0,4.0,4.0,6.0,1.0,0.0,0.0,4.0,0.0,2.0,2.0,0.0,0.0,2.0,0.0,0.0,0.0,0.0,8.0,0.0,4.0,0.0,16.0,0.0,2.0,0.0,0.0,4.0,0.0,0.0,0.0,0.0,0.0,0.0,0.0,1.0,8.0,2.0,16.0,0.0,0.0,0.0,0.0,0.0,0.0,0.0,0.0,10.0,1.0,0.0,12.0,0.0,0.0,0.0,13.0,0.0,1.0,0.0,0.0,8.0,0.0,0.0,0.0,10.0,0.0,0.0,0.0,0.0,0.0,0.0,0.0,13.0,0.0,0.0,0.0,0.0,0.0,0.0,1.0,4.0,0.0,8.0,0.0,0.0,4.0,12.0,12.0,0.0,0.0,0.0,0.0,0.0,0.0,0.0,4.0,0.0,0.0,0.0,0.0,0.0,0.0,0.0,16.0,0.0,0.0,0.0,0.0,0.0,0.0,0.0,0.0,2.0,0.0,0.0,2.0,0.0,0.0,0.0,0.0,1.0,0.0,0.0,0.0,0.0,12.0,0.0,2.0,0.0,0.0,2.0,0.0,0.0,0.0,0.0,0.0,0.0,0.0,0.0,0.0,0.0,0.0,0.0,0.0
28.0,5.0,17.0,2.0,4.0,0.0,2.0,4.0,24.0,2.0,5.0,1.0,2.0,0.0,4.0,4.0,6.0,1.0,0.0,0.0,4.0,0.0,2.0,2.0,0.0,0.0,2.0,0.0,0.0,0.0,0.0,8.0,0.0,6.0,0.0,30.0,0.0,2.0,0.0,0.0,4.0,0.0,0.0,0.0,0.0,0.0,0.0,0.0,1.0,8.0,2.0,34.0,0.0,0.0,0.0,0.0,0.0,0.0,0.0,0.0,10.0,1.0,0.0,12.0,0.0,0.0,0.0,34.0,0.0,1.0,0.0,0.0,8.0,0.0,0.0,0.0,10.0,0.0,0.0,0.0,0.0,0.0,0.0,0.0,13.0,0.0,0.0,0.0,0.0,0.0,0.0,1.0,4.0,0.0,8.0,0.0,0.0,4.0,20.0,10.0,0.0,0.0,0.0,0.0,0.0,0.0,0.0,4.0,0.0,0.0,0.0,0.0,0.0,0.0,0.0,16.0,0.0,0.0,0.0,0.0,0.0,0.0,0.0,0.0,2.0,0.0,0.0,2.0,0.0,0.0,0.0,0.0,1.0,0.0,0.0,0.0,0.0,12.0,0.0,2.0,0.0,0.0,2.0,0.0,0.0,0.0,0.0,0.0,0.0,0.0,0.0,0.0,0.0,0.0,0.0,0.0
36.0,7.0,6.0,5.0,6.0,6.0,2.0,6.0,0.0,4.0,9.0,1.0,2.0,6.0,5.0,7.0,9.0,4.0,0.0,0.0,5.0,0.0,2.0,5.0,0.0,0.0,5.0,0.0,0.0,5.0,0.0,0.0,0.0,0.0,0.0,0.0,9.0,2.0,0.0,0.0,4.0,0.0,2.0,5.0,0.0,2.0,0.0,0.0,2.0,0.0,4.0,0.0,0.0,2.0,0.0,4.0,0.0,0.0,4.0,0.0,0.0,2.0,0.0,0.0,0.0,4.0,2.0,0.0,0.0,1.0,5.0,0.0,0.0,0.0,5.0,3.0,0.0,2.0,0.0,4.0,2.0,0.0,0.0,3.0,0.0,0.0,0.0,4.0,5.0,5.0,3.0,2.0,0.0,0.0,0.0,0.0,0.0,0.0,0.0,0.0,3.0,0.0,3.0,0.0,2.0,0.0,0.0,0.0,2.0,0.0,0.0,0.0,0.0,2.0,0.0,0.0,0.0,0.0,3.0,3.0,2.0,3.0,2.0,5.0,4.0,0.0,0.0,4.0,0.0,0.0,0.0,2.0,2.0,0.0,0.0,0.0,0.0,0.0,0.0,0.0,0.0,0.0,4.0,0.0,0.0,0.0,0.0,0.0,0.0,0.0,0.0,0.0,0.0,0.0,0.0,0.0
36.0,7.0,6.0,5.0,6.0,6.0,2.0,6.0,0.0,4.0,9.0,1.0,2.0,6.0,5.0,7.0,9.0,4.0,0.0,0.0,5.0,0.0,2.0,5.0,0.0,0.0,5.0,0.0,0.0,5.0,0.0,0.0,0.0,0.0,0.0,0.0,9.0,2.0,0.0,0.0,4.0,0.0,2.0,5.0,0.0,2.0,0.0,0.0,2.0,0.0,4.0,0.0,0.0,2.0,0.0,4.0,0.0,0.0,4.0,0.0,0.0,2.0,0.0,0.0,0.0,4.0,2.0,0.0,0.0,1.0,5.0,0.0,0.0,0.0,5.0,3.0,0.0,2.0,0.0,4.0,2.0,0.0,0.0,3.0,0.0,0.0,0.0,4.0,5.0,5.0,3.0,2.0,0.0,0.0,0.0,0.0,0.0,0.0,0.0,0.0,3.0,0.0,3.0,0.0,2.0,0.0,0.0,0.0,2.0,0.0,0.0,0.0,0.0,2.0,0.0,0.0,0.0,0.0,3.0,3.0,2.0,3.0,2.0,5.0,4.0,0.0,0.0,4.0,0.0,0.0,0.0,2.0,2.0,0.0,0.0,0.0,0.0,0.0,0.0,0.0,0.0,0.0,4.0,0.0,0.0,0.0,0.0,0.0,0.0,0.0,0.0,0.0,0.0,0.0,0.0,0.0
43.0,8.0,6.0,6.0,6.0,6.0,2.0,6.0,0.0,4.0,9.0,1.0,2.0,6.0,5.0,7.0,9.0,4.0,1.0,1.0,5.0,0.0,2.0,5.0,0.0,0.0,5.0,0.0,0.0,5.0,0.0,0.0,3.0,0.0,0.0,0.0,9.0,2.0,3.0,0.0,4.0,0.0,2.0,5.0,0.0,2.0,0.0,0.0,2.0,0.0,4.0,0.0,0.0,2.0,4.0,4.0,0.0,0.0,4.0,0.0,0.0,2.0,3.0,0.0,4.0,4.0,2.0,0.0,0.0,1.0,5.0,0.0,0.0,0.0,5.0,3.0,0.0,2.0,0.0,4.0,2.0,0.0,0.0,3.0,0.0,0.0,0.0,4.0,5.0,5.0,3.0,2.0,0.0,0.0,0.0,0.0,0.0,0.0,0.0,0.0,3.0,0.0,3.0,0.0,2.0,0.0,0.0,0.0,2.0,0.0,0.0,0.0,0.0,2.0,0.0,0.0,0.0,0.0,3.0,3.0,2.0,3.0,2.0,5.0,4.0,0.0,0.0,4.0,0.0,0.0,0.0,2.0,2.0,0.0,0.0,0.0,0.0,0.0,0.0,0.0,0.0,0.0,4.0,0.0,0.0,0.0,0.0,0.0,0.0,0.0,0.0,0.0,0.0,0.0,0.0,0.0
43.0,8.0,6.0,6.0,6.0,6.0,2.0,6.0,0.0,4.0,9.0,1.0,2.0,6.0,5.0,7.0,9.0,4.0,1.0,1.0,5.0,0.0,2.0,5.0,0.0,0.0,5.0,0.0,0.0,5.0,0.0,0.0,3.0,0.0,0.0,0.0,9.0,2.0,3.0,0.0,4.0,0.0,2.0,5.0,0.0,2.0,0.0,0.0,2.0,0.0,4.0,0.0,0.0,2.0,4.0,4.0,0.0,0.0,4.0,0.0,0.0,2.0,3.0,0.0,4.0,4.0,2.0,0.0,0.0,1.0,5.0,0.0,0.0,0.0,5.0,3.0,0.0,2.0,0.0,4.0,2.0,0.0,0.0,3.0,0.0,0.0,0.0,4.0,5.0,5.0,3.0,2.0,0.0,0.0,0.0,0.0,0.0,0.0,0.0,0.0,3.0,0.0,3.0,0.0,2.0,0.0,0.0,0.0,2.0,0.0,0.0,0.0,0.0,2.0,0.0,0.0,0.0,0.0,3.0,3.0,2.0,3.0,2.0,5.0,4.0,0.0,0.0,4.0,0.0,0.0,0.0,2.0,2.0,0.0,0.0,0.0,0.0,0.0,0.0,0.0,0.0,0.0,4.0,0.0,0.0,0.0,0.0,0.0,0.0,0.0,0.0,0.0,0.0,0.0,0.0,0.0
2.0,1.0,1.0,0.0,0.0,0.0,1.0,0.0,0.0,0.0,0.0,0.0,0.0,0.0,0.0,0.0,0.0,0.0,0.0,0.0,0.0,1.0,0.0,0.0,0.0,0.0,0.0,0.0,0.0,0.0,0.0,0.0,0.0,0.0,0.0,0.0,0.0,0.0,0.0,0.0,0.0,0.0,0.0,0.0,0.0,0.0,0.0,0.0,0.0,0.0,0.0,0.0,0.0,0.0,0.0,0.0,0.0,0.0,0.0,0.0,0.0,0.0,0.0,0.0,0.0,0.0,0.0,0.0,0.0,0.0,0.0,0.0,0.0,0.0,0.0,0.0,0.0,0.0,0.0,0.0,0.0,0.0,0.0,0.0,0.0,0.0,0.0,0.0,0.0,0.0,0.0,0.0,0.0,0.0,0.0,0.0,0.0,0.0,0.0,0.0,0.0,0.0,0.0,0.0,0.0,0.0,0.0,0.0,0.0,0.0,0.0,0.0,0.0,0.0,0.0,0.0,0.0,0.0,0.0,0.0,0.0,0.0,0.0,0.0,0.0,0.0,0.0,0.0,0.0,0.0,0.0,0.0,0.0,0.0,0.0,0.0,0.0,0.0,0.0,0.0,0.0,0.0,0.0,0.0,0.0,0.0,0.0,0.0,0.0,0.0,0.0,0.0,0.0,0.0,0.0,0.0
31.0,6.0,2.0,3.0,6.0,0.0,0.0,2.0,0.0,7.0,9.0,0.0,0.0,0.0,2.0,4.0,2.0,3.0,0.0,0.0,2.0,0.0,0.0,2.0,0.0,0.0,0.0,0.0,0.0,0.0,0.0,0.0,0.0,0.0,0.0,0.0,0.0,0.0,0.0,0.0,0.0,0.0,0.0,0.0,0.0,0.0,0.0,0.0,0.0,0.0,0.0,0.0,0.0,0.0,0.0,0.0,0.0,0.0,0.0,0.0,0.0,0.0,0.0,0.0,0.0,0.0,0.0,0.0,0.0,0.0,0.0,0.0,0.0,0.0,0.0,0.0,0.0,0.0,0.0,0.0,0.0,0.0,0.0,0.0,0.0,0.0,0.0,0.0,0.0,0.0,0.0,0.0,0.0,0.0,0.0,0.0,0.0,0.0,0.0,0.0,0.0,0.0,0.0,0.0,0.0,0.0,2.0,0.0,0.0,0.0,0.0,0.0,0.0,0.0,0.0,0.0,0.0,0.0,0.0,0.0,0.0,0.0,0.0,0.0,0.0,0.0,0.0,0.0,0.0,0.0,0.0,0.0,0.0,0.0,0.0,0.0,0.0,0.0,0.0,0.0,0.0,0.0,0.0,0.0,0.0,0.0,0.0,0.0,0.0,0.0,0.0,0.0,0.0,0.0,0.0,0.0
23.0,3.0,5.0,3.0,2.0,2.0,2.0,3.0,2.0,1.0,2.0,1.0,1.0,1.0,1.0,1.0,1.0,1.0,0.0,0.0,1.0,0.0,1.0,1.0,1.0,0.0,1.0,0.0,0.0,0.0,0.0,1.0,0.0,0.0,0.0,0.0,0.0,0.0,0.0,0.0,0.0,0.0,0.0,0.0,0.0,0.0,0.0,0.0,0.0,1.0,0.0,0.0,0.0,0.0,0.0,0.0,0.0,0.0,0.0,0.0,1.0,0.0,0.0,0.0,0.0,0.0,0.0,0.0,0.0,0.0,0.0,0.0,1.0,0.0,0.0,0.0,0.0,0.0,0.0,0.0,0.0,0.0,0.0,0.0,0.0,1.0,0.0,0.0,0.0,0.0,0.0,0.0,1.0,0.0,0.0,0.0,0.0,0.0,0.0,0.0,0.0,1.0,0.0,0.0,0.0,0.0,0.0,0.0,0.0,0.0,0.0,1.0,1.0,0.0,1.0,0.0,0.0,0.0,0.0,0.0,0.0,0.0,0.0,0.0,0.0,0.0,0.0,0.0,0.0,0.0,1.0,0.0,0.0,0.0,0.0,0.0,0.0,0.0,0.0,0.0,0.0,0.0,0.0,0.0,0.0,0.0,0.0,0.0,0.0,0.0,0.0,0.0,0.0,0.0,0.0,0.0
26.0,2.0,5.0,4.0,2.0,2.0,0.0,3.0,2.0,1.0,2.0,0.0,0.0,1.0,1.0,1.0,1.0,1.0,0.0,0.0,1.0,0.0,0.0,1.0,1.0,0.0,1.0,0.0,0.0,0.0,0.0,1.0,0.0,0.0,0.0,0.0,0.0,0.0,0.0,0.0,0.0,0.0,0.0,0.0,0.0,0.0,0.0,0.0,0.0,1.0,0.0,0.0,0.0,0.0,0.0,0.0,0.0,0.0,0.0,0.0,1.0,0.0,0.0,0.0,0.0,0.0,0.0,0.0,0.0,0.0,0.0,0.0,1.0,0.0,0.0,0.0,0.0,0.0,0.0,0.0,0.0,0.0,0.0,0.0,0.0,1.0,0.0,0.0,0.0,0.0,0.0,0.0,1.0,0.0,0.0,0.0,0.0,0.0,0.0,0.0,0.0,1.0,0.0,0.0,0.0,0.0,0.0,0.0,0.0,0.0,0.0,1.0,1.0,0.0,1.0,0.0,0.0,0.0,0.0,0.0,0.0,0.0,0.0,0.0,0.0,0.0,0.0,0.0,0.0,0.0,1.0,0.0,0.0,0.0,0.0,0.0,0.0,0.0,0.0,0.0,0.0,0.0,0.0,0.0,0.0,0.0,0.0,0.0,0.0,0.0,0.0,0.0,0.0,0.0,0.0,0.0
10.711,4.158,3.237,1.079,2.0,2.0,3.079,2.0,0.316,0.0,0.0,1.0,0.079,1.842,0.0,0.0,0.0,0.0,0.079,0.079,0.0,3.0,0.0,0.0,0.0,2.0,0.0,0.0,1.0,0.0,0.079,0.237,0.158,0.079,1.0,0.158,0.0,0.0,0.158,0.0,0.0,1.0,0.0,0.0,1.0,0.921,1.0,0.921,0.0,0.0,0.0,0.0,0.0,0.0,0.079,1.842,0.921,0.0,0.0,0.0,0.0,0.0,0.079,0.237,0.079,0.0,0.0,0.0,1.0,0.0,0.0,1.0,0.0,1.0,0.0,0.0,0.0,0.921,1.0,0.0,0.0,0.079,0.079,0.0,0.0,0.0,0.0,0.0,0.0,0.0,0.0,0.0,0.0,0.0,0.0,0.0,0.079,0.0,0.079,0.0,0.0,0.0,0.0,0.0,0.0,0.0,0.0,0.079,0.0,0.0,0.0,0.0,0.0,0.0,0.0,0.0,0.079,0.0,0.0,0.0,0.0,0.0,0.0,0.0,0.0,0.921,0.0,0.0,0.079,0.0,0.0,0.0,0.0,0.0,0.0,0.0,0.921,0.079,0.0,0.079,0.0,0.921,0.0,0.0,0.921,0.0,0.079,0.0,0.0,0.0,0.0,0.0,0.0,0.0,0.0,0.0
11.35,4.3,3.45,1.15,2.0,2.0,3.15,2.0,0.6,0.0,0.0,1.0,0.15,1.7,0.0,0.0,0.0,0.0,0.15,0.15,0.0,3.0,0.0,0.0,0.0,2.0,0.0,0.0,1.0,0.0,0.15,0.45,0.3,0.15,1.0,0.3,0.0,0.0,0.3,0.0,0.0,1.0,0.0,0.0,1.0,0.85,1.0,0.85,0.0,0.0,0.0,0.0,0.0,0.0,0.15,1.7,0.85,0.0,0.0,0.0,0.0,0.0,0.15,0.45,0.15,0.0,0.0,0.0,1.0,0.0,0.0,1.0,0.0,1.0,0.0,0.0,0.0,0.85,1.0,0.0,0.0,0.15,0.15,0.0,0.0,0.0,0.0,0.0,0.0,0.0,0.0,0.0,0.0,0.0,0.0,0.0,0.15,0.0,0.15,0.0,0.0,0.0,0.0,0.0,0.0,0.0,0.0,0.15,0.0,0.0,0.0,0.0,0.0,0.0,0.0,0.0,0.15,0.0,0.0,0.0,0.0,0.0,0.0,0.0,0.0,0.85,0.0,0.0,0.15,0.0,0.0,0.0,0.0,0.0,0.0,0.0,0.85,0.15,0.0,0.15,0.0,0.85,0.0,0.0,0.85,0.0,0.15,0.0,0.0,0.0,0.0,0.0,0.0,0.0,0.0,0.0
12.034,4.452,3.678,1.226,2.0,2.0,3.226,2.0,0.904,0.0,0.0,1.0,0.226,1.548,0.0,0.0,0.0,0.0,0.226,0.226,0.0,3.0,0.0,0.0,0.0,2.0,0.0,0.0,1.0,0.0,0.226,0.678,0.452,0.226,1.0,0.452,0.0,0.0,0.452,0.0,0.0,1.0,0.0,0.0,1.0,0.774,1.0,0.774,0.0,0.0,0.0,0.0,0.0,0.0,0.226,1.548,0.774,0.0,0.0,0.0,0.0,0.0,0.226,0.678,0.226,0.0,0.0,0.0,1.0,0.0,0.0,1.0,0.0,1.0,0.0,0.0,0.0,0.774,1.0,0.0,0.0,0.226,0.226,0.0,0.0,0.0,0.0,0.0,0.0,0.0,0.0,0.0,0.0,0.0,0.0,0.0,0.226,0.0,0.226,0.0,0.0,0.0,0.0,0.0,0.0,0.0,0.0,0.226,0.0,0.0,0.0,0.0,0.0,0.0,0.0,0.0,0.226,0.0,0.0,0.0,0.0,0.0,0.0,0.0,0.0,0.774,0.0,0.0,0.226,0.0,0.0,0.0,0.0,0.0,0.0,0.0,0.774,0.226,0.0,0.226,0.0,0.774,0.0,0.0,0.774,0.0,0.226,0.0,0.0,0.0,0.0,0.0,0.0,0.0,0.0,0.0
11.7,4.2,3.5,1.2,2.0,2.2,3.4,2.0,0.6,0.0,0.0,1.2,0.2,2.0,0.0,0.0,0.0,0.0,0.0,0.0,0.0,3.2,0.2,0.0,0.6,2.2,0.0,0.2,1.0,0.0,0.0,0.0,0.0,0.4,1.0,0.0,0.0,0.0,0.0,0.1,0.0,1.0,0.0,0.0,1.0,1.0,1.0,1.0,0.0,0.0,0.0,0.0,0.6,0.0,0.0,2.0,1.0,0.2,0.0,0.6,0.0,0.0,0.0,0.0,0.0,0.0,0.0,0.0,1.1,0.0,0.0,1.2,0.0,1.0,0.0,0.0,0.0,1.0,1.0,0.0,0.0,0.0,0.0,0.0,0.0,0.0,0.6,0.0,0.0,0.0,0.0,0.0,0.0,0.0,0.0,0.0,0.0,0.0,0.0,0.0,0.0,0.0,0.0,0.0,0.0,0.0,0.0,0.0,0.0,0.0,0.0,0.0,0.0,0.0,0.0,0.0,0.0,0.0,0.0,0.0,0.0,0.0,0.0,0.0,0.0,1.0,0.0,0.0,0.0,0.0,0.0,0.0,0.0,0.0,0.0,0.0,1.0,0.0,0.0,0.0,0.0,1.0,0.0,0.0,1.0,0.0,0.0,0.0,0.0,0.0,0.0,0.0,0.0,0.0,0.0,0.0
13.090909,4.3636365,3.909091,1.3636364,2.0,2.3636363,3.7272727,2.0,1.0909091,0.0,0.0,1.3636364,0.36363637,2.0,0.0,0.0,0.0,0.0,0.0,0.0,0.0,3.3636363,0.36363637,0.0,1.0909091,2.3636363,0.0,0.36363637,1.0,0.0,0.0,0.0,0.0,0.72727275,1.0,0.0,0.0,0.0,0.0,0.18181819,0.0,1.0,0.0,0.0,1.0,1.0,1.0,1.0,0.0,0.0,0.0,0.0,1.0909091,0.0,0.0,2.0,1.0,0.36363637,0.0,1.0909091,0.0,0.0,0.0,0.0,0.0,0.0,0.0,0.0,1.1818181,0.0,0.0,1.3636364,0.0,1.0,0.0,0.0,0.0,1.0,1.0,0.0,0.0,0.0,0.0,0.0,0.0,0.0,1.0909091,0.0,0.0,0.0,0.0,0.0,0.0,0.0,0.0,0.0,0.0,0.0,0.0,0.0,0.0,0.0,0.0,0.0,0.0,0.0,0.0,0.0,0.0,0.0,0.0,0.0,0.0,0.0,0.0,0.0,0.0,0.0,0.0,0.0,0.0,0.0,0.0,0.0,0.0,1.0,0.0,0.0,0.0,0.0,0.0,0.0,0.0,0.0,0.0,0.0,1.0,0.0,0.0,0.0,0.0,1.0,0.0,0.0,1.0,0.0,0.0,0.0,0.0,0.0,0.0,0.0,0.0,0.0,0.0,0.0
10.0,4.0,3.0,1.0,2.0,2.0,3.0,2.0,0.0,0.0,0.0,1.0,0.0,2.0,0.0,0.0,0.0,0.0,0.0,0.0,0.0,3.0,0.0,0.0,0.0,2.0,0.0,0.0,1.0,0.0,0.0,0.0,0.0,0.0,1.0,0.0,0.0,0.0,0.0,0.0,0.0,1.0,0.0,0.0,1.0,1.0,1.0,1.0,0.0,0.0,0.0,0.0,0.0,0.0,0.0,2.0,1.0,0.0,0.0,0.0,0.0,0.0,0.0,0.0,0.0,0.0,0.0,0.0,1.0,0.0,0.0,1.0,0.0,1.0,0.0,0.0,0.0,1.0,1.0,0.0,0.0,0.0,0.0,0.0,0.0,0.0,0.0,0.0,0.0,0.0,0.0,0.0,0.0,0.0,0.0,0.0,0.0,0.0,0.0,0.0,0.0,0.0,0.0,0.0,0.0,0.0,0.0,0.0,0.0,0.0,0.0,0.0,0.0,0.0,0.0,0.0,0.0,0.0,0.0,0.0,0.0,0.0,0.0,0.0,0.0,1.0,0.0,0.0,0.0,0.0,0.0,0.0,0.0,0.0,0.0,0.0,1.0,0.0,0.0,0.0,0.0,1.0,0.0,0.0,1.0,0.0,0.0,0.0,0.0,0.0,0.0,0.0,0.0,0.0,0.0,0.0
10.45,4.1,3.45,1.0,2.1,2.0,3.0,2.1,0.65,0.05,0.15,1.0,0.0,2.0,0.1,0.15,0.2,0.05,0.0,0.0,0.1,3.0,0.0,0.1,0.0,2.0,0.1,0.0,1.0,0.0,0.0,0.2,0.0,0.2,1.0,0.8,0.0,0.05,0.0,0.0,0.1,1.0,0.05,0.0,1.0,0.95,1.0,1.0,0.05,0.2,0.1,0.6,0.0,0.0,0.0,1.9,1.0,0.0,0.1,0.0,0.35,0.05,0.0,0.4,0.0,0.0,0.05,0.35,1.0,0.0,0.0,1.0,0.2,1.0,0.0,0.0,0.35,0.95,1.0,0.0,0.0,0.0,0.0,0.0,0.65,0.0,0.0,0.0,0.0,0.0,0.0,0.05,0.2,0.1,0.2,0.0,0.0,0.1,0.7,0.3,0.0,0.0,0.0,0.2,0.0,0.2,0.0,0.1,0.0,0.1,0.0,0.0,0.0,0.0,0.0,0.2,0.0,0.0,0.0,0.0,0.0,0.0,0.0,0.0,0.0,0.95,0.2,0.0,0.0,0.0,0.0,0.0,0.0,0.0,0.1,0.0,0.95,0.4,0.0,0.05,0.0,0.95,0.0,0.0,0.95,0.0,0.0,0.0,0.0,0.4,0.0,0.0,0.0,0.0,0.0,0.0
10.9,4.2,3.9,1.0,2.2,2.0,3.0,2.2,1.3,0.1,0.3,1.0,0.0,2.0,0.2,0.3,0.4,0.1,0.0,0.0,0.2,3.0,0.0,0.2,0.0,2.0,0.2,0.0,1.0,0.0,0.0,0.4,0.0,0.4,1.0,1.6,0.0,0.1,0.0,0.0,0.2,1.0,0.1,0.0,1.0,0.9,1.0,1.0,0.1,0.4,0.2,1.2,0.0,0.0,0.0,1.8,1.0,0.0,0.2,0.0,0.7,0.1,0.0,0.8,0.0,0.0,0.1,0.7,1.0,0.0,0.0,1.0,0.4,1.0,0.0,0.0,0.7,0.9,1.0,0.0,0.0,0.0,0.0,0.0,1.3,0.0,0.0,0.0,0.0,0.0,0.0,0.1,0.4,0.2,0.4,0.0,0.0,0.2,1.4,0.6,0.0,0.0,0.0,0.4,0.0,0.4,0.0,0.2,0.0,0.2,0.0,0.0,0.0,0.0,0.0,0.4,0.0,0.0,0.0,0.0,0.0,0.0,0.0,0.0,0.0,0.9,0.4,0.0,0.0,0.0,0.0,0.0,0.0,0.0,0.2,0.0,0.9,0.8,0.0,0.1,0.0,0.9,0.0,0.0,0.9,0.0,0.0,0.0,0.0,0.8,0.0,0.0,0.0,0.0,0.0,0.0
11.8,4.4,4.8,1.0,2.4,2.0,3.0,2.4,2.6,0.2,0.6,1.0,0.0,2.0,0.4,0.6,0.8,0.2,0.0,0.0,0.4,3.0,0.0,0.4,0.0,2.0,0.4,0.0,1.0,0.0,0.0,0.8,0.0,0.8,1.0,3.2,0.0,0.2,0.0,0.0,0.4,1.0,0.2,0.0,1.0,0.8,1.0,1.0,0.2,0.8,0.4,2.4,0.0,0.0,0.0,1.6,1.0,0.0,0.4,0.0,1.4,0.2,0.0,1.6,0.0,0.0,0.2,1.4,1.0,0.0,0.0,1.0,0.8,1.0,0.0,0.0,1.4,0.8,1.0,0.0,0.0,0.0,0.0,0.0,2.6,0.0,0.0,0.0,0.0,0.0,0.0,0.2,0.8,0.4,0.8,0.0,0.0,0.4,2.8,1.2,0.0,0.0,0.0,0.8,0.0,0.8,0.0,0.4,0.0,0.4,0.0,0.0,0.0,0.0,0.0,0.8,0.0,0.0,0.0,0.0,0.0,0.0,0.0,0.0,0.0,0.8,0.8,0.0,0.0,0.0,0.0,0.0,0.0,0.0,0.4,0.0,0.8,1.6,0.0,0.2,0.0,0.8,0.0,0.0,0.8,0.0,0.0,0.0,0.0,1.6,0.0,0.0,0.0,0.0,0.0,0.0
14.25,4.5,4.25,1.5,2.0,2.5,4.0,2.0,1.5,0.0,0.0,1.5,0.5,2.0,0.0,0.0,0.0,0.0,0.0,0.0,0.0,3.5,0.5,0.0,1.5,2.5,0.0,0.5,1.0,0.0,0.0,0.0,0.0,1.0,1.0,0.0,0.0,0.0,0.0,0.25,0.0,1.0,0.0,0.0,1.0,1.0,1.0,1.0,0.0,0.0,0.0,0.0,1.5,0.0,0.0,2.0,1.0,0.5,0.0,1.5,0.0,0.0,0.0,0.0,0.0,0.0,0.0,0.0,1.25,0.0,0.0,1.5,0.0,1.0,0.0,0.0,0.0,1.0,1.0,0.0,0.0,0.0,0.0,0.0,0.0,0.0,1.5,0.0,0.0,0.0,0.0,0.0,0.0,0.0,0.0,0.0,0.0,0.0,0.0,0.0,0.0,0.0,0.0,0.0,0.0,0.0,0.0,0.0,0.0,0.0,0.0,0.0,0.0,0.0,0.0,0.0,0.0,0.0,0.0,0.0,0.0,0.0,0.0,0.0,0.0,1.0,0.0,0.0,0.0,0.0,0.0,0.0,0.0,0.0,0.0,0.0,1.0,0.0,0.0,0.0,0.0,1.0,0.0,0.0,1.0,0.0,0.0,0.0,0.0,0.0,0.0,0.0,0.0,0.0,0.0,0.0
10.809524,4.095238,3.2380953,1.0952381,2.0,2.0952382,3.1904762,2.0,0.2857143,0.0,0.0,1.0952381,0.0952381,2.0,0.0,0.0,0.0,0.0,0.0,0.0,0.0,3.0952382,0.0952381,0.0,0.2857143,2.0952382,0.0,0.0952381,1.0,0.0,0.0,0.0,0.0,0.1904762,1.0,0.0,0.0,0.0,0.0,0.04761905,0.0,1.0,0.0,0.0,1.0,1.0,1.0,1.0,0.0,0.0,0.0,0.0,0.2857143,0.0,0.0,2.0,1.0,0.0952381,0.0,0.2857143,0.0,0.0,0.0,0.0,0.0,0.0,0.0,0.0,1.0476191,0.0,0.0,1.0952381,0.0,1.0,0.0,0.0,0.0,1.0,1.0,0.0,0.0,0.0,0.0,0.0,0.0,0.0,0.2857143,0.0,0.0,0.0,0.0,0.0,0.0,0.0,0.0,0.0,0.0,0.0,0.0,0.0,0.0,0.0,0.0,0.0,0.0,0.0,0.0,0.0,0.0,0.0,0.0,0.0,0.0,0.0,0.0,0.0,0.0,0.0,0.0,0.0,0.0,0.0,0.0,0.0,0.0,1.0,0.0,0.0,0.0,0.0,0.0,0.0,0.0,0.0,0.0,0.0,1.0,0.0,0.0,0.0,0.0,1.0,0.0,0.0,1.0,0.0,0.0,0.0,0.0,0.0,0.0,0.0,0.0,0.0,0.0,0.0
10.01,4.01,3.0,1.0,1.99,1.98,3.0,1.99,0.01,0.0,0.0,1.0,0.0,1.98,0.0,0.0,0.0,0.0,0.01,0.01,0.0,3.0,0.0,0.0,0.0,2.0,0.0,0.0,1.0,0.0,0.01,0.01,0.02,0.0,1.0,0.0,0.0,0.0,0.02,0.0,0.0,1.0,0.0,0.0,1.0,0.99,1.0,0.99,0.0,0.0,0.0,0.0,0.0,0.0,0.01,1.98,0.99,0.0,0.0,0.0,0.0,0.0,0.01,0.0,0.01,0.0,0.0,0.0,1.0,0.0,0.0,1.0,0.0,1.0,0.0,0.0,0.0,0.99,1.0,0.0,0.0,0.01,0.0,0.0,0.0,0.0,0.0,0.0,0.0,0.0,0.0,0.0,0.0,0.0,0.0,0.0,0.01,0.0,0.0,0.0,0.0,0.0,0.0,0.0,0.0,0.0,0.0,0.0,0.0,0.0,0.0,0.0,0.0,0.0,0.0,0.0,0.01,0.0,0.0,0.0,0.0,0.0,0.0,0.0,0.0,0.99,0.0,0.0,0.01,0.0,0.0,0.0,0.0,0.0,0.0,0.0,0.99,0.0,0.0,0.0,0.0,0.99,0.0,0.0,0.99,0.0,0.01,0.0,0.0,0.0,0.0,0.0,0.0,0.0,0.0,0.0
10.03,4.03,3.0,1.0,1.97,1.94,3.0,1.97,0.03,0.0,0.0,1.0,0.0,1.94,0.0,0.0,0.0,0.0,0.03,0.03,0.0,3.0,0.0,0.0,0.0,2.0,0.0,0.0,1.0,0.0,0.03,0.03,0.06,0.0,1.0,0.0,0.0,0.0,0.06,0.0,0.0,1.0,0.0,0.0,1.0,0.97,1.0,0.97,0.0,0.0,0.0,0.0,0.0,0.0,0.03,1.94,0.97,0.0,0.0,0.0,0.0,0.0,0.03,0.0,0.03,0.0,0.0,0.0,1.0,0.0,0.0,1.0,0.0,1.0,0.0,0.0,0.0,0.97,1.0,0.0,0.0,0.03,0.0,0.0,0.0,0.0,0.0,0.0,0.0,0.0,0.0,0.0,0.0,0.0,0.0,0.0,0.03,0.0,0.0,0.0,0.0,0.0,0.0,0.0,0.0,0.0,0.0,0.0,0.0,0.0,0.0,0.0,0.0,0.0,0.0,0.0,0.03,0.0,0.0,0.0,0.0,0.0,0.0,0.0,0.0,0.97,0.0,0.0,0.03,0.0,0.0,0.0,0.0,0.0,0.0,0.0,0.97,0.0,0.0,0.0,0.0,0.97,0.0,0.0,0.97,0.0,0.03,0.0,0.0,0.0,0.0,0.0,0.0,0.0,0.0,0.0
10.05,4.05,3.0,1.0,1.95,1.9,3.0,1.95,0.05,0.0,0.0,1.0,0.0,1.9,0.0,0.0,0.0,0.0,0.05,0.05,0.0,3.0,0.0,0.0,0.0,2.0,0.0,0.0,1.0,0.0,0.05,0.05,0.1,0.0,1.0,0.0,0.0,0.0,0.1,0.0,0.0,1.0,0.0,0.0,1.0,0.95,1.0,0.95,0.0,0.0,0.0,0.0,0.0,0.0,0.05,1.9,0.95,0.0,0.0,0.0,0.0,0.0,0.05,0.0,0.05,0.0,0.0,0.0,1.0,0.0,0.0,1.0,0.0,1.0,0.0,0.0,0.0,0.95,1.0,0.0,0.0,0.05,0.0,0.0,0.0,0.0,0.0,0.0,0.0,0.0,0.0,0.0,0.0,0.0,0.0,0.0,0.05,0.0,0.0,0.0,0.0,0.0,0.0,0.0,0.0,0.0,0.0,0.0,0.0,0.0,0.0,0.0,0.0,0.0,0.0,0.0,0.05,0.0,0.0,0.0,0.0,0.0,0.0,0.0,0.0,0.95,0.0,0.0,0.05,0.0,0.0,0.0,0.0,0.0,0.0,0.0,0.95,0.0,0.0,0.0,0.0,0.95,0.0,0.0,0.95,0.0,0.05,0.0,0.0,0.0,0.0,0.0,0.0,0.0,0.0,0.0
10.1,4.1,3.0,1.0,1.9,1.8,3.0,1.9,0.1,0.0,0.0,1.0,0.0,1.8,0.0,0.0,0.0,0.0,0.1,0.1,0.0,3.0,0.0,0.0,0.0,2.0,0.0,0.0,1.0,0.0,0.1,0.1,0.2,0.0,1.0,0.0,0.0,0.0,0.2,0.0,0.0,1.0,0.0,0.0,1.0,0.9,1.0,0.9,0.0,0.0,0.0,0.0,0.0,0.0,0.1,1.8,0.9,0.0,0.0,0.0,0.0,0.0,0.1,0.0,0.1,0.0,0.0,0.0,1.0,0.0,0.0,1.0,0.0,1.0,0.0,0.0,0.0,0.9,1.0,0.0,0.0,0.1,0.0,0.0,0.0,0.0,0.0,0.0,0.0,0.0,0.0,0.0,0.0,0.0,0.0,0.0,0.1,0.0,0.0,0.0,0.0,0.0,0.0,0.0,0.0,0.0,0.0,0.0,0.0,0.0,0.0,0.0,0.0,0.0,0.0,0.0,0.1,0.0,0.0,0.0,0.0,0.0,0.0,0.0,0.0,0.9,0.0,0.0,0.1,0.0,0.0,0.0,0.0,0.0,0.0,0.0,0.9,0.0,0.0,0.0,0.0,0.9,0.0,0.0,0.9,0.0,0.1,0.0,0.0,0.0,0.0,0.0,0.0,0.0,0.0,0.0
10.636364,4.0,3.090909,1.0909091,2.0,2.090909,3.0,2.0,0.0,0.09090909,0.09090909,1.0,0.0,2.0,0.0,0.0,0.0,0.09090909,0.0,0.0,0.0,3.0,0.0,0.0,0.0,2.0,0.0,0.0,1.0,0.0,0.0,0.0,0.0,0.0,1.0,0.0,0.0,0.0,0.0,0.0,0.0,1.0,0.09090909,0.0,1.0,0.90909094,1.0,1.0,0.0,0.0,0.0,0.0,0.0,0.0,0.0,1.8181819,1.0,0.0,0.18181819,0.0,0.0,0.0,0.0,0.0,0.0,0.0,0.09090909,0.0,1.0,0.0,0.0,1.0,0.0,1.0,0.0,0.0,0.0,0.90909094,1.0,0.0,0.0,0.0,0.0,0.0,0.0,0.0,0.0,0.0,0.0,0.0,0.0,0.0,0.0,0.18181819,0.0,0.0,0.0,0.0,0.0,0.0,0.0,0.0,0.0,0.0,0.0,0.0,0.0,0.0,0.0,0.18181819,0.0,0.0,0.0,0.0,0.0,0.0,0.0,0.0,0.0,0.0,0.0,0.0,0.0,0.0,0.0,0.90909094,0.0,0.0,0.0,0.0,0.0,0.0,0.0,0.0,0.18181819,0.0,0.90909094,0.0,0.0,0.0,0.0,0.90909094,0.0,0.0,0.90909094,0.0,0.0,0.0,0.0,0.0,0.0,0.0,0.0,0.0,0.0,0.0
10.913043,4.0,3.1304348,1.1304348,2.0,2.1304348,3.0,2.0,0.0,0.13043478,0.13043478,1.0,0.0,2.0,0.0,0.0,0.0,0.13043478,0.0,0.0,0.0,3.0,0.0,0.0,0.0,2.0,0.0,0.0,1.0,0.0,0.0,0.0,0.0,0.0,1.0,0.0,0.0,0.0,0.0,0.0,0.0,1.0,0.13043478,0.0,1.0,0.8695652,1.0,1.0,0.0,0.0,0.0,0.0,0.0,0.0,0.0,1.7391304,1.0,0.0,0.26086956,0.0,0.0,0.0,0.0,0.0,0.0,0.0,0.13043478,0.0,1.0,0.0,0.0,1.0,0.0,1.0,0.0,0.0,0.0,0.8695652,1.0,0.0,0.0,0.0,0.0,0.0,0.0,0.0,0.0,0.0,0.0,0.0,0.0,0.0,0.0,0.26086956,0.0,0.0,0.0,0.0,0.0,0.0,0.0,0.0,0.0,0.0,0.0,0.0,0.0,0.0,0.0,0.26086956,0.0,0.0,0.0,0.0,0.0,0.0,0.0,0.0,0.0,0.0,0.0,0.0,0.0,0.0,0.0,0.8695652,0.0,0.0,0.0,0.0,0.0,0.0,0.0,0.0,0.26086956,0.0,0.8695652,0.0,0.0,0.0,0.0,0.8695652,0.0,0.0,0.8695652,0.0,0.0,0.0,0.0,0.0,0.0,0.0,0.0,0.0,0.0,0.0
10.333333,4.0,3.047619,1.0476191,2.0,2.047619,3.0,2.0,0.0,0.04761905,0.04761905,1.0,0.0,2.0,0.0,0.0,0.0,0.04761905,0.0,0.0,0.0,3.0,0.0,0.0,0.0,2.0,0.0,0.0,1.0,0.0,0.0,0.0,0.0,0.0,1.0,0.0,0.0,0.0,0.0,0.0,0.0,1.0,0.04761905,0.0,1.0,0.95238096,1.0,1.0,0.0,0.0,0.0,0.0,0.0,0.0,0.0,1.9047619,1.0,0.0,0.0952381,0.0,0.0,0.0,0.0,0.0,0.0,0.0,0.04761905,0.0,1.0,0.0,0.0,1.0,0.0,1.0,0.0,0.0,0.0,0.95238096,1.0,0.0,0.0,0.0,0.0,0.0,0.0,0.0,0.0,0.0,0.0,0.0,0.0,0.0,0.0,0.0952381,0.0,0.0,0.0,0.0,0.0,0.0,0.0,0.0,0.0,0.0,0.0,0.0,0.0,0.0,0.0,0.0952381,0.0,0.0,0.0,0.0,0.0,0.0,0.0,0.0,0.0,0.0,0.0,0.0,0.0,0.0,0.0,0.95238096,0.0,0.0,0.0,0.0,0.0,0.0,0.0,0.0,0.0952381,0.0,0.95238096,0.0,0.0,0.0,0.0,0.95238096,0.0,0.0,0.95238096,0.0,0.0,0.0,0.0,0.0,0.0,0.0,0.0,0.0,0.0,0.0
11.818182,4.3636365,3.090909,1.2727273,2.0,2.0,3.7272727,2.0,0.0,0.0,0.0,1.3636364,0.54545456,2.0,0.0,0.0,0.0,0.0,0.0,0.0,0.0,3.1818182,0.54545456,0.0,0.0,2.1818182,0.0,0.0,1.0,0.0,0.0,0.0,0.0,0.0,1.0,0.0,0.0,0.0,0.0,0.0,0.0,1.0,0.0,0.0,1.0,1.0,1.0,1.0,0.0,0.0,0.0,0.0,0.0,0.0,0.0,2.0,1.0,0.0,0.0,0.0,0.0,0.0,0.0,0.0,0.0,0.0,0.0,0.0,1.0909091,0.18181819,0.0,1.1818181,0.0,1.0,0.0,0.0,0.0,1.0,1.0,0.0,0.0,0.0,0.0,0.0,0.0,0.0,0.0,0.0,0.0,0.0,0.0,0.0,0.0,0.0,0.0,0.0,0.0,0.0,0.0,0.0,0.0,0.0,0.0,0.0,0.0,0.0,0.0,0.0,0.0,0.0,0.0,0.0,0.0,0.0,0.0,0.0,0.0,0.0,0.0,0.0,0.0,0.0,0.0,0.0,0.0,1.0,0.0,0.0,0.0,0.0,0.0,0.0,0.0,0.0,0.0,0.0,1.0,0.0,0.0,0.0,0.0,1.0,0.0,0.0,1.0,0.0,0.0,0.0,0.0,0.0,0.0,0.0,0.0,0.0,0.0,0.0
13.333333,4.6666665,3.1666667,1.5,2.0,2.0,4.3333335,2.0,0.0,0.0,0.0,1.6666666,1.0,2.0,0.0,0.0,0.0,0.0,0.0,0.0,0.0,3.3333333,1.0,0.0,0.0,2.3333333,0.0,0.0,1.0,0.0,0.0,0.0,0.0,0.0,1.0,0.0,0.0,0.0,0.0,0.0,0.0,1.0,0.0,0.0,1.0,1.0,1.0,1.0,0.0,0.0,0.0,0.0,0.0,0.0,0.0,2.0,1.0,0.0,0.0,0.0,0.0,0.0,0.0,0.0,0.0,0.0,0.0,0.0,1.1666666,0.33333334,0.0,1.3333334,0.0,1.0,0.0,0.0,0.0,1.0,1.0,0.0,0.0,0.0,0.0,0.0,0.0,0.0,0.0,0.0,0.0,0.0,0.0,0.0,0.0,0.0,0.0,0.0,0.0,0.0,0.0,0.0,0.0,0.0,0.0,0.0,0.0,0.0,0.0,0.0,0.0,0.0,0.0,0.0,0.0,0.0,0.0,0.0,0.0,0.0,0.0,0.0,0.0,0.0,0.0,0.0,0.0,1.0,0.0,0.0,0.0,0.0,0.0,0.0,0.0,0.0,0.0,0.0,1.0,0.0,0.0,0.0,0.0,1.0,0.0,0.0,1.0,0.0,0.0,0.0,0.0,0.0,0.0,0.0,0.0,0.0,0.0,0.0
14.615385,4.923077,3.2307692,1.6923077,2.0,2.0,4.8461537,2.0,0.0,0.0,0.0,1.9230769,1.3846154,2.0,0.0,0.0,0.0,0.0,0.0,0.0,0.0,3.4615386,1.3846154,0.0,0.0,2.4615386,0.0,0.0,1.0,0.0,0.0,0.0,0.0,0.0,1.0,0.0,0.0,0.0,0.0,0.0,0.0,1.0,0.0,0.0,1.0,1.0,1.0,1.0,0.0,0.0,0.0,0.0,0.0,0.0,0.0,2.0,1.0,0.0,0.0,0.0,0.0,0.0,0.0,0.0,0.0,0.0,0.0,0.0,1.2307693,0.46153846,0.0,1.4615384,0.0,1.0,0.0,0.0,0.0,1.0,1.0,0.0,0.0,0.0,0.0,0.0,0.0,0.0,0.0,0.0,0.0,0.0,0.0,0.0,0.0,0.0,0.0,0.0,0.0,0.0,0.0,0.0,0.0,0.0,0.0,0.0,0.0,0.0,0.0,0.0,0.0,0.0,0.0,0.0,0.0,0.0,0.0,0.0,0.0,0.0,0.0,0.0,0.0,0.0,0.0,0.0,0.0,1.0,0.0,0.0,0.0,0.0,0.0,0.0,0.0,0.0,0.0,0.0,1.0,0.0,0.0,0.0,0.0,1.0,0.0,0.0,1.0,0.0,0.0,0.0,0.0,0.0,0.0,0.0,0.0,0.0,0.0,0.0
10.952381,4.1904764,3.047619,1.1428572,2.0,2.0,3.3809524,2.0,0.0,0.0,0.0,1.1904762,0.2857143,2.0,0.0,0.0,0.0,0.0,0.0,0.0,0.0,3.0952382,0.2857143,0.0,0.0,2.0952382,0.0,0.0,1.0,0.0,0.0,0.0,0.0,0.0,1.0,0.0,0.0,0.0,0.0,0.0,0.0,1.0,0.0,0.0,1.0,1.0,1.0,1.0,0.0,0.0,0.0,0.0,0.0,0.0,0.0,2.0,1.0,0.0,0.0,0.0,0.0,0.0,0.0,0.0,0.0,0.0,0.0,0.0,1.0476191,0.0952381,0.0,1.0952381,0.0,1.0,0.0,0.0,0.0,1.0,1.0,0.0,0.0,0.0,0.0,0.0,0.0,0.0,0.0,0.0,0.0,0.0,0.0,0.0,0.0,0.0,0.0,0.0,0.0,0.0,0.0,0.0,0.0,0.0,0.0,0.0,0.0,0.0,0.0,0.0,0.0,0.0,0.0,0.0,0.0,0.0,0.0,0.0,0.0,0.0,0.0,0.0,0.0,0.0,0.0,0.0,0.0,1.0,0.0,0.0,0.0,0.0,0.0,0.0,0.0,0.0,0.0,0.0,1.0,0.0,0.0,0.0,0.0,1.0,0.0,0.0,1.0,0.0,0.0,0.0,0.0,0.0,0.0,0.0,0.0,0.0,0.0,0.0
10.727273,4.0,3.1818182,1.0909091,2.0,2.1818182,3.0,2.0,0.0,0.18181819,0.09090909,1.0,0.0,2.0,0.0,0.0,0.0,0.09090909,0.0,0.0,0.0,3.0,0.0,0.0,0.0,2.0,0.0,0.0,1.0,0.0,0.0,0.0,0.0,0.0,1.0,0.0,0.0,0.0,0.0,0.0,0.0,1.0,0.09090909,0.0,1.0,0.90909094,1.0,1.0,0.0,0.0,0.0,0.0,0.0,0.09090909,0.0,1.8181819,1.0,0.0,0.18181819,0.0,0.0,0.0,0.0,0.0,0.0,0.0,0.09090909,0.0,1.0,0.0,0.0,1.0,0.0,1.0,0.0,0.0,0.0,0.90909094,1.0,0.0,0.0,0.0,0.0,0.0,0.0,0.0,0.0,0.0,0.0,0.0,0.0,0.0,0.0,0.18181819,0.0,0.0,0.0,0.0,0.0,0.0,0.0,0.0,0.0,0.0,0.0,0.0,0.0,0.0,0.0,0.18181819,0.0,0.0,0.0,0.0,0.0,0.0,0.0,0.0,0.0,0.0,0.0,0.0,0.0,0.0,0.0,0.90909094,0.0,0.0,0.0,0.0,0.0,0.0,0.0,0.0,0.18181819,0.0,0.90909094,0.0,0.0,0.0,0.0,0.90909094,0.0,0.0,0.90909094,0.0,0.0,0.0,0.0,0.0,0.0,0.0,0.0,0.0,0.0,0.0
8.0,0.0,2.0,1.0,0.0,1.0,0.0,0.0,1.0,0.0,0.0,0.0,0.0,0.0,0.0,0.0,0.0,0.0,0.0,0.0,0.0,0.0,0.0,0.0,1.0,0.0,0.0,0.0,0.0,0.0,0.0,0.0,0.0,0.0,0.0,0.0,0.0,0.0,0.0,0.0,0.0,0.0,0.0,0.0,0.0,0.0,0.0,0.0,0.0,0.0,0.0,0.0,0.0,0.0,0.0,0.0,0.0,0.0,0.0,0.0,0.0,0.0,0.0,0.0,0.0,0.0,0.0,0.0,0.0,0.0,0.0,0.0,0.0,0.0,0.0,0.0,0.0,0.0,0.0,0.0,0.0,0.0,0.0,0.0,0.0,0.0,0.0,0.0,0.0,0.0,0.0,0.0,0.0,0.0,0.0,0.0,0.0,0.0,0.0,0.0,0.0,0.0,0.0,0.0,0.0,0.0,0.0,0.0,0.0,0.0,0.0,0.0,0.0,0.0,0.0,0.0,0.0,0.0,0.0,0.0,0.0,0.0,0.0,0.0,0.0,0.0,0.0,0.0,0.0,0.0,0.0,0.0,0.0,0.0,0.0,0.0,0.0,0.0,0.0,0.0,0.0,0.0,0.0,0.0,0.0,0.0,0.0,0.0,0.0,0.0,0.0,0.0,0.0,0.0,0.0,0.0
8.344566,0.68913203,2.172283,0.9138585,0.086141504,0.9138585,0.51684904,0.086141504,1.172283,0.086141504,0.25842452,0.086141504,0.0,0.0,0.086141504,0.25842452,0.17228301,0.0,0.17228301,0.17228301,0.0,0.17228301,0.0,0.0,0.9138585,0.17228301,0.0,0.0,0.086141504,0.0,0.34456602,0.17228301,0.17228301,0.086141504,0.086141504,0.0,0.0,0.0,0.17228301,0.0,0.0,0.086141504,0.0,0.0,0.086141504,0.0,0.086141504,0.0,0.086141504,0.0,0.086141504,0.0,0.0,0.0,0.0,0.0,0.0,0.0,0.0,0.0,0.0,0.0,0.0,0.0,0.0,0.0,0.0,0.0,0.0,0.0,0.0,0.0,0.0,0.0,0.0,0.0,0.0,0.0,0.0,0.0,0.0,0.17228301,0.0,0.0,0.0,0.0,0.0,0.0,0.0,0.0,0.0,0.0,0.0,0.0,0.0,0.0,0.17228301,0.0,0.0,0.0,0.0,0.0,0.0,0.0,0.0,0.0,0.0,0.086141504,0.0,0.0,0.0,0.0,0.0,0.0,0.0,0.0,0.17228301,0.0,0.0,0.0,0.0,0.0,0.0,0.0,0.0,0.0,0.0,0.0,0.17228301,0.0,0.0,0.0,0.0,0.0,0.0,0.0,0.0,0.0,0.0,0.0,0.0,0.0,0.0,0.0,0.0,0.0,0.0,0.0,0.0,0.0,0.0,0.0,0.0,0.0,0.0,0.0
8.881782,1.763564,2.440891,0.7795545,0.2204455,0.7795545,1.322673,0.2204455,1.440891,0.2204455,0.6613365,0.2204455,0.0,0.0,0.2204455,0.6613365,0.440891,0.0,0.440891,0.440891,0.0,0.440891,0.0,0.0,0.7795545,0.440891,0.0,0.0,0.2204455,0.0,0.881782,0.440891,0.440891,0.2204455,0.2204455,0.0,0.0,0.0,0.440891,0.0,0.0,0.2204455,0.0,0.0,0.2204455,0.0,0.2204455,0.0,0.2204455,0.0,0.2204455,0.0,0.0,0.0,0.0,0.0,0.0,0.0,0.0,0.0,0.0,0.0,0.0,0.0,0.0,0.0,0.0,0.0,0.0,0.0,0.0,0.0,0.0,0.0,0.0,0.0,0.0,0.0,0.0,0.0,0.0,0.440891,0.0,0.0,0.0,0.0,0.0,0.0,0.0,0.0,0.0,0.0,0.0,0.0,0.0,0.0,0.440891,0.0,0.0,0.0,0.0,0.0,0.0,0.0,0.0,0.0,0.0,0.2204455,0.0,0.0,0.0,0.0,0.0,0.0,0.0,0.0,0.440891,0.0,0.0,0.0,0.0,0.0,0.0,0.0,0.0,0.0,0.0,0.0,0.440891,0.0,0.0,0.0,0.0,0.0,0.0,0.0,0.0,0.0,0.0,0.0,0.0,0.0,0.0,0.0,0.0,0.0,0.0,0.0,0.0,0.0,0.0,0.0,0.0,0.0,0.0,0.0
9.83591,3.6718197,2.917955,0.54102254,0.45897746,0.54102254,2.7538648,0.45897746,1.9179549,0.45897746,1.3769324,0.45897746,0.0,0.0,0.45897746,1.3769324,0.9179549,0.0,0.9179549,0.9179549,0.0,0.9179549,0.0,0.0,0.54102254,0.9179549,0.0,0.0,0.45897746,0.0,1.8359098,0.9179549,0.9179549,0.45897746,0.45897746,0.0,0.0,0.0,0.9179549,0.0,0.0,0.45897746,0.0,0.0,0.45897746,0.0,0.45897746,0.0,0.45897746,0.0,0.45897746,0.0,0.0,0.0,0.0,0.0,0.0,0.0,0.0,0.0,0.0,0.0,0.0,0.0,0.0,0.0,0.0,0.0,0.0,0.0,0.0,0.0,0.0,0.0,0.0,0.0,0.0,0.0,0.0,0.0,0.0,0.9179549,0.0,0.0,0.0,0.0,0.0,0.0,0.0,0.0,0.0,0.0,0.0,0.0,0.0,0.0,0.9179549,0.0,0.0,0.0,0.0,0.0,0.0,0.0,0.0,0.0,0.0,0.45897746,0.0,0.0,0.0,0.0,0.0,0.0,0.0,0.0,0.9179549,0.0,0.0,0.0,0.0,0.0,0.0,0.0,0.0,0.0,0.0,0.0,0.9179549,0.0,0.0,0.0,0.0,0.0,0.0,0.0,0.0,0.0,0.0,0.0,0.0,0.0,0.0,0.0,0.0,0.0,0.0,0.0,0.0,0.0,0.0,0.0,0.0,0.0,0.0,0.0
12.0,8.0,4.0,0.0,1.0,0.0,6.0,1.0,3.0,1.0,3.0,1.0,0.0,0.0,1.0,3.0,2.0,0.0,2.0,2.0,0.0,2.0,0.0,0.0,0.0,2.0,0.0,0.0,1.0,0.0,4.0,2.0,2.0,1.0,1.0,0.0,0.0,0.0,2.0,0.0,0.0,1.0,0.0,0.0,1.0,0.0,1.0,0.0,1.0,0.0,1.0,0.0,0.0,0.0,0.0,0.0,0.0,0.0,0.0,0.0,0.0,0.0,0.0,0.0,0.0,0.0,0.0,0.0,0.0,0.0,0.0,0.0,0.0,0.0,0.0,0.0,0.0,0.0,0.0,0.0,0.0,2.0,0.0,0.0,0.0,0.0,0.0,0.0,0.0,0.0,0.0,0.0,0.0,0.0,0.0,0.0,2.0,0.0,0.0,0.0,0.0,0.0,0.0,0.0,0.0,0.0,0.0,1.0,0.0,0.0,0.0,0.0,0.0,0.0,0.0,0.0,2.0,0.0,0.0,0.0,0.0,0.0,0.0,0.0,0.0,0.0,0.0,0.0,2.0,0.0,0.0,0.0,0.0,0.0,0.0,0.0,0.0,0.0,0.0,0.0,0.0,0.0,0.0,0.0,0.0,0.0,0.0,0.0,0.0,0.0,0.0,0.0,0.0,0.0,0.0,0.0
11.043478,4.0,3.2608695,1.1304348,2.0,2.2608695,3.0,2.0,0.0,0.26086956,0.13043478,1.0,0.0,2.0,0.0,0.0,0.0,0.13043478,0.0,0.0,0.0,3.0,0.0,0.0,0.0,2.0,0.0,0.0,1.0,0.0,0.0,0.0,0.0,0.0,1.0,0.0,0.0,0.0,0.0,0.0,0.0,1.0,0.13043478,0.0,1.0,0.8695652,1.0,1.0,0.0,0.0,0.0,0.0,0.0,0.13043478,0.0,1.7391304,1.0,0.0,0.26086956,0.0,0.0,0.0,0.0,0.0,0.0,0.0,0.13043478,0.0,1.0,0.0,0.0,1.0,0.0,1.0,0.0,0.0,0.0,0.8695652,1.0,0.0,0.0,0.0,0.0,0.0,0.0,0.0,0.0,0.0,0.0,0.0,0.0,0.0,0.0,0.26086956,0.0,0.0,0.0,0.0,0.0,0.0,0.0,0.0,0.0,0.0,0.0,0.0,0.0,0.0,0.0,0.26086956,0.0,0.0,0.0,0.0,0.0,0.0,0.0,0.0,0.0,0.0,0.0,0.0,0.0,0.0,0.0,0.8695652,0.0,0.0,0.0,0.0,0.0,0.0,0.0,0.0,0.26086956,0.0,0.8695652,0.0,0.0,0.0,0.0,0.8695652,0.0,0.0,0.8695652,0.0,0.0,0.0,0.0,0.0,0.0,0.0,0.0,0.0,0.0,0.0
10.380953,4.0,3.0952382,1.0476191,2.0,2.0952382,3.0,2.0,0.0,0.0952381,0.04761905,1.0,0.0,2.0,0.0,0.0,0.0,0.04761905,0.0,0.0,0.0,3.0,0.0,0.0,0.0,2.0,0.0,0.0,1.0,0.0,0.0,0.0,0.0,0.0,1.0,0.0,0.0,0.0,0.0,0.0,0.0,1.0,0.04761905,0.0,1.0,0.95238096,1.0,1.0,0.0,0.0,0.0,0.0,0.0,0.04761905,0.0,1.9047619,1.0,0.0,0.0952381,0.0,0.0,0.0,0.0,0.0,0.0,0.0,0.04761905,0.0,1.0,0.0,0.0,1.0,0.0,1.0,0.0,0.0,0.0,0.95238096,1.0,0.0,0.0,0.0,0.0,0.0,0.0,0.0,0.0,0.0,0.0,0.0,0.0,0.0,0.0,0.0952381,0.0,0.0,0.0,0.0,0.0,0.0,0.0,0.0,0.0,0.0,0.0,0.0,0.0,0.0,0.0,0.0952381,0.0,0.0,0.0,0.0,0.0,0.0,0.0,0.0,0.0,0.0,0.0,0.0,0.0,0.0,0.0,0.95238096,0.0,0.0,0.0,0.0,0.0,0.0,0.0,0.0,0.0952381,0.0,0.95238096,0.0,0.0,0.0,0.0,0.95238096,0.0,0.0,0.95238096,0.0,0.0,0.0,0.0,0.0,0.0,0.0,0.0,0.0,0.0,0.0
10.636364,4.090909,3.090909,1.0909091,2.0,2.090909,3.1818182,2.0,0.0,0.09090909,0.0,1.0909091,0.18181819,2.0,0.0,0.0,0.0,0.0,0.0,0.0,0.0,3.0,0.18181819,0.0,0.0,2.0,0.0,0.09090909,1.0,0.0,0.0,0.0,0.0,0.0,1.0,0.0,0.0,0.0,0.0,0.0,0.0,1.0,0.09090909,0.0,1.0,0.90909094,1.0,1.0,0.0,0.0,0.0,0.0,0.0,0.0,0.0,1.8181819,1.0,0.09090909,0.18181819,0.0,0.0,0.0,0.0,0.0,0.0,0.0,0.09090909,0.0,1.0,0.09090909,0.0,1.0,0.0,1.0,0.0,0.0,0.0,0.90909094,1.0,0.0,0.0,0.0,0.0,0.0,0.0,0.0,0.0,0.0,0.0,0.0,0.0,0.0,0.0,0.0,0.0,0.09090909,0.0,0.0,0.0,0.0,0.0,0.0,0.0,0.0,0.0,0.0,0.0,0.0,0.0,0.0,0.0,0.0,0.0,0.0,0.0,0.0,0.0,0.0,0.0,0.0,0.0,0.0,0.0,0.0,0.0,0.90909094,0.0,0.0,0.0,0.0,0.0,0.0,0.0,0.0,0.0,0.0,0.90909094,0.0,0.0,0.0,0.0,0.90909094,0.0,0.0,0.90909094,0.0,0.0,0.0,0.0,0.0,0.0,0.0,0.0,0.0,0.0,0.0
10.913043,4.130435,3.1304348,1.1304348,2.0,2.1304348,3.2608695,2.0,0.0,0.13043478,0.0,1.1304348,0.26086956,2.0,0.0,0.0,0.0,0.0,0.0,0.0,0.0,3.0,0.26086956,0.0,0.0,2.0,0.0,0.13043478,1.0,0.0,0.0,0.0,0.0,0.0,1.0,0.0,0.0,0.0,0.0,0.0,0.0,1.0,0.13043478,0.0,1.0,0.8695652,1.0,1.0,0.0,0.0,0.0,0.0,0.0,0.0,0.0,1.7391304,1.0,0.13043478,0.26086956,0.0,0.0,0.0,0.0,0.0,0.0,0.0,0.13043478,0.0,1.0,0.13043478,0.0,1.0,0.0,1.0,0.0,0.0,0.0,0.8695652,1.0,0.0,0.0,0.0,0.0,0.0,0.0,0.0,0.0,0.0,0.0,0.0,0.0,0.0,0.0,0.0,0.0,0.13043478,0.0,0.0,0.0,0.0,0.0,0.0,0.0,0.0,0.0,0.0,0.0,0.0,0.0,0.0,0.0,0.0,0.0,0.0,0.0,0.0,0.0,0.0,0.0,0.0,0.0,0.0,0.0,0.0,0.0,0.8695652,0.0,0.0,0.0,0.0,0.0,0.0,0.0,0.0,0.0,0.0,0.8695652,0.0,0.0,0.0,0.0,0.8695652,0.0,0.0,0.8695652,0.0,0.0,0.0,0.0,0.0,0.0,0.0,0.0,0.0,0.0,0.0
10.333333,4.047619,3.047619,1.0476191,2.0,2.047619,3.0952382,2.0,0.0,0.04761905,0.0,1.0476191,0.0952381,2.0,0.0,0.0,0.0,0.0,0.0,0.0,0.0,3.0,0.0952381,0.0,0.0,2.0,0.0,0.04761905,1.0,0.0,0.0,0.0,0.0,0.0,1.0,0.0,0.0,0.0,0.0,0.0,0.0,1.0,0.04761905,0.0,1.0,0.95238096,1.0,1.0,0.0,0.0,0.0,0.0,0.0,0.0,0.0,1.9047619,1.0,0.04761905,0.0952381,0.0,0.0,0.0,0.0,0.0,0.0,0.0,0.04761905,0.0,1.0,0.04761905,0.0,1.0,0.0,1.0,0.0,0.0,0.0,0.95238096,1.0,0.0,0.0,0.0,0.0,0.0,0.0,0.0,0.0,0.0,0.0,0.0,0.0,0.0,0.0,0.0,0.0,0.04761905,0.0,0.0,0.0,0.0,0.0,0.0,0.0,0.0,0.0,0.0,0.0,0.0,0.0,0.0,0.0,0.0,0.0,0.0,0.0,0.0,0.0,0.0,0.0,0.0,0.0,0.0,0.0,0.0,0.0,0.95238096,0.0,0.0,0.0,0.0,0.0,0.0,0.0,0.0,0.0,0.0,0.95238096,0.0,0.0,0.0,0.0,0.95238096,0.0,0.0,0.95238096,0.0,0.0,0.0,0.0,0.0,0.0,0.0,0.0,0.0,0.0,0.0
11.454545,4.181818,2.909091,1.2727273,2.0,2.0,3.3636363,2.0,0.0,0.0,0.0,1.1818181,0.54545456,2.0,0.0,0.0,0.0,0.0,0.0,0.0,0.0,2.8181818,0.45454547,0.0,0.0,1.9090909,0.0,0.0,1.0,0.0,0.0,0.0,0.0,0.0,1.0,0.0,0.0,0.0,0.0,0.0,0.0,0.90909094,0.0,0.0,0.90909094,1.0,0.90909094,1.0,0.0,0.0,0.0,0.0,0.0,0.0,0.0,2.0,1.0,0.0,0.0,0.0,0.0,0.0,0.0,0.0,0.0,0.0,0.0,0.0,0.90909094,0.18181819,0.0,0.90909094,0.0,0.90909094,0.0,0.0,0.0,1.0,0.90909094,0.0,0.0,0.0,0.0,0.0,0.0,0.0,0.0,0.0,0.0,0.0,0.0,0.0,0.0,0.0,0.0,0.0,0.0,0.0,0.0,0.0,0.0,0.0,0.0,0.0,0.0,0.0,0.0,0.0,0.0,0.0,0.0,0.0,0.0,0.0,0.0,0.0,0.0,0.0,0.0,0.0,0.0,0.0,0.0,0.0,0.0,1.0,0.0,0.0,0.0,0.0,0.0,0.0,0.0,0.0,0.0,0.0,1.0,0.0,0.0,0.0,0.0,0.90909094,0.0,0.0,0.90909094,0.0,0.0,0.0,0.0,0.0,0.0,0.0,0.0,0.0,0.0,0.0
12.666667,4.3333335,2.8333333,1.5,2.0,2.0,3.6666667,2.0,0.0,0.0,0.0,1.3333334,1.0,2.0,0.0,0.0,0.0,0.0,0.0,0.0,0.0,2.6666667,0.8333333,0.0,0.0,1.8333334,0.0,0.0,1.0,0.0,0.0,0.0,0.0,0.0,1.0,0.0,0.0,0.0,0.0,0.0,0.0,0.8333333,0.0,0.0,0.8333333,1.0,0.8333333,1.0,0.0,0.0,0.0,0.0,0.0,0.0,0.0,2.0,1.0,0.0,0.0,0.0,0.0,0.0,0.0,0.0,0.0,0.0,0.0,0.0,0.8333333,0.33333334,0.0,0.8333333,0.0,0.8333333,0.0,0.0,0.0,1.0,0.8333333,0.0,0.0,0.0,0.0,0.0,0.0,0.0,0.0,0.0,0.0,0.0,0.0,0.0,0.0,0.0,0.0,0.0,0.0,0.0,0.0,0.0,0.0,0.0,0.0,0.0,0.0,0.0,0.0,0.0,0.0,0.0,0.0,0.0,0.0,0.0,0.0,0.0,0.0,0.0,0.0,0.0,0.0,0.0,0.0,0.0,0.0,1.0,0.0,0.0,0.0,0.0,0.0,0.0,0.0,0.0,0.0,0.0,1.0,0.0,0.0,0.0,0.0,0.8333333,0.0,0.0,0.8333333,0.0,0.0,0.0,0.0,0.0,0.0,0.0,0.0,0.0,0.0,0.0
9.84,2.38,2.92,1.0,0.0,1.0,1.92,0.0,1.0,0.0,0.0,0.0,1.0,0.0,0.0,0.0,0.0,0.0,0.46,0.46,0.0,0.92,0.0,0.0,1.0,0.0,0.0,1.0,0.0,0.0,1.38,0.0,0.0,0.0,0.0,0.0,0.0,0.0,0.0,0.0,0.0,0.0,0.0,0.0,0.0,0.0,0.0,0.0,0.0,0.0,0.0,0.0,1.0,0.0,0.0,0.0,0.0,0.0,0.0,0.0,0.0,0.0,0.0,0.0,0.0,0.0,0.0,0.0,0.0,0.0,0.0,0.0,0.0,0.0,0.0,0.0,0.0,0.0,0.0,0.0,0.0,0.0,0.0,0.0,0.0,0.0,0.0,0.0,0.0,0.0,0.0,0.0,0.0,0.0,0.0,0.0,0.0,0.0,0.0,0.0,0.0,0.0,0.0,0.0,0.0,0.0,0.0,0.0,0.0,0.0,0.0,0.0,0.0,0.0,0.0,0.0,0.0,0.0,0.0,0.0,0.0,0.0,0.0,0.0,0.0,0.0,0.0,0.0,0.0,0.0,0.0,0.0,0.0,0.0,0.0,0.0,0.0,0.0,0.0,0.0,0.0,0.0,0.0,0.0,0.0,0.0,0.0,0.0,0.0,0.0,0.0,0.0,0.0,0.0,0.0,0.0
9.48,2.11,2.74,1.0,0.0,1.0,1.74,0.0,1.0,0.0,0.0,0.0,1.0,0.0,0.0,0.0,0.0,0.0,0.37,0.37,0.0,0.74,0.0,0.0,1.0,0.0,0.0,1.0,0.0,0.0,1.11,0.0,0.0,0.0,0.0,0.0,0.0,0.0,0.0,0.0,0.0,0.0,0.0,0.0,0.0,0.0,0.0,0.0,0.0,0.0,0.0,0.0,1.0,0.0,0.0,0.0,0.0,0.0,0.0,0.0,0.0,0.0,0.0,0.0,0.0,0.0,0.0,0.0,0.0,0.0,0.0,0.0,0.0,0.0,0.0,0.0,0.0,0.0,0.0,0.0,0.0,0.0,0.0,0.0,0.0,0.0,0.0,0.0,0.0,0.0,0.0,0.0,0.0,0.0,0.0,0.0,0.0,0.0,0.0,0.0,0.0,0.0,0.0,0.0,0.0,0.0,0.0,0.0,0.0,0.0,0.0,0.0,0.0,0.0,0.0,0.0,0.0,0.0,0.0,0.0,0.0,0.0,0.0,0.0,0.0,0.0,0.0,0.0,0.0,0.0,0.0,0.0,0.0,0.0,0.0,0.0,0.0,0.0,0.0,0.0,0.0,0.0,0.0,0.0,0.0,0.0,0.0,0.0,0.0,0.0,0.0,0.0,0.0,0.0,0.0,0.0
8.92,1.69,2.46,1.0,0.0,1.0,1.46,0.0,1.0,0.0,0.0,0.0,1.0,0.0,0.0,0.0,0.0,0.0,0.23,0.23,0.0,0.46,0.0,0.0,1.0,0.0,0.0,1.0,0.0,0.0,0.69,0.0,0.0,0.0,0.0,0.0,0.0,0.0,0.0,0.0,0.0,0.0,0.0,0.0,0.0,0.0,0.0,0.0,0.0,0.0,0.0,0.0,1.0,0.0,0.0,0.0,0.0,0.0,0.0,0.0,0.0,0.0,0.0,0.0,0.0,0.0,0.0,0.0,0.0,0.0,0.0,0.0,0.0,0.0,0.0,0.0,0.0,0.0,0.0,0.0,0.0,0.0,0.0,0.0,0.0,0.0,0.0,0.0,0.0,0.0,0.0,0.0,0.0,0.0,0.0,0.0,0.0,0.0,0.0,0.0,0.0,0.0,0.0,0.0,0.0,0.0,0.0,0.0,0.0,0.0,0.0,0.0,0.0,0.0,0.0,0.0,0.0,0.0,0.0,0.0,0.0,0.0,0.0,0.0,0.0,0.0,0.0,0.0,0.0,0.0,0.0,0.0,0.0,0.0,0.0,0.0,0.0,0.0,0.0,0.0,0.0,0.0,0.0,0.0,0.0,0.0,0.0,0.0,0.0,0.0,0.0,0.0,0.0,0.0,0.0,0.0
13.692307,4.4615383,2.7692308,1.6923077,2.0,2.0,3.9230769,2.0,0.0,0.0,0.0,1.4615384,1.3846154,2.0,0.0,0.0,0.0,0.0,0.0,0.0,0.0,2.5384614,1.1538461,0.0,0.0,1.7692307,0.0,0.0,1.0,0.0,0.0,0.0,0.0,0.0,1.0,0.0,0.0,0.0,0.0,0.0,0.0,0.7692308,0.0,0.0,0.7692308,1.0,0.7692308,1.0,0.0,0.0,0.0,0.0,0.0,0.0,0.0,2.0,1.0,0.0,0.0,0.0,0.0,0.0,0.0,0.0,0.0,0.0,0.0,0.0,0.7692308,0.46153846,0.0,0.7692308,0.0,0.7692308,0.0,0.0,0.0,1.0,0.7692308,0.0,0.0,0.0,0.0,0.0,0.0,0.0,0.0,0.0,0.0,0.0,0.0,0.0,0.0,0.0,0.0,0.0,0.0,0.0,0.0,0.0,0.0,0.0,0.0,0.0,0.0,0.0,0.0,0.0,0.0,0.0,0.0,0.0,0.0,0.0,0.0,0.0,0.0,0.0,0.0,0.0,0.0,0.0,0.0,0.0,0.0,1.0,0.0,0.0,0.0,0.0,0.0,0.0,0.0,0.0,0.0,0.0,1.0,0.0,0.0,0.0,0.0,0.7692308,0.0,0.0,0.7692308,0.0,0.0,0.0,0.0,0.0,0.0,0.0,0.0,0.0,0.0,0.0
10.761905,4.095238,2.952381,1.1428572,2.0,2.0,3.1904762,2.0,0.0,0.0,0.0,1.0952381,0.2857143,2.0,0.0,0.0,0.0,0.0,0.0,0.0,0.0,2.9047618,0.23809524,0.0,0.0,1.9523809,0.0,0.0,1.0,0.0,0.0,0.0,0.0,0.0,1.0,0.0,0.0,0.0,0.0,0.0,0.0,0.95238096,0.0,0.0,0.95238096,1.0,0.95238096,1.0,0.0,0.0,0.0,0.0,0.0,0.0,0.0,2.0,1.0,0.0,0.0,0.0,0.0,0.0,0.0,0.0,0.0,0.0,0.0,0.0,0.95238096,0.0952381,0.0,0.95238096,0.0,0.95238096,0.0,0.0,0.0,1.0,0.95238096,0.0,0.0,0.0,0.0,0.0,0.0,0.0,0.0,0.0,0.0,0.0,0.0,0.0,0.0,0.0,0.0,0.0,0.0,0.0,0.0,0.0,0.0,0.0,0.0,0.0,0.0,0.0,0.0,0.0,0.0,0.0,0.0,0.0,0.0,0.0,0.0,0.0,0.0,0.0,0.0,0.0,0.0,0.0,0.0,0.0,0.0,1.0,0.0,0.0,0.0,0.0,0.0,0.0,0.0,0.0,0.0,0.0,1.0,0.0,0.0,0.0,0.0,0.95238096,0.0,0.0,0.95238096,0.0,0.0,0.0,0.0,0.0,0.0,0.0,0.0,0.0,0.0,0.0
10.727273,4.090909,3.1818182,1.0909091,2.0,2.1818182,3.1818182,2.0,0.0,0.18181819,0.0,1.0909091,0.18181819,2.0,0.0,0.0,0.0,0.0,0.0,0.0,0.0,3.0,0.18181819,0.0,0.0,2.0,0.0,0.09090909,1.0,0.0,0.0,0.0,0.0,0.0,1.0,0.0,0.0,0.0,0.0,0.0,0.0,1.0,0.09090909,0.0,1.0,0.90909094,1.0,1.0,0.0,0.0,0.0,0.0,0.0,0.09090909,0.0,1.8181819,1.0,0.09090909,0.18181819,0.0,0.0,0.0,0.0,0.0,0.0,0.0,0.09090909,0.0,1.0,0.09090909,0.0,1.0,0.0,1.0,0.0,0.0,0.0,0.90909094,1.0,0.0,0.0,0.0,0.0,0.0,0.0,0.0,0.0,0.0,0.0,0.0,0.0,0.0,0.0,0.0,0.0,0.09090909,0.0,0.0,0.0,0.0,0.0,0.0,0.0,0.0,0.0,0.0,0.0,0.0,0.0,0.0,0.0,0.0,0.0,0.0,0.0,0.0,0.0,0.0,0.0,0.0,0.0,0.0,0.0,0.0,0.0,0.90909094,0.0,0.0,0.0,0.0,0.0,0.0,0.0,0.0,0.0,0.0,0.90909094,0.0,0.0,0.0,0.0,0.90909094,0.0,0.0,0.90909094,0.0,0.0,0.0,0.0,0.0,0.0,0.0,0.0,0.0,0.0,0.0
11.043478,4.130435,3.2608695,1.1304348,2.0,2.2608695,3.2608695,2.0,0.0,0.26086956,0.0,1.1304348,0.26086956,2.0,0.0,0.0,0.0,0.0,0.0,0.0,0.0,3.0,0.26086956,0.0,0.0,2.0,0.0,0.13043478,1.0,0.0,0.0,0.0,0.0,0.0,1.0,0.0,0.0,0.0,0.0,0.0,0.0,1.0,0.13043478,0.0,1.0,0.8695652,1.0,1.0,0.0,0.0,0.0,0.0,0.0,0.13043478,0.0,1.7391304,1.0,0.13043478,0.26086956,0.0,0.0,0.0,0.0,0.0,0.0,0.0,0.13043478,0.0,1.0,0.13043478,0.0,1.0,0.0,1.0,0.0,0.0,0.0,0.8695652,1.0,0.0,0.0,0.0,0.0,0.0,0.0,0.0,0.0,0.0,0.0,0.0,0.0,0.0,0.0,0.0,0.0,0.13043478,0.0,0.0,0.0,0.0,0.0,0.0,0.0,0.0,0.0,0.0,0.0,0.0,0.0,0.0,0.0,0.0,0.0,0.0,0.0,0.0,0.0,0.0,0.0,0.0,0.0,0.0,0.0,0.0,0.0,0.8695652,0.0,0.0,0.0,0.0,0.0,0.0,0.0,0.0,0.0,0.0,0.8695652,0.0,0.0,0.0,0.0,0.8695652,0.0,0.0,0.8695652,0.0,0.0,0.0,0.0,0.0,0.0,0.0,0.0,0.0,0.0,0.0
10.380953,4.047619,3.0952382,1.0476191,2.0,2.0952382,3.0952382,2.0,0.0,0.0952381,0.0,1.0476191,0.0952381,2.0,0.0,0.0,0.0,0.0,0.0,0.0,0.0,3.0,0.0952381,0.0,0.0,2.0,0.0,0.04761905,1.0,0.0,0.0,0.0,0.0,0.0,1.0,0.0,0.0,0.0,0.0,0.0,0.0,1.0,0.04761905,0.0,1.0,0.95238096,1.0,1.0,0.0,0.0,0.0,0.0,0.0,0.04761905,0.0,1.9047619,1.0,0.04761905,0.0952381,0.0,0.0,0.0,0.0,0.0,0.0,0.0,0.04761905,0.0,1.0,0.04761905,0.0,1.0,0.0,1.0,0.0,0.0,0.0,0.95238096,1.0,0.0,0.0,0.0,0.0,0.0,0.0,0.0,0.0,0.0,0.0,0.0,0.0,0.0,0.0,0.0,0.0,0.04761905,0.0,0.0,0.0,0.0,0.0,0.0,0.0,0.0,0.0,0.0,0.0,0.0,0.0,0.0,0.0,0.0,0.0,0.0,0.0,0.0,0.0,0.0,0.0,0.0,0.0,0.0,0.0,0.0,0.0,0.95238096,0.0,0.0,0.0,0.0,0.0,0.0,0.0,0.0,0.0,0.0,0.95238096,0.0,0.0,0.0,0.0,0.95238096,0.0,0.0,0.95238096,0.0,0.0,0.0,0.0,0.0,0.0,0.0,0.0,0.0,0.0,0.0
11.181818,4.181818,3.090909,1.1818181,2.0,2.090909,3.3636363,2.0,0.0,0.09090909,0.0,1.1818181,0.36363637,2.0,0.0,0.0,0.0,0.0,0.0,0.0,0.0,3.0,0.36363637,0.0,0.0,2.0,0.0,0.18181819,1.0,0.0,0.0,0.0,0.0,0.0,1.0,0.0,0.0,0.0,0.0,0.0,0.0,1.0,0.0,0.0,1.0,0.90909094,1.0,1.0,0.0,0.0,0.0,0.0,0.0,0.0,0.0,1.8181819,1.0,0.18181819,0.0,0.0,0.0,0.0,0.0,0.0,0.0,0.0,0.0,0.0,1.0,0.18181819,0.0,1.0,0.0,1.0,0.0,0.0,0.0,0.90909094,1.0,0.0,0.0,0.0,0.0,0.0,0.0,0.0,0.0,0.0,0.0,0.0,0.0,0.0,0.0,0.0,0.0,0.18181819,0.0,0.0,0.0,0.0,0.0,0.0,0.0,0.0,0.0,0.0,0.0,0.0,0.0,0.0,0.0,0.0,0.0,0.0,0.0,0.0,0.0,0.18181819,0.0,0.0,0.0,0.0,0.0,0.0,0.0,0.90909094,0.0,0.0,0.0,0.0,0.0,0.0,0.0,0.0,0.0,0.0,0.90909094,0.0,0.0,0.0,0.0,0.90909094,0.0,0.0,0.90909094,0.0,0.0,0.0,0.0,0.0,0.0,0.0,0.0,0.0,0.0,0.0
11.695652,4.2608695,3.1304348,1.2608696,2.0,2.1304348,3.5217392,2.0,0.0,0.13043478,0.0,1.2608696,0.5217391,2.0,0.0,0.0,0.0,0.0,0.0,0.0,0.0,3.0,0.5217391,0.0,0.0,2.0,0.0,0.26086956,1.0,0.0,0.0,0.0,0.0,0.0,1.0,0.0,0.0,0.0,0.0,0.0,0.0,1.0,0.0,0.0,1.0,0.8695652,1.0,1.0,0.0,0.0,0.0,0.0,0.0,0.0,0.0,1.7391304,1.0,0.26086956,0.0,0.0,0.0,0.0,0.0,0.0,0.0,0.0,0.0,0.0,1.0,0.26086956,0.0,1.0,0.0,1.0,0.0,0.0,0.0,0.8695652,1.0,0.0,0.0,0.0,0.0,0.0,0.0,0.0,0.0,0.0,0.0,0.0,0.0,0.0,0.0,0.0,0.0,0.26086956,0.0,0.0,0.0,0.0,0.0,0.0,0.0,0.0,0.0,0.0,0.0,0.0,0.0,0.0,0.0,0.0,0.0,0.0,0.0,0.0,0.0,0.26086956,0.0,0.0,0.0,0.0,0.0,0.0,0.0,0.8695652,0.0,0.0,0.0,0.0,0.0,0.0,0.0,0.0,0.0,0.0,0.8695652,0.0,0.0,0.0,0.0,0.8695652,0.0,0.0,0.8695652,0.0,0.0,0.0,0.0,0.0,0.0,0.0,0.0,0.0,0.0,0.0
10.619047,4.095238,3.047619,1.0952381,2.0,2.047619,3.1904762,2.0,0.0,0.04761905,0.0,1.0952381,0.1904762,2.0,0.0,0.0,0.0,0.0,0.0,0.0,0.0,3.0,0.1904762,0.0,0.0,2.0,0.0,0.0952381,1.0,0.0,0.0,0.0,0.0,0.0,1.0,0.0,0.0,0.0,0.0,0.0,0.0,1.0,0.0,0.0,1.0,0.95238096,1.0,1.0,0.0,0.0,0.0,0.0,0.0,0.0,0.0,1.9047619,1.0,0.0952381,0.0,0.0,0.0,0.0,0.0,0.0,0.0,0.0,0.0,0.0,1.0,0.0952381,0.0,1.0,0.0,1.0,0.0,0.0,0.0,0.95238096,1.0,0.0,0.0,0.0,0.0,0.0,0.0,0.0,0.0,0.0,0.0,0.0,0.0,0.0,0.0,0.0,0.0,0.0952381,0.0,0.0,0.0,0.0,0.0,0.0,0.0,0.0,0.0,0.0,0.0,0.0,0.0,0.0,0.0,0.0,0.0,0.0,0.0,0.0,0.0,0.0952381,0.0,0.0,0.0,0.0,0.0,0.0,0.0,0.95238096,0.0,0.0,0.0,0.0,0.0,0.0,0.0,0.0,0.0,0.0,0.95238096,0.0,0.0,0.0,0.0,0.95238096,0.0,0.0,0.95238096,0.0,0.0,0.0,0.0,0.0,0.0,0.0,0.0,0.0,0.0,0.0
11.181818,4.181818,3.090909,1.1818181,2.0,2.090909,3.3636363,2.0,0.0,0.09090909,0.0,1.1818181,0.36363637,2.0,0.0,0.0,0.0,0.0,0.0,0.0,0.0,3.0,0.36363637,0.0,0.0,2.0,0.0,0.18181819,1.0,0.0,0.0,0.0,0.0,0.0,1.0,0.0,0.0,0.0,0.0,0.0,0.0,1.0,0.0,0.0,1.0,0.90909094,1.0,1.0,0.0,0.0,0.0,0.0,0.0,0.0,0.0,1.8181819,1.0,0.18181819,0.0,0.0,0.0,0.0,0.0,0.0,0.0,0.0,0.0,0.0,1.0,0.18181819,0.0,1.0,0.0,1.0,0.0,0.0,0.0,0.90909094,1.0,0.0,0.0,0.0,0.18181819,0.0,0.0,0.0,0.0,0.0,0.0,0.0,0.0,0.0,0.0,0.0,0.0,0.18181819,0.0,0.0,0.0,0.0,0.0,0.0,0.0,0.0,0.0,0.0,0.0,0.0,0.0,0.0,0.0,0.0,0.0,0.0,0.0,0.0,0.0,0.18181819,0.0,0.0,0.0,0.0,0.0,0.0,0.0,0.90909094,0.0,0.0,0.0,0.0,0.0,0.0,0.0,0.0,0.0,0.0,0.90909094,0.0,0.0,0.0,0.0,0.90909094,0.0,0.0,0.90909094,0.0,0.0,0.0,0.0,0.0,0.0,0.0,0.0,0.0,0.0,0.0
11.695652,4.2608695,3.1304348,1.2608696,2.0,2.1304348,3.5217392,2.0,0.0,0.13043478,0.0,1.2608696,0.5217391,2.0,0.0,0.0,0.0,0.0,0.0,0.0,0.0,3.0,0.5217391,0.0,0.0,2.0,0.0,0.26086956,1.0,0.0,0.0,0.0,0.0,0.0,1.0,0.0,0.0,0.0,0.0,0.0,0.0,1.0,0.0,0.0,1.0,0.8695652,1.0,1.0,0.0,0.0,0.0,0.0,0.0,0.0,0.0,1.7391304,1.0,0.26086956,0.0,0.0,0.0,0.0,0.0,0.0,0.0,0.0,0.0,0.0,1.0,0.26086956,0.0,1.0,0.0,1.0,0.0,0.0,0.0,0.8695652,1.0,0.0,0.0,0.0,0.26086956,0.0,0.0,0.0,0.0,0.0,0.0,0.0,0.0,0.0,0.0,0.0,0.0,0.26086956,0.0,0.0,0.0,0.0,0.0,0.0,0.0,0.0,0.0,0.0,0.0,0.0,0.0,0.0,0.0,0.0,0.0,0.0,0.0,0.0,0.0,0.26086956,0.0,0.0,0.0,0.0,0.0,0.0,0.0,0.8695652,0.0,0.0,0.0,0.0,0.0,0.0,0.0,0.0,0.0,0.0,0.8695652,0.0,0.0,0.0,0.0,0.8695652,0.0,0.0,0.8695652,0.0,0.0,0.0,0.0,0.0,0.0,0.0,0.0,0.0,0.0,0.0
10.619047,4.095238,3.047619,1.0952381,2.0,2.047619,3.1904762,2.0,0.0,0.04761905,0.0,1.0952381,0.1904762,2.0,0.0,0.0,0.0,0.0,0.0,0.0,0.0,3.0,0.1904762,0.0,0.0,2.0,0.0,0.0952381,1.0,0.0,0.0,0.0,0.0,0.0,1.0,0.0,0.0,0.0,0.0,0.0,0.0,1.0,0.0,0.0,1.0,0.95238096,1.0,1.0,0.0,0.0,0.0,0.0,0.0,0.0,0.0,1.9047619,1.0,0.0952381,0.0,0.0,0.0,0.0,0.0,0.0,0.0,0.0,0.0,0.0,1.0,0.0952381,0.0,1.0,0.0,1.0,0.0,0.0,0.0,0.95238096,1.0,0.0,0.0,0.0,0.0952381,0.0,0.0,0.0,0.0,0.0,0.0,0.0,0.0,0.0,0.0,0.0,0.0,0.0952381,0.0,0.0,0.0,0.0,0.0,0.0,0.0,0.0,0.0,0.0,0.0,0.0,0.0,0.0,0.0,0.0,0.0,0.0,0.0,0.0,0.0,0.0952381,0.0,0.0,0.0,0.0,0.0,0.0,0.0,0.95238096,0.0,0.0,0.0,0.0,0.0,0.0,0.0,0.0,0.0,0.0,0.95238096,0.0,0.0,0.0,0.0,0.95238096,0.0,0.0,0.95238096,0.0,0.0,0.0,0.0,0.0,0.0,0.0,0.0,0.0,0.0,0.0
12.454545,4.4545455,3.2727273,1.3636364,2.090909,2.1818182,3.7272727,2.1818182,0.09090909,0.0,0.0,1.3636364,0.54545456,2.1818182,0.0,0.0,0.0,0.0,0.0,0.0,0.0,3.1818182,0.54545456,0.0,0.18181819,2.1818182,0.0,0.18181819,1.0,0.0,0.0,0.0,0.0,0.0,1.0,0.0,0.0,0.0,0.0,0.09090909,0.0,1.0,0.0,0.0,1.0,1.0,1.0,1.0,0.0,0.0,0.0,0.0,0.18181819,0.0,0.0,2.0,1.0,0.18181819,0.0,0.0,0.0,0.0,0.0,0.0,0.0,0.0,0.0,0.0,1.0909091,0.18181819,0.0,1.1818181,0.0,1.0,0.0,0.0,0.0,1.0,1.0,0.0,0.0,0.0,0.0,0.0,0.0,0.0,0.18181819,0.0,0.0,0.0,0.0,0.0,0.0,0.0,0.0,0.18181819,0.0,0.0,0.0,0.0,0.0,0.0,0.0,0.0,0.0,0.0,0.0,0.0,0.0,0.0,0.0,0.0,0.0,0.0,0.0,0.0,0.0,0.18181819,0.0,0.0,0.0,0.0,0.0,0.0,0.0,1.0,0.0,0.0,0.0,0.0,0.18181819,0.0,0.0,0.0,0.0,0.0,1.0,0.0,0.0,0.0,0.0,1.0,0.0,0.0,1.0,0.0,0.0,0.0,0.0,0.0,0.0,0.0,0.0,0.0,0.0,0.0
13.521739,4.652174,3.3913043,1.5217391,2.1304348,2.2608695,4.0434785,2.2608695,0.13043478,0.0,0.0,1.5217391,0.7826087,2.2608695,0.0,0.0,0.0,0.0,0.0,0.0,0.0,3.2608695,0.7826087,0.0,0.26086956,2.2608695,0.0,0.26086956,1.0,0.0,0.0,0.0,0.0,0.0,1.0,0.0,0.0,0.0,0.0,0.13043478,0.0,1.0,0.0,0.0,1.0,1.0,1.0,1.0,0.0,0.0,0.0,0.0,0.26086956,0.0,0.0,2.0,1.0,0.26086956,0.0,0.0,0.0,0.0,0.0,0.0,0.0,0.0,0.0,0.0,1.1304348,0.26086956,0.0,1.2608696,0.0,1.0,0.0,0.0,0.0,1.0,1.0,0.0,0.0,0.0,0.0,0.0,0.0,0.0,0.26086956,0.0,0.0,0.0,0.0,0.0,0.0,0.0,0.0,0.26086956,0.0,0.0,0.0,0.0,0.0,0.0,0.0,0.0,0.0,0.0,0.0,0.0,0.0,0.0,0.0,0.0,0.0,0.0,0.0,0.0,0.0,0.26086956,0.0,0.0,0.0,0.0,0.0,0.0,0.0,1.0,0.0,0.0,0.0,0.0,0.26086956,0.0,0.0,0.0,0.0,0.0,1.0,0.0,0.0,0.0,0.0,1.0,0.0,0.0,1.0,0.0,0.0,0.0,0.0,0.0,0.0,0.0,0.0,0.0,0.0,0.0
11.285714,4.2380953,3.142857,1.1904762,2.047619,2.0952382,3.3809524,2.0952382,0.04761905,0.0,0.0,1.1904762,0.2857143,2.0952382,0.0,0.0,0.0,0.0,0.0,0.0,0.0,3.0952382,0.2857143,0.0,0.0952381,2.0952382,0.0,0.0952381,1.0,0.0,0.0,0.0,0.0,0.0,1.0,0.0,0.0,0.0,0.0,0.04761905,0.0,1.0,0.0,0.0,1.0,1.0,1.0,1.0,0.0,0.0,0.0,0.0,0.0952381,0.0,0.0,2.0,1.0,0.0952381,0.0,0.0,0.0,0.0,0.0,0.0,0.0,0.0,0.0,0.0,1.0476191,0.0952381,0.0,1.0952381,0.0,1.0,0.0,0.0,0.0,1.0,1.0,0.0,0.0,0.0,0.0,0.0,0.0,0.0,0.0952381,0.0,0.0,0.0,0.0,0.0,0.0,0.0,0.0,0.0952381,0.0,0.0,0.0,0.0,0.0,0.0,0.0,0.0,0.0,0.0,0.0,0.0,0.0,0.0,0.0,0.0,0.0,0.0,0.0,0.0,0.0,0.0952381,0.0,0.0,0.0,0.0,0.0,0.0,0.0,1.0,0.0,0.0,0.0,0.0,0.0952381,0.0,0.0,0.0,0.0,0.0,1.0,0.0,0.0,0.0,0.0,1.0,0.0,0.0,1.0,0.0,0.0,0.0,0.0,0.0,0.0,0.0,0.0,0.0,0.0,0.0
11.5,4.2,3.3,1.2,2.0,2.2,3.4,2.0,0.1,0.0,0.0,1.2,0.2,2.0,0.0,0.0,0.0,0.0,0.0,0.0,0.0,3.2,0.2,0.0,0.2,2.2,0.0,0.2,1.0,0.0,0.0,0.0,0.0,0.0,1.0,0.0,0.0,0.0,0.0,0.1,0.0,1.0,0.0,0.0,1.0,1.0,1.0,1.0,0.0,0.0,0.0,0.0,0.2,0.0,0.0,2.0,1.0,0.2,0.0,0.0,0.0,0.0,0.0,0.0,0.0,0.0,0.0,0.0,1.1,0.0,0.0,1.2,0.0,1.0,0.0,0.0,0.0,1.0,1.0,0.0,0.0,0.0,0.0,0.0,0.0,0.0,0.2,0.0,0.0,0.0,0.0,0.0,0.0,0.0,0.0,0.0,0.0,0.0,0.0,0.0,0.0,0.0,0.0,0.0,0.0,0.0,0.0,0.0,0.0,0.0,0.0,0.0,0.0,0.0,0.0,0.0,0.0,0.0,0.0,0.0,0.0,0.0,0.0,0.0,0.0,1.0,0.0,0.0,0.0,0.0,0.0,0.0,0.0,0.0,0.0,0.0,1.0,0.0,0.0,0.0,0.0,1.0,0.0,0.0,1.0,0.0,0.0,0.0,0.0,0.0,0.0,0.0,0.0,0.0,0.0,0.0
12.5,4.3333335,3.5,1.3333334,2.0,2.3333333,3.6666667,2.0,0.16666667,0.0,0.0,1.3333334,0.33333334,2.0,0.0,0.0,0.0,0.0,0.0,0.0,0.0,3.3333333,0.33333334,0.0,0.33333334,2.3333333,0.0,0.33333334,1.0,0.0,0.0,0.0,0.0,0.0,1.0,0.0,0.0,0.0,0.0,0.16666667,0.0,1.0,0.0,0.0,1.0,1.0,1.0,1.0,0.0,0.0,0.0,0.0,0.33333334,0.0,0.0,2.0,1.0,0.33333334,0.0,0.0,0.0,0.0,0.0,0.0,0.0,0.0,0.0,0.0,1.1666666,0.0,0.0,1.3333334,0.0,1.0,0.0,0.0,0.0,1.0,1.0,0.0,0.0,0.0,0.0,0.0,0.0,0.0,0.33333334,0.0,0.0,0.0,0.0,0.0,0.0,0.0,0.0,0.0,0.0,0.0,0.0,0.0,0.0,0.0,0.0,0.0,0.0,0.0,0.0,0.0,0.0,0.0,0.0,0.0,0.0,0.0,0.0,0.0,0.0,0.0,0.0,0.0,0.0,0.0,0.0,0.0,0.0,1.0,0.0,0.0,0.0,0.0,0.0,0.0,0.0,0.0,0.0,0.0,1.0,0.0,0.0,0.0,0.0,1.0,0.0,0.0,1.0,0.0,0.0,0.0,0.0,0.0,0.0,0.0,0.0,0.0,0.0,0.0
13.461538,4.4615383,3.6923077,1.4615384,2.0,2.4615386,3.9230769,2.0,0.23076923,0.0,0.0,1.4615384,0.46153846,2.0,0.0,0.0,0.0,0.0,0.0,0.0,0.0,3.4615386,0.46153846,0.0,0.46153846,2.4615386,0.0,0.46153846,1.0,0.0,0.0,0.0,0.0,0.0,1.0,0.0,0.0,0.0,0.0,0.23076923,0.0,1.0,0.0,0.0,1.0,1.0,1.0,1.0,0.0,0.0,0.0,0.0,0.46153846,0.0,0.0,2.0,1.0,0.46153846,0.0,0.0,0.0,0.0,0.0,0.0,0.0,0.0,0.0,0.0,1.2307693,0.0,0.0,1.4615384,0.0,1.0,0.0,0.0,0.0,1.0,1.0,0.0,0.0,0.0,0.0,0.0,0.0,0.0,0.46153846,0.0,0.0,0.0,0.0,0.0,0.0,0.0,0.0,0.0,0.0,0.0,0.0,0.0,0.0,0.0,0.0,0.0,0.0,0.0,0.0,0.0,0.0,0.0,0.0,0.0,0.0,0.0,0.0,0.0,0.0,0.0,0.0,0.0,0.0,0.0,0.0,0.0,0.0,1.0,0.0,0.0,0.0,0.0,0.0,0.0,0.0,0.0,0.0,0.0,1.0,0.0,0.0,0.0,0.0,1.0,0.0,0.0,1.0,0.0,0.0,0.0,0.0,0.0,0.0,0.0,0.0,0.0,0.0,0.0
10.714286,4.095238,3.142857,1.0952381,2.0,2.0952382,3.1904762,2.0,0.04761905,0.0,0.0,1.0952381,0.0952381,2.0,0.0,0.0,0.0,0.0,0.0,0.0,0.0,3.0952382,0.0952381,0.0,0.0952381,2.0952382,0.0,0.0952381,1.0,0.0,0.0,0.0,0.0,0.0,1.0,0.0,0.0,0.0,0.0,0.04761905,0.0,1.0,0.0,0.0,1.0,1.0,1.0,1.0,0.0,0.0,0.0,0.0,0.0952381,0.0,0.0,2.0,1.0,0.0952381,0.0,0.0,0.0,0.0,0.0,0.0,0.0,0.0,0.0,0.0,1.0476191,0.0,0.0,1.0952381,0.0,1.0,0.0,0.0,0.0,1.0,1.0,0.0,0.0,0.0,0.0,0.0,0.0,0.0,0.0952381,0.0,0.0,0.0,0.0,0.0,0.0,0.0,0.0,0.0,0.0,0.0,0.0,0.0,0.0,0.0,0.0,0.0,0.0,0.0,0.0,0.0,0.0,0.0,0.0,0.0,0.0,0.0,0.0,0.0,0.0,0.0,0.0,0.0,0.0,0.0,0.0,0.0,0.0,1.0,0.0,0.0,0.0,0.0,0.0,0.0,0.0,0.0,0.0,0.0,1.0,0.0,0.0,0.0,0.0,1.0,0.0,0.0,1.0,0.0,0.0,0.0,0.0,0.0,0.0,0.0,0.0,0.0,0.0,0.0
12.118345,2.0215173,10.0,0.02151731,2.0,0.02151731,0.010758655,2.0,8.0,2.0,3.0,0.0,0.010758655,0.0,3.0,1.0,2.0,0.0,0.010758655,0.010758655,1.0,0.0,0.0,0.0,0.0,0.0,0.0,0.0,0.0,0.0,0.010758655,2.0107586,0.02151731,0.010758655,0.0,5.989241,0.0,1.0,0.02151731,0.0,1.0,0.0,0.0,0.0,0.0,0.0,0.0,0.0,0.0,3.0,0.0,3.9784827,0.0,0.0,0.010758655,0.0,0.0,0.0,0.0,0.0,2.0,0.0,0.010758655,2.0107586,0.010758655,0.0,0.0,1.9892414,0.0,0.0,0.0,0.0,1.0,0.0,0.0,0.0,3.0107586,0.0,0.0,0.0,0.0,0.0,0.010758655,0.0,2.0107586,0.0,0.0,0.0,0.0,0.0,0.0,0.0,0.0,0.0,1.0,0.0,0.0,1.0,0.010758655,1.9784827,0.0,0.0,0.0,0.0,0.0,0.0,0.0,0.010758655,0.0,0.0,0.0,0.0,0.0,0.0,0.0,1.9784827,0.0,0.0,0.0,0.0,0.0,0.0,0.0,0.0,0.0,0.0,0.0,0.0,0.0,0.0,0.0,0.0,0.0,0.0,0.0,0.0,0.0,0.010758655,0.0,0.010758655,0.0,0.0,0.0,0.0,0.0,0.0,0.010758655,0.0,0.0,0.0,0.0,0.0,0.0,0.0,0.0,0.0
11.380953,4.142857,4.095238,1.0476191,2.0952382,2.0952382,3.047619,2.0952382,1.0,0.04761905,0.14285715,1.0,0.04761905,2.0952382,0.0952381,0.14285715,0.1904762,0.04761905,0.0,0.0,0.0952381,3.0,0.0,0.0952381,0.0,2.0,0.0952381,0.0,1.0,0.0952381,0.0,0.0,0.0,0.0,1.0,0.0,0.1904762,0.04761905,0.0,0.0,0.0952381,1.0,0.04761905,0.0952381,1.0,1.0,1.0,1.0,0.04761905,0.0,0.0952381,0.0,0.0,0.04761905,0.0,2.0,1.0,0.0,0.0952381,0.0,0.0,0.04761905,0.0,0.0,0.0,0.0952381,0.04761905,0.0,0.0,0.0,0.0952381,0.0,0.0,0.0,0.0952381,0.04761905,0.0,1.0,0.0,0.0952381,0.04761905,2.0,0.0,0.04761905,0.0,0.04761905,0.0,0.0952381,0.0952381,0.0952381,0.04761905,0.04761905,0.0,0.0,0.0,0.0,1.0,0.0,0.0,0.0,0.04761905,0.0952381,0.04761905,0.0,0.04761905,0.0,0.0,0.0,0.04761905,0.0,0.0,0.0952381,0.0952381,0.04761905,0.0952381,0.0,1.0,0.0,0.04761905,0.04761905,0.04761905,0.04761905,0.04761905,0.0952381,0.0,0.95238096,0.0,0.0,0.0,0.0,0.0,0.04761905,0.0,0.0,0.0,0.0,0.95238096,0.0,0.0952381,0.0,0.0952381,0.95238096,0.0,0.0,0.0,0.0,0.0,0.0,0.0,0.0,0.0,0.0,0.0,0.0,1.0,0.0
12.380953,4.142857,5.095238,1.0476191,2.0952382,2.0952382,3.047619,2.0952382,2.0,0.04761905,0.14285715,1.0,0.04761905,2.0952382,0.0952381,0.14285715,0.1904762,0.04761905,0.0,0.0,0.0952381,3.0,0.0,0.0952381,0.0,2.0,0.0952381,0.0,1.0,0.0952381,0.0,0.0,0.0,0.0,1.0,1.0,0.1904762,0.04761905,0.0,0.0,0.0952381,1.0,0.04761905,0.0952381,1.0,1.0,1.0,1.0,0.04761905,0.0,0.0952381,0.0,0.0,0.04761905,0.0,2.0,1.0,0.0,0.0952381,0.0,0.0,0.04761905,0.0,0.0,0.0,0.0952381,0.04761905,0.0,0.0,0.0,0.0952381,0.0,0.0,0.0,0.0952381,0.04761905,0.0,1.0,0.0,0.0952381,0.04761905,2.0,0.0,0.04761905,0.0,0.04761905,0.0,0.0952381,0.0952381,0.0952381,0.04761905,0.04761905,0.0,0.0,0.0,0.0,1.0,0.0,0.0,0.0,0.04761905,0.0952381,0.04761905,0.0,0.04761905,0.0,0.0,0.0,0.04761905,0.0,0.0,0.0952381,0.0952381,0.04761905,0.0952381,0.0,1.0,0.0,0.04761905,0.04761905,0.04761905,0.04761905,0.04761905,0.0952381,0.0,0.95238096,0.0,0.0,0.0,0.0,0.0,0.04761905,0.0,0.0,0.0,0.0,0.95238096,0.0,0.0952381,0.0,0.0952381,0.95238096,0.0,0.0,0.0,0.0,0.0,0.0,0.0,0.0,0.0,0.0,0.0,0.0,1.0,0.0
12.9,4.2,5.3,1.1,2.0,2.0,3.1,2.0,2.4,0.0,0.0,1.0,0.1,1.8,0.0,0.0,0.0,0.0,0.1,0.1,0.0,3.0,0.0,0.0,0.0,2.0,0.0,0.0,1.0,0.0,0.1,0.3,0.2,0.1,1.0,1.2,0.0,0.0,0.2,0.0,0.0,1.0,0.0,0.0,1.0,0.9,1.0,0.9,0.0,0.0,0.0,0.0,0.0,0.0,0.1,1.8,0.9,0.0,0.0,0.0,0.0,0.0,0.1,0.3,0.1,0.0,0.0,0.0,0.0,0.0,0.0,0.0,0.0,0.0,0.0,0.0,0.0,0.9,0.0,0.0,0.0,2.1,0.1,0.0,0.0,0.0,0.0,0.0,0.0,0.0,0.0,0.0,0.0,0.0,0.0,0.0,1.1,0.0,0.1,0.0,0.0,0.0,0.0,0.0,0.0,0.0,0.0,0.1,0.0,0.0,0.0,0.0,0.0,0.0,0.0,0.0,1.1,0.0,0.0,0.0,0.0,0.0,0.0,0.0,0.0,0.9,0.0,0.0,0.1,0.0,0.0,0.0,0.0,0.0,0.0,0.0,0.9,0.1,0.0,0.1,0.0,0.9,0.0,0.0,0.0,0.0,0.1,0.0,0.0,0.0,0.0,0.0,0.0,0.0,0.9,0.0
13.35,4.3,5.45,1.15,2.0,2.0,3.15,2.0,2.6,0.0,0.0,1.0,0.15,1.7,0.0,0.0,0.0,0.0,0.15,0.15,0.0,3.0,0.0,0.0,0.0,2.0,0.0,0.0,1.0,0.0,0.15,0.45,0.3,0.15,1.0,1.3,0.0,0.0,0.3,0.0,0.0,1.0,0.0,0.0,1.0,0.85,1.0,0.85,0.0,0.0,0.0,0.0,0.0,0.0,0.15,1.7,0.85,0.0,0.0,0.0,0.0,0.0,0.15,0.45,0.15,0.0,0.0,0.0,0.0,0.0,0.0,0.0,0.0,0.0,0.0,0.0,0.0,0.85,0.0,0.0,0.0,2.15,0.15,0.0,0.0,0.0,0.0,0.0,0.0,0.0,0.0,0.0,0.0,0.0,0.0,0.0,1.15,0.0,0.15,0.0,0.0,0.0,0.0,0.0,0.0,0.0,0.0,0.15,0.0,0.0,0.0,0.0,0.0,0.0,0.0,0.0,1.15,0.0,0.0,0.0,0.0,0.0,0.0,0.0,0.0,0.85,0.0,0.0,0.15,0.0,0.0,0.0,0.0,0.0,0.0,0.0,0.85,0.15,0.0,0.15,0.0,0.85,0.0,0.0,0.0,0.0,0.15,0.0,0.0,0.0,0.0,0.0,0.0,0.0,0.85,0.0
12.495,4.11,5.165,1.055,2.0,2.0,3.055,2.0,2.22,0.0,0.0,1.0,0.055,1.89,0.0,0.0,0.0,0.0,0.055,0.055,0.0,3.0,0.0,0.0,0.0,2.0,0.0,0.0,1.0,0.0,0.055,0.165,0.11,0.055,1.0,1.11,0.0,0.0,0.11,0.0,0.0,1.0,0.0,0.0,1.0,0.945,1.0,0.945,0.0,0.0,0.0,0.0,0.0,0.0,0.055,1.89,0.945,0.0,0.0,0.0,0.0,0.0,0.055,0.165,0.055,0.0,0.0,0.0,0.0,0.0,0.0,0.0,0.0,0.0,0.0,0.0,0.0,0.945,0.0,0.0,0.0,2.055,0.055,0.0,0.0,0.0,0.0,0.0,0.0,0.0,0.0,0.0,0.0,0.0,0.0,0.0,1.055,0.0,0.055,0.0,0.0,0.0,0.0,0.0,0.0,0.0,0.0,0.055,0.0,0.0,0.0,0.0,0.0,0.0,0.0,0.0,1.055,0.0,0.0,0.0,0.0,0.0,0.0,0.0,0.0,0.945,0.0,0.0,0.055,0.0,0.0,0.0,0.0,0.0,0.0,0.0,0.945,0.055,0.0,0.055,0.0,0.945,0.0,0.0,0.0,0.0,0.055,0.0,0.0,0.0,0.0,0.0,0.0,0.0,0.945,0.0
12.72,4.16,5.24,1.08,2.0,2.0,3.08,2.0,2.32,0.0,0.0,1.0,0.08,1.84,0.0,0.0,0.0,0.0,0.08,0.08,0.0,3.0,0.0,0.0,0.0,2.0,0.0,0.0,1.0,0.0,0.08,0.24,0.16,0.08,1.0,1.16,0.0,0.0,0.16,0.0,0.0,1.0,0.0,0.0,1.0,0.92,1.0,0.92,0.0,0.0,0.0,0.0,0.0,0.0,0.08,1.84,0.92,0.0,0.0,0.0,0.0,0.0,0.08,0.24,0.08,0.0,0.0,0.0,0.0,0.0,0.0,0.0,0.0,0.0,0.0,0.0,0.0,0.92,0.0,0.0,0.0,2.08,0.08,0.0,0.0,0.0,0.0,0.0,0.0,0.0,0.0,0.0,0.0,0.0,0.0,0.0,1.08,0.0,0.08,0.0,0.0,0.0,0.0,0.0,0.0,0.0,0.0,0.08,0.0,0.0,0.0,0.0,0.0,0.0,0.0,0.0,1.08,0.0,0.0,0.0,0.0,0.0,0.0,0.0,0.0,0.92,0.0,0.0,0.08,0.0,0.0,0.0,0.0,0.0,0.0,0.0,0.92,0.08,0.0,0.08,0.0,0.92,0.0,0.0,0.0,0.0,0.08,0.0,0.0,0.0,0.0,0.0,0.0,0.0,0.92,0.0
10.636364,4.090909,3.090909,1.0909091,2.0,2.090909,3.090909,2.0,0.0,0.09090909,0.09090909,1.0,0.09090909,2.0,0.0,0.0,0.0,0.09090909,0.0,0.0,0.0,3.0,0.0,0.0,0.0,2.0,0.0,0.0,1.0,0.0,0.0,0.0,0.0,0.0,1.0,0.0,0.0,0.0,0.0,0.0,0.0,1.0,0.09090909,0.0,1.0,0.90909094,1.0,1.0,0.0,0.0,0.0,0.0,0.0,0.0,0.0,1.8181819,1.0,0.0,0.18181819,0.0,0.0,0.0,0.0,0.0,0.0,0.0,0.09090909,0.0,1.0,0.0,0.0,1.0,0.0,1.0,0.0,0.0,0.0,0.90909094,1.0,0.0,0.0,0.0,0.09090909,0.0,0.0,0.0,0.0,0.0,0.0,0.0,0.0,0.0,0.0,0.18181819,0.0,0.0,0.0,0.0,0.0,0.0,0.0,0.0,0.0,0.0,0.0,0.0,0.0,0.0,0.0,0.18181819,0.0,0.0,0.0,0.0,0.0,0.0,0.0,0.0,0.0,0.0,0.0,0.0,0.0,0.0,0.0,0.90909094,0.0,0.0,0.0,0.0,0.0,0.0,0.0,0.0,0.18181819,0.0,0.90909094,0.0,0.0,0.0,0.0,0.90909094,0.0,0.0,0.90909094,0.0,0.0,0.0,0.0,0.0,0.0,0.0,0.0,0.0,0.0,0.0
10.913043,4.130435,3.1304348,1.1304348,2.0,2.1304348,3.1304348,2.0,0.0,0.13043478,0.13043478,1.0,0.13043478,2.0,0.0,0.0,0.0,0.13043478,0.0,0.0,0.0,3.0,0.0,0.0,0.0,2.0,0.0,0.0,1.0,0.0,0.0,0.0,0.0,0.0,1.0,0.0,0.0,0.0,0.0,0.0,0.0,1.0,0.13043478,0.0,1.0,0.8695652,1.0,1.0,0.0,0.0,0.0,0.0,0.0,0.0,0.0,1.7391304,1.0,0.0,0.26086956,0.0,0.0,0.0,0.0,0.0,0.0,0.0,0.13043478,0.0,1.0,0.0,0.0,1.0,0.0,1.0,0.0,0.0,0.0,0.8695652,1.0,0.0,0.0,0.0,0.13043478,0.0,0.0,0.0,0.0,0.0,0.0,0.0,0.0,0.0,0.0,0.26086956,0.0,0.0,0.0,0.0,0.0,0.0,0.0,0.0,0.0,0.0,0.0,0.0,0.0,0.0,0.0,0.26086956,0.0,0.0,0.0,0.0,0.0,0.0,0.0,0.0,0.0,0.0,0.0,0.0,0.0,0.0,0.0,0.8695652,0.0,0.0,0.0,0.0,0.0,0.0,0.0,0.0,0.26086956,0.0,0.8695652,0.0,0.0,0.0,0.0,0.8695652,0.0,0.0,0.8695652,0.0,0.0,0.0,0.0,0.0,0.0,0.0,0.0,0.0,0.0,0.0
10.333333,4.047619,3.047619,1.0476191,2.0,2.047619,3.047619,2.0,0.0,0.04761905,0.04761905,1.0,0.04761905,2.0,0.0,0.0,0.0,0.04761905,0.0,0.0,0.0,3.0,0.0,0.0,0.0,2.0,0.0,0.0,1.0,0.0,0.0,0.0,0.0,0.0,1.0,0.0,0.0,0.0,0.0,0.0,0.0,1.0,0.04761905,0.0,1.0,0.95238096,1.0,1.0,0.0,0.0,0.0,0.0,0.0,0.0,0.0,1.9047619,1.0,0.0,0.0952381,0.0,0.0,0.0,0.0,0.0,0.0,0.0,0.04761905,0.0,1.0,0.0,0.0,1.0,0.0,1.0,0.0,0.0,0.0,0.95238096,1.0,0.0,0.0,0.0,0.04761905,0.0,0.0,0.0,0.0,0.0,0.0,0.0,0.0,0.0,0.0,0.0952381,0.0,0.0,0.0,0.0,0.0,0.0,0.0,0.0,0.0,0.0,0.0,0.0,0.0,0.0,0.0,0.0952381,0.0,0.0,0.0,0.0,0.0,0.0,0.0,0.0,0.0,0.0,0.0,0.0,0.0,0.0,0.0,0.95238096,0.0,0.0,0.0,0.0,0.0,0.0,0.0,0.0,0.0952381,0.0,0.95238096,0.0,0.0,0.0,0.0,0.95238096,0.0,0.0,0.95238096,0.0,0.0,0.0,0.0,0.0,0.0,0.0,0.0,0.0,0.0,0.0
11.272727,4.0,3.1818182,1.1818181,2.0,2.1818182,3.0,2.0,0.0,0.18181819,0.18181819,1.0,0.0,2.0,0.0,0.0,0.0,0.18181819,0.0,0.0,0.0,3.0,0.0,0.0,0.0,2.0,0.0,0.0,1.0,0.0,0.0,0.0,0.0,0.0,1.0,0.0,0.0,0.0,0.0,0.0,0.0,1.0,0.0,0.0,1.0,1.0909091,1.0,1.0,0.0,0.0,0.0,0.0,0.0,0.0,0.0,2.0,1.0,0.0,0.0,0.0,0.0,0.0,0.0,0.0,0.0,0.0,0.0,0.0,1.0,0.0,0.0,1.0,0.0,1.0,0.0,0.0,0.0,0.90909094,1.0,0.0,0.0,0.0,0.0,0.0,0.0,0.0,0.0,0.0,0.0,0.0,0.0,0.0,0.0,0.0,0.0,0.0,0.0,0.0,0.0,0.0,0.0,0.0,0.0,0.0,0.0,0.0,0.0,0.0,0.0,0.0,0.0,0.0,0.0,0.0,0.0,0.0,0.0,0.0,0.0,0.0,0.0,0.0,0.0,0.0,0.0,1.0,0.0,0.0,0.0,0.0,0.0,0.0,0.0,0.0,0.0,0.0,0.90909094,0.0,0.0,0.0,0.0,1.0,0.0,0.0,1.0,0.0,0.0,0.0,0.0,0.0,0.0,0.0,0.0,0.0,0.0,0.0
11.826087,4.0,3.2608695,1.2608696,2.0,2.2608695,3.0,2.0,0.0,0.26086956,0.26086956,1.0,0.0,2.0,0.0,0.0,0.0,0.26086956,0.0,0.0,0.0,3.0,0.0,0.0,0.0,2.0,0.0,0.0,1.0,0.0,0.0,0.0,0.0,0.0,1.0,0.0,0.0,0.0,0.0,0.0,0.0,1.0,0.0,0.0,1.0,1.1304348,1.0,1.0,0.0,0.0,0.0,0.0,0.0,0.0,0.0,2.0,1.0,0.0,0.0,0.0,0.0,0.0,0.0,0.0,0.0,0.0,0.0,0.0,1.0,0.0,0.0,1.0,0.0,1.0,0.0,0.0,0.0,0.8695652,1.0,0.0,0.0,0.0,0.0,0.0,0.0,0.0,0.0,0.0,0.0,0.0,0.0,0.0,0.0,0.0,0.0,0.0,0.0,0.0,0.0,0.0,0.0,0.0,0.0,0.0,0.0,0.0,0.0,0.0,0.0,0.0,0.0,0.0,0.0,0.0,0.0,0.0,0.0,0.0,0.0,0.0,0.0,0.0,0.0,0.0,0.0,1.0,0.0,0.0,0.0,0.0,0.0,0.0,0.0,0.0,0.0,0.0,0.8695652,0.0,0.0,0.0,0.0,1.0,0.0,0.0,1.0,0.0,0.0,0.0,0.0,0.0,0.0,0.0,0.0,0.0,0.0,0.0
10.666667,4.0,3.0952382,1.0952381,2.0,2.0952382,3.0,2.0,0.0,0.0952381,0.0952381,1.0,0.0,2.0,0.0,0.0,0.0,0.0952381,0.0,0.0,0.0,3.0,0.0,0.0,0.0,2.0,0.0,0.0,1.0,0.0,0.0,0.0,0.0,0.0,1.0,0.0,0.0,0.0,0.0,0.0,0.0,1.0,0.0,0.0,1.0,1.0476191,1.0,1.0,0.0,0.0,0.0,0.0,0.0,0.0,0.0,2.0,1.0,0.0,0.0,0.0,0.0,0.0,0.0,0.0,0.0,0.0,0.0,0.0,1.0,0.0,0.0,1.0,0.0,1.0,0.0,0.0,0.0,0.95238096,1.0,0.0,0.0,0.0,0.0,0.0,0.0,0.0,0.0,0.0,0.0,0.0,0.0,0.0,0.0,0.0,0.0,0.0,0.0,0.0,0.0,0.0,0.0,0.0,0.0,0.0,0.0,0.0,0.0,0.0,0.0,0.0,0.0,0.0,0.0,0.0,0.0,0.0,0.0,0.0,0.0,0.0,0.0,0.0,0.0,0.0,0.0,1.0,0.0,0.0,0.0,0.0,0.0,0.0,0.0,0.0,0.0,0.0,0.95238096,0.0,0.0,0.0,0.0,1.0,0.0,0.0,1.0,0.0,0.0,0.0,0.0,0.0,0.0,0.0,0.0,0.0,0.0,0.0
10.16581,4.082905,2.7512856,1.0829048,1.8341904,1.8341904,2.7512856,1.8341904,0.0,0.0,0.0,0.9170952,0.0,1.8341904,0.0,0.0,0.0,0.0,0.16580963,0.16580963,0.0,2.7512856,0.0,0.0,0.0,1.8341904,0.0,0.0,0.9170952,0.0,0.24871445,0.0,0.16580963,0.0,0.9170952,0.0,0.0,0.0,0.16580963,0.0,0.0,0.9170952,0.0,0.0,0.9170952,0.9170952,0.9170952,0.9170952,0.0,0.0,0.0,0.0,0.0,0.0,0.0,1.8341904,0.9170952,0.0,0.0,0.0,0.0,0.0,0.0,0.0,0.0,0.0,0.0,0.0,0.9170952,0.0,0.0,0.9170952,0.0,0.9170952,0.0,0.0,0.0,0.9170952,0.9170952,0.0,0.0,0.0,0.0,0.0,0.0,0.0,0.0,0.0,0.0,0.0,0.0,0.0,0.0,0.0,0.0,0.0,0.0,0.0,0.0,0.0,0.0,0.0,0.0,0.0,0.0,0.0,0.0,0.0,0.0,0.0,0.0,0.0,0.0,0.0,0.0,0.0,0.0,0.0,0.0,0.0,0.0,0.0,0.0,0.0,0.0,0.9170952,0.0,0.0,0.0,0.0,0.0,0.0,0.0,0.0,0.0,0.0,0.9170952,0.0,0.0,0.0,0.0,0.9170952,0.0,0.0,0.9170952,0.0,0.0,0.0,0.0,0.0,0.0,0.0,0.0,0.0,0.0,0.0
10.215135,4.1075673,2.6772985,1.1075672,1.7848657,1.7848657,2.6772985,1.7848657,0.0,0.0,0.0,0.89243287,0.0,1.7848657,0.0,0.0,0.0,0.0,0.21513428,0.21513428,0.0,2.6772985,0.0,0.0,0.0,1.7848657,0.0,0.0,0.89243287,0.0,0.32270142,0.0,0.21513428,0.0,0.89243287,0.0,0.0,0.0,0.21513428,0.0,0.0,0.89243287,0.0,0.0,0.89243287,0.89243287,0.89243287,0.89243287,0.0,0.0,0.0,0.0,0.0,0.0,0.0,1.7848657,0.89243287,0.0,0.0,0.0,0.0,0.0,0.0,0.0,0.0,0.0,0.0,0.0,0.89243287,0.0,0.0,0.89243287,0.0,0.89243287,0.0,0.0,0.0,0.89243287,0.89243287,0.0,0.0,0.0,0.0,0.0,0.0,0.0,0.0,0.0,0.0,0.0,0.0,0.0,0.0,0.0,0.0,0.0,0.0,0.0,0.0,0.0,0.0,0.0,0.0,0.0,0.0,0.0,0.0,0.0,0.0,0.0,0.0,0.0,0.0,0.0,0.0,0.0,0.0,0.0,0.0,0.0,0.0,0.0,0.0,0.0,0.0,0.89243287,0.0,0.0,0.0,0.0,0.0,0.0,0.0,0.0,0.0,0.0,0.89243287,0.0,0.0,0.0,0.0,0.89243287,0.0,0.0,0.89243287,0.0,0.0,0.0,0.0,0.0,0.0,0.0,0.0,0.0,0.0,0.0
10.058503,4.0292516,2.912245,1.0292517,1.9414966,1.9414966,2.912245,1.9414966,0.0,0.0,0.0,0.9707483,0.0,1.9414966,0.0,0.0,0.0,0.0,0.05850335,0.05850335,0.0,2.912245,0.0,0.0,0.0,1.9414966,0.0,0.0,0.9707483,0.0,0.087755024,0.0,0.05850335,0.0,0.9707483,0.0,0.0,0.0,0.05850335,0.0,0.0,0.9707483,0.0,0.0,0.9707483,0.9707483,0.9707483,0.9707483,0.0,0.0,0.0,0.0,0.0,0.0,0.0,1.9414966,0.9707483,0.0,0.0,0.0,0.0,0.0,0.0,0.0,0.0,0.0,0.0,0.0,0.9707483,0.0,0.0,0.9707483,0.0,0.9707483,0.0,0.0,0.0,0.9707483,0.9707483,0.0,0.0,0.0,0.0,0.0,0.0,0.0,0.0,0.0,0.0,0.0,0.0,0.0,0.0,0.0,0.0,0.0,0.0,0.0,0.0,0.0,0.0,0.0,0.0,0.0,0.0,0.0,0.0,0.0,0.0,0.0,0.0,0.0,0.0,0.0,0.0,0.0,0.0,0.0,0.0,0.0,0.0,0.0,0.0,0.0,0.0,0.9707483,0.0,0.0,0.0,0.0,0.0,0.0,0.0,0.0,0.0,0.0,0.9707483,0.0,0.0,0.0,0.0,0.9707483,0.0,0.0,0.9707483,0.0,0.0,0.0,0.0,0.0,0.0,0.0,0.0,0.0,0.0,0.0
10.102898,4.051449,2.8456528,1.0514491,1.8971019,1.8971019,2.8456528,1.8971019,0.0,0.0,0.0,0.94855094,0.0,1.8971019,0.0,0.0,0.0,0.0,0.102898076,0.102898076,0.0,2.8456528,0.0,0.0,0.0,1.8971019,0.0,0.0,0.94855094,0.0,0.1543471,0.0,0.102898076,0.0,0.94855094,0.0,0.0,0.0,0.102898076,0.0,0.0,0.94855094,0.0,0.0,0.94855094,0.94855094,0.94855094,0.94855094,0.0,0.0,0.0,0.0,0.0,0.0,0.0,1.8971019,0.94855094,0.0,0.0,0.0,0.0,0.0,0.0,0.0,0.0,0.0,0.0,0.0,0.94855094,0.0,0.0,0.94855094,0.0,0.94855094,0.0,0.0,0.0,0.94855094,0.94855094,0.0,0.0,0.0,0.0,0.0,0.0,0.0,0.0,0.0,0.0,0.0,0.0,0.0,0.0,0.0,0.0,0.0,0.0,0.0,0.0,0.0,0.0,0.0,0.0,0.0,0.0,0.0,0.0,0.0,0.0,0.0,0.0,0.0,0.0,0.0,0.0,0.0,0.0,0.0,0.0,0.0,0.0,0.0,0.0,0.0,0.0,0.94855094,0.0,0.0,0.0,0.0,0.0,0.0,0.0,0.0,0.0,0.0,0.94855094,0.0,0.0,0.0,0.0,0.94855094,0.0,0.0,0.94855094,0.0,0.0,0.0,0.0,0.0,0.0,0.0,0.0,0.0,0.0,0.0
10.512511,4.146432,3.073216,1.073216,2.0,2.073216,3.0,2.0,0.0,0.14643188,0.14643188,1.0,0.0,2.0,0.0,0.0,0.0,0.14643188,0.0,0.0,0.0,3.0,0.0,0.0,0.0,2.0,0.0,0.0,1.0,0.0,0.0,0.0,0.0,0.0,1.0,0.0,0.0,0.0,0.0,0.0,0.0,1.0,0.07321594,0.0,1.0,0.92678404,1.0,1.0,0.0,0.0,0.0,0.0,0.0,0.0,0.0,1.8535681,1.0,0.0,0.14643188,0.0,0.0,0.0,0.0,0.0,0.0,0.0,0.07321594,0.0,1.0,0.0,0.0,1.0,0.0,1.0,0.0,0.0,0.0,0.92678404,1.0,0.0,0.0,0.0,0.0,0.0,0.0,0.07321594,0.0,0.0,0.0,0.0,0.0,0.0,0.0,0.14643188,0.0,0.0,0.0,0.0,0.0,0.0,0.0,0.0,0.0,0.0,0.0,0.0,0.0,0.0,0.0,0.14643188,0.0,0.0,0.0,0.0,0.0,0.0,0.0,0.0,0.0,0.0,0.0,0.0,0.0,0.0,0.0,0.92678404,0.0,0.0,0.0,0.0,0.0,0.0,0.0,0.0,0.14643188,0.0,0.92678404,0.0,0.0,0.0,0.0,0.92678404,0.0,0.0,0.92678404,0.0,0.0,0.0,0.0,0.0,0.0,0.0,0.0,0.0,0.0,0.0
10.738819,4.211091,3.1055455,1.1055456,2.0,2.1055455,3.0,2.0,0.0,0.21109124,0.21109124,1.0,0.0,2.0,0.0,0.0,0.0,0.21109124,0.0,0.0,0.0,3.0,0.0,0.0,0.0,2.0,0.0,0.0,1.0,0.0,0.0,0.0,0.0,0.0,1.0,0.0,0.0,0.0,0.0,0.0,0.0,1.0,0.10554562,0.0,1.0,0.89445436,1.0,1.0,0.0,0.0,0.0,0.0,0.0,0.0,0.0,1.7889087,1.0,0.0,0.21109124,0.0,0.0,0.0,0.0,0.0,0.0,0.0,0.10554562,0.0,1.0,0.0,0.0,1.0,0.0,1.0,0.0,0.0,0.0,0.89445436,1.0,0.0,0.0,0.0,0.0,0.0,0.0,0.10554562,0.0,0.0,0.0,0.0,0.0,0.0,0.0,0.21109124,0.0,0.0,0.0,0.0,0.0,0.0,0.0,0.0,0.0,0.0,0.0,0.0,0.0,0.0,0.0,0.21109124,0.0,0.0,0.0,0.0,0.0,0.0,0.0,0.0,0.0,0.0,0.0,0.0,0.0,0.0,0.0,0.89445436,0.0,0.0,0.0,0.0,0.0,0.0,0.0,0.0,0.21109124,0.0,0.89445436,0.0,0.0,0.0,0.0,0.89445436,0.0,0.0,0.89445436,0.0,0.0,0.0,0.0,0.0,0.0,0.0,0.0,0.0,0.0,0.0
10.243243,4.069498,3.034749,1.034749,2.0,2.034749,3.0,2.0,0.0,0.06949807,0.06949807,1.0,0.0,2.0,0.0,0.0,0.0,0.06949807,0.0,0.0,0.0,3.0,0.0,0.0,0.0,2.0,0.0,0.0,1.0,0.0,0.0,0.0,0.0,0.0,1.0,0.0,0.0,0.0,0.0,0.0,0.0,1.0,0.034749035,0.0,1.0,0.96525097,1.0,1.0,0.0,0.0,0.0,0.0,0.0,0.0,0.0,1.9305019,1.0,0.0,0.06949807,0.0,0.0,0.0,0.0,0.0,0.0,0.0,0.034749035,0.0,1.0,0.0,0.0,1.0,0.0,1.0,0.0,0.0,0.0,0.96525097,1.0,0.0,0.0,0.0,0.0,0.0,0.0,0.034749035,0.0,0.0,0.0,0.0,0.0,0.0,0.0,0.06949807,0.0,0.0,0.0,0.0,0.0,0.0,0.0,0.0,0.0,0.0,0.0,0.0,0.0,0.0,0.0,0.06949807,0.0,0.0,0.0,0.0,0.0,0.0,0.0,0.0,0.0,0.0,0.0,0.0,0.0,0.0,0.0,0.96525097,0.0,0.0,0.0,0.0,0.0,0.0,0.0,0.0,0.06949807,0.0,0.96525097,0.0,0.0,0.0,0.0,0.96525097,0.0,0.0,0.96525097,0.0,0.0,0.0,0.0,0.0,0.0,0.0,0.0,0.0,0.0,0.0
11.0,2.5,2.25,1.5,1.25,1.75,1.5,1.25,1.5,0.0,0.0,0.25,1.25,1.25,0.0,0.0,0.0,0.0,0.0,0.0,0.0,0.25,0.25,0.0,1.5,0.25,0.0,1.25,0.25,0.0,0.0,0.0,0.0,1.0,0.25,0.0,0.0,0.0,0.0,0.25,0.0,0.0,0.0,0.0,0.0,0.25,0.0,0.25,0.0,0.0,0.0,0.0,1.5,0.0,0.0,0.5,0.25,0.25,0.0,1.5,0.0,0.0,0.0,0.0,0.0,0.0,0.0,0.0,0.0,0.0,0.0,0.0,0.0,0.0,0.0,0.0,0.0,0.25,0.0,0.0,0.0,0.0,0.0,0.0,0.0,0.0,0.75,0.0,0.0,0.0,0.0,0.0,0.0,0.0,0.0,0.0,0.0,0.0,0.0,0.0,0.0,0.0,0.0,0.0,0.0,0.0,0.0,0.0,0.0,0.0,0.0,0.0,0.0,0.0,0.0,0.0,0.0,0.75,0.0,0.0,0.0,0.0,0.0,0.0,0.0,0.25,0.0,0.0,0.0,0.0,0.0,0.0,0.0,0.0,0.0,0.0,0.25,0.0,0.0,0.0,0.0,0.0,0.0,0.0,0.0,0.0,0.0,0.0,0.0,0.0,0.0,0.0,0.0,0.0,0.0,0.0
11.272727,4.2727275,3.090909,1.1818181,2.0,2.0,3.5454545,2.0,0.0,0.0,0.0,1.2727273,0.36363637,2.0,0.0,0.0,0.0,0.0,0.0,0.0,0.0,3.1818182,0.36363637,0.0,0.0,2.1818182,0.0,0.0,1.0,0.0,0.0,0.0,0.0,0.0,1.0,0.0,0.0,0.0,0.0,0.0,0.0,1.0,0.0,0.0,1.0,1.0,1.0,1.0,0.0,0.0,0.0,0.0,0.0,0.0,0.0,2.0,1.0,0.0,0.0,0.0,0.0,0.0,0.0,0.0,0.0,0.0,0.0,0.0,1.0909091,0.09090909,0.0,1.1818181,0.0,1.0,0.0,0.0,0.0,1.0,1.0,0.0,0.0,0.0,0.0,0.0,0.0,0.0,0.0,0.0,0.0,0.0,0.0,0.0,0.0,0.0,0.0,0.0,0.0,0.0,0.0,0.0,0.0,0.0,0.0,0.0,0.0,0.0,0.0,0.0,0.0,0.0,0.0,0.0,0.0,0.0,0.0,0.0,0.0,0.0,0.0,0.0,0.0,0.0,0.0,0.0,0.0,1.0,0.0,0.0,0.0,0.0,0.0,0.0,0.0,0.0,0.0,0.0,1.0,0.0,0.0,0.0,0.0,1.0,0.0,0.0,1.0,0.0,0.0,0.0,0.0,0.0,0.0,0.0,0.0,0.0,0.0,0.0
12.333333,4.5,3.1666667,1.3333334,2.0,2.0,4.0,2.0,0.0,0.0,0.0,1.5,0.6666667,2.0,0.0,0.0,0.0,0.0,0.0,0.0,0.0,3.3333333,0.6666667,0.0,0.0,2.3333333,0.0,0.0,1.0,0.0,0.0,0.0,0.0,0.0,1.0,0.0,0.0,0.0,0.0,0.0,0.0,1.0,0.0,0.0,1.0,1.0,1.0,1.0,0.0,0.0,0.0,0.0,0.0,0.0,0.0,2.0,1.0,0.0,0.0,0.0,0.0,0.0,0.0,0.0,0.0,0.0,0.0,0.0,1.1666666,0.16666667,0.0,1.3333334,0.0,1.0,0.0,0.0,0.0,1.0,1.0,0.0,0.0,0.0,0.0,0.0,0.0,0.0,0.0,0.0,0.0,0.0,0.0,0.0,0.0,0.0,0.0,0.0,0.0,0.0,0.0,0.0,0.0,0.0,0.0,0.0,0.0,0.0,0.0,0.0,0.0,0.0,0.0,0.0,0.0,0.0,0.0,0.0,0.0,0.0,0.0,0.0,0.0,0.0,0.0,0.0,0.0,1.0,0.0,0.0,0.0,0.0,0.0,0.0,0.0,0.0,0.0,0.0,1.0,0.0,0.0,0.0,0.0,1.0,0.0,0.0,1.0,0.0,0.0,0.0,0.0,0.0,0.0,0.0,0.0,0.0,0.0,0.0
13.230769,4.6923075,3.2307692,1.4615384,2.0,2.0,4.3846154,2.0,0.0,0.0,0.0,1.6923077,0.9230769,2.0,0.0,0.0,0.0,0.0,0.0,0.0,0.0,3.4615386,0.9230769,0.0,0.0,2.4615386,0.0,0.0,1.0,0.0,0.0,0.0,0.0,0.0,1.0,0.0,0.0,0.0,0.0,0.0,0.0,1.0,0.0,0.0,1.0,1.0,1.0,1.0,0.0,0.0,0.0,0.0,0.0,0.0,0.0,2.0,1.0,0.0,0.0,0.0,0.0,0.0,0.0,0.0,0.0,0.0,0.0,0.0,1.2307693,0.23076923,0.0,1.4615384,0.0,1.0,0.0,0.0,0.0,1.0,1.0,0.0,0.0,0.0,0.0,0.0,0.0,0.0,0.0,0.0,0.0,0.0,0.0,0.0,0.0,0.0,0.0,0.0,0.0,0.0,0.0,0.0,0.0,0.0,0.0,0.0,0.0,0.0,0.0,0.0,0.0,0.0,0.0,0.0,0.0,0.0,0.0,0.0,0.0,0.0,0.0,0.0,0.0,0.0,0.0,0.0,0.0,1.0,0.0,0.0,0.0,0.0,0.0,0.0,0.0,0.0,0.0,0.0,1.0,0.0,0.0,0.0,0.0,1.0,0.0,0.0,1.0,0.0,0.0,0.0,0.0,0.0,0.0,0.0,0.0,0.0,0.0,0.0
10.666667,4.142857,3.047619,1.0952381,2.0,2.0,3.2857144,2.0,0.0,0.0,0.0,1.1428572,0.1904762,2.0,0.0,0.0,0.0,0.0,0.0,0.0,0.0,3.0952382,0.1904762,0.0,0.0,2.0952382,0.0,0.0,1.0,0.0,0.0,0.0,0.0,0.0,1.0,0.0,0.0,0.0,0.0,0.0,0.0,1.0,0.0,0.0,1.0,1.0,1.0,1.0,0.0,0.0,0.0,0.0,0.0,0.0,0.0,2.0,1.0,0.0,0.0,0.0,0.0,0.0,0.0,0.0,0.0,0.0,0.0,0.0,1.0476191,0.04761905,0.0,1.0952381,0.0,1.0,0.0,0.0,0.0,1.0,1.0,0.0,0.0,0.0,0.0,0.0,0.0,0.0,0.0,0.0,0.0,0.0,0.0,0.0,0.0,0.0,0.0,0.0,0.0,0.0,0.0,0.0,0.0,0.0,0.0,0.0,0.0,0.0,0.0,0.0,0.0,0.0,0.0,0.0,0.0,0.0,0.0,0.0,0.0,0.0,0.0,0.0,0.0,0.0,0.0,0.0,0.0,1.0,0.0,0.0,0.0,0.0,0.0,0.0,0.0,0.0,0.0,0.0,1.0,0.0,0.0,0.0,0.0,1.0,0.0,0.0,1.0,0.0,0.0,0.0,0.0,0.0,0.0,0.0,0.0,0.0,0.0,0.0
11.363636,4.090909,3.2727273,1.1818181,2.090909,2.2727273,3.0,2.090909,0.0,0.09090909,0.18181819,1.0,0.0,2.090909,0.09090909,0.09090909,0.09090909,0.09090909,0.0,0.0,0.09090909,3.0,0.0,0.09090909,0.0,2.0,0.09090909,0.0,1.0,0.09090909,0.0,0.0,0.0,0.0,1.0,0.0,0.09090909,0.0,0.0,0.0,0.0,1.0,0.09090909,0.09090909,1.0,1.0,1.0,1.0,0.0,0.0,0.0,0.0,0.0,0.0,0.0,1.9090909,1.0,0.0,0.18181819,0.0,0.0,0.0,0.0,0.0,0.0,0.0,0.09090909,0.0,1.0,0.0,0.0,1.0,0.0,1.0,0.0,0.0,0.0,0.90909094,1.0,0.0,0.0,0.0,0.0,0.0,0.0,0.0,0.0,0.0,0.0,0.0,0.0,0.0,0.0,0.18181819,0.0,0.0,0.0,0.0,0.0,0.0,0.09090909,0.0,0.09090909,0.18181819,0.0,0.18181819,0.0,0.0,0.0,0.18181819,0.0,0.0,0.0,0.0,0.0,0.0,0.0,0.0,0.09090909,0.09090909,0.0,0.0,0.0,0.0,0.0,0.90909094,0.18181819,0.0,0.0,0.0,0.0,0.0,0.0,0.0,0.18181819,0.0,0.90909094,0.0,0.0,0.0,0.0,0.90909094,0.0,0.0,0.90909094,0.0,0.0,0.0,0.0,0.0,0.0,0.0,0.0,0.0,0.0,0.0
11.956522,4.130435,3.3913043,1.2608696,2.1304348,2.3913043,3.0,2.1304348,0.0,0.13043478,0.26086956,1.0,0.0,2.1304348,0.13043478,0.13043478,0.13043478,0.13043478,0.0,0.0,0.13043478,3.0,0.0,0.13043478,0.0,2.0,0.13043478,0.0,1.0,0.13043478,0.0,0.0,0.0,0.0,1.0,0.0,0.13043478,0.0,0.0,0.0,0.0,1.0,0.13043478,0.13043478,1.0,1.0,1.0,1.0,0.0,0.0,0.0,0.0,0.0,0.0,0.0,1.8695652,1.0,0.0,0.26086956,0.0,0.0,0.0,0.0,0.0,0.0,0.0,0.13043478,0.0,1.0,0.0,0.0,1.0,0.0,1.0,0.0,0.0,0.0,0.8695652,1.0,0.0,0.0,0.0,0.0,0.0,0.0,0.0,0.0,0.0,0.0,0.0,0.0,0.0,0.0,0.26086956,0.0,0.0,0.0,0.0,0.0,0.0,0.13043478,0.0,0.13043478,0.26086956,0.0,0.26086956,0.0,0.0,0.0,0.26086956,0.0,0.0,0.0,0.0,0.0,0.0,0.0,0.0,0.13043478,0.13043478,0.0,0.0,0.0,0.0,0.0,0.8695652,0.26086956,0.0,0.0,0.0,0.0,0.0,0.0,0.0,0.26086956,0.0,0.8695652,0.0,0.0,0.0,0.0,0.8695652,0.0,0.0,0.8695652,0.0,0.0,0.0,0.0,0.0,0.0,0.0,0.0,0.0,0.0,0.0
10.714286,4.047619,3.142857,1.0952381,2.047619,2.142857,3.0,2.047619,0.0,0.04761905,0.0952381,1.0,0.0,2.047619,0.04761905,0.04761905,0.04761905,0.04761905,0.0,0.0,0.04761905,3.0,0.0,0.04761905,0.0,2.0,0.04761905,0.0,1.0,0.04761905,0.0,0.0,0.0,0.0,1.0,0.0,0.04761905,0.0,0.0,0.0,0.0,1.0,0.04761905,0.04761905,1.0,1.0,1.0,1.0,0.0,0.0,0.0,0.0,0.0,0.0,0.0,1.9523809,1.0,0.0,0.0952381,0.0,0.0,0.0,0.0,0.0,0.0,0.0,0.04761905,0.0,1.0,0.0,0.0,1.0,0.0,1.0,0.0,0.0,0.0,0.95238096,1.0,0.0,0.0,0.0,0.0,0.0,0.0,0.0,0.0,0.0,0.0,0.0,0.0,0.0,0.0,0.0952381,0.0,0.0,0.0,0.0,0.0,0.0,0.04761905,0.0,0.04761905,0.0952381,0.0,0.0952381,0.0,0.0,0.0,0.0952381,0.0,0.0,0.0,0.0,0.0,0.0,0.0,0.0,0.04761905,0.04761905,0.0,0.0,0.0,0.0,0.0,0.95238096,0.0952381,0.0,0.0,0.0,0.0,0.0,0.0,0.0,0.0952381,0.0,0.95238096,0.0,0.0,0.0,0.0,0.95238096,0.0,0.0,0.95238096,0.0,0.0,0.0,0.0,0.0,0.0,0.0,0.0,0.0,0.0,0.0
11.636364,4.5454545,3.5454545,1.1818181,2.3636363,2.5454545,3.1818182,2.3636363,0.0,0.18181819,0.36363637,1.0,0.0,2.3636363,0.36363637,0.18181819,0.36363637,0.0,0.0,0.0,0.36363637,3.1818182,0.0,0.0,0.0,2.0,0.0,0.0,1.0,0.36363637,0.0,0.0,0.0,0.0,1.0,0.0,0.36363637,0.18181819,0.0,0.0,0.36363637,1.0,0.18181819,0.0,1.0,1.1818181,1.0,1.0,0.0,0.0,0.0,0.0,0.0,0.18181819,0.0,2.1818182,1.0,0.0,0.18181819,0.0,0.0,0.0,0.0,0.0,0.0,0.36363637,0.0,0.0,1.0909091,0.0,0.18181819,1.0,0.0,1.0,0.18181819,0.18181819,0.0,1.0,1.0,0.36363637,0.0,0.0,0.0,0.0,0.0,0.0,0.0,0.0,0.0,0.0,0.0,0.0,0.0,0.0,0.0,0.0,0.0,0.0,0.0,0.0,0.18181819,0.0,0.18181819,0.0,0.18181819,0.0,0.0,0.0,0.18181819,0.0,0.0,0.0,0.0,0.0,0.0,0.0,0.0,0.0,0.0,0.0,0.18181819,0.0,0.18181819,0.0,0.0,1.0,0.0,0.0,0.0,0.0,0.0,0.0,0.0,0.0,0.0,0.0,1.0,0.0,0.0,0.0,0.0,1.0,0.0,0.0,1.0,0.0,0.0,0.0,0.0,0.0,0.0,0.0,0.0,0.0,0.0,0.0
12.347826,4.7826085,3.7826087,1.2608696,2.5217392,2.7826087,3.2608695,2.5217392,0.0,0.26086956,0.5217391,1.0,0.0,2.5217392,0.5217391,0.26086956,0.5217391,0.0,0.0,0.0,0.5217391,3.2608695,0.0,0.0,0.0,2.0,0.0,0.0,1.0,0.5217391,0.0,0.0,0.0,0.0,1.0,0.0,0.5217391,0.26086956,0.0,0.0,0.5217391,1.0,0.26086956,0.0,1.0,1.2608696,1.0,1.0,0.0,0.0,0.0,0.0,0.0,0.26086956,0.0,2.2608695,1.0,0.0,0.26086956,0.0,0.0,0.0,0.0,0.0,0.0,0.5217391,0.0,0.0,1.1304348,0.0,0.26086956,1.0,0.0,1.0,0.26086956,0.26086956,0.0,1.0,1.0,0.5217391,0.0,0.0,0.0,0.0,0.0,0.0,0.0,0.0,0.0,0.0,0.0,0.0,0.0,0.0,0.0,0.0,0.0,0.0,0.0,0.0,0.26086956,0.0,0.26086956,0.0,0.26086956,0.0,0.0,0.0,0.26086956,0.0,0.0,0.0,0.0,0.0,0.0,0.0,0.0,0.0,0.0,0.0,0.26086956,0.0,0.26086956,0.0,0.0,1.0,0.0,0.0,0.0,0.0,0.0,0.0,0.0,0.0,0.0,0.0,1.0,0.0,0.0,0.0,0.0,1.0,0.0,0.0,1.0,0.0,0.0,0.0,0.0,0.0,0.0,0.0,0.0,0.0,0.0,0.0
10.857142,4.285714,3.2857144,1.0952381,2.1904762,2.2857144,3.0952382,2.1904762,0.0,0.0952381,0.1904762,1.0,0.0,2.1904762,0.1904762,0.0952381,0.1904762,0.0,0.0,0.0,0.1904762,3.0952382,0.0,0.0,0.0,2.0,0.0,0.0,1.0,0.1904762,0.0,0.0,0.0,0.0,1.0,0.0,0.1904762,0.0952381,0.0,0.0,0.1904762,1.0,0.0952381,0.0,1.0,1.0952381,1.0,1.0,0.0,0.0,0.0,0.0,0.0,0.0952381,0.0,2.0952382,1.0,0.0,0.0952381,0.0,0.0,0.0,0.0,0.0,0.0,0.1904762,0.0,0.0,1.0476191,0.0,0.0952381,1.0,0.0,1.0,0.0952381,0.0952381,0.0,1.0,1.0,0.1904762,0.0,0.0,0.0,0.0,0.0,0.0,0.0,0.0,0.0,0.0,0.0,0.0,0.0,0.0,0.0,0.0,0.0,0.0,0.0,0.0,0.0952381,0.0,0.0952381,0.0,0.0952381,0.0,0.0,0.0,0.0952381,0.0,0.0,0.0,0.0,0.0,0.0,0.0,0.0,0.0,0.0,0.0,0.0952381,0.0,0.0952381,0.0,0.0,1.0,0.0,0.0,0.0,0.0,0.0,0.0,0.0,0.0,0.0,0.0,1.0,0.0,0.0,0.0,0.0,1.0,0.0,0.0,1.0,0.0,0.0,0.0,0.0,0.0,0.0,0.0,0.0,0.0,0.0,0.0
11.727273,4.6363635,3.6363637,1.1818181,2.4545455,2.5454545,3.1818182,2.5454545,0.09090909,0.18181819,0.36363637,1.0,0.0,2.5454545,0.36363637,0.18181819,0.36363637,0.0,0.0,0.0,0.36363637,3.1818182,0.0,0.0,0.18181819,2.0,0.0,0.0,1.0,0.36363637,0.0,0.0,0.0,0.0,1.0,0.0,0.36363637,0.18181819,0.0,0.09090909,0.36363637,1.0,0.18181819,0.0,1.0,1.1818181,1.0,1.0,0.0,0.0,0.0,0.0,0.0,0.18181819,0.0,2.3636363,1.0,0.0,0.36363637,0.0,0.0,0.0,0.0,0.0,0.0,0.36363637,0.18181819,0.0,1.0909091,0.0,0.18181819,1.0,0.0,1.0,0.18181819,0.18181819,0.0,1.1818181,1.0,0.36363637,0.0,0.0,0.0,0.0,0.0,0.0,0.0,0.0,0.18181819,0.18181819,0.18181819,0.0,0.0,0.0,0.0,0.0,0.0,0.0,0.0,0.0,0.18181819,0.0,0.18181819,0.0,0.18181819,0.0,0.0,0.0,0.18181819,0.0,0.0,0.0,0.0,0.0,0.0,0.0,0.0,0.0,0.0,0.0,0.18181819,0.18181819,0.18181819,0.18181819,0.0,1.0,0.0,0.0,0.0,0.0,0.18181819,0.0,0.0,0.0,0.0,0.0,1.0,0.0,0.0,0.0,0.0,1.0,0.0,0.0,1.0,0.0,0.0,0.0,0.0,0.0,0.0,0.0,0.0,0.0,0.0,0.0
12.478261,4.9130435,3.9130435,1.2608696,2.652174,2.7826087,3.2608695,2.7826087,0.13043478,0.26086956,0.5217391,1.0,0.0,2.7826087,0.5217391,0.26086956,0.5217391,0.0,0.0,0.0,0.5217391,3.2608695,0.0,0.0,0.26086956,2.0,0.0,0.0,1.0,0.5217391,0.0,0.0,0.0,0.0,1.0,0.0,0.5217391,0.26086956,0.0,0.13043478,0.5217391,1.0,0.26086956,0.0,1.0,1.2608696,1.0,1.0,0.0,0.0,0.0,0.0,0.0,0.26086956,0.0,2.5217392,1.0,0.0,0.5217391,0.0,0.0,0.0,0.0,0.0,0.0,0.5217391,0.26086956,0.0,1.1304348,0.0,0.26086956,1.0,0.0,1.0,0.26086956,0.26086956,0.0,1.2608696,1.0,0.5217391,0.0,0.0,0.0,0.0,0.0,0.0,0.0,0.0,0.26086956,0.26086956,0.26086956,0.0,0.0,0.0,0.0,0.0,0.0,0.0,0.0,0.0,0.26086956,0.0,0.26086956,0.0,0.26086956,0.0,0.0,0.0,0.26086956,0.0,0.0,0.0,0.0,0.0,0.0,0.0,0.0,0.0,0.0,0.0,0.26086956,0.26086956,0.26086956,0.26086956,0.0,1.0,0.0,0.0,0.0,0.0,0.26086956,0.0,0.0,0.0,0.0,0.0,1.0,0.0,0.0,0.0,0.0,1.0,0.0,0.0,1.0,0.0,0.0,0.0,0.0,0.0,0.0,0.0,0.0,0.0,0.0,0.0
10.904762,4.3333335,3.3333333,1.0952381,2.2380953,2.2857144,3.0952382,2.2857144,0.04761905,0.0952381,0.1904762,1.0,0.0,2.2857144,0.1904762,0.0952381,0.1904762,0.0,0.0,0.0,0.1904762,3.0952382,0.0,0.0,0.0952381,2.0,0.0,0.0,1.0,0.1904762,0.0,0.0,0.0,0.0,1.0,0.0,0.1904762,0.0952381,0.0,0.04761905,0.1904762,1.0,0.0952381,0.0,1.0,1.0952381,1.0,1.0,0.0,0.0,0.0,0.0,0.0,0.0952381,0.0,2.1904762,1.0,0.0,0.1904762,0.0,0.0,0.0,0.0,0.0,0.0,0.1904762,0.0952381,0.0,1.0476191,0.0,0.0952381,1.0,0.0,1.0,0.0952381,0.0952381,0.0,1.0952381,1.0,0.1904762,0.0,0.0,0.0,0.0,0.0,0.0,0.0,0.0,0.0952381,0.0952381,0.0952381,0.0,0.0,0.0,0.0,0.0,0.0,0.0,0.0,0.0,0.0952381,0.0,0.0952381,0.0,0.0952381,0.0,0.0,0.0,0.0952381,0.0,0.0,0.0,0.0,0.0,0.0,0.0,0.0,0.0,0.0,0.0,0.0952381,0.0952381,0.0952381,0.0952381,0.0,1.0,0.0,0.0,0.0,0.0,0.0952381,0.0,0.0,0.0,0.0,0.0,1.0,0.0,0.0,0.0,0.0,1.0,0.0,0.0,1.0,0.0,0.0,0.0,0.0,0.0,0.0,0.0,0.0,0.0,0.0,0.0
10.727273,4.0,3.1818182,1.0909091,2.0,2.1818182,3.0,2.0,0.0,0.0,0.0,1.0,0.0,2.0,0.0,0.0,0.0,0.0,0.0,0.0,0.0,3.0,0.0,0.0,0.0,2.0,0.0,0.0,1.0,0.0,0.0,0.0,0.0,0.0,1.0,0.0,0.0,0.0,0.0,0.0,0.0,1.0,0.0,0.0,1.0,1.0909091,1.0,1.0,0.0,0.0,0.0,0.0,0.0,0.0,0.0,2.0,1.0,0.0,0.0,0.0,0.0,0.0,0.0,0.0,0.0,0.0,0.0,0.0,1.0,0.0,0.0,1.0,0.0,1.0,0.0,0.0,0.0,0.90909094,1.0,0.0,0.0,0.0,0.0,0.0,0.0,0.0,0.0,0.0,0.0,0.0,0.0,0.0,0.0,0.0,0.0,0.0,0.0,0.0,0.0,0.0,0.0,0.0,0.0,0.0,0.0,0.0,0.0,0.0,0.0,0.0,0.0,0.0,0.0,0.0,0.0,0.0,0.0,0.0,0.0,0.0,0.0,0.0,0.0,0.0,0.0,1.0,0.0,0.0,0.0,0.0,0.0,0.0,0.0,0.0,0.0,0.0,0.90909094,0.0,0.0,0.0,0.0,1.0,0.0,0.0,1.0,0.0,0.0,0.0,0.0,0.0,0.0,0.0,0.0,0.0,0.0,0.0
11.333333,4.0,3.3333333,1.1666666,2.0,2.3333333,3.0,2.0,0.0,0.0,0.0,1.0,0.0,2.0,0.0,0.0,0.0,0.0,0.0,0.0,0.0,3.0,0.0,0.0,0.0,2.0,0.0,0.0,1.0,0.0,0.0,0.0,0.0,0.0,1.0,0.0,0.0,0.0,0.0,0.0,0.0,1.0,0.0,0.0,1.0,1.1666666,1.0,1.0,0.0,0.0,0.0,0.0,0.0,0.0,0.0,2.0,1.0,0.0,0.0,0.0,0.0,0.0,0.0,0.0,0.0,0.0,0.0,0.0,1.0,0.0,0.0,1.0,0.0,1.0,0.0,0.0,0.0,0.8333333,1.0,0.0,0.0,0.0,0.0,0.0,0.0,0.0,0.0,0.0,0.0,0.0,0.0,0.0,0.0,0.0,0.0,0.0,0.0,0.0,0.0,0.0,0.0,0.0,0.0,0.0,0.0,0.0,0.0,0.0,0.0,0.0,0.0,0.0,0.0,0.0,0.0,0.0,0.0,0.0,0.0,0.0,0.0,0.0,0.0,0.0,0.0,1.0,0.0,0.0,0.0,0.0,0.0,0.0,0.0,0.0,0.0,0.0,0.8333333,0.0,0.0,0.0,0.0,1.0,0.0,0.0,1.0,0.0,0.0,0.0,0.0,0.0,0.0,0.0,0.0,0.0,0.0,0.0
10.727273,4.090909,3.1818182,1.0909091,2.090909,2.1818182,3.0,2.090909,0.0,0.18181819,0.18181819,1.0,0.0,2.090909,0.09090909,0.09090909,0.09090909,0.09090909,0.0,0.0,0.09090909,3.0,0.0,0.09090909,0.0,2.0,0.09090909,0.0,1.0,0.09090909,0.0,0.0,0.0,0.0,1.0,0.0,0.09090909,0.0,0.0,0.0,0.0,1.0,0.18181819,0.09090909,1.0,0.90909094,1.0,1.0,0.0,0.0,0.0,0.0,0.0,0.0,0.0,1.8181819,1.0,0.0,0.27272728,0.0,0.0,0.0,0.0,0.0,0.0,0.0,0.09090909,0.0,1.0,0.0,0.09090909,1.0,0.0,1.0,0.09090909,0.09090909,0.0,0.90909094,1.0,0.0,0.0,0.0,0.0,0.09090909,0.0,0.0,0.0,0.0,0.0,0.0,0.0,0.0,0.0,0.18181819,0.0,0.0,0.0,0.0,0.0,0.0,0.0,0.0,0.0,0.18181819,0.0,0.18181819,0.0,0.0,0.0,0.18181819,0.0,0.0,0.0,0.0,0.0,0.0,0.0,0.0,0.0,0.0,0.0,0.0,0.0,0.0,0.0,0.90909094,0.18181819,0.0,0.0,0.0,0.0,0.0,0.0,0.0,0.18181819,0.0,0.90909094,0.0,0.0,0.0,0.0,0.90909094,0.0,0.0,0.90909094,0.0,0.0,0.0,0.0,0.0,0.0,0.0,0.0,0.0,0.0,0.0
10.380953,4.047619,3.0952382,1.0476191,2.047619,2.0952382,3.0,2.047619,0.0,0.0952381,0.0952381,1.0,0.0,2.047619,0.04761905,0.04761905,0.04761905,0.04761905,0.0,0.0,0.04761905,3.0,0.0,0.04761905,0.0,2.0,0.04761905,0.0,1.0,0.04761905,0.0,0.0,0.0,0.0,1.0,0.0,0.04761905,0.0,0.0,0.0,0.0,1.0,0.0952381,0.04761905,1.0,0.95238096,1.0,1.0,0.0,0.0,0.0,0.0,0.0,0.0,0.0,1.9047619,1.0,0.0,0.14285715,0.0,0.0,0.0,0.0,0.0,0.0,0.0,0.04761905,0.0,1.0,0.0,0.04761905,1.0,0.0,1.0,0.04761905,0.04761905,0.0,0.95238096,1.0,0.0,0.0,0.0,0.0,0.04761905,0.0,0.0,0.0,0.0,0.0,0.0,0.0,0.0,0.0,0.0952381,0.0,0.0,0.0,0.0,0.0,0.0,0.0,0.0,0.0,0.0952381,0.0,0.0952381,0.0,0.0,0.0,0.0952381,0.0,0.0,0.0,0.0,0.0,0.0,0.0,0.0,0.0,0.0,0.0,0.0,0.0,0.0,0.0,0.95238096,0.0952381,0.0,0.0,0.0,0.0,0.0,0.0,0.0,0.0952381,0.0,0.95238096,0.0,0.0,0.0,0.0,0.95238096,0.0,0.0,0.95238096,0.0,0.0,0.0,0.0,0.0,0.0,0.0,0.0,0.0,0.0,0.0
10.592592,4.0740743,3.148148,1.074074,2.074074,2.148148,3.0,2.074074,0.0,0.14814815,0.14814815,1.0,0.0,2.074074,0.074074075,0.074074075,0.074074075,0.074074075,0.0,0.0,0.074074075,3.0,0.0,0.074074075,0.0,2.0,0.074074075,0.0,1.0,0.074074075,0.0,0.0,0.0,0.0,1.0,0.0,0.074074075,0.0,0.0,0.0,0.0,1.0,0.14814815,0.074074075,1.0,0.9259259,1.0,1.0,0.0,0.0,0.0,0.0,0.0,0.0,0.0,1.8518518,1.0,0.0,0.22222222,0.0,0.0,0.0,0.0,0.0,0.0,0.0,0.074074075,0.0,1.0,0.0,0.074074075,1.0,0.0,1.0,0.074074075,0.074074075,0.0,0.9259259,1.0,0.0,0.0,0.0,0.0,0.074074075,0.0,0.0,0.0,0.0,0.0,0.0,0.0,0.0,0.0,0.14814815,0.0,0.0,0.0,0.0,0.0,0.0,0.0,0.0,0.0,0.14814815,0.0,0.14814815,0.0,0.0,0.0,0.14814815,0.0,0.0,0.0,0.0,0.0,0.0,0.0,0.0,0.0,0.0,0.0,0.0,0.0,0.0,0.0,0.9259259,0.14814815,0.0,0.0,0.0,0.0,0.0,0.0,0.0,0.14814815,0.0,0.9259259,0.0,0.0,0.0,0.0,0.9259259,0.0,0.0,0.9259259,0.0,0.0,0.0,0.0,0.0,0.0,0.0,0.0,0.0,0.0,0.0
11.636364,4.6363635,3.4545455,1.1818181,2.3636363,2.3636363,3.3636363,2.3636363,0.0,0.18181819,0.36363637,1.0909091,0.18181819,2.3636363,0.36363637,0.18181819,0.36363637,0.0,0.0,0.0,0.36363637,3.1818182,0.18181819,0.0,0.0,2.0,0.0,0.18181819,1.0,0.36363637,0.0,0.0,0.0,0.0,1.0,0.0,0.36363637,0.18181819,0.0,0.0,0.36363637,1.0,0.0,0.0,1.0,1.0,1.0,1.0,0.0,0.0,0.0,0.0,0.0,0.18181819,0.0,2.0,1.0,0.18181819,0.0,0.0,0.0,0.0,0.0,0.0,0.0,0.36363637,0.0,0.0,1.0909091,0.09090909,0.0,1.0,0.0,1.0,0.0,0.0,0.0,1.0,1.0,0.36363637,0.0,0.0,0.0,0.0,0.0,0.0,0.0,0.0,0.0,0.0,0.0,0.0,0.0,0.0,0.0,0.18181819,0.0,0.0,0.0,0.0,0.0,0.0,0.0,0.0,0.0,0.0,0.0,0.0,0.0,0.0,0.0,0.0,0.0,0.0,0.0,0.0,0.0,0.18181819,0.0,0.0,0.0,0.0,0.0,0.0,0.0,1.0,0.0,0.0,0.0,0.0,0.0,0.0,0.0,0.0,0.0,0.0,1.0,0.0,0.0,0.0,0.0,1.0,0.0,0.0,1.0,0.0,0.0,0.0,0.0,0.0,0.0,0.0,0.0,0.0,0.0,0.0
12.347826,4.9130435,3.652174,1.2608696,2.5217392,2.5217392,3.5217392,2.5217392,0.0,0.26086956,0.5217391,1.1304348,0.26086956,2.5217392,0.5217391,0.26086956,0.5217391,0.0,0.0,0.0,0.5217391,3.2608695,0.26086956,0.0,0.0,2.0,0.0,0.26086956,1.0,0.5217391,0.0,0.0,0.0,0.0,1.0,0.0,0.5217391,0.26086956,0.0,0.0,0.5217391,1.0,0.0,0.0,1.0,1.0,1.0,1.0,0.0,0.0,0.0,0.0,0.0,0.26086956,0.0,2.0,1.0,0.26086956,0.0,0.0,0.0,0.0,0.0,0.0,0.0,0.5217391,0.0,0.0,1.1304348,0.13043478,0.0,1.0,0.0,1.0,0.0,0.0,0.0,1.0,1.0,0.5217391,0.0,0.0,0.0,0.0,0.0,0.0,0.0,0.0,0.0,0.0,0.0,0.0,0.0,0.0,0.0,0.26086956,0.0,0.0,0.0,0.0,0.0,0.0,0.0,0.0,0.0,0.0,0.0,0.0,0.0,0.0,0.0,0.0,0.0,0.0,0.0,0.0,0.0,0.26086956,0.0,0.0,0.0,0.0,0.0,0.0,0.0,1.0,0.0,0.0,0.0,0.0,0.0,0.0,0.0,0.0,0.0,0.0,1.0,0.0,0.0,0.0,0.0,1.0,0.0,0.0,1.0,0.0,0.0,0.0,0.0,0.0,0.0,0.0,0.0,0.0,0.0,0.0
10.857142,4.3333335,3.2380953,1.0952381,2.1904762,2.1904762,3.1904762,2.1904762,0.0,0.0952381,0.1904762,1.0476191,0.0952381,2.1904762,0.1904762,0.0952381,0.1904762,0.0,0.0,0.0,0.1904762,3.0952382,0.0952381,0.0,0.0,2.0,0.0,0.0952381,1.0,0.1904762,0.0,0.0,0.0,0.0,1.0,0.0,0.1904762,0.0952381,0.0,0.0,0.1904762,1.0,0.0,0.0,1.0,1.0,1.0,1.0,0.0,0.0,0.0,0.0,0.0,0.0952381,0.0,2.0,1.0,0.0952381,0.0,0.0,0.0,0.0,0.0,0.0,0.0,0.1904762,0.0,0.0,1.0476191,0.04761905,0.0,1.0,0.0,1.0,0.0,0.0,0.0,1.0,1.0,0.1904762,0.0,0.0,0.0,0.0,0.0,0.0,0.0,0.0,0.0,0.0,0.0,0.0,0.0,0.0,0.0,0.0952381,0.0,0.0,0.0,0.0,0.0,0.0,0.0,0.0,0.0,0.0,0.0,0.0,0.0,0.0,0.0,0.0,0.0,0.0,0.0,0.0,0.0,0.0952381,0.0,0.0,0.0,0.0,0.0,0.0,0.0,1.0,0.0,0.0,0.0,0.0,0.0,0.0,0.0,0.0,0.0,0.0,1.0,0.0,0.0,0.0,0.0,1.0,0.0,0.0,1.0,0.0,0.0,0.0,0.0,0.0,0.0,0.0,0.0,0.0,0.0,0.0
10.727273,4.0,3.1818182,1.0909091,2.0,2.1818182,3.0,2.0,0.0,0.0,0.0,1.0,0.0,2.0,0.0,0.0,0.0,0.0,0.0,0.0,0.0,3.0,0.0,0.0,0.0,2.0,0.0,0.0,1.0,0.0,0.0,0.0,0.0,0.0,1.0,0.0,0.0,0.0,0.0,0.0,0.0,1.0,0.09090909,0.0,1.0,1.0,1.0,1.0,0.0,0.0,0.0,0.0,0.0,0.09090909,0.0,1.9090909,1.0,0.0,0.09090909,0.0,0.0,0.0,0.0,0.0,0.0,0.18181819,0.0,0.0,1.0,0.0,0.0,1.0,0.0,1.0,0.0,0.0,0.0,0.90909094,1.0,0.0,0.0,0.0,0.0,0.0,0.0,0.0,0.0,0.0,0.0,0.0,0.0,0.0,0.0,0.0,0.0,0.0,0.0,0.0,0.0,0.0,0.0,0.0,0.0,0.0,0.09090909,0.0,0.0,0.0,0.09090909,0.0,0.0,0.0,0.0,0.0,0.0,0.0,0.0,0.0,0.0,0.0,0.0,0.0,0.0,0.0,0.0,0.90909094,0.0,0.0,0.0,0.0,0.0,0.0,0.0,0.0,0.0,0.0,0.90909094,0.0,0.0,0.0,0.0,0.90909094,0.0,0.0,0.90909094,0.0,0.0,0.0,0.0,0.0,0.0,0.0,0.0,0.0,0.0,0.0
11.333333,4.0,3.3333333,1.1666666,2.0,2.3333333,3.0,2.0,0.0,0.0,0.0,1.0,0.0,2.0,0.0,0.0,0.0,0.0,0.0,0.0,0.0,3.0,0.0,0.0,0.0,2.0,0.0,0.0,1.0,0.0,0.0,0.0,0.0,0.0,1.0,0.0,0.0,0.0,0.0,0.0,0.0,1.0,0.16666667,0.0,1.0,1.0,1.0,1.0,0.0,0.0,0.0,0.0,0.0,0.16666667,0.0,1.8333334,1.0,0.0,0.16666667,0.0,0.0,0.0,0.0,0.0,0.0,0.33333334,0.0,0.0,1.0,0.0,0.0,1.0,0.0,1.0,0.0,0.0,0.0,0.8333333,1.0,0.0,0.0,0.0,0.0,0.0,0.0,0.0,0.0,0.0,0.0,0.0,0.0,0.0,0.0,0.0,0.0,0.0,0.0,0.0,0.0,0.0,0.0,0.0,0.0,0.0,0.16666667,0.0,0.0,0.0,0.16666667,0.0,0.0,0.0,0.0,0.0,0.0,0.0,0.0,0.0,0.0,0.0,0.0,0.0,0.0,0.0,0.0,0.8333333,0.0,0.0,0.0,0.0,0.0,0.0,0.0,0.0,0.0,0.0,0.8333333,0.0,0.0,0.0,0.0,0.8333333,0.0,0.0,0.8333333,0.0,0.0,0.0,0.0,0.0,0.0,0.0,0.0,0.0,0.0,0.0
12.285714,4.0,3.5714285,1.2857143,2.0,2.5714285,3.0,2.0,0.0,0.0,0.0,1.0,0.0,2.0,0.0,0.0,0.0,0.0,0.0,0.0,0.0,3.0,0.0,0.0,0.0,2.0,0.0,0.0,1.0,0.0,0.0,0.0,0.0,0.0,1.0,0.0,0.0,0.0,0.0,0.0,0.0,1.0,0.2857143,0.0,1.0,1.0,1.0,1.0,0.0,0.0,0.0,0.0,0.0,0.2857143,0.0,1.7142857,1.0,0.0,0.2857143,0.0,0.0,0.0,0.0,0.0,0.0,0.5714286,0.0,0.0,1.0,0.0,0.0,1.0,0.0,1.0,0.0,0.0,0.0,0.71428573,1.0,0.0,0.0,0.0,0.0,0.0,0.0,0.0,0.0,0.0,0.0,0.0,0.0,0.0,0.0,0.0,0.0,0.0,0.0,0.0,0.0,0.0,0.0,0.0,0.0,0.0,0.2857143,0.0,0.0,0.0,0.2857143,0.0,0.0,0.0,0.0,0.0,0.0,0.0,0.0,0.0,0.0,0.0,0.0,0.0,0.0,0.0,0.0,0.71428573,0.0,0.0,0.0,0.0,0.0,0.0,0.0,0.0,0.0,0.0,0.71428573,0.0,0.0,0.0,0.0,0.71428573,0.0,0.0,0.71428573,0.0,0.0,0.0,0.0,0.0,0.0,0.0,0.0,0.0,0.0,0.0
10.428572,4.095238,3.4285715,1.0,2.0952382,2.0,3.0,2.0952382,0.61904764,0.04761905,0.14285715,1.0,0.0,2.0,0.0952381,0.14285715,0.1904762,0.04761905,0.0,0.0,0.0952381,3.0,0.0,0.0952381,0.0,2.0,0.0952381,0.0,1.0,0.0,0.0,0.1904762,0.0,0.1904762,1.0,0.7619048,0.0,0.04761905,0.0,0.0,0.0952381,1.0,0.04761905,0.0,1.0,0.95238096,1.0,1.0,0.04761905,0.1904762,0.0952381,0.5714286,0.0,0.0,0.0,1.9047619,1.0,0.0,0.0952381,0.0,0.33333334,0.04761905,0.0,0.3809524,0.0,0.0,0.04761905,0.33333334,1.0,0.0,0.0,1.0,0.1904762,1.0,0.0,0.0,0.33333334,0.95238096,1.0,0.0,0.0,0.0,0.0,0.0,0.61904764,0.0,0.0,0.0,0.0,0.0,0.0,0.04761905,0.1904762,0.0952381,0.1904762,0.0,0.0,0.0952381,0.6666667,0.2857143,0.0,0.0,0.0,0.1904762,0.0,0.1904762,0.0,0.0952381,0.0,0.0952381,0.0,0.0,0.0,0.0,0.0,0.1904762,0.0,0.0,0.0,0.0,0.0,0.0,0.0,0.0,0.0,0.95238096,0.1904762,0.0,0.0,0.0,0.0,0.0,0.0,0.0,0.0952381,0.0,0.95238096,0.3809524,0.0,0.04761905,0.0,0.95238096,0.0,0.0,0.95238096,0.0,0.0,0.0,0.0,0.3809524,0.0,0.0,0.0,0.0,0.0,0.0
10.818182,4.181818,3.8181818,1.0,2.1818182,2.0,3.0,2.1818182,1.1818181,0.09090909,0.27272728,1.0,0.0,2.0,0.18181819,0.27272728,0.36363637,0.09090909,0.0,0.0,0.18181819,3.0,0.0,0.18181819,0.0,2.0,0.18181819,0.0,1.0,0.0,0.0,0.36363637,0.0,0.36363637,1.0,1.4545455,0.0,0.09090909,0.0,0.0,0.18181819,1.0,0.09090909,0.0,1.0,0.90909094,1.0,1.0,0.09090909,0.36363637,0.18181819,1.0909091,0.0,0.0,0.0,1.8181819,1.0,0.0,0.18181819,0.0,0.6363636,0.09090909,0.0,0.72727275,0.0,0.0,0.09090909,0.6363636,1.0,0.0,0.0,1.0,0.36363637,1.0,0.0,0.0,0.6363636,0.90909094,1.0,0.0,0.0,0.0,0.0,0.0,1.1818181,0.0,0.0,0.0,0.0,0.0,0.0,0.09090909,0.36363637,0.18181819,0.36363637,0.0,0.0,0.18181819,1.2727273,0.54545456,0.0,0.0,0.0,0.36363637,0.0,0.36363637,0.0,0.18181819,0.0,0.18181819,0.0,0.0,0.0,0.0,0.0,0.36363637,0.0,0.0,0.0,0.0,0.0,0.0,0.0,0.0,0.0,0.90909094,0.36363637,0.0,0.0,0.0,0.0,0.0,0.0,0.0,0.18181819,0.0,0.90909094,0.72727275,0.0,0.09090909,0.0,0.90909094,0.0,0.0,0.90909094,0.0,0.0,0.0,0.0,0.72727275,0.0,0.0,0.0,0.0,0.0,0.0
11.5,4.3333335,4.5,1.0,2.3333333,2.0,3.0,2.3333333,2.1666667,0.16666667,0.5,1.0,0.0,2.0,0.33333334,0.5,0.6666667,0.16666667,0.0,0.0,0.33333334,3.0,0.0,0.33333334,0.0,2.0,0.33333334,0.0,1.0,0.0,0.0,0.6666667,0.0,0.6666667,1.0,2.6666667,0.0,0.16666667,0.0,0.0,0.33333334,1.0,0.16666667,0.0,1.0,0.8333333,1.0,1.0,0.16666667,0.6666667,0.33333334,2.0,0.0,0.0,0.0,1.6666666,1.0,0.0,0.33333334,0.0,1.1666666,0.16666667,0.0,1.3333334,0.0,0.0,0.16666667,1.1666666,1.0,0.0,0.0,1.0,0.6666667,1.0,0.0,0.0,1.1666666,0.8333333,1.0,0.0,0.0,0.0,0.0,0.0,2.1666667,0.0,0.0,0.0,0.0,0.0,0.0,0.16666667,0.6666667,0.33333334,0.6666667,0.0,0.0,0.33333334,2.3333333,1.0,0.0,0.0,0.0,0.6666667,0.0,0.6666667,0.0,0.33333334,0.0,0.33333334,0.0,0.0,0.0,0.0,0.0,0.6666667,0.0,0.0,0.0,0.0,0.0,0.0,0.0,0.0,0.0,0.8333333,0.6666667,0.0,0.0,0.0,0.0,0.0,0.0,0.0,0.33333334,0.0,0.8333333,1.3333334,0.0,0.16666667,0.0,0.8333333,0.0,0.0,0.8333333,0.0,0.0,0.0,0.0,1.3333334,0.0,0.0,0.0,0.0,0.0,0.0
10.16,4.06,3.14,1.0,2.04,2.0,3.04,2.04,0.16,0.02,0.06,1.02,0.0,2.0,0.04,0.06,0.08,0.02,0.0,0.0,0.04,3.08,0.0,0.04,0.0,2.08,0.04,0.0,1.0,0.0,0.0,0.08,0.0,0.04,1.0,0.16,0.0,0.02,0.0,0.0,0.04,1.08,0.02,0.0,1.0,0.98,1.0,1.0,0.02,0.08,0.04,0.08,0.0,0.0,0.0,1.96,1.0,0.0,0.04,0.0,0.14,0.02,0.0,0.12,0.0,0.0,0.02,0.02,1.0,0.0,0.0,1.0,0.08,1.0,0.0,0.0,0.1,0.98,1.0,0.0,0.0,0.08,0.0,0.0,0.18,0.0,0.0,0.0,0.0,0.0,0.0,0.02,0.08,0.04,0.08,0.0,0.06,0.04,0.12,0.04,0.0,0.0,0.0,0.08,0.0,0.08,0.0,0.04,0.0,0.04,0.0,0.0,0.0,0.0,0.0,0.0,0.12,0.0,0.0,0.0,0.0,0.0,0.0,0.0,0.0,0.98,0.08,0.0,0.0,0.0,0.0,0.0,0.0,0.0,0.04,0.0,0.98,0.12,0.0,0.02,0.0,0.98,0.0,0.0,0.98,0.0,0.0,0.0,0.0,0.16,0.0,0.0,0.0,0.0,0.0,0.0
10.4,4.15,3.35,1.0,2.1,2.0,3.1,2.1,0.4,0.05,0.15,1.05,0.0,2.0,0.1,0.15,0.2,0.05,0.0,0.0,0.1,3.2,0.0,0.1,0.0,2.2,0.1,0.0,1.0,0.0,0.0,0.2,0.0,0.1,1.0,0.4,0.0,0.05,0.0,0.0,0.1,1.2,0.05,0.0,1.0,0.95,1.0,1.0,0.05,0.2,0.1,0.2,0.0,0.0,0.0,1.9,1.0,0.0,0.1,0.0,0.35,0.05,0.0,0.3,0.0,0.0,0.05,0.05,1.0,0.0,0.0,1.0,0.2,1.0,0.0,0.0,0.25,0.95,1.0,0.0,0.0,0.2,0.0,0.0,0.45,0.0,0.0,0.0,0.0,0.0,0.0,0.05,0.2,0.1,0.2,0.0,0.15,0.1,0.3,0.1,0.0,0.0,0.0,0.2,0.0,0.2,0.0,0.1,0.0,0.1,0.0,0.0,0.0,0.0,0.0,0.0,0.3,0.0,0.0,0.0,0.0,0.0,0.0,0.0,0.0,0.95,0.2,0.0,0.0,0.0,0.0,0.0,0.0,0.0,0.1,0.0,0.95,0.3,0.0,0.05,0.0,0.95,0.0,0.0,0.95,0.0,0.0,0.0,0.0,0.4,0.0,0.0,0.0,0.0,0.0,0.0
10.8,4.3,3.7,1.0,2.2,2.0,3.2,2.2,0.8,0.1,0.3,1.1,0.0,2.0,0.2,0.3,0.4,0.1,0.0,0.0,0.2,3.4,0.0,0.2,0.0,2.4,0.2,0.0,1.0,0.0,0.0,0.4,0.0,0.2,1.0,0.8,0.0,0.1,0.0,0.0,0.2,1.4,0.1,0.0,1.0,0.9,1.0,1.0,0.1,0.4,0.2,0.4,0.0,0.0,0.0,1.8,1.0,0.0,0.2,0.0,0.7,0.1,0.0,0.6,0.0,0.0,0.1,0.1,1.0,0.0,0.0,1.0,0.4,1.0,0.0,0.0,0.5,0.9,1.0,0.0,0.0,0.4,0.0,0.0,0.9,0.0,0.0,0.0,0.0,0.0,0.0,0.1,0.4,0.2,0.4,0.0,0.3,0.2,0.6,0.2,0.0,0.0,0.0,0.4,0.0,0.4,0.0,0.2,0.0,0.2,0.0,0.0,0.0,0.0,0.0,0.0,0.6,0.0,0.0,0.0,0.0,0.0,0.0,0.0,0.0,0.9,0.4,0.0,0.0,0.0,0.0,0.0,0.0,0.0,0.2,0.0,0.9,0.6,0.0,0.1,0.0,0.9,0.0,0.0,0.9,0.0,0.0,0.0,0.0,0.8,0.0,0.0,0.0,0.0,0.0,0.0
13.0,4.0,3.75,1.375,2.0,2.75,3.0,2.0,0.0,0.0,0.0,1.0,0.0,2.0,0.0,0.0,0.0,0.0,0.0,0.0,0.0,3.0,0.0,0.0,0.0,2.0,0.0,0.0,1.0,0.0,0.0,0.0,0.0,0.0,1.0,0.0,0.0,0.0,0.0,0.0,0.0,1.0,0.375,0.0,1.0,1.0,1.0,1.0,0.0,0.0,0.0,0.0,0.0,0.375,0.0,1.625,1.0,0.0,0.375,0.0,0.0,0.0,0.0,0.0,0.0,0.75,0.0,0.0,1.0,0.0,0.0,1.0,0.0,1.0,0.0,0.0,0.0,0.625,1.0,0.0,0.0,0.0,0.0,0.0,0.0,0.0,0.0,0.0,0.0,0.0,0.0,0.0,0.0,0.0,0.0,0.0,0.0,0.0,0.0,0.0,0.0,0.0,0.0,0.0,0.375,0.0,0.0,0.0,0.375,0.0,0.0,0.0,0.0,0.0,0.0,0.0,0.0,0.0,0.0,0.0,0.0,0.0,0.0,0.0,0.0,0.625,0.0,0.0,0.0,0.0,0.0,0.0,0.0,0.0,0.0,0.0,0.625,0.0,0.0,0.0,0.0,0.625,0.0,0.0,0.625,0.0,0.0,0.0,0.0,0.0,0.0,0.0,0.0,0.0,0.0,0.0
13.555555,4.0,3.8888888,1.4444444,2.0,2.8888888,3.0,2.0,0.0,0.0,0.0,1.0,0.0,2.0,0.0,0.0,0.0,0.0,0.0,0.0,0.0,3.0,0.0,0.0,0.0,2.0,0.0,0.0,1.0,0.0,0.0,0.0,0.0,0.0,1.0,0.0,0.0,0.0,0.0,0.0,0.0,1.0,0.44444445,0.0,1.0,1.0,1.0,1.0,0.0,0.0,0.0,0.0,0.0,0.44444445,0.0,1.5555556,1.0,0.0,0.44444445,0.0,0.0,0.0,0.0,0.0,0.0,0.8888889,0.0,0.0,1.0,0.0,0.0,1.0,0.0,1.0,0.0,0.0,0.0,0.5555556,1.0,0.0,0.0,0.0,0.0,0.0,0.0,0.0,0.0,0.0,0.0,0.0,0.0,0.0,0.0,0.0,0.0,0.0,0.0,0.0,0.0,0.0,0.0,0.0,0.0,0.0,0.44444445,0.0,0.0,0.0,0.44444445,0.0,0.0,0.0,0.0,0.0,0.0,0.0,0.0,0.0,0.0,0.0,0.0,0.0,0.0,0.0,0.0,0.5555556,0.0,0.0,0.0,0.0,0.0,0.0,0.0,0.0,0.0,0.0,0.5555556,0.0,0.0,0.0,0.0,0.5555556,0.0,0.0,0.5555556,0.0,0.0,0.0,0.0,0.0,0.0,0.0,0.0,0.0,0.0,0.0
8.116758,0.08339848,2.050039,1.0,0.016679697,0.9833203,0.06671879,0.016679697,1.0,0.016679697,0.033359393,0.016679697,0.016679697,0.0,0.033359393,0.016679697,0.033359393,0.0,0.016679697,0.016679697,0.0,0.050039086,0.0,0.0,0.9833203,0.033359393,0.0,0.0,0.016679697,0.0,0.033359393,0.016679697,0.0,0.0,0.016679697,0.0,0.0,0.016679697,0.0,0.0,0.0,0.016679697,0.0,0.0,0.016679697,0.0,0.016679697,0.0,0.0,0.0,0.0,0.0,0.0,0.0,0.0,0.0,0.0,0.0,0.0,0.0,0.0,0.0,0.0,0.0,0.0,0.0,0.0,0.0,0.016679697,0.0,0.0,0.016679697,0.0,0.016679697,0.0,0.0,0.0,0.0,0.016679697,0.0,0.0,0.016679697,0.0,0.0,0.0,0.0,0.0,0.0,0.0,0.0,0.0,0.0,0.0,0.0,0.0,0.0,0.016679697,0.0,0.0,0.0,0.0,0.0,0.0,0.0,0.0,0.0,0.0,0.0,0.0,0.0,0.0,0.0,0.0,0.0,0.0,0.0,0.016679697,0.0,0.0,0.0,0.0,0.0,0.0,0.0,0.0,0.0,0.0,0.0,0.016679697,0.0,0.0,0.0,0.0,0.0,0.0,0.0,0.0,0.0,0.0,0.0,0.0,0.0,0.0,0.0,0.0,0.0,0.0,0.0,0.0,0.0,0.0,0.0,0.0,0.0,0.0,0.0
8.242003,0.17285985,2.103716,1.0,0.034571968,0.96542805,0.13828787,0.034571968,1.0,0.034571968,0.069143936,0.034571968,0.034571968,0.0,0.069143936,0.034571968,0.069143936,0.0,0.034571968,0.034571968,0.0,0.10371591,0.0,0.0,0.96542805,0.069143936,0.0,0.0,0.034571968,0.0,0.069143936,0.034571968,0.0,0.0,0.034571968,0.0,0.0,0.034571968,0.0,0.0,0.0,0.034571968,0.0,0.0,0.034571968,0.0,0.034571968,0.0,0.0,0.0,0.0,0.0,0.0,0.0,0.0,0.0,0.0,0.0,0.0,0.0,0.0,0.0,0.0,0.0,0.0,0.0,0.0,0.0,0.034571968,0.0,0.0,0.034571968,0.0,0.034571968,0.0,0.0,0.0,0.0,0.034571968,0.0,0.0,0.034571968,0.0,0.0,0.0,0.0,0.0,0.0,0.0,0.0,0.0,0.0,0.0,0.0,0.0,0.0,0.034571968,0.0,0.0,0.0,0.0,0.0,0.0,0.0,0.0,0.0,0.0,0.0,0.0,0.0,0.0,0.0,0.0,0.0,0.0,0.0,0.034571968,0.0,0.0,0.0,0.0,0.0,0.0,0.0,0.0,0.0,0.0,0.0,0.034571968,0.0,0.0,0.0,0.0,0.0,0.0,0.0,0.0,0.0,0.0,0.0,0.0,0.0,0.0,0.0,0.0,0.0,0.0,0.0,0.0,0.0,0.0,0.0,0.0,0.0,0.0,0.0
8.3766985,0.26907018,2.161442,1.0,0.053814035,0.94618595,0.21525614,0.053814035,1.0,0.053814035,0.10762807,0.053814035,0.053814035,0.0,0.10762807,0.053814035,0.10762807,0.0,0.053814035,0.053814035,0.0,0.1614421,0.0,0.0,0.94618595,0.10762807,0.0,0.0,0.053814035,0.0,0.10762807,0.053814035,0.0,0.0,0.053814035,0.0,0.0,0.053814035,0.0,0.0,0.0,0.053814035,0.0,0.0,0.053814035,0.0,0.053814035,0.0,0.0,0.0,0.0,0.0,0.0,0.0,0.0,0.0,0.0,0.0,0.0,0.0,0.0,0.0,0.0,0.0,0.0,0.0,0.0,0.0,0.053814035,0.0,0.0,0.053814035,0.0,0.053814035,0.0,0.0,0.0,0.0,0.053814035,0.0,0.0,0.053814035,0.0,0.0,0.0,0.0,0.0,0.0,0.0,0.0,0.0,0.0,0.0,0.0,0.0,0.0,0.053814035,0.0,0.0,0.0,0.0,0.0,0.0,0.0,0.0,0.0,0.0,0.0,0.0,0.0,0.0,0.0,0.0,0.0,0.0,0.0,0.053814035,0.0,0.0,0.0,0.0,0.0,0.0,0.0,0.0,0.0,0.0,0.0,0.053814035,0.0,0.0,0.0,0.0,0.0,0.0,0.0,0.0,0.0,0.0,0.0,0.0,0.0,0.0,0.0,0.0,0.0,0.0,0.0,0.0,0.0,0.0,0.0,0.0,0.0,0.0,0.0
8.521953,0.37282312,2.2236938,1.0,0.07456462,0.92543536,0.29825848,0.07456462,1.0,0.07456462,0.14912924,0.07456462,0.07456462,0.0,0.14912924,0.07456462,0.14912924,0.0,0.07456462,0.07456462,0.0,0.22369388,0.0,0.0,0.92543536,0.14912924,0.0,0.0,0.07456462,0.0,0.14912924,0.07456462,0.0,0.0,0.07456462,0.0,0.0,0.07456462,0.0,0.0,0.0,0.07456462,0.0,0.0,0.07456462,0.0,0.07456462,0.0,0.0,0.0,0.0,0.0,0.0,0.0,0.0,0.0,0.0,0.0,0.0,0.0,0.0,0.0,0.0,0.0,0.0,0.0,0.0,0.0,0.07456462,0.0,0.0,0.07456462,0.0,0.07456462,0.0,0.0,0.0,0.0,0.07456462,0.0,0.0,0.07456462,0.0,0.0,0.0,0.0,0.0,0.0,0.0,0.0,0.0,0.0,0.0,0.0,0.0,0.0,0.07456462,0.0,0.0,0.0,0.0,0.0,0.0,0.0,0.0,0.0,0.0,0.0,0.0,0.0,0.0,0.0,0.0,0.0,0.0,0.0,0.07456462,0.0,0.0,0.0,0.0,0.0,0.0,0.0,0.0,0.0,0.0,0.0,0.07456462,0.0,0.0,0.0,0.0,0.0,0.0,0.0,0.0,0.0,0.0,0.0,0.0,0.0,0.0,0.0,0.0,0.0,0.0,0.0,0.0,0.0,0.0,0.0,0.0,0.0,0.0,0.0
10.636364,4.090909,3.090909,1.0909091,2.090909,2.090909,3.0,2.090909,0.0,0.09090909,0.18181819,1.0,0.0,2.090909,0.09090909,0.09090909,0.09090909,0.09090909,0.0,0.0,0.09090909,3.0,0.0,0.09090909,0.0,2.0,0.09090909,0.0,1.0,0.09090909,0.0,0.0,0.0,0.0,1.0,0.0,0.09090909,0.0,0.0,0.0,0.0,1.0,0.09090909,0.09090909,1.0,0.90909094,1.0,1.0,0.0,0.0,0.0,0.0,0.0,0.0,0.0,1.8181819,1.0,0.0,0.18181819,0.0,0.0,0.0,0.0,0.0,0.0,0.0,0.09090909,0.0,1.0,0.0,0.0,1.0,0.0,1.0,0.0,0.0,0.0,0.90909094,1.0,0.0,0.0,0.0,0.0,0.0,0.0,0.0,0.0,0.0,0.0,0.0,0.0,0.0,0.0,0.18181819,0.0,0.0,0.0,0.0,0.0,0.0,0.0,0.0,0.0,0.18181819,0.0,0.18181819,0.0,0.0,0.0,0.18181819,0.0,0.0,0.0,0.0,0.0,0.0,0.0,0.0,0.0,0.0,0.0,0.0,0.0,0.0,0.0,0.90909094,0.18181819,0.0,0.0,0.0,0.0,0.0,0.0,0.0,0.18181819,0.0,0.90909094,0.0,0.0,0.0,0.0,0.90909094,0.0,0.0,0.90909094,0.0,0.0,0.0,0.0,0.0,0.0,0.0,0.0,0.0,0.0,0.0
10.913043,4.130435,3.1304348,1.1304348,2.1304348,2.1304348,3.0,2.1304348,0.0,0.13043478,0.26086956,1.0,0.0,2.1304348,0.13043478,0.13043478,0.13043478,0.13043478,0.0,0.0,0.13043478,3.0,0.0,0.13043478,0.0,2.0,0.13043478,0.0,1.0,0.13043478,0.0,0.0,0.0,0.0,1.0,0.0,0.13043478,0.0,0.0,0.0,0.0,1.0,0.13043478,0.13043478,1.0,0.8695652,1.0,1.0,0.0,0.0,0.0,0.0,0.0,0.0,0.0,1.7391304,1.0,0.0,0.26086956,0.0,0.0,0.0,0.0,0.0,0.0,0.0,0.13043478,0.0,1.0,0.0,0.0,1.0,0.0,1.0,0.0,0.0,0.0,0.8695652,1.0,0.0,0.0,0.0,0.0,0.0,0.0,0.0,0.0,0.0,0.0,0.0,0.0,0.0,0.0,0.26086956,0.0,0.0,0.0,0.0,0.0,0.0,0.0,0.0,0.0,0.26086956,0.0,0.26086956,0.0,0.0,0.0,0.26086956,0.0,0.0,0.0,0.0,0.0,0.0,0.0,0.0,0.0,0.0,0.0,0.0,0.0,0.0,0.0,0.8695652,0.26086956,0.0,0.0,0.0,0.0,0.0,0.0,0.0,0.26086956,0.0,0.8695652,0.0,0.0,0.0,0.0,0.8695652,0.0,0.0,0.8695652,0.0,0.0,0.0,0.0,0.0,0.0,0.0,0.0,0.0,0.0,0.0
11.166667,4.1666665,3.1666667,1.1666666,2.1666667,2.1666667,3.0,2.1666667,0.0,0.16666667,0.33333334,1.0,0.0,2.1666667,0.16666667,0.16666667,0.16666667,0.16666667,0.0,0.0,0.16666667,3.0,0.0,0.16666667,0.0,2.0,0.16666667,0.0,1.0,0.16666667,0.0,0.0,0.0,0.0,1.0,0.0,0.16666667,0.0,0.0,0.0,0.0,1.0,0.16666667,0.16666667,1.0,0.8333333,1.0,1.0,0.0,0.0,0.0,0.0,0.0,0.0,0.0,1.6666666,1.0,0.0,0.33333334,0.0,0.0,0.0,0.0,0.0,0.0,0.0,0.16666667,0.0,1.0,0.0,0.0,1.0,0.0,1.0,0.0,0.0,0.0,0.8333333,1.0,0.0,0.0,0.0,0.0,0.0,0.0,0.0,0.0,0.0,0.0,0.0,0.0,0.0,0.0,0.33333334,0.0,0.0,0.0,0.0,0.0,0.0,0.0,0.0,0.0,0.33333334,0.0,0.33333334,0.0,0.0,0.0,0.33333334,0.0,0.0,0.0,0.0,0.0,0.0,0.0,0.0,0.0,0.0,0.0,0.0,0.0,0.0,0.0,0.8333333,0.33333334,0.0,0.0,0.0,0.0,0.0,0.0,0.0,0.33333334,0.0,0.8333333,0.0,0.0,0.0,0.0,0.8333333,0.0,0.0,0.8333333,0.0,0.0,0.0,0.0,0.0,0.0,0.0,0.0,0.0,0.0,0.0
10.333333,4.047619,3.047619,1.0476191,2.047619,2.047619,3.0,2.047619,0.0,0.04761905,0.0952381,1.0,0.0,2.047619,0.04761905,0.04761905,0.04761905,0.04761905,0.0,0.0,0.04761905,3.0,0.0,0.04761905,0.0,2.0,0.04761905,0.0,1.0,0.04761905,0.0,0.0,0.0,0.0,1.0,0.0,0.04761905,0.0,0.0,0.0,0.0,1.0,0.04761905,0.04761905,1.0,0.95238096,1.0,1.0,0.0,0.0,0.0,0.0,0.0,0.0,0.0,1.9047619,1.0,0.0,0.0952381,0.0,0.0,0.0,0.0,0.0,0.0,0.0,0.04761905,0.0,1.0,0.0,0.0,1.0,0.0,1.0,0.0,0.0,0.0,0.95238096,1.0,0.0,0.0,0.0,0.0,0.0,0.0,0.0,0.0,0.0,0.0,0.0,0.0,0.0,0.0,0.0952381,0.0,0.0,0.0,0.0,0.0,0.0,0.0,0.0,0.0,0.0952381,0.0,0.0952381,0.0,0.0,0.0,0.0952381,0.0,0.0,0.0,0.0,0.0,0.0,0.0,0.0,0.0,0.0,0.0,0.0,0.0,0.0,0.0,0.95238096,0.0952381,0.0,0.0,0.0,0.0,0.0,0.0,0.0,0.0952381,0.0,0.95238096,0.0,0.0,0.0,0.0,0.95238096,0.0,0.0,0.95238096,0.0,0.0,0.0,0.0,0.0,0.0,0.0,0.0,0.0,0.0,0.0
10.727273,4.090909,3.1818182,1.0909091,2.090909,2.1818182,3.0,2.090909,0.0,0.18181819,0.18181819,1.0,0.0,2.090909,0.09090909,0.09090909,0.09090909,0.09090909,0.0,0.0,0.09090909,3.0,0.0,0.09090909,0.0,2.0,0.09090909,0.0,1.0,0.09090909,0.0,0.0,0.0,0.0,1.0,0.0,0.09090909,0.0,0.0,0.0,0.0,1.0,0.09090909,0.09090909,1.0,1.0,1.0,1.0,0.0,0.0,0.0,0.0,0.0,0.0,0.0,1.9090909,1.0,0.0,0.18181819,0.0,0.0,0.0,0.0,0.0,0.0,0.0,0.09090909,0.0,1.0,0.0,0.0,1.0,0.0,1.0,0.0,0.0,0.0,0.90909094,1.0,0.0,0.0,0.0,0.0,0.0,0.0,0.0,0.0,0.0,0.0,0.0,0.0,0.0,0.0,0.18181819,0.0,0.0,0.0,0.0,0.0,0.0,0.09090909,0.0,0.09090909,0.18181819,0.0,0.18181819,0.0,0.0,0.0,0.18181819,0.0,0.0,0.0,0.0,0.0,0.0,0.0,0.0,0.09090909,0.09090909,0.0,0.0,0.0,0.0,0.0,0.90909094,0.18181819,0.0,0.0,0.0,0.0,0.0,0.0,0.0,0.18181819,0.0,0.90909094,0.0,0.0,0.0,0.0,0.90909094,0.0,0.0,0.90909094,0.0,0.0,0.0,0.0,0.0,0.0,0.0,0.0,0.0,0.0,0.0
10.380953,4.047619,3.0952382,1.0476191,2.047619,2.0952382,3.0,2.047619,0.0,0.0952381,0.0952381,1.0,0.0,2.047619,0.04761905,0.04761905,0.04761905,0.04761905,0.0,0.0,0.04761905,3.0,0.0,0.04761905,0.0,2.0,0.04761905,0.0,1.0,0.04761905,0.0,0.0,0.0,0.0,1.0,0.0,0.04761905,0.0,0.0,0.0,0.0,1.0,0.04761905,0.04761905,1.0,1.0,1.0,1.0,0.0,0.0,0.0,0.0,0.0,0.0,0.0,1.9523809,1.0,0.0,0.0952381,0.0,0.0,0.0,0.0,0.0,0.0,0.0,0.04761905,0.0,1.0,0.0,0.0,1.0,0.0,1.0,0.0,0.0,0.0,0.95238096,1.0,0.0,0.0,0.0,0.0,0.0,0.0,0.0,0.0,0.0,0.0,0.0,0.0,0.0,0.0,0.0952381,0.0,0.0,0.0,0.0,0.0,0.0,0.04761905,0.0,0.04761905,0.0952381,0.0,0.0952381,0.0,0.0,0.0,0.0952381,0.0,0.0,0.0,0.0,0.0,0.0,0.0,0.0,0.04761905,0.04761905,0.0,0.0,0.0,0.0,0.0,0.95238096,0.0952381,0.0,0.0,0.0,0.0,0.0,0.0,0.0,0.0952381,0.0,0.95238096,0.0,0.0,0.0,0.0,0.95238096,0.0,0.0,0.95238096,0.0,0.0,0.0,0.0,0.0,0.0,0.0,0.0,0.0,0.0,0.0
10.592592,4.0740743,3.148148,1.074074,2.074074,2.148148,3.0,2.074074,0.0,0.14814815,0.14814815,1.0,0.0,2.074074,0.074074075,0.074074075,0.074074075,0.074074075,0.0,0.0,0.074074075,3.0,0.0,0.074074075,0.0,2.0,0.074074075,0.0,1.0,0.074074075,0.0,0.0,0.0,0.0,1.0,0.0,0.074074075,0.0,0.0,0.0,0.0,1.0,0.074074075,0.074074075,1.0,1.0,1.0,1.0,0.0,0.0,0.0,0.0,0.0,0.0,0.0,1.925926,1.0,0.0,0.14814815,0.0,0.0,0.0,0.0,0.0,0.0,0.0,0.074074075,0.0,1.0,0.0,0.0,1.0,0.0,1.0,0.0,0.0,0.0,0.9259259,1.0,0.0,0.0,0.0,0.0,0.0,0.0,0.0,0.0,0.0,0.0,0.0,0.0,0.0,0.0,0.14814815,0.0,0.0,0.0,0.0,0.0,0.0,0.074074075,0.0,0.074074075,0.14814815,0.0,0.14814815,0.0,0.0,0.0,0.14814815,0.0,0.0,0.0,0.0,0.0,0.0,0.0,0.0,0.074074075,0.074074075,0.0,0.0,0.0,0.0,0.0,0.9259259,0.14814815,0.0,0.0,0.0,0.0,0.0,0.0,0.0,0.14814815,0.0,0.9259259,0.0,0.0,0.0,0.0,0.9259259,0.0,0.0,0.9259259,0.0,0.0,0.0,0.0,0.0,0.0,0.0,0.0,0.0,0.0,0.0
10.636364,4.090909,3.090909,1.0909091,2.090909,2.090909,3.0,2.090909,0.0,0.09090909,0.18181819,1.0,0.0,2.090909,0.09090909,0.09090909,0.09090909,0.09090909,0.0,0.0,0.09090909,3.0,0.0,0.09090909,0.0,2.0,0.09090909,0.0,1.0,0.09090909,0.0,0.0,0.0,0.0,1.0,0.0,0.09090909,0.0,0.0,0.0,0.0,1.0,0.0,0.09090909,1.0,1.0,1.0,1.0,0.0,0.0,0.0,0.0,0.0,0.0,0.0,2.0,1.0,0.0,0.0,0.0,0.0,0.0,0.0,0.0,0.0,0.0,0.0,0.0,1.0,0.0,0.0,1.0,0.0,1.0,0.0,0.0,0.0,1.0,1.0,0.0,0.0,0.0,0.0,0.0,0.0,0.09090909,0.0,0.0,0.0,0.0,0.0,0.0,0.0,0.0,0.0,0.0,0.0,0.0,0.0,0.0,0.09090909,0.09090909,0.09090909,0.0,0.0,0.0,0.0,0.0,0.0,0.0,0.0,0.09090909,0.09090909,0.0,0.09090909,0.0,0.0,0.0,0.09090909,0.09090909,0.0,0.09090909,0.0,0.09090909,0.0,0.90909094,0.0,0.0,0.0,0.0,0.0,0.0,0.0,0.0,0.0,0.0,0.90909094,0.0,0.09090909,0.0,0.09090909,0.90909094,0.0,0.0,0.90909094,0.0,0.0,0.0,0.0,0.0,0.0,0.0,0.0,0.0,0.0,0.0
10.913043,4.130435,3.1304348,1.1304348,2.1304348,2.1304348,3.0,2.1304348,0.0,0.13043478,0.26086956,1.0,0.0,2.1304348,0.13043478,0.13043478,0.13043478,0.13043478,0.0,0.0,0.13043478,3.0,0.0,0.13043478,0.0,2.0,0.13043478,0.0,1.0,0.13043478,0.0,0.0,0.0,0.0,1.0,0.0,0.13043478,0.0,0.0,0.0,0.0,1.0,0.0,0.13043478,1.0,1.0,1.0,1.0,0.0,0.0,0.0,0.0,0.0,0.0,0.0,2.0,1.0,0.0,0.0,0.0,0.0,0.0,0.0,0.0,0.0,0.0,0.0,0.0,1.0,0.0,0.0,1.0,0.0,1.0,0.0,0.0,0.0,1.0,1.0,0.0,0.0,0.0,0.0,0.0,0.0,0.13043478,0.0,0.0,0.0,0.0,0.0,0.0,0.0,0.0,0.0,0.0,0.0,0.0,0.0,0.0,0.13043478,0.13043478,0.13043478,0.0,0.0,0.0,0.0,0.0,0.0,0.0,0.0,0.13043478,0.13043478,0.0,0.13043478,0.0,0.0,0.0,0.13043478,0.13043478,0.0,0.13043478,0.0,0.13043478,0.0,0.8695652,0.0,0.0,0.0,0.0,0.0,0.0,0.0,0.0,0.0,0.0,0.8695652,0.0,0.13043478,0.0,0.13043478,0.8695652,0.0,0.0,0.8695652,0.0,0.0,0.0,0.0,0.0,0.0,0.0,0.0,0.0,0.0,0.0
11.166667,4.1666665,3.1666667,1.1666666,2.1666667,2.1666667,3.0,2.1666667,0.0,0.16666667,0.33333334,1.0,0.0,2.1666667,0.16666667,0.16666667,0.16666667,0.16666667,0.0,0.0,0.16666667,3.0,0.0,0.16666667,0.0,2.0,0.16666667,0.0,1.0,0.16666667,0.0,0.0,0.0,0.0,1.0,0.0,0.16666667,0.0,0.0,0.0,0.0,1.0,0.0,0.16666667,1.0,1.0,1.0,1.0,0.0,0.0,0.0,0.0,0.0,0.0,0.0,2.0,1.0,0.0,0.0,0.0,0.0,0.0,0.0,0.0,0.0,0.0,0.0,0.0,1.0,0.0,0.0,1.0,0.0,1.0,0.0,0.0,0.0,1.0,1.0,0.0,0.0,0.0,0.0,0.0,0.0,0.16666667,0.0,0.0,0.0,0.0,0.0,0.0,0.0,0.0,0.0,0.0,0.0,0.0,0.0,0.0,0.16666667,0.16666667,0.16666667,0.0,0.0,0.0,0.0,0.0,0.0,0.0,0.0,0.16666667,0.16666667,0.0,0.16666667,0.0,0.0,0.0,0.16666667,0.16666667,0.0,0.16666667,0.0,0.16666667,0.0,0.8333333,0.0,0.0,0.0,0.0,0.0,0.0,0.0,0.0,0.0,0.0,0.8333333,0.0,0.16666667,0.0,0.16666667,0.8333333,0.0,0.0,0.8333333,0.0,0.0,0.0,0.0,0.0,0.0,0.0,0.0,0.0,0.0,0.0
10.333333,4.047619,3.047619,1.0476191,2.047619,2.047619,3.0,2.047619,0.0,0.04761905,0.0952381,1.0,0.0,2.047619,0.04761905,0.04761905,0.04761905,0.04761905,0.0,0.0,0.04761905,3.0,0.0,0.04761905,0.0,2.0,0.04761905,0.0,1.0,0.04761905,0.0,0.0,0.0,0.0,1.0,0.0,0.04761905,0.0,0.0,0.0,0.0,1.0,0.0,0.04761905,1.0,1.0,1.0,1.0,0.0,0.0,0.0,0.0,0.0,0.0,0.0,2.0,1.0,0.0,0.0,0.0,0.0,0.0,0.0,0.0,0.0,0.0,0.0,0.0,1.0,0.0,0.0,1.0,0.0,1.0,0.0,0.0,0.0,1.0,1.0,0.0,0.0,0.0,0.0,0.0,0.0,0.04761905,0.0,0.0,0.0,0.0,0.0,0.0,0.0,0.0,0.0,0.0,0.0,0.0,0.0,0.0,0.04761905,0.04761905,0.04761905,0.0,0.0,0.0,0.0,0.0,0.0,0.0,0.0,0.04761905,0.04761905,0.0,0.04761905,0.0,0.0,0.0,0.04761905,0.04761905,0.0,0.04761905,0.0,0.04761905,0.0,0.95238096,0.0,0.0,0.0,0.0,0.0,0.0,0.0,0.0,0.0,0.0,0.95238096,0.0,0.04761905,0.0,0.04761905,0.95238096,0.0,0.0,0.95238096,0.0,0.0,0.0,0.0,0.0,0.0,0.0,0.0,0.0,0.0,0.0
11.454545,4.181818,3.3636363,1.1818181,2.1818182,2.3636363,3.0,2.1818182,0.0,0.09090909,0.27272728,1.0,0.0,2.1818182,0.18181819,0.27272728,0.36363637,0.09090909,0.0,0.0,0.18181819,3.0,0.0,0.18181819,0.0,2.0,0.18181819,0.0,1.0,0.18181819,0.0,0.0,0.0,0.0,1.0,0.0,0.36363637,0.09090909,0.0,0.0,0.18181819,1.0,0.18181819,0.18181819,1.0,1.0,1.0,1.0,0.09090909,0.0,0.18181819,0.0,0.0,0.09090909,0.0,1.9090909,1.0,0.0,0.27272728,0.0,0.0,0.09090909,0.0,0.0,0.0,0.18181819,0.09090909,0.0,1.0,0.0,0.18181819,1.0,0.0,1.0,0.18181819,0.09090909,0.0,0.90909094,1.0,0.18181819,0.09090909,0.0,0.0,0.09090909,0.0,0.0,0.0,0.18181819,0.0,0.0,0.0,0.09090909,0.0,0.18181819,0.0,0.0,0.0,0.0,0.0,0.0,0.09090909,0.0,0.09090909,0.36363637,0.09090909,0.36363637,0.0,0.0,0.09090909,0.18181819,0.0,0.0,0.0,0.09090909,0.0,0.0,0.0,0.0,0.09090909,0.09090909,0.09090909,0.0,0.09090909,0.0,0.0,0.90909094,0.36363637,0.0,0.0,0.0,0.0,0.09090909,0.0,0.0,0.18181819,0.0,0.90909094,0.0,0.0,0.0,0.0,0.90909094,0.0,0.0,0.90909094,0.0,0.0,0.0,0.0,0.0,0.0,0.0,0.0,0.0,0.0,0.0
12.666667,4.3333335,3.6666667,1.3333334,2.3333333,2.6666667,3.0,2.3333333,0.0,0.16666667,0.5,1.0,0.0,2.3333333,0.33333334,0.5,0.6666667,0.16666667,0.0,0.0,0.33333334,3.0,0.0,0.33333334,0.0,2.0,0.33333334,0.0,1.0,0.33333334,0.0,0.0,0.0,0.0,1.0,0.0,0.6666667,0.16666667,0.0,0.0,0.33333334,1.0,0.33333334,0.33333334,1.0,1.0,1.0,1.0,0.16666667,0.0,0.33333334,0.0,0.0,0.16666667,0.0,1.8333334,1.0,0.0,0.5,0.0,0.0,0.16666667,0.0,0.0,0.0,0.33333334,0.16666667,0.0,1.0,0.0,0.33333334,1.0,0.0,1.0,0.33333334,0.16666667,0.0,0.8333333,1.0,0.33333334,0.16666667,0.0,0.0,0.16666667,0.0,0.0,0.0,0.33333334,0.0,0.0,0.0,0.16666667,0.0,0.33333334,0.0,0.0,0.0,0.0,0.0,0.0,0.16666667,0.0,0.16666667,0.6666667,0.16666667,0.6666667,0.0,0.0,0.16666667,0.33333334,0.0,0.0,0.0,0.16666667,0.0,0.0,0.0,0.0,0.16666667,0.16666667,0.16666667,0.0,0.16666667,0.0,0.0,0.8333333,0.6666667,0.0,0.0,0.0,0.0,0.16666667,0.0,0.0,0.33333334,0.0,0.8333333,0.0,0.0,0.0,0.0,0.8333333,0.0,0.0,0.8333333,0.0,0.0,0.0,0.0,0.0,0.0,0.0,0.0,0.0,0.0,0.0
10.761905,4.095238,3.1904762,1.0952381,2.0952382,2.1904762,3.0,2.0952382,0.0,0.04761905,0.14285715,1.0,0.0,2.0952382,0.0952381,0.14285715,0.1904762,0.04761905,0.0,0.0,0.0952381,3.0,0.0,0.0952381,0.0,2.0,0.0952381,0.0,1.0,0.0952381,0.0,0.0,0.0,0.0,1.0,0.0,0.1904762,0.04761905,0.0,0.0,0.0952381,1.0,0.0952381,0.0952381,1.0,1.0,1.0,1.0,0.04761905,0.0,0.0952381,0.0,0.0,0.04761905,0.0,1.9523809,1.0,0.0,0.14285715,0.0,0.0,0.04761905,0.0,0.0,0.0,0.0952381,0.04761905,0.0,1.0,0.0,0.0952381,1.0,0.0,1.0,0.0952381,0.04761905,0.0,0.95238096,1.0,0.0952381,0.04761905,0.0,0.0,0.04761905,0.0,0.0,0.0,0.0952381,0.0,0.0,0.0,0.04761905,0.0,0.0952381,0.0,0.0,0.0,0.0,0.0,0.0,0.04761905,0.0,0.04761905,0.1904762,0.04761905,0.1904762,0.0,0.0,0.04761905,0.0952381,0.0,0.0,0.0,0.04761905,0.0,0.0,0.0,0.0,0.04761905,0.04761905,0.04761905,0.0,0.04761905,0.0,0.0,0.95238096,0.1904762,0.0,0.0,0.0,0.0,0.04761905,0.0,0.0,0.0952381,0.0,0.95238096,0.0,0.0,0.0,0.0,0.95238096,0.0,0.0,0.95238096,0.0,0.0,0.0,0.0,0.0,0.0,0.0,0.0,0.0,0.0,0.0
12.454545,4.181818,4.3636365,1.1818181,2.1818182,2.3636363,3.0,2.1818182,1.0,0.09090909,0.27272728,1.0,0.0,2.1818182,0.18181819,0.27272728,0.36363637,0.09090909,0.0,0.0,0.18181819,3.0,0.0,0.18181819,0.0,2.0,0.18181819,0.0,1.0,0.18181819,0.0,0.0,0.0,0.0,1.0,0.0,0.36363637,0.09090909,0.0,0.0,0.18181819,1.0,0.18181819,0.18181819,1.0,1.0,1.0,1.0,0.09090909,0.0,0.18181819,0.0,0.0,0.09090909,0.0,1.9090909,1.0,0.0,0.27272728,0.0,0.0,0.09090909,0.0,0.0,0.0,0.18181819,0.09090909,0.0,0.0,0.0,0.18181819,0.0,0.0,0.0,0.18181819,0.09090909,0.0,0.90909094,0.0,0.18181819,0.09090909,2.0,0.0,0.09090909,0.0,0.0,0.0,0.18181819,0.0,0.0,0.0,0.09090909,0.0,0.18181819,0.0,0.0,1.0,0.0,0.0,0.0,0.09090909,0.0,0.09090909,0.36363637,0.09090909,0.36363637,0.0,0.0,0.09090909,0.18181819,0.0,0.0,0.0,0.09090909,0.0,0.0,1.0,0.0,0.09090909,0.09090909,0.09090909,0.0,0.09090909,0.0,0.0,0.90909094,0.36363637,0.0,0.0,0.0,0.0,0.09090909,0.0,0.0,0.18181819,0.0,0.90909094,0.0,0.0,0.0,0.0,0.90909094,0.0,0.0,0.0,0.0,0.0,0.0,0.0,0.0,0.0,0.0,0.0,0.0,1.0,0.0
13.666667,4.3333335,4.6666665,1.3333334,2.3333333,2.6666667,3.0,2.3333333,1.0,0.16666667,0.5,1.0,0.0,2.3333333,0.33333334,0.5,0.6666667,0.16666667,0.0,0.0,0.33333334,3.0,0.0,0.33333334,0.0,2.0,0.33333334,0.0,1.0,0.33333334,0.0,0.0,0.0,0.0,1.0,0.0,0.6666667,0.16666667,0.0,0.0,0.33333334,1.0,0.33333334,0.33333334,1.0,1.0,1.0,1.0,0.16666667,0.0,0.33333334,0.0,0.0,0.16666667,0.0,1.8333334,1.0,0.0,0.5,0.0,0.0,0.16666667,0.0,0.0,0.0,0.33333334,0.16666667,0.0,0.0,0.0,0.33333334,0.0,0.0,0.0,0.33333334,0.16666667,0.0,0.8333333,0.0,0.33333334,0.16666667,2.0,0.0,0.16666667,0.0,0.0,0.0,0.33333334,0.0,0.0,0.0,0.16666667,0.0,0.33333334,0.0,0.0,1.0,0.0,0.0,0.0,0.16666667,0.0,0.16666667,0.6666667,0.16666667,0.6666667,0.0,0.0,0.16666667,0.33333334,0.0,0.0,0.0,0.16666667,0.0,0.0,1.0,0.0,0.16666667,0.16666667,0.16666667,0.0,0.16666667,0.0,0.0,0.8333333,0.6666667,0.0,0.0,0.0,0.0,0.16666667,0.0,0.0,0.33333334,0.0,0.8333333,0.0,0.0,0.0,0.0,0.8333333,0.0,0.0,0.0,0.0,0.0,0.0,0.0,0.0,0.0,0.0,0.0,0.0,1.0,0.0
11.761905,4.095238,4.1904764,1.0952381,2.0952382,2.1904762,3.0,2.0952382,1.0,0.04761905,0.14285715,1.0,0.0,2.0952382,0.0952381,0.14285715,0.1904762,0.04761905,0.0,0.0,0.0952381,3.0,0.0,0.0952381,0.0,2.0,0.0952381,0.0,1.0,0.0952381,0.0,0.0,0.0,0.0,1.0,0.0,0.1904762,0.04761905,0.0,0.0,0.0952381,1.0,0.0952381,0.0952381,1.0,1.0,1.0,1.0,0.04761905,0.0,0.0952381,0.0,0.0,0.04761905,0.0,1.9523809,1.0,0.0,0.14285715,0.0,0.0,0.04761905,0.0,0.0,0.0,0.0952381,0.04761905,0.0,0.0,0.0,0.0952381,0.0,0.0,0.0,0.0952381,0.04761905,0.0,0.95238096,0.0,0.0952381,0.04761905,2.0,0.0,0.04761905,0.0,0.0,0.0,0.0952381,0.0,0.0,0.0,0.04761905,0.0,0.0952381,0.0,0.0,1.0,0.0,0.0,0.0,0.04761905,0.0,0.04761905,0.1904762,0.04761905,0.1904762,0.0,0.0,0.04761905,0.0952381,0.0,0.0,0.0,0.04761905,0.0,0.0,1.0,0.0,0.04761905,0.04761905,0.04761905,0.0,0.04761905,0.0,0.0,0.95238096,0.1904762,0.0,0.0,0.0,0.0,0.04761905,0.0,0.0,0.0952381,0.0,0.95238096,0.0,0.0,0.0,0.0,0.95238096,0.0,0.0,0.0,0.0,0.0,0.0,0.0,0.0,0.0,0.0,0.0,0.0,1.0,0.0
6.5544553,1.0792079,5.039604,0.089108914,1.009901,0.05940594,0.03960396,1.009901,4.0,1.029703,1.0594059,0.0,0.03960396,0.0,1.019802,0.02970297,0.02970297,0.03960396,0.02970297,0.02970297,0.00990099,0.0,0.0,0.02970297,0.0,0.0,0.02970297,0.01980198,0.0,0.01980198,0.03960396,1.009901,0.04950495,0.0,0.0,3.0,0.0,0.0,0.04950495,0.0,0.0,0.0,0.0,0.01980198,0.0,0.0,0.0,0.0,0.0,1.0,0.0,2.0,0.0,0.0,0.01980198,0.0,0.0,0.0,0.0,0.0,0.00990099,0.0,0.01980198,1.009901,0.01980198,0.0,0.0,1.0,0.0,0.0,0.0,0.0,0.00990099,0.0,0.0,0.0,1.0,0.0,0.0,0.0,0.0,0.0,0.01980198,0.0,0.00990099,0.0,0.0,0.0,0.0,0.0,0.0,0.0,0.00990099,0.0,0.0,0.0,0.0,0.0,0.0,1.009901,0.0,0.0,0.0,0.0,0.0,0.0,0.0,0.0,0.0,0.0,0.0,0.0,0.0,0.0,0.0,1.009901,0.0,0.0,0.0,0.0,0.0,0.0,0.0,0.0,0.0,0.0,0.0,0.0,0.0,0.0,0.0,0.0,0.0,0.0,0.0,0.0,0.0,0.0,0.0,0.0,0.0,0.0,0.0,0.0,0.0,0.0,0.01980198,0.0,0.0,0.0,0.0,0.0,0.0,0.0,0.0,0.0
7.098039,1.1568627,5.0784316,0.1764706,1.0196079,0.11764706,0.078431375,1.0196079,4.0,1.0588236,1.117647,0.0,0.078431375,0.0,1.0392157,0.05882353,0.05882353,0.078431375,0.05882353,0.05882353,0.019607844,0.0,0.0,0.05882353,0.0,0.0,0.05882353,0.039215688,0.0,0.039215688,0.078431375,1.0196079,0.09803922,0.0,0.0,3.0,0.0,0.0,0.09803922,0.0,0.0,0.0,0.0,0.039215688,0.0,0.0,0.0,0.0,0.0,1.0,0.0,2.0,0.0,0.0,0.039215688,0.0,0.0,0.0,0.0,0.0,0.019607844,0.0,0.039215688,1.0196079,0.039215688,0.0,0.0,1.0,0.0,0.0,0.0,0.0,0.019607844,0.0,0.0,0.0,1.0,0.0,0.0,0.0,0.0,0.0,0.039215688,0.0,0.019607844,0.0,0.0,0.0,0.0,0.0,0.0,0.0,0.019607844,0.0,0.0,0.0,0.0,0.0,0.0,1.0196079,0.0,0.0,0.0,0.0,0.0,0.0,0.0,0.0,0.0,0.0,0.0,0.0,0.0,0.0,0.0,1.0196079,0.0,0.0,0.0,0.0,0.0,0.0,0.0,0.0,0.0,0.0,0.0,0.0,0.0,0.0,0.0,0.0,0.0,0.0,0.0,0.0,0.0,0.0,0.0,0.0,0.0,0.0,0.0,0.0,0.0,0.0,0.039215688,0.0,0.0,0.0,0.0,0.0,0.0,0.0,0.0,0.0
6.19802,1.029703,5.019802,0.02970297,1.019802,0.01980198,0.0,1.019802,4.0,1.009901,1.019802,0.0,0.0,0.01980198,1.009901,0.00990099,0.01980198,0.00990099,0.00990099,0.00990099,0.00990099,0.0,0.0,0.0,0.0,0.0,0.0,0.0,0.0,0.00990099,0.0,1.0,0.01980198,0.0,0.0,3.0,0.00990099,0.00990099,0.01980198,0.0,0.00990099,0.0,0.00990099,0.0,0.0,0.0,0.0,0.0,0.0,1.0,0.0,2.0,0.0,0.0,0.01980198,0.0,0.0,0.0,0.01980198,0.0,0.00990099,0.0,0.00990099,1.0,0.01980198,0.0,0.00990099,1.0,0.0,0.0,0.00990099,0.0,0.0,0.0,0.00990099,0.00990099,1.0,0.0,0.0,0.0,0.0,0.0,0.0,0.0,0.00990099,0.0,0.0,0.0,0.00990099,0.00990099,0.00990099,0.0,0.0,0.01980198,0.00990099,0.0,0.0,0.00990099,0.0,1.0,0.0,0.0,0.0,0.0,0.0,0.0,0.0,0.0,0.0,0.01980198,0.0,0.0,0.0,0.0,0.0,1.0,0.0,0.0,0.0,0.0,0.0,0.0,0.0,0.0,0.0,0.0,0.0,0.0,0.0,0.00990099,0.0,0.0,0.0,0.0,0.01980198,0.0,0.0,0.0,0.0,0.0,0.0,0.0,0.0,0.0,0.0,0.0,0.0,0.0,0.0,0.0,0.0,0.0,0.0,0.0,0.0,0.0
11.571428,4.047619,4.0,1.0952381,2.0,2.0,3.0,2.0,1.0,0.0,0.0,1.0,0.0,2.0,0.0,0.0,0.0,0.0,0.04761905,0.04761905,0.0,3.0,0.0,0.0,0.0,2.0,0.0,0.0,1.0,0.0,0.0,0.0,0.14285715,0.0,1.0,0.0,0.0,0.0,0.14285715,0.0,0.0,1.0,0.0,0.0,1.0,0.95238096,1.0,1.0,0.0,0.0,0.0,0.0,0.0,0.0,0.2857143,1.9047619,1.0,0.0,0.0,0.0,0.0,0.0,0.14285715,0.0,0.2857143,0.0,0.0,0.0,0.0,0.0,0.0,0.0,0.0,0.0,0.0,0.0,0.0,0.95238096,0.0,0.0,0.0,2.0,0.0,0.0,0.0,0.0,0.0,0.0,0.0,0.0,0.0,0.0,0.0,0.0,0.0,0.0,1.0,0.0,0.0,0.0,0.0,0.0,0.0,0.0,0.0,0.0,0.0,0.0,0.0,0.0,0.0,0.0,0.0,0.0,0.0,0.0,1.0,0.0,0.0,0.0,0.0,0.0,0.0,0.0,0.0,0.95238096,0.0,0.0,0.0,0.0,0.0,0.0,0.0,0.0,0.0,0.0,0.95238096,0.0,0.0,0.0,0.0,0.95238096,0.0,0.0,0.0,0.0,0.0,0.0,0.0,0.0,0.0,0.0,0.0,0.0,1.0,0.0
12.090909,4.090909,4.0,1.1818181,2.0,2.0,3.0,2.0,1.0,0.0,0.0,1.0,0.0,2.0,0.0,0.0,0.0,0.0,0.09090909,0.09090909,0.0,3.0,0.0,0.0,0.0,2.0,0.0,0.0,1.0,0.0,0.0,0.0,0.27272728,0.0,1.0,0.0,0.0,0.0,0.27272728,0.0,0.0,1.0,0.0,0.0,1.0,0.90909094,1.0,1.0,0.0,0.0,0.0,0.0,0.0,0.0,0.54545456,1.8181819,1.0,0.0,0.0,0.0,0.0,0.0,0.27272728,0.0,0.54545456,0.0,0.0,0.0,0.0,0.0,0.0,0.0,0.0,0.0,0.0,0.0,0.0,0.90909094,0.0,0.0,0.0,2.0,0.0,0.0,0.0,0.0,0.0,0.0,0.0,0.0,0.0,0.0,0.0,0.0,0.0,0.0,1.0,0.0,0.0,0.0,0.0,0.0,0.0,0.0,0.0,0.0,0.0,0.0,0.0,0.0,0.0,0.0,0.0,0.0,0.0,0.0,1.0,0.0,0.0,0.0,0.0,0.0,0.0,0.0,0.0,0.90909094,0.0,0.0,0.0,0.0,0.0,0.0,0.0,0.0,0.0,0.0,0.90909094,0.0,0.0,0.0,0.0,0.90909094,0.0,0.0,0.0,0.0,0.0,0.0,0.0,0.0,0.0,0.0,0.0,0.0,1.0,0.0
11.380953,4.095238,4.095238,1.0476191,2.0,2.0,3.047619,2.0,1.1428572,0.0,0.0,1.0,0.04761905,1.9047619,0.0,0.0,0.0,0.0,0.04761905,0.04761905,0.0,3.0,0.0,0.0,0.0,2.0,0.0,0.0,1.0,0.0,0.04761905,0.1904762,0.0952381,0.04761905,1.0,0.0,0.0,0.0,0.0952381,0.0,0.0,1.0,0.0,0.0,1.0,0.95238096,1.0,0.95238096,0.0,0.0,0.0,0.0,0.0,0.0,0.04761905,1.9047619,0.95238096,0.0,0.0,0.0,0.0,0.0,0.04761905,0.0,0.04761905,0.0,0.0,0.0,0.0,0.0,0.0,0.0,0.0,0.0,0.0,0.0,0.0,0.95238096,0.0,0.0,0.0,2.0952382,0.04761905,0.0,0.0,0.0,0.0,0.0,0.0,0.0,0.0,0.0,0.0,0.0,0.0,0.0,1.0952381,0.0,0.0,0.0,0.0,0.0,0.0,0.0,0.0,0.0,0.0,0.0952381,0.0,0.0,0.0,0.0,0.0,0.0,0.0,0.0,1.0952381,0.0,0.0,0.0,0.0,0.0,0.0,0.0,0.0,0.95238096,0.0,0.0,0.0952381,0.0,0.0,0.0,0.0,0.0,0.0,0.0,0.95238096,0.0,0.0,0.0,0.0,0.95238096,0.0,0.0,0.0,0.0,0.04761905,0.0,0.0,0.0,0.0,0.0,0.0,0.0,0.95238096,0.0
11.727273,4.181818,4.181818,1.0909091,2.0,2.0,3.090909,2.0,1.2727273,0.0,0.0,1.0,0.09090909,1.8181819,0.0,0.0,0.0,0.0,0.09090909,0.09090909,0.0,3.0,0.0,0.0,0.0,2.0,0.0,0.0,1.0,0.0,0.09090909,0.36363637,0.18181819,0.09090909,1.0,0.0,0.0,0.0,0.18181819,0.0,0.0,1.0,0.0,0.0,1.0,0.90909094,1.0,0.90909094,0.0,0.0,0.0,0.0,0.0,0.0,0.09090909,1.8181819,0.90909094,0.0,0.0,0.0,0.0,0.0,0.09090909,0.0,0.09090909,0.0,0.0,0.0,0.0,0.0,0.0,0.0,0.0,0.0,0.0,0.0,0.0,0.90909094,0.0,0.0,0.0,2.1818182,0.09090909,0.0,0.0,0.0,0.0,0.0,0.0,0.0,0.0,0.0,0.0,0.0,0.0,0.0,1.1818181,0.0,0.0,0.0,0.0,0.0,0.0,0.0,0.0,0.0,0.0,0.18181819,0.0,0.0,0.0,0.0,0.0,0.0,0.0,0.0,1.1818181,0.0,0.0,0.0,0.0,0.0,0.0,0.0,0.0,0.90909094,0.0,0.0,0.18181819,0.0,0.0,0.0,0.0,0.0,0.0,0.0,0.90909094,0.0,0.0,0.0,0.0,0.90909094,0.0,0.0,0.0,0.0,0.09090909,0.0,0.0,0.0,0.0,0.0,0.0,0.0,0.90909094,0.0
6.392157,1.0588236,5.0392156,0.05882353,1.0392157,0.039215688,0.0,1.0392157,4.0,1.0196079,1.0392157,0.0,0.0,0.039215688,1.0196079,0.019607844,0.039215688,0.019607844,0.019607844,0.019607844,0.019607844,0.0,0.0,0.0,0.0,0.0,0.0,0.0,0.0,0.019607844,0.0,1.0,0.039215688,0.0,0.0,3.0,0.019607844,0.019607844,0.039215688,0.0,0.019607844,0.0,0.019607844,0.0,0.0,0.0,0.0,0.0,0.0,1.0,0.0,2.0,0.0,0.0,0.039215688,0.0,0.0,0.0,0.039215688,0.0,0.019607844,0.0,0.019607844,1.0,0.039215688,0.0,0.019607844,1.0,0.0,0.0,0.019607844,0.0,0.0,0.0,0.019607844,0.019607844,1.0,0.0,0.0,0.0,0.0,0.0,0.0,0.0,0.019607844,0.0,0.0,0.0,0.019607844,0.019607844,0.019607844,0.0,0.0,0.039215688,0.019607844,0.0,0.0,0.019607844,0.0,1.0,0.0,0.0,0.0,0.0,0.0,0.0,0.0,0.0,0.0,0.039215688,0.0,0.0,0.0,0.0,0.0,1.0,0.0,0.0,0.0,0.0,0.0,0.0,0.0,0.0,0.0,0.0,0.0,0.0,0.0,0.019607844,0.0,0.0,0.0,0.0,0.039215688,0.0,0.0,0.0,0.0,0.0,0.0,0.0,0.0,0.0,0.0,0.0,0.0,0.0,0.0,0.0,0.0,0.0,0.0,0.0,0.0,0.0
6.5825243,1.0582525,5.0582523,0.08737864,1.0291262,0.058252428,0.0,1.0291262,4.0,1.0582525,1.0873786,0.0,0.0,0.058252428,1.0582525,0.029126214,0.058252428,0.029126214,0.029126214,0.029126214,0.029126214,0.0,0.0,0.0,0.0,0.0,0.0,0.0,0.0,0.029126214,0.0,0.9708738,0.058252428,0.0,0.0,3.0,0.029126214,0.029126214,0.058252428,0.0,0.029126214,0.0,0.029126214,0.0,0.0,0.0,0.0,0.0,0.0,1.0291262,0.0,2.0,0.0,0.0,0.058252428,0.0,0.0,0.0,0.058252428,0.0,0.029126214,0.0,0.029126214,0.9708738,0.058252428,0.0,0.029126214,1.0,0.0,0.0,0.029126214,0.0,0.0,0.0,0.029126214,0.029126214,1.0291262,0.0,0.0,0.0,0.0,0.0,0.0,0.0,0.029126214,0.0,0.0,0.0,0.029126214,0.029126214,0.029126214,0.0,0.0,0.058252428,0.029126214,0.0,0.0,0.029126214,0.0,0.9708738,0.0,0.0,0.0,0.0,0.0,0.0,0.0,0.0,0.0,0.058252428,0.0,0.0,0.0,0.0,0.0,0.9708738,0.0,0.0,0.0,0.0,0.0,0.0,0.0,0.0,0.0,0.0,0.0,0.0,0.0,0.029126214,0.0,0.0,0.0,0.0,0.058252428,0.0,0.0,0.0,0.0,0.0,0.0,0.0,0.0,0.0,0.0,0.0,0.0,0.0,0.0,0.0,0.0,0.0,0.0,0.0,0.0,0.0
6.5825243,1.0873786,5.0582523,0.08737864,1.0582525,0.058252428,0.0,1.0582525,4.0,1.0291262,1.0582525,0.0,0.0,0.058252428,1.0291262,0.029126214,0.058252428,0.029126214,0.029126214,0.029126214,0.029126214,0.0,0.0,0.0,0.0,0.0,0.0,0.0,0.0,0.029126214,0.0,1.0,0.058252428,0.0,0.0,3.0,0.029126214,0.029126214,0.058252428,0.0,0.029126214,0.0,0.029126214,0.0,0.0,0.0,0.0,0.0,0.0,1.0,0.0,2.0,0.0,0.0,0.058252428,0.0,0.0,0.0,0.058252428,0.0,0.029126214,0.0,0.029126214,1.0,0.058252428,0.0,0.029126214,1.0,0.0,0.0,0.029126214,0.0,0.0,0.0,0.029126214,0.029126214,1.0,0.0,0.0,0.0,0.0,0.0,0.0,0.0,0.029126214,0.0,0.0,0.0,0.029126214,0.029126214,0.029126214,0.0,0.0,0.058252428,0.029126214,0.0,0.0,0.029126214,0.0,1.0,0.0,0.0,0.0,0.0,0.0,0.0,0.0,0.0,0.0,0.058252428,0.0,0.0,0.0,0.0,0.0,1.0,0.0,0.0,0.0,0.0,0.0,0.0,0.0,0.0,0.0,0.0,0.0,0.0,0.0,0.029126214,0.0,0.0,0.0,0.0,0.058252428,0.0,0.0,0.0,0.0,0.0,0.0,0.0,0.0,0.0,0.0,0.0,0.0,0.0,0.0,0.0,0.0,0.0,0.0,0.0,0.0,0.0
7.4545455,1.3636364,5.3636365,0.18181819,1.2727273,0.36363637,0.09090909,1.2727273,4.0,1.1818181,1.4545455,0.0,0.09090909,0.36363637,1.3636364,0.36363637,0.54545456,0.09090909,0.0,0.0,0.27272728,0.0,0.0,0.18181819,0.0,0.0,0.18181819,0.0,0.0,0.27272728,0.0,0.90909094,0.0,0.0,0.0,3.0,0.45454547,0.18181819,0.0,0.0,0.27272728,0.0,0.09090909,0.18181819,0.0,0.09090909,0.0,0.0,0.09090909,1.0909091,0.18181819,2.0,0.0,0.09090909,0.0,0.18181819,0.0,0.0,0.18181819,0.0,0.09090909,0.09090909,0.0,0.90909094,0.0,0.18181819,0.09090909,1.0,0.0,0.0,0.18181819,0.0,0.0,0.0,0.18181819,0.09090909,1.0909091,0.09090909,0.0,0.18181819,0.09090909,0.0,0.0,0.09090909,0.09090909,0.09090909,0.0,0.18181819,0.18181819,0.18181819,0.09090909,0.09090909,0.0,0.0,0.09090909,0.0,0.0,0.09090909,0.0,0.90909094,0.09090909,0.18181819,0.09090909,0.0,0.09090909,0.0,0.0,0.0,0.09090909,0.0,0.0,0.18181819,0.18181819,0.09090909,0.18181819,0.90909094,0.0,0.0,0.09090909,0.09090909,0.09090909,0.09090909,0.09090909,0.18181819,0.0,0.0,0.0,0.0,0.0,0.09090909,0.0,0.09090909,0.0,0.0,0.0,0.0,0.0,0.0,0.18181819,0.0,0.18181819,0.0,0.0,0.0,0.0,0.0,0.0,0.0,0.0,0.0,0.0,0.0,0.0,0.0,0.0,0.0
8.666667,1.6666666,5.6666665,0.33333334,1.5,0.6666667,0.16666667,1.5,4.0,1.3333334,1.8333334,0.0,0.16666667,0.6666667,1.6666666,0.6666667,1.0,0.16666667,0.0,0.0,0.5,0.0,0.0,0.33333334,0.0,0.0,0.33333334,0.0,0.0,0.5,0.0,0.8333333,0.0,0.0,0.0,3.0,0.8333333,0.33333334,0.0,0.0,0.5,0.0,0.16666667,0.33333334,0.0,0.16666667,0.0,0.0,0.16666667,1.1666666,0.33333334,2.0,0.0,0.16666667,0.0,0.33333334,0.0,0.0,0.33333334,0.0,0.16666667,0.16666667,0.0,0.8333333,0.0,0.33333334,0.16666667,1.0,0.0,0.0,0.33333334,0.0,0.0,0.0,0.33333334,0.16666667,1.1666666,0.16666667,0.0,0.33333334,0.16666667,0.0,0.0,0.16666667,0.16666667,0.16666667,0.0,0.33333334,0.33333334,0.33333334,0.16666667,0.16666667,0.0,0.0,0.16666667,0.0,0.0,0.16666667,0.0,0.8333333,0.16666667,0.33333334,0.16666667,0.0,0.16666667,0.0,0.0,0.0,0.16666667,0.0,0.0,0.33333334,0.33333334,0.16666667,0.33333334,0.8333333,0.0,0.0,0.16666667,0.16666667,0.16666667,0.16666667,0.16666667,0.33333334,0.0,0.0,0.0,0.0,0.0,0.16666667,0.0,0.16666667,0.0,0.0,0.0,0.0,0.0,0.0,0.33333334,0.0,0.33333334,0.0,0.0,0.0,0.0,0.0,0.0,0.0,0.0,0.0,0.0,0.0,0.0,0.0,0.0,0.0
6.3168316,1.039604,5.019802,0.04950495,1.009901,0.01980198,0.01980198,1.009901,4.0,1.029703,1.039604,0.0,0.01980198,0.0,1.0,0.00990099,0.00990099,0.03960396,0.00990099,0.00990099,0.00990099,0.0,0.0,0.00990099,0.0,0.0,0.00990099,0.01980198,0.0,0.0,0.01980198,1.009901,0.00990099,0.0,0.0,3.0,0.0,0.0,0.00990099,0.0,0.0,0.0,0.0,0.0,0.0,0.0,0.0,0.0,0.0,1.0,0.0,2.0,0.0,0.0,0.0,0.0,0.0,0.0,0.0,0.0,0.00990099,0.0,0.0,1.009901,0.0,0.0,0.0,1.0,0.0,0.0,0.0,0.0,0.00990099,0.0,0.0,0.0,1.0,0.0,0.0,0.0,0.0,0.0,0.0,0.0,0.00990099,0.0,0.0,0.0,0.0,0.0,0.0,0.0,0.00990099,0.0,0.0,0.0,0.0,0.0,0.0,1.009901,0.0,0.0,0.0,0.0,0.0,0.0,0.0,0.0,0.0,0.0,0.0,0.0,0.0,0.0,0.0,1.009901,0.0,0.0,0.0,0.0,0.0,0.0,0.0,0.0,0.0,0.0,0.0,0.0,0.0,0.0,0.0,0.0,0.0,0.0,0.0,0.0,0.0,0.0,0.0,0.0,0.0,0.0,0.0,0.0,0.0,0.0,0.0,0.0,0.0,0.0,0.0,0.0,0.0,0.0,0.0,0.0
6.627451,1.0784314,5.0392156,0.09803922,1.0196079,0.039215688,0.039215688,1.0196079,4.0,1.0588236,1.0784314,0.0,0.039215688,0.0,1.0,0.019607844,0.019607844,0.078431375,0.019607844,0.019607844,0.019607844,0.0,0.0,0.019607844,0.0,0.0,0.019607844,0.039215688,0.0,0.0,0.039215688,1.0196079,0.019607844,0.0,0.0,3.0,0.0,0.0,0.019607844,0.0,0.0,0.0,0.0,0.0,0.0,0.0,0.0,0.0,0.0,1.0,0.0,2.0,0.0,0.0,0.0,0.0,0.0,0.0,0.0,0.0,0.019607844,0.0,0.0,1.0196079,0.0,0.0,0.0,1.0,0.0,0.0,0.0,0.0,0.019607844,0.0,0.0,0.0,1.0,0.0,0.0,0.0,0.0,0.0,0.0,0.0,0.019607844,0.0,0.0,0.0,0.0,0.0,0.0,0.0,0.019607844,0.0,0.0,0.0,0.0,0.0,0.0,1.0196079,0.0,0.0,0.0,0.0,0.0,0.0,0.0,0.0,0.0,0.0,0.0,0.0,0.0,0.0,0.0,1.0196079,0.0,0.0,0.0,0.0,0.0,0.0,0.0,0.0,0.0,0.0,0.0,0.0,0.0,0.0,0.0,0.0,0.0,0.0,0.0,0.0,0.0,0.0,0.0,0.0,0.0,0.0,0.0,0.0,0.0,0.0,0.0,0.0,0.0,0.0,0.0,0.0,0.0,0.0,0.0,0.0
6.932039,1.1165049,5.0582523,0.14563107,1.0291262,0.058252428,0.058252428,1.0291262,4.0,1.0873786,1.1165049,0.0,0.058252428,0.0,1.0,0.029126214,0.029126214,0.116504855,0.029126214,0.029126214,0.029126214,0.0,0.0,0.029126214,0.0,0.0,0.029126214,0.058252428,0.0,0.0,0.058252428,1.0291262,0.029126214,0.0,0.0,3.0,0.0,0.0,0.029126214,0.0,0.0,0.0,0.0,0.0,0.0,0.0,0.0,0.0,0.0,1.0,0.0,2.0,0.0,0.0,0.0,0.0,0.0,0.0,0.0,0.0,0.029126214,0.0,0.0,1.0291262,0.0,0.0,0.0,1.0,0.0,0.0,0.0,0.0,0.029126214,0.0,0.0,0.0,1.0,0.0,0.0,0.0,0.0,0.0,0.0,0.0,0.029126214,0.0,0.0,0.0,0.0,0.0,0.0,0.0,0.029126214,0.0,0.0,0.0,0.0,0.0,0.0,1.0291262,0.0,0.0,0.0,0.0,0.0,0.0,0.0,0.0,0.0,0.0,0.0,0.0,0.0,0.0,0.0,1.0291262,0.0,0.0,0.0,0.0,0.0,0.0,0.0,0.0,0.0,0.0,0.0,0.0,0.0,0.0,0.0,0.0,0.0,0.0,0.0,0.0,0.0,0.0,0.0,0.0,0.0,0.0,0.0,0.0,0.0,0.0,0.0,0.0,0.0,0.0,0.0,0.0,0.0,0.0,0.0,0.0
20.0,2.0692167,17.37705,0.06921666,2.0,0.0,0.0,2.0,15.446267,2.5537333,3.1384332,0.0,0.0,0.0,2.8615668,1.0,1.9307834,0.0,0.06921666,0.06921666,1.0,0.0,0.0,0.0,0.0,0.0,0.0,0.0,0.0,0.0,0.0,2.0,0.06921666,0.0,0.0,13.515483,0.0,0.93078333,0.06921666,0.0,0.93078333,0.0,0.0,0.0,0.0,0.0,0.0,0.0,0.0,2.8615668,0.0,11.5847,0.0,0.0,0.0,0.0,0.0,0.0,0.0,0.0,1.9307834,0.0,0.0,2.0,0.0,0.0,0.0,9.653916,0.0,0.0,0.0,0.0,1.0,0.0,0.0,0.0,2.8615668,0.0,0.0,0.0,0.0,0.0,0.0,0.0,1.9307834,0.0,0.0,0.0,0.0,0.0,0.0,0.0,0.0,0.0,0.93078333,0.0,0.0,0.93078333,0.0,2.0,0.0,0.0,0.0,0.0,0.0,0.0,0.0,0.0,0.0,0.0,0.0,0.0,0.0,0.0,0.0,2.0,0.0,0.0,0.0,0.0,0.0,0.0,0.0,0.0,0.0,0.0,0.0,0.0,0.0,0.0,0.0,0.0,0.0,0.0,0.0,0.0,0.0,0.0,0.0,0.0,0.0,0.0,0.0,0.0,0.0,0.0,0.0,0.0,0.0,0.0,0.0,0.0,0.0,0.0,0.0,0.0
20.0,2.1386456,16.75219,0.13864559,2.0,0.0,0.0,2.0,14.890836,3.1091647,3.277291,0.0,0.0,0.0,2.722709,1.0,1.8613545,0.0,0.13864559,0.13864559,1.0,0.0,0.0,0.0,0.0,0.0,0.0,0.0,0.0,0.0,0.0,2.0,0.13864559,0.0,0.0,13.029481,0.0,0.8613544,0.13864559,0.0,0.8613544,0.0,0.0,0.0,0.0,0.0,0.0,0.0,0.0,2.722709,0.0,11.168126,0.0,0.0,0.0,0.0,0.0,0.0,0.0,0.0,1.8613545,0.0,0.0,2.0,0.0,0.0,0.0,9.306772,0.0,0.0,0.0,0.0,1.0,0.0,0.0,0.0,2.722709,0.0,0.0,0.0,0.0,0.0,0.0,0.0,1.8613545,0.0,0.0,0.0,0.0,0.0,0.0,0.0,0.0,0.0,0.8613544,0.0,0.0,0.8613544,0.0,2.0,0.0,0.0,0.0,0.0,0.0,0.0,0.0,0.0,0.0,0.0,0.0,0.0,0.0,0.0,0.0,2.0,0.0,0.0,0.0,0.0,0.0,0.0,0.0,0.0,0.0,0.0,0.0,0.0,0.0,0.0,0.0,0.0,0.0,0.0,0.0,0.0,0.0,0.0,0.0,0.0,0.0,0.0,0.0,0.0,0.0,0.0,0.0,0.0,0.0,0.0,0.0,0.0,0.0,0.0,0.0,0.0
20.252987,2.0316234,18.015812,0.03162326,2.0,0.03162326,0.06324652,2.0,16.015812,2.0632465,3.0474348,0.03162326,0.03162326,0.03162326,3.1106813,1.0316232,2.126493,0.0,0.0,0.0,1.0,0.0,0.03162326,0.0,0.0,0.0,0.0,0.03162326,0.0,0.01581163,0.0,1.9683768,0.0,0.03162326,0.0,13.984188,0.01581163,1.1423047,0.0,0.0,1.0,0.0,0.0,0.0,0.0,0.0,0.0,0.0,0.0,3.0316234,0.0,11.984188,0.0,0.0,0.0,0.0,0.0,0.03162326,0.0,0.0,2.0474348,0.0,0.0,1.9683768,0.0,0.0,0.0,9.984188,0.0,0.0,0.0,0.0,0.9841884,0.0,0.0,0.0,3.0632465,0.0,0.0,0.0,0.0,0.0,0.0,0.0,2.0632465,0.0,0.0,0.0,0.0,0.0,0.0,0.0,0.0,0.0,1.0,0.0,0.0,1.0,0.03162326,1.9683768,0.0,0.0,0.0,0.0,0.0,0.0,0.0,0.0,0.0,0.0,0.0,0.0,0.0,0.0,0.0,1.9683768,0.0,0.03162326,0.0,0.0,0.0,0.0,0.0,0.0,0.0,0.0,0.0,0.0,0.0,0.01581163,0.0,0.0,0.0,0.0,0.0,0.0,0.0,0.0,0.0,0.0,0.0,0.0,0.0,0.0,0.0,0.0,0.0,0.0,0.0,0.0,0.0,0.0,0.0,0.0,0.0,0.0
10.123936,4.0,3.0,1.0,1.8760641,1.7521281,3.0,1.8760641,0.12393591,0.0,0.0,1.0,0.0,1.7521281,0.0,0.0,0.0,0.0,0.12393591,0.12393591,0.0,3.0,0.0,0.0,0.0,2.0,0.0,0.0,1.0,0.0,0.0,0.12393591,0.24787182,0.0,1.0,0.0,0.0,0.0,0.24787182,0.0,0.0,1.0,0.0,0.0,1.0,0.87606406,1.0,0.87606406,0.0,0.0,0.0,0.0,0.0,0.0,0.12393591,1.7521281,0.87606406,0.0,0.0,0.0,0.0,0.0,0.12393591,0.0,0.12393591,0.0,0.0,0.0,1.0,0.0,0.0,1.0,0.0,1.0,0.0,0.0,0.0,0.87606406,1.0,0.0,0.0,0.12393591,0.0,0.0,0.0,0.0,0.0,0.0,0.0,0.0,0.0,0.0,0.0,0.0,0.0,0.0,0.12393591,0.0,0.0,0.0,0.0,0.0,0.0,0.0,0.0,0.0,0.0,0.0,0.0,0.0,0.0,0.0,0.0,0.0,0.0,0.0,0.12393591,0.0,0.0,0.0,0.0,0.0,0.0,0.0,0.0,0.87606406,0.0,0.0,0.12393591,0.0,0.0,0.0,0.0,0.0,0.0,0.0,0.87606406,0.0,0.0,0.0,0.0,0.87606406,0.0,0.0,0.87606406,0.0,0.12393591,0.0,0.0,0.0,0.0,0.0,0.0,0.0,0.0,0.0
20.50924,2.063655,18.031828,0.063654885,2.0,0.063654885,0.12730977,2.0,16.031828,2.1273098,3.0954823,0.063654885,0.063654885,0.063654885,3.2227921,1.0636549,2.2546196,0.0,0.0,0.0,1.0,0.0,0.063654885,0.0,0.0,0.0,0.0,0.063654885,0.0,0.031827442,0.0,1.9363451,0.0,0.063654885,0.0,13.968173,0.031827442,1.286447,0.0,0.0,1.0,0.0,0.0,0.0,0.0,0.0,0.0,0.0,0.0,3.063655,0.0,11.968173,0.0,0.0,0.0,0.0,0.0,0.063654885,0.0,0.0,2.0954823,0.0,0.0,1.9363451,0.0,0.0,0.0,9.968173,0.0,0.0,0.0,0.0,0.96817255,0.0,0.0,0.0,3.1273098,0.0,0.0,0.0,0.0,0.0,0.0,0.0,2.1273098,0.0,0.0,0.0,0.0,0.0,0.0,0.0,0.0,0.0,1.0,0.0,0.0,1.0,0.063654885,1.9363451,0.0,0.0,0.0,0.0,0.0,0.0,0.0,0.0,0.0,0.0,0.0,0.0,0.0,0.0,0.0,1.9363451,0.0,0.063654885,0.0,0.0,0.0,0.0,0.0,0.0,0.0,0.0,0.0,0.0,0.0,0.031827442,0.0,0.0,0.0,0.0,0.0,0.0,0.0,0.0,0.0,0.0,0.0,0.0,0.0,0.0,0.0,0.0,0.0,0.0,0.0,0.0,0.0,0.0,0.0,0.0,0.0,0.0
20.171131,2.0,18.085566,0.0,2.0,0.0,0.0,2.0,16.085566,2.1197913,3.1369042,0.0,0.0,0.0,3.1711304,1.0684521,2.1711304,0.0,0.0,0.0,1.0,0.0,0.0,0.0,0.0,0.0,0.0,0.0,0.0,0.0,0.0,2.0,0.0,0.034226075,0.0,14.017113,0.0,1.1540173,0.0,0.0,1.0,0.0,0.0,0.0,0.0,0.0,0.0,0.0,0.0,3.1026783,0.0,11.982887,0.0,0.0,0.0,0.0,0.0,0.0,0.0,0.0,2.1026783,0.0,0.0,2.0,0.0,0.0,0.0,9.982887,0.0,0.0,0.0,0.0,1.0,0.0,0.0,0.0,3.1369042,0.0,0.0,0.0,0.0,0.0,0.0,0.0,2.1197913,0.0,0.0,0.0,0.0,0.0,0.0,0.0,0.0,0.0,1.0,0.0,0.0,1.0,0.034226075,2.0,0.0,0.0,0.0,0.0,0.0,0.0,0.0,0.0,0.0,0.0,0.0,0.0,0.0,0.0,0.0,2.0,0.0,0.0,0.0,0.0,0.0,0.0,0.0,0.0,0.0,0.0,0.0,0.0,0.0,0.0,0.0,0.0,0.0,0.0,0.0,0.0,0.0,0.0,0.0,0.0,0.0,0.0,0.0,0.0,0.0,0.0,0.0,0.0,0.0,0.0,0.0,0.0,0.0,0.0,0.0,0.0
20.349457,2.0,18.174728,0.0,2.0,0.0,0.0,2.0,16.174728,2.24462,3.2795658,0.0,0.0,0.0,3.3494573,1.1397829,2.3494573,0.0,0.0,0.0,1.0,0.0,0.0,0.0,0.0,0.0,0.0,0.0,0.0,0.0,0.0,2.0,0.0,0.06989144,0.0,14.0349455,0.0,1.3145114,0.0,0.0,1.0,0.0,0.0,0.0,0.0,0.0,0.0,0.0,0.0,3.2096744,0.0,11.9650545,0.0,0.0,0.0,0.0,0.0,0.0,0.0,0.0,2.2096744,0.0,0.0,2.0,0.0,0.0,0.0,9.9650545,0.0,0.0,0.0,0.0,1.0,0.0,0.0,0.0,3.2795658,0.0,0.0,0.0,0.0,0.0,0.0,0.0,2.24462,0.0,0.0,0.0,0.0,0.0,0.0,0.0,0.0,0.0,1.0,0.0,0.0,1.0,0.06989144,2.0,0.0,0.0,0.0,0.0,0.0,0.0,0.0,0.0,0.0,0.0,0.0,0.0,0.0,0.0,0.0,2.0,0.0,0.0,0.0,0.0,0.0,0.0,0.0,0.0,0.0,0.0,0.0,0.0,0.0,0.0,0.0,0.0,0.0,0.0,0.0,0.0,0.0,0.0,0.0,0.0,0.0,0.0,0.0,0.0,0.0,0.0,0.0,0.0,0.0,0.0,0.0,0.0,0.0,0.0,0.0,0.0
8.7,0.25,2.2,1.05,0.05,0.95,0.2,0.05,1.1,0.1,0.25,0.05,0.05,0.0,0.2,0.2,0.3,0.05,0.05,0.05,0.0,0.15,0.0,0.1,0.95,0.1,0.1,0.0,0.05,0.0,0.1,0.1,0.0,0.05,0.05,0.0,0.0,0.1,0.0,0.0,0.0,0.05,0.0,0.0,0.05,0.0,0.05,0.0,0.05,0.0,0.1,0.0,0.0,0.0,0.0,0.0,0.0,0.0,0.0,0.0,0.0,0.05,0.0,0.0,0.0,0.0,0.0,0.0,0.05,0.0,0.0,0.05,0.0,0.05,0.0,0.0,0.0,0.0,0.05,0.0,0.0,0.1,0.0,0.0,0.0,0.0,0.0,0.0,0.0,0.0,0.0,0.05,0.0,0.0,0.0,0.0,0.1,0.0,0.0,0.0,0.0,0.0,0.0,0.0,0.0,0.0,0.0,0.05,0.0,0.0,0.0,0.0,0.0,0.0,0.0,0.0,0.1,0.0,0.0,0.0,0.0,0.0,0.0,0.0,0.0,0.0,0.0,0.0,0.1,0.0,0.0,0.0,0.0,0.1,0.0,0.0,0.0,0.0,0.0,0.0,0.0,0.0,0.0,0.0,0.0,0.0,0.0,0.0,0.0,0.0,0.0,0.0,0.0,0.0,0.0,0.0
9.4,0.5,2.4,1.1,0.1,0.9,0.4,0.1,1.2,0.2,0.5,0.1,0.1,0.0,0.4,0.4,0.6,0.1,0.1,0.1,0.0,0.3,0.0,0.2,0.9,0.2,0.2,0.0,0.1,0.0,0.2,0.2,0.0,0.1,0.1,0.0,0.0,0.2,0.0,0.0,0.0,0.1,0.0,0.0,0.1,0.0,0.1,0.0,0.1,0.0,0.2,0.0,0.0,0.0,0.0,0.0,0.0,0.0,0.0,0.0,0.0,0.1,0.0,0.0,0.0,0.0,0.0,0.0,0.1,0.0,0.0,0.1,0.0,0.1,0.0,0.0,0.0,0.0,0.1,0.0,0.0,0.2,0.0,0.0,0.0,0.0,0.0,0.0,0.0,0.0,0.0,0.1,0.0,0.0,0.0,0.0,0.2,0.0,0.0,0.0,0.0,0.0,0.0,0.0,0.0,0.0,0.0,0.1,0.0,0.0,0.0,0.0,0.0,0.0,0.0,0.0,0.2,0.0,0.0,0.0,0.0,0.0,0.0,0.0,0.0,0.0,0.0,0.0,0.2,0.0,0.0,0.0,0.0,0.2,0.0,0.0,0.0,0.0,0.0,0.0,0.0,0.0,0.0,0.0,0.0,0.0,0.0,0.0,0.0,0.0,0.0,0.0,0.0,0.0,0.0,0.0
10.1,0.75,2.6,1.15,0.15,0.85,0.6,0.15,1.3,0.3,0.75,0.15,0.15,0.0,0.6,0.6,0.9,0.15,0.15,0.15,0.0,0.45,0.0,0.3,0.85,0.3,0.3,0.0,0.15,0.0,0.3,0.3,0.0,0.15,0.15,0.0,0.0,0.3,0.0,0.0,0.0,0.15,0.0,0.0,0.15,0.0,0.15,0.0,0.15,0.0,0.3,0.0,0.0,0.0,0.0,0.0,0.0,0.0,0.0,0.0,0.0,0.15,0.0,0.0,0.0,0.0,0.0,0.0,0.15,0.0,0.0,0.15,0.0,0.15,0.0,0.0,0.0,0.0,0.15,0.0,0.0,0.3,0.0,0.0,0.0,0.0,0.0,0.0,0.0,0.0,0.0,0.15,0.0,0.0,0.0,0.0,0.3,0.0,0.0,0.0,0.0,0.0,0.0,0.0,0.0,0.0,0.0,0.15,0.0,0.0,0.0,0.0,0.0,0.0,0.0,0.0,0.3,0.0,0.0,0.0,0.0,0.0,0.0,0.0,0.0,0.0,0.0,0.0,0.3,0.0,0.0,0.0,0.0,0.3,0.0,0.0,0.0,0.0,0.0,0.0,0.0,0.0,0.0,0.0,0.0,0.0,0.0,0.0,0.0,0.0,0.0,0.0,0.0,0.0,0.0,0.0
10.8,1.0,2.8,1.2,0.2,0.8,0.8,0.2,1.4,0.4,1.0,0.2,0.2,0.0,0.8,0.8,1.2,0.2,0.2,0.2,0.0,0.6,0.0,0.4,0.8,0.4,0.4,0.0,0.2,0.0,0.4,0.4,0.0,0.2,0.2,0.0,0.0,0.4,0.0,0.0,0.0,0.2,0.0,0.0,0.2,0.0,0.2,0.0,0.2,0.0,0.4,0.0,0.0,0.0,0.0,0.0,0.0,0.0,0.0,0.0,0.0,0.2,0.0,0.0,0.0,0.0,0.0,0.0,0.2,0.0,0.0,0.2,0.0,0.2,0.0,0.0,0.0,0.0,0.2,0.0,0.0,0.4,0.0,0.0,0.0,0.0,0.0,0.0,0.0,0.0,0.0,0.2,0.0,0.0,0.0,0.0,0.4,0.0,0.0,0.0,0.0,0.0,0.0,0.0,0.0,0.0,0.0,0.2,0.0,0.0,0.0,0.0,0.0,0.0,0.0,0.0,0.4,0.0,0.0,0.0,0.0,0.0,0.0,0.0,0.0,0.0,0.0,0.0,0.4,0.0,0.0,0.0,0.0,0.4,0.0,0.0,0.0,0.0,0.0,0.0,0.0,0.0,0.0,0.0,0.0,0.0,0.0,0.0,0.0,0.0,0.0,0.0,0.0,0.0,0.0,0.0
20.546179,2.0,18.273088,0.0,2.0,0.0,0.0,2.0,16.273088,2.382325,3.4369428,0.0,0.0,0.0,3.5461786,1.2184714,2.5461786,0.0,0.0,0.0,1.0,0.0,0.0,0.0,0.0,0.0,0.0,0.0,0.0,0.0,0.0,2.0,0.0,0.10923571,0.0,14.054618,0.0,1.4915607,0.0,0.0,1.0,0.0,0.0,0.0,0.0,0.0,0.0,0.0,0.0,3.327707,0.0,11.945382,0.0,0.0,0.0,0.0,0.0,0.0,0.0,0.0,2.327707,0.0,0.0,2.0,0.0,0.0,0.0,9.945382,0.0,0.0,0.0,0.0,1.0,0.0,0.0,0.0,3.4369428,0.0,0.0,0.0,0.0,0.0,0.0,0.0,2.382325,0.0,0.0,0.0,0.0,0.0,0.0,0.0,0.0,0.0,1.0,0.0,0.0,1.0,0.10923571,2.0,0.0,0.0,0.0,0.0,0.0,0.0,0.0,0.0,0.0,0.0,0.0,0.0,0.0,0.0,0.0,2.0,0.0,0.0,0.0,0.0,0.0,0.0,0.0,0.0,0.0,0.0,0.0,0.0,0.0,0.0,0.0,0.0,0.0,0.0,0.0,0.0,0.0,0.0,0.0,0.0,0.0,0.0,0.0,0.0,0.0,0.0,0.0,0.0,0.0,0.0,0.0,0.0,0.0,0.0,0.0,0.0
6.0,1.0,5.0,0.0,1.0,0.0,0.0,1.0,4.0,1.0,1.0,0.0,0.0,0.0,1.0,0.0,0.0,0.0,0.0,0.0,0.0,0.0,0.0,0.0,0.0,0.0,0.0,0.0,0.0,0.0,0.0,1.0,0.0,0.0,0.0,3.0,0.0,0.0,0.0,0.0,0.0,0.0,0.0,0.0,0.0,0.0,0.0,0.0,0.0,1.0,0.0,2.0,0.0,0.0,0.0,0.0,0.0,0.0,0.0,0.0,0.0,0.0,0.0,1.0,0.0,0.0,0.0,1.0,0.0,0.0,0.0,0.0,0.0,0.0,0.0,0.0,1.0,0.0,0.0,0.0,0.0,0.0,0.0,0.0,0.0,0.0,0.0,0.0,0.0,0.0,0.0,0.0,0.0,0.0,0.0,0.0,0.0,0.0,0.0,1.0,0.0,0.0,0.0,0.0,0.0,0.0,0.0,0.0,0.0,0.0,0.0,0.0,0.0,0.0,0.0,1.0,0.0,0.0,0.0,0.0,0.0,0.0,0.0,0.0,0.0,0.0,0.0,0.0,0.0,0.0,0.0,0.0,0.0,0.0,0.0,0.0,0.0,0.0,0.0,0.0,0.0,0.0,0.0,0.0,0.0,0.0,0.0,0.0,0.0,0.0,0.0,0.0,0.0,0.0,0.0,0.0
12.815949,2.090661,9.818678,0.18132217,2.090661,0.27198327,0.0,2.090661,7.637356,2.090661,3.181322,0.0,0.0,0.27198327,3.090661,1.090661,2.090661,0.090661086,0.0,0.0,1.090661,0.0,0.0,0.090661086,0.0,0.0,0.090661086,0.0,0.0,0.18132217,0.0,1.8186778,0.0,0.0,0.0,5.728017,0.18132217,1.0,0.0,0.0,1.0,0.0,0.090661086,0.090661086,0.0,0.0,0.0,0.0,0.0,2.909339,0.0,3.818678,0.0,0.0,0.0,0.0,0.0,0.0,0.18132217,0.0,1.909339,0.0,0.0,1.8186778,0.0,0.0,0.090661086,1.909339,0.0,0.0,0.090661086,0.0,0.9093389,0.0,0.090661086,0.090661086,2.909339,0.0,0.0,0.0,0.0,0.0,0.0,0.0,1.909339,0.0,0.0,0.0,0.090661086,0.090661086,0.090661086,0.0,0.0,0.18132217,1.0,0.0,0.0,1.0,0.0,1.8186778,0.0,0.0,0.0,0.18132217,0.0,0.18132217,0.0,0.0,0.0,0.18132217,0.0,0.0,0.0,0.0,0.0,1.8186778,0.0,0.0,0.0,0.0,0.0,0.0,0.0,0.0,0.0,0.0,0.18132217,0.0,0.0,0.090661086,0.0,0.0,0.0,0.0,0.18132217,0.0,0.0,0.0,0.0,0.0,0.0,0.0,0.0,0.0,0.0,0.0,0.0,0.0,0.0,0.0,0.0,0.0,0.0,0.0,0.0,0.0
13.184787,2.1316428,9.736714,0.26328588,2.1316428,0.39492878,0.0,2.1316428,7.4734282,2.1316428,3.2632859,0.0,0.0,0.39492878,3.1316428,1.1316429,2.1316428,0.13164294,0.0,0.0,1.1316429,0.0,0.0,0.13164294,0.0,0.0,0.13164294,0.0,0.0,0.26328588,0.0,1.7367141,0.0,0.0,0.0,5.605071,0.26328588,1.0,0.0,0.0,1.0,0.0,0.13164294,0.13164294,0.0,0.0,0.0,0.0,0.0,2.8683572,0.0,3.7367141,0.0,0.0,0.0,0.0,0.0,0.0,0.26328588,0.0,1.8683571,0.0,0.0,1.7367141,0.0,0.0,0.13164294,1.8683571,0.0,0.0,0.13164294,0.0,0.86835706,0.0,0.13164294,0.13164294,2.8683572,0.0,0.0,0.0,0.0,0.0,0.0,0.0,1.8683571,0.0,0.0,0.0,0.13164294,0.13164294,0.13164294,0.0,0.0,0.26328588,1.0,0.0,0.0,1.0,0.0,1.7367141,0.0,0.0,0.0,0.26328588,0.0,0.26328588,0.0,0.0,0.0,0.26328588,0.0,0.0,0.0,0.0,0.0,1.7367141,0.0,0.0,0.0,0.0,0.0,0.0,0.0,0.0,0.0,0.0,0.26328588,0.0,0.0,0.13164294,0.0,0.0,0.0,0.0,0.26328588,0.0,0.0,0.0,0.0,0.0,0.0,0.0,0.0,0.0,0.0,0.0,0.0,0.0,0.0,0.0,0.0,0.0,0.0,0.0,0.0,0.0
13.5025,2.1669443,9.666111,0.3338887,2.1669443,0.50083303,0.0,2.1669443,7.3322225,2.1669443,3.3338888,0.0,0.0,0.50083303,3.1669443,1.1669444,2.1669443,0.16694435,0.0,0.0,1.1669444,0.0,0.0,0.16694435,0.0,0.0,0.16694435,0.0,0.0,0.3338887,0.0,1.6661114,0.0,0.0,0.0,5.499167,0.3338887,1.0,0.0,0.0,1.0,0.0,0.16694435,0.16694435,0.0,0.0,0.0,0.0,0.0,2.8330557,0.0,3.6661112,0.0,0.0,0.0,0.0,0.0,0.0,0.3338887,0.0,1.8330556,0.0,0.0,1.6661114,0.0,0.0,0.16694435,1.8330556,0.0,0.0,0.16694435,0.0,0.8330557,0.0,0.16694435,0.16694435,2.8330557,0.0,0.0,0.0,0.0,0.0,0.0,0.0,1.8330556,0.0,0.0,0.0,0.16694435,0.16694435,0.16694435,0.0,0.0,0.3338887,1.0,0.0,0.0,1.0,0.0,1.6661114,0.0,0.0,0.0,0.3338887,0.0,0.3338887,0.0,0.0,0.0,0.3338887,0.0,0.0,0.0,0.0,0.0,1.6661114,0.0,0.0,0.0,0.0,0.0,0.0,0.0,0.0,0.0,0.0,0.3338887,0.0,0.0,0.16694435,0.0,0.0,0.0,0.0,0.3338887,0.0,0.0,0.0,0.0,0.0,0.0,0.0,0.0,0.0,0.0,0.0,0.0,0.0,0.0,0.0,0.0,0.0,0.0,0.0,0.0,0.0
8.0,0.9,1.7,1.0,0.0,0.7,0.6,0.0,0.7,0.0,0.0,0.0,0.6,0.0,0.0,0.0,0.0,0.0,0.3,0.3,0.0,0.0,0.0,0.0,0.7,0.0,0.0,0.0,0.0,0.0,0.6,0.0,0.3,0.0,0.0,0.0,0.0,0.0,0.3,0.0,0.0,0.0,0.0,0.0,0.0,0.0,0.0,0.0,0.0,0.0,0.0,0.0,0.0,0.0,0.0,0.0,0.0,0.0,0.0,0.0,0.0,0.0,0.0,0.0,0.0,0.0,0.0,0.0,0.0,0.0,0.0,0.0,0.0,0.0,0.0,0.0,0.0,0.0,0.0,0.0,0.0,0.0,0.0,0.0,0.0,0.0,0.0,0.0,0.0,0.0,0.0,0.0,0.0,0.0,0.0,0.0,0.0,0.0,0.0,0.0,0.0,0.0,0.0,0.0,0.0,0.0,0.0,0.0,0.0,0.0,0.0,0.0,0.0,0.0,0.0,0.0,0.0,0.0,0.0,0.0,0.0,0.0,0.0,0.0,0.0,0.0,0.0,0.0,0.0,0.0,0.0,0.0,0.0,0.0,0.0,0.0,0.0,0.0,0.0,0.0,0.0,0.0,0.0,0.0,0.0,0.0,0.0,0.0,0.0,0.0,0.0,0.0,0.0,0.0,0.0,0.0
12.4130335,2.0458925,9.908215,0.09178513,2.0458925,0.1376777,0.0,2.0458925,7.8164296,2.0458925,3.0917852,0.0,0.0,0.1376777,3.0458925,1.0458926,2.0458925,0.045892566,0.0,0.0,1.0458926,0.0,0.0,0.045892566,0.0,0.0,0.045892566,0.0,0.0,0.09178513,0.0,1.9082148,0.0,0.0,0.0,5.8623223,0.09178513,1.0,0.0,0.0,1.0,0.0,0.045892566,0.045892566,0.0,0.0,0.0,0.0,0.0,2.9541075,0.0,3.9082148,0.0,0.0,0.0,0.0,0.0,0.0,0.09178513,0.0,1.9541074,0.0,0.0,1.9082148,0.0,0.0,0.045892566,1.9541074,0.0,0.0,0.045892566,0.0,0.9541074,0.0,0.045892566,0.045892566,2.9541075,0.0,0.0,0.0,0.0,0.0,0.0,0.0,1.9541074,0.0,0.0,0.0,0.045892566,0.045892566,0.045892566,0.0,0.0,0.09178513,1.0,0.0,0.0,1.0,0.0,1.9082148,0.0,0.0,0.0,0.09178513,0.0,0.09178513,0.0,0.0,0.0,0.09178513,0.0,0.0,0.0,0.0,0.0,1.9082148,0.0,0.0,0.0,0.0,0.0,0.0,0.0,0.0,0.0,0.0,0.09178513,0.0,0.0,0.045892566,0.0,0.0,0.0,0.0,0.09178513,0.0,0.0,0.0,0.0,0.0,0.0,0.0,0.0,0.0,0.0,0.0,0.0,0.0,0.0,0.0,0.0,0.0,0.0,0.0,0.0,0.0
11.8511,2.0,9.602932,0.049633484,1.9503665,0.0,0.0,1.9503665,7.6525655,1.900733,2.8510995,0.0,0.0,0.0,2.8510995,0.9503665,1.900733,0.0,0.049633484,0.049633484,0.9503665,0.0,0.0,0.0,0.0,0.0,0.0,0.0,0.0,0.0,0.0,1.9503665,0.09926697,0.0,0.0,5.702199,0.0,0.9503665,0.09926697,0.0,0.9503665,0.0,0.0,0.0,0.0,0.0,0.0,0.0,0.0,2.8510995,0.0,3.801466,0.0,0.0,0.049633484,0.0,0.0,0.0,0.0,0.0,1.900733,0.0,0.049633484,1.900733,0.049633484,0.0,0.0,1.900733,0.0,0.0,0.0,0.0,0.9503665,0.0,0.0,0.0,2.8510995,0.0,0.0,0.0,0.0,0.0,0.0,0.0,1.900733,0.0,0.0,0.0,0.0,0.0,0.0,0.0,0.0,0.0,0.9503665,0.0,0.0,0.9503665,0.0,1.900733,0.0,0.0,0.0,0.0,0.0,0.0,0.0,0.0,0.0,0.0,0.0,0.0,0.0,0.0,0.0,1.900733,0.0,0.0,0.0,0.0,0.0,0.0,0.0,0.0,0.0,0.0,0.0,0.0,0.0,0.0,0.0,0.0,0.0,0.0,0.0,0.0,0.0,0.0,0.0,0.0,0.0,0.0,0.0,0.0,0.0,0.0,0.049633484,0.0,0.0,0.0,0.0,0.0,0.0,0.0,0.0,0.0
12.073029,2.0085917,9.995705,0.012887394,2.0042958,0.008591596,0.0,2.0042958,7.9871125,2.0085917,3.0128875,0.0,0.0,0.008591596,3.0042958,1.0042958,2.0042958,0.008591596,0.004295798,0.004295798,1.0042958,0.0,0.0,0.004295798,0.0,0.0,0.004295798,0.0,0.0,0.004295798,0.0,1.9957042,0.008591596,0.0,0.0,5.9871125,0.004295798,1.0,0.008591596,0.0,1.0,0.0,0.0,0.0,0.0,0.0,0.0,0.0,0.0,3.0,0.0,3.9914083,0.0,0.0,0.004295798,0.0,0.0,0.0,0.0,0.0,2.0,0.0,0.004295798,1.9914083,0.004295798,0.0,0.0,1.9957042,0.0,0.0,0.0,0.0,1.0,0.0,0.0,0.0,2.9957042,0.0,0.0,0.0,0.0,0.0,0.0,0.0,1.9957042,0.008591596,0.0,0.0,0.0,0.0,0.0,0.0,0.004295798,0.0,1.0,0.0,0.0,1.0,0.0,1.9914083,0.0,0.004295798,0.0,0.0,0.0,0.0,0.0,0.0,0.0,0.0,0.0,0.004295798,0.004295798,0.0,0.004295798,1.9914083,0.0,0.0,0.0,0.0,0.0,0.0,0.0,0.0,0.0,0.0,0.0,0.0,0.0,0.004295798,0.0,0.0,0.0,0.0,0.0,0.0,0.0,0.0,0.0,0.0,0.0,0.0,0.0,0.0,0.0,0.0,0.004295798,0.0,0.0,0.0,0.0,0.0,0.0,0.0,0.0,0.0
12.22164,2.0260754,9.986962,0.039112903,2.0130377,0.02607527,0.0,2.0130377,7.960887,2.0260754,3.0391128,0.0,0.0,0.02607527,3.0130377,1.0130377,2.0130377,0.02607527,0.013037635,0.013037635,1.0130377,0.0,0.0,0.013037635,0.0,0.0,0.013037635,0.0,0.0,0.013037635,0.0,1.9869623,0.02607527,0.0,0.0,5.960887,0.013037635,1.0,0.02607527,0.0,1.0,0.0,0.0,0.0,0.0,0.0,0.0,0.0,0.0,3.0,0.0,3.9739246,0.0,0.0,0.013037635,0.0,0.0,0.0,0.0,0.0,2.0,0.0,0.013037635,1.9739248,0.013037635,0.0,0.0,1.9869623,0.0,0.0,0.0,0.0,1.0,0.0,0.0,0.0,2.9869623,0.0,0.0,0.0,0.0,0.0,0.0,0.0,1.9869623,0.02607527,0.0,0.0,0.0,0.0,0.0,0.0,0.013037635,0.0,1.0,0.0,0.0,1.0,0.0,1.9739248,0.0,0.013037635,0.0,0.0,0.0,0.0,0.0,0.0,0.0,0.0,0.0,0.013037635,0.013037635,0.0,0.013037635,1.9739248,0.0,0.0,0.0,0.0,0.0,0.0,0.0,0.0,0.0,0.0,0.0,0.0,0.0,0.013037635,0.0,0.0,0.0,0.0,0.0,0.0,0.0,0.0,0.0,0.0,0.0,0.0,0.0,0.0,0.0,0.0,0.013037635,0.0,0.0,0.0,0.0,0.0,0.0,0.0,0.0,0.0
12.373757,2.0439713,9.978014,0.0659571,2.0219858,0.0439714,0.0,2.0219858,7.934043,2.0439713,3.065957,0.0,0.0,0.0439714,3.0219858,1.0219857,2.0219858,0.0439714,0.0219857,0.0219857,1.0219857,0.0,0.0,0.0219857,0.0,0.0,0.0219857,0.0,0.0,0.0219857,0.0,1.9780143,0.0439714,0.0,0.0,5.934043,0.0219857,1.0,0.0439714,0.0,1.0,0.0,0.0,0.0,0.0,0.0,0.0,0.0,0.0,3.0,0.0,3.9560287,0.0,0.0,0.0219857,0.0,0.0,0.0,0.0,0.0,2.0,0.0,0.0219857,1.9560286,0.0219857,0.0,0.0,1.9780143,0.0,0.0,0.0,0.0,1.0,0.0,0.0,0.0,2.9780142,0.0,0.0,0.0,0.0,0.0,0.0,0.0,1.9780143,0.0439714,0.0,0.0,0.0,0.0,0.0,0.0,0.0219857,0.0,1.0,0.0,0.0,1.0,0.0,1.9560286,0.0,0.0219857,0.0,0.0,0.0,0.0,0.0,0.0,0.0,0.0,0.0,0.0219857,0.0219857,0.0,0.0219857,1.9560286,0.0,0.0,0.0,0.0,0.0,0.0,0.0,0.0,0.0,0.0,0.0,0.0,0.0,0.0219857,0.0,0.0,0.0,0.0,0.0,0.0,0.0,0.0,0.0,0.0,0.0,0.0,0.0,0.0,0.0,0.0,0.0219857,0.0,0.0,0.0,0.0,0.0,0.0,0.0,0.0,0.0
12.158688,2.013224,9.986776,0.029092725,2.0,0.0,0.0,2.0,7.989421,2.0158687,3.0158687,0.0,0.0,0.0,2.9947104,1.0,1.9973552,0.021158345,0.013223966,0.013223966,1.0,0.0,0.0,0.0026447931,0.0,0.0,0.0026447931,0.0,0.0,0.0,0.0,2.0,0.02380314,0.0,0.0,5.9920654,0.0,0.9973552,0.02380314,0.0,0.9973552,0.0,0.0,0.0,0.0,0.0,0.0,0.0,0.0,2.9947104,0.0,3.9947104,0.0,0.0,0.021158345,0.0,0.0,0.0,0.0,0.0,1.9973552,0.0,0.0105791725,2.0,0.021158345,0.0,0.0,1.9973552,0.0,0.0,0.0,0.0,1.0,0.0,0.0,0.0,2.9947104,0.0,0.0,0.0,0.0,0.0,0.0,0.0,1.9973552,0.0,0.0,0.0,0.0,0.0,0.0,0.0,0.0026447931,0.0,0.9973552,0.0,0.0,0.9973552,0.0,2.0,0.0,0.0,0.0,0.0,0.0,0.0,0.0,0.0,0.0,0.0,0.0,0.0,0.0,0.0,0.0,2.0,0.0,0.0,0.0,0.0,0.0,0.0,0.0,0.0,0.0,0.0,0.0,0.0,0.0,0.0,0.0,0.0,0.0,0.0,0.0,0.0,0.0,0.0,0.0,0.0,0.0,0.0,0.0,0.0,0.0,0.0,0.0,0.0,0.0,0.0,0.0,0.0,0.0,0.0,0.0,0.0
12.321406,2.026784,9.973216,0.05892456,2.0,0.0,0.0,2.0,7.978573,2.0321407,3.0321407,0.0,0.0,0.0,2.9892864,1.0,1.9946432,0.042854227,0.026783891,0.026783891,1.0,0.0,0.0,0.0053567784,0.0,0.0,0.0053567784,0.0,0.0,0.0,0.0,2.0,0.048211005,0.0,0.0,5.9839296,0.0,0.9946432,0.048211005,0.0,0.9946432,0.0,0.0,0.0,0.0,0.0,0.0,0.0,0.0,2.9892864,0.0,3.9892864,0.0,0.0,0.042854227,0.0,0.0,0.0,0.0,0.0,1.9946432,0.0,0.021427114,2.0,0.042854227,0.0,0.0,1.9946432,0.0,0.0,0.0,0.0,1.0,0.0,0.0,0.0,2.9892864,0.0,0.0,0.0,0.0,0.0,0.0,0.0,1.9946432,0.0,0.0,0.0,0.0,0.0,0.0,0.0,0.0053567784,0.0,0.9946432,0.0,0.0,0.9946432,0.0,2.0,0.0,0.0,0.0,0.0,0.0,0.0,0.0,0.0,0.0,0.0,0.0,0.0,0.0,0.0,0.0,2.0,0.0,0.0,0.0,0.0,0.0,0.0,0.0,0.0,0.0,0.0,0.0,0.0,0.0,0.0,0.0,0.0,0.0,0.0,0.0,0.0,0.0,0.0,0.0,0.0,0.0,0.0,0.0,0.0,0.0,0.0,0.0,0.0,0.0,0.0,0.0,0.0,0.0,0.0,0.0,0.0
12.488313,2.0406928,9.959308,0.08952404,2.0,0.0,0.0,2.0,7.967446,2.0488312,3.0488312,0.0,0.0,0.0,2.983723,1.0,1.9918615,0.06510839,0.040692743,0.040692743,1.0,0.0,0.0,0.008138549,0.0,0.0,0.008138549,0.0,0.0,0.0,0.0,2.0,0.07324694,0.0,0.0,5.9755845,0.0,0.99186146,0.07324694,0.0,0.99186146,0.0,0.0,0.0,0.0,0.0,0.0,0.0,0.0,2.983723,0.0,3.983723,0.0,0.0,0.06510839,0.0,0.0,0.0,0.0,0.0,1.9918615,0.0,0.032554194,2.0,0.06510839,0.0,0.0,1.9918615,0.0,0.0,0.0,0.0,1.0,0.0,0.0,0.0,2.983723,0.0,0.0,0.0,0.0,0.0,0.0,0.0,1.9918615,0.0,0.0,0.0,0.0,0.0,0.0,0.0,0.008138549,0.0,0.99186146,0.0,0.0,0.99186146,0.0,2.0,0.0,0.0,0.0,0.0,0.0,0.0,0.0,0.0,0.0,0.0,0.0,0.0,0.0,0.0,0.0,2.0,0.0,0.0,0.0,0.0,0.0,0.0,0.0,0.0,0.0,0.0,0.0,0.0,0.0,0.0,0.0,0.0,0.0,0.0,0.0,0.0,0.0,0.0,0.0,0.0,0.0,0.0,0.0,0.0,0.0,0.0,0.0,0.0,0.0,0.0,0.0,0.0,0.0,0.0,0.0,0.0
6.101374,1.014482,5.043446,0.0096546775,1.0048274,0.0096546775,0.0048273387,1.0048274,4.0386186,1.0048274,1.0096546,0.0,0.0048273387,0.0,1.0096546,0.0048273387,0.0096546775,0.0,0.0048273387,0.0048273387,0.0048273387,0.0,0.0,0.0,0.0,0.0,0.0,0.0,0.0,0.0,0.0048273387,1.0096546,0.0096546775,0.0048273387,0.0,3.028964,0.0,0.0048273387,0.0096546775,0.0,0.0048273387,0.0,0.0,0.0,0.0,0.0,0.0,0.0,0.0,1.0096546,0.0,2.0193093,0.0,0.0,0.0048273387,0.0,0.0,0.0,0.0,0.0,0.0096546775,0.0,0.0048273387,1.0096546,0.0048273387,0.0,0.0,1.0193094,0.0,0.0,0.0,0.0,0.0048273387,0.0,0.0,0.0,1.014482,0.0,0.0,0.0,0.0,0.0,0.0048273387,0.0,0.014482017,0.0,0.0,0.0,0.0,0.0,0.0,0.0,0.0,0.0,0.0048273387,0.0,0.0,0.0048273387,0.0048273387,0.9951727,0.0,0.0,0.0,0.0,0.0,0.0,0.0,0.0048273387,0.0,0.0,0.0,0.0,0.0,0.0,0.0,0.9951727,0.0,0.0,0.0,0.0,0.0,0.0,0.0,0.0,0.0,0.0,0.0,0.0,0.0,0.0,0.0,0.0,0.0,0.0,0.0,0.0,0.0,0.0048273387,0.0,0.0048273387,0.0,0.0,0.0,0.0,0.0,0.0,0.0048273387,0.0,0.0,0.0,0.0,0.0,0.0,0.0,0.0,0.0
11.0,2.5,2.25,1.5,1.25,1.75,1.5,1.25,1.5,0.0,0.0,0.25,1.25,1.25,0.0,0.0,0.0,0.0,0.0,0.0,0.0,0.25,0.25,0.0,1.5,0.25,0.0,1.25,0.25,0.0,0.0,0.0,0.0,1.0,0.25,0.0,0.0,0.0,0.0,0.25,0.0,0.0,0.0,0.0,0.0,0.25,0.0,0.25,0.0,0.0,0.0,0.0,1.5,0.0,0.0,0.5,0.25,0.25,0.0,1.5,0.0,0.0,0.0,0.0,0.0,0.0,0.0,0.0,0.0,0.0,0.0,0.0,0.0,0.0,0.0,0.0,0.0,0.25,0.0,0.0,0.0,0.0,0.0,0.0,0.0,0.0,0.75,0.0,0.0,0.0,0.0,0.0,0.0,0.0,0.0,0.0,0.0,0.0,0.0,0.0,0.0,0.0,0.0,0.0,0.0,0.0,0.0,0.0,0.0,0.0,0.0,0.0,0.0,0.0,0.0,0.0,0.0,0.75,0.0,0.0,0.0,0.0,0.0,0.0,0.0,0.25,0.0,0.0,0.0,0.0,0.0,0.0,0.0,0.0,0.0,0.0,0.25,0.0,0.0,0.0,0.0,0.0,0.0,0.0,0.0,0.0,0.0,0.0,0.0,0.0,0.0,0.0,0.0,0.0,0.0,0.0
6.2670755,1.0254358,5.101743,0.025435764,1.0127178,0.0,0.0,1.0127178,4.101743,1.0127178,1.0254358,0.0,0.0,0.0,1.0254358,0.012717882,0.025435764,0.0,0.012717882,0.012717882,0.012717882,0.0,0.0,0.0,0.0,0.0,0.0,0.0,0.0,0.0,0.0,1.0254358,0.03815365,0.012717882,0.0,3.0763073,0.0,0.012717882,0.03815365,0.0,0.012717882,0.0,0.0,0.0,0.0,0.0,0.0,0.0,0.0,1.0254358,0.0,2.0508716,0.0,0.0,0.05087153,0.0,0.0,0.0,0.0,0.0,0.025435764,0.0,0.03815365,1.0254358,0.05087153,0.0,0.0,1.0508715,0.0,0.0,0.0,0.0,0.012717882,0.0,0.0,0.0,1.0381536,0.0,0.0,0.0,0.0,0.0,0.0,0.0,0.03815365,0.0,0.0,0.0,0.0,0.0,0.0,0.0,0.0,0.0,0.012717882,0.0,0.0,0.012717882,0.012717882,0.9872821,0.0,0.0,0.0,0.0,0.0,0.0,0.0,0.012717882,0.0,0.0,0.0,0.0,0.0,0.0,0.0,0.9872821,0.0,0.0,0.0,0.0,0.0,0.0,0.0,0.0,0.0,0.0,0.0,0.0,0.0,0.0,0.0,0.0,0.0,0.0,0.0,0.0,0.0,0.012717882,0.0,0.012717882,0.0,0.0,0.0,0.0,0.0,0.0,0.025435764,0.0,0.0,0.0,0.0,0.0,0.0,0.0,0.0,0.0
10.4,4.0,3.1,1.05,2.0,2.1,3.0,2.0,0.0,0.0,0.0,1.0,0.0,2.0,0.0,0.0,0.0,0.0,0.0,0.0,0.0,3.0,0.0,0.0,0.0,2.0,0.0,0.0,1.0,0.0,0.0,0.0,0.0,0.0,1.0,0.0,0.0,0.0,0.0,0.0,0.0,1.0,0.05,0.0,1.0,1.0,1.0,1.0,0.0,0.0,0.0,0.0,0.0,0.05,0.0,1.95,1.0,0.0,0.05,0.0,0.0,0.0,0.0,0.0,0.0,0.1,0.0,0.0,1.0,0.0,0.0,1.0,0.0,1.0,0.0,0.0,0.0,0.95,1.0,0.0,0.0,0.0,0.0,0.0,0.0,0.0,0.0,0.0,0.0,0.0,0.0,0.0,0.0,0.0,0.0,0.0,0.0,0.0,0.0,0.0,0.0,0.0,0.0,0.0,0.05,0.0,0.0,0.0,0.05,0.0,0.0,0.0,0.0,0.0,0.0,0.0,0.0,0.0,0.0,0.0,0.0,0.0,0.0,0.0,0.0,0.95,0.0,0.0,0.0,0.0,0.0,0.0,0.0,0.0,0.0,0.0,0.95,0.0,0.0,0.0,0.0,0.95,0.0,0.0,0.95,0.0,0.0,0.0,0.0,0.0,0.0,0.0,0.0,0.0,0.0,0.0
6.2119966,1.0201901,5.0807605,0.020190142,1.0100951,0.0,0.0,1.0100951,4.0807605,1.0100951,1.0201901,0.0,0.0,0.0,1.0201901,0.010095071,0.020190142,0.0,0.010095071,0.010095071,0.010095071,0.0,0.0,0.0,0.0,0.0,0.0,0.0,0.0,0.0,0.0,1.0201901,0.030285213,0.010095071,0.0,3.0605705,0.0,0.010095071,0.030285213,0.0,0.010095071,0.0,0.0,0.0,0.0,0.0,0.0,0.0,0.0,1.0201901,0.0,2.0403802,0.0,0.0,0.040380284,0.0,0.0,0.0,0.0,0.0,0.020190142,0.0,0.030285213,1.0201901,0.040380284,0.0,0.0,1.0403802,0.0,0.0,0.0,0.0,0.010095071,0.0,0.0,0.0,1.0302852,0.0,0.0,0.0,0.0,0.0,0.0,0.0,0.030285213,0.0,0.0,0.0,0.0,0.0,0.0,0.0,0.0,0.0,0.010095071,0.0,0.0,0.010095071,0.010095071,0.98990494,0.0,0.0,0.0,0.0,0.0,0.0,0.0,0.010095071,0.0,0.0,0.0,0.0,0.0,0.0,0.0,0.98990494,0.0,0.0,0.0,0.0,0.0,0.0,0.0,0.0,0.0,0.0,0.0,0.0,0.0,0.0,0.0,0.0,0.0,0.0,0.0,0.0,0.0,0.010095071,0.0,0.010095071,0.0,0.0,0.0,0.0,0.0,0.0,0.020190142,0.0,0.0,0.0,0.0,0.0,0.0,0.0,0.0,0.0
6.1577687,1.0150256,5.0601025,0.015025591,1.0075128,0.0,0.0,1.0075128,4.0601025,1.0075128,1.0150256,0.0,0.0,0.0,1.0150256,0.0075127953,0.015025591,0.0,0.0075127953,0.0075127953,0.0075127953,0.0,0.0,0.0,0.0,0.0,0.0,0.0,0.0,0.0,0.0,1.0150256,0.022538386,0.0075127953,0.0,3.0450768,0.0,0.0075127953,0.022538386,0.0,0.0075127953,0.0,0.0,0.0,0.0,0.0,0.0,0.0,0.0,1.0150256,0.0,2.0300512,0.0,0.0,0.030051181,0.0,0.0,0.0,0.0,0.0,0.015025591,0.0,0.022538386,1.0150256,0.030051181,0.0,0.0,1.0300512,0.0,0.0,0.0,0.0,0.0075127953,0.0,0.0,0.0,1.0225384,0.0,0.0,0.0,0.0,0.0,0.0,0.0,0.022538386,0.0,0.0,0.0,0.0,0.0,0.0,0.0,0.0,0.0,0.0075127953,0.0,0.0,0.0075127953,0.0075127953,0.9924872,0.0,0.0,0.0,0.0,0.0,0.0,0.0,0.0075127953,0.0,0.0,0.0,0.0,0.0,0.0,0.0,0.9924872,0.0,0.0,0.0,0.0,0.0,0.0,0.0,0.0,0.0,0.0,0.0,0.0,0.0,0.0,0.0,0.0,0.0,0.0,0.0,0.0,0.0,0.0075127953,0.0,0.0075127953,0.0,0.0,0.0,0.0,0.0,0.0,0.015025591,0.0,0.0,0.0,0.0,0.0,0.0,0.0,0.0,0.0
6.1043725,1.0099403,5.039761,0.009940247,1.0049701,0.0,0.0,1.0049701,4.039761,1.0049701,1.0099403,0.0,0.0,0.0,1.0099403,0.0049701235,0.009940247,0.0,0.0049701235,0.0049701235,0.0049701235,0.0,0.0,0.0,0.0,0.0,0.0,0.0,0.0,0.0,0.0,1.0099403,0.01491037,0.0049701235,0.0,3.0298207,0.0,0.0049701235,0.01491037,0.0,0.0049701235,0.0,0.0,0.0,0.0,0.0,0.0,0.0,0.0,1.0099403,0.0,2.0198805,0.0,0.0,0.019880494,0.0,0.0,0.0,0.0,0.0,0.009940247,0.0,0.01491037,1.0099403,0.019880494,0.0,0.0,1.0198805,0.0,0.0,0.0,0.0,0.0049701235,0.0,0.0,0.0,1.0149103,0.0,0.0,0.0,0.0,0.0,0.0,0.0,0.01491037,0.0,0.0,0.0,0.0,0.0,0.0,0.0,0.0,0.0,0.0049701235,0.0,0.0,0.0049701235,0.0049701235,0.99502987,0.0,0.0,0.0,0.0,0.0,0.0,0.0,0.0049701235,0.0,0.0,0.0,0.0,0.0,0.0,0.0,0.99502987,0.0,0.0,0.0,0.0,0.0,0.0,0.0,0.0,0.0,0.0,0.0,0.0,0.0,0.0,0.0,0.0,0.0,0.0,0.0,0.0,0.0,0.0049701235,0.0,0.0049701235,0.0,0.0,0.0,0.0,0.0,0.0,0.009940247,0.0,0.0,0.0,0.0,0.0,0.0,0.0,0.0,0.0
7.520362,1.4751132,5.3800907,0.19004525,1.3800905,0.3800905,0.095022626,1.3800905,4.0,1.0950227,1.3800905,0.0,0.095022626,0.3800905,1.2850679,0.3800905,0.5701358,0.095022626,0.0,0.0,0.2850679,0.0,0.0,0.19004525,0.0,0.0,0.19004525,0.0,0.0,0.2850679,0.0,1.0,0.0,0.0,0.0,3.0,0.47511312,0.19004525,0.0,0.0,0.2850679,0.0,0.095022626,0.19004525,0.0,0.095022626,0.0,0.0,0.095022626,1.0,0.19004525,2.0,0.0,0.095022626,0.0,0.19004525,0.0,0.0,0.19004525,0.0,0.095022626,0.095022626,0.0,1.0,0.0,0.19004525,0.095022626,1.0,0.0,0.0,0.19004525,0.0,0.0,0.0,0.19004525,0.095022626,1.0,0.095022626,0.0,0.19004525,0.095022626,0.0,0.0,0.095022626,0.095022626,0.095022626,0.0,0.19004525,0.19004525,0.19004525,0.095022626,0.095022626,0.0,0.0,0.095022626,0.0,0.0,0.095022626,0.0,1.0,0.095022626,0.19004525,0.095022626,0.0,0.095022626,0.0,0.0,0.0,0.095022626,0.0,0.0,0.19004525,0.19004525,0.095022626,0.19004525,1.0,0.0,0.0,0.095022626,0.095022626,0.095022626,0.095022626,0.095022626,0.19004525,0.0,0.0,0.0,0.0,0.0,0.095022626,0.0,0.095022626,0.0,0.0,0.0,0.0,0.0,0.0,0.19004525,0.0,0.19004525,0.0,0.0,0.0,0.0,0.0,0.0,0.0,0.0,0.0,0.0,0.0,0.0,0.0,0.0,0.0
8.765923,1.8643507,5.6914806,0.3457403,1.6914805,0.6914806,0.17287014,1.6914805,4.0,1.1728702,1.6914805,0.0,0.17287014,0.6914806,1.5186105,0.6914806,1.0372208,0.17287014,0.0,0.0,0.5186104,0.0,0.0,0.3457403,0.0,0.0,0.3457403,0.0,0.0,0.5186104,0.0,1.0,0.0,0.0,0.0,3.0,0.8643507,0.3457403,0.0,0.0,0.5186104,0.0,0.17287014,0.3457403,0.0,0.17287014,0.0,0.0,0.17287014,1.0,0.3457403,2.0,0.0,0.17287014,0.0,0.3457403,0.0,0.0,0.3457403,0.0,0.17287014,0.17287014,0.0,1.0,0.0,0.3457403,0.17287014,1.0,0.0,0.0,0.3457403,0.0,0.0,0.0,0.3457403,0.17287014,1.0,0.17287014,0.0,0.3457403,0.17287014,0.0,0.0,0.17287014,0.17287014,0.17287014,0.0,0.3457403,0.3457403,0.3457403,0.17287014,0.17287014,0.0,0.0,0.17287014,0.0,0.0,0.17287014,0.0,1.0,0.17287014,0.3457403,0.17287014,0.0,0.17287014,0.0,0.0,0.0,0.17287014,0.0,0.0,0.3457403,0.3457403,0.17287014,0.3457403,1.0,0.0,0.0,0.17287014,0.17287014,0.17287014,0.17287014,0.17287014,0.3457403,0.0,0.0,0.0,0.0,0.0,0.17287014,0.0,0.17287014,0.0,0.0,0.0,0.0,0.0,0.0,0.3457403,0.0,0.3457403,0.0,0.0,0.0,0.0,0.0,0.0,0.0,0.0,0.0,0.0,0.0,0.0,0.0,0.0,0.0
10.19794,4.0565543,3.0565543,1.0282772,2.0,2.0565543,3.0,2.0,0.028277135,0.0,0.0,1.0,0.0,2.0,0.0,0.0,0.0,0.0,0.028277135,0.028277135,0.0,3.0,0.0,0.0,0.05655427,2.0,0.0,0.0,1.0,0.0,0.028277135,0.0,0.05655427,0.0,1.0,0.0,0.0,0.0,0.05655427,0.028277135,0.0,1.0,0.0,0.0,1.0,1.0282772,1.0,1.0,0.0,0.0,0.0,0.0,0.0,0.0,0.05655427,2.0,1.0,0.0,0.0,0.0,0.0,0.0,0.028277135,0.0,0.05655427,0.0,0.0,0.0,1.0,0.0,0.0,1.0,0.0,1.0,0.0,0.0,0.0,0.97172284,1.0,0.0,0.0,0.0,0.0,0.0,0.0,0.0,0.0,0.0,0.0,0.0,0.0,0.0,0.0,0.0,0.0,0.0,0.0,0.0,0.0,0.0,0.0,0.0,0.0,0.0,0.0,0.0,0.0,0.0,0.0,0.0,0.0,0.0,0.0,0.0,0.0,0.0,0.0,0.0,0.0,0.0,0.0,0.0,0.0,0.0,0.0,1.0,0.0,0.0,0.0,0.0,0.0,0.0,0.0,0.0,0.0,0.0,0.97172284,0.0,0.0,0.0,0.0,1.0,0.0,0.0,1.0,0.0,0.0,0.0,0.0,0.0,0.0,0.0,0.0,0.0,0.0,0.0
3.61,0.183,2.183,0.061,0.0,0.122,0.122,0.0,1.0,0.939,0.0,0.0,0.0,0.0,0.0,0.0,0.0,0.0,0.061,0.061,0.0,0.122,0.0,0.0,0.061,0.0,0.0,0.0,0.0,0.0,0.122,0.0,0.061,0.0,0.0,0.0,0.0,0.0,0.061,0.0,0.0,0.0,0.0,0.0,0.0,0.061,0.0,0.0,0.0,0.0,0.0,0.0,0.0,0.0,0.0,0.0,0.0,0.0,0.0,0.0,0.0,0.0,0.0,0.0,0.0,0.0,0.0,0.0,0.0,0.0,0.0,0.0,0.0,0.0,0.0,0.0,0.0,0.0,0.0,0.0,0.0,0.0,0.0,0.0,0.0,0.0,0.0,0.0,0.0,0.0,0.0,0.0,0.0,0.0,0.0,0.0,0.0,0.0,0.0,0.0,0.0,0.0,0.0,0.0,0.0,0.0,0.0,0.0,0.0,0.0,0.0,0.0,0.0,0.0,0.0,0.0,0.0,0.0,0.0,0.0,0.0,0.0,0.0,0.0,0.0,0.0,0.0,0.0,0.0,0.0,0.0,0.0,0.0,0.0,0.0,0.0,0.0,0.0,0.0,0.0,0.0,0.0,0.0,0.0,0.0,0.0,0.0,0.0,0.0,0.0,0.0,0.0,0.0,0.0,0.0,0.0
3.864,0.216,2.36,0.072,0.0,0.144,0.144,0.0,1.144,0.928,0.0,0.0,0.0,0.0,0.0,0.0,0.0,0.0,0.072,0.072,0.0,0.288,0.0,0.0,0.072,0.0,0.0,0.0,0.0,0.0,0.144,0.0,0.072,0.0,0.0,0.0,0.0,0.0,0.072,0.0,0.0,0.0,0.0,0.0,0.0,0.072,0.0,0.0,0.0,0.0,0.0,0.0,0.0,0.0,0.0,0.0,0.0,0.0,0.0,0.0,0.0,0.0,0.0,0.0,0.0,0.0,0.0,0.0,0.0,0.0,0.0,0.0,0.0,0.0,0.0,0.0,0.0,0.0,0.0,0.0,0.0,0.0,0.0,0.0,0.0,0.0,0.0,0.0,0.0,0.0,0.0,0.0,0.0,0.0,0.0,0.0,0.0,0.0,0.0,0.0,0.0,0.0,0.0,0.0,0.0,0.0,0.0,0.0,0.0,0.0,0.0,0.0,0.0,0.0,0.0,0.0,0.0,0.0,0.0,0.0,0.0,0.0,0.0,0.0,0.0,0.0,0.0,0.0,0.0,0.0,0.0,0.0,0.0,0.0,0.0,0.0,0.0,0.0,0.0,0.0,0.0,0.0,0.0,0.0,0.0,0.0,0.0,0.0,0.0,0.0,0.0,0.0,0.0,0.0,0.0,0.0
5.772,0.594,3.386,0.198,0.0,0.396,0.396,0.0,1.792,0.802,0.0,0.0,0.0,0.0,0.0,0.0,0.0,0.0,0.198,0.198,0.0,0.396,0.0,0.0,0.198,0.0,0.0,0.0,0.0,0.0,0.396,0.0,0.198,0.0,0.0,0.396,0.0,0.0,0.198,0.0,0.0,0.0,0.0,0.0,0.0,0.198,0.0,0.0,0.0,0.0,0.0,0.0,0.0,0.0,0.0,0.0,0.0,0.0,0.0,0.0,0.0,0.0,0.0,0.0,0.0,0.0,0.0,0.0,0.0,0.0,0.0,0.0,0.0,0.0,0.0,0.0,0.0,0.0,0.0,0.0,0.0,0.396,0.0,0.0,0.0,0.0,0.0,0.0,0.0,0.0,0.0,0.0,0.0,0.0,0.0,0.0,0.0,0.0,0.0,0.0,0.0,0.0,0.0,0.0,0.0,0.0,0.0,0.0,0.0,0.0,0.0,0.0,0.0,0.0,0.0,0.0,0.0,0.0,0.0,0.0,0.0,0.0,0.0,0.0,0.0,0.0,0.0,0.0,0.0,0.0,0.0,0.0,0.0,0.0,0.0,0.0,0.0,0.0,0.0,0.0,0.0,0.0,0.0,0.0,0.0,0.0,0.0,0.0,0.0,0.0,0.0,0.0,0.0,0.0,0.0,0.0
8.118812,4.029703,6.009901,0.01980198,2.019802,0.03960396,3.009901,2.019802,3.980198,0.00990099,0.02970297,1.0,0.00990099,0.03960396,0.01980198,0.02970297,0.03960396,0.00990099,0.0,0.0,0.01980198,3.0,0.0,0.01980198,0.0,2.0,0.01980198,0.00990099,1.0,0.01980198,0.0,1.980198,0.0,0.0,1.0,1.990099,0.03960396,0.00990099,0.0,0.0,0.01980198,1.0,0.00990099,0.01980198,1.0,0.00990099,1.0,0.00990099,0.00990099,0.0,0.01980198,0.0,0.0,0.00990099,0.0,0.01980198,0.00990099,0.0,0.01980198,0.0,0.0,0.00990099,0.0,1.980198,0.0,0.01980198,0.00990099,0.0,0.0,0.0,0.01980198,0.0,0.0,0.0,0.01980198,0.00990099,0.0,0.00990099,0.0,0.01980198,0.00990099,2.990099,0.0,0.00990099,0.0,0.0,0.0,0.01980198,0.01980198,0.01980198,0.00990099,0.00990099,0.0,0.00990099,0.0,0.0,1.990099,0.0,0.0,0.0,0.00990099,0.0,0.00990099,0.01980198,0.00990099,0.01980198,0.0,0.0,0.00990099,0.00990099,0.0,0.0,0.0,0.00990099,0.0,0.0,1.990099,0.00990099,0.00990099,0.00990099,0.00990099,0.00990099,0.00990099,0.01980198,0.0,0.00990099,0.01980198,0.0,0.990099,0.0,0.0,0.00990099,0.0,0.0,0.0,0.0,0.00990099,0.0,0.0,0.990099,0.0,0.00990099,0.0,0.0,0.0,0.0,0.0,0.0,0.0,0.0,0.0,0.0,0.0,0.0,0.00990099,0.0
8.235294,4.0588236,6.019608,0.039215688,2.0392158,0.078431375,3.0196078,2.0392158,3.9607842,0.019607844,0.05882353,1.0,0.019607844,0.078431375,0.039215688,0.05882353,0.078431375,0.019607844,0.0,0.0,0.039215688,3.0,0.0,0.039215688,0.0,2.0,0.039215688,0.019607844,1.0,0.039215688,0.0,1.9607843,0.0,0.0,1.0,1.9803921,0.078431375,0.019607844,0.0,0.0,0.039215688,1.0,0.019607844,0.039215688,1.0,0.019607844,1.0,0.019607844,0.019607844,0.0,0.039215688,0.0,0.0,0.019607844,0.0,0.039215688,0.019607844,0.0,0.039215688,0.0,0.0,0.019607844,0.0,1.9607843,0.0,0.039215688,0.019607844,0.0,0.0,0.0,0.039215688,0.0,0.0,0.0,0.039215688,0.019607844,0.0,0.019607844,0.0,0.039215688,0.019607844,2.9803922,0.0,0.019607844,0.0,0.0,0.0,0.039215688,0.039215688,0.039215688,0.019607844,0.019607844,0.0,0.019607844,0.0,0.0,1.9803921,0.0,0.0,0.0,0.019607844,0.0,0.019607844,0.039215688,0.019607844,0.039215688,0.0,0.0,0.019607844,0.019607844,0.0,0.0,0.0,0.019607844,0.0,0.0,1.9803921,0.019607844,0.019607844,0.019607844,0.019607844,0.019607844,0.019607844,0.039215688,0.0,0.019607844,0.039215688,0.0,0.98039216,0.0,0.0,0.019607844,0.0,0.0,0.0,0.0,0.019607844,0.0,0.0,0.98039216,0.0,0.019607844,0.0,0.0,0.0,0.0,0.0,0.0,0.0,0.0,0.0,0.0,0.0,0.0,0.019607844,0.0
8.349515,4.0873785,6.029126,0.058252428,2.0582523,0.116504855,3.0291262,2.0582523,3.9417477,0.029126214,0.08737864,1.0,0.029126214,0.116504855,0.058252428,0.08737864,0.116504855,0.029126214,0.0,0.0,0.058252428,3.0,0.0,0.058252428,0.0,2.0,0.058252428,0.029126214,1.0,0.058252428,0.0,1.9417475,0.0,0.0,1.0,1.9708738,0.116504855,0.029126214,0.0,0.0,0.058252428,1.0,0.029126214,0.058252428,1.0,0.029126214,1.0,0.029126214,0.029126214,0.0,0.058252428,0.0,0.0,0.029126214,0.0,0.058252428,0.029126214,0.0,0.058252428,0.0,0.0,0.029126214,0.0,1.9417475,0.0,0.058252428,0.029126214,0.0,0.0,0.0,0.058252428,0.0,0.0,0.0,0.058252428,0.029126214,0.0,0.029126214,0.0,0.058252428,0.029126214,2.9708738,0.0,0.029126214,0.0,0.0,0.0,0.058252428,0.058252428,0.058252428,0.029126214,0.029126214,0.0,0.029126214,0.0,0.0,1.9708738,0.0,0.0,0.0,0.029126214,0.0,0.029126214,0.058252428,0.029126214,0.058252428,0.0,0.0,0.029126214,0.029126214,0.0,0.0,0.0,0.029126214,0.0,0.0,1.9708738,0.029126214,0.029126214,0.029126214,0.029126214,0.029126214,0.029126214,0.058252428,0.0,0.029126214,0.058252428,0.0,0.9708738,0.0,0.0,0.029126214,0.0,0.0,0.0,0.0,0.029126214,0.0,0.0,0.9708738,0.0,0.029126214,0.0,0.0,0.0,0.0,0.0,0.0,0.0,0.0,0.0,0.0,0.0,0.0,0.029126214,0.0
8.461538,4.1153846,6.0384617,0.07692308,2.0769231,0.15384616,3.0384614,2.0769231,3.9230769,0.03846154,0.115384616,1.0,0.03846154,0.15384616,0.07692308,0.115384616,0.15384616,0.03846154,0.0,0.0,0.07692308,3.0,0.0,0.07692308,0.0,2.0,0.07692308,0.03846154,1.0,0.07692308,0.0,1.9230769,0.0,0.0,1.0,1.9615384,0.15384616,0.03846154,0.0,0.0,0.07692308,1.0,0.03846154,0.07692308,1.0,0.03846154,1.0,0.03846154,0.03846154,0.0,0.07692308,0.0,0.0,0.03846154,0.0,0.07692308,0.03846154,0.0,0.07692308,0.0,0.0,0.03846154,0.0,1.9230769,0.0,0.07692308,0.03846154,0.0,0.0,0.0,0.07692308,0.0,0.0,0.0,0.07692308,0.03846154,0.0,0.03846154,0.0,0.07692308,0.03846154,2.9615386,0.0,0.03846154,0.0,0.0,0.0,0.07692308,0.07692308,0.07692308,0.03846154,0.03846154,0.0,0.03846154,0.0,0.0,1.9615384,0.0,0.0,0.0,0.03846154,0.0,0.03846154,0.07692308,0.03846154,0.07692308,0.0,0.0,0.03846154,0.03846154,0.0,0.0,0.0,0.03846154,0.0,0.0,1.9615384,0.03846154,0.03846154,0.03846154,0.03846154,0.03846154,0.03846154,0.07692308,0.0,0.03846154,0.07692308,0.0,0.96153843,0.0,0.0,0.03846154,0.0,0.0,0.0,0.0,0.03846154,0.0,0.0,0.96153843,0.0,0.03846154,0.0,0.0,0.0,0.0,0.0,0.0,0.0,0.0,0.0,0.0,0.0,0.0,0.03846154,0.0
10.722352,4.1605225,3.240784,1.0802613,2.0,2.0,3.0802612,2.0,0.32104522,0.0,0.0,1.0,0.080261305,1.8394774,0.0,0.0,0.0,0.0,0.080261305,0.080261305,0.0,3.0,0.0,0.0,0.0,2.0,0.0,0.0,1.0,0.0,0.080261305,0.2407839,0.16052261,0.080261305,1.0,0.16052261,0.0,0.0,0.16052261,0.0,0.0,1.0,0.0,0.0,1.0,0.9197387,1.0,0.9197387,0.0,0.0,0.0,0.0,0.0,0.0,0.080261305,1.8394774,0.9197387,0.0,0.0,0.0,0.0,0.0,0.080261305,0.2407839,0.080261305,0.0,0.0,0.0,1.0,0.0,0.0,1.0,0.0,1.0,0.0,0.0,0.0,0.9197387,1.0,0.0,0.0,0.080261305,0.080261305,0.0,0.0,0.0,0.0,0.0,0.0,0.0,0.0,0.0,0.0,0.0,0.0,0.0,0.080261305,0.0,0.080261305,0.0,0.0,0.0,0.0,0.0,0.0,0.0,0.0,0.080261305,0.0,0.0,0.0,0.0,0.0,0.0,0.0,0.0,0.080261305,0.0,0.0,0.0,0.0,0.0,0.0,0.0,0.0,0.9197387,0.0,0.0,0.080261305,0.0,0.0,0.0,0.0,0.0,0.0,0.0,0.9197387,0.080261305,0.0,0.080261305,0.0,0.9197387,0.0,0.0,0.9197387,0.0,0.080261305,0.0,0.0,0.0,0.0,0.0,0.0,0.0,0.0,0.0
11.266805,4.2815123,3.4222682,1.1407561,2.0,2.0,3.1407561,2.0,0.5630243,0.0,0.0,1.0,0.14075607,1.7184879,0.0,0.0,0.0,0.0,0.14075607,0.14075607,0.0,3.0,0.0,0.0,0.0,2.0,0.0,0.0,1.0,0.0,0.14075607,0.4222682,0.28151214,0.14075607,1.0,0.28151214,0.0,0.0,0.28151214,0.0,0.0,1.0,0.0,0.0,1.0,0.8592439,1.0,0.8592439,0.0,0.0,0.0,0.0,0.0,0.0,0.14075607,1.7184879,0.8592439,0.0,0.0,0.0,0.0,0.0,0.14075607,0.4222682,0.14075607,0.0,0.0,0.0,1.0,0.0,0.0,1.0,0.0,1.0,0.0,0.0,0.0,0.8592439,1.0,0.0,0.0,0.14075607,0.14075607,0.0,0.0,0.0,0.0,0.0,0.0,0.0,0.0,0.0,0.0,0.0,0.0,0.0,0.14075607,0.0,0.14075607,0.0,0.0,0.0,0.0,0.0,0.0,0.0,0.0,0.14075607,0.0,0.0,0.0,0.0,0.0,0.0,0.0,0.0,0.14075607,0.0,0.0,0.0,0.0,0.0,0.0,0.0,0.0,0.8592439,0.0,0.0,0.14075607,0.0,0.0,0.0,0.0,0.0,0.0,0.0,0.8592439,0.14075607,0.0,0.14075607,0.0,0.8592439,0.0,0.0,0.8592439,0.0,0.14075607,0.0,0.0,0.0,0.0,0.0,0.0,0.0,0.0,0.0
12.039777,4.453284,3.6799254,1.2266418,2.0,2.0,3.226642,2.0,0.9065673,0.0,0.0,1.0,0.22664182,1.5467163,0.0,0.0,0.0,0.0,0.22664182,0.22664182,0.0,3.0,0.0,0.0,0.0,2.0,0.0,0.0,1.0,0.0,0.22664182,0.67992544,0.45328364,0.22664182,1.0,0.45328364,0.0,0.0,0.45328364,0.0,0.0,1.0,0.0,0.0,1.0,0.77335817,1.0,0.77335817,0.0,0.0,0.0,0.0,0.0,0.0,0.22664182,1.5467163,0.77335817,0.0,0.0,0.0,0.0,0.0,0.22664182,0.67992544,0.22664182,0.0,0.0,0.0,1.0,0.0,0.0,1.0,0.0,1.0,0.0,0.0,0.0,0.77335817,1.0,0.0,0.0,0.22664182,0.22664182,0.0,0.0,0.0,0.0,0.0,0.0,0.0,0.0,0.0,0.0,0.0,0.0,0.0,0.22664182,0.0,0.22664182,0.0,0.0,0.0,0.0,0.0,0.0,0.0,0.0,0.22664182,0.0,0.0,0.0,0.0,0.0,0.0,0.0,0.0,0.22664182,0.0,0.0,0.0,0.0,0.0,0.0,0.0,0.0,0.77335817,0.0,0.0,0.22664182,0.0,0.0,0.0,0.0,0.0,0.0,0.0,0.77335817,0.22664182,0.0,0.22664182,0.0,0.77335817,0.0,0.0,0.77335817,0.0,0.22664182,0.0,0.0,0.0,0.0,0.0,0.0,0.0,0.0,0.0
10.303141,4.025262,3.0,1.0505234,2.0,2.0,3.0,2.0,0.0,0.0,0.0,1.0,0.0,2.0,0.0,0.0,0.0,0.0,0.025261704,0.025261704,0.0,3.0,0.0,0.0,0.0,2.0,0.0,0.0,1.0,0.0,0.0,0.0,0.07578511,0.0,1.0,0.0,0.0,0.0,0.07578511,0.0,0.0,1.0,0.0,0.0,1.0,0.9747383,1.0,1.0,0.0,0.0,0.0,0.0,0.0,0.0,0.15157022,1.9494766,1.0,0.0,0.0,0.0,0.0,0.0,0.07578511,0.0,0.15157022,0.0,0.0,0.0,1.0,0.0,0.0,1.0,0.0,1.0,0.0,0.0,0.0,0.9747383,1.0,0.0,0.0,0.0,0.0,0.0,0.0,0.0,0.0,0.0,0.0,0.0,0.0,0.0,0.0,0.0,0.0,0.0,0.0,0.0,0.0,0.0,0.0,0.0,0.0,0.0,0.0,0.0,0.0,0.0,0.0,0.0,0.0,0.0,0.0,0.0,0.0,0.0,0.0,0.0,0.0,0.0,0.0,0.0,0.0,0.0,0.0,0.9747383,0.0,0.0,0.0,0.0,0.0,0.0,0.0,0.0,0.0,0.0,0.9747383,0.0,0.0,0.0,0.0,0.9747383,0.0,0.0,0.9747383,0.0,0.0,0.0,0.0,0.0,0.0,0.0,0.0,0.0,0.0,0.0
11.91,3.97,4.91,1.0,1.97,1.94,2.91,1.97,1.97,0.0,0.0,0.97,0.0,1.94,0.0,0.0,0.0,0.0,0.03,0.03,0.0,2.91,0.0,0.0,0.0,1.94,0.0,0.0,0.97,0.0,0.03,0.03,0.06,0.0,0.97,0.97,0.0,0.0,0.06,0.0,0.0,0.97,0.0,0.0,0.97,0.97,0.97,0.97,0.0,0.0,0.0,0.0,0.0,0.0,0.03,1.94,0.97,0.0,0.0,0.0,0.0,0.0,0.03,0.0,0.03,0.0,0.0,0.0,0.0,0.0,0.0,0.0,0.0,0.0,0.0,0.0,0.0,0.97,0.0,0.0,0.0,1.94,0.0,0.0,0.0,0.0,0.0,0.0,0.0,0.0,0.0,0.0,0.0,0.0,0.0,0.0,0.97,0.0,0.0,0.0,0.0,0.0,0.0,0.0,0.0,0.0,0.0,0.0,0.0,0.0,0.0,0.0,0.0,0.0,0.0,0.0,0.97,0.0,0.0,0.0,0.0,0.0,0.0,0.0,0.0,0.97,0.0,0.0,0.0,0.0,0.0,0.0,0.0,0.0,0.0,0.0,0.97,0.0,0.0,0.0,0.0,0.97,0.0,0.0,0.0,0.0,0.03,0.0,0.0,0.0,0.0,0.0,0.0,0.0,0.97,0.0
10.068621,4.019606,3.0196059,1.0098029,2.0,2.0196059,3.0,2.0,0.009802951,0.0,0.0,1.0,0.0,2.0,0.0,0.0,0.0,0.0,0.009802951,0.009802951,0.0,3.0,0.0,0.0,0.019605901,2.0,0.0,0.0,1.0,0.0,0.009802951,0.0,0.019605901,0.0,1.0,0.0,0.0,0.0,0.019605901,0.009802951,0.0,1.0,0.0,0.0,1.0,1.0098029,1.0,1.0,0.0,0.0,0.0,0.0,0.0,0.0,0.019605901,2.0,1.0,0.0,0.0,0.0,0.0,0.0,0.009802951,0.0,0.019605901,0.0,0.0,0.0,1.0,0.0,0.0,1.0,0.0,1.0,0.0,0.0,0.0,0.99019706,1.0,0.0,0.0,0.0,0.0,0.0,0.0,0.0,0.0,0.0,0.0,0.0,0.0,0.0,0.0,0.0,0.0,0.0,0.0,0.0,0.0,0.0,0.0,0.0,0.0,0.0,0.0,0.0,0.0,0.0,0.0,0.0,0.0,0.0,0.0,0.0,0.0,0.0,0.0,0.0,0.0,0.0,0.0,0.0,0.0,0.0,0.0,1.0,0.0,0.0,0.0,0.0,0.0,0.0,0.0,0.0,0.0,0.0,0.99019706,0.0,0.0,0.0,0.0,1.0,0.0,0.0,1.0,0.0,0.0,0.0,0.0,0.0,0.0,0.0,0.0,0.0,0.0,0.0
10.31806,4.090874,3.0908744,1.0454372,2.0,2.0908744,3.0,2.0,0.04543719,0.0,0.0,1.0,0.0,2.0,0.0,0.0,0.0,0.0,0.04543719,0.04543719,0.0,3.0,0.0,0.0,0.09087438,2.0,0.0,0.0,1.0,0.0,0.04543719,0.0,0.09087438,0.0,1.0,0.0,0.0,0.0,0.09087438,0.04543719,0.0,1.0,0.0,0.0,1.0,1.0454372,1.0,1.0,0.0,0.0,0.0,0.0,0.0,0.0,0.09087438,2.0,1.0,0.0,0.0,0.0,0.0,0.0,0.04543719,0.0,0.09087438,0.0,0.0,0.0,1.0,0.0,0.0,1.0,0.0,1.0,0.0,0.0,0.0,0.9545628,1.0,0.0,0.0,0.0,0.0,0.0,0.0,0.0,0.0,0.0,0.0,0.0,0.0,0.0,0.0,0.0,0.0,0.0,0.0,0.0,0.0,0.0,0.0,0.0,0.0,0.0,0.0,0.0,0.0,0.0,0.0,0.0,0.0,0.0,0.0,0.0,0.0,0.0,0.0,0.0,0.0,0.0,0.0,0.0,0.0,0.0,0.0,1.0,0.0,0.0,0.0,0.0,0.0,0.0,0.0,0.0,0.0,0.0,0.9545628,0.0,0.0,0.0,0.0,1.0,0.0,0.0,1.0,0.0,0.0,0.0,0.0,0.0,0.0,0.0,0.0,0.0,0.0,0.0
10.58328,4.1666512,3.1666515,1.0833257,2.0,2.1666515,3.0,2.0,0.08332569,0.0,0.0,1.0,0.0,2.0,0.0,0.0,0.0,0.0,0.08332569,0.08332569,0.0,3.0,0.0,0.0,0.16665138,2.0,0.0,0.0,1.0,0.0,0.08332569,0.0,0.16665138,0.0,1.0,0.0,0.0,0.0,0.16665138,0.08332569,0.0,1.0,0.0,0.0,1.0,1.0833257,1.0,1.0,0.0,0.0,0.0,0.0,0.0,0.0,0.16665138,2.0,1.0,0.0,0.0,0.0,0.0,0.0,0.08332569,0.0,0.16665138,0.0,0.0,0.0,1.0,0.0,0.0,1.0,0.0,1.0,0.0,0.0,0.0,0.9166743,1.0,0.0,0.0,0.0,0.0,0.0,0.0,0.0,0.0,0.0,0.0,0.0,0.0,0.0,0.0,0.0,0.0,0.0,0.0,0.0,0.0,0.0,0.0,0.0,0.0,0.0,0.0,0.0,0.0,0.0,0.0,0.0,0.0,0.0,0.0,0.0,0.0,0.0,0.0,0.0,0.0,0.0,0.0,0.0,0.0,0.0,0.0,1.0,0.0,0.0,0.0,0.0,0.0,0.0,0.0,0.0,0.0,0.0,0.9166743,0.0,0.0,0.0,0.0,1.0,0.0,0.0,1.0,0.0,0.0,0.0,0.0,0.0,0.0,0.0,0.0,0.0,0.0,0.0
16.050512,3.0336752,3.9494872,2.0168376,1.0,2.0,3.0168376,0.0,5.8989744,0.0,0.0,1.0,2.0168376,0.0,0.0,0.0,0.0,0.0,0.016837614,0.016837614,0.0,0.0,1.0,0.0,5.8989744,0.0,0.0,1.9663248,1.0,0.0,0.016837614,0.0,0.033675227,3.9326496,0.0,0.0,0.0,0.0,0.033675227,0.9831624,0.0,0.0,0.0,0.0,0.0,0.0,0.0,0.0,0.0,0.0,0.0,0.0,5.8989744,0.0,0.033675227,0.0,0.0,0.9831624,0.0,5.8989744,0.0,0.0,0.016837614,0.0,0.033675227,0.0,0.0,0.0,0.0,0.0,0.0,0.0,0.0,0.0,0.0,0.0,0.0,0.0,0.0,0.0,0.0,0.0,0.016837614,0.0,0.0,0.0,2.9494872,0.0,0.0,0.0,0.0,0.0,0.0,0.0,0.0,0.0,0.0,0.0,0.0,0.0,0.0,0.0,0.0,0.0,0.0,0.0,0.0,0.0,0.0,0.0,0.0,0.0,0.0,0.0,0.0,0.0,0.0,0.0,0.0,0.0,0.0,0.0,0.0,0.0,0.0,0.0,0.0,0.0,0.0,0.0,0.0,0.0,0.0,0.0,0.0,0.0,0.0,0.0,0.0,0.0,0.0,0.0,0.0,0.0,0.0,0.0,0.0,0.0,0.0,0.0,0.0,0.0,0.0,0.0,0.0,0.0
16.074898,3.0499313,3.925103,2.0249658,1.0,2.0,3.0249658,0.0,5.850206,0.0,0.0,1.0,2.0249658,0.0,0.0,0.0,0.0,0.0,0.024965698,0.024965698,0.0,0.0,1.0,0.0,5.850206,0.0,0.0,1.9500686,1.0,0.0,0.024965698,0.0,0.049931396,3.9001372,0.0,0.0,0.0,0.0,0.049931396,0.9750343,0.0,0.0,0.0,0.0,0.0,0.0,0.0,0.0,0.0,0.0,0.0,0.0,5.850206,0.0,0.049931396,0.0,0.0,0.9750343,0.0,5.850206,0.0,0.0,0.024965698,0.0,0.049931396,0.0,0.0,0.0,0.0,0.0,0.0,0.0,0.0,0.0,0.0,0.0,0.0,0.0,0.0,0.0,0.0,0.0,0.024965698,0.0,0.0,0.0,2.925103,0.0,0.0,0.0,0.0,0.0,0.0,0.0,0.0,0.0,0.0,0.0,0.0,0.0,0.0,0.0,0.0,0.0,0.0,0.0,0.0,0.0,0.0,0.0,0.0,0.0,0.0,0.0,0.0,0.0,0.0,0.0,0.0,0.0,0.0,0.0,0.0,0.0,0.0,0.0,0.0,0.0,0.0,0.0,0.0,0.0,0.0,0.0,0.0,0.0,0.0,0.0,0.0,0.0,0.0,0.0,0.0,0.0,0.0,0.0,0.0,0.0,0.0,0.0,0.0,0.0,0.0,0.0,0.0,0.0
16.101667,3.0677779,3.898333,2.033889,1.0,2.0,3.033889,0.0,5.796666,0.0,0.0,1.0,2.033889,0.0,0.0,0.0,0.0,0.0,0.03388898,0.03388898,0.0,0.0,1.0,0.0,5.796666,0.0,0.0,1.932222,1.0,0.0,0.03388898,0.0,0.06777796,3.864444,0.0,0.0,0.0,0.0,0.06777796,0.966111,0.0,0.0,0.0,0.0,0.0,0.0,0.0,0.0,0.0,0.0,0.0,0.0,5.796666,0.0,0.06777796,0.0,0.0,0.966111,0.0,5.796666,0.0,0.0,0.03388898,0.0,0.06777796,0.0,0.0,0.0,0.0,0.0,0.0,0.0,0.0,0.0,0.0,0.0,0.0,0.0,0.0,0.0,0.0,0.0,0.03388898,0.0,0.0,0.0,2.898333,0.0,0.0,0.0,0.0,0.0,0.0,0.0,0.0,0.0,0.0,0.0,0.0,0.0,0.0,0.0,0.0,0.0,0.0,0.0,0.0,0.0,0.0,0.0,0.0,0.0,0.0,0.0,0.0,0.0,0.0,0.0,0.0,0.0,0.0,0.0,0.0,0.0,0.0,0.0,0.0,0.0,0.0,0.0,0.0,0.0,0.0,0.0,0.0,0.0,0.0,0.0,0.0,0.0,0.0,0.0,0.0,0.0,0.0,0.0,0.0,0.0,0.0,0.0,0.0,0.0,0.0,0.0,0.0,0.0
17.4,4.4,9.5,1.3,2.0,2.2,3.5,2.0,9.0,0.0,0.0,1.2,0.3,2.0,0.0,0.0,0.0,0.0,0.1,0.1,0.0,3.2,0.2,0.0,0.0,2.2,0.0,0.0,1.0,0.0,0.1,0.0,0.2,1.8,1.0,9.0,0.0,0.0,0.2,0.0,0.0,1.0,0.0,0.0,1.0,1.0,1.0,1.0,0.0,0.0,0.0,9.0,0.0,0.0,0.2,2.0,1.0,0.0,0.0,0.0,0.0,0.0,0.1,0.0,0.2,0.0,0.0,6.3,0.2,0.0,0.0,0.3,0.0,0.1,0.0,0.0,0.0,1.0,0.1,0.0,0.0,3.6,0.1,0.0,0.0,0.0,0.0,0.0,0.0,0.0,0.0,0.0,0.0,0.0,0.0,0.0,1.8,0.0,3.6,0.0,0.0,0.0,0.0,0.0,0.0,0.0,0.0,0.0,0.0,0.0,0.0,0.0,0.0,0.0,0.0,0.0,1.8,0.0,0.0,0.0,0.0,0.0,0.0,0.0,0.0,1.0,0.0,0.0,0.0,0.0,0.0,0.0,0.0,0.0,0.0,0.0,1.0,0.0,0.0,0.0,0.0,1.0,0.0,0.0,0.1,0.0,0.0,0.0,0.0,0.0,0.0,0.0,0.0,0.0,1.8,0.0
18.8,4.8,9.0,1.6,2.0,2.4,4.0,2.0,8.0,0.0,0.0,1.4,0.6,2.0,0.0,0.0,0.0,0.0,0.2,0.2,0.0,3.4,0.4,0.0,0.0,2.4,0.0,0.0,1.0,0.0,0.2,0.0,0.4,1.6,1.0,8.0,0.0,0.0,0.4,0.0,0.0,1.0,0.0,0.0,1.0,1.0,1.0,1.0,0.0,0.0,0.0,8.0,0.0,0.0,0.4,2.0,1.0,0.0,0.0,0.0,0.0,0.0,0.2,0.0,0.4,0.0,0.0,5.6,0.4,0.0,0.0,0.6,0.0,0.2,0.0,0.0,0.0,1.0,0.2,0.0,0.0,3.2,0.2,0.0,0.0,0.0,0.0,0.0,0.0,0.0,0.0,0.0,0.0,0.0,0.0,0.0,1.6,0.0,3.2,0.0,0.0,0.0,0.0,0.0,0.0,0.0,0.0,0.0,0.0,0.0,0.0,0.0,0.0,0.0,0.0,0.0,1.6,0.0,0.0,0.0,0.0,0.0,0.0,0.0,0.0,1.0,0.0,0.0,0.0,0.0,0.0,0.0,0.0,0.0,0.0,0.0,1.0,0.0,0.0,0.0,0.0,1.0,0.0,0.0,0.2,0.0,0.0,0.0,0.0,0.0,0.0,0.0,0.0,0.0,1.6,0.0
16.7,4.2,9.75,1.15,2.0,2.1,3.25,2.0,9.5,0.0,0.0,1.1,0.15,2.0,0.0,0.0,0.0,0.0,0.05,0.05,0.0,3.1,0.1,0.0,0.0,2.1,0.0,0.0,1.0,0.0,0.05,0.0,0.1,1.9,1.0,9.5,0.0,0.0,0.1,0.0,0.0,1.0,0.0,0.0,1.0,1.0,1.0,1.0,0.0,0.0,0.0,9.5,0.0,0.0,0.1,2.0,1.0,0.0,0.0,0.0,0.0,0.0,0.05,0.0,0.1,0.0,0.0,6.65,0.1,0.0,0.0,0.15,0.0,0.05,0.0,0.0,0.0,1.0,0.05,0.0,0.0,3.8,0.05,0.0,0.0,0.0,0.0,0.0,0.0,0.0,0.0,0.0,0.0,0.0,0.0,0.0,1.9,0.0,3.8,0.0,0.0,0.0,0.0,0.0,0.0,0.0,0.0,0.0,0.0,0.0,0.0,0.0,0.0,0.0,0.0,0.0,1.9,0.0,0.0,0.0,0.0,0.0,0.0,0.0,0.0,1.0,0.0,0.0,0.0,0.0,0.0,0.0,0.0,0.0,0.0,0.0,1.0,0.0,0.0,0.0,0.0,1.0,0.0,0.0,0.05,0.0,0.0,0.0,0.0,0.0,0.0,0.0,0.0,0.0,1.9,0.0
10.251045,4.0,3.251045,1.0,2.0,2.0,3.0,2.0,0.50209,0.0,0.0,1.0,0.0,2.0,0.0,0.0,0.0,0.0,0.0,0.0,0.0,3.0,0.0,0.0,0.0,2.0,0.0,0.0,1.0,0.0,0.0,0.0,0.0,0.33472663,1.0,0.0,0.0,0.0,0.0,0.0,0.0,1.0,0.0,0.0,1.0,1.0,1.0,1.0,0.0,0.0,0.0,0.0,0.0,0.0,0.0,2.0,1.0,0.0,0.0,0.0,0.0,0.0,0.0,0.0,0.0,0.0,0.0,0.0,0.91631836,0.0,0.0,0.91631836,0.0,0.91631836,0.0,0.0,0.0,1.0,0.91631836,0.0,0.0,0.50209,0.0,0.0,0.0,0.0,0.0,0.0,0.0,0.0,0.0,0.0,0.0,0.0,0.0,0.0,0.251045,0.0,0.0,0.0,0.0,0.0,0.0,0.0,0.0,0.0,0.0,0.0,0.0,0.0,0.0,0.0,0.0,0.0,0.0,0.0,0.251045,0.0,0.0,0.0,0.0,0.0,0.0,0.0,0.0,1.0,0.0,0.0,0.0,0.0,0.0,0.0,0.0,0.0,0.0,0.0,1.0,0.0,0.0,0.0,0.0,1.0,0.0,0.0,0.91631836,0.0,0.0,0.0,0.0,0.0,0.0,0.0,0.0,0.0,0.251045,0.0
10.040484,4.0,3.0,1.0,1.9595156,1.9190313,3.0,1.9595156,0.040484373,0.0,0.0,1.0,0.0,1.9190313,0.0,0.0,0.0,0.0,0.040484373,0.040484373,0.0,3.0,0.0,0.0,0.0,2.0,0.0,0.0,1.0,0.0,0.0,0.040484373,0.080968745,0.0,1.0,0.0,0.0,0.0,0.080968745,0.0,0.0,1.0,0.0,0.0,1.0,0.95951563,1.0,0.95951563,0.0,0.0,0.0,0.0,0.0,0.0,0.040484373,1.9190313,0.95951563,0.0,0.0,0.0,0.0,0.0,0.040484373,0.0,0.040484373,0.0,0.0,0.0,1.0,0.0,0.0,1.0,0.0,1.0,0.0,0.0,0.0,0.95951563,1.0,0.0,0.0,0.040484373,0.0,0.0,0.0,0.0,0.0,0.0,0.0,0.0,0.0,0.0,0.0,0.0,0.0,0.0,0.040484373,0.0,0.0,0.0,0.0,0.0,0.0,0.0,0.0,0.0,0.0,0.0,0.0,0.0,0.0,0.0,0.0,0.0,0.0,0.0,0.040484373,0.0,0.0,0.0,0.0,0.0,0.0,0.0,0.0,0.95951563,0.0,0.0,0.040484373,0.0,0.0,0.0,0.0,0.0,0.0,0.0,0.95951563,0.0,0.0,0.0,0.0,0.95951563,0.0,0.0,0.95951563,0.0,0.040484373,0.0,0.0,0.0,0.0,0.0,0.0,0.0,0.0,0.0
10.1388035,4.0,3.1041028,1.0,1.965299,1.9305981,3.0,1.965299,0.2429066,0.0,0.0,1.0,0.0,1.9305981,0.0,0.0,0.0,0.0,0.03470094,0.03470094,0.0,3.0,0.0,0.0,0.0,2.0,0.0,0.0,1.0,0.0,0.0,0.03470094,0.06940188,0.13880377,1.0,0.0,0.0,0.0,0.06940188,0.0,0.0,1.0,0.0,0.0,1.0,0.96529907,1.0,0.96529907,0.0,0.0,0.0,0.0,0.0,0.0,0.03470094,1.9305981,0.96529907,0.0,0.0,0.0,0.0,0.0,0.03470094,0.0,0.03470094,0.0,0.0,0.0,0.96529907,0.0,0.0,0.96529907,0.0,0.96529907,0.0,0.0,0.0,0.96529907,0.96529907,0.0,0.0,0.2429066,0.0,0.0,0.0,0.0,0.0,0.0,0.0,0.0,0.0,0.0,0.0,0.0,0.0,0.0,0.13880377,0.0,0.0,0.0,0.0,0.0,0.0,0.0,0.0,0.0,0.0,0.0,0.0,0.0,0.0,0.0,0.0,0.0,0.0,0.0,0.13880377,0.0,0.0,0.0,0.0,0.0,0.0,0.0,0.0,0.96529907,0.0,0.0,0.03470094,0.0,0.0,0.0,0.0,0.0,0.0,0.0,0.96529907,0.0,0.0,0.0,0.0,0.96529907,0.0,0.0,0.96529907,0.0,0.03470094,0.0,0.0,0.0,0.0,0.0,0.0,0.0,0.0,0.0
10.0,4.0,3.0,1.0,2.0,2.0,3.0,2.0,0.0,0.0,0.0,1.0,0.0,2.0,0.0,0.0,0.0,0.0,0.0,0.0,0.0,3.0,0.0,0.0,0.0,2.0,0.0,0.0,1.0,0.0,0.0,0.0,0.0,0.0,1.0,0.0,0.0,0.0,0.0,0.0,0.0,1.0,0.0,0.0,1.0,1.0,1.0,1.0,0.0,0.0,0.0,0.0,0.0,0.0,0.0,2.0,1.0,0.0,0.0,0.0,0.0,0.0,0.0,0.0,0.0,0.0,0.0,0.0,1.0,0.0,0.0,1.0,0.0,1.0,0.0,0.0,0.0,1.0,1.0,0.0,0.0,0.0,0.0,0.0,0.0,0.0,0.0,0.0,0.0,0.0,0.0,0.0,0.0,0.0,0.0,0.0,0.0,0.0,0.0,0.0,0.0,0.0,0.0,0.0,0.0,0.0,0.0,0.0,0.0,0.0,0.0,0.0,0.0,0.0,0.0,0.0,0.0,0.0,0.0,0.0,0.0,0.0,0.0,0.0,0.0,1.0,0.0,0.0,0.0,0.0,0.0,0.0,0.0,0.0,0.0,0.0,1.0,0.0,0.0,0.0,0.0,1.0,0.0,0.0,1.0,0.0,0.0,0.0,0.0,0.0,0.0,0.0,0.0,0.0,0.0,0.0
10.0,4.0,3.0,1.0,2.0,2.0,3.0,2.0,0.0,0.0,0.0,1.0,0.0,2.0,0.0,0.0,0.0,0.0,0.0,0.0,0.0,3.0,0.0,0.0,0.0,2.0,0.0,0.0,1.0,0.0,0.0,0.0,0.0,0.0,1.0,0.0,0.0,0.0,0.0,0.0,0.0,1.0,0.0,0.0,1.0,1.0,1.0,1.0,0.0,0.0,0.0,0.0,0.0,0.0,0.0,2.0,1.0,0.0,0.0,0.0,0.0,0.0,0.0,0.0,0.0,0.0,0.0,0.0,1.0,0.0,0.0,1.0,0.0,1.0,0.0,0.0,0.0,1.0,1.0,0.0,0.0,0.0,0.0,0.0,0.0,0.0,0.0,0.0,0.0,0.0,0.0,0.0,0.0,0.0,0.0,0.0,0.0,0.0,0.0,0.0,0.0,0.0,0.0,0.0,0.0,0.0,0.0,0.0,0.0,0.0,0.0,0.0,0.0,0.0,0.0,0.0,0.0,0.0,0.0,0.0,0.0,0.0,0.0,0.0,0.0,1.0,0.0,0.0,0.0,0.0,0.0,0.0,0.0,0.0,0.0,0.0,1.0,0.0,0.0,0.0,0.0,1.0,0.0,0.0,1.0,0.0,0.0,0.0,0.0,0.0,0.0,0.0,0.0,0.0,0.0,0.0
10.0,4.0,3.0,1.0,2.0,2.0,3.0,2.0,0.0,0.0,0.0,1.0,0.0,2.0,0.0,0.0,0.0,0.0,0.0,0.0,0.0,3.0,0.0,0.0,0.0,2.0,0.0,0.0,1.0,0.0,0.0,0.0,0.0,0.0,1.0,0.0,0.0,0.0,0.0,0.0,0.0,1.0,0.0,0.0,1.0,1.0,1.0,1.0,0.0,0.0,0.0,0.0,0.0,0.0,0.0,2.0,1.0,0.0,0.0,0.0,0.0,0.0,0.0,0.0,0.0,0.0,0.0,0.0,1.0,0.0,0.0,1.0,0.0,1.0,0.0,0.0,0.0,1.0,1.0,0.0,0.0,0.0,0.0,0.0,0.0,0.0,0.0,0.0,0.0,0.0,0.0,0.0,0.0,0.0,0.0,0.0,0.0,0.0,0.0,0.0,0.0,0.0,0.0,0.0,0.0,0.0,0.0,0.0,0.0,0.0,0.0,0.0,0.0,0.0,0.0,0.0,0.0,0.0,0.0,0.0,0.0,0.0,0.0,0.0,0.0,1.0,0.0,0.0,0.0,0.0,0.0,0.0,0.0,0.0,0.0,0.0,1.0,0.0,0.0,0.0,0.0,1.0,0.0,0.0,1.0,0.0,0.0,0.0,0.0,0.0,0.0,0.0,0.0,0.0,0.0,0.0
10.636364,4.0,3.090909,1.0909091,2.0,2.090909,3.0,2.0,0.0,0.18181819,0.0,1.0,0.0,2.0,0.0,0.0,0.0,0.0,0.0,0.0,0.0,3.0,0.0,0.0,0.0,2.0,0.0,0.0,1.0,0.0,0.0,0.0,0.0,0.0,1.0,0.0,0.0,0.0,0.0,0.0,0.0,1.0,0.27272728,0.0,1.0,0.90909094,1.0,1.0,0.0,0.0,0.0,0.0,0.0,0.0,0.0,1.8181819,1.0,0.0,0.36363637,0.0,0.0,0.0,0.0,0.0,0.0,0.0,0.09090909,0.0,1.0,0.0,0.0,1.0,0.0,1.0,0.0,0.0,0.0,0.90909094,1.0,0.0,0.0,0.0,0.0,0.0,0.0,0.0,0.0,0.0,0.0,0.0,0.0,0.0,0.0,0.0,0.0,0.0,0.0,0.0,0.0,0.0,0.0,0.0,0.0,0.0,0.0,0.0,0.0,0.0,0.0,0.0,0.0,0.0,0.0,0.0,0.0,0.0,0.0,0.0,0.0,0.0,0.0,0.0,0.0,0.0,0.0,0.90909094,0.0,0.0,0.0,0.0,0.0,0.0,0.0,0.0,0.0,0.0,0.90909094,0.0,0.0,0.0,0.0,0.90909094,0.0,0.0,0.90909094,0.0,0.0,0.0,0.0,0.0,0.0,0.0,0.0,0.0,0.0,0.0
11.166667,4.0,3.1666667,1.1666666,2.0,2.1666667,3.0,2.0,0.0,0.33333334,0.0,1.0,0.0,2.0,0.0,0.0,0.0,0.0,0.0,0.0,0.0,3.0,0.0,0.0,0.0,2.0,0.0,0.0,1.0,0.0,0.0,0.0,0.0,0.0,1.0,0.0,0.0,0.0,0.0,0.0,0.0,1.0,0.5,0.0,1.0,0.8333333,1.0,1.0,0.0,0.0,0.0,0.0,0.0,0.0,0.0,1.6666666,1.0,0.0,0.6666667,0.0,0.0,0.0,0.0,0.0,0.0,0.0,0.16666667,0.0,1.0,0.0,0.0,1.0,0.0,1.0,0.0,0.0,0.0,0.8333333,1.0,0.0,0.0,0.0,0.0,0.0,0.0,0.0,0.0,0.0,0.0,0.0,0.0,0.0,0.0,0.0,0.0,0.0,0.0,0.0,0.0,0.0,0.0,0.0,0.0,0.0,0.0,0.0,0.0,0.0,0.0,0.0,0.0,0.0,0.0,0.0,0.0,0.0,0.0,0.0,0.0,0.0,0.0,0.0,0.0,0.0,0.0,0.8333333,0.0,0.0,0.0,0.0,0.0,0.0,0.0,0.0,0.0,0.0,0.8333333,0.0,0.0,0.0,0.0,0.8333333,0.0,0.0,0.8333333,0.0,0.0,0.0,0.0,0.0,0.0,0.0,0.0,0.0,0.0,0.0
10.727273,4.0,3.090909,1.0909091,2.0,2.090909,3.0,2.0,0.0,0.18181819,0.09090909,1.0,0.0,2.0,0.0,0.0,0.0,0.0,0.0,0.0,0.0,3.0,0.0,0.0,0.0,2.0,0.0,0.0,1.0,0.0,0.0,0.0,0.0,0.0,1.0,0.0,0.0,0.0,0.0,0.0,0.0,1.0,0.27272728,0.0,1.0,0.90909094,1.0,1.0,0.0,0.0,0.0,0.0,0.0,0.0,0.0,1.8181819,1.0,0.0,0.36363637,0.0,0.0,0.0,0.0,0.0,0.0,0.0,0.09090909,0.0,1.0,0.0,0.0,1.0,0.0,1.0,0.0,0.0,0.0,0.90909094,1.0,0.0,0.0,0.0,0.0,0.0,0.0,0.0,0.0,0.0,0.0,0.0,0.0,0.0,0.0,0.0,0.0,0.0,0.0,0.0,0.0,0.0,0.0,0.0,0.0,0.0,0.0,0.0,0.0,0.0,0.0,0.0,0.0,0.0,0.0,0.0,0.0,0.0,0.0,0.0,0.0,0.0,0.0,0.0,0.0,0.0,0.0,0.90909094,0.0,0.0,0.0,0.0,0.0,0.0,0.0,0.0,0.0,0.0,0.90909094,0.0,0.0,0.0,0.0,0.90909094,0.0,0.0,0.90909094,0.0,0.0,0.0,0.0,0.0,0.0,0.0,0.0,0.0,0.0,0.0
12.0,2.0,6.5,1.0,1.0,2.0,1.0,1.0,6.5,0.0,0.0,0.0,0.0,0.0,0.0,0.0,0.0,0.0,0.0,0.0,0.0,1.0,0.0,0.0,3.0,0.0,0.0,0.0,0.0,0.0,0.0,1.0,0.0,2.0,0.0,5.5,0.0,0.0,0.0,0.5,0.0,0.0,0.0,0.0,0.0,1.0,0.0,1.0,0.0,0.0,0.0,5.0,0.0,0.0,0.0,0.0,0.0,0.0,0.0,3.0,0.0,0.0,0.0,1.0,0.0,0.0,0.0,2.5,0.0,0.0,0.0,0.0,0.0,0.0,0.0,0.0,0.0,0.0,0.0,0.0,0.0,0.0,0.0,0.0,0.0,0.0,0.0,0.0,0.0,0.0,0.0,0.0,0.0,0.0,0.0,0.0,0.0,0.0,3.0,0.0,0.0,0.0,0.0,0.0,0.0,0.0,0.0,0.0,0.0,0.0,2.0,0.0,0.0,0.0,0.0,0.0,0.0,0.0,0.0,0.0,0.0,0.0,0.0,0.0,0.0,1.0,0.0,0.0,0.0,0.0,0.0,0.0,0.0,0.0,0.0,0.0,0.0,0.0,0.0,0.5,0.0,0.0,0.0,0.0,0.0,0.0,0.0,0.0,0.0,0.0,0.0,0.0,0.0,0.0,0.0,0.0
14.5,2.0,9.0,1.0,1.0,2.0,1.0,1.0,9.5,0.0,0.0,0.0,0.0,0.0,0.0,0.0,0.0,0.0,0.0,0.0,0.0,1.0,0.0,0.0,3.0,0.0,0.0,0.0,0.0,0.0,0.0,1.0,0.0,2.5,0.0,8.5,0.0,0.0,0.0,0.5,0.0,0.0,0.0,0.0,0.0,1.0,0.0,1.0,0.0,0.0,0.0,8.0,0.0,0.0,0.0,0.0,0.0,0.0,0.0,3.0,0.0,0.0,0.0,1.0,0.0,0.0,0.0,7.0,0.0,0.0,0.0,0.0,0.0,0.0,0.0,0.0,0.0,0.0,0.0,0.0,0.0,0.0,0.0,0.0,0.0,0.0,0.0,0.0,0.0,0.0,0.0,0.0,0.0,0.0,0.0,0.0,0.0,0.0,4.0,1.0,0.0,0.0,0.0,0.0,0.0,0.0,0.0,0.0,0.0,0.0,2.0,0.0,0.0,0.0,0.0,1.0,0.0,0.0,0.0,0.0,0.0,0.0,0.0,0.0,0.0,1.0,0.0,0.0,0.0,0.0,0.0,0.0,0.0,0.0,0.0,0.0,0.0,0.0,0.0,0.0,0.0,0.0,0.0,0.0,0.0,0.0,0.0,0.0,0.0,0.0,0.0,0.0,0.0,0.0,0.0,0.0
14.5,2.0,9.0,1.0,1.0,2.0,1.0,1.0,9.5,0.0,0.0,0.0,0.0,0.0,0.0,0.0,0.0,0.0,0.0,0.0,0.0,1.0,0.0,0.0,3.0,0.0,0.0,0.0,0.0,0.0,0.0,1.0,0.0,2.5,0.0,8.5,0.0,0.0,0.0,0.5,0.0,0.0,0.0,0.0,0.0,1.0,0.0,1.0,0.0,0.0,0.0,8.0,0.0,0.0,0.0,0.0,0.0,0.0,0.0,3.0,0.0,0.0,0.0,1.0,0.0,0.0,0.0,7.0,0.0,0.0,0.0,0.0,0.0,0.0,0.0,0.0,0.0,0.0,0.0,0.0,0.0,0.0,0.0,0.0,0.0,0.0,0.0,0.0,0.0,0.0,0.0,0.0,0.0,0.0,0.0,0.0,0.0,0.0,4.0,1.0,0.0,0.0,0.0,0.0,0.0,0.0,0.0,0.0,0.0,0.0,2.0,0.0,0.0,0.0,0.0,1.0,0.0,0.0,0.0,0.0,0.0,0.0,0.0,0.0,0.0,1.0,0.0,0.0,0.0,0.0,0.0,0.0,0.0,0.0,0.0,0.0,0.0,0.0,0.0,0.0,0.0,0.0,0.0,0.0,0.0,0.0,0.0,0.0,0.0,0.0,0.0,0.0,0.0,0.0,0.0,0.0
14.5,2.0,9.0,1.0,1.0,2.0,1.0,1.0,9.5,0.0,0.0,0.0,0.0,0.0,0.0,0.0,0.0,0.0,0.0,0.0,0.0,1.0,0.0,0.0,3.0,0.0,0.0,0.0,0.0,0.0,0.0,1.0,0.0,2.5,0.0,8.5,0.0,0.0,0.0,0.5,0.0,0.0,0.0,0.0,0.0,1.0,0.0,1.0,0.0,0.0,0.0,8.0,0.0,0.0,0.0,0.0,0.0,0.0,0.0,3.0,0.0,0.0,0.0,1.0,0.0,0.0,0.0,7.0,0.0,0.0,0.0,0.0,0.0,0.0,0.0,0.0,0.0,0.0,0.0,0.0,0.0,0.0,0.0,0.0,0.0,0.0,0.0,0.0,0.0,0.0,0.0,0.0,0.0,0.0,0.0,0.0,0.0,0.0,4.0,1.0,0.0,0.0,0.0,0.0,0.0,0.0,0.0,0.0,0.0,0.0,2.0,0.0,0.0,0.0,0.0,1.0,0.0,0.0,0.0,0.0,0.0,0.0,0.0,0.0,0.0,1.0,0.0,0.0,0.0,0.0,0.0,0.0,0.0,0.0,0.0,0.0,0.0,0.0,0.0,0.0,0.0,0.0,0.0,0.0,0.0,0.0,0.0,0.0,0.0,0.0,0.0,0.0,0.0,0.0,0.0,0.0
17.0,3.0,8.0,1.5,1.0,2.0,3.0,1.0,7.5,0.0,0.0,1.0,1.0,1.0,0.0,0.0,0.0,0.0,0.0,0.0,0.0,2.0,1.0,0.0,3.0,1.0,0.0,1.0,0.0,0.0,0.0,0.0,0.0,2.0,0.0,6.0,0.0,0.0,0.0,0.5,0.0,0.0,0.0,0.0,0.0,0.5,0.0,0.0,0.0,0.0,0.0,5.0,3.0,0.0,0.0,1.0,0.0,1.0,0.0,3.0,0.0,0.0,0.0,0.0,0.0,0.0,0.0,2.5,0.0,0.0,0.0,0.0,0.0,0.0,0.0,0.0,0.0,0.5,0.0,0.0,0.0,2.0,0.0,0.0,0.0,0.0,3.0,0.0,0.0,0.0,0.0,0.0,0.0,0.0,0.0,0.0,1.0,0.0,3.0,0.0,0.0,0.0,0.0,0.0,0.0,0.0,0.0,0.0,0.0,0.0,2.0,0.0,0.0,0.0,0.0,0.0,0.0,0.0,0.0,0.0,0.0,0.0,0.0,0.0,0.0,0.0,0.0,0.0,0.0,0.0,0.0,0.0,0.0,0.0,0.0,0.0,0.0,0.0,0.0,0.0,0.0,0.0,0.0,0.0,0.0,0.0,0.0,0.0,0.0,0.0,0.0,0.0,0.0,0.0,0.0,0.0
17.0,3.0,8.0,1.5,1.0,2.0,3.0,1.0,7.5,0.0,0.0,1.0,1.0,1.0,0.0,0.0,0.0,0.0,0.0,0.0,0.0,2.0,1.0,0.0,3.0,1.0,0.0,1.0,0.0,0.0,0.0,0.0,0.0,2.0,0.0,6.0,0.0,0.0,0.0,0.5,0.0,0.0,0.0,0.0,0.0,0.5,0.0,0.0,0.0,0.0,0.0,5.0,3.0,0.0,0.0,1.0,0.0,1.0,0.0,3.0,0.0,0.0,0.0,0.0,0.0,0.0,0.0,2.5,0.0,0.0,0.0,0.0,0.0,0.0,0.0,0.0,0.0,0.5,0.0,0.0,0.0,2.0,0.0,0.0,0.0,0.0,3.0,0.0,0.0,0.0,0.0,0.0,0.0,0.0,0.0,0.0,1.0,0.0,3.0,0.0,0.0,0.0,0.0,0.0,0.0,0.0,0.0,0.0,0.0,0.0,2.0,0.0,0.0,0.0,0.0,0.0,0.0,0.0,0.0,0.0,0.0,0.0,0.0,0.0,0.0,0.0,0.0,0.0,0.0,0.0,0.0,0.0,0.0,0.0,0.0,0.0,0.0,0.0,0.0,0.0,0.0,0.0,0.0,0.0,0.0,0.0,0.0,0.0,0.0,0.0,0.0,0.0,0.0,0.0,0.0,0.0
11.0,2.0,9.0,0.0,2.0,0.0,0.0,2.0,7.0,2.0,3.0,0.0,0.0,0.0,3.0,1.0,2.0,0.0,0.0,0.0,1.0,0.0,0.0,0.0,0.0,0.0,0.0,0.0,0.0,0.0,0.0,2.0,0.0,0.0,0.0,5.0,0.0,1.0,0.0,0.0,1.0,0.0,0.0,0.0,0.0,0.0,0.0,0.0,0.0,3.0,0.0,3.0,0.0,0.0,0.0,0.0,0.0,0.0,0.0,0.0,2.0,0.0,0.0,2.0,0.0,0.0,0.0,1.0,0.0,0.0,0.0,0.0,1.0,0.0,0.0,0.0,3.0,0.0,0.0,0.0,0.0,0.0,0.0,0.0,2.0,0.0,0.0,0.0,0.0,0.0,0.0,0.0,0.0,0.0,1.0,0.0,0.0,1.0,0.0,2.0,0.0,0.0,0.0,0.0,0.0,0.0,0.0,0.0,0.0,0.0,0.0,0.0,0.0,0.0,0.0,2.0,0.0,0.0,0.0,0.0,0.0,0.0,0.0,0.0,0.0,0.0,0.0,0.0,0.0,0.0,0.0,0.0,0.0,0.0,0.0,0.0,0.0,0.0,0.0,0.0,0.0,0.0,0.0,0.0,0.0,0.0,0.0,0.0,0.0,0.0,0.0,0.0,0.0,0.0,0.0,0.0
11.114872,2.0208857,9.0,0.02088575,2.0,0.02088575,0.010442875,2.0,7.0,2.0,3.0,0.0,0.010442875,0.0,3.0,1.0,2.0,0.0,0.010442875,0.010442875,1.0,0.0,0.0,0.0,0.0,0.0,0.0,0.0,0.0,0.0,0.010442875,2.010443,0.02088575,0.010442875,0.0,4.9895573,0.0,1.0,0.02088575,0.0,1.0,0.0,0.0,0.0,0.0,0.0,0.0,0.0,0.0,3.010443,0.0,2.9791143,0.0,0.0,0.010442875,0.0,0.0,0.0,0.0,0.0,2.010443,0.0,0.010442875,2.010443,0.010442875,0.0,0.0,0.98955715,0.0,0.0,0.0,0.0,1.0104429,0.0,0.0,0.0,3.0,0.0,0.0,0.0,0.0,0.0,0.010442875,0.0,2.0,0.0,0.0,0.0,0.0,0.0,0.0,0.0,0.0,0.0,1.0,0.0,0.0,1.0,0.010442875,1.9791143,0.0,0.0,0.0,0.0,0.0,0.0,0.0,0.010442875,0.0,0.0,0.0,0.0,0.0,0.0,0.0,1.9791143,0.0,0.0,0.0,0.0,0.0,0.0,0.0,0.0,0.0,0.0,0.0,0.0,0.0,0.0,0.0,0.0,0.0,0.0,0.0,0.0,0.0,0.010442875,0.0,0.010442875,0.0,0.0,0.0,0.0,0.0,0.0,0.010442875,0.0,0.0,0.0,0.0,0.0,0.0,0.0,0.0,0.0
11.232006,2.042183,9.0,0.042182878,2.0,0.042182878,0.021091439,2.0,7.0,2.0,3.0,0.0,0.021091439,0.0,3.0,1.0,2.0,0.0,0.021091439,0.021091439,1.0,0.0,0.0,0.0,0.0,0.0,0.0,0.0,0.0,0.0,0.021091439,2.0210915,0.042182878,0.021091439,0.0,4.9789085,0.0,1.0,0.042182878,0.0,1.0,0.0,0.0,0.0,0.0,0.0,0.0,0.0,0.0,3.0210915,0.0,2.957817,0.0,0.0,0.021091439,0.0,0.0,0.0,0.0,0.0,2.0210915,0.0,0.021091439,2.0210915,0.021091439,0.0,0.0,0.97890854,0.0,0.0,0.0,0.0,1.0210915,0.0,0.0,0.0,3.0,0.0,0.0,0.0,0.0,0.0,0.021091439,0.0,2.0,0.0,0.0,0.0,0.0,0.0,0.0,0.0,0.0,0.0,1.0,0.0,0.0,1.0,0.021091439,1.9578171,0.0,0.0,0.0,0.0,0.0,0.0,0.0,0.021091439,0.0,0.0,0.0,0.0,0.0,0.0,0.0,1.9578171,0.0,0.0,0.0,0.0,0.0,0.0,0.0,0.0,0.0,0.0,0.0,0.0,0.0,0.0,0.0,0.0,0.0,0.0,0.0,0.0,0.0,0.021091439,0.0,0.021091439,0.0,0.0,0.0,0.0,0.0,0.0,0.021091439,0.0,0.0,0.0,0.0,0.0,0.0,0.0,0.0,0.0
11.35147,2.0639036,9.0,0.06390365,2.0,0.06390365,0.031951826,2.0,7.0,2.0,3.0,0.0,0.031951826,0.0,3.0,1.0,2.0,0.0,0.031951826,0.031951826,1.0,0.0,0.0,0.0,0.0,0.0,0.0,0.0,0.0,0.0,0.031951826,2.031952,0.06390365,0.031951826,0.0,4.968048,0.0,1.0,0.06390365,0.0,1.0,0.0,0.0,0.0,0.0,0.0,0.0,0.0,0.0,3.031952,0.0,2.9360964,0.0,0.0,0.031951826,0.0,0.0,0.0,0.0,0.0,2.031952,0.0,0.031951826,2.031952,0.031951826,0.0,0.0,0.96804816,0.0,0.0,0.0,0.0,1.0319518,0.0,0.0,0.0,3.0,0.0,0.0,0.0,0.0,0.0,0.031951826,0.0,2.0,0.0,0.0,0.0,0.0,0.0,0.0,0.0,0.0,0.0,1.0,0.0,0.0,1.0,0.031951826,1.9360963,0.0,0.0,0.0,0.0,0.0,0.0,0.0,0.031951826,0.0,0.0,0.0,0.0,0.0,0.0,0.0,1.9360963,0.0,0.0,0.0,0.0,0.0,0.0,0.0,0.0,0.0,0.0,0.0,0.0,0.0,0.0,0.0,0.0,0.0,0.0,0.0,0.0,0.0,0.031951826,0.0,0.031951826,0.0,0.0,0.0,0.0,0.0,0.0,0.031951826,0.0,0.0,0.0,0.0,0.0,0.0,0.0,0.0,0.0
11.473334,2.0860608,9.0,0.086060844,2.0,0.086060844,0.043030422,2.0,7.0,2.0,3.0,0.0,0.043030422,0.0,3.0,1.0,2.0,0.0,0.043030422,0.043030422,1.0,0.0,0.0,0.0,0.0,0.0,0.0,0.0,0.0,0.0,0.043030422,2.0430305,0.086060844,0.043030422,0.0,4.9569697,0.0,1.0,0.086060844,0.0,1.0,0.0,0.0,0.0,0.0,0.0,0.0,0.0,0.0,3.0430305,0.0,2.9139392,0.0,0.0,0.043030422,0.0,0.0,0.0,0.0,0.0,2.0430305,0.0,0.043030422,2.0430305,0.043030422,0.0,0.0,0.95696956,0.0,0.0,0.0,0.0,1.0430304,0.0,0.0,0.0,3.0,0.0,0.0,0.0,0.0,0.0,0.043030422,0.0,2.0,0.0,0.0,0.0,0.0,0.0,0.0,0.0,0.0,0.0,1.0,0.0,0.0,1.0,0.043030422,1.9139391,0.0,0.0,0.0,0.0,0.0,0.0,0.0,0.043030422,0.0,0.0,0.0,0.0,0.0,0.0,0.0,1.9139391,0.0,0.0,0.0,0.0,0.0,0.0,0.0,0.0,0.0,0.0,0.0,0.0,0.0,0.0,0.0,0.0,0.0,0.0,0.0,0.0,0.0,0.043030422,0.0,0.043030422,0.0,0.0,0.0,0.0,0.0,0.0,0.043030422,0.0,0.0,0.0,0.0,0.0,0.0,0.0,0.0,0.0
11.333333,4.0,3.1666667,1.1666666,2.0,2.1666667,3.0,2.0,0.0,0.33333334,0.16666667,1.0,0.0,2.0,0.0,0.0,0.0,0.0,0.0,0.0,0.0,3.0,0.0,0.0,0.0,2.0,0.0,0.0,1.0,0.0,0.0,0.0,0.0,0.0,1.0,0.0,0.0,0.0,0.0,0.0,0.0,1.0,0.5,0.0,1.0,0.8333333,1.0,1.0,0.0,0.0,0.0,0.0,0.0,0.0,0.0,1.6666666,1.0,0.0,0.6666667,0.0,0.0,0.0,0.0,0.0,0.0,0.0,0.16666667,0.0,1.0,0.0,0.0,1.0,0.0,1.0,0.0,0.0,0.0,0.8333333,1.0,0.0,0.0,0.0,0.0,0.0,0.0,0.0,0.0,0.0,0.0,0.0,0.0,0.0,0.0,0.0,0.0,0.0,0.0,0.0,0.0,0.0,0.0,0.0,0.0,0.0,0.0,0.0,0.0,0.0,0.0,0.0,0.0,0.0,0.0,0.0,0.0,0.0,0.0,0.0,0.0,0.0,0.0,0.0,0.0,0.0,0.0,0.8333333,0.0,0.0,0.0,0.0,0.0,0.0,0.0,0.0,0.0,0.0,0.8333333,0.0,0.0,0.0,0.0,0.8333333,0.0,0.0,0.8333333,0.0,0.0,0.0,0.0,0.0,0.0,0.0,0.0,0.0,0.0,0.0
10.380953,4.0,3.047619,1.0476191,2.0,2.047619,3.0,2.0,0.0,0.0952381,0.04761905,1.0,0.0,2.0,0.0,0.0,0.0,0.0,0.0,0.0,0.0,3.0,0.0,0.0,0.0,2.0,0.0,0.0,1.0,0.0,0.0,0.0,0.0,0.0,1.0,0.0,0.0,0.0,0.0,0.0,0.0,1.0,0.14285715,0.0,1.0,0.95238096,1.0,1.0,0.0,0.0,0.0,0.0,0.0,0.0,0.0,1.9047619,1.0,0.0,0.1904762,0.0,0.0,0.0,0.0,0.0,0.0,0.0,0.04761905,0.0,1.0,0.0,0.0,1.0,0.0,1.0,0.0,0.0,0.0,0.95238096,1.0,0.0,0.0,0.0,0.0,0.0,0.0,0.0,0.0,0.0,0.0,0.0,0.0,0.0,0.0,0.0,0.0,0.0,0.0,0.0,0.0,0.0,0.0,0.0,0.0,0.0,0.0,0.0,0.0,0.0,0.0,0.0,0.0,0.0,0.0,0.0,0.0,0.0,0.0,0.0,0.0,0.0,0.0,0.0,0.0,0.0,0.0,0.95238096,0.0,0.0,0.0,0.0,0.0,0.0,0.0,0.0,0.0,0.0,0.95238096,0.0,0.0,0.0,0.0,0.95238096,0.0,0.0,0.95238096,0.0,0.0,0.0,0.0,0.0,0.0,0.0,0.0,0.0,0.0,0.0
11.166667,4.1666665,3.1666667,1.1666666,2.0,2.1666667,3.0,2.0,0.0,0.16666667,0.0,1.0,0.0,2.0,0.0,0.0,0.0,0.0,0.0,0.0,0.0,3.0,0.0,0.0,0.0,2.0,0.0,0.0,1.0,0.0,0.0,0.0,0.0,0.0,1.0,0.0,0.0,0.0,0.0,0.0,0.0,1.0,0.5,0.0,1.0,0.8333333,1.0,1.0,0.0,0.0,0.0,0.0,0.0,0.0,0.0,1.6666666,1.0,0.0,0.6666667,0.0,0.0,0.0,0.0,0.0,0.0,0.0,0.16666667,0.0,1.0,0.0,0.0,1.0,0.0,1.0,0.0,0.0,0.0,0.8333333,1.0,0.0,0.0,0.0,0.0,0.0,0.0,0.0,0.0,0.0,0.0,0.0,0.0,0.0,0.0,0.0,0.0,0.0,0.0,0.0,0.0,0.0,0.0,0.0,0.0,0.0,0.0,0.0,0.0,0.0,0.0,0.0,0.0,0.0,0.0,0.0,0.0,0.0,0.0,0.0,0.0,0.0,0.0,0.0,0.0,0.0,0.0,0.8333333,0.0,0.0,0.0,0.0,0.0,0.0,0.0,0.0,0.0,0.0,0.8333333,0.0,0.0,0.0,0.0,0.8333333,0.0,0.0,0.8333333,0.0,0.0,0.0,0.0,0.0,0.0,0.0,0.0,0.0,0.0,0.0
11.166667,4.0,3.1666667,1.1666666,2.0,2.1666667,3.0,2.0,0.0,0.16666667,0.0,1.0,0.0,2.0,0.0,0.0,0.0,0.0,0.0,0.0,0.0,3.0,0.0,0.0,0.0,2.0,0.0,0.0,1.0,0.0,0.0,0.0,0.0,0.0,1.0,0.0,0.0,0.0,0.0,0.0,0.0,1.0,0.5,0.0,1.0,0.8333333,1.0,1.0,0.0,0.0,0.0,0.0,0.0,0.0,0.0,1.6666666,1.0,0.0,0.6666667,0.0,0.0,0.0,0.0,0.0,0.0,0.0,0.16666667,0.0,1.0,0.0,0.0,1.0,0.0,1.0,0.0,0.0,0.0,0.8333333,1.0,0.0,0.0,0.0,0.0,0.0,0.0,0.0,0.0,0.0,0.0,0.0,0.0,0.0,0.0,0.0,0.0,0.0,0.0,0.0,0.0,0.0,0.0,0.0,0.0,0.0,0.0,0.0,0.16666667,0.0,0.0,0.0,0.0,0.0,0.0,0.0,0.0,0.0,0.0,0.0,0.0,0.0,0.0,0.0,0.0,0.0,0.0,0.8333333,0.0,0.0,0.0,0.0,0.0,0.0,0.0,0.0,0.0,0.0,0.8333333,0.0,0.0,0.0,0.0,0.8333333,0.0,0.0,0.8333333,0.0,0.0,0.0,0.0,0.0,0.0,0.0,0.0,0.0,0.0,0.0
11.272727,4.0,3.1818182,1.1818181,2.0,2.1818182,3.0,2.0,0.0,0.36363637,0.0,1.0,0.0,2.0,0.0,0.0,0.0,0.0,0.0,0.0,0.0,3.0,0.0,0.0,0.0,2.0,0.0,0.0,1.0,0.0,0.0,0.0,0.0,0.0,1.0,0.0,0.0,0.0,0.0,0.0,0.0,1.0,0.09090909,0.0,1.0,0.90909094,1.0,1.0,0.0,0.0,0.0,0.0,0.0,0.0,0.0,1.8181819,1.0,0.0,0.0,0.0,0.0,0.0,0.0,0.0,0.0,0.0,0.0,0.0,1.0,0.0,0.0,1.0,0.0,1.0,0.0,0.0,0.0,0.90909094,1.0,0.0,0.0,0.0,0.0,0.0,0.0,0.0,0.0,0.0,0.0,0.0,0.0,0.0,0.0,0.0,0.0,0.0,0.0,0.0,0.0,0.0,0.0,0.0,0.0,0.0,0.0,0.0,0.0,0.0,0.0,0.0,0.0,0.0,0.0,0.0,0.0,0.0,0.0,0.0,0.0,0.0,0.0,0.0,0.0,0.0,0.0,0.90909094,0.0,0.0,0.0,0.0,0.0,0.0,0.0,0.0,0.0,0.0,0.90909094,0.0,0.0,0.0,0.0,0.90909094,0.0,0.0,0.90909094,0.0,0.0,0.0,0.0,0.0,0.0,0.0,0.0,0.0,0.0,0.0
10.666667,4.0,3.0952382,1.0952381,2.0,2.0952382,3.0,2.0,0.0,0.1904762,0.0,1.0,0.0,2.0,0.0,0.0,0.0,0.0,0.0,0.0,0.0,3.0,0.0,0.0,0.0,2.0,0.0,0.0,1.0,0.0,0.0,0.0,0.0,0.0,1.0,0.0,0.0,0.0,0.0,0.0,0.0,1.0,0.04761905,0.0,1.0,0.95238096,1.0,1.0,0.0,0.0,0.0,0.0,0.0,0.0,0.0,1.9047619,1.0,0.0,0.0,0.0,0.0,0.0,0.0,0.0,0.0,0.0,0.0,0.0,1.0,0.0,0.0,1.0,0.0,1.0,0.0,0.0,0.0,0.95238096,1.0,0.0,0.0,0.0,0.0,0.0,0.0,0.0,0.0,0.0,0.0,0.0,0.0,0.0,0.0,0.0,0.0,0.0,0.0,0.0,0.0,0.0,0.0,0.0,0.0,0.0,0.0,0.0,0.0,0.0,0.0,0.0,0.0,0.0,0.0,0.0,0.0,0.0,0.0,0.0,0.0,0.0,0.0,0.0,0.0,0.0,0.0,0.95238096,0.0,0.0,0.0,0.0,0.0,0.0,0.0,0.0,0.0,0.0,0.95238096,0.0,0.0,0.0,0.0,0.95238096,0.0,0.0,0.95238096,0.0,0.0,0.0,0.0,0.0,0.0,0.0,0.0,0.0,0.0,0.0
11.272727,4.0,3.1818182,1.1818181,2.0,2.1818182,3.0,2.0,0.0,0.36363637,0.0,1.0,0.0,2.0,0.0,0.0,0.0,0.0,0.0,0.0,0.0,3.0,0.0,0.0,0.0,2.0,0.0,0.0,1.0,0.0,0.0,0.0,0.0,0.0,1.0,0.0,0.0,0.0,0.0,0.0,0.0,1.0,0.0,0.0,1.0,1.0,1.0,1.0,0.0,0.0,0.0,0.0,0.0,0.0,0.0,1.8181819,1.0,0.0,0.0,0.0,0.0,0.0,0.0,0.0,0.0,0.0,0.0,0.0,1.0,0.0,0.0,1.0,0.0,1.0,0.0,0.0,0.0,0.90909094,1.0,0.0,0.0,0.0,0.0,0.0,0.0,0.0,0.0,0.0,0.0,0.0,0.0,0.0,0.0,0.0,0.0,0.0,0.0,0.0,0.0,0.0,0.0,0.0,0.0,0.0,0.0,0.0,0.0,0.0,0.0,0.0,0.0,0.0,0.0,0.0,0.0,0.0,0.0,0.0,0.0,0.0,0.0,0.0,0.0,0.0,0.0,0.90909094,0.0,0.0,0.0,0.0,0.0,0.0,0.0,0.0,0.0,0.0,0.90909094,0.0,0.0,0.0,0.0,0.90909094,0.0,0.0,0.90909094,0.0,0.0,0.0,0.0,0.0,0.0,0.0,0.0,0.0,0.0,0.0
10.666667,4.0,3.0952382,1.0952381,2.0,2.0952382,3.0,2.0,0.0,0.1904762,0.0,1.0,0.0,2.0,0.0,0.0,0.0,0.0,0.0,0.0,0.0,3.0,0.0,0.0,0.0,2.0,0.0,0.0,1.0,0.0,0.0,0.0,0.0,0.0,1.0,0.0,0.0,0.0,0.0,0.0,0.0,1.0,0.0,0.0,1.0,1.0,1.0,1.0,0.0,0.0,0.0,0.0,0.0,0.0,0.0,1.9047619,1.0,0.0,0.0,0.0,0.0,0.0,0.0,0.0,0.0,0.0,0.0,0.0,1.0,0.0,0.0,1.0,0.0,1.0,0.0,0.0,0.0,0.95238096,1.0,0.0,0.0,0.0,0.0,0.0,0.0,0.0,0.0,0.0,0.0,0.0,0.0,0.0,0.0,0.0,0.0,0.0,0.0,0.0,0.0,0.0,0.0,0.0,0.0,0.0,0.0,0.0,0.0,0.0,0.0,0.0,0.0,0.0,0.0,0.0,0.0,0.0,0.0,0.0,0.0,0.0,0.0,0.0,0.0,0.0,0.0,0.95238096,0.0,0.0,0.0,0.0,0.0,0.0,0.0,0.0,0.0,0.0,0.95238096,0.0,0.0,0.0,0.0,0.95238096,0.0,0.0,0.95238096,0.0,0.0,0.0,0.0,0.0,0.0,0.0,0.0,0.0,0.0,0.0
12.181818,4.4545455,3.8181818,1.1818181,2.090909,2.1818182,3.7272727,2.1818182,0.54545456,0.0,0.0,1.3636364,0.36363637,2.0,0.0,0.0,0.0,0.0,0.0,0.0,0.0,3.1818182,0.36363637,0.0,0.0,2.1818182,0.0,0.18181819,1.0,0.0,0.0,0.18181819,0.0,0.0,1.0,0.54545456,0.0,0.0,0.0,0.0,0.0,1.0,0.0,0.0,1.0,1.0,1.0,1.0,0.0,0.0,0.0,0.54545456,0.0,0.0,0.0,2.0,1.0,0.18181819,0.0,0.0,0.0,0.0,0.0,0.18181819,0.0,0.0,0.0,0.09090909,1.0909091,0.0,0.0,1.1818181,0.0,1.0,0.0,0.0,0.0,1.0,1.0,0.0,0.0,0.0,0.0,0.0,0.0,0.0,0.0,0.0,0.0,0.0,0.0,0.0,0.0,0.0,0.0,0.0,0.0,0.0,0.0,0.18181819,0.0,0.0,0.0,0.0,0.0,0.0,0.0,0.0,0.0,0.0,0.0,0.0,0.0,0.0,0.0,0.09090909,0.0,0.0,0.0,0.0,0.0,0.0,0.0,0.0,0.0,1.0,0.0,0.0,0.0,0.0,0.0,0.0,0.0,0.0,0.0,0.0,1.0,0.0,0.0,0.0,0.0,1.0,0.0,0.0,1.0,0.0,0.0,0.0,0.0,0.0,0.0,0.0,0.0,0.0,0.0,0.0
13.130435,4.652174,4.173913,1.2608696,2.1304348,2.2608695,4.0434785,2.2608695,0.7826087,0.0,0.0,1.5217391,0.5217391,2.0,0.0,0.0,0.0,0.0,0.0,0.0,0.0,3.2608695,0.5217391,0.0,0.0,2.2608695,0.0,0.26086956,1.0,0.0,0.0,0.26086956,0.0,0.0,1.0,0.7826087,0.0,0.0,0.0,0.0,0.0,1.0,0.0,0.0,1.0,1.0,1.0,1.0,0.0,0.0,0.0,0.7826087,0.0,0.0,0.0,2.0,1.0,0.26086956,0.0,0.0,0.0,0.0,0.0,0.26086956,0.0,0.0,0.0,0.13043478,1.1304348,0.0,0.0,1.2608696,0.0,1.0,0.0,0.0,0.0,1.0,1.0,0.0,0.0,0.0,0.0,0.0,0.0,0.0,0.0,0.0,0.0,0.0,0.0,0.0,0.0,0.0,0.0,0.0,0.0,0.0,0.0,0.26086956,0.0,0.0,0.0,0.0,0.0,0.0,0.0,0.0,0.0,0.0,0.0,0.0,0.0,0.0,0.0,0.13043478,0.0,0.0,0.0,0.0,0.0,0.0,0.0,0.0,0.0,1.0,0.0,0.0,0.0,0.0,0.0,0.0,0.0,0.0,0.0,0.0,1.0,0.0,0.0,0.0,0.0,1.0,0.0,0.0,1.0,0.0,0.0,0.0,0.0,0.0,0.0,0.0,0.0,0.0,0.0,0.0
11.142858,4.2380953,3.4285715,1.0952381,2.047619,2.0952382,3.3809524,2.0952382,0.2857143,0.0,0.0,1.1904762,0.1904762,2.0,0.0,0.0,0.0,0.0,0.0,0.0,0.0,3.0952382,0.1904762,0.0,0.0,2.0952382,0.0,0.0952381,1.0,0.0,0.0,0.0952381,0.0,0.0,1.0,0.2857143,0.0,0.0,0.0,0.0,0.0,1.0,0.0,0.0,1.0,1.0,1.0,1.0,0.0,0.0,0.0,0.2857143,0.0,0.0,0.0,2.0,1.0,0.0952381,0.0,0.0,0.0,0.0,0.0,0.0952381,0.0,0.0,0.0,0.04761905,1.0476191,0.0,0.0,1.0952381,0.0,1.0,0.0,0.0,0.0,1.0,1.0,0.0,0.0,0.0,0.0,0.0,0.0,0.0,0.0,0.0,0.0,0.0,0.0,0.0,0.0,0.0,0.0,0.0,0.0,0.0,0.0,0.0952381,0.0,0.0,0.0,0.0,0.0,0.0,0.0,0.0,0.0,0.0,0.0,0.0,0.0,0.0,0.0,0.04761905,0.0,0.0,0.0,0.0,0.0,0.0,0.0,0.0,0.0,1.0,0.0,0.0,0.0,0.0,0.0,0.0,0.0,0.0,0.0,0.0,1.0,0.0,0.0,0.0,0.0,1.0,0.0,0.0,1.0,0.0,0.0,0.0,0.0,0.0,0.0,0.0,0.0,0.0,0.0,0.0
10.333333,4.0,3.047619,1.0476191,2.0,2.047619,3.0,2.0,0.0,0.0952381,0.0,1.0,0.0,2.0,0.0,0.0,0.0,0.0,0.0,0.0,0.0,3.0,0.0,0.0,0.0,2.0,0.0,0.0,1.0,0.0,0.0,0.0,0.0,0.0,1.0,0.0,0.0,0.0,0.0,0.0,0.0,1.0,0.14285715,0.0,1.0,0.95238096,1.0,1.0,0.0,0.0,0.0,0.0,0.0,0.0,0.0,1.9047619,1.0,0.0,0.1904762,0.0,0.0,0.0,0.0,0.0,0.0,0.0,0.04761905,0.0,1.0,0.0,0.0,1.0,0.0,1.0,0.0,0.0,0.0,0.95238096,1.0,0.0,0.0,0.0,0.0,0.0,0.0,0.0,0.0,0.0,0.0,0.0,0.0,0.0,0.0,0.0,0.0,0.0,0.0,0.0,0.0,0.0,0.0,0.0,0.0,0.0,0.0,0.0,0.0,0.0,0.0,0.0,0.0,0.0,0.0,0.0,0.0,0.0,0.0,0.0,0.0,0.0,0.0,0.0,0.0,0.0,0.0,0.95238096,0.0,0.0,0.0,0.0,0.0,0.0,0.0,0.0,0.0,0.0,0.95238096,0.0,0.0,0.0,0.0,0.95238096,0.0,0.0,0.95238096,0.0,0.0,0.0,0.0,0.0,0.0,0.0,0.0,0.0,0.0,0.0
11.818182,4.090909,3.1818182,1.2727273,2.0,2.1818182,3.1818182,2.0,0.0,0.36363637,0.0,1.0909091,0.18181819,2.0,0.0,0.0,0.0,0.0,0.0,0.0,0.0,3.0,0.18181819,0.0,0.0,2.0,0.0,0.18181819,1.0,0.0,0.0,0.0,0.0,0.0,1.0,0.0,0.0,0.0,0.0,0.0,0.0,1.0,0.0,0.0,1.0,0.90909094,1.0,1.0,0.0,0.0,0.0,0.0,0.0,0.0,0.0,1.8181819,1.0,0.18181819,0.0,0.0,0.0,0.0,0.0,0.0,0.0,0.0,0.0,0.0,1.0,0.09090909,0.0,1.0,0.0,1.0,0.0,0.0,0.0,0.90909094,1.0,0.0,0.0,0.0,0.0,0.0,0.0,0.0,0.0,0.0,0.0,0.0,0.0,0.0,0.0,0.0,0.0,0.18181819,0.0,0.0,0.0,0.0,0.0,0.0,0.0,0.0,0.0,0.0,0.0,0.0,0.0,0.0,0.0,0.0,0.0,0.0,0.0,0.0,0.0,0.0,0.0,0.0,0.0,0.0,0.0,0.0,0.0,0.90909094,0.0,0.0,0.0,0.0,0.0,0.0,0.0,0.0,0.0,0.0,0.90909094,0.0,0.0,0.0,0.0,0.90909094,0.0,0.0,0.90909094,0.0,0.0,0.0,0.0,0.0,0.0,0.0,0.0,0.0,0.0,0.0
10.952381,4.047619,3.0952382,1.1428572,2.0,2.0952382,3.0952382,2.0,0.0,0.1904762,0.0,1.0476191,0.0952381,2.0,0.0,0.0,0.0,0.0,0.0,0.0,0.0,3.0,0.0952381,0.0,0.0,2.0,0.0,0.0952381,1.0,0.0,0.0,0.0,0.0,0.0,1.0,0.0,0.0,0.0,0.0,0.0,0.0,1.0,0.0,0.0,1.0,0.95238096,1.0,1.0,0.0,0.0,0.0,0.0,0.0,0.0,0.0,1.9047619,1.0,0.0952381,0.0,0.0,0.0,0.0,0.0,0.0,0.0,0.0,0.0,0.0,1.0,0.04761905,0.0,1.0,0.0,1.0,0.0,0.0,0.0,0.95238096,1.0,0.0,0.0,0.0,0.0,0.0,0.0,0.0,0.0,0.0,0.0,0.0,0.0,0.0,0.0,0.0,0.0,0.0952381,0.0,0.0,0.0,0.0,0.0,0.0,0.0,0.0,0.0,0.0,0.0,0.0,0.0,0.0,0.0,0.0,0.0,0.0,0.0,0.0,0.0,0.0,0.0,0.0,0.0,0.0,0.0,0.0,0.0,0.95238096,0.0,0.0,0.0,0.0,0.0,0.0,0.0,0.0,0.0,0.0,0.95238096,0.0,0.0,0.0,0.0,0.95238096,0.0,0.0,0.95238096,0.0,0.0,0.0,0.0,0.0,0.0,0.0,0.0,0.0,0.0,0.0
11.0,4.2,3.3,1.1,2.2,2.1,3.0,2.2,0.1,0.1,0.3,1.0,0.0,2.0,0.2,0.3,0.4,0.1,0.0,0.0,0.2,3.0,0.0,0.2,0.1,2.0,0.2,0.0,1.0,0.0,0.0,0.1,0.0,0.0,1.0,0.0,0.0,0.1,0.0,0.0,0.2,1.0,0.1,0.0,1.0,0.9,1.0,1.0,0.1,0.1,0.2,0.0,0.0,0.0,0.0,1.8,1.0,0.0,0.2,0.0,0.2,0.1,0.0,0.0,0.0,0.0,0.1,0.0,1.0,0.0,0.0,1.0,0.1,1.0,0.0,0.0,0.0,0.9,1.0,0.0,0.0,0.0,0.0,0.0,0.0,0.0,0.0,0.0,0.0,0.0,0.0,0.1,0.1,0.2,0.1,0.0,0.0,0.1,0.0,0.0,0.0,0.0,0.0,0.4,0.0,0.4,0.0,0.0,0.0,0.2,0.0,0.0,0.0,0.0,0.0,0.0,0.0,0.0,0.0,0.0,0.0,0.0,0.0,0.0,0.0,0.9,0.4,0.0,0.0,0.0,0.0,0.0,0.0,0.0,0.2,0.0,0.9,0.0,0.0,0.0,0.0,0.9,0.0,0.0,0.9,0.0,0.0,0.1,0.2,0.2,0.1,0.0,0.0,0.0,0.0,0.0
10.2,4.04,3.06,1.02,2.04,2.02,3.0,2.04,0.02,0.02,0.06,1.0,0.0,2.0,0.04,0.06,0.08,0.02,0.0,0.0,0.04,3.0,0.0,0.04,0.02,2.0,0.04,0.0,1.0,0.0,0.0,0.02,0.0,0.0,1.0,0.0,0.0,0.02,0.0,0.0,0.04,1.0,0.02,0.0,1.0,0.98,1.0,1.0,0.02,0.02,0.04,0.0,0.0,0.0,0.0,1.96,1.0,0.0,0.04,0.0,0.04,0.02,0.0,0.0,0.0,0.0,0.02,0.0,1.0,0.0,0.0,1.0,0.02,1.0,0.0,0.0,0.0,0.98,1.0,0.0,0.0,0.0,0.0,0.0,0.0,0.0,0.0,0.0,0.0,0.0,0.0,0.02,0.02,0.04,0.02,0.0,0.0,0.02,0.0,0.0,0.0,0.0,0.0,0.08,0.0,0.08,0.0,0.0,0.0,0.04,0.0,0.0,0.0,0.0,0.0,0.0,0.0,0.0,0.0,0.0,0.0,0.0,0.0,0.0,0.0,0.98,0.08,0.0,0.0,0.0,0.0,0.0,0.0,0.0,0.04,0.0,0.98,0.0,0.0,0.0,0.0,0.98,0.0,0.0,0.98,0.0,0.0,0.02,0.04,0.04,0.02,0.0,0.0,0.0,0.0,0.0
10.5,4.1,3.15,1.05,2.1,2.05,3.0,2.1,0.05,0.05,0.15,1.0,0.0,2.0,0.1,0.15,0.2,0.05,0.0,0.0,0.1,3.0,0.0,0.1,0.05,2.0,0.1,0.0,1.0,0.0,0.0,0.05,0.0,0.0,1.0,0.0,0.0,0.05,0.0,0.0,0.1,1.0,0.05,0.0,1.0,0.95,1.0,1.0,0.05,0.05,0.1,0.0,0.0,0.0,0.0,1.9,1.0,0.0,0.1,0.0,0.1,0.05,0.0,0.0,0.0,0.0,0.05,0.0,1.0,0.0,0.0,1.0,0.05,1.0,0.0,0.0,0.0,0.95,1.0,0.0,0.0,0.0,0.0,0.0,0.0,0.0,0.0,0.0,0.0,0.0,0.0,0.05,0.05,0.1,0.05,0.0,0.0,0.05,0.0,0.0,0.0,0.0,0.0,0.2,0.0,0.2,0.0,0.0,0.0,0.1,0.0,0.0,0.0,0.0,0.0,0.0,0.0,0.0,0.0,0.0,0.0,0.0,0.0,0.0,0.0,0.95,0.2,0.0,0.0,0.0,0.0,0.0,0.0,0.0,0.1,0.0,0.95,0.0,0.0,0.0,0.0,0.95,0.0,0.0,0.95,0.0,0.0,0.05,0.1,0.1,0.05,0.0,0.0,0.0,0.0,0.0
10.727273,4.2727275,3.1818182,1.0909091,2.1818182,2.1818182,3.090909,2.1818182,0.0,0.09090909,0.27272728,1.0,0.09090909,2.1818182,0.18181819,0.27272728,0.36363637,0.09090909,0.0,0.0,0.18181819,3.0,0.0,0.18181819,0.0,2.0,0.18181819,0.09090909,1.0,0.18181819,0.0,0.0,0.0,0.0,1.0,0.0,0.36363637,0.09090909,0.0,0.0,0.18181819,1.0,0.09090909,0.18181819,1.0,1.0,1.0,1.0,0.09090909,0.0,0.18181819,0.0,0.0,0.09090909,0.0,2.0,1.0,0.0,0.18181819,0.0,0.0,0.09090909,0.0,0.0,0.0,0.18181819,0.09090909,0.0,1.0,0.0,0.18181819,1.0,0.0,1.0,0.18181819,0.09090909,0.0,1.0,1.0,0.18181819,0.09090909,0.0,0.0,0.09090909,0.0,0.0,0.0,0.18181819,0.18181819,0.18181819,0.09090909,0.09090909,0.0,0.09090909,0.0,0.0,0.0,0.0,0.0,0.0,0.09090909,0.0,0.09090909,0.18181819,0.09090909,0.18181819,0.0,0.0,0.09090909,0.09090909,0.0,0.0,0.0,0.09090909,0.0,0.0,0.0,0.09090909,0.09090909,0.09090909,0.09090909,0.09090909,0.09090909,0.18181819,0.0,1.0,0.18181819,0.0,0.0,0.0,0.0,0.09090909,0.0,0.0,0.0,0.0,1.0,0.0,0.0,0.0,0.0,1.0,0.0,0.0,1.0,0.0,0.0,0.0,0.0,0.0,0.0,0.0,0.0,0.0,0.0,0.0
11.043478,4.3913045,3.2608695,1.1304348,2.2608695,2.2608695,3.1304348,2.2608695,0.0,0.13043478,0.39130434,1.0,0.13043478,2.2608695,0.26086956,0.39130434,0.5217391,0.13043478,0.0,0.0,0.26086956,3.0,0.0,0.26086956,0.0,2.0,0.26086956,0.13043478,1.0,0.26086956,0.0,0.0,0.0,0.0,1.0,0.0,0.5217391,0.13043478,0.0,0.0,0.26086956,1.0,0.13043478,0.26086956,1.0,1.0,1.0,1.0,0.13043478,0.0,0.26086956,0.0,0.0,0.13043478,0.0,2.0,1.0,0.0,0.26086956,0.0,0.0,0.13043478,0.0,0.0,0.0,0.26086956,0.13043478,0.0,1.0,0.0,0.26086956,1.0,0.0,1.0,0.26086956,0.13043478,0.0,1.0,1.0,0.26086956,0.13043478,0.0,0.0,0.13043478,0.0,0.0,0.0,0.26086956,0.26086956,0.26086956,0.13043478,0.13043478,0.0,0.13043478,0.0,0.0,0.0,0.0,0.0,0.0,0.13043478,0.0,0.13043478,0.26086956,0.13043478,0.26086956,0.0,0.0,0.13043478,0.13043478,0.0,0.0,0.0,0.13043478,0.0,0.0,0.0,0.13043478,0.13043478,0.13043478,0.13043478,0.13043478,0.13043478,0.26086956,0.0,1.0,0.26086956,0.0,0.0,0.0,0.0,0.13043478,0.0,0.0,0.0,0.0,1.0,0.0,0.0,0.0,0.0,1.0,0.0,0.0,1.0,0.0,0.0,0.0,0.0,0.0,0.0,0.0,0.0,0.0,0.0,0.0
11.333333,4.5,3.3333333,1.1666666,2.3333333,2.3333333,3.1666667,2.3333333,0.0,0.16666667,0.5,1.0,0.16666667,2.3333333,0.33333334,0.5,0.6666667,0.16666667,0.0,0.0,0.33333334,3.0,0.0,0.33333334,0.0,2.0,0.33333334,0.16666667,1.0,0.33333334,0.0,0.0,0.0,0.0,1.0,0.0,0.6666667,0.16666667,0.0,0.0,0.33333334,1.0,0.16666667,0.33333334,1.0,1.0,1.0,1.0,0.16666667,0.0,0.33333334,0.0,0.0,0.16666667,0.0,2.0,1.0,0.0,0.33333334,0.0,0.0,0.16666667,0.0,0.0,0.0,0.33333334,0.16666667,0.0,1.0,0.0,0.33333334,1.0,0.0,1.0,0.33333334,0.16666667,0.0,1.0,1.0,0.33333334,0.16666667,0.0,0.0,0.16666667,0.0,0.0,0.0,0.33333334,0.33333334,0.33333334,0.16666667,0.16666667,0.0,0.16666667,0.0,0.0,0.0,0.0,0.0,0.0,0.16666667,0.0,0.16666667,0.33333334,0.16666667,0.33333334,0.0,0.0,0.16666667,0.16666667,0.0,0.0,0.0,0.16666667,0.0,0.0,0.0,0.16666667,0.16666667,0.16666667,0.16666667,0.16666667,0.16666667,0.33333334,0.0,1.0,0.33333334,0.0,0.0,0.0,0.0,0.16666667,0.0,0.0,0.0,0.0,1.0,0.0,0.0,0.0,0.0,1.0,0.0,0.0,1.0,0.0,0.0,0.0,0.0,0.0,0.0,0.0,0.0,0.0,0.0,0.0
10.380953,4.142857,3.0952382,1.0476191,2.0952382,2.0952382,3.047619,2.0952382,0.0,0.04761905,0.14285715,1.0,0.04761905,2.0952382,0.0952381,0.14285715,0.1904762,0.04761905,0.0,0.0,0.0952381,3.0,0.0,0.0952381,0.0,2.0,0.0952381,0.04761905,1.0,0.0952381,0.0,0.0,0.0,0.0,1.0,0.0,0.1904762,0.04761905,0.0,0.0,0.0952381,1.0,0.04761905,0.0952381,1.0,1.0,1.0,1.0,0.04761905,0.0,0.0952381,0.0,0.0,0.04761905,0.0,2.0,1.0,0.0,0.0952381,0.0,0.0,0.04761905,0.0,0.0,0.0,0.0952381,0.04761905,0.0,1.0,0.0,0.0952381,1.0,0.0,1.0,0.0952381,0.04761905,0.0,1.0,1.0,0.0952381,0.04761905,0.0,0.0,0.04761905,0.0,0.0,0.0,0.0952381,0.0952381,0.0952381,0.04761905,0.04761905,0.0,0.04761905,0.0,0.0,0.0,0.0,0.0,0.0,0.04761905,0.0,0.04761905,0.0952381,0.04761905,0.0952381,0.0,0.0,0.04761905,0.04761905,0.0,0.0,0.0,0.04761905,0.0,0.0,0.0,0.04761905,0.04761905,0.04761905,0.04761905,0.04761905,0.04761905,0.0952381,0.0,1.0,0.0952381,0.0,0.0,0.0,0.0,0.04761905,0.0,0.0,0.0,0.0,1.0,0.0,0.0,0.0,0.0,1.0,0.0,0.0,1.0,0.0,0.0,0.0,0.0,0.0,0.0,0.0,0.0,0.0,0.0,0.0
10.818182,4.181818,3.2727273,1.0909091,2.1818182,2.2727273,3.0,2.1818182,0.0,0.09090909,0.27272728,1.0,0.0,2.1818182,0.18181819,0.27272728,0.36363637,0.09090909,0.0,0.0,0.18181819,3.0,0.0,0.18181819,0.0,2.0,0.18181819,0.0,1.0,0.18181819,0.0,0.0,0.0,0.0,1.0,0.0,0.36363637,0.09090909,0.0,0.0,0.18181819,1.0,0.09090909,0.18181819,1.0,1.0909091,1.0,1.0,0.09090909,0.0,0.18181819,0.0,0.0,0.09090909,0.0,2.090909,1.0,0.0,0.18181819,0.0,0.0,0.09090909,0.0,0.0,0.0,0.18181819,0.09090909,0.0,1.0,0.0,0.18181819,1.0,0.0,1.0,0.18181819,0.09090909,0.0,1.0,1.0,0.18181819,0.09090909,0.0,0.0,0.09090909,0.0,0.0,0.0,0.18181819,0.18181819,0.18181819,0.09090909,0.09090909,0.0,0.09090909,0.0,0.0,0.0,0.0,0.0,0.0,0.09090909,0.0,0.09090909,0.18181819,0.09090909,0.18181819,0.0,0.0,0.09090909,0.09090909,0.0,0.0,0.0,0.09090909,0.0,0.0,0.0,0.0,0.09090909,0.09090909,0.09090909,0.09090909,0.09090909,0.18181819,0.0,1.0,0.18181819,0.0,0.0,0.0,0.0,0.09090909,0.0,0.0,0.0,0.0,1.0,0.0,0.0,0.0,0.0,1.0,0.0,0.0,1.0,0.0,0.0,0.0,0.0,0.0,0.0,0.0,0.0,0.0,0.0,0.0
11.173913,4.2608695,3.3913043,1.1304348,2.2608695,2.3913043,3.0,2.2608695,0.0,0.13043478,0.39130434,1.0,0.0,2.2608695,0.26086956,0.39130434,0.5217391,0.13043478,0.0,0.0,0.26086956,3.0,0.0,0.26086956,0.0,2.0,0.26086956,0.0,1.0,0.26086956,0.0,0.0,0.0,0.0,1.0,0.0,0.5217391,0.13043478,0.0,0.0,0.26086956,1.0,0.13043478,0.26086956,1.0,1.1304348,1.0,1.0,0.13043478,0.0,0.26086956,0.0,0.0,0.13043478,0.0,2.1304348,1.0,0.0,0.26086956,0.0,0.0,0.13043478,0.0,0.0,0.0,0.26086956,0.13043478,0.0,1.0,0.0,0.26086956,1.0,0.0,1.0,0.26086956,0.13043478,0.0,1.0,1.0,0.26086956,0.13043478,0.0,0.0,0.13043478,0.0,0.0,0.0,0.26086956,0.26086956,0.26086956,0.13043478,0.13043478,0.0,0.13043478,0.0,0.0,0.0,0.0,0.0,0.0,0.13043478,0.0,0.13043478,0.26086956,0.13043478,0.26086956,0.0,0.0,0.13043478,0.13043478,0.0,0.0,0.0,0.13043478,0.0,0.0,0.0,0.0,0.13043478,0.13043478,0.13043478,0.13043478,0.13043478,0.26086956,0.0,1.0,0.26086956,0.0,0.0,0.0,0.0,0.13043478,0.0,0.0,0.0,0.0,1.0,0.0,0.0,0.0,0.0,1.0,0.0,0.0,1.0,0.0,0.0,0.0,0.0,0.0,0.0,0.0,0.0,0.0,0.0,0.0
11.5,4.3333335,3.5,1.1666666,2.3333333,2.5,3.0,2.3333333,0.0,0.16666667,0.5,1.0,0.0,2.3333333,0.33333334,0.5,0.6666667,0.16666667,0.0,0.0,0.33333334,3.0,0.0,0.33333334,0.0,2.0,0.33333334,0.0,1.0,0.33333334,0.0,0.0,0.0,0.0,1.0,0.0,0.6666667,0.16666667,0.0,0.0,0.33333334,1.0,0.16666667,0.33333334,1.0,1.1666666,1.0,1.0,0.16666667,0.0,0.33333334,0.0,0.0,0.16666667,0.0,2.1666667,1.0,0.0,0.33333334,0.0,0.0,0.16666667,0.0,0.0,0.0,0.33333334,0.16666667,0.0,1.0,0.0,0.33333334,1.0,0.0,1.0,0.33333334,0.16666667,0.0,1.0,1.0,0.33333334,0.16666667,0.0,0.0,0.16666667,0.0,0.0,0.0,0.33333334,0.33333334,0.33333334,0.16666667,0.16666667,0.0,0.16666667,0.0,0.0,0.0,0.0,0.0,0.0,0.16666667,0.0,0.16666667,0.33333334,0.16666667,0.33333334,0.0,0.0,0.16666667,0.16666667,0.0,0.0,0.0,0.16666667,0.0,0.0,0.0,0.0,0.16666667,0.16666667,0.16666667,0.16666667,0.16666667,0.33333334,0.0,1.0,0.33333334,0.0,0.0,0.0,0.0,0.16666667,0.0,0.0,0.0,0.0,1.0,0.0,0.0,0.0,0.0,1.0,0.0,0.0,1.0,0.0,0.0,0.0,0.0,0.0,0.0,0.0,0.0,0.0,0.0,0.0
10.428572,4.095238,3.142857,1.0476191,2.0952382,2.142857,3.0,2.0952382,0.0,0.04761905,0.14285715,1.0,0.0,2.0952382,0.0952381,0.14285715,0.1904762,0.04761905,0.0,0.0,0.0952381,3.0,0.0,0.0952381,0.0,2.0,0.0952381,0.0,1.0,0.0952381,0.0,0.0,0.0,0.0,1.0,0.0,0.1904762,0.04761905,0.0,0.0,0.0952381,1.0,0.04761905,0.0952381,1.0,1.0476191,1.0,1.0,0.04761905,0.0,0.0952381,0.0,0.0,0.04761905,0.0,2.047619,1.0,0.0,0.0952381,0.0,0.0,0.04761905,0.0,0.0,0.0,0.0952381,0.04761905,0.0,1.0,0.0,0.0952381,1.0,0.0,1.0,0.0952381,0.04761905,0.0,1.0,1.0,0.0952381,0.04761905,0.0,0.0,0.04761905,0.0,0.0,0.0,0.0952381,0.0952381,0.0952381,0.04761905,0.04761905,0.0,0.04761905,0.0,0.0,0.0,0.0,0.0,0.0,0.04761905,0.0,0.04761905,0.0952381,0.04761905,0.0952381,0.0,0.0,0.04761905,0.04761905,0.0,0.0,0.0,0.04761905,0.0,0.0,0.0,0.0,0.04761905,0.04761905,0.04761905,0.04761905,0.04761905,0.0952381,0.0,1.0,0.0952381,0.0,0.0,0.0,0.0,0.04761905,0.0,0.0,0.0,0.0,1.0,0.0,0.0,0.0,0.0,1.0,0.0,0.0,1.0,0.0,0.0,0.0,0.0,0.0,0.0,0.0,0.0,0.0,0.0,0.0
10.636364,4.0,3.090909,1.0909091,2.0,2.090909,3.0,2.0,0.0,0.18181819,0.0,1.0,0.0,2.0,0.0,0.0,0.0,0.0,0.0,0.0,0.0,3.0,0.0,0.0,0.0,2.0,0.0,0.0,1.0,0.0,0.0,0.0,0.0,0.0,1.0,0.0,0.0,0.0,0.0,0.0,0.0,1.0,0.0,0.0,1.0,1.0,1.0,1.0,0.0,0.0,0.0,0.0,0.0,0.0,0.0,1.9090909,1.0,0.0,0.0,0.0,0.0,0.0,0.0,0.0,0.0,0.0,0.0,0.0,1.0,0.0,0.0,1.0,0.0,1.0,0.0,0.0,0.0,0.90909094,1.0,0.0,0.0,0.0,0.0,0.0,0.0,0.0,0.0,0.0,0.0,0.0,0.0,0.0,0.0,0.0,0.0,0.0,0.0,0.0,0.0,0.0,0.0,0.0,0.0,0.0,0.0,0.0,0.0,0.0,0.0,0.0,0.0,0.0,0.0,0.0,0.0,0.0,0.0,0.0,0.0,0.0,0.0,0.0,0.0,0.0,0.0,0.90909094,0.0,0.0,0.0,0.0,0.0,0.0,0.0,0.0,0.0,0.0,0.90909094,0.0,0.0,0.0,0.0,0.90909094,0.0,0.0,0.90909094,0.0,0.0,0.0,0.0,0.0,0.0,0.0,0.0,0.0,0.0,0.0
11.166667,4.0,3.1666667,1.1666666,2.0,2.1666667,3.0,2.0,0.0,0.33333334,0.0,1.0,0.0,2.0,0.0,0.0,0.0,0.0,0.0,0.0,0.0,3.0,0.0,0.0,0.0,2.0,0.0,0.0,1.0,0.0,0.0,0.0,0.0,0.0,1.0,0.0,0.0,0.0,0.0,0.0,0.0,1.0,0.0,0.0,1.0,1.0,1.0,1.0,0.0,0.0,0.0,0.0,0.0,0.0,0.0,1.8333334,1.0,0.0,0.0,0.0,0.0,0.0,0.0,0.0,0.0,0.0,0.0,0.0,1.0,0.0,0.0,1.0,0.0,1.0,0.0,0.0,0.0,0.8333333,1.0,0.0,0.0,0.0,0.0,0.0,0.0,0.0,0.0,0.0,0.0,0.0,0.0,0.0,0.0,0.0,0.0,0.0,0.0,0.0,0.0,0.0,0.0,0.0,0.0,0.0,0.0,0.0,0.0,0.0,0.0,0.0,0.0,0.0,0.0,0.0,0.0,0.0,0.0,0.0,0.0,0.0,0.0,0.0,0.0,0.0,0.0,0.8333333,0.0,0.0,0.0,0.0,0.0,0.0,0.0,0.0,0.0,0.0,0.8333333,0.0,0.0,0.0,0.0,0.8333333,0.0,0.0,0.8333333,0.0,0.0,0.0,0.0,0.0,0.0,0.0,0.0,0.0,0.0,0.0
11.0,4.0,4.0,1.0,2.0,2.0,3.0,2.0,1.0,0.0,0.0,1.0,0.0,2.0,0.0,0.0,0.0,0.0,0.0,0.0,0.0,3.0,0.0,0.0,0.0,2.0,0.0,0.0,1.0,0.0,0.0,0.0,0.0,0.0,1.0,0.0,0.0,0.0,0.0,0.0,0.0,1.0,0.0,0.0,1.0,1.0,1.0,1.0,0.0,0.0,0.0,0.0,0.0,0.0,0.0,2.0,1.0,0.0,0.0,0.0,0.0,0.0,0.0,0.0,0.0,0.0,0.0,0.0,0.0,0.0,0.0,0.0,0.0,0.0,0.0,0.0,0.0,1.0,0.0,0.0,0.0,2.0,0.0,0.0,0.0,0.0,0.0,0.0,0.0,0.0,0.0,0.0,0.0,0.0,0.0,0.0,1.0,0.0,0.0,0.0,0.0,0.0,0.0,0.0,0.0,0.0,0.0,0.0,0.0,0.0,0.0,0.0,0.0,0.0,0.0,0.0,1.0,0.0,0.0,0.0,0.0,0.0,0.0,0.0,0.0,1.0,0.0,0.0,0.0,0.0,0.0,0.0,0.0,0.0,0.0,0.0,1.0,0.0,0.0,0.0,0.0,1.0,0.0,0.0,0.0,0.0,0.0,0.0,0.0,0.0,0.0,0.0,0.0,0.0,1.0,0.0
11.141077,4.0470257,4.0470257,1.0156752,2.0,2.0,3.0313504,2.0,1.0627009,0.0,0.0,1.0,0.015675208,1.9686496,0.0,0.0,0.0,0.0,0.015675208,0.015675208,0.0,3.0156753,0.0,0.0,0.0,2.0,0.0,0.0,1.0,0.0,0.015675208,0.047025625,0.031350415,0.015675208,1.0,0.031350415,0.0,0.0,0.031350415,0.0,0.0,1.0,0.0,0.0,1.0,0.9843248,1.0,0.9843248,0.0,0.0,0.0,0.0,0.0,0.0,0.015675208,1.9686496,0.9843248,0.0,0.0,0.0,0.0,0.0,0.015675208,0.047025625,0.015675208,0.0,0.0,0.0,0.0,0.0,0.0,0.0,0.0,0.0,0.0,0.0,0.0,0.9843248,0.0,0.0,0.0,2.0470257,0.015675208,0.0,0.0,0.0,0.0,0.0,0.0,0.0,0.0,0.0,0.0,0.0,0.0,0.0,1.0156752,0.0,0.015675208,0.0,0.0,0.0,0.0,0.0,0.0,0.0,0.0,0.015675208,0.0,0.0,0.0,0.0,0.0,0.0,0.0,0.0,1.0156752,0.0,0.0,0.0,0.0,0.0,0.0,0.0,0.0,0.9843248,0.0,0.0,0.047025625,0.0,0.0,0.0,0.0,0.0,0.0,0.0,0.9843248,0.015675208,0.0,0.015675208,0.0,0.9843248,0.0,0.0,0.0,0.0,0.015675208,0.0,0.0,0.0,0.0,0.0,0.0,0.0,0.9843248,0.0
11.237466,4.0791554,4.0791554,1.0263851,2.0,2.0,3.0527701,2.0,1.1055405,0.0,0.0,1.0,0.026385114,1.9472297,0.0,0.0,0.0,0.0,0.026385114,0.026385114,0.0,3.026385,0.0,0.0,0.0,2.0,0.0,0.0,1.0,0.0,0.026385114,0.07915534,0.052770227,0.026385114,1.0,0.052770227,0.0,0.0,0.052770227,0.0,0.0,1.0,0.0,0.0,1.0,0.9736149,1.0,0.9736149,0.0,0.0,0.0,0.0,0.0,0.0,0.026385114,1.9472297,0.9736149,0.0,0.0,0.0,0.0,0.0,0.026385114,0.07915534,0.026385114,0.0,0.0,0.0,0.0,0.0,0.0,0.0,0.0,0.0,0.0,0.0,0.0,0.9736149,0.0,0.0,0.0,2.0791554,0.026385114,0.0,0.0,0.0,0.0,0.0,0.0,0.0,0.0,0.0,0.0,0.0,0.0,0.0,1.0263851,0.0,0.026385114,0.0,0.0,0.0,0.0,0.0,0.0,0.0,0.0,0.026385114,0.0,0.0,0.0,0.0,0.0,0.0,0.0,0.0,1.0263851,0.0,0.0,0.0,0.0,0.0,0.0,0.0,0.0,0.9736149,0.0,0.0,0.07915534,0.0,0.0,0.0,0.0,0.0,0.0,0.0,0.9736149,0.026385114,0.0,0.026385114,0.0,0.9736149,0.0,0.0,0.0,0.0,0.026385114,0.0,0.0,0.0,0.0,0.0,0.0,0.0,0.9736149,0.0
11.385698,4.1285663,4.1285663,1.0428554,2.0,2.0,3.0857108,2.0,1.1714214,0.0,0.0,1.0,0.042855356,1.9142892,0.0,0.0,0.0,0.0,0.042855356,0.042855356,0.0,3.0428553,0.0,0.0,0.0,2.0,0.0,0.0,1.0,0.0,0.042855356,0.12856607,0.08571071,0.042855356,1.0,0.08571071,0.0,0.0,0.08571071,0.0,0.0,1.0,0.0,0.0,1.0,0.9571446,1.0,0.9571446,0.0,0.0,0.0,0.0,0.0,0.0,0.042855356,1.9142892,0.9571446,0.0,0.0,0.0,0.0,0.0,0.042855356,0.12856607,0.042855356,0.0,0.0,0.0,0.0,0.0,0.0,0.0,0.0,0.0,0.0,0.0,0.0,0.9571446,0.0,0.0,0.0,2.128566,0.042855356,0.0,0.0,0.0,0.0,0.0,0.0,0.0,0.0,0.0,0.0,0.0,0.0,0.0,1.0428554,0.0,0.042855356,0.0,0.0,0.0,0.0,0.0,0.0,0.0,0.0,0.042855356,0.0,0.0,0.0,0.0,0.0,0.0,0.0,0.0,1.0428554,0.0,0.0,0.0,0.0,0.0,0.0,0.0,0.0,0.9571446,0.0,0.0,0.12856607,0.0,0.0,0.0,0.0,0.0,0.0,0.0,0.9571446,0.042855356,0.0,0.042855356,0.0,0.9571446,0.0,0.0,0.0,0.0,0.042855356,0.0,0.0,0.0,0.0,0.0,0.0,0.0,0.9571446,0.0
11.487039,4.1623464,4.1623464,1.0541154,2.0,2.0,3.1082308,2.0,1.2164617,0.0,0.0,1.0,0.05411542,1.8917692,0.0,0.0,0.0,0.0,0.05411542,0.05411542,0.0,3.0541155,0.0,0.0,0.0,2.0,0.0,0.0,1.0,0.0,0.05411542,0.16234624,0.10823084,0.05411542,1.0,0.10823084,0.0,0.0,0.10823084,0.0,0.0,1.0,0.0,0.0,1.0,0.9458846,1.0,0.9458846,0.0,0.0,0.0,0.0,0.0,0.0,0.05411542,1.8917692,0.9458846,0.0,0.0,0.0,0.0,0.0,0.05411542,0.16234624,0.05411542,0.0,0.0,0.0,0.0,0.0,0.0,0.0,0.0,0.0,0.0,0.0,0.0,0.9458846,0.0,0.0,0.0,2.1623464,0.05411542,0.0,0.0,0.0,0.0,0.0,0.0,0.0,0.0,0.0,0.0,0.0,0.0,0.0,1.0541154,0.0,0.05411542,0.0,0.0,0.0,0.0,0.0,0.0,0.0,0.0,0.05411542,0.0,0.0,0.0,0.0,0.0,0.0,0.0,0.0,1.0541154,0.0,0.0,0.0,0.0,0.0,0.0,0.0,0.0,0.9458846,0.0,0.0,0.16234624,0.0,0.0,0.0,0.0,0.0,0.0,0.0,0.9458846,0.05411542,0.0,0.05411542,0.0,0.9458846,0.0,0.0,0.0,0.0,0.05411542,0.0,0.0,0.0,0.0,0.0,0.0,0.0,0.9458846,0.0
10.333333,4.0,3.047619,1.0476191,2.0,2.047619,3.0,2.0,0.0,0.0952381,0.0,1.0,0.0,2.0,0.0,0.0,0.0,0.0,0.0,0.0,0.0,3.0,0.0,0.0,0.0,2.0,0.0,0.0,1.0,0.0,0.0,0.0,0.0,0.0,1.0,0.0,0.0,0.0,0.0,0.0,0.0,1.0,0.0,0.0,1.0,1.0,1.0,1.0,0.0,0.0,0.0,0.0,0.0,0.0,0.0,1.9523809,1.0,0.0,0.0,0.0,0.0,0.0,0.0,0.0,0.0,0.0,0.0,0.0,1.0,0.0,0.0,1.0,0.0,1.0,0.0,0.0,0.0,0.95238096,1.0,0.0,0.0,0.0,0.0,0.0,0.0,0.0,0.0,0.0,0.0,0.0,0.0,0.0,0.0,0.0,0.0,0.0,0.0,0.0,0.0,0.0,0.0,0.0,0.0,0.0,0.0,0.0,0.0,0.0,0.0,0.0,0.0,0.0,0.0,0.0,0.0,0.0,0.0,0.0,0.0,0.0,0.0,0.0,0.0,0.0,0.0,0.95238096,0.0,0.0,0.0,0.0,0.0,0.0,0.0,0.0,0.0,0.0,0.95238096,0.0,0.0,0.0,0.0,0.95238096,0.0,0.0,0.95238096,0.0,0.0,0.0,0.0,0.0,0.0,0.0,0.0,0.0,0.0,0.0
11.454545,4.5454545,3.0,1.1818181,2.3636363,2.0,3.1818182,2.0,0.0,0.18181819,0.18181819,1.0,0.18181819,2.0,0.0,0.0,0.0,0.18181819,0.0,0.0,0.0,3.0,0.0,0.0,0.0,2.0,0.0,0.0,1.0,0.0,0.0,0.0,0.0,0.0,1.0,0.0,0.0,0.0,0.0,0.0,0.0,1.0,0.0,0.0,1.0,0.90909094,1.0,1.0,0.0,0.0,0.0,0.0,0.0,0.0,0.0,1.8181819,1.0,0.0,0.0,0.0,0.0,0.0,0.0,0.0,0.0,0.0,0.0,0.0,1.0,0.0,0.0,1.0,0.0,1.0,0.0,0.0,0.0,0.90909094,1.0,0.0,0.0,0.0,0.0,0.0,0.0,0.18181819,0.0,0.0,0.0,0.0,0.0,0.0,0.0,0.0,0.0,0.0,0.0,0.0,0.0,0.0,0.0,0.0,0.0,0.0,0.0,0.0,0.0,0.0,0.0,0.0,0.0,0.0,0.0,0.0,0.0,0.0,0.0,0.0,0.0,0.0,0.0,0.0,0.0,0.0,0.0,0.90909094,0.0,0.0,0.0,0.0,0.0,0.0,0.0,0.0,0.0,0.0,0.90909094,0.0,0.0,0.0,0.0,0.90909094,0.0,0.0,0.90909094,0.0,0.0,0.0,0.0,0.0,0.0,0.0,0.0,0.0,0.0,0.0
10.390244,4.1463413,3.0,1.0487804,2.097561,2.0,3.0487804,2.0,0.0,0.048780486,0.048780486,1.0,0.048780486,2.0,0.0,0.0,0.0,0.048780486,0.0,0.0,0.0,3.0,0.0,0.0,0.0,2.0,0.0,0.0,1.0,0.0,0.0,0.0,0.0,0.0,1.0,0.0,0.0,0.0,0.0,0.0,0.0,1.0,0.0,0.0,1.0,0.9756098,1.0,1.0,0.0,0.0,0.0,0.0,0.0,0.0,0.0,1.9512196,1.0,0.0,0.0,0.0,0.0,0.0,0.0,0.0,0.0,0.0,0.0,0.0,1.0,0.0,0.0,1.0,0.0,1.0,0.0,0.0,0.0,0.9756098,1.0,0.0,0.0,0.0,0.0,0.0,0.0,0.048780486,0.0,0.0,0.0,0.0,0.0,0.0,0.0,0.0,0.0,0.0,0.0,0.0,0.0,0.0,0.0,0.0,0.0,0.0,0.0,0.0,0.0,0.0,0.0,0.0,0.0,0.0,0.0,0.0,0.0,0.0,0.0,0.0,0.0,0.0,0.0,0.0,0.0,0.0,0.0,0.9756098,0.0,0.0,0.0,0.0,0.0,0.0,0.0,0.0,0.0,0.0,0.9756098,0.0,0.0,0.0,0.0,0.9756098,0.0,0.0,0.9756098,0.0,0.0,0.0,0.0,0.0,0.0,0.0,0.0,0.0,0.0,0.0
10.761905,4.285714,3.0,1.0952381,2.1904762,2.0,3.0952382,2.0,0.0,0.0952381,0.0952381,1.0,0.0952381,2.0,0.0,0.0,0.0,0.0952381,0.0,0.0,0.0,3.0,0.0,0.0,0.0,2.0,0.0,0.0,1.0,0.0,0.0,0.0,0.0,0.0,1.0,0.0,0.0,0.0,0.0,0.0,0.0,1.0,0.0,0.0,1.0,0.95238096,1.0,1.0,0.0,0.0,0.0,0.0,0.0,0.0,0.0,1.9047619,1.0,0.0,0.0,0.0,0.0,0.0,0.0,0.0,0.0,0.0,0.0,0.0,1.0,0.0,0.0,1.0,0.0,1.0,0.0,0.0,0.0,0.95238096,1.0,0.0,0.0,0.0,0.0,0.0,0.0,0.0952381,0.0,0.0,0.0,0.0,0.0,0.0,0.0,0.0,0.0,0.0,0.0,0.0,0.0,0.0,0.0,0.0,0.0,0.0,0.0,0.0,0.0,0.0,0.0,0.0,0.0,0.0,0.0,0.0,0.0,0.0,0.0,0.0,0.0,0.0,0.0,0.0,0.0,0.0,0.0,0.95238096,0.0,0.0,0.0,0.0,0.0,0.0,0.0,0.0,0.0,0.0,0.95238096,0.0,0.0,0.0,0.0,0.95238096,0.0,0.0,0.95238096,0.0,0.0,0.0,0.0,0.0,0.0,0.0,0.0,0.0,0.0,0.0
11.116279,4.418605,3.0,1.1395348,2.2790697,2.0,3.139535,2.0,0.0,0.13953489,0.13953489,1.0,0.13953489,2.0,0.0,0.0,0.0,0.13953489,0.0,0.0,0.0,3.0,0.0,0.0,0.0,2.0,0.0,0.0,1.0,0.0,0.0,0.0,0.0,0.0,1.0,0.0,0.0,0.0,0.0,0.0,0.0,1.0,0.0,0.0,1.0,0.9302326,1.0,1.0,0.0,0.0,0.0,0.0,0.0,0.0,0.0,1.8604652,1.0,0.0,0.0,0.0,0.0,0.0,0.0,0.0,0.0,0.0,0.0,0.0,1.0,0.0,0.0,1.0,0.0,1.0,0.0,0.0,0.0,0.9302326,1.0,0.0,0.0,0.0,0.0,0.0,0.0,0.13953489,0.0,0.0,0.0,0.0,0.0,0.0,0.0,0.0,0.0,0.0,0.0,0.0,0.0,0.0,0.0,0.0,0.0,0.0,0.0,0.0,0.0,0.0,0.0,0.0,0.0,0.0,0.0,0.0,0.0,0.0,0.0,0.0,0.0,0.0,0.0,0.0,0.0,0.0,0.0,0.9302326,0.0,0.0,0.0,0.0,0.0,0.0,0.0,0.0,0.0,0.0,0.9302326,0.0,0.0,0.0,0.0,0.9302326,0.0,0.0,0.9302326,0.0,0.0,0.0,0.0,0.0,0.0,0.0,0.0,0.0,0.0,0.0
10.727273,4.2727275,3.1818182,1.0909091,2.1818182,2.1818182,3.090909,2.1818182,0.0,0.09090909,0.27272728,1.0,0.09090909,2.1818182,0.18181819,0.27272728,0.36363637,0.09090909,0.0,0.0,0.18181819,3.0,0.0,0.18181819,0.0,2.0,0.18181819,0.0,1.0,0.18181819,0.0,0.0,0.0,0.0,1.0,0.0,0.36363637,0.09090909,0.0,0.0,0.18181819,1.0,0.09090909,0.18181819,1.0,1.0,1.0,1.0,0.09090909,0.0,0.18181819,0.0,0.0,0.09090909,0.0,2.0,1.0,0.0,0.18181819,0.0,0.0,0.09090909,0.0,0.0,0.0,0.18181819,0.09090909,0.0,1.0,0.0,0.18181819,1.0,0.0,1.0,0.18181819,0.09090909,0.0,1.0,1.0,0.18181819,0.09090909,0.0,0.0,0.09090909,0.0,0.09090909,0.0,0.18181819,0.18181819,0.18181819,0.09090909,0.09090909,0.0,0.0,0.0,0.0,0.0,0.0,0.0,0.0,0.09090909,0.18181819,0.09090909,0.0,0.09090909,0.0,0.0,0.0,0.09090909,0.0,0.0,0.18181819,0.18181819,0.09090909,0.18181819,0.0,0.0,0.0,0.09090909,0.09090909,0.09090909,0.09090909,0.09090909,0.18181819,0.0,0.90909094,0.0,0.0,0.0,0.0,0.0,0.09090909,0.0,0.0,0.0,0.0,0.90909094,0.0,0.18181819,0.0,0.18181819,0.90909094,0.0,0.0,0.90909094,0.0,0.0,0.0,0.0,0.0,0.0,0.0,0.0,0.0,0.0,0.0
11.043478,4.3913045,3.2608695,1.1304348,2.2608695,2.2608695,3.1304348,2.2608695,0.0,0.13043478,0.39130434,1.0,0.13043478,2.2608695,0.26086956,0.39130434,0.5217391,0.13043478,0.0,0.0,0.26086956,3.0,0.0,0.26086956,0.0,2.0,0.26086956,0.0,1.0,0.26086956,0.0,0.0,0.0,0.0,1.0,0.0,0.5217391,0.13043478,0.0,0.0,0.26086956,1.0,0.13043478,0.26086956,1.0,1.0,1.0,1.0,0.13043478,0.0,0.26086956,0.0,0.0,0.13043478,0.0,2.0,1.0,0.0,0.26086956,0.0,0.0,0.13043478,0.0,0.0,0.0,0.26086956,0.13043478,0.0,1.0,0.0,0.26086956,1.0,0.0,1.0,0.26086956,0.13043478,0.0,1.0,1.0,0.26086956,0.13043478,0.0,0.0,0.13043478,0.0,0.13043478,0.0,0.26086956,0.26086956,0.26086956,0.13043478,0.13043478,0.0,0.0,0.0,0.0,0.0,0.0,0.0,0.0,0.13043478,0.26086956,0.13043478,0.0,0.13043478,0.0,0.0,0.0,0.13043478,0.0,0.0,0.26086956,0.26086956,0.13043478,0.26086956,0.0,0.0,0.0,0.13043478,0.13043478,0.13043478,0.13043478,0.13043478,0.26086956,0.0,0.8695652,0.0,0.0,0.0,0.0,0.0,0.13043478,0.0,0.0,0.0,0.0,0.8695652,0.0,0.26086956,0.0,0.26086956,0.8695652,0.0,0.0,0.8695652,0.0,0.0,0.0,0.0,0.0,0.0,0.0,0.0,0.0,0.0,0.0
11.333333,4.5,3.3333333,1.1666666,2.3333333,2.3333333,3.1666667,2.3333333,0.0,0.16666667,0.5,1.0,0.16666667,2.3333333,0.33333334,0.5,0.6666667,0.16666667,0.0,0.0,0.33333334,3.0,0.0,0.33333334,0.0,2.0,0.33333334,0.0,1.0,0.33333334,0.0,0.0,0.0,0.0,1.0,0.0,0.6666667,0.16666667,0.0,0.0,0.33333334,1.0,0.16666667,0.33333334,1.0,1.0,1.0,1.0,0.16666667,0.0,0.33333334,0.0,0.0,0.16666667,0.0,2.0,1.0,0.0,0.33333334,0.0,0.0,0.16666667,0.0,0.0,0.0,0.33333334,0.16666667,0.0,1.0,0.0,0.33333334,1.0,0.0,1.0,0.33333334,0.16666667,0.0,1.0,1.0,0.33333334,0.16666667,0.0,0.0,0.16666667,0.0,0.16666667,0.0,0.33333334,0.33333334,0.33333334,0.16666667,0.16666667,0.0,0.0,0.0,0.0,0.0,0.0,0.0,0.0,0.16666667,0.33333334,0.16666667,0.0,0.16666667,0.0,0.0,0.0,0.16666667,0.0,0.0,0.33333334,0.33333334,0.16666667,0.33333334,0.0,0.0,0.0,0.16666667,0.16666667,0.16666667,0.16666667,0.16666667,0.33333334,0.0,0.8333333,0.0,0.0,0.0,0.0,0.0,0.16666667,0.0,0.0,0.0,0.0,0.8333333,0.0,0.33333334,0.0,0.33333334,0.8333333,0.0,0.0,0.8333333,0.0,0.0,0.0,0.0,0.0,0.0,0.0,0.0,0.0,0.0,0.0
10.380953,4.142857,3.0952382,1.0476191,2.0952382,2.0952382,3.047619,2.0952382,0.0,0.04761905,0.14285715,1.0,0.04761905,2.0952382,0.0952381,0.14285715,0.1904762,0.04761905,0.0,0.0,0.0952381,3.0,0.0,0.0952381,0.0,2.0,0.0952381,0.0,1.0,0.0952381,0.0,0.0,0.0,0.0,1.0,0.0,0.1904762,0.04761905,0.0,0.0,0.0952381,1.0,0.04761905,0.0952381,1.0,1.0,1.0,1.0,0.04761905,0.0,0.0952381,0.0,0.0,0.04761905,0.0,2.0,1.0,0.0,0.0952381,0.0,0.0,0.04761905,0.0,0.0,0.0,0.0952381,0.04761905,0.0,1.0,0.0,0.0952381,1.0,0.0,1.0,0.0952381,0.04761905,0.0,1.0,1.0,0.0952381,0.04761905,0.0,0.0,0.04761905,0.0,0.04761905,0.0,0.0952381,0.0952381,0.0952381,0.04761905,0.04761905,0.0,0.0,0.0,0.0,0.0,0.0,0.0,0.0,0.04761905,0.0952381,0.04761905,0.0,0.04761905,0.0,0.0,0.0,0.04761905,0.0,0.0,0.0952381,0.0952381,0.04761905,0.0952381,0.0,0.0,0.0,0.04761905,0.04761905,0.04761905,0.04761905,0.04761905,0.0952381,0.0,0.95238096,0.0,0.0,0.0,0.0,0.0,0.04761905,0.0,0.0,0.0,0.0,0.95238096,0.0,0.0952381,0.0,0.0952381,0.95238096,0.0,0.0,0.95238096,0.0,0.0,0.0,0.0,0.0,0.0,0.0,0.0,0.0,0.0,0.0
5.4,2.3,3.2,0.0,1.0,0.0,2.2,1.0,3.0,0.0,0.0,1.0,0.0,0.0,0.0,0.0,0.0,0.0,0.1,0.1,0.0,1.2,0.0,0.0,0.0,1.0,0.0,0.0,1.0,0.0,0.2,2.0,0.1,1.0,1.0,0.0,0.0,0.0,0.1,0.0,0.0,0.0,0.0,0.0,0.0,0.0,0.0,0.0,0.0,0.0,0.0,0.0,0.0,0.0,0.0,0.0,0.0,0.0,0.0,0.0,0.0,0.0,0.0,0.0,0.0,0.0,0.0,0.0,0.0,0.0,0.0,0.0,0.0,0.0,0.0,0.0,0.0,0.0,0.0,0.0,0.0,2.0,0.0,0.0,0.0,0.0,0.0,0.0,0.0,0.0,0.0,0.0,0.0,0.0,0.0,0.0,2.0,0.0,0.0,0.0,0.0,0.0,0.0,0.0,0.0,0.0,0.0,1.0,0.0,0.0,0.0,0.0,0.0,0.0,0.0,0.0,0.0,0.0,0.0,0.0,0.0,0.0,0.0,0.0,0.0,0.0,0.0,0.0,2.0,0.0,0.0,0.0,0.0,0.0,0.0,0.0,0.0,0.0,0.0,0.0,0.0,0.0,0.0,0.0,0.0,0.0,0.0,0.0,0.0,0.0,0.0,0.0,0.0,0.0,0.0,0.0
10.727273,4.181818,3.1818182,1.0909091,2.1818182,2.1818182,3.0,2.1818182,0.0,0.09090909,0.27272728,1.0,0.0,2.1818182,0.18181819,0.27272728,0.36363637,0.09090909,0.0,0.0,0.18181819,3.0,0.0,0.18181819,0.0,2.0,0.18181819,0.0,1.0,0.18181819,0.0,0.0,0.0,0.0,1.0,0.0,0.36363637,0.09090909,0.0,0.0,0.18181819,1.0,0.09090909,0.18181819,1.0,1.0,1.0,1.0,0.09090909,0.0,0.18181819,0.0,0.0,0.09090909,0.0,2.0,1.0,0.0,0.18181819,0.0,0.0,0.09090909,0.0,0.0,0.0,0.18181819,0.09090909,0.0,1.0,0.0,0.18181819,1.0,0.0,1.0,0.18181819,0.09090909,0.0,1.0,1.0,0.18181819,0.09090909,0.0,0.0,0.09090909,0.0,0.0,0.0,0.18181819,0.18181819,0.18181819,0.09090909,0.09090909,0.0,0.09090909,0.0,0.0,0.0,0.0,0.0,0.0,0.09090909,0.0,0.09090909,0.18181819,0.09090909,0.18181819,0.0,0.0,0.09090909,0.09090909,0.0,0.0,0.0,0.09090909,0.0,0.0,0.0,0.0,0.09090909,0.09090909,0.09090909,0.09090909,0.09090909,0.18181819,0.0,1.0,0.18181819,0.0,0.0,0.0,0.0,0.09090909,0.0,0.0,0.0,0.0,1.0,0.0,0.0,0.0,0.0,1.0,0.0,0.0,1.0,0.0,0.0,0.0,0.0,0.0,0.0,0.0,0.0,0.0,0.0,0.0
11.043478,4.2608695,3.2608695,1.1304348,2.2608695,2.2608695,3.0,2.2608695,0.0,0.13043478,0.39130434,1.0,0.0,2.2608695,0.26086956,0.39130434,0.5217391,0.13043478,0.0,0.0,0.26086956,3.0,0.0,0.26086956,0.0,2.0,0.26086956,0.0,1.0,0.26086956,0.0,0.0,0.0,0.0,1.0,0.0,0.5217391,0.13043478,0.0,0.0,0.26086956,1.0,0.13043478,0.26086956,1.0,1.0,1.0,1.0,0.13043478,0.0,0.26086956,0.0,0.0,0.13043478,0.0,2.0,1.0,0.0,0.26086956,0.0,0.0,0.13043478,0.0,0.0,0.0,0.26086956,0.13043478,0.0,1.0,0.0,0.26086956,1.0,0.0,1.0,0.26086956,0.13043478,0.0,1.0,1.0,0.26086956,0.13043478,0.0,0.0,0.13043478,0.0,0.0,0.0,0.26086956,0.26086956,0.26086956,0.13043478,0.13043478,0.0,0.13043478,0.0,0.0,0.0,0.0,0.0,0.0,0.13043478,0.0,0.13043478,0.26086956,0.13043478,0.26086956,0.0,0.0,0.13043478,0.13043478,0.0,0.0,0.0,0.13043478,0.0,0.0,0.0,0.0,0.13043478,0.13043478,0.13043478,0.13043478,0.13043478,0.26086956,0.0,1.0,0.26086956,0.0,0.0,0.0,0.0,0.13043478,0.0,0.0,0.0,0.0,1.0,0.0,0.0,0.0,0.0,1.0,0.0,0.0,1.0,0.0,0.0,0.0,0.0,0.0,0.0,0.0,0.0,0.0,0.0,0.0
11.333333,4.3333335,3.3333333,1.1666666,2.3333333,2.3333333,3.0,2.3333333,0.0,0.16666667,0.5,1.0,0.0,2.3333333,0.33333334,0.5,0.6666667,0.16666667,0.0,0.0,0.33333334,3.0,0.0,0.33333334,0.0,2.0,0.33333334,0.0,1.0,0.33333334,0.0,0.0,0.0,0.0,1.0,0.0,0.6666667,0.16666667,0.0,0.0,0.33333334,1.0,0.16666667,0.33333334,1.0,1.0,1.0,1.0,0.16666667,0.0,0.33333334,0.0,0.0,0.16666667,0.0,2.0,1.0,0.0,0.33333334,0.0,0.0,0.16666667,0.0,0.0,0.0,0.33333334,0.16666667,0.0,1.0,0.0,0.33333334,1.0,0.0,1.0,0.33333334,0.16666667,0.0,1.0,1.0,0.33333334,0.16666667,0.0,0.0,0.16666667,0.0,0.0,0.0,0.33333334,0.33333334,0.33333334,0.16666667,0.16666667,0.0,0.16666667,0.0,0.0,0.0,0.0,0.0,0.0,0.16666667,0.0,0.16666667,0.33333334,0.16666667,0.33333334,0.0,0.0,0.16666667,0.16666667,0.0,0.0,0.0,0.16666667,0.0,0.0,0.0,0.0,0.16666667,0.16666667,0.16666667,0.16666667,0.16666667,0.33333334,0.0,1.0,0.33333334,0.0,0.0,0.0,0.0,0.16666667,0.0,0.0,0.0,0.0,1.0,0.0,0.0,0.0,0.0,1.0,0.0,0.0,1.0,0.0,0.0,0.0,0.0,0.0,0.0,0.0,0.0,0.0,0.0,0.0
10.380953,4.095238,3.0952382,1.0476191,2.0952382,2.0952382,3.0,2.0952382,0.0,0.04761905,0.14285715,1.0,0.0,2.0952382,0.0952381,0.14285715,0.1904762,0.04761905,0.0,0.0,0.0952381,3.0,0.0,0.0952381,0.0,2.0,0.0952381,0.0,1.0,0.0952381,0.0,0.0,0.0,0.0,1.0,0.0,0.1904762,0.04761905,0.0,0.0,0.0952381,1.0,0.04761905,0.0952381,1.0,1.0,1.0,1.0,0.04761905,0.0,0.0952381,0.0,0.0,0.04761905,0.0,2.0,1.0,0.0,0.0952381,0.0,0.0,0.04761905,0.0,0.0,0.0,0.0952381,0.04761905,0.0,1.0,0.0,0.0952381,1.0,0.0,1.0,0.0952381,0.04761905,0.0,1.0,1.0,0.0952381,0.04761905,0.0,0.0,0.04761905,0.0,0.0,0.0,0.0952381,0.0952381,0.0952381,0.04761905,0.04761905,0.0,0.04761905,0.0,0.0,0.0,0.0,0.0,0.0,0.04761905,0.0,0.04761905,0.0952381,0.04761905,0.0952381,0.0,0.0,0.04761905,0.04761905,0.0,0.0,0.0,0.04761905,0.0,0.0,0.0,0.0,0.04761905,0.04761905,0.04761905,0.04761905,0.04761905,0.0952381,0.0,1.0,0.0952381,0.0,0.0,0.0,0.0,0.04761905,0.0,0.0,0.0,0.0,1.0,0.0,0.0,0.0,0.0,1.0,0.0,0.0,1.0,0.0,0.0,0.0,0.0,0.0,0.0,0.0,0.0,0.0,0.0,0.0
10.0,4.0149255,3.0,1.0,2.0,2.0,3.0,2.0,0.0,0.0,0.0,1.0,0.0,2.0,0.0,0.0,0.0,0.0,0.0049751243,0.0049751243,0.0,3.0,0.0,0.0,0.0,2.0,0.0,0.0,1.0,0.0,0.0099502485,0.0,0.0049751243,0.0,1.0,0.0,0.0,0.0,0.0049751243,0.0,0.0,1.0,0.0049751243,0.0,1.0,0.99502486,1.0,1.0,0.0,0.0,0.0,0.0,0.0,0.0,0.0,1.9900497,1.0,0.0,0.0099502485,0.0,0.0,0.0,0.0,0.0,0.0,0.0,0.0049751243,0.0,1.0,0.0,0.0,1.0,0.0,1.0,0.0,0.0,0.0,0.99502486,1.0,0.0,0.0,0.0,0.0,0.0,0.0,0.0,0.0,0.0,0.0,0.0,0.0,0.0,0.0,0.0,0.0,0.0,0.0,0.0,0.0,0.0,0.0,0.0,0.0,0.0,0.0,0.0,0.0,0.0,0.0,0.0,0.0,0.0,0.0,0.0,0.0,0.0,0.0,0.0,0.0,0.0,0.0,0.0,0.0,0.0,0.0,0.99502486,0.0,0.0,0.0,0.0,0.0,0.0,0.0,0.0,0.0,0.0,0.99502486,0.0,0.0,0.0,0.0,0.99502486,0.0,0.0,0.99502486,0.0,0.0,0.0,0.0,0.0,0.0,0.0,0.0,0.0,0.0,0.0
10.0,4.029703,3.0,1.0,2.0,2.0,3.0,2.0,0.0,0.0,0.0,1.0,0.0,2.0,0.0,0.0,0.0,0.0,0.00990099,0.00990099,0.0,3.0,0.0,0.0,0.0,2.0,0.0,0.0,1.0,0.0,0.01980198,0.0,0.00990099,0.0,1.0,0.0,0.0,0.0,0.00990099,0.0,0.0,1.0,0.00990099,0.0,1.0,0.990099,1.0,1.0,0.0,0.0,0.0,0.0,0.0,0.0,0.0,1.980198,1.0,0.0,0.01980198,0.0,0.0,0.0,0.0,0.0,0.0,0.0,0.00990099,0.0,1.0,0.0,0.0,1.0,0.0,1.0,0.0,0.0,0.0,0.990099,1.0,0.0,0.0,0.0,0.0,0.0,0.0,0.0,0.0,0.0,0.0,0.0,0.0,0.0,0.0,0.0,0.0,0.0,0.0,0.0,0.0,0.0,0.0,0.0,0.0,0.0,0.0,0.0,0.0,0.0,0.0,0.0,0.0,0.0,0.0,0.0,0.0,0.0,0.0,0.0,0.0,0.0,0.0,0.0,0.0,0.0,0.0,0.990099,0.0,0.0,0.0,0.0,0.0,0.0,0.0,0.0,0.0,0.0,0.990099,0.0,0.0,0.0,0.0,0.990099,0.0,0.0,0.990099,0.0,0.0,0.0,0.0,0.0,0.0,0.0,0.0,0.0,0.0,0.0
10.0,4.0588236,3.0,1.0,2.0,2.0,3.0,2.0,0.0,0.0,0.0,1.0,0.0,2.0,0.0,0.0,0.0,0.0,0.019607844,0.019607844,0.0,3.0,0.0,0.0,0.0,2.0,0.0,0.0,1.0,0.0,0.039215688,0.0,0.019607844,0.0,1.0,0.0,0.0,0.0,0.019607844,0.0,0.0,1.0,0.019607844,0.0,1.0,0.98039216,1.0,1.0,0.0,0.0,0.0,0.0,0.0,0.0,0.0,1.9607843,1.0,0.0,0.039215688,0.0,0.0,0.0,0.0,0.0,0.0,0.0,0.019607844,0.0,1.0,0.0,0.0,1.0,0.0,1.0,0.0,0.0,0.0,0.98039216,1.0,0.0,0.0,0.0,0.0,0.0,0.0,0.0,0.0,0.0,0.0,0.0,0.0,0.0,0.0,0.0,0.0,0.0,0.0,0.0,0.0,0.0,0.0,0.0,0.0,0.0,0.0,0.0,0.0,0.0,0.0,0.0,0.0,0.0,0.0,0.0,0.0,0.0,0.0,0.0,0.0,0.0,0.0,0.0,0.0,0.0,0.0,0.98039216,0.0,0.0,0.0,0.0,0.0,0.0,0.0,0.0,0.0,0.0,0.98039216,0.0,0.0,0.0,0.0,0.98039216,0.0,0.0,0.98039216,0.0,0.0,0.0,0.0,0.0,0.0,0.0,0.0,0.0,0.0,0.0
10.274509,4.0588236,3.0392158,1.0392157,2.0,2.0392158,3.0,2.0,0.0,0.078431375,0.0,1.0,0.0,2.0,0.0,0.0,0.0,0.0,0.0,0.0,0.0,3.0,0.0,0.0,0.0,2.0,0.0,0.0,1.0,0.0,0.0,0.0,0.0,0.0,1.0,0.0,0.0,0.0,0.0,0.0,0.0,1.0,0.019607844,0.0,1.0,0.98039216,1.0,1.0,0.0,0.0,0.0,0.0,0.0,0.0,0.0,1.9607843,1.0,0.0,0.0,0.0,0.0,0.0,0.0,0.0,0.0,0.0,0.0,0.0,1.0,0.0,0.0,1.0,0.0,1.0,0.0,0.0,0.0,0.98039216,1.0,0.0,0.0,0.0,0.0,0.0,0.0,0.0,0.0,0.0,0.0,0.0,0.0,0.0,0.0,0.0,0.0,0.0,0.0,0.0,0.0,0.0,0.0,0.0,0.0,0.0,0.0,0.0,0.019607844,0.0,0.0,0.0,0.0,0.0,0.0,0.0,0.0,0.0,0.0,0.0,0.0,0.0,0.0,0.0,0.0,0.0,0.0,0.98039216,0.0,0.0,0.0,0.0,0.0,0.0,0.0,0.0,0.0,0.0,0.98039216,0.0,0.0,0.0,0.0,0.98039216,0.0,0.0,0.98039216,0.0,0.0,0.0,0.0,0.0,0.0,0.0,0.0,0.0,0.0,0.0
10.407767,4.0873785,3.0582523,1.0582525,2.0,2.0582523,3.0,2.0,0.0,0.116504855,0.0,1.0,0.0,2.0,0.0,0.0,0.0,0.0,0.0,0.0,0.0,3.0,0.0,0.0,0.0,2.0,0.0,0.0,1.0,0.0,0.0,0.0,0.0,0.0,1.0,0.0,0.0,0.0,0.0,0.0,0.0,1.0,0.029126214,0.0,1.0,0.9708738,1.0,1.0,0.0,0.0,0.0,0.0,0.0,0.0,0.0,1.9417475,1.0,0.0,0.0,0.0,0.0,0.0,0.0,0.0,0.0,0.0,0.0,0.0,1.0,0.0,0.0,1.0,0.0,1.0,0.0,0.0,0.0,0.9708738,1.0,0.0,0.0,0.0,0.0,0.0,0.0,0.0,0.0,0.0,0.0,0.0,0.0,0.0,0.0,0.0,0.0,0.0,0.0,0.0,0.0,0.0,0.0,0.0,0.0,0.0,0.0,0.0,0.029126214,0.0,0.0,0.0,0.0,0.0,0.0,0.0,0.0,0.0,0.0,0.0,0.0,0.0,0.0,0.0,0.0,0.0,0.0,0.9708738,0.0,0.0,0.0,0.0,0.0,0.0,0.0,0.0,0.0,0.0,0.9708738,0.0,0.0,0.0,0.0,0.9708738,0.0,0.0,0.9708738,0.0,0.0,0.0,0.0,0.0,0.0,0.0,0.0,0.0,0.0,0.0
10.538462,4.1153846,3.0769231,1.0769231,2.0,2.0769231,3.0,2.0,0.0,0.15384616,0.0,1.0,0.0,2.0,0.0,0.0,0.0,0.0,0.0,0.0,0.0,3.0,0.0,0.0,0.0,2.0,0.0,0.0,1.0,0.0,0.0,0.0,0.0,0.0,1.0,0.0,0.0,0.0,0.0,0.0,0.0,1.0,0.03846154,0.0,1.0,0.96153843,1.0,1.0,0.0,0.0,0.0,0.0,0.0,0.0,0.0,1.9230769,1.0,0.0,0.0,0.0,0.0,0.0,0.0,0.0,0.0,0.0,0.0,0.0,1.0,0.0,0.0,1.0,0.0,1.0,0.0,0.0,0.0,0.96153843,1.0,0.0,0.0,0.0,0.0,0.0,0.0,0.0,0.0,0.0,0.0,0.0,0.0,0.0,0.0,0.0,0.0,0.0,0.0,0.0,0.0,0.0,0.0,0.0,0.0,0.0,0.0,0.0,0.03846154,0.0,0.0,0.0,0.0,0.0,0.0,0.0,0.0,0.0,0.0,0.0,0.0,0.0,0.0,0.0,0.0,0.0,0.0,0.96153843,0.0,0.0,0.0,0.0,0.0,0.0,0.0,0.0,0.0,0.0,0.96153843,0.0,0.0,0.0,0.0,0.96153843,0.0,0.0,0.96153843,0.0,0.0,0.0,0.0,0.0,0.0,0.0,0.0,0.0,0.0,0.0
10.666667,4.142857,3.0952382,1.0952381,2.0,2.0952382,3.0,2.0,0.0,0.1904762,0.0,1.0,0.0,2.0,0.0,0.0,0.0,0.0,0.0,0.0,0.0,3.0,0.0,0.0,0.0,2.0,0.0,0.0,1.0,0.0,0.0,0.0,0.0,0.0,1.0,0.0,0.0,0.0,0.0,0.0,0.0,1.0,0.04761905,0.0,1.0,0.95238096,1.0,1.0,0.0,0.0,0.0,0.0,0.0,0.0,0.0,1.9047619,1.0,0.0,0.0,0.0,0.0,0.0,0.0,0.0,0.0,0.0,0.0,0.0,1.0,0.0,0.0,1.0,0.0,1.0,0.0,0.0,0.0,0.95238096,1.0,0.0,0.0,0.0,0.0,0.0,0.0,0.0,0.0,0.0,0.0,0.0,0.0,0.0,0.0,0.0,0.0,0.0,0.0,0.0,0.0,0.0,0.0,0.0,0.0,0.0,0.0,0.0,0.04761905,0.0,0.0,0.0,0.0,0.0,0.0,0.0,0.0,0.0,0.0,0.0,0.0,0.0,0.0,0.0,0.0,0.0,0.0,0.95238096,0.0,0.0,0.0,0.0,0.0,0.0,0.0,0.0,0.0,0.0,0.95238096,0.0,0.0,0.0,0.0,0.95238096,0.0,0.0,0.95238096,0.0,0.0,0.0,0.0,0.0,0.0,0.0,0.0,0.0,0.0,0.0
10.792453,4.1698112,3.1132076,1.1132076,2.0,2.1132076,3.0,2.0,0.0,0.2264151,0.0,1.0,0.0,2.0,0.0,0.0,0.0,0.0,0.0,0.0,0.0,3.0,0.0,0.0,0.0,2.0,0.0,0.0,1.0,0.0,0.0,0.0,0.0,0.0,1.0,0.0,0.0,0.0,0.0,0.0,0.0,1.0,0.056603774,0.0,1.0,0.9433962,1.0,1.0,0.0,0.0,0.0,0.0,0.0,0.0,0.0,1.8867924,1.0,0.0,0.0,0.0,0.0,0.0,0.0,0.0,0.0,0.0,0.0,0.0,1.0,0.0,0.0,1.0,0.0,1.0,0.0,0.0,0.0,0.9433962,1.0,0.0,0.0,0.0,0.0,0.0,0.0,0.0,0.0,0.0,0.0,0.0,0.0,0.0,0.0,0.0,0.0,0.0,0.0,0.0,0.0,0.0,0.0,0.0,0.0,0.0,0.0,0.0,0.056603774,0.0,0.0,0.0,0.0,0.0,0.0,0.0,0.0,0.0,0.0,0.0,0.0,0.0,0.0,0.0,0.0,0.0,0.0,0.9433962,0.0,0.0,0.0,0.0,0.0,0.0,0.0,0.0,0.0,0.0,0.9433962,0.0,0.0,0.0,0.0,0.9433962,0.0,0.0,0.9433962,0.0,0.0,0.0,0.0,0.0,0.0,0.0,0.0,0.0,0.0,0.0
11.037037,4.2222223,3.148148,1.1481482,2.0,2.148148,3.0,2.0,0.0,0.2962963,0.0,1.0,0.0,2.0,0.0,0.0,0.0,0.0,0.0,0.0,0.0,3.0,0.0,0.0,0.0,2.0,0.0,0.0,1.0,0.0,0.0,0.0,0.0,0.0,1.0,0.0,0.0,0.0,0.0,0.0,0.0,1.0,0.074074075,0.0,1.0,0.9259259,1.0,1.0,0.0,0.0,0.0,0.0,0.0,0.0,0.0,1.8518518,1.0,0.0,0.0,0.0,0.0,0.0,0.0,0.0,0.0,0.0,0.0,0.0,1.0,0.0,0.0,1.0,0.0,1.0,0.0,0.0,0.0,0.9259259,1.0,0.0,0.0,0.0,0.0,0.0,0.0,0.0,0.0,0.0,0.0,0.0,0.0,0.0,0.0,0.0,0.0,0.0,0.0,0.0,0.0,0.0,0.0,0.0,0.0,0.0,0.0,0.0,0.074074075,0.0,0.0,0.0,0.0,0.0,0.0,0.0,0.0,0.0,0.0,0.0,0.0,0.0,0.0,0.0,0.0,0.0,0.0,0.9259259,0.0,0.0,0.0,0.0,0.0,0.0,0.0,0.0,0.0,0.0,0.9259259,0.0,0.0,0.0,0.0,0.9259259,0.0,0.0,0.9259259,0.0,0.0,0.0,0.0,0.0,0.0,0.0,0.0,0.0,0.0,0.0
10.380953,4.0,3.0952382,1.0476191,2.0,2.0952382,3.0,2.0,0.0,0.0,0.0,1.0,0.0,2.0,0.0,0.0,0.0,0.0,0.0,0.0,0.0,3.0,0.0,0.0,0.0,2.0,0.0,0.0,1.0,0.0,0.0,0.0,0.0,0.0,1.0,0.0,0.0,0.0,0.0,0.0,0.0,1.0,0.04761905,0.0,1.0,1.0,1.0,1.0,0.0,0.0,0.0,0.0,0.0,0.04761905,0.0,1.9523809,1.0,0.0,0.04761905,0.0,0.0,0.0,0.0,0.0,0.0,0.0952381,0.0,0.0,1.0,0.0,0.0,1.0,0.0,1.0,0.0,0.0,0.0,0.95238096,1.0,0.0,0.0,0.0,0.0,0.0,0.0,0.0,0.0,0.0,0.0,0.0,0.0,0.0,0.0,0.0,0.0,0.0,0.0,0.0,0.0,0.0,0.0,0.0,0.0,0.0,0.04761905,0.0,0.0,0.0,0.04761905,0.0,0.0,0.0,0.0,0.0,0.0,0.0,0.0,0.0,0.0,0.0,0.0,0.0,0.0,0.0,0.0,0.95238096,0.0,0.0,0.0,0.0,0.0,0.0,0.0,0.0,0.0,0.0,0.95238096,0.0,0.0,0.0,0.0,0.95238096,0.0,0.0,0.95238096,0.0,0.0,0.0,0.0,0.0,0.0,0.0,0.0,0.0,0.0,0.0
15.0,4.0,7.0,1.0,1.0,0.0,2.0,1.0,5.0,0.0,0.0,0.0,0.0,0.0,0.0,0.0,0.0,0.0,1.0,1.0,0.0,2.0,0.0,0.0,0.0,0.0,0.0,0.0,0.0,0.0,1.0,1.0,2.0,0.0,0.0,3.0,0.0,0.0,2.0,0.0,0.0,0.0,0.0,0.0,0.0,0.0,0.0,0.0,0.0,0.0,0.0,2.0,0.0,0.0,1.0,0.0,0.0,0.0,0.0,0.0,0.0,0.0,1.0,0.0,1.0,0.0,0.0,1.0,0.0,0.0,0.0,0.0,0.0,0.0,0.0,0.0,0.0,0.0,0.0,0.0,0.0,2.0,0.0,0.0,0.0,0.0,0.0,0.0,0.0,0.0,0.0,0.0,0.0,0.0,0.0,0.0,0.0,0.0,0.0,0.0,0.0,0.0,0.0,0.0,0.0,0.0,0.0,0.0,0.0,0.0,0.0,0.0,0.0,0.0,0.0,0.0,0.0,0.0,0.0,0.0,0.0,0.0,0.0,0.0,0.0,0.0,0.0,0.0,0.0,0.0,0.0,0.0,0.0,0.0,0.0,0.0,0.0,0.0,0.0,0.0,0.0,0.0,0.0,0.0,0.0,0.0,1.0,0.0,0.0,0.0,0.0,0.0,0.0,0.0,0.0,0.0
14.727273,4.090909,7.0,0.90909094,1.0909091,0.0,2.090909,1.0909091,4.909091,0.0,0.0,0.09090909,0.0,0.0,0.0,0.0,0.0,0.0,0.90909094,0.90909094,0.0,2.090909,0.0,0.0,0.0,0.18181819,0.0,0.0,0.09090909,0.0,0.90909094,0.90909094,1.8181819,0.0,0.09090909,3.0,0.0,0.0,1.8181819,0.0,0.0,0.09090909,0.0,0.0,0.09090909,0.0,0.09090909,0.0,0.0,0.0,0.0,2.0,0.0,0.0,0.90909094,0.0,0.0,0.0,0.0,0.0,0.0,0.0,0.90909094,0.0,0.90909094,0.0,0.0,1.0,0.0,0.0,0.0,0.0,0.0,0.0,0.0,0.0,0.0,0.0,0.0,0.0,0.0,2.0,0.0,0.0,0.0,0.0,0.0,0.0,0.0,0.0,0.0,0.0,0.0,0.0,0.0,0.0,0.09090909,0.0,0.0,0.0,0.0,0.0,0.0,0.0,0.0,0.0,0.0,0.0,0.0,0.0,0.0,0.0,0.0,0.0,0.0,0.0,0.09090909,0.0,0.0,0.0,0.0,0.0,0.0,0.0,0.0,0.0,0.0,0.0,0.0,0.0,0.0,0.0,0.0,0.0,0.0,0.0,0.0,0.0,0.0,0.0,0.0,0.0,0.0,0.0,0.0,0.0,0.90909094,0.0,0.0,0.0,0.0,0.0,0.0,0.0,0.0,0.0
14.926829,4.02439,7.0,0.9756098,1.0243902,0.0,2.0243902,1.0243902,4.97561,0.0,0.0,0.024390243,0.0,0.0,0.0,0.0,0.0,0.0,0.9756098,0.9756098,0.0,2.0243902,0.0,0.0,0.0,0.048780486,0.0,0.0,0.024390243,0.0,0.9756098,0.9756098,1.9512196,0.0,0.024390243,3.0,0.0,0.0,1.9512196,0.0,0.0,0.024390243,0.0,0.0,0.024390243,0.0,0.024390243,0.0,0.0,0.0,0.0,2.0,0.0,0.0,0.9756098,0.0,0.0,0.0,0.0,0.0,0.0,0.0,0.9756098,0.0,0.9756098,0.0,0.0,1.0,0.0,0.0,0.0,0.0,0.0,0.0,0.0,0.0,0.0,0.0,0.0,0.0,0.0,2.0,0.0,0.0,0.0,0.0,0.0,0.0,0.0,0.0,0.0,0.0,0.0,0.0,0.0,0.0,0.024390243,0.0,0.0,0.0,0.0,0.0,0.0,0.0,0.0,0.0,0.0,0.0,0.0,0.0,0.0,0.0,0.0,0.0,0.0,0.0,0.024390243,0.0,0.0,0.0,0.0,0.0,0.0,0.0,0.0,0.0,0.0,0.0,0.0,0.0,0.0,0.0,0.0,0.0,0.0,0.0,0.0,0.0,0.0,0.0,0.0,0.0,0.0,0.0,0.0,0.0,0.9756098,0.0,0.0,0.0,0.0,0.0,0.0,0.0,0.0,0.0
14.857142,4.047619,7.0,0.95238096,1.0476191,0.0,2.047619,1.0476191,4.952381,0.0,0.0,0.04761905,0.0,0.0,0.0,0.0,0.0,0.0,0.95238096,0.95238096,0.0,2.047619,0.0,0.0,0.0,0.0952381,0.0,0.0,0.04761905,0.0,0.95238096,0.95238096,1.9047619,0.0,0.04761905,3.0,0.0,0.0,1.9047619,0.0,0.0,0.04761905,0.0,0.0,0.04761905,0.0,0.04761905,0.0,0.0,0.0,0.0,2.0,0.0,0.0,0.95238096,0.0,0.0,0.0,0.0,0.0,0.0,0.0,0.95238096,0.0,0.95238096,0.0,0.0,1.0,0.0,0.0,0.0,0.0,0.0,0.0,0.0,0.0,0.0,0.0,0.0,0.0,0.0,2.0,0.0,0.0,0.0,0.0,0.0,0.0,0.0,0.0,0.0,0.0,0.0,0.0,0.0,0.0,0.04761905,0.0,0.0,0.0,0.0,0.0,0.0,0.0,0.0,0.0,0.0,0.0,0.0,0.0,0.0,0.0,0.0,0.0,0.0,0.0,0.04761905,0.0,0.0,0.0,0.0,0.0,0.0,0.0,0.0,0.0,0.0,0.0,0.0,0.0,0.0,0.0,0.0,0.0,0.0,0.0,0.0,0.0,0.0,0.0,0.0,0.0,0.0,0.0,0.0,0.0,0.95238096,0.0,0.0,0.0,0.0,0.0,0.0,0.0,0.0,0.0
14.790698,4.0697675,7.0,0.9302326,1.0697675,0.0,2.0697675,1.0697675,4.9302325,0.0,0.0,0.069767445,0.0,0.0,0.0,0.0,0.0,0.0,0.9302326,0.9302326,0.0,2.0697675,0.0,0.0,0.0,0.13953489,0.0,0.0,0.069767445,0.0,0.9302326,0.9302326,1.8604652,0.0,0.069767445,3.0,0.0,0.0,1.8604652,0.0,0.0,0.069767445,0.0,0.0,0.069767445,0.0,0.069767445,0.0,0.0,0.0,0.0,2.0,0.0,0.0,0.9302326,0.0,0.0,0.0,0.0,0.0,0.0,0.0,0.9302326,0.0,0.9302326,0.0,0.0,1.0,0.0,0.0,0.0,0.0,0.0,0.0,0.0,0.0,0.0,0.0,0.0,0.0,0.0,2.0,0.0,0.0,0.0,0.0,0.0,0.0,0.0,0.0,0.0,0.0,0.0,0.0,0.0,0.0,0.069767445,0.0,0.0,0.0,0.0,0.0,0.0,0.0,0.0,0.0,0.0,0.0,0.0,0.0,0.0,0.0,0.0,0.0,0.0,0.0,0.069767445,0.0,0.0,0.0,0.0,0.0,0.0,0.0,0.0,0.0,0.0,0.0,0.0,0.0,0.0,0.0,0.0,0.0,0.0,0.0,0.0,0.0,0.0,0.0,0.0,0.0,0.0,0.0,0.0,0.0,0.9302326,0.0,0.0,0.0,0.0,0.0,0.0,0.0,0.0,0.0
5.0,2.0,3.0,0.0,1.0,0.0,2.0,1.0,3.0,0.0,0.0,1.0,0.0,0.0,0.0,0.0,0.0,0.0,0.0,0.0,0.0,1.0,0.0,0.0,0.0,1.0,0.0,0.0,1.0,0.0,0.0,2.0,0.0,1.0,1.0,0.0,0.0,0.0,0.0,0.0,0.0,0.0,0.0,0.0,0.0,0.0,0.0,0.0,0.0,0.0,0.0,0.0,0.0,0.0,0.0,0.0,0.0,0.0,0.0,0.0,0.0,0.0,0.0,0.0,0.0,0.0,0.0,0.0,0.0,0.0,0.0,0.0,0.0,0.0,0.0,0.0,0.0,0.0,0.0,0.0,0.0,2.0,0.0,0.0,0.0,0.0,0.0,0.0,0.0,0.0,0.0,0.0,0.0,0.0,0.0,0.0,2.0,0.0,0.0,0.0,0.0,0.0,0.0,0.0,0.0,0.0,0.0,1.0,0.0,0.0,0.0,0.0,0.0,0.0,0.0,0.0,0.0,0.0,0.0,0.0,0.0,0.0,0.0,0.0,0.0,0.0,0.0,0.0,2.0,0.0,0.0,0.0,0.0,0.0,0.0,0.0,0.0,0.0,0.0,0.0,0.0,0.0,0.0,0.0,0.0,0.0,0.0,0.0,0.0,0.0,0.0,0.0,0.0,0.0,0.0,0.0
5.0,2.0,3.0,0.0,1.0,0.0,2.0,1.0,3.0,0.0,0.0,1.0,0.0,0.0,0.0,0.0,0.0,0.0,0.0,0.0,0.0,1.0,0.0,0.0,0.0,1.0,0.0,0.0,1.0,0.0,0.0,2.0,0.0,1.0,1.0,0.0,0.0,0.0,0.0,0.0,0.0,0.0,0.0,0.0,0.0,0.0,0.0,0.0,0.0,0.0,0.0,0.0,0.0,0.0,0.0,0.0,0.0,0.0,0.0,0.0,0.0,0.0,0.0,0.0,0.0,0.0,0.0,0.0,0.0,0.0,0.0,0.0,0.0,0.0,0.0,0.0,0.0,0.0,0.0,0.0,0.0,2.0,0.0,0.0,0.0,0.0,0.0,0.0,0.0,0.0,0.0,0.0,0.0,0.0,0.0,0.0,2.0,0.0,0.0,0.0,0.0,0.0,0.0,0.0,0.0,0.0,0.0,1.0,0.0,0.0,0.0,0.0,0.0,0.0,0.0,0.0,0.0,0.0,0.0,0.0,0.0,0.0,0.0,0.0,0.0,0.0,0.0,0.0,2.0,0.0,0.0,0.0,0.0,0.0,0.0,0.0,0.0,0.0,0.0,0.0,0.0,0.0,0.0,0.0,0.0,0.0,0.0,0.0,0.0,0.0,0.0,0.0,0.0,0.0,0.0,0.0
5.2651362,2.1515064,3.0378766,0.037876576,1.0,0.0,2.0757532,1.0,3.0,0.0,0.0,1.0,0.037876576,0.0,0.0,0.0,0.0,0.0,0.037876576,0.037876576,0.0,1.0757532,0.0,0.0,0.0,1.0378766,0.0,0.0,1.0,0.0,0.113629736,2.0,0.0,1.0,1.0,0.0,0.0,0.0,0.0,0.0,0.0,0.037876576,0.0,0.0,0.037876576,0.0,0.037876576,0.0,0.0,0.0,0.0,0.0,0.0,0.0,0.0,0.0,0.0,0.0,0.0,0.0,0.0,0.0,0.0,0.0,0.0,0.0,0.0,0.0,0.037876576,0.0,0.0,0.037876576,0.0,0.037876576,0.0,0.0,0.0,0.0,0.037876576,0.0,0.0,2.0,0.0,0.0,0.0,0.0,0.0,0.0,0.0,0.0,0.0,0.0,0.0,0.0,0.0,0.0,2.0,0.0,0.0,0.0,0.0,0.0,0.0,0.0,0.0,0.0,0.0,1.0,0.0,0.0,0.0,0.0,0.0,0.0,0.0,0.0,0.07575315,0.0,0.0,0.0,0.0,0.0,0.0,0.0,0.0,0.0,0.0,0.0,2.0,0.0,0.0,0.0,0.0,0.0,0.0,0.0,0.0,0.0,0.0,0.0,0.0,0.0,0.0,0.0,0.0,0.0,0.0,0.0,0.0,0.0,0.0,0.0,0.0,0.0,0.0,0.0
5.4119205,2.2353833,3.0588458,0.05884581,1.0,0.0,2.1176915,1.0,3.0,0.0,0.0,1.0,0.05884581,0.0,0.0,0.0,0.0,0.0,0.05884581,0.05884581,0.0,1.1176916,0.0,0.0,0.0,1.0588458,0.0,0.0,1.0,0.0,0.17653744,2.0,0.0,1.0,1.0,0.0,0.0,0.0,0.0,0.0,0.0,0.05884581,0.0,0.0,0.05884581,0.0,0.05884581,0.0,0.0,0.0,0.0,0.0,0.0,0.0,0.0,0.0,0.0,0.0,0.0,0.0,0.0,0.0,0.0,0.0,0.0,0.0,0.0,0.0,0.05884581,0.0,0.0,0.05884581,0.0,0.05884581,0.0,0.0,0.0,0.0,0.05884581,0.0,0.0,2.0,0.0,0.0,0.0,0.0,0.0,0.0,0.0,0.0,0.0,0.0,0.0,0.0,0.0,0.0,2.0,0.0,0.0,0.0,0.0,0.0,0.0,0.0,0.0,0.0,0.0,1.0,0.0,0.0,0.0,0.0,0.0,0.0,0.0,0.0,0.11769162,0.0,0.0,0.0,0.0,0.0,0.0,0.0,0.0,0.0,0.0,0.0,2.0,0.0,0.0,0.0,0.0,0.0,0.0,0.0,0.0,0.0,0.0,0.0,0.0,0.0,0.0,0.0,0.0,0.0,0.0,0.0,0.0,0.0,0.0,0.0,0.0,0.0,0.0,0.0
5.5695887,2.3254793,3.0813699,0.08136979,1.0,0.0,2.1627395,1.0,3.0,0.0,0.0,1.0,0.08136979,0.0,0.0,0.0,0.0,0.0,0.08136979,0.08136979,0.0,1.1627396,0.0,0.0,0.0,1.0813698,0.0,0.0,1.0,0.0,0.24410936,2.0,0.0,1.0,1.0,0.0,0.0,0.0,0.0,0.0,0.0,0.08136979,0.0,0.0,0.08136979,0.0,0.08136979,0.0,0.0,0.0,0.0,0.0,0.0,0.0,0.0,0.0,0.0,0.0,0.0,0.0,0.0,0.0,0.0,0.0,0.0,0.0,0.0,0.0,0.08136979,0.0,0.0,0.08136979,0.0,0.08136979,0.0,0.0,0.0,0.0,0.08136979,0.0,0.0,2.0,0.0,0.0,0.0,0.0,0.0,0.0,0.0,0.0,0.0,0.0,0.0,0.0,0.0,0.0,2.0,0.0,0.0,0.0,0.0,0.0,0.0,0.0,0.0,0.0,0.0,1.0,0.0,0.0,0.0,0.0,0.0,0.0,0.0,0.0,0.16273957,0.0,0.0,0.0,0.0,0.0,0.0,0.0,0.0,0.0,0.0,0.0,2.0,0.0,0.0,0.0,0.0,0.0,0.0,0.0,0.0,0.0,0.0,0.0,0.0,0.0,0.0,0.0,0.0,0.0,0.0,0.0,0.0,0.0,0.0,0.0,0.0,0.0,0.0,0.0
5.128145,2.073226,3.0183065,0.018306477,1.0,0.0,2.036613,1.0,3.0,0.0,0.0,1.0,0.018306477,0.0,0.0,0.0,0.0,0.0,0.018306477,0.018306477,0.0,1.036613,0.0,0.0,0.0,1.0183065,0.0,0.0,1.0,0.0,0.054919433,2.0,0.0,1.0,1.0,0.0,0.0,0.0,0.0,0.0,0.0,0.018306477,0.0,0.0,0.018306477,0.0,0.018306477,0.0,0.0,0.0,0.0,0.0,0.0,0.0,0.0,0.0,0.0,0.0,0.0,0.0,0.0,0.0,0.0,0.0,0.0,0.0,0.0,0.0,0.018306477,0.0,0.0,0.018306477,0.0,0.018306477,0.0,0.0,0.0,0.0,0.018306477,0.0,0.0,2.0,0.0,0.0,0.0,0.0,0.0,0.0,0.0,0.0,0.0,0.0,0.0,0.0,0.0,0.0,2.0,0.0,0.0,0.0,0.0,0.0,0.0,0.0,0.0,0.0,0.0,1.0,0.0,0.0,0.0,0.0,0.0,0.0,0.0,0.0,0.036612954,0.0,0.0,0.0,0.0,0.0,0.0,0.0,0.0,0.0,0.0,0.0,2.0,0.0,0.0,0.0,0.0,0.0,0.0,0.0,0.0,0.0,0.0,0.0,0.0,0.0,0.0,0.0,0.0,0.0,0.0,0.0,0.0,0.0,0.0,0.0,0.0,0.0,0.0,0.0
5.531009,2.1213737,3.0151718,0.09103017,1.0,0.030343393,2.0910301,1.0,2.9848282,0.0,0.0,1.0,0.09103017,0.0,0.0,0.0,0.0,0.0,0.030343393,0.030343393,0.0,1.0303434,0.0,0.0,0.030343393,1.0303434,0.0,0.030343393,1.0,0.0,0.09103017,1.9848284,0.0,0.9848283,1.0,0.0,0.0,0.0,0.0,0.015171696,0.0,0.030343393,0.0,0.0,0.030343393,0.0,0.030343393,0.030343393,0.0,0.0,0.0,0.0,0.030343393,0.0,0.0,0.0,0.0,0.0,0.0,0.0,0.0,0.0,0.0,0.0,0.0,0.0,0.0,0.0,0.0,0.0,0.0,0.0,0.0,0.0,0.0,0.0,0.0,0.0,0.0,0.0,0.0,1.9848284,0.0,0.0,0.0,0.0,0.0,0.0,0.0,0.0,0.0,0.0,0.0,0.0,0.0,0.0,1.9848284,0.0,0.0,0.0,0.0,0.0,0.0,0.0,0.0,0.0,0.0,0.9848283,0.0,0.0,0.0,0.0,0.0,0.0,0.0,0.0,0.030343393,0.0,0.0,0.0,0.0,0.0,0.0,0.0,0.0,0.0,0.0,0.0,1.9848284,0.0,0.0,0.0,0.0,0.0,0.0,0.0,0.0,0.0,0.0,0.0,0.0,0.0,0.0,0.0,0.0,0.0,0.0,0.0,0.0,0.0,0.0,0.0,0.0,0.0,0.030343393,0.0
5.531009,2.1213737,3.0151718,0.09103017,1.0,0.030343393,2.0910301,1.0,2.9848282,0.0,0.0,1.0,0.09103017,0.0,0.0,0.0,0.0,0.0,0.030343393,0.030343393,0.0,1.0303434,0.0,0.0,0.030343393,1.0303434,0.0,0.030343393,1.0,0.0,0.09103017,1.9848284,0.0,0.9848283,1.0,0.0,0.0,0.0,0.0,0.015171696,0.0,0.030343393,0.0,0.0,0.030343393,0.0,0.030343393,0.030343393,0.0,0.0,0.0,0.0,0.030343393,0.0,0.0,0.0,0.0,0.0,0.0,0.0,0.0,0.0,0.0,0.0,0.0,0.0,0.0,0.0,0.0,0.0,0.0,0.0,0.0,0.0,0.0,0.0,0.0,0.0,0.0,0.0,0.0,1.9848284,0.0,0.0,0.0,0.0,0.0,0.0,0.0,0.0,0.0,0.0,0.0,0.0,0.0,0.0,1.9848284,0.0,0.0,0.0,0.0,0.0,0.0,0.0,0.0,0.0,0.0,0.9848283,0.0,0.0,0.0,0.0,0.0,0.0,0.0,0.0,0.030343393,0.0,0.0,0.0,0.0,0.0,0.0,0.0,0.0,0.0,0.0,0.0,1.9848284,0.0,0.0,0.0,0.0,0.0,0.0,0.0,0.0,0.0,0.0,0.0,0.0,0.0,0.0,0.0,0.0,0.0,0.0,0.0,0.0,0.0,0.0,0.0,0.0,0.0,0.030343393,0.0
5.835908,2.1910646,3.023883,0.14329846,1.0,0.047766156,2.1432984,1.0,2.976117,0.0,0.0,1.0,0.14329846,0.0,0.0,0.0,0.0,0.0,0.047766156,0.047766156,0.0,1.0477662,0.0,0.0,0.047766156,1.0477662,0.0,0.047766156,1.0,0.0,0.14329846,1.9761169,0.0,0.9761169,1.0,0.0,0.0,0.0,0.0,0.023883078,0.0,0.047766156,0.0,0.0,0.047766156,0.0,0.047766156,0.047766156,0.0,0.0,0.0,0.0,0.047766156,0.0,0.0,0.0,0.0,0.0,0.0,0.0,0.0,0.0,0.0,0.0,0.0,0.0,0.0,0.0,0.0,0.0,0.0,0.0,0.0,0.0,0.0,0.0,0.0,0.0,0.0,0.0,0.0,1.9761169,0.0,0.0,0.0,0.0,0.0,0.0,0.0,0.0,0.0,0.0,0.0,0.0,0.0,0.0,1.9761169,0.0,0.0,0.0,0.0,0.0,0.0,0.0,0.0,0.0,0.0,0.9761169,0.0,0.0,0.0,0.0,0.0,0.0,0.0,0.0,0.047766156,0.0,0.0,0.0,0.0,0.0,0.0,0.0,0.0,0.0,0.0,0.0,1.9761169,0.0,0.0,0.0,0.0,0.0,0.0,0.0,0.0,0.0,0.0,0.0,0.0,0.0,0.0,0.0,0.0,0.0,0.0,0.0,0.0,0.0,0.0,0.0,0.0,0.0,0.047766156,0.0
5.2535553,2.0579555,3.0072443,0.043466642,1.0,0.0144888805,2.0434666,1.0,2.9927557,0.0,0.0,1.0,0.043466642,0.0,0.0,0.0,0.0,0.0,0.0144888805,0.0144888805,0.0,1.0144889,0.0,0.0,0.0144888805,1.0144889,0.0,0.0144888805,1.0,0.0,0.043466642,1.9927555,0.0,0.99275553,1.0,0.0,0.0,0.0,0.0,0.0072444403,0.0,0.0144888805,0.0,0.0,0.0144888805,0.0,0.0144888805,0.0144888805,0.0,0.0,0.0,0.0,0.0144888805,0.0,0.0,0.0,0.0,0.0,0.0,0.0,0.0,0.0,0.0,0.0,0.0,0.0,0.0,0.0,0.0,0.0,0.0,0.0,0.0,0.0,0.0,0.0,0.0,0.0,0.0,0.0,0.0,1.9927555,0.0,0.0,0.0,0.0,0.0,0.0,0.0,0.0,0.0,0.0,0.0,0.0,0.0,0.0,1.9927555,0.0,0.0,0.0,0.0,0.0,0.0,0.0,0.0,0.0,0.0,0.99275553,0.0,0.0,0.0,0.0,0.0,0.0,0.0,0.0,0.0144888805,0.0,0.0,0.0,0.0,0.0,0.0,0.0,0.0,0.0,0.0,0.0,1.9927555,0.0,0.0,0.0,0.0,0.0,0.0,0.0,0.0,0.0,0.0,0.0,0.0,0.0,0.0,0.0,0.0,0.0,0.0,0.0,0.0,0.0,0.0,0.0,0.0,0.0,0.0144888805,0.0
10.035483,5.0039425,3.0118277,1.0039426,2.0,2.0,4.0,2.0,0.015770422,0.0,0.0,1.0,0.0039426056,1.9921148,0.0,0.0,0.0,0.0,0.0039426056,0.0039426056,0.0,3.9960575,0.0,0.0,0.0,2.0,0.0,0.0,1.0,0.0,0.0039426056,0.011827817,0.007885211,0.0039426056,1.0,0.007885211,0.0,0.0,0.007885211,0.0,0.0,1.0,0.0,0.0,1.0,0.9960574,1.0,1.9921148,0.0,0.0,0.0,0.0,0.0,0.0,0.0039426056,1.9921148,0.9960574,0.0,0.0,0.0,0.0,0.0,0.0039426056,0.011827817,0.0039426056,0.0,0.0,0.0,1.0,0.0,0.0,1.0,0.0,1.0,0.0,0.0,0.0,0.9960574,1.0,0.0,0.0,0.0039426056,0.0039426056,0.0,0.0,0.0,0.0,0.0,0.0,0.0,0.0,0.0,0.0,0.0,0.0,0.0,0.0039426056,0.0,0.0039426056,0.0,0.0,0.0,0.0,0.0,0.0,0.0,0.0,0.0039426056,0.0,0.0,0.0,0.0,0.0,0.0,0.0,0.0,0.0039426056,0.0,0.0,0.0,0.0,0.0,0.0,0.0,0.0,1.9921148,0.0,0.0,0.0039426056,0.0,0.0,0.0,0.0,0.0,0.0,0.0,1.9921148,0.0039426056,0.0,0.0039426056,0.0,0.9960574,0.0,0.0,0.9960574,0.0,0.0039426056,0.0,0.0,0.0,0.0,0.0,0.0,0.0,0.0,0.0
10.060963,5.0067735,3.020321,1.0067736,2.0,2.0,4.0,2.0,0.027094599,0.0,0.0,1.0,0.0067736497,1.9864527,0.0,0.0,0.0,0.0,0.0067736497,0.0067736497,0.0,3.9932263,0.0,0.0,0.0,2.0,0.0,0.0,1.0,0.0,0.0067736497,0.020320948,0.013547299,0.0067736497,1.0,0.013547299,0.0,0.0,0.013547299,0.0,0.0,1.0,0.0,0.0,1.0,0.99322635,1.0,1.9864527,0.0,0.0,0.0,0.0,0.0,0.0,0.0067736497,1.9864527,0.99322635,0.0,0.0,0.0,0.0,0.0,0.0067736497,0.020320948,0.0067736497,0.0,0.0,0.0,1.0,0.0,0.0,1.0,0.0,1.0,0.0,0.0,0.0,0.99322635,1.0,0.0,0.0,0.0067736497,0.0067736497,0.0,0.0,0.0,0.0,0.0,0.0,0.0,0.0,0.0,0.0,0.0,0.0,0.0,0.0067736497,0.0,0.0067736497,0.0,0.0,0.0,0.0,0.0,0.0,0.0,0.0,0.0067736497,0.0,0.0,0.0,0.0,0.0,0.0,0.0,0.0,0.0067736497,0.0,0.0,0.0,0.0,0.0,0.0,0.0,0.0,1.9864527,0.0,0.0,0.0067736497,0.0,0.0,0.0,0.0,0.0,0.0,0.0,1.9864527,0.0067736497,0.0,0.0067736497,0.0,0.99322635,0.0,0.0,0.99322635,0.0,0.0067736497,0.0,0.0,0.0,0.0,0.0,0.0,0.0,0.0,0.0
10.101964,5.011329,3.033988,1.0113294,2.0,2.0,4.0,2.0,0.04531748,0.0,0.0,1.0,0.01132937,1.9773413,0.0,0.0,0.0,0.0,0.01132937,0.01132937,0.0,3.9886706,0.0,0.0,0.0,2.0,0.0,0.0,1.0,0.0,0.01132937,0.033988107,0.02265874,0.01132937,1.0,0.02265874,0.0,0.0,0.02265874,0.0,0.0,1.0,0.0,0.0,1.0,0.98867065,1.0,1.9773413,0.0,0.0,0.0,0.0,0.0,0.0,0.01132937,1.9773413,0.98867065,0.0,0.0,0.0,0.0,0.0,0.01132937,0.033988107,0.01132937,0.0,0.0,0.0,1.0,0.0,0.0,1.0,0.0,1.0,0.0,0.0,0.0,0.98867065,1.0,0.0,0.0,0.01132937,0.01132937,0.0,0.0,0.0,0.0,0.0,0.0,0.0,0.0,0.0,0.0,0.0,0.0,0.0,0.01132937,0.0,0.01132937,0.0,0.0,0.0,0.0,0.0,0.0,0.0,0.0,0.01132937,0.0,0.0,0.0,0.0,0.0,0.0,0.0,0.0,0.01132937,0.0,0.0,0.0,0.0,0.0,0.0,0.0,0.0,1.9773413,0.0,0.0,0.01132937,0.0,0.0,0.0,0.0,0.0,0.0,0.0,1.9773413,0.01132937,0.0,0.01132937,0.0,0.98867065,0.0,0.0,0.98867065,0.0,0.01132937,0.0,0.0,0.0,0.0,0.0,0.0,0.0,0.0,0.0
10.153626,5.0170693,3.0512087,1.0170696,2.0,2.0,4.0,2.0,0.06827827,0.0,0.0,1.0,0.017069567,1.9658608,0.0,0.0,0.0,0.0,0.017069567,0.017069567,0.0,3.9829304,0.0,0.0,0.0,2.0,0.0,0.0,1.0,0.0,0.017069567,0.0512087,0.034139134,0.017069567,1.0,0.034139134,0.0,0.0,0.034139134,0.0,0.0,1.0,0.0,0.0,1.0,0.9829304,1.0,1.9658608,0.0,0.0,0.0,0.0,0.0,0.0,0.017069567,1.9658608,0.9829304,0.0,0.0,0.0,0.0,0.0,0.017069567,0.0512087,0.017069567,0.0,0.0,0.0,1.0,0.0,0.0,1.0,0.0,1.0,0.0,0.0,0.0,0.9829304,1.0,0.0,0.0,0.017069567,0.017069567,0.0,0.0,0.0,0.0,0.0,0.0,0.0,0.0,0.0,0.0,0.0,0.0,0.0,0.017069567,0.0,0.017069567,0.0,0.0,0.0,0.0,0.0,0.0,0.0,0.0,0.017069567,0.0,0.0,0.0,0.0,0.0,0.0,0.0,0.0,0.017069567,0.0,0.0,0.0,0.0,0.0,0.0,0.0,0.0,1.9658608,0.0,0.0,0.017069567,0.0,0.0,0.0,0.0,0.0,0.0,0.0,1.9658608,0.017069567,0.0,0.017069567,0.0,0.9829304,0.0,0.0,0.9829304,0.0,0.017069567,0.0,0.0,0.0,0.0,0.0,0.0,0.0,0.0,0.0
5.1646852,2.1471283,3.0,0.0,0.68491995,0.0,2.0,0.68491995,1.56246,0.0,0.0,0.68491995,0.0,0.0,0.0,0.0,0.0,0.0,0.10314396,0.10314396,0.0,1.1329541,0.0,0.0,0.0,0.68491995,0.0,0.0,0.68491995,0.0,0.14242193,1.1834061,0.10314396,0.68491995,0.68491995,0.0,0.0,0.0,0.10314396,0.0,0.0,0.0,0.0,0.0,0.0,0.0,0.0,0.0,0.0,0.0,0.0,0.0,0.0,0.0,0.0,0.0,0.0,0.0,0.0,0.0,0.0,0.0,0.0,0.0,0.0,0.0,0.0,0.0,0.0,0.0,0.0,0.0,0.0,0.0,0.0,0.0,0.0,0.0,0.0,0.0,0.0,1.1834061,0.0,0.0,0.0,0.0,0.0,0.0,0.0,0.0,0.0,0.0,0.0,0.0,0.0,0.0,1.1834061,0.0,0.0,0.0,0.0,0.0,0.0,0.0,0.0,0.0,0.0,0.68491995,0.0,0.0,0.0,0.0,0.0,0.0,0.0,0.0,0.0,0.0,0.0,0.0,0.0,0.0,0.0,0.0,0.0,0.0,0.0,0.0,1.1834061,0.0,0.0,0.0,0.0,0.0,0.0,0.0,0.0,0.0,0.0,0.0,0.0,0.0,0.0,0.0,0.0,0.0,0.0,0.0,0.0,0.0,0.0,0.0,0.0,0.0,0.0,0.0
