DOI,type,polymer_family,PolymerName,co_smiles,smiles1,smiles2,co_content1,wt1,mol1,co_smiles1,co_content2,wt2,mol2,mix_content1,mix_smiles1,mix_wt1,mix_mol1,Tg,source_record_id,source_row_index,base_mass,base_moles,composition_mode,review_reason,exclusion_reason,mutual_exclusivity_check,co_n_components,co_source_fields,copolymer_amount_basis,co_component_molecular_weights,copolymer_component_molecular_weights,co_component_moles,copolymer_component_moles,co_mole_fractions,copolymer_mole_fractions,co_component_masses,co_conversions,copolymer_conversions,co_zero_components_ignored,blend_source_fields,blend_amount_basis,blend_component_masses,blend_weight_fractions,blend_component_moles,blend_mole_fractions,blend_component_molecular_weights,blend_conversions,blend_zero_components_ignored,composition_rule_version,molecular_weight_method,rdkit_version,co_content_labels,mix_content_labels,composition_valid
10.1295/polymj.PJ2008246,homopolymer,,,,*Nc1ccc(cc1)c1ccc(cc1)NC(=O)c1cc(NC(=O)C(N2C(=O)c3c(C2=O)c(Br)c(c(c3Br)Br)Br)Cc2ccccc2)cc(c1)C(=O)*,,,,100.0,,,,0.0,,,,,145.1564317,31ffd0604200e18eaeef37cf95b505152694578e0af07101f56253ab4ee7ae7c,0,91783.23682040001,100.0,homopolymer,,,passed,1,"[""mol1""]","[""mol1""]",[917.8323682040001],[917.8323682040001],[100.0],[100.0],[1.0],[1.0],[91783.23682040001],"[""molar_amount_to_mass_by_exact_molecular_weight""]","[""molar_amount_to_mass_by_exact_molecular_weight""]",[],[],[],[91783.23682040001],[1.0],[100.0],[1.0],[],[],[],hierarchical_mole_internal_mass_blend_v1,RDKit.Chem.rdMolDescriptors.CalcExactMolWt,2022.09.5,"[null,null]","[null,null,null,null]",True
10.1295/polymj.PJ2008246,homopolymer,,,,*Nc1ccc(cc1)c1ccc(cc1)NC(=O)c1cc(NC(=O)C(N2C(=O)c3c(C2=O)c(Br)c(c(c3Br)Br)Br)Cc2ccccc2)cc(c1)C(=O)*,,,,100.0,,,,0.0,,,,,236.0,90ad0d57ab892122eb4eb9494141008f52ea4355b9a851ace8b1f915b378f2e4,1,91783.23682040001,100.0,homopolymer,,,passed,1,"[""mol1""]","[""mol1""]",[917.8323682040001],[917.8323682040001],[100.0],[100.0],[1.0],[1.0],[91783.23682040001],"[""molar_amount_to_mass_by_exact_molecular_weight""]","[""molar_amount_to_mass_by_exact_molecular_weight""]",[],[],[],[91783.23682040001],[1.0],[100.0],[1.0],[],[],[],hierarchical_mole_internal_mass_blend_v1,RDKit.Chem.rdMolDescriptors.CalcExactMolWt,2022.09.5,"[null,null]","[null,null,null,null]",True
10.1295/polymj.PJ2008246,homopolymer,,,,*Nc1ccc(cc1)Cc1ccc(cc1)NC(=O)c1cc(NC(=O)C(N2C(=O)c3c(C2=O)c(Br)c(c(c3Br)Br)Br)Cc2ccccc2)cc(c1)C(=O)*,,,,100.0,,,,0.0,,,,,145.2250993,2987c74cb9b18e98f0707f230234366da8aa8a10a9d371b79914993e00373c23,2,93184.8018268,100.0,homopolymer,,,passed,1,"[""mol1""]","[""mol1""]",[931.848018268],[931.848018268],[100.0],[100.0],[1.0],[1.0],[93184.8018268],"[""molar_amount_to_mass_by_exact_molecular_weight""]","[""molar_amount_to_mass_by_exact_molecular_weight""]",[],[],[],[93184.8018268],[1.0],[100.0],[1.0],[],[],[],hierarchical_mole_internal_mass_blend_v1,RDKit.Chem.rdMolDescriptors.CalcExactMolWt,2022.09.5,"[null,null]","[null,null,null,null]",True
10.1295/polymj.PJ2008246,homopolymer,,,,*Nc1ccc(cc1)Cc1ccc(cc1)NC(=O)c1cc(NC(=O)C(N2C(=O)c3c(C2=O)c(Br)c(c(c3Br)Br)Br)Cc2ccccc2)cc(c1)C(=O)*,,,,100.0,,,,0.0,,,,,212.0,197f53b465a20ce82b3f2c2ab16763117ae760c4c5bb23a862685a8cf59cf0bf,3,93184.8018268,100.0,homopolymer,,,passed,1,"[""mol1""]","[""mol1""]",[931.848018268],[931.848018268],[100.0],[100.0],[1.0],[1.0],[93184.8018268],"[""molar_amount_to_mass_by_exact_molecular_weight""]","[""molar_amount_to_mass_by_exact_molecular_weight""]",[],[],[],[93184.8018268],[1.0],[100.0],[1.0],[],[],[],hierarchical_mole_internal_mass_blend_v1,RDKit.Chem.rdMolDescriptors.CalcExactMolWt,2022.09.5,"[null,null]","[null,null,null,null]",True
10.1295/polymj.PJ2008246,homopolymer,,,,*Nc1cccc(c1)NC(=O)c1cc(cc(c1)C(=O)*)NC(=O)C(N1C(=O)c2c(C1=O)c(Br)c(c(c2Br)Br)Br)Cc1ccccc1,,,,100.0,,,,0.0,,,,,145.293767,8425f893e677da51776d948348ed2953c83eeebe63ac7217cdaabff7d8f897b8,4,84180.10680760001,100.0,homopolymer,,,passed,1,"[""mol1""]","[""mol1""]",[841.8010680760001],[841.8010680760001],[100.0],[100.0],[1.0],[1.0],[84180.10680760001],"[""molar_amount_to_mass_by_exact_molecular_weight""]","[""molar_amount_to_mass_by_exact_molecular_weight""]",[],[],[],[84180.10680760001],[1.0],[100.0],[1.0],[],[],[],hierarchical_mole_internal_mass_blend_v1,RDKit.Chem.rdMolDescriptors.CalcExactMolWt,2022.09.5,"[null,null]","[null,null,null,null]",True
10.1002/pi.6137,homopolymer,,,,[H]Nc1ccc(cc1)Oc1ccc(cc1)C(c1ccc(cc1)Oc1ccc(cc1)NC(=O)c1ccc(cc1)NC(P1(=O)Oc2ccccc2c2c1cccc2)c1ccc(cc1)C(P1(=O)Oc2ccccc2c2c1cccc2)Nc1ccc(cc1)C(=O)[H])(C)C,,,,100.0,,,,0.0,,,,,205.0,b264040c2ab6325ab94983aa0f3f852887b4c173a82e63d856e136179a30365b,5,118037.29880760002,100.0,homopolymer,,,passed,1,"[""mol1""]","[""mol1""]",[1180.3729880760002],[1180.3729880760002],[100.0],[100.0],[1.0],[1.0],[118037.29880760002],"[""molar_amount_to_mass_by_exact_molecular_weight""]","[""molar_amount_to_mass_by_exact_molecular_weight""]",[],[],[],[118037.29880760002],[1.0],[100.0],[1.0],[],[],[],hierarchical_mole_internal_mass_blend_v1,RDKit.Chem.rdMolDescriptors.CalcExactMolWt,2022.09.5,"[null,null]","[null,null,null,null]",True
10.1295/polymj.PJ2008246,homopolymer,,,,*Nc1cccc(c1)NC(=O)c1cc(cc(c1)C(=O)*)NC(=O)C(N1C(=O)c2c(C1=O)c(Br)c(c(c2Br)Br)Br)Cc1ccccc1,,,,100.0,,,,0.0,,,,,225.0,3966e5506b76108f7ca2d3a13fb8651f0d10d6bd76c0896fd5ce5376e65a4f47,6,84180.10680760001,100.0,homopolymer,,,passed,1,"[""mol1""]","[""mol1""]",[841.8010680760001],[841.8010680760001],[100.0],[100.0],[1.0],[1.0],[84180.10680760001],"[""molar_amount_to_mass_by_exact_molecular_weight""]","[""molar_amount_to_mass_by_exact_molecular_weight""]",[],[],[],[84180.10680760001],[1.0],[100.0],[1.0],[],[],[],hierarchical_mole_internal_mass_blend_v1,RDKit.Chem.rdMolDescriptors.CalcExactMolWt,2022.09.5,"[null,null]","[null,null,null,null]",True
10.1295/polymj.PJ2008246,homopolymer,,,,*Nc1cccc2c1cccc2NC(=O)c1cc(NC(=O)C(N2C(=O)c3c(C2=O)c(Br)c(c(c3Br)Br)Br)Cc2ccccc2)cc(c1)C(=O)*,,,,100.0,,,,0.0,,,,,145.3624347,f03f6ae40aa3825613977d3f0d79e9d9551c62b287c93f0ca0cad5312f3257c1,7,89181.671814,100.0,homopolymer,,,passed,1,"[""mol1""]","[""mol1""]",[891.81671814],[891.81671814],[100.0],[100.0],[1.0],[1.0],[89181.671814],"[""molar_amount_to_mass_by_exact_molecular_weight""]","[""molar_amount_to_mass_by_exact_molecular_weight""]",[],[],[],[89181.671814],[1.0],[100.0],[1.0],[],[],[],hierarchical_mole_internal_mass_blend_v1,RDKit.Chem.rdMolDescriptors.CalcExactMolWt,2022.09.5,"[null,null]","[null,null,null,null]",True
10.1295/polymj.PJ2008246,homopolymer,,,,*Nc1cccc2c1cccc2NC(=O)c1cc(NC(=O)C(N2C(=O)c3c(C2=O)c(Br)c(c(c3Br)Br)Br)Cc2ccccc2)cc(c1)C(=O)*,,,,100.0,,,,0.0,,,,,197.0,837e1ba9e231769e0351b989d167939c10eb650b5412d8b8a4c6f6f97a6f77da,8,89181.671814,100.0,homopolymer,,,passed,1,"[""mol1""]","[""mol1""]",[891.81671814],[891.81671814],[100.0],[100.0],[1.0],[1.0],[89181.671814],"[""molar_amount_to_mass_by_exact_molecular_weight""]","[""molar_amount_to_mass_by_exact_molecular_weight""]",[],[],[],[89181.671814],[1.0],[100.0],[1.0],[],[],[],hierarchical_mole_internal_mass_blend_v1,RDKit.Chem.rdMolDescriptors.CalcExactMolWt,2022.09.5,"[null,null]","[null,null,null,null]",True
10.1007/BF00395568,homopolymer,,,,[H]Oc1ccc(C(C)(C)c2ccc(OP(Nc3ccccc3)([H])=O)cc2)cc1,,,,100.0,,,,0.0,,,,,145.4997701,67e0c989b59fd6529e7ac69156b4d8c4ea32e257f33200272062443ec872bb56,9,36713.3730194,100.0,homopolymer,,,passed,1,"[""mol1""]","[""mol1""]",[367.133730194],[367.133730194],[100.0],[100.0],[1.0],[1.0],[36713.3730194],"[""molar_amount_to_mass_by_exact_molecular_weight""]","[""molar_amount_to_mass_by_exact_molecular_weight""]",[],[],[],[36713.3730194],[1.0],[100.0],[1.0],[],[],[],hierarchical_mole_internal_mass_blend_v1,RDKit.Chem.rdMolDescriptors.CalcExactMolWt,2022.09.5,"[null,null]","[null,null,null,null]",True
10.1007/BF00395568,homopolymer,,,,[H]Oc1ccc(C2(c3ccc(OP(Nc4ccccc4)([H])=O)cc3)CC(c5ccccc52)=O)cc1,,,,100.0,,,,0.0,,,,,145.4311024,1d641aa40412472eadb6bce53c1da8da632fba9f1fb5b220a3982cb05f9724e4,10,45512.8644814,100.0,homopolymer,,,passed,1,"[""mol1""]","[""mol1""]",[455.128644814],[455.128644814],[100.0],[100.0],[1.0],[1.0],[45512.8644814],"[""molar_amount_to_mass_by_exact_molecular_weight""]","[""molar_amount_to_mass_by_exact_molecular_weight""]",[],[],[],[45512.8644814],[1.0],[100.0],[1.0],[],[],[],hierarchical_mole_internal_mass_blend_v1,RDKit.Chem.rdMolDescriptors.CalcExactMolWt,2022.09.5,"[null,null]","[null,null,null,null]",True
10.1007/BF00395568,homopolymer,,,,*Oc1ccc(cc1)S(=O)(=O)c1ccc(cc1)OP(=O)(Nc1ccccc1)*,,,,100.0,,,,0.0,,,,,145.5684378,9f7efaec60ec038230a9a8418f9d166c698865405c5ccd577d0ec3e4d2eec656,11,38703.3030178,100.0,homopolymer,,,passed,1,"[""mol1""]","[""mol1""]",[387.033030178],[387.033030178],[100.0],[100.0],[1.0],[1.0],[38703.3030178],"[""molar_amount_to_mass_by_exact_molecular_weight""]","[""molar_amount_to_mass_by_exact_molecular_weight""]",[],[],[],[38703.3030178],[1.0],[100.0],[1.0],[],[],[],hierarchical_mole_internal_mass_blend_v1,RDKit.Chem.rdMolDescriptors.CalcExactMolWt,2022.09.5,"[null,null]","[null,null,null,null]",True
10.1039/C0PY00103A,homopolymer,,,,[H]C(C(C=C1)=CC=C1NC2=NNC(C(C=C3)=CC=C3N[H])=N2)=O,,,,100.0,,,,0.0,,,,,375.0,275d12db6c338b808bc493b0b247b4d12cc2f46ef1c454cd77eed85c3b97b722,12,27911.201003600003,100.0,homopolymer,,,passed,1,"[""mol1""]","[""mol1""]",[279.112010036],[279.112010036],[100.0],[100.0],[1.0],[1.0],[27911.201003600003],"[""molar_amount_to_mass_by_exact_molecular_weight""]","[""molar_amount_to_mass_by_exact_molecular_weight""]",[],[],[],[27911.201003600003],[1.0],[100.0],[1.0],[],[],[],hierarchical_mole_internal_mass_blend_v1,RDKit.Chem.rdMolDescriptors.CalcExactMolWt,2022.09.5,"[null,null]","[null,null,null,null]",True
?10.1002/pi.6137,homopolymer,,,,[H]Nc1ccc(cc1)Oc1ccc(cc1)C(c1ccc(cc1)Oc1ccc(cc1)NC(=O)c1ccc(cc1)NC(P1(=O)Oc2ccccc2c2c1cccc2)c1ccc(cc1)C(P1(=O)Oc2ccccc2c2c1cccc2)Nc1ccc(cc1)C(=O)[H])(C)C,,,,100.0,,,,0.0,,,,,205.0,b264040c2ab6325ab94983aa0f3f852887b4c173a82e63d856e136179a30365b,13,118037.29880760002,100.0,homopolymer,,,passed,1,"[""mol1""]","[""mol1""]",[1180.3729880760002],[1180.3729880760002],[100.0],[100.0],[1.0],[1.0],[118037.29880760002],"[""molar_amount_to_mass_by_exact_molecular_weight""]","[""molar_amount_to_mass_by_exact_molecular_weight""]",[],[],[],[118037.29880760002],[1.0],[100.0],[1.0],[],[],[],hierarchical_mole_internal_mass_blend_v1,RDKit.Chem.rdMolDescriptors.CalcExactMolWt,2022.09.5,"[null,null]","[null,null,null,null]",True
10.1007/s00289-015-1587-x,homopolymer,,,,[H]C(C1=CC(NC(C(N2C(C3=C(C(Br)=C(C(Br)=C3C2=O)Br)Br)=O)C)=O)=CC(C(NC4=C5C(C(N[H])=CC=C5)=CC=C4)=O)=C1)=O,,,,100.0,,,,0.0,,,,,196.0,06d9086452bf8b307c331dc3dcb024f64f2e030cf4393d66d4160b0a58c90942,14,81780.10680760001,100.0,homopolymer,,,passed,1,"[""mol1""]","[""mol1""]",[817.8010680760001],[817.8010680760001],[100.0],[100.0],[1.0],[1.0],[81780.10680760001],"[""molar_amount_to_mass_by_exact_molecular_weight""]","[""molar_amount_to_mass_by_exact_molecular_weight""]",[],[],[],[81780.10680760001],[1.0],[100.0],[1.0],[],[],[],hierarchical_mole_internal_mass_blend_v1,RDKit.Chem.rdMolDescriptors.CalcExactMolWt,2022.09.5,"[null,null]","[null,null,null,null]",True
10.1007/s00289-015-1587-x,homopolymer,,,,[H]C(C1=CC(NC(C(N2C(C3=C(C(Br)=C(C(Br)=C3C2=O)Br)Br)=O)C)=O)=CC(C(NC4=CC(N[H])=CC=C4)=O)=C1)=O,,,,100.0,,,,0.0,,,,,212.0,d8ac582c7a68babda816b397af4681fecc77bc56a1a8e08b6d37aeb3f62b55ad,15,76778.5418012,100.0,homopolymer,,,passed,1,"[""mol1""]","[""mol1""]",[767.785418012],[767.785418012],[100.0],[100.0],[1.0],[1.0],[76778.5418012],"[""molar_amount_to_mass_by_exact_molecular_weight""]","[""molar_amount_to_mass_by_exact_molecular_weight""]",[],[],[],[76778.5418012],[1.0],[100.0],[1.0],[],[],[],hierarchical_mole_internal_mass_blend_v1,RDKit.Chem.rdMolDescriptors.CalcExactMolWt,2022.09.5,"[null,null]","[null,null,null,null]",True
10.1007/s00289-015-1587-x,homopolymer,,,,[H]C(C1=CC(NC(C(N2C(C3=C(C(Br)=C(C(Br)=C3C2=O)Br)Br)=O)C)=O)=CC(C(NC4=CC=C(C5=CC=C(N[H])C=C5)C=C4)=O)=C1)=O,,,,100.0,,,,0.0,,,,,191.0,5078bc556f66b386677ef833fcd094ddaec5d4bcc26b68dd21bb9d87b5938a80,16,84381.671814,100.0,homopolymer,,,passed,1,"[""mol1""]","[""mol1""]",[843.81671814],[843.81671814],[100.0],[100.0],[1.0],[1.0],[84381.671814],"[""molar_amount_to_mass_by_exact_molecular_weight""]","[""molar_amount_to_mass_by_exact_molecular_weight""]",[],[],[],[84381.671814],[1.0],[100.0],[1.0],[],[],[],hierarchical_mole_internal_mass_blend_v1,RDKit.Chem.rdMolDescriptors.CalcExactMolWt,2022.09.5,"[null,null]","[null,null,null,null]",True
10.1007/s00289-015-1587-x,homopolymer,,,,[H]C(C1=CC(NC(C(N2C(C3=C(C(Br)=C(C(Br)=C3C2=O)Br)Br)=O)C)=O)=CC(C(NC4=CC=C(CC5=CC=C(N[H])C=C5)C=C4)=O)=C1)=O,,,,100.0,,,,0.0,,,,,192.0,0bd203fae994e4dd3f0ac0f11446b0eae01178d07c0fbf6d8b8db4f36e833e45,17,85783.23682040001,100.0,homopolymer,,,passed,1,"[""mol1""]","[""mol1""]",[857.8323682040001],[857.8323682040001],[100.0],[100.0],[1.0],[1.0],[85783.23682040001],"[""molar_amount_to_mass_by_exact_molecular_weight""]","[""molar_amount_to_mass_by_exact_molecular_weight""]",[],[],[],[85783.23682040001],[1.0],[100.0],[1.0],[],[],[],hierarchical_mole_internal_mass_blend_v1,RDKit.Chem.rdMolDescriptors.CalcExactMolWt,2022.09.5,"[null,null]","[null,null,null,null]",True
10.1007/s00289-015-1587-x,homopolymer,,,,[H]C(C1=CC(NC(C(N2C(C3=C(C(Br)=C(C(Br)=C3C2=O)Br)Br)=O)C)=O)=CC(C(NC4=CC=C(N[H])C=C4)=O)=C1)=O,,,,100.0,,,,0.0,,,,,201.0,d06c710b36811257f902b517f04485488108a3c61a8865f638ddbd5048635c57,18,76778.5418012,100.0,homopolymer,,,passed,1,"[""mol1""]","[""mol1""]",[767.785418012],[767.785418012],[100.0],[100.0],[1.0],[1.0],[76778.5418012],"[""molar_amount_to_mass_by_exact_molecular_weight""]","[""molar_amount_to_mass_by_exact_molecular_weight""]",[],[],[],[76778.5418012],[1.0],[100.0],[1.0],[],[],[],hierarchical_mole_internal_mass_blend_v1,RDKit.Chem.rdMolDescriptors.CalcExactMolWt,2022.09.5,"[null,null]","[null,null,null,null]",True
10.1007/s00289-015-1587-x,homopolymer,,,,[H]C(C1=CC(NC(C(N2C(C3=C(C(Br)=C(C(Br)=C3C2=O)Br)Br)=O)C)=O)=CC(C(NC4=CC=C(N[H])C=C4C)=O)=C1)=O,,,,100.0,,,,0.0,,,,,195.0,5263fe5ea15aad3b0d571805d3806817be03635c6bf6f48ebc6e7699d5239576,19,78180.10680760001,100.0,homopolymer,,,passed,1,"[""mol1""]","[""mol1""]",[781.8010680760001],[781.8010680760001],[100.0],[100.0],[1.0],[1.0],[78180.10680760001],"[""molar_amount_to_mass_by_exact_molecular_weight""]","[""molar_amount_to_mass_by_exact_molecular_weight""]",[],[],[],[78180.10680760001],[1.0],[100.0],[1.0],[],[],[],hierarchical_mole_internal_mass_blend_v1,RDKit.Chem.rdMolDescriptors.CalcExactMolWt,2022.09.5,"[null,null]","[null,null,null,null]",True
10.1007/s00289-015-1587-x,homopolymer,,,,[H]C(C1=CC(NC(C(N2C(C3=C(C(Br)=C(C(Br)=C3C2=O)Br)Br)=O)C)=O)=CC(C(NC4=CC=C(OC5=CC=C(N[H])C=C5)C=C4)=O)=C1)=O,,,,100.0,,,,0.0,,,,,195.0,19bcfbcb80a11dbbbdaf3284f12e9c5dcbf0cc106bafa12e8821f57016e940b0,20,85981.163276,100.0,homopolymer,,,passed,1,"[""mol1""]","[""mol1""]",[859.8116327600001],[859.8116327600001],[100.0],[100.0],[1.0],[1.0],[85981.163276],"[""molar_amount_to_mass_by_exact_molecular_weight""]","[""molar_amount_to_mass_by_exact_molecular_weight""]",[],[],[],[85981.163276],[1.0],[100.0],[1.0],[],[],[],hierarchical_mole_internal_mass_blend_v1,RDKit.Chem.rdMolDescriptors.CalcExactMolWt,2022.09.5,"[null,null]","[null,null,null,null]",True
10.1007/s00289-015-1587-x,homopolymer,,,,[H]C(C1=CC(NC(C(N2C(C3=C(C(Br)=C(C(Br)=C3C2=O)Br)Br)=O)C)=O)=CC(C(NC4=CC=C(S(C5=CC=C(N[H])C=C5)(=O)=O)C=C4)=O)=C1)=O,,,,100.0,,,,0.0,,,,,206.0,d285c9c202a1e9fa1de85bbfe4f0bbf4018f4533aa81265e37ce8af5a7732e44,21,90777.86183800001,100.0,homopolymer,,,passed,1,"[""mol1""]","[""mol1""]",[907.7786183800001],[907.7786183800001],[100.0],[100.0],[1.0],[1.0],[90777.86183800001],"[""molar_amount_to_mass_by_exact_molecular_weight""]","[""molar_amount_to_mass_by_exact_molecular_weight""]",[],[],[],[90777.86183800001],[1.0],[100.0],[1.0],[],[],[],hierarchical_mole_internal_mass_blend_v1,RDKit.Chem.rdMolDescriptors.CalcExactMolWt,2022.09.5,"[null,null]","[null,null,null,null]",True
10.1039/C0PY00103A,homopolymer,,,,[H]C(C1=CC(NC2=CC=C(N[H])C=C2)=CC(NC3=NNC(C4=CC=CC=C4)=N3)=C1)=O,,,,100.0,,,,0.0,,,,,306.0,10aa66c3e27c7f8657ba3757802cb79f84e57892b6c271e077183828d8343964,22,37015.420919599994,100.0,homopolymer,,,passed,1,"[""mol1""]","[""mol1""]",[370.15420919599995],[370.15420919599995],[100.0],[100.0],[1.0],[1.0],[37015.420919599994],"[""molar_amount_to_mass_by_exact_molecular_weight""]","[""molar_amount_to_mass_by_exact_molecular_weight""]",[],[],[],[37015.420919599994],[1.0],[100.0],[1.0],[],[],[],hierarchical_mole_internal_mass_blend_v1,RDKit.Chem.rdMolDescriptors.CalcExactMolWt,2022.09.5,"[null,null]","[null,null,null,null]",True
10.1039/C0PY00103A,homopolymer,,,,[H]C(C1=CC(NC2=CC=CC(N[H])=C2)=CC(NC3=NNC(C4=CC=CC=C4)=N3)=C1)=O,,,,100.0,,,,0.0,,,,,293.0,8c6808a589abb1d82c27379bad56919cd45cf9f59e94ebb07402224642f7b988,23,37015.420919599994,100.0,homopolymer,,,passed,1,"[""mol1""]","[""mol1""]",[370.15420919599995],[370.15420919599995],[100.0],[100.0],[1.0],[1.0],[37015.420919599994],"[""molar_amount_to_mass_by_exact_molecular_weight""]","[""molar_amount_to_mass_by_exact_molecular_weight""]",[],[],[],[37015.420919599994],[1.0],[100.0],[1.0],[],[],[],hierarchical_mole_internal_mass_blend_v1,RDKit.Chem.rdMolDescriptors.CalcExactMolWt,2022.09.5,"[null,null]","[null,null,null,null]",True
?10.1007/s10853-020-05281-3,homopolymer,,,,[H]CC(COc1ccc(cc1)C(c1ccc(cc1)O[H])(C)C)O,,,,100.0,,,,0.0,,,,,113.4,05e2539cd74164e7d0f2b1b2b57a15d349d5421edfa65634b0c6d0a0826e23e1,24,28615.689456399996,100.0,homopolymer,,,passed,1,"[""mol1""]","[""mol1""]",[286.15689456399997],[286.15689456399997],[100.0],[100.0],[1.0],[1.0],[28615.689456399996],"[""molar_amount_to_mass_by_exact_molecular_weight""]","[""molar_amount_to_mass_by_exact_molecular_weight""]",[],[],[],[28615.689456399996],[1.0],[100.0],[1.0],[],[],[],hierarchical_mole_internal_mass_blend_v1,RDKit.Chem.rdMolDescriptors.CalcExactMolWt,2022.09.5,"[null,null]","[null,null,null,null]",True
10.1007/s10965-017-1184-9,homopolymer,,,,[H]C(C1=CC=C(C=C1)NC2=NC(N3CCOCC3)=NC(NC4=CC=C(C=C4)C(NC5=CC=C(N(C6=CC=C(OC)C=C6)C7=CC=C(N[H])C=C7)C=C5)=O)=N2)=O,,,,100.0,,,,0.0,,,,,240.0,b02cca6f60f18ac66e91a3b93d90d80eb3e26665b67a287befab1c9145f150a5,25,70729.68506640001,100.0,homopolymer,,,passed,1,"[""mol1""]","[""mol1""]",[707.2968506640001],[707.2968506640001],[100.0],[100.0],[1.0],[1.0],[70729.68506640001],"[""molar_amount_to_mass_by_exact_molecular_weight""]","[""molar_amount_to_mass_by_exact_molecular_weight""]",[],[],[],[70729.68506640001],[1.0],[100.0],[1.0],[],[],[],hierarchical_mole_internal_mass_blend_v1,RDKit.Chem.rdMolDescriptors.CalcExactMolWt,2022.09.5,"[null,null]","[null,null,null,null]",True
10.1007/s10965-017-1184-9,homopolymer,,,,[H]C(C1=CC=C(C=C1)NC2=NC(N3CCOCC3)=NC(NC4=CC=C(C=C4)C(NC5=CC=C(OC6=CC=C(N[H])C=C6)C=C5)=O)=N2)=O,,,,100.0,,,,0.0,,,,,234.0,3ccf14aefcb6ce1828b349a8b538b1056146093b27f369325b84313c5419782a,26,60223.900144000014,100.0,homopolymer,,,passed,1,"[""mol1""]","[""mol1""]",[602.2390014400002],[602.2390014400002],[100.0],[100.0],[1.0],[1.0],[60223.900144000014],"[""molar_amount_to_mass_by_exact_molecular_weight""]","[""molar_amount_to_mass_by_exact_molecular_weight""]",[],[],[],[60223.900144000014],[1.0],[100.0],[1.0],[],[],[],hierarchical_mole_internal_mass_blend_v1,RDKit.Chem.rdMolDescriptors.CalcExactMolWt,2022.09.5,"[null,null]","[null,null,null,null]",True
10.1007/s10965-017-1184-9,homopolymer,,,,[H]C(C1=CC=C(C=C1)NC2=NC(N3CCOCC3)=NC(NC4=CC=C(C=C4)C(NC5=CC=C(S(C6=CC=C(N[H])C=C6)(=O)=O)C=C5)=O)=N2)=O,,,,100.0,,,,0.0,,,,,223.0,baa2cea7a07cb89c2dfdb9440bf7b57799285702f5bc1decc6d8398f2c2a2485,27,65020.59870600002,100.0,homopolymer,,,passed,1,"[""mol1""]","[""mol1""]",[650.2059870600002],[650.2059870600002],[100.0],[100.0],[1.0],[1.0],[65020.59870600002],"[""molar_amount_to_mass_by_exact_molecular_weight""]","[""molar_amount_to_mass_by_exact_molecular_weight""]",[],[],[],[65020.59870600002],[1.0],[100.0],[1.0],[],[],[],hierarchical_mole_internal_mass_blend_v1,RDKit.Chem.rdMolDescriptors.CalcExactMolWt,2022.09.5,"[null,null]","[null,null,null,null]",True
10.1007/s10965-017-1184-9,homopolymer,,,,[H]C(C1=CC=C(C=C1)NC2=NC(N3CCOCC3)=NC(NC4=CC=C(C=C4)C(NC5=CC=CC(N[H])=C5)=O)=N2)=O,,,,100.0,,,,0.0,,,,,248.0,db6239d414dcb51672e2cbce8c8b0ef77ed690503ca53414783246bf5ec26894,28,51021.2786692,100.0,homopolymer,,,passed,1,"[""mol1""]","[""mol1""]",[510.212786692],[510.212786692],[100.0],[100.0],[1.0],[1.0],[51021.2786692],"[""molar_amount_to_mass_by_exact_molecular_weight""]","[""molar_amount_to_mass_by_exact_molecular_weight""]",[],[],[],[51021.2786692],[1.0],[100.0],[1.0],[],[],[],hierarchical_mole_internal_mass_blend_v1,RDKit.Chem.rdMolDescriptors.CalcExactMolWt,2022.09.5,"[null,null]","[null,null,null,null]",True
10.1007/s11696-020-01494-7,homopolymer,,,,[H]C1=CC=C(C(NC2=CC=C(OC3=CC=C(C(C)(C)C4=CC=C(OC5=CC=C(NC(C6=CC=C(N7C(C8C(C9=CC=C%10C%11=C9C8=CC=C%11C%12=CC=C%13C%14=C%12C%10=CC=C%14C%15C%13C(N([H])C%15=O)=O)C7=O)=O)C=C6)=O)C=C5)C=C4)C=C3)C=C2)=O)C=C1,,,,100.0,,,,0.0,,,,,231.0,33bb9d36a5d8a9f5a2f4afcf7eb65094f5929f887cb104ac0a87b64f16fd7728,29,105833.1564432,100.0,homopolymer,,,passed,1,"[""mol1""]","[""mol1""]",[1058.331564432],[1058.331564432],[100.0],[100.0],[1.0],[1.0],[105833.1564432],"[""molar_amount_to_mass_by_exact_molecular_weight""]","[""molar_amount_to_mass_by_exact_molecular_weight""]",[],[],[],[105833.1564432],[1.0],[100.0],[1.0],[],[],[],hierarchical_mole_internal_mass_blend_v1,RDKit.Chem.rdMolDescriptors.CalcExactMolWt,2022.09.5,"[null,null]","[null,null,null,null]",True
10.1080/10601325.2020.1736944,homopolymer,,,,[H]c1ccc(cc1)c1nc(cc(c1)c1ccc(cc1)P(c1ccccc1)c1ccccc1)c1ccc(cc1)N1C(=O)c2c(C1=O)cc(cc2)C(C(F)(F)F)(C(F)(F)F)c1ccc2c(c1)C(=O)C(C2=O)[H],,,,100.0,,,,0.0,,,,,144.0577487,d83ce975044db53177ad9808cd90c6aa05086244dc5390a93a68b6cf3a78d779,30,93020.8213486,100.0,homopolymer,,,passed,1,"[""mol1""]","[""mol1""]",[930.2082134860001],[930.2082134860001],[100.0],[100.0],[1.0],[1.0],[93020.8213486],"[""molar_amount_to_mass_by_exact_molecular_weight""]","[""molar_amount_to_mass_by_exact_molecular_weight""]",[],[],[],[93020.8213486],[1.0],[100.0],[1.0],[],[],[],hierarchical_mole_internal_mass_blend_v1,RDKit.Chem.rdMolDescriptors.CalcExactMolWt,2022.09.5,"[null,null]","[null,null,null,null]",True
10.1080/10601325.2020.1736944,homopolymer,,,,[H]c1ccc(cc1)c1nc(cc(c1)c1ccc(cc1)P(c1ccccc1)c1ccccc1)c1ccc(cc1)N1C(=O)c2c(C1=O)cc(cc2)c1ccc2c(c1)C(=O)N(C2=O)[H],,,,100.0,,,,0.0,,,,,144.3324195,4f411f55402216c76527869f7272384766558595a2ece672e451b7dcaaf702e2,31,78121.3043134,100.0,homopolymer,,,passed,1,"[""mol1""]","[""mol1""]",[781.213043134],[781.213043134],[100.0],[100.0],[1.0],[1.0],[78121.3043134],"[""molar_amount_to_mass_by_exact_molecular_weight""]","[""molar_amount_to_mass_by_exact_molecular_weight""]",[],[],[],[78121.3043134],[1.0],[100.0],[1.0],[],[],[],hierarchical_mole_internal_mass_blend_v1,RDKit.Chem.rdMolDescriptors.CalcExactMolWt,2022.09.5,"[null,null]","[null,null,null,null]",True
10.1080/10601325.2020.1736944,homopolymer,,,,[H]c1ccc(cc1)c1nc(cc(c1)c1ccc(cc1)P(c1ccccc1)c1ccccc1)c1ccc(cc1)N1C(=O)c2c(C1=O)cc(cc2)Oc1ccc(cc1)Oc1ccc2c(c1)C(=O)C(C2=O)[H],,,,100.0,,,,0.0,,,,,144.2637518,1b4c2a2b51ac699e695c4706acdcb20ac304185d6417e94fe130c23d302b4647,32,88823.89235340002,100.0,homopolymer,,,passed,1,"[""mol1""]","[""mol1""]",[888.2389235340002],[888.2389235340002],[100.0],[100.0],[1.0],[1.0],[88823.89235340002],"[""molar_amount_to_mass_by_exact_molecular_weight""]","[""molar_amount_to_mass_by_exact_molecular_weight""]",[],[],[],[88823.89235340002],[1.0],[100.0],[1.0],[],[],[],hierarchical_mole_internal_mass_blend_v1,RDKit.Chem.rdMolDescriptors.CalcExactMolWt,2022.09.5,"[null,null]","[null,null,null,null]",True
10.1080/10601325.2020.1736944,homopolymer,,,,[H]c1ccc(cc1)c1nc(cc(c1)c1ccc(cc1)P(c1ccccc1)c1ccccc1)c1ccc(cc1)N1C(=O)c2c(C1=O)cc(cc2)Oc1ccc2c(c1)C(=O)C(C2=O)[H],,,,100.0,,,,0.0,,,,,144.1264164,b075163e46b5cdaa0991db1336ff21f262afdf423001839a3a209d244b320b9a,33,79621.27087860001,100.0,homopolymer,,,passed,1,"[""mol1""]","[""mol1""]",[796.2127087860001],[796.2127087860001],[100.0],[100.0],[1.0],[1.0],[79621.27087860001],"[""molar_amount_to_mass_by_exact_molecular_weight""]","[""molar_amount_to_mass_by_exact_molecular_weight""]",[],[],[],[79621.27087860001],[1.0],[100.0],[1.0],[],[],[],hierarchical_mole_internal_mass_blend_v1,RDKit.Chem.rdMolDescriptors.CalcExactMolWt,2022.09.5,"[null,null]","[null,null,null,null]",True
10.1080/10601325.2020.1736944,homopolymer,,,,[H]c1ccc(cc1)c1nc(cc(c1)c1ccc(cc1)P(c1ccccc1)c1ccccc1)c1ccc(cc1)N1C(=O)c2c(C1=O)cc(cc2)Sc1ccc2c(c1)C(=O)C(C2=O)[H],,,,100.0,,,,0.0,,,,,144.1950841,bed02ae904be46d8c868691d0c587b9ddf7fd0206a404db5feaf9cbc73fd509a,34,81218.98651660001,100.0,homopolymer,,,passed,1,"[""mol1""]","[""mol1""]",[812.1898651660001],[812.1898651660001],[100.0],[100.0],[1.0],[1.0],[81218.98651660001],"[""molar_amount_to_mass_by_exact_molecular_weight""]","[""molar_amount_to_mass_by_exact_molecular_weight""]",[],[],[],[81218.98651660001],[1.0],[100.0],[1.0],[],[],[],hierarchical_mole_internal_mass_blend_v1,RDKit.Chem.rdMolDescriptors.CalcExactMolWt,2022.09.5,"[null,null]","[null,null,null,null]",True
10.1007/s10965-021-02676-x,homopolymer,,,,[H]c1ccc(cc1)Oc1ccc(cc1)C1(Cc2c(C1=O)cccc2)c1ccc(cc1)Oc1ccc(cc1)N1C(=O)C2C(C1=O)CC(CC2)C1CCC2C(C1)C(=O)N(C2=O)[H],,,,100.0,,,,0.0,,,,,269.4,873d0d0dcdf76c30305c32a5b90a1b6015e6b5c6b9d0f3abfb5c07dce949363b,35,77029.92016840001,100.0,homopolymer,,,passed,1,"[""mol1""]","[""mol1""]",[770.2992016840001],[770.2992016840001],[100.0],[100.0],[1.0],[1.0],[77029.92016840001],"[""molar_amount_to_mass_by_exact_molecular_weight""]","[""molar_amount_to_mass_by_exact_molecular_weight""]",[],[],[],[77029.92016840001],[1.0],[100.0],[1.0],[],[],[],hierarchical_mole_internal_mass_blend_v1,RDKit.Chem.rdMolDescriptors.CalcExactMolWt,2022.09.5,"[null,null]","[null,null,null,null]",True
10.1007/s10965-021-02676-x,homopolymer,,,,[H]c1ccc(cc1)Oc1ccc(cc1)C1(Cc2c(C1=O)cccc2)c1ccc(cc1)Oc1ccc(cc1)N1C(=O)C2C(C1=O)CC1C(C2)C(=O)N(C1=O)[H],,,,100.0,,,,0.0,,,,,318.1,f9495de0a20cbbfba2c03339350fc2d4eca09717e72256febc57cfb90a4f3e84,36,68822.0951364,100.0,homopolymer,,,passed,1,"[""mol1""]","[""mol1""]",[688.220951364],[688.220951364],[100.0],[100.0],[1.0],[1.0],[68822.0951364],"[""molar_amount_to_mass_by_exact_molecular_weight""]","[""molar_amount_to_mass_by_exact_molecular_weight""]",[],[],[],[68822.0951364],[1.0],[100.0],[1.0],[],[],[],hierarchical_mole_internal_mass_blend_v1,RDKit.Chem.rdMolDescriptors.CalcExactMolWt,2022.09.5,"[null,null]","[null,null,null,null]",True
10.1007/s10965-021-02676-x,homopolymer,,,,[H]c1ccc(cc1)Oc1ccc(cc1)N1C(=O)C2C(C1=O)CC(CC2)C1CCC2C(C1)C(=O)N(C2=O)[H],,,,100.0,,,,0.0,,,,,260.6,d082b0555be42877e8bbacf4ea04bfc22ba7b5e84ed0798b2595f0bbf9ca27be,37,47219.982199599996,100.0,homopolymer,,,passed,1,"[""mol1""]","[""mol1""]",[472.19982199599997],[472.19982199599997],[100.0],[100.0],[1.0],[1.0],[47219.982199599996],"[""molar_amount_to_mass_by_exact_molecular_weight""]","[""molar_amount_to_mass_by_exact_molecular_weight""]",[],[],[],[47219.982199599996],[1.0],[100.0],[1.0],[],[],[],hierarchical_mole_internal_mass_blend_v1,RDKit.Chem.rdMolDescriptors.CalcExactMolWt,2022.09.5,"[null,null]","[null,null,null,null]",True
10.1007/s00289-015-1488-z,homopolymer,,,,[H]c1ccc(cc1)OCc1nnn(c1)c1ccc(cc1)Oc1ccc(cc1)Oc1ccc(cc1)n1nnc(c1)COc1ccc(cc1)N1C(=O)c2c(C1=O)cc(cc2)C(=O)c1ccc2c(c1)C(=O)N(C2=O)[H],,,,100.0,,,,0.0,,,,,236.0,01abf291feba71ebe438b68405b04d6cb58ce5c52cb36f09aad7f160cd72e020,38,92624.48746680001,100.0,homopolymer,,,passed,1,"[""mol1""]","[""mol1""]",[926.2448746680001],[926.2448746680001],[100.0],[100.0],[1.0],[1.0],[92624.48746680001],"[""molar_amount_to_mass_by_exact_molecular_weight""]","[""molar_amount_to_mass_by_exact_molecular_weight""]",[],[],[],[92624.48746680001],[1.0],[100.0],[1.0],[],[],[],hierarchical_mole_internal_mass_blend_v1,RDKit.Chem.rdMolDescriptors.CalcExactMolWt,2022.09.5,"[null,null]","[null,null,null,null]",True
10.1007/s00289-015-1488-z,homopolymer,,,,[H]c1ccc(cc1)OCc1nnn(c1)CCCn1nnc(c1)COc1ccc(cc1)N1C(=O)c2c(C1=O)cc(cc2)C(=O)c1ccc2c(c1)C(=O)N(C2=O)[H],,,,100.0,,,,0.0,,,,,218.0,fb1c36368cc8aa05fe0a89e93f2d80a30a8757cabdd631dc6c33343b424d0f2a,39,70820.8095236,100.0,homopolymer,,,passed,1,"[""mol1""]","[""mol1""]",[708.208095236],[708.208095236],[100.0],[100.0],[1.0],[1.0],[70820.8095236],"[""molar_amount_to_mass_by_exact_molecular_weight""]","[""molar_amount_to_mass_by_exact_molecular_weight""]",[],[],[],[70820.8095236],[1.0],[100.0],[1.0],[],[],[],hierarchical_mole_internal_mass_blend_v1,RDKit.Chem.rdMolDescriptors.CalcExactMolWt,2022.09.5,"[null,null]","[null,null,null,null]",True
?10.1016/j.jfluchem.2016.03.016,homopolymer,,,,[H]c1cccc(c1)P(=O)(C(CC(C(C(C(C(C(F)(F)F)(F)F)(F)F)(F)F)(F)F)(F)F)(F)F)c1cccc(c1)N1C(=O)C(C1=O)c1ccc(cc1)C(=O)c1ccc(cc1)C1C(=O)N(C1=O)[H],,,,100.0,,,,0.0,,,,,203.0,8adc1293a0f826b45edbd2afd136325158436adcf92e559947d12c881f8597e9,40,93009.75963540001,100.0,homopolymer,,,passed,1,"[""mol1""]","[""mol1""]",[930.0975963540002],[930.0975963540002],[100.0],[100.0],[1.0],[1.0],[93009.75963540001],"[""molar_amount_to_mass_by_exact_molecular_weight""]","[""molar_amount_to_mass_by_exact_molecular_weight""]",[],[],[],[93009.75963540001],[1.0],[100.0],[1.0],[],[],[],hierarchical_mole_internal_mass_blend_v1,RDKit.Chem.rdMolDescriptors.CalcExactMolWt,2022.09.5,"[null,null]","[null,null,null,null]",True
?10.1016/j.jfluchem.2016.03.016,homopolymer,,,,[H]c1cccc(c1)P(=O)(c1cccc(c1)N1C(=O)C(C1=O)c1ccc(cc1)C(C(F)(F)F)(C(F)(F)F)c1ccc(cc1)C1C(=O)N(C1=O)[H])CCC(C(C(C(C(C(F)(F)F)(F)F)(F)F)(F)F)(F)F)(F)F,,,,100.0,,,,0.0,,,,,204.0,2e95e21e39def8dfc61a4c7581334afc6bd377e52b34e36113bee4a8f9e5f912,41,101611.1944678,100.0,homopolymer,,,passed,1,"[""mol1""]","[""mol1""]",[1016.111944678],[1016.111944678],[100.0],[100.0],[1.0],[1.0],[101611.1944678],"[""molar_amount_to_mass_by_exact_molecular_weight""]","[""molar_amount_to_mass_by_exact_molecular_weight""]",[],[],[],[101611.1944678],[1.0],[100.0],[1.0],[],[],[],hierarchical_mole_internal_mass_blend_v1,RDKit.Chem.rdMolDescriptors.CalcExactMolWt,2022.09.5,"[null,null]","[null,null,null,null]",True
?10.1016/j.jfluchem.2016.03.016,homopolymer,,,,[H]c1cccc(c1)P(=O)(c1cccc(c1)N1C(=O)C(C1=O)c1ccc(cc1)C1C(=O)N(C1=O)[H])CCC(C(C(C(C(C(F)(F)F)(F)F)(F)F)(F)F)(F)F)(F)F,,,,100.0,,,,0.0,,,,,233.0,50f5e0836ec9326094b6a00da8a35286ab75176d7c3db9ffee4fa6c326883897,42,79009.02252299999,100.0,homopolymer,,,passed,1,"[""mol1""]","[""mol1""]",[790.0902252299999],[790.0902252299999],[100.0],[100.0],[1.0],[1.0],[79009.02252299999],"[""molar_amount_to_mass_by_exact_molecular_weight""]","[""molar_amount_to_mass_by_exact_molecular_weight""]",[],[],[],[79009.02252299999],[1.0],[100.0],[1.0],[],[],[],hierarchical_mole_internal_mass_blend_v1,RDKit.Chem.rdMolDescriptors.CalcExactMolWt,2022.09.5,"[null,null]","[null,null,null,null]",True
10.1007/s00289-015-1587-x,homopolymer,,,,[H]Nc1ccc(c(c1)C)NC(=O)c1cc(NC(=O)C(N2C(=O)c3c(C2=O)c(Br)c(c(c3Br)Br)Br)C)cc(c1)C(=O)[H],,,,100.0,,,,0.0,,,,,195.0,890b914eab7e03f35ba9af178214c5888ec1e4961cbd7926b1eba458e2d45d7a,43,78180.10680760001,100.0,homopolymer,,,passed,1,"[""mol1""]","[""mol1""]",[781.8010680760001],[781.8010680760001],[100.0],[100.0],[1.0],[1.0],[78180.10680760001],"[""molar_amount_to_mass_by_exact_molecular_weight""]","[""molar_amount_to_mass_by_exact_molecular_weight""]",[],[],[],[78180.10680760001],[1.0],[100.0],[1.0],[],[],[],hierarchical_mole_internal_mass_blend_v1,RDKit.Chem.rdMolDescriptors.CalcExactMolWt,2022.09.5,"[null,null]","[null,null,null,null]",True
?10.1007/s00289-015-1587-x,homopolymer,,,,[H]Nc1ccc(c(c1)C)NC(=O)c1cc(NC(=O)C(N2C(=O)c3c(C2=O)c(Br)c(c(c3Br)Br)Br)C)cc(c1)C(=O)[H],,,,100.0,,,,0.0,,,,,195.0,890b914eab7e03f35ba9af178214c5888ec1e4961cbd7926b1eba458e2d45d7a,44,78180.10680760001,100.0,homopolymer,,,passed,1,"[""mol1""]","[""mol1""]",[781.8010680760001],[781.8010680760001],[100.0],[100.0],[1.0],[1.0],[78180.10680760001],"[""molar_amount_to_mass_by_exact_molecular_weight""]","[""molar_amount_to_mass_by_exact_molecular_weight""]",[],[],[],[78180.10680760001],[1.0],[100.0],[1.0],[],[],[],hierarchical_mole_internal_mass_blend_v1,RDKit.Chem.rdMolDescriptors.CalcExactMolWt,2022.09.5,"[null,null]","[null,null,null,null]",True
10.1080/10601325.2018.1483201,homopolymer,,,,[H]Nc1ccc(cc1)C(=O)c1ccc(cc1)NC(=O)c1ccc2c(c1)C(=O)N(C2=O)C1N=CC(S1)c1ccc(cc1)C1SC(C(C1c1ccccc1)c1ccccc1)c1ccc(cc1)C1C=NC(S1)N1C(=O)c2c(C1=O)cc(cc2)C(=O)[H],,,,100.0,,,,0.0,,,,,272.0,0566fd442022bffacacc02b546f9468d45f3775069eaf3e428dbea69a15460d5,45,111825.9010812,100.0,homopolymer,,,passed,1,"[""mol1""]","[""mol1""]",[1118.259010812],[1118.259010812],[100.0],[100.0],[1.0],[1.0],[111825.9010812],"[""molar_amount_to_mass_by_exact_molecular_weight""]","[""molar_amount_to_mass_by_exact_molecular_weight""]",[],[],[],[111825.9010812],[1.0],[100.0],[1.0],[],[],[],hierarchical_mole_internal_mass_blend_v1,RDKit.Chem.rdMolDescriptors.CalcExactMolWt,2022.09.5,"[null,null]","[null,null,null,null]",True
10.1002/(SICI)1099-0518(19970915)35:12<2453::AID-POLA15>3.0.CO;2-6,homopolymer,,,,[H]Oc1ccc(cc1)S(=O)(=O)c1ccc(cc1)OCC(OC(=O)[H])C,,,,100.0,,,,0.0,,,,,33.0,112cf9a271b0f9cd2bbc13f1803c94adf0313f053989de311d1ff3a648a09b20,46,33606.6759232,100.0,homopolymer,,,passed,1,"[""mol1""]","[""mol1""]",[336.066759232],[336.066759232],[100.0],[100.0],[1.0],[1.0],[33606.6759232],"[""molar_amount_to_mass_by_exact_molecular_weight""]","[""molar_amount_to_mass_by_exact_molecular_weight""]",[],[],[],[33606.6759232],[1.0],[100.0],[1.0],[],[],[],hierarchical_mole_internal_mass_blend_v1,RDKit.Chem.rdMolDescriptors.CalcExactMolWt,2022.09.5,"[null,null]","[null,null,null,null]",True
10.1002/(SICI)1099-0518(19970915)35:12<2453::AID-POLA15>3.0.CO;2-6,homopolymer,,,,[H]Oc1ccc(cc1)S(=O)(=O)c1ccc(cc1)OCCOCCOCCOCCOC(=O)[H],,,,100.0,,,,0.0,,,,,40.0,a5b4d164f56b20b9e182c5647b07fdb5daa30dce83981192b95aa0c63d5e6abc,47,45412.97534119999,100.0,homopolymer,,,passed,1,"[""mol1""]","[""mol1""]",[454.1297534119999],[454.1297534119999],[100.0],[100.0],[1.0],[1.0],[45412.97534119999],"[""molar_amount_to_mass_by_exact_molecular_weight""]","[""molar_amount_to_mass_by_exact_molecular_weight""]",[],[],[],[45412.97534119999],[1.0],[100.0],[1.0],[],[],[],hierarchical_mole_internal_mass_blend_v1,RDKit.Chem.rdMolDescriptors.CalcExactMolWt,2022.09.5,"[null,null]","[null,null,null,null]",True
10.1002/(SICI)1099-0518(19970915)35:12<2453::AID-POLA15>3.0.CO;2-6,homopolymer,,,,[H]Oc1ccc(cc1)S(=O)(=O)c1ccc(cc1)OCCOCCOCCOC(=O)[H],,,,100.0,,,,0.0,,,,,60.0,1184baa29b33729859bf9a7694c41292285c330124bb99d94d5d20610f54d35a,48,41010.35386639999,100.0,homopolymer,,,passed,1,"[""mol1""]","[""mol1""]",[410.1035386639999],[410.1035386639999],[100.0],[100.0],[1.0],[1.0],[41010.35386639999],"[""molar_amount_to_mass_by_exact_molecular_weight""]","[""molar_amount_to_mass_by_exact_molecular_weight""]",[],[],[],[41010.35386639999],[1.0],[100.0],[1.0],[],[],[],hierarchical_mole_internal_mass_blend_v1,RDKit.Chem.rdMolDescriptors.CalcExactMolWt,2022.09.5,"[null,null]","[null,null,null,null]",True
10.1002/(SICI)1099-0518(19970915)35:12<2453::AID-POLA15>3.0.CO;2-6,homopolymer,,,,[H]Oc1ccc(cc1)S(=O)(=O)c1ccc(cc1)OC(=O)[H],,,,100.0,,,,0.0,,,,,62.0,0d16fe835bc1261fd1078f63a415af84a369f1547b74d1591bfeef41af9d2f8f,49,27802.489442000002,100.0,homopolymer,,,passed,1,"[""mol1""]","[""mol1""]",[278.02489442],[278.02489442],[100.0],[100.0],[1.0],[1.0],[27802.489442000002],"[""molar_amount_to_mass_by_exact_molecular_weight""]","[""molar_amount_to_mass_by_exact_molecular_weight""]",[],[],[],[27802.489442000002],[1.0],[100.0],[1.0],[],[],[],hierarchical_mole_internal_mass_blend_v1,RDKit.Chem.rdMolDescriptors.CalcExactMolWt,2022.09.5,"[null,null]","[null,null,null,null]",True
10.1002/(SICI)1099-0518(19970915)35:12<2453::AID-POLA15>3.0.CO;2-6,homopolymer,,,,[H]Oc1ccc(cc1)S(=O)(=O)c1ccc(cc1)OCCOCCOC(=O)[H],,,,100.0,,,,0.0,,,,,91.0,651b7740f0dfc976c07950568186633fe9b493f0f460c48bbb30bd4154a5671b,50,36607.732391599995,100.0,homopolymer,,,passed,1,"[""mol1""]","[""mol1""]",[366.07732391599995],[366.07732391599995],[100.0],[100.0],[1.0],[1.0],[36607.732391599995],"[""molar_amount_to_mass_by_exact_molecular_weight""]","[""molar_amount_to_mass_by_exact_molecular_weight""]",[],[],[],[36607.732391599995],[1.0],[100.0],[1.0],[],[],[],hierarchical_mole_internal_mass_blend_v1,RDKit.Chem.rdMolDescriptors.CalcExactMolWt,2022.09.5,"[null,null]","[null,null,null,null]",True
10.1177/0954008311424804,homopolymer,,,,[H]Nc1ccc(cc1)C1C(=O)c2c(C1=O)ccc(c2)C(=O)NC(=S)Nc1ccc(cc1)NC(=O)c1ccc(cc1)C(=O)[H],,,,100.0,,,,0.0,,,,,292.0,37deb4bd1d524812afd58646f7ace3fac1139a78ef79595dddcec749289509f8,51,56213.10908040002,100.0,homopolymer,,,passed,1,"[""mol1""]","[""mol1""]",[562.1310908040002],[562.1310908040002],[100.0],[100.0],[1.0],[1.0],[56213.10908040002],"[""molar_amount_to_mass_by_exact_molecular_weight""]","[""molar_amount_to_mass_by_exact_molecular_weight""]",[],[],[],[56213.10908040002],[1.0],[100.0],[1.0],[],[],[],hierarchical_mole_internal_mass_blend_v1,RDKit.Chem.rdMolDescriptors.CalcExactMolWt,2022.09.5,"[null,null]","[null,null,null,null]",True
10.1177/0954008311424804,homopolymer,,,,[H]Nc1ccc(cc1)C1C(=O)c2c(C1=O)ccc(c2)C(=O)NC(=S)Nc1ccc(cc1)NC(=O)c1cccc(c1)C(=O)[H],,,,100.0,,,,0.0,,,,,290.0,619a308f543121b889b85eae783cbd84a499f2f5761852c6f69683d2758d87a9,52,56213.10908040002,100.0,homopolymer,,,passed,1,"[""mol1""]","[""mol1""]",[562.1310908040002],[562.1310908040002],[100.0],[100.0],[1.0],[1.0],[56213.10908040002],"[""molar_amount_to_mass_by_exact_molecular_weight""]","[""molar_amount_to_mass_by_exact_molecular_weight""]",[],[],[],[56213.10908040002],[1.0],[100.0],[1.0],[],[],[],hierarchical_mole_internal_mass_blend_v1,RDKit.Chem.rdMolDescriptors.CalcExactMolWt,2022.09.5,"[null,null]","[null,null,null,null]",True
10.1007/s00289-015-1587-x,homopolymer,,,,[H]Nc1ccc(cc1)c1ccc(cc1)NC(=O)c1cc(N=C(C(N2C(=O)c3c(C2=O)c(Br)c(c(c3Br)Br)Br)C)O)cc(c1)C(=O)[H],,,,100.0,,,,0.0,,,,,191.0,6ee6c0f4c1a8f7e1aea35c9dddaa027c0766fdac3dc0d8a0c7dc7d46788ab2d1,53,84381.67181400002,100.0,homopolymer,,,passed,1,"[""mol1""]","[""mol1""]",[843.8167181400001],[843.8167181400001],[100.0],[100.0],[1.0],[1.0],[84381.67181400002],"[""molar_amount_to_mass_by_exact_molecular_weight""]","[""molar_amount_to_mass_by_exact_molecular_weight""]",[],[],[],[84381.67181400002],[1.0],[100.0],[1.0],[],[],[],hierarchical_mole_internal_mass_blend_v1,RDKit.Chem.rdMolDescriptors.CalcExactMolWt,2022.09.5,"[null,null]","[null,null,null,null]",True
?10.1007/s00289-015-1587-x,homopolymer,,,,[H]Nc1ccc(cc1)c1ccc(cc1)NC(=O)c1cc(N=C(C(N2C(=O)c3c(C2=O)c(Br)c(c(c3Br)Br)Br)C)O)cc(c1)C(=O)[H],,,,100.0,,,,0.0,,,,,191.0,6ee6c0f4c1a8f7e1aea35c9dddaa027c0766fdac3dc0d8a0c7dc7d46788ab2d1,54,84381.67181400002,100.0,homopolymer,,,passed,1,"[""mol1""]","[""mol1""]",[843.8167181400001],[843.8167181400001],[100.0],[100.0],[1.0],[1.0],[84381.67181400002],"[""molar_amount_to_mass_by_exact_molecular_weight""]","[""molar_amount_to_mass_by_exact_molecular_weight""]",[],[],[],[84381.67181400002],[1.0],[100.0],[1.0],[],[],[],hierarchical_mole_internal_mass_blend_v1,RDKit.Chem.rdMolDescriptors.CalcExactMolWt,2022.09.5,"[null,null]","[null,null,null,null]",True
10.1177/0954008320910807,homopolymer,,,,[H]Nc1ccc(cc1)c1nc(cc(c1)c1ccc(cc1)P(c1ccccc1)c1ccccc1)c1ccc(cc1)NC(=O)c1ccc(cc1)Oc1ccc(cc1)C(C(F)(F)F)(C(F)(F)F)c1ccc(cc1)Oc1ccc(cc1)C(=O)[H],,,,100.0,,,,0.0,,,,,318.0,86e63e24aeae520106eb773234560fd6e1ee94f725b1f5648031d89fd1766f11,55,106329.73628380003,100.0,homopolymer,,,passed,1,"[""mol1""]","[""mol1""]",[1063.2973628380003],[1063.2973628380003],[100.0],[100.0],[1.0],[1.0],[106329.73628380003],"[""molar_amount_to_mass_by_exact_molecular_weight""]","[""molar_amount_to_mass_by_exact_molecular_weight""]",[],[],[],[106329.73628380003],[1.0],[100.0],[1.0],[],[],[],hierarchical_mole_internal_mass_blend_v1,RDKit.Chem.rdMolDescriptors.CalcExactMolWt,2022.09.5,"[null,null]","[null,null,null,null]",True
10.1177/0954008320910807,homopolymer,,,,[H]Nc1ccc(cc1)c1nc(cc(c1)c1ccc(cc1)P(c1ccccc1)c1ccccc1)c1ccc(cc1)NC(=O)c1ccc(cc1)Oc1ccc(cc1)Oc1ccc(cc1)C(=O)[H],,,,100.0,,,,0.0,,,,,316.0,bd0edb7a3f8fcea5c410cea5f00bbf51ee52c751389259d77a58c6b3b25336b7,56,83727.56433900002,100.0,homopolymer,,,passed,1,"[""mol1""]","[""mol1""]",[837.2756433900001],[837.2756433900001],[100.0],[100.0],[1.0],[1.0],[83727.56433900002],"[""molar_amount_to_mass_by_exact_molecular_weight""]","[""molar_amount_to_mass_by_exact_molecular_weight""]",[],[],[],[83727.56433900002],[1.0],[100.0],[1.0],[],[],[],hierarchical_mole_internal_mass_blend_v1,RDKit.Chem.rdMolDescriptors.CalcExactMolWt,2022.09.5,"[null,null]","[null,null,null,null]",True
10.1007/s00289-015-1587-x,homopolymer,,,,[H]Nc1ccc(cc1)Cc1ccc(cc1)NC(=O)c1cc(NC(=O)C(N2C(=O)c3c(C2=O)c(Br)c(c(c3Br)Br)Br)C)cc(c1)C(=O)[H],,,,100.0,,,,0.0,,,,,192.0,8ae9cb3cdd97de6227644cfc990c6ffd530c9c3ff827f6db1e56c2e1a9066d8a,57,85783.23682040001,100.0,homopolymer,,,passed,1,"[""mol1""]","[""mol1""]",[857.8323682040001],[857.8323682040001],[100.0],[100.0],[1.0],[1.0],[85783.23682040001],"[""molar_amount_to_mass_by_exact_molecular_weight""]","[""molar_amount_to_mass_by_exact_molecular_weight""]",[],[],[],[85783.23682040001],[1.0],[100.0],[1.0],[],[],[],hierarchical_mole_internal_mass_blend_v1,RDKit.Chem.rdMolDescriptors.CalcExactMolWt,2022.09.5,"[null,null]","[null,null,null,null]",True
?10.1007/s00289-015-1587-x,homopolymer,,,,[H]Nc1ccc(cc1)Cc1ccc(cc1)NC(=O)c1cc(NC(=O)C(N2C(=O)c3c(C2=O)c(Br)c(c(c3Br)Br)Br)C)cc(c1)C(=O)[H],,,,100.0,,,,0.0,,,,,192.0,8ae9cb3cdd97de6227644cfc990c6ffd530c9c3ff827f6db1e56c2e1a9066d8a,58,85783.23682040001,100.0,homopolymer,,,passed,1,"[""mol1""]","[""mol1""]",[857.8323682040001],[857.8323682040001],[100.0],[100.0],[1.0],[1.0],[85783.23682040001],"[""molar_amount_to_mass_by_exact_molecular_weight""]","[""molar_amount_to_mass_by_exact_molecular_weight""]",[],[],[],[85783.23682040001],[1.0],[100.0],[1.0],[],[],[],hierarchical_mole_internal_mass_blend_v1,RDKit.Chem.rdMolDescriptors.CalcExactMolWt,2022.09.5,"[null,null]","[null,null,null,null]",True
10.1080/10601325.2018.1483201,homopolymer,,,,[H]Nc1ccc(cc1)Cc1ccc(cc1)NC(=O)c1ccc2c(c1)C(=O)N(C2=O)C1N=CC(S1)c1ccc(cc1)c1sc(c(c1c1ccccc1)c1ccccc1)c1ccc(cc1)C1C=NC(S1)N1C(=O)c2c(C1=O)cc(cc2)C(=O)[H],,,,100.0,,,,0.0,,,,,302.0,f49373521886f51d586996b9f1357f2e4c25b40ff243a4fe135b5cd832f1e826,59,110024.8446128,100.0,homopolymer,,,passed,1,"[""mol1""]","[""mol1""]",[1100.248446128],[1100.248446128],[100.0],[100.0],[1.0],[1.0],[110024.8446128],"[""molar_amount_to_mass_by_exact_molecular_weight""]","[""molar_amount_to_mass_by_exact_molecular_weight""]",[],[],[],[110024.8446128],[1.0],[100.0],[1.0],[],[],[],hierarchical_mole_internal_mass_blend_v1,RDKit.Chem.rdMolDescriptors.CalcExactMolWt,2022.09.5,"[null,null]","[null,null,null,null]",True
10.1007/s00289-015-1587-x,homopolymer,,,,[H]Nc1ccc(cc1)NC(=O)c1cc(NC(=O)C(N2C(=O)c3c(C2=O)c(Br)c(c(c3Br)Br)Br)C)cc(c1)C(=O)[H],,,,100.0,,,,0.0,,,,,201.0,fe2e6a9b1ebbf581ed827332af8ca72f150847c015a5b4370652bf955f33ed32,60,76778.5418012,100.0,homopolymer,,,passed,1,"[""mol1""]","[""mol1""]",[767.785418012],[767.785418012],[100.0],[100.0],[1.0],[1.0],[76778.5418012],"[""molar_amount_to_mass_by_exact_molecular_weight""]","[""molar_amount_to_mass_by_exact_molecular_weight""]",[],[],[],[76778.5418012],[1.0],[100.0],[1.0],[],[],[],hierarchical_mole_internal_mass_blend_v1,RDKit.Chem.rdMolDescriptors.CalcExactMolWt,2022.09.5,"[null,null]","[null,null,null,null]",True
?10.1007/s00289-015-1587-x,homopolymer,,,,[H]Nc1ccc(cc1)NC(=O)c1cc(NC(=O)C(N2C(=O)c3c(C2=O)c(Br)c(c(c3Br)Br)Br)C)cc(c1)C(=O)[H],,,,100.0,,,,0.0,,,,,201.0,fe2e6a9b1ebbf581ed827332af8ca72f150847c015a5b4370652bf955f33ed32,61,76778.5418012,100.0,homopolymer,,,passed,1,"[""mol1""]","[""mol1""]",[767.785418012],[767.785418012],[100.0],[100.0],[1.0],[1.0],[76778.5418012],"[""molar_amount_to_mass_by_exact_molecular_weight""]","[""molar_amount_to_mass_by_exact_molecular_weight""]",[],[],[],[76778.5418012],[1.0],[100.0],[1.0],[],[],[],hierarchical_mole_internal_mass_blend_v1,RDKit.Chem.rdMolDescriptors.CalcExactMolWt,2022.09.5,"[null,null]","[null,null,null,null]",True
10.1007/s10965-017-1184-9,homopolymer,,,,[H]Nc1ccc(cc1)Oc1ccc(cc1)NC(=O)c1ccc(cc1)Nc1nc(Nc2ccc(cc2)C(=O)[H])nc(n1)N1CCOCC1,,,,100.0,,,,0.0,,,,,234.0,e64671c4e911bb26ab7eaf2e3634516ae423eeb69a553b50c03136a37fbf1ee6,62,60223.90014400003,100.0,homopolymer,,,passed,1,"[""mol1""]","[""mol1""]",[602.2390014400003],[602.2390014400003],[100.0],[100.0],[1.0],[1.0],[60223.90014400003],"[""molar_amount_to_mass_by_exact_molecular_weight""]","[""molar_amount_to_mass_by_exact_molecular_weight""]",[],[],[],[60223.90014400003],[1.0],[100.0],[1.0],[],[],[],hierarchical_mole_internal_mass_blend_v1,RDKit.Chem.rdMolDescriptors.CalcExactMolWt,2022.09.5,"[null,null]","[null,null,null,null]",True
10.1007/s10965-017-1184-9,homopolymer,,,,[H]Nc1ccc(cc1)Oc1ccc(cc1)NC(=O)c1ccc(cc1)Nc1nc(Nc2ccc(cc2)C(=O)[H])nc(n1)N1CCOCC1,,,,100.0,,,,0.0,,,,,234.0,e64671c4e911bb26ab7eaf2e3634516ae423eeb69a553b50c03136a37fbf1ee6,63,60223.90014400003,100.0,homopolymer,,,passed,1,"[""mol1""]","[""mol1""]",[602.2390014400003],[602.2390014400003],[100.0],[100.0],[1.0],[1.0],[60223.90014400003],"[""molar_amount_to_mass_by_exact_molecular_weight""]","[""molar_amount_to_mass_by_exact_molecular_weight""]",[],[],[],[60223.90014400003],[1.0],[100.0],[1.0],[],[],[],hierarchical_mole_internal_mass_blend_v1,RDKit.Chem.rdMolDescriptors.CalcExactMolWt,2022.09.5,"[null,null]","[null,null,null,null]",True
10.1002/pc.23170,homopolymer,,,,[H]Nc1ccc(cc1)Oc1ccc(cc1)NC(=O)c1ccc(cc1)Nc1ncnc(n1)Nc1ccc(cc1)C(=O)[H],,,,100.0,,,,0.0,,,,,208.0,3b41e41b2ea503a5d7ff33713733f7d48c9803f5793aa683552b9e157a947722,64,51718.62375960001,100.0,homopolymer,,,passed,1,"[""mol1""]","[""mol1""]",[517.1862375960001],[517.1862375960001],[100.0],[100.0],[1.0],[1.0],[51718.62375960001],"[""molar_amount_to_mass_by_exact_molecular_weight""]","[""molar_amount_to_mass_by_exact_molecular_weight""]",[],[],[],[51718.62375960001],[1.0],[100.0],[1.0],[],[],[],hierarchical_mole_internal_mass_blend_v1,RDKit.Chem.rdMolDescriptors.CalcExactMolWt,2022.09.5,"[null,null]","[null,null,null,null]",True
10.1002/pc.23170,homopolymer,,,,[H]Nc1ccc(cc1)Oc1ccc(cc1)NC(=O)c1ccc(cc1)Nc1ncnc(n1)Nc1ccc(cc1)C(=O)[H],,,,100.0,,,,0.0,,,,,208.0,3b41e41b2ea503a5d7ff33713733f7d48c9803f5793aa683552b9e157a947722,65,51718.62375960001,100.0,homopolymer,,,passed,1,"[""mol1""]","[""mol1""]",[517.1862375960001],[517.1862375960001],[100.0],[100.0],[1.0],[1.0],[51718.62375960001],"[""molar_amount_to_mass_by_exact_molecular_weight""]","[""molar_amount_to_mass_by_exact_molecular_weight""]",[],[],[],[51718.62375960001],[1.0],[100.0],[1.0],[],[],[],hierarchical_mole_internal_mass_blend_v1,RDKit.Chem.rdMolDescriptors.CalcExactMolWt,2022.09.5,"[null,null]","[null,null,null,null]",True
10.1080/10601325.2018.1483201,homopolymer,,,,[H]Nc1ccc(cc1)Oc1ccc(cc1)NC(=O)c1ccc2c(c1)C(=O)N(C2=O)C1N=CC(S1)c1ccc(cc1)c1sc(c(c1c1ccccc1)c1ccccc1)c1ccc(cc1)C1C=NC(S1)N1C(=O)c2c(C1=O)cc(cc2)C(=O)[H],,,,100.0,,,,0.0,,,,,295.0,ecee5ee01889e6aedb78f3fa14ee83b1ac16780ec3cd76ed8bd7cc2e5cd6fbcf,66,110222.77106840002,100.0,homopolymer,,,passed,1,"[""mol1""]","[""mol1""]",[1102.2277106840002],[1102.2277106840002],[100.0],[100.0],[1.0],[1.0],[110222.77106840002],"[""molar_amount_to_mass_by_exact_molecular_weight""]","[""molar_amount_to_mass_by_exact_molecular_weight""]",[],[],[],[110222.77106840002],[1.0],[100.0],[1.0],[],[],[],hierarchical_mole_internal_mass_blend_v1,RDKit.Chem.rdMolDescriptors.CalcExactMolWt,2022.09.5,"[null,null]","[null,null,null,null]",True
10.1007/s00289-015-1587-x,homopolymer,,,,[H]Nc1ccc(cc1)S(=O)(=O)c1ccc(cc1)NC(=O)c1cc(N=C(C(N2C(=O)c3c(C2=O)c(Br)c(c(c3Br)Br)Br)C)O)cc(c1)C(=O)[H],,,,100.0,,,,0.0,,,,,195.0,1e84da1a53a0a0c03256e78329965c0da047ccd3e64787a91e962af4b30d4b37,67,90777.86183800001,100.0,homopolymer,,,passed,1,"[""mol1""]","[""mol1""]",[907.7786183800001],[907.7786183800001],[100.0],[100.0],[1.0],[1.0],[90777.86183800001],"[""molar_amount_to_mass_by_exact_molecular_weight""]","[""molar_amount_to_mass_by_exact_molecular_weight""]",[],[],[],[90777.86183800001],[1.0],[100.0],[1.0],[],[],[],hierarchical_mole_internal_mass_blend_v1,RDKit.Chem.rdMolDescriptors.CalcExactMolWt,2022.09.5,"[null,null]","[null,null,null,null]",True
10.1007/s00289-015-1587-x,homopolymer,,,,[H]Nc1ccc(cc1)S(=O)(=O)c1ccc(cc1)NC(=O)c1cc(N=C(C(N2C(=O)c3c(C2=O)c(Br)c(c(c3Br)Br)Br)C)O)cc(c1)C(=O)[H],,,,100.0,,,,0.0,,,,,206.0,9ad3bd3f6e873c1a89c33b66949fae0b7109c66dcdbeedc361dc109f8df01e17,68,90777.86183800001,100.0,homopolymer,,,passed,1,"[""mol1""]","[""mol1""]",[907.7786183800001],[907.7786183800001],[100.0],[100.0],[1.0],[1.0],[90777.86183800001],"[""molar_amount_to_mass_by_exact_molecular_weight""]","[""molar_amount_to_mass_by_exact_molecular_weight""]",[],[],[],[90777.86183800001],[1.0],[100.0],[1.0],[],[],[],hierarchical_mole_internal_mass_blend_v1,RDKit.Chem.rdMolDescriptors.CalcExactMolWt,2022.09.5,"[null,null]","[null,null,null,null]",True
10.1002/app.23580,homopolymer,,,,[H]Nc1ccc(cc1)NC(=O)c1ccc2c(c1)C(=O)N(C2=O)c1cccc(c1)P(=O)(c1cccc(c1)N1C(=O)c2c(C1=O)cc(cc2)C(=O)[H])c1ccccc1,,,,100.0,,,,0.0,,,,,145.0,f7b90679f2acb3816db8916533d286fe83e6df8a642bf37786b9080f634552cb,69,73016.17358340001,100.0,homopolymer,,,passed,1,"[""mol1""]","[""mol1""]",[730.1617358340001],[730.1617358340001],[100.0],[100.0],[1.0],[1.0],[73016.17358340001],"[""molar_amount_to_mass_by_exact_molecular_weight""]","[""molar_amount_to_mass_by_exact_molecular_weight""]",[],[],[],[73016.17358340001],[1.0],[100.0],[1.0],[],[],[],hierarchical_mole_internal_mass_blend_v1,RDKit.Chem.rdMolDescriptors.CalcExactMolWt,2022.09.5,"[null,null]","[null,null,null,null]",True
10.1002/app.23580,homopolymer,,,,[H]Nc1cccc(c1)P(=O)(c1ccccc1)c1cccc(c1)NC(=O)c1ccc2c(c1)C(=O)N(C2=O)c1cccc(c1)P(=O)(c1cccc(c1)N1C(=O)c2c(C1=O)cc(cc2)C(=O)[H])c1ccccc1,,,,100.0,,,,0.0,,,,,150.0,80fde0fb637b082e596ccb1927179c237f2b7a96ebecb9c4068cc557746f1c71,70,93020.08373720001,100.0,homopolymer,,,passed,1,"[""mol1""]","[""mol1""]",[930.200837372],[930.200837372],[100.0],[100.0],[1.0],[1.0],[93020.08373720001],"[""molar_amount_to_mass_by_exact_molecular_weight""]","[""molar_amount_to_mass_by_exact_molecular_weight""]",[],[],[],[93020.08373720001],[1.0],[100.0],[1.0],[],[],[],hierarchical_mole_internal_mass_blend_v1,RDKit.Chem.rdMolDescriptors.CalcExactMolWt,2022.09.5,"[null,null]","[null,null,null,null]",True
10.1002/app.23580,homopolymer,,,,[H]Nc1cccc(n1)NC(=O)c1ccc2c(c1)C(=O)N(C2=O)c1cccc(c1)P(=O)(c1cccc(c1)N1C(=O)c2c(C1=O)cc(cc2)C(=O)[H])c1ccccc1,,,,100.0,,,,0.0,,,,,156.0,a052fcde8ede053ef1a8d5ccdf48695875fd5045f92b8b04a20a67a21fa65c91,71,73115.69848020001,100.0,homopolymer,,,passed,1,"[""mol1""]","[""mol1""]",[731.1569848020001],[731.1569848020001],[100.0],[100.0],[1.0],[1.0],[73115.69848020001],"[""molar_amount_to_mass_by_exact_molecular_weight""]","[""molar_amount_to_mass_by_exact_molecular_weight""]",[],[],[],[73115.69848020001],[1.0],[100.0],[1.0],[],[],[],hierarchical_mole_internal_mass_blend_v1,RDKit.Chem.rdMolDescriptors.CalcExactMolWt,2022.09.5,"[null,null]","[null,null,null,null]",True
?10.1007/s00289-015-1587-x,homopolymer,,,,[H]Nc1ccc(cc1)S(=O)(=O)c1ccc(cc1)NC(=O)c1cc(N=C(C(N2C(=O)c3c(C2=O)c(Br)c(c(c3Br)Br)Br)C)O)cc(c1)C(=O)[H],,,,100.0,,,,0.0,,,,,195.0,1e84da1a53a0a0c03256e78329965c0da047ccd3e64787a91e962af4b30d4b37,72,90777.86183800001,100.0,homopolymer,,,passed,1,"[""mol1""]","[""mol1""]",[907.7786183800001],[907.7786183800001],[100.0],[100.0],[1.0],[1.0],[90777.86183800001],"[""molar_amount_to_mass_by_exact_molecular_weight""]","[""molar_amount_to_mass_by_exact_molecular_weight""]",[],[],[],[90777.86183800001],[1.0],[100.0],[1.0],[],[],[],hierarchical_mole_internal_mass_blend_v1,RDKit.Chem.rdMolDescriptors.CalcExactMolWt,2022.09.5,"[null,null]","[null,null,null,null]",True
?10.1007/s00289-015-1587-x,homopolymer,,,,[H]Nc1ccc(cc1)S(=O)(=O)c1ccc(cc1)NC(=O)c1cc(N=C(C(N2C(=O)c3c(C2=O)c(Br)c(c(c3Br)Br)Br)C)O)cc(c1)C(=O)[H],,,,100.0,,,,0.0,,,,,206.0,9ad3bd3f6e873c1a89c33b66949fae0b7109c66dcdbeedc361dc109f8df01e17,73,90777.86183800001,100.0,homopolymer,,,passed,1,"[""mol1""]","[""mol1""]",[907.7786183800001],[907.7786183800001],[100.0],[100.0],[1.0],[1.0],[90777.86183800001],"[""molar_amount_to_mass_by_exact_molecular_weight""]","[""molar_amount_to_mass_by_exact_molecular_weight""]",[],[],[],[90777.86183800001],[1.0],[100.0],[1.0],[],[],[],hierarchical_mole_internal_mass_blend_v1,RDKit.Chem.rdMolDescriptors.CalcExactMolWt,2022.09.5,"[null,null]","[null,null,null,null]",True
10.1080/10601325.2018.1483201,homopolymer,,,,[H]Nc1ccc(cc1)S(=O)(=O)c1ccc(cc1)NC(=O)c1ccc2c(c1)C(=O)N(C2=O)C1N=CC(S1)c1ccc(cc1)c1sc(c(c1c1ccccc1)c1ccccc1)c1ccc(cc1)C1C=NC(S1)N1C(=O)c2c(C1=O)cc(cc2)C(=O)[H],,,,100.0,,,,0.0,,,,,267.0,fd549ea5a115ae3999cb54a346da1d92326cffad9fa7bf10e86782953af24999,74,115019.4696304,100.0,homopolymer,,,passed,1,"[""mol1""]","[""mol1""]",[1150.194696304],[1150.194696304],[100.0],[100.0],[1.0],[1.0],[115019.4696304],"[""molar_amount_to_mass_by_exact_molecular_weight""]","[""molar_amount_to_mass_by_exact_molecular_weight""]",[],[],[],[115019.4696304],[1.0],[100.0],[1.0],[],[],[],hierarchical_mole_internal_mass_blend_v1,RDKit.Chem.rdMolDescriptors.CalcExactMolWt,2022.09.5,"[null,null]","[null,null,null,null]",True
10.1080/1023666X.2021.1891379,homopolymer,,,,[H]Nc1ccc(cc1)S(=O)(=O)c1ccc(cc1)NC(=O)Cc1ccc(cc1)Oc1cccc(n1)Oc1ccc(cc1)CC(=O)[H],,,,100.0,,,,0.0,,,,,196.78,da59b6482a6548f9b6b03a9f9ffb45396783c3dfb0f31fa3bca50752cf0175de,75,59316.205658399995,100.0,homopolymer,,,passed,1,"[""mol1""]","[""mol1""]",[593.162056584],[593.162056584],[100.0],[100.0],[1.0],[1.0],[59316.205658399995],"[""molar_amount_to_mass_by_exact_molecular_weight""]","[""molar_amount_to_mass_by_exact_molecular_weight""]",[],[],[],[59316.205658399995],[1.0],[100.0],[1.0],[],[],[],hierarchical_mole_internal_mass_blend_v1,RDKit.Chem.rdMolDescriptors.CalcExactMolWt,2022.09.5,"[null,null]","[null,null,null,null]",True
10.1080/1023666X.2021.1891379,homopolymer,,,,[H]Nc1ccc(cc1)S(=O)(=O)c1ccc(cc1)NC(=O)Cc1ccc(cc1)Oc1cccc(n1)Oc1ccc(cc1)CC(=O)[H],,,,100.0,,,,0.0,,,,,196.78,da59b6482a6548f9b6b03a9f9ffb45396783c3dfb0f31fa3bca50752cf0175de,76,59316.205658399995,100.0,homopolymer,,,passed,1,"[""mol1""]","[""mol1""]",[593.162056584],[593.162056584],[100.0],[100.0],[1.0],[1.0],[59316.205658399995],"[""molar_amount_to_mass_by_exact_molecular_weight""]","[""molar_amount_to_mass_by_exact_molecular_weight""]",[],[],[],[59316.205658399995],[1.0],[100.0],[1.0],[],[],[],hierarchical_mole_internal_mass_blend_v1,RDKit.Chem.rdMolDescriptors.CalcExactMolWt,2022.09.5,"[null,null]","[null,null,null,null]",True
10.1007/s00289-015-1587-x,homopolymer,,,,[H]Nc1cccc(c1)NC(=O)c1cc(cc(c1)C(=O)[H])NC(=O)C(N1C(=O)c2c(C1=O)c(Br)c(c(c2Br)Br)Br)C,,,,100.0,,,,0.0,,,,,212.0,57286e3f1d956a92ff43157de19825e1216664d4fea70774da84c09e5bd52b84,77,76778.5418012,100.0,homopolymer,,,passed,1,"[""mol1""]","[""mol1""]",[767.785418012],[767.785418012],[100.0],[100.0],[1.0],[1.0],[76778.5418012],"[""molar_amount_to_mass_by_exact_molecular_weight""]","[""molar_amount_to_mass_by_exact_molecular_weight""]",[],[],[],[76778.5418012],[1.0],[100.0],[1.0],[],[],[],hierarchical_mole_internal_mass_blend_v1,RDKit.Chem.rdMolDescriptors.CalcExactMolWt,2022.09.5,"[null,null]","[null,null,null,null]",True
?10.1007/s00289-015-1587-x,homopolymer,,,,[H]Nc1cccc(c1)NC(=O)c1cc(cc(c1)C(=O)[H])NC(=O)C(N1C(=O)c2c(C1=O)c(Br)c(c(c2Br)Br)Br)C,,,,100.0,,,,0.0,,,,,212.0,57286e3f1d956a92ff43157de19825e1216664d4fea70774da84c09e5bd52b84,78,76778.5418012,100.0,homopolymer,,,passed,1,"[""mol1""]","[""mol1""]",[767.785418012],[767.785418012],[100.0],[100.0],[1.0],[1.0],[76778.5418012],"[""molar_amount_to_mass_by_exact_molecular_weight""]","[""molar_amount_to_mass_by_exact_molecular_weight""]",[],[],[],[76778.5418012],[1.0],[100.0],[1.0],[],[],[],hierarchical_mole_internal_mass_blend_v1,RDKit.Chem.rdMolDescriptors.CalcExactMolWt,2022.09.5,"[null,null]","[null,null,null,null]",True
10.1007/s10965-017-1184-9,homopolymer,,,,[H]Nc1cccc(c1)NC(=O)c1ccc(cc1)Nc1nc(Nc2ccc(cc2)C(=O)[H])nc(n1)N1CCOCC1,,,,100.0,,,,0.0,,,,,248.0,57dd33a300a81ad5081c4750955047741e9ab88ad37295eecf7c74ae28a73beb,79,51021.2786692,100.0,homopolymer,,,passed,1,"[""mol1""]","[""mol1""]",[510.212786692],[510.212786692],[100.0],[100.0],[1.0],[1.0],[51021.2786692],"[""molar_amount_to_mass_by_exact_molecular_weight""]","[""molar_amount_to_mass_by_exact_molecular_weight""]",[],[],[],[51021.2786692],[1.0],[100.0],[1.0],[],[],[],hierarchical_mole_internal_mass_blend_v1,RDKit.Chem.rdMolDescriptors.CalcExactMolWt,2022.09.5,"[null,null]","[null,null,null,null]",True
10.1007/s10965-017-1184-9,homopolymer,,,,[H]Nc1cccc(c1)NC(=O)c1ccc(cc1)Nc1nc(Nc2ccc(cc2)C(=O)[H])nc(n1)N1CCOCC1,,,,100.0,,,,0.0,,,,,248.0,57dd33a300a81ad5081c4750955047741e9ab88ad37295eecf7c74ae28a73beb,80,51021.2786692,100.0,homopolymer,,,passed,1,"[""mol1""]","[""mol1""]",[510.212786692],[510.212786692],[100.0],[100.0],[1.0],[1.0],[51021.2786692],"[""molar_amount_to_mass_by_exact_molecular_weight""]","[""molar_amount_to_mass_by_exact_molecular_weight""]",[],[],[],[51021.2786692],[1.0],[100.0],[1.0],[],[],[],hierarchical_mole_internal_mass_blend_v1,RDKit.Chem.rdMolDescriptors.CalcExactMolWt,2022.09.5,"[null,null]","[null,null,null,null]",True
10.1007/s00289-015-1587-x,homopolymer,,,,[H]Nc1cccc2c1cccc2NC(=O)c1cc(NC(=O)C(N2C(=O)c3c(C2=O)c(Br)c(c(c3Br)Br)Br)C)cc(c1)C(=O)[H],,,,100.0,,,,0.0,,,,,196.0,a5e506dc8f19037ae002471ffccb156bbca52eb5b246a6618b7bec9d3276c13a,81,81780.10680760001,100.0,homopolymer,,,passed,1,"[""mol1""]","[""mol1""]",[817.8010680760001],[817.8010680760001],[100.0],[100.0],[1.0],[1.0],[81780.10680760001],"[""molar_amount_to_mass_by_exact_molecular_weight""]","[""molar_amount_to_mass_by_exact_molecular_weight""]",[],[],[],[81780.10680760001],[1.0],[100.0],[1.0],[],[],[],hierarchical_mole_internal_mass_blend_v1,RDKit.Chem.rdMolDescriptors.CalcExactMolWt,2022.09.5,"[null,null]","[null,null,null,null]",True
?10.1007/s00289-015-1587-x,homopolymer,,,,[H]Nc1cccc2c1cccc2NC(=O)c1cc(NC(=O)C(N2C(=O)c3c(C2=O)c(Br)c(c(c3Br)Br)Br)C)cc(c1)C(=O)[H],,,,100.0,,,,0.0,,,,,196.0,a5e506dc8f19037ae002471ffccb156bbca52eb5b246a6618b7bec9d3276c13a,82,81780.10680760001,100.0,homopolymer,,,passed,1,"[""mol1""]","[""mol1""]",[817.8010680760001],[817.8010680760001],[100.0],[100.0],[1.0],[1.0],[81780.10680760001],"[""molar_amount_to_mass_by_exact_molecular_weight""]","[""molar_amount_to_mass_by_exact_molecular_weight""]",[],[],[],[81780.10680760001],[1.0],[100.0],[1.0],[],[],[],hierarchical_mole_internal_mass_blend_v1,RDKit.Chem.rdMolDescriptors.CalcExactMolWt,2022.09.5,"[null,null]","[null,null,null,null]",True
10.1177/0954008320910807,homopolymer,,,,[H]Nc1nc(cc(c1)c1ccc(cc1)P(c1ccccc1)c1ccccc1)c1ccc(cc1)NC(=O)c1ccc(cc1)Oc1ccc(cc1)S(=O)(=O)c1ccc(cc1)Oc1ccc(cc1)C(=O)[H],,,,100.0,,,,0.0,,,,,332.0,1e9d633b4142009ce1c295a57c749b372d83eccb035cba0611a5709ca198f324,83,90123.75436300001,100.0,homopolymer,,,passed,1,"[""mol1""]","[""mol1""]",[901.2375436300001],[901.2375436300001],[100.0],[100.0],[1.0],[1.0],[90123.75436300001],"[""molar_amount_to_mass_by_exact_molecular_weight""]","[""molar_amount_to_mass_by_exact_molecular_weight""]",[],[],[],[90123.75436300001],[1.0],[100.0],[1.0],[],[],[],hierarchical_mole_internal_mass_blend_v1,RDKit.Chem.rdMolDescriptors.CalcExactMolWt,2022.09.5,"[null,null]","[null,null,null,null]",True
10.1016/j.aiepr.2022.12.004,homopolymer,,,,[H]OC1=CC=C(C(C2=CC=C(OC3=CC=C(C(NCCCCNC(C4=CC=C([H])C=C4)=O)=O)C=C3)C=C2)(C)C5=CC=CC=C5)C=C1,,,,100.0,,,,0.0,,,,,186.0,70fcdd48b8217a7e1788fb37c0ad1864ec805ccceda6614ebc096f1d7de5b116,84,58426.750763200005,100.0,homopolymer,,,passed,1,"[""mol1""]","[""mol1""]",[584.267507632],[584.267507632],[100.0],[100.0],[1.0],[1.0],[58426.750763200005],"[""molar_amount_to_mass_by_exact_molecular_weight""]","[""molar_amount_to_mass_by_exact_molecular_weight""]",[],[],[],[58426.750763200005],[1.0],[100.0],[1.0],[],[],[],hierarchical_mole_internal_mass_blend_v1,RDKit.Chem.rdMolDescriptors.CalcExactMolWt,2022.09.5,"[null,null]","[null,null,null,null]",True
10.1016/j.aiepr.2022.12.004,homopolymer,,,,[H]OC1=CC=C(C=C1)C(C2=CC=CC=C2)(C3=CC=C(C=C3)OC4=CC=C(C=C4)C(NCCNC(C5=CC=C(C=C5)[H])=O)=O)C,,,,100.0,,,,0.0,,,,,211.0,58c0052104b8c9afc425e7a97b40f5b86991a4e9095237e61a902560dd798c2b,85,55623.620750400005,100.0,homopolymer,,,passed,1,"[""mol1""]","[""mol1""]",[556.236207504],[556.236207504],[100.0],[100.0],[1.0],[1.0],[55623.620750400005],"[""molar_amount_to_mass_by_exact_molecular_weight""]","[""molar_amount_to_mass_by_exact_molecular_weight""]",[],[],[],[55623.620750400005],[1.0],[100.0],[1.0],[],[],[],hierarchical_mole_internal_mass_blend_v1,RDKit.Chem.rdMolDescriptors.CalcExactMolWt,2022.09.5,"[null,null]","[null,null,null,null]",True
10.1002/(SICI)1097-4628(19970110)63:2<195::AID-APP7>3.0.CO;2-Q,homopolymer,,,,[H]Oc1c(Br)cc(cc1Br)C(C(F)(F)F)(C(F)(F)F)c1cc(Br)c(c(c1)Br)OC(=O)[H],,,,100.0,,,,0.0,,,,,206.0,d3003fea4c204746277a61d33078ff7090c0c235507526b43f46722ce96bce67,86,67569.54617720001,100.0,homopolymer,,,passed,1,"[""mol1""]","[""mol1""]",[675.6954617720002],[675.6954617720002],[100.0],[100.0],[1.0],[1.0],[67569.54617720001],"[""molar_amount_to_mass_by_exact_molecular_weight""]","[""molar_amount_to_mass_by_exact_molecular_weight""]",[],[],[],[67569.54617720001],[1.0],[100.0],[1.0],[],[],[],hierarchical_mole_internal_mass_blend_v1,RDKit.Chem.rdMolDescriptors.CalcExactMolWt,2022.09.5,"[null,null]","[null,null,null,null]",True
10.1002/(SICI)1097-4628(19970110)63:2<195::AID-APP7>3.0.CO;2-Q,homopolymer,,,,[H]Oc1c(Br)cc(cc1Br)C(c1cc(Br)c(c(c1)Br)OC(=O)[H])(C)C,,,,100.0,,,,0.0,,,,,202.0,fbefa60b70d178d7da610d1be9aebf7a064a8f9c505064b1c85f197465d52cbf,87,56775.1992644,100.0,homopolymer,,,passed,1,"[""mol1""]","[""mol1""]",[567.751992644],[567.751992644],[100.0],[100.0],[1.0],[1.0],[56775.1992644],"[""molar_amount_to_mass_by_exact_molecular_weight""]","[""molar_amount_to_mass_by_exact_molecular_weight""]",[],[],[],[56775.1992644],[1.0],[100.0],[1.0],[],[],[],hierarchical_mole_internal_mass_blend_v1,RDKit.Chem.rdMolDescriptors.CalcExactMolWt,2022.09.5,"[null,null]","[null,null,null,null]",True
10.1002/(SICI)1097-4628(19970110)63:2<195::AID-APP7>3.0.CO;2-Q,homopolymer,,,,[H]Oc1ccc(cc1)C(C(F)(F)F)(C(F)(F)F)c1ccc(cc1)OC(=O)[H],,,,100.0,,,,0.0,,,,,164.0,e1b7e8803f0199e75b84883448ab9e3af393d5fd0514d848815224ccfe62de7c,88,36405.341349999995,100.0,homopolymer,,,passed,1,"[""mol1""]","[""mol1""]",[364.0534135],[364.0534135],[100.0],[100.0],[1.0],[1.0],[36405.341349999995],"[""molar_amount_to_mass_by_exact_molecular_weight""]","[""molar_amount_to_mass_by_exact_molecular_weight""]",[],[],[],[36405.341349999995],[1.0],[100.0],[1.0],[],[],[],hierarchical_mole_internal_mass_blend_v1,RDKit.Chem.rdMolDescriptors.CalcExactMolWt,2022.09.5,"[null,null]","[null,null,null,null]",True
10.1016/1381-5148(95)00121-2,homopolymer,,,,[H]Oc1ccc(cc1)C(C(F)(F)F)(C(F)(F)F)c1ccc(cc1)OP(=O)(Oc1ccc(cc1)[N+](=O)[O-])[H],,,,100.0,,,,0.0,,,,,108.0,fc3b617fa56ce46533f65e686590edf39475afc5b46e96ced3b9242c392191e8,89,52104.6293118,100.0,homopolymer,,,passed,1,"[""mol1""]","[""mol1""]",[521.046293118],[521.046293118],[100.0],[100.0],[1.0],[1.0],[52104.6293118],"[""molar_amount_to_mass_by_exact_molecular_weight""]","[""molar_amount_to_mass_by_exact_molecular_weight""]",[],[],[],[52104.6293118],[1.0],[100.0],[1.0],[],[],[],hierarchical_mole_internal_mass_blend_v1,RDKit.Chem.rdMolDescriptors.CalcExactMolWt,2022.09.5,"[null,null]","[null,null,null,null]",True
10.1016/1381-5148(95)00121-2,homopolymer,,,,[H]Oc1ccc(cc1)C(C(F)(F)F)(C(F)(F)F)c1ccc(cc1)OP(=O)(Oc1ccc(cc1)C)[H],,,,100.0,,,,0.0,,,,,83.0,8d98c7df0afb285ee82b0e67b70d276a43a1e521a2288276d000bdf19a077e93,90,49007.6864974,100.0,homopolymer,,,passed,1,"[""mol1""]","[""mol1""]",[490.076864974],[490.076864974],[100.0],[100.0],[1.0],[1.0],[49007.6864974],"[""molar_amount_to_mass_by_exact_molecular_weight""]","[""molar_amount_to_mass_by_exact_molecular_weight""]",[],[],[],[49007.6864974],[1.0],[100.0],[1.0],[],[],[],hierarchical_mole_internal_mass_blend_v1,RDKit.Chem.rdMolDescriptors.CalcExactMolWt,2022.09.5,"[null,null]","[null,null,null,null]",True
10.1002/(SICI)1097-4628(19970110)63:2<195::AID-APP7>3.0.CO;2-Q,homopolymer,,,,[H]Oc1ccc(cc1)C(c1ccc(cc1)OC(=O)[H])(C)C,,,,100.0,,,,0.0,,,,,146.0,8bba96a5624f53d613626685407556f3656989134ea366987aa8f92a53a19bc4,91,25610.994437200003,100.0,homopolymer,,,passed,1,"[""mol1""]","[""mol1""]",[256.10994437200003],[256.10994437200003],[100.0],[100.0],[1.0],[1.0],[25610.994437200003],"[""molar_amount_to_mass_by_exact_molecular_weight""]","[""molar_amount_to_mass_by_exact_molecular_weight""]",[],[],[],[25610.994437200003],[1.0],[100.0],[1.0],[],[],[],hierarchical_mole_internal_mass_blend_v1,RDKit.Chem.rdMolDescriptors.CalcExactMolWt,2022.09.5,"[null,null]","[null,null,null,null]",True
10.1016/j.polymdegradstab.2014.05.002,homopolymer,,,,[H]Oc1ccc(cc1)C(c1ccc(cc1)Oc1ccc(cc1)P(=O)(c1ccc(cc1)[H])c1ccccc1)(C)C,,,,100.0,,,,0.0,,,,,198.0,4a90623614849151e68adb862d1887045e3ac66c264e5c9f545b9afb8cb7ca38,92,50418.5431418,100.0,homopolymer,,,passed,1,"[""mol1""]","[""mol1""]",[504.185431418],[504.185431418],[100.0],[100.0],[1.0],[1.0],[50418.5431418],"[""molar_amount_to_mass_by_exact_molecular_weight""]","[""molar_amount_to_mass_by_exact_molecular_weight""]",[],[],[],[50418.5431418],[1.0],[100.0],[1.0],[],[],[],hierarchical_mole_internal_mass_blend_v1,RDKit.Chem.rdMolDescriptors.CalcExactMolWt,2022.09.5,"[null,null]","[null,null,null,null]",True
10.3390/polym15081917,homopolymer,,,,[H]Oc1ccc(cc1)C(c1ccc(cc1)OP(=O)(Oc1ccccc1)Oc1ccc(cc1)C(c1ccc(cc1)OP(=O)(c1ccccc1)[H])(C)C)(C)C,,,,100.0,,,,0.0,,,,,143.9204134,6f30e6a627df2215fc74bbfb8db24925fa754201b38ce859b1a9b77bf1c29f6e,93,71822.492688,100.0,homopolymer,,,passed,1,"[""mol1""]","[""mol1""]",[718.22492688],[718.22492688],[100.0],[100.0],[1.0],[1.0],[71822.492688],"[""molar_amount_to_mass_by_exact_molecular_weight""]","[""molar_amount_to_mass_by_exact_molecular_weight""]",[],[],[],[71822.492688],[1.0],[100.0],[1.0],[],[],[],hierarchical_mole_internal_mass_blend_v1,RDKit.Chem.rdMolDescriptors.CalcExactMolWt,2022.09.5,"[null,null]","[null,null,null,null]",True
10.1016/j.polymdegradstab.2024.110702,homopolymer,,,,[H]Oc1ccc(cc1)c1ccc(cc1)Oc1ccc(cc1)S(=O)(=O)c1ccc(cc1)[H],,,,100.0,,,,0.0,,,,,144.8130932,a74bb793e5a9e361feb895e41c9e34f194f6a7e9e72d548194eb8c7914df6c4e,94,40209.25800559999,100.0,homopolymer,,,passed,1,"[""mol1""]","[""mol1""]",[402.0925800559999],[402.0925800559999],[100.0],[100.0],[1.0],[1.0],[40209.25800559999],"[""molar_amount_to_mass_by_exact_molecular_weight""]","[""molar_amount_to_mass_by_exact_molecular_weight""]",[],[],[],[40209.25800559999],[1.0],[100.0],[1.0],[],[],[],hierarchical_mole_internal_mass_blend_v1,RDKit.Chem.rdMolDescriptors.CalcExactMolWt,2022.09.5,"[null,null]","[null,null,null,null]",True
10.1177/0954008319901148,homopolymer,,,,[H]Oc1ccc(cc1)c1nc(cc(c1)c1ccc(cc1)P(c1ccccc1)c1ccccc1)c1ccc(cc1)Oc1ccc(cc1)C(=O)c1ccc(cc1)[H],,,,100.0,,,,0.0,,,,,212.0,5c970f0ce90044eab581d691b531b01fe5f564692c5721a39779c1a90ac42040,95,70322.7630578,100.0,homopolymer,,,passed,1,"[""mol1""]","[""mol1""]",[703.227630578],[703.227630578],[100.0],[100.0],[1.0],[1.0],[70322.7630578],"[""molar_amount_to_mass_by_exact_molecular_weight""]","[""molar_amount_to_mass_by_exact_molecular_weight""]",[],[],[],[70322.7630578],[1.0],[100.0],[1.0],[],[],[],hierarchical_mole_internal_mass_blend_v1,RDKit.Chem.rdMolDescriptors.CalcExactMolWt,2022.09.5,"[null,null]","[null,null,null,null]",True
10.1177/0954008319901148,homopolymer,,,,[H]Oc1ccc(cc1)c1nc(cc(c1)c1ccc(cc1)P(c1ccccc1)c1ccccc1)c1ccc(cc1)Oc1ccc(cc1)C(=O)c1ccc(cc1)c1ccc(cc1)C(=O)c1ccc(cc1)[H],,,,100.0,,,,0.0,,,,,255.0,b87f083c66d2d6f0046787f745dcc493d03936c3976f4ea191e61788740dc914,96,88328.5145454,100.0,homopolymer,,,passed,1,"[""mol1""]","[""mol1""]",[883.285145454],[883.285145454],[100.0],[100.0],[1.0],[1.0],[88328.5145454],"[""molar_amount_to_mass_by_exact_molecular_weight""]","[""molar_amount_to_mass_by_exact_molecular_weight""]",[],[],[],[88328.5145454],[1.0],[100.0],[1.0],[],[],[],hierarchical_mole_internal_mass_blend_v1,RDKit.Chem.rdMolDescriptors.CalcExactMolWt,2022.09.5,"[null,null]","[null,null,null,null]",True
10.1177/0954008319901148,homopolymer,,,,[H]Oc1ccc(cc1)c1nc(cc(c1)c1ccc(cc1)P(c1ccccc1)c1ccccc1)c1ccc(cc1)Oc1ccc(cc1)C(=O)c1ccc(cc1)Oc1ccc(cc1)C(=O)[H],,,,100.0,,,,0.0,,,,,209.0,58c63ecb8435ae6add732b140dd7b06de4f190280ec73a93360b85f12600d0a3,97,82324.8759946,100.0,homopolymer,,,passed,1,"[""mol1""]","[""mol1""]",[823.2487599460001],[823.2487599460001],[100.0],[100.0],[1.0],[1.0],[82324.8759946],"[""molar_amount_to_mass_by_exact_molecular_weight""]","[""molar_amount_to_mass_by_exact_molecular_weight""]",[],[],[],[82324.8759946],[1.0],[100.0],[1.0],[],[],[],hierarchical_mole_internal_mass_blend_v1,RDKit.Chem.rdMolDescriptors.CalcExactMolWt,2022.09.5,"[null,null]","[null,null,null,null]",True
10.1177/0954008319901148,homopolymer,,,,[H]Oc1ccc(cc1)c1nc(cc(c1)c1ccc(cc1)P(c1ccccc1)c1ccccc1)c1ccc(cc1)Oc1ccc(cc1)C(=O)c1cccc(c1)C(=O)c1ccc(cc1)[H],,,,100.0,,,,0.0,,,,,241.0,ac414072e54ce8680223544e559c50ade1d33d554df7aab1d0885141e9929953,98,80725.3845326,100.0,homopolymer,,,passed,1,"[""mol1""]","[""mol1""]",[807.253845326],[807.253845326],[100.0],[100.0],[1.0],[1.0],[80725.3845326],"[""molar_amount_to_mass_by_exact_molecular_weight""]","[""molar_amount_to_mass_by_exact_molecular_weight""]",[],[],[],[80725.3845326],[1.0],[100.0],[1.0],[],[],[],hierarchical_mole_internal_mass_blend_v1,RDKit.Chem.rdMolDescriptors.CalcExactMolWt,2022.09.5,"[null,null]","[null,null,null,null]",True
10.1002/macp.201500121,homopolymer,,,,[H]Oc1ccc(cc1)OC(=O)c1ccc(cc1)C(=O)[H],,,,100.0,,,,0.0,,,,,144.7444256,45fd08020a168580a5c3ebb0b2abe7da1ea84535ad2e2616bc3e2fda243ee7f8,99,24205.79088,100.0,homopolymer,,,passed,1,"[""mol1""]","[""mol1""]",[242.0579088],[242.0579088],[100.0],[100.0],[1.0],[1.0],[24205.79088],"[""molar_amount_to_mass_by_exact_molecular_weight""]","[""molar_amount_to_mass_by_exact_molecular_weight""]",[],[],[],[24205.79088],[1.0],[100.0],[1.0],[],[],[],hierarchical_mole_internal_mass_blend_v1,RDKit.Chem.rdMolDescriptors.CalcExactMolWt,2022.09.5,"[null,null]","[null,null,null,null]",True
10.1002/(SICI)1099-0518(19970915)35:12<2453::AID-POLA15>3.0.CO;2-6,homopolymer,,,,[H]Oc1ccc(cc1)S(=O)(=O)c1ccc(cc1)OCCOC(=O)[H],,,,100.0,,,,0.0,,,,,135.0,47e4f19c3d0b8024e80fb8adc079e9d3092cb3fc6d296b430c3f766994c74120,100,32205.110916799997,100.0,homopolymer,,,passed,1,"[""mol1""]","[""mol1""]",[322.051109168],[322.051109168],[100.0],[100.0],[1.0],[1.0],[32205.110916799997],"[""molar_amount_to_mass_by_exact_molecular_weight""]","[""molar_amount_to_mass_by_exact_molecular_weight""]",[],[],[],[32205.110916799997],[1.0],[100.0],[1.0],[],[],[],hierarchical_mole_internal_mass_blend_v1,RDKit.Chem.rdMolDescriptors.CalcExactMolWt,2022.09.5,"[null,null]","[null,null,null,null]",True
10.1039/d1py00450f,homopolymer,,,,[H]OCc1ccc(o1)C1OCC(CO1)(CC)COCC1(CC)COC(OC1)c1ccc(o1)COC(=O)Nc1ccc(cc1)Cc1ccc(cc1)NC(=O)[H],,,,100.0,,,,0.0,,,,,104.0,ecb1da5969d7891f5bbe1180f1d886ff2247a96ef0cf8cbd3581267dab9846c8,101,71831.0160292,100.0,homopolymer,,,passed,1,"[""mol1""]","[""mol1""]",[718.310160292],[718.310160292],[100.0],[100.0],[1.0],[1.0],[71831.0160292],"[""molar_amount_to_mass_by_exact_molecular_weight""]","[""molar_amount_to_mass_by_exact_molecular_weight""]",[],[],[],[71831.0160292],[1.0],[100.0],[1.0],[],[],[],hierarchical_mole_internal_mass_blend_v1,RDKit.Chem.rdMolDescriptors.CalcExactMolWt,2022.09.5,"[null,null]","[null,null,null,null]",True
10.1002/macp.201500121,homopolymer,,,,[H]OCCCCOC(=O)C(CP1(=O)Oc2ccccc2c2c1cccc2)CC(=O)[H],,,,100.0,,,,0.0,,,,,144.5384225,e5f6930cc123d2ae8dbf536828426d23f70a0e0c9d63a17acb3b85810d9d3448,102,40212.3225086,100.0,homopolymer,,,passed,1,"[""mol1""]","[""mol1""]",[402.123225086],[402.123225086],[100.0],[100.0],[1.0],[1.0],[40212.3225086],"[""molar_amount_to_mass_by_exact_molecular_weight""]","[""molar_amount_to_mass_by_exact_molecular_weight""]",[],[],[],[40212.3225086],[1.0],[100.0],[1.0],[],[],[],hierarchical_mole_internal_mass_blend_v1,RDKit.Chem.rdMolDescriptors.CalcExactMolWt,2022.09.5,"[null,null]","[null,null,null,null]",True
10.1021/ie1006917,homopolymer,,,,[H]OCCCOC(=O)c1ccc(cc1)C(=O)[H],,,,100.0,,,,0.0,,,,,39.15,c71c20cc34d919dd9b6e3b45d10c42374a1a3e8f3764bb5b02714511064b1bba,103,20807.3558864,100.0,homopolymer,,,passed,1,"[""mol1""]","[""mol1""]",[208.073558864],[208.073558864],[100.0],[100.0],[1.0],[1.0],[20807.3558864],"[""molar_amount_to_mass_by_exact_molecular_weight""]","[""molar_amount_to_mass_by_exact_molecular_weight""]",[],[],[],[20807.3558864],[1.0],[100.0],[1.0],[],[],[],hierarchical_mole_internal_mass_blend_v1,RDKit.Chem.rdMolDescriptors.CalcExactMolWt,2022.09.5,"[null,null]","[null,null,null,null]",True
10.1080/03602559.2011.617402,homopolymer,,,,[H]OCCOC(=O)c1ccc2c(c1)ccc(c2)C(=O)[H],,,,100.0,,,,0.0,,,,,144.8817609,c61ad25aeab90c53b56b3d3d0860f7378541f92d7171da142bc2cb89ab427e93,104,24407.3558864,100.0,homopolymer,,,passed,1,"[""mol1""]","[""mol1""]",[244.073558864],[244.073558864],[100.0],[100.0],[1.0],[1.0],[24407.3558864],"[""molar_amount_to_mass_by_exact_molecular_weight""]","[""molar_amount_to_mass_by_exact_molecular_weight""]",[],[],[],[24407.3558864],[1.0],[100.0],[1.0],[],[],[],hierarchical_mole_internal_mass_blend_v1,RDKit.Chem.rdMolDescriptors.CalcExactMolWt,2022.09.5,"[null,null]","[null,null,null,null]",True
10.1002/pat.1515,homopolymer,,,,[H]C(C(NC1=CC(C(NC2=CC=C(OC3=C([C@@H]4C(C=CC=C5)=C5[C@H]6C7=C4C=CC=C7)C6=C(OC8=CC=C(N[H])C=C8)C=C3)C=C2)=O)=CC(C([H])=O)=C1)=O)(N9C(C%10C%11C%12=C(C(C%10C9=O)C%13=C%11C=CC=C%13)C=CC=C%12)=O)CC%14=CC=CC=C%14,,,,100.0,,,,0.0,,,,,185.0,cd65c8ae74f141146b620501269ef14ce68633acba0eac0bcdf1fbb68dbccbae,105,102035.2299876,100.0,homopolymer,,,passed,1,"[""mol1""]","[""mol1""]",[1020.3522998760001],[1020.3522998760001],[100.0],[100.0],[1.0],[1.0],[102035.2299876],"[""molar_amount_to_mass_by_exact_molecular_weight""]","[""molar_amount_to_mass_by_exact_molecular_weight""]",[],[],[],[102035.2299876],[1.0],[100.0],[1.0],[],[],[],hierarchical_mole_internal_mass_blend_v1,RDKit.Chem.rdMolDescriptors.CalcExactMolWt,2022.09.5,"[null,null]","[null,null,null,null]",True
10.1002/pat.1515,homopolymer,,,,[H]C(C(NC1=CC(C(NC2=CC=C(OC3=CC=C(N[H])C=C3)C=C2)=O)=CC(C([H])=O)=C1)=O)(N4C(C5C6C7=C(C(C5C4=O)C8=C6C=CC=C8)C=CC=C7)=O)CC9=CC=CC=C9,,,,100.0,,,,0.0,,,,,183.0,605aae07a56bde46972669507557706b287b1160f78cee169d36764a26b52987,106,75226.3484872,100.0,homopolymer,,,passed,1,"[""mol1""]","[""mol1""]",[752.2634848719999],[752.2634848719999],[100.0],[100.0],[1.0],[1.0],[75226.3484872],"[""molar_amount_to_mass_by_exact_molecular_weight""]","[""molar_amount_to_mass_by_exact_molecular_weight""]",[],[],[],[75226.3484872],[1.0],[100.0],[1.0],[],[],[],hierarchical_mole_internal_mass_blend_v1,RDKit.Chem.rdMolDescriptors.CalcExactMolWt,2022.09.5,"[null,null]","[null,null,null,null]",True
10.1039/C0PY00103A,homopolymer,,,,[H]N(C1=CC=C(C2=NC(NC3=CC=C(C(NC4=CC=CC(N[H])=C4)=O)C=C3)=NN2)C=C1)C(C5=CC(C(N(C6=CC=C(C7=NC(NC8=CC=C(C=C8)C([H])=O)=NN7)C=C6)[H])=O)=CC=C5)=O,,,,100.0,,,,0.0,,,,,345.0,9c2794b3061c7034776b18760e3555544172ec765da28835ba1b2df0f600fd6d,107,79428.25975680002,100.0,homopolymer,,,passed,1,"[""mol1""]","[""mol1""]",[794.2825975680001],[794.2825975680001],[100.0],[100.0],[1.0],[1.0],[79428.25975680002],"[""molar_amount_to_mass_by_exact_molecular_weight""]","[""molar_amount_to_mass_by_exact_molecular_weight""]",[],[],[],[79428.25975680002],[1.0],[100.0],[1.0],[],[],[],hierarchical_mole_internal_mass_blend_v1,RDKit.Chem.rdMolDescriptors.CalcExactMolWt,2022.09.5,"[null,null]","[null,null,null,null]",True
10.1002/app.28552,homopolymer,,,,[H]C1=CC=C(C(C2=CC=C(P(C3=CC=C(C(C4=CC=C(OC5=CC=C(C(C)(C6=CC=C(O[H])C=C6)C)C=C5)C=C4)=O)C=C3)(C7=CC=CC=C7)=O)C=C2)=O)C=C1,,,,100.0,,,,0.0,,,,,205.0,23b690c5df45c8e650866334d924541cad2b476c7734dabb77257f2e948223b9,108,71223.78609139999,100.0,homopolymer,,,passed,1,"[""mol1""]","[""mol1""]",[712.237860914],[712.237860914],[100.0],[100.0],[1.0],[1.0],[71223.78609139999],"[""molar_amount_to_mass_by_exact_molecular_weight""]","[""molar_amount_to_mass_by_exact_molecular_weight""]",[],[],[],[71223.78609139999],[1.0],[100.0],[1.0],[],[],[],hierarchical_mole_internal_mass_blend_v1,RDKit.Chem.rdMolDescriptors.CalcExactMolWt,2022.09.5,"[null,null]","[null,null,null,null]",True
10.1002/app.28552,homopolymer,,,,[H]C1=CC=C(C(C2=CC=C(P(C3=CC=C(C(C4=CC=C(OC5=CC=C(O[H])C=C5)C=C4)=O)C=C3)(C6=CC=CC=C6)=O)C=C2)=O)C=C1,,,,100.0,,,,0.0,,,,,213.0,6d67626953c5d9626831518f741ae4ba4a557278377f4a14751c1ee1d5ee436f,109,59415.96105939999,100.0,homopolymer,,,passed,1,"[""mol1""]","[""mol1""]",[594.1596105939999],[594.1596105939999],[100.0],[100.0],[1.0],[1.0],[59415.96105939999],"[""molar_amount_to_mass_by_exact_molecular_weight""]","[""molar_amount_to_mass_by_exact_molecular_weight""]",[],[],[],[59415.96105939999],[1.0],[100.0],[1.0],[],[],[],hierarchical_mole_internal_mass_blend_v1,RDKit.Chem.rdMolDescriptors.CalcExactMolWt,2022.09.5,"[null,null]","[null,null,null,null]",True
10.1002/app.28552,homopolymer,,,,[H]C1=CC=C(C(C2=CC=C(P(C3=CC=C(C(C4=CC=C(OC5=CC=C(S(=O)(C6=CC=C(O[H])C=C6)=O)C=C5)C=C4)=O)C=C3)(C7=CC=CC=C7)=O)C=C2)=O)C=C1,,,,100.0,,,,0.0,,,,,235.0,6275d82ee38e11a5756d3e39741f2aa260e555f7ab60af1b8c8ae0658b5b394b,110,73415.2810962,100.0,homopolymer,,,passed,1,"[""mol1""]","[""mol1""]",[734.1528109619999],[734.1528109619999],[100.0],[100.0],[1.0],[1.0],[73415.2810962],"[""molar_amount_to_mass_by_exact_molecular_weight""]","[""molar_amount_to_mass_by_exact_molecular_weight""]",[],[],[],[73415.2810962],[1.0],[100.0],[1.0],[],[],[],hierarchical_mole_internal_mass_blend_v1,RDKit.Chem.rdMolDescriptors.CalcExactMolWt,2022.09.5,"[null,null]","[null,null,null,null]",True
10.1007/s10118-015-1557-7,homopolymer,,,,[H]C1=CC=C(NC(NC(C2=CC=CC(C(NC(NC3=CC=C(N4C(C5=CC=C(C(C(F)(F)F)(C6=CC=C7C(C(N([H])C7=O)=O)=C6)C(F)(F)F)C=C5C4=O)=O)C=C3)=S)=O)=N2)=O)=S)C=C1,,,,100.0,,,,0.0,,,,,247.0,2f49714c908385dbd8576b7237972f0a9fea3f2052fee01fa4e4adcc49383609,111,87510.55427760002,100.0,homopolymer,,,passed,1,"[""mol1""]","[""mol1""]",[875.1055427760002],[875.1055427760002],[100.0],[100.0],[1.0],[1.0],[87510.55427760002],"[""molar_amount_to_mass_by_exact_molecular_weight""]","[""molar_amount_to_mass_by_exact_molecular_weight""]",[],[],[],[87510.55427760002],[1.0],[100.0],[1.0],[],[],[],hierarchical_mole_internal_mass_blend_v1,RDKit.Chem.rdMolDescriptors.CalcExactMolWt,2022.09.5,"[null,null]","[null,null,null,null]",True
10.1007/s10118-015-1557-7,homopolymer,,,,[H]C1=CC=C(NC(NC(C2=CC=CC(C(NC(NC3=CC=C(N4C(C5=CC=C(C6=CC=C7C(C(N([H])C7=O)=O)=C6)C=C5C4=O)=O)C=C3)=S)=O)=N2)=O)=S)C=C1,,,,100.0,,,,0.0,,,,,267.0,5618129962fb78fd93756a23401e66d81995da193222ced8bfc562999df4f9da,112,72511.51234560001,100.0,homopolymer,,,passed,1,"[""mol1""]","[""mol1""]",[725.1151234560001],[725.1151234560001],[100.0],[100.0],[1.0],[1.0],[72511.51234560001],"[""molar_amount_to_mass_by_exact_molecular_weight""]","[""molar_amount_to_mass_by_exact_molecular_weight""]",[],[],[],[72511.51234560001],[1.0],[100.0],[1.0],[],[],[],hierarchical_mole_internal_mass_blend_v1,RDKit.Chem.rdMolDescriptors.CalcExactMolWt,2022.09.5,"[null,null]","[null,null,null,null]",True
10.1007/s10118-015-1557-7,homopolymer,,,,[H]C1=CC=C(NC(NC(C2=CC=CC(C(NC(NC3CCC(N4C(C5=CC=C(OC6=CC=C7C(C(N([H])C7=O)=O)=C6)C=C5C4=O)=O)CC3)=S)=O)=N2)=O)=S)C=C1,,,,100.0,,,,0.0,,,,,251.0,0608ebf42ed879f47cde2f63bd8adf5f7c5f16ebe43d83329579a11dced3ee86,113,74715.69882680001,100.0,homopolymer,,,passed,1,"[""mol1""]","[""mol1""]",[747.1569882680002],[747.1569882680002],[100.0],[100.0],[1.0],[1.0],[74715.69882680001],"[""molar_amount_to_mass_by_exact_molecular_weight""]","[""molar_amount_to_mass_by_exact_molecular_weight""]",[],[],[],[74715.69882680001],[1.0],[100.0],[1.0],[],[],[],hierarchical_mole_internal_mass_blend_v1,RDKit.Chem.rdMolDescriptors.CalcExactMolWt,2022.09.5,"[null,null]","[null,null,null,null]",True
10.1007/s11696-020-01494-7,homopolymer,,,,[H]c1ccc(cc1)C(=O)Nc1ccc(cc1)Oc1ccc(cc1)C(c1ccc(cc1)Oc1ccc(cc1)N=C(c1ccc(cc1)N1C(=O)C2C(C1=O)c1c2ccc(c1)C(C(F)(F)F)(C(F)(F)F)c1ccc2c(c1)C1C2C(=O)N(C1=O)[H])O)(C)C,,,,100.0,,,,0.0,,,,,187.0,245da183b1def0621df47ed31bd3eb26c673c62ba21d0a0c3f827364f4101a01,114,111030.6333688,100.0,homopolymer,,,passed,1,"[""mol1""]","[""mol1""]",[1110.306333688],[1110.306333688],[100.0],[100.0],[1.0],[1.0],[111030.6333688],"[""molar_amount_to_mass_by_exact_molecular_weight""]","[""molar_amount_to_mass_by_exact_molecular_weight""]",[],[],[],[111030.6333688],[1.0],[100.0],[1.0],[],[],[],hierarchical_mole_internal_mass_blend_v1,RDKit.Chem.rdMolDescriptors.CalcExactMolWt,2022.09.5,"[null,null]","[null,null,null,null]",True
10.1007/s11696-020-01494-7,homopolymer,,,,[H]c1ccc(cc1)C(=O)Nc1ccc(cc1)Oc1ccc(cc1)C(c1ccc(cc1)Oc1ccc(cc1)N=C(c1ccc(cc1)N1C(=O)C2C(C1=O)c1c2ccc(c1)Oc1ccc2c(c1)C1C2C(=O)N(C1=O)[H])O)(C)C,,,,100.0,,,,0.0,,,,,222.0,499c57349899fd378393e5bce5196e4c90f00fb51df0c9d4e46d500d669864e7,115,97631.08289880001,100.0,homopolymer,,,passed,1,"[""mol1""]","[""mol1""]",[976.3108289880001],[976.3108289880001],[100.0],[100.0],[1.0],[1.0],[97631.08289880001],"[""molar_amount_to_mass_by_exact_molecular_weight""]","[""molar_amount_to_mass_by_exact_molecular_weight""]",[],[],[],[97631.08289880001],[1.0],[100.0],[1.0],[],[],[],hierarchical_mole_internal_mass_blend_v1,RDKit.Chem.rdMolDescriptors.CalcExactMolWt,2022.09.5,"[null,null]","[null,null,null,null]",True
10.1007/s11696-020-01494-7,homopolymer,,,,[H]c1ccc(cc1)C(=O)Nc1ccc(cc1)Oc1ccc(cc1)C(c1ccc(cc1)Oc1ccc(cc1)NC(=O)c1ccc(cc1)N1C(=O)C2C(C1=O)c1c2cc2c(c1)C1C2C(=O)N(C1=O)[H])(C)C,,,,100.0,,,,0.0,,,,,151.0,bb27acc151bff347416a7a1fa9478052d13e17ef2736a0aeb4c7862ec3449fb9,116,88428.46142400001,100.0,homopolymer,,,passed,1,"[""mol1""]","[""mol1""]",[884.2846142400001],[884.2846142400001],[100.0],[100.0],[1.0],[1.0],[88428.46142400001],"[""molar_amount_to_mass_by_exact_molecular_weight""]","[""molar_amount_to_mass_by_exact_molecular_weight""]",[],[],[],[88428.46142400001],[1.0],[100.0],[1.0],[],[],[],hierarchical_mole_internal_mass_blend_v1,RDKit.Chem.rdMolDescriptors.CalcExactMolWt,2022.09.5,"[null,null]","[null,null,null,null]",True
10.1007/s11696-020-01494-7,homopolymer,,,,[H]c1ccc(cc1)C(=O)Nc1ccc(cc1)Oc1ccc(cc1)C(c1ccc(cc1)Oc1ccc(cc1)NC(=O)c1ccc(cc1)N1C(=O)C2C(C1=O)c1c2ccc(c1)C(=O)c1ccc2c(c1)C1C2C(=O)N(C1=O)[H])(C)C,,,,100.0,,,,0.0,,,,,177.0,9dbf81119ef15e5377d0db5369390446e4650feb0df596b8747a76c8859ea451,117,98831.08289880001,100.0,homopolymer,,,passed,1,"[""mol1""]","[""mol1""]",[988.3108289880001],[988.3108289880001],[100.0],[100.0],[1.0],[1.0],[98831.08289880001],"[""molar_amount_to_mass_by_exact_molecular_weight""]","[""molar_amount_to_mass_by_exact_molecular_weight""]",[],[],[],[98831.08289880001],[1.0],[100.0],[1.0],[],[],[],hierarchical_mole_internal_mass_blend_v1,RDKit.Chem.rdMolDescriptors.CalcExactMolWt,2022.09.5,"[null,null]","[null,null,null,null]",True
10.1007/s11696-020-01494-7,homopolymer,,,,[H]c1ccc(cc1)C(=O)Nc1ccc(cc1)Oc1ccc(cc1)C(c1ccc(cc1)Oc1ccc(cc1)NC(=O)c1ccc(cc1)N1C(=O)C2C(C1=O)c1c3c2ccc2c3c(cc1)C1C2C(=O)N(C1=O)[H])(C)C,,,,100.0,,,,0.0,,,,,210.0,bba7dd46e19510c4d6d0834c0d3ddc28349028deab452cf1ae95ec9dd2a9a0f0,118,93430.02643040002,100.0,homopolymer,,,passed,1,"[""mol1""]","[""mol1""]",[934.3002643040002],[934.3002643040002],[100.0],[100.0],[1.0],[1.0],[93430.02643040002],"[""molar_amount_to_mass_by_exact_molecular_weight""]","[""molar_amount_to_mass_by_exact_molecular_weight""]",[],[],[],[93430.02643040002],[1.0],[100.0],[1.0],[],[],[],hierarchical_mole_internal_mass_blend_v1,RDKit.Chem.rdMolDescriptors.CalcExactMolWt,2022.09.5,"[null,null]","[null,null,null,null]",True
?10.1016/j.jfluchem.2016.03.016,homopolymer,,,,[H]c1cccc(c1)P(=O)(C(CC(C(C(C(C(C(F)(F)F)(F)F)(F)F)(F)F)(F)F)(F)F)(F)F)c1cccc(c1)N1C(=O)C(C1=O)c1ccc(cc1)Oc1ccc(cc1)C1C(=O)N(C1=O)[H],,,,100.0,,,,0.0,,,,,194.0,08217e2f7d6c951879947eb09a98aced9ea94372fc515ad16bb8b485c4c7df3c,119,91809.75963540001,100.0,homopolymer,,,passed,1,"[""mol1""]","[""mol1""]",[918.0975963540002],[918.0975963540002],[100.0],[100.0],[1.0],[1.0],[91809.75963540001],"[""molar_amount_to_mass_by_exact_molecular_weight""]","[""molar_amount_to_mass_by_exact_molecular_weight""]",[],[],[],[91809.75963540001],[1.0],[100.0],[1.0],[],[],[],hierarchical_mole_internal_mass_blend_v1,RDKit.Chem.rdMolDescriptors.CalcExactMolWt,2022.09.5,"[null,null]","[null,null,null,null]",True
10.1002/pat.3692,homopolymer,,,,[H]CC(C(=O)Nc1ccc(cc1)/C=C/C(=O)c1c2ccccc2cc2c1cccc2)[H],,,,100.0,,,,0.0,,,,,109.0,6228be572c1c9e03ec0f8bdf105b5cc0a800934be79d9b39a07804e49f52a5db,120,37915.72289120001,100.0,homopolymer,,,passed,1,"[""mol1""]","[""mol1""]",[379.15722891200005],[379.15722891200005],[100.0],[100.0],[1.0],[1.0],[37915.72289120001],"[""molar_amount_to_mass_by_exact_molecular_weight""]","[""molar_amount_to_mass_by_exact_molecular_weight""]",[],[],[],[37915.72289120001],[1.0],[100.0],[1.0],[],[],[],hierarchical_mole_internal_mass_blend_v1,RDKit.Chem.rdMolDescriptors.CalcExactMolWt,2022.09.5,"[null,null]","[null,null,null,null]",True
10.1002/pat.3692,homopolymer,,,,[H]CC(C(=O)Nc1ccc(cc1)/C=C/C(=O)c1ccc2c(c1)ccc(c2)OC)[H],,,,100.0,,,,0.0,,,,,145.0,d4024ae749530fda304a56a4f7866d2a5c909956667b49f85f390cb5bb559bc8,121,35915.214353200005,100.0,homopolymer,,,passed,1,"[""mol1""]","[""mol1""]",[359.152143532],[359.152143532],[100.0],[100.0],[1.0],[1.0],[35915.214353200005],"[""molar_amount_to_mass_by_exact_molecular_weight""]","[""molar_amount_to_mass_by_exact_molecular_weight""]",[],[],[],[35915.214353200005],[1.0],[100.0],[1.0],[],[],[],hierarchical_mole_internal_mass_blend_v1,RDKit.Chem.rdMolDescriptors.CalcExactMolWt,2022.09.5,"[null,null]","[null,null,null,null]",True
10.1007/s10965-021-02676-x,homopolymer,,,,[H]N1C(=O)C2C(C1=O)CC1C(C2)C(=O)N(C1=O)c1ccc(cc1)Oc1ccc(cc1)[H],,,,100.0,,,,0.0,,,,,346.8,8dc1333667b3624ae4be83ac447d0a02baa7a3041f07af4e1c55379d73b99fb0,122,39012.157167599995,100.0,homopolymer,,,passed,1,"[""mol1""]","[""mol1""]",[390.121571676],[390.121571676],[100.0],[100.0],[1.0],[1.0],[39012.157167599995],"[""molar_amount_to_mass_by_exact_molecular_weight""]","[""molar_amount_to_mass_by_exact_molecular_weight""]",[],[],[],[39012.157167599995],[1.0],[100.0],[1.0],[],[],[],hierarchical_mole_internal_mass_blend_v1,RDKit.Chem.rdMolDescriptors.CalcExactMolWt,2022.09.5,"[null,null]","[null,null,null,null]",True
10.1002/pat.5153,homopolymer,,,,[H]N1C(C2CC(C3CC2C1=O)C(N(C3=O)C4=CC=C(C=C4)OC5=CC(P(C6=CC=CC=C6)(C7=CC=CC=C7)=O)=C(C=C5)OC8=CC=C(C=C8)[H])=O)=O,,,,100.0,,,,0.0,,,,,252.9,baf18f056fa248c8a4ba85e2166293987e2242f383e89c670ce4855acaff8c10,123,68218.6887962,100.0,homopolymer,,,passed,1,"[""mol1""]","[""mol1""]",[682.186887962],[682.186887962],[100.0],[100.0],[1.0],[1.0],[68218.6887962],"[""molar_amount_to_mass_by_exact_molecular_weight""]","[""molar_amount_to_mass_by_exact_molecular_weight""]",[],[],[],[68218.6887962],[1.0],[100.0],[1.0],[],[],[],hierarchical_mole_internal_mass_blend_v1,RDKit.Chem.rdMolDescriptors.CalcExactMolWt,2022.09.5,"[null,null]","[null,null,null,null]",True
10.1016/j.polymer.2008.05.013,homopolymer,,,,[H]NC(C=C1)=CC=C1C(C=C2)=CC=C2N(C(C3=CC(C([H])=O)=CC(N(C(C4=CC=C(C=C4)N(C([C@](C)(N5C(C6=CC=CC=C6C5=O)=O)[H])=O)[H])=O)[H])=C3)=O)[H],,,,100.0,,,,0.0,,,,,202.0,c88c1222d7fd103f6d99b962b26b01343c5e310922ce5d452163c936338ec34d,124,65121.17836480001,100.0,homopolymer,,,passed,1,"[""mol1""]","[""mol1""]",[651.2117836480002],[651.2117836480002],[100.0],[100.0],[1.0],[1.0],[65121.17836480001],"[""molar_amount_to_mass_by_exact_molecular_weight""]","[""molar_amount_to_mass_by_exact_molecular_weight""]",[],[],[],[65121.17836480001],[1.0],[100.0],[1.0],[],[],[],hierarchical_mole_internal_mass_blend_v1,RDKit.Chem.rdMolDescriptors.CalcExactMolWt,2022.09.5,"[null,null]","[null,null,null,null]",True
Journal of the Mexican Chemical Society?61.3 (2017): 229-240.,homopolymer,,,,[H]NC1=CC=C(C(C2=NC(C3=CC=CC=C3)=C(N2)C4=CC=CC=C4)=C1)OC5=CC=C(C=C5)C6=C(N=C(N6)C7=CC=C(C=C7)C(F)(F)F)C8=CC=C(C=C8)OC9=CC=C(C=C9C%10=NC(C%11=CC=CC=C%11)=C(N%10)C%12=CC=CC=C%12)NC(C%13=CC=C(C([H])=O)C=C%13)=O,,,,100.0,,,,0.0,,,,,264.0,7a467ba26e7998dd54a52c4c3bbc0ab549f01ed9406d8644a6cbfd8ce174e3c0,125,114638.28867079999,100.0,homopolymer,,,passed,1,"[""mol1""]","[""mol1""]",[1146.382886708],[1146.382886708],[100.0],[100.0],[1.0],[1.0],[114638.28867079999],"[""molar_amount_to_mass_by_exact_molecular_weight""]","[""molar_amount_to_mass_by_exact_molecular_weight""]",[],[],[],[114638.28867079999],[1.0],[100.0],[1.0],[],[],[],hierarchical_mole_internal_mass_blend_v1,RDKit.Chem.rdMolDescriptors.CalcExactMolWt,2022.09.5,"[null,null]","[null,null,null,null]",True
Journal of the Mexican Chemical Society?61.3 (2017): 229-240.,homopolymer,,,,[H]NC1=CC=C(C(C2=NC(C3=CC=CC=C3)=C(N2)C4=CC=CC=C4)=C1)OC5=CC=C(C=C5)C6=C(N=C(N6)C7=CC=C(C=C7)C(F)(F)F)C8=CC=C(C=C8)OC9=CC=C(C=C9C%10=NC(C%11=CC=CC=C%11)=C(N%10)C%12=CC=CC=C%12)NC(C%13=NC(C([H])=O)=CC=C%13)=O,,,,100.0,,,,0.0,,,,,286.0,b68995f6999ef40a82a0f8084bdc8ce13b98011df13865d4922ddfd209074393,126,114737.81356759997,100.0,homopolymer,,,passed,1,"[""mol1""]","[""mol1""]",[1147.3781356759996],[1147.3781356759996],[100.0],[100.0],[1.0],[1.0],[114737.81356759997],"[""molar_amount_to_mass_by_exact_molecular_weight""]","[""molar_amount_to_mass_by_exact_molecular_weight""]",[],[],[],[114737.81356759997],[1.0],[100.0],[1.0],[],[],[],hierarchical_mole_internal_mass_blend_v1,RDKit.Chem.rdMolDescriptors.CalcExactMolWt,2022.09.5,"[null,null]","[null,null,null,null]",True
Journal of the Mexican Chemical Society?61.3 (2017): 229-240.,homopolymer,,,,[H]NC1=CC=C(C(C2=NC(C3=CC=CC=C3)=C(N2)C4=CC=CC=C4)=C1)OC5=CC=C(C=C5)C6=C(N=C(N6)C7=CC=C(C=C7)C(F)(F)F)C8=CC=C(C=C8)OC9=CC=C(C=C9C%10=NC(C%11=CC=CC=C%11)=C(N%10)C%12=CC=CC=C%12)NC(CCCCCCCCC([H])=O)=O,,,,100.0,,,,0.0,,,,,220.0,947167e05a02f103d415b533008e6929058c3d9090d09e52bed72b01468ada6d,127,118247.6787092,100.0,homopolymer,,,passed,1,"[""mol1""]","[""mol1""]",[1182.476787092],[1182.476787092],[100.0],[100.0],[1.0],[1.0],[118247.6787092],"[""molar_amount_to_mass_by_exact_molecular_weight""]","[""molar_amount_to_mass_by_exact_molecular_weight""]",[],[],[],[118247.6787092],[1.0],[100.0],[1.0],[],[],[],hierarchical_mole_internal_mass_blend_v1,RDKit.Chem.rdMolDescriptors.CalcExactMolWt,2022.09.5,"[null,null]","[null,null,null,null]",True
10.1080/15685551.2013.771316,homopolymer,,,,[H]NC1=CC=C(C=C1)C2=CC(C3=CC=C(C=C3)Br)=CC(C4=CC=C(C=C4)NC(CCCCC([H])=O)=O)=N2,,,,100.0,,,,0.0,,,,,157.0,68b2773f178733937ad8a0377123694063e7689d7b83db6e21c42882a04b6fcc,128,52712.083917200005,100.0,homopolymer,,,passed,1,"[""mol1""]","[""mol1""]",[527.120839172],[527.120839172],[100.0],[100.0],[1.0],[1.0],[52712.083917200005],"[""molar_amount_to_mass_by_exact_molecular_weight""]","[""molar_amount_to_mass_by_exact_molecular_weight""]",[],[],[],[52712.083917200005],[1.0],[100.0],[1.0],[],[],[],hierarchical_mole_internal_mass_blend_v1,RDKit.Chem.rdMolDescriptors.CalcExactMolWt,2022.09.5,"[null,null]","[null,null,null,null]",True
10.1016/j.polymdegradstab.2014.05.002,homopolymer,,,,[H]Oc1ccc(cc1)C(c1ccc(cc1)Oc1ccc(cc1C(F)(F)F)P(=O)(c1ccc(c(c1)C(F)(F)F)[H])c1ccccc1)(C)C,,,,100.0,,,,0.0,,,,,190.0,524a3ac5b761f223085df7ab6f8d2dc09592c7cb34a6ea82f55a2c08498801d7,129,64016.02006739999,100.0,homopolymer,,,passed,1,"[""mol1""]","[""mol1""]",[640.160200674],[640.160200674],[100.0],[100.0],[1.0],[1.0],[64016.02006739999],"[""molar_amount_to_mass_by_exact_molecular_weight""]","[""molar_amount_to_mass_by_exact_molecular_weight""]",[],[],[],[64016.02006739999],[1.0],[100.0],[1.0],[],[],[],hierarchical_mole_internal_mass_blend_v1,RDKit.Chem.rdMolDescriptors.CalcExactMolWt,2022.09.5,"[null,null]","[null,null,null,null]",True
10.1016/j.polymdegradstab.2014.05.002,homopolymer,,,,COc1ccc(cc1)P(=O)(c1ccc(c(c1)C(F)(F)F)[H])c1ccc(c(c1)C(F)(F)F)Oc1ccc(cc1)C(c1ccc(cc1)O[H])(C)C,,,,100.0,,,,0.0,,,,,194.0,f1d894c2381e9359b6daa9b3ecd5fbc0d5e7c716d4eabe65125f1bb27248bec5,130,67017.07653579999,100.0,homopolymer,,,passed,1,"[""mol1""]","[""mol1""]",[670.1707653579999],[670.1707653579999],[100.0],[100.0],[1.0],[1.0],[67017.07653579999],"[""molar_amount_to_mass_by_exact_molecular_weight""]","[""molar_amount_to_mass_by_exact_molecular_weight""]",[],[],[],[67017.07653579999],[1.0],[100.0],[1.0],[],[],[],hierarchical_mole_internal_mass_blend_v1,RDKit.Chem.rdMolDescriptors.CalcExactMolWt,2022.09.5,"[null,null]","[null,null,null,null]",True
10.1016/j.polymdegradstab.2014.05.002,homopolymer,,,,[H]Oc1ccc(cc1)S(=O)(=O)c1ccc(cc1)Oc1ccc(cc1)P(=O)(c1ccc(cc1)[H])c1ccccc1,,,,100.0,,,,0.0,,,,,195.0,e610d428dce13bb19daa244658e60a259b322c1fcb35dbc35eefe123abcbd8e4,131,52610.0381466,100.0,homopolymer,,,passed,1,"[""mol1""]","[""mol1""]",[526.100381466],[526.100381466],[100.0],[100.0],[1.0],[1.0],[52610.0381466],"[""molar_amount_to_mass_by_exact_molecular_weight""]","[""molar_amount_to_mass_by_exact_molecular_weight""]",[],[],[],[52610.0381466],[1.0],[100.0],[1.0],[],[],[],hierarchical_mole_internal_mass_blend_v1,RDKit.Chem.rdMolDescriptors.CalcExactMolWt,2022.09.5,"[null,null]","[null,null,null,null]",True
10.1080/15685551.2013.771316,homopolymer,,,,[H]NC1=CC=C(C=C1)C2=CC(C3=CC=C(C=C3)Cl)=CC(C4=CC=C(C=C4)NC(CCCCC([H])=O)=O)=N2,,,,100.0,,,,0.0,,,,,151.0,dc468ea8ad193320a09f0f7afc4fffec63b4aad5ae09d37c13a6d33f876c0d95,132,48317.135475200004,100.0,homopolymer,,,passed,1,"[""mol1""]","[""mol1""]",[483.171354752],[483.171354752],[100.0],[100.0],[1.0],[1.0],[48317.135475200004],"[""molar_amount_to_mass_by_exact_molecular_weight""]","[""molar_amount_to_mass_by_exact_molecular_weight""]",[],[],[],[48317.135475200004],[1.0],[100.0],[1.0],[],[],[],hierarchical_mole_internal_mass_blend_v1,RDKit.Chem.rdMolDescriptors.CalcExactMolWt,2022.09.5,"[null,null]","[null,null,null,null]",True
10.1016/j.polymdegradstab.2014.05.002,homopolymer,,,,[H]Oc1ccc(cc1)c1ccc(cc1)Oc1ccc(cc1)P(=O)(c1ccc(cc1)[H])c1ccccc1,,,,100.0,,,,0.0,,,,,217.0,68d85085201e4118ee0e171b4d637412b59d2db48ac7b3730cf2cdb2456e694b,133,46213.8481226,100.0,homopolymer,,,passed,1,"[""mol1""]","[""mol1""]",[462.138481226],[462.138481226],[100.0],[100.0],[1.0],[1.0],[46213.8481226],"[""molar_amount_to_mass_by_exact_molecular_weight""]","[""molar_amount_to_mass_by_exact_molecular_weight""]",[],[],[],[46213.8481226],[1.0],[100.0],[1.0],[],[],[],hierarchical_mole_internal_mass_blend_v1,RDKit.Chem.rdMolDescriptors.CalcExactMolWt,2022.09.5,"[null,null]","[null,null,null,null]",True
10.1016/j.polymdegradstab.2014.05.002,homopolymer,,,,[H]Oc1ccc(cc1)c1ccc(cc1)Oc1ccc(cc1C(F)(F)F)P(=O)(c1ccc(c(c1)C(F)(F)F)[H])c1ccccc1,,,,100.0,,,,0.0,,,,,218.0,b66709612d028983ac8924ef46d19a495ed644973c599e958f988d3817d4e4db,134,59811.3250482,100.0,homopolymer,,,passed,1,"[""mol1""]","[""mol1""]",[598.113250482],[598.113250482],[100.0],[100.0],[1.0],[1.0],[59811.3250482],"[""molar_amount_to_mass_by_exact_molecular_weight""]","[""molar_amount_to_mass_by_exact_molecular_weight""]",[],[],[],[59811.3250482],[1.0],[100.0],[1.0],[],[],[],hierarchical_mole_internal_mass_blend_v1,RDKit.Chem.rdMolDescriptors.CalcExactMolWt,2022.09.5,"[null,null]","[null,null,null,null]",True
10.1016/j.polymdegradstab.2014.05.002,homopolymer,,,,COc1ccc(cc1)P(=O)(c1ccc(c(c1)C(F)(F)F)[H])c1ccc(c(c1)C(F)(F)F)Oc1ccc(cc1)c1ccc(cc1)O[H],,,,100.0,,,,0.0,,,,,225.0,96d0affa97fdf4c30c76ace4badc979177255c6bf675c41bbb74402cd57b1ecc,135,62812.381516599984,100.0,homopolymer,,,passed,1,"[""mol1""]","[""mol1""]",[628.1238151659999],[628.1238151659999],[100.0],[100.0],[1.0],[1.0],[62812.381516599984],"[""molar_amount_to_mass_by_exact_molecular_weight""]","[""molar_amount_to_mass_by_exact_molecular_weight""]",[],[],[],[62812.381516599984],[1.0],[100.0],[1.0],[],[],[],hierarchical_mole_internal_mass_blend_v1,RDKit.Chem.rdMolDescriptors.CalcExactMolWt,2022.09.5,"[null,null]","[null,null,null,null]",True
10.1080/15685551.2013.771316,homopolymer,,,,[H]NC1=CC=C(C=C1)C2=CC(C3=CC=C(C=C3)N(C)C)=CC(C4=CC=C(C=C4)NC(CCCCC([H])=O)=O)=N2,,,,100.0,,,,0.0,,,,,138.0,34ea128367052d504a265f56faf9bbeba10f418f13bd17900b6e69f5cd11f281,136,49225.2526264,100.0,homopolymer,,,passed,1,"[""mol1""]","[""mol1""]",[492.252526264],[492.252526264],[100.0],[100.0],[1.0],[1.0],[49225.2526264],"[""molar_amount_to_mass_by_exact_molecular_weight""]","[""molar_amount_to_mass_by_exact_molecular_weight""]",[],[],[],[49225.2526264],[1.0],[100.0],[1.0],[],[],[],hierarchical_mole_internal_mass_blend_v1,RDKit.Chem.rdMolDescriptors.CalcExactMolWt,2022.09.5,"[null,null]","[null,null,null,null]",True
10.1016/j.polymer.2008.05.013,homopolymer,,,,[H]NC1=CC=C(S(C(C=C2)=CC=C2N(C(C3=CC(C([H])=O)=CC(N(C(C4=CC=C(C=C4)N(C([C@](C)(N5C(C6=CC=CC=C6C5=O)=O)[H])=O)[H])=O)[H])=C3)=O)[H])(=O)=O)C=C1,,,,100.0,,,,0.0,,,,,208.0,1de32d69d9149fb0bb635f551299bfbf0080936ee622463c73017905fe0fe8eb,137,71517.36838880004,100.0,homopolymer,,,passed,1,"[""mol1""]","[""mol1""]",[715.1736838880004],[715.1736838880004],[100.0],[100.0],[1.0],[1.0],[71517.36838880004],"[""molar_amount_to_mass_by_exact_molecular_weight""]","[""molar_amount_to_mass_by_exact_molecular_weight""]",[],[],[],[71517.36838880004],[1.0],[100.0],[1.0],[],[],[],hierarchical_mole_internal_mass_blend_v1,RDKit.Chem.rdMolDescriptors.CalcExactMolWt,2022.09.5,"[null,null]","[null,null,null,null]",True
10.1177/0954008311424804,homopolymer,,,,[H]Nc1ccc(cc1)C1C(=O)c2c(C1=O)cc(cc2)C(=O)NC(=S)Nc1ccc(cc1)NC(=O)CCCCC(=O)[H],,,,100.0,,,,0.0,,,,,288.0,19fe56e811ef4a5a8455e53170ef2e0c8a54b6612ad0f7c75c9aec41a1f61550,138,54216.23909320001,100.0,homopolymer,,,passed,1,"[""mol1""]","[""mol1""]",[542.1623909320001],[542.1623909320001],[100.0],[100.0],[1.0],[1.0],[54216.23909320001],"[""molar_amount_to_mass_by_exact_molecular_weight""]","[""molar_amount_to_mass_by_exact_molecular_weight""]",[],[],[],[54216.23909320001],[1.0],[100.0],[1.0],[],[],[],hierarchical_mole_internal_mass_blend_v1,RDKit.Chem.rdMolDescriptors.CalcExactMolWt,2022.09.5,"[null,null]","[null,null,null,null]",True
10.1177/0954008311424804,homopolymer,,,,[H]Nc1ccc(cc1)C1C(=O)c2c(C1=O)cc(cc2)C(=O)NC(=S)Nc1ccc(cc1)NC(=O)CCCCCCCCC(=O)[H],,,,100.0,,,,0.0,,,,,286.0,c9764910b3e8bec8355a3ec86bc08eb97a76f7699b013daacc5b6c84880e6c04,139,59822.49911880002,100.0,homopolymer,,,passed,1,"[""mol1""]","[""mol1""]",[598.2249911880002],[598.2249911880002],[100.0],[100.0],[1.0],[1.0],[59822.49911880002],"[""molar_amount_to_mass_by_exact_molecular_weight""]","[""molar_amount_to_mass_by_exact_molecular_weight""]",[],[],[],[59822.49911880002],[1.0],[100.0],[1.0],[],[],[],hierarchical_mole_internal_mass_blend_v1,RDKit.Chem.rdMolDescriptors.CalcExactMolWt,2022.09.5,"[null,null]","[null,null,null,null]",True
10.1177/0954008320910807,homopolymer,,,,[H]Nc1ccc(cc1)c1nc(cc(c1)c1ccc(cc1)P(c1ccccc1)c1ccccc1)c1ccc(cc1)NC(=O)c1ccc(cc1)Oc1ccc(cc1)C(=O)[H],,,,100.0,,,,0.0,,,,,320.0,6ec2052d5c0eecd664bb9194970f0e9bd863190faad1d7333cf5f7ca6fb36f54,140,74524.94286420001,100.0,homopolymer,,,passed,1,"[""mol1""]","[""mol1""]",[745.2494286420001],[745.2494286420001],[100.0],[100.0],[1.0],[1.0],[74524.94286420001],"[""molar_amount_to_mass_by_exact_molecular_weight""]","[""molar_amount_to_mass_by_exact_molecular_weight""]",[],[],[],[74524.94286420001],[1.0],[100.0],[1.0],[],[],[],hierarchical_mole_internal_mass_blend_v1,RDKit.Chem.rdMolDescriptors.CalcExactMolWt,2022.09.5,"[null,null]","[null,null,null,null]",True
10.1177/0954008320910807,homopolymer,,,,[H]Nc1ccc(cc1)c1nc(cc(c1)c1ccc(cc1)P(c1ccccc1)c1ccccc1)c1ccc(cc1)NC(=O)c1ccc(cc1)Oc1ccc(cc1)C(=O)[H],,,,100.0,,,,0.0,,,,,320.0,6ec2052d5c0eecd664bb9194970f0e9bd863190faad1d7333cf5f7ca6fb36f54,141,74524.94286420001,100.0,homopolymer,,,passed,1,"[""mol1""]","[""mol1""]",[745.2494286420001],[745.2494286420001],[100.0],[100.0],[1.0],[1.0],[74524.94286420001],"[""molar_amount_to_mass_by_exact_molecular_weight""]","[""molar_amount_to_mass_by_exact_molecular_weight""]",[],[],[],[74524.94286420001],[1.0],[100.0],[1.0],[],[],[],hierarchical_mole_internal_mass_blend_v1,RDKit.Chem.rdMolDescriptors.CalcExactMolWt,2022.09.5,"[null,null]","[null,null,null,null]",True
10.1177/0954008320910807,homopolymer,,,,[H]Nc1ccc(cc1)c1nc(cc(c1)c1ccc(cc1)P(c1ccccc1)c1ccccc1)c1ccc(cc1)NC(=O)c1cccc(c1)C(=O)[H],,,,100.0,,,,0.0,,,,,323.0,e1a4219c0adee36b8a737ce2597d0017c6ffb691183b850f57f63fdd078fe52e,142,65322.32138940001,100.0,homopolymer,,,passed,1,"[""mol1""]","[""mol1""]",[653.2232138940001],[653.2232138940001],[100.0],[100.0],[1.0],[1.0],[65322.32138940001],"[""molar_amount_to_mass_by_exact_molecular_weight""]","[""molar_amount_to_mass_by_exact_molecular_weight""]",[],[],[],[65322.32138940001],[1.0],[100.0],[1.0],[],[],[],hierarchical_mole_internal_mass_blend_v1,RDKit.Chem.rdMolDescriptors.CalcExactMolWt,2022.09.5,"[null,null]","[null,null,null,null]",True
10.1080/1023666X.2021.1891379,homopolymer,,,,[H]Nc1ccc(cc1)Cc1ccc(cc1)NC(=O)Cc1ccc(cc1)Oc1cccc(n1)Oc1ccc(cc1)CC(=O)[H],,,,100.0,,,,0.0,,,,,193.1,d2f797f7ee2b031dea6477edaa7317c44d298271717ab83200f6f246a465b077,143,54321.58064079999,100.0,homopolymer,,,passed,1,"[""mol1""]","[""mol1""]",[543.2158064079999],[543.2158064079999],[100.0],[100.0],[1.0],[1.0],[54321.58064079999],"[""molar_amount_to_mass_by_exact_molecular_weight""]","[""molar_amount_to_mass_by_exact_molecular_weight""]",[],[],[],[54321.58064079999],[1.0],[100.0],[1.0],[],[],[],hierarchical_mole_internal_mass_blend_v1,RDKit.Chem.rdMolDescriptors.CalcExactMolWt,2022.09.5,"[null,null]","[null,null,null,null]",True
10.1080/1023666X.2021.1891379,homopolymer,,,,[H]Nc1ccc(cc1)Cc1ccc(cc1)NC(=O)Cc1ccc(cc1)Oc1cccc(n1)Oc1ccc(cc1)CC(=O)[H],,,,100.0,,,,0.0,,,,,193.1,d2f797f7ee2b031dea6477edaa7317c44d298271717ab83200f6f246a465b077,144,54321.58064079999,100.0,homopolymer,,,passed,1,"[""mol1""]","[""mol1""]",[543.2158064079999],[543.2158064079999],[100.0],[100.0],[1.0],[1.0],[54321.58064079999],"[""molar_amount_to_mass_by_exact_molecular_weight""]","[""molar_amount_to_mass_by_exact_molecular_weight""]",[],[],[],[54321.58064079999],[1.0],[100.0],[1.0],[],[],[],hierarchical_mole_internal_mass_blend_v1,RDKit.Chem.rdMolDescriptors.CalcExactMolWt,2022.09.5,"[null,null]","[null,null,null,null]",True
10.1080/15685551.2020.1795435,homopolymer,,,,[H]Nc1ccc(cc1)Cc1ccc(cc1)NC(=O)Cc1ccc(cc1)Oc1nc(Oc2ccccc2)nc(n1)Oc1ccc(cc1)CC(=O)[H],,,,100.0,,,,0.0,,,,,188.0,f8018af2cc60d02daf11a5f30bb526a47da0328f106a0d0df69da0bce1bd3a13,145,63723.25190919999,100.0,homopolymer,,,passed,1,"[""mol1""]","[""mol1""]",[637.232519092],[637.232519092],[100.0],[100.0],[1.0],[1.0],[63723.25190919999],"[""molar_amount_to_mass_by_exact_molecular_weight""]","[""molar_amount_to_mass_by_exact_molecular_weight""]",[],[],[],[63723.25190919999],[1.0],[100.0],[1.0],[],[],[],hierarchical_mole_internal_mass_blend_v1,RDKit.Chem.rdMolDescriptors.CalcExactMolWt,2022.09.5,"[null,null]","[null,null,null,null]",True
10.1080/15685551.2020.1795435,homopolymer,,,,[H]Nc1ccc(cc1)Cc1ccc(cc1)NC(=O)Cc1ccc(cc1)Oc1nc(Oc2ccccc2)nc(n1)Oc1ccc(cc1)CC(=O)[H],,,,100.0,,,,0.0,,,,,188.0,f8018af2cc60d02daf11a5f30bb526a47da0328f106a0d0df69da0bce1bd3a13,146,63723.25190919999,100.0,homopolymer,,,passed,1,"[""mol1""]","[""mol1""]",[637.232519092],[637.232519092],[100.0],[100.0],[1.0],[1.0],[63723.25190919999],"[""molar_amount_to_mass_by_exact_molecular_weight""]","[""molar_amount_to_mass_by_exact_molecular_weight""]",[],[],[],[63723.25190919999],[1.0],[100.0],[1.0],[],[],[],hierarchical_mole_internal_mass_blend_v1,RDKit.Chem.rdMolDescriptors.CalcExactMolWt,2022.09.5,"[null,null]","[null,null,null,null]",True
10.1080/15685551.2020.1795435,homopolymer,,,,[H]Nc1ccc(cc1)NC(=O)Cc1ccc(cc1)Oc1nc(Oc2ccccc2)nc(n1)Oc1ccc(cc1)CC(=O)[H],,,,100.0,,,,0.0,,,,,200.0,7d16a1060bb82b98d45f01034ebac644c65d38343143baeca6c06b0473152414,147,54718.55689,100.0,homopolymer,,,passed,1,"[""mol1""]","[""mol1""]",[547.1855689],[547.1855689],[100.0],[100.0],[1.0],[1.0],[54718.55689],"[""molar_amount_to_mass_by_exact_molecular_weight""]","[""molar_amount_to_mass_by_exact_molecular_weight""]",[],[],[],[54718.55689],[1.0],[100.0],[1.0],[],[],[],hierarchical_mole_internal_mass_blend_v1,RDKit.Chem.rdMolDescriptors.CalcExactMolWt,2022.09.5,"[null,null]","[null,null,null,null]",True
10.1080/15685551.2020.1795435,homopolymer,,,,[H]Nc1ccc(cc1)NC(=O)Cc1ccc(cc1)Oc1nc(Oc2ccccc2)nc(n1)Oc1ccc(cc1)CC(=O)[H],,,,100.0,,,,0.0,,,,,200.0,7d16a1060bb82b98d45f01034ebac644c65d38343143baeca6c06b0473152414,148,54718.55689,100.0,homopolymer,,,passed,1,"[""mol1""]","[""mol1""]",[547.1855689],[547.1855689],[100.0],[100.0],[1.0],[1.0],[54718.55689],"[""molar_amount_to_mass_by_exact_molecular_weight""]","[""molar_amount_to_mass_by_exact_molecular_weight""]",[],[],[],[54718.55689],[1.0],[100.0],[1.0],[],[],[],hierarchical_mole_internal_mass_blend_v1,RDKit.Chem.rdMolDescriptors.CalcExactMolWt,2022.09.5,"[null,null]","[null,null,null,null]",True
10.1080/1023666X.2021.1891379,homopolymer,,,,[H]Nc1ccc(cc1)Oc1ccc(cc1)NC(=O)Cc1ccc(cc1)Oc1cccc(n1)Oc1ccc(cc1)CC(=O)[H],,,,100.0,,,,0.0,,,,,194.42,21cc1d77aa158cf6bb8fe6e7001d527def1d2e803f0b469170298da6ac53ea0b,149,54519.50709639999,100.0,homopolymer,,,passed,1,"[""mol1""]","[""mol1""]",[545.1950709639999],[545.1950709639999],[100.0],[100.0],[1.0],[1.0],[54519.50709639999],"[""molar_amount_to_mass_by_exact_molecular_weight""]","[""molar_amount_to_mass_by_exact_molecular_weight""]",[],[],[],[54519.50709639999],[1.0],[100.0],[1.0],[],[],[],hierarchical_mole_internal_mass_blend_v1,RDKit.Chem.rdMolDescriptors.CalcExactMolWt,2022.09.5,"[null,null]","[null,null,null,null]",True
10.1080/1023666X.2021.1891379,homopolymer,,,,[H]Nc1ccc(cc1)Oc1ccc(cc1)NC(=O)Cc1ccc(cc1)Oc1cccc(n1)Oc1ccc(cc1)CC(=O)[H],,,,100.0,,,,0.0,,,,,194.42,21cc1d77aa158cf6bb8fe6e7001d527def1d2e803f0b469170298da6ac53ea0b,150,54519.50709639999,100.0,homopolymer,,,passed,1,"[""mol1""]","[""mol1""]",[545.1950709639999],[545.1950709639999],[100.0],[100.0],[1.0],[1.0],[54519.50709639999],"[""molar_amount_to_mass_by_exact_molecular_weight""]","[""molar_amount_to_mass_by_exact_molecular_weight""]",[],[],[],[54519.50709639999],[1.0],[100.0],[1.0],[],[],[],hierarchical_mole_internal_mass_blend_v1,RDKit.Chem.rdMolDescriptors.CalcExactMolWt,2022.09.5,"[null,null]","[null,null,null,null]",True
10.1080/15685551.2020.1795435,homopolymer,,,,[H]Nc1ccc(cc1)Oc1ccc(cc1)NC(=O)Cc1ccc(cc1)Oc1nc(Oc2ccccc2)nc(n1)Oc1ccc(cc1)CC(=O)[H],,,,100.0,,,,0.0,,,,,223.0,cb550d7fb03499f78d7ca1f82183fff299eac071f5e329e92680c352cd43e167,151,63921.178364800006,100.0,homopolymer,,,passed,1,"[""mol1""]","[""mol1""]",[639.211783648],[639.211783648],[100.0],[100.0],[1.0],[1.0],[63921.178364800006],"[""molar_amount_to_mass_by_exact_molecular_weight""]","[""molar_amount_to_mass_by_exact_molecular_weight""]",[],[],[],[63921.178364800006],[1.0],[100.0],[1.0],[],[],[],hierarchical_mole_internal_mass_blend_v1,RDKit.Chem.rdMolDescriptors.CalcExactMolWt,2022.09.5,"[null,null]","[null,null,null,null]",True
10.1080/15685551.2020.1795435,homopolymer,,,,[H]Nc1ccc(cc1)Oc1ccc(cc1)NC(=O)Cc1ccc(cc1)Oc1nc(Oc2ccccc2)nc(n1)Oc1ccc(cc1)CC(=O)[H],,,,100.0,,,,0.0,,,,,223.0,cb550d7fb03499f78d7ca1f82183fff299eac071f5e329e92680c352cd43e167,152,63921.178364800006,100.0,homopolymer,,,passed,1,"[""mol1""]","[""mol1""]",[639.211783648],[639.211783648],[100.0],[100.0],[1.0],[1.0],[63921.178364800006],"[""molar_amount_to_mass_by_exact_molecular_weight""]","[""molar_amount_to_mass_by_exact_molecular_weight""]",[],[],[],[63921.178364800006],[1.0],[100.0],[1.0],[],[],[],hierarchical_mole_internal_mass_blend_v1,RDKit.Chem.rdMolDescriptors.CalcExactMolWt,2022.09.5,"[null,null]","[null,null,null,null]",True
10.1007/s10965-017-1184-9,homopolymer,,,,[H]Nc1ccc(cc1)S(=O)(=O)c1ccc(cc1)NC(=O)c1ccc(cc1)Nc1nc(Nc2ccc(cc2)C(=O)[H])nc(n1)N1CCOCC1,,,,100.0,,,,0.0,,,,,223.0,9d82a08c948d9b7d9372dab433ac1598021706745dbfd57961be4a447fc8a3e0,153,65020.59870600001,100.0,homopolymer,,,passed,1,"[""mol1""]","[""mol1""]",[650.2059870600001],[650.2059870600001],[100.0],[100.0],[1.0],[1.0],[65020.59870600001],"[""molar_amount_to_mass_by_exact_molecular_weight""]","[""molar_amount_to_mass_by_exact_molecular_weight""]",[],[],[],[65020.59870600001],[1.0],[100.0],[1.0],[],[],[],hierarchical_mole_internal_mass_blend_v1,RDKit.Chem.rdMolDescriptors.CalcExactMolWt,2022.09.5,"[null,null]","[null,null,null,null]",True
10.1007/s10965-017-1184-9,homopolymer,,,,[H]Nc1ccc(cc1)S(=O)(=O)c1ccc(cc1)NC(=O)c1ccc(cc1)Nc1nc(Nc2ccc(cc2)C(=O)[H])nc(n1)N1CCOCC1,,,,100.0,,,,0.0,,,,,223.0,9d82a08c948d9b7d9372dab433ac1598021706745dbfd57961be4a447fc8a3e0,154,65020.59870600001,100.0,homopolymer,,,passed,1,"[""mol1""]","[""mol1""]",[650.2059870600001],[650.2059870600001],[100.0],[100.0],[1.0],[1.0],[65020.59870600001],"[""molar_amount_to_mass_by_exact_molecular_weight""]","[""molar_amount_to_mass_by_exact_molecular_weight""]",[],[],[],[65020.59870600001],[1.0],[100.0],[1.0],[],[],[],hierarchical_mole_internal_mass_blend_v1,RDKit.Chem.rdMolDescriptors.CalcExactMolWt,2022.09.5,"[null,null]","[null,null,null,null]",True
10.1080/15685551.2020.1795435,homopolymer,,,,[H]Nc1ccc(cc1)S(=O)(=O)c1ccc(cc1)NC(=O)Cc1ccc(cc1)Oc1nc(Oc2ccccc2)nc(n1)Oc1ccc(cc1)CC(=O)[H],,,,100.0,,,,0.0,,,,,196.0,2cd2c32f16d9826b5ea86abb94bf4f96a316a17cca1d7c88ce8c15ac4afe2f92,155,68717.87692680002,100.0,homopolymer,,,passed,1,"[""mol1""]","[""mol1""]",[687.1787692680001],[687.1787692680001],[100.0],[100.0],[1.0],[1.0],[68717.87692680002],"[""molar_amount_to_mass_by_exact_molecular_weight""]","[""molar_amount_to_mass_by_exact_molecular_weight""]",[],[],[],[68717.87692680002],[1.0],[100.0],[1.0],[],[],[],hierarchical_mole_internal_mass_blend_v1,RDKit.Chem.rdMolDescriptors.CalcExactMolWt,2022.09.5,"[null,null]","[null,null,null,null]",True
10.1080/15685551.2020.1795435,homopolymer,,,,[H]Nc1ccc(cc1)S(=O)(=O)c1ccc(cc1)NC(=O)Cc1ccc(cc1)Oc1nc(Oc2ccccc2)nc(n1)Oc1ccc(cc1)CC(=O)[H],,,,100.0,,,,0.0,,,,,196.0,2cd2c32f16d9826b5ea86abb94bf4f96a316a17cca1d7c88ce8c15ac4afe2f92,156,68717.87692680002,100.0,homopolymer,,,passed,1,"[""mol1""]","[""mol1""]",[687.1787692680001],[687.1787692680001],[100.0],[100.0],[1.0],[1.0],[68717.87692680002],"[""molar_amount_to_mass_by_exact_molecular_weight""]","[""molar_amount_to_mass_by_exact_molecular_weight""]",[],[],[],[68717.87692680002],[1.0],[100.0],[1.0],[],[],[],hierarchical_mole_internal_mass_blend_v1,RDKit.Chem.rdMolDescriptors.CalcExactMolWt,2022.09.5,"[null,null]","[null,null,null,null]",True
10.1080/1023666X.2021.1891379,homopolymer,,,,[H]Nc1cccc(c1)NC(=O)Cc1ccc(cc1)Oc1cccc(n1)Oc1ccc(cc1)CC(=O)[H],,,,100.0,,,,0.0,,,,,198.7,65a1c2436f5628b10597d44094a4532101d1b6e8de934056d425f4b3704c7c4d,157,45316.8856216,100.0,homopolymer,,,passed,1,"[""mol1""]","[""mol1""]",[453.168856216],[453.168856216],[100.0],[100.0],[1.0],[1.0],[45316.8856216],"[""molar_amount_to_mass_by_exact_molecular_weight""]","[""molar_amount_to_mass_by_exact_molecular_weight""]",[],[],[],[45316.8856216],[1.0],[100.0],[1.0],[],[],[],hierarchical_mole_internal_mass_blend_v1,RDKit.Chem.rdMolDescriptors.CalcExactMolWt,2022.09.5,"[null,null]","[null,null,null,null]",True
10.1080/1023666X.2021.1891379,homopolymer,,,,[H]Nc1cccc(c1)NC(=O)Cc1ccc(cc1)Oc1cccc(n1)Oc1ccc(cc1)CC(=O)[H],,,,100.0,,,,0.0,,,,,198.7,65a1c2436f5628b10597d44094a4532101d1b6e8de934056d425f4b3704c7c4d,158,45316.8856216,100.0,homopolymer,,,passed,1,"[""mol1""]","[""mol1""]",[453.168856216],[453.168856216],[100.0],[100.0],[1.0],[1.0],[45316.8856216],"[""molar_amount_to_mass_by_exact_molecular_weight""]","[""molar_amount_to_mass_by_exact_molecular_weight""]",[],[],[],[45316.8856216],[1.0],[100.0],[1.0],[],[],[],hierarchical_mole_internal_mass_blend_v1,RDKit.Chem.rdMolDescriptors.CalcExactMolWt,2022.09.5,"[null,null]","[null,null,null,null]",True
10.1080/15685551.2020.1795435,homopolymer,,,,[H]Nc1cccc(c1)NC(=O)Cc1ccc(cc1)Oc1nc(Oc2ccccc2)nc(n1)Oc1ccc(cc1)CC(=O)[H],,,,100.0,,,,0.0,,,,,149.0,e26efa542f69da2709dd670f2ab514f42dfef4fc03c252d126b531b2e90c6cb6,159,54718.55689,100.0,homopolymer,,,passed,1,"[""mol1""]","[""mol1""]",[547.1855689],[547.1855689],[100.0],[100.0],[1.0],[1.0],[54718.55689],"[""molar_amount_to_mass_by_exact_molecular_weight""]","[""molar_amount_to_mass_by_exact_molecular_weight""]",[],[],[],[54718.55689],[1.0],[100.0],[1.0],[],[],[],hierarchical_mole_internal_mass_blend_v1,RDKit.Chem.rdMolDescriptors.CalcExactMolWt,2022.09.5,"[null,null]","[null,null,null,null]",True
10.1080/15685551.2020.1795435,homopolymer,,,,[H]Nc1cccc(c1)NC(=O)Cc1ccc(cc1)Oc1nc(Oc2ccccc2)nc(n1)Oc1ccc(cc1)CC(=O)[H],,,,100.0,,,,0.0,,,,,149.0,e26efa542f69da2709dd670f2ab514f42dfef4fc03c252d126b531b2e90c6cb6,160,54718.55689,100.0,homopolymer,,,passed,1,"[""mol1""]","[""mol1""]",[547.1855689],[547.1855689],[100.0],[100.0],[1.0],[1.0],[54718.55689],"[""molar_amount_to_mass_by_exact_molecular_weight""]","[""molar_amount_to_mass_by_exact_molecular_weight""]",[],[],[],[54718.55689],[1.0],[100.0],[1.0],[],[],[],hierarchical_mole_internal_mass_blend_v1,RDKit.Chem.rdMolDescriptors.CalcExactMolWt,2022.09.5,"[null,null]","[null,null,null,null]",True
10.1007/s00289-011-0544-6,homopolymer,,,,[H]Nc1cccc(c1)P(=O)(c1ccccc1)c1cccc(c1)NC(=O)c1ccc(cc1)OCCCCOc1ccc(cc1)C(=O)[H],,,,100.0,,,,0.0,,,,,165.0,7b73ca0fa4a5528d9b63616e77c6d64ed72d862257783b8a02dd179244269078,161,60421.2708786,100.0,homopolymer,,,passed,1,"[""mol1""]","[""mol1""]",[604.212708786],[604.212708786],[100.0],[100.0],[1.0],[1.0],[60421.2708786],"[""molar_amount_to_mass_by_exact_molecular_weight""]","[""molar_amount_to_mass_by_exact_molecular_weight""]",[],[],[],[60421.2708786],[1.0],[100.0],[1.0],[],[],[],hierarchical_mole_internal_mass_blend_v1,RDKit.Chem.rdMolDescriptors.CalcExactMolWt,2022.09.5,"[null,null]","[null,null,null,null]",True
10.1016/S0141-3910(01)00251-8,homopolymer,,,,[H]NCCCCCCCCCCNC(=O)c1ccc(cc1)C(=O)[H],,,,100.0,,,,0.0,,,,,144.4697548,ab001af14a46914ba02f83f1dde94e8e0c465862fd68ef7053c85345fb3396b4,162,30421.507813599994,100.0,homopolymer,,,passed,1,"[""mol1""]","[""mol1""]",[304.21507813599993],[304.21507813599993],[100.0],[100.0],[1.0],[1.0],[30421.507813599994],"[""molar_amount_to_mass_by_exact_molecular_weight""]","[""molar_amount_to_mass_by_exact_molecular_weight""]",[],[],[],[30421.507813599994],[1.0],[100.0],[1.0],[],[],[],hierarchical_mole_internal_mass_blend_v1,RDKit.Chem.rdMolDescriptors.CalcExactMolWt,2022.09.5,"[null,null]","[null,null,null,null]",True
10.1016/j.polymdegradstab.2011.12.002,homopolymer,,,,[H]OC(=O)c1cc(cc(c1)C(=O)c1ccc(cc1)[H])NS(=O)(=O)CCN1C(=O)c2c(C1=O)c(Cl)c(c(c2Cl)Cl)Cl,,,,100.0,,,,0.0,,,,,180.51,14ae297bc97b35573cdffd8f4270311856d85e9b3dc231bad4933a47679beaa3,163,61392.7582508,100.0,homopolymer,,,passed,1,"[""mol1""]","[""mol1""]",[613.927582508],[613.927582508],[100.0],[100.0],[1.0],[1.0],[61392.7582508],"[""molar_amount_to_mass_by_exact_molecular_weight""]","[""molar_amount_to_mass_by_exact_molecular_weight""]",[],[],[],[61392.7582508],[1.0],[100.0],[1.0],[],[],[],hierarchical_mole_internal_mass_blend_v1,RDKit.Chem.rdMolDescriptors.CalcExactMolWt,2022.09.5,"[null,null]","[null,null,null,null]",True
10.1016/j.polymdegradstab.2011.12.002,homopolymer,,,,[H]OC(=O)c1cc(cc(c1)C(=O)c1ccc(cc1)c1ccc(cc1)[H])NS(=O)(=O)CCN1C(=O)c2c(C1=O)c(Cl)c(c(c2Cl)Cl)Cl,,,,100.0,,,,0.0,,,,,183.56,c2f596a36244377538e3de1cc9c6c62564eecf987466d2584f51054a374837d9,164,68995.8882636,100.0,homopolymer,,,passed,1,"[""mol1""]","[""mol1""]",[689.958882636],[689.958882636],[100.0],[100.0],[1.0],[1.0],[68995.8882636],"[""molar_amount_to_mass_by_exact_molecular_weight""]","[""molar_amount_to_mass_by_exact_molecular_weight""]",[],[],[],[68995.8882636],[1.0],[100.0],[1.0],[],[],[],hierarchical_mole_internal_mass_blend_v1,RDKit.Chem.rdMolDescriptors.CalcExactMolWt,2022.09.5,"[null,null]","[null,null,null,null]",True
10.1002/(SICI)1097-4628(19970110)63:2<195::AID-APP7>3.0.CO;2-Q,homopolymer,,,,[H]Oc1c(Br)cc(cc1Br)S(=O)(=O)c1cc(Br)c(c(c1)Br)OC(=O)[H],,,,100.0,,,,0.0,,,,,196.0,05400e046c520511b0c12bb6a07143517c8c3f68874ec2f0f6eda64a7ba0b69f,165,58966.694269200016,100.0,homopolymer,,,passed,1,"[""mol1""]","[""mol1""]",[589.6669426920001],[589.6669426920001],[100.0],[100.0],[1.0],[1.0],[58966.694269200016],"[""molar_amount_to_mass_by_exact_molecular_weight""]","[""molar_amount_to_mass_by_exact_molecular_weight""]",[],[],[],[58966.694269200016],[1.0],[100.0],[1.0],[],[],[],hierarchical_mole_internal_mass_blend_v1,RDKit.Chem.rdMolDescriptors.CalcExactMolWt,2022.09.5,"[null,null]","[null,null,null,null]",True
10.1177/0954008312442425,homopolymer,,,,[H]Oc1ccc(c(c1)c1ccc(cc1)Br)Oc1ccc(cc1)C(=O)c1ccc(cc1)C(=O)c1ccc(cc1)[H],,,,100.0,,,,0.0,,,,,176.0,51950bd950a177ef0eacf3d4e3784bfb638e6611fc7272d9f80ecd9c90385e85,166,54806.2321252,100.0,homopolymer,,,passed,1,"[""mol1""]","[""mol1""]",[548.062321252],[548.062321252],[100.0],[100.0],[1.0],[1.0],[54806.2321252],"[""molar_amount_to_mass_by_exact_molecular_weight""]","[""molar_amount_to_mass_by_exact_molecular_weight""]",[],[],[],[54806.2321252],[1.0],[100.0],[1.0],[],[],[],hierarchical_mole_internal_mass_blend_v1,RDKit.Chem.rdMolDescriptors.CalcExactMolWt,2022.09.5,"[null,null]","[null,null,null,null]",True
10.1177/0954008312442425,homopolymer,,,,[H]Oc1ccc(c(c1)c1ccc(cc1)Br)Oc1ccc(cc1)c1ccc(cc1)C(=O)c1ccc(cc1)[H],,,,100.0,,,,0.0,,,,,175.0,1d28885176f6eeeed3dfb925ee31f98c98edeb788696eacd0f89cdaa5baeafea,167,52006.74066319999,100.0,homopolymer,,,passed,1,"[""mol1""]","[""mol1""]",[520.0674066319999],[520.0674066319999],[100.0],[100.0],[1.0],[1.0],[52006.74066319999],"[""molar_amount_to_mass_by_exact_molecular_weight""]","[""molar_amount_to_mass_by_exact_molecular_weight""]",[],[],[],[52006.74066319999],[1.0],[100.0],[1.0],[],[],[],hierarchical_mole_internal_mass_blend_v1,RDKit.Chem.rdMolDescriptors.CalcExactMolWt,2022.09.5,"[null,null]","[null,null,null,null]",True
10.1177/0954008312442425,homopolymer,,,,[H]Oc1ccc(c(c1)c1ccc(cc1)Cl)Oc1ccc(cc1)C(=O)c1ccc(cc1)C(=O)c1ccc(cc1)[H],,,,100.0,,,,0.0,,,,,172.0,c83d2a157f5a576ae6e5e8a05593082aa40fa6352626c749e966fa475d32f5eb,168,50411.283683199996,100.0,homopolymer,,,passed,1,"[""mol1""]","[""mol1""]",[504.11283683199997],[504.11283683199997],[100.0],[100.0],[1.0],[1.0],[50411.283683199996],"[""molar_amount_to_mass_by_exact_molecular_weight""]","[""molar_amount_to_mass_by_exact_molecular_weight""]",[],[],[],[50411.283683199996],[1.0],[100.0],[1.0],[],[],[],hierarchical_mole_internal_mass_blend_v1,RDKit.Chem.rdMolDescriptors.CalcExactMolWt,2022.09.5,"[null,null]","[null,null,null,null]",True
10.1177/0954008312442425,homopolymer,,,,[H]Oc1ccc(c(c1)c1ccc(cc1)Cl)Oc1ccc(cc1)c1ccc(cc1)C(=O)c1ccc(cc1)[H],,,,100.0,,,,0.0,,,,,172.0,ebd3a42a1a7d6aff30dc87110a31f4369995792e0d9bb5d5201fce2b64812712,169,47611.7922212,100.0,homopolymer,,,passed,1,"[""mol1""]","[""mol1""]",[476.117922212],[476.117922212],[100.0],[100.0],[1.0],[1.0],[47611.7922212],"[""molar_amount_to_mass_by_exact_molecular_weight""]","[""molar_amount_to_mass_by_exact_molecular_weight""]",[],[],[],[47611.7922212],[1.0],[100.0],[1.0],[],[],[],hierarchical_mole_internal_mass_blend_v1,RDKit.Chem.rdMolDescriptors.CalcExactMolWt,2022.09.5,"[null,null]","[null,null,null,null]",True
10.1177/0954008312442425,homopolymer,,,,[H]Oc1ccc(c(c1)c1ccc(cc1)F)Oc1ccc(cc1)C(=O)c1ccc(cc1)C(=O)c1ccc(cc1)[H],,,,100.0,,,,0.0,,,,,171.0,515ffcdce354cdb88d41007073cf4e35ba9aca109d219f94694ee2d428fe93f7,170,48814.238737199994,100.0,homopolymer,,,passed,1,"[""mol1""]","[""mol1""]",[488.142387372],[488.142387372],[100.0],[100.0],[1.0],[1.0],[48814.238737199994],"[""molar_amount_to_mass_by_exact_molecular_weight""]","[""molar_amount_to_mass_by_exact_molecular_weight""]",[],[],[],[48814.238737199994],[1.0],[100.0],[1.0],[],[],[],hierarchical_mole_internal_mass_blend_v1,RDKit.Chem.rdMolDescriptors.CalcExactMolWt,2022.09.5,"[null,null]","[null,null,null,null]",True
10.1177/0954008312442425,homopolymer,,,,[H]Oc1ccc(c(c1)c1ccc(cc1)F)Oc1ccc(cc1)c1ccc(cc1)C(=O)c1ccc(cc1)[H],,,,100.0,,,,0.0,,,,,161.0,7cbd9c003d94066bc39ea2c3de25dc392b5e14a7eebedac87aaa32d74c30f819,171,46014.7472752,100.0,homopolymer,,,passed,1,"[""mol1""]","[""mol1""]",[460.147472752],[460.147472752],[100.0],[100.0],[1.0],[1.0],[46014.7472752],"[""molar_amount_to_mass_by_exact_molecular_weight""]","[""molar_amount_to_mass_by_exact_molecular_weight""]",[],[],[],[46014.7472752],[1.0],[100.0],[1.0],[],[],[],hierarchical_mole_internal_mass_blend_v1,RDKit.Chem.rdMolDescriptors.CalcExactMolWt,2022.09.5,"[null,null]","[null,null,null,null]",True
10.1177/0954008312442425,homopolymer,,,,[H]Oc1ccc(c(c1)c1ccccc1)Oc1ccc(cc1)C(=O)c1ccc(cc1)C(=O)c1ccc(cc1)[H],,,,100.0,,,,0.0,,,,,170.0,74519f536e583cad793bb84cabb4dbd12a68bcaa665c6c94d63cde43eb48e5df,172,47015.180918399994,100.0,homopolymer,,,passed,1,"[""mol1""]","[""mol1""]",[470.15180918399994],[470.15180918399994],[100.0],[100.0],[1.0],[1.0],[47015.180918399994],"[""molar_amount_to_mass_by_exact_molecular_weight""]","[""molar_amount_to_mass_by_exact_molecular_weight""]",[],[],[],[47015.180918399994],[1.0],[100.0],[1.0],[],[],[],hierarchical_mole_internal_mass_blend_v1,RDKit.Chem.rdMolDescriptors.CalcExactMolWt,2022.09.5,"[null,null]","[null,null,null,null]",True
10.1177/0954008312442425,homopolymer,,,,[H]Oc1ccc(c(c1)c1ccccc1)Oc1ccc(cc1)c1ccc(cc1)C(=O)c1ccc(cc1)[H],,,,100.0,,,,0.0,,,,,159.0,b1912ede51231ffebcafbdcb0220663e4bb5b7aa5fb8909d7961ab31c821a711,173,44215.689456399996,100.0,homopolymer,,,passed,1,"[""mol1""]","[""mol1""]",[442.15689456399997],[442.15689456399997],[100.0],[100.0],[1.0],[1.0],[44215.689456399996],"[""molar_amount_to_mass_by_exact_molecular_weight""]","[""molar_amount_to_mass_by_exact_molecular_weight""]",[],[],[],[44215.689456399996],[1.0],[100.0],[1.0],[],[],[],hierarchical_mole_internal_mass_blend_v1,RDKit.Chem.rdMolDescriptors.CalcExactMolWt,2022.09.5,"[null,null]","[null,null,null,null]",True
10.1016/1381-5148(95)00121-2,homopolymer,,,,[H]Oc1ccc(cc1)C(C(F)(F)F)(C(F)(F)F)c1ccc(cc1)OP(=O)(Oc1ccc(cc1)Br)[H],,,,100.0,,,,0.0,,,,,90.0,9f0d02c8207f7789e33ae70a2140af194b9ff18154557e05dda743a5e448ee41,174,55397.1726978,100.0,homopolymer,,,passed,1,"[""mol1""]","[""mol1""]",[553.971726978],[553.971726978],[100.0],[100.0],[1.0],[1.0],[55397.1726978],"[""molar_amount_to_mass_by_exact_molecular_weight""]","[""molar_amount_to_mass_by_exact_molecular_weight""]",[],[],[],[55397.1726978],[1.0],[100.0],[1.0],[],[],[],hierarchical_mole_internal_mass_blend_v1,RDKit.Chem.rdMolDescriptors.CalcExactMolWt,2022.09.5,"[null,null]","[null,null,null,null]",True
10.1016/j.polymdegradstab.2014.06.003,homopolymer,,,,[H]OCc1ccc(cc1)COC(=O)c1ccc(cc1)C(=O)[H],,,,100.0,,,,0.0,,,,,96.2,59676c04fbeca465e622672a3b02ff70dac104625f95715695274f57c5fae3ab,175,27008.9208928,100.0,homopolymer,,,passed,1,"[""mol1""]","[""mol1""]",[270.089208928],[270.089208928],[100.0],[100.0],[1.0],[1.0],[27008.9208928],"[""molar_amount_to_mass_by_exact_molecular_weight""]","[""molar_amount_to_mass_by_exact_molecular_weight""]",[],[],[],[27008.9208928],[1.0],[100.0],[1.0],[],[],[],hierarchical_mole_internal_mass_blend_v1,RDKit.Chem.rdMolDescriptors.CalcExactMolWt,2022.09.5,"[null,null]","[null,null,null,null]",True
?10.1039/c6py00183a,homopolymer,,,,[H]OCCOC(=O)c1ccc(cc1)C(=O)[H],,,,100.0,,,,0.0,,,,,72.5,775082ac3c7fa5b45df07c92acfec17cf95ad7b223a6da7c0364dbbcf94adfc9,176,19405.79088,100.0,homopolymer,,,passed,1,"[""mol1""]","[""mol1""]",[194.0579088],[194.0579088],[100.0],[100.0],[1.0],[1.0],[19405.79088],"[""molar_amount_to_mass_by_exact_molecular_weight""]","[""molar_amount_to_mass_by_exact_molecular_weight""]",[],[],[],[19405.79088],[1.0],[100.0],[1.0],[],[],[],hierarchical_mole_internal_mass_blend_v1,RDKit.Chem.rdMolDescriptors.CalcExactMolWt,2022.09.5,"[null,null]","[null,null,null,null]",True
10.1039/C5PY01938A,homopolymer,,,,[H]OCCOc1ccc(cc1)C(=O)c1ccc(cc1)OCCOC(=O)c1ccc(cc1)C(=O)[H],,,,100.0,,,,0.0,,,,,96.4,ba7381a08b649992ad666cb1f0cc6069dbbe2321438bf999cd422b9620a62abb,177,43413.655304399996,100.0,homopolymer,,,passed,1,"[""mol1""]","[""mol1""]",[434.1365530439999],[434.1365530439999],[100.0],[100.0],[1.0],[1.0],[43413.655304399996],"[""molar_amount_to_mass_by_exact_molecular_weight""]","[""molar_amount_to_mass_by_exact_molecular_weight""]",[],[],[],[43413.655304399996],[1.0],[100.0],[1.0],[],[],[],hierarchical_mole_internal_mass_blend_v1,RDKit.Chem.rdMolDescriptors.CalcExactMolWt,2022.09.5,"[null,null]","[null,null,null,null]",True
10.1039/C5PY01938A,homopolymer,,,,[H]OCCOc1ccc(cc1)Oc1ccc(cc1)C(=O)c1ccc(cc1)Oc1ccc(cc1)OCCOC(=O)c1ccc(cc1)C(=O)[H],,,,100.0,,,,0.0,,,,,100.7,e9115e9227f73804b3deed77f05ff0eb64990f8680f82e053d964ae22b5f4c40,178,61818.898254,100.0,homopolymer,,,passed,1,"[""mol1""]","[""mol1""]",[618.18898254],[618.18898254],[100.0],[100.0],[1.0],[1.0],[61818.898254],"[""molar_amount_to_mass_by_exact_molecular_weight""]","[""molar_amount_to_mass_by_exact_molecular_weight""]",[],[],[],[61818.898254],[1.0],[100.0],[1.0],[],[],[],hierarchical_mole_internal_mass_blend_v1,RDKit.Chem.rdMolDescriptors.CalcExactMolWt,2022.09.5,"[null,null]","[null,null,null,null]",True
10.1039/C5PY01938A,homopolymer,,,,[H]OCCOc1ccc(cc1)Oc1ccc(cc1)Oc1ccc(cc1)OCCOC(=O)c1ccc(cc1)C(=O)[H],,,,100.0,,,,0.0,,,,,77.0,3af6935df0f33f141ee8b41251f3058546afd083666d09030208a250e0ebde96,179,51416.276779199994,100.0,homopolymer,,,passed,1,"[""mol1""]","[""mol1""]",[514.162767792],[514.162767792],[100.0],[100.0],[1.0],[1.0],[51416.276779199994],"[""molar_amount_to_mass_by_exact_molecular_weight""]","[""molar_amount_to_mass_by_exact_molecular_weight""]",[],[],[],[51416.276779199994],[1.0],[100.0],[1.0],[],[],[],hierarchical_mole_internal_mass_blend_v1,RDKit.Chem.rdMolDescriptors.CalcExactMolWt,2022.09.5,"[null,null]","[null,null,null,null]",True
10.1039/C5PY01938A,homopolymer,,,,[H]OCCOc1ccc(cc1)Oc1ccc(cc1)OCCOC(=O)c1ccc(cc1)C(=O)[H],,,,100.0,,,,0.0,,,,,71.6,96840c7da6e9cd68c06863565fba56d92d07d4b0a064433df030e21814d5453f,180,42213.655304399996,100.0,homopolymer,,,passed,1,"[""mol1""]","[""mol1""]",[422.1365530439999],[422.1365530439999],[100.0],[100.0],[1.0],[1.0],[42213.655304399996],"[""molar_amount_to_mass_by_exact_molecular_weight""]","[""molar_amount_to_mass_by_exact_molecular_weight""]",[],[],[],[42213.655304399996],[1.0],[100.0],[1.0],[],[],[],hierarchical_mole_internal_mass_blend_v1,RDKit.Chem.rdMolDescriptors.CalcExactMolWt,2022.09.5,"[null,null]","[null,null,null,null]",True
10.1016/j.porgcoat.2007.04.007,homopolymer,,,,C=C(C)C(=O)OCC(CN1CCN(CC1)CC(COC(=O)C(=C)C)O)O,,,,100.0,,,,0.0,,,,,96.6,5e8348b6395ef2cbdad244e969d91cd226c70b5a64ed8554da84df13728b6175,181,37021.038667999994,100.0,homopolymer,,,passed,1,"[""mol1""]","[""mol1""]",[370.21038667999994],[370.21038667999994],[100.0],[100.0],[1.0],[1.0],[37021.038667999994],"[""molar_amount_to_mass_by_exact_molecular_weight""]","[""molar_amount_to_mass_by_exact_molecular_weight""]",[],[],[],[37021.038667999994],[1.0],[100.0],[1.0],[],[],[],hierarchical_mole_internal_mass_blend_v1,RDKit.Chem.rdMolDescriptors.CalcExactMolWt,2022.09.5,"[null,null]","[null,null,null,null]",True
?10.1016/j.polymdegradstab.2007.05.017,homopolymer,,,,C=C(CC(C(=C)C(=O)OCC1COC2(CCCO2)O1)C(=O)OCC1COC2(CCCO2)O1)C(=O)OCC1COC2(CCCO2)O1,,,,100.0,,,,0.0,,,,,-12.0,eb610c2abc697d89b4acf2b0e80d3e0b3c6ed00067fcbd849dc44fa03cdc50a4,182,64023.67205799999,100.0,homopolymer,,,passed,1,"[""mol1""]","[""mol1""]",[640.2367205799999],[640.2367205799999],[100.0],[100.0],[1.0],[1.0],[64023.67205799999],"[""molar_amount_to_mass_by_exact_molecular_weight""]","[""molar_amount_to_mass_by_exact_molecular_weight""]",[],[],[],[64023.67205799999],[1.0],[100.0],[1.0],[],[],[],hierarchical_mole_internal_mass_blend_v1,RDKit.Chem.rdMolDescriptors.CalcExactMolWt,2022.09.5,"[null,null]","[null,null,null,null]",True
10.1021/sc500548c,homopolymer,,,,C=CCc1cc(OC)c(c(c1[H])CN(Cc1ccco1)[H])O,,,,100.0,,,,0.0,,,,,148.0,de434253f4f93aaecf86750a9c4345d4e38080dca0a1bb638ec79f39808c00eb,183,27313.649346800004,100.0,homopolymer,,,passed,1,"[""mol1""]","[""mol1""]",[273.136493468],[273.136493468],[100.0],[100.0],[1.0],[1.0],[27313.649346800004],"[""molar_amount_to_mass_by_exact_molecular_weight""]","[""molar_amount_to_mass_by_exact_molecular_weight""]",[],[],[],[27313.649346800004],[1.0],[100.0],[1.0],[],[],[],hierarchical_mole_internal_mass_blend_v1,RDKit.Chem.rdMolDescriptors.CalcExactMolWt,2022.09.5,"[null,null]","[null,null,null,null]",True
10.1039/C7RA10493F,homopolymer,,,,[H]C1=CC=CC(P(C)(C2=CC=CC(C3C(C(C=CC(OC4=CC=C(C(C)(C5=CC=C(OC6=CC=C(C(N([H])C7=O)=O)C7=C6)C=C5)C)C=C4)=C8)=C8C3=O)=O)=C2)=O)=C1,,,,100.0,,,,0.0,,,,,216.0,2d248adbee713b287a4fea0f29be121b34293eb940b48aa6d508cad30e38aa6e,184,73120.72890580002,100.0,homopolymer,,,passed,1,"[""mol1""]","[""mol1""]",[731.2072890580001],[731.2072890580001],[100.0],[100.0],[1.0],[1.0],[73120.72890580002],"[""molar_amount_to_mass_by_exact_molecular_weight""]","[""molar_amount_to_mass_by_exact_molecular_weight""]",[],[],[],[73120.72890580002],[1.0],[100.0],[1.0],[],[],[],hierarchical_mole_internal_mass_blend_v1,RDKit.Chem.rdMolDescriptors.CalcExactMolWt,2022.09.5,"[null,null]","[null,null,null,null]",True
10.1039/C7RA10493F,homopolymer,,,,[H]C1=CC=CC(P(C)(C2=CC=CC(C3C(C(C=CC(OC4=CC=C(C(N([H])C5=O)=O)C5=C4)=C6)=C6C3=O)=O)=C2)=O)=C1,,,,100.0,,,,0.0,,,,,269.0,ae0e6f0da7f4f2bfa7121d3c11550ced524a9f55f6367b172134890dc7273142,185,52110.282398999996,100.0,homopolymer,,,passed,1,"[""mol1""]","[""mol1""]",[521.1028239899999],[521.1028239899999],[100.0],[100.0],[1.0],[1.0],[52110.282398999996],"[""molar_amount_to_mass_by_exact_molecular_weight""]","[""molar_amount_to_mass_by_exact_molecular_weight""]",[],[],[],[52110.282398999996],[1.0],[100.0],[1.0],[],[],[],hierarchical_mole_internal_mass_blend_v1,RDKit.Chem.rdMolDescriptors.CalcExactMolWt,2022.09.5,"[null,null]","[null,null,null,null]",True
10.1039/C7RA10493F,homopolymer,,,,[H]C1=CC=CC(P(C)(C2=CC=CC(C3C(C(C=CC(C(C4=CC=C(C(N([H])C5=O)=O)C5=C4)=O)=C6)=C6C3=O)=O)=C2)=O)=C1,,,,100.0,,,,0.0,,,,,270.0,18525cc95f68841aa05ab1358ba2d29769b14b1384f53944db48fd7526fcad54,186,53310.28239899998,100.0,homopolymer,,,passed,1,"[""mol1""]","[""mol1""]",[533.1028239899998],[533.1028239899998],[100.0],[100.0],[1.0],[1.0],[53310.28239899998],"[""molar_amount_to_mass_by_exact_molecular_weight""]","[""molar_amount_to_mass_by_exact_molecular_weight""]",[],[],[],[53310.28239899998],[1.0],[100.0],[1.0],[],[],[],hierarchical_mole_internal_mass_blend_v1,RDKit.Chem.rdMolDescriptors.CalcExactMolWt,2022.09.5,"[null,null]","[null,null,null,null]",True
10.1039/C7RA10493F,homopolymer,,,,[H]C1=CC=CC(P(C)(C2=CC=CC(C3C(C(C=CC(C(C(F)(F)F)(C(F)(F)F)C4=CC=C(C(N([H])C5=O)=O)C5=C4)=C6)=C6C3=O)=O)=C2)=O)=C1,,,,100.0,,,,0.0,,,,,271.0,2fb1c25ed88bf1fc10ec8cb5eee3eddb005e1b62250f3bbc684dff5c8c5dd17c,187,65509.832869000005,100.0,homopolymer,,,passed,1,"[""mol1""]","[""mol1""]",[655.09832869],[655.09832869],[100.0],[100.0],[1.0],[1.0],[65509.832869000005],"[""molar_amount_to_mass_by_exact_molecular_weight""]","[""molar_amount_to_mass_by_exact_molecular_weight""]",[],[],[],[65509.832869000005],[1.0],[100.0],[1.0],[],[],[],hierarchical_mole_internal_mass_blend_v1,RDKit.Chem.rdMolDescriptors.CalcExactMolWt,2022.09.5,"[null,null]","[null,null,null,null]",True
10.1016/j.compositesb.2020.108437,homopolymer,,,,CC(C(=O)OC)(C[H])[H],,,,100.0,,,,0.0,,,,,107.0,3789246ed6fe7a29f0ab8c8b120404d721c5a68c1fd18338f659cc2d300c228b,188,10206.807956,100.0,homopolymer,,,passed,1,"[""mol1""]","[""mol1""]",[102.06807956],[102.06807956],[100.0],[100.0],[1.0],[1.0],[10206.807956],"[""molar_amount_to_mass_by_exact_molecular_weight""]","[""molar_amount_to_mass_by_exact_molecular_weight""]",[],[],[],[10206.807956],[1.0],[100.0],[1.0],[],[],[],hierarchical_mole_internal_mass_blend_v1,RDKit.Chem.rdMolDescriptors.CalcExactMolWt,2022.09.5,"[null,null]","[null,null,null,null]",True
10.1080/1023666X.2021.1971835,homopolymer,,,,Cc1cc(ccc1Oc1ccc(cc1)C=Nc1ccc(cc1)Oc1cccc(c1)Oc1ccc(cc1)N)C1(CCCC1)c1ccc(c(C)c1)Oc1ccc(cc1)C=Nc1ccc(cc1)Oc1cccc(c1)Oc1ccc(cc1)N=Cc1ccc(cc1)Oc1ccc(cc1C)C1(CCCC1)c1ccc(c(C)c1)Oc1ccc(cc1)C=O,,,,100.0,,,,0.0,,,,,155.0,df66c944d7ae158a7762e64d37ea3ee7ec1f74572894375c14eedf4125a6e03e,189,151063.94803319994,100.0,homopolymer,,,passed,1,"[""mol1""]","[""mol1""]",[1510.6394803319995],[1510.6394803319995],[100.0],[100.0],[1.0],[1.0],[151063.94803319994],"[""molar_amount_to_mass_by_exact_molecular_weight""]","[""molar_amount_to_mass_by_exact_molecular_weight""]",[],[],[],[151063.94803319994],[1.0],[100.0],[1.0],[],[],[],hierarchical_mole_internal_mass_blend_v1,RDKit.Chem.rdMolDescriptors.CalcExactMolWt,2022.09.5,"[null,null]","[null,null,null,null]",True
10.1080/1023666X.2021.1971835,homopolymer,,,,Cc1cc(ccc1Oc1ccc(cc1)C=Nc1ccc(cc1)Cc1ccc(cc1)N)C1(CCCC1)c1ccc(c(C)c1)Oc1ccc(cc1)C=Nc1ccc(cc1)Cc1ccc(cc1)N=Cc1ccc(cc1)Oc1ccc(cc1C)C1(CCCC1)c1ccc(c(C)c1)Oc1ccc(cc1)C=O,,,,100.0,,,,0.0,,,,,172.0,df7a83465d03de98be67d3e6386295a179d3a636ab1c4b35327429e997d5cef4,190,132262.8521724,100.0,homopolymer,,,passed,1,"[""mol1""]","[""mol1""]",[1322.628521724],[1322.628521724],[100.0],[100.0],[1.0],[1.0],[132262.8521724],"[""molar_amount_to_mass_by_exact_molecular_weight""]","[""molar_amount_to_mass_by_exact_molecular_weight""]",[],[],[],[132262.8521724],[1.0],[100.0],[1.0],[],[],[],hierarchical_mole_internal_mass_blend_v1,RDKit.Chem.rdMolDescriptors.CalcExactMolWt,2022.09.5,"[null,null]","[null,null,null,null]",True
10.1080/1023666X.2021.1971835,homopolymer,,,,Cc1cc(ccc1Oc1ccc(cc1)C=Nc1ccc(cc1)Oc1ccc(cc1)N)C1(CCCC1)c1ccc(c(C)c1)Oc1ccc(cc1)C=Nc1ccc(cc1)Oc1ccc(cc1)N=Cc1ccc(cc1)Oc1ccc(cc1C)C1(CCCC1)c1ccc(c(C)c1)Oc1ccc(cc1)C=O,,,,100.0,,,,0.0,,,,,177.0,eaa26ce37a219a10df0b9920c418d32793365954f580a57ce8e6391cf7d1306e,191,132658.70508359998,100.0,homopolymer,,,passed,1,"[""mol1""]","[""mol1""]",[1326.587050836],[1326.587050836],[100.0],[100.0],[1.0],[1.0],[132658.70508359998],"[""molar_amount_to_mass_by_exact_molecular_weight""]","[""molar_amount_to_mass_by_exact_molecular_weight""]",[],[],[],[132658.70508359998],[1.0],[100.0],[1.0],[],[],[],hierarchical_mole_internal_mass_blend_v1,RDKit.Chem.rdMolDescriptors.CalcExactMolWt,2022.09.5,"[null,null]","[null,null,null,null]",True
10.1080/1023666X.2021.1971835,homopolymer,,,,Cc1cc(ccc1Oc1ccc(cc1)C=Nc1ccc(cc1)Oc1ccc(cc1)C1(CCCC1)c1ccc(cc1)Oc1ccc(cc1)N)C1(CCCC1)c1ccc(c(C)c1)Oc1ccc(cc1)C=Nc1ccc(cc1)Oc1ccc(cc1)C1(CCCC1)c1ccc(cc1)Oc1ccc(cc1)N=Cc1ccc(cc1)Oc1ccc(cc1C)C1(CCCC1)c1ccc(c(C)c1)Oc1ccc(cc1)C=O,,,,100.0,,,,0.0,,,,,184.0,1a347d569bc85afff15fe27cfd3246086b0f6b1a2ec29164956cdc91f6143651,192,179882.72810999994,100.0,homopolymer,,,passed,1,"[""mol1""]","[""mol1""]",[1798.8272810999995],[1798.8272810999995],[100.0],[100.0],[1.0],[1.0],[179882.72810999994],"[""molar_amount_to_mass_by_exact_molecular_weight""]","[""molar_amount_to_mass_by_exact_molecular_weight""]",[],[],[],[179882.72810999994],[1.0],[100.0],[1.0],[],[],[],hierarchical_mole_internal_mass_blend_v1,RDKit.Chem.rdMolDescriptors.CalcExactMolWt,2022.09.5,"[null,null]","[null,null,null,null]",True
10.1080/1023666X.2021.1971835,homopolymer,,,,Cc1cc(ccc1Oc1ccc(cc1)C=Nc1ccc(cc1)S(=O)(=O)c1ccc(cc1)N)C1(CCCC1)c1ccc(c(C)c1)Oc1ccc(cc1)C=Nc1ccc(cc1)S(=O)(=O)c1ccc(cc1)N=Cc1ccc(cc1)Oc1ccc(cc1C)C1(CCCC1)c1ccc(c(C)c1)Oc1ccc(cc1)C=O,,,,100.0,,,,0.0,,,,,204.0,b1300ea8ec5d65d9e1b207df7d100ec2fa4c59d9ec885d647ad8e7849258bfee,193,142252.1022076,100.0,homopolymer,,,passed,1,"[""mol1""]","[""mol1""]",[1422.521022076],[1422.521022076],[100.0],[100.0],[1.0],[1.0],[142252.1022076],"[""molar_amount_to_mass_by_exact_molecular_weight""]","[""molar_amount_to_mass_by_exact_molecular_weight""]",[],[],[],[142252.1022076],[1.0],[100.0],[1.0],[],[],[],hierarchical_mole_internal_mass_blend_v1,RDKit.Chem.rdMolDescriptors.CalcExactMolWt,2022.09.5,"[null,null]","[null,null,null,null]",True
10.1021/sc500548c,homopolymer,,,,CCCCCCCCCCCCCCCCCCN(Cc1c([H])c(CC=C)cc(c1O)OC)[H],,,,100.0,,,,0.0,,,,,101.0,cd78c113eed77bf4d356d9291978623fbb6462c987ae1e2c1e92a7dc1315c853,194,44539.197987199994,100.0,homopolymer,,,passed,1,"[""mol1""]","[""mol1""]",[445.3919798719999],[445.3919798719999],[100.0],[100.0],[1.0],[1.0],[44539.197987199994],"[""molar_amount_to_mass_by_exact_molecular_weight""]","[""molar_amount_to_mass_by_exact_molecular_weight""]",[],[],[],[44539.197987199994],[1.0],[100.0],[1.0],[],[],[],hierarchical_mole_internal_mass_blend_v1,RDKit.Chem.rdMolDescriptors.CalcExactMolWt,2022.09.5,"[null,null]","[null,null,null,null]",True
10.1007/s10965-017-1184-9,homopolymer,,,,COc1ccc(cc1)N(c1ccc(cc1)NC(=O)c1ccc(cc1)Nc1nc(Nc2ccc(cc2)C(=O)[H])nc(n1)N1CCOCC1)c1ccc(cc1)N[H],,,,100.0,,,,0.0,,,,,240.0,8cfd6c7455d66bba96589b9e32cfb0d9105b61284c3f66eb8a67b6f2e0a15f0a,195,70729.68506640001,100.0,homopolymer,,,passed,1,"[""mol1""]","[""mol1""]",[707.2968506640001],[707.2968506640001],[100.0],[100.0],[1.0],[1.0],[70729.68506640001],"[""molar_amount_to_mass_by_exact_molecular_weight""]","[""molar_amount_to_mass_by_exact_molecular_weight""]",[],[],[],[70729.68506640001],[1.0],[100.0],[1.0],[],[],[],hierarchical_mole_internal_mass_blend_v1,RDKit.Chem.rdMolDescriptors.CalcExactMolWt,2022.09.5,"[null,null]","[null,null,null,null]",True
10.1007/s10965-017-1184-9,homopolymer,,,,COc1ccc(cc1)N(c1ccc(cc1)NC(=O)c1ccc(cc1)Nc1nc(Nc2ccc(cc2)C(=O)[H])nc(n1)N1CCOCC1)c1ccc(cc1)N[H],,,,100.0,,,,0.0,,,,,240.0,8cfd6c7455d66bba96589b9e32cfb0d9105b61284c3f66eb8a67b6f2e0a15f0a,196,70729.68506640001,100.0,homopolymer,,,passed,1,"[""mol1""]","[""mol1""]",[707.2968506640001],[707.2968506640001],[100.0],[100.0],[1.0],[1.0],[70729.68506640001],"[""molar_amount_to_mass_by_exact_molecular_weight""]","[""molar_amount_to_mass_by_exact_molecular_weight""]",[],[],[],[70729.68506640001],[1.0],[100.0],[1.0],[],[],[],hierarchical_mole_internal_mass_blend_v1,RDKit.Chem.rdMolDescriptors.CalcExactMolWt,2022.09.5,"[null,null]","[null,null,null,null]",True
10.1016/1381-5148(95)00121-2,homopolymer,,,,COc1ccc(cc1)OP(=O)(Oc1ccc(cc1)C(C(F)(F)F)(C(F)(F)F)c1ccc(cc1)O[H])[H],,,,100.0,,,,0.0,,,,,85.0,cac131a16738930fc6c6053f78d8dcf74db44d5b8ca51ef45fc34c9b751678fa,197,50607.1779594,100.0,homopolymer,,,passed,1,"[""mol1""]","[""mol1""]",[506.071779594],[506.071779594],[100.0],[100.0],[1.0],[1.0],[50607.1779594],"[""molar_amount_to_mass_by_exact_molecular_weight""]","[""molar_amount_to_mass_by_exact_molecular_weight""]",[],[],[],[50607.1779594],[1.0],[100.0],[1.0],[],[],[],hierarchical_mole_internal_mass_blend_v1,RDKit.Chem.rdMolDescriptors.CalcExactMolWt,2022.09.5,"[null,null]","[null,null,null,null]",True
Journal of the Mexican Chemical Society?61.3 (2017): 229-240.,homopolymer,,,,FC(F)(C1=CC=C(C2=NC(C3=CC=C(OC(C=CC([H])=C4)=C4C5=NC(C6=CC=CC=C6)=C(C7=CCCC=C7)N5)C=C3)=C(C8=CC=C(OC9=C(C%10=NC(C%11=CC=CC=C%11)=C(C%12=CCCC=C%12)N%10)C=C(N%13C(C%14C(C%15=C%14C=C(C(C(N%16[H])=O)C%17C%16=O)C%17=C%15)C%13=O)=O)C=C9)C=C8)N2)C=C1)F,,,,100.0,,,,0.0,,,,,307.0,e4d43e1023e0b9aedd7ed5d18c643c0e9621afa855bf028b4d5ff282615a0c73,198,125440.40160759995,100.0,homopolymer,,,passed,1,"[""mol1""]","[""mol1""]",[1254.4040160759996],[1254.4040160759996],[100.0],[100.0],[1.0],[1.0],[125440.40160759995],"[""molar_amount_to_mass_by_exact_molecular_weight""]","[""molar_amount_to_mass_by_exact_molecular_weight""]",[],[],[],[125440.40160759995],[1.0],[100.0],[1.0],[],[],[],hierarchical_mole_internal_mass_blend_v1,RDKit.Chem.rdMolDescriptors.CalcExactMolWt,2022.09.5,"[null,null]","[null,null,null,null]",True
Journal of the Mexican Chemical Society?61.3 (2017): 229-240.,homopolymer,,,,FC(F)(C1=CC=C(C2=NC(C3=CC=C(OC(C=CC([H])=C4)=C4C5=NC(C6=CC=CC=C6)=C(C7=CCCC=C7)N5)C=C3)=C(C8=CC=C(OC9=C(C%10=NC(C%11=CC=CC=C%11)=C(C%12=CCCC=C%12)N%10)C=C(N%13C(C%14C(C%15C%14C%16C(C(C(N%17[H])=O)C%18C%17=O)C%18C%15C=C%16)C%13=O)=O)C=C9)C=C8)N2)C=C1)F,,,,100.0,,,,0.0,,,,,251.0,988b62b51b4d8b0d4db45bdaf13ccf665996720becb0424109ddf5088170da93,199,128445.09662679998,100.0,homopolymer,,,passed,1,"[""mol1""]","[""mol1""]",[1284.4509662679998],[1284.4509662679998],[100.0],[100.0],[1.0],[1.0],[128445.09662679998],"[""molar_amount_to_mass_by_exact_molecular_weight""]","[""molar_amount_to_mass_by_exact_molecular_weight""]",[],[],[],[128445.09662679998],[1.0],[100.0],[1.0],[],[],[],hierarchical_mole_internal_mass_blend_v1,RDKit.Chem.rdMolDescriptors.CalcExactMolWt,2022.09.5,"[null,null]","[null,null,null,null]",True
10.1007/s00289-015-1488-z,homopolymer,,,,O=C(C(C1=C2)=CC(C3=O)=C2C(N3C(C=C4)=CC=C4OCC5=CN(N=N5)C(C=C6)=CC=C6OC(C=C7)=CC=C7OC(C=C8)=CC=C8N(N=N9)C=C9COC(C=C%10)=CC=C%10[*])=O)N([*])C1=O,,,,100.0,,,,0.0,,,,,248.0,c929aa3222f53695dbd2b7f5c6196ca38c11e7d96731f64fe2801fe7b41fe2da,200,82020.3009856,100.0,homopolymer,,,passed,1,"[""mol1""]","[""mol1""]",[820.203009856],[820.203009856],[100.0],[100.0],[1.0],[1.0],[82020.3009856],"[""molar_amount_to_mass_by_exact_molecular_weight""]","[""molar_amount_to_mass_by_exact_molecular_weight""]",[],[],[],[82020.3009856],[1.0],[100.0],[1.0],[],[],[],hierarchical_mole_internal_mass_blend_v1,RDKit.Chem.rdMolDescriptors.CalcExactMolWt,2022.09.5,"[null,null]","[null,null,null,null]",True
10.1007/s00289-015-1488-z,homopolymer,,,,O=C(C(C1=C2)=CC(C3=O)=C2C(N3C(C=C4)=CC=C4OCC5=CN(N=N5)CCCN(N=N6)C=C6COC(C=C7)=CC=C7[*])=O)N([*])C1=O,,,,100.0,,,,0.0,,,,,229.0,4d4d21ed47d508cca9577f239f44dcd327b05f466d5d298a0f472522f6d516be,201,60216.623042400024,100.0,homopolymer,,,passed,1,"[""mol1""]","[""mol1""]",[602.1662304240002],[602.1662304240002],[100.0],[100.0],[1.0],[1.0],[60216.623042400024],"[""molar_amount_to_mass_by_exact_molecular_weight""]","[""molar_amount_to_mass_by_exact_molecular_weight""]",[],[],[],[60216.623042400024],[1.0],[100.0],[1.0],[],[],[],hierarchical_mole_internal_mass_blend_v1,RDKit.Chem.rdMolDescriptors.CalcExactMolWt,2022.09.5,"[null,null]","[null,null,null,null]",True
10.1007/s00289-012-0892-x,homopolymer,,,,O=C(C1=CC=CC(C([H])=O)=C1)NC(C=C2)=CC(C3=NC(C4=CC=CC=C4)=C(N3)C5=CC=CC=C5)=C2OC6=CC(C(C7=CC(OC(C(C8=NC(C9=CC=CC=C9)=C(N8)C%10=CC=CC=C%10)=C%11)=CC=C%11N[H])=CC=C7)=O)=CC=C6,,,,100.0,,,,0.0,,,,,308.0,f9f5480b77ada405251dfdfef86b4f7ba87a1dcf12bc5b430402a68c028d5369,202,96433.73185079999,100.0,homopolymer,,,passed,1,"[""mol1""]","[""mol1""]",[964.337318508],[964.337318508],[100.0],[100.0],[1.0],[1.0],[96433.73185079999],"[""molar_amount_to_mass_by_exact_molecular_weight""]","[""molar_amount_to_mass_by_exact_molecular_weight""]",[],[],[],[96433.73185079999],[1.0],[100.0],[1.0],[],[],[],hierarchical_mole_internal_mass_blend_v1,RDKit.Chem.rdMolDescriptors.CalcExactMolWt,2022.09.5,"[null,null]","[null,null,null,null]",True
10.1080/10601325.2018.1483201,homopolymer,,,,O=C(c1ccc2c(c1)C(=O)N(C2=O)C1N=CC(S1)c1ccc(cc1)c1sc(c(c1c1ccccc1)c1ccccc1)c1ccc(cc1)C1C=NC(S1)N1C(=O)c2c(C1=O)cc(cc2)C(=O)[H])Nc1ccc(cc1)C(C(F)(F)F)(C(F)(F)F)[H],,,,100.0,,,,0.0,,,,,300.0,64d214af34adc68858079926e327f3084d3787354a7a9cae3d530a3237849ca0,203,114518.10162239999,100.0,homopolymer,,,passed,1,"[""mol1""]","[""mol1""]",[1145.181016224],[1145.181016224],[100.0],[100.0],[1.0],[1.0],[114518.10162239999],"[""molar_amount_to_mass_by_exact_molecular_weight""]","[""molar_amount_to_mass_by_exact_molecular_weight""]",[],[],[],[114518.10162239999],[1.0],[100.0],[1.0],[],[],[],hierarchical_mole_internal_mass_blend_v1,RDKit.Chem.rdMolDescriptors.CalcExactMolWt,2022.09.5,"[null,null]","[null,null,null,null]",True
10.1002/pat.1237,homopolymer,,,,O=C(c1ccc2c(c1)CN(C2)CCCCCCN1Cc2c(C1)ccc(c2)C(=O)Oc1ccc(cc1)C(=O)[H])Oc1ccc(cc1P1(=O)Oc2ccccc2c2c1cccc2)OC(=O)c1ccc(cc1)C(=O)[H],,,,100.0,,,,0.0,,,,,161.0,ceda18211b9135b9be6981ec927fc00d1bfdea6c8925dae1ad79f715e6ad5ecb,204,95029.68323339999,100.0,homopolymer,,,passed,1,"[""mol1""]","[""mol1""]",[950.296832334],[950.296832334],[100.0],[100.0],[1.0],[1.0],[95029.68323339999],"[""molar_amount_to_mass_by_exact_molecular_weight""]","[""molar_amount_to_mass_by_exact_molecular_weight""]",[],[],[],[95029.68323339999],[1.0],[100.0],[1.0],[],[],[],hierarchical_mole_internal_mass_blend_v1,RDKit.Chem.rdMolDescriptors.CalcExactMolWt,2022.09.5,"[null,null]","[null,null,null,null]",True
10.1007/s00289-012-0892-x,homopolymer,,,,O=C(CCCCCCCCC([H])=O)NC(C=C1)=CC(C2=NC(C3=CC=CC=C3)=C(N2)C4=CC=CC=C4)=C1OC5=CC(C(C6=CC(OC(C(C7=NC(C8=CC=CC=C8)=C(N7)C9=CC=CC=C9)=C%10)=CC=C%10N[H])=CC=C6)=O)=CC=C5,,,,100.0,,,,0.0,,,,,211.0,5368db5f5277888e6e3398cd01e240ce30a45845dad801369485bec4f94b295c,205,100043.12188919999,100.0,homopolymer,,,passed,1,"[""mol1""]","[""mol1""]",[1000.431218892],[1000.431218892],[100.0],[100.0],[1.0],[1.0],[100043.12188919999],"[""molar_amount_to_mass_by_exact_molecular_weight""]","[""molar_amount_to_mass_by_exact_molecular_weight""]",[],[],[],[100043.12188919999],[1.0],[100.0],[1.0],[],[],[],hierarchical_mole_internal_mass_blend_v1,RDKit.Chem.rdMolDescriptors.CalcExactMolWt,2022.09.5,"[null,null]","[null,null,null,null]",True
10.1007/s00289-012-0892-x,homopolymer,,,,O=C(NC1=CC(C2=NC(C3=CC=CC=C3)=C(C4=CC=CC=C4)N2)=C(OC5=CC(C(C(F)(F)F)(C(F)(F)F)C6=CC(OC7=CC=C(N[H])C=C7C8=NC(C9=CC=CC=C9)=C(C%10=CC=CC=C%10)N8)=CC=C6)=CC=C5)C=C1)C%11=CC=CC(C([H])=O)=C%11,,,,100.0,,,,0.0,,,,,299.0,842a200b3bbab81ce9f2d1547a1613052d973762619e3c0003ce39f4e4cd591f,206,108633.2823208,100.0,homopolymer,,,passed,1,"[""mol1""]","[""mol1""]",[1086.332823208],[1086.332823208],[100.0],[100.0],[1.0],[1.0],[108633.2823208],"[""molar_amount_to_mass_by_exact_molecular_weight""]","[""molar_amount_to_mass_by_exact_molecular_weight""]",[],[],[],[108633.2823208],[1.0],[100.0],[1.0],[],[],[],hierarchical_mole_internal_mass_blend_v1,RDKit.Chem.rdMolDescriptors.CalcExactMolWt,2022.09.5,"[null,null]","[null,null,null,null]",True
10.1007/s00289-012-0892-x,homopolymer,,,,O=C(NC1=CC(C2=NC(C3=CC=CC=C3)=C(C4=CC=CC=C4)N2)=C(OC5=CC(C(C(F)(F)F)(C(F)(F)F)C6=CC(OC7=CC=C(N[H])C=C7C8=NC(C9=CC=CC=C9)=C(C%10=CC=CC=C%10)N8)=CC=C6)=CC=C5)C=C1)C%11=CC=CC(C([H])=O)=N%11,,,,100.0,,,,0.0,,,,,264.0,c3dbc1b55988f1d0e03d2aec45b31ef633c528601a068ef6b87273fc78775a34,207,108732.8072176,100.0,homopolymer,,,passed,1,"[""mol1""]","[""mol1""]",[1087.328072176],[1087.328072176],[100.0],[100.0],[1.0],[1.0],[108732.8072176],"[""molar_amount_to_mass_by_exact_molecular_weight""]","[""molar_amount_to_mass_by_exact_molecular_weight""]",[],[],[],[108732.8072176],[1.0],[100.0],[1.0],[],[],[],hierarchical_mole_internal_mass_blend_v1,RDKit.Chem.rdMolDescriptors.CalcExactMolWt,2022.09.5,"[null,null]","[null,null,null,null]",True
10.1007/s00289-012-0892-x,homopolymer,,,,O=C(NC1=CC(C2=NC(C3=CC=CC=C3)=C(C4=CC=CC=C4)N2)=C(OC5=CC(C(C(F)(F)F)(C(F)(F)F)C6=CC(OC7=CC=C(N[H])C=C7C8=NC(C9=CC=CC=C9)=C(C%10=CC=CC=C%10)N8)=CC=C6)=CC=C5)C=C1)CCCCCCCCC([H])=O,,,,100.0,,,,0.0,,,,,204.0,6907c5c0ec717b9819b2670b058f5fbb7acfbae73f484df3174bbdee0bb4bbd9,208,112242.67235919996,100.0,homopolymer,,,passed,1,"[""mol1""]","[""mol1""]",[1122.4267235919997],[1122.4267235919997],[100.0],[100.0],[1.0],[1.0],[112242.67235919996],"[""molar_amount_to_mass_by_exact_molecular_weight""]","[""molar_amount_to_mass_by_exact_molecular_weight""]",[],[],[],[112242.67235919996],[1.0],[100.0],[1.0],[],[],[],hierarchical_mole_internal_mass_blend_v1,RDKit.Chem.rdMolDescriptors.CalcExactMolWt,2022.09.5,"[null,null]","[null,null,null,null]",True
10.1007/s00289-012-0892-x,homopolymer,,,,O=C(NC1=CC(C2=NC(C3=CC=CC=C3)=C(C4=CC=CC=C4)N2)=C(OC5=CC(C(C6=CC(OC7=CC=C(N[H])C=C7C8=NC(C9=CC=CC=C9)=C(C%10=CC=CC=C%10)N8)=CC=C6)=O)=CC=C5)C=C1)C%11=CC=CC(C([H])=O)=N%11,,,,100.0,,,,0.0,,,,,287.0,8a51f768525301aa734ab5826d29ae7d62438a179e2ddee5fd6468f747371cc7,209,96533.25674759998,100.0,homopolymer,,,passed,1,"[""mol1""]","[""mol1""]",[965.3325674759999],[965.3325674759999],[100.0],[100.0],[1.0],[1.0],[96533.25674759998],"[""molar_amount_to_mass_by_exact_molecular_weight""]","[""molar_amount_to_mass_by_exact_molecular_weight""]",[],[],[],[96533.25674759998],[1.0],[100.0],[1.0],[],[],[],hierarchical_mole_internal_mass_blend_v1,RDKit.Chem.rdMolDescriptors.CalcExactMolWt,2022.09.5,"[null,null]","[null,null,null,null]",True
10.1002/pat.5153,homopolymer,,,,O=C1N(C2=CC=C(OC3=CC(P(C4=CC=CC=C4)(C5=CC=CC=C5)=O)=C(OC6=CC=C([H])C=C6)C=C3)C=C2)C(C7C1CC(C8CC(C(N([H])C9=O)=O)C9CC8)CC7)=O,,,,100.0,,,,0.0,,,,,235.7,29fca612a213d419e1a284bdb2e3aee1b61984812abee9231a3881f444cfe30b,210,76426.51382820001,100.0,homopolymer,,,passed,1,"[""mol1""]","[""mol1""]",[764.2651382820001],[764.2651382820001],[100.0],[100.0],[1.0],[1.0],[76426.51382820001],"[""molar_amount_to_mass_by_exact_molecular_weight""]","[""molar_amount_to_mass_by_exact_molecular_weight""]",[],[],[],[76426.51382820001],[1.0],[100.0],[1.0],[],[],[],hierarchical_mole_internal_mass_blend_v1,RDKit.Chem.rdMolDescriptors.CalcExactMolWt,2022.09.5,"[null,null]","[null,null,null,null]",True
10.1002/pat.5153,homopolymer,,,,O=C1N(C2=CC=C(OC3=CC=C([H])C=C3)C=C2)C(C4C1CC(C(N([H])C5=O)=O)C5C4)=O,,,,100.0,,,,0.0,,,,,346.8,7c0284fc37d01b41dd3d94a51593db23ec8fdde46c98dab5c1ca52bf2d4db81d,211,39012.157167599995,100.0,homopolymer,,,passed,1,"[""mol1""]","[""mol1""]",[390.121571676],[390.121571676],[100.0],[100.0],[1.0],[1.0],[39012.157167599995],"[""molar_amount_to_mass_by_exact_molecular_weight""]","[""molar_amount_to_mass_by_exact_molecular_weight""]",[],[],[],[39012.157167599995],[1.0],[100.0],[1.0],[],[],[],hierarchical_mole_internal_mass_blend_v1,RDKit.Chem.rdMolDescriptors.CalcExactMolWt,2022.09.5,"[null,null]","[null,null,null,null]",True
10.1002/pat.5153,homopolymer,,,,O=C1N(C2=CC=C(OC3=CC=C([H])C=C3)C=C2)C(C4C1CC(C5CC(C(N([H])C6=O)=O)C6CC5)CC4)=O,,,,100.0,,,,0.0,,,,,260.6,a8d8a43a18f469b16361ec06fb696c1019b45ceeddf0f483b76d7205b4b95fe1,212,47219.982199599996,100.0,homopolymer,,,passed,1,"[""mol1""]","[""mol1""]",[472.19982199599997],[472.19982199599997],[100.0],[100.0],[1.0],[1.0],[47219.982199599996],"[""molar_amount_to_mass_by_exact_molecular_weight""]","[""molar_amount_to_mass_by_exact_molecular_weight""]",[],[],[],[47219.982199599996],[1.0],[100.0],[1.0],[],[],[],hierarchical_mole_internal_mass_blend_v1,RDKit.Chem.rdMolDescriptors.CalcExactMolWt,2022.09.5,"[null,null]","[null,null,null,null]",True
https://journals.tubitak.gov.tr/chem/vol30/iss5/12/,homopolymer,,,,O=C(C1=CC=C(C(N(C2=CC=C(OC3=CC=C(N4C(C(C=C(C([H])=O)C=C5)=C5C4=O)=O)C=C3)C=C2)C6=O)=O)C6=C1)NC7=CC=C(N[H])C=C7,,,,100.0,,,,0.0,,,,,21.0,a45987f77404f32b57cc064fe184500201bed54ee54befb93df7262eaeea9e35,213,62214.884904399994,100.0,homopolymer,,,passed,1,"[""mol1""]","[""mol1""]",[622.1488490439999],[622.1488490439999],[100.0],[100.0],[1.0],[1.0],[62214.884904399994],"[""molar_amount_to_mass_by_exact_molecular_weight""]","[""molar_amount_to_mass_by_exact_molecular_weight""]",[],[],[],[62214.884904399994],[1.0],[100.0],[1.0],[],[],[],hierarchical_mole_internal_mass_blend_v1,RDKit.Chem.rdMolDescriptors.CalcExactMolWt,2022.09.5,"[null,null]","[null,null,null,null]",True
https://journals.tubitak.gov.tr/chem/vol30/iss5/12/,homopolymer,,,,O=C(C1=CC=C(C(N(C2=CC=C(OC3=CC=C(N4C(C(C=C(C([H])=O)C=C5)=C5C4=O)=O)C=C3)C=C2)C6=O)=O)C6=C1)NC7=CC=C(N[H])C=C7,,,,100.0,,,,0.0,,,,,21.0,a45987f77404f32b57cc064fe184500201bed54ee54befb93df7262eaeea9e35,214,62214.884904399994,100.0,homopolymer,,,passed,1,"[""mol1""]","[""mol1""]",[622.1488490439999],[622.1488490439999],[100.0],[100.0],[1.0],[1.0],[62214.884904399994],"[""molar_amount_to_mass_by_exact_molecular_weight""]","[""molar_amount_to_mass_by_exact_molecular_weight""]",[],[],[],[62214.884904399994],[1.0],[100.0],[1.0],[],[],[],hierarchical_mole_internal_mass_blend_v1,RDKit.Chem.rdMolDescriptors.CalcExactMolWt,2022.09.5,"[null,null]","[null,null,null,null]",True
https://journals.tubitak.gov.tr/chem/vol30/iss5/12/,homopolymer,,,,O=P(C)(C1=CC=CC(NC(C2=CC=C(C(N(C3=CC=C(OC4=CC=C(N5C(C(C=C(C([H])=O)C=C6)=C6C5=O)=O)C=C4)C=C3)C7=O)=O)C7=C2)=O)=C1)C8=CC(N[H])=CC=C8,,,,100.0,,,,0.0,,,,,29.0,2a8b77e15449d6f19899bf5f9abe5299a890f309e08c6a9b15e45b74e117e480,215,76017.2300518,100.0,homopolymer,,,passed,1,"[""mol1""]","[""mol1""]",[760.1723005179999],[760.1723005179999],[100.0],[100.0],[1.0],[1.0],[76017.2300518],"[""molar_amount_to_mass_by_exact_molecular_weight""]","[""molar_amount_to_mass_by_exact_molecular_weight""]",[],[],[],[76017.2300518],[1.0],[100.0],[1.0],[],[],[],hierarchical_mole_internal_mass_blend_v1,RDKit.Chem.rdMolDescriptors.CalcExactMolWt,2022.09.5,"[null,null]","[null,null,null,null]",True
https://journals.tubitak.gov.tr/chem/vol30/iss5/12/,homopolymer,,,,O=P(C)(C1=CC=CC(NC(C2=CC=C(C(N(C3=CC=C(OC4=CC=C(N5C(C(C=C(C([H])=O)C=C6)=C6C5=O)=O)C=C4)C=C3)C7=O)=O)C7=C2)=O)=C1)C8=CC(N[H])=CC=C8,,,,100.0,,,,0.0,,,,,29.0,2a8b77e15449d6f19899bf5f9abe5299a890f309e08c6a9b15e45b74e117e480,216,76017.2300518,100.0,homopolymer,,,passed,1,"[""mol1""]","[""mol1""]",[760.1723005179999],[760.1723005179999],[100.0],[100.0],[1.0],[1.0],[76017.2300518],"[""molar_amount_to_mass_by_exact_molecular_weight""]","[""molar_amount_to_mass_by_exact_molecular_weight""]",[],[],[],[76017.2300518],[1.0],[100.0],[1.0],[],[],[],hierarchical_mole_internal_mass_blend_v1,RDKit.Chem.rdMolDescriptors.CalcExactMolWt,2022.09.5,"[null,null]","[null,null,null,null]",True
?10.1016/j.compositesb.2020.108184,homopolymer,,,,OC(C[H])[H],,,,100.0,,,,0.0,,,,,36.3,8b19ff756ceafb96ce6debde3a73246383e2ddc295ab66bd9785ce7c106bb6f1,217,4604.1864812,100.0,homopolymer,,,passed,1,"[""mol1""]","[""mol1""]",[46.041864812],[46.041864812],[100.0],[100.0],[1.0],[1.0],[4604.1864812],"[""molar_amount_to_mass_by_exact_molecular_weight""]","[""molar_amount_to_mass_by_exact_molecular_weight""]",[],[],[],[4604.1864812],[1.0],[100.0],[1.0],[],[],[],hierarchical_mole_internal_mass_blend_v1,RDKit.Chem.rdMolDescriptors.CalcExactMolWt,2022.09.5,"[null,null]","[null,null,null,null]",True
10.1007/s10118-015-1557-7,homopolymer,,,,S=C(NC(C1=CC=CC(C(NC(NC2=CC=C(C=C2)[*])=S)=O)=N1)=O)NC3=CC=C(C=C3)N4C(C5=C(C4=O)C=C6C(C(N(C6=O)[*])=O)=C5)=O,,,,100.0,,,,0.0,,,,,258.0,b85ab5477987cb678e898daebeaded15ad7787288096a9918c307866e90f8e43,218,64706.81732640001,100.0,homopolymer,,,passed,1,"[""mol1""]","[""mol1""]",[647.068173264],[647.068173264],[100.0],[100.0],[1.0],[1.0],[64706.81732640001],"[""molar_amount_to_mass_by_exact_molecular_weight""]","[""molar_amount_to_mass_by_exact_molecular_weight""]",[],[],[],[64706.81732640001],[1.0],[100.0],[1.0],[],[],[],hierarchical_mole_internal_mass_blend_v1,RDKit.Chem.rdMolDescriptors.CalcExactMolWt,2022.09.5,"[null,null]","[null,null,null,null]",True
10.1002/pat.1237,homopolymer,,,,[H]C(C(NC1=CC=C(/C=C/C(C2=CC=C(C=C(OC)C=C3)C3=C2)=O)C=C1)=O)C[H],,,,100.0,,,,0.0,,,,,145.0,a823ea58b230064b19dfc58bd36edf171913dce4ed988d335f47a45d8846448d,219,35915.2143532,100.0,homopolymer,,,passed,1,"[""mol1""]","[""mol1""]",[359.15214353199997],[359.15214353199997],[100.0],[100.0],[1.0],[1.0],[35915.2143532],"[""molar_amount_to_mass_by_exact_molecular_weight""]","[""molar_amount_to_mass_by_exact_molecular_weight""]",[],[],[],[35915.2143532],[1.0],[100.0],[1.0],[],[],[],hierarchical_mole_internal_mass_blend_v1,RDKit.Chem.rdMolDescriptors.CalcExactMolWt,2022.09.5,"[null,null]","[null,null,null,null]",True
10.1002/pat.3692,homopolymer,,,,[H]C(C(NC1=CC=C(/C=C/C(C2=C(C=CC=C3)C3=CC4=C2C=CC=C4)=O)C=C1)=O)C[H],,,,100.0,,,,0.0,,,,,109.0,30e77a0c948072a054c453701fb0513def64c35ca12d26436881aa226366f8dd,220,37915.72289119999,100.0,homopolymer,,,passed,1,"[""mol1""]","[""mol1""]",[379.15722891199994],[379.15722891199994],[100.0],[100.0],[1.0],[1.0],[37915.72289119999],"[""molar_amount_to_mass_by_exact_molecular_weight""]","[""molar_amount_to_mass_by_exact_molecular_weight""]",[],[],[],[37915.72289119999],[1.0],[100.0],[1.0],[],[],[],hierarchical_mole_internal_mass_blend_v1,RDKit.Chem.rdMolDescriptors.CalcExactMolWt,2022.09.5,"[null,null]","[null,null,null,null]",True
10.1002/(SICI)1097-4628(19990404)72:1<109::AID-APP12>3.0.CO;2-Q,copolymer,,PET-co-PEDDP(PA12),,O=C([H])C1=CC=C(C(=O)OCCO[H])C=C1,O=P(C1=CC=CC=C12)(CC(CC(OCCO[H])=O)C([H])=O)OC3=C2C=CC=C3,,,92.1,,,,7.9,,,,,77.2,ef63ce6a64d6b04f59cebbe10bd894be0710000aef9d65ba04144d707c4417cb,221,20828.0596076482,100.0,copolymer,,,passed,2,"[""mol1"",""mol2""]","[""mol1"",""mol2""]","[194.0579088,374.091924958]","[194.0579088,374.091924958]","[92.1,7.9]","[92.1,7.9]","[0.9209999999999999,0.079]","[0.9209999999999999,0.079]","[17872.73340048,2955.3262071682]","[""molar_amount_to_mass_by_exact_molecular_weight"",""molar_amount_to_mass_by_exact_molecular_weight""]","[""molar_amount_to_mass_by_exact_molecular_weight"",""molar_amount_to_mass_by_exact_molecular_weight""]",[],[],[],[20828.0596076482],[1.0],[100.0],[1.0],[],[],[],hierarchical_mole_internal_mass_blend_v1,RDKit.Chem.rdMolDescriptors.CalcExactMolWt,2022.09.5,"[null,null]","[null,null,null,null]",True
10.1002/(SICI)1097-4628(19990404)72:1<109::AID-APP12>3.0.CO;2-Q,copolymer,,PET-co-PEDDP(PA20),,O=C([H])C1=CC=C(C(=O)OCCO[H])C=C1,O=P(C1=CC=CC=C12)(CC(CC(OCCO[H])=O)C([H])=O)OC3=C2C=CC=C3,,,85.0,,,,15.0,,,,,77.0,5d7352fac9c21702db797d22ff4a43633420403ceecd302d87ef874e7d9019e2,222,22106.301122369998,100.0,copolymer,,,passed,2,"[""mol1"",""mol2""]","[""mol1"",""mol2""]","[194.0579088,374.091924958]","[194.0579088,374.091924958]","[85.0,15.0]","[85.0,15.0]","[0.85,0.15]","[0.85,0.15]","[16494.922248,5611.37887437]","[""molar_amount_to_mass_by_exact_molecular_weight"",""molar_amount_to_mass_by_exact_molecular_weight""]","[""molar_amount_to_mass_by_exact_molecular_weight"",""molar_amount_to_mass_by_exact_molecular_weight""]",[],[],[],[22106.301122369998],[1.0],[100.0],[1.0],[],[],[],hierarchical_mole_internal_mass_blend_v1,RDKit.Chem.rdMolDescriptors.CalcExactMolWt,2022.09.5,"[null,null]","[null,null,null,null]",True
10.1002/(SICI)1097-4628(19990404)72:1<109::AID-APP12>3.0.CO;2-Q,copolymer,,PET-co-PEDDP(PA30),,O=C([H])C1=CC=C(C(=O)OCCO[H])C=C1,O=P(C1=CC=CC=C12)(CC(CC(OCCO[H])=O)C([H])=O)OC3=C2C=CC=C3,,,77.4,,,,22.6,,,,,76.8,8e9e9ebe09a52207d5dc757459b26b8c039d8d94fa973f46c1b52daddbfc3520,223,23474.559645170804,100.0,copolymer,,,passed,2,"[""mol1"",""mol2""]","[""mol1"",""mol2""]","[194.0579088,374.091924958]","[194.0579088,374.091924958]","[77.4,22.6]","[77.4,22.6]","[0.774,0.226]","[0.774,0.226]","[15020.082141120001,8454.477504050801]","[""molar_amount_to_mass_by_exact_molecular_weight"",""molar_amount_to_mass_by_exact_molecular_weight""]","[""molar_amount_to_mass_by_exact_molecular_weight"",""molar_amount_to_mass_by_exact_molecular_weight""]",[],[],[],[23474.559645170804],[1.0],[100.0],[1.0],[],[],[],hierarchical_mole_internal_mass_blend_v1,RDKit.Chem.rdMolDescriptors.CalcExactMolWt,2022.09.5,"[null,null]","[null,null,null,null]",True
郭德明,copolymer,,A10PET,,O=C([H])C1=CC=C(C(OCCO[H])=O)C=C1,CC(C)(C1=CC=C(C=C1)OCCO[H])C2=CC=C(C=C2)OCCOC(C(C=C3)=CC=C3C([H])=O)=O,,,90.0,,,,10.0,,,,,74.7,28f7650889e6995009460f5495905b93316f93c379ec228b2827b8a98da9059f,224,21947.09767816,100.0,copolymer,,,passed,2,"[""mol1"",""mol2""]","[""mol1"",""mol2""]","[194.0579088,448.1885886159999]","[194.0579088,448.1885886159999]","[90.0,10.0]","[90.0,10.0]","[0.9,0.1]","[0.9,0.1]","[17465.211792000002,4481.885886159999]","[""molar_amount_to_mass_by_exact_molecular_weight"",""molar_amount_to_mass_by_exact_molecular_weight""]","[""molar_amount_to_mass_by_exact_molecular_weight"",""molar_amount_to_mass_by_exact_molecular_weight""]",[],[],[],[21947.09767816],[1.0],[100.0],[1.0],[],[],[],hierarchical_mole_internal_mass_blend_v1,RDKit.Chem.rdMolDescriptors.CalcExactMolWt,2022.09.5,"[null,null]","[null,null,null,null]",True
郭德明,copolymer,,A20PET,,O=C([H])C1=CC=C(C(OCCO[H])=O)C=C1,CC(C)(C1=CC=C(C=C1)OCCO[H])C2=CC=C(C=C2)OCCOC(C(C=C3)=CC=C3C([H])=O)=O,,,90.0,,,,20.0,,,,,76.5,8df7bb5175d2c6cd069e29eab455cf735bb8d961afaa5ee112791f7d9b022816,225,26428.98356432,110.0,copolymer,,,passed,2,"[""mol1"",""mol2""]","[""mol1"",""mol2""]","[194.0579088,448.1885886159999]","[194.0579088,448.1885886159999]","[90.0,20.0]","[90.0,20.0]","[0.8181818181818182,0.18181818181818182]","[0.8181818181818182,0.18181818181818182]","[17465.211792000002,8963.771772319998]","[""molar_amount_to_mass_by_exact_molecular_weight"",""molar_amount_to_mass_by_exact_molecular_weight""]","[""molar_amount_to_mass_by_exact_molecular_weight"",""molar_amount_to_mass_by_exact_molecular_weight""]",[],[],[],[26428.98356432],[1.0],[110.0],[1.0],[],[],[],hierarchical_mole_internal_mass_blend_v1,RDKit.Chem.rdMolDescriptors.CalcExactMolWt,2022.09.5,"[null,null]","[null,null,null,null]",True
10.1016/j.polymdegradstab.2017.09.022,copolymer,,PET-DMTMI0,,O=C([H])C1=CC=C(C(=O)OCCO[H])C=C1,[H]C(C1=CC(C(OCCO[H])=O)=CC(N2C(C3C4C=CC(C3C2=O)C4)=O)=C1)=O,,,100.0,,,,0.0,,,,,72.5,9f73291acd684d093cc018b33348c4c43c334bf0afcd9808e4e9eac1fec3cfef,226,19405.79088,100.0,homopolymer,,,passed,1,"[""mol1""]","[""mol1""]",[194.0579088],[194.0579088],[100.0],[100.0],[1.0],[1.0],[19405.79088],"[""molar_amount_to_mass_by_exact_molecular_weight""]","[""molar_amount_to_mass_by_exact_molecular_weight""]",[2],[],[],[19405.79088],[1.0],[100.0],[1.0],[],[],[],hierarchical_mole_internal_mass_blend_v1,RDKit.Chem.rdMolDescriptors.CalcExactMolWt,2022.09.5,"[null,null]","[null,null,null,null]",True
10.1016/j.polymdegradstab.2017.09.022,copolymer,,PET-DMTMI5,,O=C([H])C1=CC=C(C(=O)OCCO[H])C=C1,[H]C(C1=CC(C(OCCO[H])=O)=CC(N2C(C3C4C=CC(C3C2=O)C4)=O)=C1)=O,,,95.0,,,,5.0,,,,,83.0,5b1b5ac4a9a7aae8ba06fb44a8438791518583def7f9da626f63676b5dcd40b4,227,20211.02927232,100.0,copolymer,,,passed,2,"[""mol1"",""mol2""]","[""mol1"",""mol2""]","[194.0579088,355.10558726399995]","[194.0579088,355.10558726399995]","[95.0,5.0]","[95.0,5.0]","[0.95,0.05]","[0.95,0.05]","[18435.501336,1775.5279363199998]","[""molar_amount_to_mass_by_exact_molecular_weight"",""molar_amount_to_mass_by_exact_molecular_weight""]","[""molar_amount_to_mass_by_exact_molecular_weight"",""molar_amount_to_mass_by_exact_molecular_weight""]",[],[],[],[20211.02927232],[1.0],[100.0],[1.0],[],[],[],hierarchical_mole_internal_mass_blend_v1,RDKit.Chem.rdMolDescriptors.CalcExactMolWt,2022.09.5,"[null,null]","[null,null,null,null]",True
10.1016/j.polymdegradstab.2017.09.022,copolymer,,PET-DMTMI10,,O=C([H])C1=CC=C(C(=O)OCCO[H])C=C1,[H]C(C1=CC(C(OCCO[H])=O)=CC(N2C(C3C4C=CC(C3C2=O)C4)=O)=C1)=O,,,90.0,,,,10.0,,,,,89.5,76a80b98239c70a8421cc5d2d3cbae4e6e4763815ecf0b5cbabee2aa6d9959b5,228,21016.26766464,100.0,copolymer,,,passed,2,"[""mol1"",""mol2""]","[""mol1"",""mol2""]","[194.0579088,355.10558726399995]","[194.0579088,355.10558726399995]","[90.0,10.0]","[90.0,10.0]","[0.9,0.1]","[0.9,0.1]","[17465.211792000002,3551.0558726399995]","[""molar_amount_to_mass_by_exact_molecular_weight"",""molar_amount_to_mass_by_exact_molecular_weight""]","[""molar_amount_to_mass_by_exact_molecular_weight"",""molar_amount_to_mass_by_exact_molecular_weight""]",[],[],[],[21016.26766464],[1.0],[100.0],[1.0],[],[],[],hierarchical_mole_internal_mass_blend_v1,RDKit.Chem.rdMolDescriptors.CalcExactMolWt,2022.09.5,"[null,null]","[null,null,null,null]",True
10.1016/j.polymdegradstab.2017.09.022,copolymer,,PET-DMTMI20,,O=C([H])C1=CC=C(C(=O)OCCO[H])C=C1,[H]C(C1=CC(C(OCCO[H])=O)=CC(N2C(C3C4C=CC(C3C2=O)C4)=O)=C1)=O,,,80.0,,,,20.0,,,,,98.6,e565f2947b1d8ff375f92f19d80c42a830eebfd8cea249b53788816ba64bbc99,229,22626.74444928,100.0,copolymer,,,passed,2,"[""mol1"",""mol2""]","[""mol1"",""mol2""]","[194.0579088,355.10558726399995]","[194.0579088,355.10558726399995]","[80.0,20.0]","[80.0,20.0]","[0.8,0.2]","[0.8,0.2]","[15524.632704,7102.111745279999]","[""molar_amount_to_mass_by_exact_molecular_weight"",""molar_amount_to_mass_by_exact_molecular_weight""]","[""molar_amount_to_mass_by_exact_molecular_weight"",""molar_amount_to_mass_by_exact_molecular_weight""]",[],[],[],[22626.74444928],[1.0],[100.0],[1.0],[],[],[],hierarchical_mole_internal_mass_blend_v1,RDKit.Chem.rdMolDescriptors.CalcExactMolWt,2022.09.5,"[null,null]","[null,null,null,null]",True
郭德明,copolymer,,A30PET,,O=C([H])C1=CC=C(C(OCCO[H])=O)C=C1,CC(C)(C1=CC=C(C=C1)OCCO[H])C2=CC=C(C=C2)OCCOC(C(C=C3)=CC=C3C([H])=O)=O,,,90.0,,,,30.0,,,,,78.5,9a8219c9841ccc025a7e6e9da845a7777fab31756b8bebea69c30687c8b2dbb7,230,30910.86945048,120.0,copolymer,,,passed,2,"[""mol1"",""mol2""]","[""mol1"",""mol2""]","[194.0579088,448.1885886159999]","[194.0579088,448.1885886159999]","[90.0,30.0]","[90.0,30.0]","[0.75,0.25]","[0.75,0.25]","[17465.211792000002,13445.657658479997]","[""molar_amount_to_mass_by_exact_molecular_weight"",""molar_amount_to_mass_by_exact_molecular_weight""]","[""molar_amount_to_mass_by_exact_molecular_weight"",""molar_amount_to_mass_by_exact_molecular_weight""]",[],[],[],[30910.86945048],[1.0],[120.0],[1.0],[],[],[],hierarchical_mole_internal_mass_blend_v1,RDKit.Chem.rdMolDescriptors.CalcExactMolWt,2022.09.5,"[null,null]","[null,null,null,null]",True
郭德明,copolymer,,A5PET,,O=C([H])C1=CC=C(C(OCCO[H])=O)C=C1,CC(C)(C1=CC=C(C=C1)OCCO[H])C2=CC=C(C=C2)OCCOC(C(C=C3)=CC=C3C([H])=O)=O,,,100.0,,,,5.0,,,,,74.8,e998348d7c1d271d1cf0adb61baf5d3691f6c98540649c7e735f620ee05094dc,231,21646.73382308,105.0,copolymer,,,passed,2,"[""mol1"",""mol2""]","[""mol1"",""mol2""]","[194.0579088,448.1885886159999]","[194.0579088,448.1885886159999]","[100.0,5.0]","[100.0,5.0]","[0.9523809523809523,0.047619047619047616]","[0.9523809523809523,0.047619047619047616]","[19405.79088,2240.9429430799996]","[""molar_amount_to_mass_by_exact_molecular_weight"",""molar_amount_to_mass_by_exact_molecular_weight""]","[""molar_amount_to_mass_by_exact_molecular_weight"",""molar_amount_to_mass_by_exact_molecular_weight""]",[],[],[],[21646.73382308],[1.0],[105.0],[1.0],[],[],[],hierarchical_mole_internal_mass_blend_v1,RDKit.Chem.rdMolDescriptors.CalcExactMolWt,2022.09.5,"[null,null]","[null,null,null,null]",True
10.1002/pola.22636,copolymer,,PPETI1,,O=C([H])C1=CC=C(C(=O)OCCO[H])C=C1,OCCOC(CCP(C1=CC=CC=C1)([O-])=O)=O.[Na+],,,99.0,,,,1.0,,,,,73.5,e9d276e5ccc3de7bbac4f120f465f87997d5af296028a999fcb74a415296f98b,232,19491.780625658,100.0,copolymer,,,passed,2,"[""mol1"",""mol2""]","[""mol1"",""mol2""]","[194.0579088,280.047654458]","[194.0579088,280.047654458]","[99.0,1.0]","[99.0,1.0]","[0.99,0.01]","[0.99,0.01]","[19211.7329712,280.047654458]","[""molar_amount_to_mass_by_exact_molecular_weight"",""molar_amount_to_mass_by_exact_molecular_weight""]","[""molar_amount_to_mass_by_exact_molecular_weight"",""molar_amount_to_mass_by_exact_molecular_weight""]",[],[],[],[19491.780625658],[1.0],[100.0],[1.0],[],[],[],hierarchical_mole_internal_mass_blend_v1,RDKit.Chem.rdMolDescriptors.CalcExactMolWt,2022.09.5,"[null,null]","[null,null,null,null]",True
10.1002/pola.22636,copolymer,,PPETI3,,O=C([H])C1=CC=C(C(=O)OCCO[H])C=C1,OCCOC(CCP(C1=CC=CC=C1)([O-])=O)=O.[Na+],,,97.0,,,,3.0,,,,,73.4,5c695dfb27853210b62c6e63ae947bc7cc346785e57648bf92531522030c80d1,233,19663.760116974,100.0,copolymer,,,passed,2,"[""mol1"",""mol2""]","[""mol1"",""mol2""]","[194.0579088,280.047654458]","[194.0579088,280.047654458]","[97.0,3.0]","[97.0,3.0]","[0.97,0.03]","[0.97,0.03]","[18823.6171536,840.142963374]","[""molar_amount_to_mass_by_exact_molecular_weight"",""molar_amount_to_mass_by_exact_molecular_weight""]","[""molar_amount_to_mass_by_exact_molecular_weight"",""molar_amount_to_mass_by_exact_molecular_weight""]",[],[],[],[19663.760116974],[1.0],[100.0],[1.0],[],[],[],hierarchical_mole_internal_mass_blend_v1,RDKit.Chem.rdMolDescriptors.CalcExactMolWt,2022.09.5,"[null,null]","[null,null,null,null]",True
10.1002/pola.22636,copolymer,,PPETI5,,O=C([H])C1=CC=C(C(=O)OCCO[H])C=C1,OCCOC(CCP(C1=CC=CC=C1)([O-])=O)=O.[Na+],,,95.0,,,,5.0,,,,,71.1,94d2890b2e20912f6457d4fe889b55ee6e29bf35e8e417dfcc13351eef35ec30,234,19835.73960829,100.0,copolymer,,,passed,2,"[""mol1"",""mol2""]","[""mol1"",""mol2""]","[194.0579088,280.047654458]","[194.0579088,280.047654458]","[95.0,5.0]","[95.0,5.0]","[0.95,0.05]","[0.95,0.05]","[18435.501336,1400.2382722900002]","[""molar_amount_to_mass_by_exact_molecular_weight"",""molar_amount_to_mass_by_exact_molecular_weight""]","[""molar_amount_to_mass_by_exact_molecular_weight"",""molar_amount_to_mass_by_exact_molecular_weight""]",[],[],[],[19835.73960829],[1.0],[100.0],[1.0],[],[],[],hierarchical_mole_internal_mass_blend_v1,RDKit.Chem.rdMolDescriptors.CalcExactMolWt,2022.09.5,"[null,null]","[null,null,null,null]",True
10.1002/pola.22636,copolymer,,PPETI10,,O=C([H])C1=CC=C(C(=O)OCCO[H])C=C1,OCCOC(CCP(C1=CC=CC=C1)([O-])=O)=O.[Na+],,,90.0,,,,10.0,,,,,71.4,e76cb00ee58d2b21ace3b70031340300541cb3ce83bb0dafe00e57399bdedacd,235,20265.688336580002,100.0,copolymer,,,passed,2,"[""mol1"",""mol2""]","[""mol1"",""mol2""]","[194.0579088,280.047654458]","[194.0579088,280.047654458]","[90.0,10.0]","[90.0,10.0]","[0.9,0.1]","[0.9,0.1]","[17465.211792000002,2800.4765445800003]","[""molar_amount_to_mass_by_exact_molecular_weight"",""molar_amount_to_mass_by_exact_molecular_weight""]","[""molar_amount_to_mass_by_exact_molecular_weight"",""molar_amount_to_mass_by_exact_molecular_weight""]",[],[],[],[20265.688336580002],[1.0],[100.0],[1.0],[],[],[],hierarchical_mole_internal_mass_blend_v1,RDKit.Chem.rdMolDescriptors.CalcExactMolWt,2022.09.5,"[null,null]","[null,null,null,null]",True
吴嘉宁,copolymer,,BA10PET,,O=C([H])C1=CC=C(C(OCCO[H])=O)C=C1,O=C(C1=CC(C(OCCO[H])=O)=CC(/N=C/C2=CC=CC=C2)=C1)[H],,,100.0,,,,10.0,,,,,86.0,ea8d1d1e027c52f12dc6a7c8eb7b550e3a925a270e2d452ce7b85e0104a574c1,236,22376.7919596,110.0,copolymer,,,passed,2,"[""mol1"",""mol2""]","[""mol1"",""mol2""]","[194.0579088,297.10010796]","[194.0579088,297.10010796]","[100.0,10.0]","[100.0,10.0]","[0.9090909090909091,0.09090909090909091]","[0.9090909090909091,0.09090909090909091]","[19405.79088,2971.0010796]","[""molar_amount_to_mass_by_exact_molecular_weight"",""molar_amount_to_mass_by_exact_molecular_weight""]","[""molar_amount_to_mass_by_exact_molecular_weight"",""molar_amount_to_mass_by_exact_molecular_weight""]",[],[],[],[22376.7919596],[1.0],[110.0],[1.0],[],[],[],hierarchical_mole_internal_mass_blend_v1,RDKit.Chem.rdMolDescriptors.CalcExactMolWt,2022.09.5,"[null,null]","[null,null,null,null]",True
吴嘉宁,copolymer,,BA15PET,,O=C([H])C1=CC=C(C(OCCO[H])=O)C=C1,O=C(C1=CC(C(OCCO[H])=O)=CC(/N=C/C2=CC=CC=C2)=C1)[H],,,100.0,,,,15.0,,,,,86.0,e5b39c6a0ade6d375a92c24dc94274ea69dab565dac72436305069fc6babba82,237,23862.2924994,115.0,copolymer,,,passed,2,"[""mol1"",""mol2""]","[""mol1"",""mol2""]","[194.0579088,297.10010796]","[194.0579088,297.10010796]","[100.0,15.0]","[100.0,15.0]","[0.8695652173913043,0.13043478260869565]","[0.8695652173913043,0.13043478260869565]","[19405.79088,4456.5016194]","[""molar_amount_to_mass_by_exact_molecular_weight"",""molar_amount_to_mass_by_exact_molecular_weight""]","[""molar_amount_to_mass_by_exact_molecular_weight"",""molar_amount_to_mass_by_exact_molecular_weight""]",[],[],[],[23862.2924994],[1.0],[115.0],[1.0],[],[],[],hierarchical_mole_internal_mass_blend_v1,RDKit.Chem.rdMolDescriptors.CalcExactMolWt,2022.09.5,"[null,null]","[null,null,null,null]",True
吴嘉宁,copolymer,,BA5PET,,O=C([H])C1=CC=C(C(OCCO[H])=O)C=C1,O=C(C1=CC(C(OCCO[H])=O)=CC(/N=C/C2=CC=CC=C2)=C1)[H],,,100.0,,,,5.0,,,,,84.0,f883e0f6f5ab90824c65b06986c9a48dc3d9898491ffce3fe7072450e97c6ba5,238,20891.2914198,105.0,copolymer,,,passed,2,"[""mol1"",""mol2""]","[""mol1"",""mol2""]","[194.0579088,297.10010796]","[194.0579088,297.10010796]","[100.0,5.0]","[100.0,5.0]","[0.9523809523809523,0.047619047619047616]","[0.9523809523809523,0.047619047619047616]","[19405.79088,1485.5005398]","[""molar_amount_to_mass_by_exact_molecular_weight"",""molar_amount_to_mass_by_exact_molecular_weight""]","[""molar_amount_to_mass_by_exact_molecular_weight"",""molar_amount_to_mass_by_exact_molecular_weight""]",[],[],[],[20891.2914198],[1.0],[105.0],[1.0],[],[],[],hierarchical_mole_internal_mass_blend_v1,RDKit.Chem.rdMolDescriptors.CalcExactMolWt,2022.09.5,"[null,null]","[null,null,null,null]",True
郭德明,copolymer,,BD10PET,,O=C([H])C1=CC=C(C(OCCO[H])=O)C=C1,[H]OCCOC(C=C1)=CC=C1OC(C=C2)=CC=C2OC3=CC=C(C=C3)OCCOC(C4=CC=C(C=C4)C([H])=O)=O,,,100.0,,,,10.0,,,,,81.1,11eb4c2af9272fcc7f2c1c8e1cbcb42d50f7b99a3750c7333a540b8d81691237,239,24547.41855792,110.0,copolymer,,,passed,2,"[""mol1"",""mol2""]","[""mol1"",""mol2""]","[194.0579088,514.162767792]","[194.0579088,514.162767792]","[100.0,10.0]","[100.0,10.0]","[0.9090909090909091,0.09090909090909091]","[0.9090909090909091,0.09090909090909091]","[19405.79088,5141.62767792]","[""molar_amount_to_mass_by_exact_molecular_weight"",""molar_amount_to_mass_by_exact_molecular_weight""]","[""molar_amount_to_mass_by_exact_molecular_weight"",""molar_amount_to_mass_by_exact_molecular_weight""]",[],[],[],[24547.41855792],[1.0],[110.0],[1.0],[],[],[],hierarchical_mole_internal_mass_blend_v1,RDKit.Chem.rdMolDescriptors.CalcExactMolWt,2022.09.5,"[null,null]","[null,null,null,null]",True
郭德明,copolymer,,BD20PET,,O=C([H])C1=CC=C(C(OCCO[H])=O)C=C1,[H]OCCOC(C=C1)=CC=C1OC(C=C2)=CC=C2OC3=CC=C(C=C3)OCCOC(C4=CC=C(C=C4)C([H])=O)=O,,,100.0,,,,20.0,,,,,81.3,e4a65602a20137d61f18d6b27f6e75d0e2729b7f6d582e9fa9086d60fc81986f,240,29689.04623584,120.0,copolymer,,,passed,2,"[""mol1"",""mol2""]","[""mol1"",""mol2""]","[194.0579088,514.162767792]","[194.0579088,514.162767792]","[100.0,20.0]","[100.0,20.0]","[0.8333333333333334,0.16666666666666666]","[0.8333333333333334,0.16666666666666666]","[19405.79088,10283.25535584]","[""molar_amount_to_mass_by_exact_molecular_weight"",""molar_amount_to_mass_by_exact_molecular_weight""]","[""molar_amount_to_mass_by_exact_molecular_weight"",""molar_amount_to_mass_by_exact_molecular_weight""]",[],[],[],[29689.04623584],[1.0],[120.0],[1.0],[],[],[],hierarchical_mole_internal_mass_blend_v1,RDKit.Chem.rdMolDescriptors.CalcExactMolWt,2022.09.5,"[null,null]","[null,null,null,null]",True
郭德明,copolymer,,BD30PET,,O=C([H])C1=CC=C(C(OCCO[H])=O)C=C1,[H]OCCOC(C=C1)=CC=C1OC(C=C2)=CC=C2OC3=CC=C(C=C3)OCCOC(C4=CC=C(C=C4)C([H])=O)=O,,,100.0,,,,30.0,,,,,82.3,250cff61807e790f94c0969ece5b68bb9d345a806f3bb8baaee55f6b5a6e62e2,241,34830.67391376,130.0,copolymer,,,passed,2,"[""mol1"",""mol2""]","[""mol1"",""mol2""]","[194.0579088,514.162767792]","[194.0579088,514.162767792]","[100.0,30.0]","[100.0,30.0]","[0.7692307692307693,0.23076923076923078]","[0.7692307692307693,0.23076923076923078]","[19405.79088,15424.88303376]","[""molar_amount_to_mass_by_exact_molecular_weight"",""molar_amount_to_mass_by_exact_molecular_weight""]","[""molar_amount_to_mass_by_exact_molecular_weight"",""molar_amount_to_mass_by_exact_molecular_weight""]",[],[],[],[34830.67391376],[1.0],[130.0],[1.0],[],[],[],hierarchical_mole_internal_mass_blend_v1,RDKit.Chem.rdMolDescriptors.CalcExactMolWt,2022.09.5,"[null,null]","[null,null,null,null]",True
郭德明,copolymer,,BD5PET,,O=C([H])C1=CC=C(C(OCCO[H])=O)C=C1,[H]OCCOC(C=C1)=CC=C1OC(C=C2)=CC=C2OC3=CC=C(C=C3)OCCOC(C4=CC=C(C=C4)C([H])=O)=O,,,100.0,,,,5.0,,,,,82.6,611f64f26d637309ce7fc329c56aa4aa3cd812ea574ecaf9696ce1c668630de2,242,21976.60471896,105.0,copolymer,,,passed,2,"[""mol1"",""mol2""]","[""mol1"",""mol2""]","[194.0579088,514.162767792]","[194.0579088,514.162767792]","[100.0,5.0]","[100.0,5.0]","[0.9523809523809523,0.047619047619047616]","[0.9523809523809523,0.047619047619047616]","[19405.79088,2570.81383896]","[""molar_amount_to_mass_by_exact_molecular_weight"",""molar_amount_to_mass_by_exact_molecular_weight""]","[""molar_amount_to_mass_by_exact_molecular_weight"",""molar_amount_to_mass_by_exact_molecular_weight""]",[],[],[],[21976.60471896],[1.0],[105.0],[1.0],[],[],[],hierarchical_mole_internal_mass_blend_v1,RDKit.Chem.rdMolDescriptors.CalcExactMolWt,2022.09.5,"[null,null]","[null,null,null,null]",True
吴嘉宁,copolymer,,CBAA10PET,,O=C([H])C1=CC=C(C(OCCO[H])=O)C=C1,O=C(C1=CC(C(OCCO[H])=O)=CC(/N=C/C2=C(C=CC=C2)C#N)=C1)[H],,,100.0,,,,10.0,,,,,87.0,4b79c2f935f2a5f0dbda398e89ca957d637ccc22aa0708546d57343dd005ba8e,243,22626.74444928,110.0,copolymer,,,passed,2,"[""mol1"",""mol2""]","[""mol1"",""mol2""]","[194.0579088,322.095356928]","[194.0579088,322.095356928]","[100.0,10.0]","[100.0,10.0]","[0.9090909090909091,0.09090909090909091]","[0.9090909090909091,0.09090909090909091]","[19405.79088,3220.95356928]","[""molar_amount_to_mass_by_exact_molecular_weight"",""molar_amount_to_mass_by_exact_molecular_weight""]","[""molar_amount_to_mass_by_exact_molecular_weight"",""molar_amount_to_mass_by_exact_molecular_weight""]",[],[],[],[22626.74444928],[1.0],[110.0],[1.0],[],[],[],hierarchical_mole_internal_mass_blend_v1,RDKit.Chem.rdMolDescriptors.CalcExactMolWt,2022.09.5,"[null,null]","[null,null,null,null]",True
10.1002/pat.4161,copolymer,,PS,,[H]CC([H])C1=CC=CC=C1,CC(C(OCCN(CP(OC)(OC)=O)CP(OC)(OC)=O)=O)([H])C[H],,100.0,,,,0.0,,,,,,108.0,a0ab6bbab0a33b19f04d6dfae1e84eaa9fc106cee5a9d8a179e875beda7322ff,244,100.0,0.9427003150818938,homopolymer,,,passed,1,"[""wt1""]","[""wt1""]",[106.07825032],[106.07825032],[0.9427003150818938],[0.9427003150818938],[1.0],[1.0],[100.0],"[""weight_amount_to_moles_by_exact_molecular_weight""]","[""weight_amount_to_moles_by_exact_molecular_weight""]",[2],[],[],[100.0],[1.0],[0.9427003150818938],[1.0],[],[],[],hierarchical_mole_internal_mass_blend_v1,RDKit.Chem.rdMolDescriptors.CalcExactMolWt,2022.09.5,"[null,null]","[null,null,null,null]",True
10.1002/pat.4161,copolymer,,A-PS-5,,[H]CC([H])C1=CC=CC=C1,CC(C(OCCN(CP(OC)(OC)=O)CP(OC)(OC)=O)=O)([H])C[H],,75.0,,,,25.0,,,,,,107.0,c518bcf5522848271a75ab1a1b8ee150fa3a5a5178ea26709b8205cb61ad3244,245,100.0,0.7736703650347585,copolymer,,,passed,2,"[""wt1"",""wt2""]","[""wt1"",""wt2""]","[106.07825032,375.1211900839999]","[106.07825032,375.1211900839999]","[0.7070252363114203,0.06664512872333822]","[0.7070252363114203,0.06664512872333822]","[0.9138584961563779,0.08614150384362218]","[0.9138584961563779,0.08614150384362218]","[75.0,25.0]","[""weight_amount_to_moles_by_exact_molecular_weight"",""weight_amount_to_moles_by_exact_molecular_weight""]","[""weight_amount_to_moles_by_exact_molecular_weight"",""weight_amount_to_moles_by_exact_molecular_weight""]",[],[],[],[100.0],[1.0],[0.7736703650347585],[1.0],[],[],[],hierarchical_mole_internal_mass_blend_v1,RDKit.Chem.rdMolDescriptors.CalcExactMolWt,2022.09.5,"[null,null]","[null,null,null,null]",True
10.1002/pat.4161,copolymer,,A-PS-10,,[H]CC([H])C1=CC=CC=C1,CC(C(OCCN(CP(OC)(OC)=O)CP(OC)(OC)=O)=O)([H])C[H],,50.0,,,,50.0,,,,,,106.0,6b122ad5fb6344d34861856733a3ea9e7509bd1f4b09316f3a1c4e891e27a141,246,100.0,0.6046404149876233,copolymer,,,passed,2,"[""wt1"",""wt2""]","[""wt1"",""wt2""]","[106.07825032,375.1211900839999]","[106.07825032,375.1211900839999]","[0.4713501575409469,0.13329025744667644]","[0.4713501575409469,0.13329025744667644]","[0.7795545019110163,0.22044549808898373]","[0.7795545019110163,0.22044549808898373]","[50.0,50.0]","[""weight_amount_to_moles_by_exact_molecular_weight"",""weight_amount_to_moles_by_exact_molecular_weight""]","[""weight_amount_to_moles_by_exact_molecular_weight"",""weight_amount_to_moles_by_exact_molecular_weight""]",[],[],[],[100.0],[1.0],[0.6046404149876233],[1.0],[],[],[],hierarchical_mole_internal_mass_blend_v1,RDKit.Chem.rdMolDescriptors.CalcExactMolWt,2022.09.5,"[null,null]","[null,null,null,null]",True
10.1002/pat.4161,copolymer,,A-PS-15,,[H]CC([H])C1=CC=CC=C1,CC(C(OCCN(CP(OC)(OC)=O)CP(OC)(OC)=O)=O)([H])C[H],,25.0,,,,75.0,,,,,,105.0,1624d97d0fec80a8a8801a7a2dd8e1e0d3afd8c75867d7d37d578ba24f750c2d,247,100.0,0.4356104649404881,copolymer,,,passed,2,"[""wt1"",""wt2""]","[""wt1"",""wt2""]","[106.07825032,375.1211900839999]","[106.07825032,375.1211900839999]","[0.23567507877047345,0.19993538617001466]","[0.23567507877047345,0.19993538617001466]","[0.5410225367351327,0.4589774632648673]","[0.5410225367351327,0.4589774632648673]","[25.0,75.0]","[""weight_amount_to_moles_by_exact_molecular_weight"",""weight_amount_to_moles_by_exact_molecular_weight""]","[""weight_amount_to_moles_by_exact_molecular_weight"",""weight_amount_to_moles_by_exact_molecular_weight""]",[],[],[],[100.0],[1.0],[0.4356104649404881],[1.0],[],[],[],hierarchical_mole_internal_mass_blend_v1,RDKit.Chem.rdMolDescriptors.CalcExactMolWt,2022.09.5,"[null,null]","[null,null,null,null]",True
10.1002/pat.4161,copolymer,,A-PS-20,,[H]CC([H])C1=CC=CC=C1,CC(C(OCCN(CP(OC)(OC)=O)CP(OC)(OC)=O)=O)([H])C[H],,0.0,,,,100.0,,,,,,104.0,f165427c9c8c07efebf740a14e1ba693d6bb2a6c008a0841390702a41bd4e0c3,248,100.0,0.2665805148933529,homopolymer,,,passed,1,"[""wt2""]","[""wt2""]",[375.1211900839999],[375.1211900839999],[0.2665805148933529],[0.2665805148933529],[1.0],[1.0],[100.0],"[""weight_amount_to_moles_by_exact_molecular_weight""]","[""weight_amount_to_moles_by_exact_molecular_weight""]",[1],[],[],[100.0],[1.0],[0.2665805148933529],[1.0],[],[],[],hierarchical_mole_internal_mass_blend_v1,RDKit.Chem.rdMolDescriptors.CalcExactMolWt,2022.09.5,"[null,null]","[null,null,null,null]",True
吴嘉宁,copolymer,,CBAA15PET,,O=C([H])C1=CC=C(C(OCCO[H])=O)C=C1,O=C(C1=CC(C(OCCO[H])=O)=CC(/N=C/C2=C(C=CC=C2)C#N)=C1)[H],,,100.0,,,,15.0,,,,,89.0,7f2c3e65ad3899532893bd39543c42cf792680ad71ff77d34a787d7d1283da23,249,24237.22123392,115.0,copolymer,,,passed,2,"[""mol1"",""mol2""]","[""mol1"",""mol2""]","[194.0579088,322.095356928]","[194.0579088,322.095356928]","[100.0,15.0]","[100.0,15.0]","[0.8695652173913043,0.13043478260869565]","[0.8695652173913043,0.13043478260869565]","[19405.79088,4831.43035392]","[""molar_amount_to_mass_by_exact_molecular_weight"",""molar_amount_to_mass_by_exact_molecular_weight""]","[""molar_amount_to_mass_by_exact_molecular_weight"",""molar_amount_to_mass_by_exact_molecular_weight""]",[],[],[],[24237.22123392],[1.0],[115.0],[1.0],[],[],[],hierarchical_mole_internal_mass_blend_v1,RDKit.Chem.rdMolDescriptors.CalcExactMolWt,2022.09.5,"[null,null]","[null,null,null,null]",True
吴嘉宁,copolymer,,CBAA5PET,,O=C([H])C1=CC=C(C(OCCO[H])=O)C=C1,O=C(C1=CC(C(OCCO[H])=O)=CC(/N=C/C2=C(C=CC=C2)C#N)=C1)[H],,,100.0,,,,5.0,,,,,86.0,0e45bd46aa93ab7b1e0d369525f9100e89cf597ea3af4ef83e343ea37e6c1291,250,21016.26766464,105.0,copolymer,,,passed,2,"[""mol1"",""mol2""]","[""mol1"",""mol2""]","[194.0579088,322.095356928]","[194.0579088,322.095356928]","[100.0,5.0]","[100.0,5.0]","[0.9523809523809523,0.047619047619047616]","[0.9523809523809523,0.047619047619047616]","[19405.79088,1610.47678464]","[""molar_amount_to_mass_by_exact_molecular_weight"",""molar_amount_to_mass_by_exact_molecular_weight""]","[""molar_amount_to_mass_by_exact_molecular_weight"",""molar_amount_to_mass_by_exact_molecular_weight""]",[],[],[],[21016.26766464],[1.0],[105.0],[1.0],[],[],[],hierarchical_mole_internal_mass_blend_v1,RDKit.Chem.rdMolDescriptors.CalcExactMolWt,2022.09.5,"[null,null]","[null,null,null,null]",True
ft,copolymer,,CP10PET,,O=C([H])C1=CC=C(C(OCCO[H])=O)C=C1,O=C([H])C1=CC(C(OCCO[H])=O)=CC(OC2=CC=C(C=C2)C#N)=C1,,,100.0,,,,10.0,,,,,79.0,ffa4efa5be38146dda1039584f35d33201da3369a3e65f5f4722b1ae4b61b477,251,22516.584605160002,110.0,copolymer,,,passed,2,"[""mol1"",""mol2""]","[""mol1"",""mol2""]","[194.0579088,311.0793725160001]","[194.0579088,311.0793725160001]","[100.0,10.0]","[100.0,10.0]","[0.9090909090909091,0.09090909090909091]","[0.9090909090909091,0.09090909090909091]","[19405.79088,3110.793725160001]","[""molar_amount_to_mass_by_exact_molecular_weight"",""molar_amount_to_mass_by_exact_molecular_weight""]","[""molar_amount_to_mass_by_exact_molecular_weight"",""molar_amount_to_mass_by_exact_molecular_weight""]",[],[],[],[22516.584605160002],[1.0],[110.0],[1.0],[],[],[],hierarchical_mole_internal_mass_blend_v1,RDKit.Chem.rdMolDescriptors.CalcExactMolWt,2022.09.5,"[null,null]","[null,null,null,null]",True
ft,copolymer,,CP15PET,,O=C([H])C1=CC=C(C(OCCO[H])=O)C=C1,O=C([H])C1=CC(C(OCCO[H])=O)=CC(OC2=CC=C(C=C2)C#N)=C1,,,100.0,,,,15.0,,,,,78.0,4bea2de765095985abb39d290b3432170939b867de5f9f52d4f53e359eebe96b,252,24071.981467740003,115.0,copolymer,,,passed,2,"[""mol1"",""mol2""]","[""mol1"",""mol2""]","[194.0579088,311.0793725160001]","[194.0579088,311.0793725160001]","[100.0,15.0]","[100.0,15.0]","[0.8695652173913043,0.13043478260869565]","[0.8695652173913043,0.13043478260869565]","[19405.79088,4666.190587740001]","[""molar_amount_to_mass_by_exact_molecular_weight"",""molar_amount_to_mass_by_exact_molecular_weight""]","[""molar_amount_to_mass_by_exact_molecular_weight"",""molar_amount_to_mass_by_exact_molecular_weight""]",[],[],[],[24071.981467740003],[1.0],[115.0],[1.0],[],[],[],hierarchical_mole_internal_mass_blend_v1,RDKit.Chem.rdMolDescriptors.CalcExactMolWt,2022.09.5,"[null,null]","[null,null,null,null]",True
ft,copolymer,,CP5PET,,O=C([H])C1=CC=C(C(OCCO[H])=O)C=C1,O=C([H])C1=CC(C(OCCO[H])=O)=CC(OC2=CC=C(C=C2)C#N)=C1,,,100.0,,,,5.0,,,,,82.0,34e66901d9fc846685a12b9f2f49077bd53e3dc35dc6d5fdc8e57fa941b2b3e5,253,20961.18774258,105.0,copolymer,,,passed,2,"[""mol1"",""mol2""]","[""mol1"",""mol2""]","[194.0579088,311.0793725160001]","[194.0579088,311.0793725160001]","[100.0,5.0]","[100.0,5.0]","[0.9523809523809523,0.047619047619047616]","[0.9523809523809523,0.047619047619047616]","[19405.79088,1555.3968625800005]","[""molar_amount_to_mass_by_exact_molecular_weight"",""molar_amount_to_mass_by_exact_molecular_weight""]","[""molar_amount_to_mass_by_exact_molecular_weight"",""molar_amount_to_mass_by_exact_molecular_weight""]",[],[],[],[20961.18774258],[1.0],[105.0],[1.0],[],[],[],hierarchical_mole_internal_mass_blend_v1,RDKit.Chem.rdMolDescriptors.CalcExactMolWt,2022.09.5,"[null,null]","[null,null,null,null]",True
郭德明,copolymer,,D10PET,,O=C([H])C1=CC=C(C(OCCO[H])=O)C=C1,[H]OC1=CC=C(OC2=CC=C(OC3=CC=C(C=C3)OC(C4=CC=C(C=C4)C([H])=O)=O)C=C2)C=C1,,,100.0,,,,10.0,,,,,82.5,661fc8cf9a28bda10906d4a814dd1a3717b484514971c9add236ad2ddf3ef323,254,23666.89426296,110.0,copolymer,,,passed,2,"[""mol1"",""mol2""]","[""mol1"",""mol2""]","[194.0579088,426.11033829599995]","[194.0579088,426.11033829599995]","[100.0,10.0]","[100.0,10.0]","[0.9090909090909091,0.09090909090909091]","[0.9090909090909091,0.09090909090909091]","[19405.79088,4261.103382959999]","[""molar_amount_to_mass_by_exact_molecular_weight"",""molar_amount_to_mass_by_exact_molecular_weight""]","[""molar_amount_to_mass_by_exact_molecular_weight"",""molar_amount_to_mass_by_exact_molecular_weight""]",[],[],[],[23666.89426296],[1.0],[110.0],[1.0],[],[],[],hierarchical_mole_internal_mass_blend_v1,RDKit.Chem.rdMolDescriptors.CalcExactMolWt,2022.09.5,"[null,null]","[null,null,null,null]",True
郭德明,copolymer,,D20PET,,O=C([H])C1=CC=C(C(OCCO[H])=O)C=C1,[H]OC1=CC=C(OC2=CC=C(OC3=CC=C(C=C3)OC(C4=CC=C(C=C4)C([H])=O)=O)C=C2)C=C1,,,100.0,,,,20.0,,,,,84.6,890ae19393a0fb9b3968979ae4ee4c04eca010f65e14b07c0692507bc939d433,255,27927.997645919997,120.0,copolymer,,,passed,2,"[""mol1"",""mol2""]","[""mol1"",""mol2""]","[194.0579088,426.11033829599995]","[194.0579088,426.11033829599995]","[100.0,20.0]","[100.0,20.0]","[0.8333333333333334,0.16666666666666666]","[0.8333333333333334,0.16666666666666666]","[19405.79088,8522.206765919998]","[""molar_amount_to_mass_by_exact_molecular_weight"",""molar_amount_to_mass_by_exact_molecular_weight""]","[""molar_amount_to_mass_by_exact_molecular_weight"",""molar_amount_to_mass_by_exact_molecular_weight""]",[],[],[],[27927.997645919997],[1.0],[120.0],[1.0],[],[],[],hierarchical_mole_internal_mass_blend_v1,RDKit.Chem.rdMolDescriptors.CalcExactMolWt,2022.09.5,"[null,null]","[null,null,null,null]",True
10.1002/(SICI)1097-4628(19960307)59:10<1619::AID-APP14>3.0.CO;2-R,copolymer,,PS-OP-2,,Oc1ccc(C([H])C[H])cc1,[H]C(C[H])c1ccc(OP(OCC)(OCC)=O)cc1,,,54.0,,,,46.0,,,,,100.0,1708dd15e4d9778ec058aa96ceef142a822c3628b327efbd591406fe877c378f,256,18464.647309788,100.0,copolymer,,,passed,2,"[""mol1"",""mol2""]","[""mol1"",""mol2""]","[122.07316494,258.102095718]","[122.07316494,258.102095718]","[54.0,46.0]","[54.0,46.0]","[0.54,0.46]","[0.54,0.46]","[6591.95090676,11872.696403028]","[""molar_amount_to_mass_by_exact_molecular_weight"",""molar_amount_to_mass_by_exact_molecular_weight""]","[""molar_amount_to_mass_by_exact_molecular_weight"",""molar_amount_to_mass_by_exact_molecular_weight""]",[],[],[],[18464.647309788],[1.0],[100.0],[1.0],[],[],[],hierarchical_mole_internal_mass_blend_v1,RDKit.Chem.rdMolDescriptors.CalcExactMolWt,2022.09.5,"[null,null]","[null,null,null,null]",True
10.1002/(SICI)1097-4628(19960307)59:10<1619::AID-APP14>3.0.CO;2-R,copolymer,,PS-OP-3,,Oc1ccc(C([H])C[H])cc1,[H]C(C[H])c1ccc(OP(OCC)(OCC)=O)cc1,,,63.0,,,,37.0,,,,,112.0,0ba10066dc76676bdd6e3de636d60ecac183e346cf6bd7ec4c8e078d40b1432b,257,17240.386932786,100.0,copolymer,,,passed,2,"[""mol1"",""mol2""]","[""mol1"",""mol2""]","[122.07316494,258.102095718]","[122.07316494,258.102095718]","[63.0,37.0]","[63.0,37.0]","[0.63,0.37]","[0.63,0.37]","[7690.609391219999,9549.777541566]","[""molar_amount_to_mass_by_exact_molecular_weight"",""molar_amount_to_mass_by_exact_molecular_weight""]","[""molar_amount_to_mass_by_exact_molecular_weight"",""molar_amount_to_mass_by_exact_molecular_weight""]",[],[],[],[17240.386932786],[1.0],[100.0],[1.0],[],[],[],hierarchical_mole_internal_mass_blend_v1,RDKit.Chem.rdMolDescriptors.CalcExactMolWt,2022.09.5,"[null,null]","[null,null,null,null]",True
10.1002/(SICI)1097-4628(19960307)59:10<1619::AID-APP14>3.0.CO;2-R,copolymer,,PS-OP-4,,Oc1ccc(C([H])C[H])cc1,[H]C(C[H])c1ccc(OP(OCC)(OCC)=O)cc1,,,77.0,,,,23.0,,,,,140.0,9cb5c87c5f8c2e9bc056db0b8a22fe33587f17b5282fde7f995b46add1dd3a0c,258,15335.981901894,100.0,copolymer,,,passed,2,"[""mol1"",""mol2""]","[""mol1"",""mol2""]","[122.07316494,258.102095718]","[122.07316494,258.102095718]","[77.0,23.0]","[77.0,23.0]","[0.77,0.23]","[0.77,0.23]","[9399.63370038,5936.348201514]","[""molar_amount_to_mass_by_exact_molecular_weight"",""molar_amount_to_mass_by_exact_molecular_weight""]","[""molar_amount_to_mass_by_exact_molecular_weight"",""molar_amount_to_mass_by_exact_molecular_weight""]",[],[],[],[15335.981901894],[1.0],[100.0],[1.0],[],[],[],hierarchical_mole_internal_mass_blend_v1,RDKit.Chem.rdMolDescriptors.CalcExactMolWt,2022.09.5,"[null,null]","[null,null,null,null]",True
郭德明,copolymer,,D30PET,,O=C([H])C1=CC=C(C(OCCO[H])=O)C=C1,[H]OC1=CC=C(OC2=CC=C(OC3=CC=C(C=C3)OC(C4=CC=C(C=C4)C([H])=O)=O)C=C2)C=C1,,,100.0,,,,30.0,,,,,89.9,6d4ec305bc15af58d239dc3de6027bc66ba380da1b0c879e813fcbc88f379f67,259,32189.10102888,130.0,copolymer,,,passed,2,"[""mol1"",""mol2""]","[""mol1"",""mol2""]","[194.0579088,426.11033829599995]","[194.0579088,426.11033829599995]","[100.0,30.0]","[100.0,30.0]","[0.7692307692307693,0.23076923076923078]","[0.7692307692307693,0.23076923076923078]","[19405.79088,12783.310148879998]","[""molar_amount_to_mass_by_exact_molecular_weight"",""molar_amount_to_mass_by_exact_molecular_weight""]","[""molar_amount_to_mass_by_exact_molecular_weight"",""molar_amount_to_mass_by_exact_molecular_weight""]",[],[],[],[32189.10102888],[1.0],[130.0],[1.0],[],[],[],hierarchical_mole_internal_mass_blend_v1,RDKit.Chem.rdMolDescriptors.CalcExactMolWt,2022.09.5,"[null,null]","[null,null,null,null]",True
郭德明,copolymer,,D5PET,,O=C([H])C1=CC=C(C(OCCO[H])=O)C=C1,[H]OC1=CC=C(OC2=CC=C(OC3=CC=C(C=C3)OC(C4=CC=C(C=C4)C([H])=O)=O)C=C2)C=C1,,,100.0,,,,5.0,,,,,80.5,c72e8df66e3f02fd3dc4c78abe1f0dac4f5c192344634a958ed5bc1f58c3e13e,260,21536.34257148,105.0,copolymer,,,passed,2,"[""mol1"",""mol2""]","[""mol1"",""mol2""]","[194.0579088,426.11033829599995]","[194.0579088,426.11033829599995]","[100.0,5.0]","[100.0,5.0]","[0.9523809523809523,0.047619047619047616]","[0.9523809523809523,0.047619047619047616]","[19405.79088,2130.5516914799996]","[""molar_amount_to_mass_by_exact_molecular_weight"",""molar_amount_to_mass_by_exact_molecular_weight""]","[""molar_amount_to_mass_by_exact_molecular_weight"",""molar_amount_to_mass_by_exact_molecular_weight""]",[],[],[],[21536.34257148],[1.0],[105.0],[1.0],[],[],[],hierarchical_mole_internal_mass_blend_v1,RDKit.Chem.rdMolDescriptors.CalcExactMolWt,2022.09.5,"[null,null]","[null,null,null,null]",True
ft,copolymer,,DCP10PET,,O=C([H])C1=CC=C(C(OCCO[H])=O)C=C1,O=C([H])C1=CC(C(OCCO[H])=O)=CC(OC2=CC=C(C(C#N)=C2)C#N)=C1,,,100.0,,,,10.0,,,,,82.0,369e985159c22d10f87353e79a0021b93d1c07167cf26060a6c0ecaf39a4976b,261,22766.53709484,110.0,copolymer,,,passed,2,"[""mol1"",""mol2""]","[""mol1"",""mol2""]","[194.0579088,336.0746214840001]","[194.0579088,336.0746214840001]","[100.0,10.0]","[100.0,10.0]","[0.9090909090909091,0.09090909090909091]","[0.9090909090909091,0.09090909090909091]","[19405.79088,3360.746214840001]","[""molar_amount_to_mass_by_exact_molecular_weight"",""molar_amount_to_mass_by_exact_molecular_weight""]","[""molar_amount_to_mass_by_exact_molecular_weight"",""molar_amount_to_mass_by_exact_molecular_weight""]",[],[],[],[22766.53709484],[1.0],[110.0],[1.0],[],[],[],hierarchical_mole_internal_mass_blend_v1,RDKit.Chem.rdMolDescriptors.CalcExactMolWt,2022.09.5,"[null,null]","[null,null,null,null]",True
ft,copolymer,,DCP15PET,,O=C([H])C1=CC=C(C(OCCO[H])=O)C=C1,O=C([H])C1=CC(C(OCCO[H])=O)=CC(OC2=CC=C(C(C#N)=C2)C#N)=C1,,,100.0,,,,15.0,,,,,82.0,d91161e274b29ac08b0af3e630449eafe71afaa531e05a2af539a3607c771690,262,24446.910202260002,115.0,copolymer,,,passed,2,"[""mol1"",""mol2""]","[""mol1"",""mol2""]","[194.0579088,336.0746214840001]","[194.0579088,336.0746214840001]","[100.0,15.0]","[100.0,15.0]","[0.8695652173913043,0.13043478260869565]","[0.8695652173913043,0.13043478260869565]","[19405.79088,5041.119322260001]","[""molar_amount_to_mass_by_exact_molecular_weight"",""molar_amount_to_mass_by_exact_molecular_weight""]","[""molar_amount_to_mass_by_exact_molecular_weight"",""molar_amount_to_mass_by_exact_molecular_weight""]",[],[],[],[24446.910202260002],[1.0],[115.0],[1.0],[],[],[],hierarchical_mole_internal_mass_blend_v1,RDKit.Chem.rdMolDescriptors.CalcExactMolWt,2022.09.5,"[null,null]","[null,null,null,null]",True
ft,copolymer,,DCP5PET,,O=C([H])C1=CC=C(C(OCCO[H])=O)C=C1,O=C([H])C1=CC(C(OCCO[H])=O)=CC(OC2=CC=C(C(C#N)=C2)C#N)=C1,,,100.0,,,,5.0,,,,,83.0,5297d6c31a1f0d9d5c4cf909fd3b5f27b877801892398b2bf55b3a05f38213da,263,21086.16398742,105.0,copolymer,,,passed,2,"[""mol1"",""mol2""]","[""mol1"",""mol2""]","[194.0579088,336.0746214840001]","[194.0579088,336.0746214840001]","[100.0,5.0]","[100.0,5.0]","[0.9523809523809523,0.047619047619047616]","[0.9523809523809523,0.047619047619047616]","[19405.79088,1680.3731074200005]","[""molar_amount_to_mass_by_exact_molecular_weight"",""molar_amount_to_mass_by_exact_molecular_weight""]","[""molar_amount_to_mass_by_exact_molecular_weight"",""molar_amount_to_mass_by_exact_molecular_weight""]",[],[],[],[21086.16398742],[1.0],[105.0],[1.0],[],[],[],hierarchical_mole_internal_mass_blend_v1,RDKit.Chem.rdMolDescriptors.CalcExactMolWt,2022.09.5,"[null,null]","[null,null,null,null]",True
ft,copolymer,,DMCP10PET,,O=C([H])C1=CC=C(C(OCCO[H])=O)C=C1,O=C([H])C1=CC=C(C=C1)OC2=CC(C#N)=CC(OC3=CC=C(C=C3)C(OCCO[H])=O)=C2,,,100.0,,,,10.0,,,,,83.0,1cf4775c22f0e0b3d61f4c774078c4625115257e10bc065fef5fe7b250dd89f2,264,23436.846752639998,110.0,copolymer,,,passed,2,"[""mol1"",""mol2""]","[""mol1"",""mol2""]","[194.0579088,403.10558726399995]","[194.0579088,403.10558726399995]","[100.0,10.0]","[100.0,10.0]","[0.9090909090909091,0.09090909090909091]","[0.9090909090909091,0.09090909090909091]","[19405.79088,4031.0558726399995]","[""molar_amount_to_mass_by_exact_molecular_weight"",""molar_amount_to_mass_by_exact_molecular_weight""]","[""molar_amount_to_mass_by_exact_molecular_weight"",""molar_amount_to_mass_by_exact_molecular_weight""]",[],[],[],[23436.846752639998],[1.0],[110.0],[1.0],[],[],[],hierarchical_mole_internal_mass_blend_v1,RDKit.Chem.rdMolDescriptors.CalcExactMolWt,2022.09.5,"[null,null]","[null,null,null,null]",True
ft,copolymer,,DMCP15PET,,O=C([H])C1=CC=C(C(OCCO[H])=O)C=C1,O=C([H])C1=CC=C(C=C1)OC2=CC(C#N)=CC(OC3=CC=C(C=C3)C(OCCO[H])=O)=C2,,,100.0,,,,15.0,,,,,85.0,c1ba5723d1ccaac095f14b2587b3abc848919dee9b2c7f1f2db6d3946f882dfa,265,25452.37468896,115.0,copolymer,,,passed,2,"[""mol1"",""mol2""]","[""mol1"",""mol2""]","[194.0579088,403.10558726399995]","[194.0579088,403.10558726399995]","[100.0,15.0]","[100.0,15.0]","[0.8695652173913043,0.13043478260869565]","[0.8695652173913043,0.13043478260869565]","[19405.79088,6046.583808959999]","[""molar_amount_to_mass_by_exact_molecular_weight"",""molar_amount_to_mass_by_exact_molecular_weight""]","[""molar_amount_to_mass_by_exact_molecular_weight"",""molar_amount_to_mass_by_exact_molecular_weight""]",[],[],[],[25452.37468896],[1.0],[115.0],[1.0],[],[],[],hierarchical_mole_internal_mass_blend_v1,RDKit.Chem.rdMolDescriptors.CalcExactMolWt,2022.09.5,"[null,null]","[null,null,null,null]",True
ft,copolymer,,DMCP5PET,,O=C([H])C1=CC=C(C(OCCO[H])=O)C=C1,O=C([H])C1=CC=C(C=C1)OC2=CC(C#N)=CC(OC3=CC=C(C=C3)C(OCCO[H])=O)=C2,,,100.0,,,,5.0,,,,,82.0,682f5a5baf891dc433106bec4f6ed50072edab13fc3d6b4b5d125123c1b455a6,266,21421.31881632,105.0,copolymer,,,passed,2,"[""mol1"",""mol2""]","[""mol1"",""mol2""]","[194.0579088,403.10558726399995]","[194.0579088,403.10558726399995]","[100.0,5.0]","[100.0,5.0]","[0.9523809523809523,0.047619047619047616]","[0.9523809523809523,0.047619047619047616]","[19405.79088,2015.5279363199998]","[""molar_amount_to_mass_by_exact_molecular_weight"",""molar_amount_to_mass_by_exact_molecular_weight""]","[""molar_amount_to_mass_by_exact_molecular_weight"",""molar_amount_to_mass_by_exact_molecular_weight""]",[],[],[],[21421.31881632],[1.0],[105.0],[1.0],[],[],[],hierarchical_mole_internal_mass_blend_v1,RDKit.Chem.rdMolDescriptors.CalcExactMolWt,2022.09.5,"[null,null]","[null,null,null,null]",True
ft,copolymer,,DOCP10PET,,O=C([H])C1=CC=C(C(OCCO[H])=O)C=C1,O=C([H])C1=CC=C(C=C1)OC2=CC=CC(OC3=CC=C(C=C3)C(OCCO[H])=O)=C2C#N,,,100.0,,,,10.0,,,,,86.0,716bfd8624e5ab6013aa16754b37a92158e2b57809ba0630d7da86c9339ec5e4,267,23436.846752639998,110.0,copolymer,,,passed,2,"[""mol1"",""mol2""]","[""mol1"",""mol2""]","[194.0579088,403.10558726399995]","[194.0579088,403.10558726399995]","[100.0,10.0]","[100.0,10.0]","[0.9090909090909091,0.09090909090909091]","[0.9090909090909091,0.09090909090909091]","[19405.79088,4031.0558726399995]","[""molar_amount_to_mass_by_exact_molecular_weight"",""molar_amount_to_mass_by_exact_molecular_weight""]","[""molar_amount_to_mass_by_exact_molecular_weight"",""molar_amount_to_mass_by_exact_molecular_weight""]",[],[],[],[23436.846752639998],[1.0],[110.0],[1.0],[],[],[],hierarchical_mole_internal_mass_blend_v1,RDKit.Chem.rdMolDescriptors.CalcExactMolWt,2022.09.5,"[null,null]","[null,null,null,null]",True
ft,copolymer,,DOCP15PET,,O=C([H])C1=CC=C(C(OCCO[H])=O)C=C1,O=C([H])C1=CC=C(C=C1)OC2=CC=CC(OC3=CC=C(C=C3)C(OCCO[H])=O)=C2C#N,,,100.0,,,,15.0,,,,,84.0,f2ef0d877bf3275251a5cbe96b9c8f565c98c4379f36e8e2069601de9e22d5f5,268,25452.37468896,115.0,copolymer,,,passed,2,"[""mol1"",""mol2""]","[""mol1"",""mol2""]","[194.0579088,403.10558726399995]","[194.0579088,403.10558726399995]","[100.0,15.0]","[100.0,15.0]","[0.8695652173913043,0.13043478260869565]","[0.8695652173913043,0.13043478260869565]","[19405.79088,6046.583808959999]","[""molar_amount_to_mass_by_exact_molecular_weight"",""molar_amount_to_mass_by_exact_molecular_weight""]","[""molar_amount_to_mass_by_exact_molecular_weight"",""molar_amount_to_mass_by_exact_molecular_weight""]",[],[],[],[25452.37468896],[1.0],[115.0],[1.0],[],[],[],hierarchical_mole_internal_mass_blend_v1,RDKit.Chem.rdMolDescriptors.CalcExactMolWt,2022.09.5,"[null,null]","[null,null,null,null]",True
ft,copolymer,,DOCP5PET,,O=C([H])C1=CC=C(C(OCCO[H])=O)C=C1,O=C([H])C1=CC=C(C=C1)OC2=CC=CC(OC3=CC=C(C=C3)C(OCCO[H])=O)=C2C#N,,,100.0,,,,5.0,,,,,86.0,5697f32888d1c7c5248732a5eec4d4226a49fe247908801ae029ab7ab191a870,269,21421.31881632,105.0,copolymer,,,passed,2,"[""mol1"",""mol2""]","[""mol1"",""mol2""]","[194.0579088,403.10558726399995]","[194.0579088,403.10558726399995]","[100.0,5.0]","[100.0,5.0]","[0.9523809523809523,0.047619047619047616]","[0.9523809523809523,0.047619047619047616]","[19405.79088,2015.5279363199998]","[""molar_amount_to_mass_by_exact_molecular_weight"",""molar_amount_to_mass_by_exact_molecular_weight""]","[""molar_amount_to_mass_by_exact_molecular_weight"",""molar_amount_to_mass_by_exact_molecular_weight""]",[],[],[],[21421.31881632],[1.0],[105.0],[1.0],[],[],[],hierarchical_mole_internal_mass_blend_v1,RDKit.Chem.rdMolDescriptors.CalcExactMolWt,2022.09.5,"[null,null]","[null,null,null,null]",True
10.1016/j.jhazmat.2020.122040,copolymer,,EKE10PET,,O=C([H])C1=CC=C(C(OCCO[H])=O)C=C1,O=C(C1=CC=C(OC2=CC=C(OCCOC(C(C=C3)=CC=C3C([H])=O)=O)C=C2)C=C1)C4=CC=C(OC5=CC=C(OCCO[H])C=C5)C=C4,,,100.0,,,,10.0,,,,,84.0,938bc0c8fc44150cad6416c55943da3014f2d0d805c4ec8cbe9b1e51be304514,270,25587.680705400002,110.0,copolymer,,,passed,2,"[""mol1"",""mol2""]","[""mol1"",""mol2""]","[194.0579088,618.18898254]","[194.0579088,618.18898254]","[100.0,10.0]","[100.0,10.0]","[0.9090909090909091,0.09090909090909091]","[0.9090909090909091,0.09090909090909091]","[19405.79088,6181.8898254]","[""molar_amount_to_mass_by_exact_molecular_weight"",""molar_amount_to_mass_by_exact_molecular_weight""]","[""molar_amount_to_mass_by_exact_molecular_weight"",""molar_amount_to_mass_by_exact_molecular_weight""]",[],[],[],[25587.680705400002],[1.0],[110.0],[1.0],[],[],[],hierarchical_mole_internal_mass_blend_v1,RDKit.Chem.rdMolDescriptors.CalcExactMolWt,2022.09.5,"[null,null]","[null,null,null,null]",True
10.1016/j.jhazmat.2020.122040,copolymer,,EKE20PET,,O=C([H])C1=CC=C(C(OCCO[H])=O)C=C1,O=C(C1=CC=C(OC2=CC=C(OCCOC(C(C=C3)=CC=C3C([H])=O)=O)C=C2)C=C1)C4=CC=C(OC5=CC=C(OCCO[H])C=C5)C=C4,,,100.0,,,,15.0,,,,,88.0,67b1b2ac6a4eb4a6c4a28511d92d9a3e8380205018692e64081ff0233c8f2d74,271,28678.6256181,115.0,copolymer,,,passed,2,"[""mol1"",""mol2""]","[""mol1"",""mol2""]","[194.0579088,618.18898254]","[194.0579088,618.18898254]","[100.0,15.0]","[100.0,15.0]","[0.8695652173913043,0.13043478260869565]","[0.8695652173913043,0.13043478260869565]","[19405.79088,9272.8347381]","[""molar_amount_to_mass_by_exact_molecular_weight"",""molar_amount_to_mass_by_exact_molecular_weight""]","[""molar_amount_to_mass_by_exact_molecular_weight"",""molar_amount_to_mass_by_exact_molecular_weight""]",[],[],[],[28678.6256181],[1.0],[115.0],[1.0],[],[],[],hierarchical_mole_internal_mass_blend_v1,RDKit.Chem.rdMolDescriptors.CalcExactMolWt,2022.09.5,"[null,null]","[null,null,null,null]",True
10.1016/j.jhazmat.2020.122040,copolymer,,EKE5PET,,O=C([H])C1=CC=C(C(OCCO[H])=O)C=C1,O=C(C1=CC=C(OC2=CC=C(OCCOC(C(C=C3)=CC=C3C([H])=O)=O)C=C2)C=C1)C4=CC=C(OC5=CC=C(OCCO[H])C=C5)C=C4,,,100.0,,,,5.0,,,,,82.0,ddc9a220ac9f9bd635c781e431775e423e0789401889a5fe512ce76bb228c85a,272,22496.7357927,105.0,copolymer,,,passed,2,"[""mol1"",""mol2""]","[""mol1"",""mol2""]","[194.0579088,618.18898254]","[194.0579088,618.18898254]","[100.0,5.0]","[100.0,5.0]","[0.9523809523809523,0.047619047619047616]","[0.9523809523809523,0.047619047619047616]","[19405.79088,3090.9449127]","[""molar_amount_to_mass_by_exact_molecular_weight"",""molar_amount_to_mass_by_exact_molecular_weight""]","[""molar_amount_to_mass_by_exact_molecular_weight"",""molar_amount_to_mass_by_exact_molecular_weight""]",[],[],[],[22496.7357927],[1.0],[105.0],[1.0],[],[],[],hierarchical_mole_internal_mass_blend_v1,RDKit.Chem.rdMolDescriptors.CalcExactMolWt,2022.09.5,"[null,null]","[null,null,null,null]",True
郭德明,copolymer,,F10PET,,O=C([H])C1=CC=C(C(OCCO[H])=O)C=C1,O=C([H])C1=CC=C(C(OCCOC(C=C2)=CC=C2CC(C=C3)=CC=C3OCCO[H])=O)C=C1,,,90.0,,,,10.0,,,,,73.8,ba0b3f51611e23d29a9f750ee30cf6f1a8fc13a424a3036e4c3f2357d8e180f1,273,21666.78467688,100.0,copolymer,,,passed,2,"[""mol1"",""mol2""]","[""mol1"",""mol2""]","[194.0579088,420.1572884879999]","[194.0579088,420.1572884879999]","[90.0,10.0]","[90.0,10.0]","[0.9,0.1]","[0.9,0.1]","[17465.211792000002,4201.572884879999]","[""molar_amount_to_mass_by_exact_molecular_weight"",""molar_amount_to_mass_by_exact_molecular_weight""]","[""molar_amount_to_mass_by_exact_molecular_weight"",""molar_amount_to_mass_by_exact_molecular_weight""]",[],[],[],[21666.78467688],[1.0],[100.0],[1.0],[],[],[],hierarchical_mole_internal_mass_blend_v1,RDKit.Chem.rdMolDescriptors.CalcExactMolWt,2022.09.5,"[null,null]","[null,null,null,null]",True
郭德明,copolymer,,F20PET,,O=C([H])C1=CC=C(C(OCCO[H])=O)C=C1,O=C([H])C1=CC=C(C(OCCOC(C=C2)=CC=C2CC(C=C3)=CC=C3OCCO[H])=O)C=C1,,,100.0,,,,20.0,,,,,72.1,b537d33437ea49f6adb09563beefef973168ab3f8870431083090b2b0ba6e7eb,274,27808.93664976,120.0,copolymer,,,passed,2,"[""mol1"",""mol2""]","[""mol1"",""mol2""]","[194.0579088,420.1572884879999]","[194.0579088,420.1572884879999]","[100.0,20.0]","[100.0,20.0]","[0.8333333333333334,0.16666666666666666]","[0.8333333333333334,0.16666666666666666]","[19405.79088,8403.145769759998]","[""molar_amount_to_mass_by_exact_molecular_weight"",""molar_amount_to_mass_by_exact_molecular_weight""]","[""molar_amount_to_mass_by_exact_molecular_weight"",""molar_amount_to_mass_by_exact_molecular_weight""]",[],[],[],[27808.93664976],[1.0],[120.0],[1.0],[],[],[],hierarchical_mole_internal_mass_blend_v1,RDKit.Chem.rdMolDescriptors.CalcExactMolWt,2022.09.5,"[null,null]","[null,null,null,null]",True
郭德明,copolymer,,F30PET,,O=C([H])C1=CC=C(C(OCCO[H])=O)C=C1,O=C([H])C1=CC=C(C(OCCOC(C=C2)=CC=C2CC(C=C3)=CC=C3OCCO[H])=O)C=C1,,,100.0,,,,30.0,,,,,71.4,4b417c0ad5ef3bd2a09974660637e821a226cd2c057bcc5bea29dd3980f55c23,275,32010.509534639998,130.0,copolymer,,,passed,2,"[""mol1"",""mol2""]","[""mol1"",""mol2""]","[194.0579088,420.1572884879999]","[194.0579088,420.1572884879999]","[100.0,30.0]","[100.0,30.0]","[0.7692307692307693,0.23076923076923078]","[0.7692307692307693,0.23076923076923078]","[19405.79088,12604.718654639997]","[""molar_amount_to_mass_by_exact_molecular_weight"",""molar_amount_to_mass_by_exact_molecular_weight""]","[""molar_amount_to_mass_by_exact_molecular_weight"",""molar_amount_to_mass_by_exact_molecular_weight""]",[],[],[],[32010.509534639998],[1.0],[130.0],[1.0],[],[],[],hierarchical_mole_internal_mass_blend_v1,RDKit.Chem.rdMolDescriptors.CalcExactMolWt,2022.09.5,"[null,null]","[null,null,null,null]",True
郭德明,copolymer,,F5PET,,O=C([H])C1=CC=C(C(OCCO[H])=O)C=C1,O=C([H])C1=CC=C(C(OCCOC(C=C2)=CC=C2CC(C=C3)=CC=C3OCCO[H])=O)C=C1,,,100.0,,,,5.0,,,,,73.0,06d312868d6ed2522e8f7ece593cd02a358077bc23b861f5884f5fe1fe76c818,276,21506.57732244,105.0,copolymer,,,passed,2,"[""mol1"",""mol2""]","[""mol1"",""mol2""]","[194.0579088,420.1572884879999]","[194.0579088,420.1572884879999]","[100.0,5.0]","[100.0,5.0]","[0.9523809523809523,0.047619047619047616]","[0.9523809523809523,0.047619047619047616]","[19405.79088,2100.7864424399995]","[""molar_amount_to_mass_by_exact_molecular_weight"",""molar_amount_to_mass_by_exact_molecular_weight""]","[""molar_amount_to_mass_by_exact_molecular_weight"",""molar_amount_to_mass_by_exact_molecular_weight""]",[],[],[],[21506.57732244],[1.0],[105.0],[1.0],[],[],[],hierarchical_mole_internal_mass_blend_v1,RDKit.Chem.rdMolDescriptors.CalcExactMolWt,2022.09.5,"[null,null]","[null,null,null,null]",True
10.1002/pat.4206,copolymer,,FRPA66-2,,[H]NCCCCCCNC(CCCCC([H])=O)=O,O=C(CC(CP1(OC2=CC=CC=C2C3=CC=CC=C31)=O)C([H])=O)NCCCCCCN[H],,98.0,,,,2.0,,,,,,64.5,e69f4131990b3d7c2fa0da98305fcbc6e4942031120e3e775057d3911ead5850,277,100.0,0.43414924491913776,copolymer,,,passed,2,"[""wt1"",""wt2""]","[""wt1"",""wt2""]","[228.183778008,428.18649403800003]","[228.183778008,428.18649403800003]","[0.42947838297499036,0.004670861944147419]","[0.42947838297499036,0.004670861944147419]","[0.9892413450010321,0.010758654998967897]","[0.9892413450010321,0.010758654998967897]","[98.0,2.0]","[""weight_amount_to_moles_by_exact_molecular_weight"",""weight_amount_to_moles_by_exact_molecular_weight""]","[""weight_amount_to_moles_by_exact_molecular_weight"",""weight_amount_to_moles_by_exact_molecular_weight""]",[],[],[],[100.0],[1.0],[0.43414924491913776],[1.0],[],[],[],hierarchical_mole_internal_mass_blend_v1,RDKit.Chem.rdMolDescriptors.CalcExactMolWt,2022.09.5,"[null,null]","[null,null,null,null]",True
lbw,copolymer,,PTT-co-pHPI5,,O=C(C1=CC=C(C=C1)C(OCCCO[H])=O)[H],O=C(N1C2=CC=C(C(OCCCO[H])=O)C=C2O)C3=CC(C([H])=O)=CC=C3C1=O,,,100.0,,,,5.0,,,,,60.4,75c00ce2e5d7942ab24e121a0c5b49b958ee217b7ef34993304cbf95b2a46391,278,22652.7801455,105.0,copolymer,,,passed,2,"[""mol1"",""mol2""]","[""mol1"",""mol2""]","[208.073558864,369.08485182]","[208.073558864,369.08485182]","[100.0,5.0]","[100.0,5.0]","[0.9523809523809523,0.047619047619047616]","[0.9523809523809523,0.047619047619047616]","[20807.3558864,1845.4242591]","[""molar_amount_to_mass_by_exact_molecular_weight"",""molar_amount_to_mass_by_exact_molecular_weight""]","[""molar_amount_to_mass_by_exact_molecular_weight"",""molar_amount_to_mass_by_exact_molecular_weight""]",[],[],[],[22652.7801455],[1.0],[105.0],[1.0],[],[],[],hierarchical_mole_internal_mass_blend_v1,RDKit.Chem.rdMolDescriptors.CalcExactMolWt,2022.09.5,"[null,null]","[null,null,null,null]",True
lbw,copolymer,,PBT-co-pHPI5,,[H]C(C1=CC=C(C=C1)C(OCCCCO[H])=O)=O,O=C(C1=CC(C([H])=O)=CC=C1C2=O)N2C3=CC=C(C=C3O)C(OCCCCO[H])=O,,,100.0,,,,5.0,,,,,64.5,8e201cb8447100c6f05c21b74ac0a716916936c023b988912032762849522bf9,279,24124.42340222,105.0,copolymer,,,passed,2,"[""mol1"",""mol2""]","[""mol1"",""mol2""]","[222.089208928,383.1005018839999]","[222.089208928,383.1005018839999]","[100.0,5.0]","[100.0,5.0]","[0.9523809523809523,0.047619047619047616]","[0.9523809523809523,0.047619047619047616]","[22208.9208928,1915.5025094199996]","[""molar_amount_to_mass_by_exact_molecular_weight"",""molar_amount_to_mass_by_exact_molecular_weight""]","[""molar_amount_to_mass_by_exact_molecular_weight"",""molar_amount_to_mass_by_exact_molecular_weight""]",[],[],[],[24124.42340222],[1.0],[105.0],[1.0],[],[],[],hierarchical_mole_internal_mass_blend_v1,RDKit.Chem.rdMolDescriptors.CalcExactMolWt,2022.09.5,"[null,null]","[null,null,null,null]",True
10.1007/BF03219026,copolymer,,FR-PBT-10,,O=C(C1=CC=C(C(OCCCCO[H])=O)C=C1)[H],O=C(CC(CP1(OC2=C(C3=C1C=CC=C3)C=CC=C2)=O)C([H])=O)OCCCCO[H],,,90.0,,,,10.0,,,,,48.0,a34dbd495cd738bb09a6de45e3beda427dc3c02215b3957aed00f11f7d6920fb,280,24009.261054379996,100.0,copolymer,,,passed,2,"[""mol1"",""mol2""]","[""mol1"",""mol2""]","[222.089208928,402.12322508599993]","[222.089208928,402.12322508599993]","[90.0,10.0]","[90.0,10.0]","[0.9,0.1]","[0.9,0.1]","[19988.02880352,4021.232250859999]","[""molar_amount_to_mass_by_exact_molecular_weight"",""molar_amount_to_mass_by_exact_molecular_weight""]","[""molar_amount_to_mass_by_exact_molecular_weight"",""molar_amount_to_mass_by_exact_molecular_weight""]",[],[],[],[24009.261054379996],[1.0],[100.0],[1.0],[],[],[],hierarchical_mole_internal_mass_blend_v1,RDKit.Chem.rdMolDescriptors.CalcExactMolWt,2022.09.5,"[null,null]","[null,null,null,null]",True
10.1007/BF03219026,copolymer,,FR-PBT-15,,O=C(C1=CC=C(C(OCCCCO[H])=O)C=C1)[H],O=C(CC(CP1(OC2=C(C3=C1C=CC=C3)C=CC=C2)=O)C([H])=O)OCCCCO[H],,,85.0,,,,15.0,,,,,51.0,816193c7177a989c1ffe30b08dc1230fe21f109c868dce9ab0646f04b600d785,281,24909.43113517,100.0,copolymer,,,passed,2,"[""mol1"",""mol2""]","[""mol1"",""mol2""]","[222.089208928,402.12322508599993]","[222.089208928,402.12322508599993]","[85.0,15.0]","[85.0,15.0]","[0.85,0.15]","[0.85,0.15]","[18877.582758880002,6031.848376289999]","[""molar_amount_to_mass_by_exact_molecular_weight"",""molar_amount_to_mass_by_exact_molecular_weight""]","[""molar_amount_to_mass_by_exact_molecular_weight"",""molar_amount_to_mass_by_exact_molecular_weight""]",[],[],[],[24909.43113517],[1.0],[100.0],[1.0],[],[],[],hierarchical_mole_internal_mass_blend_v1,RDKit.Chem.rdMolDescriptors.CalcExactMolWt,2022.09.5,"[null,null]","[null,null,null,null]",True
10.1007/BF03219026,copolymer,,FR-PBT-5.5,,O=C(C1=CC=C(C(OCCCCO[H])=O)C=C1)[H],O=C(CC(CP1(OC2=C(C3=C1C=CC=C3)C=CC=C2)=O)C([H])=O)OCCCCO[H],,,94.5,,,,5.5,,,,,42.0,0cc1d0a2642a41f62b2059695295d6c724bdec3da746083e58aca113247e024d,282,23199.107981669,100.0,copolymer,,,passed,2,"[""mol1"",""mol2""]","[""mol1"",""mol2""]","[222.089208928,402.12322508599993]","[222.089208928,402.12322508599993]","[94.5,5.5]","[94.5,5.5]","[0.945,0.055]","[0.945,0.055]","[20987.430243696,2211.6777379729997]","[""molar_amount_to_mass_by_exact_molecular_weight"",""molar_amount_to_mass_by_exact_molecular_weight""]","[""molar_amount_to_mass_by_exact_molecular_weight"",""molar_amount_to_mass_by_exact_molecular_weight""]",[],[],[],[23199.107981669],[1.0],[100.0],[1.0],[],[],[],hierarchical_mole_internal_mass_blend_v1,RDKit.Chem.rdMolDescriptors.CalcExactMolWt,2022.09.5,"[null,null]","[null,null,null,null]",True
10.1007/BF03219026,copolymer,,FR-PBT-8,,O=C(C1=CC=C(C(OCCCCO[H])=O)C=C1)[H],O=C(CC(CP1(OC2=C(C3=C1C=CC=C3)C=CC=C2)=O)C([H])=O)OCCCCO[H],,,92.0,,,,8.0,,,,,43.0,d12818b38252935b8366671c08c2f613a68642876543ada76e312aebfcd6eb5f,283,23649.193022064,100.0,copolymer,,,passed,2,"[""mol1"",""mol2""]","[""mol1"",""mol2""]","[222.089208928,402.12322508599993]","[222.089208928,402.12322508599993]","[92.0,8.0]","[92.0,8.0]","[0.92,0.08]","[0.92,0.08]","[20432.207221376,3216.9858006879995]","[""molar_amount_to_mass_by_exact_molecular_weight"",""molar_amount_to_mass_by_exact_molecular_weight""]","[""molar_amount_to_mass_by_exact_molecular_weight"",""molar_amount_to_mass_by_exact_molecular_weight""]",[],[],[],[23649.193022064],[1.0],[100.0],[1.0],[],[],[],hierarchical_mole_internal_mass_blend_v1,RDKit.Chem.rdMolDescriptors.CalcExactMolWt,2022.09.5,"[null,null]","[null,null,null,null]",True
吴嘉宁,copolymer,,HBA10PET,,O=C([H])C1=CC=C(C(OCCO[H])=O)C=C1,O=C(C1=CC(C(OCCO[H])=O)=CC(/N=C/C2=C(C=CC=C2)O)=C1)[H],,,100.0,,,,10.0,,,,,86.0,d61b1ee6c183a06ee1540bc5cfc4543d74886ba2d99f5f7f1f4463089696d37a,284,22536.7411058,110.0,copolymer,,,passed,2,"[""mol1"",""mol2""]","[""mol1"",""mol2""]","[194.0579088,313.09502258]","[194.0579088,313.09502258]","[100.0,10.0]","[100.0,10.0]","[0.9090909090909091,0.09090909090909091]","[0.9090909090909091,0.09090909090909091]","[19405.79088,3130.9502257999998]","[""molar_amount_to_mass_by_exact_molecular_weight"",""molar_amount_to_mass_by_exact_molecular_weight""]","[""molar_amount_to_mass_by_exact_molecular_weight"",""molar_amount_to_mass_by_exact_molecular_weight""]",[],[],[],[22536.7411058],[1.0],[110.0],[1.0],[],[],[],hierarchical_mole_internal_mass_blend_v1,RDKit.Chem.rdMolDescriptors.CalcExactMolWt,2022.09.5,"[null,null]","[null,null,null,null]",True
吴嘉宁,copolymer,,HBA15PET,,O=C([H])C1=CC=C(C(OCCO[H])=O)C=C1,O=C(C1=CC(C(OCCO[H])=O)=CC(/N=C/C2=C(C=CC=C2)O)=C1)[H],,,100.0,,,,15.0,,,,,88.0,f4f9d0cfcd75b25174488999bb2edd9a93fa0a68ec53f5fe0a8139a15b91ebf2,285,24102.2162187,115.0,copolymer,,,passed,2,"[""mol1"",""mol2""]","[""mol1"",""mol2""]","[194.0579088,313.09502258]","[194.0579088,313.09502258]","[100.0,15.0]","[100.0,15.0]","[0.8695652173913043,0.13043478260869565]","[0.8695652173913043,0.13043478260869565]","[19405.79088,4696.4253387]","[""molar_amount_to_mass_by_exact_molecular_weight"",""molar_amount_to_mass_by_exact_molecular_weight""]","[""molar_amount_to_mass_by_exact_molecular_weight"",""molar_amount_to_mass_by_exact_molecular_weight""]",[],[],[],[24102.2162187],[1.0],[115.0],[1.0],[],[],[],hierarchical_mole_internal_mass_blend_v1,RDKit.Chem.rdMolDescriptors.CalcExactMolWt,2022.09.5,"[null,null]","[null,null,null,null]",True
吴嘉宁,copolymer,,HBA5PET,,O=C([H])C1=CC=C(C(OCCO[H])=O)C=C1,O=C(C1=CC(C(OCCO[H])=O)=CC(/N=C/C2=C(C=CC=C2)O)=C1)[H],,,100.0,,,,5.0,,,,,73.0,116a0551b2df15bea9990bbe7e0d6eb3198626ddc7562712ea89c70ad733908b,286,20971.2659929,105.0,copolymer,,,passed,2,"[""mol1"",""mol2""]","[""mol1"",""mol2""]","[194.0579088,313.09502258]","[194.0579088,313.09502258]","[100.0,5.0]","[100.0,5.0]","[0.9523809523809523,0.047619047619047616]","[0.9523809523809523,0.047619047619047616]","[19405.79088,1565.4751128999999]","[""molar_amount_to_mass_by_exact_molecular_weight"",""molar_amount_to_mass_by_exact_molecular_weight""]","[""molar_amount_to_mass_by_exact_molecular_weight"",""molar_amount_to_mass_by_exact_molecular_weight""]",[],[],[],[20971.2659929],[1.0],[105.0],[1.0],[],[],[],hierarchical_mole_internal_mass_blend_v1,RDKit.Chem.rdMolDescriptors.CalcExactMolWt,2022.09.5,"[null,null]","[null,null,null,null]",True
吴嘉宁,copolymer,,HBPM10PET,,O=C([H])C1=CC=C(C(OCCO[H])=O)C=C1,O=C(C1=CC=C(C=C1)/C=N/C2=CC=C(C=C2)/N=C/C3=CC=C(C=C3)C(OCCO[H])=O)[H],,,100.0,,,,10.0,,,,,79.0,136bb472e8b4706050396208698b8dc788da4c97bb2aa187c6a3246df6d94284,287,23407.2139512,110.0,copolymer,,,passed,2,"[""mol1"",""mol2""]","[""mol1"",""mol2""]","[194.0579088,400.1423071199999]","[194.0579088,400.1423071199999]","[100.0,10.0]","[100.0,10.0]","[0.9090909090909091,0.09090909090909091]","[0.9090909090909091,0.09090909090909091]","[19405.79088,4001.423071199999]","[""molar_amount_to_mass_by_exact_molecular_weight"",""molar_amount_to_mass_by_exact_molecular_weight""]","[""molar_amount_to_mass_by_exact_molecular_weight"",""molar_amount_to_mass_by_exact_molecular_weight""]",[],[],[],[23407.2139512],[1.0],[110.0],[1.0],[],[],[],hierarchical_mole_internal_mass_blend_v1,RDKit.Chem.rdMolDescriptors.CalcExactMolWt,2022.09.5,"[null,null]","[null,null,null,null]",True
吴嘉宁,copolymer,,HBPM15PET,,O=C([H])C1=CC=C(C(OCCO[H])=O)C=C1,O=C(C1=CC=C(C=C1)/C=N/C2=CC=C(C=C2)/N=C/C3=CC=C(C=C3)C(OCCO[H])=O)[H],,,100.0,,,,15.0,,,,,82.0,9eaf863e7b07bfa6dddd4f5df73e0b2f86ca09d8ef5b29deff2e16cc1d7993a2,288,25407.9254868,115.0,copolymer,,,passed,2,"[""mol1"",""mol2""]","[""mol1"",""mol2""]","[194.0579088,400.1423071199999]","[194.0579088,400.1423071199999]","[100.0,15.0]","[100.0,15.0]","[0.8695652173913043,0.13043478260869565]","[0.8695652173913043,0.13043478260869565]","[19405.79088,6002.134606799998]","[""molar_amount_to_mass_by_exact_molecular_weight"",""molar_amount_to_mass_by_exact_molecular_weight""]","[""molar_amount_to_mass_by_exact_molecular_weight"",""molar_amount_to_mass_by_exact_molecular_weight""]",[],[],[],[25407.9254868],[1.0],[115.0],[1.0],[],[],[],hierarchical_mole_internal_mass_blend_v1,RDKit.Chem.rdMolDescriptors.CalcExactMolWt,2022.09.5,"[null,null]","[null,null,null,null]",True
吴嘉宁,copolymer,,HBPM5PET,,O=C([H])C1=CC=C(C(OCCO[H])=O)C=C1,O=C(C1=CC=C(C=C1)/C=N/C2=CC=C(C=C2)/N=C/C3=CC=C(C=C3)C(OCCO[H])=O)[H],,,100.0,,,,5.0,,,,,82.0,2f33d22e3d5c4ec1fdefd7280a19dd029e3b5cb058f71a461c021dba38391083,289,21406.5024156,105.0,copolymer,,,passed,2,"[""mol1"",""mol2""]","[""mol1"",""mol2""]","[194.0579088,400.1423071199999]","[194.0579088,400.1423071199999]","[100.0,5.0]","[100.0,5.0]","[0.9523809523809523,0.047619047619047616]","[0.9523809523809523,0.047619047619047616]","[19405.79088,2000.7115355999995]","[""molar_amount_to_mass_by_exact_molecular_weight"",""molar_amount_to_mass_by_exact_molecular_weight""]","[""molar_amount_to_mass_by_exact_molecular_weight"",""molar_amount_to_mass_by_exact_molecular_weight""]",[],[],[],[21406.5024156],[1.0],[105.0],[1.0],[],[],[],hierarchical_mole_internal_mass_blend_v1,RDKit.Chem.rdMolDescriptors.CalcExactMolWt,2022.09.5,"[null,null]","[null,null,null,null]",True
10.1016/j.eurpolymj.2022.111174,copolymer,,MH-PPOA15-co-PET,,O=C([H])C1=CC=C(C(OCCO[H])=O)C=C1,O=P(O[Mg]OP([H])(C1=CC=CC=C1)=O)(C2=CC=CC=C2)O[H],,100.0,,,,15.0,,,,,,78.0,1a9fb8584163e5f5490229053ab449df455162077ab2a41863aaf37f4b6e8ec1,290,115.0,0.5618937986928801,copolymer,,,passed,2,"[""wt1"",""wt2""]","[""wt1"",""wt2""]","[194.0579088,322.001038444]","[194.0579088,322.001038444]","[0.5153100979927698,0.04658370070011028]","[0.5153100979927698,0.04658370070011028]","[0.9170951862994807,0.08290481370051922]","[0.9170951862994807,0.08290481370051922]","[100.0,15.0]","[""weight_amount_to_moles_by_exact_molecular_weight"",""weight_amount_to_moles_by_exact_molecular_weight""]","[""weight_amount_to_moles_by_exact_molecular_weight"",""weight_amount_to_moles_by_exact_molecular_weight""]",[],[],[],[115.0],[1.0],[0.5618937986928801],[1.0],[],[],[],hierarchical_mole_internal_mass_blend_v1,RDKit.Chem.rdMolDescriptors.CalcExactMolWt,2022.09.5,"[null,null]","[null,null,null,null]",True
10.1016/j.eurpolymj.2022.111174,copolymer,,MH-PPOA20-co-PET,,O=C([H])C1=CC=C(C(OCCO[H])=O)C=C1,O=P(O[Mg]OP([H])(C1=CC=CC=C1)=O)(C2=CC=CC=C2)O[H],,100.0,,,,20.0,,,,,,78.0,41216e088693702c6e1f5f5a12f9bc39182205de539fbdc7ad5115371f738fab,291,120.0,0.5774216989262502,copolymer,,,passed,2,"[""wt1"",""wt2""]","[""wt1"",""wt2""]","[194.0579088,322.001038444]","[194.0579088,322.001038444]","[0.5153100979927698,0.06211160093348037]","[0.5153100979927698,0.06211160093348037]","[0.892432859643168,0.10756714035683206]","[0.892432859643168,0.10756714035683206]","[100.0,20.0]","[""weight_amount_to_moles_by_exact_molecular_weight"",""weight_amount_to_moles_by_exact_molecular_weight""]","[""weight_amount_to_moles_by_exact_molecular_weight"",""weight_amount_to_moles_by_exact_molecular_weight""]",[],[],[],[120.0],[1.0],[0.5774216989262502],[1.0],[],[],[],hierarchical_mole_internal_mass_blend_v1,RDKit.Chem.rdMolDescriptors.CalcExactMolWt,2022.09.5,"[null,null]","[null,null,null,null]",True
10.1016/j.eurpolymj.2022.111174,copolymer,,MH-PPOA5-co-PET,,O=C([H])C1=CC=C(C(OCCO[H])=O)C=C1,O=P(O[Mg]OP([H])(C1=CC=CC=C1)=O)(C2=CC=CC=C2)O[H],,100.0,,,,5.0,,,,,,73.0,f320911ad44dba907e2bbc6fa5e51dedc6adbfde4a51abb4ec872a037a2f3b03,292,105.0,0.53083799822614,copolymer,,,passed,2,"[""wt1"",""wt2""]","[""wt1"",""wt2""]","[194.0579088,322.001038444]","[194.0579088,322.001038444]","[0.5153100979927698,0.015527900233370093]","[0.5153100979927698,0.015527900233370093]","[0.970748325693981,0.029251674306018913]","[0.970748325693981,0.029251674306018913]","[100.0,5.0]","[""weight_amount_to_moles_by_exact_molecular_weight"",""weight_amount_to_moles_by_exact_molecular_weight""]","[""weight_amount_to_moles_by_exact_molecular_weight"",""weight_amount_to_moles_by_exact_molecular_weight""]",[],[],[],[105.0],[1.0],[0.53083799822614],[1.0],[],[],[],hierarchical_mole_internal_mass_blend_v1,RDKit.Chem.rdMolDescriptors.CalcExactMolWt,2022.09.5,"[null,null]","[null,null,null,null]",True
10.1016/j.eurpolymj.2022.111174,copolymer,,MH-PPOA9-co-PET,,O=C([H])C1=CC=C(C(OCCO[H])=O)C=C1,O=P(O[Mg]OP([H])(C1=CC=CC=C1)=O)(C2=CC=CC=C2)O[H],,100.0,,,,9.0,,,,,,76.0,cb892a748ee902c0746d78141cd5706a167f2d21bfdc6b2aec4aa4f40f63111e,293,109.0,0.543260318412836,copolymer,,,passed,2,"[""wt1"",""wt2""]","[""wt1"",""wt2""]","[194.0579088,322.001038444]","[194.0579088,322.001038444]","[0.5153100979927698,0.027950220420066167]","[0.5153100979927698,0.027950220420066167]","[0.9485509626366155,0.05144903736338452]","[0.9485509626366155,0.05144903736338452]","[100.0,9.0]","[""weight_amount_to_moles_by_exact_molecular_weight"",""weight_amount_to_moles_by_exact_molecular_weight""]","[""weight_amount_to_moles_by_exact_molecular_weight"",""weight_amount_to_moles_by_exact_molecular_weight""]",[],[],[],[109.0],[1.0],[0.543260318412836],[1.0],[],[],[],hierarchical_mole_internal_mass_blend_v1,RDKit.Chem.rdMolDescriptors.CalcExactMolWt,2022.09.5,"[null,null]","[null,null,null,null]",True
10.1016/j.eurpolymj.2020.110230,copolymer,,NBA10PET,,O=C([H])C1=CC=C(C=C1)C(OCCO[H])=O,O=C(C1=CC(C([H])=O)=CC(/N=C/C2=CC=C(C=C2)[N+]([O-])=O)=C1)OCCO[H],,,100.0,,,,7.9,,,,,85.0,15512d3556acf1c8c624a3e9128e72538bda59572784c2649991deb1798fb94d,294,22108.2638507272,107.9,copolymer,,,passed,2,"[""mol1"",""mol2""]","[""mol1"",""mol2""]","[194.0579088,342.08518616799995]","[194.0579088,342.08518616799995]","[100.0,7.9]","[100.0,7.9]","[0.9267840593141797,0.0732159406858202]","[0.9267840593141797,0.0732159406858202]","[19405.79088,2702.4729707272]","[""molar_amount_to_mass_by_exact_molecular_weight"",""molar_amount_to_mass_by_exact_molecular_weight""]","[""molar_amount_to_mass_by_exact_molecular_weight"",""molar_amount_to_mass_by_exact_molecular_weight""]",[],[],[],[22108.2638507272],[1.0],[107.9],[1.0],[],[],[],hierarchical_mole_internal_mass_blend_v1,RDKit.Chem.rdMolDescriptors.CalcExactMolWt,2022.09.5,"[null,null]","[null,null,null,null]",True
10.1016/j.eurpolymj.2020.110230,copolymer,,NBA15PET,,O=C([H])C1=CC=C(C=C1)C(OCCO[H])=O,O=C(C1=CC(C([H])=O)=CC(/N=C/C2=CC=C(C=C2)[N+]([O-])=O)=C1)OCCO[H],,,100.0,,,,11.8,,,,,88.0,ae0cdd35bbfa178bcf461411901236d2e7c0a6e3f8c02e51115e55ae6b580d8c,295,23442.3960767824,111.8,copolymer,,,passed,2,"[""mol1"",""mol2""]","[""mol1"",""mol2""]","[194.0579088,342.08518616799995]","[194.0579088,342.08518616799995]","[100.0,11.8]","[100.0,11.8]","[0.8944543828264758,0.10554561717352416]","[0.8944543828264758,0.10554561717352416]","[19405.79088,4036.6051967823996]","[""molar_amount_to_mass_by_exact_molecular_weight"",""molar_amount_to_mass_by_exact_molecular_weight""]","[""molar_amount_to_mass_by_exact_molecular_weight"",""molar_amount_to_mass_by_exact_molecular_weight""]",[],[],[],[23442.3960767824],[1.0],[111.8],[1.0],[],[],[],hierarchical_mole_internal_mass_blend_v1,RDKit.Chem.rdMolDescriptors.CalcExactMolWt,2022.09.5,"[null,null]","[null,null,null,null]",True
10.1016/j.eurpolymj.2020.110230,copolymer,,NBA5PET,,O=C([H])C1=CC=C(C=C1)C(OCCO[H])=O,O=C(C1=CC(C([H])=O)=CC(/N=C/C2=CC=C(C=C2)[N+]([O-])=O)=C1)OCCO[H],,,100.0,,,,3.6,,,,,80.0,6967aad34aa8c9044b244bb2a0e3228888ffc50ee8630e03329ab56e3a23e5d3,296,20637.2975502048,103.6,copolymer,,,passed,2,"[""mol1"",""mol2""]","[""mol1"",""mol2""]","[194.0579088,342.08518616799995]","[194.0579088,342.08518616799995]","[100.0,3.6]","[100.0,3.6]","[0.9652509652509653,0.03474903474903475]","[0.9652509652509653,0.03474903474903475]","[19405.79088,1231.5066702047998]","[""molar_amount_to_mass_by_exact_molecular_weight"",""molar_amount_to_mass_by_exact_molecular_weight""]","[""molar_amount_to_mass_by_exact_molecular_weight"",""molar_amount_to_mass_by_exact_molecular_weight""]",[],[],[],[20637.2975502048],[1.0],[103.6],[1.0],[],[],[],hierarchical_mole_internal_mass_blend_v1,RDKit.Chem.rdMolDescriptors.CalcExactMolWt,2022.09.5,"[null,null]","[null,null,null,null]",True
10.1016/j.cclet.2022.06.038,copolymer,,N-BPA,,O=C([H])C1=CC=C(O[H])C=C1,CC(C1=CC=C(C=C1)OC(C2=CC=C(C=C2)C([H])=O)=O)(C3=CC=C(C=C3)O[H])C,,,60.0,,,,20.0,,,,,195.0,01feeb153d5033fdad7c35e3606be0881d875ee8ff21ddedee5c764c48e0ffb8,297,14524.92994832,80.0,copolymer,,,passed,2,"[""mol1"",""mol2""]","[""mol1"",""mol2""]","[122.036779432,360.13615911999995]","[122.036779432,360.13615911999995]","[60.0,20.0]","[60.0,20.0]","[0.75,0.25]","[0.75,0.25]","[7322.20676592,7202.723182399999]","[""molar_amount_to_mass_by_exact_molecular_weight"",""molar_amount_to_mass_by_exact_molecular_weight""]","[""molar_amount_to_mass_by_exact_molecular_weight"",""molar_amount_to_mass_by_exact_molecular_weight""]",[],[],[],[14524.92994832],[1.0],[80.0],[1.0],[],[],[],hierarchical_mole_internal_mass_blend_v1,RDKit.Chem.rdMolDescriptors.CalcExactMolWt,2022.09.5,"[null,null]","[null,null,null,null]",True
郭德明,copolymer,,O10PET,,O=C([H])C1=CC=C(C(OCCO[H])=O)C=C1,[H]OCCOC1=CC=C(C=C1)OC2=CC=C(C=C2)OCCOC(C(C=C3)=CC=C3C([H])=O)=O,,,100.0,,,,10.0,,,,,75.2,eaf7eda24b0aa470c5255f40e47b8267fea92555a7db1e20d80c2b50dec3c2c5,298,23627.15641044,110.0,copolymer,,,passed,2,"[""mol1"",""mol2""]","[""mol1"",""mol2""]","[194.0579088,422.1365530439999]","[194.0579088,422.1365530439999]","[100.0,10.0]","[100.0,10.0]","[0.9090909090909091,0.09090909090909091]","[0.9090909090909091,0.09090909090909091]","[19405.79088,4221.365530439999]","[""molar_amount_to_mass_by_exact_molecular_weight"",""molar_amount_to_mass_by_exact_molecular_weight""]","[""molar_amount_to_mass_by_exact_molecular_weight"",""molar_amount_to_mass_by_exact_molecular_weight""]",[],[],[],[23627.15641044],[1.0],[110.0],[1.0],[],[],[],hierarchical_mole_internal_mass_blend_v1,RDKit.Chem.rdMolDescriptors.CalcExactMolWt,2022.09.5,"[null,null]","[null,null,null,null]",True
郭德明,copolymer,,O20PET,,O=C([H])C1=CC=C(C(OCCO[H])=O)C=C1,[H]OCCOC1=CC=C(C=C1)OC2=CC=C(C=C2)OCCOC(C(C=C3)=CC=C3C([H])=O)=O,,,100.0,,,,20.0,,,,,75.5,69c280481d82fb43461573399ded0edf29f800da87a4d29fd98e5fce9466e1b9,299,27848.521940879997,120.0,copolymer,,,passed,2,"[""mol1"",""mol2""]","[""mol1"",""mol2""]","[194.0579088,422.1365530439999]","[194.0579088,422.1365530439999]","[100.0,20.0]","[100.0,20.0]","[0.8333333333333334,0.16666666666666666]","[0.8333333333333334,0.16666666666666666]","[19405.79088,8442.731060879998]","[""molar_amount_to_mass_by_exact_molecular_weight"",""molar_amount_to_mass_by_exact_molecular_weight""]","[""molar_amount_to_mass_by_exact_molecular_weight"",""molar_amount_to_mass_by_exact_molecular_weight""]",[],[],[],[27848.521940879997],[1.0],[120.0],[1.0],[],[],[],hierarchical_mole_internal_mass_blend_v1,RDKit.Chem.rdMolDescriptors.CalcExactMolWt,2022.09.5,"[null,null]","[null,null,null,null]",True
郭德明,copolymer,,O30PET,,O=C([H])C1=CC=C(C(OCCO[H])=O)C=C1,[H]OCCOC1=CC=C(C=C1)OC2=CC=C(C=C2)OCCOC(C(C=C3)=CC=C3C([H])=O)=O,,,100.0,,,,30.0,,,,,73.2,e40c19e616fc0158b3e1a010178bb98c83c08cb1bab6658ff98121762bd3fc7c,300,32069.88747132,130.0,copolymer,,,passed,2,"[""mol1"",""mol2""]","[""mol1"",""mol2""]","[194.0579088,422.1365530439999]","[194.0579088,422.1365530439999]","[100.0,30.0]","[100.0,30.0]","[0.7692307692307693,0.23076923076923078]","[0.7692307692307693,0.23076923076923078]","[19405.79088,12664.096591319998]","[""molar_amount_to_mass_by_exact_molecular_weight"",""molar_amount_to_mass_by_exact_molecular_weight""]","[""molar_amount_to_mass_by_exact_molecular_weight"",""molar_amount_to_mass_by_exact_molecular_weight""]",[],[],[],[32069.88747132],[1.0],[130.0],[1.0],[],[],[],hierarchical_mole_internal_mass_blend_v1,RDKit.Chem.rdMolDescriptors.CalcExactMolWt,2022.09.5,"[null,null]","[null,null,null,null]",True
郭德明,copolymer,,O5PET,,O=C([H])C1=CC=C(C(OCCO[H])=O)C=C1,[H]OCCOC1=CC=C(C=C1)OC2=CC=C(C=C2)OCCOC(C(C=C3)=CC=C3C([H])=O)=O,,,100.0,,,,5.0,,,,,58.9,18622ec47460284e492d203a1dda43942b12407dead5ac11ab53c58aa5ab5ab2,301,21516.47364522,105.0,copolymer,,,passed,2,"[""mol1"",""mol2""]","[""mol1"",""mol2""]","[194.0579088,422.1365530439999]","[194.0579088,422.1365530439999]","[100.0,5.0]","[100.0,5.0]","[0.9523809523809523,0.047619047619047616]","[0.9523809523809523,0.047619047619047616]","[19405.79088,2110.6827652199995]","[""molar_amount_to_mass_by_exact_molecular_weight"",""molar_amount_to_mass_by_exact_molecular_weight""]","[""molar_amount_to_mass_by_exact_molecular_weight"",""molar_amount_to_mass_by_exact_molecular_weight""]",[],[],[],[21516.47364522],[1.0],[105.0],[1.0],[],[],[],hierarchical_mole_internal_mass_blend_v1,RDKit.Chem.rdMolDescriptors.CalcExactMolWt,2022.09.5,"[null,null]","[null,null,null,null]",True
lbw,copolymer,,P(ET-co-BI)10,,O=C([H])C1=CC=C(C(OCCO[H])=O)C=C1,O=C(C1=CC=C(C#CC2=CC=CC=C2)C=C1)NC3=CC(C([H])=O)=CC(C(OCCO[H])=O)=C3,,,100.0,,,,10.0,,,,,84.6,2277bcf20c99dea474941d3ed78858281c4d07cfb92a71e8e613be49889d77b9,302,23537.05410708,110.0,copolymer,,,passed,2,"[""mol1"",""mol2""]","[""mol1"",""mol2""]","[194.0579088,413.1263227079999]","[194.0579088,413.1263227079999]","[100.0,10.0]","[100.0,10.0]","[0.9090909090909091,0.09090909090909091]","[0.9090909090909091,0.09090909090909091]","[19405.79088,4131.2632270799995]","[""molar_amount_to_mass_by_exact_molecular_weight"",""molar_amount_to_mass_by_exact_molecular_weight""]","[""molar_amount_to_mass_by_exact_molecular_weight"",""molar_amount_to_mass_by_exact_molecular_weight""]",[],[],[],[23537.05410708],[1.0],[110.0],[1.0],[],[],[],hierarchical_mole_internal_mass_blend_v1,RDKit.Chem.rdMolDescriptors.CalcExactMolWt,2022.09.5,"[null,null]","[null,null,null,null]",True
lbw,copolymer,,P(ET-co-BI)15,,O=C([H])C1=CC=C(C(OCCO[H])=O)C=C1,O=C(C1=CC=C(C#CC2=CC=CC=C2)C=C1)NC3=CC(C([H])=O)=CC(C(OCCO[H])=O)=C3,,,100.0,,,,15.0,,,,,90.1,e6ee1c8ac636f862a8cd8b53aff84369bf0fdd18c06ffd7c18942f52db13ffa8,303,25602.68572062,115.0,copolymer,,,passed,2,"[""mol1"",""mol2""]","[""mol1"",""mol2""]","[194.0579088,413.1263227079999]","[194.0579088,413.1263227079999]","[100.0,15.0]","[100.0,15.0]","[0.8695652173913043,0.13043478260869565]","[0.8695652173913043,0.13043478260869565]","[19405.79088,6196.894840619999]","[""molar_amount_to_mass_by_exact_molecular_weight"",""molar_amount_to_mass_by_exact_molecular_weight""]","[""molar_amount_to_mass_by_exact_molecular_weight"",""molar_amount_to_mass_by_exact_molecular_weight""]",[],[],[],[25602.68572062],[1.0],[115.0],[1.0],[],[],[],hierarchical_mole_internal_mass_blend_v1,RDKit.Chem.rdMolDescriptors.CalcExactMolWt,2022.09.5,"[null,null]","[null,null,null,null]",True
lbw,copolymer,,P(ET-co-BI)5,,O=C([H])C1=CC=C(C(OCCO[H])=O)C=C1,O=C(C1=CC=C(C#CC2=CC=CC=C2)C=C1)NC3=CC(C([H])=O)=CC(C(OCCO[H])=O)=C3,,,100.0,,,,5.0,,,,,82.3,2ca374dfcd82997bbd5c921bc2ad649fda0b33bc3ad0f9a15f26321ab6792932,304,21471.42249354,105.0,copolymer,,,passed,2,"[""mol1"",""mol2""]","[""mol1"",""mol2""]","[194.0579088,413.1263227079999]","[194.0579088,413.1263227079999]","[100.0,5.0]","[100.0,5.0]","[0.9523809523809523,0.047619047619047616]","[0.9523809523809523,0.047619047619047616]","[19405.79088,2065.6316135399998]","[""molar_amount_to_mass_by_exact_molecular_weight"",""molar_amount_to_mass_by_exact_molecular_weight""]","[""molar_amount_to_mass_by_exact_molecular_weight"",""molar_amount_to_mass_by_exact_molecular_weight""]",[],[],[],[21471.42249354],[1.0],[105.0],[1.0],[],[],[],hierarchical_mole_internal_mass_blend_v1,RDKit.Chem.rdMolDescriptors.CalcExactMolWt,2022.09.5,"[null,null]","[null,null,null,null]",True
wzz,copolymer,,P(ET-co-BP)10,,O=C([H])C1=CC=C(C(OCCO[H])=O)C=C1,O=C(C(C1=C2)=CC=C2C(C=C3C4=O)=CC=C3C(N4OCCO[H])=O)N(OCCOC(C5=CC=C(C=C5)C([H])=O)=O)C1=O,,,100.0,,,,10.0,,,,,99.3,65441ba1da74396e144f745cbae53587e2103216ee300888ead76494acbd8108,305,24846.9088284,110.0,copolymer,,,passed,2,"[""mol1"",""mol2""]","[""mol1"",""mol2""]","[194.0579088,544.1117948399999]","[194.0579088,544.1117948399999]","[100.0,10.0]","[100.0,10.0]","[0.9090909090909091,0.09090909090909091]","[0.9090909090909091,0.09090909090909091]","[19405.79088,5441.117948399999]","[""molar_amount_to_mass_by_exact_molecular_weight"",""molar_amount_to_mass_by_exact_molecular_weight""]","[""molar_amount_to_mass_by_exact_molecular_weight"",""molar_amount_to_mass_by_exact_molecular_weight""]",[],[],[],[24846.9088284],[1.0],[110.0],[1.0],[],[],[],hierarchical_mole_internal_mass_blend_v1,RDKit.Chem.rdMolDescriptors.CalcExactMolWt,2022.09.5,"[null,null]","[null,null,null,null]",True
wzz,copolymer,,P(ET-co-BP)15,,O=C([H])C1=CC=C(C(OCCO[H])=O)C=C1,O=C(C(C1=C2)=CC=C2C(C=C3C4=O)=CC=C3C(N4OCCO[H])=O)N(OCCOC(C5=CC=C(C=C5)C([H])=O)=O)C1=O,,,100.0,,,,15.0,,,,,104.1,0bf5c38e0180afd4dfc3a4726d74726532741a169d44ffff9afa619cb2bd113b,306,27567.4678026,115.0,copolymer,,,passed,2,"[""mol1"",""mol2""]","[""mol1"",""mol2""]","[194.0579088,544.1117948399999]","[194.0579088,544.1117948399999]","[100.0,15.0]","[100.0,15.0]","[0.8695652173913043,0.13043478260869565]","[0.8695652173913043,0.13043478260869565]","[19405.79088,8161.676922599999]","[""molar_amount_to_mass_by_exact_molecular_weight"",""molar_amount_to_mass_by_exact_molecular_weight""]","[""molar_amount_to_mass_by_exact_molecular_weight"",""molar_amount_to_mass_by_exact_molecular_weight""]",[],[],[],[27567.4678026],[1.0],[115.0],[1.0],[],[],[],hierarchical_mole_internal_mass_blend_v1,RDKit.Chem.rdMolDescriptors.CalcExactMolWt,2022.09.5,"[null,null]","[null,null,null,null]",True
wzz,copolymer,,P(ET-co-BP)5,,O=C([H])C1=CC=C(C(OCCO[H])=O)C=C1,O=C(C(C1=C2)=CC=C2C(C=C3C4=O)=CC=C3C(N4OCCO[H])=O)N(OCCOC(C5=CC=C(C=C5)C([H])=O)=O)C1=O,,,100.0,,,,5.0,,,,,92.5,aecabe9d6883a0bc3618094bb4c362951582835f81b9a7e91af6b88cea64f754,307,22126.3498542,105.0,copolymer,,,passed,2,"[""mol1"",""mol2""]","[""mol1"",""mol2""]","[194.0579088,544.1117948399999]","[194.0579088,544.1117948399999]","[100.0,5.0]","[100.0,5.0]","[0.9523809523809523,0.047619047619047616]","[0.9523809523809523,0.047619047619047616]","[19405.79088,2720.5589741999993]","[""molar_amount_to_mass_by_exact_molecular_weight"",""molar_amount_to_mass_by_exact_molecular_weight""]","[""molar_amount_to_mass_by_exact_molecular_weight"",""molar_amount_to_mass_by_exact_molecular_weight""]",[],[],[],[22126.3498542],[1.0],[105.0],[1.0],[],[],[],hierarchical_mole_internal_mass_blend_v1,RDKit.Chem.rdMolDescriptors.CalcExactMolWt,2022.09.5,"[null,null]","[null,null,null,null]",True
wzz,copolymer,,P(ET-co-CH)10,,O=C([H])C1=CC=C(C(OCCO[H])=O)C=C1,O=C(C1=CC=C(C(N(OCCOC(C2=CC=C(C=C2)C([H])=O)=O)C3=O)=O)C3=C1)C4=CC=C5C(C(N(OCCO[H])C5=O)=O)=C4,,,100.0,,,,10.0,,,,,98.8,806eb1ed4cacdfbffaf032f410a8ed27fb248af91e66c6718f86ebed5f96f49f,308,25126.8579746,110.0,copolymer,,,passed,2,"[""mol1"",""mol2""]","[""mol1"",""mol2""]","[194.0579088,572.1067094599999]","[194.0579088,572.1067094599999]","[100.0,10.0]","[100.0,10.0]","[0.9090909090909091,0.09090909090909091]","[0.9090909090909091,0.09090909090909091]","[19405.79088,5721.067094599999]","[""molar_amount_to_mass_by_exact_molecular_weight"",""molar_amount_to_mass_by_exact_molecular_weight""]","[""molar_amount_to_mass_by_exact_molecular_weight"",""molar_amount_to_mass_by_exact_molecular_weight""]",[],[],[],[25126.8579746],[1.0],[110.0],[1.0],[],[],[],hierarchical_mole_internal_mass_blend_v1,RDKit.Chem.rdMolDescriptors.CalcExactMolWt,2022.09.5,"[null,null]","[null,null,null,null]",True
wzz,copolymer,,P(ET-co-CH)15,,O=C([H])C1=CC=C(C(OCCO[H])=O)C=C1,O=C(C1=CC=C(C(N(OCCOC(C2=CC=C(C=C2)C([H])=O)=O)C3=O)=O)C3=C1)C4=CC=C5C(C(N(OCCO[H])C5=O)=O)=C4,,,100.0,,,,15.0,,,,,108.1,220df0f97daa81a21bb7d39d655b32d4ff4d92e38550ddbe3a7bc7db350a91bf,309,27987.391521899997,115.0,copolymer,,,passed,2,"[""mol1"",""mol2""]","[""mol1"",""mol2""]","[194.0579088,572.1067094599999]","[194.0579088,572.1067094599999]","[100.0,15.0]","[100.0,15.0]","[0.8695652173913043,0.13043478260869565]","[0.8695652173913043,0.13043478260869565]","[19405.79088,8581.600641899999]","[""molar_amount_to_mass_by_exact_molecular_weight"",""molar_amount_to_mass_by_exact_molecular_weight""]","[""molar_amount_to_mass_by_exact_molecular_weight"",""molar_amount_to_mass_by_exact_molecular_weight""]",[],[],[],[27987.391521899997],[1.0],[115.0],[1.0],[],[],[],hierarchical_mole_internal_mass_blend_v1,RDKit.Chem.rdMolDescriptors.CalcExactMolWt,2022.09.5,"[null,null]","[null,null,null,null]",True
wzz,copolymer,,P(ET-co-CH)5,,O=C([H])C1=CC=C(C(OCCO[H])=O)C=C1,O=C(C1=CC=C(C(N(OCCOC(C2=CC=C(C=C2)C([H])=O)=O)C3=O)=O)C3=C1)C4=CC=C5C(C(N(OCCO[H])C5=O)=O)=C4,,,100.0,,,,5.0,,,,,96.3,1b187136ff2c718e5d6130eef3337df8d94d2ae8f4682453ee9904585e4e97d0,310,22266.324427300002,105.0,copolymer,,,passed,2,"[""mol1"",""mol2""]","[""mol1"",""mol2""]","[194.0579088,572.1067094599999]","[194.0579088,572.1067094599999]","[100.0,5.0]","[100.0,5.0]","[0.9523809523809523,0.047619047619047616]","[0.9523809523809523,0.047619047619047616]","[19405.79088,2860.5335472999996]","[""molar_amount_to_mass_by_exact_molecular_weight"",""molar_amount_to_mass_by_exact_molecular_weight""]","[""molar_amount_to_mass_by_exact_molecular_weight"",""molar_amount_to_mass_by_exact_molecular_weight""]",[],[],[],[22266.324427300002],[1.0],[105.0],[1.0],[],[],[],hierarchical_mole_internal_mass_blend_v1,RDKit.Chem.rdMolDescriptors.CalcExactMolWt,2022.09.5,"[null,null]","[null,null,null,null]",True
zhb,copolymer,,P(ET-co-DN)10,,O=C([H])C1=CC=C(C(OCCO[H])=O)C=C1,O=C(C1=CC=C(C#CC2=CC=C(C=C2)C([H])=O)C=C1)OCCO[H],,,100.0,,,,10.0,,,,,82.5,f6d7e72ef9b11ee77a3e462e8eb1af4ac6ce0e0befafe15445e407998df6c1b2,311,22346.682969280002,110.0,copolymer,,,passed,2,"[""mol1"",""mol2""]","[""mol1"",""mol2""]","[194.0579088,294.08920892799995]","[194.0579088,294.08920892799995]","[100.0,10.0]","[100.0,10.0]","[0.9090909090909091,0.09090909090909091]","[0.9090909090909091,0.09090909090909091]","[19405.79088,2940.8920892799997]","[""molar_amount_to_mass_by_exact_molecular_weight"",""molar_amount_to_mass_by_exact_molecular_weight""]","[""molar_amount_to_mass_by_exact_molecular_weight"",""molar_amount_to_mass_by_exact_molecular_weight""]",[],[],[],[22346.682969280002],[1.0],[110.0],[1.0],[],[],[],hierarchical_mole_internal_mass_blend_v1,RDKit.Chem.rdMolDescriptors.CalcExactMolWt,2022.09.5,"[null,null]","[null,null,null,null]",True
zhb,copolymer,,P(ET-co-DN)20,,O=C([H])C1=CC=C(C(OCCO[H])=O)C=C1,O=C(C1=CC=C(C#CC2=CC=C(C=C2)C([H])=O)C=C1)OCCO[H],,,100.0,,,,20.0,,,,,86.0,92be9c2e4f4f748c994fd1de52974fe66b69bb61291c4f9edd317d6b5e6c581c,312,25287.57505856,120.0,copolymer,,,passed,2,"[""mol1"",""mol2""]","[""mol1"",""mol2""]","[194.0579088,294.08920892799995]","[194.0579088,294.08920892799995]","[100.0,20.0]","[100.0,20.0]","[0.8333333333333334,0.16666666666666666]","[0.8333333333333334,0.16666666666666666]","[19405.79088,5881.784178559999]","[""molar_amount_to_mass_by_exact_molecular_weight"",""molar_amount_to_mass_by_exact_molecular_weight""]","[""molar_amount_to_mass_by_exact_molecular_weight"",""molar_amount_to_mass_by_exact_molecular_weight""]",[],[],[],[25287.57505856],[1.0],[120.0],[1.0],[],[],[],hierarchical_mole_internal_mass_blend_v1,RDKit.Chem.rdMolDescriptors.CalcExactMolWt,2022.09.5,"[null,null]","[null,null,null,null]",True
lbw,copolymer,,P(ET-co-mAC)10,,O=C([H])C1=CC=C(C(OCCO[H])=O)C=C1,O=C(C1=CC(NC(C2=CC=CC(C#N)=C2)=O)=CC(C([H])=O)=C1)OCCO[H],,,100.0,,,,10.0,,,,,90.1,56723ed0514806e446a4d590b7539048cebd4463701c7b0afa4b30d99b1d353d,313,22786.69359548,110.0,copolymer,,,passed,2,"[""mol1"",""mol2""]","[""mol1"",""mol2""]","[194.0579088,338.090271548]","[194.0579088,338.090271548]","[100.0,10.0]","[100.0,10.0]","[0.9090909090909091,0.09090909090909091]","[0.9090909090909091,0.09090909090909091]","[19405.79088,3380.9027154799996]","[""molar_amount_to_mass_by_exact_molecular_weight"",""molar_amount_to_mass_by_exact_molecular_weight""]","[""molar_amount_to_mass_by_exact_molecular_weight"",""molar_amount_to_mass_by_exact_molecular_weight""]",[],[],[],[22786.69359548],[1.0],[110.0],[1.0],[],[],[],hierarchical_mole_internal_mass_blend_v1,RDKit.Chem.rdMolDescriptors.CalcExactMolWt,2022.09.5,"[null,null]","[null,null,null,null]",True
lbw,copolymer,,P(ET-co-mAC)5,,O=C([H])C1=CC=C(C(OCCO[H])=O)C=C1,O=C(C1=CC(NC(C2=CC=CC(C#N)=C2)=O)=CC(C([H])=O)=C1)OCCO[H],,,100.0,,,,5.0,,,,,85.5,251c8906f7ff449ec17791e5e652c6a3efa0fa8b59088eaa9a56d3579775f0c9,314,21096.24223774,105.0,copolymer,,,passed,2,"[""mol1"",""mol2""]","[""mol1"",""mol2""]","[194.0579088,338.090271548]","[194.0579088,338.090271548]","[100.0,5.0]","[100.0,5.0]","[0.9523809523809523,0.047619047619047616]","[0.9523809523809523,0.047619047619047616]","[19405.79088,1690.4513577399998]","[""molar_amount_to_mass_by_exact_molecular_weight"",""molar_amount_to_mass_by_exact_molecular_weight""]","[""molar_amount_to_mass_by_exact_molecular_weight"",""molar_amount_to_mass_by_exact_molecular_weight""]",[],[],[],[21096.24223774],[1.0],[105.0],[1.0],[],[],[],hierarchical_mole_internal_mass_blend_v1,RDKit.Chem.rdMolDescriptors.CalcExactMolWt,2022.09.5,"[null,null]","[null,null,null,null]",True
lbw,copolymer,,P(ET-co-mAC)8,,O=C([H])C1=CC=C(C(OCCO[H])=O)C=C1,O=C(C1=CC(NC(C2=CC=CC(C#N)=C2)=O)=CC(C([H])=O)=C1)OCCO[H],,,100.0,,,,8.0,,,,,87.5,a13b2cb4824c481fb927bc26e72f0c83ec2eb1218f76e5375eb847b350d813c3,315,22110.513052384,108.0,copolymer,,,passed,2,"[""mol1"",""mol2""]","[""mol1"",""mol2""]","[194.0579088,338.090271548]","[194.0579088,338.090271548]","[100.0,8.0]","[100.0,8.0]","[0.9259259259259259,0.07407407407407407]","[0.9259259259259259,0.07407407407407407]","[19405.79088,2704.722172384]","[""molar_amount_to_mass_by_exact_molecular_weight"",""molar_amount_to_mass_by_exact_molecular_weight""]","[""molar_amount_to_mass_by_exact_molecular_weight"",""molar_amount_to_mass_by_exact_molecular_weight""]",[],[],[],[22110.513052384],[1.0],[108.0],[1.0],[],[],[],hierarchical_mole_internal_mass_blend_v1,RDKit.Chem.rdMolDescriptors.CalcExactMolWt,2022.09.5,"[null,null]","[null,null,null,null]",True
wzz,copolymer,,P(ET-co-OH)10,,O=C([H])C1=CC=C(C(OCCO[H])=O)C=C1,O=C1N(C(C2=CC=C(OC3=CC=C4C(C(N(OCCOC(C5=CC=C(C=C5)C([H])=O)=O)C4=O)=O)=C3)C=C21)=O)OCCO[H],,,100.0,,,,10.0,,,,,98.9,25251cc241acab4f12efa4a9f4a5ec55888f4b687a72ec98bb3e2fbe88c25a11,316,25006.8579746,110.0,copolymer,,,passed,2,"[""mol1"",""mol2""]","[""mol1"",""mol2""]","[194.0579088,560.1067094599998]","[194.0579088,560.1067094599998]","[100.0,10.0]","[100.0,10.0]","[0.9090909090909091,0.09090909090909091]","[0.9090909090909091,0.09090909090909091]","[19405.79088,5601.067094599998]","[""molar_amount_to_mass_by_exact_molecular_weight"",""molar_amount_to_mass_by_exact_molecular_weight""]","[""molar_amount_to_mass_by_exact_molecular_weight"",""molar_amount_to_mass_by_exact_molecular_weight""]",[],[],[],[25006.8579746],[1.0],[110.0],[1.0],[],[],[],hierarchical_mole_internal_mass_blend_v1,RDKit.Chem.rdMolDescriptors.CalcExactMolWt,2022.09.5,"[null,null]","[null,null,null,null]",True
wzz,copolymer,,P(ET-co-OH)15,,O=C([H])C1=CC=C(C(OCCO[H])=O)C=C1,O=C1N(C(C2=CC=C(OC3=CC=C4C(C(N(OCCOC(C5=CC=C(C=C5)C([H])=O)=O)C4=O)=O)=C3)C=C21)=O)OCCO[H],,,100.0,,,,15.0,,,,,104.3,5e8a170742f7bd35f1b764890efeac227ffcba403a340187a1762c07fd81409d,317,27807.391521899997,115.0,copolymer,,,passed,2,"[""mol1"",""mol2""]","[""mol1"",""mol2""]","[194.0579088,560.1067094599998]","[194.0579088,560.1067094599998]","[100.0,15.0]","[100.0,15.0]","[0.8695652173913043,0.13043478260869565]","[0.8695652173913043,0.13043478260869565]","[19405.79088,8401.600641899997]","[""molar_amount_to_mass_by_exact_molecular_weight"",""molar_amount_to_mass_by_exact_molecular_weight""]","[""molar_amount_to_mass_by_exact_molecular_weight"",""molar_amount_to_mass_by_exact_molecular_weight""]",[],[],[],[27807.391521899997],[1.0],[115.0],[1.0],[],[],[],hierarchical_mole_internal_mass_blend_v1,RDKit.Chem.rdMolDescriptors.CalcExactMolWt,2022.09.5,"[null,null]","[null,null,null,null]",True
wzz,copolymer,,P(ET-co-OH)5,,O=C([H])C1=CC=C(C(OCCO[H])=O)C=C1,O=C1N(C(C2=CC=C(OC3=CC=C4C(C(N(OCCOC(C5=CC=C(C=C5)C([H])=O)=O)C4=O)=O)=C3)C=C21)=O)OCCO[H],,,100.0,,,,5.0,,,,,92.5,296f41571ead2a4ef60e7e01984c06e01e5130014ce60ec2bb972a4d14175662,318,22206.3244273,105.0,copolymer,,,passed,2,"[""mol1"",""mol2""]","[""mol1"",""mol2""]","[194.0579088,560.1067094599998]","[194.0579088,560.1067094599998]","[100.0,5.0]","[100.0,5.0]","[0.9523809523809523,0.047619047619047616]","[0.9523809523809523,0.047619047619047616]","[19405.79088,2800.533547299999]","[""molar_amount_to_mass_by_exact_molecular_weight"",""molar_amount_to_mass_by_exact_molecular_weight""]","[""molar_amount_to_mass_by_exact_molecular_weight"",""molar_amount_to_mass_by_exact_molecular_weight""]",[],[],[],[22206.3244273],[1.0],[105.0],[1.0],[],[],[],hierarchical_mole_internal_mass_blend_v1,RDKit.Chem.rdMolDescriptors.CalcExactMolWt,2022.09.5,"[null,null]","[null,null,null,null]",True
zhb,copolymer,,P(ET-co-P)10,,O=C([H])C1=CC=C(C(OCCO[H])=O)C=C1,O=C(C1=CC=C(C#CC2=CC=CC=C2)C=C1C(OCCO[H])=O)[H],,,100.0,,,,10.0,,,,,74.6,8599dd706f6e30a6dc19b7f1da95279e56bc68706dd508dc50ca1d104aa7391c,319,22346.682969280002,110.0,copolymer,,,passed,2,"[""mol1"",""mol2""]","[""mol1"",""mol2""]","[194.0579088,294.08920892799995]","[194.0579088,294.08920892799995]","[100.0,10.0]","[100.0,10.0]","[0.9090909090909091,0.09090909090909091]","[0.9090909090909091,0.09090909090909091]","[19405.79088,2940.8920892799997]","[""molar_amount_to_mass_by_exact_molecular_weight"",""molar_amount_to_mass_by_exact_molecular_weight""]","[""molar_amount_to_mass_by_exact_molecular_weight"",""molar_amount_to_mass_by_exact_molecular_weight""]",[],[],[],[22346.682969280002],[1.0],[110.0],[1.0],[],[],[],hierarchical_mole_internal_mass_blend_v1,RDKit.Chem.rdMolDescriptors.CalcExactMolWt,2022.09.5,"[null,null]","[null,null,null,null]",True
zhb,copolymer,,P(ET-co-P)20,,O=C([H])C1=CC=C(C(OCCO[H])=O)C=C1,O=C(C1=CC=C(C#CC2=CC=CC=C2)C=C1C(OCCO[H])=O)[H],,,100.0,,,,20.0,,,,,76.1,8a8e1c5913d2abef94ea1dca3e0e25f03f3e703b69d26b6b832b2425e91ea602,320,25287.57505856,120.0,copolymer,,,passed,2,"[""mol1"",""mol2""]","[""mol1"",""mol2""]","[194.0579088,294.08920892799995]","[194.0579088,294.08920892799995]","[100.0,20.0]","[100.0,20.0]","[0.8333333333333334,0.16666666666666666]","[0.8333333333333334,0.16666666666666666]","[19405.79088,5881.784178559999]","[""molar_amount_to_mass_by_exact_molecular_weight"",""molar_amount_to_mass_by_exact_molecular_weight""]","[""molar_amount_to_mass_by_exact_molecular_weight"",""molar_amount_to_mass_by_exact_molecular_weight""]",[],[],[],[25287.57505856],[1.0],[120.0],[1.0],[],[],[],hierarchical_mole_internal_mass_blend_v1,RDKit.Chem.rdMolDescriptors.CalcExactMolWt,2022.09.5,"[null,null]","[null,null,null,null]",True
zhb,copolymer,,P(ET-co-P)40,,O=C([H])C1=CC=C(C(OCCO[H])=O)C=C1,O=C(C1=CC=C(C#CC2=CC=CC=C2)C=C1C(OCCO[H])=O)[H],,,100.0,,,,40.0,,,,,80.0,33970e4152dfd18a7336586e6e5932f17fa01d6c7b444c07318a84f9668f9e99,321,31169.35923712,140.0,copolymer,,,passed,2,"[""mol1"",""mol2""]","[""mol1"",""mol2""]","[194.0579088,294.08920892799995]","[194.0579088,294.08920892799995]","[100.0,40.0]","[100.0,40.0]","[0.7142857142857143,0.2857142857142857]","[0.7142857142857143,0.2857142857142857]","[19405.79088,11763.568357119999]","[""molar_amount_to_mass_by_exact_molecular_weight"",""molar_amount_to_mass_by_exact_molecular_weight""]","[""molar_amount_to_mass_by_exact_molecular_weight"",""molar_amount_to_mass_by_exact_molecular_weight""]",[],[],[],[31169.35923712],[1.0],[140.0],[1.0],[],[],[],hierarchical_mole_internal_mass_blend_v1,RDKit.Chem.rdMolDescriptors.CalcExactMolWt,2022.09.5,"[null,null]","[null,null,null,null]",True
dx,copolymer,,PET-co-DMTMI5,,O=C([H])C1=CC=C(C(OCCO[H])=O)C=C1,O=C1C2C(C(N1C3=CC(C([H])=O)=CC(C(OCCO[H])=O)=C3)=O)C4C=CC2C4,,,100.0,,,,5.0,,,,,83.0,324b2751d801b4f4fd5ad173cc9732b2d4449b412fb9f850bd79a048d83bef9c,322,21181.31881632,105.0,copolymer,,,passed,2,"[""mol1"",""mol2""]","[""mol1"",""mol2""]","[194.0579088,355.105587264]","[194.0579088,355.105587264]","[100.0,5.0]","[100.0,5.0]","[0.9523809523809523,0.047619047619047616]","[0.9523809523809523,0.047619047619047616]","[19405.79088,1775.52793632]","[""molar_amount_to_mass_by_exact_molecular_weight"",""molar_amount_to_mass_by_exact_molecular_weight""]","[""molar_amount_to_mass_by_exact_molecular_weight"",""molar_amount_to_mass_by_exact_molecular_weight""]",[],[],[],[21181.31881632],[1.0],[105.0],[1.0],[],[],[],hierarchical_mole_internal_mass_blend_v1,RDKit.Chem.rdMolDescriptors.CalcExactMolWt,2022.09.5,"[null,null]","[null,null,null,null]",True
dx,copolymer,,PET-co-DMTMI10,,O=C([H])C1=CC=C(C(OCCO[H])=O)C=C1,O=C1C2C(C(N1C3=CC(C([H])=O)=CC(C(OCCO[H])=O)=C3)=O)C4C=CC2C4,,,100.0,,,,10.0,,,,,89.5,1c378c2ac2c3a9390c23eb72b8b6812e6426a16dab38a1e7e0c2ef1a28921729,323,22956.84675264,110.0,copolymer,,,passed,2,"[""mol1"",""mol2""]","[""mol1"",""mol2""]","[194.0579088,355.105587264]","[194.0579088,355.105587264]","[100.0,10.0]","[100.0,10.0]","[0.9090909090909091,0.09090909090909091]","[0.9090909090909091,0.09090909090909091]","[19405.79088,3551.05587264]","[""molar_amount_to_mass_by_exact_molecular_weight"",""molar_amount_to_mass_by_exact_molecular_weight""]","[""molar_amount_to_mass_by_exact_molecular_weight"",""molar_amount_to_mass_by_exact_molecular_weight""]",[],[],[],[22956.84675264],[1.0],[110.0],[1.0],[],[],[],hierarchical_mole_internal_mass_blend_v1,RDKit.Chem.rdMolDescriptors.CalcExactMolWt,2022.09.5,"[null,null]","[null,null,null,null]",True
dx,copolymer,,PET-co-DMTMI20,,O=C([H])C1=CC=C(C(OCCO[H])=O)C=C1,O=C1C2C(C(N1C3=CC(C([H])=O)=CC(C(OCCO[H])=O)=C3)=O)C4C=CC2C4,,,100.0,,,,20.0,,,,,98.6,057b928244186fe4bc554bf13e3bf2b92d1d05d29e85595b76438e5a76ff9196,324,26507.90262528,120.0,copolymer,,,passed,2,"[""mol1"",""mol2""]","[""mol1"",""mol2""]","[194.0579088,355.105587264]","[194.0579088,355.105587264]","[100.0,20.0]","[100.0,20.0]","[0.8333333333333334,0.16666666666666666]","[0.8333333333333334,0.16666666666666666]","[19405.79088,7102.11174528]","[""molar_amount_to_mass_by_exact_molecular_weight"",""molar_amount_to_mass_by_exact_molecular_weight""]","[""molar_amount_to_mass_by_exact_molecular_weight"",""molar_amount_to_mass_by_exact_molecular_weight""]",[],[],[],[26507.90262528],[1.0],[120.0],[1.0],[],[],[],hierarchical_mole_internal_mass_blend_v1,RDKit.Chem.rdMolDescriptors.CalcExactMolWt,2022.09.5,"[null,null]","[null,null,null,null]",True
dx,copolymer,,PET-co-DMTEI5,,O=C([H])C1=CC=C(C(OCCO[H])=O)C=C1,O=C1C2C(C(N1C3=CC(C([H])=O)=CC(C(OCCO[H])=O)=C3)=O)C4C=CC2O4,,,98.0,,,,2.0,,,,,84.1,805bbc855ca74fabb4a33f3d12ce4751e6ff6c2fd0549f5dd8702529eee451fd,325,19731.84476604,100.0,copolymer,,,passed,2,"[""mol1"",""mol2""]","[""mol1"",""mol2""]","[194.0579088,357.08485182]","[194.0579088,357.08485182]","[98.0,2.0]","[98.0,2.0]","[0.98,0.02]","[0.98,0.02]","[19017.6750624,714.16970364]","[""molar_amount_to_mass_by_exact_molecular_weight"",""molar_amount_to_mass_by_exact_molecular_weight""]","[""molar_amount_to_mass_by_exact_molecular_weight"",""molar_amount_to_mass_by_exact_molecular_weight""]",[],[],[],[19731.84476604],[1.0],[100.0],[1.0],[],[],[],hierarchical_mole_internal_mass_blend_v1,RDKit.Chem.rdMolDescriptors.CalcExactMolWt,2022.09.5,"[null,null]","[null,null,null,null]",True
dx,copolymer,,PET-co-DMTEI10,,O=C([H])C1=CC=C(C(OCCO[H])=O)C=C1,O=C1C2C(C(N1C3=CC(C([H])=O)=CC(C(OCCO[H])=O)=C3)=O)C4C=CC2O4,,,95.0,,,,5.0,,,,,92.4,3c339b2411376f51f67044722a8a010e183cb4babc60ea051f4064563aeaeee4,326,20220.9255951,100.0,copolymer,,,passed,2,"[""mol1"",""mol2""]","[""mol1"",""mol2""]","[194.0579088,357.08485182]","[194.0579088,357.08485182]","[95.0,5.0]","[95.0,5.0]","[0.95,0.05]","[0.95,0.05]","[18435.501336,1785.4242591]","[""molar_amount_to_mass_by_exact_molecular_weight"",""molar_amount_to_mass_by_exact_molecular_weight""]","[""molar_amount_to_mass_by_exact_molecular_weight"",""molar_amount_to_mass_by_exact_molecular_weight""]",[],[],[],[20220.9255951],[1.0],[100.0],[1.0],[],[],[],hierarchical_mole_internal_mass_blend_v1,RDKit.Chem.rdMolDescriptors.CalcExactMolWt,2022.09.5,"[null,null]","[null,null,null,null]",True
dx,copolymer,,PET-co-DMTEI20,,O=C([H])C1=CC=C(C(OCCO[H])=O)C=C1,O=C1C2C(C(N1C3=CC(C([H])=O)=CC(C(OCCO[H])=O)=C3)=O)C4C=CC2O4,,,90.0,,,,10.0,,,,,96.3,d9c926f49de1cc0d7e5a1aa401bea02151befc387844614143e3f39538e5928d,327,21036.060310200002,100.0,copolymer,,,passed,2,"[""mol1"",""mol2""]","[""mol1"",""mol2""]","[194.0579088,357.08485182]","[194.0579088,357.08485182]","[90.0,10.0]","[90.0,10.0]","[0.9,0.1]","[0.9,0.1]","[17465.211792000002,3570.8485182]","[""molar_amount_to_mass_by_exact_molecular_weight"",""molar_amount_to_mass_by_exact_molecular_weight""]","[""molar_amount_to_mass_by_exact_molecular_weight"",""molar_amount_to_mass_by_exact_molecular_weight""]",[],[],[],[21036.060310200002],[1.0],[100.0],[1.0],[],[],[],hierarchical_mole_internal_mass_blend_v1,RDKit.Chem.rdMolDescriptors.CalcExactMolWt,2022.09.5,"[null,null]","[null,null,null,null]",True
zhb,copolymer,,P(ET-co-P)60,,O=C([H])C1=CC=C(C(OCCO[H])=O)C=C1,O=C(C1=CC=C(C#CC2=CC=CC=C2)C=C1C(OCCO[H])=O)[H],,,100.0,,,,60.0,,,,,82.0,a3c8e1a14cbe32ac2d7e1fd9a76c7d33f218c94060ed16788fcddab77ca06d6e,328,37051.143415679995,160.0,copolymer,,,passed,2,"[""mol1"",""mol2""]","[""mol1"",""mol2""]","[194.0579088,294.08920892799995]","[194.0579088,294.08920892799995]","[100.0,60.0]","[100.0,60.0]","[0.625,0.375]","[0.625,0.375]","[19405.79088,17645.35253568]","[""molar_amount_to_mass_by_exact_molecular_weight"",""molar_amount_to_mass_by_exact_molecular_weight""]","[""molar_amount_to_mass_by_exact_molecular_weight"",""molar_amount_to_mass_by_exact_molecular_weight""]",[],[],[],[37051.143415679995],[1.0],[160.0],[1.0],[],[],[],hierarchical_mole_internal_mass_blend_v1,RDKit.Chem.rdMolDescriptors.CalcExactMolWt,2022.09.5,"[null,null]","[null,null,null,null]",True
zhb,copolymer,,P(ET-co-P)80,,O=C([H])C1=CC=C(C(OCCO[H])=O)C=C1,O=C(C1=CC=C(C#CC2=CC=CC=C2)C=C1C(OCCO[H])=O)[H],,,100.0,,,,80.0,,,,,82.1,c92e5f0d6efc707e00983c94cc7b83faf371ed333d96cee08f0901c790b6d0e3,329,42932.92759424,180.0,copolymer,,,passed,2,"[""mol1"",""mol2""]","[""mol1"",""mol2""]","[194.0579088,294.08920892799995]","[194.0579088,294.08920892799995]","[100.0,80.0]","[100.0,80.0]","[0.5555555555555556,0.4444444444444444]","[0.5555555555555556,0.4444444444444444]","[19405.79088,23527.136714239998]","[""molar_amount_to_mass_by_exact_molecular_weight"",""molar_amount_to_mass_by_exact_molecular_weight""]","[""molar_amount_to_mass_by_exact_molecular_weight"",""molar_amount_to_mass_by_exact_molecular_weight""]",[],[],[],[42932.92759424],[1.0],[180.0],[1.0],[],[],[],hierarchical_mole_internal_mass_blend_v1,RDKit.Chem.rdMolDescriptors.CalcExactMolWt,2022.09.5,"[null,null]","[null,null,null,null]",True
10.1016/j.polymdegradstab.2010.01.031,copolymer,,CP5,,[H]C(C1=CC=CC=C1)C[H],O=C(OCCOP(OC1=CC=CC=C1)(N(CC)CC)=O)C([H])C[H],,95.0,,,,5.0,,,,,,102.0,62e7701b51dcb679e36d9e34227cfa336987f5bac4208dc6117b14c10593af30,330,100.0,0.910756439902105,copolymer,,,passed,2,"[""wt1"",""wt2""]","[""wt1"",""wt2""]","[106.07825032,329.13920949799996]","[106.07825032,329.13920949799996]","[0.8955652993277992,0.015191140574305788]","[0.8955652993277992,0.015191140574305788]","[0.9833203039706876,0.016679696029312345]","[0.9833203039706876,0.016679696029312345]","[95.0,5.0]","[""weight_amount_to_moles_by_exact_molecular_weight"",""weight_amount_to_moles_by_exact_molecular_weight""]","[""weight_amount_to_moles_by_exact_molecular_weight"",""weight_amount_to_moles_by_exact_molecular_weight""]",[],[],[],[100.0],[1.0],[0.910756439902105],[1.0],[],[],[],hierarchical_mole_internal_mass_blend_v1,RDKit.Chem.rdMolDescriptors.CalcExactMolWt,2022.09.5,"[null,null]","[null,null,null,null]",True
10.1016/j.polymdegradstab.2010.01.031,copolymer,,CP10,,[H]C(C1=CC=CC=C1)C[H],O=C(OCCOP(OC1=CC=CC=C1)(N(CC)CC)=O)C([H])C[H],,90.0,,,,10.0,,,,,,97.0,df546cbf846240de063404211b6badc1fd37b2b81db1307e0b97778a8b6768df,331,100.0,0.878812564722316,copolymer,,,passed,2,"[""wt1"",""wt2""]","[""wt1"",""wt2""]","[106.07825032,329.13920949799996]","[106.07825032,329.13920949799996]","[0.8484302835737044,0.030382281148611575]","[0.8484302835737044,0.030382281148611575]","[0.9654280305400371,0.034571969459962895]","[0.9654280305400371,0.034571969459962895]","[90.0,10.0]","[""weight_amount_to_moles_by_exact_molecular_weight"",""weight_amount_to_moles_by_exact_molecular_weight""]","[""weight_amount_to_moles_by_exact_molecular_weight"",""weight_amount_to_moles_by_exact_molecular_weight""]",[],[],[],[100.0],[1.0],[0.878812564722316],[1.0],[],[],[],hierarchical_mole_internal_mass_blend_v1,RDKit.Chem.rdMolDescriptors.CalcExactMolWt,2022.09.5,"[null,null]","[null,null,null,null]",True
10.1016/j.polymdegradstab.2010.01.031,copolymer,,CP15,,[H]C(C1=CC=CC=C1)C[H],O=C(OCCOP(OC1=CC=CC=C1)(N(CC)CC)=O)C([H])C[H],,85.0,,,,15.0,,,,,,93.0,ecfc610dc08f9c2937a55fa37190d573ced7cecf4b3e968ca255b700b8a833a0,332,100.0,0.8468686895425271,copolymer,,,passed,2,"[""wt1"",""wt2""]","[""wt1"",""wt2""]","[106.07825032,329.13920949799996]","[106.07825032,329.13920949799996]","[0.8012952678196098,0.04557342172291736]","[0.8012952678196098,0.04557342172291736]","[0.946185964499956,0.05381403550004408]","[0.946185964499956,0.05381403550004408]","[85.0,15.0]","[""weight_amount_to_moles_by_exact_molecular_weight"",""weight_amount_to_moles_by_exact_molecular_weight""]","[""weight_amount_to_moles_by_exact_molecular_weight"",""weight_amount_to_moles_by_exact_molecular_weight""]",[],[],[],[100.0],[1.0],[0.8468686895425271],[1.0],[],[],[],hierarchical_mole_internal_mass_blend_v1,RDKit.Chem.rdMolDescriptors.CalcExactMolWt,2022.09.5,"[null,null]","[null,null,null,null]",True
10.1016/j.polymdegradstab.2010.01.031,copolymer,,CP20,,[H]C(C1=CC=CC=C1)C[H],O=C(OCCOP(OC1=CC=CC=C1)(N(CC)CC)=O)C([H])C[H],,80.0,,,,20.0,,,,,,89.0,e122db70c30f96651053e7b8685245d444260993d3683819439b8ec7a1909885,333,100.0,0.8149248143627382,copolymer,,,passed,2,"[""wt1"",""wt2""]","[""wt1"",""wt2""]","[106.07825032,329.13920949799996]","[106.07825032,329.13920949799996]","[0.7541602520655151,0.06076456229722315]","[0.7541602520655151,0.06076456229722315]","[0.9254353760908111,0.07456462390918889]","[0.9254353760908111,0.07456462390918889]","[80.0,20.0]","[""weight_amount_to_moles_by_exact_molecular_weight"",""weight_amount_to_moles_by_exact_molecular_weight""]","[""weight_amount_to_moles_by_exact_molecular_weight"",""weight_amount_to_moles_by_exact_molecular_weight""]",[],[],[],[100.0],[1.0],[0.8149248143627382],[1.0],[],[],[],hierarchical_mole_internal_mass_blend_v1,RDKit.Chem.rdMolDescriptors.CalcExactMolWt,2022.09.5,"[null,null]","[null,null,null,null]",True
lbw,copolymer,,P(ET-co-PA)10,,O=C([H])C1=CC=C(C(OCCO[H])=O)C=C1,O=C(C1=CC(NC(C2=CC=CC=C2)=O)=CC(C([H])=O)=C1)OCCO[H],,,100.0,,,,10.0,,,,,81.5,10a27dfa7129646509059f34848b471b884882189fdd00afd839381042ac9463,334,22536.7411058,110.0,copolymer,,,passed,2,"[""mol1"",""mol2""]","[""mol1"",""mol2""]","[194.0579088,313.09502258]","[194.0579088,313.09502258]","[100.0,10.0]","[100.0,10.0]","[0.9090909090909091,0.09090909090909091]","[0.9090909090909091,0.09090909090909091]","[19405.79088,3130.9502257999998]","[""molar_amount_to_mass_by_exact_molecular_weight"",""molar_amount_to_mass_by_exact_molecular_weight""]","[""molar_amount_to_mass_by_exact_molecular_weight"",""molar_amount_to_mass_by_exact_molecular_weight""]",[],[],[],[22536.7411058],[1.0],[110.0],[1.0],[],[],[],hierarchical_mole_internal_mass_blend_v1,RDKit.Chem.rdMolDescriptors.CalcExactMolWt,2022.09.5,"[null,null]","[null,null,null,null]",True
lbw,copolymer,,P(ET-co-PA)15,,O=C([H])C1=CC=C(C(OCCO[H])=O)C=C1,O=C(C1=CC(NC(C2=CC=CC=C2)=O)=CC(C([H])=O)=C1)OCCO[H],,,100.0,,,,15.0,,,,,84.8,596c751f58ba714c3a10a4e06c446a81c62b6505d7fe1f727b7612df401bec46,335,24102.2162187,115.0,copolymer,,,passed,2,"[""mol1"",""mol2""]","[""mol1"",""mol2""]","[194.0579088,313.09502258]","[194.0579088,313.09502258]","[100.0,15.0]","[100.0,15.0]","[0.8695652173913043,0.13043478260869565]","[0.8695652173913043,0.13043478260869565]","[19405.79088,4696.4253387]","[""molar_amount_to_mass_by_exact_molecular_weight"",""molar_amount_to_mass_by_exact_molecular_weight""]","[""molar_amount_to_mass_by_exact_molecular_weight"",""molar_amount_to_mass_by_exact_molecular_weight""]",[],[],[],[24102.2162187],[1.0],[115.0],[1.0],[],[],[],hierarchical_mole_internal_mass_blend_v1,RDKit.Chem.rdMolDescriptors.CalcExactMolWt,2022.09.5,"[null,null]","[null,null,null,null]",True
lbw,copolymer,,P(ET-co-PA)20,,O=C([H])C1=CC=C(C(OCCO[H])=O)C=C1,O=C(C1=CC(NC(C2=CC=CC=C2)=O)=CC(C([H])=O)=C1)OCCO[H],,,100.0,,,,20.0,,,,,92.4,bea1a80d2de4a439f1b93eaed15d81081f408d146d68c95b159aa0ca86e76484,336,25667.6913316,120.0,copolymer,,,passed,2,"[""mol1"",""mol2""]","[""mol1"",""mol2""]","[194.0579088,313.09502258]","[194.0579088,313.09502258]","[100.0,20.0]","[100.0,20.0]","[0.8333333333333334,0.16666666666666666]","[0.8333333333333334,0.16666666666666666]","[19405.79088,6261.9004515999995]","[""molar_amount_to_mass_by_exact_molecular_weight"",""molar_amount_to_mass_by_exact_molecular_weight""]","[""molar_amount_to_mass_by_exact_molecular_weight"",""molar_amount_to_mass_by_exact_molecular_weight""]",[],[],[],[25667.6913316],[1.0],[120.0],[1.0],[],[],[],hierarchical_mole_internal_mass_blend_v1,RDKit.Chem.rdMolDescriptors.CalcExactMolWt,2022.09.5,"[null,null]","[null,null,null,null]",True
lbw,copolymer,,P(ET-co-PA)5,,O=C([H])C1=CC=C(C(OCCO[H])=O)C=C1,O=C(C1=CC(NC(C2=CC=CC=C2)=O)=CC(C([H])=O)=C1)OCCO[H],,,100.0,,,,5.0,,,,,78.7,180b68cbcce21c71bc988c5a9913c47b20266333b959553abe412aceba5f6b53,337,20971.2659929,105.0,copolymer,,,passed,2,"[""mol1"",""mol2""]","[""mol1"",""mol2""]","[194.0579088,313.09502258]","[194.0579088,313.09502258]","[100.0,5.0]","[100.0,5.0]","[0.9523809523809523,0.047619047619047616]","[0.9523809523809523,0.047619047619047616]","[19405.79088,1565.4751128999999]","[""molar_amount_to_mass_by_exact_molecular_weight"",""molar_amount_to_mass_by_exact_molecular_weight""]","[""molar_amount_to_mass_by_exact_molecular_weight"",""molar_amount_to_mass_by_exact_molecular_weight""]",[],[],[],[20971.2659929],[1.0],[105.0],[1.0],[],[],[],hierarchical_mole_internal_mass_blend_v1,RDKit.Chem.rdMolDescriptors.CalcExactMolWt,2022.09.5,"[null,null]","[null,null,null,null]",True
lbw,copolymer,,P(ET-co-pAC)10,,O=C([H])C1=CC=C(C(OCCO[H])=O)C=C1,O=C(OCCO[H])C1=CC(NC(C2=CC=C(C#N)C=C2)=O)=CC(C([H])=O)=C1,,,100.0,,,,10.0,,,,,90.5,dbfa64db4e0ce51190526834888d2ce49f9e6d685af3ffc204d6473d05ee8f91,338,22786.69359548,110.0,copolymer,,,passed,2,"[""mol1"",""mol2""]","[""mol1"",""mol2""]","[194.0579088,338.090271548]","[194.0579088,338.090271548]","[100.0,10.0]","[100.0,10.0]","[0.9090909090909091,0.09090909090909091]","[0.9090909090909091,0.09090909090909091]","[19405.79088,3380.9027154799996]","[""molar_amount_to_mass_by_exact_molecular_weight"",""molar_amount_to_mass_by_exact_molecular_weight""]","[""molar_amount_to_mass_by_exact_molecular_weight"",""molar_amount_to_mass_by_exact_molecular_weight""]",[],[],[],[22786.69359548],[1.0],[110.0],[1.0],[],[],[],hierarchical_mole_internal_mass_blend_v1,RDKit.Chem.rdMolDescriptors.CalcExactMolWt,2022.09.5,"[null,null]","[null,null,null,null]",True
lbw,copolymer,,P(ET-co-pAC)5,,O=C([H])C1=CC=C(C(OCCO[H])=O)C=C1,O=C(OCCO[H])C1=CC(NC(C2=CC=C(C#N)C=C2)=O)=CC(C([H])=O)=C1,,,100.0,,,,5.0,,,,,86.2,b1b413b5131582d08059b0319b7f010939fa5efe1618245bc8853c4744a054f9,339,21096.24223774,105.0,copolymer,,,passed,2,"[""mol1"",""mol2""]","[""mol1"",""mol2""]","[194.0579088,338.090271548]","[194.0579088,338.090271548]","[100.0,5.0]","[100.0,5.0]","[0.9523809523809523,0.047619047619047616]","[0.9523809523809523,0.047619047619047616]","[19405.79088,1690.4513577399998]","[""molar_amount_to_mass_by_exact_molecular_weight"",""molar_amount_to_mass_by_exact_molecular_weight""]","[""molar_amount_to_mass_by_exact_molecular_weight"",""molar_amount_to_mass_by_exact_molecular_weight""]",[],[],[],[21096.24223774],[1.0],[105.0],[1.0],[],[],[],hierarchical_mole_internal_mass_blend_v1,RDKit.Chem.rdMolDescriptors.CalcExactMolWt,2022.09.5,"[null,null]","[null,null,null,null]",True
lbw,copolymer,,P(ET-co-pAC)8,,O=C([H])C1=CC=C(C(OCCO[H])=O)C=C1,O=C(OCCO[H])C1=CC(NC(C2=CC=C(C#N)C=C2)=O)=CC(C([H])=O)=C1,,,100.0,,,,8.0,,,,,88.1,7159b0f705c9d0eebb2b03e14175c7a804aaeed76191b9e5927adcd4a507e709,340,22110.513052384,108.0,copolymer,,,passed,2,"[""mol1"",""mol2""]","[""mol1"",""mol2""]","[194.0579088,338.090271548]","[194.0579088,338.090271548]","[100.0,8.0]","[100.0,8.0]","[0.9259259259259259,0.07407407407407407]","[0.9259259259259259,0.07407407407407407]","[19405.79088,2704.722172384]","[""molar_amount_to_mass_by_exact_molecular_weight"",""molar_amount_to_mass_by_exact_molecular_weight""]","[""molar_amount_to_mass_by_exact_molecular_weight"",""molar_amount_to_mass_by_exact_molecular_weight""]",[],[],[],[22110.513052384],[1.0],[108.0],[1.0],[],[],[],hierarchical_mole_internal_mass_blend_v1,RDKit.Chem.rdMolDescriptors.CalcExactMolWt,2022.09.5,"[null,null]","[null,null,null,null]",True
lbw,copolymer,,P(ET-co-PB)10,,O=C([H])C1=CC=C(C(OCCO[H])=O)C=C1,O=C(NC1=CC=C(C=C1)C(OCCO[H])=O)C2=CC=C(C=C2)C([H])=O,,,100.0,,,,10.0,,,,,85.5,1ee8e76c063ebc5a7065e4e1b1bb30c40d880afade32a948dddc7df73c185c12,341,22536.7411058,110.0,copolymer,,,passed,2,"[""mol1"",""mol2""]","[""mol1"",""mol2""]","[194.0579088,313.09502258]","[194.0579088,313.09502258]","[100.0,10.0]","[100.0,10.0]","[0.9090909090909091,0.09090909090909091]","[0.9090909090909091,0.09090909090909091]","[19405.79088,3130.9502257999998]","[""molar_amount_to_mass_by_exact_molecular_weight"",""molar_amount_to_mass_by_exact_molecular_weight""]","[""molar_amount_to_mass_by_exact_molecular_weight"",""molar_amount_to_mass_by_exact_molecular_weight""]",[],[],[],[22536.7411058],[1.0],[110.0],[1.0],[],[],[],hierarchical_mole_internal_mass_blend_v1,RDKit.Chem.rdMolDescriptors.CalcExactMolWt,2022.09.5,"[null,null]","[null,null,null,null]",True
lbw,copolymer,,P(ET-co-PB)15,,O=C([H])C1=CC=C(C(OCCO[H])=O)C=C1,O=C(NC1=CC=C(C=C1)C(OCCO[H])=O)C2=CC=C(C=C2)C([H])=O,,,100.0,,,,15.0,,,,,89.4,0e10415d22bbabbe214f73a02882a3bc35ffbe425103d7b6b91b05df1b4b50a3,342,24102.2162187,115.0,copolymer,,,passed,2,"[""mol1"",""mol2""]","[""mol1"",""mol2""]","[194.0579088,313.09502258]","[194.0579088,313.09502258]","[100.0,15.0]","[100.0,15.0]","[0.8695652173913043,0.13043478260869565]","[0.8695652173913043,0.13043478260869565]","[19405.79088,4696.4253387]","[""molar_amount_to_mass_by_exact_molecular_weight"",""molar_amount_to_mass_by_exact_molecular_weight""]","[""molar_amount_to_mass_by_exact_molecular_weight"",""molar_amount_to_mass_by_exact_molecular_weight""]",[],[],[],[24102.2162187],[1.0],[115.0],[1.0],[],[],[],hierarchical_mole_internal_mass_blend_v1,RDKit.Chem.rdMolDescriptors.CalcExactMolWt,2022.09.5,"[null,null]","[null,null,null,null]",True
lbw,copolymer,,P(ET-co-PB)20,,O=C([H])C1=CC=C(C(OCCO[H])=O)C=C1,O=C(NC1=CC=C(C=C1)C(OCCO[H])=O)C2=CC=C(C=C2)C([H])=O,,,100.0,,,,20.0,,,,,91.7,ca288e21bf8b2705bdd8c1b449b7e8ebff162621f4a13e3cc61f34812a7e60b9,343,25667.6913316,120.0,copolymer,,,passed,2,"[""mol1"",""mol2""]","[""mol1"",""mol2""]","[194.0579088,313.09502258]","[194.0579088,313.09502258]","[100.0,20.0]","[100.0,20.0]","[0.8333333333333334,0.16666666666666666]","[0.8333333333333334,0.16666666666666666]","[19405.79088,6261.9004515999995]","[""molar_amount_to_mass_by_exact_molecular_weight"",""molar_amount_to_mass_by_exact_molecular_weight""]","[""molar_amount_to_mass_by_exact_molecular_weight"",""molar_amount_to_mass_by_exact_molecular_weight""]",[],[],[],[25667.6913316],[1.0],[120.0],[1.0],[],[],[],hierarchical_mole_internal_mass_blend_v1,RDKit.Chem.rdMolDescriptors.CalcExactMolWt,2022.09.5,"[null,null]","[null,null,null,null]",True
lbw,copolymer,,P(ET-co-PB)5,,O=C([H])C1=CC=C(C(OCCO[H])=O)C=C1,O=C(NC1=CC=C(C=C1)C(OCCO[H])=O)C2=CC=C(C=C2)C([H])=O,,,100.0,,,,5.0,,,,,83.0,755c3f62529cc0ef3fbf541704405be7a562c1be4bf5d242cda9298223863b5f,344,20971.2659929,105.0,copolymer,,,passed,2,"[""mol1"",""mol2""]","[""mol1"",""mol2""]","[194.0579088,313.09502258]","[194.0579088,313.09502258]","[100.0,5.0]","[100.0,5.0]","[0.9523809523809523,0.047619047619047616]","[0.9523809523809523,0.047619047619047616]","[19405.79088,1565.4751128999999]","[""molar_amount_to_mass_by_exact_molecular_weight"",""molar_amount_to_mass_by_exact_molecular_weight""]","[""molar_amount_to_mass_by_exact_molecular_weight"",""molar_amount_to_mass_by_exact_molecular_weight""]",[],[],[],[20971.2659929],[1.0],[105.0],[1.0],[],[],[],hierarchical_mole_internal_mass_blend_v1,RDKit.Chem.rdMolDescriptors.CalcExactMolWt,2022.09.5,"[null,null]","[null,null,null,null]",True
zhb,copolymer,,P(ET-co-PN)10,,O=C([H])C1=CC=C(C(OCCO[H])=O)C=C1,O=C1N(C2=CC(C([H])=O)=CC(C(OCCO[H])=O)=C2)C(C3=C1C=C(C=C3)C#CC4=CC=CC=C4)=O,,,100.0,,,,10.0,,,,,88.6,03858e7d03d0c178274e0100e81aacf32d60ee54b3102ece933d317f0696ad10,345,23796.84675264,110.0,copolymer,,,passed,2,"[""mol1"",""mol2""]","[""mol1"",""mol2""]","[194.0579088,439.105587264]","[194.0579088,439.105587264]","[100.0,10.0]","[100.0,10.0]","[0.9090909090909091,0.09090909090909091]","[0.9090909090909091,0.09090909090909091]","[19405.79088,4391.05587264]","[""molar_amount_to_mass_by_exact_molecular_weight"",""molar_amount_to_mass_by_exact_molecular_weight""]","[""molar_amount_to_mass_by_exact_molecular_weight"",""molar_amount_to_mass_by_exact_molecular_weight""]",[],[],[],[23796.84675264],[1.0],[110.0],[1.0],[],[],[],hierarchical_mole_internal_mass_blend_v1,RDKit.Chem.rdMolDescriptors.CalcExactMolWt,2022.09.5,"[null,null]","[null,null,null,null]",True
zhb,copolymer,,P(ET-co-PN)20,,O=C([H])C1=CC=C(C(OCCO[H])=O)C=C1,O=C1N(C2=CC(C([H])=O)=CC(C(OCCO[H])=O)=C2)C(C3=C1C=C(C=C3)C#CC4=CC=CC=C4)=O,,,100.0,,,,20.0,,,,,92.0,5fad3cbcf9c605d1fdbfe80fa4d91419958c3b6ed0467ca7f9a9c9393c07ba37,346,28187.902625280003,120.0,copolymer,,,passed,2,"[""mol1"",""mol2""]","[""mol1"",""mol2""]","[194.0579088,439.105587264]","[194.0579088,439.105587264]","[100.0,20.0]","[100.0,20.0]","[0.8333333333333334,0.16666666666666666]","[0.8333333333333334,0.16666666666666666]","[19405.79088,8782.11174528]","[""molar_amount_to_mass_by_exact_molecular_weight"",""molar_amount_to_mass_by_exact_molecular_weight""]","[""molar_amount_to_mass_by_exact_molecular_weight"",""molar_amount_to_mass_by_exact_molecular_weight""]",[],[],[],[28187.902625280003],[1.0],[120.0],[1.0],[],[],[],hierarchical_mole_internal_mass_blend_v1,RDKit.Chem.rdMolDescriptors.CalcExactMolWt,2022.09.5,"[null,null]","[null,null,null,null]",True
zhb,copolymer,,P(ET-co-PN)5,,O=C([H])C1=CC=C(C(OCCO[H])=O)C=C1,O=C1N(C2=CC(C([H])=O)=CC(C(OCCO[H])=O)=C2)C(C3=C1C=C(C=C3)C#CC4=CC=CC=C4)=O,,,100.0,,,,5.0,,,,,85.9,50cfb788ffa7fd5d5ac983c81f513bfd641352c001cd6dba77712d89a8fdc91c,347,21601.31881632,105.0,copolymer,,,passed,2,"[""mol1"",""mol2""]","[""mol1"",""mol2""]","[194.0579088,439.105587264]","[194.0579088,439.105587264]","[100.0,5.0]","[100.0,5.0]","[0.9523809523809523,0.047619047619047616]","[0.9523809523809523,0.047619047619047616]","[19405.79088,2195.52793632]","[""molar_amount_to_mass_by_exact_molecular_weight"",""molar_amount_to_mass_by_exact_molecular_weight""]","[""molar_amount_to_mass_by_exact_molecular_weight"",""molar_amount_to_mass_by_exact_molecular_weight""]",[],[],[],[21601.31881632],[1.0],[105.0],[1.0],[],[],[],hierarchical_mole_internal_mass_blend_v1,RDKit.Chem.rdMolDescriptors.CalcExactMolWt,2022.09.5,"[null,null]","[null,null,null,null]",True
zhb,copolymer,,P(TT-co-PN)10,,O=C([H])C1=CC=C(C(OCCCO[H])=O)C=C1,O=C1N(C2=CC(C(OCCCO[H])=O)=CC(C([H])=O)=C2)C(C3=C1C=C(C=C3)C#CC4=CC=CC=C4)=O,,,100.0,,,,10.0,,,,,62.7,84bca689a084c572a9dc10aaa82e7c7b28d37c27e0967fe79a630dd8a6c95f3e,348,25338.56825968,110.0,copolymer,,,passed,2,"[""mol1"",""mol2""]","[""mol1"",""mol2""]","[208.073558864,453.121237328]","[208.073558864,453.121237328]","[100.0,10.0]","[100.0,10.0]","[0.9090909090909091,0.09090909090909091]","[0.9090909090909091,0.09090909090909091]","[20807.3558864,4531.21237328]","[""molar_amount_to_mass_by_exact_molecular_weight"",""molar_amount_to_mass_by_exact_molecular_weight""]","[""molar_amount_to_mass_by_exact_molecular_weight"",""molar_amount_to_mass_by_exact_molecular_weight""]",[],[],[],[25338.56825968],[1.0],[110.0],[1.0],[],[],[],hierarchical_mole_internal_mass_blend_v1,RDKit.Chem.rdMolDescriptors.CalcExactMolWt,2022.09.5,"[null,null]","[null,null,null,null]",True
zhb,copolymer,,P(TT-co-PN)20,,O=C([H])C1=CC=C(C(OCCCO[H])=O)C=C1,O=C1N(C2=CC(C(OCCCO[H])=O)=CC(C([H])=O)=C2)C(C3=C1C=C(C=C3)C#CC4=CC=CC=C4)=O,,,100.0,,,,20.0,,,,,68.4,f5badd749380cf240c8f20882eb08b71e904f4c6fffd25d15c2ee6bbb9ceee64,349,29869.78063296,120.0,copolymer,,,passed,2,"[""mol1"",""mol2""]","[""mol1"",""mol2""]","[208.073558864,453.121237328]","[208.073558864,453.121237328]","[100.0,20.0]","[100.0,20.0]","[0.8333333333333334,0.16666666666666666]","[0.8333333333333334,0.16666666666666666]","[20807.3558864,9062.42474656]","[""molar_amount_to_mass_by_exact_molecular_weight"",""molar_amount_to_mass_by_exact_molecular_weight""]","[""molar_amount_to_mass_by_exact_molecular_weight"",""molar_amount_to_mass_by_exact_molecular_weight""]",[],[],[],[29869.78063296],[1.0],[120.0],[1.0],[],[],[],hierarchical_mole_internal_mass_blend_v1,RDKit.Chem.rdMolDescriptors.CalcExactMolWt,2022.09.5,"[null,null]","[null,null,null,null]",True
zhb,copolymer,,P(TT-co-PN)5,,O=C([H])C1=CC=C(C(OCCCO[H])=O)C=C1,O=C1N(C2=CC(C(OCCCO[H])=O)=CC(C([H])=O)=C2)C(C3=C1C=C(C=C3)C#CC4=CC=CC=C4)=O,,,100.0,,,,5.0,,,,,54.0,1843c470fe3aeeeadd67a627f048b910f04b1b5c2554545005399a98c58389ba,350,23072.962073040002,105.0,copolymer,,,passed,2,"[""mol1"",""mol2""]","[""mol1"",""mol2""]","[208.073558864,453.121237328]","[208.073558864,453.121237328]","[100.0,5.0]","[100.0,5.0]","[0.9523809523809523,0.047619047619047616]","[0.9523809523809523,0.047619047619047616]","[20807.3558864,2265.60618664]","[""molar_amount_to_mass_by_exact_molecular_weight"",""molar_amount_to_mass_by_exact_molecular_weight""]","[""molar_amount_to_mass_by_exact_molecular_weight"",""molar_amount_to_mass_by_exact_molecular_weight""]",[],[],[],[23072.962073040002],[1.0],[105.0],[1.0],[],[],[],hierarchical_mole_internal_mass_blend_v1,RDKit.Chem.rdMolDescriptors.CalcExactMolWt,2022.09.5,"[null,null]","[null,null,null,null]",True
张琴,copolymer,,PA 6-co-AOMP1,,[H]C(CCCCCN[H])=O,[H]NC1=CC=C(C=C1)NC(C2=CC=C(C=C2)OP(OC3=CC=C(C=C3)C(NC4=CC=C(C=C4)NC(CCCCC([H])=O)=O)[P@@]5(C6=C(C=CC=C6)C7=CC=CC=C7O5)=O)(C8=CC=CC=C8)=O)[P@]9(C%10=C(C=CC=C%10)C%11=CC=CC=C%11O9)=O,,,100.0,,,,1.0,,,,,53.5,e871f260b4f2eb8fd8c81630ec0bc7a01add06a2215baede722b7440d711b9b8,351,12600.273942765998,101.0,copolymer,,,passed,2,"[""mol1"",""mol2""]","[""mol1"",""mol2""]","[115.099714036,1090.302539166]","[115.099714036,1090.302539166]","[100.0,1.0]","[100.0,1.0]","[0.9900990099009901,0.009900990099009901]","[0.9900990099009901,0.009900990099009901]","[11509.971403599999,1090.302539166]","[""molar_amount_to_mass_by_exact_molecular_weight"",""molar_amount_to_mass_by_exact_molecular_weight""]","[""molar_amount_to_mass_by_exact_molecular_weight"",""molar_amount_to_mass_by_exact_molecular_weight""]",[],[],[],[12600.273942765998],[1.0],[101.0],[1.0],[],[],[],hierarchical_mole_internal_mass_blend_v1,RDKit.Chem.rdMolDescriptors.CalcExactMolWt,2022.09.5,"[null,null]","[null,null,null,null]",True
张琴,copolymer,,PA 6-co-AOMP2,,[H]C(CCCCCN[H])=O,[H]NC1=CC=C(C=C1)NC(C2=CC=C(C=C2)OP(OC3=CC=C(C=C3)C(NC4=CC=C(C=C4)NC(CCCCC([H])=O)=O)[P@@]5(C6=C(C=CC=C6)C7=CC=CC=C7O5)=O)(C8=CC=CC=C8)=O)[P@]9(C%10=C(C=CC=C%10)C%11=CC=CC=C%11O9)=O,,,100.0,,,,2.0,,,,,61.9,51dd0240f292a35ae57adc22779a3a8805490801b5239ff7ecff64bc9541b571,352,13690.576481932,102.0,copolymer,,,passed,2,"[""mol1"",""mol2""]","[""mol1"",""mol2""]","[115.099714036,1090.302539166]","[115.099714036,1090.302539166]","[100.0,2.0]","[100.0,2.0]","[0.9803921568627451,0.0196078431372549]","[0.9803921568627451,0.0196078431372549]","[11509.971403599999,2180.605078332]","[""molar_amount_to_mass_by_exact_molecular_weight"",""molar_amount_to_mass_by_exact_molecular_weight""]","[""molar_amount_to_mass_by_exact_molecular_weight"",""molar_amount_to_mass_by_exact_molecular_weight""]",[],[],[],[13690.576481932],[1.0],[102.0],[1.0],[],[],[],hierarchical_mole_internal_mass_blend_v1,RDKit.Chem.rdMolDescriptors.CalcExactMolWt,2022.09.5,"[null,null]","[null,null,null,null]",True
10.1016/j.cej.2023.144983,copolymer,,PA 6-co-DPA1c,,[H]NCCCCCC([H])=O,[H]C(CCCCCNC(C1=CC(NP(C2=CC=CC=C2)(C3=CC=CC=C3)=O)=CC(C([H])=O)=C1)=O)=O,,,100.0,,,,1.0,,,,,57.9,82d056c9ae503a4f676375eaead847a23100650095a37898a624142bd5ece262,353,11972.142247573998,101.0,copolymer,,,passed,2,"[""mol1"",""mol2""]","[""mol1"",""mol2""]","[115.099714036,462.1708439739999]","[115.099714036,462.1708439739999]","[100.0,1.0]","[100.0,1.0]","[0.9900990099009901,0.009900990099009901]","[0.9900990099009901,0.009900990099009901]","[11509.971403599999,462.1708439739999]","[""molar_amount_to_mass_by_exact_molecular_weight"",""molar_amount_to_mass_by_exact_molecular_weight""]","[""molar_amount_to_mass_by_exact_molecular_weight"",""molar_amount_to_mass_by_exact_molecular_weight""]",[],[],[],[11972.142247573998],[1.0],[101.0],[1.0],[],[],[],hierarchical_mole_internal_mass_blend_v1,RDKit.Chem.rdMolDescriptors.CalcExactMolWt,2022.09.5,"[null,null]","[null,null,null,null]",True
chb,copolymer,,PTTBP5,,O=C([H])C1=CC=C(C(OCCCO[H])=O)C=C1,[H]C(C(C=C1)=CC=C1P(C(C=C2)=CC=C2C(OCCCO[H])=O)(C3=CC=CC=C3)=O)=O,,,100.0,,,,5.0,,,,,46.5,bcb7bc855d7adf05ebbea46df5d22512d8beda3e268e125f4839e49876296111,354,22847.91918841,105.0,copolymer,,,passed,2,"[""mol1"",""mol2""]","[""mol1"",""mol2""]","[208.073558864,408.11266040199996]","[208.073558864,408.11266040199996]","[100.0,5.0]","[100.0,5.0]","[0.9523809523809523,0.047619047619047616]","[0.9523809523809523,0.047619047619047616]","[20807.3558864,2040.56330201]","[""molar_amount_to_mass_by_exact_molecular_weight"",""molar_amount_to_mass_by_exact_molecular_weight""]","[""molar_amount_to_mass_by_exact_molecular_weight"",""molar_amount_to_mass_by_exact_molecular_weight""]",[],[],[],[22847.91918841],[1.0],[105.0],[1.0],[],[],[],hierarchical_mole_internal_mass_blend_v1,RDKit.Chem.rdMolDescriptors.CalcExactMolWt,2022.09.5,"[null,null]","[null,null,null,null]",True
chb,copolymer,,PTTBP10,,O=C([H])C1=CC=C(C(OCCCO[H])=O)C=C1,[H]C(C(C=C1)=CC=C1P(C(C=C2)=CC=C2C(OCCCO[H])=O)(C3=CC=CC=C3)=O)=O,,,100.0,,,,10.0,,,,,51.5,6e8f874b0006ba7bc1e293e6bc7f622765fc5309d357a916c7481337491cae4a,355,24888.48249042,110.0,copolymer,,,passed,2,"[""mol1"",""mol2""]","[""mol1"",""mol2""]","[208.073558864,408.11266040199996]","[208.073558864,408.11266040199996]","[100.0,10.0]","[100.0,10.0]","[0.9090909090909091,0.09090909090909091]","[0.9090909090909091,0.09090909090909091]","[20807.3558864,4081.12660402]","[""molar_amount_to_mass_by_exact_molecular_weight"",""molar_amount_to_mass_by_exact_molecular_weight""]","[""molar_amount_to_mass_by_exact_molecular_weight"",""molar_amount_to_mass_by_exact_molecular_weight""]",[],[],[],[24888.48249042],[1.0],[110.0],[1.0],[],[],[],hierarchical_mole_internal_mass_blend_v1,RDKit.Chem.rdMolDescriptors.CalcExactMolWt,2022.09.5,"[null,null]","[null,null,null,null]",True
chb,copolymer,,PTTP5,,O=C([H])C1=CC=C(C(OCCCO[H])=O)C=C1,O=P1(C2=CC=CC=C2C3=C(O1)C=CC=C3)CC(C([H])=O)C(OCCCO[H])=O,,,100.0,,,,5.0,,,,,41.9,065b11bfdfa7b8df0029c096d967063659eb85eacffc66409389ba63e829debf,356,22677.81551119,105.0,copolymer,,,passed,2,"[""mol1"",""mol2""]","[""mol1"",""mol2""]","[208.073558864,374.09192495799994]","[208.073558864,374.09192495799994]","[100.0,5.0]","[100.0,5.0]","[0.9523809523809523,0.047619047619047616]","[0.9523809523809523,0.047619047619047616]","[20807.3558864,1870.4596247899997]","[""molar_amount_to_mass_by_exact_molecular_weight"",""molar_amount_to_mass_by_exact_molecular_weight""]","[""molar_amount_to_mass_by_exact_molecular_weight"",""molar_amount_to_mass_by_exact_molecular_weight""]",[],[],[],[22677.81551119],[1.0],[105.0],[1.0],[],[],[],hierarchical_mole_internal_mass_blend_v1,RDKit.Chem.rdMolDescriptors.CalcExactMolWt,2022.09.5,"[null,null]","[null,null,null,null]",True
chb,copolymer,,PTTP10,,O=C([H])C1=CC=C(C(OCCCO[H])=O)C=C1,O=P1(C2=CC=CC=C2C3=C(O1)C=CC=C3)CC(C([H])=O)C(OCCCO[H])=O,,,100.0,,,,10.0,,,,,46.8,bf4d8b8638b07e8a8e96b2f6acba4db20351f20ff3197b71eee1898b79f6994b,357,24548.27513598,110.0,copolymer,,,passed,2,"[""mol1"",""mol2""]","[""mol1"",""mol2""]","[208.073558864,374.09192495799994]","[208.073558864,374.09192495799994]","[100.0,10.0]","[100.0,10.0]","[0.9090909090909091,0.09090909090909091]","[0.9090909090909091,0.09090909090909091]","[20807.3558864,3740.9192495799994]","[""molar_amount_to_mass_by_exact_molecular_weight"",""molar_amount_to_mass_by_exact_molecular_weight""]","[""molar_amount_to_mass_by_exact_molecular_weight"",""molar_amount_to_mass_by_exact_molecular_weight""]",[],[],[],[24548.27513598],[1.0],[110.0],[1.0],[],[],[],hierarchical_mole_internal_mass_blend_v1,RDKit.Chem.rdMolDescriptors.CalcExactMolWt,2022.09.5,"[null,null]","[null,null,null,null]",True
10.1016/j.cej.2023.144983,copolymer,,PA 6-co-DPA2b,,[H]NCCCCCC([H])=O,[H]C(CCCCCNC(C1=CC(NP(C2=CC=CC=C2)(C3=CC=CC=C3)=O)=CC(C([H])=O)=C1)=O)=O,,,100.0,,,,2.0,,,,,56.6,6d332c50cf5e8c82b5e8ca3e13d68c514699e709b9327edb857c04f2f5e95991,358,12434.313091547998,102.0,copolymer,,,passed,2,"[""mol1"",""mol2""]","[""mol1"",""mol2""]","[115.099714036,462.1708439739999]","[115.099714036,462.1708439739999]","[100.0,2.0]","[100.0,2.0]","[0.9803921568627451,0.0196078431372549]","[0.9803921568627451,0.0196078431372549]","[11509.971403599999,924.3416879479998]","[""molar_amount_to_mass_by_exact_molecular_weight"",""molar_amount_to_mass_by_exact_molecular_weight""]","[""molar_amount_to_mass_by_exact_molecular_weight"",""molar_amount_to_mass_by_exact_molecular_weight""]",[],[],[],[12434.313091547998],[1.0],[102.0],[1.0],[],[],[],hierarchical_mole_internal_mass_blend_v1,RDKit.Chem.rdMolDescriptors.CalcExactMolWt,2022.09.5,"[null,null]","[null,null,null,null]",True
10.1016/j.cej.2023.144983,copolymer,,PA 6-co-DPA3,,[H]C(CCCCCN[H])=O,[H]C(C1=CC(NP(C2=CC=CC=C2)(C3=CC=CC=C3)=O)=CC(C(NCCCCCCN[H])=O)=C1)=O,,,100.0,,,,3.0,,,,,65.2,35b0fac35fd7d04d6b4329f249552a50d757b6d2140fd5ca1742b5459ba7e168,359,12899.57883895,103.0,copolymer,,,passed,2,"[""mol1"",""mol2""]","[""mol1"",""mol2""]","[115.099714036,463.20247845]","[115.099714036,463.20247845]","[100.0,3.0]","[100.0,3.0]","[0.970873786407767,0.02912621359223301]","[0.970873786407767,0.02912621359223301]","[11509.971403599999,1389.60743535]","[""molar_amount_to_mass_by_exact_molecular_weight"",""molar_amount_to_mass_by_exact_molecular_weight""]","[""molar_amount_to_mass_by_exact_molecular_weight"",""molar_amount_to_mass_by_exact_molecular_weight""]",[],[],[],[12899.57883895],[1.0],[103.0],[1.0],[],[],[],hierarchical_mole_internal_mass_blend_v1,RDKit.Chem.rdMolDescriptors.CalcExactMolWt,2022.09.5,"[null,null]","[null,null,null,null]",True
10.1016/j.cej.2023.144983,copolymer,,PA 6-co-DPA3b,,[H]NCCCCCC([H])=O,[H]C(CCCCCNC(C1=CC(NP(C2=CC=CC=C2)(C3=CC=CC=C3)=O)=CC(C([H])=O)=C1)=O)=O,,,100.0,,,,3.0,,,,,60.4,4e3fe852f2be191e63d88f0e3daee109976e77edb5bca0762790151947282a7c,360,12896.483935522,103.0,copolymer,,,passed,2,"[""mol1"",""mol2""]","[""mol1"",""mol2""]","[115.099714036,462.1708439739999]","[115.099714036,462.1708439739999]","[100.0,3.0]","[100.0,3.0]","[0.970873786407767,0.02912621359223301]","[0.970873786407767,0.02912621359223301]","[11509.971403599999,1386.5125319219997]","[""molar_amount_to_mass_by_exact_molecular_weight"",""molar_amount_to_mass_by_exact_molecular_weight""]","[""molar_amount_to_mass_by_exact_molecular_weight"",""molar_amount_to_mass_by_exact_molecular_weight""]",[],[],[],[12896.483935522],[1.0],[103.0],[1.0],[],[],[],hierarchical_mole_internal_mass_blend_v1,RDKit.Chem.rdMolDescriptors.CalcExactMolWt,2022.09.5,"[null,null]","[null,null,null,null]",True
10.1016/j.polymer.2024.126780,copolymer,,PA 6-co-HPI10,,[H]C(CCCCCN[H])=O,[H]C(C1=CC2=C(C(N(C3=CC=C(C(NCCCCCCN[H])=O)C=C3O)C2=O)=O)C=C1)=O,,,100.0,,,,10.0,,,,,63.6,408bd6125d15888dc398d4208a9e2aeddb5d1c280f63c9266837cc615020e486,361,15601.609111959999,110.0,copolymer,,,passed,2,"[""mol1"",""mol2""]","[""mol1"",""mol2""]","[115.099714036,409.1637708359999]","[115.099714036,409.1637708359999]","[100.0,10.0]","[100.0,10.0]","[0.9090909090909091,0.09090909090909091]","[0.9090909090909091,0.09090909090909091]","[11509.971403599999,4091.637708359999]","[""molar_amount_to_mass_by_exact_molecular_weight"",""molar_amount_to_mass_by_exact_molecular_weight""]","[""molar_amount_to_mass_by_exact_molecular_weight"",""molar_amount_to_mass_by_exact_molecular_weight""]",[],[],[],[15601.609111959999],[1.0],[110.0],[1.0],[],[],[],hierarchical_mole_internal_mass_blend_v1,RDKit.Chem.rdMolDescriptors.CalcExactMolWt,2022.09.5,"[null,null]","[null,null,null,null]",True
10.1016/j.polymer.2024.126780,copolymer,,PA 6-co-HPI20,,[H]C(CCCCCN[H])=O,[H]C(C1=CC2=C(C(N(C3=CC=C(C(NCCCCCCN[H])=O)C=C3O)C2=O)=O)C=C1)=O,,,100.0,,,,20.0,,,,,65.2,cf0911741778c1e47449f57b08b32c2f4a6407a79153a30889f6b881f9fc5210,362,19693.246820319997,120.0,copolymer,,,passed,2,"[""mol1"",""mol2""]","[""mol1"",""mol2""]","[115.099714036,409.1637708359999]","[115.099714036,409.1637708359999]","[100.0,20.0]","[100.0,20.0]","[0.8333333333333334,0.16666666666666666]","[0.8333333333333334,0.16666666666666666]","[11509.971403599999,8183.275416719998]","[""molar_amount_to_mass_by_exact_molecular_weight"",""molar_amount_to_mass_by_exact_molecular_weight""]","[""molar_amount_to_mass_by_exact_molecular_weight"",""molar_amount_to_mass_by_exact_molecular_weight""]",[],[],[],[19693.246820319997],[1.0],[120.0],[1.0],[],[],[],hierarchical_mole_internal_mass_blend_v1,RDKit.Chem.rdMolDescriptors.CalcExactMolWt,2022.09.5,"[null,null]","[null,null,null,null]",True
张琴,copolymer,,PA 6-co-IMP1,,[H]C(CCCCCN[H])=O,[H]NC1=CC=C(N=CC2=CC=C(OP(OC3=CC=C(C=NC4=CC=C(NC(CCCCC([H])=O)=O)C=C4)C=C3)(C5=CC=CC=C5)=O)C=C2)C=C1,,,100.0,,,,1.0,,,,,60.4,9a9e113b5396c93f0a57c80771ad7dba01f8467bac53efdab76cb45b0bb0bae3,363,12168.205910449999,101.0,copolymer,,,passed,2,"[""mol1"",""mol2""]","[""mol1"",""mol2""]","[115.099714036,658.23450685]","[115.099714036,658.23450685]","[100.0,1.0]","[100.0,1.0]","[0.9900990099009901,0.009900990099009901]","[0.9900990099009901,0.009900990099009901]","[11509.971403599999,658.23450685]","[""molar_amount_to_mass_by_exact_molecular_weight"",""molar_amount_to_mass_by_exact_molecular_weight""]","[""molar_amount_to_mass_by_exact_molecular_weight"",""molar_amount_to_mass_by_exact_molecular_weight""]",[],[],[],[12168.205910449999],[1.0],[101.0],[1.0],[],[],[],hierarchical_mole_internal_mass_blend_v1,RDKit.Chem.rdMolDescriptors.CalcExactMolWt,2022.09.5,"[null,null]","[null,null,null,null]",True
张琴,copolymer,,PA 6-co-IMP2,,[H]C(CCCCCN[H])=O,[H]NC1=CC=C(N=CC2=CC=C(OP(OC3=CC=C(C=NC4=CC=C(NC(CCCCC([H])=O)=O)C=C4)C=C3)(C5=CC=CC=C5)=O)C=C2)C=C1,,,100.0,,,,2.0,,,,,64.5,3ae75ae033a7ebf3cad568ba9f3f7feec7ebfbc4a8b52e1ee59a97e58cf28de6,364,12826.440417299998,102.0,copolymer,,,passed,2,"[""mol1"",""mol2""]","[""mol1"",""mol2""]","[115.099714036,658.23450685]","[115.099714036,658.23450685]","[100.0,2.0]","[100.0,2.0]","[0.9803921568627451,0.0196078431372549]","[0.9803921568627451,0.0196078431372549]","[11509.971403599999,1316.4690137]","[""molar_amount_to_mass_by_exact_molecular_weight"",""molar_amount_to_mass_by_exact_molecular_weight""]","[""molar_amount_to_mass_by_exact_molecular_weight"",""molar_amount_to_mass_by_exact_molecular_weight""]",[],[],[],[12826.440417299998],[1.0],[102.0],[1.0],[],[],[],hierarchical_mole_internal_mass_blend_v1,RDKit.Chem.rdMolDescriptors.CalcExactMolWt,2022.09.5,"[null,null]","[null,null,null,null]",True
张琴,copolymer,,PA 6-co-IMP3,,[H]C(CCCCCN[H])=O,[H]NC1=CC=C(N=CC2=CC=C(OP(OC3=CC=C(C=NC4=CC=C(NC(CCCCC([H])=O)=O)C=C4)C=C3)(C5=CC=CC=C5)=O)C=C2)C=C1,,,100.0,,,,3.0,,,,,58.9,d067fb2090e41f7e32ff54c4f076b66f7932e232a9e5775992f4297073f08e75,365,13484.674924149998,103.0,copolymer,,,passed,2,"[""mol1"",""mol2""]","[""mol1"",""mol2""]","[115.099714036,658.23450685]","[115.099714036,658.23450685]","[100.0,3.0]","[100.0,3.0]","[0.970873786407767,0.02912621359223301]","[0.970873786407767,0.02912621359223301]","[11509.971403599999,1974.7035205500001]","[""molar_amount_to_mass_by_exact_molecular_weight"",""molar_amount_to_mass_by_exact_molecular_weight""]","[""molar_amount_to_mass_by_exact_molecular_weight"",""molar_amount_to_mass_by_exact_molecular_weight""]",[],[],[],[13484.674924149998],[1.0],[103.0],[1.0],[],[],[],hierarchical_mole_internal_mass_blend_v1,RDKit.Chem.rdMolDescriptors.CalcExactMolWt,2022.09.5,"[null,null]","[null,null,null,null]",True
tyl,copolymer,,PA1010-co-BPS10,,[H]NCCCCCCCCCCNC(CCCCCCCCC([H])=O)=O,[H]NC1=NC(NP(NC2=NNC(NC(CCCCCCCCC([H])=O)=O)=N2)(C3=CC=CC=C3)=O)=NN1,,90.36,,,,9.64,,,,,,64.2,754d526fa38757f75bb72261f906bfa8f7b70ce6ca508440f250487508a501cc,366,100.0,0.2852687604146683,copolymer,,,passed,2,"[""wt1"",""wt2""]","[""wt1"",""wt2""]","[340.3089785199999,488.21617141800004]","[340.3089785199999,488.21617141800004]","[0.26552340873571617,0.019745351678952156]","[0.26552340873571617,0.019745351678952156]","[0.9307833369127059,0.06921666308729424]","[0.9307833369127059,0.06921666308729424]","[90.36,9.64]","[""weight_amount_to_moles_by_exact_molecular_weight"",""weight_amount_to_moles_by_exact_molecular_weight""]","[""weight_amount_to_moles_by_exact_molecular_weight"",""weight_amount_to_moles_by_exact_molecular_weight""]",[],[],[],[100.0],[1.0],[0.2852687604146683],[1.0],[],[],[],hierarchical_mole_internal_mass_blend_v1,RDKit.Chem.rdMolDescriptors.CalcExactMolWt,2022.09.5,"[null,null]","[null,null,null,null]",True
tyl,copolymer,,PA1010-co-BPS20,,[H]NCCCCCCCCCCNC(CCCCCCCCC([H])=O)=O,[H]NC1=NC(NP(NC2=NNC(NC(CCCCCCCCC([H])=O)=O)=N2)(C3=CC=CC=C3)=O)=NN1,,81.24,,,,18.76,,,,,,63.4,3e88159df8161f61c730d2e4f9ae5acffca665d6e86651facc1d627d28388253,367,100.0,0.27714983475215016,copolymer,,,passed,2,"[""wt1"",""wt2""]","[""wt1"",""wt2""]","[340.3089785199999,488.21617141800004]","[340.3089785199999,488.21617141800004]","[0.23872423335203166,0.03842560140011851]","[0.23872423335203166,0.03842560140011851]","[0.861354413454795,0.13864558654520504]","[0.861354413454795,0.13864558654520504]","[81.24,18.76]","[""weight_amount_to_moles_by_exact_molecular_weight"",""weight_amount_to_moles_by_exact_molecular_weight""]","[""weight_amount_to_moles_by_exact_molecular_weight"",""weight_amount_to_moles_by_exact_molecular_weight""]",[],[],[],[100.0],[1.0],[0.27714983475215016],[1.0],[],[],[],hierarchical_mole_internal_mass_blend_v1,RDKit.Chem.rdMolDescriptors.CalcExactMolWt,2022.09.5,"[null,null]","[null,null,null,null]",True
tyl,copolymer,,PA1010-co-PDB3,,[H]NCCCCCCCCCCNC(CCCCCCCCC([H])=O)=O,O=C(C1=CC=C(C=C1)OC2=NC(OC3=CC=C(C=C3)C([H])=O)=NC(NC4CC(C)(NC(C)(C4)C)C)=N2)NCCCCCCCCCC[H],,97.11,,,,2.89,,,,,,43.4,eb194afd1fa129b61663cd9289e478497b3d88c289725bd376ca1fa5eba0e7e7,368,100.0,0.28994279301037323,copolymer,,,passed,2,"[""wt1"",""wt2""]","[""wt1"",""wt2""]","[340.3089785199999,630.3893540800002]","[340.3089785199999,630.3893540800002]","[0.28535832472693007,0.00458446828344319]","[0.28535832472693007,0.00458446828344319]","[0.9841883695888963,0.015811630411103793]","[0.9841883695888963,0.015811630411103793]","[97.11,2.89]","[""weight_amount_to_moles_by_exact_molecular_weight"",""weight_amount_to_moles_by_exact_molecular_weight""]","[""weight_amount_to_moles_by_exact_molecular_weight"",""weight_amount_to_moles_by_exact_molecular_weight""]",[],[],[],[100.0],[1.0],[0.28994279301037323],[1.0],[],[],[],hierarchical_mole_internal_mass_blend_v1,RDKit.Chem.rdMolDescriptors.CalcExactMolWt,2022.09.5,"[null,null]","[null,null,null,null]",True
10.1016/j.polymdegradstab.2020.109310,copolymer,,PENT15/0,,O=C([H])C1=CC=C(C(=O)OCCO[H])C=C1,O=C(OCCO[H])CCP([H])(C1=CC=CC=C1)=O,,85.0,,,,15.0,,,,,,53.6,78a15d24c9c22ed2726bf598a5760cee746a018a0cff8530124af4ff8695c8d8,369,100.0,0.4999789267936369,copolymer,,,passed,2,"[""wt1"",""wt2""]","[""wt1"",""wt2""]","[194.0579088,242.07079559]","[194.0579088,242.07079559]","[0.43801358329385437,0.06196534349978257]","[0.43801358329385437,0.06196534349978257]","[0.8760640895464014,0.12393591045359871]","[0.8760640895464014,0.12393591045359871]","[85.0,15.0]","[""weight_amount_to_moles_by_exact_molecular_weight"",""weight_amount_to_moles_by_exact_molecular_weight""]","[""weight_amount_to_moles_by_exact_molecular_weight"",""weight_amount_to_moles_by_exact_molecular_weight""]",[],[],[],[100.0],[1.0],[0.4999789267936369],[1.0],[],[],[],hierarchical_mole_internal_mass_blend_v1,RDKit.Chem.rdMolDescriptors.CalcExactMolWt,2022.09.5,"[null,null]","[null,null,null,null]",True
tyl,copolymer,,PA1010-co-PDB6,,[H]NCCCCCCCCCCNC(CCCCCCCCC([H])=O)=O,O=C(C1=CC=C(C=C1)OC2=NC(OC3=CC=C(C=C3)C([H])=O)=NC(NC4CC(C)(NC(C)(C4)C)C)=N2)NCCCCCCCCCC[H],,94.26,,,,5.74,,,,,,54.9,da8212ed68de9d380186e1901622b59773072b6e5e41e4e15675caea6d7f02c8,370,100.0,0.2860890661382013,copolymer,,,passed,2,"[""wt1"",""wt2""]","[""wt1"",""wt2""]","[340.3089785199999,630.3893540800002]","[340.3089785199999,630.3893540800002]","[0.27698358241952864,0.009105483718672635]","[0.27698358241952864,0.009105483718672635]","[0.9681725560449275,0.03182744395507251]","[0.9681725560449275,0.03182744395507251]","[94.26,5.74]","[""weight_amount_to_moles_by_exact_molecular_weight"",""weight_amount_to_moles_by_exact_molecular_weight""]","[""weight_amount_to_moles_by_exact_molecular_weight"",""weight_amount_to_moles_by_exact_molecular_weight""]",[],[],[],[100.0],[1.0],[0.2860890661382013],[1.0],[],[],[],hierarchical_mole_internal_mass_blend_v1,RDKit.Chem.rdMolDescriptors.CalcExactMolWt,2022.09.5,"[null,null]","[null,null,null,null]",True
tyl,copolymer,,PA1010-co-PDD3,,[H]NCCCCCCCCCCNC(CCCCCCCCC([H])=O)=O,[H]NCCCCNC1=NC(NCCCCNC(CCCCCCCCC([H])=O)=O)=NC(NC2CC(C)(C)NC(C)(C)C2)=N1,,97.14,,,,2.86,,,,,,40.3,cc01d92ba3de765fbb2f0bce1feac7cda37cfefe3b5cfb28f4abc8179f6cd00d,371,100.0,0.29041638658493885,copolymer,,,passed,2,"[""wt1"",""wt2""]","[""wt1"",""wt2""]","[340.3089785199999,575.463522064]","[340.3089785199999,575.463522064]","[0.2854464799091132,0.004969906675825624]","[0.2854464799091132,0.004969906675825624]","[0.9828869619436158,0.01711303805638413]","[0.9828869619436158,0.01711303805638413]","[97.14,2.86]","[""weight_amount_to_moles_by_exact_molecular_weight"",""weight_amount_to_moles_by_exact_molecular_weight""]","[""weight_amount_to_moles_by_exact_molecular_weight"",""weight_amount_to_moles_by_exact_molecular_weight""]",[],[],[],[100.0],[1.0],[0.29041638658493885],[1.0],[],[],[],hierarchical_mole_internal_mass_blend_v1,RDKit.Chem.rdMolDescriptors.CalcExactMolWt,2022.09.5,"[null,null]","[null,null,null,null]",True
tyl,copolymer,,PA1010-co-PDD6,,[H]NCCCCCCCCCCNC(CCCCCCCCC([H])=O)=O,[H]NCCCCNC1=NC(NCCCCNC(CCCCCCCCC([H])=O)=O)=NC(NC2CC(C)(C)NC(C)(C)C2)=N1,,94.23,,,,5.77,,,,,,42.5,739f6673bd8f9fa7fd544d15ff8f7e909a0265afad6bf289fd35e42dbec5f031,372,100.0,0.28692212706934334,copolymer,,,passed,2,"[""wt1"",""wt2""]","[""wt1"",""wt2""]","[340.3089785199999,575.463522064]","[340.3089785199999,575.463522064]","[0.2768954272373455,0.010026699831997849]","[0.2768954272373455,0.010026699831997849]","[0.9650542816811943,0.034945718318805705]","[0.9650542816811943,0.034945718318805705]","[94.23,5.77]","[""weight_amount_to_moles_by_exact_molecular_weight"",""weight_amount_to_moles_by_exact_molecular_weight""]","[""weight_amount_to_moles_by_exact_molecular_weight"",""weight_amount_to_moles_by_exact_molecular_weight""]",[],[],[],[100.0],[1.0],[0.28692212706934334],[1.0],[],[],[],hierarchical_mole_internal_mass_blend_v1,RDKit.Chem.rdMolDescriptors.CalcExactMolWt,2022.09.5,"[null,null]","[null,null,null,null]",True
10.1007/s10904-022-02495-7,copolymer,,PNP5,,[H]CC([H])C1=CC=CC=C1,CC(C(OCCOP(OC1=CC=CC=C1)(N2CCN(CC2)C3=CC=CC=C3)=O)=O)([H])C[H],,,95.0,,,,5.0,,,,,106.0,608c04be10d225f42ef5667be72bca3840faab7167df4ff69de8a3e42ab1c4a6,373,12238.34082369,100.0,copolymer,,,passed,2,"[""mol1"",""mol2""]","[""mol1"",""mol2""]","[106.07825032,432.18140865799995]","[106.07825032,432.18140865799995]","[95.0,5.0]","[95.0,5.0]","[0.95,0.05]","[0.95,0.05]","[10077.433780399999,2160.90704329]","[""molar_amount_to_mass_by_exact_molecular_weight"",""molar_amount_to_mass_by_exact_molecular_weight""]","[""molar_amount_to_mass_by_exact_molecular_weight"",""molar_amount_to_mass_by_exact_molecular_weight""]",[],[],[],[12238.34082369],[1.0],[100.0],[1.0],[],[],[],hierarchical_mole_internal_mass_blend_v1,RDKit.Chem.rdMolDescriptors.CalcExactMolWt,2022.09.5,"[null,null]","[null,null,null,null]",True
10.1007/s10904-022-02495-7,copolymer,,PNP10,,[H]CC([H])C1=CC=CC=C1,CC(C(OCCOP(OC1=CC=CC=C1)(N2CCN(CC2)C3=CC=CC=C3)=O)=O)([H])C[H],,,90.0,,,,10.0,,,,,61.9,328db0a83f325d1ae19610a1f28588631878773b9e86618630e5c683ccd1964b,374,13868.856615379998,100.0,copolymer,,,passed,2,"[""mol1"",""mol2""]","[""mol1"",""mol2""]","[106.07825032,432.18140865799995]","[106.07825032,432.18140865799995]","[90.0,10.0]","[90.0,10.0]","[0.9,0.1]","[0.9,0.1]","[9547.042528799999,4321.81408658]","[""molar_amount_to_mass_by_exact_molecular_weight"",""molar_amount_to_mass_by_exact_molecular_weight""]","[""molar_amount_to_mass_by_exact_molecular_weight"",""molar_amount_to_mass_by_exact_molecular_weight""]",[],[],[],[13868.856615379998],[1.0],[100.0],[1.0],[],[],[],hierarchical_mole_internal_mass_blend_v1,RDKit.Chem.rdMolDescriptors.CalcExactMolWt,2022.09.5,"[null,null]","[null,null,null,null]",True
10.1007/s10904-022-02495-7,copolymer,,PNP15,,[H]CC([H])C1=CC=CC=C1,CC(C(OCCOP(OC1=CC=CC=C1)(N2CCN(CC2)C3=CC=CC=C3)=O)=O)([H])C[H],,,85.0,,,,15.0,,,,,106.0,9d99434c9474a67ad02245580e718f4dd0048e769d254c5db6fe5e86ca612907,375,15499.372407069997,100.0,copolymer,,,passed,2,"[""mol1"",""mol2""]","[""mol1"",""mol2""]","[106.07825032,432.18140865799995]","[106.07825032,432.18140865799995]","[85.0,15.0]","[85.0,15.0]","[0.85,0.15]","[0.85,0.15]","[9016.651277199999,6482.7211298699995]","[""molar_amount_to_mass_by_exact_molecular_weight"",""molar_amount_to_mass_by_exact_molecular_weight""]","[""molar_amount_to_mass_by_exact_molecular_weight"",""molar_amount_to_mass_by_exact_molecular_weight""]",[],[],[],[15499.372407069997],[1.0],[100.0],[1.0],[],[],[],hierarchical_mole_internal_mass_blend_v1,RDKit.Chem.rdMolDescriptors.CalcExactMolWt,2022.09.5,"[null,null]","[null,null,null,null]",True
10.1007/s10904-022-02495-7,copolymer,,PNP20,,[H]CC([H])C1=CC=CC=C1,CC(C(OCCOP(OC1=CC=CC=C1)(N2CCN(CC2)C3=CC=CC=C3)=O)=O)([H])C[H],,,80.0,,,,20.0,,,,,107.0,b00c92d42a673bcb9cf3301b288d41de1ed8a01c965c708af1aa85e5fba563d0,376,17129.88819876,100.0,copolymer,,,passed,2,"[""mol1"",""mol2""]","[""mol1"",""mol2""]","[106.07825032,432.18140865799995]","[106.07825032,432.18140865799995]","[80.0,20.0]","[80.0,20.0]","[0.8,0.2]","[0.8,0.2]","[8486.2600256,8643.62817316]","[""molar_amount_to_mass_by_exact_molecular_weight"",""molar_amount_to_mass_by_exact_molecular_weight""]","[""molar_amount_to_mass_by_exact_molecular_weight"",""molar_amount_to_mass_by_exact_molecular_weight""]",[],[],[],[17129.88819876],[1.0],[100.0],[1.0],[],[],[],hierarchical_mole_internal_mass_blend_v1,RDKit.Chem.rdMolDescriptors.CalcExactMolWt,2022.09.5,"[null,null]","[null,null,null,null]",True
tyl,copolymer,,PA1010-co-PDD9,,[H]NCCCCCCCCCCNC(CCCCCCCCC([H])=O)=O,[H]NCCCCNC1=NC(NCCCCNC(CCCCCCCCC([H])=O)=O)=NC(NC2CC(C)(C)NC(C)(C)C2)=N1,,91.1,,,,8.9,,,,,,64.5,cf1ed3a8378ca5ad281196799760e59501ea6a4f7326c8e2e993b171682f8fef,377,100.0,0.2831636967312629,copolymer,,,passed,2,"[""wt1"",""wt2""]","[""wt1"",""wt2""]","[340.3089785199999,575.463522064]","[340.3089785199999,575.463522064]","[0.26769790322956777,0.015465793501695125]","[0.26769790322956777,0.015465793501695125]","[0.9453821458039059,0.0546178541960941]","[0.9453821458039059,0.0546178541960941]","[91.1,8.9]","[""weight_amount_to_moles_by_exact_molecular_weight"",""weight_amount_to_moles_by_exact_molecular_weight""]","[""weight_amount_to_moles_by_exact_molecular_weight"",""weight_amount_to_moles_by_exact_molecular_weight""]",[],[],[],[100.0],[1.0],[0.2831636967312629],[1.0],[],[],[],hierarchical_mole_internal_mass_blend_v1,RDKit.Chem.rdMolDescriptors.CalcExactMolWt,2022.09.5,"[null,null]","[null,null,null,null]",True
10.1016/j.polymer.2024.126780,copolymer,,PA6,,[H]C(CCCCCN[H])=O,[H]C(CCCCCNC(C1=CC=C(C(O)=C1)N2C(C3=CC=C(C=C3C2=O)C([H])=O)=O)=O)=O,,,100.0,,,,0.0,,,,,59.8,9869485007a672c9759df87b17884a44dedf898704d82cd1fdfaeffc172f877d,378,11509.971403599999,100.0,homopolymer,,,passed,1,"[""mol1""]","[""mol1""]",[115.099714036],[115.099714036],[100.0],[100.0],[1.0],[1.0],[11509.971403599999],"[""molar_amount_to_mass_by_exact_molecular_weight""]","[""molar_amount_to_mass_by_exact_molecular_weight""]",[2],[],[],[11509.971403599999],[1.0],[100.0],[1.0],[],[],[],hierarchical_mole_internal_mass_blend_v1,RDKit.Chem.rdMolDescriptors.CalcExactMolWt,2022.09.5,"[null,null]","[null,null,null,null]",True
lbw,copolymer,,PA66-co-BA10,,O=C(NCCCCCCN[H])CCCCC([H])=O,[H]NCCCCCCNC(C1=CC(C([H])=O)=CC(NC(C2=CC=CC=C2)=O)=C1)=O,,,100.0,,,,9.97,,,,,93.2,8f196d644a67b66492abe3a4ded42e5bcdcc77929e80c85740478cddf7f82280,379,26479.258029650202,109.97,copolymer,,,passed,2,"[""mol1"",""mol2""]","[""mol1"",""mol2""]","[228.183778008,367.18959165999996]","[228.183778008,367.18959165999996]","[100.0,9.97]","[100.0,9.97]","[0.9093389106119851,0.09066108938801493]","[0.9093389106119851,0.09066108938801493]","[22818.3778008,3660.8802288501997]","[""molar_amount_to_mass_by_exact_molecular_weight"",""molar_amount_to_mass_by_exact_molecular_weight""]","[""molar_amount_to_mass_by_exact_molecular_weight"",""molar_amount_to_mass_by_exact_molecular_weight""]",[],[],[],[26479.258029650202],[1.0],[109.97],[1.0],[],[],[],hierarchical_mole_internal_mass_blend_v1,RDKit.Chem.rdMolDescriptors.CalcExactMolWt,2022.09.5,"[null,null]","[null,null,null,null]",True
lbw,copolymer,,PA66-co-BA15,,O=C(NCCCCCCN[H])CCCCC([H])=O,[H]NCCCCCCNC(C1=CC(C([H])=O)=CC(NC(C2=CC=CC=C2)=O)=C1)=O,,,100.0,,,,15.16,,,,,91.0,890d328a8532ced15112aa6e8eeac813e9606efb20ac911618c0e2dee2f67cca,380,28384.9720103656,115.16,copolymer,,,passed,2,"[""mol1"",""mol2""]","[""mol1"",""mol2""]","[228.183778008,367.18959165999996]","[228.183778008,367.18959165999996]","[100.0,15.16]","[100.0,15.16]","[0.868357068426537,0.13164293157346302]","[0.868357068426537,0.13164293157346302]","[22818.3778008,5566.594209565599]","[""molar_amount_to_mass_by_exact_molecular_weight"",""molar_amount_to_mass_by_exact_molecular_weight""]","[""molar_amount_to_mass_by_exact_molecular_weight"",""molar_amount_to_mass_by_exact_molecular_weight""]",[],[],[],[28384.9720103656],[1.0],[115.16],[1.0],[],[],[],hierarchical_mole_internal_mass_blend_v1,RDKit.Chem.rdMolDescriptors.CalcExactMolWt,2022.09.5,"[null,null]","[null,null,null,null]",True
lbw,copolymer,,PA66-co-BA20,,O=C(NCCCCCCN[H])CCCCC([H])=O,[H]NCCCCCCNC(C1=CC(C([H])=O)=CC(NC(C2=CC=CC=C2)=O)=C1)=O,,,100.0,,,,20.04,,,,,92.5,46d25106b284ccc4516bfe276bd27e7c6987d88b3099e3ec3fb20b60b5d58429,381,30176.857217666402,120.03999999999999,copolymer,,,passed,2,"[""mol1"",""mol2""]","[""mol1"",""mol2""]","[228.183778008,367.18959165999996]","[228.183778008,367.18959165999996]","[100.0,20.04]","[100.0,20.04]","[0.8330556481172943,0.16694435188270576]","[0.8330556481172943,0.16694435188270576]","[22818.3778008,7358.479416866399]","[""molar_amount_to_mass_by_exact_molecular_weight"",""molar_amount_to_mass_by_exact_molecular_weight""]","[""molar_amount_to_mass_by_exact_molecular_weight"",""molar_amount_to_mass_by_exact_molecular_weight""]",[],[],[],[30176.857217666402],[1.0],[120.03999999999999],[1.0],[],[],[],hierarchical_mole_internal_mass_blend_v1,RDKit.Chem.rdMolDescriptors.CalcExactMolWt,2022.09.5,"[null,null]","[null,null,null,null]",True
10.1016/S0141-3910（00）00066-5,copolymer,,ST-PCVP,,[H]CC([H])C1=CC=CC=C1,O=P1(OC2=C(O1)C=CC=C2)C([H])C[H],,,70.0,,,,30.0,,,,,58.9,41d60c6c265982a9800669b360bcfd5f196df90fb139fe65d480f1cd5c6f0545,382,12946.34544574,100.0,copolymer,,,passed,2,"[""mol1"",""mol2""]","[""mol1"",""mol2""]","[106.07825032,184.028930778]","[106.07825032,184.028930778]","[70.0,30.0]","[70.0,30.0]","[0.7,0.3]","[0.7,0.3]","[7425.4775223999995,5520.86792334]","[""molar_amount_to_mass_by_exact_molecular_weight"",""molar_amount_to_mass_by_exact_molecular_weight""]","[""molar_amount_to_mass_by_exact_molecular_weight"",""molar_amount_to_mass_by_exact_molecular_weight""]",[],[],[],[12946.34544574],[1.0],[100.0],[1.0],[],[],[],hierarchical_mole_internal_mass_blend_v1,RDKit.Chem.rdMolDescriptors.CalcExactMolWt,2022.09.5,"[null,null]","[null,null,null,null]",True
lbw,copolymer,,PA66-co-BA5,,O=C(NCCCCCCN[H])CCCCC([H])=O,[H]NCCCCCCNC(C1=CC(C([H])=O)=CC(NC(C2=CC=CC=C2)=O)=C1)=O,,,100.0,,,,4.81,,,,,76.6,e44d1563f10f10def52d9ef818c22f2e3988f11f2e40a9ed57772cb39a941213,383,24584.5597366846,104.81,copolymer,,,passed,2,"[""mol1"",""mol2""]","[""mol1"",""mol2""]","[228.183778008,367.18959165999996]","[228.183778008,367.18959165999996]","[100.0,4.81]","[100.0,4.81]","[0.9541074324968991,0.04589256750310085]","[0.9541074324968991,0.04589256750310085]","[22818.3778008,1766.1819358845996]","[""molar_amount_to_mass_by_exact_molecular_weight"",""molar_amount_to_mass_by_exact_molecular_weight""]","[""molar_amount_to_mass_by_exact_molecular_weight"",""molar_amount_to_mass_by_exact_molecular_weight""]",[],[],[],[24584.5597366846],[1.0],[104.81],[1.0],[],[],[],hierarchical_mole_internal_mass_blend_v1,RDKit.Chem.rdMolDescriptors.CalcExactMolWt,2022.09.5,"[null,null]","[null,null,null,null]",True
10.1002/app.48687,copolymer,,PA66-co-CEPPA,,[H]NCCCCCCNC(CCCCC([H])=O)=O,O=P([H])(C1=CC=CC=C1)CCC([H])=O,,96.0,,,,4.0,,,,,,58.9,8b2c14d0f35fff668e61b230475f19604c2160689ffc955e055cceea8547f492,384,100.0,0.44268554401894766,copolymer,,,passed,2,"[""wt1"",""wt2""]","[""wt1"",""wt2""]","[228.183778008,182.04966622199998]","[228.183778008,182.04966622199998]","[0.42071351801631707,0.02197202600263057]","[0.42071351801631707,0.02197202600263057]","[0.9503665156915759,0.04963348430842398]","[0.9503665156915759,0.04963348430842398]","[96.0,4.0]","[""weight_amount_to_moles_by_exact_molecular_weight"",""weight_amount_to_moles_by_exact_molecular_weight""]","[""weight_amount_to_moles_by_exact_molecular_weight"",""weight_amount_to_moles_by_exact_molecular_weight""]",[],[],[],[100.0],[1.0],[0.44268554401894766],[1.0],[],[],[],hierarchical_mole_internal_mass_blend_v1,RDKit.Chem.rdMolDescriptors.CalcExactMolWt,2022.09.5,"[null,null]","[null,null,null,null]",True
10.1002/app.43538,copolymer,,PA66-NENP1,,O=C(CCCCC([H])=O)NCCCCCCN[H],[H]N(C(CCP(N(C1=CC=C(C=C1)C([H])=O)[H])(C2=CC=CC=C2)=O)=O)C(C=C3)=CC=C3C(NCCCCCCN[H])=O,,99.0,,,,1.0,,,,,,227.0,2cb641e1a94e217456ee5a5abf2d6961dc69e677d6aa0afa1358dbdfd2514003,385,100.0,0.4357326347925865,copolymer,,,passed,2,"[""wt1"",""wt2""]","[""wt1"",""wt2""]","[228.183778008,534.23959223]","[228.183778008,534.23959223]","[0.433860815454327,0.0018718193382595307]","[0.433860815454327,0.0018718193382595307]","[0.9957042020982648,0.004295797901735171]","[0.9957042020982648,0.004295797901735171]","[99.0,1.0]","[""weight_amount_to_moles_by_exact_molecular_weight"",""weight_amount_to_moles_by_exact_molecular_weight""]","[""weight_amount_to_moles_by_exact_molecular_weight"",""weight_amount_to_moles_by_exact_molecular_weight""]",[],[],[],[100.0],[1.0],[0.4357326347925865],[1.0],[],[],[],hierarchical_mole_internal_mass_blend_v1,RDKit.Chem.rdMolDescriptors.CalcExactMolWt,2022.09.5,"[null,null]","[null,null,null,null]",True
10.1002/app.43538,copolymer,,PA66-NENP3,,O=C(CCCCC([H])=O)NCCCCCCN[H],[H]N(C(CCP(N(C1=CC=C(C=C1)C([H])=O)[H])(C2=CC=CC=C2)=O)=O)C(C=C3)=CC=C3C(NCCCCCCN[H])=O,,97.0,,,,3.0,,,,,,222.23,128d56aa21e468453c67bc1dfb6c64310676b8a7d4776be192b03e19bf7c877b,386,100.0,0.43071140851043227,copolymer,,,passed,2,"[""wt1"",""wt2""]","[""wt1"",""wt2""]","[228.183778008,534.23959223]","[228.183778008,534.23959223]","[0.4250959504956537,0.005615458014778592]","[0.4250959504956537,0.005615458014778592]","[0.9869623652779502,0.01303763472204981]","[0.9869623652779502,0.01303763472204981]","[97.0,3.0]","[""weight_amount_to_moles_by_exact_molecular_weight"",""weight_amount_to_moles_by_exact_molecular_weight""]","[""weight_amount_to_moles_by_exact_molecular_weight"",""weight_amount_to_moles_by_exact_molecular_weight""]",[],[],[],[100.0],[1.0],[0.43071140851043227],[1.0],[],[],[],hierarchical_mole_internal_mass_blend_v1,RDKit.Chem.rdMolDescriptors.CalcExactMolWt,2022.09.5,"[null,null]","[null,null,null,null]",True
10.1002/app.43538,copolymer,,PA66-NENP5,,O=C(CCCCC([H])=O)NCCCCCCN[H],[H]N(C(CCP(N(C1=CC=C(C=C1)C([H])=O)[H])(C2=CC=CC=C2)=O)=O)C(C=C3)=CC=C3C(NCCCCCCN[H])=O,,95.0,,,,5.0,,,,,,219.61,5a26ce999a81d50f7feac8c9642c0ea480733264c3034da2abba17972cfee947,387,100.0,0.4256901822282781,copolymer,,,passed,2,"[""wt1"",""wt2""]","[""wt1"",""wt2""]","[228.183778008,534.23959223]","[228.183778008,534.23959223]","[0.41633108553698045,0.009359096691297654]","[0.41633108553698045,0.009359096691297654]","[0.978014299878124,0.02198570012187596]","[0.978014299878124,0.02198570012187596]","[95.0,5.0]","[""weight_amount_to_moles_by_exact_molecular_weight"",""weight_amount_to_moles_by_exact_molecular_weight""]","[""weight_amount_to_moles_by_exact_molecular_weight"",""weight_amount_to_moles_by_exact_molecular_weight""]",[],[],[],[100.0],[1.0],[0.4256901822282781],[1.0],[],[],[],hierarchical_mole_internal_mass_blend_v1,RDKit.Chem.rdMolDescriptors.CalcExactMolWt,2022.09.5,"[null,null]","[null,null,null,null]",True
10.1002/fam.2385,copolymer,,PA66-PDPPD1,,O=C(CCCCC([H])=O)NCCCCCCN[H],O=C(NC1=CC=C(NP(NC2=CC=C(P(NC3=CC=C(P(NC4=CC=C(P(NC5=CC=C(P(NC6=CC=C(N[H])C=C6)(C7=CC=CC=C7)=O)C=C5)(C8=CC=CC=C8)=O)C=C4)(C9=CC=CC=C9)=O)C=C3)(C%10=CC=CC=C%10)=O)C=C2)(C%11=CC=CC=C%11)=O)C=C1)CCCCC([H])=O,,98.5,,,,1.5,,,,,,216.0,ac1c3d1128eba72d182f1d6906e3a4b0976263a762cd145b30aa33d3f60edaee,388,100.0,0.4328143035137429,copolymer,,,passed,2,"[""wt1"",""wt2""]","[""wt1"",""wt2""]","[228.183778008,1310.3820796339999]","[228.183778008,1310.3820796339999]","[0.43166959921465864,0.0011447042990842503]","[0.43166959921465864,0.0011447042990842503]","[0.9973552068640266,0.002644793135973389]","[0.9973552068640266,0.002644793135973389]","[98.5,1.5]","[""weight_amount_to_moles_by_exact_molecular_weight"",""weight_amount_to_moles_by_exact_molecular_weight""]","[""weight_amount_to_moles_by_exact_molecular_weight"",""weight_amount_to_moles_by_exact_molecular_weight""]",[],[],[],[100.0],[1.0],[0.4328143035137429],[1.0],[],[],[],hierarchical_mole_internal_mass_blend_v1,RDKit.Chem.rdMolDescriptors.CalcExactMolWt,2022.09.5,"[null,null]","[null,null,null,null]",True
10.1002/fam.2385,copolymer,,PA66-PDPPD2,,O=C(CCCCC([H])=O)NCCCCCCN[H],O=C(NC1=CC=C(NP(NC2=CC=C(P(NC3=CC=C(P(NC4=CC=C(P(NC5=CC=C(P(NC6=CC=C(N[H])C=C6)(C7=CC=CC=C7)=O)C=C5)(C8=CC=CC=C8)=O)C=C4)(C9=CC=CC=C9)=O)C=C3)(C%10=CC=CC=C%10)=O)C=C2)(C%11=CC=CC=C%11)=O)C=C1)CCCCC([H])=O,,97.0,,,,3.0,,,,,,196.0,58afed0d7c1c8ae801b55e982e4d4aed640a10ce755be3f7f4848edac5953197,389,100.0,0.4273853590938222,copolymer,,,passed,2,"[""wt1"",""wt2""]","[""wt1"",""wt2""]","[228.183778008,1310.3820796339999]","[228.183778008,1310.3820796339999]","[0.4250959504956537,0.0022894085981685006]","[0.4250959504956537,0.0022894085981685006]","[0.9946432217448378,0.00535677825516226]","[0.9946432217448378,0.00535677825516226]","[97.0,3.0]","[""weight_amount_to_moles_by_exact_molecular_weight"",""weight_amount_to_moles_by_exact_molecular_weight""]","[""weight_amount_to_moles_by_exact_molecular_weight"",""weight_amount_to_moles_by_exact_molecular_weight""]",[],[],[],[100.0],[1.0],[0.4273853590938222],[1.0],[],[],[],hierarchical_mole_internal_mass_blend_v1,RDKit.Chem.rdMolDescriptors.CalcExactMolWt,2022.09.5,"[null,null]","[null,null,null,null]",True
10.1002/fam.2385,copolymer,,PA66-PDPPD3,,O=C(CCCCC([H])=O)NCCCCCCN[H],O=C(NC1=CC=C(NP(NC2=CC=C(P(NC3=CC=C(P(NC4=CC=C(P(NC5=CC=C(P(NC6=CC=C(N[H])C=C6)(C7=CC=CC=C7)=O)C=C5)(C8=CC=CC=C8)=O)C=C4)(C9=CC=CC=C9)=O)C=C3)(C%10=CC=CC=C%10)=O)C=C2)(C%11=CC=CC=C%11)=O)C=C1)CCCCC([H])=O,,95.5,,,,4.5,,,,,,190.0,d3ebbeb9a60818539515227be967878801ff0d6d52960debe671b43424946ca3,390,100.0,0.4219564146739015,copolymer,,,passed,2,"[""wt1"",""wt2""]","[""wt1"",""wt2""]","[228.183778008,1310.3820796339999]","[228.183778008,1310.3820796339999]","[0.41852230177664873,0.003434112897252751]","[0.41852230177664873,0.003434112897252751]","[0.991861451140856,0.008138548859143946]","[0.991861451140856,0.008138548859143946]","[95.5,4.5]","[""weight_amount_to_moles_by_exact_molecular_weight"",""weight_amount_to_moles_by_exact_molecular_weight""]","[""weight_amount_to_moles_by_exact_molecular_weight"",""weight_amount_to_moles_by_exact_molecular_weight""]",[],[],[],[100.0],[1.0],[0.4219564146739015],[1.0],[],[],[],hierarchical_mole_internal_mass_blend_v1,RDKit.Chem.rdMolDescriptors.CalcExactMolWt,2022.09.5,"[null,null]","[null,null,null,null]",True
10.1039/c7ra13228j,copolymer,,PA6-co-DDP2,,[H]C(CCCCCN[H])=O,O=C(NCCCCCCCCCCN[H])CC(C([H])=O)CP1(OC2=CC=CC=C2C3=CC=CC=C31)=O,,98.0,,,,2.0,,,,,,65.2,9a989b5ba5b36a4fb99b7df46275e3d79f0cd3bcefd8fc0fd2a78ff80b0b3d1e,391,100.0,0.8555657572475344,copolymer,,,passed,2,"[""wt1"",""wt2""]","[""wt1"",""wt2""]","[115.099714036,484.249094294]","[115.099714036,484.249094294]","[0.851435651433055,0.004130105814479333]","[0.851435651433055,0.004130105814479333]","[0.9951726611549223,0.0048273388450776914]","[0.9951726611549223,0.0048273388450776914]","[98.0,2.0]","[""weight_amount_to_moles_by_exact_molecular_weight"",""weight_amount_to_moles_by_exact_molecular_weight""]","[""weight_amount_to_moles_by_exact_molecular_weight"",""weight_amount_to_moles_by_exact_molecular_weight""]",[],[],[],[100.0],[1.0],[0.8555657572475344],[1.0],[],[],[],hierarchical_mole_internal_mass_blend_v1,RDKit.Chem.rdMolDescriptors.CalcExactMolWt,2022.09.5,"[null,null]","[null,null,null,null]",True
10.1016/j.cclet.2022.06.038,copolymer,,B-BPA,,O=C([H])C1=CC=C(O[H])C=C1,CC(C1=CC=C(C=C1)OC(C2=CC=C(C=C2)C([H])=O)=O)(C3=CC=C(C=C3)O[H])C,,,60.0,,,,20.0,,,,,216.0,7dbaa087026a6e21764df11f951bcbf7672909bb488f6eee1879cb78adf8a6e8,392,14524.92994832,80.0,copolymer,,,passed,2,"[""mol1"",""mol2""]","[""mol1"",""mol2""]","[122.036779432,360.13615911999995]","[122.036779432,360.13615911999995]","[60.0,20.0]","[60.0,20.0]","[0.75,0.25]","[0.75,0.25]","[7322.20676592,7202.723182399999]","[""molar_amount_to_mass_by_exact_molecular_weight"",""molar_amount_to_mass_by_exact_molecular_weight""]","[""molar_amount_to_mass_by_exact_molecular_weight"",""molar_amount_to_mass_by_exact_molecular_weight""]",[],[],[],[14524.92994832],[1.0],[80.0],[1.0],[],[],[],hierarchical_mole_internal_mass_blend_v1,RDKit.Chem.rdMolDescriptors.CalcExactMolWt,2022.09.5,"[null,null]","[null,null,null,null]",True
10.1016/j.polymdegradstab.2019.03.004,copolymer,,PA6-co-DPO,,[H]C(CCCCCN[H])=O,[H]N(C(CC(C([H])=O)CP(C1=CC=CC=C1)(C2=CC=CC=C2)=O)=O)CCCCCCCCCCN[H],,95.0,,,,5.0,,,,,,38.1,5a3358908adc5721e9a2bdda6dd0d2eb6b222eabac3c56a0e3b76b0cac7585ba,393,100.0,0.8360034886244356,copolymer,,,passed,2,"[""wt1"",""wt2""]","[""wt1"",""wt2""]","[115.099714036,470.269829738]","[115.099714036,470.269829738]","[0.8253712947565329,0.010632193867902678]","[0.8253712947565329,0.010632193867902678]","[0.9872821178229807,0.012717882177019314]","[0.9872821178229807,0.012717882177019314]","[95.0,5.0]","[""weight_amount_to_moles_by_exact_molecular_weight"",""weight_amount_to_moles_by_exact_molecular_weight""]","[""weight_amount_to_moles_by_exact_molecular_weight"",""weight_amount_to_moles_by_exact_molecular_weight""]",[],[],[],[100.0],[1.0],[0.8360034886244356],[1.0],[],[],[],hierarchical_mole_internal_mass_blend_v1,RDKit.Chem.rdMolDescriptors.CalcExactMolWt,2022.09.5,"[null,null]","[null,null,null,null]",True
10.1039/c2jm34376b,copolymer,,Poly(ethylene terephthalate) (PET),,O=C([H])C1=CC=C(C(=O)OCCO[H])C=C1,O=C(C1=CC=C(C#CC2=CC=CC=C2)C=C1C(OCCO[H])=O)[H],,,95.0,,,,5.0,,,,,77.5,5b0da4e4e20ef302b196edce6c7e61aada7c8f91be054fd75bd4c70b31cd9ef8,394,19905.947380640002,100.0,copolymer,,,passed,2,"[""mol1"",""mol2""]","[""mol1"",""mol2""]","[194.0579088,294.08920892799995]","[194.0579088,294.08920892799995]","[95.0,5.0]","[95.0,5.0]","[0.95,0.05]","[0.95,0.05]","[18435.501336,1470.4460446399999]","[""molar_amount_to_mass_by_exact_molecular_weight"",""molar_amount_to_mass_by_exact_molecular_weight""]","[""molar_amount_to_mass_by_exact_molecular_weight"",""molar_amount_to_mass_by_exact_molecular_weight""]",[],[],[],[19905.947380640002],[1.0],[100.0],[1.0],[],[],[],hierarchical_mole_internal_mass_blend_v1,RDKit.Chem.rdMolDescriptors.CalcExactMolWt,2022.09.5,"[null,null]","[null,null,null,null]",True
10.1016/j.polymdegradstab.2019.03.004,copolymer,,PA6-co-DPO,,[H]C(CCCCCN[H])=O,[H]N(C(CC(C([H])=O)CP(C1=CC=CC=C1)(C2=CC=CC=C2)=O)=O)CCCCCCCCCCN[H],,96.0,,,,4.0,,,,,,42.2,8002b04193a7870a8b5cb052bc0cfa26f6ba4bc0f75920473726f7bd2ff9793b,395,100.0,0.8425651687430291,copolymer,,,passed,2,"[""wt1"",""wt2""]","[""wt1"",""wt2""]","[115.099714036,470.269829738]","[115.099714036,470.269829738]","[0.834059413648707,0.008505755094322142]","[0.834059413648707,0.008505755094322142]","[0.9899049291261216,0.01009507087387834]","[0.9899049291261216,0.01009507087387834]","[96.0,4.0]","[""weight_amount_to_moles_by_exact_molecular_weight"",""weight_amount_to_moles_by_exact_molecular_weight""]","[""weight_amount_to_moles_by_exact_molecular_weight"",""weight_amount_to_moles_by_exact_molecular_weight""]",[],[],[],[100.0],[1.0],[0.8425651687430291],[1.0],[],[],[],hierarchical_mole_internal_mass_blend_v1,RDKit.Chem.rdMolDescriptors.CalcExactMolWt,2022.09.5,"[null,null]","[null,null,null,null]",True
10.1016/j.polymdegradstab.2019.03.004,copolymer,,PA6-co-DPO,,[H]C(CCCCCN[H])=O,[H]N(C(CC(C([H])=O)CP(C1=CC=CC=C1)(C2=CC=CC=C2)=O)=O)CCCCCCCCCCN[H],,97.0,,,,3.0,,,,,,44.2,1bb01b9d8f5c546aa239bd8762de8b3c16152876ea51d11ff84e912814e14e3b,396,100.0,0.8491268488616226,copolymer,,,passed,2,"[""wt1"",""wt2""]","[""wt1"",""wt2""]","[115.099714036,470.269829738]","[115.099714036,470.269829738]","[0.842747532540881,0.006379316320741606]","[0.842747532540881,0.006379316320741606]","[0.9924872045568998,0.007512795443100171]","[0.9924872045568998,0.007512795443100171]","[97.0,3.0]","[""weight_amount_to_moles_by_exact_molecular_weight"",""weight_amount_to_moles_by_exact_molecular_weight""]","[""weight_amount_to_moles_by_exact_molecular_weight"",""weight_amount_to_moles_by_exact_molecular_weight""]",[],[],[],[100.0],[1.0],[0.8491268488616226],[1.0],[],[],[],hierarchical_mole_internal_mass_blend_v1,RDKit.Chem.rdMolDescriptors.CalcExactMolWt,2022.09.5,"[null,null]","[null,null,null,null]",True
10.1016/j.polymdegradstab.2019.03.004,copolymer,,PA6-co-DPO,,[H]C(CCCCCN[H])=O,[H]N(C(CC(C([H])=O)CP(C1=CC=CC=C1)(C2=CC=CC=C2)=O)=O)CCCCCCCCCCN[H],,98.0,,,,2.0,,,,,,48.7,05115c231f6e0d6a855c27bf00f4b177a91b8624e8f53ffcb668a90817f62586,397,100.0,0.8556885289802161,copolymer,,,passed,2,"[""wt1"",""wt2""]","[""wt1"",""wt2""]","[115.099714036,470.269829738]","[115.099714036,470.269829738]","[0.851435651433055,0.004252877547161071]","[0.851435651433055,0.004252877547161071]","[0.9950298766395413,0.004970123360458651]","[0.9950298766395413,0.004970123360458651]","[98.0,2.0]","[""weight_amount_to_moles_by_exact_molecular_weight"",""weight_amount_to_moles_by_exact_molecular_weight""]","[""weight_amount_to_moles_by_exact_molecular_weight"",""weight_amount_to_moles_by_exact_molecular_weight""]",[],[],[],[100.0],[1.0],[0.8556885289802161],[1.0],[],[],[],hierarchical_mole_internal_mass_blend_v1,RDKit.Chem.rdMolDescriptors.CalcExactMolWt,2022.09.5,"[null,null]","[null,null,null,null]",True
10.1016/j.polymer.2024.126780,copolymer,,PA6-co-HPI15,,[H]C(CCCCCN[H])=O,[H]C(CCCCCNC(C1=CC=C(C(O)=C1)N2C(C3=CC=C(C=C3C2=O)C([H])=O)=O)=O)=O,,,100.0,,,,10.5,,,,,63.6,79949fc1744d68c6e937201e4d78efc6a2e6442d9ab0535567cbe192ee1a01e7,398,15795.358835379997,110.5,copolymer,,,passed,2,"[""mol1"",""mol2""]","[""mol1"",""mol2""]","[115.099714036,408.13213635999983]","[115.099714036,408.13213635999983]","[100.0,10.5]","[100.0,10.5]","[0.9049773755656109,0.09502262443438914]","[0.9049773755656109,0.09502262443438914]","[11509.971403599999,4285.387431779998]","[""molar_amount_to_mass_by_exact_molecular_weight"",""molar_amount_to_mass_by_exact_molecular_weight""]","[""molar_amount_to_mass_by_exact_molecular_weight"",""molar_amount_to_mass_by_exact_molecular_weight""]",[],[],[],[15795.358835379997],[1.0],[110.5],[1.0],[],[],[],hierarchical_mole_internal_mass_blend_v1,RDKit.Chem.rdMolDescriptors.CalcExactMolWt,2022.09.5,"[null,null]","[null,null,null,null]",True
10.1016/j.polymer.2024.126780,copolymer,,PA6-co-HPI20,,[H]C(CCCCCN[H])=O,[H]C(CCCCCNC(C1=CC=C(C(O)=C1)N2C(C3=CC=C(C=C3C2=O)C([H])=O)=O)=O)=O,,,100.0,,,,20.9,,,,,65.2,19b690fb3f3b22d56a9c62d7f55ebc4a63b875df2242a7fa8c42015a457d642a,399,20039.933053523993,120.9,copolymer,,,passed,2,"[""mol1"",""mol2""]","[""mol1"",""mol2""]","[115.099714036,408.13213635999983]","[115.099714036,408.13213635999983]","[100.0,20.9]","[100.0,20.9]","[0.8271298593879238,0.1728701406120761]","[0.8271298593879238,0.1728701406120761]","[11509.971403599999,8529.961649923996]","[""molar_amount_to_mass_by_exact_molecular_weight"",""molar_amount_to_mass_by_exact_molecular_weight""]","[""molar_amount_to_mass_by_exact_molecular_weight"",""molar_amount_to_mass_by_exact_molecular_weight""]",[],[],[],[20039.933053523993],[1.0],[120.9],[1.0],[],[],[],hierarchical_mole_internal_mass_blend_v1,RDKit.Chem.rdMolDescriptors.CalcExactMolWt,2022.09.5,"[null,null]","[null,null,null,null]",True
10.1039/C3PY01030A,copolymer,,PETI3,,O=C([H])C1=CC=C(C(=O)OCCO[H])C=C1,O=P1([O-])C2=CC(C([H])=O)=CC=C2CC3=CC=C(C(OCCO[H])=O)C=C13.[Na+],,,100.0,,,,2.91,,,,,69.0,2fefe35098e5be0e834cd355b3e18805f8aa77286a60444650926ed46345585a,400,20476.79475601698,102.91,copolymer,,,passed,2,"[""mol1"",""mol2""]","[""mol1"",""mol2""]","[194.0579088,368.04256907799993]","[194.0579088,368.04256907799993]","[100.0,2.91]","[100.0,2.91]","[0.971722864639005,0.028277135360995048]","[0.971722864639005,0.028277135360995048]","[19405.79088,1071.0038760169798]","[""molar_amount_to_mass_by_exact_molecular_weight"",""molar_amount_to_mass_by_exact_molecular_weight""]","[""molar_amount_to_mass_by_exact_molecular_weight"",""molar_amount_to_mass_by_exact_molecular_weight""]",[],[],[],[20476.79475601698],[1.0],[102.91],[1.0],[],[],[],hierarchical_mole_internal_mass_blend_v1,RDKit.Chem.rdMolDescriptors.CalcExactMolWt,2022.09.5,"[null,null]","[null,null,null,null]",True
10.1002/pi.1946,copolymer,,PAN-co-DEpVBnP4,,N#CC([H])C[H],O=P(OCC)(OCC)CC(C=C1)=CC=C1C([H])C[H],,,93.9,,,,6.1,,,,,64.5,f2b0eddc0de087fc31c1b7f498ae986b5f9935bacc2ace51bad601cf7c716d73,401,6730.811771212199,100.0,copolymer,,,passed,2,"[""mol1"",""mol2""]","[""mol1"",""mol2""]","[55.042199159999996,256.122831162]","[55.042199159999996,256.122831162]","[93.9,6.1]","[93.9,6.1]","[0.9390000000000001,0.061]","[0.9390000000000001,0.061]","[5168.462501124,1562.3492700882]","[""molar_amount_to_mass_by_exact_molecular_weight"",""molar_amount_to_mass_by_exact_molecular_weight""]","[""molar_amount_to_mass_by_exact_molecular_weight"",""molar_amount_to_mass_by_exact_molecular_weight""]",[],[],[],[6730.811771212199],[1.0],[100.0],[1.0],[],[],[],hierarchical_mole_internal_mass_blend_v1,RDKit.Chem.rdMolDescriptors.CalcExactMolWt,2022.09.5,"[null,null]","[null,null,null,null]",True
10.1002/pi.1946,copolymer,,PAN-co-DiPrpVBnP4,,N#CC([H])C[H],O=P(OC(C)C)(OC(C)C)CC(C=C1)=CC=C1C([H])C[H],,,92.8,,,,7.2,,,,,53.5,406443213aa1df83f9bd828699d527165edf323f06c62d7bc6ef615a961e3fa1,402,7153.825827335999,100.0,copolymer,,,passed,2,"[""mol1"",""mol2""]","[""mol1"",""mol2""]","[55.042199159999996,284.15413129]","[55.042199159999996,284.15413129]","[92.8,7.2]","[92.8,7.2]","[0.9279999999999999,0.07200000000000001]","[0.9279999999999999,0.07200000000000001]","[5107.916082047999,2045.909745288]","[""molar_amount_to_mass_by_exact_molecular_weight"",""molar_amount_to_mass_by_exact_molecular_weight""]","[""molar_amount_to_mass_by_exact_molecular_weight"",""molar_amount_to_mass_by_exact_molecular_weight""]",[],[],[],[7153.825827335999],[1.0],[100.0],[1.0],[],[],[],hierarchical_mole_internal_mass_blend_v1,RDKit.Chem.rdMolDescriptors.CalcExactMolWt,2022.09.5,"[null,null]","[null,null,null,null]",True
10.1002/pi.1946,copolymer,,PAN-co-DnBupVBnP2,,N#CC([H])C[H],O=P(OCCCC)(OCCCC)CC(C=C1)=CC=C1C([H])C[H],,,80.2,,,,19.8,,,,,60.4,ffd73f4c0523ba54096b25f820194e402f7e2b107b6fb266b0cb8a0bb6207772,403,10595.6559147084,100.0,copolymer,,,passed,2,"[""mol1"",""mol2""]","[""mol1"",""mol2""]","[55.042199159999996,312.185431418]","[55.042199159999996,312.185431418]","[80.2,19.8]","[80.2,19.8]","[0.802,0.198]","[0.802,0.198]","[4414.384372632,6181.271542076401]","[""molar_amount_to_mass_by_exact_molecular_weight"",""molar_amount_to_mass_by_exact_molecular_weight""]","[""molar_amount_to_mass_by_exact_molecular_weight"",""molar_amount_to_mass_by_exact_molecular_weight""]",[],[],[],[10595.6559147084],[1.0],[100.0],[1.0],[],[],[],hierarchical_mole_internal_mass_blend_v1,RDKit.Chem.rdMolDescriptors.CalcExactMolWt,2022.09.5,"[null,null]","[null,null,null,null]",True
lbw,copolymer,,PBS-co-HPI1,,[H]C(CCC(OCCCCO[H])=O)=O,O=C(N1C2=CC(C([H])=O)=CC=C2O)C3=CC(C(OCCCCO[H])=O)=CC=C3C1=O,,,100.0,,,,1.0,,,,,-30.6,7377b85d8ac2aa70fcac75dcd64f5e58c3bae87666f75ad527bfb077f2b71120,404,17792.021394684,101.0,copolymer,,,passed,2,"[""mol1"",""mol2""]","[""mol1"",""mol2""]","[174.089208928,383.1005018839999]","[174.089208928,383.1005018839999]","[100.0,1.0]","[100.0,1.0]","[0.9900990099009901,0.009900990099009901]","[0.9900990099009901,0.009900990099009901]","[17408.9208928,383.1005018839999]","[""molar_amount_to_mass_by_exact_molecular_weight"",""molar_amount_to_mass_by_exact_molecular_weight""]","[""molar_amount_to_mass_by_exact_molecular_weight"",""molar_amount_to_mass_by_exact_molecular_weight""]",[],[],[],[17792.021394684],[1.0],[101.0],[1.0],[],[],[],hierarchical_mole_internal_mass_blend_v1,RDKit.Chem.rdMolDescriptors.CalcExactMolWt,2022.09.5,"[null,null]","[null,null,null,null]",True
lbw,copolymer,,PBS-co-HPI2,,[H]C(CCC(OCCCCO[H])=O)=O,O=C(N1C2=CC(C([H])=O)=CC=C2O)C3=CC(C(OCCCCO[H])=O)=CC=C3C1=O,,,100.0,,,,2.0,,,,,-28.3,33a0357f67e055bb2be04c506c8f72a8f11b9c6cf5dc0cb85ea17c6e14f56a63,405,18175.121896568002,102.0,copolymer,,,passed,2,"[""mol1"",""mol2""]","[""mol1"",""mol2""]","[174.089208928,383.1005018839999]","[174.089208928,383.1005018839999]","[100.0,2.0]","[100.0,2.0]","[0.9803921568627451,0.0196078431372549]","[0.9803921568627451,0.0196078431372549]","[17408.9208928,766.2010037679999]","[""molar_amount_to_mass_by_exact_molecular_weight"",""molar_amount_to_mass_by_exact_molecular_weight""]","[""molar_amount_to_mass_by_exact_molecular_weight"",""molar_amount_to_mass_by_exact_molecular_weight""]",[],[],[],[18175.121896568002],[1.0],[102.0],[1.0],[],[],[],hierarchical_mole_internal_mass_blend_v1,RDKit.Chem.rdMolDescriptors.CalcExactMolWt,2022.09.5,"[null,null]","[null,null,null,null]",True
lbw,copolymer,,PBS-co-HPI3,,[H]C(CCC(OCCCCO[H])=O)=O,O=C(N1C2=CC(C([H])=O)=CC=C2O)C3=CC(C(OCCCCO[H])=O)=CC=C3C1=O,,,100.0,,,,3.0,,,,,-27.6,57fc26a5afbd16df7ebbb7e77c60b42ee71f3af6286088e16a987d14530c2f4b,406,18558.222398452002,103.0,copolymer,,,passed,2,"[""mol1"",""mol2""]","[""mol1"",""mol2""]","[174.089208928,383.1005018839999]","[174.089208928,383.1005018839999]","[100.0,3.0]","[100.0,3.0]","[0.970873786407767,0.02912621359223301]","[0.970873786407767,0.02912621359223301]","[17408.9208928,1149.3015056519998]","[""molar_amount_to_mass_by_exact_molecular_weight"",""molar_amount_to_mass_by_exact_molecular_weight""]","[""molar_amount_to_mass_by_exact_molecular_weight"",""molar_amount_to_mass_by_exact_molecular_weight""]",[],[],[],[18558.222398452002],[1.0],[103.0],[1.0],[],[],[],hierarchical_mole_internal_mass_blend_v1,RDKit.Chem.rdMolDescriptors.CalcExactMolWt,2022.09.5,"[null,null]","[null,null,null,null]",True
lbw,copolymer,,PBS-co-HPI4,,[H]C(CCC(OCCCCO[H])=O)=O,O=C(N1C2=CC(C([H])=O)=CC=C2O)C3=CC(C(OCCCCO[H])=O)=CC=C3C1=O,,,100.0,,,,4.0,,,,,-25.4,852e57f6e05518f2737963d61b52dea502cd7124c50a45422949bc80441f012c,407,18941.322900336,104.0,copolymer,,,passed,2,"[""mol1"",""mol2""]","[""mol1"",""mol2""]","[174.089208928,383.1005018839999]","[174.089208928,383.1005018839999]","[100.0,4.0]","[100.0,4.0]","[0.9615384615384616,0.038461538461538464]","[0.9615384615384616,0.038461538461538464]","[17408.9208928,1532.4020075359997]","[""molar_amount_to_mass_by_exact_molecular_weight"",""molar_amount_to_mass_by_exact_molecular_weight""]","[""molar_amount_to_mass_by_exact_molecular_weight"",""molar_amount_to_mass_by_exact_molecular_weight""]",[],[],[],[18941.322900336],[1.0],[104.0],[1.0],[],[],[],hierarchical_mole_internal_mass_blend_v1,RDKit.Chem.rdMolDescriptors.CalcExactMolWt,2022.09.5,"[null,null]","[null,null,null,null]",True
10.1002/(SICI)1097-4628(19990404)72:1<109::AID-APP12>3.0.CO;2-Q,copolymer,,PET12,,O=C([H])C1=CC=C(C(=O)OCCO[H])C=C1,O=C(OCCO[H])CC(C([H])=O)CP1(OC2=C(C3=C1C=CC=C3)C=CC=C2)=O,,85.6,,,,14.4,,,,,,77.2,bc4f2afec2388cf1361475bc7d5d1abce634b801dcf4c854bcf4884d99f3ef8f,408,100.0,0.4795986564835444,copolymer,,,passed,2,"[""wt1"",""wt2""]","[""wt1"",""wt2""]","[194.0579088,374.09192495800005]","[194.0579088,374.09192495800005]","[0.44110544388181094,0.03849321260173342]","[0.44110544388181094,0.03849321260173342]","[0.9197386980106059,0.08026130198939406]","[0.9197386980106059,0.08026130198939406]","[85.6,14.4]","[""weight_amount_to_moles_by_exact_molecular_weight"",""weight_amount_to_moles_by_exact_molecular_weight""]","[""weight_amount_to_moles_by_exact_molecular_weight"",""weight_amount_to_moles_by_exact_molecular_weight""]",[],[],[],[100.0],[1.0],[0.4795986564835444],[1.0],[],[],[],hierarchical_mole_internal_mass_blend_v1,RDKit.Chem.rdMolDescriptors.CalcExactMolWt,2022.09.5,"[null,null]","[null,null,null,null]",True
10.1002/(SICI)1097-4628(19990404)72:1<109::AID-APP12>3.0.CO;2-Q,copolymer,,PET20,,O=C([H])C1=CC=C(C(=O)OCCO[H])C=C1,O=C(OCCO[H])CC(C([H])=O)CP1(OC2=C(C3=C1C=CC=C3)C=CC=C2)=O,,76.0,,,,24.0,,,,,,77.0,029cb0497b44848920d81d4221e461a0695ca491a8553913051b96f10f554e1f,409,100.0,0.45579102881072747,copolymer,,,passed,2,"[""wt1"",""wt2""]","[""wt1"",""wt2""]","[194.0579088,374.09192495800005]","[194.0579088,374.09192495800005]","[0.3916356744745051,0.06415535433622237]","[0.3916356744745051,0.06415535433622237]","[0.8592439291672332,0.1407560708327667]","[0.8592439291672332,0.1407560708327667]","[76.0,24.0]","[""weight_amount_to_moles_by_exact_molecular_weight"",""weight_amount_to_moles_by_exact_molecular_weight""]","[""weight_amount_to_moles_by_exact_molecular_weight"",""weight_amount_to_moles_by_exact_molecular_weight""]",[],[],[],[100.0],[1.0],[0.45579102881072747],[1.0],[],[],[],hierarchical_mole_internal_mass_blend_v1,RDKit.Chem.rdMolDescriptors.CalcExactMolWt,2022.09.5,"[null,null]","[null,null,null,null]",True
10.1002/(SICI)1097-4628(19990404)72:1<109::AID-APP12>3.0.CO;2-Q,copolymer,,PET30,,O=C([H])C1=CC=C(C(=O)OCCO[H])C=C1,O=C(OCCO[H])CC(C([H])=O)CP1(OC2=C(C3=C1C=CC=C3)C=CC=C2)=O,,63.9,,,,36.1,,,,,,76.8,3c78513df51269c06fb9bf3e11870ee5cc4aab0aeb8ebc72e481e88710986510,410,100.0,0.42578349809811444,copolymer,,,passed,2,"[""wt1"",""wt2""]","[""wt1"",""wt2""]","[194.0579088,374.09192495800005]","[194.0579088,374.09192495800005]","[0.32928315261737995,0.09650034548073448]","[0.32928315261737995,0.09650034548073448]","[0.7733581834153243,0.22664181658467572]","[0.7733581834153243,0.22664181658467572]","[63.9,36.1]","[""weight_amount_to_moles_by_exact_molecular_weight"",""weight_amount_to_moles_by_exact_molecular_weight""]","[""weight_amount_to_moles_by_exact_molecular_weight"",""weight_amount_to_moles_by_exact_molecular_weight""]",[],[],[],[100.0],[1.0],[0.42578349809811444],[1.0],[],[],[],hierarchical_mole_internal_mass_blend_v1,RDKit.Chem.rdMolDescriptors.CalcExactMolWt,2022.09.5,"[null,null]","[null,null,null,null]",True
10.1016/S0141-3910(00)00050-1,copolymer,,FR-PET-P,,O=C([H])C1=CC=C(C(=O)OCCO[H])C=C1,O=C([H])C1=CC=C(P(=O)(C2=CC=CC=C2)C2=CC=C(C(=O)OCCO[H])C=C2)C=C1,,95.0,,,,5.0,,,,,,31.6,5ff7f01292b5738fcf8814241a225256a78c47895e7497c2e8bc10fe32249c9b,411,100.0,0.5022318245839557,copolymer,,,passed,2,"[""wt1"",""wt2""]","[""wt1"",""wt2""]","[194.0579088,394.09701033799996]","[194.0579088,394.09701033799996]","[0.48954459309313136,0.012687231490824343]","[0.48954459309313136,0.012687231490824343]","[0.9747382964006029,0.025261703599397216]","[0.9747382964006029,0.025261703599397216]","[95.0,5.0]","[""weight_amount_to_moles_by_exact_molecular_weight"",""weight_amount_to_moles_by_exact_molecular_weight""]","[""weight_amount_to_moles_by_exact_molecular_weight"",""weight_amount_to_moles_by_exact_molecular_weight""]",[],[],[],[100.0],[1.0],[0.5022318245839557],[1.0],[],[],[],hierarchical_mole_internal_mass_blend_v1,RDKit.Chem.rdMolDescriptors.CalcExactMolWt,2022.09.5,"[null,null]","[null,null,null,null]",True
10.1016/j.polymdegradstab.2020.109310,copolymer,,PBT-HPPA,,O=C([H])C1=CC=C(C(=O)OCCCCO[H])C=C1,O=C(CCP(O[H])(C1=CC=CC=C1)=O)[H],,,97.0,,,,3.0,,,,,65.1,379693836381f457974e532653cb01292f5d9cf50c02844998a6a5e4e2eef75a,412,22136.787008542,100.0,copolymer,,,passed,2,"[""mol1"",""mol2""]","[""mol1"",""mol2""]","[222.089208928,198.04458084200002]","[222.089208928,198.04458084200002]","[97.0,3.0]","[97.0,3.0]","[0.97,0.03]","[0.97,0.03]","[21542.653266016,594.1337425260001]","[""molar_amount_to_mass_by_exact_molecular_weight"",""molar_amount_to_mass_by_exact_molecular_weight""]","[""molar_amount_to_mass_by_exact_molecular_weight"",""molar_amount_to_mass_by_exact_molecular_weight""]",[],[],[],[22136.787008542],[1.0],[100.0],[1.0],[],[],[],hierarchical_mole_internal_mass_blend_v1,RDKit.Chem.rdMolDescriptors.CalcExactMolWt,2022.09.5,"[null,null]","[null,null,null,null]",True
10.1039/C3PY01030A,copolymer,,PETI1,,O=C([H])C1=CC=C(C(=O)OCCO[H])C=C1,O=P1([O-])C2=CC(C([H])=O)=CC=C2CC3=CC=C(C(OCCO[H])=O)C=C13.[Na+],,,100.0,,,,0.99,,,,,75.0,1675c403a00184c53cf9366645aad70b809f341d22c7a2c1ab6e242c3074975f,413,19770.15302338722,100.99,copolymer,,,passed,2,"[""mol1"",""mol2""]","[""mol1"",""mol2""]","[194.0579088,368.04256907799993]","[194.0579088,368.04256907799993]","[100.0,0.99]","[100.0,0.99]","[0.9901970492127934,0.009802950787206655]","[0.9901970492127934,0.009802950787206655]","[19405.79088,364.36214338721993]","[""molar_amount_to_mass_by_exact_molecular_weight"",""molar_amount_to_mass_by_exact_molecular_weight""]","[""molar_amount_to_mass_by_exact_molecular_weight"",""molar_amount_to_mass_by_exact_molecular_weight""]",[],[],[],[19770.15302338722],[1.0],[100.99],[1.0],[],[],[],hierarchical_mole_internal_mass_blend_v1,RDKit.Chem.rdMolDescriptors.CalcExactMolWt,2022.09.5,"[null,null]","[null,null,null,null]",True
10.1039/C3PY01030A,copolymer,,PETI5,,O=C([H])C1=CC=C(C(=O)OCCO[H])C=C1,O=P1([O-])C2=CC(C([H])=O)=CC=C2CC3=CC=C(C(OCCO[H])=O)C=C13.[Na+],,,100.0,,,,4.76,,,,,68.0,00bad4fbe6ac0bafe87c2198c52dc46f93bd5f3ce4a3a2771aa7aa41ca72d182,414,21157.67350881128,104.76,copolymer,,,passed,2,"[""mol1"",""mol2""]","[""mol1"",""mol2""]","[194.0579088,368.04256907799993]","[194.0579088,368.04256907799993]","[100.0,4.76]","[100.0,4.76]","[0.9545628102329132,0.04543718976708667]","[0.9545628102329132,0.04543718976708667]","[19405.79088,1751.8826288112796]","[""molar_amount_to_mass_by_exact_molecular_weight"",""molar_amount_to_mass_by_exact_molecular_weight""]","[""molar_amount_to_mass_by_exact_molecular_weight"",""molar_amount_to_mass_by_exact_molecular_weight""]",[],[],[],[21157.67350881128],[1.0],[104.76],[1.0],[],[],[],hierarchical_mole_internal_mass_blend_v1,RDKit.Chem.rdMolDescriptors.CalcExactMolWt,2022.09.5,"[null,null]","[null,null,null,null]",True
10.1039/C3PY01030A,copolymer,,PETI10,,O=C([H])C1=CC=C(C(=O)OCCO[H])C=C1,O=P1([O-])C2=CC(C([H])=O)=CC=C2CC3=CC=C(C(OCCO[H])=O)C=C13.[Na+],,,100.0,,,,9.09,,,,,69.0,2de9ebd03c9c394a157dd1c10b7e921a7ad2b065c5418885070fe51ed330ef48,415,22751.29783291902,109.09,copolymer,,,passed,2,"[""mol1"",""mol2""]","[""mol1"",""mol2""]","[194.0579088,368.04256907799993]","[194.0579088,368.04256907799993]","[100.0,9.09]","[100.0,9.09]","[0.9166743056192135,0.0833256943807865]","[0.9166743056192135,0.0833256943807865]","[19405.79088,3345.506952919019]","[""molar_amount_to_mass_by_exact_molecular_weight"",""molar_amount_to_mass_by_exact_molecular_weight""]","[""molar_amount_to_mass_by_exact_molecular_weight"",""molar_amount_to_mass_by_exact_molecular_weight""]",[],[],[],[22751.29783291902],[1.0],[109.09],[1.0],[],[],[],hierarchical_mole_internal_mass_blend_v1,RDKit.Chem.rdMolDescriptors.CalcExactMolWt,2022.09.5,"[null,null]","[null,null,null,null]",True
10.1007/s10965-006-0082-3,copolymer,,PC-co-ODOPB1,,CC(C1=CC=C(OC([H])=O)C=C1)(C2=CC=C(O[H])C=C2)C,O=P1(C2=C(C3=C(O1)C=CC=C3)C=CC=C2)C(C=C4O[H])=C(C=C4)OC([H])=O,,97.7,,,,2.3,,,,,,144.0,8a82024aeed7899098507347cee2da4435f3d69fdcb7f07f5fe63b1e488a1000,416,100.0,0.3880099538714543,copolymer,,,passed,2,"[""wt1"",""wt2""]","[""wt1"",""wt2""]","[256.10994437200003,352.05006014599996]","[256.10994437200003,352.05006014599996]","[0.38147679208461593,0.006533161786838378]","[0.38147679208461593,0.006533161786838378]","[0.9831623861149634,0.016837613885036518]","[0.9831623861149634,0.016837613885036518]","[97.7,2.3]","[""weight_amount_to_moles_by_exact_molecular_weight"",""weight_amount_to_moles_by_exact_molecular_weight""]","[""weight_amount_to_moles_by_exact_molecular_weight"",""weight_amount_to_moles_by_exact_molecular_weight""]",[],[],[],[100.0],[1.0],[0.3880099538714543],[1.0],[],[],[],hierarchical_mole_internal_mass_blend_v1,RDKit.Chem.rdMolDescriptors.CalcExactMolWt,2022.09.5,"[null,null]","[null,null,null,null]",True
10.1007/s10965-006-0082-3,copolymer,,PC-co-ODOPB2,,CC(C1=CC=C(OC([H])=O)C=C1)(C2=CC=C(O[H])C=C2)C,O=P1(C2=C(C3=C(O1)C=CC=C3)C=CC=C2)C(C=C4O[H])=C(C=C4)OC([H])=O,,96.6,,,,3.4,,,,,,141.0,a3ed43fbc53b897deaa200b38e5c408c3caec356a77787db8b22e46b4f689cc5,417,100.0,0.38683947909622146,copolymer,,,passed,2,"[""wt1"",""wt2""]","[""wt1"",""wt2""]","[256.10994437200003,352.05006014599996]","[256.10994437200003,352.05006014599996]","[0.3771817616721995,0.009657717424021951]","[0.3771817616721995,0.009657717424021951]","[0.9750343024797122,0.024965697520287777]","[0.9750343024797122,0.024965697520287777]","[96.6,3.4]","[""weight_amount_to_moles_by_exact_molecular_weight"",""weight_amount_to_moles_by_exact_molecular_weight""]","[""weight_amount_to_moles_by_exact_molecular_weight"",""weight_amount_to_moles_by_exact_molecular_weight""]",[],[],[],[100.0],[1.0],[0.38683947909622146],[1.0],[],[],[],hierarchical_mole_internal_mass_blend_v1,RDKit.Chem.rdMolDescriptors.CalcExactMolWt,2022.09.5,"[null,null]","[null,null,null,null]",True
10.1007/s10965-006-0082-3,copolymer,,PC-co-ODOPB3,,CC(C1=CC=C(OC([H])=O)C=C1)(C2=CC=C(O[H])C=C2)C,O=P1(C2=C(C3=C(O1)C=CC=C3)C=CC=C2)C(C=C4O[H])=C(C=C4)OC([H])=O,,95.4,,,,4.6,,,,,,138.0,2e7280792c3e32700fc6f5f702a06ad8a69836bd1d8b2423ff38ad4aadf7f929,418,100.0,0.3855625975232403,copolymer,,,passed,2,"[""wt1"",""wt2""]","[""wt1"",""wt2""]","[256.10994437200003,352.05006014599996]","[256.10994437200003,352.05006014599996]","[0.37249627394956353,0.013066323573676757]","[0.37249627394956353,0.013066323573676757]","[0.9661110189172611,0.033888981082738884]","[0.9661110189172611,0.033888981082738884]","[95.4,4.6]","[""weight_amount_to_moles_by_exact_molecular_weight"",""weight_amount_to_moles_by_exact_molecular_weight""]","[""weight_amount_to_moles_by_exact_molecular_weight"",""weight_amount_to_moles_by_exact_molecular_weight""]",[],[],[],[100.0],[1.0],[0.3855625975232403],[1.0],[],[],[],hierarchical_mole_internal_mass_blend_v1,RDKit.Chem.rdMolDescriptors.CalcExactMolWt,2022.09.5,"[null,null]","[null,null,null,null]",True
10.1016/j.polymdegradstab.2014.06.003,copolymer,,PCTD10,,[H]C(c1ccc(C(OCC(CC2)CCC2CO[H])=O)cc1)=O,O=C([H])c1ccc(C(OCCOc2cc(P3(Oc4c(c5ccccc53)cccc4)=O)c(OCCO[H])cc2)=O)cc1,,,90.0,,,,10.0,,,,,106.8,4c48ee8f5dbd5891a8b62665c1f0a24cfeb472ae1465388d67ea392f522f1fb4,419,30293.5413647,100.0,copolymer,,,passed,2,"[""mol1"",""mol2""]","[""mol1"",""mol2""]","[276.13615912,544.1287043899999]","[276.13615912,544.1287043899999]","[90.0,10.0]","[90.0,10.0]","[0.9,0.1]","[0.9,0.1]","[24852.2543208,5441.2870439]","[""molar_amount_to_mass_by_exact_molecular_weight"",""molar_amount_to_mass_by_exact_molecular_weight""]","[""molar_amount_to_mass_by_exact_molecular_weight"",""molar_amount_to_mass_by_exact_molecular_weight""]",[],[],[],[30293.5413647],[1.0],[100.0],[1.0],[],[],[],hierarchical_mole_internal_mass_blend_v1,RDKit.Chem.rdMolDescriptors.CalcExactMolWt,2022.09.5,"[null,null]","[null,null,null,null]",True
10.1016/j.polymdegradstab.2014.06.003,copolymer,,PCTD20,,[H]C(c1ccc(C(OCC(CC2)CCC2CO[H])=O)cc1)=O,O=C([H])c1ccc(C(OCCOc2cc(P3(Oc4c(c5ccccc53)cccc4)=O)c(OCCO[H])cc2)=O)cc1,,,80.0,,,,20.0,,,,,111.3,ed4806df5574183270ab8d1dc1bab5476675790dcd2fd341ffe7bb423d141180,420,32973.466817399996,100.0,copolymer,,,passed,2,"[""mol1"",""mol2""]","[""mol1"",""mol2""]","[276.13615912,544.1287043899999]","[276.13615912,544.1287043899999]","[80.0,20.0]","[80.0,20.0]","[0.8,0.2]","[0.8,0.2]","[22090.8927296,10882.5740878]","[""molar_amount_to_mass_by_exact_molecular_weight"",""molar_amount_to_mass_by_exact_molecular_weight""]","[""molar_amount_to_mass_by_exact_molecular_weight"",""molar_amount_to_mass_by_exact_molecular_weight""]",[],[],[],[32973.466817399996],[1.0],[100.0],[1.0],[],[],[],hierarchical_mole_internal_mass_blend_v1,RDKit.Chem.rdMolDescriptors.CalcExactMolWt,2022.09.5,"[null,null]","[null,null,null,null]",True
10.1016/j.polymdegradstab.2014.06.003,copolymer,,PCTD5,,[H]C(c1ccc(C(OCC(CC2)CCC2CO[H])=O)cc1)=O,O=C([H])c1ccc(C(OCCOc2cc(P3(Oc4c(c5ccccc53)cccc4)=O)c(OCCO[H])cc2)=O)cc1,,,95.0,,,,5.0,,,,,97.2,46c9c3d990bf8a89e2257d6a2f210e710174e30483e018fd4e2ef24e5685378e,421,28953.57863835,100.0,copolymer,,,passed,2,"[""mol1"",""mol2""]","[""mol1"",""mol2""]","[276.13615912,544.1287043899999]","[276.13615912,544.1287043899999]","[95.0,5.0]","[95.0,5.0]","[0.95,0.05]","[0.95,0.05]","[26232.9351164,2720.64352195]","[""molar_amount_to_mass_by_exact_molecular_weight"",""molar_amount_to_mass_by_exact_molecular_weight""]","[""molar_amount_to_mass_by_exact_molecular_weight"",""molar_amount_to_mass_by_exact_molecular_weight""]",[],[],[],[28953.57863835],[1.0],[100.0],[1.0],[],[],[],hierarchical_mole_internal_mass_blend_v1,RDKit.Chem.rdMolDescriptors.CalcExactMolWt,2022.09.5,"[null,null]","[null,null,null,null]",True
10.1016/j.polymdegradstab.2020.109310,copolymer,,PENT0/10,,O=C([H])C1=CC=C(C(=O)OCCO[H])C=C1,CC(CO[H])(COC(C1=CC=C(C=C1)C([H])=O)=O)C,,90.0,,,,10.0,,,,,,74.4,c3a0987c6b5e76e69329cd0bde813054976aba656e626b95cbfa268fcbb934f5,422,100.0,0.5061331508870474,copolymer,,,passed,2,"[""wt1"",""wt2""]","[""wt1"",""wt2""]","[194.0579088,236.104858992]","[194.0579088,236.104858992]","[0.4637790881934929,0.04235406269355445]","[0.4637790881934929,0.04235406269355445]","[0.9163183391182244,0.08368166088177557]","[0.9163183391182244,0.08368166088177557]","[90.0,10.0]","[""weight_amount_to_moles_by_exact_molecular_weight"",""weight_amount_to_moles_by_exact_molecular_weight""]","[""weight_amount_to_moles_by_exact_molecular_weight"",""weight_amount_to_moles_by_exact_molecular_weight""]",[],[],[],[100.0],[1.0],[0.5061331508870474],[1.0],[],[],[],hierarchical_mole_internal_mass_blend_v1,RDKit.Chem.rdMolDescriptors.CalcExactMolWt,2022.09.5,"[null,null]","[null,null,null,null]",True
10.1016/j.polymdegradstab.2020.109310,copolymer,,PENT5/0,,O=C([H])C1=CC=C(C(=O)OCCO[H])C=C1,O=C(OCCO[H])CCP([H])(C1=CC=CC=C1)=O,,95.0,,,,5.0,,,,,,67.6,8fce00268d78fb49b77d98a1d4a55d5824ca9ee5056821faf2b282fa6375f36c,423,100.0,0.5101997075930589,copolymer,,,passed,2,"[""wt1"",""wt2""]","[""wt1"",""wt2""]","[194.0579088,242.07079559]","[194.0579088,242.07079559]","[0.48954459309313136,0.02065511449992752]","[0.48954459309313136,0.02065511449992752]","[0.9595156285028641,0.040484371497135935]","[0.9595156285028641,0.040484371497135935]","[95.0,5.0]","[""weight_amount_to_moles_by_exact_molecular_weight"",""weight_amount_to_moles_by_exact_molecular_weight""]","[""weight_amount_to_moles_by_exact_molecular_weight"",""weight_amount_to_moles_by_exact_molecular_weight""]",[],[],[],[100.0],[1.0],[0.5101997075930589],[1.0],[],[],[],hierarchical_mole_internal_mass_blend_v1,RDKit.Chem.rdMolDescriptors.CalcExactMolWt,2022.09.5,"[null,null]","[null,null,null,null]",True
10.1016/j.polymdegradstab.2020.109310,copolymer,,PENT5/5,,O=C([H])C1=CC=C(C(=O)OCCO[H])C=C1,CC(CO[H])(COC(CCP([H])(C1=CC=CC=C1)=O)=O)C,,95.0,,,,5.0,,,,,,67.9,d7e6a72a45d67dd42a97d1a4be0a55570bab60888514d6ff1f120db4f3c0af35,424,100.0,0.5071429306634866,copolymer,,,passed,2,"[""wt1"",""wt2""]","[""wt1"",""wt2""]","[194.0579088,284.11774578200004]","[194.0579088,284.11774578200004]","[0.48954459309313136,0.017598337570355203]","[0.48954459309313136,0.017598337570355203]","[0.9652990577087772,0.0347009422912227]","[0.9652990577087772,0.0347009422912227]","[95.0,5.0]","[""weight_amount_to_moles_by_exact_molecular_weight"",""weight_amount_to_moles_by_exact_molecular_weight""]","[""weight_amount_to_moles_by_exact_molecular_weight"",""weight_amount_to_moles_by_exact_molecular_weight""]",[],[],[],[100.0],[1.0],[0.5071429306634866],[1.0],[],[],[],hierarchical_mole_internal_mass_blend_v1,RDKit.Chem.rdMolDescriptors.CalcExactMolWt,2022.09.5,"[null,null]","[null,null,null,null]",True
lbw,copolymer,,PET,,O=C([H])C1=CC=C(C(OCCO[H])=O)C=C1,O=C(NC1=CC=C(C=C1)C(OCCO[H])=O)C2=CC=C(C=C2)C([H])=O,,,100.0,,,,0.0,,,,,72.5,b3bb85c0727aacf9d5d360c2dcd1634d8bfc1dfd766802e590bc8bd5b1eb5f3c,425,19405.79088,100.0,homopolymer,,,passed,1,"[""mol1""]","[""mol1""]",[194.0579088],[194.0579088],[100.0],[100.0],[1.0],[1.0],[19405.79088],"[""molar_amount_to_mass_by_exact_molecular_weight""]","[""molar_amount_to_mass_by_exact_molecular_weight""]",[2],[],[],[19405.79088],[1.0],[100.0],[1.0],[],[],[],hierarchical_mole_internal_mass_blend_v1,RDKit.Chem.rdMolDescriptors.CalcExactMolWt,2022.09.5,"[null,null]","[null,null,null,null]",True
lbw,copolymer,,PET,,O=C([H])C1=CC=C(C(OCCO[H])=O)C=C1,O=C([H])C1=CC=C(C2=NC3=CC=C(C=C3N2)C(OCCO[H])=O)C=C1,,,100.0,,,,0.0,,,,,76.0,67016acb0094bf12ea11396167ecad08c567123ca3df06165539ecdb098e309b,426,19405.79088,100.0,homopolymer,,,passed,1,"[""mol1""]","[""mol1""]",[194.0579088],[194.0579088],[100.0],[100.0],[1.0],[1.0],[19405.79088],"[""molar_amount_to_mass_by_exact_molecular_weight""]","[""molar_amount_to_mass_by_exact_molecular_weight""]",[2],[],[],[19405.79088],[1.0],[100.0],[1.0],[],[],[],hierarchical_mole_internal_mass_blend_v1,RDKit.Chem.rdMolDescriptors.CalcExactMolWt,2022.09.5,"[null,null]","[null,null,null,null]",True
10.1016/j.eurpolymj.2020.110230,copolymer,,PET,,O=C([H])C1=CC=C(C=C1)C(OCCO[H])=O,O=C(C1=CC(C([H])=O)=CC(/N=C/C2=CC=C(C=C2)[N+]([O-])=O)=C1)OCCO[H],,,100.0,,,,0.0,,,,,78.0,c79033678b7954b9ab75f84d998f72e57f8caa10e8187afbbdf388e2939b6085,427,19405.79088,100.0,homopolymer,,,passed,1,"[""mol1""]","[""mol1""]",[194.0579088],[194.0579088],[100.0],[100.0],[1.0],[1.0],[19405.79088],"[""molar_amount_to_mass_by_exact_molecular_weight""]","[""molar_amount_to_mass_by_exact_molecular_weight""]",[2],[],[],[19405.79088],[1.0],[100.0],[1.0],[],[],[],hierarchical_mole_internal_mass_blend_v1,RDKit.Chem.rdMolDescriptors.CalcExactMolWt,2022.09.5,"[null,null]","[null,null,null,null]",True
lbw,copolymer,,PET-co- DMPIM10,,O=C([H])C1=CC=C(C(OCCO[H])=O)C=C1,[H]C(C1=CC(C2=NC3=CC=CC=C3N2)=CC(C(OCCO[H])=O)=C1)=O,,,100.0,,,,10.0,,,,,94.0,32125e27abe43bbc58bd5d23659cf7cf2f5af859c79c262510e218c7f8975473,428,22506.74444928,110.0,copolymer,,,passed,2,"[""mol1"",""mol2""]","[""mol1"",""mol2""]","[194.0579088,310.09535692799994]","[194.0579088,310.09535692799994]","[100.0,10.0]","[100.0,10.0]","[0.9090909090909091,0.09090909090909091]","[0.9090909090909091,0.09090909090909091]","[19405.79088,3100.9535692799996]","[""molar_amount_to_mass_by_exact_molecular_weight"",""molar_amount_to_mass_by_exact_molecular_weight""]","[""molar_amount_to_mass_by_exact_molecular_weight"",""molar_amount_to_mass_by_exact_molecular_weight""]",[],[],[],[22506.74444928],[1.0],[110.0],[1.0],[],[],[],hierarchical_mole_internal_mass_blend_v1,RDKit.Chem.rdMolDescriptors.CalcExactMolWt,2022.09.5,"[null,null]","[null,null,null,null]",True
lbw,copolymer,,PET-co- DMPIM20,,O=C([H])C1=CC=C(C(OCCO[H])=O)C=C1,[H]C(C1=CC(C2=NC3=CC=CC=C3N2)=CC(C(OCCO[H])=O)=C1)=O,,,100.0,,,,20.0,,,,,104.0,c0155fa7a383b0f937fbf7f3a848f3ffb0d211209b329128cd7958e0582ae98c,429,25607.69801856,120.0,copolymer,,,passed,2,"[""mol1"",""mol2""]","[""mol1"",""mol2""]","[194.0579088,310.09535692799994]","[194.0579088,310.09535692799994]","[100.0,20.0]","[100.0,20.0]","[0.8333333333333334,0.16666666666666666]","[0.8333333333333334,0.16666666666666666]","[19405.79088,6201.907138559999]","[""molar_amount_to_mass_by_exact_molecular_weight"",""molar_amount_to_mass_by_exact_molecular_weight""]","[""molar_amount_to_mass_by_exact_molecular_weight"",""molar_amount_to_mass_by_exact_molecular_weight""]",[],[],[],[25607.69801856],[1.0],[120.0],[1.0],[],[],[],hierarchical_mole_internal_mass_blend_v1,RDKit.Chem.rdMolDescriptors.CalcExactMolWt,2022.09.5,"[null,null]","[null,null,null,null]",True
lbw,copolymer,,PET-co- DMPNM10,,O=C([H])C1=CC=C(C(OCCO[H])=O)C=C1,[H]C(C1=CC(C2=NC3=CC=CC=C3N2C)=CC(C(OCCO[H])=O)=C1)=O,,,100.0,,,,10.0,,,,,87.0,58c1b058bba94677c470cb2ae6f9c940c1d36001a5c755d4878cc36f81a8feda,430,22646.90094992,110.0,copolymer,,,passed,2,"[""mol1"",""mol2""]","[""mol1"",""mol2""]","[194.0579088,324.11100699199994]","[194.0579088,324.11100699199994]","[100.0,10.0]","[100.0,10.0]","[0.9090909090909091,0.09090909090909091]","[0.9090909090909091,0.09090909090909091]","[19405.79088,3241.1100699199997]","[""molar_amount_to_mass_by_exact_molecular_weight"",""molar_amount_to_mass_by_exact_molecular_weight""]","[""molar_amount_to_mass_by_exact_molecular_weight"",""molar_amount_to_mass_by_exact_molecular_weight""]",[],[],[],[22646.90094992],[1.0],[110.0],[1.0],[],[],[],hierarchical_mole_internal_mass_blend_v1,RDKit.Chem.rdMolDescriptors.CalcExactMolWt,2022.09.5,"[null,null]","[null,null,null,null]",True
10.1007/s00289-016-1652-0,copolymer,,IA,,OCC1=CC=C(C=C1)C2(CCCCC2)C3=CC=C(C=C3)CO,O=C(CCC(Cl)=O)Cl,,,50.0,,,,50.0,,,,,114.4,f53088dd8eb05b4e3fde58df34390d6518217e4bd612439ebfffa5bb448ba569,431,22506.8232368,100.0,copolymer,,,passed,2,"[""mol1"",""mol2""]","[""mol1"",""mol2""]","[296.177630008,153.958834728]","[296.177630008,153.958834728]","[50.0,50.0]","[50.0,50.0]","[0.5,0.5]","[0.5,0.5]","[14808.881500399999,7697.9417364]","[""molar_amount_to_mass_by_exact_molecular_weight"",""molar_amount_to_mass_by_exact_molecular_weight""]","[""molar_amount_to_mass_by_exact_molecular_weight"",""molar_amount_to_mass_by_exact_molecular_weight""]",[],[],[],[22506.8232368],[1.0],[100.0],[1.0],[],[],[],hierarchical_mole_internal_mass_blend_v1,RDKit.Chem.rdMolDescriptors.CalcExactMolWt,2022.09.5,"[null,null]","[null,null,null,null]",True
10.1007/s00289-016-1652-0,copolymer,,IIA,,CC(CC1)CCC1(C2=CC=C(C=C2)CO)C(C=C3)=CC=C3CO,O=C(CCCCCCC(Cl)=O)Cl,,,50.0,,,,50.0,,,,,102.34,72c9ffd4745c7dc6d3c491702f5159b6e89629b2b93f3d604a25d68e2810e3a1,432,26010.7357528,100.0,copolymer,,,passed,2,"[""mol1"",""mol2""]","[""mol1"",""mol2""]","[310.193280072,210.021434984]","[310.193280072,210.021434984]","[50.0,50.0]","[50.0,50.0]","[0.5,0.5]","[0.5,0.5]","[15509.664003599999,10501.0717492]","[""molar_amount_to_mass_by_exact_molecular_weight"",""molar_amount_to_mass_by_exact_molecular_weight""]","[""molar_amount_to_mass_by_exact_molecular_weight"",""molar_amount_to_mass_by_exact_molecular_weight""]",[],[],[],[26010.7357528],[1.0],[100.0],[1.0],[],[],[],hierarchical_mole_internal_mass_blend_v1,RDKit.Chem.rdMolDescriptors.CalcExactMolWt,2022.09.5,"[null,null]","[null,null,null,null]",True
10.1007/s00289-016-1652-0,copolymer,,IIB,,CC(CC1)CCC1(C2=CC=C(C=C2)CO)C(C=C3)=CC=C3CO,O=C(CCCCCCC(Cl)=O)Cl,,,50.0,,,,50.0,,,,,158.2,f2cfbf9ecdec07d2a9ab49e50c93a38e4f54c698441b60cf7d8fb842dcd4d765,433,26010.7357528,100.0,copolymer,,,passed,2,"[""mol1"",""mol2""]","[""mol1"",""mol2""]","[310.193280072,210.021434984]","[310.193280072,210.021434984]","[50.0,50.0]","[50.0,50.0]","[0.5,0.5]","[0.5,0.5]","[15509.664003599999,10501.0717492]","[""molar_amount_to_mass_by_exact_molecular_weight"",""molar_amount_to_mass_by_exact_molecular_weight""]","[""molar_amount_to_mass_by_exact_molecular_weight"",""molar_amount_to_mass_by_exact_molecular_weight""]",[],[],[],[26010.7357528],[1.0],[100.0],[1.0],[],[],[],hierarchical_mole_internal_mass_blend_v1,RDKit.Chem.rdMolDescriptors.CalcExactMolWt,2022.09.5,"[null,null]","[null,null,null,null]",True
10.1007/s00289-016-1652-0,copolymer,,IIC,,CC(CC1)CCC1(C2=CC=C(C=C2)CO)C(C=C3)=CC=C3CO,O=C(CCCCCCC(Cl)=O)Cl,,,50.0,,,,50.0,,,,,154.32,c48f37af38f258b92831ec69743098520725029782ee3f8ca7d287330d26430a,434,26010.7357528,100.0,copolymer,,,passed,2,"[""mol1"",""mol2""]","[""mol1"",""mol2""]","[310.193280072,210.021434984]","[310.193280072,210.021434984]","[50.0,50.0]","[50.0,50.0]","[0.5,0.5]","[0.5,0.5]","[15509.664003599999,10501.0717492]","[""molar_amount_to_mass_by_exact_molecular_weight"",""molar_amount_to_mass_by_exact_molecular_weight""]","[""molar_amount_to_mass_by_exact_molecular_weight"",""molar_amount_to_mass_by_exact_molecular_weight""]",[],[],[],[26010.7357528],[1.0],[100.0],[1.0],[],[],[],hierarchical_mole_internal_mass_blend_v1,RDKit.Chem.rdMolDescriptors.CalcExactMolWt,2022.09.5,"[null,null]","[null,null,null,null]",True
10.1007/s00289-016-1652-0,copolymer,,IIIA,,OCCCCOC1=CC=C(C=C1)C2(CCCCC2)C3=CC=C(C=C3)OCCCCO,ClC(C1=CC=C(C=C1)C(Cl)=O)=O,,,50.0,,,,50.0,,,,,62.17,064ec0d6e7c1da69ff2f261e0820e2cc806be8e1b9c50a72fc8dd527f2416f68,435,30711.009717999998,100.0,copolymer,,,passed,2,"[""mol1"",""mol2""]","[""mol1"",""mol2""]","[412.26135963199994,201.958834728]","[412.26135963199994,201.958834728]","[50.0,50.0]","[50.0,50.0]","[0.5,0.5]","[0.5,0.5]","[20613.067981599997,10097.9417364]","[""molar_amount_to_mass_by_exact_molecular_weight"",""molar_amount_to_mass_by_exact_molecular_weight""]","[""molar_amount_to_mass_by_exact_molecular_weight"",""molar_amount_to_mass_by_exact_molecular_weight""]",[],[],[],[30711.009717999998],[1.0],[100.0],[1.0],[],[],[],hierarchical_mole_internal_mass_blend_v1,RDKit.Chem.rdMolDescriptors.CalcExactMolWt,2022.09.5,"[null,null]","[null,null,null,null]",True
10.1007/s00289-016-1652-0,copolymer,,IIIB,,OCCCCOC1=CC=C(C=C1)C2(CCCCC2)C3=CC=C(C=C3)OCCCCO,ClC(C1=CC=C(C=C1)C(Cl)=O)=O,,,50.0,,,,50.0,,,,,138.2,a0cef257f5bdbfabc2c8df64094f74f69ce29f5001df93f6b408cd2877040732,436,30711.009717999998,100.0,copolymer,,,passed,2,"[""mol1"",""mol2""]","[""mol1"",""mol2""]","[412.26135963199994,201.958834728]","[412.26135963199994,201.958834728]","[50.0,50.0]","[50.0,50.0]","[0.5,0.5]","[0.5,0.5]","[20613.067981599997,10097.9417364]","[""molar_amount_to_mass_by_exact_molecular_weight"",""molar_amount_to_mass_by_exact_molecular_weight""]","[""molar_amount_to_mass_by_exact_molecular_weight"",""molar_amount_to_mass_by_exact_molecular_weight""]",[],[],[],[30711.009717999998],[1.0],[100.0],[1.0],[],[],[],hierarchical_mole_internal_mass_blend_v1,RDKit.Chem.rdMolDescriptors.CalcExactMolWt,2022.09.5,"[null,null]","[null,null,null,null]",True
10.1016/j.polymdegradstab.2022.110212,copolymer,,PA56,,[H]NCCCCCNC(CCCCC([H])=O)=O,O=C(C(CP1(OC2=CC=CC=C2C3=CC=CC=C31)=O)CC([H])=O)NCCCCCN[H],,100.0,,,,0.0,,,,,,58.3,1f9c40e4db1adc8b0cf2824efc5a49cbf451c48003dbaf14d8ab43a650cf5182,437,100.0,0.46692288418446504,homopolymer,,,passed,1,"[""wt1""]","[""wt1""]",[214.168127944],[214.168127944],[0.46692288418446504],[0.46692288418446504],[1.0],[1.0],[100.0],"[""weight_amount_to_moles_by_exact_molecular_weight""]","[""weight_amount_to_moles_by_exact_molecular_weight""]",[2],[],[],[100.0],[1.0],[0.46692288418446504],[1.0],[],[],[],hierarchical_mole_internal_mass_blend_v1,RDKit.Chem.rdMolDescriptors.CalcExactMolWt,2022.09.5,"[null,null]","[null,null,null,null]",True
10.1016/j.polymdegradstab.2022.110212,copolymer,,PA56-2,,[H]NCCCCCNC(CCCCC([H])=O)=O,O=C(C(CP1(OC2=CC=CC=C2C3=CC=CC=C31)=O)CC([H])=O)NCCCCCN[H],,98.0,,,,2.0,,,,,,58.9,8cd17a5e3cd8064225e329433d8bf743577ef8000ec7feda762fab7f5b0033ab,438,100.0,0.46241335163903474,copolymer,,,passed,2,"[""wt1"",""wt2""]","[""wt1"",""wt2""]","[214.168127944,414.17084397400004]","[214.168127944,414.17084397400004]","[0.45758442650077574,0.004828925138259012]","[0.45758442650077574,0.004828925138259012]","[0.9895571243322825,0.010442875667717587]","[0.9895571243322825,0.010442875667717587]","[98.0,2.0]","[""weight_amount_to_moles_by_exact_molecular_weight"",""weight_amount_to_moles_by_exact_molecular_weight""]","[""weight_amount_to_moles_by_exact_molecular_weight"",""weight_amount_to_moles_by_exact_molecular_weight""]",[],[],[],[100.0],[1.0],[0.46241335163903474],[1.0],[],[],[],hierarchical_mole_internal_mass_blend_v1,RDKit.Chem.rdMolDescriptors.CalcExactMolWt,2022.09.5,"[null,null]","[null,null,null,null]",True
10.1016/j.polymdegradstab.2022.110212,copolymer,,PA56-4,,[H]NCCCCCNC(CCCCC([H])=O)=O,O=C(C(CP1(OC2=CC=CC=C2C3=CC=CC=C31)=O)CC([H])=O)NCCCCCN[H],,96.0,,,,4.0,,,,,,58.9,b0bfa0222d6233a4bc486670a2421a863409c35fcbbd0fbf23711bf6b0f23326,439,100.0,0.45790381909360445,copolymer,,,passed,2,"[""wt1"",""wt2""]","[""wt1"",""wt2""]","[214.168127944,414.17084397400004]","[214.168127944,414.17084397400004]","[0.44824596881708645,0.009657850276518025]","[0.44824596881708645,0.009657850276518025]","[0.9789085614187818,0.021091438581218237]","[0.9789085614187818,0.021091438581218237]","[96.0,4.0]","[""weight_amount_to_moles_by_exact_molecular_weight"",""weight_amount_to_moles_by_exact_molecular_weight""]","[""weight_amount_to_moles_by_exact_molecular_weight"",""weight_amount_to_moles_by_exact_molecular_weight""]",[],[],[],[100.0],[1.0],[0.45790381909360445],[1.0],[],[],[],hierarchical_mole_internal_mass_blend_v1,RDKit.Chem.rdMolDescriptors.CalcExactMolWt,2022.09.5,"[null,null]","[null,null,null,null]",True
10.1016/j.polymdegradstab.2022.110212,copolymer,,PA56-6,,[H]NCCCCCNC(CCCCC([H])=O)=O,O=C(C(CP1(OC2=CC=CC=C2C3=CC=CC=C31)=O)CC([H])=O)NCCCCCN[H],,94.0,,,,6.0,,,,,,66.3,2ec50d6c5b176bbfefcefea8ce529e5488f5a58d994b0e203a292a998a336c03,440,100.0,0.4533942865481742,copolymer,,,passed,2,"[""wt1"",""wt2""]","[""wt1"",""wt2""]","[214.168127944,414.17084397400004]","[214.168127944,414.17084397400004]","[0.43890751113339715,0.014486775414777038]","[0.43890751113339715,0.014486775414777038]","[0.9680481738641455,0.031951826135854455]","[0.9680481738641455,0.031951826135854455]","[94.0,6.0]","[""weight_amount_to_moles_by_exact_molecular_weight"",""weight_amount_to_moles_by_exact_molecular_weight""]","[""weight_amount_to_moles_by_exact_molecular_weight"",""weight_amount_to_moles_by_exact_molecular_weight""]",[],[],[],[100.0],[1.0],[0.4533942865481742],[1.0],[],[],[],hierarchical_mole_internal_mass_blend_v1,RDKit.Chem.rdMolDescriptors.CalcExactMolWt,2022.09.5,"[null,null]","[null,null,null,null]",True
10.1016/j.polymdegradstab.2022.110212,copolymer,,PA56-8,,[H]NCCCCCNC(CCCCC([H])=O)=O,O=C(C(CP1(OC2=CC=CC=C2C3=CC=CC=C31)=O)CC([H])=O)NCCCCCN[H],,92.0,,,,8.0,,,,,,69.4,b1ae2007a8d7c01384f72ff330e2b292f7a8659179ab354ecb5aa519e95d65f3,441,100.0,0.4488847540027439,copolymer,,,passed,2,"[""wt1"",""wt2""]","[""wt1"",""wt2""]","[214.168127944,414.17084397400004]","[214.168127944,414.17084397400004]","[0.42956905344970786,0.01931570055303605]","[0.42956905344970786,0.01931570055303605]","[0.9569695776459408,0.043030422354059225]","[0.9569695776459408,0.043030422354059225]","[92.0,8.0]","[""weight_amount_to_moles_by_exact_molecular_weight"",""weight_amount_to_moles_by_exact_molecular_weight""]","[""weight_amount_to_moles_by_exact_molecular_weight"",""weight_amount_to_moles_by_exact_molecular_weight""]",[],[],[],[100.0],[1.0],[0.4488847540027439],[1.0],[],[],[],hierarchical_mole_internal_mass_blend_v1,RDKit.Chem.rdMolDescriptors.CalcExactMolWt,2022.09.5,"[null,null]","[null,null,null,null]",True
lbw,copolymer,,PET-co- DMPNM20,,O=C([H])C1=CC=C(C(OCCO[H])=O)C=C1,[H]C(C1=CC(C2=NC3=CC=CC=C3N2C)=CC(C(OCCO[H])=O)=C1)=O,,,100.0,,,,20.0,,,,,95.0,5c4f08162e0555d6829aab34c4aa0d715fd2a2d1d2ace5f0ab51fb0ee913d206,442,25888.01101984,120.0,copolymer,,,passed,2,"[""mol1"",""mol2""]","[""mol1"",""mol2""]","[194.0579088,324.11100699199994]","[194.0579088,324.11100699199994]","[100.0,20.0]","[100.0,20.0]","[0.8333333333333334,0.16666666666666666]","[0.8333333333333334,0.16666666666666666]","[19405.79088,6482.220139839999]","[""molar_amount_to_mass_by_exact_molecular_weight"",""molar_amount_to_mass_by_exact_molecular_weight""]","[""molar_amount_to_mass_by_exact_molecular_weight"",""molar_amount_to_mass_by_exact_molecular_weight""]",[],[],[],[25888.01101984],[1.0],[120.0],[1.0],[],[],[],hierarchical_mole_internal_mass_blend_v1,RDKit.Chem.rdMolDescriptors.CalcExactMolWt,2022.09.5,"[null,null]","[null,null,null,null]",True
lbw,copolymer,,PET-co- DMPNM5,,O=C([H])C1=CC=C(C(OCCO[H])=O)C=C1,[H]C(C1=CC(C2=NC3=CC=CC=C3N2C)=CC(C(OCCO[H])=O)=C1)=O,,,100.0,,,,5.0,,,,,86.0,7064bd74b3da0606f9958c5d3d02b3a6159c7205d386f9d7964b6e34c1b77141,443,21026.345914960002,105.0,copolymer,,,passed,2,"[""mol1"",""mol2""]","[""mol1"",""mol2""]","[194.0579088,324.11100699199994]","[194.0579088,324.11100699199994]","[100.0,5.0]","[100.0,5.0]","[0.9523809523809523,0.047619047619047616]","[0.9523809523809523,0.047619047619047616]","[19405.79088,1620.5550349599998]","[""molar_amount_to_mass_by_exact_molecular_weight"",""molar_amount_to_mass_by_exact_molecular_weight""]","[""molar_amount_to_mass_by_exact_molecular_weight"",""molar_amount_to_mass_by_exact_molecular_weight""]",[],[],[],[21026.345914960002],[1.0],[105.0],[1.0],[],[],[],hierarchical_mole_internal_mass_blend_v1,RDKit.Chem.rdMolDescriptors.CalcExactMolWt,2022.09.5,"[null,null]","[null,null,null,null]",True
lbw,copolymer,,PET-co- DMPOM20,,O=C([H])C1=CC=C(C(OCCO[H])=O)C=C1,[H]C(C1=CC(C2=NC3=CC=CC=C3O2)=CC(C(OCCO[H])=O)=C1)=O,,,100.0,,,,20.0,,,,,89.0,7a0494a8db75ddc00c5d9cf4a9ab0113ce682aa0edf618c3f71944c9e40bd940,444,25627.37833032,120.0,copolymer,,,passed,2,"[""mol1"",""mol2""]","[""mol1"",""mol2""]","[194.0579088,311.079372516]","[194.0579088,311.079372516]","[100.0,20.0]","[100.0,20.0]","[0.8333333333333334,0.16666666666666666]","[0.8333333333333334,0.16666666666666666]","[19405.79088,6221.587450319999]","[""molar_amount_to_mass_by_exact_molecular_weight"",""molar_amount_to_mass_by_exact_molecular_weight""]","[""molar_amount_to_mass_by_exact_molecular_weight"",""molar_amount_to_mass_by_exact_molecular_weight""]",[],[],[],[25627.37833032],[1.0],[120.0],[1.0],[],[],[],hierarchical_mole_internal_mass_blend_v1,RDKit.Chem.rdMolDescriptors.CalcExactMolWt,2022.09.5,"[null,null]","[null,null,null,null]",True
lbw,copolymer,,PET-co- DMPSM20,,O=C([H])C1=CC=C(C(OCCO[H])=O)C=C1,[H]C(C1=CC(C2=NC3=CC=CC=C3S2)=CC(C(OCCO[H])=O)=C1)=O,,,100.0,,,,20.0,,,,,86.0,e3469b18ecdd6d1d4458f1892a4d541a54db469b4a18534d3f539d9a2c81c77c,445,25946.921457919998,120.0,copolymer,,,passed,2,"[""mol1"",""mol2""]","[""mol1"",""mol2""]","[194.0579088,327.056528896]","[194.0579088,327.056528896]","[100.0,20.0]","[100.0,20.0]","[0.8333333333333334,0.16666666666666666]","[0.8333333333333334,0.16666666666666666]","[19405.79088,6541.130577919999]","[""molar_amount_to_mass_by_exact_molecular_weight"",""molar_amount_to_mass_by_exact_molecular_weight""]","[""molar_amount_to_mass_by_exact_molecular_weight"",""molar_amount_to_mass_by_exact_molecular_weight""]",[],[],[],[25946.921457919998],[1.0],[120.0],[1.0],[],[],[],hierarchical_mole_internal_mass_blend_v1,RDKit.Chem.rdMolDescriptors.CalcExactMolWt,2022.09.5,"[null,null]","[null,null,null,null]",True
lbw,copolymer,,PET-co-(m)DPBM10,,O=C([H])C1=CC=C(C(OCCO[H])=O)C=C1,O=C(C1=CC=C2C(NC(C3=CC=CC(C4=NC5=C(N4)C=C(C=C5)C([H])=O)=C3)=N2)=C1)OCCO[H],,,100.0,,,,10.0,,,,,102.0,9de3d3743a368cf3110d2fa1b1c6f03753567e2dd082be33cb9e266aa6c0246c,446,23667.11893056,110.0,copolymer,,,passed,2,"[""mol1"",""mol2""]","[""mol1"",""mol2""]","[194.0579088,426.13280505599994]","[194.0579088,426.13280505599994]","[100.0,10.0]","[100.0,10.0]","[0.9090909090909091,0.09090909090909091]","[0.9090909090909091,0.09090909090909091]","[19405.79088,4261.32805056]","[""molar_amount_to_mass_by_exact_molecular_weight"",""molar_amount_to_mass_by_exact_molecular_weight""]","[""molar_amount_to_mass_by_exact_molecular_weight"",""molar_amount_to_mass_by_exact_molecular_weight""]",[],[],[],[23667.11893056],[1.0],[110.0],[1.0],[],[],[],hierarchical_mole_internal_mass_blend_v1,RDKit.Chem.rdMolDescriptors.CalcExactMolWt,2022.09.5,"[null,null]","[null,null,null,null]",True
lbw,copolymer,,PET-co-(m)DPBM5,,O=C([H])C1=CC=C(C(OCCO[H])=O)C=C1,O=C(C1=CC=C2C(NC(C3=CC=CC(C4=NC5=C(N4)C=C(C=C5)C([H])=O)=C3)=N2)=C1)OCCO[H],,,100.0,,,,5.0,,,,,94.0,e046195b4f960d1d9cc67d41aacc6c61e15532515f05b30a90c2ac403bfd2719,447,21536.45490528,105.0,copolymer,,,passed,2,"[""mol1"",""mol2""]","[""mol1"",""mol2""]","[194.0579088,426.13280505599994]","[194.0579088,426.13280505599994]","[100.0,5.0]","[100.0,5.0]","[0.9523809523809523,0.047619047619047616]","[0.9523809523809523,0.047619047619047616]","[19405.79088,2130.66402528]","[""molar_amount_to_mass_by_exact_molecular_weight"",""molar_amount_to_mass_by_exact_molecular_weight""]","[""molar_amount_to_mass_by_exact_molecular_weight"",""molar_amount_to_mass_by_exact_molecular_weight""]",[],[],[],[21536.45490528],[1.0],[105.0],[1.0],[],[],[],hierarchical_mole_internal_mass_blend_v1,RDKit.Chem.rdMolDescriptors.CalcExactMolWt,2022.09.5,"[null,null]","[null,null,null,null]",True
lbw,copolymer,,PET-co-(p)DPBM10,,O=C([H])C1=CC=C(C(OCCO[H])=O)C=C1,O=C(OCCO[H])C1=CC2=C(C=C1)N=C(N2)C3=CC=C(C4=NC5=CC=C(C([H])=O)C=C5N4)C=C3,,,100.0,,,,10.0,,,,,103.0,63057fa0b05ecd65e28bbd53416b71466caa294d7dc774becacd6b2067c487e1,448,23667.11893056,110.0,copolymer,,,passed,2,"[""mol1"",""mol2""]","[""mol1"",""mol2""]","[194.0579088,426.132805056]","[194.0579088,426.132805056]","[100.0,10.0]","[100.0,10.0]","[0.9090909090909091,0.09090909090909091]","[0.9090909090909091,0.09090909090909091]","[19405.79088,4261.32805056]","[""molar_amount_to_mass_by_exact_molecular_weight"",""molar_amount_to_mass_by_exact_molecular_weight""]","[""molar_amount_to_mass_by_exact_molecular_weight"",""molar_amount_to_mass_by_exact_molecular_weight""]",[],[],[],[23667.11893056],[1.0],[110.0],[1.0],[],[],[],hierarchical_mole_internal_mass_blend_v1,RDKit.Chem.rdMolDescriptors.CalcExactMolWt,2022.09.5,"[null,null]","[null,null,null,null]",True
lbw,copolymer,,PET-co-(p)DPBM5,,O=C([H])C1=CC=C(C(OCCO[H])=O)C=C1,O=C(OCCO[H])C1=CC2=C(C=C1)N=C(N2)C3=CC=C(C4=NC5=CC=C(C([H])=O)C=C5N4)C=C3,,,100.0,,,,5.0,,,,,95.0,66bda3f4da4ca8dbbba1e7f928db07e9e95bf0b0f78494b54d6d408afdc0a233,449,21536.45490528,105.0,copolymer,,,passed,2,"[""mol1"",""mol2""]","[""mol1"",""mol2""]","[194.0579088,426.132805056]","[194.0579088,426.132805056]","[100.0,5.0]","[100.0,5.0]","[0.9523809523809523,0.047619047619047616]","[0.9523809523809523,0.047619047619047616]","[19405.79088,2130.66402528]","[""molar_amount_to_mass_by_exact_molecular_weight"",""molar_amount_to_mass_by_exact_molecular_weight""]","[""molar_amount_to_mass_by_exact_molecular_weight"",""molar_amount_to_mass_by_exact_molecular_weight""]",[],[],[],[21536.45490528],[1.0],[105.0],[1.0],[],[],[],hierarchical_mole_internal_mass_blend_v1,RDKit.Chem.rdMolDescriptors.CalcExactMolWt,2022.09.5,"[null,null]","[null,null,null,null]",True
dx,copolymer,,PET-co-BHEVCH10,,O=C([H])C1=CC=C(C(OCCO[H])=O)C=C1,O=C1/C(CCC/C1=C\C2=CC(OC)=C(C=C2)OCCO[H])=C/C3=CC=C(C(OC)=C3)OCCOC(C4=CC=C(C=C4)C([H])=O)=O,,,100.0,,,,10.0,,,,,87.4,19408c3801353f714d7618b6d6801b90fda70f6e9f1553931f81b0006077eed0,450,25267.99370668,110.0,copolymer,,,passed,2,"[""mol1"",""mol2""]","[""mol1"",""mol2""]","[194.0579088,586.220282668]","[194.0579088,586.220282668]","[100.0,10.0]","[100.0,10.0]","[0.9090909090909091,0.09090909090909091]","[0.9090909090909091,0.09090909090909091]","[19405.79088,5862.20282668]","[""molar_amount_to_mass_by_exact_molecular_weight"",""molar_amount_to_mass_by_exact_molecular_weight""]","[""molar_amount_to_mass_by_exact_molecular_weight"",""molar_amount_to_mass_by_exact_molecular_weight""]",[],[],[],[25267.99370668],[1.0],[110.0],[1.0],[],[],[],hierarchical_mole_internal_mass_blend_v1,RDKit.Chem.rdMolDescriptors.CalcExactMolWt,2022.09.5,"[null,null]","[null,null,null,null]",True
dx,copolymer,,PET-co-BHEVCH20,,O=C([H])C1=CC=C(C(OCCO[H])=O)C=C1,O=C1/C(CCC/C1=C\C2=CC(OC)=C(C=C2)OCCO[H])=C/C3=CC=C(C(OC)=C3)OCCOC(C4=CC=C(C=C4)C([H])=O)=O,,,100.0,,,,15.0,,,,,91.8,72c0a95061760197fddfdec2478ae64a7e9931ae73754b6464cf3d4d9f5de42d,451,28199.09512002,115.0,copolymer,,,passed,2,"[""mol1"",""mol2""]","[""mol1"",""mol2""]","[194.0579088,586.220282668]","[194.0579088,586.220282668]","[100.0,15.0]","[100.0,15.0]","[0.8695652173913043,0.13043478260869565]","[0.8695652173913043,0.13043478260869565]","[19405.79088,8793.30424002]","[""molar_amount_to_mass_by_exact_molecular_weight"",""molar_amount_to_mass_by_exact_molecular_weight""]","[""molar_amount_to_mass_by_exact_molecular_weight"",""molar_amount_to_mass_by_exact_molecular_weight""]",[],[],[],[28199.09512002],[1.0],[115.0],[1.0],[],[],[],hierarchical_mole_internal_mass_blend_v1,RDKit.Chem.rdMolDescriptors.CalcExactMolWt,2022.09.5,"[null,null]","[null,null,null,null]",True
dx,copolymer,,PET-co-BHEVCH5,,O=C([H])C1=CC=C(C(OCCO[H])=O)C=C1,O=C1/C(CCC/C1=C\C2=CC(OC)=C(C=C2)OCCO[H])=C/C3=CC=C(C(OC)=C3)OCCOC(C4=CC=C(C=C4)C([H])=O)=O,,,100.0,,,,5.0,,,,,85.3,f226f09ab8573d8b43b5833699e5636813c816744981927bd6e8900d7e29af13,452,22336.89229334,105.0,copolymer,,,passed,2,"[""mol1"",""mol2""]","[""mol1"",""mol2""]","[194.0579088,586.220282668]","[194.0579088,586.220282668]","[100.0,5.0]","[100.0,5.0]","[0.9523809523809523,0.047619047619047616]","[0.9523809523809523,0.047619047619047616]","[19405.79088,2931.10141334]","[""molar_amount_to_mass_by_exact_molecular_weight"",""molar_amount_to_mass_by_exact_molecular_weight""]","[""molar_amount_to_mass_by_exact_molecular_weight"",""molar_amount_to_mass_by_exact_molecular_weight""]",[],[],[],[22336.89229334],[1.0],[105.0],[1.0],[],[],[],hierarchical_mole_internal_mass_blend_v1,RDKit.Chem.rdMolDescriptors.CalcExactMolWt,2022.09.5,"[null,null]","[null,null,null,null]",True
lbw,copolymer,,PET-co-DMPIM5,,O=C([H])C1=CC=C(C(OCCO[H])=O)C=C1,[H]C(C1=CC(C2=NC3=CC=CC=C3N2)=CC(C(OCCO[H])=O)=C1)=O,,,100.0,,,,5.0,,,,,89.0,4eda781dc5b81e52cfc70ffcf6f991097f05f7a0ce6daf0a5741e591e15c597d,453,20956.26766464,105.0,copolymer,,,passed,2,"[""mol1"",""mol2""]","[""mol1"",""mol2""]","[194.0579088,310.09535692799994]","[194.0579088,310.09535692799994]","[100.0,5.0]","[100.0,5.0]","[0.9523809523809523,0.047619047619047616]","[0.9523809523809523,0.047619047619047616]","[19405.79088,1550.4767846399998]","[""molar_amount_to_mass_by_exact_molecular_weight"",""molar_amount_to_mass_by_exact_molecular_weight""]","[""molar_amount_to_mass_by_exact_molecular_weight"",""molar_amount_to_mass_by_exact_molecular_weight""]",[],[],[],[20956.26766464],[1.0],[105.0],[1.0],[],[],[],hierarchical_mole_internal_mass_blend_v1,RDKit.Chem.rdMolDescriptors.CalcExactMolWt,2022.09.5,"[null,null]","[null,null,null,null]",True
lbw,copolymer,,PET-co-DOPBM10,,O=C([H])C1=CC=C(C(OCCO[H])=O)C=C1,O=C(OCCO[H])C1=CC2=C(C=C1)N=C(N2)C3=CC=C(C=C3)OC4=CC=C(C5=NC6=CC=C(C([H])=O)C=C6N5)C=C4,,,100.0,,,,10.0,,,,,98.0,b213a65d3a0ada70543c68e49003eb1f3bd5984811ccdc2f5131b21bec11d4f8,454,24587.38107804,110.0,copolymer,,,passed,2,"[""mol1"",""mol2""]","[""mol1"",""mol2""]","[194.0579088,518.1590198040001]","[194.0579088,518.1590198040001]","[100.0,10.0]","[100.0,10.0]","[0.9090909090909091,0.09090909090909091]","[0.9090909090909091,0.09090909090909091]","[19405.79088,5181.590198040001]","[""molar_amount_to_mass_by_exact_molecular_weight"",""molar_amount_to_mass_by_exact_molecular_weight""]","[""molar_amount_to_mass_by_exact_molecular_weight"",""molar_amount_to_mass_by_exact_molecular_weight""]",[],[],[],[24587.38107804],[1.0],[110.0],[1.0],[],[],[],hierarchical_mole_internal_mass_blend_v1,RDKit.Chem.rdMolDescriptors.CalcExactMolWt,2022.09.5,"[null,null]","[null,null,null,null]",True
lbw,copolymer,,PET-co-DOPBM5,,O=C([H])C1=CC=C(C(OCCO[H])=O)C=C1,O=C(OCCO[H])C1=CC2=C(C=C1)N=C(N2)C3=CC=C(C=C3)OC4=CC=C(C5=NC6=CC=C(C([H])=O)C=C6N5)C=C4,,,100.0,,,,5.0,,,,,90.0,75180c24428b425d19e78bbeb12c0186016ab143ddb2b69cd1c1fa2b30d509aa,455,21996.58597902,105.0,copolymer,,,passed,2,"[""mol1"",""mol2""]","[""mol1"",""mol2""]","[194.0579088,518.1590198040001]","[194.0579088,518.1590198040001]","[100.0,5.0]","[100.0,5.0]","[0.9523809523809523,0.047619047619047616]","[0.9523809523809523,0.047619047619047616]","[19405.79088,2590.7950990200006]","[""molar_amount_to_mass_by_exact_molecular_weight"",""molar_amount_to_mass_by_exact_molecular_weight""]","[""molar_amount_to_mass_by_exact_molecular_weight"",""molar_amount_to_mass_by_exact_molecular_weight""]",[],[],[],[21996.58597902],[1.0],[105.0],[1.0],[],[],[],hierarchical_mole_internal_mass_blend_v1,RDKit.Chem.rdMolDescriptors.CalcExactMolWt,2022.09.5,"[null,null]","[null,null,null,null]",True
dx,copolymer,,PET-co-DPDPI10,,O=C([H])C1=CC=C(C(OCCO[H])=O)C=C1,O=C1C(C2=CC=CC=C2)=CC(N1C3=CC(C([H])=O)=CC(C(OCCO[H])=O)=C3)=O,,,90.0,,,,10.0,,,,,97.9,3d8e0ad833fec8c28059b46c5564f717b9a00b145312b8ccee9aa9e530d6c455,456,21116.111164,100.0,copolymer,,,passed,2,"[""mol1"",""mol2""]","[""mol1"",""mol2""]","[194.0579088,365.08993719999995]","[194.0579088,365.08993719999995]","[90.0,10.0]","[90.0,10.0]","[0.9,0.1]","[0.9,0.1]","[17465.211792000002,3650.8993719999994]","[""molar_amount_to_mass_by_exact_molecular_weight"",""molar_amount_to_mass_by_exact_molecular_weight""]","[""molar_amount_to_mass_by_exact_molecular_weight"",""molar_amount_to_mass_by_exact_molecular_weight""]",[],[],[],[21116.111164],[1.0],[100.0],[1.0],[],[],[],hierarchical_mole_internal_mass_blend_v1,RDKit.Chem.rdMolDescriptors.CalcExactMolWt,2022.09.5,"[null,null]","[null,null,null,null]",True
dx,copolymer,,PET-co-DPDPI2,,O=C([H])C1=CC=C(C(OCCO[H])=O)C=C1,O=C1C(C2=CC=CC=C2)=CC(N1C3=CC(C([H])=O)=CC(C(OCCO[H])=O)=C3)=O,,,98.0,,,,2.0,,,,,84.5,8a3a2e296b3e7d56053061c861afd1cff73dedcca1b901421a9c4f29f544f031,457,19747.854936800002,100.0,copolymer,,,passed,2,"[""mol1"",""mol2""]","[""mol1"",""mol2""]","[194.0579088,365.08993719999995]","[194.0579088,365.08993719999995]","[98.0,2.0]","[98.0,2.0]","[0.98,0.02]","[0.98,0.02]","[19017.6750624,730.1798743999999]","[""molar_amount_to_mass_by_exact_molecular_weight"",""molar_amount_to_mass_by_exact_molecular_weight""]","[""molar_amount_to_mass_by_exact_molecular_weight"",""molar_amount_to_mass_by_exact_molecular_weight""]",[],[],[],[19747.854936800002],[1.0],[100.0],[1.0],[],[],[],hierarchical_mole_internal_mass_blend_v1,RDKit.Chem.rdMolDescriptors.CalcExactMolWt,2022.09.5,"[null,null]","[null,null,null,null]",True
dx,copolymer,,PET-co-DPDPI5,,O=C([H])C1=CC=C(C(OCCO[H])=O)C=C1,O=C1C(C2=CC=CC=C2)=CC(N1C3=CC(C([H])=O)=CC(C(OCCO[H])=O)=C3)=O,,,95.0,,,,5.0,,,,,88.9,1b3bc2bf2f50a0c7cc772324bedf728185ad97430cb1e1dbdcf8a49bc1e02f93,458,20260.951022,100.0,copolymer,,,passed,2,"[""mol1"",""mol2""]","[""mol1"",""mol2""]","[194.0579088,365.08993719999995]","[194.0579088,365.08993719999995]","[95.0,5.0]","[95.0,5.0]","[0.95,0.05]","[0.95,0.05]","[18435.501336,1825.4496859999997]","[""molar_amount_to_mass_by_exact_molecular_weight"",""molar_amount_to_mass_by_exact_molecular_weight""]","[""molar_amount_to_mass_by_exact_molecular_weight"",""molar_amount_to_mass_by_exact_molecular_weight""]",[],[],[],[20260.951022],[1.0],[100.0],[1.0],[],[],[],hierarchical_mole_internal_mass_blend_v1,RDKit.Chem.rdMolDescriptors.CalcExactMolWt,2022.09.5,"[null,null]","[null,null,null,null]",True
lbw,copolymer,,PET-co-HPI10,,O=C([H])C1=CC=C(C(OCCO[H])=O)C=C1,O=C(C1=CC(C(OCCO[H])=O)=CC=C1C2=O)N2C3=CC(C([H])=O)=CC=C3O,,,100.0,,,,10.0,,,,,83.4,b32a08352b6dd8d0ceb7ea6ad1585cf21ffddffeb6ff79a67a00a01918bc40bc,459,22956.48289756,110.0,copolymer,,,passed,2,"[""mol1"",""mol2""]","[""mol1"",""mol2""]","[194.0579088,355.069201756]","[194.0579088,355.069201756]","[100.0,10.0]","[100.0,10.0]","[0.9090909090909091,0.09090909090909091]","[0.9090909090909091,0.09090909090909091]","[19405.79088,3550.69201756]","[""molar_amount_to_mass_by_exact_molecular_weight"",""molar_amount_to_mass_by_exact_molecular_weight""]","[""molar_amount_to_mass_by_exact_molecular_weight"",""molar_amount_to_mass_by_exact_molecular_weight""]",[],[],[],[22956.48289756],[1.0],[110.0],[1.0],[],[],[],hierarchical_mole_internal_mass_blend_v1,RDKit.Chem.rdMolDescriptors.CalcExactMolWt,2022.09.5,"[null,null]","[null,null,null,null]",True
lbw,copolymer,,PET-co-HPI15,,O=C([H])C1=CC=C(C(OCCO[H])=O)C=C1,O=C(C1=CC(C(OCCO[H])=O)=CC=C1C2=O)N2C3=CC(C([H])=O)=CC=C3O,,,100.0,,,,15.0,,,,,83.8,252a0304dcc5aad5a4b461b19b111f38dc251d42f6b2bd698dc2c33cbd3753c5,460,24731.82890634,115.0,copolymer,,,passed,2,"[""mol1"",""mol2""]","[""mol1"",""mol2""]","[194.0579088,355.069201756]","[194.0579088,355.069201756]","[100.0,15.0]","[100.0,15.0]","[0.8695652173913043,0.13043478260869565]","[0.8695652173913043,0.13043478260869565]","[19405.79088,5326.03802634]","[""molar_amount_to_mass_by_exact_molecular_weight"",""molar_amount_to_mass_by_exact_molecular_weight""]","[""molar_amount_to_mass_by_exact_molecular_weight"",""molar_amount_to_mass_by_exact_molecular_weight""]",[],[],[],[24731.82890634],[1.0],[115.0],[1.0],[],[],[],hierarchical_mole_internal_mass_blend_v1,RDKit.Chem.rdMolDescriptors.CalcExactMolWt,2022.09.5,"[null,null]","[null,null,null,null]",True
lbw,copolymer,,PET-co-HPI20,,O=C([H])C1=CC=C(C(OCCO[H])=O)C=C1,O=C(C1=CC(C(OCCO[H])=O)=CC=C1C2=O)N2C3=CC(C([H])=O)=CC=C3O,,,100.0,,,,20.0,,,,,89.1,5921b9d3c2aec1d38029fa95897549a265039040ea87b4c66a3d69e47db0f777,461,26507.17491512,120.0,copolymer,,,passed,2,"[""mol1"",""mol2""]","[""mol1"",""mol2""]","[194.0579088,355.069201756]","[194.0579088,355.069201756]","[100.0,20.0]","[100.0,20.0]","[0.8333333333333334,0.16666666666666666]","[0.8333333333333334,0.16666666666666666]","[19405.79088,7101.38403512]","[""molar_amount_to_mass_by_exact_molecular_weight"",""molar_amount_to_mass_by_exact_molecular_weight""]","[""molar_amount_to_mass_by_exact_molecular_weight"",""molar_amount_to_mass_by_exact_molecular_weight""]",[],[],[],[26507.17491512],[1.0],[120.0],[1.0],[],[],[],hierarchical_mole_internal_mass_blend_v1,RDKit.Chem.rdMolDescriptors.CalcExactMolWt,2022.09.5,"[null,null]","[null,null,null,null]",True
lbw,copolymer,,PET-co-HPI5,,O=C([H])C1=CC=C(C(OCCO[H])=O)C=C1,O=C(C1=CC(C(OCCO[H])=O)=CC=C1C2=O)N2C3=CC(C([H])=O)=CC=C3O,,,100.0,,,,5.0,,,,,81.4,5db4211d1bdfff93f233d6701b6861128dc1d2ec0e744b6f3666a541228c8c99,462,21181.13688878,105.0,copolymer,,,passed,2,"[""mol1"",""mol2""]","[""mol1"",""mol2""]","[194.0579088,355.069201756]","[194.0579088,355.069201756]","[100.0,5.0]","[100.0,5.0]","[0.9523809523809523,0.047619047619047616]","[0.9523809523809523,0.047619047619047616]","[19405.79088,1775.34600878]","[""molar_amount_to_mass_by_exact_molecular_weight"",""molar_amount_to_mass_by_exact_molecular_weight""]","[""molar_amount_to_mass_by_exact_molecular_weight"",""molar_amount_to_mass_by_exact_molecular_weight""]",[],[],[],[21181.13688878],[1.0],[105.0],[1.0],[],[],[],hierarchical_mole_internal_mass_blend_v1,RDKit.Chem.rdMolDescriptors.CalcExactMolWt,2022.09.5,"[null,null]","[null,null,null,null]",True
lbw,copolymer,,PET-co-MPI10,,O=C([H])C1=CC=C(C(OCCO[H])=O)C=C1,O=C(C1=CC(C(OCCO[H])=O)=CC=C1C2=O)N2C3=CC(C([H])=O)=CC=C3C,,,100.0,,,,10.0,,,,,91.07,dc1125466d422e90d1226fa992f9101c59a6258c3b8be230f8c2ed1a85c0ff39,463,22936.690252,110.0,copolymer,,,passed,2,"[""mol1"",""mol2""]","[""mol1"",""mol2""]","[194.0579088,353.0899372]","[194.0579088,353.0899372]","[100.0,10.0]","[100.0,10.0]","[0.9090909090909091,0.09090909090909091]","[0.9090909090909091,0.09090909090909091]","[19405.79088,3530.899372]","[""molar_amount_to_mass_by_exact_molecular_weight"",""molar_amount_to_mass_by_exact_molecular_weight""]","[""molar_amount_to_mass_by_exact_molecular_weight"",""molar_amount_to_mass_by_exact_molecular_weight""]",[],[],[],[22936.690252],[1.0],[110.0],[1.0],[],[],[],hierarchical_mole_internal_mass_blend_v1,RDKit.Chem.rdMolDescriptors.CalcExactMolWt,2022.09.5,"[null,null]","[null,null,null,null]",True
lbw,copolymer,,PET-co-MPI15,,O=C([H])C1=CC=C(C(OCCO[H])=O)C=C1,O=C(C1=CC(C(OCCO[H])=O)=CC=C1C2=O)N2C3=CC(C([H])=O)=CC=C3C,,,100.0,,,,15.0,,,,,97.94,e9b2b6fa3c9735578bb75da888da4bdd0d289989f480f8d88b474c0393fc8678,464,24702.139938,115.0,copolymer,,,passed,2,"[""mol1"",""mol2""]","[""mol1"",""mol2""]","[194.0579088,353.0899372]","[194.0579088,353.0899372]","[100.0,15.0]","[100.0,15.0]","[0.8695652173913043,0.13043478260869565]","[0.8695652173913043,0.13043478260869565]","[19405.79088,5296.349058]","[""molar_amount_to_mass_by_exact_molecular_weight"",""molar_amount_to_mass_by_exact_molecular_weight""]","[""molar_amount_to_mass_by_exact_molecular_weight"",""molar_amount_to_mass_by_exact_molecular_weight""]",[],[],[],[24702.139938],[1.0],[115.0],[1.0],[],[],[],hierarchical_mole_internal_mass_blend_v1,RDKit.Chem.rdMolDescriptors.CalcExactMolWt,2022.09.5,"[null,null]","[null,null,null,null]",True
lbw,copolymer,,PET-co-MPI20,,O=C([H])C1=CC=C(C(OCCO[H])=O)C=C1,O=C(C1=CC(C(OCCO[H])=O)=CC=C1C2=O)N2C3=CC(C([H])=O)=CC=C3C,,,100.0,,,,20.0,,,,,100.89,cf6202d23c44e63ce716014bfb8d7d5096a102f259407aed260da78409e58fd4,465,26467.589624,120.0,copolymer,,,passed,2,"[""mol1"",""mol2""]","[""mol1"",""mol2""]","[194.0579088,353.0899372]","[194.0579088,353.0899372]","[100.0,20.0]","[100.0,20.0]","[0.8333333333333334,0.16666666666666666]","[0.8333333333333334,0.16666666666666666]","[19405.79088,7061.798744]","[""molar_amount_to_mass_by_exact_molecular_weight"",""molar_amount_to_mass_by_exact_molecular_weight""]","[""molar_amount_to_mass_by_exact_molecular_weight"",""molar_amount_to_mass_by_exact_molecular_weight""]",[],[],[],[26467.589624],[1.0],[120.0],[1.0],[],[],[],hierarchical_mole_internal_mass_blend_v1,RDKit.Chem.rdMolDescriptors.CalcExactMolWt,2022.09.5,"[null,null]","[null,null,null,null]",True
lbw,copolymer,,PET-co-MPI5,,O=C([H])C1=CC=C(C(OCCO[H])=O)C=C1,O=C(C1=CC(C(OCCO[H])=O)=CC=C1C2=O)N2C3=CC(C([H])=O)=CC=C3C,,,100.0,,,,5.0,,,,,87.95,db43907d80052e2b9f8fbc71115276731031cf880ac46314ec7af669fcc17ce7,466,21171.240566,105.0,copolymer,,,passed,2,"[""mol1"",""mol2""]","[""mol1"",""mol2""]","[194.0579088,353.0899372]","[194.0579088,353.0899372]","[100.0,5.0]","[100.0,5.0]","[0.9523809523809523,0.047619047619047616]","[0.9523809523809523,0.047619047619047616]","[19405.79088,1765.449686]","[""molar_amount_to_mass_by_exact_molecular_weight"",""molar_amount_to_mass_by_exact_molecular_weight""]","[""molar_amount_to_mass_by_exact_molecular_weight"",""molar_amount_to_mass_by_exact_molecular_weight""]",[],[],[],[21171.240566],[1.0],[105.0],[1.0],[],[],[],hierarchical_mole_internal_mass_blend_v1,RDKit.Chem.rdMolDescriptors.CalcExactMolWt,2022.09.5,"[null,null]","[null,null,null,null]",True
lbw,copolymer,,PET-co-PBM10,,O=C([H])C1=CC=C(C(OCCO[H])=O)C=C1,O=C([H])C1=CC=C(C2=NC3=CC=C(C=C3N2)C(OCCO[H])=O)C=C1,,,100.0,,,,10.0,,,,,95.0,3e475ecdf155d437d10ec1f11670a24ed67894d2e95198468964958d96ba0ea7,467,22506.74444928,110.0,copolymer,,,passed,2,"[""mol1"",""mol2""]","[""mol1"",""mol2""]","[194.0579088,310.095356928]","[194.0579088,310.095356928]","[100.0,10.0]","[100.0,10.0]","[0.9090909090909091,0.09090909090909091]","[0.9090909090909091,0.09090909090909091]","[19405.79088,3100.95356928]","[""molar_amount_to_mass_by_exact_molecular_weight"",""molar_amount_to_mass_by_exact_molecular_weight""]","[""molar_amount_to_mass_by_exact_molecular_weight"",""molar_amount_to_mass_by_exact_molecular_weight""]",[],[],[],[22506.74444928],[1.0],[110.0],[1.0],[],[],[],hierarchical_mole_internal_mass_blend_v1,RDKit.Chem.rdMolDescriptors.CalcExactMolWt,2022.09.5,"[null,null]","[null,null,null,null]",True
lbw,copolymer,,PET-co-PBM20,,O=C([H])C1=CC=C(C(OCCO[H])=O)C=C1,O=C([H])C1=CC=C(C2=NC3=CC=C(C=C3N2)C(OCCO[H])=O)C=C1,,,100.0,,,,20.0,,,,,111.0,4f5d74e2b1de574fd4a2f8e3031aca977920590f07af398378bcf5d0c25f1f29,468,25607.69801856,120.0,copolymer,,,passed,2,"[""mol1"",""mol2""]","[""mol1"",""mol2""]","[194.0579088,310.095356928]","[194.0579088,310.095356928]","[100.0,20.0]","[100.0,20.0]","[0.8333333333333334,0.16666666666666666]","[0.8333333333333334,0.16666666666666666]","[19405.79088,6201.90713856]","[""molar_amount_to_mass_by_exact_molecular_weight"",""molar_amount_to_mass_by_exact_molecular_weight""]","[""molar_amount_to_mass_by_exact_molecular_weight"",""molar_amount_to_mass_by_exact_molecular_weight""]",[],[],[],[25607.69801856],[1.0],[120.0],[1.0],[],[],[],hierarchical_mole_internal_mass_blend_v1,RDKit.Chem.rdMolDescriptors.CalcExactMolWt,2022.09.5,"[null,null]","[null,null,null,null]",True
10.1021/ie1006917,copolymer,,PTT,,O=C([H])C1=CC=C(C(OCCCO[H])=O)C=C1,[H]OC(C(CP1(OC2=C(C3=C1C=CC=C3)C=CC=C2)=O)CC(OCCCO[H])=O)=O,,100.0,,,,0.0,,,,,,39.15,c33c19e1ac4d69b333cee0ba67b4cd4030b5ddc6893d88f39fc798092f799d96,469,100.0,0.48059926761459154,homopolymer,,,passed,1,"[""wt1""]","[""wt1""]",[208.073558864],[208.073558864],[0.48059926761459154],[0.48059926761459154],[1.0],[1.0],[100.0],"[""weight_amount_to_moles_by_exact_molecular_weight""]","[""weight_amount_to_moles_by_exact_molecular_weight""]",[2],[],[],[100.0],[1.0],[0.48059926761459154],[1.0],[],[],[],hierarchical_mole_internal_mass_blend_v1,RDKit.Chem.rdMolDescriptors.CalcExactMolWt,2022.09.5,"[null,null]","[null,null,null,null]",True
10.1021/ie1006917,copolymer,,PTTP3,,O=C([H])C1=CC=C(C(OCCCO[H])=O)C=C1,[H]OC(C(CP1(OC2=C(C3=C1C=CC=C3)C=CC=C2)=O)CC(OCCCO[H])=O)=O,,97.0,,,,3.0,,,,,,39.89,2b3ead083ced5fea529d5e3c16d81de37f90448493d11708c03d277dcc5471e1,470,100.0,0.4736051488221059,copolymer,,,passed,2,"[""wt1"",""wt2""]","[""wt1"",""wt2""]","[208.073558864,404.1024896419999]","[208.073558864,404.1024896419999]","[0.4661812895861538,0.007423859235952103]","[0.4661812895861538,0.007423859235952103]","[0.9843247919613715,0.01567520803862846]","[0.9843247919613715,0.01567520803862846]","[97.0,3.0]","[""weight_amount_to_moles_by_exact_molecular_weight"",""weight_amount_to_moles_by_exact_molecular_weight""]","[""weight_amount_to_moles_by_exact_molecular_weight"",""weight_amount_to_moles_by_exact_molecular_weight""]",[],[],[],[100.0],[1.0],[0.4736051488221059],[1.0],[],[],[],hierarchical_mole_internal_mass_blend_v1,RDKit.Chem.rdMolDescriptors.CalcExactMolWt,2022.09.5,"[null,null]","[null,null,null,null]",True
10.1021/ie1006917,copolymer,,PTTP5,,O=C([H])C1=CC=C(C(OCCCO[H])=O)C=C1,[H]OC(C(CP1(OC2=C(C3=C1C=CC=C3)C=CC=C2)=O)CC(OCCCO[H])=O)=O,,95.0,,,,5.0,,,,,,41.94,f316e699d593988fab949c66ee9f9e72f86a7de419fac3520631c7f72863ccb2,471,100.0,0.46894240296044876,copolymer,,,passed,2,"[""wt1"",""wt2""]","[""wt1"",""wt2""]","[208.073558864,404.1024896419999]","[208.073558864,404.1024896419999]","[0.45656930423386194,0.012373098726586838]","[0.45656930423386194,0.012373098726586838]","[0.9736148860745477,0.02638511392545238]","[0.9736148860745477,0.02638511392545238]","[95.0,5.0]","[""weight_amount_to_moles_by_exact_molecular_weight"",""weight_amount_to_moles_by_exact_molecular_weight""]","[""weight_amount_to_moles_by_exact_molecular_weight"",""weight_amount_to_moles_by_exact_molecular_weight""]",[],[],[],[100.0],[1.0],[0.46894240296044876],[1.0],[],[],[],hierarchical_mole_internal_mass_blend_v1,RDKit.Chem.rdMolDescriptors.CalcExactMolWt,2022.09.5,"[null,null]","[null,null,null,null]",True
10.1021/ie1006917,copolymer,,PTTP8,,O=C([H])C1=CC=C(C(OCCCO[H])=O)C=C1,[H]OC(C(CP1(OC2=C(C3=C1C=CC=C3)C=CC=C2)=O)CC(OCCCO[H])=O)=O,,92.0,,,,8.0,,,,,,42.23,53dc94107ffd411c4e0636ad25852395cefa1ff707bc4844f72356015f6be78e,472,100.0,0.46194828416796313,copolymer,,,passed,2,"[""wt1"",""wt2""]","[""wt1"",""wt2""]","[208.073558864,404.1024896419999]","[208.073558864,404.1024896419999]","[0.4421513262054242,0.01979695796253894]","[0.4421513262054242,0.01979695796253894]","[0.9571446444525794,0.042855355547420586]","[0.9571446444525794,0.042855355547420586]","[92.0,8.0]","[""weight_amount_to_moles_by_exact_molecular_weight"",""weight_amount_to_moles_by_exact_molecular_weight""]","[""weight_amount_to_moles_by_exact_molecular_weight"",""weight_amount_to_moles_by_exact_molecular_weight""]",[],[],[],[100.0],[1.0],[0.46194828416796313],[1.0],[],[],[],hierarchical_mole_internal_mass_blend_v1,RDKit.Chem.rdMolDescriptors.CalcExactMolWt,2022.09.5,"[null,null]","[null,null,null,null]",True
10.1021/ie1006917,copolymer,,PTTP10,,O=C([H])C1=CC=C(C(OCCCO[H])=O)C=C1,[H]OC(C(CP1(OC2=C(C3=C1C=CC=C3)C=CC=C2)=O)CC(OCCCO[H])=O)=O,,90.0,,,,10.0,,,,,,46.78,939c3d618daa9674cf617c09dc8d7be24002c9cca2c409adb7c307bfbf622b53,473,100.0,0.4572855383063061,copolymer,,,passed,2,"[""wt1"",""wt2""]","[""wt1"",""wt2""]","[208.073558864,404.1024896419999]","[208.073558864,404.1024896419999]","[0.4325393408531324,0.024746197453173677]","[0.4325393408531324,0.024746197453173677]","[0.9458845833069013,0.05411541669309865]","[0.9458845833069013,0.05411541669309865]","[90.0,10.0]","[""weight_amount_to_moles_by_exact_molecular_weight"",""weight_amount_to_moles_by_exact_molecular_weight""]","[""weight_amount_to_moles_by_exact_molecular_weight"",""weight_amount_to_moles_by_exact_molecular_weight""]",[],[],[],[100.0],[1.0],[0.4572855383063061],[1.0],[],[],[],hierarchical_mole_internal_mass_blend_v1,RDKit.Chem.rdMolDescriptors.CalcExactMolWt,2022.09.5,"[null,null]","[null,null,null,null]",True
lbw,copolymer,,PET-co-PBM5,,O=C([H])C1=CC=C(C(OCCO[H])=O)C=C1,O=C([H])C1=CC=C(C2=NC3=CC=C(C=C3N2)C(OCCO[H])=O)C=C1,,,100.0,,,,5.0,,,,,89.0,767b80917ed630e21c39333ce2ff6177e1747903214057ba692f0c920072b9dc,474,20956.26766464,105.0,copolymer,,,passed,2,"[""mol1"",""mol2""]","[""mol1"",""mol2""]","[194.0579088,310.095356928]","[194.0579088,310.095356928]","[100.0,5.0]","[100.0,5.0]","[0.9523809523809523,0.047619047619047616]","[0.9523809523809523,0.047619047619047616]","[19405.79088,1550.47678464]","[""molar_amount_to_mass_by_exact_molecular_weight"",""molar_amount_to_mass_by_exact_molecular_weight""]","[""molar_amount_to_mass_by_exact_molecular_weight"",""molar_amount_to_mass_by_exact_molecular_weight""]",[],[],[],[20956.26766464],[1.0],[105.0],[1.0],[],[],[],hierarchical_mole_internal_mass_blend_v1,RDKit.Chem.rdMolDescriptors.CalcExactMolWt,2022.09.5,"[null,null]","[null,null,null,null]",True
lbw,copolymer,,PET-co-pDHPI10,,O=C(C1=CC=C(C(OCCO[H])=O)C=C1)[H],O=C(C1=C2C=C(C3=C1)C(N(C3=O)C4=C(C=C(C=C4)C([H])=O)O)=O)N(C2=O)C5=C(C=C(C=C5)C(OCCO[H])=O)O,,,100.0,,,,10.0,,,,,73.4,c35cd249493a9935c3923e126325bc1d11b75f37d7bc7317d0ea77a45b780f76,475,24566.59582712,110.0,copolymer,,,passed,2,"[""mol1"",""mol2""]","[""mol1"",""mol2""]","[194.0579088,516.0804947119999]","[194.0579088,516.0804947119999]","[100.0,10.0]","[100.0,10.0]","[0.9090909090909091,0.09090909090909091]","[0.9090909090909091,0.09090909090909091]","[19405.79088,5160.804947119999]","[""molar_amount_to_mass_by_exact_molecular_weight"",""molar_amount_to_mass_by_exact_molecular_weight""]","[""molar_amount_to_mass_by_exact_molecular_weight"",""molar_amount_to_mass_by_exact_molecular_weight""]",[],[],[],[24566.59582712],[1.0],[110.0],[1.0],[],[],[],hierarchical_mole_internal_mass_blend_v1,RDKit.Chem.rdMolDescriptors.CalcExactMolWt,2022.09.5,"[null,null]","[null,null,null,null]",True
lbw,copolymer,,PET-co-pDHPI2.5,,O=C(C1=CC=C(C(OCCO[H])=O)C=C1)[H],O=C(C1=C2C=C(C3=C1)C(N(C3=O)C4=C(C=C(C=C4)C([H])=O)O)=O)N(C2=O)C5=C(C=C(C=C5)C(OCCO[H])=O)O,,,100.0,,,,2.5,,,,,76.2,fbabf794eb82d5bd0eeb4ec5184c31d33bc019fcf683ad94045e58fc89682c24,476,20695.99211678,102.5,copolymer,,,passed,2,"[""mol1"",""mol2""]","[""mol1"",""mol2""]","[194.0579088,516.0804947119999]","[194.0579088,516.0804947119999]","[100.0,2.5]","[100.0,2.5]","[0.975609756097561,0.024390243902439025]","[0.975609756097561,0.024390243902439025]","[19405.79088,1290.2012367799998]","[""molar_amount_to_mass_by_exact_molecular_weight"",""molar_amount_to_mass_by_exact_molecular_weight""]","[""molar_amount_to_mass_by_exact_molecular_weight"",""molar_amount_to_mass_by_exact_molecular_weight""]",[],[],[],[20695.99211678],[1.0],[102.5],[1.0],[],[],[],hierarchical_mole_internal_mass_blend_v1,RDKit.Chem.rdMolDescriptors.CalcExactMolWt,2022.09.5,"[null,null]","[null,null,null,null]",True
lbw,copolymer,,PET-co-pDHPI5,,O=C(C1=CC=C(C(OCCO[H])=O)C=C1)[H],O=C(C1=C2C=C(C3=C1)C(N(C3=O)C4=C(C=C(C=C4)C([H])=O)O)=O)N(C2=O)C5=C(C=C(C=C5)C(OCCO[H])=O)O,,,100.0,,,,5.0,,,,,68.1,2220d2d93984974e9cd77108cb61dfd4e57fa172dbc8bf2ae24fc48c0b2dcb93,477,21986.19335356,105.0,copolymer,,,passed,2,"[""mol1"",""mol2""]","[""mol1"",""mol2""]","[194.0579088,516.0804947119999]","[194.0579088,516.0804947119999]","[100.0,5.0]","[100.0,5.0]","[0.9523809523809523,0.047619047619047616]","[0.9523809523809523,0.047619047619047616]","[19405.79088,2580.4024735599996]","[""molar_amount_to_mass_by_exact_molecular_weight"",""molar_amount_to_mass_by_exact_molecular_weight""]","[""molar_amount_to_mass_by_exact_molecular_weight"",""molar_amount_to_mass_by_exact_molecular_weight""]",[],[],[],[21986.19335356],[1.0],[105.0],[1.0],[],[],[],hierarchical_mole_internal_mass_blend_v1,RDKit.Chem.rdMolDescriptors.CalcExactMolWt,2022.09.5,"[null,null]","[null,null,null,null]",True
lbw,copolymer,,PET-co-pDHPI7.5,,O=C(C1=CC=C(C(OCCO[H])=O)C=C1)[H],O=C(C1=C2C=C(C3=C1)C(N(C3=O)C4=C(C=C(C=C4)C([H])=O)O)=O)N(C2=O)C5=C(C=C(C=C5)C(OCCO[H])=O)O,,,100.0,,,,7.5,,,,,67.3,cef05e95f8031e91d6a5166f17843026ab5a7f0120907c1aaabe036bcdd0eacd,478,23276.39459034,107.5,copolymer,,,passed,2,"[""mol1"",""mol2""]","[""mol1"",""mol2""]","[194.0579088,516.0804947119999]","[194.0579088,516.0804947119999]","[100.0,7.5]","[100.0,7.5]","[0.9302325581395349,0.06976744186046512]","[0.9302325581395349,0.06976744186046512]","[19405.79088,3870.6037103399995]","[""molar_amount_to_mass_by_exact_molecular_weight"",""molar_amount_to_mass_by_exact_molecular_weight""]","[""molar_amount_to_mass_by_exact_molecular_weight"",""molar_amount_to_mass_by_exact_molecular_weight""]",[],[],[],[23276.39459034],[1.0],[107.5],[1.0],[],[],[],hierarchical_mole_internal_mass_blend_v1,RDKit.Chem.rdMolDescriptors.CalcExactMolWt,2022.09.5,"[null,null]","[null,null,null,null]",True
lbw,copolymer,,PET-co-pHPI10,,O=C(C1=CC=C(C(OCCO[H])=O)C=C1)[H],O=C(N1C2=CC=C(C(OCCO[H])=O)C=C2O)C3=CC(C([H])=O)=CC=C3C1=O,,,100.0,,,,10.0,,,,,83.3,360a43a4abc1520f932bb99a9ec65d630caabaa74c9e8c6c8c673b6d524c36b3,479,22956.48289756,110.0,copolymer,,,passed,2,"[""mol1"",""mol2""]","[""mol1"",""mol2""]","[194.0579088,355.069201756]","[194.0579088,355.069201756]","[100.0,10.0]","[100.0,10.0]","[0.9090909090909091,0.09090909090909091]","[0.9090909090909091,0.09090909090909091]","[19405.79088,3550.69201756]","[""molar_amount_to_mass_by_exact_molecular_weight"",""molar_amount_to_mass_by_exact_molecular_weight""]","[""molar_amount_to_mass_by_exact_molecular_weight"",""molar_amount_to_mass_by_exact_molecular_weight""]",[],[],[],[22956.48289756],[1.0],[110.0],[1.0],[],[],[],hierarchical_mole_internal_mass_blend_v1,RDKit.Chem.rdMolDescriptors.CalcExactMolWt,2022.09.5,"[null,null]","[null,null,null,null]",True
lbw,copolymer,,PET-co-pHPI15,,O=C(C1=CC=C(C(OCCO[H])=O)C=C1)[H],O=C(N1C2=CC=C(C(OCCO[H])=O)C=C2O)C3=CC(C([H])=O)=CC=C3C1=O,,,100.0,,,,15.0,,,,,84.4,113601a76b4a43916c8be4ef3b20779b9faac88c776c4cb224b38d684b1c5fe9,480,24731.82890634,115.0,copolymer,,,passed,2,"[""mol1"",""mol2""]","[""mol1"",""mol2""]","[194.0579088,355.069201756]","[194.0579088,355.069201756]","[100.0,15.0]","[100.0,15.0]","[0.8695652173913043,0.13043478260869565]","[0.8695652173913043,0.13043478260869565]","[19405.79088,5326.03802634]","[""molar_amount_to_mass_by_exact_molecular_weight"",""molar_amount_to_mass_by_exact_molecular_weight""]","[""molar_amount_to_mass_by_exact_molecular_weight"",""molar_amount_to_mass_by_exact_molecular_weight""]",[],[],[],[24731.82890634],[1.0],[115.0],[1.0],[],[],[],hierarchical_mole_internal_mass_blend_v1,RDKit.Chem.rdMolDescriptors.CalcExactMolWt,2022.09.5,"[null,null]","[null,null,null,null]",True
lbw,copolymer,,PET-co-pHPI20,,O=C(C1=CC=C(C(OCCO[H])=O)C=C1)[H],O=C(N1C2=CC=C(C(OCCO[H])=O)C=C2O)C3=CC(C([H])=O)=CC=C3C1=O,,,100.0,,,,20.0,,,,,89.8,de481c7cd31e7fc32ecedde6b25175ef5658204083168f393a8326164ea95584,481,26507.17491512,120.0,copolymer,,,passed,2,"[""mol1"",""mol2""]","[""mol1"",""mol2""]","[194.0579088,355.069201756]","[194.0579088,355.069201756]","[100.0,20.0]","[100.0,20.0]","[0.8333333333333334,0.16666666666666666]","[0.8333333333333334,0.16666666666666666]","[19405.79088,7101.38403512]","[""molar_amount_to_mass_by_exact_molecular_weight"",""molar_amount_to_mass_by_exact_molecular_weight""]","[""molar_amount_to_mass_by_exact_molecular_weight"",""molar_amount_to_mass_by_exact_molecular_weight""]",[],[],[],[26507.17491512],[1.0],[120.0],[1.0],[],[],[],hierarchical_mole_internal_mass_blend_v1,RDKit.Chem.rdMolDescriptors.CalcExactMolWt,2022.09.5,"[null,null]","[null,null,null,null]",True
lbw,copolymer,,PET-co-pHPI5,,O=C(C1=CC=C(C(OCCO[H])=O)C=C1)[H],O=C(N1C2=CC=C(C(OCCO[H])=O)C=C2O)C3=CC(C([H])=O)=CC=C3C1=O,,,100.0,,,,5.0,,,,,79.7,2f7c0dcdd9c06b1982c8adcecd0ffb5f94b3fa8fedb657ec050d82c16f9c659c,482,21181.13688878,105.0,copolymer,,,passed,2,"[""mol1"",""mol2""]","[""mol1"",""mol2""]","[194.0579088,355.069201756]","[194.0579088,355.069201756]","[100.0,5.0]","[100.0,5.0]","[0.9523809523809523,0.047619047619047616]","[0.9523809523809523,0.047619047619047616]","[19405.79088,1775.34600878]","[""molar_amount_to_mass_by_exact_molecular_weight"",""molar_amount_to_mass_by_exact_molecular_weight""]","[""molar_amount_to_mass_by_exact_molecular_weight"",""molar_amount_to_mass_by_exact_molecular_weight""]",[],[],[],[21181.13688878],[1.0],[105.0],[1.0],[],[],[],hierarchical_mole_internal_mass_blend_v1,RDKit.Chem.rdMolDescriptors.CalcExactMolWt,2022.09.5,"[null,null]","[null,null,null,null]",True
10.1016/S0141-3910(01)00184-7,copolymer,,PMMA/DEMMP10,,CC(C(OC)=O)([H])C[H],CC(C(OCP(OCC)(OCC)=O)=O)([H])C[H],,,90.0,,,,10.0,,,,,117.0,0d157ba5213192404f43876673ff5ee5ad9d73b6a0c89c5ff5cf47794da136e3,483,11567.09726378,100.0,copolymer,,,passed,2,"[""mol1"",""mol2""]","[""mol1"",""mol2""]","[102.06807956,238.09701033800002]","[102.06807956,238.09701033800002]","[90.0,10.0]","[90.0,10.0]","[0.9,0.1]","[0.9,0.1]","[9186.1271604,2380.97010338]","[""molar_amount_to_mass_by_exact_molecular_weight"",""molar_amount_to_mass_by_exact_molecular_weight""]","[""molar_amount_to_mass_by_exact_molecular_weight"",""molar_amount_to_mass_by_exact_molecular_weight""]",[],[],[],[11567.09726378],[1.0],[100.0],[1.0],[],[],[],hierarchical_mole_internal_mass_blend_v1,RDKit.Chem.rdMolDescriptors.CalcExactMolWt,2022.09.5,"[null,null]","[null,null,null,null]",True
lbw,copolymer,,PET-co-PI10,,O=C([H])C1=CC=C(C(OCCO[H])=O)C=C1,O=C(C1=CC(C(OCCO[H])=O)=CC=C1C2=O)N2C3=CC(C([H])=O)=CC=C3,,,100.0,,,,10.0,,,,,87.5,a73bf3927bebb80ad2287cedb0070e43cb9a603d30dc01c5302c5ca64bed1af3,484,22796.533751360002,110.0,copolymer,,,passed,2,"[""mol1"",""mol2""]","[""mol1"",""mol2""]","[194.0579088,339.074287136]","[194.0579088,339.074287136]","[100.0,10.0]","[100.0,10.0]","[0.9090909090909091,0.09090909090909091]","[0.9090909090909091,0.09090909090909091]","[19405.79088,3390.74287136]","[""molar_amount_to_mass_by_exact_molecular_weight"",""molar_amount_to_mass_by_exact_molecular_weight""]","[""molar_amount_to_mass_by_exact_molecular_weight"",""molar_amount_to_mass_by_exact_molecular_weight""]",[],[],[],[22796.533751360002],[1.0],[110.0],[1.0],[],[],[],hierarchical_mole_internal_mass_blend_v1,RDKit.Chem.rdMolDescriptors.CalcExactMolWt,2022.09.5,"[null,null]","[null,null,null,null]",True
lbw,copolymer,,PET-co-PI15,,O=C([H])C1=CC=C(C(OCCO[H])=O)C=C1,O=C(C1=CC(C(OCCO[H])=O)=CC=C1C2=O)N2C3=CC(C([H])=O)=CC=C3,,,100.0,,,,15.0,,,,,91.6,126987e8672756256f68f384bfb6ff848e118e17c6a532d698b9a4c8247c6138,485,24491.90518704,115.0,copolymer,,,passed,2,"[""mol1"",""mol2""]","[""mol1"",""mol2""]","[194.0579088,339.074287136]","[194.0579088,339.074287136]","[100.0,15.0]","[100.0,15.0]","[0.8695652173913043,0.13043478260869565]","[0.8695652173913043,0.13043478260869565]","[19405.79088,5086.11430704]","[""molar_amount_to_mass_by_exact_molecular_weight"",""molar_amount_to_mass_by_exact_molecular_weight""]","[""molar_amount_to_mass_by_exact_molecular_weight"",""molar_amount_to_mass_by_exact_molecular_weight""]",[],[],[],[24491.90518704],[1.0],[115.0],[1.0],[],[],[],hierarchical_mole_internal_mass_blend_v1,RDKit.Chem.rdMolDescriptors.CalcExactMolWt,2022.09.5,"[null,null]","[null,null,null,null]",True
lbw,copolymer,,PET-co-PI20,,O=C([H])C1=CC=C(C(OCCO[H])=O)C=C1,O=C(C1=CC(C(OCCO[H])=O)=CC=C1C2=O)N2C3=CC(C([H])=O)=CC=C3,,,100.0,,,,20.0,,,,,94.6,8cc6a5190031a483e0ed8e2027b128dcb97c5a794a95b1eac141fa0bfe185b4c,486,26187.27662272,120.0,copolymer,,,passed,2,"[""mol1"",""mol2""]","[""mol1"",""mol2""]","[194.0579088,339.074287136]","[194.0579088,339.074287136]","[100.0,20.0]","[100.0,20.0]","[0.8333333333333334,0.16666666666666666]","[0.8333333333333334,0.16666666666666666]","[19405.79088,6781.48574272]","[""molar_amount_to_mass_by_exact_molecular_weight"",""molar_amount_to_mass_by_exact_molecular_weight""]","[""molar_amount_to_mass_by_exact_molecular_weight"",""molar_amount_to_mass_by_exact_molecular_weight""]",[],[],[],[26187.27662272],[1.0],[120.0],[1.0],[],[],[],hierarchical_mole_internal_mass_blend_v1,RDKit.Chem.rdMolDescriptors.CalcExactMolWt,2022.09.5,"[null,null]","[null,null,null,null]",True
lbw,copolymer,,PET-co-PI5,,O=C([H])C1=CC=C(C(OCCO[H])=O)C=C1,O=C(C1=CC(C(OCCO[H])=O)=CC=C1C2=O)N2C3=CC(C([H])=O)=CC=C3,,,100.0,,,,5.0,,,,,85.6,065d8acf2333c5736c1ce6948c4bd2b08c927e4da29742cba79bf77d19050363,487,21101.16231568,105.0,copolymer,,,passed,2,"[""mol1"",""mol2""]","[""mol1"",""mol2""]","[194.0579088,339.074287136]","[194.0579088,339.074287136]","[100.0,5.0]","[100.0,5.0]","[0.9523809523809523,0.047619047619047616]","[0.9523809523809523,0.047619047619047616]","[19405.79088,1695.37143568]","[""molar_amount_to_mass_by_exact_molecular_weight"",""molar_amount_to_mass_by_exact_molecular_weight""]","[""molar_amount_to_mass_by_exact_molecular_weight"",""molar_amount_to_mass_by_exact_molecular_weight""]",[],[],[],[21101.16231568],[1.0],[105.0],[1.0],[],[],[],hierarchical_mole_internal_mass_blend_v1,RDKit.Chem.rdMolDescriptors.CalcExactMolWt,2022.09.5,"[null,null]","[null,null,null,null]",True
wws,copolymer,,PET-co-PK0.5,,O=C([H])C1=CC=C(C(OCCO[H])=O)C=C1,O=P(C1=CC(C([H])=O)=CC(C(OCCO[H])=O)=C1)([O-])[O-].[K+].[K+],,,100.0,,,,0.5,,,,,83.0,3bc3983eb219cda57a27f61c978f601f73ad2b989ba7583b6324888c7ab2f429,488,19580.758881309,100.5,copolymer,,,passed,2,"[""mol1"",""mol2""]","[""mol1"",""mol2""]","[194.0579088,349.93600261800003]","[194.0579088,349.93600261800003]","[100.0,0.5]","[100.0,0.5]","[0.9950248756218906,0.004975124378109453]","[0.9950248756218906,0.004975124378109453]","[19405.79088,174.96800130900002]","[""molar_amount_to_mass_by_exact_molecular_weight"",""molar_amount_to_mass_by_exact_molecular_weight""]","[""molar_amount_to_mass_by_exact_molecular_weight"",""molar_amount_to_mass_by_exact_molecular_weight""]",[],[],[],[19580.758881309],[1.0],[100.5],[1.0],[],[],[],hierarchical_mole_internal_mass_blend_v1,RDKit.Chem.rdMolDescriptors.CalcExactMolWt,2022.09.5,"[null,null]","[null,null,null,null]",True
wws,copolymer,,PET-co-PK1,,O=C([H])C1=CC=C(C(OCCO[H])=O)C=C1,O=P(C1=CC(C([H])=O)=CC(C(OCCO[H])=O)=C1)([O-])[O-].[K+].[K+],,,100.0,,,,1.0,,,,,87.0,3bfc8bb9fac2791ffd541b7c48d4532fe0d99d2e598c964c745e236bb9ea966c,489,19755.726882618,101.0,copolymer,,,passed,2,"[""mol1"",""mol2""]","[""mol1"",""mol2""]","[194.0579088,349.93600261800003]","[194.0579088,349.93600261800003]","[100.0,1.0]","[100.0,1.0]","[0.9900990099009901,0.009900990099009901]","[0.9900990099009901,0.009900990099009901]","[19405.79088,349.93600261800003]","[""molar_amount_to_mass_by_exact_molecular_weight"",""molar_amount_to_mass_by_exact_molecular_weight""]","[""molar_amount_to_mass_by_exact_molecular_weight"",""molar_amount_to_mass_by_exact_molecular_weight""]",[],[],[],[19755.726882618],[1.0],[101.0],[1.0],[],[],[],hierarchical_mole_internal_mass_blend_v1,RDKit.Chem.rdMolDescriptors.CalcExactMolWt,2022.09.5,"[null,null]","[null,null,null,null]",True
wws,copolymer,,PET-co-PK2,,O=C([H])C1=CC=C(C(OCCO[H])=O)C=C1,O=P(C1=CC(C([H])=O)=CC(C(OCCO[H])=O)=C1)([O-])[O-].[K+].[K+],,,100.0,,,,2.0,,,,,88.0,98f62397106191dfa607cb9c5ed778bb622b097713c34ad2892e50d589f6446f,490,20105.662885236,102.0,copolymer,,,passed,2,"[""mol1"",""mol2""]","[""mol1"",""mol2""]","[194.0579088,349.93600261800003]","[194.0579088,349.93600261800003]","[100.0,2.0]","[100.0,2.0]","[0.9803921568627451,0.0196078431372549]","[0.9803921568627451,0.0196078431372549]","[19405.79088,699.8720052360001]","[""molar_amount_to_mass_by_exact_molecular_weight"",""molar_amount_to_mass_by_exact_molecular_weight""]","[""molar_amount_to_mass_by_exact_molecular_weight"",""molar_amount_to_mass_by_exact_molecular_weight""]",[],[],[],[20105.662885236],[1.0],[102.0],[1.0],[],[],[],hierarchical_mole_internal_mass_blend_v1,RDKit.Chem.rdMolDescriptors.CalcExactMolWt,2022.09.5,"[null,null]","[null,null,null,null]",True
wws,copolymer,,PETI2-K,,O=C([H])C1=CC=C(C(OCCO[H])=O)C=C1,O=C([H])C1=CC2=C(NC(C3=CC(S(=O)([O-])=O)=CC(C4=NC5=C(N4)C=CC(C(OCCO[H])=O)=C5)=C3)=N2)C=C1.[K+],,,100.0,,,,2.0,,,,,80.0,1bde35d7f609e1b76c98b72339d2cfd6f7e6b0907719e7b83fa6c05e9e4febf3,491,20493.881883128,102.0,copolymer,,,passed,2,"[""mol1"",""mol2""]","[""mol1"",""mol2""]","[194.0579088,544.0455015640001]","[194.0579088,544.0455015640001]","[100.0,2.0]","[100.0,2.0]","[0.9803921568627451,0.0196078431372549]","[0.9803921568627451,0.0196078431372549]","[19405.79088,1088.0910031280002]","[""molar_amount_to_mass_by_exact_molecular_weight"",""molar_amount_to_mass_by_exact_molecular_weight""]","[""molar_amount_to_mass_by_exact_molecular_weight"",""molar_amount_to_mass_by_exact_molecular_weight""]",[],[],[],[20493.881883128],[1.0],[102.0],[1.0],[],[],[],hierarchical_mole_internal_mass_blend_v1,RDKit.Chem.rdMolDescriptors.CalcExactMolWt,2022.09.5,"[null,null]","[null,null,null,null]",True
wws,copolymer,,PETI3-Na,,O=C([H])C1=CC=C(C(OCCO[H])=O)C=C1,O=C([H])C1=CC2=C(NC(C3=CC(S(=O)([O-])=O)=CC(C4=NC5=C(N4)C=CC(C(OCCO[H])=O)=C5)=C3)=N2)C=C1.[Na+],,,100.0,,,,3.0,,,,,80.0,6d2547d0893d6c46796b5ab4f3532f16c52e7944b26319e26c370e0870bcf08b,492,20990.005572492002,103.0,copolymer,,,passed,2,"[""mol1"",""mol2""]","[""mol1"",""mol2""]","[194.0579088,528.071564164]","[194.0579088,528.071564164]","[100.0,3.0]","[100.0,3.0]","[0.970873786407767,0.02912621359223301]","[0.970873786407767,0.02912621359223301]","[19405.79088,1584.2146924920003]","[""molar_amount_to_mass_by_exact_molecular_weight"",""molar_amount_to_mass_by_exact_molecular_weight""]","[""molar_amount_to_mass_by_exact_molecular_weight"",""molar_amount_to_mass_by_exact_molecular_weight""]",[],[],[],[20990.005572492002],[1.0],[103.0],[1.0],[],[],[],hierarchical_mole_internal_mass_blend_v1,RDKit.Chem.rdMolDescriptors.CalcExactMolWt,2022.09.5,"[null,null]","[null,null,null,null]",True
wws,copolymer,,PETI4-K,,O=C([H])C1=CC=C(C(OCCO[H])=O)C=C1,O=C([H])C1=CC2=C(NC(C3=CC(S(=O)([O-])=O)=CC(C4=NC5=C(N4)C=CC(C(OCCO[H])=O)=C5)=C3)=N2)C=C1.[K+],,,100.0,,,,4.0,,,,,85.0,b66c1ee13054cb82cd81357c46546bd51e8f342c8e326e8d49e99934771f4f39,493,21581.972886256,104.0,copolymer,,,passed,2,"[""mol1"",""mol2""]","[""mol1"",""mol2""]","[194.0579088,544.0455015640001]","[194.0579088,544.0455015640001]","[100.0,4.0]","[100.0,4.0]","[0.9615384615384616,0.038461538461538464]","[0.9615384615384616,0.038461538461538464]","[19405.79088,2176.1820062560005]","[""molar_amount_to_mass_by_exact_molecular_weight"",""molar_amount_to_mass_by_exact_molecular_weight""]","[""molar_amount_to_mass_by_exact_molecular_weight"",""molar_amount_to_mass_by_exact_molecular_weight""]",[],[],[],[21581.972886256],[1.0],[104.0],[1.0],[],[],[],hierarchical_mole_internal_mass_blend_v1,RDKit.Chem.rdMolDescriptors.CalcExactMolWt,2022.09.5,"[null,null]","[null,null,null,null]",True
wws,copolymer,,PETI5-Na,,O=C([H])C1=CC=C(C(OCCO[H])=O)C=C1,O=C([H])C1=CC2=C(NC(C3=CC(S(=O)([O-])=O)=CC(C4=NC5=C(N4)C=CC(C(OCCO[H])=O)=C5)=C3)=N2)C=C1.[Na+],,,100.0,,,,5.0,,,,,87.0,2f7e89dd93be9abb0819d159fa862f1e2c78dc2d97c9da51f6dac0b7efea9978,494,22046.148700820002,105.0,copolymer,,,passed,2,"[""mol1"",""mol2""]","[""mol1"",""mol2""]","[194.0579088,528.071564164]","[194.0579088,528.071564164]","[100.0,5.0]","[100.0,5.0]","[0.9523809523809523,0.047619047619047616]","[0.9523809523809523,0.047619047619047616]","[19405.79088,2640.35782082]","[""molar_amount_to_mass_by_exact_molecular_weight"",""molar_amount_to_mass_by_exact_molecular_weight""]","[""molar_amount_to_mass_by_exact_molecular_weight"",""molar_amount_to_mass_by_exact_molecular_weight""]",[],[],[],[22046.148700820002],[1.0],[105.0],[1.0],[],[],[],hierarchical_mole_internal_mass_blend_v1,RDKit.Chem.rdMolDescriptors.CalcExactMolWt,2022.09.5,"[null,null]","[null,null,null,null]",True
wws,copolymer,,PETI6-K,,O=C([H])C1=CC=C(C(OCCO[H])=O)C=C1,O=C([H])C1=CC2=C(NC(C3=CC(S(=O)([O-])=O)=CC(C4=NC5=C(N4)C=CC(C(OCCO[H])=O)=C5)=C3)=N2)C=C1.[K+],,,100.0,,,,6.0,,,,,87.0,7a91bf00c9bd62ee5625c1530634dc88c419cea750f987b50ba760924b927f73,495,22670.063889384,106.0,copolymer,,,passed,2,"[""mol1"",""mol2""]","[""mol1"",""mol2""]","[194.0579088,544.0455015640001]","[194.0579088,544.0455015640001]","[100.0,6.0]","[100.0,6.0]","[0.9433962264150944,0.05660377358490566]","[0.9433962264150944,0.05660377358490566]","[19405.79088,3264.273009384001]","[""molar_amount_to_mass_by_exact_molecular_weight"",""molar_amount_to_mass_by_exact_molecular_weight""]","[""molar_amount_to_mass_by_exact_molecular_weight"",""molar_amount_to_mass_by_exact_molecular_weight""]",[],[],[],[22670.063889384],[1.0],[106.0],[1.0],[],[],[],hierarchical_mole_internal_mass_blend_v1,RDKit.Chem.rdMolDescriptors.CalcExactMolWt,2022.09.5,"[null,null]","[null,null,null,null]",True
wws,copolymer,,PETI8-Na,,O=C([H])C1=CC=C(C(OCCO[H])=O)C=C1,O=C([H])C1=CC2=C(NC(C3=CC(S(=O)([O-])=O)=CC(C4=NC5=C(N4)C=CC(C(OCCO[H])=O)=C5)=C3)=N2)C=C1.[Na+],,,100.0,,,,8.0,,,,,88.0,ab75cd05ec1fe3eeff301771856b8ea61853a0fd579a73a5b099400a526192c4,496,23630.363393312,108.0,copolymer,,,passed,2,"[""mol1"",""mol2""]","[""mol1"",""mol2""]","[194.0579088,528.071564164]","[194.0579088,528.071564164]","[100.0,8.0]","[100.0,8.0]","[0.9259259259259259,0.07407407407407407]","[0.9259259259259259,0.07407407407407407]","[19405.79088,4224.572513312]","[""molar_amount_to_mass_by_exact_molecular_weight"",""molar_amount_to_mass_by_exact_molecular_weight""]","[""molar_amount_to_mass_by_exact_molecular_weight"",""molar_amount_to_mass_by_exact_molecular_weight""]",[],[],[],[23630.363393312],[1.0],[108.0],[1.0],[],[],[],hierarchical_mole_internal_mass_blend_v1,RDKit.Chem.rdMolDescriptors.CalcExactMolWt,2022.09.5,"[null,null]","[null,null,null,null]",True
zhb,copolymer,,P(ET-co-P)5,,O=C([H])C1=CC=C(C(OCCO[H])=O)C=C1,O=C(C1=CC=C(C#CC2=CC=CC=C2)C=C1C(OCCO[H])=O)[H],,,100.0,,,,5.0,,,,,77.5,48f234caea300e63cb46f0be8d699b678c2d25c02460a9deca8bcff247ac74b7,497,20876.23692464,105.0,copolymer,,,passed,2,"[""mol1"",""mol2""]","[""mol1"",""mol2""]","[194.0579088,294.08920892799995]","[194.0579088,294.08920892799995]","[100.0,5.0]","[100.0,5.0]","[0.9523809523809523,0.047619047619047616]","[0.9523809523809523,0.047619047619047616]","[19405.79088,1470.4460446399999]","[""molar_amount_to_mass_by_exact_molecular_weight"",""molar_amount_to_mass_by_exact_molecular_weight""]","[""molar_amount_to_mass_by_exact_molecular_weight"",""molar_amount_to_mass_by_exact_molecular_weight""]",[],[],[],[20876.23692464],[1.0],[105.0],[1.0],[],[],[],hierarchical_mole_internal_mass_blend_v1,RDKit.Chem.rdMolDescriptors.CalcExactMolWt,2022.09.5,"[null,null]","[null,null,null,null]",True
10.1016/j.polymdegradstab.2018.05.010,copolymer,,PHF,,O=C([H])CCP(OCCCCCCO[H])(C1=CC=CC=C1)=O,O=C([H])C1=CC=C(O1)C(OCCCCCCO[H])=O,,,100.0,,,,0.0,,,,,14.0,8dd864591d2863d7e26eb013dfffe2a6b3c1a3cc276d66f369fc2ec0f137eaa6,498,29813.3395846,100.0,homopolymer,,,passed,1,"[""mol1""]","[""mol1""]",[298.133395846],[298.133395846],[100.0],[100.0],[1.0],[1.0],[29813.3395846],"[""molar_amount_to_mass_by_exact_molecular_weight""]","[""molar_amount_to_mass_by_exact_molecular_weight""]",[2],[],[],[29813.3395846],[1.0],[100.0],[1.0],[],[],[],hierarchical_mole_internal_mass_blend_v1,RDKit.Chem.rdMolDescriptors.CalcExactMolWt,2022.09.5,"[null,null]","[null,null,null,null]",True
10.1016/j.polymdegradstab.2018.05.010,copolymer,,PHFC10,,O=C([H])CCP(OCCCCCCO[H])(C1=CC=CC=C1)=O,O=C([H])C1=CC=C(O1)C(OCCCCCCO[H])=O,,,100.0,,,,10.0,,,,,4.9,7b507c3656146a3ea8a63bfd93d8129fc6d658bce15366bfef4a5a84de2d8a38,499,32214.33732072,110.0,copolymer,,,passed,2,"[""mol1"",""mol2""]","[""mol1"",""mol2""]","[298.133395846,240.099773612]","[298.133395846,240.099773612]","[100.0,10.0]","[100.0,10.0]","[0.9090909090909091,0.09090909090909091]","[0.9090909090909091,0.09090909090909091]","[29813.3395846,2400.99773612]","[""molar_amount_to_mass_by_exact_molecular_weight"",""molar_amount_to_mass_by_exact_molecular_weight""]","[""molar_amount_to_mass_by_exact_molecular_weight"",""molar_amount_to_mass_by_exact_molecular_weight""]",[],[],[],[32214.33732072],[1.0],[110.0],[1.0],[],[],[],hierarchical_mole_internal_mass_blend_v1,RDKit.Chem.rdMolDescriptors.CalcExactMolWt,2022.09.5,"[null,null]","[null,null,null,null]",True
10.1016/j.polymdegradstab.2018.05.010,copolymer,,PHFC2.5,,O=C([H])CCP(OCCCCCCO[H])(C1=CC=CC=C1)=O,O=C([H])C1=CC=C(O1)C(OCCCCCCO[H])=O,,,100.0,,,,2.5,,,,,8.6,e60b2b3405ef55308c998c9ba269e2ed6f93abd31f67e2294cc807f8bbfdb8e6,500,30413.58901863,102.5,copolymer,,,passed,2,"[""mol1"",""mol2""]","[""mol1"",""mol2""]","[298.133395846,240.099773612]","[298.133395846,240.099773612]","[100.0,2.5]","[100.0,2.5]","[0.975609756097561,0.024390243902439025]","[0.975609756097561,0.024390243902439025]","[29813.3395846,600.24943403]","[""molar_amount_to_mass_by_exact_molecular_weight"",""molar_amount_to_mass_by_exact_molecular_weight""]","[""molar_amount_to_mass_by_exact_molecular_weight"",""molar_amount_to_mass_by_exact_molecular_weight""]",[],[],[],[30413.58901863],[1.0],[102.5],[1.0],[],[],[],hierarchical_mole_internal_mass_blend_v1,RDKit.Chem.rdMolDescriptors.CalcExactMolWt,2022.09.5,"[null,null]","[null,null,null,null]",True
10.1016/j.polymdegradstab.2018.05.010,copolymer,,PHFC5,,O=C([H])CCP(OCCCCCCO[H])(C1=CC=CC=C1)=O,O=C([H])C1=CC=C(O1)C(OCCCCCCO[H])=O,,,100.0,,,,5.0,,,,,7.8,c4838553a23ae8ef1b9d9bf0915a965161ff0d644ef2be21fc154ac8468b5d45,501,31013.83845266,105.0,copolymer,,,passed,2,"[""mol1"",""mol2""]","[""mol1"",""mol2""]","[298.133395846,240.099773612]","[298.133395846,240.099773612]","[100.0,5.0]","[100.0,5.0]","[0.9523809523809523,0.047619047619047616]","[0.9523809523809523,0.047619047619047616]","[29813.3395846,1200.49886806]","[""molar_amount_to_mass_by_exact_molecular_weight"",""molar_amount_to_mass_by_exact_molecular_weight""]","[""molar_amount_to_mass_by_exact_molecular_weight"",""molar_amount_to_mass_by_exact_molecular_weight""]",[],[],[],[31013.83845266],[1.0],[105.0],[1.0],[],[],[],hierarchical_mole_internal_mass_blend_v1,RDKit.Chem.rdMolDescriptors.CalcExactMolWt,2022.09.5,"[null,null]","[null,null,null,null]",True
10.1016/j.polymdegradstab.2018.05.010,copolymer,,PHFC7.5,,O=C([H])CCP(OCCCCCCO[H])(C1=CC=CC=C1)=O,O=C([H])C1=CC=C(O1)C(OCCCCCCO[H])=O,,,100.0,,,,7.5,,,,,61.9,f341e4b904920b3eee8e0da117eda3d6d4a05fec6a054868f9300139a813114c,502,31614.08788669,107.5,copolymer,,,passed,2,"[""mol1"",""mol2""]","[""mol1"",""mol2""]","[298.133395846,240.099773612]","[298.133395846,240.099773612]","[100.0,7.5]","[100.0,7.5]","[0.9302325581395349,0.06976744186046512]","[0.9302325581395349,0.06976744186046512]","[29813.3395846,1800.7483020900002]","[""molar_amount_to_mass_by_exact_molecular_weight"",""molar_amount_to_mass_by_exact_molecular_weight""]","[""molar_amount_to_mass_by_exact_molecular_weight"",""molar_amount_to_mass_by_exact_molecular_weight""]",[],[],[],[31614.08788669],[1.0],[107.5],[1.0],[],[],[],hierarchical_mole_internal_mass_blend_v1,RDKit.Chem.rdMolDescriptors.CalcExactMolWt,2022.09.5,"[null,null]","[null,null,null,null]",True
10.1002/pat.4784,copolymer,,PMMA,,CC(C(OC)=O)([H])C[H],O=C(OC(C1=CC=C(C=C1)OP(OC2=CC=CC=C2)(OC3=CC=CC=C3)=O)C4=CC=C(C=C4)OP(OC5=CC=CC=C5)(OC6=CC=CC=C6)=O)C([H])C[H],,100.0,,,,0.0,,,,,,102.4,af1bb5223518745d167debc0d2ee601c59b5341e0108a4416959d22374f06c32,503,100.0,0.9797382338443598,homopolymer,,,passed,1,"[""wt1""]","[""wt1""]",[102.06807956],[102.06807956],[0.9797382338443598],[0.9797382338443598],[1.0],[1.0],[100.0],"[""weight_amount_to_moles_by_exact_molecular_weight""]","[""weight_amount_to_moles_by_exact_molecular_weight""]",[2],[],[],[100.0],[1.0],[0.9797382338443598],[1.0],[],[],[],hierarchical_mole_internal_mass_blend_v1,RDKit.Chem.rdMolDescriptors.CalcExactMolWt,2022.09.5,"[null,null]","[null,null,null,null]",True
10.1016/j.polymdegradstab.2006.04.032,copolymer,,PMMA,,CC(C(OC)=O)([H])C[H],CC(C(OCCOP(O)(OC1=CC=CC=C1)=O)=O)([H])C[H],,100.0,,,,0.0,,,,,,108.0,28a777673547eb7653bafb9063a6f0ce1da50ab68e2cd329ac16852abb6a3f17,504,100.0,0.9797382338443598,homopolymer,,,passed,1,"[""wt1""]","[""wt1""]",[102.06807956],[102.06807956],[0.9797382338443598],[0.9797382338443598],[1.0],[1.0],[100.0],"[""weight_amount_to_moles_by_exact_molecular_weight""]","[""weight_amount_to_moles_by_exact_molecular_weight""]",[2],[],[],[100.0],[1.0],[0.9797382338443598],[1.0],[],[],[],hierarchical_mole_internal_mass_blend_v1,RDKit.Chem.rdMolDescriptors.CalcExactMolWt,2022.09.5,"[null,null]","[null,null,null,null]",True
10.1016/j.polymdegradstab.2006.04.032,copolymer,,PMMA10,,CC(C(OC)=O)([H])C[H],CC(C(OCCOP(O)(OC1=CC=CC=C1)=O)=O)([H])C[H],,90.0,,,,10.0,,,,,,103.0,0a6427c227306a54041502d5232511258d2b157ce5b0976f4d4e61dbe9099653,505,100.0,0.9164774391662259,copolymer,,,passed,2,"[""wt1"",""wt2""]","[""wt1"",""wt2""]","[102.06807956,288.076274894]","[102.06807956,288.076274894]","[0.8817644104599238,0.034713028706302114]","[0.8817644104599238,0.034713028706302114]","[0.9621234225494054,0.03787657745059455]","[0.9621234225494054,0.03787657745059455]","[90.0,10.0]","[""weight_amount_to_moles_by_exact_molecular_weight"",""weight_amount_to_moles_by_exact_molecular_weight""]","[""weight_amount_to_moles_by_exact_molecular_weight"",""weight_amount_to_moles_by_exact_molecular_weight""]",[],[],[],[100.0],[1.0],[0.9164774391662259],[1.0],[],[],[],hierarchical_mole_internal_mass_blend_v1,RDKit.Chem.rdMolDescriptors.CalcExactMolWt,2022.09.5,"[null,null]","[null,null,null,null]",True
10.1016/j.polymdegradstab.2006.04.032,copolymer,,PMMA15,,CC(C(OC)=O)([H])C[H],CC(C(OCCOP(O)(OC1=CC=CC=C1)=O)=O)([H])C[H],,85.0,,,,15.0,,,,,,101.0,8bfb3d75ad84572a0e5d6f1b35327af6172cd28ba2405aaa1815f2db032ae9fe,506,100.0,0.884847041827159,copolymer,,,passed,2,"[""wt1"",""wt2""]","[""wt1"",""wt2""]","[102.06807956,288.076274894]","[102.06807956,288.076274894]","[0.8327774987677058,0.05206954305945317]","[0.8327774987677058,0.05206954305945317]","[0.9411541875622564,0.05884581243774349]","[0.9411541875622564,0.05884581243774349]","[85.0,15.0]","[""weight_amount_to_moles_by_exact_molecular_weight"",""weight_amount_to_moles_by_exact_molecular_weight""]","[""weight_amount_to_moles_by_exact_molecular_weight"",""weight_amount_to_moles_by_exact_molecular_weight""]",[],[],[],[100.0],[1.0],[0.884847041827159],[1.0],[],[],[],hierarchical_mole_internal_mass_blend_v1,RDKit.Chem.rdMolDescriptors.CalcExactMolWt,2022.09.5,"[null,null]","[null,null,null,null]",True
10.1016/j.polymdegradstab.2006.04.032,copolymer,,PMMA20,,CC(C(OC)=O)([H])C[H],CC(C(OCCOP(O)(OC1=CC=CC=C1)=O)=O)([H])C[H],,80.0,,,,20.0,,,,,,98.0,a7f35fc78d83b54f93cc18459d00b31dba46719da6ed29d3b16708e247d9fab3,507,100.0,0.8532166444880921,copolymer,,,passed,2,"[""wt1"",""wt2""]","[""wt1"",""wt2""]","[102.06807956,288.076274894]","[102.06807956,288.076274894]","[0.7837905870754879,0.06942605741260423]","[0.7837905870754879,0.06942605741260423]","[0.9186302120790693,0.08136978792093076]","[0.9186302120790693,0.08136978792093076]","[80.0,20.0]","[""weight_amount_to_moles_by_exact_molecular_weight"",""weight_amount_to_moles_by_exact_molecular_weight""]","[""weight_amount_to_moles_by_exact_molecular_weight"",""weight_amount_to_moles_by_exact_molecular_weight""]",[],[],[],[100.0],[1.0],[0.8532166444880921],[1.0],[],[],[],hierarchical_mole_internal_mass_blend_v1,RDKit.Chem.rdMolDescriptors.CalcExactMolWt,2022.09.5,"[null,null]","[null,null,null,null]",True
10.1016/j.polymdegradstab.2006.04.032,copolymer,,PMMA5,,CC(C(OC)=O)([H])C[H],CC(C(OCCOP(O)(OC1=CC=CC=C1)=O)=O)([H])C[H],,95.0,,,,5.0,,,,,,105.0,42467d054bd5eb7d00cd8e820e4530827c9f4b606f805e19e264ec73f1c788f5,508,100.0,0.948107836505293,copolymer,,,passed,2,"[""wt1"",""wt2""]","[""wt1"",""wt2""]","[102.06807956,288.076274894]","[102.06807956,288.076274894]","[0.9307513221521418,0.017356514353151057]","[0.9307513221521418,0.017356514353151057]","[0.9816935229465807,0.018306477053419187]","[0.9816935229465807,0.018306477053419187]","[95.0,5.0]","[""weight_amount_to_moles_by_exact_molecular_weight"",""weight_amount_to_moles_by_exact_molecular_weight""]","[""weight_amount_to_moles_by_exact_molecular_weight"",""weight_amount_to_moles_by_exact_molecular_weight""]",[],[],[],[100.0],[1.0],[0.948107836505293],[1.0],[],[],[],hierarchical_mole_internal_mass_blend_v1,RDKit.Chem.rdMolDescriptors.CalcExactMolWt,2022.09.5,"[null,null]","[null,null,null,null]",True
10.1002/pat.4784,copolymer,,PMMA-co-BDPA-10,,CC(C(OC)=O)([H])C[H],O=C(OC(C1=CC=C(C=C1)OP(OC2=CC=CC=C2)(OC3=CC=CC=C3)=O)C4=CC=C(C=C4)OP(OC5=CC=CC=C5)(OC6=CC=CC=C6)=O)C([H])C[H],,90.0,,,,10.0,,,,,,115.2,8f591a3d92ff392bbb51f9f31517209114c7f40b2b2eca333ad4737c4d8dd277,509,100.0,0.8953483637366613,copolymer,,,passed,2,"[""wt1"",""wt2""]","[""wt1"",""wt2""]","[102.06807956,736.162720548]","[102.06807956,736.162720548]","[0.8817644104599238,0.013583953276737504]","[0.8817644104599238,0.013583953276737504]","[0.9848283039016836,0.01517169609831643]","[0.9848283039016836,0.01517169609831643]","[90.0,10.0]","[""weight_amount_to_moles_by_exact_molecular_weight"",""weight_amount_to_moles_by_exact_molecular_weight""]","[""weight_amount_to_moles_by_exact_molecular_weight"",""weight_amount_to_moles_by_exact_molecular_weight""]",[],[],[],[100.0],[1.0],[0.8953483637366613],[1.0],[],[],[],hierarchical_mole_internal_mass_blend_v1,RDKit.Chem.rdMolDescriptors.CalcExactMolWt,2022.09.5,"[null,null]","[null,null,null,null]",True
10.1002/pat.4784,copolymer,,PMMA-co-BDPA-10,,CC(C(OC)=O)([H])C[H],O=C(OC(C1=CC=C(C=C1)OP(OC2=CC=CC=C2)(OC3=CC=CC=C3)=O)C4=CC=C(C=C4)OP(OC5=CC=CC=C5)(OC6=CC=CC=C6)=O)C([H])C[H],,90.0,,,,10.0,,,,,,115.2,8f591a3d92ff392bbb51f9f31517209114c7f40b2b2eca333ad4737c4d8dd277,510,100.0,0.8953483637366613,copolymer,,,passed,2,"[""wt1"",""wt2""]","[""wt1"",""wt2""]","[102.06807956,736.162720548]","[102.06807956,736.162720548]","[0.8817644104599238,0.013583953276737504]","[0.8817644104599238,0.013583953276737504]","[0.9848283039016836,0.01517169609831643]","[0.9848283039016836,0.01517169609831643]","[90.0,10.0]","[""weight_amount_to_moles_by_exact_molecular_weight"",""weight_amount_to_moles_by_exact_molecular_weight""]","[""weight_amount_to_moles_by_exact_molecular_weight"",""weight_amount_to_moles_by_exact_molecular_weight""]",[],[],[],[100.0],[1.0],[0.8953483637366613],[1.0],[],[],[],hierarchical_mole_internal_mass_blend_v1,RDKit.Chem.rdMolDescriptors.CalcExactMolWt,2022.09.5,"[null,null]","[null,null,null,null]",True
10.1002/pat.4784,copolymer,,PMMA-co-BDPA-15,,CC(C(OC)=O)([H])C[H],O=C(OC(C1=CC=C(C=C1)OP(OC2=CC=CC=C2)(OC3=CC=CC=C3)=O)C4=CC=C(C=C4)OP(OC5=CC=CC=C5)(OC6=CC=CC=C6)=O)C([H])C[H],,85.0,,,,15.0,,,,,,116.4,b2bf8d966124aef913ec8e1f0c64d1f386757b8cea5f639c0cfbef4e125691c7,511,100.0,0.8531534286828121,copolymer,,,passed,2,"[""wt1"",""wt2""]","[""wt1"",""wt2""]","[102.06807956,736.162720548]","[102.06807956,736.162720548]","[0.8327774987677058,0.020375929915106256]","[0.8327774987677058,0.020375929915106256]","[0.9761169219626008,0.023883078037399155]","[0.9761169219626008,0.023883078037399155]","[85.0,15.0]","[""weight_amount_to_moles_by_exact_molecular_weight"",""weight_amount_to_moles_by_exact_molecular_weight""]","[""weight_amount_to_moles_by_exact_molecular_weight"",""weight_amount_to_moles_by_exact_molecular_weight""]",[],[],[],[100.0],[1.0],[0.8531534286828121],[1.0],[],[],[],hierarchical_mole_internal_mass_blend_v1,RDKit.Chem.rdMolDescriptors.CalcExactMolWt,2022.09.5,"[null,null]","[null,null,null,null]",True
10.1002/pat.4784,copolymer,,PMMA-co-BDPA-5,,CC(C(OC)=O)([H])C[H],O=C(OC(C1=CC=C(C=C1)OP(OC2=CC=CC=C2)(OC3=CC=CC=C3)=O)C4=CC=C(C=C4)OP(OC5=CC=CC=C5)(OC6=CC=CC=C6)=O)C([H])C[H],,95.0,,,,5.0,,,,,,104.6,168b7355b4642bd22b900f84ad287d6edecccc697b6cc01c3711d2b1dcf58ce2,512,100.0,0.9375432987905106,copolymer,,,passed,2,"[""wt1"",""wt2""]","[""wt1"",""wt2""]","[102.06807956,736.162720548]","[102.06807956,736.162720548]","[0.9307513221521418,0.006791976638368752]","[0.9307513221521418,0.006791976638368752]","[0.9927555595062855,0.007244440493714611]","[0.9927555595062855,0.007244440493714611]","[95.0,5.0]","[""weight_amount_to_moles_by_exact_molecular_weight"",""weight_amount_to_moles_by_exact_molecular_weight""]","[""weight_amount_to_moles_by_exact_molecular_weight"",""weight_amount_to_moles_by_exact_molecular_weight""]",[],[],[],[100.0],[1.0],[0.9375432987905106],[1.0],[],[],[],hierarchical_mole_internal_mass_blend_v1,RDKit.Chem.rdMolDescriptors.CalcExactMolWt,2022.09.5,"[null,null]","[null,null,null,null]",True
10.1002/(SICI)1097-4628(19990404)72:1%3C109::AID-APP12%3E3.0.CO;2-Q,copolymer,,PA07,,O=C(O[H])C1=CC=C(C(OCCO[H])=O)C=C1,O=C([H])C(CP1(OC2=CC=CC=C2C3=CC=CC=C31)=O)CC(OCCO[H])=O,,99.3,,,,0.7,,,,,,77.2,4dfd9121cb4022fa8503c5c9f13c8f51494a51e7b60ab8f50632ab89ad61f7db,513,100.0,0.4746094280724926,copolymer,,,passed,2,"[""wt1"",""wt2""]","[""wt1"",""wt2""]","[210.05282342,374.09192495799994]","[210.05282342,374.09192495799994]","[0.47273823023768613,0.001871197834806486]","[0.47273823023768613,0.001871197834806486]","[0.9960573943033414,0.003942605696658593]","[0.9960573943033414,0.003942605696658593]","[99.3,0.7]","[""weight_amount_to_moles_by_exact_molecular_weight"",""weight_amount_to_moles_by_exact_molecular_weight""]","[""weight_amount_to_moles_by_exact_molecular_weight"",""weight_amount_to_moles_by_exact_molecular_weight""]",[],[],[],[100.0],[1.0],[0.4746094280724926],[1.0],[],[],[],hierarchical_mole_internal_mass_blend_v1,RDKit.Chem.rdMolDescriptors.CalcExactMolWt,2022.09.5,"[null,null]","[null,null,null,null]",True
10.1002/(SICI)1097-4628(19990404)72:1%3C109::AID-APP12%3E3.0.CO;2-Q,copolymer,,PA12,,O=C(O[H])C1=CC=C(C(OCCO[H])=O)C=C1,O=C([H])C(CP1(OC2=CC=CC=C2C3=CC=CC=C31)=O)CC(OCCO[H])=O,,98.8,,,,1.2,,,,,,77.2,0da48eef19f037dea125166a1cf4bd86055c31609f25f5ea5b5d4e8c34e9d5e3,514,100.0,0.4735656443279228,copolymer,,,passed,2,"[""wt1"",""wt2""]","[""wt1"",""wt2""]","[210.05282342,374.09192495799994]","[210.05282342,374.09192495799994]","[0.47035787661111167,0.003207767716811119]","[0.47035787661111167,0.003207767716811119]","[0.9932263504432135,0.0067736495567864395]","[0.9932263504432135,0.0067736495567864395]","[98.8,1.2]","[""weight_amount_to_moles_by_exact_molecular_weight"",""weight_amount_to_moles_by_exact_molecular_weight""]","[""weight_amount_to_moles_by_exact_molecular_weight"",""weight_amount_to_moles_by_exact_molecular_weight""]",[],[],[],[100.0],[1.0],[0.4735656443279228],[1.0],[],[],[],hierarchical_mole_internal_mass_blend_v1,RDKit.Chem.rdMolDescriptors.CalcExactMolWt,2022.09.5,"[null,null]","[null,null,null,null]",True
10.1002/(SICI)1097-4628(19990404)72:1%3C109::AID-APP12%3E3.0.CO;2-Q,copolymer,,PA20,,O=C(O[H])C1=CC=C(C(OCCO[H])=O)C=C1,O=C([H])C(CP1(OC2=CC=CC=C2C3=CC=CC=C31)=O)CC(OCCO[H])=O,,98.0,,,,2.0,,,,,,77.0,a48eb3ea874adcfb30fe3e5b14e261d3fa428f33a02eba14af1b22b5bdbc582d,515,100.0,0.4718955903366111,copolymer,,,passed,2,"[""wt1"",""wt2""]","[""wt1"",""wt2""]","[210.05282342,374.09192495799994]","[210.05282342,374.09192495799994]","[0.4665493108085926,0.005346279528018532]","[0.4665493108085926,0.005346279528018532]","[0.9886706304583076,0.01132936954169235]","[0.9886706304583076,0.01132936954169235]","[98.0,2.0]","[""weight_amount_to_moles_by_exact_molecular_weight"",""weight_amount_to_moles_by_exact_molecular_weight""]","[""weight_amount_to_moles_by_exact_molecular_weight"",""weight_amount_to_moles_by_exact_molecular_weight""]",[],[],[],[100.0],[1.0],[0.4718955903366111],[1.0],[],[],[],hierarchical_mole_internal_mass_blend_v1,RDKit.Chem.rdMolDescriptors.CalcExactMolWt,2022.09.5,"[null,null]","[null,null,null,null]",True
10.1002/(SICI)1097-4628(19990404)72:1%3C109::AID-APP12%3E3.0.CO;2-Q,copolymer,,PA30,,O=C(O[H])C1=CC=C(C(OCCO[H])=O)C=C1,O=C([H])C(CP1(OC2=CC=CC=C2C3=CC=CC=C31)=O)CC(OCCO[H])=O,,97.0,,,,3.0,,,,,,76.8,5cc43cf2cd2285b04de10f54cabc82613e897071071be2837ad26157a7444157,516,100.0,0.4698080228474715,copolymer,,,passed,2,"[""wt1"",""wt2""]","[""wt1"",""wt2""]","[210.05282342,374.09192495799994]","[210.05282342,374.09192495799994]","[0.46178860355544366,0.008019419292027798]","[0.46178860355544366,0.008019419292027798]","[0.9829304334919129,0.017069566508087056]","[0.9829304334919129,0.017069566508087056]","[97.0,3.0]","[""weight_amount_to_moles_by_exact_molecular_weight"",""weight_amount_to_moles_by_exact_molecular_weight""]","[""weight_amount_to_moles_by_exact_molecular_weight"",""weight_amount_to_moles_by_exact_molecular_weight""]",[],[],[],[100.0],[1.0],[0.4698080228474715],[1.0],[],[],[],hierarchical_mole_internal_mass_blend_v1,RDKit.Chem.rdMolDescriptors.CalcExactMolWt,2022.09.5,"[null,null]","[null,null,null,null]",True
10.1016/S0141-3910(01)00184-7,composite,PMMA,PMMA+DEEP,,CC(C(OC)=O)([H])C[H],,PMMA,81.3,,,,,,DEEP,CCOP(CC)(OCC)=O,18.7,,70.0,759b55f6da4f5db36f93a816277e689d0e5cc9440256752ce111b97c20ded516,517,81.3,0.7965271841154645,blend,,,passed,1,"[""wt1""]","[""wt1""]",[102.06807956],[102.06807956],[0.7965271841154645],[0.7965271841154645],[1.0],[1.0],[81.3],"[""weight_amount_to_moles_by_exact_molecular_weight""]","[""weight_amount_to_moles_by_exact_molecular_weight""]",[],"[""mix_wt1""]","[""base_mass"",""mix_wt1""]","[81.3,18.7]","[0.813,0.187]","[0.7965271841154645,0.11259913173893066]","[0.8761457788920012,0.12385422110799885]",[166.07588097000001],"[""weight_amount_to_moles_by_exact_molecular_weight""]",[],hierarchical_mole_internal_mass_blend_v1,RDKit.Chem.rdMolDescriptors.CalcExactMolWt,2022.09.5,"[""PMMA"",null]","[""DEEP"",null,null,null]",True
