smiles,umap_1,umap_2,selected,random_state,n_neighbors,min_dist,metric,initialization,scaling
*,4.663401,-4.8495226,False,48,5,0.8,euclidean,random,StandardScaler_per_sample_dimension
C,4.3396816,-4.172099,True,48,5,0.8,euclidean,random,StandardScaler_per_sample_dimension
CC,4.585463,-3.6430948,True,48,5,0.8,euclidean,random,StandardScaler_per_sample_dimension
*C,4.8066645,-4.6950793,True,48,5,0.8,euclidean,random,StandardScaler_per_sample_dimension
O,4.5599756,-4.5835333,True,48,5,0.8,euclidean,random,StandardScaler_per_sample_dimension
C1=CC=CC=C1,3.4567337,-5.309348,True,48,5,0.8,euclidean,random,StandardScaler_per_sample_dimension
CCC,4.6830416,-3.295096,True,48,5,0.8,euclidean,random,StandardScaler_per_sample_dimension
C=O,4.286433,-5.354547,True,48,5,0.8,euclidean,random,StandardScaler_per_sample_dimension
CC1=CC=CC=C1,3.8642192,-5.4475126,True,48,5,0.8,euclidean,random,StandardScaler_per_sample_dimension
CO,5.1153436,-3.8913794,True,48,5,0.8,euclidean,random,StandardScaler_per_sample_dimension
CC=O,4.2773013,-5.454408,True,48,5,0.8,euclidean,random,StandardScaler_per_sample_dimension
COC,5.652058,-3.150132,False,48,5,0.8,euclidean,random,StandardScaler_per_sample_dimension
N,5.256177,-6.3363647,True,48,5,0.8,euclidean,random,StandardScaler_per_sample_dimension
*CC,4.9112735,-4.7068257,True,48,5,0.8,euclidean,random,StandardScaler_per_sample_dimension
CN,4.757431,-6.239165,True,48,5,0.8,euclidean,random,StandardScaler_per_sample_dimension
OC1=CC=CC=C1,2.5159776,-5.8547945,False,48,5,0.8,euclidean,random,StandardScaler_per_sample_dimension
COC1=CC=CC=C1,2.3924117,-5.9766355,True,48,5,0.8,euclidean,random,StandardScaler_per_sample_dimension
CCN,4.6044183,-6.196127,True,48,5,0.8,euclidean,random,StandardScaler_per_sample_dimension
CNC,4.745647,-6.1389036,True,48,5,0.8,euclidean,random,StandardScaler_per_sample_dimension
CCO,5.4832597,-3.4958117,True,48,5,0.8,euclidean,random,StandardScaler_per_sample_dimension
CCCC,4.8169985,-2.9283972,True,48,5,0.8,euclidean,random,StandardScaler_per_sample_dimension
O=CC1=CC=CC=C1,3.9179325,-5.7632456,True,48,5,0.8,euclidean,random,StandardScaler_per_sample_dimension
CCNC,4.5848236,-6.106669,True,48,5,0.8,euclidean,random,StandardScaler_per_sample_dimension
NC=O,4.391611,-6.088542,False,48,5,0.8,euclidean,random,StandardScaler_per_sample_dimension
CCOC,5.528061,-3.3216953,False,48,5,0.8,euclidean,random,StandardScaler_per_sample_dimension
CNC=O,4.592476,-5.8589535,False,48,5,0.8,euclidean,random,StandardScaler_per_sample_dimension
*C1=CC=CC=C1,9.319764,18.652868,True,48,5,0.8,euclidean,random,StandardScaler_per_sample_dimension
NC1=CC=CC=C1,5.759938,-6.3922763,True,48,5,0.8,euclidean,random,StandardScaler_per_sample_dimension
CC(N)=O,4.176172,-6.0077047,False,48,5,0.8,euclidean,random,StandardScaler_per_sample_dimension
CCC1=CC=CC=C1,9.606635,-5.842054,True,48,5,0.8,euclidean,random,StandardScaler_per_sample_dimension
CNC(C)=O,4.4080477,-6.000893,True,48,5,0.8,euclidean,random,StandardScaler_per_sample_dimension
*CCC,5.0944486,-4.678003,True,48,5,0.8,euclidean,random,StandardScaler_per_sample_dimension
CCCCC,4.797074,-2.7766807,False,48,5,0.8,euclidean,random,StandardScaler_per_sample_dimension
CC(C)C,9.947052,-6.004701,True,48,5,0.8,euclidean,random,StandardScaler_per_sample_dimension
*O,11.18929,-5.3747163,True,48,5,0.8,euclidean,random,StandardScaler_per_sample_dimension
O=CO,5.894483,-2.7861676,True,48,5,0.8,euclidean,random,StandardScaler_per_sample_dimension
COC=O,5.8092036,-2.793053,False,48,5,0.8,euclidean,random,StandardScaler_per_sample_dimension
CC1=CC=C(O)C=C1,2.2800515,-6.0332613,True,48,5,0.8,euclidean,random,StandardScaler_per_sample_dimension
CNC1=CC=CC=C1,5.9836426,-6.5448036,True,48,5,0.8,euclidean,random,StandardScaler_per_sample_dimension
CCCO,5.5668607,-2.7918103,True,48,5,0.8,euclidean,random,StandardScaler_per_sample_dimension
CCNCC,4.008268,-7.3380914,True,48,5,0.8,euclidean,random,StandardScaler_per_sample_dimension
CCNC=O,4.29821,-6.7803926,False,48,5,0.8,euclidean,random,StandardScaler_per_sample_dimension
COC1=CC=C(C)C=C1,2.0472052,-6.030987,True,48,5,0.8,euclidean,random,StandardScaler_per_sample_dimension
CCCCCC,5.052415,-2.4588141,True,48,5,0.8,euclidean,random,StandardScaler_per_sample_dimension
CCCOC,5.6306844,-2.8734965,False,48,5,0.8,euclidean,random,StandardScaler_per_sample_dimension
CCNC1=CC=CC=C1,6.097937,-6.723917,True,48,5,0.8,euclidean,random,StandardScaler_per_sample_dimension
*OC,11.32037,-5.4606686,True,48,5,0.8,euclidean,random,StandardScaler_per_sample_dimension
CCNC(C)=O,4.214279,-6.808464,True,48,5,0.8,euclidean,random,StandardScaler_per_sample_dimension
NCC1=CC=CC=C1,3.90411,-6.095358,False,48,5,0.8,euclidean,random,StandardScaler_per_sample_dimension
O=CNC1=CC=CC=C1,6.1598845,-6.732246,False,48,5,0.8,euclidean,random,StandardScaler_per_sample_dimension
CC(=O)O,5.9442387,-2.601105,True,48,5,0.8,euclidean,random,StandardScaler_per_sample_dimension
CNCC1=CC=CC=C1,3.927888,-6.1289415,False,48,5,0.8,euclidean,random,StandardScaler_per_sample_dimension
NC(=O)C1=CC=CC=C1,3.7206137,-6.0619073,True,48,5,0.8,euclidean,random,StandardScaler_per_sample_dimension
CNC(=O)C1=CC=CC=C1,4.117769,-5.965353,False,48,5,0.8,euclidean,random,StandardScaler_per_sample_dimension
CC1=CC=C(C)C=C1,-1.5182269,-1.4516462,True,48,5,0.8,euclidean,random,StandardScaler_per_sample_dimension
COC(C)=O,5.7448387,-2.692549,False,48,5,0.8,euclidean,random,StandardScaler_per_sample_dimension
CC(=O)NC1=CC=CC=C1,6.35885,-6.8586845,True,48,5,0.8,euclidean,random,StandardScaler_per_sample_dimension
CC1=C(C)C=CC=C1,-2.7065945,-5.878467,True,48,5,0.8,euclidean,random,StandardScaler_per_sample_dimension
CC1=CC=CC=C1C,-2.479209,-5.6906123,False,48,5,0.8,euclidean,random,StandardScaler_per_sample_dimension
CN(C)C,3.5488389,-8.525828,True,48,5,0.8,euclidean,random,StandardScaler_per_sample_dimension
CCC=O,5.144786,-2.8741984,True,48,5,0.8,euclidean,random,StandardScaler_per_sample_dimension
CCN(C)C,4.1005177,-7.6990247,False,48,5,0.8,euclidean,random,StandardScaler_per_sample_dimension
CC1=CC(C)=CC=C1,18.904993,2.8347993,True,48,5,0.8,euclidean,random,StandardScaler_per_sample_dimension
CC1=CC=CC(C)=C1,19.003958,2.8582592,False,48,5,0.8,euclidean,random,StandardScaler_per_sample_dimension
CCN(C)CC,3.8274176,-7.9263763,True,48,5,0.8,euclidean,random,StandardScaler_per_sample_dimension
C1=CC=C(CC2=CC=CC=C2)C=C1,9.36205,-5.518808,True,48,5,0.8,euclidean,random,StandardScaler_per_sample_dimension
*N,-7.2803683,21.670238,True,48,5,0.8,euclidean,random,StandardScaler_per_sample_dimension
CCOC=O,6.108547,-2.687008,True,48,5,0.8,euclidean,random,StandardScaler_per_sample_dimension
CCCCO,5.975253,-2.1265192,True,48,5,0.8,euclidean,random,StandardScaler_per_sample_dimension
C1=CC=C(CNC2=CC=CC=C2)C=C1,6.1043434,-7.054471,False,48,5,0.8,euclidean,random,StandardScaler_per_sample_dimension
CCOCC,6.040341,-3.3071272,True,48,5,0.8,euclidean,random,StandardScaler_per_sample_dimension
O=C(NC1=CC=CC=C1)C1=CC=CC=C1,6.166734,-7.05153,False,48,5,0.8,euclidean,random,StandardScaler_per_sample_dimension
C1=CC=C(OC2=CC=CC=C2)C=C1,1.6782517,-6.5109987,True,48,5,0.8,euclidean,random,StandardScaler_per_sample_dimension
CC(=O)NC=O,3.8468442,-6.7241654,False,48,5,0.8,euclidean,random,StandardScaler_per_sample_dimension
O=CNC=O,-2.839517,-5.7651777,True,48,5,0.8,euclidean,random,StandardScaler_per_sample_dimension
CN(C)C=O,4.6299047,-7.6515093,False,48,5,0.8,euclidean,random,StandardScaler_per_sample_dimension
CCN(C)C=O,4.522437,-7.4579244,False,48,5,0.8,euclidean,random,StandardScaler_per_sample_dimension
CC(=O)N(C)C,4.6200657,-7.5864954,False,48,5,0.8,euclidean,random,StandardScaler_per_sample_dimension
CC1=C(C=O)C=CC=C1,3.2818131,-6.4788914,True,48,5,0.8,euclidean,random,StandardScaler_per_sample_dimension
CC1=CC=CC=C1C=O,3.1863194,-6.411275,False,48,5,0.8,euclidean,random,StandardScaler_per_sample_dimension
*C1=CC=C(C)C=C1,9.143696,18.957338,True,48,5,0.8,euclidean,random,StandardScaler_per_sample_dimension
CCN(C)C(C)=O,4.3322206,-7.476413,True,48,5,0.8,euclidean,random,StandardScaler_per_sample_dimension
CCCCOC,5.957531,-1.9952335,False,48,5,0.8,euclidean,random,StandardScaler_per_sample_dimension
CCCCCCC,5.048514,-2.2041504,False,48,5,0.8,euclidean,random,StandardScaler_per_sample_dimension
CN(C)C1=CC=CC=C1,3.491852,-8.832732,True,48,5,0.8,euclidean,random,StandardScaler_per_sample_dimension
CCN(C)C1=CC=CC=C1,5.5190315,-7.355306,True,48,5,0.8,euclidean,random,StandardScaler_per_sample_dimension
CCOC1=CC=CC=C1,1.1723171,8.813236,True,48,5,0.8,euclidean,random,StandardScaler_per_sample_dimension
O=CNCC1=CC=CC=C1,3.5617118,-6.5631485,True,48,5,0.8,euclidean,random,StandardScaler_per_sample_dimension
O=CC1=C(C=O)C=CC=C1,-3.212779,-6.006571,False,48,5,0.8,euclidean,random,StandardScaler_per_sample_dimension
O=CC1=CC=CC=C1C=O,-3.1097825,-5.9464674,False,48,5,0.8,euclidean,random,StandardScaler_per_sample_dimension
CC1=C(CN)C=CC=C1,-2.9065642,-5.7442155,False,48,5,0.8,euclidean,random,StandardScaler_per_sample_dimension
CC1=CC=CC=C1CN,-2.869984,-5.9032993,False,48,5,0.8,euclidean,random,StandardScaler_per_sample_dimension
CC1=C(C(N)=O)C=CC=C1,3.4439082,-6.469758,False,48,5,0.8,euclidean,random,StandardScaler_per_sample_dimension
CC1=CC=CC=C1C(N)=O,3.3746808,-6.453246,False,48,5,0.8,euclidean,random,StandardScaler_per_sample_dimension
NCC1=C(C=O)C=CC=C1,3.4469159,-6.692443,False,48,5,0.8,euclidean,random,StandardScaler_per_sample_dimension
NCC1=CC=CC=C1C=O,3.5947008,-6.7227387,False,48,5,0.8,euclidean,random,StandardScaler_per_sample_dimension
CCN(CC)C1=CC=CC=C1,3.4266448,-8.941233,False,48,5,0.8,euclidean,random,StandardScaler_per_sample_dimension
*C(C)C,5.1050224,-4.3905315,True,48,5,0.8,euclidean,random,StandardScaler_per_sample_dimension
O=CNC(=O)C1=CC=CC=C1,-3.0455813,-5.9341846,False,48,5,0.8,euclidean,random,StandardScaler_per_sample_dimension
NC(=O)C1=C(C=O)C=CC=C1,-3.1400719,-6.0072274,False,48,5,0.8,euclidean,random,StandardScaler_per_sample_dimension
NC(=O)C1=CC=CC=C1C=O,-3.1948042,-5.7570295,False,48,5,0.8,euclidean,random,StandardScaler_per_sample_dimension
CC1=CC=C(C=O)C=C1,-1.6355112,-1.653173,True,48,5,0.8,euclidean,random,StandardScaler_per_sample_dimension
CC(C)C1=CC=CC=C1,9.566902,-5.948037,True,48,5,0.8,euclidean,random,StandardScaler_per_sample_dimension
CNCC1=C(C)C=CC=C1,2.5120397,-10.027117,False,48,5,0.8,euclidean,random,StandardScaler_per_sample_dimension
CNCC1=CC=CC=C1C,2.4990568,-10.119528,False,48,5,0.8,euclidean,random,StandardScaler_per_sample_dimension
O=C1NCC2=C1C=CC=C2,3.6428385,-6.658802,False,48,5,0.8,euclidean,random,StandardScaler_per_sample_dimension
O=C1NCC2=CC=CC=C12,3.7213469,-6.7910767,False,48,5,0.8,euclidean,random,StandardScaler_per_sample_dimension
C1=CC2=C(C=C1)CNC2,-3.0764797,-5.9986453,False,48,5,0.8,euclidean,random,StandardScaler_per_sample_dimension
C1=CC=C2CNCC2=C1,-3.123531,-5.996732,False,48,5,0.8,euclidean,random,StandardScaler_per_sample_dimension
*OC1=CC=CC=C1,11.194119,-5.6605406,True,48,5,0.8,euclidean,random,StandardScaler_per_sample_dimension
O=C1NC(=O)C2=C1C=CC=C2,-3.320847,-5.707862,False,48,5,0.8,euclidean,random,StandardScaler_per_sample_dimension
O=C1NC(=O)C2=CC=CC=C12,-2.9782813,-5.868569,False,48,5,0.8,euclidean,random,StandardScaler_per_sample_dimension
CNC(=O)C1=CC=CC=C1C,4.8360476,-7.95101,True,48,5,0.8,euclidean,random,StandardScaler_per_sample_dimension
CN(C)CC1=CC=CC=C1,-8.431348,18.298456,True,48,5,0.8,euclidean,random,StandardScaler_per_sample_dimension
*CCCC,8.040677,8.039283,True,48,5,0.8,euclidean,random,StandardScaler_per_sample_dimension
CN(C)C(=O)C1=CC=CC=C1,4.653346,-7.8350544,False,48,5,0.8,euclidean,random,StandardScaler_per_sample_dimension
CNCC1=CC=CC=C1C=O,4.5620885,-8.133058,False,48,5,0.8,euclidean,random,StandardScaler_per_sample_dimension
CNC(=O)C1=CC=CC=C1C=O,-8.560095,18.314655,False,48,5,0.8,euclidean,random,StandardScaler_per_sample_dimension
CN(C=O)CC1=CC=CC=C1,4.7907233,-7.8154583,False,48,5,0.8,euclidean,random,StandardScaler_per_sample_dimension
CCOC(C)=O,5.924599,-3.1102886,True,48,5,0.8,euclidean,random,StandardScaler_per_sample_dimension
CN1CC2=C(C=CC=C2)C1=O,4.790129,-7.977936,False,48,5,0.8,euclidean,random,StandardScaler_per_sample_dimension
CN1CC2=CC=CC=C2C1=O,4.632536,-7.897802,False,48,5,0.8,euclidean,random,StandardScaler_per_sample_dimension
CN1CC2=C(C=CC=C2)C1,-8.424785,18.47688,False,48,5,0.8,euclidean,random,StandardScaler_per_sample_dimension
CN1CC2=CC=CC=C2C1,-8.642699,18.256117,False,48,5,0.8,euclidean,random,StandardScaler_per_sample_dimension
CN1C(=O)C2=C(C=CC=C2)C1=O,-8.573881,18.410166,False,48,5,0.8,euclidean,random,StandardScaler_per_sample_dimension
CN1C(=O)C2=CC=CC=C2C1=O,-8.506141,18.38243,False,48,5,0.8,euclidean,random,StandardScaler_per_sample_dimension
*NC,-7.3146734,21.803131,True,48,5,0.8,euclidean,random,StandardScaler_per_sample_dimension
CCCCCO,5.90382,-1.486649,True,48,5,0.8,euclidean,random,StandardScaler_per_sample_dimension
CN(C=O)C1=CC=CC=C1,5.2022862,-7.512424,True,48,5,0.8,euclidean,random,StandardScaler_per_sample_dimension
CC1=CC(C=O)=CC=C1,-3.3974712,26.120165,True,48,5,0.8,euclidean,random,StandardScaler_per_sample_dimension
CC1=CC=CC(C=O)=C1,-3.3922968,26.119358,False,48,5,0.8,euclidean,random,StandardScaler_per_sample_dimension
*C=O,9.318435,5.5520515,True,48,5,0.8,euclidean,random,StandardScaler_per_sample_dimension
O=CN(C=O)C1=CC=CC=C1,3.271469,-9.116659,False,48,5,0.8,euclidean,random,StandardScaler_per_sample_dimension
CC(C)(C)C,10.411721,-5.9196696,True,48,5,0.8,euclidean,random,StandardScaler_per_sample_dimension
CCC1=CC=C(O)C=C1,9.646906,-5.999247,True,48,5,0.8,euclidean,random,StandardScaler_per_sample_dimension
CCCOCC,5.6801744,-3.1698632,True,48,5,0.8,euclidean,random,StandardScaler_per_sample_dimension
CCCCCOC,5.978012,-1.5867846,False,48,5,0.8,euclidean,random,StandardScaler_per_sample_dimension
CCCCCCCC,5.1322637,-1.8020467,False,48,5,0.8,euclidean,random,StandardScaler_per_sample_dimension
CCCN,2.2197382,-2.153002,True,48,5,0.8,euclidean,random,StandardScaler_per_sample_dimension
CC1=C(CNC2=CC=CC=C2)C=CC=C1,2.6597402,-9.9878,False,48,5,0.8,euclidean,random,StandardScaler_per_sample_dimension
CC1=CC=CC=C1CNC1=CC=CC=C1,2.7080731,-9.923985,False,48,5,0.8,euclidean,random,StandardScaler_per_sample_dimension
CCC1=CC=C(OC)C=C1,9.730209,-5.853011,True,48,5,0.8,euclidean,random,StandardScaler_per_sample_dimension
CC1=C(C(=O)NC2=CC=CC=C2)C=CC=C1,6.093887,-7.4074907,True,48,5,0.8,euclidean,random,StandardScaler_per_sample_dimension
CC1=CC=CC=C1C(=O)NC1=CC=CC=C1,6.1291933,-7.4686995,False,48,5,0.8,euclidean,random,StandardScaler_per_sample_dimension
O=CC1=C(CNC2=CC=CC=C2)C=CC=C1,5.8297844,-7.4626474,False,48,5,0.8,euclidean,random,StandardScaler_per_sample_dimension
O=CC1=CC=CC=C1CNC1=CC=CC=C1,5.9725266,-7.3206744,False,48,5,0.8,euclidean,random,StandardScaler_per_sample_dimension
CN(CC1=CC=CC=C1)C1=CC=CC=C1,3.3123496,-9.147317,False,48,5,0.8,euclidean,random,StandardScaler_per_sample_dimension
O=CC1=C(C(=O)NC2=CC=CC=C2)C=CC=C1,2.8443997,-9.781149,False,48,5,0.8,euclidean,random,StandardScaler_per_sample_dimension
O=CC1=CC=CC=C1C(=O)NC1=CC=CC=C1,2.8998904,-9.726336,False,48,5,0.8,euclidean,random,StandardScaler_per_sample_dimension
O=CN(CC1=CC=CC=C1)C1=CC=CC=C1,5.480785,-7.4149957,False,48,5,0.8,euclidean,random,StandardScaler_per_sample_dimension
CN(C(=O)C1=CC=CC=C1)C1=CC=CC=C1,5.5355663,-7.472303,False,48,5,0.8,euclidean,random,StandardScaler_per_sample_dimension
O=CN(C(=O)C1=CC=CC=C1)C1=CC=CC=C1,3.1462927,-9.266274,False,48,5,0.8,euclidean,random,StandardScaler_per_sample_dimension
O=C1C2=C(C=CC=C2)CN1C1=CC=CC=C1,5.463054,-7.4567547,False,48,5,0.8,euclidean,random,StandardScaler_per_sample_dimension
O=C1C2=CC=CC=C2CN1C1=CC=CC=C1,5.3733335,-7.501862,False,48,5,0.8,euclidean,random,StandardScaler_per_sample_dimension
C1=CC=C(N2CC3=C(C=CC=C3)C2)C=C1,3.1087556,-9.396662,False,48,5,0.8,euclidean,random,StandardScaler_per_sample_dimension
C1=CC=C(N2CC3=CC=CC=C3C2)C=C1,3.2834625,-9.2236395,False,48,5,0.8,euclidean,random,StandardScaler_per_sample_dimension
O=C1C2=C(C=CC=C2)C(=O)N1C1=CC=CC=C1,3.1313772,-9.4759865,False,48,5,0.8,euclidean,random,StandardScaler_per_sample_dimension
O=C1C2=CC=CC=C2C(=O)N1C1=CC=CC=C1,3.1163154,-9.479056,False,48,5,0.8,euclidean,random,StandardScaler_per_sample_dimension
C1=CC=C(C2=CC=CC=C2)C=C1,18.876776,4.0215516,True,48,5,0.8,euclidean,random,StandardScaler_per_sample_dimension
*CC1=CC=CC=C1,10.516673,4.9129314,True,48,5,0.8,euclidean,random,StandardScaler_per_sample_dimension
CC1=CC=C(OC2=CC=CC=C2)C=C1,1.7490251,-6.0618043,True,48,5,0.8,euclidean,random,StandardScaler_per_sample_dimension
CCC(=O)O,5.261886,-3.3679974,True,48,5,0.8,euclidean,random,StandardScaler_per_sample_dimension
CCCCCCO,5.643847,-1.1564891,True,48,5,0.8,euclidean,random,StandardScaler_per_sample_dimension
*CCCCC,7.7717066,8.378751,True,48,5,0.8,euclidean,random,StandardScaler_per_sample_dimension
*CCO,6.2670317,-4.439758,True,48,5,0.8,euclidean,random,StandardScaler_per_sample_dimension
CC1=CC(CN)=CC=C1,2.9681008,-11.208304,False,48,5,0.8,euclidean,random,StandardScaler_per_sample_dimension
CC1=CC=CC(CN)=C1,3.0766048,-11.038503,False,48,5,0.8,euclidean,random,StandardScaler_per_sample_dimension
CNCC1=CC(C)=CC=C1,27.572742,8.889415,False,48,5,0.8,euclidean,random,StandardScaler_per_sample_dimension
CNCC1=CC=CC(C)=C1,27.52829,8.859491,False,48,5,0.8,euclidean,random,StandardScaler_per_sample_dimension
CC1=CC(C(N)=O)=CC=C1,3.0146358,-11.069658,False,48,5,0.8,euclidean,random,StandardScaler_per_sample_dimension
CC1=CC=CC(C(N)=O)=C1,3.087697,-11.176651,False,48,5,0.8,euclidean,random,StandardScaler_per_sample_dimension
OCC1=CC=CC=C1,0.6596786,0.85821027,True,48,5,0.8,euclidean,random,StandardScaler_per_sample_dimension
CCCC=O,4.6773825,-1.614863,True,48,5,0.8,euclidean,random,StandardScaler_per_sample_dimension
CNC(=O)C1=CC(C)=CC=C1,27.531658,8.846926,True,48,5,0.8,euclidean,random,StandardScaler_per_sample_dimension
CNC(=O)C1=CC=CC(C)=C1,27.555412,8.691123,False,48,5,0.8,euclidean,random,StandardScaler_per_sample_dimension
CC(C)(C)C1=CC=CC=C1,9.655413,-5.711532,False,48,5,0.8,euclidean,random,StandardScaler_per_sample_dimension
CCC(=O)OC,5.2627163,-3.5432086,False,48,5,0.8,euclidean,random,StandardScaler_per_sample_dimension
*NCC,-7.136316,21.82271,False,48,5,0.8,euclidean,random,StandardScaler_per_sample_dimension
CCCNC,1.7973092,-2.574633,True,48,5,0.8,euclidean,random,StandardScaler_per_sample_dimension
OC1=CC=C(CC2=CC=CC=C2)C=C1,9.714204,-5.676846,True,48,5,0.8,euclidean,random,StandardScaler_per_sample_dimension
CC1=CC=C(N)C=C1,10.177674,7.336958,True,48,5,0.8,euclidean,random,StandardScaler_per_sample_dimension
CC1=CC=C(CN)C=C1,-1.9456477,-2.111899,False,48,5,0.8,euclidean,random,StandardScaler_per_sample_dimension
CC(C1=CC=CC=C1)C1=CC=CC=C1,9.374563,-5.713521,True,48,5,0.8,euclidean,random,StandardScaler_per_sample_dimension
CC1=CC(C)=C(C)C=C1,18.639515,3.452634,True,48,5,0.8,euclidean,random,StandardScaler_per_sample_dimension
CC1=CC=C(C)C(C)=C1,18.512093,3.2417653,False,48,5,0.8,euclidean,random,StandardScaler_per_sample_dimension
CNCC1=CC=C(C)C=C1,-2.298844,-2.4634054,False,48,5,0.8,euclidean,random,StandardScaler_per_sample_dimension
*CC*,5.4889765,-5.024397,True,48,5,0.8,euclidean,random,StandardScaler_per_sample_dimension
CCCCN,1.8153942,-2.4385583,True,48,5,0.8,euclidean,random,StandardScaler_per_sample_dimension
CCCCCCOC,5.9931974,-1.3082228,False,48,5,0.8,euclidean,random,StandardScaler_per_sample_dimension
COCC1=CC=CC=C1,0.632992,0.8349187,True,48,5,0.8,euclidean,random,StandardScaler_per_sample_dimension
CC1=CC=C(C(N)=O)C=C1,-2.0258915,-2.1489189,False,48,5,0.8,euclidean,random,StandardScaler_per_sample_dimension
CCCOC=O,6.3578596,-1.6420044,True,48,5,0.8,euclidean,random,StandardScaler_per_sample_dimension
COC1=CC=C(CC2=CC=CC=C2)C=C1,9.657086,-5.632021,True,48,5,0.8,euclidean,random,StandardScaler_per_sample_dimension
*NC=O,-7.0685515,21.62347,False,48,5,0.8,euclidean,random,StandardScaler_per_sample_dimension
CNC(=O)C1=CC=C(C)C=C1,-2.1844878,-2.705738,False,48,5,0.8,euclidean,random,StandardScaler_per_sample_dimension
*NC(C)=O,-7.116227,21.620623,False,48,5,0.8,euclidean,random,StandardScaler_per_sample_dimension
CC(C)(C1=CC=CC=C1)C1=CC=CC=C1,9.292402,-5.459337,False,48,5,0.8,euclidean,random,StandardScaler_per_sample_dimension
*CCOC,6.1445665,-4.2958264,True,48,5,0.8,euclidean,random,StandardScaler_per_sample_dimension
CCCOC1=CC=CC=C1,1.0068902,8.135358,True,48,5,0.8,euclidean,random,StandardScaler_per_sample_dimension
O=C(O)C1=CC=CC=C1,0.55883926,0.6350306,True,48,5,0.8,euclidean,random,StandardScaler_per_sample_dimension
CCC(C)C,0.7169249,10.628145,True,48,5,0.8,euclidean,random,StandardScaler_per_sample_dimension
NC1=CC=C(O)C=C1,-6.6239715,13.542947,False,48,5,0.8,euclidean,random,StandardScaler_per_sample_dimension
S,1.9746959,14.895658,True,48,5,0.8,euclidean,random,StandardScaler_per_sample_dimension
CCCCOCC,6.1352315,-1.7266474,True,48,5,0.8,euclidean,random,StandardScaler_per_sample_dimension
CC1=CC(C)=C(C=O)C=C1,18.940178,16.459553,True,48,5,0.8,euclidean,random,StandardScaler_per_sample_dimension
CC1=CC=C(C=O)C(C)=C1,18.888535,16.494377,False,48,5,0.8,euclidean,random,StandardScaler_per_sample_dimension
CC1=CC(CNC2=CC=CC=C2)=CC=C1,15.620641,-14.410264,True,48,5,0.8,euclidean,random,StandardScaler_per_sample_dimension
CC1=CC=CC(CNC2=CC=CC=C2)=C1,15.441093,-14.568642,False,48,5,0.8,euclidean,random,StandardScaler_per_sample_dimension
O=CC1=CC=C(O)C=C1,1.7593955,-6.099403,False,48,5,0.8,euclidean,random,StandardScaler_per_sample_dimension
CC1=CC(CNC=O)=CC=C1,16.05886,15.487117,False,48,5,0.8,euclidean,random,StandardScaler_per_sample_dimension
CC1=CC=CC(CNC=O)=C1,16.03403,15.536372,False,48,5,0.8,euclidean,random,StandardScaler_per_sample_dimension
CC1=CC(C(=O)NC2=CC=CC=C2)=CC=C1,15.51918,-14.680092,False,48,5,0.8,euclidean,random,StandardScaler_per_sample_dimension
CC1=CC=CC(C(=O)NC2=CC=CC=C2)=C1,15.445792,-14.564755,False,48,5,0.8,euclidean,random,StandardScaler_per_sample_dimension
*CC(*)C,5.1293416,-4.807554,True,48,5,0.8,euclidean,random,StandardScaler_per_sample_dimension
COC(=O)C1=CC=CC=C1,0.8364482,0.6987513,True,48,5,0.8,euclidean,random,StandardScaler_per_sample_dimension
CCCCCCCCC,5.189807,-1.5261142,False,48,5,0.8,euclidean,random,StandardScaler_per_sample_dimension
CC1=CC(C(=O)NC=O)=CC=C1,16.079247,15.44466,False,48,5,0.8,euclidean,random,StandardScaler_per_sample_dimension
CC1=CC=CC(C(=O)NC=O)=C1,16.190908,15.576873,False,48,5,0.8,euclidean,random,StandardScaler_per_sample_dimension
CC1=CC=C(CNC=O)C=C1,-2.864193,-3.0615892,False,48,5,0.8,euclidean,random,StandardScaler_per_sample_dimension
*C1=CC=C(C=O)C=C1,9.222336,19.291496,True,48,5,0.8,euclidean,random,StandardScaler_per_sample_dimension
CCCCNC,1.895858,-2.321701,True,48,5,0.8,euclidean,random,StandardScaler_per_sample_dimension
*N(C)C,-7.5630007,21.569742,False,48,5,0.8,euclidean,random,StandardScaler_per_sample_dimension
CC1=CC(C=O)=C(C)C=C1,19.038857,16.499249,False,48,5,0.8,euclidean,random,StandardScaler_per_sample_dimension
CC1=CC=C(C)C(C=O)=C1,18.850142,16.612627,False,48,5,0.8,euclidean,random,StandardScaler_per_sample_dimension
CC1=CC(C=O)=C(C=O)C=C1,18.842241,16.503445,True,48,5,0.8,euclidean,random,StandardScaler_per_sample_dimension
CC1=CC=C(C=O)C(C=O)=C1,18.859035,16.573296,False,48,5,0.8,euclidean,random,StandardScaler_per_sample_dimension
CC1=CC(C)=C(CN)C=C1,2.320694,24.597982,False,48,5,0.8,euclidean,random,StandardScaler_per_sample_dimension
CC1=CC=C(CN)C(C)=C1,2.1920712,24.494593,False,48,5,0.8,euclidean,random,StandardScaler_per_sample_dimension
*CCCO,5.7220545,-5.271239,True,48,5,0.8,euclidean,random,StandardScaler_per_sample_dimension
CC1=CC(CN)=C(C)C=C1,-2.7065797,-4.26881,False,48,5,0.8,euclidean,random,StandardScaler_per_sample_dimension
CC1=CC=C(C)C(CN)=C1,-2.5011632,-4.1429935,False,48,5,0.8,euclidean,random,StandardScaler_per_sample_dimension
*C1=CC(C)=CC=C1,20.03425,0.1418866,True,48,5,0.8,euclidean,random,StandardScaler_per_sample_dimension
*C1=CC=CC(C)=C1,19.975443,0.16385025,False,48,5,0.8,euclidean,random,StandardScaler_per_sample_dimension
CNC1=CC=C(C)C=C1,10.936058,7.011589,True,48,5,0.8,euclidean,random,StandardScaler_per_sample_dimension
CC1=CC(C)=C(C(N)=O)C=C1,2.15254,24.61316,True,48,5,0.8,euclidean,random,StandardScaler_per_sample_dimension
CC1=CC=C(C(N)=O)C(C)=C1,2.2621155,24.600515,False,48,5,0.8,euclidean,random,StandardScaler_per_sample_dimension
F,5.339361,3.972391,False,48,5,0.8,euclidean,random,StandardScaler_per_sample_dimension
CF,5.475325,4.065818,False,48,5,0.8,euclidean,random,StandardScaler_per_sample_dimension
CCOC1=CC=C(C)C=C1,1.5014684,8.023273,True,48,5,0.8,euclidean,random,StandardScaler_per_sample_dimension
COC1=CC=C(C=O)C=C1,1.5765626,-6.210992,True,48,5,0.8,euclidean,random,StandardScaler_per_sample_dimension
CC1=CC(C(N)=O)=C(C)C=C1,-2.6332374,-4.215555,False,48,5,0.8,euclidean,random,StandardScaler_per_sample_dimension
CC1=CC=C(C)C(C(N)=O)=C1,-2.6137493,-4.0235405,False,48,5,0.8,euclidean,random,StandardScaler_per_sample_dimension
CC1=CC(CN)=C(C=O)C=C1,-2.4025066,-3.934725,False,48,5,0.8,euclidean,random,StandardScaler_per_sample_dimension
CC1=CC=C(C=O)C(CN)=C1,-2.3661005,-4.0591865,False,48,5,0.8,euclidean,random,StandardScaler_per_sample_dimension
CC1=CC(C(N)=O)=C(C=O)C=C1,-2.5807498,-3.9533024,False,48,5,0.8,euclidean,random,StandardScaler_per_sample_dimension
CC1=CC=C(C=O)C(C(N)=O)=C1,-2.4910476,-3.8543901,False,48,5,0.8,euclidean,random,StandardScaler_per_sample_dimension
CC1=CC=C(C(=O)NC=O)C=C1,-3.054042,-3.3212757,True,48,5,0.8,euclidean,random,StandardScaler_per_sample_dimension
*N(C)CC,-7.283713,21.712807,False,48,5,0.8,euclidean,random,StandardScaler_per_sample_dimension
CC1=CC(C=O)=C(CN)C=C1,-2.5735016,-3.6201396,False,48,5,0.8,euclidean,random,StandardScaler_per_sample_dimension
CC1=CC=C(CN)C(C=O)=C1,-2.830777,-3.5529249,False,48,5,0.8,euclidean,random,StandardScaler_per_sample_dimension
CC1=CC(C=O)=C(C(N)=O)C=C1,-2.8064806,-3.3400066,False,48,5,0.8,euclidean,random,StandardScaler_per_sample_dimension
CC1=CC=C(C(N)=O)C(C=O)=C1,-2.9540837,-3.3809023,False,48,5,0.8,euclidean,random,StandardScaler_per_sample_dimension
O=COC1=CC=CC=C1,1.2073117,9.642989,True,48,5,0.8,euclidean,random,StandardScaler_per_sample_dimension
CC1=CC2=C(C=C1)CNC2,-3.1424994,-3.2726288,False,48,5,0.8,euclidean,random,StandardScaler_per_sample_dimension
CC1=CC=C2CNCC2=C1,-3.0889263,-3.3777966,False,48,5,0.8,euclidean,random,StandardScaler_per_sample_dimension
CC1=CC2=C(C=C1)C(=O)NC2,-3.3288195,-3.2851112,False,48,5,0.8,euclidean,random,StandardScaler_per_sample_dimension
CC1=CC2=C(C=C1)CNC2=O,-3.4626305,-3.106346,False,48,5,0.8,euclidean,random,StandardScaler_per_sample_dimension
CC1=CC=C2C(=O)NCC2=C1,-3.200625,-3.2307613,False,48,5,0.8,euclidean,random,StandardScaler_per_sample_dimension
CC1=CC=C2CNC(=O)C2=C1,-3.0821753,-3.3825383,False,48,5,0.8,euclidean,random,StandardScaler_per_sample_dimension
CC1=CC2=C(C=C1)C(=O)NC2=O,-3.3479056,-3.474024,False,48,5,0.8,euclidean,random,StandardScaler_per_sample_dimension
CC1=CC=C2C(=O)NC(=O)C2=C1,-3.294762,-3.3102407,False,48,5,0.8,euclidean,random,StandardScaler_per_sample_dimension
CCOC(=O)CC,5.620189,-3.4529338,True,48,5,0.8,euclidean,random,StandardScaler_per_sample_dimension
COC1=CC=C(N)C=C1,-6.622158,13.425097,True,48,5,0.8,euclidean,random,StandardScaler_per_sample_dimension
CNCC1=C(C)C=C(C)C=C1,-12.686432,13.212018,False,48,5,0.8,euclidean,random,StandardScaler_per_sample_dimension
CNCC1=CC=C(C)C=C1C,-12.821268,13.081086,False,48,5,0.8,euclidean,random,StandardScaler_per_sample_dimension
*C(C)=O,9.437932,5.6023,True,48,5,0.8,euclidean,random,StandardScaler_per_sample_dimension
CNCC1=C(C)C=CC(C)=C1,-12.8334675,13.091425,True,48,5,0.8,euclidean,random,StandardScaler_per_sample_dimension
CNCC1=CC(C)=CC=C1C,-12.80036,13.094195,False,48,5,0.8,euclidean,random,StandardScaler_per_sample_dimension
CC1=CC=C(CN(C)C)C=C1,-16.976187,3.5699952,False,48,5,0.8,euclidean,random,StandardScaler_per_sample_dimension
CC1=CC=C(C(=O)N(C)C)C=C1,-16.98601,3.5882633,False,48,5,0.8,euclidean,random,StandardScaler_per_sample_dimension
*CCCCCC,7.6417146,8.668846,True,48,5,0.8,euclidean,random,StandardScaler_per_sample_dimension
CCCCC=O,4.28127,-1.1721473,True,48,5,0.8,euclidean,random,StandardScaler_per_sample_dimension
CC1=CC=C2CN(C)CC2=C1,-16.860744,3.734152,True,48,5,0.8,euclidean,random,StandardScaler_per_sample_dimension
CC1=CC=C2C(=O)N(C)CC2=C1,-16.963629,3.554097,False,48,5,0.8,euclidean,random,StandardScaler_per_sample_dimension
CC1=CC=C2CN(C)C(=O)C2=C1,-16.77804,3.7652175,False,48,5,0.8,euclidean,random,StandardScaler_per_sample_dimension
CC1=CC=C2C(=O)N(C)C(=O)C2=C1,-16.868656,3.6785243,False,48,5,0.8,euclidean,random,StandardScaler_per_sample_dimension
*CCCOC,5.5603633,-5.2781167,False,48,5,0.8,euclidean,random,StandardScaler_per_sample_dimension
CCCOC(C)=O,6.7409906,-1.2232568,True,48,5,0.8,euclidean,random,StandardScaler_per_sample_dimension
O=CC1=CC(C=O)=CC=C1,-3.357888,26.096571,True,48,5,0.8,euclidean,random,StandardScaler_per_sample_dimension
O=CC1=CC=CC(C=O)=C1,-3.500928,26.24003,False,48,5,0.8,euclidean,random,StandardScaler_per_sample_dimension
CC1=CC=C(CNC2=CC=CC=C2)C=C1,-5.797874,5.9241033,True,48,5,0.8,euclidean,random,StandardScaler_per_sample_dimension
CC(C)C1=CC=C(O)C=C1,9.485352,-6.1441765,False,48,5,0.8,euclidean,random,StandardScaler_per_sample_dimension
*N(C)C=O,-7.197858,21.511593,False,48,5,0.8,euclidean,random,StandardScaler_per_sample_dimension
*N(C)C(C)=O,-7.399762,21.364717,False,48,5,0.8,euclidean,random,StandardScaler_per_sample_dimension
CC1=CC=C(C(=O)NC2=CC=CC=C2)C=C1,-5.912327,5.8056583,False,48,5,0.8,euclidean,random,StandardScaler_per_sample_dimension
CCCCCN,1.4752266,-2.7668667,True,48,5,0.8,euclidean,random,StandardScaler_per_sample_dimension
*N(CC)CC,-7.789905,21.376907,False,48,5,0.8,euclidean,random,StandardScaler_per_sample_dimension
*N(C=O)CC,-6.984856,21.494856,True,48,5,0.8,euclidean,random,StandardScaler_per_sample_dimension
O=CC1=CC=C(C=O)C=C1,-1.5397947,-1.4463422,True,48,5,0.8,euclidean,random,StandardScaler_per_sample_dimension
*CCOCC,6.1002855,-3.8249526,True,48,5,0.8,euclidean,random,StandardScaler_per_sample_dimension
CCCCOC=O,6.219707,-1.2103716,True,48,5,0.8,euclidean,random,StandardScaler_per_sample_dimension
*N(CC)C(C)=O,-7.218079,21.451893,False,48,5,0.8,euclidean,random,StandardScaler_per_sample_dimension
FCF,5.426691,4.1351256,True,48,5,0.8,euclidean,random,StandardScaler_per_sample_dimension
CCF,5.5500827,4.2425537,True,48,5,0.8,euclidean,random,StandardScaler_per_sample_dimension
CC(F)F,5.3239193,4.2384825,False,48,5,0.8,euclidean,random,StandardScaler_per_sample_dimension
CCCCCCCCCC,5.314842,-1.1703668,False,48,5,0.8,euclidean,random,StandardScaler_per_sample_dimension
CC(C1=CC=CC=C1)C1=CC=C(O)C=C1,9.622975,-6.031325,True,48,5,0.8,euclidean,random,StandardScaler_per_sample_dimension
COC1=CC=C(C(C)C)C=C1,9.930854,-6.1124487,False,48,5,0.8,euclidean,random,StandardScaler_per_sample_dimension
*NCC1=CC=CC=C1,-7.6321034,21.022318,False,48,5,0.8,euclidean,random,StandardScaler_per_sample_dimension
CCCNC=O,1.3087724,-2.7094347,True,48,5,0.8,euclidean,random,StandardScaler_per_sample_dimension
*NC(=O)C1=CC=CC=C1,-7.540493,20.955374,False,48,5,0.8,euclidean,random,StandardScaler_per_sample_dimension
*CC=O,5.8438463,-5.184259,True,48,5,0.8,euclidean,random,StandardScaler_per_sample_dimension
CCCNCC,1.6024022,-3.030523,True,48,5,0.8,euclidean,random,StandardScaler_per_sample_dimension
CC1=CC(O)=CC=C1,0.58858556,16.662268,False,48,5,0.8,euclidean,random,StandardScaler_per_sample_dimension
CC1=CC=CC(O)=C1,0.62740004,16.68399,False,48,5,0.8,euclidean,random,StandardScaler_per_sample_dimension
CCCC(C)C,0.64451253,10.505913,True,48,5,0.8,euclidean,random,StandardScaler_per_sample_dimension
CC(C)(C)C1=CC=C(O)C=C1,10.060635,-5.733567,False,48,5,0.8,euclidean,random,StandardScaler_per_sample_dimension
CC(=O)OC1=CC=CC=C1,1.135235,9.649075,True,48,5,0.8,euclidean,random,StandardScaler_per_sample_dimension
CC1=CC(CN(C)C2=CC=CC=C2)=CC=C1,16.67213,-9.657468,False,48,5,0.8,euclidean,random,StandardScaler_per_sample_dimension
CC1=CC=CC(CN(C)C2=CC=CC=C2)=C1,16.859226,-9.904156,False,48,5,0.8,euclidean,random,StandardScaler_per_sample_dimension
COC1=CC=C(C(C)C2=CC=CC=C2)C=C1,9.747166,-5.951705,True,48,5,0.8,euclidean,random,StandardScaler_per_sample_dimension
CNC1=CC=C(O)C=C1,-6.7317624,13.579121,False,48,5,0.8,euclidean,random,StandardScaler_per_sample_dimension
*CCC=O,5.646688,-5.1601663,True,48,5,0.8,euclidean,random,StandardScaler_per_sample_dimension
CC1=CC(C)=C(CNC2=CC=CC=C2)C=C1,16.370602,-9.179885,False,48,5,0.8,euclidean,random,StandardScaler_per_sample_dimension
CC1=CC=C(CNC2=CC=CC=C2)C(C)=C1,16.241915,-9.095464,False,48,5,0.8,euclidean,random,StandardScaler_per_sample_dimension
CC1=CC(C)=C(C(=O)NC2=CC=CC=C2)C=C1,16.372915,-9.220123,False,48,5,0.8,euclidean,random,StandardScaler_per_sample_dimension
CC1=CC=C(C(=O)NC2=CC=CC=C2)C(C)=C1,16.209848,-9.043921,False,48,5,0.8,euclidean,random,StandardScaler_per_sample_dimension
CCCCCCCO,4.8110538,-0.4832437,True,48,5,0.8,euclidean,random,StandardScaler_per_sample_dimension
CC1=CC(CNC2=CC=CC=C2)=C(C)C=C1,-10.686885,-8.203746,False,48,5,0.8,euclidean,random,StandardScaler_per_sample_dimension
CC1=CC=C(C)C(CNC2=CC=CC=C2)=C1,-10.624272,-8.134901,False,48,5,0.8,euclidean,random,StandardScaler_per_sample_dimension
CC1=CC(C(=O)NC2=CC=CC=C2)=C(C)C=C1,-10.750753,-8.199395,False,48,5,0.8,euclidean,random,StandardScaler_per_sample_dimension
CC1=CC=C(C)C(C(=O)NC2=CC=CC=C2)=C1,-10.673062,-8.203692,False,48,5,0.8,euclidean,random,StandardScaler_per_sample_dimension
CC1=CC(CNC2=CC=CC=C2)=C(C=O)C=C1,-10.791918,-8.294926,False,48,5,0.8,euclidean,random,StandardScaler_per_sample_dimension
CC1=CC=C(C=O)C(CNC2=CC=CC=C2)=C1,-10.72527,-8.154116,False,48,5,0.8,euclidean,random,StandardScaler_per_sample_dimension
*CC(C)C,-6.13256,-6.9523263,True,48,5,0.8,euclidean,random,StandardScaler_per_sample_dimension
CCCCOC1=CC=CC=C1,0.9102751,7.86553,True,48,5,0.8,euclidean,random,StandardScaler_per_sample_dimension
*OC1=CC=C(C)C=C1,11.208053,-5.664515,True,48,5,0.8,euclidean,random,StandardScaler_per_sample_dimension
CC1=CC(C=O)=C(CNC2=CC=CC=C2)C=C1,16.549177,-9.416348,True,48,5,0.8,euclidean,random,StandardScaler_per_sample_dimension
CC1=CC=C(CNC2=CC=CC=C2)C(C=O)=C1,16.700653,-9.528449,False,48,5,0.8,euclidean,random,StandardScaler_per_sample_dimension
CC1=CC=C(NC=O)C=C1,11.370189,6.9005337,True,48,5,0.8,euclidean,random,StandardScaler_per_sample_dimension
*C1=CC(C)=C(C)C=C1,20.2095,-0.16499002,True,48,5,0.8,euclidean,random,StandardScaler_per_sample_dimension
*C1=CC=C(C)C(C)=C1,20.110271,-0.088292584,False,48,5,0.8,euclidean,random,StandardScaler_per_sample_dimension
CS,2.1631134,14.874592,True,48,5,0.8,euclidean,random,StandardScaler_per_sample_dimension
CC1=CC2=C(C=C1)CN(C1=CC=CC=C1)C2,16.826136,-9.69631,False,48,5,0.8,euclidean,random,StandardScaler_per_sample_dimension
CC1=CC=C2CN(C3=CC=CC=C3)CC2=C1,16.709272,-9.682085,False,48,5,0.8,euclidean,random,StandardScaler_per_sample_dimension
CC1=CC2=C(C=C1)C(=O)N(C1=CC=CC=C1)C2,16.769201,-9.674842,False,48,5,0.8,euclidean,random,StandardScaler_per_sample_dimension
CC1=CC2=C(C=C1)CN(C1=CC=CC=C1)C2=O,16.802614,-9.864847,False,48,5,0.8,euclidean,random,StandardScaler_per_sample_dimension
CC1=CC=C2C(=O)N(C3=CC=CC=C3)CC2=C1,16.737148,-9.74627,False,48,5,0.8,euclidean,random,StandardScaler_per_sample_dimension
CC1=CC=C2CN(C3=CC=CC=C3)C(=O)C2=C1,16.878475,-9.811277,False,48,5,0.8,euclidean,random,StandardScaler_per_sample_dimension
CCCCCCN,1.6891584,-2.9088383,False,48,5,0.8,euclidean,random,StandardScaler_per_sample_dimension
*C1=CC(C=O)=CC=C1,20.912735,-0.8522281,False,48,5,0.8,euclidean,random,StandardScaler_per_sample_dimension
*C1=CC=CC(C=O)=C1,20.876995,-0.81773025,False,48,5,0.8,euclidean,random,StandardScaler_per_sample_dimension
CC(C)(C1=CC=CC=C1)C1=CC=C(O)C=C1,9.802108,-5.662451,False,48,5,0.8,euclidean,random,StandardScaler_per_sample_dimension
CCCCCNC,1.5854189,-2.6622531,True,48,5,0.8,euclidean,random,StandardScaler_per_sample_dimension
O=CNC1=CC=C(O)C=C1,-6.8988295,13.879784,False,48,5,0.8,euclidean,random,StandardScaler_per_sample_dimension
COC1=CC(C)=CC=C1,0.34806377,16.6589,True,48,5,0.8,euclidean,random,StandardScaler_per_sample_dimension
COC1=CC=CC(C)=C1,0.5511917,16.656775,False,48,5,0.8,euclidean,random,StandardScaler_per_sample_dimension
CCNC1=CC=C(O)C=C1,-6.845717,13.820521,True,48,5,0.8,euclidean,random,StandardScaler_per_sample_dimension
*N(C)CC1=CC=CC=C1,-8.177804,21.287,False,48,5,0.8,euclidean,random,StandardScaler_per_sample_dimension
CCCCCCCOC,4.5247025,-0.3347536,False,48,5,0.8,euclidean,random,StandardScaler_per_sample_dimension
*C(C)C=O,5.0941076,-4.3680015,True,48,5,0.8,euclidean,random,StandardScaler_per_sample_dimension
COC1=CC=C(C(C)(C)C)C=C1,10.220655,-5.7634807,False,48,5,0.8,euclidean,random,StandardScaler_per_sample_dimension
*N(C)C(=O)C1=CC=CC=C1,-7.5094595,21.049358,True,48,5,0.8,euclidean,random,StandardScaler_per_sample_dimension
OC1=CC=C(CC2=CC=C(O)C=C2)C=C1,10.687685,-5.708889,True,48,5,0.8,euclidean,random,StandardScaler_per_sample_dimension
CCC1=CC(C)=CC=C1,19.118448,0.9156089,True,48,5,0.8,euclidean,random,StandardScaler_per_sample_dimension
CCC1=CC=CC(C)=C1,19.040245,1.0046895,False,48,5,0.8,euclidean,random,StandardScaler_per_sample_dimension
CC(=O)NC1=CC=C(O)C=C1,-7.1023426,13.89918,False,48,5,0.8,euclidean,random,StandardScaler_per_sample_dimension
FC(F)F,5.4044023,4.715309,False,48,5,0.8,euclidean,random,StandardScaler_per_sample_dimension
CCC(N)=O,3.2175968,-1.4187268,False,48,5,0.8,euclidean,random,StandardScaler_per_sample_dimension
*C1=CC=C(CN)C=C1,9.273947,19.418953,False,48,5,0.8,euclidean,random,StandardScaler_per_sample_dimension
*C1=CC=C(C(N)=O)C=C1,9.210756,19.448364,True,48,5,0.8,euclidean,random,StandardScaler_per_sample_dimension
*C1=CC=C(CNC)C=C1,-6.0346766,-1.8255063,False,48,5,0.8,euclidean,random,StandardScaler_per_sample_dimension
*C1=CC=C(C(=O)NC)C=C1,-6.1080384,-1.8299474,False,48,5,0.8,euclidean,random,StandardScaler_per_sample_dimension
CCCCCOCC,5.7392397,-0.74710065,True,48,5,0.8,euclidean,random,StandardScaler_per_sample_dimension
COC1=CC=C(CC2=CC=C(O)C=C2)C=C1,10.242289,-5.7347894,True,48,5,0.8,euclidean,random,StandardScaler_per_sample_dimension
*C1=CC(CNC)=CC=C1,-6.1533465,-1.9979403,False,48,5,0.8,euclidean,random,StandardScaler_per_sample_dimension
*C1=CC(C(=O)NC)=CC=C1,-6.247733,-1.7994674,False,48,5,0.8,euclidean,random,StandardScaler_per_sample_dimension
*C1=CC(CN)=CC=C1,20.768497,-0.90764886,True,48,5,0.8,euclidean,random,StandardScaler_per_sample_dimension
*C1=CC=CC(CN)=C1,20.76647,-0.82519424,False,48,5,0.8,euclidean,random,StandardScaler_per_sample_dimension
*C1=CC(C(N)=O)=CC=C1,20.698496,-0.7852876,False,48,5,0.8,euclidean,random,StandardScaler_per_sample_dimension
*C1=CC=CC(C(N)=O)=C1,20.833582,-0.7850475,False,48,5,0.8,euclidean,random,StandardScaler_per_sample_dimension
CC(C)CO,-5.990542,-6.6627994,True,48,5,0.8,euclidean,random,StandardScaler_per_sample_dimension
COC1=CC=C(C(C)(C)C2=CC=CC=C2)C=C1,9.925466,-5.719298,False,48,5,0.8,euclidean,random,StandardScaler_per_sample_dimension
CC(F)(F)F,5.373454,4.659723,True,48,5,0.8,euclidean,random,StandardScaler_per_sample_dimension
CCC(C)CC,1.236833,10.702758,True,48,5,0.8,euclidean,random,StandardScaler_per_sample_dimension
CCCCCOC=O,6.200373,-1.3328837,True,48,5,0.8,euclidean,random,StandardScaler_per_sample_dimension
NC1=CC=C(OC2=CC=CC=C2)C=C1,-6.297836,13.23197,True,48,5,0.8,euclidean,random,StandardScaler_per_sample_dimension
CCNC1=CC=C(C)C=C1,11.830466,6.7882895,True,48,5,0.8,euclidean,random,StandardScaler_per_sample_dimension
CCC1=CC=C(C)C=C1,6.4740624,12.016754,True,48,5,0.8,euclidean,random,StandardScaler_per_sample_dimension
CNC1=CC=C(OC)C=C1,-6.6968293,13.410594,False,48,5,0.8,euclidean,random,StandardScaler_per_sample_dimension
CCC(=O)NC,3.5168958,-0.9935394,True,48,5,0.8,euclidean,random,StandardScaler_per_sample_dimension
NCC1=CC(C=O)=CC=C1,-3.7105107,26.438122,False,48,5,0.8,euclidean,random,StandardScaler_per_sample_dimension
NCC1=CC=CC(C=O)=C1,-3.5963635,26.334225,False,48,5,0.8,euclidean,random,StandardScaler_per_sample_dimension
NC(=O)C1=CC(C=O)=CC=C1,-3.5854318,26.322937,False,48,5,0.8,euclidean,random,StandardScaler_per_sample_dimension
NC(=O)C1=CC=CC(C=O)=C1,-3.6701777,26.411655,False,48,5,0.8,euclidean,random,StandardScaler_per_sample_dimension
*C1=CC=C(C)C(C=O)=C1,20.170307,-0.3544901,False,48,5,0.8,euclidean,random,StandardScaler_per_sample_dimension
*C1=CC=C(CNC2=CC=CC=C2)C=C1,9.063467,19.545965,False,48,5,0.8,euclidean,random,StandardScaler_per_sample_dimension
*C1=CC=C(C(=O)NC2=CC=CC=C2)C=C1,9.142095,19.47824,False,48,5,0.8,euclidean,random,StandardScaler_per_sample_dimension
CNCC1=CC(C=O)=CC=C1,-3.7642362,26.499,True,48,5,0.8,euclidean,random,StandardScaler_per_sample_dimension
CNCC1=CC=CC(C=O)=C1,-3.9891477,26.70779,False,48,5,0.8,euclidean,random,StandardScaler_per_sample_dimension
CNC(=O)C1=CC(C=O)=CC=C1,-3.9173827,26.63593,False,48,5,0.8,euclidean,random,StandardScaler_per_sample_dimension
CNC(=O)C1=CC=CC(C=O)=C1,-3.7237139,26.454306,False,48,5,0.8,euclidean,random,StandardScaler_per_sample_dimension
CCCCCC=O,4.1295853,-1.1922935,True,48,5,0.8,euclidean,random,StandardScaler_per_sample_dimension
*N1CC2=C(C=CC=C2)C1=O,-7.682633,20.98144,False,48,5,0.8,euclidean,random,StandardScaler_per_sample_dimension
*N1CC2=CC=CC=C2C1=O,-7.9239564,20.958427,False,48,5,0.8,euclidean,random,StandardScaler_per_sample_dimension
*N1CC2=C(C=CC=C2)C1,-8.535732,21.065424,False,48,5,0.8,euclidean,random,StandardScaler_per_sample_dimension
*N1CC2=CC=CC=C2C1,-8.422253,20.94374,False,48,5,0.8,euclidean,random,StandardScaler_per_sample_dimension
*N1C(=O)C2=C(C=CC=C2)C1=O,-8.53057,21.015217,False,48,5,0.8,euclidean,random,StandardScaler_per_sample_dimension
*N1C(=O)C2=CC=CC=C2C1=O,-8.558098,21.142973,False,48,5,0.8,euclidean,random,StandardScaler_per_sample_dimension
*C(C)CO,5.298825,-3.9120219,False,48,5,0.8,euclidean,random,StandardScaler_per_sample_dimension
*C1=CC=C(C)C(CN)=C1,20.414656,-0.73928314,False,48,5,0.8,euclidean,random,StandardScaler_per_sample_dimension
*C1=CC=C(C)C(C(N)=O)=C1,20.481583,-0.58257276,False,48,5,0.8,euclidean,random,StandardScaler_per_sample_dimension
CCC1=CC=C(OC2=CC=CC=C2)C=C1,5.154522,11.175058,True,48,5,0.8,euclidean,random,StandardScaler_per_sample_dimension
COC1=CC=C(NC=O)C=C1,-6.685161,13.371791,False,48,5,0.8,euclidean,random,StandardScaler_per_sample_dimension
CCNC1=CC=C(OC)C=C1,-6.7116737,13.446038,False,48,5,0.8,euclidean,random,StandardScaler_per_sample_dimension
*C1=CC(CNC2=CC=CC=C2)=CC=C1,-4.9344416,-11.856771,False,48,5,0.8,euclidean,random,StandardScaler_per_sample_dimension
*C1=CC=CC(CNC2=CC=CC=C2)=C1,-5.079483,-11.886142,False,48,5,0.8,euclidean,random,StandardScaler_per_sample_dimension
*C1=CC(C(=O)NC2=CC=CC=C2)=CC=C1,-4.9006033,-11.95931,False,48,5,0.8,euclidean,random,StandardScaler_per_sample_dimension
*C1=CC=CC(C(=O)NC2=CC=CC=C2)=C1,-4.933857,-11.9764595,False,48,5,0.8,euclidean,random,StandardScaler_per_sample_dimension
COC1=CC=C(NC(C)=O)C=C1,-6.6389213,13.412271,False,48,5,0.8,euclidean,random,StandardScaler_per_sample_dimension
*C(C)COC,5.238849,-4.223268,True,48,5,0.8,euclidean,random,StandardScaler_per_sample_dimension
COCC(C)C,-5.7427235,-6.544646,False,48,5,0.8,euclidean,random,StandardScaler_per_sample_dimension
CCCCOC(C)=O,6.56223,-1.0973625,True,48,5,0.8,euclidean,random,StandardScaler_per_sample_dimension
*C1=CC=C(C=O)C(C)=C1,9.404402,20.466852,True,48,5,0.8,euclidean,random,StandardScaler_per_sample_dimension
CC(C)C=O,-5.8850074,-6.899599,True,48,5,0.8,euclidean,random,StandardScaler_per_sample_dimension
CCCOCCC,6.9928713,-1.0345656,True,48,5,0.8,euclidean,random,StandardScaler_per_sample_dimension
*C1=CC=C(C)C(CNC2=CC=CC=C2)=C1,-4.8005347,-11.897401,False,48,5,0.8,euclidean,random,StandardScaler_per_sample_dimension
*C1=CC=C(C)C(C(=O)NC2=CC=CC=C2)=C1,-4.807562,-11.798905,False,48,5,0.8,euclidean,random,StandardScaler_per_sample_dimension
CCCNC(C)=O,1.4183087,-3.251902,True,48,5,0.8,euclidean,random,StandardScaler_per_sample_dimension
CCCCNCC,1.6040564,-3.2578218,True,48,5,0.8,euclidean,random,StandardScaler_per_sample_dimension
*C1=CC=C(C=O)C(C=O)=C1,9.602739,20.35944,False,48,5,0.8,euclidean,random,StandardScaler_per_sample_dimension
*C1=CC=C(C=O)C(CN)=C1,9.504905,20.598133,False,48,5,0.8,euclidean,random,StandardScaler_per_sample_dimension
*C1=CC=C(C=O)C(C(N)=O)=C1,9.473876,20.620647,False,48,5,0.8,euclidean,random,StandardScaler_per_sample_dimension
*C1=CC2=C(C=C1)CNC2,9.5567045,20.147833,False,48,5,0.8,euclidean,random,StandardScaler_per_sample_dimension
*C1=CC=C2CNCC2=C1,9.699098,20.310616,False,48,5,0.8,euclidean,random,StandardScaler_per_sample_dimension
*C1=CC2=C(C=C1)C(=O)NC2,9.727618,20.612942,False,48,5,0.8,euclidean,random,StandardScaler_per_sample_dimension
*C1=CC2=C(C=C1)CNC2=O,9.730957,20.480164,False,48,5,0.8,euclidean,random,StandardScaler_per_sample_dimension
*C1=CC=C2C(=O)NCC2=C1,9.718491,20.31113,False,48,5,0.8,euclidean,random,StandardScaler_per_sample_dimension
*C1=CC=C2CNC(=O)C2=C1,9.73356,20.436094,False,48,5,0.8,euclidean,random,StandardScaler_per_sample_dimension
*C1=CC2=C(C=C1)C(=O)NC2=O,9.953413,20.465971,False,48,5,0.8,euclidean,random,StandardScaler_per_sample_dimension
*C1=CC=C2C(=O)NC(=O)C2=C1,9.90271,20.708488,False,48,5,0.8,euclidean,random,StandardScaler_per_sample_dimension
O=CC1=CC=C(OC2=CC=CC=C2)C=C1,1.5798072,-6.2209826,True,48,5,0.8,euclidean,random,StandardScaler_per_sample_dimension
CC1=C(O)C=CC=C1,18.331505,23.288307,True,48,5,0.8,euclidean,random,StandardScaler_per_sample_dimension
CC1=CC=CC=C1O,18.414585,23.183996,False,48,5,0.8,euclidean,random,StandardScaler_per_sample_dimension
*C(C)(C)C,-6.482222,-7.411386,True,48,5,0.8,euclidean,random,StandardScaler_per_sample_dimension
CCCCCCNC,1.3941907,-2.8767593,False,48,5,0.8,euclidean,random,StandardScaler_per_sample_dimension
CCCCCCCCO,4.3232455,-0.2235657,True,48,5,0.8,euclidean,random,StandardScaler_per_sample_dimension
CNC1=CC=C(OC2=CC=CC=C2)C=C1,-6.476155,13.287571,False,48,5,0.8,euclidean,random,StandardScaler_per_sample_dimension
CCCCCOC1=CC=CC=C1,0.61671454,7.6636868,True,48,5,0.8,euclidean,random,StandardScaler_per_sample_dimension
OCCO,7.0282536,-3.8408215,True,48,5,0.8,euclidean,random,StandardScaler_per_sample_dimension
OC1=CC=C(NCC2=CC=CC=C2)C=C1,-6.5696855,13.201925,False,48,5,0.8,euclidean,random,StandardScaler_per_sample_dimension
*CC1=CC=C(C)C=C1,10.88815,4.6458406,True,48,5,0.8,euclidean,random,StandardScaler_per_sample_dimension
CCCF,20.585505,13.615836,False,48,5,0.8,euclidean,random,StandardScaler_per_sample_dimension
COCCO,6.8895717,-3.635877,False,48,5,0.8,euclidean,random,StandardScaler_per_sample_dimension
*CC(*)C=O,5.789784,-5.099583,True,48,5,0.8,euclidean,random,StandardScaler_per_sample_dimension
O=CNC1=CC=C(OC2=CC=CC=C2)C=C1,-6.381221,13.375787,False,48,5,0.8,euclidean,random,StandardScaler_per_sample_dimension
O=C(NC1=CC=C(O)C=C1)C1=CC=CC=C1,-6.434333,13.11904,False,48,5,0.8,euclidean,random,StandardScaler_per_sample_dimension
CCNC1=CC=C(OC2=CC=CC=C2)C=C1,-6.594253,13.467469,True,48,5,0.8,euclidean,random,StandardScaler_per_sample_dimension
*C1=CC=C(C=O)C(CNC2=CC=CC=C2)=C1,12.700982,-19.300272,False,48,5,0.8,euclidean,random,StandardScaler_per_sample_dimension
CCCC1=CC=CC=C1,-0.86621565,10.758527,True,48,5,0.8,euclidean,random,StandardScaler_per_sample_dimension
CC(C)O,-3.194194,3.220322,True,48,5,0.8,euclidean,random,StandardScaler_per_sample_dimension
CCC(F)F,20.462189,13.39958,False,48,5,0.8,euclidean,random,StandardScaler_per_sample_dimension
CCCCCCCCOC,4.163135,-0.2522227,False,48,5,0.8,euclidean,random,StandardScaler_per_sample_dimension
*C1=CC2=C(C=C1)CN(C1=CC=CC=C1)C2,12.539242,-19.320393,False,48,5,0.8,euclidean,random,StandardScaler_per_sample_dimension
*C1=CC=C2CN(C3=CC=CC=C3)CC2=C1,12.670249,-19.4769,False,48,5,0.8,euclidean,random,StandardScaler_per_sample_dimension
*C1=CC2=C(C=C1)C(=O)N(C1=CC=CC=C1)C2,12.605112,-19.394918,False,48,5,0.8,euclidean,random,StandardScaler_per_sample_dimension
*C1=CC2=C(C=C1)CN(C1=CC=CC=C1)C2=O,12.691514,-19.543356,False,48,5,0.8,euclidean,random,StandardScaler_per_sample_dimension
*C1=CC=C2C(=O)N(C3=CC=CC=C3)CC2=C1,12.652369,-19.476074,False,48,5,0.8,euclidean,random,StandardScaler_per_sample_dimension
*C1=CC=C2CN(C3=CC=CC=C3)C(=O)C2=C1,12.623548,-19.445412,False,48,5,0.8,euclidean,random,StandardScaler_per_sample_dimension
CC(=O)NC1=CC=C(OC2=CC=CC=C2)C=C1,-6.5463257,13.45261,False,48,5,0.8,euclidean,random,StandardScaler_per_sample_dimension
CC(C1=CC=C(O)C=C1)C1=CC=C(O)C=C1,10.195889,-5.638375,True,48,5,0.8,euclidean,random,StandardScaler_per_sample_dimension
*CCC(=O)O,5.9164906,-5.347809,True,48,5,0.8,euclidean,random,StandardScaler_per_sample_dimension
CC(=O)NC1=CC=C(C)C=C1,11.822683,6.8496013,True,48,5,0.8,euclidean,random,StandardScaler_per_sample_dimension
*CC(=O)O,5.9705925,-4.894911,False,48,5,0.8,euclidean,random,StandardScaler_per_sample_dimension
*C(=O)C1=CC=CC=C1,9.698699,5.1176777,True,48,5,0.8,euclidean,random,StandardScaler_per_sample_dimension
NCC1=CC=C(C=O)C=C1,-1.9191355,-1.7453713,False,48,5,0.8,euclidean,random,StandardScaler_per_sample_dimension
NC(=O)C1=CC=C(C=O)C=C1,-1.8913941,-1.7987516,False,48,5,0.8,euclidean,random,StandardScaler_per_sample_dimension
C=C,6.9035826,6.4190526,False,48,5,0.8,euclidean,random,StandardScaler_per_sample_dimension
COC1=CC=C(C(C)C2=CC=C(O)C=C2)C=C1,10.053121,-5.9116535,True,48,5,0.8,euclidean,random,StandardScaler_per_sample_dimension
*C(C)C(=O)O,5.1205573,-4.011734,False,48,5,0.8,euclidean,random,StandardScaler_per_sample_dimension
*CCC(=O)OC,5.7734504,-5.040151,False,48,5,0.8,euclidean,random,StandardScaler_per_sample_dimension
*CC(=O)OC,5.9824677,-4.835761,True,48,5,0.8,euclidean,random,StandardScaler_per_sample_dimension
C=CC,18.988266,18.207623,True,48,5,0.8,euclidean,random,StandardScaler_per_sample_dimension
CNCC1=CC=C(C=O)C=C1,-2.0127466,-1.9253185,True,48,5,0.8,euclidean,random,StandardScaler_per_sample_dimension
CNC(=O)C1=CC=C(C=O)C=C1,-2.1220431,-1.9456916,False,48,5,0.8,euclidean,random,StandardScaler_per_sample_dimension
CCCCCCOCC,6.056143,-0.76124454,True,48,5,0.8,euclidean,random,StandardScaler_per_sample_dimension
COC1=CC=C(NCC2=CC=CC=C2)C=C1,-6.5269947,13.173121,False,48,5,0.8,euclidean,random,StandardScaler_per_sample_dimension
COC1=CC=C(NC(=O)C2=CC=CC=C2)C=C1,-6.5539517,13.115879,False,48,5,0.8,euclidean,random,StandardScaler_per_sample_dimension
*C(C)C(=O)OC,5.1688237,-4.1482487,True,48,5,0.8,euclidean,random,StandardScaler_per_sample_dimension
CCCC(=O)O,5.189377,-1.3587396,True,48,5,0.8,euclidean,random,StandardScaler_per_sample_dimension
CSC,2.0053747,14.679546,False,48,5,0.8,euclidean,random,StandardScaler_per_sample_dimension
*CCCOCC,6.252845,-4.1049166,True,48,5,0.8,euclidean,random,StandardScaler_per_sample_dimension
CCCC(C)CC,0.8844986,10.72948,False,48,5,0.8,euclidean,random,StandardScaler_per_sample_dimension
SC1=CC=CC=C1,1.9172918,14.823299,False,48,5,0.8,euclidean,random,StandardScaler_per_sample_dimension
CCCOC1=CC=C(C)C=C1,1.2005317,7.907212,True,48,5,0.8,euclidean,random,StandardScaler_per_sample_dimension
CCCCC(C)C,0.60499233,10.378325,True,48,5,0.8,euclidean,random,StandardScaler_per_sample_dimension
*C1=CC=C(O)C=C1,5.171768,11.222803,False,48,5,0.8,euclidean,random,StandardScaler_per_sample_dimension
FCCC(F)F,20.553642,13.650546,False,48,5,0.8,euclidean,random,StandardScaler_per_sample_dimension
FCCCF,20.500654,14.037308,True,48,5,0.8,euclidean,random,StandardScaler_per_sample_dimension
CCCC(N)=O,3.784983,-1.066361,False,48,5,0.8,euclidean,random,StandardScaler_per_sample_dimension
O=CC1=CC(CNC2=CC=CC=C2)=CC=C1,15.362513,-14.686055,True,48,5,0.8,euclidean,random,StandardScaler_per_sample_dimension
O=CC1=CC=CC(CNC2=CC=CC=C2)=C1,15.317961,-14.536807,False,48,5,0.8,euclidean,random,StandardScaler_per_sample_dimension
O=CC1=CC(C(=O)NC2=CC=CC=C2)=CC=C1,15.267534,-14.754241,False,48,5,0.8,euclidean,random,StandardScaler_per_sample_dimension
O=CC1=CC=CC(C(=O)NC2=CC=CC=C2)=C1,15.191026,-14.785631,False,48,5,0.8,euclidean,random,StandardScaler_per_sample_dimension
CCCC(=O)OC,5.2836547,-1.1306506,False,48,5,0.8,euclidean,random,StandardScaler_per_sample_dimension
FC(F)CC(F)F,20.532204,14.153891,False,48,5,0.8,euclidean,random,StandardScaler_per_sample_dimension
CC(C)(C1=CC=C(O)C=C1)C1=CC=C(O)C=C1,10.502945,-5.8148704,False,48,5,0.8,euclidean,random,StandardScaler_per_sample_dimension
CCCOC(=O)CC,7.099372,-0.91385365,True,48,5,0.8,euclidean,random,StandardScaler_per_sample_dimension
CC(C)=O,-9.585233,4.356116,False,48,5,0.8,euclidean,random,StandardScaler_per_sample_dimension
*OC1=CC=C(CC)C=C1,10.6493025,-5.3993697,False,48,5,0.8,euclidean,random,StandardScaler_per_sample_dimension
*CC(*)CO,5.9547753,-5.3454404,False,48,5,0.8,euclidean,random,StandardScaler_per_sample_dimension
*CC(*)C(=O)O,5.8659244,-5.317015,False,48,5,0.8,euclidean,random,StandardScaler_per_sample_dimension
CCCCCCOC1=CC=CC=C1,0.7749468,7.533676,True,48,5,0.8,euclidean,random,StandardScaler_per_sample_dimension
CCOCC1=CC=CC=C1,0.9127023,0.70314884,True,48,5,0.8,euclidean,random,StandardScaler_per_sample_dimension
*CCCCCCC,7.211442,8.67328,True,48,5,0.8,euclidean,random,StandardScaler_per_sample_dimension
CC1=CC=C(OC=O)C=C1,1.7759197,8.825805,True,48,5,0.8,euclidean,random,StandardScaler_per_sample_dimension
CCCC(=O)NC,3.6288102,-0.64485186,True,48,5,0.8,euclidean,random,StandardScaler_per_sample_dimension
CCCCCCOC=O,6.3149176,-0.9528022,True,48,5,0.8,euclidean,random,StandardScaler_per_sample_dimension
*CC(*)COC,5.6736417,-5.043824,True,48,5,0.8,euclidean,random,StandardScaler_per_sample_dimension
*CC(*)C(=O)OC,5.9367604,-5.2826757,False,48,5,0.8,euclidean,random,StandardScaler_per_sample_dimension
CC1=C(C)C=C(C=O)C=C1,-1.1718364,22.42733,True,48,5,0.8,euclidean,random,StandardScaler_per_sample_dimension
CC1=CC=C(C=O)C=C1C,-1.2020534,22.548246,False,48,5,0.8,euclidean,random,StandardScaler_per_sample_dimension
CCC(F)(F)F,5.816907,2.6213179,False,48,5,0.8,euclidean,random,StandardScaler_per_sample_dimension
CCCCCOC(C)=O,6.1991878,-0.819112,True,48,5,0.8,euclidean,random,StandardScaler_per_sample_dimension
*C1=CC=C(OC)C=C1,5.1563325,11.134239,True,48,5,0.8,euclidean,random,StandardScaler_per_sample_dimension
CCCCOCCC,6.8641973,-1.7381277,True,48,5,0.8,euclidean,random,StandardScaler_per_sample_dimension
CCCCNC=O,1.0383759,-2.9056797,True,48,5,0.8,euclidean,random,StandardScaler_per_sample_dimension
CC1=CC=C(NCC2=CC=CC=C2)C=C1,12.031147,6.7402616,True,48,5,0.8,euclidean,random,StandardScaler_per_sample_dimension
*C(C)COCC,5.896109,-3.5259533,True,48,5,0.8,euclidean,random,StandardScaler_per_sample_dimension
COC1=C(C)C=CC=C1,18.282637,23.374422,True,48,5,0.8,euclidean,random,StandardScaler_per_sample_dimension
COC1=CC=CC=C1C,18.508652,23.151655,False,48,5,0.8,euclidean,random,StandardScaler_per_sample_dimension
*CC1=CC(C)=CC=C1,-1.1125857,-6.0848985,True,48,5,0.8,euclidean,random,StandardScaler_per_sample_dimension
*CC1=CC=CC(C)=C1,-1.1355901,-5.988954,False,48,5,0.8,euclidean,random,StandardScaler_per_sample_dimension
CC1=CC=C(NC(=O)C2=CC=CC=C2)C=C1,12.085176,6.7152634,False,48,5,0.8,euclidean,random,StandardScaler_per_sample_dimension
OC1=CC=C(O)C=C1,1.7516037,11.922154,False,48,5,0.8,euclidean,random,StandardScaler_per_sample_dimension
COC1=CC=C(O)C=C1,1.9310703,12.0947275,True,48,5,0.8,euclidean,random,StandardScaler_per_sample_dimension
*OCC,1.5685303,2.3063862,True,48,5,0.8,euclidean,random,StandardScaler_per_sample_dimension
CCOCC(C)C,-5.9499474,-6.3579597,True,48,5,0.8,euclidean,random,StandardScaler_per_sample_dimension
CC1=CC=C(N(C)C)C=C1,12.773664,6.430885,True,48,5,0.8,euclidean,random,StandardScaler_per_sample_dimension
CC1=CC=C(OC2=CC=C(C)C=C2)C=C1,1.229849,-5.8375063,True,48,5,0.8,euclidean,random,StandardScaler_per_sample_dimension
CCCCCCCCCCC,5.284317,-0.8920993,False,48,5,0.8,euclidean,random,StandardScaler_per_sample_dimension
CC(C)C(=O)O,-5.846576,-6.93628,True,48,5,0.8,euclidean,random,StandardScaler_per_sample_dimension
*CC(C)CO,-6.11506,-6.824646,True,48,5,0.8,euclidean,random,StandardScaler_per_sample_dimension
O=S,1.4866254,15.120966,False,48,5,0.8,euclidean,random,StandardScaler_per_sample_dimension
CC(=O)C1=CC=CC=C1,-9.530735,4.4839873,True,48,5,0.8,euclidean,random,StandardScaler_per_sample_dimension
CC1=C(C=O)C=CC(C=O)=C1,-1.1686084,22.475176,False,48,5,0.8,euclidean,random,StandardScaler_per_sample_dimension
CC1=CC(C=O)=CC=C1C=O,-1.0882983,22.616798,False,48,5,0.8,euclidean,random,StandardScaler_per_sample_dimension
*CC(C)C=O,-6.094433,-7.1171947,True,48,5,0.8,euclidean,random,StandardScaler_per_sample_dimension
CC1=CC(N)=CC=C1,1.1363682,-13.108746,True,48,5,0.8,euclidean,random,StandardScaler_per_sample_dimension
CC1=CC=CC(N)=C1,1.1730919,-13.155826,False,48,5,0.8,euclidean,random,StandardScaler_per_sample_dimension
FCCC(F)(F)F,5.6033783,2.887475,False,48,5,0.8,euclidean,random,StandardScaler_per_sample_dimension
C1=CC=C(COC2=CC=CC=C2)C=C1,1.0770223,10.41877,True,48,5,0.8,euclidean,random,StandardScaler_per_sample_dimension
*CC(=O)OCC,5.973176,-3.9937332,True,48,5,0.8,euclidean,random,StandardScaler_per_sample_dimension
FC(F)CC(F)(F)F,5.7546473,2.7939165,False,48,5,0.8,euclidean,random,StandardScaler_per_sample_dimension
C[SH]=O,1.437457,15.078851,False,48,5,0.8,euclidean,random,StandardScaler_per_sample_dimension
COC(=O)C(C)C,-5.696735,-6.9433246,False,48,5,0.8,euclidean,random,StandardScaler_per_sample_dimension
O=CNCC1=CC=C(C=O)C=C1,12.917793,-8.023606,True,48,5,0.8,euclidean,random,StandardScaler_per_sample_dimension
O=CNC(=O)C1=CC=C(C=O)C=C1,12.863273,-8.004875,False,48,5,0.8,euclidean,random,StandardScaler_per_sample_dimension
CC1=C(C=O)C=C(C=O)C=C1,-1.1291512,22.48004,False,48,5,0.8,euclidean,random,StandardScaler_per_sample_dimension
CC1=CC=C(C=O)C=C1C=O,-1.0760251,22.559582,False,48,5,0.8,euclidean,random,StandardScaler_per_sample_dimension
O=CC1=CC(C=O)=C(C=O)C=C1,-1.2121031,22.645847,False,48,5,0.8,euclidean,random,StandardScaler_per_sample_dimension
O=CC1=CC=C(C=O)C(C=O)=C1,-0.95432687,22.72185,False,48,5,0.8,euclidean,random,StandardScaler_per_sample_dimension
O=CNCC1=CC(C=O)=CC=C1,12.81025,-7.81741,False,48,5,0.8,euclidean,random,StandardScaler_per_sample_dimension
O=CNCC1=CC=CC(C=O)=C1,12.85663,-7.951258,False,48,5,0.8,euclidean,random,StandardScaler_per_sample_dimension
O=CNC(=O)C1=CC(C=O)=CC=C1,12.89358,-7.9666834,False,48,5,0.8,euclidean,random,StandardScaler_per_sample_dimension
O=CNC(=O)C1=CC=CC(C=O)=C1,13.02343,-7.75317,False,48,5,0.8,euclidean,random,StandardScaler_per_sample_dimension
*OC=O,1.5576303,2.561241,True,48,5,0.8,euclidean,random,StandardScaler_per_sample_dimension
*CC1=CC=C(C=O)C=C1,10.414385,4.956259,True,48,5,0.8,euclidean,random,StandardScaler_per_sample_dimension
CCCCCNC=O,1.1495471,-2.9436023,False,48,5,0.8,euclidean,random,StandardScaler_per_sample_dimension
CCCCCNCC,1.4102789,-3.5914218,True,48,5,0.8,euclidean,random,StandardScaler_per_sample_dimension
*C1=CC=C(CC)C=C1,3.5204349,11.694318,True,48,5,0.8,euclidean,random,StandardScaler_per_sample_dimension
CSC1=CC=CC=C1,1.8758855,14.740501,False,48,5,0.8,euclidean,random,StandardScaler_per_sample_dimension
O=S=O,1.708883,14.769153,False,48,5,0.8,euclidean,random,StandardScaler_per_sample_dimension
CC1=C(CN)C=CC(C=O)=C1,18.458452,-9.814394,True,48,5,0.8,euclidean,random,StandardScaler_per_sample_dimension
CC1=CC(C=O)=CC=C1CN,18.368452,-9.786997,False,48,5,0.8,euclidean,random,StandardScaler_per_sample_dimension
CC1=C(C(N)=O)C=CC(C=O)=C1,18.377401,-9.783626,False,48,5,0.8,euclidean,random,StandardScaler_per_sample_dimension
CC1=CC(C=O)=CC=C1C(N)=O,18.512022,-9.926408,False,48,5,0.8,euclidean,random,StandardScaler_per_sample_dimension
NCC1=C(C=O)C=C(C=O)C=C1,18.241352,-9.964935,False,48,5,0.8,euclidean,random,StandardScaler_per_sample_dimension
NCC1=CC=C(C=O)C=C1C=O,18.472963,-9.755583,False,48,5,0.8,euclidean,random,StandardScaler_per_sample_dimension
NC(=O)C1=C(C=O)C=C(C=O)C=C1,18.307749,-9.7399235,False,48,5,0.8,euclidean,random,StandardScaler_per_sample_dimension
NC(=O)C1=CC=C(C=O)C=C1C=O,18.31813,-9.785928,False,48,5,0.8,euclidean,random,StandardScaler_per_sample_dimension
C[SH](=O)=O,1.5869136,15.142869,False,48,5,0.8,euclidean,random,StandardScaler_per_sample_dimension
CC1=C(CN)C=C(C=O)C=C1,9.320261,-19.110802,False,48,5,0.8,euclidean,random,StandardScaler_per_sample_dimension
CC1=CC=C(C=O)C=C1CN,9.46633,-18.957367,False,48,5,0.8,euclidean,random,StandardScaler_per_sample_dimension
CC1=C(C(N)=O)C=C(C=O)C=C1,9.502521,-18.914484,False,48,5,0.8,euclidean,random,StandardScaler_per_sample_dimension
CC1=CC=C(C=O)C=C1C(N)=O,9.329315,-19.08548,False,48,5,0.8,euclidean,random,StandardScaler_per_sample_dimension
NCC1=C(C=O)C=CC(C=O)=C1,9.410617,-19.019854,False,48,5,0.8,euclidean,random,StandardScaler_per_sample_dimension
NCC1=CC(C=O)=CC=C1C=O,9.365038,-19.05272,False,48,5,0.8,euclidean,random,StandardScaler_per_sample_dimension
NC(=O)C1=C(C=O)C=CC(C=O)=C1,9.341551,-19.086433,False,48,5,0.8,euclidean,random,StandardScaler_per_sample_dimension
NC(=O)C1=CC(C=O)=CC=C1C=O,9.3629675,-19.06379,False,48,5,0.8,euclidean,random,StandardScaler_per_sample_dimension
*C1=CC=C(OC2=CC=CC=C2)C=C1,5.0487723,11.385974,True,48,5,0.8,euclidean,random,StandardScaler_per_sample_dimension
O=CC1=CC2=C(C=C1)CNC2,12.727054,-8.16913,False,48,5,0.8,euclidean,random,StandardScaler_per_sample_dimension
O=CC1=CC=C2CNCC2=C1,12.843986,-8.213273,False,48,5,0.8,euclidean,random,StandardScaler_per_sample_dimension
O=CC1=CC2=C(C=C1)C(=O)NC2,13.058799,-8.07978,False,48,5,0.8,euclidean,random,StandardScaler_per_sample_dimension
O=CC1=CC2=C(C=C1)CNC2=O,12.819589,-8.198803,False,48,5,0.8,euclidean,random,StandardScaler_per_sample_dimension
O=CC1=CC=C2C(=O)NCC2=C1,12.655849,-8.254101,False,48,5,0.8,euclidean,random,StandardScaler_per_sample_dimension
O=CC1=CC=C2CNC(=O)C2=C1,13.004785,-8.227562,False,48,5,0.8,euclidean,random,StandardScaler_per_sample_dimension
O=CC1=CC2=C(C=C1)C(=O)NC2=O,12.635706,-8.023608,False,48,5,0.8,euclidean,random,StandardScaler_per_sample_dimension
O=CC1=CC=C2C(=O)NC(=O)C2=C1,12.770244,-8.0932255,False,48,5,0.8,euclidean,random,StandardScaler_per_sample_dimension
CCCCCCC=O,4.073514,-1.4333998,True,48,5,0.8,euclidean,random,StandardScaler_per_sample_dimension
*CCC(=O)OCC,6.161975,-4.0309987,True,48,5,0.8,euclidean,random,StandardScaler_per_sample_dimension
*CC1=CC(C=O)=CC=C1,-1.1886373,-5.7980714,True,48,5,0.8,euclidean,random,StandardScaler_per_sample_dimension
*CC1=CC=CC(C=O)=C1,-1.1156404,-5.8522196,False,48,5,0.8,euclidean,random,StandardScaler_per_sample_dimension
*C(C)C(=O)OCC,5.9152145,-3.6756089,False,48,5,0.8,euclidean,random,StandardScaler_per_sample_dimension
O=C(OC1=CC=CC=C1)C1=CC=CC=C1,1.029547,10.493491,False,48,5,0.8,euclidean,random,StandardScaler_per_sample_dimension
CC1=CC=C(C2=CC=CC=C2)C=C1,18.963152,4.4009147,True,48,5,0.8,euclidean,random,StandardScaler_per_sample_dimension
O=CC1=CC=C(CNC2=CC=CC=C2)C=C1,-6.115402,5.7403574,True,48,5,0.8,euclidean,random,StandardScaler_per_sample_dimension
O=CC1=CC=C(C(=O)NC2=CC=CC=C2)C=C1,-6.103717,5.8955197,False,48,5,0.8,euclidean,random,StandardScaler_per_sample_dimension
CN(C)C1=CC=C(O)C=C1,-4.392721,-10.438464,False,48,5,0.8,euclidean,random,StandardScaler_per_sample_dimension
*CC(C)COC,-5.8642583,-6.841449,True,48,5,0.8,euclidean,random,StandardScaler_per_sample_dimension
CCOCCO,6.7293363,-3.6202507,True,48,5,0.8,euclidean,random,StandardScaler_per_sample_dimension
O=CC1=CC(O)=CC=C1,10.063239,-10.056863,False,48,5,0.8,euclidean,random,StandardScaler_per_sample_dimension
O=CC1=CC=CC(O)=C1,10.018709,-10.039771,False,48,5,0.8,euclidean,random,StandardScaler_per_sample_dimension
CCOC(=O)C1=CC=CC=C1,0.9278157,0.8168329,True,48,5,0.8,euclidean,random,StandardScaler_per_sample_dimension
FCCC1=CC=CC=C1,20.42515,14.592145,False,48,5,0.8,euclidean,random,StandardScaler_per_sample_dimension
FC(F)CC1=CC=CC=C1,20.335522,14.557502,False,48,5,0.8,euclidean,random,StandardScaler_per_sample_dimension
COC1=CC(C=O)=CC=C1,9.979792,-10.090444,True,48,5,0.8,euclidean,random,StandardScaler_per_sample_dimension
COC1=CC=CC(C=O)=C1,9.97039,-10.04312,False,48,5,0.8,euclidean,random,StandardScaler_per_sample_dimension
*CCOCCC,7.0755057,-0.5584468,True,48,5,0.8,euclidean,random,StandardScaler_per_sample_dimension
C1=CC=C(SC2=CC=CC=C2)C=C1,1.9960593,14.311822,True,48,5,0.8,euclidean,random,StandardScaler_per_sample_dimension
*CC(*)COCC,6.0651417,-4.002784,True,48,5,0.8,euclidean,random,StandardScaler_per_sample_dimension
*CC(*)C(=O)OCC,6.0960355,-3.8211536,False,48,5,0.8,euclidean,random,StandardScaler_per_sample_dimension
CCC1=CC=C(N)C=C1,8.859357,8.150579,True,48,5,0.8,euclidean,random,StandardScaler_per_sample_dimension
CCNC(=O)CC,2.037693,-2.9912572,True,48,5,0.8,euclidean,random,StandardScaler_per_sample_dimension
CC1=CC(C(C)C)=CC=C1,19.22705,0.88841635,True,48,5,0.8,euclidean,random,StandardScaler_per_sample_dimension
CC1=CC=CC(C(C)C)=C1,19.155113,0.8314299,False,48,5,0.8,euclidean,random,StandardScaler_per_sample_dimension
CCN(C)C1=CC=C(O)C=C1,18.145054,-5.7314296,True,48,5,0.8,euclidean,random,StandardScaler_per_sample_dimension
CCN(C)C1=CC=C(C)C=C1,12.439591,6.6846576,True,48,5,0.8,euclidean,random,StandardScaler_per_sample_dimension
CN(C=O)C1=CC=C(O)C=C1,18.121246,-5.7538676,False,48,5,0.8,euclidean,random,StandardScaler_per_sample_dimension
CC1=CC(OC2=CC=CC=C2)=CC=C1,0.74155515,-7.184758,True,48,5,0.8,euclidean,random,StandardScaler_per_sample_dimension
CC1=CC=CC(OC2=CC=CC=C2)=C1,0.9110421,-7.2175803,False,48,5,0.8,euclidean,random,StandardScaler_per_sample_dimension
COC1=CC=C(N(C)C)C=C1,-4.559829,-10.243069,False,48,5,0.8,euclidean,random,StandardScaler_per_sample_dimension
CCCCCCCN,2.7828865,-2.6750157,False,48,5,0.8,euclidean,random,StandardScaler_per_sample_dimension
CN1CC2=CC=C(C=O)C=C2C1,-15.505687,-1.9333323,True,48,5,0.8,euclidean,random,StandardScaler_per_sample_dimension
CN1CC2=CC(C=O)=CC=C2C1=O,-15.495747,-1.9321448,False,48,5,0.8,euclidean,random,StandardScaler_per_sample_dimension
CN1CC2=CC=C(C=O)C=C2C1=O,-15.473724,-2.0073907,False,48,5,0.8,euclidean,random,StandardScaler_per_sample_dimension
CN1C(=O)C2=CC=C(C=O)C=C2C1=O,-15.302684,-2.0029256,False,48,5,0.8,euclidean,random,StandardScaler_per_sample_dimension
O=[SH]C1=CC=CC=C1,1.3625991,15.150119,False,48,5,0.8,euclidean,random,StandardScaler_per_sample_dimension
COCCOC,7.161663,-4.062505,False,48,5,0.8,euclidean,random,StandardScaler_per_sample_dimension
CCCCCCOC(C)=O,6.597488,-0.7439534,True,48,5,0.8,euclidean,random,StandardScaler_per_sample_dimension
*C(C)C1=CC=CC=C1,10.876002,4.6807623,True,48,5,0.8,euclidean,random,StandardScaler_per_sample_dimension
O=CN(C=O)C1=CC=C(O)C=C1,-4.7201457,-10.487834,False,48,5,0.8,euclidean,random,StandardScaler_per_sample_dimension
C/C=C/C,18.934689,18.062283,False,48,5,0.8,euclidean,random,StandardScaler_per_sample_dimension
C/C=C\C,19.038288,18.183638,False,48,5,0.8,euclidean,random,StandardScaler_per_sample_dimension
CC=CC,19.09159,18.145554,False,48,5,0.8,euclidean,random,StandardScaler_per_sample_dimension
CCN(CC)C1=CC=C(O)C=C1,-4.584626,-10.396673,False,48,5,0.8,euclidean,random,StandardScaler_per_sample_dimension
NCC1=CC=C(O)C=C1,1.4676672,-6.736765,False,48,5,0.8,euclidean,random,StandardScaler_per_sample_dimension
CCN(C)C1=CC=C(OC)C=C1,18.221851,-5.637324,False,48,5,0.8,euclidean,random,StandardScaler_per_sample_dimension
CCCCNC(C)=O,1.040028,-3.020351,True,48,5,0.8,euclidean,random,StandardScaler_per_sample_dimension
O=[SH](=O)C1=CC=CC=C1,1.6158766,15.034449,False,48,5,0.8,euclidean,random,StandardScaler_per_sample_dimension
CCCCCCNCC,1.2290294,-3.5468104,True,48,5,0.8,euclidean,random,StandardScaler_per_sample_dimension
CNCC1=CC=C(O)C=C1,1.0885425,-6.740026,False,48,5,0.8,euclidean,random,StandardScaler_per_sample_dimension
CNC1=CC(C)=CC=C1,1.2794158,-13.172822,False,48,5,0.8,euclidean,random,StandardScaler_per_sample_dimension
CNC1=CC=CC(C)=C1,1.1995922,-13.179311,False,48,5,0.8,euclidean,random,StandardScaler_per_sample_dimension
*CCCCCCCC,6.819823,8.753954,True,48,5,0.8,euclidean,random,StandardScaler_per_sample_dimension
*C1=CC=C(CC2=CC=CC=C2)C=C1,3.844309,11.277174,True,48,5,0.8,euclidean,random,StandardScaler_per_sample_dimension
*C(C)CC,8.14993,7.2649174,True,48,5,0.8,euclidean,random,StandardScaler_per_sample_dimension
O=C(C1=CC=CC=C1)C1=CC=CC=C1,-9.493925,4.471647,False,48,5,0.8,euclidean,random,StandardScaler_per_sample_dimension
CC(C)CF,20.589104,13.123808,False,48,5,0.8,euclidean,random,StandardScaler_per_sample_dimension
CC1=CC(C2=CC=CC=C2)=CC=C1,18.80548,3.1024048,True,48,5,0.8,euclidean,random,StandardScaler_per_sample_dimension
CC1=CC=CC(C2=CC=CC=C2)=C1,18.777542,3.0967884,False,48,5,0.8,euclidean,random,StandardScaler_per_sample_dimension
CCCCCCCCCO,3.699001,-0.13699915,True,48,5,0.8,euclidean,random,StandardScaler_per_sample_dimension
COC1=CC=C(CN)C=C1,1.2303205,-6.4898033,True,48,5,0.8,euclidean,random,StandardScaler_per_sample_dimension
CC1=CC=C(CO)C=C1,-1.1928118,-0.7757976,True,48,5,0.8,euclidean,random,StandardScaler_per_sample_dimension
*CC(C)C(=O)O,-5.916566,-7.1543856,True,48,5,0.8,euclidean,random,StandardScaler_per_sample_dimension
CC(C)C(F)F,20.343628,13.027013,False,48,5,0.8,euclidean,random,StandardScaler_per_sample_dimension
CCCCOC1=CC=C(C)C=C1,1.0352964,7.6686025,True,48,5,0.8,euclidean,random,StandardScaler_per_sample_dimension
CNCC1=CC=C(OC)C=C1,0.9077549,-6.6858263,False,48,5,0.8,euclidean,random,StandardScaler_per_sample_dimension
CCN(CC)C1=CC=C(OC)C=C1,-4.6354675,-10.19974,False,48,5,0.8,euclidean,random,StandardScaler_per_sample_dimension
CC(=O)OC1=CC=C(C)C=C1,1.8177823,8.676324,True,48,5,0.8,euclidean,random,StandardScaler_per_sample_dimension
CCC1=CC=C(C=O)C=C1,6.2226157,11.633264,True,48,5,0.8,euclidean,random,StandardScaler_per_sample_dimension
CCCCC(C)CC,0.8846989,10.671739,True,48,5,0.8,euclidean,random,StandardScaler_per_sample_dimension
CCCCOC(=O)CC,7.300746,-1.5979971,True,48,5,0.8,euclidean,random,StandardScaler_per_sample_dimension
CCCCCCCCCOC,3.60501,0.08899993,False,48,5,0.8,euclidean,random,StandardScaler_per_sample_dimension
CC(C)C(F)(F)F,5.781818,2.5547278,False,48,5,0.8,euclidean,random,StandardScaler_per_sample_dimension
CC(C)C1=CC=C(OC2=CC=CC=C2)C=C1,4.810024,11.207741,False,48,5,0.8,euclidean,random,StandardScaler_per_sample_dimension
CCCCCCNC=O,1.1046237,-3.1130383,True,48,5,0.8,euclidean,random,StandardScaler_per_sample_dimension
CCCCCOCCC,7.3267617,-2.0067575,True,48,5,0.8,euclidean,random,StandardScaler_per_sample_dimension
FC(F)(F)CC1=CC=CC=C1,5.7673373,3.066136,True,48,5,0.8,euclidean,random,StandardScaler_per_sample_dimension
CCN(CC)C1=CC=C(C)C=C1,12.72606,6.5236707,False,48,5,0.8,euclidean,random,StandardScaler_per_sample_dimension
*CC(C)C(=O)OC,-5.61837,-7.1617713,False,48,5,0.8,euclidean,random,StandardScaler_per_sample_dimension
CC(CF)C1=CC=CC=C1,20.468224,12.912322,False,48,5,0.8,euclidean,random,StandardScaler_per_sample_dimension
CC(C1=CC=CC=C1)C(F)F,20.464521,12.722355,False,48,5,0.8,euclidean,random,StandardScaler_per_sample_dimension
CC1=CC=CC=C1C(=O)NC1=CC=C(O)C=C1,18.260529,-5.4805865,False,48,5,0.8,euclidean,random,StandardScaler_per_sample_dimension
CCCCC(=O)O,5.10534,-0.92646927,True,48,5,0.8,euclidean,random,StandardScaler_per_sample_dimension
CC1=CC=CC=C1CNC1=CC=C(O)C=C1,-5.0142574,-10.384965,False,48,5,0.8,euclidean,random,StandardScaler_per_sample_dimension
CC(C1=CC=CC=C1)C(F)(F)F,5.8218274,2.1667,False,48,5,0.8,euclidean,random,StandardScaler_per_sample_dimension
CCC1=CC=C(NC)C=C1,8.860729,8.4565325,True,48,5,0.8,euclidean,random,StandardScaler_per_sample_dimension
CCOC1=CC=C(CC)C=C1,2.4787962,7.116768,False,48,5,0.8,euclidean,random,StandardScaler_per_sample_dimension
CC1=CC(NC=O)=CC=C1,-12.870242,9.532547,True,48,5,0.8,euclidean,random,StandardScaler_per_sample_dimension
CC1=CC=CC(NC=O)=C1,-12.649257,9.6621065,False,48,5,0.8,euclidean,random,StandardScaler_per_sample_dimension
CN(C=O)C1=CC=C(OC2=CC=CC=C2)C=C1,18.13591,-5.6455193,True,48,5,0.8,euclidean,random,StandardScaler_per_sample_dimension
CN(C)C1=CC=C(OC2=CC=CC=C2)C=C1,-4.6888723,-10.027821,False,48,5,0.8,euclidean,random,StandardScaler_per_sample_dimension
CC(CF)C(F)F,20.352152,12.827024,False,48,5,0.8,euclidean,random,StandardScaler_per_sample_dimension
CC(CF)CF,20.266775,13.2188635,False,48,5,0.8,euclidean,random,StandardScaler_per_sample_dimension
CC(C(F)F)C(F)F,20.259632,13.165849,False,48,5,0.8,euclidean,random,StandardScaler_per_sample_dimension
O=CC1=CC=CC=C1CNC1=CC=C(O)C=C1,18.352606,-5.5505085,False,48,5,0.8,euclidean,random,StandardScaler_per_sample_dimension
O=CN(CC1=CC=CC=C1)C1=CC=C(O)C=C1,18.259,-5.6329794,False,48,5,0.8,euclidean,random,StandardScaler_per_sample_dimension
CN(CC1=CC=CC=C1)C1=CC=C(O)C=C1,-4.808964,-10.195102,False,48,5,0.8,euclidean,random,StandardScaler_per_sample_dimension
FC(F)(F)CC(F)(F)F,5.177491,3.532709,True,48,5,0.8,euclidean,random,StandardScaler_per_sample_dimension
*CC1=CC(CN)=CC=C1,0.6585399,23.349287,False,48,5,0.8,euclidean,random,StandardScaler_per_sample_dimension
*CC1=CC=CC(CN)=C1,0.82381546,23.36204,False,48,5,0.8,euclidean,random,StandardScaler_per_sample_dimension
CCCCCC(C)C,0.3259892,10.397982,True,48,5,0.8,euclidean,random,StandardScaler_per_sample_dimension
CN(C(=O)C1=CC=CC=C1)C1=CC=C(O)C=C1,18.302458,-5.596249,False,48,5,0.8,euclidean,random,StandardScaler_per_sample_dimension
CCCN(C)C,1.1754465,-0.9580378,True,48,5,0.8,euclidean,random,StandardScaler_per_sample_dimension
*CC1=CC(CNC)=CC=C1,0.38949588,23.280037,False,48,5,0.8,euclidean,random,StandardScaler_per_sample_dimension
*CC1=CC=CC(CNC)=C1,0.2577458,23.00712,False,48,5,0.8,euclidean,random,StandardScaler_per_sample_dimension
CC1=CC(CC2=CC=CC=C2)=CC=C1,-19.448595,8.638329,True,48,5,0.8,euclidean,random,StandardScaler_per_sample_dimension
CC1=CC=CC(CC2=CC=CC=C2)=C1,-19.593908,8.695976,False,48,5,0.8,euclidean,random,StandardScaler_per_sample_dimension
CCC1=CC(C=O)=CC=C1,-4.4875984,-7.3770995,True,48,5,0.8,euclidean,random,StandardScaler_per_sample_dimension
CCC1=CC=CC(C=O)=C1,-4.4000287,-7.5200024,False,48,5,0.8,euclidean,random,StandardScaler_per_sample_dimension
NC(=O)C1=CC=C(O)C=C1,1.4653996,-6.451811,True,48,5,0.8,euclidean,random,StandardScaler_per_sample_dimension
*C(C)(C)C=O,-6.3303638,-7.3357077,False,48,5,0.8,euclidean,random,StandardScaler_per_sample_dimension
CC(CF)C(F)(F)F,20.40535,14.131066,False,48,5,0.8,euclidean,random,StandardScaler_per_sample_dimension
CC(C(F)F)C(F)(F)F,20.460762,14.3464575,False,48,5,0.8,euclidean,random,StandardScaler_per_sample_dimension
O=C1C2=C(C=CC=C2)CN1C1=CC=C(O)C=C1,18.354088,-5.498339,False,48,5,0.8,euclidean,random,StandardScaler_per_sample_dimension
O=C1C2=CC=CC=C2CN1C1=CC=C(O)C=C1,18.323599,-5.550017,False,48,5,0.8,euclidean,random,StandardScaler_per_sample_dimension
OC1=CC=C(N2CC3=C(C=CC=C3)C2)C=C1,-4.884439,-10.378135,False,48,5,0.8,euclidean,random,StandardScaler_per_sample_dimension
OC1=CC=C(N2CC3=CC=CC=C3C2)C=C1,-4.8338428,-10.298004,False,48,5,0.8,euclidean,random,StandardScaler_per_sample_dimension
NC1=CC=C(CC2=CC=CC=C2)C=C1,8.415544,8.398967,True,48,5,0.8,euclidean,random,StandardScaler_per_sample_dimension
CC(C(F)(F)F)C(F)(F)F,5.697584,3.7596254,False,48,5,0.8,euclidean,random,StandardScaler_per_sample_dimension
CNC(=O)C1=CC=C(O)C=C1,1.0048517,-6.479887,False,48,5,0.8,euclidean,random,StandardScaler_per_sample_dimension
FCC(C1=CC=CC=C1)C(F)F,20.59721,12.675832,False,48,5,0.8,euclidean,random,StandardScaler_per_sample_dimension
FCC(CF)C1=CC=CC=C1,20.30982,13.119731,False,48,5,0.8,euclidean,random,StandardScaler_per_sample_dimension
FC(F)C(C1=CC=CC=C1)C(F)F,20.146997,13.240704,False,48,5,0.8,euclidean,random,StandardScaler_per_sample_dimension
CCNC1=CC(C)=CC=C1,1.259147,-13.077868,False,48,5,0.8,euclidean,random,StandardScaler_per_sample_dimension
CCNC1=CC=CC(C)=C1,1.3194346,-13.118101,False,48,5,0.8,euclidean,random,StandardScaler_per_sample_dimension
*OC1=CC=C(CC2=CC=CC=C2)C=C1,10.977646,-5.796505,False,48,5,0.8,euclidean,random,StandardScaler_per_sample_dimension
FCC(C1=CC=CC=C1)C(F)(F)F,20.46595,14.379586,False,48,5,0.8,euclidean,random,StandardScaler_per_sample_dimension
FC(F)C(C1=CC=CC=C1)C(F)(F)F,20.450289,14.342329,False,48,5,0.8,euclidean,random,StandardScaler_per_sample_dimension
CCCCCCCOCC,5.8135347,-0.5002614,True,48,5,0.8,euclidean,random,StandardScaler_per_sample_dimension
FC(F)(F)C(C1=CC=CC=C1)C(F)(F)F,5.56334,3.669176,False,48,5,0.8,euclidean,random,StandardScaler_per_sample_dimension
COC1=CC=C(N2CC3=CC=CC=C3C2)C=C1,-4.8168297,-10.145287,False,48,5,0.8,euclidean,random,StandardScaler_per_sample_dimension
CCOC(=O)C(C)C,-6.024566,-6.1317315,True,48,5,0.8,euclidean,random,StandardScaler_per_sample_dimension
CCCCC(=O)OC,5.174396,-0.97996813,False,48,5,0.8,euclidean,random,StandardScaler_per_sample_dimension
*CC(*)(C)C,-6.427892,-7.511409,False,48,5,0.8,euclidean,random,StandardScaler_per_sample_dimension
*CC1=CC(C(=O)NC)=CC=C1,0.082784526,23.117737,False,48,5,0.8,euclidean,random,StandardScaler_per_sample_dimension
COC1=CC=C(C(N)=O)C=C1,1.4375241,-6.7487054,False,48,5,0.8,euclidean,random,StandardScaler_per_sample_dimension
CC1=CC=C(OC2=CC=C(C=O)C=C2)C=C1,1.1052783,-6.0101366,True,48,5,0.8,euclidean,random,StandardScaler_per_sample_dimension
C1CCCCC1,1.8421911,9.341875,False,48,5,0.8,euclidean,random,StandardScaler_per_sample_dimension
*CC1=CC(C(N)=O)=CC=C1,0.7317086,23.587322,True,48,5,0.8,euclidean,random,StandardScaler_per_sample_dimension
*CC1=CC=CC(C(N)=O)=C1,0.7108329,23.549246,False,48,5,0.8,euclidean,random,StandardScaler_per_sample_dimension
CNC(=O)C1=CC=C(OC)C=C1,1.144084,-6.66237,False,48,5,0.8,euclidean,random,StandardScaler_per_sample_dimension
COCC1=CC=C(C)C=C1,-1.0491138,-0.37955415,False,48,5,0.8,euclidean,random,StandardScaler_per_sample_dimension
CCC(C)(C)C,0.61882806,8.859983,True,48,5,0.8,euclidean,random,StandardScaler_per_sample_dimension
CCCC(=O)OCC,5.6286354,-1.2839264,True,48,5,0.8,euclidean,random,StandardScaler_per_sample_dimension
*C(C)(C)CO,-6.0282803,-7.431553,False,48,5,0.8,euclidean,random,StandardScaler_per_sample_dimension
OC1=CC=C(C2=CC=CC=C2)C=C1,4.891193,7.4355426,False,48,5,0.8,euclidean,random,StandardScaler_per_sample_dimension
*C(C)(C)C(=O)O,-6.2505054,-7.569715,False,48,5,0.8,euclidean,random,StandardScaler_per_sample_dimension
CCCCCCCNC,2.9125626,-2.4074645,True,48,5,0.8,euclidean,random,StandardScaler_per_sample_dimension
CC1=C(CNC2=CC=CC=C2)C=CC(C=O)=C1,-16.057673,-1.6992395,True,48,5,0.8,euclidean,random,StandardScaler_per_sample_dimension
CC1=CC(C=O)=CC=C1CNC1=CC=CC=C1,-15.974569,-1.8140488,False,48,5,0.8,euclidean,random,StandardScaler_per_sample_dimension
CC(=O)NC1=CC(C)=CC=C1,-12.792009,9.567697,False,48,5,0.8,euclidean,random,StandardScaler_per_sample_dimension
CC(=O)NC1=CC=CC(C)=C1,-12.779924,9.647628,False,48,5,0.8,euclidean,random,StandardScaler_per_sample_dimension
CC(C)(C)C1=CC=C(OC2=CC=CC=C2)C=C1,4.422361,10.64292,True,48,5,0.8,euclidean,random,StandardScaler_per_sample_dimension
CC1=C(CNC2=CC=CC=C2)C=C(C=O)C=C1,-15.879571,-1.8614361,False,48,5,0.8,euclidean,random,StandardScaler_per_sample_dimension
CC1=CC=C(C=O)C=C1CNC1=CC=CC=C1,-15.866914,-1.8668581,False,48,5,0.8,euclidean,random,StandardScaler_per_sample_dimension
*CC1=CC(CNC2=CC=CC=C2)=CC=C1,0.6099019,23.603544,False,48,5,0.8,euclidean,random,StandardScaler_per_sample_dimension
*CC1=CC=CC(CNC2=CC=CC=C2)=C1,0.3920522,23.850885,False,48,5,0.8,euclidean,random,StandardScaler_per_sample_dimension
CCCCCCCCCCO,3.468924,-0.07220525,True,48,5,0.8,euclidean,random,StandardScaler_per_sample_dimension
CS(C)=O,1.7479621,14.782534,False,48,5,0.8,euclidean,random,StandardScaler_per_sample_dimension
*CC(*)(C)C=O,-6.393991,-7.431845,False,48,5,0.8,euclidean,random,StandardScaler_per_sample_dimension
*CC1=CC(C(=O)NC2=CC=CC=C2)=CC=C1,0.58363056,23.810299,False,48,5,0.8,euclidean,random,StandardScaler_per_sample_dimension
*CC1=CC=CC(C(=O)NC2=CC=CC=C2)=C1,0.5584823,23.671263,False,48,5,0.8,euclidean,random,StandardScaler_per_sample_dimension
O=CC1=CC2=C(C=C1)CN(C1=CC=CC=C1)C2,-15.643188,-1.9254327,False,48,5,0.8,euclidean,random,StandardScaler_per_sample_dimension
O=CC1=CC=C2CN(C3=CC=CC=C3)CC2=C1,-15.754978,-2.0062847,False,48,5,0.8,euclidean,random,StandardScaler_per_sample_dimension
*C(C)(C)COC,-5.6523595,-7.1144137,False,48,5,0.8,euclidean,random,StandardScaler_per_sample_dimension
*C(C)(C)C(=O)OC,-5.909558,-7.2649493,False,48,5,0.8,euclidean,random,StandardScaler_per_sample_dimension
CCC1=CC=C(OC=O)C=C1,4.5968595,6.0899897,False,48,5,0.8,euclidean,random,StandardScaler_per_sample_dimension
NCCO,6.5661416,15.798456,True,48,5,0.8,euclidean,random,StandardScaler_per_sample_dimension
CS(C)(=O)=O,1.9336915,14.361973,True,48,5,0.8,euclidean,random,StandardScaler_per_sample_dimension
CCCCC(N)=O,3.8053215,-0.8424717,False,48,5,0.8,euclidean,random,StandardScaler_per_sample_dimension
CCCCCCCCCCOC,3.4852812,0.23323818,False,48,5,0.8,euclidean,random,StandardScaler_per_sample_dimension
OC1=CC=C(CNC2=CC=CC=C2)C=C1,1.3241465,-7.406126,False,48,5,0.8,euclidean,random,StandardScaler_per_sample_dimension
CCOCCOC,6.908145,-3.6285884,False,48,5,0.8,euclidean,random,StandardScaler_per_sample_dimension
*CCCOCCC,6.9098563,-0.80566525,True,48,5,0.8,euclidean,random,StandardScaler_per_sample_dimension
*CC1=CC=C(CN)C=C1,10.545113,5.24483,False,48,5,0.8,euclidean,random,StandardScaler_per_sample_dimension
CCCNCCC,1.9727234,-3.5938556,True,48,5,0.8,euclidean,random,StandardScaler_per_sample_dimension
O=C(NC1=CC=CC=C1)C1=CC=C(O)C=C1,1.3446294,-7.2710214,False,48,5,0.8,euclidean,random,StandardScaler_per_sample_dimension
CNC1=CC=C(CC2=CC=CC=C2)C=C1,8.376666,8.558536,False,48,5,0.8,euclidean,random,StandardScaler_per_sample_dimension
*CC(C)COCC,-6.093381,-6.193518,True,48,5,0.8,euclidean,random,StandardScaler_per_sample_dimension
CCCCCCCC=O,4.18017,-1.3603084,True,48,5,0.8,euclidean,random,StandardScaler_per_sample_dimension
COC(C)C,-3.5488045,3.1701596,True,48,5,0.8,euclidean,random,StandardScaler_per_sample_dimension
CC1=CC=C(C(=O)O)C=C1,-1.0671968,-0.517873,False,48,5,0.8,euclidean,random,StandardScaler_per_sample_dimension
COC1=CC=C(CNC2=CC=CC=C2)C=C1,1.307406,-7.207238,True,48,5,0.8,euclidean,random,StandardScaler_per_sample_dimension
*CC1=CC=C(CNC)C=C1,10.381174,5.3323865,False,48,5,0.8,euclidean,random,StandardScaler_per_sample_dimension
NCC1=CC=C(OC2=CC=CC=C2)C=C1,1.7534627,-6.7471423,False,48,5,0.8,euclidean,random,StandardScaler_per_sample_dimension
COC1=CC=C(C(=O)NC2=CC=CC=C2)C=C1,1.496212,-7.1785774,False,48,5,0.8,euclidean,random,StandardScaler_per_sample_dimension
*CC(*)(C)CO,-6.3782988,-7.5757914,False,48,5,0.8,euclidean,random,StandardScaler_per_sample_dimension
*CC(*)(C)C(=O)O,-6.3819084,-7.5328608,False,48,5,0.8,euclidean,random,StandardScaler_per_sample_dimension
CCCC(=O)NCC,1.9966254,-3.1790626,True,48,5,0.8,euclidean,random,StandardScaler_per_sample_dimension
COC1=CC=C(C2=CC=CC=C2)C=C1,4.7167225,7.313288,True,48,5,0.8,euclidean,random,StandardScaler_per_sample_dimension
CCNCC1=CC=CC=C1,0.12237635,-2.6546376,True,48,5,0.8,euclidean,random,StandardScaler_per_sample_dimension
CC1=C(C2=CC=CC=C2)C=CC=C1,18.455046,3.8200848,True,48,5,0.8,euclidean,random,StandardScaler_per_sample_dimension
CC1=CC=CC=C1C1=CC=CC=C1,18.635149,3.6758034,False,48,5,0.8,euclidean,random,StandardScaler_per_sample_dimension
CCCCCNC(C)=O,1.0275953,-3.3201678,True,48,5,0.8,euclidean,random,StandardScaler_per_sample_dimension
CNCCO,6.23764,15.782864,True,48,5,0.8,euclidean,random,StandardScaler_per_sample_dimension
*CO,-4.8149796,11.747479,False,48,5,0.8,euclidean,random,StandardScaler_per_sample_dimension
CCCCCCOCCC,7.2470036,-1.8663858,True,48,5,0.8,euclidean,random,StandardScaler_per_sample_dimension
O=CC1=CC(OC2=CC=CC=C2)=CC=C1,0.5472196,-7.4814577,False,48,5,0.8,euclidean,random,StandardScaler_per_sample_dimension
O=CC1=CC=CC(OC2=CC=CC=C2)=C1,0.49173114,-7.46806,False,48,5,0.8,euclidean,random,StandardScaler_per_sample_dimension
*CC(*)(C)COC,-5.713022,-6.9818306,True,48,5,0.8,euclidean,random,StandardScaler_per_sample_dimension
*CC(*)(C)C(=O)OC,-5.910412,-7.088835,False,48,5,0.8,euclidean,random,StandardScaler_per_sample_dimension
*C(C)COCCC,7.068792,-0.5716241,True,48,5,0.8,euclidean,random,StandardScaler_per_sample_dimension
C1=CC2=C(C=C1)C=CC=C2,5.498456,10.994365,False,48,5,0.8,euclidean,random,StandardScaler_per_sample_dimension
C1=CC=C2C=CC=CC2=C1,5.595933,10.824099,True,48,5,0.8,euclidean,random,StandardScaler_per_sample_dimension
CCC1=CC=C(NC=O)C=C1,9.034419,8.77625,False,48,5,0.8,euclidean,random,StandardScaler_per_sample_dimension
CCCCCCCCCCCC,5.1635456,-0.39474958,False,48,5,0.8,euclidean,random,StandardScaler_per_sample_dimension
CCCNC(=O)CC,1.9104602,-3.340707,False,48,5,0.8,euclidean,random,StandardScaler_per_sample_dimension
*CC1=CC=C(C(N)=O)C=C1,10.660956,5.412236,True,48,5,0.8,euclidean,random,StandardScaler_per_sample_dimension
CCCCC(=O)NC,3.8508866,-0.38778594,False,48,5,0.8,euclidean,random,StandardScaler_per_sample_dimension
CCCCCCCCN,2.8941033,-2.658261,True,48,5,0.8,euclidean,random,StandardScaler_per_sample_dimension
NCC1=CC(O)=CC=C1,-0.20263436,-8.4023285,False,48,5,0.8,euclidean,random,StandardScaler_per_sample_dimension
NCC1=CC=CC(O)=C1,-0.12679653,-8.43777,False,48,5,0.8,euclidean,random,StandardScaler_per_sample_dimension
NC(=O)C1=CC(O)=CC=C1,-0.13390812,-8.226744,False,48,5,0.8,euclidean,random,StandardScaler_per_sample_dimension
NC(=O)C1=CC=CC(O)=C1,-0.22769405,-8.257235,False,48,5,0.8,euclidean,random,StandardScaler_per_sample_dimension
COC1=CC=C(OC)C=C1,1.7910968,12.256688,False,48,5,0.8,euclidean,random,StandardScaler_per_sample_dimension
CNCC1=CC=CC(O)=C1,28.018135,-0.67249674,True,48,5,0.8,euclidean,random,StandardScaler_per_sample_dimension
CNC(=O)C1=CC=CC(O)=C1,28.105408,-0.7553208,False,48,5,0.8,euclidean,random,StandardScaler_per_sample_dimension
CCC1=C(C)C=CC=C1,-2.366283,-12.976831,True,48,5,0.8,euclidean,random,StandardScaler_per_sample_dimension
CCC1=CC=CC=C1C,-2.4302285,-12.8098955,False,48,5,0.8,euclidean,random,StandardScaler_per_sample_dimension
COC1=CC=CC(CN)=C1,0.04308954,-8.018015,False,48,5,0.8,euclidean,random,StandardScaler_per_sample_dimension
COC1=CC=CC(C(N)=O)=C1,-0.0100966245,-7.9444013,False,48,5,0.8,euclidean,random,StandardScaler_per_sample_dimension
*OC1=CC=C(CC2=CC=C(O)C=C2)C=C1,11.067662,-5.716741,False,48,5,0.8,euclidean,random,StandardScaler_per_sample_dimension
*COC,-4.84676,11.907846,True,48,5,0.8,euclidean,random,StandardScaler_per_sample_dimension
*CC1=CC=C(C(=O)NC)C=C1,10.256814,5.298544,False,48,5,0.8,euclidean,random,StandardScaler_per_sample_dimension
COC(=O)C1=CC=C(C)C=C1,-0.9831723,-0.43752578,True,48,5,0.8,euclidean,random,StandardScaler_per_sample_dimension
CS(=O)C1=CC=CC=C1,1.3711001,15.17641,False,48,5,0.8,euclidean,random,StandardScaler_per_sample_dimension
*OC1=CC=C(CC2=CC=C(OC)C=C2)C=C1,11.133502,-5.7349133,True,48,5,0.8,euclidean,random,StandardScaler_per_sample_dimension
CCCCC1=CC=CC=C1,-1.0284876,10.303184,False,48,5,0.8,euclidean,random,StandardScaler_per_sample_dimension
CCCCCOC(=O)CC,7.774746,-2.052645,True,48,5,0.8,euclidean,random,StandardScaler_per_sample_dimension
CS(=O)(=O)C1=CC=CC=C1,1.7371626,14.860233,False,48,5,0.8,euclidean,random,StandardScaler_per_sample_dimension
C=CC1=CC=CC=C1,19.178547,18.274912,True,48,5,0.8,euclidean,random,StandardScaler_per_sample_dimension
CCCCCOC1=CC=C(C)C=C1,0.98380584,7.3757796,True,48,5,0.8,euclidean,random,StandardScaler_per_sample_dimension
NC(=O)C1=CC=C(OC2=CC=CC=C2)C=C1,1.9083709,-6.7265897,True,48,5,0.8,euclidean,random,StandardScaler_per_sample_dimension
CC1=CC=C(N(C)CC2=CC=CC=C2)C=C1,12.615681,6.5349026,False,48,5,0.8,euclidean,random,StandardScaler_per_sample_dimension
CC1=CC=C(NCC2=CC=CC=C2C)C=C1,12.731913,6.5957727,True,48,5,0.8,euclidean,random,StandardScaler_per_sample_dimension
NCC1=CC(OC2=CC=CC=C2)=CC=C1,0.10872713,-7.8121395,False,48,5,0.8,euclidean,random,StandardScaler_per_sample_dimension
NCC1=CC=CC(OC2=CC=CC=C2)=C1,0.21687792,-7.7132244,False,48,5,0.8,euclidean,random,StandardScaler_per_sample_dimension
NC(=O)C1=CC(OC2=CC=CC=C2)=CC=C1,0.24955387,-7.655037,False,48,5,0.8,euclidean,random,StandardScaler_per_sample_dimension
NC(=O)C1=CC=CC(OC2=CC=CC=C2)=C1,0.17239702,-7.7298913,False,48,5,0.8,euclidean,random,StandardScaler_per_sample_dimension
CNCC1=CC=CC(OC2=CC=CC=C2)=C1,27.892155,-0.533778,False,48,5,0.8,euclidean,random,StandardScaler_per_sample_dimension
CNC(=O)C1=CC=CC(OC2=CC=CC=C2)=C1,27.998093,-0.6507957,False,48,5,0.8,euclidean,random,StandardScaler_per_sample_dimension
COC1=CC=C(CC2=CC=C(OC)C=C2)C=C1,4.6451626,9.506702,True,48,5,0.8,euclidean,random,StandardScaler_per_sample_dimension
*OC1=CC=C(C(C)C)C=C1,10.546782,-5.5350323,True,48,5,0.8,euclidean,random,StandardScaler_per_sample_dimension
*CC1=CC=C(CNC2=CC=CC=C2)C=C1,10.595797,5.6930494,False,48,5,0.8,euclidean,random,StandardScaler_per_sample_dimension
O=CNC1=CC=C(CC2=CC=CC=C2)C=C1,8.537886,8.787542,False,48,5,0.8,euclidean,random,StandardScaler_per_sample_dimension
CC1=C(C)C=C(O)C=C1,7.599443,-4.8787155,False,48,5,0.8,euclidean,random,StandardScaler_per_sample_dimension
CC1=CC=C(O)C=C1C,7.517408,-4.89257,False,48,5,0.8,euclidean,random,StandardScaler_per_sample_dimension
*CC1=CC=C(C(=O)NC2=CC=CC=C2)C=C1,10.365753,5.4502654,False,48,5,0.8,euclidean,random,StandardScaler_per_sample_dimension
CC1=CC=C(N2CC3=C(C=CC=C3)C2=O)C=C1,12.517318,6.6265187,False,48,5,0.8,euclidean,random,StandardScaler_per_sample_dimension
CC1=CC=C(N2CC3=CC=CC=C3C2=O)C=C1,12.277965,6.5080338,False,48,5,0.8,euclidean,random,StandardScaler_per_sample_dimension
CCCNC1=CC=CC=C1,-6.6714272,15.34411,True,48,5,0.8,euclidean,random,StandardScaler_per_sample_dimension
O=S(C1=CC=CC=C1)C1=CC=CC=C1,1.6594111,14.792218,False,48,5,0.8,euclidean,random,StandardScaler_per_sample_dimension
CC1=CC=C(N2CC3=C(C=CC=C3)C2)C=C1,12.512765,6.522347,False,48,5,0.8,euclidean,random,StandardScaler_per_sample_dimension
CC1=CC=C(N2CC3=CC=CC=C3C2)C=C1,12.466706,6.4085875,False,48,5,0.8,euclidean,random,StandardScaler_per_sample_dimension
CCCC(C)CCC,1.2870759,10.70884,False,48,5,0.8,euclidean,random,StandardScaler_per_sample_dimension
CC(C)CC(C)C,0.8763507,8.571803,True,48,5,0.8,euclidean,random,StandardScaler_per_sample_dimension
CC1CCCCC1,1.5222653,9.998292,True,48,5,0.8,euclidean,random,StandardScaler_per_sample_dimension
CCCCCCNC(C)=O,0.9578333,-3.4411862,True,48,5,0.8,euclidean,random,StandardScaler_per_sample_dimension
COCCN,6.51548,15.58272,True,48,5,0.8,euclidean,random,StandardScaler_per_sample_dimension
CCCCCCCOC1=CC=CC=C1,0.62164456,7.4147997,True,48,5,0.8,euclidean,random,StandardScaler_per_sample_dimension
O=S(=O)(C1=CC=CC=C1)C1=CC=CC=C1,1.9750237,14.412316,True,48,5,0.8,euclidean,random,StandardScaler_per_sample_dimension
CCCCNCCC,1.560593,-3.589132,True,48,5,0.8,euclidean,random,StandardScaler_per_sample_dimension
*CC1=CC(C)=C(C)C=C1,22.303064,-7.4383082,False,48,5,0.8,euclidean,random,StandardScaler_per_sample_dimension
*CC1=CC=C(C)C(C)=C1,22.18298,-7.3083835,False,48,5,0.8,euclidean,random,StandardScaler_per_sample_dimension
CCCCCCCCOCC,5.8709373,-0.24388905,True,48,5,0.8,euclidean,random,StandardScaler_per_sample_dimension
*CC1=CC=C(CNC=O)C=C1,22.476496,-7.29403,False,48,5,0.8,euclidean,random,StandardScaler_per_sample_dimension
CC1=CC=C(C(C)C)C=C1,6.708786,12.149019,True,48,5,0.8,euclidean,random,StandardScaler_per_sample_dimension
CCNC(=O)C1=CC=CC=C1,-0.062078428,-2.6171305,False,48,5,0.8,euclidean,random,StandardScaler_per_sample_dimension
*CC(C)C(=O)OCC,-5.9390125,-5.9821177,True,48,5,0.8,euclidean,random,StandardScaler_per_sample_dimension
*OC1=CC=C(C(C)C2=CC=CC=C2)C=C1,10.44036,-5.6312757,True,48,5,0.8,euclidean,random,StandardScaler_per_sample_dimension
CCCCCCCOC=O,6.2813263,-0.34971952,True,48,5,0.8,euclidean,random,StandardScaler_per_sample_dimension
*CC(=O)OCCC,7.082378,-0.7213345,True,48,5,0.8,euclidean,random,StandardScaler_per_sample_dimension
P,-6.2265944,-10.927642,False,48,5,0.8,euclidean,random,StandardScaler_per_sample_dimension
*CC1=CC(CNC=O)=CC=C1,22.978205,-14.428675,False,48,5,0.8,euclidean,random,StandardScaler_per_sample_dimension
*CC1=CC=CC(CNC=O)=C1,22.900307,-14.155666,False,48,5,0.8,euclidean,random,StandardScaler_per_sample_dimension
CCCN(C)CC,0.9362301,-1.2794366,False,48,5,0.8,euclidean,random,StandardScaler_per_sample_dimension
CNCCOC,6.4901075,15.6859455,True,48,5,0.8,euclidean,random,StandardScaler_per_sample_dimension
*CC1=CC=C(C=O)C(C)=C1,15.394505,25.49275,True,48,5,0.8,euclidean,random,StandardScaler_per_sample_dimension
NC1=CC=C(N)C=C1,-2.9535987,10.006159,True,48,5,0.8,euclidean,random,StandardScaler_per_sample_dimension
CCNC1=CC=C(CC)C=C1,8.919082,8.640519,True,48,5,0.8,euclidean,random,StandardScaler_per_sample_dimension
*C(=O)C1=CC=C(C)C=C1,9.995797,5.206631,True,48,5,0.8,euclidean,random,StandardScaler_per_sample_dimension
*CC1=CC=C(CN(C)C)C=C1,22.778635,-14.205158,False,48,5,0.8,euclidean,random,StandardScaler_per_sample_dimension
*CC1=CC=C(C(=O)N(C)C)C=C1,23.028477,-14.142048,False,48,5,0.8,euclidean,random,StandardScaler_per_sample_dimension
CCCC(C)(C)C,0.9270599,8.517321,False,48,5,0.8,euclidean,random,StandardScaler_per_sample_dimension
CCC1=CC=C(OC2=CC=C(C)C=C2)C=C1,4.909979,11.38583,True,48,5,0.8,euclidean,random,StandardScaler_per_sample_dimension
CCC1=CC(CN)=CC=C1,6.7752147,-12.632714,False,48,5,0.8,euclidean,random,StandardScaler_per_sample_dimension
CCC1=CC=CC(CN)=C1,6.618218,-12.580745,False,48,5,0.8,euclidean,random,StandardScaler_per_sample_dimension
CCC1=CC(C)=C(C)C=C1,8.801234,28.7188,True,48,5,0.8,euclidean,random,StandardScaler_per_sample_dimension
CCC1=CC=C(C)C(C)=C1,8.769091,28.932402,False,48,5,0.8,euclidean,random,StandardScaler_per_sample_dimension
CCCOCC1=CC=CC=C1,1.1425807,0.9453368,True,48,5,0.8,euclidean,random,StandardScaler_per_sample_dimension
*CC1=CC(C)=C(CN)C=C1,22.354889,-7.4414144,False,48,5,0.8,euclidean,random,StandardScaler_per_sample_dimension
*CC1=CC=C(CN)C(C)=C1,22.247194,-7.485433,False,48,5,0.8,euclidean,random,StandardScaler_per_sample_dimension
*CC1=CC(C)=C(CNC)C=C1,22.326199,-7.417036,False,48,5,0.8,euclidean,random,StandardScaler_per_sample_dimension
*CC1=CC=C(CNC)C(C)=C1,22.299616,-7.3589764,False,48,5,0.8,euclidean,random,StandardScaler_per_sample_dimension
CCC1=CC(CNC)=CC=C1,-6.9505334,10.960272,False,48,5,0.8,euclidean,random,StandardScaler_per_sample_dimension
CCC1=CC=CC(CNC)=C1,-6.8080764,10.666049,False,48,5,0.8,euclidean,random,StandardScaler_per_sample_dimension
*OC1=CC=C(C(C)C2=CC=C(O)C=C2)C=C1,10.808777,-5.5279527,False,48,5,0.8,euclidean,random,StandardScaler_per_sample_dimension
OC1=CC(CNC2=CC=CC=C2)=CC=C1,-10.735818,14.326365,True,48,5,0.8,euclidean,random,StandardScaler_per_sample_dimension
OC1=CC=CC(CNC2=CC=CC=C2)=C1,-10.687175,14.258027,False,48,5,0.8,euclidean,random,StandardScaler_per_sample_dimension
O=C(NC1=CC=CC=C1)C1=CC(O)=CC=C1,-10.767744,14.245179,False,48,5,0.8,euclidean,random,StandardScaler_per_sample_dimension
O=C(NC1=CC=CC=C1)C1=CC=CC(O)=C1,-10.7498865,14.245948,False,48,5,0.8,euclidean,random,StandardScaler_per_sample_dimension
CC1=CC(NCC2=CC=CC=C2)=CC=C1,-12.712337,1.8204736,True,48,5,0.8,euclidean,random,StandardScaler_per_sample_dimension
CC1=CC=CC(NCC2=CC=CC=C2)=C1,-12.760422,1.7496618,False,48,5,0.8,euclidean,random,StandardScaler_per_sample_dimension
CC1=CC(NC(=O)C2=CC=CC=C2)=CC=C1,-12.715015,1.8116009,False,48,5,0.8,euclidean,random,StandardScaler_per_sample_dimension
CC1=CC=CC(NC(=O)C2=CC=CC=C2)=C1,-12.637301,1.703225,False,48,5,0.8,euclidean,random,StandardScaler_per_sample_dimension
COC1=CC=CC(CNC2=CC=CC=C2)=C1,-10.670496,14.183795,False,48,5,0.8,euclidean,random,StandardScaler_per_sample_dimension
COC1=CC=CC(C(=O)NC2=CC=CC=C2)=C1,-10.784516,14.304978,False,48,5,0.8,euclidean,random,StandardScaler_per_sample_dimension
*CC1=CC=C(C)C(C=O)=C1,15.418643,25.565374,False,48,5,0.8,euclidean,random,StandardScaler_per_sample_dimension
*CC1=CC=C(C)C(CN)=C1,15.387397,25.605892,False,48,5,0.8,euclidean,random,StandardScaler_per_sample_dimension
*CC1=CC=C(C)C(C(N)=O)=C1,15.448491,25.579197,False,48,5,0.8,euclidean,random,StandardScaler_per_sample_dimension
*CC1=CC=C(C=O)C(C=O)=C1,15.448385,25.64046,False,48,5,0.8,euclidean,random,StandardScaler_per_sample_dimension
*CC1=CC=C(C=O)C(CN)=C1,15.356752,25.601274,False,48,5,0.8,euclidean,random,StandardScaler_per_sample_dimension
*CC1=CC=C(C=O)C(C(N)=O)=C1,15.420101,25.57278,False,48,5,0.8,euclidean,random,StandardScaler_per_sample_dimension
*CC1=CC2=C(C=C1)CNC2,23.121754,-14.131955,False,48,5,0.8,euclidean,random,StandardScaler_per_sample_dimension
*CC1=CC=C2CNCC2=C1,22.795296,-14.130868,False,48,5,0.8,euclidean,random,StandardScaler_per_sample_dimension
*CC1=CC2=C(C=C1)C(=O)NC2,23.309277,-14.311682,False,48,5,0.8,euclidean,random,StandardScaler_per_sample_dimension
*CC1=CC2=C(C=C1)CNC2=O,22.865446,-14.0086,False,48,5,0.8,euclidean,random,StandardScaler_per_sample_dimension
*CC1=CC=C2C(=O)NCC2=C1,22.812128,-14.223939,False,48,5,0.8,euclidean,random,StandardScaler_per_sample_dimension
*CC1=CC=C2CN(C)CC2=C1,22.862932,-14.12334,False,48,5,0.8,euclidean,random,StandardScaler_per_sample_dimension
*CC1=CC=C2CNC(=O)C2=C1,22.831621,-14.132449,False,48,5,0.8,euclidean,random,StandardScaler_per_sample_dimension
*OC1=CC=C(C(C)(C)C)C=C1,10.906942,-5.8809657,False,48,5,0.8,euclidean,random,StandardScaler_per_sample_dimension
*CC1=CC2=C(C=C1)C(=O)NC2=O,23.09283,-14.328785,False,48,5,0.8,euclidean,random,StandardScaler_per_sample_dimension
*CC1=CC=C2C(=O)N(C)CC2=C1,23.132944,-14.339462,False,48,5,0.8,euclidean,random,StandardScaler_per_sample_dimension
*CC1=CC=C2C(=O)NC(=O)C2=C1,23.245298,-14.223169,False,48,5,0.8,euclidean,random,StandardScaler_per_sample_dimension
*CC1=CC=C2CN(C)C(=O)C2=C1,22.565472,-13.914142,False,48,5,0.8,euclidean,random,StandardScaler_per_sample_dimension
*CC1=CC=C2C(=O)N(C)C(=O)C2=C1,23.235622,-14.031694,False,48,5,0.8,euclidean,random,StandardScaler_per_sample_dimension
CCC1=CC(C(N)=O)=CC=C1,6.727906,-12.632835,False,48,5,0.8,euclidean,random,StandardScaler_per_sample_dimension
CCC1=CC=CC(C(N)=O)=C1,6.608364,-12.630751,False,48,5,0.8,euclidean,random,StandardScaler_per_sample_dimension
*C(C)(C)COCC,-6.2179985,-5.998536,True,48,5,0.8,euclidean,random,StandardScaler_per_sample_dimension
*C(C)(C)C(=O)OCC,-6.1144447,-6.039397,False,48,5,0.8,euclidean,random,StandardScaler_per_sample_dimension
CCC1=CC(C(=O)NC)=CC=C1,-6.950481,10.83653,True,48,5,0.8,euclidean,random,StandardScaler_per_sample_dimension
CCC1=CC=CC(C(=O)NC)=C1,-6.980258,10.776468,False,48,5,0.8,euclidean,random,StandardScaler_per_sample_dimension
CCCCCC(=O)O,5.1494217,-0.7018239,True,48,5,0.8,euclidean,random,StandardScaler_per_sample_dimension
COC1=CC=C(C)C(C)=C1,7.416272,-4.8513904,True,48,5,0.8,euclidean,random,StandardScaler_per_sample_dimension
CC1=CC(C)=CC(C)=C1,13.849587,10.78276,True,48,5,0.8,euclidean,random,StandardScaler_per_sample_dimension
CCCCCCOC1=CC=C(C)C=C1,0.91636443,7.312899,False,48,5,0.8,euclidean,random,StandardScaler_per_sample_dimension
*CC(*)(C)COCC,-6.3129973,-6.019851,False,48,5,0.8,euclidean,random,StandardScaler_per_sample_dimension
*CC(*)(C)C(=O)OCC,-6.180362,-6.0790596,False,48,5,0.8,euclidean,random,StandardScaler_per_sample_dimension
CCCC1=CC=C(O)C=C1,-0.7948632,11.099392,True,48,5,0.8,euclidean,random,StandardScaler_per_sample_dimension
O=CNCC1=CC=C(O)C=C1,6.6565065,-17.199686,False,48,5,0.8,euclidean,random,StandardScaler_per_sample_dimension
COC1=CC=C(CNC=O)C=C1,6.5506344,-17.070467,True,48,5,0.8,euclidean,random,StandardScaler_per_sample_dimension
CCCCCCCCOC1=CC=CC=C1,0.88891816,7.197668,True,48,5,0.8,euclidean,random,StandardScaler_per_sample_dimension
*CCOCCCC,7.791273,-1.3173368,True,48,5,0.8,euclidean,random,StandardScaler_per_sample_dimension
CCNCCO,6.58832,15.654907,True,48,5,0.8,euclidean,random,StandardScaler_per_sample_dimension
*CC1=CC=C(C)C(CNC2=CC=CC=C2)=C1,15.322427,25.466253,False,48,5,0.8,euclidean,random,StandardScaler_per_sample_dimension
CCCN(C)C=O,0.50548226,-1.342671,False,48,5,0.8,euclidean,random,StandardScaler_per_sample_dimension
*C(C)C(=O)OCCC,7.1073027,-0.81180537,False,48,5,0.8,euclidean,random,StandardScaler_per_sample_dimension
CC1=CC(CNC2=CC=C(O)C=C2)=CC=C1,-10.018688,0.118843526,False,48,5,0.8,euclidean,random,StandardScaler_per_sample_dimension
CC1=CC=CC(CNC2=CC=C(O)C=C2)=C1,-10.031764,0.197587,False,48,5,0.8,euclidean,random,StandardScaler_per_sample_dimension
*CC1=CC2=C(C=C1)CN(C1=CC=CC=C1)C2,23.2318,-14.351777,False,48,5,0.8,euclidean,random,StandardScaler_per_sample_dimension
*CC1=CC=C2CN(C3=CC=CC=C3)CC2=C1,23.129292,-14.335926,False,48,5,0.8,euclidean,random,StandardScaler_per_sample_dimension
CCCCCC(N)=O,3.9797087,-0.9560197,False,48,5,0.8,euclidean,random,StandardScaler_per_sample_dimension
*CCC(=O)OCCC,7.050898,-0.61705667,True,48,5,0.8,euclidean,random,StandardScaler_per_sample_dimension
CC1=CC(C(=O)NC2=CC=C(O)C=C2)=CC=C1,-10.022291,0.066102356,False,48,5,0.8,euclidean,random,StandardScaler_per_sample_dimension
CC1=CC=CC(C(=O)NC2=CC=C(O)C=C2)=C1,-9.937283,0.048546836,False,48,5,0.8,euclidean,random,StandardScaler_per_sample_dimension
*OC(C)=O,1.596906,2.5221176,True,48,5,0.8,euclidean,random,StandardScaler_per_sample_dimension
O=COCCO,11.6899185,9.476672,True,48,5,0.8,euclidean,random,StandardScaler_per_sample_dimension
*CCCCCCCCC,6.5297112,8.669951,True,48,5,0.8,euclidean,random,StandardScaler_per_sample_dimension
CC(C)N,16.054499,17.024702,True,48,5,0.8,euclidean,random,StandardScaler_per_sample_dimension
CCCCCCCCNC,2.975943,-2.5865347,True,48,5,0.8,euclidean,random,StandardScaler_per_sample_dimension
CCC1=CC=C(NC(C)=O)C=C1,9.009025,8.400538,False,48,5,0.8,euclidean,random,StandardScaler_per_sample_dimension
CCCOCC(C)C,-0.7001631,-9.919869,True,48,5,0.8,euclidean,random,StandardScaler_per_sample_dimension
*OC1=CC=C(C(C)(C)C2=CC=CC=C2)C=C1,10.832903,-5.7924914,False,48,5,0.8,euclidean,random,StandardScaler_per_sample_dimension
*CCN,11.304423,-3.2735338,False,48,5,0.8,euclidean,random,StandardScaler_per_sample_dimension
CCCCCC(=O)OC,5.101709,-0.724493,False,48,5,0.8,euclidean,random,StandardScaler_per_sample_dimension
C/C=C/C1=CC=CC=C1,19.059761,18.20169,True,48,5,0.8,euclidean,random,StandardScaler_per_sample_dimension
C/C=C\C1=CC=CC=C1,19.039633,18.127325,False,48,5,0.8,euclidean,random,StandardScaler_per_sample_dimension
CC=CC1=CC=CC=C1,19.20851,18.268396,False,48,5,0.8,euclidean,random,StandardScaler_per_sample_dimension
CCNC1=CC=C(CC2=CC=CC=C2)C=C1,8.846071,8.68781,False,48,5,0.8,euclidean,random,StandardScaler_per_sample_dimension
CCC1=CC=C(CN)C=C1,8.371711,28.391697,False,48,5,0.8,euclidean,random,StandardScaler_per_sample_dimension
CC1=CC=C(NCC2=CC(C)=CC=C2)C=C1,7.08135,6.363222,False,48,5,0.8,euclidean,random,StandardScaler_per_sample_dimension
CC1=CC=C(NCC2=CC=CC(C)=C2)C=C1,6.9310455,6.1866093,False,48,5,0.8,euclidean,random,StandardScaler_per_sample_dimension
CCC(C)C1=CC=CC=C1,-1.4043325,10.383787,False,48,5,0.8,euclidean,random,StandardScaler_per_sample_dimension
CCC1=CC=C(C(N)=O)C=C1,8.504432,28.390831,False,48,5,0.8,euclidean,random,StandardScaler_per_sample_dimension
CC(=O)C1=CC=C(O)C=C1,-9.638126,4.367861,False,48,5,0.8,euclidean,random,StandardScaler_per_sample_dimension
CC1=CC=C(NC(=O)C2=CC(C)=CC=C2)C=C1,6.8841076,6.5574355,True,48,5,0.8,euclidean,random,StandardScaler_per_sample_dimension
CC1=CC=C(NC(=O)C2=CC=CC(C)=C2)C=C1,6.8215737,6.3970895,False,48,5,0.8,euclidean,random,StandardScaler_per_sample_dimension
*CN,6.297177,13.403947,True,48,5,0.8,euclidean,random,StandardScaler_per_sample_dimension
*C(=O)C1=CC(C)=CC=C1,-0.7674456,-5.704099,False,48,5,0.8,euclidean,random,StandardScaler_per_sample_dimension
*C(=O)C1=CC=CC(C)=C1,-0.7779859,-5.5238924,False,48,5,0.8,euclidean,random,StandardScaler_per_sample_dimension
*CC(*)COCCC,6.942173,-0.47908172,True,48,5,0.8,euclidean,random,StandardScaler_per_sample_dimension
*CC(*)C(=O)OCCC,6.948544,-0.51894337,False,48,5,0.8,euclidean,random,StandardScaler_per_sample_dimension
NCC1=CC(CN)=CC=C1,-4.2205777,14.454874,False,48,5,0.8,euclidean,random,StandardScaler_per_sample_dimension
NCC1=CC=CC(CN)=C1,-4.201173,14.475428,False,48,5,0.8,euclidean,random,StandardScaler_per_sample_dimension
CCCCCCOC(=O)CC,7.63847,-2.126165,True,48,5,0.8,euclidean,random,StandardScaler_per_sample_dimension
CNCC1=CC(CN)=CC=C1,-19.074339,11.219474,False,48,5,0.8,euclidean,random,StandardScaler_per_sample_dimension
CNCC1=CC=CC(CN)=C1,-19.358677,10.945509,False,48,5,0.8,euclidean,random,StandardScaler_per_sample_dimension
CCC1=CC=C(CNC)C=C1,8.581783,28.230494,False,48,5,0.8,euclidean,random,StandardScaler_per_sample_dimension
CCC1=CC=C(C(=O)NC)C=C1,8.656194,28.184752,False,48,5,0.8,euclidean,random,StandardScaler_per_sample_dimension
CC1=C(C)C=C(OC2=CC=CC=C2)C=C1,7.521785,-5.0931606,False,48,5,0.8,euclidean,random,StandardScaler_per_sample_dimension
CC1=CC=C(OC2=CC=CC=C2)C=C1C,7.3325377,-5.160485,False,48,5,0.8,euclidean,random,StandardScaler_per_sample_dimension
*CC(C)CC,7.911981,7.260121,True,48,5,0.8,euclidean,random,StandardScaler_per_sample_dimension
CC1=C(OC2=CC=CC=C2)C=CC=C1,18.53689,23.124975,True,48,5,0.8,euclidean,random,StandardScaler_per_sample_dimension
CC1=CC=CC=C1OC1=CC=CC=C1,18.60202,23.07122,False,48,5,0.8,euclidean,random,StandardScaler_per_sample_dimension
NCC1=CC(C(N)=O)=CC=C1,-19.36562,10.929611,False,48,5,0.8,euclidean,random,StandardScaler_per_sample_dimension
NCC1=CC=CC(C(N)=O)=C1,-19.292746,11.030602,False,48,5,0.8,euclidean,random,StandardScaler_per_sample_dimension
NC(=O)C1=CC(C(N)=O)=CC=C1,-4.233177,14.347834,False,48,5,0.8,euclidean,random,StandardScaler_per_sample_dimension
NC(=O)C1=CC=CC(C(N)=O)=C1,-4.2017326,14.597297,False,48,5,0.8,euclidean,random,StandardScaler_per_sample_dimension
CCCNC(=O)CCC,1.9093943,-3.3748043,True,48,5,0.8,euclidean,random,StandardScaler_per_sample_dimension
CNC(=O)C1=CC(CN)=CC=C1,-19.270088,11.069767,False,48,5,0.8,euclidean,random,StandardScaler_per_sample_dimension
CNC(=O)C1=CC=CC(CN)=C1,-19.16019,11.171984,False,48,5,0.8,euclidean,random,StandardScaler_per_sample_dimension
CNCC1=CC(C(N)=O)=CC=C1,-19.424911,10.932865,False,48,5,0.8,euclidean,random,StandardScaler_per_sample_dimension
CNCC1=CC=CC(C(N)=O)=C1,-19.360613,11.028687,False,48,5,0.8,euclidean,random,StandardScaler_per_sample_dimension
CNC(=O)C1=CC(C(N)=O)=CC=C1,-19.350794,10.978788,False,48,5,0.8,euclidean,random,StandardScaler_per_sample_dimension
CNC(=O)C1=CC=CC(C(N)=O)=C1,-19.462326,10.869045,False,48,5,0.8,euclidean,random,StandardScaler_per_sample_dimension
CCC(C)O,-2.0276127,4.068343,True,48,5,0.8,euclidean,random,StandardScaler_per_sample_dimension
CCCCCC(=O)NC,3.9307082,-0.7284496,False,48,5,0.8,euclidean,random,StandardScaler_per_sample_dimension
CC(=O)NC1=CC=C(CC2=CC=CC=C2)C=C1,8.784433,8.722038,True,48,5,0.8,euclidean,random,StandardScaler_per_sample_dimension
*C(C)CCC,7.926772,7.9544854,False,48,5,0.8,euclidean,random,StandardScaler_per_sample_dimension
*CCCOCCCC,7.7843766,-1.1915929,True,48,5,0.8,euclidean,random,StandardScaler_per_sample_dimension
*NCC1=CC(C)=CC=C1,9.219531,-1.0582392,False,48,5,0.8,euclidean,random,StandardScaler_per_sample_dimension
*NCC1=CC=CC(C)=C1,9.436748,-0.95076424,False,48,5,0.8,euclidean,random,StandardScaler_per_sample_dimension
*CNC,6.2133636,13.1443815,False,48,5,0.8,euclidean,random,StandardScaler_per_sample_dimension
*CCC1=CC=CC=C1,10.927406,4.779559,True,48,5,0.8,euclidean,random,StandardScaler_per_sample_dimension
CCNCCOC,6.7821064,15.527692,True,48,5,0.8,euclidean,random,StandardScaler_per_sample_dimension
CCCCCCC(C)C,1.1675342,10.765472,False,48,5,0.8,euclidean,random,StandardScaler_per_sample_dimension
CC1=CC(O)=CC=C1C=O,19.330782,5.946932,False,48,5,0.8,euclidean,random,StandardScaler_per_sample_dimension
OCCCO,-2.211666,2.8305714,True,48,5,0.8,euclidean,random,StandardScaler_per_sample_dimension
COC1=CC=C(NCC2=CC(C)=CC=C2)C=C1,-10.023928,0.3111697,True,48,5,0.8,euclidean,random,StandardScaler_per_sample_dimension
COC1=CC=C(NCC2=CC=CC(C)=C2)C=C1,-10.013851,0.23769331,False,48,5,0.8,euclidean,random,StandardScaler_per_sample_dimension
*NC(=O)C1=CC(C)=CC=C1,9.199918,-1.13915,True,48,5,0.8,euclidean,random,StandardScaler_per_sample_dimension
*NC(=O)C1=CC=CC(C)=C1,9.288451,-1.1050111,False,48,5,0.8,euclidean,random,StandardScaler_per_sample_dimension
CCC(C)CO,6.649829,4.108131,True,48,5,0.8,euclidean,random,StandardScaler_per_sample_dimension
CCCCN(C)C,0.9689741,-1.0827643,True,48,5,0.8,euclidean,random,StandardScaler_per_sample_dimension
CCCCCCCCOC=O,6.13317,-0.11894123,True,48,5,0.8,euclidean,random,StandardScaler_per_sample_dimension
CC1=CC=C(CC2=CC=CC=C2)C=C1,5.835904,11.391652,True,48,5,0.8,euclidean,random,StandardScaler_per_sample_dimension
C#N,0.96563303,16.202932,True,48,5,0.8,euclidean,random,StandardScaler_per_sample_dimension
CC#N,1.223159,16.338932,False,48,5,0.8,euclidean,random,StandardScaler_per_sample_dimension
CCC1=CC(CNC=O)=CC=C1,-1.4948198,19.164423,False,48,5,0.8,euclidean,random,StandardScaler_per_sample_dimension
CCC1=CC=CC(CNC=O)=C1,-1.4342332,19.255142,False,48,5,0.8,euclidean,random,StandardScaler_per_sample_dimension
CCC1=CC=C(C=O)C(C)=C1,8.59361,28.819399,False,48,5,0.8,euclidean,random,StandardScaler_per_sample_dimension
*C(=O)C1=CC(C=O)=CC=C1,-0.94467974,-5.724757,True,48,5,0.8,euclidean,random,StandardScaler_per_sample_dimension
*C(=O)C1=CC=CC(C=O)=C1,-0.9699907,-5.735171,False,48,5,0.8,euclidean,random,StandardScaler_per_sample_dimension
COCCCO,-1.9912742,2.5827568,False,48,5,0.8,euclidean,random,StandardScaler_per_sample_dimension
CCCCCCCCCN,3.0759974,-2.4339993,False,48,5,0.8,euclidean,random,StandardScaler_per_sample_dimension
CCCCCCCCC=O,4.1460457,-1.5180037,True,48,5,0.8,euclidean,random,StandardScaler_per_sample_dimension
CCC1=CC=C(C)C(C=O)=C1,8.418345,28.602062,False,48,5,0.8,euclidean,random,StandardScaler_per_sample_dimension
CCC1=CC=C(C=O)C(C=O)=C1,8.368514,28.830965,False,48,5,0.8,euclidean,random,StandardScaler_per_sample_dimension
CCC1=CC=C(CN(C)C)C=C1,-5.421917,-9.243146,False,48,5,0.8,euclidean,random,StandardScaler_per_sample_dimension
CCC1=CC=C(C(=O)N(C)C)C=C1,-5.4600363,-9.209227,False,48,5,0.8,euclidean,random,StandardScaler_per_sample_dimension
CC1=CC(OC2=CC=CC=C2)=CC=C1C=O,7.461886,-5.2240686,False,48,5,0.8,euclidean,random,StandardScaler_per_sample_dimension
*CCF,14.574183,14.062737,False,48,5,0.8,euclidean,random,StandardScaler_per_sample_dimension
CC1=CC=C(O)C=C1C=O,19.686043,6.2295914,False,48,5,0.8,euclidean,random,StandardScaler_per_sample_dimension
*NCC1=CC=C(C)C=C1,5.3647456,-11.568848,False,48,5,0.8,euclidean,random,StandardScaler_per_sample_dimension
*NC(=O)C1=CC=C(C)C=C1,5.17741,-11.38204,True,48,5,0.8,euclidean,random,StandardScaler_per_sample_dimension
CCC1=CC(C(=O)NC=O)=CC=C1,-1.3615272,19.164917,False,48,5,0.8,euclidean,random,StandardScaler_per_sample_dimension
CCC1=CC=CC(C(=O)NC=O)=C1,-1.4442807,19.247467,False,48,5,0.8,euclidean,random,StandardScaler_per_sample_dimension
CCC1=CC=C(CN)C(C)=C1,8.477089,28.699556,True,48,5,0.8,euclidean,random,StandardScaler_per_sample_dimension
CCC1=CC=C(C(N)=O)C(C)=C1,8.238382,28.587341,False,48,5,0.8,euclidean,random,StandardScaler_per_sample_dimension
CCC1=CC=C(CN)C(C=O)=C1,8.354839,28.751358,False,48,5,0.8,euclidean,random,StandardScaler_per_sample_dimension
COC1=CC=C(C(C)=O)C=C1,-9.617656,4.1930656,False,48,5,0.8,euclidean,random,StandardScaler_per_sample_dimension
CNC1=CC=C(N)C=C1,-3.283043,9.760939,True,48,5,0.8,euclidean,random,StandardScaler_per_sample_dimension
CCC1=CC=C(C)C(CN)=C1,8.186516,29.063873,False,48,5,0.8,euclidean,random,StandardScaler_per_sample_dimension
CCOC(C)C,-3.2282045,3.550331,True,48,5,0.8,euclidean,random,StandardScaler_per_sample_dimension
*C(=O)C1=CC=C(C=O)C=C1,10.084848,4.9860134,True,48,5,0.8,euclidean,random,StandardScaler_per_sample_dimension
CC1=CC=C(O)C=C1CN,19.717388,6.4392114,False,48,5,0.8,euclidean,random,StandardScaler_per_sample_dimension
CC1=CC=C(O)C=C1C(N)=O,20.025843,6.514921,False,48,5,0.8,euclidean,random,StandardScaler_per_sample_dimension
NCC1=CC(O)=CC=C1C=O,19.807922,6.277199,False,48,5,0.8,euclidean,random,StandardScaler_per_sample_dimension
O=CC1=CC=C(O)C=C1C=O,19.800955,6.217107,False,48,5,0.8,euclidean,random,StandardScaler_per_sample_dimension
NC(=O)C1=CC(O)=CC=C1C=O,19.88212,6.4326844,False,48,5,0.8,euclidean,random,StandardScaler_per_sample_dimension
OCCOC1=CC=CC=C1,3.2312546,7.7471037,True,48,5,0.8,euclidean,random,StandardScaler_per_sample_dimension
CCC1=CC=C2CNCC2=C1,8.160744,28.776094,False,48,5,0.8,euclidean,random,StandardScaler_per_sample_dimension
CCC1=CC=C2C(=O)NCC2=C1,8.249782,28.896502,False,48,5,0.8,euclidean,random,StandardScaler_per_sample_dimension
CCC1=CC=C2CNC(=O)C2=C1,8.130003,29.105864,False,48,5,0.8,euclidean,random,StandardScaler_per_sample_dimension
CCC1=CC=C2C(=O)NC(=O)C2=C1,8.15215,29.119375,False,48,5,0.8,euclidean,random,StandardScaler_per_sample_dimension
CCC1=CC=C2CN(C)CC2=C1,-5.577179,-9.209469,True,48,5,0.8,euclidean,random,StandardScaler_per_sample_dimension
CCC1=CC=C2C(=O)N(C)CC2=C1,-5.6547275,-9.075571,False,48,5,0.8,euclidean,random,StandardScaler_per_sample_dimension
CCC1=CC=C2CN(C)C(=O)C2=C1,-5.608688,-9.153291,False,48,5,0.8,euclidean,random,StandardScaler_per_sample_dimension
O=CNC(=O)C1=CC=C(O)C=C1,6.661265,-17.371315,False,48,5,0.8,euclidean,random,StandardScaler_per_sample_dimension
CC1=CC=C(OC2=CC=CC=C2)C=C1C=O,7.3338895,-5.467265,False,48,5,0.8,euclidean,random,StandardScaler_per_sample_dimension
COC1=CC=C(C(=O)NC=O)C=C1,6.5238333,-17.183184,False,48,5,0.8,euclidean,random,StandardScaler_per_sample_dimension
CNC(C)C,16.162245,17.306808,True,48,5,0.8,euclidean,random,StandardScaler_per_sample_dimension
CC(O)CO,-2.8243058,3.05876,False,48,5,0.8,euclidean,random,StandardScaler_per_sample_dimension
O=CCCC=O,9.118676,10.631607,True,48,5,0.8,euclidean,random,StandardScaler_per_sample_dimension
CC1=CC=C(OC2=CC=CC=C2)C=C1CN,7.330673,-5.64147,False,48,5,0.8,euclidean,random,StandardScaler_per_sample_dimension
CC1=CC=C(OC2=CC=CC=C2)C=C1C(N)=O,7.164692,-5.682622,False,48,5,0.8,euclidean,random,StandardScaler_per_sample_dimension
NCC1=CC(OC2=CC=CC=C2)=CC=C1C=O,7.2067604,-5.652009,False,48,5,0.8,euclidean,random,StandardScaler_per_sample_dimension
O=CC1=CC=C(OC2=CC=CC=C2)C=C1C=O,7.319065,-5.609369,False,48,5,0.8,euclidean,random,StandardScaler_per_sample_dimension
CNCC1=CC(CNC)=CC=C1,-5.521924,-1.9289784,False,48,5,0.8,euclidean,random,StandardScaler_per_sample_dimension
CNCC1=CC=CC(CNC)=C1,-5.561771,-1.9770505,False,48,5,0.8,euclidean,random,StandardScaler_per_sample_dimension
CC1=CC=C(CNC2=CC=C(O)C=C2)C=C1,-2.7029765,13.617042,True,48,5,0.8,euclidean,random,StandardScaler_per_sample_dimension
CC(C)C(C)C,7.099964,3.6950908,False,48,5,0.8,euclidean,random,StandardScaler_per_sample_dimension
OC1=CC2=C(C=C1)CNC2,6.1909122,-17.247978,False,48,5,0.8,euclidean,random,StandardScaler_per_sample_dimension
OC1=CC=C2CNCC2=C1,6.3280454,-16.828304,False,48,5,0.8,euclidean,random,StandardScaler_per_sample_dimension
COC1=CC=C2CNCC2=C1,6.3743887,-17.111393,False,48,5,0.8,euclidean,random,StandardScaler_per_sample_dimension
O=C1NCC2=C1C=C(O)C=C2,6.1658783,-16.931868,False,48,5,0.8,euclidean,random,StandardScaler_per_sample_dimension
O=C1NCC2=C1C=CC(O)=C2,6.3466744,-17.019697,False,48,5,0.8,euclidean,random,StandardScaler_per_sample_dimension
O=C1NCC2=CC(O)=CC=C12,6.2663283,-17.12266,False,48,5,0.8,euclidean,random,StandardScaler_per_sample_dimension
O=C1NCC2=CC=C(O)C=C12,6.38563,-17.014025,False,48,5,0.8,euclidean,random,StandardScaler_per_sample_dimension
COC1=CC=C2C(=O)NCC2=C1,6.326839,-16.94521,False,48,5,0.8,euclidean,random,StandardScaler_per_sample_dimension
COC1=CC=C2CNC(=O)C2=C1,6.3845963,-17.104237,False,48,5,0.8,euclidean,random,StandardScaler_per_sample_dimension
O=C1NC(=O)C2=C1C=CC(O)=C2,6.227203,-16.976093,False,48,5,0.8,euclidean,random,StandardScaler_per_sample_dimension
O=C1NC(=O)C2=CC(O)=CC=C12,6.4417124,-17.114471,False,48,5,0.8,euclidean,random,StandardScaler_per_sample_dimension
COC1=CC=C2C(=O)NC(=O)C2=C1,6.255951,-17.025284,False,48,5,0.8,euclidean,random,StandardScaler_per_sample_dimension
*NCCC,-1.8304136,7.4995728,True,48,5,0.8,euclidean,random,StandardScaler_per_sample_dimension
COCC(C)O,-2.9354997,3.029841,True,48,5,0.8,euclidean,random,StandardScaler_per_sample_dimension
CC1=C(N)C=CC=C1,19.074537,10.720156,True,48,5,0.8,euclidean,random,StandardScaler_per_sample_dimension
CC1=CC=CC=C1N,19.113573,10.501054,False,48,5,0.8,euclidean,random,StandardScaler_per_sample_dimension
*CCNC,11.571645,-3.2182004,True,48,5,0.8,euclidean,random,StandardScaler_per_sample_dimension
C1=CC=C(OC2=CC3=C(C=C2)CNC3)C=C1,2.2606688,-7.115162,False,48,5,0.8,euclidean,random,StandardScaler_per_sample_dimension
C1=CC=C(OC2=CC=C3CNCC3=C2)C=C1,2.4299173,-7.171253,False,48,5,0.8,euclidean,random,StandardScaler_per_sample_dimension
O=C1NCC2=C1C=C(OC1=CC=CC=C1)C=C2,2.431248,-7.0906124,False,48,5,0.8,euclidean,random,StandardScaler_per_sample_dimension
O=C1NCC2=C1C=CC(OC1=CC=CC=C1)=C2,2.3050702,-7.2321177,False,48,5,0.8,euclidean,random,StandardScaler_per_sample_dimension
O=C1NCC2=CC(OC3=CC=CC=C3)=CC=C12,2.373839,-7.026633,False,48,5,0.8,euclidean,random,StandardScaler_per_sample_dimension
O=C1NCC2=CC=C(OC3=CC=CC=C3)C=C12,2.1337392,-7.02914,False,48,5,0.8,euclidean,random,StandardScaler_per_sample_dimension
O=C(C1=CC=CC=C1)C1=CC=C(O)C=C1,-9.500432,4.3617597,True,48,5,0.8,euclidean,random,StandardScaler_per_sample_dimension
CNCC1=CC(C(=O)NC)=CC=C1,-19.199791,11.093402,False,48,5,0.8,euclidean,random,StandardScaler_per_sample_dimension
CNCC1=CC=CC(C(=O)NC)=C1,-19.19647,11.110711,False,48,5,0.8,euclidean,random,StandardScaler_per_sample_dimension
CNC(=O)C1=CC(C(=O)NC)=CC=C1,-5.4989657,-1.9709326,False,48,5,0.8,euclidean,random,StandardScaler_per_sample_dimension
CNC(=O)C1=CC=CC(C(=O)NC)=C1,-5.6763506,-1.9151045,False,48,5,0.8,euclidean,random,StandardScaler_per_sample_dimension
CC1=CC=C(C(=O)NC2=CC=C(O)C=C2)C=C1,-2.7925913,13.492924,False,48,5,0.8,euclidean,random,StandardScaler_per_sample_dimension
CC1=CC=C(CNC2=CC=C(C)C=C2)C=C1,8.922635,1.643985,True,48,5,0.8,euclidean,random,StandardScaler_per_sample_dimension
CCC(C)C=O,5.631877,2.525092,True,48,5,0.8,euclidean,random,StandardScaler_per_sample_dimension
*N1CC2=C(C=C(O)C=C2)C1,-9.148505,20.926075,False,48,5,0.8,euclidean,random,StandardScaler_per_sample_dimension
*N1CC2=CC=C(O)C=C2C1,-9.162709,20.964731,False,48,5,0.8,euclidean,random,StandardScaler_per_sample_dimension
*N1CC2=C(C=C(O)C=C2)C1=O,-8.867976,21.289692,False,48,5,0.8,euclidean,random,StandardScaler_per_sample_dimension
*N1CC2=C(C=CC(O)=C2)C1=O,-8.927956,20.42097,False,48,5,0.8,euclidean,random,StandardScaler_per_sample_dimension
*N1CC2=CC(O)=CC=C2C1=O,-9.062091,20.688871,False,48,5,0.8,euclidean,random,StandardScaler_per_sample_dimension
*N1CC2=CC=C(O)C=C2C1=O,-9.187334,21.1142,False,48,5,0.8,euclidean,random,StandardScaler_per_sample_dimension
*N1CC2=CC=C(OC)C=C2C1,-8.964489,20.593088,False,48,5,0.8,euclidean,random,StandardScaler_per_sample_dimension
*N1C(=O)C2=CC=C(O)C=C2C1=O,-9.0158205,20.666317,False,48,5,0.8,euclidean,random,StandardScaler_per_sample_dimension
*N1CC2=CC(OC)=CC=C2C1=O,-9.194056,21.11744,False,48,5,0.8,euclidean,random,StandardScaler_per_sample_dimension
*N1CC2=CC=C(OC)C=C2C1=O,-8.836006,20.786083,False,48,5,0.8,euclidean,random,StandardScaler_per_sample_dimension
*N1C(=O)C2=CC=C(OC)C=C2C1=O,-9.108689,21.27754,False,48,5,0.8,euclidean,random,StandardScaler_per_sample_dimension
CC1=CC=C(NC(=O)C2=CC=C(C)C=C2)C=C1,8.940416,1.6193571,False,48,5,0.8,euclidean,random,StandardScaler_per_sample_dimension
CCCCCCCOC(C)=O,6.2375765,-0.29903337,False,48,5,0.8,euclidean,random,StandardScaler_per_sample_dimension
*N(C)CC1=CC(C)=CC=C1,-8.853399,6.496898,True,48,5,0.8,euclidean,random,StandardScaler_per_sample_dimension
*N1CC2=C(C=C(OC3=CC=CC=C3)C=C2)C1,-9.377165,21.068102,False,48,5,0.8,euclidean,random,StandardScaler_per_sample_dimension
*N1CC2=CC=C(OC3=CC=CC=C3)C=C2C1,-9.279092,21.010883,False,48,5,0.8,euclidean,random,StandardScaler_per_sample_dimension
CC1=CC(CC2=CC(C)=CC=C2)=CC=C1,-19.584812,8.788909,True,48,5,0.8,euclidean,random,StandardScaler_per_sample_dimension
CC1=CC(CC2=CC=CC(C)=C2)=CC=C1,-19.583647,8.798607,False,48,5,0.8,euclidean,random,StandardScaler_per_sample_dimension
CC1=CC=CC(CC2=CC(C)=CC=C2)=C1,-19.488037,8.7761755,False,48,5,0.8,euclidean,random,StandardScaler_per_sample_dimension
CC1=CC=CC(CC2=CC=CC(C)=C2)=C1,-19.640358,8.841894,False,48,5,0.8,euclidean,random,StandardScaler_per_sample_dimension
CC1=CC=C(OC2=CC(C)=CC=C2)C=C1,-0.56017977,-6.597058,True,48,5,0.8,euclidean,random,StandardScaler_per_sample_dimension
CC1=CC=C(OC2=CC=CC(C)=C2)C=C1,-0.6740476,-6.4097905,False,48,5,0.8,euclidean,random,StandardScaler_per_sample_dimension
CCCCCC(C)CC,0.9750769,10.9598055,True,48,5,0.8,euclidean,random,StandardScaler_per_sample_dimension
CCC1=CC=C(OC(C)=O)C=C1,4.133648,6.2666755,True,48,5,0.8,euclidean,random,StandardScaler_per_sample_dimension
CN1CC2=CC=C(O)C=C2C1,0.52875304,25.337288,False,48,5,0.8,euclidean,random,StandardScaler_per_sample_dimension
CN1CC2=CC(O)=CC=C2C1=O,0.46523914,25.272121,False,48,5,0.8,euclidean,random,StandardScaler_per_sample_dimension
CN1CC2=CC=C(O)C=C2C1=O,0.4849942,25.128494,False,48,5,0.8,euclidean,random,StandardScaler_per_sample_dimension
CN1C(=O)C2=CC=C(O)C=C2C1=O,0.4320729,25.30012,False,48,5,0.8,euclidean,random,StandardScaler_per_sample_dimension
CNCC1=CC(CNC2=CC=CC=C2)=CC=C1,-2.2791803,-14.874783,False,48,5,0.8,euclidean,random,StandardScaler_per_sample_dimension
CNCC1=CC=CC(CNC2=CC=CC=C2)=C1,-2.1675806,-14.760213,False,48,5,0.8,euclidean,random,StandardScaler_per_sample_dimension
CCC(C)(C)CC,0.82065105,9.264152,False,48,5,0.8,euclidean,random,StandardScaler_per_sample_dimension
NCC1=CC(CNC2=CC=CC=C2)=CC=C1,-2.277393,-14.879443,True,48,5,0.8,euclidean,random,StandardScaler_per_sample_dimension
NCC1=CC=CC(CNC2=CC=CC=C2)=C1,-2.4206624,-15.0042925,False,48,5,0.8,euclidean,random,StandardScaler_per_sample_dimension
O=CC1=CC=C(C2=CC=CC=C2)C=C1,18.941473,4.882971,True,48,5,0.8,euclidean,random,StandardScaler_per_sample_dimension
CCC(=O)OC1=CC=CC=C1,1.4244105,7.612497,True,48,5,0.8,euclidean,random,StandardScaler_per_sample_dimension
NCC1=CC=C(CN)C=C1,-14.985562,1.2952905,False,48,5,0.8,euclidean,random,StandardScaler_per_sample_dimension
CCC(C)COC,6.7388973,4.1319757,False,48,5,0.8,euclidean,random,StandardScaler_per_sample_dimension
CN1CC2=CC=C(OC3=CC=CC=C3)C=C2C1,0.39036167,25.243519,False,48,5,0.8,euclidean,random,StandardScaler_per_sample_dimension
CCCC1=CC=C(OC)C=C1,-0.42387328,10.797004,False,48,5,0.8,euclidean,random,StandardScaler_per_sample_dimension
OC1=CC=C(S)C=C1,0.863918,13.808856,False,48,5,0.8,euclidean,random,StandardScaler_per_sample_dimension
CCN(CC)CC,-0.064359225,-1.024726,True,48,5,0.8,euclidean,random,StandardScaler_per_sample_dimension
CCC(C)C(C)C,1.9592993,10.845694,True,48,5,0.8,euclidean,random,StandardScaler_per_sample_dimension
CC1=C(C)C=C(C2=CC=CC=C2)C=C1,18.808313,3.383513,True,48,5,0.8,euclidean,random,StandardScaler_per_sample_dimension
CC1=CC=C(C2=CC=CC=C2)C=C1C,18.60739,3.3218877,False,48,5,0.8,euclidean,random,StandardScaler_per_sample_dimension
CCCN(C)C(C)=O,0.2752835,-1.495912,True,48,5,0.8,euclidean,random,StandardScaler_per_sample_dimension
NC(=O)C1=CC(CNC2=CC=CC=C2)=CC=C1,-2.3917158,-14.986889,False,48,5,0.8,euclidean,random,StandardScaler_per_sample_dimension
NC(=O)C1=CC=CC(CNC2=CC=CC=C2)=C1,-2.4387174,-15.107981,False,48,5,0.8,euclidean,random,StandardScaler_per_sample_dimension
NCC1=CC(C(=O)NC2=CC=CC=C2)=CC=C1,-2.5344763,-15.165157,False,48,5,0.8,euclidean,random,StandardScaler_per_sample_dimension
NCC1=CC=CC(C(=O)NC2=CC=CC=C2)=C1,-2.387253,-14.990216,False,48,5,0.8,euclidean,random,StandardScaler_per_sample_dimension
*[SiH2]C,5.403624,8.863826,True,48,5,0.8,euclidean,random,StandardScaler_per_sample_dimension
CSC1=CC=C(O)C=C1,0.74677694,13.835847,False,48,5,0.8,euclidean,random,StandardScaler_per_sample_dimension
CCC(C)CC(C)C,1.3953553,10.282564,True,48,5,0.8,euclidean,random,StandardScaler_per_sample_dimension
CNCC1=CC=C(CN)C=C1,25.572824,2.2329843,False,48,5,0.8,euclidean,random,StandardScaler_per_sample_dimension
OC1=CC=C(SC2=CC=CC=C2)C=C1,0.7964731,13.674119,True,48,5,0.8,euclidean,random,StandardScaler_per_sample_dimension
CCC1=CC=C(NCC2=CC=CC=C2)C=C1,8.772994,8.230583,False,48,5,0.8,euclidean,random,StandardScaler_per_sample_dimension
CCN(C=O)CC,-0.11164263,-1.4341607,False,48,5,0.8,euclidean,random,StandardScaler_per_sample_dimension
CCC(=O)NC1=CC=CC=C1,-6.9216056,15.470069,True,48,5,0.8,euclidean,random,StandardScaler_per_sample_dimension
*NC1=CC=CC=C1,7.002604,10.36135,False,48,5,0.8,euclidean,random,StandardScaler_per_sample_dimension
CN(CC1=CC=C(O)C=C1)C1=CC=CC=C1,4.0340824,24.849466,False,48,5,0.8,euclidean,random,StandardScaler_per_sample_dimension
O=CN(CC1=CC=C(O)C=C1)C1=CC=CC=C1,3.9073374,24.770056,False,48,5,0.8,euclidean,random,StandardScaler_per_sample_dimension
COC1=CC=C(CN(C)C2=CC=CC=C2)C=C1,4.1555476,24.81601,False,48,5,0.8,euclidean,random,StandardScaler_per_sample_dimension
*CC(F)F,14.38468,14.190303,False,48,5,0.8,euclidean,random,StandardScaler_per_sample_dimension
*CCCCCCCCCC,6.300311,8.659894,True,48,5,0.8,euclidean,random,StandardScaler_per_sample_dimension
COC1=CC=C(C(=O)C2=CC=CC=C2)C=C1,-9.398301,4.21088,False,48,5,0.8,euclidean,random,StandardScaler_per_sample_dimension
CC1=CC=C(O)C=C1CNC1=CC=CC=C1,4.5135555,24.635923,False,48,5,0.8,euclidean,random,StandardScaler_per_sample_dimension
CC1=CC=C(O)C=C1C(=O)NC1=CC=CC=C1,4.3177147,24.787935,False,48,5,0.8,euclidean,random,StandardScaler_per_sample_dimension
O=CC1=CC=C(O)C=C1CNC1=CC=CC=C1,4.3153214,24.726505,False,48,5,0.8,euclidean,random,StandardScaler_per_sample_dimension
CCCC(C)C1=CC=CC=C1,-1.2567742,10.172157,True,48,5,0.8,euclidean,random,StandardScaler_per_sample_dimension
CCCCCC1=CC=CC=C1,-0.70595586,9.7337885,False,48,5,0.8,euclidean,random,StandardScaler_per_sample_dimension
CCC(CC)CC,2.4215724,10.997483,False,48,5,0.8,euclidean,random,StandardScaler_per_sample_dimension
CCC1=CC=C(NC(=O)C2=CC=CC=C2)C=C1,8.671735,8.32235,False,48,5,0.8,euclidean,random,StandardScaler_per_sample_dimension
CCCCNC1=CC=CC=C1,-6.6319366,15.349569,True,48,5,0.8,euclidean,random,StandardScaler_per_sample_dimension
CC1=CC(N(C)C)=CC=C1,2.5090396,23.279566,False,48,5,0.8,euclidean,random,StandardScaler_per_sample_dimension
CC1=CC=CC(N(C)C)=C1,2.5307217,23.335531,False,48,5,0.8,euclidean,random,StandardScaler_per_sample_dimension
*CCCCO,7.7724676,2.4964871,True,48,5,0.8,euclidean,random,StandardScaler_per_sample_dimension
CN(C(=O)C1=CC=C(O)C=C1)C1=CC=CC=C1,3.9217992,24.84214,False,48,5,0.8,euclidean,random,StandardScaler_per_sample_dimension
CCNC1=CC=C(N)C=C1,-3.473248,9.914459,True,48,5,0.8,euclidean,random,StandardScaler_per_sample_dimension
CC(=O)C1=CC=C(OC2=CC=CC=C2)C=C1,-9.42473,4.247134,True,48,5,0.8,euclidean,random,StandardScaler_per_sample_dimension
CCOCCOCC,7.2312274,-4.014666,True,48,5,0.8,euclidean,random,StandardScaler_per_sample_dimension
CCOC1=CC=C(CC2=CC=CC=C2)C=C1,2.972191,7.173343,False,48,5,0.8,euclidean,random,StandardScaler_per_sample_dimension
CCCCN(C)CC,0.52899086,-1.1861432,True,48,5,0.8,euclidean,random,StandardScaler_per_sample_dimension
CCCCCCCNCC,2.333677,-1.5780256,False,48,5,0.8,euclidean,random,StandardScaler_per_sample_dimension
*[SiH](C)C,5.3690352,8.998222,False,48,5,0.8,euclidean,random,StandardScaler_per_sample_dimension
*C(N)=O,6.4387703,13.139017,True,48,5,0.8,euclidean,random,StandardScaler_per_sample_dimension
*CC(=O)OCCCC,7.548305,-1.2634974,False,48,5,0.8,euclidean,random,StandardScaler_per_sample_dimension
OCC1=CC=C(O)C=C1,17.004642,12.278621,False,48,5,0.8,euclidean,random,StandardScaler_per_sample_dimension
OC1=CC=C2CN(C3=CC=CC=C3)CC2=C1,4.12263,24.990082,True,48,5,0.8,euclidean,random,StandardScaler_per_sample_dimension
COC1=CC=C2CN(C3=CC=CC=C3)CC2=C1,4.3803515,24.774817,False,48,5,0.8,euclidean,random,StandardScaler_per_sample_dimension
O=C1C2=CC(O)=CC=C2CN1C1=CC=CC=C1,4.187217,24.881578,False,48,5,0.8,euclidean,random,StandardScaler_per_sample_dimension
O=C1C2=CC=C(O)C=C2CN1C1=CC=CC=C1,4.1627727,24.929543,False,48,5,0.8,euclidean,random,StandardScaler_per_sample_dimension
CCCCCCCCCC=O,4.027655,-1.755561,True,48,5,0.8,euclidean,random,StandardScaler_per_sample_dimension
CCCOC(=O)C(C)C,-0.46411192,-9.856033,True,48,5,0.8,euclidean,random,StandardScaler_per_sample_dimension
NC1=CC=C(CC2=CC=C(N)C=C2)C=C1,6.6825194,9.522791,False,48,5,0.8,euclidean,random,StandardScaler_per_sample_dimension
NCC1=CC=C(C(N)=O)C=C1,25.43487,2.1317148,False,48,5,0.8,euclidean,random,StandardScaler_per_sample_dimension
NC(=O)C1=CC=C(C(N)=O)C=C1,-15.1004305,1.4053103,False,48,5,0.8,euclidean,random,StandardScaler_per_sample_dimension
*C(=O)NC,6.2544155,13.143862,False,48,5,0.8,euclidean,random,StandardScaler_per_sample_dimension
CCN(C)C1=CC=CC(C)=C1,-12.80762,1.8130155,False,48,5,0.8,euclidean,random,StandardScaler_per_sample_dimension
C=CCC,-9.038951,1.6688268,False,48,5,0.8,euclidean,random,StandardScaler_per_sample_dimension
CCOC1=CC=C(O)C=C1,1.3874992,12.471431,True,48,5,0.8,euclidean,random,StandardScaler_per_sample_dimension
CC(C)NC=O,16.01624,17.408024,True,48,5,0.8,euclidean,random,StandardScaler_per_sample_dimension
CCN(CC)C1=CC=CC(C)=C1,2.579353,23.409908,False,48,5,0.8,euclidean,random,StandardScaler_per_sample_dimension
*CC(C)O,0.5808844,6.741829,True,48,5,0.8,euclidean,random,StandardScaler_per_sample_dimension
CCC(C)N,13.803216,3.323824,True,48,5,0.8,euclidean,random,StandardScaler_per_sample_dimension
*C(C)C1=CC=C(C)C=C1,11.501668,4.3300834,True,48,5,0.8,euclidean,random,StandardScaler_per_sample_dimension
CC1=CC=C(C2=CC=C(C)C=C2)C=C1,19.168726,4.784709,True,48,5,0.8,euclidean,random,StandardScaler_per_sample_dimension
FCC(C1=CC=CC=C1)C1=CC=CC=C1,5.6896553,2.1504605,True,48,5,0.8,euclidean,random,StandardScaler_per_sample_dimension
FC(F)C(C1=CC=CC=C1)C1=CC=CC=C1,5.858831,2.252033,False,48,5,0.8,euclidean,random,StandardScaler_per_sample_dimension
CCCCCCCCCCN,3.074413,-2.129608,False,48,5,0.8,euclidean,random,StandardScaler_per_sample_dimension
CC(C)C1=CC(C=O)=CC=C1,-4.577267,-7.248789,True,48,5,0.8,euclidean,random,StandardScaler_per_sample_dimension
CC(C)C1=CC=CC(C=O)=C1,-4.499133,-7.378594,False,48,5,0.8,euclidean,random,StandardScaler_per_sample_dimension
C1=CNC=C1,15.795108,-6.194146,True,48,5,0.8,euclidean,random,StandardScaler_per_sample_dimension
COCCOC=O,11.553309,9.504132,True,48,5,0.8,euclidean,random,StandardScaler_per_sample_dimension
FC(F)(F)C(C1=CC=CC=C1)C1=CC=CC=C1,5.730368,3.3906443,False,48,5,0.8,euclidean,random,StandardScaler_per_sample_dimension
OC1=CC=C(OC2=CC=CC=C2)C=C1,2.40334,11.585098,False,48,5,0.8,euclidean,random,StandardScaler_per_sample_dimension
CCCOC(=O)C1=CC=CC=C1,0.988184,1.0587727,True,48,5,0.8,euclidean,random,StandardScaler_per_sample_dimension
NC1=CC(N)=CC=C1,22.067455,17.390394,True,48,5,0.8,euclidean,random,StandardScaler_per_sample_dimension
NC1=CC=CC(N)=C1,22.18132,17.22334,False,48,5,0.8,euclidean,random,StandardScaler_per_sample_dimension
*CCOCCCCC,8.017458,-1.5367451,True,48,5,0.8,euclidean,random,StandardScaler_per_sample_dimension
O=COC1=CC=C(CC2=CC=CC=C2)C=C1,4.5490212,6.2694373,False,48,5,0.8,euclidean,random,StandardScaler_per_sample_dimension
CCCC(CC)CC,1.6131301,10.942287,True,48,5,0.8,euclidean,random,StandardScaler_per_sample_dimension
COCC1=CC=C(O)C=C1,16.955875,12.40668,True,48,5,0.8,euclidean,random,StandardScaler_per_sample_dimension
CC(CF)(C1=CC=CC=C1)C1=CC=CC=C1,5.6781025,2.3514,False,48,5,0.8,euclidean,random,StandardScaler_per_sample_dimension
CC(C1=CC=CC=C1)(C1=CC=CC=C1)C(F)F,5.5072923,2.1739922,False,48,5,0.8,euclidean,random,StandardScaler_per_sample_dimension
CCCCCN(C)C,1.3407016,-0.61778474,True,48,5,0.8,euclidean,random,StandardScaler_per_sample_dimension
CNC(=O)C1=CC=C(CN)C=C1,25.515516,2.227359,False,48,5,0.8,euclidean,random,StandardScaler_per_sample_dimension
CNCC1=CC=C(C(N)=O)C=C1,25.499777,2.2997046,False,48,5,0.8,euclidean,random,StandardScaler_per_sample_dimension
CNC(=O)C1=CC=C(C(N)=O)C=C1,25.626463,2.2772884,False,48,5,0.8,euclidean,random,StandardScaler_per_sample_dimension
CC1=CC(C(C)(C)C)=CC=C1,4.4095984,-9.720031,False,48,5,0.8,euclidean,random,StandardScaler_per_sample_dimension
CC1=CC=CC(C(C)(C)C)=C1,4.629855,-9.819894,False,48,5,0.8,euclidean,random,StandardScaler_per_sample_dimension
COC1=CC=C(S)C=C1,1.7970381,13.890746,True,48,5,0.8,euclidean,random,StandardScaler_per_sample_dimension
CC1=CC(N(C)C=O)=CC=C1,-12.693328,1.812181,True,48,5,0.8,euclidean,random,StandardScaler_per_sample_dimension
CC1=CC=CC(N(C)C=O)=C1,-12.600029,1.9936604,False,48,5,0.8,euclidean,random,StandardScaler_per_sample_dimension
CC1=CC(N(C=O)C=O)=CC=C1,2.6721752,23.524055,False,48,5,0.8,euclidean,random,StandardScaler_per_sample_dimension
CC1=CC=CC(N(C=O)C=O)=C1,2.7167354,23.500263,False,48,5,0.8,euclidean,random,StandardScaler_per_sample_dimension
CNC1=CC=C(CC2=CC=C(N)C=C2)C=C1,7.3303394,8.891133,False,48,5,0.8,euclidean,random,StandardScaler_per_sample_dimension
CCCCCCCCOC(C)=O,6.1507406,0.084184475,False,48,5,0.8,euclidean,random,StandardScaler_per_sample_dimension
COC1=CC=C(SC2=CC=CC=C2)C=C1,1.604769,14.052771,False,48,5,0.8,euclidean,random,StandardScaler_per_sample_dimension
CCCCCCCCCNC,3.117507,-2.44629,False,48,5,0.8,euclidean,random,StandardScaler_per_sample_dimension
CCN(CC)C(C)=O,-0.2749793,-1.6165799,True,48,5,0.8,euclidean,random,StandardScaler_per_sample_dimension
*C(C)COCCCC,7.258757,-1.4281993,False,48,5,0.8,euclidean,random,StandardScaler_per_sample_dimension
CCNC(C)C,16.090809,17.359035,False,48,5,0.8,euclidean,random,StandardScaler_per_sample_dimension
COC1=CC=C(CO)C=C1,16.81323,12.867706,False,48,5,0.8,euclidean,random,StandardScaler_per_sample_dimension
CN1C=CC=C1,15.793986,-6.203211,False,48,5,0.8,euclidean,random,StandardScaler_per_sample_dimension
CCCC(C)(C)CC,0.9538995,8.835662,True,48,5,0.8,euclidean,random,StandardScaler_per_sample_dimension
CCCOCCO,11.890035,9.697374,True,48,5,0.8,euclidean,random,StandardScaler_per_sample_dimension
CC1=CC=C(CCF)C=C1,3.8823366,20.915022,True,48,5,0.8,euclidean,random,StandardScaler_per_sample_dimension
CC1=CC=C(CC(F)F)C=C1,4.016927,20.857359,False,48,5,0.8,euclidean,random,StandardScaler_per_sample_dimension
N=NC1=CC=CC=C1,4.2116237,11.930775,False,48,5,0.8,euclidean,random,StandardScaler_per_sample_dimension
CC(C)OC=O,-3.949476,3.1085012,True,48,5,0.8,euclidean,random,StandardScaler_per_sample_dimension
O=CC1=CC=C(CO)C=C1,-0.7155064,-0.15363966,False,48,5,0.8,euclidean,random,StandardScaler_per_sample_dimension
*CC(C)COCCC,-0.47508293,-9.814965,True,48,5,0.8,euclidean,random,StandardScaler_per_sample_dimension
N=N,4.5715475,11.738568,True,48,5,0.8,euclidean,random,StandardScaler_per_sample_dimension
CC1=CC(CCF)=CC=C1,6.5150576,19.177858,False,48,5,0.8,euclidean,random,StandardScaler_per_sample_dimension
CC1=CC=CC(CCF)=C1,6.592816,18.891546,False,48,5,0.8,euclidean,random,StandardScaler_per_sample_dimension
CC1=CC(CC(F)F)=CC=C1,6.600306,18.920408,False,48,5,0.8,euclidean,random,StandardScaler_per_sample_dimension
CC1=CC=CC(CC(F)F)=C1,6.4587235,19.069735,False,48,5,0.8,euclidean,random,StandardScaler_per_sample_dimension
CCCCCCC1=CC=CC=C1,-0.5364746,9.545504,True,48,5,0.8,euclidean,random,StandardScaler_per_sample_dimension
*C(C)C(=O)OCCCC,7.324305,-1.0311612,False,48,5,0.8,euclidean,random,StandardScaler_per_sample_dimension
CC1=CC=C(C2=CC(C)=CC=C2)C=C1,0.003063166,17.39589,True,48,5,0.8,euclidean,random,StandardScaler_per_sample_dimension
CC1=CC=C(C2=CC=CC(C)=C2)C=C1,0.20872754,17.61481,False,48,5,0.8,euclidean,random,StandardScaler_per_sample_dimension
*CCC(=O)OCCCC,7.5421753,-0.98987824,False,48,5,0.8,euclidean,random,StandardScaler_per_sample_dimension
OCCCCCCO,3.765664,19.568634,True,48,5,0.8,euclidean,random,StandardScaler_per_sample_dimension
*N1CC2=CC=C(C)C=C2C1,-8.9802885,6.5039015,True,48,5,0.8,euclidean,random,StandardScaler_per_sample_dimension
*N1CC2=CC(C)=CC=C2C1=O,-9.006135,6.594294,False,48,5,0.8,euclidean,random,StandardScaler_per_sample_dimension
*N1CC2=CC=C(C)C=C2C1=O,-8.950638,6.4643874,False,48,5,0.8,euclidean,random,StandardScaler_per_sample_dimension
*N1C(=O)C2=CC=C(C)C=C2C1=O,-9.01784,6.5179405,False,48,5,0.8,euclidean,random,StandardScaler_per_sample_dimension
CC(C)CC=O,6.419231,2.964169,True,48,5,0.8,euclidean,random,StandardScaler_per_sample_dimension
CCCCOCC(C)C,-0.09898461,6.9580317,True,48,5,0.8,euclidean,random,StandardScaler_per_sample_dimension
CC(=O)OCCO,11.514179,9.385722,True,48,5,0.8,euclidean,random,StandardScaler_per_sample_dimension
CCOCCN,6.853888,15.977922,True,48,5,0.8,euclidean,random,StandardScaler_per_sample_dimension
*CCCCOC,7.5675535,2.4423919,False,48,5,0.8,euclidean,random,StandardScaler_per_sample_dimension
CCCCCCC(N)=O,3.834142,-1.2365687,False,48,5,0.8,euclidean,random,StandardScaler_per_sample_dimension
CC(C)C1=CC=C(C=O)C=C1,6.7955055,12.118643,True,48,5,0.8,euclidean,random,StandardScaler_per_sample_dimension
O=CC1=CC=C(C(=O)O)C=C1,-0.67612576,0.017208723,True,48,5,0.8,euclidean,random,StandardScaler_per_sample_dimension
COCC1=CC=C(OC)C=C1,16.804253,12.788166,True,48,5,0.8,euclidean,random,StandardScaler_per_sample_dimension
CC1=CC(C2=CC=CC(C)=C2)=CC=C1,14.73858,11.065229,True,48,5,0.8,euclidean,random,StandardScaler_per_sample_dimension
CC1=CC=CC(C2=CC(C)=CC=C2)=C1,14.569447,10.889726,False,48,5,0.8,euclidean,random,StandardScaler_per_sample_dimension
CC1=CC=CC(C2=CC=CC(C)=C2)=C1,14.65175,10.851422,False,48,5,0.8,euclidean,random,StandardScaler_per_sample_dimension
*CCCOCCCCC,8.360426,-1.9426132,True,48,5,0.8,euclidean,random,StandardScaler_per_sample_dimension
FCC(CF)(C1=CC=CC=C1)C1=CC=CC=C1,5.7631636,2.400879,True,48,5,0.8,euclidean,random,StandardScaler_per_sample_dimension
CC(C)C1=CC(CN)=CC=C1,-4.5729375,-7.3838983,False,48,5,0.8,euclidean,random,StandardScaler_per_sample_dimension
CC(C)C1=CC=CC(CN)=C1,-4.610654,-7.428008,False,48,5,0.8,euclidean,random,StandardScaler_per_sample_dimension
CC1=CC=C(OC2=CC=C(N)C=C2)C=C1,-2.6707194,13.361454,True,48,5,0.8,euclidean,random,StandardScaler_per_sample_dimension
COCC1=CC=C(C=O)C=C1,-0.88537383,-0.10655896,False,48,5,0.8,euclidean,random,StandardScaler_per_sample_dimension
CNCC1=CC(C(C)C)=CC=C1,16.86715,21.99289,False,48,5,0.8,euclidean,random,StandardScaler_per_sample_dimension
CNCC1=CC=CC(C(C)C)=C1,16.875696,22.015331,False,48,5,0.8,euclidean,random,StandardScaler_per_sample_dimension
*CC(*)COCCCC,7.6453114,-1.04012,True,48,5,0.8,euclidean,random,StandardScaler_per_sample_dimension
*CC(*)C(=O)OCCCC,7.517957,-1.1164161,False,48,5,0.8,euclidean,random,StandardScaler_per_sample_dimension
CCCCCCCNC=O,2.935745,-1.7678086,True,48,5,0.8,euclidean,random,StandardScaler_per_sample_dimension
CCC(C)OC,-2.0686853,4.072828,True,48,5,0.8,euclidean,random,StandardScaler_per_sample_dimension
CCCCCNCCC,1.8958596,-3.6852357,False,48,5,0.8,euclidean,random,StandardScaler_per_sample_dimension
CCC1=CC(CNC2=CC=CC=C2)=CC=C1,23.682802,3.0415344,False,48,5,0.8,euclidean,random,StandardScaler_per_sample_dimension
CCC1=CC=CC(CNC2=CC=CC=C2)=C1,23.696886,3.0573575,False,48,5,0.8,euclidean,random,StandardScaler_per_sample_dimension
COC(=O)C1=CC=C(C=O)C=C1,-0.7289596,-0.15972966,False,48,5,0.8,euclidean,random,StandardScaler_per_sample_dimension
CCCCC(C)CCC,0.99350023,10.850896,False,48,5,0.8,euclidean,random,StandardScaler_per_sample_dimension
CCOC1=CC=C(C(C)C)C=C1,2.6042674,7.1120987,True,48,5,0.8,euclidean,random,StandardScaler_per_sample_dimension
O=CC1=CC(C2=CC=CC=C2)=CC=C1,1.3077165,20.113003,True,48,5,0.8,euclidean,random,StandardScaler_per_sample_dimension
O=CC1=CC=CC(C2=CC=CC=C2)=C1,1.2322743,19.921923,False,48,5,0.8,euclidean,random,StandardScaler_per_sample_dimension
CCC1=CC(C(=O)NC2=CC=CC=C2)=CC=C1,23.778906,3.1329038,True,48,5,0.8,euclidean,random,StandardScaler_per_sample_dimension
CCC1=CC=CC(C(=O)NC2=CC=CC=C2)=C1,23.586113,3.176315,False,48,5,0.8,euclidean,random,StandardScaler_per_sample_dimension
COCCCOC,-1.696506,2.6384501,True,48,5,0.8,euclidean,random,StandardScaler_per_sample_dimension
CCCCN(C)C=O,0.5833371,-1.2821801,True,48,5,0.8,euclidean,random,StandardScaler_per_sample_dimension
CCCCCCCOCCC,6.498851,1.2993106,True,48,5,0.8,euclidean,random,StandardScaler_per_sample_dimension
CNC1=CC(N)=CC=C1,-13.332901,6.940279,True,48,5,0.8,euclidean,random,StandardScaler_per_sample_dimension
CNC1=CC=CC(N)=C1,-13.49832,6.8463893,False,48,5,0.8,euclidean,random,StandardScaler_per_sample_dimension
CNCC1=CC=C(CNC)C=C1,-6.517043,6.307219,False,48,5,0.8,euclidean,random,StandardScaler_per_sample_dimension
CC(C)C1=CC(C(N)=O)=CC=C1,-4.7270346,-7.2125044,True,48,5,0.8,euclidean,random,StandardScaler_per_sample_dimension
CC(C)C1=CC=CC(C(N)=O)=C1,-4.7030106,-7.2487383,False,48,5,0.8,euclidean,random,StandardScaler_per_sample_dimension
CCOCCNC,6.370102,15.753537,True,48,5,0.8,euclidean,random,StandardScaler_per_sample_dimension
CC(=O)NC(C)C,16.046223,17.539724,True,48,5,0.8,euclidean,random,StandardScaler_per_sample_dimension
O=[SH]C1=CC=C(O)C=C1,0.6053009,14.188715,False,48,5,0.8,euclidean,random,StandardScaler_per_sample_dimension
CNC(=O)C1=CC(C(C)C)=CC=C1,16.932379,22.056248,True,48,5,0.8,euclidean,random,StandardScaler_per_sample_dimension
CNC(=O)C1=CC=CC(C(C)C)=C1,16.928106,21.99028,False,48,5,0.8,euclidean,random,StandardScaler_per_sample_dimension
CC1=CC(N(C)C(=O)C2=CC=CC=C2)=CC=C1,-12.493491,1.9709789,False,48,5,0.8,euclidean,random,StandardScaler_per_sample_dimension
CC1=CC(N(C=O)CC2=CC=CC=C2)=CC=C1,-12.619251,2.017511,False,48,5,0.8,euclidean,random,StandardScaler_per_sample_dimension
CC1=CC=CC(N(C)C(=O)C2=CC=CC=C2)=C1,-12.609177,1.9977419,False,48,5,0.8,euclidean,random,StandardScaler_per_sample_dimension
CC1=CC=CC(N(C=O)CC2=CC=CC=C2)=C1,-12.465697,2.081495,False,48,5,0.8,euclidean,random,StandardScaler_per_sample_dimension
CCCNCC1=CC=CC=C1,0.024931718,-3.1970608,False,48,5,0.8,euclidean,random,StandardScaler_per_sample_dimension
CCC(C)NC,13.984088,3.2800663,True,48,5,0.8,euclidean,random,StandardScaler_per_sample_dimension
CC1=CC(N(C)CC2=CC=CC=C2)=CC=C1,2.7088923,23.603897,False,48,5,0.8,euclidean,random,StandardScaler_per_sample_dimension
CC1=CC=CC(N(C)CC2=CC=CC=C2)=C1,2.8674192,23.729202,False,48,5,0.8,euclidean,random,StandardScaler_per_sample_dimension
*OCCC,4.728477,7.3187146,True,48,5,0.8,euclidean,random,StandardScaler_per_sample_dimension
NCC=O,0.6860281,-4.9620233,False,48,5,0.8,euclidean,random,StandardScaler_per_sample_dimension
*C=C,7.193146,6.4852815,True,48,5,0.8,euclidean,random,StandardScaler_per_sample_dimension
CC1=CC=C(OCC2=CC=CC=C2)C=C1,2.3052351,9.071162,False,48,5,0.8,euclidean,random,StandardScaler_per_sample_dimension
CCC(C)(C)C1=CC=CC=C1,-1.0087415,10.432977,True,48,5,0.8,euclidean,random,StandardScaler_per_sample_dimension
CCCCC(=O)NCC,2.4164855,-3.6457174,True,48,5,0.8,euclidean,random,StandardScaler_per_sample_dimension
CCCOC(=O)CCC,3.1667848,5.504752,True,48,5,0.8,euclidean,random,StandardScaler_per_sample_dimension
O=S(C1=CC=CC=C1)C1=CC=C(O)C=C1,0.63544345,14.229271,False,48,5,0.8,euclidean,random,StandardScaler_per_sample_dimension
CC1=CC(CO)=CC=C1,8.430877,21.42828,False,48,5,0.8,euclidean,random,StandardScaler_per_sample_dimension
CC1=CC=CC(CO)=C1,8.292815,21.546808,True,48,5,0.8,euclidean,random,StandardScaler_per_sample_dimension
O=CC1=CC=C(CCF)C=C1,4.0558834,20.895569,False,48,5,0.8,euclidean,random,StandardScaler_per_sample_dimension
O=CC1=CC=C(CC(F)F)C=C1,3.956124,21.06325,False,48,5,0.8,euclidean,random,StandardScaler_per_sample_dimension
O=CC1=CC(CCF)=CC=C1,5.3876524,21.559227,False,48,5,0.8,euclidean,random,StandardScaler_per_sample_dimension
O=CC1=CC=CC(CCF)=C1,5.3181825,21.624178,False,48,5,0.8,euclidean,random,StandardScaler_per_sample_dimension
O=CC1=CC(CC(F)F)=CC=C1,5.3060913,21.473219,False,48,5,0.8,euclidean,random,StandardScaler_per_sample_dimension
O=CC1=CC=CC(CC(F)F)=C1,5.101689,21.404274,False,48,5,0.8,euclidean,random,StandardScaler_per_sample_dimension
CC1=CC(NC(=O)C2=CC=CC=C2C)=CC=C1,-11.608718,2.3418467,False,48,5,0.8,euclidean,random,StandardScaler_per_sample_dimension
CC1=CC=CC(NC(=O)C2=CC=CC=C2C)=C1,-11.677312,2.38152,False,48,5,0.8,euclidean,random,StandardScaler_per_sample_dimension
CC1=CC(NCC2=CC=CC=C2C=O)=CC=C1,-11.496182,2.3700943,False,48,5,0.8,euclidean,random,StandardScaler_per_sample_dimension
CC1=CC=CC(NCC2=CC=CC=C2C=O)=C1,-11.932446,2.40686,False,48,5,0.8,euclidean,random,StandardScaler_per_sample_dimension
NC1=CC(NC=O)=CC=C1,-13.493751,6.8841057,False,48,5,0.8,euclidean,random,StandardScaler_per_sample_dimension
NC1=CC=CC(NC=O)=C1,-13.513198,6.960724,False,48,5,0.8,euclidean,random,StandardScaler_per_sample_dimension
CC1=CC=C(CC(F)(F)F)C=C1,21.90246,1.7774447,False,48,5,0.8,euclidean,random,StandardScaler_per_sample_dimension
NC1=CC=C(CC2=CC=C(NC=O)C=C2)C=C1,7.0938897,8.9612665,True,48,5,0.8,euclidean,random,StandardScaler_per_sample_dimension
O=[SH](=O)C1=CC=C(O)C=C1,0.96901697,13.911911,True,48,5,0.8,euclidean,random,StandardScaler_per_sample_dimension
*C(=O)C1=CC(CNC)=CC=C1,-12.165792,16.751177,False,48,5,0.8,euclidean,random,StandardScaler_per_sample_dimension
*C(=O)C1=CC(C(=O)NC)=CC=C1,-12.0126705,16.814558,False,48,5,0.8,euclidean,random,StandardScaler_per_sample_dimension
CCCCOCC1=CC=CC=C1,1.4066887,0.54065496,True,48,5,0.8,euclidean,random,StandardScaler_per_sample_dimension
CC1=CC(NCC2=CC=CC=C2C)=CC=C1,-12.504851,-0.14723977,True,48,5,0.8,euclidean,random,StandardScaler_per_sample_dimension
CC1=CC=CC(NCC2=CC=CC=C2C)=C1,-12.32262,-0.035061147,False,48,5,0.8,euclidean,random,StandardScaler_per_sample_dimension
CCOC1=CC=C(C=O)C=C1,16.787336,12.96808,True,48,5,0.8,euclidean,random,StandardScaler_per_sample_dimension
*C(=O)C1=CC(CN)=CC=C1,-12.281981,16.698204,True,48,5,0.8,euclidean,random,StandardScaler_per_sample_dimension
*C(=O)C1=CC=CC(CN)=C1,-12.33442,16.544523,False,48,5,0.8,euclidean,random,StandardScaler_per_sample_dimension
*C(=O)C1=CC(C(N)=O)=CC=C1,-12.235217,16.774986,False,48,5,0.8,euclidean,random,StandardScaler_per_sample_dimension
*C(=O)C1=CC=CC(C(N)=O)=C1,-12.357454,16.67254,False,48,5,0.8,euclidean,random,StandardScaler_per_sample_dimension
*C1=CC=C(OC2=CC=C(C)C=C2)C=C1,4.8541336,10.239337,True,48,5,0.8,euclidean,random,StandardScaler_per_sample_dimension
CCCCN(C)C(C)=O,0.7462039,-1.6749412,False,48,5,0.8,euclidean,random,StandardScaler_per_sample_dimension
*/C=C/C,6.852493,6.5467205,False,48,5,0.8,euclidean,random,StandardScaler_per_sample_dimension
*/C=C\C,6.9335527,6.473452,True,48,5,0.8,euclidean,random,StandardScaler_per_sample_dimension
*C=CC,7.0270348,6.4511995,False,48,5,0.8,euclidean,random,StandardScaler_per_sample_dimension
CCCCC(C)(C)C,0.63796866,9.48861,False,48,5,0.8,euclidean,random,StandardScaler_per_sample_dimension
CCCOC1=CC=C(CC)C=C1,2.3632972,7.3806963,True,48,5,0.8,euclidean,random,StandardScaler_per_sample_dimension
O=S(=O)(C1=CC=CC=C1)C1=CC=C(O)C=C1,1.1198096,13.877397,False,48,5,0.8,euclidean,random,StandardScaler_per_sample_dimension
NC1=CC(C=O)=CC=C1,-3.3125424,23.060299,True,48,5,0.8,euclidean,random,StandardScaler_per_sample_dimension
NC1=CC=CC(C=O)=C1,-3.51481,22.89924,False,48,5,0.8,euclidean,random,StandardScaler_per_sample_dimension
CCOC1=CC=C(CC2=CC=C(O)C=C2)C=C1,2.7823994,7.339912,False,48,5,0.8,euclidean,random,StandardScaler_per_sample_dimension
CC1=CC=C(C(C)CF)C=C1,3.3543596,20.997944,False,48,5,0.8,euclidean,random,StandardScaler_per_sample_dimension
CC1=CC=C(C(C)C(F)F)C=C1,3.346975,20.935478,False,48,5,0.8,euclidean,random,StandardScaler_per_sample_dimension
CC1=CC(N2CC3=C(C=CC=C3)C2=O)=CC=C1,-12.216403,2.3455553,False,48,5,0.8,euclidean,random,StandardScaler_per_sample_dimension
CC1=CC(N2CC3=CC=CC=C3C2=O)=CC=C1,-12.234143,2.3256214,False,48,5,0.8,euclidean,random,StandardScaler_per_sample_dimension
CC1=CC=CC(N2CC3=C(C=CC=C3)C2=O)=C1,-12.211939,2.5022821,False,48,5,0.8,euclidean,random,StandardScaler_per_sample_dimension
CC1=CC=CC(N2CC3=CC=CC=C3C2=O)=C1,-12.164593,2.3072731,False,48,5,0.8,euclidean,random,StandardScaler_per_sample_dimension
*NCCCC,-1.610023,7.515373,True,48,5,0.8,euclidean,random,StandardScaler_per_sample_dimension
CC1=CC(N2CC3=C(C=CC=C3)C2)=CC=C1,-12.435292,0.02351443,False,48,5,0.8,euclidean,random,StandardScaler_per_sample_dimension
CC1=CC(N2CC3=CC=CC=C3C2)=CC=C1,-12.433308,-0.10845826,False,48,5,0.8,euclidean,random,StandardScaler_per_sample_dimension
CC1=CC=CC(N2CC3=C(C=CC=C3)C2)=C1,-12.383962,-0.02122806,False,48,5,0.8,euclidean,random,StandardScaler_per_sample_dimension
CC1=CC=CC(N2CC3=CC=CC=C3C2)=C1,-12.397162,-0.045590702,False,48,5,0.8,euclidean,random,StandardScaler_per_sample_dimension
CC1=CC=C2CN(C3=CC=C(O)C=C3)CC2=C1,-2.6656437,13.157224,True,48,5,0.8,euclidean,random,StandardScaler_per_sample_dimension
CCCCCCC(=O)NC,3.9520648,-1.1413486,True,48,5,0.8,euclidean,random,StandardScaler_per_sample_dimension
CCCCCCCCCOCC,2.9929566,-0.34194025,False,48,5,0.8,euclidean,random,StandardScaler_per_sample_dimension
*C1=CC=C(C2=CC=CC=C2)C=C1,5.1260476,9.861184,True,48,5,0.8,euclidean,random,StandardScaler_per_sample_dimension
CC1=CC=C(OC2=CC(C=O)=CC=C2)C=C1,-0.40024748,-6.5416317,False,48,5,0.8,euclidean,random,StandardScaler_per_sample_dimension
CC1=CC=C(OC2=CC=CC(C=O)=C2)C=C1,-0.3118401,-6.6240654,False,48,5,0.8,euclidean,random,StandardScaler_per_sample_dimension
O=C(O)C1=CC=C(O)C=C1,17.12486,12.374478,False,48,5,0.8,euclidean,random,StandardScaler_per_sample_dimension
CNC1=C(C)C=CC=C1,22.669195,-2.6950397,False,48,5,0.8,euclidean,random,StandardScaler_per_sample_dimension
CNC1=CC=CC=C1C,22.710676,-2.6879141,False,48,5,0.8,euclidean,random,StandardScaler_per_sample_dimension
COC1=CC=C(SC2=CC=C(O)C=C2)C=C1,1.8536586,14.0057125,False,48,5,0.8,euclidean,random,StandardScaler_per_sample_dimension
OC1=CC=C(SC2=CC=C(O)C=C2)C=C1,2.3641791,14.046448,False,48,5,0.8,euclidean,random,StandardScaler_per_sample_dimension
*CNC1=CC=CC=C1,6.31586,13.231574,True,48,5,0.8,euclidean,random,StandardScaler_per_sample_dimension
CC1=CC=C(C(CF)CF)C=C1,3.6093407,20.953844,False,48,5,0.8,euclidean,random,StandardScaler_per_sample_dimension
NCC1=CC(CCF)=CC=C1,22.593761,-9.430911,False,48,5,0.8,euclidean,random,StandardScaler_per_sample_dimension
NCC1=CC=CC(CCF)=C1,22.662596,-9.367171,False,48,5,0.8,euclidean,random,StandardScaler_per_sample_dimension
NC(=O)C1=CC(CCF)=CC=C1,22.582176,-9.423491,False,48,5,0.8,euclidean,random,StandardScaler_per_sample_dimension
NC(=O)C1=CC=CC(CCF)=C1,22.67467,-9.399788,False,48,5,0.8,euclidean,random,StandardScaler_per_sample_dimension
NCC1=CC(CC(F)F)=CC=C1,22.532303,-9.504751,False,48,5,0.8,euclidean,random,StandardScaler_per_sample_dimension
NCC1=CC=CC(CC(F)F)=C1,22.613497,-9.434345,False,48,5,0.8,euclidean,random,StandardScaler_per_sample_dimension
NC(=O)C1=CC(CC(F)F)=CC=C1,22.559772,-9.497359,False,48,5,0.8,euclidean,random,StandardScaler_per_sample_dimension
NC(=O)C1=CC=CC(CC(F)F)=C1,22.552517,-9.487425,False,48,5,0.8,euclidean,random,StandardScaler_per_sample_dimension
CC(C)C1=CC=C(OC=O)C=C1,4.8683147,6.300891,True,48,5,0.8,euclidean,random,StandardScaler_per_sample_dimension
*CCOCCCCCC,7.751255,-1.4582344,True,48,5,0.8,euclidean,random,StandardScaler_per_sample_dimension
CCCCCCCCCOC1=CC=CC=C1,0.72792226,7.210057,True,48,5,0.8,euclidean,random,StandardScaler_per_sample_dimension
*CCNCC,11.767732,-3.4638116,True,48,5,0.8,euclidean,random,StandardScaler_per_sample_dimension
*C(=O)C1=CC(CNC2=CC=CC=C2)=CC=C1,-12.357904,16.731337,False,48,5,0.8,euclidean,random,StandardScaler_per_sample_dimension
*C(=O)C1=CC=CC(CNC2=CC=CC=C2)=C1,-12.277457,16.664062,False,48,5,0.8,euclidean,random,StandardScaler_per_sample_dimension
NCC1=CC=C(CCF)C=C1,4.34415,20.926939,False,48,5,0.8,euclidean,random,StandardScaler_per_sample_dimension
NC(=O)C1=CC=C(CCF)C=C1,4.234538,20.802538,False,48,5,0.8,euclidean,random,StandardScaler_per_sample_dimension
NCC1=CC=C(CC(F)F)C=C1,4.2874184,20.86601,False,48,5,0.8,euclidean,random,StandardScaler_per_sample_dimension
CC1=CC=C(OC2=CC=C(C(C)C)C=C2)C=C1,4.991052,11.210407,False,48,5,0.8,euclidean,random,StandardScaler_per_sample_dimension
CC1=C(NC=O)C=CC=C1,22.525036,-2.760679,False,48,5,0.8,euclidean,random,StandardScaler_per_sample_dimension
CC1=CC=CC=C1NC=O,22.519838,-2.7003863,False,48,5,0.8,euclidean,random,StandardScaler_per_sample_dimension
NCO,8.586069,-3.3121233,True,48,5,0.8,euclidean,random,StandardScaler_per_sample_dimension
*CCOCCO,11.180151,9.123488,True,48,5,0.8,euclidean,random,StandardScaler_per_sample_dimension
COCC1=CC(C)=CC=C1,6.5504794,-14.422513,False,48,5,0.8,euclidean,random,StandardScaler_per_sample_dimension
COCC1=CC=CC(C)=C1,6.526344,-14.453362,False,48,5,0.8,euclidean,random,StandardScaler_per_sample_dimension
*C(=O)CC,9.076275,6.0011992,False,48,5,0.8,euclidean,random,StandardScaler_per_sample_dimension
CC1=C(C)C=C(CCF)C=C1,5.0969744,21.233543,False,48,5,0.8,euclidean,random,StandardScaler_per_sample_dimension
CC1=CC=C(CCF)C=C1C,5.201218,21.34158,False,48,5,0.8,euclidean,random,StandardScaler_per_sample_dimension
CC1=CC=C(CC(F)F)C=C1C,5.1383033,21.48803,False,48,5,0.8,euclidean,random,StandardScaler_per_sample_dimension
CCOC1=CC=C(C(C)C2=CC=CC=C2)C=C1,2.6730886,7.282315,False,48,5,0.8,euclidean,random,StandardScaler_per_sample_dimension
CCOCCCO,-1.9312907,2.8082473,True,48,5,0.8,euclidean,random,StandardScaler_per_sample_dimension
CC1=CC=C(OC(=O)C2=CC=CC=C2)C=C1,2.1669846,9.131504,False,48,5,0.8,euclidean,random,StandardScaler_per_sample_dimension
CC1=CC(C(C)CF)=CC=C1,6.185793,19.103212,False,48,5,0.8,euclidean,random,StandardScaler_per_sample_dimension
CC1=CC=CC(C(C)CF)=C1,6.0001135,18.872429,False,48,5,0.8,euclidean,random,StandardScaler_per_sample_dimension
CC1=CC(C(C)C(F)F)=CC=C1,6.017531,18.953016,False,48,5,0.8,euclidean,random,StandardScaler_per_sample_dimension
CC1=CC=CC(C(C)C(F)F)=C1,6.1615567,19.136135,False,48,5,0.8,euclidean,random,StandardScaler_per_sample_dimension
CC1=CC(CCF)=CC=C1C=O,4.99585,21.198442,False,48,5,0.8,euclidean,random,StandardScaler_per_sample_dimension
CC1=CC=C(CCF)C=C1C=O,4.999785,21.172066,False,48,5,0.8,euclidean,random,StandardScaler_per_sample_dimension
CC1=CC=CC(C(C)C(F)(F)F)=C1,21.571138,2.0812638,False,48,5,0.8,euclidean,random,StandardScaler_per_sample_dimension
CC1=CC(CC(F)(F)F)=CC=C1,21.70135,2.0130162,True,48,5,0.8,euclidean,random,StandardScaler_per_sample_dimension
CC1=CC=CC(CC(F)(F)F)=C1,21.711857,2.0160897,False,48,5,0.8,euclidean,random,StandardScaler_per_sample_dimension
CNC1=CC=C(OC2=CC=C(C)C=C2)C=C1,-2.7421916,13.045974,False,48,5,0.8,euclidean,random,StandardScaler_per_sample_dimension
CCCN(CC)CC,0.5353404,-0.7174451,False,48,5,0.8,euclidean,random,StandardScaler_per_sample_dimension
*CC(C)C(=O)OCCC,-0.57481414,-9.881609,True,48,5,0.8,euclidean,random,StandardScaler_per_sample_dimension
COCN,8.235618,-2.8944979,True,48,5,0.8,euclidean,random,StandardScaler_per_sample_dimension
*C(=O)NC1=CC=CC=C1,6.2866244,13.275015,False,48,5,0.8,euclidean,random,StandardScaler_per_sample_dimension
CC1=CC=CC(C(CF)C(F)F)=C1,6.0940566,19.341629,False,48,5,0.8,euclidean,random,StandardScaler_per_sample_dimension
CC1=CC(C(CF)CF)=CC=C1,6.2863727,19.107273,False,48,5,0.8,euclidean,random,StandardScaler_per_sample_dimension
CC1=CC=CC(C(CF)CF)=C1,6.4285836,19.14141,False,48,5,0.8,euclidean,random,StandardScaler_per_sample_dimension
CC1=CC(CCF)=CC=C1CN,4.95805,20.806683,False,48,5,0.8,euclidean,random,StandardScaler_per_sample_dimension
CNCC1=CC=C(C(=O)NC)C=C1,25.590338,2.1739361,False,48,5,0.8,euclidean,random,StandardScaler_per_sample_dimension
CC1=C(CC2=CC=CC=C2)C=CC=C1,6.4231296,6.6416106,True,48,5,0.8,euclidean,random,StandardScaler_per_sample_dimension
CC1=CC=CC=C1CC1=CC=CC=C1,6.510301,6.5505013,False,48,5,0.8,euclidean,random,StandardScaler_per_sample_dimension
CC1=CC=C(OC2=CC=C(NC=O)C=C2)C=C1,-2.6626008,13.168419,True,48,5,0.8,euclidean,random,StandardScaler_per_sample_dimension
CNC(=O)C1=CC=C(C(=O)NC)C=C1,-6.58452,6.4367642,False,48,5,0.8,euclidean,random,StandardScaler_per_sample_dimension
CC1=CC=C(OC2=CC=CC(CN)=C2)C=C1,-0.47692266,-6.710988,True,48,5,0.8,euclidean,random,StandardScaler_per_sample_dimension
CC1=CC=C(OC2=CC=CC(C(N)=O)=C2)C=C1,-0.49776855,-6.5745096,False,48,5,0.8,euclidean,random,StandardScaler_per_sample_dimension
*NC(=O)CC,-1.8000915,7.436816,True,48,5,0.8,euclidean,random,StandardScaler_per_sample_dimension
FCCC1=CC=C2CNCC2=C1,4.975459,20.45001,False,48,5,0.8,euclidean,random,StandardScaler_per_sample_dimension
O=C1NCC2=CC(CCF)=CC=C12,5.162505,20.531792,False,48,5,0.8,euclidean,random,StandardScaler_per_sample_dimension
O=C1NCC2=CC=C(CCF)C=C12,5.014295,20.487246,False,48,5,0.8,euclidean,random,StandardScaler_per_sample_dimension
FC(F)CC1=CC=C2CNCC2=C1,5.0374928,20.292894,False,48,5,0.8,euclidean,random,StandardScaler_per_sample_dimension
O=C1NCC2=CC(CC(F)F)=CC=C12,5.115827,20.312963,False,48,5,0.8,euclidean,random,StandardScaler_per_sample_dimension
O=C1NCC2=CC=C(CC(F)F)C=C12,5.2073936,20.294556,False,48,5,0.8,euclidean,random,StandardScaler_per_sample_dimension
CN1CC2=CC=C(CCF)C=C2C1,5.143366,20.347034,True,48,5,0.8,euclidean,random,StandardScaler_per_sample_dimension
CN1CC2=CC=C(CCF)C=C2C1=O,5.033752,20.388483,False,48,5,0.8,euclidean,random,StandardScaler_per_sample_dimension
CN1CC2=CC=C(CC(F)F)C=C2C1,5.131112,20.22452,False,48,5,0.8,euclidean,random,StandardScaler_per_sample_dimension
CCCC(=O)NC1=CC=CC=C1,-6.734224,15.334109,True,48,5,0.8,euclidean,random,StandardScaler_per_sample_dimension
CCCCCCC(=O)O,5.1084256,-0.03795401,True,48,5,0.8,euclidean,random,StandardScaler_per_sample_dimension
CCC1=CC=C(CNC2=CC=CC=C2)C=C1,16.796349,5.645536,False,48,5,0.8,euclidean,random,StandardScaler_per_sample_dimension
CCC1=CC=C(C(=O)NC2=CC=CC=C2)C=C1,16.755554,5.676694,False,48,5,0.8,euclidean,random,StandardScaler_per_sample_dimension
COC(=O)C1=CC=C(O)C=C1,17.103941,12.4090395,True,48,5,0.8,euclidean,random,StandardScaler_per_sample_dimension
CCOC1=CC=C(C(C)(C)C)C=C1,2.9816332,7.4411035,False,48,5,0.8,euclidean,random,StandardScaler_per_sample_dimension
CCC(C1=CC=CC=C1)C1=CC=CC=C1,-0.63429755,10.383634,False,48,5,0.8,euclidean,random,StandardScaler_per_sample_dimension
CCCCCCCCCCCO,2.8795733,0.12779126,True,48,5,0.8,euclidean,random,StandardScaler_per_sample_dimension
CC1=CC=C(OC2=CC=C(CN)C=C2)C=C1,0.7915239,-6.17552,True,48,5,0.8,euclidean,random,StandardScaler_per_sample_dimension
CCNCCOCC,6.7941923,15.796242,True,48,5,0.8,euclidean,random,StandardScaler_per_sample_dimension
CCCCCCCCCCNC,3.21311,-2.1790001,False,48,5,0.8,euclidean,random,StandardScaler_per_sample_dimension
COC1=CC=C([SH]=O)C=C1,0.7959304,14.040335,False,48,5,0.8,euclidean,random,StandardScaler_per_sample_dimension
CCCCCCNCCC,2.0843835,-3.7660158,True,48,5,0.8,euclidean,random,StandardScaler_per_sample_dimension
NCC1=CC=C(CNC2=CC=CC=C2)C=C1,-6.6078877,6.350616,True,48,5,0.8,euclidean,random,StandardScaler_per_sample_dimension
CC1=CC=C(OC2=CC=C(C(N)=O)C=C2)C=C1,0.7405035,-6.0188627,False,48,5,0.8,euclidean,random,StandardScaler_per_sample_dimension
C1=CC=NC=C1,-8.414821,-15.141698,True,48,5,0.8,euclidean,random,StandardScaler_per_sample_dimension
CC(CF)C1=CC=C(C=O)C=C1,3.6112835,21.280998,True,48,5,0.8,euclidean,random,StandardScaler_per_sample_dimension
CCCCCCCCCCCCC,5.4305606,-0.1576932,False,48,5,0.8,euclidean,random,StandardScaler_per_sample_dimension
CC(C)CCC(C)C,2.0044606,9.827243,True,48,5,0.8,euclidean,random,StandardScaler_per_sample_dimension
CC(C1=CC=CC=C1)C1=CC=C(OC=O)C=C1,4.732935,6.1045628,True,48,5,0.8,euclidean,random,StandardScaler_per_sample_dimension
CC1=C(C)C=C(C(C)C)C=C1,22.060957,2.6460505,False,48,5,0.8,euclidean,random,StandardScaler_per_sample_dimension
CC1=CC=C(C(C)C)C=C1C,22.157135,2.805977,False,48,5,0.8,euclidean,random,StandardScaler_per_sample_dimension
CNCC=O,0.49661085,-4.851501,True,48,5,0.8,euclidean,random,StandardScaler_per_sample_dimension
*C(C)(C)COCCC,-0.5281367,-9.701884,False,48,5,0.8,euclidean,random,StandardScaler_per_sample_dimension
*C(C)(C)C(=O)OCCC,-0.497567,-9.772002,False,48,5,0.8,euclidean,random,StandardScaler_per_sample_dimension
O=COC1=CC=C(CC2=CC=C(O)C=C2)C=C1,4.871464,6.1758857,False,48,5,0.8,euclidean,random,StandardScaler_per_sample_dimension
CNCC1=CC=C(C(C)C)C=C1,11.75496,-10.041811,False,48,5,0.8,euclidean,random,StandardScaler_per_sample_dimension
CNC(=O)C1=CC=C(C(C)C)C=C1,11.66596,-10.038288,False,48,5,0.8,euclidean,random,StandardScaler_per_sample_dimension
COC1=CC=C(S(=O)C2=CC=CC=C2)C=C1,0.74918544,14.021724,False,48,5,0.8,euclidean,random,StandardScaler_per_sample_dimension
CC1=CC(C)=C(O)C=C1,18.95802,22.641827,True,48,5,0.8,euclidean,random,StandardScaler_per_sample_dimension
CC1=CC=C(O)C(C)=C1,19.012596,22.624271,False,48,5,0.8,euclidean,random,StandardScaler_per_sample_dimension
CC(C)C1=CC=C(CN)C=C1,11.750835,-10.030485,False,48,5,0.8,euclidean,random,StandardScaler_per_sample_dimension
CC(C)C1=CC=C(C(N)=O)C=C1,11.873464,-10.01309,False,48,5,0.8,euclidean,random,StandardScaler_per_sample_dimension
NC(=O)C1=CC=C(CNC2=CC=CC=C2)C=C1,-6.667584,6.3730946,False,48,5,0.8,euclidean,random,StandardScaler_per_sample_dimension
NCC1=CC=C(C(=O)NC2=CC=CC=C2)C=C1,-6.4393373,6.2023277,False,48,5,0.8,euclidean,random,StandardScaler_per_sample_dimension
*CCCOCCCCCC,7.69584,-1.7107131,True,48,5,0.8,euclidean,random,StandardScaler_per_sample_dimension
CCC1=CC=C(CNC2=CC=CC=C2)C(C)=C1,16.780897,5.956132,True,48,5,0.8,euclidean,random,StandardScaler_per_sample_dimension
CC1=CC(C(=O)O)=CC=C1,8.27136,21.450314,False,48,5,0.8,euclidean,random,StandardScaler_per_sample_dimension
CC1=CC=CC(C(=O)O)=C1,8.156142,21.620363,False,48,5,0.8,euclidean,random,StandardScaler_per_sample_dimension
O=CC1=CC(CNC2=CC=C(O)C=C2)=CC=C1,18.295835,12.799036,True,48,5,0.8,euclidean,random,StandardScaler_per_sample_dimension
O=CC1=CC=CC(CNC2=CC=C(O)C=C2)=C1,18.426527,12.898858,False,48,5,0.8,euclidean,random,StandardScaler_per_sample_dimension
C1=CC=C(/N=N/C2=CC=CC=C2)C=C1,4.422445,12.112664,True,48,5,0.8,euclidean,random,StandardScaler_per_sample_dimension
OCCOCCO,7.4097757,-4.049016,False,48,5,0.8,euclidean,random,StandardScaler_per_sample_dimension
CNC1=CC(C=O)=CC=C1,-3.1790354,23.149529,True,48,5,0.8,euclidean,random,StandardScaler_per_sample_dimension
CNC1=CC=CC(C=O)=C1,-3.3847392,23.138128,False,48,5,0.8,euclidean,random,StandardScaler_per_sample_dimension
O=CNC1=CC(C=O)=CC=C1,-3.3169844,23.025383,False,48,5,0.8,euclidean,random,StandardScaler_per_sample_dimension
O=CNC1=CC=CC(C=O)=C1,-3.2114253,23.168133,False,48,5,0.8,euclidean,random,StandardScaler_per_sample_dimension
CCCCCCC(=O)OC,5.3228383,-0.3297382,False,48,5,0.8,euclidean,random,StandardScaler_per_sample_dimension
CCCCCCCCCCCOC,2.8272865,-0.017399197,False,48,5,0.8,euclidean,random,StandardScaler_per_sample_dimension
COC1=CC=C([SH](=O)=O)C=C1,1.7907168,13.971403,True,48,5,0.8,euclidean,random,StandardScaler_per_sample_dimension
CC1=CC=C(NCC2=CC(C=O)=CC=C2)C=C1,7.0648136,6.307652,True,48,5,0.8,euclidean,random,StandardScaler_per_sample_dimension
CC1=CC=C(NCC2=CC=CC(C=O)=C2)C=C1,7.0494366,6.162214,False,48,5,0.8,euclidean,random,StandardScaler_per_sample_dimension
CC1=CC=C(N(C)CC2=CC(C)=CC=C2)C=C1,8.907045,1.5555619,False,48,5,0.8,euclidean,random,StandardScaler_per_sample_dimension
CC1=CC=C(N(C)CC2=CC=CC(C)=C2)C=C1,9.118165,1.6046792,False,48,5,0.8,euclidean,random,StandardScaler_per_sample_dimension
CC(C)C1=CC(CNC=O)=CC=C1,-4.1653295,-5.7665567,False,48,5,0.8,euclidean,random,StandardScaler_per_sample_dimension
CC(C)C1=CC=CC(CNC=O)=C1,-4.182077,-5.871318,False,48,5,0.8,euclidean,random,StandardScaler_per_sample_dimension
CCN(C)CC1=CC=CC=C1,0.38376048,-2.2848582,True,48,5,0.8,euclidean,random,StandardScaler_per_sample_dimension
SC1=CC=C(OC2=CC=CC=C2)C=C1,1.9753469,13.768968,True,48,5,0.8,euclidean,random,StandardScaler_per_sample_dimension
CCCCCCCCCCOC1=CC=CC=C1,0.8595742,6.9995556,True,48,5,0.8,euclidean,random,StandardScaler_per_sample_dimension
*CC(*)(C)COCCC,-0.3336884,-9.551858,True,48,5,0.8,euclidean,random,StandardScaler_per_sample_dimension
*CC(*)(C)C(=O)OCCC,-0.5097224,-9.58586,False,48,5,0.8,euclidean,random,StandardScaler_per_sample_dimension
COC1=CC=C(C(=O)O)C=C1,16.968407,12.758738,False,48,5,0.8,euclidean,random,StandardScaler_per_sample_dimension
*CCCCCO,12.958187,-0.82924217,False,48,5,0.8,euclidean,random,StandardScaler_per_sample_dimension
O=P,-1.7972236,11.786834,True,48,5,0.8,euclidean,random,StandardScaler_per_sample_dimension
*CC(*)C1=CC=CC=C1,10.8306875,4.770868,True,48,5,0.8,euclidean,random,StandardScaler_per_sample_dimension
COCCOCCO,7.1485815,-3.7849915,True,48,5,0.8,euclidean,random,StandardScaler_per_sample_dimension
CCC1=CC=C2CN(C3=CC=CC=C3)CC2=C1,16.558268,5.8963127,False,48,5,0.8,euclidean,random,StandardScaler_per_sample_dimension
*CC(=O)OCCCCC,8.196424,-1.8039845,False,48,5,0.8,euclidean,random,StandardScaler_per_sample_dimension
COC1=CC=C(S(=O)(=O)C2=CC=CC=C2)C=C1,1.7995474,13.916664,False,48,5,0.8,euclidean,random,StandardScaler_per_sample_dimension
*OC1=CC=C(O)C=C1,3.0861409,11.074881,True,48,5,0.8,euclidean,random,StandardScaler_per_sample_dimension
*OC1=CC=C(OC)C=C1,3.1165113,10.981843,False,48,5,0.8,euclidean,random,StandardScaler_per_sample_dimension
*C(C)CF,-0.36153802,-12.138964,False,48,5,0.8,euclidean,random,StandardScaler_per_sample_dimension
NCC1=CC(C2=CC=CC=C2)=CC=C1,0.42502856,19.38057,True,48,5,0.8,euclidean,random,StandardScaler_per_sample_dimension
NCC1=CC=CC(C2=CC=CC=C2)=C1,0.25148574,19.44929,False,48,5,0.8,euclidean,random,StandardScaler_per_sample_dimension
NC(=O)C1=CC(C2=CC=CC=C2)=CC=C1,0.31033194,19.366713,False,48,5,0.8,euclidean,random,StandardScaler_per_sample_dimension
NC(=O)C1=CC=CC(C2=CC=CC=C2)=C1,0.30503145,19.36888,False,48,5,0.8,euclidean,random,StandardScaler_per_sample_dimension
CC(C)CN,3.6854215,5.8274994,False,48,5,0.8,euclidean,random,StandardScaler_per_sample_dimension
*CCCCCCO,2.9620917,6.8257613,True,48,5,0.8,euclidean,random,StandardScaler_per_sample_dimension
CC1=CC=C(N2CC3=CC=C(C)C=C3C2)C=C1,8.943497,1.674768,True,48,5,0.8,euclidean,random,StandardScaler_per_sample_dimension
CCCCCN(C)C=O,0.6891764,-1.2981354,True,48,5,0.8,euclidean,random,StandardScaler_per_sample_dimension
CCCCCN(C)CC,0.76657087,-1.2200854,False,48,5,0.8,euclidean,random,StandardScaler_per_sample_dimension
CCCN(C=O)CC,0.32971781,-1.5108505,False,48,5,0.8,euclidean,random,StandardScaler_per_sample_dimension
CC(C)C1=CC(C(=O)NC=O)=CC=C1,-4.187043,-5.8022795,False,48,5,0.8,euclidean,random,StandardScaler_per_sample_dimension
CC(C)C1=CC=CC(C(=O)NC=O)=C1,-4.249599,-5.703474,False,48,5,0.8,euclidean,random,StandardScaler_per_sample_dimension
NC(=O)O,8.619883,-3.5306444,False,48,5,0.8,euclidean,random,StandardScaler_per_sample_dimension
*OC1=CC=C(CCC)C=C1,-0.564213,11.9395895,True,48,5,0.8,euclidean,random,StandardScaler_per_sample_dimension
COC(=O)C1=CC(C)=CC=C1,6.5848737,-14.3299,True,48,5,0.8,euclidean,random,StandardScaler_per_sample_dimension
COC(=O)C1=CC=CC(C)=C1,6.589966,-14.391146,False,48,5,0.8,euclidean,random,StandardScaler_per_sample_dimension
CC1=CC=C(COC2=CC=CC=C2)C=C1,0.977624,10.484695,True,48,5,0.8,euclidean,random,StandardScaler_per_sample_dimension
*C(=O)CCC,9.014679,5.9358625,True,48,5,0.8,euclidean,random,StandardScaler_per_sample_dimension
CC(CF)C1=CC=C(CN)C=C1,3.3804266,21.682457,True,48,5,0.8,euclidean,random,StandardScaler_per_sample_dimension
CCCOCCOC,11.96283,9.614339,True,48,5,0.8,euclidean,random,StandardScaler_per_sample_dimension
CC1=CC(C(C)C)=CC=C1C=O,22.247875,2.7578402,False,48,5,0.8,euclidean,random,StandardScaler_per_sample_dimension
CC1=CC=C(C(C)C)C=C1C=O,22.037949,2.6769607,False,48,5,0.8,euclidean,random,StandardScaler_per_sample_dimension
CC1=CC=C(C2=CC=C(C=O)C=C2)C=C1,18.928484,4.856238,False,48,5,0.8,euclidean,random,StandardScaler_per_sample_dimension
*CCC(C)C,8.092055,7.2027187,True,48,5,0.8,euclidean,random,StandardScaler_per_sample_dimension
CCCC(=O)OC1=CC=CC=C1,1.4753402,6.6315513,True,48,5,0.8,euclidean,random,StandardScaler_per_sample_dimension
CC1=CC=C(C(C)CF)C=C1C,3.5329041,22.25155,False,48,5,0.8,euclidean,random,StandardScaler_per_sample_dimension
CC1=C(C(C)C)C=CC=C1,-2.4695327,-12.884382,False,48,5,0.8,euclidean,random,StandardScaler_per_sample_dimension
CC1=CC=CC=C1C(C)C,-2.5011723,-12.758586,False,48,5,0.8,euclidean,random,StandardScaler_per_sample_dimension
*C(C)COCCCCC,8.182231,-2.23911,False,48,5,0.8,euclidean,random,StandardScaler_per_sample_dimension
CC1=CC(C(C)C)=CC=C1CN,22.446365,2.8052156,False,48,5,0.8,euclidean,random,StandardScaler_per_sample_dimension
CC1=C(C)C=C(CN)C=C1,16.584484,15.648233,False,48,5,0.8,euclidean,random,StandardScaler_per_sample_dimension
CC1=CC=C(CN)C=C1C,16.600554,15.554065,False,48,5,0.8,euclidean,random,StandardScaler_per_sample_dimension
COC(N)=O,8.333085,-2.9039512,False,48,5,0.8,euclidean,random,StandardScaler_per_sample_dimension
CCCCC(C)C1=CC=CC=C1,-0.5271808,10.032533,True,48,5,0.8,euclidean,random,StandardScaler_per_sample_dimension
*C(C)C(F)F,-0.3785312,-11.995837,False,48,5,0.8,euclidean,random,StandardScaler_per_sample_dimension
CC(CF)C1=CC=CC(C=O)=C1,3.5862448,22.317368,False,48,5,0.8,euclidean,random,StandardScaler_per_sample_dimension
CCCCNC(=O)CC,2.2306113,-3.1193287,True,48,5,0.8,euclidean,random,StandardScaler_per_sample_dimension
CCCNC(=O)C1=CC=CC=C1,0.10551947,-3.1702898,True,48,5,0.8,euclidean,random,StandardScaler_per_sample_dimension
CC1=C(C=O)C=CC(C2=CC=CC=C2)=C1,1.3841838,19.847837,False,48,5,0.8,euclidean,random,StandardScaler_per_sample_dimension
CC1=CC(C2=CC=CC=C2)=CC=C1C=O,1.2236766,19.969997,False,48,5,0.8,euclidean,random,StandardScaler_per_sample_dimension
*C(C)CCCC,7.7138963,8.452726,False,48,5,0.8,euclidean,random,StandardScaler_per_sample_dimension
CCC(C)NC=O,14.06382,3.3211887,True,48,5,0.8,euclidean,random,StandardScaler_per_sample_dimension
CC(C)C1=CC=C2CNCC2=C1,22.2245,2.4466467,False,48,5,0.8,euclidean,random,StandardScaler_per_sample_dimension
CC(C)C1=CC=C2C(=O)NCC2=C1,22.262842,2.4769053,False,48,5,0.8,euclidean,random,StandardScaler_per_sample_dimension
CC(C)C1=CC=C2CNC(=O)C2=C1,22.372412,2.4253228,False,48,5,0.8,euclidean,random,StandardScaler_per_sample_dimension
CNCO,8.502054,-3.3975303,False,48,5,0.8,euclidean,random,StandardScaler_per_sample_dimension
CC(C)C1=CC=C2CN(C)CC2=C1,22.144735,2.2528706,True,48,5,0.8,euclidean,random,StandardScaler_per_sample_dimension
CC(C)C1=CC=C2CN(C)C(=O)C2=C1,22.192106,2.1978257,False,48,5,0.8,euclidean,random,StandardScaler_per_sample_dimension
CNCC1=CC(C)=C(C)C=C1,16.43176,15.474996,False,48,5,0.8,euclidean,random,StandardScaler_per_sample_dimension
CNCC1=CC=C(C)C(C)=C1,16.63442,15.421853,False,48,5,0.8,euclidean,random,StandardScaler_per_sample_dimension
*CCC(=O)OCCCCC,8.3159275,-1.8944378,False,48,5,0.8,euclidean,random,StandardScaler_per_sample_dimension
COC(=O)C1=CC=C(OC)C=C1,16.817722,12.939203,True,48,5,0.8,euclidean,random,StandardScaler_per_sample_dimension
CC(CF)C1=CC=CC(CN)=C1,3.2320988,22.232151,False,48,5,0.8,euclidean,random,StandardScaler_per_sample_dimension
CCCCCCN(C)C,0.96122825,-1.0732299,True,48,5,0.8,euclidean,random,StandardScaler_per_sample_dimension
*C1=CC=C(N)C=C1,13.455789,-10.478361,True,48,5,0.8,euclidean,random,StandardScaler_per_sample_dimension
CCCC(C)C(C)C,2.2731247,10.665404,False,48,5,0.8,euclidean,random,StandardScaler_per_sample_dimension
CC(CF)C1=CC=C2CNCC2=C1,3.312043,21.904007,False,48,5,0.8,euclidean,random,StandardScaler_per_sample_dimension
CC(C1=CC=C2CNCC2=C1)C(F)F,3.278262,21.985706,False,48,5,0.8,euclidean,random,StandardScaler_per_sample_dimension
CC(CF)C1=CC=C2C(=O)NCC2=C1,3.4522698,21.98848,False,48,5,0.8,euclidean,random,StandardScaler_per_sample_dimension
CC(CF)C1=CC=C2CNC(=O)C2=C1,3.266116,21.961166,False,48,5,0.8,euclidean,random,StandardScaler_per_sample_dimension
CC(C1=CC=C2CNC(=O)C2=C1)C(F)F,3.3475404,21.734934,False,48,5,0.8,euclidean,random,StandardScaler_per_sample_dimension
CC(CF)C1=CC=C2CN(C)CC2=C1,5.1749,20.201073,False,48,5,0.8,euclidean,random,StandardScaler_per_sample_dimension
CCCC(C)(C)C1=CC=CC=C1,-0.8240323,9.972242,False,48,5,0.8,euclidean,random,StandardScaler_per_sample_dimension
CCCCCCCCOCCC,6.667411,1.1561959,True,48,5,0.8,euclidean,random,StandardScaler_per_sample_dimension
CC(C1=CC=C2CNCC2=C1)C(F)(F)F,21.797783,2.1284711,False,48,5,0.8,euclidean,random,StandardScaler_per_sample_dimension
*C(C)C(=O)OCCCCC,8.117063,-2.2961214,False,48,5,0.8,euclidean,random,StandardScaler_per_sample_dimension
FC(F)(F)CC1=CC=C2CNCC2=C1,21.94023,2.0467052,False,48,5,0.8,euclidean,random,StandardScaler_per_sample_dimension
O=C1NCC2=CC=C(CC(F)(F)F)C=C12,21.965597,2.0552373,False,48,5,0.8,euclidean,random,StandardScaler_per_sample_dimension
CNCOC,8.448733,-2.9435153,False,48,5,0.8,euclidean,random,StandardScaler_per_sample_dimension
FCC(C1=CC=C2CNCC2=C1)C(F)F,5.76309,19.553894,False,48,5,0.8,euclidean,random,StandardScaler_per_sample_dimension
FCC(CF)C1=CC=C2CNCC2=C1,5.5717697,19.776733,False,48,5,0.8,euclidean,random,StandardScaler_per_sample_dimension
O=C1NCC2=CC=C(C(CF)CF)C=C12,5.726491,19.6512,False,48,5,0.8,euclidean,random,StandardScaler_per_sample_dimension
FC(F)C(C1=CC=C2CNCC2=C1)C(F)F,5.5948825,19.719337,False,48,5,0.8,euclidean,random,StandardScaler_per_sample_dimension
FCC(C1=CC=C2CNCC2=C1)C(F)(F)F,5.390559,20.045551,False,48,5,0.8,euclidean,random,StandardScaler_per_sample_dimension
CCCCCCCCNCC,2.0937648,-1.4746126,True,48,5,0.8,euclidean,random,StandardScaler_per_sample_dimension
CCC(CC)C1=CC=CC=C1,-0.052362043,9.967885,True,48,5,0.8,euclidean,random,StandardScaler_per_sample_dimension
CCC(C)(C1=CC=CC=C1)C1=CC=CC=C1,-0.61982363,10.223287,False,48,5,0.8,euclidean,random,StandardScaler_per_sample_dimension
*COCC,-4.7514524,11.802762,True,48,5,0.8,euclidean,random,StandardScaler_per_sample_dimension
*C1=CC=C(CNC2=CC=C(C)C=C2)C=C1,5.8857045,10.00512,True,48,5,0.8,euclidean,random,StandardScaler_per_sample_dimension
*C1=CC=C(C(=O)NC2=CC=C(C)C=C2)C=C1,6.1445403,9.785735,False,48,5,0.8,euclidean,random,StandardScaler_per_sample_dimension
CC1=CC(C(C)C2=CC=CC=C2)=CC=C1,7.346317,26.538893,True,48,5,0.8,euclidean,random,StandardScaler_per_sample_dimension
CC1=CC=CC(C(C)C2=CC=CC=C2)=C1,7.419027,26.613962,False,48,5,0.8,euclidean,random,StandardScaler_per_sample_dimension
CNC(=O)O,8.457464,-3.3276908,False,48,5,0.8,euclidean,random,StandardScaler_per_sample_dimension
*CC(*)COCCCCC,8.230639,-2.0191514,True,48,5,0.8,euclidean,random,StandardScaler_per_sample_dimension
*CC(*)C(=O)OCCCCC,8.221418,-2.030298,False,48,5,0.8,euclidean,random,StandardScaler_per_sample_dimension
CNCC1=CC=C(CNC=O)C=C1,-6.736721,-13.648528,False,48,5,0.8,euclidean,random,StandardScaler_per_sample_dimension
NCC1=CC=C(CNC=O)C=C1,-6.7831397,-13.612176,True,48,5,0.8,euclidean,random,StandardScaler_per_sample_dimension
*CCOCCOC,11.175015,8.979845,False,48,5,0.8,euclidean,random,StandardScaler_per_sample_dimension
CC1=C(C)C=C(C(N)=O)C=C1,13.116824,19.273739,True,48,5,0.8,euclidean,random,StandardScaler_per_sample_dimension
CC1=CC=C(C(N)=O)C=C1C,13.049901,19.312973,False,48,5,0.8,euclidean,random,StandardScaler_per_sample_dimension
CCN(C)C(=O)C1=CC=CC=C1,-0.13768668,-2.3050873,True,48,5,0.8,euclidean,random,StandardScaler_per_sample_dimension
CCCCOC(=O)C(C)C,-0.053605806,6.761398,True,48,5,0.8,euclidean,random,StandardScaler_per_sample_dimension
NC1=CC=C(C2=CC=CC=C2)C=C1,4.1355505,7.3109207,True,48,5,0.8,euclidean,random,StandardScaler_per_sample_dimension
CNC(=O)OC,8.215101,-2.9241714,False,48,5,0.8,euclidean,random,StandardScaler_per_sample_dimension
CC1=CC=C(C(=O)OC2=CC=CC=C2)C=C1,1.2172362,10.350397,False,48,5,0.8,euclidean,random,StandardScaler_per_sample_dimension
CC(C)(C)C1=CC=C(OC=O)C=C1,4.5187354,6.8158493,False,48,5,0.8,euclidean,random,StandardScaler_per_sample_dimension
CCCCCNC1=CC=CC=C1,-6.5921946,15.189011,False,48,5,0.8,euclidean,random,StandardScaler_per_sample_dimension
FCCF,9.372986,13.0248375,True,48,5,0.8,euclidean,random,StandardScaler_per_sample_dimension
CCCCCCCC(N)=O,3.9520109,-1.3956788,False,48,5,0.8,euclidean,random,StandardScaler_per_sample_dimension
CCCCCC(=O)NCC,2.697001,-3.7011611,True,48,5,0.8,euclidean,random,StandardScaler_per_sample_dimension
CCCCCOCC(C)C,-3.0655167,7.191399,False,48,5,0.8,euclidean,random,StandardScaler_per_sample_dimension
C=C(C)C,-6.3499584,0.6431424,True,48,5,0.8,euclidean,random,StandardScaler_per_sample_dimension
O=CC1=CC=C(CC2=CC=CC=C2)C=C1,6.1466856,11.727253,True,48,5,0.8,euclidean,random,StandardScaler_per_sample_dimension
CCOCCOCCO,7.4845033,-3.7371402,False,48,5,0.8,euclidean,random,StandardScaler_per_sample_dimension
CCC1=CC(C)=CC(C)=C1,4.288801,-9.448881,True,48,5,0.8,euclidean,random,StandardScaler_per_sample_dimension
CCCC(C)O,-2.0673833,4.540513,True,48,5,0.8,euclidean,random,StandardScaler_per_sample_dimension
*CC(C)CCC,7.6504035,7.770943,False,48,5,0.8,euclidean,random,StandardScaler_per_sample_dimension
CCCCOCCCC,3.4493017,5.4494376,True,48,5,0.8,euclidean,random,StandardScaler_per_sample_dimension
CCCCCCCCCCOCC,3.0148222,-0.53981394,True,48,5,0.8,euclidean,random,StandardScaler_per_sample_dimension
*CC(C)COCCCC,-0.108494155,6.7705026,True,48,5,0.8,euclidean,random,StandardScaler_per_sample_dimension
CCCCOC(=O)C1=CC=CC=C1,1.2775762,0.68969136,True,48,5,0.8,euclidean,random,StandardScaler_per_sample_dimension
FCC(F)F,9.429609,12.976605,False,48,5,0.8,euclidean,random,StandardScaler_per_sample_dimension
CCCCCC(C)CCC,0.7511077,11.4787655,False,48,5,0.8,euclidean,random,StandardScaler_per_sample_dimension
CC1CCCC(C)C1,1.745784,10.141982,True,48,5,0.8,euclidean,random,StandardScaler_per_sample_dimension
FCC1=CC=CC=C1,5.4092116,5.1014524,False,48,5,0.8,euclidean,random,StandardScaler_per_sample_dimension
*C1=CC=C(C(C)C)C=C1,3.75027,12.008323,True,48,5,0.8,euclidean,random,StandardScaler_per_sample_dimension
CCNCC1=CC=C(C)C=C1,6.6515665,-10.896033,False,48,5,0.8,euclidean,random,StandardScaler_per_sample_dimension
NO,-5.108165,8.314567,False,48,5,0.8,euclidean,random,StandardScaler_per_sample_dimension
*C1=CC=C(CNC2=CC=C(O)C=C2)C=C1,-2.5290468,13.1058445,False,48,5,0.8,euclidean,random,StandardScaler_per_sample_dimension
*C1=CC=C(C(=O)NC2=CC=C(O)C=C2)C=C1,-2.5038164,13.033372,True,48,5,0.8,euclidean,random,StandardScaler_per_sample_dimension
CCCN(CC)C(C)=O,0.23088564,-1.3978388,True,48,5,0.8,euclidean,random,StandardScaler_per_sample_dimension
CCCCCCCCCOC=O,2.6509652,-0.5704524,True,48,5,0.8,euclidean,random,StandardScaler_per_sample_dimension
CCCCCCCOC1=CC=C(C)C=C1,1.2585198,7.3602057,False,48,5,0.8,euclidean,random,StandardScaler_per_sample_dimension
FC(F)C1=CC=CC=C1,5.302913,5.2465515,True,48,5,0.8,euclidean,random,StandardScaler_per_sample_dimension
COC1=CC=C(S(=O)C2=CC=C(O)C=C2)C=C1,0.89710814,14.163911,False,48,5,0.8,euclidean,random,StandardScaler_per_sample_dimension
OP,18.254473,-1.9988867,False,48,5,0.8,euclidean,random,StandardScaler_per_sample_dimension
CCNC1=CC=C(CC2=CC=C(N)C=C2)C=C1,6.5840106,8.928867,True,48,5,0.8,euclidean,random,StandardScaler_per_sample_dimension
O=S(C1=CC=C(O)C=C1)C1=CC=C(O)C=C1,1.3166081,13.99314,False,48,5,0.8,euclidean,random,StandardScaler_per_sample_dimension
COCCCCCCO,3.585915,19.709562,True,48,5,0.8,euclidean,random,StandardScaler_per_sample_dimension
COCCOC(C)=O,11.680451,9.382863,False,48,5,0.8,euclidean,random,StandardScaler_per_sample_dimension
*C(C)(C)C1=CC=CC=C1,-1.2965413,15.728941,True,48,5,0.8,euclidean,random,StandardScaler_per_sample_dimension
*C(CF)C(F)F,-0.17171007,-11.601152,False,48,5,0.8,euclidean,random,StandardScaler_per_sample_dimension
CCCCCC(C)C1=CC=CC=C1,-0.43931174,9.958895,False,48,5,0.8,euclidean,random,StandardScaler_per_sample_dimension
CCC(C)CC(C)CC,1.4756147,10.18599,True,48,5,0.8,euclidean,random,StandardScaler_per_sample_dimension
*C(CF)CF,-0.42257082,-12.284487,False,48,5,0.8,euclidean,random,StandardScaler_per_sample_dimension
CNCC(C)C,3.8342664,5.4060907,False,48,5,0.8,euclidean,random,StandardScaler_per_sample_dimension
CCC1=CC=C(N(C)C)C=C1,8.447217,8.345131,False,48,5,0.8,euclidean,random,StandardScaler_per_sample_dimension
CCOC1=CC=C(OC)C=C1,1.1063709,12.668092,False,48,5,0.8,euclidean,random,StandardScaler_per_sample_dimension
NC1=CC=C(C=O)C=C1,7.5289936,10.978655,False,48,5,0.8,euclidean,random,StandardScaler_per_sample_dimension
CCOCN,7.906692,-2.8507063,True,48,5,0.8,euclidean,random,StandardScaler_per_sample_dimension
CC(C)F,9.686934,12.972348,False,48,5,0.8,euclidean,random,StandardScaler_per_sample_dimension
CCC1CCCCC1,1.7298818,9.740212,True,48,5,0.8,euclidean,random,StandardScaler_per_sample_dimension
CCCC(CC)C1=CC=CC=C1,-0.33349884,9.912091,True,48,5,0.8,euclidean,random,StandardScaler_per_sample_dimension
CCCC(C1=CC=CC=C1)C1=CC=CC=C1,-0.45726243,10.066202,True,48,5,0.8,euclidean,random,StandardScaler_per_sample_dimension
COCCOCCOC,7.43988,-3.9099085,False,48,5,0.8,euclidean,random,StandardScaler_per_sample_dimension
CCNC1=CC(C=O)=CC=C1,-3.05217,23.213806,False,48,5,0.8,euclidean,random,StandardScaler_per_sample_dimension
CCNC1=CC=CC(C=O)=C1,-3.048918,23.177195,False,48,5,0.8,euclidean,random,StandardScaler_per_sample_dimension
CC(=O)NC1=CC(C=O)=CC=C1,-2.9773116,23.293072,False,48,5,0.8,euclidean,random,StandardScaler_per_sample_dimension
CC(=O)NC1=CC=CC(C=O)=C1,-2.709473,23.511509,False,48,5,0.8,euclidean,random,StandardScaler_per_sample_dimension
CC1=CC=C(OC2=CC=C(C)C(C)=C2)C=C1,0.39776692,-6.1791286,True,48,5,0.8,euclidean,random,StandardScaler_per_sample_dimension
O=CC1=CC(CO)=CC=C1,0.5860774,-14.10067,True,48,5,0.8,euclidean,random,StandardScaler_per_sample_dimension
O=CC1=CC=CC(CO)=C1,0.6501032,-14.077396,False,48,5,0.8,euclidean,random,StandardScaler_per_sample_dimension
CNO,-4.976247,8.448899,False,48,5,0.8,euclidean,random,StandardScaler_per_sample_dimension
OC1=CC=C(C2=CC=C(O)C=C2)C=C1,4.6583047,7.166086,False,48,5,0.8,euclidean,random,StandardScaler_per_sample_dimension
*C(=O)C1=CC=C(CN)C=C1,10.204559,5.17704,True,48,5,0.8,euclidean,random,StandardScaler_per_sample_dimension
*C(=O)C1=CC=C(C(N)=O)C=C1,10.309673,5.2044597,False,48,5,0.8,euclidean,random,StandardScaler_per_sample_dimension
C=CCCC,-8.557383,1.947363,False,48,5,0.8,euclidean,random,StandardScaler_per_sample_dimension
CC=C(C)C,-6.4463425,0.7736618,False,48,5,0.8,euclidean,random,StandardScaler_per_sample_dimension
CC1=C(C=O)C=C(C2=CC=CC=C2)C=C1,1.0727849,19.85168,False,48,5,0.8,euclidean,random,StandardScaler_per_sample_dimension
CC1=CC=C(C2=CC=CC=C2)C=C1C=O,1.116473,19.892263,False,48,5,0.8,euclidean,random,StandardScaler_per_sample_dimension
CCCCC(=O)OCC,5.278929,-0.7419038,True,48,5,0.8,euclidean,random,StandardScaler_per_sample_dimension
CC(C=O)CC=O,7.1709857,3.1008062,True,48,5,0.8,euclidean,random,StandardScaler_per_sample_dimension
O=S(=O)(C1=CC=C(O)C=C1)C1=CC=C(O)C=C1,2.5492194,14.023908,False,48,5,0.8,euclidean,random,StandardScaler_per_sample_dimension
*C1=CC=C(CC2=CC=C(O)C=C2)C=C1,3.7530699,11.191578,True,48,5,0.8,euclidean,random,StandardScaler_per_sample_dimension
CCCC(C)CO,5.827877,4.9520125,False,48,5,0.8,euclidean,random,StandardScaler_per_sample_dimension
NCCCC=O,8.988262,10.952533,False,48,5,0.8,euclidean,random,StandardScaler_per_sample_dimension
CCCCNCC1=CC=CC=C1,0.20874672,-3.6017275,False,48,5,0.8,euclidean,random,StandardScaler_per_sample_dimension
COC1=C(C)C=C(C)C=C1,18.890873,22.756182,True,48,5,0.8,euclidean,random,StandardScaler_per_sample_dimension
COC1=CC=C(C)C=C1C,18.963875,22.712683,False,48,5,0.8,euclidean,random,StandardScaler_per_sample_dimension
O=CC1=C(C=O)C=C(C2=CC=CC=C2)C=C1,0.8738952,19.829233,True,48,5,0.8,euclidean,random,StandardScaler_per_sample_dimension
O=CC1=CC=C(C2=CC=CC=C2)C=C1C=O,0.77082413,19.786982,False,48,5,0.8,euclidean,random,StandardScaler_per_sample_dimension
NCC1=CC=C(C2=CC=CC=C2)C=C1,-0.21031813,19.017382,True,48,5,0.8,euclidean,random,StandardScaler_per_sample_dimension
COC1=CC=C(C2=CC=C(O)C=C2)C=C1,4.8882766,7.5676017,False,48,5,0.8,euclidean,random,StandardScaler_per_sample_dimension
CCOC1=CC(C)=CC=C1,11.621601,22.927864,True,48,5,0.8,euclidean,random,StandardScaler_per_sample_dimension
CCOC1=CC=CC(C)=C1,11.620737,22.858791,False,48,5,0.8,euclidean,random,StandardScaler_per_sample_dimension
*C1=CC=CC(CNC2=CC=C(O)C=C2)=C1,-2.627123,12.892544,True,48,5,0.8,euclidean,random,StandardScaler_per_sample_dimension
CCC(C)C(C)CC,2.4513972,10.891206,False,48,5,0.8,euclidean,random,StandardScaler_per_sample_dimension
*C(C)C1=CC=C(C=O)C=C1,12.69197,4.14876,False,48,5,0.8,euclidean,random,StandardScaler_per_sample_dimension
O=COC1=CC=C(O)C=C1,1.269803,11.818729,True,48,5,0.8,euclidean,random,StandardScaler_per_sample_dimension
CC(N)C=O,1.05113,-4.871441,True,48,5,0.8,euclidean,random,StandardScaler_per_sample_dimension
CCCC(C)(C)CCC,1.3055986,8.943222,True,48,5,0.8,euclidean,random,StandardScaler_per_sample_dimension
CCC(=O)N(C)C,8.7778425,10.554023,True,48,5,0.8,euclidean,random,StandardScaler_per_sample_dimension
*C1=CC=C(C(C)C2=CC=CC=C2)C=C1,3.6873739,12.206969,True,48,5,0.8,euclidean,random,StandardScaler_per_sample_dimension
NC(=O)C1=CC=C(C2=CC=CC=C2)C=C1,-0.2482213,19.441872,False,48,5,0.8,euclidean,random,StandardScaler_per_sample_dimension
*C(=O)C1=CC=C(CNC)C=C1,10.124468,5.5143247,False,48,5,0.8,euclidean,random,StandardScaler_per_sample_dimension
*C(=O)C1=CC=C(C(=O)NC)C=C1,10.271906,5.3680725,False,48,5,0.8,euclidean,random,StandardScaler_per_sample_dimension
CCOC(N)=O,7.8724017,-2.781468,False,48,5,0.8,euclidean,random,StandardScaler_per_sample_dimension
CC(=O)OC(C)C,-4.0019503,3.3285785,False,48,5,0.8,euclidean,random,StandardScaler_per_sample_dimension
CC1=C(C)C=C(CNC2=CC=CC=C2)C=C1,13.108446,19.296793,True,48,5,0.8,euclidean,random,StandardScaler_per_sample_dimension
CC1=CC=C(CNC2=CC=CC=C2)C=C1C,13.012548,19.31644,False,48,5,0.8,euclidean,random,StandardScaler_per_sample_dimension
CC1=C(C)C=C(C(=O)NC2=CC=CC=C2)C=C1,13.057945,19.192184,False,48,5,0.8,euclidean,random,StandardScaler_per_sample_dimension
CC1=CC=C(C(=O)NC2=CC=CC=C2)C=C1C,12.992533,19.131626,False,48,5,0.8,euclidean,random,StandardScaler_per_sample_dimension
CNC(=O)C1=CC=C(CNC=O)C=C1,-6.591011,-13.792323,False,48,5,0.8,euclidean,random,StandardScaler_per_sample_dimension
CNCC1=CC=C(C(=O)NC=O)C=C1,-6.6580915,-13.740009,False,48,5,0.8,euclidean,random,StandardScaler_per_sample_dimension
CNC(=O)C1=CC=C(C(=O)NC=O)C=C1,-6.508758,-13.848419,False,48,5,0.8,euclidean,random,StandardScaler_per_sample_dimension
NC(=O)C1=CC=C(CNC=O)C=C1,-6.4222984,-13.977071,True,48,5,0.8,euclidean,random,StandardScaler_per_sample_dimension
NCC1=CC=C(C(=O)NC=O)C=C1,-6.6420884,-13.787959,False,48,5,0.8,euclidean,random,StandardScaler_per_sample_dimension
NC(=O)C1=CC=C(C(=O)NC=O)C=C1,-6.6402664,-13.746983,False,48,5,0.8,euclidean,random,StandardScaler_per_sample_dimension
CNCC1=CC(CNC=O)=CC=C1,-12.092946,-8.577082,False,48,5,0.8,euclidean,random,StandardScaler_per_sample_dimension
CNCC1=CC=CC(CNC=O)=C1,-12.1184225,-8.563461,False,48,5,0.8,euclidean,random,StandardScaler_per_sample_dimension
NCC1=CC(CNC=O)=CC=C1,-12.05847,-8.5900755,False,48,5,0.8,euclidean,random,StandardScaler_per_sample_dimension
NCC1=CC=CC(CNC=O)=C1,-12.1967,-8.665552,False,48,5,0.8,euclidean,random,StandardScaler_per_sample_dimension
CCCCCCCC(C)C,1.2048851,11.4008465,False,48,5,0.8,euclidean,random,StandardScaler_per_sample_dimension
CCOCC(C)CC,6.297907,4.323077,True,48,5,0.8,euclidean,random,StandardScaler_per_sample_dimension
COP,18.04966,-1.9863349,False,48,5,0.8,euclidean,random,StandardScaler_per_sample_dimension
CNC1=CC=C(CC2=CC=C(NC)C=C2)C=C1,6.4403787,9.037558,True,48,5,0.8,euclidean,random,StandardScaler_per_sample_dimension
*CC(=O)OCCCCCC,7.3805885,-1.1946768,False,48,5,0.8,euclidean,random,StandardScaler_per_sample_dimension
CCOC1=CC=C(CO)C=C1,17.040138,13.245326,False,48,5,0.8,euclidean,random,StandardScaler_per_sample_dimension
CNC(=O)C1=CC(CNC=O)=CC=C1,18.051779,20.68759,False,48,5,0.8,euclidean,random,StandardScaler_per_sample_dimension
CNC(=O)C1=CC=CC(CNC=O)=C1,17.896143,20.80144,False,48,5,0.8,euclidean,random,StandardScaler_per_sample_dimension
CNCC1=CC(C(=O)NC=O)=CC=C1,17.934124,20.828457,False,48,5,0.8,euclidean,random,StandardScaler_per_sample_dimension
CNCC1=CC=CC(C(=O)NC=O)=C1,17.843899,20.726717,False,48,5,0.8,euclidean,random,StandardScaler_per_sample_dimension
CNC(=O)C1=CC(C(=O)NC=O)=CC=C1,17.848696,20.847488,False,48,5,0.8,euclidean,random,StandardScaler_per_sample_dimension
CNC(=O)C1=CC=CC(C(=O)NC=O)=C1,17.833694,20.81496,False,48,5,0.8,euclidean,random,StandardScaler_per_sample_dimension
NC(=O)C1=CC(CNC=O)=CC=C1,16.857164,23.9903,True,48,5,0.8,euclidean,random,StandardScaler_per_sample_dimension
NC(=O)C1=CC=CC(CNC=O)=C1,16.816221,24.011333,False,48,5,0.8,euclidean,random,StandardScaler_per_sample_dimension
NCC1=CC(C(=O)NC=O)=CC=C1,16.822718,24.003313,False,48,5,0.8,euclidean,random,StandardScaler_per_sample_dimension
NCC1=CC=CC(C(=O)NC=O)=C1,16.767267,24.089733,False,48,5,0.8,euclidean,random,StandardScaler_per_sample_dimension
NC(=O)C1=CC(C(=O)NC=O)=CC=C1,16.724627,24.105597,False,48,5,0.8,euclidean,random,StandardScaler_per_sample_dimension
NC(=O)C1=CC=CC(C(=O)NC=O)=C1,16.871136,23.96689,False,48,5,0.8,euclidean,random,StandardScaler_per_sample_dimension
CCNC(C)CC,14.058273,3.3478897,True,48,5,0.8,euclidean,random,StandardScaler_per_sample_dimension
CCC(C)NC(C)=O,13.969082,3.4508073,False,48,5,0.8,euclidean,random,StandardScaler_per_sample_dimension
*C(C)C1=CC(C)=CC=C1,13.000249,15.542038,False,48,5,0.8,euclidean,random,StandardScaler_per_sample_dimension
*C(C)C1=CC=CC(C)=C1,12.979708,15.663022,False,48,5,0.8,euclidean,random,StandardScaler_per_sample_dimension
O=CCNC=O,0.7107762,-4.873978,True,48,5,0.8,euclidean,random,StandardScaler_per_sample_dimension
O=CC1=CC(C(=O)O)=CC=C1,0.7447156,-13.86396,False,48,5,0.8,euclidean,random,StandardScaler_per_sample_dimension
O=CC1=CC=CC(C(=O)O)=C1,0.54443264,-13.850896,False,48,5,0.8,euclidean,random,StandardScaler_per_sample_dimension
CCNCC1=C(C)C=CC=C1,21.584316,5.009649,True,48,5,0.8,euclidean,random,StandardScaler_per_sample_dimension
CCNCC1=CC=CC=C1C,21.564451,5.126348,False,48,5,0.8,euclidean,random,StandardScaler_per_sample_dimension
CCC(C)C1=CC=C(O)C=C1,-1.3170197,10.739529,False,48,5,0.8,euclidean,random,StandardScaler_per_sample_dimension
CC(C)CCCC(C)C,1.373326,10.215027,False,48,5,0.8,euclidean,random,StandardScaler_per_sample_dimension
CCC1=CC=C(N(C)CC)C=C1,8.567207,8.452731,True,48,5,0.8,euclidean,random,StandardScaler_per_sample_dimension
CCC1=CC=C(OC2=CC=C(C=O)C=C2)C=C1,5.127405,11.314192,True,48,5,0.8,euclidean,random,StandardScaler_per_sample_dimension
*C(C)C(F)(F)F,14.090867,14.437453,False,48,5,0.8,euclidean,random,StandardScaler_per_sample_dimension
CCCCCCCNC(C)=O,2.2971628,-1.9488977,True,48,5,0.8,euclidean,random,StandardScaler_per_sample_dimension
*CC(F)(F)F,13.9167,14.687154,False,48,5,0.8,euclidean,random,StandardScaler_per_sample_dimension
CC(=O)OC1=CC=C(O)C=C1,1.1651741,11.808153,False,48,5,0.8,euclidean,random,StandardScaler_per_sample_dimension
CCCCCCCCOC1=CC=C(C)C=C1,1.0788271,7.2211714,True,48,5,0.8,euclidean,random,StandardScaler_per_sample_dimension
CCCNCCO,8.49981,16.084394,True,48,5,0.8,euclidean,random,StandardScaler_per_sample_dimension
COCC1=CC(C=O)=CC=C1,23.065323,10.270707,True,48,5,0.8,euclidean,random,StandardScaler_per_sample_dimension
COCC1=CC=CC(C=O)=C1,23.127296,10.196771,False,48,5,0.8,euclidean,random,StandardScaler_per_sample_dimension
CCOC1=CC=C(COC)C=C1,16.840292,13.174299,False,48,5,0.8,euclidean,random,StandardScaler_per_sample_dimension
*C1=CC=C2CN(C3=CC=C(C)C=C3)CC2=C1,5.956795,9.923676,False,48,5,0.8,euclidean,random,StandardScaler_per_sample_dimension
CCC(C)CN,4.4511175,1.0983217,True,48,5,0.8,euclidean,random,StandardScaler_per_sample_dimension
CCCCCCCC(=O)NC,4.0775714,-1.6144947,True,48,5,0.8,euclidean,random,StandardScaler_per_sample_dimension
*CCC(C)CC,7.8714366,7.3584447,True,48,5,0.8,euclidean,random,StandardScaler_per_sample_dimension
CCCC(C)(C1=CC=CC=C1)C1=CC=CC=C1,-0.20016651,9.9076605,False,48,5,0.8,euclidean,random,StandardScaler_per_sample_dimension
*NC(=O)CCC,-1.7803162,7.5306215,True,48,5,0.8,euclidean,random,StandardScaler_per_sample_dimension
CC1=CC=C(C2=CC=C(C)C(C)=C2)C=C1,0.009342989,17.655735,False,48,5,0.8,euclidean,random,StandardScaler_per_sample_dimension
Cl,3.8176384,11.038323,True,48,5,0.8,euclidean,random,StandardScaler_per_sample_dimension
CC(C)C1=CC(CNC2=CC=CC=C2)=CC=C1,23.587847,3.0915227,True,48,5,0.8,euclidean,random,StandardScaler_per_sample_dimension
CC(C)C1=CC=CC(CNC2=CC=CC=C2)=C1,23.65199,3.005201,False,48,5,0.8,euclidean,random,StandardScaler_per_sample_dimension
CCOCNC,7.918198,-2.7839077,False,48,5,0.8,euclidean,random,StandardScaler_per_sample_dimension
CCNCC=O,0.42792422,-4.7601595,False,48,5,0.8,euclidean,random,StandardScaler_per_sample_dimension
*CCCCCCOC,3.1780794,6.99538,False,48,5,0.8,euclidean,random,StandardScaler_per_sample_dimension
FCCC1=CC(CNC2=CC=CC=C2)=CC=C1,15.866608,-12.623745,True,48,5,0.8,euclidean,random,StandardScaler_per_sample_dimension
FCCC1=CC=CC(CNC2=CC=CC=C2)=C1,15.964965,-12.583182,False,48,5,0.8,euclidean,random,StandardScaler_per_sample_dimension
*C(C)COCCCCCC,7.365557,-1.5498723,False,48,5,0.8,euclidean,random,StandardScaler_per_sample_dimension
CC1=CC(CC2=CC=C(O)C=C2)=CC=C1,11.820697,-4.430525,False,48,5,0.8,euclidean,random,StandardScaler_per_sample_dimension
CC1=CC=CC(CC2=CC=C(O)C=C2)=C1,11.886322,-4.4470444,False,48,5,0.8,euclidean,random,StandardScaler_per_sample_dimension
CC1=CC(C2=CC=CC=C2)=CC=C1CN,-0.32460904,19.302025,False,48,5,0.8,euclidean,random,StandardScaler_per_sample_dimension
CC1=CC(C2=CC=CC=C2)=CC=C1C(N)=O,-0.17799304,19.184805,False,48,5,0.8,euclidean,random,StandardScaler_per_sample_dimension
CC1=C(C=O)C=C(CN)C=C1,1.0185463,-18.003296,False,48,5,0.8,euclidean,random,StandardScaler_per_sample_dimension
CC1=C(C=O)C=CC(CN)=C1,1.01494,-18.25853,False,48,5,0.8,euclidean,random,StandardScaler_per_sample_dimension
CC1=CC(CN)=CC=C1C=O,0.7682602,-18.120127,False,48,5,0.8,euclidean,random,StandardScaler_per_sample_dimension
CC1=CC=C(CN)C=C1C=O,0.8498825,-18.006779,False,48,5,0.8,euclidean,random,StandardScaler_per_sample_dimension
CC1=C(C=O)C=C(C(N)=O)C=C1,0.58145493,-18.18653,False,48,5,0.8,euclidean,random,StandardScaler_per_sample_dimension
CC1=C(C=O)C=CC(C(N)=O)=C1,0.92305034,-17.92639,False,48,5,0.8,euclidean,random,StandardScaler_per_sample_dimension
CC1=CC(C(N)=O)=CC=C1C=O,0.94679123,-17.971308,False,48,5,0.8,euclidean,random,StandardScaler_per_sample_dimension
CC1=CC=C(C(N)=O)C=C1C=O,0.671965,-18.285309,False,48,5,0.8,euclidean,random,StandardScaler_per_sample_dimension
NCC1=CC(C=O)=C(C=O)C=C1,1.0128756,-17.956367,False,48,5,0.8,euclidean,random,StandardScaler_per_sample_dimension
NCC1=CC=C(C=O)C(C=O)=C1,0.86636114,-18.161386,False,48,5,0.8,euclidean,random,StandardScaler_per_sample_dimension
NC(=O)C1=CC(C=O)=C(C=O)C=C1,0.6518016,-18.155706,False,48,5,0.8,euclidean,random,StandardScaler_per_sample_dimension
NC(=O)C1=CC=C(C=O)C(C=O)=C1,0.7450682,-18.196033,False,48,5,0.8,euclidean,random,StandardScaler_per_sample_dimension
*C(=O)O,4.3801746,5.816503,False,48,5,0.8,euclidean,random,StandardScaler_per_sample_dimension
*C(=O)OC,4.4464993,6.009696,True,48,5,0.8,euclidean,random,StandardScaler_per_sample_dimension
*C(C(F)F)C(F)F,-0.49509782,-12.307174,False,48,5,0.8,euclidean,random,StandardScaler_per_sample_dimension
*C(CF)C1=CC=CC=C1,14.981042,13.795519,True,48,5,0.8,euclidean,random,StandardScaler_per_sample_dimension
*C(C1=CC=CC=C1)C(F)F,15.264958,13.660295,False,48,5,0.8,euclidean,random,StandardScaler_per_sample_dimension
*C(C)(C)CF,14.726419,14.068801,False,48,5,0.8,euclidean,random,StandardScaler_per_sample_dimension
FCCC1=CC=C(CNC2=CC=CC=C2)C=C1,15.912233,-12.575916,False,48,5,0.8,euclidean,random,StandardScaler_per_sample_dimension
CCOCCOCCOC,7.1492743,-3.6800015,False,48,5,0.8,euclidean,random,StandardScaler_per_sample_dimension
CCC(C=O)CC,4.9366064,1.9692348,True,48,5,0.8,euclidean,random,StandardScaler_per_sample_dimension
CCCCCCN(C)CC,0.88057595,-1.510784,True,48,5,0.8,euclidean,random,StandardScaler_per_sample_dimension
CCC1=CC=C(CC)C=C1,6.9084888,12.407572,False,48,5,0.8,euclidean,random,StandardScaler_per_sample_dimension
O=[SH]C1=CC=C(OC2=CC=CC=C2)C=C1,2.0870836,13.653631,False,48,5,0.8,euclidean,random,StandardScaler_per_sample_dimension
CC(C)CCO,6.6674876,3.4808817,False,48,5,0.8,euclidean,random,StandardScaler_per_sample_dimension
*CCC(=O)OCCCCCC,7.265115,-1.467532,False,48,5,0.8,euclidean,random,StandardScaler_per_sample_dimension
CN(C)CCO,6.2987385,15.409034,False,48,5,0.8,euclidean,random,StandardScaler_per_sample_dimension
COC(=O)C1=CC(C=O)=CC=C1,23.150103,10.251503,False,48,5,0.8,euclidean,random,StandardScaler_per_sample_dimension
COC(=O)C1=CC=CC(C=O)=C1,23.04557,10.309088,False,48,5,0.8,euclidean,random,StandardScaler_per_sample_dimension
CNCC1=CC(C)=C(CN)C=C1,-1.8565094,-8.915984,False,48,5,0.8,euclidean,random,StandardScaler_per_sample_dimension
CNCC1=CC=C(CN)C(C)=C1,-1.9300578,-8.974949,False,48,5,0.8,euclidean,random,StandardScaler_per_sample_dimension
CC1=C(CN)C=CC(CN)=C1,-1.994536,-8.8179,False,48,5,0.8,euclidean,random,StandardScaler_per_sample_dimension
CC1=CC(CN)=CC=C1CN,-1.8795261,-8.978078,False,48,5,0.8,euclidean,random,StandardScaler_per_sample_dimension
CC1=C(CN)C=C(CN)C=C1,-6.6580133,16.71316,False,48,5,0.8,euclidean,random,StandardScaler_per_sample_dimension
CC1=CC=C(CN)C=C1CN,-6.6730075,16.696575,False,48,5,0.8,euclidean,random,StandardScaler_per_sample_dimension
CC1=C(C(N)=O)C=C(CN)C=C1,-6.7355456,16.575153,False,48,5,0.8,euclidean,random,StandardScaler_per_sample_dimension
CC1=C(CN)C=C(C(N)=O)C=C1,17.140999,-17.407026,False,48,5,0.8,euclidean,random,StandardScaler_per_sample_dimension
CC1=CC=C(C(N)=O)C=C1CN,17.296654,-17.397465,False,48,5,0.8,euclidean,random,StandardScaler_per_sample_dimension
CC1=CC=C(CN)C=C1C(N)=O,17.091476,-17.570145,False,48,5,0.8,euclidean,random,StandardScaler_per_sample_dimension
NCC1=CC(CN)=C(C=O)C=C1,17.294643,-17.513765,False,48,5,0.8,euclidean,random,StandardScaler_per_sample_dimension
NCC1=CC=C(C=O)C(CN)=C1,17.265907,-17.31073,False,48,5,0.8,euclidean,random,StandardScaler_per_sample_dimension
CC1=C(C(N)=O)C=C(C(N)=O)C=C1,17.112738,-17.498106,False,48,5,0.8,euclidean,random,StandardScaler_per_sample_dimension
CC1=CC=C(C(N)=O)C=C1C(N)=O,17.30741,-17.499653,False,48,5,0.8,euclidean,random,StandardScaler_per_sample_dimension
NCC1=C(C=O)C=CC(C(N)=O)=C1,17.108772,-17.46246,False,48,5,0.8,euclidean,random,StandardScaler_per_sample_dimension
NCC1=CC(C(N)=O)=C(C=O)C=C1,-6.672449,16.65491,False,48,5,0.8,euclidean,random,StandardScaler_per_sample_dimension
NCC1=CC(C(N)=O)=CC=C1C=O,-6.60989,16.662867,False,48,5,0.8,euclidean,random,StandardScaler_per_sample_dimension
NCC1=CC=C(C=O)C(C(N)=O)=C1,17.200407,-17.397524,False,48,5,0.8,euclidean,random,StandardScaler_per_sample_dimension
NC(=O)C1=CC(C(N)=O)=C(C=O)C=C1,17.29317,-17.48319,False,48,5,0.8,euclidean,random,StandardScaler_per_sample_dimension
NC(=O)C1=CC=C(C=O)C(C(N)=O)=C1,-6.81729,16.598936,False,48,5,0.8,euclidean,random,StandardScaler_per_sample_dimension
CC(F)CF,9.1187315,13.323527,False,48,5,0.8,euclidean,random,StandardScaler_per_sample_dimension
*C(C)(C)C(F)F,14.692825,14.110194,False,48,5,0.8,euclidean,random,StandardScaler_per_sample_dimension
*C(C)(C)C(F)(F)F,13.603564,14.716694,False,48,5,0.8,euclidean,random,StandardScaler_per_sample_dimension
OPO,18.30535,-2.0503685,False,48,5,0.8,euclidean,random,StandardScaler_per_sample_dimension
CCOC(=O)NC,7.525528,-2.8313744,False,48,5,0.8,euclidean,random,StandardScaler_per_sample_dimension
OC1=CC(O)=CC=C1,0.97437125,-9.380002,False,48,5,0.8,euclidean,random,StandardScaler_per_sample_dimension
OC1=CC=CC(O)=C1,0.6556181,-9.396239,False,48,5,0.8,euclidean,random,StandardScaler_per_sample_dimension
NCCCCCCN,-9.502128,16.01098,True,48,5,0.8,euclidean,random,StandardScaler_per_sample_dimension
*CCCN,-4.8772416,-0.05866523,False,48,5,0.8,euclidean,random,StandardScaler_per_sample_dimension
C[N+](=O)[O-],-5.011017,8.504438,True,48,5,0.8,euclidean,random,StandardScaler_per_sample_dimension
*C(=O)CCCC,8.866796,6.26558,True,48,5,0.8,euclidean,random,StandardScaler_per_sample_dimension
*C(C)(CF)C1=CC=CC=C1,15.154907,13.788408,False,48,5,0.8,euclidean,random,StandardScaler_per_sample_dimension
*C(C)(C1=CC=CC=C1)C(F)F,15.120459,13.802416,False,48,5,0.8,euclidean,random,StandardScaler_per_sample_dimension
CCCC(C)COC,5.6386433,4.8869004,True,48,5,0.8,euclidean,random,StandardScaler_per_sample_dimension
*C(C)C(=O)OCCCCCC,7.5535126,-1.6286187,False,48,5,0.8,euclidean,random,StandardScaler_per_sample_dimension
CCCCCCOCC(C)C,-3.4381802,7.0565686,True,48,5,0.8,euclidean,random,StandardScaler_per_sample_dimension
*C(C1=CC=CC=C1)C(F)(F)F,13.664184,14.869595,False,48,5,0.8,euclidean,random,StandardScaler_per_sample_dimension
*C(C)(C1=CC=CC=C1)C(F)(F)F,13.59519,14.726843,False,48,5,0.8,euclidean,random,StandardScaler_per_sample_dimension
CCCCCOCC1=CC=CC=C1,1.462164,0.17824641,True,48,5,0.8,euclidean,random,StandardScaler_per_sample_dimension
CCNC(=O)C1=CC=C(C)C=C1,6.7675843,-10.968357,True,48,5,0.8,euclidean,random,StandardScaler_per_sample_dimension
*C1=CC=C(NC)C=C1,13.304346,-10.613152,True,48,5,0.8,euclidean,random,StandardScaler_per_sample_dimension
CNCC1=CC=C2CNCC2=C1,13.628961,-16.77057,False,48,5,0.8,euclidean,random,StandardScaler_per_sample_dimension
CNC(=O)C1=CC=C2CNCC2=C1,13.78675,-17.03574,False,48,5,0.8,euclidean,random,StandardScaler_per_sample_dimension
CNCC1=CC=C2C(=O)NCC2=C1,13.681334,-16.87328,False,48,5,0.8,euclidean,random,StandardScaler_per_sample_dimension
CNCC1=CC=C2CNC(=O)C2=C1,13.816939,-16.982313,False,48,5,0.8,euclidean,random,StandardScaler_per_sample_dimension
CNC(=O)C1=CC=C2C(=O)NCC2=C1,13.712864,-17.035784,False,48,5,0.8,euclidean,random,StandardScaler_per_sample_dimension
CNC(=O)C1=CC=C2CNC(=O)C2=C1,13.876339,-17.060997,False,48,5,0.8,euclidean,random,StandardScaler_per_sample_dimension
CNCC1=CC=C2C(=O)NC(=O)C2=C1,13.821719,-17.016281,False,48,5,0.8,euclidean,random,StandardScaler_per_sample_dimension
CNC(=O)C1=CC=C2C(=O)NC(=O)C2=C1,13.877685,-16.87438,False,48,5,0.8,euclidean,random,StandardScaler_per_sample_dimension
NCC1=CC=C2CNCC2=C1,-15.089485,1.7317898,True,48,5,0.8,euclidean,random,StandardScaler_per_sample_dimension
NC(=O)C1=CC=C2CNCC2=C1,-15.248739,1.5303394,False,48,5,0.8,euclidean,random,StandardScaler_per_sample_dimension
NCC1=CC=C2C(=O)NCC2=C1,-15.3176,1.6398635,False,48,5,0.8,euclidean,random,StandardScaler_per_sample_dimension
NCC1=CC=C2CNC(=O)C2=C1,-15.19967,1.5225476,False,48,5,0.8,euclidean,random,StandardScaler_per_sample_dimension
NC(=O)C1=CC=C2C(=O)NCC2=C1,-15.228739,1.6365105,False,48,5,0.8,euclidean,random,StandardScaler_per_sample_dimension
NC(=O)C1=CC=C2CNC(=O)C2=C1,-15.355608,1.7163657,False,48,5,0.8,euclidean,random,StandardScaler_per_sample_dimension
NCC1=CC=C2C(=O)NC(=O)C2=C1,-15.138203,1.5251222,False,48,5,0.8,euclidean,random,StandardScaler_per_sample_dimension
NC(=O)C1=CC=C2C(=O)NC(=O)C2=C1,-15.229494,1.6106079,False,48,5,0.8,euclidean,random,StandardScaler_per_sample_dimension
*C(=O)C1=CC=C(CNC2=CC=CC=C2)C=C1,10.218491,5.530259,False,48,5,0.8,euclidean,random,StandardScaler_per_sample_dimension
CC(F)C(F)F,9.402411,13.172138,False,48,5,0.8,euclidean,random,StandardScaler_per_sample_dimension
CNCCCCCCN,-9.747467,15.912616,False,48,5,0.8,euclidean,random,StandardScaler_per_sample_dimension
CNC1=CC(NC)=CC=C1,11.663198,-1.7282267,False,48,5,0.8,euclidean,random,StandardScaler_per_sample_dimension
CNC1=CC=CC(NC)=C1,11.615292,-1.7661228,False,48,5,0.8,euclidean,random,StandardScaler_per_sample_dimension
CC1=CC=C(C2=CC=CC=C2)C=C1CN,0.4283737,19.504059,False,48,5,0.8,euclidean,random,StandardScaler_per_sample_dimension
CC1=CC=C(C2=CC=CC=C2)C=C1C(N)=O,0.503575,19.548256,False,48,5,0.8,euclidean,random,StandardScaler_per_sample_dimension
CCCCN(CC)CC,1.098813,-0.6558289,False,48,5,0.8,euclidean,random,StandardScaler_per_sample_dimension
NCC1=CC(C2=CC=CC=C2)=CC=C1C=O,0.4269111,19.834723,False,48,5,0.8,euclidean,random,StandardScaler_per_sample_dimension
NC(=O)C1=CC(C2=CC=CC=C2)=CC=C1C=O,0.55520004,19.616434,False,48,5,0.8,euclidean,random,StandardScaler_per_sample_dimension
O=[SH](=O)C1=CC=C(OC2=CC=CC=C2)C=C1,2.2175014,13.744674,True,48,5,0.8,euclidean,random,StandardScaler_per_sample_dimension
CC1=CC=C(OCCO)C=C1,3.385051,7.364302,False,48,5,0.8,euclidean,random,StandardScaler_per_sample_dimension
O=[N+]([O-])C1=CC=CC=C1,-4.9193277,8.649331,False,48,5,0.8,euclidean,random,StandardScaler_per_sample_dimension
CCCCC(=O)NCCC,2.321303,-3.8054762,True,48,5,0.8,euclidean,random,StandardScaler_per_sample_dimension
CCCCCNC(=O)CC,2.2793107,-3.5016913,False,48,5,0.8,euclidean,random,StandardScaler_per_sample_dimension
CCNC1=CC(N)=CC=C1,10.177367,-10.56203,True,48,5,0.8,euclidean,random,StandardScaler_per_sample_dimension
CCNC1=CC=CC(N)=C1,10.185185,-10.479124,False,48,5,0.8,euclidean,random,StandardScaler_per_sample_dimension
COC1=CC=C(OC2=CC=CC=C2)C=C1,2.5861409,11.398865,True,48,5,0.8,euclidean,random,StandardScaler_per_sample_dimension
CCl,3.5981119,10.913557,False,48,5,0.8,euclidean,random,StandardScaler_per_sample_dimension
CC1=CC=C(OC2=CC3=C(C=C2)CNC3)C=C1,0.4508922,-6.058122,False,48,5,0.8,euclidean,random,StandardScaler_per_sample_dimension
CC1=CC=C(OC2=CC=C3CNCC3=C2)C=C1,0.52659655,-6.1292133,False,48,5,0.8,euclidean,random,StandardScaler_per_sample_dimension
*CC(*)COCCCCCC,7.39798,-1.4676381,True,48,5,0.8,euclidean,random,StandardScaler_per_sample_dimension
*CC(*)C(=O)OCCCCCC,7.527802,-1.5413144,False,48,5,0.8,euclidean,random,StandardScaler_per_sample_dimension
*CC(C)C(=O)OCCCC,-0.073595755,6.7150955,False,48,5,0.8,euclidean,random,StandardScaler_per_sample_dimension
CN(C)C1=CC=C(N)C=C1,-3.7896984,9.940045,True,48,5,0.8,euclidean,random,StandardScaler_per_sample_dimension
NCCC1=CC=CC=C1,-11.171455,5.330396,True,48,5,0.8,euclidean,random,StandardScaler_per_sample_dimension
CCC(=O)OC1=CC=C(C)C=C1,1.7902342,7.847967,True,48,5,0.8,euclidean,random,StandardScaler_per_sample_dimension
CC1=CC=C(NCC2=CC=C(C=O)C=C2)C=C1,8.996759,1.9098177,True,48,5,0.8,euclidean,random,StandardScaler_per_sample_dimension
*C(CF)C(F)(F)F,14.770167,13.969322,False,48,5,0.8,euclidean,random,StandardScaler_per_sample_dimension
O=CC1=CC=C(CNC2=CC=C(O)C=C2)C=C1,-2.9175112,13.742455,True,48,5,0.8,euclidean,random,StandardScaler_per_sample_dimension
CCCCC(=O)OC1=CC=CC=C1,1.6129652,6.3918557,True,48,5,0.8,euclidean,random,StandardScaler_per_sample_dimension
*C(C(F)F)C(F)(F)F,14.973252,13.918274,False,48,5,0.8,euclidean,random,StandardScaler_per_sample_dimension
CCCCCN(C)C(C)=O,0.5774374,-1.521353,True,48,5,0.8,euclidean,random,StandardScaler_per_sample_dimension
COC1=CC(O)=CC=C1,1.0002475,-9.523599,True,48,5,0.8,euclidean,random,StandardScaler_per_sample_dimension
COC1=CC=CC(O)=C1,0.9922392,-9.542586,False,48,5,0.8,euclidean,random,StandardScaler_per_sample_dimension
CC1=CC(C2=CC=C(C=O)C=C2)=CC=C1,-0.514151,17.533882,False,48,5,0.8,euclidean,random,StandardScaler_per_sample_dimension
CC1=CC=CC(C2=CC=C(C=O)C=C2)=C1,-0.6037796,17.56696,False,48,5,0.8,euclidean,random,StandardScaler_per_sample_dimension
COCCOC1=CC=CC=C1,3.536765,7.651755,True,48,5,0.8,euclidean,random,StandardScaler_per_sample_dimension
CNCCC1=CC=CC=C1,-11.272772,5.1600585,False,48,5,0.8,euclidean,random,StandardScaler_per_sample_dimension
*C(C)(CF)C(F)F,-0.16392545,-11.559888,False,48,5,0.8,euclidean,random,StandardScaler_per_sample_dimension
*C(C)(CF)CF,-0.48336828,-12.346762,False,48,5,0.8,euclidean,random,StandardScaler_per_sample_dimension
*C(C)(C(F)F)C(F)F,-0.48456076,-12.494478,False,48,5,0.8,euclidean,random,StandardScaler_per_sample_dimension
*C(C)(CF)C(F)(F)F,14.990618,13.882182,False,48,5,0.8,euclidean,random,StandardScaler_per_sample_dimension
*C(C)(C(F)F)C(F)(F)F,15.095189,13.942275,False,48,5,0.8,euclidean,random,StandardScaler_per_sample_dimension
CNC1=CC(NC=O)=CC=C1,9.6974,-13.084092,False,48,5,0.8,euclidean,random,StandardScaler_per_sample_dimension
CNC1=CC=CC(NC=O)=C1,9.774161,-13.025994,False,48,5,0.8,euclidean,random,StandardScaler_per_sample_dimension
CCN(C=O)CC1=CC=CC=C1,-0.40710974,-2.0513272,False,48,5,0.8,euclidean,random,StandardScaler_per_sample_dimension
CC1=CC(C(C)(C)C2=CC=CC=C2)=CC=C1,-7.9431157,-11.664127,False,48,5,0.8,euclidean,random,StandardScaler_per_sample_dimension
CC1=CC=CC(C(C)(C)C2=CC=CC=C2)=C1,-7.9132385,-11.536292,False,48,5,0.8,euclidean,random,StandardScaler_per_sample_dimension
CCCCCOC(=O)C(C)C,-3.923294,7.26641,False,48,5,0.8,euclidean,random,StandardScaler_per_sample_dimension
CCC(N)C=O,1.3951479,-4.971307,False,48,5,0.8,euclidean,random,StandardScaler_per_sample_dimension
*C(C(F)(F)F)C(F)(F)F,-0.98836565,15.58849,False,48,5,0.8,euclidean,random,StandardScaler_per_sample_dimension
*C(C)(C(F)(F)F)C(F)(F)F,-1.0335976,15.630348,False,48,5,0.8,euclidean,random,StandardScaler_per_sample_dimension
*C1=CC=C2CN(C3=CC=C(O)C=C3)CC2=C1,-2.6138306,13.19821,False,48,5,0.8,euclidean,random,StandardScaler_per_sample_dimension
*C(CF)(C1=CC=CC=C1)C(F)F,-0.30983967,-11.453565,False,48,5,0.8,euclidean,random,StandardScaler_per_sample_dimension
CCCCCCC(C)CC,0.83992535,11.69722,False,48,5,0.8,euclidean,random,StandardScaler_per_sample_dimension
*C(CF)(CF)C1=CC=CC=C1,-0.29055783,-12.665165,False,48,5,0.8,euclidean,random,StandardScaler_per_sample_dimension
*C(C1=CC=CC=C1)(C(F)F)C(F)F,-0.39478654,-12.611053,False,48,5,0.8,euclidean,random,StandardScaler_per_sample_dimension
*C(CF)(C1=CC=CC=C1)C(F)(F)F,15.207692,13.722207,False,48,5,0.8,euclidean,random,StandardScaler_per_sample_dimension
*C(C1=CC=CC=C1)(C(F)F)C(F)(F)F,15.3497,13.78353,False,48,5,0.8,euclidean,random,StandardScaler_per_sample_dimension
CCCCCCCCNC=O,3.1482553,-1.6331049,True,48,5,0.8,euclidean,random,StandardScaler_per_sample_dimension
CCOC(C)CC,-1.9188347,4.3410826,True,48,5,0.8,euclidean,random,StandardScaler_per_sample_dimension
COPO,18.201624,-2.1513903,True,48,5,0.8,euclidean,random,StandardScaler_per_sample_dimension
CCCCNCCCC,2.1165268,-2.594692,False,48,5,0.8,euclidean,random,StandardScaler_per_sample_dimension
CC(=O)NC1=CC(N)=CC=C1,10.120016,-10.489293,False,48,5,0.8,euclidean,random,StandardScaler_per_sample_dimension
CC(=O)NC1=CC=CC(N)=C1,10.363963,-10.749284,False,48,5,0.8,euclidean,random,StandardScaler_per_sample_dimension
CCNC(=O)C1=CC=CC=C1C,-0.400985,-2.3508189,False,48,5,0.8,euclidean,random,StandardScaler_per_sample_dimension
CCC1=CC=C(N(CC)CC)C=C1,8.48704,8.100836,False,48,5,0.8,euclidean,random,StandardScaler_per_sample_dimension
C1=CC=C(C2=CC3=C(C=C2)CNC3)C=C1,0.34496063,19.826448,False,48,5,0.8,euclidean,random,StandardScaler_per_sample_dimension
C1=CC=C(C2=CC=C3CNCC3=C2)C=C1,0.5002168,20.03569,False,48,5,0.8,euclidean,random,StandardScaler_per_sample_dimension
O=C1NCC2=C1C=C(C1=CC=CC=C1)C=C2,0.32541054,19.939747,False,48,5,0.8,euclidean,random,StandardScaler_per_sample_dimension
O=C1NCC2=C1C=CC(C1=CC=CC=C1)=C2,0.23449463,20.038944,False,48,5,0.8,euclidean,random,StandardScaler_per_sample_dimension
O=C1NCC2=CC(C3=CC=CC=C3)=CC=C12,0.27598545,19.850382,False,48,5,0.8,euclidean,random,StandardScaler_per_sample_dimension
O=C1NCC2=CC=C(C3=CC=CC=C3)C=C12,0.23449183,20.146074,False,48,5,0.8,euclidean,random,StandardScaler_per_sample_dimension
O=C1NC(=O)C2=C1C=CC(C1=CC=CC=C1)=C2,0.29288128,20.14552,False,48,5,0.8,euclidean,random,StandardScaler_per_sample_dimension
O=C1NC(=O)C2=CC(C3=CC=CC=C3)=CC=C12,0.359485,19.870274,False,48,5,0.8,euclidean,random,StandardScaler_per_sample_dimension
CC1=CC(C2=CC=C(C)C(C)=C2)=CC=C1,-0.46039838,17.697603,True,48,5,0.8,euclidean,random,StandardScaler_per_sample_dimension
CN(C)C1=CC=C(CC2=CC=CC=C2)C=C1,7.8598557,8.515215,False,48,5,0.8,euclidean,random,StandardScaler_per_sample_dimension
OC1=CC=C(OCC2=CC=CC=C2)C=C1,1.1202582,11.330576,True,48,5,0.8,euclidean,random,StandardScaler_per_sample_dimension
*C(C1=CC=CC=C1)(C(F)(F)F)C(F)(F)F,-1.2021322,15.90517,False,48,5,0.8,euclidean,random,StandardScaler_per_sample_dimension
CNCCCC=O,9.07779,10.70609,False,48,5,0.8,euclidean,random,StandardScaler_per_sample_dimension
CCOCCCOC,-1.3304349,2.7528932,True,48,5,0.8,euclidean,random,StandardScaler_per_sample_dimension
CCC1=C(C2=CC=CC=C2)C=CC=C1,5.911975,7.6947474,True,48,5,0.8,euclidean,random,StandardScaler_per_sample_dimension
CCC1=CC=CC=C1C1=CC=CC=C1,5.8054647,7.5173326,False,48,5,0.8,euclidean,random,StandardScaler_per_sample_dimension
CC1=CC=C(C2=CC(C=O)=CC=C2)C=C1,2.0193465,-8.175802,True,48,5,0.8,euclidean,random,StandardScaler_per_sample_dimension
CC1=CC=C(C2=CC=CC(C=O)=C2)C=C1,1.8860166,-8.1848755,False,48,5,0.8,euclidean,random,StandardScaler_per_sample_dimension
*C(C)(C)COCCCC,-0.19248989,6.697624,True,48,5,0.8,euclidean,random,StandardScaler_per_sample_dimension
*C(C)(C)C(=O)OCCCC,-0.26556796,6.6033764,False,48,5,0.8,euclidean,random,StandardScaler_per_sample_dimension
CNCC1=CC(C)=C(CNC)C=C1,17.452785,-11.568625,False,48,5,0.8,euclidean,random,StandardScaler_per_sample_dimension
CNCC1=CC=C(CNC)C(C)=C1,17.416649,-11.611076,False,48,5,0.8,euclidean,random,StandardScaler_per_sample_dimension
CNCC1=C(C)C=C(CN)C=C1,17.443674,-11.659815,True,48,5,0.8,euclidean,random,StandardScaler_per_sample_dimension
CNCC1=CC=C(CN)C=C1C,17.428068,-11.572412,False,48,5,0.8,euclidean,random,StandardScaler_per_sample_dimension
*C1=CC=C(C(C)=O)C=C1,3.8833635,10.273323,True,48,5,0.8,euclidean,random,StandardScaler_per_sample_dimension
CCCCC1=CC=C(O)C=C1,-1.129578,10.678564,False,48,5,0.8,euclidean,random,StandardScaler_per_sample_dimension
COC1=CC=C(CC2=CC(C)=CC=C2)C=C1,11.924899,-4.5183744,True,48,5,0.8,euclidean,random,StandardScaler_per_sample_dimension
COC1=CC=C(CC2=CC=CC(C)=C2)C=C1,11.83429,-4.475363,False,48,5,0.8,euclidean,random,StandardScaler_per_sample_dimension
CCCCCCCC(=O)O,5.298375,-0.19226058,True,48,5,0.8,euclidean,random,StandardScaler_per_sample_dimension
CC1=CC=C(C2=CC=CC(CN)=C2)C=C1,1.9569128,-8.220096,False,48,5,0.8,euclidean,random,StandardScaler_per_sample_dimension
CC1=CC=C(C2=CC=CC(C(N)=O)=C2)C=C1,1.7343098,-8.256201,False,48,5,0.8,euclidean,random,StandardScaler_per_sample_dimension
*CC(*)(C)COCCCC,-0.307287,6.7187266,False,48,5,0.8,euclidean,random,StandardScaler_per_sample_dimension
*CC(*)(C)C(=O)OCCCC,-0.290647,6.6476207,False,48,5,0.8,euclidean,random,StandardScaler_per_sample_dimension
CNC(C)C=O,0.79396266,-4.9368553,True,48,5,0.8,euclidean,random,StandardScaler_per_sample_dimension
CN1CC2=CC=C(C3=CC=CC=C3)C=C2C1,-14.617443,4.6137547,True,48,5,0.8,euclidean,random,StandardScaler_per_sample_dimension
CN1CC2=CC(C3=CC=CC=C3)=CC=C2C1=O,-14.68225,4.6634054,False,48,5,0.8,euclidean,random,StandardScaler_per_sample_dimension
CN1CC2=CC=C(C3=CC=CC=C3)C=C2C1=O,-14.58277,4.652354,False,48,5,0.8,euclidean,random,StandardScaler_per_sample_dimension
CCC(CC)CC(C)C,1.5897332,9.827695,True,48,5,0.8,euclidean,random,StandardScaler_per_sample_dimension
CC(C)(F)F,10.374481,12.60474,False,48,5,0.8,euclidean,random,StandardScaler_per_sample_dimension
CCC(C)CC=O,4.66005,2.0311186,True,48,5,0.8,euclidean,random,StandardScaler_per_sample_dimension
C/C=C/CC,-8.986399,1.4984338,False,48,5,0.8,euclidean,random,StandardScaler_per_sample_dimension
C/C=C\CC,-9.0499115,1.5311333,True,48,5,0.8,euclidean,random,StandardScaler_per_sample_dimension
CC=CCC,-9.095515,1.6298548,False,48,5,0.8,euclidean,random,StandardScaler_per_sample_dimension
CCN(C)C1=CC=C(CC2=CC=CC=C2)C=C1,8.400436,8.560084,True,48,5,0.8,euclidean,random,StandardScaler_per_sample_dimension
CCCCCCCOC(=O)CC,6.6792483,1.2393893,True,48,5,0.8,euclidean,random,StandardScaler_per_sample_dimension
O=CNC1=CC(NC=O)=CC=C1,11.633842,-1.7850788,False,48,5,0.8,euclidean,random,StandardScaler_per_sample_dimension
O=CNC1=CC=CC(NC=O)=C1,11.728624,-1.6944982,False,48,5,0.8,euclidean,random,StandardScaler_per_sample_dimension
COCO,-0.99305093,1.1508454,False,48,5,0.8,euclidean,random,StandardScaler_per_sample_dimension
*C(C)C1=CC(C=O)=CC=C1,13.3425,15.181579,False,48,5,0.8,euclidean,random,StandardScaler_per_sample_dimension
*CCCNC,-4.9481425,0.081869274,False,48,5,0.8,euclidean,random,StandardScaler_per_sample_dimension
OCO,-1.121079,1.148231,True,48,5,0.8,euclidean,random,StandardScaler_per_sample_dimension
NC1=CC(O)=CC=C1,-14.976815,3.1964538,False,48,5,0.8,euclidean,random,StandardScaler_per_sample_dimension
NC1=CC=CC(O)=C1,-14.946832,3.2879558,False,48,5,0.8,euclidean,random,StandardScaler_per_sample_dimension
O=C(OC1=CC=C(O)C=C1)C1=CC=CC=C1,0.89579105,11.432925,False,48,5,0.8,euclidean,random,StandardScaler_per_sample_dimension
CCOCC1=CC=C(C)C=C1,1.1034417,1.6673086,True,48,5,0.8,euclidean,random,StandardScaler_per_sample_dimension
COPOC,-3.6704047,12.680324,True,48,5,0.8,euclidean,random,StandardScaler_per_sample_dimension
CC1=C(C=O)C=C(CNC2=CC=CC=C2)C=C1,-1.6447413,-16.99965,True,48,5,0.8,euclidean,random,StandardScaler_per_sample_dimension
CC1=C(C=O)C=CC(CNC2=CC=CC=C2)=C1,-1.6777827,-17.006454,False,48,5,0.8,euclidean,random,StandardScaler_per_sample_dimension
CC1=CC(CNC2=CC=CC=C2)=CC=C1C=O,-1.6545217,-17.00634,False,48,5,0.8,euclidean,random,StandardScaler_per_sample_dimension
CC1=CC=C(CNC2=CC=CC=C2)C=C1C=O,-1.5859691,-16.930866,False,48,5,0.8,euclidean,random,StandardScaler_per_sample_dimension
CN1CC2=CC=C(CN)C=C2C1,5.289694,23.262394,False,48,5,0.8,euclidean,random,StandardScaler_per_sample_dimension
CN1CC2=CC(CN)=CC=C2C1=O,5.311913,23.116138,False,48,5,0.8,euclidean,random,StandardScaler_per_sample_dimension
CN1CC2=CC=C(C(N)=O)C=C2C1,5.0352993,23.157995,False,48,5,0.8,euclidean,random,StandardScaler_per_sample_dimension
CN1CC2=CC=C(CN)C=C2C1=O,5.147789,22.925941,False,48,5,0.8,euclidean,random,StandardScaler_per_sample_dimension
CN1C(=O)C2=CC=C(CN)C=C2C1=O,5.090623,22.984247,False,48,5,0.8,euclidean,random,StandardScaler_per_sample_dimension
CN1CC2=CC(C(N)=O)=CC=C2C1=O,5.167831,23.223959,False,48,5,0.8,euclidean,random,StandardScaler_per_sample_dimension
CN1CC2=CC=C(C(N)=O)C=C2C1=O,5.120505,23.062214,False,48,5,0.8,euclidean,random,StandardScaler_per_sample_dimension
CN1C(=O)C2=CC=C(C(N)=O)C=C2C1=O,5.114958,23.061024,False,48,5,0.8,euclidean,random,StandardScaler_per_sample_dimension
CCC(C)CCC(C)C,2.2354002,10.480444,True,48,5,0.8,euclidean,random,StandardScaler_per_sample_dimension
CCC(C)CNC,4.24875,0.777661,False,48,5,0.8,euclidean,random,StandardScaler_per_sample_dimension
CCCCCCCC1=CC=CC=C1,0.07298224,8.912439,False,48,5,0.8,euclidean,random,StandardScaler_per_sample_dimension
CCC(=O)NC=O,8.551094,10.887914,False,48,5,0.8,euclidean,random,StandardScaler_per_sample_dimension
CCCCCNCC1=CC=CC=C1,0.21420217,-3.4827054,True,48,5,0.8,euclidean,random,StandardScaler_per_sample_dimension
CCNCC1=CC=CC=C1C=O,-0.46942902,-2.1852355,True,48,5,0.8,euclidean,random,StandardScaler_per_sample_dimension
CC(C)CNC=O,3.8191383,5.688885,True,48,5,0.8,euclidean,random,StandardScaler_per_sample_dimension
CCOCCOC=O,11.43044,9.233665,True,48,5,0.8,euclidean,random,StandardScaler_per_sample_dimension
C1CCCC1,6.2593946,9.956058,False,48,5,0.8,euclidean,random,StandardScaler_per_sample_dimension
CC(=O)C1=CC=C(C)C=C1,5.9376836,11.357589,True,48,5,0.8,euclidean,random,StandardScaler_per_sample_dimension
CCNC(=O)C1=CC=CC=C1C=O,-0.5560206,-1.1781318,False,48,5,0.8,euclidean,random,StandardScaler_per_sample_dimension
O=CCCCCC=O,11.0057,0.0064140977,True,48,5,0.8,euclidean,random,StandardScaler_per_sample_dimension
CC(C)C1=CC=C(CNC2=CC=CC=C2)C=C1,-1.2314302,15.998795,True,48,5,0.8,euclidean,random,StandardScaler_per_sample_dimension
CCOC1=CC=C(C(=O)O)C=C1,16.814081,13.022903,False,48,5,0.8,euclidean,random,StandardScaler_per_sample_dimension
CC1=C(CN)C=C(CNC2=CC=CC=C2)C=C1,-1.5848411,-16.994013,False,48,5,0.8,euclidean,random,StandardScaler_per_sample_dimension
CC1=CC=C(CNC2=CC=CC=C2)C=C1CN,-1.6424457,-16.995386,False,48,5,0.8,euclidean,random,StandardScaler_per_sample_dimension
CC1=C(CNC2=CC=CC=C2)C=C(CN)C=C1,4.8948135,22.996243,False,48,5,0.8,euclidean,random,StandardScaler_per_sample_dimension
CC1=CC=C(CN)C=C1CNC1=CC=CC=C1,4.8969617,23.007097,False,48,5,0.8,euclidean,random,StandardScaler_per_sample_dimension
*C1=CC=C(C(C)(C)C)C=C1,3.5595098,11.980851,False,48,5,0.8,euclidean,random,StandardScaler_per_sample_dimension
O=CC1=CC=C(C2=CC=C(C=O)C=C2)C=C1,19.185787,4.8927546,True,48,5,0.8,euclidean,random,StandardScaler_per_sample_dimension
CCCCC(C)C(C)C,2.0454466,10.403728,False,48,5,0.8,euclidean,random,StandardScaler_per_sample_dimension
CCCCCCN(C)C=O,0.7128218,-1.4509773,True,48,5,0.8,euclidean,random,StandardScaler_per_sample_dimension
CCN1CC2=C(C=CC=C2)C1=O,-0.3647059,-2.0859544,False,48,5,0.8,euclidean,random,StandardScaler_per_sample_dimension
CCN1CC2=CC=CC=C2C1=O,-0.31728938,-2.2400563,False,48,5,0.8,euclidean,random,StandardScaler_per_sample_dimension
CCCCNC(=O)C1=CC=CC=C1,0.36093593,-3.537488,True,48,5,0.8,euclidean,random,StandardScaler_per_sample_dimension
O=COCCCO,-0.92833805,2.8563442,True,48,5,0.8,euclidean,random,StandardScaler_per_sample_dimension
CC(=O)NCC=O,0.6143888,-4.9400463,True,48,5,0.8,euclidean,random,StandardScaler_per_sample_dimension
CCN1CC2=C(C=CC=C2)C1,-0.5496953,-1.1045467,False,48,5,0.8,euclidean,random,StandardScaler_per_sample_dimension
CCN1CC2=CC=CC=C2C1,-0.5192927,-1.0041239,False,48,5,0.8,euclidean,random,StandardScaler_per_sample_dimension
CCN1C(=O)C2=C(C=CC=C2)C1=O,-0.6195831,-1.0360749,False,48,5,0.8,euclidean,random,StandardScaler_per_sample_dimension
CCN1C(=O)C2=CC=CC=C2C1=O,-0.48242044,-0.96220124,False,48,5,0.8,euclidean,random,StandardScaler_per_sample_dimension
CC1=CC=C(CNC2=CC(C)=CC=C2)C=C1,25.47367,-1.5338742,True,48,5,0.8,euclidean,random,StandardScaler_per_sample_dimension
CC1=CC=C(CNC2=CC=CC(C)=C2)C=C1,25.406559,-1.4403182,False,48,5,0.8,euclidean,random,StandardScaler_per_sample_dimension
CC1=CC=C(C(=O)NC2=CC(C)=CC=C2)C=C1,25.446363,-1.4316993,False,48,5,0.8,euclidean,random,StandardScaler_per_sample_dimension
CC1=CC=C(C(=O)NC2=CC=CC(C)=C2)C=C1,25.260996,-1.3361995,False,48,5,0.8,euclidean,random,StandardScaler_per_sample_dimension
CC1=CC(CNC2=CC(C)=CC=C2)=CC=C1,23.302477,-0.9583664,True,48,5,0.8,euclidean,random,StandardScaler_per_sample_dimension
CC1=CC=CC(CNC2=CC=CC(C)=C2)=C1,23.237589,-0.7449011,False,48,5,0.8,euclidean,random,StandardScaler_per_sample_dimension
CC1=CC(NC(=O)C2=CC(C)=CC=C2)=CC=C1,23.019373,-0.75855213,False,48,5,0.8,euclidean,random,StandardScaler_per_sample_dimension
CC1=CC=CC(NC(=O)C2=CC=CC(C)=C2)=C1,23.106277,-0.8967041,False,48,5,0.8,euclidean,random,StandardScaler_per_sample_dimension
CN(CC1=CC(CN)=CC=C1)C1=CC=CC=C1,5.048635,23.116058,True,48,5,0.8,euclidean,random,StandardScaler_per_sample_dimension
CN(CC1=CC=CC(CN)=C1)C1=CC=CC=C1,4.898982,23.049402,False,48,5,0.8,euclidean,random,StandardScaler_per_sample_dimension
CC(F)(F)CF,9.464961,13.206031,False,48,5,0.8,euclidean,random,StandardScaler_per_sample_dimension
CCC(C)C1=CC=C(OC)C=C1,-1.1295695,10.880887,False,48,5,0.8,euclidean,random,StandardScaler_per_sample_dimension
FC(F)C(F)F,10.305413,11.769295,False,48,5,0.8,euclidean,random,StandardScaler_per_sample_dimension
CCCCNC(=O)CCC,2.235201,-2.5799036,False,48,5,0.8,euclidean,random,StandardScaler_per_sample_dimension
CCC1=CC=C(OC2=CC=C(N)C=C2)C=C1,-2.9825366,13.165904,True,48,5,0.8,euclidean,random,StandardScaler_per_sample_dimension
CCCCOC(=O)CCC,3.4450035,5.1664495,False,48,5,0.8,euclidean,random,StandardScaler_per_sample_dimension
*NCCCCC,-1.4917754,7.4100637,False,48,5,0.8,euclidean,random,StandardScaler_per_sample_dimension
CNC1=CC=C(C=O)C=C1,7.291368,11.028935,False,48,5,0.8,euclidean,random,StandardScaler_per_sample_dimension
*C(C)C1=CC=C(CN)C=C1,13.05684,4.186135,False,48,5,0.8,euclidean,random,StandardScaler_per_sample_dimension
CCCCCCCC(=O)OC,5.124149,-0.090533316,False,48,5,0.8,euclidean,random,StandardScaler_per_sample_dimension
CCCCCCCCCCOC=O,2.8149157,-0.33027574,True,48,5,0.8,euclidean,random,StandardScaler_per_sample_dimension
*CC(C)COCCCCC,-3.8580465,7.404831,True,48,5,0.8,euclidean,random,StandardScaler_per_sample_dimension
COCCN(C)C,6.1357555,15.3351555,False,48,5,0.8,euclidean,random,StandardScaler_per_sample_dimension
CCOC1=CC=C(C(=O)OC)C=C1,17.14832,13.22628,True,48,5,0.8,euclidean,random,StandardScaler_per_sample_dimension
CCCNCCOC,8.639017,16.136122,True,48,5,0.8,euclidean,random,StandardScaler_per_sample_dimension
OC1=CC=C(CNC2=CC=C(O)C=C2)C=C1,4.3976836,13.2552805,False,48,5,0.8,euclidean,random,StandardScaler_per_sample_dimension
C1=CC=C(NCC2=CC=C3CNCC3=C2)C=C1,-15.3278475,1.57788,False,48,5,0.8,euclidean,random,StandardScaler_per_sample_dimension
COC1=CC=C(CNC2=CC=C(O)C=C2)C=C1,4.439791,13.0789795,True,48,5,0.8,euclidean,random,StandardScaler_per_sample_dimension
NCC1=CC=C2CN(C3=CC=CC=C3)CC2=C1,4.768111,22.848602,False,48,5,0.8,euclidean,random,StandardScaler_per_sample_dimension
*C(C)(C)C1=CC=C(C)C=C1,-1.4345874,16.077562,True,48,5,0.8,euclidean,random,StandardScaler_per_sample_dimension
CCCCC(CC)CC,2.0980215,10.923058,True,48,5,0.8,euclidean,random,StandardScaler_per_sample_dimension
CCC(CC)C(C)C,2.580142,10.7476225,True,48,5,0.8,euclidean,random,StandardScaler_per_sample_dimension
CCCCC(C)(C)CC,0.6334692,9.476,False,48,5,0.8,euclidean,random,StandardScaler_per_sample_dimension
CCCCCCN(C)C(C)=O,0.7734472,-1.4927315,False,48,5,0.8,euclidean,random,StandardScaler_per_sample_dimension
COCCC(C)C,6.527334,3.521514,False,48,5,0.8,euclidean,random,StandardScaler_per_sample_dimension
*CCCC(C)C,7.485745,8.904337,True,48,5,0.8,euclidean,random,StandardScaler_per_sample_dimension
*C(C)C1=CC=C(C(N)=O)C=C1,13.1017275,3.9869208,False,48,5,0.8,euclidean,random,StandardScaler_per_sample_dimension
*C(C)C(C)C,8.567569,5.66404,False,48,5,0.8,euclidean,random,StandardScaler_per_sample_dimension
CCCNC(C)C,15.9117985,17.72742,False,48,5,0.8,euclidean,random,StandardScaler_per_sample_dimension
C1CCNC1,9.021617,10.666773,False,48,5,0.8,euclidean,random,StandardScaler_per_sample_dimension
O=C(NC1=CC=C(O)C=C1)C1=CC=C(O)C=C1,4.508877,13.106863,False,48,5,0.8,euclidean,random,StandardScaler_per_sample_dimension
*C1=CC=C(CC2=CC=C(OC)C=C2)C=C1,3.704083,11.183551,True,48,5,0.8,euclidean,random,StandardScaler_per_sample_dimension
*C(C)C1=CC=C(CNC)C=C1,13.282673,4.102927,False,48,5,0.8,euclidean,random,StandardScaler_per_sample_dimension
*C(C)C1=CC=C(C(=O)NC)C=C1,13.222782,4.0972943,False,48,5,0.8,euclidean,random,StandardScaler_per_sample_dimension
CCCCN(C=O)CC,0.68478054,-1.1978809,False,48,5,0.8,euclidean,random,StandardScaler_per_sample_dimension
CCCCCCCCCCCN,3.3488166,-2.6677911,True,48,5,0.8,euclidean,random,StandardScaler_per_sample_dimension
*C(C)C1=CC=C(CN(C)C)C=C1,13.088878,4.009757,False,48,5,0.8,euclidean,random,StandardScaler_per_sample_dimension
*C(C)C1=CC=C(C(=O)N(C)C)C=C1,13.077346,4.0651636,False,48,5,0.8,euclidean,random,StandardScaler_per_sample_dimension
O=CC1=CC(CC2=CC=CC=C2)=CC=C1,14.511053,-9.69109,True,48,5,0.8,euclidean,random,StandardScaler_per_sample_dimension
O=CC1=CC=CC(CC2=CC=CC=C2)=C1,14.36426,-9.891698,False,48,5,0.8,euclidean,random,StandardScaler_per_sample_dimension
NC(=O)CCC=O,9.318472,10.570084,False,48,5,0.8,euclidean,random,StandardScaler_per_sample_dimension
CCC(CC)(C1=CC=CC=C1)C1=CC=CC=C1,0.36523938,9.7599945,False,48,5,0.8,euclidean,random,StandardScaler_per_sample_dimension
*CCCC=O,8.792641,3.3692627,False,48,5,0.8,euclidean,random,StandardScaler_per_sample_dimension
*C1=CC=C(C(=O)C2=CC=CC=C2)C=C1,4.1495533,10.349283,False,48,5,0.8,euclidean,random,StandardScaler_per_sample_dimension
CCCC(C)C1=CC=C(O)C=C1,-1.3902196,10.648138,False,48,5,0.8,euclidean,random,StandardScaler_per_sample_dimension
CCCCC(C)(C)C1=CC=CC=C1,-0.17688167,9.56657,False,48,5,0.8,euclidean,random,StandardScaler_per_sample_dimension
CCNC1=CC=CC=C1C,23.215117,-2.6246986,True,48,5,0.8,euclidean,random,StandardScaler_per_sample_dimension
CCCCC(C)O,-1.8940849,4.8706837,True,48,5,0.8,euclidean,random,StandardScaler_per_sample_dimension
CCN(C)C1=CC=C(N)C=C1,-3.633855,10.034167,True,48,5,0.8,euclidean,random,StandardScaler_per_sample_dimension
CCCCCCCCCOC(C)=O,2.9098635,-0.44008505,False,48,5,0.8,euclidean,random,StandardScaler_per_sample_dimension
CCOC1=C(C)C=CC=C1,-10.55583,-2.517445,False,48,5,0.8,euclidean,random,StandardScaler_per_sample_dimension
CCOC1=CC=CC=C1C,-10.40767,-2.6576931,False,48,5,0.8,euclidean,random,StandardScaler_per_sample_dimension
OCCNC1=CC=CC=C1,3.9717703,15.3110485,False,48,5,0.8,euclidean,random,StandardScaler_per_sample_dimension
*N1C=CC=C1,15.570401,-6.349148,False,48,5,0.8,euclidean,random,StandardScaler_per_sample_dimension
CCCCCCCCCNCC,2.2741356,-1.516745,False,48,5,0.8,euclidean,random,StandardScaler_per_sample_dimension
CCC(O)CC,-1.5980732,4.34369,False,48,5,0.8,euclidean,random,StandardScaler_per_sample_dimension
CCCOC(C)C,-3.8352473,3.6049373,True,48,5,0.8,euclidean,random,StandardScaler_per_sample_dimension
*C(C)C1=CC(C)=C(C)C=C1,13.061309,15.582211,False,48,5,0.8,euclidean,random,StandardScaler_per_sample_dimension
*C(C)C1=CC=C(C)C(C)=C1,13.216716,15.534097,False,48,5,0.8,euclidean,random,StandardScaler_per_sample_dimension
*OC1=C(C)C=CC=C1,5.7152405,9.282438,False,48,5,0.8,euclidean,random,StandardScaler_per_sample_dimension
*OC1=CC=CC=C1C,5.897035,9.421876,False,48,5,0.8,euclidean,random,StandardScaler_per_sample_dimension
CCNCC1=CC(C)=CC=C1,-17.428623,6.848853,False,48,5,0.8,euclidean,random,StandardScaler_per_sample_dimension
CCNCC1=CC=CC(C)=C1,-17.412556,6.853084,False,48,5,0.8,euclidean,random,StandardScaler_per_sample_dimension
CN1CCCC1,9.134521,10.673989,True,48,5,0.8,euclidean,random,StandardScaler_per_sample_dimension
*C(=O)C1=CC=C(C)C(C)=C1,-6.679433,9.923732,False,48,5,0.8,euclidean,random,StandardScaler_per_sample_dimension
CC1=CC(C2=CC=C(C=O)C(C)=C2)=CC=C1,-0.74896276,17.504995,True,48,5,0.8,euclidean,random,StandardScaler_per_sample_dimension
CCCCCOC(=O)C1=CC=CC=C1,1.5893204,0.34531432,True,48,5,0.8,euclidean,random,StandardScaler_per_sample_dimension
CCC(=O)NC(C)C,15.73234,17.84608,True,48,5,0.8,euclidean,random,StandardScaler_per_sample_dimension
NCC1=CC(CNC2=CC=C(O)C=C2)=CC=C1,18.352022,12.928485,True,48,5,0.8,euclidean,random,StandardScaler_per_sample_dimension
NCC1=CC=CC(CNC2=CC=C(O)C=C2)=C1,18.264994,12.895418,False,48,5,0.8,euclidean,random,StandardScaler_per_sample_dimension
*C1=CC=C(C(C)(C)C2=CC=CC=C2)C=C1,3.7775126,12.118832,False,48,5,0.8,euclidean,random,StandardScaler_per_sample_dimension
CNC(=O)CCC=O,9.42169,10.708159,True,48,5,0.8,euclidean,random,StandardScaler_per_sample_dimension
*OCCCC,2.0539062,3.8077564,True,48,5,0.8,euclidean,random,StandardScaler_per_sample_dimension
*CCOC=O,-5.532105,11.737951,True,48,5,0.8,euclidean,random,StandardScaler_per_sample_dimension
*C(=O)C1=CC=C(C=O)C(C)=C1,-6.517581,10.028545,True,48,5,0.8,euclidean,random,StandardScaler_per_sample_dimension
*C(CF)C1=CC=C2CNCC2=C1,16.468113,-12.610999,False,48,5,0.8,euclidean,random,StandardScaler_per_sample_dimension
*C(C)(CF)C1=CC=C2CNCC2=C1,16.232212,-12.892302,False,48,5,0.8,euclidean,random,StandardScaler_per_sample_dimension
*C(C1=CC=C2CNCC2=C1)C(F)F,16.328535,-12.78662,False,48,5,0.8,euclidean,random,StandardScaler_per_sample_dimension
*C(CF)C1=CC=C2C(=O)NCC2=C1,16.426876,-12.806703,False,48,5,0.8,euclidean,random,StandardScaler_per_sample_dimension
*C(CF)C1=CC=C2CN(C)CC2=C1,16.53307,-12.854877,False,48,5,0.8,euclidean,random,StandardScaler_per_sample_dimension
*C(CF)C1=CC=C2CNC(=O)C2=C1,16.495668,-12.773606,False,48,5,0.8,euclidean,random,StandardScaler_per_sample_dimension
*C(C)(C1=CC=C2CNCC2=C1)C(F)F,16.27358,-12.74394,False,48,5,0.8,euclidean,random,StandardScaler_per_sample_dimension
*C(C)(CF)C1=CC=C2CNC(=O)C2=C1,16.396706,-12.749209,False,48,5,0.8,euclidean,random,StandardScaler_per_sample_dimension
*C(C1=CC=C2CNC(=O)C2=C1)C(F)F,16.387344,-12.776472,False,48,5,0.8,euclidean,random,StandardScaler_per_sample_dimension
CCCC(C)C=O,5.214279,3.8298278,True,48,5,0.8,euclidean,random,StandardScaler_per_sample_dimension
CCCCCOCCCC,3.154413,5.4970536,False,48,5,0.8,euclidean,random,StandardScaler_per_sample_dimension
C=CCCCC,-8.264513,2.250177,True,48,5,0.8,euclidean,random,StandardScaler_per_sample_dimension
*C(C)C1=CC=C2CNCC2=C1,13.232688,15.241313,False,48,5,0.8,euclidean,random,StandardScaler_per_sample_dimension
*C(C)C1=CC=C2C(=O)NCC2=C1,13.107289,15.327766,False,48,5,0.8,euclidean,random,StandardScaler_per_sample_dimension
*C(C)C1=CC=C2CN(C)CC2=C1,13.323481,15.266921,False,48,5,0.8,euclidean,random,StandardScaler_per_sample_dimension
*C(C)C1=CC=C2CNC(=O)C2=C1,13.117356,15.3698635,False,48,5,0.8,euclidean,random,StandardScaler_per_sample_dimension
*C(C)C1=CC=C2CN(C)C(=O)C2=C1,13.26416,15.213383,False,48,5,0.8,euclidean,random,StandardScaler_per_sample_dimension
*C(C1=CC=C2CNCC2=C1)C(F)(F)F,13.265019,15.153632,False,48,5,0.8,euclidean,random,StandardScaler_per_sample_dimension
*C(C)(C1=CC=C2CNCC2=C1)C(F)(F)F,13.236004,15.378502,False,48,5,0.8,euclidean,random,StandardScaler_per_sample_dimension
CC1CCC(C)CC1,2.3269289,9.2836,True,48,5,0.8,euclidean,random,StandardScaler_per_sample_dimension
CC1=CC(OC2=CC=C(C=O)C=C2)=CC=C1,-7.724853,4.9608526,True,48,5,0.8,euclidean,random,StandardScaler_per_sample_dimension
*C(C)CC=O,10.865761,3.9480374,True,48,5,0.8,euclidean,random,StandardScaler_per_sample_dimension
OCCCCO,10.370633,1.8592663,False,48,5,0.8,euclidean,random,StandardScaler_per_sample_dimension
CCOC1=CC=C(N)C=C1,4.995289,11.669158,True,48,5,0.8,euclidean,random,StandardScaler_per_sample_dimension
*C(C)(C)C1=CC=C2CNCC2=C1,-1.3473592,16.065796,False,48,5,0.8,euclidean,random,StandardScaler_per_sample_dimension
*C(C)(C)C1=CC=C2C(=O)NCC2=C1,-1.1631407,16.098532,False,48,5,0.8,euclidean,random,StandardScaler_per_sample_dimension
*C(C)(C)C1=CC=C2CN(C)CC2=C1,-1.3056458,16.004547,False,48,5,0.8,euclidean,random,StandardScaler_per_sample_dimension
*C(C)(C)C1=CC=C2CNC(=O)C2=C1,-1.4139752,16.04071,False,48,5,0.8,euclidean,random,StandardScaler_per_sample_dimension
*C(CF)(C1=CC=C2CNCC2=C1)C(F)F,-0.17935576,-11.661928,False,48,5,0.8,euclidean,random,StandardScaler_per_sample_dimension
*C(CF)(CF)C1=CC=C2CNCC2=C1,16.3843,-12.742608,False,48,5,0.8,euclidean,random,StandardScaler_per_sample_dimension
CCCCCNCCCC,2.1713629,-3.3847213,False,48,5,0.8,euclidean,random,StandardScaler_per_sample_dimension
CCC(C)OC=O,-1.7924724,4.5665298,True,48,5,0.8,euclidean,random,StandardScaler_per_sample_dimension
CC(C)CCCN,9.4176445,3.7004428,False,48,5,0.8,euclidean,random,StandardScaler_per_sample_dimension
CCCCC(=O)NC1=CC=CC=C1,-6.6110435,15.21314,True,48,5,0.8,euclidean,random,StandardScaler_per_sample_dimension
CCCCCC(=O)OCC,5.35853,-0.67444336,True,48,5,0.8,euclidean,random,StandardScaler_per_sample_dimension
CCCCCCNC(=O)CC,2.3800886,-3.857442,False,48,5,0.8,euclidean,random,StandardScaler_per_sample_dimension
CCCN(C)C1=CC=CC=C1,9.222349,11.24252,True,48,5,0.8,euclidean,random,StandardScaler_per_sample_dimension
*C1=C(C)C=CC=C1,6.743051,10.26148,True,48,5,0.8,euclidean,random,StandardScaler_per_sample_dimension
*C1=CC=CC=C1C,6.881289,10.321974,False,48,5,0.8,euclidean,random,StandardScaler_per_sample_dimension
CC(F)(F)C(F)F,9.997349,12.613913,False,48,5,0.8,euclidean,random,StandardScaler_per_sample_dimension
CCCCN(CC)C(C)=O,0.7133859,-1.2283002,True,48,5,0.8,euclidean,random,StandardScaler_per_sample_dimension
CNC1=CC=C(C2=CC=CC=C2)C=C1,4.245335,6.989189,True,48,5,0.8,euclidean,random,StandardScaler_per_sample_dimension
COCCCCO,10.414302,1.6871028,False,48,5,0.8,euclidean,random,StandardScaler_per_sample_dimension
CC1=CC(C2=CC(C=O)=CC=C2)=CC=C1,23.077333,20.028633,False,48,5,0.8,euclidean,random,StandardScaler_per_sample_dimension
CC1=CC(C2=CC=CC(C=O)=C2)=CC=C1,23.197626,19.91589,False,48,5,0.8,euclidean,random,StandardScaler_per_sample_dimension
CC1=CC=CC(C2=CC=CC(C=O)=C2)=C1,23.204393,19.913713,False,48,5,0.8,euclidean,random,StandardScaler_per_sample_dimension
FC(F)(F)C1=CC=CC=C1,4.9665227,5.958776,False,48,5,0.8,euclidean,random,StandardScaler_per_sample_dimension
O=CC1=CC=C(COC2=CC=CC=C2)C=C1,1.0453455,9.9336605,False,48,5,0.8,euclidean,random,StandardScaler_per_sample_dimension
O=CC1=CC=C(C(=O)OC2=CC=CC=C2)C=C1,0.8988604,10.216518,True,48,5,0.8,euclidean,random,StandardScaler_per_sample_dimension
CC(=O)C1=CC=C(OC2=CC=C(C)C=C2)C=C1,4.671398,9.118069,True,48,5,0.8,euclidean,random,StandardScaler_per_sample_dimension
*CC(O)CO,0.2022909,5.866141,False,48,5,0.8,euclidean,random,StandardScaler_per_sample_dimension
CCC(C)F,9.619919,13.559208,False,48,5,0.8,euclidean,random,StandardScaler_per_sample_dimension
CCC(C)C(=O)O,6.844118,3.9153354,False,48,5,0.8,euclidean,random,StandardScaler_per_sample_dimension
CCCCCCCCC(N)=O,4.0363965,-1.5442771,False,48,5,0.8,euclidean,random,StandardScaler_per_sample_dimension
COCC(O)CO,-2.5105124,2.765254,True,48,5,0.8,euclidean,random,StandardScaler_per_sample_dimension
CCOCC(C)O,-2.5737894,2.3193862,False,48,5,0.8,euclidean,random,StandardScaler_per_sample_dimension
OCC(O)CO,-2.5290847,2.5938368,False,48,5,0.8,euclidean,random,StandardScaler_per_sample_dimension
O=CCCC1=CC=CC=C1,-1.164029,20.997139,True,48,5,0.8,euclidean,random,StandardScaler_per_sample_dimension
CCC(C=O)NC,1.193721,-5.084888,True,48,5,0.8,euclidean,random,StandardScaler_per_sample_dimension
*C(CC)CO,10.106938,4.084495,False,48,5,0.8,euclidean,random,StandardScaler_per_sample_dimension
O=CNCCO,8.08033,15.383761,True,48,5,0.8,euclidean,random,StandardScaler_per_sample_dimension
CCCCF,10.403513,13.0324,False,48,5,0.8,euclidean,random,StandardScaler_per_sample_dimension
CCCCC(C)CCCC,1.4765538,11.226648,True,48,5,0.8,euclidean,random,StandardScaler_per_sample_dimension
CCCCCCNC1=CC=CC=C1,-6.41093,15.028398,False,48,5,0.8,euclidean,random,StandardScaler_per_sample_dimension
CCC1=CC=C(NCC2=CC(C)=CC=C2)C=C1,6.1959534,7.430988,True,48,5,0.8,euclidean,random,StandardScaler_per_sample_dimension
CCC1=CC=C(NCC2=CC=CC(C)=C2)C=C1,6.1071053,7.2990346,False,48,5,0.8,euclidean,random,StandardScaler_per_sample_dimension
CC1=CC(C2=CC=C(CN)C=C2)=CC=C1,7.075487,21.122662,False,48,5,0.8,euclidean,random,StandardScaler_per_sample_dimension
CC1=CC(C2=CC=C(C(N)=O)C=C2)=CC=C1,6.9977503,21.241064,False,48,5,0.8,euclidean,random,StandardScaler_per_sample_dimension
CC1=CC(C2=CC=C(CN)C(C)=C2)=CC=C1,7.1339526,21.076328,False,48,5,0.8,euclidean,random,StandardScaler_per_sample_dimension
CC1=CC(C2=CC=C(C(N)=O)C(C)=C2)=CC=C1,7.080091,21.22112,False,48,5,0.8,euclidean,random,StandardScaler_per_sample_dimension
CCCC(F)F,10.857215,12.674014,False,48,5,0.8,euclidean,random,StandardScaler_per_sample_dimension
CCC(C)(C)C1=CC=C(O)C=C1,-0.8060947,10.674109,False,48,5,0.8,euclidean,random,StandardScaler_per_sample_dimension
CCCCCCCCOC(=O)CC,6.541109,1.0993207,False,48,5,0.8,euclidean,random,StandardScaler_per_sample_dimension
CCCC(C)OC,-2.0276966,4.7333074,False,48,5,0.8,euclidean,random,StandardScaler_per_sample_dimension
CC1(C)CCCCC1,1.500089,9.339816,False,48,5,0.8,euclidean,random,StandardScaler_per_sample_dimension
COCCCOC=O,-1.0034447,2.5810401,False,48,5,0.8,euclidean,random,StandardScaler_per_sample_dimension
COCCCCCCOC,4.0291986,19.612825,False,48,5,0.8,euclidean,random,StandardScaler_per_sample_dimension
*OCC1=CC=CC=C1,1.3201311,2.267671,False,48,5,0.8,euclidean,random,StandardScaler_per_sample_dimension
*C(=O)C1=CC=C(C)C(C=O)=C1,-6.4619207,10.072641,False,48,5,0.8,euclidean,random,StandardScaler_per_sample_dimension
*C(=O)C1=CC=C(C)C(CN)=C1,-6.666729,10.020108,False,48,5,0.8,euclidean,random,StandardScaler_per_sample_dimension
*C(=O)C1=CC=C(C)C(C(N)=O)=C1,-6.5535245,10.09634,False,48,5,0.8,euclidean,random,StandardScaler_per_sample_dimension
*C(=O)C1=CC=C(C=O)C(C=O)=C1,-6.3992767,9.943852,False,48,5,0.8,euclidean,random,StandardScaler_per_sample_dimension
*C(=O)C1=CC=C(C=O)C(CN)=C1,-6.5594363,10.097495,False,48,5,0.8,euclidean,random,StandardScaler_per_sample_dimension
*C(=O)C1=CC=C(C=O)C(C(N)=O)=C1,-6.599916,10.207158,False,48,5,0.8,euclidean,random,StandardScaler_per_sample_dimension
O=C1NC(=O)C2=C1C=C1C(=O)NC(=O)C1=C2,15.712469,-6.2436576,True,48,5,0.8,euclidean,random,StandardScaler_per_sample_dimension
FCC(F)C(F)F,9.138527,13.48425,False,48,5,0.8,euclidean,random,StandardScaler_per_sample_dimension
FCC(F)CF,9.207568,13.50853,False,48,5,0.8,euclidean,random,StandardScaler_per_sample_dimension
CCC(C)(F)F,10.280928,13.18533,False,48,5,0.8,euclidean,random,StandardScaler_per_sample_dimension
CNCCCC(C)C,9.102947,3.6731052,False,48,5,0.8,euclidean,random,StandardScaler_per_sample_dimension
CC(C)CCN,3.2309966,1.1796337,True,48,5,0.8,euclidean,random,StandardScaler_per_sample_dimension
CCOCO,-1.2786252,1.0549383,True,48,5,0.8,euclidean,random,StandardScaler_per_sample_dimension
*NCCCCCC,-1.4293759,7.375074,True,48,5,0.8,euclidean,random,StandardScaler_per_sample_dimension
CCS,4.746193,10.290537,True,48,5,0.8,euclidean,random,StandardScaler_per_sample_dimension
CCCCCCOC(=O)C(C)C,-4.195718,7.261205,False,48,5,0.8,euclidean,random,StandardScaler_per_sample_dimension
CC1=CC=C(C2=CC=C(C=O)C(C)=C2)C=C1,-0.05892729,17.78196,False,48,5,0.8,euclidean,random,StandardScaler_per_sample_dimension
*C(C=O)CC,10.924081,4.2787547,True,48,5,0.8,euclidean,random,StandardScaler_per_sample_dimension
CCN(C)CCO,6.331828,15.458829,True,48,5,0.8,euclidean,random,StandardScaler_per_sample_dimension
CCNCCC1=CC=CC=C1,-11.008407,5.2834578,True,48,5,0.8,euclidean,random,StandardScaler_per_sample_dimension
OC1=CC=C(COC2=CC=CC=C2)C=C1,-5.788112,23.97651,True,48,5,0.8,euclidean,random,StandardScaler_per_sample_dimension
COC1=CC=C(COC2=CC=CC=C2)C=C1,-5.630393,24.11876,False,48,5,0.8,euclidean,random,StandardScaler_per_sample_dimension
*C(=O)C1=CC2=C(C=C1)CNC2,28.43639,6.6431623,False,48,5,0.8,euclidean,random,StandardScaler_per_sample_dimension
*C(=O)C1=CC=C2CNCC2=C1,28.549856,6.780036,False,48,5,0.8,euclidean,random,StandardScaler_per_sample_dimension
*C(=O)C1=CC2=C(C=C1)C(=O)NC2,28.665228,6.552045,False,48,5,0.8,euclidean,random,StandardScaler_per_sample_dimension
*C(=O)C1=CC2=C(C=C1)CNC2=O,28.73531,6.706808,False,48,5,0.8,euclidean,random,StandardScaler_per_sample_dimension
*C(=O)C1=CC=C2C(=O)NCC2=C1,28.445576,6.650453,False,48,5,0.8,euclidean,random,StandardScaler_per_sample_dimension
*C(=O)C1=CC=C2CN(C)CC2=C1,28.659391,6.8988814,False,48,5,0.8,euclidean,random,StandardScaler_per_sample_dimension
*C(=O)C1=CC=C2CNC(=O)C2=C1,28.515057,6.733094,False,48,5,0.8,euclidean,random,StandardScaler_per_sample_dimension
*C(=O)C1=CC2=C(C=C1)C(=O)NC2=O,28.501421,6.7734785,False,48,5,0.8,euclidean,random,StandardScaler_per_sample_dimension
*C(=O)C1=CC=C2C(=O)N(C)CC2=C1,28.660759,6.5742226,False,48,5,0.8,euclidean,random,StandardScaler_per_sample_dimension
*C(=O)C1=CC=C2C(=O)NC(=O)C2=C1,28.561085,6.7134795,False,48,5,0.8,euclidean,random,StandardScaler_per_sample_dimension
*C(=O)C1=CC=C2CN(C)C(=O)C2=C1,28.558496,6.44112,False,48,5,0.8,euclidean,random,StandardScaler_per_sample_dimension
NC1=CC(NCC2=CC=CC=C2)=CC=C1,6.029589,25.582418,False,48,5,0.8,euclidean,random,StandardScaler_per_sample_dimension
NC1=CC=CC(NCC2=CC=CC=C2)=C1,5.9762764,25.595028,False,48,5,0.8,euclidean,random,StandardScaler_per_sample_dimension
*CC(C)C(=O)OCCCCC,-4.1516533,7.4807367,False,48,5,0.8,euclidean,random,StandardScaler_per_sample_dimension
CC1=C(O)C=CC(O)=C1,12.388428,-6.5511146,False,48,5,0.8,euclidean,random,StandardScaler_per_sample_dimension
CC1=CC(O)=CC=C1O,12.544578,-6.4810405,False,48,5,0.8,euclidean,random,StandardScaler_per_sample_dimension
*OC(=O)C1=CC=CC=C1,1.2863038,2.3499374,True,48,5,0.8,euclidean,random,StandardScaler_per_sample_dimension
CCCCC(CC)C1=CC=CC=C1,0.15640919,9.276741,True,48,5,0.8,euclidean,random,StandardScaler_per_sample_dimension
CCCCC(C1=CC=CC=C1)C1=CC=CC=C1,-0.020401167,9.733006,False,48,5,0.8,euclidean,random,StandardScaler_per_sample_dimension
NC1=CC(NC(=O)C2=CC=CC=C2)=CC=C1,6.0044794,25.671516,False,48,5,0.8,euclidean,random,StandardScaler_per_sample_dimension
NC1=CC=CC(NC(=O)C2=CC=CC=C2)=C1,6.2268567,25.613626,False,48,5,0.8,euclidean,random,StandardScaler_per_sample_dimension
CC1=CC(C2=CC=CC(CN)=C2)=CC=C1,23.27533,19.975483,False,48,5,0.8,euclidean,random,StandardScaler_per_sample_dimension
CC1=CC(C2=CC=CC(C(N)=O)=C2)=CC=C1,23.359165,20.084917,True,48,5,0.8,euclidean,random,StandardScaler_per_sample_dimension
CC1=CC(C2=CC=C(C)C(C=O)=C2)=CC=C1,-4.920984,-2.8267677,False,48,5,0.8,euclidean,random,StandardScaler_per_sample_dimension
CC1=CC=C(C2=CC=CC(C=O)=C2)C=C1C,-4.710035,-2.999128,False,48,5,0.8,euclidean,random,StandardScaler_per_sample_dimension
CC1=CC(C2=CC=C(C=O)C(C=O)=C2)=CC=C1,-4.8428373,-2.954021,False,48,5,0.8,euclidean,random,StandardScaler_per_sample_dimension
CC1=CC(C2=CC=C(C)C(CN)=C2)=CC=C1,12.5104685,21.241005,False,48,5,0.8,euclidean,random,StandardScaler_per_sample_dimension
CC1=CC=C(C2=CC=CC(CN)=C2)C=C1C,12.329579,21.098736,False,48,5,0.8,euclidean,random,StandardScaler_per_sample_dimension
CC1=CC(C2=CC=C(C)C(C(N)=O)=C2)=CC=C1,12.355607,21.117414,False,48,5,0.8,euclidean,random,StandardScaler_per_sample_dimension
CC1=CC(C2=CC=C(C=O)C(CN)=C2)=CC=C1,12.287098,21.233881,False,48,5,0.8,euclidean,random,StandardScaler_per_sample_dimension
CC1=CC=C(C2=CC=CC(C(N)=O)=C2)C=C1C,12.411994,21.156296,False,48,5,0.8,euclidean,random,StandardScaler_per_sample_dimension
CC(C=O)NC=O,0.48946908,-4.82142,True,48,5,0.8,euclidean,random,StandardScaler_per_sample_dimension
CCCOC1=CC=C(C=O)C=C1,17.770475,13.502197,True,48,5,0.8,euclidean,random,StandardScaler_per_sample_dimension
CC(=O)NCCO,8.0401745,15.672,False,48,5,0.8,euclidean,random,StandardScaler_per_sample_dimension
O=C(OC1=CC=CC=C1)C1=CC=C(O)C=C1,-5.591629,24.14497,False,48,5,0.8,euclidean,random,StandardScaler_per_sample_dimension
COC1=CC=C(C(=O)OC2=CC=CC=C2)C=C1,-5.6137114,24.154818,False,48,5,0.8,euclidean,random,StandardScaler_per_sample_dimension
O=CC1=CC(C2=CC=CC(C=O)=C2)=CC=C1,-14.649676,4.7067566,False,48,5,0.8,euclidean,random,StandardScaler_per_sample_dimension
O=CC1=CC=CC(C2=CC=CC(C=O)=C2)=C1,-14.750056,4.737056,False,48,5,0.8,euclidean,random,StandardScaler_per_sample_dimension
CCC(C)CNC=O,4.303023,1.7262486,True,48,5,0.8,euclidean,random,StandardScaler_per_sample_dimension
CCCCC1=CC=C(OC)C=C1,-0.6044209,10.292024,False,48,5,0.8,euclidean,random,StandardScaler_per_sample_dimension
CC1=CC(C(C)C2=CC=CC(C)=C2)=CC=C1,7.1338882,26.332588,False,48,5,0.8,euclidean,random,StandardScaler_per_sample_dimension
CC1=CC=CC(C(C)C2=CC(C)=CC=C2)=C1,7.3117704,26.509464,True,48,5,0.8,euclidean,random,StandardScaler_per_sample_dimension
CC1=CC=CC(C(C)C2=CC=CC(C)=C2)=C1,7.21372,26.41415,False,48,5,0.8,euclidean,random,StandardScaler_per_sample_dimension
CC(C)CC(C)(C)C,1.1443113,8.427548,True,48,5,0.8,euclidean,random,StandardScaler_per_sample_dimension
O=C1CCCN1,9.074068,10.799838,True,48,5,0.8,euclidean,random,StandardScaler_per_sample_dimension
CCCCCCNCC1=CC=CC=C1,0.3381149,-3.676813,False,48,5,0.8,euclidean,random,StandardScaler_per_sample_dimension
CCCCCC(=O)NCCC,2.7440262,-3.921364,False,48,5,0.8,euclidean,random,StandardScaler_per_sample_dimension
C=CC=O,-6.804604,0.94129175,False,48,5,0.8,euclidean,random,StandardScaler_per_sample_dimension
CC1=CC=C(C(=O)C2=CC=CC=C2)C=C1,5.891176,11.430212,False,48,5,0.8,euclidean,random,StandardScaler_per_sample_dimension
CCCOC1=CC=C(O)C=C1,1.0727654,13.076156,False,48,5,0.8,euclidean,random,StandardScaler_per_sample_dimension
COCCNC=O,8.171054,15.803999,True,48,5,0.8,euclidean,random,StandardScaler_per_sample_dimension
*CC(O)COC,-0.024717717,5.646693,True,48,5,0.8,euclidean,random,StandardScaler_per_sample_dimension
CCC(F)CF,9.229183,13.896087,False,48,5,0.8,euclidean,random,StandardScaler_per_sample_dimension
CC(F)C(C)F,9.4570875,13.437441,False,48,5,0.8,euclidean,random,StandardScaler_per_sample_dimension
CCC(F)C(F)F,10.261969,13.195516,False,48,5,0.8,euclidean,random,StandardScaler_per_sample_dimension
CCCC1=CC=C(OC=O)C=C1,-1.2698964,13.099158,True,48,5,0.8,euclidean,random,StandardScaler_per_sample_dimension
O=C1CCC(=O)N1,9.244386,10.603355,False,48,5,0.8,euclidean,random,StandardScaler_per_sample_dimension
*CCOCCOCC,10.855186,8.888483,True,48,5,0.8,euclidean,random,StandardScaler_per_sample_dimension
CCNC(C)C=O,0.4126984,-5.035169,False,48,5,0.8,euclidean,random,StandardScaler_per_sample_dimension
CC(F)C(C)(F)F,9.403357,13.61967,False,48,5,0.8,euclidean,random,StandardScaler_per_sample_dimension
CCCCCCC(C)CCC,1.0309514,11.733065,False,48,5,0.8,euclidean,random,StandardScaler_per_sample_dimension
CCCC(CC)C(C)C,2.3940668,10.849733,False,48,5,0.8,euclidean,random,StandardScaler_per_sample_dimension
CCC(C1=CC=CC=C1)C1=CC=C(O)C=C1,-0.8394715,10.760558,False,48,5,0.8,euclidean,random,StandardScaler_per_sample_dimension
CCCCCCCCCCNCC,2.1421313,-1.5786009,False,48,5,0.8,euclidean,random,StandardScaler_per_sample_dimension
*C(C)C(C)CC,8.123311,6.687051,True,48,5,0.8,euclidean,random,StandardScaler_per_sample_dimension
C/C=C/C=O,-6.6686597,0.79374725,False,48,5,0.8,euclidean,random,StandardScaler_per_sample_dimension
C/C=C\C=O,-6.680338,0.8360364,True,48,5,0.8,euclidean,random,StandardScaler_per_sample_dimension
*CC(C)COCCCCCC,-4.1741147,7.2295713,False,48,5,0.8,euclidean,random,StandardScaler_per_sample_dimension
CC1=CC=C(C2=CC=C(CN)C=C2)C=C1,-0.097872935,18.401468,False,48,5,0.8,euclidean,random,StandardScaler_per_sample_dimension
*C(C)CCO,9.973028,3.4408097,True,48,5,0.8,euclidean,random,StandardScaler_per_sample_dimension
*C(C)(C)COCCCCC,-4.333855,7.518659,True,48,5,0.8,euclidean,random,StandardScaler_per_sample_dimension
*C(C)(C)C(=O)OCCCCC,-4.2627506,7.353141,False,48,5,0.8,euclidean,random,StandardScaler_per_sample_dimension
*CC(*)(C)COCCCCC,-4.381156,7.5571957,False,48,5,0.8,euclidean,random,StandardScaler_per_sample_dimension
*CC(*)(C)C(=O)OCCCCC,-4.2909164,7.3411374,False,48,5,0.8,euclidean,random,StandardScaler_per_sample_dimension
COC1=CC(C)=C(O)C=C1,12.46098,-6.479565,False,48,5,0.8,euclidean,random,StandardScaler_per_sample_dimension
COC1=CC=C(O)C(C)=C1,12.322638,-6.59933,False,48,5,0.8,euclidean,random,StandardScaler_per_sample_dimension
CCNC(=O)C1=CC(C)=CC=C1,-17.56662,6.9057,True,48,5,0.8,euclidean,random,StandardScaler_per_sample_dimension
CCNC(=O)C1=CC=CC(C)=C1,-17.40615,6.852041,False,48,5,0.8,euclidean,random,StandardScaler_per_sample_dimension
*CC1=CC(CNC2=CC=C(C)C=C2)=CC=C1,5.1137285,8.9272,True,48,5,0.8,euclidean,random,StandardScaler_per_sample_dimension
*CC1=CC=CC(CNC2=CC=C(C)C=C2)=C1,4.8300533,9.189992,False,48,5,0.8,euclidean,random,StandardScaler_per_sample_dimension
CCCC(C)C1=CC=C(OC)C=C1,-1.1926212,10.580968,True,48,5,0.8,euclidean,random,StandardScaler_per_sample_dimension
CC1CCCC1,5.010779,10.504704,True,48,5,0.8,euclidean,random,StandardScaler_per_sample_dimension
COC(C)CO,-3.193635,2.9621086,True,48,5,0.8,euclidean,random,StandardScaler_per_sample_dimension
CCC(C)C(=O)OC,6.76705,3.8188896,True,48,5,0.8,euclidean,random,StandardScaler_per_sample_dimension
CC(C)CCC=O,3.3528366,2.5153527,False,48,5,0.8,euclidean,random,StandardScaler_per_sample_dimension
CN1CCCC1=O,8.925238,10.809352,False,48,5,0.8,euclidean,random,StandardScaler_per_sample_dimension
O=CC1=CC=C(C2=CC(C=O)=CC=C2)C=C1,-4.685928,-3.0738316,True,48,5,0.8,euclidean,random,StandardScaler_per_sample_dimension
O=CC1=CC=C(C2=CC=CC(C=O)=C2)C=C1,-4.694482,-3.0783944,False,48,5,0.8,euclidean,random,StandardScaler_per_sample_dimension
CC(=O)OC1=CC=C(CC2=CC=CC=C2)C=C1,4.2988715,7.149379,False,48,5,0.8,euclidean,random,StandardScaler_per_sample_dimension
CC(=O)NC(C)C=O,0.76265174,-4.9462943,True,48,5,0.8,euclidean,random,StandardScaler_per_sample_dimension
CCCCCNC(=O)C1=CC=CC=C1,0.3176986,-3.5273776,False,48,5,0.8,euclidean,random,StandardScaler_per_sample_dimension
CC(C)COC=O,5.521787,7.888716,True,48,5,0.8,euclidean,random,StandardScaler_per_sample_dimension
CC1=CC=C(C2=CC=C(C(N)=O)C=C2)C=C1,-0.17601947,18.246893,False,48,5,0.8,euclidean,random,StandardScaler_per_sample_dimension
CNCCCCCCNC,-9.624057,16.055285,False,48,5,0.8,euclidean,random,StandardScaler_per_sample_dimension
NCC1=CC(C2=CC=C(C=O)C=C2)=CC=C1,24.768068,-7.231995,False,48,5,0.8,euclidean,random,StandardScaler_per_sample_dimension
NC(=O)C1=CC(C2=CC=C(C=O)C=C2)=CC=C1,24.574202,-7.0734596,False,48,5,0.8,euclidean,random,StandardScaler_per_sample_dimension
*CCCCCCCCCCC,6.1339035,8.55491,False,48,5,0.8,euclidean,random,StandardScaler_per_sample_dimension
CN(CCO)C1=CC=CC=C1,4.3427052,15.4033785,False,48,5,0.8,euclidean,random,StandardScaler_per_sample_dimension
CCOC1=CC=C(C2=CC=CC=C2)C=C1,4.2603326,8.115813,True,48,5,0.8,euclidean,random,StandardScaler_per_sample_dimension
CCN(CC)C1=CC=C(N)C=C1,-4.0530715,9.952563,False,48,5,0.8,euclidean,random,StandardScaler_per_sample_dimension
CN1C(=O)CCC1=O,9.18306,10.51368,False,48,5,0.8,euclidean,random,StandardScaler_per_sample_dimension
CCC(F)(F)CF,10.026167,13.128394,False,48,5,0.8,euclidean,random,StandardScaler_per_sample_dimension
CCC(CC)CN,4.1722803,1.1540186,False,48,5,0.8,euclidean,random,StandardScaler_per_sample_dimension
CNCCC(C)C,3.006689,1.1094233,True,48,5,0.8,euclidean,random,StandardScaler_per_sample_dimension
CCCCCCNCCCC,2.220451,-3.7057567,False,48,5,0.8,euclidean,random,StandardScaler_per_sample_dimension
CP,-7.8173733,-2.5040312,False,48,5,0.8,euclidean,random,StandardScaler_per_sample_dimension
NC1=CC=C(NC=O)C=C1,-2.8923225,9.13231,False,48,5,0.8,euclidean,random,StandardScaler_per_sample_dimension
O=CNC1=CC=C(C=O)C=C1,7.2919836,10.802374,False,48,5,0.8,euclidean,random,StandardScaler_per_sample_dimension
NCC1=CC(C2=CC=CC(C=O)=C2)=CC=C1,23.54347,20.169672,False,48,5,0.8,euclidean,random,StandardScaler_per_sample_dimension
NC(=O)C1=CC(C2=CC=CC(C=O)=C2)=CC=C1,23.457981,20.025433,False,48,5,0.8,euclidean,random,StandardScaler_per_sample_dimension
CCCCCCCCCCCCO,2.9040391,0.14416218,False,48,5,0.8,euclidean,random,StandardScaler_per_sample_dimension
CCCOCCCO,0.043848984,2.5724432,True,48,5,0.8,euclidean,random,StandardScaler_per_sample_dimension
CC1=CC(C2=CC=CC(C=O)=C2)=CC=C1C=O,-4.911525,-2.8400548,False,48,5,0.8,euclidean,random,StandardScaler_per_sample_dimension
CC1=CC=C(C2=CC=CC(C=O)=C2)C=C1C=O,-4.6545873,-3.038994,False,48,5,0.8,euclidean,random,StandardScaler_per_sample_dimension
CC1=CC(C2=CC=CC(CN)=C2)=CC=C1C=O,24.602674,-7.354062,False,48,5,0.8,euclidean,random,StandardScaler_per_sample_dimension
CC1=CC=C(C2=CC=CC(C=O)=C2)C=C1CN,24.73405,-7.275122,False,48,5,0.8,euclidean,random,StandardScaler_per_sample_dimension
CC1=CC=C(C2=CC=CC(CN)=C2)C=C1C=O,24.762913,-7.229941,False,48,5,0.8,euclidean,random,StandardScaler_per_sample_dimension
CC1=C(O)C(C)=CC=C1,12.757053,10.312218,False,48,5,0.8,euclidean,random,StandardScaler_per_sample_dimension
CC1=CC=CC(C)=C1O,12.930319,10.441752,True,48,5,0.8,euclidean,random,StandardScaler_per_sample_dimension
CCOC(=O)C1=CC=C(C)C=C1,1.1334246,1.6934683,True,48,5,0.8,euclidean,random,StandardScaler_per_sample_dimension
COCCNC(C)=O,8.014095,15.504411,False,48,5,0.8,euclidean,random,StandardScaler_per_sample_dimension
C1=CC=C2C(=C1)CC1=CC=CC=C12,5.302526,8.096297,False,48,5,0.8,euclidean,random,StandardScaler_per_sample_dimension
OC1=CC=C(NCC2=CC(O)=CC=C2)C=C1,4.9113016,12.545119,True,48,5,0.8,euclidean,random,StandardScaler_per_sample_dimension
OC1=CC=C(NCC2=CC=CC(O)=C2)C=C1,5.0266275,12.629051,False,48,5,0.8,euclidean,random,StandardScaler_per_sample_dimension
O=C(NC1=CC=C(O)C=C1)C1=CC(O)=CC=C1,5.060235,12.419228,False,48,5,0.8,euclidean,random,StandardScaler_per_sample_dimension
O=C(NC1=CC=C(O)C=C1)C1=CC=CC(O)=C1,4.945878,12.651961,False,48,5,0.8,euclidean,random,StandardScaler_per_sample_dimension
CCCCCC(C)CCCC,1.0418911,11.690912,False,48,5,0.8,euclidean,random,StandardScaler_per_sample_dimension
CCCCCN(C=O)CC,0.6777251,-1.447932,True,48,5,0.8,euclidean,random,StandardScaler_per_sample_dimension
CCC1=CC=C(N2CC3=C(C=CC=C3)C2)C=C1,8.3922,8.3376665,False,48,5,0.8,euclidean,random,StandardScaler_per_sample_dimension
CCC1=CC=C(N2CC3=CC=CC=C3C2)C=C1,8.32976,8.052733,False,48,5,0.8,euclidean,random,StandardScaler_per_sample_dimension
CC1=CC=C(C(C)(C)C)C=C1,6.872262,12.072855,False,48,5,0.8,euclidean,random,StandardScaler_per_sample_dimension
CCCCOC1=CC=C(CC)C=C1,-7.81361,-4.0953646,True,48,5,0.8,euclidean,random,StandardScaler_per_sample_dimension
C1=CSC=C1,5.609624,6.720544,False,48,5,0.8,euclidean,random,StandardScaler_per_sample_dimension
N#CC1=CC=CC=C1,4.493099,8.398617,True,48,5,0.8,euclidean,random,StandardScaler_per_sample_dimension
CC(F)CCF,9.009849,13.79453,False,48,5,0.8,euclidean,random,StandardScaler_per_sample_dimension
CC(F)CC(F)F,10.477669,13.152315,False,48,5,0.8,euclidean,random,StandardScaler_per_sample_dimension
CCCCCCCCC(=O)NC,3.9575572,-1.8663192,True,48,5,0.8,euclidean,random,StandardScaler_per_sample_dimension
CCC(C1=CC=CC=C1)C1=CC=C(OC)C=C1,-0.44186065,10.801016,True,48,5,0.8,euclidean,random,StandardScaler_per_sample_dimension
O=CC1=CC(NCC2=CC=CC=C2)=CC=C1,-2.6629558,23.471642,True,48,5,0.8,euclidean,random,StandardScaler_per_sample_dimension
O=CC1=CC=CC(NCC2=CC=CC=C2)=C1,-2.7310288,23.438265,False,48,5,0.8,euclidean,random,StandardScaler_per_sample_dimension
O=CC1=CC(NC(=O)C2=CC=CC=C2)=CC=C1,-2.5675802,23.428127,False,48,5,0.8,euclidean,random,StandardScaler_per_sample_dimension
O=CC1=CC=CC(NC(=O)C2=CC=CC=C2)=C1,-2.6428845,23.508339,False,48,5,0.8,euclidean,random,StandardScaler_per_sample_dimension
CCCCCCCCCCCCOC,2.7144396,0.24589671,False,48,5,0.8,euclidean,random,StandardScaler_per_sample_dimension
CCCNCCOCC,7.219866,15.488967,True,48,5,0.8,euclidean,random,StandardScaler_per_sample_dimension
COC1=CC(N)=CC=C1,-14.997756,3.1342552,False,48,5,0.8,euclidean,random,StandardScaler_per_sample_dimension
COC1=CC=CC(N)=C1,-15.072869,3.2336326,True,48,5,0.8,euclidean,random,StandardScaler_per_sample_dimension
CCCCCC(=O)OC1=CC=CC=C1,1.6863132,6.4654665,False,48,5,0.8,euclidean,random,StandardScaler_per_sample_dimension
CC(N)CO,10.037646,16.475588,False,48,5,0.8,euclidean,random,StandardScaler_per_sample_dimension
CC1=CC(N2CC3=C(C=C(C)C=C3)C2)=CC=C1,23.09983,-1.0803901,True,48,5,0.8,euclidean,random,StandardScaler_per_sample_dimension
CC1=CC(N2CC3=CC=C(C)C=C3C2)=CC=C1,22.9455,-0.9564638,False,48,5,0.8,euclidean,random,StandardScaler_per_sample_dimension
CC1=CC=CC(N2CC3=C(C=C(C)C=C3)C2)=C1,23.045572,-1.0217943,False,48,5,0.8,euclidean,random,StandardScaler_per_sample_dimension
CC1=CC=CC(N2CC3=CC=C(C)C=C3C2)=C1,23.052374,-0.9695267,False,48,5,0.8,euclidean,random,StandardScaler_per_sample_dimension
CC(F)C(F)CF,9.005754,13.568414,False,48,5,0.8,euclidean,random,StandardScaler_per_sample_dimension
CC(F)C(F)C(F)F,9.069846,13.794955,False,48,5,0.8,euclidean,random,StandardScaler_per_sample_dimension
FCC(F)(F)CF,10.652644,13.47998,False,48,5,0.8,euclidean,random,StandardScaler_per_sample_dimension
CC(F)(F)CCF,10.458147,13.214092,False,48,5,0.8,euclidean,random,StandardScaler_per_sample_dimension
FC(F)C(F)C(F)F,10.682935,12.735685,False,48,5,0.8,euclidean,random,StandardScaler_per_sample_dimension
CC1=C(CC2=CC=C(O)C=C2)C=CC=C1,6.2078786,6.77383,True,48,5,0.8,euclidean,random,StandardScaler_per_sample_dimension
CC1=CC=CC=C1CC1=CC=C(O)C=C1,6.128736,6.8173018,False,48,5,0.8,euclidean,random,StandardScaler_per_sample_dimension
CCC(CC)CO,6.450027,4.535606,True,48,5,0.8,euclidean,random,StandardScaler_per_sample_dimension
CNC1=CC(O)=CC=C1,25.342152,4.153104,False,48,5,0.8,euclidean,random,StandardScaler_per_sample_dimension
CNC1=CC=CC(O)=C1,25.306261,4.2212596,False,48,5,0.8,euclidean,random,StandardScaler_per_sample_dimension
NCC1=CC(C2=CC=CC(C(N)=O)=C2)=CC=C1,23.522106,20.167822,False,48,5,0.8,euclidean,random,StandardScaler_per_sample_dimension
CC1=CC=C(C2=CC=CC(CN)=C2)C=C1CN,24.792948,-7.263313,False,48,5,0.8,euclidean,random,StandardScaler_per_sample_dimension
CCCNC(C)CC,15.122583,18.302809,True,48,5,0.8,euclidean,random,StandardScaler_per_sample_dimension
CCC(=O)NC(C)CC,15.065213,18.21032,False,48,5,0.8,euclidean,random,StandardScaler_per_sample_dimension
CCCNCCC1=CC=CC=C1,-11.027921,5.3782425,True,48,5,0.8,euclidean,random,StandardScaler_per_sample_dimension
*CCCCCOC,12.867975,-0.507472,True,48,5,0.8,euclidean,random,StandardScaler_per_sample_dimension
O=CNCCC1=CC=CC=C1,-11.065261,5.177929,True,48,5,0.8,euclidean,random,StandardScaler_per_sample_dimension
*CCCCC=O,12.638646,-0.8535534,False,48,5,0.8,euclidean,random,StandardScaler_per_sample_dimension
COCC(C)N,10.339087,16.259258,True,48,5,0.8,euclidean,random,StandardScaler_per_sample_dimension
NCC1=CC(C2=CC=CC(CN)=C2)=CC=C1,-14.720565,4.537871,False,48,5,0.8,euclidean,random,StandardScaler_per_sample_dimension
CC(F)(F)C(F)CF,9.035244,13.720559,False,48,5,0.8,euclidean,random,StandardScaler_per_sample_dimension
CCCCCC1=CC=C(O)C=C1,-1.0550641,9.780152,False,48,5,0.8,euclidean,random,StandardScaler_per_sample_dimension
CCC(F)(F)C(F)F,10.642493,12.726504,False,48,5,0.8,euclidean,random,StandardScaler_per_sample_dimension
CCCCCCCCCCCCCC,5.2251616,0.09187467,True,48,5,0.8,euclidean,random,StandardScaler_per_sample_dimension
CCCC(C)(C)C1=CC=C(O)C=C1,-1.035985,10.499514,True,48,5,0.8,euclidean,random,StandardScaler_per_sample_dimension
CCCCCCOCCCC,2.8949132,5.377044,False,48,5,0.8,euclidean,random,StandardScaler_per_sample_dimension
CC1=C(NCC2=CC=CC=C2)C=CC=C1,23.844772,-2.5847867,False,48,5,0.8,euclidean,random,StandardScaler_per_sample_dimension
CC1=CC=CC=C1NCC1=CC=CC=C1,24.003754,-2.359621,False,48,5,0.8,euclidean,random,StandardScaler_per_sample_dimension
CC1=C(NC(=O)C2=CC=CC=C2)C=CC=C1,23.982319,-2.5259807,False,48,5,0.8,euclidean,random,StandardScaler_per_sample_dimension
CC1=CC=CC=C1NC(=O)C1=CC=CC=C1,23.902485,-2.4297483,False,48,5,0.8,euclidean,random,StandardScaler_per_sample_dimension
CC(F)(F)C(C)(F)F,11.06916,12.7697935,False,48,5,0.8,euclidean,random,StandardScaler_per_sample_dimension
CCCCCNC(=O)CCC,2.315388,-3.3416085,True,48,5,0.8,euclidean,random,StandardScaler_per_sample_dimension
CC1=CC=C(C2=CC=C(CN)C(C)=C2)C=C1,-0.070307165,18.048536,True,48,5,0.8,euclidean,random,StandardScaler_per_sample_dimension
CC1=CC=C(C2=CC=C(C(N)=O)C(C)=C2)C=C1,-0.045594856,18.046137,False,48,5,0.8,euclidean,random,StandardScaler_per_sample_dimension
COCCNC1=CC=CC=C1,4.5033216,15.522344,True,48,5,0.8,euclidean,random,StandardScaler_per_sample_dimension
CC(=O)NCCC1=CC=CC=C1,-11.004225,5.139246,False,48,5,0.8,euclidean,random,StandardScaler_per_sample_dimension
CCCC(=O)OC1=CC=C(C)C=C1,1.8350692,6.7527156,True,48,5,0.8,euclidean,random,StandardScaler_per_sample_dimension
FCC(F)(F)C(F)F,10.403847,13.432576,False,48,5,0.8,euclidean,random,StandardScaler_per_sample_dimension
CCCCC(C)CO,5.4051914,5.348981,True,48,5,0.8,euclidean,random,StandardScaler_per_sample_dimension
*NC(=O)CCCC,-1.6134268,7.6097507,False,48,5,0.8,euclidean,random,StandardScaler_per_sample_dimension
CC1=CC=C(C2=CC=C(C=O)C=C2)C=C1C,-0.2988127,17.691376,False,48,5,0.8,euclidean,random,StandardScaler_per_sample_dimension
CCCCCCCCCCOC(C)=O,2.7619326,-0.391107,False,48,5,0.8,euclidean,random,StandardScaler_per_sample_dimension
CCCCOC1=CC=C(O)C=C1,1.0243356,13.369386,True,48,5,0.8,euclidean,random,StandardScaler_per_sample_dimension
CCCNCC=O,-0.09719327,-4.586481,True,48,5,0.8,euclidean,random,StandardScaler_per_sample_dimension
CC(F)C(F)(F)CF,9.186696,13.919816,False,48,5,0.8,euclidean,random,StandardScaler_per_sample_dimension
CCCCC(C)C1=CC=C(O)C=C1,-0.88314754,9.9677515,False,48,5,0.8,euclidean,random,StandardScaler_per_sample_dimension
CCN(C)C1=CC=CC=C1C,23.49592,-2.6003199,False,48,5,0.8,euclidean,random,StandardScaler_per_sample_dimension
CCCCCCCCCCCNC,3.2195508,-2.2830756,False,48,5,0.8,euclidean,random,StandardScaler_per_sample_dimension
CCC(CC)OC,-1.4885675,4.3559403,True,48,5,0.8,euclidean,random,StandardScaler_per_sample_dimension
CCCOCCOCC,11.782077,9.411697,True,48,5,0.8,euclidean,random,StandardScaler_per_sample_dimension
CC1=CC=CC=C1N(C)C,-8.444831,24.27232,False,48,5,0.8,euclidean,random,StandardScaler_per_sample_dimension
CC(=O)C1=CC(C)=CC=C1,10.640312,-2.584461,False,48,5,0.8,euclidean,random,StandardScaler_per_sample_dimension
CC(=O)C1=CC=CC(C)=C1,10.501463,-2.6162794,False,48,5,0.8,euclidean,random,StandardScaler_per_sample_dimension
O=CNC1=CC(O)=CC=C1,25.501574,4.009984,False,48,5,0.8,euclidean,random,StandardScaler_per_sample_dimension
O=CNC1=CC=CC(O)=C1,25.42889,4.0627546,False,48,5,0.8,euclidean,random,StandardScaler_per_sample_dimension
COC1=CC=C(CC2=CC=CC=C2C)C=C1,5.866713,6.9281588,False,48,5,0.8,euclidean,random,StandardScaler_per_sample_dimension
CCN(C)CCOC,6.324999,15.265581,True,48,5,0.8,euclidean,random,StandardScaler_per_sample_dimension
CCC(C=O)NC=O,1.1419291,-5.234522,False,48,5,0.8,euclidean,random,StandardScaler_per_sample_dimension
CCCNCC1=CC=C(C)C=C1,6.6142006,-10.601278,False,48,5,0.8,euclidean,random,StandardScaler_per_sample_dimension
CCC(C)CCCC(C)C,1.7099235,10.548125,True,48,5,0.8,euclidean,random,StandardScaler_per_sample_dimension
CCCC1CCCCC1,1.8907695,9.525746,True,48,5,0.8,euclidean,random,StandardScaler_per_sample_dimension
CCCCCCCCCCC=O,3.8606882,-2.9289653,False,48,5,0.8,euclidean,random,StandardScaler_per_sample_dimension
CCCCCN(CC)CC,-8.443162,14.136476,False,48,5,0.8,euclidean,random,StandardScaler_per_sample_dimension
CC1C2=CC=CC=C2C2=CC=CC=C21,5.737325,7.504813,False,48,5,0.8,euclidean,random,StandardScaler_per_sample_dimension
CCC(=O)OCCO,11.850999,9.754241,True,48,5,0.8,euclidean,random,StandardScaler_per_sample_dimension
CNC(C)CO,10.132595,16.840523,False,48,5,0.8,euclidean,random,StandardScaler_per_sample_dimension
CCCC(C)C(C)CC,2.3270864,10.964786,False,48,5,0.8,euclidean,random,StandardScaler_per_sample_dimension
CC(F)C(F)(F)C(F)F,10.37213,13.404918,False,48,5,0.8,euclidean,random,StandardScaler_per_sample_dimension
CC(F)(F)C(F)(F)CF,10.372336,13.281491,False,48,5,0.8,euclidean,random,StandardScaler_per_sample_dimension
CC1=CC(C(=O)C2=CC=CC=C2)=CC=C1,10.67746,-2.6261706,False,48,5,0.8,euclidean,random,StandardScaler_per_sample_dimension
CC1=CC=CC(C(=O)C2=CC=CC=C2)=C1,10.804312,-2.6290467,True,48,5,0.8,euclidean,random,StandardScaler_per_sample_dimension
CC1=CC=C(C2=CC=C(C)C(C=O)=C2)C=C1,2.3740406,-8.270086,False,48,5,0.8,euclidean,random,StandardScaler_per_sample_dimension
CC1=CC=C(C2=CC=C(C)C(CN)=C2)C=C1,2.6615598,-8.090992,False,48,5,0.8,euclidean,random,StandardScaler_per_sample_dimension
CNC(C)COC,9.739006,16.72122,True,48,5,0.8,euclidean,random,StandardScaler_per_sample_dimension
CC1(C)C2=CC=CC=C2C2=CC=CC=C21,5.056167,7.848991,False,48,5,0.8,euclidean,random,StandardScaler_per_sample_dimension
CCC(C)CCN,3.515641,1.1357646,False,48,5,0.8,euclidean,random,StandardScaler_per_sample_dimension
CC1=C(C)C(C)=CC=C1,2.0720515,18.82829,True,48,5,0.8,euclidean,random,StandardScaler_per_sample_dimension
CC1=CC=CC(C)=C1C,2.0779798,18.710508,False,48,5,0.8,euclidean,random,StandardScaler_per_sample_dimension
COCC(C)OC,-3.089344,3.1241496,False,48,5,0.8,euclidean,random,StandardScaler_per_sample_dimension
CCCCC(C)COC,5.2892303,5.4852567,False,48,5,0.8,euclidean,random,StandardScaler_per_sample_dimension
CCCCCOC(=O)CCC,3.1634963,5.36382,False,48,5,0.8,euclidean,random,StandardScaler_per_sample_dimension
CCCOCO,-1.6833924,0.5091687,True,48,5,0.8,euclidean,random,StandardScaler_per_sample_dimension
CCNC1=CC(O)=CC=C1,25.25111,4.1132026,False,48,5,0.8,euclidean,random,StandardScaler_per_sample_dimension
CCNC1=CC=CC(O)=C1,25.540356,3.9103196,False,48,5,0.8,euclidean,random,StandardScaler_per_sample_dimension
CC(=O)NC1=CC(O)=CC=C1,25.553978,4.03317,False,48,5,0.8,euclidean,random,StandardScaler_per_sample_dimension
CC(=O)NC1=CC=CC(O)=C1,25.518461,4.018694,False,48,5,0.8,euclidean,random,StandardScaler_per_sample_dimension
COCCN(C)C1=CC=CC=C1,4.629615,15.6556225,False,48,5,0.8,euclidean,random,StandardScaler_per_sample_dimension
CCNC(C=O)CC,1.2202958,-5.1613917,True,48,5,0.8,euclidean,random,StandardScaler_per_sample_dimension
CCC(C=O)NC(C)=O,1.0770646,-5.1290593,False,48,5,0.8,euclidean,random,StandardScaler_per_sample_dimension
CCOCCNC=O,7.707371,16.089998,True,48,5,0.8,euclidean,random,StandardScaler_per_sample_dimension
CCNC(C)CO,10.55057,16.780142,True,48,5,0.8,euclidean,random,StandardScaler_per_sample_dimension
*CCN(C)C,12.669333,5.510135,True,48,5,0.8,euclidean,random,StandardScaler_per_sample_dimension
*OC1=CC=C(N)C=C1,9.6011095,6.2221203,False,48,5,0.8,euclidean,random,StandardScaler_per_sample_dimension
CCCCCCC(C)C1=CC=CC=C1,0.25426063,8.790159,True,48,5,0.8,euclidean,random,StandardScaler_per_sample_dimension
CCCCCCC1=CC=C(O)C=C1,-0.8284259,9.7189245,False,48,5,0.8,euclidean,random,StandardScaler_per_sample_dimension
CCCCCC(C)(C)C1=CC=CC=C1,0.11476344,9.719581,False,48,5,0.8,euclidean,random,StandardScaler_per_sample_dimension
CCC(C)(C1=CC=CC=C1)C1=CC=C(O)C=C1,-0.7400049,10.650949,False,48,5,0.8,euclidean,random,StandardScaler_per_sample_dimension
CC(C)CCCNC=O,9.290431,3.8137274,False,48,5,0.8,euclidean,random,StandardScaler_per_sample_dimension
*CC(C)C(=O)OCCCCCC,-4.6387763,7.2017684,True,48,5,0.8,euclidean,random,StandardScaler_per_sample_dimension
*CCN(C)CC,12.18522,5.12077,True,48,5,0.8,euclidean,random,StandardScaler_per_sample_dimension
CCCN(C)CC1=CC=CC=C1,20.88513,5.306864,True,48,5,0.8,euclidean,random,StandardScaler_per_sample_dimension
CCCOCCN,6.342626,16.28511,True,48,5,0.8,euclidean,random,StandardScaler_per_sample_dimension
*C(C)O,-4.708322,11.908836,False,48,5,0.8,euclidean,random,StandardScaler_per_sample_dimension
CCNC(C)COC,9.880272,16.31664,True,48,5,0.8,euclidean,random,StandardScaler_per_sample_dimension
*CCCOC1=CC=CC=C1,-9.640205,-9.764236,True,48,5,0.8,euclidean,random,StandardScaler_per_sample_dimension
O=CC1=CC=C(OC2=CC=C(C=O)C=C2)C=C1,24.55679,16.094652,True,48,5,0.8,euclidean,random,StandardScaler_per_sample_dimension
CC(C)C1=CC=C(N)C=C1,6.9646845,7.3766475,True,48,5,0.8,euclidean,random,StandardScaler_per_sample_dimension
CCCC(O)CC,-1.9862455,4.713339,True,48,5,0.8,euclidean,random,StandardScaler_per_sample_dimension
CCCCCCCCCC(N)=O,3.771641,-1.6694726,False,48,5,0.8,euclidean,random,StandardScaler_per_sample_dimension
CCC(C=O)CC=O,4.173565,1.800739,False,48,5,0.8,euclidean,random,StandardScaler_per_sample_dimension
CCCCCCNC(=O)C1=CC=CC=C1,0.26248643,-3.447036,True,48,5,0.8,euclidean,random,StandardScaler_per_sample_dimension
CP=O,-7.7661443,-2.3843102,False,48,5,0.8,euclidean,random,StandardScaler_per_sample_dimension
CCC(CC)C1=CC=C(O)C=C1,0.11952493,9.989543,False,48,5,0.8,euclidean,random,StandardScaler_per_sample_dimension
CC(=O)NC1=CC=C(N)C=C1,-3.2050536,9.28811,True,48,5,0.8,euclidean,random,StandardScaler_per_sample_dimension
*C1=CC=C(OC2=CC=C(CC)C=C2)C=C1,4.454693,10.13312,True,48,5,0.8,euclidean,random,StandardScaler_per_sample_dimension
COCC(O)COC,-1.9809537,2.3044977,True,48,5,0.8,euclidean,random,StandardScaler_per_sample_dimension
CCCNCC1=C(C)C=CC=C1,21.451859,5.1495256,False,48,5,0.8,euclidean,random,StandardScaler_per_sample_dimension
CCCNCC1=CC=CC=C1C,21.515673,5.2429852,False,48,5,0.8,euclidean,random,StandardScaler_per_sample_dimension
COCOC,-1.2820947,0.9991676,True,48,5,0.8,euclidean,random,StandardScaler_per_sample_dimension
CCCCNCCO,8.18402,15.98515,True,48,5,0.8,euclidean,random,StandardScaler_per_sample_dimension
*CC(N)=O,-4.740546,-0.01962722,False,48,5,0.8,euclidean,random,StandardScaler_per_sample_dimension
*C1=CC=C(NCC)C=C1,13.275651,-10.569323,False,48,5,0.8,euclidean,random,StandardScaler_per_sample_dimension
CC(C1=CC=CC=C1)C1=CC=C(N)C=C1,6.9624076,7.3594747,True,48,5,0.8,euclidean,random,StandardScaler_per_sample_dimension
CCCC(CCC)C1=CC=CC=C1,0.29787916,9.994343,False,48,5,0.8,euclidean,random,StandardScaler_per_sample_dimension
CCCCCCCCNC(C)=O,2.6055522,-1.8187357,True,48,5,0.8,euclidean,random,StandardScaler_per_sample_dimension
CCCCCCC(=O)NCC,3.6444883,-3.462992,False,48,5,0.8,euclidean,random,StandardScaler_per_sample_dimension
CC1=CC(C)=CC(CC2=CC=CC=C2)=C1,13.4032135,10.780035,True,48,5,0.8,euclidean,random,StandardScaler_per_sample_dimension
CC1=CC(CC2=CC=CC=C2)=CC(C)=C1,13.460845,10.816454,False,48,5,0.8,euclidean,random,StandardScaler_per_sample_dimension
CCN(CC)C1=CC=CC=C1C,-8.435757,24.246204,False,48,5,0.8,euclidean,random,StandardScaler_per_sample_dimension
CCNC1=CC=C(C=O)C=C1,7.2112393,10.836515,False,48,5,0.8,euclidean,random,StandardScaler_per_sample_dimension
CCCCCCOCC1=CC=CC=C1,1.5287582,-0.10782144,True,48,5,0.8,euclidean,random,StandardScaler_per_sample_dimension
*CC(C=O)CC,8.221877,5.112948,False,48,5,0.8,euclidean,random,StandardScaler_per_sample_dimension
CCOCCOC1=CC=CC=C1,3.5456445,7.379223,True,48,5,0.8,euclidean,random,StandardScaler_per_sample_dimension
CCC(N)CO,10.21904,16.95766,False,48,5,0.8,euclidean,random,StandardScaler_per_sample_dimension
*OC(=O)CC,1.854221,3.1405156,True,48,5,0.8,euclidean,random,StandardScaler_per_sample_dimension
*C(=O)CCCCC,8.411132,6.176115,True,48,5,0.8,euclidean,random,StandardScaler_per_sample_dimension
CCC(N)COC,10.251579,16.670074,True,48,5,0.8,euclidean,random,StandardScaler_per_sample_dimension
CCOC1=CC=C(OCC)C=C1,1.418657,12.584292,True,48,5,0.8,euclidean,random,StandardScaler_per_sample_dimension
CCCCCCCC(C)CC,1.1445814,11.667262,False,48,5,0.8,euclidean,random,StandardScaler_per_sample_dimension
CC(F)(F)CC(F)F,10.960582,12.651553,False,48,5,0.8,euclidean,random,StandardScaler_per_sample_dimension
CCC(=O)N(C)CC,2.0997634,0.39160904,False,48,5,0.8,euclidean,random,StandardScaler_per_sample_dimension
CCCCCCCN(C)C,1.931265,-1.0968413,True,48,5,0.8,euclidean,random,StandardScaler_per_sample_dimension
CC1=CC=C(C2=CC3=C(C=C2)CNC3)C=C1,2.6057675,-8.0763445,False,48,5,0.8,euclidean,random,StandardScaler_per_sample_dimension
CC1=CC=C(C2=CC=C3CNCC3=C2)C=C1,2.8191738,-8.238984,False,48,5,0.8,euclidean,random,StandardScaler_per_sample_dimension
CC1=CC=C(C2=CC=C3C(=O)NCC3=C2)C=C1,2.7109835,-8.163237,False,48,5,0.8,euclidean,random,StandardScaler_per_sample_dimension
CC1=CC=C(C2=CC=C3CNC(=O)C3=C2)C=C1,2.7099597,-8.160743,False,48,5,0.8,euclidean,random,StandardScaler_per_sample_dimension
CCOCCOC(C)=O,11.278766,9.144367,True,48,5,0.8,euclidean,random,StandardScaler_per_sample_dimension
*CCOCCCCCCC,6.4771523,0.5911586,True,48,5,0.8,euclidean,random,StandardScaler_per_sample_dimension
CCOCCNC(C)=O,7.662428,15.827293,True,48,5,0.8,euclidean,random,StandardScaler_per_sample_dimension
CCC(=O)NCCO,8.549265,15.672459,True,48,5,0.8,euclidean,random,StandardScaler_per_sample_dimension
CC1=CC=C(OC2=CC=C(S)C=C2)C=C1,2.5241,13.685548,True,48,5,0.8,euclidean,random,StandardScaler_per_sample_dimension
CC1=CC=C(CC2=CC=C(C)C=C2)C=C1,6.611116,12.555464,True,48,5,0.8,euclidean,random,StandardScaler_per_sample_dimension
CC(F)(F)C(F)C(F)F,10.397216,13.240539,False,48,5,0.8,euclidean,random,StandardScaler_per_sample_dimension
CCCCCC(C)C1=CC=C(O)C=C1,-0.77620894,9.7816925,True,48,5,0.8,euclidean,random,StandardScaler_per_sample_dimension
CCC(CC)CNC,3.9029412,1.0180353,True,48,5,0.8,euclidean,random,StandardScaler_per_sample_dimension
CC1=CC(C)=C(OC2=CC=CC=C2)C=C1,18.721155,22.955301,True,48,5,0.8,euclidean,random,StandardScaler_per_sample_dimension
CC1=CC=C(OC2=CC=CC=C2)C(C)=C1,18.838884,22.833303,False,48,5,0.8,euclidean,random,StandardScaler_per_sample_dimension
*CC(=O)NC,-5.01568,0.1648645,False,48,5,0.8,euclidean,random,StandardScaler_per_sample_dimension
*C(C)(C)COCCCCCC,-4.5441656,7.127517,False,48,5,0.8,euclidean,random,StandardScaler_per_sample_dimension
*C(C)(C)C(=O)OCCCCCC,-4.6890583,7.2431927,False,48,5,0.8,euclidean,random,StandardScaler_per_sample_dimension
*CC(*)(C)COCCCCCC,-4.8240294,7.3160133,True,48,5,0.8,euclidean,random,StandardScaler_per_sample_dimension
*CC(*)(C)C(=O)OCCCCCC,-4.7195206,7.1029577,False,48,5,0.8,euclidean,random,StandardScaler_per_sample_dimension
*N(C)CCC,-1.8618983,7.252595,True,48,5,0.8,euclidean,random,StandardScaler_per_sample_dimension
CCOCC(C)N,9.044559,16.74647,True,48,5,0.8,euclidean,random,StandardScaler_per_sample_dimension
NCC(=O)O,11.841531,15.435755,True,48,5,0.8,euclidean,random,StandardScaler_per_sample_dimension
OCCCC1=CC=CC=C1,-0.7501229,13.833299,True,48,5,0.8,euclidean,random,StandardScaler_per_sample_dimension
*COC1=CC=CC=C1,4.6535025,5.6187563,False,48,5,0.8,euclidean,random,StandardScaler_per_sample_dimension
CC1=CC=C(C2=CC=C(C)C(C)=C2)C=C1C,19.507637,5.0480294,True,48,5,0.8,euclidean,random,StandardScaler_per_sample_dimension
*OC1=CC=C(S)C=C1,2.8912125,14.31959,False,48,5,0.8,euclidean,random,StandardScaler_per_sample_dimension
CC(CF)C1=CC=C(O)C=C1,8.182408,0.6666361,False,48,5,0.8,euclidean,random,StandardScaler_per_sample_dimension
CC(C1=CC=C(O)C=C1)C(F)F,8.028837,0.63719815,False,48,5,0.8,euclidean,random,StandardScaler_per_sample_dimension
OC1=CC=C(CCF)C=C1,7.8248496,0.5405324,True,48,5,0.8,euclidean,random,StandardScaler_per_sample_dimension
OC1=CC=C(CC(F)F)C=C1,7.530746,0.7702064,False,48,5,0.8,euclidean,random,StandardScaler_per_sample_dimension
CCCC(C1=CC=CC=C1)C1=CC=C(O)C=C1,-1.2221688,10.610553,True,48,5,0.8,euclidean,random,StandardScaler_per_sample_dimension
CC1=CC(C)=CC(C2=CC=CC=C2)=C1,14.351183,10.8577795,True,48,5,0.8,euclidean,random,StandardScaler_per_sample_dimension
CCCCCC(=O)NC1=CC=CC=C1,-6.3569417,15.014214,True,48,5,0.8,euclidean,random,StandardScaler_per_sample_dimension
CCCN(C=O)CC1=CC=CC=C1,15.0097275,-8.881278,False,48,5,0.8,euclidean,random,StandardScaler_per_sample_dimension
O=CNC1=CC=C(C2=CC=CC=C2)C=C1,4.029027,6.681582,False,48,5,0.8,euclidean,random,StandardScaler_per_sample_dimension
CC(C)C(N)=O,8.295165,11.061219,False,48,5,0.8,euclidean,random,StandardScaler_per_sample_dimension
CCC1=CC=C(NCC2=CC=C(C)C=C2)C=C1,8.85418,1.694023,True,48,5,0.8,euclidean,random,StandardScaler_per_sample_dimension
CC1=CC(C2=CC=C(C=O)C=C2)=CC=C1C=O,-0.30220345,17.621264,False,48,5,0.8,euclidean,random,StandardScaler_per_sample_dimension
CNCC1=CC(N)=CC=C1,10.896171,26.282442,False,48,5,0.8,euclidean,random,StandardScaler_per_sample_dimension
CNC(=O)C1=CC(N)=CC=C1,10.907588,26.307835,False,48,5,0.8,euclidean,random,StandardScaler_per_sample_dimension
NCC1=CC(N)=CC=C1,10.908662,26.236849,True,48,5,0.8,euclidean,random,StandardScaler_per_sample_dimension
NCC1=CC=CC(N)=C1,10.736061,26.139221,False,48,5,0.8,euclidean,random,StandardScaler_per_sample_dimension
NC(=O)C1=CC(N)=CC=C1,10.872182,26.26747,False,48,5,0.8,euclidean,random,StandardScaler_per_sample_dimension
NC(=O)C1=CC=CC(N)=C1,10.747915,26.200916,False,48,5,0.8,euclidean,random,StandardScaler_per_sample_dimension
CCOCCCCCCO,3.7059696,19.257828,True,48,5,0.8,euclidean,random,StandardScaler_per_sample_dimension
CCC(CO)NC,9.948077,16.958572,True,48,5,0.8,euclidean,random,StandardScaler_per_sample_dimension
CCC(COC)NC,9.9093485,16.97647,False,48,5,0.8,euclidean,random,StandardScaler_per_sample_dimension
CNCC(=O)O,11.6259775,15.5765915,False,48,5,0.8,euclidean,random,StandardScaler_per_sample_dimension
CCC(=O)NCCC1=CC=CC=C1,-10.815377,5.4220777,True,48,5,0.8,euclidean,random,StandardScaler_per_sample_dimension
OC1=CC=C(C(CF)C(F)F)C=C1,8.162097,0.5547668,False,48,5,0.8,euclidean,random,StandardScaler_per_sample_dimension
OC1=CC=C(C(CF)CF)C=C1,7.9125657,0.64958656,False,48,5,0.8,euclidean,random,StandardScaler_per_sample_dimension
OC1=CC=C(C(CF)C2=CC=CC=C2)C=C1,7.8004804,0.34703407,False,48,5,0.8,euclidean,random,StandardScaler_per_sample_dimension
CC(CF)(C1=CC=CC=C1)C1=CC=C(O)C=C1,7.7105546,0.4443884,False,48,5,0.8,euclidean,random,StandardScaler_per_sample_dimension
OC1=CC=C(C(C2=CC=CC=C2)C(F)F)C=C1,7.529585,0.5209077,False,48,5,0.8,euclidean,random,StandardScaler_per_sample_dimension
CC(C1=CC=C(O)C=C1)C(F)(F)F,6.921793,1.9686244,False,48,5,0.8,euclidean,random,StandardScaler_per_sample_dimension
CNC1=CC=C(C(C)C)C=C1,7.447248,7.436331,False,48,5,0.8,euclidean,random,StandardScaler_per_sample_dimension
CCCC(C)CN,4.629624,1.9712046,True,48,5,0.8,euclidean,random,StandardScaler_per_sample_dimension
CCC1=CC(CC)=CC=C1,-8.481012,-7.0908656,True,48,5,0.8,euclidean,random,StandardScaler_per_sample_dimension
CCC1=CC=CC(CC)=C1,-8.499003,-7.0435224,False,48,5,0.8,euclidean,random,StandardScaler_per_sample_dimension
CCC(C)CCNC,3.4210558,1.0637742,True,48,5,0.8,euclidean,random,StandardScaler_per_sample_dimension
FC(F)C(F)(F)C(F)F,10.851573,12.330292,False,48,5,0.8,euclidean,random,StandardScaler_per_sample_dimension
C[SiH](C)C1=CC=CC=C1,1.973247,7.962306,True,48,5,0.8,euclidean,random,StandardScaler_per_sample_dimension
CCC(C)CCCN,9.767656,3.5851836,False,48,5,0.8,euclidean,random,StandardScaler_per_sample_dimension
OCCF,-2.4730957,-1.5780463,True,48,5,0.8,euclidean,random,StandardScaler_per_sample_dimension
OC1=CC=C(CC(F)(F)F)C=C1,6.1714106,2.9104173,False,48,5,0.8,euclidean,random,StandardScaler_per_sample_dimension
CCCCCCCNCCC,3.3961005,-4.7486296,False,48,5,0.8,euclidean,random,StandardScaler_per_sample_dimension
CCCNC(=O)C1=CC=CC=C1C,14.957138,-8.835366,True,48,5,0.8,euclidean,random,StandardScaler_per_sample_dimension
CC1CCC(C)C1,4.7002954,10.386295,False,48,5,0.8,euclidean,random,StandardScaler_per_sample_dimension
*NC(=O)CCCCC,-1.5068831,7.1888776,False,48,5,0.8,euclidean,random,StandardScaler_per_sample_dimension
CNCC1=CC(NC)=CC=C1,10.93364,-14.521876,False,48,5,0.8,euclidean,random,StandardScaler_per_sample_dimension
CNC(=O)C1=CC(NC)=CC=C1,10.974566,-14.6026,False,48,5,0.8,euclidean,random,StandardScaler_per_sample_dimension
CNCC1=CC(NC=O)=CC=C1,11.040956,-14.680215,False,48,5,0.8,euclidean,random,StandardScaler_per_sample_dimension
CNC(=O)C1=CC(NC=O)=CC=C1,10.943646,-14.547846,False,48,5,0.8,euclidean,random,StandardScaler_per_sample_dimension
CNC1=CC(CN)=CC=C1,11.127008,-14.79453,True,48,5,0.8,euclidean,random,StandardScaler_per_sample_dimension
CNC1=CC=CC(CN)=C1,11.130965,-14.789888,False,48,5,0.8,euclidean,random,StandardScaler_per_sample_dimension
CNC1=CC(C(N)=O)=CC=C1,11.144606,-14.807061,False,48,5,0.8,euclidean,random,StandardScaler_per_sample_dimension
CNC1=CC=CC(C(N)=O)=C1,11.379268,-14.9946165,False,48,5,0.8,euclidean,random,StandardScaler_per_sample_dimension
NCC1=CC(NC=O)=CC=C1,11.190822,-14.835533,False,48,5,0.8,euclidean,random,StandardScaler_per_sample_dimension
NCC1=CC=CC(NC=O)=C1,11.251333,-14.898507,False,48,5,0.8,euclidean,random,StandardScaler_per_sample_dimension
NC(=O)C1=CC(NC=O)=CC=C1,11.217775,-14.841213,False,48,5,0.8,euclidean,random,StandardScaler_per_sample_dimension
NC(=O)C1=CC=CC(NC=O)=C1,11.0499,-14.71267,False,48,5,0.8,euclidean,random,StandardScaler_per_sample_dimension
CC(C)=CC1=CC=CC=C1,-6.695158,0.9949385,False,48,5,0.8,euclidean,random,StandardScaler_per_sample_dimension
C(=C/C1=CC=CC=C1)\C1=CC=CC=C1,0.24730442,-16.016045,False,48,5,0.8,euclidean,random,StandardScaler_per_sample_dimension
C(=C\C1=CC=CC=C1)\C1=CC=CC=C1,0.18069041,-15.996388,True,48,5,0.8,euclidean,random,StandardScaler_per_sample_dimension
CCCOC1=CC=C(CO)C=C1,17.79139,13.547054,False,48,5,0.8,euclidean,random,StandardScaler_per_sample_dimension
CCN(C)CC1=CC=C(C)C=C1,8.146872,-9.092248,False,48,5,0.8,euclidean,random,StandardScaler_per_sample_dimension
CCN(C)C(=O)C1=CC=C(C)C=C1,8.19746,-9.048243,True,48,5,0.8,euclidean,random,StandardScaler_per_sample_dimension
CC(CO)NC=O,10.901864,16.788574,False,48,5,0.8,euclidean,random,StandardScaler_per_sample_dimension
*C(C=O)CC=O,11.37227,4.584734,True,48,5,0.8,euclidean,random,StandardScaler_per_sample_dimension
C1=CC=C(N2C=CC=C2)C=C1,15.446884,-6.3713036,True,48,5,0.8,euclidean,random,StandardScaler_per_sample_dimension
*CCOC(C)=O,-5.4549375,11.826903,False,48,5,0.8,euclidean,random,StandardScaler_per_sample_dimension
*OC1=CC=C(SC)C=C1,3.027397,14.32484,False,48,5,0.8,euclidean,random,StandardScaler_per_sample_dimension
CNC1=CC=C(C(C)C2=CC=CC=C2)C=C1,7.3813396,7.414926,False,48,5,0.8,euclidean,random,StandardScaler_per_sample_dimension
CCCCC(C)C=O,4.894243,3.6585267,False,48,5,0.8,euclidean,random,StandardScaler_per_sample_dimension
C=CCCCCC,-8.11861,2.7140176,False,48,5,0.8,euclidean,random,StandardScaler_per_sample_dimension
CC1=CC=C(C2=CC=C(C=O)C(C)=C2)C=C1C,-0.2992879,17.773796,False,48,5,0.8,euclidean,random,StandardScaler_per_sample_dimension
CCCCCCN(CC)CC,-8.600254,13.911842,False,48,5,0.8,euclidean,random,StandardScaler_per_sample_dimension
CCCOCCNC,6.0970035,15.951938,True,48,5,0.8,euclidean,random,StandardScaler_per_sample_dimension
CC1=CC=C(OC2=C(C)C=CC=C2)C=C1,13.08546,9.949841,True,48,5,0.8,euclidean,random,StandardScaler_per_sample_dimension
CC1=CC=C(OC2=CC=CC=C2C)C=C1,12.965627,9.851024,False,48,5,0.8,euclidean,random,StandardScaler_per_sample_dimension
CCOCC(C)NC,8.9990635,16.531628,True,48,5,0.8,euclidean,random,StandardScaler_per_sample_dimension
*C1=C(C)C=C(C)C=C1,6.3646708,10.329659,False,48,5,0.8,euclidean,random,StandardScaler_per_sample_dimension
*C1=CC=C(C)C=C1C,6.5101514,10.2028265,True,48,5,0.8,euclidean,random,StandardScaler_per_sample_dimension
CCNCC(=O)O,11.821153,15.435048,False,48,5,0.8,euclidean,random,StandardScaler_per_sample_dimension
*N1CC2=C(C=C(C3=CC=CC=C3)C=C2)C1,19.731112,5.2662377,True,48,5,0.8,euclidean,random,StandardScaler_per_sample_dimension
*N1CC2=CC=C(C3=CC=CC=C3)C=C2C1,19.835348,5.3790936,False,48,5,0.8,euclidean,random,StandardScaler_per_sample_dimension
*N1CC2=C(C=C(C3=CC=CC=C3)C=C2)C1=O,19.668919,5.1816983,False,48,5,0.8,euclidean,random,StandardScaler_per_sample_dimension
*N1CC2=C(C=CC(C3=CC=CC=C3)=C2)C1=O,19.599422,5.1746736,False,48,5,0.8,euclidean,random,StandardScaler_per_sample_dimension
*N1CC2=CC(C3=CC=CC=C3)=CC=C2C1=O,19.715624,5.3022923,False,48,5,0.8,euclidean,random,StandardScaler_per_sample_dimension
*N1CC2=CC=C(C3=CC=CC=C3)C=C2C1=O,19.61116,5.2640476,False,48,5,0.8,euclidean,random,StandardScaler_per_sample_dimension
CCC(=O)NCCOC,8.714283,15.612115,True,48,5,0.8,euclidean,random,StandardScaler_per_sample_dimension
COC(=O)CN,10.59106,15.862967,True,48,5,0.8,euclidean,random,StandardScaler_per_sample_dimension
COCC(C)NC=O,10.370221,15.7249775,False,48,5,0.8,euclidean,random,StandardScaler_per_sample_dimension
CCCC(CC)C1=CC=C(O)C=C1,0.12530512,9.580178,True,48,5,0.8,euclidean,random,StandardScaler_per_sample_dimension
CNC(=O)C(C)C,8.052142,10.71027,True,48,5,0.8,euclidean,random,StandardScaler_per_sample_dimension
CCCCNC(=O)CCCC,2.483613,-4.1705236,False,48,5,0.8,euclidean,random,StandardScaler_per_sample_dimension
CCCNCC1=CC=CC=C1C=O,15.142713,-8.992553,False,48,5,0.8,euclidean,random,StandardScaler_per_sample_dimension
CCCCCCNC(=O)CCC,2.3877203,-3.6780531,False,48,5,0.8,euclidean,random,StandardScaler_per_sample_dimension
CCCNC(=O)C1=CC=CC=C1C=O,21.35625,5.376019,False,48,5,0.8,euclidean,random,StandardScaler_per_sample_dimension
CCCCCCCCCOC1=CC=C(C)C=C1,0.942011,7.1811247,False,48,5,0.8,euclidean,random,StandardScaler_per_sample_dimension
CCCOC1=CC=C(COC)C=C1,17.719454,13.35259,False,48,5,0.8,euclidean,random,StandardScaler_per_sample_dimension
CCCOC1=CC=C(C(=O)O)C=C1,17.702112,13.475358,False,48,5,0.8,euclidean,random,StandardScaler_per_sample_dimension
CC1=CC(COC2=CC=CC=C2)=CC=C1,20.230015,-10.803826,False,48,5,0.8,euclidean,random,StandardScaler_per_sample_dimension
CC1=CC=CC(COC2=CC=CC=C2)=C1,20.250854,-10.948104,False,48,5,0.8,euclidean,random,StandardScaler_per_sample_dimension
CC1=CC(C(=O)OC2=CC=CC=C2)=CC=C1,20.229088,-10.896254,False,48,5,0.8,euclidean,random,StandardScaler_per_sample_dimension
CC1=CC=CC(C(=O)OC2=CC=CC=C2)=C1,20.386456,-10.703246,False,48,5,0.8,euclidean,random,StandardScaler_per_sample_dimension
*C(C)OC,-4.9327917,11.762704,True,48,5,0.8,euclidean,random,StandardScaler_per_sample_dimension
O=CNCC(=O)O,11.76089,15.557682,False,48,5,0.8,euclidean,random,StandardScaler_per_sample_dimension
CCCCNCCOC,8.218438,16.482496,True,48,5,0.8,euclidean,random,StandardScaler_per_sample_dimension
CNCC(=O)OC,10.276202,15.332013,False,48,5,0.8,euclidean,random,StandardScaler_per_sample_dimension
*CC1=CC=C(CO)C=C1,11.692364,3.5624974,False,48,5,0.8,euclidean,random,StandardScaler_per_sample_dimension
*OC1=CC=C(SC2=CC=CC=C2)C=C1,2.7065334,14.332088,False,48,5,0.8,euclidean,random,StandardScaler_per_sample_dimension
CC(F)(F)C(F)(F)C(F)F,10.759005,12.563847,False,48,5,0.8,euclidean,random,StandardScaler_per_sample_dimension
CCCCCC1=CC=C(OC)C=C1,-0.67238754,9.870703,False,48,5,0.8,euclidean,random,StandardScaler_per_sample_dimension
CCNC1=CC(NC)=CC=C1,9.507594,-13.238493,False,48,5,0.8,euclidean,random,StandardScaler_per_sample_dimension
CCNC1=CC=CC(NC)=C1,9.311838,-13.091452,False,48,5,0.8,euclidean,random,StandardScaler_per_sample_dimension
CC1=CC(C(C)C)=CC(C)=C1,4.434135,-9.47001,True,48,5,0.8,euclidean,random,StandardScaler_per_sample_dimension
CC1=CC(C)=CC(C(C)C)=C1,4.3684516,-9.416639,False,48,5,0.8,euclidean,random,StandardScaler_per_sample_dimension
CCCN1CC2=C(C=CC=C2)C1=O,14.993104,-8.883872,False,48,5,0.8,euclidean,random,StandardScaler_per_sample_dimension
CCCN1CC2=CC=CC=C2C1=O,15.1316395,-8.929256,False,48,5,0.8,euclidean,random,StandardScaler_per_sample_dimension
CCC(CC)COC,6.125559,4.470135,False,48,5,0.8,euclidean,random,StandardScaler_per_sample_dimension
*C1=CC=C(C(C)C2=CC=C(O)C=C2)C=C1,3.4217024,12.131903,True,48,5,0.8,euclidean,random,StandardScaler_per_sample_dimension
CC1=CC(OC2=CC=C(CN)C=C2)=CC=C1,-7.926703,4.890529,True,48,5,0.8,euclidean,random,StandardScaler_per_sample_dimension
CC1=CC(OC2=CC=C(C(N)=O)C=C2)=CC=C1,-7.6542244,5.1095266,False,48,5,0.8,euclidean,random,StandardScaler_per_sample_dimension
CCCN1CC2=C(C=CC=C2)C1,21.125748,5.148875,False,48,5,0.8,euclidean,random,StandardScaler_per_sample_dimension
CCCN1CC2=CC=CC=C2C1,21.199398,5.2862396,False,48,5,0.8,euclidean,random,StandardScaler_per_sample_dimension
CCCN1C(=O)C2=C(C=CC=C2)C1=O,21.19717,5.2569413,False,48,5,0.8,euclidean,random,StandardScaler_per_sample_dimension
CCCN1C(=O)C2=CC=CC=C2C1=O,21.157066,5.2636256,False,48,5,0.8,euclidean,random,StandardScaler_per_sample_dimension
CCNC(C)COCC,8.484944,16.295458,True,48,5,0.8,euclidean,random,StandardScaler_per_sample_dimension
CCC(=O)NCC=O,-0.26900697,-4.6144066,False,48,5,0.8,euclidean,random,StandardScaler_per_sample_dimension
CC(N)C(=O)O,11.167027,16.266386,False,48,5,0.8,euclidean,random,StandardScaler_per_sample_dimension
CC(=O)NC(C)CO,10.989341,16.83468,False,48,5,0.8,euclidean,random,StandardScaler_per_sample_dimension
*C1=CC=C(NC=O)C=C1,13.260175,-10.740243,True,48,5,0.8,euclidean,random,StandardScaler_per_sample_dimension
COCCCC1=CC=CC=C1,-0.6235022,13.94505,False,48,5,0.8,euclidean,random,StandardScaler_per_sample_dimension
CCCCCCCCC(C)C,1.535251,11.409413,False,48,5,0.8,euclidean,random,StandardScaler_per_sample_dimension
CCCCCN(CC)C(C)=O,0.74954224,-1.695975,False,48,5,0.8,euclidean,random,StandardScaler_per_sample_dimension
CCCCCCCCC(=O)O,5.053911,0.06551211,True,48,5,0.8,euclidean,random,StandardScaler_per_sample_dimension
C=CC1=CC=C(O)C=C1,20.996761,24.117134,True,48,5,0.8,euclidean,random,StandardScaler_per_sample_dimension
CCCC1=CC=C(OCC)C=C1,13.191236,26.638485,True,48,5,0.8,euclidean,random,StandardScaler_per_sample_dimension
CCCOC1=CC=C(C(=O)OC)C=C1,17.751114,13.451935,True,48,5,0.8,euclidean,random,StandardScaler_per_sample_dimension
*CCNC=O,11.647573,-2.9402132,True,48,5,0.8,euclidean,random,StandardScaler_per_sample_dimension
CNC(C)C(=O)O,11.212599,16.457264,False,48,5,0.8,euclidean,random,StandardScaler_per_sample_dimension
CC(=O)NCC(=O)O,11.763186,15.759756,False,48,5,0.8,euclidean,random,StandardScaler_per_sample_dimension
NCCOC=O,5.5707192,15.499241,True,48,5,0.8,euclidean,random,StandardScaler_per_sample_dimension
COC(=O)C(C)N,10.730258,16.07643,False,48,5,0.8,euclidean,random,StandardScaler_per_sample_dimension
COC(=O)CNC=O,10.494461,15.484679,False,48,5,0.8,euclidean,random,StandardScaler_per_sample_dimension
CCNCC(=O)OC,10.082631,15.363987,False,48,5,0.8,euclidean,random,StandardScaler_per_sample_dimension
COCC(C)NC(C)=O,10.09573,15.898496,False,48,5,0.8,euclidean,random,StandardScaler_per_sample_dimension
CCCCC(C)C1=CC=C(OC)C=C1,-0.7518238,9.824023,True,48,5,0.8,euclidean,random,StandardScaler_per_sample_dimension
CCC(C)CCCNC,9.973007,3.6091995,True,48,5,0.8,euclidean,random,StandardScaler_per_sample_dimension
CCCCCCCCCNC=O,2.9653819,-1.7766546,True,48,5,0.8,euclidean,random,StandardScaler_per_sample_dimension
CCCCCCN(C=O)CC,0.7464374,-1.8145983,False,48,5,0.8,euclidean,random,StandardScaler_per_sample_dimension
CC1CCCCC1C,3.1132305,10.405681,True,48,5,0.8,euclidean,random,StandardScaler_per_sample_dimension
CCNC1=CC=C(C2=CC=CC=C2)C=C1,4.014156,6.6972747,False,48,5,0.8,euclidean,random,StandardScaler_per_sample_dimension
CC(=O)NC1=CC=C(C2=CC=CC=C2)C=C1,4.067276,6.6504574,True,48,5,0.8,euclidean,random,StandardScaler_per_sample_dimension
CCOCCC(C)C,5.8915358,3.505668,False,48,5,0.8,euclidean,random,StandardScaler_per_sample_dimension
CC(=O)NC1=CC=C(C=O)C=C1,7.208364,10.666902,True,48,5,0.8,euclidean,random,StandardScaler_per_sample_dimension
CC1=CC(C(C)(C)C2=CC=CC(C)=C2)=CC=C1,-7.829611,-11.539578,True,48,5,0.8,euclidean,random,StandardScaler_per_sample_dimension
CC1=CC=CC(C(C)(C)C2=CC(C)=CC=C2)=C1,-8.076005,-11.584328,False,48,5,0.8,euclidean,random,StandardScaler_per_sample_dimension
CC1=CC=CC(C(C)(C)C2=CC=CC(C)=C2)=C1,-7.8301206,-11.574224,False,48,5,0.8,euclidean,random,StandardScaler_per_sample_dimension
OC1=CC2=CC=CC=C2C=C1,-14.522769,10.530328,False,48,5,0.8,euclidean,random,StandardScaler_per_sample_dimension
OC1=CC=C2C=CC=CC2=C1,-14.469388,10.6056,True,48,5,0.8,euclidean,random,StandardScaler_per_sample_dimension
CC(O)COC=O,-1.2487186,2.2518587,True,48,5,0.8,euclidean,random,StandardScaler_per_sample_dimension
CCN(CCO)C1=CC=CC=C1,4.5528526,15.512384,True,48,5,0.8,euclidean,random,StandardScaler_per_sample_dimension
CCCNC(=O)C1=CC=C(C)C=C1,6.453138,-10.689418,True,48,5,0.8,euclidean,random,StandardScaler_per_sample_dimension
COC1=CC(OC)=CC=C1,0.80364126,-9.292175,False,48,5,0.8,euclidean,random,StandardScaler_per_sample_dimension
COC1=CC=CC(OC)=C1,0.84276557,-9.260229,False,48,5,0.8,euclidean,random,StandardScaler_per_sample_dimension
*CCCCOCC,7.073742,2.2382305,True,48,5,0.8,euclidean,random,StandardScaler_per_sample_dimension
CCCNC(C)C=O,-0.34826615,-4.6807528,True,48,5,0.8,euclidean,random,StandardScaler_per_sample_dimension
CC(NC=O)C(=O)O,11.330608,16.45087,False,48,5,0.8,euclidean,random,StandardScaler_per_sample_dimension
*CCNC1=CC=CC=C1,11.642365,5.862765,False,48,5,0.8,euclidean,random,StandardScaler_per_sample_dimension
CNC(C)C(=O)OC,10.448942,15.649967,False,48,5,0.8,euclidean,random,StandardScaler_per_sample_dimension
CNC1=CC(NC(C)=O)=CC=C1,9.441969,-13.089476,False,48,5,0.8,euclidean,random,StandardScaler_per_sample_dimension
CNC1=CC=CC(NC(C)=O)=C1,9.607108,-13.033951,False,48,5,0.8,euclidean,random,StandardScaler_per_sample_dimension
CC(C)CC(C)C(C)C,2.625718,10.706108,True,48,5,0.8,euclidean,random,StandardScaler_per_sample_dimension
CCCCC(C)OC,-2.1860788,4.814883,False,48,5,0.8,euclidean,random,StandardScaler_per_sample_dimension
CCC#N,1.1259311,16.409502,False,48,5,0.8,euclidean,random,StandardScaler_per_sample_dimension
CC1=CC=C(C2=CC=C(CN)C=C2)C=C1C,6.921513,21.1142,False,48,5,0.8,euclidean,random,StandardScaler_per_sample_dimension
CC1=CC=C(C2=CC=C(C(N)=O)C=C2)C=C1C,6.6836762,21.314695,False,48,5,0.8,euclidean,random,StandardScaler_per_sample_dimension
CC1=CC=C(C2=CC=C(CN)C(C)=C2)C=C1C,6.7616873,21.277002,False,48,5,0.8,euclidean,random,StandardScaler_per_sample_dimension
NCC1=CC=C(C2=CC=C(C=O)C=C2)C=C1,6.333288,21.700302,True,48,5,0.8,euclidean,random,StandardScaler_per_sample_dimension
NC(=O)C1=CC=C(C2=CC=C(C=O)C=C2)C=C1,6.241922,21.702795,False,48,5,0.8,euclidean,random,StandardScaler_per_sample_dimension
CC(C)(C)CO,5.212139,7.4033318,False,48,5,0.8,euclidean,random,StandardScaler_per_sample_dimension
CCCOC1=CC=C(OC)C=C1,1.0749836,13.091312,False,48,5,0.8,euclidean,random,StandardScaler_per_sample_dimension
O=CC1=CC=CC=C1C1=CC=CC=C1,-13.403154,-5.94271,False,48,5,0.8,euclidean,random,StandardScaler_per_sample_dimension
N=NC1=CC=C(N)C=C1,-2.5292983,10.237907,False,48,5,0.8,euclidean,random,StandardScaler_per_sample_dimension
CC1=C(CO)C=CC=C1,5.0525165,27.395128,False,48,5,0.8,euclidean,random,StandardScaler_per_sample_dimension
CC1=CC=CC=C1CO,5.112221,27.359274,True,48,5,0.8,euclidean,random,StandardScaler_per_sample_dimension
CCOCC(N)CC,9.078856,16.90841,True,48,5,0.8,euclidean,random,StandardScaler_per_sample_dimension
CCC(=O)NC(C)C=O,-0.30804354,-4.597054,False,48,5,0.8,euclidean,random,StandardScaler_per_sample_dimension
CCNC(C)C(=O)O,11.241704,16.54794,False,48,5,0.8,euclidean,random,StandardScaler_per_sample_dimension
COC(=O)C(C)NC=O,10.461013,15.550661,False,48,5,0.8,euclidean,random,StandardScaler_per_sample_dimension
COC(=O)CNC(C)=O,9.893499,15.474331,False,48,5,0.8,euclidean,random,StandardScaler_per_sample_dimension
CCCC(C)F,10.436744,14.011088,False,48,5,0.8,euclidean,random,StandardScaler_per_sample_dimension
CCC1CCCC(C)C1,1.6438794,9.901344,True,48,5,0.8,euclidean,random,StandardScaler_per_sample_dimension
CCCCCCCCCC(=O)NC,3.8642852,-2.0503778,False,48,5,0.8,euclidean,random,StandardScaler_per_sample_dimension
CC(=O)OC1=CC=C(C(C)C)C=C1,4.1405964,6.39508,False,48,5,0.8,euclidean,random,StandardScaler_per_sample_dimension
CC1=C(C)C=C(CC2=CC=CC=C2)C=C1,20.560884,-8.951079,True,48,5,0.8,euclidean,random,StandardScaler_per_sample_dimension
CC1=CC=C(CC2=CC=CC=C2)C=C1C,20.547255,-8.99739,False,48,5,0.8,euclidean,random,StandardScaler_per_sample_dimension
CCCC(=O)NC(C)C,15.375489,18.353445,False,48,5,0.8,euclidean,random,StandardScaler_per_sample_dimension
CCCCCCOC(=O)C1=CC=CC=C1,1.5166694,-0.039815735,True,48,5,0.8,euclidean,random,StandardScaler_per_sample_dimension
CCCCNC(C)C,15.529944,18.275743,True,48,5,0.8,euclidean,random,StandardScaler_per_sample_dimension
CCOC1=CC=C(COC2=CC=CC=C2)C=C1,-5.662536,24.05875,True,48,5,0.8,euclidean,random,StandardScaler_per_sample_dimension
CCC(CO)NC=O,10.280363,17.197136,False,48,5,0.8,euclidean,random,StandardScaler_per_sample_dimension
CC(=O)NC(C)C(=O)O,11.382948,16.48153,False,48,5,0.8,euclidean,random,StandardScaler_per_sample_dimension
CCC(COC)NC=O,10.529159,15.983349,False,48,5,0.8,euclidean,random,StandardScaler_per_sample_dimension
*N1CC2=CC=C(C3=CC=C(C)C=C3)C=C2C1,19.569624,5.1394544,False,48,5,0.8,euclidean,random,StandardScaler_per_sample_dimension
CCNC(C)C(=O)OC,10.049714,15.624672,False,48,5,0.8,euclidean,random,StandardScaler_per_sample_dimension
CCC(F)CC,11.3571005,12.845711,True,48,5,0.8,euclidean,random,StandardScaler_per_sample_dimension
CCCCCCC1=CC=C(OC)C=C1,-0.48099357,9.801887,False,48,5,0.8,euclidean,random,StandardScaler_per_sample_dimension
CC(C)C1=CC=C(OC2=CC=C(N)C=C2)C=C1,-2.7929778,13.214323,False,48,5,0.8,euclidean,random,StandardScaler_per_sample_dimension
CC(C)C(C)C=O,6.828942,3.428949,False,48,5,0.8,euclidean,random,StandardScaler_per_sample_dimension
CPC,-7.782765,-2.480005,False,48,5,0.8,euclidean,random,StandardScaler_per_sample_dimension
NCCCCCCNC=O,-9.778706,16.045353,False,48,5,0.8,euclidean,random,StandardScaler_per_sample_dimension
CCCCCCCCCOCCC,5.4716496,14.002412,True,48,5,0.8,euclidean,random,StandardScaler_per_sample_dimension
CNC1=CC(OC)=CC=C1,21.008307,20.96793,False,48,5,0.8,euclidean,random,StandardScaler_per_sample_dimension
CNC1=CC=CC(OC)=C1,21.164217,21.120152,False,48,5,0.8,euclidean,random,StandardScaler_per_sample_dimension
O=CCCCO,12.099333,1.7035568,False,48,5,0.8,euclidean,random,StandardScaler_per_sample_dimension
*CCCOCCCCCCC,6.7624207,0.42282483,True,48,5,0.8,euclidean,random,StandardScaler_per_sample_dimension
CCCCCCCCC(=O)OC,5.134165,-0.022228902,False,48,5,0.8,euclidean,random,StandardScaler_per_sample_dimension
NCCN,3.1653616,4.934438,False,48,5,0.8,euclidean,random,StandardScaler_per_sample_dimension
COC1=CC=C(OC=O)C=C1,1.451506,12.289658,True,48,5,0.8,euclidean,random,StandardScaler_per_sample_dimension
CC(O)COC1=CC=CC=C1,2.9304168,7.6350245,True,48,5,0.8,euclidean,random,StandardScaler_per_sample_dimension
CCOCC(CC)NC,9.379333,16.749743,False,48,5,0.8,euclidean,random,StandardScaler_per_sample_dimension
COCCCCOC,10.557676,1.762035,False,48,5,0.8,euclidean,random,StandardScaler_per_sample_dimension
CCCNC(C)CO,8.313851,15.372914,True,48,5,0.8,euclidean,random,StandardScaler_per_sample_dimension
CCCNCC(=O)O,-0.45973164,-4.448059,False,48,5,0.8,euclidean,random,StandardScaler_per_sample_dimension
CCCNC(C)COC,9.143444,15.300307,False,48,5,0.8,euclidean,random,StandardScaler_per_sample_dimension
*C1=CC=C(C(C)(C)C2=CC=C(O)C=C2)C=C1,3.595803,11.941103,False,48,5,0.8,euclidean,random,StandardScaler_per_sample_dimension
COC(=O)C(C)NC(C)=O,9.856089,15.428137,False,48,5,0.8,euclidean,random,StandardScaler_per_sample_dimension
CCC(F)C(C)F,9.7243595,14.269116,False,48,5,0.8,euclidean,random,StandardScaler_per_sample_dimension
CCCC(C)(F)F,11.563844,12.884938,False,48,5,0.8,euclidean,random,StandardScaler_per_sample_dimension
CCC1=CC(C)=C(O)C=C1,26.030611,10.382514,False,48,5,0.8,euclidean,random,StandardScaler_per_sample_dimension
CCC1=CC=C(O)C(C)=C1,26.134087,10.317897,True,48,5,0.8,euclidean,random,StandardScaler_per_sample_dimension
CC1=C(C)C(C2=CC=CC=C2)=CC=C1,18.60064,3.6440525,False,48,5,0.8,euclidean,random,StandardScaler_per_sample_dimension
CNCCOC=O,5.7389245,15.6921835,False,48,5,0.8,euclidean,random,StandardScaler_per_sample_dimension
O=CC1=C(O)C=CC=C1,-9.737158,-2.948105,False,48,5,0.8,euclidean,random,StandardScaler_per_sample_dimension
O=CC1=CC=CC=C1O,-9.652549,-2.7775965,False,48,5,0.8,euclidean,random,StandardScaler_per_sample_dimension
NCC1=CC=C(CNC2=CC=C(O)C=C2)C=C1,-2.6620905,14.016394,True,48,5,0.8,euclidean,random,StandardScaler_per_sample_dimension
NC1=CC(CNC2=CC=CC=C2)=CC=C1,11.280342,26.439983,False,48,5,0.8,euclidean,random,StandardScaler_per_sample_dimension
NC1=CC=CC(CNC2=CC=CC=C2)=C1,11.119537,26.29893,False,48,5,0.8,euclidean,random,StandardScaler_per_sample_dimension
NC1=CC(C(=O)NC2=CC=CC=C2)=CC=C1,11.0410385,26.417013,False,48,5,0.8,euclidean,random,StandardScaler_per_sample_dimension
NC1=CC=CC(C(=O)NC2=CC=CC=C2)=C1,11.054141,26.218073,False,48,5,0.8,euclidean,random,StandardScaler_per_sample_dimension
CCOCC(C)NC=O,8.108882,16.486197,False,48,5,0.8,euclidean,random,StandardScaler_per_sample_dimension
CCNCC1=C(C)C=C(C)C=C1,21.998096,-5.2275853,True,48,5,0.8,euclidean,random,StandardScaler_per_sample_dimension
CCNCC1=C(C)C=CC(C)=C1,21.97211,-5.241269,False,48,5,0.8,euclidean,random,StandardScaler_per_sample_dimension
CCNCC1=CC(C)=CC=C1C,21.836456,-5.084906,False,48,5,0.8,euclidean,random,StandardScaler_per_sample_dimension
CCNCC1=CC=C(C)C=C1C,21.840822,-5.0788407,False,48,5,0.8,euclidean,random,StandardScaler_per_sample_dimension
CCC(=O)NC(C)CO,8.3993,15.264073,False,48,5,0.8,euclidean,random,StandardScaler_per_sample_dimension
O=C(O)CCC1=CC=CC=C1,-0.18070357,14.123727,False,48,5,0.8,euclidean,random,StandardScaler_per_sample_dimension
*NCC1=CC=C(C=O)C=C1,5.185283,-11.349033,True,48,5,0.8,euclidean,random,StandardScaler_per_sample_dimension
*NC(=O)C1=CC=C(C=O)C=C1,5.3139315,-11.293259,False,48,5,0.8,euclidean,random,StandardScaler_per_sample_dimension
CCC(=O)NC(C)COC,9.04914,15.361491,False,48,5,0.8,euclidean,random,StandardScaler_per_sample_dimension
*S,4.3231444,10.294709,False,48,5,0.8,euclidean,random,StandardScaler_per_sample_dimension
*OCN,25.444635,6.5735917,True,48,5,0.8,euclidean,random,StandardScaler_per_sample_dimension
*OC(N)=O,25.374462,6.462374,False,48,5,0.8,euclidean,random,StandardScaler_per_sample_dimension
CCCNCC(=O)OC,9.395592,15.208305,True,48,5,0.8,euclidean,random,StandardScaler_per_sample_dimension
CCC(F)C(C)(F)F,10.389447,13.767157,False,48,5,0.8,euclidean,random,StandardScaler_per_sample_dimension
CCNC1=CC(NC=O)=CC=C1,9.514515,-13.32374,False,48,5,0.8,euclidean,random,StandardScaler_per_sample_dimension
CCNC1=CC=CC(NC=O)=C1,9.469879,-13.297967,False,48,5,0.8,euclidean,random,StandardScaler_per_sample_dimension
CC(=O)NC1=CC(NC=O)=CC=C1,9.280161,-13.304203,False,48,5,0.8,euclidean,random,StandardScaler_per_sample_dimension
CC(=O)NC1=CC=CC(NC=O)=C1,9.451447,-13.303082,False,48,5,0.8,euclidean,random,StandardScaler_per_sample_dimension
CNCCN,2.567962,4.8032246,False,48,5,0.8,euclidean,random,StandardScaler_per_sample_dimension
CCC(F)(F)CC,11.717337,13.171226,False,48,5,0.8,euclidean,random,StandardScaler_per_sample_dimension
CCC1=CC=C(OCC2=CC=CC=C2)C=C1,4.075086,6.930203,False,48,5,0.8,euclidean,random,StandardScaler_per_sample_dimension
CCOCCCCO,10.153282,1.493235,True,48,5,0.8,euclidean,random,StandardScaler_per_sample_dimension
CCCCCOC1=CC=C(CC)C=C1,-7.8507032,-4.1889977,True,48,5,0.8,euclidean,random,StandardScaler_per_sample_dimension
CC1=CC=C(CC2=CC=C(C=O)C=C2)C=C1,6.3056846,12.16848,False,48,5,0.8,euclidean,random,StandardScaler_per_sample_dimension
CNC1=CC(CNC2=CC=CC=C2)=CC=C1,15.003976,23.304873,False,48,5,0.8,euclidean,random,StandardScaler_per_sample_dimension
CNC1=CC=CC(CNC2=CC=CC=C2)=C1,15.124482,23.418076,False,48,5,0.8,euclidean,random,StandardScaler_per_sample_dimension
CNC1=CC(C(=O)NC2=CC=CC=C2)=CC=C1,15.036269,23.354042,False,48,5,0.8,euclidean,random,StandardScaler_per_sample_dimension
CNC1=CC=CC(C(=O)NC2=CC=CC=C2)=C1,15.112691,23.426086,False,48,5,0.8,euclidean,random,StandardScaler_per_sample_dimension
O=CNC1=CC(CNC2=CC=CC=C2)=CC=C1,15.079739,23.400038,False,48,5,0.8,euclidean,random,StandardScaler_per_sample_dimension
O=CNC1=CC=CC(CNC2=CC=CC=C2)=C1,15.205324,23.500017,False,48,5,0.8,euclidean,random,StandardScaler_per_sample_dimension
CCCCOC1=CC=C(OC)C=C1,0.94487333,13.318719,False,48,5,0.8,euclidean,random,StandardScaler_per_sample_dimension
COC1=CC=C(OC(C)=O)C=C1,1.1818621,12.493207,False,48,5,0.8,euclidean,random,StandardScaler_per_sample_dimension
C=CC1=CC=C(OC)C=C1,20.821627,24.064955,False,48,5,0.8,euclidean,random,StandardScaler_per_sample_dimension
CCOC(=O)CN,8.408723,16.9065,True,48,5,0.8,euclidean,random,StandardScaler_per_sample_dimension
CCOCCNC(=O)CC,7.5527287,15.563765,False,48,5,0.8,euclidean,random,StandardScaler_per_sample_dimension
CCCCC(=O)OC1=CC=C(C)C=C1,2.0091438,6.4279814,True,48,5,0.8,euclidean,random,StandardScaler_per_sample_dimension
CCNC(CC)CO,10.413617,16.99582,False,48,5,0.8,euclidean,random,StandardScaler_per_sample_dimension
CCC(CO)NC(C)=O,10.307301,17.05371,False,48,5,0.8,euclidean,random,StandardScaler_per_sample_dimension
CCC(=O)NCC(=O)O,-0.44788,-4.5183964,False,48,5,0.8,euclidean,random,StandardScaler_per_sample_dimension
CCCNC(C)C(=O)O,-0.6120981,-4.323582,False,48,5,0.8,euclidean,random,StandardScaler_per_sample_dimension
CC(N)CC1=CC=CC=C1,-5.1042833,6.0761685,False,48,5,0.8,euclidean,random,StandardScaler_per_sample_dimension
*CC1=C(C)C=CC=C1,-4.577089,28.51408,False,48,5,0.8,euclidean,random,StandardScaler_per_sample_dimension
*CC1=CC=CC=C1C,-4.640931,28.45768,True,48,5,0.8,euclidean,random,StandardScaler_per_sample_dimension
COC(=O)CCC1=CC=CC=C1,-0.5793642,14.261032,True,48,5,0.8,euclidean,random,StandardScaler_per_sample_dimension
CCCNC(C)C(=O)OC,9.623841,15.276012,False,48,5,0.8,euclidean,random,StandardScaler_per_sample_dimension
CCC(=O)NCC(=O)OC,9.337149,15.401755,False,48,5,0.8,euclidean,random,StandardScaler_per_sample_dimension
COC1=CC=C(C(C)CF)C=C1,7.8971667,0.78187925,False,48,5,0.8,euclidean,random,StandardScaler_per_sample_dimension
COC1=CC=C(C(C)C(F)F)C=C1,7.8441486,0.79111826,False,48,5,0.8,euclidean,random,StandardScaler_per_sample_dimension
CCC(F)(F)C(C)F,10.307504,13.939536,False,48,5,0.8,euclidean,random,StandardScaler_per_sample_dimension
COC1=CC=C(C(CF)C2=CC=CC=C2)C=C1,7.2956815,1.2145244,False,48,5,0.8,euclidean,random,StandardScaler_per_sample_dimension
COC1=CC=C(CCF)C=C1,7.391598,1.4204772,True,48,5,0.8,euclidean,random,StandardScaler_per_sample_dimension
COC1=CC=C(CC(F)F)C=C1,7.3704743,1.4232945,False,48,5,0.8,euclidean,random,StandardScaler_per_sample_dimension
CC1=CC=C(C(C)C2=CC=CC=C2)C=C1,6.7408657,12.041229,True,48,5,0.8,euclidean,random,StandardScaler_per_sample_dimension
CCCCCCN(CC)C(C)=O,0.69668525,-1.8797747,False,48,5,0.8,euclidean,random,StandardScaler_per_sample_dimension
CCC(C)CCO,-7.4946556,17.363394,True,48,5,0.8,euclidean,random,StandardScaler_per_sample_dimension
CCCCCCCNC1=CC=CC=C1,-6.042858,14.987535,True,48,5,0.8,euclidean,random,StandardScaler_per_sample_dimension
CCC1=CC=C(OC(=O)C2=CC=CC=C2)C=C1,3.9032562,6.830104,True,48,5,0.8,euclidean,random,StandardScaler_per_sample_dimension
C1=CC=C(C2CCCCC2)C=C1,0.4895589,9.745302,False,48,5,0.8,euclidean,random,StandardScaler_per_sample_dimension
C/C=C/C1=CC=C(O)C=C1,20.796082,24.4574,True,48,5,0.8,euclidean,random,StandardScaler_per_sample_dimension
C/C=C\C1=CC=C(O)C=C1,20.89937,24.399685,False,48,5,0.8,euclidean,random,StandardScaler_per_sample_dimension
CC=CC1=CC=C(O)C=C1,20.863613,24.545515,False,48,5,0.8,euclidean,random,StandardScaler_per_sample_dimension
COC1=CC(NC=O)=CC=C1,21.208008,21.166557,False,48,5,0.8,euclidean,random,StandardScaler_per_sample_dimension
COC1=CC=CC(NC=O)=C1,21.190586,21.193556,False,48,5,0.8,euclidean,random,StandardScaler_per_sample_dimension
*C(C)CC(C)C,7.8730326,7.757637,False,48,5,0.8,euclidean,random,StandardScaler_per_sample_dimension
*OC1=CC=C([SH]=O)C=C1,3.0558279,14.16991,False,48,5,0.8,euclidean,random,StandardScaler_per_sample_dimension
CC1=CC(C2=CC=C(C=O)C=C2)=CC=C1CN,6.4397817,21.505526,False,48,5,0.8,euclidean,random,StandardScaler_per_sample_dimension
O=CC1=CC=C(OC2=CC=CC(C=O)=C2)C=C1,-7.7183113,5.0167646,False,48,5,0.8,euclidean,random,StandardScaler_per_sample_dimension
CCC(=O)OC1=CC=C(CC)C=C1,-7.84013,-4.104029,True,48,5,0.8,euclidean,random,StandardScaler_per_sample_dimension
C1=CNC=N1,4.4017754,8.375281,True,48,5,0.8,euclidean,random,StandardScaler_per_sample_dimension
CCOC(=O)CNC,7.978366,16.706015,False,48,5,0.8,euclidean,random,StandardScaler_per_sample_dimension
CCCCNCC1=CC=C(C)C=C1,6.898244,-10.250367,True,48,5,0.8,euclidean,random,StandardScaler_per_sample_dimension
CCC(=O)NC(C)C(=O)O,-0.37801477,-4.5129657,True,48,5,0.8,euclidean,random,StandardScaler_per_sample_dimension
CNC(C)CC1=CC=CC=C1,-5.153291,5.99716,False,48,5,0.8,euclidean,random,StandardScaler_per_sample_dimension
CC(CC1=CC=CC=C1)NC=O,-5.118128,6.0638976,False,48,5,0.8,euclidean,random,StandardScaler_per_sample_dimension
COC1=CC=C(C2=CC=C(OC)C=C2)C=C1,4.5019073,8.357151,False,48,5,0.8,euclidean,random,StandardScaler_per_sample_dimension
CCC(=O)NC(C)C(=O)OC,9.359026,15.456879,False,48,5,0.8,euclidean,random,StandardScaler_per_sample_dimension
NCC1=CC=C(C2=CC=C(CN)C=C2)C=C1,19.346285,4.95149,False,48,5,0.8,euclidean,random,StandardScaler_per_sample_dimension
*CC1=CC=C(CNC2=CC=C(C)C=C2)C=C1,4.562435,8.684835,True,48,5,0.8,euclidean,random,StandardScaler_per_sample_dimension
COC1=CC=C(C(CF)CF)C=C1,7.497513,1.0390966,False,48,5,0.8,euclidean,random,StandardScaler_per_sample_dimension
CC(C)C(C)C(C)C,3.6999898,10.484729,False,48,5,0.8,euclidean,random,StandardScaler_per_sample_dimension
OCC(F)F,-2.2716846,-1.4466313,False,48,5,0.8,euclidean,random,StandardScaler_per_sample_dimension
COC1=CC=C(CC(F)(F)F)C=C1,5.804488,3.3938732,False,48,5,0.8,euclidean,random,StandardScaler_per_sample_dimension
CCC(CC)C1=CC=C(OC)C=C1,0.2272552,9.915038,False,48,5,0.8,euclidean,random,StandardScaler_per_sample_dimension
NCC1=CC=C(C2=CC=C(C(N)=O)C=C2)C=C1,6.445421,21.514284,False,48,5,0.8,euclidean,random,StandardScaler_per_sample_dimension
*OC1=CC=C(S(=O)C2=CC=CC=C2)C=C1,3.0941098,14.277997,False,48,5,0.8,euclidean,random,StandardScaler_per_sample_dimension
CC1=CC(C2=CC=C(CN)C=C2)=CC=C1C=O,6.579023,21.339127,False,48,5,0.8,euclidean,random,StandardScaler_per_sample_dimension
CC1=CC(OC2=CC(C=O)=CC=C2)=CC=C1,17.422594,15.215556,True,48,5,0.8,euclidean,random,StandardScaler_per_sample_dimension
CC1=CC(OC2=CC=CC(C=O)=C2)=CC=C1,17.553617,15.075215,False,48,5,0.8,euclidean,random,StandardScaler_per_sample_dimension
CC1=CC=CC(OC2=CC=CC(C=O)=C2)=C1,17.581123,15.147246,False,48,5,0.8,euclidean,random,StandardScaler_per_sample_dimension
NCC1=CC=C(CC2=CC=CC=C2)C=C1,9.7688675,-0.6609681,False,48,5,0.8,euclidean,random,StandardScaler_per_sample_dimension
NC(=O)C1=CC=C(CC2=CC=CC=C2)C=C1,9.761626,-0.63818794,False,48,5,0.8,euclidean,random,StandardScaler_per_sample_dimension
COC1=CC2=CC=CC=C2C=C1,-14.530644,10.695079,False,48,5,0.8,euclidean,random,StandardScaler_per_sample_dimension
COC1=CC=C2C=CC=CC2=C1,-14.459474,10.657861,False,48,5,0.8,euclidean,random,StandardScaler_per_sample_dimension
COC1=C(C=O)C=CC=C1,-9.675792,-2.8698077,True,48,5,0.8,euclidean,random,StandardScaler_per_sample_dimension
COC1=CC=CC=C1C=O,-9.556831,-2.9296222,False,48,5,0.8,euclidean,random,StandardScaler_per_sample_dimension
CCCOCCNCC,6.1965966,16.264338,True,48,5,0.8,euclidean,random,StandardScaler_per_sample_dimension
CCOC(=O)C(C)N,8.5245,16.656824,False,48,5,0.8,euclidean,random,StandardScaler_per_sample_dimension
CCOC(=O)CNC=O,7.8338847,16.602568,False,48,5,0.8,euclidean,random,StandardScaler_per_sample_dimension
CCOCC(C)NC(C)=O,8.07285,16.006895,False,48,5,0.8,euclidean,random,StandardScaler_per_sample_dimension
CCC(N)C(=O)O,10.231677,16.86874,False,48,5,0.8,euclidean,random,StandardScaler_per_sample_dimension
CCC(NC)C(=O)O,9.996046,16.710836,False,48,5,0.8,euclidean,random,StandardScaler_per_sample_dimension
CCC(NC=O)C(=O)O,10.145635,16.707806,False,48,5,0.8,euclidean,random,StandardScaler_per_sample_dimension
CCNC(C)CC1=CC=CC=C1,-5.243073,6.033045,False,48,5,0.8,euclidean,random,StandardScaler_per_sample_dimension
CC(=O)NC(C)CC1=CC=CC=C1,-5.2836256,6.1296067,False,48,5,0.8,euclidean,random,StandardScaler_per_sample_dimension
CC1=CC(OC2=CC=CC(C)=C2)=CC=C1,24.78938,16.340895,False,48,5,0.8,euclidean,random,StandardScaler_per_sample_dimension
CC1=CC=CC(OC2=CC=CC(C)=C2)=C1,24.677324,16.355902,False,48,5,0.8,euclidean,random,StandardScaler_per_sample_dimension
CCC(N)C(=O)OC,10.677214,15.763812,False,48,5,0.8,euclidean,random,StandardScaler_per_sample_dimension
CCC(NC)C(=O)OC,10.756008,15.669882,True,48,5,0.8,euclidean,random,StandardScaler_per_sample_dimension
CCC(NC=O)C(=O)OC,10.557238,15.555593,False,48,5,0.8,euclidean,random,StandardScaler_per_sample_dimension
O=CC1=CC=C(CC2=CC=C(C=O)C=C2)C=C1,6.612859,12.707157,False,48,5,0.8,euclidean,random,StandardScaler_per_sample_dimension
CCCC(C)CNC,4.4897676,1.9084692,False,48,5,0.8,euclidean,random,StandardScaler_per_sample_dimension
C/C=C/CCC,-8.874647,1.6549766,True,48,5,0.8,euclidean,random,StandardScaler_per_sample_dimension
C/C=C\CCC,-8.770557,1.7460694,False,48,5,0.8,euclidean,random,StandardScaler_per_sample_dimension
CC=CCCC,-8.661034,1.7684591,False,48,5,0.8,euclidean,random,StandardScaler_per_sample_dimension
CCCCC(C)(C)CCC,1.0779083,9.516059,False,48,5,0.8,euclidean,random,StandardScaler_per_sample_dimension
CNCCCCCCNC=O,-9.763808,16.065552,False,48,5,0.8,euclidean,random,StandardScaler_per_sample_dimension
CC(O)CCO,-2.282468,3.3931148,True,48,5,0.8,euclidean,random,StandardScaler_per_sample_dimension
COC1=C(O)C=CC=C1,-2.348333,20.703379,False,48,5,0.8,euclidean,random,StandardScaler_per_sample_dimension
COC1=CC=CC=C1O,-2.3786056,20.419918,False,48,5,0.8,euclidean,random,StandardScaler_per_sample_dimension
CCOCCOCCOCC,7.4030843,-4.0434155,True,48,5,0.8,euclidean,random,StandardScaler_per_sample_dimension
CNCC1=CC=C(CC2=CC=CC=C2)C=C1,9.950549,-1.0409186,False,48,5,0.8,euclidean,random,StandardScaler_per_sample_dimension
CNC(=O)C1=CC=C(CC2=CC=CC=C2)C=C1,10.115916,-1.0184993,False,48,5,0.8,euclidean,random,StandardScaler_per_sample_dimension
CCOCOC,-1.3934966,0.90336317,False,48,5,0.8,euclidean,random,StandardScaler_per_sample_dimension
*[SiH](C)O,9.199495,0.64179605,True,48,5,0.8,euclidean,random,StandardScaler_per_sample_dimension
NCC1=CC(OC2=CC=C(C=O)C=C2)=CC=C1,-7.8661704,4.9522595,False,48,5,0.8,euclidean,random,StandardScaler_per_sample_dimension
CCCOC1=CC=C(CC2=CC=CC=C2)C=C1,2.6248443,7.3751116,True,48,5,0.8,euclidean,random,StandardScaler_per_sample_dimension
OC1=C(O)C=CC=C1,-2.456542,20.580284,True,48,5,0.8,euclidean,random,StandardScaler_per_sample_dimension
OC1=CC=CC=C1O,-2.3068967,20.72308,False,48,5,0.8,euclidean,random,StandardScaler_per_sample_dimension
CCOC(=O)C(C)NC,8.142327,16.71973,False,48,5,0.8,euclidean,random,StandardScaler_per_sample_dimension
CCNCC(=O)OCC,7.6392846,16.137465,True,48,5,0.8,euclidean,random,StandardScaler_per_sample_dimension
CCCNC(C=O)CC,9.533215,15.591689,True,48,5,0.8,euclidean,random,StandardScaler_per_sample_dimension
CCC(=O)NC(C=O)CC,9.619083,15.643913,False,48,5,0.8,euclidean,random,StandardScaler_per_sample_dimension
O=CC1=CC(COC2=CC=CC=C2)=CC=C1,20.227024,-10.898725,False,48,5,0.8,euclidean,random,StandardScaler_per_sample_dimension
O=CC1=CC=CC(COC2=CC=CC=C2)=C1,20.329159,-10.93339,False,48,5,0.8,euclidean,random,StandardScaler_per_sample_dimension
O=CC1=CC(C(=O)OC2=CC=CC=C2)=CC=C1,20.14751,-10.657556,False,48,5,0.8,euclidean,random,StandardScaler_per_sample_dimension
O=CC1=CC=CC(C(=O)OC2=CC=CC=C2)=C1,20.279402,-10.855754,True,48,5,0.8,euclidean,random,StandardScaler_per_sample_dimension
CNCCCC1=CC=CC=C1,22.69705,14.703025,False,48,5,0.8,euclidean,random,StandardScaler_per_sample_dimension
CCCOC1=CC=C(N)C=C1,4.9691753,11.178628,True,48,5,0.8,euclidean,random,StandardScaler_per_sample_dimension
NCCCC1=CC=CC=C1,22.721504,14.77039,True,48,5,0.8,euclidean,random,StandardScaler_per_sample_dimension
*OC(C)C,0.5913013,7.0516624,True,48,5,0.8,euclidean,random,StandardScaler_per_sample_dimension
*OC1=CC=C([SH](=O)=O)C=C1,2.8522522,14.092819,False,48,5,0.8,euclidean,random,StandardScaler_per_sample_dimension
CC1=CC(CC2=CC(C)=CC(C)=C2)=CC=C1,-19.62475,8.878591,False,48,5,0.8,euclidean,random,StandardScaler_per_sample_dimension
CC1=CC=CC(CC2=CC(C)=CC(C)=C2)=C1,-19.49896,8.928317,False,48,5,0.8,euclidean,random,StandardScaler_per_sample_dimension
PC1=CC=CC=C1,-7.864805,-2.4239695,False,48,5,0.8,euclidean,random,StandardScaler_per_sample_dimension
*CC(C)CCCC,7.544035,7.9567184,False,48,5,0.8,euclidean,random,StandardScaler_per_sample_dimension
OC1=CC(NCC2=CC=CC=C2)=CC=C1,24.731153,4.12746,False,48,5,0.8,euclidean,random,StandardScaler_per_sample_dimension
OC1=CC=CC(NCC2=CC=CC=C2)=C1,24.852715,4.1771317,True,48,5,0.8,euclidean,random,StandardScaler_per_sample_dimension
O=C(NC1=CC(O)=CC=C1)C1=CC=CC=C1,24.972723,4.246419,False,48,5,0.8,euclidean,random,StandardScaler_per_sample_dimension
O=C(NC1=CC=CC(O)=C1)C1=CC=CC=C1,25.015104,4.252767,False,48,5,0.8,euclidean,random,StandardScaler_per_sample_dimension
CCNC1=CC(OC)=CC=C1,21.340971,21.282423,False,48,5,0.8,euclidean,random,StandardScaler_per_sample_dimension
COC1=CC=CC(NC(C)=O)=C1,21.256546,21.301468,False,48,5,0.8,euclidean,random,StandardScaler_per_sample_dimension
CC1=CC(C2=CC=C(CN)C=C2)=CC=C1CN,6.5288095,21.369438,False,48,5,0.8,euclidean,random,StandardScaler_per_sample_dimension
CCCOC1=CC(C)=CC=C1,11.405447,22.908451,False,48,5,0.8,euclidean,random,StandardScaler_per_sample_dimension
CCCOC1=CC=CC(C)=C1,11.634536,22.903547,False,48,5,0.8,euclidean,random,StandardScaler_per_sample_dimension
O=CCCC(=O)O,12.023586,1.9685587,True,48,5,0.8,euclidean,random,StandardScaler_per_sample_dimension
CC1=CC(C)=C(O)C(C)=C1,13.163737,10.422116,True,48,5,0.8,euclidean,random,StandardScaler_per_sample_dimension
COCCC(C)O,-1.5330368,3.7460039,False,48,5,0.8,euclidean,random,StandardScaler_per_sample_dimension
NC1=CC=C(S)C=C1,10.984754,6.7288547,True,48,5,0.8,euclidean,random,StandardScaler_per_sample_dimension
CC1=CC=CC=N1,-8.622369,-15.277163,True,48,5,0.8,euclidean,random,StandardScaler_per_sample_dimension
CC1=NC=CC=C1,-8.614786,-15.306756,False,48,5,0.8,euclidean,random,StandardScaler_per_sample_dimension
O=CCCCCCCCCC=O,8.054816,6.5604486,True,48,5,0.8,euclidean,random,StandardScaler_per_sample_dimension
CCOC(=O)C(C)NC=O,8.0322,16.578596,False,48,5,0.8,euclidean,random,StandardScaler_per_sample_dimension
CCOC(=O)CNC(C)=O,7.700592,16.155537,False,48,5,0.8,euclidean,random,StandardScaler_per_sample_dimension
*CCNC(C)=O,11.651816,-2.9295144,False,48,5,0.8,euclidean,random,StandardScaler_per_sample_dimension
CCNC(CC)C(=O)O,9.897441,16.422213,False,48,5,0.8,euclidean,random,StandardScaler_per_sample_dimension
CCC(NC(C)=O)C(=O)O,9.91331,16.684166,False,48,5,0.8,euclidean,random,StandardScaler_per_sample_dimension
*[Si](C)(C)C,5.2433395,9.274792,True,48,5,0.8,euclidean,random,StandardScaler_per_sample_dimension
*COC1=CC=C(C)C=C1,4.84553,5.8269067,False,48,5,0.8,euclidean,random,StandardScaler_per_sample_dimension
*OC1=CC=C(S(=O)(=O)C2=CC=CC=C2)C=C1,2.8964431,13.9225855,True,48,5,0.8,euclidean,random,StandardScaler_per_sample_dimension
CC(F)C(F)C(C)F,10.050708,14.383765,False,48,5,0.8,euclidean,random,StandardScaler_per_sample_dimension
CC(F)CC(C)F,10.347836,14.076019,False,48,5,0.8,euclidean,random,StandardScaler_per_sample_dimension
CCC(F)(F)C(C)(F)F,11.374086,12.979849,False,48,5,0.8,euclidean,random,StandardScaler_per_sample_dimension
CC1=C(N2CC3=C(C=CC=C3)C2=O)C=CC=C1,23.860275,-2.5824196,False,48,5,0.8,euclidean,random,StandardScaler_per_sample_dimension
CC1=C(N2CC3=CC=CC=C3C2=O)C=CC=C1,23.808598,-2.6118035,False,48,5,0.8,euclidean,random,StandardScaler_per_sample_dimension
CC1=CC=CC=C1N1CC2=C(C=CC=C2)C1=O,23.83376,-2.645402,False,48,5,0.8,euclidean,random,StandardScaler_per_sample_dimension
CC1=CC=CC=C1N1CC2=CC=CC=C2C1=O,23.952234,-2.579599,False,48,5,0.8,euclidean,random,StandardScaler_per_sample_dimension
CC(C)CC(N)=O,3.2747238,1.3353125,False,48,5,0.8,euclidean,random,StandardScaler_per_sample_dimension
CC1=C(O)C=CC(CC2=CC=CC=C2)=C1,-4.2403445,1.2712374,True,48,5,0.8,euclidean,random,StandardScaler_per_sample_dimension
CC1=CC(CC2=CC=CC=C2)=CC=C1O,-4.348594,1.4179475,False,48,5,0.8,euclidean,random,StandardScaler_per_sample_dimension
CCOCC(O)CO,-2.6804695,2.2864857,False,48,5,0.8,euclidean,random,StandardScaler_per_sample_dimension
CC1=C(N2CC3=C(C=CC=C3)C2)C=CC=C1,-8.379691,24.352,False,48,5,0.8,euclidean,random,StandardScaler_per_sample_dimension
CC1=C(N2CC3=CC=CC=C3C2)C=CC=C1,-8.420986,24.329304,False,48,5,0.8,euclidean,random,StandardScaler_per_sample_dimension
CC1=CC=CC=C1N1CC2=C(C=CC=C2)C1,-8.347213,24.39937,False,48,5,0.8,euclidean,random,StandardScaler_per_sample_dimension
CC1=CC=CC=C1N1CC2=CC=CC=C2C1,-8.519367,24.235332,False,48,5,0.8,euclidean,random,StandardScaler_per_sample_dimension
CC1=CC=C(OC2=CC=C([SH]=O)C=C2)C=C1,2.7289171,13.550299,True,48,5,0.8,euclidean,random,StandardScaler_per_sample_dimension
CCC(C1=CC=C(O)C=C1)C1=CC=C(O)C=C1,-0.30881605,11.401865,True,48,5,0.8,euclidean,random,StandardScaler_per_sample_dimension
CC(=O)C1=CC(C=O)=CC=C1,14.646657,-9.595631,False,48,5,0.8,euclidean,random,StandardScaler_per_sample_dimension
CC(=O)C1=CC=CC(C=O)=C1,14.487509,-9.693305,True,48,5,0.8,euclidean,random,StandardScaler_per_sample_dimension
CCCCOCCO,10.590792,8.652258,True,48,5,0.8,euclidean,random,StandardScaler_per_sample_dimension
CCCCCCCCCC(=O)O,4.9446664,0.17208964,True,48,5,0.8,euclidean,random,StandardScaler_per_sample_dimension
NC1=CC=C(/N=N/C2=CC=CC=C2)C=C1,-2.7752278,10.184081,False,48,5,0.8,euclidean,random,StandardScaler_per_sample_dimension
*CCOC(C)C,-4.4926505,3.137306,False,48,5,0.8,euclidean,random,StandardScaler_per_sample_dimension
CCN(CCOC)C1=CC=CC=C1,4.7739544,15.60144,False,48,5,0.8,euclidean,random,StandardScaler_per_sample_dimension
CCOCC(CC)NC=O,8.780576,17.141129,False,48,5,0.8,euclidean,random,StandardScaler_per_sample_dimension
CCNC(C)C(=O)OCC,7.9262457,16.125729,False,48,5,0.8,euclidean,random,StandardScaler_per_sample_dimension
CCOCCCC1=CC=CC=C1,-1.0529042,13.707019,True,48,5,0.8,euclidean,random,StandardScaler_per_sample_dimension
CCCNC(CC)CO,8.698013,15.416437,False,48,5,0.8,euclidean,random,StandardScaler_per_sample_dimension
CCC(=O)NC(CC)CO,8.786245,15.311986,False,48,5,0.8,euclidean,random,StandardScaler_per_sample_dimension
CCN1CC2=CC=C(C)C=C2C1,8.39962,-9.22256,False,48,5,0.8,euclidean,random,StandardScaler_per_sample_dimension
CCN1CC2=CC(C)=CC=C2C1=O,8.345571,-9.302776,False,48,5,0.8,euclidean,random,StandardScaler_per_sample_dimension
CCN1CC2=CC=C(C)C=C2C1=O,8.578143,-9.405027,True,48,5,0.8,euclidean,random,StandardScaler_per_sample_dimension
CCN1C(=O)C2=CC=C(C)C=C2C1=O,8.340519,-9.136574,False,48,5,0.8,euclidean,random,StandardScaler_per_sample_dimension
*C1=CC=C(NC(C)=O)C=C1,13.114615,-10.478074,False,48,5,0.8,euclidean,random,StandardScaler_per_sample_dimension
NC(C=O)CC1=CC=CC=C1,-11.052793,4.831768,False,48,5,0.8,euclidean,random,StandardScaler_per_sample_dimension
CNC(C=O)CC1=CC=CC=C1,-11.077947,4.7885766,False,48,5,0.8,euclidean,random,StandardScaler_per_sample_dimension
O=CNC(C=O)CC1=CC=CC=C1,-11.167427,4.6543126,False,48,5,0.8,euclidean,random,StandardScaler_per_sample_dimension
OC1=CC=C(N2CC3=CC=C(O)C=C3C2)C=C1,4.752664,12.697064,True,48,5,0.8,euclidean,random,StandardScaler_per_sample_dimension
CC(F)C(F)C(C)(F)F,10.067237,14.241761,False,48,5,0.8,euclidean,random,StandardScaler_per_sample_dimension
CC(F)CC(C)(F)F,10.460768,14.091409,False,48,5,0.8,euclidean,random,StandardScaler_per_sample_dimension
CC(F)C(F)(F)C(C)F,10.360276,14.02002,False,48,5,0.8,euclidean,random,StandardScaler_per_sample_dimension
CC(C)C1=CC=C(NC=O)C=C1,7.752544,7.52581,True,48,5,0.8,euclidean,random,StandardScaler_per_sample_dimension
CC(F)(F)C(F)C(C)(F)F,11.313372,12.908719,False,48,5,0.8,euclidean,random,StandardScaler_per_sample_dimension
CNC1=CC(NCC2=CC=CC=C2)=CC=C1,-9.617946,-5.4801717,True,48,5,0.8,euclidean,random,StandardScaler_per_sample_dimension
CNC1=CC=CC(NCC2=CC=CC=C2)=C1,-9.5426855,-5.406259,False,48,5,0.8,euclidean,random,StandardScaler_per_sample_dimension
CNC1=CC(NC(=O)C2=CC=CC=C2)=CC=C1,-9.724761,-5.529586,False,48,5,0.8,euclidean,random,StandardScaler_per_sample_dimension
CNC1=CC=CC(NC(=O)C2=CC=CC=C2)=C1,-9.607717,-5.472999,False,48,5,0.8,euclidean,random,StandardScaler_per_sample_dimension
CCCCCCOC(=O)CCC,3.0685592,5.384622,True,48,5,0.8,euclidean,random,StandardScaler_per_sample_dimension
CCOC(C)CO,-3.0423737,2.8533611,True,48,5,0.8,euclidean,random,StandardScaler_per_sample_dimension
CC(F)(F)CC(C)(F)F,11.799107,13.138177,False,48,5,0.8,euclidean,random,StandardScaler_per_sample_dimension
CCCS,4.6628294,10.420046,False,48,5,0.8,euclidean,random,StandardScaler_per_sample_dimension
COC(=O)O,-1.3725508,0.8730695,True,48,5,0.8,euclidean,random,StandardScaler_per_sample_dimension
*NCCCCCCC,4.0249233,-2.1964355,False,48,5,0.8,euclidean,random,StandardScaler_per_sample_dimension
CC1=CC(OC2=CC=CC(CN)=C2)=CC=C1,17.45613,14.997201,False,48,5,0.8,euclidean,random,StandardScaler_per_sample_dimension
CC1=CC(OC2=CC=CC(C(N)=O)=C2)=CC=C1,17.301502,14.885134,False,48,5,0.8,euclidean,random,StandardScaler_per_sample_dimension
CC1=CC=C(CC2=CC(C)=CC=C2)C=C1,16.320564,-2.7802746,False,48,5,0.8,euclidean,random,StandardScaler_per_sample_dimension
CC1=CC=C(CC2=CC=CC(C)=C2)C=C1,16.215794,-2.751669,False,48,5,0.8,euclidean,random,StandardScaler_per_sample_dimension
O=CC1=CC(C(=O)C2=CC=CC=C2)=CC=C1,14.635886,-9.619253,False,48,5,0.8,euclidean,random,StandardScaler_per_sample_dimension
O=CC1=CC=CC(C(=O)C2=CC=CC=C2)=C1,14.464475,-9.826502,False,48,5,0.8,euclidean,random,StandardScaler_per_sample_dimension
CCC(=O)OCCOC,11.764405,9.3509035,False,48,5,0.8,euclidean,random,StandardScaler_per_sample_dimension
O=C(O)O,-1.2711376,1.1441057,False,48,5,0.8,euclidean,random,StandardScaler_per_sample_dimension
O=COCCCCCCO,3.808528,19.277126,False,48,5,0.8,euclidean,random,StandardScaler_per_sample_dimension
CC1=CC=C(OC2=CC=C(O)C=C2)C=C1,3.2952251,10.29684,False,48,5,0.8,euclidean,random,StandardScaler_per_sample_dimension
CCCNC(C)COCC,7.6538963,15.600366,True,48,5,0.8,euclidean,random,StandardScaler_per_sample_dimension
CCOC(=O)C(C)NC(C)=O,7.8111186,16.134867,False,48,5,0.8,euclidean,random,StandardScaler_per_sample_dimension
*CCC(N)=O,-4.811473,-0.3209161,True,48,5,0.8,euclidean,random,StandardScaler_per_sample_dimension
CCCCNCCC1=CC=CC=C1,15.766744,19.279186,False,48,5,0.8,euclidean,random,StandardScaler_per_sample_dimension
CC(=O)OC1=CC=C(C(C)(C)C)C=C1,4.209801,7.9730644,True,48,5,0.8,euclidean,random,StandardScaler_per_sample_dimension
CCCNC(C)CC1=CC=CC=C1,15.458159,18.7873,False,48,5,0.8,euclidean,random,StandardScaler_per_sample_dimension
CCNC(C=O)CC1=CC=CC=C1,-11.149764,4.889793,False,48,5,0.8,euclidean,random,StandardScaler_per_sample_dimension
CC(=O)NC(C=O)CC1=CC=CC=C1,-11.202245,4.8282905,False,48,5,0.8,euclidean,random,StandardScaler_per_sample_dimension
CCC(=O)NC(C)CC1=CC=CC=C1,15.482054,18.86588,False,48,5,0.8,euclidean,random,StandardScaler_per_sample_dimension
*OCNC,25.420876,6.435458,False,48,5,0.8,euclidean,random,StandardScaler_per_sample_dimension
*OC(=O)NC,25.34997,6.4644175,False,48,5,0.8,euclidean,random,StandardScaler_per_sample_dimension
*OC1=CC=C(SC2=CC=C(O)C=C2)C=C1,2.5441775,14.430017,True,48,5,0.8,euclidean,random,StandardScaler_per_sample_dimension
*OC1=CC=C(SC2=CC=C(OC)C=C2)C=C1,2.610523,14.166558,False,48,5,0.8,euclidean,random,StandardScaler_per_sample_dimension
CCCC(C=O)CC,4.973706,3.0762262,True,48,5,0.8,euclidean,random,StandardScaler_per_sample_dimension
CC(C1=CC=CC=C1)C1=CC=C(NC=O)C=C1,7.72435,7.423645,True,48,5,0.8,euclidean,random,StandardScaler_per_sample_dimension
CCC(C)CCCNC=O,9.763435,3.6616771,False,48,5,0.8,euclidean,random,StandardScaler_per_sample_dimension
CCC(C=O)C(C)C,4.8177624,1.9456584,False,48,5,0.8,euclidean,random,StandardScaler_per_sample_dimension
CCCC(=O)N(C)C,2.5474634,0.9177262,False,48,5,0.8,euclidean,random,StandardScaler_per_sample_dimension
CCCC(C)OC=O,-2.003926,5.0019298,True,48,5,0.8,euclidean,random,StandardScaler_per_sample_dimension
*C(CC)CC,7.7517796,9.073636,False,48,5,0.8,euclidean,random,StandardScaler_per_sample_dimension
CC1=CC=C(C(C)(C)C2=CC=CC=C2)C=C1,6.683263,12.017001,False,48,5,0.8,euclidean,random,StandardScaler_per_sample_dimension
C/C=C/C1=CC=C(OC)C=C1,20.89295,24.318914,False,48,5,0.8,euclidean,random,StandardScaler_per_sample_dimension
C/C=C\C1=CC=C(OC)C=C1,20.88633,24.314165,False,48,5,0.8,euclidean,random,StandardScaler_per_sample_dimension
CC=CC1=CC=C(OC)C=C1,20.845366,24.360529,False,48,5,0.8,euclidean,random,StandardScaler_per_sample_dimension
CC(C)CC(=O)O,7.0983615,3.4553094,False,48,5,0.8,euclidean,random,StandardScaler_per_sample_dimension
CCCCCCCCCCCCN,3.6996462,-2.8775675,False,48,5,0.8,euclidean,random,StandardScaler_per_sample_dimension
COCCCC=O,11.944958,1.9422033,False,48,5,0.8,euclidean,random,StandardScaler_per_sample_dimension
COC1=C(C)C=CC=C1C,12.937862,10.159593,False,48,5,0.8,euclidean,random,StandardScaler_per_sample_dimension
CCCCNCC=O,7.611755,-7.3041816,False,48,5,0.8,euclidean,random,StandardScaler_per_sample_dimension
CCOCC(C)NC(=O)CC,7.8019977,15.476061,False,48,5,0.8,euclidean,random,StandardScaler_per_sample_dimension
CCCNCC(=O)OCC,7.7423415,15.998334,False,48,5,0.8,euclidean,random,StandardScaler_per_sample_dimension
CC1=CC=C(OC2=CC=C([SH](=O)=O)C=C2)C=C1,2.7796192,13.449083,False,48,5,0.8,euclidean,random,StandardScaler_per_sample_dimension
CCCNC(CC)C(=O)O,9.540783,15.773132,True,48,5,0.8,euclidean,random,StandardScaler_per_sample_dimension
CCC(=O)NC(CC)C(=O)O,9.50061,15.776029,False,48,5,0.8,euclidean,random,StandardScaler_per_sample_dimension
*CCC(C)O,0.5453486,3.6711853,True,48,5,0.8,euclidean,random,StandardScaler_per_sample_dimension
*CC(C)OC,-0.077042006,4.706416,False,48,5,0.8,euclidean,random,StandardScaler_per_sample_dimension
CC(F)C(F)(F)C(C)(F)F,10.281612,14.011215,False,48,5,0.8,euclidean,random,StandardScaler_per_sample_dimension
CCCCC(C)CN,4.3036494,2.2273,True,48,5,0.8,euclidean,random,StandardScaler_per_sample_dimension
CCCC(CC)C1=CC=C(OC)C=C1,0.024912894,9.675911,True,48,5,0.8,euclidean,random,StandardScaler_per_sample_dimension
COCCF,-2.6437008,-1.6880902,True,48,5,0.8,euclidean,random,StandardScaler_per_sample_dimension
CCCC(CC)CO,5.927019,4.807835,False,48,5,0.8,euclidean,random,StandardScaler_per_sample_dimension
CCCC(C)COCC,5.9525337,4.698476,True,48,5,0.8,euclidean,random,StandardScaler_per_sample_dimension
C[PH](C)=O,-7.856252,-2.224083,False,48,5,0.8,euclidean,random,StandardScaler_per_sample_dimension
O=PC1=CC=CC=C1,-7.944654,-2.3331654,True,48,5,0.8,euclidean,random,StandardScaler_per_sample_dimension
CCCCC(=O)OCCC,2.6368544,5.8379965,True,48,5,0.8,euclidean,random,StandardScaler_per_sample_dimension
CCCCCCCCCCCOCC,2.7393343,-0.028023044,False,48,5,0.8,euclidean,random,StandardScaler_per_sample_dimension
*CCOCCCCCCCC,6.282004,0.4662866,True,48,5,0.8,euclidean,random,StandardScaler_per_sample_dimension
CCCNCC1=CC(C)=CC=C1,-11.696632,6.8525033,False,48,5,0.8,euclidean,random,StandardScaler_per_sample_dimension
CCCNCC1=CC=CC(C)=C1,-11.870566,7.049183,True,48,5,0.8,euclidean,random,StandardScaler_per_sample_dimension
CC(=O)OCCCO,-0.49378046,2.4552891,False,48,5,0.8,euclidean,random,StandardScaler_per_sample_dimension
*C(C)OCC,-4.8640227,11.969004,False,48,5,0.8,euclidean,random,StandardScaler_per_sample_dimension
N=P,-6.277441,-11.008816,True,48,5,0.8,euclidean,random,StandardScaler_per_sample_dimension
COC1=CC=C(OCC2=CC=CC=C2)C=C1,1.15746,12.098511,False,48,5,0.8,euclidean,random,StandardScaler_per_sample_dimension
CCCNC(C)C(=O)OCC,7.7491765,15.913017,False,48,5,0.8,euclidean,random,StandardScaler_per_sample_dimension
CCOC(=O)CNC(=O)CC,7.6454086,15.992025,False,48,5,0.8,euclidean,random,StandardScaler_per_sample_dimension
CNC(=O)CCC1=CC=CC=C1,22.593943,14.597314,True,48,5,0.8,euclidean,random,StandardScaler_per_sample_dimension
CC1=CC(CNC2=CC(N)=CC=C2)=CC=C1,23.751127,13.244956,True,48,5,0.8,euclidean,random,StandardScaler_per_sample_dimension
CC1=CC(CNC2=CC=CC(N)=C2)=CC=C1,23.673445,13.371941,False,48,5,0.8,euclidean,random,StandardScaler_per_sample_dimension
CC1=CC=CC(CNC2=CC(N)=CC=C2)=C1,23.618587,13.237188,False,48,5,0.8,euclidean,random,StandardScaler_per_sample_dimension
NC(=O)CCC1=CC=CC=C1,22.529552,14.594669,False,48,5,0.8,euclidean,random,StandardScaler_per_sample_dimension
NC(CO)CC1=CC=CC=C1,16.944538,18.613182,False,48,5,0.8,euclidean,random,StandardScaler_per_sample_dimension
COCC(N)CC1=CC=CC=C1,-3.9292922,20.775194,False,48,5,0.8,euclidean,random,StandardScaler_per_sample_dimension
*CC1=CC=C(COC)C=C1,11.798324,3.657837,False,48,5,0.8,euclidean,random,StandardScaler_per_sample_dimension
CCCCC(CC)C(C)C,2.063627,10.429046,False,48,5,0.8,euclidean,random,StandardScaler_per_sample_dimension
CCC(C)C(N)=O,4.2108665,0.75459754,False,48,5,0.8,euclidean,random,StandardScaler_per_sample_dimension
CC1=CC=C(C2=CC=CC=C2)C(C)=C1,18.759636,3.6971395,False,48,5,0.8,euclidean,random,StandardScaler_per_sample_dimension
CCC(C)(C)CC(C)C,1.3077607,8.780555,False,48,5,0.8,euclidean,random,StandardScaler_per_sample_dimension
CCCC(C)OCC,-2.1941602,5.074675,False,48,5,0.8,euclidean,random,StandardScaler_per_sample_dimension
CNC(=O)CC(C)C,3.2214038,1.229225,False,48,5,0.8,euclidean,random,StandardScaler_per_sample_dimension
CC(F)(F)C(F)(F)C(C)(F)F,11.791364,12.863396,False,48,5,0.8,euclidean,random,StandardScaler_per_sample_dimension
CNCCNC,2.281046,4.6115856,True,48,5,0.8,euclidean,random,StandardScaler_per_sample_dimension
CCCCCCC(=O)OCC,5.221905,-0.18094084,True,48,5,0.8,euclidean,random,StandardScaler_per_sample_dimension
CCCCC(C)OC=O,-1.8177118,4.865658,False,48,5,0.8,euclidean,random,StandardScaler_per_sample_dimension
CCC(C)OC(C)=O,-2.3862348,4.8326755,True,48,5,0.8,euclidean,random,StandardScaler_per_sample_dimension
CC1(C2=CC=CC=C2)CCCCC1,0.59378946,9.646187,True,48,5,0.8,euclidean,random,StandardScaler_per_sample_dimension
CC1=CC(OC2=CC=C(C)C(C)=C2)=CC=C1,-7.649697,5.115819,False,48,5,0.8,euclidean,random,StandardScaler_per_sample_dimension
CC1=CC(OC2=CC=C(C)C(C=O)=C2)=CC=C1,-7.3991985,5.393646,False,48,5,0.8,euclidean,random,StandardScaler_per_sample_dimension
CC1=CC(OC2=CC=C(C=O)C(C)=C2)=CC=C1,-7.5811305,5.233249,False,48,5,0.8,euclidean,random,StandardScaler_per_sample_dimension
O=CC1=CC=C(C(=O)C2=CC=CC=C2)C=C1,6.032722,11.503378,True,48,5,0.8,euclidean,random,StandardScaler_per_sample_dimension
CC1=C(C=O)C=CC(CC2=CC=CC=C2)=C1,-12.479323,4.634156,True,48,5,0.8,euclidean,random,StandardScaler_per_sample_dimension
CC1=CC(CC2=CC=CC=C2)=CC=C1C=O,-12.3889,4.451309,False,48,5,0.8,euclidean,random,StandardScaler_per_sample_dimension
CCCC(=O)NC(C)CC,15.15445,18.447866,False,48,5,0.8,euclidean,random,StandardScaler_per_sample_dimension
NCC1=CC(CC2=CC=CC=C2)=CC=C1,5.2055597,14.759126,False,48,5,0.8,euclidean,random,StandardScaler_per_sample_dimension
NCC1=CC=CC(CC2=CC=CC=C2)=C1,5.04709,14.567296,False,48,5,0.8,euclidean,random,StandardScaler_per_sample_dimension
NC(=O)C1=CC(CC2=CC=CC=C2)=CC=C1,4.9520006,14.727102,False,48,5,0.8,euclidean,random,StandardScaler_per_sample_dimension
NC(=O)C1=CC=CC(CC2=CC=CC=C2)=C1,5.019758,14.939413,False,48,5,0.8,euclidean,random,StandardScaler_per_sample_dimension
CCCCNC(C)CC,15.252502,18.555746,True,48,5,0.8,euclidean,random,StandardScaler_per_sample_dimension
CC1=C(C(=O)O)C=CC=C1,5.263281,27.193521,False,48,5,0.8,euclidean,random,StandardScaler_per_sample_dimension
CC1=CC=CC=C1C(=O)O,5.062075,27.42422,False,48,5,0.8,euclidean,random,StandardScaler_per_sample_dimension
*CC(*)CC,8.9046755,-7.0582438,False,48,5,0.8,euclidean,random,StandardScaler_per_sample_dimension
CCCCCCCCCC(=O)OC,4.946273,0.41098863,False,48,5,0.8,euclidean,random,StandardScaler_per_sample_dimension
CCCCCOC1=CC=C(O)C=C1,-11.615375,9.516365,True,48,5,0.8,euclidean,random,StandardScaler_per_sample_dimension
OCCCCCCOC1=CC=CC=C1,4.261638,19.43846,True,48,5,0.8,euclidean,random,StandardScaler_per_sample_dimension
CCOC(=O)C(C)NC(=O)CC,7.7064414,15.982708,False,48,5,0.8,euclidean,random,StandardScaler_per_sample_dimension
CN(C)CCOC=O,5.884302,15.3653145,True,48,5,0.8,euclidean,random,StandardScaler_per_sample_dimension
CCOC(=O)CCC1=CC=CC=C1,-1.3358548,13.73454,True,48,5,0.8,euclidean,random,StandardScaler_per_sample_dimension
*OC(=O)CCC,1.8651583,3.417284,True,48,5,0.8,euclidean,random,StandardScaler_per_sample_dimension
CC1=CC(C(=O)NC2=CC(N)=CC=C2)=CC=C1,23.83262,13.265925,False,48,5,0.8,euclidean,random,StandardScaler_per_sample_dimension
CC1=CC(C(=O)NC2=CC=CC(N)=C2)=CC=C1,23.78789,13.267767,False,48,5,0.8,euclidean,random,StandardScaler_per_sample_dimension
CC1=CC=CC(C(=O)NC2=CC(N)=CC=C2)=C1,23.854557,13.364028,False,48,5,0.8,euclidean,random,StandardScaler_per_sample_dimension
CNC(CO)CC1=CC=CC=C1,17.027355,18.565657,False,48,5,0.8,euclidean,random,StandardScaler_per_sample_dimension
NC(CC1=CC=CC=C1)C(=O)O,17.05618,18.549618,False,48,5,0.8,euclidean,random,StandardScaler_per_sample_dimension
CNC(CC1=CC=CC=C1)C(=O)O,16.825289,18.598595,False,48,5,0.8,euclidean,random,StandardScaler_per_sample_dimension
O=CNC(CO)CC1=CC=CC=C1,17.11095,18.687593,False,48,5,0.8,euclidean,random,StandardScaler_per_sample_dimension
CCCNC(C=O)CC1=CC=CC=C1,21.500816,18.956116,True,48,5,0.8,euclidean,random,StandardScaler_per_sample_dimension
O=CNC(CC1=CC=CC=C1)C(=O)O,16.800535,18.49937,False,48,5,0.8,euclidean,random,StandardScaler_per_sample_dimension
CCC(=O)NC(C=O)CC1=CC=CC=C1,21.535995,18.955576,False,48,5,0.8,euclidean,random,StandardScaler_per_sample_dimension
*CCCCCCN,9.645441,-8.169937,False,48,5,0.8,euclidean,random,StandardScaler_per_sample_dimension
*CCCCOC=O,6.9242554,2.4316125,False,48,5,0.8,euclidean,random,StandardScaler_per_sample_dimension
CNC(COC)CC1=CC=CC=C1,-3.8373225,20.733505,False,48,5,0.8,euclidean,random,StandardScaler_per_sample_dimension
COC(=O)C(N)CC1=CC=CC=C1,-4.0223265,20.723825,False,48,5,0.8,euclidean,random,StandardScaler_per_sample_dimension
CNC(CC1=CC=CC=C1)C(=O)OC,-4.1116686,20.61516,False,48,5,0.8,euclidean,random,StandardScaler_per_sample_dimension
COCC(CC1=CC=CC=C1)NC=O,-4.0754414,20.873777,False,48,5,0.8,euclidean,random,StandardScaler_per_sample_dimension
COC(=O)C(CC1=CC=CC=C1)NC=O,-3.9574685,20.803766,False,48,5,0.8,euclidean,random,StandardScaler_per_sample_dimension
FCCCC(F)F,17.699575,7.967789,False,48,5,0.8,euclidean,random,StandardScaler_per_sample_dimension
FCCCCF,17.38212,8.003956,False,48,5,0.8,euclidean,random,StandardScaler_per_sample_dimension
CCC(C)C(=O)NC,4.1198654,0.33228922,False,48,5,0.8,euclidean,random,StandardScaler_per_sample_dimension
O=CNC1=CC(NCC2=CC=CC=C2)=CC=C1,-9.478705,-5.3585014,False,48,5,0.8,euclidean,random,StandardScaler_per_sample_dimension
O=CNC1=CC=CC(NCC2=CC=CC=C2)=C1,-9.600356,-5.409886,False,48,5,0.8,euclidean,random,StandardScaler_per_sample_dimension
CPC1=CC=CC=C1,-8.040876,-2.3855052,False,48,5,0.8,euclidean,random,StandardScaler_per_sample_dimension
CCCCCCCCCCNC=O,2.986067,-1.7647572,False,48,5,0.8,euclidean,random,StandardScaler_per_sample_dimension
CCCCCCCN(C)CC,1.5605681,-1.4034787,True,48,5,0.8,euclidean,random,StandardScaler_per_sample_dimension
COC(C)CCO,-2.3421059,3.5894015,False,48,5,0.8,euclidean,random,StandardScaler_per_sample_dimension
O=CC1=CC=C(C2=CC=C3CNCC3=C2)C=C1,6.2649193,21.579464,False,48,5,0.8,euclidean,random,StandardScaler_per_sample_dimension
*COCCC,5.124605,7.8170915,False,48,5,0.8,euclidean,random,StandardScaler_per_sample_dimension
CCNCCCC1=CC=CC=C1,-1.2717832,21.036816,True,48,5,0.8,euclidean,random,StandardScaler_per_sample_dimension
CC1=CC=C(CC2=CC=CC=C2)C=C1C=O,-2.97777,-11.903859,False,48,5,0.8,euclidean,random,StandardScaler_per_sample_dimension
O=CC1=CC=C(CC2=CC=CC=C2)C=C1C=O,-2.8787844,-11.836126,False,48,5,0.8,euclidean,random,StandardScaler_per_sample_dimension
COCCCCCCOC=O,3.9253874,19.250555,True,48,5,0.8,euclidean,random,StandardScaler_per_sample_dimension
CCOC(=O)C(N)CC,9.036641,17.252735,True,48,5,0.8,euclidean,random,StandardScaler_per_sample_dimension
CCOC(=O)C(CC)NC,9.139065,17.15676,False,48,5,0.8,euclidean,random,StandardScaler_per_sample_dimension
CCOC(=O)C(CC)NC=O,9.055924,17.329391,False,48,5,0.8,euclidean,random,StandardScaler_per_sample_dimension
*OCCCCC,1.7129526,3.5704348,True,48,5,0.8,euclidean,random,StandardScaler_per_sample_dimension
CCNC(CO)CC1=CC=CC=C1,17.311146,18.450314,False,48,5,0.8,euclidean,random,StandardScaler_per_sample_dimension
CC(=O)NC(CO)CC1=CC=CC=C1,17.263319,18.46334,False,48,5,0.8,euclidean,random,StandardScaler_per_sample_dimension
CCNC(CC1=CC=CC=C1)C(=O)O,17.253855,18.412758,False,48,5,0.8,euclidean,random,StandardScaler_per_sample_dimension
CC(=O)NC(CC1=CC=CC=C1)C(=O)O,17.163263,18.25952,False,48,5,0.8,euclidean,random,StandardScaler_per_sample_dimension
CCNC(COC)CC1=CC=CC=C1,-3.7923336,20.969208,False,48,5,0.8,euclidean,random,StandardScaler_per_sample_dimension
CCNC(CC1=CC=CC=C1)C(=O)OC,-3.7785857,20.962973,False,48,5,0.8,euclidean,random,StandardScaler_per_sample_dimension
COCC(CC1=CC=CC=C1)NC(C)=O,-3.6457798,21.07908,False,48,5,0.8,euclidean,random,StandardScaler_per_sample_dimension
COC(=O)C(CC1=CC=CC=C1)NC(C)=O,-3.8699656,20.91505,False,48,5,0.8,euclidean,random,StandardScaler_per_sample_dimension
CCC1=CC=C(OC2=CC(C)=CC=C2)C=C1,4.6291275,11.563812,True,48,5,0.8,euclidean,random,StandardScaler_per_sample_dimension
*COC1=CC=C(CC)C=C1,5.1278253,5.263959,False,48,5,0.8,euclidean,random,StandardScaler_per_sample_dimension
CCC1=CC(N)=CC=C1,-14.628927,11.970166,False,48,5,0.8,euclidean,random,StandardScaler_per_sample_dimension
CCC1=CC=CC(N)=C1,-14.818106,11.83826,True,48,5,0.8,euclidean,random,StandardScaler_per_sample_dimension
CCC(=O)OC(C)C,-4.051135,3.5363703,True,48,5,0.8,euclidean,random,StandardScaler_per_sample_dimension
*CCC(=O)NC,-5.135738,0.24607472,False,48,5,0.8,euclidean,random,StandardScaler_per_sample_dimension
NCC1=CC=C(OC2=CC=C(C=O)C=C2)C=C1,-7.9253516,4.872356,False,48,5,0.8,euclidean,random,StandardScaler_per_sample_dimension
CC1=CC(OC2=CC=C(C)C(CN)=C2)=CC=C1,-7.434187,5.169976,False,48,5,0.8,euclidean,random,StandardScaler_per_sample_dimension
CC1=C2C=CC=CC2=CC=C1,5.6384516,10.468699,True,48,5,0.8,euclidean,random,StandardScaler_per_sample_dimension
CC1=CC=CC2=CC=CC=C12,5.446332,10.521144,False,48,5,0.8,euclidean,random,StandardScaler_per_sample_dimension
CCCC(=O)OC1=CC=C(CC)C=C1,-8.068278,-4.278322,True,48,5,0.8,euclidean,random,StandardScaler_per_sample_dimension
CC1=CC(O)=C(C)C=C1,-12.981043,8.494257,True,48,5,0.8,euclidean,random,StandardScaler_per_sample_dimension
CC1=CC=C(C)C(O)=C1,-13.06691,8.526401,False,48,5,0.8,euclidean,random,StandardScaler_per_sample_dimension
COC1=C(C)C=C(O)C=C1,9.752047,-16.099644,False,48,5,0.8,euclidean,random,StandardScaler_per_sample_dimension
COC1=CC=C(O)C=C1C,9.728433,-16.14484,True,48,5,0.8,euclidean,random,StandardScaler_per_sample_dimension
O=CNCCCCCCNC=O,-9.607503,16.406055,False,48,5,0.8,euclidean,random,StandardScaler_per_sample_dimension
COCCCCCCOC1=CC=CC=C1,4.159838,19.46875,False,48,5,0.8,euclidean,random,StandardScaler_per_sample_dimension
COC1=CC=C(OC(=O)C2=CC=CC=C2)C=C1,1.150453,12.221322,False,48,5,0.8,euclidean,random,StandardScaler_per_sample_dimension
CP(C)C,-7.124602,11.795042,False,48,5,0.8,euclidean,random,StandardScaler_per_sample_dimension
*C1=CC=C(CNC2=CC(C)=CC=C2)C=C1,24.730448,-0.7315617,True,48,5,0.8,euclidean,random,StandardScaler_per_sample_dimension
*C1=CC=C(C(=O)NC2=CC(C)=CC=C2)C=C1,24.756653,-0.6523539,False,48,5,0.8,euclidean,random,StandardScaler_per_sample_dimension
*[Si](C)(C)O,9.24059,0.3280691,False,48,5,0.8,euclidean,random,StandardScaler_per_sample_dimension
O=CC1=CC(OC2=CC=CC(C=O)=C2)=CC=C1,24.775278,16.177443,False,48,5,0.8,euclidean,random,StandardScaler_per_sample_dimension
O=CC1=CC=CC(OC2=CC=CC(C=O)=C2)=C1,24.628193,16.338593,False,48,5,0.8,euclidean,random,StandardScaler_per_sample_dimension
FCCC(F)CF,14.380896,17.280832,False,48,5,0.8,euclidean,random,StandardScaler_per_sample_dimension
FCC(F)CC(F)F,18.084404,7.6583595,False,48,5,0.8,euclidean,random,StandardScaler_per_sample_dimension
CCCOC1=CC=C(C(C)C)C=C1,2.3147767,7.2492347,False,48,5,0.8,euclidean,random,StandardScaler_per_sample_dimension
CCCC(CC)COC,5.9271116,4.5460587,False,48,5,0.8,euclidean,random,StandardScaler_per_sample_dimension
CC1=CC(C)=C(N)C=C1,18.983936,10.7043085,True,48,5,0.8,euclidean,random,StandardScaler_per_sample_dimension
CC1=CC=C(N)C(C)=C1,19.02684,10.738674,False,48,5,0.8,euclidean,random,StandardScaler_per_sample_dimension
CNC1=CC=C(NC)C=C1,-3.4198601,9.515745,False,48,5,0.8,euclidean,random,StandardScaler_per_sample_dimension
CCOC(=O)O,-1.6085654,0.8809522,False,48,5,0.8,euclidean,random,StandardScaler_per_sample_dimension
CC(C)C(=O)NC=O,8.211036,11.0929785,False,48,5,0.8,euclidean,random,StandardScaler_per_sample_dimension
OC1=CC=C(C2CCCCC2)C=C1,0.6000194,9.471178,False,48,5,0.8,euclidean,random,StandardScaler_per_sample_dimension
CC1=CC=C(OC2=CC=CC(C=O)=C2)C=C1C,-7.6499677,5.087871,False,48,5,0.8,euclidean,random,StandardScaler_per_sample_dimension
CC1=CC(CC2=CC=CC=C2)=CC=C1CN,5.3308063,14.281904,False,48,5,0.8,euclidean,random,StandardScaler_per_sample_dimension
CC1=CC(CC2=CC=CC=C2)=CC=C1C(N)=O,5.5795636,14.400784,False,48,5,0.8,euclidean,random,StandardScaler_per_sample_dimension
NCC1=CC=C(CC2=CC=CC=C2)C=C1C=O,5.3928514,14.460406,False,48,5,0.8,euclidean,random,StandardScaler_per_sample_dimension
CCCCCNCC1=CC=C(C)C=C1,7.1454587,-10.001179,False,48,5,0.8,euclidean,random,StandardScaler_per_sample_dimension
COC1=C(C)C=CC(C)=C1,-13.0588875,8.51127,False,48,5,0.8,euclidean,random,StandardScaler_per_sample_dimension
COC1=CC(C)=CC=C1C,-12.958203,8.289021,False,48,5,0.8,euclidean,random,StandardScaler_per_sample_dimension
COC1=C(OC)C=CC=C1,-2.298488,20.67907,False,48,5,0.8,euclidean,random,StandardScaler_per_sample_dimension
COC1=CC=CC=C1OC,-2.3864446,20.552156,False,48,5,0.8,euclidean,random,StandardScaler_per_sample_dimension
CCCCNCCOCC,-0.25908345,8.28351,True,48,5,0.8,euclidean,random,StandardScaler_per_sample_dimension
*NC1=CC=C(C)C=C1,6.7144837,10.16773,False,48,5,0.8,euclidean,random,StandardScaler_per_sample_dimension
FCC(F)C(F)C(F)F,14.259827,17.569353,False,48,5,0.8,euclidean,random,StandardScaler_per_sample_dimension
FCC(F)C(F)CF,14.282445,17.509514,False,48,5,0.8,euclidean,random,StandardScaler_per_sample_dimension
FCCC(F)C(F)F,18.24187,7.463293,False,48,5,0.8,euclidean,random,StandardScaler_per_sample_dimension
FCCC(F)(F)CF,18.11462,7.5341454,False,48,5,0.8,euclidean,random,StandardScaler_per_sample_dimension
CCCC(C)CNC=O,4.6172395,1.807093,False,48,5,0.8,euclidean,random,StandardScaler_per_sample_dimension
CCCCCCCCC1=CC=CC=C1,0.011368542,8.552074,False,48,5,0.8,euclidean,random,StandardScaler_per_sample_dimension
CCCCCCCCCCCCCCC,5.2556133,0.30515403,False,48,5,0.8,euclidean,random,StandardScaler_per_sample_dimension
CC(C)C1=CC=C(NCC2=CC=CC=C2)C=C1,8.130735,7.678077,False,48,5,0.8,euclidean,random,StandardScaler_per_sample_dimension
CCCCC(CC)C1=CC=C(O)C=C1,-0.0091166515,9.242331,True,48,5,0.8,euclidean,random,StandardScaler_per_sample_dimension
CCC(C)CCC=O,4.12466,2.8965683,True,48,5,0.8,euclidean,random,StandardScaler_per_sample_dimension
FC(F)CCC(F)F,-9.496229,12.251032,False,48,5,0.8,euclidean,random,StandardScaler_per_sample_dimension
CCCC(=O)N(C)CC,2.3597429,0.6360163,True,48,5,0.8,euclidean,random,StandardScaler_per_sample_dimension
CC1CCCC1C,4.1907005,10.580648,True,48,5,0.8,euclidean,random,StandardScaler_per_sample_dimension
CCC1=CC=C(OCCO)C=C1,2.229662,7.132929,True,48,5,0.8,euclidean,random,StandardScaler_per_sample_dimension
CC1=CC=CS1,5.611468,7.0327516,True,48,5,0.8,euclidean,random,StandardScaler_per_sample_dimension
CCCCCCCCCCCNCC,2.5144382,-1.7027432,True,48,5,0.8,euclidean,random,StandardScaler_per_sample_dimension
CC(C)(C1=CC=CC=C1)C1=CC=C(N)C=C1,6.3613,7.6676702,False,48,5,0.8,euclidean,random,StandardScaler_per_sample_dimension
CCNCCN,2.7938943,4.737127,False,48,5,0.8,euclidean,random,StandardScaler_per_sample_dimension
CCCCCC(=O)NCCCC,2.6496785,-4.1753287,True,48,5,0.8,euclidean,random,StandardScaler_per_sample_dimension
ClC1=CC=CC=C1,3.574887,11.465778,False,48,5,0.8,euclidean,random,StandardScaler_per_sample_dimension
*CCCOCCCCCCCC,6.310921,0.67703706,True,48,5,0.8,euclidean,random,StandardScaler_per_sample_dimension
CC(C)CC1=CC=CC=C1,4.3137307,10.110396,True,48,5,0.8,euclidean,random,StandardScaler_per_sample_dimension
NCC1=CC(OC2=CC=CC(C=O)=C2)=CC=C1,17.255108,14.983958,False,48,5,0.8,euclidean,random,StandardScaler_per_sample_dimension
CC1=CC(CC2=CC=C(C=O)C=C2)=CC=C1,16.414623,-2.5895073,True,48,5,0.8,euclidean,random,StandardScaler_per_sample_dimension
CC1=CC=CC(CC2=CC=C(C=O)C=C2)=C1,16.37298,-2.7911718,False,48,5,0.8,euclidean,random,StandardScaler_per_sample_dimension
CC1=CC=C(CC2=CC=CC=C2)C=C1CN,5.32168,14.554059,False,48,5,0.8,euclidean,random,StandardScaler_per_sample_dimension
CC1=CC=C(CC2=CC=CC=C2)C=C1C(N)=O,5.388328,14.588665,False,48,5,0.8,euclidean,random,StandardScaler_per_sample_dimension
NCC1=CC(CC2=CC=CC=C2)=CC=C1C=O,5.377677,14.446903,False,48,5,0.8,euclidean,random,StandardScaler_per_sample_dimension
CCCC(=O)NCCO,7.730113,-6.934068,True,48,5,0.8,euclidean,random,StandardScaler_per_sample_dimension
N=NC1=CC=C(O)C=C1,4.8034606,12.045068,False,48,5,0.8,euclidean,random,StandardScaler_per_sample_dimension
COCCOC1=CC=C(C)C=C1,3.6610212,7.647911,False,48,5,0.8,euclidean,random,StandardScaler_per_sample_dimension
C[Si](C)(C)O,4.4761305,9.684814,True,48,5,0.8,euclidean,random,StandardScaler_per_sample_dimension
NCCC1=CC=C(O)C=C1,14.585554,-4.466003,True,48,5,0.8,euclidean,random,StandardScaler_per_sample_dimension
CNCCC1=CC=C(O)C=C1,14.621639,-4.4984264,False,48,5,0.8,euclidean,random,StandardScaler_per_sample_dimension
CCCCOC1=CC=C(C=O)C=C1,23.39751,-5.552806,False,48,5,0.8,euclidean,random,StandardScaler_per_sample_dimension
*CC(CC)CO,7.629384,5.1438503,False,48,5,0.8,euclidean,random,StandardScaler_per_sample_dimension
CC1=CC=C(COC2=CC=C(C)C=C2)C=C1,2.6539721,9.31873,False,48,5,0.8,euclidean,random,StandardScaler_per_sample_dimension
CCCNC(CO)CC1=CC=CC=C1,21.46954,19.025587,False,48,5,0.8,euclidean,random,StandardScaler_per_sample_dimension
CCC(=O)NC(CO)CC1=CC=CC=C1,21.667814,19.105963,False,48,5,0.8,euclidean,random,StandardScaler_per_sample_dimension
CCCNC(CC1=CC=CC=C1)C(=O)O,21.600119,19.069464,False,48,5,0.8,euclidean,random,StandardScaler_per_sample_dimension
CCC(=O)NC(CC1=CC=CC=C1)C(=O)O,21.523281,18.958755,False,48,5,0.8,euclidean,random,StandardScaler_per_sample_dimension
CCCNC(COC)CC1=CC=CC=C1,-9.512826,8.849367,True,48,5,0.8,euclidean,random,StandardScaler_per_sample_dimension
CCC(=O)NC(COC)CC1=CC=CC=C1,-9.48794,8.874416,False,48,5,0.8,euclidean,random,StandardScaler_per_sample_dimension
CCCNC(CC1=CC=CC=C1)C(=O)OC,-9.278824,9.190712,False,48,5,0.8,euclidean,random,StandardScaler_per_sample_dimension
CCC(=O)NC(CC1=CC=CC=C1)C(=O)OC,-9.611959,8.595817,False,48,5,0.8,euclidean,random,StandardScaler_per_sample_dimension
NCC1=CC(OC2=CC=CC(CN)=C2)=CC=C1,24.683516,16.206059,False,48,5,0.8,euclidean,random,StandardScaler_per_sample_dimension
FCC(F)C(F)(F)CF,14.269246,17.534733,False,48,5,0.8,euclidean,random,StandardScaler_per_sample_dimension
CCCC(CC)CN,4.716006,2.4726238,True,48,5,0.8,euclidean,random,StandardScaler_per_sample_dimension
C[PH](=O)C1=CC=CC=C1,-8.166825,-2.442799,False,48,5,0.8,euclidean,random,StandardScaler_per_sample_dimension
*C(CC)CCC,7.8938766,8.64724,False,48,5,0.8,euclidean,random,StandardScaler_per_sample_dimension
CCCOC(C)CC,-2.933101,4.4138813,False,48,5,0.8,euclidean,random,StandardScaler_per_sample_dimension
CCNCCC(C)C,2.3365588,0.7855837,False,48,5,0.8,euclidean,random,StandardScaler_per_sample_dimension
CCCCCCC(=O)NC1=CC=CC=C1,-6.251731,15.051288,False,48,5,0.8,euclidean,random,StandardScaler_per_sample_dimension
CCNCCCC(C)C,9.421745,3.6960957,False,48,5,0.8,euclidean,random,StandardScaler_per_sample_dimension
CCCCCCCCNCCC,3.538344,-4.6030974,False,48,5,0.8,euclidean,random,StandardScaler_per_sample_dimension
NC1=CC=C(NCC2=CC=CC=C2)C=C1,-3.0363734,9.107009,True,48,5,0.8,euclidean,random,StandardScaler_per_sample_dimension
NC1=CC=C(NC(=O)C2=CC=CC=C2)C=C1,-3.2034857,9.377423,False,48,5,0.8,euclidean,random,StandardScaler_per_sample_dimension
*CC(=O)OCCCCCCC,6.472188,0.20418468,False,48,5,0.8,euclidean,random,StandardScaler_per_sample_dimension
CC1=CC=C(OC2=CC=CC(CN)=C2)C=C1C,-7.6103153,5.062086,False,48,5,0.8,euclidean,random,StandardScaler_per_sample_dimension
CC1=CC(OC2=CC=C3CNCC3=C2)=CC=C1,-7.674414,5.020272,False,48,5,0.8,euclidean,random,StandardScaler_per_sample_dimension
CC1=CC=CC(OC2=CC=C3CNCC3=C2)=C1,-7.7137904,5.0868855,False,48,5,0.8,euclidean,random,StandardScaler_per_sample_dimension
CCNC(=O)CCC1=CC=CC=C1,-1.1881785,21.038734,False,48,5,0.8,euclidean,random,StandardScaler_per_sample_dimension
*CCCCCCNC,9.569289,-8.11325,False,48,5,0.8,euclidean,random,StandardScaler_per_sample_dimension
*CC(O)CC,-0.11288586,3.6927233,True,48,5,0.8,euclidean,random,StandardScaler_per_sample_dimension
CCCCNC(=O)C1=CC=C(C)C=C1,6.961489,-10.250278,True,48,5,0.8,euclidean,random,StandardScaler_per_sample_dimension
COC1=CC=C(N=N)C=C1,4.757938,12.189961,True,48,5,0.8,euclidean,random,StandardScaler_per_sample_dimension
COC1=CC=C(SC2=CC=C(OC)C=C2)C=C1,4.881318,8.724636,False,48,5,0.8,euclidean,random,StandardScaler_per_sample_dimension
*CCOCCOCCO,10.656615,8.439332,False,48,5,0.8,euclidean,random,StandardScaler_per_sample_dimension
*OC1=CC=C(OC2=CC=CC=C2)C=C1,3.561309,9.894241,False,48,5,0.8,euclidean,random,StandardScaler_per_sample_dimension
FC(F)CC(F)C(F)F,17.708656,7.9040675,False,48,5,0.8,euclidean,random,StandardScaler_per_sample_dimension
FC(F)C(F)C(F)C(F)F,17.908587,7.7289724,False,48,5,0.8,euclidean,random,StandardScaler_per_sample_dimension
CCCC(C)CCCN,9.810201,3.351153,False,48,5,0.8,euclidean,random,StandardScaler_per_sample_dimension
CC(C)CCCCO,4.912253,5.9628143,True,48,5,0.8,euclidean,random,StandardScaler_per_sample_dimension
*C(C)COCCCCCCC,6.6827154,0.84757817,False,48,5,0.8,euclidean,random,StandardScaler_per_sample_dimension
NCCNC=O,2.7597191,4.847957,False,48,5,0.8,euclidean,random,StandardScaler_per_sample_dimension
CC1(C2=CC=C(O)C=C2)CCCCC1,0.6826788,9.854577,False,48,5,0.8,euclidean,random,StandardScaler_per_sample_dimension
CCCOCCCCCCO,3.2583034,18.952745,True,48,5,0.8,euclidean,random,StandardScaler_per_sample_dimension
*OC1=CC=C(S(=O)C2=CC=C(O)C=C2)C=C1,2.903569,14.205085,False,48,5,0.8,euclidean,random,StandardScaler_per_sample_dimension
*C1=CC=C(C(C)C2=CC=C(OC)C=C2)C=C1,3.3961957,12.369669,True,48,5,0.8,euclidean,random,StandardScaler_per_sample_dimension
*O[SiH](*)C,9.343222,0.4841941,False,48,5,0.8,euclidean,random,StandardScaler_per_sample_dimension
CC1=CC=C(CC2=CC(C=O)=CC=C2)C=C1,21.479673,6.865299,False,48,5,0.8,euclidean,random,StandardScaler_per_sample_dimension
CC1=CC=C(CC2=CC=CC(C=O)=C2)C=C1,21.443613,6.864818,False,48,5,0.8,euclidean,random,StandardScaler_per_sample_dimension
O=CCCC1=CC=C(O)C=C1,-1.3693036,21.079618,False,48,5,0.8,euclidean,random,StandardScaler_per_sample_dimension
C1=CC=C(CC2=CC=C3CNCC3=C2)C=C1,5.6099663,14.306648,False,48,5,0.8,euclidean,random,StandardScaler_per_sample_dimension
O=C1NCC2=CC(CC3=CC=CC=C3)=CC=C12,5.699466,14.485756,False,48,5,0.8,euclidean,random,StandardScaler_per_sample_dimension
O=C1NCC2=CC=C(CC3=CC=CC=C3)C=C12,5.4543056,14.31506,False,48,5,0.8,euclidean,random,StandardScaler_per_sample_dimension
CCCCNCC1=C(C)C=CC=C1,13.283475,-3.6004498,True,48,5,0.8,euclidean,random,StandardScaler_per_sample_dimension
CCCCNCC1=CC=CC=C1C,13.221734,-3.5417495,False,48,5,0.8,euclidean,random,StandardScaler_per_sample_dimension
COC1=C(C)C=C(C)C=C1C,13.003146,10.557936,False,48,5,0.8,euclidean,random,StandardScaler_per_sample_dimension
CC(C)C(C)(C)C,3.2473257,9.282912,False,48,5,0.8,euclidean,random,StandardScaler_per_sample_dimension
CCCC1=CC=C(OC(C)=O)C=C1,-15.090808,14.627985,False,48,5,0.8,euclidean,random,StandardScaler_per_sample_dimension
CCNCC1=CC=C(C=O)C=C1,6.6367345,-10.973381,False,48,5,0.8,euclidean,random,StandardScaler_per_sample_dimension
CCNC(=O)C1=CC=C(C=O)C=C1,6.753589,-10.816944,True,48,5,0.8,euclidean,random,StandardScaler_per_sample_dimension
CCNCCOC=O,5.6468134,15.30975,True,48,5,0.8,euclidean,random,StandardScaler_per_sample_dimension
CN1CC2=CC=C(CC3=CC=CC=C3)C=C2C1,6.2204304,13.806938,True,48,5,0.8,euclidean,random,StandardScaler_per_sample_dimension
CC1=CC=C(CNC2=CC(N)=CC=C2)C=C1,25.2789,18.123573,False,48,5,0.8,euclidean,random,StandardScaler_per_sample_dimension
CC1=CC=C(CNC2=CC=CC(N)=C2)C=C1,25.086102,18.307945,True,48,5,0.8,euclidean,random,StandardScaler_per_sample_dimension
CC1=CC=C(C(=O)NC2=CC(N)=CC=C2)C=C1,25.171503,18.22722,False,48,5,0.8,euclidean,random,StandardScaler_per_sample_dimension
CC1=CC=C(C(=O)NC2=CC=CC(N)=C2)C=C1,25.27705,18.24607,False,48,5,0.8,euclidean,random,StandardScaler_per_sample_dimension
NC1=CC=C(OC2=CC=C(N)C=C2)C=C1,4.1298685,8.644084,False,48,5,0.8,euclidean,random,StandardScaler_per_sample_dimension
CP(C)(C)=O,-7.212714,11.879314,False,48,5,0.8,euclidean,random,StandardScaler_per_sample_dimension
*CCC1=CC=C(C)C=C1,11.28221,4.5174212,False,48,5,0.8,euclidean,random,StandardScaler_per_sample_dimension
*OC1=CC=C(CCN)C=C1,15.029302,-4.5108376,False,48,5,0.8,euclidean,random,StandardScaler_per_sample_dimension
*OC1=CC=C(CCNC)C=C1,15.153573,-4.561528,False,48,5,0.8,euclidean,random,StandardScaler_per_sample_dimension
FCC(F)C(F)(F)C(F)F,18.209877,7.365145,False,48,5,0.8,euclidean,random,StandardScaler_per_sample_dimension
FCCC(F)(F)C(F)F,17.573952,7.815508,False,48,5,0.8,euclidean,random,StandardScaler_per_sample_dimension
FCC(F)(F)C(F)(F)CF,17.243685,7.704663,False,48,5,0.8,euclidean,random,StandardScaler_per_sample_dimension
CCC1=CC(C)=C(OC)C=C1,6.9564595,26.163225,True,48,5,0.8,euclidean,random,StandardScaler_per_sample_dimension
CCC1=CC=C(OC)C(C)=C1,6.9083486,26.129631,False,48,5,0.8,euclidean,random,StandardScaler_per_sample_dimension
CCCCC(=O)N(C)C,2.9769588,0.8776114,False,48,5,0.8,euclidean,random,StandardScaler_per_sample_dimension
CCC1=C(O)C=CC=C1,8.894737,25.152786,True,48,5,0.8,euclidean,random,StandardScaler_per_sample_dimension
CCC1=CC=CC=C1O,8.829388,25.265594,False,48,5,0.8,euclidean,random,StandardScaler_per_sample_dimension
CNC1=CC=C(C(C)(C)C2=CC=CC=C2)C=C1,6.454189,7.704368,True,48,5,0.8,euclidean,random,StandardScaler_per_sample_dimension
*CCC(C)CCC,7.66618,8.096831,True,48,5,0.8,euclidean,random,StandardScaler_per_sample_dimension
CCOC(C)COC,-2.8815882,2.545711,False,48,5,0.8,euclidean,random,StandardScaler_per_sample_dimension
CCNCCCCCCN,-9.25546,15.843489,True,48,5,0.8,euclidean,random,StandardScaler_per_sample_dimension
CCCCCCCCCCOCCC,5.2946196,13.759084,True,48,5,0.8,euclidean,random,StandardScaler_per_sample_dimension
*CC(CC)CC,7.454624,8.171444,False,48,5,0.8,euclidean,random,StandardScaler_per_sample_dimension
*CCC(=O)OCCCCCCC,6.65025,0.66945636,False,48,5,0.8,euclidean,random,StandardScaler_per_sample_dimension
CCCCCCCOCC1=CC=CC=C1,1.6706076,-0.4135028,False,48,5,0.8,euclidean,random,StandardScaler_per_sample_dimension
CCNCCC1=CC=C(O)C=C1,14.428558,-4.46135,False,48,5,0.8,euclidean,random,StandardScaler_per_sample_dimension
CC1=CC=C(N=N)C=C1,4.2428637,11.408924,False,48,5,0.8,euclidean,random,StandardScaler_per_sample_dimension
CCOCC(N)CC1=CC=CC=C1,-1.3520333,13.396159,False,48,5,0.8,euclidean,random,StandardScaler_per_sample_dimension
*COC1=CC=C(CC2=CC=CC=C2)C=C1,5.040432,5.4220343,False,48,5,0.8,euclidean,random,StandardScaler_per_sample_dimension
*C1=CC=C2CN(C3=CC(C)=CC=C3)CC2=C1,24.672993,-0.61249834,False,48,5,0.8,euclidean,random,StandardScaler_per_sample_dimension
*C1=CC=C2CN(C3=CC=CC(C)=C3)CC2=C1,24.56116,-0.56280464,False,48,5,0.8,euclidean,random,StandardScaler_per_sample_dimension
OCCCC1=CC=C(O)C=C1,-0.68728125,14.621036,True,48,5,0.8,euclidean,random,StandardScaler_per_sample_dimension
*C1=CC=C(CC2=CC=C(N)C=C2)C=C1,4.595424,10.445538,True,48,5,0.8,euclidean,random,StandardScaler_per_sample_dimension
*C(=O)OC1=CC=CC=C1,4.2854934,5.748251,False,48,5,0.8,euclidean,random,StandardScaler_per_sample_dimension
*OC1=CC=C(CCNCC)C=C1,15.249364,-4.593915,False,48,5,0.8,euclidean,random,StandardScaler_per_sample_dimension
CCCCC(C)C(C)CC,1.6389313,11.076305,False,48,5,0.8,euclidean,random,StandardScaler_per_sample_dimension
CCC(C)CC(N)=O,4.094485,1.4373403,False,48,5,0.8,euclidean,random,StandardScaler_per_sample_dimension
CCCCCCCOCCCC,3.0621157,5.553852,False,48,5,0.8,euclidean,random,StandardScaler_per_sample_dimension
CCCOCC(C)CC,1.5249557,6.8452697,False,48,5,0.8,euclidean,random,StandardScaler_per_sample_dimension
*CCCC(C)CC,7.2902455,8.944018,False,48,5,0.8,euclidean,random,StandardScaler_per_sample_dimension
CCC(C)CCOC,-7.518986,17.441233,False,48,5,0.8,euclidean,random,StandardScaler_per_sample_dimension
CCNC1=CC=CC(NCC)=C1,-13.71793,4.308546,False,48,5,0.8,euclidean,random,StandardScaler_per_sample_dimension
CNCCNC=O,2.6216369,4.7835126,False,48,5,0.8,euclidean,random,StandardScaler_per_sample_dimension
CNC1=CC=C(N=N)C=C1,-2.658051,10.338784,True,48,5,0.8,euclidean,random,StandardScaler_per_sample_dimension
O=CC1=CC=C(CC2=CC(C=O)=CC=C2)C=C1,21.427107,6.9298506,False,48,5,0.8,euclidean,random,StandardScaler_per_sample_dimension
O=CC1=CC=C(CC2=CC=CC(C=O)=C2)C=C1,21.46959,6.9957504,False,48,5,0.8,euclidean,random,StandardScaler_per_sample_dimension
COC(=O)CC(C)C,7.216124,3.5372937,False,48,5,0.8,euclidean,random,StandardScaler_per_sample_dimension
*/C=C/CC,9.615496,10.001658,True,48,5,0.8,euclidean,random,StandardScaler_per_sample_dimension
*/C=C\CC,9.616754,9.805859,False,48,5,0.8,euclidean,random,StandardScaler_per_sample_dimension
CCCOCC1=CC=C(C)C=C1,1.1628864,1.2168561,False,48,5,0.8,euclidean,random,StandardScaler_per_sample_dimension
CCCNC(=O)C1=CC(C)=CC=C1,-11.511755,6.9062963,True,48,5,0.8,euclidean,random,StandardScaler_per_sample_dimension
CCCNC(=O)C1=CC=CC(C)=C1,-11.815021,6.7133055,False,48,5,0.8,euclidean,random,StandardScaler_per_sample_dimension
*C(C)CN,-4.6866946,-0.06874291,False,48,5,0.8,euclidean,random,StandardScaler_per_sample_dimension
COCCCOC(C)=O,-0.5344071,2.6410513,True,48,5,0.8,euclidean,random,StandardScaler_per_sample_dimension
*C1=CC=CS1,5.9668508,6.355828,True,48,5,0.8,euclidean,random,StandardScaler_per_sample_dimension
CCOC(=O)C(N)CC1=CC=CC=C1,-1.2562157,13.595038,False,48,5,0.8,euclidean,random,StandardScaler_per_sample_dimension
CCOCC(CC1=CC=CC=C1)NC,-1.2378074,13.410748,False,48,5,0.8,euclidean,random,StandardScaler_per_sample_dimension
CCOC(=O)C(CC1=CC=CC=C1)NC,-1.2096411,13.626046,False,48,5,0.8,euclidean,random,StandardScaler_per_sample_dimension
CCOCC(CC1=CC=CC=C1)NC=O,-1.4550236,13.435735,False,48,5,0.8,euclidean,random,StandardScaler_per_sample_dimension
CCOC(=O)C(CC1=CC=CC=C1)NC=O,-1.2547027,13.42857,False,48,5,0.8,euclidean,random,StandardScaler_per_sample_dimension
CCCC(=O)NCCC1=CC=CC=C1,15.908008,19.292881,True,48,5,0.8,euclidean,random,StandardScaler_per_sample_dimension
CCN1C=CC=C1,18.839108,14.539997,False,48,5,0.8,euclidean,random,StandardScaler_per_sample_dimension
CCCC(=O)NCCOC,16.789623,-4.755851,True,48,5,0.8,euclidean,random,StandardScaler_per_sample_dimension
*OC1=CC=C(CCC=O)C=C1,-0.6865533,14.758195,False,48,5,0.8,euclidean,random,StandardScaler_per_sample_dimension
COCCCC1=CC=C(O)C=C1,-0.8188046,14.684436,False,48,5,0.8,euclidean,random,StandardScaler_per_sample_dimension
O=C(O)CCC1=CC=C(O)C=C1,-0.7927831,14.633766,False,48,5,0.8,euclidean,random,StandardScaler_per_sample_dimension
O=CNCCC1=CC=C(O)C=C1,15.707174,-4.767304,False,48,5,0.8,euclidean,random,StandardScaler_per_sample_dimension
CC(=O)NCCC1=CC=C(O)C=C1,15.602061,-4.744517,False,48,5,0.8,euclidean,random,StandardScaler_per_sample_dimension
COC(=O)CCC1=CC=C(O)C=C1,-0.6561252,14.619042,False,48,5,0.8,euclidean,random,StandardScaler_per_sample_dimension
*CCOCCOCCOC,10.864528,8.196255,False,48,5,0.8,euclidean,random,StandardScaler_per_sample_dimension
*OC1=CC=C(CCNC=O)C=C1,15.485476,-4.719547,False,48,5,0.8,euclidean,random,StandardScaler_per_sample_dimension
*OC1=CC=C(CCNC(C)=O)C=C1,15.459264,-4.657947,False,48,5,0.8,euclidean,random,StandardScaler_per_sample_dimension
NCC1=CC=C(OC2=CC=C(CN)C=C2)C=C1,24.631386,16.148073,True,48,5,0.8,euclidean,random,StandardScaler_per_sample_dimension
CCC(CC)C(N)=O,4.323237,1.1186308,False,48,5,0.8,euclidean,random,StandardScaler_per_sample_dimension
CNC1=C(C)C=C(C)C=C1,26.745432,5.462743,True,48,5,0.8,euclidean,random,StandardScaler_per_sample_dimension
CNC1=CC=C(C)C=C1C,26.670607,5.457149,False,48,5,0.8,euclidean,random,StandardScaler_per_sample_dimension
C/C=C/CCCC,-8.548619,1.9298474,False,48,5,0.8,euclidean,random,StandardScaler_per_sample_dimension
C/C=C\CCCC,-8.557182,1.7361209,False,48,5,0.8,euclidean,random,StandardScaler_per_sample_dimension
CC=CCCCC,-8.363196,1.6893373,False,48,5,0.8,euclidean,random,StandardScaler_per_sample_dimension
CCC(C)CC(C)(C)C,1.2262678,8.733442,True,48,5,0.8,euclidean,random,StandardScaler_per_sample_dimension
CCNCCNC,2.456373,4.8130655,False,48,5,0.8,euclidean,random,StandardScaler_per_sample_dimension
CCCCNC(=O)C1=CC=CC=C1C,-13.700927,-8.570993,False,48,5,0.8,euclidean,random,StandardScaler_per_sample_dimension
*C(C)C(=O)OCCCCCCC,6.7102814,0.7288637,False,48,5,0.8,euclidean,random,StandardScaler_per_sample_dimension
COC1=CC=CC(NCC2=CC=CC=C2)=C1,21.284983,21.40806,False,48,5,0.8,euclidean,random,StandardScaler_per_sample_dimension
COC1=CC=CC(NC(=O)C2=CC=CC=C2)=C1,21.279964,21.42455,False,48,5,0.8,euclidean,random,StandardScaler_per_sample_dimension
CCCCCCOC1=CC=C(CC)C=C1,-7.621046,-3.987105,False,48,5,0.8,euclidean,random,StandardScaler_per_sample_dimension
CCCN(C)CCC,1.3361361,0.121628135,False,48,5,0.8,euclidean,random,StandardScaler_per_sample_dimension
C1=CN=CC=N1,-3.2379317,8.048144,False,48,5,0.8,euclidean,random,StandardScaler_per_sample_dimension
CCCC(=O)NCC=O,7.373055,-7.2780223,True,48,5,0.8,euclidean,random,StandardScaler_per_sample_dimension
*CCCCCC=O,2.4499738,5.992013,False,48,5,0.8,euclidean,random,StandardScaler_per_sample_dimension
CCCNCCC1=CC=C(O)C=C1,14.410403,-4.365896,False,48,5,0.8,euclidean,random,StandardScaler_per_sample_dimension
*CCCCCCCCCCCC,6.0600076,8.576844,False,48,5,0.8,euclidean,random,StandardScaler_per_sample_dimension
CCCCCC(=O)OC1=CC=C(C)C=C1,1.9592423,6.474417,False,48,5,0.8,euclidean,random,StandardScaler_per_sample_dimension
CCNC(COCC)CC1=CC=CC=C1,13.545547,-12.441631,True,48,5,0.8,euclidean,random,StandardScaler_per_sample_dimension
CCNC(CC1=CC=CC=C1)C(=O)OCC,13.559209,-12.634705,False,48,5,0.8,euclidean,random,StandardScaler_per_sample_dimension
CCOCC(CC1=CC=CC=C1)NC(C)=O,13.339305,-12.6166725,False,48,5,0.8,euclidean,random,StandardScaler_per_sample_dimension
CCOC(=O)C(CC1=CC=CC=C1)NC(C)=O,13.383759,-12.41409,False,48,5,0.8,euclidean,random,StandardScaler_per_sample_dimension
*CCCC(=O)O,8.99281,2.865216,False,48,5,0.8,euclidean,random,StandardScaler_per_sample_dimension
*OC1=CC=C(CCCO)C=C1,-0.7369225,14.583151,False,48,5,0.8,euclidean,random,StandardScaler_per_sample_dimension
*OC1=CC=C(CCC(=O)O)C=C1,-0.70251817,14.574702,False,48,5,0.8,euclidean,random,StandardScaler_per_sample_dimension
*OC1=CC=C(CCCOC)C=C1,-0.6742034,14.483249,False,48,5,0.8,euclidean,random,StandardScaler_per_sample_dimension
*OC1=CC=C(CCC(=O)OC)C=C1,-0.5772684,14.440299,False,48,5,0.8,euclidean,random,StandardScaler_per_sample_dimension
*OC1=CC=C(CCNCCC)C=C1,-8.901823,9.044816,False,48,5,0.8,euclidean,random,StandardScaler_per_sample_dimension
CCCCCF,15.34679,9.577855,False,48,5,0.8,euclidean,random,StandardScaler_per_sample_dimension
CCCC(C)CCCNC,10.000757,3.4288194,True,48,5,0.8,euclidean,random,StandardScaler_per_sample_dimension
CC1=CC(CC2=CC(C)=C(O)C=C2)=CC=C1,16.481407,14.185373,False,48,5,0.8,euclidean,random,StandardScaler_per_sample_dimension
CC1=CC(CC2=CC=C(O)C(C)=C2)=CC=C1,16.594421,14.089859,False,48,5,0.8,euclidean,random,StandardScaler_per_sample_dimension
CC1=CC=CC(CC2=CC(C)=C(O)C=C2)=C1,16.549486,13.984955,False,48,5,0.8,euclidean,random,StandardScaler_per_sample_dimension
CC1=CC=CC(CC2=CC=C(O)C(C)=C2)=C1,16.671589,14.164013,False,48,5,0.8,euclidean,random,StandardScaler_per_sample_dimension
CC1=CC(C)=C(NC=O)C=C1,26.711899,5.450344,False,48,5,0.8,euclidean,random,StandardScaler_per_sample_dimension
CC1=CC=C(NC=O)C(C)=C1,26.744856,5.674041,False,48,5,0.8,euclidean,random,StandardScaler_per_sample_dimension
CCCCCCCCCNC(C)=O,2.525527,-1.7974674,False,48,5,0.8,euclidean,random,StandardScaler_per_sample_dimension
CP(C)C1=CC=CC=C1,-8.016813,-2.3745403,False,48,5,0.8,euclidean,random,StandardScaler_per_sample_dimension
COC1=C(C)C=C(CC2=CC=CC=C2)C=C1,-4.430898,1.5130398,True,48,5,0.8,euclidean,random,StandardScaler_per_sample_dimension
COC1=CC=C(CC2=CC=CC=C2)C=C1C,-4.389092,1.4024061,False,48,5,0.8,euclidean,random,StandardScaler_per_sample_dimension
CCCCOCO,-1.949848,0.30719304,True,48,5,0.8,euclidean,random,StandardScaler_per_sample_dimension
CCNC1=CC(CN)=CC=C1,4.0634184,-19.47901,False,48,5,0.8,euclidean,random,StandardScaler_per_sample_dimension
CCNC1=CC=CC(CN)=C1,3.966074,-19.37623,False,48,5,0.8,euclidean,random,StandardScaler_per_sample_dimension
CC(=O)NC1=CC(CN)=CC=C1,3.9697485,-19.373085,False,48,5,0.8,euclidean,random,StandardScaler_per_sample_dimension
CC(=O)NC1=CC=CC(CN)=C1,4.0005856,-19.403622,False,48,5,0.8,euclidean,random,StandardScaler_per_sample_dimension
CCNC1=CC(C(N)=O)=CC=C1,4.1843596,-19.59717,False,48,5,0.8,euclidean,random,StandardScaler_per_sample_dimension
CCNC1=CC=CC(C(N)=O)=C1,3.9034343,-19.331797,False,48,5,0.8,euclidean,random,StandardScaler_per_sample_dimension
CCNC1=CC=CC(CNC)=C1,4.319531,-19.77057,False,48,5,0.8,euclidean,random,StandardScaler_per_sample_dimension
CC(=O)NC1=CC(C(N)=O)=CC=C1,4.0316463,-19.285387,False,48,5,0.8,euclidean,random,StandardScaler_per_sample_dimension
CC(=O)NC1=CC=CC(C(N)=O)=C1,3.9605772,-19.387737,False,48,5,0.8,euclidean,random,StandardScaler_per_sample_dimension
CCNC1=CC=CC(C(=O)NC)=C1,4.1101255,-19.549139,True,48,5,0.8,euclidean,random,StandardScaler_per_sample_dimension
CNCC1=CC(NC(C)=O)=CC=C1,4.217585,-19.655033,False,48,5,0.8,euclidean,random,StandardScaler_per_sample_dimension
CNC(=O)C1=CC(NC(C)=O)=CC=C1,4.148681,-19.592192,False,48,5,0.8,euclidean,random,StandardScaler_per_sample_dimension
OCNC1=CC=CC=C1,-0.76676893,-13.874135,False,48,5,0.8,euclidean,random,StandardScaler_per_sample_dimension
O=C(O)NC1=CC=CC=C1,-0.8248481,-13.879132,True,48,5,0.8,euclidean,random,StandardScaler_per_sample_dimension
CC1=CC=C(C2=C(C)C=CC=C2)C=C1,6.7075405,22.632862,False,48,5,0.8,euclidean,random,StandardScaler_per_sample_dimension
CC1=CC=C(C2=CC=CC=C2C)C=C1,6.707713,22.645601,True,48,5,0.8,euclidean,random,StandardScaler_per_sample_dimension
CCCOCCCOC,-0.4360879,2.6688776,False,48,5,0.8,euclidean,random,StandardScaler_per_sample_dimension
*CC(*)COCCCCCCC,6.6971774,0.4889836,True,48,5,0.8,euclidean,random,StandardScaler_per_sample_dimension
*CC(*)C(=O)OCCCCCCC,6.706517,0.47438532,False,48,5,0.8,euclidean,random,StandardScaler_per_sample_dimension
COC1=CC=C(C2CCCCC2)C=C1,0.93181854,9.626264,False,48,5,0.8,euclidean,random,StandardScaler_per_sample_dimension
O=C/C=C/C1=CC=CC=C1,-6.5734777,0.74648887,False,48,5,0.8,euclidean,random,StandardScaler_per_sample_dimension
O=CC=CC1=CC=CC=C1,-6.447075,0.76621246,True,48,5,0.8,euclidean,random,StandardScaler_per_sample_dimension
C=N,13.216115,-5.755522,False,48,5,0.8,euclidean,random,StandardScaler_per_sample_dimension
COCNC1=CC=CC=C1,-0.9525177,-13.8482275,False,48,5,0.8,euclidean,random,StandardScaler_per_sample_dimension
COC(=O)NC1=CC=CC=C1,-0.98800653,-13.894469,False,48,5,0.8,euclidean,random,StandardScaler_per_sample_dimension
*CCCNC=O,12.04766,5.1539493,False,48,5,0.8,euclidean,random,StandardScaler_per_sample_dimension
C1=CC=C(N2CCCC2)C=C1,9.195081,10.525321,True,48,5,0.8,euclidean,random,StandardScaler_per_sample_dimension
*CCCOC=O,5.56522,7.4355555,False,48,5,0.8,euclidean,random,StandardScaler_per_sample_dimension
*CC1=CC=C(O)C=C1,3.0061252,9.84087,False,48,5,0.8,euclidean,random,StandardScaler_per_sample_dimension
*NCC1=CC(C=O)=CC=C1,0.9253209,21.744625,False,48,5,0.8,euclidean,random,StandardScaler_per_sample_dimension
*NCC1=CC=CC(C=O)=C1,1.059143,21.815605,False,48,5,0.8,euclidean,random,StandardScaler_per_sample_dimension
CC(N)CC1=CC=C(O)C=C1,-8.682423,9.194437,False,48,5,0.8,euclidean,random,StandardScaler_per_sample_dimension
*NC(=O)C1=CC(C=O)=CC=C1,0.934949,21.874819,False,48,5,0.8,euclidean,random,StandardScaler_per_sample_dimension
*NC(=O)C1=CC=CC(C=O)=C1,0.8341318,21.686497,False,48,5,0.8,euclidean,random,StandardScaler_per_sample_dimension
*OC1=CC=C(CC(C)N)C=C1,-10.409194,9.190526,False,48,5,0.8,euclidean,random,StandardScaler_per_sample_dimension
CNC(C)CC1=CC=C(O)C=C1,-8.9457445,9.37605,False,48,5,0.8,euclidean,random,StandardScaler_per_sample_dimension
NC(C=O)CC1=CC=C(O)C=C1,-9.18955,10.665931,False,48,5,0.8,euclidean,random,StandardScaler_per_sample_dimension
NC(CO)CC1=CC=C(O)C=C1,-8.375236,9.964375,False,48,5,0.8,euclidean,random,StandardScaler_per_sample_dimension
*OC1=CC=C(CC(C)NC)C=C1,-9.064495,10.444512,False,48,5,0.8,euclidean,random,StandardScaler_per_sample_dimension
*OC1=CC=C(CC(N)C=O)C=C1,-8.356128,9.664263,False,48,5,0.8,euclidean,random,StandardScaler_per_sample_dimension
*OC1=CC=C(CC(N)CO)C=C1,-8.634465,8.375013,False,48,5,0.8,euclidean,random,StandardScaler_per_sample_dimension
CC(CC1=CC=C(O)C=C1)NC=O,-10.02757,9.055266,False,48,5,0.8,euclidean,random,StandardScaler_per_sample_dimension
CCNC(C)CC1=CC=C(O)C=C1,-8.873032,9.67576,False,48,5,0.8,euclidean,random,StandardScaler_per_sample_dimension
CNC(C=O)CC1=CC=C(O)C=C1,-8.149408,10.010248,False,48,5,0.8,euclidean,random,StandardScaler_per_sample_dimension
CNC(CO)CC1=CC=C(O)C=C1,-8.769857,9.339304,False,48,5,0.8,euclidean,random,StandardScaler_per_sample_dimension
COCC(N)CC1=CC=C(O)C=C1,-9.413731,8.097578,False,48,5,0.8,euclidean,random,StandardScaler_per_sample_dimension
NC(CC1=CC=C(O)C=C1)C(=O)O,-8.319573,9.787209,False,48,5,0.8,euclidean,random,StandardScaler_per_sample_dimension
*OC1=CC=C(CC(C)NC=O)C=C1,-8.490089,8.7996235,False,48,5,0.8,euclidean,random,StandardScaler_per_sample_dimension
*OC1=CC=C(CC(C)NCC)C=C1,-8.432116,9.405349,False,48,5,0.8,euclidean,random,StandardScaler_per_sample_dimension
*OC1=CC=C(CC(C=O)NC)C=C1,-9.62008,7.800085,False,48,5,0.8,euclidean,random,StandardScaler_per_sample_dimension
*OC1=CC=C(CC(CO)NC)C=C1,-8.121473,10.046029,False,48,5,0.8,euclidean,random,StandardScaler_per_sample_dimension
*OC1=CC=C(CC(N)C(=O)O)C=C1,-9.504106,8.982745,False,48,5,0.8,euclidean,random,StandardScaler_per_sample_dimension
*OC1=CC=C(CC(N)COC)C=C1,-9.543494,7.6191387,False,48,5,0.8,euclidean,random,StandardScaler_per_sample_dimension
CC(=O)NC(C)CC1=CC=C(O)C=C1,-8.56866,8.791349,False,48,5,0.8,euclidean,random,StandardScaler_per_sample_dimension
CCC(=O)NCCC1=CC=C(O)C=C1,-8.370713,9.502411,False,48,5,0.8,euclidean,random,StandardScaler_per_sample_dimension
CCCNC(C)CC1=CC=C(O)C=C1,-8.7261505,9.400296,False,48,5,0.8,euclidean,random,StandardScaler_per_sample_dimension
CCNC(C=O)CC1=CC=C(O)C=C1,-8.916169,9.431332,False,48,5,0.8,euclidean,random,StandardScaler_per_sample_dimension
CCNC(CO)CC1=CC=C(O)C=C1,-8.52419,8.644359,False,48,5,0.8,euclidean,random,StandardScaler_per_sample_dimension
CNC(CC1=CC=C(O)C=C1)C(=O)O,-9.31885,8.583809,False,48,5,0.8,euclidean,random,StandardScaler_per_sample_dimension
CNC(COC)CC1=CC=C(O)C=C1,-8.699894,9.854127,False,48,5,0.8,euclidean,random,StandardScaler_per_sample_dimension
COC(=O)C(N)CC1=CC=C(O)C=C1,-8.236062,10.021882,False,48,5,0.8,euclidean,random,StandardScaler_per_sample_dimension
O=CNC(C=O)CC1=CC=C(O)C=C1,-9.010075,8.715682,False,48,5,0.8,euclidean,random,StandardScaler_per_sample_dimension
O=CNC(CO)CC1=CC=C(O)C=C1,-8.962409,9.103104,False,48,5,0.8,euclidean,random,StandardScaler_per_sample_dimension
*OC1=CC=C(CC(C)NC(C)=O)C=C1,-10.357586,9.26224,False,48,5,0.8,euclidean,random,StandardScaler_per_sample_dimension
*OC1=CC=C(CC(C)NCCC)C=C1,-8.817742,9.80417,False,48,5,0.8,euclidean,random,StandardScaler_per_sample_dimension
*OC1=CC=C(CC(C=O)NC=O)C=C1,-8.820716,9.023031,False,48,5,0.8,euclidean,random,StandardScaler_per_sample_dimension
*OC1=CC=C(CC(C=O)NCC)C=C1,-10.0873995,9.1401415,False,48,5,0.8,euclidean,random,StandardScaler_per_sample_dimension
*OC1=CC=C(CC(CO)NC=O)C=C1,29.00137,2.3842676,False,48,5,0.8,euclidean,random,StandardScaler_per_sample_dimension
*OC1=CC=C(CC(CO)NCC)C=C1,-8.795948,8.703542,False,48,5,0.8,euclidean,random,StandardScaler_per_sample_dimension
*OC1=CC=C(CC(COC)NC)C=C1,-9.203309,9.934805,False,48,5,0.8,euclidean,random,StandardScaler_per_sample_dimension
*OC1=CC=C(CC(N)C(=O)OC)C=C1,-8.333873,8.386452,False,48,5,0.8,euclidean,random,StandardScaler_per_sample_dimension
*OC1=CC=C(CC(NC)C(=O)O)C=C1,-9.646224,7.8152957,False,48,5,0.8,euclidean,random,StandardScaler_per_sample_dimension
*OC1=CC=C(CCNC(=O)CC)C=C1,-8.4809265,9.715689,False,48,5,0.8,euclidean,random,StandardScaler_per_sample_dimension
CC(=O)NC(C=O)CC1=CC=C(O)C=C1,28.905962,2.4879239,False,48,5,0.8,euclidean,random,StandardScaler_per_sample_dimension
CC(=O)NC(CO)CC1=CC=C(O)C=C1,-8.468621,8.472181,False,48,5,0.8,euclidean,random,StandardScaler_per_sample_dimension
CCC(=O)NC(C)CC1=CC=C(O)C=C1,-9.006054,8.915608,False,48,5,0.8,euclidean,random,StandardScaler_per_sample_dimension
CCCNC(C=O)CC1=CC=C(O)C=C1,-9.752445,7.7668524,False,48,5,0.8,euclidean,random,StandardScaler_per_sample_dimension
CCCNC(CO)CC1=CC=C(O)C=C1,-8.479036,8.337389,False,48,5,0.8,euclidean,random,StandardScaler_per_sample_dimension
CCNC(CC1=CC=C(O)C=C1)C(=O)O,-8.316313,8.163995,False,48,5,0.8,euclidean,random,StandardScaler_per_sample_dimension
CCNC(COC)CC1=CC=C(O)C=C1,-8.242681,9.903604,False,48,5,0.8,euclidean,random,StandardScaler_per_sample_dimension
CNC(CC1=CC=C(O)C=C1)C(=O)OC,28.869919,2.52412,False,48,5,0.8,euclidean,random,StandardScaler_per_sample_dimension
COCC(CC1=CC=C(O)C=C1)NC=O,-8.657259,9.151275,False,48,5,0.8,euclidean,random,StandardScaler_per_sample_dimension
O=CNC(CC1=CC=C(O)C=C1)C(=O)O,-9.300044,8.689021,False,48,5,0.8,euclidean,random,StandardScaler_per_sample_dimension
*OC1=CC=C(CC(C)NC(=O)CC)C=C1,-8.290781,8.075323,False,48,5,0.8,euclidean,random,StandardScaler_per_sample_dimension
*OC1=CC=C(CC(C=O)NC(C)=O)C=C1,-9.251568,10.6674185,False,48,5,0.8,euclidean,random,StandardScaler_per_sample_dimension
*OC1=CC=C(CC(C=O)NCCC)C=C1,-9.662607,8.016671,False,48,5,0.8,euclidean,random,StandardScaler_per_sample_dimension
*OC1=CC=C(CC(CO)NC(C)=O)C=C1,-8.988848,9.176891,False,48,5,0.8,euclidean,random,StandardScaler_per_sample_dimension
*OC1=CC=C(CC(CO)NCCC)C=C1,-10.336253,9.19272,False,48,5,0.8,euclidean,random,StandardScaler_per_sample_dimension
*OC1=CC=C(CC(COC)NC=O)C=C1,28.806301,2.5876293,False,48,5,0.8,euclidean,random,StandardScaler_per_sample_dimension
*OC1=CC=C(CC(COC)NCC)C=C1,-9.1262,9.417024,False,48,5,0.8,euclidean,random,StandardScaler_per_sample_dimension
*OC1=CC=C(CC(NC)C(=O)OC)C=C1,-8.277559,9.901085,False,48,5,0.8,euclidean,random,StandardScaler_per_sample_dimension
*OC1=CC=C(CC(NC=O)C(=O)O)C=C1,-8.751493,9.284604,False,48,5,0.8,euclidean,random,StandardScaler_per_sample_dimension
*OC1=CC=C(CC(NCC)C(=O)O)C=C1,-9.207572,10.6629925,False,48,5,0.8,euclidean,random,StandardScaler_per_sample_dimension
CC(=O)NC(CC1=CC=C(O)C=C1)C(=O)O,-8.396504,8.1565275,False,48,5,0.8,euclidean,random,StandardScaler_per_sample_dimension
CCC(=O)NC(C=O)CC1=CC=C(O)C=C1,-9.695572,7.775634,False,48,5,0.8,euclidean,random,StandardScaler_per_sample_dimension
CCC(=O)NC(CO)CC1=CC=C(O)C=C1,-9.25887,10.468026,False,48,5,0.8,euclidean,random,StandardScaler_per_sample_dimension
CCCNC(CC1=CC=C(O)C=C1)C(=O)O,-10.297103,9.206924,False,48,5,0.8,euclidean,random,StandardScaler_per_sample_dimension
CCCNC(COC)CC1=CC=C(O)C=C1,28.770153,2.5475335,False,48,5,0.8,euclidean,random,StandardScaler_per_sample_dimension
CCNC(CC1=CC=C(O)C=C1)C(=O)OC,-9.345345,8.88554,False,48,5,0.8,euclidean,random,StandardScaler_per_sample_dimension
COC(=O)C(CC1=CC=C(O)C=C1)NC=O,28.783958,2.5784426,False,48,5,0.8,euclidean,random,StandardScaler_per_sample_dimension
COCC(CC1=CC=C(O)C=C1)NC(C)=O,-9.6885395,7.717317,False,48,5,0.8,euclidean,random,StandardScaler_per_sample_dimension
*COC1=CC=C(CC2=CC=C(O)C=C2)C=C1,4.6165566,5.522942,False,48,5,0.8,euclidean,random,StandardScaler_per_sample_dimension
*OC1=CC=C(CC(C=O)NC(=O)CC)C=C1,-9.008755,10.503228,False,48,5,0.8,euclidean,random,StandardScaler_per_sample_dimension
*OC1=CC=C(CC(CO)NC(=O)CC)C=C1,28.895617,2.6523318,False,48,5,0.8,euclidean,random,StandardScaler_per_sample_dimension
*OC1=CC=C(CC(COC)NC(C)=O)C=C1,-8.345925,8.171899,False,48,5,0.8,euclidean,random,StandardScaler_per_sample_dimension
*OC1=CC=C(CC(COC)NCCC)C=C1,-9.761142,7.7833366,False,48,5,0.8,euclidean,random,StandardScaler_per_sample_dimension
*OC1=CC=C(CC(NC(C)=O)C(=O)O)C=C1,-9.073763,8.878175,False,48,5,0.8,euclidean,random,StandardScaler_per_sample_dimension
*OC1=CC=C(CC(NC=O)C(=O)OC)C=C1,-9.292062,10.587198,False,48,5,0.8,euclidean,random,StandardScaler_per_sample_dimension
*OC1=CC=C(CC(NCC)C(=O)OC)C=C1,-9.225082,10.834626,False,48,5,0.8,euclidean,random,StandardScaler_per_sample_dimension
*OC1=CC=C(CC(NCCC)C(=O)O)C=C1,-8.419172,8.326649,False,48,5,0.8,euclidean,random,StandardScaler_per_sample_dimension
CCC(=O)NC(CC1=CC=C(O)C=C1)C(=O)O,-9.468529,8.914202,False,48,5,0.8,euclidean,random,StandardScaler_per_sample_dimension
CCC(=O)NC(COC)CC1=CC=C(O)C=C1,28.796011,2.5833335,False,48,5,0.8,euclidean,random,StandardScaler_per_sample_dimension
CCCNC(CC1=CC=C(O)C=C1)C(=O)OC,-9.091774,9.542946,False,48,5,0.8,euclidean,random,StandardScaler_per_sample_dimension
COC(=O)C(CC1=CC=C(O)C=C1)NC(C)=O,-8.768274,8.356959,False,48,5,0.8,euclidean,random,StandardScaler_per_sample_dimension
CCCCC(F)F,15.12636,9.702813,False,48,5,0.8,euclidean,random,StandardScaler_per_sample_dimension
CCNC1=CC(NC(C)=O)=CC=C1,9.586665,-13.562351,False,48,5,0.8,euclidean,random,StandardScaler_per_sample_dimension
CCNC1=CC=CC(NC(C)=O)=C1,9.635735,-13.467168,False,48,5,0.8,euclidean,random,StandardScaler_per_sample_dimension
CCCCC(C=O)CC,4.5306826,3.3082068,True,48,5,0.8,euclidean,random,StandardScaler_per_sample_dimension
CCC(CC)C(=O)NC,3.9979432,0.93623555,False,48,5,0.8,euclidean,random,StandardScaler_per_sample_dimension
CCC1CCC(C)CC1,1.9728011,9.865594,False,48,5,0.8,euclidean,random,StandardScaler_per_sample_dimension
CC(=O)NC1=CC=CC(NC(C)=O)=C1,-13.644196,4.352421,False,48,5,0.8,euclidean,random,StandardScaler_per_sample_dimension
CC(C)CCC1=CC=CC=C1,1.4439825,8.710605,False,48,5,0.8,euclidean,random,StandardScaler_per_sample_dimension
CCCCNCC1=CC=CC=C1C=O,-13.701905,-8.465242,False,48,5,0.8,euclidean,random,StandardScaler_per_sample_dimension
CCCCCNCCCCC,2.3266869,-4.1684046,False,48,5,0.8,euclidean,random,StandardScaler_per_sample_dimension
COCC(F)F,-2.6517472,-1.5471535,False,48,5,0.8,euclidean,random,StandardScaler_per_sample_dimension
CC1=CN=CC=N1,-3.5748036,8.301017,False,48,5,0.8,euclidean,random,StandardScaler_per_sample_dimension
CC1=CC(CC2=CC(C=O)=CC=C2)=CC=C1,-2.253435,-11.461546,True,48,5,0.8,euclidean,random,StandardScaler_per_sample_dimension
CC1=CC(CC2=CC=CC(C=O)=C2)=CC=C1,-2.350108,-11.452899,False,48,5,0.8,euclidean,random,StandardScaler_per_sample_dimension
CC1=CC=CC(CC2=CC=CC(C=O)=C2)=C1,-2.4012103,-11.480988,False,48,5,0.8,euclidean,random,StandardScaler_per_sample_dimension
CCOP,13.893096,20.732538,False,48,5,0.8,euclidean,random,StandardScaler_per_sample_dimension
CCCCNC(=O)C1=CC=CC=C1C=O,13.18752,-3.453387,False,48,5,0.8,euclidean,random,StandardScaler_per_sample_dimension
O=COCC1=CC=CC=C1,3.4367425,8.68684,True,48,5,0.8,euclidean,random,StandardScaler_per_sample_dimension
*C(CC)COC,9.901996,4.2879457,True,48,5,0.8,euclidean,random,StandardScaler_per_sample_dimension
OC1=CC=C(/N=N/C2=CC=CC=C2)C=C1,4.52493,12.177787,True,48,5,0.8,euclidean,random,StandardScaler_per_sample_dimension
CC1=CC=C(OC(=O)C2=CC=C(C)C=C2)C=C1,2.6058545,9.438121,False,48,5,0.8,euclidean,random,StandardScaler_per_sample_dimension
*[SiH](O)CC,9.2226925,0.21089974,True,48,5,0.8,euclidean,random,StandardScaler_per_sample_dimension
*OC1=CC=C(NC)C=C1,9.656372,6.2903357,True,48,5,0.8,euclidean,random,StandardScaler_per_sample_dimension
*OC1=CC=C(C=O)C=C1,3.519954,9.383055,False,48,5,0.8,euclidean,random,StandardScaler_per_sample_dimension
CCCC(F)CF,17.240334,6.260311,False,48,5,0.8,euclidean,random,StandardScaler_per_sample_dimension
CCCC(F)C(F)F,16.770779,7.2364745,False,48,5,0.8,euclidean,random,StandardScaler_per_sample_dimension
CCCCC(C)CNC,4.370968,2.4286718,False,48,5,0.8,euclidean,random,StandardScaler_per_sample_dimension
CCCCC(CCC)C1=CC=CC=C1,0.40322918,9.212502,False,48,5,0.8,euclidean,random,StandardScaler_per_sample_dimension
CCC(C)CC(=O)NC,3.7685392,1.1271299,False,48,5,0.8,euclidean,random,StandardScaler_per_sample_dimension
CCCCN1CC2=C(C=CC=C2)C1=O,-13.769869,-8.542705,False,48,5,0.8,euclidean,random,StandardScaler_per_sample_dimension
CCCCN1CC2=CC=CC=C2C1=O,-13.781173,-8.534136,False,48,5,0.8,euclidean,random,StandardScaler_per_sample_dimension
CCOC(=O)C(C)CC,6.464118,4.257085,False,48,5,0.8,euclidean,random,StandardScaler_per_sample_dimension
CP(C)(=O)C1=CC=CC=C1,-7.9947915,-2.2276144,False,48,5,0.8,euclidean,random,StandardScaler_per_sample_dimension
CCCCCCCCN(C)C,2.170421,-1.2564516,True,48,5,0.8,euclidean,random,StandardScaler_per_sample_dimension
NCCCCCC=O,13.32037,2.050882,False,48,5,0.8,euclidean,random,StandardScaler_per_sample_dimension
*C(C)CNC,-4.9841485,0.18434858,False,48,5,0.8,euclidean,random,StandardScaler_per_sample_dimension
CC1CCNC1,8.301172,11.308359,False,48,5,0.8,euclidean,random,StandardScaler_per_sample_dimension
COCC(C)(C)C,5.304276,7.8277607,True,48,5,0.8,euclidean,random,StandardScaler_per_sample_dimension
CCCOC1=C(C)C=CC=C1,-10.394603,-2.7200282,True,48,5,0.8,euclidean,random,StandardScaler_per_sample_dimension
CCCOC1=CC=CC=C1C,-10.57696,-2.6141758,False,48,5,0.8,euclidean,random,StandardScaler_per_sample_dimension
CCCCN1CC2=C(C=CC=C2)C1,13.159357,-3.264397,False,48,5,0.8,euclidean,random,StandardScaler_per_sample_dimension
CCCCN1CC2=CC=CC=C2C1,12.989248,-3.210604,False,48,5,0.8,euclidean,random,StandardScaler_per_sample_dimension
CCCCN1C(=O)C2=C(C=CC=C2)C1=O,13.133748,-3.241264,False,48,5,0.8,euclidean,random,StandardScaler_per_sample_dimension
CCCCN1C(=O)C2=CC=CC=C2C1=O,13.202554,-3.4594245,False,48,5,0.8,euclidean,random,StandardScaler_per_sample_dimension
CCOCCCCCCOC,3.682958,19.239109,True,48,5,0.8,euclidean,random,StandardScaler_per_sample_dimension
CCCCNC(C)C=O,7.32384,-7.5090837,True,48,5,0.8,euclidean,random,StandardScaler_per_sample_dimension
CCCC(=O)NC(C)C=O,7.3928094,-7.422727,False,48,5,0.8,euclidean,random,StandardScaler_per_sample_dimension
COC1=CC=C(/N=N/C2=CC=CC=C2)C=C1,4.813015,12.107136,False,48,5,0.8,euclidean,random,StandardScaler_per_sample_dimension
CCCNC(COCC)CC1=CC=CC=C1,13.441437,-12.500782,False,48,5,0.8,euclidean,random,StandardScaler_per_sample_dimension
CCCNC(CC1=CC=CC=C1)C(=O)OCC,13.320337,-12.598106,False,48,5,0.8,euclidean,random,StandardScaler_per_sample_dimension
CCOCC(CC1=CC=CC=C1)NC(=O)CC,13.3554735,-12.554056,False,48,5,0.8,euclidean,random,StandardScaler_per_sample_dimension
*[Si](C)(O)CC,9.271254,0.2919213,False,48,5,0.8,euclidean,random,StandardScaler_per_sample_dimension
*CCCC(=O)OC,8.806161,2.7356875,False,48,5,0.8,euclidean,random,StandardScaler_per_sample_dimension
*O[Si](*)(C)C,9.365133,0.2031799,True,48,5,0.8,euclidean,random,StandardScaler_per_sample_dimension
CCCCCCCNCCCC,3.4622858,-4.7976747,False,48,5,0.8,euclidean,random,StandardScaler_per_sample_dimension
CCC(C)COC=O,5.7796245,7.8790345,False,48,5,0.8,euclidean,random,StandardScaler_per_sample_dimension
CCCCCC(=O)OCCC,2.5425503,6.2467036,False,48,5,0.8,euclidean,random,StandardScaler_per_sample_dimension
COCCCCC(C)C,4.7710695,6.299623,False,48,5,0.8,euclidean,random,StandardScaler_per_sample_dimension
CCCCC(C)COCC,5.5583353,4.980897,True,48,5,0.8,euclidean,random,StandardScaler_per_sample_dimension
CCCCCNC(=O)CCCC,2.6286035,-4.1116076,False,48,5,0.8,euclidean,random,StandardScaler_per_sample_dimension
CC(C)CCNC=O,3.2231414,1.4354513,False,48,5,0.8,euclidean,random,StandardScaler_per_sample_dimension
CCCCCCCCNC1=CC=CC=C1,-5.9761696,15.135281,False,48,5,0.8,euclidean,random,StandardScaler_per_sample_dimension
*C(C)CCCCC,7.107049,8.619931,False,48,5,0.8,euclidean,random,StandardScaler_per_sample_dimension
CCCCCCCC(=O)NCC,3.871193,-3.6181777,True,48,5,0.8,euclidean,random,StandardScaler_per_sample_dimension
*COC1=CC=C(C(C)C)C=C1,4.943952,5.228533,True,48,5,0.8,euclidean,random,StandardScaler_per_sample_dimension
C1=CC=C(C2=CN=CC=N2)C=C1,-3.5086653,8.283978,True,48,5,0.8,euclidean,random,StandardScaler_per_sample_dimension
C1=CC=C(C2=NC=CN=C2)C=C1,-3.6497734,8.284917,False,48,5,0.8,euclidean,random,StandardScaler_per_sample_dimension
CCOPO,13.769106,20.486284,True,48,5,0.8,euclidean,random,StandardScaler_per_sample_dimension
CC1CCNC1=O,8.17379,11.052512,False,48,5,0.8,euclidean,random,StandardScaler_per_sample_dimension
CC1CNC(=O)C1,8.301868,11.176965,False,48,5,0.8,euclidean,random,StandardScaler_per_sample_dimension
CC1CC(=O)NC1=O,8.172762,11.301807,False,48,5,0.8,euclidean,random,StandardScaler_per_sample_dimension
*C(C)COCCO,11.658838,9.82279,True,48,5,0.8,euclidean,random,StandardScaler_per_sample_dimension
CCOPOC,13.829745,20.645006,False,48,5,0.8,euclidean,random,StandardScaler_per_sample_dimension
CCOC1=CC=C(OC=O)C=C1,1.4217474,12.609844,False,48,5,0.8,euclidean,random,StandardScaler_per_sample_dimension
CC1=CC(C)=CC(C(C)(C)C)=C1,4.8685026,-9.547794,False,48,5,0.8,euclidean,random,StandardScaler_per_sample_dimension
CCCOC1=CC=C(C(C)(C)C)C=C1,2.8416824,7.564558,False,48,5,0.8,euclidean,random,StandardScaler_per_sample_dimension
*CC(C)CC=O,8.856539,2.58782,False,48,5,0.8,euclidean,random,StandardScaler_per_sample_dimension
*N=P,-6.221331,-10.99001,False,48,5,0.8,euclidean,random,StandardScaler_per_sample_dimension
FCC(F)(F)CC(F)F,17.581013,7.6691656,False,48,5,0.8,euclidean,random,StandardScaler_per_sample_dimension
CCCCCCC(C)CCCC,1.4223472,11.532538,True,48,5,0.8,euclidean,random,StandardScaler_per_sample_dimension
CCC(CC)CCC(C)C,2.049058,10.226095,False,48,5,0.8,euclidean,random,StandardScaler_per_sample_dimension
FC1=CC=CC=C1,20.562284,-2.2192197,False,48,5,0.8,euclidean,random,StandardScaler_per_sample_dimension
CC(C)CCCC=O,3.1819458,3.0209336,False,48,5,0.8,euclidean,random,StandardScaler_per_sample_dimension
C1=CC=C(PC2=CC=CC=C2)C=C1,-8.118857,-2.1722682,False,48,5,0.8,euclidean,random,StandardScaler_per_sample_dimension
CP(C1=CC=CC=C1)C1=CC=CC=C1,-8.13979,-2.0831776,False,48,5,0.8,euclidean,random,StandardScaler_per_sample_dimension
O=[PH](C1=CC=CC=C1)C1=CC=CC=C1,-7.9962277,-2.1853435,False,48,5,0.8,euclidean,random,StandardScaler_per_sample_dimension
CP(=O)(C1=CC=CC=C1)C1=CC=CC=C1,-8.086728,-2.0060265,False,48,5,0.8,euclidean,random,StandardScaler_per_sample_dimension
O=PO,18.701288,-2.2885034,True,48,5,0.8,euclidean,random,StandardScaler_per_sample_dimension
CCSC,4.8745337,10.198687,False,48,5,0.8,euclidean,random,StandardScaler_per_sample_dimension
CCCOC(=O)O,-1.7149029,0.6506742,True,48,5,0.8,euclidean,random,StandardScaler_per_sample_dimension
C1=CC=C(NC2=CC=CC=C2)C=C1,4.725766,7.9931264,True,48,5,0.8,euclidean,random,StandardScaler_per_sample_dimension
*NC(=O)CCCCCC,4.0056586,-2.3732417,False,48,5,0.8,euclidean,random,StandardScaler_per_sample_dimension
OC1=CC(OC2=CC=CC=C2)=CC=C1,1.1793265,-9.641426,False,48,5,0.8,euclidean,random,StandardScaler_per_sample_dimension
OC1=CC=CC(OC2=CC=CC=C2)=C1,1.0332978,-9.496416,False,48,5,0.8,euclidean,random,StandardScaler_per_sample_dimension
CCCCCCCCCCCCNC,3.6937635,-2.9152403,False,48,5,0.8,euclidean,random,StandardScaler_per_sample_dimension
CNC1=CC=C(/N=N/C2=CC=CC=C2)C=C1,-2.8410597,10.155551,False,48,5,0.8,euclidean,random,StandardScaler_per_sample_dimension
C1=CC2=NC=CN=C2C=C1,-3.0706704,8.198801,True,48,5,0.8,euclidean,random,StandardScaler_per_sample_dimension
C1=CC=C2N=CC=NC2=C1,-3.2429085,8.072327,False,48,5,0.8,euclidean,random,StandardScaler_per_sample_dimension
COC1=CC(C)=C(OC)C=C1,9.539839,-16.331604,False,48,5,0.8,euclidean,random,StandardScaler_per_sample_dimension
COC1=CC=C(OC)C(C)=C1,9.699034,-16.145224,False,48,5,0.8,euclidean,random,StandardScaler_per_sample_dimension
CCCOCN,-1.7547783,-13.763195,False,48,5,0.8,euclidean,random,StandardScaler_per_sample_dimension
O=COCCOCCO,11.711833,8.178837,False,48,5,0.8,euclidean,random,StandardScaler_per_sample_dimension
CCCCNCC(=O)O,7.6964593,-7.2749186,True,48,5,0.8,euclidean,random,StandardScaler_per_sample_dimension
*C1=CC=C(NCC2=CC=CC=C2)C=C1,13.006523,-10.447139,True,48,5,0.8,euclidean,random,StandardScaler_per_sample_dimension
FCC(F)(F)C(F)C(F)F,18.088835,7.3532953,False,48,5,0.8,euclidean,random,StandardScaler_per_sample_dimension
CCCC(F)(F)CF,16.537748,7.9419656,False,48,5,0.8,euclidean,random,StandardScaler_per_sample_dimension
CCC(C)C(C)C(C)C,3.1509998,10.799699,True,48,5,0.8,euclidean,random,StandardScaler_per_sample_dimension
CC(C)CC(C)C1=CC=CC=C1,1.2166513,8.511238,True,48,5,0.8,euclidean,random,StandardScaler_per_sample_dimension
CCCCCCCCCCCCCCCC,5.358533,0.673791,False,48,5,0.8,euclidean,random,StandardScaler_per_sample_dimension
C1=CC=C(C2=CN=C3C=CC=CC3=N2)C=C1,-3.4763792,8.18182,False,48,5,0.8,euclidean,random,StandardScaler_per_sample_dimension
C1=CC=C(C2=NC3=CC=CC=C3N=C2)C=C1,-3.458878,8.102047,False,48,5,0.8,euclidean,random,StandardScaler_per_sample_dimension
*NCCCCCCCC,4.0257945,-2.3093119,False,48,5,0.8,euclidean,random,StandardScaler_per_sample_dimension
*COC1=CC=C(C(C)C2=CC=CC=C2)C=C1,5.0754666,5.271766,True,48,5,0.8,euclidean,random,StandardScaler_per_sample_dimension
CC(=O)OCC(C)C,4.969148,8.04538,False,48,5,0.8,euclidean,random,StandardScaler_per_sample_dimension
CCNCC(C)C,3.6002758,6.3840814,True,48,5,0.8,euclidean,random,StandardScaler_per_sample_dimension
CC1=CC(CC2=CC=C(C)C(C)=C2)=CC=C1,-2.500011,-11.59603,False,48,5,0.8,euclidean,random,StandardScaler_per_sample_dimension
CCOCC(O)COC,-2.294328,2.2335231,False,48,5,0.8,euclidean,random,StandardScaler_per_sample_dimension
CCNC1=CC=C(N=N)C=C1,-2.6862512,10.1667185,False,48,5,0.8,euclidean,random,StandardScaler_per_sample_dimension
CCCCCCCOC(=O)C1=CC=CC=C1,1.7707397,-0.4756537,False,48,5,0.8,euclidean,random,StandardScaler_per_sample_dimension
CC1CCN(C)C1,9.672279,11.902884,False,48,5,0.8,euclidean,random,StandardScaler_per_sample_dimension
CN(C)C1=CC=C(C2=CC=CC=C2)C=C1,4.5258894,8.097457,False,48,5,0.8,euclidean,random,StandardScaler_per_sample_dimension
CCN(C)CCOC=O,5.930721,15.446871,False,48,5,0.8,euclidean,random,StandardScaler_per_sample_dimension
CCCOC1=CC=C(C2=CC=CC=C2)C=C1,3.9181263,8.607219,False,48,5,0.8,euclidean,random,StandardScaler_per_sample_dimension
CCCC(=O)NCC(=O)O,7.6158705,-7.1825557,False,48,5,0.8,euclidean,random,StandardScaler_per_sample_dimension
CCCCNC(C)CO,7.7514973,-7.2512646,False,48,5,0.8,euclidean,random,StandardScaler_per_sample_dimension
CCCC(=O)NC(C)CO,7.72978,-7.2345095,False,48,5,0.8,euclidean,random,StandardScaler_per_sample_dimension
CCCNCCCC1=CC=CC=C1,22.438353,14.412857,False,48,5,0.8,euclidean,random,StandardScaler_per_sample_dimension
NC1=CC=C(C2=CC=C(N)C=C2)C=C1,4.291239,7.884114,True,48,5,0.8,euclidean,random,StandardScaler_per_sample_dimension
CCCCNC(C)COC,16.703825,-4.6140943,False,48,5,0.8,euclidean,random,StandardScaler_per_sample_dimension
CCCCNCC(=O)OC,16.767365,-4.862093,True,48,5,0.8,euclidean,random,StandardScaler_per_sample_dimension
CCCC(=O)NC(C)COC,16.651339,-4.48667,False,48,5,0.8,euclidean,random,StandardScaler_per_sample_dimension
CCCC(=O)NCC(=O)OC,16.890316,-4.881075,False,48,5,0.8,euclidean,random,StandardScaler_per_sample_dimension
O=CC1=CC(CC2=CC=CC(C=O)=C2)=CC=C1,6.629976,13.597721,False,48,5,0.8,euclidean,random,StandardScaler_per_sample_dimension
CCC(F)C(F)CF,13.946494,17.871204,False,48,5,0.8,euclidean,random,StandardScaler_per_sample_dimension
CCC(F)C(F)C(F)F,17.924437,6.465627,False,48,5,0.8,euclidean,random,StandardScaler_per_sample_dimension
CCC(F)CCF,17.50313,6.384762,False,48,5,0.8,euclidean,random,StandardScaler_per_sample_dimension
CCC(F)(F)C(F)CF,17.68092,6.2461934,False,48,5,0.8,euclidean,random,StandardScaler_per_sample_dimension
CC(F)CCCF,17.906527,6.0809774,False,48,5,0.8,euclidean,random,StandardScaler_per_sample_dimension
CCC(F)CC(F)F,16.791677,6.7532773,False,48,5,0.8,euclidean,random,StandardScaler_per_sample_dimension
CCC(F)(F)C(F)C(F)F,16.677528,7.0620847,False,48,5,0.8,euclidean,random,StandardScaler_per_sample_dimension
CC(F)CCC(F)F,16.140749,6.768607,False,48,5,0.8,euclidean,random,StandardScaler_per_sample_dimension
CCC(F)(F)CCF,16.368406,6.607589,False,48,5,0.8,euclidean,random,StandardScaler_per_sample_dimension
CCC(F)(F)CC(F)F,16.206257,6.13946,False,48,5,0.8,euclidean,random,StandardScaler_per_sample_dimension
CCCCCCC(C)(C)C1=CC=CC=C1,0.37842324,9.2844,False,48,5,0.8,euclidean,random,StandardScaler_per_sample_dimension
CCC1CCCC1,3.5052,10.732409,False,48,5,0.8,euclidean,random,StandardScaler_per_sample_dimension
CC1=CC(C)=C(NCC2=CC=CC=C2)C=C1,26.730768,5.6533785,False,48,5,0.8,euclidean,random,StandardScaler_per_sample_dimension
CC1=CC=C(NCC2=CC=CC=C2)C(C)=C1,26.894112,5.9276013,False,48,5,0.8,euclidean,random,StandardScaler_per_sample_dimension
CC1=CC(C)=C(NC(=O)C2=CC=CC=C2)C=C1,26.622581,5.9948573,False,48,5,0.8,euclidean,random,StandardScaler_per_sample_dimension
CC1=CC=C(NC(=O)C2=CC=CC=C2)C(C)=C1,26.862925,5.8444486,False,48,5,0.8,euclidean,random,StandardScaler_per_sample_dimension
CCC1=CC(CC2=CC=CC=C2)=CC=C1,-8.258526,-7.3463745,True,48,5,0.8,euclidean,random,StandardScaler_per_sample_dimension
CCC1=CC=CC(CC2=CC=CC=C2)=C1,-8.30019,-7.5080605,False,48,5,0.8,euclidean,random,StandardScaler_per_sample_dimension
*CC(CC)CCC,7.8074102,7.896787,True,48,5,0.8,euclidean,random,StandardScaler_per_sample_dimension
CC(C)CC(C)CN,4.2985477,1.5595982,False,48,5,0.8,euclidean,random,StandardScaler_per_sample_dimension
CNC1=CC=C(OC2=CC=C(N)C=C2)C=C1,-9.742186,2.620536,True,48,5,0.8,euclidean,random,StandardScaler_per_sample_dimension
CCCCC(CC)CO,5.4982004,5.078091,False,48,5,0.8,euclidean,random,StandardScaler_per_sample_dimension
CCCCCCC(=O)NCCC,3.445058,-3.935603,True,48,5,0.8,euclidean,random,StandardScaler_per_sample_dimension
CCCC1=CC(C)=CC=C1,18.85706,10.020315,False,48,5,0.8,euclidean,random,StandardScaler_per_sample_dimension
CCCC1=CC=CC(C)=C1,18.80303,9.997321,False,48,5,0.8,euclidean,random,StandardScaler_per_sample_dimension
O=CCCCNC1=CC=CC=C1,9.28808,10.251758,False,48,5,0.8,euclidean,random,StandardScaler_per_sample_dimension
CCC1=CC=CC=C1C=O,5.338085,6.769126,False,48,5,0.8,euclidean,random,StandardScaler_per_sample_dimension
*CC(=O)OCCCCCCCC,6.0813513,0.37131107,False,48,5,0.8,euclidean,random,StandardScaler_per_sample_dimension
CC=N,13.045902,-5.8852315,True,48,5,0.8,euclidean,random,StandardScaler_per_sample_dimension
Br,-7.5416284,-8.381098,False,48,5,0.8,euclidean,random,StandardScaler_per_sample_dimension
CBr,-7.5957403,-8.184501,False,48,5,0.8,euclidean,random,StandardScaler_per_sample_dimension
CCCCCCCCCCCC=O,3.7854755,-3.0615602,False,48,5,0.8,euclidean,random,StandardScaler_per_sample_dimension
CCNCO,-5.2361827,2.4257047,False,48,5,0.8,euclidean,random,StandardScaler_per_sample_dimension
CC1=CC(CC2=CC=C(C)C(C=O)=C2)=CC=C1,-2.4598584,-11.512594,False,48,5,0.8,euclidean,random,StandardScaler_per_sample_dimension
CC1=CC(CC2=CC=C(C=O)C(C)=C2)=CC=C1,-2.397756,-11.386048,False,48,5,0.8,euclidean,random,StandardScaler_per_sample_dimension
CCCCOC1=CC(C)=CC=C1,24.199047,10.546086,True,48,5,0.8,euclidean,random,StandardScaler_per_sample_dimension
CCCCOC1=CC=CC(C)=C1,24.345318,10.490797,False,48,5,0.8,euclidean,random,StandardScaler_per_sample_dimension
CC1=CC(CC2=CC=C(CN)C=C2)=CC=C1,-5.8773904,18.024061,False,48,5,0.8,euclidean,random,StandardScaler_per_sample_dimension
CC1=CC(CC2=CC=C(C(N)=O)C=C2)=CC=C1,-5.849449,17.902172,False,48,5,0.8,euclidean,random,StandardScaler_per_sample_dimension
CC1=CC=C(CC2=CC=CC(C=O)=C2)C=C1C,-2.652857,-11.681593,False,48,5,0.8,euclidean,random,StandardScaler_per_sample_dimension
NCC1=CC=C(CC2=CC=CC(C=O)=C2)C=C1,-5.844876,18.200739,True,48,5,0.8,euclidean,random,StandardScaler_per_sample_dimension
C=CC(C)C,8.992276,9.684618,False,48,5,0.8,euclidean,random,StandardScaler_per_sample_dimension
COC(=O)CCC=O,11.674825,2.0535436,False,48,5,0.8,euclidean,random,StandardScaler_per_sample_dimension
CCCCCNC(=O)C1=CC=C(C)C=C1,7.1057663,-10.116845,True,48,5,0.8,euclidean,random,StandardScaler_per_sample_dimension
CC1CC(=O)N(C)C1,9.747353,11.771033,False,48,5,0.8,euclidean,random,StandardScaler_per_sample_dimension
CC1CCN(C)C1=O,9.548676,11.9328375,False,48,5,0.8,euclidean,random,StandardScaler_per_sample_dimension
CC1CC(=O)N(C)C1=O,9.445647,11.828,True,48,5,0.8,euclidean,random,StandardScaler_per_sample_dimension
CCCCCCNCC1=CC=C(C)C=C1,6.963295,-10.08126,False,48,5,0.8,euclidean,random,StandardScaler_per_sample_dimension
OC1=C2C=CC=CC2=CC=C1,17.826473,2.3292592,False,48,5,0.8,euclidean,random,StandardScaler_per_sample_dimension
OC1=CC=CC2=CC=CC=C12,17.760057,2.2183454,False,48,5,0.8,euclidean,random,StandardScaler_per_sample_dimension
COCCC(C)OC,-1.2699976,3.6822324,False,48,5,0.8,euclidean,random,StandardScaler_per_sample_dimension
O=CCCC(=O)NC1=CC=CC=C1,9.362935,10.393041,True,48,5,0.8,euclidean,random,StandardScaler_per_sample_dimension
CCCCNC(C)C(=O)O,7.5471497,-7.420647,False,48,5,0.8,euclidean,random,StandardScaler_per_sample_dimension
CCCC(=O)NC(C)C(=O)O,7.6166196,-7.3687177,False,48,5,0.8,euclidean,random,StandardScaler_per_sample_dimension
CCOCCCC1=CC=C(O)C=C1,11.205696,-11.117642,False,48,5,0.8,euclidean,random,StandardScaler_per_sample_dimension
CCOC(=O)CCC1=CC=C(O)C=C1,11.108051,-11.282332,False,48,5,0.8,euclidean,random,StandardScaler_per_sample_dimension
*[SiH](O)CCC,9.266035,0.013385332,False,48,5,0.8,euclidean,random,StandardScaler_per_sample_dimension
*CCCC*,8.479691,5.871419,True,48,5,0.8,euclidean,random,StandardScaler_per_sample_dimension
CCCCNC(C)C(=O)OC,16.779856,-4.6842737,False,48,5,0.8,euclidean,random,StandardScaler_per_sample_dimension
CCCC(=O)NC(C)C(=O)OC,16.725372,-4.7236333,False,48,5,0.8,euclidean,random,StandardScaler_per_sample_dimension
CC(F)C(F)CCF,13.729384,17.852324,False,48,5,0.8,euclidean,random,StandardScaler_per_sample_dimension
CC(F)C(F)CC(F)F,17.960396,6.649561,False,48,5,0.8,euclidean,random,StandardScaler_per_sample_dimension
CC(F)C(F)(F)CCF,17.793844,6.006791,False,48,5,0.8,euclidean,random,StandardScaler_per_sample_dimension
FC(F)C(F)C(F)(F)C(F)F,17.82356,7.6213827,False,48,5,0.8,euclidean,random,StandardScaler_per_sample_dimension
CC(F)C(F)(F)CC(F)F,16.543816,6.8788524,False,48,5,0.8,euclidean,random,StandardScaler_per_sample_dimension
FC(F)CC(F)(F)C(F)F,15.8833885,5.7514,False,48,5,0.8,euclidean,random,StandardScaler_per_sample_dimension
CCCC(C)C(C)CCC,2.0628633,10.770045,False,48,5,0.8,euclidean,random,StandardScaler_per_sample_dimension
CCCC(CC)CNC,4.5950437,2.5539987,False,48,5,0.8,euclidean,random,StandardScaler_per_sample_dimension
CCCC(C)CC=O,4.574887,2.5962355,False,48,5,0.8,euclidean,random,StandardScaler_per_sample_dimension
CC1CCCC(C)(C)C1,1.4202919,8.96616,True,48,5,0.8,euclidean,random,StandardScaler_per_sample_dimension
*C(C)COCCCCCCCC,6.635049,1.0540861,False,48,5,0.8,euclidean,random,StandardScaler_per_sample_dimension
CCC1CCNC1,3.431586,1.5869441,True,48,5,0.8,euclidean,random,StandardScaler_per_sample_dimension
CNCCCCCC=O,12.748938,1.7951632,False,48,5,0.8,euclidean,random,StandardScaler_per_sample_dimension
CC(C)CCC(N)=O,3.1941564,2.3626308,False,48,5,0.8,euclidean,random,StandardScaler_per_sample_dimension
O=C1CCCN1C1=CC=CC=C1,9.42448,10.113245,False,48,5,0.8,euclidean,random,StandardScaler_per_sample_dimension
CCCCCCCCCCCOC=O,2.6985002,-0.078614585,False,48,5,0.8,euclidean,random,StandardScaler_per_sample_dimension
*CC(C)CC(C)C,7.7782917,8.798256,False,48,5,0.8,euclidean,random,StandardScaler_per_sample_dimension
NC1=CC(CC2=CC=CC=C2)=CC=C1,-14.760158,11.851343,True,48,5,0.8,euclidean,random,StandardScaler_per_sample_dimension
NC1=CC=CC(CC2=CC=CC=C2)=C1,-14.8543825,11.8731,False,48,5,0.8,euclidean,random,StandardScaler_per_sample_dimension
CCCOC1=CC=C(OCC)C=C1,1.049413,13.11357,True,48,5,0.8,euclidean,random,StandardScaler_per_sample_dimension
CCCCCCOC1=CC=C(O)C=C1,-11.695872,9.644306,False,48,5,0.8,euclidean,random,StandardScaler_per_sample_dimension
NCN,3.7874184,7.2279515,True,48,5,0.8,euclidean,random,StandardScaler_per_sample_dimension
CCCC(=O)NCCOCC,-0.58969516,8.098776,False,48,5,0.8,euclidean,random,StandardScaler_per_sample_dimension
NC1=CC=C(NCCO)C=C1,-4.021111,10.306719,False,48,5,0.8,euclidean,random,StandardScaler_per_sample_dimension
CCCNCCOCCC,5.749425,16.63009,True,48,5,0.8,euclidean,random,StandardScaler_per_sample_dimension
O=COCCNC1=CC=CC=C1,4.905509,15.49567,False,48,5,0.8,euclidean,random,StandardScaler_per_sample_dimension
CN(CCOC=O)C1=CC=CC=C1,4.902265,15.698598,False,48,5,0.8,euclidean,random,StandardScaler_per_sample_dimension
*CC(CC)COC,7.5866737,5.4996247,False,48,5,0.8,euclidean,random,StandardScaler_per_sample_dimension
*OC1=CC=C(CCCOCC)C=C1,11.084092,-11.26151,False,48,5,0.8,euclidean,random,StandardScaler_per_sample_dimension
*OC1=CC=C(CCC(=O)OCC)C=C1,11.101134,-11.230545,True,48,5,0.8,euclidean,random,StandardScaler_per_sample_dimension
O=C1CCC(=O)N1C1=CC=CC=C1,9.49683,9.896391,False,48,5,0.8,euclidean,random,StandardScaler_per_sample_dimension
CCCCOC1=CC=C(CO)C=C1,23.384315,-5.523758,True,48,5,0.8,euclidean,random,StandardScaler_per_sample_dimension
CCCCOC1=CC=C(COC)C=C1,23.288807,-5.423501,False,48,5,0.8,euclidean,random,StandardScaler_per_sample_dimension
*[Si](C)(O)CCC,9.124012,0.124858655,False,48,5,0.8,euclidean,random,StandardScaler_per_sample_dimension
CCCNC(=O)CCC1=CC=CC=C1,22.389175,14.420273,False,48,5,0.8,euclidean,random,StandardScaler_per_sample_dimension
CC(F)C(F)C(F)CF,14.173317,17.730127,False,48,5,0.8,euclidean,random,StandardScaler_per_sample_dimension
CC(F)C(F)C(F)C(F)F,13.892247,17.931341,False,48,5,0.8,euclidean,random,StandardScaler_per_sample_dimension
CC(F)CC(F)CF,13.981377,17.953978,False,48,5,0.8,euclidean,random,StandardScaler_per_sample_dimension
CC(F)C(F)(F)C(F)CF,14.0399,18.012394,False,48,5,0.8,euclidean,random,StandardScaler_per_sample_dimension
CC(F)CC(F)C(F)F,18.172878,6.8175225,False,48,5,0.8,euclidean,random,StandardScaler_per_sample_dimension
CC(F)C(F)(F)C(F)C(F)F,18.049566,6.976061,False,48,5,0.8,euclidean,random,StandardScaler_per_sample_dimension
CCC(F)C(F)(F)CF,17.888893,6.1217656,False,48,5,0.8,euclidean,random,StandardScaler_per_sample_dimension
FCC(F)(F)C(F)(F)C(F)F,17.551111,7.7124934,False,48,5,0.8,euclidean,random,StandardScaler_per_sample_dimension
CC(F)(F)CCCF,16.010904,7.001475,False,48,5,0.8,euclidean,random,StandardScaler_per_sample_dimension
CCCC(F)(F)C(F)F,16.12221,6.129667,True,48,5,0.8,euclidean,random,StandardScaler_per_sample_dimension
CCCCCCCC1=CC=C(O)C=C1,-0.050232705,8.598896,True,48,5,0.8,euclidean,random,StandardScaler_per_sample_dimension
CCNCCCC(C)CC,9.572184,3.7934515,False,48,5,0.8,euclidean,random,StandardScaler_per_sample_dimension
CNC(=O)CCC(C)C,3.5762377,2.0763311,False,48,5,0.8,euclidean,random,StandardScaler_per_sample_dimension
CCCCCCCCCCNC(C)=O,2.6233585,-1.8591095,True,48,5,0.8,euclidean,random,StandardScaler_per_sample_dimension
CCC1CCNC1=O,3.6969798,1.4254516,False,48,5,0.8,euclidean,random,StandardScaler_per_sample_dimension
CCC1CNC(=O)C1,3.6124983,1.6172377,False,48,5,0.8,euclidean,random,StandardScaler_per_sample_dimension
CCC1CC(=O)NC1=O,3.5576499,1.5637459,False,48,5,0.8,euclidean,random,StandardScaler_per_sample_dimension
CNCN,3.776788,6.808314,False,48,5,0.8,euclidean,random,StandardScaler_per_sample_dimension
CCCOCOC,-1.6871725,0.57972294,True,48,5,0.8,euclidean,random,StandardScaler_per_sample_dimension
CNC1=CC=C(OC2=CC=C(NC)C=C2)C=C1,-9.829434,2.586375,False,48,5,0.8,euclidean,random,StandardScaler_per_sample_dimension
*N(C)C(=O)CC,-1.3712454,7.2710056,False,48,5,0.8,euclidean,random,StandardScaler_per_sample_dimension
*CCC(=O)OCCCCCCCC,6.2542033,0.7107685,False,48,5,0.8,euclidean,random,StandardScaler_per_sample_dimension
CC1=CC(CC2=CC=C(CN)C(C)=C2)=CC=C1,-6.0885525,18.070215,False,48,5,0.8,euclidean,random,StandardScaler_per_sample_dimension
CC1=CC2=CC=CC=C2C=C1,-13.9729,-6.684831,True,48,5,0.8,euclidean,random,StandardScaler_per_sample_dimension
CC1=CC=C2C=CC=CC2=C1,-13.827488,-6.687811,False,48,5,0.8,euclidean,random,StandardScaler_per_sample_dimension
CCCCOC1=CC=C(OCC)C=C1,1.1283028,13.0868225,False,48,5,0.8,euclidean,random,StandardScaler_per_sample_dimension
CCCOC(N)=O,-1.7150614,-13.718906,False,48,5,0.8,euclidean,random,StandardScaler_per_sample_dimension
CCCCNCC1=CC(C)=CC=C1,-11.388792,7.1108007,False,48,5,0.8,euclidean,random,StandardScaler_per_sample_dimension
CCCCNCC1=CC=CC(C)=C1,-11.372425,7.0957212,True,48,5,0.8,euclidean,random,StandardScaler_per_sample_dimension
*C(C)C(N)=O,-4.7715592,-0.109454,False,48,5,0.8,euclidean,random,StandardScaler_per_sample_dimension
O=COCC(O)CO,-1.3529428,2.0937119,False,48,5,0.8,euclidean,random,StandardScaler_per_sample_dimension
COCCOCCOC=O,11.936971,8.116447,False,48,5,0.8,euclidean,random,StandardScaler_per_sample_dimension
CCCCNC(C=O)CC,-7.0663166,3.5890632,False,48,5,0.8,euclidean,random,StandardScaler_per_sample_dimension
CCCC(=O)NC(C=O)CC,-7.178635,3.5626838,False,48,5,0.8,euclidean,random,StandardScaler_per_sample_dimension
CCOCCOC1=CC=C(C)C=C1,3.7319837,7.860898,False,48,5,0.8,euclidean,random,StandardScaler_per_sample_dimension
OCCCCCO,10.09522,8.063555,False,48,5,0.8,euclidean,random,StandardScaler_per_sample_dimension
CCOCC(N)CC1=CC=C(O)C=C1,-11.396724,21.613174,False,48,5,0.8,euclidean,random,StandardScaler_per_sample_dimension
*OC1=CC=C(CC(N)COCC)C=C1,-11.464226,21.679785,False,48,5,0.8,euclidean,random,StandardScaler_per_sample_dimension
CCOC(=O)C(N)CC1=CC=C(O)C=C1,-11.555995,21.698559,False,48,5,0.8,euclidean,random,StandardScaler_per_sample_dimension
CCOCC(CC1=CC=C(O)C=C1)NC,-11.582585,21.781382,False,48,5,0.8,euclidean,random,StandardScaler_per_sample_dimension
*OC1=CC=C(CC(COCC)NC)C=C1,-11.679652,21.894499,False,48,5,0.8,euclidean,random,StandardScaler_per_sample_dimension
*OC1=CC=C(CC(N)C(=O)OCC)C=C1,-11.660835,21.866867,False,48,5,0.8,euclidean,random,StandardScaler_per_sample_dimension
CCNC(COCC)CC1=CC=C(O)C=C1,-11.595772,21.4402,False,48,5,0.8,euclidean,random,StandardScaler_per_sample_dimension
CCOC(=O)C(CC1=CC=C(O)C=C1)NC,-11.511623,21.708233,False,48,5,0.8,euclidean,random,StandardScaler_per_sample_dimension
CCOCC(CC1=CC=C(O)C=C1)NC=O,-11.395743,21.56728,False,48,5,0.8,euclidean,random,StandardScaler_per_sample_dimension
*OC1=CC=C(CC(COCC)NC=O)C=C1,-11.640127,21.854454,False,48,5,0.8,euclidean,random,StandardScaler_per_sample_dimension
*OC1=CC=C(CC(COCC)NCC)C=C1,-11.716879,21.914522,False,48,5,0.8,euclidean,random,StandardScaler_per_sample_dimension
*OC1=CC=C(CC(NC)C(=O)OCC)C=C1,-11.521633,21.68865,False,48,5,0.8,euclidean,random,StandardScaler_per_sample_dimension
CCCNC(COCC)CC1=CC=C(O)C=C1,-11.466496,21.697739,False,48,5,0.8,euclidean,random,StandardScaler_per_sample_dimension
CCNC(CC1=CC=C(O)C=C1)C(=O)OCC,-11.504184,21.850592,False,48,5,0.8,euclidean,random,StandardScaler_per_sample_dimension
CCOC(=O)C(CC1=CC=C(O)C=C1)NC=O,-11.421419,21.579437,False,48,5,0.8,euclidean,random,StandardScaler_per_sample_dimension
CCOCC(CC1=CC=C(O)C=C1)NC(C)=O,-11.629224,21.805002,False,48,5,0.8,euclidean,random,StandardScaler_per_sample_dimension
*/C=C/C1=CC=CC=C1,5.8651395,7.8709784,False,48,5,0.8,euclidean,random,StandardScaler_per_sample_dimension
*/C=C\C1=CC=CC=C1,6.018927,7.667393,False,48,5,0.8,euclidean,random,StandardScaler_per_sample_dimension
*C1=CC(N)=CC=C1,-12.696937,14.572644,True,48,5,0.8,euclidean,random,StandardScaler_per_sample_dimension
*C1=CC=CC(N)=C1,-12.582156,14.64306,False,48,5,0.8,euclidean,random,StandardScaler_per_sample_dimension
*CC(C)(C)C,5.1505523,7.87201,False,48,5,0.8,euclidean,random,StandardScaler_per_sample_dimension
*CC1=CC=C(C(=O)O)C=C1,11.905478,3.2550395,True,48,5,0.8,euclidean,random,StandardScaler_per_sample_dimension
CC(F)C(F)C(F)(F)CF,13.934886,17.858915,False,48,5,0.8,euclidean,random,StandardScaler_per_sample_dimension
CC(F)(F)C(F)C(F)CF,13.908413,17.889359,False,48,5,0.8,euclidean,random,StandardScaler_per_sample_dimension
CC(F)CC(F)(F)CF,17.924433,6.016325,False,48,5,0.8,euclidean,random,StandardScaler_per_sample_dimension
CC(F)(F)C(F)CCF,17.898788,6.1091075,False,48,5,0.8,euclidean,random,StandardScaler_per_sample_dimension
CC(F)(F)CC(F)CF,18.07424,5.9501762,False,48,5,0.8,euclidean,random,StandardScaler_per_sample_dimension
CC(F)(F)C(F)C(F)(F)CF,18.032078,5.9421606,False,48,5,0.8,euclidean,random,StandardScaler_per_sample_dimension
CCC(F)C(F)(F)C(F)F,16.641418,7.2645197,False,48,5,0.8,euclidean,random,StandardScaler_per_sample_dimension
CCC(F)(F)C(F)(F)CF,16.253887,7.4621086,False,48,5,0.8,euclidean,random,StandardScaler_per_sample_dimension
CC(F)(F)CC(F)(F)CF,15.96245,7.316089,False,48,5,0.8,euclidean,random,StandardScaler_per_sample_dimension
CC(F)(F)CCC(F)F,15.997875,6.324177,False,48,5,0.8,euclidean,random,StandardScaler_per_sample_dimension
FC(F)C(F)(F)C(F)(F)C(F)F,15.674934,5.5792184,False,48,5,0.8,euclidean,random,StandardScaler_per_sample_dimension
COC1=C(C)C=C(CC2=CC(C)=CC=C2)C=C1,16.563408,14.249394,False,48,5,0.8,euclidean,random,StandardScaler_per_sample_dimension
COC1=C(C)C=C(CC2=CC=CC(C)=C2)C=C1,16.68048,14.315042,False,48,5,0.8,euclidean,random,StandardScaler_per_sample_dimension
COC1=CC=C(CC2=CC(C)=CC=C2)C=C1C,16.681807,14.343451,False,48,5,0.8,euclidean,random,StandardScaler_per_sample_dimension
COC1=CC=C(CC2=CC=CC(C)=C2)C=C1C,16.721973,14.206592,False,48,5,0.8,euclidean,random,StandardScaler_per_sample_dimension
CNCC(C)CC(C)C,4.158982,1.824794,True,48,5,0.8,euclidean,random,StandardScaler_per_sample_dimension
CCC1=CC=CC(NC)=C1,8.082324,20.35165,True,48,5,0.8,euclidean,random,StandardScaler_per_sample_dimension
CCNC1=CC=C(NC)C=C1,-3.2156978,9.321902,True,48,5,0.8,euclidean,random,StandardScaler_per_sample_dimension
CC(C)CC(C)C=O,3.2581036,3.2907047,False,48,5,0.8,euclidean,random,StandardScaler_per_sample_dimension
CC(C)C1=CC=C(OCC2=CC=CC=C2)C=C1,3.9324772,6.782266,False,48,5,0.8,euclidean,random,StandardScaler_per_sample_dimension
CCCOCC(C)O,9.56309,7.2707996,False,48,5,0.8,euclidean,random,StandardScaler_per_sample_dimension
CCOCCCCOC,10.102681,1.4822145,False,48,5,0.8,euclidean,random,StandardScaler_per_sample_dimension
CCCCC(=O)OC1=CC=C(CC)C=C1,-7.8671784,-4.1260324,False,48,5,0.8,euclidean,random,StandardScaler_per_sample_dimension
CCNC(=O)O,-5.1513143,2.3556042,True,48,5,0.8,euclidean,random,StandardScaler_per_sample_dimension
C=CC1=CC=C(C)C=C1,0.1376893,-16.107542,True,48,5,0.8,euclidean,random,StandardScaler_per_sample_dimension
CC1=CC(CC2=CC=CC(CN)=C2)=CC=C1,-6.348413,18.582588,False,48,5,0.8,euclidean,random,StandardScaler_per_sample_dimension
CC1=CC(CC2=CC=C(C)C(CN)=C2)=CC=C1,-6.372359,18.526703,False,48,5,0.8,euclidean,random,StandardScaler_per_sample_dimension
CC1=CC(CC2=CC=CC(C(N)=O)=C2)=CC=C1,-6.4481134,18.53801,False,48,5,0.8,euclidean,random,StandardScaler_per_sample_dimension
COC(CO)CO,-2.360388,2.304591,False,48,5,0.8,euclidean,random,StandardScaler_per_sample_dimension
CCNC1=CC=C(/N=N/C2=CC=CC=C2)C=C1,-2.8463237,10.08345,True,48,5,0.8,euclidean,random,StandardScaler_per_sample_dimension
NCC1=CC(CC2=CC=CC(C=O)=C2)=CC=C1,-6.2314167,18.593245,False,48,5,0.8,euclidean,random,StandardScaler_per_sample_dimension
CCCCCOC1=CC=C(OC)C=C1,-11.805628,9.792115,False,48,5,0.8,euclidean,random,StandardScaler_per_sample_dimension
CCNCOC,-4.975704,2.355425,True,48,5,0.8,euclidean,random,StandardScaler_per_sample_dimension
CCCC1=CC=C(C)C=C1,7.194396,11.984677,False,48,5,0.8,euclidean,random,StandardScaler_per_sample_dimension
*CCC(C)C=O,8.2029505,4.640839,False,48,5,0.8,euclidean,random,StandardScaler_per_sample_dimension
CCOC1=CC=C(N=N)C=C1,4.896348,12.099243,False,48,5,0.8,euclidean,random,StandardScaler_per_sample_dimension
CCCCOC1=CC=C(C(=O)O)C=C1,23.422977,-5.542319,False,48,5,0.8,euclidean,random,StandardScaler_per_sample_dimension
CCCCOC1=CC=C(C(=O)OC)C=C1,23.516045,-5.410394,False,48,5,0.8,euclidean,random,StandardScaler_per_sample_dimension
*O[Si](*)(C)CC,9.33833,0.20920318,False,48,5,0.8,euclidean,random,StandardScaler_per_sample_dimension
CC(F)C(F)C(F)(F)C(F)F,18.023937,6.9838653,False,48,5,0.8,euclidean,random,StandardScaler_per_sample_dimension
CC(F)(F)C(F)C(F)C(F)F,18.07794,7.033143,False,48,5,0.8,euclidean,random,StandardScaler_per_sample_dimension
CC(F)(F)C(F)(F)C(F)CF,18.144901,5.90737,False,48,5,0.8,euclidean,random,StandardScaler_per_sample_dimension
CC(F)C(F)(F)C(F)(F)CF,18.132187,5.899568,False,48,5,0.8,euclidean,random,StandardScaler_per_sample_dimension
CC(F)(F)C(F)CC(F)F,16.489334,7.0513496,False,48,5,0.8,euclidean,random,StandardScaler_per_sample_dimension
CC(F)(F)CC(F)C(F)F,16.544733,7.1395082,False,48,5,0.8,euclidean,random,StandardScaler_per_sample_dimension
CC(F)CC(F)(F)C(F)F,16.861292,7.060343,False,48,5,0.8,euclidean,random,StandardScaler_per_sample_dimension
CC(F)(F)C(F)(F)C(F)C(F)F,16.695877,7.1649103,False,48,5,0.8,euclidean,random,StandardScaler_per_sample_dimension
CC(F)(F)C(F)C(F)(F)C(F)F,16.658516,7.395781,False,48,5,0.8,euclidean,random,StandardScaler_per_sample_dimension
CC(F)(F)C(F)(F)CCF,16.049099,7.3516207,False,48,5,0.8,euclidean,random,StandardScaler_per_sample_dimension
CCCCCCC(C)C1=CC=C(O)C=C1,-0.038088877,8.397391,False,48,5,0.8,euclidean,random,StandardScaler_per_sample_dimension
CCC(F)(F)C(F)(F)C(F)F,16.133957,5.902445,False,48,5,0.8,euclidean,random,StandardScaler_per_sample_dimension
CC(F)(F)C(F)(F)CC(F)F,15.9992695,5.8726687,False,48,5,0.8,euclidean,random,StandardScaler_per_sample_dimension
CC(F)(F)CC(F)(F)C(F)F,15.994049,5.870345,False,48,5,0.8,euclidean,random,StandardScaler_per_sample_dimension
CCCC(C)CCCNC=O,9.683841,3.609358,True,48,5,0.8,euclidean,random,StandardScaler_per_sample_dimension
CCCCC(C)CNC=O,4.097675,2.0994086,False,48,5,0.8,euclidean,random,StandardScaler_per_sample_dimension
CCC(C)CC1=CC=CC=C1,4.331151,10.214271,False,48,5,0.8,euclidean,random,StandardScaler_per_sample_dimension
*C(C)C(=O)OCCCCCCCC,6.5030246,0.93667036,False,48,5,0.8,euclidean,random,StandardScaler_per_sample_dimension
NC1=CC=C(OC2=CC=C(NC=O)C=C2)C=C1,-9.825302,2.5172257,False,48,5,0.8,euclidean,random,StandardScaler_per_sample_dimension
CCC1=CC(O)=CC=C1,17.67413,-7.160239,True,48,5,0.8,euclidean,random,StandardScaler_per_sample_dimension
CCC1=CC=CC(O)=C1,17.660624,-7.080682,False,48,5,0.8,euclidean,random,StandardScaler_per_sample_dimension
CNCC1=CC=C(CC2=CC=C(C)C=C2)C=C1,10.001459,-1.0801337,False,48,5,0.8,euclidean,random,StandardScaler_per_sample_dimension
CCCCCCCOCC(C)C,-5.5986176,4.001594,False,48,5,0.8,euclidean,random,StandardScaler_per_sample_dimension
CCC1CCN(C)C1,2.3321621,1.2633628,False,48,5,0.8,euclidean,random,StandardScaler_per_sample_dimension
CCNC1=CC(CNC2=CC=CC=C2)=CC=C1,4.275507,-19.728065,False,48,5,0.8,euclidean,random,StandardScaler_per_sample_dimension
CCNC1=CC=CC(CNC2=CC=CC=C2)=C1,4.404876,-19.851233,False,48,5,0.8,euclidean,random,StandardScaler_per_sample_dimension
O=CC1=CC=C(NCC2=CC=CC=C2)C=C1,7.0050073,10.685802,True,48,5,0.8,euclidean,random,StandardScaler_per_sample_dimension
O=CC1=CC=C(NC(=O)C2=CC=CC=C2)C=C1,6.9639277,10.532691,False,48,5,0.8,euclidean,random,StandardScaler_per_sample_dimension
CC1=CC=C(CC2=CC=C(CN)C=C2)C=C1,9.754259,-0.5055833,True,48,5,0.8,euclidean,random,StandardScaler_per_sample_dimension
CC1=CC=C(CC2=CC=C(C(N)=O)C=C2)C=C1,9.864072,-0.48566487,False,48,5,0.8,euclidean,random,StandardScaler_per_sample_dimension
O=CCCCCCO,10.779407,-0.2867953,False,48,5,0.8,euclidean,random,StandardScaler_per_sample_dimension
CSC1=CC=C(N)C=C1,10.942976,6.557092,False,48,5,0.8,euclidean,random,StandardScaler_per_sample_dimension
COCCCCCO,10.141234,7.9767303,True,48,5,0.8,euclidean,random,StandardScaler_per_sample_dimension
CC1=C(N)C(C)=CC=C1,19.12821,11.102149,True,48,5,0.8,euclidean,random,StandardScaler_per_sample_dimension
CC1=CC=CC(C)=C1N,19.040165,11.182359,False,48,5,0.8,euclidean,random,StandardScaler_per_sample_dimension
*CC(CC)OC,-0.06888336,3.838084,False,48,5,0.8,euclidean,random,StandardScaler_per_sample_dimension
*CCCCCCNC=O,9.559918,-8.078244,False,48,5,0.8,euclidean,random,StandardScaler_per_sample_dimension
*C1=CC=C(NC(=O)C2=CC=CC=C2)C=C1,13.040486,-10.71909,False,48,5,0.8,euclidean,random,StandardScaler_per_sample_dimension
*OC1=CC=C(OCC)C=C1,2.7396243,11.279531,False,48,5,0.8,euclidean,random,StandardScaler_per_sample_dimension
*CCOC1=CC=CC=C1,-9.686665,-9.571677,True,48,5,0.8,euclidean,random,StandardScaler_per_sample_dimension
*CC1=CC=C(C(=O)OC)C=C1,11.844366,3.197862,False,48,5,0.8,euclidean,random,StandardScaler_per_sample_dimension
*C1=CC=C(CNC2=CC(N)=CC=C2)C=C1,-12.066937,10.630784,False,48,5,0.8,euclidean,random,StandardScaler_per_sample_dimension
*C1=CC=C(CNC2=CC=CC(N)=C2)C=C1,-12.141044,10.549272,False,48,5,0.8,euclidean,random,StandardScaler_per_sample_dimension
*C1=CC=C(C(=O)NC2=CC(N)=CC=C2)C=C1,-12.061245,10.825238,False,48,5,0.8,euclidean,random,StandardScaler_per_sample_dimension
*C1=CC=C(C(=O)NC2=CC=CC(N)=C2)C=C1,-11.9369,10.751216,False,48,5,0.8,euclidean,random,StandardScaler_per_sample_dimension
CC(F)C(F)(F)C(F)(F)C(F)F,16.774357,7.346834,False,48,5,0.8,euclidean,random,StandardScaler_per_sample_dimension
CC(F)(F)C(F)(F)C(F)(F)CF,16.068378,7.2341685,False,48,5,0.8,euclidean,random,StandardScaler_per_sample_dimension
CCCC(C)CCN,3.6583266,1.2517807,False,48,5,0.8,euclidean,random,StandardScaler_per_sample_dimension
CCC(C)C(C)C=O,4.843632,2.4506729,False,48,5,0.8,euclidean,random,StandardScaler_per_sample_dimension
CC1=CC(C(C)C2=CC=C(O)C=C2)=CC=C1,-8.9149475,-11.376121,False,48,5,0.8,euclidean,random,StandardScaler_per_sample_dimension
CC1=CC=CC(C(C)C2=CC=C(O)C=C2)=C1,-8.976542,-11.424312,True,48,5,0.8,euclidean,random,StandardScaler_per_sample_dimension
CCCCCCNCCCCC,2.3766005,-4.0171857,False,48,5,0.8,euclidean,random,StandardScaler_per_sample_dimension
CCCC(C)N,12.946357,-2.0736332,True,48,5,0.8,euclidean,random,StandardScaler_per_sample_dimension
CCCCC(CC)COC,5.72023,4.7728014,True,48,5,0.8,euclidean,random,StandardScaler_per_sample_dimension
CC(C)C(C)CC=O,2.8833466,2.0494184,True,48,5,0.8,euclidean,random,StandardScaler_per_sample_dimension
CCC1CC(=O)N(C)C1,2.3201008,0.90769523,False,48,5,0.8,euclidean,random,StandardScaler_per_sample_dimension
CCC1CCN(C)C1=O,2.1776881,1.0334929,True,48,5,0.8,euclidean,random,StandardScaler_per_sample_dimension
CCC1CC(=O)N(C)C1=O,2.0993526,1.0078231,False,48,5,0.8,euclidean,random,StandardScaler_per_sample_dimension
*C(C)C(=O)NC,-4.9943323,0.14488252,True,48,5,0.8,euclidean,random,StandardScaler_per_sample_dimension
COP=O,18.942425,-2.4131,False,48,5,0.8,euclidean,random,StandardScaler_per_sample_dimension
POC1=CC=CC=C1,-3.130325,11.607085,False,48,5,0.8,euclidean,random,StandardScaler_per_sample_dimension
*CC(*)COCCCCCCCC,6.416722,0.64188087,True,48,5,0.8,euclidean,random,StandardScaler_per_sample_dimension
*CC(*)C(=O)OCCCCCCCC,6.1958756,0.59012324,False,48,5,0.8,euclidean,random,StandardScaler_per_sample_dimension
CC1=CC(CC2=CC=C3CNCC3=C2)=CC=C1,-6.4488387,18.513723,False,48,5,0.8,euclidean,random,StandardScaler_per_sample_dimension
CC1=CC=CC(CC2=CC=C3CNCC3=C2)=C1,-6.4036417,18.521826,False,48,5,0.8,euclidean,random,StandardScaler_per_sample_dimension
*C(C)COCCOC,11.793254,9.456975,False,48,5,0.8,euclidean,random,StandardScaler_per_sample_dimension
*CC(C)C(C)C,7.7155595,7.0326343,False,48,5,0.8,euclidean,random,StandardScaler_per_sample_dimension
*C1=CC=C(CNC2=CC(NC)=CC=C2)C=C1,4.20108,-15.018318,False,48,5,0.8,euclidean,random,StandardScaler_per_sample_dimension
*C1=CC=C(CNC2=CC=CC(NC)=C2)C=C1,4.3796563,-14.851866,False,48,5,0.8,euclidean,random,StandardScaler_per_sample_dimension
*C1=CC=C(CC2=CC=C(NC)C=C2)C=C1,4.790555,10.86371,True,48,5,0.8,euclidean,random,StandardScaler_per_sample_dimension
CCOC1=CC=C(OC(C)=O)C=C1,1.2595861,12.577645,True,48,5,0.8,euclidean,random,StandardScaler_per_sample_dimension
*CCCNCC,11.96844,-3.312816,False,48,5,0.8,euclidean,random,StandardScaler_per_sample_dimension
CCCOCNC,-1.7817738,-13.830417,False,48,5,0.8,euclidean,random,StandardScaler_per_sample_dimension
*C(CC)C(=O)O,10.305356,4.152531,False,48,5,0.8,euclidean,random,StandardScaler_per_sample_dimension
C=CC1=CC=C(N)C=C1,20.793638,7.8133855,False,48,5,0.8,euclidean,random,StandardScaler_per_sample_dimension
CCNC(=O)OC,-4.9068565,2.5203626,False,48,5,0.8,euclidean,random,StandardScaler_per_sample_dimension
NC1=CC=C(OC2=CC=C(O)C=C2)C=C1,2.7220604,11.869671,True,48,5,0.8,euclidean,random,StandardScaler_per_sample_dimension
CCOCNC1=CC=CC=C1,-1.0213627,-13.82547,False,48,5,0.8,euclidean,random,StandardScaler_per_sample_dimension
CCOC(=O)NC1=CC=CC=C1,-1.2199243,-13.829086,False,48,5,0.8,euclidean,random,StandardScaler_per_sample_dimension
*CCCN(C)C,12.272523,5.060904,True,48,5,0.8,euclidean,random,StandardScaler_per_sample_dimension
*CCCCCCNCC,9.44847,-8.180019,False,48,5,0.8,euclidean,random,StandardScaler_per_sample_dimension
*CCCC(*)C,8.211733,6.10819,False,48,5,0.8,euclidean,random,StandardScaler_per_sample_dimension
CC1=C(C)C=C(CO)C=C1,2.8516862,-13.701963,False,48,5,0.8,euclidean,random,StandardScaler_per_sample_dimension
CC1=CC=C(CO)C=C1C,2.9789371,-13.772672,False,48,5,0.8,euclidean,random,StandardScaler_per_sample_dimension
CCCCNC(CC)CO,-7.5077705,3.7215362,False,48,5,0.8,euclidean,random,StandardScaler_per_sample_dimension
CCCC(=O)NC(CC)CO,-7.4395237,3.7728539,False,48,5,0.8,euclidean,random,StandardScaler_per_sample_dimension
CCCCNC(C)CC1=CC=CC=C1,15.528758,18.83198,False,48,5,0.8,euclidean,random,StandardScaler_per_sample_dimension
CCCC(=O)NC(C)CC1=CC=CC=C1,15.536184,19.02965,False,48,5,0.8,euclidean,random,StandardScaler_per_sample_dimension
CCOC1=CC=C(/N=N/C2=CC=CC=C2)C=C1,4.6442437,11.838526,True,48,5,0.8,euclidean,random,StandardScaler_per_sample_dimension
NC1=CC=C([N+](=O)[O-])C=C1,-4.834907,8.951896,False,48,5,0.8,euclidean,random,StandardScaler_per_sample_dimension
NC1=CC(NCC2=CC=CC(C=O)=C2)=CC=C1,24.096077,13.130128,True,48,5,0.8,euclidean,random,StandardScaler_per_sample_dimension
NC1=CC=CC(NCC2=CC(C=O)=CC=C2)=C1,23.977407,13.240166,False,48,5,0.8,euclidean,random,StandardScaler_per_sample_dimension
NC1=CC=CC(NCC2=CC=CC(C=O)=C2)=C1,23.902138,13.200211,False,48,5,0.8,euclidean,random,StandardScaler_per_sample_dimension
CN(C)C1=CC=C(N=N)C=C1,-4.7680326,9.594568,False,48,5,0.8,euclidean,random,StandardScaler_per_sample_dimension
CC(F)(F)C(F)(F)C(F)(F)C(F)F,15.973397,6.0211797,False,48,5,0.8,euclidean,random,StandardScaler_per_sample_dimension
CC(C)CCC(C)C(C)C,1.8259858,10.102815,False,48,5,0.8,euclidean,random,StandardScaler_per_sample_dimension
CCC1=CC=C(OC2=CC=C(CN)C=C2)C=C1,4.8039308,11.536811,False,48,5,0.8,euclidean,random,StandardScaler_per_sample_dimension
CCCCCCCCOCCCC,3.1769452,5.7264876,True,48,5,0.8,euclidean,random,StandardScaler_per_sample_dimension
CCCCCCCNCC1=CC=CC=C1,2.08642,-1.7185334,False,48,5,0.8,euclidean,random,StandardScaler_per_sample_dimension
CCNC1=CC=C(OC2=CC=C(N)C=C2)C=C1,-9.7943,2.5874698,False,48,5,0.8,euclidean,random,StandardScaler_per_sample_dimension
CCC(C)C(C)(C)C,2.826023,9.31405,False,48,5,0.8,euclidean,random,StandardScaler_per_sample_dimension
CCCCCCCCCOC(=O)CC,5.4578495,13.70848,True,48,5,0.8,euclidean,random,StandardScaler_per_sample_dimension
NCC1=CC=C(CC2=CC=C(C=O)C=C2)C=C1,9.764682,-0.3698292,False,48,5,0.8,euclidean,random,StandardScaler_per_sample_dimension
CC1=CC(S)=CC=C1,25.555943,0.4934294,True,48,5,0.8,euclidean,random,StandardScaler_per_sample_dimension
CC1=CC=CC(S)=C1,25.624369,0.52007866,False,48,5,0.8,euclidean,random,StandardScaler_per_sample_dimension
CCCCCCCCOCC1=CC=CC=C1,1.9869635,-0.5621517,False,48,5,0.8,euclidean,random,StandardScaler_per_sample_dimension
CC1=CC=C(S)C=C1,-7.0151663,-5.565669,False,48,5,0.8,euclidean,random,StandardScaler_per_sample_dimension
CC1=CC=NC=C1,-8.589579,-15.247195,True,48,5,0.8,euclidean,random,StandardScaler_per_sample_dimension
CNCC1=CC=C(N)C=C1,8.76948,-11.584718,False,48,5,0.8,euclidean,random,StandardScaler_per_sample_dimension
CNC(=O)C1=CC=C(N)C=C1,8.937923,-11.770831,False,48,5,0.8,euclidean,random,StandardScaler_per_sample_dimension
CC1=C(OC=O)C=CC=C1,-10.794109,-5.7728963,True,48,5,0.8,euclidean,random,StandardScaler_per_sample_dimension
CC1=CC=CC=C1OC=O,-10.771628,-5.638587,False,48,5,0.8,euclidean,random,StandardScaler_per_sample_dimension
NCC1=CC=C(N)C=C1,8.752385,-11.663587,True,48,5,0.8,euclidean,random,StandardScaler_per_sample_dimension
NC(=O)C1=CC=C(N)C=C1,8.849039,-11.621874,False,48,5,0.8,euclidean,random,StandardScaler_per_sample_dimension
CC(=O)OCC1=CC=CC=C1,3.5880206,8.689746,False,48,5,0.8,euclidean,random,StandardScaler_per_sample_dimension
COCC(O)COC=O,-1.5478472,2.2297375,True,48,5,0.8,euclidean,random,StandardScaler_per_sample_dimension
C[Si](C)(C)C,3.2166507,8.53622,False,48,5,0.8,euclidean,random,StandardScaler_per_sample_dimension
*OCCCCCC,1.7356952,3.3980613,True,48,5,0.8,euclidean,random,StandardScaler_per_sample_dimension
CCCCNC(CC)C(=O)O,-7.3089967,3.7568665,True,48,5,0.8,euclidean,random,StandardScaler_per_sample_dimension
CCCC(=O)NC(CC)C(=O)O,-7.3355026,3.7568257,False,48,5,0.8,euclidean,random,StandardScaler_per_sample_dimension
CC1=CC=C(/N=N/C2=CC=CC=C2)C=C1,4.4272485,11.957866,False,48,5,0.8,euclidean,random,StandardScaler_per_sample_dimension
*CCC(C)OC,-0.12410769,3.6482813,False,48,5,0.8,euclidean,random,StandardScaler_per_sample_dimension
*CC(*)O,-4.74823,11.846908,True,48,5,0.8,euclidean,random,StandardScaler_per_sample_dimension
*P,-6.0250688,-11.0595665,True,48,5,0.8,euclidean,random,StandardScaler_per_sample_dimension
*P=N,-6.0628514,-10.843411,False,48,5,0.8,euclidean,random,StandardScaler_per_sample_dimension
*C(=O)OC1=CC=C(C)C=C1,4.4416947,5.9617553,False,48,5,0.8,euclidean,random,StandardScaler_per_sample_dimension
CCCCCCCCCCCNC=O,2.832825,-1.9662135,False,48,5,0.8,euclidean,random,StandardScaler_per_sample_dimension
COCC(CO)OC,-2.8087506,2.906151,False,48,5,0.8,euclidean,random,StandardScaler_per_sample_dimension
N=PO,5.0307302,-12.860863,False,48,5,0.8,euclidean,random,StandardScaler_per_sample_dimension
COP=N,4.9364514,-12.764289,False,48,5,0.8,euclidean,random,StandardScaler_per_sample_dimension
O=[PH](O)O,18.738361,-2.1838453,False,48,5,0.8,euclidean,random,StandardScaler_per_sample_dimension
*CCOC(C)CC,-2.938193,4.8758674,False,48,5,0.8,euclidean,random,StandardScaler_per_sample_dimension
CCCCCNCC1=C(C)C=CC=C1,-8.497181,13.07262,False,48,5,0.8,euclidean,random,StandardScaler_per_sample_dimension
CCCCCNCC1=CC=CC=C1C,-8.441287,13.080449,True,48,5,0.8,euclidean,random,StandardScaler_per_sample_dimension
O=C(O)CCCO,11.991772,1.8251024,False,48,5,0.8,euclidean,random,StandardScaler_per_sample_dimension
CCN(C)C1=CC=C(N=N)C=C1,-2.9689474,10.221049,False,48,5,0.8,euclidean,random,StandardScaler_per_sample_dimension
*C(C)CCOC,10.4338665,3.3920605,False,48,5,0.8,euclidean,random,StandardScaler_per_sample_dimension
C/C=C/C1=CC=C(N)C=C1,20.831984,7.8727093,False,48,5,0.8,euclidean,random,StandardScaler_per_sample_dimension
C/C=C\C1=CC=C(N)C=C1,20.786829,7.764681,False,48,5,0.8,euclidean,random,StandardScaler_per_sample_dimension
CC=CC1=CC=C(N)C=C1,20.760143,7.797229,False,48,5,0.8,euclidean,random,StandardScaler_per_sample_dimension
*CCC(C=O)CC,8.489162,4.9393287,True,48,5,0.8,euclidean,random,StandardScaler_per_sample_dimension
*CCNCCC,-1.1648543,6.322193,False,48,5,0.8,euclidean,random,StandardScaler_per_sample_dimension
COCCCCCC=O,10.902246,-0.3847226,False,48,5,0.8,euclidean,random,StandardScaler_per_sample_dimension
CCCCCCC(=O)OC1=CC=CC=C1,1.7343634,6.912788,False,48,5,0.8,euclidean,random,StandardScaler_per_sample_dimension
CCCCNCC(=O)OCC,-0.58865696,7.9815226,True,48,5,0.8,euclidean,random,StandardScaler_per_sample_dimension
CCCC(=O)NCC(=O)OCC,-0.41131404,8.030821,False,48,5,0.8,euclidean,random,StandardScaler_per_sample_dimension
CCCCNC(C)COCC,-0.67060256,7.957123,False,48,5,0.8,euclidean,random,StandardScaler_per_sample_dimension
CCCC(=O)NC(C)COCC,-0.57218194,7.847552,False,48,5,0.8,euclidean,random,StandardScaler_per_sample_dimension
*CCC(C)CC=O,8.146237,4.9634395,False,48,5,0.8,euclidean,random,StandardScaler_per_sample_dimension
*CCCCC(=O)O,12.745605,-1.0893608,False,48,5,0.8,euclidean,random,StandardScaler_per_sample_dimension
*C(=O)CCCCCC,8.492073,6.376654,False,48,5,0.8,euclidean,random,StandardScaler_per_sample_dimension
*O[Si](*)(C)CCC,9.130508,-0.01828542,True,48,5,0.8,euclidean,random,StandardScaler_per_sample_dimension
*SC,4.094275,10.243008,True,48,5,0.8,euclidean,random,StandardScaler_per_sample_dimension
CCCC(F)CC,16.102247,9.383731,False,48,5,0.8,euclidean,random,StandardScaler_per_sample_dimension
CCCCC(C)F,15.724227,9.747563,False,48,5,0.8,euclidean,random,StandardScaler_per_sample_dimension
CNC1=CC=C(NC=O)C=C1,-3.0275214,9.168987,False,48,5,0.8,euclidean,random,StandardScaler_per_sample_dimension
CCC1=CC=CC(NC=O)=C1,8.098542,20.212626,False,48,5,0.8,euclidean,random,StandardScaler_per_sample_dimension
CCNC1=CC(CC)=CC=C1,8.037301,20.195112,False,48,5,0.8,euclidean,random,StandardScaler_per_sample_dimension
CCC1=CC=CC(NC(C)=O)=C1,8.121772,20.206303,False,48,5,0.8,euclidean,random,StandardScaler_per_sample_dimension
CC1=CC=CC=C1C(=O)NC1=CC=CC(N)=C1,-13.838955,3.9793527,False,48,5,0.8,euclidean,random,StandardScaler_per_sample_dimension
NC1=CC(NCC2=CC=CC=C2C=O)=CC=C1,-13.555482,3.9677944,False,48,5,0.8,euclidean,random,StandardScaler_per_sample_dimension
CCCCCCCCCNCCC,3.595456,-4.3085895,True,48,5,0.8,euclidean,random,StandardScaler_per_sample_dimension
CCCN(C)C(=O)CC,1.8462857,0.03419096,True,48,5,0.8,euclidean,random,StandardScaler_per_sample_dimension
CCCCCCCC(=O)NC1=CC=CC=C1,-6.1101418,15.078134,True,48,5,0.8,euclidean,random,StandardScaler_per_sample_dimension
C=CCCCCCC,5.966382,8.911712,True,48,5,0.8,euclidean,random,StandardScaler_per_sample_dimension
CCC1=CC=C(OC2=CC=C(CC)C=C2)C=C1,4.85333,8.7255125,False,48,5,0.8,euclidean,random,StandardScaler_per_sample_dimension
CC(C)CCCO,6.3009667,8.075726,False,48,5,0.8,euclidean,random,StandardScaler_per_sample_dimension
CCCNC1=CC=C(C)C=C1,4.75612,5.865559,False,48,5,0.8,euclidean,random,StandardScaler_per_sample_dimension
CNCC1=CC=C(NC)C=C1,-12.965003,3.21257,False,48,5,0.8,euclidean,random,StandardScaler_per_sample_dimension
CNC(=O)C1=CC=C(NC)C=C1,-13.0873375,3.3787863,False,48,5,0.8,euclidean,random,StandardScaler_per_sample_dimension
FCC(F)(F)F,11.339617,11.685052,True,48,5,0.8,euclidean,random,StandardScaler_per_sample_dimension
CC1=CC=CC=C1CNC1=CC=CC(N)=C1,4.1335616,-15.064408,False,48,5,0.8,euclidean,random,StandardScaler_per_sample_dimension
C=C(C)C=O,-6.490105,0.77383286,True,48,5,0.8,euclidean,random,StandardScaler_per_sample_dimension
CC1=CC=C(CC2=CC=C(C)C(C)=C2)C=C1,-2.7622812,-11.641139,False,48,5,0.8,euclidean,random,StandardScaler_per_sample_dimension
CNC1=CC=C(CN)C=C1,2.4359355,22.014376,False,48,5,0.8,euclidean,random,StandardScaler_per_sample_dimension
CNC1=CC=C(C(N)=O)C=C1,2.322451,22.247507,False,48,5,0.8,euclidean,random,StandardScaler_per_sample_dimension
CC1=CC=C(CC2=CC(CN)=CC=C2)C=C1,-5.6335783,19.88764,False,48,5,0.8,euclidean,random,StandardScaler_per_sample_dimension
CC1=CC=C(CC2=CC=CC(CN)=C2)C=C1,-5.770697,19.9565,False,48,5,0.8,euclidean,random,StandardScaler_per_sample_dimension
CC1=CC=C(CC2=CC(C(N)=O)=CC=C2)C=C1,-5.716674,19.950876,False,48,5,0.8,euclidean,random,StandardScaler_per_sample_dimension
CC1=CC=C(CC2=CC=CC(C(N)=O)=C2)C=C1,-5.634044,19.887886,False,48,5,0.8,euclidean,random,StandardScaler_per_sample_dimension
*CF,14.806459,0.51947296,False,48,5,0.8,euclidean,random,StandardScaler_per_sample_dimension
C=NC,13.28901,-5.8401475,False,48,5,0.8,euclidean,random,StandardScaler_per_sample_dimension
CCCCOCCOC,10.576739,8.7536335,True,48,5,0.8,euclidean,random,StandardScaler_per_sample_dimension
CCCOC(=O)NC,-1.771861,-13.661456,True,48,5,0.8,euclidean,random,StandardScaler_per_sample_dimension
CCCOC(=O)C1=CC=C(C)C=C1,1.0645014,1.295153,False,48,5,0.8,euclidean,random,StandardScaler_per_sample_dimension
*C(C)C(C)C=O,8.6818495,5.165479,False,48,5,0.8,euclidean,random,StandardScaler_per_sample_dimension
CC1=CC=C(C2=CC=C(O)C=C2)C=C1,4.3730936,9.139843,False,48,5,0.8,euclidean,random,StandardScaler_per_sample_dimension
CCCCNC(C)C(=O)OCC,-0.66627175,7.886328,False,48,5,0.8,euclidean,random,StandardScaler_per_sample_dimension
CCCC(=O)NC(C)C(=O)OCC,-0.53859293,7.895858,False,48,5,0.8,euclidean,random,StandardScaler_per_sample_dimension
COC(=O)OC,-1.0863625,1.4692017,False,48,5,0.8,euclidean,random,StandardScaler_per_sample_dimension
CC1=C(C)C=C(C(=O)O)C=C1,2.829575,-13.799716,False,48,5,0.8,euclidean,random,StandardScaler_per_sample_dimension
CC1=CC=C(C(=O)O)C=C1C,2.8564641,-13.769737,False,48,5,0.8,euclidean,random,StandardScaler_per_sample_dimension
CCCN1C=CC=C1,18.78636,14.677894,False,48,5,0.8,euclidean,random,StandardScaler_per_sample_dimension
CCCCNC(C=O)CC1=CC=CC=C1,16.071136,19.622414,True,48,5,0.8,euclidean,random,StandardScaler_per_sample_dimension
CCCC(=O)NC(C=O)CC1=CC=CC=C1,16.187113,19.699047,False,48,5,0.8,euclidean,random,StandardScaler_per_sample_dimension
*CC(*)OC,-5.0989575,11.987795,False,48,5,0.8,euclidean,random,StandardScaler_per_sample_dimension
CN(C)C1=CC=C(/N=N/C2=CC=CC=C2)C=C1,-4.813768,9.4821615,False,48,5,0.8,euclidean,random,StandardScaler_per_sample_dimension
CCCCC(C)(F)F,12.021727,13.407755,False,48,5,0.8,euclidean,random,StandardScaler_per_sample_dimension
CCC1CCC(C)C1,3.5700974,10.805008,False,48,5,0.8,euclidean,random,StandardScaler_per_sample_dimension
CCCC(C)OC(C)=O,-2.0781543,5.1176286,False,48,5,0.8,euclidean,random,StandardScaler_per_sample_dimension
NC1=CC(N2CC3=CC=CC=C3C2=O)=CC=C1,-13.712818,4.188156,False,48,5,0.8,euclidean,random,StandardScaler_per_sample_dimension
NC1=CC=CC(N2CC3=CC=CC=C3C2=O)=C1,-13.740973,4.114645,False,48,5,0.8,euclidean,random,StandardScaler_per_sample_dimension
CCC(CC)OC=O,-1.3954124,4.698654,False,48,5,0.8,euclidean,random,StandardScaler_per_sample_dimension
COC1=CC=C(C(C)C2=CC(C)=CC=C2)C=C1,-8.800664,-11.495033,False,48,5,0.8,euclidean,random,StandardScaler_per_sample_dimension
COC1=CC=C(C(C)C2=CC=CC(C)=C2)C=C1,-8.7666,-11.5286455,False,48,5,0.8,euclidean,random,StandardScaler_per_sample_dimension
CCC1=CC=C(CC2=CC=CC=C2)C=C1,5.353497,10.739796,False,48,5,0.8,euclidean,random,StandardScaler_per_sample_dimension
CCCC(C)C(=O)O,5.687,4.6099596,True,48,5,0.8,euclidean,random,StandardScaler_per_sample_dimension
CCCCC(C)OCC,-1.8229979,5.0555043,True,48,5,0.8,euclidean,random,StandardScaler_per_sample_dimension
CC1=CC(C2=CC=C(O)C=C2)=CC=C1,14.721192,10.708674,True,48,5,0.8,euclidean,random,StandardScaler_per_sample_dimension
CC1=CC=CC(C2=CC=C(O)C=C2)=C1,14.613415,10.83955,False,48,5,0.8,euclidean,random,StandardScaler_per_sample_dimension
CC(=O)NCCC(C)C,2.7150042,1.3694929,False,48,5,0.8,euclidean,random,StandardScaler_per_sample_dimension
CNC1=CC=C(S)C=C1,13.212453,8.679397,False,48,5,0.8,euclidean,random,StandardScaler_per_sample_dimension
*CC(C)C(C)CC,7.5170035,7.34986,True,48,5,0.8,euclidean,random,StandardScaler_per_sample_dimension
C/C=C(\C)C=O,-6.399339,0.5890825,True,48,5,0.8,euclidean,random,StandardScaler_per_sample_dimension
CNCC1=CC=C(NC=O)C=C1,-12.917053,3.2166488,False,48,5,0.8,euclidean,random,StandardScaler_per_sample_dimension
CNC(=O)C1=CC=C(NC=O)C=C1,-13.015405,3.3173742,False,48,5,0.8,euclidean,random,StandardScaler_per_sample_dimension
NC1=CC(N2CC3=CC=CC=C3C2)=CC=C1,4.1521416,-14.9867525,False,48,5,0.8,euclidean,random,StandardScaler_per_sample_dimension
NC1=CC=CC(N2CC3=CC=CC=C3C2)=C1,4.178799,-15.001655,False,48,5,0.8,euclidean,random,StandardScaler_per_sample_dimension
NCC1=CC=C(NC=O)C=C1,2.340054,22.154781,False,48,5,0.8,euclidean,random,StandardScaler_per_sample_dimension
NC(=O)C1=CC=C(NC=O)C=C1,2.3170304,22.155354,True,48,5,0.8,euclidean,random,StandardScaler_per_sample_dimension
COCCCC(=O)O,11.718675,1.8816739,False,48,5,0.8,euclidean,random,StandardScaler_per_sample_dimension
CCCCCOC1=CC(C)=CC=C1,24.25048,10.595854,False,48,5,0.8,euclidean,random,StandardScaler_per_sample_dimension
CCCCCOC1=CC=CC(C)=C1,24.318892,10.4136505,True,48,5,0.8,euclidean,random,StandardScaler_per_sample_dimension
CC(CO)CC=O,8.107031,3.227603,False,48,5,0.8,euclidean,random,StandardScaler_per_sample_dimension
O=CCO,13.498965,26.29098,False,48,5,0.8,euclidean,random,StandardScaler_per_sample_dimension
CC1=C(C)C=C(N)C=C1,-12.249373,-2.105663,True,48,5,0.8,euclidean,random,StandardScaler_per_sample_dimension
CC1=CC=C(N)C=C1C,-12.07526,-1.9814051,False,48,5,0.8,euclidean,random,StandardScaler_per_sample_dimension
CC1=CC=C(NCO)C=C1,22.681915,16.513933,False,48,5,0.8,euclidean,random,StandardScaler_per_sample_dimension
CC1=CC=C(NC(=O)O)C=C1,22.750963,16.475325,False,48,5,0.8,euclidean,random,StandardScaler_per_sample_dimension
CCCCNC(=O)C1=CC(C)=CC=C1,-11.563108,6.8272743,False,48,5,0.8,euclidean,random,StandardScaler_per_sample_dimension
CCCCNC(=O)C1=CC=CC(C)=C1,-11.623475,6.9156823,False,48,5,0.8,euclidean,random,StandardScaler_per_sample_dimension
C=CC1=CC=C(OCC)C=C1,-0.85942155,-8.293077,False,48,5,0.8,euclidean,random,StandardScaler_per_sample_dimension
CCOCCN(C)C,5.6752324,14.919114,True,48,5,0.8,euclidean,random,StandardScaler_per_sample_dimension
CCCOCC(C)N,4.8711386,16.642708,True,48,5,0.8,euclidean,random,StandardScaler_per_sample_dimension
COC1=CC=C(C2=CC=C(C)C=C2)C=C1,4.5114865,8.860861,False,48,5,0.8,euclidean,random,StandardScaler_per_sample_dimension
*CC(C)OCC,0.020627337,5.1755924,False,48,5,0.8,euclidean,random,StandardScaler_per_sample_dimension
CCCC(F)C(C)F,17.349007,5.286897,False,48,5,0.8,euclidean,random,StandardScaler_per_sample_dimension
CC(CF)C1=CC=C(OC2=CC=CC=C2)C=C1,7.568477,1.2048763,True,48,5,0.8,euclidean,random,StandardScaler_per_sample_dimension
CCCC(F)C(C)(F)F,16.288805,9.188555,False,48,5,0.8,euclidean,random,StandardScaler_per_sample_dimension
FCCC1=CC=C(OC2=CC=CC=C2)C=C1,7.547299,1.3461424,False,48,5,0.8,euclidean,random,StandardScaler_per_sample_dimension
FC(F)CC1=CC=C(OC2=CC=CC=C2)C=C1,7.659109,1.1949774,False,48,5,0.8,euclidean,random,StandardScaler_per_sample_dimension
CCCC(F)(F)CC,11.9562025,13.495884,False,48,5,0.8,euclidean,random,StandardScaler_per_sample_dimension
CC1=CC(CF)=CC=C1,2.183073,21.218655,False,48,5,0.8,euclidean,random,StandardScaler_per_sample_dimension
CC1=CC=CC(CF)=C1,2.2828817,21.085093,True,48,5,0.8,euclidean,random,StandardScaler_per_sample_dimension
CC1=CC(C(F)F)=CC=C1,2.291166,21.202215,False,48,5,0.8,euclidean,random,StandardScaler_per_sample_dimension
CC1=CC=CC(C(F)F)=C1,2.2103906,21.206125,False,48,5,0.8,euclidean,random,StandardScaler_per_sample_dimension
CCCCN(C)CCC,1.8898567,-0.4022939,False,48,5,0.8,euclidean,random,StandardScaler_per_sample_dimension
CCCCCNC(=O)C1=CC=CC=C1C,-0.9295939,-3.1420128,False,48,5,0.8,euclidean,random,StandardScaler_per_sample_dimension
CNC1=CC(N2CC3=CC=CC=C3C2)=CC=C1,-13.826409,4.243811,False,48,5,0.8,euclidean,random,StandardScaler_per_sample_dimension
CNC1=CC=CC(N2CC3=CC=CC=C3C2)=C1,-13.741361,4.2236843,False,48,5,0.8,euclidean,random,StandardScaler_per_sample_dimension
CCNC(=O)CC(C)C,2.0361686,0.70393443,False,48,5,0.8,euclidean,random,StandardScaler_per_sample_dimension
CCCCN(C)C1=CC=CC=C1,8.7517395,11.384123,False,48,5,0.8,euclidean,random,StandardScaler_per_sample_dimension
CCOCC(C)OC,-2.666033,2.7251732,False,48,5,0.8,euclidean,random,StandardScaler_per_sample_dimension
*C(=O)OC1=CC=C(CC)C=C1,4.712674,5.4266276,False,48,5,0.8,euclidean,random,StandardScaler_per_sample_dimension
OCCCF,10.630072,10.398288,False,48,5,0.8,euclidean,random,StandardScaler_per_sample_dimension
CC(CO)CO,5.21332,7.465676,False,48,5,0.8,euclidean,random,StandardScaler_per_sample_dimension
C1CCCCCCC1,2.7991433,9.077811,False,48,5,0.8,euclidean,random,StandardScaler_per_sample_dimension
*C(C)C(C)CCC,7.547612,8.647667,False,48,5,0.8,euclidean,random,StandardScaler_per_sample_dimension
C1=CC2=C(C=C1)NC=C2,-6.17726,-3.5748641,False,48,5,0.8,euclidean,random,StandardScaler_per_sample_dimension
C1=CC=C2NC=CC2=C1,-6.274286,-3.5784535,False,48,5,0.8,euclidean,random,StandardScaler_per_sample_dimension
CC(F)C(F)(F)F,11.171755,11.551449,False,48,5,0.8,euclidean,random,StandardScaler_per_sample_dimension
CCOC(C)CCO,-1.813242,3.817127,True,48,5,0.8,euclidean,random,StandardScaler_per_sample_dimension
*CC(=O)NCC,11.898535,-3.5289168,False,48,5,0.8,euclidean,random,StandardScaler_per_sample_dimension
CCCOCCCCCCOC,3.1223214,18.771929,False,48,5,0.8,euclidean,random,StandardScaler_per_sample_dimension
CCOCCOC(=O)CC,11.459493,9.061046,True,48,5,0.8,euclidean,random,StandardScaler_per_sample_dimension
NCC1=CC(CC2=CC=C(C=O)C=C2)=CC=C1,-5.844588,19.656418,False,48,5,0.8,euclidean,random,StandardScaler_per_sample_dimension
NCC1=CC=CC(CC2=CC=C(C=O)C=C2)=C1,-5.7159934,19.81557,False,48,5,0.8,euclidean,random,StandardScaler_per_sample_dimension
COC(=O)CCCO,11.757617,1.8258877,True,48,5,0.8,euclidean,random,StandardScaler_per_sample_dimension
OC1=C(C2=CC=CC=C2)C=CC=C1,6.0147815,9.640041,True,48,5,0.8,euclidean,random,StandardScaler_per_sample_dimension
OC1=CC=CC=C1C1=CC=CC=C1,6.0527105,9.442724,False,48,5,0.8,euclidean,random,StandardScaler_per_sample_dimension
*CCOCCCO,0.49306086,2.9883356,False,48,5,0.8,euclidean,random,StandardScaler_per_sample_dimension
*C(C)CC(=O)O,10.258857,3.3610995,False,48,5,0.8,euclidean,random,StandardScaler_per_sample_dimension
CCCCCCOC1=CC=C(OC)C=C1,-11.642607,9.780308,True,48,5,0.8,euclidean,random,StandardScaler_per_sample_dimension
CC(C=O)CCO,7.6987324,3.233553,False,48,5,0.8,euclidean,random,StandardScaler_per_sample_dimension
CCCCCCNC(=O)C1=CC=C(C)C=C1,7.182286,-10.139384,False,48,5,0.8,euclidean,random,StandardScaler_per_sample_dimension
CCCOCC(C)NC,5.0403714,16.895777,True,48,5,0.8,euclidean,random,StandardScaler_per_sample_dimension
CCOC1=CC=C(OCC2=CC=CC=C2)C=C1,1.2846951,12.391621,True,48,5,0.8,euclidean,random,StandardScaler_per_sample_dimension
CCCNCC1=C(C)C=C(C)C=C1,21.75378,-5.0187016,False,48,5,0.8,euclidean,random,StandardScaler_per_sample_dimension
CCCNCC1=C(C)C=CC(C)=C1,21.551502,-4.83008,True,48,5,0.8,euclidean,random,StandardScaler_per_sample_dimension
CCCNCC1=CC(C)=CC=C1C,21.68498,-4.9270377,False,48,5,0.8,euclidean,random,StandardScaler_per_sample_dimension
CCCNCC1=CC=C(C)C=C1C,21.646175,-4.894219,False,48,5,0.8,euclidean,random,StandardScaler_per_sample_dimension
CCOCCOCCOC=O,11.778075,7.9852815,True,48,5,0.8,euclidean,random,StandardScaler_per_sample_dimension
CCNCC1=CC(C=O)=CC=C1,-17.544468,6.7260895,True,48,5,0.8,euclidean,random,StandardScaler_per_sample_dimension
CCNCC1=CC=CC(C=O)=C1,-17.472958,6.7656507,False,48,5,0.8,euclidean,random,StandardScaler_per_sample_dimension
CCNC(=O)C1=CC(C=O)=CC=C1,-17.382023,6.8838234,False,48,5,0.8,euclidean,random,StandardScaler_per_sample_dimension
CCNC(=O)C1=CC=CC(C=O)=C1,-17.36345,6.6645837,False,48,5,0.8,euclidean,random,StandardScaler_per_sample_dimension
*CC1=CC(CNC2=CC(C)=CC=C2)=CC=C1,24.306423,-0.8893821,False,48,5,0.8,euclidean,random,StandardScaler_per_sample_dimension
*N=P*,-6.176412,-10.88525,False,48,5,0.8,euclidean,random,StandardScaler_per_sample_dimension
*CC1=CC=C(OC)C=C1,2.9730177,10.041136,True,48,5,0.8,euclidean,random,StandardScaler_per_sample_dimension
*OCC1=CC=C(C)C=C1,1.1704755,2.0023985,False,48,5,0.8,euclidean,random,StandardScaler_per_sample_dimension
*OC1=CC=C(NCC)C=C1,9.644979,6.245332,False,48,5,0.8,euclidean,random,StandardScaler_per_sample_dimension
CCC(F)C(F)CC,16.25764,9.234079,False,48,5,0.8,euclidean,random,StandardScaler_per_sample_dimension
CCC(F)C(F)(F)CC,16.263733,9.236437,False,48,5,0.8,euclidean,random,StandardScaler_per_sample_dimension
CCCC(C)CCNC,3.612442,1.0969443,False,48,5,0.8,euclidean,random,StandardScaler_per_sample_dimension
CCCCCCCCCC(C)C,1.5500093,10.808023,True,48,5,0.8,euclidean,random,StandardScaler_per_sample_dimension
CC1CC(C)CC(C)C1,1.9043298,9.350382,False,48,5,0.8,euclidean,random,StandardScaler_per_sample_dimension
CCNCC(C)CC,2.1070638,0.08365848,True,48,5,0.8,euclidean,random,StandardScaler_per_sample_dimension
CCCCC(=O)N(C)CC,2.376933,0.37445882,False,48,5,0.8,euclidean,random,StandardScaler_per_sample_dimension
CCCC1=CC=C(OC2=CC=CC=C2)C=C1,0.5584183,9.869414,False,48,5,0.8,euclidean,random,StandardScaler_per_sample_dimension
*OC1=CC=C(C(C)CC)C=C1,0.19948143,11.360334,False,48,5,0.8,euclidean,random,StandardScaler_per_sample_dimension
CCCCC1=CC(C)=CC=C1,18.805086,9.953705,False,48,5,0.8,euclidean,random,StandardScaler_per_sample_dimension
CCCCC1=CC=CC(C)=C1,18.807686,10.053206,True,48,5,0.8,euclidean,random,StandardScaler_per_sample_dimension
CCCCC(C)OC(C)=O,-1.7506893,5.141136,False,48,5,0.8,euclidean,random,StandardScaler_per_sample_dimension
CNC1=CC=C(C2=CC=C(N)C=C2)C=C1,4.2927322,7.4243746,False,48,5,0.8,euclidean,random,StandardScaler_per_sample_dimension
CC(C)CC1CCCCC1,2.2705472,9.27345,True,48,5,0.8,euclidean,random,StandardScaler_per_sample_dimension
CC1=CC(C)=C(N2CC3=C(C=CC=C3)C2)C=C1,-8.498841,24.245567,False,48,5,0.8,euclidean,random,StandardScaler_per_sample_dimension
CC1=CC(C)=C(N2CC3=CC=CC=C3C2)C=C1,-8.230469,24.329235,False,48,5,0.8,euclidean,random,StandardScaler_per_sample_dimension
CC1=CC=C(N2CC3=C(C=CC=C3)C2)C(C)=C1,-8.331231,24.374239,False,48,5,0.8,euclidean,random,StandardScaler_per_sample_dimension
CC1=CC=C(N2CC3=CC=CC=C3C2)C(C)=C1,-8.31348,24.426592,False,48,5,0.8,euclidean,random,StandardScaler_per_sample_dimension
CO[PH](=N)O,4.799593,-12.645128,False,48,5,0.8,euclidean,random,StandardScaler_per_sample_dimension
C/C=C/C1=CC=C(C)C=C1,0.23823267,-16.00942,False,48,5,0.8,euclidean,random,StandardScaler_per_sample_dimension
C/C=C\C1=CC=C(C)C=C1,0.16980219,-16.005964,False,48,5,0.8,euclidean,random,StandardScaler_per_sample_dimension
CC=CC1=CC=C(C)C=C1,0.18315431,-16.003843,True,48,5,0.8,euclidean,random,StandardScaler_per_sample_dimension
CNCNC,3.632985,6.3964663,True,48,5,0.8,euclidean,random,StandardScaler_per_sample_dimension
CC(=O)NCCN,2.766355,4.9441414,True,48,5,0.8,euclidean,random,StandardScaler_per_sample_dimension
CCNCOCC,-4.68537,2.3155668,True,48,5,0.8,euclidean,random,StandardScaler_per_sample_dimension
CC(CO)OC=O,-1.6824899,2.2979934,False,48,5,0.8,euclidean,random,StandardScaler_per_sample_dimension
CCCCCNCC1=CC(C)=CC=C1,-11.138799,7.305236,False,48,5,0.8,euclidean,random,StandardScaler_per_sample_dimension
CCCCCNCC1=CC=CC(C)=C1,-11.298283,7.2696953,True,48,5,0.8,euclidean,random,StandardScaler_per_sample_dimension
CCCCCCCCOC(=O)C1=CC=CC=C1,1.9388341,-0.4500415,True,48,5,0.8,euclidean,random,StandardScaler_per_sample_dimension
CC(O)CCOC=O,-1.1394492,3.4900184,True,48,5,0.8,euclidean,random,StandardScaler_per_sample_dimension
*C(CC)C(=O)OC,9.964302,4.3366294,False,48,5,0.8,euclidean,random,StandardScaler_per_sample_dimension
CN(CCO)C1=CC=C(N)C=C1,-3.8950481,10.062997,True,48,5,0.8,euclidean,random,StandardScaler_per_sample_dimension
O=CCCCCCC=O,4.376542,4.677398,False,48,5,0.8,euclidean,random,StandardScaler_per_sample_dimension
*CCCCC(=O)OC,12.902494,-1.0173993,True,48,5,0.8,euclidean,random,StandardScaler_per_sample_dimension
N=[PH](O)O,-3.8471699,12.502204,True,48,5,0.8,euclidean,random,StandardScaler_per_sample_dimension
CO[PH](=N)OC,-3.947904,12.603328,False,48,5,0.8,euclidean,random,StandardScaler_per_sample_dimension
COCC1=CC(C)=C(C)C=C1,-7.2852974,25.814177,False,48,5,0.8,euclidean,random,StandardScaler_per_sample_dimension
COCC1=CC=C(C)C(C)=C1,-7.28922,25.902891,True,48,5,0.8,euclidean,random,StandardScaler_per_sample_dimension
COC(=O)C1=CC(C)=C(C)C=C1,-7.339673,25.792404,False,48,5,0.8,euclidean,random,StandardScaler_per_sample_dimension
COC(=O)C1=CC=C(C)C(C)=C1,-7.1687584,25.937918,False,48,5,0.8,euclidean,random,StandardScaler_per_sample_dimension
CCN(CCOC=O)C1=CC=CC=C1,5.2044935,15.548744,True,48,5,0.8,euclidean,random,StandardScaler_per_sample_dimension
*C(CO)CCC,8.216016,6.074746,False,48,5,0.8,euclidean,random,StandardScaler_per_sample_dimension
CC1=CC=C2CN(C3=CC=CC(N)=C3)CC2=C1,-12.120431,10.800903,False,48,5,0.8,euclidean,random,StandardScaler_per_sample_dimension
*C1=CN=CC=N1,-12.47583,7.921546,False,48,5,0.8,euclidean,random,StandardScaler_per_sample_dimension
*C1=NC=CN=C1,-12.391292,7.872251,False,48,5,0.8,euclidean,random,StandardScaler_per_sample_dimension
*C(=O)C1=CC=C(CO)C=C1,12.038997,2.9318001,False,48,5,0.8,euclidean,random,StandardScaler_per_sample_dimension
*OC(=O)C1=CC=C(C)C=C1,1.051396,2.1602817,True,48,5,0.8,euclidean,random,StandardScaler_per_sample_dimension
*OC1=CC=C(NC=O)C=C1,9.60279,6.323687,False,48,5,0.8,euclidean,random,StandardScaler_per_sample_dimension
*C(=O)C1=CC=C(C(=O)O)C=C1,11.941763,3.0332663,False,48,5,0.8,euclidean,random,StandardScaler_per_sample_dimension
*C1=CC=C2CN(C3=CC(N)=CC=C3)CC2=C1,-12.081151,10.745479,False,48,5,0.8,euclidean,random,StandardScaler_per_sample_dimension
CCCC(F)(F)C(C)F,16.584118,8.803862,False,48,5,0.8,euclidean,random,StandardScaler_per_sample_dimension
CCCCCCCC1=CC=C(OC)C=C1,-0.087867305,9.00892,False,48,5,0.8,euclidean,random,StandardScaler_per_sample_dimension
CCCCCNCC1=CC=CC=C1C=O,-1.180122,-3.0352714,False,48,5,0.8,euclidean,random,StandardScaler_per_sample_dimension
CC(C)CC(C)CNC=O,4.121259,1.5884099,False,48,5,0.8,euclidean,random,StandardScaler_per_sample_dimension
CC(C)C(C)C1=CC=CC=C1,3.7081,10.230516,False,48,5,0.8,euclidean,random,StandardScaler_per_sample_dimension
NC1=CC=C([SH]=O)C=C1,10.990211,6.6922193,True,48,5,0.8,euclidean,random,StandardScaler_per_sample_dimension
CCCC(C)C(=O)OC,5.9937406,5.4395146,False,48,5,0.8,euclidean,random,StandardScaler_per_sample_dimension
CNCCNC(C)=O,2.886518,5.029672,False,48,5,0.8,euclidean,random,StandardScaler_per_sample_dimension
*C(C)F,14.738731,0.47132227,True,48,5,0.8,euclidean,random,StandardScaler_per_sample_dimension
BrC1=CC=CC=C1,-7.4829316,-8.414117,False,48,5,0.8,euclidean,random,StandardScaler_per_sample_dimension
CCCCCNC(=O)C1=CC=CC=C1C=O,-8.49162,14.314943,False,48,5,0.8,euclidean,random,StandardScaler_per_sample_dimension
CNC1=CC=C(OC2=CC=C(O)C=C2)C=C1,2.7150621,11.968502,True,48,5,0.8,euclidean,random,StandardScaler_per_sample_dimension
C/C=C/C1=CC=C(OCC)C=C1,-1.0171876,-8.411545,False,48,5,0.8,euclidean,random,StandardScaler_per_sample_dimension
C/C=C\C1=CC=C(OCC)C=C1,-0.8722639,-8.414218,False,48,5,0.8,euclidean,random,StandardScaler_per_sample_dimension
CC=CC1=CC=C(OCC)C=C1,-0.905335,-8.425363,False,48,5,0.8,euclidean,random,StandardScaler_per_sample_dimension
*C1=CC=C(CC2=CC=C(NCC)C=C2)C=C1,4.6973596,10.750758,False,48,5,0.8,euclidean,random,StandardScaler_per_sample_dimension
*C1=CC=C(CC2=CC=C(NC=O)C=C2)C=C1,4.666412,10.656611,False,48,5,0.8,euclidean,random,StandardScaler_per_sample_dimension
CCOC(CO)CO,-2.8104155,1.9909706,False,48,5,0.8,euclidean,random,StandardScaler_per_sample_dimension
NC1=CC=C([SH](=O)=O)C=C1,10.966095,6.8458543,False,48,5,0.8,euclidean,random,StandardScaler_per_sample_dimension
OCC1=CC(O)=CC=C1,-2.9838276,19.256306,False,48,5,0.8,euclidean,random,StandardScaler_per_sample_dimension
OCC1=CC=CC(O)=C1,-2.872959,19.373674,False,48,5,0.8,euclidean,random,StandardScaler_per_sample_dimension
CC(C=O)CC(=O)O,7.5235314,3.298179,False,48,5,0.8,euclidean,random,StandardScaler_per_sample_dimension
CC(CC=O)C(=O)O,7.616343,3.328006,True,48,5,0.8,euclidean,random,StandardScaler_per_sample_dimension
CC1=NC=CN1,4.2685556,8.234025,True,48,5,0.8,euclidean,random,StandardScaler_per_sample_dimension
CC(=O)OCC(C)O,-0.83679223,2.4527633,False,48,5,0.8,euclidean,random,StandardScaler_per_sample_dimension
CCCOCC(C)NCC,5.1386395,16.660608,False,48,5,0.8,euclidean,random,StandardScaler_per_sample_dimension
OCCOCC1=CC=CC=C1,3.9442148,8.352415,False,48,5,0.8,euclidean,random,StandardScaler_per_sample_dimension
CCCOCCNC=O,5.67472,17.465757,True,48,5,0.8,euclidean,random,StandardScaler_per_sample_dimension
COCNC1=CC=C(C)C=C1,22.567568,16.699907,False,48,5,0.8,euclidean,random,StandardScaler_per_sample_dimension
COC(=O)NC1=CC=C(C)C=C1,22.557947,16.701397,False,48,5,0.8,euclidean,random,StandardScaler_per_sample_dimension
CCCCCOC1=CC=C(C=O)C=C1,10.594641,-7.593276,False,48,5,0.8,euclidean,random,StandardScaler_per_sample_dimension
*CCN(C)C1=CC=CC=C1,11.511056,5.834191,True,48,5,0.8,euclidean,random,StandardScaler_per_sample_dimension
*CCN(CC)C1=CC=CC=C1,11.432027,5.919678,False,48,5,0.8,euclidean,random,StandardScaler_per_sample_dimension
CCCCOC1=CC=C(N)C=C1,5.0945954,10.039768,False,48,5,0.8,euclidean,random,StandardScaler_per_sample_dimension
CCCCNC(CO)CC1=CC=CC=C1,16.323751,19.722992,False,48,5,0.8,euclidean,random,StandardScaler_per_sample_dimension
CCCC(=O)NC(CO)CC1=CC=CC=C1,16.36703,19.908197,False,48,5,0.8,euclidean,random,StandardScaler_per_sample_dimension
CCCCNC(CC1=CC=CC=C1)C(=O)O,16.315811,19.854195,False,48,5,0.8,euclidean,random,StandardScaler_per_sample_dimension
CCCC(=O)NC(CC1=CC=CC=C1)C(=O)O,16.358238,19.94103,False,48,5,0.8,euclidean,random,StandardScaler_per_sample_dimension
CC1=CC(C)=CC(N)=C1,-7.4130926,7.1579432,True,48,5,0.8,euclidean,random,StandardScaler_per_sample_dimension
CC1=CC(N)=CC(C)=C1,-7.5199823,7.074147,False,48,5,0.8,euclidean,random,StandardScaler_per_sample_dimension
*CC1=CC=C(CNC2=CC(C)=CC=C2)C=C1,24.848436,-1.1968334,True,48,5,0.8,euclidean,random,StandardScaler_per_sample_dimension
*CC(*)C1=CC=C(C)C=C1,11.188709,4.439728,False,48,5,0.8,euclidean,random,StandardScaler_per_sample_dimension
CCCCNC(COC)CC1=CC=CC=C1,16.531277,20.041206,True,48,5,0.8,euclidean,random,StandardScaler_per_sample_dimension
CCCC(=O)NC(COC)CC1=CC=CC=C1,16.507822,20.026827,False,48,5,0.8,euclidean,random,StandardScaler_per_sample_dimension
CCCCNC(CC1=CC=CC=C1)C(=O)OC,16.469763,20.025778,False,48,5,0.8,euclidean,random,StandardScaler_per_sample_dimension
NCC1=CC=C(CC2=CC=C(CN)C=C2)C=C1,6.7245197,13.303354,False,48,5,0.8,euclidean,random,StandardScaler_per_sample_dimension
CCC(F)C(F)C(C)F,22.723911,10.847451,False,48,5,0.8,euclidean,random,StandardScaler_per_sample_dimension
CCC(F)CC(C)F,17.496382,5.0141754,False,48,5,0.8,euclidean,random,StandardScaler_per_sample_dimension
CCC(F)(F)C(F)C(C)F,17.50297,4.916849,False,48,5,0.8,euclidean,random,StandardScaler_per_sample_dimension
CCC(F)C(F)C(C)(F)F,17.452312,4.849492,False,48,5,0.8,euclidean,random,StandardScaler_per_sample_dimension
CCC(F)(F)CC(C)F,16.619652,9.14211,False,48,5,0.8,euclidean,random,StandardScaler_per_sample_dimension
CCC(F)CC(C)(F)F,16.655289,9.152911,False,48,5,0.8,euclidean,random,StandardScaler_per_sample_dimension
CCC(F)(F)C(F)C(C)(F)F,16.732405,9.156529,False,48,5,0.8,euclidean,random,StandardScaler_per_sample_dimension
CC1=C(O)C=CC(C(C)C)=C1,26.190075,10.190075,False,48,5,0.8,euclidean,random,StandardScaler_per_sample_dimension
CC1=CC(C(C)C)=CC=C1O,26.04614,10.363371,False,48,5,0.8,euclidean,random,StandardScaler_per_sample_dimension
CCC(F)(F)CC(C)(F)F,11.998652,13.356957,False,48,5,0.8,euclidean,random,StandardScaler_per_sample_dimension
CCCCCCCCCC1=CC=CC=C1,0.03761813,8.656708,False,48,5,0.8,euclidean,random,StandardScaler_per_sample_dimension
CCC1=CC=CC(NCC2=CC=CC=C2)=C1,7.93902,20.231367,False,48,5,0.8,euclidean,random,StandardScaler_per_sample_dimension
CCC1=CC=CC(NC(=O)C2=CC=CC=C2)=C1,8.079452,20.27268,False,48,5,0.8,euclidean,random,StandardScaler_per_sample_dimension
COCC(C)CO,5.1953797,7.2762604,False,48,5,0.8,euclidean,random,StandardScaler_per_sample_dimension
CCCCCN1CC2=C(C=CC=C2)C1=O,-1.1695265,-3.112906,False,48,5,0.8,euclidean,random,StandardScaler_per_sample_dimension
CCCCCN1CC2=CC=CC=C2C1=O,-1.084645,-3.0896347,False,48,5,0.8,euclidean,random,StandardScaler_per_sample_dimension
OCCOCCOCCO,7.5863876,-3.9213016,True,48,5,0.8,euclidean,random,StandardScaler_per_sample_dimension
CCCCC(CCCC)C1=CC=CC=C1,0.7808862,9.305144,True,48,5,0.8,euclidean,random,StandardScaler_per_sample_dimension
CCCCCCCCCCNCCC,3.599304,-4.2491684,False,48,5,0.8,euclidean,random,StandardScaler_per_sample_dimension
C/C=C/C#N,1.3090394,16.42322,False,48,5,0.8,euclidean,random,StandardScaler_per_sample_dimension
CC=CC#N,1.2343384,16.520725,False,48,5,0.8,euclidean,random,StandardScaler_per_sample_dimension
CC(C)C1CCCCC1,2.3412588,9.771881,True,48,5,0.8,euclidean,random,StandardScaler_per_sample_dimension
CCC1=CC(OC)=CC=C1,17.60826,-7.069096,False,48,5,0.8,euclidean,random,StandardScaler_per_sample_dimension
CCC1=CC=CC(OC)=C1,17.605959,-7.1728578,False,48,5,0.8,euclidean,random,StandardScaler_per_sample_dimension
CCOC(=O)OC,-1.6083848,1.0404353,True,48,5,0.8,euclidean,random,StandardScaler_per_sample_dimension
*NC(=O)CCCCCCC,4.0067296,-2.6594832,True,48,5,0.8,euclidean,random,StandardScaler_per_sample_dimension
C=CC#N,1.1183213,16.391811,True,48,5,0.8,euclidean,random,StandardScaler_per_sample_dimension
CCCCCN1CC2=C(C=CC=C2)C1,-8.571972,14.284918,False,48,5,0.8,euclidean,random,StandardScaler_per_sample_dimension
CCCCCN1CC2=CC=CC=C2C1,-8.413154,14.473494,False,48,5,0.8,euclidean,random,StandardScaler_per_sample_dimension
CCCCCN1C(=O)C2=CC=CC=C2C1=O,-8.481547,14.368417,False,48,5,0.8,euclidean,random,StandardScaler_per_sample_dimension
N=CC1=CC=CC=C1,13.165638,-5.884781,True,48,5,0.8,euclidean,random,StandardScaler_per_sample_dimension
*CC(C)COCCCCCCC,-5.39318,4.071718,False,48,5,0.8,euclidean,random,StandardScaler_per_sample_dimension
CCNC(=O)OCC,-4.696887,2.346859,False,48,5,0.8,euclidean,random,StandardScaler_per_sample_dimension
COCCCCCCCCCCO,4.32563,11.529672,False,48,5,0.8,euclidean,random,StandardScaler_per_sample_dimension
CC(C)(C)C1=CC(C=O)=CC=C1,5.660952,-9.468504,False,48,5,0.8,euclidean,random,StandardScaler_per_sample_dimension
CC(C)(C)C1=CC=CC(C=O)=C1,5.496173,-9.564092,False,48,5,0.8,euclidean,random,StandardScaler_per_sample_dimension
CCNC1=CC=C(OC2=CC=C(O)C=C2)C=C1,2.8195143,12.093162,False,48,5,0.8,euclidean,random,StandardScaler_per_sample_dimension
*C1=CC(NC)=CC=C1,-2.647015,18.579008,False,48,5,0.8,euclidean,random,StandardScaler_per_sample_dimension
*C1=CC=CC(NC)=C1,-2.7459412,18.564306,True,48,5,0.8,euclidean,random,StandardScaler_per_sample_dimension
CCCN(CC)C1=CC=CC=C1,9.476093,11.644359,False,48,5,0.8,euclidean,random,StandardScaler_per_sample_dimension
C1=CC=C2NC=NC2=C1,4.5151496,8.050202,True,48,5,0.8,euclidean,random,StandardScaler_per_sample_dimension
*CCC(C)C*,8.369915,6.17511,True,48,5,0.8,euclidean,random,StandardScaler_per_sample_dimension
CCOCC1=CC=C(O)C=C1,4.0371785,9.161933,True,48,5,0.8,euclidean,random,StandardScaler_per_sample_dimension
OCCC(F)F,10.550061,10.18972,False,48,5,0.8,euclidean,random,StandardScaler_per_sample_dimension
CC1=C(C=O)C(C)=CC=C1,1.908419,18.404482,True,48,5,0.8,euclidean,random,StandardScaler_per_sample_dimension
CC1=CC=CC(C)=C1C=O,1.9513025,18.452776,False,48,5,0.8,euclidean,random,StandardScaler_per_sample_dimension
O=CCC1=CC=CC=C1,4.345593,8.630932,True,48,5,0.8,euclidean,random,StandardScaler_per_sample_dimension
COC1=CC(CO)=CC=C1,6.821143,20.307442,False,48,5,0.8,euclidean,random,StandardScaler_per_sample_dimension
COC1=CC=CC(CO)=C1,6.886125,20.202547,False,48,5,0.8,euclidean,random,StandardScaler_per_sample_dimension
CCCCOC1=CC=C(C2=CC=CC=C2)C=C1,3.9276009,8.5751,False,48,5,0.8,euclidean,random,StandardScaler_per_sample_dimension
O=CCCCC=O,12.72397,-1.5198228,False,48,5,0.8,euclidean,random,StandardScaler_per_sample_dimension
*CC(CC)C(=O)O,7.7628117,4.9739237,False,48,5,0.8,euclidean,random,StandardScaler_per_sample_dimension
OCCCCCCCCCCO,4.2842526,10.130642,True,48,5,0.8,euclidean,random,StandardScaler_per_sample_dimension
CC(=O)OCCN,5.571666,14.908355,False,48,5,0.8,euclidean,random,StandardScaler_per_sample_dimension
*C(=O)C1=CC=C(COC)C=C1,11.783154,2.9451582,False,48,5,0.8,euclidean,random,StandardScaler_per_sample_dimension
*CCCOC1=CC=C(C)C=C1,2.460952,7.9573216,False,48,5,0.8,euclidean,random,StandardScaler_per_sample_dimension
*C(=O)C1=CC=C(C(=O)OC)C=C1,11.805112,2.8935397,True,48,5,0.8,euclidean,random,StandardScaler_per_sample_dimension
CCC(F)C(F)(F)C(C)F,17.603727,4.8539104,False,48,5,0.8,euclidean,random,StandardScaler_per_sample_dimension
CCCCCC(C)C(C)C,2.1310866,10.694879,False,48,5,0.8,euclidean,random,StandardScaler_per_sample_dimension
CCCCC1CCCCC1,2.5002782,9.608447,False,48,5,0.8,euclidean,random,StandardScaler_per_sample_dimension
CCOCCCCC(C)C,4.802004,6.4736743,False,48,5,0.8,euclidean,random,StandardScaler_per_sample_dimension
CNCCCCCC(N)=O,13.056436,2.1497295,True,48,5,0.8,euclidean,random,StandardScaler_per_sample_dimension
CO[PH](=O)O,18.682432,-2.2306633,False,48,5,0.8,euclidean,random,StandardScaler_per_sample_dimension
CNC(=O)CCCCC=O,13.097044,2.1253388,False,48,5,0.8,euclidean,random,StandardScaler_per_sample_dimension
CCC(F)(F)C(F)(F)CC,12.560334,12.279582,False,48,5,0.8,euclidean,random,StandardScaler_per_sample_dimension
CC1=C(O)C=CC(CC2=CC=C(O)C=C2)=C1,3.5922232,26.60215,False,48,5,0.8,euclidean,random,StandardScaler_per_sample_dimension
CC1=CC(CC2=CC=C(O)C=C2)=CC=C1O,3.547843,26.725603,False,48,5,0.8,euclidean,random,StandardScaler_per_sample_dimension
CCC(O)CCO,-2.1647592,3.5620098,False,48,5,0.8,euclidean,random,StandardScaler_per_sample_dimension
CCCCCCCCC(=O)NCC,3.7352242,-3.4442933,False,48,5,0.8,euclidean,random,StandardScaler_per_sample_dimension
CCC1=C(C)C=CC(C)=C1,2.7106426,19.238491,False,48,5,0.8,euclidean,random,StandardScaler_per_sample_dimension
CCC1=CC(C)=CC=C1C,2.6811578,19.240276,False,48,5,0.8,euclidean,random,StandardScaler_per_sample_dimension
NC(=O)CCCCC=O,13.391126,2.1257417,False,48,5,0.8,euclidean,random,StandardScaler_per_sample_dimension
NCCCCCC(N)=O,13.24546,2.0473504,False,48,5,0.8,euclidean,random,StandardScaler_per_sample_dimension
CCCCCCCNC(=O)CC,3.2364845,-4.4746075,False,48,5,0.8,euclidean,random,StandardScaler_per_sample_dimension
CCCCCCCOC(=O)C(C)C,-5.305531,4.0626793,False,48,5,0.8,euclidean,random,StandardScaler_per_sample_dimension
CCCCCCNC(=O)CCCC,2.4899654,-4.316738,True,48,5,0.8,euclidean,random,StandardScaler_per_sample_dimension
COC1=CC=C(C2=CC(C)=CC=C2)C=C1,14.672035,10.795424,False,48,5,0.8,euclidean,random,StandardScaler_per_sample_dimension
COC1=CC=C(C2=CC=CC(C)=C2)C=C1,14.530094,11.0356455,False,48,5,0.8,euclidean,random,StandardScaler_per_sample_dimension
CC(O)C(C)O,-2.1806204,3.0794153,False,48,5,0.8,euclidean,random,StandardScaler_per_sample_dimension
CCCCCCNCC1=C(C)C=CC=C1,-8.579876,13.334654,False,48,5,0.8,euclidean,random,StandardScaler_per_sample_dimension
CCCCCCNCC1=CC=CC=C1C,-8.578658,13.231481,False,48,5,0.8,euclidean,random,StandardScaler_per_sample_dimension
COCC(C)OC=O,-1.3591665,2.3689415,True,48,5,0.8,euclidean,random,StandardScaler_per_sample_dimension
CC1=CC=C(CC2=CC=C3CNCC3=C2)C=C1,-5.7406178,18.87488,False,48,5,0.8,euclidean,random,StandardScaler_per_sample_dimension
*C1=CC(NC=O)=CC=C1,-2.7648356,18.471382,False,48,5,0.8,euclidean,random,StandardScaler_per_sample_dimension
*C1=CC=CC(NC=O)=C1,-2.8100343,18.629751,False,48,5,0.8,euclidean,random,StandardScaler_per_sample_dimension
*C1=CC=CC(NCC)=C1,-2.6907735,18.493773,False,48,5,0.8,euclidean,random,StandardScaler_per_sample_dimension
*C1=CC=CC(NC(C)=O)=C1,-2.5695505,18.385683,False,48,5,0.8,euclidean,random,StandardScaler_per_sample_dimension
CC(C=O)C(C)C=O,4.834539,5.7731743,False,48,5,0.8,euclidean,random,StandardScaler_per_sample_dimension
*C(C)(C)CC,27.601498,12.882837,False,48,5,0.8,euclidean,random,StandardScaler_per_sample_dimension
O=CC1=CC=C(OC2=CC=C(O)C=C2)C=C1,3.6706588,10.027413,True,48,5,0.8,euclidean,random,StandardScaler_per_sample_dimension
*COCCCC,4.71027,7.537285,False,48,5,0.8,euclidean,random,StandardScaler_per_sample_dimension
*C1=CC=C(C2=CC=C(C)C=C2)C=C1,4.63378,9.188815,False,48,5,0.8,euclidean,random,StandardScaler_per_sample_dimension
*OC(=O)CCCC,1.7269958,3.3250997,True,48,5,0.8,euclidean,random,StandardScaler_per_sample_dimension
NC1=CC(NCC2=CC=C(C=O)C=C2)=CC=C1,25.098652,18.216257,True,48,5,0.8,euclidean,random,StandardScaler_per_sample_dimension
NC1=CC=CC(NCC2=CC=C(C=O)C=C2)=C1,25.095238,18.21244,False,48,5,0.8,euclidean,random,StandardScaler_per_sample_dimension
OCCNCCCC1=CC=CC=C1,8.498298,17.390867,False,48,5,0.8,euclidean,random,StandardScaler_per_sample_dimension
CCC(F)(F)C(F)(F)C(C)F,16.990711,9.228691,False,48,5,0.8,euclidean,random,StandardScaler_per_sample_dimension
CCCCCCCC(C)C1=CC=CC=C1,0.0511097,8.266381,False,48,5,0.8,euclidean,random,StandardScaler_per_sample_dimension
COCCOCCOCCO,7.3267484,-3.8103797,False,48,5,0.8,euclidean,random,StandardScaler_per_sample_dimension
CCCOC(C)CCC,-2.3127625,4.9076576,False,48,5,0.8,euclidean,random,StandardScaler_per_sample_dimension
CCCC(F)(F)C(C)(F)F,12.106717,13.311405,False,48,5,0.8,euclidean,random,StandardScaler_per_sample_dimension
CCCC1CCCC1,3.3269467,10.76749,False,48,5,0.8,euclidean,random,StandardScaler_per_sample_dimension
CCCCC(CC)CN,4.2784925,2.9539826,True,48,5,0.8,euclidean,random,StandardScaler_per_sample_dimension
CCCCC(C)CC=O,4.220831,2.8973246,False,48,5,0.8,euclidean,random,StandardScaler_per_sample_dimension
CCC1=CC=C(OC2=CC(C=O)=CC=C2)C=C1,4.371219,11.353386,False,48,5,0.8,euclidean,random,StandardScaler_per_sample_dimension
CCC(=O)OC(C)CC,-3.0144587,4.6154337,True,48,5,0.8,euclidean,random,StandardScaler_per_sample_dimension
C=CC(C)CC,8.204927,9.564758,False,48,5,0.8,euclidean,random,StandardScaler_per_sample_dimension
CC(C)CCCCN,4.0746512,1.5835109,False,48,5,0.8,euclidean,random,StandardScaler_per_sample_dimension
CCOCCF,-2.490894,-1.5396705,True,48,5,0.8,euclidean,random,StandardScaler_per_sample_dimension
CCCC(CCC)C1=CC=C(O)C=C1,0.38446173,9.580975,True,48,5,0.8,euclidean,random,StandardScaler_per_sample_dimension
CNC(=O)CCCCCN,13.166549,2.0079632,False,48,5,0.8,euclidean,random,StandardScaler_per_sample_dimension
CCOCC(CC)CC,6.208286,4.3743114,True,48,5,0.8,euclidean,random,StandardScaler_per_sample_dimension
CNC1=C(C)C=CC=C1C,19.431337,2.05687,True,48,5,0.8,euclidean,random,StandardScaler_per_sample_dimension
CC1=C(NC=O)C(C)=CC=C1,19.367859,1.9198558,False,48,5,0.8,euclidean,random,StandardScaler_per_sample_dimension
CC1=CC=CC(C)=C1NC=O,19.406878,1.8857955,False,48,5,0.8,euclidean,random,StandardScaler_per_sample_dimension
CNC1=CC(CC2=CC=CC=C2)=CC=C1,-15.099563,12.071884,True,48,5,0.8,euclidean,random,StandardScaler_per_sample_dimension
CNC1=CC=CC(CC2=CC=CC=C2)=C1,-15.100882,12.075766,False,48,5,0.8,euclidean,random,StandardScaler_per_sample_dimension
*N(C)CCCC,-1.6484466,7.847818,False,48,5,0.8,euclidean,random,StandardScaler_per_sample_dimension
*CCCCC(C)C,7.3900995,8.088522,False,48,5,0.8,euclidean,random,StandardScaler_per_sample_dimension
CC1=CC=CC=C1C(=O)NC1=CC(O)=CC=C1,-10.065345,18.964165,False,48,5,0.8,euclidean,random,StandardScaler_per_sample_dimension
CC1=CC=C(NC2=CC=CC=C2)C=C1,4.4923687,7.7985945,False,48,5,0.8,euclidean,random,StandardScaler_per_sample_dimension
CC(F)CO,10.686277,9.905963,False,48,5,0.8,euclidean,random,StandardScaler_per_sample_dimension
CCCCOC(=O)O,-1.8375823,0.34837645,True,48,5,0.8,euclidean,random,StandardScaler_per_sample_dimension
O=CNC1=CC=C(OC2=CC=C(O)C=C2)C=C1,2.784848,11.854917,False,48,5,0.8,euclidean,random,StandardScaler_per_sample_dimension
CN1C=CC2=C1C=CC=C2,-6.246922,-3.4142022,True,48,5,0.8,euclidean,random,StandardScaler_per_sample_dimension
CN1C=CC2=CC=CC=C21,-6.215954,-3.4707778,False,48,5,0.8,euclidean,random,StandardScaler_per_sample_dimension
CC1=CC=C(CC2=CC=CC(CN)=C2)C=C1C,-5.910484,18.906036,False,48,5,0.8,euclidean,random,StandardScaler_per_sample_dimension
NCC1=CC=C(CC2=CC=CC(CN)=C2)C=C1,-5.7286773,19.137451,False,48,5,0.8,euclidean,random,StandardScaler_per_sample_dimension
O=CCCCCC(=O)O,10.770755,-0.25057662,False,48,5,0.8,euclidean,random,StandardScaler_per_sample_dimension
CC1=CC(C)=C(N)C(C)=C1,18.904448,11.019299,False,48,5,0.8,euclidean,random,StandardScaler_per_sample_dimension
*C1=CC=C(CC2=CC(C)=CC=C2)C=C1,6.0571685,10.330519,True,48,5,0.8,euclidean,random,StandardScaler_per_sample_dimension
*C1=CC=C(CC2=CC=CC(C)=C2)C=C1,5.9717245,10.503325,False,48,5,0.8,euclidean,random,StandardScaler_per_sample_dimension
COCC1=CC(O)=CC=C1,-2.9365246,19.382263,False,48,5,0.8,euclidean,random,StandardScaler_per_sample_dimension
COCC1=CC=CC(O)=C1,-2.8927898,19.241621,False,48,5,0.8,euclidean,random,StandardScaler_per_sample_dimension
CC1=CC=C(CC2=CC=C(O)C=C2)C=C1,4.822263,10.001727,False,48,5,0.8,euclidean,random,StandardScaler_per_sample_dimension
CC1=CC=CC=C1CNC1=CC(O)=CC=C1,20.930456,15.825369,True,48,5,0.8,euclidean,random,StandardScaler_per_sample_dimension
CN(C)C1=CC(O)=CC=C1,20.682695,15.863096,True,48,5,0.8,euclidean,random,StandardScaler_per_sample_dimension
CCCN1CC2=CC=C(C)C=C2C1,8.265389,-9.687729,False,48,5,0.8,euclidean,random,StandardScaler_per_sample_dimension
CCCN1CC2=CC(C)=CC=C2C1=O,8.153248,-9.906629,False,48,5,0.8,euclidean,random,StandardScaler_per_sample_dimension
CCCN1CC2=CC=C(C)C=C2C1=O,8.361464,-9.926327,False,48,5,0.8,euclidean,random,StandardScaler_per_sample_dimension
CCCN1C(=O)C2=CC=C(C)C=C2C1=O,8.269194,-9.816326,True,48,5,0.8,euclidean,random,StandardScaler_per_sample_dimension
COCC1=C(C)C=CC=C1,-4.242417,-16.145138,False,48,5,0.8,euclidean,random,StandardScaler_per_sample_dimension
COCC1=CC=CC=C1C,-4.153273,-16.189266,False,48,5,0.8,euclidean,random,StandardScaler_per_sample_dimension
CCCCN1C=CC=C1,18.749481,14.667121,False,48,5,0.8,euclidean,random,StandardScaler_per_sample_dimension
CCCCOCCN,22.217516,8.577092,True,48,5,0.8,euclidean,random,StandardScaler_per_sample_dimension
NC1=CC=C(CNC2=CC=CC=C2)C=C1,8.658368,-11.59326,True,48,5,0.8,euclidean,random,StandardScaler_per_sample_dimension
NC1=CC=C(C(=O)NC2=CC=CC=C2)C=C1,8.652782,-11.575352,False,48,5,0.8,euclidean,random,StandardScaler_per_sample_dimension
*C(=O)OC1=CC=C(CC2=CC=CC=C2)C=C1,4.677873,5.8005157,False,48,5,0.8,euclidean,random,StandardScaler_per_sample_dimension
*C(=C)C,6.611064,6.731231,True,48,5,0.8,euclidean,random,StandardScaler_per_sample_dimension
*CCOCCCOC,0.018010745,2.6698613,False,48,5,0.8,euclidean,random,StandardScaler_per_sample_dimension
CCCOCCNC(C)=O,5.7540603,17.386568,True,48,5,0.8,euclidean,random,StandardScaler_per_sample_dimension
*CCCCCCOC=O,3.4246225,7.532682,True,48,5,0.8,euclidean,random,StandardScaler_per_sample_dimension
CC(C)NCCCC1=CC=CC=C1,21.855593,13.905908,False,48,5,0.8,euclidean,random,StandardScaler_per_sample_dimension
CC(C)NC(=O)CCC1=CC=CC=C1,21.770285,13.754317,False,48,5,0.8,euclidean,random,StandardScaler_per_sample_dimension
O=CCNCCCC1=CC=CC=C1,21.859558,13.869046,True,48,5,0.8,euclidean,random,StandardScaler_per_sample_dimension
O=CCNC(=O)CCC1=CC=CC=C1,21.9582,13.981207,False,48,5,0.8,euclidean,random,StandardScaler_per_sample_dimension
*CC(O)CCO,-0.17126785,3.6834695,True,48,5,0.8,euclidean,random,StandardScaler_per_sample_dimension
CCN(CC)C1=CC=C(N=N)C=C1,-4.632458,9.643268,False,48,5,0.8,euclidean,random,StandardScaler_per_sample_dimension
*CCCCCN,3.0724945,6.6191874,False,48,5,0.8,euclidean,random,StandardScaler_per_sample_dimension
*C1=CN=C2C=CC=CC2=N1,-12.414489,7.850425,True,48,5,0.8,euclidean,random,StandardScaler_per_sample_dimension
*C1=NC2=CC=CC=C2N=C1,-12.378839,7.8541374,False,48,5,0.8,euclidean,random,StandardScaler_per_sample_dimension
*N1CC2=CC=C(C=O)C=C2C1,0.6719622,21.457344,False,48,5,0.8,euclidean,random,StandardScaler_per_sample_dimension
*N1CC2=CC(C=O)=CC=C2C1=O,0.5152009,21.388584,False,48,5,0.8,euclidean,random,StandardScaler_per_sample_dimension
*N1CC2=CC=C(C=O)C=C2C1=O,0.5462325,21.511906,False,48,5,0.8,euclidean,random,StandardScaler_per_sample_dimension
*N1C(=O)C2=CC=C(C=O)C=C2C1=O,0.5960148,21.449827,False,48,5,0.8,euclidean,random,StandardScaler_per_sample_dimension
CCC(F)C(F)(F)C(C)(F)F,16.971642,9.239713,False,48,5,0.8,euclidean,random,StandardScaler_per_sample_dimension
CCC(C)C(C=O)CC,4.919423,2.7227678,False,48,5,0.8,euclidean,random,StandardScaler_per_sample_dimension
CCCCCC(C)CCCCC,1.689147,10.995242,False,48,5,0.8,euclidean,random,StandardScaler_per_sample_dimension
CCC(F)(F)C(F)(F)C(C)(F)F,12.1395035,13.294136,False,48,5,0.8,euclidean,random,StandardScaler_per_sample_dimension
C/C=C(/C)CC,-7.783389,1.7009711,False,48,5,0.8,euclidean,random,StandardScaler_per_sample_dimension
C/C=C(\C)CC,-7.7060633,1.7722706,False,48,5,0.8,euclidean,random,StandardScaler_per_sample_dimension
CCCCCCNC(=O)C1=CC=CC=C1C,-0.2736195,-3.1826184,False,48,5,0.8,euclidean,random,StandardScaler_per_sample_dimension
C=C(C)CC,-7.622817,1.5681847,True,48,5,0.8,euclidean,random,StandardScaler_per_sample_dimension
CCOC(CO)COC,-3.0077245,2.6552887,False,48,5,0.8,euclidean,random,StandardScaler_per_sample_dimension
CCCCCCCCOCC(C)C,-5.4592004,4.2582083,True,48,5,0.8,euclidean,random,StandardScaler_per_sample_dimension
CCCSC,5.025488,10.368986,False,48,5,0.8,euclidean,random,StandardScaler_per_sample_dimension
OPOC1=CC=CC=C1,-2.8818126,11.35838,False,48,5,0.8,euclidean,random,StandardScaler_per_sample_dimension
COCCCC(C)C,5.910456,8.195173,True,48,5,0.8,euclidean,random,StandardScaler_per_sample_dimension
O=CC1=CC=CC=C1CNC1=CC(O)=CC=C1,-9.979657,18.985966,False,48,5,0.8,euclidean,random,StandardScaler_per_sample_dimension
CCCCCCCC(=O)OCC,4.9324684,0.06655671,True,48,5,0.8,euclidean,random,StandardScaler_per_sample_dimension
COCCCF,10.645158,10.262409,False,48,5,0.8,euclidean,random,StandardScaler_per_sample_dimension
OCCCOCCO,-2.2186759,2.5593174,False,48,5,0.8,euclidean,random,StandardScaler_per_sample_dimension
*CC(C)F,15.426504,1.474302,False,48,5,0.8,euclidean,random,StandardScaler_per_sample_dimension
CCNCCCC1=CC=C(O)C=C1,-1.4073685,21.258728,False,48,5,0.8,euclidean,random,StandardScaler_per_sample_dimension
CCNC(=O)CCC1=CC=C(O)C=C1,-1.2973063,21.13583,False,48,5,0.8,euclidean,random,StandardScaler_per_sample_dimension
*C(C)C(C=O)CC,8.32874,5.4289913,False,48,5,0.8,euclidean,random,StandardScaler_per_sample_dimension
CNC1=CC=C(CNC2=CC=CC=C2)C=C1,8.511101,-11.508545,False,48,5,0.8,euclidean,random,StandardScaler_per_sample_dimension
CNC1=CC=C(C(=O)NC2=CC=CC=C2)C=C1,8.578737,-11.410205,False,48,5,0.8,euclidean,random,StandardScaler_per_sample_dimension
*C(C)COC1=CC=CC=C1,-9.39026,-9.952954,True,48,5,0.8,euclidean,random,StandardScaler_per_sample_dimension
COC(=O)CCCCC=O,11.061784,-0.3945355,False,48,5,0.8,euclidean,random,StandardScaler_per_sample_dimension
CCOCC1=CC(C)=CC=C1,-1.5878286,-7.585102,True,48,5,0.8,euclidean,random,StandardScaler_per_sample_dimension
CCOCC1=CC=CC(C)=C1,-1.7360703,-7.5023694,False,48,5,0.8,euclidean,random,StandardScaler_per_sample_dimension
CC(C)OCCO,-2.9733748,1.6233538,True,48,5,0.8,euclidean,random,StandardScaler_per_sample_dimension
CCCCOCCNC,22.025026,8.764458,True,48,5,0.8,euclidean,random,StandardScaler_per_sample_dimension
COCC1=CC(OC)=CC=C1,6.905822,20.20604,True,48,5,0.8,euclidean,random,StandardScaler_per_sample_dimension
COCC1=CC=CC(OC)=C1,6.7684126,20.27943,False,48,5,0.8,euclidean,random,StandardScaler_per_sample_dimension
CCCOCC(N)CC,4.7988563,17.44822,True,48,5,0.8,euclidean,random,StandardScaler_per_sample_dimension
CC(=O)OCCCCCCO,3.9381926,19.013422,False,48,5,0.8,euclidean,random,StandardScaler_per_sample_dimension
*CC(O)CCC,-0.16967073,3.4181247,False,48,5,0.8,euclidean,random,StandardScaler_per_sample_dimension
*C1=CC(C)=C(C2=CC=CC=C2)C=C1,-12.009945,-1.8607079,False,48,5,0.8,euclidean,random,StandardScaler_per_sample_dimension
*C1=CC=C(C2=CC=CC=C2)C(C)=C1,-12.114112,-1.9298012,True,48,5,0.8,euclidean,random,StandardScaler_per_sample_dimension
CCCCCOC1=CC=C(N)C=C1,4.990978,9.883613,True,48,5,0.8,euclidean,random,StandardScaler_per_sample_dimension
CCC(C)NCCCC1=CC=CC=C1,22.391745,14.054351,True,48,5,0.8,euclidean,random,StandardScaler_per_sample_dimension
CCC(C)NC(=O)CCC1=CC=CC=C1,22.18394,14.171037,False,48,5,0.8,euclidean,random,StandardScaler_per_sample_dimension
CCC(C=O)NCCCC1=CC=CC=C1,22.243305,14.261859,False,48,5,0.8,euclidean,random,StandardScaler_per_sample_dimension
CCC(C=O)NC(=O)CCC1=CC=CC=C1,22.13375,14.046303,False,48,5,0.8,euclidean,random,StandardScaler_per_sample_dimension
O=COCCCCCCOC1=CC=CC=C1,4.3994236,19.244873,True,48,5,0.8,euclidean,random,StandardScaler_per_sample_dimension
CC(C=O)NCCCC1=CC=CC=C1,22.08831,14.064512,False,48,5,0.8,euclidean,random,StandardScaler_per_sample_dimension
COCCNCCCC1=CC=CC=C1,7.7378025,17.040195,False,48,5,0.8,euclidean,random,StandardScaler_per_sample_dimension
CC(C=O)NC(=O)CCC1=CC=CC=C1,21.835783,13.864965,False,48,5,0.8,euclidean,random,StandardScaler_per_sample_dimension
OCC1=CC=C(CO)C=C1,0.20412634,1.1370181,False,48,5,0.8,euclidean,random,StandardScaler_per_sample_dimension
CNCCCC1=CC=C(O)C=C1,20.530836,17.763474,True,48,5,0.8,euclidean,random,StandardScaler_per_sample_dimension
CNC(=O)CCC1=CC=C(O)C=C1,20.54529,17.732704,False,48,5,0.8,euclidean,random,StandardScaler_per_sample_dimension
NCCCC1=CC=C(O)C=C1,20.624296,17.813519,False,48,5,0.8,euclidean,random,StandardScaler_per_sample_dimension
COC1=CC=C(CCC=O)C=C1,9.297466,18.167854,False,48,5,0.8,euclidean,random,StandardScaler_per_sample_dimension
NC(=O)CCC1=CC=C(O)C=C1,20.509455,17.759382,False,48,5,0.8,euclidean,random,StandardScaler_per_sample_dimension
O=C(CCC1=CC=CC=C1)NCCO,9.098802,17.978527,False,48,5,0.8,euclidean,random,StandardScaler_per_sample_dimension
CCCCC(C)C(C)CCC,1.7221406,11.103297,False,48,5,0.8,euclidean,random,StandardScaler_per_sample_dimension
CCC(C)C1=CC=C(OC2=CC=CC=C2)C=C1,0.10819349,9.957259,False,48,5,0.8,euclidean,random,StandardScaler_per_sample_dimension
CC1=CC(C2=CC=CC=C2)=C(C)C=C1,18.711266,3.5402806,False,48,5,0.8,euclidean,random,StandardScaler_per_sample_dimension
CC1=CC=C(C)C(C2=CC=CC=C2)=C1,18.728577,3.4662955,False,48,5,0.8,euclidean,random,StandardScaler_per_sample_dimension
CCCCC1=CC=C(OC2=CC=CC=C2)C=C1,0.28217432,9.873466,True,48,5,0.8,euclidean,random,StandardScaler_per_sample_dimension
CNC1=CC=C(NC(C)=O)C=C1,-3.2625139,9.279359,True,48,5,0.8,euclidean,random,StandardScaler_per_sample_dimension
CCCCCCCNC(=O)C1=CC=CC=C1,2.0431745,-1.6975343,False,48,5,0.8,euclidean,random,StandardScaler_per_sample_dimension
CC1=C(O)C=CC(CC2=CC(C)=C(O)C=C2)=C1,3.7877183,26.463917,False,48,5,0.8,euclidean,random,StandardScaler_per_sample_dimension
CC1=C(O)C=CC(CC2=CC=C(O)C(C)=C2)=C1,3.7168772,26.471806,False,48,5,0.8,euclidean,random,StandardScaler_per_sample_dimension
CC1=CC(CC2=CC=C(O)C(C)=C2)=CC=C1O,3.7073522,26.50739,False,48,5,0.8,euclidean,random,StandardScaler_per_sample_dimension
CC/C=C/C1=CC=CC=C1,-7.1930833,1.2062495,False,48,5,0.8,euclidean,random,StandardScaler_per_sample_dimension
CC/C=C\C1=CC=CC=C1,-7.143784,1.2605016,True,48,5,0.8,euclidean,random,StandardScaler_per_sample_dimension
CCCCCOCO,-1.9643893,0.09906762,False,48,5,0.8,euclidean,random,StandardScaler_per_sample_dimension
COC1=CC=C(CC2=CC(C)=C(O)C=C2)C=C1,-4.382291,1.425937,False,48,5,0.8,euclidean,random,StandardScaler_per_sample_dimension
COC1=CC=C(CC2=CC=C(O)C(C)=C2)C=C1,-4.2926292,1.4324476,False,48,5,0.8,euclidean,random,StandardScaler_per_sample_dimension
CC1=CC(C(C)(C)C2=CC=C(O)C=C2)=CC=C1,-8.496616,-11.557015,False,48,5,0.8,euclidean,random,StandardScaler_per_sample_dimension
CC1=CC=CC(C(C)(C)C2=CC=C(O)C=C2)=C1,-8.492259,-11.551696,False,48,5,0.8,euclidean,random,StandardScaler_per_sample_dimension
CCNCC1=CC(CC)=CC=C1,6.428215,-8.811104,False,48,5,0.8,euclidean,random,StandardScaler_per_sample_dimension
CCNCC1=CC=CC(CC)=C1,6.3438754,-8.770475,False,48,5,0.8,euclidean,random,StandardScaler_per_sample_dimension
CC1=C(C)C(C=O)=CC=C1,1.7942888,18.606672,False,48,5,0.8,euclidean,random,StandardScaler_per_sample_dimension
CC1=CC=CC(C=O)=C1C,1.921359,18.514257,False,48,5,0.8,euclidean,random,StandardScaler_per_sample_dimension
CNCCOC(C)=O,5.8517013,15.403087,False,48,5,0.8,euclidean,random,StandardScaler_per_sample_dimension
CCCOCCOCCO,11.293898,8.195806,True,48,5,0.8,euclidean,random,StandardScaler_per_sample_dimension
CCNCCCC1=CC=C(OC)C=C1,-1.5446966,21.361189,False,48,5,0.8,euclidean,random,StandardScaler_per_sample_dimension
CCNC(=O)CCC1=CC=C(OC)C=C1,-1.4187931,21.349176,False,48,5,0.8,euclidean,random,StandardScaler_per_sample_dimension
CC(=O)C1=CC=C(C)C(C)=C1,20.526655,-8.969302,False,48,5,0.8,euclidean,random,StandardScaler_per_sample_dimension
CC(C1=CC=C(N)C=C1)C1=CC=C(N)C=C1,5.6207805,8.024524,True,48,5,0.8,euclidean,random,StandardScaler_per_sample_dimension
CC1=CC(SC2=CC=CC=C2)=CC=C1,25.718212,0.55799913,False,48,5,0.8,euclidean,random,StandardScaler_per_sample_dimension
CC1=CC=CC(SC2=CC=CC=C2)=C1,25.721722,0.5962665,False,48,5,0.8,euclidean,random,StandardScaler_per_sample_dimension
CC1=CSC=C1,6.1111417,5.959393,False,48,5,0.8,euclidean,random,StandardScaler_per_sample_dimension
O=CNC1=CC=C(CNC2=CC=CC=C2)C=C1,8.376216,-11.501193,False,48,5,0.8,euclidean,random,StandardScaler_per_sample_dimension
*CCCCCNC,2.7585113,6.6897554,True,48,5,0.8,euclidean,random,StandardScaler_per_sample_dimension
CC1=C(OC2=CC=CC=C2)C(C)=CC=C1,13.212297,10.229432,False,48,5,0.8,euclidean,random,StandardScaler_per_sample_dimension
CCCOCC(CC)NC,5.0258837,17.255352,True,48,5,0.8,euclidean,random,StandardScaler_per_sample_dimension
O=CC1=CC(N2CC3=CC=CC=C3C2)=CC=C1,22.886816,-0.5068338,False,48,5,0.8,euclidean,random,StandardScaler_per_sample_dimension
O=CC1=CC=CC(N2CC3=C(C=CC=C3)C2)=C1,23.062414,-0.5425799,True,48,5,0.8,euclidean,random,StandardScaler_per_sample_dimension
O=CC1=CC=CC(N2CC3=CC=CC=C3C2)=C1,22.948393,-0.50558925,False,48,5,0.8,euclidean,random,StandardScaler_per_sample_dimension
NC1=CC(OC2=CC=CC=C2)=CC=C1,-10.895382,3.4285572,False,48,5,0.8,euclidean,random,StandardScaler_per_sample_dimension
NC1=CC=CC(OC2=CC=CC=C2)=C1,-10.929823,3.282029,True,48,5,0.8,euclidean,random,StandardScaler_per_sample_dimension
CC1=CC=C(NCC2=CC(CN)=CC=C2)C=C1,5.3016396,8.612849,True,48,5,0.8,euclidean,random,StandardScaler_per_sample_dimension
CC1=CC=C(NCC2=CC=CC(CN)=C2)C=C1,4.9891763,8.432231,False,48,5,0.8,euclidean,random,StandardScaler_per_sample_dimension
COC1=CC=CC(N(C)C)=C1,20.72731,15.873192,False,48,5,0.8,euclidean,random,StandardScaler_per_sample_dimension
CCCCCCCC(=O)OC1=CC=CC=C1,2.1593475,7.1650224,True,48,5,0.8,euclidean,random,StandardScaler_per_sample_dimension
COCCNC1=CC=C(N)C=C1,-3.8463943,10.20669,False,48,5,0.8,euclidean,random,StandardScaler_per_sample_dimension
CCCNCC1=CC=C(C=O)C=C1,6.279355,-10.842554,True,48,5,0.8,euclidean,random,StandardScaler_per_sample_dimension
CCCNC(=O)C1=CC=C(C=O)C=C1,6.191692,-10.79899,False,48,5,0.8,euclidean,random,StandardScaler_per_sample_dimension
CCOCNC1=CC=C(C)C=C1,22.365488,16.973238,False,48,5,0.8,euclidean,random,StandardScaler_per_sample_dimension
CCOC(=O)NC1=CC=C(C)C=C1,22.43574,16.928268,False,48,5,0.8,euclidean,random,StandardScaler_per_sample_dimension
CCCOC(=O)CN,6.1759157,17.311594,False,48,5,0.8,euclidean,random,StandardScaler_per_sample_dimension
CCCOC(=O)CNC,6.315422,17.419525,False,48,5,0.8,euclidean,random,StandardScaler_per_sample_dimension
CNCCCC1=CC=C(OC)C=C1,9.280866,18.25407,False,48,5,0.8,euclidean,random,StandardScaler_per_sample_dimension
CNC(=O)CCC1=CC=C(OC)C=C1,9.225606,18.22116,False,48,5,0.8,euclidean,random,StandardScaler_per_sample_dimension
CO[PH](=O)OC,-1.8545116,11.940504,True,48,5,0.8,euclidean,random,StandardScaler_per_sample_dimension
*C1=CC=CC=N1,21.63112,12.042448,False,48,5,0.8,euclidean,random,StandardScaler_per_sample_dimension
*C1=NC=CC=C1,21.574821,12.18512,False,48,5,0.8,euclidean,random,StandardScaler_per_sample_dimension
*OC1=CC=C(OC=O)C=C1,2.7881641,11.61945,False,48,5,0.8,euclidean,random,StandardScaler_per_sample_dimension
*OC1=CC=C(NC(C)=O)C=C1,9.65803,6.4230804,True,48,5,0.8,euclidean,random,StandardScaler_per_sample_dimension
COC1=CC=C(CCCN)C=C1,9.059274,18.00998,False,48,5,0.8,euclidean,random,StandardScaler_per_sample_dimension
COC1=CC=C(CCC(N)=O)C=C1,9.246947,18.131554,False,48,5,0.8,euclidean,random,StandardScaler_per_sample_dimension
CCCCNCCC1=CC=C(O)C=C1,-3.308514,16.986057,False,48,5,0.8,euclidean,random,StandardScaler_per_sample_dimension
CCCNCCCC1=CC=C(O)C=C1,20.567787,17.67112,False,48,5,0.8,euclidean,random,StandardScaler_per_sample_dimension
OCCNCCCC1=CC=C(O)C=C1,9.051933,17.975103,False,48,5,0.8,euclidean,random,StandardScaler_per_sample_dimension
*OC1=CC=C(CCNCCCC)C=C1,-3.5208964,16.364708,False,48,5,0.8,euclidean,random,StandardScaler_per_sample_dimension
CCCNC(=O)CCC1=CC=C(O)C=C1,20.593216,17.688057,False,48,5,0.8,euclidean,random,StandardScaler_per_sample_dimension
COC1=CC=C(CCCNCCO)C=C1,9.050275,18.322422,False,48,5,0.8,euclidean,random,StandardScaler_per_sample_dimension
O=C(CCC1=CC=C(O)C=C1)NCCO,9.352402,18.014622,False,48,5,0.8,euclidean,random,StandardScaler_per_sample_dimension
COC1=CC=C(CCC(=O)NCCO)C=C1,9.28818,18.074018,False,48,5,0.8,euclidean,random,StandardScaler_per_sample_dimension
CCCCCCF,15.002646,9.293648,False,48,5,0.8,euclidean,random,StandardScaler_per_sample_dimension
CCCCCC(C)C=O,4.045701,3.2605577,False,48,5,0.8,euclidean,random,StandardScaler_per_sample_dimension
CCC(C)CCC1=CC=CC=C1,0.61023057,9.133446,True,48,5,0.8,euclidean,random,StandardScaler_per_sample_dimension
CNCCCCC(C)C,3.7044978,1.3943355,True,48,5,0.8,euclidean,random,StandardScaler_per_sample_dimension
CCCCCCCCN(C)CC,1.9379463,-1.3842621,False,48,5,0.8,euclidean,random,StandardScaler_per_sample_dimension
CNC1=CC=C(C(C)C2=CC=C(N)C=C2)C=C1,6.1706634,7.8783183,True,48,5,0.8,euclidean,random,StandardScaler_per_sample_dimension
CCCCCCNCC1=CC=CC=C1C=O,-0.3568832,-2.849446,False,48,5,0.8,euclidean,random,StandardScaler_per_sample_dimension
CCCOCCC(C)C,5.1177955,3.3302302,False,48,5,0.8,euclidean,random,StandardScaler_per_sample_dimension
CCCCCCCCNCCCC,3.2333076,-4.6145763,False,48,5,0.8,euclidean,random,StandardScaler_per_sample_dimension
CCCCOC(=O)CCCC,2.2846956,6.245508,True,48,5,0.8,euclidean,random,StandardScaler_per_sample_dimension
CCNCC1=CC=C(CC)C=C1,6.5677843,28.829294,True,48,5,0.8,euclidean,random,StandardScaler_per_sample_dimension
CCNC(=O)C1=CC=C(CC)C=C1,6.6105475,28.831783,False,48,5,0.8,euclidean,random,StandardScaler_per_sample_dimension
CCNCCCC1=CC=C(OC=O)C=C1,-1.6164051,21.456953,False,48,5,0.8,euclidean,random,StandardScaler_per_sample_dimension
CCNC(=O)CCC1=CC=C(OC=O)C=C1,-1.6090411,21.24267,False,48,5,0.8,euclidean,random,StandardScaler_per_sample_dimension
CC1=C(C)C=C(C(=O)C2=CC=CC=C2)C=C1,20.53996,-8.998175,True,48,5,0.8,euclidean,random,StandardScaler_per_sample_dimension
CC1=CC=C(C(=O)C2=CC=CC=C2)C=C1C,20.60322,-9.017084,False,48,5,0.8,euclidean,random,StandardScaler_per_sample_dimension
CCCCCCNC(=O)C1=CC=CC=C1C=O,-8.642285,13.459202,False,48,5,0.8,euclidean,random,StandardScaler_per_sample_dimension
CCCCCNC(=O)C1=CC(C)=CC=C1,-11.815297,6.7160025,False,48,5,0.8,euclidean,random,StandardScaler_per_sample_dimension
CCCCCNC(=O)C1=CC=CC(C)=C1,-11.826456,6.7661886,False,48,5,0.8,euclidean,random,StandardScaler_per_sample_dimension
*CCNCCCC,-0.9840271,6.1201787,False,48,5,0.8,euclidean,random,StandardScaler_per_sample_dimension
CC(CO)CCO,8.193624,3.458003,False,48,5,0.8,euclidean,random,StandardScaler_per_sample_dimension
COCC=O,-15.206859,14.185279,False,48,5,0.8,euclidean,random,StandardScaler_per_sample_dimension
CC1=CC(C)=C(OC2=CC=CC=C2)C(C)=C1,12.904713,10.187288,False,48,5,0.8,euclidean,random,StandardScaler_per_sample_dimension
C1=CC=C(C2=NC=CN2)C=C1,4.654717,8.32521,False,48,5,0.8,euclidean,random,StandardScaler_per_sample_dimension
COCC1=CC=C(CO)C=C1,-0.12943569,0.5276919,True,48,5,0.8,euclidean,random,StandardScaler_per_sample_dimension
COCCC(F)F,10.678196,9.773661,True,48,5,0.8,euclidean,random,StandardScaler_per_sample_dimension
OCCCOC1=CC=CC=C1,3.427184,7.827683,False,48,5,0.8,euclidean,random,StandardScaler_per_sample_dimension
*C(C)COCCCO,0.20229074,2.6683586,True,48,5,0.8,euclidean,random,StandardScaler_per_sample_dimension
CNC1=CC(C)=CC(C)=C1,-7.5466537,7.092895,False,48,5,0.8,euclidean,random,StandardScaler_per_sample_dimension
*OCCO,-7.971944,15.522951,False,48,5,0.8,euclidean,random,StandardScaler_per_sample_dimension
COCCN(C)C1=CC=C(N)C=C1,-3.7781062,10.242281,False,48,5,0.8,euclidean,random,StandardScaler_per_sample_dimension
COCCCCCCOC(C)=O,3.856428,19.095356,True,48,5,0.8,euclidean,random,StandardScaler_per_sample_dimension
CCCOCC(C)NC=O,5.299803,17.447952,False,48,5,0.8,euclidean,random,StandardScaler_per_sample_dimension
CC1=CC=C(OCC2=CC=C(C=O)C=C2)C=C1,2.6589108,9.3755665,False,48,5,0.8,euclidean,random,StandardScaler_per_sample_dimension
CCCOC(=O)CNC=O,5.6766677,17.48968,False,48,5,0.8,euclidean,random,StandardScaler_per_sample_dimension
*C(C)C1=C(C)C=CC=C1,-4.5337434,28.596972,False,48,5,0.8,euclidean,random,StandardScaler_per_sample_dimension
*C(C)C1=CC=CC=C1C,-4.5805306,28.57032,False,48,5,0.8,euclidean,random,StandardScaler_per_sample_dimension
*C1=CC(O)=CC=C1,-7.2039957,19.395678,False,48,5,0.8,euclidean,random,StandardScaler_per_sample_dimension
*C1=CC=CC(O)=C1,-7.245799,19.331158,False,48,5,0.8,euclidean,random,StandardScaler_per_sample_dimension
*COC=O,-5.690035,11.562738,True,48,5,0.8,euclidean,random,StandardScaler_per_sample_dimension
O=C(O)CCC(=O)O,20.26941,-6.0277605,False,48,5,0.8,euclidean,random,StandardScaler_per_sample_dimension
NCCCC1=CC=C(OC=O)C=C1,-3.1111581,17.26641,False,48,5,0.8,euclidean,random,StandardScaler_per_sample_dimension
O=CCCC1=CC=C(OC=O)C=C1,-4.812914,16.290516,False,48,5,0.8,euclidean,random,StandardScaler_per_sample_dimension
CC(C)NCCCC1=CC=C(O)C=C1,-4.69437,15.871571,False,48,5,0.8,euclidean,random,StandardScaler_per_sample_dimension
CC(CO)NCCCC1=CC=CC=C1,-4.145818,16.413616,False,48,5,0.8,euclidean,random,StandardScaler_per_sample_dimension
CNCCCC1=CC=C(OC=O)C=C1,-3.1868582,17.187302,False,48,5,0.8,euclidean,random,StandardScaler_per_sample_dimension
NC(=O)CCC1=CC=C(OC=O)C=C1,-3.3397996,15.822083,False,48,5,0.8,euclidean,random,StandardScaler_per_sample_dimension
O=C(O)CNCCCC1=CC=CC=C1,-3.883067,15.878811,False,48,5,0.8,euclidean,random,StandardScaler_per_sample_dimension
O=CCNCCCC1=CC=C(O)C=C1,-4.1074395,16.70787,False,48,5,0.8,euclidean,random,StandardScaler_per_sample_dimension
CC(C)NC(=O)CCC1=CC=C(O)C=C1,-3.5890143,15.584052,False,48,5,0.8,euclidean,random,StandardScaler_per_sample_dimension
CC(C=O)NCCCC1=CC=C(O)C=C1,-3.8994026,15.497873,False,48,5,0.8,euclidean,random,StandardScaler_per_sample_dimension
CC(CO)NC(=O)CCC1=CC=CC=C1,-3.1616857,15.598535,False,48,5,0.8,euclidean,random,StandardScaler_per_sample_dimension
CC(CO)NCCCC1=CC=C(O)C=C1,-3.6799738,15.398653,False,48,5,0.8,euclidean,random,StandardScaler_per_sample_dimension
CC(NCCCC1=CC=CC=C1)C(=O)O,-4.7436566,16.717249,False,48,5,0.8,euclidean,random,StandardScaler_per_sample_dimension
CNC(=O)CCC1=CC=C(OC=O)C=C1,-1.9519349,14.369492,False,48,5,0.8,euclidean,random,StandardScaler_per_sample_dimension
COC(=O)CNCCCC1=CC=CC=C1,-2.7159317,15.458717,False,48,5,0.8,euclidean,random,StandardScaler_per_sample_dimension
COC1=CC=C(CCCNC(C)C)C=C1,-4.010585,16.100817,False,48,5,0.8,euclidean,random,StandardScaler_per_sample_dimension
COC1=CC=C(CCCNCC=O)C=C1,-4.481089,16.163954,False,48,5,0.8,euclidean,random,StandardScaler_per_sample_dimension
COCC(C)NCCCC1=CC=CC=C1,-4.263919,15.915407,False,48,5,0.8,euclidean,random,StandardScaler_per_sample_dimension
COCCNC(=O)CCC1=CC=CC=C1,-1.939348,14.386596,False,48,5,0.8,euclidean,random,StandardScaler_per_sample_dimension
COCCNCCCC1=CC=C(O)C=C1,-2.088852,14.558097,False,48,5,0.8,euclidean,random,StandardScaler_per_sample_dimension
O=C(O)CNC(=O)CCC1=CC=CC=C1,-4.5301747,16.799109,False,48,5,0.8,euclidean,random,StandardScaler_per_sample_dimension
O=C(O)CNCCCC1=CC=C(O)C=C1,-3.1753993,17.233286,False,48,5,0.8,euclidean,random,StandardScaler_per_sample_dimension
O=CCNC(=O)CCC1=CC=C(O)C=C1,-3.1383815,15.472135,False,48,5,0.8,euclidean,random,StandardScaler_per_sample_dimension
CC(C)NCCCC1=CC=C(OC=O)C=C1,-3.6280735,15.534595,False,48,5,0.8,euclidean,random,StandardScaler_per_sample_dimension
CC(C=O)NC(=O)CCC1=CC=C(O)C=C1,-2.995085,16.149263,False,48,5,0.8,euclidean,random,StandardScaler_per_sample_dimension
CC(CO)NC(=O)CCC1=CC=C(O)C=C1,-4.986719,15.821145,False,48,5,0.8,euclidean,random,StandardScaler_per_sample_dimension
CC(NC(=O)CCC1=CC=CC=C1)C(=O)O,-3.6672251,16.038065,False,48,5,0.8,euclidean,random,StandardScaler_per_sample_dimension
CC(NCCCC1=CC=C(O)C=C1)C(=O)O,-3.14073,17.383038,False,48,5,0.8,euclidean,random,StandardScaler_per_sample_dimension
COC(=O)C(C)NCCCC1=CC=CC=C1,-2.2520883,14.728309,False,48,5,0.8,euclidean,random,StandardScaler_per_sample_dimension
COC(=O)CNC(=O)CCC1=CC=CC=C1,-3.3306947,15.359264,False,48,5,0.8,euclidean,random,StandardScaler_per_sample_dimension
COC(=O)CNCCCC1=CC=C(O)C=C1,-3.6562843,16.50256,False,48,5,0.8,euclidean,random,StandardScaler_per_sample_dimension
COC1=CC=C(CCC(=O)NC(C)C)C=C1,-3.5186667,15.584273,False,48,5,0.8,euclidean,random,StandardScaler_per_sample_dimension
COC1=CC=C(CCC(=O)NCC=O)C=C1,-3.2999537,15.48686,False,48,5,0.8,euclidean,random,StandardScaler_per_sample_dimension
COC1=CC=C(CCCNC(C)C=O)C=C1,-2.0077686,14.634738,False,48,5,0.8,euclidean,random,StandardScaler_per_sample_dimension
COC1=CC=C(CCCNC(C)CO)C=C1,-5.1333394,16.01092,False,48,5,0.8,euclidean,random,StandardScaler_per_sample_dimension
COC1=CC=C(CCCNCC(=O)O)C=C1,-3.9363043,15.735512,False,48,5,0.8,euclidean,random,StandardScaler_per_sample_dimension
COCC(C)NC(=O)CCC1=CC=CC=C1,-3.384343,15.368786,False,48,5,0.8,euclidean,random,StandardScaler_per_sample_dimension
COCC(C)NCCCC1=CC=C(O)C=C1,-4.9345145,16.006521,False,48,5,0.8,euclidean,random,StandardScaler_per_sample_dimension
COCCNC(=O)CCC1=CC=C(O)C=C1,-2.0201778,14.569642,False,48,5,0.8,euclidean,random,StandardScaler_per_sample_dimension
COCCNCCCC1=CC=C(OC)C=C1,-3.081586,16.874832,False,48,5,0.8,euclidean,random,StandardScaler_per_sample_dimension
O=C(O)CNC(=O)CCC1=CC=C(O)C=C1,-3.3036454,15.49967,False,48,5,0.8,euclidean,random,StandardScaler_per_sample_dimension
O=CCNCCCC1=CC=C(OC=O)C=C1,-3.2734528,17.153809,False,48,5,0.8,euclidean,random,StandardScaler_per_sample_dimension
O=COC1=CC=C(CCCNCCO)C=C1,-4.530314,16.883219,False,48,5,0.8,euclidean,random,StandardScaler_per_sample_dimension
CC(C)NC(=O)CCC1=CC=C(OC=O)C=C1,-4.9575047,15.948163,False,48,5,0.8,euclidean,random,StandardScaler_per_sample_dimension
CC(C=O)NCCCC1=CC=C(OC=O)C=C1,-5.0727754,15.973551,False,48,5,0.8,euclidean,random,StandardScaler_per_sample_dimension
CC(CO)NCCCC1=CC=C(OC=O)C=C1,-4.547872,16.933247,False,48,5,0.8,euclidean,random,StandardScaler_per_sample_dimension
CC(NC(=O)CCC1=CC=C(O)C=C1)C(=O)O,-3.610039,15.359254,False,48,5,0.8,euclidean,random,StandardScaler_per_sample_dimension
COC(=O)C(C)NC(=O)CCC1=CC=CC=C1,-3.9278388,16.259058,False,48,5,0.8,euclidean,random,StandardScaler_per_sample_dimension
COC(=O)C(C)NCCCC1=CC=C(O)C=C1,-4.655418,16.737743,False,48,5,0.8,euclidean,random,StandardScaler_per_sample_dimension
COC(=O)CNC(=O)CCC1=CC=C(O)C=C1,-3.231797,17.164911,False,48,5,0.8,euclidean,random,StandardScaler_per_sample_dimension
COC(=O)CNCCCC1=CC=C(OC)C=C1,-3.680172,15.685192,False,48,5,0.8,euclidean,random,StandardScaler_per_sample_dimension
COC1=CC=C(CCC(=O)NC(C)C=O)C=C1,-4.0848494,16.525387,False,48,5,0.8,euclidean,random,StandardScaler_per_sample_dimension
COC1=CC=C(CCC(=O)NC(C)CO)C=C1,-3.997301,16.580088,False,48,5,0.8,euclidean,random,StandardScaler_per_sample_dimension
COC1=CC=C(CCC(=O)NCC(=O)O)C=C1,-1.9659779,14.654438,False,48,5,0.8,euclidean,random,StandardScaler_per_sample_dimension
COC1=CC=C(CCCNC(C)C(=O)O)C=C1,-3.2376812,16.34146,False,48,5,0.8,euclidean,random,StandardScaler_per_sample_dimension
COCC(C)NC(=O)CCC1=CC=C(O)C=C1,-3.2440178,17.162518,False,48,5,0.8,euclidean,random,StandardScaler_per_sample_dimension
COCC(C)NCCCC1=CC=C(OC)C=C1,-2.710037,15.451188,False,48,5,0.8,euclidean,random,StandardScaler_per_sample_dimension
COCCNC(=O)CCC1=CC=C(OC)C=C1,-3.093455,17.329426,False,48,5,0.8,euclidean,random,StandardScaler_per_sample_dimension
COCCNCCCC1=CC=C(OC=O)C=C1,-3.5564046,16.12409,False,48,5,0.8,euclidean,random,StandardScaler_per_sample_dimension
O=CCNC(=O)CCC1=CC=C(OC=O)C=C1,-5.083762,15.915342,False,48,5,0.8,euclidean,random,StandardScaler_per_sample_dimension
O=COC1=CC=C(CCC(=O)NCCO)C=C1,-2.1942327,14.7266445,False,48,5,0.8,euclidean,random,StandardScaler_per_sample_dimension
O=COC1=CC=C(CCCNCC(=O)O)C=C1,-3.3277998,15.907522,False,48,5,0.8,euclidean,random,StandardScaler_per_sample_dimension
CCCCC(F)CF,14.723828,-2.6352975,False,48,5,0.8,euclidean,random,StandardScaler_per_sample_dimension
CCCCCCCC(C)CCC,1.42464,11.619213,False,48,5,0.8,euclidean,random,StandardScaler_per_sample_dimension
CC1=C(O)C=CC(C(C)C2=CC=CC=C2)=C1,6.762885,25.919836,False,48,5,0.8,euclidean,random,StandardScaler_per_sample_dimension
CC1=CC(C(C)C2=CC=CC=C2)=CC=C1O,6.9101124,26.060442,True,48,5,0.8,euclidean,random,StandardScaler_per_sample_dimension
CC(C)C1CCCC1,3.9349222,10.533597,False,48,5,0.8,euclidean,random,StandardScaler_per_sample_dimension
CCCCCCN1CC2=C(C=CC=C2)C1=O,-0.022650104,-2.769964,False,48,5,0.8,euclidean,random,StandardScaler_per_sample_dimension
CCCCCCN1CC2=CC=CC=C2C1=O,-0.14674436,-2.9827137,False,48,5,0.8,euclidean,random,StandardScaler_per_sample_dimension
CCC1=C(OC)C=CC=C1,8.802563,25.249908,False,48,5,0.8,euclidean,random,StandardScaler_per_sample_dimension
CCC1=CC=CC=C1OC,8.8372755,25.206293,False,48,5,0.8,euclidean,random,StandardScaler_per_sample_dimension
CCCCCCCCCCC(N)=O,3.751586,-2.852615,True,48,5,0.8,euclidean,random,StandardScaler_per_sample_dimension
CCCCCCCCCCCNC(C)=O,2.4731355,-1.7258103,False,48,5,0.8,euclidean,random,StandardScaler_per_sample_dimension
COCCOCCOCCOC,7.5966516,-4.108374,False,48,5,0.8,euclidean,random,StandardScaler_per_sample_dimension
CCCCCCCCCC(=O)NCC,3.6979926,-3.4077082,True,48,5,0.8,euclidean,random,StandardScaler_per_sample_dimension
*C(=O)OC1=CC=C(C(C)C)C=C1,4.9041476,5.2608495,False,48,5,0.8,euclidean,random,StandardScaler_per_sample_dimension
COC1=C(C)C=C(CC2=CC=C(O)C=C2)C=C1,-4.2186613,1.5552413,False,48,5,0.8,euclidean,random,StandardScaler_per_sample_dimension
COC1=CC=C(CC2=CC=C(O)C=C2)C=C1C,-4.3374968,1.5230303,False,48,5,0.8,euclidean,random,StandardScaler_per_sample_dimension
O=C1C2=C(C=CC=C2)CN1C1=CC(O)=CC=C1,-10.072789,19.068665,False,48,5,0.8,euclidean,random,StandardScaler_per_sample_dimension
O=C1C2=C(C=CC=C2)CN1C1=CC=CC(O)=C1,-10.013248,18.987776,False,48,5,0.8,euclidean,random,StandardScaler_per_sample_dimension
O=C1C2=CC=CC=C2CN1C1=CC(O)=CC=C1,-9.9149685,18.968197,False,48,5,0.8,euclidean,random,StandardScaler_per_sample_dimension
O=C1C2=CC=CC=C2CN1C1=CC=CC(O)=C1,-9.986148,18.957176,False,48,5,0.8,euclidean,random,StandardScaler_per_sample_dimension
O=CNC1=CC(CC2=CC=CC=C2)=CC=C1,-15.298671,12.190468,False,48,5,0.8,euclidean,random,StandardScaler_per_sample_dimension
O=CNC1=CC=CC(CC2=CC=CC=C2)=C1,-15.41924,12.323394,True,48,5,0.8,euclidean,random,StandardScaler_per_sample_dimension
CCNCCCCCC=O,11.837666,0.9945147,False,48,5,0.8,euclidean,random,StandardScaler_per_sample_dimension
CCNC1=CC(CC2=CC=CC=C2)=CC=C1,-15.435146,12.221789,False,48,5,0.8,euclidean,random,StandardScaler_per_sample_dimension
CCNC1=CC=CC(CC2=CC=CC=C2)=C1,-15.505262,12.272063,False,48,5,0.8,euclidean,random,StandardScaler_per_sample_dimension
CC(=O)NC1=CC(CC2=CC=CC=C2)=CC=C1,-15.556534,12.340127,False,48,5,0.8,euclidean,random,StandardScaler_per_sample_dimension
CC(=O)NC1=CC=CC(CC2=CC=CC=C2)=C1,-15.593561,12.354869,False,48,5,0.8,euclidean,random,StandardScaler_per_sample_dimension
CCNC(=O)C1=CC=CC(CC)=C1,6.3366175,-8.801878,True,48,5,0.8,euclidean,random,StandardScaler_per_sample_dimension
CCCCOCOC,-1.7748592,0.31512937,False,48,5,0.8,euclidean,random,StandardScaler_per_sample_dimension
CCCCCCCCCCCOC(C)=O,2.5747128,-0.112447515,True,48,5,0.8,euclidean,random,StandardScaler_per_sample_dimension
CC1=C(C=O)C=CC=C1C1=CC=CC=C1,1.7848489,18.406164,False,48,5,0.8,euclidean,random,StandardScaler_per_sample_dimension
COPOC1=CC=CC=C1,-3.0155573,11.529398,True,48,5,0.8,euclidean,random,StandardScaler_per_sample_dimension
*CC(C)C(=O)OCCCCCCC,-5.3894415,4.046805,True,48,5,0.8,euclidean,random,StandardScaler_per_sample_dimension
CCCCCCN1CC2=C(C=CC=C2)C1,-8.742408,13.555639,False,48,5,0.8,euclidean,random,StandardScaler_per_sample_dimension
CCCCCCN1CC2=CC=CC=C2C1,-8.625852,13.703216,False,48,5,0.8,euclidean,random,StandardScaler_per_sample_dimension
CCCCCCN1C(=O)C2=CC=CC=C2C1=O,-8.754921,13.6668005,False,48,5,0.8,euclidean,random,StandardScaler_per_sample_dimension
NCCNC1=CC=CC=C1,3.5634573,4.852162,False,48,5,0.8,euclidean,random,StandardScaler_per_sample_dimension
CCCCCCNCC1=CC(C)=CC=C1,-9.505405,-3.2965946,False,48,5,0.8,euclidean,random,StandardScaler_per_sample_dimension
CCCCCCNCC1=CC=CC(C)=C1,-9.530976,-3.4466805,True,48,5,0.8,euclidean,random,StandardScaler_per_sample_dimension
CC1=C(C=O)C(C2=CC=CC=C2)=CC=C1,1.6381186,18.163857,False,48,5,0.8,euclidean,random,StandardScaler_per_sample_dimension
O=CC1=C(C=O)C(C2=CC=CC=C2)=CC=C1,1.7490488,18.161922,False,48,5,0.8,euclidean,random,StandardScaler_per_sample_dimension
CCOC1=CC(C)=C(O)C=C1,9.650281,-16.197212,False,48,5,0.8,euclidean,random,StandardScaler_per_sample_dimension
CCOC1=CC=C(O)C(C)=C1,9.650248,-16.168396,False,48,5,0.8,euclidean,random,StandardScaler_per_sample_dimension
COC(C)CCOC=O,-1.1059347,3.6012528,False,48,5,0.8,euclidean,random,StandardScaler_per_sample_dimension
CC(=O)OC1=C(C)C=CC=C1,-10.769408,-5.7024417,False,48,5,0.8,euclidean,random,StandardScaler_per_sample_dimension
CC(=O)OC1=CC=CC=C1C,-10.865021,-5.687101,False,48,5,0.8,euclidean,random,StandardScaler_per_sample_dimension
*CCCN(C)C=O,12.1092005,5.4967265,False,48,5,0.8,euclidean,random,StandardScaler_per_sample_dimension
CCN(CCO)C1=CC=C(N)C=C1,-4.187809,10.24971,False,48,5,0.8,euclidean,random,StandardScaler_per_sample_dimension
COC1=CC=C(CC2=CC=C(C)C=C2)C=C1,4.3877654,9.906728,False,48,5,0.8,euclidean,random,StandardScaler_per_sample_dimension
OC1=CC(N2CC3=C(C=CC=C3)C2)=CC=C1,20.83276,15.88574,False,48,5,0.8,euclidean,random,StandardScaler_per_sample_dimension
OC1=CC(N2CC3=CC=CC=C3C2)=CC=C1,20.805609,15.945594,False,48,5,0.8,euclidean,random,StandardScaler_per_sample_dimension
OC1=CC=CC(N2CC3=C(C=CC=C3)C2)=C1,20.660276,15.875826,False,48,5,0.8,euclidean,random,StandardScaler_per_sample_dimension
OC1=CC=CC(N2CC3=CC=CC=C3C2)=C1,20.888119,15.9582815,False,48,5,0.8,euclidean,random,StandardScaler_per_sample_dimension
CC(=O)OCCOCCO,11.729346,8.033774,False,48,5,0.8,euclidean,random,StandardScaler_per_sample_dimension
*CCC(=O)NC=O,11.952706,4.941558,True,48,5,0.8,euclidean,random,StandardScaler_per_sample_dimension
CC1=C(C=O)C=CC(CO)=C1,2.308668,25.554111,False,48,5,0.8,euclidean,random,StandardScaler_per_sample_dimension
CC1=CC(CO)=CC=C1C=O,2.2353117,25.668362,False,48,5,0.8,euclidean,random,StandardScaler_per_sample_dimension
*CCCCCCNC(C)=O,9.664579,-8.301497,False,48,5,0.8,euclidean,random,StandardScaler_per_sample_dimension
CCCOC(=O)C(C)N,4.7460546,16.471834,False,48,5,0.8,euclidean,random,StandardScaler_per_sample_dimension
CCCOC(=O)C(C)NC,4.764532,16.465504,False,48,5,0.8,euclidean,random,StandardScaler_per_sample_dimension
CCCCOCCNCC,22.20221,8.807052,False,48,5,0.8,euclidean,random,StandardScaler_per_sample_dimension
CCCOC1=CC=C(CCC)C=C1,13.145474,26.662825,True,48,5,0.8,euclidean,random,StandardScaler_per_sample_dimension
*C(=O)CCCCCCC,8.525403,6.612041,False,48,5,0.8,euclidean,random,StandardScaler_per_sample_dimension
CCCOC(=O)CNCC,6.276674,17.37614,True,48,5,0.8,euclidean,random,StandardScaler_per_sample_dimension
*CC(CCO)OC,-0.035041913,3.901415,False,48,5,0.8,euclidean,random,StandardScaler_per_sample_dimension
*C1=CC=C(S)C=C1,17.939665,17.026499,False,48,5,0.8,euclidean,random,StandardScaler_per_sample_dimension
*OC1=CC=C(OC(C)=O)C=C1,2.4867706,11.460814,False,48,5,0.8,euclidean,random,StandardScaler_per_sample_dimension
*C1=CC=C(OC2=CC=C(N)C=C2)C=C1,5.553953,11.6700735,True,48,5,0.8,euclidean,random,StandardScaler_per_sample_dimension
CCCCC(F)C(F)F,14.89564,-1.9872677,False,48,5,0.8,euclidean,random,StandardScaler_per_sample_dimension
CCC1=CC(C(C)C)=CC=C1,-8.591624,-6.8181257,False,48,5,0.8,euclidean,random,StandardScaler_per_sample_dimension
CCC1=CC=CC(C(C)C)=C1,-8.591387,-6.8765454,False,48,5,0.8,euclidean,random,StandardScaler_per_sample_dimension
CCCCCC(F)F,15.085607,9.361482,False,48,5,0.8,euclidean,random,StandardScaler_per_sample_dimension
CCCC(C)CCO,-7.534962,17.424223,False,48,5,0.8,euclidean,random,StandardScaler_per_sample_dimension
CCC(C)CC(C)CN,4.2766685,2.215849,True,48,5,0.8,euclidean,random,StandardScaler_per_sample_dimension
FCC(F)C(F)(F)F,11.253694,12.029689,False,48,5,0.8,euclidean,random,StandardScaler_per_sample_dimension
CC(C)C1=CC=C(OCCO)C=C1,2.234027,7.18869,False,48,5,0.8,euclidean,random,StandardScaler_per_sample_dimension
CCC(O)CO,-2.5275886,3.2060378,True,48,5,0.8,euclidean,random,StandardScaler_per_sample_dimension
CC(C)C1=C(O)C=CC=C1,8.874197,25.228134,False,48,5,0.8,euclidean,random,StandardScaler_per_sample_dimension
CC(C)C1=CC=CC=C1O,8.838753,25.26949,False,48,5,0.8,euclidean,random,StandardScaler_per_sample_dimension
CCCC(CC)COCC,5.854679,4.555172,False,48,5,0.8,euclidean,random,StandardScaler_per_sample_dimension
CNC(N)=O,3.5235379,6.6171837,True,48,5,0.8,euclidean,random,StandardScaler_per_sample_dimension
COC(C)C(C)O,-2.6207833,3.0026133,False,48,5,0.8,euclidean,random,StandardScaler_per_sample_dimension
CCC(C=O)C(C)C=O,8.048474,10.961317,False,48,5,0.8,euclidean,random,StandardScaler_per_sample_dimension
CCCC1=C(C)C=CC=C1,3.0383983,3.0933118,False,48,5,0.8,euclidean,random,StandardScaler_per_sample_dimension
CCCC1=CC=CC=C1C,3.280459,3.2743757,False,48,5,0.8,euclidean,random,StandardScaler_per_sample_dimension
CCNCCCCCCNC,-9.27269,15.950625,False,48,5,0.8,euclidean,random,StandardScaler_per_sample_dimension
CC(=O)NCCCC(C)C,9.484039,3.9447885,False,48,5,0.8,euclidean,random,StandardScaler_per_sample_dimension
CNC1=C(C)C=C(C)C=C1C,19.608212,1.9396892,False,48,5,0.8,euclidean,random,StandardScaler_per_sample_dimension
*C(C)CCCCCC,6.4464345,8.757227,True,48,5,0.8,euclidean,random,StandardScaler_per_sample_dimension
CCNC1=CC=C(S)C=C1,13.093076,8.4723625,False,48,5,0.8,euclidean,random,StandardScaler_per_sample_dimension
CCCCCC(=O)OC1=CC=C(CC)C=C1,-7.7257705,-4.230461,False,48,5,0.8,euclidean,random,StandardScaler_per_sample_dimension
COCC(C)F,10.59481,9.542884,False,48,5,0.8,euclidean,random,StandardScaler_per_sample_dimension
COC1=CC(OC2=CC=CC=C2)=CC=C1,1.2444732,-9.712927,False,48,5,0.8,euclidean,random,StandardScaler_per_sample_dimension
CCCOCCCCO,6.3230762,2.3463268,False,48,5,0.8,euclidean,random,StandardScaler_per_sample_dimension
CCCCCCCCCCOC(=O)CC,5.2105784,13.484133,False,48,5,0.8,euclidean,random,StandardScaler_per_sample_dimension
O=CC1=C(CC2=CC=CC=C2)C=CC=C1,4.9389896,7.2185163,True,48,5,0.8,euclidean,random,StandardScaler_per_sample_dimension
O=CC1=CC=CC=C1CC1=CC=CC=C1,5.1364365,7.415909,False,48,5,0.8,euclidean,random,StandardScaler_per_sample_dimension
CCNCCCC1=CC=C(OCC)C=C1,-10.987492,-1.4829365,False,48,5,0.8,euclidean,random,StandardScaler_per_sample_dimension
CCNC(=O)CCC1=CC=C(OCC)C=C1,-11.044393,-1.4163295,False,48,5,0.8,euclidean,random,StandardScaler_per_sample_dimension
*N=PO,5.2044716,-13.10901,False,48,5,0.8,euclidean,random,StandardScaler_per_sample_dimension
*N=POC,5.2642155,-13.144637,False,48,5,0.8,euclidean,random,StandardScaler_per_sample_dimension
*PO,5.453355,-13.319905,True,48,5,0.8,euclidean,random,StandardScaler_per_sample_dimension
*POC,5.4161057,-13.315257,False,48,5,0.8,euclidean,random,StandardScaler_per_sample_dimension
*[PH](=N)O,5.607308,-13.48058,False,48,5,0.8,euclidean,random,StandardScaler_per_sample_dimension
*[PH](=N)OC,5.4053736,-13.34713,False,48,5,0.8,euclidean,random,StandardScaler_per_sample_dimension
CC1=CC(C)=CC(CC2=CC=C(O)C=C2)=C1,12.951282,11.081808,True,48,5,0.8,euclidean,random,StandardScaler_per_sample_dimension
CCC(O)COC,-1.8453808,3.0494483,False,48,5,0.8,euclidean,random,StandardScaler_per_sample_dimension
NC(N)=O,3.5853689,6.8209033,False,48,5,0.8,euclidean,random,StandardScaler_per_sample_dimension
COCC(C)CC=O,8.250354,3.8884861,False,48,5,0.8,euclidean,random,StandardScaler_per_sample_dimension
O=CCCO,4.4748173,8.709862,False,48,5,0.8,euclidean,random,StandardScaler_per_sample_dimension
*C(C)CCCCO,9.799331,7.6542044,True,48,5,0.8,euclidean,random,StandardScaler_per_sample_dimension
COCCCOC1=CC=CC=C1,3.4354947,7.881411,True,48,5,0.8,euclidean,random,StandardScaler_per_sample_dimension
CCNC1=CC(C)=CC(C)=C1,-7.4467077,7.0624967,False,48,5,0.8,euclidean,random,StandardScaler_per_sample_dimension
CCCCNC(COCC)CC1=CC=CC=C1,0.966071,26.956139,True,48,5,0.8,euclidean,random,StandardScaler_per_sample_dimension
*CC(*)OCC,-4.7863407,11.958158,False,48,5,0.8,euclidean,random,StandardScaler_per_sample_dimension
*CC(CC)C(=O)OC,7.5279155,5.270033,False,48,5,0.8,euclidean,random,StandardScaler_per_sample_dimension
CCCCCCOC1=CC=C(C=O)C=C1,10.579973,-7.432965,True,48,5,0.8,euclidean,random,StandardScaler_per_sample_dimension
*C(C)CCCO,9.0368395,8.110916,True,48,5,0.8,euclidean,random,StandardScaler_per_sample_dimension
CC1=C(C2=C(C)C=CC=C2)C=CC=C1,-12.096103,-2.0000432,False,48,5,0.8,euclidean,random,StandardScaler_per_sample_dimension
CC1=C(C2=CC=CC=C2C)C=CC=C1,-12.248541,-2.1251223,True,48,5,0.8,euclidean,random,StandardScaler_per_sample_dimension
CC1=CC=CC=C1C1=CC=CC=C1C,-12.151126,-2.1826677,False,48,5,0.8,euclidean,random,StandardScaler_per_sample_dimension
C1CC2CCC1C2,4.8158116,9.165161,True,48,5,0.8,euclidean,random,StandardScaler_per_sample_dimension
CCCOC(=O)C(C)NC=O,5.4963093,17.475994,False,48,5,0.8,euclidean,random,StandardScaler_per_sample_dimension
FC(F)C(F)(F)F,11.1201,11.38337,False,48,5,0.8,euclidean,random,StandardScaler_per_sample_dimension
CCCOC(=O)CNC(C)=O,5.9690976,17.33925,False,48,5,0.8,euclidean,random,StandardScaler_per_sample_dimension
*CCCCN,-2.5578272,5.76317,False,48,5,0.8,euclidean,random,StandardScaler_per_sample_dimension
*C1=CC(OC)=CC=C1,-7.248996,19.3542,False,48,5,0.8,euclidean,random,StandardScaler_per_sample_dimension
*C1=CC=CC(OC)=C1,-7.325409,19.301756,False,48,5,0.8,euclidean,random,StandardScaler_per_sample_dimension
CC1=CC(CNC2=CC(C=O)=CC=C2)=CC=C1,22.851685,-0.5578101,True,48,5,0.8,euclidean,random,StandardScaler_per_sample_dimension
CC1=CC=CC(CNC2=CC=CC(C=O)=C2)=C1,23.014523,-0.6350741,False,48,5,0.8,euclidean,random,StandardScaler_per_sample_dimension
CCOC1=CC=C(CCCNC)C=C1,13.40605,26.418367,False,48,5,0.8,euclidean,random,StandardScaler_per_sample_dimension
CCOC1=CC=C(CCC(=O)NC)C=C1,13.349659,26.458834,False,48,5,0.8,euclidean,random,StandardScaler_per_sample_dimension
*CC(CO)OC,0.020203272,5.4069686,False,48,5,0.8,euclidean,random,StandardScaler_per_sample_dimension
CCOC1=CC=C(CCC=O)C=C1,13.446609,26.351328,False,48,5,0.8,euclidean,random,StandardScaler_per_sample_dimension
CCOC1=CC=C(CCCN)C=C1,13.445302,26.343,False,48,5,0.8,euclidean,random,StandardScaler_per_sample_dimension
*OC1=CC=C(C2=CC=CC=C2)C=C1,4.5354657,7.2186747,False,48,5,0.8,euclidean,random,StandardScaler_per_sample_dimension
CCOC1=CC=C(CCC(N)=O)C=C1,13.522549,26.279388,False,48,5,0.8,euclidean,random,StandardScaler_per_sample_dimension
CCOC1=CC=C(CCCNCCO)C=C1,13.356201,26.450567,False,48,5,0.8,euclidean,random,StandardScaler_per_sample_dimension
CCOC1=CC=C(CCC(=O)NCCO)C=C1,13.5096655,26.296345,False,48,5,0.8,euclidean,random,StandardScaler_per_sample_dimension
CC(F)CC(F)C(C)F,22.693903,10.731503,False,48,5,0.8,euclidean,random,StandardScaler_per_sample_dimension
CC(F)C(F)C(F)C(C)F,22.769297,10.857322,False,48,5,0.8,euclidean,random,StandardScaler_per_sample_dimension
CC(F)C(F)C(F)(F)C(C)F,22.615019,10.909627,False,48,5,0.8,euclidean,random,StandardScaler_per_sample_dimension
CC(F)C(F)C(F)C(C)(F)F,22.715546,10.94776,False,48,5,0.8,euclidean,random,StandardScaler_per_sample_dimension
CC(F)CC(F)(F)C(C)F,17.62302,4.6101556,False,48,5,0.8,euclidean,random,StandardScaler_per_sample_dimension
CC(F)C(F)CC(C)(F)F,17.559536,4.5591955,False,48,5,0.8,euclidean,random,StandardScaler_per_sample_dimension
CC(F)CC(F)C(C)(F)F,17.675144,4.504248,False,48,5,0.8,euclidean,random,StandardScaler_per_sample_dimension
CC(F)C(F)(F)C(F)C(C)(F)F,17.567944,4.454652,False,48,5,0.8,euclidean,random,StandardScaler_per_sample_dimension
CC(F)CCC(C)F,16.977835,9.285945,False,48,5,0.8,euclidean,random,StandardScaler_per_sample_dimension
CC(F)C(F)(F)CC(C)(F)F,17.149021,9.468607,False,48,5,0.8,euclidean,random,StandardScaler_per_sample_dimension
CC(F)CCC(C)(F)F,17.261183,9.433428,False,48,5,0.8,euclidean,random,StandardScaler_per_sample_dimension
CC1=CC(C(C)C2=CC(C)=C(O)C=C2)=CC=C1,26.307463,10.185617,True,48,5,0.8,euclidean,random,StandardScaler_per_sample_dimension
CC1=CC(C(C)C2=CC=C(O)C(C)=C2)=CC=C1,26.361246,10.129834,False,48,5,0.8,euclidean,random,StandardScaler_per_sample_dimension
CC1=CC=CC(C(C)C2=CC(C)=C(O)C=C2)=C1,26.468693,10.021522,False,48,5,0.8,euclidean,random,StandardScaler_per_sample_dimension
CC1=CC=CC(C(C)C2=CC=C(O)C(C)=C2)=C1,26.25845,10.235157,False,48,5,0.8,euclidean,random,StandardScaler_per_sample_dimension
CCCC(C)CCOC,-7.4933743,17.455284,False,48,5,0.8,euclidean,random,StandardScaler_per_sample_dimension
CC(C)CC(C)C1=CC=C(O)C=C1,1.4983978,8.733774,True,48,5,0.8,euclidean,random,StandardScaler_per_sample_dimension
CC(C)CCCCNC=O,3.7173257,1.3893993,False,48,5,0.8,euclidean,random,StandardScaler_per_sample_dimension
CCCCCN(C)C1=CC=CC=C1,8.535163,11.471747,True,48,5,0.8,euclidean,random,StandardScaler_per_sample_dimension
CC=C(C)C#N,1.2369673,16.419678,True,48,5,0.8,euclidean,random,StandardScaler_per_sample_dimension
CC1=C(NCC2=CC=CC=C2)C(C)=CC=C1,19.809246,1.8338435,False,48,5,0.8,euclidean,random,StandardScaler_per_sample_dimension
CC1=CC=CC(C)=C1NCC1=CC=CC=C1,19.795778,1.7377253,False,48,5,0.8,euclidean,random,StandardScaler_per_sample_dimension
CC1=C(NC(=O)C2=CC=CC=C2)C(C)=CC=C1,19.813988,1.8359971,False,48,5,0.8,euclidean,random,StandardScaler_per_sample_dimension
CC1=CC=CC(C)=C1NC(=O)C1=CC=CC=C1,19.828886,1.8870009,False,48,5,0.8,euclidean,random,StandardScaler_per_sample_dimension
CC(C)CCC1=CC=C(O)C=C1,1.7895676,8.815604,False,48,5,0.8,euclidean,random,StandardScaler_per_sample_dimension
CC(C)C(C)CCN,2.869399,2.1563132,False,48,5,0.8,euclidean,random,StandardScaler_per_sample_dimension
CCCCCNC(=O)CCCCC,2.7297177,-4.4415464,False,48,5,0.8,euclidean,random,StandardScaler_per_sample_dimension
C=C(C)C#N,1.2556485,16.334316,False,48,5,0.8,euclidean,random,StandardScaler_per_sample_dimension
COCCOCCCO,-2.5053766,2.112617,True,48,5,0.8,euclidean,random,StandardScaler_per_sample_dimension
FC(F)C(F)C(F)(F)F,11.312392,12.094159,True,48,5,0.8,euclidean,random,StandardScaler_per_sample_dimension
CCNCCCC1=CC=C(OC(C)=O)C=C1,-11.034078,-1.2841626,False,48,5,0.8,euclidean,random,StandardScaler_per_sample_dimension
CCNC(=O)CCC1=CC=C(OC(C)=O)C=C1,-10.91018,-1.4393787,False,48,5,0.8,euclidean,random,StandardScaler_per_sample_dimension
NCC(N)=O,3.2597108,4.502951,False,48,5,0.8,euclidean,random,StandardScaler_per_sample_dimension
COC(=O)CCC(=O)O,11.6014185,1.7790104,False,48,5,0.8,euclidean,random,StandardScaler_per_sample_dimension
*NCCCC=O,4.3987846,5.169554,False,48,5,0.8,euclidean,random,StandardScaler_per_sample_dimension
*N(CC)CCC,-1.6211513,7.429484,False,48,5,0.8,euclidean,random,StandardScaler_per_sample_dimension
C1=CC=C(OC2=CC3=CC=CC=C3C=C2)C=C1,-14.372791,10.716401,True,48,5,0.8,euclidean,random,StandardScaler_per_sample_dimension
C1=CC=C(OC2=CC=C3C=CC=CC3=C2)C=C1,-14.349005,10.634277,False,48,5,0.8,euclidean,random,StandardScaler_per_sample_dimension
CCC(C)=O,-6.6621876,0.99617445,False,48,5,0.8,euclidean,random,StandardScaler_per_sample_dimension
CC(CO)CC(=O)O,7.997764,3.3699727,False,48,5,0.8,euclidean,random,StandardScaler_per_sample_dimension
CC1=CC=C(C)S1,5.6471386,6.7475963,False,48,5,0.8,euclidean,random,StandardScaler_per_sample_dimension
CCCCOCC1=CC=C(C)C=C1,0.79056317,1.4518498,False,48,5,0.8,euclidean,random,StandardScaler_per_sample_dimension
COC1=C2C=CC=CC2=CC=C1,17.72871,2.2105222,True,48,5,0.8,euclidean,random,StandardScaler_per_sample_dimension
COC1=CC=CC2=CC=CC=C12,17.814499,2.2338185,False,48,5,0.8,euclidean,random,StandardScaler_per_sample_dimension
CC1=CC=C(NCC2=CC=C(CN)C=C2)C=C1,4.816722,8.485127,True,48,5,0.8,euclidean,random,StandardScaler_per_sample_dimension
COC1=CC(N2CC3=CC=CC=C3C2)=CC=C1,20.79763,15.961279,False,48,5,0.8,euclidean,random,StandardScaler_per_sample_dimension
COC1=CC=CC(N2CC3=CC=CC=C3C2)=C1,20.725,15.988768,False,48,5,0.8,euclidean,random,StandardScaler_per_sample_dimension
*OCCOC,-7.9720902,15.571533,False,48,5,0.8,euclidean,random,StandardScaler_per_sample_dimension
*CCOCCCCCCCCC,4.464033,14.020899,True,48,5,0.8,euclidean,random,StandardScaler_per_sample_dimension
*C(C)CC(C)O,-0.15473488,3.4675684,False,48,5,0.8,euclidean,random,StandardScaler_per_sample_dimension
O=C(OCCO)C1=CC=CC=C1,3.961729,8.647671,False,48,5,0.8,euclidean,random,StandardScaler_per_sample_dimension
CCCOC(=O)C(C)NCC,4.855935,16.594927,False,48,5,0.8,euclidean,random,StandardScaler_per_sample_dimension
C1=CC2=C(C=C1)C1=CC=CC=C1N2,18.984491,14.8308115,False,48,5,0.8,euclidean,random,StandardScaler_per_sample_dimension
C1=CC=C2C(=C1)NC1=CC=CC=C12,19.122389,14.991938,False,48,5,0.8,euclidean,random,StandardScaler_per_sample_dimension
CCCOCCNC(=O)CC,5.808944,16.965702,False,48,5,0.8,euclidean,random,StandardScaler_per_sample_dimension
CCCOCC(C)NC(C)=O,5.734909,17.404276,False,48,5,0.8,euclidean,random,StandardScaler_per_sample_dimension
CC1=CC(NCC2=CC(C=O)=CC=C2)=CC=C1,23.845303,-0.8814247,False,48,5,0.8,euclidean,random,StandardScaler_per_sample_dimension
CC1=CC=CC(NCC2=CC=CC(C=O)=C2)=C1,23.794964,-0.8803608,True,48,5,0.8,euclidean,random,StandardScaler_per_sample_dimension
O=COC1=CC=C(C=O)C=C1,3.3914614,8.185408,False,48,5,0.8,euclidean,random,StandardScaler_per_sample_dimension
*CCCCOC(C)=O,6.781187,2.0085285,False,48,5,0.8,euclidean,random,StandardScaler_per_sample_dimension
*CC(COC)OC,0.16857976,5.448852,False,48,5,0.8,euclidean,random,StandardScaler_per_sample_dimension
*CNC1=CC=C(O)C=C1,-3.015526,13.808985,True,48,5,0.8,euclidean,random,StandardScaler_per_sample_dimension
CC(=O)OC1=CC=C(CCC=O)C=C1,-15.4197445,14.628379,False,48,5,0.8,euclidean,random,StandardScaler_per_sample_dimension
CC(=O)OC1=CC=C(CCCN)C=C1,-15.366557,14.686344,False,48,5,0.8,euclidean,random,StandardScaler_per_sample_dimension
CC(=O)OC1=CC=C(CCC(N)=O)C=C1,-15.3969345,15.087218,False,48,5,0.8,euclidean,random,StandardScaler_per_sample_dimension
CNCCCC1=CC=C(OC(C)=O)C=C1,-15.248206,14.86009,False,48,5,0.8,euclidean,random,StandardScaler_per_sample_dimension
*CNC1=CC=C(OC2=CC=CC=C2)C=C1,-3.034527,13.960254,False,48,5,0.8,euclidean,random,StandardScaler_per_sample_dimension
CCOC1=CC=C(CCCNC(C)C)C=C1,-15.537258,14.346412,False,48,5,0.8,euclidean,random,StandardScaler_per_sample_dimension
CCOC1=CC=C(CCCNCC=O)C=C1,-15.233305,14.590722,False,48,5,0.8,euclidean,random,StandardScaler_per_sample_dimension
CNC(=O)CCC1=CC=C(OC(C)=O)C=C1,-15.300541,15.033319,False,48,5,0.8,euclidean,random,StandardScaler_per_sample_dimension
CC(=O)OC1=CC=C(CCCNC(C)C)C=C1,-15.456344,15.144951,False,48,5,0.8,euclidean,random,StandardScaler_per_sample_dimension
CC(=O)OC1=CC=C(CCCNCC=O)C=C1,-15.437487,14.490126,False,48,5,0.8,euclidean,random,StandardScaler_per_sample_dimension
CC(=O)OC1=CC=C(CCCNCCO)C=C1,-15.20568,14.755715,False,48,5,0.8,euclidean,random,StandardScaler_per_sample_dimension
CCOC1=CC=C(CCC(=O)NC(C)C)C=C1,-15.3225155,14.662097,False,48,5,0.8,euclidean,random,StandardScaler_per_sample_dimension
CCOC1=CC=C(CCC(=O)NCC=O)C=C1,-15.313563,14.25032,False,48,5,0.8,euclidean,random,StandardScaler_per_sample_dimension
CCOC1=CC=C(CCCNC(C)C=O)C=C1,-15.500302,14.854243,False,48,5,0.8,euclidean,random,StandardScaler_per_sample_dimension
CCOC1=CC=C(CCCNC(C)CO)C=C1,-15.482263,14.3694515,False,48,5,0.8,euclidean,random,StandardScaler_per_sample_dimension
CCOC1=CC=C(CCCNCC(=O)O)C=C1,-15.48227,14.348109,False,48,5,0.8,euclidean,random,StandardScaler_per_sample_dimension
CCOC1=CC=C(CCCNCCOC)C=C1,-15.093444,14.955412,False,48,5,0.8,euclidean,random,StandardScaler_per_sample_dimension
CCCCC(F)(F)CF,14.935851,-2.0969663,False,48,5,0.8,euclidean,random,StandardScaler_per_sample_dimension
CC(F)C(F)(F)C(F)(F)C(C)F,17.429684,9.538139,False,48,5,0.8,euclidean,random,StandardScaler_per_sample_dimension
COC1=C(C)C=C(C(C)C)C=C1,7.0233235,26.220867,False,48,5,0.8,euclidean,random,StandardScaler_per_sample_dimension
COC1=CC=C(C(C)C)C=C1C,7.045428,26.22799,False,48,5,0.8,euclidean,random,StandardScaler_per_sample_dimension
CCC(C)CCCNC(C)=O,9.507574,3.8267264,False,48,5,0.8,euclidean,random,StandardScaler_per_sample_dimension
CCCCN(C)C(=O)CC,1.9616897,-0.64220506,True,48,5,0.8,euclidean,random,StandardScaler_per_sample_dimension
CCCC(C)COC=O,5.9738793,7.734316,False,48,5,0.8,euclidean,random,StandardScaler_per_sample_dimension
CNCCNC1=CC=CC=C1,3.5363173,4.545395,False,48,5,0.8,euclidean,random,StandardScaler_per_sample_dimension
CNC(=O)CN,3.2621727,4.5377483,False,48,5,0.8,euclidean,random,StandardScaler_per_sample_dimension
CCOCC(CO)OC,-2.8305805,2.5385666,False,48,5,0.8,euclidean,random,StandardScaler_per_sample_dimension
CCCCCCCC(=O)NCCC,3.6527245,-3.8551497,False,48,5,0.8,euclidean,random,StandardScaler_per_sample_dimension
CCC1=CC=C(CN(C)CC)C=C1,6.656969,28.835363,False,48,5,0.8,euclidean,random,StandardScaler_per_sample_dimension
CCC1=CC=C(C(=O)N(C)CC)C=C1,6.768883,28.775305,False,48,5,0.8,euclidean,random,StandardScaler_per_sample_dimension
CNC(=O)NC,3.3947499,6.5515747,False,48,5,0.8,euclidean,random,StandardScaler_per_sample_dimension
CC1CCC(C)C1C,4.827459,8.468466,False,48,5,0.8,euclidean,random,StandardScaler_per_sample_dimension
CCN1C=CC2=C1C=CC=C2,-6.283127,-3.5366232,False,48,5,0.8,euclidean,random,StandardScaler_per_sample_dimension
CCN1C=CC2=CC=CC=C21,-6.31482,-3.496835,False,48,5,0.8,euclidean,random,StandardScaler_per_sample_dimension
O=C(O)C1=CC=C(CO)C=C1,-0.30443946,0.41500488,False,48,5,0.8,euclidean,random,StandardScaler_per_sample_dimension
CCCC(=O)OCCO,10.754025,8.900474,True,48,5,0.8,euclidean,random,StandardScaler_per_sample_dimension
*/C=C/CCC,-8.51594,3.0860844,False,48,5,0.8,euclidean,random,StandardScaler_per_sample_dimension
*/C=C\CCC,-8.291273,3.0534034,False,48,5,0.8,euclidean,random,StandardScaler_per_sample_dimension
*CCCCNC,-2.180577,5.764828,False,48,5,0.8,euclidean,random,StandardScaler_per_sample_dimension
*C(C)(C)COCCCCCCC,-5.315343,3.9126472,False,48,5,0.8,euclidean,random,StandardScaler_per_sample_dimension
*C(C)(C)C(=O)OCCCCCCC,-5.3703003,3.839988,False,48,5,0.8,euclidean,random,StandardScaler_per_sample_dimension
*CC(*)(C)COCCCCCCC,-5.321991,3.800152,True,48,5,0.8,euclidean,random,StandardScaler_per_sample_dimension
*CC(*)(C)C(=O)OCCCCCCC,-5.3400598,3.7590873,False,48,5,0.8,euclidean,random,StandardScaler_per_sample_dimension
CCCCOC1=C(C)C=CC=C1,21.060572,0.38885954,False,48,5,0.8,euclidean,random,StandardScaler_per_sample_dimension
CCCCOC1=CC=CC=C1C,21.131218,0.35628638,False,48,5,0.8,euclidean,random,StandardScaler_per_sample_dimension
COCC(C)CCO,8.490142,3.8865201,False,48,5,0.8,euclidean,random,StandardScaler_per_sample_dimension
CCOC1=CC(C=O)=CC=C1,10.540511,24.504717,False,48,5,0.8,euclidean,random,StandardScaler_per_sample_dimension
CCOC1=CC=CC(C=O)=C1,10.524015,24.524656,False,48,5,0.8,euclidean,random,StandardScaler_per_sample_dimension
O=CCCCCCCC=O,3.9228992,9.05783,False,48,5,0.8,euclidean,random,StandardScaler_per_sample_dimension
CCOCCN(C)CC,5.837061,15.099064,False,48,5,0.8,euclidean,random,StandardScaler_per_sample_dimension
CC1=CC=C(OCC(C)O)C=C1,2.9552982,7.733318,True,48,5,0.8,euclidean,random,StandardScaler_per_sample_dimension
COC(=O)C1=CC=C(CO)C=C1,-0.091533296,0.7872181,False,48,5,0.8,euclidean,random,StandardScaler_per_sample_dimension
COCC1=CC=C(C(=O)O)C=C1,-0.048659846,0.644105,False,48,5,0.8,euclidean,random,StandardScaler_per_sample_dimension
*CCC(=O)N(C)C,12.418909,5.2370944,False,48,5,0.8,euclidean,random,StandardScaler_per_sample_dimension
OC1=CC=C(COC2=CC=C(O)C=C2)C=C1,1.0716758,12.615559,False,48,5,0.8,euclidean,random,StandardScaler_per_sample_dimension
COC1=CC=C(COC2=CC=C(O)C=C2)C=C1,0.9814292,12.442349,True,48,5,0.8,euclidean,random,StandardScaler_per_sample_dimension
O=C(OC1=CC=C(O)C=C1)C1=CC=C(O)C=C1,1.1138659,12.54169,False,48,5,0.8,euclidean,random,StandardScaler_per_sample_dimension
CCOCC1=CC=C(OC)C=C1,4.106564,8.97939,True,48,5,0.8,euclidean,random,StandardScaler_per_sample_dimension
*C1CCCC1,7.2581453,9.5711,True,48,5,0.8,euclidean,random,StandardScaler_per_sample_dimension
CCCCOCN,14.450566,-10.792886,False,48,5,0.8,euclidean,random,StandardScaler_per_sample_dimension
CCCC(F)(F)F,10.539431,10.689449,False,48,5,0.8,euclidean,random,StandardScaler_per_sample_dimension
CCCNC(C)COCCC,4.886479,16.654997,True,48,5,0.8,euclidean,random,StandardScaler_per_sample_dimension
CC1=CC(NCC2=CC=C(C=O)C=C2)=CC=C1,25.253567,-1.3846909,False,48,5,0.8,euclidean,random,StandardScaler_per_sample_dimension
CC1=CC=CC(NCC2=CC=C(C=O)C=C2)=C1,25.264555,-1.4553927,False,48,5,0.8,euclidean,random,StandardScaler_per_sample_dimension
CCCNCC(=O)OCCC,6.1464753,17.140882,False,48,5,0.8,euclidean,random,StandardScaler_per_sample_dimension
CC(F)(F)C(F)(F)F,11.235862,11.417735,False,48,5,0.8,euclidean,random,StandardScaler_per_sample_dimension
CCCOC(=O)C(C)NC(C)=O,5.9306355,17.509207,False,48,5,0.8,euclidean,random,StandardScaler_per_sample_dimension
CN1C2=C(C=CC=C2)C2=CC=CC=C21,18.86859,14.767599,False,48,5,0.8,euclidean,random,StandardScaler_per_sample_dimension
CN1C2=CC=CC=C2C2=CC=CC=C21,18.932318,14.840945,False,48,5,0.8,euclidean,random,StandardScaler_per_sample_dimension
*CC1=CC=C(COC2=CC=CC=C2)C=C1,11.597983,2.8311434,False,48,5,0.8,euclidean,random,StandardScaler_per_sample_dimension
CCC(F)C(F)CCF,-4.0259523,6.099432,False,48,5,0.8,euclidean,random,StandardScaler_per_sample_dimension
CCCC(F)C(F)CF,-4.0969763,6.092222,False,48,5,0.8,euclidean,random,StandardScaler_per_sample_dimension
CCCC(F)C(F)C(F)F,-6.0264506,5.14075,False,48,5,0.8,euclidean,random,StandardScaler_per_sample_dimension
CCC(F)C(F)CC(F)F,-5.940493,4.945849,False,48,5,0.8,euclidean,random,StandardScaler_per_sample_dimension
CCCC(F)CCF,14.237799,-2.867391,False,48,5,0.8,euclidean,random,StandardScaler_per_sample_dimension
CCCC(F)(F)C(F)CF,14.624789,-2.97284,False,48,5,0.8,euclidean,random,StandardScaler_per_sample_dimension
CC(F)C(F)C(F)(F)C(C)(F)F,17.532099,4.4017982,False,48,5,0.8,euclidean,random,StandardScaler_per_sample_dimension
CCC(F)C(F)(F)CCF,14.574219,-2.8817697,False,48,5,0.8,euclidean,random,StandardScaler_per_sample_dimension
CCC(F)CCCF,14.453987,-2.9063418,False,48,5,0.8,euclidean,random,StandardScaler_per_sample_dimension
CCCC(F)CC(F)F,14.6084,-1.4725231,False,48,5,0.8,euclidean,random,StandardScaler_per_sample_dimension
CCC(F)CCC(F)F,14.845439,-1.4554678,False,48,5,0.8,euclidean,random,StandardScaler_per_sample_dimension
CCC(F)C(F)(F)CC(F)F,14.781242,-1.4860691,False,48,5,0.8,euclidean,random,StandardScaler_per_sample_dimension
CCCC(F)(F)C(F)C(F)F,15.029272,-1.6474051,False,48,5,0.8,euclidean,random,StandardScaler_per_sample_dimension
CCCC(F)(F)CCF,14.60179,-1.5287436,False,48,5,0.8,euclidean,random,StandardScaler_per_sample_dimension
CC(F)CC(F)(F)C(C)(F)F,17.254366,9.512976,False,48,5,0.8,euclidean,random,StandardScaler_per_sample_dimension
CC(F)(F)CC(F)C(C)(F)F,17.324259,9.67516,False,48,5,0.8,euclidean,random,StandardScaler_per_sample_dimension
CC(F)(F)C(F)C(F)C(C)(F)F,17.506899,9.731098,False,48,5,0.8,euclidean,random,StandardScaler_per_sample_dimension
CC(F)C(F)(F)C(F)(F)C(C)(F)F,17.604977,9.6767845,False,48,5,0.8,euclidean,random,StandardScaler_per_sample_dimension
CC(F)(F)C(F)C(F)(F)C(C)(F)F,17.533936,9.741091,False,48,5,0.8,euclidean,random,StandardScaler_per_sample_dimension
CCC(C)CC(C)CNC,4.3896933,2.4660301,False,48,5,0.8,euclidean,random,StandardScaler_per_sample_dimension
CCCC(F)(F)CC(F)F,-6.2494426,8.451008,False,48,5,0.8,euclidean,random,StandardScaler_per_sample_dimension
CC(F)(F)CC(F)(F)C(C)(F)F,11.991944,13.162388,False,48,5,0.8,euclidean,random,StandardScaler_per_sample_dimension
CCOCCC(C)CC,-7.435811,17.503267,True,48,5,0.8,euclidean,random,StandardScaler_per_sample_dimension
COC1=CC=C(C(C)CC(C)C)C=C1,1.5948082,8.560893,False,48,5,0.8,euclidean,random,StandardScaler_per_sample_dimension
CCC(C)CCNC=O,3.2561007,1.4663688,False,48,5,0.8,euclidean,random,StandardScaler_per_sample_dimension
CCC1CC(C)CC(C)C1,1.838083,9.338484,False,48,5,0.8,euclidean,random,StandardScaler_per_sample_dimension
CCCCCCCCCCC(=O)NC,3.6827238,-2.546259,False,48,5,0.8,euclidean,random,StandardScaler_per_sample_dimension
CNC(=O)CCCCC(N)=O,13.168965,2.1757545,False,48,5,0.8,euclidean,random,StandardScaler_per_sample_dimension
CCCCCCCCCN(C)C,2.3111293,-1.5166728,False,48,5,0.8,euclidean,random,StandardScaler_per_sample_dimension
CCCCCCCNC(=O)CCC,3.369585,-4.6138377,False,48,5,0.8,euclidean,random,StandardScaler_per_sample_dimension
CC(F)(F)CCC(C)(F)F,12.347714,12.582545,False,48,5,0.8,euclidean,random,StandardScaler_per_sample_dimension
CNCCC(C)C(C)C,2.6132278,2.2342367,True,48,5,0.8,euclidean,random,StandardScaler_per_sample_dimension
*OC1=CC=C(CCCC)C=C1,0.2781724,11.40349,True,48,5,0.8,euclidean,random,StandardScaler_per_sample_dimension
*C1=CC(CC)=CC=C1,24.087057,6.014051,False,48,5,0.8,euclidean,random,StandardScaler_per_sample_dimension
*C1=CC=CC(CC)=C1,24.24679,6.0112076,False,48,5,0.8,euclidean,random,StandardScaler_per_sample_dimension
CCNCCCC=O,-0.40156662,5.036831,False,48,5,0.8,euclidean,random,StandardScaler_per_sample_dimension
NCNC1=CC=CC=C1,3.7497504,6.767345,True,48,5,0.8,euclidean,random,StandardScaler_per_sample_dimension
COC1=CC=C(CCC(C)C)C=C1,2.1855385,8.940111,False,48,5,0.8,euclidean,random,StandardScaler_per_sample_dimension
*CC(C)COCCCCCCCC,-5.4342165,4.295925,False,48,5,0.8,euclidean,random,StandardScaler_per_sample_dimension
CCCCCCC(=O)NCCCC,3.4042249,-3.8961937,False,48,5,0.8,euclidean,random,StandardScaler_per_sample_dimension
CCCCOC(C)C,-11.867303,-4.048455,True,48,5,0.8,euclidean,random,StandardScaler_per_sample_dimension
*OC1=CC=C(C(CC)C2=CC=CC=C2)C=C1,-0.08480333,11.57121,False,48,5,0.8,euclidean,random,StandardScaler_per_sample_dimension
CCOCCCC=O,-10.72051,-3.8159547,False,48,5,0.8,euclidean,random,StandardScaler_per_sample_dimension
*OC1=CC=C(C(C)(C)CC)C=C1,0.93502754,10.880163,False,48,5,0.8,euclidean,random,StandardScaler_per_sample_dimension
CN(C)C1=CC=C(CC2=CC=C(N)C=C2)C=C1,5.2762856,8.80508,False,48,5,0.8,euclidean,random,StandardScaler_per_sample_dimension
CCC1=CC=C(CO)C=C1,11.52822,3.7911007,False,48,5,0.8,euclidean,random,StandardScaler_per_sample_dimension
CC1=CC=C(CNC2=C(C)C=CC=C2)C=C1,19.112375,12.184365,True,48,5,0.8,euclidean,random,StandardScaler_per_sample_dimension
CC1=CC=C(CNC2=CC=CC=C2C)C=C1,19.214071,12.093724,False,48,5,0.8,euclidean,random,StandardScaler_per_sample_dimension
CC1=CC=C(C(=O)NC2=C(C)C=CC=C2)C=C1,19.123339,12.013124,False,48,5,0.8,euclidean,random,StandardScaler_per_sample_dimension
CC1=CC=C(C(=O)NC2=CC=CC=C2C)C=C1,19.17245,12.203603,False,48,5,0.8,euclidean,random,StandardScaler_per_sample_dimension
OCCOC1=CC=C(CC2=CC=CC=C2)C=C1,2.8571606,7.423911,True,48,5,0.8,euclidean,random,StandardScaler_per_sample_dimension
NC1=CC=C(SC2=CC=CC=C2)C=C1,10.986188,6.60457,True,48,5,0.8,euclidean,random,StandardScaler_per_sample_dimension
CCCOCC(O)CO,9.361233,7.2752476,False,48,5,0.8,euclidean,random,StandardScaler_per_sample_dimension
*C1=CC=C(CNC2=C(C)C=CC=C2)C=C1,19.24787,11.867591,True,48,5,0.8,euclidean,random,StandardScaler_per_sample_dimension
*C1=CC=C(CNC2=CC=CC=C2C)C=C1,19.2348,11.915438,False,48,5,0.8,euclidean,random,StandardScaler_per_sample_dimension
*C1=CC=C(C(=O)NC2=CC=CC=C2C)C=C1,19.108017,11.668542,False,48,5,0.8,euclidean,random,StandardScaler_per_sample_dimension
NC(=O)CCCCC(N)=O,11.314213,0.48967394,False,48,5,0.8,euclidean,random,StandardScaler_per_sample_dimension
COC(C)COC=O,-1.6938007,2.2809587,False,48,5,0.8,euclidean,random,StandardScaler_per_sample_dimension
O=C(O)C1=CC(O)=CC=C1,12.772333,-5.1001396,False,48,5,0.8,euclidean,random,StandardScaler_per_sample_dimension
O=C(O)C1=CC=CC(O)=C1,12.804079,-5.068127,False,48,5,0.8,euclidean,random,StandardScaler_per_sample_dimension
COC(=O)C1=CC=C(C(=O)O)C=C1,0.02233446,0.7020556,False,48,5,0.8,euclidean,random,StandardScaler_per_sample_dimension
COCCOCCOC(C)=O,11.598585,8.063299,True,48,5,0.8,euclidean,random,StandardScaler_per_sample_dimension
CC1=C(C=O)C=C(CO)C=C1,20.924824,10.587967,False,48,5,0.8,euclidean,random,StandardScaler_per_sample_dimension
CC1=CC=C(CO)C=C1C=O,20.855131,10.588931,False,48,5,0.8,euclidean,random,StandardScaler_per_sample_dimension
COC(=O)C1=CC(O)=CC=C1,12.6556835,-4.973847,False,48,5,0.8,euclidean,random,StandardScaler_per_sample_dimension
COC(=O)C1=CC=CC(O)=C1,12.609163,-4.917747,False,48,5,0.8,euclidean,random,StandardScaler_per_sample_dimension
CC1=C(C=O)C=CC(C(=O)O)=C1,2.3100843,25.705395,False,48,5,0.8,euclidean,random,StandardScaler_per_sample_dimension
CC1=CC(C(=O)O)=CC=C1C=O,2.2387698,25.700686,False,48,5,0.8,euclidean,random,StandardScaler_per_sample_dimension
N=NC1=CC=C(NCCO)C=C1,-4.512645,9.898728,False,48,5,0.8,euclidean,random,StandardScaler_per_sample_dimension
CC1=CC=C(COC2=CC=C(O)C=C2)C=C1,2.0657434,11.329694,False,48,5,0.8,euclidean,random,StandardScaler_per_sample_dimension
CC1=CC=C(OCC2=CC(C)=CC=C2)C=C1,27.597387,4.53875,False,48,5,0.8,euclidean,random,StandardScaler_per_sample_dimension
CC1=CC=C(OCC2=CC=CC(C)=C2)C=C1,27.799149,4.3296695,True,48,5,0.8,euclidean,random,StandardScaler_per_sample_dimension
CC1=CC=C(OC(=O)C2=CC(C)=CC=C2)C=C1,27.748913,4.4240413,False,48,5,0.8,euclidean,random,StandardScaler_per_sample_dimension
CC1=CC=C(OC(=O)C2=CC=CC(C)=C2)C=C1,27.627382,4.5146613,False,48,5,0.8,euclidean,random,StandardScaler_per_sample_dimension
CCCNC(C)C(=O)OCCC,4.962565,16.408,False,48,5,0.8,euclidean,random,StandardScaler_per_sample_dimension
CCCOCC(C)NC(=O)CC,5.875682,17.19469,False,48,5,0.8,euclidean,random,StandardScaler_per_sample_dimension
CCCOC(=O)CNC(=O)CC,6.048941,17.000683,True,48,5,0.8,euclidean,random,StandardScaler_per_sample_dimension
CC1=CC=C(CNC2=CC(C=O)=CC=C2)C=C1,22.764256,-0.33006752,True,48,5,0.8,euclidean,random,StandardScaler_per_sample_dimension
CC1=CC=C(CNC2=CC=CC(C=O)=C2)C=C1,22.881365,-0.5036653,False,48,5,0.8,euclidean,random,StandardScaler_per_sample_dimension
*CC(O)CCOC,-0.021915417,3.539608,False,48,5,0.8,euclidean,random,StandardScaler_per_sample_dimension
O=C(O)C1=CC=C(C(=O)O)C=C1,0.46566176,1.6547575,False,48,5,0.8,euclidean,random,StandardScaler_per_sample_dimension
CCC(F)C(F)C(F)CF,-3.5664196,5.249279,False,48,5,0.8,euclidean,random,StandardScaler_per_sample_dimension
CCC(F)C(F)C(F)C(F)F,-3.926131,5.8242393,False,48,5,0.8,euclidean,random,StandardScaler_per_sample_dimension
CCC(F)CC(F)CF,-3.9615965,5.9619036,False,48,5,0.8,euclidean,random,StandardScaler_per_sample_dimension
CCC(F)(F)C(F)C(F)CF,-4.0691714,6.0750937,False,48,5,0.8,euclidean,random,StandardScaler_per_sample_dimension
CCC(F)C(F)(F)C(F)CF,-4.125496,5.75783,False,48,5,0.8,euclidean,random,StandardScaler_per_sample_dimension
CCC(F)C(F)C(F)(F)CF,-4.2673626,6.0358815,False,48,5,0.8,euclidean,random,StandardScaler_per_sample_dimension
CCC(F)CC(F)C(F)F,-6.138928,5.1804905,False,48,5,0.8,euclidean,random,StandardScaler_per_sample_dimension
CCC(F)C(F)(F)C(F)C(F)F,-6.273893,4.937858,False,48,5,0.8,euclidean,random,StandardScaler_per_sample_dimension
CCC(F)(F)CC(F)CF,14.458874,-3.0068479,False,48,5,0.8,euclidean,random,StandardScaler_per_sample_dimension
CCC(F)(F)C(F)CCF,14.5173645,-3.2014105,False,48,5,0.8,euclidean,random,StandardScaler_per_sample_dimension
CCC(F)CC(F)(F)CF,14.376286,-3.250382,False,48,5,0.8,euclidean,random,StandardScaler_per_sample_dimension
CCCC(F)C(F)(F)CF,14.661995,-3.184835,False,48,5,0.8,euclidean,random,StandardScaler_per_sample_dimension
CCC(F)(F)C(F)C(F)(F)CF,14.645493,-3.1868324,False,48,5,0.8,euclidean,random,StandardScaler_per_sample_dimension
CCC(F)(F)CCCF,14.653459,-2.0047305,False,48,5,0.8,euclidean,random,StandardScaler_per_sample_dimension
CCC(F)(F)CC(F)(F)CF,14.615884,-1.9611621,False,48,5,0.8,euclidean,random,StandardScaler_per_sample_dimension
CCCCC(F)(F)C(F)F,-6.085169,8.374099,False,48,5,0.8,euclidean,random,StandardScaler_per_sample_dimension
CCC1CCCCC1C,2.4505482,10.203236,False,48,5,0.8,euclidean,random,StandardScaler_per_sample_dimension
CCC(CN)CC(C)C,3.9981813,2.5328803,False,48,5,0.8,euclidean,random,StandardScaler_per_sample_dimension
CCCCCN(C)CCC,1.9114085,-0.5232796,True,48,5,0.8,euclidean,random,StandardScaler_per_sample_dimension
CCCCCOCCCCC,2.138204,6.3284264,False,48,5,0.8,euclidean,random,StandardScaler_per_sample_dimension
CCCOC(=O)OC,-1.8010168,0.54959977,False,48,5,0.8,euclidean,random,StandardScaler_per_sample_dimension
CC(F)(F)C(F)(F)C(F)(F)C(C)(F)F,12.451569,12.3227825,False,48,5,0.8,euclidean,random,StandardScaler_per_sample_dimension
CCOCC(F)F,-2.6623316,-1.4859433,False,48,5,0.8,euclidean,random,StandardScaler_per_sample_dimension
*C(CC)CCCC,7.397289,8.553109,False,48,5,0.8,euclidean,random,StandardScaler_per_sample_dimension
CNCC(N)=O,3.3131769,4.5197372,False,48,5,0.8,euclidean,random,StandardScaler_per_sample_dimension
CCCCCCCCOC(=O)C(C)C,-5.3118777,4.1198177,False,48,5,0.8,euclidean,random,StandardScaler_per_sample_dimension
CCC(CC)C(=O)O,6.581705,4.6960773,False,48,5,0.8,euclidean,random,StandardScaler_per_sample_dimension
C=CC1=CC=C(NC)C=C1,-0.06484993,15.691943,False,48,5,0.8,euclidean,random,StandardScaler_per_sample_dimension
OCCCCF,-4.841709,10.6036,False,48,5,0.8,euclidean,random,StandardScaler_per_sample_dimension
CCCCCCCCCCCCOCC,2.6097534,0.3287957,False,48,5,0.8,euclidean,random,StandardScaler_per_sample_dimension
CC1=CC(C)=CC(C=O)=C1,5.7639403,-9.380082,True,48,5,0.8,euclidean,random,StandardScaler_per_sample_dimension
CC1=CC(C=O)=CC(C)=C1,5.7365246,-9.467299,False,48,5,0.8,euclidean,random,StandardScaler_per_sample_dimension
*N=[PH](*)O,5.488613,-13.238656,False,48,5,0.8,euclidean,random,StandardScaler_per_sample_dimension
*N=[PH](*)OC,5.299006,-13.397906,False,48,5,0.8,euclidean,random,StandardScaler_per_sample_dimension
CCCCCOCCO,10.374298,8.811207,False,48,5,0.8,euclidean,random,StandardScaler_per_sample_dimension
CCCCCCOC1=CC(C)=CC=C1,24.338797,10.417287,True,48,5,0.8,euclidean,random,StandardScaler_per_sample_dimension
CCCCCCOC1=CC=CC(C)=C1,24.306725,10.368425,False,48,5,0.8,euclidean,random,StandardScaler_per_sample_dimension
*OPO,19.141598,-2.3145978,False,48,5,0.8,euclidean,random,StandardScaler_per_sample_dimension
*OPOC,19.006111,-2.544552,False,48,5,0.8,euclidean,random,StandardScaler_per_sample_dimension
*O[PH](=O)O,19.080877,-2.4908924,True,48,5,0.8,euclidean,random,StandardScaler_per_sample_dimension
*O[PH](=O)OC,19.119663,-2.6746845,False,48,5,0.8,euclidean,random,StandardScaler_per_sample_dimension
*C1CCC(C)C1,7.349969,9.351568,False,48,5,0.8,euclidean,random,StandardScaler_per_sample_dimension
C=CCO,4.469799,8.546262,False,48,5,0.8,euclidean,random,StandardScaler_per_sample_dimension
*C(C)C(C)C(C)C,7.700066,7.1467137,False,48,5,0.8,euclidean,random,StandardScaler_per_sample_dimension
CC(CCO)OC=O,-1.4475272,3.693462,False,48,5,0.8,euclidean,random,StandardScaler_per_sample_dimension
CC1=C(CNC=O)C=CC=C1,-14.473254,-6.1329665,False,48,5,0.8,euclidean,random,StandardScaler_per_sample_dimension
CC1=CC=CC=C1CNC=O,-14.504165,-6.077948,False,48,5,0.8,euclidean,random,StandardScaler_per_sample_dimension
CCOC(=O)C1=CC(C)=CC=C1,-1.7217233,-7.4745584,False,48,5,0.8,euclidean,random,StandardScaler_per_sample_dimension
CCOC(=O)C1=CC=CC(C)=C1,-1.8521639,-7.39603,False,48,5,0.8,euclidean,random,StandardScaler_per_sample_dimension
C1=CC=C(C2=CC=CC=N2)C=C1,-8.805292,-15.431848,True,48,5,0.8,euclidean,random,StandardScaler_per_sample_dimension
C1=CC=C(C2=NC=CC=C2)C=C1,-8.772892,-15.420585,False,48,5,0.8,euclidean,random,StandardScaler_per_sample_dimension
COC1=CC(C(=O)O)=CC=C1,10.552581,24.456142,False,48,5,0.8,euclidean,random,StandardScaler_per_sample_dimension
COC1=CC=CC(C(=O)O)=C1,10.586717,24.534458,True,48,5,0.8,euclidean,random,StandardScaler_per_sample_dimension
*CCCCOCCC,6.626595,1.8184589,False,48,5,0.8,euclidean,random,StandardScaler_per_sample_dimension
O=CC1=C(C=O)C=C(CO)C=C1,20.851616,10.494766,False,48,5,0.8,euclidean,random,StandardScaler_per_sample_dimension
O=CC1=CC=C(CO)C=C1C=O,20.86824,10.544795,True,48,5,0.8,euclidean,random,StandardScaler_per_sample_dimension
NCC1=CC=C(CO)C=C1,31.768465,8.446583,False,48,5,0.8,euclidean,random,StandardScaler_per_sample_dimension
NC(=O)C1=CC=C(CO)C=C1,31.605675,8.283082,False,48,5,0.8,euclidean,random,StandardScaler_per_sample_dimension
COCC1=CC(C)=C(C=O)C=C1,-6.905263,26.017487,False,48,5,0.8,euclidean,random,StandardScaler_per_sample_dimension
COCC1=CC=C(C=O)C(C)=C1,-6.9923425,25.997002,False,48,5,0.8,euclidean,random,StandardScaler_per_sample_dimension
CCOCCNCCCC1=CC=CC=C1,1.0357331,26.788452,False,48,5,0.8,euclidean,random,StandardScaler_per_sample_dimension
CC1=CC=C(C(=O)OC2=CC=C(O)C=C2)C=C1,2.1468384,11.35864,False,48,5,0.8,euclidean,random,StandardScaler_per_sample_dimension
*CC(C)CCO,8.205775,2.5133843,False,48,5,0.8,euclidean,random,StandardScaler_per_sample_dimension
COC(=O)C1=CC(OC)=CC=C1,10.48929,24.477753,False,48,5,0.8,euclidean,random,StandardScaler_per_sample_dimension
COC(=O)C1=CC=CC(OC)=C1,10.446281,24.432781,False,48,5,0.8,euclidean,random,StandardScaler_per_sample_dimension
CCCOCC(CC)NC=O,4.897876,17.505459,False,48,5,0.8,euclidean,random,StandardScaler_per_sample_dimension
CCCOC(=O)C(C)NC(=O)CC,5.9448724,17.092628,False,48,5,0.8,euclidean,random,StandardScaler_per_sample_dimension
*OP,-1.5487368,11.640691,False,48,5,0.8,euclidean,random,StandardScaler_per_sample_dimension
*OP=O,-1.9490004,11.809058,False,48,5,0.8,euclidean,random,StandardScaler_per_sample_dimension
*C(=O)NC1=CC=C(O)C=C1,-2.8776915,13.805948,False,48,5,0.8,euclidean,random,StandardScaler_per_sample_dimension
*C(=O)NC1=CC=C(OC2=CC=CC=C2)C=C1,-2.9049203,13.833675,False,48,5,0.8,euclidean,random,StandardScaler_per_sample_dimension
CCC(F)C(F)C(F)(F)C(F)F,-6.2852573,5.1245656,False,48,5,0.8,euclidean,random,StandardScaler_per_sample_dimension
CCC(F)(F)C(F)C(F)C(F)F,-6.182477,5.2303467,False,48,5,0.8,euclidean,random,StandardScaler_per_sample_dimension
CCC(F)(F)C(F)(F)C(F)CF,14.870148,-3.409487,False,48,5,0.8,euclidean,random,StandardScaler_per_sample_dimension
CCCC(F)C(F)(F)C(F)F,15.02972,-1.6177597,False,48,5,0.8,euclidean,random,StandardScaler_per_sample_dimension
CCC(F)(F)C(F)CC(F)F,15.05486,-1.4943268,False,48,5,0.8,euclidean,random,StandardScaler_per_sample_dimension
CCC(F)(F)CC(F)C(F)F,15.251083,-1.3436357,False,48,5,0.8,euclidean,random,StandardScaler_per_sample_dimension
CCC(F)CC(F)(F)C(F)F,15.076107,-1.3680224,False,48,5,0.8,euclidean,random,StandardScaler_per_sample_dimension
CCC(F)(F)C(F)(F)C(F)C(F)F,15.234633,-1.4676019,False,48,5,0.8,euclidean,random,StandardScaler_per_sample_dimension
CCC(F)(F)C(F)C(F)(F)C(F)F,15.327414,-1.596993,False,48,5,0.8,euclidean,random,StandardScaler_per_sample_dimension
CCC(F)(F)C(F)(F)CCF,14.499102,-1.7706965,False,48,5,0.8,euclidean,random,StandardScaler_per_sample_dimension
CCC(F)(F)C(F)(F)CC(F)F,-6.4338465,8.475118,False,48,5,0.8,euclidean,random,StandardScaler_per_sample_dimension
CCC(F)(F)CCC(F)F,-6.235231,8.4188175,False,48,5,0.8,euclidean,random,StandardScaler_per_sample_dimension
CCC(F)(F)CC(F)(F)C(F)F,-6.2891665,8.359804,False,48,5,0.8,euclidean,random,StandardScaler_per_sample_dimension
CCCC(C)CCNC=O,3.359683,1.1568956,False,48,5,0.8,euclidean,random,StandardScaler_per_sample_dimension
C/C=C(\C)CCC,-8.315354,1.706652,False,48,5,0.8,euclidean,random,StandardScaler_per_sample_dimension
COC1=C(C)C=C(C(C)C2=CC=CC=C2)C=C1,6.9809885,26.142181,False,48,5,0.8,euclidean,random,StandardScaler_per_sample_dimension
COC1=CC=C(C(C)C2=CC=CC=C2)C=C1C,7.042549,26.167295,False,48,5,0.8,euclidean,random,StandardScaler_per_sample_dimension
C=C(C)CCC,-8.103933,1.6362317,False,48,5,0.8,euclidean,random,StandardScaler_per_sample_dimension
CCCCCCCNCCCCC,3.2421875,-4.7197237,True,48,5,0.8,euclidean,random,StandardScaler_per_sample_dimension
CCCC(C)NC,13.079402,-2.731123,True,48,5,0.8,euclidean,random,StandardScaler_per_sample_dimension
CCC(CO)OC,-2.7516465,3.31996,False,48,5,0.8,euclidean,random,StandardScaler_per_sample_dimension
C=CC(C)CCC,8.249698,9.609358,False,48,5,0.8,euclidean,random,StandardScaler_per_sample_dimension
C=CCC(C)C,5.1496344,8.636339,False,48,5,0.8,euclidean,random,StandardScaler_per_sample_dimension
CCCCCCCCCNC1=CC=CC=C1,-6.130005,15.282743,True,48,5,0.8,euclidean,random,StandardScaler_per_sample_dimension
C/C=C/C1=CC=C(NC)C=C1,-0.22142999,15.499866,True,48,5,0.8,euclidean,random,StandardScaler_per_sample_dimension
C/C=C\C1=CC=C(NC)C=C1,0.016501823,15.6481695,False,48,5,0.8,euclidean,random,StandardScaler_per_sample_dimension
CC=CC1=CC=C(NC)C=C1,-0.0008315538,15.766698,False,48,5,0.8,euclidean,random,StandardScaler_per_sample_dimension
CC(C)C(C)CO,7.3735867,3.8363397,False,48,5,0.8,euclidean,random,StandardScaler_per_sample_dimension
CC1=C(O)C=CC(C(C)(C)C)=C1,-8.156144,-11.598422,False,48,5,0.8,euclidean,random,StandardScaler_per_sample_dimension
CC1=CC(C(C)(C)C)=CC=C1O,-8.193744,-11.588298,False,48,5,0.8,euclidean,random,StandardScaler_per_sample_dimension
CCN(C)C1=CC=C(C=O)C=C1,6.472178,10.271979,False,48,5,0.8,euclidean,random,StandardScaler_per_sample_dimension
O=CNC1=CC=C(NC=O)C=C1,-2.7654274,9.210166,True,48,5,0.8,euclidean,random,StandardScaler_per_sample_dimension
*N=[PH](O)OC,4.074073,-12.455371,False,48,5,0.8,euclidean,random,StandardScaler_per_sample_dimension
CC1=CC=C(C(C)C2=CC=C(C)C=C2)C=C1,6.609198,11.856031,False,48,5,0.8,euclidean,random,StandardScaler_per_sample_dimension
COCCCC(=O)OC,11.39812,1.9987781,False,48,5,0.8,euclidean,random,StandardScaler_per_sample_dimension
CCCCCCNC(=O)C1=CC(C)=CC=C1,-9.391493,-3.4262478,False,48,5,0.8,euclidean,random,StandardScaler_per_sample_dimension
CCCCCCNC(=O)C1=CC=CC(C)=C1,-9.43269,-3.3675838,False,48,5,0.8,euclidean,random,StandardScaler_per_sample_dimension
C=NC1=CC=CC=C1,13.358476,-5.7839127,True,48,5,0.8,euclidean,random,StandardScaler_per_sample_dimension
C1=CC=C(C2=CC=NC=C2)C=C1,-8.7813015,-15.429325,True,48,5,0.8,euclidean,random,StandardScaler_per_sample_dimension
CCC(=O)OCCCO,-0.067580074,2.5179245,False,48,5,0.8,euclidean,random,StandardScaler_per_sample_dimension
COCC(C)CC(=O)O,8.313883,3.7558706,False,48,5,0.8,euclidean,random,StandardScaler_per_sample_dimension
CC1=CC(C)=CC(NC=O)=C1,-7.2971067,6.8372087,True,48,5,0.8,euclidean,random,StandardScaler_per_sample_dimension
CC1=CC(NC=O)=CC(C)=C1,-7.2743444,6.6992755,False,48,5,0.8,euclidean,random,StandardScaler_per_sample_dimension
CC(=O)NC1=CC(C)=CC(C)=C1,-7.2230673,6.7153583,False,48,5,0.8,euclidean,random,StandardScaler_per_sample_dimension
OCCCC(F)F,11.404305,14.806745,False,48,5,0.8,euclidean,random,StandardScaler_per_sample_dimension
CC(C)COC1=CC=CC=C1,1.2113953,6.731617,False,48,5,0.8,euclidean,random,StandardScaler_per_sample_dimension
CCCCOC(N)=O,14.450645,-10.869751,True,48,5,0.8,euclidean,random,StandardScaler_per_sample_dimension
*C(C=O)CCO,10.03315,2.8719618,False,48,5,0.8,euclidean,random,StandardScaler_per_sample_dimension
CC1=C(CN)C=CC(CO)=C1,31.733498,8.408914,False,48,5,0.8,euclidean,random,StandardScaler_per_sample_dimension
CC1=CC(CO)=CC=C1CN,31.663895,8.339048,False,48,5,0.8,euclidean,random,StandardScaler_per_sample_dimension
CC1=C(C(N)=O)C=CC(CO)=C1,31.74824,8.424048,False,48,5,0.8,euclidean,random,StandardScaler_per_sample_dimension
CC1=CC(CO)=CC=C1C(N)=O,31.836851,8.513604,False,48,5,0.8,euclidean,random,StandardScaler_per_sample_dimension
NCC1=C(C=O)C=C(CO)C=C1,31.845503,8.519998,False,48,5,0.8,euclidean,random,StandardScaler_per_sample_dimension
NCC1=CC=C(CO)C=C1C=O,31.915323,8.591769,False,48,5,0.8,euclidean,random,StandardScaler_per_sample_dimension
NC(=O)C1=C(C=O)C=C(CO)C=C1,31.810236,8.486109,False,48,5,0.8,euclidean,random,StandardScaler_per_sample_dimension
NC(=O)C1=CC=C(CO)C=C1C=O,31.923151,8.59946,False,48,5,0.8,euclidean,random,StandardScaler_per_sample_dimension
COC(=O)C1=CC(C)=C(C=O)C=C1,-6.724567,26.128286,False,48,5,0.8,euclidean,random,StandardScaler_per_sample_dimension
COC(=O)C1=CC=C(C=O)C(C)=C1,-6.7300396,26.067188,False,48,5,0.8,euclidean,random,StandardScaler_per_sample_dimension
*C(=O)OCC,4.7145305,7.3287535,False,48,5,0.8,euclidean,random,StandardScaler_per_sample_dimension
CN(C)C1=CC=C(C=O)C=C1,5.7016253,9.654858,True,48,5,0.8,euclidean,random,StandardScaler_per_sample_dimension
*CCCCCNC=O,3.243777,6.8379183,False,48,5,0.8,euclidean,random,StandardScaler_per_sample_dimension
CCNCC1=CC=C(CC2=CC=CC=C2)C=C1,7.102293,13.717602,False,48,5,0.8,euclidean,random,StandardScaler_per_sample_dimension
CCCCCOC1=CC=C(CO)C=C1,10.323666,-7.3541446,False,48,5,0.8,euclidean,random,StandardScaler_per_sample_dimension
CCCCCOC1=CC=C(COC)C=C1,10.35841,-7.5414343,False,48,5,0.8,euclidean,random,StandardScaler_per_sample_dimension
*N=[PH](O)O,-4.175102,12.766611,False,48,5,0.8,euclidean,random,StandardScaler_per_sample_dimension
*N=[PH](OC)OC,-4.173803,12.798001,False,48,5,0.8,euclidean,random,StandardScaler_per_sample_dimension
*CCOCC1=CC=CC=C1,-12.903659,5.76864,True,48,5,0.8,euclidean,random,StandardScaler_per_sample_dimension
CC1=CC=C(C(C)(C)C2=CC=C(C)C=C2)C=C1,6.184089,11.375396,False,48,5,0.8,euclidean,random,StandardScaler_per_sample_dimension
CCC(F)C(F)(F)C(F)(F)CF,14.70929,-3.2446587,False,48,5,0.8,euclidean,random,StandardScaler_per_sample_dimension
CCCCCC(C)C(C)CC,1.5934979,11.138558,False,48,5,0.8,euclidean,random,StandardScaler_per_sample_dimension
CCC(F)C(F)(F)C(F)(F)C(F)F,15.071719,-1.6532084,False,48,5,0.8,euclidean,random,StandardScaler_per_sample_dimension
CCCCCCC(C)CCCCC,1.8231895,11.3649235,False,48,5,0.8,euclidean,random,StandardScaler_per_sample_dimension
CCCC(F)(F)C(F)(F)CF,14.702011,-2.00044,False,48,5,0.8,euclidean,random,StandardScaler_per_sample_dimension
CCC(F)(F)C(F)(F)C(F)(F)CF,14.510059,-2.1358004,False,48,5,0.8,euclidean,random,StandardScaler_per_sample_dimension
CCCC(F)(F)C(F)(F)C(F)F,-6.250544,8.484519,False,48,5,0.8,euclidean,random,StandardScaler_per_sample_dimension
CCCCC(CC)CNC,4.1917825,3.0664685,False,48,5,0.8,euclidean,random,StandardScaler_per_sample_dimension
CCC(CNC)CC(C)C,4.15181,2.6604118,False,48,5,0.8,euclidean,random,StandardScaler_per_sample_dimension
CC1=CC=CC(OC2=CC=C(C(C)C)C=C2)=C1,4.5226526,11.347792,False,48,5,0.8,euclidean,random,StandardScaler_per_sample_dimension
CCCCCCCOC(=O)CCC,3.2922573,5.5074997,True,48,5,0.8,euclidean,random,StandardScaler_per_sample_dimension
CCCC(=O)N(C)CCC,2.065824,-0.14031751,False,48,5,0.8,euclidean,random,StandardScaler_per_sample_dimension
CCCCCOCOC,-1.9490801,0.34781858,False,48,5,0.8,euclidean,random,StandardScaler_per_sample_dimension
CCCCCOC(=O)O,-1.9513048,0.29850033,False,48,5,0.8,euclidean,random,StandardScaler_per_sample_dimension
CC1=C(C)C=C(C)C(C)=C1,2.3177214,18.86047,True,48,5,0.8,euclidean,random,StandardScaler_per_sample_dimension
CCC1=CC=C2CN(CC)CC2=C1,7.6978955,13.625174,False,48,5,0.8,euclidean,random,StandardScaler_per_sample_dimension
CCC1=CC=C2CN(CC)C(=O)C2=C1,7.4929633,13.668459,True,48,5,0.8,euclidean,random,StandardScaler_per_sample_dimension
CC(F)CCO,-5.1987514,10.579499,False,48,5,0.8,euclidean,random,StandardScaler_per_sample_dimension
CNCC1=CC=CC=C1C1=CC=CC=C1,-13.291705,-6.0657024,False,48,5,0.8,euclidean,random,StandardScaler_per_sample_dimension
CNC(=O)C1=CC=CC=C1C1=CC=CC=C1,-13.288366,-6.071287,False,48,5,0.8,euclidean,random,StandardScaler_per_sample_dimension
C/N=C/C1=CC=CC=C1,13.196874,-5.8862896,False,48,5,0.8,euclidean,random,StandardScaler_per_sample_dimension
CCOCCCC(=O)O,-10.7123995,-3.8659394,False,48,5,0.8,euclidean,random,StandardScaler_per_sample_dimension
CC(C)(C)C1=CC=C(C=O)C=C1,6.64145,11.978546,False,48,5,0.8,euclidean,random,StandardScaler_per_sample_dimension
CC1=C(OC2=CC=C(N)C=C2)C=CC=C1,4.482504,9.103889,True,48,5,0.8,euclidean,random,StandardScaler_per_sample_dimension
CC1=CC=CC=C1OC1=CC=C(N)C=C1,4.758622,8.826728,False,48,5,0.8,euclidean,random,StandardScaler_per_sample_dimension
CC(C)(C)C1=CC(CN)=CC=C1,5.124805,-9.394633,False,48,5,0.8,euclidean,random,StandardScaler_per_sample_dimension
CC(C)(C)C1=CC=CC(CN)=C1,5.1848006,-9.492273,False,48,5,0.8,euclidean,random,StandardScaler_per_sample_dimension
O=CC1=C(OC2=CC=CC=C2)C=CC=C1,-5.9387074,-0.4607803,True,48,5,0.8,euclidean,random,StandardScaler_per_sample_dimension
O=CC1=CC=CC=C1OC1=CC=CC=C1,-5.9716167,-0.7079786,False,48,5,0.8,euclidean,random,StandardScaler_per_sample_dimension
NCC1=CC=CC=C1C1=CC=CC=C1,-13.3304405,-6.2208304,False,48,5,0.8,euclidean,random,StandardScaler_per_sample_dimension
NC(=O)C1=CC=CC=C1C1=CC=CC=C1,-13.52879,-6.1532497,False,48,5,0.8,euclidean,random,StandardScaler_per_sample_dimension
CCCCNCC1=C(C)C=C(C)C=C1,7.9281387,-10.176674,True,48,5,0.8,euclidean,random,StandardScaler_per_sample_dimension
CCCCNCC1=C(C)C=CC(C)=C1,8.213892,-10.28886,False,48,5,0.8,euclidean,random,StandardScaler_per_sample_dimension
CCCCNCC1=CC(C)=CC=C1C,8.228898,-10.426122,False,48,5,0.8,euclidean,random,StandardScaler_per_sample_dimension
CCCCNCC1=CC=C(C)C=C1C,8.187242,-10.304358,False,48,5,0.8,euclidean,random,StandardScaler_per_sample_dimension
*CCCCCC(=O)O,2.7906744,6.0812883,False,48,5,0.8,euclidean,random,StandardScaler_per_sample_dimension
*C(C=O)C(C)C,9.071684,4.6716657,False,48,5,0.8,euclidean,random,StandardScaler_per_sample_dimension
*OC(=O)CCCCC,1.7499684,3.257247,True,48,5,0.8,euclidean,random,StandardScaler_per_sample_dimension
CCN(CCOC)C1=CC=C(N)C=C1,-4.0784917,10.006649,False,48,5,0.8,euclidean,random,StandardScaler_per_sample_dimension
*CCCOCCCCCCCCC,4.2603207,14.587856,True,48,5,0.8,euclidean,random,StandardScaler_per_sample_dimension
NCCCO,4.6315618,8.710392,False,48,5,0.8,euclidean,random,StandardScaler_per_sample_dimension
CC1=C(C=O)C=C(C(=O)O)C=C1,-1.9188284,17.90263,False,48,5,0.8,euclidean,random,StandardScaler_per_sample_dimension
CC1=CC=C(C(=O)O)C=C1C=O,-1.9340624,17.974203,False,48,5,0.8,euclidean,random,StandardScaler_per_sample_dimension
CCOC(=O)CNCCCC1=CC=CC=C1,1.0546672,27.092976,True,48,5,0.8,euclidean,random,StandardScaler_per_sample_dimension
CCOCC(C)NCCCC1=CC=CC=C1,1.0328755,27.058071,False,48,5,0.8,euclidean,random,StandardScaler_per_sample_dimension
CCOCCNC(=O)CCC1=CC=CC=C1,1.1048212,26.837557,False,48,5,0.8,euclidean,random,StandardScaler_per_sample_dimension
CCOCCNCCCC1=CC=C(O)C=C1,1.3053751,26.953516,False,48,5,0.8,euclidean,random,StandardScaler_per_sample_dimension
CCOC(=O)C(C)NCCCC1=CC=CC=C1,1.0653154,26.988966,False,48,5,0.8,euclidean,random,StandardScaler_per_sample_dimension
CCOC(=O)CNC(=O)CCC1=CC=CC=C1,1.0137997,26.954466,False,48,5,0.8,euclidean,random,StandardScaler_per_sample_dimension
CCOC(=O)CNCCCC1=CC=C(O)C=C1,1.2476037,26.95681,False,48,5,0.8,euclidean,random,StandardScaler_per_sample_dimension
CCOCC(C)NC(=O)CCC1=CC=CC=C1,1.222053,26.975845,False,48,5,0.8,euclidean,random,StandardScaler_per_sample_dimension
CCOCC(C)NCCCC1=CC=C(O)C=C1,1.1002308,26.79997,False,48,5,0.8,euclidean,random,StandardScaler_per_sample_dimension
CCOCCNC(=O)CCC1=CC=C(O)C=C1,0.9269525,27.02805,False,48,5,0.8,euclidean,random,StandardScaler_per_sample_dimension
CCOCCNCCCC1=CC=C(OC)C=C1,1.1155831,26.858126,False,48,5,0.8,euclidean,random,StandardScaler_per_sample_dimension
*CC(C)CCOC,8.164162,2.391641,False,48,5,0.8,euclidean,random,StandardScaler_per_sample_dimension
CCCCCCOC1=CC=C(N)C=C1,4.8598475,9.560874,True,48,5,0.8,euclidean,random,StandardScaler_per_sample_dimension
CCCOC(=O)C(N)CC,4.8474545,17.453665,True,48,5,0.8,euclidean,random,StandardScaler_per_sample_dimension
CCCOC(=O)C(CC)NC,4.7102323,17.646702,False,48,5,0.8,euclidean,random,StandardScaler_per_sample_dimension
CCCOC(=O)C(CC)NC=O,4.786634,17.345863,False,48,5,0.8,euclidean,random,StandardScaler_per_sample_dimension
*CCC(O)CC,9.053109,7.6302834,False,48,5,0.8,euclidean,random,StandardScaler_per_sample_dimension
CCCCOCCNCCC,21.99566,8.875097,False,48,5,0.8,euclidean,random,StandardScaler_per_sample_dimension
CCCCCOC1=CC=C(C(=O)O)C=C1,10.476627,-7.452376,False,48,5,0.8,euclidean,random,StandardScaler_per_sample_dimension
CCN1C2=C(C=CC=C2)C2=CC=CC=C21,18.983624,14.860747,False,48,5,0.8,euclidean,random,StandardScaler_per_sample_dimension
CCN1C2=CC=CC=C2C2=CC=CC=C21,18.886467,14.668025,False,48,5,0.8,euclidean,random,StandardScaler_per_sample_dimension
CCCCCOC1=CC=C(C(=O)OC)C=C1,10.34837,-7.405738,True,48,5,0.8,euclidean,random,StandardScaler_per_sample_dimension
CC(=O)OC1=CC=C(C=O)C=C1,3.5063348,8.298812,False,48,5,0.8,euclidean,random,StandardScaler_per_sample_dimension
*C(CO)CC=O,9.679355,2.747837,False,48,5,0.8,euclidean,random,StandardScaler_per_sample_dimension
*C(C=O)CC(=O)O,9.767093,2.8522973,False,48,5,0.8,euclidean,random,StandardScaler_per_sample_dimension
*C(CC=O)C(=O)O,9.894894,2.6305854,False,48,5,0.8,euclidean,random,StandardScaler_per_sample_dimension
N=NC1=CC=C([N+](=O)[O-])C=C1,-4.8214936,9.226025,True,48,5,0.8,euclidean,random,StandardScaler_per_sample_dimension
*C1=CC=C(SC)C=C1,17.849594,16.958931,False,48,5,0.8,euclidean,random,StandardScaler_per_sample_dimension
*C(=O)C1=CC=C(COC2=CC=CC=C2)C=C1,11.44171,2.7855875,False,48,5,0.8,euclidean,random,StandardScaler_per_sample_dimension
*CC1=CC=C(C(=O)OC2=CC=CC=C2)C=C1,11.483732,2.8615134,False,48,5,0.8,euclidean,random,StandardScaler_per_sample_dimension
CC(C)(C1=CC=C(N)C=C1)C1=CC=C(N)C=C1,5.1267705,8.338149,False,48,5,0.8,euclidean,random,StandardScaler_per_sample_dimension
CCCCCCCCC(C)CC,1.4656198,11.468852,False,48,5,0.8,euclidean,random,StandardScaler_per_sample_dimension
CCCCCC(C)F,15.460628,10.919241,False,48,5,0.8,euclidean,random,StandardScaler_per_sample_dimension
CCC(F)(F)C(F)(F)C(F)(F)C(F)F,-6.372567,8.554696,False,48,5,0.8,euclidean,random,StandardScaler_per_sample_dimension
OCC(F)CF,10.806192,10.556708,False,48,5,0.8,euclidean,random,StandardScaler_per_sample_dimension
*OC1=CC=C(C(C)CCC)C=C1,0.2640521,11.318626,False,48,5,0.8,euclidean,random,StandardScaler_per_sample_dimension
CCC1=CC(C)=C(O)C(C)=C1,3.832407,26.262487,False,48,5,0.8,euclidean,random,StandardScaler_per_sample_dimension
NC1=CC(CF)=CC=C1,23.10099,8.947226,False,48,5,0.8,euclidean,random,StandardScaler_per_sample_dimension
NC1=CC=CC(CF)=C1,23.040241,9.051897,False,48,5,0.8,euclidean,random,StandardScaler_per_sample_dimension
CCCCN(C)CCCC,1.8368325,-0.7081446,False,48,5,0.8,euclidean,random,StandardScaler_per_sample_dimension
NC1=CC(C(F)F)=CC=C1,23.127977,8.971405,True,48,5,0.8,euclidean,random,StandardScaler_per_sample_dimension
NC1=CC=CC(C(F)F)=C1,23.08086,8.970455,False,48,5,0.8,euclidean,random,StandardScaler_per_sample_dimension
*C(CCC)CCC,7.3845496,8.448755,False,48,5,0.8,euclidean,random,StandardScaler_per_sample_dimension
CNC1=CC=C(SC)C=C1,13.368072,8.596768,True,48,5,0.8,euclidean,random,StandardScaler_per_sample_dimension
CC1CC2CCC1C2,4.020694,10.1144705,True,48,5,0.8,euclidean,random,StandardScaler_per_sample_dimension
O=CNC1=CC=C(S)C=C1,12.901696,8.3169365,False,48,5,0.8,euclidean,random,StandardScaler_per_sample_dimension
CCNCCCCCC(N)=O,11.49241,0.89654934,False,48,5,0.8,euclidean,random,StandardScaler_per_sample_dimension
CNCC1=CC(C(C)(C)C)=CC=C1,5.011016,-9.652196,False,48,5,0.8,euclidean,random,StandardScaler_per_sample_dimension
CNCC1=CC=CC(C(C)(C)C)=C1,5.3086247,-9.739008,True,48,5,0.8,euclidean,random,StandardScaler_per_sample_dimension
CNCNC1=CC=CC=C1,3.4423072,6.6041408,False,48,5,0.8,euclidean,random,StandardScaler_per_sample_dimension
CC(=O)NC1=CC=C(S)C=C1,12.996829,8.439631,False,48,5,0.8,euclidean,random,StandardScaler_per_sample_dimension
CCOC(CC)CC,3.0285954,8.423897,False,48,5,0.8,euclidean,random,StandardScaler_per_sample_dimension
CCCCCCNCCCCCC,2.7286723,-4.3913302,False,48,5,0.8,euclidean,random,StandardScaler_per_sample_dimension
C=CC1=CC(O)=CC=C1,20.900322,9.2960825,True,48,5,0.8,euclidean,random,StandardScaler_per_sample_dimension
C=CC1=CC=CC(O)=C1,21.055515,9.167841,False,48,5,0.8,euclidean,random,StandardScaler_per_sample_dimension
C=CC1=CC(OC)=CC=C1,21.001747,9.013322,False,48,5,0.8,euclidean,random,StandardScaler_per_sample_dimension
C=CC1=CC=CC(OC)=C1,20.99038,9.184458,False,48,5,0.8,euclidean,random,StandardScaler_per_sample_dimension
O=CNCCNC1=CC=CC=C1,3.5824652,4.840391,False,48,5,0.8,euclidean,random,StandardScaler_per_sample_dimension
CC1=C(C)C(CN)=CC=C1,-14.549395,-6.053202,False,48,5,0.8,euclidean,random,StandardScaler_per_sample_dimension
CC1=CC=CC(CN)=C1C,-14.651648,-6.002518,False,48,5,0.8,euclidean,random,StandardScaler_per_sample_dimension
CCC1=CC(CNC2=CC=C(C)C=C2)=CC=C1,-1.2519192,15.858023,False,48,5,0.8,euclidean,random,StandardScaler_per_sample_dimension
CCCOCCOCCOC,11.3494,8.065303,False,48,5,0.8,euclidean,random,StandardScaler_per_sample_dimension
*P(O)OC,4.2338634,-12.506997,False,48,5,0.8,euclidean,random,StandardScaler_per_sample_dimension
*P(=N)(O)OC,4.0360575,-12.54642,False,48,5,0.8,euclidean,random,StandardScaler_per_sample_dimension
*N=P(*)(O)OC,3.9786663,-12.45105,False,48,5,0.8,euclidean,random,StandardScaler_per_sample_dimension
CCC(=O)OCCCCCCO,3.223753,18.723242,False,48,5,0.8,euclidean,random,StandardScaler_per_sample_dimension
CCC(=O)OCCCCCCOC,3.2413864,18.76401,True,48,5,0.8,euclidean,random,StandardScaler_per_sample_dimension
CSC1=CC=C(C)C=C1,-6.84816,-5.358169,False,48,5,0.8,euclidean,random,StandardScaler_per_sample_dimension
COCCC(C)CO,8.046742,3.829076,False,48,5,0.8,euclidean,random,StandardScaler_per_sample_dimension
*C(C=O)CCC,8.301574,5.561087,True,48,5,0.8,euclidean,random,StandardScaler_per_sample_dimension
*NC1=CC=C(CC)C=C1,6.3208055,9.570474,False,48,5,0.8,euclidean,random,StandardScaler_per_sample_dimension
*C(C)CC(=O)OC,10.314479,3.3524506,False,48,5,0.8,euclidean,random,StandardScaler_per_sample_dimension
NCC1=C(O)C=CC=C1,-5.504274,-0.7490973,False,48,5,0.8,euclidean,random,StandardScaler_per_sample_dimension
NCC1=CC=CC=C1O,-5.6748214,-0.9047645,False,48,5,0.8,euclidean,random,StandardScaler_per_sample_dimension
CCCCCOC1=CC=C(OCC)C=C1,-11.74748,9.603583,False,48,5,0.8,euclidean,random,StandardScaler_per_sample_dimension
*C1=CC=C2CN(C3=C(C)C=CC=C3)CC2=C1,19.13359,11.841245,False,48,5,0.8,euclidean,random,StandardScaler_per_sample_dimension
*C1=CC=C2CN(C3=CC=CC=C3C)CC2=C1,19.026602,11.633522,False,48,5,0.8,euclidean,random,StandardScaler_per_sample_dimension
CCOC1=CC=C(C2=CC=C(O)C=C2)C=C1,4.5809116,7.7526727,False,48,5,0.8,euclidean,random,StandardScaler_per_sample_dimension
CC(CCO)C(=O)O,7.831583,3.5227275,False,48,5,0.8,euclidean,random,StandardScaler_per_sample_dimension
*CCC(C)C(*)C,8.478563,5.777933,False,48,5,0.8,euclidean,random,StandardScaler_per_sample_dimension
CC1=C(CN)C(C)=CC=C1,-14.317643,-6.3270974,True,48,5,0.8,euclidean,random,StandardScaler_per_sample_dimension
CC1=CC(C)=NC=C1,-8.691557,-15.321515,False,48,5,0.8,euclidean,random,StandardScaler_per_sample_dimension
CC1=CC=NC(C)=C1,-8.702597,-15.340308,False,48,5,0.8,euclidean,random,StandardScaler_per_sample_dimension
CCCCOCNC,14.4597025,-10.793773,False,48,5,0.8,euclidean,random,StandardScaler_per_sample_dimension
CCCOCCCC1=CC=CC=C1,15.455265,15.402769,True,48,5,0.8,euclidean,random,StandardScaler_per_sample_dimension
O=CC1=C(C=O)C=C(C(=O)O)C=C1,-2.082657,17.985548,False,48,5,0.8,euclidean,random,StandardScaler_per_sample_dimension
O=CC1=CC=C(C(=O)O)C=C1C=O,-2.0288506,17.906944,False,48,5,0.8,euclidean,random,StandardScaler_per_sample_dimension
*C(C)OC=O,-5.511344,11.650709,True,48,5,0.8,euclidean,random,StandardScaler_per_sample_dimension
CC1=C(N)C=C(N)C=C1,22.135891,17.300354,False,48,5,0.8,euclidean,random,StandardScaler_per_sample_dimension
CC1=CC=C(N)C=C1N,22.129627,17.280191,False,48,5,0.8,euclidean,random,StandardScaler_per_sample_dimension
CCOCC1=CC=C(C=O)C=C1,0.46066773,1.5461549,False,48,5,0.8,euclidean,random,StandardScaler_per_sample_dimension
CC(=O)OCCN(C)C,5.5841665,15.1410265,True,48,5,0.8,euclidean,random,StandardScaler_per_sample_dimension
CC1=CC=C(OCC2=CC(C=O)=CC=C2)C=C1,27.739033,4.3974586,False,48,5,0.8,euclidean,random,StandardScaler_per_sample_dimension
CC1=CC=C(OCC2=CC=CC(C=O)=C2)C=C1,27.790607,4.397078,False,48,5,0.8,euclidean,random,StandardScaler_per_sample_dimension
CCCCOC1=CC=C(CCC)C=C1,13.251642,26.56802,True,48,5,0.8,euclidean,random,StandardScaler_per_sample_dimension
*CC(CO)OCC,0.037844244,5.3504233,False,48,5,0.8,euclidean,random,StandardScaler_per_sample_dimension
*P(O)O,-4.4292583,12.927563,False,48,5,0.8,euclidean,random,StandardScaler_per_sample_dimension
*P(=N)(O)O,-4.4112053,12.829361,False,48,5,0.8,euclidean,random,StandardScaler_per_sample_dimension
*N=P(*)(O)O,-4.4450803,12.978295,False,48,5,0.8,euclidean,random,StandardScaler_per_sample_dimension
*P(OC)OC,-4.363587,13.015281,False,48,5,0.8,euclidean,random,StandardScaler_per_sample_dimension
*P(=N)(OC)OC,-4.4710984,12.899474,False,48,5,0.8,euclidean,random,StandardScaler_per_sample_dimension
*N=P(*)(OC)OC,-4.507671,12.954554,False,48,5,0.8,euclidean,random,StandardScaler_per_sample_dimension
*CC(CCOC)OC,-0.37912527,3.2696624,False,48,5,0.8,euclidean,random,StandardScaler_per_sample_dimension
*OC1=CC=C(NCC2=CC=CC=C2)C=C1,9.561926,6.485309,False,48,5,0.8,euclidean,random,StandardScaler_per_sample_dimension
CCCCC(F)C(C)F,-9.943247,-1.2553911,False,48,5,0.8,euclidean,random,StandardScaler_per_sample_dimension
FCCCCC(F)F,14.591356,7.535831,False,48,5,0.8,euclidean,random,StandardScaler_per_sample_dimension
FCCCCCF,14.563158,7.4266357,True,48,5,0.8,euclidean,random,StandardScaler_per_sample_dimension
CCCCC(F)CC,14.575913,14.419137,False,48,5,0.8,euclidean,random,StandardScaler_per_sample_dimension
CCCCCCCCC1=CC=C(O)C=C1,-0.0015627617,8.761438,False,48,5,0.8,euclidean,random,StandardScaler_per_sample_dimension
CCOCCOCCOCCO,7.4654894,-3.7875705,False,48,5,0.8,euclidean,random,StandardScaler_per_sample_dimension
CCOCCOCCOCCOC,7.5197406,-4.0685225,True,48,5,0.8,euclidean,random,StandardScaler_per_sample_dimension
CCC(C)CCC(N)=O,4.2950745,3.2492518,False,48,5,0.8,euclidean,random,StandardScaler_per_sample_dimension
OC1=CC=CC=C1CF,-4.4015694,-1.5838785,False,48,5,0.8,euclidean,random,StandardScaler_per_sample_dimension
OC1=CC=CC=C1C(F)F,-4.504771,-1.626951,False,48,5,0.8,euclidean,random,StandardScaler_per_sample_dimension
OCCC(F)CF,2.5665991,17.052773,False,48,5,0.8,euclidean,random,StandardScaler_per_sample_dimension
CCCCCCCCNCC1=CC=CC=C1,2.060431,-1.6463798,True,48,5,0.8,euclidean,random,StandardScaler_per_sample_dimension
CC(C1=CC=CC=C1)C1=CC=C(C=O)C=C1,6.741921,12.245183,False,48,5,0.8,euclidean,random,StandardScaler_per_sample_dimension
CNC1=CC=C(C2=CC=C(NC)C=C2)C=C1,4.500965,7.3515735,False,48,5,0.8,euclidean,random,StandardScaler_per_sample_dimension
NC1=CC=C(C2=CC=C(NC=O)C=C2)C=C1,4.1449046,7.186586,False,48,5,0.8,euclidean,random,StandardScaler_per_sample_dimension
*C1=CC=C(OC2=CC=C(C(C)C)C=C2)C=C1,4.108259,9.614257,False,48,5,0.8,euclidean,random,StandardScaler_per_sample_dimension
CC1CCC(C2=CC=CC=C2)CC1,1.9103992,9.682924,False,48,5,0.8,euclidean,random,StandardScaler_per_sample_dimension
OCCC(F)C(F)F,2.9213524,16.059626,True,48,5,0.8,euclidean,random,StandardScaler_per_sample_dimension
CCC1=CC=C(OC2=CC=C(S)C=C2)C=C1,3.020772,13.0540085,True,48,5,0.8,euclidean,random,StandardScaler_per_sample_dimension
*NCCCCCCCCC,4.046805,-2.4426188,True,48,5,0.8,euclidean,random,StandardScaler_per_sample_dimension
CCCCCCNC(=O)CCCCC,2.5260801,-4.2300873,False,48,5,0.8,euclidean,random,StandardScaler_per_sample_dimension
*CC(C)C(=O)OCCCCCCCC,-5.3725624,4.35083,False,48,5,0.8,euclidean,random,StandardScaler_per_sample_dimension
CCC1=CC(CNC2=CC=C(O)C=C2)=CC=C1,5.185944,-9.667284,True,48,5,0.8,euclidean,random,StandardScaler_per_sample_dimension
CCC1=CC=CC(CNC2=CC=C(O)C=C2)=C1,5.1361074,-9.814392,False,48,5,0.8,euclidean,random,StandardScaler_per_sample_dimension
CC(=O)NCC1=CC=CC=C1,4.56801,8.864251,False,48,5,0.8,euclidean,random,StandardScaler_per_sample_dimension
CCCCNC1=CC=C(C)C=C1,4.2000856,5.7346272,False,48,5,0.8,euclidean,random,StandardScaler_per_sample_dimension
CCCCOCCCO,2.505731,4.456022,True,48,5,0.8,euclidean,random,StandardScaler_per_sample_dimension
*C1=CC(NCC2=CC=CC=C2)=CC=C1,12.109547,-16.20388,False,48,5,0.8,euclidean,random,StandardScaler_per_sample_dimension
*C1=CC=CC(NCC2=CC=CC=C2)=C1,12.152817,-16.209127,False,48,5,0.8,euclidean,random,StandardScaler_per_sample_dimension
*C1=CC(NC(=O)C2=CC=CC=C2)=CC=C1,12.172712,-16.157854,False,48,5,0.8,euclidean,random,StandardScaler_per_sample_dimension
*C1=CC=CC(NC(=O)C2=CC=CC=C2)=C1,12.142967,-16.138042,True,48,5,0.8,euclidean,random,StandardScaler_per_sample_dimension
OC1=CC=CC=C1C(F)(F)F,3.6110518,7.9564247,False,48,5,0.8,euclidean,random,StandardScaler_per_sample_dimension
C=CC(C)=O,-6.846448,1.0092221,False,48,5,0.8,euclidean,random,StandardScaler_per_sample_dimension
*CC1=CC=C(CC)C=C1,7.562535,12.554443,False,48,5,0.8,euclidean,random,StandardScaler_per_sample_dimension
COCCC(C)C=O,7.801443,3.6253347,True,48,5,0.8,euclidean,random,StandardScaler_per_sample_dimension
NC1=C(O)C=CC=C1,4.393464,8.801206,True,48,5,0.8,euclidean,random,StandardScaler_per_sample_dimension
NC1=CC=CC=C1O,4.657327,8.852456,False,48,5,0.8,euclidean,random,StandardScaler_per_sample_dimension
CCOCCOCCOC(C)=O,11.476631,7.9203153,False,48,5,0.8,euclidean,random,StandardScaler_per_sample_dimension
NCC1=CC=C(C(=O)O)C=C1,26.392778,-4.942228,False,48,5,0.8,euclidean,random,StandardScaler_per_sample_dimension
CC1=C(CN)C=CC(C(=O)O)=C1,26.266054,-4.806054,False,48,5,0.8,euclidean,random,StandardScaler_per_sample_dimension
CC1=CC(C(=O)O)=CC=C1CN,26.16262,-4.7164855,False,48,5,0.8,euclidean,random,StandardScaler_per_sample_dimension
COCC1=CC(C=O)=C(C)C=C1,19.437922,-3.9715576,False,48,5,0.8,euclidean,random,StandardScaler_per_sample_dimension
COCC1=CC=C(C)C(C=O)=C1,19.343859,-4.045306,False,48,5,0.8,euclidean,random,StandardScaler_per_sample_dimension
NC(=O)C1=CC=C(C(=O)O)C=C1,26.401432,-4.942686,False,48,5,0.8,euclidean,random,StandardScaler_per_sample_dimension
CC1=C(C(N)=O)C=CC(C(=O)O)=C1,26.275215,-4.821889,False,48,5,0.8,euclidean,random,StandardScaler_per_sample_dimension
CC1=CC(C(=O)O)=CC=C1C(N)=O,26.23493,-4.7853055,False,48,5,0.8,euclidean,random,StandardScaler_per_sample_dimension
COC(=O)C1=CC(C=O)=C(C)C=C1,19.331078,-4.086552,False,48,5,0.8,euclidean,random,StandardScaler_per_sample_dimension
COC(=O)C1=CC=C(C)C(C=O)=C1,19.42167,-3.978271,False,48,5,0.8,euclidean,random,StandardScaler_per_sample_dimension
NCC1=C(C=O)C=C(C(=O)O)C=C1,26.279062,-4.8405085,False,48,5,0.8,euclidean,random,StandardScaler_per_sample_dimension
NCC1=CC=C(C(=O)O)C=C1C=O,26.223175,-4.7763066,False,48,5,0.8,euclidean,random,StandardScaler_per_sample_dimension
NC(=O)C1=CC=C(C(=O)O)C=C1C=O,26.29896,-4.8465776,False,48,5,0.8,euclidean,random,StandardScaler_per_sample_dimension
OCC1=CC2=C(C=C1)CNC2,-17.360546,11.322132,False,48,5,0.8,euclidean,random,StandardScaler_per_sample_dimension
OCC1=CC=C2CNCC2=C1,-17.459711,11.238484,False,48,5,0.8,euclidean,random,StandardScaler_per_sample_dimension
CCOCCNC1=CC=CC=C1,-3.3032548,10.567422,False,48,5,0.8,euclidean,random,StandardScaler_per_sample_dimension
O=C1NCC2=C1C=C(CO)C=C2,-17.545547,11.297569,False,48,5,0.8,euclidean,random,StandardScaler_per_sample_dimension
O=C1NCC2=C1C=CC(CO)=C2,-17.591265,11.157213,False,48,5,0.8,euclidean,random,StandardScaler_per_sample_dimension
O=C1NCC2=CC(CO)=CC=C12,-17.526497,11.213774,False,48,5,0.8,euclidean,random,StandardScaler_per_sample_dimension
O=C1NCC2=CC=C(CO)C=C12,-17.433582,11.225287,False,48,5,0.8,euclidean,random,StandardScaler_per_sample_dimension
CCOCCN(C)C1=CC=CC=C1,-3.5711887,10.327809,False,48,5,0.8,euclidean,random,StandardScaler_per_sample_dimension
O=C1NC(=O)C2=CC(CO)=CC=C12,-17.632618,11.160414,False,48,5,0.8,euclidean,random,StandardScaler_per_sample_dimension
CCOC(=O)C1=CC=C(C=O)C=C1,0.35130072,1.6906807,True,48,5,0.8,euclidean,random,StandardScaler_per_sample_dimension
CCCCNCCOCCC,6.0219874,16.739853,True,48,5,0.8,euclidean,random,StandardScaler_per_sample_dimension
CC(F)(F)CCO,14.652469,2.1572697,True,48,5,0.8,euclidean,random,StandardScaler_per_sample_dimension
*CCC(=O)OC1=CC=CC=C1,-9.593395,-9.795368,False,48,5,0.8,euclidean,random,StandardScaler_per_sample_dimension
*CC(COC)OCC,-0.048796564,5.405996,True,48,5,0.8,euclidean,random,StandardScaler_per_sample_dimension
CCCCC(F)C(C)(F)F,14.409492,14.902266,False,48,5,0.8,euclidean,random,StandardScaler_per_sample_dimension
CCC(C)CCC(=O)NC,4.5134034,2.9404685,False,48,5,0.8,euclidean,random,StandardScaler_per_sample_dimension
CCCC(C)C(N)=O,4.4828105,2.8632658,False,48,5,0.8,euclidean,random,StandardScaler_per_sample_dimension
CCCCCC(C)(F)F,12.3424015,10.933856,True,48,5,0.8,euclidean,random,StandardScaler_per_sample_dimension
CCC1=CC=C(OC2=CC=C([SH]=O)C=C2)C=C1,3.0692663,13.078115,False,48,5,0.8,euclidean,random,StandardScaler_per_sample_dimension
COC1=CC=CC=C1CF,-4.567292,-1.632206,False,48,5,0.8,euclidean,random,StandardScaler_per_sample_dimension
COC1=CC=CC=C1C(F)F,-4.5779543,-1.6926323,False,48,5,0.8,euclidean,random,StandardScaler_per_sample_dimension
CCCCCC1=CC(C)=CC=C1,18.636076,9.798663,False,48,5,0.8,euclidean,random,StandardScaler_per_sample_dimension
CCCCCC1=CC=CC(C)=C1,18.836119,9.9344,False,48,5,0.8,euclidean,random,StandardScaler_per_sample_dimension
CCCCCCCCCNCCCC,3.4742951,-4.4868846,True,48,5,0.8,euclidean,random,StandardScaler_per_sample_dimension
CNCC(=O)NC,3.2692244,4.289874,False,48,5,0.8,euclidean,random,StandardScaler_per_sample_dimension
CCCCCC(=O)OCCCC,2.3474872,6.266171,False,48,5,0.8,euclidean,random,StandardScaler_per_sample_dimension
OCC(F)C(F)F,10.680745,10.394567,False,48,5,0.8,euclidean,random,StandardScaler_per_sample_dimension
COCC(C)C(C)C,7.5009584,3.7275527,False,48,5,0.8,euclidean,random,StandardScaler_per_sample_dimension
CCNC1=CC=C(SC)C=C1,13.137191,8.552426,False,48,5,0.8,euclidean,random,StandardScaler_per_sample_dimension
CNCC1=CC(NCC2=CC=CC=C2)=CC=C1,23.25793,1.1767019,False,48,5,0.8,euclidean,random,StandardScaler_per_sample_dimension
NCC1=CC(NCC2=CC=CC=C2)=CC=C1,23.129257,0.9774384,True,48,5,0.8,euclidean,random,StandardScaler_per_sample_dimension
NCC1=CC=CC(NCC2=CC=CC=C2)=C1,23.23302,1.2752372,False,48,5,0.8,euclidean,random,StandardScaler_per_sample_dimension
NC(=O)C1=CC(NCC2=CC=CC=C2)=CC=C1,23.444569,1.0767636,False,48,5,0.8,euclidean,random,StandardScaler_per_sample_dimension
NC(=O)C1=CC=CC(NCC2=CC=CC=C2)=C1,23.231922,1.127839,False,48,5,0.8,euclidean,random,StandardScaler_per_sample_dimension
NCC1=CC(NC(=O)C2=CC=CC=C2)=CC=C1,23.111683,1.0581926,False,48,5,0.8,euclidean,random,StandardScaler_per_sample_dimension
NCC1=CC=CC(NC(=O)C2=CC=CC=C2)=C1,23.2276,1.0960385,False,48,5,0.8,euclidean,random,StandardScaler_per_sample_dimension
COCCCCF,-4.593437,10.743339,False,48,5,0.8,euclidean,random,StandardScaler_per_sample_dimension
CCCNCCCCCCN,11.621513,0.84695786,False,48,5,0.8,euclidean,random,StandardScaler_per_sample_dimension
CCCNCO,-5.482862,2.3494658,True,48,5,0.8,euclidean,random,StandardScaler_per_sample_dimension
CCCCCCCCCOCC1=CC=CC=C1,2.238142,-0.3643049,False,48,5,0.8,euclidean,random,StandardScaler_per_sample_dimension
CC(F)CC(F)(F)F,10.816765,11.724389,False,48,5,0.8,euclidean,random,StandardScaler_per_sample_dimension
CCC(F)C(F)(F)F,11.002255,11.351796,False,48,5,0.8,euclidean,random,StandardScaler_per_sample_dimension
CCCCOCCOCC,10.683401,8.660491,False,48,5,0.8,euclidean,random,StandardScaler_per_sample_dimension
CC1=C(O)C(C)=CC(CC2=CC=CC=C2)=C1,12.989085,10.8421545,True,48,5,0.8,euclidean,random,StandardScaler_per_sample_dimension
*NCC1=CC(CC)=CC=C1,6.2902565,-8.633631,False,48,5,0.8,euclidean,random,StandardScaler_per_sample_dimension
CC(C)CC1=CC=C(O)C=C1,4.379397,9.516763,True,48,5,0.8,euclidean,random,StandardScaler_per_sample_dimension
CCNC1=CC=C(CNC)C=C1,3.060569,-12.358268,False,48,5,0.8,euclidean,random,StandardScaler_per_sample_dimension
CCNC1=CC=C(C(=O)NC)C=C1,3.0073972,-12.084282,False,48,5,0.8,euclidean,random,StandardScaler_per_sample_dimension
CC(C)C1CCNC1,2.7329273,2.1858244,False,48,5,0.8,euclidean,random,StandardScaler_per_sample_dimension
CC(C)C1CCNC1=O,2.5990787,2.0827177,False,48,5,0.8,euclidean,random,StandardScaler_per_sample_dimension
CC(C)C1CNC(=O)C1,2.6822991,1.98196,False,48,5,0.8,euclidean,random,StandardScaler_per_sample_dimension
CC(C)C1CC(=O)NC1=O,2.6824465,2.16971,False,48,5,0.8,euclidean,random,StandardScaler_per_sample_dimension
CCNC1=CC=C(CN)C=C1,3.0348108,-12.232472,False,48,5,0.8,euclidean,random,StandardScaler_per_sample_dimension
CCNC1=CC=C(C(N)=O)C=C1,3.075935,-12.296387,False,48,5,0.8,euclidean,random,StandardScaler_per_sample_dimension
C1CCOC1,9.342505,7.5996532,False,48,5,0.8,euclidean,random,StandardScaler_per_sample_dimension
CC(CO)OCCO,-3.1643548,1.3154252,False,48,5,0.8,euclidean,random,StandardScaler_per_sample_dimension
CC1=C(C=O)C=CC(C(=O)C2=CC=CC=C2)=C1,-12.362738,4.5019827,False,48,5,0.8,euclidean,random,StandardScaler_per_sample_dimension
CC1=CC(C(=O)C2=CC=CC=C2)=CC=C1C=O,-12.334295,4.4845047,False,48,5,0.8,euclidean,random,StandardScaler_per_sample_dimension
COC1=CC=CC=C1C(F)(F)F,3.5888448,8.239711,False,48,5,0.8,euclidean,random,StandardScaler_per_sample_dimension
NCC1=CC(C(=O)C2=CC=CC=C2)=CC=C1,-3.6683338,-12.853937,False,48,5,0.8,euclidean,random,StandardScaler_per_sample_dimension
NCC1=CC=CC(C(=O)C2=CC=CC=C2)=C1,-3.860292,-12.813641,False,48,5,0.8,euclidean,random,StandardScaler_per_sample_dimension
NC(=O)C1=CC(C(=O)C2=CC=CC=C2)=CC=C1,-3.8697402,-12.837603,False,48,5,0.8,euclidean,random,StandardScaler_per_sample_dimension
NC(=O)C1=CC=CC(C(=O)C2=CC=CC=C2)=C1,-3.8603687,-12.853822,False,48,5,0.8,euclidean,random,StandardScaler_per_sample_dimension
CCCCCOC1=C(C)C=CC=C1,21.207773,0.44340673,True,48,5,0.8,euclidean,random,StandardScaler_per_sample_dimension
CCCCCOC1=CC=CC=C1C,21.054815,0.44993642,False,48,5,0.8,euclidean,random,StandardScaler_per_sample_dimension
O=COCCCCCO,9.928987,7.908679,True,48,5,0.8,euclidean,random,StandardScaler_per_sample_dimension
CC(C)CC(C1=CC=CC=C1)C1=CC=CC=C1,3.387844,9.116418,False,48,5,0.8,euclidean,random,StandardScaler_per_sample_dimension
C=CCOC,4.3559756,8.194968,False,48,5,0.8,euclidean,random,StandardScaler_per_sample_dimension
CCCCN1CC2=CC=C(C)C=C2C1,8.066895,-10.043683,False,48,5,0.8,euclidean,random,StandardScaler_per_sample_dimension
CCCCN1CC2=CC(C)=CC=C2C1=O,8.292397,-9.930199,False,48,5,0.8,euclidean,random,StandardScaler_per_sample_dimension
CCCCN1CC2=CC=C(C)C=C2C1=O,8.059792,-9.764108,False,48,5,0.8,euclidean,random,StandardScaler_per_sample_dimension
CCCCN1C(=O)C2=CC=C(C)C=C2C1=O,8.109034,-9.668598,False,48,5,0.8,euclidean,random,StandardScaler_per_sample_dimension
*CCCCCC(=O)OC,2.6069195,6.283355,False,48,5,0.8,euclidean,random,StandardScaler_per_sample_dimension
COC(=O)C1=C(C)C=CC=C1,-4.2192397,-16.283182,False,48,5,0.8,euclidean,random,StandardScaler_per_sample_dimension
COC(=O)C1=CC=CC=C1C,-4.2015743,-16.221157,False,48,5,0.8,euclidean,random,StandardScaler_per_sample_dimension
COCCCC(F)F,11.260838,15.03104,False,48,5,0.8,euclidean,random,StandardScaler_per_sample_dimension
COCC1=CC=C(CN)C=C1,2.1171768,-15.594478,False,48,5,0.8,euclidean,random,StandardScaler_per_sample_dimension
COCC1=CC=C(C(N)=O)C=C1,1.9767895,-15.759913,False,48,5,0.8,euclidean,random,StandardScaler_per_sample_dimension
COCC1=CC(C=O)=C(C=O)C=C1,19.581085,-3.7958791,False,48,5,0.8,euclidean,random,StandardScaler_per_sample_dimension
COCC1=CC=C(C=O)C(C=O)=C1,19.308256,-3.9519196,False,48,5,0.8,euclidean,random,StandardScaler_per_sample_dimension
CC1=CC=C(COC2=CC=CC=C2)C=C1C,-6.6453986,26.111763,True,48,5,0.8,euclidean,random,StandardScaler_per_sample_dimension
CC1=CC=C(C(=O)OC2=CC=CC=C2)C=C1C,-6.5515385,26.157612,False,48,5,0.8,euclidean,random,StandardScaler_per_sample_dimension
CC(F)(F)CO,13.154171,2.7899427,False,48,5,0.8,euclidean,random,StandardScaler_per_sample_dimension
CCCCOCC(C)N,21.957571,8.880014,True,48,5,0.8,euclidean,random,StandardScaler_per_sample_dimension
*CCCCCCCCCCO,7.669306,6.6795397,False,48,5,0.8,euclidean,random,StandardScaler_per_sample_dimension
CC1=CC=C(NCC2=CC=C(O)C=C2)C=C1,3.994934,8.93419,True,48,5,0.8,euclidean,random,StandardScaler_per_sample_dimension
CC1=CC=C(NC(=O)C2=CC=C(O)C=C2)C=C1,4.083563,8.798988,False,48,5,0.8,euclidean,random,StandardScaler_per_sample_dimension
O=[N+]([O-])C1=CC=C(/N=N/C2=CC=CC=C2)C=C1,-4.8233137,9.241415,False,48,5,0.8,euclidean,random,StandardScaler_per_sample_dimension
*CNC1=CC=C(C)C=C1,6.193883,12.78471,False,48,5,0.8,euclidean,random,StandardScaler_per_sample_dimension
*C(=O)NC1=CC=C(C)C=C1,6.0237164,12.813209,False,48,5,0.8,euclidean,random,StandardScaler_per_sample_dimension
FCCC(F)C(F)CF,-4.1449265,5.216878,False,48,5,0.8,euclidean,random,StandardScaler_per_sample_dimension
FCC(F)C(F)CC(F)F,-11.616636,11.838625,False,48,5,0.8,euclidean,random,StandardScaler_per_sample_dimension
FCCC(F)C(F)C(F)F,-11.502245,12.010108,False,48,5,0.8,euclidean,random,StandardScaler_per_sample_dimension
FCCCC(F)CF,-11.340085,12.098878,False,48,5,0.8,euclidean,random,StandardScaler_per_sample_dimension
FCCC(F)(F)C(F)CF,-11.419157,11.99261,False,48,5,0.8,euclidean,random,StandardScaler_per_sample_dimension
CCCC(F)C(F)C(C)F,13.917961,5.3968306,False,48,5,0.8,euclidean,random,StandardScaler_per_sample_dimension
FC(F)CC(F)C(F)C(F)F,16.228197,3.45073,False,48,5,0.8,euclidean,random,StandardScaler_per_sample_dimension
FCCC(F)CC(F)F,15.966299,3.5892408,False,48,5,0.8,euclidean,random,StandardScaler_per_sample_dimension
FCC(F)CCC(F)F,16.11801,3.5254247,False,48,5,0.8,euclidean,random,StandardScaler_per_sample_dimension
FCCCC(F)C(F)F,16.351076,3.5611453,False,48,5,0.8,euclidean,random,StandardScaler_per_sample_dimension
FCC(F)C(F)(F)CC(F)F,16.152369,3.5520291,False,48,5,0.8,euclidean,random,StandardScaler_per_sample_dimension
FCCC(F)(F)C(F)C(F)F,16.323027,3.6025624,False,48,5,0.8,euclidean,random,StandardScaler_per_sample_dimension
FCCC(F)CCF,15.740232,3.9065626,False,48,5,0.8,euclidean,random,StandardScaler_per_sample_dimension
CC(F)CCCCF,14.503163,6.996338,False,48,5,0.8,euclidean,random,StandardScaler_per_sample_dimension
CCCC(F)C(F)CC,-9.3397455,-1.0947402,False,48,5,0.8,euclidean,random,StandardScaler_per_sample_dimension
CCCC(F)CC(C)F,-9.7616,-0.96792704,False,48,5,0.8,euclidean,random,StandardScaler_per_sample_dimension
FC(F)CCC(F)C(F)F,15.0464525,7.980831,False,48,5,0.8,euclidean,random,StandardScaler_per_sample_dimension
FCCC(F)(F)CC(F)F,14.82552,7.5216513,False,48,5,0.8,euclidean,random,StandardScaler_per_sample_dimension
FCCC(F)(F)CCF,14.923607,7.624957,False,48,5,0.8,euclidean,random,StandardScaler_per_sample_dimension
CC(F)CCCC(F)F,14.250234,7.8984547,False,48,5,0.8,euclidean,random,StandardScaler_per_sample_dimension
CCCCCCCC(C)C1=CC=C(O)C=C1,-0.05921132,8.395068,True,48,5,0.8,euclidean,random,StandardScaler_per_sample_dimension
CCCC(C)C(=O)NC,4.781914,2.934696,False,48,5,0.8,euclidean,random,StandardScaler_per_sample_dimension
FC(F)CC(F)CC(F)F,15.476718,8.086799,False,48,5,0.8,euclidean,random,StandardScaler_per_sample_dimension
CCCCCCCCC(C)C1=CC=CC=C1,-0.09399263,8.589843,True,48,5,0.8,euclidean,random,StandardScaler_per_sample_dimension
CCCCCCOCCCCC,2.412677,6.0316973,True,48,5,0.8,euclidean,random,StandardScaler_per_sample_dimension
CCCC(F)CCC,13.004293,11.147395,False,48,5,0.8,euclidean,random,StandardScaler_per_sample_dimension
FC(F)CCCC(F)F,13.887104,9.985536,False,48,5,0.8,euclidean,random,StandardScaler_per_sample_dimension
FC(F)CC(F)(F)CC(F)F,13.885599,9.906468,False,48,5,0.8,euclidean,random,StandardScaler_per_sample_dimension
FCC1=CC=CC=C1OC1=CC=CC=C1,-4.6573567,-1.6402098,False,48,5,0.8,euclidean,random,StandardScaler_per_sample_dimension
FC(F)C1=CC=CC=C1OC1=CC=CC=C1,-4.544796,-1.5435274,True,48,5,0.8,euclidean,random,StandardScaler_per_sample_dimension
CC(F)C(F)C(F)(F)F,10.966022,11.945054,False,48,5,0.8,euclidean,random,StandardScaler_per_sample_dimension
CCC(C)C1=CC=C(OC=O)C=C1,-0.877222,12.420409,False,48,5,0.8,euclidean,random,StandardScaler_per_sample_dimension
CCCCCOC(=O)CCCC,2.3108377,6.311401,False,48,5,0.8,euclidean,random,StandardScaler_per_sample_dimension
*N(C)CCCCC,-1.7576559,8.170607,True,48,5,0.8,euclidean,random,StandardScaler_per_sample_dimension
CCC1=CC=C(OC2=CC=CC=C2C)C=C1,12.705012,9.700901,False,48,5,0.8,euclidean,random,StandardScaler_per_sample_dimension
CCCNCCC(C)C,1.7463369,-0.19106707,False,48,5,0.8,euclidean,random,StandardScaler_per_sample_dimension
*N(C=O)CCC,2.547945,4.5010223,True,48,5,0.8,euclidean,random,StandardScaler_per_sample_dimension
CC(O)C(O)CO,-2.378591,3.0318751,True,48,5,0.8,euclidean,random,StandardScaler_per_sample_dimension
CCCNCCCC(C)C,3.362594,3.192554,True,48,5,0.8,euclidean,random,StandardScaler_per_sample_dimension
CCC(C)(C)C(C)C,3.398111,9.127028,True,48,5,0.8,euclidean,random,StandardScaler_per_sample_dimension
CC1CCC(C)(C2=CC=CC=C2)CC1,2.1172876,9.598712,True,48,5,0.8,euclidean,random,StandardScaler_per_sample_dimension
OCCC(F)(F)CF,-5.0960064,10.517613,False,48,5,0.8,euclidean,random,StandardScaler_per_sample_dimension
OCC(F)(F)CF,10.494838,10.560203,False,48,5,0.8,euclidean,random,StandardScaler_per_sample_dimension
CCCOCC(C)OC,9.338802,7.185112,False,48,5,0.8,euclidean,random,StandardScaler_per_sample_dimension
CC(=O)NCCCCCCN,-9.257475,15.940209,False,48,5,0.8,euclidean,random,StandardScaler_per_sample_dimension
CNC1=CC(OC2=CC=CC=C2)=CC=C1,-11.00753,3.3202689,False,48,5,0.8,euclidean,random,StandardScaler_per_sample_dimension
CNC1=CC=CC(OC2=CC=CC=C2)=C1,-11.075845,3.192067,False,48,5,0.8,euclidean,random,StandardScaler_per_sample_dimension
O=CNC1=CC(OC2=CC=CC=C2)=CC=C1,-11.005129,3.3521402,False,48,5,0.8,euclidean,random,StandardScaler_per_sample_dimension
O=CNC1=CC=CC(OC2=CC=CC=C2)=C1,-11.220665,3.4742932,False,48,5,0.8,euclidean,random,StandardScaler_per_sample_dimension
C/C=N/C1=CC=CC=C1,13.181085,-6.0247173,False,48,5,0.8,euclidean,random,StandardScaler_per_sample_dimension
C/C=N\C1=CC=CC=C1,13.292788,-5.957673,False,48,5,0.8,euclidean,random,StandardScaler_per_sample_dimension
CCNC1=CC(OC2=CC=CC=C2)=CC=C1,-10.997417,3.3814063,True,48,5,0.8,euclidean,random,StandardScaler_per_sample_dimension
CC(=O)NC1=CC(OC2=CC=CC=C2)=CC=C1,-11.060707,3.3586414,False,48,5,0.8,euclidean,random,StandardScaler_per_sample_dimension
FCC(F)(F)C(F)(F)F,10.980957,11.845095,False,48,5,0.8,euclidean,random,StandardScaler_per_sample_dimension
CCC1=CC=C(C(C)=O)C=C1,5.6129866,11.027814,False,48,5,0.8,euclidean,random,StandardScaler_per_sample_dimension
COCCC(C)F,-5.2433724,10.512373,False,48,5,0.8,euclidean,random,StandardScaler_per_sample_dimension
C=CC(C)CCCC,8.040525,9.479301,True,48,5,0.8,euclidean,random,StandardScaler_per_sample_dimension
CCOC(=O)CC(C)C,6.680473,3.4849286,False,48,5,0.8,euclidean,random,StandardScaler_per_sample_dimension
C/C(C=O)=C\C1=CC=CC=C1,-6.4680796,0.80445015,True,48,5,0.8,euclidean,random,StandardScaler_per_sample_dimension
CC(C=O)=CC1=CC=CC=C1,-6.6384563,0.7475294,False,48,5,0.8,euclidean,random,StandardScaler_per_sample_dimension
*C(C)CCOCC,-11.407231,-4.038434,False,48,5,0.8,euclidean,random,StandardScaler_per_sample_dimension
CC(C)COCC1=CC=CC=C1,4.373933,7.88719,False,48,5,0.8,euclidean,random,StandardScaler_per_sample_dimension
CC(C)(C1=CC=CC=C1)C1=CC=C(C=O)C=C1,6.60187,12.04018,False,48,5,0.8,euclidean,random,StandardScaler_per_sample_dimension
CCCOCCOC=O,9.884038,7.83605,True,48,5,0.8,euclidean,random,StandardScaler_per_sample_dimension
CC(C)(C)C1=CC(C(N)=O)=CC=C1,5.4582024,-9.327669,False,48,5,0.8,euclidean,random,StandardScaler_per_sample_dimension
CC(C)(C)C1=CC=CC(C(N)=O)=C1,5.370941,-9.418615,False,48,5,0.8,euclidean,random,StandardScaler_per_sample_dimension
CNCC1=CC=C(NC(C)=O)C=C1,-6.7762403,-12.277556,True,48,5,0.8,euclidean,random,StandardScaler_per_sample_dimension
CNC(=O)C1=CC=C(NC(C)=O)C=C1,-6.902461,-12.29763,False,48,5,0.8,euclidean,random,StandardScaler_per_sample_dimension
CC(=O)NC1=CC=C(CN)C=C1,-6.8860416,-12.1721325,False,48,5,0.8,euclidean,random,StandardScaler_per_sample_dimension
CC(=O)NC1=CC=C(C(N)=O)C=C1,-6.736696,-12.324346,False,48,5,0.8,euclidean,random,StandardScaler_per_sample_dimension
COC(C)C(C)OC,-1.8939607,2.917402,True,48,5,0.8,euclidean,random,StandardScaler_per_sample_dimension
CCCNC1=CC=C(N)C=C1,9.346062,11.407168,False,48,5,0.8,euclidean,random,StandardScaler_per_sample_dimension
CC1=NN=CO1,5.3480945,9.889468,False,48,5,0.8,euclidean,random,StandardScaler_per_sample_dimension
COCCC(C)COC,8.146492,3.9041178,True,48,5,0.8,euclidean,random,StandardScaler_per_sample_dimension
*N(CC)C(=O)CC,-1.6551237,7.3259845,False,48,5,0.8,euclidean,random,StandardScaler_per_sample_dimension
COCC(O)C(C)O,-1.9195296,2.9343035,False,48,5,0.8,euclidean,random,StandardScaler_per_sample_dimension
CC1=CC=C(C(=O)C2=CC=CC=C2)C=C1C=O,-3.2305114,-12.152884,True,48,5,0.8,euclidean,random,StandardScaler_per_sample_dimension
COC1=CC=CC=C1CN,-5.806559,-0.6954005,True,48,5,0.8,euclidean,random,StandardScaler_per_sample_dimension
NC(=O)C1=CC=CC=C1O,-5.6363225,-0.8658211,False,48,5,0.8,euclidean,random,StandardScaler_per_sample_dimension
FC(F)(F)C1=CC=CC=C1OC1=CC=CC=C1,3.316782,8.126902,False,48,5,0.8,euclidean,random,StandardScaler_per_sample_dimension
NCC1=CC=C(C(=O)C2=CC=CC=C2)C=C1,-3.7553408,-12.724517,False,48,5,0.8,euclidean,random,StandardScaler_per_sample_dimension
NC(=O)C1=CC=C(C(=O)C2=CC=CC=C2)C=C1,-3.6558833,-12.60575,False,48,5,0.8,euclidean,random,StandardScaler_per_sample_dimension
*CCOCCOC=O,10.5852785,8.54879,True,48,5,0.8,euclidean,random,StandardScaler_per_sample_dimension
COC(=O)CC(C)CO,8.079479,3.7543519,False,48,5,0.8,euclidean,random,StandardScaler_per_sample_dimension
*C(C)C(=O)OC1=CC=CC=C1,-9.438986,-9.860517,False,48,5,0.8,euclidean,random,StandardScaler_per_sample_dimension
CC1=C(N2CC3=C(C=CC=C3)C2)C(C)=CC=C1,19.058886,11.460671,False,48,5,0.8,euclidean,random,StandardScaler_per_sample_dimension
CC1=C(N2CC3=CC=CC=C3C2)C(C)=CC=C1,19.093967,11.6149235,False,48,5,0.8,euclidean,random,StandardScaler_per_sample_dimension
CC1=CC=CC(C)=C1N1CC2=CC=CC=C2C1,19.034153,11.56181,False,48,5,0.8,euclidean,random,StandardScaler_per_sample_dimension
CC1=CC(C(=O)C2=CC=C(O)C=C2)=CC=C1,5.8935323,10.842485,False,48,5,0.8,euclidean,random,StandardScaler_per_sample_dimension
CC1=CC=CC(C(=O)C2=CC=C(O)C=C2)=C1,5.7538204,10.6836815,False,48,5,0.8,euclidean,random,StandardScaler_per_sample_dimension
CCCCOC(=O)C1=CC=C(C)C=C1,0.8650941,1.3738148,True,48,5,0.8,euclidean,random,StandardScaler_per_sample_dimension
CC1=C2CNCC2=CC=C1,-14.161074,-6.427564,False,48,5,0.8,euclidean,random,StandardScaler_per_sample_dimension
CC1=CC=CC2=C1CNC2,-14.245856,-6.599179,False,48,5,0.8,euclidean,random,StandardScaler_per_sample_dimension
CC1=C2C(=O)NCC2=CC=C1,-13.669371,-6.4570518,False,48,5,0.8,euclidean,random,StandardScaler_per_sample_dimension
CC1=C2CNC(=O)C2=CC=C1,-13.63396,-6.428734,False,48,5,0.8,euclidean,random,StandardScaler_per_sample_dimension
CC1=CC=CC2=C1C(=O)NC2,-13.9199505,-6.583511,False,48,5,0.8,euclidean,random,StandardScaler_per_sample_dimension
CC1=CC=CC2=C1CNC2=O,-14.193142,-6.6916976,False,48,5,0.8,euclidean,random,StandardScaler_per_sample_dimension
CC1=C2C(=O)NC(=O)C2=CC=C1,-13.661808,-6.4641848,False,48,5,0.8,euclidean,random,StandardScaler_per_sample_dimension
CC1=CC=CC2=C1C(=O)NC2=O,-14.081174,-6.7264347,False,48,5,0.8,euclidean,random,StandardScaler_per_sample_dimension
C1=CC=C(C2=C3CNCC3=CC=C2)C=C1,-14.053593,-6.406024,False,48,5,0.8,euclidean,random,StandardScaler_per_sample_dimension
C1=CC=C(C2=CC=CC3=C2CNC3)C=C1,-14.032561,-6.5266275,False,48,5,0.8,euclidean,random,StandardScaler_per_sample_dimension
O=C1NCC2=C(C3=CC=CC=C3)C=CC=C12,-13.569275,-6.557296,False,48,5,0.8,euclidean,random,StandardScaler_per_sample_dimension
O=C1NCC2=C1C(C1=CC=CC=C1)=CC=C2,-14.173365,-6.690784,False,48,5,0.8,euclidean,random,StandardScaler_per_sample_dimension
O=C1NCC2=C1C=CC=C2C1=CC=CC=C1,-13.94364,-6.4114738,False,48,5,0.8,euclidean,random,StandardScaler_per_sample_dimension
O=C1NCC2=CC=CC(C3=CC=CC=C3)=C12,-14.370598,-6.787295,False,48,5,0.8,euclidean,random,StandardScaler_per_sample_dimension
O=C1NC(=O)C2=C(C3=CC=CC=C3)C=CC=C12,-13.691217,-6.5046277,False,48,5,0.8,euclidean,random,StandardScaler_per_sample_dimension
O=C1NC(=O)C2=C1C=CC=C2C1=CC=CC=C1,-14.164752,-6.645101,False,48,5,0.8,euclidean,random,StandardScaler_per_sample_dimension
COCCC(C)C(=O)O,8.029736,3.5518045,False,48,5,0.8,euclidean,random,StandardScaler_per_sample_dimension
COCC(C)OCCO,-2.947427,1.5240395,False,48,5,0.8,euclidean,random,StandardScaler_per_sample_dimension
COCCOC(C)C,-3.109896,1.4062172,False,48,5,0.8,euclidean,random,StandardScaler_per_sample_dimension
CCCCOC(=O)NC,14.604402,-10.748955,False,48,5,0.8,euclidean,random,StandardScaler_per_sample_dimension
OCCC(F)(F)C(F)F,-1.1989297,-4.474982,False,48,5,0.8,euclidean,random,StandardScaler_per_sample_dimension
C1=CC=C(C2=NN=CO2)C=C1,5.430824,9.966537,False,48,5,0.8,euclidean,random,StandardScaler_per_sample_dimension
CCCCOCC(C)NC,21.9021,8.946974,True,48,5,0.8,euclidean,random,StandardScaler_per_sample_dimension
C1=NN=CO1,5.2367167,9.928675,False,48,5,0.8,euclidean,random,StandardScaler_per_sample_dimension
CN(CCO)C1=CC=C(N=N)C=C1,-4.67848,9.853494,False,48,5,0.8,euclidean,random,StandardScaler_per_sample_dimension
CC(=O)OCC(O)CO,-0.98507965,2.218356,False,48,5,0.8,euclidean,random,StandardScaler_per_sample_dimension
COC(=O)C1=CC=C(CN)C=C1,2.1482954,-15.582621,False,48,5,0.8,euclidean,random,StandardScaler_per_sample_dimension
COCC1=CC(C)=C(CN)C=C1,2.05193,-15.8045435,False,48,5,0.8,euclidean,random,StandardScaler_per_sample_dimension
COCC1=CC=C(CN)C(C)=C1,2.2987576,-15.460232,False,48,5,0.8,euclidean,random,StandardScaler_per_sample_dimension
COC(=O)C1=CC(C)=C(CN)C=C1,2.2497644,-15.510065,False,48,5,0.8,euclidean,random,StandardScaler_per_sample_dimension
COC(=O)C1=CC=C(C(N)=O)C=C1,2.1263406,-15.697606,False,48,5,0.8,euclidean,random,StandardScaler_per_sample_dimension
COC(=O)C1=CC=C(CN)C(C)=C1,2.1471395,-15.710455,False,48,5,0.8,euclidean,random,StandardScaler_per_sample_dimension
COCC1=CC(C)=C(C(N)=O)C=C1,2.1154866,-15.609494,False,48,5,0.8,euclidean,random,StandardScaler_per_sample_dimension
COCC1=CC(C=O)=C(CN)C=C1,1.9662049,-15.9299755,False,48,5,0.8,euclidean,random,StandardScaler_per_sample_dimension
COCC1=CC=C(C(N)=O)C(C)=C1,2.2203796,-15.811325,False,48,5,0.8,euclidean,random,StandardScaler_per_sample_dimension
COCC1=CC=C(CN)C(C=O)=C1,1.988586,-15.8371725,False,48,5,0.8,euclidean,random,StandardScaler_per_sample_dimension
CCCCCN1C=CC=C1,18.701778,14.555798,False,48,5,0.8,euclidean,random,StandardScaler_per_sample_dimension
CCOCCCCCCOC1=CC=CC=C1,4.371914,19.089207,True,48,5,0.8,euclidean,random,StandardScaler_per_sample_dimension
CCOPOCC,-13.992443,6.079138,True,48,5,0.8,euclidean,random,StandardScaler_per_sample_dimension
CCCCOCC(C)NCC,22.028927,8.993129,True,48,5,0.8,euclidean,random,StandardScaler_per_sample_dimension
CCCOC1=CC=C(N=N)C=C1,4.8895903,11.690506,True,48,5,0.8,euclidean,random,StandardScaler_per_sample_dimension
CC(F)(F)CC(F)(F)F,10.8628,11.155119,False,48,5,0.8,euclidean,random,StandardScaler_per_sample_dimension
FC(F)C(F)(F)C(F)(F)F,11.12084,11.257222,False,48,5,0.8,euclidean,random,StandardScaler_per_sample_dimension
CC1=CC(OC=O)=CC=C1,3.6045043,8.842325,False,48,5,0.8,euclidean,random,StandardScaler_per_sample_dimension
CC1=CC=CC(OC=O)=C1,3.7923625,8.814708,True,48,5,0.8,euclidean,random,StandardScaler_per_sample_dimension
*CCCCCCCCCCOC,7.212868,6.906401,True,48,5,0.8,euclidean,random,StandardScaler_per_sample_dimension
*C1=CC=C(C)S1,5.1145597,7.7327156,False,48,5,0.8,euclidean,random,StandardScaler_per_sample_dimension
*CC(=O)OC1=CC=CC=C1,-9.50627,-9.65834,False,48,5,0.8,euclidean,random,StandardScaler_per_sample_dimension
*CC(*)COC1=CC=CC=C1,-9.612928,-9.728291,False,48,5,0.8,euclidean,random,StandardScaler_per_sample_dimension
*CC(*)C(=O)OC1=CC=CC=C1,-9.600484,-9.750561,False,48,5,0.8,euclidean,random,StandardScaler_per_sample_dimension
*C1=CC=C(C2=CC=C(O)C=C2)C=C1,5.873367,10.483848,False,48,5,0.8,euclidean,random,StandardScaler_per_sample_dimension
FCC(F)C(F)C(F)C(F)F,-4.0915375,5.201357,False,48,5,0.8,euclidean,random,StandardScaler_per_sample_dimension
FCC(F)C(F)C(F)CF,-3.9924223,5.101106,False,48,5,0.8,euclidean,random,StandardScaler_per_sample_dimension
CC(F)C(F)C(F)CCF,-3.7807744,4.890773,False,48,5,0.8,euclidean,random,StandardScaler_per_sample_dimension
FCC(F)CC(F)C(F)F,-11.588231,11.963334,False,48,5,0.8,euclidean,random,StandardScaler_per_sample_dimension
FCC(F)CC(F)CF,-11.307059,12.176493,False,48,5,0.8,euclidean,random,StandardScaler_per_sample_dimension
FCC(F)C(F)(F)C(F)CF,-11.219028,12.162936,False,48,5,0.8,euclidean,random,StandardScaler_per_sample_dimension
CC(F)C(F)C(F)CC(F)F,-10.892459,12.208216,False,48,5,0.8,euclidean,random,StandardScaler_per_sample_dimension
CC(F)C(F)CCCF,8.683268,-4.9740663,False,48,5,0.8,euclidean,random,StandardScaler_per_sample_dimension
CC(F)C(F)C(F)(F)CCF,8.673471,-5.099576,False,48,5,0.8,euclidean,random,StandardScaler_per_sample_dimension
CC(F)CC(F)CCF,8.469773,-5.275568,False,48,5,0.8,euclidean,random,StandardScaler_per_sample_dimension
CC(F)(F)C(F)C(F)CCF,8.4755125,-5.221927,False,48,5,0.8,euclidean,random,StandardScaler_per_sample_dimension
CC(F)C(F)CCC(F)F,14.962092,4.334904,False,48,5,0.8,euclidean,random,StandardScaler_per_sample_dimension
CC(F)CC(F)CC(F)F,15.016519,4.870007,False,48,5,0.8,euclidean,random,StandardScaler_per_sample_dimension
CC(F)CC(F)(F)CCF,14.635065,4.7084594,False,48,5,0.8,euclidean,random,StandardScaler_per_sample_dimension
CC(F)(F)C(F)CCCF,14.746374,4.489631,False,48,5,0.8,euclidean,random,StandardScaler_per_sample_dimension
CC(F)(F)CC(F)CCF,14.714466,4.6279387,False,48,5,0.8,euclidean,random,StandardScaler_per_sample_dimension
CCCC(F)(F)C(F)C(C)F,-9.918454,-1.065872,False,48,5,0.8,euclidean,random,StandardScaler_per_sample_dimension
CCCC(F)C(F)C(C)(F)F,-9.898244,-1.045208,False,48,5,0.8,euclidean,random,StandardScaler_per_sample_dimension
CCCC(F)C(F)(F)C(C)F,-10.104113,-1.157814,False,48,5,0.8,euclidean,random,StandardScaler_per_sample_dimension
FC(F)C(F)CC(F)C(F)F,15.13717,7.9599943,False,48,5,0.8,euclidean,random,StandardScaler_per_sample_dimension
CC(F)CC(F)(F)CC(F)F,15.462074,8.287401,False,48,5,0.8,euclidean,random,StandardScaler_per_sample_dimension
CC(F)(F)CC(F)CC(F)F,15.561278,8.309177,False,48,5,0.8,euclidean,random,StandardScaler_per_sample_dimension
CC(F)(F)C(F)CCC(F)F,15.234024,8.466464,False,48,5,0.8,euclidean,random,StandardScaler_per_sample_dimension
CC(F)(F)CCCCF,15.266764,8.261067,False,48,5,0.8,euclidean,random,StandardScaler_per_sample_dimension
CC(F)(F)CC(F)(F)CCF,15.355537,8.246767,False,48,5,0.8,euclidean,random,StandardScaler_per_sample_dimension
CCCC(F)C(F)(F)CC,14.237346,14.6939,False,48,5,0.8,euclidean,random,StandardScaler_per_sample_dimension
CCCC(F)(F)C(F)CC,14.444407,14.848842,False,48,5,0.8,euclidean,random,StandardScaler_per_sample_dimension
CCCCC(F)(F)C(C)F,14.59752,15.19937,False,48,5,0.8,euclidean,random,StandardScaler_per_sample_dimension
CCCC(F)(F)CC(C)F,14.410631,15.390629,False,48,5,0.8,euclidean,random,StandardScaler_per_sample_dimension
CCCC(F)CC(C)(F)F,14.372645,15.353356,False,48,5,0.8,euclidean,random,StandardScaler_per_sample_dimension
CC(F)(F)CCCC(F)F,13.534848,10.181888,False,48,5,0.8,euclidean,random,StandardScaler_per_sample_dimension
CCCCC(F)(F)CC,13.162359,11.323218,False,48,5,0.8,euclidean,random,StandardScaler_per_sample_dimension
CCCC(F)(F)CCC,12.499067,12.308021,False,48,5,0.8,euclidean,random,StandardScaler_per_sample_dimension
C[Si](C)(C)C1=CC=CC=C1,2.3523533,8.210359,False,48,5,0.8,euclidean,random,StandardScaler_per_sample_dimension
CC(F)(F)C(F)C(F)(F)F,11.074177,11.6829605,False,48,5,0.8,euclidean,random,StandardScaler_per_sample_dimension
*C(C)(C)COCCCCCCCC,-5.5421085,4.5519676,False,48,5,0.8,euclidean,random,StandardScaler_per_sample_dimension
*C(C)(C)C(=O)OCCCCCCCC,-5.568094,4.5787845,False,48,5,0.8,euclidean,random,StandardScaler_per_sample_dimension
*CC(*)(C)COCCCCCCCC,-5.5760636,4.5736637,False,48,5,0.8,euclidean,random,StandardScaler_per_sample_dimension
*CC(*)(C)C(=O)OCCCCCCCC,-5.365299,4.431707,False,48,5,0.8,euclidean,random,StandardScaler_per_sample_dimension
*NC(=O)C1=CC(CC)=CC=C1,6.3621616,-8.781217,False,48,5,0.8,euclidean,random,StandardScaler_per_sample_dimension
*C1=CC=C(OC2=CC=C(NC)C=C2)C=C1,5.309483,12.231481,False,48,5,0.8,euclidean,random,StandardScaler_per_sample_dimension
*C1=CC=C(OC2=CC=C(NC=O)C=C2)C=C1,5.2503395,12.155221,False,48,5,0.8,euclidean,random,StandardScaler_per_sample_dimension
*NCC1=CC=C(CC)C=C1,7.103716,13.762953,False,48,5,0.8,euclidean,random,StandardScaler_per_sample_dimension
*NC(=O)C1=CC=C(CC)C=C1,7.0319295,13.709403,False,48,5,0.8,euclidean,random,StandardScaler_per_sample_dimension
*CC(=O)NC=O,11.962387,4.9891768,False,48,5,0.8,euclidean,random,StandardScaler_per_sample_dimension
*CCCCCCCCO,4.0407968,9.276404,False,48,5,0.8,euclidean,random,StandardScaler_per_sample_dimension
*CCCCNC=O,-2.5017486,5.622249,False,48,5,0.8,euclidean,random,StandardScaler_per_sample_dimension
*CCOCCCCCCCCCC,4.6723433,13.679719,False,48,5,0.8,euclidean,random,StandardScaler_per_sample_dimension
*CCC(C=O)CC=O,8.536454,5.098823,False,48,5,0.8,euclidean,random,StandardScaler_per_sample_dimension
CCC(F)(F)C(F)(F)F,10.954928,11.041667,False,48,5,0.8,euclidean,random,StandardScaler_per_sample_dimension
*CCCC(C)O,8.89601,8.09732,False,48,5,0.8,euclidean,random,StandardScaler_per_sample_dimension
COCCC(C)(F)F,14.727904,2.0233476,False,48,5,0.8,euclidean,random,StandardScaler_per_sample_dimension
*COC(C)=O,-5.630703,11.8029375,False,48,5,0.8,euclidean,random,StandardScaler_per_sample_dimension
CC(F)C(F)C(F)C(F)CF,-4.0744247,5.2546954,False,48,5,0.8,euclidean,random,StandardScaler_per_sample_dimension
FCC(F)C(F)C(F)(F)CF,-3.9693124,4.955772,False,48,5,0.8,euclidean,random,StandardScaler_per_sample_dimension
CC(F)CC(F)C(F)CF,-3.5656495,4.9973726,False,48,5,0.8,euclidean,random,StandardScaler_per_sample_dimension
CC(F)C(F)CC(F)CF,-3.5161073,4.795376,False,48,5,0.8,euclidean,random,StandardScaler_per_sample_dimension
FCCC(F)C(F)(F)CF,-10.971545,12.387509,False,48,5,0.8,euclidean,random,StandardScaler_per_sample_dimension
FCC(F)CC(F)(F)CF,-10.944266,12.3908,False,48,5,0.8,euclidean,random,StandardScaler_per_sample_dimension
CC(F)CC(F)C(F)C(F)F,-10.788291,12.466012,False,48,5,0.8,euclidean,random,StandardScaler_per_sample_dimension
CC(F)C(F)CC(F)C(F)F,-10.884721,12.328253,False,48,5,0.8,euclidean,random,StandardScaler_per_sample_dimension
CC(F)CCC(F)CF,8.724547,-5.158236,False,48,5,0.8,euclidean,random,StandardScaler_per_sample_dimension
CC(F)CC(F)(F)C(F)CF,8.430936,-5.3105946,False,48,5,0.8,euclidean,random,StandardScaler_per_sample_dimension
CC(F)C(F)(F)CC(F)CF,8.383856,-5.4602118,False,48,5,0.8,euclidean,random,StandardScaler_per_sample_dimension
CC(F)C(F)CC(F)(F)CF,8.384845,-5.6218767,False,48,5,0.8,euclidean,random,StandardScaler_per_sample_dimension
CC(F)(F)C(F)CC(F)CF,8.543648,-5.5112214,False,48,5,0.8,euclidean,random,StandardScaler_per_sample_dimension
CC(F)C(F)(F)C(F)CCF,8.399626,-5.648842,False,48,5,0.8,euclidean,random,StandardScaler_per_sample_dimension
CC(F)(F)CC(F)C(F)CF,8.379899,-5.6961446,False,48,5,0.8,euclidean,random,StandardScaler_per_sample_dimension
CC(F)CC(F)C(F)(F)CF,8.208828,-5.8354187,False,48,5,0.8,euclidean,random,StandardScaler_per_sample_dimension
FCCCC(F)(F)CF,14.976245,3.8281262,False,48,5,0.8,euclidean,random,StandardScaler_per_sample_dimension
CC(F)CCC(F)C(F)F,14.947574,4.204052,False,48,5,0.8,euclidean,random,StandardScaler_per_sample_dimension
CC(F)C(F)(F)CCCF,14.584088,4.5166907,False,48,5,0.8,euclidean,random,StandardScaler_per_sample_dimension
CC(F)(F)CCC(F)CF,14.626872,4.432843,False,48,5,0.8,euclidean,random,StandardScaler_per_sample_dimension
CC(F)CCC(F)(F)CF,14.760821,4.5746956,False,48,5,0.8,euclidean,random,StandardScaler_per_sample_dimension
FCC(F)(F)CC(F)(F)CF,14.961845,8.35134,False,48,5,0.8,euclidean,random,StandardScaler_per_sample_dimension
CC(F)(F)CCC(F)C(F)F,15.056606,8.509724,False,48,5,0.8,euclidean,random,StandardScaler_per_sample_dimension
CCCCCCCF,15.142005,9.714469,False,48,5,0.8,euclidean,random,StandardScaler_per_sample_dimension
CCCC(F)(F)C(F)(F)C(C)F,14.403009,15.421263,False,48,5,0.8,euclidean,random,StandardScaler_per_sample_dimension
CCCC(F)C(F)(F)C(C)(F)F,14.408049,15.522316,False,48,5,0.8,euclidean,random,StandardScaler_per_sample_dimension
CCCC(F)(F)C(F)C(C)(F)F,14.324133,15.541283,False,48,5,0.8,euclidean,random,StandardScaler_per_sample_dimension
CCCC(F)(F)C(F)(F)CC,13.109838,11.174664,False,48,5,0.8,euclidean,random,StandardScaler_per_sample_dimension
CCCCC(F)(F)C(C)(F)F,12.772307,11.2204,False,48,5,0.8,euclidean,random,StandardScaler_per_sample_dimension
CCCC(F)(F)CC(C)(F)F,13.023925,11.073332,False,48,5,0.8,euclidean,random,StandardScaler_per_sample_dimension
COCC(F)CF,10.985775,10.493529,False,48,5,0.8,euclidean,random,StandardScaler_per_sample_dimension
COCCC(F)CF,2.6013062,16.929003,False,48,5,0.8,euclidean,random,StandardScaler_per_sample_dimension
*CCCF,16.07917,1.4411904,False,48,5,0.8,euclidean,random,StandardScaler_per_sample_dimension
COCCC(F)C(F)F,2.919269,16.313253,False,48,5,0.8,euclidean,random,StandardScaler_per_sample_dimension
*[SiH](C)C1=CC=CC=C1,4.875049,9.138685,False,48,5,0.8,euclidean,random,StandardScaler_per_sample_dimension
CC(F)C(F)(F)C(F)(F)F,11.047168,11.753472,False,48,5,0.8,euclidean,random,StandardScaler_per_sample_dimension
CC1=CC=C(SC2=CC=CC=C2)C=C1,-6.9806547,-5.7326074,False,48,5,0.8,euclidean,random,StandardScaler_per_sample_dimension
*CCCOC(C)C,-4.064766,3.41997,False,48,5,0.8,euclidean,random,StandardScaler_per_sample_dimension
*CCC(C)C(C)C,5.9182277,7.629889,False,48,5,0.8,euclidean,random,StandardScaler_per_sample_dimension
*C1CCCC1C,7.551957,9.280564,False,48,5,0.8,euclidean,random,StandardScaler_per_sample_dimension
OCC(F)(F)C(F)F,10.536608,10.544568,False,48,5,0.8,euclidean,random,StandardScaler_per_sample_dimension
*CCN(C)C=O,12.097254,5.2065387,False,48,5,0.8,euclidean,random,StandardScaler_per_sample_dimension
*CC(C)(C)CO,5.0714827,7.7800593,False,48,5,0.8,euclidean,random,StandardScaler_per_sample_dimension
*C(C)OC(C)=O,-5.5240865,11.798656,False,48,5,0.8,euclidean,random,StandardScaler_per_sample_dimension
C1=CC=C(OPOC2=CC=CC=C2)C=C1,-2.9205275,11.805731,False,48,5,0.8,euclidean,random,StandardScaler_per_sample_dimension
*C(C=O)C(C)C=O,8.995858,4.9522905,False,48,5,0.8,euclidean,random,StandardScaler_per_sample_dimension
CC(F)(F)C(F)(F)C(F)(F)F,10.960288,11.200311,False,48,5,0.8,euclidean,random,StandardScaler_per_sample_dimension
*C1=CC=C(SC2=CC=CC=C2)C=C1,17.953787,16.847794,False,48,5,0.8,euclidean,random,StandardScaler_per_sample_dimension
*OC1=CC=C(NC(=O)C2=CC=CC=C2)C=C1,9.227591,6.430501,False,48,5,0.8,euclidean,random,StandardScaler_per_sample_dimension
FCC(F)(F)C(F)CC(F)F,15.075214,3.4182062,False,48,5,0.8,euclidean,random,StandardScaler_per_sample_dimension
FCCC(F)C(F)(F)C(F)F,15.260578,3.2983313,False,48,5,0.8,euclidean,random,StandardScaler_per_sample_dimension
FCC(F)(F)CC(F)C(F)F,15.094628,3.4484932,False,48,5,0.8,euclidean,random,StandardScaler_per_sample_dimension
FCC(F)CC(F)(F)C(F)F,15.053708,3.366569,False,48,5,0.8,euclidean,random,StandardScaler_per_sample_dimension
FCCC(F)(F)C(F)(F)CF,15.021964,3.7463,False,48,5,0.8,euclidean,random,StandardScaler_per_sample_dimension
FCC(F)(F)CCC(F)F,15.14655,8.256816,False,48,5,0.8,euclidean,random,StandardScaler_per_sample_dimension
FCCCC(F)(F)C(F)F,14.936127,8.168636,False,48,5,0.8,euclidean,random,StandardScaler_per_sample_dimension
CC(F)C(F)(F)CCC(F)F,14.988073,8.502365,False,48,5,0.8,euclidean,random,StandardScaler_per_sample_dimension
CC(F)CCC(F)(F)C(F)F,14.898375,8.586585,False,48,5,0.8,euclidean,random,StandardScaler_per_sample_dimension
CCCCCCC(F)F,15.167582,9.705542,False,48,5,0.8,euclidean,random,StandardScaler_per_sample_dimension
CCCC(F)(F)C(F)(F)C(C)(F)F,13.1018715,11.434784,False,48,5,0.8,euclidean,random,StandardScaler_per_sample_dimension
*CCCC(C)CCC,6.974366,8.598459,False,48,5,0.8,euclidean,random,StandardScaler_per_sample_dimension
*CC(C)CCCCC,6.1543484,8.453137,False,48,5,0.8,euclidean,random,StandardScaler_per_sample_dimension
*CC(CC)CCCC,6.949304,8.085673,False,48,5,0.8,euclidean,random,StandardScaler_per_sample_dimension
COCC(F)C(F)F,10.788137,10.13165,False,48,5,0.8,euclidean,random,StandardScaler_per_sample_dimension
*NCCCCCCCCCC,3.7354634,-2.5005312,False,48,5,0.8,euclidean,random,StandardScaler_per_sample_dimension
COCCC(F)(F)CF,-4.9964776,10.712834,False,48,5,0.8,euclidean,random,StandardScaler_per_sample_dimension
O=CC1=CC(S)=CC=C1,-7.0641413,-9.704723,False,48,5,0.8,euclidean,random,StandardScaler_per_sample_dimension
O=CC1=CC=CC(S)=C1,-7.0191455,-9.721833,False,48,5,0.8,euclidean,random,StandardScaler_per_sample_dimension
*CCN(C)C(C)=O,12.072634,5.2323627,False,48,5,0.8,euclidean,random,StandardScaler_per_sample_dimension
*C1CC(C)CC1C,7.706251,9.265498,False,48,5,0.8,euclidean,random,StandardScaler_per_sample_dimension
COCCC(F)(F)C(F)F,-1.1421549,-4.479389,False,48,5,0.8,euclidean,random,StandardScaler_per_sample_dimension
*CCCCCCCCOC,3.8655324,9.17158,False,48,5,0.8,euclidean,random,StandardScaler_per_sample_dimension
*NC1=CC=C(CC2=CC=CC=C2)C=C1,6.4917965,9.641649,False,48,5,0.8,euclidean,random,StandardScaler_per_sample_dimension
*C(CO)CCO,10.405075,2.4146075,False,48,5,0.8,euclidean,random,StandardScaler_per_sample_dimension
*OCCOCC,-8.035581,15.42449,False,48,5,0.8,euclidean,random,StandardScaler_per_sample_dimension
*CCNCCO,10.151638,22.329824,False,48,5,0.8,euclidean,random,StandardScaler_per_sample_dimension
*CC(C)CN,-1.3281424,6.276693,False,48,5,0.8,euclidean,random,StandardScaler_per_sample_dimension
*CCC(O)CO,-1.5248739,2.957384,False,48,5,0.8,euclidean,random,StandardScaler_per_sample_dimension
*CCCCCCOC1=CC=CC=C1,2.2382822,5.769274,False,48,5,0.8,euclidean,random,StandardScaler_per_sample_dimension
*C1=C(C)C=CC=C1C,5.02005,9.350503,False,48,5,0.8,euclidean,random,StandardScaler_per_sample_dimension
*OC1=CC(O)=CC=C1,5.682557,24.445766,False,48,5,0.8,euclidean,random,StandardScaler_per_sample_dimension
*OC1=CC=CC(O)=C1,5.8587217,24.405415,False,48,5,0.8,euclidean,random,StandardScaler_per_sample_dimension
CCC(F)C(F)C(F)C(C)F,9.372912,-2.1743267,False,48,5,0.8,euclidean,random,StandardScaler_per_sample_dimension
CCC(F)CC(F)C(C)F,14.015738,5.3587894,False,48,5,0.8,euclidean,random,StandardScaler_per_sample_dimension
CCC(F)C(F)CC(C)F,13.989704,5.319594,False,48,5,0.8,euclidean,random,StandardScaler_per_sample_dimension
CCC(F)C(F)C(F)CC,-9.20348,-1.1769637,False,48,5,0.8,euclidean,random,StandardScaler_per_sample_dimension
CCC(F)C(F)C(F)(F)CC,-9.071709,-0.9920943,False,48,5,0.8,euclidean,random,StandardScaler_per_sample_dimension
CCC(F)(F)CC(F)C(C)F,-9.2432995,-0.7718771,False,48,5,0.8,euclidean,random,StandardScaler_per_sample_dimension
CCC(F)CC(F)(F)C(C)F,-9.262138,-0.7994038,False,48,5,0.8,euclidean,random,StandardScaler_per_sample_dimension
CCC(F)(F)C(F)CC(C)F,-9.177927,-0.59006304,False,48,5,0.8,euclidean,random,StandardScaler_per_sample_dimension
CCC(F)CCC(C)F,-9.352412,-0.739338,False,48,5,0.8,euclidean,random,StandardScaler_per_sample_dimension
CCCCCC(F)CF,-11.034835,1.2018917,False,48,5,0.8,euclidean,random,StandardScaler_per_sample_dimension
CC(F)(F)C(F)(F)CCCF,14.681636,8.763884,False,48,5,0.8,euclidean,random,StandardScaler_per_sample_dimension
CC(F)(F)CCC(F)(F)CF,14.84327,8.800511,False,48,5,0.8,euclidean,random,StandardScaler_per_sample_dimension
CCCCCC(F)C(F)F,11.205696,19.567673,False,48,5,0.8,euclidean,random,StandardScaler_per_sample_dimension
CCC(F)CC(F)CC,14.072235,14.942815,False,48,5,0.8,euclidean,random,StandardScaler_per_sample_dimension
CCC(F)CC(F)(F)CC,14.045922,14.57059,False,48,5,0.8,euclidean,random,StandardScaler_per_sample_dimension
CCC(F)(F)CCC(C)F,14.124966,15.655875,False,48,5,0.8,euclidean,random,StandardScaler_per_sample_dimension
FC(F)CCC(F)(F)C(F)F,14.471636,9.1097555,False,48,5,0.8,euclidean,random,StandardScaler_per_sample_dimension
CC1=CC=C([SiH](C)C)C=C1,2.1981168,8.058299,False,48,5,0.8,euclidean,random,StandardScaler_per_sample_dimension
CS(=O)C1=CC=C(N)C=C1,10.918398,6.757042,False,48,5,0.8,euclidean,random,StandardScaler_per_sample_dimension
*N(C)C(=O)CCC,-1.6348958,7.78709,False,48,5,0.8,euclidean,random,StandardScaler_per_sample_dimension
CCC(F)(F)CC(F)(F)CC,12.428675,12.3300495,False,48,5,0.8,euclidean,random,StandardScaler_per_sample_dimension
CS(=O)(=O)C1=CC=C(N)C=C1,10.850489,6.6213827,False,48,5,0.8,euclidean,random,StandardScaler_per_sample_dimension
*CCCCCCOCC,3.208947,7.2305737,False,48,5,0.8,euclidean,random,StandardScaler_per_sample_dimension
*C(C)CNC=O,11.9148,5.0524178,False,48,5,0.8,euclidean,random,StandardScaler_per_sample_dimension
*C(C)C(=O)NC=O,11.980318,4.889026,False,48,5,0.8,euclidean,random,StandardScaler_per_sample_dimension
*OC1=C(C)C=C(C)C=C1,7.8638544,18.736414,False,48,5,0.8,euclidean,random,StandardScaler_per_sample_dimension
*OC1=CC=C(C)C=C1C,7.9037285,18.861187,False,48,5,0.8,euclidean,random,StandardScaler_per_sample_dimension
*CC(=O)N(C)C,12.475703,5.2932153,False,48,5,0.8,euclidean,random,StandardScaler_per_sample_dimension
*CC(=O)OCCCCCCCCC,4.402577,14.516305,False,48,5,0.8,euclidean,random,StandardScaler_per_sample_dimension
COCC(C)(F)F,12.975149,2.7443745,False,48,5,0.8,euclidean,random,StandardScaler_per_sample_dimension
*C(CCO)C(=O)O,10.209501,2.7396462,False,48,5,0.8,euclidean,random,StandardScaler_per_sample_dimension
*NC(=O)CCC=O,4.295894,4.9312563,False,48,5,0.8,euclidean,random,StandardScaler_per_sample_dimension
*C1CCOC1,9.693769,7.8623424,False,48,5,0.8,euclidean,random,StandardScaler_per_sample_dimension
*CCCC(*)C=O,8.430474,5.636014,False,48,5,0.8,euclidean,random,StandardScaler_per_sample_dimension
CC(F)CC(F)C(F)C(C)F,9.592122,-2.4081218,False,48,5,0.8,euclidean,random,StandardScaler_per_sample_dimension
CC(F)C(F)CC(F)C(C)F,13.768279,5.48274,False,48,5,0.8,euclidean,random,StandardScaler_per_sample_dimension
CC(F)CCC(F)C(C)F,13.83334,5.5403867,False,48,5,0.8,euclidean,random,StandardScaler_per_sample_dimension
CCC(F)C(F)(F)CC(C)F,-9.450246,-0.78070974,False,48,5,0.8,euclidean,random,StandardScaler_per_sample_dimension
CCC(F)CC(F)C(C)(F)F,-9.410357,-0.56835467,False,48,5,0.8,euclidean,random,StandardScaler_per_sample_dimension
CCC(F)C(F)CC(C)(F)F,-9.349988,-0.68924993,False,48,5,0.8,euclidean,random,StandardScaler_per_sample_dimension
CC(F)CCC(F)(F)C(C)F,-16.204355,5.046414,False,48,5,0.8,euclidean,random,StandardScaler_per_sample_dimension
CC(F)CC(F)CC(C)F,-16.209377,5.0871005,False,48,5,0.8,euclidean,random,StandardScaler_per_sample_dimension
FCCCCCC(F)F,14.440885,8.618434,False,48,5,0.8,euclidean,random,StandardScaler_per_sample_dimension
FCCCCCCF,14.598518,8.477481,False,48,5,0.8,euclidean,random,StandardScaler_per_sample_dimension
CCC(F)C(F)(F)C(F)CC,14.162755,14.449325,False,48,5,0.8,euclidean,random,StandardScaler_per_sample_dimension
CCC(F)CCC(C)(F)F,14.110691,15.827327,False,48,5,0.8,euclidean,random,StandardScaler_per_sample_dimension
CC(F)CCCC(C)F,13.645401,16.18059,False,48,5,0.8,euclidean,random,StandardScaler_per_sample_dimension
CCC(F)(F)CCC(C)(F)F,13.074269,11.394418,False,48,5,0.8,euclidean,random,StandardScaler_per_sample_dimension
*OC1=CC=C(C(C)(C)CCC)C=C1,0.70155746,10.918575,False,48,5,0.8,euclidean,random,StandardScaler_per_sample_dimension
*C(C)COCCCCCCCCC,5.5719843,13.578793,False,48,5,0.8,euclidean,random,StandardScaler_per_sample_dimension
CC1=CC(C(F)(F)F)=CC=C1,4.639995,6.7997665,False,48,5,0.8,euclidean,random,StandardScaler_per_sample_dimension
CC1=CC=CC(C(F)(F)F)=C1,4.692309,6.890117,False,48,5,0.8,euclidean,random,StandardScaler_per_sample_dimension
COCC(F)(F)CF,10.722794,10.127974,False,48,5,0.8,euclidean,random,StandardScaler_per_sample_dimension
*C1=CC(NC(=O)C2=CC=CC=C2C)=CC=C1,12.371185,-15.941071,False,48,5,0.8,euclidean,random,StandardScaler_per_sample_dimension
*C1=CC=CC(NC(=O)C2=CC=CC=C2C)=C1,12.333378,-16.008373,False,48,5,0.8,euclidean,random,StandardScaler_per_sample_dimension
*CCCNCCC,-0.36602104,4.575453,False,48,5,0.8,euclidean,random,StandardScaler_per_sample_dimension
*C(C)CN(C)C,12.579566,5.238863,False,48,5,0.8,euclidean,random,StandardScaler_per_sample_dimension
*CCOC(=O)CC,6.9378004,5.2247515,False,48,5,0.8,euclidean,random,StandardScaler_per_sample_dimension
NC1=CC(C(F)(F)F)=CC=C1,19.751724,8.088063,False,48,5,0.8,euclidean,random,StandardScaler_per_sample_dimension
NC1=CC=CC(C(F)(F)F)=C1,19.588793,8.212198,False,48,5,0.8,euclidean,random,StandardScaler_per_sample_dimension
*CCCOCCCCCCCCCC,4.523598,12.786399,False,48,5,0.8,euclidean,random,StandardScaler_per_sample_dimension
*C(C=O)CCOC,10.5330715,2.4390872,False,48,5,0.8,euclidean,random,StandardScaler_per_sample_dimension
*C(CO)CCOC,10.601953,2.6146111,False,48,5,0.8,euclidean,random,StandardScaler_per_sample_dimension
*OC1=CC(C)=CC=C1,4.3061943,9.074225,False,48,5,0.8,euclidean,random,StandardScaler_per_sample_dimension
*OC1=CC=CC(C)=C1,4.1241746,8.844221,False,48,5,0.8,euclidean,random,StandardScaler_per_sample_dimension
*C1=CC(NCC2=CC=CC=C2C)=CC=C1,-12.449566,14.690089,False,48,5,0.8,euclidean,random,StandardScaler_per_sample_dimension
*C1=CC=CC(NCC2=CC=CC=C2C)=C1,-12.471129,14.54725,False,48,5,0.8,euclidean,random,StandardScaler_per_sample_dimension
*CC(O)C(C)O,-1.4683144,2.8306215,False,48,5,0.8,euclidean,random,StandardScaler_per_sample_dimension
*OC1=CC(OC)=CC=C1,5.7618346,24.661257,False,48,5,0.8,euclidean,random,StandardScaler_per_sample_dimension
*OC1=CC=CC(OC)=C1,5.754395,24.516384,False,48,5,0.8,euclidean,random,StandardScaler_per_sample_dimension
*C1=CC=C(CC2=CC=C(C)C=C2)C=C1,4.465477,9.311713,False,48,5,0.8,euclidean,random,StandardScaler_per_sample_dimension
*OC1=CC=C(C2=CC=C(O)C=C2)C=C1,4.42911,7.148698,False,48,5,0.8,euclidean,random,StandardScaler_per_sample_dimension
*OC1=CC=C(C2=CC=C(OC)C=C2)C=C1,4.8439784,7.053653,False,48,5,0.8,euclidean,random,StandardScaler_per_sample_dimension
*CC1=CC(CNC2=CC(N)=CC=C2)=CC=C1,24.112871,12.948039,False,48,5,0.8,euclidean,random,StandardScaler_per_sample_dimension
*CC1=CC(CNC2=CC=CC(N)=C2)=CC=C1,23.939512,12.96332,False,48,5,0.8,euclidean,random,StandardScaler_per_sample_dimension
*CC1=CC=CC(CNC2=CC(N)=CC=C2)=C1,24.061596,13.115897,False,48,5,0.8,euclidean,random,StandardScaler_per_sample_dimension
CCCC(F)C(F)C(F)CF,9.476539,-2.5666332,False,48,5,0.8,euclidean,random,StandardScaler_per_sample_dimension
CCCC(F)C(F)C(F)C(F)F,9.894119,-3.1448052,False,48,5,0.8,euclidean,random,StandardScaler_per_sample_dimension
FCCCCC(F)CF,8.714231,-4.8207064,False,48,5,0.8,euclidean,random,StandardScaler_per_sample_dimension
CCCCC(F)C(F)CF,9.973864,-3.2937875,False,48,5,0.8,euclidean,random,StandardScaler_per_sample_dimension
CCCC(F)C(F)CCF,9.981518,-3.5207489,False,48,5,0.8,euclidean,random,StandardScaler_per_sample_dimension
CCCC(F)CC(F)CF,10.093227,-3.3134942,False,48,5,0.8,euclidean,random,StandardScaler_per_sample_dimension
CCCC(F)C(F)(F)C(F)CF,10.002785,-3.4381137,False,48,5,0.8,euclidean,random,StandardScaler_per_sample_dimension
FCC(F)CCCC(F)F,14.292452,7.2452173,False,48,5,0.8,euclidean,random,StandardScaler_per_sample_dimension
FCCCCC(F)C(F)F,14.10239,7.101402,False,48,5,0.8,euclidean,random,StandardScaler_per_sample_dimension
CCCCC(F)C(F)C(F)F,7.054327,-8.407662,False,48,5,0.8,euclidean,random,StandardScaler_per_sample_dimension
CCCC(F)C(F)CC(F)F,7.2440333,-8.255014,False,48,5,0.8,euclidean,random,StandardScaler_per_sample_dimension
CCCC(F)CC(F)C(F)F,7.2444835,-8.3159275,False,48,5,0.8,euclidean,random,StandardScaler_per_sample_dimension
CCCC(F)C(F)(F)C(F)C(F)F,7.228511,-8.580988,False,48,5,0.8,euclidean,random,StandardScaler_per_sample_dimension
CCCCC(F)CCF,-10.969133,1.1756731,False,48,5,0.8,euclidean,random,StandardScaler_per_sample_dimension
CCCCC(F)(F)C(F)CF,-11.064513,1.1552503,False,48,5,0.8,euclidean,random,StandardScaler_per_sample_dimension
CCCC(F)C(F)(F)CCF,-11.2212925,0.8590686,False,48,5,0.8,euclidean,random,StandardScaler_per_sample_dimension
CCCC(F)CCCF,-11.219379,0.7785741,False,48,5,0.8,euclidean,random,StandardScaler_per_sample_dimension
CC(F)CC(F)CC(C)(F)F,-16.332518,4.942821,False,48,5,0.8,euclidean,random,StandardScaler_per_sample_dimension
CC(F)CCC(F)C(C)(F)F,-16.179306,4.9865413,False,48,5,0.8,euclidean,random,StandardScaler_per_sample_dimension
CC(F)C(F)CCC(C)(F)F,-16.255283,5.072317,False,48,5,0.8,euclidean,random,StandardScaler_per_sample_dimension
CC(F)CCCCCF,14.707435,8.96015,False,48,5,0.8,euclidean,random,StandardScaler_per_sample_dimension
CCCCC(F)CC(F)F,11.433679,19.703539,False,48,5,0.8,euclidean,random,StandardScaler_per_sample_dimension
CCCCC(F)(F)C(F)C(F)F,11.227486,19.856798,False,48,5,0.8,euclidean,random,StandardScaler_per_sample_dimension
CCCC(F)CCC(F)F,11.321922,19.997446,False,48,5,0.8,euclidean,random,StandardScaler_per_sample_dimension
CCCC(F)C(F)(F)CC(F)F,11.216866,20.136717,False,48,5,0.8,euclidean,random,StandardScaler_per_sample_dimension
CC(F)CCCCC(F)F,14.889996,8.972597,False,48,5,0.8,euclidean,random,StandardScaler_per_sample_dimension
CC1=CC=C(C(CF)C2=CC=CC=C2)C=C1,-9.771677,5.9923596,False,48,5,0.8,euclidean,random,StandardScaler_per_sample_dimension
CC1=CC=C(C(C2=CC=CC=C2)C(F)F)C=C1,-9.781198,5.8082037,False,48,5,0.8,euclidean,random,StandardScaler_per_sample_dimension
CCCCC(F)(F)CCF,12.820616,17.402092,False,48,5,0.8,euclidean,random,StandardScaler_per_sample_dimension
CC(F)CC(F)(F)CC(C)F,13.783075,16.087065,False,48,5,0.8,euclidean,random,StandardScaler_per_sample_dimension
CC(F)CCCC(C)(F)F,13.791265,16.129082,False,48,5,0.8,euclidean,random,StandardScaler_per_sample_dimension
CNC1=CC(CF)=CC=C1,17.997305,0.85743034,False,48,5,0.8,euclidean,random,StandardScaler_per_sample_dimension
CNC1=CC=CC(CF)=C1,18.026157,0.716111,False,48,5,0.8,euclidean,random,StandardScaler_per_sample_dimension
CNC1=CC(C(F)F)=CC=C1,17.979923,0.7448359,False,48,5,0.8,euclidean,random,StandardScaler_per_sample_dimension
CNC1=CC=CC(C(F)F)=C1,18.057737,0.84540355,False,48,5,0.8,euclidean,random,StandardScaler_per_sample_dimension
CCCCC(F)(F)CC(F)F,-1.8022001,17.030926,False,48,5,0.8,euclidean,random,StandardScaler_per_sample_dimension
*C(CC)CN,11.86941,4.746496,False,48,5,0.8,euclidean,random,StandardScaler_per_sample_dimension
*[SH]=O,4.1214952,10.333604,False,48,5,0.8,euclidean,random,StandardScaler_per_sample_dimension
*COCCCCC,4.845884,7.9033937,False,48,5,0.8,euclidean,random,StandardScaler_per_sample_dimension
*CCOCC(C)O,9.674697,7.433529,False,48,5,0.8,euclidean,random,StandardScaler_per_sample_dimension
*CCCN(C)CC,-0.16195568,5.065098,False,48,5,0.8,euclidean,random,StandardScaler_per_sample_dimension
*CCC(F)F,16.05536,1.4005986,False,48,5,0.8,euclidean,random,StandardScaler_per_sample_dimension
CCCCS,5.649961,8.974125,False,48,5,0.8,euclidean,random,StandardScaler_per_sample_dimension
*C1=CC=C(C2=C(C)C=CC=C2)C=C1,-12.101307,-2.0083098,False,48,5,0.8,euclidean,random,StandardScaler_per_sample_dimension
*C1=CC=C(C2=CC=CC=C2C)C=C1,-12.180962,-1.9711056,False,48,5,0.8,euclidean,random,StandardScaler_per_sample_dimension
COCC(F)(F)C(F)F,10.839085,9.647708,False,48,5,0.8,euclidean,random,StandardScaler_per_sample_dimension
*C(CCOC)C(=O)O,10.4938965,2.4246042,False,48,5,0.8,euclidean,random,StandardScaler_per_sample_dimension
*CCC(O)CCO,9.402911,7.8986883,False,48,5,0.8,euclidean,random,StandardScaler_per_sample_dimension
*CCNCCOC,9.993665,22.237272,False,48,5,0.8,euclidean,random,StandardScaler_per_sample_dimension
*CC1=CC(CO)=CC=C1,-0.77158475,-10.616986,False,48,5,0.8,euclidean,random,StandardScaler_per_sample_dimension
*CC1=CC=CC(CO)=C1,-0.63510185,-10.714101,False,48,5,0.8,euclidean,random,StandardScaler_per_sample_dimension
*C1=CC=C(OC2=CC=C(C=O)C=C2)C=C1,4.671832,9.281365,False,48,5,0.8,euclidean,random,StandardScaler_per_sample_dimension
*NCC1=CC=C(CC2=CC=CC=C2)C=C1,7.010929,13.474001,False,48,5,0.8,euclidean,random,StandardScaler_per_sample_dimension
*OC1=CC=C(OCC2=CC=CC=C2)C=C1,2.308376,11.607498,False,48,5,0.8,euclidean,random,StandardScaler_per_sample_dimension
*NC(=O)C1=CC=C(CC2=CC=CC=C2)C=C1,6.9548855,13.458354,False,48,5,0.8,euclidean,random,StandardScaler_per_sample_dimension
*NCC1=CC=C(CC2=CC=C(C)C=C2)C=C1,7.021045,13.598101,False,48,5,0.8,euclidean,random,StandardScaler_per_sample_dimension
CCCC(F)(F)C(F)C(F)CF,10.094838,-3.563243,False,48,5,0.8,euclidean,random,StandardScaler_per_sample_dimension
CCCC(F)C(F)C(F)(F)CF,10.208002,-3.3542364,False,48,5,0.8,euclidean,random,StandardScaler_per_sample_dimension
CC(F)C(F)CCCCF,14.021338,6.9838204,False,48,5,0.8,euclidean,random,StandardScaler_per_sample_dimension
CCCC(F)C(F)C(F)(F)C(F)F,7.028708,-8.451734,False,48,5,0.8,euclidean,random,StandardScaler_per_sample_dimension
CCCC(F)(F)C(F)C(F)C(F)F,6.9827766,-8.485926,False,48,5,0.8,euclidean,random,StandardScaler_per_sample_dimension
CC(F)C(F)CCCC(F)F,13.802601,7.5815887,False,48,5,0.8,euclidean,random,StandardScaler_per_sample_dimension
CCCCC(F)C(F)(F)CF,-11.199446,1.023254,False,48,5,0.8,euclidean,random,StandardScaler_per_sample_dimension
CCCC(F)(F)C(F)CCF,-11.2817745,0.65070474,False,48,5,0.8,euclidean,random,StandardScaler_per_sample_dimension
CCCC(F)(F)CC(F)CF,-11.284942,0.58323073,False,48,5,0.8,euclidean,random,StandardScaler_per_sample_dimension
CCCC(F)CC(F)(F)CF,-11.384323,0.6184565,False,48,5,0.8,euclidean,random,StandardScaler_per_sample_dimension
CCCC(F)(F)C(F)(F)C(F)CF,-11.3004055,0.6189707,False,48,5,0.8,euclidean,random,StandardScaler_per_sample_dimension
CCC(F)CCCCF,13.34933,8.16181,False,48,5,0.8,euclidean,random,StandardScaler_per_sample_dimension
CCCC(F)C(F)(F)C(F)(F)CF,-11.437033,0.6089635,False,48,5,0.8,euclidean,random,StandardScaler_per_sample_dimension
CCCCC(F)C(F)(F)C(F)F,11.128979,19.963583,False,48,5,0.8,euclidean,random,StandardScaler_per_sample_dimension
CCC(F)CCCC(F)F,12.597093,8.781965,False,48,5,0.8,euclidean,random,StandardScaler_per_sample_dimension
CCCC(F)(F)C(F)CC(F)F,11.159919,20.339878,False,48,5,0.8,euclidean,random,StandardScaler_per_sample_dimension
CCCC(F)(F)CC(F)C(F)F,11.089711,20.345053,False,48,5,0.8,euclidean,random,StandardScaler_per_sample_dimension
CCCC(F)CC(F)(F)C(F)F,11.044419,20.273869,False,48,5,0.8,euclidean,random,StandardScaler_per_sample_dimension
CCCC(F)(F)C(F)(F)C(F)C(F)F,11.00686,20.580282,False,48,5,0.8,euclidean,random,StandardScaler_per_sample_dimension
CCCC(F)C(F)(F)C(F)(F)C(F)F,11.037357,20.30145,False,48,5,0.8,euclidean,random,StandardScaler_per_sample_dimension
CC1=CC=C(C(C)(CF)C2=CC=CC=C2)C=C1,-9.781332,5.894184,False,48,5,0.8,euclidean,random,StandardScaler_per_sample_dimension
CCCCCC(F)(F)CF,12.807493,17.333963,False,48,5,0.8,euclidean,random,StandardScaler_per_sample_dimension
CCCCC(F)(F)C(F)(F)CF,12.899839,17.464615,False,48,5,0.8,euclidean,random,StandardScaler_per_sample_dimension
CCCC(F)(F)CCCF,12.97473,17.085562,False,48,5,0.8,euclidean,random,StandardScaler_per_sample_dimension
CCCC(F)(F)C(F)(F)CCF,12.830957,17.146309,False,48,5,0.8,euclidean,random,StandardScaler_per_sample_dimension
CCNC1=CC=CC(CF)=C1,-11.296506,17.885578,False,48,5,0.8,euclidean,random,StandardScaler_per_sample_dimension
CCNC1=CC=CC(C(F)F)=C1,-11.449781,17.76188,False,48,5,0.8,euclidean,random,StandardScaler_per_sample_dimension
CCCCCC(F)(F)C(F)F,-1.7077166,16.94886,False,48,5,0.8,euclidean,random,StandardScaler_per_sample_dimension
CCCCC(F)(F)C(F)(F)C(F)F,-1.6786139,16.775387,False,48,5,0.8,euclidean,random,StandardScaler_per_sample_dimension
CCCC(F)(F)C(F)(F)CC(F)F,-1.5907173,16.990204,False,48,5,0.8,euclidean,random,StandardScaler_per_sample_dimension
CCCC(F)(F)CCC(F)F,-1.5786271,16.86118,False,48,5,0.8,euclidean,random,StandardScaler_per_sample_dimension
FC(F)CCCCC(F)F,10.697368,9.782062,False,48,5,0.8,euclidean,random,StandardScaler_per_sample_dimension
*CCCCC(C)CC,6.978005,7.940362,False,48,5,0.8,euclidean,random,StandardScaler_per_sample_dimension
CNC1=CC=C(SC2=CC=CC=C2)C=C1,13.234337,8.418371,False,48,5,0.8,euclidean,random,StandardScaler_per_sample_dimension
FCCCC(F)(F)F,-9.341465,12.249969,False,48,5,0.8,euclidean,random,StandardScaler_per_sample_dimension
*C1=CC(NCC2=CC=CC=C2C=O)=CC=C1,12.551283,-15.764419,False,48,5,0.8,euclidean,random,StandardScaler_per_sample_dimension
*CC(C)CNC,-1.6676909,6.274247,False,48,5,0.8,euclidean,random,StandardScaler_per_sample_dimension
*CC(=O)NCCC,-0.75199956,5.3978844,False,48,5,0.8,euclidean,random,StandardScaler_per_sample_dimension
*C(C)C(=O)N(C)C,12.622073,5.195961,False,48,5,0.8,euclidean,random,StandardScaler_per_sample_dimension
*CC(*)CN,-4.8546143,-0.16635336,False,48,5,0.8,euclidean,random,StandardScaler_per_sample_dimension
*CCC(=O)OCCCCCCCCC,4.328144,14.601675,False,48,5,0.8,euclidean,random,StandardScaler_per_sample_dimension
CCCCC(F)(F)F,9.907257,10.078701,False,48,5,0.8,euclidean,random,StandardScaler_per_sample_dimension
*CCCNC1=CC=CC=C1,11.61821,6.142749,False,48,5,0.8,euclidean,random,StandardScaler_per_sample_dimension
*CC(C)CC(=O)O,8.681358,2.396655,False,48,5,0.8,euclidean,random,StandardScaler_per_sample_dimension
*CCCCCOC=O,12.833923,0.52515036,False,48,5,0.8,euclidean,random,StandardScaler_per_sample_dimension
*CC(O)C(O)CO,-1.4112265,3.0608966,False,48,5,0.8,euclidean,random,StandardScaler_per_sample_dimension
*CC(C)C(N)=O,-1.5859343,6.2054863,False,48,5,0.8,euclidean,random,StandardScaler_per_sample_dimension
*CCC(C=O)C*,8.593226,5.207923,False,48,5,0.8,euclidean,random,StandardScaler_per_sample_dimension
*CC1=CC(COC)=CC=C1,-1.0350113,24.152658,False,48,5,0.8,euclidean,random,StandardScaler_per_sample_dimension
*CC1=CC=CC(COC)=C1,-1.0699469,24.122654,False,48,5,0.8,euclidean,random,StandardScaler_per_sample_dimension
*CCOCCOCCOCC,10.6664095,8.10266,False,48,5,0.8,euclidean,random,StandardScaler_per_sample_dimension
*OC1=CC=C(OC(=O)C2=CC=CC=C2)C=C1,2.4698238,11.495339,False,48,5,0.8,euclidean,random,StandardScaler_per_sample_dimension
FCCC(F)CC(F)CF,9.053754,-2.0070848,False,48,5,0.8,euclidean,random,StandardScaler_per_sample_dimension
FCCCC(F)C(F)CF,9.183685,-1.8878052,False,48,5,0.8,euclidean,random,StandardScaler_per_sample_dimension
FCCCC(F)CCF,8.912705,-4.7962904,False,48,5,0.8,euclidean,random,StandardScaler_per_sample_dimension
FCC(F)CCC(F)CF,8.725618,-4.6630526,False,48,5,0.8,euclidean,random,StandardScaler_per_sample_dimension
FCCC(F)C(F)CCF,8.912733,-4.46063,False,48,5,0.8,euclidean,random,StandardScaler_per_sample_dimension
FCCCC(F)CC(F)F,14.022581,6.612545,False,48,5,0.8,euclidean,random,StandardScaler_per_sample_dimension
FCCC(F)CCC(F)F,14.143521,6.7283564,False,48,5,0.8,euclidean,random,StandardScaler_per_sample_dimension
FCCCC(F)(F)CCF,14.240369,6.4381757,False,48,5,0.8,euclidean,random,StandardScaler_per_sample_dimension
FCCCCC(F)(F)CF,14.215868,6.339234,False,48,5,0.8,euclidean,random,StandardScaler_per_sample_dimension
CCCC(F)(F)C(F)C(F)(F)CF,-11.387822,0.799139,False,48,5,0.8,euclidean,random,StandardScaler_per_sample_dimension
CCCC(F)(F)C(F)C(F)(F)C(F)F,10.888115,20.444918,False,48,5,0.8,euclidean,random,StandardScaler_per_sample_dimension
CCCC(F)(F)CC(F)(F)CF,12.909422,17.235985,False,48,5,0.8,euclidean,random,StandardScaler_per_sample_dimension
CCCC(F)(F)C(F)(F)C(F)(F)CF,12.803337,17.291925,False,48,5,0.8,euclidean,random,StandardScaler_per_sample_dimension
O=CNC1=CC(CF)=CC=C1,-11.415013,17.966282,False,48,5,0.8,euclidean,random,StandardScaler_per_sample_dimension
O=CNC1=CC=CC(CF)=C1,-11.345609,17.898619,False,48,5,0.8,euclidean,random,StandardScaler_per_sample_dimension
O=CNC1=CC(C(F)F)=CC=C1,-11.313222,17.912966,False,48,5,0.8,euclidean,random,StandardScaler_per_sample_dimension
O=CNC1=CC=CC(C(F)F)=C1,-11.459132,17.837343,False,48,5,0.8,euclidean,random,StandardScaler_per_sample_dimension
CCCC(F)(F)CC(F)(F)C(F)F,-1.5980841,16.958275,False,48,5,0.8,euclidean,random,StandardScaler_per_sample_dimension
CCCC(F)(F)C(F)(F)C(F)(F)C(F)F,-1.593207,17.014915,False,48,5,0.8,euclidean,random,StandardScaler_per_sample_dimension
CNC1=CC=C([SH]=O)C=C1,18.40705,-0.81166214,False,48,5,0.8,euclidean,random,StandardScaler_per_sample_dimension
*CC(F)CF,15.912468,1.4928869,False,48,5,0.8,euclidean,random,StandardScaler_per_sample_dimension
FCC(F)CC(F)(F)F,-9.402694,12.45689,False,48,5,0.8,euclidean,random,StandardScaler_per_sample_dimension
*CCCCCC(C)C,6.645974,8.219855,False,48,5,0.8,euclidean,random,StandardScaler_per_sample_dimension
*NC(=O)CCCCCCCC,3.8519003,-2.484409,False,48,5,0.8,euclidean,random,StandardScaler_per_sample_dimension
CNC1=CC=C([SH](=O)=O)C=C1,-2.9945781,-7.0323286,False,48,5,0.8,euclidean,random,StandardScaler_per_sample_dimension
*C(C)C(=O)OCCCCCCCCC,5.442347,13.690029,False,48,5,0.8,euclidean,random,StandardScaler_per_sample_dimension
CCOCCCF,10.909209,8.772079,False,48,5,0.8,euclidean,random,StandardScaler_per_sample_dimension
C[Si](C)(O)O,7.4645104,8.402487,False,48,5,0.8,euclidean,random,StandardScaler_per_sample_dimension
*C(CC)C(N)=O,11.72301,4.72454,False,48,5,0.8,euclidean,random,StandardScaler_per_sample_dimension
*C(C=O)C(C)CC,8.413547,5.598801,False,48,5,0.8,euclidean,random,StandardScaler_per_sample_dimension
*CCC(=O)NCC,12.024347,-3.2380378,False,48,5,0.8,euclidean,random,StandardScaler_per_sample_dimension
*CCCCNCC,-2.5183568,5.8965707,False,48,5,0.8,euclidean,random,StandardScaler_per_sample_dimension
*C1=CC=C(C2=CC(C)=CC=C2)C=C1,6.6928873,11.103072,False,48,5,0.8,euclidean,random,StandardScaler_per_sample_dimension
*C1=CC=C(C2=CC=CC(C)=C2)C=C1,6.420642,11.108486,False,48,5,0.8,euclidean,random,StandardScaler_per_sample_dimension
*C(C)(C=O)CC,27.488928,12.817264,False,48,5,0.8,euclidean,random,StandardScaler_per_sample_dimension
*C1=C(C)C=C(C2=CC=CC=C2)C=C1,6.4354677,10.86243,False,48,5,0.8,euclidean,random,StandardScaler_per_sample_dimension
*C1=CC=C(C2=CC=CC=C2)C=C1C,6.6542206,10.745924,False,48,5,0.8,euclidean,random,StandardScaler_per_sample_dimension
*CCCCCNCC,3.3885128,7.083307,False,48,5,0.8,euclidean,random,StandardScaler_per_sample_dimension
*CC(*)COCCCCCCCCC,4.167147,14.410043,False,48,5,0.8,euclidean,random,StandardScaler_per_sample_dimension
*CC(*)C(=O)OCCCCCCCCC,4.367235,14.60385,False,48,5,0.8,euclidean,random,StandardScaler_per_sample_dimension
*CC(=O)NC1=CC=CC=C1,11.469177,5.9383965,False,48,5,0.8,euclidean,random,StandardScaler_per_sample_dimension
FC(F)CCC(F)(F)F,-9.404804,12.17542,False,48,5,0.8,euclidean,random,StandardScaler_per_sample_dimension
*CC(C)CC(=O)OC,8.800062,2.3221626,False,48,5,0.8,euclidean,random,StandardScaler_per_sample_dimension
*C(CCO)COC,10.739295,1.9329287,False,48,5,0.8,euclidean,random,StandardScaler_per_sample_dimension
*C(CCOC)COC,10.566268,1.8922615,False,48,5,0.8,euclidean,random,StandardScaler_per_sample_dimension
*CCC(C)C(*)C=O,8.639737,5.2606406,False,48,5,0.8,euclidean,random,StandardScaler_per_sample_dimension
*C(C)C(C)O,9.49592,8.005052,False,48,5,0.8,euclidean,random,StandardScaler_per_sample_dimension
*CC1=C(C=O)C=CC=C1,7.759267,2.2574248,False,48,5,0.8,euclidean,random,StandardScaler_per_sample_dimension
*CC1=CC=CC=C1C=O,7.764195,2.279311,False,48,5,0.8,euclidean,random,StandardScaler_per_sample_dimension
CCC(F)C(F)C(F)CCF,9.392801,-2.3175116,False,48,5,0.8,euclidean,random,StandardScaler_per_sample_dimension
CCC(F)CC(F)C(F)CF,9.307374,-2.2630937,False,48,5,0.8,euclidean,random,StandardScaler_per_sample_dimension
CCC(F)C(F)CC(F)CF,9.481707,-2.2529047,False,48,5,0.8,euclidean,random,StandardScaler_per_sample_dimension
CC(F)C(F)C(F)CCCF,9.766661,-2.209994,False,48,5,0.8,euclidean,random,StandardScaler_per_sample_dimension
CC(F)CCC(F)C(F)CF,9.783894,-2.1583495,False,48,5,0.8,euclidean,random,StandardScaler_per_sample_dimension
CC(F)C(F)CC(F)CCF,9.760054,-2.0668693,False,48,5,0.8,euclidean,random,StandardScaler_per_sample_dimension
CC(F)CC(F)C(F)CCF,9.706378,-2.0321026,False,48,5,0.8,euclidean,random,StandardScaler_per_sample_dimension
CC(F)C(F)CCC(F)CF,9.796164,-2.110029,False,48,5,0.8,euclidean,random,StandardScaler_per_sample_dimension
CC(F)CC(F)CC(F)CF,9.790107,-2.066269,False,48,5,0.8,euclidean,random,StandardScaler_per_sample_dimension
CCC(F)CC(F)CCF,13.4332075,5.757939,False,48,5,0.8,euclidean,random,StandardScaler_per_sample_dimension
CCC(F)C(F)CCCF,13.370045,5.6810274,False,48,5,0.8,euclidean,random,StandardScaler_per_sample_dimension
CCC(F)CCC(F)CF,13.461696,5.8466225,False,48,5,0.8,euclidean,random,StandardScaler_per_sample_dimension
CC(F)CCCC(F)CF,13.280446,6.037789,False,48,5,0.8,euclidean,random,StandardScaler_per_sample_dimension
CC(F)CCC(F)CCF,13.373429,6.0298977,False,48,5,0.8,euclidean,random,StandardScaler_per_sample_dimension
CC(F)CC(F)CCCF,13.285691,6.015564,False,48,5,0.8,euclidean,random,StandardScaler_per_sample_dimension
CCC(F)CC(F)CC(F)F,14.224899,6.478589,False,48,5,0.8,euclidean,random,StandardScaler_per_sample_dimension
CCC(F)CCC(F)C(F)F,14.459933,6.2746763,False,48,5,0.8,euclidean,random,StandardScaler_per_sample_dimension
CCC(F)C(F)CCC(F)F,14.39126,6.230941,False,48,5,0.8,euclidean,random,StandardScaler_per_sample_dimension
CC(F)CC(F)CCC(F)F,14.5365305,6.023159,False,48,5,0.8,euclidean,random,StandardScaler_per_sample_dimension
CC(F)CCC(F)CC(F)F,14.5538225,6.134479,False,48,5,0.8,euclidean,random,StandardScaler_per_sample_dimension
CC(F)CCCC(F)C(F)F,14.403982,6.0600123,False,48,5,0.8,euclidean,random,StandardScaler_per_sample_dimension
CCC(F)(F)CC(F)CCF,0.123560846,13.086221,False,48,5,0.8,euclidean,random,StandardScaler_per_sample_dimension
CCC(F)(F)C(F)CCCF,0.013257522,13.104676,False,48,5,0.8,euclidean,random,StandardScaler_per_sample_dimension
CCC(F)CC(F)(F)CCF,-0.0017675832,12.958954,False,48,5,0.8,euclidean,random,StandardScaler_per_sample_dimension
CCC(F)(F)CCC(F)CF,0.10047732,12.886208,False,48,5,0.8,euclidean,random,StandardScaler_per_sample_dimension
CC(F)CCC(F)(F)CCF,13.085724,7.7117715,False,48,5,0.8,euclidean,random,StandardScaler_per_sample_dimension
CC(F)C(F)(F)CCCCF,13.072424,7.771918,False,48,5,0.8,euclidean,random,StandardScaler_per_sample_dimension
CC(F)(F)C(F)CCCCF,13.282867,7.9621043,False,48,5,0.8,euclidean,random,StandardScaler_per_sample_dimension
CCC(F)(F)CCCCF,13.189838,16.634384,False,48,5,0.8,euclidean,random,StandardScaler_per_sample_dimension
CC(F)(F)CCCCCF,11.775216,9.634188,False,48,5,0.8,euclidean,random,StandardScaler_per_sample_dimension
FCC(F)C(F)C(F)(F)F,-9.416776,12.450368,False,48,5,0.8,euclidean,random,StandardScaler_per_sample_dimension
FCC1=CC(NCC2=CC=CC=C2)=CC=C1,7.713473,-13.145363,False,48,5,0.8,euclidean,random,StandardScaler_per_sample_dimension
FCC1=CC=CC(NCC2=CC=CC=C2)=C1,7.616501,-13.052693,False,48,5,0.8,euclidean,random,StandardScaler_per_sample_dimension
O=C(NC1=CC(CF)=CC=C1)C1=CC=CC=C1,7.699901,-13.087285,False,48,5,0.8,euclidean,random,StandardScaler_per_sample_dimension
O=C(NC1=CC=CC(CF)=C1)C1=CC=CC=C1,7.49204,-12.975778,False,48,5,0.8,euclidean,random,StandardScaler_per_sample_dimension
FC(F)C1=CC(NCC2=CC=CC=C2)=CC=C1,7.5941153,-13.054562,False,48,5,0.8,euclidean,random,StandardScaler_per_sample_dimension
FC(F)C1=CC=CC(NCC2=CC=CC=C2)=C1,7.6059937,-13.209196,False,48,5,0.8,euclidean,random,StandardScaler_per_sample_dimension
CCC(F)(F)CCCC(F)F,13.621105,11.286618,False,48,5,0.8,euclidean,random,StandardScaler_per_sample_dimension
CC(F)(F)CCCCC(F)F,10.984961,9.705357,False,48,5,0.8,euclidean,random,StandardScaler_per_sample_dimension
FCCC(F)C(F)(F)F,-9.320615,12.53598,False,48,5,0.8,euclidean,random,StandardScaler_per_sample_dimension
FC(F)C(F)C(F)C(F)(F)F,-9.543435,12.604409,False,48,5,0.8,euclidean,random,StandardScaler_per_sample_dimension
*N(C)CCCCCC,-1.7843168,8.299684,False,48,5,0.8,euclidean,random,StandardScaler_per_sample_dimension
*NCCCCCCNC,10.821731,0.59825754,False,48,5,0.8,euclidean,random,StandardScaler_per_sample_dimension
CCNC1=CC=C(SC2=CC=CC=C2)C=C1,13.291732,8.419063,False,48,5,0.8,euclidean,random,StandardScaler_per_sample_dimension
CC(F)(F)CCCC(C)(F)F,12.300885,12.16957,False,48,5,0.8,euclidean,random,StandardScaler_per_sample_dimension
SC1=CC=C(NCC2=CC=CC=C2)C=C1,12.663471,8.312614,False,48,5,0.8,euclidean,random,StandardScaler_per_sample_dimension
O=C(NC1=CC=C(S)C=C1)C1=CC=CC=C1,12.692536,8.2541485,False,48,5,0.8,euclidean,random,StandardScaler_per_sample_dimension
CCC(F)CO,-4.969571,10.69163,False,48,5,0.8,euclidean,random,StandardScaler_per_sample_dimension
FC(F)C(F)CC(F)(F)F,-9.364911,12.240768,False,48,5,0.8,euclidean,random,StandardScaler_per_sample_dimension
FC(F)CC(F)C(F)(F)F,-9.235857,12.350167,False,48,5,0.8,euclidean,random,StandardScaler_per_sample_dimension
FCC(F)(F)CC(F)(F)F,-5.44819,14.155322,False,48,5,0.8,euclidean,random,StandardScaler_per_sample_dimension
*N1CC2=CC=C(CC)C=C2C1,7.3421087,13.581536,False,48,5,0.8,euclidean,random,StandardScaler_per_sample_dimension
*N1CC2=CC=C(CC)C=C2C1=O,7.3245897,13.567343,False,48,5,0.8,euclidean,random,StandardScaler_per_sample_dimension
*CC(C)C(=O)NC,-1.454292,6.143479,False,48,5,0.8,euclidean,random,StandardScaler_per_sample_dimension
*NCCCCCCN,11.004275,0.7922279,False,48,5,0.8,euclidean,random,StandardScaler_per_sample_dimension
C1=CC=C(C2=CC=CS2)C=C1,5.3506446,6.486018,False,48,5,0.8,euclidean,random,StandardScaler_per_sample_dimension
*C(C=O)C(C=O)CC,8.559583,5.577612,False,48,5,0.8,euclidean,random,StandardScaler_per_sample_dimension
*[Si](C)(C)CC,5.1937423,9.285614,False,48,5,0.8,euclidean,random,StandardScaler_per_sample_dimension
*CCNC(=O)CC,-1.6160843,6.831552,False,48,5,0.8,euclidean,random,StandardScaler_per_sample_dimension
*C(CCO)C(=O)OC,10.632328,2.0925097,False,48,5,0.8,euclidean,random,StandardScaler_per_sample_dimension
*C(CCOC)C(=O)OC,10.888364,1.7702801,False,48,5,0.8,euclidean,random,StandardScaler_per_sample_dimension
*CCC(C=O)C(*)C,8.715155,5.303963,False,48,5,0.8,euclidean,random,StandardScaler_per_sample_dimension
*CC(C)(F)F,15.483331,1.3218508,False,48,5,0.8,euclidean,random,StandardScaler_per_sample_dimension
*CCCOCCCCCCO,4.396783,18.825813,False,48,5,0.8,euclidean,random,StandardScaler_per_sample_dimension
*CCC(C=O)C(*)C=O,8.851247,5.393059,False,48,5,0.8,euclidean,random,StandardScaler_per_sample_dimension
*OCNC1=CC=CC=C1,22.32727,17.075106,False,48,5,0.8,euclidean,random,StandardScaler_per_sample_dimension
*OC(=O)NC1=CC=CC=C1,22.204432,17.213036,False,48,5,0.8,euclidean,random,StandardScaler_per_sample_dimension
*CC(O)COC1=CC=CC=C1,3.2449148,7.9580436,False,48,5,0.8,euclidean,random,StandardScaler_per_sample_dimension
*C1=C(C2=CC=CC=C2)N=CC=N1,17.061861,16.332228,False,48,5,0.8,euclidean,random,StandardScaler_per_sample_dimension
*C1=NC=CN=C1C1=CC=CC=C1,17.065878,16.363907,False,48,5,0.8,euclidean,random,StandardScaler_per_sample_dimension
*OC1=CC=C(OC2=CC=C(C)C=C2)C=C1,3.5049381,9.516872,False,48,5,0.8,euclidean,random,StandardScaler_per_sample_dimension
*N1CC2=CC=C(CC3=CC=CC=C3)C=C2C1,7.011474,13.663988,False,48,5,0.8,euclidean,random,StandardScaler_per_sample_dimension
CCC(F)C(F)(F)CCCF,-0.0057553365,12.980803,False,48,5,0.8,euclidean,random,StandardScaler_per_sample_dimension
CCC(F)CCC(F)(F)CF,0.25192115,12.901287,False,48,5,0.8,euclidean,random,StandardScaler_per_sample_dimension
CC(F)CC(F)(F)CCCF,13.026868,7.7673464,False,48,5,0.8,euclidean,random,StandardScaler_per_sample_dimension
CC(F)CCCC(F)(F)CF,13.240269,7.8959365,False,48,5,0.8,euclidean,random,StandardScaler_per_sample_dimension
FCC(F)(F)C(F)C(F)(F)F,15.643461,5.509114,False,48,5,0.8,euclidean,random,StandardScaler_per_sample_dimension
FCC(F)C(F)(F)C(F)(F)F,15.546687,5.470849,False,48,5,0.8,euclidean,random,StandardScaler_per_sample_dimension
O=CNC1=CC=C(SC2=CC=CC=C2)C=C1,13.126227,8.421211,False,48,5,0.8,euclidean,random,StandardScaler_per_sample_dimension
CC(=O)NC1=CC=C(SC2=CC=CC=C2)C=C1,13.2558155,8.691421,False,48,5,0.8,euclidean,random,StandardScaler_per_sample_dimension
CC(F)CCC(F)(F)F,16.366669,-0.7633964,False,48,5,0.8,euclidean,random,StandardScaler_per_sample_dimension
CCC(F)CC(F)(F)F,16.593817,-1.672609,False,48,5,0.8,euclidean,random,StandardScaler_per_sample_dimension
FCCC(F)(F)C(F)(F)F,-5.295565,13.942976,False,48,5,0.8,euclidean,random,StandardScaler_per_sample_dimension
FC(F)C(F)(F)C(F)C(F)(F)F,-5.5318117,14.049784,False,48,5,0.8,euclidean,random,StandardScaler_per_sample_dimension
FC(F)C(F)C(F)(F)C(F)(F)F,-5.3469696,14.009354,False,48,5,0.8,euclidean,random,StandardScaler_per_sample_dimension
FCC(F)(F)C(F)(F)C(F)(F)F,-5.4202847,14.002636,False,48,5,0.8,euclidean,random,StandardScaler_per_sample_dimension
*C1=CC(N2CC3=CC=CC=C3C2=O)=CC=C1,12.756179,-15.62679,False,48,5,0.8,euclidean,random,StandardScaler_per_sample_dimension
*C1=CC=CC(N2CC3=C(C=CC=C3)C2=O)=C1,12.643732,-15.666212,False,48,5,0.8,euclidean,random,StandardScaler_per_sample_dimension
*C1=CC=CC(N2CC3=CC=CC=C3C2=O)=C1,12.7568865,-15.530167,False,48,5,0.8,euclidean,random,StandardScaler_per_sample_dimension
O=CC1=CC(SC2=CC=CC=C2)=CC=C1,-6.89809,-9.560095,False,48,5,0.8,euclidean,random,StandardScaler_per_sample_dimension
O=CC1=CC=CC(SC2=CC=CC=C2)=C1,-7.032683,-9.702333,False,48,5,0.8,euclidean,random,StandardScaler_per_sample_dimension
*C(C)(CC)CO,27.424013,12.717609,False,48,5,0.8,euclidean,random,StandardScaler_per_sample_dimension
*C(C)(CC)C(=O)O,27.468067,12.767168,False,48,5,0.8,euclidean,random,StandardScaler_per_sample_dimension
CCOCCC(F)F,10.86563,8.685865,False,48,5,0.8,euclidean,random,StandardScaler_per_sample_dimension
*CC(C)CCOCC,7.365103,2.6828678,False,48,5,0.8,euclidean,random,StandardScaler_per_sample_dimension
*C1CCNC1,11.6724205,4.783665,False,48,5,0.8,euclidean,random,StandardScaler_per_sample_dimension
*CC(C)C(C)C=O,7.4970503,7.018937,False,48,5,0.8,euclidean,random,StandardScaler_per_sample_dimension
*C(=O)CCCCCCCC,8.2182,6.6472073,False,48,5,0.8,euclidean,random,StandardScaler_per_sample_dimension
*C1=CC(CC2=CC=CC=C2)=CC=C1,14.15234,-7.9261036,False,48,5,0.8,euclidean,random,StandardScaler_per_sample_dimension
*C1=CC=CC(CC2=CC=CC=C2)=C1,13.943336,-8.052975,False,48,5,0.8,euclidean,random,StandardScaler_per_sample_dimension
CCC(F)(F)CC(F)(F)F,15.684928,0.027246125,False,48,5,0.8,euclidean,random,StandardScaler_per_sample_dimension
*OC1=CC=C(CCCOCCC)C=C1,15.469776,15.260394,False,48,5,0.8,euclidean,random,StandardScaler_per_sample_dimension
*OC1=CC=C(CC(N)COCCC)C=C1,15.425748,15.310732,False,48,5,0.8,euclidean,random,StandardScaler_per_sample_dimension
*OC1=CC=C(CCC(=O)OCCC)C=C1,15.752972,15.221284,False,48,5,0.8,euclidean,random,StandardScaler_per_sample_dimension
*OC1=CC=C(CC(COCCC)NC)C=C1,15.477106,15.343285,False,48,5,0.8,euclidean,random,StandardScaler_per_sample_dimension
*OC1=CC=C(CC(N)C(=O)OCCC)C=C1,15.598928,15.169301,False,48,5,0.8,euclidean,random,StandardScaler_per_sample_dimension
FC(F)C(F)(F)CC(F)(F)F,15.575808,-0.10288866,False,48,5,0.8,euclidean,random,StandardScaler_per_sample_dimension
FC(F)CC(F)(F)C(F)(F)F,15.4419565,-0.078560896,False,48,5,0.8,euclidean,random,StandardScaler_per_sample_dimension
FC(F)C(F)(F)C(F)(F)C(F)(F)F,15.729682,-0.25949115,False,48,5,0.8,euclidean,random,StandardScaler_per_sample_dimension
*CCN(C)CCO,10.20051,22.372004,False,48,5,0.8,euclidean,random,StandardScaler_per_sample_dimension
*CCCC(N)=O,-2.2994068,6.034144,False,48,5,0.8,euclidean,random,StandardScaler_per_sample_dimension
*CCN(C)CCOC,10.169297,22.471012,False,48,5,0.8,euclidean,random,StandardScaler_per_sample_dimension
*CCN*,11.353603,-2.988369,False,48,5,0.8,euclidean,random,StandardScaler_per_sample_dimension
*CC(C=O)CC=O,22.5579,6.8392253,False,48,5,0.8,euclidean,random,StandardScaler_per_sample_dimension
*CC(OC)C(C)O,-1.7141153,2.555916,False,48,5,0.8,euclidean,random,StandardScaler_per_sample_dimension
*C1=C(C)C=C(C)C=C1C,5.679616,9.727024,False,48,5,0.8,euclidean,random,StandardScaler_per_sample_dimension
*NCC1=C(O)C=CC=C1,-6.3774276,-1.1849333,False,48,5,0.8,euclidean,random,StandardScaler_per_sample_dimension
*NCC1=CC=CC=C1O,-6.3827066,-0.91694266,False,48,5,0.8,euclidean,random,StandardScaler_per_sample_dimension
*C1=CC(N2CC3=CC=CC=C3C2)=CC=C1,-12.351915,14.743497,False,48,5,0.8,euclidean,random,StandardScaler_per_sample_dimension
*C1=CC=CC(N2CC3=C(C=CC=C3)C2)=C1,-12.237801,14.889591,False,48,5,0.8,euclidean,random,StandardScaler_per_sample_dimension
*C1=CC=CC(N2CC3=CC=CC=C3C2)=C1,-12.253246,14.709519,False,48,5,0.8,euclidean,random,StandardScaler_per_sample_dimension
CC(F)(F)CCC(F)CCF,13.37817,7.585246,False,48,5,0.8,euclidean,random,StandardScaler_per_sample_dimension
CC(F)(F)CCCC(F)CF,13.220845,7.6869144,False,48,5,0.8,euclidean,random,StandardScaler_per_sample_dimension
CC(F)(F)CC(F)CCCF,13.230005,7.7463126,False,48,5,0.8,euclidean,random,StandardScaler_per_sample_dimension
CCCCCC(F)CC,15.585387,11.250258,False,48,5,0.8,euclidean,random,StandardScaler_per_sample_dimension
CCCCCCC(C)F,15.572458,11.085621,False,48,5,0.8,euclidean,random,StandardScaler_per_sample_dimension
CC(F)C(F)CC(F)(F)F,15.186626,5.0471234,False,48,5,0.8,euclidean,random,StandardScaler_per_sample_dimension
CCC(F)C(F)C(F)(F)F,15.203908,5.216292,False,48,5,0.8,euclidean,random,StandardScaler_per_sample_dimension
CC1=CC=C([SH]=O)C=C1,-7.4205337,-5.869214,False,48,5,0.8,euclidean,random,StandardScaler_per_sample_dimension
*CCCOC1=CC=C(CC)C=C1,2.3830667,7.3439803,False,48,5,0.8,euclidean,random,StandardScaler_per_sample_dimension
*CC(F)C(F)F,15.977774,1.7221655,False,48,5,0.8,euclidean,random,StandardScaler_per_sample_dimension
CCCC(F)C(F)(F)F,16.608057,-1.3735253,False,48,5,0.8,euclidean,random,StandardScaler_per_sample_dimension
CC(F)C(F)(F)CC(F)(F)F,16.808195,-1.097634,False,48,5,0.8,euclidean,random,StandardScaler_per_sample_dimension
CCC(F)(F)C(F)C(F)(F)F,16.666084,-1.4470042,False,48,5,0.8,euclidean,random,StandardScaler_per_sample_dimension
CCC(F)C(F)(F)C(F)(F)F,16.652712,-1.481011,False,48,5,0.8,euclidean,random,StandardScaler_per_sample_dimension
*C(C)COCC(C)O,9.635165,7.320793,False,48,5,0.8,euclidean,random,StandardScaler_per_sample_dimension
*OC1=CC=C(CC2=CC=CC=C2C)C=C1,5.3157215,7.601971,False,48,5,0.8,euclidean,random,StandardScaler_per_sample_dimension
*CC(C)C(C=O)CC,7.277419,6.970367,False,48,5,0.8,euclidean,random,StandardScaler_per_sample_dimension
*CC(*)CNC,-4.82795,0.0401933,False,48,5,0.8,euclidean,random,StandardScaler_per_sample_dimension
CC1=CC=C([SH](=O)=O)C=C1,-7.306105,-5.8611155,False,48,5,0.8,euclidean,random,StandardScaler_per_sample_dimension
*CCC(C)CO,7.347576,4.9621153,False,48,5,0.8,euclidean,random,StandardScaler_per_sample_dimension
*C1CCN(C)C1,11.970227,5.0349298,False,48,5,0.8,euclidean,random,StandardScaler_per_sample_dimension
*C1CCNC1=O,11.802305,4.8746853,False,48,5,0.8,euclidean,random,StandardScaler_per_sample_dimension
*C1CNC(=O)C1,11.683249,5.1358733,False,48,5,0.8,euclidean,random,StandardScaler_per_sample_dimension
*C1CC(=O)NC1=O,11.700492,5.000789,False,48,5,0.8,euclidean,random,StandardScaler_per_sample_dimension
*CCCC(=O)OCC,6.8717723,2.6171942,False,48,5,0.8,euclidean,random,StandardScaler_per_sample_dimension
CCC(F)(F)CO,14.602117,1.8523469,False,48,5,0.8,euclidean,random,StandardScaler_per_sample_dimension
CC(F)(F)CCC(F)(F)F,16.025352,-0.4539132,False,48,5,0.8,euclidean,random,StandardScaler_per_sample_dimension
CCCC(F)(F)C(F)(F)F,15.858018,-0.21245019,False,48,5,0.8,euclidean,random,StandardScaler_per_sample_dimension
CCC(F)(F)C(F)(F)C(F)(F)F,15.865197,-0.25149706,False,48,5,0.8,euclidean,random,StandardScaler_per_sample_dimension
*CCC(CO)OC,-1.2211514,2.4939694,False,48,5,0.8,euclidean,random,StandardScaler_per_sample_dimension
*CC(OC)C(O)CO,-1.4278308,2.899349,False,48,5,0.8,euclidean,random,StandardScaler_per_sample_dimension
*CC(O)C(C)OC,-1.6949168,2.6863458,False,48,5,0.8,euclidean,random,StandardScaler_per_sample_dimension
*CC(OC)C(C)OC,-1.8234597,2.3213801,False,48,5,0.8,euclidean,random,StandardScaler_per_sample_dimension
*CC1=CC(C(=O)O)=CC=C1,-0.6306855,-10.732425,False,48,5,0.8,euclidean,random,StandardScaler_per_sample_dimension
*CC1=CC=CC(C(=O)O)=C1,-0.7404567,-10.664959,False,48,5,0.8,euclidean,random,StandardScaler_per_sample_dimension
*CCCCOC1=CC=CC=C1,13.627129,0.9872784,False,48,5,0.8,euclidean,random,StandardScaler_per_sample_dimension
*C1=C(C2=CC=CC=C2)N=C2C=CC=CC2=N1,16.855747,16.275848,False,48,5,0.8,euclidean,random,StandardScaler_per_sample_dimension
*C1=NC2=CC=CC=C2N=C1C1=CC=CC=C1,17.08576,16.444067,False,48,5,0.8,euclidean,random,StandardScaler_per_sample_dimension
CCCCCC(F)C(C)F,15.098257,11.861312,False,48,5,0.8,euclidean,random,StandardScaler_per_sample_dimension
CC(F)C(F)C(F)C(F)(F)F,15.469389,5.318826,False,48,5,0.8,euclidean,random,StandardScaler_per_sample_dimension
CCCCCC(F)C(C)(F)F,-7.734246,0.6442252,False,48,5,0.8,euclidean,random,StandardScaler_per_sample_dimension
CC(F)C(F)CO,2.44589,17.19065,False,48,5,0.8,euclidean,random,StandardScaler_per_sample_dimension
CC(F)CC(F)C(F)(F)F,15.434162,5.201756,False,48,5,0.8,euclidean,random,StandardScaler_per_sample_dimension
CC(F)(F)C(F)C(F)C(F)(F)F,15.260474,5.290309,False,48,5,0.8,euclidean,random,StandardScaler_per_sample_dimension
CC(F)C(F)(F)C(F)C(F)(F)F,15.379038,5.2547364,False,48,5,0.8,euclidean,random,StandardScaler_per_sample_dimension
CC(F)C(F)C(F)(F)C(F)(F)F,15.323751,5.1466475,False,48,5,0.8,euclidean,random,StandardScaler_per_sample_dimension
CCCCCCC(C)(F)F,12.497237,11.556262,False,48,5,0.8,euclidean,random,StandardScaler_per_sample_dimension
*C(F)CF,15.115673,0.31569266,False,48,5,0.8,euclidean,random,StandardScaler_per_sample_dimension
*/C=C/CCCC,-8.422438,3.023431,False,48,5,0.8,euclidean,random,StandardScaler_per_sample_dimension
*/C=C\CCCC,-8.409644,3.0640006,False,48,5,0.8,euclidean,random,StandardScaler_per_sample_dimension
*CC(CCC)CCC,6.7238407,8.434574,False,48,5,0.8,euclidean,random,StandardScaler_per_sample_dimension
CCC(F)COC,-4.7785654,10.893753,False,48,5,0.8,euclidean,random,StandardScaler_per_sample_dimension
*N(CC)CCCC,-1.6488502,7.7012033,False,48,5,0.8,euclidean,random,StandardScaler_per_sample_dimension
CC(F)(F)C(F)CC(F)(F)F,16.674822,-1.1671609,False,48,5,0.8,euclidean,random,StandardScaler_per_sample_dimension
CC(F)(F)CC(F)C(F)(F)F,16.670036,-1.2715113,False,48,5,0.8,euclidean,random,StandardScaler_per_sample_dimension
CC(F)CC(F)(F)C(F)(F)F,16.885927,-1.2269757,False,48,5,0.8,euclidean,random,StandardScaler_per_sample_dimension
CC(F)(F)C(F)(F)C(F)C(F)(F)F,16.847773,-1.0839696,False,48,5,0.8,euclidean,random,StandardScaler_per_sample_dimension
CC(F)(F)C(F)C(F)(F)C(F)(F)F,16.958681,-1.1937853,False,48,5,0.8,euclidean,random,StandardScaler_per_sample_dimension
CC(F)C(F)(F)C(F)(F)C(F)(F)F,16.878029,-1.1505185,False,48,5,0.8,euclidean,random,StandardScaler_per_sample_dimension
*CCCC(=O)NC,-1.478844,5.98006,False,48,5,0.8,euclidean,random,StandardScaler_per_sample_dimension
*CC(=O)NCCCC,-0.98317593,5.7353005,False,48,5,0.8,euclidean,random,StandardScaler_per_sample_dimension
*OC(C)CO,-7.983455,15.479873,False,48,5,0.8,euclidean,random,StandardScaler_per_sample_dimension
*OC(C)COC,-7.810899,15.3203335,False,48,5,0.8,euclidean,random,StandardScaler_per_sample_dimension
*C1CC(=O)N(C)C1,11.94627,5.329852,False,48,5,0.8,euclidean,random,StandardScaler_per_sample_dimension
*C1CCN(C)C1=O,11.9035845,5.3786545,False,48,5,0.8,euclidean,random,StandardScaler_per_sample_dimension
*C1CC(=O)N(C)C1=O,11.767498,5.4585567,False,48,5,0.8,euclidean,random,StandardScaler_per_sample_dimension
*N(C)C1=CC=CC=C1,7.032278,10.842877,False,48,5,0.8,euclidean,random,StandardScaler_per_sample_dimension
*C(CO)CCCC,9.521121,7.5477247,False,48,5,0.8,euclidean,random,StandardScaler_per_sample_dimension
*C1=C(O)C=CC=C1,-13.664031,-1.6731982,False,48,5,0.8,euclidean,random,StandardScaler_per_sample_dimension
*C1=CC=CC=C1O,-13.616161,-1.5568491,False,48,5,0.8,euclidean,random,StandardScaler_per_sample_dimension
*CCCOCCO,11.756353,10.350968,False,48,5,0.8,euclidean,random,StandardScaler_per_sample_dimension
CC(F)(F)C(F)(F)CC(F)(F)F,15.805821,-0.19305208,False,48,5,0.8,euclidean,random,StandardScaler_per_sample_dimension
CC(F)(F)CC(F)(F)C(F)(F)F,15.71205,-0.3283108,False,48,5,0.8,euclidean,random,StandardScaler_per_sample_dimension
CC(F)(F)C(F)(F)C(F)(F)C(F)(F)F,15.903005,-0.26740208,False,48,5,0.8,euclidean,random,StandardScaler_per_sample_dimension
*CC(O)C(CO)OC,-1.241676,2.8741503,False,48,5,0.8,euclidean,random,StandardScaler_per_sample_dimension
*CC(OC)C(CO)OC,-1.5219588,2.7339091,False,48,5,0.8,euclidean,random,StandardScaler_per_sample_dimension
*CCC(O)COC,-1.1265355,2.7468474,False,48,5,0.8,euclidean,random,StandardScaler_per_sample_dimension
*NC(=O)C1=CC=CC=C1O,-6.198419,-0.9227749,False,48,5,0.8,euclidean,random,StandardScaler_per_sample_dimension
*CC1=CC(C(=O)OC)=CC=C1,-0.99814844,24.100424,False,48,5,0.8,euclidean,random,StandardScaler_per_sample_dimension
*CC1=CC=CC(C(=O)OC)=C1,-1.0226344,24.159695,False,48,5,0.8,euclidean,random,StandardScaler_per_sample_dimension
*C1=CC=C(C2=CC=C(N)C=C2)C=C1,4.4569726,9.525825,False,48,5,0.8,euclidean,random,StandardScaler_per_sample_dimension
*C1=CC=C(OC2=CC=C(O)C=C2)C=C1,4.0517187,9.307772,False,48,5,0.8,euclidean,random,StandardScaler_per_sample_dimension
*NCC1=CC=CC=C1OC1=CC=CC=C1,-6.2543445,-0.909409,False,48,5,0.8,euclidean,random,StandardScaler_per_sample_dimension
*NC(=O)C1=CC=CC=C1OC1=CC=CC=C1,-6.3712263,-0.94300336,False,48,5,0.8,euclidean,random,StandardScaler_per_sample_dimension
CCCCC(F)C(F)CC,14.523306,12.93191,False,48,5,0.8,euclidean,random,StandardScaler_per_sample_dimension
CCCCC(F)CCC,16.085108,11.094797,False,48,5,0.8,euclidean,random,StandardScaler_per_sample_dimension
CCCCC(F)C(F)(F)CC,16.220003,11.120663,False,48,5,0.8,euclidean,random,StandardScaler_per_sample_dimension
CCCCC(F)(F)C(F)CC,16.170599,11.027516,False,48,5,0.8,euclidean,random,StandardScaler_per_sample_dimension
*OC1=CC=C(C(C)CCCC)C=C1,0.47362635,11.183207,False,48,5,0.8,euclidean,random,StandardScaler_per_sample_dimension
OCC(F)CCF,2.6283505,16.372433,False,48,5,0.8,euclidean,random,StandardScaler_per_sample_dimension
CCCCC(F)(F)CCC,12.599042,12.354585,False,48,5,0.8,euclidean,random,StandardScaler_per_sample_dimension
CCCCCC(F)(F)CC,12.597167,12.089253,False,48,5,0.8,euclidean,random,StandardScaler_per_sample_dimension
CCCCC(F)(F)C(F)(F)CC,12.552558,12.262845,False,48,5,0.8,euclidean,random,StandardScaler_per_sample_dimension
*N(C)C(=O)CCCC,-1.8740113,8.220118,False,48,5,0.8,euclidean,random,StandardScaler_per_sample_dimension
*OC1=CC=C(CCCCC)C=C1,0.8344872,10.961289,False,48,5,0.8,euclidean,random,StandardScaler_per_sample_dimension
*CC(F)CC,15.145855,1.305676,False,48,5,0.8,euclidean,random,StandardScaler_per_sample_dimension
*NC(=O)CCCCCCCCC,3.7563894,-2.7211397,False,48,5,0.8,euclidean,random,StandardScaler_per_sample_dimension
*C1=C(C)C=C(CC)C=C1,19.586262,19.972425,False,48,5,0.8,euclidean,random,StandardScaler_per_sample_dimension
*C1=CC=C(CC)C=C1C,19.485851,20.02995,False,48,5,0.8,euclidean,random,StandardScaler_per_sample_dimension
*CCC(C)F,15.19453,1.3829823,False,48,5,0.8,euclidean,random,StandardScaler_per_sample_dimension
OCC(F)CC(F)F,2.9958134,16.430761,False,48,5,0.8,euclidean,random,StandardScaler_per_sample_dimension
CCSCC,4.681532,9.737647,False,48,5,0.8,euclidean,random,StandardScaler_per_sample_dimension
*N(CC)C(=O)CCC,-1.8475305,7.6807017,False,48,5,0.8,euclidean,random,StandardScaler_per_sample_dimension
CC(F)C(F)(F)CO,-5.24911,10.467825,False,48,5,0.8,euclidean,random,StandardScaler_per_sample_dimension
CCCl,4.414161,9.192504,False,48,5,0.8,euclidean,random,StandardScaler_per_sample_dimension
*CC(F)(F)CF,15.727008,1.3191645,False,48,5,0.8,euclidean,random,StandardScaler_per_sample_dimension
*CCOC(C)CO,9.668844,7.6776114,False,48,5,0.8,euclidean,random,StandardScaler_per_sample_dimension
*CC(=O)OC(C)C,-4.2360473,3.0559938,False,48,5,0.8,euclidean,random,StandardScaler_per_sample_dimension
*CCOC(=O)CCC,6.4909744,5.290251,False,48,5,0.8,euclidean,random,StandardScaler_per_sample_dimension
*CCC(C)COC,7.2843795,5.19371,False,48,5,0.8,euclidean,random,StandardScaler_per_sample_dimension
*/C(C)=C/C,6.475601,6.7159343,False,48,5,0.8,euclidean,random,StandardScaler_per_sample_dimension
*/C(C)=C\C,6.4652715,6.8579025,False,48,5,0.8,euclidean,random,StandardScaler_per_sample_dimension
*CC(=O)OCCCCCCCCCC,4.751275,13.421745,False,48,5,0.8,euclidean,random,StandardScaler_per_sample_dimension
*C(F)F,15.229045,0.40145403,False,48,5,0.8,euclidean,random,StandardScaler_per_sample_dimension
*CC(C)CNC=O,-1.7777679,6.2567,False,48,5,0.8,euclidean,random,StandardScaler_per_sample_dimension
*CC(O)CCOC=O,-0.49028805,2.8452556,False,48,5,0.8,euclidean,random,StandardScaler_per_sample_dimension
*CCNCCOC=O,10.148413,22.638542,False,48,5,0.8,euclidean,random,StandardScaler_per_sample_dimension
*CC1=C(CO)C=CC=C1,7.9204383,2.098906,False,48,5,0.8,euclidean,random,StandardScaler_per_sample_dimension
*CC1=CC=CC=C1CO,8.04838,2.2505896,False,48,5,0.8,euclidean,random,StandardScaler_per_sample_dimension
*CCN(C)CCOC=O,10.24156,22.729393,False,48,5,0.8,euclidean,random,StandardScaler_per_sample_dimension
*NC1=CC=C(CC2=CC=C(N)C=C2)C=C1,6.0629845,9.437737,False,48,5,0.8,euclidean,random,StandardScaler_per_sample_dimension
CCCCC(F)C(F)C(C)F,-7.682199,-0.53595805,False,48,5,0.8,euclidean,random,StandardScaler_per_sample_dimension
CCCCC(F)CC(C)F,14.60449,12.448461,False,48,5,0.8,euclidean,random,StandardScaler_per_sample_dimension
CCCCC(F)C(F)(F)C(C)F,14.658289,12.615511,False,48,5,0.8,euclidean,random,StandardScaler_per_sample_dimension
CCCCC(F)(F)C(F)C(C)F,14.391966,12.592199,False,48,5,0.8,euclidean,random,StandardScaler_per_sample_dimension
CCCCC(F)C(F)C(C)(F)F,14.442222,12.733583,False,48,5,0.8,euclidean,random,StandardScaler_per_sample_dimension
OCC(F)C(F)CF,2.7094164,16.933523,False,48,5,0.8,euclidean,random,StandardScaler_per_sample_dimension
CCCCCCCCF,15.526602,10.528288,False,48,5,0.8,euclidean,random,StandardScaler_per_sample_dimension
CCCCCC(F)(F)C(C)F,-8.112439,0.467839,False,48,5,0.8,euclidean,random,StandardScaler_per_sample_dimension
CCCCC(F)(F)CC(C)F,-8.167879,0.4593287,False,48,5,0.8,euclidean,random,StandardScaler_per_sample_dimension
CCCCC(F)(F)C(F)(F)C(C)F,-8.238685,0.46965602,False,48,5,0.8,euclidean,random,StandardScaler_per_sample_dimension
CCCCC(F)CC(C)(F)F,-8.130151,0.5114925,False,48,5,0.8,euclidean,random,StandardScaler_per_sample_dimension
CCCCC(F)(F)C(F)C(C)(F)F,-8.257125,0.5359516,False,48,5,0.8,euclidean,random,StandardScaler_per_sample_dimension
CCCCC(F)C(F)(F)C(C)(F)F,-8.120755,0.56109726,False,48,5,0.8,euclidean,random,StandardScaler_per_sample_dimension
CCCCCCCC(F)F,15.709604,10.520316,False,48,5,0.8,euclidean,random,StandardScaler_per_sample_dimension
OCC(F)C(F)C(F)F,2.904069,17.214296,False,48,5,0.8,euclidean,random,StandardScaler_per_sample_dimension
CCCCCC(F)(F)C(C)(F)F,12.6509905,11.823454,False,48,5,0.8,euclidean,random,StandardScaler_per_sample_dimension
CCCCC(F)(F)CC(C)(F)F,12.47659,11.935564,False,48,5,0.8,euclidean,random,StandardScaler_per_sample_dimension
CCCCC(F)(F)C(F)(F)C(C)(F)F,12.589674,12.023107,False,48,5,0.8,euclidean,random,StandardScaler_per_sample_dimension
NC1=CC(PC2=CC=CC=C2)=CC=C1,15.48367,-7.155962,False,48,5,0.8,euclidean,random,StandardScaler_per_sample_dimension
NC1=CC=CC(PC2=CC=CC=C2)=C1,15.614966,-7.2936563,False,48,5,0.8,euclidean,random,StandardScaler_per_sample_dimension
NC1=CC([PH](=O)C2=CC=CC=C2)=CC=C1,15.419067,-7.3173504,False,48,5,0.8,euclidean,random,StandardScaler_per_sample_dimension
NC1=CC=CC([PH](=O)C2=CC=CC=C2)=C1,15.463627,-7.2004933,False,48,5,0.8,euclidean,random,StandardScaler_per_sample_dimension
NP,-6.3172517,-10.953872,False,48,5,0.8,euclidean,random,StandardScaler_per_sample_dimension
CNC1=CC(C(F)(F)F)=CC=C1,19.777996,8.016574,False,48,5,0.8,euclidean,random,StandardScaler_per_sample_dimension
CNC1=CC=CC(C(F)(F)F)=C1,19.696613,7.959979,False,48,5,0.8,euclidean,random,StandardScaler_per_sample_dimension
CC(F)(F)C(F)CO,-5.1643376,10.579298,False,48,5,0.8,euclidean,random,StandardScaler_per_sample_dimension
CCOCC(C)F,10.984222,8.626381,False,48,5,0.8,euclidean,random,StandardScaler_per_sample_dimension
OCC(F)(F)CCF,11.3674345,14.7668705,False,48,5,0.8,euclidean,random,StandardScaler_per_sample_dimension
*C(C)COCCCCCCCCCC,5.3065233,13.51543,False,48,5,0.8,euclidean,random,StandardScaler_per_sample_dimension
*N1CCCC1=O,4.3410635,4.933728,False,48,5,0.8,euclidean,random,StandardScaler_per_sample_dimension
*C(C)COCCOCC,12.124608,9.331253,False,48,5,0.8,euclidean,random,StandardScaler_per_sample_dimension
CC1=C(C)SC=C1,5.6467776,6.3878517,False,48,5,0.8,euclidean,random,StandardScaler_per_sample_dimension
NC1=CC(P)=CC=C1,15.238905,-6.977076,False,48,5,0.8,euclidean,random,StandardScaler_per_sample_dimension
NC1=CC=CC(P)=C1,14.880257,-6.933822,False,48,5,0.8,euclidean,random,StandardScaler_per_sample_dimension
NC1=CC(P=O)=CC=C1,14.966575,-6.749777,False,48,5,0.8,euclidean,random,StandardScaler_per_sample_dimension
NC1=CC=CC(P=O)=C1,15.002195,-6.8550177,False,48,5,0.8,euclidean,random,StandardScaler_per_sample_dimension
*CC(*)C(N)=O,-4.9612994,0.0076094763,False,48,5,0.8,euclidean,random,StandardScaler_per_sample_dimension
*CC(F)(F)CC,15.396004,1.1810788,False,48,5,0.8,euclidean,random,StandardScaler_per_sample_dimension
*CCC(C)(F)F,15.350078,1.472555,False,48,5,0.8,euclidean,random,StandardScaler_per_sample_dimension
*OCNCC,-5.8156314,2.2557757,False,48,5,0.8,euclidean,random,StandardScaler_per_sample_dimension
*OC(=O)NCC,-5.740776,2.2238925,False,48,5,0.8,euclidean,random,StandardScaler_per_sample_dimension
*/C=C/C(C)C,9.404547,9.734344,False,48,5,0.8,euclidean,random,StandardScaler_per_sample_dimension
*/C=C\C(C)C,9.404598,9.60827,False,48,5,0.8,euclidean,random,StandardScaler_per_sample_dimension
CCC(F)(F)COC,14.479229,1.8785257,False,48,5,0.8,euclidean,random,StandardScaler_per_sample_dimension
*NC1=CC=C(CC2=CC=C(NC)C=C2)C=C1,5.9844036,9.362575,False,48,5,0.8,euclidean,random,StandardScaler_per_sample_dimension
*C(CO)CC(=O)O,20.193548,-5.9252844,False,48,5,0.8,euclidean,random,StandardScaler_per_sample_dimension
*CCCOC(C)=O,5.1854377,7.992565,False,48,5,0.8,euclidean,random,StandardScaler_per_sample_dimension
*C(CC(=O)O)C(=O)O,20.3058,-5.813182,False,48,5,0.8,euclidean,random,StandardScaler_per_sample_dimension
*C1=NN=CO1,5.089488,9.381494,False,48,5,0.8,euclidean,random,StandardScaler_per_sample_dimension
*N1CCCC1,4.2287965,5.0400424,False,48,5,0.8,euclidean,random,StandardScaler_per_sample_dimension
*N1C(=O)CCC1=O,4.316472,5.072975,False,48,5,0.8,euclidean,random,StandardScaler_per_sample_dimension
*CC(C)C(=O)NC=O,-1.8299272,6.2949967,False,48,5,0.8,euclidean,random,StandardScaler_per_sample_dimension
*CC(O)C(O)COC,-0.96433544,2.6813388,False,48,5,0.8,euclidean,random,StandardScaler_per_sample_dimension
*NC1=CC(N)=CC=C1,3.7543561,-13.216801,False,48,5,0.8,euclidean,random,StandardScaler_per_sample_dimension
*NC1=CC=C(N)C=C1,9.09683,11.7009735,False,48,5,0.8,euclidean,random,StandardScaler_per_sample_dimension
*NC1=CC=CC(N)=C1,3.6404357,-13.480482,False,48,5,0.8,euclidean,random,StandardScaler_per_sample_dimension
*CC(CCOC=O)OC,-0.5271406,2.803351,False,48,5,0.8,euclidean,random,StandardScaler_per_sample_dimension
*CC1=CC=C(CNC2=CC(N)=CC=C2)C=C1,24.88313,18.11676,False,48,5,0.8,euclidean,random,StandardScaler_per_sample_dimension
*CC1=CC=C(CNC2=CC=CC(N)=C2)C=C1,24.939455,18.229979,False,48,5,0.8,euclidean,random,StandardScaler_per_sample_dimension
CCCC(F)C(F)C(F)CC,-7.4714665,-0.9093858,False,48,5,0.8,euclidean,random,StandardScaler_per_sample_dimension
CCC(F)CC(F)C(F)CC,-7.3905487,-0.9411875,False,48,5,0.8,euclidean,random,StandardScaler_per_sample_dimension
CCCC(F)CC(F)CC,14.424064,13.343444,False,48,5,0.8,euclidean,random,StandardScaler_per_sample_dimension
CCCCCCC(F)CF,15.2311,12.15515,False,48,5,0.8,euclidean,random,StandardScaler_per_sample_dimension
CCCCCCC(F)C(F)F,-14.740187,7.6776023,False,48,5,0.8,euclidean,random,StandardScaler_per_sample_dimension
CCCC(F)C(F)CCC,16.529346,10.93886,False,48,5,0.8,euclidean,random,StandardScaler_per_sample_dimension
CCCC(F)C(F)(F)CCC,16.568579,10.868758,False,48,5,0.8,euclidean,random,StandardScaler_per_sample_dimension
CCCC(F)CC(F)(F)CC,16.854416,10.717498,False,48,5,0.8,euclidean,random,StandardScaler_per_sample_dimension
CCCC(F)(F)CC(F)CC,16.678612,10.87992,False,48,5,0.8,euclidean,random,StandardScaler_per_sample_dimension
CCC(F)CCC(F)CC,16.888779,10.616966,False,48,5,0.8,euclidean,random,StandardScaler_per_sample_dimension
CCC(F)CCC(F)(F)CC,17.012983,10.581323,False,48,5,0.8,euclidean,random,StandardScaler_per_sample_dimension
COCC(F)C(C)F,2.3784397,17.125563,False,48,5,0.8,euclidean,random,StandardScaler_per_sample_dimension
OCC(F)(F)C(F)CF,2.6375456,16.717075,False,48,5,0.8,euclidean,random,StandardScaler_per_sample_dimension
CC[SH]=O,4.0974984,11.093977,False,48,5,0.8,euclidean,random,StandardScaler_per_sample_dimension
FCC1=CC(N2CC3=C(C=CC=C3)C2)=CC=C1,19.371458,7.4874673,False,48,5,0.8,euclidean,random,StandardScaler_per_sample_dimension
FCC1=CC(N2CC3=CC=CC=C3C2)=CC=C1,19.4205,7.581608,False,48,5,0.8,euclidean,random,StandardScaler_per_sample_dimension
FCC1=CC=CC(N2CC3=CC=CC=C3C2)=C1,19.538553,7.6576233,False,48,5,0.8,euclidean,random,StandardScaler_per_sample_dimension
CCNC1=CC=CC(C(F)(F)F)=C1,19.612263,7.8240705,False,48,5,0.8,euclidean,random,StandardScaler_per_sample_dimension
*C(=O)OCCC,4.338512,7.7962027,False,48,5,0.8,euclidean,random,StandardScaler_per_sample_dimension
CC(F)CCCO,9.3472595,-3.7831109,False,48,5,0.8,euclidean,random,StandardScaler_per_sample_dimension
CC1=CSC(C)=C1,5.570991,6.158794,False,48,5,0.8,euclidean,random,StandardScaler_per_sample_dimension
*COC1=CC=C(CCC)C=C1,-0.4254172,11.947419,False,48,5,0.8,euclidean,random,StandardScaler_per_sample_dimension
*CCC(=O)OC(C)C,-4.230943,3.249277,False,48,5,0.8,euclidean,random,StandardScaler_per_sample_dimension
*CCN(C)CCC,-0.9423544,5.555647,False,48,5,0.8,euclidean,random,StandardScaler_per_sample_dimension
*CCOCCOC(C)=O,10.672094,8.755143,False,48,5,0.8,euclidean,random,StandardScaler_per_sample_dimension
*C(C)(CC)COC,27.294693,12.578386,False,48,5,0.8,euclidean,random,StandardScaler_per_sample_dimension
*C(C)(CC)C(=O)OC,27.413166,12.639844,False,48,5,0.8,euclidean,random,StandardScaler_per_sample_dimension
*CCCCCCCCCCCCC,5.4665236,8.553521,False,48,5,0.8,euclidean,random,StandardScaler_per_sample_dimension
CCCCCC(F)(F)F,9.65872,9.737863,False,48,5,0.8,euclidean,random,StandardScaler_per_sample_dimension
*[Si](C)(C)C1=CC=CC=C1,4.6290298,9.225993,False,48,5,0.8,euclidean,random,StandardScaler_per_sample_dimension
CC(F)(F)C(F)(F)CO,14.807176,2.0535054,False,48,5,0.8,euclidean,random,StandardScaler_per_sample_dimension
*CC(=O)OCCO,11.949077,10.45929,False,48,5,0.8,euclidean,random,StandardScaler_per_sample_dimension
*C(C)C1=CC=C(O)C=C1,2.906907,9.877457,False,48,5,0.8,euclidean,random,StandardScaler_per_sample_dimension
*OCCCCCCC,1.8872485,3.5565119,False,48,5,0.8,euclidean,random,StandardScaler_per_sample_dimension
*OC1=C(C)C=C(O)C=C1,4.095611,8.903812,False,48,5,0.8,euclidean,random,StandardScaler_per_sample_dimension
*OC1=CC=C(O)C=C1C,4.0788083,8.931996,False,48,5,0.8,euclidean,random,StandardScaler_per_sample_dimension
*OC1=CC=C(OC)C=C1C,4.1465654,8.979144,False,48,5,0.8,euclidean,random,StandardScaler_per_sample_dimension
*C(C)(F)F,14.9009905,0.44280264,False,48,5,0.8,euclidean,random,StandardScaler_per_sample_dimension
*CC(*)OC=O,-5.6929812,11.711964,False,48,5,0.8,euclidean,random,StandardScaler_per_sample_dimension
*SC1=CC=CC=C1,4.223518,9.784008,False,48,5,0.8,euclidean,random,StandardScaler_per_sample_dimension
*CCC(COC)OC,-0.82742524,3.3816378,False,48,5,0.8,euclidean,random,StandardScaler_per_sample_dimension
*CC(OC)C(O)COC,-0.679401,3.119258,False,48,5,0.8,euclidean,random,StandardScaler_per_sample_dimension
*CCN(CCO)C1=CC=CC=C1,10.185629,22.886719,False,48,5,0.8,euclidean,random,StandardScaler_per_sample_dimension
*CCN(CCOC)C1=CC=CC=C1,10.279068,22.859083,False,48,5,0.8,euclidean,random,StandardScaler_per_sample_dimension
CCCCC(F)C(F)C(F)CF,10.179496,-3.63731,False,48,5,0.8,euclidean,random,StandardScaler_per_sample_dimension
CCCCC(F)C(F)C(F)C(F)F,10.271227,-3.8969,False,48,5,0.8,euclidean,random,StandardScaler_per_sample_dimension
CCCC(F)CC(F)C(C)F,-7.750942,-0.64719874,False,48,5,0.8,euclidean,random,StandardScaler_per_sample_dimension
CCCC(F)C(F)CC(C)F,-7.5189342,-0.68561184,False,48,5,0.8,euclidean,random,StandardScaler_per_sample_dimension
CCC(F)CCC(F)C(C)F,-7.5247655,-0.7653146,False,48,5,0.8,euclidean,random,StandardScaler_per_sample_dimension
CCC(F)CC(F)CC(C)F,-7.6500163,-0.5540112,False,48,5,0.8,euclidean,random,StandardScaler_per_sample_dimension
CCC(F)C(F)CCC(C)F,-7.6856933,-0.64301103,False,48,5,0.8,euclidean,random,StandardScaler_per_sample_dimension
CCCCCC(F)C(F)CF,10.349931,-3.9168003,False,48,5,0.8,euclidean,random,StandardScaler_per_sample_dimension
CCCCC(F)C(F)CCF,10.418403,-4.0822744,False,48,5,0.8,euclidean,random,StandardScaler_per_sample_dimension
CCCCC(F)CC(F)CF,10.387176,-4.2850976,False,48,5,0.8,euclidean,random,StandardScaler_per_sample_dimension
CCCCC(F)C(F)(F)C(F)CF,10.313272,-3.9498823,False,48,5,0.8,euclidean,random,StandardScaler_per_sample_dimension
CCCCC(F)(F)C(F)C(F)CF,10.37024,-4.094529,False,48,5,0.8,euclidean,random,StandardScaler_per_sample_dimension
CCCCC(F)C(F)C(F)(F)CF,10.34101,-3.9960258,False,48,5,0.8,euclidean,random,StandardScaler_per_sample_dimension
CCCCCC(F)C(F)C(F)F,13.23747,-2.1856818,False,48,5,0.8,euclidean,random,StandardScaler_per_sample_dimension
CCCCC(F)C(F)CC(F)F,13.42034,-2.1860573,False,48,5,0.8,euclidean,random,StandardScaler_per_sample_dimension
CCCCC(F)CC(F)C(F)F,13.355622,-2.1773863,False,48,5,0.8,euclidean,random,StandardScaler_per_sample_dimension
CCCCC(F)C(F)(F)C(F)C(F)F,13.379793,-2.0815885,False,48,5,0.8,euclidean,random,StandardScaler_per_sample_dimension
CCCCC(F)(F)C(F)C(F)C(F)F,13.453493,-2.3703015,False,48,5,0.8,euclidean,random,StandardScaler_per_sample_dimension
CCCCC(F)C(F)C(F)(F)C(F)F,13.514816,-2.2580204,False,48,5,0.8,euclidean,random,StandardScaler_per_sample_dimension
CCCC(F)CCC(C)F,14.250649,12.729287,False,48,5,0.8,euclidean,random,StandardScaler_per_sample_dimension
CCC(F)CCCC(C)F,14.412832,12.779467,False,48,5,0.8,euclidean,random,StandardScaler_per_sample_dimension
CCCCCC(F)CCF,15.156885,12.348469,False,48,5,0.8,euclidean,random,StandardScaler_per_sample_dimension
CCCCCC(F)(F)C(F)CF,15.467446,12.256275,False,48,5,0.8,euclidean,random,StandardScaler_per_sample_dimension
CCCCCC(F)C(F)(F)CF,15.352788,12.167195,False,48,5,0.8,euclidean,random,StandardScaler_per_sample_dimension
CCCCC(F)CCCF,15.539523,12.407238,False,48,5,0.8,euclidean,random,StandardScaler_per_sample_dimension
CCCCC(F)C(F)(F)CCF,15.679484,12.584587,False,48,5,0.8,euclidean,random,StandardScaler_per_sample_dimension
CCCCC(F)(F)C(F)CCF,15.70332,12.576684,False,48,5,0.8,euclidean,random,StandardScaler_per_sample_dimension
CCCCC(F)(F)CC(F)CF,15.768407,12.542634,False,48,5,0.8,euclidean,random,StandardScaler_per_sample_dimension
CCCCC(F)(F)C(F)(F)C(F)CF,15.638152,12.367814,False,48,5,0.8,euclidean,random,StandardScaler_per_sample_dimension
CC1=CC(C(CF)C2=CC=CC=C2)=CC=C1,-14.274389,0.30198175,False,48,5,0.8,euclidean,random,StandardScaler_per_sample_dimension
CC1=CC=CC(C(CF)C2=CC=CC=C2)=C1,-14.462327,0.29670513,False,48,5,0.8,euclidean,random,StandardScaler_per_sample_dimension
CC1=CC(C(C2=CC=CC=C2)C(F)F)=CC=C1,-14.415763,0.26683775,False,48,5,0.8,euclidean,random,StandardScaler_per_sample_dimension
CC1=CC=CC(C(C2=CC=CC=C2)C(F)F)=C1,-14.427187,0.29348987,False,48,5,0.8,euclidean,random,StandardScaler_per_sample_dimension
CCCCC(F)CC(F)(F)CF,15.70226,12.42625,False,48,5,0.8,euclidean,random,StandardScaler_per_sample_dimension
CCCCC(F)(F)C(F)C(F)(F)CF,15.836018,12.295774,False,48,5,0.8,euclidean,random,StandardScaler_per_sample_dimension
CCCCC(F)C(F)(F)C(F)(F)CF,15.612256,12.472007,False,48,5,0.8,euclidean,random,StandardScaler_per_sample_dimension
CCC(F)CCCCCF,15.485092,11.198344,False,48,5,0.8,euclidean,random,StandardScaler_per_sample_dimension
CCCCCC(F)CC(F)F,-14.971478,7.917989,False,48,5,0.8,euclidean,random,StandardScaler_per_sample_dimension
CCCCCC(F)(F)C(F)C(F)F,-14.843006,7.782776,False,48,5,0.8,euclidean,random,StandardScaler_per_sample_dimension
CCCCCC(F)C(F)(F)C(F)F,-14.751638,7.7406716,False,48,5,0.8,euclidean,random,StandardScaler_per_sample_dimension
CCCCC(F)CCC(F)F,-15.08827,8.043643,False,48,5,0.8,euclidean,random,StandardScaler_per_sample_dimension
CCCCC(F)C(F)(F)CC(F)F,-15.082019,8.002751,False,48,5,0.8,euclidean,random,StandardScaler_per_sample_dimension
CCCCC(F)(F)C(F)CC(F)F,-15.1938925,8.167714,False,48,5,0.8,euclidean,random,StandardScaler_per_sample_dimension
CCCCC(F)(F)CC(F)C(F)F,-14.862066,7.8822904,False,48,5,0.8,euclidean,random,StandardScaler_per_sample_dimension
CCCCC(F)(F)C(F)(F)C(F)C(F)F,-14.998407,8.183435,False,48,5,0.8,euclidean,random,StandardScaler_per_sample_dimension
CCCCC(F)CC(F)(F)C(F)F,-15.045009,8.102365,False,48,5,0.8,euclidean,random,StandardScaler_per_sample_dimension
CCCCC(F)(F)C(F)C(F)(F)C(F)F,-15.082548,8.133961,False,48,5,0.8,euclidean,random,StandardScaler_per_sample_dimension
CCCCC(F)C(F)(F)C(F)(F)C(F)F,-14.940989,8.055213,False,48,5,0.8,euclidean,random,StandardScaler_per_sample_dimension
CCC(F)CCCCC(F)F,15.538945,10.8437,False,48,5,0.8,euclidean,random,StandardScaler_per_sample_dimension
CCCC(F)(F)CCC(C)F,13.948296,11.509902,False,48,5,0.8,euclidean,random,StandardScaler_per_sample_dimension
CCCC(F)CCC(C)(F)F,14.25432,11.383592,False,48,5,0.8,euclidean,random,StandardScaler_per_sample_dimension
CCCCCCC(F)(F)CF,20.62798,4.076788,False,48,5,0.8,euclidean,random,StandardScaler_per_sample_dimension
CCC(F)(F)CCCC(C)F,14.09196,11.58514,False,48,5,0.8,euclidean,random,StandardScaler_per_sample_dimension
CCC(F)CCCC(C)(F)F,14.181703,11.706969,False,48,5,0.8,euclidean,random,StandardScaler_per_sample_dimension
CCCCCC(F)(F)CCF,20.766193,4.1990867,False,48,5,0.8,euclidean,random,StandardScaler_per_sample_dimension
CCCCCC(F)(F)C(F)(F)CF,20.837122,4.2517486,False,48,5,0.8,euclidean,random,StandardScaler_per_sample_dimension
CCCCC(F)(F)CCCF,20.889072,4.311118,False,48,5,0.8,euclidean,random,StandardScaler_per_sample_dimension
CCCCC(F)(F)C(F)(F)CCF,20.806896,4.2212725,False,48,5,0.8,euclidean,random,StandardScaler_per_sample_dimension
CCCCC(F)(F)CC(F)(F)CF,20.808071,4.152643,False,48,5,0.8,euclidean,random,StandardScaler_per_sample_dimension
CCCCC(F)(F)C(F)(F)C(F)(F)CF,20.784182,4.222833,False,48,5,0.8,euclidean,random,StandardScaler_per_sample_dimension
CCCCCCC(F)(F)C(F)F,23.138529,4.959026,False,48,5,0.8,euclidean,random,StandardScaler_per_sample_dimension
CCCCCC(F)(F)CC(F)F,23.095428,4.9597015,False,48,5,0.8,euclidean,random,StandardScaler_per_sample_dimension
CCCCCC(F)(F)C(F)(F)C(F)F,23.244186,4.8960056,False,48,5,0.8,euclidean,random,StandardScaler_per_sample_dimension
CCCCC(F)(F)CCC(F)F,23.174654,5.0888977,False,48,5,0.8,euclidean,random,StandardScaler_per_sample_dimension
CCCCC(F)(F)C(F)(F)CC(F)F,23.193573,5.1195936,False,48,5,0.8,euclidean,random,StandardScaler_per_sample_dimension
CCCCC(F)(F)CC(F)(F)C(F)F,23.268583,5.031314,False,48,5,0.8,euclidean,random,StandardScaler_per_sample_dimension
CCCCC(F)(F)C(F)(F)C(F)(F)C(F)F,23.282211,5.198698,False,48,5,0.8,euclidean,random,StandardScaler_per_sample_dimension
OCC(F)C(F)(F)CF,2.6320944,16.592707,False,48,5,0.8,euclidean,random,StandardScaler_per_sample_dimension
COCC(F)CCF,2.7522728,16.289682,False,48,5,0.8,euclidean,random,StandardScaler_per_sample_dimension
*CCC(C)CCCC,7.5256224,8.004089,False,48,5,0.8,euclidean,random,StandardScaler_per_sample_dimension
*CCC(C)C(C)CC,6.6446514,8.02819,False,48,5,0.8,euclidean,random,StandardScaler_per_sample_dimension
CC(C)C1=CC=C(OC2=CC=C(S)C=C2)C=C1,3.1468134,12.757184,False,48,5,0.8,euclidean,random,StandardScaler_per_sample_dimension
*C(C)COC(C)C,-4.1112237,3.4567604,False,48,5,0.8,euclidean,random,StandardScaler_per_sample_dimension
*C(C)C(=O)OC(C)C,-4.0854096,3.5147648,False,48,5,0.8,euclidean,random,StandardScaler_per_sample_dimension
OCC(F)C(F)(F)C(F)F,3.031952,16.227339,False,48,5,0.8,euclidean,random,StandardScaler_per_sample_dimension
COCC(F)CC(F)F,2.9500277,16.24314,False,48,5,0.8,euclidean,random,StandardScaler_per_sample_dimension
O=CNC1=CC=CC(C(F)(F)F)=C1,19.506893,7.589421,False,48,5,0.8,euclidean,random,StandardScaler_per_sample_dimension
COCC(F)C(C)(F)F,-5.009666,10.742792,False,48,5,0.8,euclidean,random,StandardScaler_per_sample_dimension
COCC(F)(F)C(C)F,-5.086768,10.56474,False,48,5,0.8,euclidean,random,StandardScaler_per_sample_dimension
CC[SH](=O)=O,3.9956284,10.667238,False,48,5,0.8,euclidean,random,StandardScaler_per_sample_dimension
COP(O)O,19.026829,-2.662699,False,48,5,0.8,euclidean,random,StandardScaler_per_sample_dimension
*OP(O)OC,19.353342,-2.8863368,False,48,5,0.8,euclidean,random,StandardScaler_per_sample_dimension
COP(=O)(O)O,19.237015,-2.571611,False,48,5,0.8,euclidean,random,StandardScaler_per_sample_dimension
*OP(=O)(O)OC,19.148018,-2.6685026,False,48,5,0.8,euclidean,random,StandardScaler_per_sample_dimension
*/C=C/CCCCC,-8.327873,2.8130546,False,48,5,0.8,euclidean,random,StandardScaler_per_sample_dimension
*/C=C\CCCCC,-8.2516,2.9466524,False,48,5,0.8,euclidean,random,StandardScaler_per_sample_dimension
*NCCCCCCNCC,10.82007,0.438152,False,48,5,0.8,euclidean,random,StandardScaler_per_sample_dimension
O=CC1=CC=C(S)C=C1,-6.6113386,-4.921313,False,48,5,0.8,euclidean,random,StandardScaler_per_sample_dimension
*N(CCC)C(C)=O,2.0966275,5.1577153,False,48,5,0.8,euclidean,random,StandardScaler_per_sample_dimension
*CCCCCOCC,13.270796,0.73237085,False,48,5,0.8,euclidean,random,StandardScaler_per_sample_dimension
CCOP=O,-1.7764071,11.898723,False,48,5,0.8,euclidean,random,StandardScaler_per_sample_dimension
*CC(C)COC=O,5.373355,7.2774587,False,48,5,0.8,euclidean,random,StandardScaler_per_sample_dimension
*[Si](C)(C)CCC,4.722339,8.972399,False,48,5,0.8,euclidean,random,StandardScaler_per_sample_dimension
*CNCC,4.4546943,8.893822,False,48,5,0.8,euclidean,random,StandardScaler_per_sample_dimension
*CCC(=O)OCCCCCCCCCC,4.3662767,13.208307,False,48,5,0.8,euclidean,random,StandardScaler_per_sample_dimension
CC(F)(F)CCCO,-3.2623932,-8.756255,False,48,5,0.8,euclidean,random,StandardScaler_per_sample_dimension
*C(C)CCC(C)O,8.77983,8.113211,False,48,5,0.8,euclidean,random,StandardScaler_per_sample_dimension
*[SH](=O)=O,4.2668576,9.888145,False,48,5,0.8,euclidean,random,StandardScaler_per_sample_dimension
OP(O)O,-2.4036493,11.564261,False,48,5,0.8,euclidean,random,StandardScaler_per_sample_dimension
*OP(O)O,-2.4905283,11.699796,False,48,5,0.8,euclidean,random,StandardScaler_per_sample_dimension
O=P(O)(O)O,-2.3074,11.630469,False,48,5,0.8,euclidean,random,StandardScaler_per_sample_dimension
*OP(=O)(O)O,-2.3209765,11.665599,False,48,5,0.8,euclidean,random,StandardScaler_per_sample_dimension
COP(O)OC,-2.2624955,11.694545,False,48,5,0.8,euclidean,random,StandardScaler_per_sample_dimension
*OP(OC)OC,-2.2895765,11.432617,False,48,5,0.8,euclidean,random,StandardScaler_per_sample_dimension
COP(=O)(O)OC,-2.3873515,11.557566,False,48,5,0.8,euclidean,random,StandardScaler_per_sample_dimension
*OP(=O)(OC)OC,-2.3340838,11.733488,False,48,5,0.8,euclidean,random,StandardScaler_per_sample_dimension
*CC(O)C(COC)OC,-0.64142776,3.3635037,False,48,5,0.8,euclidean,random,StandardScaler_per_sample_dimension
*CC(OC)C(COC)OC,-0.72139794,3.1946204,False,48,5,0.8,euclidean,random,StandardScaler_per_sample_dimension
*CCN(CCOC=O)C1=CC=CC=C1,10.161155,22.972942,False,48,5,0.8,euclidean,random,StandardScaler_per_sample_dimension
CC1=CC(C(C)(CF)C2=CC=CC=C2)=CC=C1,-14.330043,0.24914795,False,48,5,0.8,euclidean,random,StandardScaler_per_sample_dimension
CC1=CC=CC(C(C)(CF)C2=CC=CC=C2)=C1,-14.446143,0.27602753,False,48,5,0.8,euclidean,random,StandardScaler_per_sample_dimension
COCC(F)C(F)CF,2.8704965,16.825165,False,48,5,0.8,euclidean,random,StandardScaler_per_sample_dimension
*CC(F)C(C)F,15.053972,1.3407952,False,48,5,0.8,euclidean,random,StandardScaler_per_sample_dimension
COCC(F)C(F)C(F)F,2.8631077,17.077047,False,48,5,0.8,euclidean,random,StandardScaler_per_sample_dimension
CCNC1=CC=C([SH]=O)C=C1,18.058874,-0.55792737,False,48,5,0.8,euclidean,random,StandardScaler_per_sample_dimension
CCC(F)C(F)CC(F)(F)F,17.844742,-3.6350925,False,48,5,0.8,euclidean,random,StandardScaler_per_sample_dimension
*NC(=O)CCCCCNC,10.619145,0.42735475,False,48,5,0.8,euclidean,random,StandardScaler_per_sample_dimension
O=COCCF,-3.4256983,-2.0209112,False,48,5,0.8,euclidean,random,StandardScaler_per_sample_dimension
CCO[PH](=O)O,-1.6272068,11.871976,False,48,5,0.8,euclidean,random,StandardScaler_per_sample_dimension
*OCC(C)C,5.022404,7.4691825,False,48,5,0.8,euclidean,random,StandardScaler_per_sample_dimension
*CC(*)C(=O)NC,-4.9143443,0.21032804,False,48,5,0.8,euclidean,random,StandardScaler_per_sample_dimension
CCNC1=CC=C([SH](=O)=O)C=C1,-3.0984378,-7.212334,False,48,5,0.8,euclidean,random,StandardScaler_per_sample_dimension
CCCC(F)CC(F)(F)F,3.770497,28.782812,False,48,5,0.8,euclidean,random,StandardScaler_per_sample_dimension
CCC(F)CCC(F)(F)F,3.5929475,28.81917,False,48,5,0.8,euclidean,random,StandardScaler_per_sample_dimension
CCC(F)C(F)(F)CC(F)(F)F,3.7896965,28.679049,False,48,5,0.8,euclidean,random,StandardScaler_per_sample_dimension
OCC(F)(F)C(F)(F)CF,-1.2153435,-4.6159635,False,48,5,0.8,euclidean,random,StandardScaler_per_sample_dimension
*CC(F)(F)C(C)F,15.04223,1.3394957,False,48,5,0.8,euclidean,random,StandardScaler_per_sample_dimension
COCC(F)(F)CCF,11.114646,14.841246,False,48,5,0.8,euclidean,random,StandardScaler_per_sample_dimension
*C(C)C(=O)OCCCCCCCCCC,5.25305,13.507937,False,48,5,0.8,euclidean,random,StandardScaler_per_sample_dimension
*CC(CC)CC(C)C,6.4606414,8.407481,False,48,5,0.8,euclidean,random,StandardScaler_per_sample_dimension
*CCOCC(O)CO,9.47009,7.613555,False,48,5,0.8,euclidean,random,StandardScaler_per_sample_dimension
*C(C)C(=O)OCCO,11.861604,10.121944,False,48,5,0.8,euclidean,random,StandardScaler_per_sample_dimension
*CCC(CC)CO,7.0256753,5.1085105,False,48,5,0.8,euclidean,random,StandardScaler_per_sample_dimension
*NC(=O)CCCCCN,11.1114,0.69406104,False,48,5,0.8,euclidean,random,StandardScaler_per_sample_dimension
*CC(*)COC(C)C,-4.2000184,3.2871008,False,48,5,0.8,euclidean,random,StandardScaler_per_sample_dimension
*CC(*)C(=O)OC(C)C,-4.347892,3.3334885,False,48,5,0.8,euclidean,random,StandardScaler_per_sample_dimension
CCO[PH](=O)OC,-1.7799561,11.970964,False,48,5,0.8,euclidean,random,StandardScaler_per_sample_dimension
*OC1=CC=C(C(CC)CC)C=C1,2.4842389,9.924245,False,48,5,0.8,euclidean,random,StandardScaler_per_sample_dimension
*CC(C)COCCCCCCCCC,4.0423517,13.207993,False,48,5,0.8,euclidean,random,StandardScaler_per_sample_dimension
*CCCCCCNCCC,4.4641414,8.858613,False,48,5,0.8,euclidean,random,StandardScaler_per_sample_dimension
*CC(*)COCCCCCCCCCC,4.812589,13.359838,False,48,5,0.8,euclidean,random,StandardScaler_per_sample_dimension
*CC(*)C(=O)OCCCCCCCCCC,4.72524,13.230457,False,48,5,0.8,euclidean,random,StandardScaler_per_sample_dimension
*CCC(=O)OCCO,11.749456,10.27619,False,48,5,0.8,euclidean,random,StandardScaler_per_sample_dimension
CCCC(F)(F)CC(F)(F)F,25.389742,12.056278,False,48,5,0.8,euclidean,random,StandardScaler_per_sample_dimension
*C(C)COCC(O)CO,9.751924,7.701678,False,48,5,0.8,euclidean,random,StandardScaler_per_sample_dimension
*CC(*)COCCO,11.888436,10.339207,False,48,5,0.8,euclidean,random,StandardScaler_per_sample_dimension
*CC(*)C(=O)OCCO,11.830054,10.467356,False,48,5,0.8,euclidean,random,StandardScaler_per_sample_dimension
COCC(F)(F)C(C)(F)F,14.907813,1.8687505,False,48,5,0.8,euclidean,random,StandardScaler_per_sample_dimension
*C(C=O)CC(=O)OC,20.03464,-5.803851,False,48,5,0.8,euclidean,random,StandardScaler_per_sample_dimension
*C(CO)CC(=O)OC,20.085354,-5.8286366,False,48,5,0.8,euclidean,random,StandardScaler_per_sample_dimension
*C(CC(=O)OC)C(=O)O,20.19409,-5.9541254,False,48,5,0.8,euclidean,random,StandardScaler_per_sample_dimension
*CCCCCCOC1=CC=C(C)C=C1,2.204169,5.808842,False,48,5,0.8,euclidean,random,StandardScaler_per_sample_dimension
*O[Si](C)(C)O,5.3075566,8.732713,False,48,5,0.8,euclidean,random,StandardScaler_per_sample_dimension
*CCCCC(N)=O,-1.73918,5.745319,False,48,5,0.8,euclidean,random,StandardScaler_per_sample_dimension
*CCCC1=CC=CC=C1,2.3605027,4.332933,False,48,5,0.8,euclidean,random,StandardScaler_per_sample_dimension
*C(=O)C1=CC(CO)=CC=C1,11.676311,-11.97597,False,48,5,0.8,euclidean,random,StandardScaler_per_sample_dimension
*C(=O)C1=CC=CC(CO)=C1,11.666557,-12.003525,False,48,5,0.8,euclidean,random,StandardScaler_per_sample_dimension
CCCC(F)CC(F)CCF,-3.000215,-0.48428258,False,48,5,0.8,euclidean,random,StandardScaler_per_sample_dimension
CCCC(F)C(F)CCCF,-2.9569502,-0.71753913,False,48,5,0.8,euclidean,random,StandardScaler_per_sample_dimension
CCCC(F)CCC(F)CF,-3.033347,-0.52634746,False,48,5,0.8,euclidean,random,StandardScaler_per_sample_dimension
CCC(F)CCC(F)CCF,-3.0747256,-0.68879896,False,48,5,0.8,euclidean,random,StandardScaler_per_sample_dimension
CCC(F)CC(F)CCCF,-3.179131,-0.7318087,False,48,5,0.8,euclidean,random,StandardScaler_per_sample_dimension
CCC(F)C(F)CCCCF,-3.093088,-0.64248455,False,48,5,0.8,euclidean,random,StandardScaler_per_sample_dimension
CCC(F)CCCC(F)CF,-2.9673357,-0.673457,False,48,5,0.8,euclidean,random,StandardScaler_per_sample_dimension
CCCC(F)CCCCF,14.026925,12.356355,False,48,5,0.8,euclidean,random,StandardScaler_per_sample_dimension
O=CC1=CC=C(C(CF)C2=CC=CC=C2)C=C1,-9.699581,5.9089255,False,48,5,0.8,euclidean,random,StandardScaler_per_sample_dimension
CCCC(F)CCCC(F)F,13.841145,11.780774,False,48,5,0.8,euclidean,random,StandardScaler_per_sample_dimension
CCC(F)C(F)C(F)C(F)(F)F,17.724487,-3.7252662,False,48,5,0.8,euclidean,random,StandardScaler_per_sample_dimension
CCCC(F)(F)CCCCF,13.983798,11.511825,False,48,5,0.8,euclidean,random,StandardScaler_per_sample_dimension
CCC(F)(F)CCCCCF,13.981107,11.434459,False,48,5,0.8,euclidean,random,StandardScaler_per_sample_dimension
CC(F)C(F)CCO,19.079727,9.094241,False,48,5,0.8,euclidean,random,StandardScaler_per_sample_dimension
CCC(F)CC(F)C(F)(F)F,17.755754,-3.6219006,False,48,5,0.8,euclidean,random,StandardScaler_per_sample_dimension
CCCC(F)C(F)C(F)(F)F,17.645859,-3.5571566,False,48,5,0.8,euclidean,random,StandardScaler_per_sample_dimension
CCC(F)(F)C(F)C(F)C(F)(F)F,17.81109,-3.6059377,False,48,5,0.8,euclidean,random,StandardScaler_per_sample_dimension
CCC(F)C(F)(F)C(F)C(F)(F)F,17.683739,-3.526847,False,48,5,0.8,euclidean,random,StandardScaler_per_sample_dimension
CCC(F)C(F)C(F)(F)C(F)(F)F,17.70839,-3.4155462,False,48,5,0.8,euclidean,random,StandardScaler_per_sample_dimension
COCC(F)C(F)(F)CF,2.7329895,16.74474,False,48,5,0.8,euclidean,random,StandardScaler_per_sample_dimension
COCC(F)(F)C(F)CF,2.7150722,16.727264,False,48,5,0.8,euclidean,random,StandardScaler_per_sample_dimension
*COC1=CC=C(C(C)CC)C=C1,-0.340892,11.944028,False,48,5,0.8,euclidean,random,StandardScaler_per_sample_dimension
*N(C)CCCCCCC,-1.5624974,8.819019,False,48,5,0.8,euclidean,random,StandardScaler_per_sample_dimension
*NCCCCCC(=O)NC,10.487641,0.5092075,False,48,5,0.8,euclidean,random,StandardScaler_per_sample_dimension
*NC(=O)CCCCC(=O)NC,10.612208,0.5864445,False,48,5,0.8,euclidean,random,StandardScaler_per_sample_dimension
*CCC(CC)CC,7.2220836,8.222006,False,48,5,0.8,euclidean,random,StandardScaler_per_sample_dimension
*C1=CC(C(C)C)=CC=C1,24.19438,5.9412794,False,48,5,0.8,euclidean,random,StandardScaler_per_sample_dimension
*C1=CC=CC(C(C)C)=C1,24.172274,5.952706,False,48,5,0.8,euclidean,random,StandardScaler_per_sample_dimension
*N(CC)CCCCC,-1.731957,8.172883,False,48,5,0.8,euclidean,random,StandardScaler_per_sample_dimension
*N(CC)C(=O)CCCC,-1.7500728,8.161715,False,48,5,0.8,euclidean,random,StandardScaler_per_sample_dimension
COCC(F)C(F)(F)C(F)F,3.1211085,16.088713,False,48,5,0.8,euclidean,random,StandardScaler_per_sample_dimension
*CC(F)C(C)(F)F,15.206711,1.4835331,False,48,5,0.8,euclidean,random,StandardScaler_per_sample_dimension
CCC(F)CCO,9.540806,-3.7790046,False,48,5,0.8,euclidean,random,StandardScaler_per_sample_dimension
CC(F)(F)C(F)CCO,9.491759,-3.807098,False,48,5,0.8,euclidean,random,StandardScaler_per_sample_dimension
*NCCCCCCCCCCC,3.8988342,-2.7975745,False,48,5,0.8,euclidean,random,StandardScaler_per_sample_dimension
CCCCC(F)C(F)(F)F,3.5001123,28.800306,False,48,5,0.8,euclidean,random,StandardScaler_per_sample_dimension
CCC(F)(F)C(F)CC(F)(F)F,3.7093525,28.605162,False,48,5,0.8,euclidean,random,StandardScaler_per_sample_dimension
CCC(F)(F)CC(F)C(F)(F)F,3.667049,28.630285,False,48,5,0.8,euclidean,random,StandardScaler_per_sample_dimension
CCC(F)CC(F)(F)C(F)(F)F,3.7992773,28.538446,False,48,5,0.8,euclidean,random,StandardScaler_per_sample_dimension
CCCC(F)(F)C(F)C(F)(F)F,3.5911837,28.517897,False,48,5,0.8,euclidean,random,StandardScaler_per_sample_dimension
CCCC(F)C(F)(F)C(F)(F)F,3.7712138,28.529684,False,48,5,0.8,euclidean,random,StandardScaler_per_sample_dimension
CCC(F)(F)C(F)(F)C(F)C(F)(F)F,3.553883,28.75128,False,48,5,0.8,euclidean,random,StandardScaler_per_sample_dimension
CCC(F)(F)C(F)C(F)(F)C(F)(F)F,3.8037727,28.495201,False,48,5,0.8,euclidean,random,StandardScaler_per_sample_dimension
CCC(F)C(F)(F)C(F)(F)C(F)(F)F,3.530841,28.762112,False,48,5,0.8,euclidean,random,StandardScaler_per_sample_dimension
*CCCCC(=O)NC,-1.1162356,5.914586,False,48,5,0.8,euclidean,random,StandardScaler_per_sample_dimension
*CCNC(=O)CCC,-1.2022877,6.4959545,False,48,5,0.8,euclidean,random,StandardScaler_per_sample_dimension
*NCCCCCC=O,11.25654,0.44906032,False,48,5,0.8,euclidean,random,StandardScaler_per_sample_dimension
*NC(=O)CCCCC=O,11.089145,0.41622403,False,48,5,0.8,euclidean,random,StandardScaler_per_sample_dimension
*NCCCCCC(N)=O,11.039335,0.5513526,False,48,5,0.8,euclidean,random,StandardScaler_per_sample_dimension
*NC(=O)CCCCC(N)=O,11.227141,0.5803794,False,48,5,0.8,euclidean,random,StandardScaler_per_sample_dimension
CC1=CC=C([Si](C)(C)C)C=C1,2.7317932,8.456725,False,48,5,0.8,euclidean,random,StandardScaler_per_sample_dimension
*C1=C(C)C=C(CC2=CC=CC=C2)C=C1,19.461702,20.09604,False,48,5,0.8,euclidean,random,StandardScaler_per_sample_dimension
*C1=CC=C(CC2=CC=CC=C2)C=C1C,19.517437,20.097586,False,48,5,0.8,euclidean,random,StandardScaler_per_sample_dimension
O=COCC(F)F,-3.2910712,-1.8306353,False,48,5,0.8,euclidean,random,StandardScaler_per_sample_dimension
*CCCCOCCCC,6.6518064,1.5747796,False,48,5,0.8,euclidean,random,StandardScaler_per_sample_dimension
*OC1=CC=C(CC2=CC(C)=CC=C2)C=C1,7.8339434,18.119059,False,48,5,0.8,euclidean,random,StandardScaler_per_sample_dimension
*OC1=CC=C(CC2=CC=CC(C)=C2)C=C1,7.86607,18.182388,False,48,5,0.8,euclidean,random,StandardScaler_per_sample_dimension
*CCC1=CC=C(CC)C=C1,7.239365,12.549463,False,48,5,0.8,euclidean,random,StandardScaler_per_sample_dimension
*C(C)(C)CCO,8.218055,-14.734627,False,48,5,0.8,euclidean,random,StandardScaler_per_sample_dimension
CCC(F)(F)CCC(F)(F)F,25.368923,12.108248,False,48,5,0.8,euclidean,random,StandardScaler_per_sample_dimension
CCCCC(F)(F)C(F)(F)F,25.450306,12.079195,False,48,5,0.8,euclidean,random,StandardScaler_per_sample_dimension
CCC(F)(F)C(F)(F)CC(F)(F)F,25.41717,12.061933,False,48,5,0.8,euclidean,random,StandardScaler_per_sample_dimension
CCC(F)(F)CC(F)(F)C(F)(F)F,25.610014,12.252847,False,48,5,0.8,euclidean,random,StandardScaler_per_sample_dimension
CCCC(F)(F)C(F)(F)C(F)(F)F,25.38894,12.099958,False,48,5,0.8,euclidean,random,StandardScaler_per_sample_dimension
CCC(F)(F)C(F)(F)C(F)(F)C(F)(F)F,25.530035,12.133457,False,48,5,0.8,euclidean,random,StandardScaler_per_sample_dimension
*CCOCCCCCCO,4.171624,18.659002,False,48,5,0.8,euclidean,random,StandardScaler_per_sample_dimension
*CCCOCCCCCCOC,4.6529374,18.948711,False,48,5,0.8,euclidean,random,StandardScaler_per_sample_dimension
*CCC1=C(C)C=CC=C1,-4.39579,28.733473,False,48,5,0.8,euclidean,random,StandardScaler_per_sample_dimension
*CCC1=CC=CC=C1C,-4.3063087,28.817373,False,48,5,0.8,euclidean,random,StandardScaler_per_sample_dimension
*C(C)(C)CC=O,8.017954,-15.028436,False,48,5,0.8,euclidean,random,StandardScaler_per_sample_dimension
*C(C)(C=O)CC=O,7.915336,-15.174026,False,48,5,0.8,euclidean,random,StandardScaler_per_sample_dimension
*C(=O)C1=CC(COC)=CC=C1,-4.951218,22.086384,False,48,5,0.8,euclidean,random,StandardScaler_per_sample_dimension
*C(=O)C1=CC=CC(COC)=C1,-4.9462147,22.152948,False,48,5,0.8,euclidean,random,StandardScaler_per_sample_dimension
*C(=O)CCCCCCCCC,7.9924583,6.535932,False,48,5,0.8,euclidean,random,StandardScaler_per_sample_dimension
CC(CF)C1=CC=C(N)C=C1,6.5414276,5.141272,False,48,5,0.8,euclidean,random,StandardScaler_per_sample_dimension
CC(C1=CC=C(N)C=C1)C(F)F,6.528798,5.1701913,False,48,5,0.8,euclidean,random,StandardScaler_per_sample_dimension
NC1=CC=C(C(CF)C2=CC=CC=C2)C=C1,6.310023,5.3983097,False,48,5,0.8,euclidean,random,StandardScaler_per_sample_dimension
CC(CF)(C1=CC=CC=C1)C1=CC=C(N)C=C1,6.482019,5.6095085,False,48,5,0.8,euclidean,random,StandardScaler_per_sample_dimension
NC1=CC=C(C(C2=CC=CC=C2)C(F)F)C=C1,6.545429,5.6839004,False,48,5,0.8,euclidean,random,StandardScaler_per_sample_dimension
NC1=CC=C(CCF)C=C1,6.2958493,5.900128,False,48,5,0.8,euclidean,random,StandardScaler_per_sample_dimension
NC1=CC=C(CC(F)F)C=C1,6.3460875,5.830162,False,48,5,0.8,euclidean,random,StandardScaler_per_sample_dimension
CC(C1=CC=C(N)C=C1)C(F)(F)F,5.9802313,6.6333437,False,48,5,0.8,euclidean,random,StandardScaler_per_sample_dimension
*C1=CC=C(CCF)C=C1,19.058466,-8.180054,False,48,5,0.8,euclidean,random,StandardScaler_per_sample_dimension
*C1=CC=C(CC(F)F)C=C1,19.174906,-8.300266,False,48,5,0.8,euclidean,random,StandardScaler_per_sample_dimension
CC1=CC=C(OC2=CC=CC=C2CF)C=C1,3.1589568,8.148827,False,48,5,0.8,euclidean,random,StandardScaler_per_sample_dimension
CC1=CC=C(OC2=CC=CC=C2C(F)F)C=C1,2.9549847,8.162828,False,48,5,0.8,euclidean,random,StandardScaler_per_sample_dimension
CCCSCC,4.929711,10.232408,False,48,5,0.8,euclidean,random,StandardScaler_per_sample_dimension
NC1=CC=C(S(=O)C2=CC=CC=C2)C=C1,11.07609,6.655761,False,48,5,0.8,euclidean,random,StandardScaler_per_sample_dimension
NC1=CC=C(CC(F)(F)F)C=C1,5.359832,7.687094,False,48,5,0.8,euclidean,random,StandardScaler_per_sample_dimension
*NCCC(C)C,3.9131281,4.1881576,False,48,5,0.8,euclidean,random,StandardScaler_per_sample_dimension
CC(F)C(F)(F)CCO,9.2781925,-3.845191,False,48,5,0.8,euclidean,random,StandardScaler_per_sample_dimension
CCOCCCCF,12.130457,14.786863,False,48,5,0.8,euclidean,random,StandardScaler_per_sample_dimension
*C(C)C(C)CCCC,7.16477,8.150285,False,48,5,0.8,euclidean,random,StandardScaler_per_sample_dimension
COCCCC(C)F,11.908229,29.098852,False,48,5,0.8,euclidean,random,StandardScaler_per_sample_dimension
O=COCCCF,12.440982,4.1489644,False,48,5,0.8,euclidean,random,StandardScaler_per_sample_dimension
COCC(F)(F)C(F)(F)CF,-1.388876,-4.3837075,False,48,5,0.8,euclidean,random,StandardScaler_per_sample_dimension
*NC(=O)CCCCCNCC,10.867132,0.4135961,False,48,5,0.8,euclidean,random,StandardScaler_per_sample_dimension
NC1=CC=C(S(=O)(=O)C2=CC=CC=C2)C=C1,10.952858,6.783657,False,48,5,0.8,euclidean,random,StandardScaler_per_sample_dimension
*CCOCC(C)C,4.6659555,8.484861,False,48,5,0.8,euclidean,random,StandardScaler_per_sample_dimension
O=POC1=CC=CC=C1,20.025784,-15.865369,False,48,5,0.8,euclidean,random,StandardScaler_per_sample_dimension
*CCC(C)CCO,7.4784265,5.0663495,False,48,5,0.8,euclidean,random,StandardScaler_per_sample_dimension
*C(C)OCCC,4.7947173,7.626672,False,48,5,0.8,euclidean,random,StandardScaler_per_sample_dimension
CCOCCCC(F)F,11.763164,14.8335705,False,48,5,0.8,euclidean,random,StandardScaler_per_sample_dimension
*C(C)(C=O)CCO,8.114925,-14.522873,False,48,5,0.8,euclidean,random,StandardScaler_per_sample_dimension
*[Si](C)(O)CCCC,2.6320734,8.435099,False,48,5,0.8,euclidean,random,StandardScaler_per_sample_dimension
CCC(F)(F)CCO,-3.4657526,-8.763637,False,48,5,0.8,euclidean,random,StandardScaler_per_sample_dimension
CC(F)(F)C(F)(F)CCO,-3.3642333,-8.774171,False,48,5,0.8,euclidean,random,StandardScaler_per_sample_dimension
*C(C)(CO)CCO,8.340671,-14.899807,False,48,5,0.8,euclidean,random,StandardScaler_per_sample_dimension
*CC1CCCCC1,4.099016,8.074511,False,48,5,0.8,euclidean,random,StandardScaler_per_sample_dimension
*C(C)(CCO)C(=O)O,8.30386,-14.7508335,False,48,5,0.8,euclidean,random,StandardScaler_per_sample_dimension
COCCCC(C)(F)F,-3.6780205,-8.572294,False,48,5,0.8,euclidean,random,StandardScaler_per_sample_dimension
*C(CC=O)COC,19.951982,-5.7473927,False,48,5,0.8,euclidean,random,StandardScaler_per_sample_dimension
*C(CC=O)C(=O)OC,19.916294,-5.7100654,False,48,5,0.8,euclidean,random,StandardScaler_per_sample_dimension
*C(COC)CC(=O)O,19.726084,-5.589176,False,48,5,0.8,euclidean,random,StandardScaler_per_sample_dimension
*C(CC(=O)O)C(=O)OC,19.776579,-5.5931606,False,48,5,0.8,euclidean,random,StandardScaler_per_sample_dimension
*C(COC)CC(=O)OC,19.78512,-5.7128353,False,48,5,0.8,euclidean,random,StandardScaler_per_sample_dimension
*C(CC(=O)OC)C(=O)OC,19.782368,-5.617968,False,48,5,0.8,euclidean,random,StandardScaler_per_sample_dimension
*C(C)(C)CC(=O)O,8.12443,-14.945761,False,48,5,0.8,euclidean,random,StandardScaler_per_sample_dimension
*C(C)(CO)CC=O,8.146242,-14.906396,False,48,5,0.8,euclidean,random,StandardScaler_per_sample_dimension
*C(C)(C=O)CC(=O)O,8.198405,-14.891959,False,48,5,0.8,euclidean,random,StandardScaler_per_sample_dimension
*C(C)(CC=O)C(=O)O,8.2096815,-14.799342,False,48,5,0.8,euclidean,random,StandardScaler_per_sample_dimension
*CCOC(CO)CO,9.843774,8.189408,False,48,5,0.8,euclidean,random,StandardScaler_per_sample_dimension
*NC1=CC(NC)=CC=C1,3.707174,-13.309023,False,48,5,0.8,euclidean,random,StandardScaler_per_sample_dimension
*NC1=CC=CC(NC)=C1,3.7262747,-13.455213,False,48,5,0.8,euclidean,random,StandardScaler_per_sample_dimension
*C1=C2C=CC=CC2=CC=C1,5.6878376,10.453399,False,48,5,0.8,euclidean,random,StandardScaler_per_sample_dimension
*C1=CC=CC2=CC=CC=C12,5.5809355,10.370604,False,48,5,0.8,euclidean,random,StandardScaler_per_sample_dimension
*C1=CC=C(C(C)CF)C=C1,19.18914,-8.095208,False,48,5,0.8,euclidean,random,StandardScaler_per_sample_dimension
*C1=CC=C(C(C)C(F)F)C=C1,19.321857,-8.005927,False,48,5,0.8,euclidean,random,StandardScaler_per_sample_dimension
*C1=CC=C(C(CF)C2=CC=CC=C2)C=C1,19.122261,-8.201044,False,48,5,0.8,euclidean,random,StandardScaler_per_sample_dimension
*C1=CC=C(C(C)(CF)C2=CC=CC=C2)C=C1,19.21742,-8.162642,False,48,5,0.8,euclidean,random,StandardScaler_per_sample_dimension
*C1=CC=C(C(C2=CC=CC=C2)C(F)F)C=C1,19.062334,-8.220198,False,48,5,0.8,euclidean,random,StandardScaler_per_sample_dimension
CNCC1=CC=CC(S)=C1,1.1537815,-11.286785,False,48,5,0.8,euclidean,random,StandardScaler_per_sample_dimension
CNC(=O)C1=CC=CC(S)=C1,1.4207224,-11.523643,False,48,5,0.8,euclidean,random,StandardScaler_per_sample_dimension
CNCC1=CC=CC(SC2=CC=CC=C2)=C1,1.4296192,-11.361073,False,48,5,0.8,euclidean,random,StandardScaler_per_sample_dimension
CNC(=O)C1=CC=CC(SC2=CC=CC=C2)=C1,1.3568771,-11.404235,False,48,5,0.8,euclidean,random,StandardScaler_per_sample_dimension
*NCCCC(C)C,3.1792696,3.0242827,False,48,5,0.8,euclidean,random,StandardScaler_per_sample_dimension
*S(C)=O,4.2468376,10.386365,False,48,5,0.8,euclidean,random,StandardScaler_per_sample_dimension
*NCCCCCC(=O)NCC,10.732047,0.27515307,False,48,5,0.8,euclidean,random,StandardScaler_per_sample_dimension
*NC(=O)CCCCC(=O)NCC,10.885045,0.40839955,False,48,5,0.8,euclidean,random,StandardScaler_per_sample_dimension
*C1=CC=C(CC(F)(F)F)C=C1,4.8406115,8.592646,False,48,5,0.8,euclidean,random,StandardScaler_per_sample_dimension
CCC1=CSC=C1,6.1463127,5.7347584,False,48,5,0.8,euclidean,random,StandardScaler_per_sample_dimension
NCC1=CC(S)=CC=C1,1.2725425,-11.611023,False,48,5,0.8,euclidean,random,StandardScaler_per_sample_dimension
NCC1=CC=CC(S)=C1,1.3940862,-11.464791,False,48,5,0.8,euclidean,random,StandardScaler_per_sample_dimension
NC(=O)C1=CC(S)=CC=C1,1.211175,-11.543333,False,48,5,0.8,euclidean,random,StandardScaler_per_sample_dimension
NC(=O)C1=CC=CC(S)=C1,1.2722492,-11.545671,False,48,5,0.8,euclidean,random,StandardScaler_per_sample_dimension
NCC1=CC(SC2=CC=CC=C2)=CC=C1,1.4223555,-11.559139,False,48,5,0.8,euclidean,random,StandardScaler_per_sample_dimension
NCC1=CC=CC(SC2=CC=CC=C2)=C1,1.2232951,-11.449483,False,48,5,0.8,euclidean,random,StandardScaler_per_sample_dimension
NC(=O)C1=CC(SC2=CC=CC=C2)=CC=C1,1.2870716,-11.462219,False,48,5,0.8,euclidean,random,StandardScaler_per_sample_dimension
NC(=O)C1=CC=CC(SC2=CC=CC=C2)=C1,1.4432615,-11.651684,False,48,5,0.8,euclidean,random,StandardScaler_per_sample_dimension
*C(CC)COCC,-12.46492,-4.556098,False,48,5,0.8,euclidean,random,StandardScaler_per_sample_dimension
*C(F)C(F)F,15.147162,0.50524795,False,48,5,0.8,euclidean,random,StandardScaler_per_sample_dimension
*CC(CC)COCC,25.976593,7.968238,False,48,5,0.8,euclidean,random,StandardScaler_per_sample_dimension
*C1=CC(C)=C(O)C=C1,5.7218394,9.449011,False,48,5,0.8,euclidean,random,StandardScaler_per_sample_dimension
*C1=CC=C(O)C(C)=C1,5.722626,9.329856,False,48,5,0.8,euclidean,random,StandardScaler_per_sample_dimension
*CCCCNC(C)=O,-2.663263,5.837849,False,48,5,0.8,euclidean,random,StandardScaler_per_sample_dimension
O=COCCC(F)F,12.268945,4.651796,False,48,5,0.8,euclidean,random,StandardScaler_per_sample_dimension
*C(C)(C)CCOC,-9.165357,-13.158319,False,48,5,0.8,euclidean,random,StandardScaler_per_sample_dimension
*CCOCCCCCCOC,4.1123524,18.41546,False,48,5,0.8,euclidean,random,StandardScaler_per_sample_dimension
*OCO,16.456043,4.4531384,False,48,5,0.8,euclidean,random,StandardScaler_per_sample_dimension
*OCOC,16.445574,4.545865,False,48,5,0.8,euclidean,random,StandardScaler_per_sample_dimension
*CC(*)OC(C)=O,-5.733133,11.888088,False,48,5,0.8,euclidean,random,StandardScaler_per_sample_dimension
*OC1=C(C)C=CC=C1C,5.219399,9.173539,False,48,5,0.8,euclidean,random,StandardScaler_per_sample_dimension
*N(C)CC1=C(O)C=CC=C1,4.8902173,-17.055801,False,48,5,0.8,euclidean,random,StandardScaler_per_sample_dimension
*NC1=CC(NC=O)=CC=C1,3.6091769,-13.4700365,False,48,5,0.8,euclidean,random,StandardScaler_per_sample_dimension
*NC1=CC=CC(NC=O)=C1,3.5862923,-13.422629,False,48,5,0.8,euclidean,random,StandardScaler_per_sample_dimension
*C(=O)C1=CC(C(=O)O)=CC=C1,11.7103,-11.94501,False,48,5,0.8,euclidean,random,StandardScaler_per_sample_dimension
*C(=O)C1=CC=CC(C(=O)O)=C1,11.662564,-12.015257,False,48,5,0.8,euclidean,random,StandardScaler_per_sample_dimension
*CC(O)COC1=CC=C(C)C=C1,3.0036123,7.901012,False,48,5,0.8,euclidean,random,StandardScaler_per_sample_dimension
*C1=CC=C(C(=O)C2=CC=C(O)C=C2)C=C1,4.0421834,9.7733345,False,48,5,0.8,euclidean,random,StandardScaler_per_sample_dimension
*OC1=CC=C(OC2=CC=C(C=O)C=C2)C=C1,3.8604875,9.608055,False,48,5,0.8,euclidean,random,StandardScaler_per_sample_dimension
CNC1=CC=C(C(C)CF)C=C1,6.452804,5.089641,False,48,5,0.8,euclidean,random,StandardScaler_per_sample_dimension
CNC1=CC=C(C(CF)C2=CC=CC=C2)C=C1,-4.559393,-15.069359,False,48,5,0.8,euclidean,random,StandardScaler_per_sample_dimension
CNC1=CC=C(CCF)C=C1,-4.709194,-14.922912,False,48,5,0.8,euclidean,random,StandardScaler_per_sample_dimension
CNC1=CC=C(CC(F)F)C=C1,-4.598918,-15.018729,False,48,5,0.8,euclidean,random,StandardScaler_per_sample_dimension
*N(C)C(=O)CCCCC,-1.72037,8.489832,False,48,5,0.8,euclidean,random,StandardScaler_per_sample_dimension
CCOCCC(F)CF,3.7037356,16.760368,False,48,5,0.8,euclidean,random,StandardScaler_per_sample_dimension
COCCC(F)C(C)F,11.703149,-0.72925323,False,48,5,0.8,euclidean,random,StandardScaler_per_sample_dimension
*NCCCC(C)CC,3.209374,3.0234842,False,48,5,0.8,euclidean,random,StandardScaler_per_sample_dimension
*OC1=C(C)C=C(CC)C=C1,10.985261,-13.050747,False,48,5,0.8,euclidean,random,StandardScaler_per_sample_dimension
*OC1=CC=C(CC)C=C1C,10.889809,-12.797738,False,48,5,0.8,euclidean,random,StandardScaler_per_sample_dimension
CCN(C)C1=CC=C(S)C=C1,12.36121,7.997805,False,48,5,0.8,euclidean,random,StandardScaler_per_sample_dimension
CCOCCC(F)C(F)F,3.411666,16.12513,False,48,5,0.8,euclidean,random,StandardScaler_per_sample_dimension
*NC(=O)CC(C)C,4.085548,4.2369924,False,48,5,0.8,euclidean,random,StandardScaler_per_sample_dimension
*CC(*)CCC,7.009165,8.624166,False,48,5,0.8,euclidean,random,StandardScaler_per_sample_dimension
CCOP=N,13.9441185,20.933619,False,48,5,0.8,euclidean,random,StandardScaler_per_sample_dimension
*OC1=CC=C(C(CC)CCC)C=C1,2.0712147,10.159998,False,48,5,0.8,euclidean,random,StandardScaler_per_sample_dimension
CCC(F)CCOC,11.952559,28.910295,False,48,5,0.8,euclidean,random,StandardScaler_per_sample_dimension
*CCN(C)CCCC,-0.94438404,5.8083563,False,48,5,0.8,euclidean,random,StandardScaler_per_sample_dimension
COCCC(F)(F)C(C)F,11.983181,28.898155,False,48,5,0.8,euclidean,random,StandardScaler_per_sample_dimension
COCCC(F)C(C)(F)F,12.021381,29.00235,False,48,5,0.8,euclidean,random,StandardScaler_per_sample_dimension
CCOCCC(C)F,12.184452,14.528435,False,48,5,0.8,euclidean,random,StandardScaler_per_sample_dimension
*CCCNCCCC,-0.34513584,4.700305,False,48,5,0.8,euclidean,random,StandardScaler_per_sample_dimension
*OC1=C(C)C=C(CC2=CC=CC=C2)C=C1,7.716584,18.587683,False,48,5,0.8,euclidean,random,StandardScaler_per_sample_dimension
*OC1=CC=C(CC2=CC=CC=C2)C=C1C,7.680046,18.691856,False,48,5,0.8,euclidean,random,StandardScaler_per_sample_dimension
*CCCN(C)CCC,-0.2515244,4.597392,False,48,5,0.8,euclidean,random,StandardScaler_per_sample_dimension
CN(C)C1=CC=C(S)C=C1,12.049413,7.6041703,False,48,5,0.8,euclidean,random,StandardScaler_per_sample_dimension
CSC1=CC=C(N(C)C)C=C1,12.041928,7.460662,False,48,5,0.8,euclidean,random,StandardScaler_per_sample_dimension
*CC(C)C(=O)OCCCCCCCCC,3.8850975,13.752192,False,48,5,0.8,euclidean,random,StandardScaler_per_sample_dimension
CCCCCCC(F)(F)F,9.894559,9.681897,False,48,5,0.8,euclidean,random,StandardScaler_per_sample_dimension
*CCCOCCOC,12.597103,9.560867,False,48,5,0.8,euclidean,random,StandardScaler_per_sample_dimension
*O[Si](*)(C)CCCC,2.5617201,8.562342,False,48,5,0.8,euclidean,random,StandardScaler_per_sample_dimension
*C(C)(C=O)CCOC,-9.178472,-13.103983,False,48,5,0.8,euclidean,random,StandardScaler_per_sample_dimension
*C(C)(CO)CCOC,-9.183355,-13.195137,False,48,5,0.8,euclidean,random,StandardScaler_per_sample_dimension
CCC(F)(F)CCOC,-3.8462427,-8.640227,False,48,5,0.8,euclidean,random,StandardScaler_per_sample_dimension
*C(C)(CCOC)C(=O)O,-9.002858,-13.010086,False,48,5,0.8,euclidean,random,StandardScaler_per_sample_dimension
COCCC(F)(F)C(C)(F)F,-3.744914,-8.63229,False,48,5,0.8,euclidean,random,StandardScaler_per_sample_dimension
*CC(F)(F)C(F)F,15.644721,1.6568718,False,48,5,0.8,euclidean,random,StandardScaler_per_sample_dimension
*OC(=O)CCCCCC,1.9231963,3.6057327,False,48,5,0.8,euclidean,random,StandardScaler_per_sample_dimension
*CCO*,1.056644,7.1368484,False,48,5,0.8,euclidean,random,StandardScaler_per_sample_dimension
*C(C)C(*)C,4.0927677,8.912338,False,48,5,0.8,euclidean,random,StandardScaler_per_sample_dimension
*CC(C)OCCO,-3.187201,0.91523117,False,48,5,0.8,euclidean,random,StandardScaler_per_sample_dimension
*CC(C)OCCOC,-3.2660348,1.0306281,False,48,5,0.8,euclidean,random,StandardScaler_per_sample_dimension
*CC(CO)OCCO,-3.2025266,0.88455087,False,48,5,0.8,euclidean,random,StandardScaler_per_sample_dimension
*CC(CO)OCCOC,-3.3690991,0.7896026,False,48,5,0.8,euclidean,random,StandardScaler_per_sample_dimension
*CC(COC)OCCO,-3.2257783,0.743548,False,48,5,0.8,euclidean,random,StandardScaler_per_sample_dimension
*C1=CC=C2C=CC=CC2=N1,21.596962,12.118353,False,48,5,0.8,euclidean,random,StandardScaler_per_sample_dimension
*C1=NC2=CC=CC=C2C=C1,21.761385,11.979994,False,48,5,0.8,euclidean,random,StandardScaler_per_sample_dimension
*CC(COC)OCCOC,-3.0986257,0.846131,False,48,5,0.8,euclidean,random,StandardScaler_per_sample_dimension
*C1=NN=C(C2=CC=CC=C2)O1,5.0900335,9.371967,False,48,5,0.8,euclidean,random,StandardScaler_per_sample_dimension
*C(=O)C1=CC(C(=O)OC)=CC=C1,-4.8307543,21.982742,False,48,5,0.8,euclidean,random,StandardScaler_per_sample_dimension
*C(=O)C1=CC=CC(C(=O)OC)=C1,-4.9667416,22.1411,False,48,5,0.8,euclidean,random,StandardScaler_per_sample_dimension
O=CNC1=CC=C(CCF)C=C1,-4.5036483,-15.124839,False,48,5,0.8,euclidean,random,StandardScaler_per_sample_dimension
CC1=CC([SH]=O)=CC=C1,26.025663,1.0679345,False,48,5,0.8,euclidean,random,StandardScaler_per_sample_dimension
CC1=CC=CC([SH]=O)=C1,26.035423,0.94173115,False,48,5,0.8,euclidean,random,StandardScaler_per_sample_dimension
*CCOCCF,-2.819532,-1.7709726,False,48,5,0.8,euclidean,random,StandardScaler_per_sample_dimension
FC1=CC(F)=CC=C1,20.3742,-1.9665421,False,48,5,0.8,euclidean,random,StandardScaler_per_sample_dimension
FC1=CC=CC(F)=C1,20.340841,-2.0017254,False,48,5,0.8,euclidean,random,StandardScaler_per_sample_dimension
*CCCOC1=CC=C(C(C)C)C=C1,2.2129982,7.329229,False,48,5,0.8,euclidean,random,StandardScaler_per_sample_dimension
*CC(O)COC1=CC=C(CC)C=C1,2.1841104,7.093895,False,48,5,0.8,euclidean,random,StandardScaler_per_sample_dimension
*C(CC)CCCCC,7.074249,8.140796,False,48,5,0.8,euclidean,random,StandardScaler_per_sample_dimension
OCF,13.947903,1.4005408,False,48,5,0.8,euclidean,random,StandardScaler_per_sample_dimension
CCO[PH](=N)O,14.074649,20.922867,False,48,5,0.8,euclidean,random,StandardScaler_per_sample_dimension
CCO[PH](=N)OC,13.839899,21.001522,False,48,5,0.8,euclidean,random,StandardScaler_per_sample_dimension
CC1=CC([SH](=O)=O)=CC=C1,26.174126,0.79516536,False,48,5,0.8,euclidean,random,StandardScaler_per_sample_dimension
CC1=CC=CC([SH](=O)=O)=C1,26.064814,0.7699898,False,48,5,0.8,euclidean,random,StandardScaler_per_sample_dimension
*/C=C/C(C)CC,8.415651,9.775416,False,48,5,0.8,euclidean,random,StandardScaler_per_sample_dimension
CCOCCC(F)(F)CF,12.16533,14.322044,False,48,5,0.8,euclidean,random,StandardScaler_per_sample_dimension
*POCC,14.484114,21.395807,False,48,5,0.8,euclidean,random,StandardScaler_per_sample_dimension
*N=POCC,14.591938,21.361292,False,48,5,0.8,euclidean,random,StandardScaler_per_sample_dimension
*[PH](=N)OCC,14.668444,21.231625,False,48,5,0.8,euclidean,random,StandardScaler_per_sample_dimension
*N=[PH](*)OCC,14.448575,21.371466,False,48,5,0.8,euclidean,random,StandardScaler_per_sample_dimension
*OC(C)CC,4.4952497,7.8571377,False,48,5,0.8,euclidean,random,StandardScaler_per_sample_dimension
*NCC(C)C,-2.799926,6.7307425,False,48,5,0.8,euclidean,random,StandardScaler_per_sample_dimension
*NC(=O)C(C)C,-3.0600255,6.9704256,False,48,5,0.8,euclidean,random,StandardScaler_per_sample_dimension
CCCOP,19.965048,3.366932,False,48,5,0.8,euclidean,random,StandardScaler_per_sample_dimension
*CC(C)CC(=O)OCC,6.863655,2.9023223,False,48,5,0.8,euclidean,random,StandardScaler_per_sample_dimension
*C(C)(C)COCCCCCCCCC,3.7622623,13.795798,False,48,5,0.8,euclidean,random,StandardScaler_per_sample_dimension
*C(C)(C)C(=O)OCCCCCCCCC,3.657694,13.752692,False,48,5,0.8,euclidean,random,StandardScaler_per_sample_dimension
*CC(*)(C)COCCCCCCCCC,3.8901453,13.670152,False,48,5,0.8,euclidean,random,StandardScaler_per_sample_dimension
*CC(*)(C)C(=O)OCCCCCCCCC,3.7972414,13.658745,False,48,5,0.8,euclidean,random,StandardScaler_per_sample_dimension
CCOCCC(F)(F)C(F)F,-1.2222706,-4.2116566,False,48,5,0.8,euclidean,random,StandardScaler_per_sample_dimension
*NCC1=CC=C(CNC)C=C1,4.8093443,-11.187062,False,48,5,0.8,euclidean,random,StandardScaler_per_sample_dimension
*NC(=O)C1=CC=C(CNC)C=C1,4.939471,-11.336367,False,48,5,0.8,euclidean,random,StandardScaler_per_sample_dimension
*NCC1=CC=C(C(=O)NC)C=C1,4.8230577,-11.141844,False,48,5,0.8,euclidean,random,StandardScaler_per_sample_dimension
*NC(=O)C1=CC=C(C(=O)NC)C=C1,4.8175216,-11.213959,False,48,5,0.8,euclidean,random,StandardScaler_per_sample_dimension
*C1=CC=C(NCC2=CC(C)=CC=C2)C=C1,12.490169,-10.1143675,False,48,5,0.8,euclidean,random,StandardScaler_per_sample_dimension
*C1=CC=C(NCC2=CC=CC(C)=C2)C=C1,12.514976,-10.133704,False,48,5,0.8,euclidean,random,StandardScaler_per_sample_dimension
*C(CO)CCOCC,-11.020583,-3.934432,False,48,5,0.8,euclidean,random,StandardScaler_per_sample_dimension
*CCOCCOC1=CC=CC=C1,4.0696244,8.359245,False,48,5,0.8,euclidean,random,StandardScaler_per_sample_dimension
CCO[PH](=N)OCC,-14.180057,6.011811,False,48,5,0.8,euclidean,random,StandardScaler_per_sample_dimension
*NCC1=CC=C(CN)C=C1,5.1286163,-11.213167,False,48,5,0.8,euclidean,random,StandardScaler_per_sample_dimension
*NC(=O)C1=CC=C(CN)C=C1,5.2667212,-11.113511,False,48,5,0.8,euclidean,random,StandardScaler_per_sample_dimension
*NCC1=CC=C(C(N)=O)C=C1,4.9162946,-11.206281,False,48,5,0.8,euclidean,random,StandardScaler_per_sample_dimension
*NC(=O)C1=CC=C(C(N)=O)C=C1,5.009543,-11.1091795,False,48,5,0.8,euclidean,random,StandardScaler_per_sample_dimension
*NC1=CC=C(NC)C=C1,9.218812,11.886505,False,48,5,0.8,euclidean,random,StandardScaler_per_sample_dimension
*CC1=CC(O)=CC=C1,25.059568,-3.7815642,False,48,5,0.8,euclidean,random,StandardScaler_per_sample_dimension
*CC1=CC=CC(O)=C1,24.94677,-3.7171893,False,48,5,0.8,euclidean,random,StandardScaler_per_sample_dimension
CCOCCC(C)(F)F,13.275279,1.3606459,False,48,5,0.8,euclidean,random,StandardScaler_per_sample_dimension
*S(C)(=O)=O,4.1809607,9.869703,False,48,5,0.8,euclidean,random,StandardScaler_per_sample_dimension
*CCCO*,4.629566,8.284722,False,48,5,0.8,euclidean,random,StandardScaler_per_sample_dimension
*O[Si](C)(C)C,4.5016346,9.363813,False,48,5,0.8,euclidean,random,StandardScaler_per_sample_dimension
*C(CO)CCCCO,9.756159,7.9251556,False,48,5,0.8,euclidean,random,StandardScaler_per_sample_dimension
*CCC(O)COC=O,-0.8358287,2.3239534,False,48,5,0.8,euclidean,random,StandardScaler_per_sample_dimension
*N1CC2=C(C1)C(O)=CC=C2,4.652216,-16.886534,False,48,5,0.8,euclidean,random,StandardScaler_per_sample_dimension
*N1CC2=CC=CC(O)=C2C1,4.523933,-16.780827,False,48,5,0.8,euclidean,random,StandardScaler_per_sample_dimension
*CCOCCOCCOC=O,10.320079,8.191363,False,48,5,0.8,euclidean,random,StandardScaler_per_sample_dimension
*N1CC2=C(C1=O)C(O)=CC=C2,4.717444,-16.845219,False,48,5,0.8,euclidean,random,StandardScaler_per_sample_dimension
*N1CC2=C(C=CC=C2O)C1=O,4.430905,-16.622843,False,48,5,0.8,euclidean,random,StandardScaler_per_sample_dimension
*N1CC2=C(O)C=CC=C2C1=O,4.742283,-16.91441,False,48,5,0.8,euclidean,random,StandardScaler_per_sample_dimension
*N1CC2=CC=CC(O)=C2C1=O,4.196848,-16.407022,False,48,5,0.8,euclidean,random,StandardScaler_per_sample_dimension
*N1C(=O)C2=C(C1=O)C(O)=CC=C2,4.3791466,-16.714314,False,48,5,0.8,euclidean,random,StandardScaler_per_sample_dimension
*N1C(=O)C2=CC=CC(O)=C2C1=O,4.578689,-16.728945,False,48,5,0.8,euclidean,random,StandardScaler_per_sample_dimension
*CC1=CC(COC2=CC=CC=C2)=CC=C1,-5.065353,22.15005,False,48,5,0.8,euclidean,random,StandardScaler_per_sample_dimension
*CC1=CC(C(=O)OC2=CC=CC=C2)=CC=C1,-5.196614,22.022009,False,48,5,0.8,euclidean,random,StandardScaler_per_sample_dimension
*N1CC2=C(C1)C(OC1=CC=CC=C1)=CC=C2,4.723421,-16.527159,False,48,5,0.8,euclidean,random,StandardScaler_per_sample_dimension
*N1CC2=CC=CC(OC3=CC=CC=C3)=C2C1,4.3416233,-16.603672,False,48,5,0.8,euclidean,random,StandardScaler_per_sample_dimension
FCCCCCC(F)CF,13.730591,6.7336726,False,48,5,0.8,euclidean,random,StandardScaler_per_sample_dimension
FCCCCCCC(F)F,15.448388,9.897245,False,48,5,0.8,euclidean,random,StandardScaler_per_sample_dimension
FCCCCCCCF,15.387488,10.252764,False,48,5,0.8,euclidean,random,StandardScaler_per_sample_dimension
CCOCC(F)CF,11.016762,9.2740965,False,48,5,0.8,euclidean,random,StandardScaler_per_sample_dimension
CCCOCCF,-3.2813773,-1.8734163,False,48,5,0.8,euclidean,random,StandardScaler_per_sample_dimension
*C1=C(C)C=C(CC2=CC(C)=CC=C2)C=C1,19.438524,20.142223,False,48,5,0.8,euclidean,random,StandardScaler_per_sample_dimension
*C1=C(C)C=C(CC2=CC=CC(C)=C2)C=C1,19.42593,20.142817,False,48,5,0.8,euclidean,random,StandardScaler_per_sample_dimension
*C1=CC=C(CC2=CC(C)=CC=C2)C=C1C,19.426403,20.165792,False,48,5,0.8,euclidean,random,StandardScaler_per_sample_dimension
*C1=CC=C(CC2=CC=CC(C)=C2)C=C1C,19.34601,20.065138,False,48,5,0.8,euclidean,random,StandardScaler_per_sample_dimension
CC1=C(F)C=CC=C1,-3.1932108,7.0603642,False,48,5,0.8,euclidean,random,StandardScaler_per_sample_dimension
CC1=CC=CC=C1F,-3.0511167,6.9734473,False,48,5,0.8,euclidean,random,StandardScaler_per_sample_dimension
CC1=CC(Cl)=CC=C1,4.137859,6.4728293,False,48,5,0.8,euclidean,random,StandardScaler_per_sample_dimension
CC1=CC=CC(Cl)=C1,4.2958927,6.4707127,False,48,5,0.8,euclidean,random,StandardScaler_per_sample_dimension
CCCOPO,19.975258,3.4338546,False,48,5,0.8,euclidean,random,StandardScaler_per_sample_dimension
CC(F)CCCC(F)(F)F,9.529474,9.768669,False,48,5,0.8,euclidean,random,StandardScaler_per_sample_dimension
FCCCCC(F)(F)F,8.8518715,9.768344,False,48,5,0.8,euclidean,random,StandardScaler_per_sample_dimension
*P(O)OCC,14.339696,21.48172,False,48,5,0.8,euclidean,random,StandardScaler_per_sample_dimension
*N=[PH](O)OCC,14.194395,21.675436,False,48,5,0.8,euclidean,random,StandardScaler_per_sample_dimension
*P(=N)(O)OCC,14.266003,21.486107,False,48,5,0.8,euclidean,random,StandardScaler_per_sample_dimension
*P(OC)OCC,14.233172,21.603819,False,48,5,0.8,euclidean,random,StandardScaler_per_sample_dimension
*N=P(*)(O)OCC,14.171619,21.707365,False,48,5,0.8,euclidean,random,StandardScaler_per_sample_dimension
*N=[PH](OC)OCC,14.266771,21.479895,False,48,5,0.8,euclidean,random,StandardScaler_per_sample_dimension
*P(=N)(OC)OCC,14.135942,21.577408,False,48,5,0.8,euclidean,random,StandardScaler_per_sample_dimension
*N=P(*)(OC)OCC,14.432907,21.81568,False,48,5,0.8,euclidean,random,StandardScaler_per_sample_dimension
*C(C)CNCC,12.134265,-3.320114,False,48,5,0.8,euclidean,random,StandardScaler_per_sample_dimension
CSC1=CC=C(C=O)C=C1,-6.5650983,-4.9168367,False,48,5,0.8,euclidean,random,StandardScaler_per_sample_dimension
*CNC1=CC=C(CC)C=C1,6.072722,12.635067,False,48,5,0.8,euclidean,random,StandardScaler_per_sample_dimension
*C(=O)NC1=CC=C(CC)C=C1,6.0364933,12.675344,False,48,5,0.8,euclidean,random,StandardScaler_per_sample_dimension
CCCOPOC,20.09001,3.249457,False,48,5,0.8,euclidean,random,StandardScaler_per_sample_dimension
*C1=CC=C(NC(=O)C2=CC(C)=CC=C2)C=C1,12.691464,-10.217937,False,48,5,0.8,euclidean,random,StandardScaler_per_sample_dimension
*C1=CC=C(NC(=O)C2=CC=CC(C)=C2)C=C1,12.49332,-10.163271,False,48,5,0.8,euclidean,random,StandardScaler_per_sample_dimension
*C(C=O)CCOCC,-11.09149,-3.8389575,False,48,5,0.8,euclidean,random,StandardScaler_per_sample_dimension
*C(CCOCC)C(=O)O,-11.074064,-3.911035,False,48,5,0.8,euclidean,random,StandardScaler_per_sample_dimension
*C(CCOCC)COC,-11.150226,-3.9751358,False,48,5,0.8,euclidean,random,StandardScaler_per_sample_dimension
*C(C)(CCO)COC,-14.184114,18.070368,False,48,5,0.8,euclidean,random,StandardScaler_per_sample_dimension
*CC(=O)OCCOC,12.4932995,9.433566,False,48,5,0.8,euclidean,random,StandardScaler_per_sample_dimension
*C(C)(CCO)C(=O)OC,-14.1630335,18.02419,False,48,5,0.8,euclidean,random,StandardScaler_per_sample_dimension
*C(C)(CCOC)COC,-14.141729,17.990211,False,48,5,0.8,euclidean,random,StandardScaler_per_sample_dimension
*C(C)(CCOC)C(=O)OC,-14.032598,17.892637,False,48,5,0.8,euclidean,random,StandardScaler_per_sample_dimension
*CCCC=C,8.455273,9.94011,False,48,5,0.8,euclidean,random,StandardScaler_per_sample_dimension
*P(OCC)OCC,-14.150821,6.0649743,False,48,5,0.8,euclidean,random,StandardScaler_per_sample_dimension
*N=[PH](OCC)OCC,-14.27737,5.8424697,False,48,5,0.8,euclidean,random,StandardScaler_per_sample_dimension
*P(=N)(OCC)OCC,-14.258783,5.9768305,False,48,5,0.8,euclidean,random,StandardScaler_per_sample_dimension
*N=P(*)(OCC)OCC,-14.290092,6.1268034,False,48,5,0.8,euclidean,random,StandardScaler_per_sample_dimension
*CC(*)(C)CC,8.880301,-6.9417796,False,48,5,0.8,euclidean,random,StandardScaler_per_sample_dimension
*C(C)(CO)CC(=O)O,8.311182,-14.708495,False,48,5,0.8,euclidean,random,StandardScaler_per_sample_dimension
*C1=CC=C(C=C)C=C1,-13.716018,-1.7454666,False,48,5,0.8,euclidean,random,StandardScaler_per_sample_dimension
*C1COC2CCOC12,9.683833,8.020549,False,48,5,0.8,euclidean,random,StandardScaler_per_sample_dimension
*CC(F)(F)C(C)(F)F,15.337408,1.695847,False,48,5,0.8,euclidean,random,StandardScaler_per_sample_dimension
*C(C)(CC(=O)O)C(=O)O,8.428214,-14.767072,False,48,5,0.8,euclidean,random,StandardScaler_per_sample_dimension
*C1COC2C(O)COC12,9.636928,7.906499,False,48,5,0.8,euclidean,random,StandardScaler_per_sample_dimension
*CC(O)C(O)COC=O,-0.5945475,2.429709,False,48,5,0.8,euclidean,random,StandardScaler_per_sample_dimension
*CCC(COC=O)OC,-0.85888726,1.9232994,False,48,5,0.8,euclidean,random,StandardScaler_per_sample_dimension
*C1COC2C(OC)COC12,9.573727,7.954013,False,48,5,0.8,euclidean,random,StandardScaler_per_sample_dimension
*CCNC1=CC=C(N)C=C1,-4.3928547,8.922431,False,48,5,0.8,euclidean,random,StandardScaler_per_sample_dimension
FCCC1=CC=C(NCC2=CC=CC=C2)C=C1,-4.553134,-15.056356,False,48,5,0.8,euclidean,random,StandardScaler_per_sample_dimension
*C1=CC=C(C(CF)CF)C=C1,19.321032,-7.9840007,False,48,5,0.8,euclidean,random,StandardScaler_per_sample_dimension
CCCC(F)C(F)C(F)C(F)(F)F,-15.43797,8.617265,False,48,5,0.8,euclidean,random,StandardScaler_per_sample_dimension
FCC(F)C(F)CC(F)(F)F,14.0157,9.69902,False,48,5,0.8,euclidean,random,StandardScaler_per_sample_dimension
CC(F)CCCCC(C)F,14.252867,11.70533,False,48,5,0.8,euclidean,random,StandardScaler_per_sample_dimension
CNC1=CC=C(S(C)=O)C=C1,18.25751,-0.69881934,False,48,5,0.8,euclidean,random,StandardScaler_per_sample_dimension
O=CNC1=CC=C([SH]=O)C=C1,18.176874,-0.61224264,False,48,5,0.8,euclidean,random,StandardScaler_per_sample_dimension
CC(=O)NC1=CC=C([SH]=O)C=C1,17.97176,-0.42265347,False,48,5,0.8,euclidean,random,StandardScaler_per_sample_dimension
FCCC(F)CC(F)(F)F,13.985951,9.860311,False,48,5,0.8,euclidean,random,StandardScaler_per_sample_dimension
CC(F)CC(F)CC(F)(F)F,14.068805,9.821208,False,48,5,0.8,euclidean,random,StandardScaler_per_sample_dimension
CCCC(F)C(F)CC(F)(F)F,-15.569706,9.016272,False,48,5,0.8,euclidean,random,StandardScaler_per_sample_dimension
CCCC(F)CC(F)C(F)(F)F,-15.607015,8.858365,False,48,5,0.8,euclidean,random,StandardScaler_per_sample_dimension
CCCCC(F)C(F)C(F)(F)F,-15.6512985,8.859221,False,48,5,0.8,euclidean,random,StandardScaler_per_sample_dimension
CCCC(F)(F)C(F)C(F)C(F)(F)F,-15.599783,8.935158,False,48,5,0.8,euclidean,random,StandardScaler_per_sample_dimension
CCCC(F)C(F)(F)C(F)C(F)(F)F,-15.734194,9.015324,False,48,5,0.8,euclidean,random,StandardScaler_per_sample_dimension
CCCC(F)C(F)C(F)(F)C(F)(F)F,-15.709455,8.969797,False,48,5,0.8,euclidean,random,StandardScaler_per_sample_dimension
FCC(F)CCC(F)(F)F,14.27492,9.618811,False,48,5,0.8,euclidean,random,StandardScaler_per_sample_dimension
CC(F)C(F)CCC(F)(F)F,14.3113985,9.868857,False,48,5,0.8,euclidean,random,StandardScaler_per_sample_dimension
*CCCOC(C)CC,-2.5350468,4.7970533,False,48,5,0.8,euclidean,random,StandardScaler_per_sample_dimension
*CCCCF,15.496762,1.8668139,False,48,5,0.8,euclidean,random,StandardScaler_per_sample_dimension
*C(C)C(CC)CC,7.330228,8.353593,False,48,5,0.8,euclidean,random,StandardScaler_per_sample_dimension
CCOCC(F)C(F)F,11.030931,9.0262165,False,48,5,0.8,euclidean,random,StandardScaler_per_sample_dimension
*C(C)C(C)CO,8.5842495,4.7036242,False,48,5,0.8,euclidean,random,StandardScaler_per_sample_dimension
O=CNC1=CC=C([SH](=O)=O)C=C1,-2.860989,-7.1939125,False,48,5,0.8,euclidean,random,StandardScaler_per_sample_dimension
CC(F)CCCCC(F)(F)F,9.97923,9.764269,False,48,5,0.8,euclidean,random,StandardScaler_per_sample_dimension
*CCOCC(F)F,-2.5559726,-1.4277173,False,48,5,0.8,euclidean,random,StandardScaler_per_sample_dimension
*C(C)CCCCCCC,5.8397846,8.776424,False,48,5,0.8,euclidean,random,StandardScaler_per_sample_dimension
FCCCCCC(F)(F)F,10.021949,9.800053,False,48,5,0.8,euclidean,random,StandardScaler_per_sample_dimension
*C1=CC=C(CCC)C=C1,4.729753,9.315721,False,48,5,0.8,euclidean,random,StandardScaler_per_sample_dimension
CC(=O)NC1=CC=C([SH](=O)=O)C=C1,-3.046079,-7.3118405,False,48,5,0.8,euclidean,random,StandardScaler_per_sample_dimension
CCCC(F)CCC(F)(F)F,10.93669,-8.6596155,False,48,5,0.8,euclidean,random,StandardScaler_per_sample_dimension
CCCCC(F)CC(F)(F)F,10.851077,-8.535954,False,48,5,0.8,euclidean,random,StandardScaler_per_sample_dimension
CCCCCC(F)C(F)(F)F,10.750959,-8.853845,False,48,5,0.8,euclidean,random,StandardScaler_per_sample_dimension
FC(F)CC(F)CC(F)(F)F,8.363147,9.83514,False,48,5,0.8,euclidean,random,StandardScaler_per_sample_dimension
FCCC(F)(F)CC(F)(F)F,8.344522,9.768235,False,48,5,0.8,euclidean,random,StandardScaler_per_sample_dimension
CCCC(F)(F)C(F)CC(F)(F)F,10.949848,-8.4684305,False,48,5,0.8,euclidean,random,StandardScaler_per_sample_dimension
CCCC(F)(F)CC(F)C(F)(F)F,11.000123,-8.701708,False,48,5,0.8,euclidean,random,StandardScaler_per_sample_dimension
CCCC(F)C(F)(F)CC(F)(F)F,10.853327,-8.513481,False,48,5,0.8,euclidean,random,StandardScaler_per_sample_dimension
CCCC(F)CC(F)(F)C(F)(F)F,10.918135,-8.525036,False,48,5,0.8,euclidean,random,StandardScaler_per_sample_dimension
CCCCC(F)(F)C(F)C(F)(F)F,11.007148,-8.841037,False,48,5,0.8,euclidean,random,StandardScaler_per_sample_dimension
CCCCC(F)C(F)(F)C(F)(F)F,10.995321,-8.799525,False,48,5,0.8,euclidean,random,StandardScaler_per_sample_dimension
CCCC(F)(F)C(F)(F)C(F)C(F)(F)F,11.013259,-8.52201,False,48,5,0.8,euclidean,random,StandardScaler_per_sample_dimension
CCCC(F)(F)C(F)C(F)(F)C(F)(F)F,10.95626,-8.374274,False,48,5,0.8,euclidean,random,StandardScaler_per_sample_dimension
CCCC(F)C(F)(F)C(F)(F)C(F)(F)F,10.775504,-8.535276,False,48,5,0.8,euclidean,random,StandardScaler_per_sample_dimension
FC(F)C(F)CCC(F)(F)F,7.7366195,9.910324,False,48,5,0.8,euclidean,random,StandardScaler_per_sample_dimension
*NC(=O)CCCCCCCCCC,3.7481303,-2.733062,False,48,5,0.8,euclidean,random,StandardScaler_per_sample_dimension
*CCCCCCCO,6.0237226,8.455223,False,48,5,0.8,euclidean,random,StandardScaler_per_sample_dimension
*CCNCCCCC,-1.7376564,8.67492,False,48,5,0.8,euclidean,random,StandardScaler_per_sample_dimension
OCC(F)(F)CC(F)F,11.607216,15.066506,False,48,5,0.8,euclidean,random,StandardScaler_per_sample_dimension
*CCC(C)C(=O)O,7.4488916,4.917661,False,48,5,0.8,euclidean,random,StandardScaler_per_sample_dimension
C[Si](C)(O)C1=CC=CC=C1,4.451329,9.368232,False,48,5,0.8,euclidean,random,StandardScaler_per_sample_dimension
*CCCCCCCCCCCCCC,5.4272003,8.641937,False,48,5,0.8,euclidean,random,StandardScaler_per_sample_dimension
CCCCCCCC(F)(F)F,9.660907,9.746447,False,48,5,0.8,euclidean,random,StandardScaler_per_sample_dimension
*C(CCOCC)C(=O)OC,-11.350363,-3.8754525,False,48,5,0.8,euclidean,random,StandardScaler_per_sample_dimension
*OC(C)COCC,-8.040612,15.368218,False,48,5,0.8,euclidean,random,StandardScaler_per_sample_dimension
*CC(C)COCCCCCCCCCC,4.228577,12.5454645,False,48,5,0.8,euclidean,random,StandardScaler_per_sample_dimension
FC(F)CCCC(F)(F)F,7.2707806,9.391679,False,48,5,0.8,euclidean,random,StandardScaler_per_sample_dimension
CC(F)(F)CCCC(F)(F)F,7.1349025,9.4670315,False,48,5,0.8,euclidean,random,StandardScaler_per_sample_dimension
CCCC(F)(F)CCC(F)(F)F,7.7868314,12.126485,False,48,5,0.8,euclidean,random,StandardScaler_per_sample_dimension
CCCCC(F)(F)CC(F)(F)F,7.85719,12.345346,False,48,5,0.8,euclidean,random,StandardScaler_per_sample_dimension
CCCCCC(F)(F)C(F)(F)F,7.7341614,12.285075,False,48,5,0.8,euclidean,random,StandardScaler_per_sample_dimension
CCCC(F)(F)C(F)(F)CC(F)(F)F,7.681004,11.937198,False,48,5,0.8,euclidean,random,StandardScaler_per_sample_dimension
CCCC(F)(F)CC(F)(F)C(F)(F)F,7.484715,11.994525,False,48,5,0.8,euclidean,random,StandardScaler_per_sample_dimension
CCCCC(F)(F)C(F)(F)C(F)(F)F,7.8986545,12.27524,False,48,5,0.8,euclidean,random,StandardScaler_per_sample_dimension
CCCC(F)(F)C(F)(F)C(F)(F)C(F)(F)F,7.6470265,12.110727,False,48,5,0.8,euclidean,random,StandardScaler_per_sample_dimension
*C(=O)CCCCC=O,2.7717118,5.8291802,False,48,5,0.8,euclidean,random,StandardScaler_per_sample_dimension
*OCOCC,16.519798,4.51419,False,48,5,0.8,euclidean,random,StandardScaler_per_sample_dimension
*CC1=CC(OC)=CC=C1,25.143284,-3.9044569,False,48,5,0.8,euclidean,random,StandardScaler_per_sample_dimension
*CC1=CC=CC(OC)=C1,25.027784,-3.7838502,False,48,5,0.8,euclidean,random,StandardScaler_per_sample_dimension
*CC(C)O*,0.9598202,7.0725145,False,48,5,0.8,euclidean,random,StandardScaler_per_sample_dimension
*CCCOCC1=CC=CC=C1,3.9965463,8.279429,False,48,5,0.8,euclidean,random,StandardScaler_per_sample_dimension
*CCCCCC(=O)OC1=CC=CC=C1,2.4928963,5.9488673,False,48,5,0.8,euclidean,random,StandardScaler_per_sample_dimension
*C1=CC=C(OCC)C=C1,4.251981,9.408035,False,48,5,0.8,euclidean,random,StandardScaler_per_sample_dimension
*CC(O)C(COC=O)OC,-0.61424917,2.095475,False,48,5,0.8,euclidean,random,StandardScaler_per_sample_dimension
*CC(OC)C(O)COC=O,-0.5918705,2.0113883,False,48,5,0.8,euclidean,random,StandardScaler_per_sample_dimension
*CC1=C(C(=O)O)C=CC=C1,7.9183764,2.2282822,False,48,5,0.8,euclidean,random,StandardScaler_per_sample_dimension
*CC1=CC=CC=C1C(=O)O,7.9130974,2.1890435,False,48,5,0.8,euclidean,random,StandardScaler_per_sample_dimension
*OCC1=CC=C(C=O)C=C1,0.79339725,2.0275025,False,48,5,0.8,euclidean,random,StandardScaler_per_sample_dimension
*OCC1=CC=C(CO)C=C1,0.8110866,1.8391833,False,48,5,0.8,euclidean,random,StandardScaler_per_sample_dimension
*CC(=O)OCCCCCCO,4.0961123,18.728258,False,48,5,0.8,euclidean,random,StandardScaler_per_sample_dimension
*CC(OC)C(COC=O)OC,-0.8269054,2.048749,False,48,5,0.8,euclidean,random,StandardScaler_per_sample_dimension
*OC(=O)C1=CC=C(C=O)C=C1,0.7466327,2.1271796,False,48,5,0.8,euclidean,random,StandardScaler_per_sample_dimension
*OC(=O)C1=CC=C(CO)C=C1,1.0579431,2.3575091,False,48,5,0.8,euclidean,random,StandardScaler_per_sample_dimension
*OCC1=CC=C(C(=O)O)C=C1,0.89958775,2.1655555,False,48,5,0.8,euclidean,random,StandardScaler_per_sample_dimension
*OCC1=CC=C(COC)C=C1,1.0371853,2.0310662,False,48,5,0.8,euclidean,random,StandardScaler_per_sample_dimension
*CC(=O)OCCCCCCOC,4.0438275,18.693205,False,48,5,0.8,euclidean,random,StandardScaler_per_sample_dimension
*CCC(=O)OCCCCCCO,4.4941,18.807962,False,48,5,0.8,euclidean,random,StandardScaler_per_sample_dimension
*OC(=O)C1=CC=C(C(=O)O)C=C1,0.91645074,2.2274332,False,48,5,0.8,euclidean,random,StandardScaler_per_sample_dimension
*OC(=O)C1=CC=C(COC)C=C1,1.017611,2.262805,False,48,5,0.8,euclidean,random,StandardScaler_per_sample_dimension
*OCC1=CC=C(C(=O)OC)C=C1,0.87229574,2.258152,False,48,5,0.8,euclidean,random,StandardScaler_per_sample_dimension
*CCC(=O)OCCCCCCOC,4.2732744,18.871185,False,48,5,0.8,euclidean,random,StandardScaler_per_sample_dimension
*OC(=O)C1=CC=C(C(=O)OC)C=C1,0.73497146,2.1873765,False,48,5,0.8,euclidean,random,StandardScaler_per_sample_dimension
*C(=O)C1=CC(COC2=CC=CC=C2)=CC=C1,-5.172951,22.290638,False,48,5,0.8,euclidean,random,StandardScaler_per_sample_dimension
FCCCCC(F)CCF,13.696068,6.320729,False,48,5,0.8,euclidean,random,StandardScaler_per_sample_dimension
NC1=CC=C(C(CF)C(F)F)C=C1,6.3984976,5.3796816,False,48,5,0.8,euclidean,random,StandardScaler_per_sample_dimension
FCCCC(F)CCCF,12.96906,7.706847,False,48,5,0.8,euclidean,random,StandardScaler_per_sample_dimension
NC1=CC=C(C(CF)CF)C=C1,6.5619097,5.566154,False,48,5,0.8,euclidean,random,StandardScaler_per_sample_dimension
NCC1=CC=C(C(CF)C2=CC=CC=C2)C=C1,-9.559705,5.7026606,False,48,5,0.8,euclidean,random,StandardScaler_per_sample_dimension
FCC(F)CC(F)C(F)(F)F,13.874508,9.786646,False,48,5,0.8,euclidean,random,StandardScaler_per_sample_dimension
FCCC(F)C(F)C(F)(F)F,13.947093,9.7677765,False,48,5,0.8,euclidean,random,StandardScaler_per_sample_dimension
*CCC(CC)CCC,7.4141145,8.295038,False,48,5,0.8,euclidean,random,StandardScaler_per_sample_dimension
FCCCC(F)C(F)(F)F,14.206521,9.758933,False,48,5,0.8,euclidean,random,StandardScaler_per_sample_dimension
CC(F)CCC(F)C(F)(F)F,14.313257,9.668016,False,48,5,0.8,euclidean,random,StandardScaler_per_sample_dimension
*NCCCC(C)CCC,3.2455084,3.2461584,False,48,5,0.8,euclidean,random,StandardScaler_per_sample_dimension
*C(CCC)CCCC,7.202387,8.485013,False,48,5,0.8,euclidean,random,StandardScaler_per_sample_dimension
FC1=C(F)C=CC=C1,20.422081,-1.8659098,False,48,5,0.8,euclidean,random,StandardScaler_per_sample_dimension
FC1=CC=CC=C1F,20.141466,-1.7843233,False,48,5,0.8,euclidean,random,StandardScaler_per_sample_dimension
OCC(F)(F)C(F)C(F)F,3.07207,16.07741,False,48,5,0.8,euclidean,random,StandardScaler_per_sample_dimension
*CC(O)COC1=CC=C(C(C)C)C=C1,2.167984,7.1494565,False,48,5,0.8,euclidean,random,StandardScaler_per_sample_dimension
CC(=O)OCCF,-3.2807097,-1.9101567,False,48,5,0.8,euclidean,random,StandardScaler_per_sample_dimension
*N(CC)CCCCCC,-1.3321462,8.393344,False,48,5,0.8,euclidean,random,StandardScaler_per_sample_dimension
FC(F)CCC(F)C(F)(F)F,7.8717065,10.118515,False,48,5,0.8,euclidean,random,StandardScaler_per_sample_dimension
FCC(F)(F)CCC(F)(F)F,7.5842786,10.301192,False,48,5,0.8,euclidean,random,StandardScaler_per_sample_dimension
FCCCC(F)(F)C(F)(F)F,7.7828903,10.204871,False,48,5,0.8,euclidean,random,StandardScaler_per_sample_dimension
*OC1=C(C)C=C(CC2=CC(C)=CC=C2)C=C1,7.579996,17.870028,False,48,5,0.8,euclidean,random,StandardScaler_per_sample_dimension
*OC1=C(C)C=C(CC2=CC=CC(C)=C2)C=C1,7.8159447,18.016665,False,48,5,0.8,euclidean,random,StandardScaler_per_sample_dimension
*OC1=CC=C(CC2=CC(C)=CC=C2)C=C1C,7.6688085,18.015097,False,48,5,0.8,euclidean,random,StandardScaler_per_sample_dimension
*OC1=CC=C(CC2=CC=CC(C)=C2)C=C1C,7.673098,18.066181,False,48,5,0.8,euclidean,random,StandardScaler_per_sample_dimension
OCCCCCF,1.2339557,4.435815,False,48,5,0.8,euclidean,random,StandardScaler_per_sample_dimension
*NCCNC,3.484713,4.8493867,False,48,5,0.8,euclidean,random,StandardScaler_per_sample_dimension
O=CC1=CC=C(SC2=CC=CC=C2)C=C1,-6.022838,-4.9829254,False,48,5,0.8,euclidean,random,StandardScaler_per_sample_dimension
*CC(CC)C(C)C,6.8842587,7.991416,False,48,5,0.8,euclidean,random,StandardScaler_per_sample_dimension
CC1=CC(C)=C(C)S1,5.7253323,6.2552466,False,48,5,0.8,euclidean,random,StandardScaler_per_sample_dimension
*C(C)C(=O)OCCOC,12.288522,9.573129,False,48,5,0.8,euclidean,random,StandardScaler_per_sample_dimension
*N(C)CC(C)C,-2.6689506,6.8376255,False,48,5,0.8,euclidean,random,StandardScaler_per_sample_dimension
*N(C)C(=O)C(C)C,-2.8658261,6.839137,False,48,5,0.8,euclidean,random,StandardScaler_per_sample_dimension
*C(C)COCCCCCCO,3.668535,18.39474,False,48,5,0.8,euclidean,random,StandardScaler_per_sample_dimension
*C(C)C(=O)OCCCCCCO,3.9332027,18.457432,False,48,5,0.8,euclidean,random,StandardScaler_per_sample_dimension
*C(C)COCCCCCCOC,3.8973193,18.591303,False,48,5,0.8,euclidean,random,StandardScaler_per_sample_dimension
*C(C)C(=O)OCCCCCCOC,3.6665967,18.525545,False,48,5,0.8,euclidean,random,StandardScaler_per_sample_dimension
*C(CC)C(=O)OCC,-12.236852,-4.3487883,False,48,5,0.8,euclidean,random,StandardScaler_per_sample_dimension
*CCCC(F)F,15.267458,1.9741856,False,48,5,0.8,euclidean,random,StandardScaler_per_sample_dimension
*CCC(C)C(=O)OC,7.380538,5.024328,False,48,5,0.8,euclidean,random,StandardScaler_per_sample_dimension
*NCCN,3.6983624,4.8188844,False,48,5,0.8,euclidean,random,StandardScaler_per_sample_dimension
*CCC(=O)NC1=CC=CC=C1,11.467439,6.0163293,False,48,5,0.8,euclidean,random,StandardScaler_per_sample_dimension
*CCC(=O)OCCOC,12.567403,9.509933,False,48,5,0.8,euclidean,random,StandardScaler_per_sample_dimension
*CC(*)COCCOC,12.540781,9.328523,False,48,5,0.8,euclidean,random,StandardScaler_per_sample_dimension
*CC(*)C(=O)OCCOC,12.47417,9.410182,False,48,5,0.8,euclidean,random,StandardScaler_per_sample_dimension
*CC(C)COCCCCCCO,11.651105,-7.1705265,False,48,5,0.8,euclidean,random,StandardScaler_per_sample_dimension
*OCC1=CC=C(COCC)C=C1,0.6900304,1.6306788,False,48,5,0.8,euclidean,random,StandardScaler_per_sample_dimension
*OC(=O)C1=CC=C(COCC)C=C1,0.43971568,1.6422756,False,48,5,0.8,euclidean,random,StandardScaler_per_sample_dimension
*OCC1=CC=C(C(=O)OCC)C=C1,0.5849409,1.7220066,False,48,5,0.8,euclidean,random,StandardScaler_per_sample_dimension
*OC(=O)C1=CC=C(C(=O)OCC)C=C1,0.6570692,1.8564888,False,48,5,0.8,euclidean,random,StandardScaler_per_sample_dimension
*C1=C(C)C=CS1,6.1259866,5.9578724,False,48,5,0.8,euclidean,random,StandardScaler_per_sample_dimension
*CCN(*)C,11.378521,-2.834829,False,48,5,0.8,euclidean,random,StandardScaler_per_sample_dimension
*/C=C/CCC*,8.56239,9.999328,False,48,5,0.8,euclidean,random,StandardScaler_per_sample_dimension
*C1=CC(C)=CC=N1,21.680769,11.792269,False,48,5,0.8,euclidean,random,StandardScaler_per_sample_dimension
*N(CCC)CCC,1.7140185,5.414761,False,48,5,0.8,euclidean,random,StandardScaler_per_sample_dimension
*C(C)(C)CC(=O)OC,-8.969924,-13.069297,False,48,5,0.8,euclidean,random,StandardScaler_per_sample_dimension
*C(C)(C=O)CC(=O)OC,-9.115109,-12.913536,False,48,5,0.8,euclidean,random,StandardScaler_per_sample_dimension
*C(C)(CO)CC(=O)OC,-8.975127,-12.94882,False,48,5,0.8,euclidean,random,StandardScaler_per_sample_dimension
*C(C)(CC(=O)OC)C(=O)O,-8.969174,-13.000687,False,48,5,0.8,euclidean,random,StandardScaler_per_sample_dimension
*CC(*)COCCCCCCO,4.4252186,18.62689,False,48,5,0.8,euclidean,random,StandardScaler_per_sample_dimension
*CC(*)C(=O)OCCCCCCO,4.130814,18.610086,False,48,5,0.8,euclidean,random,StandardScaler_per_sample_dimension
*CC(*)COCCCCCCOC,4.2827415,18.753885,False,48,5,0.8,euclidean,random,StandardScaler_per_sample_dimension
*CC(*)C(=O)OCCCCCCOC,4.3949203,18.704288,False,48,5,0.8,euclidean,random,StandardScaler_per_sample_dimension
*OC1=CC=C(CCCOCCCC)C=C1,21.299118,9.115,False,48,5,0.8,euclidean,random,StandardScaler_per_sample_dimension
*CCOCCCCCCOC1=CC=CC=C1,4.3768196,18.758509,False,48,5,0.8,euclidean,random,StandardScaler_per_sample_dimension
*OC1=CC=C(CC(N)COCCCC)C=C1,21.396107,9.040053,False,48,5,0.8,euclidean,random,StandardScaler_per_sample_dimension
*OC1=CC=C(CCC(=O)OCCCC)C=C1,21.457355,9.0996685,False,48,5,0.8,euclidean,random,StandardScaler_per_sample_dimension
CC(F)CCCCCCF,15.403817,10.1346,False,48,5,0.8,euclidean,random,StandardScaler_per_sample_dimension
CC1=CC=C(C(CF)C2=CC=CC=C2)C=C1C,-9.315991,5.625007,False,48,5,0.8,euclidean,random,StandardScaler_per_sample_dimension
CCCCC(F)C(F)C(F)C(F)(F)F,-15.237266,8.342802,False,48,5,0.8,euclidean,random,StandardScaler_per_sample_dimension
*NCC(C)CC,3.553356,3.5611196,False,48,5,0.8,euclidean,random,StandardScaler_per_sample_dimension
*NC(=O)C(C)CC,3.509957,3.4933867,False,48,5,0.8,euclidean,random,StandardScaler_per_sample_dimension
CCCCC(F)C(F)CC(F)(F)F,-4.2809877,18.917831,False,48,5,0.8,euclidean,random,StandardScaler_per_sample_dimension
CCCCC(F)CC(F)C(F)(F)F,-4.184778,18.971836,False,48,5,0.8,euclidean,random,StandardScaler_per_sample_dimension
CCCCCC(F)C(F)C(F)(F)F,-4.2427726,18.998245,False,48,5,0.8,euclidean,random,StandardScaler_per_sample_dimension
CCCCC(F)(F)C(F)C(F)C(F)(F)F,-4.210807,19.001335,False,48,5,0.8,euclidean,random,StandardScaler_per_sample_dimension
CCCCC(F)C(F)(F)C(F)C(F)(F)F,-4.211424,19.031849,False,48,5,0.8,euclidean,random,StandardScaler_per_sample_dimension
CCCCC(F)C(F)C(F)(F)C(F)(F)F,-4.2509966,19.04041,False,48,5,0.8,euclidean,random,StandardScaler_per_sample_dimension
CC1=CC=C([Si](C)(C)C2=CC=CC=C2)C=C1,2.2581258,8.114846,False,48,5,0.8,euclidean,random,StandardScaler_per_sample_dimension
C[Si](C)(C1=CC=CC=C1)C1=CC=CC=C1,2.2134573,8.123153,False,48,5,0.8,euclidean,random,StandardScaler_per_sample_dimension
*N(C)CCCCCCCC,-1.550564,8.897499,False,48,5,0.8,euclidean,random,StandardScaler_per_sample_dimension
*N(CC)C(=O)CCCCC,-1.7363667,8.5045805,False,48,5,0.8,euclidean,random,StandardScaler_per_sample_dimension
*C(F)CC,15.948578,1.0071117,False,48,5,0.8,euclidean,random,StandardScaler_per_sample_dimension
CCOCC(F)(F)CF,11.196968,8.431499,False,48,5,0.8,euclidean,random,StandardScaler_per_sample_dimension
CCCCC(F)CCC(F)(F)F,-17.201635,-0.5429971,False,48,5,0.8,euclidean,random,StandardScaler_per_sample_dimension
CCCCCC(F)CC(F)(F)F,-17.332754,-0.43039042,False,48,5,0.8,euclidean,random,StandardScaler_per_sample_dimension
CCCCCCC(F)C(F)(F)F,-17.335459,-0.38471594,False,48,5,0.8,euclidean,random,StandardScaler_per_sample_dimension
CCCCC(F)(F)C(F)CC(F)(F)F,-17.262554,-0.48873153,False,48,5,0.8,euclidean,random,StandardScaler_per_sample_dimension
CCCCC(F)(F)CC(F)C(F)(F)F,-17.22377,-0.57857656,False,48,5,0.8,euclidean,random,StandardScaler_per_sample_dimension
CCCCC(F)C(F)(F)CC(F)(F)F,-17.4974,-0.25857583,False,48,5,0.8,euclidean,random,StandardScaler_per_sample_dimension
CCCCC(F)CC(F)(F)C(F)(F)F,-17.405254,-0.3225841,False,48,5,0.8,euclidean,random,StandardScaler_per_sample_dimension
CCCCCC(F)(F)C(F)C(F)(F)F,-17.249365,-0.4637974,False,48,5,0.8,euclidean,random,StandardScaler_per_sample_dimension
CCCCCC(F)C(F)(F)C(F)(F)F,-17.186537,-0.69035894,False,48,5,0.8,euclidean,random,StandardScaler_per_sample_dimension
CCCCC(F)(F)C(F)(F)C(F)C(F)(F)F,-17.195438,-0.5519438,False,48,5,0.8,euclidean,random,StandardScaler_per_sample_dimension
CCCCC(F)(F)C(F)C(F)(F)C(F)(F)F,-17.1629,-0.57769966,False,48,5,0.8,euclidean,random,StandardScaler_per_sample_dimension
CCCCC(F)C(F)(F)C(F)(F)C(F)(F)F,-17.348688,-0.4139817,False,48,5,0.8,euclidean,random,StandardScaler_per_sample_dimension
*C(C)CCOCCC,6.18871,2.5094328,False,48,5,0.8,euclidean,random,StandardScaler_per_sample_dimension
*C(C)CC(=O)OCC,-11.931545,-4.147021,False,48,5,0.8,euclidean,random,StandardScaler_per_sample_dimension
*CCC(C)CC(C)C,6.637468,8.820144,False,48,5,0.8,euclidean,random,StandardScaler_per_sample_dimension
*C(=O)OC1=CC=C(CCC)C=C1,-0.7901635,12.389949,False,48,5,0.8,euclidean,random,StandardScaler_per_sample_dimension
*C(C)C(=O)NCC,12.217579,-3.5129683,False,48,5,0.8,euclidean,random,StandardScaler_per_sample_dimension
*N(CCC)C(=O)CC,1.7568903,5.121411,False,48,5,0.8,euclidean,random,StandardScaler_per_sample_dimension
CC(=O)OCC(F)F,-3.1017394,-1.7092086,False,48,5,0.8,euclidean,random,StandardScaler_per_sample_dimension
CC1=CC=C(C2=CC=CC=C2)S1,5.2439394,6.7774243,False,48,5,0.8,euclidean,random,StandardScaler_per_sample_dimension
*CCCC(C)C=O,5.645723,7.099318,False,48,5,0.8,euclidean,random,StandardScaler_per_sample_dimension
*CCCC(=O)NCC,-2.335719,5.894233,False,48,5,0.8,euclidean,random,StandardScaler_per_sample_dimension
*C(F)(F)CF,15.033508,0.5050861,False,48,5,0.8,euclidean,random,StandardScaler_per_sample_dimension
*CC(C)(C)CC,4.7091165,8.426807,False,48,5,0.8,euclidean,random,StandardScaler_per_sample_dimension
*CC(C)CC(*)C,7.7865424,7.002769,False,48,5,0.8,euclidean,random,StandardScaler_per_sample_dimension
*CCN(CC)CC,-0.4032933,5.2575016,False,48,5,0.8,euclidean,random,StandardScaler_per_sample_dimension
*CCC(=O)NCCC,-0.5136044,4.7634573,False,48,5,0.8,euclidean,random,StandardScaler_per_sample_dimension
*CC(C)CCC=O,7.3239074,7.0554814,False,48,5,0.8,euclidean,random,StandardScaler_per_sample_dimension
*CCCCCCNCCCC,4.121462,9.04271,False,48,5,0.8,euclidean,random,StandardScaler_per_sample_dimension
*CC(C)C(C)C(C)C,5.469007,8.286257,False,48,5,0.8,euclidean,random,StandardScaler_per_sample_dimension
*NCCCCCCCCCCCC,3.8643146,-3.1126587,False,48,5,0.8,euclidean,random,StandardScaler_per_sample_dimension
OCCCCC(F)F,1.4582777,4.2467585,False,48,5,0.8,euclidean,random,StandardScaler_per_sample_dimension
*CC(C)(C)COC,4.642655,8.037723,False,48,5,0.8,euclidean,random,StandardScaler_per_sample_dimension
CCOCC(C)(F)F,13.255587,2.2821097,False,48,5,0.8,euclidean,random,StandardScaler_per_sample_dimension
*OCNCCC,-5.6761723,2.23717,False,48,5,0.8,euclidean,random,StandardScaler_per_sample_dimension
*OC(=O)NCCC,-5.7052126,2.304654,False,48,5,0.8,euclidean,random,StandardScaler_per_sample_dimension
CCCCC(F)(F)CCC(F)(F)F,4.1850586,9.003927,False,48,5,0.8,euclidean,random,StandardScaler_per_sample_dimension
CCCCCC(F)(F)CC(F)(F)F,4.6601686,8.63267,False,48,5,0.8,euclidean,random,StandardScaler_per_sample_dimension
CCCCCCC(F)(F)C(F)(F)F,4.247051,9.108124,False,48,5,0.8,euclidean,random,StandardScaler_per_sample_dimension
CCCCC(F)(F)C(F)(F)CC(F)(F)F,4.4878416,8.634413,False,48,5,0.8,euclidean,random,StandardScaler_per_sample_dimension
CCCCC(F)(F)CC(F)(F)C(F)(F)F,4.4451194,8.685579,False,48,5,0.8,euclidean,random,StandardScaler_per_sample_dimension
CCCCCC(F)(F)C(F)(F)C(F)(F)F,4.1495976,8.545848,False,48,5,0.8,euclidean,random,StandardScaler_per_sample_dimension
*CCCCCCCCCC=O,7.9242625,6.778476,False,48,5,0.8,euclidean,random,StandardScaler_per_sample_dimension
*OCCOC=O,4.0703597,8.340089,False,48,5,0.8,euclidean,random,StandardScaler_per_sample_dimension
*CC(*)C1=C(C)C=CC=C1,-4.383918,28.831572,False,48,5,0.8,euclidean,random,StandardScaler_per_sample_dimension
*CC(*)C1=CC=CC=C1C,-4.341069,28.800028,False,48,5,0.8,euclidean,random,StandardScaler_per_sample_dimension
*OC1=CC=C(C2CCCCC2)C=C1,3.1415305,9.330059,False,48,5,0.8,euclidean,random,StandardScaler_per_sample_dimension
*OC1=CC=C(C2(C)CCCCC2)C=C1,3.3304634,9.252918,False,48,5,0.8,euclidean,random,StandardScaler_per_sample_dimension
*CCN(*)CC,11.428609,-2.844202,False,48,5,0.8,euclidean,random,StandardScaler_per_sample_dimension
*CC(*)(C=O)CC,8.86081,-6.995447,False,48,5,0.8,euclidean,random,StandardScaler_per_sample_dimension
*CC(C=O)CCO,9.272262,2.178557,False,48,5,0.8,euclidean,random,StandardScaler_per_sample_dimension
*CC(CO)CCO,9.163939,2.0100462,False,48,5,0.8,euclidean,random,StandardScaler_per_sample_dimension
*CC(CCO)C(=O)O,9.536035,2.2188087,False,48,5,0.8,euclidean,random,StandardScaler_per_sample_dimension
*C(=O)C1=CC=C(O)C=C1,4.2022166,8.668175,False,48,5,0.8,euclidean,random,StandardScaler_per_sample_dimension
*OC1=CC=C(C=C)C=C1,21.044949,9.29681,False,48,5,0.8,euclidean,random,StandardScaler_per_sample_dimension
*NC1=CC(NCC)=CC=C1,-2.710153,-10.090404,False,48,5,0.8,euclidean,random,StandardScaler_per_sample_dimension
*NC1=CC=CC(NCC)=C1,-2.8061209,-10.119227,False,48,5,0.8,euclidean,random,StandardScaler_per_sample_dimension
*OC1=CC=C(C(C)=O)C=C1,3.8052142,9.125208,False,48,5,0.8,euclidean,random,StandardScaler_per_sample_dimension
*CCCOC1=CC=C(C(C)(C)C)C=C1,3.2882192,8.079707,False,48,5,0.8,euclidean,random,StandardScaler_per_sample_dimension
*OC1=CC=C(OCC2=CC=C(C)C=C2)C=C1,2.528241,11.657515,False,48,5,0.8,euclidean,random,StandardScaler_per_sample_dimension
O=CC1=CC(C(CF)C2=CC=CC=C2)=CC=C1,-9.590977,5.7957706,False,48,5,0.8,euclidean,random,StandardScaler_per_sample_dimension
CCC[SH]=O,4.2900734,11.197267,False,48,5,0.8,euclidean,random,StandardScaler_per_sample_dimension
*N(C)C(=O)CCCCCC,-1.5913045,8.842606,False,48,5,0.8,euclidean,random,StandardScaler_per_sample_dimension
*NCCC(C)CC,3.439076,4.008469,False,48,5,0.8,euclidean,random,StandardScaler_per_sample_dimension
*N(C=O)CCCC,3.2532225,3.987161,False,48,5,0.8,euclidean,random,StandardScaler_per_sample_dimension
O=[PH](O)OC1=CC=CC=C1,20.208275,-15.554512,False,48,5,0.8,euclidean,random,StandardScaler_per_sample_dimension
CCC[SH](=O)=O,4.143188,10.855395,False,48,5,0.8,euclidean,random,StandardScaler_per_sample_dimension
*C1=CC=CC(CF)=C1,3.0419116,8.405501,False,48,5,0.8,euclidean,random,StandardScaler_per_sample_dimension
*C1=CC=CC(C(F)F)=C1,3.1426997,8.498883,False,48,5,0.8,euclidean,random,StandardScaler_per_sample_dimension
CNCC1=CC=C(S)C=C1,-1.2855397,-10.400449,False,48,5,0.8,euclidean,random,StandardScaler_per_sample_dimension
CNC(=O)C1=CC=C(S)C=C1,-1.3926349,-10.292146,False,48,5,0.8,euclidean,random,StandardScaler_per_sample_dimension
CC(=O)OCCCF,12.251769,4.680505,False,48,5,0.8,euclidean,random,StandardScaler_per_sample_dimension
*C1=CC=C([SH]=O)C=C1,17.929798,16.90239,False,48,5,0.8,euclidean,random,StandardScaler_per_sample_dimension
CCCC1=CSC=C1,6.2078266,5.4439373,False,48,5,0.8,euclidean,random,StandardScaler_per_sample_dimension
CCCCC1=CSC=C1,6.1214504,5.4831047,False,48,5,0.8,euclidean,random,StandardScaler_per_sample_dimension
*C(C)C(C)C(=O)O,8.613224,4.554514,False,48,5,0.8,euclidean,random,StandardScaler_per_sample_dimension
NCC1=CC=C(S)C=C1,-6.883973,-4.5357285,False,48,5,0.8,euclidean,random,StandardScaler_per_sample_dimension
NC(=O)C1=CC=C(S)C=C1,-6.8001857,-4.5767355,False,48,5,0.8,euclidean,random,StandardScaler_per_sample_dimension
*CCC(CC)C(=O)O,6.927883,5.025003,False,48,5,0.8,euclidean,random,StandardScaler_per_sample_dimension
*CCC(C)CC(=O)O,7.402628,5.156902,False,48,5,0.8,euclidean,random,StandardScaler_per_sample_dimension
OCC(F)(F)C(F)(F)C(F)F,-1.378742,-4.4186172,False,48,5,0.8,euclidean,random,StandardScaler_per_sample_dimension
COCC(F)(F)CC(F)F,11.486202,14.902852,False,48,5,0.8,euclidean,random,StandardScaler_per_sample_dimension
*OC1=C(C)C=C(CC2=CC=C(O)C=C2)C=C1,7.5582223,18.463064,False,48,5,0.8,euclidean,random,StandardScaler_per_sample_dimension
*OC1=CC=C(CC2=CC=C(O)C=C2)C=C1C,7.626378,18.283134,False,48,5,0.8,euclidean,random,StandardScaler_per_sample_dimension
CCOCC(F)(F)C(F)F,11.229949,8.304515,False,48,5,0.8,euclidean,random,StandardScaler_per_sample_dimension
*CNC1=CC=C(CC2=CC=CC=C2)C=C1,5.9200907,12.54398,False,48,5,0.8,euclidean,random,StandardScaler_per_sample_dimension
*C(=O)NC1=CC=C(CC2=CC=CC=C2)C=C1,6.134408,12.648132,False,48,5,0.8,euclidean,random,StandardScaler_per_sample_dimension
*NC1=CC(C)=CC=C1,-7.2874284,7.0033183,False,48,5,0.8,euclidean,random,StandardScaler_per_sample_dimension
*NC1=CC=CC(C)=C1,-7.426033,7.1438026,False,48,5,0.8,euclidean,random,StandardScaler_per_sample_dimension
*C1=CC=CC(C(C)(C)C)=C1,13.965643,-8.176531,False,48,5,0.8,euclidean,random,StandardScaler_per_sample_dimension
*CC(*)(CC)CO,8.742904,-6.854423,False,48,5,0.8,euclidean,random,StandardScaler_per_sample_dimension
*CC(CO)CC=O,9.457489,2.3039477,False,48,5,0.8,euclidean,random,StandardScaler_per_sample_dimension
*C(C)(CC=O)COC,-13.810419,17.728348,False,48,5,0.8,euclidean,random,StandardScaler_per_sample_dimension
*CC(*)(CC)C(=O)O,8.76499,-6.7901034,False,48,5,0.8,euclidean,random,StandardScaler_per_sample_dimension
*CC(C=O)CC(=O)O,9.4646015,2.4184568,False,48,5,0.8,euclidean,random,StandardScaler_per_sample_dimension
*CC(C=O)CCOC,9.32021,1.7823431,False,48,5,0.8,euclidean,random,StandardScaler_per_sample_dimension
*CC(CC=O)C(=O)O,9.524987,2.3134384,False,48,5,0.8,euclidean,random,StandardScaler_per_sample_dimension
*CC(CO)CC(=O)O,9.689006,2.3559568,False,48,5,0.8,euclidean,random,StandardScaler_per_sample_dimension
*CC(CO)CCOC,9.476685,1.8560117,False,48,5,0.8,euclidean,random,StandardScaler_per_sample_dimension
*C(C)(CC=O)C(=O)OC,-13.952096,17.857302,False,48,5,0.8,euclidean,random,StandardScaler_per_sample_dimension
*C(C)(COC)CC(=O)O,-13.784036,17.707016,False,48,5,0.8,euclidean,random,StandardScaler_per_sample_dimension
*C1=CC=C([SH](=O)=O)C=C1,18.022818,16.92025,False,48,5,0.8,euclidean,random,StandardScaler_per_sample_dimension
*CC(CC(=O)O)C(=O)O,9.758622,2.3640435,False,48,5,0.8,euclidean,random,StandardScaler_per_sample_dimension
*CC(CCOC)C(=O)O,9.368316,1.8001617,False,48,5,0.8,euclidean,random,StandardScaler_per_sample_dimension
*C(C)(CC(=O)O)C(=O)OC,-13.781986,17.697016,False,48,5,0.8,euclidean,random,StandardScaler_per_sample_dimension
*C(C)(COC)CC(=O)OC,-13.9519,17.83222,False,48,5,0.8,euclidean,random,StandardScaler_per_sample_dimension
*CCOC1=CC=C(C)C=C1,2.245516,7.816904,False,48,5,0.8,euclidean,random,StandardScaler_per_sample_dimension
*C(C)(CC(=O)OC)C(=O)OC,-13.854014,17.761131,False,48,5,0.8,euclidean,random,StandardScaler_per_sample_dimension
*NC1=CC(NC(C)=O)=CC=C1,-2.6483226,-10.165401,False,48,5,0.8,euclidean,random,StandardScaler_per_sample_dimension
*NC1=CC=CC(NC(C)=O)=C1,-2.6792212,-10.080839,False,48,5,0.8,euclidean,random,StandardScaler_per_sample_dimension
*C1=CC(C2=CC=CC=C2)=CC=N1,21.698013,12.046343,False,48,5,0.8,euclidean,random,StandardScaler_per_sample_dimension
*C1=NC=CC(C2=CC=CC=C2)=C1,21.854128,11.910689,False,48,5,0.8,euclidean,random,StandardScaler_per_sample_dimension
*CC1=CC=C(OC2=CC=CC=C2)C=C1,4.1321816,8.306422,False,48,5,0.8,euclidean,random,StandardScaler_per_sample_dimension
*C1=CC=C(CNC2=CC=C(N)C=C2)C=C1,-2.533468,9.055965,False,48,5,0.8,euclidean,random,StandardScaler_per_sample_dimension
*OC1=CC=C(C(=O)C2=CC=CC=C2)C=C1,3.680855,9.172124,False,48,5,0.8,euclidean,random,StandardScaler_per_sample_dimension
*C1=CC(C2=CC=CC=C2)=C2C=CC=CC2=N1,21.673098,11.932208,False,48,5,0.8,euclidean,random,StandardScaler_per_sample_dimension
*C1=NC2=CC=CC=C2C(C2=CC=CC=C2)=C1,21.590569,11.840174,False,48,5,0.8,euclidean,random,StandardScaler_per_sample_dimension
*CNC1=CC=C(CC2=CC=C(N)C=C2)C=C1,6.0355697,12.324695,False,48,5,0.8,euclidean,random,StandardScaler_per_sample_dimension
NCC1=CC(C(CF)C2=CC=CC=C2)=CC=C1,-9.513255,5.6965847,False,48,5,0.8,euclidean,random,StandardScaler_per_sample_dimension
*CCC(F)CF,15.512849,1.9594153,False,48,5,0.8,euclidean,random,StandardScaler_per_sample_dimension
*NCCC(C)CCC,3.6785302,3.9657125,False,48,5,0.8,euclidean,random,StandardScaler_per_sample_dimension
*CC(C)CCCCCC,5.256914,8.590683,False,48,5,0.8,euclidean,random,StandardScaler_per_sample_dimension
COCC(F)(F)C(F)C(F)F,3.262518,16.1584,False,48,5,0.8,euclidean,random,StandardScaler_per_sample_dimension
N=POC1=CC=CC=C1,-3.3716505,11.798433,False,48,5,0.8,euclidean,random,StandardScaler_per_sample_dimension
CC1=CC(F)=CC=C1,-3.2697039,7.1002846,False,48,5,0.8,euclidean,random,StandardScaler_per_sample_dimension
CC1=CC=CC(F)=C1,-3.0432184,7.0659604,False,48,5,0.8,euclidean,random,StandardScaler_per_sample_dimension
FC1=CC=C(F)C=C1,20.170002,-1.7727039,False,48,5,0.8,euclidean,random,StandardScaler_per_sample_dimension
*CCC(F)C(F)F,15.661873,1.8305596,False,48,5,0.8,euclidean,random,StandardScaler_per_sample_dimension
*CC(C)C(C)CCC,6.994215,8.06793,False,48,5,0.8,euclidean,random,StandardScaler_per_sample_dimension
*NC(=O)CCC(C)C,3.3001254,2.9236398,False,48,5,0.8,euclidean,random,StandardScaler_per_sample_dimension
O=COCCCCF,13.113872,0.04185996,False,48,5,0.8,euclidean,random,StandardScaler_per_sample_dimension
CCOCCCC(C)F,12.383114,-0.063175246,False,48,5,0.8,euclidean,random,StandardScaler_per_sample_dimension
CC(F)CCOC=O,12.863958,0.68247724,False,48,5,0.8,euclidean,random,StandardScaler_per_sample_dimension
*C(C)COCCOC=O,10.009449,8.054779,False,48,5,0.8,euclidean,random,StandardScaler_per_sample_dimension
*CCC(CC)COC,6.6039276,5.58457,False,48,5,0.8,euclidean,random,StandardScaler_per_sample_dimension
*OCNCCCC,-14.753954,-3.3291202,False,48,5,0.8,euclidean,random,StandardScaler_per_sample_dimension
*OC(=O)NCCCC,-14.800251,-3.3517017,False,48,5,0.8,euclidean,random,StandardScaler_per_sample_dimension
*[Si](C)(O)CCCCC,2.89056,8.413329,False,48,5,0.8,euclidean,random,StandardScaler_per_sample_dimension
*NC(=O)CCCCCCCCCCC,3.797731,-2.9120808,False,48,5,0.8,euclidean,random,StandardScaler_per_sample_dimension
O=COCCCC(F)F,13.4487915,-0.0052856742,False,48,5,0.8,euclidean,random,StandardScaler_per_sample_dimension
*CC(C)C(=O)OCCCCCCCCCC,4.668131,12.826596,False,48,5,0.8,euclidean,random,StandardScaler_per_sample_dimension
CC(=O)OCCC(F)F,12.268264,4.8905354,False,48,5,0.8,euclidean,random,StandardScaler_per_sample_dimension
*CC(C)C1=CC=CC=C1,4.0755596,8.850474,False,48,5,0.8,euclidean,random,StandardScaler_per_sample_dimension
CCOCCCC(C)(F)F,13.437596,0.9528071,False,48,5,0.8,euclidean,random,StandardScaler_per_sample_dimension
*OC(=O)O,16.616156,4.431773,False,48,5,0.8,euclidean,random,StandardScaler_per_sample_dimension
*OC(=O)OC,16.526323,4.3697777,False,48,5,0.8,euclidean,random,StandardScaler_per_sample_dimension
*C1=CC=C(CO)C=C1,4.3619637,7.7358675,False,48,5,0.8,euclidean,random,StandardScaler_per_sample_dimension
*OC1=CC(N)=CC=C1,13.330721,13.3636055,False,48,5,0.8,euclidean,random,StandardScaler_per_sample_dimension
*OC1=CC=CC(N)=C1,13.428747,13.348599,False,48,5,0.8,euclidean,random,StandardScaler_per_sample_dimension
*/C=C/C1=CC=C(C)C=C1,5.0784907,8.280496,False,48,5,0.8,euclidean,random,StandardScaler_per_sample_dimension
*/C=C\C1=CC=C(C)C=C1,5.1330357,8.431066,False,48,5,0.8,euclidean,random,StandardScaler_per_sample_dimension
*CC(C=O)CC(=O)OC,9.394199,1.7195609,False,48,5,0.8,euclidean,random,StandardScaler_per_sample_dimension
*CC(CO)CC(=O)OC,9.513999,1.6334103,False,48,5,0.8,euclidean,random,StandardScaler_per_sample_dimension
*C(=O)C1=CC=C(OC)C=C1,3.8884513,8.6528,False,48,5,0.8,euclidean,random,StandardScaler_per_sample_dimension
*CC(CC(=O)OC)C(=O)O,9.38167,1.8317677,False,48,5,0.8,euclidean,random,StandardScaler_per_sample_dimension
*NC1=CC=C(NC=O)C=C1,9.095359,11.875228,False,48,5,0.8,euclidean,random,StandardScaler_per_sample_dimension
*NC1=CC=C(NCC)C=C1,9.26049,11.8015175,False,48,5,0.8,euclidean,random,StandardScaler_per_sample_dimension
*CCOC(=O)C1=CC=CC=C1,-12.831246,5.716733,False,48,5,0.8,euclidean,random,StandardScaler_per_sample_dimension
*NC1=CC=C(NC(C)=O)C=C1,9.236256,11.953963,False,48,5,0.8,euclidean,random,StandardScaler_per_sample_dimension
CC(O)CF,-2.1117864,-1.0036368,False,48,5,0.8,euclidean,random,StandardScaler_per_sample_dimension
CC(O)C(F)F,-1.9827436,-1.1252316,False,48,5,0.8,euclidean,random,StandardScaler_per_sample_dimension
*COC1=CC=C(C(C)CCC)C=C1,-0.32912242,12.131733,False,48,5,0.8,euclidean,random,StandardScaler_per_sample_dimension
*CC(F)CCF,15.848915,2.228724,False,48,5,0.8,euclidean,random,StandardScaler_per_sample_dimension
OCCCC(F)CF,0.86209595,4.452644,False,48,5,0.8,euclidean,random,StandardScaler_per_sample_dimension
*NC(=O)CC(C)CC,3.7551186,3.9889503,False,48,5,0.8,euclidean,random,StandardScaler_per_sample_dimension
*NC(=O)CCC(C)CC,3.0964482,3.209663,False,48,5,0.8,euclidean,random,StandardScaler_per_sample_dimension
*C(F)C(C)F,15.60082,0.9991204,False,48,5,0.8,euclidean,random,StandardScaler_per_sample_dimension
CC1=CC=C(S(C)=O)C=C1,-7.323591,-5.938306,False,48,5,0.8,euclidean,random,StandardScaler_per_sample_dimension
*C(=O)OC1=CC=C(C(C)CC)C=C1,-0.6363468,12.311144,False,48,5,0.8,euclidean,random,StandardScaler_per_sample_dimension
CNCC1=CC=C(SC)C=C1,-1.2696644,-10.429489,False,48,5,0.8,euclidean,random,StandardScaler_per_sample_dimension
CNC(=O)C1=CC=C(SC)C=C1,-1.4777058,-10.43288,False,48,5,0.8,euclidean,random,StandardScaler_per_sample_dimension
*COC1=CC=C(CCCC)C=C1,-0.28010932,11.950308,False,48,5,0.8,euclidean,random,StandardScaler_per_sample_dimension
CCCOCC(F)F,-3.3824978,-1.9781535,False,48,5,0.8,euclidean,random,StandardScaler_per_sample_dimension
*CC(*)CCCC,7.231627,8.656805,False,48,5,0.8,euclidean,random,StandardScaler_per_sample_dimension
*CCOCCC(C)C,3.2788303,4.0864806,False,48,5,0.8,euclidean,random,StandardScaler_per_sample_dimension
*CCC(F)(F)CF,15.61555,1.8181769,False,48,5,0.8,euclidean,random,StandardScaler_per_sample_dimension
*CCCCCCOCCC,2.6286616,7.072109,False,48,5,0.8,euclidean,random,StandardScaler_per_sample_dimension
OCCCC(F)C(F)F,0.8763188,4.5840445,False,48,5,0.8,euclidean,random,StandardScaler_per_sample_dimension
*CC(F)CC(F)F,15.697402,2.2372806,False,48,5,0.8,euclidean,random,StandardScaler_per_sample_dimension
*CC(F)(F)CCF,15.641737,1.9946692,False,48,5,0.8,euclidean,random,StandardScaler_per_sample_dimension
CC1=CC(Br)=CC=C1,4.4993615,8.679078,False,48,5,0.8,euclidean,random,StandardScaler_per_sample_dimension
CC1=CC=CC(Br)=C1,4.612125,8.408282,False,48,5,0.8,euclidean,random,StandardScaler_per_sample_dimension
OCC(F)(F)F,6.894617,9.559298,False,48,5,0.8,euclidean,random,StandardScaler_per_sample_dimension
CSC1=CC=C(CN)C=C1,-6.749867,-4.6025615,False,48,5,0.8,euclidean,random,StandardScaler_per_sample_dimension
CSC1=CC=C(C(N)=O)C=C1,-6.560161,-4.552293,False,48,5,0.8,euclidean,random,StandardScaler_per_sample_dimension
*CC(CCC)C(C)C,6.588814,8.309686,False,48,5,0.8,euclidean,random,StandardScaler_per_sample_dimension
CC1=CC=C(S(C)(=O)=O)C=C1,-7.444705,-6.209657,False,48,5,0.8,euclidean,random,StandardScaler_per_sample_dimension
*C1=CC=C(C2=CC=C(NC)C=C2)C=C1,4.64435,9.214416,False,48,5,0.8,euclidean,random,StandardScaler_per_sample_dimension
*CCC1CCCC1,6.5379477,8.777572,False,48,5,0.8,euclidean,random,StandardScaler_per_sample_dimension
*OPOC1=CC=CC=C1,20.16291,-15.612367,False,48,5,0.8,euclidean,random,StandardScaler_per_sample_dimension
*O[PH](=O)OC1=CC=CC=C1,20.012028,-15.495272,False,48,5,0.8,euclidean,random,StandardScaler_per_sample_dimension
*C(F)CO,14.051424,1.2868857,False,48,5,0.8,euclidean,random,StandardScaler_per_sample_dimension
*C1CCCCC1,6.018696,8.9354315,False,48,5,0.8,euclidean,random,StandardScaler_per_sample_dimension
COCC(F)(F)C(F)(F)C(F)F,-1.3281366,-4.366867,False,48,5,0.8,euclidean,random,StandardScaler_per_sample_dimension
*OC1=CC=C(CC2=CC(C)=C(O)C=C2)C=C1,7.6324906,17.930964,False,48,5,0.8,euclidean,random,StandardScaler_per_sample_dimension
*OC1=CC=C(CC2=CC=C(O)C(C)=C2)C=C1,7.7988296,18.060886,False,48,5,0.8,euclidean,random,StandardScaler_per_sample_dimension
*C(C)CNC1=CC=CC=C1,11.677894,6.0969534,False,48,5,0.8,euclidean,random,StandardScaler_per_sample_dimension
*OC1=CC=C(/C=C/C)C=C1,20.98225,9.1829815,False,48,5,0.8,euclidean,random,StandardScaler_per_sample_dimension
*COCCO,5.0613465,8.901678,False,48,5,0.8,euclidean,random,StandardScaler_per_sample_dimension
*O[Si](*)(C)CCCCC,2.7692058,8.484246,False,48,5,0.8,euclidean,random,StandardScaler_per_sample_dimension
*NCC1=CC=CC=C1C1=CC=CC=C1,7.1289454,23.204992,False,48,5,0.8,euclidean,random,StandardScaler_per_sample_dimension
*NC(=O)C1=CC=CC=C1C1=CC=CC=C1,7.1884227,23.131481,False,48,5,0.8,euclidean,random,StandardScaler_per_sample_dimension
*C(C)(C)COCCCCCCCCCC,4.3464985,12.460379,False,48,5,0.8,euclidean,random,StandardScaler_per_sample_dimension
*C(C)(C)C(=O)OCCCCCCCCCC,4.359656,12.787553,False,48,5,0.8,euclidean,random,StandardScaler_per_sample_dimension
*CC(*)(C)COCCCCCCCCCC,4.4936433,12.842459,False,48,5,0.8,euclidean,random,StandardScaler_per_sample_dimension
*C(=O)OCCCC,4.634859,7.8938136,False,48,5,0.8,euclidean,random,StandardScaler_per_sample_dimension
*C(C)C1=CC=C(OC)C=C1,3.2317407,9.977721,False,48,5,0.8,euclidean,random,StandardScaler_per_sample_dimension
*C1=C(OC)C=CC=C1,-13.664863,-1.6564173,False,48,5,0.8,euclidean,random,StandardScaler_per_sample_dimension
*C1=CC=CC=C1OC,-13.748148,-1.7749821,False,48,5,0.8,euclidean,random,StandardScaler_per_sample_dimension
CC(F)(F)CCOC=O,12.934905,1.2974597,False,48,5,0.8,euclidean,random,StandardScaler_per_sample_dimension
*CC(C)COC1=CC=CC=C1,1.0438018,6.581216,False,48,5,0.8,euclidean,random,StandardScaler_per_sample_dimension
*C(=O)CCCC=O,12.877732,-1.5310177,False,48,5,0.8,euclidean,random,StandardScaler_per_sample_dimension
*CC(CCO)COC,25.654963,7.04415,False,48,5,0.8,euclidean,random,StandardScaler_per_sample_dimension
*CC(CCO)C(=O)OC,25.69476,7.0251665,False,48,5,0.8,euclidean,random,StandardScaler_per_sample_dimension
*CC(CCOC)COC,25.812601,7.224387,False,48,5,0.8,euclidean,random,StandardScaler_per_sample_dimension
*COCC1=CC=CC=C1,-12.934608,5.8898573,False,48,5,0.8,euclidean,random,StandardScaler_per_sample_dimension
*C(C)C1=CC=CC=C1C=O,7.5364833,2.529332,False,48,5,0.8,euclidean,random,StandardScaler_per_sample_dimension
*C(C)C1=CC=CC=C1CO,7.975601,1.9341466,False,48,5,0.8,euclidean,random,StandardScaler_per_sample_dimension
*CC(CCOC)C(=O)OC,25.85898,7.3207445,False,48,5,0.8,euclidean,random,StandardScaler_per_sample_dimension
*CCCCCOC1=CC=CC=C1,4.372258,9.0323,False,48,5,0.8,euclidean,random,StandardScaler_per_sample_dimension
*C1=CC(NCC2=CC(O)=CC=C2)=CC=C1,-12.100323,14.930536,False,48,5,0.8,euclidean,random,StandardScaler_per_sample_dimension
*C1=CC=C(C(=O)C2=CC=C(C)C=C2)C=C1,4.5961285,9.727118,False,48,5,0.8,euclidean,random,StandardScaler_per_sample_dimension
*C1=CC(NC(=O)C2=CC(O)=CC=C2)=CC=C1,-12.180381,14.820865,False,48,5,0.8,euclidean,random,StandardScaler_per_sample_dimension
*CC(F)C(F)CF,16.172556,2.5668328,False,48,5,0.8,euclidean,random,StandardScaler_per_sample_dimension
FC1=CC(F)=C(F)C=C1,20.255001,-1.7957214,False,48,5,0.8,euclidean,random,StandardScaler_per_sample_dimension
FC1=CC=C(F)C(F)=C1,20.133514,-1.8271767,False,48,5,0.8,euclidean,random,StandardScaler_per_sample_dimension
CNC1=CC=C(S(=O)C2=CC=CC=C2)C=C1,18.43269,-0.89274496,False,48,5,0.8,euclidean,random,StandardScaler_per_sample_dimension
*NC(=O)CC(C)CCC,3.7512457,3.8713202,False,48,5,0.8,euclidean,random,StandardScaler_per_sample_dimension
O=COCCC(F)CF,13.271775,-0.18934537,False,48,5,0.8,euclidean,random,StandardScaler_per_sample_dimension
*CC(F)C(F)C(F)F,16.153767,2.6889458,False,48,5,0.8,euclidean,random,StandardScaler_per_sample_dimension
CCOCCC(F)C(C)F,12.10142,-0.4175319,False,48,5,0.8,euclidean,random,StandardScaler_per_sample_dimension
*CC(F)(F)C(F)CF,15.927975,2.66443,False,48,5,0.8,euclidean,random,StandardScaler_per_sample_dimension
CC1=CC=C(S(=O)C2=CC=CC=C2)C=C1,-7.395654,-5.945878,False,48,5,0.8,euclidean,random,StandardScaler_per_sample_dimension
*CC(=O)OC(C)CC,-2.7085674,4.9046006,False,48,5,0.8,euclidean,random,StandardScaler_per_sample_dimension
*C(C)C(CC)CCC,7.2949424,8.23645,False,48,5,0.8,euclidean,random,StandardScaler_per_sample_dimension
*CC(CC)C(C)CC,6.97795,7.883863,False,48,5,0.8,euclidean,random,StandardScaler_per_sample_dimension
CNC1=CC=C(S(=O)(=O)C2=CC=CC=C2)C=C1,-2.813638,-6.9682894,False,48,5,0.8,euclidean,random,StandardScaler_per_sample_dimension
*OC1=CC=C(C(C)C2=CC(C)=CC=C2)C=C1,7.757589,18.055164,False,48,5,0.8,euclidean,random,StandardScaler_per_sample_dimension
*OC1=CC=C(C(C)C2=CC=CC(C)=C2)C=C1,7.9318275,18.018185,False,48,5,0.8,euclidean,random,StandardScaler_per_sample_dimension
COCF,13.829816,1.4815904,False,48,5,0.8,euclidean,random,StandardScaler_per_sample_dimension
*C1=CC(C(C)C2=CC=CC=C2)=CC=C1,14.313542,-8.20304,False,48,5,0.8,euclidean,random,StandardScaler_per_sample_dimension
*C1=CC=CC(C(C)C2=CC=CC=C2)=C1,14.178944,-8.107049,False,48,5,0.8,euclidean,random,StandardScaler_per_sample_dimension
O=COCCC(F)C(F)F,13.329351,-0.19456801,False,48,5,0.8,euclidean,random,StandardScaler_per_sample_dimension
*CCOCCCF,10.928383,8.551109,False,48,5,0.8,euclidean,random,StandardScaler_per_sample_dimension
COCCCCCF,1.0713073,4.1600122,False,48,5,0.8,euclidean,random,StandardScaler_per_sample_dimension
OCCOP,14.55737,20.187733,False,48,5,0.8,euclidean,random,StandardScaler_per_sample_dimension
COCCOP,14.73773,20.080448,False,48,5,0.8,euclidean,random,StandardScaler_per_sample_dimension
CCOCCC(F)CC,12.245812,-0.13093956,False,48,5,0.8,euclidean,random,StandardScaler_per_sample_dimension
CCOCCC(F)(F)C(C)F,12.278913,-0.20938028,False,48,5,0.8,euclidean,random,StandardScaler_per_sample_dimension
CCOCCC(F)C(C)(F)F,12.20566,-0.09322484,False,48,5,0.8,euclidean,random,StandardScaler_per_sample_dimension
*C1=CC=C(S(=O)C2=CC=CC=C2)C=C1,18.080212,16.790825,False,48,5,0.8,euclidean,random,StandardScaler_per_sample_dimension
NCC1=CC=C(SC2=CC=CC=C2)C=C1,-5.477788,-4.792807,False,48,5,0.8,euclidean,random,StandardScaler_per_sample_dimension
NC(=O)C1=CC=C(SC2=CC=CC=C2)C=C1,-5.5223436,-4.820709,False,48,5,0.8,euclidean,random,StandardScaler_per_sample_dimension
CC1=CC=C(S(=O)(=O)C2=CC=CC=C2)C=C1,-7.2923126,-6.1048713,False,48,5,0.8,euclidean,random,StandardScaler_per_sample_dimension
*N1CCC(C)C1,4.4542685,4.8877387,False,48,5,0.8,euclidean,random,StandardScaler_per_sample_dimension
*N1CC(C)CC1=O,4.5379434,4.9093957,False,48,5,0.8,euclidean,random,StandardScaler_per_sample_dimension
*N1CCC(C)C1=O,4.556479,4.806252,False,48,5,0.8,euclidean,random,StandardScaler_per_sample_dimension
*N1C(=O)CC(C)C1=O,4.384913,4.683273,False,48,5,0.8,euclidean,random,StandardScaler_per_sample_dimension
*CC(C)COC(C)C,12.781194,22.51709,False,48,5,0.8,euclidean,random,StandardScaler_per_sample_dimension
CO[PH](=O)OC1=CC=CC=C1,20.319511,-15.885887,False,48,5,0.8,euclidean,random,StandardScaler_per_sample_dimension
*C1=CC=C(CC2=C(C)C=CC=C2)C=C1,7.7979403,12.210027,False,48,5,0.8,euclidean,random,StandardScaler_per_sample_dimension
*C1=CC=C(CC2=CC=CC=C2C)C=C1,7.765107,12.163802,False,48,5,0.8,euclidean,random,StandardScaler_per_sample_dimension
*C(CO)C(C)C,9.120433,4.4685698,False,48,5,0.8,euclidean,random,StandardScaler_per_sample_dimension
CCCCSC,4.794888,9.205698,False,48,5,0.8,euclidean,random,StandardScaler_per_sample_dimension
*OCNCCCCCC,-14.73939,-3.3231056,False,48,5,0.8,euclidean,random,StandardScaler_per_sample_dimension
*OC(=O)NCCCCCC,-14.737624,-3.3366435,False,48,5,0.8,euclidean,random,StandardScaler_per_sample_dimension
*COCCCCCC,4.694979,8.090636,False,48,5,0.8,euclidean,random,StandardScaler_per_sample_dimension
*C(C)C1=CC=C(CC)C=C1,7.2078795,12.608445,False,48,5,0.8,euclidean,random,StandardScaler_per_sample_dimension
COCCCCC(F)F,1.8370419,4.0459895,False,48,5,0.8,euclidean,random,StandardScaler_per_sample_dimension
*C1=CC(C(C)(C)C2=CC=CC=C2)=CC=C1,14.116315,-8.12388,False,48,5,0.8,euclidean,random,StandardScaler_per_sample_dimension
*C1=CC=CC(C(C)(C)C2=CC=CC=C2)=C1,14.0974045,-8.132346,False,48,5,0.8,euclidean,random,StandardScaler_per_sample_dimension
*OCNCCCCC,-9.862863,16.928358,False,48,5,0.8,euclidean,random,StandardScaler_per_sample_dimension
*OC(=O)NCCCCC,-10.28435,16.741,False,48,5,0.8,euclidean,random,StandardScaler_per_sample_dimension
*CCN(C)C(=O)CC,-1.6699498,5.8344674,False,48,5,0.8,euclidean,random,StandardScaler_per_sample_dimension
CC1=CC(CNC2=CC=C(S)C=C2)=CC=C1,11.526909,7.485843,False,48,5,0.8,euclidean,random,StandardScaler_per_sample_dimension
CC1=CC=CC(CNC2=CC=C(S)C=C2)=C1,11.658857,7.478674,False,48,5,0.8,euclidean,random,StandardScaler_per_sample_dimension
CC1=CC(C(=O)NC2=CC=C(S)C=C2)=CC=C1,11.355525,7.633735,False,48,5,0.8,euclidean,random,StandardScaler_per_sample_dimension
CC1=CC=CC(C(=O)NC2=CC=C(S)C=C2)=C1,11.383144,7.3197536,False,48,5,0.8,euclidean,random,StandardScaler_per_sample_dimension
*CC(C)COCCO,-19.348083,1.6588781,False,48,5,0.8,euclidean,random,StandardScaler_per_sample_dimension
CCOCCC(F)(F)CC,13.3221,0.99261004,False,48,5,0.8,euclidean,random,StandardScaler_per_sample_dimension
CCOCCC(F)(F)C(C)(F)F,13.366985,1.0258133,False,48,5,0.8,euclidean,random,StandardScaler_per_sample_dimension
NC1=CC=C(SC2=CC=C(N)C=C2)C=C1,11.142715,7.496543,False,48,5,0.8,euclidean,random,StandardScaler_per_sample_dimension
*C1=CC=C(CC2=CC(C)=CC(C)=C2)C=C1,4.891845,9.593243,False,48,5,0.8,euclidean,random,StandardScaler_per_sample_dimension
*C1CCC(C=C)C1,8.217557,9.969659,False,48,5,0.8,euclidean,random,StandardScaler_per_sample_dimension
*/C=C/*,6.1990466,7.239667,False,48,5,0.8,euclidean,random,StandardScaler_per_sample_dimension
*CCN(*)C=O,11.607179,-2.7807567,False,48,5,0.8,euclidean,random,StandardScaler_per_sample_dimension
*C(=O)CCCCO,12.911313,-1.4601796,False,48,5,0.8,euclidean,random,StandardScaler_per_sample_dimension
*CCN(*)C(C)=O,11.499891,-2.6502302,False,48,5,0.8,euclidean,random,StandardScaler_per_sample_dimension
*C(=O)CCCCOC,12.686222,-1.6432077,False,48,5,0.8,euclidean,random,StandardScaler_per_sample_dimension
*CC(*)(CC)COC,8.658475,-6.948588,False,48,5,0.8,euclidean,random,StandardScaler_per_sample_dimension
*CC(CC=O)COC,26.064386,7.74307,False,48,5,0.8,euclidean,random,StandardScaler_per_sample_dimension
*C(=O)C1=CC(O)=CC=C1,24.411797,-0.48365372,False,48,5,0.8,euclidean,random,StandardScaler_per_sample_dimension
*C(=O)C1=CC=CC(O)=C1,24.485617,-0.38852057,False,48,5,0.8,euclidean,random,StandardScaler_per_sample_dimension
*CC(*)(CC)C(=O)OC,8.658823,-6.9219017,False,48,5,0.8,euclidean,random,StandardScaler_per_sample_dimension
*CC(CC=O)C(=O)OC,26.048061,7.6882563,False,48,5,0.8,euclidean,random,StandardScaler_per_sample_dimension
*CC(COC)CC(=O)O,25.874998,7.4023924,False,48,5,0.8,euclidean,random,StandardScaler_per_sample_dimension
*C(C)OCC1=CC=CC=C1,-13.126945,5.997377,False,48,5,0.8,euclidean,random,StandardScaler_per_sample_dimension
*C1=CC=CC(C(F)(F)F)=C1,3.7788324,8.847635,False,48,5,0.8,euclidean,random,StandardScaler_per_sample_dimension
*CC(CC(=O)O)C(=O)OC,26.053902,7.657031,False,48,5,0.8,euclidean,random,StandardScaler_per_sample_dimension
*CC(COC)CC(=O)OC,26.063807,7.634105,False,48,5,0.8,euclidean,random,StandardScaler_per_sample_dimension
*CC(CC(=O)OC)C(=O)OC,26.163887,7.5294547,False,48,5,0.8,euclidean,random,StandardScaler_per_sample_dimension
*CCN(C)C1=CC=C(N)C=C1,-4.3068542,8.838622,False,48,5,0.8,euclidean,random,StandardScaler_per_sample_dimension
*CC(C)C(=O)OC1=CC=CC=C1,0.9140878,6.7750173,False,48,5,0.8,euclidean,random,StandardScaler_per_sample_dimension
*CCN(CC)C1=CC=C(N)C=C1,-4.2415957,9.084778,False,48,5,0.8,euclidean,random,StandardScaler_per_sample_dimension
*C1=CC=C(S(=O)(=O)C2=CC=CC=C2)C=C1,18.096731,16.88389,False,48,5,0.8,euclidean,random,StandardScaler_per_sample_dimension
*C1=CC=C(NCC2=CC(C=O)=CC=C2)C=C1,-3.6162057,-17.650671,False,48,5,0.8,euclidean,random,StandardScaler_per_sample_dimension
*C1=CC=C(NCC2=CC=CC(C=O)=C2)C=C1,-3.5049286,-17.36554,False,48,5,0.8,euclidean,random,StandardScaler_per_sample_dimension
*NCC(C)CCC,2.9495726,3.037551,False,48,5,0.8,euclidean,random,StandardScaler_per_sample_dimension
*NC(=O)C(C)CCC,3.0847998,2.943796,False,48,5,0.8,euclidean,random,StandardScaler_per_sample_dimension
*C(F)CCF,16.540932,0.9263731,False,48,5,0.8,euclidean,random,StandardScaler_per_sample_dimension
CC1=CC(S(=O)C2=CC=CC=C2)=CC=C1,26.080416,0.86110157,False,48,5,0.8,euclidean,random,StandardScaler_per_sample_dimension
CC1=CC=CC(S(=O)C2=CC=CC=C2)=C1,25.83339,0.83536804,False,48,5,0.8,euclidean,random,StandardScaler_per_sample_dimension
O=COCC(F)CF,12.485197,4.1028624,False,48,5,0.8,euclidean,random,StandardScaler_per_sample_dimension
*OC1=C(C)C=C(C(C)C)C=C1,11.150405,-12.932193,False,48,5,0.8,euclidean,random,StandardScaler_per_sample_dimension
*OC1=CC=C(C(C)C)C=C1C,11.059648,-13.030896,False,48,5,0.8,euclidean,random,StandardScaler_per_sample_dimension
*CC(F)C(F)(F)CF,15.856291,2.5547156,False,48,5,0.8,euclidean,random,StandardScaler_per_sample_dimension
*OC1=C(C)C=C(C(C)C2=CC=CC=C2)C=C1,11.121094,-13.020184,False,48,5,0.8,euclidean,random,StandardScaler_per_sample_dimension
*OC1=CC=C(C(C)C2=CC=CC=C2)C=C1C,11.151151,-12.984861,False,48,5,0.8,euclidean,random,StandardScaler_per_sample_dimension
*N(CCC)C(=O)CCCC,1.2753142,5.5532594,False,48,5,0.8,euclidean,random,StandardScaler_per_sample_dimension
*C(F)CC(F)F,16.312027,1.0193673,False,48,5,0.8,euclidean,random,StandardScaler_per_sample_dimension
N=[PH](O)OC1=CC=CC=C1,-3.3727748,11.947259,False,48,5,0.8,euclidean,random,StandardScaler_per_sample_dimension
OC1=C(Br)C=CC=C1,-7.723431,-7.946824,False,48,5,0.8,euclidean,random,StandardScaler_per_sample_dimension
OC1=CC=CC=C1Br,-7.9159,-7.880122,False,48,5,0.8,euclidean,random,StandardScaler_per_sample_dimension
*N(CCC)CCCC,1.246429,5.5772567,False,48,5,0.8,euclidean,random,StandardScaler_per_sample_dimension
*N(CCC)C(=O)CCC,1.3329587,5.4584346,False,48,5,0.8,euclidean,random,StandardScaler_per_sample_dimension
*OC1=CC=C(C(C)CC(C)C)C=C1,2.6176786,9.092343,False,48,5,0.8,euclidean,random,StandardScaler_per_sample_dimension
CC1=CC(S(=O)(=O)C2=CC=CC=C2)=CC=C1,25.98121,0.7389925,False,48,5,0.8,euclidean,random,StandardScaler_per_sample_dimension
CC1=CC=CC(S(=O)(=O)C2=CC=CC=C2)=C1,26.021154,0.7922337,False,48,5,0.8,euclidean,random,StandardScaler_per_sample_dimension
OCCOPO,14.495143,20.12337,False,48,5,0.8,euclidean,random,StandardScaler_per_sample_dimension
COCCOPO,14.544013,20.171251,False,48,5,0.8,euclidean,random,StandardScaler_per_sample_dimension
*N(CCC)CCCCC,1.5111306,5.5056257,False,48,5,0.8,euclidean,random,StandardScaler_per_sample_dimension
*C(C)CCCCCCCC,5.6091413,8.893853,False,48,5,0.8,euclidean,random,StandardScaler_per_sample_dimension
OCCCC(F)(F)CF,1.2415156,4.329338,False,48,5,0.8,euclidean,random,StandardScaler_per_sample_dimension
COPOCCO,14.62336,20.068594,False,48,5,0.8,euclidean,random,StandardScaler_per_sample_dimension
COCCOPOC,14.661478,20.160524,False,48,5,0.8,euclidean,random,StandardScaler_per_sample_dimension
O=COCCC(F)(F)CF,13.020752,0.30792442,False,48,5,0.8,euclidean,random,StandardScaler_per_sample_dimension
O=COCC(F)(F)CF,12.552098,4.0939198,False,48,5,0.8,euclidean,random,StandardScaler_per_sample_dimension
CC(F)COC=O,12.721167,3.659831,False,48,5,0.8,euclidean,random,StandardScaler_per_sample_dimension
C1=CSC(C2=CC=CS2)=C1,5.44004,6.9641023,False,48,5,0.8,euclidean,random,StandardScaler_per_sample_dimension
*CC(*)CCCCC,6.902477,8.608632,False,48,5,0.8,euclidean,random,StandardScaler_per_sample_dimension
CCP,11.296096,0.50526,False,48,5,0.8,euclidean,random,StandardScaler_per_sample_dimension
*CCOCCOCCC,10.465242,8.547271,False,48,5,0.8,euclidean,random,StandardScaler_per_sample_dimension
*C(C(=O)O)C(C)C,9.115271,4.6104374,False,48,5,0.8,euclidean,random,StandardScaler_per_sample_dimension
CC1=C(C2=CC=CC=C2)SC=C1,5.3690696,6.5315495,False,48,5,0.8,euclidean,random,StandardScaler_per_sample_dimension
*C(F)COC,14.164218,1.390383,False,48,5,0.8,euclidean,random,StandardScaler_per_sample_dimension
*CCNCCCCCC,-1.6319087,8.688093,False,48,5,0.8,euclidean,random,StandardScaler_per_sample_dimension
*CCCOCCCO,-0.22207496,2.4726937,False,48,5,0.8,euclidean,random,StandardScaler_per_sample_dimension
*CCOCCC(F)F,10.85607,8.15932,False,48,5,0.8,euclidean,random,StandardScaler_per_sample_dimension
*/C=C(/*)C,6.7123065,6.9960055,False,48,5,0.8,euclidean,random,StandardScaler_per_sample_dimension
*C1=C(C)C=C(C2=CC=C(O)C=C2)C=C1,6.345212,10.713715,False,48,5,0.8,euclidean,random,StandardScaler_per_sample_dimension
*C1=CC=C(C2=CC=C(O)C=C2)C=C1C,6.327743,10.560995,False,48,5,0.8,euclidean,random,StandardScaler_per_sample_dimension
*OC1=CC=C(CCC(C)C)C=C1,3.0681348,9.047552,False,48,5,0.8,euclidean,random,StandardScaler_per_sample_dimension
*CC(=O)OCCCO,-0.062832385,2.5478673,False,48,5,0.8,euclidean,random,StandardScaler_per_sample_dimension
*CC(C)CCC(C)C,4.0188956,7.879209,False,48,5,0.8,euclidean,random,StandardScaler_per_sample_dimension
OCCCC(F)(F)C(F)F,1.7322584,4.453238,False,48,5,0.8,euclidean,random,StandardScaler_per_sample_dimension
*CC(*)C1=CC=C(CC)C=C1,7.3964114,12.675668,False,48,5,0.8,euclidean,random,StandardScaler_per_sample_dimension
*CCCCCCNC(=O)CC,4.361489,8.853602,False,48,5,0.8,euclidean,random,StandardScaler_per_sample_dimension
*CCC(C)CCC=O,5.61449,8.676714,False,48,5,0.8,euclidean,random,StandardScaler_per_sample_dimension
*CCC(F)(F)C(F)F,15.539777,1.9148235,False,48,5,0.8,euclidean,random,StandardScaler_per_sample_dimension
O=COCCC(F)(F)C(F)F,13.135419,0.6013094,False,48,5,0.8,euclidean,random,StandardScaler_per_sample_dimension
*CCCCCCOC(C)=O,3.3738914,7.7356496,False,48,5,0.8,euclidean,random,StandardScaler_per_sample_dimension
*C(=O)CCCCCO,2.8023868,5.7263317,False,48,5,0.8,euclidean,random,StandardScaler_per_sample_dimension
CC(F)(F)COC=O,12.906277,2.1729248,False,48,5,0.8,euclidean,random,StandardScaler_per_sample_dimension
*CC(*)CC=O,22.813583,6.8674293,False,48,5,0.8,euclidean,random,StandardScaler_per_sample_dimension
*CC(*)CCO,23.249252,6.7603264,False,48,5,0.8,euclidean,random,StandardScaler_per_sample_dimension
*/C=C/C1CCCC1,8.461639,9.696109,False,48,5,0.8,euclidean,random,StandardScaler_per_sample_dimension
*CC(*)(C)CC=O,22.742096,7.1241655,False,48,5,0.8,euclidean,random,StandardScaler_per_sample_dimension
*/C=C/C1CCC(*)C1,8.658205,9.9206,False,48,5,0.8,euclidean,random,StandardScaler_per_sample_dimension
*C(=O)CCCC(=O)O,12.814099,-1.4508171,False,48,5,0.8,euclidean,random,StandardScaler_per_sample_dimension
*CC(*)(C=O)CC=O,22.742846,6.89655,False,48,5,0.8,euclidean,random,StandardScaler_per_sample_dimension
*C(=O)CCCC(=O)OC,12.765344,-1.444682,False,48,5,0.8,euclidean,random,StandardScaler_per_sample_dimension
*C(=O)C1=CC=CC(OC)=C1,24.550735,-0.4800495,False,48,5,0.8,euclidean,random,StandardScaler_per_sample_dimension
*COC(=O)C1=CC=CC=C1,-12.997953,5.8279676,False,48,5,0.8,euclidean,random,StandardScaler_per_sample_dimension
*C(C)(C)COC1=CC=CC=C1,1.5061661,7.107017,False,48,5,0.8,euclidean,random,StandardScaler_per_sample_dimension
*C1COC2C(OC=O)COC12,10.038738,8.172357,False,48,5,0.8,euclidean,random,StandardScaler_per_sample_dimension
*C(=O)CCCCCCCCC=O,7.8364983,6.5879655,False,48,5,0.8,euclidean,random,StandardScaler_per_sample_dimension
*C(C)COC(C)CC,-3.0698876,4.6157,False,48,5,0.8,euclidean,random,StandardScaler_per_sample_dimension
*C(C)C(=O)OC(C)CC,-3.0590298,4.5429664,False,48,5,0.8,euclidean,random,StandardScaler_per_sample_dimension
CCNC1=CC=C(S(=O)C2=CC=CC=C2)C=C1,18.036856,-0.58344656,False,48,5,0.8,euclidean,random,StandardScaler_per_sample_dimension
*NCC(CC)CC,3.4070725,3.425077,False,48,5,0.8,euclidean,random,StandardScaler_per_sample_dimension
*NC(=O)C(CC)CC,3.2782981,3.5547338,False,48,5,0.8,euclidean,random,StandardScaler_per_sample_dimension
NPO,3.3951068,10.467797,False,48,5,0.8,euclidean,random,StandardScaler_per_sample_dimension
*CCC(=O)OC(C)CC,-2.8606694,4.656257,False,48,5,0.8,euclidean,random,StandardScaler_per_sample_dimension
COPN,3.2347662,10.327023,False,48,5,0.8,euclidean,random,StandardScaler_per_sample_dimension
O=C1C2=CC=CC=C2CN1C1=CC=C(S)C=C1,12.397186,8.046297,False,48,5,0.8,euclidean,random,StandardScaler_per_sample_dimension
CNC1=CC=C(SC2=CC=C(N)C=C2)C=C1,-2.7383647,-7.341883,False,48,5,0.8,euclidean,random,StandardScaler_per_sample_dimension
*CCCC(CC)CC,6.577261,8.205642,False,48,5,0.8,euclidean,random,StandardScaler_per_sample_dimension
*C1CCCC1CC,6.9806685,8.688251,False,48,5,0.8,euclidean,random,StandardScaler_per_sample_dimension
O=COCC(F)C(F)F,12.424826,3.9469206,False,48,5,0.8,euclidean,random,StandardScaler_per_sample_dimension
CC(O)F,13.646246,1.9108632,False,48,5,0.8,euclidean,random,StandardScaler_per_sample_dimension
CCCC(F)CO,15.647194,16.215845,False,48,5,0.8,euclidean,random,StandardScaler_per_sample_dimension
*OC1=CC=C(C(CC)CCCC)C=C1,2.6725004,9.507478,False,48,5,0.8,euclidean,random,StandardScaler_per_sample_dimension
ClC1=CC(Cl)=CC=C1,3.2761436,11.654744,False,48,5,0.8,euclidean,random,StandardScaler_per_sample_dimension
ClC1=CC=CC(Cl)=C1,3.5141668,11.762299,False,48,5,0.8,euclidean,random,StandardScaler_per_sample_dimension
CC(F)CCCOC=O,-3.6321528,-0.025055101,False,48,5,0.8,euclidean,random,StandardScaler_per_sample_dimension
*S(=O)C1=CC=CC=C1,3.9217584,10.085192,False,48,5,0.8,euclidean,random,StandardScaler_per_sample_dimension
*C(CN)CCC,-1.0495129,5.9886327,False,48,5,0.8,euclidean,random,StandardScaler_per_sample_dimension
CCCCCC1=CSC=C1,5.9310164,5.590723,False,48,5,0.8,euclidean,random,StandardScaler_per_sample_dimension
*CC(C)C(=O)OC(C)C,12.750043,22.713236,False,48,5,0.8,euclidean,random,StandardScaler_per_sample_dimension
OP(O)OC1=CC=CC=C1,20.299591,-15.816581,False,48,5,0.8,euclidean,random,StandardScaler_per_sample_dimension
*OP(O)OC1=CC=CC=C1,20.301323,-15.674849,False,48,5,0.8,euclidean,random,StandardScaler_per_sample_dimension
COP(O)OC1=CC=CC=C1,20.224539,-15.582463,False,48,5,0.8,euclidean,random,StandardScaler_per_sample_dimension
O=P(O)(O)OC1=CC=CC=C1,20.165268,-15.609965,False,48,5,0.8,euclidean,random,StandardScaler_per_sample_dimension
*OP(=O)(O)OC1=CC=CC=C1,20.406689,-15.74886,False,48,5,0.8,euclidean,random,StandardScaler_per_sample_dimension
*OP(OC)OC1=CC=CC=C1,20.396618,-15.788723,False,48,5,0.8,euclidean,random,StandardScaler_per_sample_dimension
COP(=O)(O)OC1=CC=CC=C1,20.43274,-15.788872,False,48,5,0.8,euclidean,random,StandardScaler_per_sample_dimension
*OP(=O)(OC)OC1=CC=CC=C1,20.459217,-15.720707,False,48,5,0.8,euclidean,random,StandardScaler_per_sample_dimension
SC1=CC=C(N2CC3=CC=CC=C3C2)C=C1,11.996796,7.7086983,False,48,5,0.8,euclidean,random,StandardScaler_per_sample_dimension
*C(C)COC1=CC=C(C)C=C1,2.0134664,7.624662,False,48,5,0.8,euclidean,random,StandardScaler_per_sample_dimension
CCCCCS,5.5766077,8.729429,False,48,5,0.8,euclidean,random,StandardScaler_per_sample_dimension
*CC1CCCC1,6.447019,8.955366,False,48,5,0.8,euclidean,random,StandardScaler_per_sample_dimension
OS,-12.294931,19.30044,False,48,5,0.8,euclidean,random,StandardScaler_per_sample_dimension
*C1=CC=C(C(=O)C2=CC(C)=CC=C2)C=C1,5.6066275,10.3575945,False,48,5,0.8,euclidean,random,StandardScaler_per_sample_dimension
*C1=CC=C(C(=O)C2=CC=CC(C)=C2)C=C1,5.634871,10.33052,False,48,5,0.8,euclidean,random,StandardScaler_per_sample_dimension
N=[PH](OC1=CC=CC=C1)OC1=CC=CC=C1,-3.412436,12.145959,False,48,5,0.8,euclidean,random,StandardScaler_per_sample_dimension
*OC1=C(O)C=CC=C1,0.76600015,-9.252668,False,48,5,0.8,euclidean,random,StandardScaler_per_sample_dimension
*OC1=CC=CC=C1O,0.81254464,-9.215988,False,48,5,0.8,euclidean,random,StandardScaler_per_sample_dimension
*OC1=C(OC)C=CC=C1,0.84911305,-9.196636,False,48,5,0.8,euclidean,random,StandardScaler_per_sample_dimension
*OC1=CC=CC=C1OC,0.8549688,-9.268085,False,48,5,0.8,euclidean,random,StandardScaler_per_sample_dimension
*[Si](C)(O)CCCCCC,3.086456,8.676007,False,48,5,0.8,euclidean,random,StandardScaler_per_sample_dimension
*OC1=C(C2=CC=CC=C2)C=CC=C1,5.769835,9.330867,False,48,5,0.8,euclidean,random,StandardScaler_per_sample_dimension
*OC1=CC=CC=C1C1=CC=CC=C1,5.8618345,9.2608385,False,48,5,0.8,euclidean,random,StandardScaler_per_sample_dimension
*CCCS,4.4043837,9.4256,False,48,5,0.8,euclidean,random,StandardScaler_per_sample_dimension
*N1CC2=C(C1)C(C)=CC=C2,7.2062745,22.989967,False,48,5,0.8,euclidean,random,StandardScaler_per_sample_dimension
*N1CC2=C(C1=O)C(C)=CC=C2,7.0396214,22.965343,False,48,5,0.8,euclidean,random,StandardScaler_per_sample_dimension
*N1CC2=C(C=CC=C2C)C1=O,7.2696056,22.836605,False,48,5,0.8,euclidean,random,StandardScaler_per_sample_dimension
*N1C(=O)C2=C(C1=O)C(C)=CC=C2,6.94479,22.809294,False,48,5,0.8,euclidean,random,StandardScaler_per_sample_dimension
*N1CC2=C(C1)C(C1=CC=CC=C1)=CC=C2,7.2848597,23.076437,False,48,5,0.8,euclidean,random,StandardScaler_per_sample_dimension
*N1CC2=CC=CC(C3=CC=CC=C3)=C2C1,7.024551,22.825573,False,48,5,0.8,euclidean,random,StandardScaler_per_sample_dimension
*N1CC2=C(C1=O)C(C1=CC=CC=C1)=CC=C2,7.311582,23.188028,False,48,5,0.8,euclidean,random,StandardScaler_per_sample_dimension
*N1CC2=C(C3=CC=CC=C3)C=CC=C2C1=O,7.2302856,23.083485,False,48,5,0.8,euclidean,random,StandardScaler_per_sample_dimension
*N1CC2=C(C=CC=C2C2=CC=CC=C2)C1=O,7.056936,22.855978,False,48,5,0.8,euclidean,random,StandardScaler_per_sample_dimension
*N1CC2=CC=CC(C3=CC=CC=C3)=C2C1=O,7.340997,23.119888,False,48,5,0.8,euclidean,random,StandardScaler_per_sample_dimension
*C1=CC=CC(C)=C1C,5.0809507,9.677397,False,48,5,0.8,euclidean,random,StandardScaler_per_sample_dimension
*CCCCCNC(C)=O,3.6735108,7.273168,False,48,5,0.8,euclidean,random,StandardScaler_per_sample_dimension
*C(=C)C1=CC=CC=C1,6.139593,7.5402346,False,48,5,0.8,euclidean,random,StandardScaler_per_sample_dimension
O=COCC(F)(F)C(F)F,12.436298,4.1345363,False,48,5,0.8,euclidean,random,StandardScaler_per_sample_dimension
*NCC1=CC=C(CNCC)C=C1,5.331057,-11.119788,False,48,5,0.8,euclidean,random,StandardScaler_per_sample_dimension
*NC(=O)C1=CC=C(CNCC)C=C1,5.392413,-11.037327,False,48,5,0.8,euclidean,random,StandardScaler_per_sample_dimension
*NCC1=CC=C(C(=O)NCC)C=C1,5.5842476,-11.225873,False,48,5,0.8,euclidean,random,StandardScaler_per_sample_dimension
*NC(=O)C1=CC=C(C(=O)NCC)C=C1,5.6085534,-10.977983,False,48,5,0.8,euclidean,random,StandardScaler_per_sample_dimension
*C(C)(C)COCCO,-19.350853,1.8400613,False,48,5,0.8,euclidean,random,StandardScaler_per_sample_dimension
*C(C)(C)C(=O)OCCO,-19.334368,1.6726931,False,48,5,0.8,euclidean,random,StandardScaler_per_sample_dimension
*CC(*)(C)COCCO,-19.395334,1.7331853,False,48,5,0.8,euclidean,random,StandardScaler_per_sample_dimension
*CC(C)C(=O)OCCO,-19.346115,1.6718401,False,48,5,0.8,euclidean,random,StandardScaler_per_sample_dimension
*CC(*)(C)C(=O)OCCO,-19.300173,1.7206576,False,48,5,0.8,euclidean,random,StandardScaler_per_sample_dimension
C=S,4.1335897,8.496616,False,48,5,0.8,euclidean,random,StandardScaler_per_sample_dimension
*OC(=O)OCC,16.72606,4.5995574,False,48,5,0.8,euclidean,random,StandardScaler_per_sample_dimension
*C1=C(OCC)C=CC=C1,-13.746066,-1.726984,False,48,5,0.8,euclidean,random,StandardScaler_per_sample_dimension
*C1=CC=CC=C1OCC,-13.662427,-1.7640628,False,48,5,0.8,euclidean,random,StandardScaler_per_sample_dimension
CC(F)(F)CCCOC=O,13.047414,0.8330698,False,48,5,0.8,euclidean,random,StandardScaler_per_sample_dimension
*CC(*)(C)CCO,22.868004,6.6357093,False,48,5,0.8,euclidean,random,StandardScaler_per_sample_dimension
*CC(*)CC(=O)O,22.970352,6.5317426,False,48,5,0.8,euclidean,random,StandardScaler_per_sample_dimension
*CC(*)(C)CC(=O)O,23.125938,6.883507,False,48,5,0.8,euclidean,random,StandardScaler_per_sample_dimension
*CC(*)(C=O)CCO,23.06231,7.018351,False,48,5,0.8,euclidean,random,StandardScaler_per_sample_dimension
*CC(*)(CO)CC=O,23.175386,6.974315,False,48,5,0.8,euclidean,random,StandardScaler_per_sample_dimension
*CC(*)(CO)CCO,22.768726,6.59372,False,48,5,0.8,euclidean,random,StandardScaler_per_sample_dimension
*CC(*)(C=O)CC(=O)O,22.822742,6.498565,False,48,5,0.8,euclidean,random,StandardScaler_per_sample_dimension
*CC(*)(CC=O)C(=O)O,23.187689,6.844513,False,48,5,0.8,euclidean,random,StandardScaler_per_sample_dimension
*CC(*)(CCO)C(=O)O,23.293854,7.1075997,False,48,5,0.8,euclidean,random,StandardScaler_per_sample_dimension
*CC(*)(CO)CC(=O)O,22.986603,6.627694,False,48,5,0.8,euclidean,random,StandardScaler_per_sample_dimension
*OCCCCCCCC,2.1763906,3.7073832,False,48,5,0.8,euclidean,random,StandardScaler_per_sample_dimension
*CC(*)(CC(=O)O)C(=O)O,23.356121,7.1329436,False,48,5,0.8,euclidean,random,StandardScaler_per_sample_dimension
*C(C)OC(=O)C1=CC=CC=C1,-12.889033,5.8607154,False,48,5,0.8,euclidean,random,StandardScaler_per_sample_dimension
*C(C)(C)C(=O)OC1=CC=CC=C1,1.409824,7.0821753,False,48,5,0.8,euclidean,random,StandardScaler_per_sample_dimension
*CC(*)(C)COC1=CC=CC=C1,1.3428603,6.774435,False,48,5,0.8,euclidean,random,StandardScaler_per_sample_dimension
*CC(*)(C)C(=O)OC1=CC=CC=C1,1.202354,6.959449,False,48,5,0.8,euclidean,random,StandardScaler_per_sample_dimension
*CC(C)C(=O)OCCCCCCO,11.766696,-7.3404865,False,48,5,0.8,euclidean,random,StandardScaler_per_sample_dimension
*CC1=CC=C(COC2=CC=C(C)C=C2)C=C1,3.7571359,9.034126,False,48,5,0.8,euclidean,random,StandardScaler_per_sample_dimension
*NC(=O)C(CC)CCC,3.9747727,3.1618125,False,48,5,0.8,euclidean,random,StandardScaler_per_sample_dimension
*NCC(CC)CCC,3.860467,3.3209643,False,48,5,0.8,euclidean,random,StandardScaler_per_sample_dimension
*C(F)C(F)CF,16.33285,0.7876401,False,48,5,0.8,euclidean,random,StandardScaler_per_sample_dimension
CCN1CC2=CC=C(CCF)C=C2C1,22.330223,2.3645258,False,48,5,0.8,euclidean,random,StandardScaler_per_sample_dimension
O=CNC1=CC=C(S(=O)C2=CC=CC=C2)C=C1,18.204853,-0.55063957,False,48,5,0.8,euclidean,random,StandardScaler_per_sample_dimension
O=[SH]C1=CC=C(NCC2=CC=CC=C2)C=C1,17.810194,-0.41756213,False,48,5,0.8,euclidean,random,StandardScaler_per_sample_dimension
O=[SH]C1=CC=C(NC(=O)C2=CC=CC=C2)C=C1,17.670435,-0.25343996,False,48,5,0.8,euclidean,random,StandardScaler_per_sample_dimension
CCS(C)=O,3.9508421,10.959904,False,48,5,0.8,euclidean,random,StandardScaler_per_sample_dimension
COCCCC(F)CF,-6.3478985,3.1541152,False,48,5,0.8,euclidean,random,StandardScaler_per_sample_dimension
*C(F)C(F)C(F)F,16.48018,1.0991234,False,48,5,0.8,euclidean,random,StandardScaler_per_sample_dimension
*CC(*)COC(C)CC,-2.6488576,5.008691,False,48,5,0.8,euclidean,random,StandardScaler_per_sample_dimension
*CC(*)C(=O)OC(C)CC,-2.840588,4.8466825,False,48,5,0.8,euclidean,random,StandardScaler_per_sample_dimension
*C(C)C(C)COC,8.620146,4.326038,False,48,5,0.8,euclidean,random,StandardScaler_per_sample_dimension
OC1=C(Cl)C=CC=C1,3.3307188,11.822735,False,48,5,0.8,euclidean,random,StandardScaler_per_sample_dimension
OC1=CC=CC=C1Cl,3.3778791,11.886225,False,48,5,0.8,euclidean,random,StandardScaler_per_sample_dimension
COCCCC(F)C(F)F,0.7345148,4.869073,False,48,5,0.8,euclidean,random,StandardScaler_per_sample_dimension
O=[SH](=O)C1=CC=C(NCC2=CC=CC=C2)C=C1,-3.0289612,-7.3206754,False,48,5,0.8,euclidean,random,StandardScaler_per_sample_dimension
*NCCCCCCNCCC,11.736245,0.9037565,False,48,5,0.8,euclidean,random,StandardScaler_per_sample_dimension
CNC1=CC=C(SC2=CC=C(NC)C=C2)C=C1,-2.7694647,-7.2996736,False,48,5,0.8,euclidean,random,StandardScaler_per_sample_dimension
COCCCC(F)(F)CF,0.7542197,4.310562,False,48,5,0.8,euclidean,random,StandardScaler_per_sample_dimension
*C(=O)OCCCCC,4.733135,7.6422067,False,48,5,0.8,euclidean,random,StandardScaler_per_sample_dimension
*CCN(CC)CCC,-0.7320608,5.1952806,False,48,5,0.8,euclidean,random,StandardScaler_per_sample_dimension
*CC(F)C(F)(F)C(F)F,15.590816,2.3808677,False,48,5,0.8,euclidean,random,StandardScaler_per_sample_dimension
*CC(F)(F)C(F)(F)CF,15.3617,2.141436,False,48,5,0.8,euclidean,random,StandardScaler_per_sample_dimension
CC[Si](C)(C)O,4.975484,8.903061,False,48,5,0.8,euclidean,random,StandardScaler_per_sample_dimension
NC1=CC=C(OC2=CC=C(S)C=C2)C=C1,5.100326,9.551779,False,48,5,0.8,euclidean,random,StandardScaler_per_sample_dimension
*C(C)C(=O)NC1=CC=CC=C1,11.653015,6.0783563,False,48,5,0.8,euclidean,random,StandardScaler_per_sample_dimension
*C(CCC)COC,7.8011928,5.6702166,False,48,5,0.8,euclidean,random,StandardScaler_per_sample_dimension
*CCCCCCCC=O,4.151322,9.108025,False,48,5,0.8,euclidean,random,StandardScaler_per_sample_dimension
*O[Si](*)(C)CCCCCC,2.9304097,8.743128,False,48,5,0.8,euclidean,random,StandardScaler_per_sample_dimension
*CC(CC)COC=O,6.787024,5.8523,False,48,5,0.8,euclidean,random,StandardScaler_per_sample_dimension
COCCCC(F)(F)C(F)F,2.0240977,4.159017,False,48,5,0.8,euclidean,random,StandardScaler_per_sample_dimension
*CC(C)COCC1=CC=CC=C1,4.058541,8.368748,False,48,5,0.8,euclidean,random,StandardScaler_per_sample_dimension
*C(C)(C)CCOCC,6.47611,2.4776285,False,48,5,0.8,euclidean,random,StandardScaler_per_sample_dimension
*CCCNC(C)=O,2.3070524,5.8137207,False,48,5,0.8,euclidean,random,StandardScaler_per_sample_dimension
*CCCCOC(=O)CC,6.597213,1.7252944,False,48,5,0.8,euclidean,random,StandardScaler_per_sample_dimension
*C(=O)CCCCC(=O)O,2.6272428,5.899341,False,48,5,0.8,euclidean,random,StandardScaler_per_sample_dimension
*CCCCCCN(C)C,3.9168472,8.373263,False,48,5,0.8,euclidean,random,StandardScaler_per_sample_dimension
*CC=C,4.371948,8.762697,False,48,5,0.8,euclidean,random,StandardScaler_per_sample_dimension
*OC1=CC(OCC)=CC=C1,5.7119536,24.567347,False,48,5,0.8,euclidean,random,StandardScaler_per_sample_dimension
*OC1=CC=CC(OCC)=C1,5.6611323,24.614264,False,48,5,0.8,euclidean,random,StandardScaler_per_sample_dimension
*CC(*)CCOC,24.392641,7.9800806,False,48,5,0.8,euclidean,random,StandardScaler_per_sample_dimension
*CC(*)(C)CCOC,24.287853,8.234355,False,48,5,0.8,euclidean,random,StandardScaler_per_sample_dimension
*CC(*)CC(=O)OC,24.369017,7.980544,False,48,5,0.8,euclidean,random,StandardScaler_per_sample_dimension
*C1=CC=C(COC)C=C1,4.274022,7.653878,False,48,5,0.8,euclidean,random,StandardScaler_per_sample_dimension
*CC(*)(C)CC(=O)OC,24.411575,8.029066,False,48,5,0.8,euclidean,random,StandardScaler_per_sample_dimension
*CC(*)(C=O)CCOC,24.229076,8.055246,False,48,5,0.8,euclidean,random,StandardScaler_per_sample_dimension
*CC(*)(CO)CCOC,24.246862,8.133772,False,48,5,0.8,euclidean,random,StandardScaler_per_sample_dimension
*CC(*)(C=O)CC(=O)OC,24.20102,8.121186,False,48,5,0.8,euclidean,random,StandardScaler_per_sample_dimension
*CC(*)(CCOC)C(=O)O,24.313042,8.020116,False,48,5,0.8,euclidean,random,StandardScaler_per_sample_dimension
*CC(*)(CO)CC(=O)OC,24.204708,8.213352,False,48,5,0.8,euclidean,random,StandardScaler_per_sample_dimension
*CC1=CC=C(OCC)C=C1,3.637699,9.630685,False,48,5,0.8,euclidean,random,StandardScaler_per_sample_dimension
*CCC1=CC=C(CO)C=C1,11.369307,3.9204233,False,48,5,0.8,euclidean,random,StandardScaler_per_sample_dimension
*CC(*)(CC(=O)OC)C(=O)O,24.265942,8.021121,False,48,5,0.8,euclidean,random,StandardScaler_per_sample_dimension
*N1CC2=CC=C(CO)C=C2C1,0.24142528,20.92745,False,48,5,0.8,euclidean,random,StandardScaler_per_sample_dimension
*C(C)(C)COCCCCCCO,11.599591,-7.205386,False,48,5,0.8,euclidean,random,StandardScaler_per_sample_dimension
*N1CC2=CC(CO)=CC=C2C1=O,0.32586503,21.186287,False,48,5,0.8,euclidean,random,StandardScaler_per_sample_dimension
*N1CC2=CC=C(C(=O)O)C=C2C1,0.047989637,20.974615,False,48,5,0.8,euclidean,random,StandardScaler_per_sample_dimension
*N1CC2=CC=C(CO)C=C2C1=O,0.0074470635,21.124832,False,48,5,0.8,euclidean,random,StandardScaler_per_sample_dimension
*C(C)(C)C(=O)OCCCCCCO,11.550465,-7.264506,False,48,5,0.8,euclidean,random,StandardScaler_per_sample_dimension
*CC(*)(C)COCCCCCCO,11.507273,-7.339204,False,48,5,0.8,euclidean,random,StandardScaler_per_sample_dimension
*N1C(=O)C2=CC=C(CO)C=C2C1=O,0.12935989,20.971191,False,48,5,0.8,euclidean,random,StandardScaler_per_sample_dimension
*N1CC2=CC(C(=O)O)=CC=C2C1=O,0.21056207,20.930874,False,48,5,0.8,euclidean,random,StandardScaler_per_sample_dimension
*N1CC2=CC=C(C(=O)O)C=C2C1=O,0.08463561,21.04943,False,48,5,0.8,euclidean,random,StandardScaler_per_sample_dimension
*CC(*)(C)C(=O)OCCCCCCO,11.6588745,-7.344145,False,48,5,0.8,euclidean,random,StandardScaler_per_sample_dimension
*N1C(=O)C2=CC=C(C(=O)O)C=C2C1=O,0.07900506,20.77357,False,48,5,0.8,euclidean,random,StandardScaler_per_sample_dimension
CC1=CC=C(SC2=CC=C(C)C=C2)C=C1,-7.9544144,-7.6674128,False,48,5,0.8,euclidean,random,StandardScaler_per_sample_dimension
*CCCCCCCCOC1=CC=CC=C1,4.4109817,8.992045,False,48,5,0.8,euclidean,random,StandardScaler_per_sample_dimension
CC(F)C(F)C(F)CO,19.219332,8.913813,False,48,5,0.8,euclidean,random,StandardScaler_per_sample_dimension
OCCC(F)C(F)CF,-6.348316,3.1402879,False,48,5,0.8,euclidean,random,StandardScaler_per_sample_dimension
OCCC(F)C(F)C(F)F,-6.683557,3.2277453,False,48,5,0.8,euclidean,random,StandardScaler_per_sample_dimension
*NCC(C)CCCC,3.138439,3.138856,False,48,5,0.8,euclidean,random,StandardScaler_per_sample_dimension
*NC(=O)C(C)CCCC,3.0062387,3.254002,False,48,5,0.8,euclidean,random,StandardScaler_per_sample_dimension
CC(F)CC(F)CO,19.125101,8.997854,False,48,5,0.8,euclidean,random,StandardScaler_per_sample_dimension
CCC(F)C(F)CO,19.085192,8.9544,False,48,5,0.8,euclidean,random,StandardScaler_per_sample_dimension
CC(F)(F)C(F)C(F)CO,19.077215,9.006298,False,48,5,0.8,euclidean,random,StandardScaler_per_sample_dimension
*NCC(C)CC(C)CC,3.082854,3.2638803,False,48,5,0.8,euclidean,random,StandardScaler_per_sample_dimension
*NC(=O)C(C)CC(C)CC,2.9136963,3.2830262,False,48,5,0.8,euclidean,random,StandardScaler_per_sample_dimension
OCCC(F)CCF,-6.7072167,3.0407898,False,48,5,0.8,euclidean,random,StandardScaler_per_sample_dimension
OCCC(F)(F)C(F)CF,-6.7367916,3.2074063,False,48,5,0.8,euclidean,random,StandardScaler_per_sample_dimension
OCCC(F)C(F)(F)CF,-6.69289,3.1553133,False,48,5,0.8,euclidean,random,StandardScaler_per_sample_dimension
*NC(=O)CC(C)CCCC,3.9335308,3.7513044,False,48,5,0.8,euclidean,random,StandardScaler_per_sample_dimension
CC(F)C(F)CCOC=O,11.841621,-0.6313623,False,48,5,0.8,euclidean,random,StandardScaler_per_sample_dimension
*NCCC(C)CCCC,3.9342878,3.693849,False,48,5,0.8,euclidean,random,StandardScaler_per_sample_dimension
*N(C)C(=O)CCCCCCC,-1.2742314,9.048442,False,48,5,0.8,euclidean,random,StandardScaler_per_sample_dimension
CCCOCCCF,11.474506,7.285171,False,48,5,0.8,euclidean,random,StandardScaler_per_sample_dimension
*CCCOCCF,-3.2267165,-1.8202587,False,48,5,0.8,euclidean,random,StandardScaler_per_sample_dimension
*N1CCC(CC)C1,4.2618756,4.3945713,False,48,5,0.8,euclidean,random,StandardScaler_per_sample_dimension
*N1CC(CC)CC1=O,4.4381304,4.552484,False,48,5,0.8,euclidean,random,StandardScaler_per_sample_dimension
*N1CCC(CC)C1=O,4.389678,4.555453,False,48,5,0.8,euclidean,random,StandardScaler_per_sample_dimension
*N1C(=O)CC(CC)C1=O,4.2526946,4.4959044,False,48,5,0.8,euclidean,random,StandardScaler_per_sample_dimension
CCNC1=CC=C(SC2=CC=C(N)C=C2)C=C1,-2.6677506,-7.3457675,False,48,5,0.8,euclidean,random,StandardScaler_per_sample_dimension
OCCC(F)CC(F)F,0.65204966,4.906575,False,48,5,0.8,euclidean,random,StandardScaler_per_sample_dimension
OCCC(F)(F)C(F)C(F)F,0.6450864,4.974944,False,48,5,0.8,euclidean,random,StandardScaler_per_sample_dimension
OCCC(F)C(F)(F)C(F)F,0.83262426,4.925568,False,48,5,0.8,euclidean,random,StandardScaler_per_sample_dimension
CCCCOPO,19.999567,3.28049,False,48,5,0.8,euclidean,random,StandardScaler_per_sample_dimension
CCS(C)(=O)=O,4.230322,10.571798,False,48,5,0.8,euclidean,random,StandardScaler_per_sample_dimension
*NCC(C)CC(C)C,2.966466,3.1187057,False,48,5,0.8,euclidean,random,StandardScaler_per_sample_dimension
CC(F)(F)CC(F)CO,15.610759,16.11185,False,48,5,0.8,euclidean,random,StandardScaler_per_sample_dimension
*NC(=O)C(C)CC(C)C,2.9796462,3.0380428,False,48,5,0.8,euclidean,random,StandardScaler_per_sample_dimension
*N(CC)CCCCCCC,-1.4191562,8.808965,False,48,5,0.8,euclidean,random,StandardScaler_per_sample_dimension
OCCC(F)(F)CCF,0.5195735,4.2637215,False,48,5,0.8,euclidean,random,StandardScaler_per_sample_dimension
OCCC(F)(F)C(F)(F)CF,0.4280344,4.374884,False,48,5,0.8,euclidean,random,StandardScaler_per_sample_dimension
CNC1=CC=C(OC2=CC=C(S)C=C2)C=C1,4.6574645,9.492951,False,48,5,0.8,euclidean,random,StandardScaler_per_sample_dimension
O=CNC1=CC=C(OC2=CC=C(S)C=C2)C=C1,4.973969,9.466118,False,48,5,0.8,euclidean,random,StandardScaler_per_sample_dimension
CC(F)CCCCO,8.943891,9.747533,False,48,5,0.8,euclidean,random,StandardScaler_per_sample_dimension
CC(=O)OCCCCF,13.150895,-0.059202295,False,48,5,0.8,euclidean,random,StandardScaler_per_sample_dimension
CC1=CC=C(OP)C=C1,-3.2901247,11.985436,False,48,5,0.8,euclidean,random,StandardScaler_per_sample_dimension
C[Si](C)(O)O[Si](C)(C)O,7.3856897,8.410335,False,48,5,0.8,euclidean,random,StandardScaler_per_sample_dimension
CCCC(F)COC,12.3668375,29.082422,False,48,5,0.8,euclidean,random,StandardScaler_per_sample_dimension
CCOCC(F)CC,12.361601,14.476698,False,48,5,0.8,euclidean,random,StandardScaler_per_sample_dimension
CCC(F)CCOC=O,-3.6889389,-0.13647434,False,48,5,0.8,euclidean,random,StandardScaler_per_sample_dimension
CC(F)(F)C(F)CCOC=O,-3.8833218,-0.083606996,False,48,5,0.8,euclidean,random,StandardScaler_per_sample_dimension
CC(F)C(F)(F)CCOC=O,-3.6411474,-0.092758246,False,48,5,0.8,euclidean,random,StandardScaler_per_sample_dimension
*C1=CC=CC(CCC)=C1,14.213826,-8.382561,False,48,5,0.8,euclidean,random,StandardScaler_per_sample_dimension
C[Si](C)(C)C1=CC=C(C=O)C=C1,3.0875623,8.469625,False,48,5,0.8,euclidean,random,StandardScaler_per_sample_dimension
O=CCF,13.598653,0.78435713,False,48,5,0.8,euclidean,random,StandardScaler_per_sample_dimension
*C(CCC)C(N)=O,-1.0313966,6.079947,False,48,5,0.8,euclidean,random,StandardScaler_per_sample_dimension
SC1=CC2=C(C=C1)CNC2,-4.9102297,-4.408363,False,48,5,0.8,euclidean,random,StandardScaler_per_sample_dimension
SC1=CC=C2CNCC2=C1,-5.1410666,-4.5391674,False,48,5,0.8,euclidean,random,StandardScaler_per_sample_dimension
O=C1NCC2=C1C=C(S)C=C2,-5.2694464,-4.695702,False,48,5,0.8,euclidean,random,StandardScaler_per_sample_dimension
O=C1NCC2=C1C=CC(S)=C2,-4.863564,-4.292631,False,48,5,0.8,euclidean,random,StandardScaler_per_sample_dimension
O=C1NCC2=CC(S)=CC=C12,-5.190896,-4.694446,False,48,5,0.8,euclidean,random,StandardScaler_per_sample_dimension
O=C1NCC2=CC=C(S)C=C12,-4.959312,-4.431084,False,48,5,0.8,euclidean,random,StandardScaler_per_sample_dimension
O=C1NC(=O)C2=C1C=CC(S)=C2,-4.9239087,-4.305599,False,48,5,0.8,euclidean,random,StandardScaler_per_sample_dimension
O=C1NC(=O)C2=CC(S)=CC=C12,-5.327875,-4.6309743,False,48,5,0.8,euclidean,random,StandardScaler_per_sample_dimension
C1=CC=C(SC2=CC3=C(C=C2)CNC3)C=C1,-4.9283547,-4.2572913,False,48,5,0.8,euclidean,random,StandardScaler_per_sample_dimension
C1=CC=C(SC2=CC=C3CNCC3=C2)C=C1,-5.0850654,-4.5064073,False,48,5,0.8,euclidean,random,StandardScaler_per_sample_dimension
O=C1NCC2=C1C=C(SC1=CC=CC=C1)C=C2,-4.890947,-4.337111,False,48,5,0.8,euclidean,random,StandardScaler_per_sample_dimension
O=C1NCC2=C1C=CC(SC1=CC=CC=C1)=C2,-5.008718,-4.43934,False,48,5,0.8,euclidean,random,StandardScaler_per_sample_dimension
O=C1NCC2=CC(SC3=CC=CC=C3)=CC=C12,-5.3665867,-4.7618685,False,48,5,0.8,euclidean,random,StandardScaler_per_sample_dimension
O=C1NCC2=CC=C(SC3=CC=CC=C3)C=C12,-4.8809137,-4.3589835,False,48,5,0.8,euclidean,random,StandardScaler_per_sample_dimension
*CC(C=O)CCC,5.5671506,8.790587,False,48,5,0.8,euclidean,random,StandardScaler_per_sample_dimension
*CCC(=O)NCCCC,-0.30099013,4.6821094,False,48,5,0.8,euclidean,random,StandardScaler_per_sample_dimension
*N(CCC)CCCCCC,0.9519744,5.840239,False,48,5,0.8,euclidean,random,StandardScaler_per_sample_dimension
*CCC(C)C(C)C=O,5.3999352,6.9445434,False,48,5,0.8,euclidean,random,StandardScaler_per_sample_dimension
*CC(*)F,14.49581,0.7661347,False,48,5,0.8,euclidean,random,StandardScaler_per_sample_dimension
CC1=CC(SC2=CC=CC(C)=C2)=CC=C1,26.236174,0.9210414,False,48,5,0.8,euclidean,random,StandardScaler_per_sample_dimension
CC1=CC=CC(SC2=CC(C)=CC=C2)=C1,26.238235,0.8996665,False,48,5,0.8,euclidean,random,StandardScaler_per_sample_dimension
CC1=CC=CC(SC2=CC=CC(C)=C2)=C1,26.301231,0.99302155,False,48,5,0.8,euclidean,random,StandardScaler_per_sample_dimension
*CC(CC)C(=O)OCC,25.99897,7.7677026,False,48,5,0.8,euclidean,random,StandardScaler_per_sample_dimension
CCCCOP,19.904758,3.246798,False,48,5,0.8,euclidean,random,StandardScaler_per_sample_dimension
CCCCOPOC,20.035185,3.3628798,False,48,5,0.8,euclidean,random,StandardScaler_per_sample_dimension
*C(C)C(CC)CO,7.110807,5.4870667,False,48,5,0.8,euclidean,random,StandardScaler_per_sample_dimension
*CC(*)OCCC,5.003581,7.959801,False,48,5,0.8,euclidean,random,StandardScaler_per_sample_dimension
*C(C)(C)COC(C)C,12.660047,22.59078,False,48,5,0.8,euclidean,random,StandardScaler_per_sample_dimension
*C(C)(C)C(=O)OC(C)C,12.646146,22.664686,False,48,5,0.8,euclidean,random,StandardScaler_per_sample_dimension
*CC(*)(C)COC(C)C,12.569654,22.789566,False,48,5,0.8,euclidean,random,StandardScaler_per_sample_dimension
*CC(*)(C)C(=O)OC(C)C,12.654384,22.64592,False,48,5,0.8,euclidean,random,StandardScaler_per_sample_dimension
*C1=CC=CC(CNC2=CC=C(NC)C=C2)=C1,-2.522566,9.426454,False,48,5,0.8,euclidean,random,StandardScaler_per_sample_dimension
*CCCCCCN(C)C=O,4.386138,8.16086,False,48,5,0.8,euclidean,random,StandardScaler_per_sample_dimension
*CCCN(C)C1=CC=CC=C1,11.310788,6.282271,False,48,5,0.8,euclidean,random,StandardScaler_per_sample_dimension
*/C=C/CCCCCC,5.53172,8.731786,False,48,5,0.8,euclidean,random,StandardScaler_per_sample_dimension
*/C=C\CCCCCC,5.6855655,8.5643,False,48,5,0.8,euclidean,random,StandardScaler_per_sample_dimension
*CC(=O)OCCCOC,-0.14425935,2.4361699,False,48,5,0.8,euclidean,random,StandardScaler_per_sample_dimension
OCCC(F)(F)CC(F)F,2.4395385,4.150062,False,48,5,0.8,euclidean,random,StandardScaler_per_sample_dimension
OCCC(F)(F)C(F)(F)C(F)F,2.6240773,4.261144,False,48,5,0.8,euclidean,random,StandardScaler_per_sample_dimension
CC(=O)OCCCC(F)F,13.26858,-0.06335738,False,48,5,0.8,euclidean,random,StandardScaler_per_sample_dimension
*C1=CC=C(C)C(C)=C1C,5.3020988,9.897537,False,48,5,0.8,euclidean,random,StandardScaler_per_sample_dimension
CCCC(F)(F)CO,-3.6656272,-8.343985,False,48,5,0.8,euclidean,random,StandardScaler_per_sample_dimension
*C(C)(C=O)CCOCC,6.4283786,2.581221,False,48,5,0.8,euclidean,random,StandardScaler_per_sample_dimension
*C(C)(CO)CCOCC,6.5282416,2.616257,False,48,5,0.8,euclidean,random,StandardScaler_per_sample_dimension
*C(C)(CCOCC)C(=O)O,6.604519,2.291739,False,48,5,0.8,euclidean,random,StandardScaler_per_sample_dimension
*CCCOC(=O)CC,5.1033,8.256118,False,48,5,0.8,euclidean,random,StandardScaler_per_sample_dimension
*CCCCCCCN,4.364682,8.813151,False,48,5,0.8,euclidean,random,StandardScaler_per_sample_dimension
*OC1=CC(NC)=CC=C1,13.464375,13.241963,False,48,5,0.8,euclidean,random,StandardScaler_per_sample_dimension
*OC1=CC=CC(NC)=C1,13.35022,13.360934,False,48,5,0.8,euclidean,random,StandardScaler_per_sample_dimension
CCC(F)(F)CCOC=O,12.983621,1.1567725,False,48,5,0.8,euclidean,random,StandardScaler_per_sample_dimension
*C(C)C1=CC=C(CO)C=C1,11.443719,3.9478602,False,48,5,0.8,euclidean,random,StandardScaler_per_sample_dimension
CC(F)(F)C(F)(F)CCOC=O,12.936361,1.1280763,False,48,5,0.8,euclidean,random,StandardScaler_per_sample_dimension
*CCOCCN,2.2565634,4.7573276,False,48,5,0.8,euclidean,random,StandardScaler_per_sample_dimension
*CC1=CC(N)=CC=C1,4.3051405,8.783486,False,48,5,0.8,euclidean,random,StandardScaler_per_sample_dimension
*CC1=CC=CC(N)=C1,4.766694,8.908838,False,48,5,0.8,euclidean,random,StandardScaler_per_sample_dimension
*S(=O)(=O)C1=CC=CC=C1,4.292275,9.36088,False,48,5,0.8,euclidean,random,StandardScaler_per_sample_dimension
*CC(*)C1=CC=C(CO)C=C1,11.372892,3.9270108,False,48,5,0.8,euclidean,random,StandardScaler_per_sample_dimension
*C1=CC=C(OC2=CC=C(S)C=C2)C=C1,4.803386,8.947264,False,48,5,0.8,euclidean,random,StandardScaler_per_sample_dimension
*C1=CC=CC(CNC2=CC=C(N)C=C2)=C1,-2.4430404,9.24738,False,48,5,0.8,euclidean,random,StandardScaler_per_sample_dimension
*C1=CC=C(NCC2=CC(CN)=CC=C2)C=C1,-3.444589,-17.44536,False,48,5,0.8,euclidean,random,StandardScaler_per_sample_dimension
*C1=CC=C(NCC2=CC=CC(CN)=C2)C=C1,-3.4422615,-17.500214,False,48,5,0.8,euclidean,random,StandardScaler_per_sample_dimension
*C1=CC=CC(C(=O)NC2=CC=C(N)C=C2)=C1,-2.471717,9.154369,False,48,5,0.8,euclidean,random,StandardScaler_per_sample_dimension
*OC1=CC=C(CCCOCCCCC)C=C1,21.18673,9.133037,False,48,5,0.8,euclidean,random,StandardScaler_per_sample_dimension
CCOCC(F)C(F)CF,3.224584,17.02534,False,48,5,0.8,euclidean,random,StandardScaler_per_sample_dimension
COCCC(F)C(F)CF,-6.508744,3.3174055,False,48,5,0.8,euclidean,random,StandardScaler_per_sample_dimension
*NC(=O)C(CC)CCCC,3.7682853,2.8919973,False,48,5,0.8,euclidean,random,StandardScaler_per_sample_dimension
CCOCC(F)C(F)C(F)F,3.105568,17.059753,False,48,5,0.8,euclidean,random,StandardScaler_per_sample_dimension
*NCC(CC)CCCC,3.6604965,2.7303894,False,48,5,0.8,euclidean,random,StandardScaler_per_sample_dimension
*NCC(CC)CC(C)CC,3.6283636,2.9992669,False,48,5,0.8,euclidean,random,StandardScaler_per_sample_dimension
*NC(=O)C(CC)CC(C)CC,3.588823,2.834928,False,48,5,0.8,euclidean,random,StandardScaler_per_sample_dimension
*C(=O)OC1=CC=C(C(C)CCC)C=C1,-0.5641538,12.274393,False,48,5,0.8,euclidean,random,StandardScaler_per_sample_dimension
COCCC(F)C(F)C(F)F,-6.5234327,3.1220186,False,48,5,0.8,euclidean,random,StandardScaler_per_sample_dimension
CC(F)C(F)(F)C(F)CO,19.14036,8.910216,False,48,5,0.8,euclidean,random,StandardScaler_per_sample_dimension
CCOCC(F)CCF,3.4994287,16.76662,False,48,5,0.8,euclidean,random,StandardScaler_per_sample_dimension
CC(F)C(F)C(F)(F)CO,19.076012,9.013709,False,48,5,0.8,euclidean,random,StandardScaler_per_sample_dimension
COCCC(F)CCF,-6.6470647,3.2530363,False,48,5,0.8,euclidean,random,StandardScaler_per_sample_dimension
COCCC(F)(F)C(F)CF,-6.720562,2.994681,False,48,5,0.8,euclidean,random,StandardScaler_per_sample_dimension
COCCC(F)C(F)(F)CF,-6.60296,3.1215708,False,48,5,0.8,euclidean,random,StandardScaler_per_sample_dimension
CCOCC(F)C(C)F,3.869211,16.811,False,48,5,0.8,euclidean,random,StandardScaler_per_sample_dimension
*NC(=O)C(CC)CC(C)C,3.6662617,3.2729015,False,48,5,0.8,euclidean,random,StandardScaler_per_sample_dimension
*NCC(CC)CC(C)C,3.6864798,3.2463925,False,48,5,0.8,euclidean,random,StandardScaler_per_sample_dimension
CPC1=CC=C(O)C=C1,-7.572946,12.017236,False,48,5,0.8,euclidean,random,StandardScaler_per_sample_dimension
C[PH](=O)C1=CC=C(O)C=C1,-7.7783494,12.064746,False,48,5,0.8,euclidean,random,StandardScaler_per_sample_dimension
*C(=O)OC1=CC=C(CCCC)C=C1,-0.38701847,12.15019,False,48,5,0.8,euclidean,random,StandardScaler_per_sample_dimension
CCOCC(F)CC(F)F,3.34804,16.20163,False,48,5,0.8,euclidean,random,StandardScaler_per_sample_dimension
C[Si](C)(C1=CC=CC=C1)C1=CC=C(C=O)C=C1,2.492432,8.397331,False,48,5,0.8,euclidean,random,StandardScaler_per_sample_dimension
NC1=CC=C(SC2=CC=C(NC=O)C=C2)C=C1,-2.7120748,-7.5079355,False,48,5,0.8,euclidean,random,StandardScaler_per_sample_dimension
OC1=CC=C(PC2=CC=CC=C2)C=C1,-7.57305,12.148214,False,48,5,0.8,euclidean,random,StandardScaler_per_sample_dimension
CP(C1=CC=CC=C1)C1=CC=C(O)C=C1,-7.656595,11.965445,False,48,5,0.8,euclidean,random,StandardScaler_per_sample_dimension
O=[PH](C1=CC=CC=C1)C1=CC=C(O)C=C1,-7.605086,12.086986,False,48,5,0.8,euclidean,random,StandardScaler_per_sample_dimension
CP(=O)(C1=CC=CC=C1)C1=CC=C(O)C=C1,-7.7208376,12.159056,False,48,5,0.8,euclidean,random,StandardScaler_per_sample_dimension
COCCC(F)CC(F)F,0.8466318,4.8658657,False,48,5,0.8,euclidean,random,StandardScaler_per_sample_dimension
COCCC(F)(F)C(F)C(F)F,0.8158581,4.989131,False,48,5,0.8,euclidean,random,StandardScaler_per_sample_dimension
COCCC(F)C(F)(F)C(F)F,0.6718684,4.7759027,False,48,5,0.8,euclidean,random,StandardScaler_per_sample_dimension
CC(F)CC(F)(F)CO,15.46065,16.406849,False,48,5,0.8,euclidean,random,StandardScaler_per_sample_dimension
CCC(F)(F)C(F)CO,15.426455,16.669355,False,48,5,0.8,euclidean,random,StandardScaler_per_sample_dimension
CCC(F)C(F)(F)CO,15.435722,16.375658,False,48,5,0.8,euclidean,random,StandardScaler_per_sample_dimension
*CCCCCCCOC,5.833224,8.324972,False,48,5,0.8,euclidean,random,StandardScaler_per_sample_dimension
CC(F)(F)C(F)(F)C(F)CO,15.331984,16.535023,False,48,5,0.8,euclidean,random,StandardScaler_per_sample_dimension
*NC(=O)CCCCCNCCC,11.824869,0.79864943,False,48,5,0.8,euclidean,random,StandardScaler_per_sample_dimension
CC(F)(F)C(F)C(F)(F)CO,15.391283,16.492584,False,48,5,0.8,euclidean,random,StandardScaler_per_sample_dimension
*OC1=C(CC)C=CC=C1,5.3329544,9.178528,False,48,5,0.8,euclidean,random,StandardScaler_per_sample_dimension
*OC1=CC=CC=C1CC,5.4208302,9.0363,False,48,5,0.8,euclidean,random,StandardScaler_per_sample_dimension
CC1=CC=C(F)C=C1,7.736849,12.215056,False,48,5,0.8,euclidean,random,StandardScaler_per_sample_dimension
CCOCCCCCF,1.4547107,4.108065,False,48,5,0.8,euclidean,random,StandardScaler_per_sample_dimension
COCCC(F)(F)CCF,0.40896267,4.1546345,False,48,5,0.8,euclidean,random,StandardScaler_per_sample_dimension
COCCC(F)(F)C(F)(F)CF,0.5995989,4.3495297,False,48,5,0.8,euclidean,random,StandardScaler_per_sample_dimension
*CCCCOCCCCC,6.476064,1.7189554,False,48,5,0.8,euclidean,random,StandardScaler_per_sample_dimension
NC1=CC=C(S(=O)C2=CC=C(N)C=C2)C=C1,10.797075,7.176094,False,48,5,0.8,euclidean,random,StandardScaler_per_sample_dimension
*CCCOCC(F)F,-3.0529256,-1.6869045,False,48,5,0.8,euclidean,random,StandardScaler_per_sample_dimension
CCCCCCC1=CSC=C1,6.013918,5.593464,False,48,5,0.8,euclidean,random,StandardScaler_per_sample_dimension
*CCC(CC)C(C)C,6.3705974,8.173497,False,48,5,0.8,euclidean,random,StandardScaler_per_sample_dimension
*CCN(C)C(=O)CCC,-1.2169666,6.044608,False,48,5,0.8,euclidean,random,StandardScaler_per_sample_dimension
*CCOC(CC)CC,3.7181423,8.602548,False,48,5,0.8,euclidean,random,StandardScaler_per_sample_dimension
CCCOCCC(F)F,11.615921,6.830801,False,48,5,0.8,euclidean,random,StandardScaler_per_sample_dimension
*CCCC(C)CO,5.5883203,7.120472,False,48,5,0.8,euclidean,random,StandardScaler_per_sample_dimension
*N(CCC)C(=O)CCCCC,1.2227184,5.663712,False,48,5,0.8,euclidean,random,StandardScaler_per_sample_dimension
*CCOCCOC(=O)CC,10.326611,8.528669,False,48,5,0.8,euclidean,random,StandardScaler_per_sample_dimension
*CCCCCCOC1=CC=C(CC)C=C1,2.0832999,5.9437346,False,48,5,0.8,euclidean,random,StandardScaler_per_sample_dimension
*C(F)C(C)(F)F,15.4441,1.0215654,False,48,5,0.8,euclidean,random,StandardScaler_per_sample_dimension
*CCOC(=O)CCCC,4.4925103,8.493751,False,48,5,0.8,euclidean,random,StandardScaler_per_sample_dimension
OC1=CC=C(P)C=C1,-7.4429545,12.110507,False,48,5,0.8,euclidean,random,StandardScaler_per_sample_dimension
*C(C)C(CC)C(=O)O,7.1271544,5.4659605,False,48,5,0.8,euclidean,random,StandardScaler_per_sample_dimension
*CCCC(C)CC=O,5.072829,7.943986,False,48,5,0.8,euclidean,random,StandardScaler_per_sample_dimension
O=PC1=CC=C(O)C=C1,-7.446234,12.032966,False,48,5,0.8,euclidean,random,StandardScaler_per_sample_dimension
*C(C=O)CC(C)C,7.498761,6.791917,False,48,5,0.8,euclidean,random,StandardScaler_per_sample_dimension
*CCCOCCCOC,-0.07601969,2.5400872,False,48,5,0.8,euclidean,random,StandardScaler_per_sample_dimension
*C(CCO)COCC,-12.536125,-4.3283467,False,48,5,0.8,euclidean,random,StandardScaler_per_sample_dimension
*C(CCOC)COCC,-12.373928,-4.3459506,False,48,5,0.8,euclidean,random,StandardScaler_per_sample_dimension
*C(CCC)C(=O)O,7.9548926,5.805207,False,48,5,0.8,euclidean,random,StandardScaler_per_sample_dimension
*N(CC)CC1=CC=CC=C1,11.718116,-2.895187,False,48,5,0.8,euclidean,random,StandardScaler_per_sample_dimension
*CCC(C)CCCO,6.163496,8.794634,False,48,5,0.8,euclidean,random,StandardScaler_per_sample_dimension
*C(C)CCC(C)C,4.9488916,8.536112,False,48,5,0.8,euclidean,random,StandardScaler_per_sample_dimension
*OCOCCC,16.5413,4.4696517,False,48,5,0.8,euclidean,random,StandardScaler_per_sample_dimension
CCOCCCCC(F)F,1.8674672,4.168261,False,48,5,0.8,euclidean,random,StandardScaler_per_sample_dimension
COCCC(F)(F)CC(F)F,2.4743412,4.1418424,False,48,5,0.8,euclidean,random,StandardScaler_per_sample_dimension
COCCC(F)(F)C(F)(F)C(F)F,2.4401362,4.123865,False,48,5,0.8,euclidean,random,StandardScaler_per_sample_dimension
*C(C)(CCOCC)COC,6.4932575,2.2435389,False,48,5,0.8,euclidean,random,StandardScaler_per_sample_dimension
*C(C)(CCOCC)C(=O)OC,6.3661275,2.3886147,False,48,5,0.8,euclidean,random,StandardScaler_per_sample_dimension
CC(F)(F)CC(F)(F)CO,-3.4653006,-8.4970875,False,48,5,0.8,euclidean,random,StandardScaler_per_sample_dimension
*C1CC(C=C)CC1C,7.908018,9.690439,False,48,5,0.8,euclidean,random,StandardScaler_per_sample_dimension
SC1=CC(CNC2=CC=CC=C2)=CC=C1,-8.585847,-8.105551,False,48,5,0.8,euclidean,random,StandardScaler_per_sample_dimension
SC1=CC=CC(CNC2=CC=CC=C2)=C1,-8.443035,-8.314955,False,48,5,0.8,euclidean,random,StandardScaler_per_sample_dimension
O=C(NC1=CC=CC=C1)C1=CC(S)=CC=C1,-8.386192,-8.042485,False,48,5,0.8,euclidean,random,StandardScaler_per_sample_dimension
O=C(NC1=CC=CC=C1)C1=CC=CC(S)=C1,-8.453019,-8.10471,False,48,5,0.8,euclidean,random,StandardScaler_per_sample_dimension
*C(C1=CC=CC=C1)C1=CC=CC=C1,4.154438,9.428971,False,48,5,0.8,euclidean,random,StandardScaler_per_sample_dimension
CC(F)(F)CCCCO,7.8385596,9.708367,False,48,5,0.8,euclidean,random,StandardScaler_per_sample_dimension
*OCC1=CC(C)=CC=C1,25.848257,12.458757,False,48,5,0.8,euclidean,random,StandardScaler_per_sample_dimension
*OCC1=CC=CC(C)=C1,25.873482,12.463621,False,48,5,0.8,euclidean,random,StandardScaler_per_sample_dimension
*OC(=O)C1=CC(C)=CC=C1,25.80517,12.436719,False,48,5,0.8,euclidean,random,StandardScaler_per_sample_dimension
*OC(=O)C1=CC=CC(C)=C1,25.796707,12.438972,False,48,5,0.8,euclidean,random,StandardScaler_per_sample_dimension
NC1=CC=C(S(=O)(=O)C2=CC=C(N)C=C2)C=C1,10.435585,7.414678,False,48,5,0.8,euclidean,random,StandardScaler_per_sample_dimension
*C1=CC(C)=CS1,5.8888597,6.3357873,False,48,5,0.8,euclidean,random,StandardScaler_per_sample_dimension
CCOCC(F)(F)CC,13.221973,1.4221547,False,48,5,0.8,euclidean,random,StandardScaler_per_sample_dimension
*CCCCCNCCC,4.1340895,8.271386,False,48,5,0.8,euclidean,random,StandardScaler_per_sample_dimension
*CCCCCC(=O)OC1=CC=C(C)C=C1,2.3853564,6.042061,False,48,5,0.8,euclidean,random,StandardScaler_per_sample_dimension
*CCC1CCNC1,-2.0502932,6.229583,False,48,5,0.8,euclidean,random,StandardScaler_per_sample_dimension
*CC(*)(CC=O)COC,-0.8667128,25.534462,False,48,5,0.8,euclidean,random,StandardScaler_per_sample_dimension
*CC(*)(CCO)COC,-0.706709,25.49875,False,48,5,0.8,euclidean,random,StandardScaler_per_sample_dimension
*CC(*)(CC=O)C(=O)OC,-0.85105604,25.647772,False,48,5,0.8,euclidean,random,StandardScaler_per_sample_dimension
*CC(*)(CCO)C(=O)OC,-0.9126885,25.676674,False,48,5,0.8,euclidean,random,StandardScaler_per_sample_dimension
*CC(*)(CCOC)COC,-0.7346211,25.671637,False,48,5,0.8,euclidean,random,StandardScaler_per_sample_dimension
*CC(*)(COC)CC(=O)O,-0.883472,25.743853,False,48,5,0.8,euclidean,random,StandardScaler_per_sample_dimension
*CC1=CC=C(CCC)C=C1,7.479723,12.274498,False,48,5,0.8,euclidean,random,StandardScaler_per_sample_dimension
*OC(=O)CCCCCCC,2.131967,3.603514,False,48,5,0.8,euclidean,random,StandardScaler_per_sample_dimension
*OCNCCCCCCN,-9.220243,17.284317,False,48,5,0.8,euclidean,random,StandardScaler_per_sample_dimension
*CC(*)(CC(=O)O)C(=O)OC,-0.82876074,25.807127,False,48,5,0.8,euclidean,random,StandardScaler_per_sample_dimension
*CC(*)(CCOC)C(=O)OC,-0.6741454,25.742537,False,48,5,0.8,euclidean,random,StandardScaler_per_sample_dimension
*CC(*)(COC)CC(=O)OC,-0.7281149,25.748926,False,48,5,0.8,euclidean,random,StandardScaler_per_sample_dimension
*CCNC1=CC=C(N=N)C=C1,-4.2942724,8.892107,False,48,5,0.8,euclidean,random,StandardScaler_per_sample_dimension
*OC(=O)NCCCCCCN,-9.464519,17.093857,False,48,5,0.8,euclidean,random,StandardScaler_per_sample_dimension
*OCNCCCCCCNC,-9.469212,17.164898,False,48,5,0.8,euclidean,random,StandardScaler_per_sample_dimension
*CC(*)(CC(=O)OC)C(=O)OC,-0.7436669,25.685652,False,48,5,0.8,euclidean,random,StandardScaler_per_sample_dimension
*CCN(C)C1=CC=C(N=N)C=C1,-4.45066,8.960043,False,48,5,0.8,euclidean,random,StandardScaler_per_sample_dimension
*CCOCCOCCOC(C)=O,10.347261,8.1608715,False,48,5,0.8,euclidean,random,StandardScaler_per_sample_dimension
*OC(=O)NCCCCCCNC,-9.32035,17.41657,False,48,5,0.8,euclidean,random,StandardScaler_per_sample_dimension
*OCNCCCCCCNC=O,-10.356075,16.550188,False,48,5,0.8,euclidean,random,StandardScaler_per_sample_dimension
*OCNCCCCCCNCO,-9.242563,17.31501,False,48,5,0.8,euclidean,random,StandardScaler_per_sample_dimension
*CCN(CC)C1=CC=C(N=N)C=C1,-4.3238606,8.718285,False,48,5,0.8,euclidean,random,StandardScaler_per_sample_dimension
*OC(=O)NCCCCCCNC=O,-10.684803,16.761646,False,48,5,0.8,euclidean,random,StandardScaler_per_sample_dimension
*OC(=O)NCCCCCCNCO,-10.822082,16.356966,False,48,5,0.8,euclidean,random,StandardScaler_per_sample_dimension
*OCNCCCCCCNC(=O)O,-9.355252,17.419868,False,48,5,0.8,euclidean,random,StandardScaler_per_sample_dimension
*OCNCCCCCCNCOC,-10.611528,16.636984,False,48,5,0.8,euclidean,random,StandardScaler_per_sample_dimension
*OC(=O)NCCCCCCNC(=O)O,-10.767331,16.628149,False,48,5,0.8,euclidean,random,StandardScaler_per_sample_dimension
*OC(=O)NCCCCCCNCOC,-10.712508,16.56053,False,48,5,0.8,euclidean,random,StandardScaler_per_sample_dimension
*OCNCCCCCCNC(=O)OC,-9.406439,17.156898,False,48,5,0.8,euclidean,random,StandardScaler_per_sample_dimension
*OCNCCCCCCNCOCC,-10.580592,16.534035,False,48,5,0.8,euclidean,random,StandardScaler_per_sample_dimension
*C1=CC=C(CNC2=CC=CC(O)=C2)C=C1,4.4900637,8.963676,False,48,5,0.8,euclidean,random,StandardScaler_per_sample_dimension
*OC(=O)NCCCCCCNC(=O)OC,-9.3175535,17.37056,False,48,5,0.8,euclidean,random,StandardScaler_per_sample_dimension
*OC(=O)NCCCCCCNCOCC,-9.269799,17.300314,False,48,5,0.8,euclidean,random,StandardScaler_per_sample_dimension
*OCNCCCCCCNC(=O)OCC,-10.776034,16.573923,False,48,5,0.8,euclidean,random,StandardScaler_per_sample_dimension
*C1=CC=C(C)C(CNC2=CC=C(N)C=C2)=C1,-2.6737974,9.354898,False,48,5,0.8,euclidean,random,StandardScaler_per_sample_dimension
*OC(=O)NCCCCCCNC(=O)OCC,-9.25844,17.379786,False,48,5,0.8,euclidean,random,StandardScaler_per_sample_dimension
COCC(F)C(F)C(C)F,19.116568,8.963441,False,48,5,0.8,euclidean,random,StandardScaler_per_sample_dimension
NC1=CC(CCF)=CC=C1,4.1764255,8.655825,False,48,5,0.8,euclidean,random,StandardScaler_per_sample_dimension
FCC(F)C1=CC=CC=C1,15.8820505,0.96431285,False,48,5,0.8,euclidean,random,StandardScaler_per_sample_dimension
NC1=CC(CC(F)F)=CC=C1,3.8078911,8.815452,False,48,5,0.8,euclidean,random,StandardScaler_per_sample_dimension
CNC1=CC(PC2=CC=CC=C2)=CC=C1,28.839077,-1.8314965,False,48,5,0.8,euclidean,random,StandardScaler_per_sample_dimension
CNC1=CC=CC(PC2=CC=CC=C2)=C1,28.802637,-1.7901828,False,48,5,0.8,euclidean,random,StandardScaler_per_sample_dimension
CNC1=CC([PH](=O)C2=CC=CC=C2)=CC=C1,28.844845,-1.8266859,False,48,5,0.8,euclidean,random,StandardScaler_per_sample_dimension
CNC1=CC=CC([PH](=O)C2=CC=CC=C2)=C1,28.776869,-1.7746542,False,48,5,0.8,euclidean,random,StandardScaler_per_sample_dimension
O=CNC1=CC(PC2=CC=CC=C2)=CC=C1,28.730448,-1.7211529,False,48,5,0.8,euclidean,random,StandardScaler_per_sample_dimension
O=CNC1=CC=CC(PC2=CC=CC=C2)=C1,28.759214,-1.7498635,False,48,5,0.8,euclidean,random,StandardScaler_per_sample_dimension
O=CNC1=CC([PH](=O)C2=CC=CC=C2)=CC=C1,28.740654,-1.727249,False,48,5,0.8,euclidean,random,StandardScaler_per_sample_dimension
O=CNC1=CC=CC([PH](=O)C2=CC=CC=C2)=C1,28.954554,-1.9444683,False,48,5,0.8,euclidean,random,StandardScaler_per_sample_dimension
OC(F)CF,13.883209,1.6362574,False,48,5,0.8,euclidean,random,StandardScaler_per_sample_dimension
CCOCC(F)C(F)(F)CF,3.8028276,16.555403,False,48,5,0.8,euclidean,random,StandardScaler_per_sample_dimension
CCOCC(F)(F)C(F)CF,3.8972044,16.729427,False,48,5,0.8,euclidean,random,StandardScaler_per_sample_dimension
*CCC(CC)CCCC,7.0661707,8.003106,False,48,5,0.8,euclidean,random,StandardScaler_per_sample_dimension
CCC(F)C(F)COC,11.659259,-0.6838848,False,48,5,0.8,euclidean,random,StandardScaler_per_sample_dimension
COCC(F)CC(C)F,11.652202,-0.78229576,False,48,5,0.8,euclidean,random,StandardScaler_per_sample_dimension
COCC(F)C(F)(F)C(C)F,11.623194,-0.9191425,False,48,5,0.8,euclidean,random,StandardScaler_per_sample_dimension
COCC(F)C(F)C(C)(F)F,11.607341,-0.7671661,False,48,5,0.8,euclidean,random,StandardScaler_per_sample_dimension
CC(=O)OCCC(F)CF,13.439101,-0.19774117,False,48,5,0.8,euclidean,random,StandardScaler_per_sample_dimension
CC1=CC=C(O)C(CF)=C1,-16.1021,0.5135692,False,48,5,0.8,euclidean,random,StandardScaler_per_sample_dimension
CC1=CC=C(O)C(C(F)F)=C1,-16.148554,0.42944542,False,48,5,0.8,euclidean,random,StandardScaler_per_sample_dimension
CC1=CC=C(OC2=CC=CC=C2)C(CF)=C1,-16.177767,0.42165068,False,48,5,0.8,euclidean,random,StandardScaler_per_sample_dimension
CC1=CC=C(OC2=CC=CC=C2)C(C(F)F)=C1,-16.036228,0.5428884,False,48,5,0.8,euclidean,random,StandardScaler_per_sample_dimension
O=CC1=CC([SH]=O)=CC=C1,-8.884595,-8.373321,False,48,5,0.8,euclidean,random,StandardScaler_per_sample_dimension
O=CC1=CC=CC([SH]=O)=C1,-8.75766,-8.564421,False,48,5,0.8,euclidean,random,StandardScaler_per_sample_dimension
COP(N)O,3.1685693,10.355213,False,48,5,0.8,euclidean,random,StandardScaler_per_sample_dimension
CC(F)C1=CC=CC=C1,15.632952,1.0582962,False,48,5,0.8,euclidean,random,StandardScaler_per_sample_dimension
FC(F)C(F)C1=CC=CC=C1,15.6735325,1.1331629,False,48,5,0.8,euclidean,random,StandardScaler_per_sample_dimension
CNC1=CC(P)=CC=C1,13.0486,24.070108,False,48,5,0.8,euclidean,random,StandardScaler_per_sample_dimension
CNC1=CC=CC(P)=C1,13.021133,24.121881,False,48,5,0.8,euclidean,random,StandardScaler_per_sample_dimension
CNC1=CC(P=O)=CC=C1,13.158798,24.050695,False,48,5,0.8,euclidean,random,StandardScaler_per_sample_dimension
CNC1=CC=CC(P=O)=C1,13.017848,23.980217,False,48,5,0.8,euclidean,random,StandardScaler_per_sample_dimension
O=CNC1=CC(P)=CC=C1,12.935693,24.123617,False,48,5,0.8,euclidean,random,StandardScaler_per_sample_dimension
O=CNC1=CC=CC(P)=C1,12.842953,24.226183,False,48,5,0.8,euclidean,random,StandardScaler_per_sample_dimension
O=CNC1=CC(P=O)=CC=C1,13.0565,24.013435,False,48,5,0.8,euclidean,random,StandardScaler_per_sample_dimension
O=CNC1=CC=CC(P=O)=C1,13.066829,24.09042,False,48,5,0.8,euclidean,random,StandardScaler_per_sample_dimension
N=PN,-6.2566986,-10.988347,False,48,5,0.8,euclidean,random,StandardScaler_per_sample_dimension
O=[SH]O,-12.432938,19.112038,False,48,5,0.8,euclidean,random,StandardScaler_per_sample_dimension
CS(=O)O,-12.325817,19.246975,False,48,5,0.8,euclidean,random,StandardScaler_per_sample_dimension
*NCC1=CC(C(C)C)=CC=C1,6.1333838,-8.888552,False,48,5,0.8,euclidean,random,StandardScaler_per_sample_dimension
CCOCC(F)(F)C(F)C(F)F,3.394098,16.230785,False,48,5,0.8,euclidean,random,StandardScaler_per_sample_dimension
CCOCC(F)C(F)(F)C(F)F,3.564186,16.114464,False,48,5,0.8,euclidean,random,StandardScaler_per_sample_dimension
*CC(CCC)C(C)CC,6.7562485,8.023076,False,48,5,0.8,euclidean,random,StandardScaler_per_sample_dimension
CC1=CC=C(OPO)C=C1,-3.3388789,11.849799,False,48,5,0.8,euclidean,random,StandardScaler_per_sample_dimension
*C(F)CCC,15.4233675,0.96359944,False,48,5,0.8,euclidean,random,StandardScaler_per_sample_dimension
CC(=O)OCCC(F)C(F)F,13.273984,-0.1515369,False,48,5,0.8,euclidean,random,StandardScaler_per_sample_dimension
*NCCCCCC(=O)NCCC,11.751848,0.73187166,False,48,5,0.8,euclidean,random,StandardScaler_per_sample_dimension
*NC(=O)CCCCC(=O)NCCC,11.774986,0.9267649,False,48,5,0.8,euclidean,random,StandardScaler_per_sample_dimension
CC(F)C(F)(F)C(F)(F)CO,15.3433275,16.654285,False,48,5,0.8,euclidean,random,StandardScaler_per_sample_dimension
CCOCC(F)(F)CCF,12.082709,14.788965,False,48,5,0.8,euclidean,random,StandardScaler_per_sample_dimension
*N(CC)C(=O)CCCCCC,-1.472016,8.819823,False,48,5,0.8,euclidean,random,StandardScaler_per_sample_dimension
*CCCCC(C)CO,4.2244205,7.389425,False,48,5,0.8,euclidean,random,StandardScaler_per_sample_dimension
CCC(F)(F)C(F)COC,12.188321,29.048063,False,48,5,0.8,euclidean,random,StandardScaler_per_sample_dimension
COCC(F)CC(C)(F)F,12.182431,29.01966,False,48,5,0.8,euclidean,random,StandardScaler_per_sample_dimension
*C1=CC=CC(CCCC)=C1,14.157558,-8.232426,False,48,5,0.8,euclidean,random,StandardScaler_per_sample_dimension
COCC(F)C(F)(F)C(C)(F)F,12.132037,28.957697,False,48,5,0.8,euclidean,random,StandardScaler_per_sample_dimension
NP(O)O,3.340299,10.172283,False,48,5,0.8,euclidean,random,StandardScaler_per_sample_dimension
*C(C=O)C(C)CO,8.936808,4.471472,False,48,5,0.8,euclidean,random,StandardScaler_per_sample_dimension
COPOC1=CC=C(C)C=C1,-3.2807877,11.91913,False,48,5,0.8,euclidean,random,StandardScaler_per_sample_dimension
CCOCC(F)C(C)(F)F,12.342832,14.426512,False,48,5,0.8,euclidean,random,StandardScaler_per_sample_dimension
CC(=O)OCCC(C)F,12.791218,0.08648482,False,48,5,0.8,euclidean,random,StandardScaler_per_sample_dimension
CCOCC(F)(F)C(C)F,12.340455,14.41962,False,48,5,0.8,euclidean,random,StandardScaler_per_sample_dimension
*C1=CC=CC(PC)=C1,14.577483,-6.179206,False,48,5,0.8,euclidean,random,StandardScaler_per_sample_dimension
*C1=CC=CC([PH](C)=O)=C1,14.463634,-6.2046447,False,48,5,0.8,euclidean,random,StandardScaler_per_sample_dimension
*CC(=O)OC(CC)CC,3.565923,8.453012,False,48,5,0.8,euclidean,random,StandardScaler_per_sample_dimension
O=CC1=CC([SH](=O)=O)=CC=C1,-8.684478,-8.457149,False,48,5,0.8,euclidean,random,StandardScaler_per_sample_dimension
O=CC1=CC=CC([SH](=O)=O)=C1,-8.58919,-8.291965,False,48,5,0.8,euclidean,random,StandardScaler_per_sample_dimension
*C1CNCC1CC,-1.2116276,6.057497,False,48,5,0.8,euclidean,random,StandardScaler_per_sample_dimension
*C1=CC=CC(PC2=CC=CC=C2)=C1,14.6614275,-6.2734666,False,48,5,0.8,euclidean,random,StandardScaler_per_sample_dimension
*C1=CC=CC(P(C)C2=CC=CC=C2)=C1,14.646883,-6.2648854,False,48,5,0.8,euclidean,random,StandardScaler_per_sample_dimension
*C1=CC=CC([PH](=O)C2=CC=CC=C2)=C1,14.68874,-6.2404423,False,48,5,0.8,euclidean,random,StandardScaler_per_sample_dimension
*C1=CC=CC(P(C)(=O)C2=CC=CC=C2)=C1,14.627382,-6.13988,False,48,5,0.8,euclidean,random,StandardScaler_per_sample_dimension
*CCCOCC(C)C,4.25642,8.882935,False,48,5,0.8,euclidean,random,StandardScaler_per_sample_dimension
*CC(C)CCCCO,4.267065,7.2392764,False,48,5,0.8,euclidean,random,StandardScaler_per_sample_dimension
CCOC1=CC=C(S)C=C1,4.0506454,9.238352,False,48,5,0.8,euclidean,random,StandardScaler_per_sample_dimension
CCOC1=CC=C(SC2=CC=CC=C2)C=C1,3.98073,9.105117,False,48,5,0.8,euclidean,random,StandardScaler_per_sample_dimension
*NCNC,4.0754924,7.834436,False,48,5,0.8,euclidean,random,StandardScaler_per_sample_dimension
COP(N)OC,3.966546,9.899558,False,48,5,0.8,euclidean,random,StandardScaler_per_sample_dimension
*COCCCO,4.8015604,8.641499,False,48,5,0.8,euclidean,random,StandardScaler_per_sample_dimension
*CC(CC)COCCC,5.9682217,2.3913434,False,48,5,0.8,euclidean,random,StandardScaler_per_sample_dimension
*CC(C)CCOCCC,6.0465965,2.1991897,False,48,5,0.8,euclidean,random,StandardScaler_per_sample_dimension
CCOCC(F)(F)CC(F)F,11.90409,14.743539,False,48,5,0.8,euclidean,random,StandardScaler_per_sample_dimension
CSO,-12.420047,19.21246,False,48,5,0.8,euclidean,random,StandardScaler_per_sample_dimension
O=[SH](=O)O,-12.400503,19.16261,False,48,5,0.8,euclidean,random,StandardScaler_per_sample_dimension
CS(=O)(=O)O,-12.435642,19.12489,False,48,5,0.8,euclidean,random,StandardScaler_per_sample_dimension
*C(CC=O)COCC,-12.454035,-4.1925054,False,48,5,0.8,euclidean,random,StandardScaler_per_sample_dimension
*C(CC=O)C(=O)OCC,-12.422112,-4.18033,False,48,5,0.8,euclidean,random,StandardScaler_per_sample_dimension
*C(CCO)C(=O)OCC,-12.344739,-4.1890755,False,48,5,0.8,euclidean,random,StandardScaler_per_sample_dimension
*C(COCC)CC(=O)O,-12.596625,-4.204304,False,48,5,0.8,euclidean,random,StandardScaler_per_sample_dimension
*C(CC(=O)O)C(=O)OCC,-12.545042,-4.1213036,False,48,5,0.8,euclidean,random,StandardScaler_per_sample_dimension
*C(CCOC)C(=O)OCC,-12.484282,-4.2273927,False,48,5,0.8,euclidean,random,StandardScaler_per_sample_dimension
*C(COCC)CC(=O)OC,-12.47388,-4.0946426,False,48,5,0.8,euclidean,random,StandardScaler_per_sample_dimension
*C(CC(=O)OC)C(=O)OCC,-12.40504,-4.0519624,False,48,5,0.8,euclidean,random,StandardScaler_per_sample_dimension
CC1=CC=C(O)C(C(F)(F)F)=C1,4.389108,7.7862034,False,48,5,0.8,euclidean,random,StandardScaler_per_sample_dimension
*C1=CC=C(NC2=CC=CC=C2)C=C1,4.377038,8.557303,False,48,5,0.8,euclidean,random,StandardScaler_per_sample_dimension
*N(CC)C(=O)C1=CC=CC=C1,11.74856,-2.8075404,False,48,5,0.8,euclidean,random,StandardScaler_per_sample_dimension
*OCCCO,4.8375173,8.335201,False,48,5,0.8,euclidean,random,StandardScaler_per_sample_dimension
*CNC=O,4.3227005,8.701492,False,48,5,0.8,euclidean,random,StandardScaler_per_sample_dimension
CN1CC2=C(C=C(S)C=C2)C1,-8.088264,-7.616285,False,48,5,0.8,euclidean,random,StandardScaler_per_sample_dimension
CN1CC2=CC=C(S)C=C2C1,-8.069653,-7.515201,False,48,5,0.8,euclidean,random,StandardScaler_per_sample_dimension
CN1CC2=C(C=C(S)C=C2)C1=O,-8.2487755,-7.7818503,False,48,5,0.8,euclidean,random,StandardScaler_per_sample_dimension
CN1CC2=C(C=CC(S)=C2)C1=O,-7.968238,-7.5274568,False,48,5,0.8,euclidean,random,StandardScaler_per_sample_dimension
CN1CC2=CC(S)=CC=C2C1=O,-8.219017,-7.7528434,False,48,5,0.8,euclidean,random,StandardScaler_per_sample_dimension
CN1CC2=CC=C(S)C=C2C1=O,-7.8594546,-7.503806,False,48,5,0.8,euclidean,random,StandardScaler_per_sample_dimension
CN1C(=O)C2=C(C=C(S)C=C2)C1=O,-8.020492,-7.9238677,False,48,5,0.8,euclidean,random,StandardScaler_per_sample_dimension
CN1C(=O)C2=CC=C(S)C=C2C1=O,-8.067578,-7.61009,False,48,5,0.8,euclidean,random,StandardScaler_per_sample_dimension
SC1=CC=C(CNC2=CC=CC=C2)C=C1,-7.8365326,-7.072085,False,48,5,0.8,euclidean,random,StandardScaler_per_sample_dimension
O=C(NC1=CC=CC=C1)C1=CC=C(S)C=C1,-8.152037,-7.4403825,False,48,5,0.8,euclidean,random,StandardScaler_per_sample_dimension
*OC1=CC=C(NCC2=CC(C)=CC=C2)C=C1,8.868795,6.700659,False,48,5,0.8,euclidean,random,StandardScaler_per_sample_dimension
*OC1=CC=C(NCC2=CC=CC(C)=C2)C=C1,8.711139,6.4725595,False,48,5,0.8,euclidean,random,StandardScaler_per_sample_dimension
CN1CC2=C(C=C(SC3=CC=CC=C3)C=C2)C1,-8.076576,-7.4978814,False,48,5,0.8,euclidean,random,StandardScaler_per_sample_dimension
CN1CC2=CC=C(SC3=CC=CC=C3)C=C2C1,-7.9328437,-7.7610173,False,48,5,0.8,euclidean,random,StandardScaler_per_sample_dimension
CCC(F)(F)C(F)(F)CO,-3.7523537,-8.543038,False,48,5,0.8,euclidean,random,StandardScaler_per_sample_dimension
CC(F)(F)C(F)(F)C(F)(F)CO,-3.5742555,-8.55951,False,48,5,0.8,euclidean,random,StandardScaler_per_sample_dimension
*/C=C/C1CCC(C)C1,8.099311,9.780113,False,48,5,0.8,euclidean,random,StandardScaler_per_sample_dimension
*/C=C/C1CC(*)C(C)C1,8.11572,9.776238,False,48,5,0.8,euclidean,random,StandardScaler_per_sample_dimension
*CC(C)COCCOC,-19.193033,1.5332788,False,48,5,0.8,euclidean,random,StandardScaler_per_sample_dimension
*CCCCCCCCCCN,4.499021,8.480199,False,48,5,0.8,euclidean,random,StandardScaler_per_sample_dimension
*COC(C)C,4.594503,8.653123,False,48,5,0.8,euclidean,random,StandardScaler_per_sample_dimension
CCCC(F)(F)COC,-3.782377,-8.506759,False,48,5,0.8,euclidean,random,StandardScaler_per_sample_dimension
*CCCCCC*,4.2994876,8.70752,False,48,5,0.8,euclidean,random,StandardScaler_per_sample_dimension
*NCN,3.9719796,7.94747,False,48,5,0.8,euclidean,random,StandardScaler_per_sample_dimension
*OCCOC(C)=O,3.7107837,8.390428,False,48,5,0.8,euclidean,random,StandardScaler_per_sample_dimension
*CC1=C(O)C=CC=C1,4.020391,8.910754,False,48,5,0.8,euclidean,random,StandardScaler_per_sample_dimension
*CC1=CC=CC=C1O,4.0507193,8.563898,False,48,5,0.8,euclidean,random,StandardScaler_per_sample_dimension
*CCNCC1=CC=CC=C1,11.839634,-2.9686,False,48,5,0.8,euclidean,random,StandardScaler_per_sample_dimension
CC1=CC=C([Si](C)(C)C2=CC=C(C)C=C2)C=C1,3.6168404,8.56474,False,48,5,0.8,euclidean,random,StandardScaler_per_sample_dimension
*C(C)(C)F,13.693119,0.99188095,False,48,5,0.8,euclidean,random,StandardScaler_per_sample_dimension
*C1CNCC1C,-1.8442236,6.0953593,False,48,5,0.8,euclidean,random,StandardScaler_per_sample_dimension
*C1=CC=CC(P)=C1,14.92528,-6.4699984,False,48,5,0.8,euclidean,random,StandardScaler_per_sample_dimension
*CCCOCCN,2.415321,4.7217345,False,48,5,0.8,euclidean,random,StandardScaler_per_sample_dimension
*C1=CC=CC(P=O)=C1,14.979425,-6.2741055,False,48,5,0.8,euclidean,random,StandardScaler_per_sample_dimension
*CCC1CCNC1=O,-2.0414264,5.8966804,False,48,5,0.8,euclidean,random,StandardScaler_per_sample_dimension
*CCC1CNC(=O)C1,-2.040271,6.0423694,False,48,5,0.8,euclidean,random,StandardScaler_per_sample_dimension
*CCC1CNCC1*,-1.8205185,6.068335,False,48,5,0.8,euclidean,random,StandardScaler_per_sample_dimension
*C1=CC=C(C(=O)O)C=C1,4.2921944,7.648041,False,48,5,0.8,euclidean,random,StandardScaler_per_sample_dimension
*C1=CC=C(OC)C(C)=C1,3.891623,8.767098,False,48,5,0.8,euclidean,random,StandardScaler_per_sample_dimension
*CCC1CC(=O)NC1=O,-2.0803988,6.038596,False,48,5,0.8,euclidean,random,StandardScaler_per_sample_dimension
*OC1=CC(NC=O)=CC=C1,13.204978,13.508437,False,48,5,0.8,euclidean,random,StandardScaler_per_sample_dimension
*OC1=CC(NCC)=CC=C1,13.248087,13.488611,False,48,5,0.8,euclidean,random,StandardScaler_per_sample_dimension
*OC1=CC=CC(NC=O)=C1,13.215838,13.495141,False,48,5,0.8,euclidean,random,StandardScaler_per_sample_dimension
*OC1=CC=CC(NCC)=C1,13.293151,13.41916,False,48,5,0.8,euclidean,random,StandardScaler_per_sample_dimension
*OC1=CC(NC(C)=O)=CC=C1,13.234979,13.633547,False,48,5,0.8,euclidean,random,StandardScaler_per_sample_dimension
*OC1=CC=CC(NC(C)=O)=C1,13.230967,13.728805,False,48,5,0.8,euclidean,random,StandardScaler_per_sample_dimension
*NCC1=CC(C(C)(C)C)=CC=C1,4.1605053,9.011177,False,48,5,0.8,euclidean,random,StandardScaler_per_sample_dimension
*C1=CC=C(C2=CC=CC=C2)C(C=O)=C1,5.171103,10.094944,False,48,5,0.8,euclidean,random,StandardScaler_per_sample_dimension
*NC1=CC(NCC2=CC=CC=C2)=CC=C1,-2.8245971,-10.192425,False,48,5,0.8,euclidean,random,StandardScaler_per_sample_dimension
*NC1=CC=CC(NCC2=CC=CC=C2)=C1,-2.8383105,-10.215051,False,48,5,0.8,euclidean,random,StandardScaler_per_sample_dimension
*C1=CC=C2CN(C3=CC=C(N)C=C3)CC2=C1,-2.584574,9.122127,False,48,5,0.8,euclidean,random,StandardScaler_per_sample_dimension
