C,O,CC,C1=CC=CC=C1,C=O,CC1=CC=CC=C1,CO,CC=O,CCC,N,CN,COC,OC1=CC=CC=C1,O=CC1=CC=CC=C1,CCN,CNC,CCNC,NC1=CC=CC=C1,P,CC(N)=O,CCO,COC1=CC=CC=C1,CNC1=CC=CC=C1,CCC1=CC=CC=C1,CCOC,O=CO,CC1=CC=C(O)C=C1,CC(=O)NC1=CC=CC=C1,NCC1=CC=CC=C1,CC(=O)O,CCC=O,CC(C)C,NC(=O)C1=CC=CC=C1,COP,CCNCC,PC1=CC=CC=C1,C1=CC=C(CC2=CC=CC=C2)C=C1,CCNC=O,CCOCC,CC1=CC(C)=CC=C1,O=PC1=CC=CC=C1,C1=CC=C(CNC2=CC=CC=C2)C=C1,CC1=CC=C(C)C=C1,CCOC(C)=O,O=C(NC1=CC=CC=C1)C1=CC=CC=C1,POC1=CC=CC=C1,OCC1=CC=CC=C1,CN(C)C,CCCN,CCN(C)C,CCCCC,CPC,CCC1=CC=C(O)C=C1,CC1=C(C)C=CC=C1,COC(=O)C1=CC=CC=C1,COC1=CC=C(C)C=C1,CC1=CC(C=O)=CC=C1,CCCNC,CCN(C)CC,C[PH](C)=O,CCCC=O,CC1=C(C=O)C=CC=C1,CC(C1=CC=CC=C1)C1=CC=CC=C1,OC1=CC=C(CC2=CC=CC=C2)C=C1,CPO,CCOCC1=CC=CC=C1,CC(C)(C)C,OCCO,C1=CC=C(OC2=CC=CC=C2)C=C1,COCCO,CC1=CC(CN)=CC=C1,CCOC(=O)C1=CC=CC=C1,CCC(=O)NC,OC1=CC=C(CC2=CC=C(O)C=C2)C=C1,CC1=CC(C(N)=O)=CC=C1,O=CC1=CC=C(C=O)C=C1,CCOCCO,CC1=CC=CC=C1C(N)=O,CN(C)CC1=CC=CC=C1,CC(=O)OCCO,CCCO,CC1=C(O)C=CC=C1,OPC1=CC=CC=C1,CC1=CC(CNC2=CC=CC=C2)=CC=C1,CC1=CC=C(N)C=C1,CC(C)(C1=CC=CC=C1)C1=CC=C(O)C=C1,CCC1=CC=C(OC)C=C1,CN1CC2=C(C=CC=C2)C1=O,CNCC1=CC(C=O)=CC=C1,CN(C)C1=CC=CC=C1,CC(C)(C1=CC=C(O)C=C1)C1=CC=C(O)C=C1,COPO,C1=CC=C(C2=CC=CC=C2)C=C1,CCCCCN,CC1=CC=C(OC2=CC=CC=C2)C=C1,CCCOC,CCOC1=CC=CC=C1,CCC(C)C,C1=CC=C(OPC2=CC=CC=C2)C=C1,CC1=CC=C(CN)C=C1,CP(C1=CC=CC=C1)C1=CC=CC=C1,CC1=CC(C)=C(C)C=C1,S,CC1=CC(O)=CC=C1,CC(C)C=O,CC1=CC(C)=C(C=O)C=C1,CC1=CC=C(OP=O)C=C1,CC1=CC=C(NC=O)C=C1,CCNC1=CC=C(C)C=C1,CN(CC1=CC=CC=C1)C1=CC=CC=C1,CP(=O)(C1=CC=CC=C1)C1=CC=CC=C1,CC1=CC2=C(C=C1)C(=O)NC2,OC1=CC=C(O)C=C1,CC1=CC=CC=C1C(=O)NC1=CC=CC=C1,OPOC1=CC=CC=C1,CCC(=O)O,CCNC(=O)C1=CC=CC=C1,CC1=CC(CN(C)C2=CC=CC=C2)=CC=C1,O=CC1=CC=C(OC2=CC=CC=C2)C=C1,COP(C)C1=CC=CC=C1,O=COC1=CC=CC=C1,O=CC1=CC=C2C(=O)NC(=O)C2=C1,CCOP,OC1=C(P)C=CC=C1,C=CC,COC1=CC=C(OC)C=C1,CCOC(=O)C1=CC=C(C=O)C=C1,CCOC(=O)CC,PNC1=CC=CC=C1,CNCC(C)C,OCCOC1=CC=CC=C1,CCOC1=CC=C(O)C=C1,CCCCCNCCC,CCOPO,CCOPOC,CCCCCNCCCC,NCCCCCC=O,NCCCCCCN,O=CC1=CC=C(COCCO)C=C1,CC(C)CO,CCOCCOC,COP(C)O,CCCCCCNC(=O)CC,CCOPC,CCCCCNC(=O)CCCC,COCC(C)C,CCCCCCNC(=O)CCCC,Br,F
1.0,1.0,0.0,0.0,0.0,0.0,1.0,0.0,0.0,0.0,0.0,0.0,0.0,0.0,0.0,0.0,0.0,0.0,0.0,0.0,0.0,0.0,0.0,0.0,0.0,0.0,0.0,0.0,0.0,0.0,0.0,0.0,0.0,0.0,0.0,0.0,0.0,0.0,0.0,0.0,0.0,0.0,0.0,0.0,0.0,0.0,0.0,0.0,0.0,0.0,0.0,0.0,0.0,0.0,0.0,0.0,0.0,0.0,0.0,0.0,0.0,0.0,0.0,0.0,0.0,0.0,0.0,0.0,0.0,0.0,0.0,0.0,0.0,0.0,0.0,0.0,0.0,0.0,0.0,0.0,0.0,0.0,0.0,0.0,0.0,0.0,0.0,0.0,0.0,0.0,0.0,0.0,0.0,0.0,0.0,0.0,0.0,0.0,0.0,0.0,0.0,0.0,0.0,0.0,0.0,0.0,0.0,0.0,0.0,0.0,0.0,0.0,0.0,0.0,0.0,0.0,0.0,0.0,0.0,0.0,0.0,0.0,0.0,0.0,0.0,0.0,0.0,0.0,0.0,0.0,0.0,0.0,0.0,0.0,0.0,0.0,0.0,0.0,0.0,0.0,0.0,0.0,0.0,0.0,0.0,0.0,0.0,0.0,0.0
3.31,0.0,2.0,0.062,0.0,0.062,0.0,0.0,1.0,0.938,0.0,0.0,0.0,0.0,0.0,0.0,0.0,0.0,0.0,0.0,0.0,0.0,0.0,0.062,0.0,0.0,0.0,0.0,0.0,0.0,0.0,0.0,0.0,0.0,0.0,0.0,0.0,0.0,0.0,0.0,0.0,0.0,0.0,0.0,0.0,0.0,0.0,0.0,0.0,0.0,0.0,0.0,0.0,0.0,0.0,0.0,0.0,0.0,0.0,0.0,0.0,0.0,0.0,0.0,0.0,0.0,0.0,0.0,0.0,0.0,0.0,0.0,0.0,0.0,0.0,0.0,0.0,0.0,0.0,0.0,0.0,0.0,0.0,0.0,0.0,0.0,0.0,0.0,0.0,0.0,0.0,0.0,0.0,0.0,0.0,0.0,0.0,0.0,0.0,0.0,0.0,0.0,0.0,0.0,0.0,0.0,0.0,0.0,0.0,0.0,0.0,0.0,0.0,0.0,0.0,0.0,0.0,0.0,0.0,0.0,0.0,0.0,0.0,0.0,0.0,0.0,0.0,0.0,0.0,0.0,0.0,0.0,0.0,0.0,0.0,0.0,0.0,0.0,0.0,0.0,0.0,0.0,0.0,0.0,0.0,0.0,0.0,0.0,0.0
3.185,0.0,2.0,0.037,0.0,0.037,0.0,0.0,1.0,0.963,0.0,0.0,0.0,0.0,0.0,0.0,0.0,0.0,0.0,0.0,0.0,0.0,0.0,0.037,0.0,0.0,0.0,0.0,0.0,0.0,0.0,0.0,0.0,0.0,0.0,0.0,0.0,0.0,0.0,0.0,0.0,0.0,0.0,0.0,0.0,0.0,0.0,0.0,0.0,0.0,0.0,0.0,0.0,0.0,0.0,0.0,0.0,0.0,0.0,0.0,0.0,0.0,0.0,0.0,0.0,0.0,0.0,0.0,0.0,0.0,0.0,0.0,0.0,0.0,0.0,0.0,0.0,0.0,0.0,0.0,0.0,0.0,0.0,0.0,0.0,0.0,0.0,0.0,0.0,0.0,0.0,0.0,0.0,0.0,0.0,0.0,0.0,0.0,0.0,0.0,0.0,0.0,0.0,0.0,0.0,0.0,0.0,0.0,0.0,0.0,0.0,0.0,0.0,0.0,0.0,0.0,0.0,0.0,0.0,0.0,0.0,0.0,0.0,0.0,0.0,0.0,0.0,0.0,0.0,0.0,0.0,0.0,0.0,0.0,0.0,0.0,0.0,0.0,0.0,0.0,0.0,0.0,0.0,0.0,0.0,0.0,0.0,0.0,0.0
5.0,2.0,3.0,0.0,1.0,0.0,2.0,1.0,3.0,0.0,0.0,1.0,0.0,0.0,0.0,0.0,0.0,0.0,0.0,0.0,1.0,0.0,0.0,0.0,1.0,1.0,0.0,0.0,0.0,1.0,2.0,1.0,0.0,0.0,0.0,0.0,0.0,0.0,0.0,0.0,0.0,0.0,0.0,0.0,0.0,0.0,0.0,0.0,0.0,0.0,0.0,0.0,0.0,0.0,0.0,0.0,0.0,0.0,0.0,0.0,0.0,0.0,0.0,0.0,0.0,0.0,0.0,0.0,0.0,0.0,0.0,0.0,0.0,0.0,0.0,0.0,0.0,0.0,0.0,0.0,2.0,0.0,0.0,0.0,0.0,0.0,0.0,0.0,0.0,0.0,0.0,0.0,0.0,0.0,0.0,2.0,0.0,0.0,0.0,0.0,0.0,0.0,0.0,0.0,1.0,0.0,0.0,0.0,0.0,0.0,0.0,0.0,0.0,0.0,0.0,2.0,0.0,0.0,0.0,0.0,0.0,0.0,0.0,0.0,0.0,0.0,0.0,0.0,0.0,0.0,0.0,0.0,0.0,0.0,0.0,0.0,0.0,0.0,0.0,1.0,0.0,0.0,0.0,0.0,0.0,1.0,0.0,0.0,0.0
5.0,2.0,3.0,0.0,1.0,0.0,2.0,1.0,3.0,0.0,0.0,1.0,0.0,0.0,0.0,0.0,0.0,0.0,0.0,0.0,1.0,0.0,0.0,0.0,1.0,1.0,0.0,0.0,0.0,1.0,2.0,1.0,0.0,0.0,0.0,0.0,0.0,0.0,0.0,0.0,0.0,0.0,0.0,0.0,0.0,0.0,0.0,0.0,0.0,0.0,0.0,0.0,0.0,0.0,0.0,0.0,0.0,0.0,0.0,0.0,0.0,0.0,0.0,0.0,0.0,0.0,0.0,0.0,0.0,0.0,0.0,0.0,0.0,0.0,0.0,0.0,0.0,0.0,0.0,0.0,2.0,0.0,0.0,0.0,0.0,0.0,0.0,0.0,0.0,0.0,0.0,0.0,0.0,0.0,0.0,2.0,0.0,0.0,0.0,0.0,0.0,0.0,0.0,0.0,1.0,0.0,0.0,0.0,0.0,0.0,0.0,0.0,0.0,0.0,0.0,2.0,0.0,0.0,0.0,0.0,0.0,0.0,0.0,0.0,0.0,0.0,0.0,0.0,0.0,0.0,0.0,0.0,0.0,0.0,0.0,0.0,0.0,0.0,0.0,1.0,0.0,0.0,0.0,0.0,0.0,1.0,0.0,0.0,0.0
5.0,2.0,3.0,0.0,1.0,0.0,2.0,1.0,3.0,0.0,0.0,1.0,0.0,0.0,0.0,0.0,0.0,0.0,0.0,0.0,1.0,0.0,0.0,0.0,1.0,1.0,0.0,0.0,0.0,1.0,2.0,1.0,0.0,0.0,0.0,0.0,0.0,0.0,0.0,0.0,0.0,0.0,0.0,0.0,0.0,0.0,0.0,0.0,0.0,0.0,0.0,0.0,0.0,0.0,0.0,0.0,0.0,0.0,0.0,0.0,0.0,0.0,0.0,0.0,0.0,0.0,0.0,0.0,0.0,0.0,0.0,0.0,0.0,0.0,0.0,0.0,0.0,0.0,0.0,0.0,2.0,0.0,0.0,0.0,0.0,0.0,0.0,0.0,0.0,0.0,0.0,0.0,0.0,0.0,0.0,2.0,0.0,0.0,0.0,0.0,0.0,0.0,0.0,0.0,1.0,0.0,0.0,0.0,0.0,0.0,0.0,0.0,0.0,0.0,0.0,2.0,0.0,0.0,0.0,0.0,0.0,0.0,0.0,0.0,0.0,0.0,0.0,0.0,0.0,0.0,0.0,0.0,0.0,0.0,0.0,0.0,0.0,0.0,0.0,1.0,0.0,0.0,0.0,0.0,0.0,1.0,0.0,0.0,0.0
5.0,2.0,3.0,0.0,1.0,0.0,2.0,1.0,3.0,0.0,0.0,1.0,0.0,0.0,0.0,0.0,0.0,0.0,0.0,0.0,1.0,0.0,0.0,0.0,1.0,1.0,0.0,0.0,0.0,1.0,2.0,1.0,0.0,0.0,0.0,0.0,0.0,0.0,0.0,0.0,0.0,0.0,0.0,0.0,0.0,0.0,0.0,0.0,0.0,0.0,0.0,0.0,0.0,0.0,0.0,0.0,0.0,0.0,0.0,0.0,0.0,0.0,0.0,0.0,0.0,0.0,0.0,0.0,0.0,0.0,0.0,0.0,0.0,0.0,0.0,0.0,0.0,0.0,0.0,0.0,2.0,0.0,0.0,0.0,0.0,0.0,0.0,0.0,0.0,0.0,0.0,0.0,0.0,0.0,0.0,2.0,0.0,0.0,0.0,0.0,0.0,0.0,0.0,0.0,1.0,0.0,0.0,0.0,0.0,0.0,0.0,0.0,0.0,0.0,0.0,2.0,0.0,0.0,0.0,0.0,0.0,0.0,0.0,0.0,0.0,0.0,0.0,0.0,0.0,0.0,0.0,0.0,0.0,0.0,0.0,0.0,0.0,0.0,0.0,1.0,0.0,0.0,0.0,0.0,0.0,1.0,0.0,0.0,0.0
5.0,2.0,3.0,0.0,1.0,0.0,2.0,1.0,3.0,0.0,0.0,1.0,0.0,0.0,0.0,0.0,0.0,0.0,0.0,0.0,1.0,0.0,0.0,0.0,1.0,1.0,0.0,0.0,0.0,1.0,2.0,1.0,0.0,0.0,0.0,0.0,0.0,0.0,0.0,0.0,0.0,0.0,0.0,0.0,0.0,0.0,0.0,0.0,0.0,0.0,0.0,0.0,0.0,0.0,0.0,0.0,0.0,0.0,0.0,0.0,0.0,0.0,0.0,0.0,0.0,0.0,0.0,0.0,0.0,0.0,0.0,0.0,0.0,0.0,0.0,0.0,0.0,0.0,0.0,0.0,2.0,0.0,0.0,0.0,0.0,0.0,0.0,0.0,0.0,0.0,0.0,0.0,0.0,0.0,0.0,2.0,0.0,0.0,0.0,0.0,0.0,0.0,0.0,0.0,1.0,0.0,0.0,0.0,0.0,0.0,0.0,0.0,0.0,0.0,0.0,2.0,0.0,0.0,0.0,0.0,0.0,0.0,0.0,0.0,0.0,0.0,0.0,0.0,0.0,0.0,0.0,0.0,0.0,0.0,0.0,0.0,0.0,0.0,0.0,1.0,0.0,0.0,0.0,0.0,0.0,1.0,0.0,0.0,0.0
4.42,0.0,2.0,0.284,0.0,0.284,0.0,0.0,1.0,0.716,0.0,0.0,0.0,0.0,0.0,0.0,0.0,0.0,0.0,0.0,0.0,0.0,0.0,0.284,0.0,0.0,0.0,0.0,0.0,0.0,0.0,0.0,0.0,0.0,0.0,0.0,0.0,0.0,0.0,0.0,0.0,0.0,0.0,0.0,0.0,0.0,0.0,0.0,0.0,0.0,0.0,0.0,0.0,0.0,0.0,0.0,0.0,0.0,0.0,0.0,0.0,0.0,0.0,0.0,0.0,0.0,0.0,0.0,0.0,0.0,0.0,0.0,0.0,0.0,0.0,0.0,0.0,0.0,0.0,0.0,0.0,0.0,0.0,0.0,0.0,0.0,0.0,0.0,0.0,0.0,0.0,0.0,0.0,0.0,0.0,0.0,0.0,0.0,0.0,0.0,0.0,0.0,0.0,0.0,0.0,0.0,0.0,0.0,0.0,0.0,0.0,0.0,0.0,0.0,0.0,0.0,0.0,0.0,0.0,0.0,0.0,0.0,0.0,0.0,0.0,0.0,0.0,0.0,0.0,0.0,0.0,0.0,0.0,0.0,0.0,0.0,0.0,0.0,0.0,0.0,0.0,0.0,0.0,0.0,0.0,0.0,0.0,0.0,0.0
3.975,0.0,2.0,0.195,0.0,0.195,0.0,0.0,1.0,0.805,0.0,0.0,0.0,0.0,0.0,0.0,0.0,0.0,0.0,0.0,0.0,0.0,0.0,0.195,0.0,0.0,0.0,0.0,0.0,0.0,0.0,0.0,0.0,0.0,0.0,0.0,0.0,0.0,0.0,0.0,0.0,0.0,0.0,0.0,0.0,0.0,0.0,0.0,0.0,0.0,0.0,0.0,0.0,0.0,0.0,0.0,0.0,0.0,0.0,0.0,0.0,0.0,0.0,0.0,0.0,0.0,0.0,0.0,0.0,0.0,0.0,0.0,0.0,0.0,0.0,0.0,0.0,0.0,0.0,0.0,0.0,0.0,0.0,0.0,0.0,0.0,0.0,0.0,0.0,0.0,0.0,0.0,0.0,0.0,0.0,0.0,0.0,0.0,0.0,0.0,0.0,0.0,0.0,0.0,0.0,0.0,0.0,0.0,0.0,0.0,0.0,0.0,0.0,0.0,0.0,0.0,0.0,0.0,0.0,0.0,0.0,0.0,0.0,0.0,0.0,0.0,0.0,0.0,0.0,0.0,0.0,0.0,0.0,0.0,0.0,0.0,0.0,0.0,0.0,0.0,0.0,0.0,0.0,0.0,0.0,0.0,0.0,0.0,0.0
8.0,0.0,2.0,1.0,0.0,1.0,0.0,0.0,1.0,0.0,0.0,0.0,0.0,0.0,0.0,0.0,0.0,0.0,0.0,0.0,0.0,0.0,0.0,1.0,0.0,0.0,0.0,0.0,0.0,0.0,0.0,0.0,0.0,0.0,0.0,0.0,0.0,0.0,0.0,0.0,0.0,0.0,0.0,0.0,0.0,0.0,0.0,0.0,0.0,0.0,0.0,0.0,0.0,0.0,0.0,0.0,0.0,0.0,0.0,0.0,0.0,0.0,0.0,0.0,0.0,0.0,0.0,0.0,0.0,0.0,0.0,0.0,0.0,0.0,0.0,0.0,0.0,0.0,0.0,0.0,0.0,0.0,0.0,0.0,0.0,0.0,0.0,0.0,0.0,0.0,0.0,0.0,0.0,0.0,0.0,0.0,0.0,0.0,0.0,0.0,0.0,0.0,0.0,0.0,0.0,0.0,0.0,0.0,0.0,0.0,0.0,0.0,0.0,0.0,0.0,0.0,0.0,0.0,0.0,0.0,0.0,0.0,0.0,0.0,0.0,0.0,0.0,0.0,0.0,0.0,0.0,0.0,0.0,0.0,0.0,0.0,0.0,0.0,0.0,0.0,0.0,0.0,0.0,0.0,0.0,0.0,0.0,0.0,0.0
5.0,2.0,3.0,0.0,1.0,0.0,2.0,1.0,3.0,0.0,0.0,1.0,0.0,0.0,0.0,0.0,0.0,0.0,0.0,0.0,1.0,0.0,0.0,0.0,1.0,1.0,0.0,0.0,0.0,1.0,2.0,1.0,0.0,0.0,0.0,0.0,0.0,0.0,0.0,0.0,0.0,0.0,0.0,0.0,0.0,0.0,0.0,0.0,0.0,0.0,0.0,0.0,0.0,0.0,0.0,0.0,0.0,0.0,0.0,0.0,0.0,0.0,0.0,0.0,0.0,0.0,0.0,0.0,0.0,0.0,0.0,0.0,0.0,0.0,0.0,0.0,0.0,0.0,0.0,0.0,2.0,0.0,0.0,0.0,0.0,0.0,0.0,0.0,0.0,0.0,0.0,0.0,0.0,0.0,0.0,2.0,0.0,0.0,0.0,0.0,0.0,0.0,0.0,0.0,1.0,0.0,0.0,0.0,0.0,0.0,0.0,0.0,0.0,0.0,0.0,2.0,0.0,0.0,0.0,0.0,0.0,0.0,0.0,0.0,0.0,0.0,0.0,0.0,0.0,0.0,0.0,0.0,0.0,0.0,0.0,0.0,0.0,0.0,0.0,1.0,0.0,0.0,0.0,0.0,0.0,1.0,0.0,0.0,0.0
3.0,0.0,2.0,0.0,0.0,0.0,0.0,0.0,1.0,0.0,0.0,0.0,0.0,0.0,0.0,0.0,0.0,0.0,0.0,0.0,0.0,0.0,0.0,0.0,0.0,0.0,0.0,0.0,0.0,0.0,0.0,0.0,0.0,0.0,0.0,0.0,0.0,0.0,0.0,0.0,0.0,0.0,0.0,0.0,0.0,0.0,0.0,0.0,0.0,0.0,0.0,0.0,0.0,0.0,0.0,0.0,0.0,0.0,0.0,0.0,0.0,0.0,0.0,0.0,0.0,0.0,0.0,0.0,0.0,0.0,0.0,0.0,0.0,0.0,0.0,0.0,0.0,0.0,0.0,0.0,0.0,0.0,0.0,0.0,0.0,0.0,0.0,0.0,0.0,0.0,0.0,0.0,0.0,0.0,0.0,0.0,0.0,0.0,0.0,0.0,0.0,0.0,0.0,0.0,0.0,0.0,0.0,0.0,0.0,0.0,0.0,0.0,0.0,0.0,0.0,0.0,0.0,0.0,0.0,0.0,0.0,0.0,0.0,0.0,0.0,0.0,0.0,0.0,0.0,0.0,0.0,0.0,0.0,0.0,0.0,0.0,0.0,0.0,0.0,0.0,0.0,0.0,0.0,0.0,0.0,0.0,0.0,0.0,0.0
5.0,2.0,3.0,0.0,1.0,0.0,2.0,1.0,3.0,0.0,0.0,1.0,0.0,0.0,0.0,0.0,0.0,0.0,0.0,0.0,1.0,0.0,0.0,0.0,1.0,1.0,0.0,0.0,0.0,1.0,2.0,1.0,0.0,0.0,0.0,0.0,0.0,0.0,0.0,0.0,0.0,0.0,0.0,0.0,0.0,0.0,0.0,0.0,0.0,0.0,0.0,0.0,0.0,0.0,0.0,0.0,0.0,0.0,0.0,0.0,0.0,0.0,0.0,0.0,0.0,0.0,0.0,0.0,0.0,0.0,0.0,0.0,0.0,0.0,0.0,0.0,0.0,0.0,0.0,0.0,2.0,0.0,0.0,0.0,0.0,0.0,0.0,0.0,0.0,0.0,0.0,0.0,0.0,0.0,0.0,2.0,0.0,0.0,0.0,0.0,0.0,0.0,0.0,0.0,1.0,0.0,0.0,0.0,0.0,0.0,0.0,0.0,0.0,0.0,0.0,2.0,0.0,0.0,0.0,0.0,0.0,0.0,0.0,0.0,0.0,0.0,0.0,0.0,0.0,0.0,0.0,0.0,0.0,0.0,0.0,0.0,0.0,0.0,0.0,1.0,0.0,0.0,0.0,0.0,0.0,1.0,0.0,0.0,0.0
8.0,0.0,2.0,1.0,0.0,1.0,0.0,0.0,1.0,0.0,0.0,0.0,0.0,0.0,0.0,0.0,0.0,0.0,0.0,0.0,0.0,0.0,0.0,1.0,0.0,0.0,0.0,0.0,0.0,0.0,0.0,0.0,0.0,0.0,0.0,0.0,0.0,0.0,0.0,0.0,0.0,0.0,0.0,0.0,0.0,0.0,0.0,0.0,0.0,0.0,0.0,0.0,0.0,0.0,0.0,0.0,0.0,0.0,0.0,0.0,0.0,0.0,0.0,0.0,0.0,0.0,0.0,0.0,0.0,0.0,0.0,0.0,0.0,0.0,0.0,0.0,0.0,0.0,0.0,0.0,0.0,0.0,0.0,0.0,0.0,0.0,0.0,0.0,0.0,0.0,0.0,0.0,0.0,0.0,0.0,0.0,0.0,0.0,0.0,0.0,0.0,0.0,0.0,0.0,0.0,0.0,0.0,0.0,0.0,0.0,0.0,0.0,0.0,0.0,0.0,0.0,0.0,0.0,0.0,0.0,0.0,0.0,0.0,0.0,0.0,0.0,0.0,0.0,0.0,0.0,0.0,0.0,0.0,0.0,0.0,0.0,0.0,0.0,0.0,0.0,0.0,0.0,0.0,0.0,0.0,0.0,0.0,0.0,0.0
8.0,1.0,2.0,1.0,0.0,1.0,1.0,0.0,1.0,0.0,0.0,0.0,1.0,0.0,0.0,0.0,0.0,0.0,0.0,0.0,0.0,0.0,0.0,1.0,0.0,0.0,1.0,0.0,0.0,0.0,0.0,0.0,0.0,0.0,0.0,0.0,0.0,0.0,0.0,0.0,0.0,0.0,0.0,0.0,0.0,0.0,0.0,0.0,0.0,0.0,0.0,0.0,1.0,0.0,0.0,0.0,0.0,0.0,0.0,0.0,0.0,0.0,0.0,0.0,0.0,0.0,0.0,0.0,0.0,0.0,0.0,0.0,0.0,0.0,0.0,0.0,0.0,0.0,0.0,0.0,0.0,0.0,0.0,0.0,0.0,0.0,0.0,0.0,0.0,0.0,0.0,0.0,0.0,0.0,0.0,0.0,0.0,0.0,0.0,0.0,0.0,0.0,0.0,0.0,0.0,0.0,0.0,0.0,0.0,0.0,0.0,0.0,0.0,0.0,0.0,0.0,0.0,0.0,0.0,0.0,0.0,0.0,0.0,0.0,0.0,0.0,0.0,0.0,0.0,0.0,0.0,0.0,0.0,0.0,0.0,0.0,0.0,0.0,0.0,0.0,0.0,0.0,0.0,0.0,0.0,0.0,0.0,0.0,0.0
8.0,0.0,2.0,1.0,0.0,1.0,0.0,0.0,1.0,0.0,0.0,0.0,0.0,0.0,0.0,0.0,0.0,0.0,0.0,0.0,0.0,0.0,0.0,1.0,0.0,0.0,0.0,0.0,0.0,0.0,0.0,0.0,0.0,0.0,0.0,0.0,0.0,0.0,0.0,0.0,0.0,0.0,0.0,0.0,0.0,0.0,0.0,0.0,0.0,0.0,0.0,0.0,0.0,0.0,0.0,0.0,0.0,0.0,0.0,0.0,0.0,0.0,0.0,0.0,0.0,0.0,0.0,0.0,0.0,0.0,0.0,0.0,0.0,0.0,0.0,0.0,0.0,0.0,0.0,0.0,0.0,0.0,0.0,0.0,0.0,0.0,0.0,0.0,0.0,0.0,0.0,0.0,0.0,0.0,0.0,0.0,0.0,0.0,0.0,0.0,0.0,0.0,0.0,0.0,0.0,0.0,0.0,0.0,0.0,0.0,0.0,0.0,0.0,0.0,0.0,0.0,0.0,0.0,0.0,0.0,0.0,0.0,0.0,0.0,0.0,0.0,0.0,0.0,0.0,0.0,0.0,0.0,0.0,0.0,0.0,0.0,0.0,0.0,0.0,0.0,0.0,0.0,0.0,0.0,0.0,0.0,0.0,0.0,0.0
5.094485,2.017179,3.0,0.017179087,1.0,0.017179087,2.0085895,1.0,2.982821,0.0,0.0,1.0,0.008589543,0.0,0.0,0.0,0.0,0.0,0.008589543,0.0,1.0,0.0,0.0,0.0,1.0,1.0,0.0,0.0,0.0,1.0,1.9914105,0.99141043,0.0,0.008589543,0.0,0.008589543,0.0,0.0,0.0,0.0,0.008589543,0.0,0.0,0.0,0.0,0.008589543,0.0,0.0,0.0,0.0,0.0,0.008589543,0.0,0.0,0.0,0.0,0.0,0.0,0.0,0.008589543,0.0,0.0,0.0,0.0,0.017179087,0.0,0.0,0.0,0.0,0.0,0.0,0.0,0.0,0.0,0.0,0.0,0.0,0.0,0.0,0.0,1.9914105,0.008589543,0.008589543,0.0,0.0,0.0,0.0,0.0,0.0,0.0,0.0,0.0,0.008589543,0.0,0.0,1.9914105,0.0,0.0,0.008589543,0.0,0.0,0.0,0.0,0.0,0.99141043,0.0,0.0,0.0,0.0,0.0,0.0,0.0,0.0,0.0,0.0,1.9914105,0.0,0.0,0.0,0.008589543,0.0,0.0,0.0,0.0,0.0,0.0,0.0,0.0,0.0,0.0,0.0,0.0,0.0,0.0,0.0,0.0,0.0,0.0,0.0,0.99141043,0.0,0.0,0.0,0.0,0.0,0.99141043,0.0,0.0,0.0
8.0,0.0,2.0,1.0,0.0,1.0,0.0,0.0,1.0,0.0,0.0,0.0,0.0,0.0,0.0,0.0,0.0,0.0,0.0,0.0,0.0,0.0,0.0,1.0,0.0,0.0,0.0,0.0,0.0,0.0,0.0,0.0,0.0,0.0,0.0,0.0,0.0,0.0,0.0,0.0,0.0,0.0,0.0,0.0,0.0,0.0,0.0,0.0,0.0,0.0,0.0,0.0,0.0,0.0,0.0,0.0,0.0,0.0,0.0,0.0,0.0,0.0,0.0,0.0,0.0,0.0,0.0,0.0,0.0,0.0,0.0,0.0,0.0,0.0,0.0,0.0,0.0,0.0,0.0,0.0,0.0,0.0,0.0,0.0,0.0,0.0,0.0,0.0,0.0,0.0,0.0,0.0,0.0,0.0,0.0,0.0,0.0,0.0,0.0,0.0,0.0,0.0,0.0,0.0,0.0,0.0,0.0,0.0,0.0,0.0,0.0,0.0,0.0,0.0,0.0,0.0,0.0,0.0,0.0,0.0,0.0,0.0,0.0,0.0,0.0,0.0,0.0,0.0,0.0,0.0,0.0,0.0,0.0,0.0,0.0,0.0,0.0,0.0,0.0,0.0,0.0,0.0,0.0,0.0,0.0,0.0,0.0,0.0,0.0
5.128145,2.073226,3.0183065,0.018306477,1.0,0.0,2.036613,1.0,3.0,0.0,0.0,1.0,0.018306477,0.0,0.0,0.0,0.0,0.0,0.018306477,0.0,1.036613,0.0,0.0,0.0,1.0183065,1.0,0.0,0.0,0.0,1.0,2.0,1.0,0.0,0.036612954,0.0,0.0,0.0,0.0,0.018306477,0.0,0.0,0.0,0.0,0.018306477,0.0,0.018306477,0.0,0.0,0.0,0.0,0.0,0.0,0.0,0.0,0.0,0.0,0.0,0.0,0.0,0.0,0.0,0.0,0.0,0.0,0.0,0.0,0.0,0.018306477,0.0,0.018306477,0.0,0.0,0.0,0.0,0.0,0.0,0.018306477,0.0,0.0,0.018306477,2.0,0.0,0.0,0.0,0.0,0.0,0.0,0.0,0.0,0.0,0.0,0.07322591,0.0,0.0,0.0,2.0,0.0,0.0,0.0,0.0,0.0,0.0,0.0,0.0,1.0,0.0,0.0,0.0,0.0,0.0,0.0,0.0,0.0,0.0,0.036612954,2.0,0.0,0.0,0.0,0.0,0.0,0.0,0.018306477,0.0,0.0,0.0,0.0,0.036612954,0.0,0.0,0.0,0.0,0.0,0.036612954,0.018306477,0.0,0.0,0.0,0.0,1.0,0.0,0.0,0.0,0.0,0.0,1.0,0.0,0.0,0.0
8.0,0.0,2.0,1.0,0.0,1.0,0.0,0.0,1.0,0.0,0.0,0.0,0.0,0.0,0.0,0.0,0.0,0.0,0.0,0.0,0.0,0.0,0.0,1.0,0.0,0.0,0.0,0.0,0.0,0.0,0.0,0.0,0.0,0.0,0.0,0.0,0.0,0.0,0.0,0.0,0.0,0.0,0.0,0.0,0.0,0.0,0.0,0.0,0.0,0.0,0.0,0.0,0.0,0.0,0.0,0.0,0.0,0.0,0.0,0.0,0.0,0.0,0.0,0.0,0.0,0.0,0.0,0.0,0.0,0.0,0.0,0.0,0.0,0.0,0.0,0.0,0.0,0.0,0.0,0.0,0.0,0.0,0.0,0.0,0.0,0.0,0.0,0.0,0.0,0.0,0.0,0.0,0.0,0.0,0.0,0.0,0.0,0.0,0.0,0.0,0.0,0.0,0.0,0.0,0.0,0.0,0.0,0.0,0.0,0.0,0.0,0.0,0.0,0.0,0.0,0.0,0.0,0.0,0.0,0.0,0.0,0.0,0.0,0.0,0.0,0.0,0.0,0.0,0.0,0.0,0.0,0.0,0.0,0.0,0.0,0.0,0.0,0.0,0.0,0.0,0.0,0.0,0.0,0.0,0.0,0.0,0.0,0.0,0.0
19.0,4.0,5.0,2.0,2.0,2.0,3.0,0.0,3.0,2.0,4.0,1.0,0.0,0.0,0.0,2.0,0.0,2.0,0.0,0.0,2.0,0.0,2.0,2.0,1.0,1.0,0.0,0.0,0.0,0.0,0.0,0.0,0.0,0.0,0.0,0.0,1.0,0.0,0.0,0.0,0.0,0.0,0.0,0.0,0.0,0.0,0.0,0.0,0.0,0.0,0.0,0.0,0.0,0.0,0.0,0.0,0.0,0.0,0.0,0.0,0.0,0.0,0.0,0.0,0.0,0.0,0.0,0.0,0.0,0.0,0.0,0.0,0.0,0.0,0.0,0.0,0.0,0.0,0.0,0.0,2.0,0.0,0.0,0.0,2.0,0.0,0.0,0.0,0.0,0.0,0.0,0.0,0.0,0.0,0.0,1.0,0.0,0.0,0.0,0.0,0.0,0.0,0.0,0.0,0.0,0.0,0.0,2.0,0.0,0.0,0.0,0.0,0.0,0.0,0.0,0.0,0.0,0.0,0.0,0.0,0.0,0.0,0.0,0.0,0.0,0.0,0.0,0.0,0.0,0.0,0.0,0.0,0.0,0.0,0.0,0.0,0.0,0.0,0.0,0.0,0.0,0.0,0.0,0.0,0.0,0.0,0.0,0.0,0.0
27.0,7.0,5.0,3.0,1.0,4.0,8.0,1.0,0.0,2.0,0.0,4.0,2.0,1.0,0.0,0.0,0.0,0.0,0.0,0.0,4.0,2.0,0.0,0.0,4.0,0.0,0.0,0.0,0.0,0.0,0.0,0.0,0.0,0.0,0.0,0.0,0.0,0.0,0.0,0.0,0.0,0.0,1.0,0.0,0.0,0.0,0.0,0.0,0.0,0.0,0.0,0.0,0.0,0.0,0.0,0.0,0.0,0.0,0.0,0.0,0.0,0.0,0.0,0.0,0.0,0.0,0.0,2.0,0.0,4.0,0.0,0.0,0.0,0.0,0.0,0.0,0.0,0.0,0.0,0.0,0.0,2.0,0.0,0.0,0.0,0.0,0.0,0.0,0.0,0.0,0.0,0.0,1.0,0.0,0.0,0.0,2.0,0.0,0.0,0.0,0.0,0.0,0.0,2.0,0.0,0.0,0.0,0.0,0.0,0.0,0.0,0.0,1.0,0.0,0.0,0.0,0.0,0.0,0.0,0.0,0.0,0.0,0.0,0.0,0.0,1.0,0.0,0.0,0.0,0.0,2.0,2.0,0.0,0.0,0.0,0.0,0.0,0.0,0.0,0.0,0.0,0.0,0.0,0.0,0.0,0.0,0.0,0.0,0.0
8.0,0.0,2.0,1.0,0.0,1.0,0.0,0.0,1.0,0.0,0.0,0.0,0.0,0.0,0.0,0.0,0.0,0.0,0.0,0.0,0.0,0.0,0.0,1.0,0.0,0.0,0.0,0.0,0.0,0.0,0.0,0.0,0.0,0.0,0.0,0.0,0.0,0.0,0.0,0.0,0.0,0.0,0.0,0.0,0.0,0.0,0.0,0.0,0.0,0.0,0.0,0.0,0.0,0.0,0.0,0.0,0.0,0.0,0.0,0.0,0.0,0.0,0.0,0.0,0.0,0.0,0.0,0.0,0.0,0.0,0.0,0.0,0.0,0.0,0.0,0.0,0.0,0.0,0.0,0.0,0.0,0.0,0.0,0.0,0.0,0.0,0.0,0.0,0.0,0.0,0.0,0.0,0.0,0.0,0.0,0.0,0.0,0.0,0.0,0.0,0.0,0.0,0.0,0.0,0.0,0.0,0.0,0.0,0.0,0.0,0.0,0.0,0.0,0.0,0.0,0.0,0.0,0.0,0.0,0.0,0.0,0.0,0.0,0.0,0.0,0.0,0.0,0.0,0.0,0.0,0.0,0.0,0.0,0.0,0.0,0.0,0.0,0.0,0.0,0.0,0.0,0.0,0.0,0.0,0.0,0.0,0.0,0.0,0.0
3.0,0.0,2.0,0.0,0.0,0.0,0.0,0.0,1.0,1.0,0.0,0.0,0.0,0.0,0.0,0.0,0.0,0.0,0.0,0.0,0.0,0.0,0.0,0.0,0.0,0.0,0.0,0.0,0.0,0.0,0.0,0.0,0.0,0.0,0.0,0.0,0.0,0.0,0.0,0.0,0.0,0.0,0.0,0.0,0.0,0.0,0.0,0.0,0.0,0.0,0.0,0.0,0.0,0.0,0.0,0.0,0.0,0.0,0.0,0.0,0.0,0.0,0.0,0.0,0.0,0.0,0.0,0.0,0.0,0.0,0.0,0.0,0.0,0.0,0.0,0.0,0.0,0.0,0.0,0.0,0.0,0.0,0.0,0.0,0.0,0.0,0.0,0.0,0.0,0.0,0.0,0.0,0.0,0.0,0.0,0.0,0.0,0.0,0.0,0.0,0.0,0.0,0.0,0.0,0.0,0.0,0.0,0.0,0.0,0.0,0.0,0.0,0.0,0.0,0.0,0.0,0.0,0.0,0.0,0.0,0.0,0.0,0.0,0.0,0.0,0.0,0.0,0.0,0.0,0.0,0.0,0.0,0.0,0.0,0.0,0.0,0.0,0.0,0.0,0.0,0.0,0.0,0.0,0.0,0.0,0.0,0.0,0.0,0.0
3.008,0.016,2.008,0.0,0.008,0.0,0.008,0.008,1.016,0.992,0.0,0.0,0.0,0.0,0.0,0.0,0.0,0.0,0.0,0.0,0.008,0.0,0.0,0.0,0.0,0.008,0.0,0.0,0.0,0.008,0.016,0.008,0.0,0.0,0.0,0.0,0.0,0.0,0.0,0.0,0.0,0.0,0.0,0.0,0.0,0.0,0.0,0.0,0.0,0.0,0.0,0.0,0.0,0.0,0.0,0.0,0.0,0.0,0.0,0.0,0.0,0.0,0.0,0.0,0.0,0.0,0.0,0.0,0.0,0.0,0.0,0.0,0.0,0.0,0.0,0.0,0.0,0.0,0.0,0.0,0.016,0.0,0.0,0.0,0.0,0.0,0.0,0.0,0.0,0.0,0.0,0.0,0.0,0.0,0.0,0.0,0.0,0.0,0.0,0.0,0.0,0.0,0.0,0.0,0.008,0.0,0.0,0.0,0.0,0.0,0.0,0.0,0.0,0.0,0.0,0.016,0.0,0.0,0.0,0.0,0.0,0.0,0.0,0.0,0.0,0.0,0.0,0.0,0.0,0.0,0.0,0.0,0.0,0.0,0.0,0.0,0.0,0.0,0.0,0.008,0.0,0.0,0.0,0.0,0.0,0.0,0.0,0.0,0.0
3.555,0.37,2.37,0.0,0.185,0.0,0.37,0.185,1.37,0.815,0.0,0.185,0.0,0.0,0.0,0.0,0.0,0.0,0.0,0.0,0.37,0.0,0.0,0.0,0.37,0.185,0.0,0.0,0.0,0.185,0.37,0.185,0.0,0.0,0.0,0.0,0.0,0.0,0.185,0.0,0.0,0.0,0.0,0.185,0.0,0.0,0.0,0.0,0.0,0.0,0.0,0.0,0.0,0.0,0.0,0.0,0.0,0.0,0.0,0.0,0.0,0.0,0.0,0.0,0.0,0.0,0.0,0.0,0.0,0.0,0.0,0.0,0.0,0.0,0.0,0.0,0.0,0.0,0.0,0.0,0.37,0.0,0.0,0.0,0.0,0.0,0.0,0.0,0.0,0.0,0.0,0.0,0.0,0.0,0.0,0.37,0.0,0.0,0.0,0.0,0.0,0.0,0.0,0.0,0.185,0.0,0.0,0.0,0.0,0.0,0.0,0.0,0.0,0.0,0.0,0.37,0.0,0.0,0.0,0.0,0.0,0.0,0.0,0.0,0.0,0.0,0.0,0.37,0.0,0.0,0.0,0.0,0.0,0.0,0.0,0.0,0.0,0.0,0.0,0.185,0.0,0.0,0.0,0.0,0.0,0.185,0.0,0.0,0.0
3.0,0.0,2.0,0.0,0.0,0.0,0.0,0.0,1.0,1.0,0.0,0.0,0.0,0.0,0.0,0.0,0.0,0.0,0.0,0.0,0.0,0.0,0.0,0.0,0.0,0.0,0.0,0.0,0.0,0.0,0.0,0.0,0.0,0.0,0.0,0.0,0.0,0.0,0.0,0.0,0.0,0.0,0.0,0.0,0.0,0.0,0.0,0.0,0.0,0.0,0.0,0.0,0.0,0.0,0.0,0.0,0.0,0.0,0.0,0.0,0.0,0.0,0.0,0.0,0.0,0.0,0.0,0.0,0.0,0.0,0.0,0.0,0.0,0.0,0.0,0.0,0.0,0.0,0.0,0.0,0.0,0.0,0.0,0.0,0.0,0.0,0.0,0.0,0.0,0.0,0.0,0.0,0.0,0.0,0.0,0.0,0.0,0.0,0.0,0.0,0.0,0.0,0.0,0.0,0.0,0.0,0.0,0.0,0.0,0.0,0.0,0.0,0.0,0.0,0.0,0.0,0.0,0.0,0.0,0.0,0.0,0.0,0.0,0.0,0.0,0.0,0.0,0.0,0.0,0.0,0.0,0.0,0.0,0.0,0.0,0.0,0.0,0.0,0.0,0.0,0.0,0.0,0.0,0.0,0.0,0.0,0.0,0.0,0.0
3.0,0.0,2.0,0.0,0.0,0.0,0.0,0.0,1.0,0.0,0.0,0.0,0.0,0.0,0.0,0.0,0.0,0.0,0.0,0.0,0.0,0.0,0.0,0.0,0.0,0.0,0.0,0.0,0.0,0.0,0.0,0.0,0.0,0.0,0.0,0.0,0.0,0.0,0.0,0.0,0.0,0.0,0.0,0.0,0.0,0.0,0.0,0.0,0.0,0.0,0.0,0.0,0.0,0.0,0.0,0.0,0.0,0.0,0.0,0.0,0.0,0.0,0.0,0.0,0.0,0.0,0.0,0.0,0.0,0.0,0.0,0.0,0.0,0.0,0.0,0.0,0.0,0.0,0.0,0.0,0.0,0.0,0.0,0.0,0.0,0.0,0.0,0.0,0.0,0.0,0.0,0.0,0.0,0.0,0.0,0.0,0.0,0.0,0.0,0.0,0.0,0.0,0.0,0.0,0.0,0.0,0.0,0.0,0.0,0.0,0.0,0.0,0.0,0.0,0.0,0.0,0.0,0.0,0.0,0.0,0.0,0.0,0.0,0.0,0.0,0.0,0.0,0.0,0.0,0.0,0.0,0.0,0.0,0.0,0.0,0.0,0.0,0.0,0.0,0.0,0.0,0.0,0.0,0.0,0.0,0.0,0.0,0.0,0.0
26.0,0.0,10.0,1.0,0.0,2.0,0.0,0.0,4.0,4.0,4.0,0.0,0.0,0.0,4.0,0.0,0.0,0.0,0.0,0.0,0.0,0.0,0.0,0.0,0.0,0.0,0.0,0.0,0.0,0.0,0.0,0.0,0.0,0.0,0.0,0.0,0.0,0.0,0.0,0.0,0.0,0.0,1.0,0.0,0.0,0.0,0.0,0.0,4.0,0.0,0.0,0.0,0.0,0.0,0.0,0.0,0.0,0.0,0.0,0.0,0.0,0.0,0.0,0.0,0.0,0.0,0.0,0.0,0.0,0.0,0.0,0.0,0.0,0.0,0.0,0.0,0.0,0.0,0.0,0.0,0.0,0.0,0.0,0.0,0.0,0.0,0.0,0.0,0.0,0.0,0.0,0.0,0.0,0.0,0.0,0.0,0.0,0.0,0.0,0.0,0.0,0.0,2.0,0.0,0.0,0.0,0.0,0.0,0.0,0.0,0.0,0.0,0.0,0.0,0.0,0.0,0.0,0.0,0.0,0.0,0.0,0.0,0.0,0.0,0.0,0.0,0.0,0.0,0.0,0.0,0.0,0.0,0.0,0.0,0.0,0.0,0.0,0.0,0.0,0.0,0.0,0.0,0.0,0.0,0.0,0.0,0.0,0.0,2.0
8.0,0.0,2.0,1.0,0.0,1.0,0.0,0.0,1.0,0.0,0.0,0.0,0.0,0.0,0.0,0.0,0.0,0.0,0.0,0.0,0.0,0.0,0.0,1.0,0.0,0.0,0.0,0.0,0.0,0.0,0.0,0.0,0.0,0.0,0.0,0.0,0.0,0.0,0.0,0.0,0.0,0.0,0.0,0.0,0.0,0.0,0.0,0.0,0.0,0.0,0.0,0.0,0.0,0.0,0.0,0.0,0.0,0.0,0.0,0.0,0.0,0.0,0.0,0.0,0.0,0.0,0.0,0.0,0.0,0.0,0.0,0.0,0.0,0.0,0.0,0.0,0.0,0.0,0.0,0.0,0.0,0.0,0.0,0.0,0.0,0.0,0.0,0.0,0.0,0.0,0.0,0.0,0.0,0.0,0.0,0.0,0.0,0.0,0.0,0.0,0.0,0.0,0.0,0.0,0.0,0.0,0.0,0.0,0.0,0.0,0.0,0.0,0.0,0.0,0.0,0.0,0.0,0.0,0.0,0.0,0.0,0.0,0.0,0.0,0.0,0.0,0.0,0.0,0.0,0.0,0.0,0.0,0.0,0.0,0.0,0.0,0.0,0.0,0.0,0.0,0.0,0.0,0.0,0.0,0.0,0.0,0.0,0.0,0.0
5.192205,2.0349464,3.0,0.034946363,1.0,0.034946363,2.0174732,1.0,2.9650536,0.0,0.0,1.0,0.017473182,0.0,0.0,0.0,0.0,0.0,0.017473182,0.0,1.0,0.0,0.0,0.0,1.0,1.0,0.0,0.0,0.0,1.0,1.9825268,0.98252684,0.0,0.017473182,0.0,0.017473182,0.0,0.0,0.0,0.0,0.017473182,0.0,0.0,0.0,0.0,0.017473182,0.0,0.0,0.0,0.0,0.0,0.017473182,0.0,0.0,0.0,0.0,0.0,0.0,0.0,0.017473182,0.0,0.0,0.0,0.0,0.034946363,0.0,0.0,0.0,0.0,0.0,0.0,0.0,0.0,0.0,0.0,0.0,0.0,0.0,0.0,0.0,1.9825268,0.017473182,0.017473182,0.0,0.0,0.0,0.0,0.0,0.0,0.0,0.0,0.0,0.017473182,0.0,0.0,1.9825268,0.0,0.0,0.017473182,0.0,0.0,0.0,0.0,0.0,0.98252684,0.0,0.0,0.0,0.0,0.0,0.0,0.0,0.0,0.0,0.0,1.9825268,0.0,0.0,0.0,0.017473182,0.0,0.0,0.0,0.0,0.0,0.0,0.0,0.0,0.0,0.0,0.0,0.0,0.0,0.0,0.0,0.0,0.0,0.0,0.0,0.98252684,0.0,0.0,0.0,0.0,0.0,0.98252684,0.0,0.0,0.0
5.2651362,2.1515064,3.0378766,0.037876576,1.0,0.0,2.0757532,1.0,3.0,0.0,0.0,1.0,0.037876576,0.0,0.0,0.0,0.0,0.0,0.037876576,0.0,1.0757532,0.0,0.0,0.0,1.0378766,1.0,0.0,0.0,0.0,1.0,2.0,1.0,0.0,0.07575315,0.0,0.0,0.0,0.0,0.037876576,0.0,0.0,0.0,0.0,0.037876576,0.0,0.037876576,0.0,0.0,0.0,0.0,0.0,0.0,0.0,0.0,0.0,0.0,0.0,0.0,0.0,0.0,0.0,0.0,0.0,0.0,0.0,0.0,0.0,0.037876576,0.0,0.037876576,0.0,0.0,0.0,0.0,0.0,0.0,0.037876576,0.0,0.0,0.037876576,2.0,0.0,0.0,0.0,0.0,0.0,0.0,0.0,0.0,0.0,0.0,0.1515063,0.0,0.0,0.0,2.0,0.0,0.0,0.0,0.0,0.0,0.0,0.0,0.0,1.0,0.0,0.0,0.0,0.0,0.0,0.0,0.0,0.0,0.0,0.07575315,2.0,0.0,0.0,0.0,0.0,0.0,0.0,0.037876576,0.0,0.0,0.0,0.0,0.07575315,0.0,0.0,0.0,0.0,0.0,0.07575315,0.037876576,0.0,0.0,0.0,0.0,1.0,0.0,0.0,0.0,0.0,0.0,1.0,0.0,0.0,0.0
3.675,0.27,2.54,0.0,0.135,0.0,0.27,0.135,1.675,0.865,0.0,0.135,0.0,0.0,0.0,0.0,0.0,0.0,0.0,0.0,0.54,0.0,0.0,0.0,0.54,0.135,0.0,0.0,0.0,0.135,0.27,0.27,0.0,0.0,0.0,0.0,0.0,0.0,0.405,0.0,0.0,0.0,0.0,0.405,0.0,0.0,0.0,0.0,0.0,0.0,0.0,0.0,0.0,0.0,0.0,0.0,0.0,0.0,0.0,0.0,0.0,0.0,0.0,0.0,0.0,0.0,0.0,0.0,0.0,0.0,0.0,0.0,0.0,0.0,0.0,0.0,0.0,0.0,0.0,0.0,0.27,0.0,0.0,0.0,0.0,0.0,0.0,0.0,0.0,0.0,0.0,0.0,0.0,0.0,0.0,0.27,0.0,0.0,0.0,0.0,0.0,0.0,0.0,0.0,0.135,0.0,0.0,0.0,0.0,0.0,0.0,0.0,0.0,0.0,0.0,0.27,0.0,0.0,0.0,0.0,0.0,0.0,0.0,0.0,0.0,0.0,0.0,0.81,0.0,0.0,0.0,0.0,0.0,0.0,0.0,0.0,0.0,0.0,0.0,0.135,0.0,0.0,0.0,0.0,0.0,0.135,0.0,0.0,0.0
21.0,4.0,2.0,3.0,0.0,1.0,4.0,0.0,0.0,1.0,1.0,1.0,3.0,0.0,0.0,0.0,0.0,1.0,1.0,0.0,1.0,1.0,0.0,0.0,1.0,0.0,1.0,0.0,0.0,0.0,0.0,0.0,0.0,1.0,0.0,1.0,0.0,0.0,0.0,0.0,1.0,0.0,0.0,0.0,0.0,1.0,0.0,0.0,0.0,0.0,0.0,0.0,0.0,0.0,0.0,0.0,0.0,0.0,0.0,0.0,0.0,0.0,0.0,0.0,1.0,0.0,0.0,0.0,0.0,0.0,0.0,0.0,0.0,0.0,0.0,0.0,0.0,0.0,0.0,0.0,0.0,0.0,1.0,0.0,0.0,0.0,0.0,0.0,0.0,0.0,0.0,0.0,0.0,0.0,0.0,0.0,1.0,0.0,1.0,0.0,0.0,0.0,0.0,0.0,0.0,0.0,0.0,0.0,0.0,0.0,0.0,0.0,0.0,0.0,0.0,0.0,0.0,0.0,0.0,0.0,0.0,0.0,0.0,0.0,0.0,0.0,0.0,0.0,0.0,0.0,0.0,0.0,0.0,0.0,0.0,0.0,0.0,0.0,0.0,0.0,0.0,0.0,0.0,0.0,0.0,0.0,0.0,0.0,0.0
3.345,0.23,2.23,0.0,0.115,0.0,0.23,0.115,1.23,0.885,0.0,0.115,0.0,0.0,0.0,0.0,0.0,0.0,0.0,0.0,0.23,0.0,0.0,0.0,0.23,0.115,0.0,0.0,0.0,0.115,0.23,0.115,0.0,0.0,0.0,0.0,0.0,0.0,0.115,0.0,0.0,0.0,0.0,0.115,0.0,0.0,0.0,0.0,0.0,0.0,0.0,0.0,0.0,0.0,0.0,0.0,0.0,0.0,0.0,0.0,0.0,0.0,0.0,0.0,0.0,0.0,0.0,0.0,0.0,0.0,0.0,0.0,0.0,0.0,0.0,0.0,0.0,0.0,0.0,0.0,0.23,0.0,0.0,0.0,0.0,0.0,0.0,0.0,0.0,0.0,0.0,0.0,0.0,0.0,0.0,0.23,0.0,0.0,0.0,0.0,0.0,0.0,0.0,0.0,0.115,0.0,0.0,0.0,0.0,0.0,0.0,0.0,0.0,0.0,0.0,0.23,0.0,0.0,0.0,0.0,0.0,0.0,0.0,0.0,0.0,0.0,0.0,0.23,0.0,0.0,0.0,0.0,0.0,0.0,0.0,0.0,0.0,0.0,0.0,0.115,0.0,0.0,0.0,0.0,0.0,0.115,0.0,0.0,0.0
28.0,0.0,14.0,0.0,0.0,0.0,0.0,0.0,8.0,4.0,4.0,0.0,0.0,0.0,4.0,0.0,0.0,0.0,0.0,0.0,0.0,0.0,0.0,0.0,0.0,0.0,0.0,0.0,0.0,0.0,0.0,0.0,0.0,0.0,0.0,0.0,0.0,0.0,0.0,0.0,0.0,0.0,0.0,0.0,0.0,0.0,0.0,0.0,4.0,0.0,4.0,0.0,0.0,0.0,0.0,0.0,0.0,0.0,0.0,0.0,0.0,0.0,0.0,0.0,0.0,0.0,0.0,0.0,0.0,0.0,0.0,0.0,0.0,0.0,0.0,0.0,0.0,0.0,0.0,0.0,0.0,0.0,0.0,0.0,0.0,0.0,0.0,0.0,0.0,0.0,0.0,0.0,0.0,4.0,0.0,0.0,0.0,0.0,0.0,0.0,0.0,0.0,3.0,0.0,0.0,0.0,0.0,0.0,0.0,0.0,0.0,0.0,0.0,0.0,0.0,0.0,0.0,0.0,0.0,0.0,0.0,0.0,0.0,0.0,0.0,0.0,0.0,0.0,0.0,0.0,0.0,0.0,0.0,0.0,0.0,0.0,0.0,2.0,0.0,0.0,0.0,0.0,0.0,0.0,0.0,0.0,0.0,0.0,0.0
2.0,1.0,1.0,0.0,0.0,0.0,1.0,0.0,0.0,0.0,0.0,0.0,0.0,0.0,0.0,0.0,0.0,0.0,0.0,0.0,1.0,0.0,0.0,0.0,0.0,0.0,0.0,0.0,0.0,0.0,0.0,0.0,0.0,0.0,0.0,0.0,0.0,0.0,0.0,0.0,0.0,0.0,0.0,0.0,0.0,0.0,0.0,0.0,0.0,0.0,0.0,0.0,0.0,0.0,0.0,0.0,0.0,0.0,0.0,0.0,0.0,0.0,0.0,0.0,0.0,0.0,0.0,0.0,0.0,0.0,0.0,0.0,0.0,0.0,0.0,0.0,0.0,0.0,0.0,0.0,0.0,0.0,0.0,0.0,0.0,0.0,0.0,0.0,0.0,0.0,0.0,0.0,0.0,0.0,0.0,0.0,0.0,0.0,0.0,0.0,0.0,0.0,0.0,0.0,0.0,0.0,0.0,0.0,0.0,0.0,0.0,0.0,0.0,0.0,0.0,0.0,0.0,0.0,0.0,0.0,0.0,0.0,0.0,0.0,0.0,0.0,0.0,0.0,0.0,0.0,0.0,0.0,0.0,0.0,0.0,0.0,0.0,0.0,0.0,0.0,0.0,0.0,0.0,0.0,0.0,0.0,0.0,0.0,0.0
3.72,0.24,2.12,0.12,0.12,0.24,0.12,0.12,1.0,0.88,0.0,0.0,0.0,0.12,0.0,0.0,0.0,0.0,0.0,0.0,0.12,0.0,0.0,0.12,0.0,0.12,0.0,0.0,0.0,0.12,0.0,0.0,0.0,0.0,0.0,0.0,0.0,0.0,0.0,0.0,0.0,0.0,0.12,0.0,0.0,0.0,0.12,0.0,0.0,0.0,0.0,0.0,0.0,0.0,0.0,0.0,0.0,0.0,0.0,0.0,0.0,0.0,0.0,0.0,0.0,0.0,0.0,0.0,0.0,0.0,0.0,0.0,0.0,0.0,0.0,0.0,0.0,0.0,0.0,0.0,0.0,0.0,0.0,0.0,0.0,0.0,0.0,0.0,0.0,0.0,0.0,0.0,0.0,0.0,0.0,0.0,0.0,0.0,0.0,0.0,0.0,0.0,0.0,0.0,0.0,0.0,0.0,0.0,0.0,0.0,0.0,0.0,0.0,0.0,0.0,0.0,0.0,0.0,0.0,0.0,0.0,0.0,0.0,0.0,0.0,0.0,0.0,0.0,0.0,0.0,0.0,0.0,0.0,0.0,0.0,0.0,0.0,0.0,0.0,0.0,0.0,0.0,0.0,0.0,0.0,0.0,0.0,0.0,0.0
15.843137,3.9215686,2.9803922,1.9803921,0.98039216,1.9803921,2.9411764,0.98039216,1.0,0.0,0.0,0.98039216,0.98039216,0.0,0.0,0.0,0.0,0.0,0.98039216,0.0,0.98039216,0.0,0.0,0.019607844,0.98039216,0.98039216,0.0,0.0,0.0,0.98039216,0.98039216,0.0,0.0,0.98039216,0.0,0.98039216,0.0,0.0,0.0,0.0,0.98039216,0.0,0.0,0.0,0.0,0.98039216,0.0,0.0,0.0,0.0,0.0,0.98039216,0.0,0.0,0.0,0.0,0.0,0.0,0.0,0.98039216,0.0,0.0,0.0,0.0,1.9607843,0.0,0.0,0.0,0.0,0.0,0.0,0.0,0.0,0.0,0.0,0.0,0.0,0.0,0.0,0.0,0.98039216,0.98039216,0.98039216,0.0,0.0,0.0,0.0,0.0,0.0,0.0,0.0,0.0,0.98039216,0.0,0.0,0.98039216,0.0,0.0,0.98039216,0.0,0.0,0.0,0.0,0.0,0.0,0.0,0.0,0.0,0.0,0.0,0.0,0.0,0.0,0.0,0.0,0.98039216,0.0,0.0,0.0,0.98039216,0.0,0.0,0.0,0.0,0.0,0.0,0.0,0.0,0.0,0.0,0.0,0.0,0.0,0.0,0.0,0.0,0.0,0.0,0.0,0.0,0.0,0.0,0.0,0.0,0.0,0.0,0.0,0.0,0.0
3.0,0.0,2.0,0.0,0.0,0.0,0.0,0.0,1.0,1.0,0.0,0.0,0.0,0.0,0.0,0.0,0.0,0.0,0.0,0.0,0.0,0.0,0.0,0.0,0.0,0.0,0.0,0.0,0.0,0.0,0.0,0.0,0.0,0.0,0.0,0.0,0.0,0.0,0.0,0.0,0.0,0.0,0.0,0.0,0.0,0.0,0.0,0.0,0.0,0.0,0.0,0.0,0.0,0.0,0.0,0.0,0.0,0.0,0.0,0.0,0.0,0.0,0.0,0.0,0.0,0.0,0.0,0.0,0.0,0.0,0.0,0.0,0.0,0.0,0.0,0.0,0.0,0.0,0.0,0.0,0.0,0.0,0.0,0.0,0.0,0.0,0.0,0.0,0.0,0.0,0.0,0.0,0.0,0.0,0.0,0.0,0.0,0.0,0.0,0.0,0.0,0.0,0.0,0.0,0.0,0.0,0.0,0.0,0.0,0.0,0.0,0.0,0.0,0.0,0.0,0.0,0.0,0.0,0.0,0.0,0.0,0.0,0.0,0.0,0.0,0.0,0.0,0.0,0.0,0.0,0.0,0.0,0.0,0.0,0.0,0.0,0.0,0.0,0.0,0.0,0.0,0.0,0.0,0.0,0.0,0.0,0.0,0.0,0.0
5.1,2.075,3.05,0.0,1.0,0.0,2.05,1.0,3.0,0.0,0.0,1.0,0.0,0.0,0.0,0.0,0.0,0.0,0.025,0.0,1.05,0.0,0.0,0.0,1.0,1.0,0.0,0.0,0.0,1.0,2.0,1.0,0.0,0.05,0.0,0.0,0.0,0.0,0.0,0.0,0.0,0.0,0.0,0.0,0.0,0.0,0.0,0.0,0.0,0.0,0.0,0.0,0.0,0.0,0.0,0.0,0.0,0.0,0.0,0.0,0.0,0.0,0.0,0.0,0.05,0.0,0.0,0.0,0.0,0.0,0.0,0.0,0.0,0.0,0.0,0.0,0.0,0.0,0.0,0.0,2.0,0.0,0.0,0.0,0.0,0.0,0.0,0.0,0.0,0.0,0.0,0.05,0.0,0.0,0.0,2.0,0.0,0.0,0.0,0.0,0.0,0.0,0.0,0.0,1.0,0.0,0.0,0.0,0.0,0.0,0.0,0.0,0.0,0.0,0.0,2.0,0.0,0.0,0.0,0.0,0.0,0.0,0.05,0.0,0.0,0.0,0.0,0.0,0.0,0.0,0.0,0.0,0.0,0.05,0.05,0.0,0.0,0.0,0.0,1.0,0.0,0.05,0.0,0.05,0.0,1.0,0.0,0.0,0.0
10.0,4.0,3.0,1.0,2.0,2.0,3.0,2.0,0.0,0.0,0.0,1.0,0.0,2.0,0.0,0.0,0.0,0.0,0.0,0.0,3.0,0.0,0.0,0.0,2.0,1.0,0.0,0.0,0.0,1.0,0.0,0.0,0.0,0.0,0.0,0.0,0.0,0.0,1.0,0.0,0.0,0.0,1.0,1.0,0.0,0.0,1.0,0.0,0.0,0.0,0.0,0.0,0.0,0.0,1.0,0.0,0.0,0.0,0.0,0.0,0.0,0.0,0.0,0.0,0.0,1.0,0.0,1.0,0.0,1.0,0.0,1.0,0.0,0.0,0.0,1.0,1.0,0.0,0.0,1.0,0.0,0.0,0.0,0.0,0.0,0.0,0.0,0.0,0.0,0.0,0.0,0.0,0.0,0.0,0.0,0.0,0.0,0.0,0.0,0.0,0.0,0.0,0.0,0.0,0.0,0.0,0.0,0.0,0.0,0.0,0.0,0.0,0.0,0.0,0.0,0.0,0.0,0.0,0.0,0.0,0.0,0.0,0.0,0.0,0.0,0.0,1.0,0.0,0.0,0.0,0.0,0.0,0.0,0.0,0.0,0.0,0.0,0.0,1.0,0.0,0.0,0.0,0.0,0.0,0.0,0.0,0.0,0.0,0.0
11.0,4.0,4.0,1.0,2.0,2.0,3.0,2.0,1.0,0.0,0.0,1.0,0.0,2.0,0.0,0.0,0.0,0.0,0.0,0.0,3.0,0.0,0.0,0.0,2.0,1.0,0.0,0.0,0.0,1.0,0.0,0.0,0.0,0.0,0.0,0.0,0.0,0.0,1.0,0.0,0.0,0.0,1.0,1.0,0.0,0.0,1.0,0.0,0.0,0.0,0.0,0.0,0.0,0.0,1.0,0.0,0.0,0.0,0.0,0.0,0.0,0.0,0.0,0.0,0.0,1.0,0.0,0.0,0.0,0.0,0.0,1.0,0.0,0.0,0.0,1.0,0.0,0.0,0.0,0.0,2.0,0.0,0.0,0.0,0.0,0.0,0.0,0.0,0.0,0.0,0.0,0.0,0.0,0.0,0.0,1.0,0.0,0.0,0.0,0.0,0.0,0.0,0.0,0.0,0.0,0.0,0.0,0.0,0.0,0.0,0.0,0.0,0.0,0.0,0.0,0.0,0.0,0.0,0.0,0.0,0.0,0.0,0.0,0.0,0.0,0.0,1.0,0.0,0.0,0.0,0.0,0.0,0.0,0.0,0.0,0.0,0.0,0.0,0.0,0.0,0.0,0.0,0.0,0.0,0.0,0.0,0.0,0.0,0.0
12.0,4.0,5.0,1.0,2.0,2.0,3.0,2.0,2.0,0.0,0.0,1.0,0.0,2.0,0.0,0.0,0.0,0.0,0.0,0.0,3.0,0.0,0.0,0.0,2.0,1.0,0.0,0.0,0.0,1.0,0.0,0.0,0.0,0.0,0.0,0.0,0.0,0.0,1.0,0.0,0.0,0.0,1.0,1.0,0.0,0.0,1.0,0.0,0.0,0.0,0.0,0.0,0.0,0.0,1.0,0.0,0.0,0.0,0.0,0.0,0.0,0.0,0.0,0.0,0.0,1.0,0.0,0.0,0.0,0.0,0.0,1.0,0.0,0.0,0.0,1.0,0.0,0.0,0.0,0.0,2.0,0.0,0.0,0.0,0.0,0.0,0.0,0.0,0.0,0.0,0.0,0.0,0.0,0.0,0.0,1.0,0.0,0.0,0.0,0.0,0.0,0.0,0.0,0.0,0.0,0.0,0.0,0.0,0.0,0.0,0.0,0.0,0.0,0.0,0.0,0.0,0.0,0.0,0.0,0.0,0.0,0.0,0.0,0.0,0.0,0.0,1.0,0.0,0.0,0.0,0.0,0.0,0.0,0.0,0.0,0.0,0.0,0.0,0.0,0.0,0.0,0.0,0.0,0.0,0.0,0.0,0.0,0.0,0.0
20.0,2.0,2.0,3.0,2.0,2.0,0.0,2.0,0.0,4.0,5.0,0.0,0.0,2.0,1.0,1.0,1.0,4.0,0.0,1.0,0.0,0.0,1.0,0.0,0.0,0.0,0.0,1.0,1.0,0.0,0.0,0.0,1.0,0.0,0.0,0.0,0.0,0.0,0.0,0.0,0.0,1.0,0.0,0.0,1.0,0.0,0.0,0.0,0.0,0.0,0.0,0.0,0.0,0.0,0.0,0.0,0.0,0.0,0.0,0.0,0.0,0.0,0.0,0.0,0.0,0.0,0.0,0.0,0.0,0.0,0.0,0.0,0.0,0.0,0.0,0.0,0.0,0.0,0.0,0.0,0.0,0.0,0.0,0.0,2.0,0.0,0.0,0.0,0.0,0.0,0.0,0.0,0.0,0.0,0.0,0.0,0.0,0.0,0.0,0.0,0.0,0.0,0.0,0.0,0.0,0.0,0.0,0.0,0.0,0.0,0.0,0.0,0.0,0.0,0.0,0.0,0.0,0.0,0.0,0.0,0.0,0.0,0.0,0.0,0.0,0.0,0.0,0.0,0.0,0.0,0.0,0.0,0.0,0.0,0.0,0.0,0.0,0.0,0.0,0.0,0.0,0.0,0.0,0.0,0.0,0.0,0.0,0.0,0.0
6.0,1.0,5.0,0.0,1.0,0.0,0.0,1.0,4.0,1.0,1.0,0.0,0.0,0.0,1.0,0.0,0.0,0.0,0.0,0.0,0.0,0.0,0.0,0.0,0.0,0.0,0.0,0.0,0.0,0.0,1.0,0.0,0.0,0.0,0.0,0.0,0.0,0.0,0.0,0.0,0.0,0.0,0.0,0.0,0.0,0.0,0.0,0.0,1.0,0.0,2.0,0.0,0.0,0.0,0.0,0.0,0.0,0.0,0.0,0.0,1.0,0.0,0.0,0.0,0.0,0.0,0.0,0.0,0.0,0.0,0.0,0.0,0.0,0.0,0.0,0.0,0.0,0.0,0.0,0.0,0.0,0.0,0.0,0.0,0.0,0.0,0.0,0.0,0.0,0.0,0.0,0.0,0.0,1.0,0.0,0.0,0.0,0.0,0.0,0.0,0.0,0.0,0.0,0.0,0.0,0.0,0.0,0.0,0.0,0.0,0.0,0.0,0.0,0.0,0.0,0.0,0.0,0.0,0.0,0.0,0.0,0.0,0.0,0.0,0.0,0.0,0.0,0.0,0.0,0.0,0.0,0.0,0.0,0.0,0.0,0.0,1.0,0.0,0.0,0.0,0.0,0.0,0.0,0.0,0.0,0.0,0.0,0.0,0.0
8.0,4.0,4.0,0.0,1.0,0.0,4.0,1.0,1.0,1.0,3.0,1.0,0.0,0.0,3.0,3.0,6.0,0.0,0.0,0.0,3.0,0.0,0.0,0.0,1.0,1.0,0.0,0.0,0.0,1.0,1.0,0.0,0.0,0.0,3.0,0.0,0.0,0.0,0.0,0.0,0.0,0.0,0.0,0.0,0.0,0.0,0.0,1.0,1.0,3.0,0.0,0.0,0.0,0.0,0.0,0.0,0.0,2.0,3.0,0.0,0.0,0.0,0.0,0.0,0.0,0.0,0.0,0.0,0.0,0.0,0.0,0.0,0.0,0.0,0.0,0.0,0.0,0.0,0.0,0.0,1.0,0.0,0.0,0.0,0.0,0.0,0.0,0.0,0.0,0.0,0.0,0.0,0.0,0.0,0.0,1.0,0.0,0.0,0.0,0.0,0.0,0.0,0.0,0.0,0.0,0.0,0.0,0.0,0.0,0.0,0.0,0.0,0.0,0.0,0.0,1.0,0.0,0.0,0.0,0.0,0.0,0.0,0.0,0.0,0.0,0.0,0.0,0.0,0.0,0.0,0.0,0.0,0.0,0.0,0.0,0.0,0.0,0.0,0.0,0.0,0.0,0.0,0.0,0.0,0.0,0.0,0.0,0.0,0.0
12.0,4.0,5.0,1.0,2.0,2.0,3.0,2.0,2.0,0.0,0.0,1.0,0.0,2.0,0.0,0.0,0.0,0.0,0.0,0.0,3.0,0.0,0.0,0.0,2.0,1.0,0.0,0.0,0.0,1.0,0.0,0.0,0.0,0.0,0.0,0.0,0.0,0.0,1.0,0.0,0.0,0.0,1.0,1.0,0.0,0.0,1.0,0.0,0.0,0.0,0.0,0.0,0.0,0.0,1.0,0.0,0.0,0.0,0.0,0.0,0.0,0.0,0.0,0.0,0.0,1.0,0.0,0.0,0.0,0.0,0.0,1.0,0.0,0.0,0.0,1.0,0.0,0.0,0.0,0.0,2.0,0.0,0.0,0.0,0.0,0.0,0.0,0.0,0.0,0.0,0.0,0.0,0.0,0.0,0.0,1.0,0.0,0.0,0.0,0.0,0.0,0.0,0.0,0.0,0.0,0.0,0.0,0.0,0.0,0.0,0.0,0.0,0.0,0.0,0.0,0.0,0.0,0.0,0.0,0.0,0.0,0.0,0.0,0.0,0.0,0.0,1.0,0.0,0.0,0.0,0.0,0.0,0.0,0.0,0.0,0.0,0.0,0.0,0.0,0.0,0.0,0.0,0.0,0.0,0.0,0.0,0.0,0.0,0.0
5.4119205,2.2353833,3.0588458,0.05884581,1.0,0.0,2.1176915,1.0,3.0,0.0,0.0,1.0,0.05884581,0.0,0.0,0.0,0.0,0.0,0.05884581,0.0,1.1176916,0.0,0.0,0.0,1.0588458,1.0,0.0,0.0,0.0,1.0,2.0,1.0,0.0,0.11769162,0.0,0.0,0.0,0.0,0.05884581,0.0,0.0,0.0,0.0,0.05884581,0.0,0.05884581,0.0,0.0,0.0,0.0,0.0,0.0,0.0,0.0,0.0,0.0,0.0,0.0,0.0,0.0,0.0,0.0,0.0,0.0,0.0,0.0,0.0,0.05884581,0.0,0.05884581,0.0,0.0,0.0,0.0,0.0,0.0,0.05884581,0.0,0.0,0.05884581,2.0,0.0,0.0,0.0,0.0,0.0,0.0,0.0,0.0,0.0,0.0,0.23538324,0.0,0.0,0.0,2.0,0.0,0.0,0.0,0.0,0.0,0.0,0.0,0.0,1.0,0.0,0.0,0.0,0.0,0.0,0.0,0.0,0.0,0.0,0.11769162,2.0,0.0,0.0,0.0,0.0,0.0,0.0,0.05884581,0.0,0.0,0.0,0.0,0.11769162,0.0,0.0,0.0,0.0,0.0,0.11769162,0.05884581,0.0,0.0,0.0,0.0,1.0,0.0,0.0,0.0,0.0,0.0,1.0,0.0,0.0,0.0
6.9,1.81,2.81,0.38,0.81,0.0,1.62,0.81,2.62,0.0,0.0,0.81,0.0,0.0,0.0,0.0,0.0,0.0,0.19,0.0,0.81,0.0,0.0,0.0,0.81,0.81,0.0,0.0,0.0,0.81,1.62,0.81,0.0,0.0,0.0,0.38,0.0,0.0,0.0,0.0,0.38,0.0,0.0,0.0,0.0,0.0,0.0,0.0,0.0,0.0,0.0,0.57,0.0,0.0,0.0,0.0,0.0,0.0,0.0,0.57,0.0,0.0,0.0,0.0,0.0,0.0,0.0,0.0,0.0,0.0,0.0,0.0,0.0,0.0,0.0,0.0,0.0,0.0,0.0,0.0,1.62,0.0,0.0,0.0,0.0,0.0,0.0,0.0,0.0,0.0,0.0,0.0,0.0,0.0,0.0,1.62,0.0,0.0,0.0,0.0,0.19,0.0,0.0,0.0,0.81,0.0,0.0,0.0,0.0,0.0,0.19,0.0,0.0,0.0,0.0,1.62,0.0,0.0,0.0,0.0,0.0,0.0,0.0,0.0,0.0,0.0,0.0,0.0,0.0,0.0,0.0,0.0,0.0,0.0,0.0,0.0,0.0,0.0,0.0,0.81,0.0,0.0,0.0,0.0,0.0,0.81,0.0,0.0,0.0
8.344566,0.68913203,2.172283,0.9138585,0.086141504,0.9138585,0.51684904,0.086141504,1.172283,0.086141504,0.25842452,0.086141504,0.0,0.0,0.086141504,0.25842452,0.17228301,0.0,0.17228301,0.0,0.17228301,0.0,0.0,0.9138585,0.17228301,0.086141504,0.0,0.0,0.0,0.086141504,0.17228301,0.086141504,0.0,0.34456602,0.0,0.0,0.0,0.0,0.086141504,0.0,0.0,0.0,0.0,0.086141504,0.0,0.0,0.0,0.086141504,0.0,0.086141504,0.0,0.0,0.0,0.0,0.0,0.0,0.0,0.0,0.0,0.0,0.0,0.0,0.0,0.0,0.34456602,0.0,0.0,0.0,0.0,0.0,0.0,0.0,0.0,0.0,0.0,0.0,0.0,0.0,0.0,0.0,0.17228301,0.0,0.0,0.0,0.0,0.0,0.0,0.0,0.0,0.0,0.0,0.34456602,0.0,0.0,0.0,0.17228301,0.0,0.0,0.0,0.0,0.0,0.0,0.0,0.0,0.086141504,0.0,0.0,0.0,0.0,0.0,0.0,0.0,0.0,0.0,0.0,0.17228301,0.0,0.0,0.0,0.0,0.0,0.0,0.0,0.0,0.0,0.0,0.0,0.17228301,0.0,0.0,0.0,0.0,0.0,0.0,0.0,0.0,0.0,0.0,0.0,0.086141504,0.0,0.34456602,0.0,0.0,0.0,0.086141504,0.0,0.0,0.0
14.5,2.0,9.0,1.0,1.0,2.0,1.0,1.0,9.5,0.0,0.0,0.0,0.0,0.0,0.0,0.0,0.0,0.0,0.0,0.0,1.0,0.0,0.0,3.0,0.0,0.0,0.0,0.0,0.0,0.0,1.0,2.5,0.0,0.0,0.0,0.0,0.5,0.0,0.0,0.0,0.0,0.0,1.0,0.0,0.0,0.0,1.0,0.0,0.0,0.0,8.0,0.0,0.0,0.0,0.0,0.0,0.0,0.0,0.0,0.0,1.0,0.0,1.0,0.0,0.0,0.0,0.5,0.0,0.0,0.0,0.0,0.0,0.0,0.0,0.0,0.0,0.0,0.0,0.0,0.0,0.0,0.0,0.0,0.0,0.0,0.0,0.0,0.0,0.0,0.0,0.0,0.0,0.0,0.0,0.0,0.0,0.0,4.0,0.0,0.0,0.0,0.0,0.0,0.0,0.0,0.0,0.0,0.0,0.0,0.0,0.0,0.0,0.0,0.0,0.0,0.0,0.0,0.0,0.0,0.0,0.0,0.0,0.0,0.0,0.0,0.0,0.0,0.0,0.0,0.0,0.0,0.0,0.0,0.0,0.0,0.0,0.0,0.0,0.0,0.0,0.0,0.0,0.0,0.0,0.0,0.0,0.0,0.0,0.0
23.0,4.0,12.0,2.0,2.0,2.0,3.0,2.0,15.0,0.0,0.0,1.0,2.0,0.0,0.0,0.0,0.0,0.0,0.0,0.0,1.0,1.0,0.0,6.0,1.0,1.0,2.0,0.0,0.0,1.0,2.0,5.0,0.0,0.0,0.0,0.0,1.0,0.0,0.0,0.0,0.0,0.0,0.0,0.0,0.0,0.0,0.0,0.0,0.0,0.0,12.0,0.0,6.0,0.0,0.0,1.0,0.0,0.0,0.0,0.0,2.0,0.0,2.0,2.0,0.0,0.0,1.0,0.0,0.0,0.0,0.0,0.0,0.0,1.0,0.0,0.0,0.0,0.0,0.0,0.0,1.0,0.0,0.0,0.0,0.0,2.0,3.0,0.0,0.0,0.0,1.0,0.0,0.0,0.0,0.0,1.0,1.0,8.0,0.0,0.0,0.0,0.0,0.0,0.0,0.0,0.0,0.0,0.0,0.0,0.0,0.0,0.0,0.0,0.0,0.0,1.0,0.0,0.0,0.0,0.0,1.0,0.0,0.0,0.0,0.0,0.0,0.0,0.0,0.0,0.0,0.0,0.0,0.0,0.0,0.0,0.0,0.0,0.0,0.0,0.0,0.0,0.0,0.0,0.0,0.0,0.0,0.0,0.0,0.0
16.0,4.0,4.0,2.0,2.0,4.0,3.0,2.0,0.0,0.0,0.0,1.0,0.0,2.0,0.0,0.0,0.0,0.0,0.0,0.0,3.0,0.0,0.0,0.0,2.0,1.0,0.0,0.0,0.0,1.0,0.0,0.0,0.0,0.0,0.0,0.0,0.0,0.0,1.0,0.0,0.0,0.0,2.0,1.0,0.0,0.0,3.0,0.0,0.0,0.0,0.0,0.0,0.0,0.0,1.0,0.0,0.0,0.0,0.0,0.0,0.0,0.0,0.0,0.0,0.0,2.0,0.0,0.0,0.0,0.0,0.0,1.0,0.0,0.0,0.0,1.0,0.0,0.0,0.0,0.0,0.0,0.0,0.0,0.0,0.0,0.0,0.0,0.0,0.0,0.0,0.0,0.0,0.0,0.0,0.0,0.0,0.0,0.0,0.0,0.0,0.0,0.0,0.0,0.0,0.0,0.0,0.0,0.0,0.0,0.0,0.0,0.0,0.0,0.0,0.0,0.0,0.0,0.0,0.0,0.0,0.0,0.0,0.0,0.0,0.0,0.0,1.0,0.0,0.0,0.0,0.0,0.0,0.0,0.0,0.0,0.0,0.0,0.0,0.0,0.0,0.0,0.0,0.0,0.0,0.0,0.0,0.0,0.0,0.0
5.2535553,2.0579555,3.0072443,0.043466642,1.0,0.0144888805,2.0434666,1.0,2.9927557,0.0,0.0,1.0,0.043466642,0.0,0.0,0.0,0.0,0.0,0.0144888805,0.0,1.0144889,0.0,0.0,0.0144888805,1.0144889,1.0,0.0144888805,0.0,0.0,1.0,1.9927555,0.99275553,0.0,0.043466642,0.0,0.0,0.0072444403,0.0,0.0144888805,0.0,0.0,0.0,0.0,0.0144888805,0.0,0.043466642,0.0144888805,0.0,0.0,0.0,0.0,0.0,0.0144888805,0.0,0.0,0.0,0.0,0.0,0.0,0.0,0.0,0.0,0.0,0.0144888805,0.0,0.0144888805,0.0,0.0,0.0,0.0,0.0,0.0,0.0,0.0072444403,0.0,0.0,0.0,0.0,0.0,0.0,1.9927555,0.0,0.0,0.0,0.0,0.0,0.0,0.0,0.0,0.0,0.0,0.086933285,0.0,0.0,0.0,1.9927555,0.0,0.0,0.0,0.0,0.0,0.0,0.0,0.0,0.99275553,0.0,0.0144888805,0.0,0.0,0.0,0.0,0.0,0.0,0.0,0.086933285,1.9927555,0.0,0.0,0.0,0.0,0.0,0.0,0.0,0.0,0.0,0.0,0.0,0.0144888805,0.0,0.0,0.0,0.0,0.0,0.0,0.0,0.0,0.0,0.0,0.0,0.99275553,0.0,0.0,0.0,0.0,0.0,0.99275553,0.0,0.0,0.0
7.73,2.39,3.39,0.39,0.61,0.39,2.0,0.61,2.22,0.0,0.0,0.61,0.0,0.0,0.0,0.0,0.0,0.0,0.39,0.0,1.39,0.0,0.0,0.39,0.61,0.61,0.0,0.0,0.0,0.61,1.22,0.61,0.0,0.78,0.0,0.0,0.0,0.0,0.0,0.0,0.0,0.0,0.0,0.0,0.0,0.0,0.0,0.0,0.0,0.0,0.0,0.0,0.0,0.0,0.0,0.0,0.0,0.0,0.0,0.0,0.0,0.0,0.0,0.0,0.78,0.0,0.0,0.0,0.0,0.0,0.0,0.0,0.0,0.0,0.0,0.0,0.0,0.0,0.0,0.0,1.22,0.0,0.0,0.0,0.0,0.0,0.0,0.0,0.0,0.0,0.0,0.78,0.0,0.0,0.0,1.22,0.0,0.0,0.0,0.0,0.0,0.0,0.0,0.0,0.61,0.0,0.0,0.0,0.0,0.0,0.0,0.0,0.0,0.0,0.0,1.22,0.0,0.0,0.0,0.0,0.0,0.0,0.78,0.0,0.0,0.0,0.0,0.0,0.0,0.0,0.0,0.0,0.0,0.78,0.78,0.0,0.0,0.0,0.0,0.61,0.0,0.78,0.0,0.78,0.0,0.61,0.0,0.0,0.0
8.138191,0.0,2.0,1.0,0.0,1.0,0.0,0.0,1.0,0.0,0.0,0.0,0.0,0.0,0.0,0.0,0.0,0.0,0.0,0.0,0.0,0.0,0.0,1.0,0.0,0.0,0.0,0.0,0.0,0.0,0.0,0.0,0.0,0.0,0.0,0.0,0.0,0.0,0.0,0.0,0.0,0.0,0.0,0.0,0.0,0.0,0.0,0.0,0.0,0.0,0.0,0.0,0.0,0.0,0.0,0.0,0.0,0.0,0.0,0.0,0.0,0.0,0.0,0.0,0.0,0.0,0.0,0.0,0.0,0.0,0.0,0.0,0.0,0.0,0.0,0.0,0.0,0.0,0.0,0.0,0.0,0.0,0.0,0.0,0.0,0.0,0.0,0.0,0.0,0.0,0.0,0.0,0.0,0.0,0.0,0.0,0.0,0.0,0.0,0.0,0.0,0.0,0.0,0.0,0.0,0.0,0.0,0.0,0.0,0.0,0.0,0.0,0.0,0.0,0.0,0.0,0.0,0.0,0.0,0.0,0.0,0.0,0.0,0.0,0.0,0.0,0.0,0.0,0.0,0.0,0.0,0.0,0.0,0.0,0.0,0.0,0.0,0.0,0.0,0.0,0.0,0.0,0.0,0.0,0.0,0.0,0.0,0.0,0.0
4.48,0.592,3.184,0.0,0.296,0.0,0.592,0.296,2.48,0.704,0.0,0.296,0.0,0.0,0.0,0.0,0.0,0.0,0.0,0.0,1.184,0.0,0.0,0.0,1.184,0.296,0.0,0.0,0.0,0.296,0.592,0.592,0.0,0.0,0.0,0.0,0.0,0.0,0.888,0.0,0.0,0.0,0.0,0.888,0.0,0.0,0.0,0.0,0.0,0.0,0.0,0.0,0.0,0.0,0.0,0.0,0.0,0.0,0.0,0.0,0.0,0.0,0.0,0.0,0.0,0.0,0.0,0.0,0.0,0.0,0.0,0.0,0.0,0.0,0.0,0.0,0.0,0.0,0.0,0.0,0.592,0.0,0.0,0.0,0.0,0.0,0.0,0.0,0.0,0.0,0.0,0.0,0.0,0.0,0.0,0.592,0.0,0.0,0.0,0.0,0.0,0.0,0.0,0.0,0.296,0.0,0.0,0.0,0.0,0.0,0.0,0.0,0.0,0.0,0.0,0.592,0.0,0.0,0.0,0.0,0.0,0.0,0.0,0.0,0.0,0.0,0.0,1.776,0.0,0.0,0.0,0.0,0.0,0.0,0.0,0.0,0.0,0.0,0.0,0.296,0.0,0.0,0.0,0.0,0.0,0.296,0.0,0.0,0.0
3.105,0.042,2.084,0.0,0.021,0.0,0.042,0.021,1.105,0.979,0.0,0.021,0.0,0.0,0.0,0.0,0.0,0.0,0.0,0.0,0.084,0.0,0.0,0.0,0.084,0.021,0.0,0.0,0.0,0.021,0.042,0.042,0.0,0.0,0.0,0.0,0.0,0.0,0.063,0.0,0.0,0.0,0.0,0.063,0.0,0.0,0.0,0.0,0.0,0.0,0.0,0.0,0.0,0.0,0.0,0.0,0.0,0.0,0.0,0.0,0.0,0.0,0.0,0.0,0.0,0.0,0.0,0.0,0.0,0.0,0.0,0.0,0.0,0.0,0.0,0.0,0.0,0.0,0.0,0.0,0.042,0.0,0.0,0.0,0.0,0.0,0.0,0.0,0.0,0.0,0.0,0.0,0.0,0.0,0.0,0.042,0.0,0.0,0.0,0.0,0.0,0.0,0.0,0.0,0.021,0.0,0.0,0.0,0.0,0.0,0.0,0.0,0.0,0.0,0.0,0.042,0.0,0.0,0.0,0.0,0.0,0.0,0.0,0.0,0.0,0.0,0.0,0.126,0.0,0.0,0.0,0.0,0.0,0.0,0.0,0.0,0.0,0.0,0.0,0.021,0.0,0.0,0.0,0.0,0.0,0.021,0.0,0.0,0.0
21.0,5.0,7.0,2.0,1.0,2.0,5.0,1.0,7.0,0.0,0.0,1.0,2.0,0.0,0.0,0.0,0.0,0.0,0.0,0.0,3.0,0.0,0.0,6.0,1.0,1.0,2.0,0.0,0.0,1.0,0.0,4.0,0.0,0.0,0.0,0.0,1.0,0.0,0.0,0.0,0.0,0.0,0.0,0.0,0.0,0.0,0.0,0.0,0.0,0.0,0.0,0.0,6.0,0.0,0.0,0.0,0.0,0.0,0.0,0.0,0.0,0.0,2.0,2.0,0.0,0.0,1.0,0.0,0.0,0.0,0.0,0.0,0.0,1.0,0.0,0.0,0.0,0.0,0.0,0.0,1.0,0.0,0.0,0.0,0.0,2.0,0.0,0.0,0.0,0.0,1.0,0.0,0.0,0.0,0.0,0.0,0.0,0.0,0.0,0.0,0.0,0.0,0.0,0.0,0.0,0.0,0.0,0.0,0.0,0.0,0.0,0.0,0.0,0.0,0.0,0.0,0.0,0.0,0.0,0.0,0.0,0.0,0.0,0.0,1.0,0.0,0.0,0.0,0.0,0.0,0.0,0.0,0.0,0.0,0.0,0.0,0.0,0.0,0.0,0.0,0.0,0.0,0.0,0.0,0.0,0.0,0.0,0.0,0.0
5.3,2.1,2.9,0.1,0.9,0.1,1.8,0.9,2.8,0.0,0.0,0.9,0.0,0.0,0.0,0.0,0.0,0.0,0.1,0.0,0.9,0.0,0.0,0.1,0.9,0.9,0.0,0.0,0.0,0.9,1.8,0.9,0.0,0.0,0.0,0.0,0.0,0.0,0.0,0.0,0.0,0.0,0.0,0.0,0.0,0.0,0.0,0.0,0.0,0.0,0.0,0.0,0.0,0.0,0.0,0.0,0.0,0.0,0.0,0.0,0.0,0.0,0.0,0.0,0.2,0.0,0.0,0.0,0.0,0.0,0.0,0.0,0.0,0.0,0.0,0.0,0.0,0.0,0.0,0.0,1.8,0.0,0.0,0.0,0.0,0.0,0.0,0.0,0.0,0.0,0.0,0.0,0.0,0.0,0.0,1.8,0.0,0.0,0.0,0.0,0.0,0.0,0.0,0.0,0.9,0.0,0.0,0.0,0.0,0.0,0.0,0.0,0.0,0.0,0.0,1.8,0.0,0.0,0.0,0.0,0.0,0.0,0.0,0.0,0.0,0.0,0.0,0.0,0.0,0.0,0.0,0.0,0.0,0.0,0.0,0.0,0.0,0.0,0.0,0.9,0.0,0.0,0.0,0.0,0.0,0.9,0.0,0.0,0.0
5.3980384,2.0723705,3.0,0.07237061,1.0,0.07237061,2.0361853,1.0,2.9276295,0.0,0.0,1.0,0.036185306,0.0,0.0,0.0,0.0,0.0,0.036185306,0.0,1.0,0.0,0.0,0.0,1.0,1.0,0.0,0.0,0.0,1.0,1.9638147,0.9638147,0.0,0.036185306,0.0,0.036185306,0.0,0.0,0.0,0.0,0.036185306,0.0,0.0,0.0,0.0,0.036185306,0.0,0.0,0.0,0.0,0.0,0.036185306,0.0,0.0,0.0,0.0,0.0,0.0,0.0,0.036185306,0.0,0.0,0.0,0.0,0.07237061,0.0,0.0,0.0,0.0,0.0,0.0,0.0,0.0,0.0,0.0,0.0,0.0,0.0,0.0,0.0,1.9638147,0.036185306,0.036185306,0.0,0.0,0.0,0.0,0.0,0.0,0.0,0.0,0.0,0.036185306,0.0,0.0,1.9638147,0.0,0.0,0.036185306,0.0,0.0,0.0,0.0,0.0,0.9638147,0.0,0.0,0.0,0.0,0.0,0.0,0.0,0.0,0.0,0.0,1.9638147,0.0,0.0,0.0,0.036185306,0.0,0.0,0.0,0.0,0.0,0.0,0.0,0.0,0.0,0.0,0.0,0.0,0.0,0.0,0.0,0.0,0.0,0.0,0.0,0.9638147,0.0,0.0,0.0,0.0,0.0,0.9638147,0.0,0.0,0.0
8.0678,0.1808,2.0226,0.9774,0.0226,0.9774,0.1356,0.0226,1.0,0.0226,0.0678,0.0226,0.0,0.0,0.0226,0.0678,0.0452,0.0,0.0452,0.0,0.0452,0.0,0.0,0.9774,0.0452,0.0226,0.0,0.0,0.0,0.0226,0.0226,0.0,0.0,0.0904,0.0,0.0,0.0,0.0,0.0226,0.0,0.0,0.0,0.0,0.0226,0.0,0.0,0.0,0.0226,0.0,0.0226,0.0,0.0,0.0,0.0,0.0,0.0,0.0,0.0,0.0,0.0,0.0,0.0,0.0,0.0,0.0904,0.0,0.0,0.0,0.0,0.0,0.0,0.0,0.0,0.0,0.0,0.0,0.0,0.0,0.0,0.0,0.0226,0.0,0.0,0.0,0.0,0.0,0.0,0.0,0.0,0.0,0.0,0.0904,0.0,0.0,0.0,0.0226,0.0,0.0,0.0,0.0,0.0,0.0,0.0,0.0,0.0,0.0,0.0,0.0,0.0,0.0,0.0,0.0,0.0,0.0,0.0,0.0226,0.0,0.0,0.0,0.0,0.0,0.0,0.0,0.0,0.0,0.0,0.0,0.0226,0.0,0.0,0.0,0.0,0.0,0.0,0.0,0.0,0.0,0.0,0.0,0.0,0.0,0.0904,0.0,0.0,0.0,0.0,0.0,0.0,0.0
6.0,1.0,5.0,0.0,1.0,0.0,0.0,1.0,4.0,1.0,1.0,0.0,0.0,0.0,1.0,0.0,0.0,0.0,0.0,0.0,0.0,0.0,0.0,0.0,0.0,0.0,0.0,0.0,0.0,0.0,1.0,0.0,0.0,0.0,0.0,0.0,0.0,0.0,0.0,0.0,0.0,0.0,0.0,0.0,0.0,0.0,0.0,0.0,1.0,0.0,2.0,0.0,0.0,0.0,0.0,0.0,0.0,0.0,0.0,0.0,1.0,0.0,0.0,0.0,0.0,0.0,0.0,0.0,0.0,0.0,0.0,0.0,0.0,0.0,0.0,0.0,0.0,0.0,0.0,0.0,0.0,0.0,0.0,0.0,0.0,0.0,0.0,0.0,0.0,0.0,0.0,0.0,0.0,1.0,0.0,0.0,0.0,0.0,0.0,0.0,0.0,0.0,0.0,0.0,0.0,0.0,0.0,0.0,0.0,0.0,0.0,0.0,0.0,0.0,0.0,0.0,0.0,0.0,0.0,0.0,0.0,0.0,0.0,0.0,0.0,0.0,0.0,0.0,0.0,0.0,0.0,0.0,0.0,0.0,0.0,0.0,1.0,0.0,0.0,0.0,0.0,0.0,0.0,0.0,0.0,0.0,0.0,0.0,0.0
11.0,2.0,9.0,0.0,2.0,0.0,0.0,2.0,7.0,2.0,3.0,0.0,0.0,0.0,3.0,1.0,2.0,0.0,0.0,1.0,0.0,0.0,0.0,0.0,0.0,0.0,0.0,0.0,0.0,0.0,2.0,0.0,0.0,0.0,1.0,0.0,0.0,1.0,0.0,0.0,0.0,0.0,0.0,0.0,0.0,0.0,0.0,0.0,3.0,0.0,3.0,0.0,0.0,0.0,0.0,0.0,0.0,2.0,0.0,0.0,2.0,0.0,0.0,0.0,0.0,0.0,0.0,0.0,0.0,0.0,0.0,0.0,1.0,0.0,0.0,0.0,0.0,0.0,0.0,0.0,0.0,0.0,0.0,0.0,0.0,0.0,0.0,0.0,0.0,0.0,0.0,0.0,0.0,3.0,0.0,0.0,0.0,0.0,0.0,0.0,0.0,0.0,0.0,0.0,0.0,0.0,0.0,0.0,0.0,0.0,0.0,0.0,0.0,0.0,0.0,0.0,0.0,0.0,0.0,0.0,0.0,0.0,0.0,0.0,0.0,0.0,0.0,0.0,0.0,0.0,0.0,0.0,2.0,0.0,0.0,2.0,1.0,0.0,0.0,0.0,0.0,0.0,0.0,0.0,1.0,0.0,0.0,0.0,0.0
27.0,4.0,9.0,2.0,2.0,0.0,4.0,2.0,8.0,3.0,3.0,2.0,2.0,0.0,1.0,1.0,1.0,2.0,0.0,1.0,0.0,2.0,1.0,0.0,0.0,0.0,0.0,1.0,0.0,0.0,2.0,0.0,0.0,0.0,0.0,0.0,0.0,0.0,0.0,0.0,0.0,0.0,0.0,0.0,0.0,0.0,0.0,0.0,1.0,0.0,6.0,0.0,0.0,0.0,0.0,0.0,0.0,1.0,0.0,0.0,2.0,0.0,0.0,0.0,0.0,0.0,0.0,0.0,0.0,0.0,0.0,0.0,1.0,0.0,0.0,0.0,0.0,0.0,0.0,0.0,0.0,0.0,0.0,0.0,0.0,0.0,0.0,0.0,0.0,0.0,0.0,0.0,0.0,1.0,0.0,0.0,0.0,0.0,0.0,0.0,0.0,0.0,0.0,0.0,0.0,0.0,0.0,0.0,0.0,0.0,0.0,0.0,0.0,0.0,0.0,0.0,0.0,0.0,0.0,0.0,0.0,0.0,0.0,0.0,0.0,0.0,0.0,0.0,0.0,0.0,0.0,0.0,0.0,0.0,0.0,0.0,0.0,0.0,0.0,0.0,0.0,0.0,0.0,0.0,0.0,0.0,0.0,0.0,0.0
3.063,0.045,2.027,0.0,0.009,0.0,0.036,0.009,1.0,1.0,0.018,0.009,0.0,0.0,0.009,0.009,0.009,0.0,0.009,0.0,0.036,0.0,0.0,0.0,0.018,0.009,0.0,0.0,0.0,0.009,0.009,0.0,0.0,0.018,0.0,0.0,0.0,0.0,0.009,0.0,0.0,0.0,0.0,0.009,0.0,0.0,0.0,0.0,0.0,0.0,0.0,0.0,0.0,0.0,0.0,0.0,0.0,0.0,0.0,0.0,0.0,0.0,0.0,0.0,0.0,0.0,0.0,0.0,0.0,0.0,0.0,0.0,0.0,0.0,0.0,0.0,0.0,0.0,0.0,0.0,0.009,0.0,0.0,0.0,0.0,0.0,0.0,0.0,0.0,0.0,0.0,0.018,0.0,0.0,0.0,0.009,0.0,0.0,0.0,0.0,0.0,0.0,0.0,0.0,0.0,0.0,0.0,0.0,0.0,0.0,0.0,0.0,0.0,0.0,0.0,0.009,0.0,0.0,0.0,0.0,0.0,0.0,0.018,0.0,0.0,0.0,0.0,0.009,0.0,0.0,0.0,0.0,0.0,0.018,0.018,0.0,0.0,0.0,0.0,0.0,0.0,0.0,0.0,0.0,0.0,0.0,0.0,0.0,0.0
4.038,0.346,2.173,0.173,0.173,0.346,0.173,0.173,1.0,0.827,0.0,0.0,0.0,0.173,0.0,0.0,0.0,0.0,0.0,0.0,0.173,0.0,0.0,0.173,0.0,0.173,0.0,0.0,0.0,0.173,0.0,0.0,0.0,0.0,0.0,0.0,0.0,0.0,0.0,0.0,0.0,0.0,0.173,0.0,0.0,0.0,0.173,0.0,0.0,0.0,0.0,0.0,0.0,0.0,0.0,0.0,0.0,0.0,0.0,0.0,0.0,0.0,0.0,0.0,0.0,0.0,0.0,0.0,0.0,0.0,0.0,0.0,0.0,0.0,0.0,0.0,0.0,0.0,0.0,0.0,0.0,0.0,0.0,0.0,0.0,0.0,0.0,0.0,0.0,0.0,0.0,0.0,0.0,0.0,0.0,0.0,0.0,0.0,0.0,0.0,0.0,0.0,0.0,0.0,0.0,0.0,0.0,0.0,0.0,0.0,0.0,0.0,0.0,0.0,0.0,0.0,0.0,0.0,0.0,0.0,0.0,0.0,0.0,0.0,0.0,0.0,0.0,0.0,0.0,0.0,0.0,0.0,0.0,0.0,0.0,0.0,0.0,0.0,0.0,0.0,0.0,0.0,0.0,0.0,0.0,0.0,0.0,0.0,0.0
3.077,0.055,2.033,0.0,0.011,0.0,0.044,0.011,1.0,1.0,0.022,0.011,0.0,0.0,0.011,0.011,0.011,0.0,0.011,0.0,0.044,0.0,0.0,0.0,0.022,0.011,0.0,0.0,0.0,0.011,0.011,0.0,0.0,0.022,0.0,0.0,0.0,0.0,0.011,0.0,0.0,0.0,0.0,0.011,0.0,0.0,0.0,0.0,0.0,0.0,0.0,0.0,0.0,0.0,0.0,0.0,0.0,0.0,0.0,0.0,0.0,0.0,0.0,0.0,0.0,0.0,0.0,0.0,0.0,0.0,0.0,0.0,0.0,0.0,0.0,0.0,0.0,0.0,0.0,0.0,0.011,0.0,0.0,0.0,0.0,0.0,0.0,0.0,0.0,0.0,0.0,0.022,0.0,0.0,0.0,0.011,0.0,0.0,0.0,0.0,0.0,0.0,0.0,0.0,0.0,0.0,0.0,0.0,0.0,0.0,0.0,0.0,0.0,0.0,0.0,0.011,0.0,0.0,0.0,0.0,0.0,0.0,0.022,0.0,0.0,0.0,0.0,0.011,0.0,0.0,0.0,0.0,0.0,0.022,0.022,0.0,0.0,0.0,0.0,0.0,0.0,0.0,0.0,0.0,0.0,0.0,0.0,0.0,0.0
3.24,0.06,2.1,0.02,0.0,0.04,0.04,0.0,1.04,0.98,0.0,0.0,0.0,0.0,0.0,0.0,0.0,0.0,0.02,0.0,0.08,0.0,0.0,0.02,0.0,0.0,0.0,0.0,0.0,0.0,0.0,0.0,0.0,0.04,0.0,0.0,0.0,0.0,0.0,0.0,0.0,0.0,0.02,0.0,0.0,0.0,0.0,0.0,0.0,0.0,0.0,0.0,0.0,0.0,0.0,0.0,0.0,0.0,0.0,0.0,0.0,0.0,0.0,0.0,0.04,0.0,0.0,0.0,0.0,0.0,0.0,0.0,0.0,0.0,0.0,0.0,0.0,0.0,0.0,0.0,0.0,0.0,0.0,0.0,0.0,0.0,0.0,0.0,0.0,0.0,0.0,0.04,0.0,0.0,0.0,0.0,0.0,0.0,0.0,0.0,0.0,0.0,0.0,0.0,0.0,0.0,0.0,0.0,0.0,0.0,0.0,0.0,0.0,0.0,0.0,0.0,0.0,0.0,0.0,0.0,0.0,0.0,0.08,0.0,0.0,0.0,0.0,0.0,0.0,0.0,0.0,0.0,0.0,0.08,0.08,0.0,0.0,0.0,0.0,0.0,0.0,0.04,0.0,0.08,0.0,0.0,0.0,0.0,0.0
8.2,0.15,2.1,1.0,0.0,1.0,0.1,0.0,1.0,0.0,0.0,0.0,0.0,0.0,0.0,0.0,0.0,0.0,0.05,0.0,0.1,0.0,0.0,1.0,0.0,0.0,0.0,0.0,0.0,0.0,0.0,0.0,0.0,0.1,0.0,0.0,0.0,0.0,0.0,0.0,0.0,0.0,0.0,0.0,0.0,0.0,0.0,0.0,0.0,0.0,0.0,0.0,0.0,0.0,0.0,0.0,0.0,0.0,0.0,0.0,0.0,0.0,0.0,0.0,0.1,0.0,0.0,0.0,0.0,0.0,0.0,0.0,0.0,0.0,0.0,0.0,0.0,0.0,0.0,0.0,0.0,0.0,0.0,0.0,0.0,0.0,0.0,0.0,0.0,0.0,0.0,0.1,0.0,0.0,0.0,0.0,0.0,0.0,0.0,0.0,0.0,0.0,0.0,0.0,0.0,0.0,0.0,0.0,0.0,0.0,0.0,0.0,0.0,0.0,0.0,0.0,0.0,0.0,0.0,0.0,0.0,0.0,0.1,0.0,0.0,0.0,0.0,0.0,0.0,0.0,0.0,0.0,0.0,0.1,0.1,0.0,0.0,0.0,0.0,0.0,0.0,0.1,0.0,0.1,0.0,0.0,0.0,0.0,0.0
12.0,2.0,6.5,1.0,1.0,2.0,1.0,1.0,6.5,0.0,0.0,0.0,0.0,0.0,0.0,0.0,0.0,0.0,0.0,0.0,1.0,0.0,0.0,3.0,0.0,0.0,0.0,0.0,0.0,0.0,1.0,2.0,0.0,0.0,0.0,0.0,0.5,0.0,0.0,0.0,0.0,0.0,1.0,0.0,0.0,0.0,1.0,0.0,0.0,0.0,5.0,0.0,0.0,0.0,0.0,0.0,0.0,0.0,0.0,0.0,1.0,0.0,1.0,0.0,0.0,0.0,0.5,0.0,0.0,0.0,0.0,0.0,0.0,0.0,0.0,0.0,0.0,0.0,0.0,0.0,0.0,0.0,0.0,0.0,0.0,0.0,0.0,0.0,0.0,0.0,0.0,0.0,0.0,0.0,0.0,0.0,0.0,3.0,0.0,0.0,0.0,0.0,0.0,0.0,0.0,0.0,0.0,0.0,0.0,0.0,0.0,0.0,0.0,0.0,0.0,0.0,0.0,0.0,0.0,0.0,0.0,0.0,0.0,0.0,0.0,0.0,0.0,0.0,0.0,0.0,0.0,0.0,0.0,0.0,0.0,0.0,0.0,0.0,0.0,0.0,0.0,0.0,0.0,0.0,0.0,0.0,0.0,0.0,0.0
11.0,4.0,4.0,1.0,2.0,2.0,3.0,2.0,1.0,0.0,0.0,1.0,0.0,2.0,0.0,0.0,0.0,0.0,0.0,0.0,3.0,0.0,0.0,0.0,2.0,1.0,0.0,0.0,0.0,1.0,0.0,0.0,0.0,0.0,0.0,0.0,0.0,0.0,1.0,0.0,0.0,0.0,1.0,1.0,0.0,0.0,1.0,0.0,0.0,0.0,0.0,0.0,0.0,0.0,1.0,0.0,0.0,0.0,0.0,0.0,0.0,0.0,0.0,0.0,0.0,1.0,0.0,0.0,0.0,0.0,0.0,1.0,0.0,0.0,0.0,1.0,0.0,0.0,0.0,0.0,2.0,0.0,0.0,0.0,0.0,0.0,0.0,0.0,0.0,0.0,0.0,0.0,0.0,0.0,0.0,1.0,0.0,0.0,0.0,0.0,0.0,0.0,0.0,0.0,0.0,0.0,0.0,0.0,0.0,0.0,0.0,0.0,0.0,0.0,0.0,0.0,0.0,0.0,0.0,0.0,0.0,0.0,0.0,0.0,0.0,0.0,1.0,0.0,0.0,0.0,0.0,0.0,0.0,0.0,0.0,0.0,0.0,0.0,0.0,0.0,0.0,0.0,0.0,0.0,0.0,0.0,0.0,0.0,0.0
28.0,5.0,17.0,2.0,4.0,0.0,2.0,4.0,24.0,2.0,5.0,1.0,2.0,0.0,4.0,4.0,6.0,1.0,0.0,4.0,0.0,2.0,2.0,0.0,0.0,0.0,0.0,2.0,0.0,0.0,8.0,6.0,0.0,0.0,2.0,0.0,0.0,4.0,0.0,0.0,0.0,0.0,0.0,0.0,0.0,0.0,0.0,1.0,8.0,2.0,34.0,0.0,0.0,0.0,0.0,0.0,0.0,10.0,1.0,0.0,12.0,0.0,0.0,0.0,0.0,0.0,0.0,0.0,1.0,0.0,0.0,0.0,12.0,0.0,0.0,0.0,0.0,0.0,0.0,0.0,0.0,0.0,0.0,0.0,0.0,0.0,0.0,0.0,0.0,1.0,0.0,0.0,0.0,10.0,0.0,0.0,0.0,20.0,0.0,0.0,0.0,0.0,0.0,0.0,4.0,0.0,0.0,0.0,0.0,0.0,0.0,0.0,0.0,0.0,0.0,0.0,0.0,0.0,0.0,0.0,0.0,0.0,0.0,0.0,0.0,0.0,0.0,0.0,0.0,6.0,0.0,0.0,4.0,0.0,0.0,2.0,0.0,0.0,0.0,0.0,0.0,0.0,6.0,0.0,0.0,0.0,0.0,0.0,0.0
23.0,4.0,5.0,2.0,2.0,0.0,4.0,2.0,4.0,3.0,3.0,2.0,2.0,0.0,1.0,1.0,1.0,2.0,0.0,1.0,0.0,2.0,1.0,0.0,0.0,0.0,0.0,1.0,0.0,0.0,2.0,0.0,0.0,0.0,0.0,0.0,0.0,0.0,0.0,0.0,0.0,0.0,0.0,0.0,0.0,0.0,0.0,0.0,1.0,0.0,2.0,0.0,0.0,0.0,0.0,0.0,0.0,1.0,0.0,0.0,2.0,0.0,0.0,0.0,0.0,0.0,0.0,0.0,0.0,0.0,0.0,0.0,1.0,0.0,0.0,0.0,0.0,0.0,0.0,0.0,0.0,0.0,0.0,0.0,0.0,0.0,0.0,0.0,0.0,0.0,0.0,0.0,0.0,1.0,0.0,0.0,0.0,0.0,0.0,0.0,0.0,0.0,0.0,0.0,0.0,0.0,0.0,0.0,0.0,0.0,0.0,0.0,0.0,0.0,0.0,0.0,0.0,0.0,0.0,0.0,0.0,0.0,0.0,0.0,0.0,0.0,0.0,0.0,0.0,0.0,0.0,0.0,0.0,0.0,0.0,0.0,1.0,0.0,0.0,0.0,0.0,0.0,0.0,0.0,0.0,0.0,0.0,0.0,0.0
10.0,2.0,8.0,0.0,2.0,0.0,0.0,2.0,6.0,2.0,3.0,0.0,0.0,0.0,3.0,1.0,2.0,0.0,0.0,1.0,0.0,0.0,0.0,0.0,0.0,0.0,0.0,0.0,0.0,0.0,2.0,0.0,0.0,0.0,1.0,0.0,0.0,1.0,0.0,0.0,0.0,0.0,0.0,0.0,0.0,0.0,0.0,0.0,3.0,0.0,2.0,0.0,0.0,0.0,0.0,0.0,0.0,2.0,0.0,0.0,2.0,0.0,0.0,0.0,0.0,0.0,0.0,0.0,0.0,0.0,0.0,0.0,1.0,0.0,0.0,0.0,0.0,0.0,0.0,0.0,0.0,0.0,0.0,0.0,0.0,0.0,0.0,0.0,0.0,0.0,0.0,0.0,0.0,3.0,0.0,0.0,0.0,0.0,0.0,0.0,0.0,0.0,0.0,0.0,0.0,0.0,0.0,0.0,0.0,0.0,0.0,0.0,0.0,0.0,0.0,0.0,0.0,0.0,0.0,0.0,0.0,0.0,0.0,0.0,0.0,0.0,0.0,0.0,0.0,0.0,0.0,0.0,2.0,0.0,0.0,2.0,0.0,0.0,0.0,0.0,0.0,0.0,0.0,0.0,1.0,0.0,0.0,0.0,0.0
22.0,4.0,11.0,2.0,2.0,2.0,3.0,2.0,13.0,0.0,0.0,1.0,2.0,0.0,0.0,0.0,0.0,0.0,0.0,0.0,1.0,1.0,0.0,6.0,1.0,1.0,2.0,0.0,0.0,1.0,2.0,4.0,0.0,0.0,0.0,0.0,1.0,0.0,0.0,0.0,0.0,0.0,0.0,0.0,0.0,0.0,0.0,0.0,0.0,0.0,10.0,0.0,6.0,0.0,0.0,1.0,0.0,0.0,0.0,0.0,2.0,0.0,2.0,2.0,0.0,0.0,1.0,0.0,0.0,0.0,0.0,0.0,0.0,1.0,0.0,0.0,0.0,0.0,0.0,0.0,1.0,0.0,0.0,0.0,0.0,2.0,3.0,0.0,0.0,0.0,1.0,0.0,0.0,0.0,0.0,1.0,1.0,6.0,0.0,0.0,0.0,0.0,0.0,0.0,0.0,0.0,0.0,0.0,0.0,0.0,0.0,0.0,0.0,0.0,0.0,1.0,0.0,0.0,0.0,0.0,1.0,0.0,0.0,0.0,0.0,0.0,0.0,0.0,0.0,0.0,0.0,0.0,0.0,0.0,0.0,0.0,0.0,0.0,0.0,0.0,0.0,0.0,0.0,0.0,0.0,0.0,0.0,0.0,0.0
11.0,4.0,4.0,1.0,2.0,2.0,3.0,2.0,1.0,0.0,0.0,1.0,0.0,2.0,0.0,0.0,0.0,0.0,0.0,0.0,3.0,0.0,0.0,0.0,2.0,1.0,0.0,0.0,0.0,1.0,0.0,0.0,0.0,0.0,0.0,0.0,0.0,0.0,1.0,0.0,0.0,0.0,1.0,1.0,0.0,0.0,1.0,0.0,0.0,0.0,0.0,0.0,0.0,0.0,1.0,0.0,0.0,0.0,0.0,0.0,0.0,0.0,0.0,0.0,0.0,1.0,0.0,0.0,0.0,0.0,0.0,1.0,0.0,0.0,0.0,1.0,0.0,0.0,0.0,0.0,2.0,0.0,0.0,0.0,0.0,0.0,0.0,0.0,0.0,0.0,0.0,0.0,0.0,0.0,0.0,1.0,0.0,0.0,0.0,0.0,0.0,0.0,0.0,0.0,0.0,0.0,0.0,0.0,0.0,0.0,0.0,0.0,0.0,0.0,0.0,0.0,0.0,0.0,0.0,0.0,0.0,0.0,0.0,0.0,0.0,0.0,1.0,0.0,0.0,0.0,0.0,0.0,0.0,0.0,0.0,0.0,0.0,0.0,0.0,0.0,0.0,0.0,0.0,0.0,0.0,0.0,0.0,0.0,0.0
30.0,0.0,14.0,1.0,0.0,2.0,0.0,0.0,8.0,4.0,4.0,0.0,0.0,0.0,4.0,0.0,0.0,0.0,0.0,0.0,0.0,0.0,0.0,0.0,0.0,0.0,0.0,0.0,0.0,0.0,0.0,0.0,0.0,0.0,0.0,0.0,0.0,0.0,0.0,0.0,0.0,0.0,1.0,0.0,0.0,0.0,0.0,0.0,4.0,0.0,4.0,0.0,0.0,0.0,0.0,0.0,0.0,0.0,0.0,0.0,0.0,0.0,0.0,0.0,0.0,0.0,0.0,0.0,0.0,0.0,0.0,0.0,0.0,0.0,0.0,0.0,0.0,0.0,0.0,0.0,0.0,0.0,0.0,0.0,0.0,0.0,0.0,0.0,0.0,0.0,0.0,0.0,0.0,4.0,0.0,0.0,0.0,0.0,0.0,0.0,0.0,0.0,2.0,0.0,0.0,0.0,0.0,0.0,0.0,0.0,0.0,0.0,0.0,0.0,0.0,0.0,0.0,0.0,0.0,0.0,0.0,0.0,0.0,0.0,0.0,0.0,0.0,0.0,0.0,0.0,0.0,0.0,0.0,0.0,0.0,0.0,0.0,2.0,0.0,0.0,0.0,0.0,0.0,0.0,0.0,0.0,0.0,0.0,2.0
28.0,5.0,17.0,2.0,4.0,0.0,2.0,4.0,24.0,2.0,5.0,1.0,2.0,0.0,4.0,4.0,6.0,1.0,0.0,4.0,0.0,2.0,2.0,0.0,0.0,0.0,0.0,2.0,0.0,0.0,8.0,6.0,0.0,0.0,2.0,0.0,0.0,4.0,0.0,0.0,0.0,0.0,0.0,0.0,0.0,0.0,0.0,1.0,8.0,2.0,34.0,0.0,0.0,0.0,0.0,0.0,0.0,10.0,1.0,0.0,12.0,0.0,0.0,0.0,0.0,0.0,0.0,0.0,1.0,0.0,0.0,0.0,12.0,0.0,0.0,0.0,0.0,0.0,0.0,0.0,0.0,0.0,0.0,0.0,0.0,0.0,0.0,0.0,0.0,1.0,0.0,0.0,0.0,10.0,0.0,0.0,0.0,20.0,0.0,0.0,0.0,0.0,0.0,0.0,4.0,0.0,0.0,0.0,0.0,0.0,0.0,0.0,0.0,0.0,0.0,0.0,0.0,0.0,0.0,0.0,0.0,0.0,0.0,0.0,0.0,0.0,0.0,0.0,0.0,6.0,0.0,0.0,4.0,0.0,0.0,2.0,0.0,0.0,0.0,0.0,0.0,0.0,6.0,0.0,0.0,0.0,0.0,0.0,0.0
3.098,0.07,2.042,0.0,0.014,0.0,0.056,0.014,1.0,1.0,0.028,0.014,0.0,0.0,0.014,0.014,0.014,0.0,0.014,0.0,0.056,0.0,0.0,0.0,0.028,0.014,0.0,0.0,0.0,0.014,0.014,0.0,0.0,0.028,0.0,0.0,0.0,0.0,0.014,0.0,0.0,0.0,0.0,0.014,0.0,0.0,0.0,0.0,0.0,0.0,0.0,0.0,0.0,0.0,0.0,0.0,0.0,0.0,0.0,0.0,0.0,0.0,0.0,0.0,0.0,0.0,0.0,0.0,0.0,0.0,0.0,0.0,0.0,0.0,0.0,0.0,0.0,0.0,0.0,0.0,0.014,0.0,0.0,0.0,0.0,0.0,0.0,0.0,0.0,0.0,0.0,0.028,0.0,0.0,0.0,0.014,0.0,0.0,0.0,0.0,0.0,0.0,0.0,0.0,0.0,0.0,0.0,0.0,0.0,0.0,0.0,0.0,0.0,0.0,0.0,0.014,0.0,0.0,0.0,0.0,0.0,0.0,0.028,0.0,0.0,0.0,0.0,0.014,0.0,0.0,0.0,0.0,0.0,0.028,0.028,0.0,0.0,0.0,0.0,0.0,0.0,0.0,0.0,0.0,0.0,0.0,0.0,0.0,0.0
8.0,0.09,2.0,1.0,0.0,1.0,0.0,0.0,1.0,0.0,0.0,0.0,0.0,0.0,0.0,0.0,0.0,0.0,0.03,0.0,0.0,0.0,0.0,1.0,0.0,0.0,0.0,0.0,0.0,0.0,0.0,0.0,0.0,0.0,0.0,0.0,0.0,0.0,0.0,0.0,0.0,0.0,0.0,0.0,0.0,0.0,0.0,0.0,0.0,0.0,0.0,0.0,0.0,0.0,0.0,0.0,0.0,0.0,0.0,0.0,0.0,0.0,0.0,0.0,0.06,0.0,0.0,0.0,0.0,0.0,0.0,0.0,0.0,0.0,0.0,0.0,0.0,0.0,0.0,0.0,0.0,0.0,0.0,0.0,0.0,0.0,0.0,0.0,0.0,0.0,0.0,0.0,0.0,0.0,0.0,0.0,0.0,0.0,0.0,0.0,0.0,0.0,0.0,0.0,0.0,0.0,0.0,0.0,0.0,0.0,0.0,0.0,0.0,0.0,0.0,0.0,0.0,0.0,0.0,0.0,0.0,0.0,0.0,0.0,0.0,0.0,0.0,0.0,0.0,0.0,0.0,0.0,0.0,0.0,0.0,0.0,0.0,0.0,0.0,0.0,0.0,0.0,0.0,0.0,0.0,0.0,0.0,0.0,0.0
6.35,1.85,2.7,0.3,0.85,0.0,1.7,0.85,2.55,0.0,0.0,0.85,0.0,0.0,0.0,0.0,0.0,0.0,0.15,0.0,0.85,0.0,0.0,0.0,0.85,0.85,0.0,0.0,0.0,0.85,1.7,0.85,0.0,0.0,0.0,0.3,0.0,0.0,0.0,0.0,0.3,0.0,0.0,0.0,0.0,0.0,0.0,0.0,0.0,0.0,0.0,0.45,0.0,0.0,0.0,0.0,0.0,0.0,0.0,0.45,0.0,0.0,0.0,0.0,0.0,0.0,0.0,0.0,0.0,0.0,0.0,0.0,0.0,0.0,0.0,0.0,0.0,0.0,0.0,0.0,1.7,0.0,0.0,0.0,0.0,0.0,0.0,0.0,0.0,0.0,0.0,0.0,0.0,0.0,0.0,1.7,0.0,0.0,0.0,0.0,0.15,0.0,0.0,0.0,0.85,0.0,0.0,0.0,0.0,0.0,0.15,0.0,0.0,0.0,0.0,1.7,0.0,0.0,0.0,0.0,0.0,0.0,0.0,0.0,0.0,0.0,0.0,0.0,0.0,0.0,0.0,0.0,0.0,0.0,0.0,0.0,0.0,0.0,0.0,0.85,0.0,0.0,0.0,0.0,0.0,0.85,0.0,0.0,0.0
5.4,2.2,3.2,0.0,0.8,0.0,2.0,0.8,2.6,0.0,0.0,0.8,0.0,0.0,0.0,0.0,0.0,0.0,0.2,0.0,1.2,0.0,0.0,0.0,0.8,0.8,0.0,0.0,0.0,0.8,1.6,0.8,0.0,0.4,0.0,0.0,0.0,0.0,0.0,0.0,0.0,0.0,0.0,0.0,0.0,0.0,0.0,0.0,0.0,0.0,0.0,0.0,0.0,0.0,0.0,0.0,0.0,0.0,0.0,0.0,0.0,0.0,0.0,0.0,0.4,0.0,0.0,0.0,0.0,0.0,0.0,0.0,0.0,0.0,0.0,0.0,0.0,0.0,0.0,0.0,1.6,0.0,0.0,0.0,0.0,0.0,0.0,0.0,0.0,0.0,0.0,0.4,0.0,0.0,0.0,1.6,0.0,0.0,0.0,0.0,0.0,0.0,0.0,0.0,0.8,0.0,0.0,0.0,0.0,0.0,0.0,0.0,0.0,0.0,0.0,1.6,0.0,0.0,0.0,0.0,0.0,0.0,0.4,0.0,0.0,0.0,0.0,0.0,0.0,0.0,0.0,0.0,0.0,0.4,0.4,0.0,0.0,0.0,0.0,0.8,0.0,0.4,0.0,0.4,0.0,0.8,0.0,0.0,0.0
7.8,0.6,2.4,0.8,0.0,0.8,0.4,0.0,1.0,0.0,0.0,0.0,0.0,0.0,0.0,0.0,0.0,0.0,0.2,0.0,0.4,0.0,0.0,0.8,0.0,0.0,0.0,0.0,0.0,0.0,0.0,0.0,0.0,0.4,0.0,0.0,0.0,0.0,0.0,0.0,0.0,0.0,0.0,0.0,0.0,0.0,0.0,0.0,0.0,0.0,0.0,0.0,0.0,0.0,0.0,0.0,0.0,0.0,0.0,0.0,0.0,0.0,0.0,0.0,0.4,0.0,0.0,0.0,0.0,0.0,0.0,0.0,0.0,0.0,0.0,0.0,0.0,0.0,0.0,0.0,0.0,0.0,0.0,0.0,0.0,0.0,0.0,0.0,0.0,0.0,0.0,0.4,0.0,0.0,0.0,0.0,0.0,0.0,0.0,0.0,0.0,0.0,0.0,0.0,0.0,0.0,0.0,0.0,0.0,0.0,0.0,0.0,0.0,0.0,0.0,0.0,0.0,0.0,0.0,0.0,0.0,0.0,0.4,0.0,0.0,0.0,0.0,0.0,0.0,0.0,0.0,0.0,0.0,0.4,0.4,0.0,0.0,0.0,0.0,0.0,0.0,0.4,0.0,0.4,0.0,0.0,0.0,0.0,0.0
5.5695887,2.3254793,3.0813699,0.08136979,1.0,0.0,2.1627395,1.0,3.0,0.0,0.0,1.0,0.08136979,0.0,0.0,0.0,0.0,0.0,0.08136979,0.0,1.1627396,0.0,0.0,0.0,1.0813698,1.0,0.0,0.0,0.0,1.0,2.0,1.0,0.0,0.16273957,0.0,0.0,0.0,0.0,0.08136979,0.0,0.0,0.0,0.0,0.08136979,0.0,0.08136979,0.0,0.0,0.0,0.0,0.0,0.0,0.0,0.0,0.0,0.0,0.0,0.0,0.0,0.0,0.0,0.0,0.0,0.0,0.0,0.0,0.0,0.08136979,0.0,0.08136979,0.0,0.0,0.0,0.0,0.0,0.0,0.08136979,0.0,0.0,0.08136979,2.0,0.0,0.0,0.0,0.0,0.0,0.0,0.0,0.0,0.0,0.0,0.32547915,0.0,0.0,0.0,2.0,0.0,0.0,0.0,0.0,0.0,0.0,0.0,0.0,1.0,0.0,0.0,0.0,0.0,0.0,0.0,0.0,0.0,0.0,0.16273957,2.0,0.0,0.0,0.0,0.0,0.0,0.0,0.08136979,0.0,0.0,0.0,0.0,0.16273957,0.0,0.0,0.0,0.0,0.0,0.16273957,0.08136979,0.0,0.0,0.0,0.0,1.0,0.0,0.0,0.0,0.0,0.0,1.0,0.0,0.0,0.0
8.276,0.828,2.552,0.862,0.138,0.862,0.69,0.138,1.276,0.0,0.0,0.138,0.0,0.0,0.0,0.0,0.0,0.0,0.138,0.0,0.69,0.0,0.0,0.862,0.276,0.138,0.0,0.0,0.0,0.138,0.276,0.138,0.0,0.414,0.0,0.0,0.0,0.0,0.138,0.0,0.0,0.0,0.0,0.138,0.0,0.0,0.0,0.0,0.0,0.0,0.0,0.0,0.0,0.0,0.0,0.0,0.0,0.0,0.0,0.0,0.0,0.0,0.0,0.0,0.0,0.0,0.0,0.138,0.0,0.138,0.0,0.0,0.0,0.0,0.0,0.0,0.138,0.0,0.0,0.138,0.276,0.0,0.0,0.0,0.0,0.0,0.0,0.0,0.0,0.0,0.0,0.828,0.0,0.0,0.0,0.276,0.0,0.0,0.0,0.0,0.0,0.0,0.0,0.0,0.138,0.0,0.0,0.0,0.0,0.0,0.0,0.0,0.0,0.0,0.0,0.276,0.0,0.0,0.0,0.0,0.0,0.0,0.414,0.0,0.0,0.0,0.0,0.276,0.0,0.0,0.0,0.0,0.0,0.828,0.828,0.0,0.0,0.0,0.0,0.138,0.0,0.0,0.0,0.0,0.0,0.138,0.0,0.0,0.0
8.135,0.81,2.405,0.865,0.135,0.865,0.675,0.135,1.0,0.0,0.0,0.135,0.0,0.0,0.0,0.0,0.0,0.0,0.135,0.0,0.675,0.0,0.0,0.865,0.27,0.135,0.0,0.0,0.0,0.135,0.135,0.0,0.0,0.405,0.0,0.0,0.0,0.0,0.135,0.0,0.0,0.0,0.0,0.135,0.0,0.0,0.0,0.0,0.0,0.0,0.0,0.0,0.0,0.0,0.0,0.0,0.0,0.0,0.0,0.0,0.0,0.0,0.0,0.0,0.0,0.0,0.0,0.135,0.0,0.135,0.0,0.0,0.0,0.0,0.0,0.0,0.135,0.0,0.0,0.135,0.135,0.0,0.0,0.0,0.0,0.0,0.0,0.0,0.0,0.0,0.0,0.81,0.0,0.0,0.0,0.135,0.0,0.0,0.0,0.0,0.0,0.0,0.0,0.0,0.0,0.0,0.0,0.0,0.0,0.0,0.0,0.0,0.0,0.0,0.0,0.135,0.0,0.0,0.0,0.0,0.0,0.0,0.405,0.0,0.0,0.0,0.0,0.135,0.0,0.0,0.0,0.0,0.0,0.81,0.81,0.0,0.0,0.0,0.0,0.0,0.0,0.0,0.0,0.0,0.0,0.0,0.0,0.0,0.0
3.04,0.08,2.04,0.0,0.04,0.0,0.04,0.04,1.08,0.96,0.0,0.0,0.0,0.0,0.0,0.0,0.0,0.0,0.0,0.0,0.04,0.0,0.0,0.0,0.0,0.04,0.0,0.0,0.0,0.04,0.08,0.04,0.0,0.0,0.0,0.0,0.0,0.0,0.0,0.0,0.0,0.0,0.0,0.0,0.0,0.0,0.0,0.0,0.0,0.0,0.0,0.0,0.0,0.0,0.0,0.0,0.0,0.0,0.0,0.0,0.0,0.0,0.0,0.0,0.0,0.0,0.0,0.0,0.0,0.0,0.0,0.0,0.0,0.0,0.0,0.0,0.0,0.0,0.0,0.0,0.08,0.0,0.0,0.0,0.0,0.0,0.0,0.0,0.0,0.0,0.0,0.0,0.0,0.0,0.0,0.0,0.0,0.0,0.0,0.0,0.0,0.0,0.0,0.0,0.04,0.0,0.0,0.0,0.0,0.0,0.0,0.0,0.0,0.0,0.0,0.08,0.0,0.0,0.0,0.0,0.0,0.0,0.0,0.0,0.0,0.0,0.0,0.0,0.0,0.0,0.0,0.0,0.0,0.0,0.0,0.0,0.0,0.0,0.0,0.04,0.0,0.0,0.0,0.0,0.0,0.0,0.0,0.0,0.0
7.6,0.6,2.2,0.8,0.0,0.8,0.4,0.0,0.8,0.0,0.0,0.0,0.0,0.0,0.0,0.0,0.0,0.0,0.2,0.0,0.4,0.0,0.0,0.8,0.0,0.0,0.0,0.0,0.0,0.0,0.0,0.0,0.0,0.4,0.0,0.0,0.0,0.0,0.0,0.0,0.0,0.0,0.0,0.0,0.0,0.0,0.0,0.0,0.0,0.0,0.0,0.0,0.0,0.0,0.0,0.0,0.0,0.0,0.0,0.0,0.0,0.0,0.0,0.0,0.4,0.0,0.0,0.0,0.0,0.0,0.0,0.0,0.0,0.0,0.0,0.0,0.0,0.0,0.0,0.0,0.0,0.0,0.0,0.0,0.0,0.0,0.0,0.0,0.0,0.0,0.0,0.4,0.0,0.0,0.0,0.0,0.0,0.0,0.0,0.0,0.0,0.0,0.0,0.0,0.0,0.0,0.0,0.0,0.0,0.0,0.0,0.0,0.0,0.0,0.0,0.0,0.0,0.0,0.0,0.0,0.0,0.0,0.4,0.0,0.0,0.0,0.0,0.0,0.0,0.0,0.0,0.0,0.0,0.4,0.4,0.0,0.0,0.0,0.0,0.0,0.0,0.4,0.0,0.4,0.0,0.0,0.0,0.0,0.0
8.126552,0.0,2.0,1.0,0.0,1.0,0.0,0.0,1.0,0.0,0.0,0.0,0.0,0.0,0.0,0.0,0.0,0.0,0.0,0.0,0.0,0.0,0.0,1.0,0.0,0.0,0.0,0.0,0.0,0.0,0.0,0.0,0.0,0.0,0.0,0.0,0.0,0.0,0.0,0.0,0.0,0.0,0.0,0.0,0.0,0.0,0.0,0.0,0.0,0.0,0.0,0.0,0.0,0.0,0.0,0.0,0.0,0.0,0.0,0.0,0.0,0.0,0.0,0.0,0.0,0.0,0.0,0.0,0.0,0.0,0.0,0.0,0.0,0.0,0.0,0.0,0.0,0.0,0.0,0.0,0.0,0.0,0.0,0.0,0.0,0.0,0.0,0.0,0.0,0.0,0.0,0.0,0.0,0.0,0.0,0.0,0.0,0.0,0.0,0.0,0.0,0.0,0.0,0.0,0.0,0.0,0.0,0.0,0.0,0.0,0.0,0.0,0.0,0.0,0.0,0.0,0.0,0.0,0.0,0.0,0.0,0.0,0.0,0.0,0.0,0.0,0.0,0.0,0.0,0.0,0.0,0.0,0.0,0.0,0.0,0.0,0.0,0.0,0.0,0.0,0.0,0.0,0.0,0.0,0.0,0.0,0.0,0.0,0.0
3.308,0.066,2.154,0.022,0.0,0.044,0.044,0.0,1.088,0.978,0.0,0.0,0.0,0.0,0.0,0.0,0.0,0.0,0.022,0.0,0.044,0.0,0.0,0.022,0.0,0.0,0.0,0.0,0.0,0.0,0.0,0.0,0.0,0.044,0.0,0.0,0.0,0.0,0.0,0.0,0.0,0.0,0.022,0.0,0.0,0.0,0.0,0.0,0.0,0.0,0.0,0.0,0.0,0.0,0.0,0.0,0.0,0.0,0.0,0.0,0.0,0.0,0.0,0.0,0.044,0.0,0.0,0.0,0.0,0.0,0.0,0.0,0.0,0.0,0.0,0.0,0.0,0.0,0.0,0.0,0.044,0.0,0.0,0.0,0.0,0.0,0.0,0.0,0.0,0.0,0.0,0.044,0.0,0.0,0.0,0.0,0.0,0.0,0.0,0.0,0.0,0.0,0.0,0.0,0.0,0.0,0.0,0.0,0.0,0.0,0.0,0.0,0.0,0.0,0.0,0.0,0.0,0.0,0.0,0.0,0.0,0.0,0.044,0.0,0.0,0.0,0.0,0.0,0.0,0.0,0.0,0.0,0.0,0.044,0.044,0.0,0.0,0.0,0.0,0.0,0.0,0.044,0.0,0.044,0.0,0.0,0.0,0.0,0.0
8.141,0.705,2.423,0.859,0.141,0.859,0.564,0.141,1.282,0.0,0.0,0.141,0.0,0.0,0.0,0.0,0.0,0.0,0.141,0.0,0.423,0.0,0.0,0.859,0.141,0.141,0.0,0.0,0.0,0.141,0.282,0.141,0.0,0.282,0.0,0.0,0.0,0.0,0.0,0.0,0.0,0.0,0.0,0.0,0.0,0.0,0.0,0.0,0.0,0.0,0.0,0.0,0.0,0.0,0.0,0.0,0.0,0.0,0.0,0.0,0.0,0.0,0.0,0.0,0.282,0.0,0.0,0.0,0.0,0.0,0.0,0.0,0.0,0.0,0.0,0.0,0.0,0.0,0.0,0.0,0.282,0.0,0.0,0.0,0.0,0.0,0.0,0.0,0.0,0.0,0.0,0.282,0.0,0.0,0.0,0.282,0.0,0.0,0.0,0.0,0.0,0.0,0.0,0.0,0.141,0.0,0.0,0.0,0.0,0.0,0.0,0.0,0.0,0.0,0.0,0.282,0.0,0.0,0.0,0.0,0.0,0.0,0.282,0.0,0.0,0.0,0.0,0.0,0.0,0.0,0.0,0.0,0.0,0.282,0.282,0.0,0.0,0.0,0.0,0.141,0.0,0.282,0.0,0.282,0.0,0.141,0.0,0.0,0.0
8.0,0.69,2.276,0.862,0.138,0.862,0.552,0.138,1.0,0.0,0.0,0.138,0.0,0.0,0.0,0.0,0.0,0.0,0.138,0.0,0.414,0.0,0.0,0.862,0.138,0.138,0.0,0.0,0.0,0.138,0.138,0.0,0.0,0.276,0.0,0.0,0.0,0.0,0.0,0.0,0.0,0.0,0.0,0.0,0.0,0.0,0.0,0.0,0.0,0.0,0.0,0.0,0.0,0.0,0.0,0.0,0.0,0.0,0.0,0.0,0.0,0.0,0.0,0.0,0.276,0.0,0.0,0.0,0.0,0.0,0.0,0.0,0.0,0.0,0.0,0.0,0.0,0.0,0.0,0.0,0.138,0.0,0.0,0.0,0.0,0.0,0.0,0.0,0.0,0.0,0.0,0.276,0.0,0.0,0.0,0.138,0.0,0.0,0.0,0.0,0.0,0.0,0.0,0.0,0.0,0.0,0.0,0.0,0.0,0.0,0.0,0.0,0.0,0.0,0.0,0.138,0.0,0.0,0.0,0.0,0.0,0.0,0.276,0.0,0.0,0.0,0.0,0.0,0.0,0.0,0.0,0.0,0.0,0.276,0.276,0.0,0.0,0.0,0.0,0.0,0.0,0.276,0.0,0.276,0.0,0.0,0.0,0.0,0.0
3.09,0.06,2.06,0.0,0.03,0.0,0.06,0.03,1.06,0.97,0.0,0.03,0.0,0.0,0.0,0.0,0.0,0.0,0.0,0.0,0.06,0.0,0.0,0.0,0.06,0.03,0.0,0.0,0.0,0.03,0.06,0.03,0.0,0.0,0.0,0.0,0.0,0.0,0.03,0.0,0.0,0.0,0.0,0.03,0.0,0.0,0.0,0.0,0.0,0.0,0.0,0.0,0.0,0.0,0.0,0.0,0.0,0.0,0.0,0.0,0.0,0.0,0.0,0.0,0.0,0.0,0.0,0.0,0.0,0.0,0.0,0.0,0.0,0.0,0.0,0.0,0.0,0.0,0.0,0.0,0.06,0.0,0.0,0.0,0.0,0.0,0.0,0.0,0.0,0.0,0.0,0.0,0.0,0.0,0.0,0.06,0.0,0.0,0.0,0.0,0.0,0.0,0.0,0.0,0.03,0.0,0.0,0.0,0.0,0.0,0.0,0.0,0.0,0.0,0.0,0.06,0.0,0.0,0.0,0.0,0.0,0.0,0.0,0.0,0.0,0.0,0.0,0.06,0.0,0.0,0.0,0.0,0.0,0.0,0.0,0.0,0.0,0.0,0.0,0.03,0.0,0.0,0.0,0.0,0.0,0.03,0.0,0.0,0.0
3.32,0.128,2.256,0.0,0.064,0.0,0.128,0.064,1.32,0.936,0.0,0.064,0.0,0.0,0.0,0.0,0.0,0.0,0.0,0.0,0.256,0.0,0.0,0.0,0.256,0.064,0.0,0.0,0.0,0.064,0.128,0.128,0.0,0.0,0.0,0.0,0.0,0.0,0.192,0.0,0.0,0.0,0.0,0.192,0.0,0.0,0.0,0.0,0.0,0.0,0.0,0.0,0.0,0.0,0.0,0.0,0.0,0.0,0.0,0.0,0.0,0.0,0.0,0.0,0.0,0.0,0.0,0.0,0.0,0.0,0.0,0.0,0.0,0.0,0.0,0.0,0.0,0.0,0.0,0.0,0.128,0.0,0.0,0.0,0.0,0.0,0.0,0.0,0.0,0.0,0.0,0.0,0.0,0.0,0.0,0.128,0.0,0.0,0.0,0.0,0.0,0.0,0.0,0.0,0.064,0.0,0.0,0.0,0.0,0.0,0.0,0.0,0.0,0.0,0.0,0.128,0.0,0.0,0.0,0.0,0.0,0.0,0.0,0.0,0.0,0.0,0.0,0.384,0.0,0.0,0.0,0.0,0.0,0.0,0.0,0.0,0.0,0.0,0.0,0.064,0.0,0.0,0.0,0.0,0.0,0.064,0.0,0.0,0.0
15.0,4.0,7.0,1.0,1.0,0.0,2.0,1.0,5.0,0.0,0.0,0.0,0.0,0.0,0.0,0.0,0.0,0.0,1.0,0.0,2.0,0.0,0.0,0.0,0.0,0.0,0.0,0.0,0.0,0.0,1.0,0.0,0.0,1.0,0.0,1.0,0.0,0.0,0.0,0.0,1.0,0.0,0.0,0.0,0.0,0.0,0.0,0.0,0.0,0.0,2.0,1.0,0.0,0.0,0.0,0.0,0.0,0.0,0.0,1.0,0.0,0.0,0.0,0.0,2.0,0.0,0.0,0.0,0.0,0.0,0.0,0.0,0.0,0.0,0.0,0.0,0.0,0.0,0.0,0.0,2.0,0.0,1.0,0.0,0.0,0.0,0.0,0.0,0.0,0.0,0.0,0.0,0.0,0.0,0.0,0.0,0.0,0.0,0.0,0.0,0.0,0.0,0.0,0.0,0.0,0.0,0.0,0.0,0.0,0.0,0.0,0.0,0.0,0.0,0.0,0.0,0.0,0.0,0.0,1.0,0.0,0.0,1.0,0.0,0.0,0.0,0.0,0.0,0.0,0.0,0.0,0.0,0.0,0.0,0.0,0.0,0.0,0.0,0.0,0.0,0.0,0.0,0.0,2.0,0.0,0.0,0.0,0.0,0.0
5.2,2.15,3.1,0.0,1.0,0.0,2.1,1.0,3.0,0.0,0.0,1.0,0.0,0.0,0.0,0.0,0.0,0.0,0.05,0.0,1.1,0.0,0.0,0.0,1.0,1.0,0.0,0.0,0.0,1.0,2.0,1.0,0.0,0.1,0.0,0.0,0.0,0.0,0.0,0.0,0.0,0.0,0.0,0.0,0.0,0.0,0.0,0.0,0.0,0.0,0.0,0.0,0.0,0.0,0.0,0.0,0.0,0.0,0.0,0.0,0.0,0.0,0.0,0.0,0.1,0.0,0.0,0.0,0.0,0.0,0.0,0.0,0.0,0.0,0.0,0.0,0.0,0.0,0.0,0.0,2.0,0.0,0.0,0.0,0.0,0.0,0.0,0.0,0.0,0.0,0.0,0.1,0.0,0.0,0.0,2.0,0.0,0.0,0.0,0.0,0.0,0.0,0.0,0.0,1.0,0.0,0.0,0.0,0.0,0.0,0.0,0.0,0.0,0.0,0.0,2.0,0.0,0.0,0.0,0.0,0.0,0.0,0.1,0.0,0.0,0.0,0.0,0.0,0.0,0.0,0.0,0.0,0.0,0.1,0.1,0.0,0.0,0.0,0.0,1.0,0.0,0.1,0.0,0.1,0.0,1.0,0.0,0.0,0.0
8.8,0.4,2.1,1.1,0.1,1.1,0.3,0.1,1.0,0.0,0.0,0.1,0.1,0.0,0.0,0.0,0.0,0.0,0.1,0.0,0.1,0.0,0.0,0.9,0.1,0.1,0.0,0.0,0.0,0.1,0.1,0.0,0.0,0.1,0.0,0.1,0.0,0.0,0.0,0.0,0.1,0.0,0.0,0.0,0.0,0.1,0.0,0.0,0.0,0.0,0.0,0.1,0.0,0.0,0.0,0.0,0.0,0.0,0.0,0.1,0.0,0.0,0.0,0.0,0.2,0.0,0.0,0.0,0.0,0.0,0.0,0.0,0.0,0.0,0.0,0.0,0.0,0.0,0.0,0.0,0.1,0.1,0.1,0.0,0.0,0.0,0.0,0.0,0.0,0.0,0.0,0.0,0.1,0.0,0.0,0.1,0.0,0.0,0.1,0.0,0.0,0.0,0.0,0.0,0.0,0.0,0.0,0.0,0.0,0.0,0.0,0.0,0.0,0.0,0.0,0.1,0.0,0.0,0.0,0.1,0.0,0.0,0.0,0.0,0.0,0.0,0.0,0.0,0.0,0.0,0.0,0.0,0.0,0.0,0.0,0.0,0.0,0.0,0.0,0.0,0.0,0.0,0.0,0.0,0.0,0.0,0.0,0.0,0.0
8.881782,1.763564,2.440891,0.7795545,0.2204455,0.7795545,1.322673,0.2204455,1.440891,0.2204455,0.6613365,0.2204455,0.0,0.0,0.2204455,0.6613365,0.440891,0.0,0.440891,0.0,0.440891,0.0,0.0,0.7795545,0.440891,0.2204455,0.0,0.0,0.0,0.2204455,0.440891,0.2204455,0.0,0.881782,0.0,0.0,0.0,0.0,0.2204455,0.0,0.0,0.0,0.0,0.2204455,0.0,0.0,0.0,0.2204455,0.0,0.2204455,0.0,0.0,0.0,0.0,0.0,0.0,0.0,0.0,0.0,0.0,0.0,0.0,0.0,0.0,0.881782,0.0,0.0,0.0,0.0,0.0,0.0,0.0,0.0,0.0,0.0,0.0,0.0,0.0,0.0,0.0,0.440891,0.0,0.0,0.0,0.0,0.0,0.0,0.0,0.0,0.0,0.0,0.881782,0.0,0.0,0.0,0.440891,0.0,0.0,0.0,0.0,0.0,0.0,0.0,0.0,0.2204455,0.0,0.0,0.0,0.0,0.0,0.0,0.0,0.0,0.0,0.0,0.440891,0.0,0.0,0.0,0.0,0.0,0.0,0.0,0.0,0.0,0.0,0.0,0.440891,0.0,0.0,0.0,0.0,0.0,0.0,0.0,0.0,0.0,0.0,0.0,0.2204455,0.0,0.881782,0.0,0.0,0.0,0.2204455,0.0,0.0,0.0
5.531009,2.1213737,3.0151718,0.09103017,1.0,0.030343393,2.0910301,1.0,2.9848282,0.0,0.0,1.0,0.09103017,0.0,0.0,0.0,0.0,0.0,0.030343393,0.0,1.0303434,0.0,0.0,0.030343393,1.0303434,1.0,0.030343393,0.0,0.0,1.0,1.9848284,0.9848283,0.0,0.09103017,0.0,0.0,0.015171696,0.0,0.030343393,0.0,0.0,0.0,0.0,0.030343393,0.0,0.09103017,0.030343393,0.0,0.0,0.0,0.0,0.0,0.030343393,0.0,0.0,0.0,0.0,0.0,0.0,0.0,0.0,0.0,0.0,0.030343393,0.0,0.030343393,0.0,0.0,0.0,0.0,0.0,0.0,0.0,0.015171696,0.0,0.0,0.0,0.0,0.0,0.0,1.9848284,0.0,0.0,0.0,0.0,0.0,0.0,0.0,0.0,0.0,0.0,0.18206035,0.0,0.0,0.0,1.9848284,0.0,0.0,0.0,0.0,0.0,0.0,0.0,0.0,0.9848283,0.0,0.030343393,0.0,0.0,0.0,0.0,0.0,0.0,0.0,0.18206035,1.9848284,0.0,0.0,0.0,0.0,0.0,0.0,0.0,0.0,0.0,0.0,0.0,0.030343393,0.0,0.0,0.0,0.0,0.0,0.0,0.0,0.0,0.0,0.0,0.0,0.9848283,0.0,0.0,0.0,0.0,0.0,0.9848283,0.0,0.0,0.0
5.531009,2.1213737,3.0151718,0.09103017,1.0,0.030343393,2.0910301,1.0,2.9848282,0.0,0.0,1.0,0.09103017,0.0,0.0,0.0,0.0,0.0,0.030343393,0.0,1.0303434,0.0,0.0,0.030343393,1.0303434,1.0,0.030343393,0.0,0.0,1.0,1.9848284,0.9848283,0.0,0.09103017,0.0,0.0,0.015171696,0.0,0.030343393,0.0,0.0,0.0,0.0,0.030343393,0.0,0.09103017,0.030343393,0.0,0.0,0.0,0.0,0.0,0.030343393,0.0,0.0,0.0,0.0,0.0,0.0,0.0,0.0,0.0,0.0,0.030343393,0.0,0.030343393,0.0,0.0,0.0,0.0,0.0,0.0,0.0,0.015171696,0.0,0.0,0.0,0.0,0.0,0.0,1.9848284,0.0,0.0,0.0,0.0,0.0,0.0,0.0,0.0,0.0,0.0,0.18206035,0.0,0.0,0.0,1.9848284,0.0,0.0,0.0,0.0,0.0,0.0,0.0,0.0,0.9848283,0.0,0.030343393,0.0,0.0,0.0,0.0,0.0,0.0,0.0,0.18206035,1.9848284,0.0,0.0,0.0,0.0,0.0,0.0,0.0,0.0,0.0,0.0,0.0,0.030343393,0.0,0.0,0.0,0.0,0.0,0.0,0.0,0.0,0.0,0.0,0.0,0.9848283,0.0,0.0,0.0,0.0,0.0,0.9848283,0.0,0.0,0.0
10.0,4.0,3.0,1.0,2.0,2.0,3.0,2.0,0.0,0.0,0.0,1.0,0.0,2.0,0.0,0.0,0.0,0.0,0.0,0.0,3.0,0.0,0.0,0.0,2.0,1.0,0.0,0.0,0.0,1.0,0.0,0.0,0.0,0.0,0.0,0.0,0.0,0.0,1.0,0.0,0.0,0.0,1.0,1.0,0.0,0.0,1.0,0.0,0.0,0.0,0.0,0.0,0.0,0.0,1.0,0.0,0.0,0.0,0.0,0.0,0.0,0.0,0.0,0.0,0.0,1.0,0.0,1.0,0.0,1.0,0.0,1.0,0.0,0.0,0.0,1.0,1.0,0.0,0.0,1.0,0.0,0.0,0.0,0.0,0.0,0.0,0.0,0.0,0.0,0.0,0.0,0.0,0.0,0.0,0.0,0.0,0.0,0.0,0.0,0.0,0.0,0.0,0.0,0.0,0.0,0.0,0.0,0.0,0.0,0.0,0.0,0.0,0.0,0.0,0.0,0.0,0.0,0.0,0.0,0.0,0.0,0.0,0.0,0.0,0.0,0.0,1.0,0.0,0.0,0.0,0.0,0.0,0.0,0.0,0.0,0.0,0.0,0.0,1.0,0.0,0.0,0.0,0.0,0.0,0.0,0.0,0.0,0.0,0.0
11.0,4.0,4.0,1.0,2.0,2.0,3.0,2.0,1.0,0.0,0.0,1.0,0.0,2.0,0.0,0.0,0.0,0.0,0.0,0.0,3.0,0.0,0.0,0.0,2.0,1.0,0.0,0.0,0.0,1.0,0.0,0.0,0.0,0.0,0.0,0.0,0.0,0.0,1.0,0.0,0.0,0.0,1.0,1.0,0.0,0.0,1.0,0.0,0.0,0.0,0.0,0.0,0.0,0.0,1.0,0.0,0.0,0.0,0.0,0.0,0.0,0.0,0.0,0.0,0.0,1.0,0.0,0.0,0.0,0.0,0.0,1.0,0.0,0.0,0.0,1.0,0.0,0.0,0.0,0.0,2.0,0.0,0.0,0.0,0.0,0.0,0.0,0.0,0.0,0.0,0.0,0.0,0.0,0.0,0.0,1.0,0.0,0.0,0.0,0.0,0.0,0.0,0.0,0.0,0.0,0.0,0.0,0.0,0.0,0.0,0.0,0.0,0.0,0.0,0.0,0.0,0.0,0.0,0.0,0.0,0.0,0.0,0.0,0.0,0.0,0.0,1.0,0.0,0.0,0.0,0.0,0.0,0.0,0.0,0.0,0.0,0.0,0.0,0.0,0.0,0.0,0.0,0.0,0.0,0.0,0.0,0.0,0.0,0.0
11.727273,4.0,4.181818,1.0909091,2.0,2.1818182,3.0,2.0,1.0,0.0,0.0,1.0,0.0,2.0,0.0,0.0,0.0,0.0,0.0,0.0,3.0,0.0,0.0,0.0,2.0,1.0,0.0,0.0,0.0,1.0,0.0,0.0,0.0,0.0,0.0,0.0,0.0,0.0,1.0,0.09090909,0.0,0.0,1.0,1.0,0.0,0.0,1.0,0.0,0.0,0.0,0.0,0.0,0.0,0.09090909,1.0,0.0,0.09090909,0.0,0.0,0.0,0.0,0.18181819,0.0,0.0,0.0,1.0,0.0,0.0,0.0,0.0,0.0,1.0,0.0,0.0,0.0,0.90909094,0.0,0.0,0.0,0.0,2.0,0.0,0.0,0.0,0.0,0.0,0.0,0.0,0.0,0.0,0.0,0.0,0.0,0.0,0.0,1.0,0.0,0.0,0.0,0.0,0.0,0.09090909,0.0,0.0,0.0,0.09090909,0.0,0.0,0.0,0.0,0.0,0.0,0.0,0.0,0.0,0.0,0.0,0.0,0.0,0.0,0.0,0.0,0.0,0.0,0.0,0.0,0.90909094,0.0,0.0,0.0,0.0,0.0,0.0,0.0,0.0,0.0,0.0,0.0,0.0,0.0,0.0,0.0,0.0,0.0,0.0,0.0,0.0,0.0,0.0
11.727273,4.181818,4.181818,1.0909091,2.1818182,2.1818182,3.0,2.1818182,1.0,0.09090909,0.27272728,1.0,0.0,2.1818182,0.18181819,0.27272728,0.36363637,0.09090909,0.0,0.18181819,3.0,0.0,0.18181819,0.0,2.0,1.0,0.0,0.18181819,0.18181819,1.0,0.0,0.0,0.18181819,0.0,0.09090909,0.0,0.0,0.18181819,1.0,0.09090909,0.0,0.18181819,0.90909094,1.0,0.18181819,0.0,1.0,0.09090909,0.0,0.18181819,0.0,0.0,0.0,0.09090909,1.0,0.0,0.18181819,0.0,0.09090909,0.0,0.0,0.18181819,0.0,0.0,0.0,1.0,0.0,0.0,0.0,0.0,0.0,1.0,0.0,0.0,0.0,0.90909094,0.0,0.18181819,0.09090909,0.0,2.0,0.0,0.0,0.0,0.0,0.0,0.0,0.18181819,0.0,0.09090909,0.0,0.0,0.0,0.0,0.0,1.0,0.0,0.0,0.0,0.0,0.0,0.0,0.0,0.0,0.0,0.0,0.0,0.0,0.0,0.09090909,0.0,0.0,0.0,0.18181819,0.0,0.0,0.0,0.0,0.0,0.0,0.0,0.0,0.0,0.0,0.0,0.0,0.90909094,0.0,0.0,0.0,0.0,0.0,0.0,0.0,0.0,0.0,0.0,0.0,0.0,0.0,0.0,0.0,0.0,0.0,0.0,0.0,0.0,0.0,0.0
10.0,4.0,3.0,1.0,2.0,2.0,3.0,2.0,0.0,0.0,0.0,1.0,0.0,2.0,0.0,0.0,0.0,0.0,0.0,0.0,3.0,0.0,0.0,0.0,2.0,1.0,0.0,0.0,0.0,1.0,0.0,0.0,0.0,0.0,0.0,0.0,0.0,0.0,1.0,0.0,0.0,0.0,1.0,1.0,0.0,0.0,1.0,0.0,0.0,0.0,0.0,0.0,0.0,0.0,1.0,0.0,0.0,0.0,0.0,0.0,0.0,0.0,0.0,0.0,0.0,1.0,0.0,1.0,0.0,1.0,0.0,1.0,0.0,0.0,0.0,1.0,1.0,0.0,0.0,1.0,0.0,0.0,0.0,0.0,0.0,0.0,0.0,0.0,0.0,0.0,0.0,0.0,0.0,0.0,0.0,0.0,0.0,0.0,0.0,0.0,0.0,0.0,0.0,0.0,0.0,0.0,0.0,0.0,0.0,0.0,0.0,0.0,0.0,0.0,0.0,0.0,0.0,0.0,0.0,0.0,0.0,0.0,0.0,0.0,0.0,0.0,1.0,0.0,0.0,0.0,0.0,0.0,0.0,0.0,0.0,0.0,0.0,0.0,1.0,0.0,0.0,0.0,0.0,0.0,0.0,0.0,0.0,0.0,0.0
3.168,0.056,2.028,0.028,0.028,0.056,0.028,0.028,1.0,0.972,0.0,0.0,0.0,0.028,0.0,0.0,0.0,0.0,0.0,0.0,0.028,0.0,0.0,0.028,0.0,0.028,0.0,0.0,0.0,0.028,0.0,0.0,0.0,0.0,0.0,0.0,0.0,0.0,0.0,0.0,0.0,0.0,0.028,0.0,0.0,0.0,0.028,0.0,0.0,0.0,0.0,0.0,0.0,0.0,0.0,0.0,0.0,0.0,0.0,0.0,0.0,0.0,0.0,0.0,0.0,0.0,0.0,0.0,0.0,0.0,0.0,0.0,0.0,0.0,0.0,0.0,0.0,0.0,0.0,0.0,0.0,0.0,0.0,0.0,0.0,0.0,0.0,0.0,0.0,0.0,0.0,0.0,0.0,0.0,0.0,0.0,0.0,0.0,0.0,0.0,0.0,0.0,0.0,0.0,0.0,0.0,0.0,0.0,0.0,0.0,0.0,0.0,0.0,0.0,0.0,0.0,0.0,0.0,0.0,0.0,0.0,0.0,0.0,0.0,0.0,0.0,0.0,0.0,0.0,0.0,0.0,0.0,0.0,0.0,0.0,0.0,0.0,0.0,0.0,0.0,0.0,0.0,0.0,0.0,0.0,0.0,0.0,0.0,0.0
10.0,4.0,3.0,1.0,2.0,2.0,3.0,2.0,0.0,0.0,0.0,1.0,0.0,2.0,0.0,0.0,0.0,0.0,0.0,0.0,3.0,0.0,0.0,0.0,2.0,1.0,0.0,0.0,0.0,1.0,0.0,0.0,0.0,0.0,0.0,0.0,0.0,0.0,1.0,0.0,0.0,0.0,1.0,1.0,0.0,0.0,1.0,0.0,0.0,0.0,0.0,0.0,0.0,0.0,1.0,0.0,0.0,0.0,0.0,0.0,0.0,0.0,0.0,0.0,0.0,1.0,0.0,1.0,0.0,1.0,0.0,1.0,0.0,0.0,0.0,1.0,1.0,0.0,0.0,1.0,0.0,0.0,0.0,0.0,0.0,0.0,0.0,0.0,0.0,0.0,0.0,0.0,0.0,0.0,0.0,0.0,0.0,0.0,0.0,0.0,0.0,0.0,0.0,0.0,0.0,0.0,0.0,0.0,0.0,0.0,0.0,0.0,0.0,0.0,0.0,0.0,0.0,0.0,0.0,0.0,0.0,0.0,0.0,0.0,0.0,0.0,1.0,0.0,0.0,0.0,0.0,0.0,0.0,0.0,0.0,0.0,0.0,0.0,1.0,0.0,0.0,0.0,0.0,0.0,0.0,0.0,0.0,0.0,0.0
10.42,5.09,3.03,1.06,2.0,2.0,4.12,2.0,0.0,0.0,0.0,1.06,0.06,2.0,0.0,0.0,0.0,0.0,0.03,0.0,4.06,0.06,0.0,0.0,2.06,2.0,0.06,0.0,0.0,2.0,0.0,0.0,0.0,0.0,0.0,0.09,0.0,0.0,1.03,0.0,0.09,0.0,0.97,1.03,0.0,0.0,2.0,0.0,0.0,0.0,0.0,0.09,0.0,0.0,1.03,0.06,0.0,0.0,0.0,0.09,0.0,0.0,0.0,0.0,0.0,1.03,0.0,1.03,0.03,1.03,0.0,1.03,0.0,0.0,0.0,0.97,1.03,0.0,0.0,1.03,0.0,0.0,0.0,0.0,0.0,0.0,0.0,0.0,0.0,0.0,0.0,0.0,0.0,0.0,0.06,0.0,0.0,0.0,0.0,0.0,0.09,0.0,0.0,0.0,0.0,0.0,0.0,0.0,0.0,0.0,0.09,0.0,0.0,0.0,0.0,0.0,0.0,0.0,0.06,0.0,0.0,0.0,0.0,0.06,0.0,0.0,0.97,0.0,0.0,0.0,0.0,0.0,0.0,0.0,0.0,0.0,0.0,0.0,0.97,0.0,0.0,0.0,0.0,0.0,0.0,0.0,0.0,0.0,0.0
5.18,2.18,3.0,0.0,0.82,0.0,2.0,0.82,2.46,0.0,0.0,0.82,0.0,0.0,0.0,0.0,0.0,0.0,0.18,0.0,1.18,0.0,0.0,0.0,0.82,0.82,0.0,0.0,0.0,0.82,1.64,0.82,0.0,0.36,0.0,0.0,0.0,0.0,0.0,0.0,0.0,0.0,0.0,0.0,0.0,0.0,0.0,0.0,0.0,0.0,0.0,0.0,0.0,0.0,0.0,0.0,0.0,0.0,0.0,0.0,0.0,0.0,0.0,0.0,0.36,0.0,0.0,0.0,0.0,0.0,0.0,0.0,0.0,0.0,0.0,0.0,0.0,0.0,0.0,0.0,1.64,0.0,0.0,0.0,0.0,0.0,0.0,0.0,0.0,0.0,0.0,0.36,0.0,0.0,0.0,1.64,0.0,0.0,0.0,0.0,0.0,0.0,0.0,0.0,0.82,0.0,0.0,0.0,0.0,0.0,0.0,0.0,0.0,0.0,0.0,1.64,0.0,0.0,0.0,0.0,0.0,0.0,0.36,0.0,0.0,0.0,0.0,0.0,0.0,0.0,0.0,0.0,0.0,0.36,0.36,0.0,0.0,0.0,0.0,0.82,0.0,0.36,0.0,0.36,0.0,0.82,0.0,0.0,0.0
8.881782,1.763564,2.440891,0.7795545,0.2204455,0.7795545,1.322673,0.2204455,1.440891,0.2204455,0.6613365,0.2204455,0.0,0.0,0.2204455,0.6613365,0.440891,0.0,0.440891,0.0,0.440891,0.0,0.0,0.7795545,0.440891,0.2204455,0.0,0.0,0.0,0.2204455,0.440891,0.2204455,0.0,0.881782,0.0,0.0,0.0,0.0,0.2204455,0.0,0.0,0.0,0.0,0.2204455,0.0,0.0,0.0,0.2204455,0.0,0.2204455,0.0,0.0,0.0,0.0,0.0,0.0,0.0,0.0,0.0,0.0,0.0,0.0,0.0,0.0,0.881782,0.0,0.0,0.0,0.0,0.0,0.0,0.0,0.0,0.0,0.0,0.0,0.0,0.0,0.0,0.0,0.440891,0.0,0.0,0.0,0.0,0.0,0.0,0.0,0.0,0.0,0.0,0.881782,0.0,0.0,0.0,0.440891,0.0,0.0,0.0,0.0,0.0,0.0,0.0,0.0,0.2204455,0.0,0.0,0.0,0.0,0.0,0.0,0.0,0.0,0.0,0.0,0.440891,0.0,0.0,0.0,0.0,0.0,0.0,0.0,0.0,0.0,0.0,0.0,0.440891,0.0,0.0,0.0,0.0,0.0,0.0,0.0,0.0,0.0,0.0,0.0,0.2204455,0.0,0.881782,0.0,0.0,0.0,0.2204455,0.0,0.0,0.0
4.0,2.5,3.0,0.0,1.0,0.0,1.5,1.0,2.0,0.0,0.0,0.0,0.0,0.0,0.0,0.0,0.0,0.0,0.0,0.0,1.5,0.0,0.0,0.0,0.0,0.5,0.0,0.0,0.0,0.5,1.0,0.0,0.0,0.0,0.0,0.0,0.0,0.0,0.0,0.0,0.0,0.0,0.0,0.0,0.0,0.0,0.0,0.0,0.0,0.0,0.0,0.0,0.0,0.0,0.0,0.0,0.0,0.0,0.0,0.0,1.0,0.0,0.0,0.0,0.0,0.0,0.0,0.0,0.0,0.0,0.0,0.0,0.0,0.0,0.0,0.0,0.0,0.0,0.0,0.0,1.5,0.0,0.0,0.0,0.0,0.0,0.0,0.0,0.0,0.0,0.0,0.0,0.0,0.0,0.0,0.0,0.0,0.0,0.0,0.0,0.0,0.0,0.0,0.0,0.0,0.0,0.0,0.0,0.0,0.0,0.0,0.0,0.0,0.0,0.0,0.5,0.0,0.0,0.0,0.0,0.0,0.0,0.0,0.0,0.0,0.0,0.0,0.0,0.0,0.0,0.0,0.0,0.0,0.0,0.0,0.0,0.0,0.0,0.0,0.0,0.0,0.0,0.0,0.0,0.0,0.0,0.0,0.0,0.0
16.869812,3.5761797,13.445992,0.0,3.4349065,0.0,0.0,3.4349065,10.587266,2.0,3.7174532,0.0,0.0,0.0,3.7174532,1.7174532,3.4349065,0.0,0.0,1.7174532,0.0,0.0,0.0,0.0,0.0,0.0,0.0,0.0,0.0,0.0,3.4349065,0.0,0.0,0.0,1.7174532,0.0,0.0,1.7174532,0.0,0.0,0.0,0.0,0.0,0.0,0.0,0.0,0.0,0.0,3.7174532,0.0,5.1523595,0.0,0.0,0.0,0.0,0.0,0.0,3.4349065,0.0,0.0,3.4349065,0.0,0.0,0.0,0.0,0.0,0.0,0.0,0.0,0.0,0.0,0.0,1.7174532,0.0,0.0,0.0,0.0,0.0,0.0,0.0,0.0,0.0,0.0,0.0,0.0,0.0,0.0,0.0,0.0,0.0,0.0,0.0,0.0,3.4349065,0.0,0.0,0.0,0.0,0.0,0.0,0.0,0.0,0.0,0.0,0.0,0.0,0.0,0.0,0.0,0.0,0.0,0.0,0.0,0.0,0.0,0.0,0.0,0.0,0.0,0.0,0.0,0.0,0.0,0.0,0.0,0.0,0.0,0.0,0.0,0.0,0.0,0.0,3.4349065,0.0,0.0,3.4349065,2.5761797,0.8587266,0.0,0.0,0.0,0.0,1.7174532,0.0,1.7174532,0.0,1.7174532,0.0,0.0
10.0,4.0,3.0,1.0,2.0,2.0,3.0,2.0,0.0,0.0,0.0,1.0,0.0,2.0,0.0,0.0,0.0,0.0,0.0,0.0,3.0,0.0,0.0,0.0,2.0,1.0,0.0,0.0,0.0,1.0,0.0,0.0,0.0,0.0,0.0,0.0,0.0,0.0,1.0,0.0,0.0,0.0,1.0,1.0,0.0,0.0,1.0,0.0,0.0,0.0,0.0,0.0,0.0,0.0,1.0,0.0,0.0,0.0,0.0,0.0,0.0,0.0,0.0,0.0,0.0,1.0,0.0,1.0,0.0,1.0,0.0,1.0,0.0,0.0,0.0,1.0,1.0,0.0,0.0,1.0,0.0,0.0,0.0,0.0,0.0,0.0,0.0,0.0,0.0,0.0,0.0,0.0,0.0,0.0,0.0,0.0,0.0,0.0,0.0,0.0,0.0,0.0,0.0,0.0,0.0,0.0,0.0,0.0,0.0,0.0,0.0,0.0,0.0,0.0,0.0,0.0,0.0,0.0,0.0,0.0,0.0,0.0,0.0,0.0,0.0,0.0,1.0,0.0,0.0,0.0,0.0,0.0,0.0,0.0,0.0,0.0,0.0,0.0,1.0,0.0,0.0,0.0,0.0,0.0,0.0,0.0,0.0,0.0,0.0
10.0,4.0,3.0,1.0,2.0,2.0,3.0,2.0,0.0,0.0,0.0,1.0,0.0,2.0,0.0,0.0,0.0,0.0,0.0,0.0,3.0,0.0,0.0,0.0,2.0,1.0,0.0,0.0,0.0,1.0,0.0,0.0,0.0,0.0,0.0,0.0,0.0,0.0,1.0,0.0,0.0,0.0,1.0,1.0,0.0,0.0,1.0,0.0,0.0,0.0,0.0,0.0,0.0,0.0,1.0,0.0,0.0,0.0,0.0,0.0,0.0,0.0,0.0,0.0,0.0,1.0,0.0,1.0,0.0,1.0,0.0,1.0,0.0,0.0,0.0,1.0,1.0,0.0,0.0,1.0,0.0,0.0,0.0,0.0,0.0,0.0,0.0,0.0,0.0,0.0,0.0,0.0,0.0,0.0,0.0,0.0,0.0,0.0,0.0,0.0,0.0,0.0,0.0,0.0,0.0,0.0,0.0,0.0,0.0,0.0,0.0,0.0,0.0,0.0,0.0,0.0,0.0,0.0,0.0,0.0,0.0,0.0,0.0,0.0,0.0,0.0,1.0,0.0,0.0,0.0,0.0,0.0,0.0,0.0,0.0,0.0,0.0,0.0,1.0,0.0,0.0,0.0,0.0,0.0,0.0,0.0,0.0,0.0,0.0
10.0,4.0,3.0,1.0,2.0,2.0,3.0,2.0,0.0,0.0,0.0,1.0,0.0,2.0,0.0,0.0,0.0,0.0,0.0,0.0,3.0,0.0,0.0,0.0,2.0,1.0,0.0,0.0,0.0,1.0,0.0,0.0,0.0,0.0,0.0,0.0,0.0,0.0,1.0,0.0,0.0,0.0,1.0,1.0,0.0,0.0,1.0,0.0,0.0,0.0,0.0,0.0,0.0,0.0,1.0,0.0,0.0,0.0,0.0,0.0,0.0,0.0,0.0,0.0,0.0,1.0,0.0,1.0,0.0,1.0,0.0,1.0,0.0,0.0,0.0,1.0,1.0,0.0,0.0,1.0,0.0,0.0,0.0,0.0,0.0,0.0,0.0,0.0,0.0,0.0,0.0,0.0,0.0,0.0,0.0,0.0,0.0,0.0,0.0,0.0,0.0,0.0,0.0,0.0,0.0,0.0,0.0,0.0,0.0,0.0,0.0,0.0,0.0,0.0,0.0,0.0,0.0,0.0,0.0,0.0,0.0,0.0,0.0,0.0,0.0,0.0,1.0,0.0,0.0,0.0,0.0,0.0,0.0,0.0,0.0,0.0,0.0,0.0,1.0,0.0,0.0,0.0,0.0,0.0,0.0,0.0,0.0,0.0,0.0
11.727273,4.181818,4.181818,1.0909091,2.1818182,2.1818182,3.0,2.1818182,1.0,0.09090909,0.27272728,1.0,0.0,2.1818182,0.18181819,0.27272728,0.36363637,0.09090909,0.0,0.18181819,3.0,0.0,0.18181819,0.0,2.0,1.0,0.0,0.18181819,0.18181819,1.0,0.0,0.0,0.18181819,0.0,0.09090909,0.0,0.0,0.18181819,1.0,0.09090909,0.0,0.18181819,0.90909094,1.0,0.18181819,0.0,1.0,0.09090909,0.0,0.18181819,0.0,0.0,0.0,0.09090909,1.0,0.0,0.18181819,0.0,0.09090909,0.0,0.0,0.18181819,0.0,0.0,0.0,1.0,0.0,0.0,0.0,0.0,0.0,1.0,0.0,0.0,0.0,0.90909094,0.0,0.18181819,0.09090909,0.0,2.0,0.0,0.0,0.0,0.0,0.0,0.0,0.18181819,0.0,0.09090909,0.0,0.0,0.0,0.0,0.0,1.0,0.0,0.0,0.0,0.0,0.0,0.0,0.0,0.0,0.0,0.0,0.0,0.0,0.0,0.09090909,0.0,0.0,0.0,0.18181819,0.0,0.0,0.0,0.0,0.0,0.0,0.0,0.0,0.0,0.0,0.0,0.0,0.90909094,0.0,0.0,0.0,0.0,0.0,0.0,0.0,0.0,0.0,0.0,0.0,0.0,0.0,0.0,0.0,0.0,0.0,0.0,0.0,0.0,0.0,0.0
11.727273,4.0,4.181818,1.0909091,2.0,2.1818182,3.0,2.0,1.0,0.0,0.0,1.0,0.0,2.0,0.0,0.0,0.0,0.0,0.0,0.0,3.0,0.0,0.0,0.0,2.0,1.0,0.0,0.0,0.0,1.0,0.0,0.0,0.0,0.0,0.0,0.0,0.0,0.0,1.0,0.09090909,0.0,0.0,1.0,1.0,0.0,0.0,1.0,0.0,0.0,0.0,0.0,0.0,0.0,0.09090909,1.0,0.0,0.09090909,0.0,0.0,0.0,0.0,0.18181819,0.0,0.0,0.0,1.0,0.0,0.0,0.0,0.0,0.0,1.0,0.0,0.0,0.0,0.90909094,0.0,0.0,0.0,0.0,2.0,0.0,0.0,0.0,0.0,0.0,0.0,0.0,0.0,0.0,0.0,0.0,0.0,0.0,0.0,1.0,0.0,0.0,0.0,0.0,0.0,0.09090909,0.0,0.0,0.0,0.09090909,0.0,0.0,0.0,0.0,0.0,0.0,0.0,0.0,0.0,0.0,0.0,0.0,0.0,0.0,0.0,0.0,0.0,0.0,0.0,0.0,0.90909094,0.0,0.0,0.0,0.0,0.0,0.0,0.0,0.0,0.0,0.0,0.0,0.0,0.0,0.0,0.0,0.0,0.0,0.0,0.0,0.0,0.0,0.0
18.0,3.0,6.0,2.0,0.0,2.0,4.0,0.0,7.0,0.0,0.0,1.0,2.0,0.0,0.0,0.0,0.0,0.0,0.0,0.0,3.0,1.0,0.0,6.0,1.0,0.0,2.0,0.0,0.0,0.0,0.0,4.0,0.0,0.0,0.0,0.0,1.0,0.0,0.0,0.0,0.0,0.0,0.0,0.0,0.0,0.0,0.0,0.0,0.0,0.0,0.0,0.0,6.0,0.0,0.0,1.0,0.0,0.0,0.0,0.0,0.0,0.0,2.0,2.0,0.0,0.0,1.0,1.0,0.0,1.0,0.0,0.0,0.0,1.0,0.0,0.0,0.0,0.0,0.0,0.0,1.0,0.0,0.0,0.0,0.0,2.0,3.0,0.0,0.0,0.0,1.0,0.0,0.0,0.0,0.0,1.0,1.0,0.0,0.0,0.0,0.0,0.0,0.0,0.0,0.0,0.0,0.0,0.0,0.0,0.0,0.0,0.0,0.0,0.0,0.0,0.0,0.0,0.0,0.0,0.0,0.0,0.0,0.0,0.0,0.0,0.0,0.0,0.0,0.0,0.0,1.0,0.0,0.0,0.0,0.0,0.0,0.0,0.0,0.0,0.0,0.0,0.0,0.0,0.0,0.0,0.0,0.0,0.0,0.0
25.0,4.0,2.0,3.0,2.0,2.0,4.0,2.0,0.0,3.0,3.0,2.0,2.0,2.0,1.0,1.0,1.0,2.0,0.0,1.0,0.0,2.0,1.0,0.0,0.0,0.0,0.0,1.0,1.0,0.0,0.0,0.0,1.0,0.0,0.0,0.0,0.0,0.0,0.0,1.0,0.0,1.0,0.0,0.0,1.0,0.0,0.0,0.0,0.0,0.0,0.0,0.0,0.0,0.0,0.0,0.0,2.0,0.0,0.0,0.0,0.0,0.0,0.0,0.0,0.0,0.0,0.0,0.0,0.0,0.0,1.0,0.0,0.0,0.0,1.0,0.0,0.0,0.0,0.0,0.0,0.0,0.0,0.0,1.0,0.0,0.0,0.0,0.0,1.0,0.0,0.0,0.0,0.0,0.0,0.0,0.0,0.0,0.0,0.0,0.0,0.0,0.0,0.0,0.0,0.0,0.0,0.0,0.0,0.0,0.0,0.0,0.0,0.0,0.0,0.0,0.0,0.0,0.0,0.0,0.0,0.0,0.0,0.0,0.0,0.0,0.0,0.0,0.0,0.0,0.0,0.0,0.0,0.0,0.0,0.0,0.0,0.0,0.0,0.0,0.0,0.0,0.0,0.0,0.0,0.0,0.0,0.0,0.0,0.0
19.0,4.0,2.0,3.0,0.0,2.0,3.0,0.0,1.0,0.0,0.0,0.0,3.0,0.0,0.0,0.0,0.0,0.0,1.0,0.0,0.0,0.0,0.0,2.0,0.0,0.0,2.0,0.0,0.0,0.0,0.0,0.0,0.0,2.0,0.0,0.0,1.0,0.0,0.0,0.0,0.0,0.0,0.0,0.0,0.0,2.0,0.0,0.0,0.0,0.0,0.0,0.0,2.0,0.0,0.0,0.0,0.0,0.0,0.0,0.0,0.0,0.0,0.0,2.0,0.0,0.0,0.0,0.0,0.0,0.0,0.0,0.0,0.0,1.0,0.0,0.0,0.0,0.0,0.0,0.0,0.0,0.0,0.0,0.0,0.0,0.0,0.0,0.0,0.0,0.0,0.0,2.0,0.0,0.0,0.0,0.0,0.0,0.0,0.0,0.0,0.0,0.0,0.0,0.0,0.0,0.0,1.0,0.0,0.0,0.0,0.0,0.0,0.0,0.0,2.0,0.0,0.0,0.0,0.0,0.0,0.0,0.0,0.0,0.0,0.0,0.0,0.0,0.0,0.0,0.0,0.0,0.0,0.0,0.0,0.0,0.0,0.0,0.0,0.0,0.0,0.0,0.0,0.0,0.0,0.0,0.0,0.0,0.0,0.0
22.0,9.0,2.0,3.0,0.0,0.0,6.0,0.0,0.0,1.0,1.0,2.0,2.0,0.0,0.0,0.0,0.0,1.0,1.0,0.0,4.0,2.0,0.0,0.0,2.0,0.0,0.0,0.0,0.0,0.0,0.0,0.0,0.0,1.0,0.0,1.0,0.0,0.0,0.0,0.0,1.0,0.0,0.0,0.0,0.0,0.0,0.0,0.0,0.0,0.0,0.0,0.0,0.0,0.0,0.0,0.0,0.0,0.0,0.0,0.0,0.0,0.0,0.0,0.0,1.0,0.0,0.0,2.0,0.0,2.0,0.0,0.0,0.0,0.0,0.0,0.0,0.0,0.0,0.0,0.0,0.0,0.0,1.0,0.0,0.0,0.0,0.0,0.0,0.0,0.0,0.0,0.0,0.0,0.0,0.0,0.0,2.0,0.0,0.0,0.0,0.0,0.0,1.0,0.0,0.0,0.0,0.0,0.0,0.0,0.0,0.0,0.0,0.0,0.0,0.0,0.0,0.0,0.0,0.0,0.0,0.0,0.0,1.0,0.0,0.0,0.0,0.0,0.0,0.0,0.0,2.0,0.0,0.0,0.0,0.0,0.0,0.0,0.0,0.0,0.0,0.0,0.0,0.0,1.0,0.0,0.0,0.0,0.0,0.0
10.0,5.0,8.0,0.0,2.0,0.0,4.0,2.0,6.0,0.0,0.0,1.0,0.0,0.0,0.0,0.0,0.0,0.0,0.0,0.0,4.0,0.0,0.0,0.0,2.0,2.0,0.0,0.0,0.0,2.0,2.0,0.0,0.0,0.0,0.0,0.0,0.0,0.0,1.0,0.0,0.0,0.0,0.0,1.0,0.0,0.0,0.0,0.0,0.0,0.0,2.0,0.0,0.0,0.0,0.0,0.0,0.0,0.0,0.0,0.0,2.0,0.0,0.0,0.0,0.0,0.0,0.0,0.0,0.0,0.0,0.0,0.0,0.0,0.0,0.0,0.0,0.0,0.0,0.0,0.0,4.0,0.0,0.0,0.0,0.0,0.0,0.0,0.0,0.0,0.0,0.0,0.0,0.0,0.0,0.0,2.0,0.0,0.0,0.0,0.0,0.0,0.0,0.0,0.0,0.0,0.0,0.0,0.0,0.0,0.0,0.0,0.0,0.0,0.0,0.0,2.0,0.0,0.0,0.0,0.0,0.0,0.0,0.0,0.0,0.0,0.0,0.0,1.0,0.0,0.0,0.0,0.0,0.0,0.0,0.0,0.0,0.0,0.0,0.0,0.0,0.0,0.0,0.0,0.0,0.0,0.0,0.0,0.0,0.0
3.0,2.0,2.0,0.0,1.0,0.0,1.0,1.0,1.0,0.0,0.0,0.0,0.0,0.0,0.0,0.0,0.0,0.0,0.0,0.0,1.0,0.0,0.0,0.0,0.0,1.0,0.0,0.0,0.0,1.0,1.0,0.0,0.0,0.0,0.0,0.0,0.0,0.0,0.0,0.0,0.0,0.0,0.0,0.0,0.0,0.0,0.0,0.0,0.0,0.0,0.0,0.0,0.0,0.0,0.0,0.0,0.0,0.0,0.0,0.0,0.0,0.0,0.0,0.0,0.0,0.0,0.0,0.0,0.0,0.0,0.0,0.0,0.0,0.0,0.0,0.0,0.0,0.0,0.0,0.0,1.0,0.0,0.0,0.0,0.0,0.0,0.0,0.0,0.0,0.0,0.0,0.0,0.0,0.0,0.0,0.0,0.0,0.0,0.0,0.0,0.0,0.0,0.0,0.0,0.0,0.0,0.0,0.0,0.0,0.0,0.0,0.0,0.0,0.0,0.0,1.0,0.0,0.0,0.0,0.0,0.0,0.0,0.0,0.0,0.0,0.0,0.0,0.0,0.0,0.0,0.0,0.0,0.0,0.0,0.0,0.0,0.0,0.0,0.0,0.0,0.0,0.0,0.0,0.0,0.0,0.0,0.0,0.0,0.0
36.0,4.0,19.0,3.0,0.0,3.0,3.0,0.0,20.0,0.0,0.0,0.0,3.0,0.0,0.0,0.0,0.0,0.0,1.0,0.0,0.0,0.0,0.0,7.0,0.0,0.0,2.0,0.0,0.0,0.0,0.0,4.0,0.0,2.0,0.0,0.0,1.0,0.0,0.0,0.0,0.0,0.0,0.0,0.0,0.0,2.0,0.0,0.0,0.0,0.0,12.0,0.0,6.0,0.0,0.0,0.0,0.0,0.0,0.0,0.0,0.0,0.0,2.0,2.0,0.0,0.0,1.0,0.0,0.0,0.0,0.0,0.0,0.0,1.0,0.0,0.0,0.0,0.0,0.0,0.0,0.0,0.0,0.0,0.0,0.0,2.0,0.0,0.0,0.0,0.0,1.0,2.0,0.0,0.0,0.0,0.0,0.0,0.0,0.0,0.0,0.0,0.0,0.0,1.0,0.0,0.0,1.0,0.0,0.0,0.0,0.0,0.0,0.0,0.0,2.0,0.0,0.0,0.0,0.0,0.0,0.0,0.0,0.0,0.0,0.0,0.0,0.0,0.0,0.0,0.0,0.0,0.0,0.0,0.0,0.0,0.0,0.0,0.0,0.0,0.0,0.0,0.0,0.0,0.0,0.0,0.0,0.0,0.0,0.0
11.0,1.0,10.0,0.0,1.0,0.0,0.0,1.0,9.0,1.0,1.0,0.0,0.0,0.0,1.0,0.0,0.0,0.0,0.0,0.0,0.0,0.0,0.0,0.0,0.0,0.0,0.0,0.0,0.0,0.0,1.0,0.0,0.0,0.0,0.0,0.0,0.0,0.0,0.0,0.0,0.0,0.0,0.0,0.0,0.0,0.0,0.0,0.0,1.0,0.0,7.0,0.0,0.0,0.0,0.0,0.0,0.0,0.0,0.0,0.0,1.0,0.0,0.0,0.0,0.0,0.0,0.0,0.0,0.0,0.0,0.0,0.0,0.0,0.0,0.0,0.0,0.0,0.0,0.0,0.0,0.0,0.0,0.0,0.0,0.0,0.0,0.0,0.0,0.0,0.0,0.0,0.0,0.0,1.0,0.0,0.0,0.0,0.0,0.0,0.0,0.0,0.0,0.0,0.0,0.0,0.0,0.0,0.0,0.0,0.0,0.0,0.0,0.0,0.0,0.0,0.0,0.0,0.0,0.0,0.0,0.0,0.0,0.0,0.0,0.0,0.0,0.0,0.0,0.0,0.0,0.0,0.0,0.0,0.0,0.0,0.0,0.0,0.0,0.0,0.0,0.0,0.0,0.0,0.0,0.0,0.0,0.0,0.0,0.0
3.18,0.054,2.054,0.018,0.0,0.036,0.036,0.0,1.0,0.982,0.0,0.0,0.0,0.0,0.0,0.0,0.0,0.0,0.018,0.0,0.036,0.0,0.0,0.018,0.0,0.0,0.0,0.0,0.0,0.0,0.0,0.0,0.0,0.036,0.0,0.0,0.0,0.0,0.0,0.0,0.0,0.0,0.018,0.0,0.0,0.0,0.0,0.0,0.0,0.0,0.0,0.0,0.0,0.0,0.0,0.0,0.0,0.0,0.0,0.0,0.0,0.0,0.0,0.0,0.036,0.0,0.0,0.0,0.0,0.0,0.0,0.0,0.0,0.0,0.0,0.0,0.0,0.0,0.0,0.0,0.0,0.0,0.0,0.0,0.0,0.0,0.0,0.0,0.0,0.0,0.0,0.036,0.0,0.0,0.0,0.0,0.0,0.0,0.0,0.0,0.0,0.0,0.0,0.0,0.0,0.0,0.0,0.0,0.0,0.0,0.0,0.0,0.0,0.0,0.0,0.0,0.0,0.0,0.0,0.0,0.0,0.0,0.036,0.0,0.0,0.0,0.0,0.0,0.0,0.0,0.0,0.0,0.0,0.036,0.036,0.0,0.0,0.0,0.0,0.0,0.0,0.036,0.0,0.036,0.0,0.0,0.0,0.0,0.0
8.7,0.25,2.2,1.05,0.05,0.95,0.2,0.05,1.1,0.1,0.25,0.05,0.05,0.0,0.2,0.2,0.3,0.05,0.05,0.0,0.15,0.0,0.1,0.95,0.1,0.05,0.0,0.0,0.0,0.05,0.1,0.05,0.0,0.1,0.1,0.0,0.0,0.0,0.05,0.0,0.0,0.0,0.0,0.05,0.0,0.05,0.0,0.05,0.0,0.1,0.0,0.0,0.0,0.0,0.0,0.0,0.0,0.0,0.05,0.0,0.0,0.0,0.0,0.0,0.0,0.0,0.0,0.05,0.0,0.05,0.0,0.0,0.0,0.0,0.0,0.0,0.05,0.0,0.0,0.05,0.1,0.0,0.0,0.0,0.0,0.0,0.0,0.0,0.0,0.05,0.0,0.1,0.0,0.0,0.0,0.1,0.0,0.0,0.0,0.0,0.0,0.0,0.0,0.0,0.05,0.0,0.0,0.0,0.0,0.0,0.0,0.0,0.0,0.0,0.05,0.1,0.0,0.0,0.0,0.0,0.0,0.0,0.05,0.0,0.0,0.0,0.0,0.1,0.0,0.0,0.0,0.0,0.0,0.05,0.05,0.0,0.0,0.0,0.0,0.05,0.0,0.0,0.0,0.0,0.0,0.05,0.0,0.0,0.0
8.0,4.0,6.0,0.0,2.0,0.0,3.0,2.0,4.0,0.0,0.0,1.0,0.0,0.0,0.0,0.0,0.0,0.0,0.0,0.0,3.0,0.0,0.0,0.0,2.0,1.0,0.0,0.0,0.0,1.0,2.0,0.0,0.0,0.0,0.0,0.0,0.0,0.0,1.0,0.0,0.0,0.0,0.0,1.0,0.0,0.0,0.0,0.0,0.0,0.0,0.0,0.0,0.0,0.0,0.0,0.0,0.0,0.0,0.0,0.0,2.0,0.0,0.0,0.0,0.0,0.0,0.0,0.0,0.0,0.0,0.0,0.0,0.0,0.0,0.0,0.0,0.0,0.0,0.0,0.0,3.0,0.0,0.0,0.0,0.0,0.0,0.0,0.0,0.0,0.0,0.0,0.0,0.0,0.0,0.0,2.0,0.0,0.0,0.0,0.0,0.0,0.0,0.0,0.0,0.0,0.0,0.0,0.0,0.0,0.0,0.0,0.0,0.0,0.0,0.0,1.0,0.0,0.0,0.0,0.0,0.0,0.0,0.0,0.0,0.0,0.0,0.0,1.0,0.0,0.0,0.0,0.0,0.0,0.0,0.0,0.0,0.0,0.0,0.0,0.0,0.0,0.0,0.0,0.0,0.0,0.0,0.0,0.0,0.0
8.280049,0.16802976,2.028005,1.028005,0.02800496,1.028005,0.08401488,0.02800496,1.0,0.02800496,0.05600992,0.0,0.02800496,0.0,0.02800496,0.02800496,0.02800496,0.0,0.05600992,0.02800496,0.0,0.0,0.0,0.97199506,0.0,0.0,0.0,0.0,0.0,0.0,0.02800496,0.0,0.0,0.08401488,0.0,0.02800496,0.0,0.0,0.0,0.0,0.02800496,0.0,0.0,0.0,0.0,0.02800496,0.0,0.0,0.02800496,0.0,0.0,0.02800496,0.0,0.0,0.0,0.0,0.0,0.02800496,0.0,0.02800496,0.0,0.0,0.0,0.0,0.11201984,0.0,0.0,0.0,0.0,0.0,0.0,0.0,0.02800496,0.0,0.0,0.0,0.0,0.0,0.0,0.0,0.0,0.02800496,0.02800496,0.0,0.0,0.0,0.0,0.0,0.0,0.0,0.0,0.05600992,0.02800496,0.0,0.0,0.0,0.0,0.0,0.02800496,0.0,0.0,0.0,0.0,0.0,0.0,0.0,0.0,0.0,0.0,0.0,0.0,0.0,0.0,0.0,0.0,0.0,0.0,0.0,0.0,0.02800496,0.0,0.0,0.0,0.0,0.0,0.0,0.0,0.0,0.0,0.0,0.0,0.0,0.0,0.0,0.0,0.0,0.0,0.0,0.0,0.0,0.0,0.05600992,0.0,0.0,0.0,0.0,0.0,0.0,0.0
8.280049,0.16802976,2.028005,1.028005,0.02800496,1.028005,0.08401488,0.02800496,1.0,0.02800496,0.05600992,0.0,0.02800496,0.0,0.02800496,0.02800496,0.02800496,0.0,0.05600992,0.02800496,0.0,0.0,0.0,0.97199506,0.0,0.0,0.0,0.0,0.0,0.0,0.02800496,0.0,0.0,0.08401488,0.0,0.02800496,0.0,0.0,0.0,0.0,0.02800496,0.0,0.0,0.0,0.0,0.02800496,0.0,0.0,0.02800496,0.0,0.0,0.02800496,0.0,0.0,0.0,0.0,0.0,0.02800496,0.0,0.02800496,0.0,0.0,0.0,0.0,0.11201984,0.0,0.0,0.0,0.0,0.0,0.0,0.0,0.02800496,0.0,0.0,0.0,0.0,0.0,0.0,0.0,0.0,0.02800496,0.02800496,0.0,0.0,0.0,0.0,0.0,0.0,0.0,0.0,0.05600992,0.02800496,0.0,0.0,0.0,0.0,0.0,0.02800496,0.0,0.0,0.0,0.0,0.0,0.0,0.0,0.0,0.0,0.0,0.0,0.0,0.0,0.0,0.0,0.0,0.0,0.0,0.0,0.0,0.02800496,0.0,0.0,0.0,0.0,0.0,0.0,0.0,0.0,0.0,0.0,0.0,0.0,0.0,0.0,0.0,0.0,0.0,0.0,0.0,0.0,0.0,0.05600992,0.0,0.0,0.0,0.0,0.0,0.0,0.0
11.0,2.0,9.0,0.0,2.0,0.0,0.0,2.0,7.0,2.0,3.0,0.0,0.0,0.0,3.0,1.0,2.0,0.0,0.0,1.0,0.0,0.0,0.0,0.0,0.0,0.0,0.0,0.0,0.0,0.0,2.0,0.0,0.0,0.0,1.0,0.0,0.0,1.0,0.0,0.0,0.0,0.0,0.0,0.0,0.0,0.0,0.0,0.0,3.0,0.0,3.0,0.0,0.0,0.0,0.0,0.0,0.0,2.0,0.0,0.0,2.0,0.0,0.0,0.0,0.0,0.0,0.0,0.0,0.0,0.0,0.0,0.0,1.0,0.0,0.0,0.0,0.0,0.0,0.0,0.0,0.0,0.0,0.0,0.0,0.0,0.0,0.0,0.0,0.0,0.0,0.0,0.0,0.0,3.0,0.0,0.0,0.0,0.0,0.0,0.0,0.0,0.0,0.0,0.0,0.0,0.0,0.0,0.0,0.0,0.0,0.0,0.0,0.0,0.0,0.0,0.0,0.0,0.0,0.0,0.0,0.0,0.0,0.0,0.0,0.0,0.0,0.0,0.0,0.0,0.0,0.0,0.0,2.0,0.0,0.0,2.0,1.0,0.0,0.0,0.0,0.0,0.0,0.0,0.0,1.0,0.0,0.0,0.0,0.0
11.0,2.0,9.0,0.0,2.0,0.0,0.0,2.0,7.0,2.0,3.0,0.0,0.0,0.0,3.0,1.0,2.0,0.0,0.0,1.0,0.0,0.0,0.0,0.0,0.0,0.0,0.0,0.0,0.0,0.0,2.0,0.0,0.0,0.0,1.0,0.0,0.0,1.0,0.0,0.0,0.0,0.0,0.0,0.0,0.0,0.0,0.0,0.0,3.0,0.0,3.0,0.0,0.0,0.0,0.0,0.0,0.0,2.0,0.0,0.0,2.0,0.0,0.0,0.0,0.0,0.0,0.0,0.0,0.0,0.0,0.0,0.0,1.0,0.0,0.0,0.0,0.0,0.0,0.0,0.0,0.0,0.0,0.0,0.0,0.0,0.0,0.0,0.0,0.0,0.0,0.0,0.0,0.0,3.0,0.0,0.0,0.0,0.0,0.0,0.0,0.0,0.0,0.0,0.0,0.0,0.0,0.0,0.0,0.0,0.0,0.0,0.0,0.0,0.0,0.0,0.0,0.0,0.0,0.0,0.0,0.0,0.0,0.0,0.0,0.0,0.0,0.0,0.0,0.0,0.0,0.0,0.0,2.0,0.0,0.0,2.0,1.0,0.0,0.0,0.0,0.0,0.0,0.0,0.0,1.0,0.0,0.0,0.0,0.0
3.195,0.13,2.13,0.0,0.065,0.0,0.13,0.065,1.13,0.935,0.0,0.065,0.0,0.0,0.0,0.0,0.0,0.0,0.0,0.0,0.13,0.0,0.0,0.0,0.13,0.065,0.0,0.0,0.0,0.065,0.13,0.065,0.0,0.0,0.0,0.0,0.0,0.0,0.065,0.0,0.0,0.0,0.0,0.065,0.0,0.0,0.0,0.0,0.0,0.0,0.0,0.0,0.0,0.0,0.0,0.0,0.0,0.0,0.0,0.0,0.0,0.0,0.0,0.0,0.0,0.0,0.0,0.0,0.0,0.0,0.0,0.0,0.0,0.0,0.0,0.0,0.0,0.0,0.0,0.0,0.13,0.0,0.0,0.0,0.0,0.0,0.0,0.0,0.0,0.0,0.0,0.0,0.0,0.0,0.0,0.13,0.0,0.0,0.0,0.0,0.0,0.0,0.0,0.0,0.065,0.0,0.0,0.0,0.0,0.0,0.0,0.0,0.0,0.0,0.0,0.13,0.0,0.0,0.0,0.0,0.0,0.0,0.0,0.0,0.0,0.0,0.0,0.13,0.0,0.0,0.0,0.0,0.0,0.0,0.0,0.0,0.0,0.0,0.0,0.065,0.0,0.0,0.0,0.0,0.0,0.065,0.0,0.0,0.0
8.1,0.5,2.3,0.9,0.1,0.9,0.4,0.1,1.2,0.0,0.0,0.1,0.0,0.0,0.0,0.0,0.0,0.0,0.1,0.0,0.3,0.0,0.0,0.9,0.1,0.1,0.0,0.0,0.0,0.1,0.2,0.1,0.0,0.2,0.0,0.0,0.0,0.0,0.0,0.0,0.0,0.0,0.0,0.0,0.0,0.0,0.0,0.0,0.0,0.0,0.0,0.0,0.0,0.0,0.0,0.0,0.0,0.0,0.0,0.0,0.0,0.0,0.0,0.0,0.2,0.0,0.0,0.0,0.0,0.0,0.0,0.0,0.0,0.0,0.0,0.0,0.0,0.0,0.0,0.0,0.2,0.0,0.0,0.0,0.0,0.0,0.0,0.0,0.0,0.0,0.0,0.2,0.0,0.0,0.0,0.2,0.0,0.0,0.0,0.0,0.0,0.0,0.0,0.0,0.1,0.0,0.0,0.0,0.0,0.0,0.0,0.0,0.0,0.0,0.0,0.2,0.0,0.0,0.0,0.0,0.0,0.0,0.2,0.0,0.0,0.0,0.0,0.0,0.0,0.0,0.0,0.0,0.0,0.2,0.2,0.0,0.0,0.0,0.0,0.1,0.0,0.2,0.0,0.2,0.0,0.1,0.0,0.0,0.0
4.4,2.2,2.6,0.0,0.8,0.0,1.6,0.8,2.4,0.0,0.0,0.8,0.0,0.0,0.0,0.0,0.0,0.0,0.2,0.0,0.8,0.0,0.0,0.0,0.8,0.8,0.0,0.0,0.0,0.8,1.6,0.8,0.0,0.0,0.0,0.0,0.0,0.0,0.0,0.0,0.0,0.0,0.0,0.0,0.0,0.0,0.0,0.0,0.0,0.0,0.0,0.0,0.0,0.0,0.0,0.0,0.0,0.0,0.0,0.0,0.0,0.0,0.0,0.0,0.4,0.0,0.0,0.0,0.0,0.0,0.0,0.0,0.0,0.0,0.0,0.0,0.0,0.0,0.0,0.0,1.6,0.0,0.0,0.0,0.0,0.0,0.0,0.0,0.0,0.0,0.0,0.0,0.0,0.0,0.0,1.6,0.0,0.0,0.0,0.0,0.0,0.0,0.0,0.0,0.8,0.0,0.0,0.0,0.0,0.0,0.0,0.0,0.0,0.0,0.0,1.6,0.0,0.0,0.0,0.0,0.0,0.0,0.0,0.0,0.0,0.0,0.0,0.0,0.0,0.0,0.0,0.0,0.0,0.0,0.0,0.0,0.0,0.0,0.0,0.8,0.0,0.0,0.0,0.0,0.0,0.8,0.0,0.0,0.0
17.391956,3.7719836,14.163939,0.0,3.6959782,0.0,0.0,3.6959782,11.239945,2.0,3.847989,0.0,0.0,0.0,3.847989,1.8479891,3.6959782,0.0,0.0,1.8479891,0.0,0.0,0.0,0.0,0.0,0.0,0.0,0.0,0.0,0.0,3.6959782,0.0,0.0,0.0,1.8479891,0.0,0.0,1.8479891,0.0,0.0,0.0,0.0,0.0,0.0,0.0,0.0,0.0,0.0,3.847989,0.0,5.5439672,0.0,0.0,0.0,0.0,0.0,0.0,3.6959782,0.0,0.0,3.6959782,0.0,0.0,0.0,0.0,0.0,0.0,0.0,0.0,0.0,0.0,0.0,1.8479891,0.0,0.0,0.0,0.0,0.0,0.0,0.0,0.0,0.0,0.0,0.0,0.0,0.0,0.0,0.0,0.0,0.0,0.0,0.0,0.0,3.6959782,0.0,0.0,0.0,0.0,0.0,0.0,0.0,0.0,0.0,0.0,0.0,0.0,0.0,0.0,0.0,0.0,0.0,0.0,0.0,0.0,0.0,0.0,0.0,0.0,0.0,0.0,0.0,0.0,0.0,0.0,0.0,0.0,0.0,0.0,0.0,0.0,0.0,0.0,3.6959782,0.0,0.0,3.6959782,2.7719836,0.92399454,0.0,0.0,0.0,0.0,1.8479891,0.0,1.8479891,0.0,1.8479891,0.0,0.0
17.121326,3.6704974,13.791823,0.0,3.5606632,0.0,0.0,3.5606632,10.901658,2.0,3.7803316,0.0,0.0,0.0,3.7803316,1.7803316,3.5606632,0.0,0.0,1.7803316,0.0,0.0,0.0,0.0,0.0,0.0,0.0,0.0,0.0,0.0,3.5606632,0.0,0.0,0.0,1.7803316,0.0,0.0,1.7803316,0.0,0.0,0.0,0.0,0.0,0.0,0.0,0.0,0.0,0.0,3.7803316,0.0,5.340995,0.0,0.0,0.0,0.0,0.0,0.0,3.5606632,0.0,0.0,3.5606632,0.0,0.0,0.0,0.0,0.0,0.0,0.0,0.0,0.0,0.0,0.0,1.7803316,0.0,0.0,0.0,0.0,0.0,0.0,0.0,0.0,0.0,0.0,0.0,0.0,0.0,0.0,0.0,0.0,0.0,0.0,0.0,0.0,3.5606632,0.0,0.0,0.0,0.0,0.0,0.0,0.0,0.0,0.0,0.0,0.0,0.0,0.0,0.0,0.0,0.0,0.0,0.0,0.0,0.0,0.0,0.0,0.0,0.0,0.0,0.0,0.0,0.0,0.0,0.0,0.0,0.0,0.0,0.0,0.0,0.0,0.0,0.0,3.5606632,0.0,0.0,3.5606632,2.6704974,0.8901658,0.0,0.0,0.0,0.0,1.7803316,0.0,1.7803316,0.0,1.7803316,0.0,0.0
25.0,4.0,2.0,3.0,2.0,2.0,4.0,2.0,0.0,3.0,3.0,2.0,2.0,2.0,1.0,1.0,1.0,2.0,0.0,1.0,0.0,2.0,1.0,0.0,0.0,0.0,0.0,1.0,1.0,0.0,0.0,0.0,1.0,0.0,0.0,0.0,0.0,0.0,0.0,0.0,0.0,1.0,1.0,0.0,1.0,0.0,0.0,0.0,0.0,0.0,0.0,0.0,0.0,0.0,0.0,0.0,0.0,0.0,0.0,0.0,0.0,0.0,0.0,0.0,0.0,0.0,0.0,0.0,0.0,0.0,0.0,0.0,0.0,0.0,0.0,1.0,0.0,0.0,0.0,0.0,0.0,0.0,0.0,0.0,0.0,0.0,0.0,0.0,0.0,0.0,0.0,0.0,0.0,0.0,0.0,0.0,0.0,0.0,0.0,1.0,0.0,0.0,0.0,0.0,0.0,0.0,0.0,0.0,0.0,0.0,0.0,0.0,0.0,0.0,0.0,0.0,0.0,0.0,0.0,0.0,0.0,0.0,0.0,0.0,0.0,0.0,0.0,0.0,0.0,0.0,0.0,0.0,0.0,0.0,0.0,0.0,0.0,0.0,0.0,0.0,0.0,0.0,0.0,0.0,0.0,0.0,0.0,0.0,0.0
22.0,2.0,20.0,0.0,2.0,0.0,0.0,2.0,18.0,2.0,3.0,0.0,0.0,0.0,3.0,1.0,2.0,0.0,0.0,1.0,0.0,0.0,0.0,0.0,0.0,0.0,0.0,0.0,0.0,0.0,2.0,0.0,0.0,0.0,1.0,0.0,0.0,1.0,0.0,0.0,0.0,0.0,0.0,0.0,0.0,0.0,0.0,0.0,3.0,0.0,14.0,0.0,0.0,0.0,0.0,0.0,0.0,2.0,0.0,0.0,2.0,0.0,0.0,0.0,0.0,0.0,0.0,0.0,0.0,0.0,0.0,0.0,1.0,0.0,0.0,0.0,0.0,0.0,0.0,0.0,0.0,0.0,0.0,0.0,0.0,0.0,0.0,0.0,0.0,0.0,0.0,0.0,0.0,3.0,0.0,0.0,0.0,0.0,0.0,0.0,0.0,0.0,0.0,0.0,0.0,0.0,0.0,0.0,0.0,0.0,0.0,0.0,0.0,0.0,0.0,0.0,0.0,0.0,0.0,0.0,0.0,0.0,0.0,0.0,0.0,0.0,0.0,0.0,0.0,0.0,0.0,0.0,2.0,0.0,0.0,2.0,0.0,0.0,0.0,0.0,0.0,0.0,1.0,0.0,1.0,0.0,1.0,0.0,0.0
3.154,0.11,2.066,0.0,0.022,0.0,0.088,0.022,1.0,1.0,0.044,0.022,0.0,0.0,0.022,0.022,0.022,0.0,0.022,0.0,0.088,0.0,0.0,0.0,0.044,0.022,0.0,0.0,0.0,0.022,0.022,0.0,0.0,0.044,0.0,0.0,0.0,0.0,0.022,0.0,0.0,0.0,0.0,0.022,0.0,0.0,0.0,0.0,0.0,0.0,0.0,0.0,0.0,0.0,0.0,0.0,0.0,0.0,0.0,0.0,0.0,0.0,0.0,0.0,0.0,0.0,0.0,0.0,0.0,0.0,0.0,0.0,0.0,0.0,0.0,0.0,0.0,0.0,0.0,0.0,0.022,0.0,0.0,0.0,0.0,0.0,0.0,0.0,0.0,0.0,0.0,0.044,0.0,0.0,0.0,0.022,0.0,0.0,0.0,0.0,0.0,0.0,0.0,0.0,0.0,0.0,0.0,0.0,0.0,0.0,0.0,0.0,0.0,0.0,0.0,0.022,0.0,0.0,0.0,0.0,0.0,0.0,0.044,0.0,0.0,0.0,0.0,0.022,0.0,0.0,0.0,0.0,0.0,0.044,0.044,0.0,0.0,0.0,0.0,0.0,0.0,0.0,0.0,0.0,0.0,0.0,0.0,0.0,0.0
9.12,0.16,2.0,1.16,0.0,0.84,0.0,0.0,1.0,0.0,0.0,0.0,0.0,0.0,0.0,0.0,0.0,0.0,0.16,0.0,0.0,0.0,0.0,0.84,0.0,0.0,0.0,0.0,0.0,0.0,0.0,0.0,0.0,0.0,0.0,0.32,0.0,0.0,0.0,0.0,0.32,0.0,0.0,0.0,0.0,0.0,0.0,0.0,0.0,0.0,0.0,0.48,0.0,0.0,0.0,0.0,0.0,0.0,0.0,0.48,0.0,0.0,0.0,0.0,0.0,0.0,0.0,0.0,0.0,0.0,0.0,0.0,0.0,0.0,0.0,0.0,0.0,0.0,0.0,0.0,0.0,0.0,0.0,0.0,0.0,0.0,0.0,0.0,0.0,0.0,0.0,0.0,0.0,0.0,0.0,0.0,0.0,0.0,0.0,0.0,0.16,0.0,0.0,0.0,0.0,0.0,0.0,0.0,0.0,0.0,0.16,0.0,0.0,0.0,0.0,0.0,0.0,0.0,0.0,0.0,0.0,0.0,0.0,0.0,0.0,0.0,0.0,0.0,0.0,0.0,0.0,0.0,0.0,0.0,0.0,0.0,0.0,0.0,0.0,0.0,0.0,0.0,0.0,0.0,0.0,0.0,0.0,0.0,0.0
8.109056,0.0,2.0,1.0,0.0,1.0,0.0,0.0,1.0,0.0,0.0,0.0,0.0,0.0,0.0,0.0,0.0,0.0,0.0,0.0,0.0,0.0,0.0,1.0,0.0,0.0,0.0,0.0,0.0,0.0,0.0,0.0,0.0,0.0,0.0,0.0,0.0,0.0,0.0,0.0,0.0,0.0,0.0,0.0,0.0,0.0,0.0,0.0,0.0,0.0,0.0,0.0,0.0,0.0,0.0,0.0,0.0,0.0,0.0,0.0,0.0,0.0,0.0,0.0,0.0,0.0,0.0,0.0,0.0,0.0,0.0,0.0,0.0,0.0,0.0,0.0,0.0,0.0,0.0,0.0,0.0,0.0,0.0,0.0,0.0,0.0,0.0,0.0,0.0,0.0,0.0,0.0,0.0,0.0,0.0,0.0,0.0,0.0,0.0,0.0,0.0,0.0,0.0,0.0,0.0,0.0,0.0,0.0,0.0,0.0,0.0,0.0,0.0,0.0,0.0,0.0,0.0,0.0,0.0,0.0,0.0,0.0,0.0,0.0,0.0,0.0,0.0,0.0,0.0,0.0,0.0,0.0,0.0,0.0,0.0,0.0,0.0,0.0,0.0,0.0,0.0,0.0,0.0,0.0,0.0,0.0,0.0,0.0,0.0
5.55,2.3,3.1,0.05,1.0,0.0,2.2,1.0,2.9,0.0,0.0,1.0,0.0,0.0,0.0,0.0,0.0,0.0,0.1,0.0,1.2,0.0,0.0,0.0,1.05,1.0,0.0,0.0,0.0,1.0,1.95,0.95,0.0,0.2,0.0,0.05,0.0,0.0,0.05,0.0,0.05,0.0,0.0,0.05,0.0,0.0,0.0,0.0,0.0,0.0,0.0,0.0,0.0,0.0,0.0,0.0,0.0,0.0,0.0,0.0,0.0,0.0,0.0,0.0,0.2,0.0,0.0,0.05,0.0,0.05,0.0,0.0,0.0,0.0,0.0,0.0,0.05,0.0,0.0,0.05,1.95,0.0,0.1,0.0,0.0,0.0,0.0,0.0,0.0,0.0,0.0,0.2,0.0,0.0,0.0,1.95,0.0,0.0,0.0,0.0,0.0,0.0,0.0,0.0,0.95,0.0,0.0,0.0,0.0,0.0,0.0,0.0,0.0,0.0,0.0,1.95,0.0,0.0,0.0,0.0,0.0,0.0,0.15,0.0,0.0,0.0,0.0,0.05,0.0,0.0,0.0,0.0,0.0,0.15,0.15,0.0,0.0,0.0,0.0,0.95,0.0,0.2,0.0,0.15,0.0,0.95,0.0,0.0,0.0
5.1728425,2.0942776,3.031426,0.015712945,1.0,0.0,2.0628517,1.0,2.968574,0.0,0.0,1.0,0.0,0.0,0.0,0.0,0.0,0.0,0.03142589,0.0,1.0628518,0.0,0.0,0.0,1.015713,1.0,0.0,0.0,0.0,1.0,1.984287,0.9842871,0.0,0.06285178,0.0,0.015712945,0.0,0.0,0.015712945,0.0,0.015712945,0.0,0.0,0.015712945,0.0,0.0,0.0,0.0,0.0,0.0,0.0,0.0,0.0,0.0,0.0,0.0,0.0,0.0,0.0,0.0,0.0,0.0,0.0,0.0,0.06285178,0.0,0.0,0.015712945,0.0,0.015712945,0.0,0.0,0.0,0.0,0.0,0.0,0.015712945,0.0,0.0,0.015712945,1.984287,0.0,0.03142589,0.0,0.0,0.0,0.0,0.0,0.0,0.0,0.0,0.06285178,0.0,0.0,0.0,1.984287,0.0,0.0,0.0,0.0,0.0,0.0,0.0,0.0,0.9842871,0.0,0.0,0.0,0.0,0.0,0.0,0.0,0.0,0.0,0.0,1.984287,0.0,0.0,0.0,0.0,0.0,0.0,0.047138833,0.0,0.0,0.0,0.0,0.015712945,0.0,0.0,0.0,0.0,0.0,0.047138833,0.047138833,0.0,0.0,0.0,0.0,0.9842871,0.0,0.06285178,0.0,0.047138833,0.0,0.9842871,0.0,0.0,0.0
12.901396,3.899845,4.8998446,1.2003102,1.7996898,2.0,2.899845,1.7996898,2.4006205,0.0,0.0,0.8998449,0.20031027,1.7996898,0.0,0.0,0.0,0.0,0.10015514,0.0,2.6995347,0.0,0.0,0.60093087,1.7996898,0.8998449,0.20031027,0.0,0.0,0.8998449,0.0,0.40062055,0.0,0.10015514,0.0,0.10015514,0.10015514,0.0,0.8998449,0.0,0.10015514,0.0,0.8998449,0.8998449,0.0,0.10015514,0.8998449,0.0,0.0,0.0,0.0,0.0,0.60093087,0.0,0.8998449,0.0,0.0,0.0,0.0,0.0,0.0,0.0,0.20031027,0.20031027,0.10015514,0.8998449,0.10015514,0.0,0.0,0.0,0.0,0.8998449,0.0,0.10015514,0.0,0.8998449,0.0,0.0,0.0,0.0,1.7996898,0.0,0.10015514,0.0,0.0,0.20031027,0.0,0.0,0.0,0.0,0.10015514,0.0,0.0,0.0,0.0,0.8998449,0.0,0.0,0.10015514,0.0,0.0,0.0,0.0,0.0,0.0,0.0,0.10015514,0.0,0.0,0.0,0.0,0.0,0.0,0.0,0.0,0.0,0.0,0.0,0.0,0.0,0.0,0.0,0.0,0.0,0.0,0.0,0.8998449,0.0,0.0,0.0,0.0,0.0,0.0,0.0,0.0,0.0,0.0,0.0,0.0,0.0,0.0,0.0,0.0,0.0,0.0,0.0,0.0,0.0,0.0
5.4,2.3,3.2,0.0,1.0,0.0,2.2,1.0,3.0,0.0,0.0,1.0,0.0,0.0,0.0,0.0,0.0,0.0,0.1,0.0,1.2,0.0,0.0,0.0,1.0,1.0,0.0,0.0,0.0,1.0,2.0,1.0,0.0,0.2,0.0,0.0,0.0,0.0,0.0,0.0,0.0,0.0,0.0,0.0,0.0,0.0,0.0,0.0,0.0,0.0,0.0,0.0,0.0,0.0,0.0,0.0,0.0,0.0,0.0,0.0,0.0,0.0,0.0,0.0,0.2,0.0,0.0,0.0,0.0,0.0,0.0,0.0,0.0,0.0,0.0,0.0,0.0,0.0,0.0,0.0,2.0,0.0,0.0,0.0,0.0,0.0,0.0,0.0,0.0,0.0,0.0,0.2,0.0,0.0,0.0,2.0,0.0,0.0,0.0,0.0,0.0,0.0,0.0,0.0,1.0,0.0,0.0,0.0,0.0,0.0,0.0,0.0,0.0,0.0,0.0,2.0,0.0,0.0,0.0,0.0,0.0,0.0,0.2,0.0,0.0,0.0,0.0,0.0,0.0,0.0,0.0,0.0,0.0,0.2,0.2,0.0,0.0,0.0,0.0,1.0,0.0,0.2,0.0,0.2,0.0,1.0,0.0,0.0,0.0
5.4,2.3,3.2,0.0,1.0,0.0,2.2,1.0,3.0,0.0,0.0,1.0,0.0,0.0,0.0,0.0,0.0,0.0,0.1,0.0,1.2,0.0,0.0,0.0,1.0,1.0,0.0,0.0,0.0,1.0,2.0,1.0,0.0,0.2,0.0,0.0,0.0,0.0,0.0,0.0,0.0,0.0,0.0,0.0,0.0,0.0,0.0,0.0,0.0,0.0,0.0,0.0,0.0,0.0,0.0,0.0,0.0,0.0,0.0,0.0,0.0,0.0,0.0,0.0,0.2,0.0,0.0,0.0,0.0,0.0,0.0,0.0,0.0,0.0,0.0,0.0,0.0,0.0,0.0,0.0,2.0,0.0,0.0,0.0,0.0,0.0,0.0,0.0,0.0,0.0,0.0,0.2,0.0,0.0,0.0,2.0,0.0,0.0,0.0,0.0,0.0,0.0,0.0,0.0,1.0,0.0,0.0,0.0,0.0,0.0,0.0,0.0,0.0,0.0,0.0,2.0,0.0,0.0,0.0,0.0,0.0,0.0,0.2,0.0,0.0,0.0,0.0,0.0,0.0,0.0,0.0,0.0,0.0,0.2,0.2,0.0,0.0,0.0,0.0,1.0,0.0,0.2,0.0,0.2,0.0,1.0,0.0,0.0,0.0
5.835908,2.1910646,3.023883,0.14329846,1.0,0.047766156,2.1432984,1.0,2.976117,0.0,0.0,1.0,0.14329846,0.0,0.0,0.0,0.0,0.0,0.047766156,0.0,1.0477662,0.0,0.0,0.047766156,1.0477662,1.0,0.047766156,0.0,0.0,1.0,1.9761169,0.9761169,0.0,0.14329846,0.0,0.0,0.023883078,0.0,0.047766156,0.0,0.0,0.0,0.0,0.047766156,0.0,0.14329846,0.047766156,0.0,0.0,0.0,0.0,0.0,0.047766156,0.0,0.0,0.0,0.0,0.0,0.0,0.0,0.0,0.0,0.0,0.047766156,0.0,0.047766156,0.0,0.0,0.0,0.0,0.0,0.0,0.0,0.023883078,0.0,0.0,0.0,0.0,0.0,0.0,1.9761169,0.0,0.0,0.0,0.0,0.0,0.0,0.0,0.0,0.0,0.0,0.28659692,0.0,0.0,0.0,1.9761169,0.0,0.0,0.0,0.0,0.0,0.0,0.0,0.0,0.9761169,0.0,0.047766156,0.0,0.0,0.0,0.0,0.0,0.0,0.0,0.28659692,1.9761169,0.0,0.0,0.0,0.0,0.0,0.0,0.0,0.0,0.0,0.0,0.0,0.047766156,0.0,0.0,0.0,0.0,0.0,0.0,0.0,0.0,0.0,0.0,0.0,0.9761169,0.0,0.0,0.0,0.0,0.0,0.9761169,0.0,0.0,0.0
12.495,4.11,5.165,1.055,2.0,2.0,3.055,2.0,2.22,0.0,0.0,1.0,0.055,1.89,0.0,0.0,0.0,0.0,0.055,0.0,3.0,0.0,0.0,0.0,2.0,1.0,0.0,0.0,0.0,1.0,0.165,0.055,0.0,0.055,0.0,0.055,0.0,0.0,1.0,0.0,0.055,0.0,0.945,1.0,0.0,0.055,0.945,0.0,0.0,0.0,0.0,0.055,0.0,0.0,0.945,0.0,0.0,0.0,0.0,0.055,0.165,0.0,0.0,0.0,0.11,0.945,0.0,0.0,0.0,0.0,0.0,0.945,0.0,0.0,0.0,0.945,0.0,0.0,0.0,0.0,2.055,0.055,0.055,0.0,0.0,0.0,0.0,0.0,0.0,0.0,0.0,0.0,0.055,0.0,0.0,1.055,0.0,0.055,0.055,0.0,0.0,0.0,0.0,0.0,0.055,0.0,0.0,0.0,0.0,0.0,0.0,0.0,0.0,0.0,0.0,0.055,0.0,0.0,0.0,0.055,0.0,0.0,0.0,0.0,0.0,0.0,0.945,0.055,0.0,0.0,0.0,0.0,0.0,0.0,0.0,0.0,0.0,0.0,0.0,0.0,0.0,0.0,0.0,0.0,0.0,0.0,0.0,0.0,0.0
14.926829,4.02439,7.0,0.9756098,1.0243902,0.0,2.0243902,1.0243902,4.97561,0.0,0.0,0.024390243,0.0,0.0,0.0,0.0,0.0,0.0,0.9756098,0.0,2.0243902,0.0,0.0,0.0,0.048780486,0.024390243,0.0,0.0,0.0,0.024390243,0.9756098,0.0,0.0,0.9756098,0.0,0.9756098,0.0,0.0,0.024390243,0.0,0.9756098,0.0,0.0,0.024390243,0.0,0.0,0.0,0.0,0.0,0.0,2.0,0.9756098,0.0,0.0,0.0,0.0,0.0,0.0,0.0,0.9756098,0.0,0.0,0.0,0.0,1.9512196,0.0,0.0,0.0,0.0,0.0,0.0,0.0,0.0,0.0,0.0,0.0,0.0,0.0,0.0,0.0,2.0,0.0,0.9756098,0.0,0.0,0.0,0.0,0.0,0.0,0.0,0.0,0.0,0.0,0.0,0.0,0.024390243,0.0,0.0,0.0,0.0,0.0,0.0,0.0,0.0,0.0,0.0,0.0,0.0,0.0,0.0,0.0,0.0,0.0,0.0,0.0,0.0,0.0,0.0,0.0,0.9756098,0.0,0.0,0.9756098,0.0,0.0,0.0,0.0,0.0,0.0,0.0,0.0,0.0,0.0,0.0,0.0,0.0,0.0,0.0,0.0,0.0,0.0,0.0,0.0,1.9512196,0.0,0.0,0.0,0.0,0.0
7.286,2.762,4.778,0.0,1.0,0.0,2.508,1.0,4.016,0.0,0.0,1.0,0.0,0.0,0.0,0.0,0.0,0.0,0.254,0.0,1.762,0.0,0.0,0.0,1.254,1.0,0.0,0.0,0.0,1.0,2.0,1.0,0.0,0.508,0.0,0.0,0.0,0.0,0.254,0.0,0.0,0.0,0.0,0.254,0.0,0.0,0.0,0.0,0.0,0.0,0.508,0.0,0.0,0.0,0.0,0.0,0.0,0.0,0.0,0.0,0.0,0.0,0.0,0.0,0.508,0.0,0.0,0.0,0.0,0.0,0.0,0.0,0.0,0.0,0.0,0.0,0.0,0.0,0.0,0.0,2.254,0.0,0.0,0.0,0.0,0.0,0.0,0.0,0.0,0.0,0.0,0.508,0.0,0.0,0.0,2.254,0.0,0.0,0.0,0.0,0.0,0.0,0.0,0.0,1.0,0.0,0.0,0.0,0.0,0.0,0.0,0.0,0.0,0.0,0.0,2.0,0.0,0.0,0.0,0.0,0.0,0.0,0.508,0.0,0.0,0.0,0.0,0.508,0.0,0.0,0.0,0.0,0.0,0.508,0.508,0.0,0.0,0.0,0.0,1.0,0.0,0.508,0.0,0.508,0.0,1.0,0.0,0.0,0.0
12.815949,2.090661,9.818678,0.18132217,2.090661,0.27198327,0.0,2.090661,7.637356,2.090661,3.181322,0.0,0.0,0.27198327,3.090661,1.090661,2.090661,0.090661086,0.0,1.090661,0.0,0.0,0.090661086,0.0,0.0,0.0,0.0,0.090661086,0.18132217,0.0,1.8186778,0.0,0.18132217,0.0,1.0,0.0,0.0,1.0,0.0,0.090661086,0.0,0.090661086,0.0,0.0,0.090661086,0.0,0.0,0.0,2.909339,0.0,3.818678,0.0,0.0,0.0,0.0,0.0,0.18132217,1.909339,0.0,0.0,1.8186778,0.0,0.0,0.0,0.0,0.0,0.0,0.0,0.0,0.0,0.090661086,0.0,0.9093389,0.0,0.090661086,0.0,0.0,0.0,0.0,0.0,0.0,0.0,0.0,0.0,0.0,0.0,0.0,0.0,0.090661086,0.0,0.0,0.0,0.0,2.909339,0.0,0.0,0.0,0.0,0.0,0.0,0.0,0.0,0.0,0.0,0.0,0.0,0.0,0.0,0.0,0.0,0.0,0.0,0.0,0.0,0.0,0.0,0.090661086,0.0,0.0,0.0,0.0,0.0,0.0,0.0,0.0,0.0,0.0,0.0,0.0,0.0,0.0,0.0,1.8186778,0.0,0.0,1.8186778,0.9093389,1.0,0.0,0.0,0.0,0.0,0.9093389,0.0,0.9093389,0.0,0.9093389,0.0,0.0
30.0,4.0,8.0,4.0,0.0,4.0,3.0,0.0,12.0,0.0,0.0,0.0,3.0,0.0,0.0,0.0,0.0,0.0,1.0,0.0,0.0,0.0,0.0,12.0,0.0,0.0,2.0,0.0,0.0,0.0,0.0,8.0,0.0,2.0,0.0,0.0,2.0,0.0,0.0,1.0,0.0,0.0,0.0,0.0,0.0,2.0,0.0,0.0,0.0,0.0,0.0,0.0,6.0,0.0,0.0,0.0,0.0,0.0,0.0,0.0,0.0,0.0,4.0,2.0,0.0,0.0,2.0,0.0,0.0,0.0,0.0,0.0,0.0,0.0,0.0,0.0,0.0,0.0,0.0,0.0,0.0,0.0,0.0,0.0,0.0,2.0,0.0,0.0,0.0,0.0,0.0,2.0,0.0,0.0,0.0,0.0,0.0,0.0,0.0,0.0,0.0,0.0,0.0,0.0,0.0,0.0,1.0,0.0,0.0,0.0,0.0,0.0,0.0,0.0,2.0,0.0,0.0,0.0,0.0,0.0,0.0,0.0,0.0,0.0,0.0,0.0,0.0,0.0,0.0,0.0,0.0,0.0,0.0,0.0,0.0,0.0,0.0,0.0,0.0,0.0,0.0,0.0,0.0,0.0,0.0,0.0,0.0,0.0,0.0
18.0,6.0,10.0,0.0,2.0,0.0,6.0,2.0,4.0,2.0,6.0,2.0,0.0,0.0,6.0,6.0,12.0,0.0,0.0,0.0,8.0,0.0,0.0,0.0,4.0,2.0,0.0,0.0,0.0,2.0,2.0,0.0,0.0,0.0,6.0,0.0,0.0,0.0,2.0,0.0,0.0,0.0,0.0,2.0,0.0,0.0,0.0,2.0,2.0,6.0,0.0,0.0,0.0,0.0,0.0,0.0,0.0,4.0,6.0,0.0,0.0,0.0,0.0,0.0,0.0,0.0,0.0,2.0,0.0,2.0,0.0,0.0,0.0,0.0,0.0,0.0,2.0,0.0,0.0,2.0,4.0,0.0,0.0,0.0,0.0,0.0,0.0,0.0,0.0,0.0,0.0,0.0,0.0,0.0,0.0,4.0,0.0,0.0,0.0,0.0,0.0,0.0,0.0,0.0,0.0,0.0,0.0,0.0,0.0,0.0,0.0,0.0,0.0,0.0,0.0,2.0,0.0,0.0,0.0,0.0,0.0,0.0,0.0,0.0,4.0,0.0,0.0,2.0,0.0,0.0,0.0,0.0,0.0,0.0,0.0,0.0,0.0,0.0,0.0,0.0,0.0,0.0,0.0,0.0,0.0,0.0,0.0,0.0,0.0
6.8,2.2,2.6,0.4,0.8,0.0,2.0,0.8,2.4,0.0,0.0,0.8,0.4,0.0,0.0,0.0,0.0,0.0,0.2,0.0,0.8,0.0,0.0,0.0,0.8,0.8,0.0,0.0,0.0,0.8,1.6,0.8,0.0,0.4,0.0,0.0,0.0,0.0,0.0,0.0,0.0,0.0,0.0,0.0,0.0,0.4,0.0,0.0,0.0,0.0,0.0,0.0,0.0,0.0,0.0,0.0,0.0,0.0,0.0,0.0,0.0,0.0,0.0,0.0,0.4,0.0,0.0,0.0,0.0,0.0,0.0,0.0,0.0,0.0,0.0,0.0,0.0,0.0,0.0,0.0,1.6,0.0,0.0,0.0,0.0,0.0,0.0,0.0,0.0,0.0,0.0,0.4,0.0,0.0,0.0,1.6,0.0,0.0,0.0,0.0,0.0,0.0,0.0,0.0,0.8,0.0,0.0,0.0,0.0,0.0,0.0,0.0,0.0,0.0,0.4,1.6,0.0,0.0,0.0,0.0,0.0,0.0,0.0,0.0,0.0,0.0,0.0,0.0,0.0,0.0,0.0,0.0,0.0,0.0,0.0,0.0,0.0,0.0,0.0,0.8,0.0,0.4,0.0,0.0,0.0,0.8,0.0,0.0,0.0
5.8,2.6,3.4,0.0,1.0,0.0,2.4,1.0,3.0,0.0,0.0,1.0,0.0,0.0,0.0,0.0,0.0,0.0,0.2,0.0,1.4,0.0,0.0,0.0,1.0,1.0,0.0,0.0,0.0,1.0,2.0,1.0,0.0,0.4,0.0,0.0,0.0,0.0,0.0,0.0,0.0,0.0,0.0,0.0,0.0,0.0,0.0,0.0,0.0,0.0,0.0,0.0,0.0,0.0,0.0,0.0,0.0,0.0,0.0,0.0,0.0,0.0,0.0,0.0,0.4,0.0,0.0,0.0,0.0,0.0,0.0,0.0,0.0,0.0,0.0,0.0,0.0,0.0,0.0,0.0,2.0,0.0,0.0,0.0,0.0,0.0,0.0,0.0,0.0,0.0,0.0,0.4,0.0,0.0,0.0,2.0,0.0,0.0,0.0,0.0,0.0,0.0,0.0,0.0,1.0,0.0,0.0,0.0,0.0,0.0,0.0,0.0,0.0,0.0,0.0,2.0,0.0,0.0,0.0,0.0,0.0,0.0,0.4,0.0,0.0,0.0,0.0,0.0,0.0,0.0,0.0,0.0,0.0,0.4,0.4,0.0,0.0,0.0,0.0,1.0,0.0,0.4,0.0,0.4,0.0,1.0,0.0,0.0,0.0
6.0364795,1.0064375,5.0107293,0.00429169,1.0021459,0.00429169,0.002145845,1.0021459,4.0085835,1.0021459,1.0042917,0.0,0.002145845,0.0,1.0042917,0.002145845,0.00429169,0.0,0.002145845,0.002145845,0.0,0.0,0.0,0.0,0.0,0.0,0.0,0.0,0.0,0.0,1.0042917,0.002145845,0.0,0.002145845,0.002145845,0.002145845,0.0,0.002145845,0.0,0.0,0.002145845,0.0,0.0,0.0,0.0,0.002145845,0.0,0.0,1.0042917,0.0,2.0,0.002145845,0.0,0.0,0.0,0.0,0.0,0.00429169,0.0,0.002145845,1.0042917,0.0,0.0,0.0,0.00429169,0.0,0.0,0.0,0.0,0.0,0.0,0.0,0.002145845,0.0,0.0,0.0,0.0,0.0,0.0,0.0,0.0,0.002145845,0.002145845,0.0,0.0,0.0,0.0,0.0,0.0,0.0,0.0,0.0,0.002145845,1.0021459,0.0,0.0,0.0,0.002145845,0.002145845,0.0,0.0,0.0,0.0,0.0,0.002145845,0.0,0.0,0.0,0.0,0.0,0.0,0.0,0.0,0.0,0.0,0.0,0.0,0.0,0.0,0.002145845,0.0,0.0,0.0,0.0,0.0,0.0,0.0,0.0,0.0,0.0,0.0,0.0,0.002145845,0.0,0.0,0.00429169,0.9978542,0.002145845,0.0,0.0,0.0,0.0,0.002145845,0.0,0.0,0.0,0.0,0.0,0.0
3.189,0.135,2.081,0.0,0.027,0.0,0.108,0.027,1.0,1.0,0.054,0.027,0.0,0.0,0.027,0.027,0.027,0.0,0.027,0.0,0.108,0.0,0.0,0.0,0.054,0.027,0.0,0.0,0.0,0.027,0.027,0.0,0.0,0.054,0.0,0.0,0.0,0.0,0.027,0.0,0.0,0.0,0.0,0.027,0.0,0.0,0.0,0.0,0.0,0.0,0.0,0.0,0.0,0.0,0.0,0.0,0.0,0.0,0.0,0.0,0.0,0.0,0.0,0.0,0.0,0.0,0.0,0.0,0.0,0.0,0.0,0.0,0.0,0.0,0.0,0.0,0.0,0.0,0.0,0.0,0.027,0.0,0.0,0.0,0.0,0.0,0.0,0.0,0.0,0.0,0.0,0.054,0.0,0.0,0.0,0.027,0.0,0.0,0.0,0.0,0.0,0.0,0.0,0.0,0.0,0.0,0.0,0.0,0.0,0.0,0.0,0.0,0.0,0.0,0.0,0.027,0.0,0.0,0.0,0.0,0.0,0.0,0.054,0.0,0.0,0.0,0.0,0.027,0.0,0.0,0.0,0.0,0.0,0.054,0.054,0.0,0.0,0.0,0.0,0.0,0.0,0.0,0.0,0.0,0.0,0.0,0.0,0.0,0.0
11.571428,4.047619,4.0,1.0952381,2.0,2.0,3.0,2.0,1.0,0.0,0.0,1.0,0.0,2.0,0.0,0.0,0.0,0.0,0.04761905,0.0,3.0,0.0,0.0,0.0,2.0,1.0,0.0,0.0,0.0,1.0,0.0,0.0,0.0,0.0,0.0,0.14285715,0.0,0.0,1.0,0.0,0.14285715,0.0,0.95238096,1.0,0.0,0.0,1.0,0.0,0.0,0.0,0.0,0.14285715,0.0,0.0,1.0,0.0,0.0,0.0,0.0,0.14285715,0.0,0.0,0.0,0.0,0.0,1.0,0.0,0.0,0.0,0.0,0.0,1.0,0.0,0.0,0.0,0.95238096,0.0,0.0,0.0,0.0,2.0,0.0,0.0,0.0,0.0,0.0,0.0,0.0,0.0,0.0,0.0,0.0,0.0,0.0,0.0,1.0,0.0,0.0,0.0,0.0,0.14285715,0.0,0.0,0.0,0.0,0.0,0.0,0.0,0.0,0.0,0.14285715,0.0,0.0,0.0,0.0,0.0,0.0,0.0,0.0,0.0,0.0,0.0,0.0,0.0,0.0,0.0,0.95238096,0.0,0.0,0.0,0.0,0.0,0.0,0.0,0.0,0.0,0.0,0.0,0.0,0.0,0.0,0.0,0.0,0.0,0.0,0.0,0.0,0.0,0.0
10.809524,4.095238,3.2380953,1.0952381,2.0,2.0952382,3.1904762,2.0,0.2857143,0.0,0.0,1.0952381,0.0952381,2.0,0.0,0.0,0.0,0.0,0.0,0.0,3.0952382,0.0952381,0.0,0.2857143,2.0952382,1.0,0.0952381,0.0,0.0,1.0,0.0,0.1904762,0.0,0.0,0.0,0.0,0.04761905,0.0,1.0,0.0,0.0,0.0,1.0,1.0,0.0,0.0,1.0,0.0,0.0,0.0,0.0,0.0,0.2857143,0.0,1.0,0.0952381,0.0,0.0,0.0,0.0,0.0,0.0,0.0952381,0.0952381,0.0,1.0,0.04761905,1.0476191,0.0,1.0952381,0.0,1.0,0.0,0.04761905,0.0,1.0,1.0,0.0,0.0,1.0,0.0,0.0,0.0,0.0,0.0,0.0952381,0.2857143,0.0,0.0,0.0,0.04761905,0.0,0.0,0.0,0.0,0.0,0.0952381,0.0,0.0,0.0,0.0,0.0,0.0,0.0,0.0,0.0,0.0,0.0,0.0,0.0,0.0,0.0,0.0,0.0,0.0,0.0,0.0,0.0,0.0,0.0,0.0,0.0,0.0,0.0,0.0,0.0,1.0,0.0,0.0,0.0,0.0952381,0.0,0.0,0.0,0.0,0.0,0.0,0.0,1.0,0.0,0.04761905,0.0,0.0,0.0,0.0,0.0,0.0,0.0,0.0
11.054727,2.0099502,9.0,0.0099502485,2.0,0.0099502485,0.0049751243,2.0,7.0,2.0,3.0,0.0,0.0049751243,0.0,3.0,1.0,2.0,0.0,0.0049751243,1.0,0.0,0.0,0.0,0.0,0.0,0.0,0.0,0.0,0.0,0.0,2.004975,0.0049751243,0.0,0.0049751243,1.0,0.0049751243,0.0,1.0,0.0,0.0,0.0049751243,0.0,0.0,0.0,0.0,0.0049751243,0.0,0.0,3.0,0.0,2.9900498,0.0049751243,0.0,0.0,0.0,0.0,0.0,2.0,0.0,0.0049751243,2.004975,0.0,0.0,0.0,0.0099502485,0.0,0.0,0.0,0.0,0.0,0.0,0.0,1.0,0.0,0.0,0.0,0.0,0.0,0.0,0.0,0.0,0.0049751243,0.0049751243,0.0,0.0,0.0,0.0,0.0,0.0,0.0,0.0,0.0,0.0049751243,2.995025,0.0,0.0,0.0,0.0049751243,0.0049751243,0.0,0.0,0.0,0.0,0.0,0.0049751243,0.0,0.0,0.0,0.0,0.0,0.0,0.0,0.0,0.0,0.0,0.0,0.0,0.0,0.0,0.0049751243,0.0,0.0,0.0,0.0,0.0,0.0,0.0,0.0,0.0,0.0,0.0,0.0,1.9950249,0.0,0.0,2.0,0.99502486,0.0,0.0,0.0,0.0,0.0,0.0,0.0,0.99502486,0.0,0.0,0.0,0.0
9.83591,3.6718197,2.917955,0.54102254,0.45897746,0.54102254,2.7538648,0.45897746,1.9179549,0.45897746,1.3769324,0.45897746,0.0,0.0,0.45897746,1.3769324,0.9179549,0.0,0.9179549,0.0,0.9179549,0.0,0.0,0.54102254,0.9179549,0.45897746,0.0,0.0,0.0,0.45897746,0.9179549,0.45897746,0.0,1.8359098,0.0,0.0,0.0,0.0,0.45897746,0.0,0.0,0.0,0.0,0.45897746,0.0,0.0,0.0,0.45897746,0.0,0.45897746,0.0,0.0,0.0,0.0,0.0,0.0,0.0,0.0,0.0,0.0,0.0,0.0,0.0,0.0,1.8359098,0.0,0.0,0.0,0.0,0.0,0.0,0.0,0.0,0.0,0.0,0.0,0.0,0.0,0.0,0.0,0.9179549,0.0,0.0,0.0,0.0,0.0,0.0,0.0,0.0,0.0,0.0,1.8359098,0.0,0.0,0.0,0.9179549,0.0,0.0,0.0,0.0,0.0,0.0,0.0,0.0,0.45897746,0.0,0.0,0.0,0.0,0.0,0.0,0.0,0.0,0.0,0.0,0.9179549,0.0,0.0,0.0,0.0,0.0,0.0,0.0,0.0,0.0,0.0,0.0,0.9179549,0.0,0.0,0.0,0.0,0.0,0.0,0.0,0.0,0.0,0.0,0.0,0.45897746,0.0,1.8359098,0.0,0.0,0.0,0.45897746,0.0,0.0,0.0
23.0,4.0,10.0,2.0,2.0,2.0,1.0,2.0,8.0,1.0,2.0,0.0,1.0,0.0,2.0,1.0,2.0,0.0,1.0,1.0,0.0,0.0,0.0,0.0,0.0,0.0,0.0,0.0,0.0,0.0,3.0,1.0,0.0,1.0,1.0,1.0,0.0,1.0,0.0,0.0,1.0,0.0,0.0,0.0,0.0,1.0,0.0,0.0,3.0,0.0,2.0,1.0,0.0,0.0,0.0,0.0,0.0,3.0,0.0,1.0,3.0,0.0,0.0,0.0,2.0,0.0,0.0,0.0,0.0,0.0,0.0,0.0,2.0,0.0,0.0,0.0,0.0,0.0,0.0,0.0,0.0,1.0,1.0,0.0,0.0,0.0,0.0,0.0,0.0,0.0,0.0,0.0,1.0,1.0,0.0,0.0,0.0,1.0,1.0,0.0,0.0,0.0,0.0,0.0,1.0,0.0,0.0,0.0,0.0,0.0,0.0,0.0,0.0,0.0,0.0,0.0,0.0,0.0,0.0,1.0,0.0,0.0,0.0,0.0,0.0,0.0,0.0,0.0,0.0,1.0,0.0,0.0,2.0,0.0,0.0,1.0,0.0,0.0,0.0,0.0,0.0,0.0,2.0,0.0,0.0,0.0,0.0,0.0,0.0
8.1635,0.436,2.0545,0.9455,0.0545,0.9455,0.327,0.0545,1.0,0.0545,0.1635,0.0545,0.0,0.0,0.0545,0.1635,0.109,0.0,0.109,0.0,0.109,0.0,0.0,0.9455,0.109,0.0545,0.0,0.0,0.0,0.0545,0.0545,0.0,0.0,0.218,0.0,0.0,0.0,0.0,0.0545,0.0,0.0,0.0,0.0,0.0545,0.0,0.0,0.0,0.0545,0.0,0.0545,0.0,0.0,0.0,0.0,0.0,0.0,0.0,0.0,0.0,0.0,0.0,0.0,0.0,0.0,0.218,0.0,0.0,0.0,0.0,0.0,0.0,0.0,0.0,0.0,0.0,0.0,0.0,0.0,0.0,0.0,0.0545,0.0,0.0,0.0,0.0,0.0,0.0,0.0,0.0,0.0,0.0,0.218,0.0,0.0,0.0,0.0545,0.0,0.0,0.0,0.0,0.0,0.0,0.0,0.0,0.0,0.0,0.0,0.0,0.0,0.0,0.0,0.0,0.0,0.0,0.0,0.0545,0.0,0.0,0.0,0.0,0.0,0.0,0.0,0.0,0.0,0.0,0.0,0.0545,0.0,0.0,0.0,0.0,0.0,0.0,0.0,0.0,0.0,0.0,0.0,0.0,0.0,0.218,0.0,0.0,0.0,0.0,0.0,0.0,0.0
16.7,4.2,9.75,1.15,2.0,2.1,3.25,2.0,9.5,0.0,0.0,1.1,0.15,2.0,0.0,0.0,0.0,0.0,0.05,0.0,3.1,0.1,0.0,0.0,2.1,1.0,0.0,0.0,0.0,1.0,0.0,1.9,0.0,0.05,0.0,0.1,0.0,0.0,1.0,0.0,0.1,0.0,1.0,1.0,0.0,0.05,1.0,0.0,0.0,0.0,9.5,0.05,0.0,0.0,1.0,0.0,0.0,0.0,0.0,0.05,0.0,0.0,0.0,0.0,0.1,1.0,0.0,0.1,0.0,0.15,0.0,1.0,0.0,0.0,0.0,1.0,0.05,0.0,0.0,0.05,3.8,0.05,0.1,0.0,0.0,0.0,0.0,0.0,0.0,0.0,0.0,0.0,0.05,0.0,0.0,1.9,0.1,3.8,0.1,0.0,0.0,0.0,0.0,0.0,0.0,0.0,0.0,0.0,0.0,0.0,0.0,0.0,0.05,0.0,0.0,0.0,0.0,0.0,0.0,0.1,0.0,0.0,0.0,0.05,0.0,0.05,1.0,0.0,0.0,0.0,0.1,0.1,0.0,0.0,0.0,0.0,0.0,0.0,0.05,1.9,0.05,0.0,0.0,0.0,0.0,0.95,0.0,0.0,0.0
14.857142,4.047619,7.0,0.95238096,1.0476191,0.0,2.047619,1.0476191,4.952381,0.0,0.0,0.04761905,0.0,0.0,0.0,0.0,0.0,0.0,0.95238096,0.0,2.047619,0.0,0.0,0.0,0.0952381,0.04761905,0.0,0.0,0.0,0.04761905,0.95238096,0.0,0.0,0.95238096,0.0,0.95238096,0.0,0.0,0.04761905,0.0,0.95238096,0.0,0.0,0.04761905,0.0,0.0,0.0,0.0,0.0,0.0,2.0,0.95238096,0.0,0.0,0.0,0.0,0.0,0.0,0.0,0.95238096,0.0,0.0,0.0,0.0,1.9047619,0.0,0.0,0.0,0.0,0.0,0.0,0.0,0.0,0.0,0.0,0.0,0.0,0.0,0.0,0.0,2.0,0.0,0.95238096,0.0,0.0,0.0,0.0,0.0,0.0,0.0,0.0,0.0,0.0,0.0,0.0,0.04761905,0.0,0.0,0.0,0.0,0.0,0.0,0.0,0.0,0.0,0.0,0.0,0.0,0.0,0.0,0.0,0.0,0.0,0.0,0.0,0.0,0.0,0.0,0.0,0.95238096,0.0,0.0,0.95238096,0.0,0.0,0.0,0.0,0.0,0.0,0.0,0.0,0.0,0.0,0.0,0.0,0.0,0.0,0.0,0.0,0.0,0.0,0.0,0.0,1.9047619,0.0,0.0,0.0,0.0,0.0
9.83591,3.6718197,2.917955,0.54102254,0.45897746,0.54102254,2.7538648,0.45897746,1.9179549,0.45897746,1.3769324,0.45897746,0.0,0.0,0.45897746,1.3769324,0.9179549,0.0,0.9179549,0.0,0.9179549,0.0,0.0,0.54102254,0.9179549,0.45897746,0.0,0.0,0.0,0.45897746,0.9179549,0.45897746,0.0,1.8359098,0.0,0.0,0.0,0.0,0.45897746,0.0,0.0,0.0,0.0,0.45897746,0.0,0.0,0.0,0.45897746,0.0,0.45897746,0.0,0.0,0.0,0.0,0.0,0.0,0.0,0.0,0.0,0.0,0.0,0.0,0.0,0.0,1.8359098,0.0,0.0,0.0,0.0,0.0,0.0,0.0,0.0,0.0,0.0,0.0,0.0,0.0,0.0,0.0,0.9179549,0.0,0.0,0.0,0.0,0.0,0.0,0.0,0.0,0.0,0.0,1.8359098,0.0,0.0,0.0,0.9179549,0.0,0.0,0.0,0.0,0.0,0.0,0.0,0.0,0.45897746,0.0,0.0,0.0,0.0,0.0,0.0,0.0,0.0,0.0,0.0,0.9179549,0.0,0.0,0.0,0.0,0.0,0.0,0.0,0.0,0.0,0.0,0.0,0.9179549,0.0,0.0,0.0,0.0,0.0,0.0,0.0,0.0,0.0,0.0,0.0,0.45897746,0.0,1.8359098,0.0,0.0,0.0,0.45897746,0.0,0.0,0.0
10.8,4.0,3.2,1.1,2.0,2.2,3.0,2.0,0.0,0.0,0.0,1.0,0.0,2.0,0.0,0.0,0.0,0.0,0.0,0.0,3.0,0.0,0.0,0.0,2.0,1.0,0.0,0.0,0.0,1.0,0.0,0.0,0.0,0.0,0.0,0.0,0.0,0.0,1.0,0.1,0.0,0.0,1.0,1.0,0.0,0.0,1.0,0.0,0.0,0.0,0.0,0.0,0.0,0.1,1.0,0.0,0.1,0.0,0.0,0.0,0.0,0.2,0.0,0.0,0.0,1.0,0.0,1.0,0.0,1.0,0.0,1.0,0.0,0.0,0.0,0.9,1.0,0.0,0.0,1.0,0.0,0.0,0.0,0.0,0.0,0.0,0.0,0.0,0.0,0.0,0.0,0.0,0.0,0.0,0.0,0.0,0.0,0.0,0.0,0.0,0.0,0.1,0.0,0.0,0.0,0.1,0.0,0.0,0.0,0.0,0.0,0.0,0.0,0.0,0.0,0.0,0.0,0.0,0.0,0.0,0.0,0.0,0.0,0.0,0.0,0.0,0.9,0.0,0.0,0.0,0.0,0.0,0.0,0.0,0.0,0.0,0.0,0.0,0.9,0.0,0.0,0.0,0.0,0.0,0.0,0.0,0.0,0.0,0.0
8.05,4.01,5.99,0.01,1.99,0.0,3.0,1.99,3.99,0.0,0.0,1.0,0.0,0.0,0.0,0.0,0.0,0.0,0.01,0.0,3.0,0.0,0.0,0.0,2.0,1.0,0.0,0.0,0.0,1.0,1.99,0.0,0.0,0.0,0.0,0.01,0.0,0.0,1.0,0.0,0.01,0.0,0.0,1.0,0.0,0.0,0.0,0.0,0.0,0.0,0.0,0.01,0.0,0.0,0.0,0.0,0.0,0.0,0.0,0.01,1.98,0.0,0.0,0.0,0.02,0.0,0.0,0.0,0.0,0.0,0.0,0.0,0.0,0.0,0.0,0.0,0.0,0.0,0.0,0.0,3.0,0.0,0.01,0.0,0.0,0.0,0.0,0.0,0.0,0.0,0.0,0.0,0.0,0.0,0.0,2.0,0.0,0.0,0.0,0.0,0.0,0.0,0.0,0.0,0.0,0.0,0.0,0.0,0.0,0.0,0.0,0.0,0.0,0.0,0.0,1.0,0.0,0.0,0.0,0.0,0.0,0.0,0.0,0.0,0.0,0.0,0.0,1.0,0.0,0.0,0.0,0.0,0.0,0.0,0.0,0.0,0.0,0.0,0.0,0.0,0.0,0.0,0.0,0.0,0.0,0.0,0.0,0.0,0.0
6.0,1.0,5.0,0.0,1.0,0.0,0.0,1.0,4.0,1.0,1.0,0.0,0.0,0.0,1.0,0.0,0.0,0.0,0.0,0.0,0.0,0.0,0.0,0.0,0.0,0.0,0.0,0.0,0.0,0.0,1.0,0.0,0.0,0.0,0.0,0.0,0.0,0.0,0.0,0.0,0.0,0.0,0.0,0.0,0.0,0.0,0.0,0.0,1.0,0.0,2.0,0.0,0.0,0.0,0.0,0.0,0.0,0.0,0.0,0.0,1.0,0.0,0.0,0.0,0.0,0.0,0.0,0.0,0.0,0.0,0.0,0.0,0.0,0.0,0.0,0.0,0.0,0.0,0.0,0.0,0.0,0.0,0.0,0.0,0.0,0.0,0.0,0.0,0.0,0.0,0.0,0.0,0.0,1.0,0.0,0.0,0.0,0.0,0.0,0.0,0.0,0.0,0.0,0.0,0.0,0.0,0.0,0.0,0.0,0.0,0.0,0.0,0.0,0.0,0.0,0.0,0.0,0.0,0.0,0.0,0.0,0.0,0.0,0.0,0.0,0.0,0.0,0.0,0.0,0.0,0.0,0.0,0.0,0.0,0.0,0.0,1.0,0.0,0.0,0.0,0.0,0.0,0.0,0.0,0.0,0.0,0.0,0.0,0.0
12.0,2.0,10.0,0.0,2.0,0.0,0.0,2.0,8.0,2.0,3.0,0.0,0.0,0.0,3.0,1.0,2.0,0.0,0.0,1.0,0.0,0.0,0.0,0.0,0.0,0.0,0.0,0.0,0.0,0.0,2.0,0.0,0.0,0.0,1.0,0.0,0.0,1.0,0.0,0.0,0.0,0.0,0.0,0.0,0.0,0.0,0.0,0.0,3.0,0.0,4.0,0.0,0.0,0.0,0.0,0.0,0.0,2.0,0.0,0.0,2.0,0.0,0.0,0.0,0.0,0.0,0.0,0.0,0.0,0.0,0.0,0.0,1.0,0.0,0.0,0.0,0.0,0.0,0.0,0.0,0.0,0.0,0.0,0.0,0.0,0.0,0.0,0.0,0.0,0.0,0.0,0.0,0.0,3.0,0.0,0.0,0.0,0.0,0.0,0.0,0.0,0.0,0.0,0.0,0.0,0.0,0.0,0.0,0.0,0.0,0.0,0.0,0.0,0.0,0.0,0.0,0.0,0.0,0.0,0.0,0.0,0.0,0.0,0.0,0.0,0.0,0.0,0.0,0.0,0.0,0.0,0.0,2.0,0.0,0.0,2.0,1.0,1.0,0.0,0.0,0.0,0.0,1.0,0.0,1.0,0.0,1.0,0.0,0.0
12.0,2.0,10.0,0.0,2.0,0.0,0.0,2.0,8.0,2.0,3.0,0.0,0.0,0.0,3.0,1.0,2.0,0.0,0.0,1.0,0.0,0.0,0.0,0.0,0.0,0.0,0.0,0.0,0.0,0.0,2.0,0.0,0.0,0.0,1.0,0.0,0.0,1.0,0.0,0.0,0.0,0.0,0.0,0.0,0.0,0.0,0.0,0.0,3.0,0.0,4.0,0.0,0.0,0.0,0.0,0.0,0.0,2.0,0.0,0.0,2.0,0.0,0.0,0.0,0.0,0.0,0.0,0.0,0.0,0.0,0.0,0.0,1.0,0.0,0.0,0.0,0.0,0.0,0.0,0.0,0.0,0.0,0.0,0.0,0.0,0.0,0.0,0.0,0.0,0.0,0.0,0.0,0.0,3.0,0.0,0.0,0.0,0.0,0.0,0.0,0.0,0.0,0.0,0.0,0.0,0.0,0.0,0.0,0.0,0.0,0.0,0.0,0.0,0.0,0.0,0.0,0.0,0.0,0.0,0.0,0.0,0.0,0.0,0.0,0.0,0.0,0.0,0.0,0.0,0.0,0.0,0.0,2.0,0.0,0.0,2.0,1.0,1.0,0.0,0.0,0.0,0.0,1.0,0.0,1.0,0.0,1.0,0.0,0.0
10.727273,4.0,3.1818182,1.0909091,2.0,2.1818182,3.0,2.0,0.0,0.0,0.0,1.0,0.0,2.0,0.0,0.0,0.0,0.0,0.0,0.0,3.0,0.0,0.0,0.0,2.0,1.0,0.0,0.0,0.0,1.0,0.0,0.0,0.0,0.0,0.0,0.0,0.0,0.0,1.0,0.09090909,0.0,0.0,1.0,1.0,0.0,0.0,1.0,0.0,0.0,0.0,0.0,0.0,0.0,0.09090909,1.0,0.0,0.09090909,0.0,0.0,0.0,0.0,0.18181819,0.0,0.0,0.0,1.0,0.0,1.0,0.0,1.0,0.0,1.0,0.0,0.0,0.0,0.90909094,1.0,0.0,0.0,1.0,0.0,0.0,0.0,0.0,0.0,0.0,0.0,0.0,0.0,0.0,0.0,0.0,0.0,0.0,0.0,0.0,0.0,0.0,0.0,0.0,0.0,0.09090909,0.0,0.0,0.0,0.09090909,0.0,0.0,0.0,0.0,0.0,0.0,0.0,0.0,0.0,0.0,0.0,0.0,0.0,0.0,0.0,0.0,0.0,0.0,0.0,0.0,0.90909094,0.0,0.0,0.0,0.0,0.0,0.0,0.0,0.0,0.0,0.0,0.0,0.90909094,0.0,0.0,0.0,0.0,0.0,0.0,0.0,0.0,0.0,0.0
30.0,15.0,21.0,0.0,3.0,0.0,24.0,3.0,15.0,0.0,0.0,12.0,0.0,0.0,0.0,0.0,0.0,0.0,0.0,0.0,27.0,0.0,0.0,0.0,27.0,3.0,0.0,0.0,0.0,3.0,4.0,1.0,0.0,0.0,0.0,0.0,0.0,0.0,15.0,0.0,0.0,0.0,0.0,3.0,0.0,0.0,0.0,0.0,0.0,0.0,3.0,0.0,0.0,0.0,0.0,0.0,0.0,0.0,0.0,0.0,5.0,0.0,0.0,0.0,0.0,0.0,0.0,6.0,0.0,9.0,0.0,0.0,0.0,0.0,0.0,0.0,9.0,0.0,0.0,3.0,22.0,0.0,0.0,0.0,0.0,0.0,0.0,0.0,0.0,0.0,0.0,0.0,0.0,0.0,0.0,19.0,0.0,2.0,0.0,0.0,0.0,0.0,0.0,0.0,1.0,0.0,0.0,0.0,0.0,0.0,0.0,0.0,0.0,0.0,0.0,4.0,0.0,0.0,0.0,0.0,0.0,0.0,0.0,0.0,4.0,0.0,0.0,4.0,0.0,0.0,0.0,0.0,0.0,0.0,0.0,0.0,0.0,0.0,0.0,1.0,6.0,0.0,0.0,0.0,0.0,1.0,0.0,0.0,0.0
8.6,0.1,1.9,1.1,0.0,0.9,0.0,0.0,0.9,0.0,0.0,0.0,0.0,0.0,0.0,0.0,0.0,0.0,0.1,0.0,0.0,0.0,0.0,0.9,0.0,0.0,0.0,0.0,0.0,0.0,0.0,0.0,0.0,0.0,0.0,0.2,0.0,0.0,0.0,0.0,0.2,0.0,0.0,0.0,0.0,0.0,0.0,0.0,0.0,0.0,0.0,0.3,0.0,0.0,0.0,0.0,0.0,0.0,0.0,0.3,0.0,0.0,0.0,0.0,0.0,0.0,0.0,0.0,0.0,0.0,0.0,0.0,0.0,0.0,0.0,0.0,0.0,0.0,0.0,0.0,0.0,0.0,0.0,0.0,0.0,0.0,0.0,0.0,0.0,0.0,0.0,0.0,0.0,0.0,0.0,0.0,0.0,0.0,0.0,0.0,0.1,0.0,0.0,0.0,0.0,0.0,0.0,0.0,0.0,0.0,0.1,0.0,0.0,0.0,0.0,0.0,0.0,0.0,0.0,0.0,0.0,0.0,0.0,0.0,0.0,0.0,0.0,0.0,0.0,0.0,0.0,0.0,0.0,0.0,0.0,0.0,0.0,0.0,0.0,0.0,0.0,0.0,0.0,0.0,0.0,0.0,0.0,0.0,0.0
6.33,2.19,3.19,0.19,0.81,0.19,2.0,0.81,2.62,0.0,0.0,0.81,0.0,0.0,0.0,0.0,0.0,0.0,0.19,0.0,1.19,0.0,0.0,0.19,0.81,0.81,0.0,0.0,0.0,0.81,1.62,0.81,0.0,0.38,0.0,0.19,0.0,0.0,0.0,0.0,0.19,0.0,0.0,0.0,0.0,0.0,0.0,0.0,0.0,0.0,0.0,0.0,0.0,0.0,0.0,0.0,0.0,0.0,0.0,0.0,0.0,0.0,0.0,0.0,0.38,0.0,0.0,0.0,0.0,0.0,0.0,0.0,0.0,0.0,0.0,0.0,0.0,0.0,0.0,0.0,1.62,0.0,0.38,0.0,0.0,0.0,0.0,0.0,0.0,0.0,0.0,0.38,0.0,0.0,0.0,1.62,0.0,0.0,0.0,0.0,0.0,0.0,0.0,0.0,0.81,0.0,0.0,0.0,0.0,0.0,0.0,0.0,0.0,0.0,0.0,1.62,0.0,0.0,0.0,0.0,0.0,0.0,0.38,0.0,0.0,0.0,0.0,0.0,0.0,0.0,0.0,0.0,0.0,0.38,0.38,0.0,0.0,0.0,0.0,0.81,0.0,0.38,0.0,0.38,0.0,0.81,0.0,0.0,0.0
12.0,2.0,10.0,0.0,2.0,0.0,0.0,2.0,8.0,2.0,3.0,0.0,0.0,0.0,3.0,1.0,2.0,0.0,0.0,1.0,0.0,0.0,0.0,0.0,0.0,0.0,0.0,0.0,0.0,0.0,2.0,0.0,0.0,0.0,1.0,0.0,0.0,1.0,0.0,0.0,0.0,0.0,0.0,0.0,0.0,0.0,0.0,0.0,3.0,0.0,4.0,0.0,0.0,0.0,0.0,0.0,0.0,2.0,0.0,0.0,2.0,0.0,0.0,0.0,0.0,0.0,0.0,0.0,0.0,0.0,0.0,0.0,1.0,0.0,0.0,0.0,0.0,0.0,0.0,0.0,0.0,0.0,0.0,0.0,0.0,0.0,0.0,0.0,0.0,0.0,0.0,0.0,0.0,3.0,0.0,0.0,0.0,0.0,0.0,0.0,0.0,0.0,0.0,0.0,0.0,0.0,0.0,0.0,0.0,0.0,0.0,0.0,0.0,0.0,0.0,0.0,0.0,0.0,0.0,0.0,0.0,0.0,0.0,0.0,0.0,0.0,0.0,0.0,0.0,0.0,0.0,0.0,2.0,0.0,0.0,2.0,1.0,1.0,0.0,0.0,0.0,0.0,1.0,0.0,1.0,0.0,1.0,0.0,0.0
6.7764034,1.2426261,5.194101,0.09705043,1.1941009,0.19410086,0.048525214,1.1941009,4.0,1.0485252,1.1941009,0.0,0.048525214,0.19410086,1.1455756,0.19410086,0.2911513,0.048525214,0.0,0.14557564,0.0,0.0,0.09705043,0.0,0.0,0.0,0.0,0.09705043,0.14557564,0.0,1.0,0.0,0.14557564,0.0,0.09705043,0.0,0.0,0.14557564,0.0,0.048525214,0.0,0.09705043,0.048525214,0.0,0.09705043,0.0,0.0,0.048525214,1.0,0.09705043,2.0,0.0,0.0,0.048525214,0.0,0.0,0.09705043,0.048525214,0.048525214,0.0,1.0,0.09705043,0.0,0.0,0.0,0.0,0.0,0.0,0.0,0.0,0.048525214,0.0,0.0,0.0,0.048525214,0.048525214,0.0,0.09705043,0.048525214,0.0,0.0,0.0,0.0,0.048525214,0.048525214,0.0,0.0,0.09705043,0.09705043,0.048525214,0.0,0.0,0.0,1.0,0.0,0.0,0.0,0.0,0.0,0.048525214,0.0,0.048525214,0.0,0.048525214,0.0,0.048525214,0.0,0.09705043,0.09705043,0.048525214,0.0,0.048525214,0.0,0.09705043,0.0,0.0,0.048525214,0.048525214,0.0,0.0,0.0,0.048525214,0.0,0.0,0.0,0.0,0.0,0.0,0.0,0.0,0.0,0.0,0.0,0.0,0.0,0.0,1.0,0.0,0.0,0.0,0.0,0.0,0.0,0.0,0.0,0.0,0.0,0.0,0.0
5.6,2.45,3.3,0.0,1.0,0.0,2.3,1.0,3.0,0.0,0.0,1.0,0.0,0.0,0.0,0.0,0.0,0.0,0.15,0.0,1.3,0.0,0.0,0.0,1.0,1.0,0.0,0.0,0.0,1.0,2.0,1.0,0.0,0.3,0.0,0.0,0.0,0.0,0.0,0.0,0.0,0.0,0.0,0.0,0.0,0.0,0.0,0.0,0.0,0.0,0.0,0.0,0.0,0.0,0.0,0.0,0.0,0.0,0.0,0.0,0.0,0.0,0.0,0.0,0.3,0.0,0.0,0.0,0.0,0.0,0.0,0.0,0.0,0.0,0.0,0.0,0.0,0.0,0.0,0.0,2.0,0.0,0.0,0.0,0.0,0.0,0.0,0.0,0.0,0.0,0.0,0.3,0.0,0.0,0.0,2.0,0.0,0.0,0.0,0.0,0.0,0.0,0.0,0.0,1.0,0.0,0.0,0.0,0.0,0.0,0.0,0.0,0.0,0.0,0.0,2.0,0.0,0.0,0.0,0.0,0.0,0.0,0.3,0.0,0.0,0.0,0.0,0.0,0.0,0.0,0.0,0.0,0.0,0.3,0.3,0.0,0.0,0.0,0.0,1.0,0.0,0.3,0.0,0.3,0.0,1.0,0.0,0.0,0.0
7.4545455,1.3636364,5.3636365,0.18181819,1.2727273,0.36363637,0.09090909,1.2727273,4.0,1.1818181,1.4545455,0.0,0.09090909,0.36363637,1.3636364,0.36363637,0.54545456,0.09090909,0.0,0.27272728,0.0,0.0,0.18181819,0.0,0.0,0.0,0.0,0.18181819,0.27272728,0.0,0.90909094,0.0,0.27272728,0.0,0.18181819,0.0,0.0,0.27272728,0.0,0.09090909,0.0,0.18181819,0.09090909,0.0,0.18181819,0.0,0.0,0.09090909,1.0909091,0.18181819,2.0,0.0,0.0,0.09090909,0.0,0.0,0.18181819,0.09090909,0.09090909,0.0,0.90909094,0.18181819,0.0,0.0,0.0,0.0,0.0,0.0,0.0,0.0,0.09090909,0.0,0.0,0.0,0.09090909,0.09090909,0.0,0.18181819,0.09090909,0.0,0.0,0.0,0.0,0.09090909,0.09090909,0.0,0.0,0.18181819,0.18181819,0.09090909,0.0,0.0,0.0,1.0909091,0.0,0.0,0.0,0.0,0.0,0.09090909,0.0,0.09090909,0.0,0.09090909,0.0,0.09090909,0.0,0.18181819,0.18181819,0.09090909,0.0,0.09090909,0.0,0.18181819,0.0,0.0,0.09090909,0.09090909,0.0,0.0,0.0,0.09090909,0.0,0.0,0.0,0.0,0.0,0.0,0.0,0.0,0.0,0.0,0.0,0.0,0.0,0.0,0.90909094,0.09090909,0.0,0.0,0.0,0.0,0.0,0.0,0.0,0.0,0.0,0.0,0.0
3.864,0.216,2.36,0.072,0.0,0.144,0.144,0.0,1.144,0.928,0.0,0.0,0.0,0.0,0.0,0.0,0.0,0.0,0.072,0.0,0.288,0.0,0.0,0.072,0.0,0.0,0.0,0.0,0.0,0.0,0.0,0.0,0.0,0.144,0.0,0.0,0.0,0.0,0.0,0.0,0.0,0.0,0.072,0.0,0.0,0.0,0.0,0.0,0.0,0.0,0.0,0.0,0.0,0.0,0.0,0.0,0.0,0.0,0.0,0.0,0.0,0.0,0.0,0.0,0.144,0.0,0.0,0.0,0.0,0.0,0.0,0.0,0.0,0.0,0.0,0.0,0.0,0.0,0.0,0.0,0.0,0.0,0.0,0.0,0.0,0.0,0.0,0.0,0.0,0.0,0.0,0.144,0.0,0.0,0.0,0.0,0.0,0.0,0.0,0.0,0.0,0.0,0.0,0.0,0.0,0.0,0.0,0.0,0.0,0.0,0.0,0.0,0.0,0.0,0.0,0.0,0.0,0.0,0.0,0.0,0.0,0.0,0.288,0.0,0.0,0.0,0.0,0.0,0.0,0.0,0.0,0.0,0.0,0.288,0.288,0.0,0.0,0.0,0.0,0.0,0.0,0.144,0.0,0.288,0.0,0.0,0.0,0.0,0.0
14.790698,4.0697675,7.0,0.9302326,1.0697675,0.0,2.0697675,1.0697675,4.9302325,0.0,0.0,0.069767445,0.0,0.0,0.0,0.0,0.0,0.0,0.9302326,0.0,2.0697675,0.0,0.0,0.0,0.13953489,0.069767445,0.0,0.0,0.0,0.069767445,0.9302326,0.0,0.0,0.9302326,0.0,0.9302326,0.0,0.0,0.069767445,0.0,0.9302326,0.0,0.0,0.069767445,0.0,0.0,0.0,0.0,0.0,0.0,2.0,0.9302326,0.0,0.0,0.0,0.0,0.0,0.0,0.0,0.9302326,0.0,0.0,0.0,0.0,1.8604652,0.0,0.0,0.0,0.0,0.0,0.0,0.0,0.0,0.0,0.0,0.0,0.0,0.0,0.0,0.0,2.0,0.0,0.9302326,0.0,0.0,0.0,0.0,0.0,0.0,0.0,0.0,0.0,0.0,0.0,0.0,0.069767445,0.0,0.0,0.0,0.0,0.0,0.0,0.0,0.0,0.0,0.0,0.0,0.0,0.0,0.0,0.0,0.0,0.0,0.0,0.0,0.0,0.0,0.0,0.0,0.9302326,0.0,0.0,0.9302326,0.0,0.0,0.0,0.0,0.0,0.0,0.0,0.0,0.0,0.0,0.0,0.0,0.0,0.0,0.0,0.0,0.0,0.0,0.0,0.0,1.8604652,0.0,0.0,0.0,0.0,0.0
12.0,8.0,4.0,0.0,1.0,0.0,6.0,1.0,3.0,1.0,3.0,1.0,0.0,0.0,1.0,3.0,2.0,0.0,2.0,0.0,2.0,0.0,0.0,0.0,2.0,1.0,0.0,0.0,0.0,1.0,2.0,1.0,0.0,4.0,0.0,0.0,0.0,0.0,1.0,0.0,0.0,0.0,0.0,1.0,0.0,0.0,0.0,1.0,0.0,1.0,0.0,0.0,0.0,0.0,0.0,0.0,0.0,0.0,0.0,0.0,0.0,0.0,0.0,0.0,4.0,0.0,0.0,0.0,0.0,0.0,0.0,0.0,0.0,0.0,0.0,0.0,0.0,0.0,0.0,0.0,2.0,0.0,0.0,0.0,0.0,0.0,0.0,0.0,0.0,0.0,0.0,4.0,0.0,0.0,0.0,2.0,0.0,0.0,0.0,0.0,0.0,0.0,0.0,0.0,1.0,0.0,0.0,0.0,0.0,0.0,0.0,0.0,0.0,0.0,0.0,2.0,0.0,0.0,0.0,0.0,0.0,0.0,0.0,0.0,0.0,0.0,0.0,2.0,0.0,0.0,0.0,0.0,0.0,0.0,0.0,0.0,0.0,0.0,0.0,1.0,0.0,4.0,0.0,0.0,0.0,1.0,0.0,0.0,0.0
6.68,0.66,1.78,0.78,0.0,0.78,0.0,0.0,0.78,0.0,0.0,0.0,0.0,0.0,0.0,0.0,0.0,0.0,0.22,0.0,0.0,0.0,0.0,0.78,0.0,0.0,0.0,0.0,0.0,0.0,0.0,0.0,0.0,0.0,0.0,0.0,0.0,0.0,0.0,0.0,0.0,0.0,0.0,0.0,0.0,0.0,0.0,0.0,0.0,0.0,0.0,0.0,0.0,0.0,0.0,0.0,0.0,0.0,0.0,0.0,0.0,0.0,0.0,0.0,0.44,0.0,0.0,0.0,0.0,0.0,0.0,0.0,0.0,0.0,0.0,0.0,0.0,0.0,0.0,0.0,0.0,0.0,0.0,0.0,0.0,0.0,0.0,0.0,0.0,0.0,0.0,0.0,0.0,0.0,0.0,0.0,0.0,0.0,0.0,0.0,0.0,0.0,0.0,0.0,0.0,0.0,0.0,0.0,0.0,0.0,0.0,0.0,0.0,0.0,0.0,0.0,0.0,0.0,0.0,0.0,0.0,0.0,0.0,0.0,0.0,0.0,0.0,0.0,0.0,0.0,0.0,0.0,0.0,0.0,0.0,0.0,0.0,0.0,0.0,0.0,0.0,0.0,0.0,0.0,0.0,0.0,0.0,0.0,0.0
8.84,0.63,2.42,1.0,0.0,1.0,0.42,0.0,1.0,0.0,0.0,0.0,0.0,0.0,0.0,0.0,0.0,0.0,0.21,0.0,0.42,0.0,0.0,1.0,0.0,0.0,0.0,0.0,0.0,0.0,0.0,0.0,0.0,0.42,0.0,0.21,0.0,0.0,0.0,0.0,0.21,0.0,0.0,0.0,0.0,0.0,0.0,0.0,0.0,0.0,0.0,0.0,0.0,0.0,0.0,0.0,0.0,0.0,0.0,0.0,0.0,0.0,0.0,0.0,0.42,0.0,0.0,0.0,0.0,0.0,0.0,0.0,0.0,0.0,0.0,0.0,0.0,0.0,0.0,0.0,0.0,0.0,0.42,0.0,0.0,0.0,0.0,0.0,0.0,0.0,0.0,0.42,0.0,0.0,0.0,0.0,0.0,0.0,0.0,0.0,0.0,0.0,0.0,0.0,0.0,0.0,0.0,0.0,0.0,0.0,0.0,0.0,0.0,0.0,0.0,0.0,0.0,0.0,0.0,0.0,0.0,0.0,0.42,0.0,0.0,0.0,0.0,0.0,0.0,0.0,0.0,0.0,0.0,0.42,0.42,0.0,0.0,0.0,0.0,0.0,0.0,0.42,0.0,0.42,0.0,0.0,0.0,0.0,0.0
12.0,8.0,4.0,0.0,1.0,0.0,6.0,1.0,3.0,1.0,3.0,1.0,0.0,0.0,1.0,3.0,2.0,0.0,2.0,0.0,2.0,0.0,0.0,0.0,2.0,1.0,0.0,0.0,0.0,1.0,2.0,1.0,0.0,4.0,0.0,0.0,0.0,0.0,1.0,0.0,0.0,0.0,0.0,1.0,0.0,0.0,0.0,1.0,0.0,1.0,0.0,0.0,0.0,0.0,0.0,0.0,0.0,0.0,0.0,0.0,0.0,0.0,0.0,0.0,4.0,0.0,0.0,0.0,0.0,0.0,0.0,0.0,0.0,0.0,0.0,0.0,0.0,0.0,0.0,0.0,2.0,0.0,0.0,0.0,0.0,0.0,0.0,0.0,0.0,0.0,0.0,4.0,0.0,0.0,0.0,2.0,0.0,0.0,0.0,0.0,0.0,0.0,0.0,0.0,1.0,0.0,0.0,0.0,0.0,0.0,0.0,0.0,0.0,0.0,0.0,2.0,0.0,0.0,0.0,0.0,0.0,0.0,0.0,0.0,0.0,0.0,0.0,2.0,0.0,0.0,0.0,0.0,0.0,0.0,0.0,0.0,0.0,0.0,0.0,1.0,0.0,4.0,0.0,0.0,0.0,1.0,0.0,0.0,0.0
12.4130335,2.0458925,9.908215,0.09178513,2.0458925,0.1376777,0.0,2.0458925,7.8164296,2.0458925,3.0917852,0.0,0.0,0.1376777,3.0458925,1.0458926,2.0458925,0.045892566,0.0,1.0458926,0.0,0.0,0.045892566,0.0,0.0,0.0,0.0,0.045892566,0.09178513,0.0,1.9082148,0.0,0.09178513,0.0,1.0,0.0,0.0,1.0,0.0,0.045892566,0.0,0.045892566,0.0,0.0,0.045892566,0.0,0.0,0.0,2.9541075,0.0,3.9082148,0.0,0.0,0.0,0.0,0.0,0.09178513,1.9541074,0.0,0.0,1.9082148,0.0,0.0,0.0,0.0,0.0,0.0,0.0,0.0,0.0,0.045892566,0.0,0.9541074,0.0,0.045892566,0.0,0.0,0.0,0.0,0.0,0.0,0.0,0.0,0.0,0.0,0.0,0.0,0.0,0.045892566,0.0,0.0,0.0,0.0,2.9541075,0.0,0.0,0.0,0.0,0.0,0.0,0.0,0.0,0.0,0.0,0.0,0.0,0.0,0.0,0.0,0.0,0.0,0.0,0.0,0.0,0.0,0.0,0.045892566,0.0,0.0,0.0,0.0,0.0,0.0,0.0,0.0,0.0,0.0,0.0,0.0,0.0,0.0,0.0,1.9082148,0.0,0.0,1.9082148,0.9541074,1.0,0.0,0.0,0.0,0.0,0.9541074,0.0,0.9541074,0.0,0.9541074,0.0,0.0
13.5025,2.1669443,9.666111,0.3338887,2.1669443,0.50083303,0.0,2.1669443,7.3322225,2.1669443,3.3338888,0.0,0.0,0.50083303,3.1669443,1.1669444,2.1669443,0.16694435,0.0,1.1669444,0.0,0.0,0.16694435,0.0,0.0,0.0,0.0,0.16694435,0.3338887,0.0,1.6661114,0.0,0.3338887,0.0,1.0,0.0,0.0,1.0,0.0,0.16694435,0.0,0.16694435,0.0,0.0,0.16694435,0.0,0.0,0.0,2.8330557,0.0,3.6661112,0.0,0.0,0.0,0.0,0.0,0.3338887,1.8330556,0.0,0.0,1.6661114,0.0,0.0,0.0,0.0,0.0,0.0,0.0,0.0,0.0,0.16694435,0.0,0.8330557,0.0,0.16694435,0.0,0.0,0.0,0.0,0.0,0.0,0.0,0.0,0.0,0.0,0.0,0.0,0.0,0.16694435,0.0,0.0,0.0,0.0,2.8330557,0.0,0.0,0.0,0.0,0.0,0.0,0.0,0.0,0.0,0.0,0.0,0.0,0.0,0.0,0.0,0.0,0.0,0.0,0.0,0.0,0.0,0.0,0.16694435,0.0,0.0,0.0,0.0,0.0,0.0,0.0,0.0,0.0,0.0,0.0,0.0,0.0,0.0,0.0,1.6661114,0.0,0.0,1.6661114,0.8330557,1.0,0.0,0.0,0.0,0.0,0.8330557,0.0,0.8330557,0.0,0.8330557,0.0,0.0
11.380953,4.142857,4.095238,1.0476191,2.0952382,2.0952382,3.047619,2.0952382,1.0,0.04761905,0.14285715,1.0,0.04761905,2.0952382,0.0952381,0.14285715,0.1904762,0.04761905,0.0,0.0952381,3.0,0.0,0.0952381,0.0,2.0,1.0,0.0,0.0952381,0.0952381,1.0,0.0,0.0,0.0952381,0.0,0.04761905,0.0,0.0,0.0952381,1.0,0.04761905,0.0,0.0952381,1.0,1.0,0.0952381,0.0,1.0,0.04761905,0.0,0.0952381,0.0,0.0,0.0,0.04761905,1.0,0.0,0.0952381,0.0,0.04761905,0.0,0.0,0.0952381,0.0,0.0,0.0,1.0,0.0,0.0,0.0,0.0,0.04761905,1.0,0.0,0.0,0.04761905,1.0,0.0,0.0952381,0.04761905,0.0,2.0,0.0,0.0,0.04761905,0.04761905,0.0,0.0,0.0952381,0.0952381,0.04761905,0.0,0.0,0.0,0.0,0.0,1.0,0.0,0.0,0.0,0.04761905,0.0,0.04761905,0.0,0.04761905,0.0,0.04761905,0.0,0.0952381,0.0952381,0.04761905,0.0,0.04761905,0.0,0.0952381,0.0,0.0,0.0,0.04761905,0.0,0.0,0.0,0.04761905,0.0,0.0,0.0,0.0,0.95238096,0.0,0.0,0.0,0.0,0.0,0.0,0.0,0.0,0.0,0.0,0.0,0.0,0.0,0.0,0.0,0.0,0.0,0.0,0.0,0.0,0.0,0.0
12.380953,4.142857,5.095238,1.0476191,2.0952382,2.0952382,3.047619,2.0952382,2.0,0.04761905,0.14285715,1.0,0.04761905,2.0952382,0.0952381,0.14285715,0.1904762,0.04761905,0.0,0.0952381,3.0,0.0,0.0952381,0.0,2.0,1.0,0.0,0.0952381,0.0952381,1.0,0.0,0.0,0.0952381,0.0,0.04761905,0.0,0.0,0.0952381,1.0,0.04761905,0.0,0.0952381,1.0,1.0,0.0952381,0.0,1.0,0.04761905,0.0,0.0952381,0.0,0.0,0.0,0.04761905,1.0,0.0,0.0952381,0.0,0.04761905,0.0,0.0,0.0952381,0.0,0.0,0.0,1.0,0.0,0.0,0.0,0.0,0.04761905,1.0,0.0,0.0,0.04761905,1.0,0.0,0.0952381,0.04761905,0.0,2.0,0.0,0.0,0.04761905,0.04761905,0.0,0.0,0.0952381,0.0952381,0.04761905,0.0,0.0,0.0,0.0,0.0,1.0,0.0,0.0,0.0,0.04761905,0.0,0.04761905,0.0,0.04761905,0.0,0.04761905,0.0,0.0952381,0.0952381,0.04761905,0.0,0.04761905,0.0,0.0952381,0.0,0.0,0.0,0.04761905,0.0,0.0,0.0,0.04761905,0.0,0.0,0.0,0.0,0.95238096,0.0,0.0,0.0,0.0,0.0,0.0,0.0,0.0,0.0,0.0,0.0,0.0,0.0,0.0,0.0,0.0,0.0,0.0,0.0,0.0,0.0,0.0
10.333333,4.047619,3.047619,1.0476191,2.047619,2.047619,3.0,2.047619,0.0,0.04761905,0.0952381,1.0,0.0,2.047619,0.04761905,0.04761905,0.04761905,0.04761905,0.0,0.04761905,3.0,0.0,0.04761905,0.0,2.0,1.0,0.0,0.04761905,0.04761905,1.0,0.0,0.0,0.04761905,0.0,0.0,0.0,0.0,0.0,1.0,0.0,0.0,0.04761905,1.0,1.0,0.04761905,0.0,1.0,0.0,0.0,0.0,0.0,0.0,0.0,0.0,1.0,0.0,0.0,0.0,0.0,0.0,0.0,0.0,0.0,0.0,0.0,1.0,0.0,1.0,0.0,1.0,0.0,1.0,0.0,0.0,0.0,1.0,1.0,0.0,0.0,1.0,0.0,0.0,0.0,0.0,0.04761905,0.0,0.0,0.0,0.0,0.0,0.0,0.0,0.0,0.0,0.0,0.0,0.0,0.0,0.0,0.04761905,0.0,0.0,0.0,0.0,0.0,0.0,0.0,0.04761905,0.04761905,0.0,0.0,0.0,0.0,0.0,0.0,0.0,0.0,0.0,0.0,0.0,0.0,0.0,0.0,0.0,0.0,0.0,0.95238096,0.0,0.0,0.0,0.0,0.0,0.0,0.0,0.0,0.0,0.0,0.0,0.95238096,0.0,0.0,0.0,0.0,0.0,0.0,0.0,0.0,0.0,0.0
20.171131,2.0,18.085566,0.0,2.0,0.0,0.0,2.0,16.085566,2.1197913,3.1369042,0.0,0.0,0.0,3.1711304,1.0684521,2.1711304,0.0,0.0,1.0,0.0,0.0,0.0,0.0,0.0,0.0,0.0,0.0,0.0,0.0,2.0,0.034226075,0.0,0.0,1.1540173,0.0,0.0,1.0,0.0,0.0,0.0,0.0,0.0,0.0,0.0,0.0,0.0,0.0,3.1026783,0.0,11.982887,0.0,0.0,0.0,0.0,0.0,0.0,2.1026783,0.0,0.0,2.0,0.0,0.0,0.0,0.0,0.0,0.0,0.0,0.0,0.0,0.0,0.0,1.0,0.0,0.0,0.0,0.0,0.0,0.0,0.0,0.0,0.0,0.0,0.0,0.0,0.0,0.0,0.0,0.0,0.0,0.0,0.0,0.0,2.982887,0.0,0.0,0.0,0.034226075,0.0,0.0,0.0,0.0,0.0,0.0,0.0,0.0,0.0,0.0,0.0,0.0,0.0,0.0,0.0,0.0,0.0,0.0,0.0,0.0,0.0,0.0,0.0,0.0,0.0,0.0,0.0,0.0,0.0,0.0,0.0,0.0,0.0,0.0,1.9828869,0.0,0.0,1.9828869,0.0,0.0,0.0,0.0,0.0,0.0,0.98288697,0.0,0.98288697,0.0,0.98288697,0.0,0.0
10.904762,4.3333335,3.3333333,1.0952381,2.2380953,2.2857144,3.0952382,2.2857144,0.04761905,0.0952381,0.1904762,1.0,0.0,2.2857144,0.1904762,0.0952381,0.1904762,0.0,0.0,0.1904762,3.0952382,0.0,0.0,0.0952381,2.0,1.0,0.0,0.0,0.1904762,1.0,0.0,0.0,0.1904762,0.0,0.0952381,0.0,0.04761905,0.1904762,1.0,0.0952381,0.0,0.0,1.0952381,1.0,0.0,0.0,1.0,0.0,0.0,0.0,0.0,0.0,0.0,0.0952381,1.0,0.0,0.1904762,0.0,0.0,0.0,0.0,0.1904762,0.0,0.0,0.0,1.0,0.0,1.0476191,0.0,1.0,0.0952381,1.0,0.0,0.0,0.0952381,1.0952381,1.0,0.1904762,0.0,1.0,0.0,0.0,0.0,0.0,0.0,0.0,0.0,0.0,0.0952381,0.0,0.0,0.0,0.0,0.0,0.0,0.0,0.0,0.0,0.0,0.0952381,0.0,0.0952381,0.0,0.0,0.0,0.0952381,0.0,0.0,0.0,0.0,0.0,0.0952381,0.0,0.0,0.0,0.0,0.0,0.0,0.0,0.0,0.0,0.0952381,0.0,0.0,0.0,0.0,1.0,0.0,0.0,0.0,0.0,0.0,0.0,0.0,0.0,0.0,0.0,0.0,1.0,0.0,0.0,0.0,0.0,0.0,0.0,0.0,0.0,0.0,0.0
10.666667,4.142857,3.047619,1.0952381,2.0,2.0,3.2857144,2.0,0.0,0.0,0.0,1.1428572,0.1904762,2.0,0.0,0.0,0.0,0.0,0.0,0.0,3.0952382,0.1904762,0.0,0.0,2.0952382,1.0,0.0,0.0,0.0,1.0,0.0,0.0,0.0,0.0,0.0,0.0,0.0,0.0,1.0,0.0,0.0,0.0,1.0,1.0,0.0,0.0,1.0,0.0,0.0,0.0,0.0,0.0,0.0,0.0,1.0,0.0,0.0,0.0,0.0,0.0,0.0,0.0,0.0,0.0,0.0,1.0,0.0,1.0476191,0.04761905,1.0952381,0.0,1.0,0.0,0.0,0.0,1.0,1.0,0.0,0.0,1.0,0.0,0.0,0.0,0.0,0.0,0.0,0.0,0.0,0.0,0.0,0.0,0.0,0.0,0.0,0.0,0.0,0.0952381,0.0,0.0,0.0,0.0,0.0,0.0,0.0,0.0,0.0,0.0,0.0,0.0,0.0,0.0,0.0,0.0952381,0.0,0.0,0.0,0.0,0.0,0.0,0.0,0.0,0.0,0.0,0.0,0.0,0.0952381,1.0,0.0,0.0,0.0,0.0952381,0.0952381,0.0,0.0,0.0,0.0,0.0,0.0,1.0,0.0,0.04761905,0.0,0.0,0.0,0.0,0.0,0.0,0.0,0.0
30.0,4.0,8.0,4.0,0.0,4.0,3.0,0.0,12.0,0.0,0.0,0.0,3.0,0.0,0.0,0.0,0.0,0.0,1.0,0.0,0.0,0.0,0.0,12.0,0.0,0.0,2.0,0.0,0.0,0.0,0.0,8.0,0.0,2.0,0.0,0.0,2.0,0.0,0.0,0.0,0.0,0.0,1.0,0.0,0.0,2.0,0.0,0.0,0.0,0.0,0.0,0.0,6.0,0.0,0.0,0.0,0.0,0.0,0.0,0.0,0.0,0.0,4.0,2.0,0.0,0.0,2.0,0.0,0.0,0.0,0.0,0.0,0.0,0.0,0.0,0.0,0.0,0.0,0.0,0.0,0.0,0.0,0.0,0.0,0.0,2.0,0.0,0.0,0.0,0.0,0.0,2.0,0.0,0.0,0.0,0.0,0.0,0.0,0.0,0.0,0.0,0.0,0.0,0.0,0.0,0.0,1.0,0.0,0.0,0.0,0.0,0.0,0.0,0.0,2.0,0.0,0.0,0.0,0.0,0.0,0.0,0.0,0.0,0.0,0.0,0.0,0.0,0.0,0.0,0.0,0.0,0.0,0.0,0.0,0.0,0.0,0.0,0.0,0.0,0.0,0.0,0.0,0.0,0.0,0.0,0.0,0.0,0.0,0.0
41.0,6.0,19.0,4.0,1.0,5.0,5.0,1.0,17.0,0.0,0.0,1.0,3.0,1.0,0.0,0.0,0.0,0.0,1.0,0.0,4.0,0.0,0.0,7.0,4.0,1.0,2.0,0.0,0.0,1.0,0.0,1.0,0.0,2.0,0.0,0.0,3.0,0.0,3.0,0.0,0.0,0.0,0.0,3.0,0.0,2.0,4.0,0.0,0.0,0.0,12.0,0.0,4.0,1.0,1.0,0.0,0.0,0.0,0.0,0.0,0.0,1.0,3.0,4.0,0.0,4.0,0.0,0.0,0.0,0.0,0.0,2.0,0.0,1.0,0.0,0.0,0.0,0.0,0.0,0.0,0.0,0.0,0.0,0.0,0.0,0.0,0.0,0.0,0.0,0.0,0.0,2.0,0.0,0.0,0.0,0.0,0.0,0.0,0.0,0.0,0.0,0.0,0.0,1.0,0.0,0.0,1.0,0.0,0.0,0.0,0.0,0.0,0.0,0.0,2.0,0.0,0.0,0.0,0.0,0.0,0.0,0.0,0.0,0.0,0.0,0.0,0.0,0.0,0.0,0.0,0.0,0.0,0.0,0.0,0.0,0.0,0.0,0.0,0.0,0.0,0.0,0.0,0.0,0.0,0.0,0.0,0.0,0.0,0.0
27.0,4.0,15.0,2.0,0.0,1.0,3.0,0.0,14.0,0.0,0.0,0.0,3.0,0.0,0.0,0.0,0.0,0.0,1.0,0.0,0.0,0.0,0.0,1.0,0.0,0.0,0.0,0.0,0.0,0.0,0.0,0.0,0.0,2.0,0.0,0.0,0.0,0.0,0.0,0.0,0.0,0.0,0.0,0.0,0.0,2.0,0.0,0.0,0.0,0.0,12.0,0.0,0.0,0.0,0.0,0.0,0.0,0.0,0.0,0.0,0.0,0.0,0.0,0.0,0.0,0.0,0.0,0.0,0.0,0.0,0.0,0.0,0.0,0.0,0.0,0.0,0.0,0.0,0.0,0.0,0.0,0.0,0.0,0.0,0.0,0.0,0.0,0.0,0.0,0.0,0.0,2.0,0.0,0.0,0.0,0.0,0.0,0.0,0.0,0.0,0.0,0.0,0.0,1.0,0.0,0.0,0.0,0.0,0.0,0.0,0.0,0.0,1.0,0.0,2.0,0.0,0.0,0.0,0.0,0.0,0.0,0.0,0.0,0.0,0.0,0.0,0.0,0.0,0.0,0.0,0.0,0.0,0.0,0.0,0.0,0.0,0.0,0.0,0.0,0.0,0.0,0.0,0.0,0.0,0.0,0.0,0.0,0.0,0.0
20.0,4.0,1.0,3.0,0.0,1.0,4.0,0.0,0.0,1.0,1.0,1.0,3.0,0.0,0.0,0.0,0.0,1.0,1.0,0.0,0.0,1.0,0.0,0.0,0.0,0.0,1.0,0.0,0.0,0.0,0.0,0.0,0.0,1.0,0.0,1.0,0.0,0.0,0.0,0.0,1.0,0.0,0.0,0.0,0.0,1.0,0.0,0.0,0.0,0.0,0.0,0.0,0.0,0.0,0.0,0.0,0.0,0.0,0.0,0.0,0.0,0.0,0.0,0.0,1.0,0.0,0.0,0.0,0.0,0.0,0.0,0.0,0.0,0.0,0.0,0.0,0.0,0.0,0.0,0.0,0.0,0.0,1.0,0.0,0.0,0.0,0.0,0.0,0.0,0.0,0.0,0.0,0.0,0.0,0.0,0.0,0.0,0.0,1.0,0.0,0.0,0.0,0.0,0.0,0.0,0.0,0.0,0.0,0.0,0.0,0.0,0.0,0.0,0.0,0.0,0.0,0.0,0.0,0.0,0.0,0.0,0.0,0.0,0.0,0.0,0.0,0.0,0.0,0.0,0.0,0.0,0.0,0.0,0.0,0.0,0.0,0.0,0.0,0.0,0.0,0.0,0.0,0.0,0.0,0.0,0.0,0.0,0.0,0.0
14.5,2.0,9.0,1.0,1.0,2.0,1.0,1.0,9.5,0.0,0.0,0.0,0.0,0.0,0.0,0.0,0.0,0.0,0.0,0.0,1.0,0.0,0.0,3.0,0.0,0.0,0.0,0.0,0.0,0.0,1.0,2.5,0.0,0.0,0.0,0.0,0.5,0.0,0.0,0.0,0.0,0.0,1.0,0.0,0.0,0.0,1.0,0.0,0.0,0.0,8.0,0.0,0.0,0.0,0.0,0.0,0.0,0.0,0.0,0.0,1.0,0.0,1.0,0.0,0.0,0.0,0.5,0.0,0.0,0.0,0.0,0.0,0.0,0.0,0.0,0.0,0.0,0.0,0.0,0.0,0.0,0.0,0.0,0.0,0.0,0.0,0.0,0.0,0.0,0.0,0.0,0.0,0.0,0.0,0.0,0.0,0.0,4.0,0.0,0.0,0.0,0.0,0.0,0.0,0.0,0.0,0.0,0.0,0.0,0.0,0.0,0.0,0.0,0.0,0.0,0.0,0.0,0.0,0.0,0.0,0.0,0.0,0.0,0.0,0.0,0.0,0.0,0.0,0.0,0.0,0.0,0.0,0.0,0.0,0.0,0.0,0.0,0.0,0.0,0.0,0.0,0.0,0.0,0.0,0.0,0.0,0.0,0.0,0.0
9.8,0.9,1.7,1.3,0.0,0.7,0.6,0.0,0.7,0.0,0.0,0.0,0.6,0.0,0.0,0.0,0.0,0.0,0.3,0.0,0.0,0.0,0.0,0.7,0.0,0.0,0.0,0.0,0.0,0.0,0.0,0.0,0.0,0.6,0.0,0.0,0.0,0.0,0.0,0.0,0.0,0.0,0.0,0.0,0.0,0.6,0.0,0.0,0.0,0.0,0.0,0.0,0.0,0.0,0.0,0.0,0.0,0.0,0.0,0.0,0.0,0.0,0.0,0.0,0.6,0.0,0.0,0.0,0.0,0.0,0.0,0.0,0.0,0.0,0.0,0.0,0.0,0.0,0.0,0.0,0.0,0.0,0.0,0.0,0.0,0.0,0.0,0.0,0.0,0.0,0.0,0.6,0.0,0.0,0.0,0.0,0.0,0.0,0.0,0.0,0.0,0.0,0.0,0.0,0.0,0.0,0.0,0.0,0.0,0.0,0.0,0.0,0.0,0.0,0.6,0.0,0.0,0.0,0.0,0.0,0.0,0.0,0.0,0.0,0.0,0.0,0.0,0.0,0.0,0.0,0.0,0.0,0.0,0.0,0.0,0.0,0.0,0.0,0.0,0.0,0.0,0.6,0.0,0.0,0.0,0.0,0.0,0.0,0.0
27.0,4.0,16.0,2.0,2.0,2.0,3.0,2.0,19.0,0.0,0.0,1.0,2.0,0.0,0.0,0.0,0.0,0.0,0.0,0.0,1.0,1.0,0.0,6.0,1.0,1.0,2.0,0.0,0.0,1.0,2.0,5.0,0.0,0.0,0.0,0.0,1.0,0.0,0.0,0.0,0.0,0.0,0.0,0.0,0.0,0.0,0.0,0.0,0.0,0.0,16.0,0.0,6.0,0.0,0.0,1.0,0.0,0.0,0.0,0.0,2.0,0.0,2.0,2.0,0.0,0.0,1.0,0.0,0.0,0.0,0.0,0.0,0.0,1.0,0.0,0.0,0.0,0.0,0.0,0.0,1.0,0.0,0.0,0.0,0.0,2.0,3.0,0.0,0.0,0.0,1.0,0.0,0.0,0.0,0.0,1.0,1.0,8.0,0.0,0.0,0.0,0.0,0.0,0.0,0.0,0.0,0.0,0.0,0.0,0.0,0.0,0.0,0.0,0.0,0.0,1.0,0.0,0.0,0.0,0.0,1.0,0.0,0.0,0.0,0.0,0.0,0.0,0.0,0.0,0.0,0.0,0.0,0.0,0.0,0.0,0.0,0.0,0.0,0.0,0.0,0.0,0.0,0.0,0.0,0.0,0.0,0.0,0.0,0.0
11.3,0.99,2.99,1.33,0.0,1.33,0.66,0.0,1.33,0.0,0.0,0.0,0.0,0.0,0.0,0.0,0.0,0.0,0.33,0.0,0.66,0.0,0.0,1.33,0.0,0.0,0.0,0.0,0.0,0.0,0.0,0.0,0.0,0.66,0.0,0.0,0.0,0.0,0.0,0.0,0.0,0.0,0.0,0.0,0.0,0.0,0.0,0.0,0.0,0.0,0.0,0.0,0.0,0.0,0.0,0.0,0.0,0.0,0.0,0.0,0.0,0.0,0.0,0.0,0.66,0.0,0.0,0.0,0.0,0.0,0.0,0.0,0.0,0.0,0.0,0.0,0.0,0.0,0.0,0.0,0.66,0.0,0.0,0.0,0.0,0.0,0.0,0.0,0.0,0.0,0.0,0.66,0.0,0.0,0.0,0.0,0.0,0.0,0.0,0.0,0.0,0.0,0.0,0.0,0.0,0.0,0.0,0.0,0.0,0.0,0.0,0.0,0.0,0.0,0.0,0.0,0.0,0.0,0.0,0.0,0.0,0.0,0.66,0.0,0.0,0.0,0.0,0.0,0.0,0.0,0.0,0.0,0.0,0.66,0.66,0.0,0.0,0.0,0.0,0.0,0.0,0.66,0.0,0.66,0.0,0.0,0.0,0.0,0.0
10.0,4.0149255,3.0,1.0,2.0,2.0,3.0,2.0,0.0,0.0,0.0,1.0,0.0,2.0,0.0,0.0,0.0,0.0,0.0049751243,0.0,3.0,0.0,0.0,0.0,2.0,1.0,0.0,0.0,0.0,1.0,0.0,0.0,0.0,0.0,0.0,0.0049751243,0.0,0.0,1.0,0.0049751243,0.0049751243,0.0,0.99502486,1.0,0.0,0.0,1.0,0.0,0.0,0.0,0.0,0.0,0.0,0.0,1.0,0.0,0.0099502485,0.0,0.0,0.0,0.0,0.0,0.0,0.0,0.0099502485,1.0,0.0,1.0,0.0,1.0,0.0,1.0,0.0,0.0,0.0,0.99502486,1.0,0.0,0.0,1.0,0.0,0.0,0.0099502485,0.0,0.0,0.0,0.0,0.0,0.0,0.0,0.0,0.0,0.0,0.0,0.0,0.0,0.0,0.0,0.0,0.0,0.0,0.0,0.0,0.0,0.0,0.0,0.0,0.0,0.0,0.0,0.0,0.0,0.0,0.0,0.0,0.0,0.0,0.0,0.0,0.0,0.0,0.0,0.0,0.0,0.0,0.0,0.99502486,0.0,0.0,0.0,0.0,0.0,0.0,0.0,0.0,0.0,0.0,0.0,0.99502486,0.0,0.0,0.0,0.0,0.0,0.0,0.0,0.0,0.0,0.0
15.920792,3.960396,2.990099,1.990099,0.990099,1.990099,2.970297,0.990099,1.0,0.0,0.0,0.990099,0.990099,0.0,0.0,0.0,0.0,0.0,0.990099,0.0,0.990099,0.0,0.0,0.00990099,0.990099,0.990099,0.0,0.0,0.0,0.990099,0.990099,0.0,0.0,0.990099,0.0,0.990099,0.0,0.0,0.0,0.0,0.990099,0.0,0.0,0.0,0.0,0.990099,0.0,0.0,0.0,0.0,0.0,0.990099,0.0,0.0,0.0,0.0,0.0,0.0,0.0,0.990099,0.0,0.0,0.0,0.0,1.980198,0.0,0.0,0.0,0.0,0.0,0.0,0.0,0.0,0.0,0.0,0.0,0.0,0.0,0.0,0.0,0.990099,0.990099,0.990099,0.0,0.0,0.0,0.0,0.0,0.0,0.0,0.0,0.0,0.990099,0.0,0.0,0.990099,0.0,0.0,0.990099,0.0,0.0,0.0,0.0,0.0,0.0,0.0,0.0,0.0,0.0,0.0,0.0,0.0,0.0,0.0,0.0,0.990099,0.0,0.0,0.0,0.990099,0.0,0.0,0.0,0.0,0.0,0.0,0.0,0.0,0.0,0.0,0.0,0.0,0.0,0.0,0.0,0.0,0.0,0.0,0.0,0.0,0.0,0.0,0.0,0.0,0.0,0.0,0.0,0.0,0.0
10.251045,4.0,3.251045,1.0,2.0,2.0,3.0,2.0,0.50209,0.0,0.0,1.0,0.0,2.0,0.0,0.0,0.0,0.0,0.0,0.0,3.0,0.0,0.0,0.0,2.0,1.0,0.0,0.0,0.0,1.0,0.0,0.33472663,0.0,0.0,0.0,0.0,0.0,0.0,1.0,0.0,0.0,0.0,1.0,1.0,0.0,0.0,1.0,0.0,0.0,0.0,0.0,0.0,0.0,0.0,1.0,0.0,0.0,0.0,0.0,0.0,0.0,0.0,0.0,0.0,0.0,1.0,0.08368166,0.91631836,0.0,0.91631836,0.0,1.0,0.0,0.0,0.0,1.0,0.91631836,0.0,0.0,0.91631836,0.50209,0.0,0.0,0.0,0.0,0.0,0.0,0.0,0.0,0.0,0.0,0.0,0.0,0.0,0.0,0.251045,0.0,0.0,0.0,0.0,0.0,0.0,0.0,0.0,0.0,0.0,0.0,0.0,0.0,0.0,0.0,0.0,0.0,0.0,0.0,0.0,0.0,0.0,0.0,0.0,0.0,0.0,0.0,0.0,0.0,0.0,1.0,0.0,0.0,0.0,0.0,0.0,0.0,0.0,0.0,0.0,0.0,0.0,0.91631836,0.50209,0.0,0.0,0.0,0.0,0.0,0.251045,0.0,0.0,0.0
11.141077,4.0470257,4.0470257,1.0156752,2.0,2.0,3.0313504,2.0,1.0627009,0.0,0.0,1.0,0.015675208,1.9686496,0.0,0.0,0.0,0.0,0.015675208,0.0,3.0156753,0.0,0.0,0.0,2.0,1.0156752,0.0,0.0,0.0,1.0156752,0.047025625,0.015675208,0.0,0.015675208,0.0,0.015675208,0.0,0.0,1.0,0.0,0.015675208,0.0,0.9843248,1.0,0.0,0.015675208,0.9843248,0.0,0.0,0.0,0.0,0.015675208,0.0,0.0,0.9843248,0.0,0.0,0.0,0.0,0.015675208,0.047025625,0.0,0.0,0.0,0.031350415,0.9843248,0.0,0.0,0.0,0.0,0.0,0.9843248,0.0,0.0,0.0,0.9843248,0.0,0.0,0.0,0.0,2.0470257,0.015675208,0.015675208,0.0,0.0,0.0,0.0,0.0,0.0,0.0,0.0,0.0,0.015675208,0.0,0.0,1.0156752,0.0,0.015675208,0.015675208,0.0,0.0,0.0,0.0,0.0,0.015675208,0.0,0.0,0.0,0.0,0.0,0.0,0.0,0.0,0.0,0.0,0.047025625,0.0,0.0,0.0,0.015675208,0.0,0.0,0.0,0.0,0.0,0.0,0.9843248,0.015675208,0.0,0.0,0.0,0.0,0.0,0.0,0.0,0.0,0.0,0.0,0.0,0.015675208,0.0,0.0,0.0,0.0,0.0,0.0,0.0,0.0,0.0
10.0,4.029703,3.0,1.0,2.0,2.0,3.0,2.0,0.0,0.0,0.0,1.0,0.0,2.0,0.0,0.0,0.0,0.0,0.00990099,0.0,3.0,0.0,0.0,0.0,2.0,1.0,0.0,0.0,0.0,1.0,0.0,0.0,0.0,0.0,0.0,0.00990099,0.0,0.0,1.0,0.00990099,0.00990099,0.0,0.990099,1.0,0.0,0.0,1.0,0.0,0.0,0.0,0.0,0.0,0.0,0.0,1.0,0.0,0.01980198,0.0,0.0,0.0,0.0,0.0,0.0,0.0,0.01980198,1.0,0.0,1.0,0.0,1.0,0.0,1.0,0.0,0.0,0.0,0.990099,1.0,0.0,0.0,1.0,0.0,0.0,0.01980198,0.0,0.0,0.0,0.0,0.0,0.0,0.0,0.0,0.0,0.0,0.0,0.0,0.0,0.0,0.0,0.0,0.0,0.0,0.0,0.0,0.0,0.0,0.0,0.0,0.0,0.0,0.0,0.0,0.0,0.0,0.0,0.0,0.0,0.0,0.0,0.0,0.0,0.0,0.0,0.0,0.0,0.0,0.0,0.990099,0.0,0.0,0.0,0.0,0.0,0.0,0.0,0.0,0.0,0.0,0.0,0.990099,0.0,0.0,0.0,0.0,0.0,0.0,0.0,0.0,0.0,0.0
21.97,2.0,19.79,0.03,1.97,0.0,0.0,1.97,17.79,2.0,3.0,0.0,0.0,0.0,3.0,1.0,2.0,0.0,0.03,1.0,0.0,0.0,0.0,0.0,0.0,0.0,0.0,0.0,0.0,0.0,1.97,0.0,0.0,0.0,1.0,0.03,0.0,1.0,0.0,0.0,0.03,0.0,0.0,0.0,0.0,0.0,0.0,0.0,3.0,0.0,13.82,0.03,0.0,0.0,0.0,0.0,0.0,2.0,0.0,0.03,1.94,0.0,0.0,0.0,0.0,0.0,0.0,0.0,0.0,0.0,0.0,0.0,1.0,0.0,0.0,0.0,0.0,0.0,0.0,0.0,0.0,0.0,0.0,0.0,0.0,0.0,0.0,0.0,0.0,0.0,0.0,0.0,0.0,2.97,0.0,0.0,0.0,0.0,0.0,0.0,0.0,0.0,0.0,0.0,0.0,0.0,0.0,0.0,0.0,0.0,0.0,0.0,0.0,0.0,0.0,0.0,0.0,0.0,0.0,0.0,0.0,0.0,0.0,0.0,0.0,0.0,0.0,0.0,0.0,0.0,0.0,0.0,1.97,0.0,0.0,1.94,0.0,0.0,0.0,0.0,0.0,0.0,1.0,0.0,0.97,0.0,0.97,0.0,0.0
18.061432,2.0307157,14.600695,0.09214739,2.0,0.06143159,0.0,2.0,11.631411,3.8771367,5.8157053,0.0,0.0,0.06143159,5.8157053,1.9385684,3.8771367,0.0,0.030715795,1.9385684,0.0,0.0,0.0,0.0,0.0,0.0,0.0,0.0,0.0,0.0,1.9385684,0.0,0.0,0.0,1.9385684,0.09214739,0.0,1.9385684,0.0,0.0,0.09214739,0.0,0.0,0.0,0.0,0.0,0.0,0.0,5.8157053,0.0,5.8157053,0.09214739,0.0,0.0,0.0,0.0,0.0,3.8771367,0.0,0.09214739,1.9385684,0.0,0.0,0.0,0.0,0.0,0.0,0.0,0.0,0.0,0.0,0.0,1.9385684,0.0,0.0,0.0,0.0,0.0,0.0,0.0,0.0,0.0,0.0,0.0,0.0,0.0,0.0,0.0,0.0,0.0,0.0,0.0,0.0,5.8157053,0.0,0.0,0.0,0.0,0.0,0.0,0.09214739,0.0,0.0,0.0,0.0,0.0,0.0,0.0,0.0,0.0,0.09214739,0.0,0.0,0.0,0.0,0.0,0.0,0.0,0.0,0.0,0.0,0.0,0.0,0.0,0.0,0.0,0.0,0.0,0.0,0.0,0.0,0.0,3.8771367,0.0,0.0,3.8771367,1.9385684,2.9078526,0.0,0.0,0.0,0.0,1.9385684,0.0,1.9385684,0.0,1.9385684,0.0,0.0
8.2253,0.6008,2.0751,0.9249,0.0751,0.9249,0.4506,0.0751,1.0,0.0751,0.2253,0.0751,0.0,0.0,0.0751,0.2253,0.1502,0.0,0.1502,0.0,0.1502,0.0,0.0,0.9249,0.1502,0.0751,0.0,0.0,0.0,0.0751,0.0751,0.0,0.0,0.3004,0.0,0.0,0.0,0.0,0.0751,0.0,0.0,0.0,0.0,0.0751,0.0,0.0,0.0,0.0751,0.0,0.0751,0.0,0.0,0.0,0.0,0.0,0.0,0.0,0.0,0.0,0.0,0.0,0.0,0.0,0.0,0.3004,0.0,0.0,0.0,0.0,0.0,0.0,0.0,0.0,0.0,0.0,0.0,0.0,0.0,0.0,0.0,0.0751,0.0,0.0,0.0,0.0,0.0,0.0,0.0,0.0,0.0,0.0,0.3004,0.0,0.0,0.0,0.0751,0.0,0.0,0.0,0.0,0.0,0.0,0.0,0.0,0.0,0.0,0.0,0.0,0.0,0.0,0.0,0.0,0.0,0.0,0.0,0.0751,0.0,0.0,0.0,0.0,0.0,0.0,0.0,0.0,0.0,0.0,0.0,0.0751,0.0,0.0,0.0,0.0,0.0,0.0,0.0,0.0,0.0,0.0,0.0,0.0,0.0,0.3004,0.0,0.0,0.0,0.0,0.0,0.0,0.0
17.4,4.4,9.5,1.3,2.0,2.2,3.5,2.0,9.0,0.0,0.0,1.2,0.3,2.0,0.0,0.0,0.0,0.0,0.1,0.0,3.2,0.2,0.0,0.0,2.2,1.0,0.0,0.0,0.0,1.0,0.0,1.8,0.0,0.1,0.0,0.2,0.0,0.0,1.0,0.0,0.2,0.0,1.0,1.0,0.0,0.1,1.0,0.0,0.0,0.0,9.0,0.1,0.0,0.0,1.0,0.0,0.0,0.0,0.0,0.1,0.0,0.0,0.0,0.0,0.2,1.0,0.0,0.2,0.0,0.3,0.0,1.0,0.0,0.0,0.0,1.0,0.1,0.0,0.0,0.1,3.6,0.1,0.2,0.0,0.0,0.0,0.0,0.0,0.0,0.0,0.0,0.0,0.1,0.0,0.0,1.8,0.2,3.6,0.2,0.0,0.0,0.0,0.0,0.0,0.0,0.0,0.0,0.0,0.0,0.0,0.0,0.0,0.1,0.0,0.0,0.0,0.0,0.0,0.0,0.2,0.0,0.0,0.0,0.1,0.0,0.1,1.0,0.0,0.0,0.0,0.2,0.2,0.0,0.0,0.0,0.0,0.0,0.0,0.1,1.8,0.1,0.0,0.0,0.0,0.0,0.9,0.0,0.0,0.0
11.6,4.0,3.4,1.2,2.0,2.4,3.0,2.0,0.0,0.0,0.0,1.0,0.0,2.0,0.0,0.0,0.0,0.0,0.0,0.0,3.0,0.0,0.0,0.0,2.0,1.0,0.0,0.0,0.0,1.0,0.0,0.0,0.0,0.0,0.0,0.0,0.0,0.0,1.0,0.2,0.0,0.0,1.0,1.0,0.0,0.0,1.0,0.0,0.0,0.0,0.0,0.0,0.0,0.2,1.0,0.0,0.2,0.0,0.0,0.0,0.0,0.4,0.0,0.0,0.0,1.0,0.0,1.0,0.0,1.0,0.0,1.0,0.0,0.0,0.0,0.8,1.0,0.0,0.0,1.0,0.0,0.0,0.0,0.0,0.0,0.0,0.0,0.0,0.0,0.0,0.0,0.0,0.0,0.0,0.0,0.0,0.0,0.0,0.0,0.0,0.0,0.2,0.0,0.0,0.0,0.2,0.0,0.0,0.0,0.0,0.0,0.0,0.0,0.0,0.0,0.0,0.0,0.0,0.0,0.0,0.0,0.0,0.0,0.0,0.0,0.0,0.8,0.0,0.0,0.0,0.0,0.0,0.0,0.0,0.0,0.0,0.0,0.0,0.8,0.0,0.0,0.0,0.0,0.0,0.0,0.0,0.0,0.0,0.0
8.118812,4.029703,6.009901,0.01980198,2.019802,0.03960396,3.009901,2.019802,3.980198,0.00990099,0.02970297,1.0,0.00990099,0.03960396,0.01980198,0.02970297,0.03960396,0.00990099,0.0,0.01980198,3.0,0.0,0.01980198,0.0,2.0,1.0,0.00990099,0.01980198,0.01980198,1.0,1.980198,0.0,0.01980198,0.0,0.00990099,0.0,0.0,0.01980198,1.0,0.00990099,0.0,0.01980198,0.00990099,1.0,0.01980198,0.0,0.00990099,0.00990099,0.0,0.01980198,0.0,0.0,0.0,0.00990099,0.00990099,0.0,0.01980198,0.0,0.00990099,0.0,1.980198,0.01980198,0.0,0.0,0.0,0.00990099,0.0,0.0,0.0,0.0,0.00990099,0.00990099,0.0,0.0,0.00990099,0.00990099,0.0,0.01980198,0.00990099,0.0,2.990099,0.0,0.0,0.00990099,0.0,0.0,0.0,0.01980198,0.01980198,0.00990099,0.0,0.0,0.0,0.0,0.0,1.990099,0.0,0.0,0.0,0.00990099,0.0,0.00990099,0.0,0.0,0.0,0.00990099,0.0,0.0,0.0,0.00990099,0.0,0.00990099,0.0,0.01980198,0.0,0.990099,0.0,0.00990099,0.0,0.0,0.0,0.00990099,0.0,0.0,0.0,0.0,0.00990099,0.990099,0.0,0.0,0.0,0.0,0.0,0.0,0.0,0.0,0.0,0.0,0.0,0.0,0.0,0.0,0.0,0.0,0.0,0.0,0.0,0.0,0.0
11.333333,4.0,3.3333333,1.1666666,2.0,2.3333333,3.0,2.0,0.0,0.0,0.0,1.0,0.0,2.0,0.0,0.0,0.0,0.0,0.0,0.0,3.0,0.0,0.0,0.0,2.0,1.0,0.0,0.0,0.0,1.0,0.0,0.0,0.0,0.0,0.0,0.0,0.0,0.0,1.0,0.16666667,0.0,0.0,1.0,1.0,0.0,0.0,1.0,0.0,0.0,0.0,0.0,0.0,0.0,0.16666667,1.0,0.0,0.16666667,0.0,0.0,0.0,0.0,0.33333334,0.0,0.0,0.0,1.0,0.0,1.0,0.0,1.0,0.0,1.0,0.0,0.0,0.0,0.8333333,1.0,0.0,0.0,1.0,0.0,0.0,0.0,0.0,0.0,0.0,0.0,0.0,0.0,0.0,0.0,0.0,0.0,0.0,0.0,0.0,0.0,0.0,0.0,0.0,0.0,0.16666667,0.0,0.0,0.0,0.16666667,0.0,0.0,0.0,0.0,0.0,0.0,0.0,0.0,0.0,0.0,0.0,0.0,0.0,0.0,0.0,0.0,0.0,0.0,0.0,0.0,0.8333333,0.0,0.0,0.0,0.0,0.0,0.0,0.0,0.0,0.0,0.0,0.0,0.8333333,0.0,0.0,0.0,0.0,0.0,0.0,0.0,0.0,0.0,0.0
4.836,0.459,2.765,0.153,0.0,0.306,0.306,0.0,1.306,0.847,0.0,0.0,0.0,0.0,0.0,0.0,0.0,0.0,0.153,0.0,0.612,0.0,0.0,0.153,0.0,0.0,0.0,0.0,0.0,0.0,0.0,0.0,0.0,0.306,0.0,0.0,0.0,0.0,0.0,0.0,0.0,0.0,0.153,0.0,0.0,0.0,0.0,0.0,0.0,0.0,0.0,0.0,0.0,0.0,0.0,0.0,0.0,0.0,0.0,0.0,0.0,0.0,0.0,0.0,0.306,0.0,0.0,0.0,0.0,0.0,0.0,0.0,0.0,0.0,0.0,0.0,0.0,0.0,0.0,0.0,0.0,0.0,0.0,0.0,0.0,0.0,0.0,0.0,0.0,0.0,0.0,0.306,0.0,0.0,0.0,0.0,0.0,0.0,0.0,0.0,0.0,0.0,0.0,0.0,0.0,0.0,0.0,0.0,0.0,0.0,0.0,0.0,0.0,0.0,0.0,0.0,0.0,0.0,0.0,0.0,0.0,0.0,0.612,0.0,0.0,0.0,0.0,0.0,0.0,0.0,0.0,0.0,0.0,0.612,0.612,0.0,0.0,0.0,0.0,0.0,0.0,0.306,0.0,0.612,0.0,0.0,0.0,0.0,0.0
4.148,0.246,2.574,0.082,0.0,0.164,0.164,0.0,1.328,0.918,0.0,0.0,0.0,0.0,0.0,0.0,0.0,0.0,0.082,0.0,0.164,0.0,0.0,0.082,0.0,0.0,0.0,0.0,0.0,0.0,0.0,0.0,0.0,0.164,0.0,0.0,0.0,0.0,0.0,0.0,0.0,0.0,0.082,0.0,0.0,0.0,0.0,0.0,0.0,0.0,0.0,0.0,0.0,0.0,0.0,0.0,0.0,0.0,0.0,0.0,0.0,0.0,0.0,0.0,0.164,0.0,0.0,0.0,0.0,0.0,0.0,0.0,0.0,0.0,0.0,0.0,0.0,0.0,0.0,0.0,0.164,0.0,0.0,0.0,0.0,0.0,0.0,0.0,0.0,0.0,0.0,0.164,0.0,0.0,0.0,0.0,0.0,0.0,0.0,0.0,0.0,0.0,0.0,0.0,0.0,0.0,0.0,0.0,0.0,0.0,0.0,0.0,0.0,0.0,0.0,0.0,0.0,0.0,0.0,0.0,0.0,0.0,0.164,0.0,0.0,0.0,0.0,0.0,0.0,0.0,0.0,0.0,0.0,0.164,0.164,0.0,0.0,0.0,0.0,0.0,0.0,0.164,0.0,0.164,0.0,0.0,0.0,0.0,0.0
11.0,2.0,9.0,0.0,2.0,0.0,0.0,2.0,7.0,2.0,3.0,0.0,0.0,0.0,3.0,1.0,2.0,0.0,0.0,1.0,0.0,0.0,0.0,0.0,0.0,0.0,0.0,0.0,0.0,0.0,2.0,0.0,0.0,0.0,1.0,0.0,0.0,1.0,0.0,0.0,0.0,0.0,0.0,0.0,0.0,0.0,0.0,0.0,3.0,0.0,3.0,0.0,0.0,0.0,0.0,0.0,0.0,2.0,0.0,0.0,2.0,0.0,0.0,0.0,0.0,0.0,0.0,0.0,0.0,0.0,0.0,0.0,1.0,0.0,0.0,0.0,0.0,0.0,0.0,0.0,0.0,0.0,0.0,0.0,0.0,0.0,0.0,0.0,0.0,0.0,0.0,0.0,0.0,3.0,0.0,0.0,0.0,0.0,0.0,0.0,0.0,0.0,0.0,0.0,0.0,0.0,0.0,0.0,0.0,0.0,0.0,0.0,0.0,0.0,0.0,0.0,0.0,0.0,0.0,0.0,0.0,0.0,0.0,0.0,0.0,0.0,0.0,0.0,0.0,0.0,0.0,0.0,2.0,0.0,0.0,2.0,1.0,0.0,0.0,0.0,0.0,0.0,0.0,0.0,1.0,0.0,0.0,0.0,0.0
7.520362,1.4751132,5.3800907,0.19004525,1.3800905,0.3800905,0.095022626,1.3800905,4.0,1.0950227,1.3800905,0.0,0.095022626,0.3800905,1.2850679,0.3800905,0.5701358,0.095022626,0.0,0.2850679,0.0,0.0,0.19004525,0.0,0.0,0.0,0.0,0.19004525,0.2850679,0.0,1.0,0.0,0.2850679,0.0,0.19004525,0.0,0.0,0.2850679,0.0,0.095022626,0.0,0.19004525,0.095022626,0.0,0.19004525,0.0,0.0,0.095022626,1.0,0.19004525,2.0,0.0,0.0,0.095022626,0.0,0.0,0.19004525,0.095022626,0.095022626,0.0,1.0,0.19004525,0.0,0.0,0.0,0.0,0.0,0.0,0.0,0.0,0.095022626,0.0,0.0,0.0,0.095022626,0.095022626,0.0,0.19004525,0.095022626,0.0,0.0,0.0,0.0,0.095022626,0.095022626,0.0,0.0,0.19004525,0.19004525,0.095022626,0.0,0.0,0.0,1.0,0.0,0.0,0.0,0.0,0.0,0.095022626,0.0,0.095022626,0.0,0.095022626,0.0,0.095022626,0.0,0.19004525,0.19004525,0.095022626,0.0,0.095022626,0.0,0.19004525,0.0,0.0,0.095022626,0.095022626,0.0,0.0,0.0,0.095022626,0.0,0.0,0.0,0.0,0.0,0.0,0.0,0.0,0.0,0.0,0.0,0.0,0.0,0.0,1.0,0.0,0.0,0.0,0.0,0.0,0.0,0.0,0.0,0.0,0.0,0.0,0.0
8.086957,1.5217391,5.521739,0.26086956,1.3913044,0.5217391,0.13043478,1.3913044,4.0,1.2608696,1.6521739,0.0,0.13043478,0.5217391,1.5217391,0.5217391,0.7826087,0.13043478,0.0,0.39130434,0.0,0.0,0.26086956,0.0,0.0,0.0,0.0,0.26086956,0.39130434,0.0,0.8695652,0.0,0.39130434,0.0,0.26086956,0.0,0.0,0.39130434,0.0,0.13043478,0.0,0.26086956,0.13043478,0.0,0.26086956,0.0,0.0,0.13043478,1.1304348,0.26086956,2.0,0.0,0.0,0.13043478,0.0,0.0,0.26086956,0.13043478,0.13043478,0.0,0.8695652,0.26086956,0.0,0.0,0.0,0.0,0.0,0.0,0.0,0.0,0.13043478,0.0,0.0,0.0,0.13043478,0.13043478,0.0,0.26086956,0.13043478,0.0,0.0,0.0,0.0,0.13043478,0.13043478,0.0,0.0,0.26086956,0.26086956,0.13043478,0.0,0.0,0.0,1.1304348,0.0,0.0,0.0,0.0,0.0,0.13043478,0.0,0.13043478,0.0,0.13043478,0.0,0.13043478,0.0,0.26086956,0.26086956,0.13043478,0.0,0.13043478,0.0,0.26086956,0.0,0.0,0.13043478,0.13043478,0.0,0.0,0.0,0.13043478,0.0,0.0,0.0,0.0,0.0,0.0,0.0,0.0,0.0,0.0,0.0,0.0,0.0,0.0,0.8695652,0.13043478,0.0,0.0,0.0,0.0,0.0,0.0,0.0,0.0,0.0,0.0,0.0
6.1043725,1.0099403,5.039761,0.009940247,1.0049701,0.0,0.0,1.0049701,4.039761,1.0049701,1.0099403,0.0,0.0,0.0,1.0099403,0.0049701235,0.009940247,0.0,0.0049701235,0.0049701235,0.0,0.0,0.0,0.0,0.0,0.0,0.0,0.0,0.0,0.0,1.0099403,0.0049701235,0.0,0.0,0.0049701235,0.009940247,0.0,0.0049701235,0.0,0.0,0.009940247,0.0,0.0,0.0,0.0,0.0,0.0,0.0,1.0099403,0.0,2.0198805,0.01491037,0.0,0.0,0.0,0.0,0.0,0.009940247,0.0,0.01491037,1.0099403,0.0,0.0,0.0,0.0,0.0,0.0,0.0,0.0,0.0,0.0,0.0,0.0049701235,0.0,0.0,0.0,0.0,0.0,0.0,0.0,0.0,0.0,0.0,0.0,0.0,0.0,0.0,0.0,0.0,0.0,0.0,0.0,0.0,1.0049701,0.0,0.0,0.0,0.0049701235,0.0,0.0,0.0049701235,0.0,0.0,0.0,0.0049701235,0.0,0.0,0.0,0.0,0.0,0.0049701235,0.0,0.0,0.0,0.0,0.0,0.0,0.0,0.0,0.0,0.0,0.0,0.0,0.0,0.0,0.0,0.0,0.0,0.0,0.0,0.0,0.0,0.0049701235,0.0,0.0,0.009940247,0.99502987,0.0,0.0,0.0,0.0,0.0,0.0049701235,0.0,0.0,0.0,0.0,0.0,0.0
10.727273,4.181818,3.1818182,1.0909091,2.1818182,2.1818182,3.0,2.1818182,0.0,0.09090909,0.27272728,1.0,0.0,2.1818182,0.18181819,0.27272728,0.36363637,0.09090909,0.0,0.18181819,3.0,0.0,0.18181819,0.0,2.0,1.0,0.0,0.18181819,0.18181819,1.0,0.0,0.0,0.18181819,0.0,0.09090909,0.0,0.0,0.18181819,1.0,0.09090909,0.0,0.18181819,0.90909094,1.0,0.18181819,0.0,1.0,0.09090909,0.0,0.18181819,0.0,0.0,0.0,0.09090909,1.0,0.0,0.18181819,0.0,0.09090909,0.0,0.0,0.18181819,0.0,0.0,0.0,1.0,0.0,1.0,0.0,1.0,0.0,1.0,0.0,0.0,0.0,0.90909094,1.0,0.18181819,0.09090909,1.0,0.0,0.0,0.0,0.0,0.0,0.0,0.0,0.18181819,0.0,0.09090909,0.0,0.0,0.0,0.0,0.0,0.0,0.0,0.0,0.0,0.0,0.0,0.0,0.0,0.0,0.0,0.0,0.0,0.0,0.0,0.09090909,0.0,0.0,0.0,0.18181819,0.0,0.0,0.0,0.0,0.0,0.0,0.0,0.0,0.0,0.0,0.0,0.0,0.90909094,0.0,0.0,0.0,0.0,0.0,0.0,0.0,0.0,0.0,0.0,0.0,0.90909094,0.0,0.0,0.0,0.0,0.0,0.0,0.0,0.0,0.0,0.0
2.1058345,0.9647218,1.0,0.0,0.0,0.0,0.9647218,0.0,0.0,0.0,0.0,0.0,0.0,0.0,0.0,0.0,0.0,0.0,0.0,0.0,0.9647218,0.0,0.0,0.0,0.0,0.0,0.0,0.0,0.0,0.0,0.0,0.0,0.0,0.0,0.0,0.0,0.0,0.0,0.0,0.0,0.0,0.0,0.0,0.0,0.0,0.0,0.0,0.0,0.0,0.0,0.0,0.0,0.0,0.0,0.0,0.0,0.0,0.0,0.0,0.0,0.0,0.0,0.0,0.0,0.0,0.0,0.0,0.0,0.0,0.0,0.0,0.0,0.0,0.0,0.0,0.0,0.0,0.0,0.0,0.0,0.0,0.0,0.0,0.0,0.0,0.0,0.0,0.0,0.0,0.0,0.0,0.0,0.0,0.0,0.0,0.0,0.0,0.0,0.0,0.0,0.0,0.0,0.0,0.0,0.0,0.0,0.0,0.0,0.0,0.0,0.0,0.0,0.0,0.0,0.0,0.0,0.0,0.0,0.0,0.0,0.0,0.0,0.0,0.0,0.0,0.0,0.0,0.0,0.0,0.0,0.0,0.0,0.0,0.0,0.0,0.0,0.0,0.0,0.0,0.0,0.0,0.0,0.0,0.0,0.0,0.0,0.0,0.0,0.0
12.108322,2.0393898,10.029542,0.009847439,2.0098474,0.0,0.029542316,2.0098474,8.009848,2.0,3.0,0.009847439,0.0,0.0,3.0,1.0,2.0,0.0,0.009847439,1.0,0.029542316,0.0,0.0,0.0,0.019694878,0.009847439,0.0,0.0,0.0,0.009847439,2.0098474,0.0,0.0,0.009847439,1.0,0.009847439,0.0,1.0,0.009847439,0.0,0.009847439,0.0,0.0,0.009847439,0.0,0.0,0.0,0.0,3.0,0.0,4.0,0.009847439,0.0,0.0,0.0,0.0,0.0,2.0,0.0,0.009847439,2.0,0.0,0.0,0.0,0.019694878,0.0,0.0,0.009847439,0.0,0.009847439,0.0,0.0,1.0,0.0,0.0,0.0,0.009847439,0.0,0.0,0.009847439,0.009847439,0.0,0.009847439,0.0,0.0,0.0,0.0,0.0,0.0,0.0,0.0,0.0,0.0,3.0,0.0,0.009847439,0.0,0.0,0.0,0.0,0.0,0.0,0.0,0.0,0.0,0.0,0.0,0.0,0.0,0.0,0.0,0.0,0.0,0.0,0.0,0.009847439,0.0,0.0,0.0,0.009847439,0.0,0.0,0.009847439,0.0,0.0,0.0,0.0,0.009847439,0.0,0.0,0.0,0.0,2.0,0.0,0.0,2.0,1.0,1.0,0.0,0.0,0.0,0.0,1.0,0.019694878,1.0,0.0,1.0,0.0,0.0
10.0,4.0588236,3.0,1.0,2.0,2.0,3.0,2.0,0.0,0.0,0.0,1.0,0.0,2.0,0.0,0.0,0.0,0.0,0.019607844,0.0,3.0,0.0,0.0,0.0,2.0,1.0,0.0,0.0,0.0,1.0,0.0,0.0,0.0,0.0,0.0,0.019607844,0.0,0.0,1.0,0.019607844,0.019607844,0.0,0.98039216,1.0,0.0,0.0,1.0,0.0,0.0,0.0,0.0,0.0,0.0,0.0,1.0,0.0,0.039215688,0.0,0.0,0.0,0.0,0.0,0.0,0.0,0.039215688,1.0,0.0,1.0,0.0,1.0,0.0,1.0,0.0,0.0,0.0,0.98039216,1.0,0.0,0.0,1.0,0.0,0.0,0.039215688,0.0,0.0,0.0,0.0,0.0,0.0,0.0,0.0,0.0,0.0,0.0,0.0,0.0,0.0,0.0,0.0,0.0,0.0,0.0,0.0,0.0,0.0,0.0,0.0,0.0,0.0,0.0,0.0,0.0,0.0,0.0,0.0,0.0,0.0,0.0,0.0,0.0,0.0,0.0,0.0,0.0,0.0,0.0,0.98039216,0.0,0.0,0.0,0.0,0.0,0.0,0.0,0.0,0.0,0.0,0.0,0.98039216,0.0,0.0,0.0,0.0,0.0,0.0,0.0,0.0,0.0,0.0
49.0,7.0,23.0,5.0,5.0,4.0,4.0,6.0,32.0,2.0,5.0,2.0,4.0,1.0,4.0,4.0,6.0,1.0,0.0,4.0,0.0,4.0,2.0,8.0,0.0,0.0,2.0,2.0,0.0,0.0,11.0,10.0,0.0,0.0,2.0,0.0,1.0,4.0,0.0,0.0,0.0,0.0,0.0,0.0,0.0,0.0,0.0,1.0,8.0,2.0,35.0,0.0,6.0,1.0,0.0,2.0,0.0,10.0,1.0,0.0,13.0,1.0,2.0,2.0,0.0,0.0,1.0,0.0,2.0,0.0,0.0,0.0,12.0,1.0,0.0,0.0,0.0,0.0,0.0,0.0,0.0,0.0,0.0,0.0,0.0,2.0,6.0,0.0,0.0,1.0,1.0,0.0,0.0,10.0,2.0,0.0,0.0,26.0,0.0,0.0,0.0,0.0,0.0,0.0,7.0,0.0,0.0,0.0,0.0,0.0,0.0,0.0,0.0,0.0,0.0,0.0,0.0,0.0,0.0,0.0,0.0,0.0,0.0,0.0,0.0,0.0,0.0,0.0,0.0,6.0,0.0,0.0,4.0,0.0,0.0,2.0,0.0,0.0,0.0,0.0,0.0,0.0,6.0,0.0,0.0,0.0,0.0,0.0,0.0
30.0,2.0,6.0,4.0,0.0,4.0,3.0,0.0,6.0,2.0,5.0,1.0,2.0,0.0,2.0,4.0,3.0,2.0,0.0,0.0,0.0,1.0,3.0,6.0,0.0,0.0,2.0,0.0,2.0,0.0,0.0,4.0,0.0,0.0,0.0,0.0,1.0,0.0,0.0,2.0,0.0,2.0,0.0,0.0,0.0,0.0,0.0,1.0,0.0,1.0,0.0,0.0,6.0,0.0,0.0,1.0,0.0,0.0,0.0,0.0,0.0,0.0,2.0,2.0,0.0,0.0,1.0,0.0,0.0,0.0,2.0,0.0,0.0,1.0,0.0,0.0,0.0,0.0,1.0,0.0,0.0,2.0,0.0,2.0,0.0,2.0,3.0,0.0,0.0,1.0,1.0,0.0,0.0,0.0,0.0,0.0,0.0,0.0,0.0,0.0,0.0,0.0,0.0,0.0,0.0,0.0,0.0,0.0,0.0,1.0,0.0,0.0,0.0,0.0,0.0,0.0,0.0,1.0,0.0,0.0,0.0,0.0,0.0,0.0,0.0,0.0,0.0,0.0,0.0,0.0,0.0,0.0,0.0,0.0,0.0,0.0,0.0,0.0,0.0,0.0,0.0,0.0,0.0,0.0,0.0,0.0,0.0,0.0,0.0
2.0,0.0,1.0,0.0,0.0,0.0,0.0,0.0,0.0,0.0,0.0,0.0,0.0,0.0,0.0,0.0,0.0,0.0,0.0,0.0,0.0,0.0,0.0,0.0,0.0,0.0,0.0,0.0,0.0,0.0,0.0,0.0,0.0,0.0,0.0,0.0,0.0,0.0,0.0,0.0,0.0,0.0,0.0,0.0,0.0,0.0,0.0,0.0,0.0,0.0,0.0,0.0,0.0,0.0,0.0,0.0,0.0,0.0,0.0,0.0,0.0,0.0,0.0,0.0,0.0,0.0,0.0,0.0,0.0,0.0,0.0,0.0,0.0,0.0,0.0,0.0,0.0,0.0,0.0,0.0,0.0,0.0,0.0,0.0,0.0,0.0,0.0,0.0,0.0,0.0,0.0,0.0,0.0,0.0,0.0,0.0,0.0,0.0,0.0,0.0,0.0,0.0,0.0,0.0,0.0,0.0,0.0,0.0,0.0,0.0,0.0,0.0,0.0,0.0,0.0,0.0,0.0,0.0,0.0,0.0,0.0,0.0,0.0,0.0,0.0,0.0,0.0,0.0,0.0,0.0,0.0,0.0,0.0,0.0,0.0,0.0,0.0,0.0,0.0,0.0,0.0,0.0,0.0,0.0,0.0,0.0,0.0,0.0,0.0
8.92,1.69,2.46,1.0,0.0,1.0,1.46,0.0,1.0,0.0,0.0,0.0,1.0,0.0,0.0,0.0,0.0,0.0,0.23,0.0,0.46,0.0,0.0,1.0,0.0,0.0,1.0,0.0,0.0,0.0,0.0,0.0,0.0,0.69,0.0,0.0,0.0,0.0,0.0,0.0,0.0,0.0,0.0,0.0,0.0,0.23,0.0,0.0,0.0,0.0,0.0,0.0,1.0,0.0,0.0,0.0,0.0,0.0,0.0,0.0,0.0,0.0,0.0,0.0,0.0,0.0,0.0,0.0,0.0,0.0,0.0,0.0,0.0,0.0,0.0,0.0,0.0,0.0,0.0,0.0,0.0,0.0,0.0,0.0,0.0,0.0,0.0,0.0,0.0,0.0,0.0,1.38,0.0,0.0,0.0,0.0,0.0,0.0,0.0,0.0,0.0,0.0,0.0,0.0,0.0,0.0,0.23,0.0,0.0,0.0,0.0,0.0,0.0,0.0,0.46,0.0,0.0,0.0,0.0,0.0,0.0,0.0,0.46,0.0,0.0,0.0,0.0,0.0,0.0,0.0,0.0,0.0,0.0,0.92,0.92,0.0,0.0,0.0,0.0,0.0,0.0,0.0,0.0,0.0,0.0,0.0,0.0,0.0,0.0
12.073029,2.0085917,9.995705,0.012887394,2.0042958,0.008591596,0.0,2.0042958,7.9871125,2.0085917,3.0128875,0.0,0.0,0.008591596,3.0042958,1.0042958,2.0042958,0.008591596,0.004295798,1.0042958,0.0,0.0,0.004295798,0.0,0.0,0.0,0.0,0.004295798,0.004295798,0.0,1.9957042,0.0,0.004295798,0.0,1.0,0.004295798,0.0,1.0,0.0,0.0,0.004295798,0.0,0.0,0.0,0.0,0.0,0.0,0.0,3.0,0.0,3.9914083,0.004295798,0.0,0.0,0.0,0.0,0.0,2.0,0.0,0.004295798,1.9914083,0.0,0.0,0.0,0.0,0.0,0.0,0.0,0.0,0.0,0.0,0.0,1.0,0.0,0.0,0.0,0.0,0.0,0.0,0.0,0.0,0.0,0.0,0.0,0.008591596,0.0,0.0,0.0,0.0,0.0,0.0,0.0,0.0,2.9957042,0.0,0.0,0.0,0.0,0.0,0.0,0.0,0.0,0.0,0.0,0.0,0.0,0.0,0.004295798,0.004295798,0.0,0.0,0.0,0.0,0.0,0.0,0.0,0.004295798,0.0,0.0,0.0,0.0,0.0,0.0,0.0,0.0,0.0,0.0,0.0,0.004295798,0.0,0.0,0.0,1.9914083,0.0,0.0,1.9914083,0.9957042,1.0,0.0,0.0,0.0,0.0,0.9957042,0.0,0.9957042,0.0,0.9957042,0.0,0.0
3.28,0.105,2.035,0.035,0.0,0.07,0.07,0.0,1.0,0.965,0.0,0.0,0.0,0.0,0.0,0.0,0.0,0.0,0.035,0.0,0.0,0.0,0.0,0.035,0.0,0.0,0.0,0.0,0.0,0.0,0.0,0.0,0.0,0.07,0.0,0.0,0.0,0.0,0.0,0.0,0.0,0.0,0.035,0.0,0.0,0.0,0.0,0.0,0.0,0.0,0.0,0.0,0.0,0.0,0.0,0.0,0.0,0.0,0.0,0.0,0.0,0.0,0.0,0.0,0.07,0.0,0.0,0.0,0.0,0.0,0.0,0.0,0.0,0.0,0.0,0.0,0.0,0.0,0.0,0.0,0.0,0.0,0.0,0.0,0.0,0.0,0.0,0.0,0.0,0.0,0.0,0.07,0.0,0.0,0.0,0.0,0.0,0.0,0.0,0.0,0.0,0.0,0.0,0.0,0.0,0.0,0.0,0.0,0.0,0.0,0.0,0.0,0.0,0.0,0.0,0.0,0.0,0.0,0.0,0.0,0.0,0.0,0.0,0.0,0.0,0.0,0.0,0.0,0.0,0.0,0.0,0.0,0.0,0.0,0.0,0.0,0.0,0.0,0.0,0.0,0.0,0.07,0.0,0.0,0.0,0.0,0.0,0.0,0.0
6.19802,1.029703,5.019802,0.02970297,1.019802,0.01980198,0.0,1.019802,4.0,1.009901,1.019802,0.0,0.0,0.01980198,1.009901,0.00990099,0.01980198,0.00990099,0.00990099,0.00990099,0.0,0.0,0.0,0.0,0.0,0.0,0.0,0.0,0.00990099,0.0,1.0,0.0,0.00990099,0.0,0.00990099,0.01980198,0.0,0.00990099,0.0,0.00990099,0.01980198,0.0,0.0,0.0,0.0,0.0,0.0,0.0,1.0,0.0,2.0,0.00990099,0.0,0.0,0.0,0.0,0.01980198,0.00990099,0.0,0.00990099,1.0,0.0,0.0,0.0,0.0,0.0,0.0,0.0,0.0,0.0,0.00990099,0.0,0.0,0.0,0.00990099,0.0,0.0,0.0,0.0,0.0,0.0,0.0,0.0,0.0,0.0,0.0,0.0,0.0,0.00990099,0.0,0.0,0.0,0.0,1.0,0.0,0.0,0.0,0.0,0.0,0.0,0.0,0.0,0.0,0.0,0.0,0.0,0.0,0.0,0.0,0.0,0.0,0.0,0.0,0.0,0.0,0.0,0.00990099,0.0,0.0,0.0,0.0,0.0,0.0,0.0,0.0,0.0,0.0,0.0,0.00990099,0.0,0.0,0.0,0.0,0.0,0.0,0.0,1.0,0.0,0.0,0.0,0.0,0.0,0.0,0.0,0.0,0.0,0.0,0.0,0.0
10.035518,4.017759,2.9467237,1.0177588,1.9644824,1.9644824,2.9467237,1.9644824,0.0,0.0,0.0,0.9822412,0.0,1.9644824,0.0,0.0,0.0,0.0,0.03551759,0.0,2.9467237,0.0,0.0,0.0,1.9644824,0.9822412,0.0,0.0,0.0,0.9822412,0.0,0.0,0.0,0.0,0.0,0.03551759,0.0,0.0,0.9822412,0.0,0.03551759,0.0,0.9822412,0.9822412,0.0,0.0,0.9822412,0.0,0.0,0.0,0.0,0.0,0.0,0.0,0.9822412,0.0,0.0,0.0,0.0,0.0,0.0,0.0,0.0,0.0,0.053276382,0.9822412,0.0,0.9822412,0.0,0.9822412,0.0,0.9822412,0.0,0.0,0.0,0.9822412,0.9822412,0.0,0.0,0.9822412,0.0,0.0,0.053276382,0.0,0.0,0.0,0.0,0.0,0.0,0.0,0.0,0.0,0.0,0.0,0.0,0.0,0.0,0.0,0.0,0.0,0.0,0.0,0.0,0.0,0.0,0.0,0.0,0.0,0.0,0.0,0.0,0.0,0.0,0.0,0.0,0.0,0.0,0.0,0.0,0.0,0.0,0.0,0.0,0.0,0.0,0.0,0.9822412,0.0,0.0,0.0,0.0,0.0,0.0,0.0,0.0,0.0,0.0,0.0,0.9822412,0.0,0.0,0.0,0.0,0.0,0.0,0.0,0.0,0.0,0.0
14.727273,4.090909,7.0,0.90909094,1.0909091,0.0,2.090909,1.0909091,4.909091,0.0,0.0,0.09090909,0.0,0.0,0.0,0.0,0.0,0.0,0.90909094,0.0,2.090909,0.0,0.0,0.0,0.18181819,0.09090909,0.0,0.0,0.0,0.09090909,0.90909094,0.0,0.0,0.90909094,0.0,0.90909094,0.0,0.0,0.09090909,0.0,0.90909094,0.0,0.0,0.09090909,0.0,0.0,0.0,0.0,0.0,0.0,2.0,0.90909094,0.0,0.0,0.0,0.0,0.0,0.0,0.0,0.90909094,0.0,0.0,0.0,0.0,1.8181819,0.0,0.0,0.0,0.0,0.0,0.0,0.0,0.0,0.0,0.0,0.0,0.0,0.0,0.0,0.0,2.0,0.0,0.90909094,0.0,0.0,0.0,0.0,0.0,0.0,0.0,0.0,0.0,0.0,0.0,0.0,0.09090909,0.0,0.0,0.0,0.0,0.0,0.0,0.0,0.0,0.0,0.0,0.0,0.0,0.0,0.0,0.0,0.0,0.0,0.0,0.0,0.0,0.0,0.0,0.0,0.90909094,0.0,0.0,0.90909094,0.0,0.0,0.0,0.0,0.0,0.0,0.0,0.0,0.0,0.0,0.0,0.0,0.0,0.0,0.0,0.0,0.0,0.0,0.0,0.0,1.8181819,0.0,0.0,0.0,0.0,0.0
10.068621,4.019606,3.0196059,1.0098029,2.0,2.0196059,3.0,2.0,0.009802951,0.0,0.0,1.0,0.0,2.0,0.0,0.0,0.0,0.0,0.009802951,0.0,3.0,0.0,0.0,0.019605901,2.0,1.0,0.0,0.0,0.0,1.0,0.0,0.0,0.0,0.0,0.0,0.019605901,0.009802951,0.0,1.0,0.0,0.019605901,0.0,1.0098029,1.0,0.0,0.0,1.0,0.0,0.0,0.0,0.0,0.009802951,0.0,0.0,1.0,0.0,0.0,0.0,0.0,0.009802951,0.0,0.0,0.0,0.0,0.019605901,1.0,0.0,1.0,0.0,1.0,0.0,1.0,0.0,0.0,0.0,0.99019706,1.0,0.0,0.0,1.0,0.0,0.0,0.019605901,0.0,0.0,0.0,0.0,0.0,0.0,0.0,0.0,0.0,0.0,0.0,0.0,0.0,0.0,0.0,0.0,0.0,0.0,0.0,0.0,0.0,0.0,0.0,0.0,0.0,0.0,0.0,0.0,0.0,0.0,0.0,0.0,0.0,0.0,0.0,0.0,0.0,0.0,0.0,0.0,0.0,0.0,0.0,0.99019706,0.0,0.0,0.0,0.0,0.0,0.0,0.0,0.0,0.0,0.0,0.0,0.99019706,0.0,0.0,0.0,0.0,0.0,0.0,0.0,0.0,0.0,0.0
11.135376,2.0270753,8.986463,0.027075239,2.0,0.027075239,0.013537619,2.0,6.9864626,2.0,3.0,0.0,0.013537619,0.0,3.0,1.0,2.0,0.0,0.013537619,1.0,0.0,0.0,0.0,0.0,0.0,0.0,0.0,0.0,0.0,0.0,2.0270753,0.013537619,0.0,0.013537619,1.0,0.013537619,0.0,1.0,0.0,0.0,0.013537619,0.0,0.0,0.0,0.0,0.013537619,0.0,0.0,3.0135376,0.0,2.9729247,0.013537619,0.0,0.0,0.0,0.0,0.0,2.0135376,0.0,0.013537619,1.9729247,0.0,0.0,0.0,0.027075239,0.0,0.0,0.0,0.0,0.0,0.0,0.0,1.0135376,0.0,0.0,0.0,0.0,0.0,0.0,0.0,0.0,0.013537619,0.013537619,0.0,0.0,0.0,0.0,0.0,0.0,0.0,0.0,0.0,0.013537619,2.9864624,0.0,0.0,0.0,0.0,0.013537619,0.0,0.0,0.0,0.0,0.0,0.027075239,0.0,0.0,0.0,0.0,0.0,0.0,0.0,0.0,0.0,0.0,0.0,0.0,0.0,0.0,0.013537619,0.0,0.0,0.0,0.0,0.0,0.0,0.0,0.0,0.0,0.013537619,0.0,0.0,2.0,0.0,0.0,1.9729247,0.98646235,0.0,0.0,0.0,0.0,0.0,0.0,0.0,0.98646235,0.0,0.0,0.0,0.0
28.621662,4.9554896,9.022255,2.9332345,2.9777448,1.9554898,1.0,2.9777448,5.0667653,3.9554896,5.9109793,0.0,0.0,1.9554898,3.9554896,1.9554898,2.9332345,1.9554898,0.9777449,1.9554898,1.0,0.0,0.9777449,0.0,0.0,1.0,0.0,0.9777449,0.9777449,1.0,1.0222552,0.0,0.9777449,0.0,0.9777449,0.9777449,0.0,0.9777449,0.0,0.0,0.9777449,0.0,0.0,0.0,0.0,0.0,0.9777449,0.0,2.9777448,0.0,2.0445104,0.9777449,0.0,0.0,0.0,0.0,0.0,1.9554898,0.0,0.9777449,0.044510286,0.0,0.0,0.0,0.0,0.0,0.0,0.0,0.0,0.0,0.0,0.0,0.9777449,0.0,0.0,0.0,0.0,0.0,0.0,0.0,0.022255143,0.0,0.0,0.0,1.9554898,0.0,0.0,0.0,0.0,0.0,0.0,0.0,0.0,2.0,0.0,0.0,0.0,0.0,0.0,0.0,0.0,0.0,0.0,0.0,0.0,0.0,0.0,0.9777449,0.9777449,0.0,0.0,0.0,0.0,0.0,0.0,0.022255143,0.9777449,0.0,0.0,0.0,0.0,0.0,0.0,0.0,0.0,0.0,0.0,0.0,0.9777449,0.0,0.0,0.0,0.0,0.0,0.0,0.0,0.0,1.0,0.0,0.0,0.0,0.0,0.0,0.0,0.0,0.0,0.0,0.0,0.0
61.816383,4.7675767,0.7747439,10.147781,0.15494879,0.0,0.0,0.15494879,0.61979514,11.225256,11.302731,0.0,0.0,0.0,0.23242317,0.07747439,0.15494879,11.070308,4.612628,0.07747439,0.0,0.0,0.0,0.0,0.0,0.0,0.0,0.0,0.0,0.0,0.15494879,0.0,0.0,0.0,0.07747439,4.612628,0.0,0.07747439,0.0,0.0,4.612628,0.0,0.0,0.0,0.0,0.0,0.0,0.0,0.23242317,0.0,0.30989757,0.0,0.0,0.0,0.0,0.0,0.0,0.15494879,0.0,0.0,0.15494879,0.0,0.0,0.0,0.0,0.0,0.0,0.0,0.0,0.0,0.0,0.0,0.07747439,0.0,0.0,0.0,0.0,0.0,0.0,0.0,0.0,0.0,0.0,0.0,0.0,0.0,0.0,0.0,0.0,0.0,0.0,0.0,0.0,0.23242317,0.0,0.0,0.0,0.0,0.0,0.0,0.0,0.0,0.0,0.0,0.0,0.0,0.0,0.0,0.0,0.0,0.0,0.0,0.0,0.0,0.0,0.0,0.0,0.0,0.0,0.0,0.0,0.0,0.0,0.0,0.0,0.0,0.0,0.0,9.225256,0.0,0.0,0.0,0.15494879,0.0,0.0,0.15494879,0.07747439,0.07747439,0.0,0.0,0.0,0.0,0.07747439,0.0,0.07747439,0.0,0.07747439,0.0,0.0
13.184787,2.1316428,9.736714,0.26328588,2.1316428,0.39492878,0.0,2.1316428,7.4734282,2.1316428,3.2632859,0.0,0.0,0.39492878,3.1316428,1.1316429,2.1316428,0.13164294,0.0,1.1316429,0.0,0.0,0.13164294,0.0,0.0,0.0,0.0,0.13164294,0.26328588,0.0,1.7367141,0.0,0.26328588,0.0,1.0,0.0,0.0,1.0,0.0,0.13164294,0.0,0.13164294,0.0,0.0,0.13164294,0.0,0.0,0.0,2.8683572,0.0,3.7367141,0.0,0.0,0.0,0.0,0.0,0.26328588,1.8683571,0.0,0.0,1.7367141,0.0,0.0,0.0,0.0,0.0,0.0,0.0,0.0,0.0,0.13164294,0.0,0.86835706,0.0,0.13164294,0.0,0.0,0.0,0.0,0.0,0.0,0.0,0.0,0.0,0.0,0.0,0.0,0.0,0.13164294,0.0,0.0,0.0,0.0,2.8683572,0.0,0.0,0.0,0.0,0.0,0.0,0.0,0.0,0.0,0.0,0.0,0.0,0.0,0.0,0.0,0.0,0.0,0.0,0.0,0.0,0.0,0.0,0.13164294,0.0,0.0,0.0,0.0,0.0,0.0,0.0,0.0,0.0,0.0,0.0,0.0,0.0,0.0,0.0,1.7367141,0.0,0.0,1.7367141,0.86835706,1.0,0.0,0.0,0.0,0.0,0.86835706,0.0,0.86835706,0.0,0.86835706,0.0,0.0
11.727273,4.2727275,4.181818,1.0909091,2.1818182,2.1818182,3.090909,2.1818182,1.0,0.09090909,0.27272728,1.0,0.09090909,2.1818182,0.18181819,0.27272728,0.36363637,0.09090909,0.0,0.18181819,3.0,0.0,0.18181819,0.0,2.0,1.0,0.0,0.18181819,0.18181819,1.0,0.0,0.0,0.18181819,0.0,0.09090909,0.0,0.0,0.18181819,1.0,0.09090909,0.0,0.18181819,1.0,1.0,0.18181819,0.0,1.0,0.09090909,0.0,0.18181819,0.0,0.0,0.0,0.09090909,1.0,0.0,0.18181819,0.0,0.09090909,0.0,0.0,0.18181819,0.0,0.0,0.0,1.0,0.0,0.0,0.0,0.0,0.09090909,1.0,0.0,0.0,0.09090909,1.0,0.0,0.18181819,0.09090909,0.0,2.0,0.0,0.0,0.09090909,0.09090909,0.0,0.0,0.18181819,0.18181819,0.09090909,0.0,0.0,0.0,0.0,0.0,1.0,0.0,0.0,0.0,0.09090909,0.0,0.09090909,0.0,0.09090909,0.0,0.09090909,0.0,0.18181819,0.18181819,0.09090909,0.0,0.09090909,0.0,0.18181819,0.0,0.0,0.0,0.09090909,0.0,0.0,0.0,0.09090909,0.0,0.0,0.0,0.0,0.90909094,0.0,0.0,0.0,0.0,0.0,0.0,0.0,0.0,0.0,0.0,0.0,0.0,0.0,0.0,0.0,0.0,0.0,0.0,0.0,0.0,0.0,0.0
12.727273,4.2727275,5.181818,1.0909091,2.1818182,2.1818182,3.090909,2.1818182,2.0,0.09090909,0.27272728,1.0,0.09090909,2.1818182,0.18181819,0.27272728,0.36363637,0.09090909,0.0,0.18181819,3.0,0.0,0.18181819,0.0,2.0,1.0,0.0,0.18181819,0.18181819,1.0,0.0,0.0,0.18181819,0.0,0.09090909,0.0,0.0,0.18181819,1.0,0.09090909,0.0,0.18181819,1.0,1.0,0.18181819,0.0,1.0,0.09090909,0.0,0.18181819,0.0,0.0,0.0,0.09090909,1.0,0.0,0.18181819,0.0,0.09090909,0.0,0.0,0.18181819,0.0,0.0,0.0,1.0,0.0,0.0,0.0,0.0,0.09090909,1.0,0.0,0.0,0.09090909,1.0,0.0,0.18181819,0.09090909,0.0,2.0,0.0,0.0,0.09090909,0.09090909,0.0,0.0,0.18181819,0.18181819,0.09090909,0.0,0.0,0.0,0.0,0.0,1.0,0.0,0.0,0.0,0.09090909,0.0,0.09090909,0.0,0.09090909,0.0,0.09090909,0.0,0.18181819,0.18181819,0.09090909,0.0,0.09090909,0.0,0.18181819,0.0,0.0,0.0,0.09090909,0.0,0.0,0.0,0.09090909,0.0,0.0,0.0,0.0,0.90909094,0.0,0.0,0.0,0.0,0.0,0.0,0.0,0.0,0.0,0.0,0.0,0.0,0.0,0.0,0.0,0.0,0.0,0.0,0.0,0.0,0.0,0.0
13.043478,4.3913045,5.2608695,1.1304348,2.2608695,2.2608695,3.1304348,2.2608695,2.0,0.13043478,0.39130434,1.0,0.13043478,2.2608695,0.26086956,0.39130434,0.5217391,0.13043478,0.0,0.26086956,3.0,0.0,0.26086956,0.0,2.0,1.0,0.0,0.26086956,0.26086956,1.0,0.0,0.0,0.26086956,0.0,0.13043478,0.0,0.0,0.26086956,1.0,0.13043478,0.0,0.26086956,1.0,1.0,0.26086956,0.0,1.0,0.13043478,0.0,0.26086956,0.0,0.0,0.0,0.13043478,1.0,0.0,0.26086956,0.0,0.13043478,0.0,0.0,0.26086956,0.0,0.0,0.0,1.0,0.0,0.0,0.0,0.0,0.13043478,1.0,0.0,0.0,0.13043478,1.0,0.0,0.26086956,0.13043478,0.0,2.0,0.0,0.0,0.13043478,0.13043478,0.0,0.0,0.26086956,0.26086956,0.13043478,0.0,0.0,0.0,0.0,0.0,1.0,0.0,0.0,0.0,0.13043478,0.0,0.13043478,0.0,0.13043478,0.0,0.13043478,0.0,0.26086956,0.26086956,0.13043478,0.0,0.13043478,0.0,0.26086956,0.0,0.0,0.0,0.13043478,0.0,0.0,0.0,0.13043478,0.0,0.0,0.0,0.0,0.8695652,0.0,0.0,0.0,0.0,0.0,0.0,0.0,0.0,0.0,0.0,0.0,0.0,0.0,0.0,0.0,0.0,0.0,0.0,0.0,0.0,0.0,0.0
10.818182,4.181818,3.2727273,1.0909091,2.1818182,2.2727273,3.0,2.1818182,0.0,0.09090909,0.27272728,1.0,0.0,2.1818182,0.18181819,0.27272728,0.36363637,0.09090909,0.0,0.18181819,3.0,0.0,0.18181819,0.0,2.0,1.0,0.0,0.18181819,0.18181819,1.0,0.0,0.0,0.18181819,0.0,0.09090909,0.0,0.0,0.18181819,1.0,0.09090909,0.0,0.18181819,1.0909091,1.0,0.18181819,0.0,1.0,0.09090909,0.0,0.18181819,0.0,0.0,0.0,0.09090909,1.0,0.0,0.18181819,0.0,0.09090909,0.0,0.0,0.18181819,0.0,0.0,0.0,1.0,0.0,1.0,0.0,1.0,0.09090909,1.0,0.0,0.0,0.09090909,1.0,1.0,0.18181819,0.09090909,1.0,0.0,0.0,0.0,0.09090909,0.0,0.0,0.0,0.18181819,0.18181819,0.09090909,0.0,0.0,0.0,0.0,0.0,0.0,0.0,0.0,0.0,0.09090909,0.0,0.09090909,0.0,0.0,0.0,0.09090909,0.0,0.0,0.0,0.09090909,0.0,0.09090909,0.0,0.18181819,0.0,0.0,0.0,0.09090909,0.0,0.0,0.0,0.09090909,0.0,0.0,0.0,0.0,1.0,0.0,0.0,0.0,0.0,0.0,0.0,0.0,0.0,0.0,0.0,0.0,1.0,0.0,0.0,0.0,0.0,0.0,0.0,0.0,0.0,0.0,0.0
11.173913,4.2608695,3.3913043,1.1304348,2.2608695,2.3913043,3.0,2.2608695,0.0,0.13043478,0.39130434,1.0,0.0,2.2608695,0.26086956,0.39130434,0.5217391,0.13043478,0.0,0.26086956,3.0,0.0,0.26086956,0.0,2.0,1.0,0.0,0.26086956,0.26086956,1.0,0.0,0.0,0.26086956,0.0,0.13043478,0.0,0.0,0.26086956,1.0,0.13043478,0.0,0.26086956,1.1304348,1.0,0.26086956,0.0,1.0,0.13043478,0.0,0.26086956,0.0,0.0,0.0,0.13043478,1.0,0.0,0.26086956,0.0,0.13043478,0.0,0.0,0.26086956,0.0,0.0,0.0,1.0,0.0,1.0,0.0,1.0,0.13043478,1.0,0.0,0.0,0.13043478,1.0,1.0,0.26086956,0.13043478,1.0,0.0,0.0,0.0,0.13043478,0.0,0.0,0.0,0.26086956,0.26086956,0.13043478,0.0,0.0,0.0,0.0,0.0,0.0,0.0,0.0,0.0,0.13043478,0.0,0.13043478,0.0,0.0,0.0,0.13043478,0.0,0.0,0.0,0.13043478,0.0,0.13043478,0.0,0.26086956,0.0,0.0,0.0,0.13043478,0.0,0.0,0.0,0.13043478,0.0,0.0,0.0,0.0,1.0,0.0,0.0,0.0,0.0,0.0,0.0,0.0,0.0,0.0,0.0,0.0,1.0,0.0,0.0,0.0,0.0,0.0,0.0,0.0,0.0,0.0,0.0
10.428572,4.095238,3.142857,1.0476191,2.0952382,2.142857,3.0,2.0952382,0.0,0.04761905,0.14285715,1.0,0.0,2.0952382,0.0952381,0.14285715,0.1904762,0.04761905,0.0,0.0952381,3.0,0.0,0.0952381,0.0,2.0,1.0,0.0,0.0952381,0.0952381,1.0,0.0,0.0,0.0952381,0.0,0.04761905,0.0,0.0,0.0952381,1.0,0.04761905,0.0,0.0952381,1.0476191,1.0,0.0952381,0.0,1.0,0.04761905,0.0,0.0952381,0.0,0.0,0.0,0.04761905,1.0,0.0,0.0952381,0.0,0.04761905,0.0,0.0,0.0952381,0.0,0.0,0.0,1.0,0.0,1.0,0.0,1.0,0.04761905,1.0,0.0,0.0,0.04761905,1.0,1.0,0.0952381,0.04761905,1.0,0.0,0.0,0.0,0.04761905,0.0,0.0,0.0,0.0952381,0.0952381,0.04761905,0.0,0.0,0.0,0.0,0.0,0.0,0.0,0.0,0.0,0.04761905,0.0,0.04761905,0.0,0.0,0.0,0.04761905,0.0,0.0,0.0,0.04761905,0.0,0.04761905,0.0,0.0952381,0.0,0.0,0.0,0.04761905,0.0,0.0,0.0,0.04761905,0.0,0.0,0.0,0.0,1.0,0.0,0.0,0.0,0.0,0.0,0.0,0.0,0.0,0.0,0.0,0.0,1.0,0.0,0.0,0.0,0.0,0.0,0.0,0.0,0.0,0.0,0.0
10.380953,4.095238,3.0952382,1.0476191,2.0952382,2.0952382,3.0,2.0952382,0.0,0.04761905,0.14285715,1.0,0.0,2.0952382,0.0952381,0.14285715,0.1904762,0.04761905,0.0,0.0952381,3.0,0.0,0.0952381,0.0,2.0,1.0,0.0,0.0952381,0.0952381,1.0,0.0,0.0,0.0952381,0.0,0.04761905,0.0,0.0,0.0952381,1.0,0.04761905,0.0,0.0952381,1.0,1.0,0.0952381,0.0,1.0,0.04761905,0.0,0.0952381,0.0,0.0,0.0,0.04761905,1.0,0.0,0.0952381,0.0,0.04761905,0.0,0.0,0.0952381,0.0,0.0,0.0,1.0,0.0,1.0,0.0,1.0,0.04761905,1.0,0.0,0.0,0.04761905,1.0,1.0,0.0952381,0.04761905,1.0,0.0,0.0,0.0,0.04761905,0.0,0.0,0.0,0.0952381,0.0952381,0.04761905,0.0,0.0,0.0,0.0,0.0,0.0,0.0,0.0,0.0,0.04761905,0.0,0.04761905,0.0,0.0,0.0,0.04761905,0.0,0.0,0.0,0.04761905,0.0,0.04761905,0.0,0.0952381,0.0,0.0,0.0,0.04761905,0.0,0.0,0.0,0.04761905,0.0,0.0,0.0,0.0,1.0,0.0,0.0,0.0,0.0,0.0,0.0,0.0,0.0,0.0,0.0,0.0,1.0,0.0,0.0,0.0,0.0,0.0,0.0,0.0,0.0,0.0,0.0
20.0,2.0692167,17.37705,0.06921666,2.0,0.0,0.0,2.0,15.446267,2.5537333,3.1384332,0.0,0.0,0.0,2.8615668,1.0,1.9307834,0.0,0.06921666,1.0,0.0,0.0,0.0,0.0,0.0,0.0,0.0,0.0,0.0,0.0,2.0,0.0,0.0,0.0,0.93078333,0.06921666,0.0,0.93078333,0.0,0.0,0.06921666,0.0,0.0,0.0,0.0,0.0,0.0,0.0,2.8615668,0.0,11.5847,0.0,0.0,0.0,0.0,0.0,0.0,1.9307834,0.0,0.0,2.0,0.0,0.0,0.0,0.0,0.0,0.0,0.0,0.0,0.0,0.0,0.0,1.0,0.0,0.0,0.0,0.0,0.0,0.0,0.0,0.0,0.0,0.0,0.0,0.0,0.0,0.0,0.0,0.0,0.0,0.0,0.0,0.0,2.8615668,0.0,0.0,0.0,0.0,0.0,0.0,0.0,0.0,0.0,0.0,0.0,0.0,0.0,0.0,0.0,0.0,0.0,0.0,0.0,0.0,0.0,0.0,0.0,0.0,0.0,0.0,0.0,0.0,0.0,0.0,0.0,0.0,0.0,0.0,0.0,0.0,0.0,0.0,1.8615667,0.0,0.0,1.8615667,0.0,0.0,0.0,0.0,0.0,0.0,0.93078333,0.0,0.93078333,0.0,0.93078333,0.0,0.0
20.349457,2.0,18.174728,0.0,2.0,0.0,0.0,2.0,16.174728,2.24462,3.2795658,0.0,0.0,0.0,3.3494573,1.1397829,2.3494573,0.0,0.0,1.0,0.0,0.0,0.0,0.0,0.0,0.0,0.0,0.0,0.0,0.0,2.0,0.06989144,0.0,0.0,1.3145114,0.0,0.0,1.0,0.0,0.0,0.0,0.0,0.0,0.0,0.0,0.0,0.0,0.0,3.2096744,0.0,11.9650545,0.0,0.0,0.0,0.0,0.0,0.0,2.2096744,0.0,0.0,2.0,0.0,0.0,0.0,0.0,0.0,0.0,0.0,0.0,0.0,0.0,0.0,1.0,0.0,0.0,0.0,0.0,0.0,0.0,0.0,0.0,0.0,0.0,0.0,0.0,0.0,0.0,0.0,0.0,0.0,0.0,0.0,0.0,2.9650543,0.0,0.0,0.0,0.06989144,0.0,0.0,0.0,0.0,0.0,0.0,0.0,0.0,0.0,0.0,0.0,0.0,0.0,0.0,0.0,0.0,0.0,0.0,0.0,0.0,0.0,0.0,0.0,0.0,0.0,0.0,0.0,0.0,0.0,0.0,0.0,0.0,0.0,0.0,1.9650543,0.0,0.0,1.9650543,0.0,0.0,0.0,0.0,0.0,0.0,0.9650543,0.0,0.9650543,0.0,0.9650543,0.0,0.0
11.7,4.2,3.5,1.2,2.0,2.2,3.4,2.0,0.6,0.0,0.0,1.2,0.2,2.0,0.0,0.0,0.0,0.0,0.0,0.0,3.2,0.2,0.0,0.6,2.2,1.0,0.2,0.0,0.0,1.0,0.0,0.4,0.0,0.0,0.0,0.0,0.1,0.0,1.0,0.0,0.0,0.0,1.0,1.0,0.0,0.0,1.0,0.0,0.0,0.0,0.0,0.0,0.6,0.0,1.0,0.2,0.0,0.0,0.0,0.0,0.0,0.0,0.2,0.2,0.0,1.0,0.1,1.1,0.0,1.2,0.0,1.0,0.0,0.1,0.0,1.0,1.0,0.0,0.0,1.0,0.0,0.0,0.0,0.0,0.0,0.2,0.6,0.0,0.0,0.0,0.1,0.0,0.0,0.0,0.0,0.0,0.2,0.0,0.0,0.0,0.0,0.0,0.0,0.0,0.0,0.0,0.0,0.0,0.0,0.0,0.0,0.0,0.0,0.0,0.0,0.0,0.0,0.0,0.0,0.0,0.0,0.0,0.0,0.0,0.0,0.0,1.0,0.0,0.0,0.0,0.2,0.0,0.0,0.0,0.0,0.0,0.0,0.0,1.0,0.0,0.1,0.0,0.0,0.0,0.0,0.0,0.0,0.0,0.0
13.090909,4.3636365,3.909091,1.3636364,2.0,2.3636363,3.7272727,2.0,1.0909091,0.0,0.0,1.3636364,0.36363637,2.0,0.0,0.0,0.0,0.0,0.0,0.0,3.3636363,0.36363637,0.0,1.0909091,2.3636363,1.0,0.36363637,0.0,0.0,1.0,0.0,0.72727275,0.0,0.0,0.0,0.0,0.18181819,0.0,1.0,0.0,0.0,0.0,1.0,1.0,0.0,0.0,1.0,0.0,0.0,0.0,0.0,0.0,1.0909091,0.0,1.0,0.36363637,0.0,0.0,0.0,0.0,0.0,0.0,0.36363637,0.36363637,0.0,1.0,0.18181819,1.1818181,0.0,1.3636364,0.0,1.0,0.0,0.18181819,0.0,1.0,1.0,0.0,0.0,1.0,0.0,0.0,0.0,0.0,0.0,0.36363637,1.0909091,0.0,0.0,0.0,0.18181819,0.0,0.0,0.0,0.0,0.0,0.36363637,0.0,0.0,0.0,0.0,0.0,0.0,0.0,0.0,0.0,0.0,0.0,0.0,0.0,0.0,0.0,0.0,0.0,0.0,0.0,0.0,0.0,0.0,0.0,0.0,0.0,0.0,0.0,0.0,0.0,1.0,0.0,0.0,0.0,0.36363637,0.0,0.0,0.0,0.0,0.0,0.0,0.0,1.0,0.0,0.18181819,0.0,0.0,0.0,0.0,0.0,0.0,0.0,0.0
14.25,4.5,4.25,1.5,2.0,2.5,4.0,2.0,1.5,0.0,0.0,1.5,0.5,2.0,0.0,0.0,0.0,0.0,0.0,0.0,3.5,0.5,0.0,1.5,2.5,1.0,0.5,0.0,0.0,1.0,0.0,1.0,0.0,0.0,0.0,0.0,0.25,0.0,1.0,0.0,0.0,0.0,1.0,1.0,0.0,0.0,1.0,0.0,0.0,0.0,0.0,0.0,1.5,0.0,1.0,0.5,0.0,0.0,0.0,0.0,0.0,0.0,0.5,0.5,0.0,1.0,0.25,1.25,0.0,1.5,0.0,1.0,0.0,0.25,0.0,1.0,1.0,0.0,0.0,1.0,0.0,0.0,0.0,0.0,0.0,0.5,1.5,0.0,0.0,0.0,0.25,0.0,0.0,0.0,0.0,0.0,0.5,0.0,0.0,0.0,0.0,0.0,0.0,0.0,0.0,0.0,0.0,0.0,0.0,0.0,0.0,0.0,0.0,0.0,0.0,0.0,0.0,0.0,0.0,0.0,0.0,0.0,0.0,0.0,0.0,0.0,1.0,0.0,0.0,0.0,0.5,0.0,0.0,0.0,0.0,0.0,0.0,0.0,1.0,0.0,0.25,0.0,0.0,0.0,0.0,0.0,0.0,0.0,0.0
11.5,4.2,3.3,1.2,2.0,2.2,3.4,2.0,0.1,0.0,0.0,1.2,0.2,2.0,0.0,0.0,0.0,0.0,0.0,0.0,3.2,0.2,0.0,0.2,2.2,1.0,0.2,0.0,0.0,1.0,0.0,0.0,0.0,0.0,0.0,0.0,0.1,0.0,1.0,0.0,0.0,0.0,1.0,1.0,0.0,0.0,1.0,0.0,0.0,0.0,0.0,0.0,0.2,0.0,1.0,0.2,0.0,0.0,0.0,0.0,0.0,0.0,0.0,0.2,0.0,1.0,0.0,1.1,0.0,1.2,0.0,1.0,0.0,0.1,0.0,1.0,1.0,0.0,0.0,1.0,0.0,0.0,0.0,0.0,0.0,0.0,0.2,0.0,0.0,0.0,0.0,0.0,0.0,0.0,0.0,0.0,0.2,0.0,0.0,0.0,0.0,0.0,0.0,0.0,0.0,0.0,0.0,0.0,0.0,0.0,0.0,0.0,0.0,0.0,0.0,0.0,0.0,0.0,0.0,0.0,0.0,0.0,0.0,0.0,0.0,0.0,1.0,0.0,0.0,0.0,0.2,0.0,0.0,0.0,0.0,0.0,0.0,0.0,1.0,0.0,0.1,0.0,0.0,0.0,0.0,0.0,0.0,0.0,0.0
10.714286,4.095238,3.142857,1.0952381,2.0,2.0952382,3.1904762,2.0,0.04761905,0.0,0.0,1.0952381,0.0952381,2.0,0.0,0.0,0.0,0.0,0.0,0.0,3.0952382,0.0952381,0.0,0.0952381,2.0952382,1.0,0.0952381,0.0,0.0,1.0,0.0,0.0,0.0,0.0,0.0,0.0,0.04761905,0.0,1.0,0.0,0.0,0.0,1.0,1.0,0.0,0.0,1.0,0.0,0.0,0.0,0.0,0.0,0.0952381,0.0,1.0,0.0952381,0.0,0.0,0.0,0.0,0.0,0.0,0.0,0.0952381,0.0,1.0,0.0,1.0476191,0.0,1.0952381,0.0,1.0,0.0,0.04761905,0.0,1.0,1.0,0.0,0.0,1.0,0.0,0.0,0.0,0.0,0.0,0.0,0.0952381,0.0,0.0,0.0,0.0,0.0,0.0,0.0,0.0,0.0,0.0952381,0.0,0.0,0.0,0.0,0.0,0.0,0.0,0.0,0.0,0.0,0.0,0.0,0.0,0.0,0.0,0.0,0.0,0.0,0.0,0.0,0.0,0.0,0.0,0.0,0.0,0.0,0.0,0.0,0.0,1.0,0.0,0.0,0.0,0.0952381,0.0,0.0,0.0,0.0,0.0,0.0,0.0,1.0,0.0,0.04761905,0.0,0.0,0.0,0.0,0.0,0.0,0.0,0.0
6.19802,1.019802,5.019802,0.02970297,1.009901,0.01980198,0.0,1.009901,4.0,1.019802,1.029703,0.0,0.0,0.01980198,1.019802,0.00990099,0.01980198,0.00990099,0.00990099,0.00990099,0.0,0.0,0.0,0.0,0.0,0.0,0.0,0.0,0.00990099,0.0,0.990099,0.0,0.00990099,0.0,0.00990099,0.01980198,0.0,0.00990099,0.0,0.00990099,0.01980198,0.0,0.0,0.0,0.0,0.0,0.0,0.0,1.009901,0.0,2.0,0.00990099,0.0,0.0,0.0,0.0,0.01980198,0.00990099,0.0,0.00990099,0.990099,0.0,0.0,0.0,0.0,0.0,0.0,0.0,0.0,0.0,0.00990099,0.0,0.0,0.0,0.00990099,0.0,0.0,0.0,0.0,0.0,0.0,0.0,0.0,0.0,0.0,0.0,0.0,0.0,0.00990099,0.0,0.0,0.0,0.0,1.009901,0.0,0.0,0.0,0.0,0.0,0.0,0.0,0.0,0.0,0.0,0.0,0.0,0.0,0.0,0.0,0.0,0.0,0.0,0.0,0.0,0.0,0.0,0.00990099,0.0,0.0,0.0,0.0,0.0,0.0,0.0,0.0,0.0,0.0,0.0,0.00990099,0.0,0.0,0.0,0.0,0.0,0.0,0.0,0.990099,0.00990099,0.0,0.0,0.0,0.0,0.0,0.0,0.0,0.0,0.0,0.0,0.0
23.0,6.0,4.0,3.0,2.0,2.0,7.0,0.0,6.0,0.0,0.0,3.0,3.0,0.0,0.0,0.0,0.0,0.0,0.0,0.0,0.0,3.0,0.0,6.0,0.0,4.0,2.0,0.0,0.0,0.0,0.0,4.0,0.0,0.0,0.0,0.0,1.0,0.0,0.0,0.0,0.0,0.0,0.0,0.0,0.0,0.0,0.0,0.0,0.0,0.0,0.0,0.0,6.0,0.0,0.0,2.0,0.0,0.0,0.0,0.0,0.0,0.0,2.0,2.0,0.0,0.0,1.0,0.0,0.0,0.0,0.0,0.0,0.0,1.0,0.0,0.0,0.0,0.0,0.0,0.0,0.0,0.0,0.0,0.0,0.0,2.0,6.0,0.0,0.0,0.0,1.0,0.0,0.0,0.0,0.0,0.0,0.0,0.0,0.0,0.0,0.0,0.0,0.0,0.0,0.0,0.0,0.0,0.0,0.0,0.0,0.0,0.0,0.0,0.0,0.0,0.0,0.0,0.0,0.0,0.0,3.0,0.0,0.0,0.0,0.0,0.0,0.0,0.0,0.0,0.0,0.0,0.0,0.0,0.0,0.0,0.0,0.0,0.0,0.0,0.0,0.0,0.0,0.0,0.0,0.0,0.0,0.0,0.0,0.0
18.0,4.0,1.0,3.0,0.0,2.0,3.0,0.0,0.0,0.0,0.0,0.0,3.0,0.0,0.0,0.0,0.0,0.0,1.0,0.0,0.0,0.0,0.0,0.0,0.0,0.0,2.0,0.0,0.0,0.0,0.0,0.0,0.0,2.0,0.0,0.0,0.0,0.0,0.0,0.0,0.0,0.0,0.0,0.0,0.0,2.0,0.0,0.0,0.0,0.0,0.0,0.0,0.0,0.0,0.0,0.0,0.0,0.0,0.0,0.0,0.0,0.0,0.0,0.0,0.0,0.0,0.0,0.0,0.0,0.0,0.0,0.0,0.0,0.0,0.0,0.0,0.0,0.0,0.0,0.0,0.0,0.0,0.0,0.0,0.0,0.0,0.0,0.0,0.0,0.0,0.0,2.0,1.0,0.0,0.0,0.0,0.0,0.0,0.0,0.0,0.0,0.0,0.0,0.0,0.0,0.0,1.0,0.0,0.0,0.0,0.0,0.0,0.0,0.0,2.0,0.0,0.0,0.0,0.0,0.0,0.0,0.0,0.0,0.0,0.0,0.0,0.0,0.0,0.0,0.0,0.0,0.0,0.0,0.0,0.0,0.0,0.0,0.0,0.0,0.0,0.0,0.0,0.0,0.0,0.0,0.0,0.0,0.0,0.0
20.0,6.0,6.0,2.0,1.0,2.0,5.0,1.0,6.0,0.0,0.0,1.0,2.0,0.0,0.0,0.0,0.0,0.0,1.0,0.0,3.0,0.0,0.0,6.0,2.0,1.0,2.0,0.0,0.0,1.0,0.0,4.0,0.0,2.0,0.0,0.0,1.0,0.0,1.0,0.0,0.0,0.0,0.0,1.0,0.0,1.0,0.0,0.0,0.0,0.0,0.0,0.0,6.0,0.0,0.0,0.0,0.0,0.0,0.0,0.0,0.0,0.0,2.0,2.0,0.0,0.0,1.0,1.0,0.0,1.0,0.0,0.0,0.0,1.0,0.0,0.0,1.0,0.0,0.0,1.0,0.0,0.0,0.0,0.0,0.0,2.0,0.0,0.0,0.0,0.0,1.0,2.0,0.0,0.0,0.0,0.0,0.0,0.0,0.0,0.0,0.0,0.0,0.0,0.0,0.0,0.0,1.0,0.0,0.0,0.0,0.0,0.0,0.0,0.0,1.0,0.0,0.0,0.0,0.0,0.0,0.0,0.0,1.0,0.0,1.0,0.0,0.0,0.0,0.0,0.0,0.0,0.0,0.0,1.0,1.0,0.0,0.0,0.0,0.0,0.0,0.0,0.0,0.0,0.0,0.0,0.0,0.0,0.0,0.0
5.772,0.594,3.386,0.198,0.0,0.396,0.396,0.0,1.792,0.802,0.0,0.0,0.0,0.0,0.0,0.0,0.0,0.0,0.198,0.0,0.396,0.0,0.0,0.198,0.0,0.0,0.0,0.0,0.0,0.0,0.0,0.0,0.0,0.396,0.0,0.0,0.0,0.0,0.0,0.0,0.0,0.0,0.198,0.0,0.0,0.0,0.0,0.0,0.0,0.0,0.0,0.0,0.0,0.0,0.0,0.0,0.0,0.0,0.0,0.0,0.0,0.0,0.0,0.0,0.396,0.0,0.0,0.0,0.0,0.0,0.0,0.0,0.0,0.0,0.0,0.0,0.0,0.0,0.0,0.0,0.396,0.0,0.0,0.0,0.0,0.0,0.0,0.0,0.0,0.0,0.0,0.396,0.0,0.0,0.0,0.0,0.0,0.0,0.0,0.0,0.0,0.0,0.0,0.0,0.0,0.0,0.0,0.0,0.0,0.0,0.0,0.0,0.0,0.0,0.0,0.0,0.0,0.0,0.0,0.0,0.0,0.0,0.396,0.0,0.0,0.0,0.0,0.0,0.0,0.0,0.0,0.0,0.0,0.396,0.396,0.0,0.0,0.0,0.0,0.0,0.0,0.396,0.0,0.396,0.0,0.0,0.0,0.0,0.0
9.4,0.5,2.4,1.1,0.1,0.9,0.4,0.1,1.2,0.2,0.5,0.1,0.1,0.0,0.4,0.4,0.6,0.1,0.1,0.0,0.3,0.0,0.2,0.9,0.2,0.1,0.0,0.0,0.0,0.1,0.2,0.1,0.0,0.2,0.2,0.0,0.0,0.0,0.1,0.0,0.0,0.0,0.0,0.1,0.0,0.1,0.0,0.1,0.0,0.2,0.0,0.0,0.0,0.0,0.0,0.0,0.0,0.0,0.1,0.0,0.0,0.0,0.0,0.0,0.0,0.0,0.0,0.1,0.0,0.1,0.0,0.0,0.0,0.0,0.0,0.0,0.1,0.0,0.0,0.1,0.2,0.0,0.0,0.0,0.0,0.0,0.0,0.0,0.0,0.1,0.0,0.2,0.0,0.0,0.0,0.2,0.0,0.0,0.0,0.0,0.0,0.0,0.0,0.0,0.1,0.0,0.0,0.0,0.0,0.0,0.0,0.0,0.0,0.0,0.1,0.2,0.0,0.0,0.0,0.0,0.0,0.0,0.1,0.0,0.0,0.0,0.0,0.2,0.0,0.0,0.0,0.0,0.0,0.1,0.1,0.0,0.0,0.0,0.0,0.1,0.0,0.0,0.0,0.0,0.0,0.1,0.0,0.0,0.0
6.101374,1.014482,5.043446,0.0096546775,1.0048274,0.0096546775,0.0048273387,1.0048274,4.0386186,1.0048274,1.0096546,0.0,0.0048273387,0.0,1.0096546,0.0048273387,0.0096546775,0.0,0.0048273387,0.0048273387,0.0,0.0,0.0,0.0,0.0,0.0,0.0,0.0,0.0,0.0,1.0096546,0.0048273387,0.0,0.0048273387,0.0048273387,0.0048273387,0.0,0.0048273387,0.0,0.0,0.0048273387,0.0,0.0,0.0,0.0,0.0048273387,0.0,0.0,1.0096546,0.0,2.0193093,0.0048273387,0.0,0.0,0.0,0.0,0.0,0.0096546775,0.0,0.0048273387,1.0096546,0.0,0.0,0.0,0.0096546775,0.0,0.0,0.0,0.0,0.0,0.0,0.0,0.0048273387,0.0,0.0,0.0,0.0,0.0,0.0,0.0,0.0,0.0048273387,0.0048273387,0.0,0.0,0.0,0.0,0.0,0.0,0.0,0.0,0.0,0.0048273387,1.0048274,0.0,0.0,0.0,0.0048273387,0.0048273387,0.0,0.0,0.0,0.0,0.0,0.0048273387,0.0,0.0,0.0,0.0,0.0,0.0,0.0,0.0,0.0,0.0,0.0,0.0,0.0,0.0,0.0048273387,0.0,0.0,0.0,0.0,0.0,0.0,0.0,0.0,0.0,0.0,0.0,0.0,0.0048273387,0.0,0.0,0.0096546775,0.9951727,0.0,0.0,0.0,0.0,0.0,0.0048273387,0.0,0.0,0.0,0.0,0.0,0.0
6.101374,1.014482,5.043446,0.0096546775,1.0048274,0.0096546775,0.0048273387,1.0048274,4.0386186,1.0048274,1.0096546,0.0,0.0048273387,0.0,1.0096546,0.0048273387,0.0096546775,0.0,0.0048273387,0.0048273387,0.0,0.0,0.0,0.0,0.0,0.0,0.0,0.0,0.0,0.0,1.0096546,0.0048273387,0.0,0.0048273387,0.0048273387,0.0048273387,0.0,0.0048273387,0.0,0.0,0.0048273387,0.0,0.0,0.0,0.0,0.0048273387,0.0,0.0,1.0096546,0.0,2.0193093,0.0048273387,0.0,0.0,0.0,0.0,0.0,0.0096546775,0.0,0.0048273387,1.0096546,0.0,0.0,0.0,0.0096546775,0.0,0.0,0.0,0.0,0.0,0.0,0.0,0.0048273387,0.0,0.0,0.0,0.0,0.0,0.0,0.0,0.0,0.0048273387,0.0048273387,0.0,0.0,0.0,0.0,0.0,0.0,0.0,0.0,0.0,0.0048273387,1.0048274,0.0,0.0,0.0,0.0048273387,0.0048273387,0.0,0.0,0.0,0.0,0.0,0.0048273387,0.0,0.0,0.0,0.0,0.0,0.0,0.0,0.0,0.0,0.0,0.0,0.0,0.0,0.0,0.0048273387,0.0,0.0,0.0,0.0,0.0,0.0,0.0,0.0,0.0,0.0,0.0,0.0,0.0048273387,0.0,0.0,0.0096546775,0.9951727,0.0,0.0,0.0,0.0,0.0,0.0048273387,0.0,0.0,0.0,0.0,0.0,0.0
6.5544553,1.0792079,5.039604,0.089108914,1.009901,0.05940594,0.03960396,1.009901,4.0,1.029703,1.0594059,0.0,0.03960396,0.0,1.019802,0.02970297,0.02970297,0.03960396,0.02970297,0.00990099,0.0,0.0,0.02970297,0.0,0.0,0.0,0.01980198,0.00990099,0.01980198,0.0,1.009901,0.0,0.0,0.03960396,0.0,0.02970297,0.0,0.0,0.0,0.0,0.02970297,0.01980198,0.0,0.0,0.0,0.03960396,0.0,0.0,1.0,0.0,2.0,0.01980198,0.0,0.0,0.0,0.0,0.0,0.00990099,0.0,0.01980198,1.009901,0.0,0.0,0.0,0.05940594,0.0,0.0,0.0,0.0,0.0,0.0,0.0,0.00990099,0.0,0.0,0.0,0.0,0.0,0.0,0.0,0.0,0.01980198,0.03960396,0.0,0.0,0.0,0.0,0.0,0.0,0.0,0.0,0.01980198,0.01980198,1.0,0.0,0.0,0.0,0.0,0.03960396,0.0,0.0,0.0,0.0,0.0,0.0,0.0,0.01980198,0.0,0.0,0.0,0.0,0.0,0.0,0.0,0.01980198,0.0,0.0,0.0,0.0,0.01980198,0.0,0.0,0.0,0.0,0.0,0.0,0.0,0.0,0.0,0.0,0.0,0.0,0.0,0.0,0.0,0.0,1.0,0.0,0.0,0.0,0.0,0.01980198,0.0,0.0,0.0,0.0,0.0,0.0,0.0
12.118345,2.0215173,10.0,0.02151731,2.0,0.02151731,0.010758655,2.0,8.0,2.0,3.0,0.0,0.010758655,0.0,3.0,1.0,2.0,0.0,0.010758655,1.0,0.0,0.0,0.0,0.0,0.0,0.0,0.0,0.0,0.0,0.0,2.0107586,0.010758655,0.0,0.010758655,1.0,0.010758655,0.0,1.0,0.0,0.0,0.010758655,0.0,0.0,0.0,0.0,0.010758655,0.0,0.0,3.0,0.0,3.9784827,0.010758655,0.0,0.0,0.0,0.0,0.0,2.0,0.0,0.010758655,2.0107586,0.0,0.0,0.0,0.02151731,0.0,0.0,0.0,0.0,0.0,0.0,0.0,1.0,0.0,0.0,0.0,0.0,0.0,0.0,0.0,0.0,0.010758655,0.010758655,0.0,0.0,0.0,0.0,0.0,0.0,0.0,0.0,0.0,0.010758655,2.9892414,0.0,0.0,0.0,0.010758655,0.010758655,0.0,0.0,0.0,0.0,0.0,0.010758655,0.0,0.0,0.0,0.0,0.0,0.0,0.0,0.0,0.0,0.0,0.0,0.0,0.0,0.0,0.010758655,0.0,0.0,0.0,0.0,0.0,0.0,0.0,0.0,0.0,0.0,0.0,0.0,1.9892414,0.0,0.0,2.0,0.98924136,1.0,0.0,0.0,0.0,0.0,1.0,0.0,0.98924136,0.0,0.98924136,0.0,0.0
11.114872,2.0208857,9.0,0.02088575,2.0,0.02088575,0.010442875,2.0,7.0,2.0,3.0,0.0,0.010442875,0.0,3.0,1.0,2.0,0.0,0.010442875,1.0,0.0,0.0,0.0,0.0,0.0,0.0,0.0,0.0,0.0,0.0,2.010443,0.010442875,0.0,0.010442875,1.0,0.010442875,0.0,1.0,0.0,0.0,0.010442875,0.0,0.0,0.0,0.0,0.010442875,0.0,0.0,3.010443,0.0,2.9791143,0.010442875,0.0,0.0,0.0,0.0,0.0,2.010443,0.0,0.010442875,2.010443,0.0,0.0,0.0,0.02088575,0.0,0.0,0.0,0.0,0.0,0.0,0.0,1.0104429,0.0,0.0,0.0,0.0,0.0,0.0,0.0,0.0,0.010442875,0.010442875,0.0,0.0,0.0,0.0,0.0,0.0,0.0,0.0,0.0,0.010442875,2.989557,0.0,0.0,0.0,0.010442875,0.010442875,0.0,0.0,0.0,0.0,0.0,0.010442875,0.0,0.0,0.0,0.0,0.0,0.0,0.0,0.0,0.0,0.0,0.0,0.0,0.0,0.0,0.010442875,0.0,0.0,0.0,0.0,0.0,0.0,0.0,0.0,0.0,0.010442875,0.0,0.0,2.0,0.0,0.0,1.9895571,0.98955715,0.0,0.0,0.0,0.0,0.0,0.0,0.0,0.98955715,0.0,0.0,0.0,0.0
4.428,0.306,2.714,0.102,0.0,0.204,0.204,0.0,1.408,0.898,0.0,0.0,0.0,0.0,0.0,0.0,0.0,0.0,0.102,0.0,0.204,0.0,0.0,0.102,0.0,0.0,0.0,0.0,0.0,0.0,0.0,0.0,0.0,0.204,0.0,0.0,0.0,0.0,0.0,0.0,0.0,0.0,0.102,0.0,0.0,0.0,0.0,0.0,0.0,0.0,0.0,0.0,0.0,0.0,0.0,0.0,0.0,0.0,0.0,0.0,0.0,0.0,0.0,0.0,0.204,0.0,0.0,0.0,0.0,0.0,0.0,0.0,0.0,0.0,0.0,0.0,0.0,0.0,0.0,0.0,0.204,0.0,0.0,0.0,0.0,0.0,0.0,0.0,0.0,0.0,0.0,0.204,0.0,0.0,0.0,0.0,0.0,0.0,0.0,0.0,0.0,0.0,0.0,0.0,0.0,0.0,0.0,0.0,0.0,0.0,0.0,0.0,0.0,0.0,0.0,0.0,0.0,0.0,0.0,0.0,0.0,0.0,0.204,0.0,0.0,0.0,0.0,0.0,0.0,0.0,0.0,0.0,0.0,0.204,0.204,0.0,0.0,0.0,0.0,0.0,0.0,0.204,0.0,0.204,0.0,0.0,0.0,0.0,0.0
13.225822,3.8637974,4.8637977,1.272405,1.727595,2.0,2.8637974,1.727595,2.54481,0.0,0.0,0.8637975,0.2724051,1.727595,0.0,0.0,0.0,0.0,0.13620254,0.0,2.5913923,0.0,0.0,0.81721526,1.727595,0.8637975,0.2724051,0.0,0.0,0.8637975,0.0,0.5448102,0.0,0.13620254,0.0,0.13620254,0.13620254,0.0,0.8637975,0.0,0.13620254,0.0,0.8637975,0.8637975,0.0,0.13620254,0.8637975,0.0,0.0,0.0,0.0,0.0,0.81721526,0.0,0.8637975,0.0,0.0,0.0,0.0,0.0,0.0,0.0,0.2724051,0.2724051,0.13620254,0.8637975,0.13620254,0.0,0.0,0.0,0.0,0.8637975,0.0,0.13620254,0.0,0.8637975,0.0,0.0,0.0,0.0,1.727595,0.0,0.13620254,0.0,0.0,0.2724051,0.0,0.0,0.0,0.0,0.13620254,0.0,0.0,0.0,0.0,0.8637975,0.0,0.0,0.13620254,0.0,0.0,0.0,0.0,0.0,0.0,0.0,0.13620254,0.0,0.0,0.0,0.0,0.0,0.0,0.0,0.0,0.0,0.0,0.0,0.0,0.0,0.0,0.0,0.0,0.0,0.0,0.0,0.8637975,0.0,0.0,0.0,0.0,0.0,0.0,0.0,0.0,0.0,0.0,0.0,0.0,0.0,0.0,0.0,0.0,0.0,0.0,0.0,0.0,0.0,0.0
8.0,0.13365418,2.0,1.0,0.0,1.0,0.0,0.0,1.0,0.0,0.0,0.0,0.0,0.0,0.0,0.0,0.0,0.0,0.0,0.0,0.0,0.0,0.0,1.0,0.0,0.0,0.0,0.0,0.0,0.0,0.0,0.0,0.0,0.0,0.0,0.0,0.0,0.0,0.0,0.0,0.0,0.0,0.0,0.0,0.0,0.0,0.0,0.0,0.0,0.0,0.0,0.0,0.0,0.0,0.0,0.0,0.0,0.0,0.0,0.0,0.0,0.0,0.0,0.0,0.0,0.0,0.0,0.0,0.0,0.0,0.0,0.0,0.0,0.0,0.0,0.0,0.0,0.0,0.0,0.0,0.0,0.0,0.0,0.0,0.0,0.0,0.0,0.0,0.0,0.0,0.0,0.0,0.0,0.0,0.0,0.0,0.0,0.0,0.0,0.0,0.0,0.0,0.0,0.0,0.0,0.0,0.0,0.0,0.0,0.0,0.0,0.0,0.0,0.0,0.0,0.0,0.0,0.0,0.0,0.0,0.0,0.0,0.0,0.0,0.0,0.0,0.0,0.0,0.0,0.0,0.0,0.0,0.0,0.0,0.0,0.0,0.0,0.0,0.0,0.0,0.0,0.0,0.0,0.0,0.0,0.0,0.0,0.0,0.0
8.0,0.24978472,2.0,1.0,0.0,1.0,0.0,0.0,1.0,0.0,0.0,0.0,0.0,0.0,0.0,0.0,0.0,0.0,0.0,0.0,0.0,0.0,0.0,1.0,0.0,0.0,0.0,0.0,0.0,0.0,0.0,0.0,0.0,0.0,0.0,0.0,0.0,0.0,0.0,0.0,0.0,0.0,0.0,0.0,0.0,0.0,0.0,0.0,0.0,0.0,0.0,0.0,0.0,0.0,0.0,0.0,0.0,0.0,0.0,0.0,0.0,0.0,0.0,0.0,0.0,0.0,0.0,0.0,0.0,0.0,0.0,0.0,0.0,0.0,0.0,0.0,0.0,0.0,0.0,0.0,0.0,0.0,0.0,0.0,0.0,0.0,0.0,0.0,0.0,0.0,0.0,0.0,0.0,0.0,0.0,0.0,0.0,0.0,0.0,0.0,0.0,0.0,0.0,0.0,0.0,0.0,0.0,0.0,0.0,0.0,0.0,0.0,0.0,0.0,0.0,0.0,0.0,0.0,0.0,0.0,0.0,0.0,0.0,0.0,0.0,0.0,0.0,0.0,0.0,0.0,0.0,0.0,0.0,0.0,0.0,0.0,0.0,0.0,0.0,0.0,0.0,0.0,0.0,0.0,0.0,0.0,0.0,0.0,0.0
12.090909,4.090909,4.0,1.1818181,2.0,2.0,3.0,2.0,1.0,0.0,0.0,1.0,0.0,2.0,0.0,0.0,0.0,0.0,0.09090909,0.0,3.0,0.0,0.0,0.0,2.0,1.0,0.0,0.0,0.0,1.0,0.0,0.0,0.0,0.0,0.0,0.27272728,0.0,0.0,1.0,0.0,0.27272728,0.0,0.90909094,1.0,0.0,0.0,1.0,0.0,0.0,0.0,0.0,0.27272728,0.0,0.0,1.0,0.0,0.0,0.0,0.0,0.27272728,0.0,0.0,0.0,0.0,0.0,1.0,0.0,0.0,0.0,0.0,0.0,1.0,0.0,0.0,0.0,0.90909094,0.0,0.0,0.0,0.0,2.0,0.0,0.0,0.0,0.0,0.0,0.0,0.0,0.0,0.0,0.0,0.0,0.0,0.0,0.0,1.0,0.0,0.0,0.0,0.0,0.27272728,0.0,0.0,0.0,0.0,0.0,0.0,0.0,0.0,0.0,0.27272728,0.0,0.0,0.0,0.0,0.0,0.0,0.0,0.0,0.0,0.0,0.0,0.0,0.0,0.0,0.0,0.90909094,0.0,0.0,0.0,0.0,0.0,0.0,0.0,0.0,0.0,0.0,0.0,0.0,0.0,0.0,0.0,0.0,0.0,0.0,0.0,0.0,0.0,0.0
11.272727,4.2727275,3.090909,1.1818181,2.0,2.0,3.5454545,2.0,0.0,0.0,0.0,1.2727273,0.36363637,2.0,0.0,0.0,0.0,0.0,0.0,0.0,3.1818182,0.36363637,0.0,0.0,2.1818182,1.0,0.0,0.0,0.0,1.0,0.0,0.0,0.0,0.0,0.0,0.0,0.0,0.0,1.0,0.0,0.0,0.0,1.0,1.0,0.0,0.0,1.0,0.0,0.0,0.0,0.0,0.0,0.0,0.0,1.0,0.0,0.0,0.0,0.0,0.0,0.0,0.0,0.0,0.0,0.0,1.0,0.0,1.0909091,0.09090909,1.1818181,0.0,1.0,0.0,0.0,0.0,1.0,1.0,0.0,0.0,1.0,0.0,0.0,0.0,0.0,0.0,0.0,0.0,0.0,0.0,0.0,0.0,0.0,0.0,0.0,0.0,0.0,0.18181819,0.0,0.0,0.0,0.0,0.0,0.0,0.0,0.0,0.0,0.0,0.0,0.0,0.0,0.0,0.0,0.18181819,0.0,0.0,0.0,0.0,0.0,0.0,0.0,0.0,0.0,0.0,0.0,0.0,0.18181819,1.0,0.0,0.0,0.0,0.18181819,0.18181819,0.0,0.0,0.0,0.0,0.0,0.0,1.0,0.0,0.09090909,0.0,0.0,0.0,0.0,0.0,0.0,0.0,0.0
7.02,1.005,3.675,0.335,0.0,0.67,0.67,0.0,1.67,0.665,0.0,0.0,0.0,0.0,0.0,0.0,0.0,0.0,0.335,0.0,1.34,0.0,0.0,0.335,0.0,0.0,0.0,0.0,0.0,0.0,0.0,0.0,0.0,0.67,0.0,0.0,0.0,0.0,0.0,0.0,0.0,0.0,0.335,0.0,0.0,0.0,0.0,0.0,0.0,0.0,0.0,0.0,0.0,0.0,0.0,0.0,0.0,0.0,0.0,0.0,0.0,0.0,0.0,0.0,0.67,0.0,0.0,0.0,0.0,0.0,0.0,0.0,0.0,0.0,0.0,0.0,0.0,0.0,0.0,0.0,0.0,0.0,0.0,0.0,0.0,0.0,0.0,0.0,0.0,0.0,0.0,0.67,0.0,0.0,0.0,0.0,0.0,0.0,0.0,0.0,0.0,0.0,0.0,0.0,0.0,0.0,0.0,0.0,0.0,0.0,0.0,0.0,0.0,0.0,0.0,0.0,0.0,0.0,0.0,0.0,0.0,0.0,1.34,0.0,0.0,0.0,0.0,0.0,0.0,0.0,0.0,0.0,0.0,1.34,1.34,0.0,0.0,0.0,0.0,0.0,0.0,0.67,0.0,1.34,0.0,0.0,0.0,0.0,0.0
10.45,4.1,3.45,1.0,2.1,2.0,3.0,2.1,0.65,0.05,0.15,1.0,0.0,2.0,0.1,0.15,0.2,0.05,0.0,0.1,3.0,0.0,0.1,0.0,2.0,1.0,0.0,0.1,0.0,1.0,0.2,0.2,0.0,0.0,0.05,0.0,0.0,0.1,1.0,0.05,0.0,0.0,0.95,1.0,0.0,0.0,1.0,0.05,0.2,0.1,0.6,0.0,0.0,0.0,1.0,0.0,0.1,0.35,0.05,0.0,0.4,0.0,0.0,0.0,0.0,1.0,0.0,1.0,0.0,1.0,0.0,1.0,0.4,0.0,0.0,0.95,1.0,0.0,0.0,1.0,0.0,0.0,0.0,0.0,0.0,0.0,0.0,0.0,0.0,0.05,0.0,0.0,0.0,0.3,0.0,0.0,0.0,0.7,0.0,0.0,0.0,0.0,0.0,0.0,0.1,0.0,0.0,0.0,0.0,0.0,0.0,0.0,0.0,0.0,0.0,0.0,0.0,0.0,0.0,0.0,0.0,0.0,0.0,0.0,0.1,0.0,0.95,0.0,0.0,0.2,0.0,0.0,0.0,0.0,0.0,0.0,0.0,0.0,0.95,0.0,0.0,0.0,0.0,0.0,0.0,0.0,0.0,0.0,0.0
16.0,3.0,4.0,2.0,1.0,2.0,3.0,0.0,6.0,0.0,0.0,1.0,2.0,0.0,0.0,0.0,0.0,0.0,0.0,0.0,0.0,1.0,0.0,6.0,0.0,1.0,2.0,0.0,0.0,0.0,0.0,4.0,0.0,0.0,0.0,0.0,1.0,0.0,0.0,0.0,0.0,0.0,0.0,0.0,0.0,0.0,0.0,0.0,0.0,0.0,0.0,0.0,6.0,0.0,0.0,1.0,0.0,0.0,0.0,0.0,0.0,0.0,2.0,2.0,0.0,0.0,1.0,0.0,0.0,0.0,0.0,0.0,0.0,1.0,0.0,0.0,0.0,0.0,0.0,0.0,0.0,0.0,0.0,0.0,0.0,2.0,3.0,0.0,0.0,0.0,1.0,0.0,0.0,0.0,0.0,0.0,0.0,0.0,0.0,0.0,0.0,0.0,0.0,0.0,0.0,0.0,0.0,0.0,0.0,0.0,0.0,0.0,0.0,0.0,0.0,0.0,0.0,0.0,0.0,0.0,1.0,0.0,0.0,0.0,0.0,0.0,0.0,0.0,0.0,0.0,0.0,0.0,0.0,0.0,0.0,0.0,0.0,0.0,0.0,0.0,0.0,0.0,0.0,0.0,0.0,0.0,0.0,0.0,0.0
7.86,2.22,3.44,0.44,0.78,0.44,2.0,0.78,2.78,0.0,0.0,0.78,0.0,0.0,0.0,0.0,0.0,0.0,0.22,0.0,1.22,0.0,0.0,0.44,0.78,0.78,0.0,0.0,0.0,0.78,1.56,0.78,0.0,0.44,0.0,0.0,0.0,0.0,0.0,0.0,0.0,0.0,0.0,0.0,0.0,0.0,0.0,0.0,0.0,0.0,0.0,0.0,0.0,0.0,0.0,0.0,0.0,0.0,0.0,0.0,0.0,0.0,0.0,0.0,0.44,0.0,0.0,0.0,0.0,0.0,0.0,0.0,0.0,0.0,0.0,0.0,0.0,0.0,0.0,0.0,2.0,0.0,0.0,0.0,0.0,0.0,0.0,0.0,0.0,0.0,0.0,0.44,0.0,0.0,0.0,1.56,0.0,0.0,0.0,0.0,0.0,0.0,0.0,0.0,0.78,0.0,0.0,0.0,0.0,0.0,0.0,0.0,0.0,0.0,0.0,1.56,0.0,0.0,0.0,0.0,0.0,0.0,0.44,0.0,0.0,0.0,0.0,0.0,0.0,0.0,0.0,0.0,0.0,0.44,0.44,0.0,0.0,0.0,0.0,0.78,0.0,0.44,0.0,0.44,0.0,0.78,0.0,0.0,0.0
16.0,3.0,4.0,2.0,1.0,2.0,3.0,0.0,6.0,0.0,0.0,1.0,2.0,0.0,0.0,0.0,0.0,0.0,0.0,0.0,0.0,1.0,0.0,6.0,0.0,1.0,2.0,0.0,0.0,0.0,0.0,4.0,0.0,0.0,0.0,0.0,1.0,0.0,0.0,0.0,0.0,0.0,0.0,0.0,0.0,0.0,0.0,0.0,0.0,0.0,0.0,0.0,6.0,0.0,0.0,1.0,0.0,0.0,0.0,0.0,0.0,0.0,2.0,2.0,0.0,0.0,1.0,0.0,0.0,0.0,0.0,0.0,0.0,1.0,0.0,0.0,0.0,0.0,0.0,0.0,0.0,0.0,0.0,0.0,0.0,2.0,3.0,0.0,0.0,0.0,1.0,0.0,0.0,0.0,0.0,0.0,0.0,0.0,0.0,0.0,0.0,0.0,0.0,0.0,0.0,0.0,0.0,0.0,0.0,0.0,0.0,0.0,0.0,0.0,0.0,0.0,0.0,0.0,0.0,0.0,1.0,0.0,0.0,0.0,0.0,0.0,0.0,0.0,0.0,0.0,0.0,0.0,0.0,0.0,0.0,0.0,0.0,0.0,0.0,0.0,0.0,0.0,0.0,0.0,0.0,0.0,0.0,0.0,0.0
10.428572,4.095238,3.4285715,1.0,2.0952382,2.0,3.0,2.0952382,0.61904764,0.04761905,0.14285715,1.0,0.0,2.0,0.0952381,0.14285715,0.1904762,0.04761905,0.0,0.0952381,3.0,0.0,0.0952381,0.0,2.0,1.0,0.0,0.0952381,0.0,1.0,0.1904762,0.1904762,0.0,0.0,0.04761905,0.0,0.0,0.0952381,1.0,0.04761905,0.0,0.0,0.95238096,1.0,0.0,0.0,1.0,0.04761905,0.1904762,0.0952381,0.5714286,0.0,0.0,0.0,1.0,0.0,0.0952381,0.33333334,0.04761905,0.0,0.3809524,0.0,0.0,0.0,0.0,1.0,0.0,1.0,0.0,1.0,0.0,1.0,0.3809524,0.0,0.0,0.95238096,1.0,0.0,0.0,1.0,0.0,0.0,0.0,0.0,0.0,0.0,0.0,0.0,0.0,0.04761905,0.0,0.0,0.0,0.2857143,0.0,0.0,0.0,0.6666667,0.0,0.0,0.0,0.0,0.0,0.0,0.0952381,0.0,0.0,0.0,0.0,0.0,0.0,0.0,0.0,0.0,0.0,0.0,0.0,0.0,0.0,0.0,0.0,0.0,0.0,0.0,0.0952381,0.0,0.95238096,0.0,0.0,0.1904762,0.0,0.0,0.0,0.0,0.0,0.0,0.0,0.0,0.95238096,0.0,0.0,0.0,0.0,0.0,0.0,0.0,0.0,0.0,0.0
8.235294,4.0588236,6.019608,0.039215688,2.0392158,0.078431375,3.0196078,2.0392158,3.9607842,0.019607844,0.05882353,1.0,0.019607844,0.078431375,0.039215688,0.05882353,0.078431375,0.019607844,0.0,0.039215688,3.0,0.0,0.039215688,0.0,2.0,1.0,0.019607844,0.039215688,0.039215688,1.0,1.9607843,0.0,0.039215688,0.0,0.019607844,0.0,0.0,0.039215688,1.0,0.019607844,0.0,0.039215688,0.019607844,1.0,0.039215688,0.0,0.019607844,0.019607844,0.0,0.039215688,0.0,0.0,0.0,0.019607844,0.019607844,0.0,0.039215688,0.0,0.019607844,0.0,1.9607843,0.039215688,0.0,0.0,0.0,0.019607844,0.0,0.0,0.0,0.0,0.019607844,0.019607844,0.0,0.0,0.019607844,0.019607844,0.0,0.039215688,0.019607844,0.0,2.9803922,0.0,0.0,0.019607844,0.0,0.0,0.0,0.039215688,0.039215688,0.019607844,0.0,0.0,0.0,0.0,0.0,1.9803921,0.0,0.0,0.0,0.019607844,0.0,0.019607844,0.0,0.0,0.0,0.019607844,0.0,0.0,0.0,0.019607844,0.0,0.019607844,0.0,0.039215688,0.0,0.98039216,0.0,0.019607844,0.0,0.0,0.0,0.019607844,0.0,0.0,0.0,0.0,0.019607844,0.98039216,0.0,0.0,0.0,0.0,0.0,0.0,0.0,0.0,0.0,0.0,0.0,0.0,0.0,0.0,0.0,0.0,0.0,0.0,0.0,0.0,0.0
8.349515,4.0873785,6.029126,0.058252428,2.0582523,0.116504855,3.0291262,2.0582523,3.9417477,0.029126214,0.08737864,1.0,0.029126214,0.116504855,0.058252428,0.08737864,0.116504855,0.029126214,0.0,0.058252428,3.0,0.0,0.058252428,0.0,2.0,1.0,0.029126214,0.058252428,0.058252428,1.0,1.9417475,0.0,0.058252428,0.0,0.029126214,0.0,0.0,0.058252428,1.0,0.029126214,0.0,0.058252428,0.029126214,1.0,0.058252428,0.0,0.029126214,0.029126214,0.0,0.058252428,0.0,0.0,0.0,0.029126214,0.029126214,0.0,0.058252428,0.0,0.029126214,0.0,1.9417475,0.058252428,0.0,0.0,0.0,0.029126214,0.0,0.0,0.0,0.0,0.029126214,0.029126214,0.0,0.0,0.029126214,0.029126214,0.0,0.058252428,0.029126214,0.0,2.9708738,0.0,0.0,0.029126214,0.0,0.0,0.0,0.058252428,0.058252428,0.029126214,0.0,0.0,0.0,0.0,0.0,1.9708738,0.0,0.0,0.0,0.029126214,0.0,0.029126214,0.0,0.0,0.0,0.029126214,0.0,0.0,0.0,0.029126214,0.0,0.029126214,0.0,0.058252428,0.0,0.9708738,0.0,0.029126214,0.0,0.0,0.0,0.029126214,0.0,0.0,0.0,0.0,0.029126214,0.9708738,0.0,0.0,0.0,0.0,0.0,0.0,0.0,0.0,0.0,0.0,0.0,0.0,0.0,0.0,0.0,0.0,0.0,0.0,0.0,0.0,0.0
8.461538,4.1153846,6.0384617,0.07692308,2.0769231,0.15384616,3.0384614,2.0769231,3.9230769,0.03846154,0.115384616,1.0,0.03846154,0.15384616,0.07692308,0.115384616,0.15384616,0.03846154,0.0,0.07692308,3.0,0.0,0.07692308,0.0,2.0,1.0,0.03846154,0.07692308,0.07692308,1.0,1.9230769,0.0,0.07692308,0.0,0.03846154,0.0,0.0,0.07692308,1.0,0.03846154,0.0,0.07692308,0.03846154,1.0,0.07692308,0.0,0.03846154,0.03846154,0.0,0.07692308,0.0,0.0,0.0,0.03846154,0.03846154,0.0,0.07692308,0.0,0.03846154,0.0,1.9230769,0.07692308,0.0,0.0,0.0,0.03846154,0.0,0.0,0.0,0.0,0.03846154,0.03846154,0.0,0.0,0.03846154,0.03846154,0.0,0.07692308,0.03846154,0.0,2.9615386,0.0,0.0,0.03846154,0.0,0.0,0.0,0.07692308,0.07692308,0.03846154,0.0,0.0,0.0,0.0,0.0,1.9615384,0.0,0.0,0.0,0.03846154,0.0,0.03846154,0.0,0.0,0.0,0.03846154,0.0,0.0,0.0,0.03846154,0.0,0.03846154,0.0,0.07692308,0.0,0.96153843,0.0,0.03846154,0.0,0.0,0.0,0.03846154,0.0,0.0,0.0,0.0,0.03846154,0.96153843,0.0,0.0,0.0,0.0,0.0,0.0,0.0,0.0,0.0,0.0,0.0,0.0,0.0,0.0,0.0,0.0,0.0,0.0,0.0,0.0,0.0
10.636364,4.090909,3.090909,1.0909091,2.090909,2.090909,3.0,2.090909,0.0,0.09090909,0.18181819,1.0,0.0,2.090909,0.09090909,0.09090909,0.09090909,0.09090909,0.0,0.09090909,3.0,0.0,0.09090909,0.0,2.0,1.0,0.0,0.09090909,0.09090909,1.0,0.0,0.0,0.09090909,0.0,0.0,0.0,0.0,0.0,1.0,0.0,0.0,0.09090909,1.0,1.0,0.09090909,0.0,1.0,0.0,0.0,0.0,0.0,0.0,0.0,0.0,1.0,0.0,0.0,0.0,0.0,0.0,0.0,0.0,0.0,0.0,0.0,1.0,0.0,1.0,0.0,1.0,0.0,1.0,0.0,0.0,0.0,1.0,1.0,0.0,0.0,1.0,0.0,0.0,0.0,0.0,0.09090909,0.0,0.0,0.0,0.0,0.0,0.0,0.0,0.0,0.0,0.0,0.0,0.0,0.0,0.0,0.09090909,0.0,0.0,0.0,0.0,0.0,0.0,0.0,0.09090909,0.09090909,0.0,0.0,0.0,0.0,0.0,0.0,0.0,0.0,0.0,0.0,0.0,0.0,0.0,0.0,0.0,0.0,0.0,0.90909094,0.0,0.0,0.0,0.0,0.0,0.0,0.0,0.0,0.0,0.0,0.0,0.90909094,0.0,0.0,0.0,0.0,0.0,0.0,0.0,0.0,0.0,0.0
11.727273,4.6363635,3.6363637,1.1818181,2.4545455,2.5454545,3.1818182,2.5454545,0.09090909,0.18181819,0.36363637,1.0,0.0,2.5454545,0.36363637,0.18181819,0.36363637,0.0,0.0,0.36363637,3.1818182,0.0,0.0,0.18181819,2.0,1.0,0.0,0.0,0.36363637,1.0,0.0,0.0,0.36363637,0.0,0.18181819,0.0,0.09090909,0.36363637,1.0,0.18181819,0.0,0.0,1.1818181,1.0,0.0,0.0,1.0,0.0,0.0,0.0,0.0,0.0,0.0,0.18181819,1.0,0.0,0.36363637,0.0,0.0,0.0,0.0,0.36363637,0.0,0.0,0.0,1.0,0.0,1.0909091,0.0,1.0,0.18181819,1.0,0.0,0.0,0.18181819,1.1818181,1.0,0.36363637,0.0,1.0,0.0,0.0,0.0,0.0,0.0,0.0,0.0,0.0,0.18181819,0.0,0.0,0.0,0.0,0.0,0.0,0.0,0.0,0.0,0.0,0.18181819,0.0,0.18181819,0.0,0.0,0.0,0.18181819,0.0,0.0,0.0,0.0,0.0,0.18181819,0.0,0.0,0.0,0.0,0.0,0.0,0.0,0.0,0.0,0.18181819,0.0,0.0,0.0,0.0,1.0,0.0,0.0,0.0,0.0,0.0,0.0,0.0,0.0,0.0,0.0,0.0,1.0,0.0,0.0,0.0,0.0,0.0,0.0,0.0,0.0,0.0,0.0
12.5,4.3333335,3.5,1.3333334,2.0,2.3333333,3.6666667,2.0,0.16666667,0.0,0.0,1.3333334,0.33333334,2.0,0.0,0.0,0.0,0.0,0.0,0.0,3.3333333,0.33333334,0.0,0.33333334,2.3333333,1.0,0.33333334,0.0,0.0,1.0,0.0,0.0,0.0,0.0,0.0,0.0,0.16666667,0.0,1.0,0.0,0.0,0.0,1.0,1.0,0.0,0.0,1.0,0.0,0.0,0.0,0.0,0.0,0.33333334,0.0,1.0,0.33333334,0.0,0.0,0.0,0.0,0.0,0.0,0.0,0.33333334,0.0,1.0,0.0,1.1666666,0.0,1.3333334,0.0,1.0,0.0,0.16666667,0.0,1.0,1.0,0.0,0.0,1.0,0.0,0.0,0.0,0.0,0.0,0.0,0.33333334,0.0,0.0,0.0,0.0,0.0,0.0,0.0,0.0,0.0,0.33333334,0.0,0.0,0.0,0.0,0.0,0.0,0.0,0.0,0.0,0.0,0.0,0.0,0.0,0.0,0.0,0.0,0.0,0.0,0.0,0.0,0.0,0.0,0.0,0.0,0.0,0.0,0.0,0.0,0.0,1.0,0.0,0.0,0.0,0.33333334,0.0,0.0,0.0,0.0,0.0,0.0,0.0,1.0,0.0,0.16666667,0.0,0.0,0.0,0.0,0.0,0.0,0.0,0.0
13.230769,4.6923075,3.2307692,1.4615384,2.0,2.0,4.3846154,2.0,0.0,0.0,0.0,1.6923077,0.9230769,2.0,0.0,0.0,0.0,0.0,0.0,0.0,3.4615386,0.9230769,0.0,0.0,2.4615386,1.0,0.0,0.0,0.0,1.0,0.0,0.0,0.0,0.0,0.0,0.0,0.0,0.0,1.0,0.0,0.0,0.0,1.0,1.0,0.0,0.0,1.0,0.0,0.0,0.0,0.0,0.0,0.0,0.0,1.0,0.0,0.0,0.0,0.0,0.0,0.0,0.0,0.0,0.0,0.0,1.0,0.0,1.2307693,0.23076923,1.4615384,0.0,1.0,0.0,0.0,0.0,1.0,1.0,0.0,0.0,1.0,0.0,0.0,0.0,0.0,0.0,0.0,0.0,0.0,0.0,0.0,0.0,0.0,0.0,0.0,0.0,0.0,0.46153846,0.0,0.0,0.0,0.0,0.0,0.0,0.0,0.0,0.0,0.0,0.0,0.0,0.0,0.0,0.0,0.46153846,0.0,0.0,0.0,0.0,0.0,0.0,0.0,0.0,0.0,0.0,0.0,0.0,0.46153846,1.0,0.0,0.0,0.0,0.46153846,0.46153846,0.0,0.0,0.0,0.0,0.0,0.0,1.0,0.0,0.23076923,0.0,0.0,0.0,0.0,0.0,0.0,0.0,0.0
16.0,3.0,4.0,2.0,1.0,2.0,3.0,0.0,6.0,0.0,0.0,1.0,2.0,0.0,0.0,0.0,0.0,0.0,0.0,0.0,0.0,1.0,0.0,6.0,0.0,1.0,2.0,0.0,0.0,0.0,0.0,4.0,0.0,0.0,0.0,0.0,1.0,0.0,0.0,0.0,0.0,0.0,0.0,0.0,0.0,0.0,0.0,0.0,0.0,0.0,0.0,0.0,6.0,0.0,0.0,1.0,0.0,0.0,0.0,0.0,0.0,0.0,2.0,2.0,0.0,0.0,1.0,0.0,0.0,0.0,0.0,0.0,0.0,1.0,0.0,0.0,0.0,0.0,0.0,0.0,0.0,0.0,0.0,0.0,0.0,2.0,3.0,0.0,0.0,0.0,1.0,0.0,0.0,0.0,0.0,0.0,0.0,0.0,0.0,0.0,0.0,0.0,0.0,0.0,0.0,0.0,0.0,0.0,0.0,0.0,0.0,0.0,0.0,0.0,0.0,0.0,0.0,0.0,0.0,0.0,1.0,0.0,0.0,0.0,0.0,0.0,0.0,0.0,0.0,0.0,0.0,0.0,0.0,0.0,0.0,0.0,0.0,0.0,0.0,0.0,0.0,0.0,0.0,0.0,0.0,0.0,0.0,0.0,0.0
10.01,4.01,3.0,1.0,1.99,1.98,3.0,1.99,0.01,0.0,0.0,1.0,0.0,1.98,0.0,0.0,0.0,0.0,0.01,0.0,3.0,0.0,0.0,0.0,2.0,1.0,0.0,0.0,0.0,1.0,0.01,0.0,0.0,0.0,0.0,0.01,0.0,0.0,1.0,0.0,0.01,0.0,0.99,1.0,0.0,0.0,0.99,0.0,0.0,0.0,0.0,0.01,0.0,0.0,0.99,0.0,0.0,0.0,0.0,0.01,0.0,0.0,0.0,0.0,0.02,0.99,0.0,1.0,0.0,1.0,0.0,0.99,0.0,0.0,0.0,0.99,1.0,0.0,0.0,1.0,0.01,0.0,0.01,0.0,0.0,0.0,0.0,0.0,0.0,0.0,0.0,0.0,0.0,0.0,0.0,0.01,0.0,0.0,0.0,0.0,0.0,0.0,0.0,0.0,0.0,0.0,0.0,0.0,0.0,0.0,0.0,0.0,0.0,0.0,0.0,0.01,0.0,0.0,0.0,0.0,0.0,0.0,0.0,0.0,0.0,0.0,0.99,0.01,0.0,0.0,0.0,0.0,0.0,0.0,0.0,0.0,0.0,0.0,0.99,0.0,0.0,0.0,0.0,0.0,0.0,0.0,0.0,0.0,0.0
16.14,4.92,5.0,1.69,2.0,2.46,4.15,2.0,1.54,0.0,0.0,1.46,0.69,2.0,0.0,0.0,0.0,0.0,0.23,0.0,3.46,0.46,0.0,0.0,2.46,1.0,0.0,0.0,0.0,1.0,0.0,0.0,0.0,0.23,0.0,0.46,0.0,0.0,1.0,0.0,0.46,0.0,1.0,1.0,0.0,0.23,1.0,0.0,0.0,0.0,0.0,0.23,0.0,0.0,1.0,0.0,0.0,0.0,0.0,0.23,0.0,0.0,0.0,0.0,0.46,1.0,0.0,0.46,0.0,0.69,0.0,1.0,0.0,0.0,0.0,1.0,0.23,0.0,0.0,0.23,1.54,0.23,0.46,0.0,0.0,0.0,0.0,0.0,0.0,0.0,0.0,0.0,0.23,0.0,0.0,0.77,0.46,0.0,0.46,0.0,0.0,0.0,0.0,0.0,0.0,0.0,0.0,0.0,0.0,0.0,0.0,0.0,0.23,0.0,0.0,0.0,0.0,0.0,0.0,0.46,0.0,0.0,0.0,0.23,0.0,0.23,1.0,0.0,0.0,0.0,0.46,0.46,0.0,0.0,0.0,0.0,0.0,0.0,0.23,0.0,0.23,0.0,0.0,0.0,0.0,0.0,0.0,0.0,0.0
12.218911,2.0796041,10.059703,0.019901048,2.019901,0.0,0.05970314,2.019901,8.019901,2.0,3.0,0.019901048,0.0,0.0,3.0,1.0,2.0,0.0,0.019901048,1.0,0.05970314,0.0,0.0,0.0,0.039802097,0.019901048,0.0,0.0,0.0,0.019901048,2.019901,0.0,0.0,0.019901048,1.0,0.019901048,0.0,1.0,0.019901048,0.0,0.019901048,0.0,0.0,0.019901048,0.0,0.0,0.0,0.0,3.0,0.0,4.0,0.019901048,0.0,0.0,0.0,0.0,0.0,2.0,0.0,0.019901048,2.0,0.0,0.0,0.0,0.039802097,0.0,0.0,0.019901048,0.0,0.019901048,0.0,0.0,1.0,0.0,0.0,0.0,0.019901048,0.0,0.0,0.019901048,0.019901048,0.0,0.019901048,0.0,0.0,0.0,0.0,0.0,0.0,0.0,0.0,0.0,0.0,3.0,0.0,0.019901048,0.0,0.0,0.0,0.0,0.0,0.0,0.0,0.0,0.0,0.0,0.0,0.0,0.0,0.0,0.0,0.0,0.0,0.0,0.0,0.019901048,0.0,0.0,0.0,0.019901048,0.0,0.0,0.019901048,0.0,0.0,0.0,0.0,0.019901048,0.0,0.0,0.0,0.0,2.0,0.0,0.0,2.0,1.0,1.0,0.0,0.0,0.0,0.0,1.0,0.039802097,1.0,0.0,1.0,0.0,0.0
12.218911,2.0796041,10.059703,0.019901048,2.019901,0.0,0.05970314,2.019901,8.019901,2.0,3.0,0.019901048,0.0,0.0,3.0,1.0,2.0,0.0,0.019901048,1.0,0.05970314,0.0,0.0,0.0,0.039802097,0.019901048,0.0,0.0,0.0,0.019901048,2.019901,0.0,0.0,0.019901048,1.0,0.019901048,0.0,1.0,0.019901048,0.0,0.019901048,0.0,0.0,0.019901048,0.0,0.0,0.0,0.0,3.0,0.0,4.0,0.019901048,0.0,0.0,0.0,0.0,0.0,2.0,0.0,0.019901048,2.0,0.0,0.0,0.0,0.039802097,0.0,0.0,0.019901048,0.0,0.019901048,0.0,0.0,1.0,0.0,0.0,0.0,0.019901048,0.0,0.0,0.019901048,0.019901048,0.0,0.019901048,0.0,0.0,0.0,0.0,0.0,0.0,0.0,0.0,0.0,0.0,3.0,0.0,0.019901048,0.0,0.0,0.0,0.0,0.0,0.0,0.0,0.0,0.0,0.0,0.0,0.0,0.0,0.0,0.0,0.0,0.0,0.0,0.0,0.019901048,0.0,0.0,0.0,0.019901048,0.0,0.0,0.019901048,0.0,0.0,0.0,0.0,0.019901048,0.0,0.0,0.0,0.0,2.0,0.0,0.0,2.0,1.0,1.0,0.0,0.0,0.0,0.0,1.0,0.039802097,1.0,0.0,1.0,0.0,0.0
6.0728025,1.0128475,5.0214124,0.008565,1.0042825,0.008565,0.0042825,1.0042825,4.01713,1.0042825,1.008565,0.0,0.0042825,0.0,1.008565,0.0042825,0.008565,0.0,0.0042825,0.0042825,0.0,0.0,0.0,0.0,0.0,0.0,0.0,0.0,0.0,0.0,1.008565,0.0042825,0.0,0.0042825,0.0042825,0.0042825,0.0,0.0042825,0.0,0.0,0.0042825,0.0,0.0,0.0,0.0,0.0042825,0.0,0.0,1.008565,0.0,2.0,0.0042825,0.0,0.0,0.0,0.0,0.0,0.008565,0.0,0.0042825,1.008565,0.0,0.0,0.0,0.008565,0.0,0.0,0.0,0.0,0.0,0.0,0.0,0.0042825,0.0,0.0,0.0,0.0,0.0,0.0,0.0,0.0,0.0042825,0.0042825,0.0,0.0,0.0,0.0,0.0,0.0,0.0,0.0,0.0,0.0042825,1.0042825,0.0,0.0,0.0,0.0042825,0.0042825,0.0,0.0,0.0,0.0,0.0,0.0042825,0.0,0.0,0.0,0.0,0.0,0.0,0.0,0.0,0.0,0.0,0.0,0.0,0.0,0.0,0.0042825,0.0,0.0,0.0,0.0,0.0,0.0,0.0,0.0,0.0,0.0,0.0,0.0,0.0042825,0.0,0.0,0.008565,0.9957175,0.0042825,0.0,0.0,0.0,0.0,0.0042825,0.0,0.0,0.0,0.0,0.0,0.0
34.0,4.0,8.0,4.0,1.0,4.0,5.0,1.0,8.0,2.0,6.0,2.0,2.0,0.0,2.0,6.0,4.0,2.0,0.0,0.0,1.0,1.0,4.0,6.0,1.0,1.0,2.0,0.0,2.0,1.0,1.0,4.0,0.0,0.0,0.0,0.0,1.0,0.0,0.0,2.0,0.0,2.0,0.0,0.0,0.0,0.0,0.0,2.0,0.0,2.0,3.0,0.0,6.0,0.0,0.0,1.0,0.0,0.0,0.0,0.0,1.0,0.0,2.0,2.0,0.0,0.0,1.0,0.0,0.0,0.0,2.0,0.0,0.0,1.0,0.0,0.0,0.0,0.0,2.0,0.0,1.0,2.0,0.0,2.0,0.0,2.0,3.0,0.0,0.0,2.0,1.0,0.0,0.0,0.0,0.0,1.0,0.0,3.0,0.0,0.0,0.0,0.0,0.0,0.0,0.0,0.0,0.0,0.0,0.0,2.0,0.0,0.0,0.0,0.0,0.0,1.0,0.0,2.0,0.0,0.0,0.0,0.0,0.0,0.0,0.0,0.0,0.0,0.0,0.0,0.0,0.0,0.0,0.0,0.0,0.0,0.0,0.0,0.0,0.0,0.0,0.0,0.0,0.0,0.0,0.0,0.0,0.0,0.0,0.0
11.925175,2.0,9.800465,0.024941886,1.9750581,0.0,0.0,1.9750581,7.825407,1.9501163,2.9251742,0.0,0.0,0.0,2.9251742,0.97505814,1.9501163,0.0,0.024941886,0.97505814,0.0,0.0,0.0,0.0,0.0,0.0,0.0,0.0,0.0,0.0,1.9750581,0.0,0.0,0.0,0.97505814,0.024941886,0.0,0.97505814,0.0,0.0,0.024941886,0.0,0.0,0.0,0.0,0.0,0.0,0.0,2.9251742,0.0,3.9002326,0.024941886,0.0,0.0,0.0,0.0,0.0,1.9501163,0.0,0.024941886,1.9501163,0.0,0.0,0.0,0.0,0.0,0.0,0.0,0.0,0.0,0.0,0.0,0.97505814,0.0,0.0,0.0,0.0,0.0,0.0,0.0,0.0,0.0,0.0,0.0,0.0,0.0,0.0,0.0,0.0,0.0,0.0,0.0,0.0,2.9251742,0.0,0.0,0.0,0.0,0.0,0.0,0.0,0.0,0.0,0.0,0.0,0.0,0.0,0.0,0.0,0.0,0.0,0.0,0.0,0.0,0.0,0.0,0.0,0.0,0.0,0.0,0.0,0.0,0.0,0.0,0.0,0.0,0.0,0.0,0.0,0.0,0.0,0.0,1.9501163,0.0,0.0,1.9501163,0.97505814,0.97505814,0.0,0.0,0.0,0.0,0.97505814,0.0,0.97505814,0.0,0.97505814,0.0,0.0
8.0,0.0,2.0,1.0,0.0,1.0,0.0,0.0,1.0,0.0,0.0,0.0,0.0,0.0,0.0,0.0,0.0,0.0,0.0,0.0,0.0,0.0,0.0,1.0,0.0,0.0,0.0,0.0,0.0,0.0,0.0,0.0,0.0,0.0,0.0,0.0,0.0,0.0,0.0,0.0,0.0,0.0,0.0,0.0,0.0,0.0,0.0,0.0,0.0,0.0,0.0,0.0,0.0,0.0,0.0,0.0,0.0,0.0,0.0,0.0,0.0,0.0,0.0,0.0,0.0,0.0,0.0,0.0,0.0,0.0,0.0,0.0,0.0,0.0,0.0,0.0,0.0,0.0,0.0,0.0,0.0,0.0,0.0,0.0,0.0,0.0,0.0,0.0,0.0,0.0,0.0,0.0,0.0,0.0,0.0,0.0,0.0,0.0,0.0,0.0,0.0,0.0,0.0,0.0,0.0,0.0,0.0,0.0,0.0,0.0,0.0,0.0,0.0,0.0,0.0,0.0,0.0,0.0,0.0,0.0,0.0,0.0,0.0,0.0,0.0,0.0,0.0,0.0,0.0,0.0,0.0,0.0,0.0,0.0,0.0,0.0,0.0,0.0,0.0,0.0,0.0,0.0,0.0,0.0,0.0,0.0,0.0,0.14338438,0.0
10.8,4.3,3.7,1.0,2.2,2.0,3.2,2.2,0.8,0.1,0.3,1.1,0.0,2.0,0.2,0.3,0.4,0.1,0.0,0.2,3.4,0.0,0.2,0.0,2.4,1.0,0.0,0.2,0.0,1.0,0.4,0.2,0.0,0.0,0.1,0.0,0.0,0.2,1.4,0.1,0.0,0.0,0.9,1.0,0.0,0.0,1.0,0.1,0.4,0.2,0.4,0.0,0.0,0.0,1.0,0.0,0.2,0.7,0.1,0.0,0.6,0.0,0.0,0.0,0.0,1.0,0.0,1.0,0.0,1.0,0.0,1.0,0.8,0.0,0.0,0.9,1.0,0.0,0.0,1.0,0.4,0.0,0.0,0.0,0.0,0.0,0.0,0.0,0.0,0.1,0.0,0.0,0.0,0.2,0.0,0.3,0.0,0.6,0.0,0.0,0.0,0.0,0.0,0.0,0.2,0.0,0.0,0.0,0.0,0.0,0.0,0.0,0.0,0.0,0.0,0.0,0.0,0.0,0.0,0.0,0.0,0.0,0.0,0.0,0.2,0.0,0.9,0.0,0.0,0.4,0.0,0.0,0.0,0.0,0.0,0.0,0.0,0.0,0.9,0.2,0.0,0.0,0.0,0.0,0.0,0.2,0.0,0.0,0.0
3.11,0.22,2.11,0.0,0.11,0.0,0.11,0.11,1.22,0.89,0.0,0.0,0.0,0.0,0.0,0.0,0.0,0.0,0.0,0.0,0.11,0.0,0.0,0.0,0.0,0.11,0.0,0.0,0.0,0.11,0.22,0.11,0.0,0.0,0.0,0.0,0.0,0.0,0.0,0.0,0.0,0.0,0.0,0.0,0.0,0.0,0.0,0.0,0.0,0.0,0.0,0.0,0.0,0.0,0.0,0.0,0.0,0.0,0.0,0.0,0.0,0.0,0.0,0.0,0.0,0.0,0.0,0.0,0.0,0.0,0.0,0.0,0.0,0.0,0.0,0.0,0.0,0.0,0.0,0.0,0.22,0.0,0.0,0.0,0.0,0.0,0.0,0.0,0.0,0.0,0.0,0.0,0.0,0.0,0.0,0.0,0.0,0.0,0.0,0.0,0.0,0.0,0.0,0.0,0.11,0.0,0.0,0.0,0.0,0.0,0.0,0.0,0.0,0.0,0.0,0.22,0.0,0.0,0.0,0.0,0.0,0.0,0.0,0.0,0.0,0.0,0.0,0.0,0.0,0.0,0.0,0.0,0.0,0.0,0.0,0.0,0.0,0.0,0.0,0.11,0.0,0.0,0.0,0.0,0.0,0.0,0.0,0.0,0.0
12.22164,2.0260754,9.986962,0.039112903,2.0130377,0.02607527,0.0,2.0130377,7.960887,2.0260754,3.0391128,0.0,0.0,0.02607527,3.0130377,1.0130377,2.0130377,0.02607527,0.013037635,1.0130377,0.0,0.0,0.013037635,0.0,0.0,0.0,0.0,0.013037635,0.013037635,0.0,1.9869623,0.0,0.013037635,0.0,1.0,0.013037635,0.0,1.0,0.0,0.0,0.013037635,0.0,0.0,0.0,0.0,0.0,0.0,0.0,3.0,0.0,3.9739246,0.013037635,0.0,0.0,0.0,0.0,0.0,2.0,0.0,0.013037635,1.9739248,0.0,0.0,0.0,0.0,0.0,0.0,0.0,0.0,0.0,0.0,0.0,1.0,0.0,0.0,0.0,0.0,0.0,0.0,0.0,0.0,0.0,0.0,0.0,0.02607527,0.0,0.0,0.0,0.0,0.0,0.0,0.0,0.0,2.9869623,0.0,0.0,0.0,0.0,0.0,0.0,0.0,0.0,0.0,0.0,0.0,0.0,0.0,0.013037635,0.013037635,0.0,0.0,0.0,0.0,0.0,0.0,0.0,0.013037635,0.0,0.0,0.0,0.0,0.0,0.0,0.0,0.0,0.0,0.0,0.0,0.013037635,0.0,0.0,0.0,1.9739248,0.0,0.0,1.9739248,0.9869624,1.0,0.0,0.0,0.0,0.0,0.9869624,0.0,0.9869624,0.0,0.9869624,0.0,0.0
12.05144,2.0237417,10.003957,0.007913909,2.0,0.007913909,0.015827818,2.0,8.007914,2.0079138,3.0079138,0.0,0.0,0.007913909,3.0,1.0,2.0,0.007913909,0.007913909,1.0,0.015827818,0.0,0.0,0.0,0.0,0.0,0.0,0.0,0.0039569545,0.0,1.992086,0.015827818,0.0039569545,0.015827818,1.0,0.0,0.0,1.0,0.0,0.0,0.0,0.0,0.0,0.0,0.0,0.0,0.0,0.0,2.996043,0.0,3.9920862,0.0,0.0,0.0,0.0,0.0,0.0,1.9960431,0.0,0.0,1.992086,0.0,0.0,0.0,0.0,0.0,0.0039569545,0.0,0.0,0.0,0.0,0.0,0.996043,0.0,0.0,0.0,0.0,0.0,0.0,0.0,0.04748345,0.0,0.0,0.0,0.007913909,0.0,0.0,0.0,0.0,0.0,0.0,0.015827818,0.0,2.996043,0.0,0.0,0.0,0.0,0.0,0.0,0.0,0.0,0.0,0.0,0.0,0.0,0.0,0.0,0.0,0.0,0.0,0.0,0.0,0.0,0.0,0.0,0.0039569545,0.0,0.0,0.0,0.0,0.0,0.015827818,0.0,0.0,0.0,0.0,0.0,0.007913909,0.0,0.0,0.0,1.992086,0.015827818,0.007913909,1.992086,0.996043,1.0,0.0,0.04748345,0.0,0.0,0.996043,0.0,0.996043,0.0,0.996043,0.0,0.0
12.158688,2.013224,9.986776,0.029092725,2.0,0.0,0.0,2.0,7.989421,2.0158687,3.0158687,0.0,0.0,0.0,2.9947104,1.0,1.9973552,0.021158345,0.013223966,1.0,0.0,0.0,0.0026447931,0.0,0.0,0.0,0.0,0.0026447931,0.0,0.0,2.0,0.0,0.0,0.0,0.9973552,0.02380314,0.0,0.9973552,0.0,0.0,0.02380314,0.0,0.0,0.0,0.0,0.0,0.0,0.0,2.9947104,0.0,3.9947104,0.0105791725,0.0,0.0,0.0,0.0,0.0,1.9973552,0.0,0.0105791725,2.0,0.0,0.0,0.0,0.0,0.0,0.0,0.0,0.0,0.0,0.0,0.0,1.0,0.0,0.0,0.0,0.0,0.0,0.0,0.0,0.0,0.0,0.0,0.0,0.0,0.0,0.0,0.0,0.0,0.0,0.0,0.0,0.0,2.9947104,0.0,0.0,0.0,0.0,0.0,0.0,0.0,0.0,0.0,0.0,0.0,0.0,0.0,0.0,0.0,0.0,0.0,0.0,0.0,0.0,0.0,0.0,0.0,0.0,0.0,0.0,0.0,0.0,0.0,0.0,0.0,0.0,0.0,0.0,0.015868759,0.0,0.0,0.0,1.9947104,0.0,0.0,1.9947104,1.0,0.9973552,0.0,0.0,0.0,0.0,0.9973552,0.0,0.9973552,0.0,0.9973552,0.0,0.0
12.72,4.16,5.24,1.08,2.0,2.0,3.08,2.0,2.32,0.0,0.0,1.0,0.08,1.84,0.0,0.0,0.0,0.0,0.08,0.0,3.0,0.0,0.0,0.0,2.0,1.0,0.0,0.0,0.0,1.0,0.24,0.08,0.0,0.08,0.0,0.08,0.0,0.0,1.0,0.0,0.08,0.0,0.92,1.0,0.0,0.08,0.92,0.0,0.0,0.0,0.0,0.08,0.0,0.0,0.92,0.0,0.0,0.0,0.0,0.08,0.24,0.0,0.0,0.0,0.16,0.92,0.0,0.0,0.0,0.0,0.0,0.92,0.0,0.0,0.0,0.92,0.0,0.0,0.0,0.0,2.08,0.08,0.08,0.0,0.0,0.0,0.0,0.0,0.0,0.0,0.0,0.0,0.08,0.0,0.0,1.08,0.0,0.08,0.08,0.0,0.0,0.0,0.0,0.0,0.08,0.0,0.0,0.0,0.0,0.0,0.0,0.0,0.0,0.0,0.0,0.08,0.0,0.0,0.0,0.08,0.0,0.0,0.0,0.0,0.0,0.0,0.92,0.08,0.0,0.0,0.0,0.0,0.0,0.0,0.0,0.0,0.0,0.0,0.0,0.0,0.0,0.0,0.0,0.0,0.0,0.0,0.0,0.0,0.0
8.294,0.784,2.098,0.902,0.098,0.902,0.588,0.098,1.0,0.098,0.294,0.098,0.0,0.0,0.098,0.294,0.196,0.0,0.196,0.0,0.196,0.0,0.0,0.902,0.196,0.098,0.0,0.0,0.0,0.098,0.098,0.0,0.0,0.392,0.0,0.0,0.0,0.0,0.098,0.0,0.0,0.0,0.0,0.098,0.0,0.0,0.0,0.098,0.0,0.098,0.0,0.0,0.0,0.0,0.0,0.0,0.0,0.0,0.0,0.0,0.0,0.0,0.0,0.0,0.392,0.0,0.0,0.0,0.0,0.0,0.0,0.0,0.0,0.0,0.0,0.0,0.0,0.0,0.0,0.0,0.098,0.0,0.0,0.0,0.0,0.0,0.0,0.0,0.0,0.0,0.0,0.392,0.0,0.0,0.0,0.098,0.0,0.0,0.0,0.0,0.0,0.0,0.0,0.0,0.0,0.0,0.0,0.0,0.0,0.0,0.0,0.0,0.0,0.0,0.0,0.098,0.0,0.0,0.0,0.0,0.0,0.0,0.0,0.0,0.0,0.0,0.0,0.098,0.0,0.0,0.0,0.0,0.0,0.0,0.0,0.0,0.0,0.0,0.0,0.0,0.0,0.392,0.0,0.0,0.0,0.0,0.0,0.0,0.0
5.0,2.0,3.0,0.0,1.0,0.0,2.0,1.0,3.0,0.0,0.0,1.0,0.0,0.0,0.0,0.0,0.0,0.0,0.0,0.0,1.0,0.0,0.0,0.0,1.0,1.0,0.0,0.0,0.0,1.0,2.0,1.0,0.0,0.0,0.0,0.0,0.0,0.0,0.0,0.0,0.0,0.0,0.0,0.0,0.0,0.0,0.0,0.0,0.0,0.0,0.0,0.0,0.0,0.0,0.0,0.0,0.0,0.0,0.0,0.0,0.0,0.0,0.0,0.0,0.0,0.0,0.0,0.0,0.0,0.0,0.0,0.0,0.0,0.0,0.0,0.0,0.0,0.0,0.0,0.0,2.0,0.0,0.0,0.0,0.0,0.0,0.0,0.0,0.0,0.0,0.0,0.0,0.0,0.0,0.0,2.0,0.0,0.0,0.0,0.0,0.0,0.0,0.0,0.0,1.0,0.0,0.0,0.0,0.0,0.0,0.0,0.0,0.0,0.0,0.0,2.0,0.0,0.0,0.0,0.0,0.0,0.0,0.0,0.0,0.0,0.0,0.0,0.0,0.0,0.0,0.0,0.0,0.0,0.0,0.0,0.0,0.0,0.0,0.0,1.0,0.0,0.0,0.0,0.0,0.0,1.0,0.0,0.0,0.0
5.5248275,2.112463,3.112463,0.07497534,1.0,0.03748767,2.0749753,1.0,3.0,0.0,0.0,1.0,0.0,0.0,0.0,0.0,0.0,0.0,0.03748767,0.0,1.112463,0.0,0.0,0.0,1.0374876,1.0,0.0,0.0,0.0,1.0,2.0,1.0,0.0,0.07497534,0.0,0.0,0.0,0.0,0.03748767,0.0,0.0,0.0,0.0,0.03748767,0.0,0.0,0.03748767,0.0,0.0,0.0,0.0,0.0,0.0,0.0,0.0,0.0,0.0,0.0,0.0,0.0,0.0,0.0,0.0,0.0,0.07497534,0.03748767,0.0,0.0,0.0,0.0,0.0,0.0,0.0,0.0,0.0,0.0,0.0,0.0,0.0,0.0,2.0,0.0,0.0,0.0,0.0,0.0,0.0,0.0,0.0,0.0,0.0,0.07497534,0.0,0.0,0.0,2.0,0.0,0.0,0.0,0.0,0.0,0.0,0.0,0.0,1.0,0.0,0.0,0.0,0.0,0.0,0.0,0.0,0.0,0.0,0.0,2.0,0.0,0.0,0.0,0.0,0.0,0.0,0.07497534,0.0,0.0,0.0,0.0,0.07497534,0.0,0.0,0.0,0.0,0.0,0.07497534,0.07497534,0.0,0.0,0.0,0.0,1.0,0.0,0.07497534,0.0,0.07497534,0.0,1.0,0.0,0.0,0.0
11.8,4.4,4.8,1.0,2.4,2.0,3.0,2.4,2.6,0.2,0.6,1.0,0.0,2.0,0.4,0.6,0.8,0.2,0.0,0.4,3.0,0.0,0.4,0.0,2.0,1.0,0.0,0.4,0.0,1.0,0.8,0.8,0.0,0.0,0.2,0.0,0.0,0.4,1.0,0.2,0.0,0.0,0.8,1.0,0.0,0.0,1.0,0.2,0.8,0.4,2.4,0.0,0.0,0.0,1.0,0.0,0.4,1.4,0.2,0.0,1.6,0.0,0.0,0.0,0.0,1.0,0.0,1.0,0.0,1.0,0.0,1.0,1.6,0.0,0.0,0.8,1.0,0.0,0.0,1.0,0.0,0.0,0.0,0.0,0.0,0.0,0.0,0.0,0.0,0.2,0.0,0.0,0.0,1.2,0.0,0.0,0.0,2.8,0.0,0.0,0.0,0.0,0.0,0.0,0.4,0.0,0.0,0.0,0.0,0.0,0.0,0.0,0.0,0.0,0.0,0.0,0.0,0.0,0.0,0.0,0.0,0.0,0.0,0.0,0.4,0.0,0.8,0.0,0.0,0.8,0.0,0.0,0.0,0.0,0.0,0.0,0.0,0.0,0.8,0.0,0.0,0.0,0.0,0.0,0.0,0.0,0.0,0.0,0.0
10.7,5.15,3.05,1.1,2.0,2.0,4.2,2.0,0.0,0.0,0.0,1.1,0.1,2.0,0.0,0.0,0.0,0.0,0.05,0.0,4.1,0.1,0.0,0.0,2.1,2.0,0.1,0.0,0.0,2.0,0.0,0.0,0.0,0.0,0.0,0.15,0.0,0.0,1.05,0.0,0.15,0.0,0.95,1.05,0.0,0.0,2.0,0.0,0.0,0.0,0.0,0.15,0.0,0.0,1.05,0.1,0.0,0.0,0.0,0.15,0.0,0.0,0.0,0.0,0.0,1.05,0.0,1.05,0.05,1.05,0.0,1.05,0.0,0.0,0.0,0.95,1.05,0.0,0.0,1.05,0.0,0.0,0.0,0.0,0.0,0.0,0.0,0.0,0.0,0.0,0.0,0.0,0.0,0.0,0.1,0.0,0.0,0.0,0.0,0.0,0.15,0.0,0.0,0.0,0.0,0.0,0.0,0.0,0.0,0.0,0.15,0.0,0.0,0.0,0.0,0.0,0.0,0.0,0.1,0.0,0.0,0.0,0.0,0.1,0.0,0.0,0.95,0.0,0.0,0.0,0.0,0.0,0.0,0.0,0.0,0.0,0.0,0.0,0.95,0.0,0.0,0.0,0.0,0.0,0.0,0.0,0.0,0.0,0.0
10.21,5.06,3.06,1.03,2.0,2.06,4.0,2.0,0.03,0.0,0.0,1.0,0.0,2.0,0.0,0.0,0.0,0.0,0.03,0.0,4.0,0.0,0.0,0.06,2.0,2.0,0.0,0.0,0.0,2.0,0.0,0.0,0.0,0.0,0.0,0.06,0.03,0.0,1.0,0.0,0.06,0.0,1.03,1.0,0.0,0.0,2.0,0.0,0.0,0.0,0.0,0.03,0.0,0.0,1.0,0.0,0.0,0.0,0.0,0.03,0.0,0.0,0.0,0.0,0.06,1.0,0.0,1.0,0.0,1.0,0.0,1.0,0.0,0.0,0.0,0.97,1.0,0.0,0.0,1.0,0.0,0.0,0.06,0.0,0.0,0.0,0.0,0.0,0.0,0.0,0.0,0.0,0.0,0.0,0.0,0.0,0.0,0.0,0.0,0.0,0.0,0.0,0.0,0.0,0.0,0.0,0.0,0.0,0.0,0.0,0.0,0.0,0.0,0.0,0.0,0.0,0.0,0.0,0.0,0.0,0.0,0.0,0.0,0.0,0.0,0.0,0.97,0.0,0.0,0.0,0.0,0.0,0.0,0.0,0.0,0.0,0.0,0.0,0.97,0.0,0.0,0.0,0.0,0.0,0.0,0.0,0.0,0.0,0.0
11.237466,4.0791554,4.0791554,1.0263851,2.0,2.0,3.0527701,2.0,1.1055405,0.0,0.0,1.0,0.026385114,1.9472297,0.0,0.0,0.0,0.0,0.026385114,0.0,3.026385,0.0,0.0,0.0,2.0,1.0263851,0.0,0.0,0.0,1.0263851,0.07915534,0.026385114,0.0,0.026385114,0.0,0.026385114,0.0,0.0,1.0,0.0,0.026385114,0.0,0.9736149,1.0,0.0,0.026385114,0.9736149,0.0,0.0,0.0,0.0,0.026385114,0.0,0.0,0.9736149,0.0,0.0,0.0,0.0,0.026385114,0.07915534,0.0,0.0,0.0,0.052770227,0.9736149,0.0,0.0,0.0,0.0,0.0,0.9736149,0.0,0.0,0.0,0.9736149,0.0,0.0,0.0,0.0,2.0791554,0.026385114,0.026385114,0.0,0.0,0.0,0.0,0.0,0.0,0.0,0.0,0.0,0.026385114,0.0,0.0,1.0263851,0.0,0.026385114,0.026385114,0.0,0.0,0.0,0.0,0.0,0.026385114,0.0,0.0,0.0,0.0,0.0,0.0,0.0,0.0,0.0,0.0,0.07915534,0.0,0.0,0.0,0.026385114,0.0,0.0,0.0,0.0,0.0,0.0,0.9736149,0.026385114,0.0,0.0,0.0,0.0,0.0,0.0,0.0,0.0,0.0,0.0,0.0,0.026385114,0.0,0.0,0.0,0.0,0.0,0.0,0.0,0.0,0.0
10.31806,4.090874,3.0908744,1.0454372,2.0,2.0908744,3.0,2.0,0.04543719,0.0,0.0,1.0,0.0,2.0,0.0,0.0,0.0,0.0,0.04543719,0.0,3.0,0.0,0.0,0.09087438,2.0,1.0,0.0,0.0,0.0,1.0,0.0,0.0,0.0,0.0,0.0,0.09087438,0.04543719,0.0,1.0,0.0,0.09087438,0.0,1.0454372,1.0,0.0,0.0,1.0,0.0,0.0,0.0,0.0,0.04543719,0.0,0.0,1.0,0.0,0.0,0.0,0.0,0.04543719,0.0,0.0,0.0,0.0,0.09087438,1.0,0.0,1.0,0.0,1.0,0.0,1.0,0.0,0.0,0.0,0.9545628,1.0,0.0,0.0,1.0,0.0,0.0,0.09087438,0.0,0.0,0.0,0.0,0.0,0.0,0.0,0.0,0.0,0.0,0.0,0.0,0.0,0.0,0.0,0.0,0.0,0.0,0.0,0.0,0.0,0.0,0.0,0.0,0.0,0.0,0.0,0.0,0.0,0.0,0.0,0.0,0.0,0.0,0.0,0.0,0.0,0.0,0.0,0.0,0.0,0.0,0.0,0.9545628,0.0,0.0,0.0,0.0,0.0,0.0,0.0,0.0,0.0,0.0,0.0,0.9545628,0.0,0.0,0.0,0.0,0.0,0.0,0.0,0.0,0.0,0.0
28.252577,4.912068,9.043966,2.8681018,2.956034,1.9120679,1.0,2.956034,5.131898,3.912068,5.824136,0.0,0.0,1.9120679,3.912068,1.9120679,2.8681018,1.9120679,0.95603395,1.9120679,1.0,0.0,0.95603395,0.0,0.0,1.0,0.0,0.95603395,0.95603395,1.0,1.043966,0.0,0.95603395,0.0,0.95603395,0.95603395,0.0,0.95603395,0.0,0.0,0.95603395,0.0,0.0,0.0,0.0,0.0,0.95603395,0.0,2.956034,0.0,2.087932,0.95603395,0.0,0.0,0.0,0.0,0.0,1.9120679,0.0,0.95603395,0.08793207,0.0,0.0,0.0,0.0,0.0,0.0,0.0,0.0,0.0,0.0,0.0,0.95603395,0.0,0.0,0.0,0.0,0.0,0.0,0.0,0.043966036,0.0,0.0,0.0,1.9120679,0.0,0.0,0.0,0.0,0.0,0.0,0.0,0.0,2.0,0.0,0.0,0.0,0.0,0.0,0.0,0.0,0.0,0.0,0.0,0.0,0.0,0.0,0.95603395,0.95603395,0.0,0.0,0.0,0.0,0.0,0.0,0.043966036,0.95603395,0.0,0.0,0.0,0.0,0.0,0.0,0.0,0.0,0.0,0.0,0.0,0.95603395,0.0,0.0,0.0,0.0,0.0,0.0,0.0,0.0,1.0,0.0,0.0,0.0,0.0,0.0,0.0,0.0,0.0,0.0,0.0,0.0
58.131813,4.5628786,1.4570719,9.397221,0.29141438,0.0,0.0,0.29141438,1.1656575,10.542928,10.688635,0.0,0.0,0.0,0.43712157,0.14570719,0.29141438,10.2515135,4.271464,0.14570719,0.0,0.0,0.0,0.0,0.0,0.0,0.0,0.0,0.0,0.0,0.29141438,0.0,0.0,0.0,0.14570719,4.271464,0.0,0.14570719,0.0,0.0,4.271464,0.0,0.0,0.0,0.0,0.0,0.0,0.0,0.43712157,0.0,0.58282876,0.0,0.0,0.0,0.0,0.0,0.0,0.29141438,0.0,0.0,0.29141438,0.0,0.0,0.0,0.0,0.0,0.0,0.0,0.0,0.0,0.0,0.0,0.14570719,0.0,0.0,0.0,0.0,0.0,0.0,0.0,0.0,0.0,0.0,0.0,0.0,0.0,0.0,0.0,0.0,0.0,0.0,0.0,0.0,0.43712157,0.0,0.0,0.0,0.0,0.0,0.0,0.0,0.0,0.0,0.0,0.0,0.0,0.0,0.0,0.0,0.0,0.0,0.0,0.0,0.0,0.0,0.0,0.0,0.0,0.0,0.0,0.0,0.0,0.0,0.0,0.0,0.0,0.0,0.0,8.542928,0.0,0.0,0.0,0.29141438,0.0,0.0,0.29141438,0.14570719,0.14570719,0.0,0.0,0.0,0.0,0.14570719,0.0,0.14570719,0.0,0.14570719,0.0,0.0
11.380953,4.095238,4.095238,1.0476191,2.0,2.0,3.047619,2.0,1.1428572,0.0,0.0,1.0,0.04761905,1.9047619,0.0,0.0,0.0,0.0,0.04761905,0.0,3.0,0.0,0.0,0.0,2.0,1.0,0.0,0.0,0.0,1.0,0.1904762,0.04761905,0.0,0.04761905,0.0,0.04761905,0.0,0.0,1.0,0.0,0.04761905,0.0,0.95238096,1.0,0.0,0.04761905,0.95238096,0.0,0.0,0.0,0.0,0.04761905,0.0,0.0,0.95238096,0.0,0.0,0.0,0.0,0.04761905,0.0,0.0,0.0,0.0,0.0952381,0.95238096,0.0,0.0,0.0,0.0,0.0,0.95238096,0.0,0.0,0.0,0.95238096,0.0,0.0,0.0,0.0,2.0952382,0.04761905,0.04761905,0.0,0.0,0.0,0.0,0.0,0.0,0.0,0.0,0.0,0.04761905,0.0,0.0,1.0952381,0.0,0.0,0.04761905,0.0,0.0,0.0,0.0,0.0,0.0952381,0.0,0.0,0.0,0.0,0.0,0.0,0.0,0.0,0.0,0.0,0.0952381,0.0,0.0,0.0,0.04761905,0.0,0.0,0.0,0.0,0.0,0.0,0.95238096,0.0952381,0.0,0.0,0.0,0.0,0.0,0.0,0.0,0.0,0.0,0.0,0.0,0.04761905,0.0,0.0,0.0,0.0,0.0,0.04761905,0.0,0.0,0.0
11.5,4.3333335,4.5,1.0,2.3333333,2.0,3.0,2.3333333,2.1666667,0.16666667,0.5,1.0,0.0,2.0,0.33333334,0.5,0.6666667,0.16666667,0.0,0.33333334,3.0,0.0,0.33333334,0.0,2.0,1.0,0.0,0.33333334,0.0,1.0,0.6666667,0.6666667,0.0,0.0,0.16666667,0.0,0.0,0.33333334,1.0,0.16666667,0.0,0.0,0.8333333,1.0,0.0,0.0,1.0,0.16666667,0.6666667,0.33333334,2.0,0.0,0.0,0.0,1.0,0.0,0.33333334,1.1666666,0.16666667,0.0,1.3333334,0.0,0.0,0.0,0.0,1.0,0.0,1.0,0.0,1.0,0.0,1.0,1.3333334,0.0,0.0,0.8333333,1.0,0.0,0.0,1.0,0.0,0.0,0.0,0.0,0.0,0.0,0.0,0.0,0.0,0.16666667,0.0,0.0,0.0,1.0,0.0,0.0,0.0,2.3333333,0.0,0.0,0.0,0.0,0.0,0.0,0.33333334,0.0,0.0,0.0,0.0,0.0,0.0,0.0,0.0,0.0,0.0,0.0,0.0,0.0,0.0,0.0,0.0,0.0,0.0,0.0,0.33333334,0.0,0.8333333,0.0,0.0,0.6666667,0.0,0.0,0.0,0.0,0.0,0.0,0.0,0.0,0.8333333,0.0,0.0,0.0,0.0,0.0,0.0,0.0,0.0,0.0,0.0
10.4,4.15,3.35,1.0,2.1,2.0,3.1,2.1,0.4,0.05,0.15,1.05,0.0,2.0,0.1,0.15,0.2,0.05,0.0,0.1,3.2,0.0,0.1,0.0,2.2,1.0,0.0,0.1,0.0,1.0,0.2,0.1,0.0,0.0,0.05,0.0,0.0,0.1,1.2,0.05,0.0,0.0,0.95,1.0,0.0,0.0,1.0,0.05,0.2,0.1,0.2,0.0,0.0,0.0,1.0,0.0,0.1,0.35,0.05,0.0,0.3,0.0,0.0,0.0,0.0,1.0,0.0,1.0,0.0,1.0,0.0,1.0,0.4,0.0,0.0,0.95,1.0,0.0,0.0,1.0,0.2,0.0,0.0,0.0,0.0,0.0,0.0,0.0,0.0,0.05,0.0,0.0,0.0,0.1,0.0,0.15,0.0,0.3,0.0,0.0,0.0,0.0,0.0,0.0,0.1,0.0,0.0,0.0,0.0,0.0,0.0,0.0,0.0,0.0,0.0,0.0,0.0,0.0,0.0,0.0,0.0,0.0,0.0,0.0,0.1,0.0,0.95,0.0,0.0,0.2,0.0,0.0,0.0,0.0,0.0,0.0,0.0,0.0,0.95,0.1,0.0,0.0,0.0,0.0,0.0,0.1,0.0,0.0,0.0
10.380953,4.047619,3.0952382,1.0476191,2.0,2.0952382,3.0952382,2.0,0.0,0.0952381,0.0,1.0476191,0.0952381,2.0,0.0,0.0,0.0,0.0,0.0,0.0,3.0,0.0952381,0.0,0.0,2.0,1.0,0.04761905,0.0,0.0,1.0,0.0,0.0,0.0,0.0,0.0,0.0,0.0,0.0,1.0,0.04761905,0.0,0.0,0.95238096,1.0,0.0,0.0,1.0,0.0,0.0,0.0,0.0,0.0,0.0,0.04761905,1.0,0.04761905,0.0952381,0.0,0.0,0.0,0.0,0.0,0.0,0.0,0.0,1.0,0.0,1.0,0.04761905,1.0,0.0,1.0,0.0,0.0,0.0,0.95238096,1.0,0.0,0.0,1.0,0.0,0.0,0.0,0.0,0.0,0.0,0.0,0.0,0.0,0.0,0.0,0.0,0.0,0.0,0.04761905,0.0,0.0,0.0,0.0,0.0,0.0,0.0,0.0,0.14285715,0.0,0.0,0.0,0.0,0.0,0.0,0.0,0.0,0.0,0.0,0.0,0.0,0.0,0.0,0.0,0.0,0.0,0.0,0.0,0.0,0.0,0.0,0.95238096,0.0,0.0,0.0,0.0,0.0,0.0,0.0,0.0,0.0,0.0,0.0,0.95238096,0.0,0.0,0.0,0.0,0.0,0.0,0.0,0.0,0.0,0.0
10.619047,4.095238,3.047619,1.0952381,2.0,2.047619,3.1904762,2.0,0.0,0.04761905,0.0,1.0952381,0.1904762,2.0,0.0,0.0,0.0,0.0,0.0,0.0,3.0,0.1904762,0.0,0.0,2.0,1.0,0.0952381,0.0,0.0,1.0,0.0,0.0,0.0,0.0,0.0,0.0,0.0,0.0,1.0,0.0,0.0,0.0,0.95238096,1.0,0.0,0.0,1.0,0.0,0.0,0.0,0.0,0.0,0.0,0.0,1.0,0.0952381,0.0,0.0,0.0,0.0,0.0,0.0,0.0,0.0,0.0,1.0,0.0,1.0,0.0952381,1.0,0.0,1.0,0.0,0.0,0.0,0.95238096,1.0,0.0,0.0,1.0,0.0,0.0952381,0.0,0.0,0.0,0.0,0.0,0.0,0.0,0.0,0.0,0.0,0.0,0.0,0.0952381,0.0,0.0,0.0,0.0,0.0,0.0,0.0,0.0,0.0,0.0,0.0,0.0,0.0,0.0,0.0,0.0,0.0,0.0,0.0,0.0,0.0,0.0,0.0,0.0952381,0.0,0.0,0.0,0.0,0.0,0.0,0.0,0.95238096,0.0,0.0,0.0,0.0,0.0,0.0,0.0,0.0,0.0,0.0,0.0,0.95238096,0.0,0.0,0.0,0.0,0.0,0.0,0.0,0.0,0.0,0.0
13.333333,4.5,5.3333335,1.1666666,2.3333333,2.3333333,3.1666667,2.3333333,2.0,0.16666667,0.5,1.0,0.16666667,2.3333333,0.33333334,0.5,0.6666667,0.16666667,0.0,0.33333334,3.0,0.0,0.33333334,0.0,2.0,1.0,0.0,0.33333334,0.33333334,1.0,0.0,0.0,0.33333334,0.0,0.16666667,0.0,0.0,0.33333334,1.0,0.16666667,0.0,0.33333334,1.0,1.0,0.33333334,0.0,1.0,0.16666667,0.0,0.33333334,0.0,0.0,0.0,0.16666667,1.0,0.0,0.33333334,0.0,0.16666667,0.0,0.0,0.33333334,0.0,0.0,0.0,1.0,0.0,0.0,0.0,0.0,0.16666667,1.0,0.0,0.0,0.16666667,1.0,0.0,0.33333334,0.16666667,0.0,2.0,0.0,0.0,0.16666667,0.16666667,0.0,0.0,0.33333334,0.33333334,0.16666667,0.0,0.0,0.0,0.0,0.0,1.0,0.0,0.0,0.0,0.16666667,0.0,0.16666667,0.0,0.16666667,0.0,0.16666667,0.0,0.33333334,0.33333334,0.16666667,0.0,0.16666667,0.0,0.33333334,0.0,0.0,0.0,0.16666667,0.0,0.0,0.0,0.16666667,0.0,0.0,0.0,0.0,0.8333333,0.0,0.0,0.0,0.0,0.0,0.0,0.0,0.0,0.0,0.0,0.0,0.0,0.0,0.0,0.0,0.0,0.0,0.0,0.0,0.0,0.0,0.0
10.380953,4.0,3.047619,1.0476191,2.0,2.047619,3.0,2.0,0.0,0.0952381,0.04761905,1.0,0.0,2.0,0.0,0.0,0.0,0.0,0.0,0.0,3.0,0.0,0.0,0.0,2.0,1.0,0.0,0.0,0.0,1.0,0.0,0.0,0.0,0.0,0.0,0.0,0.0,0.0,1.0,0.14285715,0.0,0.0,0.95238096,1.0,0.0,0.0,1.0,0.0,0.0,0.0,0.0,0.0,0.0,0.0,1.0,0.0,0.1904762,0.0,0.0,0.0,0.0,0.0,0.0,0.0,0.0,1.0,0.0,1.0,0.0,1.0,0.0,1.0,0.0,0.0,0.0,0.95238096,1.0,0.0,0.0,1.0,0.0,0.0,0.0,0.0,0.0,0.0,0.0,0.0,0.0,0.0,0.0,0.0,0.0,0.0,0.0,0.0,0.0,0.0,0.0,0.0,0.0,0.0,0.0,0.0,0.0,0.0,0.0,0.0,0.0,0.0,0.0,0.0,0.0,0.0,0.0,0.0,0.0,0.0,0.0,0.0,0.0,0.0,0.0,0.0,0.0,0.0,0.95238096,0.0,0.0,0.0,0.0,0.0,0.0,0.0,0.0,0.0,0.0,0.0,0.95238096,0.0,0.0,0.0,0.0,0.0,0.0,0.0,0.0,0.0,0.0
10.333333,4.0,3.047619,1.0476191,2.0,2.047619,3.0,2.0,0.0,0.0952381,0.0,1.0,0.0,2.0,0.0,0.0,0.0,0.0,0.0,0.0,3.0,0.0,0.0,0.0,2.0,1.0,0.0,0.0,0.0,1.0,0.0,0.0,0.0,0.0,0.0,0.0,0.0,0.0,1.0,0.14285715,0.0,0.0,0.95238096,1.0,0.0,0.0,1.0,0.0,0.0,0.0,0.0,0.0,0.0,0.0,1.0,0.0,0.1904762,0.0,0.0,0.0,0.0,0.0,0.0,0.0,0.0,1.0,0.0,1.0,0.0,1.0,0.0,1.0,0.0,0.0,0.0,0.95238096,1.0,0.0,0.0,1.0,0.0,0.0,0.0,0.0,0.0,0.0,0.0,0.0,0.0,0.0,0.0,0.0,0.0,0.0,0.0,0.0,0.0,0.0,0.0,0.0,0.0,0.0,0.0,0.0,0.0,0.0,0.0,0.0,0.0,0.0,0.0,0.0,0.0,0.0,0.0,0.0,0.0,0.0,0.0,0.0,0.0,0.0,0.0,0.0,0.0,0.0,0.95238096,0.0,0.0,0.0,0.0,0.0,0.0,0.0,0.0,0.0,0.0,0.0,0.95238096,0.0,0.0,0.0,0.0,0.0,0.0,0.0,0.0,0.0,0.0
10.390244,4.1463413,3.0,1.0487804,2.097561,2.0,3.0487804,2.0,0.0,0.048780486,0.048780486,1.0,0.048780486,2.0,0.0,0.0,0.0,0.048780486,0.0,0.0,3.0,0.0,0.0,0.0,2.0,1.0,0.0,0.0,0.0,1.0,0.0,0.0,0.0,0.0,0.0,0.0,0.0,0.0,1.0,0.0,0.0,0.0,0.9756098,1.0,0.0,0.0,1.0,0.0,0.0,0.0,0.0,0.0,0.0,0.0,1.0,0.0,0.0,0.0,0.0,0.0,0.0,0.0,0.0,0.0,0.0,1.0,0.0,1.0,0.0,1.0,0.0,1.0,0.0,0.0,0.0,0.9756098,1.0,0.0,0.0,1.0,0.0,0.0,0.0,0.0,0.048780486,0.0,0.0,0.0,0.0,0.0,0.0,0.0,0.0,0.0,0.0,0.0,0.0,0.0,0.0,0.0,0.0,0.0,0.0,0.048780486,0.0,0.0,0.0,0.0,0.0,0.0,0.0,0.0,0.0,0.0,0.0,0.0,0.0,0.0,0.0,0.0,0.0,0.0,0.0,0.0,0.0,0.0,0.9756098,0.0,0.0,0.0,0.0,0.0,0.0,0.0,0.0,0.0,0.0,0.0,0.9756098,0.0,0.0,0.0,0.0,0.0,0.0,0.0,0.0,0.0,0.0
10.727273,4.181818,3.1818182,1.0909091,2.1818182,2.1818182,3.0,2.1818182,0.0,0.09090909,0.27272728,1.0,0.0,2.1818182,0.18181819,0.27272728,0.36363637,0.09090909,0.0,0.18181819,3.0,0.0,0.18181819,0.0,2.0,1.0,0.0,0.18181819,0.18181819,1.0,0.0,0.0,0.18181819,0.0,0.09090909,0.0,0.0,0.18181819,1.0,0.09090909,0.0,0.18181819,1.0,1.0,0.18181819,0.0,1.0,0.09090909,0.0,0.18181819,0.0,0.0,0.0,0.09090909,1.0,0.0,0.18181819,0.0,0.09090909,0.0,0.0,0.18181819,0.0,0.0,0.0,1.0,0.0,1.0,0.0,1.0,0.09090909,1.0,0.0,0.0,0.09090909,1.0,1.0,0.18181819,0.09090909,1.0,0.0,0.0,0.0,0.09090909,0.0,0.0,0.0,0.18181819,0.18181819,0.09090909,0.0,0.0,0.0,0.0,0.0,0.0,0.0,0.0,0.0,0.09090909,0.0,0.09090909,0.0,0.0,0.0,0.09090909,0.0,0.0,0.0,0.09090909,0.0,0.09090909,0.0,0.18181819,0.0,0.0,0.0,0.09090909,0.0,0.0,0.0,0.09090909,0.0,0.0,0.0,0.0,1.0,0.0,0.0,0.0,0.0,0.0,0.0,0.0,0.0,0.0,0.0,0.0,1.0,0.0,0.0,0.0,0.0,0.0,0.0,0.0,0.0,0.0,0.0
11.043478,4.2608695,3.2608695,1.1304348,2.2608695,2.2608695,3.0,2.2608695,0.0,0.13043478,0.39130434,1.0,0.0,2.2608695,0.26086956,0.39130434,0.5217391,0.13043478,0.0,0.26086956,3.0,0.0,0.26086956,0.0,2.0,1.0,0.0,0.26086956,0.26086956,1.0,0.0,0.0,0.26086956,0.0,0.13043478,0.0,0.0,0.26086956,1.0,0.13043478,0.0,0.26086956,1.0,1.0,0.26086956,0.0,1.0,0.13043478,0.0,0.26086956,0.0,0.0,0.0,0.13043478,1.0,0.0,0.26086956,0.0,0.13043478,0.0,0.0,0.26086956,0.0,0.0,0.0,1.0,0.0,1.0,0.0,1.0,0.13043478,1.0,0.0,0.0,0.13043478,1.0,1.0,0.26086956,0.13043478,1.0,0.0,0.0,0.0,0.13043478,0.0,0.0,0.0,0.26086956,0.26086956,0.13043478,0.0,0.0,0.0,0.0,0.0,0.0,0.0,0.0,0.0,0.13043478,0.0,0.13043478,0.0,0.0,0.0,0.13043478,0.0,0.0,0.0,0.13043478,0.0,0.13043478,0.0,0.26086956,0.0,0.0,0.0,0.13043478,0.0,0.0,0.0,0.13043478,0.0,0.0,0.0,0.0,1.0,0.0,0.0,0.0,0.0,0.0,0.0,0.0,0.0,0.0,0.0,0.0,1.0,0.0,0.0,0.0,0.0,0.0,0.0,0.0,0.0,0.0,0.0
11.333333,4.3333335,3.3333333,1.1666666,2.3333333,2.3333333,3.0,2.3333333,0.0,0.16666667,0.5,1.0,0.0,2.3333333,0.33333334,0.5,0.6666667,0.16666667,0.0,0.33333334,3.0,0.0,0.33333334,0.0,2.0,1.0,0.0,0.33333334,0.33333334,1.0,0.0,0.0,0.33333334,0.0,0.16666667,0.0,0.0,0.33333334,1.0,0.16666667,0.0,0.33333334,1.0,1.0,0.33333334,0.0,1.0,0.16666667,0.0,0.33333334,0.0,0.0,0.0,0.16666667,1.0,0.0,0.33333334,0.0,0.16666667,0.0,0.0,0.33333334,0.0,0.0,0.0,1.0,0.0,1.0,0.0,1.0,0.16666667,1.0,0.0,0.0,0.16666667,1.0,1.0,0.33333334,0.16666667,1.0,0.0,0.0,0.0,0.16666667,0.0,0.0,0.0,0.33333334,0.33333334,0.16666667,0.0,0.0,0.0,0.0,0.0,0.0,0.0,0.0,0.0,0.16666667,0.0,0.16666667,0.0,0.0,0.0,0.16666667,0.0,0.0,0.0,0.16666667,0.0,0.16666667,0.0,0.33333334,0.0,0.0,0.0,0.16666667,0.0,0.0,0.0,0.16666667,0.0,0.0,0.0,0.0,1.0,0.0,0.0,0.0,0.0,0.0,0.0,0.0,0.0,0.0,0.0,0.0,1.0,0.0,0.0,0.0,0.0,0.0,0.0,0.0,0.0,0.0,0.0
10.380953,4.0,3.047619,1.0476191,2.0,2.047619,3.0,2.0,0.0,0.0952381,0.04761905,1.0,0.0,2.0,0.0,0.0,0.0,0.0,0.0,0.0,3.0,0.0,0.0,0.0,2.0,1.0,0.0,0.0,0.0,1.0,0.0,0.0,0.0,0.0,0.0,0.0,0.0,0.0,1.0,0.0,0.0,0.0,1.0,1.0,0.0,0.0,1.0,0.0,0.0,0.0,0.0,0.0,0.0,0.0,1.0,0.0,0.0,0.0,0.0,0.0,0.0,0.0,0.0,0.0,0.0,1.0,0.0,1.0,0.0,1.0,0.0,1.0,0.0,0.0,0.0,0.95238096,1.0,0.0,0.0,1.0,0.0,0.0,0.0,0.0,0.0,0.0,0.0,0.0,0.0,0.0,0.0,0.0,0.0,0.0,0.0,0.0,0.0,0.0,0.0,0.0,0.0,0.0,0.0,0.0,0.0,0.0,0.0,0.0,0.0,0.0,0.0,0.0,0.0,0.0,0.0,0.0,0.0,0.0,0.0,0.0,0.0,0.0,0.0,0.0,0.0,0.0,0.95238096,0.0,0.0,0.0,0.0,0.0,0.0,0.0,0.0,0.0,0.0,0.0,0.95238096,0.0,0.0,0.0,0.0,0.0,0.0,0.0,0.0,0.0,0.0
10.857142,4.285714,3.2857144,1.0952381,2.1904762,2.2857144,3.0952382,2.1904762,0.0,0.0952381,0.1904762,1.0,0.0,2.1904762,0.1904762,0.0952381,0.1904762,0.0,0.0,0.1904762,3.0952382,0.0,0.0,0.0,2.0,1.0,0.0,0.0,0.1904762,1.0,0.0,0.0,0.1904762,0.0,0.0952381,0.0,0.0,0.1904762,1.0,0.0952381,0.0,0.0,1.0952381,1.0,0.0,0.0,1.0,0.0,0.0,0.0,0.0,0.0,0.0,0.0952381,1.0,0.0,0.0952381,0.0,0.0,0.0,0.0,0.1904762,0.0,0.0,0.0,1.0,0.0,1.0476191,0.0,1.0,0.0952381,1.0,0.0,0.0,0.0952381,1.0,1.0,0.1904762,0.0,1.0,0.0,0.0,0.0,0.0,0.0,0.0,0.0,0.0,0.0,0.0,0.0,0.0,0.04761905,0.0,0.0,0.0,0.0,0.0,0.0,0.0952381,0.0,0.0952381,0.0,0.0,0.0,0.0952381,0.0,0.0,0.0,0.0,0.0,0.0952381,0.0,0.0,0.0,0.0,0.0,0.0,0.0,0.0,0.0,0.0,0.0,0.0,0.0,0.0,1.0,0.0,0.0,0.0,0.0,0.0,0.0,0.0,0.0,0.0,0.0,0.0,1.0,0.0,0.0,0.0,0.0,0.0,0.0,0.0,0.0,0.0,0.0
10.857142,4.3333335,3.2380953,1.0952381,2.1904762,2.1904762,3.1904762,2.1904762,0.0,0.0952381,0.1904762,1.0476191,0.0952381,2.1904762,0.1904762,0.0952381,0.1904762,0.0,0.0,0.1904762,3.0952382,0.0952381,0.0,0.0,2.0,1.0,0.0952381,0.0,0.1904762,1.0,0.0,0.0,0.1904762,0.0,0.0952381,0.0,0.0,0.1904762,1.0,0.0,0.0,0.0,1.0,1.0,0.0,0.0,1.0,0.0,0.0,0.0,0.0,0.0,0.0,0.0952381,1.0,0.0952381,0.0,0.0,0.0,0.0,0.0,0.1904762,0.0,0.0,0.0,1.0,0.0,1.0476191,0.04761905,1.0,0.0,1.0,0.0,0.0,0.0,1.0,1.0,0.1904762,0.0,1.0,0.0,0.0,0.0,0.0,0.0,0.0,0.0,0.0,0.0,0.0,0.0,0.0,0.0,0.0,0.0952381,0.0,0.0,0.0,0.0,0.0,0.0,0.0,0.0,0.0952381,0.0,0.0,0.0,0.0,0.0,0.0,0.0,0.0,0.0,0.0,0.0,0.0,0.0,0.0,0.0952381,0.0,0.0,0.0,0.0,0.0,0.0,0.0,1.0,0.0,0.0,0.0,0.0,0.0,0.0,0.0,0.0,0.0,0.0,0.0,1.0,0.0,0.0,0.0,0.0,0.0,0.0,0.0,0.0,0.0,0.0
10.727273,4.0,3.1818182,1.0909091,2.0,2.1818182,3.0,2.0,0.0,0.0,0.0,1.0,0.0,2.0,0.0,0.0,0.0,0.0,0.0,0.0,3.0,0.0,0.0,0.0,2.0,1.0,0.0,0.0,0.0,1.0,0.0,0.0,0.0,0.0,0.0,0.0,0.0,0.0,1.0,0.0,0.0,0.0,1.0909091,1.0,0.0,0.0,1.0,0.0,0.0,0.0,0.0,0.0,0.0,0.0,1.0,0.0,0.0,0.0,0.0,0.0,0.0,0.0,0.0,0.0,0.0,1.0,0.0,1.0,0.0,1.0,0.0,1.0,0.0,0.0,0.0,0.90909094,1.0,0.0,0.0,1.0,0.0,0.0,0.0,0.0,0.0,0.0,0.0,0.0,0.0,0.0,0.0,0.0,0.0,0.0,0.0,0.0,0.0,0.0,0.0,0.0,0.0,0.0,0.0,0.0,0.0,0.0,0.0,0.0,0.0,0.0,0.0,0.0,0.0,0.0,0.0,0.0,0.0,0.0,0.0,0.0,0.0,0.0,0.0,0.0,0.0,0.0,0.90909094,0.0,0.0,0.0,0.0,0.0,0.0,0.0,0.0,0.0,0.0,0.0,0.90909094,0.0,0.0,0.0,0.0,0.0,0.0,0.0,0.0,0.0,0.0
11.761905,4.095238,4.1904764,1.0952381,2.0952382,2.1904762,3.0,2.0952382,1.0,0.04761905,0.14285715,1.0,0.0,2.0952382,0.0952381,0.14285715,0.1904762,0.04761905,0.0,0.0952381,3.0,0.0,0.0952381,0.0,2.0,1.0,0.0,0.0952381,0.0952381,1.0,0.0,0.0,0.0952381,0.0,0.04761905,0.0,0.0,0.0952381,1.0,0.0952381,0.0,0.0952381,1.0,1.0,0.0952381,0.0,1.0,0.04761905,0.0,0.0952381,0.0,0.0,0.0,0.04761905,1.0,0.0,0.14285715,0.0,0.04761905,0.0,0.0,0.0952381,0.0,0.0,0.0,1.0,0.0,0.0,0.0,0.0,0.04761905,1.0,0.0,0.0,0.04761905,0.95238096,0.0,0.0952381,0.04761905,0.0,2.0,0.0,0.0,0.04761905,0.0,0.0,0.0,0.0952381,0.0,0.04761905,0.0,0.0,0.0,0.0,0.0,1.0,0.0,0.0,0.0,0.04761905,0.0,0.04761905,0.0,0.0,0.0,0.04761905,0.0,0.0,0.0,0.04761905,0.0,0.04761905,0.0,0.0952381,0.0,0.0,0.0,0.04761905,0.0,0.0,0.0,0.0,0.0,0.0,0.0,0.0,0.95238096,0.0,0.0,0.0,0.0,0.0,0.0,0.0,0.0,0.0,0.0,0.0,0.0,0.0,0.0,0.0,0.0,0.0,0.0,0.0,0.0,0.0,0.0
13.461538,4.4615383,3.6923077,1.4615384,2.0,2.4615386,3.9230769,2.0,0.23076923,0.0,0.0,1.4615384,0.46153846,2.0,0.0,0.0,0.0,0.0,0.0,0.0,3.4615386,0.46153846,0.0,0.46153846,2.4615386,1.0,0.46153846,0.0,0.0,1.0,0.0,0.0,0.0,0.0,0.0,0.0,0.23076923,0.0,1.0,0.0,0.0,0.0,1.0,1.0,0.0,0.0,1.0,0.0,0.0,0.0,0.0,0.0,0.46153846,0.0,1.0,0.46153846,0.0,0.0,0.0,0.0,0.0,0.0,0.0,0.46153846,0.0,1.0,0.0,1.2307693,0.0,1.4615384,0.0,1.0,0.0,0.23076923,0.0,1.0,1.0,0.0,0.0,1.0,0.0,0.0,0.0,0.0,0.0,0.0,0.46153846,0.0,0.0,0.0,0.0,0.0,0.0,0.0,0.0,0.0,0.46153846,0.0,0.0,0.0,0.0,0.0,0.0,0.0,0.0,0.0,0.0,0.0,0.0,0.0,0.0,0.0,0.0,0.0,0.0,0.0,0.0,0.0,0.0,0.0,0.0,0.0,0.0,0.0,0.0,0.0,1.0,0.0,0.0,0.0,0.46153846,0.0,0.0,0.0,0.0,0.0,0.0,0.0,1.0,0.0,0.23076923,0.0,0.0,0.0,0.0,0.0,0.0,0.0,0.0
12.333333,4.5,3.1666667,1.3333334,2.0,2.0,4.0,2.0,0.0,0.0,0.0,1.5,0.6666667,2.0,0.0,0.0,0.0,0.0,0.0,0.0,3.3333333,0.6666667,0.0,0.0,2.3333333,1.0,0.0,0.0,0.0,1.0,0.0,0.0,0.0,0.0,0.0,0.0,0.0,0.0,1.0,0.0,0.0,0.0,1.0,1.0,0.0,0.0,1.0,0.0,0.0,0.0,0.0,0.0,0.0,0.0,1.0,0.0,0.0,0.0,0.0,0.0,0.0,0.0,0.0,0.0,0.0,1.0,0.0,1.1666666,0.16666667,1.3333334,0.0,1.0,0.0,0.0,0.0,1.0,1.0,0.0,0.0,1.0,0.0,0.0,0.0,0.0,0.0,0.0,0.0,0.0,0.0,0.0,0.0,0.0,0.0,0.0,0.0,0.0,0.33333334,0.0,0.0,0.0,0.0,0.0,0.0,0.0,0.0,0.0,0.0,0.0,0.0,0.0,0.0,0.0,0.33333334,0.0,0.0,0.0,0.0,0.0,0.0,0.0,0.0,0.0,0.0,0.0,0.0,0.33333334,1.0,0.0,0.0,0.0,0.33333334,0.33333334,0.0,0.0,0.0,0.0,0.0,0.0,1.0,0.0,0.16666667,0.0,0.0,0.0,0.0,0.0,0.0,0.0,0.0
16.0,3.0,4.0,2.0,1.0,2.0,3.0,0.0,6.0,0.0,0.0,1.0,2.0,0.0,0.0,0.0,0.0,0.0,0.0,0.0,0.0,1.0,0.0,6.0,0.0,1.0,2.0,0.0,0.0,0.0,0.0,4.0,0.0,0.0,0.0,0.0,1.0,0.0,0.0,0.0,0.0,0.0,0.0,0.0,0.0,0.0,0.0,0.0,0.0,0.0,0.0,0.0,6.0,0.0,0.0,1.0,0.0,0.0,0.0,0.0,0.0,0.0,2.0,2.0,0.0,0.0,1.0,0.0,0.0,0.0,0.0,0.0,0.0,1.0,0.0,0.0,0.0,0.0,0.0,0.0,0.0,0.0,0.0,0.0,0.0,2.0,3.0,0.0,0.0,0.0,1.0,0.0,0.0,0.0,0.0,0.0,0.0,0.0,0.0,0.0,0.0,0.0,0.0,0.0,0.0,0.0,0.0,0.0,0.0,0.0,0.0,0.0,0.0,0.0,0.0,0.0,0.0,0.0,0.0,0.0,1.0,0.0,0.0,0.0,0.0,0.0,0.0,0.0,0.0,0.0,0.0,0.0,0.0,0.0,0.0,0.0,0.0,0.0,0.0,0.0,0.0,0.0,0.0,0.0,0.0,0.0,0.0,0.0,0.0
23.0,8.0,2.0,3.0,0.0,0.0,8.0,0.0,0.0,0.0,0.0,3.0,3.0,0.0,0.0,0.0,0.0,0.0,1.0,0.0,4.0,3.0,0.0,0.0,2.0,0.0,0.0,0.0,0.0,0.0,0.0,0.0,0.0,1.0,0.0,1.0,0.0,0.0,0.0,0.0,1.0,0.0,0.0,0.0,0.0,0.0,0.0,0.0,0.0,0.0,0.0,0.0,0.0,0.0,0.0,0.0,0.0,0.0,0.0,0.0,0.0,0.0,0.0,0.0,1.0,0.0,0.0,2.0,0.0,2.0,0.0,0.0,0.0,0.0,0.0,0.0,0.0,0.0,0.0,0.0,0.0,0.0,1.0,0.0,0.0,0.0,0.0,0.0,0.0,0.0,0.0,0.0,0.0,0.0,0.0,0.0,2.0,0.0,0.0,0.0,0.0,0.0,1.0,0.0,0.0,0.0,0.0,0.0,0.0,0.0,0.0,0.0,0.0,0.0,0.0,0.0,0.0,0.0,0.0,0.0,0.0,0.0,1.0,0.0,0.0,0.0,0.0,0.0,0.0,0.0,2.0,0.0,0.0,0.0,0.0,0.0,0.0,0.0,0.0,0.0,0.0,0.0,0.0,1.0,0.0,0.0,0.0,0.0,0.0
24.0,7.0,4.0,3.0,2.0,2.0,9.0,2.0,0.0,0.0,0.0,4.0,4.0,2.0,0.0,0.0,0.0,0.0,0.0,0.0,5.0,4.0,0.0,0.0,4.0,1.0,0.0,0.0,0.0,1.0,0.0,0.0,0.0,0.0,0.0,0.0,0.0,0.0,1.0,0.0,0.0,0.0,1.0,1.0,0.0,0.0,1.0,0.0,0.0,0.0,0.0,0.0,0.0,0.0,1.0,0.0,0.0,0.0,0.0,0.0,0.0,0.0,0.0,0.0,0.0,1.0,0.0,2.0,1.0,3.0,0.0,1.0,0.0,0.0,0.0,1.0,1.0,0.0,0.0,1.0,0.0,0.0,0.0,0.0,0.0,0.0,0.0,0.0,0.0,0.0,0.0,0.0,0.0,0.0,0.0,0.0,2.0,0.0,0.0,0.0,0.0,0.0,0.0,0.0,0.0,0.0,0.0,0.0,0.0,0.0,0.0,0.0,2.0,0.0,0.0,0.0,0.0,0.0,0.0,0.0,0.0,0.0,0.0,0.0,0.0,2.0,1.0,0.0,0.0,0.0,2.0,2.0,0.0,0.0,0.0,0.0,0.0,0.0,1.0,0.0,1.0,0.0,0.0,0.0,0.0,0.0,0.0,0.0,0.0
6.392157,1.0588236,5.0392156,0.05882353,1.0392157,0.039215688,0.0,1.0392157,4.0,1.0196079,1.0392157,0.0,0.0,0.039215688,1.0196079,0.019607844,0.039215688,0.019607844,0.019607844,0.019607844,0.0,0.0,0.0,0.0,0.0,0.0,0.0,0.0,0.019607844,0.0,1.0,0.0,0.019607844,0.0,0.019607844,0.039215688,0.0,0.019607844,0.0,0.019607844,0.039215688,0.0,0.0,0.0,0.0,0.0,0.0,0.0,1.0,0.0,2.0,0.019607844,0.0,0.0,0.0,0.0,0.039215688,0.019607844,0.0,0.019607844,1.0,0.0,0.0,0.0,0.0,0.0,0.0,0.0,0.0,0.0,0.019607844,0.0,0.0,0.0,0.019607844,0.0,0.0,0.0,0.0,0.0,0.0,0.0,0.0,0.0,0.0,0.0,0.0,0.0,0.019607844,0.0,0.0,0.0,0.0,1.0,0.0,0.0,0.0,0.0,0.0,0.0,0.0,0.0,0.0,0.0,0.0,0.0,0.0,0.0,0.0,0.0,0.0,0.0,0.0,0.0,0.0,0.0,0.019607844,0.0,0.0,0.0,0.0,0.0,0.0,0.0,0.0,0.0,0.0,0.0,0.019607844,0.0,0.0,0.0,0.0,0.0,0.0,0.0,1.0,0.0,0.0,0.0,0.0,0.0,0.0,0.0,0.0,0.0,0.0,0.0,0.0
10.952381,4.1904764,3.047619,1.1428572,2.0,2.0,3.3809524,2.0,0.0,0.0,0.0,1.1904762,0.2857143,2.0,0.0,0.0,0.0,0.0,0.0,0.0,3.0952382,0.2857143,0.0,0.0,2.0952382,1.0,0.0,0.0,0.0,1.0,0.0,0.0,0.0,0.0,0.0,0.0,0.0,0.0,1.0,0.0,0.0,0.0,1.0,1.0,0.0,0.0,1.0,0.0,0.0,0.0,0.0,0.0,0.0,0.0,1.0,0.0,0.0,0.0,0.0,0.0,0.0,0.0,0.0,0.0,0.0,1.0,0.0,1.0476191,0.0952381,1.0952381,0.0,1.0,0.0,0.0,0.0,1.0,1.0,0.0,0.0,1.0,0.0,0.0,0.0,0.0,0.0,0.0,0.0,0.0,0.0,0.0,0.0,0.0,0.0,0.0,0.0,0.0,0.0952381,0.0,0.0,0.0,0.0,0.0,0.0,0.0,0.0,0.0,0.0,0.0,0.0,0.0,0.0,0.0,0.14285715,0.0,0.0,0.0,0.0,0.0,0.0,0.0,0.0,0.0,0.0,0.0,0.0,0.14285715,1.0,0.0,0.0,0.0,0.0952381,0.0952381,0.0,0.0,0.0,0.0,0.0,0.0,1.0,0.0,0.04761905,0.0,0.0,0.0,0.0,0.0,0.0,0.0,0.0
10.761905,4.095238,2.952381,1.1428572,2.0,2.0,3.1904762,2.0,0.0,0.0,0.0,1.0952381,0.2857143,2.0,0.0,0.0,0.0,0.0,0.0,0.0,2.9047618,0.23809524,0.0,0.0,1.9523809,1.0,0.0,0.0,0.0,1.0,0.0,0.0,0.0,0.0,0.0,0.0,0.0,0.0,0.95238096,0.0,0.0,0.0,1.0,0.95238096,0.0,0.0,1.0,0.0,0.0,0.0,0.0,0.0,0.0,0.0,1.0,0.0,0.0,0.0,0.0,0.0,0.0,0.0,0.0,0.0,0.0,0.95238096,0.0,0.95238096,0.0952381,0.95238096,0.0,0.95238096,0.0,0.0,0.0,1.0,0.95238096,0.0,0.0,0.95238096,0.0,0.0,0.0,0.0,0.0,0.0,0.0,0.0,0.0,0.0,0.0,0.0,0.0,0.0,0.0,0.0,0.04761905,0.0,0.0,0.0,0.0,0.0,0.0,0.0,0.0,0.0,0.0,0.0,0.0,0.0,0.0,0.0,0.14285715,0.0,0.0,0.0,0.0,0.0,0.0,0.0,0.04761905,0.0,0.0,0.0,0.0,0.0952381,0.95238096,0.0,0.0,0.0,0.0,0.04761905,0.0,0.0,0.0,0.0,0.0,0.0,0.95238096,0.0,0.0,0.0,0.0,0.0,0.0,0.0,0.0,0.0,0.0
6.392157,1.0392157,5.0392156,0.05882353,1.0196079,0.039215688,0.0,1.0196079,4.0,1.0392157,1.0588236,0.0,0.0,0.039215688,1.0392157,0.019607844,0.039215688,0.019607844,0.019607844,0.019607844,0.0,0.0,0.0,0.0,0.0,0.0,0.0,0.0,0.019607844,0.0,0.98039216,0.0,0.019607844,0.0,0.019607844,0.039215688,0.0,0.019607844,0.0,0.019607844,0.039215688,0.0,0.0,0.0,0.0,0.0,0.0,0.0,1.0196079,0.0,2.0,0.019607844,0.0,0.0,0.0,0.0,0.039215688,0.019607844,0.0,0.019607844,0.98039216,0.0,0.0,0.0,0.0,0.0,0.0,0.0,0.0,0.0,0.019607844,0.0,0.0,0.0,0.019607844,0.0,0.0,0.0,0.0,0.0,0.0,0.0,0.0,0.0,0.0,0.0,0.0,0.0,0.019607844,0.0,0.0,0.0,0.0,1.0196079,0.0,0.0,0.0,0.0,0.0,0.0,0.0,0.0,0.0,0.0,0.0,0.0,0.0,0.0,0.0,0.0,0.0,0.0,0.0,0.0,0.0,0.0,0.019607844,0.0,0.0,0.0,0.0,0.0,0.0,0.0,0.0,0.0,0.0,0.0,0.019607844,0.0,0.0,0.0,0.0,0.0,0.0,0.0,0.98039216,0.019607844,0.0,0.0,0.0,0.0,0.0,0.0,0.0,0.0,0.0,0.0,0.0
33.0,4.0,8.0,4.0,1.0,4.0,4.0,1.0,8.0,2.0,6.0,1.0,2.0,0.0,2.0,6.0,4.0,2.0,0.0,0.0,1.0,1.0,4.0,6.0,0.0,1.0,2.0,0.0,2.0,1.0,1.0,4.0,0.0,0.0,0.0,0.0,1.0,0.0,0.0,2.0,0.0,2.0,0.0,0.0,0.0,0.0,0.0,2.0,0.0,2.0,3.0,0.0,6.0,0.0,0.0,1.0,0.0,0.0,0.0,0.0,1.0,0.0,2.0,2.0,0.0,0.0,1.0,0.0,0.0,0.0,2.0,0.0,0.0,1.0,0.0,0.0,0.0,0.0,2.0,0.0,1.0,2.0,0.0,2.0,0.0,2.0,3.0,0.0,0.0,2.0,1.0,0.0,0.0,0.0,0.0,0.0,0.0,3.0,0.0,0.0,0.0,0.0,0.0,0.0,0.0,0.0,0.0,0.0,0.0,2.0,0.0,0.0,0.0,0.0,0.0,1.0,0.0,2.0,0.0,0.0,0.0,0.0,0.0,0.0,0.0,0.0,0.0,0.0,0.0,0.0,0.0,0.0,0.0,0.0,0.0,0.0,0.0,0.0,0.0,0.0,0.0,0.0,0.0,0.0,0.0,0.0,0.0,0.0,0.0
11.285714,4.2380953,3.142857,1.1904762,2.047619,2.0952382,3.3809524,2.0952382,0.04761905,0.0,0.0,1.1904762,0.2857143,2.0952382,0.0,0.0,0.0,0.0,0.0,0.0,3.0952382,0.2857143,0.0,0.0952381,2.0952382,1.0,0.0952381,0.0,0.0,1.0,0.0,0.0,0.0,0.0,0.0,0.0,0.04761905,0.0,1.0,0.0,0.0,0.0,1.0,1.0,0.0,0.0,1.0,0.0,0.0,0.0,0.0,0.0,0.0952381,0.0,1.0,0.0952381,0.0,0.0,0.0,0.0,0.0,0.0,0.0,0.0952381,0.0,1.0,0.0,1.0476191,0.0952381,1.0952381,0.0,1.0,0.0,0.04761905,0.0,1.0,1.0,0.0,0.0,1.0,0.0,0.0,0.0,0.0,0.0,0.0,0.0952381,0.0,0.0,0.0,0.0,0.0,0.0,0.0,0.0952381,0.0,0.0952381,0.0,0.0,0.0,0.0,0.0,0.0,0.0,0.0,0.0,0.0,0.0,0.0,0.0,0.0,0.0,0.0952381,0.0,0.0,0.0,0.0,0.0,0.0952381,0.0,0.0,0.0,0.0,0.0,0.0,0.0952381,1.0,0.0,0.0,0.0,0.0952381,0.0952381,0.0,0.0,0.0,0.0,0.0,0.0,1.0,0.0,0.04761905,0.0,0.0,0.0,0.0,0.0,0.0,0.0,0.0
10.46,4.08,3.02,1.08,2.02,2.06,3.06,2.02,0.0,0.0,0.0,1.02,0.08,2.02,0.0,0.0,0.0,0.0,0.02,0.0,2.98,0.04,0.0,0.0,2.0,1.02,0.02,0.0,0.0,1.02,0.0,0.0,0.0,0.02,0.0,0.04,0.0,0.0,0.98,0.0,0.04,0.0,0.98,0.98,0.0,0.02,1.02,0.0,0.0,0.0,0.0,0.02,0.0,0.02,1.02,0.02,0.0,0.0,0.0,0.02,0.0,0.04,0.0,0.0,0.04,0.98,0.0,0.98,0.0,0.98,0.0,0.98,0.0,0.0,0.0,0.98,0.98,0.0,0.0,0.98,0.0,0.02,0.04,0.0,0.0,0.0,0.0,0.0,0.0,0.0,0.0,0.0,0.02,0.0,0.0,0.0,0.04,0.0,0.04,0.0,0.0,0.0,0.0,0.0,0.0,0.0,0.0,0.0,0.0,0.0,0.0,0.0,0.02,0.0,0.0,0.0,0.0,0.0,0.0,0.04,0.04,0.0,0.0,0.02,0.0,0.0,0.98,0.0,0.0,0.0,0.0,0.02,0.0,0.0,0.0,0.0,0.0,0.0,0.98,0.0,0.0,0.0,0.0,0.0,0.0,0.0,0.0,0.0,0.0
6.1,2.6,3.2,0.1,1.0,0.0,2.4,1.0,2.8,0.0,0.0,1.0,0.0,0.0,0.0,0.0,0.0,0.0,0.2,0.0,1.4,0.0,0.0,0.0,1.1,1.0,0.0,0.0,0.0,1.0,1.9,0.9,0.0,0.4,0.0,0.1,0.0,0.0,0.1,0.0,0.1,0.0,0.0,0.1,0.0,0.0,0.0,0.0,0.0,0.0,0.0,0.0,0.0,0.0,0.0,0.0,0.0,0.0,0.0,0.0,0.0,0.0,0.0,0.0,0.4,0.0,0.0,0.1,0.0,0.1,0.0,0.0,0.0,0.0,0.0,0.0,0.1,0.0,0.0,0.1,1.9,0.0,0.2,0.0,0.0,0.0,0.0,0.0,0.0,0.0,0.0,0.4,0.0,0.0,0.0,1.9,0.0,0.0,0.0,0.0,0.0,0.0,0.0,0.0,0.9,0.0,0.0,0.0,0.0,0.0,0.0,0.0,0.0,0.0,0.0,1.9,0.0,0.0,0.0,0.0,0.0,0.0,0.3,0.0,0.0,0.0,0.0,0.1,0.0,0.0,0.0,0.0,0.0,0.3,0.3,0.0,0.0,0.0,0.0,0.9,0.0,0.4,0.0,0.3,0.0,0.9,0.0,0.0,0.0
5.297412,2.1622248,3.054075,0.027037468,1.0,0.0,2.1081498,1.0,2.945925,0.0,0.0,1.0,0.0,0.0,0.0,0.0,0.0,0.0,0.054074936,0.0,1.1081499,0.0,0.0,0.0,1.0270375,1.0,0.0,0.0,0.0,1.0,1.9729625,0.97296256,0.0,0.10814987,0.0,0.027037468,0.0,0.0,0.027037468,0.0,0.027037468,0.0,0.0,0.027037468,0.0,0.0,0.0,0.0,0.0,0.0,0.0,0.0,0.0,0.0,0.0,0.0,0.0,0.0,0.0,0.0,0.0,0.0,0.0,0.0,0.10814987,0.0,0.0,0.027037468,0.0,0.027037468,0.0,0.0,0.0,0.0,0.0,0.0,0.027037468,0.0,0.0,0.027037468,1.9729625,0.0,0.054074936,0.0,0.0,0.0,0.0,0.0,0.0,0.0,0.0,0.10814987,0.0,0.0,0.0,1.9729625,0.0,0.0,0.0,0.0,0.0,0.0,0.0,0.0,0.97296256,0.0,0.0,0.0,0.0,0.0,0.0,0.0,0.0,0.0,0.0,1.9729625,0.0,0.0,0.0,0.0,0.0,0.0,0.0811124,0.0,0.0,0.0,0.0,0.027037468,0.0,0.0,0.0,0.0,0.0,0.0811124,0.0811124,0.0,0.0,0.0,0.0,0.97296256,0.0,0.10814987,0.0,0.0811124,0.0,0.97296256,0.0,0.0,0.0
8.0,0.34700853,2.0,1.0,0.0,1.0,0.0,0.0,1.0,0.0,0.0,0.0,0.0,0.0,0.0,0.0,0.0,0.0,0.0,0.0,0.0,0.0,0.0,1.0,0.0,0.0,0.0,0.0,0.0,0.0,0.0,0.0,0.0,0.0,0.0,0.0,0.0,0.0,0.0,0.0,0.0,0.0,0.0,0.0,0.0,0.0,0.0,0.0,0.0,0.0,0.0,0.0,0.0,0.0,0.0,0.0,0.0,0.0,0.0,0.0,0.0,0.0,0.0,0.0,0.0,0.0,0.0,0.0,0.0,0.0,0.0,0.0,0.0,0.0,0.0,0.0,0.0,0.0,0.0,0.0,0.0,0.0,0.0,0.0,0.0,0.0,0.0,0.0,0.0,0.0,0.0,0.0,0.0,0.0,0.0,0.0,0.0,0.0,0.0,0.0,0.0,0.0,0.0,0.0,0.0,0.0,0.0,0.0,0.0,0.0,0.0,0.0,0.0,0.0,0.0,0.0,0.0,0.0,0.0,0.0,0.0,0.0,0.0,0.0,0.0,0.0,0.0,0.0,0.0,0.0,0.0,0.0,0.0,0.0,0.0,0.0,0.0,0.0,0.0,0.0,0.0,0.0,0.0,0.0,0.0,0.0,0.0,0.0,0.0
9.6,0.8,2.2,1.2,0.2,1.2,0.6,0.2,1.0,0.0,0.0,0.2,0.2,0.0,0.0,0.0,0.0,0.0,0.2,0.0,0.2,0.0,0.0,0.8,0.2,0.2,0.0,0.0,0.0,0.2,0.2,0.0,0.0,0.2,0.0,0.2,0.0,0.0,0.0,0.0,0.2,0.0,0.0,0.0,0.0,0.2,0.0,0.0,0.0,0.0,0.0,0.2,0.0,0.0,0.0,0.0,0.0,0.0,0.0,0.2,0.0,0.0,0.0,0.0,0.4,0.0,0.0,0.0,0.0,0.0,0.0,0.0,0.0,0.0,0.0,0.0,0.0,0.0,0.0,0.0,0.2,0.2,0.2,0.0,0.0,0.0,0.0,0.0,0.0,0.0,0.0,0.0,0.2,0.0,0.0,0.2,0.0,0.0,0.2,0.0,0.0,0.0,0.0,0.0,0.0,0.0,0.0,0.0,0.0,0.0,0.0,0.0,0.0,0.0,0.0,0.2,0.0,0.0,0.0,0.2,0.0,0.0,0.0,0.0,0.0,0.0,0.0,0.0,0.0,0.0,0.0,0.0,0.0,0.0,0.0,0.0,0.0,0.0,0.0,0.0,0.0,0.0,0.0,0.0,0.0,0.0,0.0,0.0,0.0
11.108911,2.019802,9.0,0.01980198,2.0,0.01980198,0.00990099,2.0,7.0,2.0,3.0,0.0,0.00990099,0.0,3.0,1.0,2.0,0.0,0.00990099,1.0,0.0,0.0,0.0,0.0,0.0,0.0,0.0,0.0,0.0,0.0,2.009901,0.00990099,0.0,0.00990099,1.0,0.00990099,0.0,1.0,0.0,0.0,0.00990099,0.0,0.0,0.0,0.0,0.00990099,0.0,0.0,3.0,0.0,2.980198,0.00990099,0.0,0.0,0.0,0.0,0.0,2.0,0.0,0.00990099,2.009901,0.0,0.0,0.0,0.01980198,0.0,0.0,0.0,0.0,0.0,0.0,0.0,1.0,0.0,0.0,0.0,0.0,0.0,0.0,0.0,0.0,0.00990099,0.00990099,0.0,0.0,0.0,0.0,0.0,0.0,0.0,0.0,0.0,0.00990099,2.990099,0.0,0.0,0.0,0.00990099,0.00990099,0.0,0.0,0.0,0.0,0.0,0.00990099,0.0,0.0,0.0,0.0,0.0,0.0,0.0,0.0,0.0,0.0,0.0,0.0,0.0,0.0,0.00990099,0.0,0.0,0.0,0.0,0.0,0.0,0.0,0.0,0.0,0.0,0.0,0.0,1.990099,0.0,0.0,2.0,0.990099,0.0,0.0,0.0,0.0,0.0,0.0,0.0,0.990099,0.0,0.0,0.0,0.0
3.216,0.432,2.216,0.0,0.216,0.0,0.216,0.216,1.432,0.784,0.0,0.0,0.0,0.0,0.0,0.0,0.0,0.0,0.0,0.0,0.216,0.0,0.0,0.0,0.0,0.216,0.0,0.0,0.0,0.216,0.432,0.216,0.0,0.0,0.0,0.0,0.0,0.0,0.0,0.0,0.0,0.0,0.0,0.0,0.0,0.0,0.0,0.0,0.0,0.0,0.0,0.0,0.0,0.0,0.0,0.0,0.0,0.0,0.0,0.0,0.0,0.0,0.0,0.0,0.0,0.0,0.0,0.0,0.0,0.0,0.0,0.0,0.0,0.0,0.0,0.0,0.0,0.0,0.0,0.0,0.432,0.0,0.0,0.0,0.0,0.0,0.0,0.0,0.0,0.0,0.0,0.0,0.0,0.0,0.0,0.0,0.0,0.0,0.0,0.0,0.0,0.0,0.0,0.0,0.216,0.0,0.0,0.0,0.0,0.0,0.0,0.0,0.0,0.0,0.0,0.432,0.0,0.0,0.0,0.0,0.0,0.0,0.0,0.0,0.0,0.0,0.0,0.0,0.0,0.0,0.0,0.0,0.0,0.0,0.0,0.0,0.0,0.0,0.0,0.216,0.0,0.0,0.0,0.0,0.0,0.0,0.0,0.0,0.0
10.913043,4.130435,3.1304348,1.1304348,2.1304348,2.1304348,3.0,2.1304348,0.0,0.13043478,0.26086956,1.0,0.0,2.1304348,0.13043478,0.13043478,0.13043478,0.13043478,0.0,0.13043478,3.0,0.0,0.13043478,0.0,2.0,1.0,0.0,0.13043478,0.13043478,1.0,0.0,0.0,0.13043478,0.0,0.0,0.0,0.0,0.0,1.0,0.0,0.0,0.13043478,1.0,1.0,0.13043478,0.0,1.0,0.0,0.0,0.0,0.0,0.0,0.0,0.0,1.0,0.0,0.0,0.0,0.0,0.0,0.0,0.0,0.0,0.0,0.0,1.0,0.0,1.0,0.0,1.0,0.0,1.0,0.0,0.0,0.0,1.0,1.0,0.0,0.0,1.0,0.0,0.0,0.0,0.0,0.13043478,0.0,0.0,0.0,0.0,0.0,0.0,0.0,0.0,0.0,0.0,0.0,0.0,0.0,0.0,0.13043478,0.0,0.0,0.0,0.0,0.0,0.0,0.0,0.13043478,0.13043478,0.0,0.0,0.0,0.0,0.0,0.0,0.0,0.0,0.0,0.0,0.0,0.0,0.0,0.0,0.0,0.0,0.0,0.8695652,0.0,0.0,0.0,0.0,0.0,0.0,0.0,0.0,0.0,0.0,0.0,0.8695652,0.0,0.0,0.0,0.0,0.0,0.0,0.0,0.0,0.0,0.0
8.6088,0.3652799,2.06088,1.06088,0.060879983,1.06088,0.18263996,0.060879983,1.0,0.060879983,0.121759966,0.0,0.060879983,0.0,0.060879983,0.060879983,0.060879983,0.0,0.121759966,0.060879983,0.0,0.0,0.0,0.93912,0.0,0.0,0.0,0.0,0.0,0.0,0.060879983,0.0,0.0,0.18263996,0.0,0.060879983,0.0,0.0,0.0,0.0,0.060879983,0.0,0.0,0.0,0.0,0.060879983,0.0,0.0,0.060879983,0.0,0.0,0.060879983,0.0,0.0,0.0,0.0,0.0,0.060879983,0.0,0.060879983,0.0,0.0,0.0,0.0,0.24351993,0.0,0.0,0.0,0.0,0.0,0.0,0.0,0.060879983,0.0,0.0,0.0,0.0,0.0,0.0,0.0,0.0,0.060879983,0.060879983,0.0,0.0,0.0,0.0,0.0,0.0,0.0,0.0,0.121759966,0.060879983,0.0,0.0,0.0,0.0,0.0,0.060879983,0.0,0.0,0.0,0.0,0.0,0.0,0.0,0.0,0.0,0.0,0.0,0.0,0.0,0.0,0.0,0.0,0.0,0.0,0.0,0.0,0.060879983,0.0,0.0,0.0,0.0,0.0,0.0,0.0,0.0,0.0,0.0,0.0,0.0,0.0,0.0,0.0,0.0,0.0,0.0,0.0,0.0,0.0,0.121759966,0.0,0.0,0.0,0.0,0.0,0.0,0.0
8.6088,0.3652799,2.06088,1.06088,0.060879983,1.06088,0.18263996,0.060879983,1.0,0.060879983,0.121759966,0.0,0.060879983,0.0,0.060879983,0.060879983,0.060879983,0.0,0.121759966,0.060879983,0.0,0.0,0.0,0.93912,0.0,0.0,0.0,0.0,0.0,0.0,0.060879983,0.0,0.0,0.18263996,0.0,0.060879983,0.0,0.0,0.0,0.0,0.060879983,0.0,0.0,0.0,0.0,0.060879983,0.0,0.0,0.060879983,0.0,0.0,0.060879983,0.0,0.0,0.0,0.0,0.0,0.060879983,0.0,0.060879983,0.0,0.0,0.0,0.0,0.24351993,0.0,0.0,0.0,0.0,0.0,0.0,0.0,0.060879983,0.0,0.0,0.0,0.0,0.0,0.0,0.0,0.0,0.060879983,0.060879983,0.0,0.0,0.0,0.0,0.0,0.0,0.0,0.0,0.121759966,0.060879983,0.0,0.0,0.0,0.0,0.0,0.060879983,0.0,0.0,0.0,0.0,0.0,0.0,0.0,0.0,0.0,0.0,0.0,0.0,0.0,0.0,0.0,0.0,0.0,0.0,0.0,0.0,0.060879983,0.0,0.0,0.0,0.0,0.0,0.0,0.0,0.0,0.0,0.0,0.0,0.0,0.0,0.0,0.0,0.0,0.0,0.0,0.0,0.0,0.0,0.121759966,0.0,0.0,0.0,0.0,0.0,0.0,0.0
17.0,3.0,8.0,1.5,1.0,2.0,3.0,1.0,7.5,0.0,0.0,1.0,1.0,1.0,0.0,0.0,0.0,0.0,0.0,0.0,2.0,1.0,0.0,3.0,1.0,0.0,1.0,0.0,0.0,0.0,0.0,2.0,0.0,0.0,0.0,0.0,0.5,0.0,0.0,0.0,0.0,0.0,0.5,0.0,0.0,0.0,0.0,0.0,0.0,0.0,5.0,0.0,3.0,0.0,0.0,1.0,0.0,0.0,0.0,0.0,0.0,0.0,1.0,1.0,0.0,0.0,0.5,0.0,0.0,0.0,0.0,0.0,0.0,0.5,0.0,0.5,0.0,0.0,0.0,0.0,2.0,0.0,0.0,0.0,0.0,1.0,3.0,0.0,0.0,0.0,0.5,0.0,0.0,0.0,0.0,1.0,1.0,3.0,0.0,0.0,0.0,0.0,0.0,0.0,0.0,0.0,0.0,0.0,0.0,0.0,0.0,0.0,0.0,0.0,0.0,0.0,0.0,0.0,0.0,0.0,0.0,0.0,0.0,0.0,0.0,0.0,0.0,0.0,0.0,0.0,0.0,0.0,0.0,0.0,0.0,0.0,0.0,0.0,0.0,0.0,0.0,0.0,0.0,0.0,0.0,0.0,0.0,0.0,0.0
18.8,4.8,9.0,1.6,2.0,2.4,4.0,2.0,8.0,0.0,0.0,1.4,0.6,2.0,0.0,0.0,0.0,0.0,0.2,0.0,3.4,0.4,0.0,0.0,2.4,1.0,0.0,0.0,0.0,1.0,0.0,1.6,0.0,0.2,0.0,0.4,0.0,0.0,1.0,0.0,0.4,0.0,1.0,1.0,0.0,0.2,1.0,0.0,0.0,0.0,8.0,0.2,0.0,0.0,1.0,0.0,0.0,0.0,0.0,0.2,0.0,0.0,0.0,0.0,0.4,1.0,0.0,0.4,0.0,0.6,0.0,1.0,0.0,0.0,0.0,1.0,0.2,0.0,0.0,0.2,3.2,0.2,0.4,0.0,0.0,0.0,0.0,0.0,0.0,0.0,0.0,0.0,0.2,0.0,0.0,1.6,0.4,3.2,0.4,0.0,0.0,0.0,0.0,0.0,0.0,0.0,0.0,0.0,0.0,0.0,0.0,0.0,0.2,0.0,0.0,0.0,0.0,0.0,0.0,0.4,0.0,0.0,0.0,0.2,0.0,0.2,1.0,0.0,0.0,0.0,0.4,0.4,0.0,0.0,0.0,0.0,0.0,0.0,0.2,1.6,0.2,0.0,0.0,0.0,0.0,0.8,0.0,0.0,0.0
11.273973,2.0547945,8.972603,0.054794658,2.0,0.054794658,0.027397329,2.0,6.972603,2.0,3.0,0.0,0.027397329,0.0,3.0,1.0,2.0,0.0,0.027397329,1.0,0.0,0.0,0.0,0.0,0.0,0.0,0.0,0.0,0.0,0.0,2.0547945,0.027397329,0.0,0.027397329,1.0,0.027397329,0.0,1.0,0.0,0.0,0.027397329,0.0,0.0,0.0,0.0,0.027397329,0.0,0.0,3.0273974,0.0,2.9452055,0.027397329,0.0,0.0,0.0,0.0,0.0,2.0273974,0.0,0.027397329,1.9452053,0.0,0.0,0.0,0.054794658,0.0,0.0,0.0,0.0,0.0,0.0,0.0,1.0273973,0.0,0.0,0.0,0.0,0.0,0.0,0.0,0.0,0.027397329,0.027397329,0.0,0.0,0.0,0.0,0.0,0.0,0.0,0.0,0.0,0.027397329,2.9726026,0.0,0.0,0.0,0.0,0.027397329,0.0,0.0,0.0,0.0,0.0,0.054794658,0.0,0.0,0.0,0.0,0.0,0.0,0.0,0.0,0.0,0.0,0.0,0.0,0.0,0.0,0.027397329,0.0,0.0,0.0,0.0,0.0,0.0,0.0,0.0,0.0,0.027397329,0.0,0.0,2.0,0.0,0.0,1.9452053,0.97260267,0.0,0.0,0.0,0.0,0.0,0.0,0.0,0.97260267,0.0,0.0,0.0,0.0
11.142858,4.2380953,3.4285715,1.0952381,2.047619,2.0952382,3.3809524,2.0952382,0.2857143,0.0,0.0,1.1904762,0.1904762,2.0,0.0,0.0,0.0,0.0,0.0,0.0,3.0952382,0.1904762,0.0,0.0,2.0952382,1.0,0.0952381,0.0,0.0,1.0,0.0952381,0.0,0.0,0.0,0.0,0.0,0.0,0.0,1.0,0.0,0.0,0.0,1.0,1.0,0.0,0.0,1.0,0.0,0.0,0.0,0.2857143,0.0,0.0,0.0,1.0,0.0952381,0.0,0.0,0.0,0.0,0.0952381,0.0,0.0,0.0,0.0,1.0,0.0,1.0476191,0.0,1.0952381,0.0,1.0,0.0,0.0,0.0,1.0,1.0,0.0,0.0,1.0,0.0,0.0,0.0,0.0,0.0,0.0,0.0,0.0,0.0,0.0,0.0,0.0,0.0,0.0,0.0,0.0,0.0952381,0.0,0.0,0.0,0.0,0.0,0.0,0.0952381,0.0,0.0,0.0,0.0,0.0,0.0,0.0,0.0,0.0,0.0,0.0,0.0,0.0,0.0,0.0,0.0,0.0,0.0,0.0,0.0,0.2857143,0.0,1.0,0.0,0.0,0.0,0.0952381,0.0,0.0,0.0,0.0,0.0,0.0,0.0,1.0,0.0,0.04761905,0.0,0.0,0.0,0.0,0.0,0.0,0.0,0.0
10.2,4.04,3.06,1.02,2.04,2.02,3.0,2.04,0.02,0.02,0.06,1.0,0.0,2.0,0.04,0.06,0.08,0.02,0.0,0.04,3.0,0.0,0.04,0.02,2.0,1.0,0.0,0.04,0.0,1.0,0.02,0.0,0.0,0.0,0.02,0.0,0.0,0.04,1.0,0.02,0.0,0.0,0.98,1.0,0.0,0.0,1.0,0.02,0.02,0.04,0.0,0.0,0.0,0.0,1.0,0.0,0.04,0.04,0.02,0.0,0.0,0.0,0.0,0.0,0.0,1.0,0.0,1.0,0.0,1.0,0.0,1.0,0.04,0.0,0.0,0.98,1.0,0.0,0.0,1.0,0.0,0.0,0.0,0.0,0.0,0.0,0.0,0.0,0.0,0.02,0.0,0.0,0.0,0.0,0.0,0.0,0.0,0.0,0.0,0.0,0.0,0.0,0.0,0.0,0.0,0.0,0.0,0.0,0.0,0.0,0.0,0.0,0.0,0.0,0.0,0.0,0.0,0.0,0.0,0.0,0.0,0.0,0.0,0.0,0.06,0.0,0.98,0.0,0.0,0.0,0.0,0.0,0.0,0.0,0.0,0.0,0.0,0.0,0.98,0.0,0.0,0.0,0.0,0.0,0.0,0.0,0.0,0.0,0.0
10.333333,4.047619,3.047619,1.0476191,2.047619,2.047619,3.0,2.047619,0.0,0.04761905,0.0952381,1.0,0.0,2.047619,0.04761905,0.04761905,0.04761905,0.04761905,0.0,0.04761905,3.0,0.0,0.04761905,0.0,2.0,1.0,0.0,0.04761905,0.04761905,1.0,0.0,0.0,0.04761905,0.0,0.0,0.0,0.0,0.0,1.0,0.04761905,0.0,0.04761905,0.95238096,1.0,0.04761905,0.0,1.0,0.0,0.0,0.0,0.0,0.0,0.0,0.0,1.0,0.0,0.0952381,0.0,0.0,0.0,0.0,0.0,0.0,0.0,0.0,1.0,0.0,1.0,0.0,1.0,0.0,1.0,0.0,0.0,0.0,0.95238096,1.0,0.0,0.0,1.0,0.0,0.0,0.0,0.0,0.0,0.0,0.0,0.0,0.0,0.0,0.0,0.0,0.0,0.0,0.0,0.0,0.0,0.0,0.0,0.0,0.0,0.0,0.0,0.0,0.0,0.0,0.0,0.0,0.0,0.0,0.0,0.0,0.0,0.0,0.0,0.0,0.0,0.0,0.0,0.0,0.0,0.0,0.0,0.0,0.0,0.0,0.95238096,0.0,0.0,0.0,0.0,0.0,0.0,0.0,0.0,0.0,0.0,0.0,0.95238096,0.0,0.0,0.0,0.0,0.0,0.0,0.0,0.0,0.0,0.0
20.0,2.1386456,16.75219,0.13864559,2.0,0.0,0.0,2.0,14.890836,3.1091647,3.277291,0.0,0.0,0.0,2.722709,1.0,1.8613545,0.0,0.13864559,1.0,0.0,0.0,0.0,0.0,0.0,0.0,0.0,0.0,0.0,0.0,2.0,0.0,0.0,0.0,0.8613544,0.13864559,0.0,0.8613544,0.0,0.0,0.13864559,0.0,0.0,0.0,0.0,0.0,0.0,0.0,2.722709,0.0,11.168126,0.0,0.0,0.0,0.0,0.0,0.0,1.8613545,0.0,0.0,2.0,0.0,0.0,0.0,0.0,0.0,0.0,0.0,0.0,0.0,0.0,0.0,1.0,0.0,0.0,0.0,0.0,0.0,0.0,0.0,0.0,0.0,0.0,0.0,0.0,0.0,0.0,0.0,0.0,0.0,0.0,0.0,0.0,2.722709,0.0,0.0,0.0,0.0,0.0,0.0,0.0,0.0,0.0,0.0,0.0,0.0,0.0,0.0,0.0,0.0,0.0,0.0,0.0,0.0,0.0,0.0,0.0,0.0,0.0,0.0,0.0,0.0,0.0,0.0,0.0,0.0,0.0,0.0,0.0,0.0,0.0,0.0,1.7227088,0.0,0.0,1.7227088,0.0,0.0,0.0,0.0,0.0,0.0,0.8613544,0.0,0.8613544,0.0,0.8613544,0.0,0.0
12.478261,4.9130435,3.9130435,1.2608696,2.652174,2.7826087,3.2608695,2.7826087,0.13043478,0.26086956,0.5217391,1.0,0.0,2.7826087,0.5217391,0.26086956,0.5217391,0.0,0.0,0.5217391,3.2608695,0.0,0.0,0.26086956,2.0,1.0,0.0,0.0,0.5217391,1.0,0.0,0.0,0.5217391,0.0,0.26086956,0.0,0.13043478,0.5217391,1.0,0.26086956,0.0,0.0,1.2608696,1.0,0.0,0.0,1.0,0.0,0.0,0.0,0.0,0.0,0.0,0.26086956,1.0,0.0,0.5217391,0.0,0.0,0.0,0.0,0.5217391,0.0,0.0,0.0,1.0,0.0,1.1304348,0.0,1.0,0.26086956,1.0,0.0,0.0,0.26086956,1.2608696,1.0,0.5217391,0.0,1.0,0.0,0.0,0.0,0.0,0.0,0.0,0.0,0.0,0.26086956,0.0,0.0,0.0,0.0,0.0,0.0,0.0,0.0,0.0,0.0,0.26086956,0.0,0.26086956,0.0,0.0,0.0,0.26086956,0.0,0.0,0.0,0.0,0.0,0.26086956,0.0,0.0,0.0,0.0,0.0,0.0,0.0,0.0,0.0,0.26086956,0.0,0.0,0.0,0.0,1.0,0.0,0.0,0.0,0.0,0.0,0.0,0.0,0.0,0.0,0.0,0.0,1.0,0.0,0.0,0.0,0.0,0.0,0.0,0.0,0.0,0.0,0.0
11.636364,4.6363635,3.4545455,1.1818181,2.3636363,2.3636363,3.3636363,2.3636363,0.0,0.18181819,0.36363637,1.0909091,0.18181819,2.3636363,0.36363637,0.18181819,0.36363637,0.0,0.0,0.36363637,3.1818182,0.18181819,0.0,0.0,2.0,1.0,0.18181819,0.0,0.36363637,1.0,0.0,0.0,0.36363637,0.0,0.18181819,0.0,0.0,0.36363637,1.0,0.0,0.0,0.0,1.0,1.0,0.0,0.0,1.0,0.0,0.0,0.0,0.0,0.0,0.0,0.18181819,1.0,0.18181819,0.0,0.0,0.0,0.0,0.0,0.36363637,0.0,0.0,0.0,1.0,0.0,1.0909091,0.09090909,1.0,0.0,1.0,0.0,0.0,0.0,1.0,1.0,0.36363637,0.0,1.0,0.0,0.0,0.0,0.0,0.0,0.0,0.0,0.0,0.0,0.0,0.0,0.0,0.0,0.0,0.18181819,0.0,0.0,0.0,0.0,0.0,0.0,0.0,0.0,0.18181819,0.0,0.0,0.0,0.0,0.0,0.0,0.0,0.0,0.0,0.0,0.0,0.0,0.0,0.0,0.18181819,0.0,0.0,0.0,0.0,0.0,0.0,0.0,1.0,0.0,0.0,0.0,0.0,0.0,0.0,0.0,0.0,0.0,0.0,0.0,1.0,0.0,0.0,0.0,0.0,0.0,0.0,0.0,0.0,0.0,0.0
11.333333,4.0,3.3333333,1.1666666,2.0,2.3333333,3.0,2.0,0.0,0.0,0.0,1.0,0.0,2.0,0.0,0.0,0.0,0.0,0.0,0.0,3.0,0.0,0.0,0.0,2.0,1.0,0.0,0.0,0.0,1.0,0.0,0.0,0.0,0.0,0.0,0.0,0.0,0.0,1.0,0.0,0.0,0.0,1.1666666,1.0,0.0,0.0,1.0,0.0,0.0,0.0,0.0,0.0,0.0,0.0,1.0,0.0,0.0,0.0,0.0,0.0,0.0,0.0,0.0,0.0,0.0,1.0,0.0,1.0,0.0,1.0,0.0,1.0,0.0,0.0,0.0,0.8333333,1.0,0.0,0.0,1.0,0.0,0.0,0.0,0.0,0.0,0.0,0.0,0.0,0.0,0.0,0.0,0.0,0.0,0.0,0.0,0.0,0.0,0.0,0.0,0.0,0.0,0.0,0.0,0.0,0.0,0.0,0.0,0.0,0.0,0.0,0.0,0.0,0.0,0.0,0.0,0.0,0.0,0.0,0.0,0.0,0.0,0.0,0.0,0.0,0.0,0.0,0.8333333,0.0,0.0,0.0,0.0,0.0,0.0,0.0,0.0,0.0,0.0,0.0,0.8333333,0.0,0.0,0.0,0.0,0.0,0.0,0.0,0.0,0.0,0.0
28.0,6.0,15.0,2.0,2.0,2.0,7.0,2.0,15.0,0.0,0.0,3.0,2.0,0.0,0.0,0.0,0.0,0.0,0.0,0.0,5.0,2.0,0.0,6.0,4.0,1.0,2.0,0.0,0.0,1.0,2.0,4.0,0.0,0.0,0.0,0.0,1.0,0.0,1.0,0.0,0.0,0.0,0.0,1.0,0.0,0.0,0.0,0.0,0.0,0.0,10.0,0.0,6.0,0.0,0.0,2.0,0.0,0.0,0.0,0.0,2.0,0.0,2.0,2.0,0.0,0.0,1.0,0.0,0.0,0.0,0.0,0.0,0.0,1.0,0.0,0.0,0.0,0.0,0.0,0.0,5.0,0.0,0.0,0.0,0.0,2.0,6.0,0.0,0.0,0.0,1.0,0.0,0.0,0.0,0.0,4.0,2.0,6.0,0.0,0.0,0.0,0.0,0.0,0.0,0.0,0.0,0.0,0.0,0.0,0.0,0.0,0.0,0.0,0.0,0.0,1.0,0.0,0.0,0.0,0.0,0.0,0.0,0.0,0.0,0.0,0.0,0.0,1.0,0.0,0.0,0.0,0.0,0.0,0.0,0.0,0.0,0.0,0.0,0.0,0.0,0.0,0.0,0.0,0.0,0.0,0.0,0.0,0.0,0.0
10.16,4.06,3.14,1.0,2.04,2.0,3.04,2.04,0.16,0.02,0.06,1.02,0.0,2.0,0.04,0.06,0.08,0.02,0.0,0.04,3.08,0.0,0.04,0.0,2.08,1.0,0.0,0.04,0.0,1.0,0.08,0.04,0.0,0.0,0.02,0.0,0.0,0.04,1.08,0.02,0.0,0.0,0.98,1.0,0.0,0.0,1.0,0.02,0.08,0.04,0.08,0.0,0.0,0.0,1.0,0.0,0.04,0.14,0.02,0.0,0.12,0.0,0.0,0.0,0.0,1.0,0.0,1.0,0.0,1.0,0.0,1.0,0.16,0.0,0.0,0.98,1.0,0.0,0.0,1.0,0.08,0.0,0.0,0.0,0.0,0.0,0.0,0.0,0.0,0.02,0.0,0.0,0.0,0.04,0.0,0.06,0.0,0.12,0.0,0.0,0.0,0.0,0.0,0.0,0.04,0.0,0.0,0.0,0.0,0.0,0.0,0.0,0.0,0.0,0.0,0.0,0.0,0.0,0.0,0.0,0.0,0.0,0.0,0.0,0.04,0.0,0.98,0.0,0.0,0.08,0.0,0.0,0.0,0.0,0.0,0.0,0.0,0.0,0.98,0.04,0.0,0.0,0.0,0.0,0.0,0.04,0.0,0.0,0.0
19.0,5.0,6.0,2.0,1.0,1.0,4.0,1.0,3.0,0.0,0.0,1.0,0.0,0.0,0.0,0.0,0.0,0.0,1.0,0.0,4.0,0.0,0.0,0.0,2.0,1.0,0.0,0.0,0.0,1.0,2.0,1.0,0.0,2.0,0.0,0.0,0.0,0.0,1.0,0.0,0.0,0.0,0.0,1.0,0.0,0.0,1.0,0.0,0.0,0.0,0.0,0.0,0.0,0.0,0.0,0.0,0.0,0.0,0.0,0.0,0.0,0.0,0.0,0.0,2.0,1.0,0.0,0.0,0.0,0.0,0.0,0.0,0.0,0.0,0.0,0.0,0.0,0.0,0.0,0.0,2.0,0.0,0.0,0.0,0.0,0.0,0.0,0.0,0.0,0.0,0.0,2.0,0.0,0.0,0.0,2.0,0.0,0.0,0.0,0.0,0.0,0.0,0.0,0.0,1.0,0.0,0.0,0.0,0.0,0.0,0.0,0.0,0.0,0.0,0.0,2.0,0.0,0.0,0.0,0.0,0.0,0.0,2.0,0.0,0.0,0.0,0.0,2.0,0.0,0.0,0.0,0.0,0.0,2.0,2.0,0.0,0.0,0.0,0.0,1.0,0.0,2.0,0.0,2.0,0.0,1.0,0.0,0.0,0.0
10.058503,4.0292516,2.912245,1.0292517,1.9414966,1.9414966,2.912245,1.9414966,0.0,0.0,0.0,0.9707483,0.0,1.9414966,0.0,0.0,0.0,0.0,0.05850335,0.0,2.912245,0.0,0.0,0.0,1.9414966,0.9707483,0.0,0.0,0.0,0.9707483,0.0,0.0,0.0,0.0,0.0,0.05850335,0.0,0.0,0.9707483,0.0,0.05850335,0.0,0.9707483,0.9707483,0.0,0.0,0.9707483,0.0,0.0,0.0,0.0,0.0,0.0,0.0,0.9707483,0.0,0.0,0.0,0.0,0.0,0.0,0.0,0.0,0.0,0.087755024,0.9707483,0.0,0.9707483,0.0,0.9707483,0.0,0.9707483,0.0,0.0,0.0,0.9707483,0.9707483,0.0,0.0,0.9707483,0.0,0.0,0.087755024,0.0,0.0,0.0,0.0,0.0,0.0,0.0,0.0,0.0,0.0,0.0,0.0,0.0,0.0,0.0,0.0,0.0,0.0,0.0,0.0,0.0,0.0,0.0,0.0,0.0,0.0,0.0,0.0,0.0,0.0,0.0,0.0,0.0,0.0,0.0,0.0,0.0,0.0,0.0,0.0,0.0,0.0,0.0,0.9707483,0.0,0.0,0.0,0.0,0.0,0.0,0.0,0.0,0.0,0.0,0.0,0.9707483,0.0,0.0,0.0,0.0,0.0,0.0,0.0,0.0,0.0,0.0
10.03,4.03,3.0,1.0,1.97,1.94,3.0,1.97,0.03,0.0,0.0,1.0,0.0,1.94,0.0,0.0,0.0,0.0,0.03,0.0,3.0,0.0,0.0,0.0,2.0,1.0,0.0,0.0,0.0,1.0,0.03,0.0,0.0,0.0,0.0,0.03,0.0,0.0,1.0,0.0,0.03,0.0,0.97,1.0,0.0,0.0,0.97,0.0,0.0,0.0,0.0,0.03,0.0,0.0,0.97,0.0,0.0,0.0,0.0,0.03,0.0,0.0,0.0,0.0,0.06,0.97,0.0,1.0,0.0,1.0,0.0,0.97,0.0,0.0,0.0,0.97,1.0,0.0,0.0,1.0,0.03,0.0,0.03,0.0,0.0,0.0,0.0,0.0,0.0,0.0,0.0,0.0,0.0,0.0,0.0,0.03,0.0,0.0,0.0,0.0,0.0,0.0,0.0,0.0,0.0,0.0,0.0,0.0,0.0,0.0,0.0,0.0,0.0,0.0,0.0,0.03,0.0,0.0,0.0,0.0,0.0,0.0,0.0,0.0,0.0,0.0,0.97,0.03,0.0,0.0,0.0,0.0,0.0,0.0,0.0,0.0,0.0,0.0,0.97,0.0,0.0,0.0,0.0,0.0,0.0,0.0,0.0,0.0,0.0
6.5825243,1.0873786,5.0582523,0.08737864,1.0582525,0.058252428,0.0,1.0582525,4.0,1.0291262,1.0582525,0.0,0.0,0.058252428,1.0291262,0.029126214,0.058252428,0.029126214,0.029126214,0.029126214,0.0,0.0,0.0,0.0,0.0,0.0,0.0,0.0,0.029126214,0.0,1.0,0.0,0.029126214,0.0,0.029126214,0.058252428,0.0,0.029126214,0.0,0.029126214,0.058252428,0.0,0.0,0.0,0.0,0.0,0.0,0.0,1.0,0.0,2.0,0.029126214,0.0,0.0,0.0,0.0,0.058252428,0.029126214,0.0,0.029126214,1.0,0.0,0.0,0.0,0.0,0.0,0.0,0.0,0.0,0.0,0.029126214,0.0,0.0,0.0,0.029126214,0.0,0.0,0.0,0.0,0.0,0.0,0.0,0.0,0.0,0.0,0.0,0.0,0.0,0.029126214,0.0,0.0,0.0,0.0,1.0,0.0,0.0,0.0,0.0,0.0,0.0,0.0,0.0,0.0,0.0,0.0,0.0,0.0,0.0,0.0,0.0,0.0,0.0,0.0,0.0,0.0,0.0,0.029126214,0.0,0.0,0.0,0.0,0.0,0.0,0.0,0.0,0.0,0.0,0.0,0.029126214,0.0,0.0,0.0,0.0,0.0,0.0,0.0,1.0,0.0,0.0,0.0,0.0,0.0,0.0,0.0,0.0,0.0,0.0,0.0,0.0
10.380953,4.047619,3.0952382,1.0476191,2.047619,2.0952382,3.0,2.047619,0.0,0.0952381,0.0952381,1.0,0.0,2.047619,0.04761905,0.04761905,0.04761905,0.04761905,0.0,0.04761905,3.0,0.0,0.04761905,0.0,2.0,1.0,0.0,0.04761905,0.04761905,1.0,0.0,0.0,0.04761905,0.0,0.0,0.0,0.0,0.0,1.0,0.0952381,0.0,0.04761905,0.95238096,1.0,0.04761905,0.0,1.0,0.0,0.0,0.0,0.0,0.0,0.0,0.0,1.0,0.0,0.14285715,0.0,0.0,0.0,0.0,0.0,0.0,0.0,0.0,1.0,0.0,1.0,0.0,1.0,0.04761905,1.0,0.0,0.0,0.04761905,0.95238096,1.0,0.0,0.0,1.0,0.0,0.0,0.0,0.04761905,0.0,0.0,0.0,0.0,0.0,0.0,0.0,0.0,0.0,0.0,0.0,0.0,0.0,0.0,0.0,0.0,0.0,0.0,0.0,0.0,0.0,0.0,0.0,0.0,0.0,0.0,0.0,0.0,0.0,0.0,0.0,0.0,0.0,0.0,0.0,0.0,0.0,0.0,0.0,0.0,0.0,0.0,0.95238096,0.0,0.0,0.0,0.0,0.0,0.0,0.0,0.0,0.0,0.0,0.0,0.95238096,0.0,0.0,0.0,0.0,0.0,0.0,0.0,0.0,0.0,0.0
7.098039,1.1568627,5.0784316,0.1764706,1.0196079,0.11764706,0.078431375,1.0196079,4.0,1.0588236,1.117647,0.0,0.078431375,0.0,1.0392157,0.05882353,0.05882353,0.078431375,0.05882353,0.019607844,0.0,0.0,0.05882353,0.0,0.0,0.0,0.039215688,0.019607844,0.039215688,0.0,1.0196079,0.0,0.0,0.078431375,0.0,0.05882353,0.0,0.0,0.0,0.0,0.05882353,0.039215688,0.0,0.0,0.0,0.078431375,0.0,0.0,1.0,0.0,2.0,0.039215688,0.0,0.0,0.0,0.0,0.0,0.019607844,0.0,0.039215688,1.0196079,0.0,0.0,0.0,0.11764706,0.0,0.0,0.0,0.0,0.0,0.0,0.0,0.019607844,0.0,0.0,0.0,0.0,0.0,0.0,0.0,0.0,0.039215688,0.078431375,0.0,0.0,0.0,0.0,0.0,0.0,0.0,0.0,0.039215688,0.039215688,1.0,0.0,0.0,0.0,0.0,0.078431375,0.0,0.0,0.0,0.0,0.0,0.0,0.0,0.039215688,0.0,0.0,0.0,0.0,0.0,0.0,0.0,0.039215688,0.0,0.0,0.0,0.0,0.039215688,0.0,0.0,0.0,0.0,0.0,0.0,0.0,0.0,0.0,0.0,0.0,0.0,0.0,0.0,0.0,0.0,1.0,0.0,0.0,0.0,0.0,0.039215688,0.0,0.0,0.0,0.0,0.0,0.0,0.0
6.5825243,1.0582525,5.0582523,0.08737864,1.0291262,0.058252428,0.0,1.0291262,4.0,1.0582525,1.0873786,0.0,0.0,0.058252428,1.0582525,0.029126214,0.058252428,0.029126214,0.029126214,0.029126214,0.0,0.0,0.0,0.0,0.0,0.0,0.0,0.0,0.029126214,0.0,0.9708738,0.0,0.029126214,0.0,0.029126214,0.058252428,0.0,0.029126214,0.0,0.029126214,0.058252428,0.0,0.0,0.0,0.0,0.0,0.0,0.0,1.0291262,0.0,2.0,0.029126214,0.0,0.0,0.0,0.0,0.058252428,0.029126214,0.0,0.029126214,0.9708738,0.0,0.0,0.0,0.0,0.0,0.0,0.0,0.0,0.0,0.029126214,0.0,0.0,0.0,0.029126214,0.0,0.0,0.0,0.0,0.0,0.0,0.0,0.0,0.0,0.0,0.0,0.0,0.0,0.029126214,0.0,0.0,0.0,0.0,1.0291262,0.0,0.0,0.0,0.0,0.0,0.0,0.0,0.0,0.0,0.0,0.0,0.0,0.0,0.0,0.0,0.0,0.0,0.0,0.0,0.0,0.0,0.0,0.029126214,0.0,0.0,0.0,0.0,0.0,0.0,0.0,0.0,0.0,0.0,0.0,0.029126214,0.0,0.0,0.0,0.0,0.0,0.0,0.0,0.9708738,0.029126214,0.0,0.0,0.0,0.0,0.0,0.0,0.0,0.0,0.0,0.0,0.0
3.61,0.183,2.183,0.061,0.0,0.122,0.122,0.0,1.0,0.939,0.0,0.0,0.0,0.0,0.0,0.0,0.0,0.0,0.061,0.0,0.122,0.0,0.0,0.061,0.0,0.0,0.0,0.0,0.0,0.0,0.0,0.0,0.0,0.122,0.0,0.0,0.0,0.0,0.0,0.0,0.0,0.0,0.061,0.0,0.0,0.0,0.0,0.0,0.0,0.0,0.0,0.0,0.0,0.0,0.0,0.0,0.0,0.0,0.0,0.0,0.0,0.0,0.0,0.0,0.122,0.0,0.0,0.0,0.0,0.0,0.0,0.0,0.0,0.0,0.0,0.0,0.0,0.0,0.0,0.0,0.0,0.0,0.0,0.0,0.0,0.0,0.0,0.0,0.0,0.0,0.0,0.122,0.0,0.0,0.0,0.0,0.0,0.0,0.0,0.0,0.0,0.0,0.0,0.0,0.0,0.0,0.0,0.0,0.0,0.0,0.0,0.0,0.0,0.0,0.0,0.0,0.0,0.0,0.0,0.0,0.0,0.0,0.122,0.0,0.0,0.0,0.0,0.0,0.0,0.0,0.0,0.0,0.0,0.122,0.122,0.0,0.0,0.0,0.0,0.0,0.0,0.122,0.0,0.122,0.0,0.0,0.0,0.0,0.0
11.232006,2.042183,9.0,0.042182878,2.0,0.042182878,0.021091439,2.0,7.0,2.0,3.0,0.0,0.021091439,0.0,3.0,1.0,2.0,0.0,0.021091439,1.0,0.0,0.0,0.0,0.0,0.0,0.0,0.0,0.0,0.0,0.0,2.0210915,0.021091439,0.0,0.021091439,1.0,0.021091439,0.0,1.0,0.0,0.0,0.021091439,0.0,0.0,0.0,0.0,0.021091439,0.0,0.0,3.0210915,0.0,2.957817,0.021091439,0.0,0.0,0.0,0.0,0.0,2.0210915,0.0,0.021091439,2.0210915,0.0,0.0,0.0,0.042182878,0.0,0.0,0.0,0.0,0.0,0.0,0.0,1.0210915,0.0,0.0,0.0,0.0,0.0,0.0,0.0,0.0,0.021091439,0.021091439,0.0,0.0,0.0,0.0,0.0,0.0,0.0,0.0,0.0,0.021091439,2.9789085,0.0,0.0,0.0,0.021091439,0.021091439,0.0,0.0,0.0,0.0,0.0,0.021091439,0.0,0.0,0.0,0.0,0.0,0.0,0.0,0.0,0.0,0.0,0.0,0.0,0.0,0.0,0.021091439,0.0,0.0,0.0,0.0,0.0,0.0,0.0,0.0,0.0,0.021091439,0.0,0.0,2.0,0.0,0.0,1.9789085,0.97890854,0.0,0.0,0.0,0.0,0.0,0.0,0.0,0.97890854,0.0,0.0,0.0,0.0
8.0,0.0,2.0,1.0,0.0,1.0,0.0,0.0,1.0,0.0,0.0,0.0,0.0,0.0,0.0,0.0,0.0,0.0,0.0,0.0,0.0,0.0,0.0,1.0,0.0,0.0,0.0,0.0,0.0,0.0,0.0,0.0,0.0,0.0,0.0,0.0,0.0,0.0,0.0,0.0,0.0,0.0,0.0,0.0,0.0,0.0,0.0,0.0,0.0,0.0,0.0,0.0,0.0,0.0,0.0,0.0,0.0,0.0,0.0,0.0,0.0,0.0,0.0,0.0,0.0,0.0,0.0,0.0,0.0,0.0,0.0,0.0,0.0,0.0,0.0,0.0,0.0,0.0,0.0,0.0,0.0,0.0,0.0,0.0,0.0,0.0,0.0,0.0,0.0,0.0,0.0,0.0,0.0,0.0,0.0,0.0,0.0,0.0,0.0,0.0,0.0,0.0,0.0,0.0,0.0,0.0,0.0,0.0,0.0,0.0,0.0,0.0,0.0,0.0,0.0,0.0,0.0,0.0,0.0,0.0,0.0,0.0,0.0,0.0,0.0,0.0,0.0,0.0,0.0,0.0,0.0,0.0,0.0,0.0,0.0,0.0,0.0,0.0,0.0,0.0,0.0,0.0,0.0,0.0,0.0,0.0,0.0,0.43821323,0.0
11.385698,4.1285663,4.1285663,1.0428554,2.0,2.0,3.0857108,2.0,1.1714214,0.0,0.0,1.0,0.042855356,1.9142892,0.0,0.0,0.0,0.0,0.042855356,0.0,3.0428553,0.0,0.0,0.0,2.0,1.0428554,0.0,0.0,0.0,1.0428554,0.12856607,0.042855356,0.0,0.042855356,0.0,0.042855356,0.0,0.0,1.0,0.0,0.042855356,0.0,0.9571446,1.0,0.0,0.042855356,0.9571446,0.0,0.0,0.0,0.0,0.042855356,0.0,0.0,0.9571446,0.0,0.0,0.0,0.0,0.042855356,0.12856607,0.0,0.0,0.0,0.08571071,0.9571446,0.0,0.0,0.0,0.0,0.0,0.9571446,0.0,0.0,0.0,0.9571446,0.0,0.0,0.0,0.0,2.128566,0.042855356,0.042855356,0.0,0.0,0.0,0.0,0.0,0.0,0.0,0.0,0.0,0.042855356,0.0,0.0,1.0428554,0.0,0.042855356,0.042855356,0.0,0.0,0.0,0.0,0.0,0.042855356,0.0,0.0,0.0,0.0,0.0,0.0,0.0,0.0,0.0,0.0,0.12856607,0.0,0.0,0.0,0.042855356,0.0,0.0,0.0,0.0,0.0,0.0,0.9571446,0.042855356,0.0,0.0,0.0,0.0,0.0,0.0,0.0,0.0,0.0,0.0,0.0,0.042855356,0.0,0.0,0.0,0.0,0.0,0.0,0.0,0.0,0.0
11.8511,2.0,9.602932,0.049633484,1.9503665,0.0,0.0,1.9503665,7.6525655,1.900733,2.8510995,0.0,0.0,0.0,2.8510995,0.9503665,1.900733,0.0,0.049633484,0.9503665,0.0,0.0,0.0,0.0,0.0,0.0,0.0,0.0,0.0,0.0,1.9503665,0.0,0.0,0.0,0.9503665,0.049633484,0.0,0.9503665,0.0,0.0,0.049633484,0.0,0.0,0.0,0.0,0.0,0.0,0.0,2.8510995,0.0,3.801466,0.049633484,0.0,0.0,0.0,0.0,0.0,1.900733,0.0,0.049633484,1.900733,0.0,0.0,0.0,0.0,0.0,0.0,0.0,0.0,0.0,0.0,0.0,0.9503665,0.0,0.0,0.0,0.0,0.0,0.0,0.0,0.0,0.0,0.0,0.0,0.0,0.0,0.0,0.0,0.0,0.0,0.0,0.0,0.0,2.8510995,0.0,0.0,0.0,0.0,0.0,0.0,0.0,0.0,0.0,0.0,0.0,0.0,0.0,0.0,0.0,0.0,0.0,0.0,0.0,0.0,0.0,0.0,0.0,0.0,0.0,0.0,0.0,0.0,0.0,0.0,0.0,0.0,0.0,0.0,0.0,0.0,0.0,0.0,1.900733,0.0,0.0,1.900733,0.9503665,0.9503665,0.0,0.0,0.0,0.0,0.9503665,0.0,0.9503665,0.0,0.9503665,0.0,0.0
10.05,4.05,3.0,1.0,1.95,1.9,3.0,1.95,0.05,0.0,0.0,1.0,0.0,1.9,0.0,0.0,0.0,0.0,0.05,0.0,3.0,0.0,0.0,0.0,2.0,1.0,0.0,0.0,0.0,1.0,0.05,0.0,0.0,0.0,0.0,0.05,0.0,0.0,1.0,0.0,0.05,0.0,0.95,1.0,0.0,0.0,0.95,0.0,0.0,0.0,0.0,0.05,0.0,0.0,0.95,0.0,0.0,0.0,0.0,0.05,0.0,0.0,0.0,0.0,0.1,0.95,0.0,1.0,0.0,1.0,0.0,0.95,0.0,0.0,0.0,0.95,1.0,0.0,0.0,1.0,0.05,0.0,0.05,0.0,0.0,0.0,0.0,0.0,0.0,0.0,0.0,0.0,0.0,0.0,0.0,0.05,0.0,0.0,0.0,0.0,0.0,0.0,0.0,0.0,0.0,0.0,0.0,0.0,0.0,0.0,0.0,0.0,0.0,0.0,0.0,0.05,0.0,0.0,0.0,0.0,0.0,0.0,0.0,0.0,0.0,0.0,0.95,0.05,0.0,0.0,0.0,0.0,0.0,0.0,0.0,0.0,0.0,0.0,0.95,0.0,0.0,0.0,0.0,0.0,0.0,0.0,0.0,0.0,0.0
12.9,4.2,5.3,1.1,2.0,2.0,3.1,2.0,2.4,0.0,0.0,1.0,0.1,1.8,0.0,0.0,0.0,0.0,0.1,0.0,3.0,0.0,0.0,0.0,2.0,1.0,0.0,0.0,0.0,1.0,0.3,0.1,0.0,0.1,0.0,0.1,0.0,0.0,1.0,0.0,0.1,0.0,0.9,1.0,0.0,0.1,0.9,0.0,0.0,0.0,0.0,0.1,0.0,0.0,0.9,0.0,0.0,0.0,0.0,0.1,0.3,0.0,0.0,0.0,0.2,0.9,0.0,0.0,0.0,0.0,0.0,0.9,0.0,0.0,0.0,0.9,0.0,0.0,0.0,0.0,2.1,0.1,0.1,0.0,0.0,0.0,0.0,0.0,0.0,0.0,0.0,0.0,0.1,0.0,0.0,1.1,0.0,0.1,0.1,0.0,0.0,0.0,0.0,0.0,0.1,0.0,0.0,0.0,0.0,0.0,0.0,0.0,0.0,0.0,0.0,0.1,0.0,0.0,0.0,0.1,0.0,0.0,0.0,0.0,0.0,0.0,0.9,0.1,0.0,0.0,0.0,0.0,0.0,0.0,0.0,0.0,0.0,0.0,0.0,0.0,0.0,0.0,0.0,0.0,0.0,0.0,0.0,0.0,0.0
8.765923,1.8643507,5.6914806,0.3457403,1.6914805,0.6914806,0.17287014,1.6914805,4.0,1.1728702,1.6914805,0.0,0.17287014,0.6914806,1.5186105,0.6914806,1.0372208,0.17287014,0.0,0.5186104,0.0,0.0,0.3457403,0.0,0.0,0.0,0.0,0.3457403,0.5186104,0.0,1.0,0.0,0.5186104,0.0,0.3457403,0.0,0.0,0.5186104,0.0,0.17287014,0.0,0.3457403,0.17287014,0.0,0.3457403,0.0,0.0,0.17287014,1.0,0.3457403,2.0,0.0,0.0,0.17287014,0.0,0.0,0.3457403,0.17287014,0.17287014,0.0,1.0,0.3457403,0.0,0.0,0.0,0.0,0.0,0.0,0.0,0.0,0.17287014,0.0,0.0,0.0,0.17287014,0.17287014,0.0,0.3457403,0.17287014,0.0,0.0,0.0,0.0,0.17287014,0.17287014,0.0,0.0,0.3457403,0.3457403,0.17287014,0.0,0.0,0.0,1.0,0.0,0.0,0.0,0.0,0.0,0.17287014,0.0,0.17287014,0.0,0.17287014,0.0,0.17287014,0.0,0.3457403,0.3457403,0.17287014,0.0,0.17287014,0.0,0.3457403,0.0,0.0,0.17287014,0.17287014,0.0,0.0,0.0,0.17287014,0.0,0.0,0.0,0.0,0.0,0.0,0.0,0.0,0.0,0.0,0.0,0.0,0.0,0.0,1.0,0.0,0.0,0.0,0.0,0.0,0.0,0.0,0.0,0.0,0.0,0.0,0.0
10.333333,4.047619,3.047619,1.0476191,2.0,2.047619,3.0952382,2.0,0.0,0.04761905,0.0,1.0476191,0.0952381,2.0,0.0,0.0,0.0,0.0,0.0,0.0,3.0,0.0952381,0.0,0.0,2.0,1.0,0.04761905,0.0,0.0,1.0,0.0,0.0,0.0,0.0,0.0,0.0,0.0,0.0,1.0,0.04761905,0.0,0.0,0.95238096,1.0,0.0,0.0,1.0,0.0,0.0,0.0,0.0,0.0,0.0,0.0,1.0,0.04761905,0.0952381,0.0,0.0,0.0,0.0,0.0,0.0,0.0,0.0,1.0,0.0,1.0,0.04761905,1.0,0.0,1.0,0.0,0.0,0.0,0.95238096,1.0,0.0,0.0,1.0,0.0,0.0,0.0,0.0,0.0,0.0,0.0,0.0,0.0,0.0,0.0,0.0,0.0,0.0,0.04761905,0.0,0.0,0.0,0.0,0.0,0.0,0.0,0.0,0.0952381,0.0,0.0,0.0,0.0,0.0,0.0,0.0,0.0,0.0,0.0,0.0,0.0,0.0,0.0,0.0,0.0,0.0,0.0,0.0,0.0,0.0,0.0,0.95238096,0.0,0.0,0.0,0.0,0.0,0.0,0.0,0.0,0.0,0.0,0.0,0.95238096,0.0,0.0,0.0,0.0,0.0,0.0,0.0,0.0,0.0,0.0
10.619047,4.095238,3.047619,1.0952381,2.0,2.047619,3.1904762,2.0,0.0,0.04761905,0.0,1.0952381,0.1904762,2.0,0.0,0.0,0.0,0.0,0.0,0.0,3.0,0.1904762,0.0,0.0,2.0,1.0,0.0952381,0.0,0.0,1.0,0.0,0.0,0.0,0.0,0.0,0.0,0.0,0.0,1.0,0.0,0.0,0.0,0.95238096,1.0,0.0,0.0,1.0,0.0,0.0,0.0,0.0,0.0,0.0,0.0,1.0,0.0952381,0.0,0.0,0.0,0.0,0.0,0.0,0.0,0.0,0.0,1.0,0.0,1.0,0.0952381,1.0,0.0,1.0,0.0,0.0,0.0,0.95238096,1.0,0.0,0.0,1.0,0.0,0.0,0.0,0.0,0.0,0.0,0.0,0.0,0.0,0.0,0.0,0.0,0.0,0.0,0.0952381,0.0,0.0,0.0,0.0,0.0,0.0,0.0,0.0,0.0952381,0.0,0.0,0.0,0.0,0.0,0.0,0.0,0.0,0.0,0.0,0.0,0.0,0.0,0.0,0.0952381,0.0,0.0,0.0,0.0,0.0,0.0,0.0,0.95238096,0.0,0.0,0.0,0.0,0.0,0.0,0.0,0.0,0.0,0.0,0.0,0.95238096,0.0,0.0,0.0,0.0,0.0,0.0,0.0,0.0,0.0,0.0
12.043478,4.3913045,4.2608695,1.1304348,2.2608695,2.2608695,3.1304348,2.2608695,1.0,0.13043478,0.39130434,1.0,0.13043478,2.2608695,0.26086956,0.39130434,0.5217391,0.13043478,0.0,0.26086956,3.0,0.0,0.26086956,0.0,2.0,1.0,0.0,0.26086956,0.26086956,1.0,0.0,0.0,0.26086956,0.0,0.13043478,0.0,0.0,0.26086956,1.0,0.13043478,0.0,0.26086956,1.0,1.0,0.26086956,0.0,1.0,0.13043478,0.0,0.26086956,0.0,0.0,0.0,0.13043478,1.0,0.0,0.26086956,0.0,0.13043478,0.0,0.0,0.26086956,0.0,0.0,0.0,1.0,0.0,0.0,0.0,0.0,0.13043478,1.0,0.0,0.0,0.13043478,1.0,0.0,0.26086956,0.13043478,0.0,2.0,0.0,0.0,0.13043478,0.13043478,0.0,0.0,0.26086956,0.26086956,0.13043478,0.0,0.0,0.0,0.0,0.0,1.0,0.0,0.0,0.0,0.13043478,0.0,0.13043478,0.0,0.13043478,0.0,0.13043478,0.0,0.26086956,0.26086956,0.13043478,0.0,0.13043478,0.0,0.26086956,0.0,0.0,0.0,0.13043478,0.0,0.0,0.0,0.13043478,0.0,0.0,0.0,0.0,0.8695652,0.0,0.0,0.0,0.0,0.0,0.0,0.0,0.0,0.0,0.0,0.0,0.0,0.0,0.0,0.0,0.0,0.0,0.0,0.0,0.0,0.0,0.0
10.714286,4.047619,3.142857,1.0952381,2.047619,2.142857,3.0,2.047619,0.0,0.04761905,0.0952381,1.0,0.0,2.047619,0.04761905,0.04761905,0.04761905,0.04761905,0.0,0.04761905,3.0,0.0,0.04761905,0.0,2.0,1.0,0.0,0.04761905,0.04761905,1.0,0.0,0.0,0.04761905,0.0,0.0,0.0,0.0,0.0,1.0,0.04761905,0.0,0.04761905,1.0,1.0,0.04761905,0.0,1.0,0.0,0.0,0.0,0.0,0.0,0.0,0.0,1.0,0.0,0.0952381,0.0,0.0,0.0,0.0,0.0,0.0,0.0,0.0,1.0,0.0,1.0,0.0,1.0,0.0,1.0,0.0,0.0,0.0,0.95238096,1.0,0.0,0.0,1.0,0.0,0.0,0.0,0.0,0.0,0.0,0.0,0.0,0.0,0.0,0.0,0.0,0.0,0.0,0.0,0.0,0.0,0.0,0.0,0.04761905,0.0,0.0,0.0,0.0,0.0,0.0,0.0,0.0,0.0,0.0,0.0,0.0,0.0,0.0,0.0,0.0,0.0,0.0,0.0,0.0,0.0,0.0,0.0,0.0,0.0,0.0,0.95238096,0.0,0.0,0.0,0.0,0.0,0.0,0.0,0.0,0.0,0.0,0.0,0.95238096,0.0,0.0,0.0,0.0,0.0,0.0,0.0,0.0,0.0,0.0
10.380953,4.047619,3.0952382,1.0476191,2.047619,2.0952382,3.0,2.047619,0.0,0.0952381,0.0952381,1.0,0.0,2.047619,0.04761905,0.04761905,0.04761905,0.04761905,0.0,0.04761905,3.0,0.0,0.04761905,0.0,2.0,1.0,0.0,0.04761905,0.04761905,1.0,0.0,0.0,0.04761905,0.0,0.0,0.0,0.0,0.0,1.0,0.04761905,0.0,0.04761905,1.0,1.0,0.04761905,0.0,1.0,0.0,0.0,0.0,0.0,0.0,0.0,0.0,1.0,0.0,0.0952381,0.0,0.0,0.0,0.0,0.0,0.0,0.0,0.0,1.0,0.0,1.0,0.0,1.0,0.0,1.0,0.0,0.0,0.0,0.95238096,1.0,0.0,0.0,1.0,0.0,0.0,0.0,0.0,0.0,0.0,0.0,0.0,0.0,0.0,0.0,0.0,0.0,0.0,0.0,0.0,0.0,0.0,0.0,0.04761905,0.0,0.0,0.0,0.0,0.0,0.0,0.0,0.0,0.0,0.0,0.0,0.0,0.0,0.0,0.0,0.0,0.0,0.0,0.0,0.0,0.0,0.0,0.0,0.0,0.0,0.0,0.95238096,0.0,0.0,0.0,0.0,0.0,0.0,0.0,0.0,0.0,0.0,0.0,0.95238096,0.0,0.0,0.0,0.0,0.0,0.0,0.0,0.0,0.0,0.0
10.333333,4.0,3.047619,1.0476191,2.0,2.047619,3.0,2.0,0.0,0.0952381,0.0,1.0,0.0,2.0,0.0,0.0,0.0,0.0,0.0,0.0,3.0,0.0,0.0,0.0,2.0,1.0,0.0,0.0,0.0,1.0,0.0,0.0,0.0,0.0,0.0,0.0,0.0,0.0,1.0,0.0,0.0,0.0,1.0,1.0,0.0,0.0,1.0,0.0,0.0,0.0,0.0,0.0,0.0,0.0,1.0,0.0,0.0,0.0,0.0,0.0,0.0,0.0,0.0,0.0,0.0,1.0,0.0,1.0,0.0,1.0,0.0,1.0,0.0,0.0,0.0,0.95238096,1.0,0.0,0.0,1.0,0.0,0.0,0.0,0.0,0.0,0.0,0.0,0.0,0.0,0.0,0.0,0.0,0.0,0.0,0.0,0.0,0.0,0.0,0.0,0.0,0.0,0.0,0.0,0.0,0.0,0.0,0.0,0.0,0.0,0.0,0.0,0.0,0.0,0.0,0.0,0.0,0.0,0.0,0.0,0.0,0.0,0.0,0.0,0.0,0.0,0.0,0.95238096,0.0,0.0,0.0,0.0,0.0,0.0,0.0,0.0,0.0,0.0,0.0,0.95238096,0.0,0.0,0.0,0.0,0.0,0.0,0.0,0.0,0.0,0.0
10.761905,4.285714,3.0,1.0952381,2.1904762,2.0,3.0952382,2.0,0.0,0.0952381,0.0952381,1.0,0.0952381,2.0,0.0,0.0,0.0,0.0952381,0.0,0.0,3.0,0.0,0.0,0.0,2.0,1.0,0.0,0.0,0.0,1.0,0.0,0.0,0.0,0.0,0.0,0.0,0.0,0.0,1.0,0.0,0.0,0.0,0.95238096,1.0,0.0,0.0,1.0,0.0,0.0,0.0,0.0,0.0,0.0,0.0,1.0,0.0,0.0,0.0,0.0,0.0,0.0,0.0,0.0,0.0,0.0,1.0,0.0,1.0,0.0,1.0,0.0,1.0,0.0,0.0,0.0,0.95238096,1.0,0.0,0.0,1.0,0.0,0.0,0.0,0.0,0.0952381,0.0,0.0,0.0,0.0,0.0,0.0,0.0,0.0,0.0,0.0,0.0,0.0,0.0,0.0,0.0,0.0,0.0,0.0,0.0952381,0.0,0.0,0.0,0.0,0.0,0.0,0.0,0.0,0.0,0.0,0.0,0.0,0.0,0.0,0.0,0.0,0.0,0.0,0.0,0.0,0.0,0.0,0.95238096,0.0,0.0,0.0,0.0,0.0,0.0,0.0,0.0,0.0,0.0,0.0,0.95238096,0.0,0.0,0.0,0.0,0.0,0.0,0.0,0.0,0.0,0.0
20.546179,2.0,18.273088,0.0,2.0,0.0,0.0,2.0,16.273088,2.382325,3.4369428,0.0,0.0,0.0,3.5461786,1.2184714,2.5461786,0.0,0.0,1.0,0.0,0.0,0.0,0.0,0.0,0.0,0.0,0.0,0.0,0.0,2.0,0.10923571,0.0,0.0,1.4915607,0.0,0.0,1.0,0.0,0.0,0.0,0.0,0.0,0.0,0.0,0.0,0.0,0.0,3.327707,0.0,11.945382,0.0,0.0,0.0,0.0,0.0,0.0,2.327707,0.0,0.0,2.0,0.0,0.0,0.0,0.0,0.0,0.0,0.0,0.0,0.0,0.0,0.0,1.0,0.0,0.0,0.0,0.0,0.0,0.0,0.0,0.0,0.0,0.0,0.0,0.0,0.0,0.0,0.0,0.0,0.0,0.0,0.0,0.0,2.945382,0.0,0.0,0.0,0.10923571,0.0,0.0,0.0,0.0,0.0,0.0,0.0,0.0,0.0,0.0,0.0,0.0,0.0,0.0,0.0,0.0,0.0,0.0,0.0,0.0,0.0,0.0,0.0,0.0,0.0,0.0,0.0,0.0,0.0,0.0,0.0,0.0,0.0,0.0,1.9453821,0.0,0.0,1.9453821,0.0,0.0,0.0,0.0,0.0,0.0,0.9453821,0.0,0.9453821,0.0,0.9453821,0.0,0.0
8.666667,1.6666666,5.6666665,0.33333334,1.5,0.6666667,0.16666667,1.5,4.0,1.3333334,1.8333334,0.0,0.16666667,0.6666667,1.6666666,0.6666667,1.0,0.16666667,0.0,0.5,0.0,0.0,0.33333334,0.0,0.0,0.0,0.0,0.33333334,0.5,0.0,0.8333333,0.0,0.5,0.0,0.33333334,0.0,0.0,0.5,0.0,0.16666667,0.0,0.33333334,0.16666667,0.0,0.33333334,0.0,0.0,0.16666667,1.1666666,0.33333334,2.0,0.0,0.0,0.16666667,0.0,0.0,0.33333334,0.16666667,0.16666667,0.0,0.8333333,0.33333334,0.0,0.0,0.0,0.0,0.0,0.0,0.0,0.0,0.16666667,0.0,0.0,0.0,0.16666667,0.16666667,0.0,0.33333334,0.16666667,0.0,0.0,0.0,0.0,0.16666667,0.16666667,0.0,0.0,0.33333334,0.33333334,0.16666667,0.0,0.0,0.0,1.1666666,0.0,0.0,0.0,0.0,0.0,0.16666667,0.0,0.16666667,0.0,0.16666667,0.0,0.16666667,0.0,0.33333334,0.33333334,0.16666667,0.0,0.16666667,0.0,0.33333334,0.0,0.0,0.16666667,0.16666667,0.0,0.0,0.0,0.16666667,0.0,0.0,0.0,0.0,0.0,0.0,0.0,0.0,0.0,0.0,0.0,0.0,0.0,0.0,0.8333333,0.16666667,0.0,0.0,0.0,0.0,0.0,0.0,0.0,0.0,0.0,0.0,0.0
6.3168316,1.039604,5.019802,0.04950495,1.009901,0.01980198,0.01980198,1.009901,4.0,1.029703,1.039604,0.0,0.01980198,0.0,1.0,0.00990099,0.00990099,0.03960396,0.00990099,0.00990099,0.0,0.0,0.00990099,0.0,0.0,0.0,0.01980198,0.00990099,0.0,0.0,1.009901,0.0,0.0,0.01980198,0.0,0.00990099,0.0,0.0,0.0,0.0,0.00990099,0.0,0.0,0.0,0.0,0.01980198,0.0,0.0,1.0,0.0,2.0,0.0,0.0,0.0,0.0,0.0,0.0,0.00990099,0.0,0.0,1.009901,0.0,0.0,0.0,0.01980198,0.0,0.0,0.0,0.0,0.0,0.0,0.0,0.00990099,0.0,0.0,0.0,0.0,0.0,0.0,0.0,0.0,0.0,0.01980198,0.0,0.0,0.0,0.0,0.0,0.0,0.0,0.0,0.01980198,0.0,1.0,0.0,0.0,0.0,0.0,0.01980198,0.0,0.0,0.0,0.0,0.0,0.0,0.0,0.01980198,0.0,0.0,0.0,0.0,0.0,0.0,0.0,0.01980198,0.0,0.0,0.0,0.0,0.0,0.0,0.0,0.0,0.0,0.0,0.0,0.0,0.0,0.0,0.0,0.0,0.0,0.0,0.0,0.0,0.0,1.0,0.0,0.0,0.0,0.0,0.01980198,0.0,0.0,0.0,0.0,0.0,0.0,0.0
34.0,2.0,7.0,4.0,0.0,6.0,3.0,0.0,0.0,4.0,8.0,1.0,2.0,0.0,4.0,6.0,4.0,2.0,0.0,0.0,0.0,1.0,4.0,0.0,0.0,0.0,2.0,0.0,2.0,0.0,0.0,0.0,0.0,0.0,0.0,0.0,0.0,0.0,0.0,2.0,0.0,2.0,0.0,0.0,0.0,0.0,0.0,2.0,0.0,2.0,0.0,0.0,0.0,0.0,0.0,1.0,0.0,0.0,0.0,0.0,0.0,0.0,0.0,0.0,0.0,0.0,0.0,0.0,0.0,0.0,2.0,0.0,0.0,0.0,0.0,0.0,0.0,0.0,2.0,0.0,0.0,2.0,0.0,2.0,0.0,0.0,0.0,0.0,0.0,2.0,0.0,0.0,0.0,0.0,0.0,0.0,0.0,0.0,0.0,0.0,0.0,0.0,0.0,0.0,0.0,0.0,0.0,0.0,0.0,2.0,0.0,0.0,0.0,0.0,0.0,0.0,0.0,2.0,0.0,0.0,0.0,0.0,0.0,0.0,0.0,0.0,0.0,0.0,0.0,0.0,0.0,0.0,0.0,0.0,0.0,0.0,0.0,0.0,0.0,0.0,0.0,0.0,0.0,0.0,0.0,0.0,0.0,0.0,0.0
21.0,4.0,4.0,3.0,2.0,4.0,3.0,1.0,3.0,1.0,2.0,1.0,2.0,1.0,4.0,1.0,4.0,0.0,0.0,1.0,0.0,1.0,0.0,6.0,0.0,1.0,2.0,0.0,4.0,0.0,0.0,1.0,1.0,0.0,3.0,0.0,3.0,3.0,0.0,0.0,0.0,0.0,0.0,0.0,0.0,0.0,0.0,0.0,0.0,0.0,0.0,0.0,4.0,1.0,0.0,1.0,0.0,0.0,0.0,0.0,0.0,1.0,3.0,4.0,0.0,0.0,0.0,0.0,0.0,0.0,0.0,0.0,0.0,1.0,0.0,0.0,0.0,1.0,0.0,0.0,0.0,0.0,0.0,0.0,0.0,0.0,2.0,0.0,0.0,0.0,0.0,0.0,0.0,0.0,0.0,0.0,0.0,0.0,0.0,0.0,0.0,0.0,0.0,0.0,0.0,0.0,0.0,0.0,0.0,0.0,0.0,0.0,0.0,0.0,0.0,0.0,2.0,0.0,0.0,0.0,1.0,0.0,0.0,0.0,0.0,0.0,0.0,0.0,0.0,0.0,0.0,0.0,0.0,0.0,0.0,0.0,0.0,0.0,0.0,0.0,0.0,0.0,0.0,0.0,0.0,0.0,0.0,0.0,0.0
19.0,3.0,1.0,3.0,0.0,1.0,2.0,0.0,0.0,1.0,1.0,0.0,2.0,0.0,0.0,0.0,0.0,1.0,1.0,0.0,0.0,0.0,0.0,0.0,0.0,0.0,1.0,0.0,0.0,0.0,0.0,0.0,0.0,1.0,0.0,1.0,0.0,0.0,0.0,0.0,1.0,0.0,0.0,0.0,0.0,1.0,0.0,0.0,0.0,0.0,0.0,0.0,0.0,0.0,0.0,0.0,0.0,0.0,0.0,0.0,0.0,0.0,0.0,0.0,1.0,0.0,0.0,0.0,0.0,0.0,0.0,0.0,0.0,0.0,0.0,0.0,0.0,0.0,0.0,0.0,0.0,0.0,1.0,0.0,0.0,0.0,0.0,0.0,0.0,0.0,0.0,0.0,0.0,0.0,0.0,0.0,0.0,0.0,1.0,0.0,0.0,0.0,0.0,0.0,0.0,0.0,0.0,0.0,0.0,0.0,0.0,0.0,0.0,0.0,0.0,0.0,0.0,0.0,0.0,0.0,0.0,0.0,0.0,0.0,0.0,0.0,0.0,0.0,0.0,0.0,0.0,0.0,0.0,0.0,0.0,0.0,0.0,0.0,0.0,0.0,0.0,0.0,0.0,0.0,0.0,0.0,0.0,0.0,0.0
36.0,4.0,19.0,3.0,0.0,3.0,3.0,0.0,20.0,0.0,0.0,0.0,3.0,0.0,0.0,0.0,0.0,0.0,1.0,0.0,0.0,0.0,0.0,7.0,0.0,0.0,2.0,0.0,0.0,0.0,0.0,4.0,0.0,2.0,0.0,0.0,1.0,0.0,0.0,0.0,0.0,0.0,0.0,0.0,0.0,2.0,0.0,0.0,0.0,0.0,12.0,0.0,6.0,0.0,0.0,0.0,0.0,0.0,0.0,0.0,0.0,0.0,2.0,2.0,0.0,0.0,1.0,0.0,0.0,0.0,0.0,0.0,0.0,1.0,0.0,0.0,0.0,0.0,0.0,0.0,0.0,0.0,0.0,0.0,0.0,2.0,0.0,0.0,0.0,0.0,1.0,2.0,0.0,0.0,0.0,0.0,0.0,0.0,0.0,0.0,0.0,0.0,0.0,1.0,0.0,0.0,1.0,0.0,0.0,0.0,0.0,0.0,0.0,0.0,2.0,0.0,0.0,0.0,0.0,0.0,0.0,0.0,0.0,0.0,0.0,0.0,0.0,0.0,0.0,0.0,0.0,0.0,0.0,0.0,0.0,0.0,0.0,0.0,0.0,0.0,0.0,0.0,0.0,0.0,0.0,0.0,0.0,4.0,0.0
18.1432,2.0715997,14.069203,0.21479923,2.0,0.14319949,0.0,2.0,11.140803,3.713601,5.5704017,0.0,0.0,0.14319949,5.5704017,1.8568006,3.713601,0.0,0.071599744,1.8568006,0.0,0.0,0.0,0.0,0.0,0.0,0.0,0.0,0.0,0.0,1.8568006,0.0,0.0,0.0,1.8568006,0.21479923,0.0,1.8568006,0.0,0.0,0.21479923,0.0,0.0,0.0,0.0,0.0,0.0,0.0,5.5704017,0.0,5.5704017,0.21479923,0.0,0.0,0.0,0.0,0.0,3.713601,0.0,0.21479923,1.8568006,0.0,0.0,0.0,0.0,0.0,0.0,0.0,0.0,0.0,0.0,0.0,1.8568006,0.0,0.0,0.0,0.0,0.0,0.0,0.0,0.0,0.0,0.0,0.0,0.0,0.0,0.0,0.0,0.0,0.0,0.0,0.0,0.0,5.5704017,0.0,0.0,0.0,0.0,0.0,0.0,0.21479923,0.0,0.0,0.0,0.0,0.0,0.0,0.0,0.0,0.0,0.21479923,0.0,0.0,0.0,0.0,0.0,0.0,0.0,0.0,0.0,0.0,0.0,0.0,0.0,0.0,0.0,0.0,0.0,0.0,0.0,0.0,0.0,3.713601,0.0,0.0,3.713601,1.8568006,2.7852008,0.0,0.0,0.0,0.0,1.8568006,0.0,1.8568006,0.0,1.8568006,0.0,0.0
11.15,4.2,3.05,1.2,2.05,2.15,3.15,2.05,0.0,0.0,0.0,1.05,0.2,2.05,0.0,0.0,0.0,0.0,0.05,0.0,2.95,0.1,0.0,0.0,2.0,1.05,0.05,0.0,0.0,1.05,0.0,0.0,0.0,0.05,0.0,0.1,0.0,0.0,0.95,0.0,0.1,0.0,0.95,0.95,0.0,0.05,1.05,0.0,0.0,0.0,0.0,0.05,0.0,0.05,1.05,0.05,0.0,0.0,0.0,0.05,0.0,0.1,0.0,0.0,0.1,0.95,0.0,0.95,0.0,0.95,0.0,0.95,0.0,0.0,0.0,0.95,0.95,0.0,0.0,0.95,0.0,0.05,0.1,0.0,0.0,0.0,0.0,0.0,0.0,0.0,0.0,0.0,0.05,0.0,0.0,0.0,0.1,0.0,0.1,0.0,0.0,0.0,0.0,0.0,0.0,0.0,0.0,0.0,0.0,0.0,0.0,0.0,0.05,0.0,0.0,0.0,0.0,0.0,0.0,0.1,0.1,0.0,0.0,0.05,0.0,0.0,0.95,0.0,0.0,0.0,0.0,0.05,0.0,0.0,0.0,0.0,0.0,0.0,0.95,0.0,0.0,0.0,0.0,0.0,0.0,0.0,0.0,0.0,0.0
12.331841,2.1206694,10.090502,0.03016737,2.0301673,0.0,0.090502106,2.0301673,8.030168,2.0,3.0,0.03016737,0.0,0.0,3.0,1.0,2.0,0.0,0.03016737,1.0,0.090502106,0.0,0.0,0.0,0.06033474,0.03016737,0.0,0.0,0.0,0.03016737,2.0301673,0.0,0.0,0.03016737,1.0,0.03016737,0.0,1.0,0.03016737,0.0,0.03016737,0.0,0.0,0.03016737,0.0,0.0,0.0,0.0,3.0,0.0,4.0,0.03016737,0.0,0.0,0.0,0.0,0.0,2.0,0.0,0.03016737,2.0,0.0,0.0,0.0,0.06033474,0.0,0.0,0.03016737,0.0,0.03016737,0.0,0.0,1.0,0.0,0.0,0.0,0.03016737,0.0,0.0,0.03016737,0.03016737,0.0,0.03016737,0.0,0.0,0.0,0.0,0.0,0.0,0.0,0.0,0.0,0.0,3.0,0.0,0.03016737,0.0,0.0,0.0,0.0,0.0,0.0,0.0,0.0,0.0,0.0,0.0,0.0,0.0,0.0,0.0,0.0,0.0,0.0,0.0,0.03016737,0.0,0.0,0.0,0.03016737,0.0,0.0,0.03016737,0.0,0.0,0.0,0.0,0.03016737,0.0,0.0,0.0,0.0,2.0,0.0,0.0,2.0,1.0,1.0,0.0,0.0,0.0,0.0,1.0,0.06033474,1.0,0.0,1.0,0.0,0.0
12.331841,2.1206694,10.090502,0.03016737,2.0301673,0.0,0.090502106,2.0301673,8.030168,2.0,3.0,0.03016737,0.0,0.0,3.0,1.0,2.0,0.0,0.03016737,1.0,0.090502106,0.0,0.0,0.0,0.06033474,0.03016737,0.0,0.0,0.0,0.03016737,2.0301673,0.0,0.0,0.03016737,1.0,0.03016737,0.0,1.0,0.03016737,0.0,0.03016737,0.0,0.0,0.03016737,0.0,0.0,0.0,0.0,3.0,0.0,4.0,0.03016737,0.0,0.0,0.0,0.0,0.0,2.0,0.0,0.03016737,2.0,0.0,0.0,0.0,0.06033474,0.0,0.0,0.03016737,0.0,0.03016737,0.0,0.0,1.0,0.0,0.0,0.0,0.03016737,0.0,0.0,0.03016737,0.03016737,0.0,0.03016737,0.0,0.0,0.0,0.0,0.0,0.0,0.0,0.0,0.0,0.0,3.0,0.0,0.03016737,0.0,0.0,0.0,0.0,0.0,0.0,0.0,0.0,0.0,0.0,0.0,0.0,0.0,0.0,0.0,0.0,0.0,0.0,0.0,0.03016737,0.0,0.0,0.0,0.03016737,0.0,0.0,0.03016737,0.0,0.0,0.0,0.0,0.03016737,0.0,0.0,0.0,0.0,2.0,0.0,0.0,2.0,1.0,1.0,0.0,0.0,0.0,0.0,1.0,0.06033474,1.0,0.0,1.0,0.0,0.0
12.181818,4.4545455,3.8181818,1.1818181,2.090909,2.1818182,3.7272727,2.1818182,0.54545456,0.0,0.0,1.3636364,0.36363637,2.0,0.0,0.0,0.0,0.0,0.0,0.0,3.1818182,0.36363637,0.0,0.0,2.1818182,1.0,0.18181819,0.0,0.0,1.0,0.18181819,0.0,0.0,0.0,0.0,0.0,0.0,0.0,1.0,0.0,0.0,0.0,1.0,1.0,0.0,0.0,1.0,0.0,0.0,0.0,0.54545456,0.0,0.0,0.0,1.0,0.18181819,0.0,0.0,0.0,0.0,0.18181819,0.0,0.0,0.0,0.0,1.0,0.0,1.0909091,0.0,1.1818181,0.0,1.0,0.0,0.0,0.0,1.0,1.0,0.0,0.0,1.0,0.0,0.0,0.0,0.0,0.0,0.0,0.0,0.0,0.0,0.0,0.0,0.0,0.0,0.0,0.0,0.0,0.18181819,0.0,0.0,0.0,0.0,0.0,0.0,0.18181819,0.0,0.0,0.0,0.0,0.0,0.0,0.0,0.0,0.0,0.0,0.0,0.0,0.0,0.0,0.0,0.0,0.0,0.0,0.0,0.0,0.54545456,0.0,1.0,0.0,0.0,0.0,0.18181819,0.0,0.0,0.0,0.0,0.0,0.0,0.0,1.0,0.0,0.09090909,0.0,0.0,0.0,0.0,0.0,0.0,0.0,0.0
10.1,4.1,3.0,1.0,1.9,1.8,3.0,1.9,0.1,0.0,0.0,1.0,0.0,1.8,0.0,0.0,0.0,0.0,0.1,0.0,3.0,0.0,0.0,0.0,2.0,1.0,0.0,0.0,0.0,1.0,0.1,0.0,0.0,0.0,0.0,0.1,0.0,0.0,1.0,0.0,0.1,0.0,0.9,1.0,0.0,0.0,0.9,0.0,0.0,0.0,0.0,0.1,0.0,0.0,0.9,0.0,0.0,0.0,0.0,0.1,0.0,0.0,0.0,0.0,0.2,0.9,0.0,1.0,0.0,1.0,0.0,0.9,0.0,0.0,0.0,0.9,1.0,0.0,0.0,1.0,0.1,0.0,0.1,0.0,0.0,0.0,0.0,0.0,0.0,0.0,0.0,0.0,0.0,0.0,0.0,0.1,0.0,0.0,0.0,0.0,0.0,0.0,0.0,0.0,0.0,0.0,0.0,0.0,0.0,0.0,0.0,0.0,0.0,0.0,0.0,0.1,0.0,0.0,0.0,0.0,0.0,0.0,0.0,0.0,0.0,0.0,0.9,0.1,0.0,0.0,0.0,0.0,0.0,0.0,0.0,0.0,0.0,0.0,0.9,0.0,0.0,0.0,0.0,0.0,0.0,0.0,0.0,0.0,0.0
10.1,0.75,2.6,1.15,0.15,0.85,0.6,0.15,1.3,0.3,0.75,0.15,0.15,0.0,0.6,0.6,0.9,0.15,0.15,0.0,0.45,0.0,0.3,0.85,0.3,0.15,0.0,0.0,0.0,0.15,0.3,0.15,0.0,0.3,0.3,0.0,0.0,0.0,0.15,0.0,0.0,0.0,0.0,0.15,0.0,0.15,0.0,0.15,0.0,0.3,0.0,0.0,0.0,0.0,0.0,0.0,0.0,0.0,0.15,0.0,0.0,0.0,0.0,0.0,0.0,0.0,0.0,0.15,0.0,0.15,0.0,0.0,0.0,0.0,0.0,0.0,0.15,0.0,0.0,0.15,0.3,0.0,0.0,0.0,0.0,0.0,0.0,0.0,0.0,0.15,0.0,0.3,0.0,0.0,0.0,0.3,0.0,0.0,0.0,0.0,0.0,0.0,0.0,0.0,0.15,0.0,0.0,0.0,0.0,0.0,0.0,0.0,0.0,0.0,0.15,0.3,0.0,0.0,0.0,0.0,0.0,0.0,0.15,0.0,0.0,0.0,0.0,0.3,0.0,0.0,0.0,0.0,0.0,0.15,0.15,0.0,0.0,0.0,0.0,0.15,0.0,0.0,0.0,0.0,0.0,0.15,0.0,0.0,0.0
8.0,0.36657506,2.0,1.0,0.0,1.0,0.0,0.0,1.0,0.0,0.0,0.0,0.0,0.0,0.0,0.0,0.0,0.0,0.0,0.0,0.0,0.0,0.0,1.0,0.0,0.0,0.0,0.0,0.0,0.0,0.0,0.0,0.0,0.0,0.0,0.0,0.0,0.0,0.0,0.0,0.0,0.0,0.0,0.0,0.0,0.0,0.0,0.0,0.0,0.0,0.0,0.0,0.0,0.0,0.0,0.0,0.0,0.0,0.0,0.0,0.0,0.0,0.0,0.0,0.0,0.0,0.0,0.0,0.0,0.0,0.0,0.0,0.0,0.0,0.0,0.0,0.0,0.0,0.0,0.0,0.0,0.0,0.0,0.0,0.0,0.0,0.0,0.0,0.0,0.0,0.0,0.0,0.0,0.0,0.0,0.0,0.0,0.0,0.0,0.0,0.0,0.0,0.0,0.0,0.0,0.0,0.0,0.0,0.0,0.0,0.0,0.0,0.0,0.0,0.0,0.0,0.0,0.0,0.0,0.0,0.0,0.0,0.0,0.0,0.0,0.0,0.0,0.0,0.0,0.0,0.0,0.0,0.0,0.0,0.0,0.0,0.0,0.0,0.0,0.0,0.0,0.0,0.0,0.0,0.0,0.0,0.0,0.0,0.0
11.166667,4.1666665,3.1666667,1.1666666,2.1666667,2.1666667,3.0,2.1666667,0.0,0.16666667,0.33333334,1.0,0.0,2.1666667,0.16666667,0.16666667,0.16666667,0.16666667,0.0,0.16666667,3.0,0.0,0.16666667,0.0,2.0,1.0,0.0,0.16666667,0.16666667,1.0,0.0,0.0,0.16666667,0.0,0.0,0.0,0.0,0.0,1.0,0.0,0.0,0.16666667,1.0,1.0,0.16666667,0.0,1.0,0.0,0.0,0.0,0.0,0.0,0.0,0.0,1.0,0.0,0.0,0.0,0.0,0.0,0.0,0.0,0.0,0.0,0.0,1.0,0.0,1.0,0.0,1.0,0.0,1.0,0.0,0.0,0.0,1.0,1.0,0.0,0.0,1.0,0.0,0.0,0.0,0.0,0.16666667,0.0,0.0,0.0,0.0,0.0,0.0,0.0,0.0,0.0,0.0,0.0,0.0,0.0,0.0,0.16666667,0.0,0.0,0.0,0.0,0.0,0.0,0.0,0.16666667,0.16666667,0.0,0.0,0.0,0.0,0.0,0.0,0.0,0.0,0.0,0.0,0.0,0.0,0.0,0.0,0.0,0.0,0.0,0.8333333,0.0,0.0,0.0,0.0,0.0,0.0,0.0,0.0,0.0,0.0,0.0,0.8333333,0.0,0.0,0.0,0.0,0.0,0.0,0.0,0.0,0.0,0.0
16.0,3.0,4.0,2.0,1.0,2.0,3.0,0.0,6.0,0.0,0.0,1.0,1.0,0.0,0.0,0.0,0.0,0.0,0.0,0.0,0.0,1.0,0.0,6.0,0.0,2.0,1.0,0.0,0.0,0.0,0.0,4.0,0.0,0.0,0.0,0.0,1.0,0.0,0.0,0.0,0.0,0.0,0.0,0.0,0.0,0.0,0.0,0.0,0.0,0.0,0.0,0.0,3.0,0.0,0.0,1.0,0.0,0.0,0.0,0.0,0.0,0.0,2.0,1.0,0.0,0.0,1.0,0.0,0.0,0.0,0.0,0.0,0.0,0.0,0.0,0.0,0.0,0.0,0.0,0.0,0.0,0.0,0.0,0.0,0.0,1.0,3.0,0.0,0.0,0.0,0.0,0.0,0.0,0.0,0.0,0.0,0.0,0.0,0.0,0.0,0.0,0.0,0.0,0.0,0.0,0.0,0.0,0.0,0.0,0.0,0.0,0.0,0.0,0.0,0.0,0.0,0.0,0.0,0.0,0.0,1.0,0.0,0.0,0.0,0.0,0.0,0.0,0.0,0.0,0.0,0.0,0.0,0.0,0.0,0.0,0.0,0.0,0.0,0.0,0.0,0.0,0.0,0.0,0.0,0.0,0.0,0.0,0.0,0.0
25.0,7.0,6.0,3.0,3.0,4.0,7.0,4.0,1.0,0.0,0.0,3.0,2.0,4.0,0.0,0.0,0.0,0.0,0.0,0.0,5.0,2.0,0.0,2.0,4.0,1.0,2.0,0.0,0.0,1.0,0.0,0.0,0.0,0.0,0.0,0.0,1.0,0.0,1.0,0.0,0.0,0.0,1.0,1.0,0.0,0.0,1.0,0.0,0.0,0.0,0.0,0.0,2.0,0.0,1.0,2.0,0.0,0.0,0.0,0.0,0.0,0.0,0.0,2.0,0.0,1.0,0.0,2.0,0.0,3.0,0.0,1.0,0.0,1.0,0.0,1.0,1.0,0.0,0.0,1.0,0.0,0.0,0.0,0.0,0.0,0.0,2.0,0.0,0.0,0.0,0.0,0.0,0.0,0.0,0.0,0.0,2.0,0.0,0.0,0.0,0.0,0.0,0.0,0.0,0.0,0.0,0.0,0.0,0.0,0.0,0.0,0.0,0.0,0.0,0.0,0.0,0.0,0.0,0.0,0.0,0.0,0.0,0.0,0.0,0.0,0.0,1.0,0.0,0.0,0.0,2.0,0.0,0.0,0.0,0.0,0.0,0.0,0.0,1.0,0.0,1.0,0.0,0.0,0.0,0.0,0.0,0.0,0.0,0.0
22.11885,3.8445032,9.740838,1.8963354,1.9481677,1.8963354,0.9481677,1.9481677,7.7926707,1.0,1.9481677,0.0,0.9481677,0.0,1.9481677,0.9481677,1.8963354,0.0,0.9481677,0.9481677,0.0,0.0,0.0,0.0,0.0,0.0,0.0,0.0,0.0,0.0,2.8963354,0.9481677,0.0,0.9481677,0.9481677,0.9481677,0.0,0.9481677,0.0,0.0,0.9481677,0.0,0.0,0.0,0.0,0.9481677,0.0,0.0,2.8963354,0.0,2.0,0.9481677,0.0,0.0,0.0,0.0,0.0,2.8445032,0.0,0.9481677,2.8963354,0.0,0.0,0.0,1.8963354,0.0,0.0,0.0,0.0,0.0,0.0,0.0,1.8963354,0.0,0.0,0.0,0.0,0.0,0.0,0.0,0.0,0.9481677,0.9481677,0.0,0.0,0.0,0.0,0.0,0.0,0.0,0.0,0.0,0.9481677,1.0,0.0,0.0,0.0,0.9481677,0.9481677,0.0,0.0,0.0,0.0,0.0,0.9481677,0.0,0.0,0.0,0.0,0.0,0.0,0.0,0.0,0.0,0.0,0.0,0.0,0.0,0.0,0.9481677,0.0,0.0,0.0,0.0,0.0,0.0,0.0,0.0,0.0,0.9481677,0.0,0.0,1.8963354,0.0,0.0,0.9481677,0.051832315,0.0,0.0,0.0,0.0,0.0,1.8963354,0.0,0.0,0.0,0.0,0.0,0.0
5.6,2.2,2.6,0.2,0.8,0.0,2.0,0.8,2.4,0.0,0.0,0.8,0.4,0.0,0.0,0.0,0.0,0.0,0.2,0.0,0.8,0.0,0.0,0.0,0.8,0.8,0.0,0.0,0.0,0.8,1.6,0.8,0.0,0.4,0.0,0.0,0.0,0.0,0.0,0.0,0.0,0.0,0.0,0.0,0.0,0.4,0.0,0.0,0.0,0.0,0.0,0.0,0.0,0.0,0.0,0.0,0.0,0.0,0.0,0.0,0.0,0.0,0.0,0.0,0.4,0.0,0.0,0.0,0.0,0.0,0.0,0.0,0.0,0.0,0.0,0.0,0.0,0.0,0.0,0.0,1.6,0.0,0.0,0.0,0.0,0.0,0.0,0.0,0.0,0.0,0.0,0.4,0.0,0.0,0.0,1.6,0.0,0.0,0.0,0.0,0.0,0.0,0.0,0.0,0.8,0.0,0.0,0.0,0.0,0.0,0.0,0.0,0.0,0.0,0.2,1.6,0.0,0.0,0.0,0.0,0.0,0.0,0.0,0.0,0.0,0.0,0.0,0.0,0.0,0.0,0.0,0.0,0.0,0.0,0.0,0.0,0.0,0.0,0.0,0.8,0.0,0.4,0.0,0.0,0.0,0.8,0.0,0.0,0.0
22.0,5.0,10.0,2.0,4.0,0.0,2.0,4.0,14.0,2.0,5.0,1.0,2.0,0.0,4.0,4.0,6.0,1.0,0.0,4.0,0.0,2.0,2.0,0.0,0.0,0.0,0.0,2.0,0.0,0.0,8.0,4.0,0.0,0.0,2.0,0.0,0.0,4.0,0.0,0.0,0.0,0.0,0.0,0.0,0.0,0.0,0.0,1.0,8.0,2.0,16.0,0.0,0.0,0.0,0.0,0.0,0.0,10.0,1.0,0.0,12.0,0.0,0.0,0.0,0.0,0.0,0.0,0.0,1.0,0.0,0.0,0.0,12.0,0.0,0.0,0.0,0.0,0.0,0.0,0.0,0.0,0.0,0.0,0.0,0.0,0.0,0.0,0.0,0.0,1.0,0.0,0.0,0.0,12.0,0.0,0.0,0.0,12.0,0.0,0.0,0.0,0.0,0.0,0.0,4.0,0.0,0.0,0.0,0.0,0.0,0.0,0.0,0.0,0.0,0.0,0.0,0.0,0.0,0.0,0.0,0.0,0.0,0.0,0.0,0.0,0.0,0.0,0.0,0.0,6.0,0.0,0.0,6.0,0.0,0.0,4.0,8.0,4.0,0.0,0.0,0.0,0.0,4.0,0.0,4.0,0.0,0.0,0.0,0.0
22.0,5.0,10.0,2.0,4.0,0.0,2.0,4.0,14.0,2.0,5.0,1.0,2.0,0.0,4.0,4.0,6.0,1.0,0.0,4.0,0.0,2.0,2.0,0.0,0.0,0.0,0.0,2.0,0.0,0.0,8.0,4.0,0.0,0.0,2.0,0.0,0.0,4.0,0.0,0.0,0.0,0.0,0.0,0.0,0.0,0.0,0.0,1.0,8.0,2.0,16.0,0.0,0.0,0.0,0.0,0.0,0.0,10.0,1.0,0.0,12.0,0.0,0.0,0.0,0.0,0.0,0.0,0.0,1.0,0.0,0.0,0.0,12.0,0.0,0.0,0.0,0.0,0.0,0.0,0.0,0.0,0.0,0.0,0.0,0.0,0.0,0.0,0.0,0.0,1.0,0.0,0.0,0.0,12.0,0.0,0.0,0.0,12.0,0.0,0.0,0.0,0.0,0.0,0.0,4.0,0.0,0.0,0.0,0.0,0.0,0.0,0.0,0.0,0.0,0.0,0.0,0.0,0.0,0.0,0.0,0.0,0.0,0.0,0.0,0.0,0.0,0.0,0.0,0.0,6.0,0.0,0.0,6.0,0.0,0.0,4.0,8.0,4.0,0.0,0.0,0.0,0.0,4.0,0.0,4.0,0.0,0.0,0.0,0.0
9.000164,0.60009843,2.1000164,1.1000164,0.1000164,1.1000164,0.30004922,0.1000164,1.0,0.1000164,0.2000328,0.0,0.1000164,0.0,0.1000164,0.1000164,0.1000164,0.0,0.2000328,0.1000164,0.0,0.0,0.0,0.8999836,0.0,0.0,0.0,0.0,0.0,0.0,0.1000164,0.0,0.0,0.30004922,0.0,0.1000164,0.0,0.0,0.0,0.0,0.1000164,0.0,0.0,0.0,0.0,0.1000164,0.0,0.0,0.1000164,0.0,0.0,0.1000164,0.0,0.0,0.0,0.0,0.0,0.1000164,0.0,0.1000164,0.0,0.0,0.0,0.0,0.4000656,0.0,0.0,0.0,0.0,0.0,0.0,0.0,0.1000164,0.0,0.0,0.0,0.0,0.0,0.0,0.0,0.0,0.1000164,0.1000164,0.0,0.0,0.0,0.0,0.0,0.0,0.0,0.0,0.2000328,0.1000164,0.0,0.0,0.0,0.0,0.0,0.1000164,0.0,0.0,0.0,0.0,0.0,0.0,0.0,0.0,0.0,0.0,0.0,0.0,0.0,0.0,0.0,0.0,0.0,0.0,0.0,0.0,0.1000164,0.0,0.0,0.0,0.0,0.0,0.0,0.0,0.0,0.0,0.0,0.0,0.0,0.0,0.0,0.0,0.0,0.0,0.0,0.0,0.0,0.0,0.2000328,0.0,0.0,0.0,0.0,0.0,0.0,0.0
9.000164,0.60009843,2.1000164,1.1000164,0.1000164,1.1000164,0.30004922,0.1000164,1.0,0.1000164,0.2000328,0.0,0.1000164,0.0,0.1000164,0.1000164,0.1000164,0.0,0.2000328,0.1000164,0.0,0.0,0.0,0.8999836,0.0,0.0,0.0,0.0,0.0,0.0,0.1000164,0.0,0.0,0.30004922,0.0,0.1000164,0.0,0.0,0.0,0.0,0.1000164,0.0,0.0,0.0,0.0,0.1000164,0.0,0.0,0.1000164,0.0,0.0,0.1000164,0.0,0.0,0.0,0.0,0.0,0.1000164,0.0,0.1000164,0.0,0.0,0.0,0.0,0.4000656,0.0,0.0,0.0,0.0,0.0,0.0,0.0,0.1000164,0.0,0.0,0.0,0.0,0.0,0.0,0.0,0.0,0.1000164,0.1000164,0.0,0.0,0.0,0.0,0.0,0.0,0.0,0.0,0.2000328,0.1000164,0.0,0.0,0.0,0.0,0.0,0.1000164,0.0,0.0,0.0,0.0,0.0,0.0,0.0,0.0,0.0,0.0,0.0,0.0,0.0,0.0,0.0,0.0,0.0,0.0,0.0,0.0,0.1000164,0.0,0.0,0.0,0.0,0.0,0.0,0.0,0.0,0.0,0.0,0.0,0.0,0.0,0.0,0.0,0.0,0.0,0.0,0.0,0.0,0.0,0.2000328,0.0,0.0,0.0,0.0,0.0,0.0,0.0
10.274509,4.0588236,3.0392158,1.0392157,2.0,2.0392158,3.0,2.0,0.0,0.078431375,0.0,1.0,0.0,2.0,0.0,0.0,0.0,0.0,0.0,0.0,3.0,0.0,0.0,0.0,2.0,1.0,0.0,0.0,0.0,1.0,0.0,0.0,0.0,0.0,0.0,0.0,0.0,0.0,1.0,0.019607844,0.0,0.0,0.98039216,1.0,0.0,0.0,1.0,0.0,0.0,0.0,0.0,0.0,0.0,0.0,1.0,0.0,0.0,0.0,0.0,0.0,0.0,0.0,0.0,0.0,0.0,1.0,0.0,1.0,0.0,1.0,0.0,1.0,0.0,0.0,0.0,0.98039216,1.0,0.0,0.0,1.0,0.0,0.0,0.0,0.0,0.0,0.0,0.0,0.0,0.0,0.0,0.0,0.0,0.0,0.0,0.0,0.0,0.0,0.0,0.0,0.0,0.0,0.0,0.019607844,0.0,0.0,0.0,0.0,0.0,0.0,0.0,0.0,0.0,0.0,0.0,0.0,0.0,0.0,0.0,0.0,0.0,0.0,0.0,0.0,0.0,0.0,0.0,0.98039216,0.0,0.0,0.0,0.0,0.0,0.0,0.0,0.0,0.0,0.0,0.0,0.98039216,0.0,0.0,0.0,0.0,0.0,0.0,0.0,0.0,0.0,0.0
10.080957,4.0404787,2.878564,1.0404787,1.9190426,1.9190426,2.878564,1.9190426,0.0,0.0,0.0,0.9595213,0.0,1.9190426,0.0,0.0,0.0,0.0,0.080957435,0.0,2.878564,0.0,0.0,0.0,1.9190426,0.9595213,0.0,0.0,0.0,0.9595213,0.0,0.0,0.0,0.0,0.0,0.080957435,0.0,0.0,0.9595213,0.0,0.080957435,0.0,0.9595213,0.9595213,0.0,0.0,0.9595213,0.0,0.0,0.0,0.0,0.0,0.0,0.0,0.9595213,0.0,0.0,0.0,0.0,0.0,0.0,0.0,0.0,0.0,0.12143615,0.9595213,0.0,0.9595213,0.0,0.9595213,0.0,0.9595213,0.0,0.0,0.0,0.9595213,0.9595213,0.0,0.0,0.9595213,0.0,0.0,0.12143615,0.0,0.0,0.0,0.0,0.0,0.0,0.0,0.0,0.0,0.0,0.0,0.0,0.0,0.0,0.0,0.0,0.0,0.0,0.0,0.0,0.0,0.0,0.0,0.0,0.0,0.0,0.0,0.0,0.0,0.0,0.0,0.0,0.0,0.0,0.0,0.0,0.0,0.0,0.0,0.0,0.0,0.0,0.0,0.9595213,0.0,0.0,0.0,0.0,0.0,0.0,0.0,0.0,0.0,0.0,0.0,0.9595213,0.0,0.0,0.0,0.0,0.0,0.0,0.0,0.0,0.0,0.0
5.374464,2.1123393,3.1123393,0.037446383,1.0,0.037446383,2.0748928,1.0,3.0,0.0,0.0,1.0,0.0,0.0,0.0,0.0,0.0,0.0,0.037446383,0.0,1.1123391,0.0,0.0,0.0,1.0374464,1.0,0.0,0.0,0.0,1.0,2.0,1.0,0.0,0.07489277,0.0,0.0,0.0,0.0,0.037446383,0.0,0.0,0.0,0.0,0.037446383,0.0,0.0,0.037446383,0.0,0.0,0.0,0.0,0.0,0.0,0.0,0.0,0.0,0.0,0.0,0.0,0.0,0.0,0.0,0.0,0.0,0.07489277,0.037446383,0.0,0.0,0.0,0.0,0.0,0.0,0.0,0.0,0.0,0.0,0.0,0.0,0.0,0.0,2.0,0.0,0.0,0.0,0.0,0.0,0.0,0.0,0.0,0.0,0.0,0.07489277,0.0,0.0,0.0,2.0,0.0,0.0,0.0,0.0,0.0,0.0,0.0,0.0,1.0,0.0,0.0,0.0,0.0,0.0,0.0,0.0,0.0,0.0,0.0,2.0,0.0,0.0,0.0,0.0,0.0,0.0,0.07489277,0.0,0.0,0.0,0.0,0.07489277,0.0,0.0,0.0,0.0,0.0,0.07489277,0.07489277,0.0,0.0,0.0,0.0,1.0,0.0,0.07489277,0.0,0.07489277,0.0,1.0,0.0,0.037446383,0.0
10.9,4.2,3.9,1.0,2.2,2.0,3.0,2.2,1.3,0.1,0.3,1.0,0.0,2.0,0.2,0.3,0.4,0.1,0.0,0.2,3.0,0.0,0.2,0.0,2.0,1.0,0.0,0.2,0.0,1.0,0.4,0.4,0.0,0.0,0.1,0.0,0.0,0.2,1.0,0.1,0.0,0.0,0.9,1.0,0.0,0.0,1.0,0.1,0.4,0.2,1.2,0.0,0.0,0.0,1.0,0.0,0.2,0.7,0.1,0.0,0.8,0.0,0.0,0.0,0.0,1.0,0.0,1.0,0.0,1.0,0.0,1.0,0.8,0.0,0.0,0.9,1.0,0.0,0.0,1.0,0.0,0.0,0.0,0.0,0.0,0.0,0.0,0.0,0.0,0.1,0.0,0.0,0.0,0.6,0.0,0.0,0.0,1.4,0.0,0.0,0.0,0.0,0.0,0.0,0.2,0.0,0.0,0.0,0.0,0.0,0.0,0.0,0.0,0.0,0.0,0.0,0.0,0.0,0.0,0.0,0.0,0.0,0.0,0.0,0.2,0.0,0.9,0.0,0.0,0.4,0.0,0.0,0.0,0.0,0.0,0.0,0.0,0.0,0.9,0.0,0.0,0.0,0.0,0.0,0.0,0.0,0.0,0.0,0.0
6.65,2.9,3.3,0.15,1.0,0.0,2.6,1.0,2.7,0.0,0.0,1.0,0.0,0.0,0.0,0.0,0.0,0.0,0.3,0.0,1.6,0.0,0.0,0.0,1.15,1.0,0.0,0.0,0.0,1.0,1.85,0.85,0.0,0.6,0.0,0.15,0.0,0.0,0.15,0.0,0.15,0.0,0.0,0.15,0.0,0.0,0.0,0.0,0.0,0.0,0.0,0.0,0.0,0.0,0.0,0.0,0.0,0.0,0.0,0.0,0.0,0.0,0.0,0.0,0.6,0.0,0.0,0.15,0.0,0.15,0.0,0.0,0.0,0.0,0.0,0.0,0.15,0.0,0.0,0.15,1.85,0.0,0.3,0.0,0.0,0.0,0.0,0.0,0.0,0.0,0.0,0.6,0.0,0.0,0.0,1.85,0.0,0.0,0.0,0.0,0.0,0.0,0.0,0.0,0.85,0.0,0.0,0.0,0.0,0.0,0.0,0.0,0.0,0.0,0.0,1.85,0.0,0.0,0.0,0.0,0.0,0.0,0.45,0.0,0.0,0.0,0.0,0.15,0.0,0.0,0.0,0.0,0.0,0.45,0.45,0.0,0.0,0.0,0.0,0.85,0.0,0.6,0.0,0.45,0.0,0.85,0.0,0.0,0.0
5.3962736,2.216149,3.0720496,0.03602486,1.0,0.0,2.1440995,1.0,2.9279504,0.0,0.0,1.0,0.0,0.0,0.0,0.0,0.0,0.0,0.07204972,0.0,1.1440995,0.0,0.0,0.0,1.0360248,1.0,0.0,0.0,0.0,1.0,1.9639752,0.96397513,0.0,0.14409944,0.0,0.03602486,0.0,0.0,0.03602486,0.0,0.03602486,0.0,0.0,0.03602486,0.0,0.0,0.0,0.0,0.0,0.0,0.0,0.0,0.0,0.0,0.0,0.0,0.0,0.0,0.0,0.0,0.0,0.0,0.0,0.0,0.14409944,0.0,0.0,0.03602486,0.0,0.03602486,0.0,0.0,0.0,0.0,0.0,0.0,0.03602486,0.0,0.0,0.03602486,1.9639752,0.0,0.07204972,0.0,0.0,0.0,0.0,0.0,0.0,0.0,0.0,0.14409944,0.0,0.0,0.0,1.9639752,0.0,0.0,0.0,0.0,0.0,0.0,0.0,0.0,0.96397513,0.0,0.0,0.0,0.0,0.0,0.0,0.0,0.0,0.0,0.0,1.9639752,0.0,0.0,0.0,0.0,0.0,0.0,0.10807459,0.0,0.0,0.0,0.0,0.03602486,0.0,0.0,0.0,0.0,0.0,0.10807459,0.10807459,0.0,0.0,0.0,0.0,0.96397513,0.0,0.14409944,0.0,0.10807459,0.0,0.96397513,0.0,0.0,0.0
10.818182,4.181818,3.8181818,1.0,2.1818182,2.0,3.0,2.1818182,1.1818181,0.09090909,0.27272728,1.0,0.0,2.0,0.18181819,0.27272728,0.36363637,0.09090909,0.0,0.18181819,3.0,0.0,0.18181819,0.0,2.0,1.0,0.0,0.18181819,0.0,1.0,0.36363637,0.36363637,0.0,0.0,0.09090909,0.0,0.0,0.18181819,1.0,0.09090909,0.0,0.0,0.90909094,1.0,0.0,0.0,1.0,0.09090909,0.36363637,0.18181819,1.0909091,0.0,0.0,0.0,1.0,0.0,0.18181819,0.6363636,0.09090909,0.0,0.72727275,0.0,0.0,0.0,0.0,1.0,0.0,1.0,0.0,1.0,0.0,1.0,0.72727275,0.0,0.0,0.90909094,1.0,0.0,0.0,1.0,0.0,0.0,0.0,0.0,0.0,0.0,0.0,0.0,0.0,0.09090909,0.0,0.0,0.0,0.54545456,0.0,0.0,0.0,1.2727273,0.0,0.0,0.0,0.0,0.0,0.0,0.18181819,0.0,0.0,0.0,0.0,0.0,0.0,0.0,0.0,0.0,0.0,0.0,0.0,0.0,0.0,0.0,0.0,0.0,0.0,0.0,0.18181819,0.0,0.90909094,0.0,0.0,0.36363637,0.0,0.0,0.0,0.0,0.0,0.0,0.0,0.0,0.90909094,0.0,0.0,0.0,0.0,0.0,0.0,0.0,0.0,0.0,0.0
10.274509,4.0588236,3.0392158,1.0392157,2.0,2.0392158,3.0,2.0,0.0,0.078431375,0.0,1.0,0.0,2.0,0.0,0.0,0.0,0.0,0.0,0.0,3.0,0.0,0.0,0.0,2.0,1.0,0.0,0.0,0.0,1.0,0.0,0.0,0.0,0.0,0.0,0.0,0.0,0.0,1.0,0.019607844,0.0,0.0,0.98039216,1.0,0.0,0.0,1.0,0.0,0.0,0.0,0.0,0.0,0.0,0.0,1.0,0.0,0.0,0.0,0.0,0.0,0.0,0.0,0.0,0.0,0.0,1.0,0.0,1.0,0.0,1.0,0.0,1.0,0.0,0.0,0.0,0.98039216,1.0,0.0,0.0,1.0,0.0,0.0,0.0,0.0,0.0,0.0,0.0,0.0,0.0,0.0,0.0,0.0,0.0,0.0,0.0,0.0,0.0,0.0,0.0,0.0,0.0,0.0,0.019607844,0.0,0.0,0.0,0.0,0.0,0.0,0.0,0.0,0.0,0.0,0.0,0.0,0.0,0.0,0.0,0.0,0.0,0.0,0.0,0.0,0.0,0.0,0.0,0.98039216,0.0,0.0,0.0,0.0,0.0,0.0,0.0,0.0,0.0,0.0,0.0,0.98039216,0.0,0.0,0.0,0.0,0.0,0.0,0.0,0.0,0.0,0.0
11.636364,4.5454545,3.5454545,1.1818181,2.3636363,2.5454545,3.1818182,2.3636363,0.0,0.18181819,0.36363637,1.0,0.0,2.3636363,0.36363637,0.18181819,0.36363637,0.0,0.0,0.36363637,3.1818182,0.0,0.0,0.0,2.0,1.0,0.0,0.0,0.36363637,1.0,0.0,0.0,0.36363637,0.0,0.18181819,0.0,0.0,0.36363637,1.0,0.18181819,0.0,0.0,1.1818181,1.0,0.0,0.0,1.0,0.0,0.0,0.0,0.0,0.0,0.0,0.18181819,1.0,0.0,0.18181819,0.0,0.0,0.0,0.0,0.36363637,0.0,0.0,0.0,1.0,0.0,1.0909091,0.0,1.0,0.18181819,1.0,0.0,0.0,0.18181819,1.0,1.0,0.36363637,0.0,1.0,0.0,0.0,0.0,0.0,0.0,0.0,0.0,0.0,0.0,0.0,0.0,0.0,0.09090909,0.0,0.0,0.0,0.0,0.0,0.0,0.18181819,0.0,0.18181819,0.0,0.0,0.0,0.18181819,0.0,0.0,0.0,0.0,0.0,0.18181819,0.0,0.0,0.0,0.0,0.0,0.0,0.0,0.0,0.0,0.0,0.0,0.0,0.0,0.0,1.0,0.0,0.0,0.0,0.0,0.0,0.0,0.0,0.0,0.0,0.0,0.0,1.0,0.0,0.0,0.0,0.0,0.0,0.0,0.0,0.0,0.0,0.0
12.347826,4.9130435,3.652174,1.2608696,2.5217392,2.5217392,3.5217392,2.5217392,0.0,0.26086956,0.5217391,1.1304348,0.26086956,2.5217392,0.5217391,0.26086956,0.5217391,0.0,0.0,0.5217391,3.2608695,0.26086956,0.0,0.0,2.0,1.0,0.26086956,0.0,0.5217391,1.0,0.0,0.0,0.5217391,0.0,0.26086956,0.0,0.0,0.5217391,1.0,0.0,0.0,0.0,1.0,1.0,0.0,0.0,1.0,0.0,0.0,0.0,0.0,0.0,0.0,0.26086956,1.0,0.26086956,0.0,0.0,0.0,0.0,0.0,0.5217391,0.0,0.0,0.0,1.0,0.0,1.1304348,0.13043478,1.0,0.0,1.0,0.0,0.0,0.0,1.0,1.0,0.5217391,0.0,1.0,0.0,0.0,0.0,0.0,0.0,0.0,0.0,0.0,0.0,0.0,0.0,0.0,0.0,0.0,0.26086956,0.0,0.0,0.0,0.0,0.0,0.0,0.0,0.0,0.26086956,0.0,0.0,0.0,0.0,0.0,0.0,0.0,0.0,0.0,0.0,0.0,0.0,0.0,0.0,0.26086956,0.0,0.0,0.0,0.0,0.0,0.0,0.0,1.0,0.0,0.0,0.0,0.0,0.0,0.0,0.0,0.0,0.0,0.0,0.0,1.0,0.0,0.0,0.0,0.0,0.0,0.0,0.0,0.0,0.0,0.0
21.95,2.0,19.65,0.05,1.95,0.0,0.0,1.95,17.65,2.0,3.0,0.0,0.0,0.0,3.0,1.0,2.0,0.0,0.05,1.0,0.0,0.0,0.0,0.0,0.0,0.0,0.0,0.0,0.0,0.0,1.95,0.0,0.0,0.0,1.0,0.05,0.0,1.0,0.0,0.0,0.05,0.0,0.0,0.0,0.0,0.0,0.0,0.0,3.0,0.0,13.7,0.05,0.0,0.0,0.0,0.0,0.0,2.0,0.0,0.05,1.9,0.0,0.0,0.0,0.0,0.0,0.0,0.0,0.0,0.0,0.0,0.0,1.0,0.0,0.0,0.0,0.0,0.0,0.0,0.0,0.0,0.0,0.0,0.0,0.0,0.0,0.0,0.0,0.0,0.0,0.0,0.0,0.0,2.95,0.0,0.0,0.0,0.0,0.0,0.0,0.0,0.0,0.0,0.0,0.0,0.0,0.0,0.0,0.0,0.0,0.0,0.0,0.0,0.0,0.0,0.0,0.0,0.0,0.0,0.0,0.0,0.0,0.0,0.0,0.0,0.0,0.0,0.0,0.0,0.0,0.0,0.0,1.95,0.0,0.0,1.9,0.0,0.0,0.0,0.0,0.0,0.0,1.0,0.0,0.95,0.0,0.95,0.0,0.0
12.178359,2.032429,10.0,0.032428864,2.0,0.032428864,0.016214432,2.0,8.0,2.0,3.0,0.0,0.016214432,0.0,3.0,1.0,2.0,0.0,0.016214432,1.0,0.0,0.0,0.0,0.0,0.0,0.0,0.0,0.0,0.0,0.0,2.0162144,0.016214432,0.0,0.016214432,1.0,0.016214432,0.0,1.0,0.0,0.0,0.016214432,0.0,0.0,0.0,0.0,0.016214432,0.0,0.0,3.0,0.0,3.967571,0.016214432,0.0,0.0,0.0,0.0,0.0,2.0,0.0,0.016214432,2.0162144,0.0,0.0,0.0,0.032428864,0.0,0.0,0.0,0.0,0.0,0.0,0.0,1.0,0.0,0.0,0.0,0.0,0.0,0.0,0.0,0.0,0.016214432,0.016214432,0.0,0.0,0.0,0.0,0.0,0.0,0.0,0.0,0.0,0.016214432,2.9837856,0.0,0.0,0.0,0.016214432,0.016214432,0.0,0.0,0.0,0.0,0.0,0.016214432,0.0,0.0,0.0,0.0,0.0,0.0,0.0,0.0,0.0,0.0,0.0,0.0,0.0,0.0,0.016214432,0.0,0.0,0.0,0.0,0.0,0.0,0.0,0.0,0.0,0.0,0.0,0.0,1.9837855,0.0,0.0,2.0,0.98378557,1.0,0.0,0.0,0.0,0.0,1.0,0.0,0.98378557,0.0,0.98378557,0.0,0.0
6.1577687,1.0150256,5.0601025,0.015025591,1.0075128,0.0,0.0,1.0075128,4.0601025,1.0075128,1.0150256,0.0,0.0,0.0,1.0150256,0.0075127953,0.015025591,0.0,0.0075127953,0.0075127953,0.0,0.0,0.0,0.0,0.0,0.0,0.0,0.0,0.0,0.0,1.0150256,0.0075127953,0.0,0.0,0.0075127953,0.015025591,0.0,0.0075127953,0.0,0.0,0.015025591,0.0,0.0,0.0,0.0,0.0,0.0,0.0,1.0150256,0.0,2.0300512,0.022538386,0.0,0.0,0.0,0.0,0.0,0.015025591,0.0,0.022538386,1.0150256,0.0,0.0,0.0,0.0,0.0,0.0,0.0,0.0,0.0,0.0,0.0,0.0075127953,0.0,0.0,0.0,0.0,0.0,0.0,0.0,0.0,0.0,0.0,0.0,0.0,0.0,0.0,0.0,0.0,0.0,0.0,0.0,0.0,1.0075128,0.0,0.0,0.0,0.0075127953,0.0,0.0,0.0075127953,0.0,0.0,0.0,0.0075127953,0.0,0.0,0.0,0.0,0.0,0.0075127953,0.0,0.0,0.0,0.0,0.0,0.0,0.0,0.0,0.0,0.0,0.0,0.0,0.0,0.0,0.0,0.0,0.0,0.0,0.0,0.0,0.0,0.0075127953,0.0,0.0,0.015025591,0.9924872,0.0,0.0,0.0,0.0,0.0,0.0075127953,0.0,0.0,0.0,0.0,0.0,0.0
10.761905,4.095238,3.1904762,1.0952381,2.0952382,2.1904762,3.0,2.0952382,0.0,0.04761905,0.14285715,1.0,0.0,2.0952382,0.0952381,0.14285715,0.1904762,0.04761905,0.0,0.0952381,3.0,0.0,0.0952381,0.0,2.0,1.0,0.0,0.0952381,0.0952381,1.0,0.0,0.0,0.0952381,0.0,0.04761905,0.0,0.0,0.0952381,1.0,0.0952381,0.0,0.0952381,1.0,1.0,0.0952381,0.0,1.0,0.04761905,0.0,0.0952381,0.0,0.0,0.0,0.04761905,1.0,0.0,0.14285715,0.0,0.04761905,0.0,0.0,0.0952381,0.0,0.0,0.0,1.0,0.0,1.0,0.0,1.0,0.04761905,1.0,0.0,0.0,0.04761905,0.95238096,1.0,0.0952381,0.04761905,1.0,0.0,0.0,0.0,0.04761905,0.0,0.0,0.0,0.0952381,0.0,0.04761905,0.0,0.0,0.0,0.0,0.0,0.0,0.0,0.0,0.0,0.04761905,0.0,0.04761905,0.0,0.0,0.0,0.04761905,0.0,0.0,0.0,0.04761905,0.0,0.04761905,0.0,0.0952381,0.0,0.0,0.0,0.04761905,0.0,0.0,0.0,0.0,0.0,0.0,0.0,0.0,0.95238096,0.0,0.0,0.0,0.0,0.0,0.0,0.0,0.0,0.0,0.0,0.0,0.95238096,0.0,0.0,0.0,0.0,0.0,0.0,0.0,0.0,0.0,0.0
12.373757,2.0439713,9.978014,0.0659571,2.0219858,0.0439714,0.0,2.0219858,7.934043,2.0439713,3.065957,0.0,0.0,0.0439714,3.0219858,1.0219857,2.0219858,0.0439714,0.0219857,1.0219857,0.0,0.0,0.0219857,0.0,0.0,0.0,0.0,0.0219857,0.0219857,0.0,1.9780143,0.0,0.0219857,0.0,1.0,0.0219857,0.0,1.0,0.0,0.0,0.0219857,0.0,0.0,0.0,0.0,0.0,0.0,0.0,3.0,0.0,3.9560287,0.0219857,0.0,0.0,0.0,0.0,0.0,2.0,0.0,0.0219857,1.9560286,0.0,0.0,0.0,0.0,0.0,0.0,0.0,0.0,0.0,0.0,0.0,1.0,0.0,0.0,0.0,0.0,0.0,0.0,0.0,0.0,0.0,0.0,0.0,0.0439714,0.0,0.0,0.0,0.0,0.0,0.0,0.0,0.0,2.9780142,0.0,0.0,0.0,0.0,0.0,0.0,0.0,0.0,0.0,0.0,0.0,0.0,0.0,0.0219857,0.0219857,0.0,0.0,0.0,0.0,0.0,0.0,0.0,0.0219857,0.0,0.0,0.0,0.0,0.0,0.0,0.0,0.0,0.0,0.0,0.0,0.0219857,0.0,0.0,0.0,1.9560286,0.0,0.0,1.9560286,0.9780143,1.0,0.0,0.0,0.0,0.0,0.9780143,0.0,0.9780143,0.0,0.9780143,0.0,0.0
11.777764,2.0,9.4073715,0.074078545,1.9259214,0.0,0.0,1.9259214,7.48145,1.8518429,2.7777643,0.0,0.0,0.0,2.7777643,0.92592144,1.8518429,0.0,0.074078545,0.92592144,0.0,0.0,0.0,0.0,0.0,0.0,0.0,0.0,0.0,0.0,1.9259214,0.0,0.0,0.0,0.92592144,0.074078545,0.0,0.92592144,0.0,0.0,0.074078545,0.0,0.0,0.0,0.0,0.0,0.0,0.0,2.7777643,0.0,3.7036858,0.074078545,0.0,0.0,0.0,0.0,0.0,1.8518429,0.0,0.074078545,1.8518429,0.0,0.0,0.0,0.0,0.0,0.0,0.0,0.0,0.0,0.0,0.0,0.92592144,0.0,0.0,0.0,0.0,0.0,0.0,0.0,0.0,0.0,0.0,0.0,0.0,0.0,0.0,0.0,0.0,0.0,0.0,0.0,0.0,2.7777643,0.0,0.0,0.0,0.0,0.0,0.0,0.0,0.0,0.0,0.0,0.0,0.0,0.0,0.0,0.0,0.0,0.0,0.0,0.0,0.0,0.0,0.0,0.0,0.0,0.0,0.0,0.0,0.0,0.0,0.0,0.0,0.0,0.0,0.0,0.0,0.0,0.0,0.0,1.8518429,0.0,0.0,1.8518429,0.92592144,0.92592144,0.0,0.0,0.0,0.0,0.92592144,0.0,0.92592144,0.0,0.92592144,0.0,0.0
12.321406,2.026784,9.973216,0.05892456,2.0,0.0,0.0,2.0,7.978573,2.0321407,3.0321407,0.0,0.0,0.0,2.9892864,1.0,1.9946432,0.042854227,0.026783891,1.0,0.0,0.0,0.0053567784,0.0,0.0,0.0,0.0,0.0053567784,0.0,0.0,2.0,0.0,0.0,0.0,0.9946432,0.048211005,0.0,0.9946432,0.0,0.0,0.048211005,0.0,0.0,0.0,0.0,0.0,0.0,0.0,2.9892864,0.0,3.9892864,0.021427114,0.0,0.0,0.0,0.0,0.0,1.9946432,0.0,0.021427114,2.0,0.0,0.0,0.0,0.0,0.0,0.0,0.0,0.0,0.0,0.0,0.0,1.0,0.0,0.0,0.0,0.0,0.0,0.0,0.0,0.0,0.0,0.0,0.0,0.0,0.0,0.0,0.0,0.0,0.0,0.0,0.0,0.0,2.9892864,0.0,0.0,0.0,0.0,0.0,0.0,0.0,0.0,0.0,0.0,0.0,0.0,0.0,0.0,0.0,0.0,0.0,0.0,0.0,0.0,0.0,0.0,0.0,0.0,0.0,0.0,0.0,0.0,0.0,0.0,0.0,0.0,0.0,0.0,0.03214067,0.0,0.0,0.0,1.9892864,0.0,0.0,1.9892864,1.0,0.9946432,0.0,0.0,0.0,0.0,0.9946432,0.0,0.9946432,0.0,0.9946432,0.0,0.0
16.050512,3.0336752,3.9494872,2.0168376,1.0,2.0,3.0168376,0.0,5.8989744,0.0,0.0,1.0,2.0168376,0.0,0.0,0.0,0.0,0.0,0.016837614,0.0,0.0,1.0,0.0,5.8989744,0.0,1.0,1.9663248,0.0,0.0,0.0,0.0,3.9326496,0.0,0.016837614,0.0,0.033675227,0.9831624,0.0,0.0,0.0,0.033675227,0.0,0.0,0.0,0.0,0.016837614,0.0,0.0,0.0,0.0,0.0,0.016837614,5.8989744,0.0,0.0,0.9831624,0.0,0.0,0.0,0.016837614,0.0,0.0,1.9663248,1.9663248,0.033675227,0.0,0.9831624,0.0,0.0,0.0,0.0,0.0,0.0,0.9831624,0.0,0.0,0.0,0.0,0.0,0.0,0.0,0.016837614,0.033675227,0.0,0.0,1.9663248,2.9494872,0.0,0.0,0.0,0.9831624,0.0,0.016837614,0.0,0.0,0.0,0.0,0.0,0.033675227,0.0,0.0,0.0,0.0,0.0,0.0,0.0,0.0,0.0,0.0,0.0,0.0,0.0,0.016837614,0.0,0.0,0.0,0.0,0.0,0.0,0.033675227,1.0,0.0,0.0,0.016837614,0.0,0.0,0.0,0.0,0.0,0.0,0.0,0.0,0.0,0.0,0.0,0.0,0.0,0.0,0.0,0.0,0.0,0.0,0.0,0.0,0.0,0.0,0.0,0.0,0.0
12.454545,4.4545455,3.2727273,1.3636364,2.090909,2.1818182,3.7272727,2.1818182,0.09090909,0.0,0.0,1.3636364,0.54545456,2.1818182,0.0,0.0,0.0,0.0,0.0,0.0,3.1818182,0.54545456,0.0,0.18181819,2.1818182,1.0,0.18181819,0.0,0.0,1.0,0.0,0.0,0.0,0.0,0.0,0.0,0.09090909,0.0,1.0,0.0,0.0,0.0,1.0,1.0,0.0,0.0,1.0,0.0,0.0,0.0,0.0,0.0,0.18181819,0.0,1.0,0.18181819,0.0,0.0,0.0,0.0,0.0,0.0,0.0,0.18181819,0.0,1.0,0.0,1.0909091,0.18181819,1.1818181,0.0,1.0,0.0,0.09090909,0.0,1.0,1.0,0.0,0.0,1.0,0.0,0.0,0.0,0.0,0.0,0.0,0.18181819,0.0,0.0,0.0,0.0,0.0,0.0,0.0,0.18181819,0.0,0.18181819,0.0,0.0,0.0,0.0,0.0,0.0,0.0,0.0,0.0,0.0,0.0,0.0,0.0,0.0,0.0,0.18181819,0.0,0.0,0.0,0.0,0.0,0.18181819,0.0,0.0,0.0,0.0,0.0,0.0,0.18181819,1.0,0.0,0.0,0.0,0.18181819,0.18181819,0.0,0.0,0.0,0.0,0.0,0.0,1.0,0.0,0.09090909,0.0,0.0,0.0,0.0,0.0,0.0,0.0,0.0
15.935496,3.0774045,3.9483972,2.0,1.0,1.9741986,3.0,0.0,5.9225955,0.0,0.0,1.0,2.0,0.0,0.0,0.0,0.0,0.0,0.0,0.0,0.0,1.0,0.0,5.9225955,0.0,1.0,1.9741986,0.0,0.0,0.0,0.0,3.9483972,0.0,0.0,0.0,0.0,0.9870993,0.0,0.0,0.0,0.0,0.0,0.0,0.0,0.0,0.0,0.0,0.0,0.0,0.0,0.0,0.0,5.9225955,0.0,0.0,0.9870993,0.0,0.0,0.0,0.0,0.0,0.0,1.9741986,1.9741986,0.0,0.0,0.9870993,0.0,0.0,0.0,0.0,0.0,0.0,0.9870993,0.0,0.0,0.0,0.0,0.0,0.0,0.0,0.0,0.0,0.0,0.0,1.9741986,2.9612978,0.0,0.0,0.0,0.9870993,0.0,0.0,0.0,0.0,0.0,0.0,0.0,0.0,0.0,0.0,0.0,0.02580147,0.0,0.0,0.0,0.0,0.0,0.0,0.0,0.0,0.0,0.0,0.0,0.0,0.0,0.0,0.0,0.0,0.0,1.0,0.0,0.0,0.0,0.0,0.0,0.0,0.0,0.0,0.0,0.0,0.0,0.0,0.0,0.0,0.0,0.0,0.0,0.0,0.0,0.0,0.0,0.0,0.0,0.0,0.0,0.0,0.0,0.0
11.487039,4.1623464,4.1623464,1.0541154,2.0,2.0,3.1082308,2.0,1.2164617,0.0,0.0,1.0,0.05411542,1.8917692,0.0,0.0,0.0,0.0,0.05411542,0.0,3.0541155,0.0,0.0,0.0,2.0,1.0541154,0.0,0.0,0.0,1.0541154,0.16234624,0.05411542,0.0,0.05411542,0.0,0.05411542,0.0,0.0,1.0,0.0,0.05411542,0.0,0.9458846,1.0,0.0,0.05411542,0.9458846,0.0,0.0,0.0,0.0,0.05411542,0.0,0.0,0.9458846,0.0,0.0,0.0,0.0,0.05411542,0.16234624,0.0,0.0,0.0,0.10823084,0.9458846,0.0,0.0,0.0,0.0,0.0,0.9458846,0.0,0.0,0.0,0.9458846,0.0,0.0,0.0,0.0,2.1623464,0.05411542,0.05411542,0.0,0.0,0.0,0.0,0.0,0.0,0.0,0.0,0.0,0.05411542,0.0,0.0,1.0541154,0.0,0.05411542,0.05411542,0.0,0.0,0.0,0.0,0.0,0.05411542,0.0,0.0,0.0,0.0,0.0,0.0,0.0,0.0,0.0,0.0,0.16234624,0.0,0.0,0.0,0.05411542,0.0,0.0,0.0,0.0,0.0,0.0,0.9458846,0.05411542,0.0,0.0,0.0,0.0,0.0,0.0,0.0,0.0,0.0,0.0,0.0,0.05411542,0.0,0.0,0.0,0.0,0.0,0.0,0.0,0.0,0.0
11.415908,2.0831816,8.958409,0.08318153,2.0,0.08318153,0.041590765,2.0,6.9584093,2.0,3.0,0.0,0.041590765,0.0,3.0,1.0,2.0,0.0,0.041590765,1.0,0.0,0.0,0.0,0.0,0.0,0.0,0.0,0.0,0.0,0.0,2.0831816,0.041590765,0.0,0.041590765,1.0,0.041590765,0.0,1.0,0.0,0.0,0.041590765,0.0,0.0,0.0,0.0,0.041590765,0.0,0.0,3.0415907,0.0,2.9168184,0.041590765,0.0,0.0,0.0,0.0,0.0,2.0415907,0.0,0.041590765,1.9168185,0.0,0.0,0.0,0.08318153,0.0,0.0,0.0,0.0,0.0,0.0,0.0,1.0415908,0.0,0.0,0.0,0.0,0.0,0.0,0.0,0.0,0.041590765,0.041590765,0.0,0.0,0.0,0.0,0.0,0.0,0.0,0.0,0.0,0.041590765,2.9584093,0.0,0.0,0.0,0.0,0.041590765,0.0,0.0,0.0,0.0,0.0,0.08318153,0.0,0.0,0.0,0.0,0.0,0.0,0.0,0.0,0.0,0.0,0.0,0.0,0.0,0.0,0.041590765,0.0,0.0,0.0,0.0,0.0,0.0,0.0,0.0,0.0,0.041590765,0.0,0.0,2.0,0.0,0.0,1.9168185,0.95840925,0.0,0.0,0.0,0.0,0.0,0.0,0.0,0.95840925,0.0,0.0,0.0,0.0
27.892408,4.869695,9.065152,2.8045428,2.9348476,1.8696952,1.0,2.9348476,5.195457,3.8696952,5.7393904,0.0,0.0,1.8696952,3.8696952,1.8696952,2.8045428,1.8696952,0.9348476,1.8696952,1.0,0.0,0.9348476,0.0,0.0,1.0,0.0,0.9348476,0.9348476,1.0,1.0651524,0.0,0.9348476,0.0,0.9348476,0.9348476,0.0,0.9348476,0.0,0.0,0.9348476,0.0,0.0,0.0,0.0,0.0,0.9348476,0.0,2.9348476,0.0,2.1303048,0.9348476,0.0,0.0,0.0,0.0,0.0,1.8696952,0.0,0.9348476,0.1303048,0.0,0.0,0.0,0.0,0.0,0.0,0.0,0.0,0.0,0.0,0.0,0.9348476,0.0,0.0,0.0,0.0,0.0,0.0,0.0,0.0651524,0.0,0.0,0.0,1.8696952,0.0,0.0,0.0,0.0,0.0,0.0,0.0,0.0,2.0,0.0,0.0,0.0,0.0,0.0,0.0,0.0,0.0,0.0,0.0,0.0,0.0,0.0,0.9348476,0.9348476,0.0,0.0,0.0,0.0,0.0,0.0,0.0651524,0.9348476,0.0,0.0,0.0,0.0,0.0,0.0,0.0,0.0,0.0,0.0,0.0,0.9348476,0.0,0.0,0.0,0.0,0.0,0.0,0.0,0.0,1.0,0.0,0.0,0.0,0.0,0.0,0.0,0.0,0.0,0.0,0.0,0.0
54.86202,4.381223,2.0625892,8.731152,0.41251782,0.0,0.0,0.41251782,1.6500713,9.937411,10.14367,0.0,0.0,0.0,0.61877674,0.20625891,0.41251782,9.524893,3.9687054,0.20625891,0.0,0.0,0.0,0.0,0.0,0.0,0.0,0.0,0.0,0.0,0.41251782,0.0,0.0,0.0,0.20625891,3.9687054,0.0,0.20625891,0.0,0.0,3.9687054,0.0,0.0,0.0,0.0,0.0,0.0,0.0,0.61877674,0.0,0.82503563,0.0,0.0,0.0,0.0,0.0,0.0,0.41251782,0.0,0.0,0.41251782,0.0,0.0,0.0,0.0,0.0,0.0,0.0,0.0,0.0,0.0,0.0,0.20625891,0.0,0.0,0.0,0.0,0.0,0.0,0.0,0.0,0.0,0.0,0.0,0.0,0.0,0.0,0.0,0.0,0.0,0.0,0.0,0.0,0.61877674,0.0,0.0,0.0,0.0,0.0,0.0,0.0,0.0,0.0,0.0,0.0,0.0,0.0,0.0,0.0,0.0,0.0,0.0,0.0,0.0,0.0,0.0,0.0,0.0,0.0,0.0,0.0,0.0,0.0,0.0,0.0,0.0,0.0,0.0,7.937411,0.0,0.0,0.0,0.41251782,0.0,0.0,0.41251782,0.20625891,0.20625891,0.0,0.0,0.0,0.0,0.20625891,0.0,0.20625891,0.0,0.20625891,0.0,0.0
11.727273,4.181818,4.181818,1.0909091,2.0,2.0,3.090909,2.0,1.2727273,0.0,0.0,1.0,0.09090909,1.8181819,0.0,0.0,0.0,0.0,0.09090909,0.0,3.0,0.0,0.0,0.0,2.0,1.0,0.0,0.0,0.0,1.0,0.36363637,0.09090909,0.0,0.09090909,0.0,0.09090909,0.0,0.0,1.0,0.0,0.09090909,0.0,0.90909094,1.0,0.0,0.09090909,0.90909094,0.0,0.0,0.0,0.0,0.09090909,0.0,0.0,0.90909094,0.0,0.0,0.0,0.0,0.09090909,0.0,0.0,0.0,0.0,0.18181819,0.90909094,0.0,0.0,0.0,0.0,0.0,0.90909094,0.0,0.0,0.0,0.90909094,0.0,0.0,0.0,0.0,2.1818182,0.09090909,0.09090909,0.0,0.0,0.0,0.0,0.0,0.0,0.0,0.0,0.0,0.09090909,0.0,0.0,1.1818181,0.0,0.0,0.09090909,0.0,0.0,0.0,0.0,0.0,0.18181819,0.0,0.0,0.0,0.0,0.0,0.0,0.0,0.0,0.0,0.0,0.18181819,0.0,0.0,0.0,0.09090909,0.0,0.0,0.0,0.0,0.0,0.0,0.90909094,0.18181819,0.0,0.0,0.0,0.0,0.0,0.0,0.0,0.0,0.0,0.0,0.0,0.09090909,0.0,0.0,0.0,0.0,0.0,0.09090909,0.0,0.0,0.0
13.130435,4.652174,4.173913,1.2608696,2.1304348,2.2608695,4.0434785,2.2608695,0.7826087,0.0,0.0,1.5217391,0.5217391,2.0,0.0,0.0,0.0,0.0,0.0,0.0,3.2608695,0.5217391,0.0,0.0,2.2608695,1.0,0.26086956,0.0,0.0,1.0,0.26086956,0.0,0.0,0.0,0.0,0.0,0.0,0.0,1.0,0.0,0.0,0.0,1.0,1.0,0.0,0.0,1.0,0.0,0.0,0.0,0.7826087,0.0,0.0,0.0,1.0,0.26086956,0.0,0.0,0.0,0.0,0.26086956,0.0,0.0,0.0,0.0,1.0,0.0,1.1304348,0.0,1.2608696,0.0,1.0,0.0,0.0,0.0,1.0,1.0,0.0,0.0,1.0,0.0,0.0,0.0,0.0,0.0,0.0,0.0,0.0,0.0,0.0,0.0,0.0,0.0,0.0,0.0,0.0,0.26086956,0.0,0.0,0.0,0.0,0.0,0.0,0.26086956,0.0,0.0,0.0,0.0,0.0,0.0,0.0,0.0,0.0,0.0,0.0,0.0,0.0,0.0,0.0,0.0,0.0,0.0,0.0,0.0,0.7826087,0.0,1.0,0.0,0.0,0.0,0.26086956,0.0,0.0,0.0,0.0,0.0,0.0,0.0,1.0,0.0,0.13043478,0.0,0.0,0.0,0.0,0.0,0.0,0.0,0.0
11.181818,4.181818,3.090909,1.1818181,2.0,2.090909,3.3636363,2.0,0.0,0.09090909,0.0,1.1818181,0.36363637,2.0,0.0,0.0,0.0,0.0,0.0,0.0,3.0,0.36363637,0.0,0.0,2.0,1.0,0.18181819,0.0,0.0,1.0,0.0,0.0,0.0,0.0,0.0,0.0,0.0,0.0,1.0,0.0,0.0,0.0,0.90909094,1.0,0.0,0.0,1.0,0.0,0.0,0.0,0.0,0.0,0.0,0.0,1.0,0.18181819,0.0,0.0,0.0,0.0,0.0,0.0,0.0,0.0,0.0,1.0,0.0,1.0,0.18181819,1.0,0.0,1.0,0.0,0.0,0.0,0.90909094,1.0,0.0,0.0,1.0,0.0,0.18181819,0.0,0.0,0.0,0.0,0.0,0.0,0.0,0.0,0.0,0.0,0.0,0.0,0.18181819,0.0,0.0,0.0,0.0,0.0,0.0,0.0,0.0,0.0,0.0,0.0,0.0,0.0,0.0,0.0,0.0,0.0,0.0,0.0,0.0,0.0,0.0,0.0,0.18181819,0.0,0.0,0.0,0.0,0.0,0.0,0.0,0.90909094,0.0,0.0,0.0,0.0,0.0,0.0,0.0,0.0,0.0,0.0,0.0,0.90909094,0.0,0.0,0.0,0.0,0.0,0.0,0.0,0.0,0.0,0.0
10.636364,4.090909,3.090909,1.0909091,2.090909,2.090909,3.0,2.090909,0.0,0.09090909,0.18181819,1.0,0.0,2.090909,0.09090909,0.09090909,0.09090909,0.09090909,0.0,0.09090909,3.0,0.0,0.09090909,0.0,2.0,1.0,0.0,0.09090909,0.09090909,1.0,0.0,0.0,0.09090909,0.0,0.0,0.0,0.0,0.0,1.0,0.09090909,0.0,0.09090909,0.90909094,1.0,0.09090909,0.0,1.0,0.0,0.0,0.0,0.0,0.0,0.0,0.0,1.0,0.0,0.18181819,0.0,0.0,0.0,0.0,0.0,0.0,0.0,0.0,1.0,0.0,1.0,0.0,1.0,0.0,1.0,0.0,0.0,0.0,0.90909094,1.0,0.0,0.0,1.0,0.0,0.0,0.0,0.0,0.0,0.0,0.0,0.0,0.0,0.0,0.0,0.0,0.0,0.0,0.0,0.0,0.0,0.0,0.0,0.0,0.0,0.0,0.0,0.0,0.0,0.0,0.0,0.0,0.0,0.0,0.0,0.0,0.0,0.0,0.0,0.0,0.0,0.0,0.0,0.0,0.0,0.0,0.0,0.0,0.0,0.0,0.90909094,0.0,0.0,0.0,0.0,0.0,0.0,0.0,0.0,0.0,0.0,0.0,0.90909094,0.0,0.0,0.0,0.0,0.0,0.0,0.0,0.0,0.0,0.0
10.761905,4.095238,3.1904762,1.0952381,2.0952382,2.1904762,3.0,2.0952382,0.0,0.04761905,0.14285715,1.0,0.0,2.0952382,0.0952381,0.14285715,0.1904762,0.04761905,0.0,0.0952381,3.0,0.0,0.0952381,0.0,2.0,1.0,0.0,0.0952381,0.0952381,1.0,0.0,0.0,0.0952381,0.0,0.04761905,0.0,0.0,0.0952381,1.0,0.0952381,0.0,0.0952381,1.0,1.0,0.0952381,0.0,1.0,0.04761905,0.0,0.0952381,0.0,0.0,0.0,0.04761905,1.0,0.0,0.14285715,0.0,0.04761905,0.0,0.0,0.0952381,0.0,0.0,0.0,1.0,0.0,1.0,0.0,1.0,0.04761905,1.0,0.0,0.0,0.04761905,0.95238096,1.0,0.0952381,0.04761905,1.0,0.0,0.0,0.0,0.04761905,0.0,0.0,0.0,0.0952381,0.0,0.04761905,0.0,0.0,0.0,0.0,0.0,0.0,0.0,0.0,0.0,0.04761905,0.0,0.04761905,0.0,0.0,0.0,0.04761905,0.0,0.0,0.0,0.04761905,0.0,0.04761905,0.0,0.0952381,0.0,0.0,0.0,0.04761905,0.0,0.0,0.0,0.0,0.0,0.0,0.0,0.0,0.95238096,0.0,0.0,0.0,0.0,0.0,0.0,0.0,0.0,0.0,0.0,0.0,0.95238096,0.0,0.0,0.0,0.0,0.0,0.0,0.0,0.0,0.0,0.0
10.727273,4.0,3.090909,1.0909091,2.0,2.090909,3.0,2.0,0.0,0.18181819,0.09090909,1.0,0.0,2.0,0.0,0.0,0.0,0.0,0.0,0.0,3.0,0.0,0.0,0.0,2.0,1.0,0.0,0.0,0.0,1.0,0.0,0.0,0.0,0.0,0.0,0.0,0.0,0.0,1.0,0.27272728,0.0,0.0,0.90909094,1.0,0.0,0.0,1.0,0.0,0.0,0.0,0.0,0.0,0.0,0.0,1.0,0.0,0.36363637,0.0,0.0,0.0,0.0,0.0,0.0,0.0,0.0,1.0,0.0,1.0,0.0,1.0,0.0,1.0,0.0,0.0,0.0,0.90909094,1.0,0.0,0.0,1.0,0.0,0.0,0.0,0.0,0.0,0.0,0.0,0.0,0.0,0.0,0.0,0.0,0.0,0.0,0.0,0.0,0.0,0.0,0.0,0.0,0.0,0.0,0.0,0.0,0.0,0.0,0.0,0.0,0.0,0.0,0.0,0.0,0.0,0.0,0.0,0.0,0.0,0.0,0.0,0.0,0.0,0.0,0.0,0.0,0.0,0.0,0.90909094,0.0,0.0,0.0,0.0,0.0,0.0,0.0,0.0,0.0,0.0,0.0,0.90909094,0.0,0.0,0.0,0.0,0.0,0.0,0.0,0.0,0.0,0.0
11.166667,4.1666665,3.1666667,1.1666666,2.0,2.1666667,3.0,2.0,0.0,0.16666667,0.0,1.0,0.0,2.0,0.0,0.0,0.0,0.0,0.0,0.0,3.0,0.0,0.0,0.0,2.0,1.0,0.0,0.0,0.0,1.0,0.0,0.0,0.0,0.0,0.0,0.0,0.0,0.0,1.0,0.5,0.0,0.0,0.8333333,1.0,0.0,0.0,1.0,0.0,0.0,0.0,0.0,0.0,0.0,0.0,1.0,0.0,0.6666667,0.0,0.0,0.0,0.0,0.0,0.0,0.0,0.0,1.0,0.0,1.0,0.0,1.0,0.0,1.0,0.0,0.0,0.0,0.8333333,1.0,0.0,0.0,1.0,0.0,0.0,0.0,0.0,0.0,0.0,0.0,0.0,0.0,0.0,0.0,0.0,0.0,0.0,0.0,0.0,0.0,0.0,0.0,0.0,0.0,0.0,0.0,0.0,0.0,0.0,0.0,0.0,0.0,0.0,0.0,0.0,0.0,0.0,0.0,0.0,0.0,0.0,0.0,0.0,0.0,0.0,0.0,0.0,0.0,0.0,0.8333333,0.0,0.0,0.0,0.0,0.0,0.0,0.0,0.0,0.0,0.0,0.0,0.8333333,0.0,0.0,0.0,0.0,0.0,0.0,0.0,0.0,0.0,0.0
10.380953,4.142857,3.0952382,1.0476191,2.0952382,2.0952382,3.047619,2.0952382,0.0,0.04761905,0.14285715,1.0,0.04761905,2.0952382,0.0952381,0.14285715,0.1904762,0.04761905,0.0,0.0952381,3.0,0.0,0.0952381,0.0,2.0,1.0,0.04761905,0.0952381,0.0952381,1.0,0.0,0.0,0.0952381,0.0,0.04761905,0.0,0.0,0.0952381,1.0,0.04761905,0.0,0.0952381,1.0,1.0,0.0952381,0.0,1.0,0.04761905,0.0,0.0952381,0.0,0.0,0.0,0.04761905,1.0,0.0,0.0952381,0.0,0.04761905,0.0,0.0,0.0952381,0.0,0.0,0.0,1.0,0.0,1.0,0.0,1.0,0.04761905,1.0,0.0,0.0,0.04761905,1.0,1.0,0.0952381,0.04761905,1.0,0.0,0.0,0.0,0.04761905,0.0,0.0,0.0,0.0952381,0.0952381,0.04761905,0.0,0.0,0.0,0.0,0.0,0.0,0.0,0.0,0.0,0.04761905,0.0,0.04761905,0.0,0.0,0.0,0.04761905,0.0,0.0,0.0,0.04761905,0.0,0.04761905,0.0,0.0952381,0.0,0.0,0.0,0.04761905,0.0,0.0,0.0,0.04761905,0.0,0.0,0.0,0.0,1.0,0.0,0.0,0.0,0.0,0.0,0.0,0.0,0.0,0.0,0.0,0.0,1.0,0.0,0.0,0.0,0.0,0.0,0.0,0.0,0.0,0.0,0.0
11.116279,4.418605,3.0,1.1395348,2.2790697,2.0,3.139535,2.0,0.0,0.13953489,0.13953489,1.0,0.13953489,2.0,0.0,0.0,0.0,0.13953489,0.0,0.0,3.0,0.0,0.0,0.0,2.0,1.0,0.0,0.0,0.0,1.0,0.0,0.0,0.0,0.0,0.0,0.0,0.0,0.0,1.0,0.0,0.0,0.0,0.9302326,1.0,0.0,0.0,1.0,0.0,0.0,0.0,0.0,0.0,0.0,0.0,1.0,0.0,0.0,0.0,0.0,0.0,0.0,0.0,0.0,0.0,0.0,1.0,0.0,1.0,0.0,1.0,0.0,1.0,0.0,0.0,0.0,0.9302326,1.0,0.0,0.0,1.0,0.0,0.0,0.0,0.0,0.13953489,0.0,0.0,0.0,0.0,0.0,0.0,0.0,0.0,0.0,0.0,0.0,0.0,0.0,0.0,0.0,0.0,0.0,0.0,0.13953489,0.0,0.0,0.0,0.0,0.0,0.0,0.0,0.0,0.0,0.0,0.0,0.0,0.0,0.0,0.0,0.0,0.0,0.0,0.0,0.0,0.0,0.0,0.9302326,0.0,0.0,0.0,0.0,0.0,0.0,0.0,0.0,0.0,0.0,0.0,0.9302326,0.0,0.0,0.0,0.0,0.0,0.0,0.0,0.0,0.0,0.0
10.727273,4.2727275,3.1818182,1.0909091,2.1818182,2.1818182,3.090909,2.1818182,0.0,0.09090909,0.27272728,1.0,0.09090909,2.1818182,0.18181819,0.27272728,0.36363637,0.09090909,0.0,0.18181819,3.0,0.0,0.18181819,0.0,2.0,1.0,0.0,0.18181819,0.18181819,1.0,0.0,0.0,0.18181819,0.0,0.09090909,0.0,0.0,0.18181819,1.0,0.09090909,0.0,0.18181819,1.0,1.0,0.18181819,0.0,1.0,0.09090909,0.0,0.18181819,0.0,0.0,0.0,0.09090909,1.0,0.0,0.18181819,0.0,0.09090909,0.0,0.0,0.18181819,0.0,0.0,0.0,1.0,0.0,1.0,0.0,1.0,0.09090909,1.0,0.0,0.0,0.09090909,1.0,1.0,0.18181819,0.09090909,1.0,0.0,0.0,0.0,0.09090909,0.09090909,0.0,0.0,0.18181819,0.18181819,0.09090909,0.0,0.0,0.0,0.0,0.0,0.0,0.0,0.0,0.0,0.09090909,0.0,0.09090909,0.0,0.09090909,0.0,0.09090909,0.0,0.18181819,0.18181819,0.09090909,0.0,0.09090909,0.0,0.18181819,0.0,0.0,0.0,0.09090909,0.0,0.0,0.0,0.09090909,0.0,0.0,0.0,0.0,0.90909094,0.0,0.0,0.0,0.0,0.0,0.0,0.0,0.0,0.0,0.0,0.0,0.90909094,0.0,0.0,0.0,0.0,0.0,0.0,0.0,0.0,0.0,0.0
10.380953,4.142857,3.0952382,1.0476191,2.0952382,2.0952382,3.047619,2.0952382,0.0,0.04761905,0.14285715,1.0,0.04761905,2.0952382,0.0952381,0.14285715,0.1904762,0.04761905,0.0,0.0952381,3.0,0.0,0.0952381,0.0,2.0,1.0,0.0,0.0952381,0.0952381,1.0,0.0,0.0,0.0952381,0.0,0.04761905,0.0,0.0,0.0952381,1.0,0.04761905,0.0,0.0952381,1.0,1.0,0.0952381,0.0,1.0,0.04761905,0.0,0.0952381,0.0,0.0,0.0,0.04761905,1.0,0.0,0.0952381,0.0,0.04761905,0.0,0.0,0.0952381,0.0,0.0,0.0,1.0,0.0,1.0,0.0,1.0,0.04761905,1.0,0.0,0.0,0.04761905,1.0,1.0,0.0952381,0.04761905,1.0,0.0,0.0,0.0,0.04761905,0.04761905,0.0,0.0,0.0952381,0.0952381,0.04761905,0.0,0.0,0.0,0.0,0.0,0.0,0.0,0.0,0.0,0.04761905,0.0,0.04761905,0.0,0.04761905,0.0,0.04761905,0.0,0.0952381,0.0952381,0.04761905,0.0,0.04761905,0.0,0.0952381,0.0,0.0,0.0,0.04761905,0.0,0.0,0.0,0.04761905,0.0,0.0,0.0,0.0,0.95238096,0.0,0.0,0.0,0.0,0.0,0.0,0.0,0.0,0.0,0.0,0.0,0.95238096,0.0,0.0,0.0,0.0,0.0,0.0,0.0,0.0,0.0,0.0
10.727273,4.0,3.090909,1.0909091,2.0,2.090909,3.0,2.0,0.0,0.18181819,0.09090909,1.0,0.0,2.0,0.0,0.0,0.0,0.0,0.0,0.0,3.0,0.0,0.0,0.0,2.0,1.0,0.0,0.0,0.0,1.0,0.0,0.0,0.0,0.0,0.0,0.0,0.0,0.0,1.0,0.0,0.0,0.0,1.0,1.0,0.0,0.0,1.0,0.0,0.0,0.0,0.0,0.0,0.0,0.0,1.0,0.0,0.0,0.0,0.0,0.0,0.0,0.0,0.0,0.0,0.0,1.0,0.0,1.0,0.0,1.0,0.0,1.0,0.0,0.0,0.0,0.90909094,1.0,0.0,0.0,1.0,0.0,0.0,0.0,0.0,0.0,0.0,0.0,0.0,0.0,0.0,0.0,0.0,0.0,0.0,0.0,0.0,0.0,0.0,0.0,0.0,0.0,0.0,0.0,0.0,0.0,0.0,0.0,0.0,0.0,0.0,0.0,0.0,0.0,0.0,0.0,0.0,0.0,0.0,0.0,0.0,0.0,0.0,0.0,0.0,0.0,0.0,0.90909094,0.0,0.0,0.0,0.0,0.0,0.0,0.0,0.0,0.0,0.0,0.0,0.90909094,0.0,0.0,0.0,0.0,0.0,0.0,0.0,0.0,0.0,0.0
10.407767,4.0873785,3.0582523,1.0582525,2.0,2.0582523,3.0,2.0,0.0,0.116504855,0.0,1.0,0.0,2.0,0.0,0.0,0.0,0.0,0.0,0.0,3.0,0.0,0.0,0.0,2.0,1.0,0.0,0.0,0.0,1.0,0.0,0.0,0.0,0.0,0.0,0.0,0.0,0.0,1.0,0.029126214,0.0,0.0,0.9708738,1.0,0.0,0.0,1.0,0.0,0.0,0.0,0.0,0.0,0.0,0.0,1.0,0.0,0.0,0.0,0.0,0.0,0.0,0.0,0.0,0.0,0.0,1.0,0.0,1.0,0.0,1.0,0.0,1.0,0.0,0.0,0.0,0.9708738,1.0,0.0,0.0,1.0,0.0,0.0,0.0,0.0,0.0,0.0,0.0,0.0,0.0,0.0,0.0,0.0,0.0,0.0,0.0,0.0,0.0,0.0,0.0,0.0,0.0,0.0,0.029126214,0.0,0.0,0.0,0.0,0.0,0.0,0.0,0.0,0.0,0.0,0.0,0.0,0.0,0.0,0.0,0.0,0.0,0.0,0.0,0.0,0.0,0.0,0.0,0.9708738,0.0,0.0,0.0,0.0,0.0,0.0,0.0,0.0,0.0,0.0,0.0,0.9708738,0.0,0.0,0.0,0.0,0.0,0.0,0.0,0.0,0.0,0.0
12.285714,4.0,3.5714285,1.2857143,2.0,2.5714285,3.0,2.0,0.0,0.0,0.0,1.0,0.0,2.0,0.0,0.0,0.0,0.0,0.0,0.0,3.0,0.0,0.0,0.0,2.0,1.0,0.0,0.0,0.0,1.0,0.0,0.0,0.0,0.0,0.0,0.0,0.0,0.0,1.0,0.2857143,0.0,0.0,1.0,1.0,0.0,0.0,1.0,0.0,0.0,0.0,0.0,0.0,0.0,0.2857143,1.0,0.0,0.2857143,0.0,0.0,0.0,0.0,0.5714286,0.0,0.0,0.0,1.0,0.0,1.0,0.0,1.0,0.0,1.0,0.0,0.0,0.0,0.71428573,1.0,0.0,0.0,1.0,0.0,0.0,0.0,0.0,0.0,0.0,0.0,0.0,0.0,0.0,0.0,0.0,0.0,0.0,0.0,0.0,0.0,0.0,0.0,0.0,0.0,0.2857143,0.0,0.0,0.0,0.2857143,0.0,0.0,0.0,0.0,0.0,0.0,0.0,0.0,0.0,0.0,0.0,0.0,0.0,0.0,0.0,0.0,0.0,0.0,0.0,0.0,0.71428573,0.0,0.0,0.0,0.0,0.0,0.0,0.0,0.0,0.0,0.0,0.0,0.71428573,0.0,0.0,0.0,0.0,0.0,0.0,0.0,0.0,0.0,0.0
14.615385,4.923077,3.2307692,1.6923077,2.0,2.0,4.8461537,2.0,0.0,0.0,0.0,1.9230769,1.3846154,2.0,0.0,0.0,0.0,0.0,0.0,0.0,3.4615386,1.3846154,0.0,0.0,2.4615386,1.0,0.0,0.0,0.0,1.0,0.0,0.0,0.0,0.0,0.0,0.0,0.0,0.0,1.0,0.0,0.0,0.0,1.0,1.0,0.0,0.0,1.0,0.0,0.0,0.0,0.0,0.0,0.0,0.0,1.0,0.0,0.0,0.0,0.0,0.0,0.0,0.0,0.0,0.0,0.0,1.0,0.0,1.2307693,0.46153846,1.4615384,0.0,1.0,0.0,0.0,0.0,1.0,1.0,0.0,0.0,1.0,0.0,0.0,0.0,0.0,0.0,0.0,0.0,0.0,0.0,0.0,0.0,0.0,0.0,0.0,0.0,0.0,0.46153846,0.0,0.0,0.0,0.0,0.0,0.0,0.0,0.0,0.0,0.0,0.0,0.0,0.0,0.0,0.0,0.6923077,0.0,0.0,0.0,0.0,0.0,0.0,0.0,0.0,0.0,0.0,0.0,0.0,0.6923077,1.0,0.0,0.0,0.0,0.46153846,0.46153846,0.0,0.0,0.0,0.0,0.0,0.0,1.0,0.0,0.23076923,0.0,0.0,0.0,0.0,0.0,0.0,0.0,0.0
11.454545,4.181818,2.909091,1.2727273,2.0,2.0,3.3636363,2.0,0.0,0.0,0.0,1.1818181,0.54545456,2.0,0.0,0.0,0.0,0.0,0.0,0.0,2.8181818,0.45454547,0.0,0.0,1.9090909,1.0,0.0,0.0,0.0,1.0,0.0,0.0,0.0,0.0,0.0,0.0,0.0,0.0,0.90909094,0.0,0.0,0.0,1.0,0.90909094,0.0,0.0,1.0,0.0,0.0,0.0,0.0,0.0,0.0,0.0,1.0,0.0,0.0,0.0,0.0,0.0,0.0,0.0,0.0,0.0,0.0,0.90909094,0.0,0.90909094,0.18181819,0.90909094,0.0,0.90909094,0.0,0.0,0.0,1.0,0.90909094,0.0,0.0,0.90909094,0.0,0.0,0.0,0.0,0.0,0.0,0.0,0.0,0.0,0.0,0.0,0.0,0.0,0.0,0.0,0.0,0.09090909,0.0,0.0,0.0,0.0,0.0,0.0,0.0,0.0,0.0,0.0,0.0,0.0,0.0,0.0,0.0,0.27272728,0.0,0.0,0.0,0.0,0.0,0.0,0.0,0.09090909,0.0,0.0,0.0,0.0,0.18181819,0.90909094,0.0,0.0,0.0,0.0,0.09090909,0.0,0.0,0.0,0.0,0.0,0.0,0.90909094,0.0,0.0,0.0,0.0,0.0,0.0,0.0,0.0,0.0,0.0
10.333333,4.047619,3.047619,1.0476191,2.0,2.047619,3.047619,2.0,0.0,0.04761905,0.04761905,1.0,0.04761905,2.0,0.0,0.0,0.0,0.04761905,0.0,0.0,3.0,0.0,0.0,0.0,2.0,1.0,0.0,0.0,0.0,1.0,0.0,0.0,0.0,0.0,0.0,0.0,0.0,0.0,1.0,0.04761905,0.0,0.0,0.95238096,1.0,0.0,0.0,1.0,0.0,0.0,0.0,0.0,0.0,0.0,0.0,1.0,0.0,0.0952381,0.0,0.0,0.0,0.0,0.0,0.0,0.0,0.0,1.0,0.0,1.0,0.0,1.0,0.0,1.0,0.0,0.0,0.0,0.95238096,1.0,0.0,0.0,1.0,0.0,0.04761905,0.0,0.0,0.0,0.0,0.0,0.0,0.0,0.0,0.0,0.0,0.0,0.0,0.0,0.0,0.0,0.0,0.0,0.0,0.0,0.0,0.0,0.0,0.0,0.0,0.0,0.0,0.0,0.0,0.0,0.0,0.0,0.0,0.0,0.0,0.0,0.0,0.0,0.0,0.0,0.0,0.0,0.0,0.0,0.0,0.95238096,0.0,0.0,0.0,0.0,0.0,0.0,0.0,0.0,0.0,0.0,0.0,0.95238096,0.0,0.0,0.0,0.0,0.0,0.0,0.0,0.0,0.0,0.0
22.0,8.0,4.0,3.0,0.0,4.0,3.0,0.0,0.0,1.0,1.0,0.0,3.0,0.0,0.0,0.0,0.0,1.0,1.0,0.0,0.0,0.0,0.0,0.0,0.0,0.0,0.0,0.0,0.0,0.0,0.0,0.0,0.0,2.0,0.0,0.0,0.0,0.0,0.0,2.0,0.0,0.0,0.0,0.0,0.0,2.0,0.0,0.0,0.0,0.0,0.0,0.0,0.0,0.0,0.0,0.0,0.0,0.0,0.0,0.0,0.0,0.0,0.0,0.0,0.0,0.0,0.0,0.0,0.0,0.0,0.0,0.0,0.0,0.0,0.0,0.0,0.0,0.0,0.0,0.0,0.0,4.0,0.0,0.0,0.0,0.0,0.0,0.0,0.0,0.0,0.0,2.0,0.0,0.0,0.0,0.0,0.0,0.0,0.0,0.0,0.0,0.0,1.0,0.0,0.0,0.0,0.0,0.0,0.0,0.0,0.0,0.0,0.0,0.0,2.0,0.0,0.0,0.0,0.0,0.0,0.0,0.0,0.0,0.0,0.0,0.0,0.0,0.0,0.0,0.0,0.0,0.0,0.0,0.0,0.0,0.0,0.0,0.0,0.0,0.0,0.0,0.0,0.0,0.0,0.0,0.0,0.0,0.0,0.0
21.0,4.0,4.0,3.0,0.0,2.0,3.0,0.0,6.0,0.0,0.0,0.0,3.0,0.0,0.0,0.0,0.0,0.0,1.0,0.0,0.0,0.0,0.0,6.0,0.0,0.0,2.0,0.0,0.0,0.0,0.0,4.0,0.0,2.0,0.0,0.0,1.0,0.0,0.0,0.0,0.0,0.0,0.0,0.0,0.0,2.0,0.0,0.0,0.0,0.0,0.0,0.0,6.0,0.0,0.0,0.0,0.0,0.0,0.0,0.0,0.0,0.0,2.0,2.0,0.0,0.0,1.0,0.0,0.0,0.0,0.0,0.0,0.0,1.0,0.0,0.0,0.0,0.0,0.0,0.0,0.0,0.0,0.0,0.0,0.0,2.0,0.0,0.0,0.0,0.0,1.0,2.0,0.0,0.0,0.0,0.0,0.0,0.0,0.0,0.0,0.0,0.0,0.0,0.0,0.0,0.0,1.0,0.0,0.0,0.0,0.0,0.0,0.0,0.0,2.0,0.0,0.0,0.0,0.0,0.0,0.0,0.0,0.0,0.0,0.0,0.0,0.0,0.0,0.0,0.0,0.0,0.0,0.0,0.0,0.0,0.0,0.0,0.0,0.0,0.0,0.0,0.0,0.0,0.0,0.0,0.0,0.0,0.0,0.0
23.0,7.0,3.0,3.0,0.0,1.0,6.0,0.0,0.0,0.0,0.0,2.0,2.0,0.0,0.0,0.0,0.0,0.0,1.0,0.0,4.0,2.0,0.0,0.0,2.0,0.0,0.0,0.0,0.0,0.0,0.0,0.0,0.0,1.0,0.0,1.0,0.0,0.0,0.0,0.0,1.0,0.0,0.0,0.0,0.0,0.0,0.0,0.0,0.0,0.0,0.0,0.0,0.0,0.0,0.0,0.0,0.0,0.0,0.0,0.0,0.0,0.0,0.0,0.0,1.0,0.0,0.0,2.0,0.0,2.0,0.0,0.0,0.0,0.0,0.0,0.0,0.0,0.0,0.0,0.0,0.0,0.0,1.0,0.0,0.0,0.0,0.0,0.0,0.0,0.0,0.0,0.0,0.0,0.0,0.0,0.0,2.0,0.0,0.0,0.0,0.0,0.0,1.0,0.0,0.0,0.0,0.0,0.0,0.0,0.0,0.0,0.0,0.0,0.0,0.0,0.0,0.0,0.0,0.0,0.0,0.0,0.0,1.0,0.0,0.0,0.0,0.0,0.0,0.0,0.0,2.0,0.0,0.0,0.0,0.0,0.0,0.0,0.0,0.0,0.0,0.0,0.0,0.0,1.0,0.0,0.0,0.0,0.0,0.0
22.0,7.0,2.0,3.0,0.0,0.0,6.0,0.0,0.0,0.0,0.0,2.0,2.0,0.0,0.0,0.0,0.0,0.0,1.0,0.0,4.0,2.0,0.0,0.0,2.0,0.0,0.0,0.0,0.0,0.0,0.0,0.0,0.0,1.0,0.0,1.0,0.0,0.0,0.0,0.0,1.0,0.0,0.0,0.0,0.0,0.0,0.0,0.0,0.0,0.0,0.0,0.0,0.0,0.0,0.0,0.0,0.0,0.0,0.0,0.0,0.0,0.0,0.0,0.0,1.0,0.0,0.0,2.0,0.0,2.0,0.0,0.0,0.0,0.0,0.0,0.0,0.0,0.0,0.0,0.0,0.0,0.0,1.0,0.0,0.0,0.0,0.0,0.0,0.0,0.0,0.0,0.0,0.0,0.0,0.0,0.0,2.0,0.0,0.0,0.0,0.0,0.0,1.0,0.0,0.0,0.0,0.0,0.0,0.0,0.0,0.0,0.0,0.0,0.0,0.0,0.0,0.0,0.0,0.0,0.0,0.0,0.0,1.0,0.0,0.0,0.0,0.0,0.0,0.0,0.0,2.0,0.0,0.0,0.0,0.0,0.0,0.0,0.0,0.0,0.0,0.0,0.0,0.0,1.0,0.0,0.0,0.0,0.0,0.0
30.0,6.0,10.0,3.0,1.0,3.0,6.0,2.0,7.0,1.0,1.0,2.0,4.0,0.0,0.0,0.0,0.0,1.0,1.0,0.0,0.0,2.0,0.0,0.0,0.0,0.0,2.0,0.0,0.0,0.0,2.0,0.0,0.0,1.0,0.0,0.0,0.0,0.0,0.0,0.0,0.0,0.0,0.0,0.0,0.0,1.0,0.0,0.0,0.0,0.0,7.0,0.0,0.0,0.0,0.0,0.0,0.0,0.0,0.0,0.0,2.0,0.0,0.0,0.0,0.0,0.0,0.0,0.0,0.0,0.0,0.0,0.0,0.0,0.0,0.0,0.0,0.0,0.0,0.0,0.0,0.0,0.0,0.0,0.0,1.0,0.0,0.0,0.0,0.0,0.0,0.0,0.0,0.0,0.0,0.0,0.0,0.0,0.0,0.0,0.0,0.0,0.0,0.0,2.0,0.0,0.0,1.0,0.0,0.0,0.0,0.0,0.0,0.0,0.0,0.0,0.0,0.0,0.0,0.0,0.0,0.0,0.0,0.0,0.0,6.0,0.0,0.0,0.0,1.0,0.0,0.0,0.0,0.0,0.0,0.0,0.0,0.0,0.0,0.0,0.0,0.0,0.0,0.0,0.0,0.0,0.0,0.0,0.0,0.0
27.0,6.0,8.0,3.0,1.0,3.0,5.0,2.0,5.0,1.0,1.0,1.0,4.0,0.0,0.0,0.0,0.0,1.0,1.0,0.0,0.0,1.0,0.0,0.0,0.0,0.0,2.0,0.0,0.0,0.0,2.0,0.0,0.0,1.0,0.0,0.0,0.0,0.0,0.0,0.0,0.0,0.0,0.0,0.0,0.0,1.0,0.0,0.0,0.0,0.0,1.0,0.0,0.0,0.0,0.0,0.0,0.0,0.0,0.0,0.0,2.0,0.0,0.0,0.0,0.0,0.0,0.0,0.0,0.0,0.0,0.0,0.0,0.0,0.0,0.0,0.0,0.0,0.0,0.0,0.0,0.0,0.0,0.0,0.0,1.0,0.0,0.0,0.0,0.0,0.0,0.0,0.0,0.0,0.0,0.0,0.0,0.0,0.0,0.0,0.0,0.0,0.0,0.0,2.0,0.0,0.0,1.0,0.0,0.0,0.0,0.0,0.0,0.0,0.0,0.0,0.0,0.0,0.0,0.0,0.0,0.0,0.0,0.0,0.0,6.0,0.0,0.0,0.0,1.0,0.0,0.0,0.0,0.0,0.0,0.0,0.0,0.0,0.0,0.0,0.0,0.0,0.0,0.0,0.0,0.0,0.0,0.0,0.0,0.0
28.0,7.0,7.0,3.0,1.0,2.0,8.0,2.0,5.0,1.0,1.0,3.0,5.0,0.0,0.0,0.0,0.0,1.0,1.0,0.0,0.0,3.0,0.0,0.0,0.0,0.0,2.0,0.0,0.0,0.0,2.0,0.0,0.0,1.0,0.0,0.0,0.0,0.0,0.0,0.0,0.0,0.0,0.0,0.0,0.0,1.0,0.0,0.0,0.0,0.0,1.0,0.0,0.0,0.0,0.0,0.0,0.0,0.0,0.0,0.0,2.0,0.0,0.0,0.0,0.0,0.0,0.0,0.0,0.0,0.0,0.0,0.0,0.0,0.0,0.0,0.0,0.0,0.0,0.0,0.0,0.0,0.0,0.0,0.0,0.0,0.0,0.0,0.0,0.0,0.0,0.0,0.0,0.0,0.0,0.0,0.0,0.0,0.0,0.0,0.0,0.0,0.0,0.0,2.0,0.0,0.0,1.0,0.0,0.0,0.0,0.0,0.0,0.0,0.0,0.0,0.0,0.0,0.0,0.0,0.0,0.0,0.0,0.0,0.0,6.0,0.0,0.0,0.0,1.0,0.0,0.0,0.0,0.0,0.0,0.0,0.0,0.0,0.0,0.0,0.0,0.0,0.0,0.0,0.0,0.0,0.0,0.0,0.0,0.0
8.0,3.0,1.0,1.0,0.0,0.0,2.0,0.0,0.0,0.0,0.0,0.0,0.0,0.0,0.0,0.0,0.0,0.0,1.0,0.0,2.0,0.0,0.0,0.0,0.0,0.0,0.0,0.0,0.0,0.0,0.0,0.0,0.0,1.0,0.0,1.0,0.0,0.0,0.0,0.0,1.0,0.0,0.0,0.0,0.0,0.0,0.0,0.0,0.0,0.0,0.0,0.0,0.0,0.0,0.0,0.0,0.0,0.0,0.0,0.0,0.0,0.0,0.0,0.0,1.0,0.0,0.0,1.0,0.0,0.0,0.0,0.0,0.0,0.0,0.0,0.0,0.0,0.0,0.0,0.0,0.0,0.0,1.0,0.0,0.0,0.0,0.0,0.0,0.0,0.0,0.0,0.0,0.0,0.0,0.0,0.0,0.0,0.0,0.0,0.0,0.0,0.0,0.0,0.0,0.0,0.0,0.0,0.0,0.0,0.0,0.0,0.0,0.0,0.0,0.0,0.0,0.0,0.0,0.0,0.0,0.0,0.0,1.0,0.0,0.0,0.0,0.0,0.0,0.0,0.0,0.0,0.0,0.0,0.0,0.0,0.0,0.0,0.0,0.0,0.0,0.0,0.0,0.0,1.0,0.0,0.0,0.0,0.0,0.0
8.0,0.9,1.7,1.0,0.0,0.7,0.6,0.0,0.7,0.0,0.0,0.0,0.6,0.0,0.0,0.0,0.0,0.0,0.3,0.0,0.0,0.0,0.0,0.7,0.0,0.0,0.0,0.0,0.0,0.0,0.0,0.0,0.0,0.6,0.0,0.0,0.0,0.0,0.0,0.0,0.0,0.0,0.0,0.0,0.0,0.6,0.0,0.0,0.0,0.0,0.0,0.0,0.0,0.0,0.0,0.0,0.0,0.0,0.0,0.0,0.0,0.0,0.0,0.0,0.6,0.0,0.0,0.0,0.0,0.0,0.0,0.0,0.0,0.0,0.0,0.0,0.0,0.0,0.0,0.0,0.0,0.0,0.0,0.0,0.0,0.0,0.0,0.0,0.0,0.0,0.0,0.6,0.0,0.0,0.0,0.0,0.0,0.0,0.0,0.0,0.0,0.0,0.0,0.0,0.0,0.0,0.0,0.0,0.0,0.0,0.0,0.0,0.0,0.0,0.3,0.0,0.0,0.0,0.0,0.0,0.0,0.0,0.0,0.0,0.0,0.0,0.0,0.0,0.0,0.0,0.0,0.0,0.0,0.0,0.0,0.0,0.0,0.0,0.0,0.0,0.0,0.6,0.0,0.0,0.0,0.0,0.0,0.0,0.0
6.627451,1.0784314,5.0392156,0.09803922,1.0196079,0.039215688,0.039215688,1.0196079,4.0,1.0588236,1.0784314,0.0,0.039215688,0.0,1.0,0.019607844,0.019607844,0.078431375,0.019607844,0.019607844,0.0,0.0,0.019607844,0.0,0.0,0.0,0.039215688,0.019607844,0.0,0.0,1.0196079,0.0,0.0,0.039215688,0.0,0.019607844,0.0,0.0,0.0,0.0,0.019607844,0.0,0.0,0.0,0.0,0.039215688,0.0,0.0,1.0,0.0,2.0,0.0,0.0,0.0,0.0,0.0,0.0,0.019607844,0.0,0.0,1.0196079,0.0,0.0,0.0,0.039215688,0.0,0.0,0.0,0.0,0.0,0.0,0.0,0.019607844,0.0,0.0,0.0,0.0,0.0,0.0,0.0,0.0,0.0,0.039215688,0.0,0.0,0.0,0.0,0.0,0.0,0.0,0.0,0.039215688,0.0,1.0,0.0,0.0,0.0,0.0,0.039215688,0.0,0.0,0.0,0.0,0.0,0.0,0.0,0.039215688,0.0,0.0,0.0,0.0,0.0,0.0,0.0,0.039215688,0.0,0.0,0.0,0.0,0.0,0.0,0.0,0.0,0.0,0.0,0.0,0.0,0.0,0.0,0.0,0.0,0.0,0.0,0.0,0.0,0.0,1.0,0.0,0.0,0.0,0.0,0.039215688,0.0,0.0,0.0,0.0,0.0,0.0,0.0
26.0,4.0,15.0,2.0,2.0,2.0,3.0,2.0,17.0,0.0,0.0,1.0,2.0,0.0,0.0,0.0,0.0,0.0,0.0,0.0,1.0,1.0,0.0,6.0,1.0,1.0,2.0,0.0,0.0,1.0,2.0,4.0,0.0,0.0,0.0,0.0,1.0,0.0,0.0,0.0,0.0,0.0,0.0,0.0,0.0,0.0,0.0,0.0,0.0,0.0,14.0,0.0,6.0,0.0,0.0,1.0,0.0,0.0,0.0,0.0,2.0,0.0,2.0,2.0,0.0,0.0,1.0,0.0,0.0,0.0,0.0,0.0,0.0,1.0,0.0,0.0,0.0,0.0,0.0,0.0,1.0,0.0,0.0,0.0,0.0,2.0,3.0,0.0,0.0,0.0,1.0,0.0,0.0,0.0,0.0,1.0,1.0,6.0,0.0,0.0,0.0,0.0,0.0,0.0,0.0,0.0,0.0,0.0,0.0,0.0,0.0,0.0,0.0,0.0,0.0,1.0,0.0,0.0,0.0,0.0,1.0,0.0,0.0,0.0,0.0,0.0,0.0,0.0,0.0,0.0,0.0,0.0,0.0,0.0,0.0,0.0,0.0,0.0,0.0,0.0,0.0,0.0,0.0,0.0,0.0,0.0,0.0,0.0,0.0
20.1,5.8,5.0,2.35,2.0,2.9,5.25,2.0,1.1,0.0,0.0,1.9,1.35,2.0,0.0,0.0,0.0,0.0,0.45,0.0,3.9,0.9,0.0,0.0,2.9,1.0,0.0,0.0,0.0,1.0,0.0,0.0,0.0,0.45,0.0,0.9,0.0,0.0,1.0,0.0,0.9,0.0,1.0,1.0,0.0,0.45,1.0,0.0,0.0,0.0,0.0,0.45,0.0,0.0,1.0,0.0,0.0,0.0,0.0,0.45,0.0,0.0,0.0,0.0,0.9,1.0,0.0,0.9,0.0,1.35,0.0,1.0,0.0,0.0,0.0,1.0,0.45,0.0,0.0,0.45,1.1,0.45,0.9,0.0,0.0,0.0,0.0,0.0,0.0,0.0,0.0,0.0,0.45,0.0,0.0,0.55,0.9,0.0,0.9,0.0,0.0,0.0,0.0,0.0,0.0,0.0,0.0,0.0,0.0,0.0,0.0,0.0,0.45,0.0,0.0,0.0,0.0,0.0,0.0,0.9,0.0,0.0,0.0,0.45,0.0,0.45,1.0,0.0,0.0,0.0,0.9,0.9,0.0,0.0,0.0,0.0,0.0,0.0,0.45,0.0,0.45,0.0,0.0,0.0,0.0,0.0,0.0,0.0,0.0
11.35147,2.0639036,9.0,0.06390365,2.0,0.06390365,0.031951826,2.0,7.0,2.0,3.0,0.0,0.031951826,0.0,3.0,1.0,2.0,0.0,0.031951826,1.0,0.0,0.0,0.0,0.0,0.0,0.0,0.0,0.0,0.0,0.0,2.031952,0.031951826,0.0,0.031951826,1.0,0.031951826,0.0,1.0,0.0,0.0,0.031951826,0.0,0.0,0.0,0.0,0.031951826,0.0,0.0,3.031952,0.0,2.9360964,0.031951826,0.0,0.0,0.0,0.0,0.0,2.031952,0.0,0.031951826,2.031952,0.0,0.0,0.0,0.06390365,0.0,0.0,0.0,0.0,0.0,0.0,0.0,1.0319518,0.0,0.0,0.0,0.0,0.0,0.0,0.0,0.0,0.031951826,0.031951826,0.0,0.0,0.0,0.0,0.0,0.0,0.0,0.0,0.0,0.031951826,2.968048,0.0,0.0,0.0,0.031951826,0.031951826,0.0,0.0,0.0,0.0,0.0,0.031951826,0.0,0.0,0.0,0.0,0.0,0.0,0.0,0.0,0.0,0.0,0.0,0.0,0.0,0.0,0.031951826,0.0,0.0,0.0,0.0,0.0,0.0,0.0,0.0,0.0,0.031951826,0.0,0.0,2.0,0.0,0.0,1.9680482,0.96804816,0.0,0.0,0.0,0.0,0.0,0.0,0.0,0.96804816,0.0,0.0,0.0,0.0
6.1532474,1.0218925,5.0656776,0.014594998,1.0072975,0.014594998,0.007297499,1.0072975,4.05838,1.0072975,1.014595,0.0,0.007297499,0.0,1.014595,0.007297499,0.014594998,0.0,0.007297499,0.007297499,0.0,0.0,0.0,0.0,0.0,0.0,0.0,0.0,0.0,0.0,1.014595,0.007297499,0.0,0.007297499,0.007297499,0.007297499,0.0,0.007297499,0.0,0.0,0.007297499,0.0,0.0,0.0,0.0,0.007297499,0.0,0.0,1.014595,0.0,2.02919,0.007297499,0.0,0.0,0.0,0.0,0.0,0.014594998,0.0,0.007297499,1.014595,0.0,0.0,0.0,0.014594998,0.0,0.0,0.0,0.0,0.0,0.0,0.0,0.007297499,0.0,0.0,0.0,0.0,0.0,0.0,0.0,0.0,0.007297499,0.007297499,0.0,0.0,0.0,0.0,0.0,0.0,0.0,0.0,0.0,0.007297499,1.0072975,0.0,0.0,0.0,0.007297499,0.007297499,0.0,0.0,0.0,0.0,0.0,0.007297499,0.0,0.0,0.0,0.0,0.0,0.0,0.0,0.0,0.0,0.0,0.0,0.0,0.0,0.0,0.007297499,0.0,0.0,0.0,0.0,0.0,0.0,0.0,0.0,0.0,0.0,0.0,0.0,0.007297499,0.0,0.0,0.014594998,0.9927025,0.0,0.0,0.0,0.0,0.0,0.007297499,0.0,0.0,0.0,0.0,0.0,0.0
6.1532474,1.0218925,5.0656776,0.014594998,1.0072975,0.014594998,0.007297499,1.0072975,4.05838,1.0072975,1.014595,0.0,0.007297499,0.0,1.014595,0.007297499,0.014594998,0.0,0.007297499,0.007297499,0.0,0.0,0.0,0.0,0.0,0.0,0.0,0.0,0.0,0.0,1.014595,0.007297499,0.0,0.007297499,0.007297499,0.007297499,0.0,0.007297499,0.0,0.0,0.007297499,0.0,0.0,0.0,0.0,0.007297499,0.0,0.0,1.014595,0.0,2.02919,0.007297499,0.0,0.0,0.0,0.0,0.0,0.014594998,0.0,0.007297499,1.014595,0.0,0.0,0.0,0.014594998,0.0,0.0,0.0,0.0,0.0,0.0,0.0,0.007297499,0.0,0.0,0.0,0.0,0.0,0.0,0.0,0.0,0.007297499,0.007297499,0.0,0.0,0.0,0.0,0.0,0.0,0.0,0.0,0.0,0.007297499,1.0072975,0.0,0.0,0.0,0.007297499,0.007297499,0.0,0.0,0.0,0.0,0.0,0.007297499,0.0,0.0,0.0,0.0,0.0,0.0,0.0,0.0,0.0,0.0,0.0,0.0,0.0,0.0,0.007297499,0.0,0.0,0.0,0.0,0.0,0.0,0.0,0.0,0.0,0.0,0.0,0.0,0.007297499,0.0,0.0,0.014594998,0.9927025,0.0,0.0,0.0,0.0,0.0,0.007297499,0.0,0.0,0.0,0.0,0.0,0.0
11.818182,4.3636365,3.090909,1.2727273,2.0,2.0,3.7272727,2.0,0.0,0.0,0.0,1.3636364,0.54545456,2.0,0.0,0.0,0.0,0.0,0.0,0.0,3.1818182,0.54545456,0.0,0.0,2.1818182,1.0,0.0,0.0,0.0,1.0,0.0,0.0,0.0,0.0,0.0,0.0,0.0,0.0,1.0,0.0,0.0,0.0,1.0,1.0,0.0,0.0,1.0,0.0,0.0,0.0,0.0,0.0,0.0,0.0,1.0,0.0,0.0,0.0,0.0,0.0,0.0,0.0,0.0,0.0,0.0,1.0,0.0,1.0909091,0.18181819,1.1818181,0.0,1.0,0.0,0.0,0.0,1.0,1.0,0.0,0.0,1.0,0.0,0.0,0.0,0.0,0.0,0.0,0.0,0.0,0.0,0.0,0.0,0.0,0.0,0.0,0.0,0.0,0.18181819,0.0,0.0,0.0,0.0,0.0,0.0,0.0,0.0,0.0,0.0,0.0,0.0,0.0,0.0,0.0,0.27272728,0.0,0.0,0.0,0.0,0.0,0.0,0.0,0.0,0.0,0.0,0.0,0.0,0.27272728,1.0,0.0,0.0,0.0,0.18181819,0.18181819,0.0,0.0,0.0,0.0,0.0,0.0,1.0,0.0,0.09090909,0.0,0.0,0.0,0.0,0.0,0.0,0.0,0.0
3.648,0.243,2.081,0.081,0.0,0.162,0.162,0.0,1.0,0.919,0.0,0.0,0.0,0.0,0.0,0.0,0.0,0.0,0.081,0.0,0.0,0.0,0.0,0.081,0.0,0.0,0.0,0.0,0.0,0.0,0.0,0.0,0.0,0.162,0.0,0.0,0.0,0.0,0.0,0.0,0.0,0.0,0.081,0.0,0.0,0.0,0.0,0.0,0.0,0.0,0.0,0.0,0.0,0.0,0.0,0.0,0.0,0.0,0.0,0.0,0.0,0.0,0.0,0.0,0.162,0.0,0.0,0.0,0.0,0.0,0.0,0.0,0.0,0.0,0.0,0.0,0.0,0.0,0.0,0.0,0.0,0.0,0.0,0.0,0.0,0.0,0.0,0.0,0.0,0.0,0.0,0.162,0.0,0.0,0.0,0.0,0.0,0.0,0.0,0.0,0.0,0.0,0.0,0.0,0.0,0.0,0.0,0.0,0.0,0.0,0.0,0.0,0.0,0.0,0.0,0.0,0.0,0.0,0.0,0.0,0.0,0.0,0.0,0.0,0.0,0.0,0.0,0.0,0.0,0.0,0.0,0.0,0.0,0.0,0.0,0.0,0.0,0.0,0.0,0.0,0.0,0.162,0.0,0.0,0.0,0.0,0.0,0.0,0.0
8.1,4.02,5.98,0.02,1.98,0.0,3.0,1.98,3.98,0.0,0.0,1.0,0.0,0.0,0.0,0.0,0.0,0.0,0.02,0.0,3.0,0.0,0.0,0.0,2.0,1.0,0.0,0.0,0.0,1.0,1.98,0.0,0.0,0.0,0.0,0.02,0.0,0.0,1.0,0.0,0.02,0.0,0.0,1.0,0.0,0.0,0.0,0.0,0.0,0.0,0.0,0.02,0.0,0.0,0.0,0.0,0.0,0.0,0.0,0.02,1.96,0.0,0.0,0.0,0.04,0.0,0.0,0.0,0.0,0.0,0.0,0.0,0.0,0.0,0.0,0.0,0.0,0.0,0.0,0.0,3.0,0.0,0.02,0.0,0.0,0.0,0.0,0.0,0.0,0.0,0.0,0.0,0.0,0.0,0.0,2.0,0.0,0.0,0.0,0.0,0.0,0.0,0.0,0.0,0.0,0.0,0.0,0.0,0.0,0.0,0.0,0.0,0.0,0.0,0.0,1.0,0.0,0.0,0.0,0.0,0.0,0.0,0.0,0.0,0.0,0.0,0.0,1.0,0.0,0.0,0.0,0.0,0.0,0.0,0.0,0.0,0.0,0.0,0.0,0.0,0.0,0.0,0.0,0.0,0.0,0.0,0.0,0.0,0.0
12.4471855,2.162613,10.12196,0.04065323,2.0406532,0.0,0.12195969,2.0406532,8.040653,2.0,3.0,0.04065323,0.0,0.0,3.0,1.0,2.0,0.0,0.04065323,1.0,0.12195969,0.0,0.0,0.0,0.08130646,0.04065323,0.0,0.0,0.0,0.04065323,2.0406532,0.0,0.0,0.04065323,1.0,0.04065323,0.0,1.0,0.04065323,0.0,0.04065323,0.0,0.0,0.04065323,0.0,0.0,0.0,0.0,3.0,0.0,4.0,0.04065323,0.0,0.0,0.0,0.0,0.0,2.0,0.0,0.04065323,2.0,0.0,0.0,0.0,0.08130646,0.0,0.0,0.04065323,0.0,0.04065323,0.0,0.0,1.0,0.0,0.0,0.0,0.04065323,0.0,0.0,0.04065323,0.04065323,0.0,0.04065323,0.0,0.0,0.0,0.0,0.0,0.0,0.0,0.0,0.0,0.0,3.0,0.0,0.04065323,0.0,0.0,0.0,0.0,0.0,0.0,0.0,0.0,0.0,0.0,0.0,0.0,0.0,0.0,0.0,0.0,0.0,0.0,0.0,0.04065323,0.0,0.0,0.0,0.04065323,0.0,0.0,0.04065323,0.0,0.0,0.0,0.0,0.04065323,0.0,0.0,0.0,0.0,2.0,0.0,0.0,2.0,1.0,1.0,0.0,0.0,0.0,0.0,1.0,0.08130646,1.0,0.0,1.0,0.0,0.0
12.4471855,2.162613,10.12196,0.04065323,2.0406532,0.0,0.12195969,2.0406532,8.040653,2.0,3.0,0.04065323,0.0,0.0,3.0,1.0,2.0,0.0,0.04065323,1.0,0.12195969,0.0,0.0,0.0,0.08130646,0.04065323,0.0,0.0,0.0,0.04065323,2.0406532,0.0,0.0,0.04065323,1.0,0.04065323,0.0,1.0,0.04065323,0.0,0.04065323,0.0,0.0,0.04065323,0.0,0.0,0.0,0.0,3.0,0.0,4.0,0.04065323,0.0,0.0,0.0,0.0,0.0,2.0,0.0,0.04065323,2.0,0.0,0.0,0.0,0.08130646,0.0,0.0,0.04065323,0.0,0.04065323,0.0,0.0,1.0,0.0,0.0,0.0,0.04065323,0.0,0.0,0.04065323,0.04065323,0.0,0.04065323,0.0,0.0,0.0,0.0,0.0,0.0,0.0,0.0,0.0,0.0,3.0,0.0,0.04065323,0.0,0.0,0.0,0.0,0.0,0.0,0.0,0.0,0.0,0.0,0.0,0.0,0.0,0.0,0.0,0.0,0.0,0.0,0.0,0.04065323,0.0,0.0,0.0,0.04065323,0.0,0.0,0.04065323,0.0,0.0,0.0,0.0,0.04065323,0.0,0.0,0.0,0.0,2.0,0.0,0.0,2.0,1.0,1.0,0.0,0.0,0.0,0.0,1.0,0.08130646,1.0,0.0,1.0,0.0,0.0
10.727273,4.090909,3.1818182,1.0909091,2.0,2.1818182,3.1818182,2.0,0.0,0.18181819,0.0,1.0909091,0.18181819,2.0,0.0,0.0,0.0,0.0,0.0,0.0,3.0,0.18181819,0.0,0.0,2.0,1.0,0.09090909,0.0,0.0,1.0,0.0,0.0,0.0,0.0,0.0,0.0,0.0,0.0,1.0,0.09090909,0.0,0.0,0.90909094,1.0,0.0,0.0,1.0,0.0,0.0,0.0,0.0,0.0,0.0,0.09090909,1.0,0.09090909,0.18181819,0.0,0.0,0.0,0.0,0.0,0.0,0.0,0.0,1.0,0.0,1.0,0.09090909,1.0,0.0,1.0,0.0,0.0,0.0,0.90909094,1.0,0.0,0.0,1.0,0.0,0.0,0.0,0.0,0.0,0.0,0.0,0.0,0.0,0.0,0.0,0.0,0.0,0.0,0.09090909,0.0,0.0,0.0,0.0,0.0,0.0,0.0,0.0,0.27272728,0.0,0.0,0.0,0.0,0.0,0.0,0.0,0.0,0.0,0.0,0.0,0.0,0.0,0.0,0.0,0.0,0.0,0.0,0.0,0.0,0.0,0.0,0.90909094,0.0,0.0,0.0,0.0,0.0,0.0,0.0,0.0,0.0,0.0,0.0,0.90909094,0.0,0.0,0.0,0.0,0.0,0.0,0.0,0.0,0.0,0.0
11.181818,4.181818,3.090909,1.1818181,2.0,2.090909,3.3636363,2.0,0.0,0.09090909,0.0,1.1818181,0.36363637,2.0,0.0,0.0,0.0,0.0,0.0,0.0,3.0,0.36363637,0.0,0.0,2.0,1.0,0.18181819,0.0,0.0,1.0,0.0,0.0,0.0,0.0,0.0,0.0,0.0,0.0,1.0,0.0,0.0,0.0,0.90909094,1.0,0.0,0.0,1.0,0.0,0.0,0.0,0.0,0.0,0.0,0.0,1.0,0.18181819,0.0,0.0,0.0,0.0,0.0,0.0,0.0,0.0,0.0,1.0,0.0,1.0,0.18181819,1.0,0.0,1.0,0.0,0.0,0.0,0.90909094,1.0,0.0,0.0,1.0,0.0,0.0,0.0,0.0,0.0,0.0,0.0,0.0,0.0,0.0,0.0,0.0,0.0,0.0,0.18181819,0.0,0.0,0.0,0.0,0.0,0.0,0.0,0.0,0.18181819,0.0,0.0,0.0,0.0,0.0,0.0,0.0,0.0,0.0,0.0,0.0,0.0,0.0,0.0,0.18181819,0.0,0.0,0.0,0.0,0.0,0.0,0.0,0.90909094,0.0,0.0,0.0,0.0,0.0,0.0,0.0,0.0,0.0,0.0,0.0,0.90909094,0.0,0.0,0.0,0.0,0.0,0.0,0.0,0.0,0.0,0.0
10.592592,4.0740743,3.148148,1.074074,2.074074,2.148148,3.0,2.074074,0.0,0.14814815,0.14814815,1.0,0.0,2.074074,0.074074075,0.074074075,0.074074075,0.074074075,0.0,0.074074075,3.0,0.0,0.074074075,0.0,2.0,1.0,0.0,0.074074075,0.074074075,1.0,0.0,0.0,0.074074075,0.0,0.0,0.0,0.0,0.0,1.0,0.14814815,0.0,0.074074075,0.9259259,1.0,0.074074075,0.0,1.0,0.0,0.0,0.0,0.0,0.0,0.0,0.0,1.0,0.0,0.22222222,0.0,0.0,0.0,0.0,0.0,0.0,0.0,0.0,1.0,0.0,1.0,0.0,1.0,0.074074075,1.0,0.0,0.0,0.074074075,0.9259259,1.0,0.0,0.0,1.0,0.0,0.0,0.0,0.074074075,0.0,0.0,0.0,0.0,0.0,0.0,0.0,0.0,0.0,0.0,0.0,0.0,0.0,0.0,0.0,0.0,0.0,0.0,0.0,0.0,0.0,0.0,0.0,0.0,0.0,0.0,0.0,0.0,0.0,0.0,0.0,0.0,0.0,0.0,0.0,0.0,0.0,0.0,0.0,0.0,0.0,0.0,0.9259259,0.0,0.0,0.0,0.0,0.0,0.0,0.0,0.0,0.0,0.0,0.0,0.9259259,0.0,0.0,0.0,0.0,0.0,0.0,0.0,0.0,0.0,0.0
6.932039,1.1165049,5.0582523,0.14563107,1.0291262,0.058252428,0.058252428,1.0291262,4.0,1.0873786,1.1165049,0.0,0.058252428,0.0,1.0,0.029126214,0.029126214,0.116504855,0.029126214,0.029126214,0.0,0.0,0.029126214,0.0,0.0,0.0,0.058252428,0.029126214,0.0,0.0,1.0291262,0.0,0.0,0.058252428,0.0,0.029126214,0.0,0.0,0.0,0.0,0.029126214,0.0,0.0,0.0,0.0,0.058252428,0.0,0.0,1.0,0.0,2.0,0.0,0.0,0.0,0.0,0.0,0.0,0.029126214,0.0,0.0,1.0291262,0.0,0.0,0.0,0.058252428,0.0,0.0,0.0,0.0,0.0,0.0,0.0,0.029126214,0.0,0.0,0.0,0.0,0.0,0.0,0.0,0.0,0.0,0.058252428,0.0,0.0,0.0,0.0,0.0,0.0,0.0,0.0,0.058252428,0.0,1.0,0.0,0.0,0.0,0.0,0.058252428,0.0,0.0,0.0,0.0,0.0,0.0,0.0,0.058252428,0.0,0.0,0.0,0.0,0.0,0.0,0.0,0.058252428,0.0,0.0,0.0,0.0,0.0,0.0,0.0,0.0,0.0,0.0,0.0,0.0,0.0,0.0,0.0,0.0,0.0,0.0,0.0,0.0,0.0,1.0,0.0,0.0,0.0,0.0,0.058252428,0.0,0.0,0.0,0.0,0.0,0.0,0.0
10.16581,4.082905,2.7512856,1.0829048,1.8341904,1.8341904,2.7512856,1.8341904,0.0,0.0,0.0,0.9170952,0.0,1.8341904,0.0,0.0,0.0,0.0,0.16580963,0.0,2.7512856,0.0,0.0,0.0,1.8341904,0.9170952,0.0,0.0,0.0,0.9170952,0.0,0.0,0.0,0.0,0.0,0.16580963,0.0,0.0,0.9170952,0.0,0.16580963,0.0,0.9170952,0.9170952,0.0,0.0,0.9170952,0.0,0.0,0.0,0.0,0.0,0.0,0.0,0.9170952,0.0,0.0,0.0,0.0,0.0,0.0,0.0,0.0,0.0,0.24871445,0.9170952,0.0,0.9170952,0.0,0.9170952,0.0,0.9170952,0.0,0.0,0.0,0.9170952,0.9170952,0.0,0.0,0.9170952,0.0,0.0,0.24871445,0.0,0.0,0.0,0.0,0.0,0.0,0.0,0.0,0.0,0.0,0.0,0.0,0.0,0.0,0.0,0.0,0.0,0.0,0.0,0.0,0.0,0.0,0.0,0.0,0.0,0.0,0.0,0.0,0.0,0.0,0.0,0.0,0.0,0.0,0.0,0.0,0.0,0.0,0.0,0.0,0.0,0.0,0.0,0.9170952,0.0,0.0,0.0,0.0,0.0,0.0,0.0,0.0,0.0,0.0,0.0,0.9170952,0.0,0.0,0.0,0.0,0.0,0.0,0.0,0.0,0.0,0.0
10.102898,4.051449,2.8456528,1.0514491,1.8971019,1.8971019,2.8456528,1.8971019,0.0,0.0,0.0,0.94855094,0.0,1.8971019,0.0,0.0,0.0,0.0,0.102898076,0.0,2.8456528,0.0,0.0,0.0,1.8971019,0.94855094,0.0,0.0,0.0,0.94855094,0.0,0.0,0.0,0.0,0.0,0.102898076,0.0,0.0,0.94855094,0.0,0.102898076,0.0,0.94855094,0.94855094,0.0,0.0,0.94855094,0.0,0.0,0.0,0.0,0.0,0.0,0.0,0.94855094,0.0,0.0,0.0,0.0,0.0,0.0,0.0,0.0,0.0,0.1543471,0.94855094,0.0,0.94855094,0.0,0.94855094,0.0,0.94855094,0.0,0.0,0.0,0.94855094,0.94855094,0.0,0.0,0.94855094,0.0,0.0,0.1543471,0.0,0.0,0.0,0.0,0.0,0.0,0.0,0.0,0.0,0.0,0.0,0.0,0.0,0.0,0.0,0.0,0.0,0.0,0.0,0.0,0.0,0.0,0.0,0.0,0.0,0.0,0.0,0.0,0.0,0.0,0.0,0.0,0.0,0.0,0.0,0.0,0.0,0.0,0.0,0.0,0.0,0.0,0.0,0.94855094,0.0,0.0,0.0,0.0,0.0,0.0,0.0,0.0,0.0,0.0,0.0,0.94855094,0.0,0.0,0.0,0.0,0.0,0.0,0.0,0.0,0.0,0.0
13.563449,3.8262835,4.8262835,1.347433,1.652567,2.0,2.8262835,1.652567,2.694866,0.0,0.0,0.8262835,0.34743303,1.652567,0.0,0.0,0.0,0.0,0.17371652,0.0,2.4788504,0.0,0.0,1.042299,1.652567,0.8262835,0.34743303,0.0,0.0,0.8262835,0.0,0.69486606,0.0,0.17371652,0.0,0.17371652,0.17371652,0.0,0.8262835,0.0,0.17371652,0.0,0.8262835,0.8262835,0.0,0.17371652,0.8262835,0.0,0.0,0.0,0.0,0.0,1.042299,0.0,0.8262835,0.0,0.0,0.0,0.0,0.0,0.0,0.0,0.34743303,0.34743303,0.17371652,0.8262835,0.17371652,0.0,0.0,0.0,0.0,0.8262835,0.0,0.17371652,0.0,0.8262835,0.0,0.0,0.0,0.0,1.652567,0.0,0.17371652,0.0,0.0,0.34743303,0.0,0.0,0.0,0.0,0.17371652,0.0,0.0,0.0,0.0,0.8262835,0.0,0.0,0.17371652,0.0,0.0,0.0,0.0,0.0,0.0,0.0,0.17371652,0.0,0.0,0.0,0.0,0.0,0.0,0.0,0.0,0.0,0.0,0.0,0.0,0.0,0.0,0.0,0.0,0.0,0.0,0.0,0.8262835,0.0,0.0,0.0,0.0,0.0,0.0,0.0,0.0,0.0,0.0,0.0,0.0,0.0,0.0,0.0,0.0,0.0,0.0,0.0,0.0,0.0,0.0
10.5,4.1,3.15,1.05,2.1,2.05,3.0,2.1,0.05,0.05,0.15,1.0,0.0,2.0,0.1,0.15,0.2,0.05,0.0,0.1,3.0,0.0,0.1,0.05,2.0,1.0,0.0,0.1,0.0,1.0,0.05,0.0,0.0,0.0,0.05,0.0,0.0,0.1,1.0,0.05,0.0,0.0,0.95,1.0,0.0,0.0,1.0,0.05,0.05,0.1,0.0,0.0,0.0,0.0,1.0,0.0,0.1,0.1,0.05,0.0,0.0,0.0,0.0,0.0,0.0,1.0,0.0,1.0,0.0,1.0,0.0,1.0,0.1,0.0,0.0,0.95,1.0,0.0,0.0,1.0,0.0,0.0,0.0,0.0,0.0,0.0,0.0,0.0,0.0,0.05,0.0,0.0,0.0,0.0,0.0,0.0,0.0,0.0,0.0,0.0,0.0,0.0,0.0,0.0,0.0,0.0,0.0,0.0,0.0,0.0,0.0,0.0,0.0,0.0,0.0,0.0,0.0,0.0,0.0,0.0,0.0,0.0,0.0,0.0,0.15,0.0,0.95,0.0,0.0,0.0,0.0,0.0,0.0,0.0,0.0,0.0,0.0,0.0,0.95,0.0,0.0,0.0,0.0,0.0,0.0,0.0,0.0,0.0,0.0
11.130435,2.0237155,9.0,0.023715414,2.0,0.023715414,0.011857707,2.0,7.0,2.0,3.0,0.0,0.011857707,0.0,3.0,1.0,2.0,0.0,0.011857707,1.0,0.0,0.0,0.0,0.0,0.0,0.0,0.0,0.0,0.0,0.0,2.0118577,0.011857707,0.0,0.011857707,1.0,0.011857707,0.0,1.0,0.0,0.0,0.011857707,0.0,0.0,0.0,0.0,0.011857707,0.0,0.0,3.0,0.0,2.9762845,0.011857707,0.0,0.0,0.0,0.0,0.0,2.0,0.0,0.011857707,2.0118577,0.0,0.0,0.0,0.023715414,0.0,0.0,0.0,0.0,0.0,0.0,0.0,1.0,0.0,0.0,0.0,0.0,0.0,0.0,0.0,0.0,0.011857707,0.011857707,0.0,0.0,0.0,0.0,0.0,0.0,0.0,0.0,0.0,0.011857707,2.9881423,0.0,0.0,0.0,0.011857707,0.011857707,0.0,0.0,0.0,0.0,0.0,0.011857707,0.0,0.0,0.0,0.0,0.0,0.0,0.0,0.0,0.0,0.0,0.0,0.0,0.0,0.0,0.011857707,0.0,0.0,0.0,0.0,0.0,0.0,0.0,0.0,0.0,0.0,0.0,0.0,1.9881423,0.0,0.0,2.0,0.9881423,0.0,0.0,0.0,0.0,0.0,0.0,0.0,0.9881423,0.0,0.0,0.0,0.0
10.215135,4.1075673,2.6772985,1.1075672,1.7848657,1.7848657,2.6772985,1.7848657,0.0,0.0,0.0,0.89243287,0.0,1.7848657,0.0,0.0,0.0,0.0,0.21513428,0.0,2.6772985,0.0,0.0,0.0,1.7848657,0.89243287,0.0,0.0,0.0,0.89243287,0.0,0.0,0.0,0.0,0.0,0.21513428,0.0,0.0,0.89243287,0.0,0.21513428,0.0,0.89243287,0.89243287,0.0,0.0,0.89243287,0.0,0.0,0.0,0.0,0.0,0.0,0.0,0.89243287,0.0,0.0,0.0,0.0,0.0,0.0,0.0,0.0,0.0,0.32270142,0.89243287,0.0,0.89243287,0.0,0.89243287,0.0,0.89243287,0.0,0.0,0.0,0.89243287,0.89243287,0.0,0.0,0.89243287,0.0,0.0,0.32270142,0.0,0.0,0.0,0.0,0.0,0.0,0.0,0.0,0.0,0.0,0.0,0.0,0.0,0.0,0.0,0.0,0.0,0.0,0.0,0.0,0.0,0.0,0.0,0.0,0.0,0.0,0.0,0.0,0.0,0.0,0.0,0.0,0.0,0.0,0.0,0.0,0.0,0.0,0.0,0.0,0.0,0.0,0.0,0.89243287,0.0,0.0,0.0,0.0,0.0,0.0,0.0,0.0,0.0,0.0,0.0,0.89243287,0.0,0.0,0.0,0.0,0.0,0.0,0.0,0.0,0.0,0.0
15.960199,3.9800994,2.995025,1.9950249,0.99502486,1.9950249,2.9850745,0.99502486,1.0,0.0,0.0,0.99502486,0.99502486,0.0,0.0,0.0,0.0,0.0,0.99502486,0.0,0.99502486,0.0,0.0,0.0049751243,0.99502486,0.99502486,0.0,0.0,0.0,0.99502486,0.99502486,0.0,0.0,0.99502486,0.0,0.99502486,0.0,0.0,0.0,0.0,0.99502486,0.0,0.0,0.0,0.0,0.99502486,0.0,0.0,0.0,0.0,0.0,0.99502486,0.0,0.0,0.0,0.0,0.0,0.0,0.0,0.99502486,0.0,0.0,0.0,0.0,1.9900497,0.0,0.0,0.0,0.0,0.0,0.0,0.0,0.0,0.0,0.0,0.0,0.0,0.0,0.0,0.0,0.99502486,0.99502486,0.99502486,0.0,0.0,0.0,0.0,0.0,0.0,0.0,0.0,0.0,0.99502486,0.0,0.0,0.99502486,0.0,0.0,0.99502486,0.0,0.0,0.0,0.0,0.0,0.0,0.0,0.0,0.0,0.0,0.0,0.0,0.0,0.0,0.0,0.0,0.99502486,0.0,0.0,0.0,0.99502486,0.0,0.0,0.0,0.0,0.0,0.0,0.0,0.0,0.0,0.0,0.0,0.0,0.0,0.0,0.0,0.0,0.0,0.0,0.0,0.0,0.0,0.0,0.0,0.0,0.0,0.0,0.0,0.0,0.0
10.592592,4.0740743,3.148148,1.074074,2.074074,2.148148,3.0,2.074074,0.0,0.14814815,0.14814815,1.0,0.0,2.074074,0.074074075,0.074074075,0.074074075,0.074074075,0.0,0.074074075,3.0,0.0,0.074074075,0.0,2.0,1.0,0.0,0.074074075,0.074074075,1.0,0.0,0.0,0.074074075,0.0,0.0,0.0,0.0,0.0,1.0,0.074074075,0.0,0.074074075,1.0,1.0,0.074074075,0.0,1.0,0.0,0.0,0.0,0.0,0.0,0.0,0.0,1.0,0.0,0.14814815,0.0,0.0,0.0,0.0,0.0,0.0,0.0,0.0,1.0,0.0,1.0,0.0,1.0,0.0,1.0,0.0,0.0,0.0,0.9259259,1.0,0.0,0.0,1.0,0.0,0.0,0.0,0.0,0.0,0.0,0.0,0.0,0.0,0.0,0.0,0.0,0.0,0.0,0.0,0.0,0.0,0.0,0.0,0.074074075,0.0,0.0,0.0,0.0,0.0,0.0,0.0,0.0,0.0,0.0,0.0,0.0,0.0,0.0,0.0,0.0,0.0,0.0,0.0,0.0,0.0,0.0,0.0,0.0,0.0,0.0,0.9259259,0.0,0.0,0.0,0.0,0.0,0.0,0.0,0.0,0.0,0.0,0.0,0.9259259,0.0,0.0,0.0,0.0,0.0,0.0,0.0,0.0,0.0,0.0
46.0,7.0,17.0,5.0,4.0,0.0,4.0,4.0,24.0,2.0,5.0,2.0,4.0,0.0,4.0,4.0,6.0,1.0,1.0,4.0,0.0,4.0,2.0,0.0,0.0,0.0,0.0,2.0,0.0,0.0,8.0,6.0,0.0,0.0,2.0,3.0,0.0,4.0,0.0,0.0,3.0,0.0,0.0,0.0,0.0,0.0,0.0,1.0,8.0,2.0,34.0,3.0,0.0,0.0,0.0,0.0,0.0,10.0,1.0,3.0,12.0,0.0,0.0,0.0,0.0,0.0,0.0,0.0,2.0,0.0,0.0,0.0,12.0,0.0,0.0,0.0,0.0,0.0,0.0,0.0,0.0,0.0,0.0,0.0,0.0,0.0,0.0,0.0,0.0,1.0,0.0,0.0,0.0,10.0,0.0,0.0,0.0,20.0,0.0,0.0,3.0,0.0,0.0,0.0,4.0,0.0,0.0,0.0,0.0,0.0,3.0,0.0,1.0,0.0,0.0,0.0,0.0,0.0,0.0,0.0,0.0,0.0,0.0,1.0,0.0,1.0,0.0,0.0,0.0,6.0,0.0,0.0,4.0,0.0,0.0,2.0,0.0,0.0,0.0,0.0,0.0,0.0,6.0,0.0,0.0,0.0,0.0,0.0,0.0
12.156228,2.0721054,10.012017,0.024035152,2.0,0.024035152,0.048070304,2.0,8.024035,2.0240352,3.0240352,0.0,0.0,0.024035152,3.0,1.0,2.0,0.024035152,0.024035152,1.0,0.048070304,0.0,0.0,0.0,0.0,0.0,0.0,0.0,0.012017576,0.0,1.9759649,0.048070304,0.012017576,0.048070304,1.0,0.0,0.0,1.0,0.0,0.0,0.0,0.0,0.0,0.0,0.0,0.0,0.0,0.0,2.9879825,0.0,3.9759648,0.0,0.0,0.0,0.0,0.0,0.0,1.9879824,0.0,0.0,1.9759649,0.0,0.0,0.0,0.0,0.0,0.012017576,0.0,0.0,0.0,0.0,0.0,0.98798245,0.0,0.0,0.0,0.0,0.0,0.0,0.0,0.1442109,0.0,0.0,0.0,0.024035152,0.0,0.0,0.0,0.0,0.0,0.0,0.048070304,0.0,2.9879825,0.0,0.0,0.0,0.0,0.0,0.0,0.0,0.0,0.0,0.0,0.0,0.0,0.0,0.0,0.0,0.0,0.0,0.0,0.0,0.0,0.0,0.0,0.012017576,0.0,0.0,0.0,0.0,0.0,0.048070304,0.0,0.0,0.0,0.0,0.0,0.024035152,0.0,0.0,0.0,1.9759649,0.048070304,0.024035152,1.9759649,0.98798245,1.0,0.0,0.1442109,0.0,0.0,0.98798245,0.0,0.98798245,0.0,0.98798245,0.0,0.0
12.488313,2.0406928,9.959308,0.08952404,2.0,0.0,0.0,2.0,7.967446,2.0488312,3.0488312,0.0,0.0,0.0,2.983723,1.0,1.9918615,0.06510839,0.040692743,1.0,0.0,0.0,0.008138549,0.0,0.0,0.0,0.0,0.008138549,0.0,0.0,2.0,0.0,0.0,0.0,0.99186146,0.07324694,0.0,0.99186146,0.0,0.0,0.07324694,0.0,0.0,0.0,0.0,0.0,0.0,0.0,2.983723,0.0,3.983723,0.032554194,0.0,0.0,0.0,0.0,0.0,1.9918615,0.0,0.032554194,2.0,0.0,0.0,0.0,0.0,0.0,0.0,0.0,0.0,0.0,0.0,0.0,1.0,0.0,0.0,0.0,0.0,0.0,0.0,0.0,0.0,0.0,0.0,0.0,0.0,0.0,0.0,0.0,0.0,0.0,0.0,0.0,0.0,2.983723,0.0,0.0,0.0,0.0,0.0,0.0,0.0,0.0,0.0,0.0,0.0,0.0,0.0,0.0,0.0,0.0,0.0,0.0,0.0,0.0,0.0,0.0,0.0,0.0,0.0,0.0,0.0,0.0,0.0,0.0,0.0,0.0,0.0,0.0,0.04883129,0.0,0.0,0.0,1.9837229,0.0,0.0,1.9837229,1.0,0.99186146,0.0,0.0,0.0,0.0,0.99186146,0.0,0.99186146,0.0,0.99186146,0.0,0.0
11.4,5.3,3.1,1.2,2.0,2.0,4.4,2.0,0.0,0.0,0.0,1.2,0.2,2.0,0.0,0.0,0.0,0.0,0.1,0.0,4.2,0.2,0.0,0.0,2.2,2.0,0.2,0.0,0.0,2.0,0.0,0.0,0.0,0.0,0.0,0.3,0.0,0.0,1.1,0.0,0.3,0.0,0.9,1.1,0.0,0.0,2.0,0.0,0.0,0.0,0.0,0.3,0.0,0.0,1.1,0.2,0.0,0.0,0.0,0.3,0.0,0.0,0.0,0.0,0.0,1.1,0.0,1.1,0.1,1.1,0.0,1.1,0.0,0.0,0.0,0.9,1.1,0.0,0.0,1.1,0.0,0.0,0.0,0.0,0.0,0.0,0.0,0.0,0.0,0.0,0.0,0.0,0.0,0.0,0.2,0.0,0.0,0.0,0.0,0.0,0.3,0.0,0.0,0.0,0.0,0.0,0.0,0.0,0.0,0.0,0.3,0.0,0.0,0.0,0.0,0.0,0.0,0.0,0.2,0.0,0.0,0.0,0.0,0.2,0.0,0.0,0.9,0.0,0.0,0.0,0.0,0.0,0.0,0.0,0.0,0.0,0.0,0.0,0.9,0.0,0.0,0.0,0.0,0.0,0.0,0.0,0.0,0.0,0.0
10.35,5.1,3.1,1.05,2.0,2.1,4.0,2.0,0.05,0.0,0.0,1.0,0.0,2.0,0.0,0.0,0.0,0.0,0.05,0.0,4.0,0.0,0.0,0.1,2.0,2.0,0.0,0.0,0.0,2.0,0.0,0.0,0.0,0.0,0.0,0.1,0.05,0.0,1.0,0.0,0.1,0.0,1.05,1.0,0.0,0.0,2.0,0.0,0.0,0.0,0.0,0.05,0.0,0.0,1.0,0.0,0.0,0.0,0.0,0.05,0.0,0.0,0.0,0.0,0.1,1.0,0.0,1.0,0.0,1.0,0.0,1.0,0.0,0.0,0.0,0.95,1.0,0.0,0.0,1.0,0.0,0.0,0.1,0.0,0.0,0.0,0.0,0.0,0.0,0.0,0.0,0.0,0.0,0.0,0.0,0.0,0.0,0.0,0.0,0.0,0.0,0.0,0.0,0.0,0.0,0.0,0.0,0.0,0.0,0.0,0.0,0.0,0.0,0.0,0.0,0.0,0.0,0.0,0.0,0.0,0.0,0.0,0.0,0.0,0.0,0.0,0.95,0.0,0.0,0.0,0.0,0.0,0.0,0.0,0.0,0.0,0.0,0.0,0.95,0.0,0.0,0.0,0.0,0.0,0.0,0.0,0.0,0.0,0.0
12.333333,4.5,4.3333335,1.1666666,2.3333333,2.3333333,3.1666667,2.3333333,1.0,0.16666667,0.5,1.0,0.16666667,2.3333333,0.33333334,0.5,0.6666667,0.16666667,0.0,0.33333334,3.0,0.0,0.33333334,0.0,2.0,1.0,0.0,0.33333334,0.33333334,1.0,0.0,0.0,0.33333334,0.0,0.16666667,0.0,0.0,0.33333334,1.0,0.16666667,0.0,0.33333334,1.0,1.0,0.33333334,0.0,1.0,0.16666667,0.0,0.33333334,0.0,0.0,0.0,0.16666667,1.0,0.0,0.33333334,0.0,0.16666667,0.0,0.0,0.33333334,0.0,0.0,0.0,1.0,0.0,0.0,0.0,0.0,0.16666667,1.0,0.0,0.0,0.16666667,1.0,0.0,0.33333334,0.16666667,0.0,2.0,0.0,0.0,0.16666667,0.16666667,0.0,0.0,0.33333334,0.33333334,0.16666667,0.0,0.0,0.0,0.0,0.0,1.0,0.0,0.0,0.0,0.16666667,0.0,0.16666667,0.0,0.16666667,0.0,0.16666667,0.0,0.33333334,0.33333334,0.16666667,0.0,0.16666667,0.0,0.33333334,0.0,0.0,0.0,0.16666667,0.0,0.0,0.0,0.16666667,0.0,0.0,0.0,0.0,0.8333333,0.0,0.0,0.0,0.0,0.0,0.0,0.0,0.0,0.0,0.0,0.0,0.0,0.0,0.0,0.0,0.0,0.0,0.0,0.0,0.0,0.0,0.0
10.636364,4.0,3.090909,1.0909091,2.0,2.090909,3.0,2.0,0.0,0.18181819,0.0,1.0,0.0,2.0,0.0,0.0,0.0,0.0,0.0,0.0,3.0,0.0,0.0,0.0,2.0,1.0,0.0,0.0,0.0,1.0,0.0,0.0,0.0,0.0,0.0,0.0,0.0,0.0,1.0,0.27272728,0.0,0.0,0.90909094,1.0,0.0,0.0,1.0,0.0,0.0,0.0,0.0,0.0,0.0,0.0,1.0,0.0,0.36363637,0.0,0.0,0.0,0.0,0.0,0.0,0.0,0.0,1.0,0.0,1.0,0.0,1.0,0.0,1.0,0.0,0.0,0.0,0.90909094,1.0,0.0,0.0,1.0,0.0,0.0,0.0,0.0,0.0,0.0,0.0,0.0,0.0,0.0,0.0,0.0,0.0,0.0,0.0,0.0,0.0,0.0,0.0,0.0,0.0,0.0,0.0,0.0,0.0,0.0,0.0,0.0,0.0,0.0,0.0,0.0,0.0,0.0,0.0,0.0,0.0,0.0,0.0,0.0,0.0,0.0,0.0,0.0,0.0,0.0,0.90909094,0.0,0.0,0.0,0.0,0.0,0.0,0.0,0.0,0.0,0.0,0.0,0.90909094,0.0,0.0,0.0,0.0,0.0,0.0,0.0,0.0,0.0,0.0
11.166667,4.0,3.1666667,1.1666666,2.0,2.1666667,3.0,2.0,0.0,0.16666667,0.0,1.0,0.0,2.0,0.0,0.0,0.0,0.0,0.0,0.0,3.0,0.0,0.0,0.0,2.0,1.0,0.0,0.0,0.0,1.0,0.0,0.0,0.0,0.0,0.0,0.0,0.0,0.0,1.0,0.5,0.0,0.0,0.8333333,1.0,0.0,0.0,1.0,0.0,0.0,0.0,0.0,0.0,0.0,0.0,1.0,0.0,0.6666667,0.0,0.0,0.0,0.0,0.0,0.0,0.0,0.0,1.0,0.0,1.0,0.0,1.0,0.0,1.0,0.0,0.0,0.0,0.8333333,1.0,0.0,0.0,1.0,0.0,0.0,0.0,0.0,0.0,0.0,0.0,0.0,0.0,0.0,0.0,0.0,0.0,0.0,0.0,0.0,0.0,0.0,0.0,0.0,0.0,0.0,0.16666667,0.0,0.0,0.0,0.0,0.0,0.0,0.0,0.0,0.0,0.0,0.0,0.0,0.0,0.0,0.0,0.0,0.0,0.0,0.0,0.0,0.0,0.0,0.0,0.8333333,0.0,0.0,0.0,0.0,0.0,0.0,0.0,0.0,0.0,0.0,0.0,0.8333333,0.0,0.0,0.0,0.0,0.0,0.0,0.0,0.0,0.0,0.0
10.666667,4.0,3.0952382,1.0952381,2.0,2.0952382,3.0,2.0,0.0,0.1904762,0.0,1.0,0.0,2.0,0.0,0.0,0.0,0.0,0.0,0.0,3.0,0.0,0.0,0.0,2.0,1.0,0.0,0.0,0.0,1.0,0.0,0.0,0.0,0.0,0.0,0.0,0.0,0.0,1.0,0.04761905,0.0,0.0,0.95238096,1.0,0.0,0.0,1.0,0.0,0.0,0.0,0.0,0.0,0.0,0.0,1.0,0.0,0.0,0.0,0.0,0.0,0.0,0.0,0.0,0.0,0.0,1.0,0.0,1.0,0.0,1.0,0.0,1.0,0.0,0.0,0.0,0.95238096,1.0,0.0,0.0,1.0,0.0,0.0,0.0,0.0,0.0,0.0,0.0,0.0,0.0,0.0,0.0,0.0,0.0,0.0,0.0,0.0,0.0,0.0,0.0,0.0,0.0,0.0,0.0,0.0,0.0,0.0,0.0,0.0,0.0,0.0,0.0,0.0,0.0,0.0,0.0,0.0,0.0,0.0,0.0,0.0,0.0,0.0,0.0,0.0,0.0,0.0,0.95238096,0.0,0.0,0.0,0.0,0.0,0.0,0.0,0.0,0.0,0.0,0.0,0.95238096,0.0,0.0,0.0,0.0,0.0,0.0,0.0,0.0,0.0,0.0
10.666667,4.0,3.0952382,1.0952381,2.0,2.0952382,3.0,2.0,0.0,0.1904762,0.0,1.0,0.0,2.0,0.0,0.0,0.0,0.0,0.0,0.0,3.0,0.0,0.0,0.0,2.0,1.0,0.0,0.0,0.0,1.0,0.0,0.0,0.0,0.0,0.0,0.0,0.0,0.0,1.0,0.0,0.0,0.0,1.0,1.0,0.0,0.0,1.0,0.0,0.0,0.0,0.0,0.0,0.0,0.0,1.0,0.0,0.0,0.0,0.0,0.0,0.0,0.0,0.0,0.0,0.0,1.0,0.0,1.0,0.0,1.0,0.0,1.0,0.0,0.0,0.0,0.95238096,1.0,0.0,0.0,1.0,0.0,0.0,0.0,0.0,0.0,0.0,0.0,0.0,0.0,0.0,0.0,0.0,0.0,0.0,0.0,0.0,0.0,0.0,0.0,0.0,0.0,0.0,0.0,0.0,0.0,0.0,0.0,0.0,0.0,0.0,0.0,0.0,0.0,0.0,0.0,0.0,0.0,0.0,0.0,0.0,0.0,0.0,0.0,0.0,0.0,0.0,0.95238096,0.0,0.0,0.0,0.0,0.0,0.0,0.0,0.0,0.0,0.0,0.0,0.95238096,0.0,0.0,0.0,0.0,0.0,0.0,0.0,0.0,0.0,0.0
11.043478,4.3913045,3.2608695,1.1304348,2.2608695,2.2608695,3.1304348,2.2608695,0.0,0.13043478,0.39130434,1.0,0.13043478,2.2608695,0.26086956,0.39130434,0.5217391,0.13043478,0.0,0.26086956,3.0,0.0,0.26086956,0.0,2.0,1.0,0.0,0.26086956,0.26086956,1.0,0.0,0.0,0.26086956,0.0,0.13043478,0.0,0.0,0.26086956,1.0,0.13043478,0.0,0.26086956,1.0,1.0,0.26086956,0.0,1.0,0.13043478,0.0,0.26086956,0.0,0.0,0.0,0.13043478,1.0,0.0,0.26086956,0.0,0.13043478,0.0,0.0,0.26086956,0.0,0.0,0.0,1.0,0.0,1.0,0.0,1.0,0.13043478,1.0,0.0,0.0,0.13043478,1.0,1.0,0.26086956,0.13043478,1.0,0.0,0.0,0.0,0.13043478,0.13043478,0.0,0.0,0.26086956,0.26086956,0.13043478,0.0,0.0,0.0,0.0,0.0,0.0,0.0,0.0,0.0,0.13043478,0.0,0.13043478,0.0,0.13043478,0.0,0.13043478,0.0,0.26086956,0.26086956,0.13043478,0.0,0.13043478,0.0,0.26086956,0.0,0.0,0.0,0.13043478,0.0,0.0,0.0,0.13043478,0.0,0.0,0.0,0.0,0.8695652,0.0,0.0,0.0,0.0,0.0,0.0,0.0,0.0,0.0,0.0,0.0,0.8695652,0.0,0.0,0.0,0.0,0.0,0.0,0.0,0.0,0.0,0.0
12.347826,4.7826085,3.7826087,1.2608696,2.5217392,2.7826087,3.2608695,2.5217392,0.0,0.26086956,0.5217391,1.0,0.0,2.5217392,0.5217391,0.26086956,0.5217391,0.0,0.0,0.5217391,3.2608695,0.0,0.0,0.0,2.0,1.0,0.0,0.0,0.5217391,1.0,0.0,0.0,0.5217391,0.0,0.26086956,0.0,0.0,0.5217391,1.0,0.26086956,0.0,0.0,1.2608696,1.0,0.0,0.0,1.0,0.0,0.0,0.0,0.0,0.0,0.0,0.26086956,1.0,0.0,0.26086956,0.0,0.0,0.0,0.0,0.5217391,0.0,0.0,0.0,1.0,0.0,1.1304348,0.0,1.0,0.26086956,1.0,0.0,0.0,0.26086956,1.0,1.0,0.5217391,0.0,1.0,0.0,0.0,0.0,0.0,0.0,0.0,0.0,0.0,0.0,0.0,0.0,0.0,0.13043478,0.0,0.0,0.0,0.0,0.0,0.0,0.26086956,0.0,0.26086956,0.0,0.0,0.0,0.26086956,0.0,0.0,0.0,0.0,0.0,0.26086956,0.0,0.0,0.0,0.0,0.0,0.0,0.0,0.0,0.0,0.0,0.0,0.0,0.0,0.0,1.0,0.0,0.0,0.0,0.0,0.0,0.0,0.0,0.0,0.0,0.0,0.0,1.0,0.0,0.0,0.0,0.0,0.0,0.0,0.0,0.0,0.0,0.0
13.0,4.0,3.75,1.375,2.0,2.75,3.0,2.0,0.0,0.0,0.0,1.0,0.0,2.0,0.0,0.0,0.0,0.0,0.0,0.0,3.0,0.0,0.0,0.0,2.0,1.0,0.0,0.0,0.0,1.0,0.0,0.0,0.0,0.0,0.0,0.0,0.0,0.0,1.0,0.375,0.0,0.0,1.0,1.0,0.0,0.0,1.0,0.0,0.0,0.0,0.0,0.0,0.0,0.375,1.0,0.0,0.375,0.0,0.0,0.0,0.0,0.75,0.0,0.0,0.0,1.0,0.0,1.0,0.0,1.0,0.0,1.0,0.0,0.0,0.0,0.625,1.0,0.0,0.0,1.0,0.0,0.0,0.0,0.0,0.0,0.0,0.0,0.0,0.0,0.0,0.0,0.0,0.0,0.0,0.0,0.0,0.0,0.0,0.0,0.0,0.0,0.375,0.0,0.0,0.0,0.375,0.0,0.0,0.0,0.0,0.0,0.0,0.0,0.0,0.0,0.0,0.0,0.0,0.0,0.0,0.0,0.0,0.0,0.0,0.0,0.0,0.625,0.0,0.0,0.0,0.0,0.0,0.0,0.0,0.0,0.0,0.0,0.0,0.625,0.0,0.0,0.0,0.0,0.0,0.0,0.0,0.0,0.0,0.0
10.333333,4.0,3.047619,1.0476191,2.0,2.047619,3.0,2.0,0.0,0.04761905,0.04761905,1.0,0.0,2.0,0.0,0.0,0.0,0.04761905,0.0,0.0,3.0,0.0,0.0,0.0,2.0,1.0,0.0,0.0,0.0,1.0,0.0,0.0,0.0,0.0,0.0,0.0,0.0,0.0,1.0,0.04761905,0.0,0.0,0.95238096,1.0,0.0,0.0,1.0,0.0,0.0,0.0,0.0,0.0,0.0,0.0,1.0,0.0,0.0952381,0.0,0.0,0.0,0.0,0.0,0.0,0.0,0.0,1.0,0.0,1.0,0.0,1.0,0.0,1.0,0.0,0.0,0.0,0.95238096,1.0,0.0,0.0,1.0,0.0,0.0,0.0,0.0,0.0,0.0,0.0,0.0,0.0,0.0,0.0,0.0,0.0,0.0,0.0,0.0,0.0,0.0,0.0,0.0,0.0,0.0,0.0,0.0,0.0,0.0,0.0,0.0,0.0,0.0,0.0,0.0,0.0,0.0,0.0,0.0,0.0,0.0,0.0,0.0,0.0,0.0,0.0,0.0,0.0,0.0,0.95238096,0.0,0.0,0.0,0.0,0.0,0.0,0.0,0.0,0.0,0.0,0.0,0.95238096,0.0,0.0,0.0,0.0,0.0,0.0,0.0,0.0,0.0,0.0
10.380953,4.0,3.0952382,1.0476191,2.0,2.0952382,3.0,2.0,0.0,0.0952381,0.04761905,1.0,0.0,2.0,0.0,0.0,0.0,0.04761905,0.0,0.0,3.0,0.0,0.0,0.0,2.0,1.0,0.0,0.0,0.0,1.0,0.0,0.0,0.0,0.0,0.0,0.0,0.0,0.0,1.0,0.04761905,0.0,0.0,0.95238096,1.0,0.0,0.0,1.0,0.0,0.0,0.0,0.0,0.0,0.0,0.04761905,1.0,0.0,0.0952381,0.0,0.0,0.0,0.0,0.0,0.0,0.0,0.0,1.0,0.0,1.0,0.0,1.0,0.0,1.0,0.0,0.0,0.0,0.95238096,1.0,0.0,0.0,1.0,0.0,0.0,0.0,0.0,0.0,0.0,0.0,0.0,0.0,0.0,0.0,0.0,0.0,0.0,0.0,0.0,0.0,0.0,0.0,0.0,0.0,0.0,0.0,0.0,0.0,0.0,0.0,0.0,0.0,0.0,0.0,0.0,0.0,0.0,0.0,0.0,0.0,0.0,0.0,0.0,0.0,0.0,0.0,0.0,0.0,0.0,0.95238096,0.0,0.0,0.0,0.0,0.0,0.0,0.0,0.0,0.0,0.0,0.0,0.95238096,0.0,0.0,0.0,0.0,0.0,0.0,0.0,0.0,0.0,0.0
10.666667,4.0,3.0952382,1.0952381,2.0,2.0952382,3.0,2.0,0.0,0.0952381,0.0952381,1.0,0.0,2.0,0.0,0.0,0.0,0.0952381,0.0,0.0,3.0,0.0,0.0,0.0,2.0,1.0,0.0,0.0,0.0,1.0,0.0,0.0,0.0,0.0,0.0,0.0,0.0,0.0,1.0,0.0,0.0,0.0,1.0476191,1.0,0.0,0.0,1.0,0.0,0.0,0.0,0.0,0.0,0.0,0.0,1.0,0.0,0.0,0.0,0.0,0.0,0.0,0.0,0.0,0.0,0.0,1.0,0.0,1.0,0.0,1.0,0.0,1.0,0.0,0.0,0.0,0.95238096,1.0,0.0,0.0,1.0,0.0,0.0,0.0,0.0,0.0,0.0,0.0,0.0,0.0,0.0,0.0,0.0,0.0,0.0,0.0,0.0,0.0,0.0,0.0,0.0,0.0,0.0,0.0,0.0,0.0,0.0,0.0,0.0,0.0,0.0,0.0,0.0,0.0,0.0,0.0,0.0,0.0,0.0,0.0,0.0,0.0,0.0,0.0,0.0,0.0,0.0,0.95238096,0.0,0.0,0.0,0.0,0.0,0.0,0.0,0.0,0.0,0.0,0.0,0.95238096,0.0,0.0,0.0,0.0,0.0,0.0,0.0,0.0,0.0,0.0
32.0,3.0,2.0,5.0,2.0,2.0,0.0,2.0,0.0,4.0,5.0,0.0,0.0,2.0,1.0,1.0,1.0,4.0,1.0,1.0,0.0,0.0,1.0,0.0,0.0,0.0,0.0,1.0,1.0,0.0,0.0,0.0,1.0,0.0,0.0,3.0,0.0,0.0,0.0,0.0,3.0,1.0,0.0,0.0,1.0,0.0,0.0,0.0,0.0,0.0,0.0,3.0,0.0,0.0,0.0,0.0,0.0,0.0,0.0,3.0,0.0,0.0,0.0,0.0,0.0,0.0,0.0,0.0,0.0,0.0,0.0,0.0,0.0,0.0,0.0,0.0,0.0,0.0,0.0,0.0,0.0,0.0,0.0,0.0,2.0,0.0,0.0,0.0,0.0,0.0,0.0,0.0,0.0,0.0,0.0,0.0,0.0,0.0,0.0,0.0,3.0,0.0,0.0,0.0,0.0,0.0,0.0,0.0,0.0,0.0,3.0,0.0,0.0,0.0,0.0,0.0,0.0,0.0,0.0,0.0,0.0,0.0,0.0,0.0,0.0,0.0,0.0,0.0,0.0,0.0,0.0,0.0,0.0,0.0,0.0,0.0,0.0,0.0,0.0,0.0,0.0,0.0,0.0,0.0,0.0,0.0,0.0,0.0,0.0
14.0,2.0,2.0,2.0,2.0,2.0,0.0,2.0,0.0,2.0,3.0,0.0,0.0,2.0,1.0,1.0,1.0,2.0,0.0,1.0,0.0,0.0,1.0,0.0,0.0,0.0,0.0,1.0,1.0,0.0,0.0,0.0,1.0,0.0,0.0,0.0,0.0,0.0,0.0,0.0,0.0,1.0,1.0,0.0,1.0,0.0,0.0,0.0,0.0,0.0,0.0,0.0,0.0,0.0,0.0,0.0,0.0,0.0,0.0,0.0,0.0,0.0,0.0,0.0,0.0,0.0,0.0,0.0,0.0,0.0,0.0,0.0,0.0,0.0,0.0,1.0,0.0,0.0,0.0,0.0,0.0,0.0,0.0,0.0,0.0,0.0,0.0,0.0,0.0,0.0,0.0,0.0,0.0,0.0,0.0,0.0,0.0,0.0,0.0,1.0,0.0,0.0,0.0,0.0,0.0,0.0,0.0,0.0,0.0,0.0,0.0,0.0,0.0,0.0,0.0,0.0,0.0,0.0,0.0,0.0,0.0,0.0,0.0,0.0,0.0,0.0,0.0,0.0,0.0,0.0,0.0,0.0,0.0,0.0,0.0,0.0,0.0,0.0,0.0,0.0,0.0,0.0,0.0,0.0,0.0,0.0,0.0,0.0,0.0
14.0,2.0,2.0,2.0,2.0,2.0,0.0,2.0,0.0,2.0,3.0,0.0,0.0,2.0,1.0,1.0,1.0,2.0,0.0,1.0,0.0,0.0,1.0,0.0,0.0,0.0,0.0,1.0,1.0,0.0,0.0,0.0,1.0,0.0,0.0,0.0,0.0,0.0,0.0,1.0,0.0,1.0,0.0,0.0,1.0,0.0,0.0,0.0,0.0,0.0,0.0,0.0,0.0,0.0,0.0,0.0,2.0,0.0,0.0,0.0,0.0,0.0,0.0,0.0,0.0,0.0,0.0,0.0,0.0,0.0,1.0,0.0,0.0,0.0,1.0,0.0,0.0,0.0,0.0,0.0,0.0,0.0,0.0,1.0,0.0,0.0,0.0,0.0,1.0,0.0,0.0,0.0,0.0,0.0,0.0,0.0,0.0,0.0,0.0,0.0,0.0,0.0,0.0,0.0,0.0,0.0,0.0,0.0,0.0,0.0,0.0,0.0,0.0,0.0,0.0,0.0,0.0,0.0,0.0,0.0,0.0,0.0,0.0,0.0,0.0,0.0,0.0,0.0,0.0,0.0,0.0,0.0,0.0,0.0,0.0,0.0,0.0,0.0,0.0,0.0,0.0,0.0,0.0,0.0,0.0,0.0,0.0,0.0,0.0
39.0,9.0,7.0,5.0,8.0,6.0,0.0,7.0,0.0,4.0,11.0,0.0,0.0,6.0,7.0,10.0,13.0,2.0,1.0,6.0,0.0,0.0,4.0,0.0,0.0,0.0,0.0,4.0,5.0,0.0,0.0,0.0,5.0,0.0,3.0,3.0,0.0,9.0,0.0,2.0,3.0,4.0,2.0,0.0,4.0,0.0,0.0,3.0,0.0,6.0,0.0,3.0,0.0,2.0,0.0,0.0,4.0,0.0,3.0,3.0,0.0,4.0,0.0,0.0,0.0,0.0,0.0,0.0,0.0,0.0,3.0,0.0,0.0,0.0,3.0,2.0,0.0,4.0,3.0,0.0,0.0,0.0,0.0,2.0,0.0,0.0,0.0,4.0,6.0,2.0,0.0,0.0,0.0,0.0,0.0,0.0,0.0,0.0,0.0,3.0,3.0,2.0,0.0,0.0,0.0,2.0,0.0,0.0,0.0,2.0,3.0,2.0,0.0,4.0,0.0,0.0,1.0,2.0,0.0,0.0,0.0,2.0,0.0,0.0,0.0,0.0,0.0,0.0,0.0,0.0,0.0,0.0,0.0,0.0,0.0,0.0,0.0,0.0,0.0,0.0,0.0,0.0,0.0,0.0,0.0,0.0,0.0,0.0,0.0
14.0,2.0,2.0,2.0,2.0,2.0,0.0,2.0,0.0,2.0,3.0,0.0,0.0,2.0,1.0,1.0,1.0,2.0,0.0,1.0,0.0,0.0,1.0,0.0,0.0,0.0,0.0,1.0,1.0,0.0,0.0,0.0,1.0,0.0,0.0,0.0,0.0,0.0,0.0,0.0,0.0,1.0,1.0,0.0,1.0,0.0,0.0,0.0,0.0,0.0,0.0,0.0,0.0,0.0,0.0,0.0,0.0,0.0,0.0,0.0,0.0,0.0,0.0,0.0,0.0,0.0,0.0,0.0,0.0,0.0,0.0,0.0,0.0,0.0,0.0,1.0,0.0,0.0,0.0,0.0,0.0,0.0,0.0,0.0,0.0,0.0,0.0,0.0,0.0,0.0,0.0,0.0,0.0,0.0,0.0,0.0,0.0,0.0,0.0,1.0,0.0,0.0,0.0,0.0,0.0,0.0,0.0,0.0,0.0,0.0,0.0,0.0,0.0,0.0,0.0,0.0,0.0,0.0,0.0,0.0,0.0,0.0,0.0,0.0,0.0,0.0,0.0,0.0,0.0,0.0,0.0,0.0,0.0,0.0,0.0,0.0,0.0,0.0,0.0,0.0,0.0,0.0,0.0,0.0,0.0,0.0,0.0,0.0,0.0
45.0,12.0,15.0,3.0,3.0,3.0,15.0,3.0,6.0,6.0,3.0,6.0,3.0,0.0,3.0,0.0,0.0,0.0,0.0,0.0,15.0,3.0,0.0,0.0,9.0,3.0,3.0,0.0,3.0,3.0,3.0,0.0,0.0,0.0,0.0,0.0,0.0,0.0,3.0,0.0,0.0,0.0,0.0,3.0,0.0,0.0,0.0,0.0,0.0,0.0,0.0,0.0,0.0,0.0,0.0,3.0,0.0,0.0,0.0,0.0,0.0,0.0,0.0,0.0,0.0,0.0,0.0,6.0,0.0,6.0,0.0,0.0,0.0,0.0,0.0,0.0,3.0,0.0,0.0,3.0,9.0,0.0,0.0,0.0,0.0,0.0,0.0,0.0,0.0,0.0,0.0,0.0,0.0,0.0,0.0,9.0,3.0,0.0,0.0,0.0,0.0,0.0,0.0,0.0,0.0,0.0,0.0,0.0,0.0,0.0,0.0,0.0,0.0,0.0,0.0,3.0,0.0,0.0,0.0,0.0,0.0,0.0,0.0,0.0,6.0,0.0,0.0,3.0,0.0,0.0,3.0,0.0,0.0,0.0,0.0,0.0,0.0,0.0,0.0,0.0,0.0,0.0,0.0,0.0,0.0,0.0,0.0,0.0,0.0
43.0,9.0,11.0,5.0,8.0,6.0,0.0,7.0,5.0,4.0,11.0,0.0,0.0,6.0,9.0,10.0,15.0,2.0,1.0,6.0,0.0,0.0,4.0,0.0,0.0,0.0,0.0,4.0,5.0,0.0,2.0,1.0,5.0,0.0,3.0,3.0,0.0,11.0,0.0,2.0,3.0,4.0,2.0,0.0,4.0,0.0,0.0,3.0,4.0,6.0,1.0,3.0,0.0,2.0,0.0,0.0,4.0,6.0,3.0,3.0,2.0,4.0,0.0,0.0,0.0,0.0,0.0,0.0,0.0,0.0,3.0,0.0,4.0,0.0,3.0,2.0,0.0,4.0,3.0,0.0,0.0,0.0,0.0,2.0,0.0,0.0,0.0,4.0,6.0,2.0,0.0,0.0,0.0,0.0,0.0,0.0,0.0,2.0,0.0,3.0,3.0,2.0,0.0,0.0,1.0,2.0,0.0,0.0,0.0,2.0,3.0,2.0,0.0,4.0,0.0,0.0,1.0,2.0,0.0,0.0,0.0,2.0,0.0,0.0,0.0,0.0,0.0,0.0,0.0,2.0,0.0,0.0,0.0,0.0,0.0,0.0,0.0,0.0,0.0,0.0,0.0,0.0,0.0,0.0,0.0,0.0,0.0,0.0,0.0
29.0,6.0,9.0,3.0,1.0,3.0,6.0,2.0,6.0,1.0,1.0,2.0,4.0,0.0,0.0,0.0,0.0,1.0,1.0,0.0,0.0,2.0,0.0,0.0,0.0,0.0,2.0,0.0,0.0,0.0,2.0,0.0,0.0,1.0,0.0,0.0,0.0,0.0,0.0,0.0,0.0,0.0,0.0,0.0,0.0,1.0,0.0,0.0,0.0,0.0,6.0,0.0,0.0,0.0,0.0,0.0,0.0,0.0,0.0,0.0,2.0,0.0,0.0,0.0,0.0,0.0,0.0,0.0,0.0,0.0,0.0,0.0,0.0,0.0,0.0,0.0,0.0,0.0,0.0,0.0,0.0,0.0,0.0,0.0,1.0,0.0,0.0,0.0,0.0,0.0,0.0,0.0,0.0,0.0,0.0,0.0,0.0,0.0,0.0,0.0,0.0,0.0,0.0,2.0,0.0,0.0,1.0,0.0,0.0,0.0,0.0,0.0,0.0,0.0,0.0,0.0,0.0,0.0,0.0,0.0,0.0,0.0,0.0,0.0,6.0,0.0,0.0,0.0,1.0,0.0,0.0,0.0,0.0,0.0,0.0,0.0,0.0,0.0,0.0,0.0,0.0,0.0,0.0,0.0,0.0,0.0,0.0,0.0,0.0
29.0,6.0,9.0,3.0,1.0,2.0,6.0,2.0,7.0,1.0,1.0,2.0,4.0,0.0,0.0,0.0,0.0,1.0,1.0,0.0,0.0,2.0,0.0,0.0,0.0,0.0,2.0,0.0,0.0,0.0,2.0,0.0,0.0,1.0,0.0,0.0,0.0,0.0,0.0,0.0,0.0,0.0,0.0,0.0,0.0,1.0,0.0,0.0,0.0,0.0,7.0,0.0,0.0,0.0,0.0,0.0,0.0,0.0,0.0,0.0,2.0,0.0,0.0,0.0,0.0,0.0,0.0,0.0,0.0,0.0,0.0,0.0,0.0,0.0,0.0,0.0,0.0,0.0,0.0,0.0,0.0,0.0,0.0,0.0,0.0,0.0,0.0,0.0,0.0,0.0,0.0,0.0,0.0,0.0,0.0,0.0,0.0,0.0,0.0,0.0,0.0,0.0,0.0,2.0,0.0,0.0,1.0,0.0,0.0,0.0,0.0,0.0,0.0,0.0,0.0,0.0,0.0,0.0,0.0,0.0,0.0,0.0,0.0,0.0,6.0,0.0,0.0,0.0,1.0,0.0,0.0,0.0,0.0,0.0,0.0,0.0,0.0,0.0,0.0,0.0,0.0,0.0,0.0,0.0,0.0,0.0,0.0,0.0,0.0
30.0,7.0,9.0,3.0,1.0,2.0,8.0,2.0,7.0,1.0,1.0,3.0,5.0,0.0,0.0,0.0,0.0,1.0,1.0,0.0,0.0,3.0,0.0,0.0,0.0,0.0,2.0,0.0,0.0,0.0,2.0,0.0,0.0,1.0,0.0,0.0,0.0,0.0,0.0,0.0,0.0,0.0,0.0,0.0,0.0,1.0,0.0,0.0,0.0,0.0,7.0,0.0,0.0,0.0,0.0,0.0,0.0,0.0,0.0,0.0,2.0,0.0,0.0,0.0,0.0,0.0,0.0,0.0,0.0,0.0,0.0,0.0,0.0,0.0,0.0,0.0,0.0,0.0,0.0,0.0,0.0,0.0,0.0,0.0,0.0,0.0,0.0,0.0,0.0,0.0,0.0,0.0,0.0,0.0,0.0,0.0,0.0,0.0,0.0,0.0,0.0,0.0,0.0,2.0,0.0,0.0,1.0,0.0,0.0,0.0,0.0,0.0,0.0,0.0,0.0,0.0,0.0,0.0,0.0,0.0,0.0,0.0,0.0,0.0,6.0,0.0,0.0,0.0,1.0,0.0,0.0,0.0,0.0,0.0,0.0,0.0,0.0,0.0,0.0,0.0,0.0,0.0,0.0,0.0,0.0,0.0,0.0,0.0,0.0
10.8,1.0,2.8,1.2,0.2,0.8,0.8,0.2,1.4,0.4,1.0,0.2,0.2,0.0,0.8,0.8,1.2,0.2,0.2,0.0,0.6,0.0,0.4,0.8,0.4,0.2,0.0,0.0,0.0,0.2,0.4,0.2,0.0,0.4,0.4,0.0,0.0,0.0,0.2,0.0,0.0,0.0,0.0,0.2,0.0,0.2,0.0,0.2,0.0,0.4,0.0,0.0,0.0,0.0,0.0,0.0,0.0,0.0,0.2,0.0,0.0,0.0,0.0,0.0,0.0,0.0,0.0,0.2,0.0,0.2,0.0,0.0,0.0,0.0,0.0,0.0,0.2,0.0,0.0,0.2,0.4,0.0,0.0,0.0,0.0,0.0,0.0,0.0,0.0,0.2,0.0,0.4,0.0,0.0,0.0,0.4,0.0,0.0,0.0,0.0,0.0,0.0,0.0,0.0,0.2,0.0,0.0,0.0,0.0,0.0,0.0,0.0,0.0,0.0,0.2,0.4,0.0,0.0,0.0,0.0,0.0,0.0,0.2,0.0,0.0,0.0,0.0,0.4,0.0,0.0,0.0,0.0,0.0,0.2,0.2,0.0,0.0,0.0,0.0,0.2,0.0,0.0,0.0,0.0,0.0,0.2,0.0,0.0,0.0
11.84,4.32,3.08,1.32,2.08,2.24,3.24,2.08,0.0,0.0,0.0,1.08,0.32,2.08,0.0,0.0,0.0,0.0,0.08,0.0,2.92,0.16,0.0,0.0,2.0,1.08,0.08,0.0,0.0,1.08,0.0,0.0,0.0,0.08,0.0,0.16,0.0,0.0,0.92,0.0,0.16,0.0,0.92,0.92,0.0,0.08,1.08,0.0,0.0,0.0,0.0,0.08,0.0,0.08,1.08,0.08,0.0,0.0,0.0,0.08,0.0,0.16,0.0,0.0,0.16,0.92,0.0,0.92,0.0,0.92,0.0,0.92,0.0,0.0,0.0,0.92,0.92,0.0,0.0,0.92,0.0,0.08,0.16,0.0,0.0,0.0,0.0,0.0,0.0,0.0,0.0,0.0,0.08,0.0,0.0,0.0,0.16,0.0,0.16,0.0,0.0,0.0,0.0,0.0,0.0,0.0,0.0,0.0,0.0,0.0,0.0,0.0,0.08,0.0,0.0,0.0,0.0,0.0,0.0,0.16,0.16,0.0,0.0,0.08,0.0,0.0,0.92,0.0,0.0,0.0,0.0,0.08,0.0,0.0,0.0,0.0,0.0,0.0,0.92,0.0,0.0,0.0,0.0,0.0,0.0,0.0,0.0,0.0,0.0
14.0,5.0,10.0,0.0,1.0,0.0,4.0,1.0,7.0,0.0,0.0,1.0,0.0,0.0,0.0,0.0,0.0,0.0,1.0,0.0,4.0,0.0,0.0,0.0,2.0,1.0,0.0,0.0,0.0,1.0,2.0,1.0,0.0,2.0,0.0,0.0,0.0,0.0,1.0,0.0,0.0,0.0,0.0,1.0,0.0,0.0,0.0,0.0,0.0,0.0,2.0,0.0,0.0,0.0,0.0,0.0,0.0,0.0,0.0,0.0,0.0,0.0,0.0,0.0,2.0,0.0,0.0,0.0,0.0,0.0,0.0,0.0,0.0,0.0,0.0,0.0,0.0,0.0,0.0,0.0,3.0,0.0,0.0,0.0,0.0,0.0,0.0,0.0,0.0,0.0,0.0,2.0,0.0,0.0,0.0,3.0,0.0,0.0,0.0,0.0,0.0,0.0,0.0,0.0,1.0,0.0,0.0,0.0,0.0,0.0,0.0,0.0,0.0,0.0,0.0,2.0,0.0,0.0,0.0,0.0,0.0,0.0,2.0,0.0,0.0,0.0,0.0,2.0,0.0,0.0,0.0,0.0,0.0,2.0,2.0,0.0,0.0,0.0,0.0,1.0,0.0,2.0,0.0,2.0,0.0,1.0,0.0,0.0,0.0
14.5,2.0,9.0,1.0,1.0,2.0,1.0,1.0,9.5,0.0,0.0,0.0,0.0,0.0,0.0,0.0,0.0,0.0,0.0,0.0,1.0,0.0,0.0,3.0,0.0,0.0,0.0,0.0,0.0,0.0,1.0,2.5,0.0,0.0,0.0,0.0,0.5,0.0,0.0,0.0,0.0,0.0,1.0,0.0,0.0,0.0,1.0,0.0,0.0,0.0,8.0,0.0,0.0,0.0,0.0,0.0,0.0,0.0,0.0,0.0,1.0,0.0,1.0,0.0,0.0,0.0,0.5,0.0,0.0,0.0,0.0,0.0,0.0,0.0,0.0,0.0,0.0,0.0,0.0,0.0,0.0,0.0,0.0,0.0,0.0,0.0,0.0,0.0,0.0,0.0,0.0,0.0,0.0,0.0,0.0,0.0,0.0,4.0,0.0,0.0,0.0,0.0,0.0,0.0,0.0,0.0,0.0,0.0,0.0,0.0,0.0,0.0,0.0,0.0,0.0,0.0,0.0,0.0,0.0,0.0,0.0,0.0,0.0,0.0,0.0,0.0,0.0,0.0,0.0,0.0,0.0,0.0,0.0,0.0,0.0,0.0,0.0,0.0,0.0,0.0,0.0,0.0,0.0,0.0,0.0,0.0,0.0,0.0,0.0
27.0,4.0,11.0,3.0,2.0,4.0,3.0,2.0,13.0,0.0,0.0,1.0,2.0,2.0,0.0,0.0,0.0,0.0,0.0,0.0,1.0,1.0,0.0,6.0,1.0,1.0,2.0,0.0,0.0,1.0,0.0,5.0,0.0,0.0,0.0,0.0,1.0,0.0,0.0,0.0,0.0,0.0,1.0,0.0,0.0,0.0,1.0,0.0,0.0,0.0,12.0,0.0,6.0,0.0,1.0,1.0,0.0,0.0,0.0,0.0,0.0,0.0,2.0,2.0,0.0,0.0,1.0,0.0,0.0,0.0,0.0,0.0,0.0,1.0,0.0,1.0,0.0,0.0,0.0,0.0,0.0,0.0,0.0,0.0,0.0,2.0,3.0,0.0,0.0,0.0,1.0,0.0,0.0,0.0,0.0,0.0,1.0,8.0,0.0,0.0,0.0,0.0,0.0,0.0,0.0,0.0,0.0,0.0,0.0,0.0,0.0,0.0,0.0,0.0,0.0,0.0,0.0,0.0,0.0,0.0,1.0,0.0,0.0,0.0,0.0,0.0,0.0,0.0,0.0,0.0,0.0,0.0,0.0,0.0,0.0,0.0,0.0,0.0,0.0,0.0,0.0,0.0,0.0,0.0,0.0,0.0,0.0,0.0,0.0
15.872636,3.152837,3.8981085,2.0,1.0,1.9490542,3.0,0.0,5.8471627,0.0,0.0,1.0,2.0,0.0,0.0,0.0,0.0,0.0,0.0,0.0,0.0,1.0,0.0,5.8471627,0.0,1.0,1.9490542,0.0,0.0,0.0,0.0,3.8981085,0.0,0.0,0.0,0.0,0.9745271,0.0,0.0,0.0,0.0,0.0,0.0,0.0,0.0,0.0,0.0,0.0,0.0,0.0,0.0,0.0,5.8471627,0.0,0.0,0.9745271,0.0,0.0,0.0,0.0,0.0,0.0,1.9490542,1.9490542,0.0,0.0,0.9745271,0.0,0.0,0.0,0.0,0.0,0.0,0.9745271,0.0,0.0,0.0,0.0,0.0,0.0,0.0,0.0,0.0,0.0,0.0,1.9490542,2.9235814,0.0,0.0,0.0,0.9745271,0.0,0.0,0.0,0.0,0.0,0.0,0.0,0.0,0.0,0.0,0.0,0.050945703,0.0,0.0,0.0,0.0,0.0,0.0,0.0,0.0,0.0,0.0,0.0,0.0,0.0,0.0,0.0,0.0,0.0,1.0,0.0,0.0,0.0,0.0,0.0,0.0,0.0,0.0,0.0,0.0,0.0,0.0,0.0,0.0,0.0,0.0,0.0,0.0,0.0,0.0,0.0,0.0,0.0,0.0,0.0,0.0,0.0,0.0
15.811357,3.2263725,3.849085,2.0,1.0,1.9245425,3.0,0.0,5.7736273,0.0,0.0,1.0,2.0,0.0,0.0,0.0,0.0,0.0,0.0,0.0,0.0,1.0,0.0,5.7736273,0.0,1.0,1.9245425,0.0,0.0,0.0,0.0,3.849085,0.0,0.0,0.0,0.0,0.9622713,0.0,0.0,0.0,0.0,0.0,0.0,0.0,0.0,0.0,0.0,0.0,0.0,0.0,0.0,0.0,5.7736273,0.0,0.0,0.9622713,0.0,0.0,0.0,0.0,0.0,0.0,1.9245425,1.9245425,0.0,0.0,0.9622713,0.0,0.0,0.0,0.0,0.0,0.0,0.9622713,0.0,0.0,0.0,0.0,0.0,0.0,0.0,0.0,0.0,0.0,0.0,1.9245425,2.8868136,0.0,0.0,0.0,0.9622713,0.0,0.0,0.0,0.0,0.0,0.0,0.0,0.0,0.0,0.0,0.0,0.0754575,0.0,0.0,0.0,0.0,0.0,0.0,0.0,0.0,0.0,0.0,0.0,0.0,0.0,0.0,0.0,0.0,0.0,1.0,0.0,0.0,0.0,0.0,0.0,0.0,0.0,0.0,0.0,0.0,0.0,0.0,0.0,0.0,0.0,0.0,0.0,0.0,0.0,0.0,0.0,0.0,0.0,0.0,0.0,0.0,0.0,0.0
11.561301,2.1122603,8.94387,0.112260245,2.0,0.112260245,0.056130122,2.0,6.94387,2.0,3.0,0.0,0.056130122,0.0,3.0,1.0,2.0,0.0,0.056130122,1.0,0.0,0.0,0.0,0.0,0.0,0.0,0.0,0.0,0.0,0.0,2.1122603,0.056130122,0.0,0.056130122,1.0,0.056130122,0.0,1.0,0.0,0.0,0.056130122,0.0,0.0,0.0,0.0,0.056130122,0.0,0.0,3.0561302,0.0,2.8877397,0.056130122,0.0,0.0,0.0,0.0,0.0,2.0561302,0.0,0.056130122,1.8877398,0.0,0.0,0.0,0.112260245,0.0,0.0,0.0,0.0,0.0,0.0,0.0,1.0561302,0.0,0.0,0.0,0.0,0.0,0.0,0.0,0.0,0.056130122,0.056130122,0.0,0.0,0.0,0.0,0.0,0.0,0.0,0.0,0.0,0.056130122,2.9438698,0.0,0.0,0.0,0.0,0.056130122,0.0,0.0,0.0,0.0,0.0,0.112260245,0.0,0.0,0.0,0.0,0.0,0.0,0.0,0.0,0.0,0.0,0.0,0.0,0.0,0.0,0.056130122,0.0,0.0,0.0,0.0,0.0,0.0,0.0,0.0,0.0,0.056130122,0.0,0.0,2.0,0.0,0.0,1.8877398,0.9438699,0.0,0.0,0.0,0.0,0.0,0.0,0.0,0.9438699,0.0,0.0,0.0,0.0
10.636364,4.090909,3.090909,1.0909091,2.0,2.090909,3.1818182,2.0,0.0,0.09090909,0.0,1.0909091,0.18181819,2.0,0.0,0.0,0.0,0.0,0.0,0.0,3.0,0.18181819,0.0,0.0,2.0,1.0,0.09090909,0.0,0.0,1.0,0.0,0.0,0.0,0.0,0.0,0.0,0.0,0.0,1.0,0.09090909,0.0,0.0,0.90909094,1.0,0.0,0.0,1.0,0.0,0.0,0.0,0.0,0.0,0.0,0.0,1.0,0.09090909,0.18181819,0.0,0.0,0.0,0.0,0.0,0.0,0.0,0.0,1.0,0.0,1.0,0.09090909,1.0,0.0,1.0,0.0,0.0,0.0,0.90909094,1.0,0.0,0.0,1.0,0.0,0.0,0.0,0.0,0.0,0.0,0.0,0.0,0.0,0.0,0.0,0.0,0.0,0.0,0.09090909,0.0,0.0,0.0,0.0,0.0,0.0,0.0,0.0,0.18181819,0.0,0.0,0.0,0.0,0.0,0.0,0.0,0.0,0.0,0.0,0.0,0.0,0.0,0.0,0.0,0.0,0.0,0.0,0.0,0.0,0.0,0.0,0.90909094,0.0,0.0,0.0,0.0,0.0,0.0,0.0,0.0,0.0,0.0,0.0,0.90909094,0.0,0.0,0.0,0.0,0.0,0.0,0.0,0.0,0.0,0.0
10.913043,4.130435,3.1304348,1.1304348,2.1304348,2.1304348,3.0,2.1304348,0.0,0.13043478,0.26086956,1.0,0.0,2.1304348,0.13043478,0.13043478,0.13043478,0.13043478,0.0,0.13043478,3.0,0.0,0.13043478,0.0,2.0,1.0,0.0,0.13043478,0.13043478,1.0,0.0,0.0,0.13043478,0.0,0.0,0.0,0.0,0.0,1.0,0.13043478,0.0,0.13043478,0.8695652,1.0,0.13043478,0.0,1.0,0.0,0.0,0.0,0.0,0.0,0.0,0.0,1.0,0.0,0.26086956,0.0,0.0,0.0,0.0,0.0,0.0,0.0,0.0,1.0,0.0,1.0,0.0,1.0,0.0,1.0,0.0,0.0,0.0,0.8695652,1.0,0.0,0.0,1.0,0.0,0.0,0.0,0.0,0.0,0.0,0.0,0.0,0.0,0.0,0.0,0.0,0.0,0.0,0.0,0.0,0.0,0.0,0.0,0.0,0.0,0.0,0.0,0.0,0.0,0.0,0.0,0.0,0.0,0.0,0.0,0.0,0.0,0.0,0.0,0.0,0.0,0.0,0.0,0.0,0.0,0.0,0.0,0.0,0.0,0.0,0.8695652,0.0,0.0,0.0,0.0,0.0,0.0,0.0,0.0,0.0,0.0,0.0,0.8695652,0.0,0.0,0.0,0.0,0.0,0.0,0.0,0.0,0.0,0.0
20.252987,2.0316234,18.015812,0.03162326,2.0,0.03162326,0.06324652,2.0,16.015812,2.0632465,3.0474348,0.03162326,0.03162326,0.03162326,3.1106813,1.0316232,2.126493,0.0,0.0,1.0,0.0,0.03162326,0.0,0.0,0.0,0.0,0.03162326,0.0,0.01581163,0.0,1.9683768,0.03162326,0.01581163,0.0,1.1423047,0.0,0.0,1.0,0.0,0.0,0.0,0.0,0.0,0.0,0.0,0.0,0.0,0.0,3.0316234,0.0,11.984188,0.0,0.0,0.0,0.0,0.03162326,0.0,2.0474348,0.0,0.0,1.9683768,0.0,0.0,0.0,0.0,0.0,0.0,0.0,0.0,0.0,0.0,0.0,0.9841884,0.0,0.0,0.0,0.0,0.0,0.0,0.0,0.0,0.0,0.0,0.0,0.0,0.0,0.0,0.0,0.0,0.0,0.0,0.0,0.0,2.9841883,0.0,0.0,0.0,0.03162326,0.0,0.0,0.0,0.0,0.0,0.0,0.0,0.0,0.0,0.0,0.0,0.0,0.0,0.0,0.0,0.0,0.0,0.0,0.01581163,0.0,0.0,0.0,0.0,0.0,0.0,0.0,0.0,0.0,0.0,0.0,0.0,0.0,0.0,0.0,1.9683768,0.0,0.0,1.9683768,0.0,0.0,0.0,0.0,0.0,0.0,0.9841884,0.0,0.9841884,0.0,0.9841884,0.0,0.0
12.666667,4.3333335,2.8333333,1.5,2.0,2.0,3.6666667,2.0,0.0,0.0,0.0,1.3333334,1.0,2.0,0.0,0.0,0.0,0.0,0.0,0.0,2.6666667,0.8333333,0.0,0.0,1.8333334,1.0,0.0,0.0,0.0,1.0,0.0,0.0,0.0,0.0,0.0,0.0,0.0,0.0,0.8333333,0.0,0.0,0.0,1.0,0.8333333,0.0,0.0,1.0,0.0,0.0,0.0,0.0,0.0,0.0,0.0,1.0,0.0,0.0,0.0,0.0,0.0,0.0,0.0,0.0,0.0,0.0,0.8333333,0.0,0.8333333,0.33333334,0.8333333,0.0,0.8333333,0.0,0.0,0.0,1.0,0.8333333,0.0,0.0,0.8333333,0.0,0.0,0.0,0.0,0.0,0.0,0.0,0.0,0.0,0.0,0.0,0.0,0.0,0.0,0.0,0.0,0.16666667,0.0,0.0,0.0,0.0,0.0,0.0,0.0,0.0,0.0,0.0,0.0,0.0,0.0,0.0,0.0,0.5,0.0,0.0,0.0,0.0,0.0,0.0,0.0,0.16666667,0.0,0.0,0.0,0.0,0.33333334,0.8333333,0.0,0.0,0.0,0.0,0.16666667,0.0,0.0,0.0,0.0,0.0,0.0,0.8333333,0.0,0.0,0.0,0.0,0.0,0.0,0.0,0.0,0.0,0.0
10.636364,4.090909,3.090909,1.0909091,2.0,2.090909,3.090909,2.0,0.0,0.09090909,0.09090909,1.0,0.09090909,2.0,0.0,0.0,0.0,0.09090909,0.0,0.0,3.0,0.0,0.0,0.0,2.0,1.0,0.0,0.0,0.0,1.0,0.0,0.0,0.0,0.0,0.0,0.0,0.0,0.0,1.0,0.09090909,0.0,0.0,0.90909094,1.0,0.0,0.0,1.0,0.0,0.0,0.0,0.0,0.0,0.0,0.0,1.0,0.0,0.18181819,0.0,0.0,0.0,0.0,0.0,0.0,0.0,0.0,1.0,0.0,1.0,0.0,1.0,0.0,1.0,0.0,0.0,0.0,0.90909094,1.0,0.0,0.0,1.0,0.0,0.09090909,0.0,0.0,0.0,0.0,0.0,0.0,0.0,0.0,0.0,0.0,0.0,0.0,0.0,0.0,0.0,0.0,0.0,0.0,0.0,0.0,0.0,0.0,0.0,0.0,0.0,0.0,0.0,0.0,0.0,0.0,0.0,0.0,0.0,0.0,0.0,0.0,0.0,0.0,0.0,0.0,0.0,0.0,0.0,0.0,0.90909094,0.0,0.0,0.0,0.0,0.0,0.0,0.0,0.0,0.0,0.0,0.0,0.90909094,0.0,0.0,0.0,0.0,0.0,0.0,0.0,0.0,0.0,0.0
5.0,2.0,3.0,0.0,1.0,0.0,2.0,1.0,3.0,0.0,0.0,1.0,0.0,0.0,0.0,0.0,0.0,0.0,0.0,0.0,1.0,0.0,0.0,0.0,1.0,1.0,0.0,0.0,0.0,1.0,2.0,1.0,0.0,0.0,0.0,0.0,0.0,0.0,0.0,0.0,0.0,0.0,0.0,0.0,0.0,0.0,0.0,0.0,0.0,0.0,0.0,0.0,0.0,0.0,0.0,0.0,0.0,0.0,0.0,0.0,0.0,0.0,0.0,0.0,0.0,0.0,0.0,0.0,0.0,0.0,0.0,0.0,0.0,0.0,0.0,0.0,0.0,0.0,0.0,0.0,2.0,0.0,0.0,0.0,0.0,0.0,0.0,0.0,0.0,0.0,0.0,0.0,0.0,0.0,0.0,2.0,0.0,0.0,0.0,0.0,0.0,0.0,0.0,0.0,1.0,0.0,0.0,0.0,0.0,0.0,0.0,0.0,0.0,0.0,0.0,2.0,0.0,0.0,0.0,0.0,0.0,0.0,0.0,0.0,0.0,0.0,0.0,0.0,0.0,0.0,0.0,0.0,0.0,0.0,0.0,0.0,0.0,0.0,0.0,1.0,0.0,0.0,0.0,0.0,0.0,1.0,0.0,0.0,0.0
14.0,2.0,2.0,2.0,2.0,2.0,0.0,2.0,0.0,2.0,3.0,0.0,0.0,2.0,1.0,1.0,1.0,2.0,0.0,1.0,0.0,0.0,1.0,0.0,0.0,0.0,0.0,1.0,1.0,0.0,0.0,0.0,1.0,0.0,0.0,0.0,0.0,0.0,0.0,1.0,0.0,1.0,0.0,0.0,1.0,0.0,0.0,0.0,0.0,0.0,0.0,0.0,0.0,0.0,0.0,0.0,2.0,0.0,0.0,0.0,0.0,0.0,0.0,0.0,0.0,0.0,0.0,0.0,0.0,0.0,1.0,0.0,0.0,0.0,1.0,0.0,0.0,0.0,0.0,0.0,0.0,0.0,0.0,1.0,0.0,0.0,0.0,0.0,1.0,0.0,0.0,0.0,0.0,0.0,0.0,0.0,0.0,0.0,0.0,0.0,0.0,0.0,0.0,0.0,0.0,0.0,0.0,0.0,0.0,0.0,0.0,0.0,0.0,0.0,0.0,0.0,0.0,0.0,0.0,0.0,0.0,0.0,0.0,0.0,0.0,0.0,0.0,0.0,0.0,0.0,0.0,0.0,0.0,0.0,0.0,0.0,0.0,0.0,0.0,0.0,0.0,0.0,0.0,0.0,0.0,0.0,0.0,0.0,0.0
10.727273,4.090909,3.1818182,1.0909091,2.090909,2.1818182,3.0,2.090909,0.0,0.18181819,0.18181819,1.0,0.0,2.090909,0.09090909,0.09090909,0.09090909,0.09090909,0.0,0.09090909,3.0,0.0,0.09090909,0.0,2.0,1.0,0.0,0.09090909,0.09090909,1.0,0.0,0.0,0.09090909,0.0,0.0,0.0,0.0,0.0,1.0,0.18181819,0.0,0.09090909,0.90909094,1.0,0.09090909,0.0,1.0,0.0,0.0,0.0,0.0,0.0,0.0,0.0,1.0,0.0,0.27272728,0.0,0.0,0.0,0.0,0.0,0.0,0.0,0.0,1.0,0.0,1.0,0.0,1.0,0.09090909,1.0,0.0,0.0,0.09090909,0.90909094,1.0,0.0,0.0,1.0,0.0,0.0,0.0,0.09090909,0.0,0.0,0.0,0.0,0.0,0.0,0.0,0.0,0.0,0.0,0.0,0.0,0.0,0.0,0.0,0.0,0.0,0.0,0.0,0.0,0.0,0.0,0.0,0.0,0.0,0.0,0.0,0.0,0.0,0.0,0.0,0.0,0.0,0.0,0.0,0.0,0.0,0.0,0.0,0.0,0.0,0.0,0.90909094,0.0,0.0,0.0,0.0,0.0,0.0,0.0,0.0,0.0,0.0,0.0,0.90909094,0.0,0.0,0.0,0.0,0.0,0.0,0.0,0.0,0.0,0.0
11.473334,2.0860608,9.0,0.086060844,2.0,0.086060844,0.043030422,2.0,7.0,2.0,3.0,0.0,0.043030422,0.0,3.0,1.0,2.0,0.0,0.043030422,1.0,0.0,0.0,0.0,0.0,0.0,0.0,0.0,0.0,0.0,0.0,2.0430305,0.043030422,0.0,0.043030422,1.0,0.043030422,0.0,1.0,0.0,0.0,0.043030422,0.0,0.0,0.0,0.0,0.043030422,0.0,0.0,3.0430305,0.0,2.9139392,0.043030422,0.0,0.0,0.0,0.0,0.0,2.0430305,0.0,0.043030422,2.0430305,0.0,0.0,0.0,0.086060844,0.0,0.0,0.0,0.0,0.0,0.0,0.0,1.0430304,0.0,0.0,0.0,0.0,0.0,0.0,0.0,0.0,0.043030422,0.043030422,0.0,0.0,0.0,0.0,0.0,0.0,0.0,0.0,0.0,0.043030422,2.9569695,0.0,0.0,0.0,0.043030422,0.043030422,0.0,0.0,0.0,0.0,0.0,0.043030422,0.0,0.0,0.0,0.0,0.0,0.0,0.0,0.0,0.0,0.0,0.0,0.0,0.0,0.0,0.043030422,0.0,0.0,0.0,0.0,0.0,0.0,0.0,0.0,0.0,0.043030422,0.0,0.0,2.0,0.0,0.0,1.9569696,0.95696956,0.0,0.0,0.0,0.0,0.0,0.0,0.0,0.95696956,0.0,0.0,0.0,0.0
9.48,2.11,2.74,1.0,0.0,1.0,1.74,0.0,1.0,0.0,0.0,0.0,1.0,0.0,0.0,0.0,0.0,0.0,0.37,0.0,0.74,0.0,0.0,1.0,0.0,0.0,1.0,0.0,0.0,0.0,0.0,0.0,0.0,1.11,0.0,0.0,0.0,0.0,0.0,0.0,0.0,0.0,0.0,0.0,0.0,0.37,0.0,0.0,0.0,0.0,0.0,0.0,1.0,0.0,0.0,0.0,0.0,0.0,0.0,0.0,0.0,0.0,0.0,0.0,0.0,0.0,0.0,0.0,0.0,0.0,0.0,0.0,0.0,0.0,0.0,0.0,0.0,0.0,0.0,0.0,0.0,0.0,0.0,0.0,0.0,0.0,0.0,0.0,0.0,0.0,0.0,2.22,0.0,0.0,0.0,0.0,0.0,0.0,0.0,0.0,0.0,0.0,0.0,0.0,0.0,0.0,0.37,0.0,0.0,0.0,0.0,0.0,0.0,0.0,0.74,0.0,0.0,0.0,0.0,0.0,0.0,0.0,0.74,0.0,0.0,0.0,0.0,0.0,0.0,0.0,0.0,0.0,0.0,1.48,1.48,0.0,0.0,0.0,0.0,0.0,0.0,0.0,0.0,0.0,0.0,0.0,0.0,0.0,0.0
10.499517,4.1070395,3.0713596,1.0713596,2.0,2.0713596,3.0,2.0,0.0,0.14271939,0.0,1.0,0.0,2.0,0.0,0.0,0.0,0.0,0.0,0.0,3.0,0.0,0.0,0.0,2.0,1.0,0.0,0.0,0.0,1.0,0.0,0.0,0.0,0.0,0.0,0.0,0.0,0.0,1.0,0.035679847,0.0,0.0,0.9643202,1.0,0.0,0.0,1.0,0.0,0.0,0.0,0.0,0.0,0.0,0.0,1.0,0.0,0.0,0.0,0.0,0.0,0.0,0.0,0.0,0.0,0.0,1.0,0.0,1.0,0.0,1.0,0.0,1.0,0.0,0.0,0.0,0.9643202,1.0,0.0,0.0,1.0,0.0,0.0,0.0,0.0,0.0,0.0,0.0,0.0,0.0,0.0,0.0,0.0,0.0,0.0,0.0,0.0,0.0,0.0,0.0,0.0,0.0,0.0,0.035679847,0.0,0.0,0.0,0.0,0.0,0.0,0.0,0.0,0.0,0.0,0.0,0.0,0.0,0.0,0.0,0.0,0.0,0.0,0.0,0.0,0.0,0.0,0.0,0.9643202,0.0,0.0,0.0,0.0,0.0,0.0,0.0,0.0,0.0,0.0,0.0,0.9643202,0.0,0.0,0.0,0.0,0.0,0.0,0.0,0.0,0.0,0.0
12.454545,4.181818,4.3636365,1.1818181,2.1818182,2.3636363,3.0,2.1818182,1.0,0.09090909,0.27272728,1.0,0.0,2.1818182,0.18181819,0.27272728,0.36363637,0.09090909,0.0,0.18181819,3.0,0.0,0.18181819,0.0,2.0,1.0,0.0,0.18181819,0.18181819,1.0,0.0,0.0,0.18181819,0.0,0.09090909,0.0,0.0,0.18181819,1.0,0.18181819,0.0,0.18181819,1.0,1.0,0.18181819,0.0,1.0,0.09090909,0.0,0.18181819,0.0,0.0,0.0,0.09090909,1.0,0.0,0.27272728,0.0,0.09090909,0.0,0.0,0.18181819,0.0,0.0,0.0,1.0,0.0,0.0,0.0,0.0,0.09090909,1.0,0.0,0.0,0.09090909,0.90909094,0.0,0.18181819,0.09090909,0.0,2.0,0.0,0.0,0.09090909,0.0,0.0,0.0,0.18181819,0.0,0.09090909,0.0,0.0,0.0,0.0,0.0,1.0,0.0,0.0,0.0,0.09090909,0.0,0.09090909,0.0,0.0,0.0,0.09090909,0.0,0.0,0.0,0.09090909,0.0,0.09090909,0.0,0.18181819,0.0,0.0,0.0,0.09090909,0.0,0.0,0.0,0.0,0.0,0.0,0.0,0.0,0.90909094,0.0,0.0,0.0,0.0,0.0,0.0,0.0,0.0,0.0,0.0,0.0,0.0,0.0,0.0,0.0,0.0,0.0,0.0,0.0,0.0,0.0,0.0
10.243243,4.069498,3.034749,1.034749,2.0,2.034749,3.0,2.0,0.0,0.06949807,0.06949807,1.0,0.0,2.0,0.0,0.0,0.0,0.06949807,0.0,0.0,3.0,0.0,0.0,0.0,2.0,1.0,0.0,0.0,0.0,1.0,0.0,0.0,0.0,0.0,0.0,0.0,0.0,0.0,1.0,0.034749035,0.0,0.0,0.96525097,1.0,0.0,0.0,1.0,0.0,0.0,0.0,0.0,0.0,0.0,0.0,1.0,0.0,0.06949807,0.0,0.0,0.0,0.0,0.0,0.0,0.0,0.0,1.0,0.0,1.0,0.0,1.0,0.0,1.0,0.0,0.0,0.0,0.96525097,1.0,0.0,0.0,1.0,0.0,0.0,0.0,0.0,0.034749035,0.0,0.0,0.0,0.0,0.0,0.0,0.0,0.0,0.0,0.0,0.0,0.0,0.0,0.0,0.0,0.0,0.0,0.0,0.0,0.0,0.0,0.0,0.0,0.0,0.0,0.0,0.0,0.0,0.0,0.0,0.0,0.0,0.0,0.0,0.0,0.0,0.0,0.0,0.0,0.0,0.0,0.96525097,0.0,0.0,0.0,0.0,0.0,0.0,0.0,0.0,0.0,0.0,0.0,0.96525097,0.0,0.0,0.0,0.0,0.0,0.0,0.0,0.0,0.0,0.0
11.043478,4.130435,3.2608695,1.1304348,2.0,2.2608695,3.2608695,2.0,0.0,0.26086956,0.0,1.1304348,0.26086956,2.0,0.0,0.0,0.0,0.0,0.0,0.0,3.0,0.26086956,0.0,0.0,2.0,1.0,0.13043478,0.0,0.0,1.0,0.0,0.0,0.0,0.0,0.0,0.0,0.0,0.0,1.0,0.13043478,0.0,0.0,0.8695652,1.0,0.0,0.0,1.0,0.0,0.0,0.0,0.0,0.0,0.0,0.13043478,1.0,0.13043478,0.26086956,0.0,0.0,0.0,0.0,0.0,0.0,0.0,0.0,1.0,0.0,1.0,0.13043478,1.0,0.0,1.0,0.0,0.0,0.0,0.8695652,1.0,0.0,0.0,1.0,0.0,0.0,0.0,0.0,0.0,0.0,0.0,0.0,0.0,0.0,0.0,0.0,0.0,0.0,0.13043478,0.0,0.0,0.0,0.0,0.0,0.0,0.0,0.0,0.39130434,0.0,0.0,0.0,0.0,0.0,0.0,0.0,0.0,0.0,0.0,0.0,0.0,0.0,0.0,0.0,0.0,0.0,0.0,0.0,0.0,0.0,0.0,0.8695652,0.0,0.0,0.0,0.0,0.0,0.0,0.0,0.0,0.0,0.0,0.0,0.8695652,0.0,0.0,0.0,0.0,0.0,0.0,0.0,0.0,0.0,0.0
11.695652,4.2608695,3.1304348,1.2608696,2.0,2.1304348,3.5217392,2.0,0.0,0.13043478,0.0,1.2608696,0.5217391,2.0,0.0,0.0,0.0,0.0,0.0,0.0,3.0,0.5217391,0.0,0.0,2.0,1.0,0.26086956,0.0,0.0,1.0,0.0,0.0,0.0,0.0,0.0,0.0,0.0,0.0,1.0,0.0,0.0,0.0,0.8695652,1.0,0.0,0.0,1.0,0.0,0.0,0.0,0.0,0.0,0.0,0.0,1.0,0.26086956,0.0,0.0,0.0,0.0,0.0,0.0,0.0,0.0,0.0,1.0,0.0,1.0,0.26086956,1.0,0.0,1.0,0.0,0.0,0.0,0.8695652,1.0,0.0,0.0,1.0,0.0,0.26086956,0.0,0.0,0.0,0.0,0.0,0.0,0.0,0.0,0.0,0.0,0.0,0.0,0.26086956,0.0,0.0,0.0,0.0,0.0,0.0,0.0,0.0,0.0,0.0,0.0,0.0,0.0,0.0,0.0,0.0,0.0,0.0,0.0,0.0,0.0,0.0,0.0,0.26086956,0.0,0.0,0.0,0.0,0.0,0.0,0.0,0.8695652,0.0,0.0,0.0,0.0,0.0,0.0,0.0,0.0,0.0,0.0,0.0,0.8695652,0.0,0.0,0.0,0.0,0.0,0.0,0.0,0.0,0.0,0.0
11.363636,4.090909,3.2727273,1.1818181,2.090909,2.2727273,3.0,2.090909,0.0,0.09090909,0.18181819,1.0,0.0,2.090909,0.09090909,0.09090909,0.09090909,0.09090909,0.0,0.09090909,3.0,0.0,0.09090909,0.0,2.0,1.0,0.0,0.09090909,0.09090909,1.0,0.0,0.0,0.09090909,0.0,0.0,0.0,0.0,0.0,1.0,0.09090909,0.0,0.09090909,1.0,1.0,0.09090909,0.0,1.0,0.0,0.0,0.0,0.0,0.0,0.0,0.0,1.0,0.0,0.18181819,0.0,0.0,0.0,0.0,0.0,0.0,0.0,0.0,1.0,0.0,1.0,0.0,1.0,0.0,1.0,0.0,0.0,0.0,0.90909094,1.0,0.0,0.0,1.0,0.0,0.0,0.0,0.0,0.0,0.0,0.0,0.0,0.0,0.0,0.0,0.0,0.0,0.0,0.0,0.0,0.0,0.0,0.0,0.09090909,0.0,0.0,0.0,0.0,0.0,0.0,0.0,0.0,0.0,0.0,0.0,0.0,0.0,0.0,0.0,0.0,0.0,0.0,0.0,0.0,0.0,0.0,0.0,0.0,0.0,0.0,0.90909094,0.0,0.0,0.0,0.0,0.0,0.0,0.0,0.0,0.0,0.0,0.0,0.90909094,0.0,0.0,0.0,0.0,0.0,0.0,0.0,0.0,0.0,0.0
10.727273,4.090909,3.1818182,1.0909091,2.090909,2.1818182,3.0,2.090909,0.0,0.18181819,0.18181819,1.0,0.0,2.090909,0.09090909,0.09090909,0.09090909,0.09090909,0.0,0.09090909,3.0,0.0,0.09090909,0.0,2.0,1.0,0.0,0.09090909,0.09090909,1.0,0.0,0.0,0.09090909,0.0,0.0,0.0,0.0,0.0,1.0,0.09090909,0.0,0.09090909,1.0,1.0,0.09090909,0.0,1.0,0.0,0.0,0.0,0.0,0.0,0.0,0.0,1.0,0.0,0.18181819,0.0,0.0,0.0,0.0,0.0,0.0,0.0,0.0,1.0,0.0,1.0,0.0,1.0,0.0,1.0,0.0,0.0,0.0,0.90909094,1.0,0.0,0.0,1.0,0.0,0.0,0.0,0.0,0.0,0.0,0.0,0.0,0.0,0.0,0.0,0.0,0.0,0.0,0.0,0.0,0.0,0.0,0.0,0.09090909,0.0,0.0,0.0,0.0,0.0,0.0,0.0,0.0,0.0,0.0,0.0,0.0,0.0,0.0,0.0,0.0,0.0,0.0,0.0,0.0,0.0,0.0,0.0,0.0,0.0,0.0,0.90909094,0.0,0.0,0.0,0.0,0.0,0.0,0.0,0.0,0.0,0.0,0.0,0.90909094,0.0,0.0,0.0,0.0,0.0,0.0,0.0,0.0,0.0,0.0
10.727273,4.2727275,3.1818182,1.0909091,2.1818182,2.1818182,3.090909,2.1818182,0.0,0.09090909,0.27272728,1.0,0.09090909,2.1818182,0.18181819,0.27272728,0.36363637,0.09090909,0.0,0.18181819,3.0,0.0,0.18181819,0.0,2.0,1.0,0.09090909,0.18181819,0.18181819,1.0,0.0,0.0,0.18181819,0.0,0.09090909,0.0,0.0,0.18181819,1.0,0.09090909,0.0,0.18181819,1.0,1.0,0.18181819,0.0,1.0,0.09090909,0.0,0.18181819,0.0,0.0,0.0,0.09090909,1.0,0.0,0.18181819,0.0,0.09090909,0.0,0.0,0.18181819,0.0,0.0,0.0,1.0,0.0,1.0,0.0,1.0,0.09090909,1.0,0.0,0.0,0.09090909,1.0,1.0,0.18181819,0.09090909,1.0,0.0,0.0,0.0,0.09090909,0.0,0.0,0.0,0.18181819,0.18181819,0.09090909,0.0,0.0,0.0,0.0,0.0,0.0,0.0,0.0,0.0,0.09090909,0.0,0.09090909,0.0,0.0,0.0,0.09090909,0.0,0.0,0.0,0.09090909,0.0,0.09090909,0.0,0.18181819,0.0,0.0,0.0,0.09090909,0.0,0.0,0.0,0.09090909,0.0,0.0,0.0,0.0,1.0,0.0,0.0,0.0,0.0,0.0,0.0,0.0,0.0,0.0,0.0,0.0,1.0,0.0,0.0,0.0,0.0,0.0,0.0,0.0,0.0,0.0,0.0
11.5,4.3333335,3.5,1.1666666,2.3333333,2.5,3.0,2.3333333,0.0,0.16666667,0.5,1.0,0.0,2.3333333,0.33333334,0.5,0.6666667,0.16666667,0.0,0.33333334,3.0,0.0,0.33333334,0.0,2.0,1.0,0.0,0.33333334,0.33333334,1.0,0.0,0.0,0.33333334,0.0,0.16666667,0.0,0.0,0.33333334,1.0,0.16666667,0.0,0.33333334,1.1666666,1.0,0.33333334,0.0,1.0,0.16666667,0.0,0.33333334,0.0,0.0,0.0,0.16666667,1.0,0.0,0.33333334,0.0,0.16666667,0.0,0.0,0.33333334,0.0,0.0,0.0,1.0,0.0,1.0,0.0,1.0,0.16666667,1.0,0.0,0.0,0.16666667,1.0,1.0,0.33333334,0.16666667,1.0,0.0,0.0,0.0,0.16666667,0.0,0.0,0.0,0.33333334,0.33333334,0.16666667,0.0,0.0,0.0,0.0,0.0,0.0,0.0,0.0,0.0,0.16666667,0.0,0.16666667,0.0,0.0,0.0,0.16666667,0.0,0.0,0.0,0.16666667,0.0,0.16666667,0.0,0.33333334,0.0,0.0,0.0,0.16666667,0.0,0.0,0.0,0.16666667,0.0,0.0,0.0,0.0,1.0,0.0,0.0,0.0,0.0,0.0,0.0,0.0,0.0,0.0,0.0,0.0,1.0,0.0,0.0,0.0,0.0,0.0,0.0,0.0,0.0,0.0,0.0
10.538462,4.1153846,3.0769231,1.0769231,2.0,2.0769231,3.0,2.0,0.0,0.15384616,0.0,1.0,0.0,2.0,0.0,0.0,0.0,0.0,0.0,0.0,3.0,0.0,0.0,0.0,2.0,1.0,0.0,0.0,0.0,1.0,0.0,0.0,0.0,0.0,0.0,0.0,0.0,0.0,1.0,0.03846154,0.0,0.0,0.96153843,1.0,0.0,0.0,1.0,0.0,0.0,0.0,0.0,0.0,0.0,0.0,1.0,0.0,0.0,0.0,0.0,0.0,0.0,0.0,0.0,0.0,0.0,1.0,0.0,1.0,0.0,1.0,0.0,1.0,0.0,0.0,0.0,0.96153843,1.0,0.0,0.0,1.0,0.0,0.0,0.0,0.0,0.0,0.0,0.0,0.0,0.0,0.0,0.0,0.0,0.0,0.0,0.0,0.0,0.0,0.0,0.0,0.0,0.0,0.0,0.03846154,0.0,0.0,0.0,0.0,0.0,0.0,0.0,0.0,0.0,0.0,0.0,0.0,0.0,0.0,0.0,0.0,0.0,0.0,0.0,0.0,0.0,0.0,0.0,0.96153843,0.0,0.0,0.0,0.0,0.0,0.0,0.0,0.0,0.0,0.0,0.0,0.96153843,0.0,0.0,0.0,0.0,0.0,0.0,0.0,0.0,0.0,0.0
13.555555,4.0,3.8888888,1.4444444,2.0,2.8888888,3.0,2.0,0.0,0.0,0.0,1.0,0.0,2.0,0.0,0.0,0.0,0.0,0.0,0.0,3.0,0.0,0.0,0.0,2.0,1.0,0.0,0.0,0.0,1.0,0.0,0.0,0.0,0.0,0.0,0.0,0.0,0.0,1.0,0.44444445,0.0,0.0,1.0,1.0,0.0,0.0,1.0,0.0,0.0,0.0,0.0,0.0,0.0,0.44444445,1.0,0.0,0.44444445,0.0,0.0,0.0,0.0,0.8888889,0.0,0.0,0.0,1.0,0.0,1.0,0.0,1.0,0.0,1.0,0.0,0.0,0.0,0.5555556,1.0,0.0,0.0,1.0,0.0,0.0,0.0,0.0,0.0,0.0,0.0,0.0,0.0,0.0,0.0,0.0,0.0,0.0,0.0,0.0,0.0,0.0,0.0,0.0,0.0,0.44444445,0.0,0.0,0.0,0.44444445,0.0,0.0,0.0,0.0,0.0,0.0,0.0,0.0,0.0,0.0,0.0,0.0,0.0,0.0,0.0,0.0,0.0,0.0,0.0,0.0,0.5555556,0.0,0.0,0.0,0.0,0.0,0.0,0.0,0.0,0.0,0.0,0.0,0.5555556,0.0,0.0,0.0,0.0,0.0,0.0,0.0,0.0,0.0,0.0
12.454545,4.181818,4.3636365,1.1818181,2.1818182,2.3636363,3.0,2.1818182,1.0,0.09090909,0.27272728,1.0,0.0,2.1818182,0.18181819,0.27272728,0.36363637,0.09090909,0.0,0.18181819,3.0,0.0,0.18181819,0.0,2.0,1.0,0.0,0.18181819,0.18181819,1.0,0.0,0.0,0.18181819,0.0,0.09090909,0.0,0.0,0.18181819,1.0,0.18181819,0.0,0.18181819,1.0,1.0,0.18181819,0.0,1.0,0.09090909,0.0,0.18181819,0.0,0.0,0.0,0.09090909,1.0,0.0,0.27272728,0.0,0.09090909,0.0,0.0,0.18181819,0.0,0.0,0.0,1.0,0.0,0.0,0.0,0.0,0.09090909,1.0,0.0,0.0,0.09090909,0.90909094,0.0,0.18181819,0.09090909,0.0,2.0,0.0,0.0,0.09090909,0.0,0.0,0.0,0.18181819,0.0,0.09090909,0.0,0.0,0.0,0.0,0.0,1.0,0.0,0.0,0.0,0.09090909,0.0,0.09090909,0.0,0.0,0.0,0.09090909,0.0,0.0,0.0,0.09090909,0.0,0.09090909,0.0,0.18181819,0.0,0.0,0.0,0.09090909,0.0,0.0,0.0,0.0,0.0,0.0,0.0,0.0,0.90909094,0.0,0.0,0.0,0.0,0.0,0.0,0.0,0.0,0.0,0.0,0.0,0.0,0.0,0.0,0.0,0.0,0.0,0.0,0.0,0.0,0.0,0.0
10.913043,4.130435,3.1304348,1.1304348,2.0,2.1304348,3.1304348,2.0,0.0,0.13043478,0.13043478,1.0,0.13043478,2.0,0.0,0.0,0.0,0.13043478,0.0,0.0,3.0,0.0,0.0,0.0,2.0,1.0,0.0,0.0,0.0,1.0,0.0,0.0,0.0,0.0,0.0,0.0,0.0,0.0,1.0,0.13043478,0.0,0.0,0.8695652,1.0,0.0,0.0,1.0,0.0,0.0,0.0,0.0,0.0,0.0,0.0,1.0,0.0,0.26086956,0.0,0.0,0.0,0.0,0.0,0.0,0.0,0.0,1.0,0.0,1.0,0.0,1.0,0.0,1.0,0.0,0.0,0.0,0.8695652,1.0,0.0,0.0,1.0,0.0,0.13043478,0.0,0.0,0.0,0.0,0.0,0.0,0.0,0.0,0.0,0.0,0.0,0.0,0.0,0.0,0.0,0.0,0.0,0.0,0.0,0.0,0.0,0.0,0.0,0.0,0.0,0.0,0.0,0.0,0.0,0.0,0.0,0.0,0.0,0.0,0.0,0.0,0.0,0.0,0.0,0.0,0.0,0.0,0.0,0.0,0.8695652,0.0,0.0,0.0,0.0,0.0,0.0,0.0,0.0,0.0,0.0,0.0,0.8695652,0.0,0.0,0.0,0.0,0.0,0.0,0.0,0.0,0.0,0.0
31.0,5.0,6.0,4.0,4.0,4.0,0.0,4.0,2.0,3.0,6.0,0.0,0.0,3.0,5.0,4.0,9.0,1.0,1.0,3.0,0.0,0.0,1.0,1.0,0.0,0.0,0.0,1.0,2.0,0.0,1.0,0.0,2.0,0.0,5.0,2.0,0.0,6.0,0.0,1.0,2.0,0.0,1.0,0.0,0.0,0.0,0.0,1.0,2.0,4.0,0.0,3.0,0.0,1.0,0.0,0.0,2.0,3.0,5.0,3.0,1.0,2.0,0.0,0.0,0.0,0.0,0.0,0.0,0.0,0.0,1.0,0.0,1.0,0.0,1.0,1.0,0.0,2.0,1.0,0.0,0.0,0.0,0.0,0.0,0.0,0.0,0.0,2.0,2.0,0.0,0.0,0.0,0.0,0.0,0.0,0.0,0.0,0.0,0.0,1.0,1.0,1.0,0.0,0.0,0.0,1.0,0.0,0.0,0.0,0.0,1.0,1.0,0.0,0.0,0.0,0.0,4.0,0.0,0.0,0.0,0.0,1.0,0.0,0.0,0.0,0.0,0.0,0.0,0.0,0.0,0.0,0.0,0.0,0.0,0.0,0.0,0.0,0.0,0.0,0.0,0.0,0.0,0.0,0.0,0.0,0.0,0.0,0.0,0.0
38.0,4.0,9.0,5.0,2.0,5.0,3.0,2.0,8.0,2.0,4.0,1.0,3.0,2.0,4.0,2.0,4.0,0.0,0.0,2.0,0.0,2.0,0.0,9.0,0.0,0.0,3.0,0.0,2.0,0.0,0.0,4.0,2.0,0.0,2.0,0.0,3.0,2.0,0.0,0.0,0.0,0.0,0.0,0.0,0.0,0.0,0.0,0.0,2.0,0.0,0.0,0.0,6.0,0.0,0.0,2.0,0.0,2.0,0.0,0.0,0.0,0.0,6.0,4.0,0.0,0.0,1.0,0.0,1.0,0.0,0.0,0.0,0.0,1.0,0.0,0.0,0.0,0.0,0.0,0.0,0.0,0.0,0.0,0.0,0.0,4.0,3.0,0.0,0.0,0.0,1.0,0.0,0.0,0.0,2.0,0.0,0.0,0.0,0.0,0.0,0.0,0.0,0.0,0.0,0.0,0.0,0.0,0.0,0.0,0.0,0.0,0.0,0.0,0.0,0.0,0.0,2.0,0.0,1.0,0.0,0.0,0.0,0.0,0.0,0.0,0.0,0.0,0.0,0.0,0.0,0.0,0.0,0.0,0.0,0.0,0.0,0.0,0.0,0.0,0.0,0.0,0.0,0.0,0.0,0.0,0.0,0.0,0.0,0.0
19.0,3.0,2.0,3.0,0.0,2.0,2.0,0.0,1.0,0.0,0.0,0.0,2.0,0.0,0.0,0.0,0.0,0.0,1.0,0.0,0.0,0.0,0.0,2.0,0.0,0.0,2.0,0.0,0.0,0.0,0.0,0.0,0.0,1.0,0.0,1.0,1.0,0.0,0.0,0.0,1.0,0.0,0.0,0.0,0.0,1.0,0.0,0.0,0.0,0.0,0.0,0.0,2.0,0.0,0.0,0.0,0.0,0.0,0.0,0.0,0.0,0.0,0.0,2.0,1.0,0.0,0.0,0.0,0.0,0.0,0.0,0.0,0.0,1.0,0.0,0.0,0.0,0.0,0.0,0.0,0.0,0.0,1.0,0.0,0.0,0.0,0.0,0.0,0.0,0.0,0.0,0.0,0.0,0.0,0.0,0.0,0.0,0.0,1.0,0.0,0.0,0.0,0.0,0.0,0.0,0.0,1.0,0.0,0.0,0.0,0.0,0.0,0.0,0.0,0.0,0.0,0.0,0.0,0.0,0.0,0.0,0.0,0.0,0.0,0.0,0.0,0.0,0.0,0.0,0.0,0.0,0.0,0.0,0.0,0.0,0.0,0.0,0.0,0.0,0.0,0.0,0.0,0.0,0.0,0.0,0.0,0.0,0.0,0.0
18.0,8.0,0.0,3.0,0.0,0.0,3.0,0.0,0.0,1.0,1.0,0.0,3.0,0.0,0.0,0.0,0.0,1.0,1.0,0.0,0.0,0.0,0.0,0.0,0.0,0.0,0.0,0.0,0.0,0.0,0.0,0.0,0.0,2.0,0.0,0.0,0.0,0.0,0.0,0.0,0.0,0.0,0.0,0.0,0.0,2.0,0.0,0.0,0.0,0.0,0.0,0.0,0.0,0.0,0.0,0.0,0.0,0.0,0.0,0.0,0.0,0.0,0.0,0.0,0.0,0.0,0.0,0.0,0.0,0.0,0.0,0.0,0.0,0.0,0.0,0.0,0.0,0.0,0.0,0.0,0.0,0.0,0.0,0.0,0.0,0.0,0.0,0.0,0.0,0.0,0.0,2.0,0.0,0.0,0.0,0.0,0.0,0.0,0.0,0.0,0.0,0.0,1.0,0.0,0.0,0.0,0.0,0.0,0.0,0.0,0.0,0.0,0.0,0.0,2.0,0.0,0.0,0.0,0.0,0.0,0.0,0.0,0.0,0.0,0.0,0.0,0.0,0.0,0.0,0.0,0.0,0.0,0.0,0.0,0.0,0.0,0.0,0.0,0.0,0.0,0.0,0.0,0.0,0.0,0.0,0.0,0.0,0.0,0.0
25.0,6.0,6.0,3.0,0.0,2.0,7.0,0.0,6.0,0.0,0.0,2.0,3.0,0.0,0.0,0.0,0.0,0.0,1.0,0.0,4.0,2.0,0.0,6.0,2.0,0.0,2.0,0.0,0.0,0.0,0.0,4.0,0.0,2.0,0.0,0.0,1.0,0.0,0.0,0.0,0.0,0.0,0.0,0.0,0.0,1.0,0.0,0.0,0.0,0.0,0.0,0.0,6.0,0.0,0.0,2.0,0.0,0.0,0.0,0.0,0.0,0.0,2.0,2.0,0.0,0.0,1.0,2.0,0.0,2.0,0.0,0.0,0.0,1.0,0.0,0.0,0.0,0.0,0.0,0.0,0.0,0.0,0.0,0.0,0.0,2.0,6.0,0.0,0.0,0.0,1.0,2.0,0.0,0.0,0.0,0.0,2.0,0.0,0.0,0.0,0.0,0.0,0.0,0.0,0.0,0.0,0.0,0.0,0.0,0.0,0.0,0.0,0.0,0.0,1.0,0.0,0.0,0.0,0.0,0.0,0.0,0.0,1.0,0.0,0.0,0.0,0.0,0.0,0.0,0.0,2.0,0.0,0.0,1.0,1.0,0.0,0.0,0.0,0.0,0.0,0.0,0.0,0.0,0.0,0.0,0.0,0.0,0.0,6.0
22.0,7.0,2.0,3.0,0.0,0.0,6.0,0.0,0.0,0.0,0.0,2.0,2.0,0.0,0.0,0.0,0.0,0.0,1.0,0.0,4.0,2.0,0.0,0.0,2.0,0.0,0.0,0.0,0.0,0.0,0.0,0.0,0.0,1.0,0.0,1.0,0.0,0.0,0.0,0.0,1.0,0.0,0.0,0.0,0.0,0.0,0.0,0.0,0.0,0.0,0.0,0.0,0.0,0.0,0.0,0.0,0.0,0.0,0.0,0.0,0.0,0.0,0.0,0.0,1.0,0.0,0.0,2.0,0.0,2.0,0.0,0.0,0.0,0.0,0.0,0.0,0.0,0.0,0.0,0.0,0.0,0.0,1.0,0.0,0.0,0.0,0.0,0.0,0.0,0.0,0.0,0.0,0.0,0.0,0.0,0.0,2.0,0.0,0.0,0.0,0.0,0.0,1.0,0.0,0.0,0.0,0.0,0.0,0.0,0.0,0.0,0.0,0.0,0.0,0.0,0.0,0.0,0.0,0.0,0.0,0.0,0.0,1.0,0.0,0.0,0.0,0.0,0.0,0.0,0.0,2.0,0.0,0.0,0.0,0.0,0.0,0.0,0.0,0.0,0.0,0.0,0.0,0.0,1.0,0.0,0.0,0.0,1.0,0.0
29.0,6.0,6.0,4.0,5.0,6.0,2.0,6.0,1.0,2.0,5.0,1.0,2.0,6.0,4.0,4.0,6.0,1.0,0.0,4.0,0.0,2.0,2.0,2.0,0.0,0.0,0.0,2.0,4.0,0.0,0.0,0.0,4.0,0.0,2.0,0.0,1.0,4.0,0.0,2.0,0.0,2.0,2.0,0.0,2.0,0.0,0.0,1.0,0.0,2.0,0.0,0.0,0.0,2.0,0.0,0.0,4.0,0.0,1.0,0.0,0.0,4.0,0.0,0.0,0.0,0.0,0.0,0.0,1.0,0.0,2.0,0.0,0.0,0.0,2.0,2.0,0.0,4.0,1.0,0.0,0.0,0.0,0.0,1.0,0.0,0.0,0.0,2.0,3.0,1.0,0.0,0.0,0.0,0.0,0.0,0.0,0.0,0.0,0.0,2.0,0.0,2.0,0.0,0.0,0.0,2.0,0.0,0.0,0.0,1.0,0.0,2.0,0.0,2.0,0.0,0.0,0.0,1.0,0.0,0.0,0.0,2.0,0.0,0.0,0.0,0.0,0.0,0.0,0.0,0.0,0.0,0.0,0.0,0.0,0.0,0.0,0.0,0.0,0.0,0.0,0.0,0.0,0.0,0.0,0.0,0.0,0.0,0.0,0.0
27.0,6.0,7.0,3.0,1.0,2.0,6.0,2.0,5.0,1.0,1.0,2.0,4.0,0.0,0.0,0.0,0.0,1.0,1.0,0.0,0.0,2.0,0.0,0.0,0.0,0.0,2.0,0.0,0.0,0.0,2.0,0.0,0.0,1.0,0.0,0.0,0.0,0.0,0.0,0.0,0.0,0.0,0.0,0.0,0.0,1.0,0.0,0.0,0.0,0.0,1.0,0.0,0.0,0.0,0.0,0.0,0.0,0.0,0.0,0.0,2.0,0.0,0.0,0.0,0.0,0.0,0.0,0.0,0.0,0.0,0.0,0.0,0.0,0.0,0.0,0.0,0.0,0.0,0.0,0.0,0.0,0.0,0.0,0.0,0.0,0.0,0.0,0.0,0.0,0.0,0.0,0.0,0.0,0.0,0.0,0.0,0.0,0.0,0.0,0.0,0.0,0.0,0.0,2.0,0.0,0.0,1.0,0.0,0.0,0.0,0.0,0.0,0.0,0.0,0.0,0.0,0.0,0.0,0.0,0.0,0.0,0.0,0.0,0.0,6.0,0.0,0.0,0.0,1.0,0.0,0.0,0.0,0.0,0.0,0.0,0.0,0.0,0.0,0.0,0.0,0.0,0.0,0.0,0.0,0.0,0.0,0.0,0.0,0.0
29.0,7.0,8.0,3.0,1.0,2.0,8.0,2.0,6.0,1.0,1.0,3.0,5.0,0.0,0.0,0.0,0.0,1.0,1.0,0.0,0.0,3.0,0.0,0.0,0.0,0.0,2.0,0.0,0.0,0.0,2.0,0.0,0.0,1.0,0.0,0.0,0.0,0.0,0.0,0.0,0.0,0.0,0.0,0.0,0.0,1.0,0.0,0.0,0.0,0.0,6.0,0.0,0.0,0.0,0.0,0.0,0.0,0.0,0.0,0.0,2.0,0.0,0.0,0.0,0.0,0.0,0.0,0.0,0.0,0.0,0.0,0.0,0.0,0.0,0.0,0.0,0.0,0.0,0.0,0.0,0.0,0.0,0.0,0.0,0.0,0.0,0.0,0.0,0.0,0.0,0.0,0.0,0.0,0.0,0.0,0.0,0.0,0.0,0.0,0.0,0.0,0.0,0.0,2.0,0.0,0.0,1.0,0.0,0.0,0.0,0.0,0.0,0.0,0.0,0.0,0.0,0.0,0.0,0.0,0.0,0.0,0.0,0.0,0.0,6.0,0.0,0.0,0.0,1.0,0.0,0.0,0.0,0.0,0.0,0.0,0.0,0.0,0.0,0.0,0.0,0.0,0.0,0.0,0.0,0.0,0.0,0.0,0.0,0.0
6.2119966,1.0201901,5.0807605,0.020190142,1.0100951,0.0,0.0,1.0100951,4.0807605,1.0100951,1.0201901,0.0,0.0,0.0,1.0201901,0.010095071,0.020190142,0.0,0.010095071,0.010095071,0.0,0.0,0.0,0.0,0.0,0.0,0.0,0.0,0.0,0.0,1.0201901,0.010095071,0.0,0.0,0.010095071,0.020190142,0.0,0.010095071,0.0,0.0,0.020190142,0.0,0.0,0.0,0.0,0.0,0.0,0.0,1.0201901,0.0,2.0403802,0.030285213,0.0,0.0,0.0,0.0,0.0,0.020190142,0.0,0.030285213,1.0201901,0.0,0.0,0.0,0.0,0.0,0.0,0.0,0.0,0.0,0.0,0.0,0.010095071,0.0,0.0,0.0,0.0,0.0,0.0,0.0,0.0,0.0,0.0,0.0,0.0,0.0,0.0,0.0,0.0,0.0,0.0,0.0,0.0,1.0100951,0.0,0.0,0.0,0.010095071,0.0,0.0,0.010095071,0.0,0.0,0.0,0.010095071,0.0,0.0,0.0,0.0,0.0,0.010095071,0.0,0.0,0.0,0.0,0.0,0.0,0.0,0.0,0.0,0.0,0.0,0.0,0.0,0.0,0.0,0.0,0.0,0.0,0.0,0.0,0.0,0.010095071,0.0,0.0,0.020190142,0.98990494,0.0,0.0,0.0,0.0,0.0,0.010095071,0.0,0.0,0.0,0.0,0.0,0.0
6.1089706,1.0192301,5.03205,0.01282005,1.00641,0.01282005,0.006410025,1.00641,4.02564,1.00641,1.01282,0.0,0.006410025,0.0,1.01282,0.006410025,0.01282005,0.0,0.006410025,0.006410025,0.0,0.0,0.0,0.0,0.0,0.0,0.0,0.0,0.0,0.0,1.01282,0.006410025,0.0,0.006410025,0.006410025,0.006410025,0.0,0.006410025,0.0,0.0,0.006410025,0.0,0.0,0.0,0.0,0.006410025,0.0,0.0,1.01282,0.0,2.0,0.006410025,0.0,0.0,0.0,0.0,0.0,0.01282005,0.0,0.006410025,1.01282,0.0,0.0,0.0,0.01282005,0.0,0.0,0.0,0.0,0.0,0.0,0.0,0.006410025,0.0,0.0,0.0,0.0,0.0,0.0,0.0,0.0,0.006410025,0.006410025,0.0,0.0,0.0,0.0,0.0,0.0,0.0,0.0,0.0,0.006410025,1.00641,0.0,0.0,0.0,0.006410025,0.006410025,0.0,0.0,0.0,0.0,0.0,0.006410025,0.0,0.0,0.0,0.0,0.0,0.0,0.0,0.0,0.0,0.0,0.0,0.0,0.0,0.0,0.006410025,0.0,0.0,0.0,0.0,0.0,0.0,0.0,0.0,0.0,0.0,0.0,0.0,0.006410025,0.0,0.0,0.01282005,0.99359,0.006410025,0.0,0.0,0.0,0.0,0.006410025,0.0,0.0,0.0,0.0,0.0,0.0
21.93,2.0,19.51,0.07,1.93,0.0,0.0,1.93,17.51,2.0,3.0,0.0,0.0,0.0,3.0,1.0,2.0,0.0,0.07,1.0,0.0,0.0,0.0,0.0,0.0,0.0,0.0,0.0,0.0,0.0,1.93,0.0,0.0,0.0,1.0,0.07,0.0,1.0,0.0,0.0,0.07,0.0,0.0,0.0,0.0,0.0,0.0,0.0,3.0,0.0,13.58,0.07,0.0,0.0,0.0,0.0,0.0,2.0,0.0,0.07,1.86,0.0,0.0,0.0,0.0,0.0,0.0,0.0,0.0,0.0,0.0,0.0,1.0,0.0,0.0,0.0,0.0,0.0,0.0,0.0,0.0,0.0,0.0,0.0,0.0,0.0,0.0,0.0,0.0,0.0,0.0,0.0,0.0,2.93,0.0,0.0,0.0,0.0,0.0,0.0,0.0,0.0,0.0,0.0,0.0,0.0,0.0,0.0,0.0,0.0,0.0,0.0,0.0,0.0,0.0,0.0,0.0,0.0,0.0,0.0,0.0,0.0,0.0,0.0,0.0,0.0,0.0,0.0,0.0,0.0,0.0,0.0,1.93,0.0,0.0,1.86,0.0,0.0,0.0,0.0,0.0,0.0,1.0,0.0,0.93,0.0,0.93,0.0,0.0
21.301224,3.700216,9.50036,1.800144,1.900072,1.800144,0.900072,1.900072,7.600288,1.0,1.900072,0.0,0.900072,0.0,1.900072,0.900072,1.800144,0.0,0.900072,0.900072,0.0,0.0,0.0,0.0,0.0,0.0,0.0,0.0,0.0,0.0,2.800144,0.900072,0.0,0.900072,0.900072,0.900072,0.0,0.900072,0.0,0.0,0.900072,0.0,0.0,0.0,0.0,0.900072,0.0,0.0,2.800144,0.0,2.0,0.900072,0.0,0.0,0.0,0.0,0.0,2.700216,0.0,0.900072,2.800144,0.0,0.0,0.0,1.800144,0.0,0.0,0.0,0.0,0.0,0.0,0.0,1.800144,0.0,0.0,0.0,0.0,0.0,0.0,0.0,0.0,0.900072,0.900072,0.0,0.0,0.0,0.0,0.0,0.0,0.0,0.0,0.0,0.900072,1.0,0.0,0.0,0.0,0.900072,0.900072,0.0,0.0,0.0,0.0,0.0,0.900072,0.0,0.0,0.0,0.0,0.0,0.0,0.0,0.0,0.0,0.0,0.0,0.0,0.0,0.0,0.900072,0.0,0.0,0.0,0.0,0.0,0.0,0.0,0.0,0.0,0.900072,0.0,0.0,1.800144,0.0,0.0,0.900072,0.099928,0.0,0.0,0.0,0.0,0.0,1.800144,0.0,0.0,0.0,0.0,0.0,0.0
10.024194,4.0,3.0,1.0,1.9758064,1.9516126,3.0,1.9758064,0.02419369,0.0,0.0,1.0,0.0,1.9516126,0.0,0.0,0.0,0.0,0.02419369,0.0,3.0,0.0,0.0,0.0,2.0,1.0,0.0,0.0,0.0,1.0,0.02419369,0.0,0.0,0.0,0.0,0.02419369,0.0,0.0,1.0,0.0,0.02419369,0.0,0.9758063,1.0,0.0,0.0,0.9758063,0.0,0.0,0.0,0.0,0.02419369,0.0,0.0,0.9758063,0.0,0.0,0.0,0.0,0.02419369,0.0,0.0,0.0,0.0,0.0,0.9758063,0.0,1.0,0.0,1.0,0.0,0.9758063,0.0,0.0,0.0,0.9758063,1.0,0.0,0.0,1.0,0.02419369,0.0,0.0,0.0,0.0,0.0,0.0,0.0,0.0,0.0,0.0,0.0,0.0,0.0,0.0,0.02419369,0.0,0.0,0.0,0.0,0.0,0.0,0.0,0.0,0.0,0.0,0.0,0.0,0.0,0.0,0.0,0.0,0.0,0.0,0.0,0.02419369,0.0,0.0,0.0,0.0,0.0,0.0,0.0,0.0,0.0,0.0,0.9758063,0.02419369,0.0,0.0,0.0,0.0,0.0,0.0,0.0,0.0,0.0,0.0,0.9758063,0.0,0.0,0.0,0.0,0.0,0.0,0.0,0.0,0.0,0.0
26.0,2.0,5.0,4.0,2.0,2.0,0.0,3.0,2.0,1.0,2.0,0.0,0.0,1.0,1.0,1.0,1.0,1.0,0.0,1.0,0.0,0.0,1.0,1.0,0.0,0.0,0.0,1.0,0.0,0.0,1.0,0.0,0.0,0.0,0.0,0.0,0.0,0.0,0.0,0.0,0.0,0.0,0.0,0.0,0.0,0.0,0.0,0.0,1.0,0.0,0.0,0.0,0.0,0.0,0.0,0.0,0.0,1.0,0.0,0.0,0.0,0.0,0.0,0.0,0.0,0.0,0.0,0.0,0.0,0.0,0.0,0.0,1.0,0.0,0.0,0.0,0.0,0.0,0.0,0.0,0.0,0.0,0.0,0.0,1.0,0.0,0.0,0.0,0.0,0.0,0.0,0.0,0.0,0.0,0.0,0.0,0.0,0.0,0.0,0.0,0.0,0.0,0.0,0.0,0.0,0.0,0.0,1.0,1.0,0.0,0.0,0.0,0.0,0.0,0.0,0.0,0.0,0.0,0.0,0.0,0.0,0.0,0.0,0.0,2.0,0.0,0.0,0.0,0.0,0.0,0.0,0.0,0.0,0.0,0.0,0.0,0.0,0.0,0.0,0.0,0.0,0.0,0.0,0.0,0.0,0.0,0.0,0.0,0.0
26.0,4.0,10.0,3.0,2.0,4.0,3.0,2.0,11.0,0.0,0.0,1.0,2.0,2.0,0.0,0.0,0.0,0.0,0.0,0.0,1.0,1.0,0.0,6.0,1.0,1.0,2.0,0.0,0.0,1.0,0.0,4.0,0.0,0.0,0.0,0.0,1.0,0.0,0.0,0.0,0.0,0.0,1.0,0.0,0.0,0.0,1.0,0.0,0.0,0.0,10.0,0.0,6.0,0.0,1.0,1.0,0.0,0.0,0.0,0.0,0.0,0.0,2.0,2.0,0.0,0.0,1.0,0.0,0.0,0.0,0.0,0.0,0.0,1.0,0.0,1.0,0.0,0.0,0.0,0.0,0.0,0.0,0.0,0.0,0.0,2.0,3.0,0.0,0.0,0.0,1.0,0.0,0.0,0.0,0.0,0.0,1.0,6.0,0.0,0.0,0.0,0.0,0.0,0.0,0.0,0.0,0.0,0.0,0.0,0.0,0.0,0.0,0.0,0.0,0.0,0.0,0.0,0.0,0.0,0.0,1.0,0.0,0.0,0.0,0.0,0.0,0.0,0.0,0.0,0.0,0.0,0.0,0.0,0.0,0.0,0.0,0.0,0.0,0.0,0.0,0.0,0.0,0.0,0.0,0.0,0.0,0.0,0.0,0.0
11.0,4.2,3.3,1.1,2.2,2.1,3.0,2.2,0.1,0.1,0.3,1.0,0.0,2.0,0.2,0.3,0.4,0.1,0.0,0.2,3.0,0.0,0.2,0.1,2.0,1.0,0.0,0.2,0.0,1.0,0.1,0.0,0.0,0.0,0.1,0.0,0.0,0.2,1.0,0.1,0.0,0.0,0.9,1.0,0.0,0.0,1.0,0.1,0.1,0.2,0.0,0.0,0.0,0.0,1.0,0.0,0.2,0.2,0.1,0.0,0.0,0.0,0.0,0.0,0.0,1.0,0.0,1.0,0.0,1.0,0.0,1.0,0.2,0.0,0.0,0.9,1.0,0.0,0.0,1.0,0.0,0.0,0.0,0.0,0.0,0.0,0.0,0.0,0.0,0.1,0.0,0.0,0.0,0.0,0.0,0.0,0.0,0.0,0.0,0.0,0.0,0.0,0.0,0.0,0.0,0.0,0.0,0.0,0.0,0.0,0.0,0.0,0.0,0.0,0.0,0.0,0.0,0.0,0.0,0.0,0.0,0.0,0.0,0.0,0.3,0.0,0.9,0.0,0.0,0.0,0.0,0.0,0.0,0.0,0.0,0.0,0.0,0.0,0.9,0.0,0.0,0.0,0.0,0.0,0.0,0.0,0.0,0.0,0.0
12.238944,2.0434444,10.0,0.0434443,2.0,0.0434443,0.02172215,2.0,8.0,2.0,3.0,0.0,0.02172215,0.0,3.0,1.0,2.0,0.0,0.02172215,1.0,0.0,0.0,0.0,0.0,0.0,0.0,0.0,0.0,0.0,0.0,2.021722,0.02172215,0.0,0.02172215,1.0,0.02172215,0.0,1.0,0.0,0.0,0.02172215,0.0,0.0,0.0,0.0,0.02172215,0.0,0.0,3.0,0.0,3.9565556,0.02172215,0.0,0.0,0.0,0.0,0.0,2.0,0.0,0.02172215,2.021722,0.0,0.0,0.0,0.0434443,0.0,0.0,0.0,0.0,0.0,0.0,0.0,1.0,0.0,0.0,0.0,0.0,0.0,0.0,0.0,0.0,0.02172215,0.02172215,0.0,0.0,0.0,0.0,0.0,0.0,0.0,0.0,0.0,0.02172215,2.978278,0.0,0.0,0.0,0.02172215,0.02172215,0.0,0.0,0.0,0.0,0.0,0.02172215,0.0,0.0,0.0,0.0,0.0,0.0,0.0,0.0,0.0,0.0,0.0,0.0,0.0,0.0,0.02172215,0.0,0.0,0.0,0.0,0.0,0.0,0.0,0.0,0.0,0.0,0.0,0.0,1.9782778,0.0,0.0,2.0,0.97827786,1.0,0.0,0.0,0.0,0.0,1.0,0.0,0.97827786,0.0,0.97827786,0.0,0.0
10.666667,4.142857,3.0952382,1.0952381,2.0,2.0952382,3.0,2.0,0.0,0.1904762,0.0,1.0,0.0,2.0,0.0,0.0,0.0,0.0,0.0,0.0,3.0,0.0,0.0,0.0,2.0,1.0,0.0,0.0,0.0,1.0,0.0,0.0,0.0,0.0,0.0,0.0,0.0,0.0,1.0,0.04761905,0.0,0.0,0.95238096,1.0,0.0,0.0,1.0,0.0,0.0,0.0,0.0,0.0,0.0,0.0,1.0,0.0,0.0,0.0,0.0,0.0,0.0,0.0,0.0,0.0,0.0,1.0,0.0,1.0,0.0,1.0,0.0,1.0,0.0,0.0,0.0,0.95238096,1.0,0.0,0.0,1.0,0.0,0.0,0.0,0.0,0.0,0.0,0.0,0.0,0.0,0.0,0.0,0.0,0.0,0.0,0.0,0.0,0.0,0.0,0.0,0.0,0.0,0.0,0.04761905,0.0,0.0,0.0,0.0,0.0,0.0,0.0,0.0,0.0,0.0,0.0,0.0,0.0,0.0,0.0,0.0,0.0,0.0,0.0,0.0,0.0,0.0,0.0,0.95238096,0.0,0.0,0.0,0.0,0.0,0.0,0.0,0.0,0.0,0.0,0.0,0.95238096,0.0,0.0,0.0,0.0,0.0,0.0,0.0,0.0,0.0,0.0
13.692307,4.4615383,2.7692308,1.6923077,2.0,2.0,3.9230769,2.0,0.0,0.0,0.0,1.4615384,1.3846154,2.0,0.0,0.0,0.0,0.0,0.0,0.0,2.5384614,1.1538461,0.0,0.0,1.7692307,1.0,0.0,0.0,0.0,1.0,0.0,0.0,0.0,0.0,0.0,0.0,0.0,0.0,0.7692308,0.0,0.0,0.0,1.0,0.7692308,0.0,0.0,1.0,0.0,0.0,0.0,0.0,0.0,0.0,0.0,1.0,0.0,0.0,0.0,0.0,0.0,0.0,0.0,0.0,0.0,0.0,0.7692308,0.0,0.7692308,0.46153846,0.7692308,0.0,0.7692308,0.0,0.0,0.0,1.0,0.7692308,0.0,0.0,0.7692308,0.0,0.0,0.0,0.0,0.0,0.0,0.0,0.0,0.0,0.0,0.0,0.0,0.0,0.0,0.0,0.0,0.23076923,0.0,0.0,0.0,0.0,0.0,0.0,0.0,0.0,0.0,0.0,0.0,0.0,0.0,0.0,0.0,0.6923077,0.0,0.0,0.0,0.0,0.0,0.0,0.0,0.23076923,0.0,0.0,0.0,0.0,0.46153846,0.7692308,0.0,0.0,0.0,0.0,0.23076923,0.0,0.0,0.0,0.0,0.0,0.0,0.7692308,0.0,0.0,0.0,0.0,0.0,0.0,0.0,0.0,0.0,0.0
11.166667,4.1666665,3.1666667,1.1666666,2.1666667,2.1666667,3.0,2.1666667,0.0,0.16666667,0.33333334,1.0,0.0,2.1666667,0.16666667,0.16666667,0.16666667,0.16666667,0.0,0.16666667,3.0,0.0,0.16666667,0.0,2.0,1.0,0.0,0.16666667,0.16666667,1.0,0.0,0.0,0.16666667,0.0,0.0,0.0,0.0,0.0,1.0,0.16666667,0.0,0.16666667,0.8333333,1.0,0.16666667,0.0,1.0,0.0,0.0,0.0,0.0,0.0,0.0,0.0,1.0,0.0,0.33333334,0.0,0.0,0.0,0.0,0.0,0.0,0.0,0.0,1.0,0.0,1.0,0.0,1.0,0.0,1.0,0.0,0.0,0.0,0.8333333,1.0,0.0,0.0,1.0,0.0,0.0,0.0,0.0,0.0,0.0,0.0,0.0,0.0,0.0,0.0,0.0,0.0,0.0,0.0,0.0,0.0,0.0,0.0,0.0,0.0,0.0,0.0,0.0,0.0,0.0,0.0,0.0,0.0,0.0,0.0,0.0,0.0,0.0,0.0,0.0,0.0,0.0,0.0,0.0,0.0,0.0,0.0,0.0,0.0,0.0,0.8333333,0.0,0.0,0.0,0.0,0.0,0.0,0.0,0.0,0.0,0.0,0.0,0.8333333,0.0,0.0,0.0,0.0,0.0,0.0,0.0,0.0,0.0,0.0
45.2,4.05,11.95,6.0,2.0,8.0,4.0,2.0,9.9,2.0,3.0,2.0,4.0,2.0,3.0,1.0,2.0,0.0,0.0,1.0,0.0,4.0,0.0,12.0,0.0,0.0,4.0,0.0,1.0,0.0,0.0,4.0,1.0,0.0,1.0,0.0,6.0,1.0,0.0,0.0,0.0,0.0,0.0,0.0,0.0,0.0,0.0,0.0,2.0,0.0,1.9,0.0,6.0,2.0,0.0,4.0,0.0,1.0,0.0,0.0,0.0,0.0,12.0,6.0,0.0,0.0,1.0,0.0,2.0,0.0,0.0,0.0,0.0,1.0,0.0,0.0,0.0,0.0,0.0,0.0,0.0,0.0,0.0,0.0,0.0,6.0,6.0,0.0,0.0,0.0,1.0,0.0,1.0,1.9,4.0,0.0,0.0,0.0,0.0,0.0,0.0,0.0,0.0,0.0,0.0,0.0,0.0,0.0,0.0,0.0,0.0,0.0,0.0,0.0,0.0,0.0,1.0,0.0,2.0,0.0,0.0,0.0,0.0,0.0,0.0,0.0,0.0,0.0,0.0,0.0,0.0,0.0,0.0,0.0,0.0,0.0,0.0,0.95,0.0,0.0,0.0,0.0,0.0,0.0,0.0,0.0,0.0,0.0,0.0
29.0,2.0,6.0,4.0,0.0,5.0,2.0,0.0,3.0,2.0,4.0,0.0,2.0,0.0,3.0,3.0,2.0,1.0,0.0,0.0,0.0,0.0,2.0,4.0,0.0,0.0,2.0,0.0,2.0,0.0,0.0,0.0,0.0,0.0,0.0,0.0,1.0,0.0,0.0,2.0,0.0,1.0,0.0,0.0,0.0,0.0,0.0,1.0,1.0,1.0,0.0,0.0,2.0,0.0,0.0,0.0,0.0,0.0,0.0,0.0,0.0,0.0,0.0,2.0,0.0,0.0,0.0,0.0,0.0,0.0,1.0,0.0,0.0,1.0,0.0,0.0,0.0,0.0,1.0,0.0,0.0,2.0,0.0,1.0,0.0,0.0,0.0,0.0,0.0,1.0,0.0,0.0,0.0,0.0,0.0,0.0,0.0,0.0,0.0,0.0,0.0,0.0,0.0,0.0,0.0,0.0,0.0,0.0,0.0,1.0,0.0,0.0,0.0,0.0,0.0,0.0,0.0,1.0,0.0,0.0,0.0,0.0,0.0,0.0,0.0,0.0,0.0,0.0,0.0,0.0,0.0,0.0,0.0,0.0,0.0,0.0,0.0,0.0,0.0,0.0,0.0,0.0,0.0,0.0,0.0,0.0,0.0,0.0,0.0
13.35,4.3,5.45,1.15,2.0,2.0,3.15,2.0,2.6,0.0,0.0,1.0,0.15,1.7,0.0,0.0,0.0,0.0,0.15,0.0,3.0,0.0,0.0,0.0,2.0,1.0,0.0,0.0,0.0,1.0,0.45,0.15,0.0,0.15,0.0,0.15,0.0,0.0,1.0,0.0,0.15,0.0,0.85,1.0,0.0,0.15,0.85,0.0,0.0,0.0,0.0,0.15,0.0,0.0,0.85,0.0,0.0,0.0,0.0,0.15,0.45,0.0,0.0,0.0,0.3,0.85,0.0,0.0,0.0,0.0,0.0,0.85,0.0,0.0,0.0,0.85,0.0,0.0,0.0,0.0,2.15,0.15,0.15,0.0,0.0,0.0,0.0,0.0,0.0,0.0,0.0,0.0,0.15,0.0,0.0,1.15,0.0,0.15,0.15,0.0,0.0,0.0,0.0,0.0,0.15,0.0,0.0,0.0,0.0,0.0,0.0,0.0,0.0,0.0,0.0,0.15,0.0,0.0,0.0,0.15,0.0,0.0,0.0,0.0,0.0,0.0,0.85,0.15,0.0,0.0,0.0,0.0,0.0,0.0,0.0,0.0,0.0,0.0,0.0,0.0,0.0,0.0,0.0,0.0,0.0,0.0,0.0,0.0,0.0
16.074898,3.0499313,3.925103,2.0249658,1.0,2.0,3.0249658,0.0,5.850206,0.0,0.0,1.0,2.0249658,0.0,0.0,0.0,0.0,0.0,0.024965698,0.0,0.0,1.0,0.0,5.850206,0.0,1.0,1.9500686,0.0,0.0,0.0,0.0,3.9001372,0.0,0.024965698,0.0,0.049931396,0.9750343,0.0,0.0,0.0,0.049931396,0.0,0.0,0.0,0.0,0.024965698,0.0,0.0,0.0,0.0,0.0,0.024965698,5.850206,0.0,0.0,0.9750343,0.0,0.0,0.0,0.024965698,0.0,0.0,1.9500686,1.9500686,0.049931396,0.0,0.9750343,0.0,0.0,0.0,0.0,0.0,0.0,0.9750343,0.0,0.0,0.0,0.0,0.0,0.0,0.0,0.024965698,0.049931396,0.0,0.0,1.9500686,2.925103,0.0,0.0,0.0,0.9750343,0.0,0.024965698,0.0,0.0,0.0,0.0,0.0,0.049931396,0.0,0.0,0.0,0.0,0.0,0.0,0.0,0.0,0.0,0.0,0.0,0.0,0.0,0.024965698,0.0,0.0,0.0,0.0,0.0,0.0,0.049931396,1.0,0.0,0.0,0.024965698,0.0,0.0,0.0,0.0,0.0,0.0,0.0,0.0,0.0,0.0,0.0,0.0,0.0,0.0,0.0,0.0,0.0,0.0,0.0,0.0,0.0,0.0,0.0,0.0,0.0
11.91,3.97,4.91,1.0,1.97,1.94,2.91,1.97,1.97,0.0,0.0,0.97,0.0,1.94,0.0,0.0,0.0,0.0,0.03,0.0,2.91,0.0,0.0,0.0,1.94,0.97,0.0,0.0,0.0,0.97,0.03,0.0,0.0,0.0,0.0,0.03,0.0,0.0,0.97,0.0,0.03,0.0,0.97,0.97,0.0,0.0,0.97,0.0,0.0,0.0,0.0,0.03,0.0,0.0,0.97,0.0,0.0,0.0,0.0,0.03,0.0,0.0,0.0,0.0,0.06,0.97,0.0,0.0,0.0,0.0,0.0,0.97,0.0,0.0,0.0,0.97,0.0,0.0,0.0,0.0,1.94,0.0,0.03,0.0,0.0,0.0,0.0,0.0,0.0,0.0,0.0,0.0,0.0,0.0,0.0,0.97,0.0,0.0,0.0,0.0,0.0,0.0,0.0,0.0,0.0,0.0,0.0,0.0,0.0,0.0,0.0,0.0,0.0,0.0,0.0,0.0,0.0,0.0,0.0,0.0,0.0,0.0,0.0,0.0,0.0,0.0,0.97,0.0,0.0,0.0,0.0,0.0,0.0,0.0,0.0,0.0,0.0,0.0,0.0,0.0,0.0,0.0,0.0,0.0,0.0,0.0,0.0,0.0,0.0
10.58328,4.1666512,3.1666515,1.0833257,2.0,2.1666515,3.0,2.0,0.08332569,0.0,0.0,1.0,0.0,2.0,0.0,0.0,0.0,0.0,0.08332569,0.0,3.0,0.0,0.0,0.16665138,2.0,1.0,0.0,0.0,0.0,1.0,0.0,0.0,0.0,0.0,0.0,0.16665138,0.08332569,0.0,1.0,0.0,0.16665138,0.0,1.0833257,1.0,0.0,0.0,1.0,0.0,0.0,0.0,0.0,0.08332569,0.0,0.0,1.0,0.0,0.0,0.0,0.0,0.08332569,0.0,0.0,0.0,0.0,0.16665138,1.0,0.0,1.0,0.0,1.0,0.0,1.0,0.0,0.0,0.0,0.9166743,1.0,0.0,0.0,1.0,0.0,0.0,0.16665138,0.0,0.0,0.0,0.0,0.0,0.0,0.0,0.0,0.0,0.0,0.0,0.0,0.0,0.0,0.0,0.0,0.0,0.0,0.0,0.0,0.0,0.0,0.0,0.0,0.0,0.0,0.0,0.0,0.0,0.0,0.0,0.0,0.0,0.0,0.0,0.0,0.0,0.0,0.0,0.0,0.0,0.0,0.0,0.9166743,0.0,0.0,0.0,0.0,0.0,0.0,0.0,0.0,0.0,0.0,0.0,0.9166743,0.0,0.0,0.0,0.0,0.0,0.0,0.0,0.0,0.0,0.0
11.695652,4.2608695,3.1304348,1.2608696,2.0,2.1304348,3.5217392,2.0,0.0,0.13043478,0.0,1.2608696,0.5217391,2.0,0.0,0.0,0.0,0.0,0.0,0.0,3.0,0.5217391,0.0,0.0,2.0,1.0,0.26086956,0.0,0.0,1.0,0.0,0.0,0.0,0.0,0.0,0.0,0.0,0.0,1.0,0.0,0.0,0.0,0.8695652,1.0,0.0,0.0,1.0,0.0,0.0,0.0,0.0,0.0,0.0,0.0,1.0,0.26086956,0.0,0.0,0.0,0.0,0.0,0.0,0.0,0.0,0.0,1.0,0.0,1.0,0.26086956,1.0,0.0,1.0,0.0,0.0,0.0,0.8695652,1.0,0.0,0.0,1.0,0.0,0.0,0.0,0.0,0.0,0.0,0.0,0.0,0.0,0.0,0.0,0.0,0.0,0.0,0.26086956,0.0,0.0,0.0,0.0,0.0,0.0,0.0,0.0,0.26086956,0.0,0.0,0.0,0.0,0.0,0.0,0.0,0.0,0.0,0.0,0.0,0.0,0.0,0.0,0.26086956,0.0,0.0,0.0,0.0,0.0,0.0,0.0,0.8695652,0.0,0.0,0.0,0.0,0.0,0.0,0.0,0.0,0.0,0.0,0.0,0.8695652,0.0,0.0,0.0,0.0,0.0,0.0,0.0,0.0,0.0,0.0
11.333333,4.0,3.1666667,1.1666666,2.0,2.1666667,3.0,2.0,0.0,0.33333334,0.16666667,1.0,0.0,2.0,0.0,0.0,0.0,0.0,0.0,0.0,3.0,0.0,0.0,0.0,2.0,1.0,0.0,0.0,0.0,1.0,0.0,0.0,0.0,0.0,0.0,0.0,0.0,0.0,1.0,0.5,0.0,0.0,0.8333333,1.0,0.0,0.0,1.0,0.0,0.0,0.0,0.0,0.0,0.0,0.0,1.0,0.0,0.6666667,0.0,0.0,0.0,0.0,0.0,0.0,0.0,0.0,1.0,0.0,1.0,0.0,1.0,0.0,1.0,0.0,0.0,0.0,0.8333333,1.0,0.0,0.0,1.0,0.0,0.0,0.0,0.0,0.0,0.0,0.0,0.0,0.0,0.0,0.0,0.0,0.0,0.0,0.0,0.0,0.0,0.0,0.0,0.0,0.0,0.0,0.0,0.0,0.0,0.0,0.0,0.0,0.0,0.0,0.0,0.0,0.0,0.0,0.0,0.0,0.0,0.0,0.0,0.0,0.0,0.0,0.0,0.0,0.0,0.0,0.8333333,0.0,0.0,0.0,0.0,0.0,0.0,0.0,0.0,0.0,0.0,0.0,0.8333333,0.0,0.0,0.0,0.0,0.0,0.0,0.0,0.0,0.0,0.0
10.952381,4.047619,3.0952382,1.1428572,2.0,2.0952382,3.0952382,2.0,0.0,0.1904762,0.0,1.0476191,0.0952381,2.0,0.0,0.0,0.0,0.0,0.0,0.0,3.0,0.0952381,0.0,0.0,2.0,1.0,0.0952381,0.0,0.0,1.0,0.0,0.0,0.0,0.0,0.0,0.0,0.0,0.0,1.0,0.0,0.0,0.0,0.95238096,1.0,0.0,0.0,1.0,0.0,0.0,0.0,0.0,0.0,0.0,0.0,1.0,0.0952381,0.0,0.0,0.0,0.0,0.0,0.0,0.0,0.0,0.0,1.0,0.0,1.0,0.04761905,1.0,0.0,1.0,0.0,0.0,0.0,0.95238096,1.0,0.0,0.0,1.0,0.0,0.0,0.0,0.0,0.0,0.0,0.0,0.0,0.0,0.0,0.0,0.0,0.0,0.0,0.0952381,0.0,0.0,0.0,0.0,0.0,0.0,0.0,0.0,0.0,0.0,0.0,0.0,0.0,0.0,0.0,0.0,0.0,0.0,0.0,0.0,0.0,0.0,0.0,0.0,0.0,0.0,0.0,0.0,0.0,0.0,0.0,0.95238096,0.0,0.0,0.0,0.0,0.0,0.0,0.0,0.0,0.0,0.0,0.0,0.95238096,0.0,0.0,0.0,0.0,0.0,0.0,0.0,0.0,0.0,0.0
11.454545,4.5454545,3.0,1.1818181,2.3636363,2.0,3.1818182,2.0,0.0,0.18181819,0.18181819,1.0,0.18181819,2.0,0.0,0.0,0.0,0.18181819,0.0,0.0,3.0,0.0,0.0,0.0,2.0,1.0,0.0,0.0,0.0,1.0,0.0,0.0,0.0,0.0,0.0,0.0,0.0,0.0,1.0,0.0,0.0,0.0,0.90909094,1.0,0.0,0.0,1.0,0.0,0.0,0.0,0.0,0.0,0.0,0.0,1.0,0.0,0.0,0.0,0.0,0.0,0.0,0.0,0.0,0.0,0.0,1.0,0.0,1.0,0.0,1.0,0.0,1.0,0.0,0.0,0.0,0.90909094,1.0,0.0,0.0,1.0,0.0,0.0,0.0,0.0,0.18181819,0.0,0.0,0.0,0.0,0.0,0.0,0.0,0.0,0.0,0.0,0.0,0.0,0.0,0.0,0.0,0.0,0.0,0.0,0.18181819,0.0,0.0,0.0,0.0,0.0,0.0,0.0,0.0,0.0,0.0,0.0,0.0,0.0,0.0,0.0,0.0,0.0,0.0,0.0,0.0,0.0,0.0,0.90909094,0.0,0.0,0.0,0.0,0.0,0.0,0.0,0.0,0.0,0.0,0.0,0.90909094,0.0,0.0,0.0,0.0,0.0,0.0,0.0,0.0,0.0,0.0
10.636364,4.0,3.090909,1.0909091,2.0,2.090909,3.0,2.0,0.0,0.09090909,0.09090909,1.0,0.0,2.0,0.0,0.0,0.0,0.09090909,0.0,0.0,3.0,0.0,0.0,0.0,2.0,1.0,0.0,0.0,0.0,1.0,0.0,0.0,0.0,0.0,0.0,0.0,0.0,0.0,1.0,0.09090909,0.0,0.0,0.90909094,1.0,0.0,0.0,1.0,0.0,0.0,0.0,0.0,0.0,0.0,0.0,1.0,0.0,0.18181819,0.0,0.0,0.0,0.0,0.0,0.0,0.0,0.0,1.0,0.0,1.0,0.0,1.0,0.0,1.0,0.0,0.0,0.0,0.90909094,1.0,0.0,0.0,1.0,0.0,0.0,0.0,0.0,0.0,0.0,0.0,0.0,0.0,0.0,0.0,0.0,0.0,0.0,0.0,0.0,0.0,0.0,0.0,0.0,0.0,0.0,0.0,0.0,0.0,0.0,0.0,0.0,0.0,0.0,0.0,0.0,0.0,0.0,0.0,0.0,0.0,0.0,0.0,0.0,0.0,0.0,0.0,0.0,0.0,0.0,0.90909094,0.0,0.0,0.0,0.0,0.0,0.0,0.0,0.0,0.0,0.0,0.0,0.90909094,0.0,0.0,0.0,0.0,0.0,0.0,0.0,0.0,0.0,0.0
10.913043,4.0,3.1304348,1.1304348,2.0,2.1304348,3.0,2.0,0.0,0.13043478,0.13043478,1.0,0.0,2.0,0.0,0.0,0.0,0.13043478,0.0,0.0,3.0,0.0,0.0,0.0,2.0,1.0,0.0,0.0,0.0,1.0,0.0,0.0,0.0,0.0,0.0,0.0,0.0,0.0,1.0,0.13043478,0.0,0.0,0.8695652,1.0,0.0,0.0,1.0,0.0,0.0,0.0,0.0,0.0,0.0,0.0,1.0,0.0,0.26086956,0.0,0.0,0.0,0.0,0.0,0.0,0.0,0.0,1.0,0.0,1.0,0.0,1.0,0.0,1.0,0.0,0.0,0.0,0.8695652,1.0,0.0,0.0,1.0,0.0,0.0,0.0,0.0,0.0,0.0,0.0,0.0,0.0,0.0,0.0,0.0,0.0,0.0,0.0,0.0,0.0,0.0,0.0,0.0,0.0,0.0,0.0,0.0,0.0,0.0,0.0,0.0,0.0,0.0,0.0,0.0,0.0,0.0,0.0,0.0,0.0,0.0,0.0,0.0,0.0,0.0,0.0,0.0,0.0,0.0,0.8695652,0.0,0.0,0.0,0.0,0.0,0.0,0.0,0.0,0.0,0.0,0.0,0.8695652,0.0,0.0,0.0,0.0,0.0,0.0,0.0,0.0,0.0,0.0
10.727273,4.0,3.1818182,1.0909091,2.0,2.1818182,3.0,2.0,0.0,0.18181819,0.09090909,1.0,0.0,2.0,0.0,0.0,0.0,0.09090909,0.0,0.0,3.0,0.0,0.0,0.0,2.0,1.0,0.0,0.0,0.0,1.0,0.0,0.0,0.0,0.0,0.0,0.0,0.0,0.0,1.0,0.09090909,0.0,0.0,0.90909094,1.0,0.0,0.0,1.0,0.0,0.0,0.0,0.0,0.0,0.0,0.09090909,1.0,0.0,0.18181819,0.0,0.0,0.0,0.0,0.0,0.0,0.0,0.0,1.0,0.0,1.0,0.0,1.0,0.0,1.0,0.0,0.0,0.0,0.90909094,1.0,0.0,0.0,1.0,0.0,0.0,0.0,0.0,0.0,0.0,0.0,0.0,0.0,0.0,0.0,0.0,0.0,0.0,0.0,0.0,0.0,0.0,0.0,0.0,0.0,0.0,0.0,0.0,0.0,0.0,0.0,0.0,0.0,0.0,0.0,0.0,0.0,0.0,0.0,0.0,0.0,0.0,0.0,0.0,0.0,0.0,0.0,0.0,0.0,0.0,0.90909094,0.0,0.0,0.0,0.0,0.0,0.0,0.0,0.0,0.0,0.0,0.0,0.90909094,0.0,0.0,0.0,0.0,0.0,0.0,0.0,0.0,0.0,0.0
11.272727,4.0,3.1818182,1.1818181,2.0,2.1818182,3.0,2.0,0.0,0.18181819,0.18181819,1.0,0.0,2.0,0.0,0.0,0.0,0.18181819,0.0,0.0,3.0,0.0,0.0,0.0,2.0,1.0,0.0,0.0,0.0,1.0,0.0,0.0,0.0,0.0,0.0,0.0,0.0,0.0,1.0,0.0,0.0,0.0,1.0909091,1.0,0.0,0.0,1.0,0.0,0.0,0.0,0.0,0.0,0.0,0.0,1.0,0.0,0.0,0.0,0.0,0.0,0.0,0.0,0.0,0.0,0.0,1.0,0.0,1.0,0.0,1.0,0.0,1.0,0.0,0.0,0.0,0.90909094,1.0,0.0,0.0,1.0,0.0,0.0,0.0,0.0,0.0,0.0,0.0,0.0,0.0,0.0,0.0,0.0,0.0,0.0,0.0,0.0,0.0,0.0,0.0,0.0,0.0,0.0,0.0,0.0,0.0,0.0,0.0,0.0,0.0,0.0,0.0,0.0,0.0,0.0,0.0,0.0,0.0,0.0,0.0,0.0,0.0,0.0,0.0,0.0,0.0,0.0,0.90909094,0.0,0.0,0.0,0.0,0.0,0.0,0.0,0.0,0.0,0.0,0.0,0.90909094,0.0,0.0,0.0,0.0,0.0,0.0,0.0,0.0,0.0,0.0
11.826087,4.0,3.2608695,1.2608696,2.0,2.2608695,3.0,2.0,0.0,0.26086956,0.26086956,1.0,0.0,2.0,0.0,0.0,0.0,0.26086956,0.0,0.0,3.0,0.0,0.0,0.0,2.0,1.0,0.0,0.0,0.0,1.0,0.0,0.0,0.0,0.0,0.0,0.0,0.0,0.0,1.0,0.0,0.0,0.0,1.1304348,1.0,0.0,0.0,1.0,0.0,0.0,0.0,0.0,0.0,0.0,0.0,1.0,0.0,0.0,0.0,0.0,0.0,0.0,0.0,0.0,0.0,0.0,1.0,0.0,1.0,0.0,1.0,0.0,1.0,0.0,0.0,0.0,0.8695652,1.0,0.0,0.0,1.0,0.0,0.0,0.0,0.0,0.0,0.0,0.0,0.0,0.0,0.0,0.0,0.0,0.0,0.0,0.0,0.0,0.0,0.0,0.0,0.0,0.0,0.0,0.0,0.0,0.0,0.0,0.0,0.0,0.0,0.0,0.0,0.0,0.0,0.0,0.0,0.0,0.0,0.0,0.0,0.0,0.0,0.0,0.0,0.0,0.0,0.0,0.8695652,0.0,0.0,0.0,0.0,0.0,0.0,0.0,0.0,0.0,0.0,0.0,0.8695652,0.0,0.0,0.0,0.0,0.0,0.0,0.0,0.0,0.0,0.0
42.0,6.0,22.0,3.0,5.0,0.0,0.0,5.0,28.0,4.0,9.0,0.0,0.0,0.0,9.0,7.0,17.0,2.0,1.0,4.0,0.0,0.0,1.0,0.0,0.0,0.0,0.0,1.0,0.0,0.0,8.0,8.0,0.0,0.0,10.0,3.0,0.0,9.0,0.0,0.0,3.0,0.0,0.0,0.0,0.0,0.0,0.0,2.0,13.0,8.0,26.0,3.0,0.0,0.0,0.0,0.0,0.0,23.0,10.0,3.0,16.0,0.0,0.0,0.0,0.0,0.0,0.0,0.0,0.0,0.0,0.0,0.0,13.0,0.0,0.0,0.0,0.0,0.0,0.0,0.0,0.0,0.0,0.0,0.0,0.0,0.0,0.0,0.0,0.0,0.0,0.0,0.0,0.0,17.0,0.0,0.0,0.0,28.0,0.0,0.0,3.0,0.0,0.0,0.0,3.0,0.0,0.0,0.0,0.0,0.0,3.0,0.0,0.0,0.0,0.0,0.0,0.0,0.0,0.0,0.0,0.0,0.0,0.0,0.0,2.0,0.0,0.0,0.0,0.0,12.0,0.0,0.0,38.0,0.0,0.0,28.0,6.0,4.0,0.0,0.0,0.0,0.0,3.0,0.0,3.0,0.0,0.0,0.0,0.0
24.0,4.0,8.0,3.0,0.0,2.0,3.0,0.0,11.0,0.0,0.0,0.0,3.0,0.0,0.0,0.0,0.0,0.0,1.0,0.0,0.0,0.0,0.0,6.0,0.0,0.0,2.0,0.0,0.0,0.0,0.0,4.0,0.0,2.0,0.0,0.0,1.0,0.0,0.0,0.0,0.0,0.0,0.0,0.0,0.0,2.0,0.0,0.0,0.0,0.0,10.0,0.0,6.0,0.0,0.0,0.0,0.0,0.0,0.0,0.0,0.0,0.0,2.0,2.0,0.0,0.0,1.0,0.0,0.0,0.0,0.0,0.0,0.0,1.0,0.0,0.0,0.0,0.0,0.0,0.0,0.0,0.0,0.0,0.0,0.0,2.0,0.0,0.0,0.0,0.0,1.0,2.0,0.0,0.0,0.0,0.0,0.0,6.0,0.0,0.0,0.0,0.0,0.0,0.0,0.0,0.0,1.0,0.0,0.0,0.0,0.0,0.0,0.0,0.0,2.0,0.0,0.0,0.0,0.0,0.0,0.0,0.0,0.0,0.0,0.0,0.0,0.0,0.0,0.0,0.0,0.0,0.0,0.0,0.0,0.0,0.0,0.0,0.0,0.0,0.0,0.0,0.0,0.0,0.0,0.0,0.0,0.0,0.0,0.0
39.0,11.0,16.0,2.0,2.0,2.0,13.0,0.0,15.0,2.0,4.0,6.0,0.0,0.0,0.0,2.0,0.0,2.0,0.0,0.0,12.0,0.0,2.0,2.0,11.0,1.0,0.0,0.0,0.0,0.0,0.0,8.0,0.0,0.0,0.0,0.0,1.0,0.0,5.0,0.0,0.0,0.0,0.0,0.0,0.0,0.0,0.0,0.0,0.0,0.0,0.0,0.0,0.0,0.0,0.0,0.0,0.0,0.0,0.0,0.0,0.0,0.0,0.0,0.0,0.0,0.0,2.0,0.0,0.0,0.0,0.0,0.0,0.0,0.0,0.0,0.0,0.0,0.0,0.0,0.0,18.0,0.0,0.0,0.0,2.0,0.0,0.0,0.0,0.0,0.0,0.0,0.0,0.0,0.0,0.0,18.0,0.0,6.0,0.0,0.0,0.0,0.0,0.0,0.0,0.0,0.0,0.0,2.0,0.0,0.0,0.0,0.0,0.0,0.0,0.0,0.0,0.0,0.0,0.0,0.0,0.0,0.0,0.0,0.0,0.0,0.0,0.0,0.0,0.0,0.0,0.0,0.0,0.0,0.0,0.0,0.0,0.0,0.0,0.0,18.0,0.0,0.0,0.0,0.0,0.0,18.0,0.0,0.0,0.0
42.0,7.0,22.0,3.0,6.0,0.0,0.0,6.0,28.0,4.0,9.0,0.0,0.0,0.0,9.0,7.0,17.0,2.0,1.0,5.0,0.0,0.0,1.0,0.0,0.0,0.0,0.0,1.0,0.0,0.0,10.0,8.0,0.0,0.0,10.0,3.0,0.0,12.0,0.0,0.0,3.0,0.0,0.0,0.0,0.0,0.0,0.0,2.0,13.0,8.0,26.0,3.0,0.0,0.0,0.0,0.0,0.0,23.0,10.0,3.0,20.0,0.0,0.0,0.0,0.0,0.0,0.0,0.0,0.0,0.0,0.0,0.0,17.0,0.0,0.0,0.0,0.0,0.0,0.0,0.0,0.0,0.0,0.0,0.0,0.0,0.0,0.0,0.0,0.0,0.0,0.0,0.0,0.0,17.0,0.0,0.0,0.0,28.0,0.0,0.0,3.0,0.0,0.0,0.0,4.0,0.0,0.0,0.0,0.0,0.0,3.0,0.0,0.0,0.0,0.0,0.0,0.0,0.0,0.0,0.0,0.0,0.0,0.0,0.0,2.0,0.0,0.0,0.0,0.0,12.0,0.0,0.0,38.0,0.0,0.0,28.0,8.0,4.0,0.0,0.0,0.0,0.0,4.0,0.0,4.0,0.0,0.0,0.0,0.0
17.0,5.0,3.0,2.0,1.0,0.0,4.0,1.0,1.0,0.0,0.0,1.0,1.0,0.0,0.0,0.0,0.0,0.0,1.0,0.0,3.0,0.0,0.0,0.0,2.0,1.0,0.0,0.0,0.0,1.0,1.0,0.0,0.0,2.0,0.0,1.0,0.0,0.0,1.0,0.0,1.0,0.0,0.0,1.0,0.0,1.0,0.0,0.0,0.0,0.0,0.0,0.0,0.0,0.0,0.0,0.0,0.0,0.0,0.0,0.0,0.0,0.0,0.0,0.0,2.0,0.0,0.0,1.0,0.0,1.0,0.0,0.0,0.0,0.0,0.0,0.0,1.0,0.0,0.0,1.0,1.0,0.0,2.0,0.0,0.0,0.0,0.0,0.0,0.0,0.0,0.0,2.0,0.0,0.0,0.0,1.0,0.0,0.0,1.0,0.0,0.0,0.0,0.0,0.0,0.0,0.0,0.0,0.0,0.0,0.0,0.0,0.0,0.0,0.0,1.0,1.0,0.0,0.0,0.0,0.0,0.0,0.0,1.0,0.0,0.0,0.0,0.0,1.0,0.0,0.0,0.0,0.0,0.0,1.0,1.0,0.0,0.0,0.0,0.0,0.0,0.0,2.0,0.0,1.0,0.0,0.0,0.0,0.0,0.0
26.0,6.0,5.0,3.0,1.0,3.0,6.0,2.0,1.0,1.0,1.0,2.0,4.0,0.0,0.0,0.0,0.0,1.0,1.0,0.0,0.0,2.0,0.0,0.0,0.0,0.0,2.0,0.0,0.0,0.0,0.0,0.0,0.0,1.0,0.0,0.0,0.0,0.0,0.0,0.0,0.0,0.0,0.0,0.0,0.0,1.0,0.0,0.0,0.0,0.0,0.0,0.0,0.0,0.0,0.0,0.0,0.0,0.0,0.0,0.0,0.0,0.0,0.0,0.0,0.0,0.0,0.0,0.0,0.0,0.0,0.0,0.0,0.0,0.0,0.0,0.0,0.0,0.0,0.0,0.0,0.0,0.0,0.0,0.0,1.0,0.0,0.0,0.0,0.0,0.0,0.0,0.0,0.0,0.0,0.0,0.0,0.0,0.0,0.0,0.0,0.0,0.0,0.0,2.0,0.0,0.0,1.0,0.0,0.0,0.0,0.0,0.0,0.0,0.0,0.0,0.0,0.0,0.0,0.0,0.0,0.0,0.0,0.0,0.0,4.0,0.0,0.0,0.0,1.0,0.0,0.0,0.0,0.0,0.0,0.0,0.0,0.0,0.0,0.0,0.0,0.0,0.0,0.0,0.0,0.0,0.0,0.0,0.0,0.0
29.0,6.0,9.0,3.0,1.0,2.0,6.0,2.0,7.0,1.0,1.0,2.0,4.0,0.0,0.0,0.0,0.0,1.0,1.0,0.0,0.0,2.0,0.0,0.0,0.0,0.0,2.0,0.0,0.0,0.0,2.0,0.0,0.0,1.0,0.0,0.0,0.0,0.0,0.0,0.0,0.0,0.0,0.0,0.0,0.0,1.0,0.0,0.0,0.0,0.0,7.0,0.0,0.0,0.0,0.0,0.0,0.0,0.0,0.0,0.0,2.0,0.0,0.0,0.0,0.0,0.0,0.0,0.0,0.0,0.0,0.0,0.0,0.0,0.0,0.0,0.0,0.0,0.0,0.0,0.0,0.0,0.0,0.0,0.0,0.0,0.0,0.0,0.0,0.0,0.0,0.0,0.0,0.0,0.0,0.0,0.0,0.0,0.0,0.0,0.0,0.0,0.0,0.0,2.0,0.0,0.0,1.0,0.0,0.0,0.0,0.0,0.0,0.0,0.0,0.0,0.0,0.0,0.0,0.0,0.0,0.0,0.0,0.0,0.0,6.0,0.0,0.0,0.0,1.0,0.0,0.0,0.0,0.0,0.0,0.0,0.0,0.0,0.0,0.0,0.0,0.0,0.0,0.0,0.0,0.0,0.0,0.0,1.0,0.0
29.0,6.0,9.0,3.0,1.0,2.0,6.0,2.0,7.0,1.0,1.0,2.0,4.0,0.0,0.0,0.0,0.0,1.0,1.0,0.0,0.0,2.0,0.0,0.0,0.0,0.0,2.0,0.0,0.0,0.0,2.0,0.0,0.0,1.0,0.0,0.0,0.0,0.0,0.0,0.0,0.0,0.0,0.0,0.0,0.0,1.0,0.0,0.0,0.0,0.0,7.0,0.0,0.0,0.0,0.0,0.0,0.0,0.0,0.0,0.0,2.0,0.0,0.0,0.0,0.0,0.0,0.0,0.0,0.0,0.0,0.0,0.0,0.0,0.0,0.0,0.0,0.0,0.0,0.0,0.0,0.0,0.0,0.0,0.0,0.0,0.0,0.0,0.0,0.0,0.0,0.0,0.0,0.0,0.0,0.0,0.0,0.0,0.0,0.0,0.0,0.0,0.0,0.0,2.0,0.0,0.0,1.0,0.0,0.0,0.0,0.0,0.0,0.0,0.0,0.0,0.0,0.0,0.0,0.0,0.0,0.0,0.0,0.0,0.0,6.0,0.0,0.0,0.0,1.0,0.0,0.0,0.0,0.0,0.0,0.0,0.0,0.0,0.0,0.0,0.0,0.0,0.0,0.0,0.0,0.0,0.0,0.0,0.0,0.0
15.0,5.0,6.0,1.0,1.0,1.0,4.0,1.0,3.0,0.0,0.0,1.0,0.0,0.0,0.0,0.0,0.0,0.0,1.0,0.0,4.0,0.0,0.0,0.0,2.0,1.0,0.0,0.0,0.0,1.0,2.0,1.0,0.0,2.0,0.0,0.0,0.0,0.0,1.0,0.0,0.0,0.0,0.0,1.0,0.0,0.0,1.0,0.0,0.0,0.0,0.0,0.0,0.0,0.0,0.0,0.0,0.0,0.0,0.0,0.0,0.0,0.0,0.0,0.0,2.0,1.0,0.0,0.0,0.0,0.0,0.0,0.0,0.0,0.0,0.0,0.0,0.0,0.0,0.0,0.0,2.0,0.0,0.0,0.0,0.0,0.0,0.0,0.0,0.0,0.0,0.0,2.0,0.0,0.0,0.0,2.0,0.0,0.0,0.0,0.0,0.0,0.0,0.0,0.0,1.0,0.0,0.0,0.0,0.0,0.0,0.0,0.0,0.0,0.0,0.0,2.0,0.0,0.0,0.0,0.0,0.0,0.0,2.0,0.0,0.0,0.0,0.0,2.0,0.0,0.0,0.0,0.0,0.0,2.0,2.0,0.0,0.0,0.0,0.0,1.0,0.0,2.0,0.0,2.0,0.0,1.0,0.0,1.0,0.0
10.303141,4.025262,3.0,1.0505234,2.0,2.0,3.0,2.0,0.0,0.0,0.0,1.0,0.0,2.0,0.0,0.0,0.0,0.0,0.025261704,0.0,3.0,0.0,0.0,0.0,2.0,1.0,0.0,0.0,0.0,1.0,0.0,0.0,0.0,0.0,0.0,0.07578511,0.0,0.0,1.0,0.0,0.07578511,0.0,0.9747383,1.0,0.0,0.0,1.0,0.0,0.0,0.0,0.0,0.07578511,0.0,0.0,1.0,0.0,0.0,0.0,0.0,0.07578511,0.0,0.0,0.0,0.0,0.0,1.0,0.0,1.0,0.0,1.0,0.0,1.0,0.0,0.0,0.0,0.9747383,1.0,0.0,0.0,1.0,0.0,0.0,0.0,0.0,0.0,0.0,0.0,0.0,0.0,0.0,0.0,0.0,0.0,0.0,0.0,0.0,0.0,0.0,0.0,0.0,0.07578511,0.0,0.0,0.0,0.0,0.0,0.0,0.0,0.0,0.0,0.07578511,0.0,0.0,0.0,0.0,0.0,0.0,0.0,0.0,0.0,0.0,0.0,0.0,0.0,0.0,0.0,0.9747383,0.0,0.0,0.0,0.0,0.0,0.0,0.0,0.0,0.0,0.0,0.0,0.9747383,0.0,0.0,0.0,0.0,0.0,0.0,0.0,0.0,0.0,0.0
6.2059364,1.0294195,5.0882587,0.01961301,1.0098065,0.01961301,0.009806505,1.0098065,4.078452,1.0098065,1.019613,0.0,0.009806505,0.0,1.019613,0.009806505,0.01961301,0.0,0.009806505,0.009806505,0.0,0.0,0.0,0.0,0.0,0.0,0.0,0.0,0.0,0.0,1.019613,0.009806505,0.0,0.009806505,0.009806505,0.009806505,0.0,0.009806505,0.0,0.0,0.009806505,0.0,0.0,0.0,0.0,0.009806505,0.0,0.0,1.019613,0.0,2.039226,0.009806505,0.0,0.0,0.0,0.0,0.0,0.01961301,0.0,0.009806505,1.019613,0.0,0.0,0.0,0.01961301,0.0,0.0,0.0,0.0,0.0,0.0,0.0,0.009806505,0.0,0.0,0.0,0.0,0.0,0.0,0.0,0.0,0.009806505,0.009806505,0.0,0.0,0.0,0.0,0.0,0.0,0.0,0.0,0.0,0.009806505,1.0098065,0.0,0.0,0.0,0.009806505,0.009806505,0.0,0.0,0.0,0.0,0.0,0.009806505,0.0,0.0,0.0,0.0,0.0,0.0,0.0,0.0,0.0,0.0,0.0,0.0,0.0,0.0,0.009806505,0.0,0.0,0.0,0.0,0.0,0.0,0.0,0.0,0.0,0.0,0.0,0.0,0.009806505,0.0,0.0,0.01961301,0.9901935,0.0,0.0,0.0,0.0,0.0,0.009806505,0.0,0.0,0.0,0.0,0.0,0.0
37.0,9.0,6.0,5.0,3.0,4.0,11.0,4.0,1.0,0.0,0.0,5.0,6.0,4.0,0.0,0.0,0.0,0.0,0.0,0.0,5.0,6.0,0.0,2.0,4.0,1.0,2.0,0.0,0.0,1.0,0.0,0.0,0.0,0.0,0.0,0.0,1.0,0.0,1.0,0.0,0.0,0.0,1.0,1.0,0.0,0.0,1.0,0.0,0.0,0.0,0.0,0.0,2.0,0.0,1.0,2.0,0.0,0.0,0.0,0.0,0.0,0.0,0.0,2.0,0.0,1.0,0.0,2.0,2.0,3.0,0.0,1.0,0.0,1.0,0.0,1.0,1.0,0.0,0.0,1.0,0.0,0.0,0.0,0.0,0.0,0.0,2.0,0.0,0.0,0.0,0.0,0.0,0.0,0.0,2.0,0.0,2.0,0.0,0.0,0.0,0.0,0.0,0.0,0.0,0.0,0.0,0.0,0.0,0.0,0.0,0.0,0.0,2.0,0.0,0.0,0.0,0.0,0.0,2.0,0.0,0.0,0.0,0.0,0.0,0.0,2.0,1.0,0.0,0.0,0.0,2.0,2.0,0.0,0.0,0.0,0.0,0.0,0.0,1.0,0.0,1.0,0.0,0.0,0.0,0.0,0.0,0.0,0.0,0.0
6.2670755,1.0254358,5.101743,0.025435764,1.0127178,0.0,0.0,1.0127178,4.101743,1.0127178,1.0254358,0.0,0.0,0.0,1.0254358,0.012717882,0.025435764,0.0,0.012717882,0.012717882,0.0,0.0,0.0,0.0,0.0,0.0,0.0,0.0,0.0,0.0,1.0254358,0.012717882,0.0,0.0,0.012717882,0.025435764,0.0,0.012717882,0.0,0.0,0.025435764,0.0,0.0,0.0,0.0,0.0,0.0,0.0,1.0254358,0.0,2.0508716,0.03815365,0.0,0.0,0.0,0.0,0.0,0.025435764,0.0,0.03815365,1.0254358,0.0,0.0,0.0,0.0,0.0,0.0,0.0,0.0,0.0,0.0,0.0,0.012717882,0.0,0.0,0.0,0.0,0.0,0.0,0.0,0.0,0.0,0.0,0.0,0.0,0.0,0.0,0.0,0.0,0.0,0.0,0.0,0.0,1.0127178,0.0,0.0,0.0,0.012717882,0.0,0.0,0.012717882,0.0,0.0,0.0,0.012717882,0.0,0.0,0.0,0.0,0.0,0.012717882,0.0,0.0,0.0,0.0,0.0,0.0,0.0,0.0,0.0,0.0,0.0,0.0,0.0,0.0,0.0,0.0,0.0,0.0,0.0,0.0,0.0,0.012717882,0.0,0.0,0.025435764,0.9872821,0.0,0.0,0.0,0.0,0.0,0.012717882,0.0,0.0,0.0,0.0,0.0,0.0
13.666667,4.3333335,4.6666665,1.3333334,2.3333333,2.6666667,3.0,2.3333333,1.0,0.16666667,0.5,1.0,0.0,2.3333333,0.33333334,0.5,0.6666667,0.16666667,0.0,0.33333334,3.0,0.0,0.33333334,0.0,2.0,1.0,0.0,0.33333334,0.33333334,1.0,0.0,0.0,0.33333334,0.0,0.16666667,0.0,0.0,0.33333334,1.0,0.33333334,0.0,0.33333334,1.0,1.0,0.33333334,0.0,1.0,0.16666667,0.0,0.33333334,0.0,0.0,0.0,0.16666667,1.0,0.0,0.5,0.0,0.16666667,0.0,0.0,0.33333334,0.0,0.0,0.0,1.0,0.0,0.0,0.0,0.0,0.16666667,1.0,0.0,0.0,0.16666667,0.8333333,0.0,0.33333334,0.16666667,0.0,2.0,0.0,0.0,0.16666667,0.0,0.0,0.0,0.33333334,0.0,0.16666667,0.0,0.0,0.0,0.0,0.0,1.0,0.0,0.0,0.0,0.16666667,0.0,0.16666667,0.0,0.0,0.0,0.16666667,0.0,0.0,0.0,0.16666667,0.0,0.16666667,0.0,0.33333334,0.0,0.0,0.0,0.16666667,0.0,0.0,0.0,0.0,0.0,0.0,0.0,0.0,0.8333333,0.0,0.0,0.0,0.0,0.0,0.0,0.0,0.0,0.0,0.0,0.0,0.0,0.0,0.0,0.0,0.0,0.0,0.0,0.0,0.0,0.0,0.0
10.512511,4.146432,3.073216,1.073216,2.0,2.073216,3.0,2.0,0.0,0.14643188,0.14643188,1.0,0.0,2.0,0.0,0.0,0.0,0.14643188,0.0,0.0,3.0,0.0,0.0,0.0,2.0,1.0,0.0,0.0,0.0,1.0,0.0,0.0,0.0,0.0,0.0,0.0,0.0,0.0,1.0,0.07321594,0.0,0.0,0.92678404,1.0,0.0,0.0,1.0,0.0,0.0,0.0,0.0,0.0,0.0,0.0,1.0,0.0,0.14643188,0.0,0.0,0.0,0.0,0.0,0.0,0.0,0.0,1.0,0.0,1.0,0.0,1.0,0.0,1.0,0.0,0.0,0.0,0.92678404,1.0,0.0,0.0,1.0,0.0,0.0,0.0,0.0,0.07321594,0.0,0.0,0.0,0.0,0.0,0.0,0.0,0.0,0.0,0.0,0.0,0.0,0.0,0.0,0.0,0.0,0.0,0.0,0.0,0.0,0.0,0.0,0.0,0.0,0.0,0.0,0.0,0.0,0.0,0.0,0.0,0.0,0.0,0.0,0.0,0.0,0.0,0.0,0.0,0.0,0.0,0.92678404,0.0,0.0,0.0,0.0,0.0,0.0,0.0,0.0,0.0,0.0,0.0,0.92678404,0.0,0.0,0.0,0.0,0.0,0.0,0.0,0.0,0.0,0.0
13.521739,4.652174,3.3913043,1.5217391,2.1304348,2.2608695,4.0434785,2.2608695,0.13043478,0.0,0.0,1.5217391,0.7826087,2.2608695,0.0,0.0,0.0,0.0,0.0,0.0,3.2608695,0.7826087,0.0,0.26086956,2.2608695,1.0,0.26086956,0.0,0.0,1.0,0.0,0.0,0.0,0.0,0.0,0.0,0.13043478,0.0,1.0,0.0,0.0,0.0,1.0,1.0,0.0,0.0,1.0,0.0,0.0,0.0,0.0,0.0,0.26086956,0.0,1.0,0.26086956,0.0,0.0,0.0,0.0,0.0,0.0,0.0,0.26086956,0.0,1.0,0.0,1.1304348,0.26086956,1.2608696,0.0,1.0,0.0,0.13043478,0.0,1.0,1.0,0.0,0.0,1.0,0.0,0.0,0.0,0.0,0.0,0.0,0.26086956,0.0,0.0,0.0,0.0,0.0,0.0,0.0,0.26086956,0.0,0.26086956,0.0,0.0,0.0,0.0,0.0,0.0,0.0,0.0,0.0,0.0,0.0,0.0,0.0,0.0,0.0,0.26086956,0.0,0.0,0.0,0.0,0.0,0.26086956,0.0,0.0,0.0,0.0,0.0,0.0,0.26086956,1.0,0.0,0.0,0.0,0.26086956,0.26086956,0.0,0.0,0.0,0.0,0.0,0.0,1.0,0.0,0.13043478,0.0,0.0,0.0,0.0,0.0,0.0,0.0,0.0
10.913043,4.130435,3.1304348,1.1304348,2.0,2.1304348,3.2608695,2.0,0.0,0.13043478,0.0,1.1304348,0.26086956,2.0,0.0,0.0,0.0,0.0,0.0,0.0,3.0,0.26086956,0.0,0.0,2.0,1.0,0.13043478,0.0,0.0,1.0,0.0,0.0,0.0,0.0,0.0,0.0,0.0,0.0,1.0,0.13043478,0.0,0.0,0.8695652,1.0,0.0,0.0,1.0,0.0,0.0,0.0,0.0,0.0,0.0,0.0,1.0,0.13043478,0.26086956,0.0,0.0,0.0,0.0,0.0,0.0,0.0,0.0,1.0,0.0,1.0,0.13043478,1.0,0.0,1.0,0.0,0.0,0.0,0.8695652,1.0,0.0,0.0,1.0,0.0,0.0,0.0,0.0,0.0,0.0,0.0,0.0,0.0,0.0,0.0,0.0,0.0,0.0,0.13043478,0.0,0.0,0.0,0.0,0.0,0.0,0.0,0.0,0.26086956,0.0,0.0,0.0,0.0,0.0,0.0,0.0,0.0,0.0,0.0,0.0,0.0,0.0,0.0,0.0,0.0,0.0,0.0,0.0,0.0,0.0,0.0,0.8695652,0.0,0.0,0.0,0.0,0.0,0.0,0.0,0.0,0.0,0.0,0.0,0.8695652,0.0,0.0,0.0,0.0,0.0,0.0,0.0,0.0,0.0,0.0
11.454545,4.181818,3.3636363,1.1818181,2.1818182,2.3636363,3.0,2.1818182,0.0,0.09090909,0.27272728,1.0,0.0,2.1818182,0.18181819,0.27272728,0.36363637,0.09090909,0.0,0.18181819,3.0,0.0,0.18181819,0.0,2.0,1.0,0.0,0.18181819,0.18181819,1.0,0.0,0.0,0.18181819,0.0,0.09090909,0.0,0.0,0.18181819,1.0,0.18181819,0.0,0.18181819,1.0,1.0,0.18181819,0.0,1.0,0.09090909,0.0,0.18181819,0.0,0.0,0.0,0.09090909,1.0,0.0,0.27272728,0.0,0.09090909,0.0,0.0,0.18181819,0.0,0.0,0.0,1.0,0.0,1.0,0.0,1.0,0.09090909,1.0,0.0,0.0,0.09090909,0.90909094,1.0,0.18181819,0.09090909,1.0,0.0,0.0,0.0,0.09090909,0.0,0.0,0.0,0.18181819,0.0,0.09090909,0.0,0.0,0.0,0.0,0.0,0.0,0.0,0.0,0.0,0.09090909,0.0,0.09090909,0.0,0.0,0.0,0.09090909,0.0,0.0,0.0,0.09090909,0.0,0.09090909,0.0,0.18181819,0.0,0.0,0.0,0.09090909,0.0,0.0,0.0,0.0,0.0,0.0,0.0,0.0,0.90909094,0.0,0.0,0.0,0.0,0.0,0.0,0.0,0.0,0.0,0.0,0.0,0.90909094,0.0,0.0,0.0,0.0,0.0,0.0,0.0,0.0,0.0,0.0
11.043478,4.3913045,3.2608695,1.1304348,2.2608695,2.2608695,3.1304348,2.2608695,0.0,0.13043478,0.39130434,1.0,0.13043478,2.2608695,0.26086956,0.39130434,0.5217391,0.13043478,0.0,0.26086956,3.0,0.0,0.26086956,0.0,2.0,1.0,0.13043478,0.26086956,0.26086956,1.0,0.0,0.0,0.26086956,0.0,0.13043478,0.0,0.0,0.26086956,1.0,0.13043478,0.0,0.26086956,1.0,1.0,0.26086956,0.0,1.0,0.13043478,0.0,0.26086956,0.0,0.0,0.0,0.13043478,1.0,0.0,0.26086956,0.0,0.13043478,0.0,0.0,0.26086956,0.0,0.0,0.0,1.0,0.0,1.0,0.0,1.0,0.13043478,1.0,0.0,0.0,0.13043478,1.0,1.0,0.26086956,0.13043478,1.0,0.0,0.0,0.0,0.13043478,0.0,0.0,0.0,0.26086956,0.26086956,0.13043478,0.0,0.0,0.0,0.0,0.0,0.0,0.0,0.0,0.0,0.13043478,0.0,0.13043478,0.0,0.0,0.0,0.13043478,0.0,0.0,0.0,0.13043478,0.0,0.13043478,0.0,0.26086956,0.0,0.0,0.0,0.13043478,0.0,0.0,0.0,0.13043478,0.0,0.0,0.0,0.0,1.0,0.0,0.0,0.0,0.0,0.0,0.0,0.0,0.0,0.0,0.0,0.0,1.0,0.0,0.0,0.0,0.0,0.0,0.0,0.0,0.0,0.0,0.0
10.636364,4.0,3.090909,1.0909091,2.0,2.090909,3.0,2.0,0.0,0.18181819,0.0,1.0,0.0,2.0,0.0,0.0,0.0,0.0,0.0,0.0,3.0,0.0,0.0,0.0,2.0,1.0,0.0,0.0,0.0,1.0,0.0,0.0,0.0,0.0,0.0,0.0,0.0,0.0,1.0,0.0,0.0,0.0,1.0,1.0,0.0,0.0,1.0,0.0,0.0,0.0,0.0,0.0,0.0,0.0,1.0,0.0,0.0,0.0,0.0,0.0,0.0,0.0,0.0,0.0,0.0,1.0,0.0,1.0,0.0,1.0,0.0,1.0,0.0,0.0,0.0,0.90909094,1.0,0.0,0.0,1.0,0.0,0.0,0.0,0.0,0.0,0.0,0.0,0.0,0.0,0.0,0.0,0.0,0.0,0.0,0.0,0.0,0.0,0.0,0.0,0.0,0.0,0.0,0.0,0.0,0.0,0.0,0.0,0.0,0.0,0.0,0.0,0.0,0.0,0.0,0.0,0.0,0.0,0.0,0.0,0.0,0.0,0.0,0.0,0.0,0.0,0.0,0.90909094,0.0,0.0,0.0,0.0,0.0,0.0,0.0,0.0,0.0,0.0,0.0,0.90909094,0.0,0.0,0.0,0.0,0.0,0.0,0.0,0.0,0.0,0.0
11.333333,4.5,3.3333333,1.1666666,2.3333333,2.3333333,3.1666667,2.3333333,0.0,0.16666667,0.5,1.0,0.16666667,2.3333333,0.33333334,0.5,0.6666667,0.16666667,0.0,0.33333334,3.0,0.0,0.33333334,0.0,2.0,1.0,0.0,0.33333334,0.33333334,1.0,0.0,0.0,0.33333334,0.0,0.16666667,0.0,0.0,0.33333334,1.0,0.16666667,0.0,0.33333334,1.0,1.0,0.33333334,0.0,1.0,0.16666667,0.0,0.33333334,0.0,0.0,0.0,0.16666667,1.0,0.0,0.33333334,0.0,0.16666667,0.0,0.0,0.33333334,0.0,0.0,0.0,1.0,0.0,1.0,0.0,1.0,0.16666667,1.0,0.0,0.0,0.16666667,1.0,1.0,0.33333334,0.16666667,1.0,0.0,0.0,0.0,0.16666667,0.16666667,0.0,0.0,0.33333334,0.33333334,0.16666667,0.0,0.0,0.0,0.0,0.0,0.0,0.0,0.0,0.0,0.16666667,0.0,0.16666667,0.0,0.16666667,0.0,0.16666667,0.0,0.33333334,0.33333334,0.16666667,0.0,0.16666667,0.0,0.33333334,0.0,0.0,0.0,0.16666667,0.0,0.0,0.0,0.16666667,0.0,0.0,0.0,0.0,0.8333333,0.0,0.0,0.0,0.0,0.0,0.0,0.0,0.0,0.0,0.0,0.0,0.8333333,0.0,0.0,0.0,0.0,0.0,0.0,0.0,0.0,0.0,0.0
11.333333,4.0,3.1666667,1.1666666,2.0,2.1666667,3.0,2.0,0.0,0.33333334,0.16666667,1.0,0.0,2.0,0.0,0.0,0.0,0.0,0.0,0.0,3.0,0.0,0.0,0.0,2.0,1.0,0.0,0.0,0.0,1.0,0.0,0.0,0.0,0.0,0.0,0.0,0.0,0.0,1.0,0.0,0.0,0.0,1.0,1.0,0.0,0.0,1.0,0.0,0.0,0.0,0.0,0.0,0.0,0.0,1.0,0.0,0.0,0.0,0.0,0.0,0.0,0.0,0.0,0.0,0.0,1.0,0.0,1.0,0.0,1.0,0.0,1.0,0.0,0.0,0.0,0.8333333,1.0,0.0,0.0,1.0,0.0,0.0,0.0,0.0,0.0,0.0,0.0,0.0,0.0,0.0,0.0,0.0,0.0,0.0,0.0,0.0,0.0,0.0,0.0,0.0,0.0,0.0,0.0,0.0,0.0,0.0,0.0,0.0,0.0,0.0,0.0,0.0,0.0,0.0,0.0,0.0,0.0,0.0,0.0,0.0,0.0,0.0,0.0,0.0,0.0,0.0,0.8333333,0.0,0.0,0.0,0.0,0.0,0.0,0.0,0.0,0.0,0.0,0.0,0.8333333,0.0,0.0,0.0,0.0,0.0,0.0,0.0,0.0,0.0,0.0
11.454545,4.181818,3.3636363,1.1818181,2.1818182,2.3636363,3.0,2.1818182,0.0,0.09090909,0.27272728,1.0,0.0,2.1818182,0.18181819,0.27272728,0.36363637,0.09090909,0.0,0.18181819,3.0,0.0,0.18181819,0.0,2.0,1.0,0.0,0.18181819,0.18181819,1.0,0.0,0.0,0.18181819,0.0,0.09090909,0.0,0.0,0.18181819,1.0,0.18181819,0.0,0.18181819,1.0,1.0,0.18181819,0.0,1.0,0.09090909,0.0,0.18181819,0.0,0.0,0.0,0.09090909,1.0,0.0,0.27272728,0.0,0.09090909,0.0,0.0,0.18181819,0.0,0.0,0.0,1.0,0.0,1.0,0.0,1.0,0.09090909,1.0,0.0,0.0,0.09090909,0.90909094,1.0,0.18181819,0.09090909,1.0,0.0,0.0,0.0,0.09090909,0.0,0.0,0.0,0.18181819,0.0,0.09090909,0.0,0.0,0.0,0.0,0.0,0.0,0.0,0.0,0.0,0.09090909,0.0,0.09090909,0.0,0.0,0.0,0.09090909,0.0,0.0,0.0,0.09090909,0.0,0.09090909,0.0,0.18181819,0.0,0.0,0.0,0.09090909,0.0,0.0,0.0,0.0,0.0,0.0,0.0,0.0,0.90909094,0.0,0.0,0.0,0.0,0.0,0.0,0.0,0.0,0.0,0.0,0.0,0.90909094,0.0,0.0,0.0,0.0,0.0,0.0,0.0,0.0,0.0,0.0
13.666667,4.3333335,4.6666665,1.3333334,2.3333333,2.6666667,3.0,2.3333333,1.0,0.16666667,0.5,1.0,0.0,2.3333333,0.33333334,0.5,0.6666667,0.16666667,0.0,0.33333334,3.0,0.0,0.33333334,0.0,2.0,1.0,0.0,0.33333334,0.33333334,1.0,0.0,0.0,0.33333334,0.0,0.16666667,0.0,0.0,0.33333334,1.0,0.33333334,0.0,0.33333334,1.0,1.0,0.33333334,0.0,1.0,0.16666667,0.0,0.33333334,0.0,0.0,0.0,0.16666667,1.0,0.0,0.5,0.0,0.16666667,0.0,0.0,0.33333334,0.0,0.0,0.0,1.0,0.0,0.0,0.0,0.0,0.16666667,1.0,0.0,0.0,0.16666667,0.8333333,0.0,0.33333334,0.16666667,0.0,2.0,0.0,0.0,0.16666667,0.0,0.0,0.0,0.33333334,0.0,0.16666667,0.0,0.0,0.0,0.0,0.0,1.0,0.0,0.0,0.0,0.16666667,0.0,0.16666667,0.0,0.0,0.0,0.16666667,0.0,0.0,0.0,0.16666667,0.0,0.16666667,0.0,0.33333334,0.0,0.0,0.0,0.16666667,0.0,0.0,0.0,0.0,0.0,0.0,0.0,0.0,0.8333333,0.0,0.0,0.0,0.0,0.0,0.0,0.0,0.0,0.0,0.0,0.0,0.0,0.0,0.0,0.0,0.0,0.0,0.0,0.0,0.0,0.0,0.0
13.333333,4.6666665,3.1666667,1.5,2.0,2.0,4.3333335,2.0,0.0,0.0,0.0,1.6666666,1.0,2.0,0.0,0.0,0.0,0.0,0.0,0.0,3.3333333,1.0,0.0,0.0,2.3333333,1.0,0.0,0.0,0.0,1.0,0.0,0.0,0.0,0.0,0.0,0.0,0.0,0.0,1.0,0.0,0.0,0.0,1.0,1.0,0.0,0.0,1.0,0.0,0.0,0.0,0.0,0.0,0.0,0.0,1.0,0.0,0.0,0.0,0.0,0.0,0.0,0.0,0.0,0.0,0.0,1.0,0.0,1.1666666,0.33333334,1.3333334,0.0,1.0,0.0,0.0,0.0,1.0,1.0,0.0,0.0,1.0,0.0,0.0,0.0,0.0,0.0,0.0,0.0,0.0,0.0,0.0,0.0,0.0,0.0,0.0,0.0,0.0,0.33333334,0.0,0.0,0.0,0.0,0.0,0.0,0.0,0.0,0.0,0.0,0.0,0.0,0.0,0.0,0.0,0.5,0.0,0.0,0.0,0.0,0.0,0.0,0.0,0.0,0.0,0.0,0.0,0.0,0.5,1.0,0.0,0.0,0.0,0.33333334,0.33333334,0.0,0.0,0.0,0.0,0.0,0.0,1.0,0.0,0.16666667,0.0,0.0,0.0,0.0,0.0,0.0,0.0,0.0
11.043478,4.0,3.2608695,1.1304348,2.0,2.2608695,3.0,2.0,0.0,0.26086956,0.13043478,1.0,0.0,2.0,0.0,0.0,0.0,0.13043478,0.0,0.0,3.0,0.0,0.0,0.0,2.0,1.0,0.0,0.0,0.0,1.0,0.0,0.0,0.0,0.0,0.0,0.0,0.0,0.0,1.0,0.13043478,0.0,0.0,0.8695652,1.0,0.0,0.0,1.0,0.0,0.0,0.0,0.0,0.0,0.0,0.13043478,1.0,0.0,0.26086956,0.0,0.0,0.0,0.0,0.0,0.0,0.0,0.0,1.0,0.0,1.0,0.0,1.0,0.0,1.0,0.0,0.0,0.0,0.8695652,1.0,0.0,0.0,1.0,0.0,0.0,0.0,0.0,0.0,0.0,0.0,0.0,0.0,0.0,0.0,0.0,0.0,0.0,0.0,0.0,0.0,0.0,0.0,0.0,0.0,0.0,0.0,0.0,0.0,0.0,0.0,0.0,0.0,0.0,0.0,0.0,0.0,0.0,0.0,0.0,0.0,0.0,0.0,0.0,0.0,0.0,0.0,0.0,0.0,0.0,0.8695652,0.0,0.0,0.0,0.0,0.0,0.0,0.0,0.0,0.0,0.0,0.0,0.8695652,0.0,0.0,0.0,0.0,0.0,0.0,0.0,0.0,0.0,0.0
47.0,4.5,11.5,6.0,2.0,8.0,4.0,2.0,9.0,2.0,3.0,2.0,4.0,2.0,3.0,1.0,2.0,0.0,0.0,1.0,0.0,4.0,0.0,12.0,0.0,0.0,4.0,0.0,1.0,0.0,0.0,4.0,1.0,0.0,1.0,0.0,6.0,1.0,0.0,0.0,0.0,0.0,0.0,0.0,0.0,0.0,0.0,0.0,2.0,0.0,1.0,0.0,6.0,2.0,0.0,4.0,0.0,1.0,0.0,0.0,0.0,0.0,12.0,6.0,0.0,0.0,1.0,0.0,2.0,0.0,0.0,0.0,0.0,1.0,0.0,0.0,0.0,0.0,0.0,0.0,0.0,0.0,0.0,0.0,0.0,6.0,6.0,0.0,0.0,0.0,1.0,0.0,1.0,1.0,4.0,0.0,0.0,0.0,0.0,0.0,0.0,0.0,0.0,0.0,0.0,0.0,0.0,0.0,0.0,0.0,0.0,0.0,0.0,0.0,0.0,0.0,1.0,0.0,2.0,0.0,0.0,0.0,0.0,0.0,0.0,0.0,0.0,0.0,0.0,0.0,0.0,0.0,0.0,0.0,0.0,0.0,0.0,0.5,0.0,0.0,0.0,0.0,0.0,0.0,0.0,0.0,0.0,0.0,0.0
36.0,5.0,5.0,5.0,2.0,2.0,4.0,2.0,2.0,2.0,3.0,2.0,2.0,2.0,1.0,1.0,1.0,2.0,1.0,1.0,2.0,2.0,1.0,0.0,2.0,0.0,2.0,1.0,1.0,0.0,0.0,0.0,1.0,0.0,0.0,3.0,0.0,0.0,0.0,0.0,3.0,1.0,0.0,0.0,1.0,0.0,0.0,0.0,0.0,0.0,0.0,3.0,0.0,0.0,0.0,2.0,0.0,0.0,0.0,3.0,0.0,0.0,0.0,0.0,0.0,0.0,0.0,0.0,0.0,0.0,0.0,0.0,0.0,0.0,0.0,0.0,0.0,0.0,0.0,0.0,2.0,0.0,0.0,0.0,0.0,0.0,0.0,0.0,0.0,0.0,0.0,0.0,0.0,0.0,0.0,2.0,2.0,0.0,0.0,0.0,3.0,0.0,0.0,0.0,0.0,0.0,0.0,0.0,0.0,0.0,3.0,0.0,0.0,0.0,0.0,0.0,0.0,0.0,0.0,0.0,0.0,0.0,0.0,0.0,0.0,0.0,0.0,0.0,0.0,0.0,0.0,0.0,0.0,0.0,0.0,0.0,0.0,0.0,0.0,0.0,0.0,0.0,0.0,0.0,0.0,0.0,0.0,0.0,0.0
46.0,7.0,6.0,6.0,6.0,2.0,0.0,2.0,4.0,4.0,5.0,0.0,0.0,0.0,5.0,1.0,1.0,2.0,1.0,1.0,0.0,0.0,1.0,2.0,0.0,0.0,0.0,1.0,0.0,0.0,2.0,0.0,0.0,0.0,0.0,3.0,0.0,0.0,0.0,0.0,3.0,0.0,0.0,0.0,0.0,0.0,0.0,0.0,3.0,0.0,0.0,3.0,0.0,0.0,0.0,0.0,0.0,1.0,0.0,3.0,2.0,0.0,0.0,0.0,0.0,0.0,0.0,0.0,0.0,0.0,0.0,0.0,1.0,0.0,0.0,0.0,0.0,0.0,0.0,0.0,0.0,0.0,0.0,0.0,0.0,0.0,0.0,0.0,0.0,0.0,0.0,0.0,0.0,0.0,0.0,0.0,0.0,0.0,0.0,0.0,3.0,0.0,0.0,0.0,0.0,0.0,0.0,0.0,0.0,0.0,3.0,0.0,0.0,0.0,0.0,0.0,0.0,0.0,0.0,0.0,0.0,0.0,0.0,0.0,0.0,0.0,0.0,0.0,0.0,0.0,0.0,0.0,0.0,0.0,0.0,0.0,0.0,0.0,0.0,0.0,0.0,0.0,0.0,0.0,0.0,0.0,0.0,0.0,0.0
23.0,6.0,5.0,3.0,0.0,5.0,3.0,0.0,0.0,0.0,0.0,0.0,3.0,0.0,0.0,0.0,0.0,0.0,1.0,0.0,0.0,0.0,0.0,0.0,0.0,0.0,1.0,0.0,0.0,0.0,0.0,0.0,0.0,2.0,0.0,0.0,0.0,0.0,0.0,2.0,0.0,0.0,0.0,0.0,0.0,2.0,0.0,0.0,0.0,0.0,0.0,0.0,0.0,0.0,0.0,0.0,0.0,0.0,0.0,0.0,0.0,0.0,0.0,0.0,0.0,0.0,0.0,0.0,0.0,0.0,0.0,0.0,0.0,0.0,0.0,0.0,0.0,0.0,0.0,0.0,0.0,4.0,0.0,0.0,0.0,0.0,0.0,0.0,0.0,0.0,0.0,2.0,0.0,0.0,0.0,0.0,0.0,0.0,0.0,0.0,0.0,0.0,1.0,0.0,0.0,0.0,1.0,0.0,0.0,0.0,0.0,0.0,0.0,0.0,2.0,0.0,0.0,0.0,0.0,0.0,0.0,0.0,0.0,0.0,0.0,0.0,0.0,0.0,0.0,0.0,0.0,0.0,0.0,0.0,0.0,0.0,0.0,0.0,0.0,0.0,0.0,0.0,0.0,0.0,0.0,0.0,0.0,0.0,0.0
30.0,3.0,8.0,4.0,0.0,4.0,2.0,0.0,12.0,0.0,0.0,0.0,2.0,0.0,0.0,0.0,0.0,0.0,1.0,0.0,0.0,0.0,0.0,12.0,0.0,0.0,2.0,0.0,0.0,0.0,0.0,8.0,0.0,1.0,0.0,1.0,2.0,0.0,0.0,1.0,1.0,0.0,0.0,0.0,0.0,1.0,0.0,0.0,0.0,0.0,0.0,0.0,6.0,0.0,0.0,0.0,0.0,0.0,0.0,0.0,0.0,0.0,4.0,2.0,1.0,0.0,2.0,0.0,0.0,0.0,0.0,0.0,0.0,0.0,0.0,0.0,0.0,0.0,0.0,0.0,0.0,0.0,1.0,0.0,0.0,2.0,0.0,0.0,0.0,0.0,0.0,0.0,0.0,0.0,0.0,0.0,0.0,0.0,1.0,0.0,0.0,0.0,0.0,0.0,0.0,0.0,1.0,0.0,0.0,0.0,0.0,0.0,0.0,0.0,0.0,0.0,0.0,0.0,0.0,0.0,0.0,0.0,0.0,0.0,0.0,0.0,0.0,0.0,0.0,0.0,0.0,0.0,0.0,0.0,0.0,0.0,0.0,0.0,0.0,0.0,0.0,0.0,0.0,0.0,0.0,0.0,0.0,0.0,0.0
42.0,7.0,22.0,3.0,6.0,0.0,0.0,6.0,28.0,4.0,9.0,0.0,0.0,0.0,9.0,7.0,17.0,2.0,1.0,5.0,0.0,0.0,1.0,0.0,0.0,0.0,0.0,1.0,0.0,0.0,10.0,8.0,0.0,0.0,10.0,3.0,0.0,12.0,0.0,0.0,3.0,0.0,0.0,0.0,0.0,0.0,0.0,2.0,11.0,8.0,28.0,3.0,0.0,0.0,0.0,0.0,0.0,19.0,10.0,3.0,18.0,0.0,0.0,0.0,0.0,0.0,0.0,0.0,0.0,0.0,0.0,0.0,17.0,0.0,0.0,0.0,0.0,0.0,0.0,0.0,0.0,0.0,0.0,0.0,0.0,0.0,0.0,0.0,0.0,0.0,0.0,0.0,0.0,18.0,0.0,0.0,0.0,26.0,0.0,0.0,3.0,0.0,0.0,0.0,4.0,0.0,0.0,0.0,0.0,0.0,3.0,0.0,0.0,0.0,0.0,0.0,0.0,0.0,0.0,0.0,0.0,0.0,0.0,0.0,2.0,0.0,0.0,0.0,0.0,8.0,0.0,0.0,22.0,0.0,0.0,44.0,8.0,4.0,0.0,0.0,0.0,0.0,4.0,0.0,4.0,0.0,0.0,0.0,0.0
16.0,7.0,6.0,1.0,2.0,0.0,6.0,2.0,2.0,0.0,0.0,2.0,0.0,0.0,0.0,0.0,0.0,0.0,1.0,0.0,6.0,0.0,0.0,0.0,4.0,2.0,0.0,0.0,0.0,2.0,2.0,0.0,0.0,2.0,0.0,1.0,0.0,0.0,2.0,0.0,1.0,0.0,0.0,2.0,0.0,0.0,0.0,0.0,0.0,0.0,0.0,0.0,0.0,0.0,0.0,0.0,0.0,0.0,0.0,0.0,0.0,0.0,0.0,0.0,2.0,0.0,0.0,2.0,0.0,2.0,0.0,0.0,0.0,0.0,0.0,0.0,2.0,0.0,0.0,2.0,2.0,0.0,2.0,0.0,0.0,0.0,0.0,0.0,0.0,0.0,0.0,2.0,0.0,0.0,0.0,2.0,0.0,0.0,0.0,0.0,0.0,0.0,0.0,0.0,0.0,0.0,0.0,0.0,0.0,0.0,0.0,0.0,0.0,0.0,0.0,2.0,0.0,0.0,0.0,0.0,0.0,0.0,2.0,0.0,0.0,0.0,0.0,2.0,0.0,0.0,0.0,0.0,0.0,2.0,2.0,0.0,0.0,0.0,0.0,0.0,0.0,2.0,0.0,2.0,0.0,0.0,0.0,0.0,0.0
42.0,6.0,22.0,3.0,5.0,0.0,0.0,5.0,28.0,4.0,9.0,0.0,0.0,0.0,9.0,7.0,17.0,2.0,1.0,4.0,0.0,0.0,1.0,0.0,0.0,0.0,0.0,1.0,0.0,0.0,8.0,8.0,0.0,0.0,10.0,3.0,0.0,9.0,0.0,0.0,3.0,0.0,0.0,0.0,0.0,0.0,0.0,2.0,11.0,8.0,28.0,3.0,0.0,0.0,0.0,0.0,0.0,19.0,10.0,3.0,14.0,0.0,0.0,0.0,0.0,0.0,0.0,0.0,0.0,0.0,0.0,0.0,13.0,0.0,0.0,0.0,0.0,0.0,0.0,0.0,0.0,0.0,0.0,0.0,0.0,0.0,0.0,0.0,0.0,0.0,0.0,0.0,0.0,18.0,0.0,0.0,0.0,26.0,0.0,0.0,3.0,0.0,0.0,0.0,3.0,0.0,0.0,0.0,0.0,0.0,3.0,0.0,0.0,0.0,0.0,0.0,0.0,0.0,0.0,0.0,0.0,0.0,0.0,0.0,2.0,0.0,0.0,0.0,0.0,8.0,0.0,0.0,22.0,0.0,0.0,44.0,6.0,4.0,0.0,0.0,0.0,0.0,3.0,0.0,3.0,0.0,0.0,0.0,0.0
36.0,5.0,5.0,5.0,2.0,2.0,4.0,2.0,2.0,2.0,3.0,2.0,2.0,2.0,1.0,1.0,1.0,2.0,1.0,1.0,2.0,2.0,1.0,0.0,2.0,0.0,2.0,1.0,1.0,0.0,0.0,0.0,1.0,0.0,0.0,3.0,0.0,0.0,0.0,0.0,3.0,1.0,0.0,0.0,1.0,0.0,0.0,0.0,0.0,0.0,0.0,3.0,0.0,0.0,0.0,2.0,0.0,0.0,0.0,3.0,0.0,0.0,0.0,0.0,0.0,0.0,0.0,0.0,0.0,0.0,0.0,0.0,0.0,0.0,0.0,0.0,0.0,0.0,0.0,0.0,2.0,0.0,0.0,0.0,0.0,0.0,0.0,0.0,0.0,0.0,0.0,0.0,0.0,0.0,0.0,2.0,2.0,0.0,0.0,0.0,3.0,0.0,0.0,0.0,0.0,0.0,0.0,0.0,0.0,0.0,3.0,0.0,0.0,0.0,0.0,0.0,0.0,0.0,0.0,0.0,0.0,0.0,0.0,0.0,0.0,0.0,0.0,0.0,0.0,0.0,0.0,0.0,0.0,0.0,0.0,0.0,0.0,0.0,0.0,0.0,0.0,0.0,0.0,0.0,0.0,0.0,0.0,0.0,0.0
49.0,9.0,17.0,5.0,8.0,6.0,0.0,7.0,11.0,4.0,11.0,0.0,0.0,6.0,9.0,10.0,15.0,2.0,1.0,6.0,0.0,0.0,4.0,0.0,0.0,0.0,0.0,4.0,5.0,0.0,2.0,1.0,5.0,0.0,3.0,3.0,0.0,11.0,0.0,2.0,3.0,4.0,2.0,0.0,4.0,0.0,0.0,3.0,4.0,6.0,9.0,3.0,0.0,2.0,0.0,0.0,4.0,6.0,3.0,3.0,2.0,4.0,0.0,0.0,0.0,0.0,0.0,0.0,0.0,0.0,3.0,0.0,4.0,0.0,3.0,2.0,0.0,4.0,3.0,0.0,0.0,0.0,0.0,2.0,0.0,0.0,0.0,4.0,6.0,2.0,0.0,0.0,0.0,4.0,0.0,0.0,0.0,2.0,0.0,3.0,3.0,2.0,0.0,0.0,1.0,2.0,0.0,0.0,0.0,2.0,3.0,2.0,0.0,4.0,0.0,0.0,1.0,2.0,0.0,0.0,0.0,2.0,0.0,0.0,0.0,0.0,0.0,0.0,0.0,2.0,0.0,0.0,0.0,0.0,0.0,0.0,0.0,0.0,0.0,0.0,0.0,0.0,0.0,0.0,0.0,0.0,0.0,0.0,0.0
26.0,6.0,7.0,3.0,1.0,2.0,5.0,2.0,5.0,1.0,1.0,1.0,4.0,0.0,0.0,0.0,0.0,1.0,1.0,0.0,0.0,1.0,0.0,0.0,0.0,0.0,2.0,0.0,0.0,0.0,2.0,0.0,0.0,1.0,0.0,0.0,0.0,0.0,0.0,0.0,0.0,0.0,0.0,0.0,0.0,1.0,0.0,0.0,0.0,0.0,1.0,0.0,0.0,0.0,0.0,0.0,0.0,0.0,0.0,0.0,2.0,0.0,0.0,0.0,0.0,0.0,0.0,0.0,0.0,0.0,0.0,0.0,0.0,0.0,0.0,0.0,0.0,0.0,0.0,0.0,0.0,0.0,0.0,0.0,0.0,0.0,0.0,0.0,0.0,0.0,0.0,0.0,0.0,0.0,0.0,0.0,0.0,0.0,0.0,0.0,0.0,0.0,0.0,2.0,0.0,0.0,1.0,0.0,0.0,0.0,0.0,0.0,0.0,0.0,0.0,0.0,0.0,0.0,0.0,0.0,0.0,0.0,0.0,0.0,6.0,0.0,0.0,0.0,1.0,0.0,0.0,0.0,0.0,0.0,0.0,0.0,0.0,0.0,0.0,0.0,0.0,0.0,0.0,0.0,0.0,0.0,0.0,1.0,0.0
26.0,6.0,7.0,3.0,1.0,2.0,5.0,2.0,5.0,1.0,1.0,1.0,4.0,0.0,0.0,0.0,0.0,1.0,1.0,0.0,0.0,1.0,0.0,0.0,0.0,0.0,2.0,0.0,0.0,0.0,2.0,0.0,0.0,1.0,0.0,0.0,0.0,0.0,0.0,0.0,0.0,0.0,0.0,0.0,0.0,1.0,0.0,0.0,0.0,0.0,1.0,0.0,0.0,0.0,0.0,0.0,0.0,0.0,0.0,0.0,2.0,0.0,0.0,0.0,0.0,0.0,0.0,0.0,0.0,0.0,0.0,0.0,0.0,0.0,0.0,0.0,0.0,0.0,0.0,0.0,0.0,0.0,0.0,0.0,0.0,0.0,0.0,0.0,0.0,0.0,0.0,0.0,0.0,0.0,0.0,0.0,0.0,0.0,0.0,0.0,0.0,0.0,0.0,2.0,0.0,0.0,1.0,0.0,0.0,0.0,0.0,0.0,0.0,0.0,0.0,0.0,0.0,0.0,0.0,0.0,0.0,0.0,0.0,0.0,6.0,0.0,0.0,0.0,1.0,0.0,0.0,0.0,0.0,0.0,0.0,0.0,0.0,0.0,0.0,0.0,0.0,0.0,0.0,0.0,0.0,0.0,0.0,0.0,0.0
28.0,6.0,8.0,3.0,1.0,2.0,6.0,2.0,6.0,1.0,1.0,2.0,4.0,0.0,0.0,0.0,0.0,1.0,1.0,0.0,0.0,2.0,0.0,0.0,0.0,0.0,2.0,0.0,0.0,0.0,2.0,0.0,0.0,1.0,0.0,0.0,0.0,0.0,0.0,0.0,0.0,0.0,0.0,0.0,0.0,1.0,0.0,0.0,0.0,0.0,6.0,0.0,0.0,0.0,0.0,0.0,0.0,0.0,0.0,0.0,2.0,0.0,0.0,0.0,0.0,0.0,0.0,0.0,0.0,0.0,0.0,0.0,0.0,0.0,0.0,0.0,0.0,0.0,0.0,0.0,0.0,0.0,0.0,0.0,0.0,0.0,0.0,0.0,0.0,0.0,0.0,0.0,0.0,0.0,0.0,0.0,0.0,0.0,0.0,0.0,0.0,0.0,0.0,2.0,0.0,0.0,1.0,0.0,0.0,0.0,0.0,0.0,0.0,0.0,0.0,0.0,0.0,0.0,0.0,0.0,0.0,0.0,0.0,0.0,6.0,0.0,0.0,0.0,1.0,0.0,0.0,0.0,0.0,0.0,0.0,0.0,0.0,0.0,0.0,0.0,0.0,0.0,0.0,0.0,0.0,0.0,0.0,0.0,0.0
26.0,7.0,4.0,3.0,1.0,2.0,8.0,2.0,1.0,1.0,1.0,3.0,5.0,0.0,0.0,0.0,0.0,1.0,1.0,0.0,0.0,3.0,0.0,0.0,0.0,0.0,2.0,0.0,0.0,0.0,0.0,0.0,0.0,1.0,0.0,0.0,0.0,0.0,0.0,0.0,0.0,0.0,0.0,0.0,0.0,1.0,0.0,0.0,0.0,0.0,0.0,0.0,0.0,0.0,0.0,0.0,0.0,0.0,0.0,0.0,0.0,0.0,0.0,0.0,0.0,0.0,0.0,0.0,0.0,0.0,0.0,0.0,0.0,0.0,0.0,0.0,0.0,0.0,0.0,0.0,0.0,0.0,0.0,0.0,0.0,0.0,0.0,0.0,0.0,0.0,0.0,0.0,0.0,0.0,0.0,0.0,0.0,0.0,0.0,0.0,0.0,0.0,0.0,2.0,0.0,0.0,1.0,0.0,0.0,0.0,0.0,0.0,0.0,0.0,0.0,0.0,0.0,0.0,0.0,0.0,0.0,0.0,0.0,0.0,4.0,0.0,0.0,0.0,1.0,0.0,0.0,0.0,0.0,0.0,0.0,0.0,0.0,0.0,0.0,0.0,0.0,0.0,0.0,0.0,0.0,0.0,0.0,0.0,0.0
41.0,9.0,9.0,5.0,8.0,6.0,0.0,7.0,3.0,4.0,11.0,0.0,0.0,6.0,9.0,10.0,15.0,2.0,1.0,6.0,0.0,0.0,4.0,0.0,0.0,0.0,0.0,4.0,5.0,0.0,2.0,1.0,5.0,0.0,3.0,3.0,0.0,11.0,0.0,2.0,3.0,4.0,2.0,0.0,4.0,0.0,0.0,3.0,2.0,6.0,0.0,3.0,0.0,2.0,0.0,0.0,4.0,4.0,3.0,3.0,0.0,4.0,0.0,0.0,0.0,0.0,0.0,0.0,0.0,0.0,3.0,0.0,4.0,0.0,3.0,2.0,0.0,4.0,3.0,0.0,0.0,0.0,0.0,2.0,0.0,0.0,0.0,4.0,6.0,2.0,0.0,0.0,0.0,0.0,0.0,0.0,0.0,0.0,0.0,3.0,3.0,2.0,0.0,0.0,1.0,2.0,0.0,0.0,0.0,2.0,3.0,2.0,0.0,4.0,0.0,0.0,1.0,2.0,0.0,0.0,0.0,2.0,0.0,0.0,0.0,0.0,0.0,0.0,0.0,2.0,0.0,0.0,0.0,0.0,0.0,0.0,0.0,0.0,0.0,0.0,0.0,0.0,0.0,0.0,0.0,0.0,0.0,0.0,0.0
31.0,7.0,8.0,4.0,4.0,6.0,4.0,4.0,6.0,2.0,5.0,1.0,4.0,4.0,4.0,4.0,6.0,1.0,0.0,4.0,0.0,2.0,2.0,6.0,0.0,0.0,2.0,2.0,4.0,0.0,0.0,4.0,4.0,0.0,2.0,0.0,1.0,4.0,0.0,0.0,0.0,2.0,0.0,0.0,2.0,0.0,0.0,1.0,0.0,2.0,0.0,0.0,0.0,2.0,0.0,2.0,0.0,0.0,1.0,0.0,0.0,4.0,2.0,0.0,0.0,0.0,1.0,0.0,1.0,0.0,0.0,0.0,0.0,0.0,0.0,0.0,0.0,4.0,1.0,0.0,0.0,0.0,0.0,0.0,1.0,0.0,0.0,2.0,0.0,1.0,0.0,0.0,0.0,0.0,2.0,0.0,0.0,0.0,0.0,0.0,0.0,0.0,0.0,4.0,0.0,0.0,0.0,2.0,2.0,1.0,0.0,0.0,0.0,2.0,0.0,0.0,0.0,0.0,2.0,0.0,0.0,0.0,0.0,0.0,0.0,0.0,0.0,0.0,0.0,0.0,0.0,0.0,0.0,0.0,0.0,0.0,0.0,0.0,0.0,0.0,0.0,0.0,0.0,0.0,0.0,0.0,0.0,0.0,0.0
20.54049,3.5659688,9.276615,1.7106459,1.855323,1.7106459,0.85532296,1.855323,7.421292,1.0,1.855323,0.0,0.85532296,0.0,1.855323,0.85532296,1.7106459,0.0,0.85532296,0.85532296,0.0,0.0,0.0,0.0,0.0,0.0,0.0,0.0,0.0,0.0,2.710646,0.85532296,0.0,0.85532296,0.85532296,0.85532296,0.0,0.85532296,0.0,0.0,0.85532296,0.0,0.0,0.0,0.0,0.85532296,0.0,0.0,2.710646,0.0,2.0,0.85532296,0.0,0.0,0.0,0.0,0.0,2.5659688,0.0,0.85532296,2.710646,0.0,0.0,0.0,1.7106459,0.0,0.0,0.0,0.0,0.0,0.0,0.0,1.7106459,0.0,0.0,0.0,0.0,0.0,0.0,0.0,0.0,0.85532296,0.85532296,0.0,0.0,0.0,0.0,0.0,0.0,0.0,0.0,0.0,0.85532296,1.0,0.0,0.0,0.0,0.85532296,0.85532296,0.0,0.0,0.0,0.0,0.0,0.85532296,0.0,0.0,0.0,0.0,0.0,0.0,0.0,0.0,0.0,0.0,0.0,0.0,0.0,0.0,0.85532296,0.0,0.0,0.0,0.0,0.0,0.0,0.0,0.0,0.0,0.85532296,0.0,0.0,1.7106459,0.0,0.0,0.85532296,0.14467706,0.0,0.0,0.0,0.0,0.0,1.7106459,0.0,0.0,0.0,0.0,0.0,0.0
24.0,0.0,10.0,0.0,0.0,0.0,0.0,0.0,4.0,4.0,4.0,0.0,0.0,0.0,4.0,0.0,0.0,0.0,0.0,0.0,0.0,0.0,0.0,0.0,0.0,0.0,0.0,0.0,0.0,0.0,0.0,0.0,0.0,0.0,0.0,0.0,0.0,0.0,0.0,0.0,0.0,0.0,0.0,0.0,0.0,0.0,0.0,0.0,4.0,0.0,0.0,0.0,0.0,0.0,0.0,0.0,0.0,0.0,0.0,0.0,0.0,0.0,0.0,0.0,0.0,0.0,0.0,0.0,0.0,0.0,0.0,0.0,0.0,0.0,0.0,0.0,0.0,0.0,0.0,0.0,0.0,0.0,0.0,0.0,0.0,0.0,0.0,0.0,0.0,0.0,0.0,0.0,0.0,0.0,0.0,0.0,0.0,0.0,0.0,0.0,0.0,0.0,3.0,0.0,0.0,0.0,0.0,0.0,0.0,0.0,0.0,0.0,0.0,0.0,0.0,0.0,0.0,0.0,0.0,0.0,0.0,0.0,0.0,0.0,0.0,0.0,0.0,0.0,0.0,0.0,0.0,0.0,0.0,0.0,0.0,0.0,0.0,0.0,0.0,0.0,0.0,0.0,0.0,0.0,0.0,0.0,0.0,0.0,0.0
13.45,4.6,3.15,1.6,2.15,2.45,3.45,2.15,0.0,0.0,0.0,1.15,0.6,2.15,0.0,0.0,0.0,0.0,0.15,0.0,2.85,0.3,0.0,0.0,2.0,1.15,0.15,0.0,0.0,1.15,0.0,0.0,0.0,0.15,0.0,0.3,0.0,0.0,0.85,0.0,0.3,0.0,0.85,0.85,0.0,0.15,1.15,0.0,0.0,0.0,0.0,0.15,0.0,0.15,1.15,0.15,0.0,0.0,0.0,0.15,0.0,0.3,0.0,0.0,0.3,0.85,0.0,0.85,0.0,0.85,0.0,0.85,0.0,0.0,0.0,0.85,0.85,0.0,0.0,0.85,0.0,0.15,0.3,0.0,0.0,0.0,0.0,0.0,0.0,0.0,0.0,0.0,0.15,0.0,0.0,0.0,0.3,0.0,0.3,0.0,0.0,0.0,0.0,0.0,0.0,0.0,0.0,0.0,0.0,0.0,0.0,0.0,0.15,0.0,0.0,0.0,0.0,0.0,0.0,0.3,0.3,0.0,0.0,0.15,0.0,0.0,0.85,0.0,0.0,0.0,0.0,0.15,0.0,0.0,0.0,0.0,0.0,0.0,0.85,0.0,0.0,0.0,0.0,0.0,0.0,0.0,0.0,0.0,0.0
10.742424,4.159091,3.1060605,1.1060606,2.0,2.1060605,3.0,2.0,0.0,0.21212122,0.0,1.0,0.0,2.0,0.0,0.0,0.0,0.0,0.0,0.0,3.0,0.0,0.0,0.0,2.0,1.0,0.0,0.0,0.0,1.0,0.0,0.0,0.0,0.0,0.0,0.0,0.0,0.0,1.0,0.053030305,0.0,0.0,0.9469697,1.0,0.0,0.0,1.0,0.0,0.0,0.0,0.0,0.0,0.0,0.0,1.0,0.0,0.0,0.0,0.0,0.0,0.0,0.0,0.0,0.0,0.0,1.0,0.0,1.0,0.0,1.0,0.0,1.0,0.0,0.0,0.0,0.9469697,1.0,0.0,0.0,1.0,0.0,0.0,0.0,0.0,0.0,0.0,0.0,0.0,0.0,0.0,0.0,0.0,0.0,0.0,0.0,0.0,0.0,0.0,0.0,0.0,0.0,0.0,0.053030305,0.0,0.0,0.0,0.0,0.0,0.0,0.0,0.0,0.0,0.0,0.0,0.0,0.0,0.0,0.0,0.0,0.0,0.0,0.0,0.0,0.0,0.0,0.0,0.9469697,0.0,0.0,0.0,0.0,0.0,0.0,0.0,0.0,0.0,0.0,0.0,0.9469697,0.0,0.0,0.0,0.0,0.0,0.0,0.0,0.0,0.0,0.0
11.956522,4.130435,3.3913043,1.2608696,2.1304348,2.3913043,3.0,2.1304348,0.0,0.13043478,0.26086956,1.0,0.0,2.1304348,0.13043478,0.13043478,0.13043478,0.13043478,0.0,0.13043478,3.0,0.0,0.13043478,0.0,2.0,1.0,0.0,0.13043478,0.13043478,1.0,0.0,0.0,0.13043478,0.0,0.0,0.0,0.0,0.0,1.0,0.13043478,0.0,0.13043478,1.0,1.0,0.13043478,0.0,1.0,0.0,0.0,0.0,0.0,0.0,0.0,0.0,1.0,0.0,0.26086956,0.0,0.0,0.0,0.0,0.0,0.0,0.0,0.0,1.0,0.0,1.0,0.0,1.0,0.0,1.0,0.0,0.0,0.0,0.8695652,1.0,0.0,0.0,1.0,0.0,0.0,0.0,0.0,0.0,0.0,0.0,0.0,0.0,0.0,0.0,0.0,0.0,0.0,0.0,0.0,0.0,0.0,0.0,0.13043478,0.0,0.0,0.0,0.0,0.0,0.0,0.0,0.0,0.0,0.0,0.0,0.0,0.0,0.0,0.0,0.0,0.0,0.0,0.0,0.0,0.0,0.0,0.0,0.0,0.0,0.0,0.8695652,0.0,0.0,0.0,0.0,0.0,0.0,0.0,0.0,0.0,0.0,0.0,0.8695652,0.0,0.0,0.0,0.0,0.0,0.0,0.0,0.0,0.0,0.0
10.792453,4.1698112,3.1132076,1.1132076,2.0,2.1132076,3.0,2.0,0.0,0.2264151,0.0,1.0,0.0,2.0,0.0,0.0,0.0,0.0,0.0,0.0,3.0,0.0,0.0,0.0,2.0,1.0,0.0,0.0,0.0,1.0,0.0,0.0,0.0,0.0,0.0,0.0,0.0,0.0,1.0,0.056603774,0.0,0.0,0.9433962,1.0,0.0,0.0,1.0,0.0,0.0,0.0,0.0,0.0,0.0,0.0,1.0,0.0,0.0,0.0,0.0,0.0,0.0,0.0,0.0,0.0,0.0,1.0,0.0,1.0,0.0,1.0,0.0,1.0,0.0,0.0,0.0,0.9433962,1.0,0.0,0.0,1.0,0.0,0.0,0.0,0.0,0.0,0.0,0.0,0.0,0.0,0.0,0.0,0.0,0.0,0.0,0.0,0.0,0.0,0.0,0.0,0.0,0.0,0.0,0.056603774,0.0,0.0,0.0,0.0,0.0,0.0,0.0,0.0,0.0,0.0,0.0,0.0,0.0,0.0,0.0,0.0,0.0,0.0,0.0,0.0,0.0,0.0,0.0,0.9433962,0.0,0.0,0.0,0.0,0.0,0.0,0.0,0.0,0.0,0.0,0.0,0.9433962,0.0,0.0,0.0,0.0,0.0,0.0,0.0,0.0,0.0,0.0
46.2,4.3,11.7,6.0,2.0,8.0,4.0,2.0,9.4,2.0,3.0,2.0,4.0,2.0,3.0,1.0,2.0,0.0,0.0,1.0,0.0,4.0,0.0,12.0,0.0,0.0,4.0,0.0,1.0,0.0,0.0,4.0,1.0,0.0,1.0,0.0,6.0,1.0,0.0,0.0,0.0,0.0,0.0,0.0,0.0,0.0,0.0,0.0,2.0,0.0,1.4,0.0,6.0,2.0,0.0,4.0,0.0,1.0,0.0,0.0,0.0,0.0,12.0,6.0,0.0,0.0,1.0,0.0,2.0,0.0,0.0,0.0,0.0,1.0,0.0,0.0,0.0,0.0,0.0,0.0,0.0,0.0,0.0,0.0,0.0,6.0,6.0,0.0,0.0,0.0,1.0,0.0,1.0,1.4,4.0,0.0,0.0,0.0,0.0,0.0,0.0,0.0,0.0,0.0,0.0,0.0,0.0,0.0,0.0,0.0,0.0,0.0,0.0,0.0,0.0,0.0,1.0,0.0,2.0,0.0,0.0,0.0,0.0,0.0,0.0,0.0,0.0,0.0,0.0,0.0,0.0,0.0,0.0,0.0,0.0,0.0,0.0,0.7,0.0,0.0,0.0,0.0,0.0,0.0,0.0,0.0,0.0,0.0,0.0
28.0,5.0,6.0,4.0,3.0,6.0,3.0,3.0,3.0,1.0,2.0,1.0,2.0,3.0,4.0,1.0,4.0,0.0,0.0,1.0,1.0,1.0,0.0,6.0,1.0,1.0,2.0,0.0,4.0,1.0,0.0,1.0,1.0,0.0,3.0,0.0,3.0,3.0,0.0,0.0,0.0,0.0,1.0,0.0,0.0,0.0,1.0,0.0,0.0,0.0,0.0,0.0,4.0,1.0,1.0,1.0,0.0,0.0,0.0,0.0,0.0,1.0,3.0,4.0,0.0,0.0,0.0,0.0,0.0,0.0,0.0,0.0,0.0,1.0,0.0,1.0,0.0,1.0,0.0,0.0,0.0,0.0,0.0,0.0,0.0,0.0,2.0,0.0,0.0,0.0,0.0,0.0,0.0,0.0,0.0,0.0,1.0,0.0,0.0,0.0,0.0,0.0,0.0,0.0,0.0,0.0,0.0,0.0,0.0,0.0,0.0,0.0,0.0,0.0,0.0,0.0,2.0,0.0,0.0,0.0,1.0,0.0,0.0,0.0,0.0,0.0,0.0,0.0,0.0,0.0,0.0,0.0,0.0,0.0,0.0,0.0,0.0,0.0,0.0,0.0,0.0,0.0,0.0,0.0,0.0,0.0,0.0,0.0,0.0
20.50924,2.063655,18.031828,0.063654885,2.0,0.063654885,0.12730977,2.0,16.031828,2.1273098,3.0954823,0.063654885,0.063654885,0.063654885,3.2227921,1.0636549,2.2546196,0.0,0.0,1.0,0.0,0.063654885,0.0,0.0,0.0,0.0,0.063654885,0.0,0.031827442,0.0,1.9363451,0.063654885,0.031827442,0.0,1.286447,0.0,0.0,1.0,0.0,0.0,0.0,0.0,0.0,0.0,0.0,0.0,0.0,0.0,3.063655,0.0,11.968173,0.0,0.0,0.0,0.0,0.063654885,0.0,2.0954823,0.0,0.0,1.9363451,0.0,0.0,0.0,0.0,0.0,0.0,0.0,0.0,0.0,0.0,0.0,0.96817255,0.0,0.0,0.0,0.0,0.0,0.0,0.0,0.0,0.0,0.0,0.0,0.0,0.0,0.0,0.0,0.0,0.0,0.0,0.0,0.0,2.9681726,0.0,0.0,0.0,0.063654885,0.0,0.0,0.0,0.0,0.0,0.0,0.0,0.0,0.0,0.0,0.0,0.0,0.0,0.0,0.0,0.0,0.0,0.0,0.031827442,0.0,0.0,0.0,0.0,0.0,0.0,0.0,0.0,0.0,0.0,0.0,0.0,0.0,0.0,0.0,1.9363451,0.0,0.0,1.9363451,0.0,0.0,0.0,0.0,0.0,0.0,0.96817255,0.0,0.96817255,0.0,0.96817255,0.0,0.0
10.040484,4.0,3.0,1.0,1.9595156,1.9190313,3.0,1.9595156,0.040484373,0.0,0.0,1.0,0.0,1.9190313,0.0,0.0,0.0,0.0,0.040484373,0.0,3.0,0.0,0.0,0.0,2.0,1.0,0.0,0.0,0.0,1.0,0.040484373,0.0,0.0,0.0,0.0,0.040484373,0.0,0.0,1.0,0.0,0.040484373,0.0,0.95951563,1.0,0.0,0.0,0.95951563,0.0,0.0,0.0,0.0,0.040484373,0.0,0.0,0.95951563,0.0,0.0,0.0,0.0,0.040484373,0.0,0.0,0.0,0.0,0.0,0.95951563,0.0,1.0,0.0,1.0,0.0,0.95951563,0.0,0.0,0.0,0.95951563,1.0,0.0,0.0,1.0,0.040484373,0.0,0.0,0.0,0.0,0.0,0.0,0.0,0.0,0.0,0.0,0.0,0.0,0.0,0.0,0.040484373,0.0,0.0,0.0,0.0,0.0,0.0,0.0,0.0,0.0,0.0,0.0,0.0,0.0,0.0,0.0,0.0,0.0,0.0,0.0,0.040484373,0.0,0.0,0.0,0.0,0.0,0.0,0.0,0.0,0.0,0.0,0.95951563,0.040484373,0.0,0.0,0.0,0.0,0.0,0.0,0.0,0.0,0.0,0.0,0.95951563,0.0,0.0,0.0,0.0,0.0,0.0,0.0,0.0,0.0,0.0
43.0,7.0,16.0,5.0,5.0,4.0,4.0,6.0,22.0,2.0,5.0,2.0,4.0,1.0,4.0,4.0,6.0,1.0,0.0,4.0,0.0,4.0,2.0,8.0,0.0,0.0,2.0,2.0,0.0,0.0,11.0,8.0,0.0,0.0,2.0,0.0,1.0,4.0,0.0,0.0,0.0,0.0,0.0,0.0,0.0,0.0,0.0,1.0,8.0,2.0,17.0,0.0,6.0,1.0,0.0,2.0,0.0,10.0,1.0,0.0,13.0,1.0,2.0,2.0,0.0,0.0,1.0,0.0,2.0,0.0,0.0,0.0,12.0,1.0,0.0,0.0,0.0,0.0,0.0,0.0,0.0,0.0,0.0,0.0,0.0,2.0,6.0,0.0,0.0,1.0,1.0,0.0,0.0,12.0,2.0,0.0,0.0,18.0,0.0,0.0,0.0,0.0,0.0,0.0,7.0,0.0,0.0,0.0,0.0,0.0,0.0,0.0,0.0,0.0,0.0,0.0,0.0,0.0,0.0,0.0,0.0,0.0,0.0,0.0,0.0,0.0,0.0,0.0,0.0,6.0,0.0,0.0,6.0,0.0,0.0,4.0,8.0,4.0,0.0,0.0,0.0,0.0,4.0,0.0,4.0,0.0,0.0,0.0,0.0
9.84,2.38,2.92,1.0,0.0,1.0,1.92,0.0,1.0,0.0,0.0,0.0,1.0,0.0,0.0,0.0,0.0,0.0,0.46,0.0,0.92,0.0,0.0,1.0,0.0,0.0,1.0,0.0,0.0,0.0,0.0,0.0,0.0,1.38,0.0,0.0,0.0,0.0,0.0,0.0,0.0,0.0,0.0,0.0,0.0,0.46,0.0,0.0,0.0,0.0,0.0,0.0,1.0,0.0,0.0,0.0,0.0,0.0,0.0,0.0,0.0,0.0,0.0,0.0,0.0,0.0,0.0,0.0,0.0,0.0,0.0,0.0,0.0,0.0,0.0,0.0,0.0,0.0,0.0,0.0,0.0,0.0,0.0,0.0,0.0,0.0,0.0,0.0,0.0,0.0,0.0,2.76,0.0,0.0,0.0,0.0,0.0,0.0,0.0,0.0,0.0,0.0,0.0,0.0,0.0,0.0,0.46,0.0,0.0,0.0,0.0,0.0,0.0,0.0,0.92,0.0,0.0,0.0,0.0,0.0,0.0,0.0,0.92,0.0,0.0,0.0,0.0,0.0,0.0,0.0,0.0,0.0,0.0,1.84,1.84,0.0,0.0,0.0,0.0,0.0,0.0,0.0,0.0,0.0,0.0,0.0,0.0,0.0,0.0
16.101667,3.0677779,3.898333,2.033889,1.0,2.0,3.033889,0.0,5.796666,0.0,0.0,1.0,2.033889,0.0,0.0,0.0,0.0,0.0,0.03388898,0.0,0.0,1.0,0.0,5.796666,0.0,1.0,1.932222,0.0,0.0,0.0,0.0,3.864444,0.0,0.03388898,0.0,0.06777796,0.966111,0.0,0.0,0.0,0.06777796,0.0,0.0,0.0,0.0,0.03388898,0.0,0.0,0.0,0.0,0.0,0.03388898,5.796666,0.0,0.0,0.966111,0.0,0.0,0.0,0.03388898,0.0,0.0,1.932222,1.932222,0.06777796,0.0,0.966111,0.0,0.0,0.0,0.0,0.0,0.0,0.966111,0.0,0.0,0.0,0.0,0.0,0.0,0.0,0.03388898,0.06777796,0.0,0.0,1.932222,2.898333,0.0,0.0,0.0,0.966111,0.0,0.03388898,0.0,0.0,0.0,0.0,0.0,0.06777796,0.0,0.0,0.0,0.0,0.0,0.0,0.0,0.0,0.0,0.0,0.0,0.0,0.0,0.03388898,0.0,0.0,0.0,0.0,0.0,0.0,0.06777796,1.0,0.0,0.0,0.03388898,0.0,0.0,0.0,0.0,0.0,0.0,0.0,0.0,0.0,0.0,0.0,0.0,0.0,0.0,0.0,0.0,0.0,0.0,0.0,0.0,0.0,0.0,0.0,0.0,0.0
20.0,4.0,9.0,1.5,2.0,1.75,3.75,2.0,8.25,0.0,0.0,1.75,1.25,0.5,0.0,0.0,0.0,0.0,0.0,0.0,3.25,1.0,0.0,3.75,3.25,1.75,1.25,0.0,0.0,1.75,0.0,4.0,0.0,0.0,0.0,0.0,0.25,0.0,1.5,0.0,0.0,0.0,0.25,1.5,0.0,0.0,0.25,0.0,0.0,0.0,0.0,0.0,3.75,0.0,0.25,1.0,0.0,0.0,0.0,0.0,0.0,0.0,0.5,0.5,0.0,0.0,1.0,0.0,0.0,0.0,0.0,0.0,0.0,0.25,0.0,0.25,0.0,0.0,0.0,0.0,0.75,0.0,0.0,0.0,0.0,0.5,3.0,0.0,0.0,0.0,0.25,0.0,0.0,0.0,0.0,0.75,1.0,2.25,0.0,0.0,0.0,0.0,0.0,0.0,0.0,0.0,0.0,0.0,0.0,0.0,0.0,0.0,0.0,0.0,0.0,0.0,0.0,0.0,0.0,0.0,1.0,0.0,0.0,0.0,3.75,0.0,0.0,0.0,0.0,0.0,0.0,0.0,0.0,0.0,0.0,0.0,0.0,0.0,0.0,0.0,0.0,0.0,0.0,0.0,0.0,0.0,0.0,0.0,0.0
10.738819,4.211091,3.1055455,1.1055456,2.0,2.1055455,3.0,2.0,0.0,0.21109124,0.21109124,1.0,0.0,2.0,0.0,0.0,0.0,0.21109124,0.0,0.0,3.0,0.0,0.0,0.0,2.0,1.0,0.0,0.0,0.0,1.0,0.0,0.0,0.0,0.0,0.0,0.0,0.0,0.0,1.0,0.10554562,0.0,0.0,0.89445436,1.0,0.0,0.0,1.0,0.0,0.0,0.0,0.0,0.0,0.0,0.0,1.0,0.0,0.21109124,0.0,0.0,0.0,0.0,0.0,0.0,0.0,0.0,1.0,0.0,1.0,0.0,1.0,0.0,1.0,0.0,0.0,0.0,0.89445436,1.0,0.0,0.0,1.0,0.0,0.0,0.0,0.0,0.10554562,0.0,0.0,0.0,0.0,0.0,0.0,0.0,0.0,0.0,0.0,0.0,0.0,0.0,0.0,0.0,0.0,0.0,0.0,0.0,0.0,0.0,0.0,0.0,0.0,0.0,0.0,0.0,0.0,0.0,0.0,0.0,0.0,0.0,0.0,0.0,0.0,0.0,0.0,0.0,0.0,0.0,0.89445436,0.0,0.0,0.0,0.0,0.0,0.0,0.0,0.0,0.0,0.0,0.0,0.89445436,0.0,0.0,0.0,0.0,0.0,0.0,0.0,0.0,0.0,0.0
10.7,5.2,3.2,1.1,2.0,2.2,4.0,2.0,0.1,0.0,0.0,1.0,0.0,2.0,0.0,0.0,0.0,0.0,0.1,0.0,4.0,0.0,0.0,0.2,2.0,2.0,0.0,0.0,0.0,2.0,0.0,0.0,0.0,0.0,0.0,0.2,0.1,0.0,1.0,0.0,0.2,0.0,1.1,1.0,0.0,0.0,2.0,0.0,0.0,0.0,0.0,0.1,0.0,0.0,1.0,0.0,0.0,0.0,0.0,0.1,0.0,0.0,0.0,0.0,0.2,1.0,0.0,1.0,0.0,1.0,0.0,1.0,0.0,0.0,0.0,0.9,1.0,0.0,0.0,1.0,0.0,0.0,0.2,0.0,0.0,0.0,0.0,0.0,0.0,0.0,0.0,0.0,0.0,0.0,0.0,0.0,0.0,0.0,0.0,0.0,0.0,0.0,0.0,0.0,0.0,0.0,0.0,0.0,0.0,0.0,0.0,0.0,0.0,0.0,0.0,0.0,0.0,0.0,0.0,0.0,0.0,0.0,0.0,0.0,0.0,0.0,0.9,0.0,0.0,0.0,0.0,0.0,0.0,0.0,0.0,0.0,0.0,0.0,0.9,0.0,0.0,0.0,0.0,0.0,0.0,0.0,0.0,0.0,0.0
11.166667,4.0,3.1666667,1.1666666,2.0,2.1666667,3.0,2.0,0.0,0.33333334,0.0,1.0,0.0,2.0,0.0,0.0,0.0,0.0,0.0,0.0,3.0,0.0,0.0,0.0,2.0,1.0,0.0,0.0,0.0,1.0,0.0,0.0,0.0,0.0,0.0,0.0,0.0,0.0,1.0,0.5,0.0,0.0,0.8333333,1.0,0.0,0.0,1.0,0.0,0.0,0.0,0.0,0.0,0.0,0.0,1.0,0.0,0.6666667,0.0,0.0,0.0,0.0,0.0,0.0,0.0,0.0,1.0,0.0,1.0,0.0,1.0,0.0,1.0,0.0,0.0,0.0,0.8333333,1.0,0.0,0.0,1.0,0.0,0.0,0.0,0.0,0.0,0.0,0.0,0.0,0.0,0.0,0.0,0.0,0.0,0.0,0.0,0.0,0.0,0.0,0.0,0.0,0.0,0.0,0.0,0.0,0.0,0.0,0.0,0.0,0.0,0.0,0.0,0.0,0.0,0.0,0.0,0.0,0.0,0.0,0.0,0.0,0.0,0.0,0.0,0.0,0.0,0.0,0.8333333,0.0,0.0,0.0,0.0,0.0,0.0,0.0,0.0,0.0,0.0,0.0,0.8333333,0.0,0.0,0.0,0.0,0.0,0.0,0.0,0.0,0.0,0.0
11.333333,4.5,3.3333333,1.1666666,2.3333333,2.3333333,3.1666667,2.3333333,0.0,0.16666667,0.5,1.0,0.16666667,2.3333333,0.33333334,0.5,0.6666667,0.16666667,0.0,0.33333334,3.0,0.0,0.33333334,0.0,2.0,1.0,0.16666667,0.33333334,0.33333334,1.0,0.0,0.0,0.33333334,0.0,0.16666667,0.0,0.0,0.33333334,1.0,0.16666667,0.0,0.33333334,1.0,1.0,0.33333334,0.0,1.0,0.16666667,0.0,0.33333334,0.0,0.0,0.0,0.16666667,1.0,0.0,0.33333334,0.0,0.16666667,0.0,0.0,0.33333334,0.0,0.0,0.0,1.0,0.0,1.0,0.0,1.0,0.16666667,1.0,0.0,0.0,0.16666667,1.0,1.0,0.33333334,0.16666667,1.0,0.0,0.0,0.0,0.16666667,0.0,0.0,0.0,0.33333334,0.33333334,0.16666667,0.0,0.0,0.0,0.0,0.0,0.0,0.0,0.0,0.0,0.16666667,0.0,0.16666667,0.0,0.0,0.0,0.16666667,0.0,0.0,0.0,0.16666667,0.0,0.16666667,0.0,0.33333334,0.0,0.0,0.0,0.16666667,0.0,0.0,0.0,0.16666667,0.0,0.0,0.0,0.0,1.0,0.0,0.0,0.0,0.0,0.0,0.0,0.0,0.0,0.0,0.0,0.0,1.0,0.0,0.0,0.0,0.0,0.0,0.0,0.0,0.0,0.0,0.0
11.037037,4.2222223,3.148148,1.1481482,2.0,2.148148,3.0,2.0,0.0,0.2962963,0.0,1.0,0.0,2.0,0.0,0.0,0.0,0.0,0.0,0.0,3.0,0.0,0.0,0.0,2.0,1.0,0.0,0.0,0.0,1.0,0.0,0.0,0.0,0.0,0.0,0.0,0.0,0.0,1.0,0.074074075,0.0,0.0,0.9259259,1.0,0.0,0.0,1.0,0.0,0.0,0.0,0.0,0.0,0.0,0.0,1.0,0.0,0.0,0.0,0.0,0.0,0.0,0.0,0.0,0.0,0.0,1.0,0.0,1.0,0.0,1.0,0.0,1.0,0.0,0.0,0.0,0.9259259,1.0,0.0,0.0,1.0,0.0,0.0,0.0,0.0,0.0,0.0,0.0,0.0,0.0,0.0,0.0,0.0,0.0,0.0,0.0,0.0,0.0,0.0,0.0,0.0,0.0,0.0,0.074074075,0.0,0.0,0.0,0.0,0.0,0.0,0.0,0.0,0.0,0.0,0.0,0.0,0.0,0.0,0.0,0.0,0.0,0.0,0.0,0.0,0.0,0.0,0.0,0.9259259,0.0,0.0,0.0,0.0,0.0,0.0,0.0,0.0,0.0,0.0,0.0,0.9259259,0.0,0.0,0.0,0.0,0.0,0.0,0.0,0.0,0.0,0.0
38.0,6.0,18.0,3.0,5.0,0.0,0.0,5.0,22.0,4.0,9.0,0.0,0.0,0.0,9.0,7.0,17.0,2.0,1.0,4.0,0.0,0.0,1.0,0.0,0.0,0.0,0.0,1.0,0.0,0.0,8.0,6.0,0.0,0.0,10.0,3.0,0.0,9.0,0.0,0.0,3.0,0.0,0.0,0.0,0.0,0.0,0.0,2.0,11.0,8.0,24.0,3.0,0.0,0.0,0.0,0.0,0.0,19.0,10.0,3.0,14.0,0.0,0.0,0.0,0.0,0.0,0.0,0.0,0.0,0.0,0.0,0.0,13.0,0.0,0.0,0.0,0.0,0.0,0.0,0.0,0.0,0.0,0.0,0.0,0.0,0.0,0.0,0.0,0.0,0.0,0.0,0.0,0.0,16.0,0.0,0.0,0.0,24.0,0.0,0.0,3.0,0.0,0.0,0.0,3.0,0.0,0.0,0.0,0.0,0.0,3.0,0.0,0.0,0.0,0.0,0.0,0.0,0.0,0.0,0.0,0.0,0.0,0.0,0.0,2.0,0.0,0.0,0.0,0.0,8.0,0.0,0.0,22.0,0.0,0.0,12.0,6.0,4.0,0.0,0.0,0.0,0.0,3.0,0.0,3.0,0.0,0.0,0.0,0.0
34.0,7.0,4.0,4.0,6.0,0.0,0.0,2.0,2.0,4.0,5.0,0.0,0.0,0.0,5.0,1.0,1.0,2.0,1.0,1.0,0.0,0.0,1.0,0.0,0.0,0.0,0.0,1.0,0.0,0.0,2.0,0.0,0.0,0.0,0.0,3.0,0.0,0.0,0.0,0.0,3.0,0.0,0.0,0.0,0.0,0.0,0.0,0.0,1.0,0.0,0.0,3.0,0.0,0.0,0.0,0.0,0.0,1.0,0.0,3.0,0.0,0.0,0.0,0.0,0.0,0.0,0.0,0.0,0.0,0.0,0.0,0.0,1.0,0.0,0.0,0.0,0.0,0.0,0.0,0.0,0.0,0.0,0.0,0.0,0.0,0.0,0.0,0.0,0.0,0.0,0.0,0.0,0.0,0.0,0.0,0.0,0.0,0.0,0.0,0.0,3.0,0.0,0.0,0.0,0.0,0.0,0.0,0.0,0.0,0.0,3.0,0.0,0.0,0.0,0.0,0.0,0.0,0.0,0.0,0.0,0.0,0.0,0.0,0.0,0.0,0.0,0.0,0.0,0.0,0.0,0.0,0.0,0.0,0.0,0.0,0.0,0.0,0.0,0.0,0.0,0.0,0.0,0.0,0.0,0.0,0.0,0.0,0.0,0.0
27.0,5.0,7.0,3.0,4.0,3.0,0.0,4.0,4.0,3.0,6.0,0.0,0.0,3.0,5.0,4.0,9.0,1.0,1.0,3.0,0.0,0.0,1.0,0.0,0.0,0.0,0.0,1.0,2.0,0.0,1.0,1.0,2.0,0.0,5.0,2.0,0.0,6.0,0.0,1.0,2.0,0.0,1.0,0.0,0.0,0.0,0.0,1.0,3.0,4.0,0.0,3.0,0.0,1.0,0.0,0.0,2.0,5.0,5.0,3.0,2.0,2.0,0.0,0.0,0.0,0.0,0.0,0.0,0.0,0.0,1.0,0.0,1.0,0.0,1.0,1.0,0.0,2.0,1.0,0.0,0.0,0.0,0.0,0.0,0.0,0.0,0.0,2.0,2.0,0.0,0.0,0.0,0.0,0.0,0.0,0.0,0.0,1.0,0.0,1.0,1.0,1.0,0.0,0.0,0.0,1.0,0.0,0.0,0.0,0.0,1.0,1.0,0.0,0.0,0.0,0.0,4.0,0.0,0.0,0.0,0.0,1.0,0.0,0.0,0.0,0.0,0.0,0.0,0.0,2.0,0.0,0.0,0.0,0.0,0.0,0.0,0.0,0.0,0.0,0.0,0.0,0.0,0.0,0.0,0.0,0.0,0.0,0.0,0.0
28.0,5.0,6.0,4.0,3.0,6.0,3.0,3.0,3.0,1.0,2.0,1.0,2.0,3.0,4.0,1.0,4.0,0.0,0.0,1.0,1.0,1.0,0.0,6.0,1.0,1.0,2.0,0.0,4.0,1.0,0.0,1.0,1.0,0.0,3.0,0.0,3.0,3.0,0.0,1.0,0.0,0.0,0.0,0.0,0.0,0.0,1.0,0.0,0.0,0.0,0.0,0.0,4.0,1.0,1.0,1.0,2.0,0.0,0.0,0.0,0.0,1.0,3.0,4.0,0.0,0.0,0.0,0.0,0.0,0.0,0.0,0.0,0.0,1.0,0.0,0.0,0.0,1.0,0.0,0.0,0.0,0.0,0.0,0.0,0.0,0.0,2.0,0.0,0.0,0.0,0.0,0.0,0.0,0.0,0.0,0.0,1.0,0.0,0.0,0.0,0.0,0.0,0.0,0.0,0.0,0.0,0.0,0.0,0.0,0.0,0.0,0.0,0.0,0.0,0.0,0.0,2.0,0.0,0.0,0.0,1.0,0.0,0.0,0.0,0.0,0.0,0.0,0.0,0.0,0.0,0.0,0.0,0.0,0.0,0.0,0.0,0.0,0.0,0.0,0.0,0.0,0.0,0.0,0.0,0.0,0.0,0.0,0.0,0.0
30.0,3.0,8.0,4.0,0.0,4.0,2.0,0.0,12.0,0.0,0.0,0.0,2.0,0.0,0.0,0.0,0.0,0.0,1.0,0.0,0.0,0.0,0.0,12.0,0.0,0.0,2.0,0.0,0.0,0.0,0.0,8.0,0.0,1.0,0.0,1.0,2.0,0.0,0.0,0.0,1.0,0.0,1.0,0.0,0.0,1.0,0.0,0.0,0.0,0.0,0.0,0.0,6.0,0.0,0.0,0.0,0.0,0.0,0.0,0.0,0.0,0.0,4.0,2.0,1.0,0.0,2.0,0.0,0.0,0.0,0.0,0.0,0.0,0.0,0.0,0.0,0.0,0.0,0.0,0.0,0.0,0.0,1.0,0.0,0.0,2.0,0.0,0.0,0.0,0.0,0.0,0.0,0.0,0.0,0.0,0.0,0.0,0.0,1.0,0.0,0.0,0.0,0.0,0.0,0.0,0.0,1.0,0.0,0.0,0.0,0.0,0.0,0.0,0.0,0.0,0.0,0.0,0.0,0.0,0.0,0.0,0.0,0.0,0.0,0.0,0.0,0.0,0.0,0.0,0.0,0.0,0.0,0.0,0.0,0.0,0.0,0.0,0.0,0.0,0.0,0.0,0.0,0.0,0.0,0.0,0.0,0.0,0.0,0.0
38.0,7.0,18.0,3.0,6.0,0.0,0.0,6.0,22.0,4.0,9.0,0.0,0.0,0.0,9.0,7.0,17.0,2.0,1.0,5.0,0.0,0.0,1.0,0.0,0.0,0.0,0.0,1.0,0.0,0.0,10.0,6.0,0.0,0.0,10.0,3.0,0.0,12.0,0.0,0.0,3.0,0.0,0.0,0.0,0.0,0.0,0.0,2.0,11.0,8.0,24.0,3.0,0.0,0.0,0.0,0.0,0.0,19.0,10.0,3.0,18.0,0.0,0.0,0.0,0.0,0.0,0.0,0.0,0.0,0.0,0.0,0.0,17.0,0.0,0.0,0.0,0.0,0.0,0.0,0.0,0.0,0.0,0.0,0.0,0.0,0.0,0.0,0.0,0.0,0.0,0.0,0.0,0.0,16.0,0.0,0.0,0.0,24.0,0.0,0.0,3.0,0.0,0.0,0.0,4.0,0.0,0.0,0.0,0.0,0.0,3.0,0.0,0.0,0.0,0.0,0.0,0.0,0.0,0.0,0.0,0.0,0.0,0.0,0.0,2.0,0.0,0.0,0.0,0.0,8.0,0.0,0.0,22.0,0.0,0.0,12.0,8.0,4.0,0.0,0.0,0.0,0.0,4.0,0.0,4.0,0.0,0.0,0.0,0.0
42.0,9.0,10.0,5.0,8.0,6.0,0.0,7.0,4.0,4.0,11.0,0.0,0.0,6.0,9.0,10.0,15.0,2.0,1.0,6.0,0.0,0.0,4.0,0.0,0.0,0.0,0.0,4.0,5.0,0.0,2.0,1.0,5.0,0.0,3.0,3.0,0.0,11.0,0.0,2.0,3.0,4.0,2.0,0.0,4.0,0.0,0.0,3.0,3.0,6.0,0.0,3.0,0.0,2.0,0.0,0.0,4.0,5.0,3.0,3.0,1.0,4.0,0.0,0.0,0.0,0.0,0.0,0.0,0.0,0.0,3.0,0.0,4.0,0.0,3.0,2.0,0.0,4.0,3.0,0.0,0.0,0.0,0.0,2.0,0.0,0.0,0.0,4.0,6.0,2.0,0.0,0.0,0.0,0.0,0.0,0.0,0.0,1.0,0.0,3.0,3.0,2.0,0.0,0.0,1.0,2.0,0.0,0.0,0.0,2.0,3.0,2.0,0.0,4.0,0.0,0.0,1.0,2.0,0.0,0.0,0.0,2.0,0.0,0.0,0.0,0.0,0.0,0.0,0.0,2.0,0.0,0.0,0.0,0.0,0.0,0.0,0.0,0.0,0.0,0.0,0.0,0.0,0.0,0.0,0.0,0.0,0.0,0.0,0.0
40.0,5.0,12.0,5.0,4.0,8.0,2.0,4.0,12.0,2.0,5.0,1.0,2.0,4.0,4.0,4.0,6.0,1.0,0.0,4.0,0.0,2.0,2.0,12.0,0.0,0.0,2.0,2.0,4.0,0.0,0.0,8.0,4.0,0.0,2.0,0.0,2.0,4.0,0.0,0.0,0.0,2.0,1.0,0.0,2.0,0.0,0.0,1.0,0.0,2.0,0.0,0.0,0.0,2.0,0.0,2.0,0.0,0.0,1.0,0.0,0.0,4.0,4.0,0.0,0.0,0.0,2.0,0.0,1.0,0.0,0.0,0.0,0.0,0.0,0.0,0.0,0.0,4.0,1.0,0.0,0.0,0.0,0.0,0.0,1.0,0.0,0.0,2.0,0.0,1.0,0.0,0.0,0.0,0.0,2.0,0.0,0.0,0.0,0.0,0.0,0.0,0.0,0.0,2.0,0.0,0.0,0.0,2.0,2.0,1.0,0.0,0.0,0.0,2.0,0.0,0.0,0.0,0.0,2.0,0.0,0.0,0.0,0.0,0.0,0.0,0.0,0.0,0.0,0.0,0.0,0.0,0.0,0.0,0.0,0.0,0.0,0.0,0.0,0.0,0.0,0.0,0.0,0.0,0.0,0.0,0.0,0.0,0.0,0.0
12.300108,2.0545652,10.0,0.054565094,2.0,0.054565094,0.027282547,2.0,8.0,2.0,3.0,0.0,0.027282547,0.0,3.0,1.0,2.0,0.0,0.027282547,1.0,0.0,0.0,0.0,0.0,0.0,0.0,0.0,0.0,0.0,0.0,2.0272825,0.027282547,0.0,0.027282547,1.0,0.027282547,0.0,1.0,0.0,0.0,0.027282547,0.0,0.0,0.0,0.0,0.027282547,0.0,0.0,3.0,0.0,3.9454348,0.027282547,0.0,0.0,0.0,0.0,0.0,2.0,0.0,0.027282547,2.0272825,0.0,0.0,0.0,0.054565094,0.0,0.0,0.0,0.0,0.0,0.0,0.0,1.0,0.0,0.0,0.0,0.0,0.0,0.0,0.0,0.0,0.027282547,0.027282547,0.0,0.0,0.0,0.0,0.0,0.0,0.0,0.0,0.0,0.027282547,2.9727175,0.0,0.0,0.0,0.027282547,0.027282547,0.0,0.0,0.0,0.0,0.0,0.027282547,0.0,0.0,0.0,0.0,0.0,0.0,0.0,0.0,0.0,0.0,0.0,0.0,0.0,0.0,0.027282547,0.0,0.0,0.0,0.0,0.0,0.0,0.0,0.0,0.0,0.0,0.0,0.0,1.9727174,0.0,0.0,2.0,0.97271746,1.0,0.0,0.0,0.0,0.0,1.0,0.0,0.97271746,0.0,0.97271746,0.0,0.0
33.0,3.0,4.0,5.0,0.0,2.0,3.0,0.0,6.0,0.0,0.0,1.0,3.0,0.0,0.0,0.0,0.0,0.0,1.0,0.0,0.0,2.0,0.0,6.0,0.0,0.0,2.0,0.0,0.0,0.0,0.0,4.0,0.0,0.0,0.0,3.0,1.0,0.0,0.0,0.0,3.0,0.0,0.0,0.0,0.0,0.0,0.0,0.0,0.0,0.0,0.0,3.0,6.0,0.0,0.0,1.0,0.0,0.0,0.0,3.0,0.0,0.0,2.0,2.0,0.0,0.0,1.0,0.0,1.0,0.0,0.0,0.0,0.0,1.0,0.0,0.0,0.0,0.0,0.0,0.0,0.0,0.0,0.0,0.0,0.0,2.0,3.0,0.0,0.0,0.0,1.0,0.0,0.0,0.0,1.0,0.0,0.0,0.0,0.0,0.0,3.0,0.0,0.0,0.0,0.0,0.0,0.0,0.0,0.0,0.0,3.0,0.0,0.0,0.0,0.0,0.0,0.0,0.0,0.0,0.0,0.0,0.0,0.0,0.0,0.0,0.0,0.0,0.0,0.0,0.0,0.0,0.0,0.0,0.0,0.0,0.0,0.0,0.0,0.0,0.0,0.0,0.0,0.0,0.0,0.0,0.0,0.0,0.0,0.0
9.0,5.0,5.0,0.0,1.0,0.0,4.0,1.0,3.0,0.0,0.0,1.0,0.0,0.0,0.0,0.0,0.0,0.0,1.0,0.0,3.0,0.0,0.0,0.0,1.0,1.0,0.0,0.0,0.0,1.0,2.0,1.0,0.0,2.0,0.0,0.0,0.0,0.0,0.0,0.0,0.0,0.0,0.0,0.0,0.0,0.0,0.0,0.0,0.0,0.0,0.0,0.0,0.0,0.0,0.0,0.0,0.0,0.0,0.0,0.0,0.0,0.0,0.0,0.0,2.0,0.0,0.0,0.0,0.0,0.0,0.0,0.0,0.0,0.0,0.0,0.0,0.0,0.0,0.0,0.0,2.0,0.0,0.0,0.0,0.0,0.0,0.0,0.0,0.0,0.0,0.0,2.0,0.0,0.0,0.0,2.0,0.0,0.0,0.0,0.0,0.0,0.0,0.0,0.0,1.0,0.0,0.0,0.0,0.0,0.0,0.0,0.0,0.0,0.0,0.0,2.0,0.0,0.0,0.0,0.0,0.0,0.0,2.0,0.0,0.0,0.0,0.0,0.0,0.0,0.0,0.0,0.0,0.0,2.0,2.0,0.0,0.0,0.0,0.0,1.0,0.0,2.0,0.0,2.0,0.0,1.0,0.0,0.0,0.0
10.035483,5.0039425,3.0118277,1.0039426,2.0,2.0,4.0,2.0,0.015770422,0.0,0.0,1.0,0.0039426056,1.9921148,0.0,0.0,0.0,0.0,0.0039426056,0.0,3.9960575,0.0,0.0,0.0,2.0,1.9960574,0.0,0.0,0.0,1.9960574,0.011827817,0.0039426056,0.0,0.0039426056,0.0,0.0039426056,0.0,0.0,1.0,0.0,0.0039426056,0.0,0.9960574,1.0,0.0,0.0039426056,1.9921148,0.0,0.0,0.0,0.0,0.0039426056,0.0,0.0,0.9960574,0.0,0.0,0.0,0.0,0.0039426056,0.011827817,0.0,0.0,0.0,0.007885211,0.9960574,0.0,1.0,0.0,1.0,0.0,0.9960574,0.0,0.0,0.0,0.9960574,1.0,0.0,0.0,1.0,0.0039426056,0.0039426056,0.0039426056,0.0,0.0,0.0,0.0,0.0,0.0,0.0,0.0,0.0,0.0039426056,0.0,0.0,0.0039426056,0.0,0.0039426056,0.0039426056,0.0,0.0,0.0,0.0,0.0,0.0039426056,0.0,0.0,0.0,0.0,0.0,0.0,0.0,0.0,0.0,0.0,0.0039426056,0.0,0.0,0.0,0.0039426056,0.0,0.0,0.0,0.0,0.0,0.0,0.9960574,0.0039426056,0.0,0.0,0.0,0.0,0.0,0.0,0.0,0.0,0.0,0.0,0.9960574,0.0,0.0,0.0,0.0,0.0,0.0,0.0,0.0,0.0,0.0
45.4,4.1,11.9,6.0,2.0,8.0,4.0,2.0,9.8,2.0,3.0,2.0,4.0,2.0,3.0,1.0,2.0,0.0,0.0,1.0,0.0,4.0,0.0,12.0,0.0,0.0,4.0,0.0,1.0,0.0,0.0,4.0,1.0,0.0,1.0,0.0,6.0,1.0,0.0,0.0,0.0,0.0,0.0,0.0,0.0,0.0,0.0,0.0,2.0,0.0,1.8,0.0,6.0,2.0,0.0,4.0,0.0,1.0,0.0,0.0,0.0,0.0,12.0,6.0,0.0,0.0,1.0,0.0,2.0,0.0,0.0,0.0,0.0,1.0,0.0,0.0,0.0,0.0,0.0,0.0,0.0,0.0,0.0,0.0,0.0,6.0,6.0,0.0,0.0,0.0,1.0,0.0,1.0,1.8,4.0,0.0,0.0,0.0,0.0,0.0,0.0,0.0,0.0,0.0,0.0,0.0,0.0,0.0,0.0,0.0,0.0,0.0,0.0,0.0,0.0,0.0,1.0,0.0,2.0,0.0,0.0,0.0,0.0,0.0,0.0,0.0,0.0,0.0,0.0,0.0,0.0,0.0,0.0,0.0,0.0,0.0,0.0,0.9,0.0,0.0,0.0,0.0,0.0,0.0,0.0,0.0,0.0,0.0,0.0
12.086957,4.2608695,3.5217392,1.2608696,2.2608695,2.5217392,3.0,2.2608695,0.0,0.13043478,0.39130434,1.0,0.0,2.2608695,0.26086956,0.39130434,0.5217391,0.13043478,0.0,0.26086956,3.0,0.0,0.26086956,0.0,2.0,1.0,0.0,0.26086956,0.26086956,1.0,0.0,0.0,0.26086956,0.0,0.13043478,0.0,0.0,0.26086956,1.0,0.26086956,0.0,0.26086956,1.0,1.0,0.26086956,0.0,1.0,0.13043478,0.0,0.26086956,0.0,0.0,0.0,0.13043478,1.0,0.0,0.39130434,0.0,0.13043478,0.0,0.0,0.26086956,0.0,0.0,0.0,1.0,0.0,1.0,0.0,1.0,0.13043478,1.0,0.0,0.0,0.13043478,0.8695652,1.0,0.26086956,0.13043478,1.0,0.0,0.0,0.0,0.13043478,0.0,0.0,0.0,0.26086956,0.0,0.13043478,0.0,0.0,0.0,0.0,0.0,0.0,0.0,0.0,0.0,0.13043478,0.0,0.13043478,0.0,0.0,0.0,0.13043478,0.0,0.0,0.0,0.13043478,0.0,0.13043478,0.0,0.26086956,0.0,0.0,0.0,0.13043478,0.0,0.0,0.0,0.0,0.0,0.0,0.0,0.0,0.8695652,0.0,0.0,0.0,0.0,0.0,0.0,0.0,0.0,0.0,0.0,0.0,0.8695652,0.0,0.0,0.0,0.0,0.0,0.0,0.0,0.0,0.0,0.0
45.8,4.2,11.8,6.0,2.0,8.0,4.0,2.0,9.6,2.0,3.0,2.0,4.0,2.0,3.0,1.0,2.0,0.0,0.0,1.0,0.0,4.0,0.0,12.0,0.0,0.0,4.0,0.0,1.0,0.0,0.0,4.0,1.0,0.0,1.0,0.0,6.0,1.0,0.0,0.0,0.0,0.0,0.0,0.0,0.0,0.0,0.0,0.0,2.0,0.0,1.6,0.0,6.0,2.0,0.0,4.0,0.0,1.0,0.0,0.0,0.0,0.0,12.0,6.0,0.0,0.0,1.0,0.0,2.0,0.0,0.0,0.0,0.0,1.0,0.0,0.0,0.0,0.0,0.0,0.0,0.0,0.0,0.0,0.0,0.0,6.0,6.0,0.0,0.0,0.0,1.0,0.0,1.0,1.6,4.0,0.0,0.0,0.0,0.0,0.0,0.0,0.0,0.0,0.0,0.0,0.0,0.0,0.0,0.0,0.0,0.0,0.0,0.0,0.0,0.0,0.0,1.0,0.0,2.0,0.0,0.0,0.0,0.0,0.0,0.0,0.0,0.0,0.0,0.0,0.0,0.0,0.0,0.0,0.0,0.0,0.0,0.0,0.8,0.0,0.0,0.0,0.0,0.0,0.0,0.0,0.0,0.0,0.0,0.0
30.0,8.0,4.0,4.0,2.0,3.0,9.0,1.0,0.0,0.0,0.0,4.0,3.0,1.0,0.0,0.0,0.0,0.0,1.0,0.0,5.0,2.0,0.0,0.0,5.0,2.0,0.0,0.0,0.0,1.0,0.0,0.0,0.0,1.0,0.0,2.0,0.0,0.0,1.0,0.0,2.0,0.0,0.0,1.0,0.0,1.0,1.0,0.0,0.0,0.0,0.0,1.0,0.0,0.0,1.0,0.0,0.0,0.0,0.0,1.0,0.0,0.0,0.0,0.0,2.0,1.0,0.0,2.0,0.0,4.0,0.0,1.0,0.0,0.0,0.0,0.0,1.0,0.0,0.0,1.0,0.0,1.0,2.0,0.0,0.0,0.0,0.0,0.0,0.0,0.0,0.0,0.0,1.0,0.0,0.0,0.0,2.0,0.0,2.0,0.0,0.0,0.0,0.0,0.0,0.0,0.0,0.0,0.0,0.0,0.0,0.0,0.0,1.0,0.0,0.0,0.0,0.0,0.0,0.0,2.0,0.0,0.0,0.0,1.0,0.0,1.0,0.0,0.0,0.0,0.0,2.0,2.0,0.0,0.0,0.0,0.0,0.0,0.0,0.0,0.0,1.0,0.0,0.0,0.0,0.0,0.0,0.0,0.0,0.0
38.0,8.0,12.0,4.0,1.0,4.0,8.0,1.0,14.0,2.0,6.0,2.0,2.0,0.0,2.0,6.0,4.0,2.0,1.0,0.0,5.0,1.0,4.0,6.0,2.0,1.0,2.0,0.0,2.0,1.0,1.0,8.0,0.0,3.0,0.0,0.0,1.0,0.0,1.0,2.0,0.0,2.0,0.0,1.0,0.0,0.0,0.0,2.0,0.0,2.0,3.0,0.0,6.0,0.0,0.0,1.0,0.0,0.0,0.0,0.0,1.0,0.0,2.0,2.0,0.0,0.0,2.0,0.0,0.0,0.0,2.0,0.0,0.0,1.0,0.0,0.0,0.0,0.0,2.0,0.0,13.0,2.0,0.0,2.0,0.0,2.0,3.0,0.0,0.0,2.0,1.0,6.0,0.0,0.0,0.0,4.0,0.0,3.0,0.0,0.0,0.0,0.0,0.0,0.0,0.0,0.0,0.0,0.0,0.0,2.0,0.0,0.0,0.0,0.0,0.0,1.0,0.0,2.0,0.0,0.0,0.0,0.0,3.0,0.0,0.0,0.0,0.0,1.0,0.0,0.0,0.0,0.0,0.0,6.0,3.0,0.0,0.0,0.0,0.0,12.0,0.0,0.0,0.0,0.0,0.0,3.0,0.0,0.0,0.0
4.136,0.426,2.142,0.142,0.0,0.284,0.284,0.0,1.0,0.858,0.0,0.0,0.0,0.0,0.0,0.0,0.0,0.0,0.142,0.0,0.0,0.0,0.0,0.142,0.0,0.0,0.0,0.0,0.0,0.0,0.0,0.0,0.0,0.284,0.0,0.0,0.0,0.0,0.0,0.0,0.0,0.0,0.142,0.0,0.0,0.0,0.0,0.0,0.0,0.0,0.0,0.0,0.0,0.0,0.0,0.0,0.0,0.0,0.0,0.0,0.0,0.0,0.0,0.0,0.284,0.0,0.0,0.0,0.0,0.0,0.0,0.0,0.0,0.0,0.0,0.0,0.0,0.0,0.0,0.0,0.0,0.0,0.0,0.0,0.0,0.0,0.0,0.0,0.0,0.0,0.0,0.284,0.0,0.0,0.0,0.0,0.0,0.0,0.0,0.0,0.0,0.0,0.0,0.0,0.0,0.0,0.0,0.0,0.0,0.0,0.0,0.0,0.0,0.0,0.0,0.0,0.0,0.0,0.0,0.0,0.0,0.0,0.0,0.0,0.0,0.0,0.0,0.0,0.0,0.0,0.0,0.0,0.0,0.0,0.0,0.0,0.0,0.0,0.0,0.0,0.0,0.284,0.0,0.0,0.0,0.0,0.0,0.0,0.0
6.259461,1.0370659,5.1111975,0.024710558,1.0123553,0.024710558,0.012355279,1.0123553,4.098842,1.0123553,1.0247105,0.0,0.012355279,0.0,1.0247105,0.012355279,0.024710558,0.0,0.012355279,0.012355279,0.0,0.0,0.0,0.0,0.0,0.0,0.0,0.0,0.0,0.0,1.0247105,0.012355279,0.0,0.012355279,0.012355279,0.012355279,0.0,0.012355279,0.0,0.0,0.012355279,0.0,0.0,0.0,0.0,0.012355279,0.0,0.0,1.0247105,0.0,2.049421,0.012355279,0.0,0.0,0.0,0.0,0.0,0.024710558,0.0,0.012355279,1.0247105,0.0,0.0,0.0,0.024710558,0.0,0.0,0.0,0.0,0.0,0.0,0.0,0.012355279,0.0,0.0,0.0,0.0,0.0,0.0,0.0,0.0,0.012355279,0.012355279,0.0,0.0,0.0,0.0,0.0,0.0,0.0,0.0,0.0,0.012355279,1.0123553,0.0,0.0,0.0,0.012355279,0.012355279,0.0,0.0,0.0,0.0,0.0,0.012355279,0.0,0.0,0.0,0.0,0.0,0.0,0.0,0.0,0.0,0.0,0.0,0.0,0.0,0.0,0.012355279,0.0,0.0,0.0,0.0,0.0,0.0,0.0,0.0,0.0,0.0,0.0,0.0,0.012355279,0.0,0.0,0.024710558,0.98764473,0.0,0.0,0.0,0.0,0.0,0.012355279,0.0,0.0,0.0,0.0,0.0,0.0
3.77,0.231,2.231,0.077,0.0,0.154,0.154,0.0,1.0,0.923,0.0,0.0,0.0,0.0,0.0,0.0,0.0,0.0,0.077,0.0,0.154,0.0,0.0,0.077,0.0,0.0,0.0,0.0,0.0,0.0,0.0,0.0,0.0,0.154,0.0,0.0,0.0,0.0,0.0,0.0,0.0,0.0,0.077,0.0,0.0,0.0,0.0,0.0,0.0,0.0,0.0,0.0,0.0,0.0,0.0,0.0,0.0,0.0,0.0,0.0,0.0,0.0,0.0,0.0,0.154,0.0,0.0,0.0,0.0,0.0,0.0,0.0,0.0,0.0,0.0,0.0,0.0,0.0,0.0,0.0,0.0,0.0,0.0,0.0,0.0,0.0,0.0,0.0,0.0,0.0,0.0,0.154,0.0,0.0,0.0,0.0,0.0,0.0,0.0,0.0,0.0,0.0,0.0,0.0,0.0,0.0,0.0,0.0,0.0,0.0,0.0,0.0,0.0,0.0,0.0,0.0,0.0,0.0,0.0,0.0,0.0,0.0,0.154,0.0,0.0,0.0,0.0,0.0,0.0,0.0,0.0,0.0,0.0,0.154,0.154,0.0,0.0,0.0,0.0,0.0,0.0,0.154,0.0,0.154,0.0,0.0,0.0,0.0,0.0
15.0,4.0,2.5,2.0,1.0,2.0,3.5,1.0,0.0,0.0,0.0,1.0,1.0,1.0,0.0,0.0,0.0,0.0,0.5,0.0,2.5,0.5,0.0,0.0,1.5,0.5,0.0,0.0,0.0,0.5,0.0,0.0,0.0,0.5,0.0,1.0,0.0,0.0,0.5,0.0,1.0,0.0,0.5,0.5,0.0,0.5,0.5,0.0,0.0,0.0,0.0,0.5,0.0,0.0,0.5,0.0,0.0,0.0,0.0,0.5,0.0,0.0,0.0,0.0,1.0,0.5,0.0,1.0,0.0,1.0,0.0,0.5,0.0,0.0,0.0,0.5,0.5,0.0,0.0,0.5,0.0,0.5,1.0,0.0,0.0,0.0,0.0,0.0,0.0,0.0,0.0,0.0,0.5,0.0,0.0,0.0,0.5,0.0,1.0,0.0,0.0,0.0,0.0,0.0,0.0,0.0,0.0,0.0,0.0,0.0,0.0,0.0,0.0,0.0,0.0,0.0,0.0,0.0,0.0,1.0,0.0,0.0,0.0,0.5,0.0,0.0,0.5,0.0,0.0,0.0,0.5,0.0,0.0,0.0,0.0,0.0,0.0,0.0,0.5,0.0,0.0,0.0,0.0,0.0,0.0,0.0,0.0,0.0,0.0
11.272727,4.0,3.1818182,1.1818181,2.0,2.1818182,3.0,2.0,0.0,0.36363637,0.0,1.0,0.0,2.0,0.0,0.0,0.0,0.0,0.0,0.0,3.0,0.0,0.0,0.0,2.0,1.0,0.0,0.0,0.0,1.0,0.0,0.0,0.0,0.0,0.0,0.0,0.0,0.0,1.0,0.09090909,0.0,0.0,0.90909094,1.0,0.0,0.0,1.0,0.0,0.0,0.0,0.0,0.0,0.0,0.0,1.0,0.0,0.0,0.0,0.0,0.0,0.0,0.0,0.0,0.0,0.0,1.0,0.0,1.0,0.0,1.0,0.0,1.0,0.0,0.0,0.0,0.90909094,1.0,0.0,0.0,1.0,0.0,0.0,0.0,0.0,0.0,0.0,0.0,0.0,0.0,0.0,0.0,0.0,0.0,0.0,0.0,0.0,0.0,0.0,0.0,0.0,0.0,0.0,0.0,0.0,0.0,0.0,0.0,0.0,0.0,0.0,0.0,0.0,0.0,0.0,0.0,0.0,0.0,0.0,0.0,0.0,0.0,0.0,0.0,0.0,0.0,0.0,0.90909094,0.0,0.0,0.0,0.0,0.0,0.0,0.0,0.0,0.0,0.0,0.0,0.90909094,0.0,0.0,0.0,0.0,0.0,0.0,0.0,0.0,0.0,0.0
12.666667,4.3333335,3.6666667,1.3333334,2.3333333,2.6666667,3.0,2.3333333,0.0,0.16666667,0.5,1.0,0.0,2.3333333,0.33333334,0.5,0.6666667,0.16666667,0.0,0.33333334,3.0,0.0,0.33333334,0.0,2.0,1.0,0.0,0.33333334,0.33333334,1.0,0.0,0.0,0.33333334,0.0,0.16666667,0.0,0.0,0.33333334,1.0,0.33333334,0.0,0.33333334,1.0,1.0,0.33333334,0.0,1.0,0.16666667,0.0,0.33333334,0.0,0.0,0.0,0.16666667,1.0,0.0,0.5,0.0,0.16666667,0.0,0.0,0.33333334,0.0,0.0,0.0,1.0,0.0,1.0,0.0,1.0,0.16666667,1.0,0.0,0.0,0.16666667,0.8333333,1.0,0.33333334,0.16666667,1.0,0.0,0.0,0.0,0.16666667,0.0,0.0,0.0,0.33333334,0.0,0.16666667,0.0,0.0,0.0,0.0,0.0,0.0,0.0,0.0,0.0,0.16666667,0.0,0.16666667,0.0,0.0,0.0,0.16666667,0.0,0.0,0.0,0.16666667,0.0,0.16666667,0.0,0.33333334,0.0,0.0,0.0,0.16666667,0.0,0.0,0.0,0.0,0.0,0.0,0.0,0.0,0.8333333,0.0,0.0,0.0,0.0,0.0,0.0,0.0,0.0,0.0,0.0,0.0,0.8333333,0.0,0.0,0.0,0.0,0.0,0.0,0.0,0.0,0.0,0.0
6.0,0.0,0.0,1.0,0.0,0.0,0.0,0.0,0.0,0.0,0.0,0.0,0.0,0.0,0.0,0.0,0.0,0.0,0.0,0.0,0.0,0.0,0.0,0.0,0.0,0.0,0.0,0.0,0.0,0.0,0.0,0.0,0.0,0.0,0.0,0.0,0.0,0.0,0.0,0.0,0.0,0.0,0.0,0.0,0.0,0.0,0.0,0.0,0.0,0.0,0.0,0.0,0.0,0.0,0.0,0.0,0.0,0.0,0.0,0.0,0.0,0.0,0.0,0.0,0.0,0.0,0.0,0.0,0.0,0.0,0.0,0.0,0.0,0.0,0.0,0.0,0.0,0.0,0.0,0.0,0.0,0.0,0.0,0.0,0.0,0.0,0.0,0.0,0.0,0.0,0.0,0.0,0.0,0.0,0.0,0.0,0.0,0.0,0.0,0.0,0.0,0.0,1.0,0.0,0.0,0.0,0.0,0.0,0.0,0.0,0.0,0.0,0.0,0.0,0.0,0.0,0.0,0.0,0.0,0.0,0.0,0.0,0.0,0.0,0.0,0.0,0.0,0.0,0.0,0.0,0.0,0.0,0.0,0.0,0.0,0.0,0.0,0.0,0.0,0.0,0.0,0.0,0.0,0.0,0.0,0.0,0.0,0.0,0.0
36.0,7.0,6.0,4.0,6.0,0.0,0.0,2.0,4.0,4.0,5.0,0.0,0.0,0.0,5.0,1.0,1.0,2.0,1.0,1.0,0.0,0.0,1.0,0.0,0.0,0.0,0.0,1.0,0.0,0.0,2.0,0.0,0.0,0.0,0.0,3.0,0.0,0.0,0.0,0.0,3.0,0.0,0.0,0.0,0.0,0.0,0.0,0.0,3.0,0.0,0.0,3.0,0.0,0.0,0.0,0.0,0.0,1.0,0.0,3.0,2.0,0.0,0.0,0.0,0.0,0.0,0.0,0.0,0.0,0.0,0.0,0.0,1.0,0.0,0.0,0.0,0.0,0.0,0.0,0.0,0.0,0.0,0.0,0.0,0.0,0.0,0.0,0.0,0.0,0.0,0.0,0.0,0.0,0.0,0.0,0.0,0.0,0.0,0.0,0.0,3.0,0.0,0.0,0.0,0.0,0.0,0.0,0.0,0.0,0.0,3.0,0.0,0.0,0.0,0.0,0.0,0.0,0.0,0.0,0.0,0.0,0.0,0.0,0.0,0.0,0.0,0.0,0.0,0.0,0.0,0.0,0.0,0.0,0.0,0.0,0.0,0.0,0.0,0.0,0.0,0.0,0.0,0.0,0.0,0.0,0.0,0.0,0.0,0.0
42.0,7.0,10.0,6.0,4.0,10.0,5.0,4.0,6.0,1.0,2.0,2.0,2.0,4.0,4.0,1.0,4.0,0.0,0.0,1.0,5.0,1.0,0.0,12.0,5.0,2.0,2.0,0.0,4.0,2.0,0.0,2.0,1.0,0.0,3.0,0.0,6.0,3.0,3.0,0.0,0.0,0.0,2.0,3.0,0.0,0.0,5.0,0.0,0.0,0.0,0.0,0.0,4.0,2.0,2.0,1.0,0.0,0.0,0.0,0.0,0.0,2.0,6.0,4.0,0.0,4.0,0.0,0.0,0.0,0.0,0.0,2.0,0.0,1.0,0.0,0.0,0.0,1.0,0.0,0.0,0.0,0.0,0.0,0.0,0.0,0.0,2.0,0.0,0.0,0.0,0.0,0.0,0.0,0.0,0.0,0.0,1.0,0.0,0.0,0.0,0.0,0.0,0.0,0.0,0.0,0.0,0.0,0.0,0.0,0.0,0.0,0.0,0.0,0.0,0.0,0.0,2.0,0.0,0.0,0.0,1.0,0.0,0.0,0.0,0.0,0.0,0.0,0.0,0.0,0.0,0.0,0.0,0.0,0.0,0.0,0.0,0.0,0.0,0.0,0.0,0.0,0.0,0.0,0.0,0.0,0.0,0.0,0.0,0.0
36.0,4.0,7.0,5.0,2.0,5.0,3.0,2.0,6.0,2.0,4.0,1.0,3.0,2.0,4.0,2.0,4.0,0.0,0.0,2.0,0.0,2.0,0.0,9.0,0.0,0.0,3.0,0.0,2.0,0.0,0.0,4.0,2.0,0.0,2.0,0.0,3.0,2.0,0.0,0.0,0.0,0.0,0.0,0.0,0.0,0.0,0.0,0.0,0.0,0.0,0.0,0.0,6.0,0.0,0.0,2.0,0.0,0.0,0.0,0.0,0.0,0.0,6.0,4.0,0.0,0.0,1.0,0.0,1.0,0.0,0.0,0.0,0.0,1.0,0.0,0.0,0.0,0.0,0.0,0.0,0.0,0.0,0.0,0.0,0.0,4.0,3.0,0.0,0.0,0.0,1.0,0.0,0.0,0.0,2.0,0.0,0.0,0.0,0.0,0.0,0.0,0.0,0.0,0.0,0.0,0.0,0.0,0.0,0.0,0.0,0.0,0.0,0.0,0.0,0.0,0.0,2.0,0.0,1.0,0.0,0.0,0.0,0.0,0.0,0.0,0.0,0.0,0.0,0.0,0.0,0.0,0.0,0.0,0.0,0.0,0.0,0.0,0.0,0.0,0.0,0.0,0.0,0.0,0.0,0.0,0.0,0.0,0.0,0.0
22.0,6.0,4.0,3.0,0.0,4.0,3.0,0.0,0.0,0.0,0.0,0.0,3.0,0.0,0.0,0.0,0.0,0.0,1.0,0.0,0.0,0.0,0.0,0.0,0.0,0.0,0.0,0.0,0.0,0.0,0.0,0.0,0.0,2.0,0.0,0.0,0.0,0.0,0.0,2.0,0.0,0.0,0.0,0.0,0.0,2.0,0.0,0.0,0.0,0.0,0.0,0.0,0.0,0.0,0.0,0.0,0.0,0.0,0.0,0.0,0.0,0.0,0.0,0.0,0.0,0.0,0.0,0.0,0.0,0.0,0.0,0.0,0.0,0.0,0.0,0.0,0.0,0.0,0.0,0.0,0.0,4.0,0.0,0.0,0.0,0.0,0.0,0.0,0.0,0.0,0.0,2.0,0.0,0.0,0.0,0.0,0.0,0.0,0.0,0.0,0.0,0.0,1.0,0.0,0.0,0.0,0.0,0.0,0.0,0.0,0.0,0.0,0.0,0.0,2.0,0.0,0.0,0.0,0.0,0.0,0.0,0.0,0.0,0.0,0.0,0.0,0.0,0.0,0.0,0.0,0.0,0.0,0.0,0.0,0.0,0.0,0.0,0.0,0.0,0.0,0.0,0.0,0.0,0.0,0.0,0.0,0.0,0.0,0.0
16.0,3.0,4.0,2.0,1.0,2.0,3.0,0.0,6.0,0.0,0.0,1.0,2.0,0.0,0.0,0.0,0.0,0.0,0.0,0.0,0.0,1.0,0.0,6.0,0.0,1.0,2.0,0.0,0.0,0.0,0.0,4.0,0.0,0.0,0.0,0.0,1.0,0.0,0.0,0.0,0.0,0.0,0.0,0.0,0.0,0.0,0.0,0.0,0.0,0.0,0.0,0.0,6.0,0.0,0.0,1.0,0.0,0.0,0.0,0.0,0.0,0.0,2.0,2.0,0.0,0.0,1.0,0.0,0.0,0.0,0.0,0.0,0.0,1.0,0.0,0.0,0.0,0.0,0.0,0.0,0.0,0.0,0.0,0.0,0.0,2.0,3.0,0.0,0.0,0.0,1.0,0.0,0.0,0.0,0.0,0.0,0.0,0.0,0.0,0.0,0.0,0.0,0.0,0.0,0.0,0.0,0.0,0.0,0.0,0.0,0.0,0.0,0.0,0.0,0.0,0.0,0.0,0.0,0.0,0.0,1.0,0.0,0.0,0.0,0.0,0.0,0.0,0.0,0.0,0.0,0.0,0.0,0.0,0.0,0.0,0.0,0.0,0.0,0.0,0.0,0.0,0.0,0.0,0.0,0.0,0.0,0.0,0.0,6.0
13.0,5.0,0.0,2.0,1.0,0.0,3.0,0.0,0.0,0.0,0.0,1.0,2.0,0.0,0.0,0.0,0.0,0.0,0.0,0.0,0.0,1.0,0.0,0.0,0.0,1.0,0.0,0.0,0.0,0.0,0.0,0.0,0.0,0.0,0.0,0.0,0.0,0.0,0.0,0.0,0.0,0.0,0.0,0.0,0.0,0.0,0.0,0.0,0.0,0.0,0.0,0.0,0.0,0.0,0.0,0.0,0.0,0.0,0.0,0.0,0.0,0.0,0.0,0.0,0.0,0.0,0.0,0.0,0.0,0.0,0.0,0.0,0.0,0.0,0.0,0.0,0.0,0.0,0.0,0.0,0.0,0.0,0.0,0.0,0.0,0.0,0.0,0.0,0.0,0.0,0.0,0.0,0.0,0.0,0.0,0.0,0.0,0.0,0.0,0.0,0.0,0.0,1.0,0.0,0.0,0.0,0.0,0.0,0.0,0.0,0.0,0.0,0.0,0.0,0.0,0.0,0.0,0.0,0.0,0.0,1.0,0.0,0.0,0.0,0.0,0.0,0.0,0.0,0.0,0.0,0.0,0.0,0.0,0.0,0.0,0.0,0.0,0.0,0.0,0.0,0.0,0.0,0.0,0.0,0.0,0.0,0.0,0.0,0.0
47.0,9.0,15.0,5.0,8.0,6.0,0.0,7.0,9.0,4.0,11.0,0.0,0.0,6.0,9.0,10.0,15.0,2.0,1.0,6.0,0.0,0.0,4.0,0.0,0.0,0.0,0.0,4.0,5.0,0.0,2.0,1.0,5.0,0.0,3.0,3.0,0.0,11.0,0.0,2.0,3.0,4.0,2.0,0.0,4.0,0.0,0.0,3.0,4.0,6.0,7.0,3.0,0.0,2.0,0.0,0.0,4.0,6.0,3.0,3.0,2.0,4.0,0.0,0.0,0.0,0.0,0.0,0.0,0.0,0.0,3.0,0.0,4.0,0.0,3.0,2.0,0.0,4.0,3.0,0.0,0.0,0.0,0.0,2.0,0.0,0.0,0.0,4.0,6.0,2.0,0.0,0.0,0.0,4.0,0.0,0.0,0.0,2.0,0.0,3.0,3.0,2.0,0.0,0.0,1.0,2.0,0.0,0.0,0.0,2.0,3.0,2.0,0.0,4.0,0.0,0.0,1.0,2.0,0.0,0.0,0.0,2.0,0.0,0.0,0.0,0.0,0.0,0.0,0.0,2.0,0.0,0.0,0.0,0.0,0.0,0.0,0.0,0.0,0.0,0.0,0.0,0.0,0.0,0.0,0.0,0.0,0.0,0.0,0.0
25.0,6.0,4.0,3.0,1.0,2.0,6.0,2.0,1.0,1.0,1.0,2.0,4.0,0.0,0.0,0.0,0.0,1.0,1.0,0.0,0.0,2.0,0.0,0.0,0.0,0.0,2.0,0.0,0.0,0.0,0.0,0.0,0.0,1.0,0.0,0.0,0.0,0.0,0.0,0.0,0.0,0.0,0.0,0.0,0.0,1.0,0.0,0.0,0.0,0.0,0.0,0.0,0.0,0.0,0.0,0.0,0.0,0.0,0.0,0.0,0.0,0.0,0.0,0.0,0.0,0.0,0.0,0.0,0.0,0.0,0.0,0.0,0.0,0.0,0.0,0.0,0.0,0.0,0.0,0.0,0.0,0.0,0.0,0.0,0.0,0.0,0.0,0.0,0.0,0.0,0.0,0.0,0.0,0.0,0.0,0.0,0.0,0.0,0.0,0.0,0.0,0.0,0.0,2.0,0.0,0.0,1.0,0.0,0.0,0.0,0.0,0.0,0.0,0.0,0.0,0.0,0.0,0.0,0.0,0.0,0.0,0.0,0.0,0.0,4.0,0.0,0.0,0.0,1.0,0.0,0.0,0.0,0.0,0.0,0.0,0.0,0.0,0.0,0.0,0.0,0.0,0.0,0.0,0.0,0.0,0.0,0.0,0.0,0.0
28.0,6.0,8.0,3.0,1.0,2.0,6.0,2.0,6.0,1.0,1.0,2.0,4.0,0.0,0.0,0.0,0.0,1.0,1.0,0.0,0.0,2.0,0.0,0.0,0.0,0.0,2.0,0.0,0.0,0.0,2.0,0.0,0.0,1.0,0.0,0.0,0.0,0.0,0.0,0.0,0.0,0.0,0.0,0.0,0.0,1.0,0.0,0.0,0.0,0.0,6.0,0.0,0.0,0.0,0.0,0.0,0.0,0.0,0.0,0.0,2.0,0.0,0.0,0.0,0.0,0.0,0.0,0.0,0.0,0.0,0.0,0.0,0.0,0.0,0.0,0.0,0.0,0.0,0.0,0.0,0.0,0.0,0.0,0.0,0.0,0.0,0.0,0.0,0.0,0.0,0.0,0.0,0.0,0.0,0.0,0.0,0.0,0.0,0.0,0.0,0.0,0.0,0.0,2.0,0.0,0.0,1.0,0.0,0.0,0.0,0.0,0.0,0.0,0.0,0.0,0.0,0.0,0.0,0.0,0.0,0.0,0.0,0.0,0.0,6.0,0.0,0.0,0.0,1.0,0.0,0.0,0.0,0.0,0.0,0.0,0.0,0.0,0.0,0.0,0.0,0.0,0.0,0.0,0.0,0.0,0.0,0.0,1.0,0.0
23.0,7.0,4.0,3.0,0.0,4.0,5.0,0.0,0.0,0.0,0.0,1.0,4.0,0.0,0.0,0.0,0.0,0.0,1.0,0.0,0.0,1.0,0.0,0.0,0.0,0.0,0.0,0.0,0.0,0.0,0.0,0.0,0.0,2.0,0.0,0.0,0.0,0.0,0.0,2.0,0.0,0.0,0.0,0.0,0.0,2.0,0.0,0.0,0.0,0.0,0.0,0.0,0.0,0.0,0.0,0.0,0.0,0.0,0.0,0.0,0.0,0.0,0.0,0.0,0.0,0.0,0.0,0.0,0.0,0.0,0.0,0.0,0.0,0.0,0.0,0.0,0.0,0.0,0.0,0.0,0.0,4.0,0.0,0.0,0.0,0.0,0.0,0.0,0.0,0.0,0.0,2.0,0.0,0.0,0.0,0.0,0.0,0.0,0.0,0.0,0.0,0.0,1.0,0.0,0.0,0.0,0.0,0.0,0.0,0.0,0.0,0.0,1.0,0.0,2.0,0.0,0.0,0.0,0.0,0.0,0.0,0.0,0.0,0.0,0.0,0.0,0.0,0.0,0.0,0.0,0.0,0.0,0.0,0.0,0.0,0.0,0.0,0.0,0.0,0.0,0.0,0.0,0.0,0.0,0.0,0.0,0.0,0.0,0.0
10.060963,5.0067735,3.020321,1.0067736,2.0,2.0,4.0,2.0,0.027094599,0.0,0.0,1.0,0.0067736497,1.9864527,0.0,0.0,0.0,0.0,0.0067736497,0.0,3.9932263,0.0,0.0,0.0,2.0,1.9932264,0.0,0.0,0.0,1.9932264,0.020320948,0.0067736497,0.0,0.0067736497,0.0,0.0067736497,0.0,0.0,1.0,0.0,0.0067736497,0.0,0.99322635,1.0,0.0,0.0067736497,1.9864527,0.0,0.0,0.0,0.0,0.0067736497,0.0,0.0,0.99322635,0.0,0.0,0.0,0.0,0.0067736497,0.020320948,0.0,0.0,0.0,0.013547299,0.99322635,0.0,1.0,0.0,1.0,0.0,0.99322635,0.0,0.0,0.0,0.99322635,1.0,0.0,0.0,1.0,0.0067736497,0.0067736497,0.0067736497,0.0,0.0,0.0,0.0,0.0,0.0,0.0,0.0,0.0,0.0067736497,0.0,0.0,0.0067736497,0.0,0.0067736497,0.0067736497,0.0,0.0,0.0,0.0,0.0,0.0067736497,0.0,0.0,0.0,0.0,0.0,0.0,0.0,0.0,0.0,0.0,0.0067736497,0.0,0.0,0.0,0.0067736497,0.0,0.0,0.0,0.0,0.0,0.0,0.99322635,0.0067736497,0.0,0.0,0.0,0.0,0.0,0.0,0.0,0.0,0.0,0.0,0.99322635,0.0,0.0,0.0,0.0,0.0,0.0,0.0,0.0,0.0,0.0
10.711,4.158,3.237,1.079,2.0,2.0,3.079,2.0,0.316,0.0,0.0,1.0,0.079,1.842,0.0,0.0,0.0,0.0,0.079,0.0,3.0,0.0,0.0,0.0,2.0,1.0,0.0,0.0,0.0,1.0,0.237,0.079,0.0,0.079,0.0,0.079,0.0,0.0,1.0,0.0,0.079,0.0,0.921,1.0,0.0,0.079,0.921,0.0,0.0,0.0,0.0,0.079,0.0,0.0,0.921,0.0,0.0,0.0,0.0,0.079,0.237,0.0,0.0,0.0,0.158,0.921,0.0,1.0,0.0,1.0,0.0,0.921,0.0,0.0,0.0,0.921,1.0,0.0,0.0,1.0,0.079,0.079,0.079,0.0,0.0,0.0,0.0,0.0,0.0,0.0,0.0,0.0,0.079,0.0,0.0,0.079,0.0,0.079,0.079,0.0,0.0,0.0,0.0,0.0,0.079,0.0,0.0,0.0,0.0,0.0,0.0,0.0,0.0,0.0,0.0,0.079,0.0,0.0,0.0,0.079,0.0,0.0,0.0,0.0,0.0,0.0,0.921,0.079,0.0,0.0,0.0,0.0,0.0,0.0,0.0,0.0,0.0,0.0,0.921,0.0,0.0,0.0,0.0,0.0,0.0,0.0,0.0,0.0,0.0
10.722352,4.1605225,3.240784,1.0802613,2.0,2.0,3.0802612,2.0,0.32104522,0.0,0.0,1.0,0.080261305,1.8394774,0.0,0.0,0.0,0.0,0.080261305,0.0,3.0,0.0,0.0,0.0,2.0,1.0,0.0,0.0,0.0,1.0,0.2407839,0.080261305,0.0,0.080261305,0.0,0.080261305,0.0,0.0,1.0,0.0,0.080261305,0.0,0.9197387,1.0,0.0,0.080261305,0.9197387,0.0,0.0,0.0,0.0,0.080261305,0.0,0.0,0.9197387,0.0,0.0,0.0,0.0,0.080261305,0.2407839,0.0,0.0,0.0,0.16052261,0.9197387,0.0,1.0,0.0,1.0,0.0,0.9197387,0.0,0.0,0.0,0.9197387,1.0,0.0,0.0,1.0,0.080261305,0.080261305,0.080261305,0.0,0.0,0.0,0.0,0.0,0.0,0.0,0.0,0.0,0.080261305,0.0,0.0,0.080261305,0.0,0.080261305,0.080261305,0.0,0.0,0.0,0.0,0.0,0.080261305,0.0,0.0,0.0,0.0,0.0,0.0,0.0,0.0,0.0,0.0,0.080261305,0.0,0.0,0.0,0.080261305,0.0,0.0,0.0,0.0,0.0,0.0,0.9197387,0.080261305,0.0,0.0,0.0,0.0,0.0,0.0,0.0,0.0,0.0,0.0,0.9197387,0.0,0.0,0.0,0.0,0.0,0.0,0.0,0.0,0.0,0.0
30.0,8.0,4.0,4.0,2.0,2.0,11.0,2.0,0.0,0.0,0.0,5.0,6.0,2.0,0.0,0.0,0.0,0.0,0.0,0.0,5.0,6.0,0.0,0.0,4.0,1.0,0.0,0.0,0.0,1.0,0.0,0.0,0.0,0.0,0.0,0.0,0.0,0.0,1.0,0.0,0.0,0.0,1.0,1.0,0.0,0.0,1.0,0.0,0.0,0.0,0.0,0.0,0.0,0.0,1.0,0.0,0.0,0.0,0.0,0.0,0.0,0.0,0.0,0.0,0.0,1.0,0.0,2.0,2.0,3.0,0.0,1.0,0.0,0.0,0.0,1.0,1.0,0.0,0.0,1.0,0.0,0.0,0.0,0.0,0.0,0.0,0.0,0.0,0.0,0.0,0.0,0.0,0.0,0.0,0.0,0.0,2.0,0.0,0.0,0.0,0.0,0.0,0.0,0.0,0.0,0.0,0.0,0.0,0.0,0.0,0.0,0.0,3.0,0.0,0.0,0.0,0.0,0.0,0.0,0.0,0.0,0.0,0.0,0.0,0.0,3.0,1.0,0.0,0.0,0.0,2.0,2.0,0.0,0.0,0.0,0.0,0.0,0.0,1.0,0.0,1.0,0.0,0.0,0.0,0.0,0.0,0.0,0.0,0.0
23.0,3.0,5.0,3.0,2.0,2.0,2.0,3.0,2.0,1.0,2.0,1.0,1.0,1.0,1.0,1.0,1.0,1.0,0.0,1.0,0.0,1.0,1.0,1.0,0.0,0.0,0.0,1.0,0.0,0.0,1.0,0.0,0.0,0.0,0.0,0.0,0.0,0.0,0.0,0.0,0.0,0.0,0.0,0.0,0.0,0.0,0.0,0.0,1.0,0.0,0.0,0.0,0.0,0.0,0.0,0.0,0.0,1.0,0.0,0.0,0.0,0.0,0.0,0.0,0.0,0.0,0.0,0.0,0.0,0.0,0.0,0.0,1.0,0.0,0.0,0.0,0.0,0.0,0.0,0.0,0.0,0.0,0.0,0.0,1.0,0.0,0.0,0.0,0.0,0.0,0.0,0.0,0.0,0.0,0.0,0.0,0.0,0.0,0.0,0.0,0.0,0.0,0.0,0.0,0.0,0.0,0.0,1.0,1.0,0.0,0.0,0.0,0.0,0.0,0.0,0.0,0.0,0.0,0.0,0.0,0.0,0.0,0.0,0.0,2.0,0.0,0.0,0.0,0.0,0.0,0.0,0.0,0.0,0.0,0.0,0.0,0.0,0.0,0.0,0.0,0.0,0.0,0.0,0.0,0.0,0.0,0.0,0.0,0.0
12.666667,4.3333335,3.6666667,1.3333334,2.3333333,2.6666667,3.0,2.3333333,0.0,0.16666667,0.5,1.0,0.0,2.3333333,0.33333334,0.5,0.6666667,0.16666667,0.0,0.33333334,3.0,0.0,0.33333334,0.0,2.0,1.0,0.0,0.33333334,0.33333334,1.0,0.0,0.0,0.33333334,0.0,0.16666667,0.0,0.0,0.33333334,1.0,0.33333334,0.0,0.33333334,1.0,1.0,0.33333334,0.0,1.0,0.16666667,0.0,0.33333334,0.0,0.0,0.0,0.16666667,1.0,0.0,0.5,0.0,0.16666667,0.0,0.0,0.33333334,0.0,0.0,0.0,1.0,0.0,1.0,0.0,1.0,0.16666667,1.0,0.0,0.0,0.16666667,0.8333333,1.0,0.33333334,0.16666667,1.0,0.0,0.0,0.0,0.16666667,0.0,0.0,0.0,0.33333334,0.0,0.16666667,0.0,0.0,0.0,0.0,0.0,0.0,0.0,0.0,0.0,0.16666667,0.0,0.16666667,0.0,0.0,0.0,0.16666667,0.0,0.0,0.0,0.16666667,0.0,0.16666667,0.0,0.33333334,0.0,0.0,0.0,0.16666667,0.0,0.0,0.0,0.0,0.0,0.0,0.0,0.0,0.8333333,0.0,0.0,0.0,0.0,0.0,0.0,0.0,0.0,0.0,0.0,0.0,0.8333333,0.0,0.0,0.0,0.0,0.0,0.0,0.0,0.0,0.0,0.0
17.0,3.0,8.0,1.5,1.0,2.0,3.0,1.0,7.5,0.0,0.0,1.0,1.0,1.0,0.0,0.0,0.0,0.0,0.0,0.0,2.0,1.0,0.0,3.0,1.0,0.0,1.0,0.0,0.0,0.0,0.0,2.0,0.0,0.0,0.0,0.0,0.5,0.0,0.0,0.0,0.0,0.0,0.5,0.0,0.0,0.0,0.0,0.0,0.0,0.0,5.0,0.0,3.0,0.0,0.0,1.0,0.0,0.0,0.0,0.0,0.0,0.0,1.0,1.0,0.0,0.0,0.5,0.0,0.0,0.0,0.0,0.0,0.0,0.5,0.0,0.5,0.0,0.0,0.0,0.0,2.0,0.0,0.0,0.0,0.0,1.0,3.0,0.0,0.0,0.0,0.5,0.0,0.0,0.0,0.0,1.0,1.0,3.0,0.0,0.0,0.0,0.0,0.0,0.0,0.0,0.0,0.0,0.0,0.0,0.0,0.0,0.0,0.0,0.0,0.0,0.0,0.0,0.0,0.0,0.0,0.0,0.0,0.0,0.0,0.0,0.0,0.0,0.0,0.0,0.0,0.0,0.0,0.0,0.0,0.0,0.0,0.0,0.0,0.0,0.0,0.0,0.0,0.0,0.0,0.0,0.0,0.0,0.0,0.0
32.0,6.0,19.0,2.0,2.0,2.0,7.0,2.0,19.0,0.0,0.0,3.0,2.0,0.0,0.0,0.0,0.0,0.0,0.0,0.0,5.0,2.0,0.0,6.0,4.0,1.0,2.0,0.0,0.0,1.0,2.0,4.0,0.0,0.0,0.0,0.0,1.0,0.0,1.0,0.0,0.0,0.0,0.0,1.0,0.0,0.0,0.0,0.0,0.0,0.0,14.0,0.0,6.0,0.0,0.0,2.0,0.0,0.0,0.0,0.0,2.0,0.0,2.0,2.0,0.0,0.0,1.0,0.0,0.0,0.0,0.0,0.0,0.0,1.0,0.0,0.0,0.0,0.0,0.0,0.0,5.0,0.0,0.0,0.0,0.0,2.0,6.0,0.0,0.0,0.0,1.0,0.0,0.0,0.0,0.0,4.0,2.0,6.0,0.0,0.0,0.0,0.0,0.0,0.0,0.0,0.0,0.0,0.0,0.0,0.0,0.0,0.0,0.0,0.0,0.0,1.0,0.0,0.0,0.0,0.0,0.0,0.0,0.0,0.0,0.0,0.0,0.0,1.0,0.0,0.0,0.0,0.0,0.0,0.0,0.0,0.0,0.0,0.0,0.0,0.0,0.0,0.0,0.0,0.0,0.0,0.0,0.0,0.0,0.0
28.0,7.0,5.0,4.0,4.0,6.0,4.0,4.0,0.0,2.0,3.0,1.0,2.0,4.0,1.0,1.0,1.0,2.0,0.0,1.0,2.0,2.0,1.0,0.0,0.0,2.0,0.0,1.0,1.0,2.0,0.0,0.0,1.0,0.0,0.0,0.0,0.0,0.0,0.0,2.0,0.0,1.0,2.0,0.0,1.0,0.0,2.0,0.0,0.0,0.0,0.0,0.0,0.0,2.0,0.0,0.0,2.0,0.0,0.0,0.0,0.0,4.0,0.0,0.0,0.0,0.0,0.0,0.0,1.0,0.0,1.0,0.0,0.0,0.0,1.0,0.0,0.0,1.0,0.0,0.0,0.0,0.0,0.0,1.0,0.0,0.0,0.0,0.0,0.0,0.0,0.0,0.0,1.0,0.0,0.0,0.0,0.0,0.0,0.0,0.0,0.0,2.0,0.0,0.0,0.0,2.0,0.0,0.0,0.0,0.0,0.0,0.0,0.0,1.0,0.0,0.0,0.0,0.0,0.0,0.0,0.0,0.0,0.0,0.0,0.0,0.0,0.0,0.0,0.0,0.0,0.0,0.0,0.0,0.0,0.0,0.0,0.0,0.0,0.0,0.0,0.0,0.0,0.0,0.0,0.0,0.0,0.0,0.0,0.0
10.101964,5.011329,3.033988,1.0113294,2.0,2.0,4.0,2.0,0.04531748,0.0,0.0,1.0,0.01132937,1.9773413,0.0,0.0,0.0,0.0,0.01132937,0.0,3.9886706,0.0,0.0,0.0,2.0,1.9886706,0.0,0.0,0.0,1.9886706,0.033988107,0.01132937,0.0,0.01132937,0.0,0.01132937,0.0,0.0,1.0,0.0,0.01132937,0.0,0.98867065,1.0,0.0,0.01132937,1.9773413,0.0,0.0,0.0,0.0,0.01132937,0.0,0.0,0.98867065,0.0,0.0,0.0,0.0,0.01132937,0.033988107,0.0,0.0,0.0,0.02265874,0.98867065,0.0,1.0,0.0,1.0,0.0,0.98867065,0.0,0.0,0.0,0.98867065,1.0,0.0,0.0,1.0,0.01132937,0.01132937,0.01132937,0.0,0.0,0.0,0.0,0.0,0.0,0.0,0.0,0.0,0.01132937,0.0,0.0,0.01132937,0.0,0.01132937,0.01132937,0.0,0.0,0.0,0.0,0.0,0.01132937,0.0,0.0,0.0,0.0,0.0,0.0,0.0,0.0,0.0,0.0,0.01132937,0.0,0.0,0.0,0.01132937,0.0,0.0,0.0,0.0,0.0,0.0,0.98867065,0.01132937,0.0,0.0,0.0,0.0,0.0,0.0,0.0,0.0,0.0,0.0,0.98867065,0.0,0.0,0.0,0.0,0.0,0.0,0.0,0.0,0.0,0.0
11.35,4.3,3.45,1.15,2.0,2.0,3.15,2.0,0.6,0.0,0.0,1.0,0.15,1.7,0.0,0.0,0.0,0.0,0.15,0.0,3.0,0.0,0.0,0.0,2.0,1.0,0.0,0.0,0.0,1.0,0.45,0.15,0.0,0.15,0.0,0.15,0.0,0.0,1.0,0.0,0.15,0.0,0.85,1.0,0.0,0.15,0.85,0.0,0.0,0.0,0.0,0.15,0.0,0.0,0.85,0.0,0.0,0.0,0.0,0.15,0.45,0.0,0.0,0.0,0.3,0.85,0.0,1.0,0.0,1.0,0.0,0.85,0.0,0.0,0.0,0.85,1.0,0.0,0.0,1.0,0.15,0.15,0.15,0.0,0.0,0.0,0.0,0.0,0.0,0.0,0.0,0.0,0.15,0.0,0.0,0.15,0.0,0.15,0.15,0.0,0.0,0.0,0.0,0.0,0.15,0.0,0.0,0.0,0.0,0.0,0.0,0.0,0.0,0.0,0.0,0.15,0.0,0.0,0.0,0.15,0.0,0.0,0.0,0.0,0.0,0.0,0.85,0.15,0.0,0.0,0.0,0.0,0.0,0.0,0.0,0.0,0.0,0.0,0.85,0.0,0.0,0.0,0.0,0.0,0.0,0.0,0.0,0.0,0.0
11.266805,4.2815123,3.4222682,1.1407561,2.0,2.0,3.1407561,2.0,0.5630243,0.0,0.0,1.0,0.14075607,1.7184879,0.0,0.0,0.0,0.0,0.14075607,0.0,3.0,0.0,0.0,0.0,2.0,1.0,0.0,0.0,0.0,1.0,0.4222682,0.14075607,0.0,0.14075607,0.0,0.14075607,0.0,0.0,1.0,0.0,0.14075607,0.0,0.8592439,1.0,0.0,0.14075607,0.8592439,0.0,0.0,0.0,0.0,0.14075607,0.0,0.0,0.8592439,0.0,0.0,0.0,0.0,0.14075607,0.4222682,0.0,0.0,0.0,0.28151214,0.8592439,0.0,1.0,0.0,1.0,0.0,0.8592439,0.0,0.0,0.0,0.8592439,1.0,0.0,0.0,1.0,0.14075607,0.14075607,0.14075607,0.0,0.0,0.0,0.0,0.0,0.0,0.0,0.0,0.0,0.14075607,0.0,0.0,0.14075607,0.0,0.14075607,0.14075607,0.0,0.0,0.0,0.0,0.0,0.14075607,0.0,0.0,0.0,0.0,0.0,0.0,0.0,0.0,0.0,0.0,0.14075607,0.0,0.0,0.0,0.14075607,0.0,0.0,0.0,0.0,0.0,0.0,0.8592439,0.14075607,0.0,0.0,0.0,0.0,0.0,0.0,0.0,0.0,0.0,0.0,0.8592439,0.0,0.0,0.0,0.0,0.0,0.0,0.0,0.0,0.0,0.0
20.0,4.0,9.0,1.5,2.0,1.75,3.75,2.0,8.25,0.0,0.0,1.75,1.25,0.5,0.0,0.0,0.0,0.0,0.0,0.0,3.25,1.0,0.0,3.75,3.25,1.75,1.25,0.0,0.0,1.75,0.0,4.0,0.0,0.0,0.0,0.0,0.25,0.0,1.5,0.0,0.0,0.0,0.25,1.5,0.0,0.0,0.25,0.0,0.0,0.0,0.0,0.0,3.75,0.0,0.25,1.0,0.0,0.0,0.0,0.0,0.0,0.0,0.5,0.5,0.0,0.0,1.0,0.0,0.0,0.0,0.0,0.0,0.0,0.25,0.0,0.25,0.0,0.0,0.0,0.0,0.75,0.0,0.0,0.0,0.0,0.5,3.0,0.0,0.0,0.0,0.25,0.0,0.0,0.0,0.0,0.75,1.0,2.25,0.0,0.0,0.0,0.0,0.0,0.0,0.0,0.0,0.0,0.0,0.0,0.0,0.0,0.0,0.0,0.0,0.0,0.0,0.0,0.0,0.0,0.0,1.0,0.0,0.0,0.0,3.75,0.0,0.0,0.0,0.0,0.0,0.0,0.0,0.0,0.0,0.0,0.0,0.0,0.0,0.0,0.0,0.0,0.0,0.0,0.0,0.0,0.0,0.0,0.0,0.0
10.1388035,4.0,3.1041028,1.0,1.965299,1.9305981,3.0,1.965299,0.2429066,0.0,0.0,1.0,0.0,1.9305981,0.0,0.0,0.0,0.0,0.03470094,0.0,3.0,0.0,0.0,0.0,2.0,1.0,0.0,0.0,0.0,1.0,0.03470094,0.13880377,0.0,0.0,0.0,0.03470094,0.0,0.0,1.0,0.0,0.03470094,0.0,0.96529907,1.0,0.0,0.0,0.96529907,0.0,0.0,0.0,0.0,0.03470094,0.0,0.0,0.96529907,0.0,0.0,0.0,0.0,0.03470094,0.0,0.0,0.0,0.0,0.0,0.96529907,0.03470094,0.96529907,0.0,0.96529907,0.0,0.96529907,0.0,0.0,0.0,0.96529907,0.96529907,0.0,0.0,0.96529907,0.2429066,0.0,0.0,0.0,0.0,0.0,0.0,0.0,0.0,0.0,0.0,0.0,0.0,0.0,0.0,0.13880377,0.0,0.0,0.0,0.0,0.0,0.0,0.0,0.0,0.0,0.0,0.0,0.0,0.0,0.0,0.0,0.0,0.0,0.0,0.0,0.03470094,0.0,0.0,0.0,0.0,0.0,0.0,0.0,0.0,0.0,0.0,0.96529907,0.03470094,0.0,0.0,0.0,0.0,0.0,0.0,0.0,0.0,0.0,0.0,0.96529907,0.20820566,0.0,0.0,0.0,0.0,0.0,0.10410283,0.0,0.0,0.0
8.2,4.04,5.96,0.04,1.96,0.0,3.0,1.96,3.96,0.0,0.0,1.0,0.0,0.0,0.0,0.0,0.0,0.0,0.04,0.0,3.0,0.0,0.0,0.0,2.0,1.0,0.0,0.0,0.0,1.0,1.96,0.0,0.0,0.0,0.0,0.04,0.0,0.0,1.0,0.0,0.04,0.0,0.0,1.0,0.0,0.0,0.0,0.0,0.0,0.0,0.0,0.04,0.0,0.0,0.0,0.0,0.0,0.0,0.0,0.04,1.92,0.0,0.0,0.0,0.08,0.0,0.0,0.0,0.0,0.0,0.0,0.0,0.0,0.0,0.0,0.0,0.0,0.0,0.0,0.0,3.0,0.0,0.04,0.0,0.0,0.0,0.0,0.0,0.0,0.0,0.0,0.0,0.0,0.0,0.0,2.0,0.0,0.0,0.0,0.0,0.0,0.0,0.0,0.0,0.0,0.0,0.0,0.0,0.0,0.0,0.0,0.0,0.0,0.0,0.0,1.0,0.0,0.0,0.0,0.0,0.0,0.0,0.0,0.0,0.0,0.0,0.0,1.0,0.0,0.0,0.0,0.0,0.0,0.0,0.0,0.0,0.0,0.0,0.0,0.0,0.0,0.0,0.0,0.0,0.0,0.0,0.0,0.0,0.0
11.272727,4.0,3.1818182,1.1818181,2.0,2.1818182,3.0,2.0,0.0,0.36363637,0.0,1.0,0.0,2.0,0.0,0.0,0.0,0.0,0.0,0.0,3.0,0.0,0.0,0.0,2.0,1.0,0.0,0.0,0.0,1.0,0.0,0.0,0.0,0.0,0.0,0.0,0.0,0.0,1.0,0.0,0.0,0.0,1.0,1.0,0.0,0.0,1.0,0.0,0.0,0.0,0.0,0.0,0.0,0.0,1.0,0.0,0.0,0.0,0.0,0.0,0.0,0.0,0.0,0.0,0.0,1.0,0.0,1.0,0.0,1.0,0.0,1.0,0.0,0.0,0.0,0.90909094,1.0,0.0,0.0,1.0,0.0,0.0,0.0,0.0,0.0,0.0,0.0,0.0,0.0,0.0,0.0,0.0,0.0,0.0,0.0,0.0,0.0,0.0,0.0,0.0,0.0,0.0,0.0,0.0,0.0,0.0,0.0,0.0,0.0,0.0,0.0,0.0,0.0,0.0,0.0,0.0,0.0,0.0,0.0,0.0,0.0,0.0,0.0,0.0,0.0,0.0,0.90909094,0.0,0.0,0.0,0.0,0.0,0.0,0.0,0.0,0.0,0.0,0.0,0.90909094,0.0,0.0,0.0,0.0,0.0,0.0,0.0,0.0,0.0,0.0
38.0,5.0,2.0,4.0,2.0,0.0,2.0,2.0,0.0,12.0,11.0,1.0,2.0,0.0,1.0,3.0,1.0,4.0,0.0,1.0,0.0,2.0,3.0,0.0,0.0,0.0,0.0,1.0,0.0,0.0,0.0,0.0,0.0,0.0,0.0,0.0,0.0,0.0,0.0,0.0,0.0,0.0,0.0,0.0,0.0,0.0,0.0,0.0,0.0,0.0,0.0,0.0,0.0,0.0,0.0,0.0,0.0,0.0,0.0,0.0,0.0,0.0,0.0,0.0,0.0,0.0,0.0,0.0,1.0,0.0,0.0,0.0,0.0,0.0,0.0,0.0,0.0,0.0,0.0,0.0,0.0,0.0,0.0,0.0,0.0,0.0,0.0,0.0,0.0,0.0,0.0,0.0,0.0,0.0,0.0,0.0,0.0,0.0,0.0,0.0,0.0,0.0,3.0,0.0,0.0,0.0,0.0,0.0,0.0,0.0,0.0,0.0,0.0,0.0,0.0,0.0,0.0,0.0,0.0,0.0,0.0,0.0,0.0,0.0,0.0,0.0,0.0,0.0,0.0,0.0,0.0,0.0,0.0,0.0,0.0,0.0,0.0,0.0,0.0,0.0,0.0,0.0,0.0,0.0,0.0,0.0,0.0,0.0,0.0
25.0,5.0,5.0,3.0,4.0,3.0,0.0,4.0,1.0,3.0,6.0,0.0,0.0,3.0,5.0,4.0,9.0,1.0,1.0,3.0,0.0,0.0,1.0,0.0,0.0,0.0,0.0,1.0,2.0,0.0,1.0,0.0,2.0,0.0,5.0,2.0,0.0,6.0,0.0,1.0,2.0,0.0,1.0,0.0,0.0,0.0,0.0,1.0,1.0,4.0,0.0,3.0,0.0,1.0,0.0,0.0,2.0,1.0,5.0,3.0,0.0,2.0,0.0,0.0,0.0,0.0,0.0,0.0,0.0,0.0,1.0,0.0,1.0,0.0,1.0,1.0,0.0,2.0,1.0,0.0,0.0,0.0,0.0,0.0,0.0,0.0,0.0,2.0,2.0,0.0,0.0,0.0,0.0,0.0,0.0,0.0,0.0,0.0,0.0,1.0,1.0,1.0,0.0,0.0,0.0,1.0,0.0,0.0,0.0,0.0,1.0,1.0,0.0,0.0,0.0,0.0,4.0,0.0,0.0,0.0,0.0,1.0,0.0,0.0,0.0,0.0,0.0,0.0,0.0,0.0,0.0,0.0,0.0,0.0,0.0,0.0,0.0,0.0,0.0,0.0,0.0,0.0,0.0,0.0,0.0,0.0,0.0,0.0,0.0
18.0,3.0,1.0,3.0,0.0,2.0,2.0,0.0,0.0,0.0,0.0,0.0,2.0,0.0,0.0,0.0,0.0,0.0,1.0,0.0,0.0,0.0,0.0,0.0,0.0,0.0,2.0,0.0,0.0,0.0,0.0,0.0,0.0,1.0,0.0,1.0,0.0,0.0,0.0,0.0,1.0,0.0,0.0,0.0,0.0,1.0,0.0,0.0,0.0,0.0,0.0,0.0,0.0,0.0,0.0,0.0,0.0,0.0,0.0,0.0,0.0,0.0,0.0,0.0,1.0,0.0,0.0,0.0,0.0,0.0,0.0,0.0,0.0,0.0,0.0,0.0,0.0,0.0,0.0,0.0,0.0,0.0,1.0,0.0,0.0,0.0,0.0,0.0,0.0,0.0,0.0,0.0,1.0,0.0,0.0,0.0,0.0,0.0,1.0,0.0,0.0,0.0,0.0,0.0,0.0,0.0,1.0,0.0,0.0,0.0,0.0,0.0,0.0,0.0,0.0,0.0,0.0,0.0,0.0,0.0,0.0,0.0,0.0,0.0,0.0,0.0,0.0,0.0,0.0,0.0,0.0,0.0,0.0,0.0,0.0,0.0,0.0,0.0,0.0,0.0,0.0,0.0,0.0,0.0,0.0,0.0,0.0,0.0,0.0
52.0,6.0,9.0,8.0,4.0,10.0,4.0,8.0,4.0,0.0,0.0,2.0,4.0,8.0,0.0,0.0,0.0,0.0,0.0,0.0,0.0,4.0,0.0,8.0,0.0,0.0,4.0,0.0,0.0,0.0,0.0,0.0,0.0,0.0,0.0,0.0,4.0,0.0,0.0,0.0,0.0,0.0,2.0,0.0,0.0,0.0,0.0,0.0,0.0,0.0,0.0,0.0,4.0,0.0,0.0,4.0,0.0,0.0,0.0,0.0,0.0,0.0,0.0,4.0,0.0,0.0,0.0,0.0,2.0,0.0,0.0,0.0,0.0,0.0,0.0,0.0,0.0,0.0,0.0,0.0,0.0,0.0,0.0,0.0,0.0,0.0,4.0,0.0,0.0,0.0,0.0,0.0,1.0,0.0,4.0,0.0,0.0,0.0,0.0,0.0,0.0,0.0,0.0,0.0,0.0,0.0,0.0,0.0,0.0,0.0,0.0,0.0,0.0,0.0,0.0,0.0,0.0,0.0,4.0,0.0,0.0,0.0,0.0,0.0,0.0,0.0,0.0,0.0,0.0,0.0,0.0,0.0,0.0,0.0,0.0,0.0,0.0,0.0,0.0,0.0,0.0,0.0,0.0,0.0,0.0,0.0,0.0,0.0,0.0
28.0,6.0,8.0,3.0,1.0,2.0,6.0,2.0,6.0,1.0,1.0,2.0,4.0,0.0,0.0,0.0,0.0,1.0,1.0,0.0,0.0,2.0,0.0,0.0,0.0,0.0,2.0,0.0,0.0,0.0,2.0,0.0,0.0,1.0,0.0,0.0,0.0,0.0,0.0,0.0,0.0,0.0,0.0,0.0,0.0,1.0,0.0,0.0,0.0,0.0,6.0,0.0,0.0,0.0,0.0,0.0,0.0,0.0,0.0,0.0,2.0,0.0,0.0,0.0,0.0,0.0,0.0,0.0,0.0,0.0,0.0,0.0,0.0,0.0,0.0,0.0,0.0,0.0,0.0,0.0,0.0,0.0,0.0,0.0,0.0,0.0,0.0,0.0,0.0,0.0,0.0,0.0,0.0,0.0,0.0,0.0,0.0,0.0,0.0,0.0,0.0,0.0,0.0,2.0,0.0,0.0,1.0,0.0,0.0,0.0,0.0,0.0,0.0,0.0,0.0,0.0,0.0,0.0,0.0,0.0,0.0,0.0,0.0,0.0,6.0,0.0,0.0,0.0,1.0,0.0,0.0,0.0,0.0,0.0,0.0,0.0,0.0,0.0,0.0,0.0,0.0,0.0,0.0,0.0,0.0,0.0,0.0,0.0,0.0
56.0,10.0,5.0,9.0,4.0,6.0,9.0,4.0,0.0,2.0,3.0,4.0,7.0,4.0,1.0,1.0,1.0,2.0,1.0,1.0,2.0,6.0,1.0,0.0,2.0,2.0,2.0,1.0,1.0,2.0,0.0,0.0,1.0,1.0,0.0,2.0,0.0,0.0,0.0,0.0,2.0,1.0,0.0,0.0,1.0,1.0,2.0,0.0,0.0,0.0,0.0,1.0,0.0,0.0,2.0,2.0,0.0,0.0,0.0,1.0,0.0,0.0,0.0,0.0,2.0,0.0,0.0,0.0,2.0,0.0,0.0,0.0,0.0,0.0,0.0,0.0,0.0,0.0,0.0,0.0,0.0,1.0,2.0,0.0,0.0,0.0,0.0,0.0,0.0,0.0,0.0,0.0,1.0,0.0,2.0,0.0,2.0,0.0,2.0,0.0,0.0,0.0,0.0,0.0,0.0,0.0,0.0,0.0,0.0,0.0,0.0,0.0,2.0,0.0,0.0,0.0,0.0,0.0,2.0,2.0,2.0,0.0,0.0,1.0,0.0,2.0,0.0,0.0,0.0,0.0,0.0,2.0,0.0,0.0,0.0,0.0,0.0,0.0,0.0,0.0,0.0,0.0,0.0,0.0,0.0,0.0,0.0,0.0,0.0
56.0,10.0,5.0,9.0,4.0,6.0,9.0,4.0,0.0,2.0,3.0,4.0,7.0,4.0,1.0,1.0,1.0,2.0,1.0,1.0,2.0,6.0,1.0,0.0,2.0,2.0,2.0,1.0,1.0,2.0,0.0,0.0,1.0,1.0,0.0,2.0,0.0,0.0,0.0,0.0,2.0,1.0,0.0,0.0,1.0,1.0,2.0,0.0,0.0,0.0,0.0,1.0,0.0,0.0,2.0,2.0,0.0,0.0,0.0,1.0,0.0,0.0,0.0,0.0,2.0,0.0,0.0,0.0,2.0,0.0,0.0,0.0,0.0,0.0,0.0,0.0,0.0,0.0,0.0,0.0,0.0,1.0,2.0,0.0,2.0,0.0,0.0,0.0,0.0,0.0,0.0,0.0,1.0,0.0,2.0,0.0,2.0,0.0,2.0,0.0,0.0,0.0,0.0,0.0,0.0,0.0,0.0,1.0,1.0,0.0,0.0,0.0,2.0,0.0,0.0,0.0,0.0,0.0,2.0,2.0,2.0,0.0,0.0,1.0,0.0,2.0,0.0,0.0,0.0,0.0,0.0,2.0,0.0,0.0,0.0,0.0,0.0,0.0,0.0,0.0,0.0,0.0,0.0,0.0,0.0,0.0,0.0,0.0,0.0
10.153626,5.0170693,3.0512087,1.0170696,2.0,2.0,4.0,2.0,0.06827827,0.0,0.0,1.0,0.017069567,1.9658608,0.0,0.0,0.0,0.0,0.017069567,0.0,3.9829304,0.0,0.0,0.0,2.0,1.9829304,0.0,0.0,0.0,1.9829304,0.0512087,0.017069567,0.0,0.017069567,0.0,0.017069567,0.0,0.0,1.0,0.0,0.017069567,0.0,0.9829304,1.0,0.0,0.017069567,1.9658608,0.0,0.0,0.0,0.0,0.017069567,0.0,0.0,0.9829304,0.0,0.0,0.0,0.0,0.017069567,0.0512087,0.0,0.0,0.0,0.034139134,0.9829304,0.0,1.0,0.0,1.0,0.0,0.9829304,0.0,0.0,0.0,0.9829304,1.0,0.0,0.0,1.0,0.017069567,0.017069567,0.017069567,0.0,0.0,0.0,0.0,0.0,0.0,0.0,0.0,0.0,0.017069567,0.0,0.0,0.017069567,0.0,0.017069567,0.017069567,0.0,0.0,0.0,0.0,0.0,0.017069567,0.0,0.0,0.0,0.0,0.0,0.0,0.0,0.0,0.0,0.0,0.017069567,0.0,0.0,0.0,0.017069567,0.0,0.0,0.0,0.0,0.0,0.0,0.9829304,0.017069567,0.0,0.0,0.0,0.0,0.0,0.0,0.0,0.0,0.0,0.0,0.9829304,0.0,0.0,0.0,0.0,0.0,0.0,0.0,0.0,0.0,0.0
12.034,4.452,3.678,1.226,2.0,2.0,3.226,2.0,0.904,0.0,0.0,1.0,0.226,1.548,0.0,0.0,0.0,0.0,0.226,0.0,3.0,0.0,0.0,0.0,2.0,1.0,0.0,0.0,0.0,1.0,0.678,0.226,0.0,0.226,0.0,0.226,0.0,0.0,1.0,0.0,0.226,0.0,0.774,1.0,0.0,0.226,0.774,0.0,0.0,0.0,0.0,0.226,0.0,0.0,0.774,0.0,0.0,0.0,0.0,0.226,0.678,0.0,0.0,0.0,0.452,0.774,0.0,1.0,0.0,1.0,0.0,0.774,0.0,0.0,0.0,0.774,1.0,0.0,0.0,1.0,0.226,0.226,0.226,0.0,0.0,0.0,0.0,0.0,0.0,0.0,0.0,0.0,0.226,0.0,0.0,0.226,0.0,0.226,0.226,0.0,0.0,0.0,0.0,0.0,0.226,0.0,0.0,0.0,0.0,0.0,0.0,0.0,0.0,0.0,0.0,0.226,0.0,0.0,0.0,0.226,0.0,0.0,0.0,0.0,0.0,0.0,0.774,0.226,0.0,0.0,0.0,0.0,0.0,0.0,0.0,0.0,0.0,0.0,0.774,0.0,0.0,0.0,0.0,0.0,0.0,0.0,0.0,0.0,0.0
12.039777,4.453284,3.6799254,1.2266418,2.0,2.0,3.226642,2.0,0.9065673,0.0,0.0,1.0,0.22664182,1.5467163,0.0,0.0,0.0,0.0,0.22664182,0.0,3.0,0.0,0.0,0.0,2.0,1.0,0.0,0.0,0.0,1.0,0.67992544,0.22664182,0.0,0.22664182,0.0,0.22664182,0.0,0.0,1.0,0.0,0.22664182,0.0,0.77335817,1.0,0.0,0.22664182,0.77335817,0.0,0.0,0.0,0.0,0.22664182,0.0,0.0,0.77335817,0.0,0.0,0.0,0.0,0.22664182,0.67992544,0.0,0.0,0.0,0.45328364,0.77335817,0.0,1.0,0.0,1.0,0.0,0.77335817,0.0,0.0,0.0,0.77335817,1.0,0.0,0.0,1.0,0.22664182,0.22664182,0.22664182,0.0,0.0,0.0,0.0,0.0,0.0,0.0,0.0,0.0,0.22664182,0.0,0.0,0.22664182,0.0,0.22664182,0.22664182,0.0,0.0,0.0,0.0,0.0,0.22664182,0.0,0.0,0.0,0.0,0.0,0.0,0.0,0.0,0.0,0.0,0.22664182,0.0,0.0,0.0,0.22664182,0.0,0.0,0.0,0.0,0.0,0.0,0.77335817,0.22664182,0.0,0.0,0.0,0.0,0.0,0.0,0.0,0.0,0.0,0.0,0.77335817,0.0,0.0,0.0,0.0,0.0,0.0,0.0,0.0,0.0,0.0
3.152,0.038,2.038,0.019,0.0,0.019,0.076,0.0,1.019,0.981,0.0,0.038,0.038,0.0,0.0,0.0,0.0,0.0,0.0,0.0,0.076,0.038,0.0,0.019,0.076,0.0,0.019,0.0,0.0,0.0,0.0,0.0,0.0,0.0,0.0,0.0,0.0,0.0,0.0,0.0,0.0,0.0,0.0,0.0,0.0,0.0,0.0,0.0,0.0,0.0,0.0,0.0,0.019,0.0,0.0,0.019,0.0,0.0,0.0,0.0,0.0,0.0,0.0,0.0,0.0,0.0,0.0,0.0,0.0,0.0,0.0,0.0,0.0,0.0,0.0,0.0,0.0,0.0,0.0,0.0,0.0,0.0,0.0,0.0,0.0,0.0,0.019,0.0,0.0,0.0,0.0,0.0,0.0,0.0,0.0,0.0,0.076,0.0,0.0,0.0,0.0,0.0,0.0,0.019,0.0,0.0,0.0,0.0,0.0,0.0,0.0,0.0,0.0,0.0,0.0,0.0,0.0,0.0,0.0,0.0,0.0,0.0,0.0,0.0,0.0,0.0,0.0,0.0,0.0,0.0,0.0,0.0,0.0,0.0,0.0,0.0,0.0,0.0,0.0,0.0,0.0,0.0,0.0,0.0,0.0,0.0,0.0,0.0,0.0
14.6,4.8,3.2,1.8,2.2,2.6,3.6,2.2,0.0,0.0,0.0,1.2,0.8,2.2,0.0,0.0,0.0,0.0,0.2,0.0,2.8,0.4,0.0,0.0,2.0,1.2,0.2,0.0,0.0,1.2,0.0,0.0,0.0,0.2,0.0,0.4,0.0,0.0,0.8,0.0,0.4,0.0,0.8,0.8,0.0,0.2,1.2,0.0,0.0,0.0,0.0,0.2,0.0,0.2,1.2,0.2,0.0,0.0,0.0,0.2,0.0,0.4,0.0,0.0,0.4,0.8,0.0,0.8,0.0,0.8,0.0,0.8,0.0,0.0,0.0,0.8,0.8,0.0,0.0,0.8,0.0,0.2,0.4,0.0,0.0,0.0,0.0,0.0,0.0,0.0,0.0,0.0,0.2,0.0,0.0,0.0,0.4,0.0,0.4,0.0,0.0,0.0,0.0,0.0,0.0,0.0,0.0,0.0,0.0,0.0,0.0,0.0,0.2,0.0,0.0,0.0,0.0,0.0,0.0,0.4,0.4,0.0,0.0,0.2,0.0,0.0,0.8,0.0,0.0,0.0,0.0,0.2,0.0,0.0,0.0,0.0,0.0,0.0,0.8,0.0,0.0,0.0,0.0,0.0,0.0,0.0,0.0,0.0,0.0
4.38,0.414,2.414,0.138,0.0,0.276,0.276,0.0,1.0,0.862,0.0,0.0,0.0,0.0,0.0,0.0,0.0,0.0,0.138,0.0,0.276,0.0,0.0,0.138,0.0,0.0,0.0,0.0,0.0,0.0,0.0,0.0,0.0,0.276,0.0,0.0,0.0,0.0,0.0,0.0,0.0,0.0,0.138,0.0,0.0,0.0,0.0,0.0,0.0,0.0,0.0,0.0,0.0,0.0,0.0,0.0,0.0,0.0,0.0,0.0,0.0,0.0,0.0,0.0,0.276,0.0,0.0,0.0,0.0,0.0,0.0,0.0,0.0,0.0,0.0,0.0,0.0,0.0,0.0,0.0,0.0,0.0,0.0,0.0,0.0,0.0,0.0,0.0,0.0,0.0,0.0,0.276,0.0,0.0,0.0,0.0,0.0,0.0,0.0,0.0,0.0,0.0,0.0,0.0,0.0,0.0,0.0,0.0,0.0,0.0,0.0,0.0,0.0,0.0,0.0,0.0,0.0,0.0,0.0,0.0,0.0,0.0,0.276,0.0,0.0,0.0,0.0,0.0,0.0,0.0,0.0,0.0,0.0,0.276,0.276,0.0,0.0,0.0,0.0,0.0,0.0,0.276,0.0,0.276,0.0,0.0,0.0,0.0,0.0
38.0,7.0,10.0,4.0,5.0,6.0,4.0,6.0,2.0,8.0,7.0,2.0,2.0,6.0,6.0,4.0,6.0,1.0,0.0,4.0,2.0,2.0,2.0,2.0,2.0,0.0,0.0,2.0,4.0,0.0,0.0,0.0,4.0,0.0,2.0,0.0,1.0,4.0,0.0,2.0,0.0,2.0,2.0,0.0,2.0,0.0,0.0,1.0,2.0,2.0,0.0,0.0,0.0,2.0,0.0,0.0,4.0,0.0,1.0,0.0,0.0,4.0,0.0,0.0,0.0,0.0,0.0,0.0,0.0,0.0,2.0,0.0,0.0,0.0,2.0,2.0,0.0,4.0,1.0,0.0,0.0,0.0,0.0,1.0,0.0,0.0,0.0,2.0,3.0,1.0,0.0,0.0,0.0,0.0,0.0,0.0,2.0,0.0,0.0,2.0,0.0,2.0,0.0,0.0,0.0,2.0,0.0,0.0,0.0,1.0,0.0,2.0,0.0,2.0,0.0,0.0,0.0,1.0,0.0,0.0,0.0,2.0,0.0,0.0,0.0,0.0,0.0,0.0,0.0,0.0,0.0,0.0,0.0,0.0,0.0,0.0,0.0,0.0,0.0,0.0,0.0,0.0,0.0,0.0,0.0,0.0,0.0,0.0,0.0
31.0,6.0,4.0,3.0,4.0,0.0,4.0,0.0,1.0,8.0,3.0,2.0,2.0,0.0,2.0,0.0,0.0,1.0,0.0,0.0,2.0,2.0,0.0,0.0,2.0,0.0,0.0,0.0,0.0,0.0,0.0,0.0,0.0,0.0,0.0,0.0,0.0,0.0,0.0,0.0,0.0,0.0,0.0,0.0,0.0,0.0,0.0,0.0,2.0,0.0,0.0,0.0,0.0,0.0,0.0,0.0,0.0,0.0,0.0,0.0,0.0,0.0,0.0,0.0,0.0,0.0,0.0,0.0,0.0,0.0,0.0,0.0,0.0,0.0,0.0,0.0,0.0,0.0,0.0,0.0,0.0,0.0,0.0,0.0,0.0,0.0,0.0,0.0,0.0,0.0,0.0,0.0,0.0,0.0,0.0,0.0,2.0,0.0,0.0,0.0,0.0,0.0,0.0,0.0,0.0,0.0,0.0,0.0,0.0,0.0,0.0,0.0,0.0,0.0,0.0,0.0,0.0,0.0,0.0,0.0,0.0,0.0,0.0,0.0,0.0,0.0,0.0,0.0,0.0,0.0,0.0,0.0,0.0,0.0,0.0,0.0,0.0,0.0,0.0,0.0,0.0,0.0,0.0,0.0,0.0,0.0,0.0,0.0,0.0
37.0,8.0,8.0,5.0,3.0,6.0,9.0,1.0,9.0,0.0,0.0,4.0,3.0,1.0,0.0,0.0,0.0,0.0,0.0,0.0,4.0,3.0,0.0,12.0,4.0,5.0,3.0,0.0,0.0,1.0,0.0,5.0,0.0,0.0,0.0,0.0,4.0,0.0,3.0,0.0,0.0,0.0,0.0,3.0,0.0,0.0,4.0,0.0,0.0,0.0,0.0,0.0,8.0,1.0,1.0,3.0,0.0,0.0,0.0,0.0,0.0,1.0,5.0,4.0,0.0,4.0,1.0,0.0,0.0,0.0,0.0,2.0,0.0,1.0,0.0,0.0,0.0,0.0,0.0,0.0,0.0,0.0,0.0,0.0,0.0,2.0,8.0,0.0,0.0,0.0,1.0,0.0,0.0,0.0,0.0,0.0,0.0,0.0,0.0,0.0,0.0,0.0,0.0,0.0,0.0,0.0,0.0,0.0,0.0,0.0,0.0,0.0,0.0,0.0,0.0,0.0,0.0,0.0,0.0,0.0,3.0,0.0,0.0,0.0,0.0,0.0,0.0,0.0,0.0,0.0,0.0,0.0,0.0,0.0,0.0,0.0,0.0,0.0,0.0,0.0,0.0,0.0,0.0,0.0,0.0,0.0,0.0,0.0,0.0
11.818182,4.090909,3.1818182,1.2727273,2.0,2.1818182,3.1818182,2.0,0.0,0.36363637,0.0,1.0909091,0.18181819,2.0,0.0,0.0,0.0,0.0,0.0,0.0,3.0,0.18181819,0.0,0.0,2.0,1.0,0.18181819,0.0,0.0,1.0,0.0,0.0,0.0,0.0,0.0,0.0,0.0,0.0,1.0,0.0,0.0,0.0,0.90909094,1.0,0.0,0.0,1.0,0.0,0.0,0.0,0.0,0.0,0.0,0.0,1.0,0.18181819,0.0,0.0,0.0,0.0,0.0,0.0,0.0,0.0,0.0,1.0,0.0,1.0,0.09090909,1.0,0.0,1.0,0.0,0.0,0.0,0.90909094,1.0,0.0,0.0,1.0,0.0,0.0,0.0,0.0,0.0,0.0,0.0,0.0,0.0,0.0,0.0,0.0,0.0,0.0,0.18181819,0.0,0.0,0.0,0.0,0.0,0.0,0.0,0.0,0.0,0.0,0.0,0.0,0.0,0.0,0.0,0.0,0.0,0.0,0.0,0.0,0.0,0.0,0.0,0.0,0.0,0.0,0.0,0.0,0.0,0.0,0.0,0.90909094,0.0,0.0,0.0,0.0,0.0,0.0,0.0,0.0,0.0,0.0,0.0,0.90909094,0.0,0.0,0.0,0.0,0.0,0.0,0.0,0.0,0.0,0.0
11.166667,4.0,3.1666667,1.1666666,2.0,2.1666667,3.0,2.0,0.0,0.33333334,0.0,1.0,0.0,2.0,0.0,0.0,0.0,0.0,0.0,0.0,3.0,0.0,0.0,0.0,2.0,1.0,0.0,0.0,0.0,1.0,0.0,0.0,0.0,0.0,0.0,0.0,0.0,0.0,1.0,0.0,0.0,0.0,1.0,1.0,0.0,0.0,1.0,0.0,0.0,0.0,0.0,0.0,0.0,0.0,1.0,0.0,0.0,0.0,0.0,0.0,0.0,0.0,0.0,0.0,0.0,1.0,0.0,1.0,0.0,1.0,0.0,1.0,0.0,0.0,0.0,0.8333333,1.0,0.0,0.0,1.0,0.0,0.0,0.0,0.0,0.0,0.0,0.0,0.0,0.0,0.0,0.0,0.0,0.0,0.0,0.0,0.0,0.0,0.0,0.0,0.0,0.0,0.0,0.0,0.0,0.0,0.0,0.0,0.0,0.0,0.0,0.0,0.0,0.0,0.0,0.0,0.0,0.0,0.0,0.0,0.0,0.0,0.0,0.0,0.0,0.0,0.0,0.8333333,0.0,0.0,0.0,0.0,0.0,0.0,0.0,0.0,0.0,0.0,0.0,0.8333333,0.0,0.0,0.0,0.0,0.0,0.0,0.0,0.0,0.0,0.0
18.0,4.0,0.0,3.0,0.0,0.0,3.0,0.0,0.0,2.0,2.0,0.0,3.0,0.0,0.0,0.0,0.0,2.0,1.0,0.0,0.0,0.0,0.0,0.0,0.0,0.0,0.0,0.0,0.0,0.0,0.0,0.0,0.0,2.0,0.0,0.0,0.0,0.0,0.0,0.0,0.0,0.0,0.0,0.0,0.0,2.0,0.0,0.0,0.0,0.0,0.0,0.0,0.0,0.0,0.0,0.0,0.0,0.0,0.0,0.0,0.0,0.0,0.0,0.0,0.0,0.0,0.0,0.0,0.0,0.0,0.0,0.0,0.0,0.0,0.0,0.0,0.0,0.0,0.0,0.0,0.0,0.0,0.0,0.0,0.0,0.0,0.0,0.0,0.0,0.0,0.0,2.0,0.0,0.0,0.0,0.0,0.0,0.0,0.0,0.0,0.0,0.0,0.0,0.0,0.0,0.0,0.0,0.0,0.0,0.0,0.0,0.0,0.0,0.0,2.0,0.0,0.0,0.0,0.0,0.0,0.0,0.0,0.0,0.0,0.0,0.0,0.0,0.0,0.0,0.0,0.0,0.0,0.0,0.0,0.0,0.0,0.0,0.0,0.0,0.0,0.0,0.0,0.0,0.0,0.0,0.0,0.0,0.0,0.0
30.0,8.0,5.0,4.0,2.0,4.0,8.0,2.0,0.0,0.0,0.0,3.0,3.0,2.0,0.0,0.0,0.0,0.0,1.0,0.0,5.0,2.0,0.0,0.0,4.0,1.0,0.0,0.0,0.0,1.0,0.0,0.0,0.0,1.0,0.0,2.0,0.0,0.0,1.0,1.0,2.0,0.0,0.0,1.0,0.0,1.0,1.0,0.0,0.0,0.0,0.0,1.0,0.0,0.0,1.0,0.0,2.0,0.0,0.0,1.0,0.0,0.0,0.0,0.0,2.0,1.0,0.0,2.0,0.0,3.0,0.0,1.0,0.0,0.0,0.0,0.0,1.0,0.0,0.0,1.0,0.0,1.0,2.0,0.0,0.0,0.0,0.0,0.0,0.0,0.0,0.0,0.0,1.0,0.0,0.0,0.0,2.0,0.0,2.0,0.0,0.0,0.0,0.0,0.0,0.0,0.0,0.0,0.0,0.0,0.0,0.0,0.0,1.0,0.0,0.0,0.0,0.0,0.0,0.0,2.0,0.0,0.0,0.0,1.0,0.0,1.0,0.0,0.0,0.0,0.0,2.0,2.0,0.0,0.0,0.0,0.0,0.0,0.0,0.0,0.0,1.0,0.0,0.0,0.0,0.0,0.0,0.0,0.0,0.0
25.0,6.0,4.0,3.0,1.0,2.0,6.0,2.0,1.0,1.0,1.0,2.0,4.0,0.0,0.0,0.0,0.0,1.0,1.0,0.0,0.0,2.0,0.0,0.0,0.0,0.0,2.0,0.0,0.0,0.0,0.0,0.0,0.0,1.0,0.0,0.0,0.0,0.0,0.0,0.0,0.0,0.0,0.0,0.0,0.0,1.0,0.0,0.0,0.0,0.0,0.0,0.0,0.0,0.0,0.0,0.0,0.0,0.0,0.0,0.0,0.0,0.0,0.0,0.0,0.0,0.0,0.0,0.0,0.0,0.0,0.0,0.0,0.0,0.0,0.0,0.0,0.0,0.0,0.0,0.0,0.0,0.0,0.0,0.0,0.0,0.0,0.0,0.0,0.0,0.0,0.0,0.0,0.0,0.0,0.0,0.0,0.0,0.0,0.0,0.0,0.0,0.0,0.0,2.0,0.0,0.0,1.0,0.0,0.0,0.0,0.0,0.0,0.0,0.0,0.0,0.0,0.0,0.0,0.0,0.0,0.0,0.0,0.0,0.0,4.0,0.0,0.0,0.0,1.0,0.0,0.0,0.0,0.0,0.0,0.0,0.0,0.0,0.0,0.0,0.0,0.0,0.0,0.0,0.0,0.0,0.0,0.0,0.0,0.0
19.0,7.0,0.0,3.0,0.0,0.0,5.0,0.0,0.0,0.0,0.0,1.0,4.0,0.0,0.0,0.0,0.0,0.0,1.0,0.0,0.0,1.0,0.0,0.0,0.0,0.0,0.0,0.0,0.0,0.0,0.0,0.0,0.0,2.0,0.0,0.0,0.0,0.0,0.0,0.0,0.0,0.0,0.0,0.0,0.0,2.0,0.0,0.0,0.0,0.0,0.0,0.0,0.0,0.0,0.0,0.0,0.0,0.0,0.0,0.0,0.0,0.0,0.0,0.0,0.0,0.0,0.0,0.0,0.0,0.0,0.0,0.0,0.0,0.0,0.0,0.0,0.0,0.0,0.0,0.0,0.0,0.0,0.0,0.0,0.0,0.0,0.0,0.0,0.0,0.0,0.0,2.0,0.0,0.0,0.0,0.0,0.0,0.0,0.0,0.0,0.0,0.0,1.0,0.0,0.0,0.0,0.0,0.0,0.0,0.0,0.0,0.0,1.0,0.0,2.0,0.0,0.0,0.0,0.0,0.0,0.0,0.0,0.0,0.0,0.0,0.0,0.0,0.0,0.0,0.0,0.0,0.0,0.0,0.0,0.0,0.0,0.0,0.0,0.0,0.0,0.0,0.0,0.0,0.0,0.0,0.0,0.0,0.0,0.0
50.0,9.0,5.0,8.0,4.0,6.0,7.0,4.0,0.0,2.0,3.0,3.0,5.0,4.0,1.0,1.0,1.0,2.0,1.0,1.0,2.0,4.0,1.0,0.0,2.0,2.0,2.0,1.0,1.0,2.0,0.0,0.0,1.0,1.0,0.0,2.0,0.0,0.0,0.0,0.0,2.0,1.0,0.0,0.0,1.0,1.0,2.0,0.0,0.0,0.0,0.0,1.0,0.0,0.0,2.0,2.0,0.0,0.0,0.0,1.0,0.0,0.0,0.0,0.0,2.0,0.0,0.0,0.0,1.0,0.0,0.0,0.0,0.0,0.0,0.0,0.0,0.0,0.0,0.0,0.0,0.0,1.0,2.0,0.0,0.0,0.0,0.0,0.0,0.0,0.0,0.0,0.0,1.0,0.0,2.0,0.0,2.0,0.0,2.0,0.0,0.0,0.0,0.0,0.0,0.0,0.0,0.0,0.0,0.0,0.0,0.0,0.0,1.0,0.0,0.0,0.0,0.0,0.0,2.0,2.0,2.0,0.0,0.0,1.0,0.0,1.0,0.0,0.0,0.0,0.0,0.0,2.0,0.0,0.0,0.0,0.0,0.0,0.0,0.0,0.0,0.0,0.0,0.0,0.0,0.0,0.0,0.0,0.0,0.0
30.0,8.0,5.0,4.0,2.0,4.0,8.0,2.0,0.0,0.0,0.0,3.0,3.0,2.0,0.0,0.0,0.0,0.0,1.0,0.0,5.0,2.0,0.0,0.0,4.0,1.0,0.0,0.0,0.0,1.0,0.0,0.0,0.0,1.0,0.0,2.0,0.0,0.0,1.0,1.0,2.0,0.0,0.0,1.0,0.0,1.0,1.0,0.0,0.0,0.0,0.0,1.0,0.0,0.0,1.0,0.0,2.0,0.0,0.0,1.0,0.0,0.0,0.0,0.0,2.0,1.0,0.0,2.0,0.0,3.0,0.0,1.0,0.0,0.0,0.0,0.0,1.0,0.0,0.0,1.0,0.0,1.0,2.0,0.0,0.0,0.0,0.0,0.0,0.0,0.0,0.0,0.0,1.0,0.0,0.0,0.0,2.0,0.0,2.0,0.0,0.0,0.0,0.0,0.0,0.0,0.0,0.0,0.0,0.0,0.0,0.0,0.0,1.0,0.0,0.0,0.0,0.0,0.0,0.0,2.0,0.0,0.0,0.0,1.0,0.0,1.0,0.0,0.0,0.0,0.0,2.0,2.0,0.0,0.0,0.0,0.0,0.0,0.0,0.0,0.0,1.0,0.0,0.0,0.0,0.0,0.0,0.0,0.0,0.0
53.0,9.0,8.0,7.0,5.0,6.0,8.0,6.0,1.0,8.0,7.0,4.0,6.0,6.0,4.0,4.0,6.0,3.0,0.0,4.0,2.0,6.0,2.0,2.0,2.0,0.0,0.0,2.0,4.0,0.0,0.0,0.0,4.0,0.0,2.0,0.0,1.0,4.0,0.0,2.0,0.0,2.0,2.0,0.0,2.0,0.0,0.0,1.0,0.0,2.0,0.0,0.0,0.0,2.0,0.0,0.0,4.0,0.0,1.0,0.0,0.0,4.0,0.0,0.0,0.0,0.0,0.0,0.0,2.0,0.0,2.0,0.0,0.0,0.0,2.0,2.0,0.0,4.0,1.0,0.0,0.0,0.0,0.0,1.0,0.0,0.0,0.0,2.0,3.0,1.0,0.0,0.0,0.0,0.0,0.0,0.0,2.0,0.0,0.0,2.0,0.0,2.0,0.0,0.0,0.0,2.0,0.0,0.0,0.0,1.0,0.0,2.0,1.0,2.0,0.0,0.0,0.0,1.0,0.0,0.0,0.0,2.0,0.0,0.0,0.0,1.0,0.0,0.0,0.0,0.0,0.0,0.0,0.0,0.0,0.0,0.0,0.0,0.0,0.0,0.0,0.0,0.0,0.0,0.0,0.0,0.0,0.0,0.0,0.0
3.24,0.06,2.06,0.03,0.0,0.03,0.12,0.0,1.03,0.97,0.0,0.06,0.06,0.0,0.0,0.0,0.0,0.0,0.0,0.0,0.12,0.06,0.0,0.03,0.12,0.0,0.03,0.0,0.0,0.0,0.0,0.0,0.0,0.0,0.0,0.0,0.0,0.0,0.0,0.0,0.0,0.0,0.0,0.0,0.0,0.0,0.0,0.0,0.0,0.0,0.0,0.0,0.03,0.0,0.0,0.03,0.0,0.0,0.0,0.0,0.0,0.0,0.0,0.0,0.0,0.0,0.0,0.0,0.0,0.0,0.0,0.0,0.0,0.0,0.0,0.0,0.0,0.0,0.0,0.0,0.0,0.0,0.0,0.0,0.0,0.0,0.03,0.0,0.0,0.0,0.0,0.0,0.0,0.0,0.0,0.0,0.12,0.0,0.0,0.0,0.0,0.0,0.0,0.03,0.0,0.0,0.0,0.0,0.0,0.0,0.0,0.0,0.0,0.0,0.0,0.0,0.0,0.0,0.0,0.0,0.0,0.0,0.0,0.0,0.0,0.0,0.0,0.0,0.0,0.0,0.0,0.0,0.0,0.0,0.0,0.0,0.0,0.0,0.0,0.0,0.0,0.0,0.0,0.0,0.0,0.0,0.0,0.0,0.0
69.0,12.0,12.0,10.0,6.0,12.0,9.0,6.0,6.0,2.0,5.0,4.0,7.0,6.0,4.0,4.0,6.0,1.0,1.0,4.0,2.0,6.0,2.0,6.0,2.0,2.0,3.0,2.0,4.0,2.0,0.0,4.0,4.0,1.0,2.0,2.0,1.0,4.0,0.0,2.0,2.0,2.0,2.0,0.0,2.0,1.0,2.0,1.0,0.0,2.0,0.0,1.0,6.0,2.0,2.0,3.0,4.0,0.0,1.0,1.0,0.0,4.0,2.0,2.0,2.0,0.0,1.0,0.0,2.0,0.0,2.0,0.0,0.0,1.0,2.0,2.0,0.0,4.0,1.0,0.0,0.0,1.0,2.0,1.0,1.0,2.0,6.0,2.0,3.0,1.0,1.0,0.0,2.0,0.0,3.0,0.0,2.0,0.0,2.0,2.0,0.0,2.0,0.0,0.0,0.0,2.0,0.0,2.0,2.0,1.0,0.0,2.0,1.0,2.0,0.0,0.0,0.0,1.0,0.0,2.0,2.0,2.0,0.0,1.0,0.0,1.0,0.0,0.0,0.0,0.0,0.0,2.0,0.0,0.0,0.0,0.0,0.0,0.0,0.0,0.0,0.0,0.0,0.0,0.0,0.0,0.0,0.0,0.0,0.0
36.0,9.0,5.0,5.0,2.0,4.0,10.0,2.0,0.0,0.0,0.0,4.0,5.0,2.0,0.0,0.0,0.0,0.0,1.0,0.0,5.0,4.0,0.0,0.0,4.0,1.0,2.0,0.0,0.0,1.0,0.0,0.0,0.0,1.0,0.0,2.0,0.0,0.0,1.0,0.0,2.0,0.0,0.0,1.0,0.0,1.0,1.0,0.0,0.0,0.0,0.0,1.0,0.0,0.0,1.0,2.0,0.0,0.0,0.0,1.0,0.0,0.0,0.0,0.0,2.0,1.0,0.0,2.0,1.0,3.0,0.0,1.0,0.0,0.0,0.0,0.0,1.0,0.0,0.0,1.0,0.0,1.0,2.0,0.0,0.0,0.0,0.0,0.0,0.0,0.0,0.0,0.0,1.0,0.0,2.0,0.0,2.0,0.0,2.0,0.0,0.0,0.0,0.0,0.0,0.0,0.0,0.0,0.0,0.0,0.0,0.0,0.0,1.0,0.0,0.0,0.0,0.0,0.0,2.0,2.0,0.0,0.0,0.0,1.0,0.0,1.0,0.0,0.0,0.0,0.0,2.0,2.0,0.0,0.0,0.0,0.0,0.0,0.0,0.0,0.0,1.0,0.0,0.0,0.0,0.0,0.0,0.0,0.0,0.0
50.0,9.0,5.0,8.0,4.0,6.0,7.0,4.0,0.0,2.0,3.0,3.0,5.0,4.0,1.0,1.0,1.0,2.0,1.0,1.0,2.0,4.0,1.0,0.0,2.0,2.0,2.0,1.0,1.0,2.0,0.0,0.0,1.0,1.0,0.0,2.0,0.0,0.0,0.0,0.0,2.0,1.0,0.0,0.0,1.0,1.0,2.0,0.0,0.0,0.0,0.0,1.0,0.0,0.0,2.0,2.0,0.0,0.0,0.0,1.0,0.0,0.0,0.0,0.0,2.0,0.0,0.0,0.0,1.0,0.0,0.0,0.0,0.0,0.0,0.0,0.0,0.0,0.0,0.0,0.0,0.0,1.0,2.0,0.0,2.0,0.0,0.0,0.0,0.0,0.0,0.0,0.0,1.0,0.0,2.0,0.0,2.0,0.0,2.0,0.0,0.0,0.0,0.0,0.0,0.0,0.0,0.0,1.0,1.0,0.0,0.0,0.0,1.0,0.0,0.0,0.0,0.0,0.0,2.0,2.0,2.0,0.0,0.0,1.0,0.0,1.0,0.0,0.0,0.0,0.0,0.0,2.0,0.0,0.0,0.0,0.0,0.0,0.0,0.0,0.0,0.0,0.0,0.0,0.0,0.0,0.0,0.0,0.0,0.0
36.0,9.0,5.0,5.0,2.0,4.0,10.0,2.0,0.0,0.0,0.0,4.0,5.0,2.0,0.0,0.0,0.0,0.0,1.0,0.0,5.0,4.0,0.0,0.0,4.0,1.0,2.0,0.0,0.0,1.0,0.0,0.0,0.0,1.0,0.0,2.0,0.0,0.0,1.0,0.0,2.0,0.0,0.0,1.0,0.0,1.0,1.0,0.0,0.0,0.0,0.0,1.0,0.0,0.0,1.0,2.0,0.0,0.0,0.0,1.0,0.0,0.0,0.0,0.0,2.0,1.0,0.0,2.0,1.0,3.0,0.0,1.0,0.0,0.0,0.0,0.0,1.0,0.0,0.0,1.0,0.0,1.0,2.0,0.0,0.0,0.0,0.0,0.0,0.0,0.0,0.0,0.0,1.0,0.0,2.0,0.0,2.0,0.0,2.0,0.0,0.0,0.0,0.0,0.0,0.0,0.0,0.0,0.0,0.0,0.0,0.0,0.0,1.0,0.0,0.0,0.0,0.0,0.0,2.0,2.0,0.0,0.0,0.0,1.0,0.0,1.0,0.0,0.0,0.0,0.0,2.0,2.0,0.0,0.0,0.0,0.0,0.0,0.0,0.0,0.0,1.0,0.0,0.0,0.0,0.0,0.0,0.0,0.0,0.0
32.0,6.0,14.0,3.0,2.0,4.0,7.0,2.0,13.0,0.0,0.0,3.0,2.0,2.0,0.0,0.0,0.0,0.0,0.0,0.0,5.0,2.0,0.0,6.0,4.0,1.0,2.0,0.0,0.0,1.0,0.0,4.0,0.0,0.0,0.0,0.0,1.0,0.0,1.0,0.0,0.0,0.0,1.0,1.0,0.0,0.0,1.0,0.0,0.0,0.0,10.0,0.0,6.0,0.0,1.0,2.0,0.0,0.0,0.0,0.0,0.0,0.0,2.0,2.0,0.0,1.0,1.0,0.0,0.0,0.0,0.0,1.0,0.0,1.0,0.0,1.0,0.0,0.0,0.0,0.0,4.0,0.0,0.0,0.0,0.0,2.0,6.0,0.0,0.0,0.0,1.0,0.0,0.0,0.0,0.0,3.0,2.0,6.0,0.0,0.0,0.0,0.0,0.0,0.0,0.0,0.0,0.0,0.0,0.0,0.0,0.0,0.0,0.0,0.0,0.0,0.0,0.0,0.0,0.0,0.0,0.0,0.0,0.0,0.0,0.0,0.0,1.0,0.0,0.0,0.0,0.0,0.0,0.0,0.0,0.0,0.0,0.0,0.0,0.0,0.0,0.0,0.0,0.0,0.0,0.0,0.0,0.0,0.0,0.0
34.0,9.0,4.0,5.0,3.0,4.0,11.0,1.0,3.0,0.0,0.0,5.0,5.0,1.0,0.0,0.0,0.0,0.0,0.0,0.0,4.0,5.0,0.0,6.0,4.0,5.0,1.0,0.0,0.0,1.0,0.0,1.0,0.0,0.0,0.0,0.0,3.0,0.0,3.0,0.0,0.0,0.0,0.0,3.0,0.0,0.0,4.0,0.0,0.0,0.0,0.0,0.0,2.0,1.0,1.0,1.0,0.0,0.0,0.0,0.0,0.0,1.0,3.0,2.0,0.0,4.0,0.0,0.0,1.0,0.0,0.0,2.0,0.0,0.0,0.0,0.0,0.0,0.0,0.0,0.0,0.0,0.0,0.0,0.0,0.0,0.0,2.0,0.0,0.0,0.0,0.0,0.0,0.0,0.0,0.0,0.0,0.0,0.0,0.0,0.0,0.0,0.0,0.0,0.0,0.0,0.0,0.0,0.0,0.0,0.0,0.0,0.0,2.0,0.0,0.0,0.0,0.0,0.0,0.0,0.0,3.0,0.0,0.0,0.0,0.0,2.0,0.0,0.0,0.0,0.0,0.0,0.0,0.0,0.0,0.0,0.0,0.0,0.0,0.0,0.0,0.0,0.0,0.0,0.0,0.0,0.0,0.0,0.0,0.0
49.0,5.0,11.0,6.0,2.0,8.0,4.0,2.0,8.0,2.0,3.0,2.0,4.0,2.0,3.0,1.0,2.0,0.0,0.0,1.0,0.0,4.0,0.0,12.0,0.0,0.0,4.0,0.0,1.0,0.0,0.0,4.0,1.0,0.0,1.0,0.0,6.0,1.0,0.0,0.0,0.0,0.0,0.0,0.0,0.0,0.0,0.0,0.0,2.0,0.0,0.0,0.0,6.0,2.0,0.0,4.0,0.0,1.0,0.0,0.0,0.0,0.0,12.0,6.0,0.0,0.0,1.0,0.0,2.0,0.0,0.0,0.0,0.0,1.0,0.0,0.0,0.0,0.0,0.0,0.0,0.0,0.0,0.0,0.0,0.0,6.0,6.0,0.0,0.0,0.0,1.0,0.0,1.0,0.0,4.0,0.0,0.0,0.0,0.0,0.0,0.0,0.0,0.0,0.0,0.0,0.0,0.0,0.0,0.0,0.0,0.0,0.0,0.0,0.0,0.0,0.0,1.0,0.0,2.0,0.0,0.0,0.0,0.0,0.0,0.0,0.0,0.0,0.0,0.0,0.0,0.0,0.0,0.0,0.0,0.0,0.0,0.0,0.0,0.0,0.0,0.0,0.0,0.0,0.0,0.0,0.0,0.0,0.0,0.0
2.0,0.0,1.0,0.0,0.0,0.0,0.0,0.0,0.0,0.0,0.0,0.0,0.0,0.0,0.0,0.0,0.0,0.0,0.0,0.0,0.0,0.0,0.0,0.0,0.0,0.0,0.0,0.0,0.0,0.0,0.0,0.0,0.0,0.0,0.0,0.0,0.0,0.0,0.0,0.0,0.0,0.0,0.0,0.0,0.0,0.0,0.0,0.0,0.0,0.0,0.0,0.0,0.0,0.0,0.0,0.0,0.0,0.0,0.0,0.0,0.0,0.0,0.0,0.0,0.0,0.0,0.0,0.0,0.0,0.0,0.0,0.0,0.0,0.0,0.0,0.0,0.0,0.0,0.0,0.0,0.0,0.0,0.0,0.0,0.0,0.0,0.0,0.0,0.0,0.0,0.0,0.0,0.0,0.0,0.0,0.0,0.0,0.0,0.0,0.0,0.0,0.0,0.0,0.0,0.0,0.0,0.0,0.0,0.0,0.0,0.0,0.0,0.0,0.0,0.0,0.0,0.0,0.0,0.0,0.0,0.0,0.0,0.0,0.0,0.0,0.0,0.0,0.0,0.0,0.0,0.0,0.0,0.0,0.0,0.0,0.0,0.0,0.0,0.0,0.0,0.0,0.0,0.0,0.0,0.0,0.0,0.0,0.0,0.0
21.0,3.0,4.0,3.0,0.0,2.0,2.0,0.0,6.0,0.0,0.0,0.0,2.0,0.0,0.0,0.0,0.0,0.0,1.0,0.0,0.0,0.0,0.0,6.0,0.0,0.0,2.0,0.0,0.0,0.0,0.0,4.0,0.0,1.0,0.0,1.0,1.0,0.0,0.0,0.0,1.0,0.0,0.0,0.0,0.0,1.0,0.0,0.0,0.0,0.0,0.0,0.0,6.0,0.0,0.0,0.0,0.0,0.0,0.0,0.0,0.0,0.0,2.0,2.0,1.0,0.0,1.0,0.0,0.0,0.0,0.0,0.0,0.0,1.0,0.0,0.0,0.0,0.0,0.0,0.0,0.0,0.0,1.0,0.0,0.0,2.0,0.0,0.0,0.0,0.0,1.0,0.0,0.0,0.0,0.0,0.0,0.0,0.0,1.0,0.0,0.0,0.0,0.0,0.0,0.0,0.0,1.0,0.0,0.0,0.0,0.0,0.0,0.0,0.0,0.0,0.0,0.0,0.0,0.0,0.0,0.0,0.0,0.0,0.0,0.0,0.0,0.0,0.0,0.0,0.0,0.0,0.0,0.0,0.0,0.0,0.0,0.0,0.0,0.0,0.0,0.0,0.0,0.0,0.0,0.0,0.0,0.0,0.0,0.0
26.0,3.0,5.0,4.0,1.0,6.0,3.0,0.0,6.0,0.0,0.0,1.0,2.0,0.0,0.0,0.0,0.0,0.0,0.0,0.0,0.0,1.0,0.0,12.0,0.0,1.0,2.0,0.0,0.0,0.0,0.0,4.0,0.0,0.0,0.0,0.0,6.0,0.0,0.0,0.0,0.0,0.0,0.0,0.0,0.0,0.0,0.0,0.0,0.0,0.0,0.0,0.0,6.0,2.0,0.0,1.0,0.0,0.0,0.0,0.0,0.0,0.0,12.0,6.0,0.0,0.0,1.0,0.0,0.0,0.0,0.0,0.0,0.0,1.0,0.0,0.0,0.0,0.0,0.0,0.0,0.0,0.0,0.0,0.0,0.0,6.0,3.0,0.0,0.0,0.0,1.0,0.0,1.0,0.0,0.0,0.0,0.0,0.0,0.0,0.0,0.0,0.0,0.0,0.0,0.0,0.0,0.0,0.0,0.0,0.0,0.0,0.0,0.0,0.0,0.0,0.0,0.0,0.0,0.0,0.0,1.0,0.0,0.0,0.0,0.0,0.0,0.0,0.0,0.0,0.0,0.0,0.0,0.0,0.0,0.0,0.0,0.0,0.0,0.0,0.0,0.0,0.0,0.0,0.0,0.0,0.0,0.0,0.0,0.0
29.0,7.0,6.0,4.0,5.0,6.0,0.0,6.0,1.0,2.0,5.0,0.0,0.0,6.0,4.0,4.0,6.0,1.0,0.0,4.0,0.0,0.0,2.0,2.0,0.0,0.0,0.0,2.0,4.0,0.0,0.0,0.0,4.0,0.0,2.0,0.0,1.0,4.0,0.0,2.0,0.0,2.0,2.0,0.0,2.0,0.0,0.0,1.0,0.0,2.0,0.0,0.0,0.0,2.0,0.0,0.0,4.0,0.0,1.0,0.0,0.0,4.0,0.0,0.0,0.0,0.0,0.0,0.0,0.0,0.0,2.0,0.0,0.0,0.0,2.0,2.0,0.0,4.0,1.0,0.0,0.0,0.0,0.0,1.0,0.0,0.0,0.0,2.0,3.0,1.0,0.0,0.0,0.0,0.0,0.0,0.0,0.0,0.0,0.0,2.0,0.0,2.0,1.0,0.0,0.0,2.0,0.0,0.0,0.0,1.0,0.0,2.0,0.0,2.0,0.0,0.0,0.0,1.0,0.0,0.0,0.0,2.0,0.0,0.0,0.0,0.0,0.0,0.0,0.0,0.0,0.0,0.0,0.0,0.0,0.0,0.0,0.0,0.0,0.0,0.0,0.0,0.0,0.0,0.0,0.0,0.0,0.0,0.0,0.0
25.0,6.0,4.0,3.0,1.0,2.0,6.0,2.0,1.0,1.0,1.0,2.0,4.0,0.0,0.0,0.0,0.0,1.0,1.0,0.0,0.0,2.0,0.0,0.0,0.0,0.0,2.0,0.0,0.0,0.0,0.0,0.0,0.0,1.0,0.0,0.0,0.0,0.0,0.0,0.0,0.0,0.0,0.0,0.0,0.0,1.0,0.0,0.0,0.0,0.0,0.0,0.0,0.0,0.0,0.0,0.0,0.0,0.0,0.0,0.0,0.0,0.0,0.0,0.0,0.0,0.0,0.0,0.0,0.0,0.0,0.0,0.0,0.0,0.0,0.0,0.0,0.0,0.0,0.0,0.0,0.0,0.0,0.0,0.0,0.0,0.0,0.0,0.0,0.0,0.0,0.0,0.0,0.0,0.0,0.0,0.0,0.0,0.0,0.0,0.0,0.0,0.0,0.0,2.0,0.0,0.0,1.0,0.0,0.0,0.0,0.0,0.0,0.0,0.0,0.0,0.0,0.0,0.0,0.0,0.0,0.0,0.0,0.0,0.0,4.0,0.0,0.0,0.0,1.0,0.0,0.0,0.0,0.0,0.0,0.0,0.0,0.0,0.0,0.0,0.0,0.0,0.0,0.0,0.0,0.0,0.0,0.0,1.0,0.0
21.0,3.0,4.0,3.0,0.0,2.0,2.0,0.0,6.0,0.0,0.0,0.0,2.0,0.0,0.0,0.0,0.0,0.0,1.0,0.0,0.0,0.0,0.0,6.0,0.0,0.0,2.0,0.0,0.0,0.0,0.0,4.0,0.0,1.0,0.0,1.0,1.0,0.0,0.0,0.0,1.0,0.0,0.0,0.0,0.0,1.0,0.0,0.0,0.0,0.0,0.0,0.0,6.0,0.0,0.0,0.0,0.0,0.0,0.0,0.0,0.0,0.0,2.0,2.0,1.0,0.0,1.0,0.0,0.0,0.0,0.0,0.0,0.0,1.0,0.0,0.0,0.0,0.0,0.0,0.0,0.0,0.0,1.0,0.0,0.0,2.0,0.0,0.0,0.0,0.0,1.0,0.0,0.0,0.0,0.0,0.0,0.0,0.0,1.0,0.0,0.0,0.0,0.0,0.0,0.0,0.0,1.0,0.0,0.0,0.0,0.0,0.0,0.0,0.0,0.0,0.0,0.0,0.0,0.0,0.0,0.0,0.0,0.0,0.0,0.0,0.0,0.0,0.0,0.0,0.0,0.0,0.0,0.0,0.0,0.0,0.0,0.0,0.0,0.0,0.0,0.0,0.0,0.0,0.0,0.0,0.0,0.0,0.0,0.0
34.0,8.0,4.0,5.0,3.0,4.0,9.0,1.0,3.0,0.0,0.0,4.0,3.0,1.0,0.0,0.0,0.0,0.0,0.0,0.0,4.0,3.0,0.0,6.0,4.0,5.0,1.0,0.0,0.0,1.0,0.0,1.0,0.0,0.0,0.0,0.0,3.0,0.0,3.0,0.0,0.0,0.0,0.0,3.0,0.0,0.0,4.0,0.0,0.0,0.0,0.0,0.0,2.0,1.0,1.0,1.0,0.0,0.0,0.0,0.0,0.0,1.0,3.0,2.0,0.0,4.0,0.0,0.0,0.0,0.0,0.0,2.0,0.0,0.0,0.0,0.0,0.0,0.0,0.0,0.0,0.0,0.0,0.0,0.0,0.0,0.0,2.0,0.0,0.0,0.0,0.0,0.0,0.0,0.0,0.0,0.0,0.0,0.0,0.0,0.0,0.0,0.0,1.0,0.0,0.0,0.0,0.0,0.0,0.0,0.0,0.0,0.0,0.0,0.0,0.0,0.0,0.0,0.0,0.0,0.0,3.0,0.0,0.0,0.0,0.0,0.0,0.0,0.0,0.0,0.0,0.0,0.0,0.0,0.0,0.0,0.0,0.0,0.0,0.0,0.0,0.0,0.0,0.0,0.0,0.0,0.0,0.0,0.0,0.0
10.065166,4.0,3.0,1.0,1.9348334,1.8696667,3.0,1.9348334,0.06516664,0.0,0.0,1.0,0.0,1.8696667,0.0,0.0,0.0,0.0,0.06516664,0.0,3.0,0.0,0.0,0.0,2.0,1.0,0.0,0.0,0.0,1.0,0.06516664,0.0,0.0,0.0,0.0,0.06516664,0.0,0.0,1.0,0.0,0.06516664,0.0,0.93483335,1.0,0.0,0.0,0.93483335,0.0,0.0,0.0,0.0,0.06516664,0.0,0.0,0.93483335,0.0,0.0,0.0,0.0,0.06516664,0.0,0.0,0.0,0.0,0.0,0.93483335,0.0,1.0,0.0,1.0,0.0,0.93483335,0.0,0.0,0.0,0.93483335,1.0,0.0,0.0,1.0,0.06516664,0.0,0.0,0.0,0.0,0.0,0.0,0.0,0.0,0.0,0.0,0.0,0.0,0.0,0.0,0.06516664,0.0,0.0,0.0,0.0,0.0,0.0,0.0,0.0,0.0,0.0,0.0,0.0,0.0,0.0,0.0,0.0,0.0,0.0,0.0,0.06516664,0.0,0.0,0.0,0.0,0.0,0.0,0.0,0.0,0.0,0.0,0.93483335,0.06516664,0.0,0.0,0.0,0.0,0.0,0.0,0.0,0.0,0.0,0.0,0.93483335,0.0,0.0,0.0,0.0,0.0,0.0,0.0,0.0,0.0,0.0
46.0,8.0,2.0,6.0,4.0,0.0,8.0,0.0,0.0,8.0,3.0,4.0,6.0,0.0,0.0,0.0,0.0,3.0,0.0,0.0,2.0,6.0,0.0,0.0,2.0,0.0,0.0,0.0,0.0,0.0,0.0,0.0,0.0,0.0,0.0,0.0,0.0,0.0,0.0,0.0,0.0,0.0,0.0,0.0,0.0,0.0,0.0,0.0,0.0,0.0,0.0,0.0,0.0,0.0,0.0,0.0,0.0,0.0,0.0,0.0,0.0,0.0,0.0,0.0,0.0,0.0,0.0,0.0,2.0,0.0,0.0,0.0,0.0,0.0,0.0,0.0,0.0,0.0,0.0,0.0,0.0,0.0,0.0,0.0,0.0,0.0,0.0,0.0,0.0,0.0,0.0,0.0,0.0,0.0,0.0,0.0,2.0,0.0,0.0,0.0,0.0,0.0,0.0,0.0,0.0,0.0,0.0,0.0,0.0,0.0,0.0,0.0,1.0,0.0,0.0,0.0,0.0,0.0,0.0,0.0,0.0,0.0,0.0,0.0,0.0,1.0,0.0,0.0,0.0,0.0,0.0,0.0,0.0,0.0,0.0,0.0,0.0,0.0,0.0,0.0,0.0,0.0,0.0,0.0,0.0,0.0,0.0,0.0,0.0
69.0,8.0,6.0,11.0,2.0,6.0,10.0,2.0,6.0,2.0,3.0,5.0,10.0,2.0,1.0,1.0,1.0,2.0,1.0,1.0,0.0,10.0,1.0,12.0,0.0,0.0,2.0,1.0,1.0,0.0,0.0,4.0,1.0,0.0,0.0,3.0,6.0,0.0,0.0,0.0,3.0,1.0,0.0,0.0,1.0,0.0,0.0,0.0,0.0,0.0,0.0,3.0,6.0,0.0,0.0,2.0,0.0,0.0,0.0,3.0,0.0,0.0,12.0,6.0,0.0,0.0,1.0,0.0,5.0,0.0,0.0,0.0,0.0,1.0,0.0,0.0,0.0,0.0,0.0,0.0,0.0,2.0,0.0,0.0,0.0,6.0,6.0,0.0,0.0,0.0,1.0,0.0,0.0,0.0,2.0,0.0,0.0,0.0,0.0,0.0,3.0,0.0,0.0,2.0,0.0,0.0,0.0,0.0,0.0,0.0,3.0,0.0,0.0,0.0,0.0,0.0,0.0,0.0,0.0,0.0,0.0,0.0,0.0,0.0,0.0,0.0,0.0,0.0,0.0,0.0,0.0,0.0,0.0,0.0,0.0,0.0,0.0,0.0,0.0,0.0,0.0,0.0,0.0,0.0,0.0,0.0,0.0,0.0,0.0
55.0,5.0,6.0,8.0,2.0,6.0,5.0,3.0,1.0,1.0,0.0,2.0,5.0,3.0,0.0,0.0,0.0,0.0,1.0,0.0,0.0,4.0,0.0,2.0,0.0,0.0,5.0,0.0,0.0,0.0,0.0,0.0,0.0,0.0,0.0,3.0,1.0,0.0,0.0,0.0,0.0,0.0,0.0,0.0,0.0,0.0,0.0,0.0,0.0,0.0,0.0,3.0,2.0,0.0,0.0,4.0,0.0,0.0,0.0,0.0,0.0,0.0,0.0,2.0,0.0,0.0,0.0,0.0,2.0,0.0,0.0,0.0,0.0,1.0,0.0,0.0,0.0,0.0,0.0,0.0,0.0,0.0,0.0,0.0,0.0,0.0,2.0,0.0,0.0,0.0,0.0,0.0,0.0,0.0,4.0,0.0,0.0,0.0,0.0,0.0,3.0,0.0,0.0,0.0,0.0,0.0,0.0,0.0,0.0,0.0,0.0,0.0,0.0,0.0,0.0,0.0,0.0,0.0,3.0,0.0,0.0,0.0,0.0,0.0,0.0,0.0,0.0,0.0,0.0,0.0,0.0,0.0,0.0,0.0,0.0,0.0,0.0,0.0,0.0,0.0,0.0,0.0,0.0,0.0,0.0,0.0,0.0,0.0,0.0
43.0,2.0,5.0,6.0,2.0,5.0,0.0,2.0,0.0,3.0,3.0,0.0,0.0,2.0,1.0,1.0,1.0,2.0,1.0,1.0,0.0,0.0,1.0,0.0,0.0,0.0,0.0,1.0,1.0,0.0,0.0,0.0,1.0,0.0,0.0,3.0,0.0,0.0,0.0,1.0,0.0,1.0,0.0,0.0,1.0,0.0,0.0,0.0,0.0,0.0,0.0,3.0,0.0,0.0,0.0,0.0,2.0,0.0,0.0,0.0,0.0,0.0,0.0,0.0,0.0,0.0,0.0,0.0,0.0,0.0,1.0,0.0,0.0,0.0,1.0,0.0,0.0,0.0,0.0,0.0,0.0,0.0,0.0,1.0,2.0,0.0,0.0,0.0,1.0,0.0,0.0,0.0,0.0,0.0,0.0,0.0,0.0,0.0,0.0,0.0,3.0,0.0,0.0,0.0,0.0,0.0,0.0,1.0,1.0,0.0,0.0,0.0,0.0,0.0,0.0,0.0,0.0,0.0,0.0,0.0,0.0,0.0,0.0,0.0,0.0,0.0,0.0,0.0,0.0,0.0,0.0,0.0,0.0,0.0,0.0,0.0,0.0,0.0,0.0,0.0,0.0,0.0,0.0,0.0,0.0,0.0,0.0,0.0,0.0
8.0,10.0,5.0,0.0,0.0,0.0,7.0,0.0,3.0,0.0,0.0,0.0,0.0,0.0,0.0,0.0,0.0,0.0,2.0,0.0,9.0,0.0,0.0,0.0,0.0,0.0,0.0,0.0,0.0,0.0,0.0,1.0,0.0,5.0,0.0,0.0,0.0,0.0,0.0,0.0,0.0,0.0,0.0,0.0,0.0,0.0,0.0,0.0,0.0,0.0,0.0,0.0,0.0,0.0,0.0,0.0,0.0,0.0,0.0,0.0,0.0,0.0,0.0,0.0,0.0,0.0,0.0,4.0,0.0,0.0,0.0,0.0,0.0,0.0,0.0,0.0,0.0,0.0,0.0,0.0,6.0,0.0,0.0,0.0,0.0,0.0,0.0,0.0,0.0,0.0,0.0,10.0,0.0,0.0,0.0,0.0,0.0,0.0,0.0,0.0,0.0,0.0,0.0,0.0,0.0,0.0,0.0,0.0,0.0,0.0,0.0,0.0,0.0,0.0,0.0,0.0,0.0,0.0,0.0,0.0,0.0,0.0,5.0,0.0,0.0,0.0,0.0,0.0,0.0,0.0,0.0,0.0,0.0,10.0,5.0,0.0,0.0,0.0,0.0,3.0,0.0,0.0,0.0,0.0,0.0,0.0,0.0,0.0,0.0
31.0,6.0,2.0,3.0,6.0,0.0,0.0,2.0,0.0,7.0,9.0,0.0,0.0,0.0,2.0,4.0,2.0,3.0,0.0,2.0,0.0,0.0,2.0,0.0,0.0,0.0,0.0,0.0,0.0,0.0,0.0,0.0,0.0,0.0,0.0,0.0,0.0,0.0,0.0,0.0,0.0,0.0,0.0,0.0,0.0,0.0,0.0,0.0,0.0,0.0,0.0,0.0,0.0,0.0,0.0,0.0,0.0,0.0,0.0,0.0,0.0,0.0,0.0,0.0,0.0,0.0,0.0,0.0,0.0,0.0,0.0,0.0,0.0,0.0,0.0,0.0,0.0,0.0,0.0,0.0,0.0,0.0,0.0,0.0,0.0,0.0,0.0,0.0,0.0,0.0,0.0,0.0,0.0,0.0,0.0,0.0,0.0,0.0,0.0,0.0,0.0,0.0,2.0,0.0,0.0,0.0,0.0,0.0,0.0,0.0,0.0,0.0,0.0,0.0,0.0,0.0,0.0,0.0,0.0,0.0,0.0,0.0,0.0,0.0,0.0,0.0,0.0,0.0,0.0,0.0,0.0,0.0,0.0,0.0,0.0,0.0,0.0,0.0,0.0,0.0,0.0,0.0,0.0,0.0,0.0,0.0,0.0,0.0,0.0
8.976566,4.3906264,6.2929697,0.09765663,2.0,0.0,3.29297,2.0,4.1953135,0.0,0.0,1.0,0.09765663,0.0,0.0,0.0,0.0,0.0,0.09765663,0.0,3.1953132,0.0,0.0,0.0,2.0,1.0,0.0,0.0,0.0,1.0,2.0,0.0,0.0,0.29296988,0.0,0.0,0.0,0.0,1.0,0.0,0.0,0.0,0.0,1.0,0.0,0.09765663,0.0,0.0,0.0,0.0,0.0,0.0,0.0,0.0,0.0,0.0,0.0,0.0,0.0,0.0,2.0,0.0,0.0,0.0,0.0,0.0,0.0,0.0,0.0,0.0,0.0,0.0,0.0,0.0,0.0,0.0,0.0,0.0,0.0,0.0,3.1953132,0.0,0.0,0.0,0.0,0.0,0.0,0.0,0.0,0.0,0.0,0.58593976,0.0,0.0,0.0,2.0,0.0,0.0,0.0,0.0,0.0,0.0,0.0,0.0,0.0,0.0,0.0,0.0,0.0,0.0,0.0,0.0,0.0,0.0,0.19531326,1.0,0.0,0.0,0.0,0.0,0.0,0.0,0.19531326,0.0,0.0,0.0,0.0,1.0,0.0,0.0,0.0,0.0,0.0,0.39062652,0.39062652,0.0,0.0,0.0,0.0,0.0,0.0,0.0,0.0,0.0,0.0,0.0,0.0,0.0,0.0
11.6223545,4.0,2.8377645,1.3244709,1.6755291,2.0,3.1622355,1.6755291,0.0,0.0,0.0,1.0,0.32447082,1.6755291,0.0,0.0,0.0,0.0,0.16223541,0.0,2.8377645,0.16223541,0.0,0.0,1.8377646,0.83776456,0.0,0.0,0.0,0.83776456,0.0,0.0,0.0,0.16223541,0.0,0.32447082,0.0,0.0,0.83776456,0.0,0.32447082,0.0,0.83776456,0.83776456,0.0,0.16223541,0.83776456,0.0,0.0,0.0,0.0,0.16223541,0.0,0.0,0.83776456,0.0,0.0,0.0,0.0,0.16223541,0.0,0.0,0.0,0.0,0.32447082,0.83776456,0.0,1.0,0.0,1.0,0.0,0.83776456,0.0,0.0,0.0,0.83776456,0.83776456,0.0,0.0,0.83776456,0.0,0.16223541,0.32447082,0.0,0.0,0.0,0.0,0.0,0.0,0.0,0.0,0.0,0.16223541,0.0,0.0,0.0,0.16223541,0.0,0.32447082,0.0,0.0,0.0,0.0,0.0,0.0,0.0,0.0,0.0,0.0,0.0,0.0,0.0,0.0,0.0,0.0,0.0,0.0,0.0,0.0,0.32447082,0.0,0.0,0.0,0.16223541,0.0,0.0,0.83776456,0.0,0.0,0.0,0.16223541,0.0,0.0,0.0,0.0,0.0,0.0,0.0,0.83776456,0.0,0.0,0.0,0.0,0.0,0.0,0.0,0.0,0.0,0.0
9.116606,4.558303,6.478545,0.07975753,2.1595151,0.0,3.3987877,2.1595151,4.3190303,0.0,0.0,1.0797576,0.07975753,0.0,0.0,0.0,0.0,0.0,0.07975753,0.0,3.31903,0.0,0.0,0.0,2.1595151,1.159515,0.0,0.0,0.0,1.159515,2.1595151,0.0,0.0,0.23927258,0.0,0.0,0.0,0.0,1.0797576,0.0,0.0,0.0,0.0,1.0797576,0.0,0.07975753,0.0,0.0,0.0,0.0,0.0,0.0,0.0,0.0,0.0,0.0,0.0,0.0,0.0,0.0,2.1595151,0.0,0.0,0.0,0.0,0.0,0.0,0.0,0.0,0.0,0.0,0.0,0.0,0.0,0.0,0.0,0.0,0.0,0.0,0.0,3.31903,0.0,0.0,0.0,0.0,0.0,0.0,0.0,0.0,0.0,0.0,0.47854516,0.0,0.0,0.0,2.1595151,0.0,0.0,0.0,0.0,0.0,0.0,0.0,0.0,0.0,0.0,0.0,0.0,0.0,0.0,0.0,0.0,0.0,0.0,0.15951505,1.159515,0.0,0.0,0.0,0.0,0.0,0.0,0.15951505,0.0,0.0,0.0,0.0,1.0797576,0.0,0.0,0.0,0.0,0.0,0.3190301,0.3190301,0.0,0.0,0.0,0.0,0.0,0.0,0.0,0.0,0.0,0.0,0.0,0.0,0.0,0.0
62.0,9.0,18.0,8.0,7.0,10.0,4.0,8.0,19.0,4.0,9.0,2.0,4.0,4.0,6.0,6.0,8.0,3.0,0.0,6.0,0.0,4.0,4.0,14.0,0.0,0.0,2.0,4.0,2.0,0.0,8.0,8.0,2.0,0.0,2.0,0.0,2.0,4.0,0.0,2.0,0.0,2.0,2.0,0.0,2.0,0.0,0.0,1.0,8.0,2.0,0.0,0.0,6.0,2.0,0.0,2.0,2.0,10.0,1.0,0.0,8.0,0.0,2.0,2.0,0.0,0.0,1.0,0.0,2.0,0.0,0.0,0.0,12.0,1.0,0.0,0.0,0.0,0.0,0.0,0.0,0.0,0.0,0.0,0.0,1.0,2.0,6.0,0.0,0.0,1.0,1.0,0.0,0.0,0.0,2.0,0.0,0.0,8.0,0.0,0.0,0.0,2.0,0.0,0.0,4.0,0.0,0.0,2.0,2.0,0.0,0.0,0.0,0.0,0.0,0.0,0.0,0.0,0.0,0.0,0.0,0.0,0.0,0.0,0.0,0.0,0.0,0.0,0.0,0.0,6.0,0.0,0.0,0.0,0.0,0.0,0.0,0.0,0.0,0.0,0.0,0.0,0.0,0.0,0.0,0.0,0.0,0.0,0.0,0.0
10.239649,4.8958597,6.6718946,0.22396491,2.0,0.0,3.6718948,2.0,4.44793,0.0,0.0,1.0,0.22396491,0.0,0.0,0.0,0.0,0.0,0.22396491,0.0,3.4479299,0.0,0.0,0.0,2.0,1.0,0.0,0.0,0.0,1.0,2.0,0.0,0.0,0.6718947,0.0,0.0,0.0,0.0,1.0,0.0,0.0,0.0,0.0,1.0,0.0,0.22396491,0.0,0.0,0.0,0.0,0.0,0.0,0.0,0.0,0.0,0.0,0.0,0.0,0.0,0.0,2.0,0.0,0.0,0.0,0.0,0.0,0.0,0.0,0.0,0.0,0.0,0.0,0.0,0.0,0.0,0.0,0.0,0.0,0.0,0.0,3.4479299,0.0,0.0,0.0,0.0,0.0,0.0,0.0,0.0,0.0,0.0,1.3437895,0.0,0.0,0.0,2.0,0.0,0.0,0.0,0.0,0.0,0.0,0.0,0.0,0.0,0.0,0.0,0.0,0.0,0.0,0.0,0.0,0.0,0.0,0.44792983,1.0,0.0,0.0,0.0,0.0,0.0,0.0,0.44792983,0.0,0.0,0.0,0.0,1.0,0.0,0.0,0.0,0.0,0.0,0.89585966,0.89585966,0.0,0.0,0.0,0.0,0.0,0.0,0.0,0.0,0.0,0.0,0.0,0.0,0.0,0.0
55.0,4.0,5.0,8.0,2.0,5.0,4.0,2.0,0.0,3.0,3.0,2.0,4.0,2.0,1.0,1.0,1.0,2.0,1.0,1.0,0.0,4.0,1.0,0.0,0.0,0.0,2.0,1.0,1.0,0.0,0.0,0.0,1.0,0.0,0.0,3.0,0.0,0.0,0.0,0.0,0.0,1.0,0.0,0.0,1.0,0.0,0.0,0.0,0.0,0.0,0.0,3.0,0.0,0.0,0.0,2.0,0.0,0.0,0.0,0.0,0.0,0.0,0.0,0.0,0.0,0.0,0.0,0.0,2.0,0.0,0.0,0.0,0.0,0.0,0.0,0.0,0.0,0.0,0.0,0.0,0.0,0.0,0.0,0.0,2.0,0.0,0.0,0.0,0.0,0.0,0.0,0.0,0.0,0.0,2.0,0.0,0.0,0.0,0.0,0.0,3.0,0.0,0.0,0.0,0.0,0.0,0.0,1.0,1.0,0.0,0.0,0.0,1.0,0.0,0.0,0.0,0.0,0.0,2.0,0.0,0.0,0.0,0.0,0.0,0.0,1.0,0.0,0.0,0.0,0.0,0.0,0.0,0.0,0.0,0.0,0.0,0.0,0.0,0.0,0.0,0.0,0.0,0.0,0.0,0.0,0.0,0.0,0.0,0.0
21.0,4.0,4.0,3.0,0.0,2.0,3.0,0.0,6.0,0.0,0.0,0.0,3.0,0.0,0.0,0.0,0.0,0.0,1.0,0.0,0.0,0.0,0.0,6.0,0.0,0.0,2.0,0.0,0.0,0.0,0.0,4.0,0.0,2.0,0.0,0.0,1.0,0.0,0.0,0.0,0.0,0.0,0.0,0.0,0.0,2.0,0.0,0.0,0.0,0.0,0.0,0.0,6.0,0.0,0.0,0.0,0.0,0.0,0.0,0.0,0.0,0.0,2.0,2.0,0.0,0.0,1.0,0.0,0.0,0.0,0.0,0.0,0.0,1.0,0.0,0.0,0.0,0.0,0.0,0.0,0.0,0.0,0.0,0.0,0.0,2.0,0.0,0.0,0.0,0.0,1.0,2.0,0.0,0.0,0.0,0.0,0.0,0.0,0.0,0.0,0.0,0.0,0.0,0.0,0.0,0.0,1.0,0.0,0.0,0.0,0.0,0.0,0.0,0.0,2.0,0.0,0.0,0.0,0.0,0.0,0.0,0.0,0.0,0.0,0.0,0.0,0.0,0.0,0.0,0.0,0.0,0.0,0.0,0.0,0.0,0.0,0.0,0.0,0.0,0.0,0.0,0.0,0.0,0.0,0.0,0.0,0.0,4.0,0.0
47.0,5.0,8.0,7.0,2.0,6.0,3.0,4.0,8.0,0.0,0.0,1.0,3.0,4.0,0.0,0.0,0.0,0.0,1.0,0.0,0.0,2.0,0.0,10.0,0.0,0.0,3.0,0.0,0.0,0.0,0.0,4.0,0.0,0.0,0.0,3.0,3.0,0.0,0.0,0.0,3.0,0.0,0.0,0.0,0.0,0.0,0.0,0.0,0.0,0.0,0.0,3.0,7.0,0.0,0.0,2.0,0.0,0.0,0.0,3.0,0.0,0.0,2.0,3.0,0.0,0.0,1.0,0.0,1.0,0.0,0.0,0.0,0.0,1.0,0.0,0.0,0.0,0.0,0.0,0.0,0.0,0.0,0.0,0.0,0.0,2.0,4.0,0.0,0.0,0.0,1.0,0.0,0.0,0.0,2.0,0.0,0.0,0.0,0.0,0.0,3.0,0.0,0.0,0.0,0.0,0.0,0.0,0.0,0.0,0.0,3.0,0.0,0.0,0.0,0.0,0.0,0.0,0.0,1.0,0.0,0.0,0.0,0.0,0.0,0.0,0.0,0.0,0.0,0.0,0.0,0.0,0.0,0.0,0.0,0.0,0.0,0.0,0.0,0.0,0.0,0.0,0.0,0.0,0.0,0.0,0.0,0.0,0.0,0.0
22.0,6.0,4.0,3.0,0.0,4.0,3.0,0.0,0.0,0.0,0.0,0.0,3.0,0.0,0.0,0.0,0.0,0.0,1.0,0.0,0.0,0.0,0.0,0.0,0.0,0.0,0.0,0.0,0.0,0.0,0.0,0.0,0.0,2.0,0.0,0.0,0.0,0.0,0.0,2.0,0.0,0.0,0.0,0.0,0.0,2.0,0.0,0.0,0.0,0.0,0.0,0.0,0.0,0.0,0.0,0.0,0.0,0.0,0.0,0.0,0.0,0.0,0.0,0.0,0.0,0.0,0.0,0.0,0.0,0.0,0.0,0.0,0.0,0.0,0.0,0.0,0.0,0.0,0.0,0.0,0.0,4.0,0.0,0.0,0.0,0.0,0.0,0.0,0.0,0.0,0.0,2.0,0.0,0.0,0.0,0.0,0.0,0.0,0.0,0.0,0.0,0.0,1.0,0.0,0.0,0.0,0.0,0.0,0.0,0.0,0.0,0.0,0.0,0.0,2.0,0.0,0.0,0.0,0.0,0.0,0.0,0.0,0.0,0.0,0.0,0.0,0.0,0.0,0.0,0.0,0.0,0.0,0.0,0.0,0.0,0.0,0.0,0.0,0.0,0.0,0.0,0.0,0.0,0.0,0.0,0.0,0.0,1.0,0.0
30.0,3.0,8.0,4.0,0.0,4.0,2.0,0.0,12.0,0.0,0.0,0.0,2.0,0.0,0.0,0.0,0.0,0.0,1.0,0.0,0.0,0.0,0.0,12.0,0.0,0.0,2.0,0.0,0.0,0.0,0.0,8.0,0.0,1.0,0.0,1.0,2.0,0.0,0.0,1.0,1.0,0.0,0.0,0.0,0.0,1.0,0.0,0.0,0.0,0.0,0.0,0.0,6.0,0.0,0.0,0.0,0.0,0.0,0.0,0.0,0.0,0.0,4.0,2.0,1.0,0.0,2.0,0.0,0.0,0.0,0.0,0.0,0.0,0.0,0.0,0.0,0.0,0.0,0.0,0.0,0.0,0.0,1.0,0.0,0.0,2.0,0.0,0.0,0.0,0.0,0.0,0.0,0.0,0.0,0.0,0.0,0.0,0.0,1.0,0.0,0.0,0.0,0.0,0.0,0.0,0.0,1.0,0.0,0.0,0.0,0.0,0.0,0.0,0.0,0.0,0.0,0.0,0.0,0.0,0.0,0.0,0.0,0.0,0.0,0.0,0.0,0.0,0.0,0.0,0.0,0.0,0.0,0.0,0.0,0.0,0.0,0.0,0.0,0.0,0.0,0.0,0.0,0.0,0.0,0.0,0.0,0.0,0.0,0.0
50.0,10.0,5.0,8.0,4.0,6.0,5.0,4.0,0.0,2.0,3.0,2.0,3.0,4.0,1.0,1.0,1.0,2.0,1.0,1.0,2.0,2.0,1.0,0.0,2.0,2.0,0.0,1.0,1.0,2.0,0.0,0.0,1.0,1.0,0.0,2.0,0.0,0.0,0.0,0.0,2.0,1.0,0.0,0.0,1.0,1.0,2.0,0.0,0.0,0.0,0.0,1.0,0.0,0.0,2.0,0.0,0.0,0.0,0.0,1.0,0.0,0.0,0.0,0.0,2.0,0.0,0.0,0.0,0.0,0.0,0.0,0.0,0.0,0.0,0.0,0.0,0.0,0.0,0.0,0.0,0.0,1.0,2.0,0.0,2.0,0.0,0.0,0.0,0.0,0.0,0.0,0.0,1.0,0.0,0.0,0.0,2.0,0.0,2.0,0.0,0.0,0.0,1.0,0.0,0.0,0.0,0.0,1.0,1.0,0.0,0.0,0.0,1.0,0.0,0.0,0.0,0.0,0.0,0.0,2.0,2.0,0.0,0.0,1.0,0.0,1.0,0.0,0.0,0.0,0.0,0.0,2.0,0.0,0.0,0.0,0.0,0.0,0.0,0.0,0.0,0.0,0.0,0.0,0.0,0.0,0.0,0.0,0.0,0.0
50.0,10.0,5.0,8.0,4.0,6.0,5.0,4.0,0.0,2.0,3.0,2.0,3.0,4.0,1.0,1.0,1.0,2.0,1.0,1.0,2.0,2.0,1.0,0.0,2.0,2.0,0.0,1.0,1.0,2.0,0.0,0.0,1.0,1.0,0.0,2.0,0.0,0.0,0.0,0.0,2.0,1.0,0.0,0.0,1.0,1.0,2.0,0.0,0.0,0.0,0.0,1.0,0.0,0.0,2.0,0.0,0.0,0.0,0.0,1.0,0.0,0.0,0.0,0.0,2.0,0.0,0.0,0.0,0.0,0.0,0.0,0.0,0.0,0.0,0.0,0.0,0.0,0.0,0.0,0.0,0.0,1.0,2.0,0.0,0.0,0.0,0.0,0.0,0.0,0.0,0.0,0.0,1.0,0.0,0.0,0.0,2.0,0.0,2.0,0.0,0.0,0.0,1.0,0.0,0.0,0.0,0.0,0.0,0.0,0.0,0.0,0.0,1.0,0.0,0.0,0.0,0.0,0.0,0.0,2.0,2.0,0.0,0.0,1.0,0.0,1.0,0.0,0.0,0.0,0.0,0.0,2.0,0.0,0.0,0.0,0.0,0.0,0.0,0.0,0.0,0.0,0.0,0.0,0.0,0.0,0.0,0.0,0.0,0.0
42.0,6.0,10.0,6.0,4.0,10.0,4.0,4.0,6.0,2.0,3.0,2.0,0.0,4.0,1.0,1.0,1.0,2.0,0.0,1.0,8.0,0.0,1.0,12.0,8.0,2.0,0.0,1.0,1.0,2.0,0.0,2.0,1.0,0.0,0.0,0.0,6.0,0.0,6.0,0.0,0.0,1.0,2.0,6.0,1.0,0.0,8.0,0.0,0.0,0.0,0.0,0.0,0.0,2.0,2.0,0.0,0.0,0.0,0.0,0.0,0.0,2.0,6.0,0.0,0.0,8.0,0.0,0.0,0.0,0.0,0.0,4.0,0.0,0.0,0.0,0.0,0.0,0.0,0.0,0.0,0.0,0.0,0.0,0.0,2.0,0.0,0.0,0.0,0.0,0.0,0.0,0.0,0.0,0.0,0.0,0.0,0.0,0.0,0.0,1.0,0.0,0.0,0.0,0.0,0.0,0.0,0.0,1.0,1.0,0.0,0.0,0.0,0.0,0.0,0.0,0.0,0.0,0.0,0.0,0.0,0.0,0.0,0.0,0.0,0.0,0.0,0.0,0.0,0.0,0.0,0.0,0.0,0.0,0.0,0.0,0.0,0.0,0.0,0.0,0.0,0.0,0.0,0.0,0.0,0.0,0.0,0.0,0.0,0.0
10.628243,5.3141217,7.1263905,0.18773171,2.3754635,0.0,3.9386585,2.3754635,4.750927,0.0,0.0,1.1877317,0.18773171,0.0,0.0,0.0,0.0,0.0,0.18773171,0.0,3.7509267,0.0,0.0,0.0,2.3754635,1.3754634,0.0,0.0,0.0,1.3754634,2.3754635,0.0,0.0,0.5631951,0.0,0.0,0.0,0.0,1.1877317,0.0,0.0,0.0,0.0,1.1877317,0.0,0.18773171,0.0,0.0,0.0,0.0,0.0,0.0,0.0,0.0,0.0,0.0,0.0,0.0,0.0,0.0,2.3754635,0.0,0.0,0.0,0.0,0.0,0.0,0.0,0.0,0.0,0.0,0.0,0.0,0.0,0.0,0.0,0.0,0.0,0.0,0.0,3.7509267,0.0,0.0,0.0,0.0,0.0,0.0,0.0,0.0,0.0,0.0,1.1263902,0.0,0.0,0.0,2.3754635,0.0,0.0,0.0,0.0,0.0,0.0,0.0,0.0,0.0,0.0,0.0,0.0,0.0,0.0,0.0,0.0,0.0,0.0,0.37546343,1.3754634,0.0,0.0,0.0,0.0,0.0,0.0,0.37546343,0.0,0.0,0.0,0.0,1.1877317,0.0,0.0,0.0,0.0,0.0,0.75092685,0.75092685,0.0,0.0,0.0,0.0,0.0,0.0,0.0,0.0,0.0,0.0,0.0,0.0,0.0,0.0
11.8,3.85,3.9,1.0,0.0,1.0,2.9,0.0,1.0,0.0,0.0,0.0,1.0,0.0,0.0,0.0,0.0,0.0,0.95,0.0,1.9,0.0,0.0,1.0,0.0,0.0,1.0,0.0,0.0,0.0,0.0,0.0,0.0,2.85,0.0,0.0,0.0,0.0,0.0,0.0,0.0,0.0,0.0,0.0,0.0,0.95,0.0,0.0,0.0,0.0,0.0,0.0,1.0,0.0,0.0,0.0,0.0,0.0,0.0,0.0,0.0,0.0,0.0,0.0,0.0,0.0,0.0,0.0,0.0,0.0,0.0,0.0,0.0,0.0,0.0,0.0,0.0,0.0,0.0,0.0,0.0,0.0,0.0,0.0,0.0,0.0,0.0,0.0,0.0,0.0,0.0,5.7,0.0,0.0,0.0,0.0,0.0,0.0,0.0,0.0,0.0,0.0,0.0,0.0,0.0,0.0,0.95,0.0,0.0,0.0,0.0,0.0,0.0,0.0,1.9,0.0,0.0,0.0,0.0,0.0,0.0,0.0,1.9,0.0,0.0,0.0,0.0,0.0,0.0,0.0,0.0,0.0,0.0,3.8,3.8,0.0,0.0,0.0,0.0,0.0,0.0,0.0,0.0,0.0,0.0,0.0,0.0,0.0,0.0
69.0,7.0,6.0,11.0,2.0,6.0,8.0,2.0,6.0,2.0,3.0,4.0,8.0,2.0,1.0,1.0,1.0,2.0,1.0,1.0,0.0,8.0,1.0,12.0,0.0,0.0,2.0,1.0,1.0,0.0,0.0,4.0,1.0,0.0,0.0,3.0,6.0,0.0,0.0,0.0,3.0,1.0,0.0,0.0,1.0,0.0,0.0,0.0,0.0,0.0,0.0,3.0,6.0,0.0,0.0,2.0,0.0,0.0,0.0,3.0,0.0,0.0,12.0,6.0,0.0,0.0,1.0,0.0,4.0,0.0,0.0,0.0,0.0,1.0,0.0,0.0,0.0,0.0,0.0,0.0,0.0,0.0,0.0,0.0,0.0,6.0,6.0,0.0,0.0,0.0,1.0,0.0,0.0,0.0,2.0,0.0,0.0,0.0,0.0,0.0,3.0,0.0,0.0,2.0,0.0,0.0,0.0,0.0,0.0,0.0,3.0,0.0,0.0,0.0,0.0,0.0,0.0,0.0,0.0,0.0,0.0,0.0,0.0,0.0,0.0,0.0,0.0,0.0,0.0,0.0,0.0,0.0,0.0,0.0,0.0,0.0,0.0,0.0,0.0,0.0,0.0,0.0,0.0,0.0,0.0,0.0,0.0,0.0,0.0
48.0,11.0,7.0,7.0,6.0,8.0,7.0,6.0,0.0,2.0,5.0,3.0,5.0,6.0,4.0,4.0,6.0,1.0,1.0,4.0,2.0,4.0,2.0,0.0,2.0,2.0,0.0,2.0,4.0,2.0,0.0,0.0,4.0,1.0,2.0,2.0,0.0,4.0,0.0,2.0,2.0,2.0,2.0,0.0,2.0,1.0,2.0,1.0,0.0,2.0,0.0,1.0,0.0,2.0,2.0,0.0,4.0,0.0,1.0,1.0,0.0,4.0,0.0,0.0,2.0,0.0,0.0,0.0,1.0,0.0,2.0,0.0,0.0,0.0,2.0,2.0,0.0,4.0,1.0,0.0,0.0,1.0,2.0,1.0,0.0,0.0,0.0,2.0,3.0,1.0,0.0,0.0,1.0,0.0,0.0,0.0,2.0,0.0,2.0,2.0,0.0,2.0,0.0,0.0,0.0,2.0,0.0,0.0,0.0,1.0,0.0,2.0,1.0,2.0,0.0,0.0,0.0,1.0,0.0,2.0,2.0,2.0,0.0,1.0,0.0,1.0,0.0,0.0,0.0,0.0,0.0,2.0,0.0,0.0,0.0,0.0,0.0,0.0,0.0,0.0,0.0,0.0,0.0,0.0,0.0,0.0,0.0,0.0,0.0
61.0,4.0,8.0,9.0,2.0,9.0,3.0,4.0,2.0,1.0,0.0,1.0,3.0,4.0,0.0,0.0,0.0,0.0,1.0,0.0,0.0,2.0,0.0,4.0,0.0,0.0,3.0,0.0,0.0,0.0,0.0,0.0,0.0,0.0,0.0,3.0,2.0,0.0,0.0,0.0,0.0,0.0,2.0,0.0,0.0,0.0,0.0,0.0,0.0,0.0,0.0,3.0,1.0,0.0,0.0,2.0,0.0,0.0,0.0,0.0,0.0,0.0,0.0,1.0,0.0,0.0,0.0,0.0,1.0,0.0,0.0,0.0,0.0,0.0,0.0,0.0,0.0,0.0,0.0,0.0,0.0,0.0,0.0,0.0,0.0,0.0,1.0,0.0,0.0,0.0,0.0,0.0,1.0,0.0,2.0,0.0,0.0,0.0,0.0,0.0,3.0,0.0,0.0,0.0,0.0,0.0,0.0,0.0,0.0,0.0,0.0,0.0,0.0,0.0,0.0,0.0,0.0,0.0,1.0,0.0,0.0,0.0,0.0,0.0,0.0,0.0,0.0,0.0,0.0,0.0,0.0,0.0,0.0,0.0,0.0,0.0,0.0,0.0,0.0,0.0,0.0,0.0,0.0,0.0,0.0,0.0,0.0,0.0,0.0
37.0,9.0,7.0,5.0,3.0,6.0,8.0,4.0,1.0,0.0,0.0,3.0,3.0,4.0,0.0,0.0,0.0,0.0,1.0,0.0,5.0,2.0,0.0,2.0,4.0,1.0,0.0,0.0,0.0,1.0,0.0,0.0,0.0,1.0,0.0,2.0,1.0,0.0,1.0,0.0,2.0,0.0,2.0,1.0,0.0,1.0,1.0,0.0,0.0,0.0,0.0,1.0,0.0,0.0,1.0,0.0,0.0,0.0,0.0,1.0,0.0,0.0,0.0,0.0,2.0,1.0,0.0,2.0,0.0,3.0,0.0,1.0,0.0,0.0,0.0,2.0,1.0,0.0,0.0,1.0,0.0,1.0,2.0,0.0,0.0,0.0,0.0,0.0,0.0,0.0,0.0,0.0,1.0,0.0,0.0,0.0,2.0,0.0,2.0,0.0,0.0,0.0,0.0,0.0,0.0,0.0,0.0,0.0,0.0,0.0,0.0,0.0,1.0,0.0,0.0,0.0,0.0,0.0,0.0,2.0,0.0,0.0,0.0,1.0,0.0,1.0,1.0,0.0,0.0,0.0,2.0,2.0,0.0,0.0,0.0,0.0,0.0,0.0,1.0,0.0,1.0,0.0,0.0,0.0,0.0,0.0,0.0,0.0,0.0
34.0,8.0,5.0,5.0,2.0,4.0,8.0,2.0,0.0,0.0,0.0,3.0,3.0,2.0,0.0,0.0,0.0,0.0,1.0,0.0,5.0,2.0,0.0,0.0,4.0,1.0,0.0,0.0,0.0,1.0,0.0,0.0,0.0,1.0,0.0,2.0,0.0,0.0,1.0,0.0,2.0,0.0,0.0,1.0,0.0,1.0,1.0,0.0,0.0,0.0,0.0,1.0,0.0,0.0,1.0,0.0,0.0,0.0,0.0,1.0,0.0,0.0,0.0,0.0,2.0,1.0,0.0,2.0,0.0,3.0,0.0,1.0,0.0,0.0,0.0,0.0,1.0,0.0,0.0,1.0,0.0,1.0,2.0,0.0,0.0,0.0,0.0,0.0,0.0,0.0,0.0,0.0,1.0,0.0,0.0,0.0,2.0,0.0,2.0,0.0,0.0,0.0,0.0,0.0,0.0,0.0,0.0,0.0,0.0,0.0,0.0,0.0,1.0,0.0,0.0,0.0,0.0,0.0,0.0,2.0,0.0,0.0,0.0,1.0,0.0,1.0,0.0,0.0,0.0,0.0,2.0,2.0,0.0,0.0,0.0,0.0,0.0,0.0,0.0,0.0,1.0,0.0,0.0,0.0,0.0,0.0,0.0,0.0,0.0
49.0,3.0,5.0,7.0,2.0,5.0,2.0,2.0,0.0,3.0,3.0,1.0,2.0,2.0,1.0,1.0,1.0,2.0,1.0,1.0,0.0,2.0,1.0,0.0,0.0,0.0,2.0,1.0,1.0,0.0,0.0,0.0,1.0,0.0,0.0,3.0,0.0,0.0,0.0,0.0,0.0,1.0,0.0,0.0,1.0,0.0,0.0,0.0,0.0,0.0,0.0,3.0,0.0,0.0,0.0,2.0,0.0,0.0,0.0,0.0,0.0,0.0,0.0,0.0,0.0,0.0,0.0,0.0,1.0,0.0,0.0,0.0,0.0,0.0,0.0,0.0,0.0,0.0,0.0,0.0,0.0,0.0,0.0,0.0,2.0,0.0,0.0,0.0,0.0,0.0,0.0,0.0,0.0,0.0,2.0,0.0,0.0,0.0,0.0,0.0,3.0,0.0,0.0,0.0,0.0,0.0,0.0,1.0,1.0,0.0,0.0,0.0,0.0,0.0,0.0,0.0,0.0,0.0,2.0,0.0,0.0,0.0,0.0,0.0,0.0,0.0,0.0,0.0,0.0,0.0,0.0,0.0,0.0,0.0,0.0,0.0,0.0,0.0,0.0,0.0,0.0,0.0,0.0,0.0,0.0,0.0,0.0,0.0,0.0
44.0,8.0,5.0,7.0,4.0,6.0,5.0,4.0,0.0,2.0,3.0,2.0,3.0,4.0,1.0,1.0,1.0,2.0,1.0,1.0,2.0,2.0,1.0,0.0,2.0,2.0,0.0,1.0,1.0,2.0,0.0,0.0,1.0,1.0,0.0,2.0,0.0,0.0,0.0,1.0,2.0,1.0,0.0,0.0,1.0,1.0,2.0,0.0,0.0,0.0,0.0,1.0,0.0,0.0,2.0,0.0,2.0,0.0,0.0,1.0,0.0,0.0,0.0,0.0,2.0,0.0,0.0,0.0,0.0,0.0,1.0,0.0,0.0,0.0,1.0,0.0,0.0,0.0,0.0,0.0,0.0,1.0,2.0,1.0,2.0,0.0,0.0,0.0,1.0,0.0,0.0,0.0,1.0,0.0,0.0,0.0,2.0,0.0,2.0,0.0,0.0,0.0,0.0,0.0,0.0,0.0,0.0,1.0,1.0,0.0,0.0,0.0,1.0,0.0,0.0,0.0,0.0,0.0,0.0,2.0,2.0,0.0,0.0,1.0,0.0,1.0,0.0,0.0,0.0,0.0,0.0,2.0,0.0,0.0,0.0,0.0,0.0,0.0,0.0,0.0,0.0,0.0,0.0,0.0,0.0,0.0,0.0,0.0,0.0
37.0,9.0,7.0,5.0,3.0,6.0,8.0,4.0,1.0,0.0,0.0,3.0,3.0,4.0,0.0,0.0,0.0,0.0,1.0,0.0,5.0,2.0,0.0,2.0,4.0,1.0,0.0,0.0,0.0,1.0,0.0,0.0,0.0,1.0,0.0,2.0,1.0,0.0,1.0,0.0,2.0,0.0,2.0,1.0,0.0,1.0,1.0,0.0,0.0,0.0,0.0,1.0,0.0,0.0,1.0,0.0,0.0,0.0,0.0,1.0,0.0,0.0,0.0,0.0,2.0,1.0,0.0,2.0,0.0,3.0,0.0,1.0,0.0,0.0,0.0,2.0,1.0,0.0,0.0,1.0,0.0,1.0,2.0,0.0,0.0,0.0,0.0,0.0,0.0,0.0,0.0,0.0,1.0,0.0,0.0,0.0,2.0,0.0,2.0,0.0,0.0,0.0,0.0,0.0,0.0,0.0,0.0,0.0,0.0,0.0,0.0,0.0,1.0,0.0,0.0,0.0,0.0,0.0,0.0,2.0,0.0,0.0,0.0,1.0,0.0,1.0,1.0,0.0,0.0,0.0,2.0,2.0,0.0,0.0,0.0,0.0,0.0,0.0,1.0,0.0,1.0,0.0,0.0,0.0,0.0,0.0,0.0,0.0,0.0
34.0,8.0,5.0,5.0,2.0,4.0,8.0,2.0,0.0,0.0,0.0,3.0,3.0,2.0,0.0,0.0,0.0,0.0,1.0,0.0,5.0,2.0,0.0,0.0,4.0,1.0,0.0,0.0,0.0,1.0,0.0,0.0,0.0,1.0,0.0,2.0,0.0,0.0,1.0,0.0,2.0,0.0,0.0,1.0,0.0,1.0,1.0,0.0,0.0,0.0,0.0,1.0,0.0,0.0,1.0,0.0,0.0,0.0,0.0,1.0,0.0,0.0,0.0,0.0,2.0,1.0,0.0,2.0,0.0,3.0,0.0,1.0,0.0,0.0,0.0,0.0,1.0,0.0,0.0,1.0,0.0,1.0,2.0,0.0,0.0,0.0,0.0,0.0,0.0,0.0,0.0,0.0,1.0,0.0,0.0,0.0,2.0,0.0,2.0,0.0,0.0,0.0,0.0,0.0,0.0,0.0,0.0,0.0,0.0,0.0,0.0,0.0,1.0,0.0,0.0,0.0,0.0,0.0,0.0,2.0,0.0,0.0,0.0,1.0,0.0,1.0,0.0,0.0,0.0,0.0,2.0,2.0,0.0,0.0,0.0,0.0,0.0,0.0,0.0,0.0,1.0,0.0,0.0,0.0,0.0,0.0,0.0,0.0,0.0
55.0,8.0,16.0,7.0,6.0,8.0,4.0,6.0,18.0,4.0,9.0,2.0,4.0,2.0,6.0,6.0,8.0,3.0,0.0,6.0,0.0,4.0,4.0,12.0,0.0,0.0,2.0,4.0,2.0,0.0,8.0,8.0,2.0,0.0,2.0,0.0,1.0,4.0,0.0,2.0,0.0,2.0,2.0,0.0,2.0,0.0,0.0,1.0,8.0,2.0,0.0,0.0,6.0,2.0,0.0,2.0,0.0,10.0,1.0,0.0,8.0,0.0,2.0,2.0,0.0,0.0,1.0,0.0,2.0,0.0,0.0,0.0,12.0,1.0,0.0,0.0,0.0,0.0,0.0,0.0,0.0,0.0,0.0,0.0,1.0,2.0,6.0,0.0,0.0,1.0,1.0,0.0,0.0,0.0,2.0,0.0,0.0,8.0,0.0,0.0,0.0,4.0,0.0,0.0,4.0,0.0,0.0,2.0,2.0,0.0,0.0,0.0,0.0,0.0,0.0,0.0,0.0,0.0,0.0,0.0,0.0,0.0,0.0,0.0,0.0,0.0,0.0,0.0,0.0,6.0,0.0,0.0,0.0,0.0,0.0,0.0,0.0,0.0,0.0,0.0,0.0,0.0,0.0,0.0,0.0,0.0,0.0,0.0,0.0
40.0,7.0,10.0,5.0,4.0,0.0,4.0,4.0,14.0,2.0,5.0,2.0,4.0,0.0,4.0,4.0,6.0,1.0,1.0,4.0,0.0,4.0,2.0,0.0,0.0,0.0,0.0,2.0,0.0,0.0,8.0,4.0,0.0,0.0,2.0,3.0,0.0,4.0,0.0,0.0,3.0,0.0,0.0,0.0,0.0,0.0,0.0,1.0,8.0,2.0,16.0,3.0,0.0,0.0,0.0,0.0,0.0,10.0,1.0,3.0,12.0,0.0,0.0,0.0,0.0,0.0,0.0,0.0,2.0,0.0,0.0,0.0,12.0,0.0,0.0,0.0,0.0,0.0,0.0,0.0,0.0,0.0,0.0,0.0,0.0,0.0,0.0,0.0,0.0,1.0,0.0,0.0,0.0,12.0,0.0,0.0,0.0,12.0,0.0,0.0,3.0,0.0,0.0,0.0,4.0,0.0,0.0,0.0,0.0,0.0,3.0,0.0,1.0,0.0,0.0,0.0,0.0,0.0,0.0,0.0,0.0,0.0,0.0,1.0,0.0,1.0,0.0,0.0,0.0,6.0,0.0,0.0,6.0,0.0,0.0,4.0,8.0,4.0,0.0,0.0,0.0,0.0,4.0,0.0,4.0,0.0,0.0,0.0,0.0
32.0,4.0,5.0,5.0,2.0,6.0,3.0,4.0,2.0,0.0,0.0,1.0,3.0,4.0,0.0,0.0,0.0,0.0,0.0,0.0,0.0,2.0,0.0,4.0,0.0,0.0,1.0,0.0,0.0,0.0,0.0,0.0,0.0,0.0,0.0,0.0,2.0,0.0,0.0,0.0,0.0,0.0,1.0,0.0,0.0,0.0,0.0,0.0,0.0,0.0,0.0,0.0,1.0,0.0,0.0,1.0,0.0,0.0,0.0,0.0,0.0,0.0,0.0,1.0,0.0,0.0,0.0,0.0,1.0,0.0,0.0,0.0,0.0,0.0,0.0,1.0,0.0,0.0,0.0,0.0,0.0,1.0,0.0,0.0,0.0,0.0,1.0,0.0,0.0,0.0,0.0,0.0,1.0,0.0,1.0,0.0,0.0,0.0,0.0,0.0,0.0,0.0,0.0,1.0,0.0,0.0,0.0,0.0,0.0,0.0,0.0,0.0,1.0,0.0,0.0,0.0,0.0,0.0,1.0,0.0,0.0,0.0,0.0,0.0,0.0,0.0,0.0,0.0,0.0,0.0,0.0,0.0,0.0,0.0,0.0,0.0,0.0,0.0,0.0,0.0,0.0,0.0,0.0,0.0,0.0,0.0,0.0,0.0,0.0
70.0,8.0,8.0,11.0,3.0,8.0,8.0,4.0,7.0,2.0,3.0,4.0,8.0,4.0,1.0,1.0,1.0,2.0,1.0,1.0,0.0,8.0,1.0,14.0,0.0,0.0,2.0,1.0,1.0,0.0,0.0,4.0,1.0,0.0,0.0,3.0,7.0,0.0,0.0,0.0,3.0,1.0,0.0,0.0,1.0,0.0,0.0,0.0,0.0,0.0,0.0,3.0,6.0,2.0,0.0,2.0,0.0,0.0,0.0,3.0,0.0,2.0,12.0,6.0,0.0,0.0,1.0,0.0,4.0,0.0,0.0,0.0,0.0,1.0,0.0,0.0,0.0,0.0,0.0,0.0,0.0,0.0,0.0,0.0,0.0,6.0,6.0,0.0,0.0,0.0,1.0,0.0,0.0,0.0,2.0,0.0,0.0,0.0,0.0,0.0,3.0,0.0,0.0,2.0,0.0,0.0,0.0,0.0,0.0,0.0,3.0,0.0,0.0,0.0,0.0,0.0,0.0,0.0,0.0,0.0,0.0,0.0,0.0,0.0,0.0,0.0,0.0,0.0,0.0,0.0,0.0,0.0,0.0,0.0,0.0,0.0,0.0,0.0,0.0,0.0,0.0,0.0,0.0,0.0,0.0,0.0,0.0,0.0,0.0
71.0,8.0,8.0,11.0,2.0,8.0,10.0,2.0,6.0,2.0,3.0,5.0,10.0,2.0,1.0,1.0,1.0,2.0,1.0,1.0,0.0,10.0,1.0,12.0,0.0,0.0,2.0,1.0,1.0,0.0,0.0,4.0,1.0,0.0,0.0,3.0,6.0,0.0,0.0,0.0,3.0,1.0,0.0,0.0,1.0,0.0,0.0,0.0,0.0,0.0,0.0,3.0,6.0,0.0,0.0,2.0,0.0,0.0,0.0,3.0,0.0,0.0,12.0,6.0,0.0,0.0,1.0,0.0,5.0,0.0,0.0,0.0,0.0,1.0,0.0,0.0,0.0,0.0,0.0,0.0,0.0,4.0,0.0,0.0,0.0,6.0,6.0,0.0,0.0,0.0,1.0,0.0,0.0,0.0,2.0,0.0,0.0,0.0,0.0,0.0,3.0,0.0,0.0,2.0,0.0,0.0,0.0,0.0,0.0,0.0,3.0,0.0,0.0,0.0,0.0,0.0,0.0,0.0,0.0,0.0,0.0,0.0,0.0,0.0,0.0,0.0,0.0,0.0,0.0,0.0,0.0,0.0,0.0,0.0,0.0,0.0,0.0,0.0,0.0,0.0,0.0,0.0,0.0,0.0,0.0,0.0,0.0,0.0,6.0
32.0,2.0,5.0,4.0,0.0,4.0,3.0,0.0,0.0,4.0,8.0,1.0,2.0,0.0,4.0,6.0,4.0,2.0,0.0,0.0,0.0,1.0,4.0,0.0,0.0,0.0,2.0,0.0,2.0,0.0,0.0,0.0,0.0,0.0,0.0,0.0,0.0,0.0,0.0,2.0,0.0,2.0,0.0,0.0,0.0,0.0,0.0,2.0,0.0,2.0,0.0,0.0,0.0,0.0,0.0,1.0,0.0,0.0,0.0,0.0,0.0,0.0,0.0,0.0,0.0,0.0,0.0,0.0,0.0,0.0,2.0,0.0,0.0,0.0,0.0,0.0,0.0,0.0,2.0,0.0,0.0,2.0,0.0,2.0,0.0,0.0,0.0,0.0,0.0,2.0,0.0,0.0,0.0,0.0,0.0,0.0,0.0,0.0,0.0,0.0,0.0,0.0,0.0,0.0,0.0,0.0,0.0,0.0,0.0,2.0,0.0,0.0,0.0,0.0,0.0,0.0,0.0,2.0,0.0,0.0,0.0,0.0,0.0,0.0,0.0,0.0,0.0,0.0,0.0,0.0,0.0,0.0,0.0,0.0,0.0,0.0,0.0,0.0,0.0,0.0,0.0,0.0,0.0,0.0,0.0,0.0,0.0,0.0,0.0
24.0,3.0,8.0,3.0,0.0,2.0,2.0,0.0,11.0,0.0,0.0,0.0,2.0,0.0,0.0,0.0,0.0,0.0,1.0,0.0,0.0,0.0,0.0,6.0,0.0,0.0,2.0,0.0,0.0,0.0,0.0,4.0,0.0,1.0,0.0,1.0,1.0,0.0,0.0,0.0,1.0,0.0,0.0,0.0,0.0,1.0,0.0,0.0,0.0,0.0,10.0,0.0,6.0,0.0,0.0,0.0,0.0,0.0,0.0,0.0,0.0,0.0,2.0,2.0,1.0,0.0,1.0,0.0,0.0,0.0,0.0,0.0,0.0,1.0,0.0,0.0,0.0,0.0,0.0,0.0,0.0,0.0,1.0,0.0,0.0,2.0,0.0,0.0,0.0,0.0,1.0,0.0,0.0,0.0,0.0,0.0,0.0,6.0,1.0,0.0,0.0,0.0,0.0,0.0,0.0,0.0,1.0,0.0,0.0,0.0,0.0,0.0,0.0,0.0,0.0,0.0,0.0,0.0,0.0,0.0,0.0,0.0,0.0,0.0,0.0,0.0,0.0,0.0,0.0,0.0,0.0,0.0,0.0,0.0,0.0,0.0,0.0,0.0,0.0,0.0,0.0,0.0,0.0,0.0,0.0,0.0,0.0,0.0,0.0
19.0,6.0,1.0,3.0,0.0,1.0,3.0,0.0,0.0,0.0,0.0,0.0,3.0,0.0,0.0,0.0,0.0,0.0,1.0,0.0,0.0,0.0,0.0,0.0,0.0,0.0,1.0,0.0,0.0,0.0,0.0,0.0,0.0,2.0,0.0,0.0,0.0,0.0,0.0,0.0,0.0,0.0,0.0,0.0,0.0,2.0,0.0,0.0,0.0,0.0,0.0,0.0,0.0,0.0,0.0,0.0,0.0,0.0,0.0,0.0,0.0,0.0,0.0,0.0,0.0,0.0,0.0,0.0,0.0,0.0,0.0,0.0,0.0,0.0,0.0,0.0,0.0,0.0,0.0,0.0,0.0,0.0,0.0,0.0,0.0,0.0,0.0,0.0,0.0,0.0,0.0,2.0,0.0,0.0,0.0,0.0,0.0,0.0,0.0,0.0,0.0,0.0,1.0,0.0,0.0,0.0,1.0,0.0,0.0,0.0,0.0,0.0,0.0,0.0,2.0,0.0,0.0,0.0,0.0,0.0,0.0,0.0,0.0,0.0,0.0,0.0,0.0,0.0,0.0,0.0,0.0,0.0,0.0,0.0,0.0,0.0,0.0,0.0,0.0,0.0,0.0,0.0,0.0,0.0,0.0,0.0,0.0,0.0,0.0
26.0,6.0,4.0,4.0,1.0,4.0,6.0,1.0,3.0,0.0,0.0,2.0,4.0,1.0,0.0,0.0,0.0,0.0,1.0,0.0,4.0,2.0,0.0,6.0,4.0,1.0,2.0,0.0,0.0,1.0,0.0,1.0,0.0,1.0,0.0,1.0,3.0,0.0,3.0,0.0,1.0,0.0,0.0,3.0,0.0,1.0,4.0,0.0,0.0,0.0,0.0,0.0,4.0,1.0,1.0,0.0,0.0,0.0,0.0,0.0,0.0,1.0,3.0,4.0,1.0,4.0,0.0,0.0,1.0,0.0,0.0,2.0,0.0,1.0,0.0,0.0,0.0,0.0,0.0,0.0,0.0,2.0,1.0,0.0,0.0,0.0,0.0,0.0,0.0,0.0,0.0,0.0,0.0,0.0,0.0,0.0,0.0,0.0,1.0,0.0,0.0,0.0,0.0,0.0,0.0,0.0,1.0,0.0,0.0,0.0,0.0,0.0,0.0,0.0,0.0,0.0,0.0,0.0,0.0,0.0,0.0,0.0,0.0,0.0,0.0,0.0,0.0,0.0,0.0,0.0,0.0,0.0,0.0,0.0,0.0,0.0,0.0,0.0,0.0,0.0,0.0,0.0,0.0,0.0,0.0,0.0,0.0,0.0,0.0
30.0,8.0,5.0,4.0,2.0,4.0,8.0,2.0,0.0,0.0,0.0,3.0,3.0,2.0,0.0,0.0,0.0,0.0,1.0,0.0,5.0,2.0,0.0,0.0,4.0,1.0,0.0,0.0,0.0,1.0,0.0,0.0,0.0,1.0,0.0,2.0,0.0,0.0,1.0,0.0,2.0,0.0,1.0,1.0,0.0,1.0,1.0,0.0,0.0,0.0,0.0,1.0,0.0,0.0,1.0,0.0,0.0,0.0,0.0,1.0,0.0,0.0,0.0,0.0,2.0,1.0,0.0,2.0,0.0,3.0,0.0,1.0,0.0,0.0,0.0,1.0,1.0,0.0,0.0,1.0,0.0,1.0,2.0,0.0,0.0,0.0,0.0,0.0,0.0,0.0,0.0,0.0,1.0,0.0,0.0,0.0,2.0,0.0,2.0,0.0,0.0,0.0,0.0,0.0,0.0,0.0,0.0,0.0,0.0,0.0,0.0,0.0,1.0,0.0,0.0,0.0,0.0,0.0,0.0,2.0,0.0,0.0,0.0,1.0,0.0,1.0,1.0,0.0,0.0,0.0,2.0,2.0,0.0,0.0,0.0,0.0,0.0,0.0,1.0,0.0,1.0,0.0,0.0,0.0,0.0,0.0,0.0,0.0,0.0
30.0,8.0,5.0,4.0,2.0,4.0,8.0,2.0,0.0,0.0,0.0,3.0,3.0,2.0,0.0,0.0,0.0,0.0,1.0,0.0,5.0,2.0,0.0,0.0,4.0,1.0,0.0,0.0,0.0,1.0,0.0,0.0,0.0,1.0,0.0,2.0,0.0,0.0,1.0,0.0,2.0,0.0,1.0,1.0,0.0,1.0,1.0,0.0,0.0,0.0,0.0,1.0,0.0,0.0,1.0,0.0,0.0,0.0,0.0,1.0,0.0,0.0,0.0,0.0,2.0,1.0,0.0,2.0,0.0,3.0,0.0,1.0,0.0,0.0,0.0,1.0,1.0,0.0,0.0,1.0,0.0,1.0,2.0,0.0,0.0,0.0,0.0,0.0,0.0,0.0,0.0,0.0,1.0,0.0,0.0,0.0,2.0,0.0,2.0,0.0,0.0,0.0,0.0,0.0,0.0,0.0,0.0,0.0,0.0,0.0,0.0,0.0,1.0,0.0,0.0,0.0,0.0,0.0,0.0,2.0,0.0,0.0,0.0,1.0,0.0,1.0,1.0,0.0,0.0,0.0,2.0,2.0,0.0,0.0,0.0,0.0,0.0,0.0,1.0,0.0,1.0,0.0,0.0,0.0,0.0,0.0,0.0,0.0,0.0
28.0,4.0,6.0,4.0,3.0,6.0,2.0,3.0,3.0,2.0,3.0,1.0,0.0,3.0,1.0,1.0,1.0,2.0,0.0,1.0,4.0,0.0,1.0,6.0,4.0,1.0,0.0,1.0,1.0,1.0,0.0,1.0,1.0,0.0,0.0,0.0,3.0,0.0,3.0,1.0,0.0,1.0,0.0,3.0,1.0,0.0,4.0,0.0,0.0,0.0,0.0,0.0,0.0,1.0,1.0,0.0,2.0,0.0,0.0,0.0,0.0,1.0,3.0,0.0,0.0,4.0,0.0,0.0,0.0,0.0,1.0,2.0,0.0,0.0,1.0,0.0,0.0,0.0,0.0,0.0,0.0,0.0,0.0,1.0,2.0,0.0,0.0,0.0,1.0,0.0,0.0,0.0,0.0,0.0,0.0,0.0,0.0,0.0,0.0,0.0,0.0,0.0,0.0,0.0,0.0,0.0,0.0,1.0,1.0,0.0,0.0,0.0,0.0,0.0,0.0,0.0,0.0,0.0,0.0,0.0,0.0,0.0,0.0,0.0,0.0,0.0,0.0,0.0,0.0,0.0,0.0,0.0,0.0,0.0,0.0,0.0,0.0,0.0,0.0,0.0,0.0,0.0,0.0,0.0,0.0,0.0,0.0,0.0,0.0
4.0,2.0,2.0,0.0,1.0,0.0,2.0,1.0,1.0,0.0,0.0,1.0,0.0,0.0,0.0,0.0,0.0,0.0,0.0,0.0,1.0,0.0,0.0,0.0,1.0,1.0,0.0,0.0,0.0,1.0,1.0,0.0,0.0,0.0,0.0,0.0,0.0,0.0,0.0,0.0,0.0,0.0,0.0,0.0,0.0,0.0,0.0,0.0,0.0,0.0,0.0,0.0,0.0,0.0,0.0,0.0,0.0,0.0,0.0,0.0,0.0,0.0,0.0,0.0,0.0,0.0,0.0,0.0,0.0,0.0,0.0,0.0,0.0,0.0,0.0,0.0,0.0,0.0,0.0,0.0,1.0,0.0,0.0,0.0,0.0,0.0,0.0,0.0,0.0,0.0,0.0,0.0,0.0,0.0,0.0,1.0,0.0,0.0,0.0,0.0,0.0,0.0,0.0,0.0,0.0,0.0,0.0,0.0,0.0,0.0,0.0,0.0,0.0,0.0,0.0,1.0,0.0,0.0,0.0,0.0,0.0,0.0,0.0,0.0,0.0,0.0,0.0,0.0,0.0,0.0,0.0,0.0,0.0,0.0,0.0,0.0,0.0,0.0,0.0,0.0,0.0,0.0,0.0,0.0,0.0,0.0,0.0,0.0,0.0
55.0,6.0,4.0,8.0,2.0,4.0,4.0,2.0,0.0,3.0,3.0,2.0,4.0,2.0,1.0,1.0,1.0,1.0,1.0,1.0,0.0,4.0,1.0,0.0,0.0,0.0,2.0,1.0,1.0,0.0,0.0,0.0,1.0,0.0,0.0,3.0,0.0,0.0,0.0,0.0,0.0,1.0,0.0,0.0,1.0,0.0,0.0,0.0,0.0,0.0,0.0,3.0,0.0,0.0,0.0,2.0,0.0,0.0,0.0,0.0,0.0,0.0,0.0,0.0,0.0,0.0,0.0,0.0,2.0,0.0,0.0,0.0,0.0,0.0,0.0,0.0,0.0,0.0,0.0,0.0,0.0,0.0,0.0,0.0,1.0,0.0,0.0,0.0,0.0,0.0,0.0,0.0,0.0,0.0,2.0,0.0,0.0,0.0,0.0,0.0,3.0,0.0,1.0,0.0,0.0,0.0,0.0,1.0,1.0,0.0,0.0,0.0,0.0,0.0,0.0,0.0,0.0,0.0,2.0,0.0,0.0,0.0,0.0,0.0,0.0,0.0,0.0,0.0,0.0,0.0,0.0,0.0,0.0,0.0,0.0,0.0,0.0,0.0,0.0,0.0,0.0,0.0,0.0,0.0,0.0,0.0,0.0,0.0,0.0
48.0,3.0,5.0,7.0,1.0,5.0,3.0,2.0,1.0,1.0,0.0,1.0,3.0,2.0,0.0,0.0,0.0,0.0,1.0,0.0,0.0,2.0,0.0,2.0,0.0,0.0,3.0,0.0,0.0,0.0,0.0,0.0,0.0,0.0,0.0,3.0,1.0,0.0,0.0,0.0,0.0,0.0,0.0,0.0,0.0,0.0,0.0,0.0,0.0,0.0,0.0,3.0,1.0,0.0,0.0,2.0,0.0,0.0,0.0,0.0,0.0,0.0,0.0,1.0,0.0,0.0,0.0,0.0,1.0,0.0,0.0,0.0,0.0,0.0,0.0,0.0,0.0,0.0,0.0,0.0,0.0,0.0,0.0,0.0,0.0,0.0,1.0,0.0,0.0,0.0,0.0,0.0,0.0,0.0,2.0,0.0,0.0,0.0,0.0,0.0,3.0,0.0,0.0,0.0,0.0,0.0,0.0,0.0,0.0,0.0,0.0,0.0,0.0,0.0,0.0,0.0,0.0,0.0,1.0,0.0,0.0,0.0,0.0,0.0,0.0,0.0,0.0,0.0,0.0,0.0,0.0,0.0,0.0,0.0,0.0,0.0,0.0,0.0,0.0,0.0,0.0,0.0,0.0,0.0,0.0,0.0,0.0,0.0,0.0
36.0,8.0,6.0,5.0,2.0,6.0,8.0,2.0,0.0,0.0,0.0,3.0,3.0,2.0,0.0,0.0,0.0,0.0,1.0,0.0,5.0,2.0,0.0,0.0,4.0,1.0,0.0,0.0,0.0,1.0,0.0,0.0,0.0,1.0,0.0,2.0,0.0,0.0,1.0,0.0,2.0,0.0,2.0,1.0,0.0,1.0,1.0,0.0,0.0,0.0,0.0,1.0,0.0,0.0,1.0,0.0,0.0,0.0,0.0,1.0,0.0,0.0,0.0,0.0,2.0,1.0,0.0,2.0,0.0,3.0,0.0,1.0,0.0,0.0,0.0,0.0,1.0,0.0,0.0,1.0,0.0,1.0,2.0,0.0,0.0,0.0,0.0,0.0,0.0,0.0,0.0,0.0,2.0,0.0,0.0,0.0,2.0,0.0,2.0,0.0,0.0,0.0,0.0,0.0,0.0,0.0,0.0,0.0,0.0,0.0,0.0,0.0,1.0,0.0,0.0,0.0,0.0,0.0,0.0,2.0,0.0,0.0,0.0,1.0,0.0,1.0,0.0,0.0,0.0,0.0,2.0,2.0,0.0,0.0,0.0,0.0,0.0,0.0,0.0,0.0,1.0,0.0,0.0,0.0,0.0,0.0,0.0,0.0,0.0
36.0,10.0,5.0,5.0,2.0,4.0,8.0,2.0,0.0,0.0,0.0,3.0,3.0,2.0,0.0,0.0,0.0,0.0,1.0,0.0,5.0,2.0,0.0,0.0,4.0,1.0,0.0,0.0,0.0,1.0,0.0,0.0,0.0,1.0,0.0,2.0,0.0,0.0,1.0,0.0,2.0,0.0,0.0,1.0,0.0,1.0,1.0,0.0,0.0,0.0,0.0,1.0,0.0,0.0,1.0,0.0,0.0,0.0,0.0,1.0,0.0,0.0,0.0,0.0,2.0,1.0,0.0,2.0,0.0,3.0,0.0,1.0,0.0,0.0,0.0,0.0,1.0,0.0,0.0,1.0,0.0,1.0,2.0,0.0,0.0,0.0,0.0,0.0,0.0,0.0,0.0,0.0,1.0,0.0,0.0,0.0,2.0,0.0,2.0,0.0,0.0,0.0,1.0,0.0,0.0,0.0,0.0,0.0,0.0,0.0,0.0,0.0,1.0,0.0,0.0,0.0,0.0,0.0,0.0,2.0,0.0,0.0,0.0,1.0,0.0,1.0,0.0,0.0,0.0,0.0,2.0,2.0,0.0,0.0,0.0,0.0,0.0,0.0,0.0,0.0,1.0,0.0,0.0,0.0,0.0,0.0,0.0,0.0,0.0
43.0,2.0,5.0,6.0,2.0,5.0,0.0,2.0,0.0,3.0,3.0,0.0,0.0,2.0,1.0,1.0,1.0,2.0,1.0,1.0,0.0,0.0,1.0,0.0,0.0,0.0,0.0,1.0,1.0,0.0,0.0,0.0,1.0,0.0,0.0,3.0,0.0,0.0,0.0,0.0,0.0,1.0,1.0,0.0,1.0,0.0,0.0,0.0,0.0,0.0,0.0,3.0,0.0,0.0,0.0,0.0,0.0,0.0,0.0,0.0,0.0,0.0,0.0,0.0,0.0,0.0,0.0,0.0,0.0,0.0,0.0,0.0,0.0,0.0,0.0,1.0,0.0,0.0,0.0,0.0,0.0,0.0,0.0,0.0,2.0,0.0,0.0,0.0,0.0,0.0,0.0,0.0,0.0,0.0,0.0,0.0,0.0,0.0,0.0,1.0,3.0,0.0,0.0,0.0,0.0,0.0,0.0,1.0,1.0,0.0,0.0,0.0,0.0,0.0,0.0,0.0,0.0,0.0,0.0,0.0,0.0,0.0,0.0,0.0,0.0,0.0,0.0,0.0,0.0,0.0,0.0,0.0,0.0,0.0,0.0,0.0,0.0,0.0,0.0,0.0,0.0,0.0,0.0,0.0,0.0,0.0,0.0,0.0,0.0
40.0,8.0,5.0,6.0,4.0,6.0,4.0,4.0,0.0,2.0,4.0,1.0,3.0,4.0,2.0,2.0,2.0,2.0,1.0,2.0,1.0,1.0,2.0,0.0,1.0,1.0,0.0,2.0,2.0,1.0,0.0,0.0,2.0,1.0,0.0,2.0,0.0,0.0,0.0,0.0,2.0,2.0,1.0,0.0,2.0,1.0,1.0,0.0,0.0,0.0,0.0,1.0,0.0,0.0,1.0,0.0,0.0,0.0,0.0,1.0,0.0,0.0,0.0,0.0,2.0,0.0,0.0,0.0,0.0,0.0,0.0,0.0,0.0,0.0,0.0,1.0,0.0,0.0,0.0,0.0,0.0,1.0,2.0,0.0,2.0,0.0,0.0,0.0,0.0,0.0,0.0,0.0,1.0,0.0,0.0,0.0,1.0,0.0,2.0,2.0,0.0,0.0,0.0,0.0,0.0,0.0,0.0,2.0,2.0,0.0,0.0,0.0,1.0,0.0,0.0,0.0,0.0,0.0,0.0,2.0,1.0,0.0,0.0,1.0,0.0,0.0,0.0,0.0,0.0,0.0,0.0,1.0,0.0,0.0,0.0,0.0,0.0,0.0,0.0,0.0,0.0,0.0,0.0,0.0,0.0,0.0,0.0,0.0,0.0
44.0,8.0,5.0,7.0,4.0,6.0,5.0,4.0,0.0,2.0,3.0,2.0,3.0,4.0,1.0,1.0,1.0,2.0,1.0,1.0,2.0,2.0,1.0,0.0,2.0,2.0,0.0,1.0,1.0,2.0,0.0,0.0,1.0,1.0,0.0,2.0,0.0,0.0,0.0,1.0,2.0,1.0,0.0,0.0,1.0,1.0,2.0,0.0,0.0,0.0,0.0,1.0,0.0,0.0,2.0,0.0,2.0,0.0,0.0,1.0,0.0,0.0,0.0,0.0,2.0,0.0,0.0,0.0,0.0,0.0,1.0,0.0,0.0,0.0,1.0,0.0,0.0,0.0,0.0,0.0,0.0,1.0,2.0,1.0,0.0,0.0,0.0,0.0,1.0,0.0,0.0,0.0,1.0,0.0,0.0,0.0,2.0,0.0,2.0,0.0,0.0,0.0,0.0,0.0,0.0,0.0,0.0,0.0,0.0,0.0,0.0,0.0,1.0,0.0,0.0,0.0,0.0,0.0,0.0,2.0,2.0,0.0,0.0,1.0,0.0,1.0,0.0,0.0,0.0,0.0,0.0,2.0,0.0,0.0,0.0,0.0,0.0,0.0,0.0,0.0,0.0,0.0,0.0,0.0,0.0,0.0,0.0,0.0,0.0
36.0,8.0,6.0,5.0,2.0,6.0,8.0,2.0,0.0,0.0,0.0,3.0,3.0,2.0,0.0,0.0,0.0,0.0,1.0,0.0,5.0,2.0,0.0,0.0,4.0,1.0,0.0,0.0,0.0,1.0,0.0,0.0,0.0,1.0,0.0,2.0,0.0,0.0,1.0,0.0,2.0,0.0,2.0,1.0,0.0,1.0,1.0,0.0,0.0,0.0,0.0,1.0,0.0,0.0,1.0,0.0,0.0,0.0,0.0,1.0,0.0,0.0,0.0,0.0,2.0,1.0,0.0,2.0,0.0,3.0,0.0,1.0,0.0,0.0,0.0,0.0,1.0,0.0,0.0,1.0,0.0,1.0,2.0,0.0,0.0,0.0,0.0,0.0,0.0,0.0,0.0,0.0,2.0,0.0,0.0,0.0,2.0,0.0,2.0,0.0,0.0,0.0,0.0,0.0,0.0,0.0,0.0,0.0,0.0,0.0,0.0,0.0,1.0,0.0,0.0,0.0,0.0,0.0,0.0,2.0,0.0,0.0,0.0,1.0,0.0,1.0,0.0,0.0,0.0,0.0,2.0,2.0,0.0,0.0,0.0,0.0,0.0,0.0,0.0,0.0,1.0,0.0,0.0,0.0,0.0,0.0,0.0,0.0,0.0
36.0,10.0,5.0,5.0,2.0,4.0,8.0,2.0,0.0,0.0,0.0,3.0,3.0,2.0,0.0,0.0,0.0,0.0,1.0,0.0,5.0,2.0,0.0,0.0,4.0,1.0,0.0,0.0,0.0,1.0,0.0,0.0,0.0,1.0,0.0,2.0,0.0,0.0,1.0,0.0,2.0,0.0,0.0,1.0,0.0,1.0,1.0,0.0,0.0,0.0,0.0,1.0,0.0,0.0,1.0,0.0,0.0,0.0,0.0,1.0,0.0,0.0,0.0,0.0,2.0,1.0,0.0,2.0,0.0,3.0,0.0,1.0,0.0,0.0,0.0,0.0,1.0,0.0,0.0,1.0,0.0,1.0,2.0,0.0,0.0,0.0,0.0,0.0,0.0,0.0,0.0,0.0,1.0,0.0,0.0,0.0,2.0,0.0,2.0,0.0,0.0,0.0,1.0,0.0,0.0,0.0,0.0,0.0,0.0,0.0,0.0,0.0,1.0,0.0,0.0,0.0,0.0,0.0,0.0,2.0,0.0,0.0,0.0,1.0,0.0,1.0,0.0,0.0,0.0,0.0,2.0,2.0,0.0,0.0,0.0,0.0,0.0,0.0,0.0,0.0,1.0,0.0,0.0,0.0,0.0,0.0,0.0,0.0,0.0
28.0,2.0,2.0,4.0,0.0,2.0,3.0,0.0,0.0,2.0,6.0,1.0,2.0,0.0,2.0,6.0,4.0,2.0,0.0,0.0,0.0,1.0,4.0,0.0,0.0,0.0,0.0,0.0,2.0,0.0,0.0,0.0,0.0,0.0,0.0,0.0,0.0,0.0,0.0,0.0,0.0,2.0,0.0,0.0,0.0,0.0,0.0,2.0,0.0,2.0,0.0,0.0,0.0,0.0,0.0,0.0,0.0,0.0,0.0,0.0,0.0,0.0,0.0,0.0,0.0,0.0,0.0,0.0,0.0,0.0,0.0,0.0,0.0,0.0,0.0,0.0,0.0,0.0,2.0,0.0,0.0,2.0,0.0,0.0,0.0,0.0,0.0,0.0,0.0,2.0,0.0,0.0,0.0,0.0,0.0,0.0,0.0,0.0,0.0,0.0,0.0,0.0,1.0,0.0,0.0,0.0,0.0,0.0,0.0,2.0,0.0,0.0,0.0,0.0,0.0,0.0,0.0,0.0,0.0,0.0,0.0,0.0,0.0,0.0,0.0,0.0,0.0,0.0,0.0,0.0,0.0,0.0,0.0,0.0,0.0,0.0,0.0,0.0,0.0,0.0,0.0,0.0,0.0,0.0,0.0,0.0,0.0,0.0,0.0
38.0,6.0,2.0,6.0,2.0,2.0,2.0,2.0,0.0,2.0,4.0,0.0,2.0,2.0,2.0,2.0,2.0,2.0,2.0,2.0,0.0,0.0,2.0,0.0,0.0,0.0,0.0,2.0,2.0,0.0,0.0,0.0,2.0,1.0,0.0,4.0,0.0,0.0,0.0,0.0,4.0,2.0,0.0,0.0,2.0,1.0,0.0,0.0,0.0,0.0,0.0,3.0,0.0,0.0,0.0,0.0,0.0,0.0,0.0,3.0,0.0,0.0,0.0,0.0,1.0,0.0,0.0,0.0,0.0,0.0,0.0,0.0,0.0,0.0,0.0,0.0,0.0,0.0,0.0,0.0,0.0,0.0,1.0,0.0,0.0,0.0,0.0,0.0,0.0,0.0,0.0,0.0,0.0,0.0,0.0,0.0,0.0,0.0,1.0,0.0,3.0,0.0,0.0,0.0,0.0,0.0,0.0,0.0,0.0,0.0,3.0,0.0,0.0,0.0,0.0,0.0,0.0,0.0,0.0,0.0,0.0,0.0,0.0,0.0,0.0,0.0,0.0,0.0,0.0,0.0,0.0,0.0,0.0,0.0,0.0,0.0,0.0,0.0,0.0,0.0,0.0,0.0,0.0,0.0,0.0,0.0,0.0,0.0,0.0
71.0,7.0,8.0,11.0,2.0,8.0,8.0,2.0,6.0,2.0,3.0,4.0,8.0,2.0,1.0,1.0,1.0,2.0,1.0,1.0,0.0,8.0,1.0,12.0,0.0,0.0,2.0,1.0,1.0,0.0,0.0,4.0,1.0,0.0,0.0,3.0,6.0,0.0,0.0,0.0,3.0,1.0,0.0,0.0,1.0,0.0,0.0,0.0,0.0,0.0,0.0,3.0,6.0,0.0,0.0,2.0,0.0,0.0,0.0,3.0,0.0,0.0,12.0,6.0,0.0,0.0,1.0,0.0,4.0,0.0,0.0,0.0,0.0,1.0,0.0,0.0,0.0,0.0,0.0,0.0,0.0,2.0,0.0,0.0,0.0,6.0,6.0,0.0,0.0,0.0,1.0,0.0,0.0,0.0,2.0,0.0,0.0,0.0,0.0,0.0,3.0,0.0,0.0,2.0,0.0,0.0,0.0,0.0,0.0,0.0,3.0,0.0,0.0,0.0,0.0,0.0,0.0,0.0,0.0,0.0,0.0,0.0,0.0,0.0,0.0,0.0,0.0,0.0,0.0,0.0,0.0,0.0,0.0,0.0,0.0,0.0,0.0,0.0,0.0,0.0,0.0,0.0,0.0,0.0,0.0,0.0,0.0,0.0,6.0
30.0,2.0,5.0,2.0,0.0,4.0,3.0,0.0,0.0,6.0,8.0,1.0,2.0,0.0,4.0,6.0,4.0,0.0,0.0,0.0,0.0,1.0,0.0,0.0,0.0,0.0,2.0,0.0,2.0,0.0,0.0,0.0,0.0,0.0,0.0,0.0,0.0,0.0,0.0,2.0,0.0,0.0,0.0,0.0,0.0,0.0,0.0,2.0,0.0,2.0,0.0,0.0,0.0,0.0,0.0,1.0,0.0,0.0,0.0,0.0,0.0,0.0,0.0,0.0,0.0,0.0,0.0,0.0,0.0,0.0,2.0,0.0,0.0,0.0,0.0,0.0,0.0,0.0,2.0,0.0,0.0,2.0,0.0,0.0,0.0,0.0,0.0,0.0,0.0,0.0,0.0,0.0,0.0,0.0,0.0,0.0,0.0,0.0,0.0,0.0,0.0,0.0,0.0,0.0,0.0,0.0,0.0,0.0,0.0,0.0,0.0,0.0,0.0,0.0,0.0,0.0,0.0,0.0,0.0,0.0,0.0,0.0,0.0,0.0,0.0,0.0,0.0,0.0,0.0,0.0,0.0,0.0,0.0,0.0,0.0,0.0,0.0,0.0,0.0,0.0,0.0,0.0,0.0,0.0,0.0,0.0,0.0,0.0,0.0
64.0,4.0,9.0,9.0,2.0,7.0,4.0,2.0,6.0,3.0,3.0,2.0,4.0,2.0,1.0,1.0,1.0,2.0,1.0,1.0,0.0,4.0,1.0,6.0,0.0,0.0,4.0,1.0,1.0,0.0,0.0,4.0,1.0,0.0,0.0,3.0,1.0,0.0,0.0,0.0,0.0,1.0,0.0,0.0,1.0,0.0,0.0,0.0,0.0,0.0,0.0,3.0,6.0,0.0,0.0,4.0,0.0,0.0,0.0,0.0,0.0,0.0,2.0,2.0,0.0,0.0,1.0,0.0,2.0,0.0,0.0,0.0,0.0,1.0,0.0,0.0,0.0,0.0,0.0,0.0,0.0,0.0,0.0,0.0,2.0,2.0,6.0,0.0,0.0,0.0,1.0,0.0,0.0,0.0,4.0,0.0,0.0,0.0,0.0,0.0,3.0,0.0,0.0,0.0,0.0,0.0,0.0,1.0,1.0,0.0,0.0,0.0,0.0,0.0,0.0,0.0,0.0,0.0,2.0,0.0,0.0,0.0,0.0,0.0,0.0,0.0,0.0,0.0,0.0,0.0,0.0,0.0,0.0,0.0,0.0,0.0,0.0,0.0,0.0,0.0,0.0,0.0,0.0,0.0,0.0,0.0,0.0,0.0,6.0
36.0,4.0,2.0,4.0,2.0,0.0,0.0,2.0,0.0,12.0,11.0,0.0,0.0,0.0,1.0,3.0,1.0,4.0,0.0,1.0,0.0,0.0,3.0,0.0,0.0,0.0,0.0,1.0,0.0,0.0,0.0,0.0,0.0,0.0,0.0,0.0,0.0,0.0,0.0,0.0,0.0,0.0,0.0,0.0,0.0,0.0,0.0,0.0,0.0,0.0,0.0,0.0,0.0,0.0,0.0,0.0,0.0,0.0,0.0,0.0,0.0,0.0,0.0,0.0,0.0,0.0,0.0,0.0,0.0,0.0,0.0,0.0,0.0,0.0,0.0,0.0,0.0,0.0,0.0,0.0,0.0,0.0,0.0,0.0,0.0,0.0,0.0,0.0,0.0,0.0,0.0,0.0,0.0,0.0,0.0,0.0,0.0,0.0,0.0,0.0,0.0,0.0,3.0,0.0,0.0,0.0,0.0,0.0,0.0,0.0,0.0,0.0,0.0,0.0,0.0,0.0,0.0,0.0,0.0,0.0,0.0,0.0,0.0,0.0,0.0,0.0,0.0,0.0,0.0,0.0,0.0,0.0,0.0,0.0,0.0,0.0,0.0,0.0,0.0,0.0,0.0,0.0,0.0,0.0,0.0,0.0,0.0,0.0,0.0
21.0,3.0,4.0,3.0,0.0,2.0,2.0,0.0,6.0,0.0,0.0,0.0,2.0,0.0,0.0,0.0,0.0,0.0,1.0,0.0,0.0,0.0,0.0,6.0,0.0,0.0,2.0,0.0,0.0,0.0,0.0,4.0,0.0,1.0,0.0,1.0,1.0,0.0,0.0,0.0,1.0,0.0,0.0,0.0,0.0,1.0,0.0,0.0,0.0,0.0,0.0,0.0,6.0,0.0,0.0,0.0,0.0,0.0,0.0,0.0,0.0,0.0,2.0,2.0,1.0,0.0,1.0,0.0,0.0,0.0,0.0,0.0,0.0,1.0,0.0,0.0,0.0,0.0,0.0,0.0,0.0,0.0,1.0,0.0,0.0,2.0,0.0,0.0,0.0,0.0,1.0,0.0,0.0,0.0,0.0,0.0,0.0,0.0,1.0,0.0,0.0,0.0,0.0,0.0,0.0,0.0,1.0,0.0,0.0,0.0,0.0,0.0,0.0,0.0,0.0,0.0,0.0,0.0,0.0,0.0,0.0,0.0,0.0,0.0,0.0,0.0,0.0,0.0,0.0,0.0,0.0,0.0,0.0,0.0,0.0,0.0,0.0,0.0,0.0,0.0,0.0,0.0,0.0,0.0,0.0,0.0,0.0,0.0,6.0
55.0,4.0,7.0,8.0,2.0,7.0,3.0,4.0,2.0,1.0,0.0,1.0,3.0,4.0,0.0,0.0,0.0,0.0,1.0,0.0,0.0,2.0,0.0,4.0,0.0,0.0,3.0,0.0,0.0,0.0,0.0,0.0,0.0,0.0,0.0,3.0,2.0,0.0,0.0,1.0,0.0,0.0,0.0,0.0,0.0,0.0,0.0,0.0,0.0,0.0,0.0,3.0,1.0,0.0,0.0,2.0,2.0,0.0,0.0,0.0,0.0,0.0,0.0,1.0,0.0,0.0,0.0,0.0,1.0,0.0,0.0,0.0,0.0,0.0,0.0,0.0,0.0,0.0,0.0,0.0,0.0,0.0,0.0,0.0,0.0,0.0,1.0,0.0,0.0,0.0,0.0,0.0,0.0,0.0,2.0,0.0,0.0,0.0,0.0,0.0,3.0,0.0,0.0,0.0,0.0,0.0,0.0,0.0,0.0,0.0,0.0,0.0,0.0,0.0,0.0,0.0,0.0,0.0,1.0,0.0,0.0,0.0,0.0,0.0,0.0,0.0,0.0,0.0,0.0,0.0,0.0,0.0,0.0,0.0,0.0,0.0,0.0,0.0,0.0,0.0,0.0,0.0,0.0,0.0,0.0,0.0,0.0,0.0,0.0
25.0,5.0,6.0,3.0,0.0,2.0,6.0,0.0,6.0,0.0,0.0,2.0,2.0,0.0,0.0,0.0,0.0,0.0,1.0,0.0,4.0,2.0,0.0,6.0,2.0,0.0,2.0,0.0,0.0,0.0,0.0,4.0,0.0,1.0,0.0,1.0,1.0,0.0,0.0,0.0,1.0,0.0,0.0,0.0,0.0,0.0,0.0,0.0,0.0,0.0,0.0,0.0,6.0,0.0,0.0,2.0,0.0,0.0,0.0,0.0,0.0,0.0,2.0,2.0,1.0,0.0,1.0,2.0,0.0,2.0,0.0,0.0,0.0,1.0,0.0,0.0,0.0,0.0,0.0,0.0,0.0,0.0,1.0,0.0,0.0,2.0,6.0,0.0,0.0,0.0,1.0,0.0,0.0,0.0,0.0,0.0,2.0,0.0,0.0,0.0,0.0,0.0,0.0,0.0,0.0,0.0,0.0,0.0,0.0,0.0,0.0,0.0,0.0,0.0,0.0,0.0,0.0,0.0,0.0,0.0,0.0,0.0,1.0,0.0,0.0,0.0,0.0,0.0,0.0,0.0,2.0,0.0,0.0,0.0,0.0,0.0,0.0,0.0,0.0,0.0,0.0,0.0,0.0,1.0,0.0,0.0,0.0,4.0,6.0
38.0,5.0,4.0,6.0,2.0,4.0,3.0,4.0,2.0,0.0,0.0,1.0,3.0,4.0,0.0,0.0,0.0,0.0,1.0,0.0,0.0,2.0,0.0,4.0,0.0,0.0,1.0,0.0,0.0,0.0,0.0,0.0,0.0,0.0,0.0,3.0,2.0,0.0,0.0,0.0,3.0,0.0,0.0,0.0,0.0,0.0,0.0,0.0,0.0,0.0,0.0,3.0,1.0,0.0,0.0,1.0,0.0,0.0,0.0,3.0,0.0,0.0,0.0,1.0,0.0,0.0,0.0,0.0,1.0,0.0,0.0,0.0,0.0,0.0,0.0,0.0,0.0,0.0,0.0,0.0,0.0,0.0,0.0,0.0,0.0,0.0,1.0,0.0,0.0,0.0,0.0,0.0,0.0,0.0,1.0,0.0,0.0,0.0,0.0,0.0,3.0,0.0,0.0,0.0,0.0,0.0,0.0,0.0,0.0,0.0,3.0,0.0,1.0,0.0,0.0,0.0,0.0,0.0,1.0,0.0,0.0,0.0,0.0,0.0,0.0,0.0,0.0,0.0,0.0,0.0,0.0,0.0,0.0,0.0,0.0,0.0,0.0,0.0,0.0,0.0,0.0,0.0,0.0,0.0,0.0,0.0,0.0,0.0,0.0
33.0,5.0,15.0,3.0,5.0,4.0,0.0,7.0,13.0,4.0,7.0,0.0,0.0,3.0,2.0,3.0,2.0,3.0,0.0,2.0,0.0,0.0,2.0,4.0,0.0,0.0,0.0,1.0,1.0,0.0,6.0,1.0,1.0,0.0,0.0,0.0,0.0,0.0,0.0,1.0,0.0,0.0,1.0,0.0,0.0,0.0,0.0,0.0,1.0,0.0,7.0,0.0,0.0,1.0,0.0,0.0,2.0,1.0,0.0,0.0,4.0,2.0,0.0,0.0,0.0,0.0,0.0,0.0,0.0,0.0,1.0,0.0,1.0,0.0,1.0,1.0,0.0,0.0,0.0,0.0,0.0,0.0,0.0,0.0,1.0,0.0,0.0,0.0,1.0,0.0,0.0,0.0,0.0,1.0,0.0,0.0,0.0,2.0,0.0,1.0,0.0,1.0,1.0,0.0,2.0,1.0,0.0,0.0,0.0,0.0,0.0,0.0,0.0,0.0,0.0,0.0,0.0,0.0,0.0,0.0,0.0,0.0,0.0,0.0,0.0,0.0,0.0,0.0,0.0,0.0,0.0,0.0,0.0,0.0,0.0,0.0,0.0,0.0,0.0,0.0,0.0,0.0,0.0,0.0,0.0,0.0,0.0,0.0,0.0
44.0,8.0,5.0,7.0,4.0,6.0,5.0,4.0,0.0,2.0,3.0,2.0,3.0,4.0,1.0,1.0,1.0,2.0,1.0,1.0,2.0,2.0,1.0,0.0,2.0,2.0,0.0,1.0,1.0,2.0,0.0,0.0,1.0,1.0,0.0,2.0,0.0,0.0,0.0,0.0,2.0,1.0,1.0,0.0,1.0,1.0,2.0,0.0,0.0,0.0,0.0,1.0,0.0,0.0,2.0,0.0,0.0,0.0,0.0,1.0,0.0,0.0,0.0,0.0,2.0,0.0,0.0,0.0,0.0,0.0,0.0,0.0,0.0,0.0,0.0,1.0,0.0,0.0,0.0,0.0,0.0,1.0,2.0,0.0,2.0,0.0,0.0,0.0,0.0,0.0,0.0,0.0,1.0,0.0,0.0,0.0,2.0,0.0,2.0,1.0,0.0,0.0,0.0,0.0,0.0,0.0,0.0,1.0,1.0,0.0,0.0,0.0,1.0,0.0,0.0,0.0,0.0,0.0,0.0,2.0,2.0,0.0,0.0,1.0,0.0,1.0,0.0,0.0,0.0,0.0,0.0,2.0,0.0,0.0,0.0,0.0,0.0,0.0,0.0,0.0,0.0,0.0,0.0,0.0,0.0,0.0,0.0,0.0,0.0
38.0,8.0,2.0,6.0,2.0,2.0,2.0,2.0,0.0,3.0,5.0,0.0,2.0,2.0,2.0,2.0,2.0,3.0,2.0,2.0,0.0,0.0,2.0,0.0,0.0,0.0,0.0,2.0,2.0,0.0,0.0,0.0,2.0,1.0,0.0,4.0,0.0,0.0,0.0,0.0,4.0,2.0,0.0,0.0,2.0,1.0,0.0,0.0,0.0,0.0,0.0,3.0,0.0,0.0,0.0,0.0,0.0,0.0,0.0,3.0,0.0,0.0,0.0,0.0,1.0,0.0,0.0,0.0,0.0,0.0,0.0,0.0,0.0,0.0,0.0,0.0,0.0,0.0,0.0,0.0,0.0,0.0,1.0,0.0,0.0,0.0,0.0,0.0,0.0,0.0,0.0,0.0,0.0,0.0,0.0,0.0,0.0,0.0,1.0,0.0,3.0,0.0,0.0,0.0,0.0,0.0,0.0,0.0,0.0,0.0,3.0,0.0,0.0,0.0,0.0,0.0,0.0,0.0,0.0,0.0,0.0,0.0,0.0,0.0,0.0,0.0,0.0,0.0,0.0,0.0,0.0,0.0,0.0,0.0,0.0,0.0,0.0,0.0,0.0,0.0,0.0,0.0,0.0,0.0,0.0,0.0,0.0,0.0,0.0
38.0,8.0,2.0,6.0,2.0,2.0,5.0,2.0,0.0,2.0,4.0,1.0,5.0,2.0,2.0,2.0,2.0,2.0,2.0,2.0,0.0,2.0,2.0,0.0,0.0,0.0,2.0,2.0,2.0,0.0,0.0,0.0,2.0,2.0,0.0,3.0,0.0,0.0,0.0,0.0,3.0,2.0,0.0,0.0,2.0,2.0,0.0,0.0,0.0,0.0,0.0,3.0,0.0,0.0,0.0,2.0,0.0,0.0,0.0,3.0,0.0,0.0,0.0,0.0,0.0,0.0,0.0,0.0,1.0,0.0,0.0,0.0,0.0,0.0,0.0,0.0,0.0,0.0,0.0,0.0,0.0,0.0,0.0,0.0,0.0,0.0,0.0,0.0,0.0,0.0,0.0,2.0,0.0,0.0,2.0,0.0,0.0,0.0,0.0,0.0,3.0,0.0,0.0,0.0,0.0,0.0,0.0,0.0,0.0,0.0,3.0,0.0,0.0,0.0,2.0,0.0,0.0,0.0,2.0,0.0,0.0,0.0,0.0,2.0,0.0,0.0,0.0,0.0,0.0,0.0,0.0,0.0,0.0,0.0,0.0,0.0,0.0,0.0,0.0,0.0,0.0,0.0,0.0,0.0,0.0,0.0,0.0,0.0,0.0
38.0,5.0,2.0,6.0,2.0,2.0,1.0,2.0,0.0,2.0,4.0,0.0,1.0,2.0,2.0,2.0,2.0,2.0,2.0,2.0,0.0,0.0,2.0,0.0,0.0,0.0,0.0,2.0,2.0,0.0,0.0,0.0,2.0,1.0,0.0,4.0,0.0,0.0,0.0,0.0,4.0,2.0,0.0,0.0,2.0,1.0,0.0,0.0,0.0,0.0,0.0,3.0,0.0,0.0,0.0,0.0,0.0,0.0,0.0,3.0,0.0,0.0,0.0,0.0,1.0,0.0,0.0,0.0,0.0,0.0,0.0,0.0,0.0,0.0,0.0,0.0,0.0,0.0,0.0,0.0,0.0,0.0,1.0,0.0,0.0,0.0,0.0,0.0,0.0,0.0,0.0,0.0,0.0,0.0,0.0,0.0,0.0,0.0,1.0,0.0,3.0,0.0,0.0,0.0,0.0,0.0,0.0,0.0,0.0,0.0,3.0,0.0,0.0,0.0,0.0,0.0,0.0,0.0,0.0,0.0,0.0,0.0,0.0,0.0,0.0,0.0,0.0,0.0,0.0,0.0,0.0,0.0,0.0,0.0,0.0,0.0,0.0,0.0,0.0,0.0,0.0,0.0,0.0,0.0,0.0,0.0,0.0,0.0,0.0
24.0,4.0,4.0,2.0,0.0,2.0,2.0,0.0,0.0,2.0,4.0,0.0,2.0,0.0,4.0,2.0,4.0,0.0,0.0,0.0,0.0,0.0,0.0,0.0,0.0,0.0,0.0,0.0,2.0,0.0,0.0,0.0,0.0,0.0,2.0,0.0,0.0,0.0,0.0,0.0,0.0,0.0,0.0,0.0,0.0,0.0,0.0,0.0,0.0,0.0,0.0,0.0,0.0,0.0,0.0,0.0,0.0,0.0,0.0,0.0,0.0,0.0,0.0,0.0,0.0,0.0,0.0,0.0,0.0,0.0,0.0,0.0,0.0,0.0,0.0,0.0,0.0,0.0,0.0,0.0,0.0,2.0,0.0,0.0,0.0,0.0,0.0,0.0,0.0,0.0,0.0,0.0,0.0,0.0,0.0,0.0,0.0,0.0,0.0,0.0,0.0,0.0,1.0,0.0,0.0,0.0,0.0,0.0,0.0,0.0,0.0,0.0,0.0,0.0,0.0,0.0,0.0,0.0,0.0,0.0,0.0,0.0,0.0,0.0,0.0,0.0,0.0,0.0,0.0,0.0,0.0,0.0,0.0,0.0,0.0,0.0,0.0,0.0,0.0,0.0,0.0,0.0,0.0,0.0,0.0,0.0,0.0,0.0,0.0
39.0,8.0,3.0,6.0,2.0,3.0,5.0,2.0,0.0,2.0,4.0,1.0,5.0,2.0,2.0,2.0,2.0,2.0,2.0,2.0,0.0,2.0,2.0,0.0,0.0,0.0,3.0,2.0,2.0,0.0,0.0,0.0,2.0,2.0,0.0,3.0,0.0,0.0,0.0,0.0,3.0,2.0,0.0,0.0,2.0,2.0,0.0,0.0,0.0,0.0,0.0,3.0,0.0,0.0,0.0,2.0,0.0,0.0,0.0,3.0,0.0,0.0,0.0,0.0,0.0,0.0,0.0,0.0,1.0,0.0,0.0,0.0,0.0,0.0,0.0,0.0,0.0,0.0,0.0,0.0,0.0,0.0,0.0,0.0,0.0,0.0,0.0,0.0,0.0,0.0,0.0,2.0,0.0,0.0,2.0,0.0,0.0,0.0,0.0,0.0,3.0,0.0,0.0,0.0,0.0,0.0,1.0,0.0,0.0,0.0,3.0,0.0,0.0,0.0,2.0,0.0,0.0,0.0,2.0,0.0,0.0,0.0,0.0,2.0,0.0,0.0,0.0,0.0,0.0,0.0,0.0,0.0,0.0,0.0,0.0,0.0,0.0,0.0,0.0,0.0,0.0,0.0,0.0,0.0,0.0,0.0,0.0,0.0,0.0
44.0,7.0,4.0,7.0,2.0,4.0,3.0,4.0,2.0,0.0,0.0,1.0,3.0,4.0,0.0,0.0,0.0,0.0,1.0,0.0,0.0,2.0,0.0,4.0,0.0,0.0,1.0,0.0,0.0,0.0,0.0,0.0,0.0,0.0,0.0,3.0,2.0,0.0,0.0,0.0,3.0,0.0,0.0,0.0,0.0,0.0,0.0,0.0,0.0,0.0,0.0,3.0,1.0,0.0,0.0,1.0,0.0,0.0,0.0,3.0,0.0,0.0,0.0,1.0,0.0,0.0,0.0,0.0,1.0,0.0,0.0,0.0,0.0,0.0,0.0,0.0,0.0,0.0,0.0,0.0,0.0,0.0,0.0,0.0,0.0,0.0,1.0,0.0,0.0,0.0,0.0,0.0,0.0,0.0,1.0,0.0,0.0,0.0,0.0,0.0,3.0,0.0,1.0,0.0,0.0,0.0,0.0,0.0,0.0,0.0,3.0,0.0,0.0,0.0,0.0,0.0,0.0,0.0,1.0,0.0,0.0,0.0,0.0,0.0,0.0,0.0,0.0,0.0,0.0,0.0,0.0,0.0,0.0,0.0,0.0,0.0,0.0,0.0,0.0,0.0,0.0,0.0,0.0,0.0,0.0,0.0,0.0,0.0,0.0
29.0,5.0,11.0,3.0,5.0,4.0,0.0,7.0,9.0,4.0,7.0,0.0,0.0,3.0,2.0,3.0,2.0,3.0,0.0,2.0,0.0,0.0,2.0,4.0,0.0,0.0,0.0,1.0,1.0,0.0,6.0,1.0,1.0,0.0,0.0,0.0,0.0,0.0,0.0,1.0,0.0,0.0,1.0,0.0,0.0,0.0,0.0,0.0,1.0,0.0,3.0,0.0,0.0,1.0,0.0,0.0,2.0,1.0,0.0,0.0,4.0,2.0,0.0,0.0,0.0,0.0,0.0,0.0,0.0,0.0,1.0,0.0,1.0,0.0,1.0,1.0,0.0,0.0,0.0,0.0,0.0,0.0,0.0,0.0,1.0,0.0,0.0,0.0,1.0,0.0,0.0,0.0,0.0,1.0,0.0,0.0,0.0,2.0,0.0,1.0,0.0,1.0,1.0,0.0,2.0,1.0,0.0,0.0,0.0,0.0,0.0,0.0,0.0,0.0,0.0,0.0,0.0,0.0,0.0,0.0,0.0,0.0,0.0,0.0,0.0,0.0,0.0,0.0,0.0,0.0,0.0,0.0,0.0,0.0,0.0,0.0,1.0,0.0,0.0,0.0,0.0,0.0,0.0,0.0,0.0,0.0,0.0,0.0,0.0
48.0,8.0,5.0,8.0,4.0,6.0,5.0,4.0,0.0,2.0,3.0,2.0,3.0,4.0,1.0,1.0,1.0,2.0,1.0,1.0,2.0,2.0,1.0,0.0,2.0,2.0,0.0,1.0,1.0,2.0,0.0,0.0,1.0,1.0,0.0,2.0,0.0,0.0,0.0,0.0,2.0,1.0,0.0,0.0,1.0,1.0,2.0,0.0,0.0,0.0,0.0,1.0,0.0,0.0,2.0,0.0,0.0,0.0,0.0,1.0,0.0,0.0,0.0,0.0,2.0,0.0,0.0,0.0,0.0,0.0,0.0,0.0,0.0,0.0,0.0,0.0,0.0,0.0,0.0,0.0,0.0,1.0,2.0,0.0,0.0,0.0,0.0,0.0,0.0,0.0,0.0,0.0,1.0,0.0,0.0,0.0,2.0,0.0,2.0,0.0,0.0,0.0,0.0,0.0,0.0,0.0,0.0,0.0,0.0,0.0,0.0,0.0,1.0,0.0,0.0,0.0,0.0,0.0,0.0,2.0,2.0,0.0,0.0,1.0,0.0,1.0,0.0,0.0,0.0,0.0,0.0,2.0,0.0,0.0,0.0,0.0,0.0,0.0,0.0,0.0,0.0,0.0,0.0,0.0,0.0,0.0,0.0,0.0,0.0
21.0,4.0,4.0,3.0,0.0,2.0,3.0,0.0,6.0,0.0,0.0,0.0,3.0,0.0,0.0,0.0,0.0,0.0,1.0,0.0,0.0,0.0,0.0,6.0,0.0,0.0,2.0,0.0,0.0,0.0,0.0,4.0,0.0,2.0,0.0,0.0,1.0,0.0,0.0,0.0,0.0,0.0,0.0,0.0,0.0,2.0,0.0,0.0,0.0,0.0,0.0,0.0,6.0,0.0,0.0,0.0,0.0,0.0,0.0,0.0,0.0,0.0,2.0,2.0,0.0,0.0,1.0,0.0,0.0,0.0,0.0,0.0,0.0,1.0,0.0,0.0,0.0,0.0,0.0,0.0,0.0,0.0,0.0,0.0,0.0,2.0,0.0,0.0,0.0,0.0,1.0,2.0,0.0,0.0,0.0,0.0,0.0,0.0,0.0,0.0,0.0,0.0,0.0,0.0,0.0,0.0,1.0,0.0,0.0,0.0,0.0,0.0,0.0,0.0,2.0,0.0,0.0,0.0,0.0,0.0,0.0,0.0,0.0,0.0,0.0,0.0,0.0,0.0,0.0,0.0,0.0,0.0,0.0,0.0,0.0,0.0,0.0,0.0,0.0,0.0,0.0,0.0,0.0,0.0,0.0,0.0,0.0,0.0,6.0
69.0,8.0,16.0,11.0,6.0,8.0,4.0,6.0,18.0,4.0,9.0,2.0,4.0,2.0,6.0,6.0,8.0,3.0,0.0,6.0,0.0,4.0,4.0,14.0,0.0,0.0,2.0,4.0,2.0,0.0,8.0,8.0,2.0,0.0,2.0,0.0,1.0,4.0,0.0,0.0,0.0,2.0,0.0,0.0,2.0,0.0,0.0,1.0,8.0,2.0,0.0,0.0,6.0,0.0,0.0,2.0,0.0,10.0,1.0,0.0,8.0,0.0,2.0,2.0,0.0,0.0,1.0,0.0,2.0,0.0,0.0,0.0,12.0,1.0,0.0,0.0,0.0,0.0,0.0,0.0,0.0,0.0,0.0,0.0,1.0,2.0,6.0,0.0,0.0,1.0,1.0,0.0,0.0,0.0,2.0,0.0,0.0,8.0,0.0,0.0,0.0,0.0,0.0,0.0,4.0,0.0,0.0,2.0,2.0,0.0,0.0,0.0,0.0,0.0,0.0,0.0,0.0,0.0,0.0,0.0,0.0,0.0,0.0,0.0,0.0,0.0,0.0,0.0,0.0,6.0,0.0,0.0,0.0,0.0,0.0,0.0,0.0,0.0,0.0,0.0,0.0,0.0,0.0,0.0,0.0,0.0,0.0,0.0,0.0
38.0,8.0,2.0,6.0,2.0,2.0,5.0,2.0,0.0,2.0,4.0,1.0,5.0,2.0,2.0,2.0,2.0,2.0,2.0,2.0,0.0,2.0,2.0,0.0,0.0,0.0,2.0,2.0,2.0,0.0,0.0,0.0,2.0,2.0,0.0,3.0,0.0,0.0,0.0,0.0,3.0,2.0,0.0,0.0,2.0,2.0,0.0,0.0,0.0,0.0,0.0,3.0,0.0,0.0,0.0,2.0,0.0,0.0,0.0,3.0,0.0,0.0,0.0,0.0,0.0,0.0,0.0,0.0,1.0,0.0,0.0,0.0,0.0,0.0,0.0,0.0,0.0,0.0,0.0,0.0,0.0,0.0,0.0,0.0,0.0,0.0,0.0,0.0,0.0,0.0,0.0,2.0,0.0,0.0,2.0,0.0,0.0,0.0,0.0,0.0,3.0,0.0,0.0,0.0,0.0,0.0,0.0,0.0,0.0,0.0,3.0,0.0,0.0,0.0,2.0,0.0,0.0,0.0,2.0,0.0,0.0,0.0,0.0,2.0,0.0,0.0,0.0,0.0,0.0,0.0,0.0,0.0,0.0,0.0,0.0,0.0,0.0,0.0,0.0,0.0,0.0,0.0,0.0,0.0,0.0,0.0,0.0,0.0,0.0
48.0,8.0,5.0,8.0,4.0,6.0,5.0,4.0,0.0,2.0,3.0,2.0,3.0,4.0,1.0,1.0,1.0,2.0,1.0,1.0,2.0,2.0,1.0,0.0,2.0,2.0,0.0,1.0,1.0,2.0,0.0,0.0,1.0,1.0,0.0,2.0,0.0,0.0,0.0,0.0,2.0,1.0,0.0,0.0,1.0,1.0,2.0,0.0,0.0,0.0,0.0,1.0,0.0,0.0,2.0,0.0,0.0,0.0,0.0,1.0,0.0,0.0,0.0,0.0,2.0,0.0,0.0,0.0,0.0,0.0,0.0,0.0,0.0,0.0,0.0,0.0,0.0,0.0,0.0,0.0,0.0,1.0,2.0,0.0,2.0,0.0,0.0,0.0,0.0,0.0,0.0,0.0,1.0,0.0,0.0,0.0,2.0,0.0,2.0,0.0,0.0,0.0,0.0,0.0,0.0,0.0,0.0,1.0,1.0,0.0,0.0,0.0,1.0,0.0,0.0,0.0,0.0,0.0,0.0,2.0,2.0,0.0,0.0,1.0,0.0,1.0,0.0,0.0,0.0,0.0,0.0,2.0,0.0,0.0,0.0,0.0,0.0,0.0,0.0,0.0,0.0,0.0,0.0,0.0,0.0,0.0,0.0,0.0,0.0
32.0,4.0,2.0,3.0,2.0,0.0,0.0,2.0,0.0,12.0,11.0,0.0,0.0,0.0,1.0,3.0,1.0,4.0,0.0,1.0,0.0,0.0,3.0,0.0,0.0,0.0,0.0,1.0,0.0,0.0,0.0,0.0,0.0,0.0,0.0,0.0,0.0,0.0,0.0,0.0,0.0,0.0,0.0,0.0,0.0,0.0,0.0,0.0,0.0,0.0,0.0,0.0,0.0,0.0,0.0,0.0,0.0,0.0,0.0,0.0,0.0,0.0,0.0,0.0,0.0,0.0,0.0,0.0,0.0,0.0,0.0,0.0,0.0,0.0,0.0,0.0,0.0,0.0,0.0,0.0,0.0,0.0,0.0,0.0,0.0,0.0,0.0,0.0,0.0,0.0,0.0,0.0,0.0,0.0,0.0,0.0,0.0,0.0,0.0,0.0,0.0,0.0,3.0,0.0,0.0,0.0,0.0,0.0,0.0,0.0,0.0,0.0,0.0,0.0,0.0,0.0,0.0,0.0,0.0,0.0,0.0,0.0,0.0,0.0,0.0,0.0,0.0,0.0,0.0,0.0,0.0,0.0,0.0,0.0,0.0,0.0,0.0,0.0,0.0,0.0,0.0,0.0,0.0,0.0,0.0,0.0,0.0,0.0,0.0
21.0,6.0,4.0,3.0,0.0,2.0,3.0,0.0,6.0,1.0,1.0,0.0,3.0,0.0,0.0,0.0,0.0,1.0,1.0,0.0,0.0,0.0,0.0,6.0,0.0,0.0,2.0,0.0,0.0,0.0,0.0,4.0,0.0,2.0,0.0,0.0,1.0,0.0,0.0,0.0,0.0,0.0,0.0,0.0,0.0,2.0,0.0,0.0,0.0,0.0,0.0,0.0,6.0,0.0,0.0,0.0,0.0,0.0,0.0,0.0,0.0,0.0,2.0,2.0,0.0,0.0,1.0,0.0,0.0,0.0,0.0,0.0,0.0,1.0,0.0,0.0,0.0,0.0,0.0,0.0,0.0,0.0,0.0,0.0,0.0,2.0,0.0,0.0,0.0,0.0,1.0,2.0,0.0,0.0,0.0,0.0,0.0,0.0,0.0,0.0,0.0,0.0,0.0,0.0,0.0,0.0,1.0,0.0,0.0,0.0,0.0,0.0,0.0,0.0,2.0,0.0,0.0,0.0,0.0,0.0,0.0,0.0,0.0,0.0,0.0,0.0,0.0,0.0,0.0,0.0,0.0,0.0,0.0,0.0,0.0,0.0,0.0,0.0,0.0,0.0,0.0,0.0,0.0,0.0,0.0,0.0,0.0,0.0,6.0
31.0,3.0,4.0,5.0,0.0,4.0,2.0,0.0,6.0,0.0,0.0,0.0,2.0,0.0,0.0,0.0,0.0,0.0,1.0,0.0,0.0,0.0,0.0,12.0,0.0,0.0,2.0,0.0,0.0,0.0,0.0,4.0,0.0,1.0,0.0,1.0,6.0,0.0,0.0,0.0,1.0,0.0,0.0,0.0,0.0,1.0,0.0,0.0,0.0,0.0,0.0,0.0,6.0,0.0,0.0,0.0,0.0,0.0,0.0,0.0,0.0,0.0,12.0,6.0,1.0,0.0,1.0,0.0,0.0,0.0,0.0,0.0,0.0,1.0,0.0,0.0,0.0,0.0,0.0,0.0,0.0,0.0,1.0,0.0,0.0,6.0,0.0,0.0,0.0,0.0,1.0,0.0,0.0,0.0,0.0,0.0,0.0,0.0,1.0,0.0,0.0,0.0,0.0,0.0,0.0,0.0,1.0,0.0,0.0,0.0,0.0,0.0,0.0,0.0,0.0,0.0,0.0,0.0,0.0,0.0,0.0,0.0,0.0,0.0,0.0,0.0,0.0,0.0,0.0,0.0,0.0,0.0,0.0,0.0,0.0,0.0,0.0,0.0,0.0,0.0,0.0,0.0,0.0,0.0,0.0,0.0,0.0,0.0,0.0
38.0,6.0,2.0,6.0,2.0,2.0,2.0,2.0,0.0,2.0,4.0,0.0,2.0,2.0,2.0,2.0,2.0,2.0,2.0,2.0,0.0,0.0,2.0,0.0,0.0,0.0,0.0,2.0,2.0,0.0,0.0,0.0,2.0,1.0,0.0,4.0,0.0,0.0,0.0,0.0,4.0,2.0,0.0,0.0,2.0,1.0,0.0,0.0,0.0,0.0,0.0,3.0,0.0,0.0,0.0,0.0,0.0,0.0,0.0,3.0,0.0,0.0,0.0,0.0,1.0,0.0,0.0,0.0,0.0,0.0,0.0,0.0,0.0,0.0,0.0,0.0,0.0,0.0,0.0,0.0,0.0,0.0,1.0,0.0,0.0,0.0,0.0,0.0,0.0,0.0,0.0,0.0,0.0,0.0,0.0,0.0,0.0,0.0,1.0,0.0,3.0,0.0,0.0,0.0,0.0,0.0,0.0,0.0,0.0,0.0,3.0,0.0,0.0,0.0,0.0,0.0,0.0,0.0,0.0,0.0,0.0,0.0,0.0,0.0,0.0,0.0,0.0,0.0,0.0,0.0,0.0,0.0,0.0,0.0,0.0,0.0,0.0,0.0,0.0,0.0,0.0,0.0,0.0,0.0,0.0,0.0,0.0,0.0,0.0
38.0,8.0,2.0,6.0,2.0,2.0,5.0,2.0,0.0,2.0,4.0,1.0,5.0,2.0,2.0,2.0,2.0,2.0,2.0,2.0,0.0,2.0,2.0,0.0,0.0,0.0,2.0,2.0,2.0,0.0,0.0,0.0,2.0,2.0,0.0,3.0,0.0,0.0,0.0,0.0,3.0,2.0,0.0,0.0,2.0,2.0,0.0,0.0,0.0,0.0,0.0,3.0,0.0,0.0,0.0,2.0,0.0,0.0,0.0,3.0,0.0,0.0,0.0,0.0,0.0,0.0,0.0,0.0,1.0,0.0,0.0,0.0,0.0,0.0,0.0,0.0,0.0,0.0,0.0,0.0,0.0,0.0,0.0,0.0,0.0,0.0,0.0,0.0,0.0,0.0,0.0,2.0,0.0,0.0,2.0,0.0,0.0,0.0,0.0,0.0,3.0,0.0,0.0,0.0,0.0,0.0,0.0,0.0,0.0,0.0,3.0,0.0,0.0,0.0,2.0,0.0,0.0,0.0,2.0,0.0,0.0,0.0,0.0,2.0,0.0,0.0,0.0,0.0,0.0,0.0,0.0,0.0,0.0,0.0,0.0,0.0,0.0,0.0,0.0,0.0,0.0,0.0,0.0,0.0,0.0,0.0,0.0,0.0,0.0
18.0,6.0,0.0,3.0,0.0,0.0,2.0,0.0,0.0,0.0,0.0,0.0,2.0,0.0,0.0,0.0,0.0,0.0,1.0,0.0,0.0,0.0,0.0,0.0,0.0,0.0,0.0,0.0,0.0,0.0,0.0,0.0,0.0,1.0,0.0,1.0,0.0,0.0,0.0,0.0,1.0,0.0,0.0,0.0,0.0,1.0,0.0,0.0,0.0,0.0,0.0,0.0,0.0,0.0,0.0,0.0,0.0,0.0,0.0,0.0,0.0,0.0,0.0,0.0,2.0,0.0,0.0,0.0,0.0,0.0,0.0,0.0,0.0,0.0,0.0,0.0,0.0,0.0,0.0,0.0,0.0,0.0,2.0,0.0,0.0,0.0,0.0,0.0,0.0,0.0,0.0,1.0,0.0,0.0,0.0,0.0,0.0,0.0,1.0,0.0,0.0,0.0,1.0,0.0,0.0,0.0,0.0,0.0,0.0,0.0,0.0,0.0,0.0,0.0,1.0,0.0,0.0,0.0,0.0,0.0,0.0,0.0,0.0,0.0,0.0,0.0,0.0,0.0,0.0,0.0,0.0,0.0,0.0,0.0,0.0,0.0,0.0,0.0,0.0,0.0,0.0,1.0,0.0,0.0,0.0,0.0,0.0,0.0,0.0
22.0,4.0,5.0,3.0,0.0,3.0,3.0,0.0,6.0,0.0,0.0,0.0,3.0,0.0,0.0,0.0,0.0,0.0,1.0,0.0,0.0,0.0,0.0,6.0,0.0,0.0,3.0,0.0,0.0,0.0,0.0,4.0,0.0,2.0,0.0,0.0,1.0,0.0,0.0,0.0,0.0,0.0,0.0,0.0,0.0,2.0,0.0,0.0,0.0,0.0,0.0,0.0,6.0,0.0,0.0,0.0,0.0,0.0,0.0,0.0,0.0,0.0,2.0,2.0,0.0,0.0,1.0,0.0,0.0,0.0,0.0,0.0,0.0,1.0,0.0,0.0,0.0,0.0,0.0,0.0,0.0,0.0,0.0,0.0,0.0,2.0,0.0,0.0,0.0,0.0,1.0,2.0,0.0,0.0,0.0,0.0,0.0,0.0,0.0,0.0,0.0,0.0,0.0,0.0,0.0,0.0,2.0,0.0,0.0,0.0,0.0,0.0,0.0,0.0,2.0,0.0,0.0,0.0,0.0,0.0,0.0,0.0,0.0,0.0,0.0,0.0,0.0,0.0,0.0,0.0,0.0,0.0,0.0,0.0,0.0,0.0,0.0,0.0,0.0,0.0,0.0,0.0,0.0,0.0,0.0,0.0,0.0,0.0,6.0
21.0,4.0,4.0,3.0,0.0,2.0,3.0,0.0,6.0,0.0,0.0,0.0,3.0,0.0,0.0,0.0,0.0,0.0,1.0,0.0,0.0,0.0,0.0,6.0,0.0,0.0,2.0,0.0,0.0,0.0,0.0,4.0,0.0,2.0,0.0,0.0,1.0,0.0,0.0,0.0,0.0,0.0,0.0,0.0,0.0,2.0,0.0,0.0,0.0,0.0,0.0,0.0,6.0,0.0,0.0,0.0,0.0,0.0,0.0,0.0,0.0,0.0,2.0,2.0,0.0,0.0,1.0,0.0,0.0,0.0,0.0,0.0,0.0,1.0,0.0,0.0,0.0,0.0,0.0,0.0,0.0,0.0,0.0,0.0,0.0,2.0,0.0,0.0,0.0,0.0,1.0,2.0,0.0,0.0,0.0,0.0,0.0,0.0,0.0,0.0,0.0,0.0,0.0,0.0,0.0,0.0,1.0,0.0,0.0,0.0,0.0,0.0,0.0,0.0,2.0,0.0,0.0,0.0,0.0,0.0,0.0,0.0,0.0,0.0,0.0,0.0,0.0,0.0,0.0,0.0,0.0,0.0,0.0,0.0,0.0,0.0,0.0,0.0,0.0,0.0,0.0,0.0,0.0,0.0,0.0,0.0,0.0,0.0,6.0
36.0,4.0,19.0,3.0,0.0,3.0,3.0,0.0,20.0,0.0,0.0,0.0,3.0,0.0,0.0,0.0,0.0,0.0,1.0,0.0,0.0,0.0,0.0,7.0,0.0,0.0,2.0,0.0,0.0,0.0,0.0,4.0,0.0,2.0,0.0,0.0,1.0,0.0,0.0,0.0,0.0,0.0,0.0,0.0,0.0,2.0,0.0,0.0,0.0,0.0,12.0,0.0,6.0,0.0,0.0,0.0,0.0,0.0,0.0,0.0,0.0,0.0,2.0,2.0,0.0,0.0,1.0,0.0,0.0,0.0,0.0,0.0,0.0,1.0,0.0,0.0,0.0,0.0,0.0,0.0,0.0,0.0,0.0,0.0,0.0,2.0,0.0,0.0,0.0,0.0,1.0,2.0,0.0,0.0,0.0,0.0,0.0,0.0,0.0,0.0,0.0,0.0,0.0,1.0,0.0,0.0,1.0,0.0,0.0,0.0,0.0,0.0,0.0,0.0,2.0,0.0,0.0,0.0,0.0,0.0,0.0,0.0,0.0,0.0,0.0,0.0,0.0,0.0,0.0,0.0,0.0,0.0,0.0,0.0,0.0,0.0,0.0,0.0,0.0,0.0,0.0,0.0,0.0,0.0,0.0,0.0,0.0,7.0,0.0
31.0,4.0,4.0,5.0,0.0,4.0,3.0,0.0,6.0,0.0,0.0,0.0,3.0,0.0,0.0,0.0,0.0,0.0,1.0,0.0,0.0,0.0,0.0,12.0,0.0,0.0,2.0,0.0,0.0,0.0,0.0,4.0,0.0,2.0,0.0,0.0,6.0,0.0,0.0,0.0,0.0,0.0,0.0,0.0,0.0,2.0,0.0,0.0,0.0,0.0,0.0,0.0,6.0,0.0,0.0,0.0,0.0,0.0,0.0,0.0,0.0,0.0,12.0,6.0,0.0,0.0,1.0,0.0,0.0,0.0,0.0,0.0,0.0,1.0,0.0,0.0,0.0,0.0,0.0,0.0,0.0,0.0,0.0,0.0,0.0,6.0,0.0,0.0,0.0,0.0,1.0,2.0,0.0,0.0,0.0,0.0,0.0,0.0,0.0,0.0,0.0,0.0,0.0,0.0,0.0,0.0,1.0,0.0,0.0,0.0,0.0,0.0,0.0,0.0,2.0,0.0,0.0,0.0,0.0,0.0,0.0,0.0,0.0,0.0,0.0,0.0,0.0,0.0,0.0,0.0,0.0,0.0,0.0,0.0,0.0,0.0,0.0,0.0,0.0,0.0,0.0,0.0,0.0,0.0,0.0,0.0,0.0,0.0,0.0
22.0,5.0,4.0,3.0,0.0,2.0,5.0,0.0,6.0,0.0,0.0,1.0,4.0,0.0,0.0,0.0,0.0,0.0,1.0,0.0,0.0,1.0,0.0,6.0,0.0,0.0,2.0,0.0,0.0,0.0,0.0,4.0,0.0,2.0,0.0,0.0,1.0,0.0,0.0,0.0,0.0,0.0,0.0,0.0,0.0,2.0,0.0,0.0,0.0,0.0,0.0,0.0,6.0,0.0,0.0,0.0,0.0,0.0,0.0,0.0,0.0,0.0,2.0,2.0,0.0,0.0,1.0,0.0,0.0,0.0,0.0,0.0,0.0,1.0,0.0,0.0,0.0,0.0,0.0,0.0,0.0,0.0,0.0,0.0,0.0,2.0,0.0,0.0,0.0,0.0,1.0,2.0,0.0,0.0,0.0,0.0,0.0,0.0,0.0,0.0,0.0,0.0,0.0,0.0,0.0,0.0,1.0,0.0,0.0,0.0,0.0,0.0,1.0,0.0,2.0,0.0,0.0,0.0,0.0,0.0,0.0,0.0,0.0,0.0,0.0,0.0,0.0,0.0,0.0,0.0,0.0,0.0,0.0,0.0,0.0,0.0,0.0,0.0,0.0,0.0,0.0,0.0,0.0,0.0,0.0,0.0,0.0,0.0,6.0
35.0,5.0,6.0,5.0,2.0,4.0,3.0,2.0,6.0,3.0,3.0,1.0,2.0,2.0,0.0,0.0,0.0,3.0,1.0,0.0,1.0,1.0,0.0,6.0,1.0,1.0,2.0,0.0,0.0,1.0,0.0,4.0,0.0,0.0,0.0,0.0,1.0,0.0,0.0,0.0,0.0,0.0,0.0,0.0,0.0,0.0,1.0,0.0,0.0,0.0,0.0,0.0,6.0,0.0,1.0,1.0,0.0,0.0,0.0,0.0,0.0,0.0,2.0,2.0,0.0,0.0,1.0,0.0,0.0,0.0,0.0,0.0,0.0,1.0,0.0,0.0,0.0,0.0,0.0,0.0,0.0,0.0,0.0,0.0,2.0,2.0,3.0,0.0,0.0,0.0,1.0,0.0,0.0,0.0,0.0,0.0,1.0,0.0,0.0,0.0,0.0,0.0,0.0,0.0,0.0,0.0,0.0,0.0,0.0,0.0,0.0,0.0,0.0,0.0,0.0,0.0,0.0,0.0,0.0,0.0,1.0,0.0,0.0,0.0,0.0,0.0,0.0,0.0,3.0,0.0,0.0,0.0,0.0,0.0,0.0,0.0,0.0,0.0,0.0,0.0,0.0,0.0,0.0,0.0,0.0,0.0,0.0,0.0,0.0
39.0,13.0,12.0,4.0,4.0,6.0,8.0,4.0,6.0,2.0,5.0,1.0,4.0,4.0,4.0,4.0,6.0,1.0,2.0,4.0,4.0,2.0,2.0,6.0,0.0,0.0,2.0,2.0,4.0,0.0,0.0,4.0,4.0,6.0,2.0,0.0,1.0,4.0,0.0,0.0,0.0,2.0,0.0,0.0,2.0,2.0,0.0,1.0,0.0,2.0,0.0,0.0,0.0,2.0,0.0,2.0,0.0,0.0,1.0,0.0,0.0,4.0,2.0,0.0,0.0,0.0,1.0,0.0,1.0,0.0,0.0,0.0,0.0,0.0,0.0,0.0,0.0,4.0,1.0,0.0,0.0,0.0,0.0,0.0,1.0,0.0,0.0,2.0,0.0,1.0,0.0,12.0,0.0,0.0,2.0,0.0,0.0,0.0,0.0,0.0,0.0,0.0,0.0,4.0,0.0,0.0,0.0,2.0,2.0,1.0,0.0,0.0,0.0,2.0,4.0,0.0,0.0,0.0,2.0,0.0,0.0,0.0,4.0,0.0,0.0,0.0,0.0,0.0,0.0,0.0,0.0,0.0,0.0,8.0,8.0,0.0,0.0,0.0,0.0,0.0,0.0,0.0,0.0,0.0,0.0,0.0,0.0,0.0,0.0
31.0,5.0,8.0,4.0,5.0,6.0,0.0,7.0,5.0,4.0,7.0,0.0,0.0,5.0,2.0,3.0,2.0,3.0,0.0,2.0,0.0,0.0,2.0,4.0,0.0,0.0,0.0,1.0,2.0,0.0,4.0,1.0,2.0,0.0,0.0,0.0,0.0,0.0,0.0,2.0,0.0,1.0,1.0,0.0,1.0,0.0,0.0,0.0,0.0,0.0,1.0,0.0,0.0,1.0,0.0,0.0,4.0,0.0,0.0,0.0,2.0,2.0,0.0,0.0,0.0,0.0,0.0,0.0,0.0,0.0,2.0,0.0,0.0,0.0,2.0,1.0,0.0,0.0,0.0,0.0,0.0,0.0,0.0,1.0,1.0,0.0,0.0,0.0,2.0,0.0,0.0,0.0,0.0,0.0,0.0,0.0,0.0,2.0,0.0,1.0,0.0,1.0,1.0,0.0,2.0,1.0,0.0,0.0,0.0,0.0,0.0,0.0,0.0,0.0,0.0,0.0,0.0,0.0,0.0,0.0,0.0,0.0,0.0,0.0,0.0,0.0,0.0,0.0,0.0,0.0,0.0,0.0,0.0,0.0,0.0,0.0,0.0,0.0,0.0,0.0,0.0,0.0,0.0,0.0,0.0,0.0,0.0,0.0,0.0
28.0,7.0,0.0,4.0,4.0,0.0,2.0,0.0,0.0,3.0,3.0,0.0,2.0,0.0,0.0,0.0,0.0,3.0,1.0,0.0,0.0,0.0,0.0,0.0,0.0,0.0,0.0,0.0,0.0,0.0,0.0,0.0,0.0,1.0,0.0,0.0,0.0,0.0,0.0,0.0,0.0,0.0,0.0,0.0,0.0,1.0,0.0,0.0,0.0,0.0,0.0,0.0,0.0,0.0,0.0,0.0,0.0,0.0,0.0,0.0,0.0,0.0,0.0,0.0,0.0,0.0,0.0,0.0,0.0,0.0,0.0,0.0,0.0,0.0,0.0,0.0,0.0,0.0,0.0,0.0,0.0,0.0,0.0,0.0,0.0,0.0,0.0,0.0,0.0,0.0,0.0,0.0,0.0,0.0,0.0,0.0,0.0,0.0,0.0,0.0,0.0,0.0,0.0,0.0,0.0,0.0,0.0,0.0,0.0,0.0,0.0,0.0,0.0,0.0,0.0,0.0,0.0,0.0,0.0,0.0,0.0,0.0,0.0,0.0,0.0,0.0,0.0,0.0,1.0,0.0,0.0,0.0,0.0,0.0,0.0,0.0,0.0,0.0,0.0,0.0,0.0,0.0,0.0,0.0,0.0,0.0,0.0,0.0,0.0
38.0,6.0,2.0,6.0,2.0,2.0,2.0,2.0,0.0,2.0,4.0,0.0,2.0,2.0,2.0,2.0,2.0,2.0,2.0,2.0,0.0,0.0,2.0,0.0,0.0,0.0,0.0,2.0,2.0,0.0,0.0,0.0,2.0,1.0,0.0,4.0,0.0,0.0,0.0,0.0,4.0,2.0,0.0,0.0,2.0,1.0,0.0,0.0,0.0,0.0,0.0,3.0,0.0,0.0,0.0,0.0,0.0,0.0,0.0,3.0,0.0,0.0,0.0,0.0,1.0,0.0,0.0,0.0,0.0,0.0,0.0,0.0,0.0,0.0,0.0,0.0,0.0,0.0,0.0,0.0,0.0,0.0,1.0,0.0,0.0,0.0,0.0,0.0,0.0,0.0,0.0,0.0,0.0,0.0,0.0,0.0,0.0,0.0,1.0,0.0,3.0,0.0,0.0,0.0,0.0,0.0,0.0,0.0,0.0,0.0,3.0,0.0,0.0,0.0,0.0,0.0,0.0,0.0,0.0,0.0,0.0,0.0,0.0,0.0,0.0,0.0,0.0,0.0,0.0,0.0,0.0,0.0,0.0,0.0,0.0,0.0,0.0,0.0,0.0,0.0,0.0,0.0,0.0,0.0,0.0,0.0,0.0,1.0,0.0
38.0,10.0,2.0,6.0,2.0,2.0,5.0,2.0,0.0,3.0,5.0,1.0,5.0,2.0,2.0,2.0,2.0,3.0,2.0,2.0,0.0,2.0,2.0,0.0,0.0,0.0,2.0,2.0,2.0,0.0,0.0,0.0,2.0,2.0,0.0,3.0,0.0,0.0,0.0,0.0,3.0,2.0,0.0,0.0,2.0,2.0,0.0,0.0,0.0,0.0,0.0,3.0,0.0,0.0,0.0,2.0,0.0,0.0,0.0,3.0,0.0,0.0,0.0,0.0,0.0,0.0,0.0,0.0,1.0,0.0,0.0,0.0,0.0,0.0,0.0,0.0,0.0,0.0,0.0,0.0,0.0,0.0,0.0,0.0,0.0,0.0,0.0,0.0,0.0,0.0,0.0,2.0,0.0,0.0,2.0,0.0,0.0,0.0,0.0,0.0,3.0,0.0,0.0,0.0,0.0,0.0,0.0,0.0,0.0,0.0,3.0,0.0,0.0,0.0,2.0,0.0,0.0,0.0,2.0,0.0,0.0,0.0,0.0,2.0,0.0,0.0,0.0,0.0,0.0,0.0,0.0,0.0,0.0,0.0,0.0,0.0,0.0,0.0,0.0,0.0,0.0,0.0,0.0,0.0,0.0,0.0,0.0,0.0,0.0
27.0,4.0,15.0,2.0,0.0,1.0,3.0,0.0,14.0,0.0,0.0,0.0,3.0,0.0,0.0,0.0,0.0,0.0,1.0,0.0,0.0,0.0,0.0,1.0,0.0,0.0,0.0,0.0,0.0,0.0,0.0,0.0,0.0,2.0,0.0,0.0,0.0,0.0,0.0,0.0,0.0,0.0,0.0,0.0,0.0,2.0,0.0,0.0,0.0,0.0,12.0,0.0,0.0,0.0,0.0,0.0,0.0,0.0,0.0,0.0,0.0,0.0,0.0,0.0,0.0,0.0,0.0,0.0,0.0,0.0,0.0,0.0,0.0,0.0,0.0,0.0,0.0,0.0,0.0,0.0,0.0,0.0,0.0,0.0,0.0,0.0,0.0,0.0,0.0,0.0,0.0,2.0,0.0,0.0,0.0,0.0,0.0,0.0,0.0,0.0,0.0,0.0,0.0,1.0,0.0,0.0,0.0,0.0,0.0,0.0,0.0,0.0,1.0,0.0,2.0,0.0,0.0,0.0,0.0,0.0,0.0,0.0,0.0,0.0,0.0,0.0,0.0,0.0,0.0,0.0,0.0,0.0,0.0,0.0,0.0,0.0,0.0,0.0,0.0,0.0,0.0,0.0,0.0,0.0,0.0,0.0,0.0,7.0,0.0
18.0,3.0,0.0,3.0,0.0,0.0,2.0,0.0,0.0,2.0,2.0,0.0,2.0,0.0,0.0,0.0,0.0,2.0,1.0,0.0,0.0,0.0,0.0,0.0,0.0,0.0,0.0,0.0,0.0,0.0,0.0,0.0,0.0,1.0,0.0,1.0,0.0,0.0,0.0,0.0,1.0,0.0,0.0,0.0,0.0,1.0,0.0,0.0,0.0,0.0,0.0,0.0,0.0,0.0,0.0,0.0,0.0,0.0,0.0,0.0,0.0,0.0,0.0,0.0,1.0,0.0,0.0,0.0,0.0,0.0,0.0,0.0,0.0,0.0,0.0,0.0,0.0,0.0,0.0,0.0,0.0,0.0,1.0,0.0,0.0,0.0,0.0,0.0,0.0,0.0,0.0,0.0,0.0,0.0,0.0,0.0,0.0,0.0,1.0,0.0,0.0,0.0,0.0,0.0,0.0,0.0,0.0,0.0,0.0,0.0,0.0,0.0,0.0,0.0,0.0,0.0,0.0,0.0,0.0,0.0,0.0,0.0,0.0,0.0,0.0,0.0,0.0,0.0,0.0,0.0,0.0,0.0,0.0,0.0,0.0,0.0,0.0,0.0,0.0,0.0,0.0,0.0,0.0,0.0,0.0,0.0,0.0,0.0,0.0
35.0,5.0,6.0,5.0,2.0,4.0,3.0,2.0,6.0,3.0,3.0,1.0,2.0,2.0,0.0,0.0,0.0,3.0,1.0,0.0,1.0,1.0,0.0,6.0,1.0,1.0,2.0,0.0,0.0,1.0,0.0,4.0,0.0,0.0,0.0,0.0,1.0,0.0,0.0,0.0,0.0,0.0,0.0,0.0,0.0,0.0,1.0,0.0,0.0,0.0,0.0,0.0,6.0,0.0,1.0,1.0,0.0,0.0,0.0,0.0,0.0,0.0,2.0,2.0,0.0,0.0,1.0,0.0,0.0,0.0,0.0,0.0,0.0,1.0,0.0,0.0,0.0,0.0,0.0,0.0,0.0,0.0,0.0,0.0,2.0,2.0,3.0,0.0,0.0,0.0,1.0,0.0,0.0,0.0,0.0,0.0,1.0,0.0,0.0,0.0,0.0,0.0,0.0,0.0,0.0,0.0,0.0,0.0,0.0,0.0,0.0,0.0,0.0,0.0,0.0,0.0,0.0,0.0,0.0,0.0,1.0,0.0,0.0,0.0,0.0,0.0,0.0,0.0,3.0,0.0,0.0,0.0,0.0,0.0,0.0,0.0,0.0,0.0,0.0,0.0,0.0,0.0,0.0,0.0,0.0,0.0,0.0,4.0,0.0
20.0,3.0,2.0,3.0,0.0,2.0,2.0,0.0,1.0,0.0,0.0,0.0,2.0,0.0,0.0,0.0,0.0,0.0,1.0,0.0,0.0,0.0,0.0,2.0,0.0,0.0,2.0,0.0,0.0,0.0,0.0,0.0,0.0,1.0,0.0,1.0,1.0,0.0,0.0,0.0,1.0,0.0,0.0,0.0,0.0,1.0,0.0,0.0,0.0,0.0,0.0,0.0,2.0,0.0,0.0,0.0,0.0,0.0,0.0,0.0,0.0,0.0,0.0,2.0,1.0,0.0,0.0,0.0,0.0,0.0,0.0,0.0,0.0,1.0,0.0,0.0,0.0,0.0,0.0,0.0,0.0,0.0,1.0,0.0,0.0,0.0,0.0,0.0,0.0,0.0,0.0,0.0,0.0,0.0,0.0,0.0,0.0,0.0,1.0,0.0,0.0,0.0,0.0,0.0,0.0,0.0,1.0,0.0,0.0,0.0,0.0,0.0,0.0,0.0,0.0,0.0,0.0,0.0,0.0,0.0,0.0,0.0,0.0,0.0,2.0,0.0,0.0,0.0,0.0,0.0,0.0,0.0,0.0,0.0,0.0,0.0,0.0,0.0,0.0,0.0,0.0,0.0,0.0,0.0,0.0,0.0,0.0,0.0,0.0
41.0,6.0,19.0,4.0,1.0,5.0,5.0,1.0,17.0,0.0,0.0,1.0,3.0,1.0,0.0,0.0,0.0,0.0,1.0,0.0,4.0,0.0,0.0,7.0,4.0,1.0,2.0,0.0,0.0,1.0,0.0,1.0,0.0,2.0,0.0,0.0,3.0,0.0,3.0,0.0,0.0,0.0,0.0,3.0,0.0,2.0,4.0,0.0,0.0,0.0,12.0,0.0,4.0,1.0,1.0,0.0,0.0,0.0,0.0,0.0,0.0,1.0,3.0,4.0,0.0,4.0,0.0,0.0,0.0,0.0,0.0,2.0,0.0,1.0,0.0,0.0,0.0,0.0,0.0,0.0,0.0,0.0,0.0,0.0,0.0,0.0,0.0,0.0,0.0,0.0,0.0,2.0,0.0,0.0,0.0,0.0,0.0,0.0,0.0,0.0,0.0,0.0,0.0,1.0,0.0,0.0,1.0,0.0,0.0,0.0,0.0,0.0,0.0,0.0,2.0,0.0,0.0,0.0,0.0,0.0,0.0,0.0,0.0,0.0,0.0,0.0,0.0,0.0,0.0,0.0,0.0,0.0,0.0,0.0,0.0,0.0,0.0,0.0,0.0,0.0,0.0,0.0,0.0,0.0,0.0,0.0,0.0,7.0,0.0
18.0,6.0,0.0,3.0,0.0,0.0,3.0,0.0,0.0,0.0,0.0,0.0,3.0,0.0,0.0,0.0,0.0,0.0,1.0,0.0,0.0,0.0,0.0,0.0,0.0,0.0,0.0,0.0,0.0,0.0,0.0,0.0,0.0,2.0,0.0,0.0,0.0,0.0,0.0,0.0,0.0,0.0,0.0,0.0,0.0,2.0,0.0,0.0,0.0,0.0,0.0,0.0,0.0,0.0,0.0,0.0,0.0,0.0,0.0,0.0,0.0,0.0,0.0,0.0,0.0,0.0,0.0,0.0,0.0,0.0,0.0,0.0,0.0,0.0,0.0,0.0,0.0,0.0,0.0,0.0,0.0,0.0,0.0,0.0,0.0,0.0,0.0,0.0,0.0,0.0,0.0,2.0,0.0,0.0,0.0,0.0,0.0,0.0,0.0,0.0,0.0,0.0,1.0,0.0,0.0,0.0,0.0,0.0,0.0,0.0,0.0,0.0,0.0,0.0,2.0,0.0,0.0,0.0,0.0,0.0,0.0,0.0,0.0,0.0,0.0,0.0,0.0,0.0,0.0,0.0,0.0,0.0,0.0,0.0,0.0,0.0,0.0,0.0,0.0,0.0,0.0,0.0,0.0,0.0,0.0,0.0,0.0,0.0,0.0
30.0,7.0,4.0,4.0,4.0,4.0,2.0,4.0,0.0,4.0,9.0,1.0,2.0,4.0,4.0,6.0,6.0,2.0,0.0,4.0,0.0,2.0,2.0,0.0,0.0,0.0,2.0,0.0,4.0,0.0,0.0,0.0,4.0,0.0,2.0,0.0,0.0,4.0,0.0,0.0,0.0,0.0,0.0,0.0,0.0,0.0,0.0,1.0,0.0,2.0,0.0,0.0,0.0,2.0,0.0,2.0,0.0,0.0,1.0,0.0,0.0,4.0,0.0,0.0,0.0,0.0,0.0,0.0,1.0,0.0,0.0,0.0,0.0,0.0,0.0,0.0,0.0,4.0,1.0,0.0,0.0,0.0,0.0,0.0,0.0,0.0,0.0,2.0,0.0,0.0,0.0,0.0,0.0,0.0,2.0,0.0,0.0,0.0,0.0,0.0,0.0,0.0,3.0,2.0,0.0,0.0,0.0,0.0,0.0,0.0,0.0,0.0,0.0,0.0,0.0,0.0,0.0,0.0,2.0,0.0,0.0,0.0,0.0,0.0,0.0,0.0,0.0,0.0,0.0,0.0,0.0,0.0,0.0,0.0,0.0,0.0,0.0,0.0,0.0,0.0,0.0,0.0,0.0,0.0,0.0,0.0,0.0,0.0,0.0
26.0,5.0,4.0,4.0,1.0,4.0,4.0,1.0,3.0,0.0,0.0,1.0,2.0,1.0,0.0,0.0,0.0,0.0,1.0,0.0,4.0,0.0,0.0,6.0,4.0,1.0,2.0,0.0,0.0,1.0,0.0,1.0,0.0,1.0,0.0,1.0,3.0,0.0,3.0,0.0,1.0,0.0,0.0,3.0,0.0,1.0,4.0,0.0,0.0,0.0,0.0,0.0,4.0,1.0,1.0,0.0,0.0,0.0,0.0,0.0,0.0,1.0,3.0,4.0,1.0,4.0,0.0,0.0,0.0,0.0,0.0,2.0,0.0,1.0,0.0,0.0,0.0,0.0,0.0,0.0,0.0,0.0,1.0,0.0,0.0,0.0,0.0,0.0,0.0,0.0,0.0,0.0,0.0,0.0,0.0,0.0,0.0,0.0,1.0,0.0,0.0,0.0,0.0,0.0,0.0,0.0,1.0,0.0,0.0,0.0,0.0,0.0,0.0,0.0,0.0,0.0,0.0,0.0,0.0,0.0,0.0,0.0,0.0,0.0,0.0,0.0,0.0,0.0,0.0,0.0,0.0,0.0,0.0,0.0,0.0,0.0,0.0,0.0,0.0,0.0,0.0,0.0,0.0,0.0,0.0,0.0,0.0,4.0,0.0
38.0,8.0,2.0,6.0,2.0,2.0,5.0,2.0,0.0,2.0,4.0,1.0,5.0,2.0,2.0,2.0,2.0,2.0,2.0,2.0,0.0,2.0,2.0,0.0,0.0,0.0,2.0,2.0,2.0,0.0,0.0,0.0,2.0,2.0,0.0,3.0,0.0,0.0,0.0,0.0,3.0,2.0,0.0,0.0,2.0,2.0,0.0,0.0,0.0,0.0,0.0,3.0,0.0,0.0,0.0,2.0,0.0,0.0,0.0,3.0,0.0,0.0,0.0,0.0,0.0,0.0,0.0,0.0,1.0,0.0,0.0,0.0,0.0,0.0,0.0,0.0,0.0,0.0,0.0,0.0,0.0,0.0,0.0,0.0,0.0,0.0,0.0,0.0,0.0,0.0,0.0,2.0,0.0,0.0,2.0,0.0,0.0,0.0,0.0,0.0,3.0,0.0,0.0,0.0,0.0,0.0,0.0,0.0,0.0,0.0,3.0,0.0,0.0,0.0,2.0,0.0,0.0,0.0,2.0,0.0,0.0,0.0,0.0,2.0,0.0,0.0,0.0,0.0,0.0,0.0,0.0,0.0,0.0,0.0,0.0,0.0,0.0,0.0,0.0,0.0,0.0,0.0,0.0,0.0,0.0,0.0,0.0,1.0,0.0
32.0,7.0,2.0,5.0,2.0,2.0,3.0,2.0,0.0,3.0,3.0,1.0,2.0,2.0,0.0,0.0,0.0,3.0,1.0,0.0,1.0,1.0,0.0,0.0,1.0,1.0,0.0,0.0,0.0,1.0,0.0,0.0,0.0,0.0,0.0,0.0,0.0,0.0,0.0,0.0,0.0,0.0,0.0,0.0,0.0,0.0,1.0,0.0,0.0,0.0,0.0,0.0,0.0,0.0,1.0,0.0,0.0,0.0,0.0,0.0,0.0,0.0,0.0,0.0,0.0,0.0,0.0,0.0,0.0,0.0,0.0,0.0,0.0,0.0,0.0,0.0,0.0,0.0,0.0,0.0,0.0,0.0,0.0,0.0,2.0,0.0,0.0,0.0,0.0,0.0,0.0,0.0,0.0,0.0,0.0,0.0,1.0,0.0,0.0,0.0,0.0,0.0,1.0,0.0,0.0,0.0,0.0,0.0,0.0,0.0,0.0,0.0,0.0,0.0,0.0,0.0,0.0,0.0,0.0,0.0,1.0,0.0,0.0,0.0,0.0,0.0,0.0,0.0,3.0,0.0,0.0,0.0,0.0,0.0,0.0,0.0,0.0,0.0,0.0,0.0,0.0,0.0,0.0,0.0,0.0,0.0,0.0,0.0,0.0
2.1491542,0.9254229,1.0,0.0,0.0,0.0,0.9254229,0.0,0.0,0.0,0.0,0.0,0.0,0.0,0.0,0.0,0.0,0.0,0.0,0.0,0.9254229,0.0,0.0,0.0,0.0,0.0,0.0,0.0,0.0,0.0,0.0,0.0,0.0,0.0,0.0,0.0,0.0,0.0,0.0,0.0,0.0,0.0,0.0,0.0,0.0,0.0,0.0,0.0,0.0,0.0,0.0,0.0,0.0,0.0,0.0,0.0,0.0,0.0,0.0,0.0,0.0,0.0,0.0,0.0,0.0,0.0,0.0,0.0,0.0,0.0,0.0,0.0,0.0,0.0,0.0,0.0,0.0,0.0,0.0,0.0,0.0,0.0,0.0,0.0,0.0,0.0,0.0,0.0,0.0,0.0,0.0,0.0,0.0,0.0,0.0,0.0,0.0,0.0,0.0,0.0,0.0,0.0,0.0,0.0,0.0,0.0,0.0,0.0,0.0,0.0,0.0,0.0,0.0,0.0,0.0,0.0,0.0,0.0,0.0,0.0,0.0,0.0,0.0,0.0,0.0,0.0,0.0,0.0,0.0,0.0,0.0,0.0,0.0,0.0,0.0,0.0,0.0,0.0,0.0,0.0,0.0,0.0,0.0,0.0,0.0,0.0,0.0,0.0,0.0
28.0,7.0,0.0,4.0,4.0,0.0,2.0,0.0,0.0,3.0,3.0,0.0,2.0,0.0,0.0,0.0,0.0,3.0,1.0,0.0,0.0,0.0,0.0,0.0,0.0,0.0,0.0,0.0,0.0,0.0,0.0,0.0,0.0,1.0,0.0,0.0,0.0,0.0,0.0,0.0,0.0,0.0,0.0,0.0,0.0,1.0,0.0,0.0,0.0,0.0,0.0,0.0,0.0,0.0,0.0,0.0,0.0,0.0,0.0,0.0,0.0,0.0,0.0,0.0,0.0,0.0,0.0,0.0,0.0,0.0,0.0,0.0,0.0,0.0,0.0,0.0,0.0,0.0,0.0,0.0,0.0,0.0,0.0,0.0,0.0,0.0,0.0,0.0,0.0,0.0,0.0,0.0,0.0,0.0,0.0,0.0,0.0,0.0,0.0,0.0,0.0,0.0,0.0,0.0,0.0,0.0,0.0,0.0,0.0,0.0,0.0,0.0,0.0,0.0,0.0,0.0,0.0,0.0,0.0,0.0,0.0,0.0,0.0,0.0,0.0,0.0,0.0,0.0,1.0,0.0,0.0,0.0,0.0,0.0,0.0,0.0,0.0,0.0,0.0,0.0,0.0,0.0,0.0,0.0,0.0,0.0,0.0,0.0,0.0
58.0,8.0,2.0,10.0,2.0,2.0,6.0,2.0,0.0,2.0,4.0,2.0,6.0,2.0,2.0,2.0,2.0,2.0,2.0,2.0,0.0,4.0,2.0,0.0,0.0,0.0,0.0,2.0,2.0,0.0,0.0,0.0,2.0,1.0,0.0,4.0,0.0,0.0,0.0,0.0,4.0,2.0,0.0,0.0,2.0,1.0,0.0,0.0,0.0,0.0,0.0,3.0,0.0,0.0,0.0,0.0,0.0,0.0,0.0,3.0,0.0,0.0,0.0,0.0,1.0,0.0,0.0,0.0,2.0,0.0,0.0,0.0,0.0,0.0,0.0,0.0,0.0,0.0,0.0,0.0,0.0,0.0,1.0,0.0,0.0,0.0,0.0,0.0,0.0,0.0,0.0,0.0,0.0,0.0,0.0,0.0,0.0,0.0,1.0,0.0,3.0,0.0,0.0,0.0,0.0,0.0,0.0,0.0,0.0,0.0,3.0,0.0,0.0,0.0,0.0,0.0,0.0,0.0,0.0,0.0,0.0,0.0,0.0,1.0,0.0,0.0,0.0,0.0,0.0,0.0,0.0,0.0,0.0,0.0,0.0,0.0,0.0,0.0,0.0,0.0,0.0,0.0,0.0,0.0,0.0,0.0,0.0,0.0,0.0
26.0,5.0,2.0,4.0,2.0,2.0,3.0,2.0,0.0,3.0,3.0,1.0,2.0,2.0,0.0,0.0,0.0,3.0,1.0,0.0,1.0,1.0,0.0,0.0,1.0,1.0,0.0,0.0,0.0,1.0,0.0,0.0,0.0,0.0,0.0,0.0,0.0,0.0,0.0,0.0,0.0,0.0,0.0,0.0,0.0,0.0,1.0,0.0,0.0,0.0,0.0,0.0,0.0,0.0,1.0,0.0,0.0,0.0,0.0,0.0,0.0,0.0,0.0,0.0,0.0,0.0,0.0,0.0,0.0,0.0,0.0,0.0,0.0,0.0,0.0,0.0,0.0,0.0,0.0,0.0,0.0,0.0,0.0,0.0,2.0,0.0,0.0,0.0,0.0,0.0,0.0,0.0,0.0,0.0,0.0,0.0,1.0,0.0,0.0,0.0,0.0,0.0,0.0,0.0,0.0,0.0,0.0,0.0,0.0,0.0,0.0,0.0,1.0,0.0,0.0,0.0,0.0,0.0,0.0,0.0,1.0,0.0,0.0,0.0,0.0,0.0,0.0,0.0,3.0,0.0,0.0,1.0,0.0,0.0,0.0,0.0,0.0,0.0,0.0,0.0,0.0,0.0,0.0,0.0,0.0,0.0,0.0,0.0,0.0
46.0,6.0,12.0,6.0,4.0,8.0,2.0,4.0,12.0,2.0,5.0,1.0,2.0,4.0,4.0,4.0,6.0,1.0,1.0,4.0,0.0,2.0,2.0,12.0,0.0,0.0,2.0,2.0,4.0,0.0,0.0,8.0,4.0,0.0,2.0,3.0,2.0,4.0,0.0,0.0,3.0,2.0,1.0,0.0,2.0,0.0,0.0,1.0,0.0,2.0,0.0,3.0,0.0,2.0,0.0,2.0,0.0,0.0,1.0,3.0,0.0,4.0,4.0,0.0,0.0,0.0,2.0,0.0,1.0,0.0,0.0,0.0,0.0,0.0,0.0,0.0,0.0,4.0,1.0,0.0,0.0,0.0,0.0,0.0,1.0,0.0,0.0,2.0,0.0,1.0,0.0,0.0,0.0,0.0,2.0,0.0,0.0,0.0,0.0,0.0,3.0,0.0,0.0,2.0,0.0,0.0,0.0,2.0,2.0,1.0,3.0,0.0,0.0,2.0,0.0,0.0,0.0,0.0,2.0,0.0,0.0,0.0,0.0,2.0,0.0,0.0,0.0,0.0,0.0,0.0,0.0,0.0,0.0,0.0,0.0,0.0,0.0,0.0,0.0,0.0,0.0,0.0,0.0,0.0,0.0,0.0,0.0,0.0,0.0
31.0,5.0,8.0,4.0,5.0,6.0,0.0,7.0,5.0,4.0,7.0,0.0,0.0,5.0,2.0,3.0,2.0,3.0,0.0,2.0,0.0,0.0,2.0,4.0,0.0,0.0,0.0,1.0,2.0,0.0,4.0,1.0,2.0,0.0,0.0,0.0,0.0,0.0,0.0,1.0,0.0,1.0,2.0,0.0,1.0,0.0,0.0,0.0,0.0,0.0,1.0,0.0,0.0,1.0,0.0,0.0,2.0,0.0,0.0,0.0,2.0,2.0,0.0,0.0,0.0,0.0,0.0,0.0,0.0,0.0,1.0,0.0,0.0,0.0,1.0,2.0,0.0,0.0,0.0,0.0,0.0,0.0,0.0,0.0,1.0,0.0,0.0,0.0,1.0,0.0,0.0,0.0,0.0,0.0,0.0,0.0,0.0,2.0,0.0,2.0,0.0,1.0,1.0,0.0,2.0,1.0,0.0,0.0,0.0,0.0,0.0,0.0,0.0,0.0,0.0,0.0,0.0,0.0,0.0,0.0,0.0,0.0,0.0,0.0,0.0,0.0,0.0,0.0,0.0,0.0,0.0,0.0,0.0,0.0,0.0,0.0,0.0,0.0,0.0,0.0,0.0,0.0,0.0,0.0,0.0,0.0,0.0,0.0,0.0
40.0,7.0,6.0,6.0,3.0,6.0,5.0,3.0,3.0,3.0,3.0,2.0,2.0,3.0,0.0,0.0,0.0,3.0,1.0,0.0,5.0,1.0,0.0,6.0,5.0,2.0,2.0,0.0,0.0,2.0,0.0,1.0,0.0,0.0,0.0,0.0,3.0,0.0,3.0,0.0,0.0,0.0,0.0,3.0,0.0,0.0,5.0,0.0,0.0,0.0,0.0,0.0,4.0,1.0,2.0,1.0,0.0,0.0,0.0,0.0,0.0,1.0,3.0,4.0,0.0,4.0,0.0,0.0,0.0,0.0,0.0,2.0,0.0,1.0,0.0,0.0,0.0,0.0,0.0,0.0,0.0,0.0,0.0,0.0,2.0,0.0,2.0,0.0,0.0,0.0,0.0,0.0,0.0,0.0,0.0,0.0,1.0,0.0,0.0,0.0,0.0,0.0,0.0,0.0,0.0,0.0,0.0,0.0,0.0,0.0,0.0,0.0,0.0,0.0,0.0,0.0,0.0,0.0,0.0,0.0,1.0,0.0,0.0,0.0,0.0,0.0,0.0,0.0,3.0,0.0,0.0,0.0,0.0,0.0,0.0,0.0,0.0,0.0,0.0,0.0,0.0,0.0,0.0,0.0,0.0,0.0,0.0,0.0,0.0
28.0,7.0,0.0,4.0,4.0,0.0,2.0,0.0,0.0,3.0,3.0,0.0,2.0,0.0,0.0,0.0,0.0,3.0,1.0,0.0,0.0,0.0,0.0,0.0,0.0,0.0,0.0,0.0,0.0,0.0,0.0,0.0,0.0,1.0,0.0,0.0,0.0,0.0,0.0,0.0,0.0,0.0,0.0,0.0,0.0,1.0,0.0,0.0,0.0,0.0,0.0,0.0,0.0,0.0,0.0,0.0,0.0,0.0,0.0,0.0,0.0,0.0,0.0,0.0,0.0,0.0,0.0,0.0,0.0,0.0,0.0,0.0,0.0,0.0,0.0,0.0,0.0,0.0,0.0,0.0,0.0,0.0,0.0,0.0,0.0,0.0,0.0,0.0,0.0,0.0,0.0,0.0,0.0,0.0,0.0,0.0,0.0,0.0,0.0,0.0,0.0,0.0,0.0,0.0,0.0,0.0,0.0,0.0,0.0,0.0,0.0,0.0,0.0,0.0,0.0,0.0,0.0,0.0,0.0,0.0,0.0,0.0,0.0,0.0,0.0,0.0,0.0,0.0,1.0,0.0,0.0,0.0,0.0,0.0,0.0,0.0,0.0,0.0,0.0,0.0,0.0,0.0,0.0,0.0,0.0,0.0,0.0,1.0,0.0
58.0,10.0,2.0,10.0,2.0,2.0,9.0,2.0,0.0,2.0,4.0,3.0,9.0,2.0,2.0,2.0,2.0,2.0,2.0,2.0,0.0,6.0,2.0,0.0,0.0,0.0,2.0,2.0,2.0,0.0,0.0,0.0,2.0,2.0,0.0,3.0,0.0,0.0,0.0,0.0,3.0,2.0,0.0,0.0,2.0,2.0,0.0,0.0,0.0,0.0,0.0,3.0,0.0,0.0,0.0,2.0,0.0,0.0,0.0,3.0,0.0,0.0,0.0,0.0,0.0,0.0,0.0,0.0,3.0,0.0,0.0,0.0,0.0,0.0,0.0,0.0,0.0,0.0,0.0,0.0,0.0,0.0,0.0,0.0,0.0,0.0,0.0,0.0,0.0,0.0,0.0,2.0,0.0,0.0,2.0,0.0,0.0,0.0,0.0,0.0,3.0,0.0,0.0,0.0,0.0,0.0,0.0,0.0,0.0,0.0,3.0,0.0,1.0,0.0,2.0,0.0,0.0,0.0,2.0,0.0,0.0,0.0,0.0,2.0,0.0,0.0,0.0,0.0,0.0,0.0,0.0,0.0,0.0,0.0,0.0,0.0,0.0,0.0,0.0,0.0,0.0,0.0,0.0,0.0,0.0,0.0,0.0,0.0,0.0
33.0,6.0,8.0,4.0,4.0,6.0,0.0,4.0,6.0,4.0,9.0,0.0,0.0,4.0,4.0,6.0,6.0,2.0,0.0,4.0,0.0,0.0,2.0,6.0,0.0,0.0,0.0,0.0,4.0,0.0,0.0,4.0,4.0,0.0,2.0,0.0,1.0,4.0,0.0,2.0,0.0,0.0,2.0,0.0,0.0,0.0,0.0,1.0,0.0,2.0,0.0,0.0,0.0,2.0,0.0,0.0,2.0,0.0,1.0,0.0,0.0,4.0,2.0,0.0,0.0,0.0,1.0,0.0,0.0,0.0,2.0,0.0,0.0,0.0,2.0,0.0,0.0,4.0,1.0,0.0,0.0,0.0,0.0,0.0,0.0,0.0,0.0,2.0,0.0,0.0,0.0,0.0,0.0,0.0,0.0,0.0,0.0,0.0,0.0,2.0,0.0,2.0,3.0,0.0,0.0,2.0,0.0,0.0,0.0,0.0,0.0,2.0,0.0,0.0,0.0,0.0,0.0,0.0,0.0,0.0,0.0,0.0,0.0,0.0,0.0,0.0,0.0,0.0,0.0,0.0,0.0,0.0,0.0,0.0,0.0,0.0,0.0,0.0,0.0,0.0,0.0,0.0,0.0,0.0,0.0,0.0,0.0,0.0,6.0
39.0,6.0,15.0,4.0,5.0,4.0,0.0,6.0,13.0,2.0,5.0,0.0,0.0,2.0,4.0,4.0,4.0,1.0,1.0,4.0,0.0,0.0,2.0,6.0,0.0,0.0,0.0,2.0,0.0,0.0,8.0,2.0,0.0,0.0,0.0,2.0,1.0,4.0,0.0,0.0,2.0,0.0,2.0,0.0,0.0,0.0,0.0,1.0,6.0,1.0,4.0,3.0,0.0,0.0,0.0,0.0,0.0,5.0,0.0,3.0,0.0,0.0,0.0,0.0,0.0,0.0,0.0,0.0,0.0,0.0,0.0,0.0,8.0,0.0,0.0,0.0,0.0,0.0,0.0,0.0,0.0,0.0,0.0,0.0,0.0,0.0,0.0,0.0,0.0,1.0,0.0,0.0,0.0,0.0,0.0,0.0,0.0,0.0,0.0,0.0,1.0,0.0,0.0,0.0,4.0,0.0,0.0,0.0,0.0,0.0,1.0,0.0,0.0,0.0,0.0,0.0,0.0,0.0,0.0,0.0,0.0,0.0,0.0,0.0,0.0,0.0,0.0,0.0,0.0,1.0,0.0,0.0,0.0,0.0,0.0,0.0,0.0,0.0,0.0,0.0,0.0,0.0,0.0,0.0,0.0,0.0,0.0,0.0,15.0
32.0,5.0,3.0,5.0,2.0,4.0,3.0,2.0,0.0,3.0,3.0,1.0,2.0,2.0,0.0,0.0,0.0,3.0,1.0,0.0,1.0,1.0,0.0,0.0,1.0,1.0,2.0,0.0,0.0,1.0,0.0,0.0,0.0,0.0,0.0,0.0,0.0,0.0,0.0,0.0,0.0,0.0,0.0,0.0,0.0,0.0,1.0,0.0,0.0,0.0,0.0,0.0,0.0,0.0,1.0,1.0,0.0,0.0,0.0,0.0,0.0,0.0,0.0,0.0,0.0,0.0,0.0,0.0,0.0,0.0,0.0,0.0,0.0,0.0,0.0,0.0,0.0,0.0,0.0,0.0,0.0,0.0,0.0,0.0,2.0,0.0,0.0,0.0,0.0,0.0,0.0,0.0,1.0,0.0,0.0,0.0,1.0,0.0,0.0,0.0,0.0,0.0,0.0,0.0,0.0,0.0,0.0,0.0,0.0,0.0,0.0,0.0,0.0,0.0,0.0,0.0,0.0,0.0,0.0,0.0,1.0,0.0,0.0,0.0,0.0,0.0,0.0,0.0,3.0,0.0,0.0,0.0,0.0,0.0,0.0,0.0,0.0,0.0,0.0,0.0,0.0,0.0,0.0,0.0,0.0,0.0,0.0,0.0,0.0
24.0,6.0,0.0,3.0,4.0,0.0,0.0,0.0,0.0,4.0,5.0,0.0,0.0,0.0,0.0,2.0,0.0,2.0,0.0,0.0,0.0,0.0,2.0,0.0,0.0,0.0,0.0,0.0,0.0,0.0,0.0,0.0,0.0,0.0,0.0,0.0,0.0,0.0,0.0,0.0,0.0,0.0,0.0,0.0,0.0,0.0,0.0,0.0,0.0,0.0,0.0,0.0,0.0,0.0,0.0,0.0,0.0,0.0,0.0,0.0,0.0,0.0,0.0,0.0,0.0,0.0,0.0,0.0,0.0,0.0,0.0,0.0,0.0,0.0,0.0,0.0,0.0,0.0,0.0,0.0,0.0,0.0,0.0,0.0,0.0,0.0,0.0,0.0,0.0,0.0,0.0,0.0,0.0,0.0,0.0,0.0,0.0,0.0,0.0,0.0,0.0,0.0,3.0,0.0,0.0,0.0,0.0,0.0,0.0,0.0,0.0,0.0,0.0,0.0,0.0,0.0,0.0,0.0,0.0,0.0,0.0,0.0,0.0,0.0,0.0,0.0,0.0,0.0,0.0,0.0,0.0,0.0,0.0,0.0,0.0,0.0,0.0,0.0,0.0,0.0,0.0,0.0,0.0,0.0,0.0,0.0,0.0,0.0,0.0
21.0,4.0,4.0,3.0,0.0,2.0,2.0,0.0,6.0,0.0,0.0,0.0,2.0,0.0,0.0,0.0,0.0,0.0,1.0,0.0,0.0,0.0,0.0,6.0,0.0,0.0,2.0,0.0,0.0,0.0,0.0,4.0,0.0,1.0,0.0,1.0,1.0,0.0,0.0,0.0,1.0,0.0,0.0,0.0,0.0,1.0,0.0,0.0,0.0,0.0,0.0,0.0,6.0,0.0,0.0,0.0,0.0,0.0,0.0,0.0,0.0,0.0,2.0,2.0,2.0,0.0,1.0,0.0,0.0,0.0,0.0,0.0,0.0,1.0,0.0,0.0,0.0,0.0,0.0,0.0,0.0,0.0,2.0,0.0,0.0,2.0,0.0,0.0,0.0,0.0,1.0,1.0,0.0,0.0,0.0,0.0,0.0,0.0,1.0,0.0,0.0,0.0,0.0,0.0,0.0,0.0,1.0,0.0,0.0,0.0,0.0,0.0,0.0,0.0,1.0,0.0,0.0,0.0,0.0,0.0,0.0,0.0,0.0,0.0,0.0,0.0,0.0,0.0,0.0,0.0,0.0,0.0,0.0,0.0,0.0,0.0,0.0,0.0,0.0,0.0,0.0,1.0,0.0,0.0,0.0,0.0,0.0,4.0,0.0
40.0,7.0,6.0,6.0,3.0,6.0,5.0,3.0,3.0,3.0,3.0,2.0,2.0,3.0,0.0,0.0,0.0,3.0,1.0,0.0,5.0,1.0,0.0,6.0,5.0,2.0,2.0,0.0,0.0,2.0,0.0,1.0,0.0,0.0,0.0,0.0,3.0,0.0,3.0,0.0,0.0,0.0,0.0,3.0,0.0,0.0,5.0,0.0,0.0,0.0,0.0,0.0,4.0,1.0,2.0,1.0,0.0,0.0,0.0,0.0,0.0,1.0,3.0,4.0,0.0,4.0,0.0,0.0,0.0,0.0,0.0,2.0,0.0,1.0,0.0,0.0,0.0,0.0,0.0,0.0,0.0,0.0,0.0,0.0,2.0,0.0,2.0,0.0,0.0,0.0,0.0,0.0,0.0,0.0,0.0,0.0,1.0,0.0,0.0,0.0,0.0,0.0,0.0,0.0,0.0,0.0,0.0,0.0,0.0,0.0,0.0,0.0,0.0,0.0,0.0,0.0,0.0,0.0,0.0,0.0,1.0,0.0,0.0,0.0,0.0,0.0,0.0,0.0,3.0,0.0,0.0,0.0,0.0,0.0,0.0,0.0,0.0,0.0,0.0,0.0,0.0,0.0,0.0,0.0,0.0,0.0,0.0,4.0,0.0
28.0,9.0,0.0,4.0,4.0,0.0,2.0,0.0,0.0,4.0,4.0,0.0,2.0,0.0,0.0,0.0,0.0,4.0,1.0,0.0,0.0,0.0,0.0,0.0,0.0,0.0,0.0,0.0,0.0,0.0,0.0,0.0,0.0,1.0,0.0,0.0,0.0,0.0,0.0,0.0,0.0,0.0,0.0,0.0,0.0,1.0,0.0,0.0,0.0,0.0,0.0,0.0,0.0,0.0,0.0,0.0,0.0,0.0,0.0,0.0,0.0,0.0,0.0,0.0,0.0,0.0,0.0,0.0,0.0,0.0,0.0,0.0,0.0,0.0,0.0,0.0,0.0,0.0,0.0,0.0,0.0,0.0,0.0,0.0,0.0,0.0,0.0,0.0,0.0,0.0,0.0,0.0,0.0,0.0,0.0,0.0,0.0,0.0,0.0,0.0,0.0,0.0,0.0,0.0,0.0,0.0,0.0,0.0,0.0,0.0,0.0,0.0,0.0,0.0,0.0,0.0,0.0,0.0,0.0,0.0,0.0,0.0,0.0,0.0,0.0,0.0,0.0,0.0,1.0,0.0,0.0,0.0,0.0,0.0,0.0,0.0,0.0,0.0,0.0,0.0,0.0,0.0,0.0,0.0,0.0,0.0,0.0,0.0,0.0
32.0,7.0,0.0,5.0,4.0,0.0,2.0,0.0,0.0,3.0,3.0,0.0,2.0,0.0,0.0,0.0,0.0,3.0,1.0,0.0,0.0,0.0,0.0,0.0,0.0,0.0,0.0,0.0,0.0,0.0,0.0,0.0,0.0,1.0,0.0,0.0,0.0,0.0,0.0,0.0,0.0,0.0,0.0,0.0,0.0,1.0,0.0,0.0,0.0,0.0,0.0,0.0,0.0,0.0,0.0,0.0,0.0,0.0,0.0,0.0,0.0,0.0,0.0,0.0,0.0,0.0,0.0,0.0,0.0,0.0,0.0,0.0,0.0,0.0,0.0,0.0,0.0,0.0,0.0,0.0,0.0,0.0,0.0,0.0,0.0,0.0,0.0,0.0,0.0,0.0,0.0,0.0,0.0,0.0,0.0,0.0,0.0,0.0,0.0,0.0,0.0,0.0,0.0,0.0,0.0,0.0,0.0,0.0,0.0,0.0,0.0,0.0,0.0,0.0,0.0,0.0,0.0,0.0,0.0,0.0,0.0,0.0,0.0,0.0,0.0,0.0,0.0,0.0,1.0,0.0,0.0,0.0,0.0,0.0,0.0,0.0,0.0,0.0,0.0,0.0,0.0,0.0,0.0,0.0,0.0,0.0,0.0,0.0,0.0
31.0,3.0,5.0,5.0,0.0,6.0,2.0,0.0,6.0,0.0,0.0,0.0,2.0,0.0,0.0,0.0,0.0,0.0,1.0,0.0,0.0,0.0,0.0,12.0,0.0,0.0,2.0,0.0,0.0,0.0,0.0,4.0,0.0,1.0,0.0,1.0,6.0,0.0,0.0,0.0,1.0,0.0,0.0,0.0,0.0,1.0,0.0,0.0,0.0,0.0,0.0,0.0,6.0,2.0,0.0,0.0,0.0,0.0,0.0,0.0,0.0,0.0,12.0,6.0,1.0,0.0,1.0,0.0,0.0,0.0,0.0,0.0,0.0,1.0,0.0,0.0,0.0,0.0,0.0,0.0,0.0,0.0,1.0,0.0,0.0,6.0,0.0,0.0,0.0,0.0,1.0,0.0,1.0,0.0,0.0,0.0,0.0,0.0,1.0,0.0,0.0,0.0,0.0,0.0,0.0,0.0,1.0,0.0,0.0,0.0,0.0,0.0,0.0,0.0,0.0,0.0,0.0,0.0,0.0,0.0,0.0,0.0,0.0,0.0,0.0,0.0,0.0,0.0,0.0,0.0,0.0,0.0,0.0,0.0,0.0,0.0,0.0,0.0,0.0,0.0,0.0,0.0,0.0,0.0,0.0,0.0,0.0,0.0,0.0
15.0,6.0,1.0,2.0,1.0,0.0,5.0,0.0,0.0,0.0,0.0,2.0,2.0,0.0,0.0,0.0,0.0,0.0,0.0,0.0,2.0,1.0,0.0,0.0,2.0,1.0,0.0,0.0,0.0,0.0,0.0,0.0,0.0,0.0,0.0,0.0,0.0,0.0,0.0,0.0,0.0,0.0,0.0,0.0,0.0,0.0,0.0,0.0,0.0,0.0,0.0,0.0,0.0,0.0,0.0,0.0,0.0,0.0,0.0,0.0,0.0,0.0,0.0,0.0,0.0,0.0,0.0,1.0,0.0,2.0,0.0,0.0,0.0,0.0,0.0,0.0,0.0,0.0,0.0,0.0,0.0,0.0,0.0,0.0,0.0,0.0,0.0,0.0,0.0,0.0,0.0,0.0,0.0,0.0,0.0,0.0,1.0,0.0,0.0,0.0,0.0,0.0,1.0,0.0,0.0,0.0,0.0,0.0,0.0,0.0,0.0,0.0,0.0,0.0,0.0,0.0,0.0,0.0,0.0,0.0,0.0,0.0,0.0,0.0,0.0,0.0,0.0,0.0,0.0,0.0,1.0,0.0,0.0,0.0,0.0,0.0,0.0,0.0,0.0,0.0,0.0,0.0,0.0,0.0,0.0,0.0,0.0,0.0,0.0
38.0,6.0,13.0,4.0,4.0,2.0,2.0,4.0,12.0,2.0,5.0,1.0,2.0,0.0,4.0,4.0,4.0,1.0,1.0,4.0,0.0,2.0,2.0,4.0,0.0,0.0,2.0,2.0,0.0,0.0,8.0,2.0,0.0,0.0,0.0,2.0,0.0,4.0,0.0,0.0,2.0,0.0,0.0,0.0,0.0,0.0,0.0,1.0,6.0,1.0,4.0,3.0,4.0,0.0,0.0,2.0,0.0,5.0,0.0,3.0,0.0,0.0,0.0,0.0,0.0,0.0,0.0,0.0,1.0,0.0,0.0,0.0,8.0,0.0,0.0,0.0,0.0,0.0,0.0,0.0,0.0,0.0,0.0,0.0,0.0,0.0,4.0,0.0,0.0,1.0,0.0,0.0,0.0,0.0,2.0,0.0,0.0,0.0,0.0,0.0,1.0,0.0,0.0,0.0,4.0,0.0,0.0,0.0,0.0,0.0,1.0,0.0,0.0,0.0,0.0,0.0,0.0,0.0,0.0,0.0,0.0,0.0,0.0,0.0,0.0,0.0,0.0,0.0,0.0,1.0,0.0,0.0,0.0,0.0,0.0,0.0,0.0,0.0,0.0,0.0,0.0,0.0,0.0,0.0,0.0,0.0,0.0,0.0,15.0
30.0,6.0,5.0,4.0,4.0,6.0,0.0,4.0,0.0,4.0,9.0,0.0,0.0,4.0,4.0,6.0,6.0,2.0,0.0,4.0,0.0,0.0,2.0,0.0,0.0,0.0,0.0,0.0,4.0,0.0,0.0,0.0,4.0,0.0,2.0,0.0,0.0,4.0,0.0,2.0,0.0,0.0,2.0,0.0,0.0,0.0,0.0,1.0,0.0,2.0,0.0,0.0,0.0,2.0,0.0,0.0,2.0,0.0,1.0,0.0,0.0,4.0,0.0,0.0,0.0,0.0,0.0,0.0,0.0,0.0,2.0,0.0,0.0,0.0,2.0,0.0,0.0,4.0,1.0,0.0,0.0,0.0,0.0,0.0,0.0,0.0,0.0,2.0,0.0,0.0,0.0,0.0,1.0,0.0,0.0,0.0,0.0,0.0,0.0,2.0,0.0,2.0,3.0,0.0,0.0,2.0,0.0,0.0,0.0,0.0,0.0,2.0,0.0,0.0,0.0,0.0,0.0,0.0,0.0,0.0,0.0,0.0,0.0,0.0,0.0,0.0,0.0,0.0,0.0,0.0,0.0,0.0,0.0,0.0,0.0,0.0,0.0,0.0,0.0,0.0,0.0,0.0,0.0,0.0,0.0,0.0,0.0,0.0,0.0
21.0,4.0,4.0,3.0,0.0,2.0,3.0,0.0,6.0,0.0,0.0,0.0,3.0,0.0,0.0,0.0,0.0,0.0,1.0,0.0,0.0,0.0,0.0,6.0,0.0,0.0,2.0,0.0,0.0,0.0,0.0,4.0,0.0,2.0,0.0,0.0,1.0,0.0,0.0,0.0,0.0,0.0,0.0,0.0,0.0,2.0,0.0,0.0,0.0,0.0,0.0,0.0,6.0,0.0,0.0,0.0,0.0,0.0,0.0,0.0,0.0,0.0,2.0,2.0,0.0,0.0,1.0,0.0,0.0,0.0,0.0,0.0,0.0,1.0,0.0,0.0,0.0,0.0,0.0,0.0,0.0,0.0,0.0,0.0,0.0,2.0,0.0,0.0,0.0,0.0,1.0,2.0,0.0,0.0,0.0,0.0,0.0,0.0,0.0,0.0,0.0,0.0,0.0,0.0,0.0,0.0,1.0,0.0,0.0,0.0,0.0,0.0,0.0,0.0,2.0,0.0,0.0,0.0,0.0,0.0,0.0,0.0,0.0,0.0,0.0,0.0,0.0,0.0,0.0,0.0,0.0,0.0,0.0,0.0,0.0,0.0,0.0,0.0,0.0,0.0,0.0,0.0,0.0,0.0,0.0,0.0,0.0,1.0,6.0
32.0,5.0,13.0,3.0,4.0,2.0,0.0,4.0,12.0,2.0,5.0,0.0,0.0,0.0,4.0,4.0,4.0,1.0,1.0,4.0,0.0,0.0,2.0,4.0,0.0,0.0,0.0,2.0,0.0,0.0,8.0,2.0,0.0,0.0,0.0,2.0,0.0,4.0,0.0,0.0,2.0,0.0,1.0,0.0,0.0,0.0,0.0,1.0,6.0,1.0,4.0,3.0,0.0,0.0,0.0,0.0,0.0,5.0,0.0,3.0,0.0,0.0,0.0,0.0,0.0,0.0,0.0,0.0,0.0,0.0,0.0,0.0,8.0,0.0,0.0,0.0,0.0,0.0,0.0,0.0,0.0,0.0,0.0,0.0,0.0,0.0,0.0,0.0,0.0,1.0,0.0,0.0,0.0,0.0,0.0,0.0,0.0,0.0,0.0,0.0,1.0,0.0,0.0,0.0,4.0,0.0,0.0,0.0,0.0,0.0,1.0,0.0,0.0,0.0,0.0,0.0,0.0,0.0,0.0,0.0,0.0,0.0,0.0,0.0,0.0,0.0,0.0,0.0,0.0,1.0,0.0,0.0,0.0,0.0,0.0,0.0,0.0,0.0,0.0,0.0,0.0,0.0,0.0,0.0,0.0,0.0,0.0,0.0,13.0
41.0,5.0,17.0,4.0,4.0,4.0,0.0,4.0,18.0,2.0,5.0,0.0,0.0,0.0,4.0,4.0,4.0,1.0,1.0,4.0,0.0,0.0,2.0,10.0,0.0,0.0,0.0,2.0,0.0,0.0,8.0,6.0,0.0,0.0,0.0,2.0,1.0,4.0,0.0,0.0,2.0,0.0,2.0,0.0,0.0,0.0,0.0,1.0,6.0,1.0,4.0,3.0,0.0,0.0,0.0,0.0,0.0,5.0,0.0,3.0,0.0,0.0,2.0,0.0,0.0,0.0,1.0,0.0,0.0,0.0,0.0,0.0,8.0,0.0,0.0,0.0,0.0,0.0,0.0,0.0,0.0,0.0,0.0,0.0,0.0,0.0,0.0,0.0,0.0,1.0,0.0,0.0,0.0,0.0,0.0,0.0,0.0,0.0,0.0,0.0,1.0,0.0,0.0,0.0,4.0,0.0,0.0,0.0,0.0,0.0,1.0,0.0,0.0,0.0,0.0,0.0,0.0,0.0,0.0,0.0,0.0,0.0,0.0,0.0,0.0,0.0,0.0,0.0,0.0,1.0,0.0,0.0,0.0,0.0,0.0,0.0,0.0,0.0,0.0,0.0,0.0,0.0,0.0,0.0,0.0,0.0,0.0,0.0,19.0
36.0,4.0,19.0,3.0,0.0,3.0,3.0,0.0,20.0,0.0,0.0,0.0,3.0,0.0,0.0,0.0,0.0,0.0,1.0,0.0,0.0,0.0,0.0,7.0,0.0,0.0,2.0,0.0,0.0,0.0,0.0,4.0,0.0,2.0,0.0,0.0,1.0,0.0,0.0,0.0,0.0,0.0,0.0,0.0,0.0,2.0,0.0,0.0,0.0,0.0,12.0,0.0,6.0,0.0,0.0,0.0,0.0,0.0,0.0,0.0,0.0,0.0,2.0,2.0,0.0,0.0,1.0,0.0,0.0,0.0,0.0,0.0,0.0,1.0,0.0,0.0,0.0,0.0,0.0,0.0,0.0,0.0,0.0,0.0,0.0,2.0,0.0,0.0,0.0,0.0,1.0,2.0,0.0,0.0,0.0,0.0,0.0,0.0,0.0,0.0,0.0,0.0,0.0,1.0,0.0,0.0,1.0,0.0,0.0,0.0,0.0,0.0,0.0,0.0,2.0,0.0,0.0,0.0,0.0,0.0,0.0,0.0,0.0,0.0,0.0,0.0,0.0,0.0,0.0,0.0,0.0,0.0,0.0,0.0,0.0,0.0,0.0,0.0,0.0,0.0,0.0,0.0,0.0,0.0,0.0,0.0,0.0,11.0,0.0
21.0,6.0,4.0,3.0,0.0,2.0,3.0,0.0,6.0,1.0,1.0,0.0,3.0,0.0,0.0,0.0,0.0,1.0,1.0,0.0,0.0,0.0,0.0,6.0,0.0,0.0,2.0,0.0,0.0,0.0,0.0,4.0,0.0,2.0,0.0,0.0,1.0,0.0,0.0,0.0,0.0,0.0,0.0,0.0,0.0,2.0,0.0,0.0,0.0,0.0,0.0,0.0,6.0,0.0,0.0,0.0,0.0,0.0,0.0,0.0,0.0,0.0,2.0,2.0,0.0,0.0,1.0,0.0,0.0,0.0,0.0,0.0,0.0,1.0,0.0,0.0,0.0,0.0,0.0,0.0,0.0,0.0,0.0,0.0,0.0,2.0,0.0,0.0,0.0,0.0,1.0,2.0,0.0,0.0,0.0,0.0,0.0,0.0,0.0,0.0,0.0,0.0,0.0,0.0,0.0,0.0,1.0,0.0,0.0,0.0,0.0,0.0,0.0,0.0,2.0,0.0,0.0,0.0,0.0,0.0,0.0,0.0,0.0,0.0,0.0,0.0,0.0,0.0,0.0,0.0,0.0,0.0,0.0,0.0,0.0,0.0,0.0,0.0,0.0,0.0,0.0,0.0,0.0,0.0,0.0,0.0,0.0,4.0,6.0
18.0,6.0,0.0,3.0,0.0,0.0,3.0,0.0,0.0,0.0,0.0,0.0,3.0,0.0,0.0,0.0,0.0,0.0,1.0,0.0,0.0,0.0,0.0,0.0,0.0,0.0,0.0,0.0,0.0,0.0,0.0,0.0,0.0,2.0,0.0,0.0,0.0,0.0,0.0,0.0,0.0,0.0,0.0,0.0,0.0,2.0,0.0,0.0,0.0,0.0,0.0,0.0,0.0,0.0,0.0,0.0,0.0,0.0,0.0,0.0,0.0,0.0,0.0,0.0,0.0,0.0,0.0,0.0,0.0,0.0,0.0,0.0,0.0,0.0,0.0,0.0,0.0,0.0,0.0,0.0,0.0,0.0,0.0,0.0,0.0,0.0,0.0,0.0,0.0,0.0,0.0,2.0,0.0,0.0,0.0,0.0,0.0,0.0,0.0,0.0,0.0,0.0,1.0,0.0,0.0,0.0,0.0,0.0,0.0,0.0,0.0,0.0,0.0,0.0,2.0,0.0,0.0,0.0,0.0,0.0,0.0,0.0,0.0,0.0,0.0,0.0,0.0,0.0,0.0,0.0,0.0,0.0,0.0,0.0,0.0,0.0,0.0,0.0,0.0,0.0,0.0,0.0,0.0,0.0,0.0,0.0,0.0,1.0,0.0
38.0,5.0,9.0,5.0,5.0,7.0,0.0,5.0,3.0,4.0,8.0,0.0,0.0,4.0,6.0,5.0,10.0,3.0,0.0,4.0,0.0,0.0,2.0,3.0,0.0,0.0,0.0,2.0,3.0,0.0,1.0,0.0,3.0,0.0,5.0,0.0,1.0,6.0,0.0,1.0,0.0,1.0,0.0,0.0,1.0,0.0,0.0,1.0,2.0,4.0,0.0,0.0,0.0,1.0,0.0,0.0,2.0,3.0,5.0,0.0,1.0,2.0,0.0,0.0,0.0,0.0,0.0,0.0,0.0,0.0,1.0,0.0,1.0,0.0,1.0,0.0,0.0,2.0,1.0,0.0,0.0,0.0,0.0,1.0,2.0,0.0,0.0,2.0,1.0,0.0,0.0,0.0,0.0,0.0,0.0,0.0,0.0,0.0,0.0,0.0,0.0,0.0,0.0,0.0,0.0,0.0,0.0,1.0,1.0,0.0,0.0,0.0,0.0,0.0,0.0,0.0,4.0,0.0,0.0,0.0,0.0,0.0,0.0,0.0,0.0,0.0,0.0,0.0,0.0,0.0,0.0,0.0,0.0,0.0,0.0,0.0,0.0,0.0,0.0,0.0,0.0,0.0,0.0,0.0,0.0,0.0,0.0,4.0,0.0
21.0,4.0,4.0,3.0,0.0,2.0,3.0,0.0,6.0,0.0,0.0,0.0,3.0,0.0,0.0,0.0,0.0,0.0,1.0,0.0,0.0,0.0,0.0,6.0,0.0,0.0,2.0,0.0,0.0,0.0,0.0,4.0,0.0,2.0,0.0,0.0,1.0,0.0,0.0,0.0,0.0,0.0,0.0,0.0,0.0,2.0,0.0,0.0,0.0,0.0,0.0,0.0,6.0,0.0,0.0,0.0,0.0,0.0,0.0,0.0,0.0,0.0,2.0,2.0,0.0,0.0,1.0,0.0,0.0,0.0,0.0,0.0,0.0,1.0,0.0,0.0,0.0,0.0,0.0,0.0,0.0,0.0,0.0,0.0,0.0,2.0,0.0,0.0,0.0,0.0,1.0,2.0,0.0,0.0,0.0,0.0,0.0,0.0,0.0,0.0,0.0,0.0,0.0,0.0,0.0,0.0,1.0,0.0,0.0,0.0,0.0,0.0,0.0,0.0,2.0,0.0,0.0,0.0,0.0,0.0,0.0,0.0,0.0,0.0,0.0,0.0,0.0,0.0,0.0,0.0,0.0,0.0,0.0,0.0,0.0,0.0,0.0,0.0,0.0,0.0,0.0,0.0,0.0,0.0,0.0,0.0,0.0,5.0,6.0
22.0,5.0,4.0,3.0,0.0,2.0,5.0,0.0,6.0,0.0,0.0,1.0,4.0,0.0,0.0,0.0,0.0,0.0,1.0,0.0,0.0,1.0,0.0,6.0,0.0,0.0,2.0,0.0,0.0,0.0,0.0,4.0,0.0,2.0,0.0,0.0,1.0,0.0,0.0,0.0,0.0,0.0,0.0,0.0,0.0,2.0,0.0,0.0,0.0,0.0,0.0,0.0,6.0,0.0,0.0,0.0,0.0,0.0,0.0,0.0,0.0,0.0,2.0,2.0,0.0,0.0,1.0,0.0,0.0,0.0,0.0,0.0,0.0,1.0,0.0,0.0,0.0,0.0,0.0,0.0,0.0,0.0,0.0,0.0,0.0,2.0,0.0,0.0,0.0,0.0,1.0,2.0,0.0,0.0,0.0,0.0,0.0,0.0,0.0,0.0,0.0,0.0,0.0,0.0,0.0,0.0,1.0,0.0,0.0,0.0,0.0,0.0,1.0,0.0,2.0,0.0,0.0,0.0,0.0,0.0,0.0,0.0,0.0,0.0,0.0,0.0,0.0,0.0,0.0,0.0,0.0,0.0,0.0,0.0,0.0,0.0,0.0,0.0,0.0,0.0,0.0,0.0,0.0,0.0,0.0,0.0,0.0,4.0,6.0
21.0,4.0,4.0,3.0,0.0,2.0,3.0,0.0,6.0,0.0,0.0,0.0,3.0,0.0,0.0,0.0,0.0,0.0,1.0,0.0,0.0,0.0,0.0,6.0,0.0,0.0,2.0,0.0,0.0,0.0,0.0,4.0,0.0,2.0,0.0,0.0,1.0,0.0,0.0,0.0,0.0,0.0,0.0,0.0,0.0,2.0,0.0,0.0,0.0,0.0,0.0,0.0,6.0,0.0,0.0,0.0,0.0,0.0,0.0,0.0,0.0,0.0,2.0,2.0,0.0,0.0,1.0,0.0,0.0,0.0,0.0,0.0,0.0,1.0,0.0,0.0,0.0,0.0,0.0,0.0,0.0,0.0,0.0,0.0,0.0,2.0,0.0,0.0,0.0,0.0,1.0,2.0,0.0,0.0,0.0,0.0,0.0,0.0,0.0,0.0,0.0,0.0,0.0,0.0,0.0,0.0,1.0,0.0,0.0,0.0,0.0,0.0,0.0,0.0,2.0,0.0,0.0,0.0,0.0,0.0,0.0,0.0,0.0,0.0,0.0,0.0,0.0,0.0,0.0,0.0,0.0,0.0,0.0,0.0,0.0,0.0,0.0,0.0,0.0,0.0,0.0,0.0,0.0,0.0,0.0,0.0,0.0,4.0,6.0
22.0,4.0,5.0,3.0,0.0,3.0,3.0,0.0,6.0,0.0,0.0,0.0,3.0,0.0,0.0,0.0,0.0,0.0,1.0,0.0,0.0,0.0,0.0,6.0,0.0,0.0,3.0,0.0,0.0,0.0,0.0,4.0,0.0,2.0,0.0,0.0,1.0,0.0,0.0,0.0,0.0,0.0,0.0,0.0,0.0,2.0,0.0,0.0,0.0,0.0,0.0,0.0,6.0,0.0,0.0,0.0,0.0,0.0,0.0,0.0,0.0,0.0,2.0,2.0,0.0,0.0,1.0,0.0,0.0,0.0,0.0,0.0,0.0,1.0,0.0,0.0,0.0,0.0,0.0,0.0,0.0,0.0,0.0,0.0,0.0,2.0,0.0,0.0,0.0,0.0,1.0,2.0,0.0,0.0,0.0,0.0,0.0,0.0,0.0,0.0,0.0,0.0,0.0,0.0,0.0,0.0,2.0,0.0,0.0,0.0,0.0,0.0,0.0,0.0,2.0,0.0,0.0,0.0,0.0,0.0,0.0,0.0,0.0,0.0,0.0,0.0,0.0,0.0,0.0,0.0,0.0,0.0,0.0,0.0,0.0,0.0,0.0,0.0,0.0,0.0,0.0,0.0,0.0,0.0,0.0,0.0,0.0,4.0,6.0
16.0,3.0,4.0,2.0,1.0,2.0,3.0,0.0,6.0,0.0,0.0,1.0,2.0,0.0,0.0,0.0,0.0,0.0,0.0,0.0,0.0,1.0,0.0,6.0,0.0,1.0,2.0,0.0,0.0,0.0,0.0,4.0,0.0,0.0,0.0,0.0,1.0,0.0,0.0,0.0,0.0,0.0,0.0,0.0,0.0,0.0,0.0,0.0,0.0,0.0,0.0,0.0,6.0,0.0,0.0,1.0,0.0,0.0,0.0,0.0,0.0,0.0,2.0,2.0,0.0,0.0,1.0,0.0,0.0,0.0,0.0,0.0,0.0,1.0,0.0,0.0,0.0,0.0,0.0,0.0,0.0,0.0,0.0,0.0,0.0,2.0,3.0,0.0,0.0,0.0,1.0,0.0,0.0,0.0,0.0,0.0,0.0,0.0,0.0,0.0,0.0,0.0,0.0,0.0,0.0,0.0,0.0,0.0,0.0,0.0,0.0,0.0,0.0,0.0,0.0,0.0,0.0,0.0,0.0,0.0,1.0,0.0,0.0,0.0,0.0,0.0,0.0,0.0,0.0,0.0,0.0,0.0,0.0,0.0,0.0,0.0,0.0,0.0,0.0,0.0,0.0,0.0,0.0,0.0,0.0,0.0,0.0,4.0,0.0
37.0,5.0,8.0,5.0,5.0,7.0,0.0,5.0,2.0,4.0,8.0,0.0,0.0,4.0,6.0,5.0,10.0,3.0,0.0,4.0,0.0,0.0,2.0,1.0,0.0,0.0,0.0,2.0,3.0,0.0,1.0,0.0,3.0,0.0,5.0,0.0,0.0,6.0,0.0,1.0,0.0,1.0,0.0,0.0,1.0,0.0,0.0,1.0,2.0,4.0,0.0,0.0,0.0,1.0,0.0,0.0,2.0,3.0,5.0,0.0,1.0,2.0,0.0,0.0,0.0,0.0,0.0,0.0,0.0,0.0,1.0,0.0,1.0,0.0,1.0,0.0,0.0,2.0,1.0,0.0,0.0,0.0,0.0,1.0,2.0,0.0,0.0,2.0,1.0,0.0,0.0,0.0,1.0,0.0,0.0,0.0,0.0,0.0,0.0,0.0,0.0,0.0,0.0,0.0,0.0,0.0,0.0,1.0,1.0,0.0,0.0,0.0,0.0,0.0,0.0,0.0,4.0,0.0,0.0,0.0,0.0,0.0,0.0,0.0,0.0,0.0,0.0,0.0,0.0,0.0,0.0,0.0,0.0,0.0,0.0,0.0,0.0,0.0,0.0,0.0,0.0,0.0,0.0,0.0,0.0,0.0,0.0,4.0,0.0
35.0,5.0,7.0,5.0,5.0,5.0,0.0,5.0,2.0,4.0,8.0,0.0,0.0,4.0,6.0,5.0,10.0,3.0,0.0,4.0,0.0,0.0,2.0,1.0,0.0,0.0,0.0,2.0,3.0,0.0,1.0,0.0,3.0,0.0,5.0,0.0,0.0,6.0,0.0,1.0,0.0,1.0,0.0,0.0,1.0,0.0,0.0,1.0,2.0,4.0,0.0,0.0,0.0,1.0,0.0,0.0,2.0,3.0,5.0,0.0,1.0,2.0,0.0,0.0,0.0,0.0,0.0,0.0,0.0,0.0,1.0,0.0,1.0,0.0,1.0,0.0,0.0,2.0,1.0,0.0,0.0,0.0,0.0,1.0,0.0,0.0,0.0,2.0,1.0,0.0,0.0,0.0,0.0,0.0,0.0,0.0,0.0,0.0,0.0,0.0,0.0,0.0,0.0,0.0,0.0,0.0,0.0,0.0,0.0,0.0,0.0,0.0,0.0,0.0,0.0,0.0,4.0,0.0,0.0,0.0,0.0,0.0,0.0,0.0,0.0,0.0,0.0,0.0,0.0,0.0,0.0,0.0,0.0,0.0,0.0,0.0,0.0,0.0,0.0,0.0,0.0,0.0,0.0,0.0,0.0,0.0,0.0,4.0,0.0
31.0,5.0,7.0,4.0,5.0,5.0,0.0,5.0,2.0,4.0,8.0,0.0,0.0,4.0,6.0,5.0,10.0,3.0,0.0,4.0,0.0,0.0,2.0,1.0,0.0,0.0,0.0,2.0,3.0,0.0,1.0,0.0,3.0,0.0,5.0,0.0,0.0,6.0,0.0,1.0,0.0,1.0,0.0,0.0,1.0,0.0,0.0,1.0,2.0,4.0,0.0,0.0,0.0,1.0,0.0,0.0,2.0,3.0,5.0,0.0,1.0,2.0,0.0,0.0,0.0,0.0,0.0,0.0,0.0,0.0,1.0,0.0,1.0,0.0,1.0,0.0,0.0,2.0,1.0,0.0,0.0,0.0,0.0,1.0,0.0,0.0,0.0,2.0,1.0,0.0,0.0,0.0,0.0,0.0,0.0,0.0,0.0,0.0,0.0,0.0,0.0,0.0,0.0,0.0,0.0,0.0,0.0,0.0,0.0,0.0,0.0,0.0,0.0,0.0,0.0,0.0,4.0,0.0,0.0,0.0,0.0,0.0,0.0,0.0,0.0,0.0,0.0,0.0,0.0,0.0,0.0,0.0,0.0,0.0,0.0,0.0,0.0,0.0,0.0,0.0,0.0,0.0,0.0,0.0,0.0,0.0,0.0,4.0,0.0
13.0,5.0,0.0,2.0,1.0,0.0,3.0,0.0,0.0,0.0,0.0,1.0,2.0,0.0,0.0,0.0,0.0,0.0,0.0,0.0,0.0,1.0,0.0,0.0,0.0,1.0,0.0,0.0,0.0,0.0,0.0,0.0,0.0,0.0,0.0,0.0,0.0,0.0,0.0,0.0,0.0,0.0,0.0,0.0,0.0,0.0,0.0,0.0,0.0,0.0,0.0,0.0,0.0,0.0,0.0,0.0,0.0,0.0,0.0,0.0,0.0,0.0,0.0,0.0,0.0,0.0,0.0,0.0,0.0,0.0,0.0,0.0,0.0,0.0,0.0,0.0,0.0,0.0,0.0,0.0,0.0,0.0,0.0,0.0,0.0,0.0,0.0,0.0,0.0,0.0,0.0,0.0,0.0,0.0,0.0,0.0,0.0,0.0,0.0,0.0,0.0,0.0,1.0,0.0,0.0,0.0,0.0,0.0,0.0,0.0,0.0,0.0,0.0,0.0,0.0,0.0,0.0,0.0,0.0,0.0,1.0,0.0,0.0,0.0,0.0,0.0,0.0,0.0,0.0,0.0,0.0,0.0,0.0,0.0,0.0,0.0,0.0,0.0,0.0,0.0,0.0,0.0,0.0,0.0,0.0,0.0,0.0,4.0,0.0
15.997734,3.0013337,3.9966688,2.0,1.0006669,2.0,2.988036,0.0006671114,5.9582505,0.0006671114,0.00075056293,0.998002,1.994012,0.0006671114,0.00050025014,0.00050025014,0.00050025014,0.0006671114,0.0,0.00050025014,0.0,0.998002,0.00050025014,5.9582505,0.0,0.998002,1.994012,0.00050025014,0.00050025014,0.0,0.0,3.9800797,0.00050025014,0.0,0.0,0.0,0.998002,0.0,0.0,0.00050025014,0.0,0.00050025014,0.0,0.0,0.00050025014,0.0,0.0,0.0,0.0,0.0,0.0,0.0,5.9582505,0.0,0.0,0.998002,0.0006671114,0.0,0.0,0.0,0.0,0.0,1.994012,1.994012,0.0,0.0,0.998002,0.0,0.0,0.0,0.00050025014,0.0,0.0,0.998002,0.00050025014,0.0,0.0,0.0,0.0,0.0,0.0,0.0,0.0,0.00050025014,0.0,1.994012,2.988036,0.0,0.00050025014,0.0,0.998002,0.0,0.0,0.0,0.0,0.0,0.0,0.0,0.0,0.0,0.0,0.0,0.00050025014,0.0,0.0,0.0,0.0,0.0,0.0,0.0,0.0,0.0,0.0,0.0,0.0,0.0,0.0,0.0,0.0,0.0,0.998002,0.0,0.0,0.0,0.0,0.0,0.0,0.0,0.0,0.0,0.0,0.0,0.0,0.0,0.0,0.0,0.0,0.0,0.0,0.0,0.0,0.0,0.0,0.0,0.0,0.0,0.0,0.0,0.0
15.993203,3.004004,3.99002,2.0,1.002002,2.0,2.9643211,0.002004008,5.876228,0.002004008,0.002255074,0.99401796,1.9821074,0.002004008,0.0015022533,0.0015022533,0.0015022533,0.002004008,0.0,0.0015022533,0.0,0.99401796,0.0015022533,5.876228,0.0,0.99401796,1.9821074,0.0015022533,0.0015022533,0.0,0.0,3.9407115,0.0015022533,0.0,0.0,0.0,0.99401796,0.0,0.0,0.0015022533,0.0,0.0015022533,0.0,0.0,0.0015022533,0.0,0.0,0.0,0.0,0.0,0.0,0.0,5.876228,0.0,0.0,0.99401796,0.002004008,0.0,0.0,0.0,0.0,0.0,1.9821074,1.9821074,0.0,0.0,0.99401796,0.0,0.0,0.0,0.0015022533,0.0,0.0,0.99401796,0.0015022533,0.0,0.0,0.0,0.0,0.0,0.0,0.0,0.0,0.0015022533,0.0,1.9821074,2.9643211,0.0,0.0015022533,0.0,0.99401796,0.0,0.0,0.0,0.0,0.0,0.0,0.0,0.0,0.0,0.0,0.0,0.0015022533,0.0,0.0,0.0,0.0,0.0,0.0,0.0,0.0,0.0,0.0,0.0,0.0,0.0,0.0,0.0,0.0,0.0,0.99401796,0.0,0.0,0.0,0.0,0.0,0.0,0.0,0.0,0.0,0.0,0.0,0.0,0.0,0.0,0.0,0.0,0.0,0.0,0.0,0.0,0.0,0.0,0.0,0.0,0.0,0.0,0.0,0.0
15.988674,3.0066779,3.9833887,2.0,1.0033389,2.0,2.9408867,0.0033444816,5.7961164,0.0033444816,0.0037641155,0.9900498,1.970297,0.0033444816,0.0025062656,0.0025062656,0.0025062656,0.0033444816,0.0,0.0025062656,0.0,0.9900498,0.0025062656,5.7961164,0.0,0.9900498,1.970297,0.0025062656,0.0025062656,0.0,0.0,3.9019608,0.0025062656,0.0,0.0,0.0,0.9900498,0.0,0.0,0.0025062656,0.0,0.0025062656,0.0,0.0,0.0025062656,0.0,0.0,0.0,0.0,0.0,0.0,0.0,5.7961164,0.0,0.0,0.9900498,0.0033444816,0.0,0.0,0.0,0.0,0.0,1.970297,1.970297,0.0,0.0,0.9900498,0.0,0.0,0.0,0.0025062656,0.0,0.0,0.9900498,0.0025062656,0.0,0.0,0.0,0.0,0.0,0.0,0.0,0.0,0.0025062656,0.0,1.970297,2.9408867,0.0,0.0025062656,0.0,0.9900498,0.0,0.0,0.0,0.0,0.0,0.0,0.0,0.0,0.0,0.0,0.0,0.0025062656,0.0,0.0,0.0,0.0,0.0,0.0,0.0,0.0,0.0,0.0,0.0,0.0,0.0,0.0,0.0,0.0,0.0,0.9900498,0.0,0.0,0.0,0.0,0.0,0.0,0.0,0.0,0.0,0.0,0.0,0.0,0.0,0.0,0.0,0.0,0.0,0.0,0.0,0.0,0.0,0.0,0.0,0.0,0.0,0.0,0.0,0.0
5.1646852,2.1471283,3.0,0.0,0.68491995,0.0,2.0,0.68491995,1.56246,0.0,0.0,0.68491995,0.0,0.0,0.0,0.0,0.0,0.0,0.10314396,0.0,1.1329541,0.0,0.0,0.0,0.68491995,0.68491995,0.0,0.0,0.0,0.68491995,1.1834061,0.68491995,0.0,0.14242193,0.0,0.0,0.0,0.0,0.0,0.0,0.0,0.0,0.0,0.0,0.0,0.0,0.0,0.0,0.0,0.0,0.0,0.0,0.0,0.0,0.0,0.0,0.0,0.0,0.0,0.0,0.0,0.0,0.0,0.0,0.14242193,0.0,0.0,0.0,0.0,0.0,0.0,0.0,0.0,0.0,0.0,0.0,0.0,0.0,0.0,0.0,1.1834061,0.0,0.0,0.0,0.0,0.0,0.0,0.0,0.0,0.0,0.0,0.14242193,0.0,0.0,0.0,1.1834061,0.0,0.0,0.0,0.0,0.0,0.0,0.0,0.0,0.68491995,0.0,0.0,0.0,0.0,0.0,0.0,0.0,0.0,0.0,0.0,1.1834061,0.0,0.0,0.0,0.0,0.0,0.0,0.14242193,0.0,0.0,0.0,0.0,0.0,0.0,0.0,0.0,0.0,0.0,0.14242193,0.14242193,0.0,0.0,0.0,0.0,0.68491995,0.0,0.14242193,0.0,0.14242193,0.0,0.68491995,0.0,0.0,0.0
1.9411764,0.0989011,1.4193548,0.0,0.0,0.0,0.0,0.0,0.78571427,0.06382979,0.0,0.0,0.0,0.0,0.0,0.0,0.0,0.0,0.06382979,0.0,0.0,0.0,0.0,0.0,0.0,0.0,0.0,0.0,0.0,0.0,0.0,0.0,0.0,0.0,0.0,0.0,0.0,0.0,0.0,0.0,0.0,0.0,0.0,0.0,0.0,0.0,0.0,0.0,0.0,0.0,0.0,0.0,0.0,0.0,0.0,0.0,0.0,0.0,0.0,0.0,0.0,0.0,0.0,0.0,0.0,0.0,0.0,0.0,0.0,0.0,0.0,0.0,0.0,0.0,0.0,0.0,0.0,0.0,0.0,0.0,0.0,0.0,0.0,0.0,0.0,0.0,0.0,0.0,0.0,0.0,0.0,0.0,0.0,0.0,0.0,0.0,0.0,0.0,0.0,0.0,0.0,0.0,0.0,0.0,0.0,0.0,0.0,0.0,0.0,0.0,0.0,0.0,0.0,0.0,0.0,0.0,0.0,0.0,0.0,0.0,0.0,0.0,0.0,0.0,0.0,0.0,0.0,0.0,0.0,0.0,0.0,0.0,0.0,0.0,0.0,0.0,0.0,0.0,0.0,0.0,0.0,0.0,0.0,0.0,0.0,0.0,0.0,0.0,0.0
1.7586207,0.12676056,1.3076923,0.0,0.0,0.0,0.0,0.0,0.73913044,0.08108108,0.0,0.0,0.0,0.0,0.0,0.0,0.0,0.0,0.08108108,0.0,0.0,0.0,0.0,0.0,0.0,0.0,0.0,0.0,0.0,0.0,0.0,0.0,0.0,0.0,0.0,0.0,0.0,0.0,0.0,0.0,0.0,0.0,0.0,0.0,0.0,0.0,0.0,0.0,0.0,0.0,0.0,0.0,0.0,0.0,0.0,0.0,0.0,0.0,0.0,0.0,0.0,0.0,0.0,0.0,0.0,0.0,0.0,0.0,0.0,0.0,0.0,0.0,0.0,0.0,0.0,0.0,0.0,0.0,0.0,0.0,0.0,0.0,0.0,0.0,0.0,0.0,0.0,0.0,0.0,0.0,0.0,0.0,0.0,0.0,0.0,0.0,0.0,0.0,0.0,0.0,0.0,0.0,0.0,0.0,0.0,0.0,0.0,0.0,0.0,0.0,0.0,0.0,0.0,0.0,0.0,0.0,0.0,0.0,0.0,0.0,0.0,0.0,0.0,0.0,0.0,0.0,0.0,0.0,0.0,0.0,0.0,0.0,0.0,0.0,0.0,0.0,0.0,0.0,0.0,0.0,0.0,0.0,0.0,0.0,0.0,0.0,0.0,0.0,0.0
1.5,0.1764706,1.1428572,0.0,0.0,0.0,0.0,0.0,0.6666667,0.11111111,0.0,0.0,0.0,0.0,0.0,0.0,0.0,0.0,0.11111111,0.0,0.0,0.0,0.0,0.0,0.0,0.0,0.0,0.0,0.0,0.0,0.0,0.0,0.0,0.0,0.0,0.0,0.0,0.0,0.0,0.0,0.0,0.0,0.0,0.0,0.0,0.0,0.0,0.0,0.0,0.0,0.0,0.0,0.0,0.0,0.0,0.0,0.0,0.0,0.0,0.0,0.0,0.0,0.0,0.0,0.0,0.0,0.0,0.0,0.0,0.0,0.0,0.0,0.0,0.0,0.0,0.0,0.0,0.0,0.0,0.0,0.0,0.0,0.0,0.0,0.0,0.0,0.0,0.0,0.0,0.0,0.0,0.0,0.0,0.0,0.0,0.0,0.0,0.0,0.0,0.0,0.0,0.0,0.0,0.0,0.0,0.0,0.0,0.0,0.0,0.0,0.0,0.0,0.0,0.0,0.0,0.0,0.0,0.0,0.0,0.0,0.0,0.0,0.0,0.0,0.0,0.0,0.0,0.0,0.0,0.0,0.0,0.0,0.0,0.0,0.0,0.0,0.0,0.0,0.0,0.0,0.0,0.0,0.0,0.0,0.0,0.0,0.0,0.0,0.0
3.642857,0.2,2.387097,0.0,0.0,0.0,0.2,0.0,1.3333334,0.2,0.2,0.11111111,0.0,0.0,0.1904762,0.1904762,0.20689656,0.0,0.11111111,0.0,0.1904762,0.0,0.0,0.0,0.11111111,0.0,0.0,0.0,0.0,0.0,0.0,0.1904762,0.0,0.1764706,0.15384616,0.0,0.0,0.0,0.0,0.0,0.0,0.0,0.0,0.0,0.0,0.0,0.0,0.11111111,0.0,0.15384616,0.0,0.0,0.0,0.0,0.0,0.0,0.0,0.0,0.11111111,0.0,0.0,0.0,0.0,0.0,0.0,0.0,0.11111111,0.0,0.0,0.0,0.0,0.0,0.0,0.0,0.0,0.0,0.0,0.0,0.0,0.0,0.2264151,0.0,0.0,0.0,0.0,0.0,0.0,0.0,0.0,0.0,0.0,0.20689656,0.0,0.0,0.0,0.1764706,0.0,0.0,0.0,0.0,0.0,0.0,0.0,0.0,0.0,0.0,0.0,0.0,0.0,0.0,0.0,0.0,0.0,0.0,0.0,0.0,0.0,0.0,0.0,0.0,0.0,0.0,0.1764706,0.0,0.0,0.0,0.0,0.0,0.0,0.0,0.0,0.0,0.0,0.20689656,0.1764706,0.0,0.0,0.0,0.0,0.2264151,0.0,0.0,0.0,0.0,0.0,0.1764706,0.0,0.0,0.0
2.61071,0.19204903,1.8376077,0.0,0.0,0.0,0.12496485,0.0,1.0587025,0.16881599,0.12496485,0.07140944,0.0,0.0,0.119369574,0.119369574,0.12899584,0.0,0.11111111,0.0,0.119369574,0.0,0.0,0.0,0.07140944,0.0,0.0,0.0,0.0,0.0,0.0,0.119369574,0.0,0.111080244,0.09753421,0.0,0.0,0.0,0.0,0.0,0.0,0.0,0.0,0.0,0.0,0.0,0.0,0.07140944,0.0,0.09753421,0.0,0.0,0.0,0.0,0.0,0.0,0.0,0.0,0.07140944,0.0,0.0,0.0,0.0,0.0,0.0,0.0,0.07140944,0.0,0.0,0.0,0.0,0.0,0.0,0.0,0.0,0.0,0.0,0.0,0.0,0.0,0.14031087,0.0,0.0,0.0,0.0,0.0,0.0,0.0,0.0,0.0,0.0,0.12899584,0.0,0.0,0.0,0.111080244,0.0,0.0,0.0,0.0,0.0,0.0,0.0,0.0,0.0,0.0,0.0,0.0,0.0,0.0,0.0,0.0,0.0,0.0,0.0,0.0,0.0,0.0,0.0,0.0,0.0,0.0,0.111080244,0.0,0.0,0.0,0.0,0.0,0.0,0.0,0.0,0.0,0.0,0.12899584,0.111080244,0.0,0.0,0.0,0.0,0.14031087,0.0,0.0,0.0,0.0,0.0,0.111080244,0.0,0.0,0.0
2.25,0.18811882,1.625,0.0,0.0,0.0,0.09090909,0.0,0.9444444,0.15384616,0.09090909,0.05263158,0.0,0.0,0.08695652,0.08695652,0.09375,0.0,0.11111111,0.0,0.08695652,0.0,0.0,0.0,0.05263158,0.0,0.0,0.0,0.0,0.0,0.0,0.08695652,0.0,0.08108108,0.071428575,0.0,0.0,0.0,0.0,0.0,0.0,0.0,0.0,0.0,0.0,0.0,0.0,0.05263158,0.0,0.071428575,0.0,0.0,0.0,0.0,0.0,0.0,0.0,0.0,0.05263158,0.0,0.0,0.0,0.0,0.0,0.0,0.0,0.05263158,0.0,0.0,0.0,0.0,0.0,0.0,0.0,0.0,0.0,0.0,0.0,0.0,0.0,0.10169491,0.0,0.0,0.0,0.0,0.0,0.0,0.0,0.0,0.0,0.0,0.09375,0.0,0.0,0.0,0.08108108,0.0,0.0,0.0,0.0,0.0,0.0,0.0,0.0,0.0,0.0,0.0,0.0,0.0,0.0,0.0,0.0,0.0,0.0,0.0,0.0,0.0,0.0,0.0,0.0,0.0,0.0,0.08108108,0.0,0.0,0.0,0.0,0.0,0.0,0.0,0.0,0.0,0.0,0.09375,0.08108108,0.0,0.0,0.0,0.0,0.10169491,0.0,0.0,0.0,0.0,0.0,0.08108108,0.0,0.0,0.0
1.9548141,0.18421443,1.4420308,0.0,0.0,0.0,0.058854673,0.0,0.84220225,0.13925493,0.058854673,0.034500595,0.0,0.0,0.056367785,0.056367785,0.0606382,0.0,0.11111111,0.0,0.056367785,0.0,0.0,0.0,0.034500595,0.0,0.0,0.0,0.0,0.0,0.0,0.056367785,0.0,0.05265928,0.046535965,0.0,0.0,0.0,0.0,0.0,0.0,0.0,0.0,0.0,0.0,0.0,0.0,0.034500595,0.0,0.046535965,0.0,0.0,0.0,0.0,0.0,0.0,0.0,0.0,0.034500595,0.0,0.0,0.0,0.0,0.0,0.0,0.0,0.034500595,0.0,0.0,0.0,0.0,0.0,0.0,0.0,0.0,0.0,0.0,0.0,0.0,0.0,0.06560871,0.0,0.0,0.0,0.0,0.0,0.0,0.0,0.0,0.0,0.0,0.0606382,0.0,0.0,0.0,0.05265928,0.0,0.0,0.0,0.0,0.0,0.0,0.0,0.0,0.0,0.0,0.0,0.0,0.0,0.0,0.0,0.0,0.0,0.0,0.0,0.0,0.0,0.0,0.0,0.0,0.0,0.0,0.05265928,0.0,0.0,0.0,0.0,0.0,0.0,0.0,0.0,0.0,0.0,0.0606382,0.05265928,0.0,0.0,0.0,0.0,0.06560871,0.0,0.0,0.0,0.0,0.0,0.05265928,0.0,0.0,0.0
1.826087,0.18226601,1.3595506,0.0,0.0,0.0,0.04347826,0.0,0.7948718,0.13207547,0.04347826,0.025641026,0.0,0.0,0.041666668,0.041666668,0.04477612,0.0,0.11111111,0.0,0.041666668,0.0,0.0,0.0,0.025641026,0.0,0.0,0.0,0.0,0.0,0.0,0.041666668,0.0,0.038961038,0.03448276,0.0,0.0,0.0,0.0,0.0,0.0,0.0,0.0,0.0,0.0,0.0,0.0,0.025641026,0.0,0.03448276,0.0,0.0,0.0,0.0,0.0,0.0,0.0,0.0,0.025641026,0.0,0.0,0.0,0.0,0.0,0.0,0.0,0.025641026,0.0,0.0,0.0,0.0,0.0,0.0,0.0,0.0,0.0,0.0,0.0,0.0,0.0,0.048387095,0.0,0.0,0.0,0.0,0.0,0.0,0.0,0.0,0.0,0.0,0.04477612,0.0,0.0,0.0,0.038961038,0.0,0.0,0.0,0.0,0.0,0.0,0.0,0.0,0.0,0.0,0.0,0.0,0.0,0.0,0.0,0.0,0.0,0.0,0.0,0.0,0.0,0.0,0.0,0.0,0.0,0.0,0.038961038,0.0,0.0,0.0,0.0,0.0,0.0,0.0,0.0,0.0,0.0,0.04477612,0.038961038,0.0,0.0,0.0,0.0,0.048387095,0.0,0.0,0.0,0.0,0.0,0.038961038,0.0,0.0,0.0
1.7542373,0.18110237,1.3127754,0.0,0.0,0.0,0.03448276,0.0,0.7676768,0.12781955,0.03448276,0.020408163,0.0,0.0,0.03305785,0.03305785,0.03550296,0.0,0.11111111,0.0,0.03305785,0.0,0.0,0.0,0.020408163,0.0,0.0,0.0,0.0,0.0,0.0,0.03305785,0.0,0.030927835,0.02739726,0.0,0.0,0.0,0.0,0.0,0.0,0.0,0.0,0.0,0.0,0.0,0.0,0.020408163,0.0,0.02739726,0.0,0.0,0.0,0.0,0.0,0.0,0.0,0.0,0.020408163,0.0,0.0,0.0,0.0,0.0,0.0,0.0,0.020408163,0.0,0.0,0.0,0.0,0.0,0.0,0.0,0.0,0.0,0.0,0.0,0.0,0.0,0.038338657,0.0,0.0,0.0,0.0,0.0,0.0,0.0,0.0,0.0,0.0,0.03550296,0.0,0.0,0.0,0.030927835,0.0,0.0,0.0,0.0,0.0,0.0,0.0,0.0,0.0,0.0,0.0,0.0,0.0,0.0,0.0,0.0,0.0,0.0,0.0,0.0,0.0,0.0,0.0,0.0,0.0,0.0,0.030927835,0.0,0.0,0.0,0.0,0.0,0.0,0.0,0.0,0.0,0.0,0.03550296,0.030927835,0.0,0.0,0.0,0.0,0.038338657,0.0,0.0,0.0,0.0,0.0,0.030927835,0.0,0.0,0.0
1.2857143,0.23076923,1.0,0.0,0.0,0.0,0.0,0.0,0.6,0.14285715,0.0,0.0,0.0,0.0,0.0,0.0,0.0,0.0,0.14285715,0.0,0.0,0.0,0.0,0.0,0.0,0.0,0.0,0.0,0.0,0.0,0.0,0.0,0.0,0.0,0.0,0.0,0.0,0.0,0.0,0.0,0.0,0.0,0.0,0.0,0.0,0.0,0.0,0.0,0.0,0.0,0.0,0.0,0.0,0.0,0.0,0.0,0.0,0.0,0.0,0.0,0.0,0.0,0.0,0.0,0.0,0.0,0.0,0.0,0.0,0.0,0.0,0.0,0.0,0.0,0.0,0.0,0.0,0.0,0.0,0.0,0.0,0.0,0.0,0.0,0.0,0.0,0.0,0.0,0.0,0.0,0.0,0.0,0.0,0.0,0.0,0.0,0.0,0.0,0.0,0.0,0.0,0.0,0.0,0.0,0.0,0.0,0.0,0.0,0.0,0.0,0.0,0.0,0.0,0.0,0.0,0.0,0.0,0.0,0.0,0.0,0.0,0.0,0.0,0.0,0.0,0.0,0.0,0.0,0.0,0.0,0.0,0.0,0.0,0.0,0.0,0.0,0.0,0.0,0.0,0.0,0.0,0.0,0.0,0.0,0.0,0.0,0.0,0.0,0.0
1.6600497,0.16363636,1.2741116,0.0,0.0,0.0,0.0,0.0,0.6,0.18299446,0.06560636,0.0,0.0,0.0,0.065375306,0.0653009,0.0658592,0.0,0.10344828,0.0,0.0,0.0,0.0,0.0,0.0,0.0,0.0,0.0,0.0,0.0,0.0,0.0,0.0,0.0,0.0647482,0.0,0.0,0.0,0.0,0.0,0.0,0.0,0.0,0.0,0.0,0.0,0.0,0.06122449,0.0,0.064579256,0.0,0.0,0.0,0.0,0.0,0.0,0.0,0.0,0.06437768,0.0,0.0,0.0,0.0,0.0,0.0,0.0,0.0,0.0,0.0,0.0,0.0,0.0,0.0,0.0,0.0,0.0,0.0,0.0,0.0,0.0,0.0,0.0,0.0,0.0,0.0,0.0,0.0,0.0,0.0,0.0,0.0,0.0,0.0,0.0,0.0,0.0,0.0,0.0,0.0,0.0,0.0,0.0,0.0,0.0,0.0,0.0,0.0,0.0,0.0,0.0,0.0,0.0,0.0,0.0,0.0,0.0,0.0,0.0,0.0,0.0,0.0,0.0,0.0,0.0,0.0,0.0,0.0,0.0,0.0,0.0,0.0,0.0,0.0,0.0,0.0,0.0,0.0,0.0,0.0,0.0,0.0,0.0,0.0,0.0,0.0,0.0,0.0,0.0,0.0
1.8133883,0.1428898,1.3827962,0.0,0.0,0.0,0.0,0.0,0.6,0.1969848,0.089391924,0.0,0.0,0.0,0.08907009,0.08896647,0.08974414,0.0,0.09092893,0.0,0.0,0.0,0.0,0.0,0.0,0.0,0.0,0.0,0.0,0.0,0.0,0.0,0.0,0.0,0.08819689,0.0,0.0,0.0,0.0,0.0,0.0,0.0,0.0,0.0,0.0,0.0,0.0,0.08329722,0.0,0.0879617,0.0,0.0,0.0,0.0,0.0,0.0,0.0,0.0,0.08768114,0.0,0.0,0.0,0.0,0.0,0.0,0.0,0.0,0.0,0.0,0.0,0.0,0.0,0.0,0.0,0.0,0.0,0.0,0.0,0.0,0.0,0.0,0.0,0.0,0.0,0.0,0.0,0.0,0.0,0.0,0.0,0.0,0.0,0.0,0.0,0.0,0.0,0.0,0.0,0.0,0.0,0.0,0.0,0.0,0.0,0.0,0.0,0.0,0.0,0.0,0.0,0.0,0.0,0.0,0.0,0.0,0.0,0.0,0.0,0.0,0.0,0.0,0.0,0.0,0.0,0.0,0.0,0.0,0.0,0.0,0.0,0.0,0.0,0.0,0.0,0.0,0.0,0.0,0.0,0.0,0.0,0.0,0.0,0.0,0.0,0.0,0.0,0.0,0.0,0.0
2.1810088,0.10344828,1.6352941,0.0,0.0,0.0,0.0,0.0,0.6,0.22605364,0.14042553,0.0,0.0,0.0,0.13989638,0.13972603,0.14100486,0.0,0.06666667,0.0,0.0,0.0,0.0,0.0,0.0,0.0,0.0,0.0,0.0,0.0,0.0,0.0,0.0,0.0,0.13846155,0.0,0.0,0.0,0.0,0.0,0.0,0.0,0.0,0.0,0.0,0.0,0.0,0.13043478,0.0,0.1380753,0.0,0.0,0.0,0.0,0.0,0.0,0.0,0.0,0.13761468,0.0,0.0,0.0,0.0,0.0,0.0,0.0,0.0,0.0,0.0,0.0,0.0,0.0,0.0,0.0,0.0,0.0,0.0,0.0,0.0,0.0,0.0,0.0,0.0,0.0,0.0,0.0,0.0,0.0,0.0,0.0,0.0,0.0,0.0,0.0,0.0,0.0,0.0,0.0,0.0,0.0,0.0,0.0,0.0,0.0,0.0,0.0,0.0,0.0,0.0,0.0,0.0,0.0,0.0,0.0,0.0,0.0,0.0,0.0,0.0,0.0,0.0,0.0,0.0,0.0,0.0,0.0,0.0,0.0,0.0,0.0,0.0,0.0,0.0,0.0,0.0,0.0,0.0,0.0,0.0,0.0,0.0,0.0,0.0,0.0,0.0,0.0,0.0,0.0,0.0
2.662293,0.066638224,1.9502358,0.0,0.0,0.0,0.0,0.0,0.598721,0.25811088,0.19788742,0.0,0.0,0.0,0.19710432,0.19685228,0.19874513,0.0,0.043460112,0.0,0.0,0.0,0.0,0.0,0.0,0.0,0.0,0.0,0.0,0.0,0.0,0.0,0.0,0.0,0.19498236,0.0,0.0,0.0,0.0,0.0,0.0,0.0,0.0,0.0,0.0,0.0,0.0,0.18315192,0.0,0.19441156,0.0,0.0,0.0,0.0,0.0,0.0,0.0,0.0,0.19373098,0.0,0.0,0.0,0.0,0.0,0.0,0.0,0.0,0.0,0.0,0.0,0.0,0.0,0.0,0.0,0.0,0.0,0.0,0.0,0.0,0.0,0.0,0.0,0.0,0.0,0.0,0.0,0.0,0.0,0.0,0.0,0.0,0.0,0.0,0.0,0.0,0.0,0.0,0.0,0.0,0.0,0.0,0.0,0.0,0.0,0.0,0.0,0.0,0.0,0.0,0.0,0.0,0.0,0.0,0.0,0.0,0.0,0.0,0.0,0.0,0.0,0.0,0.0,0.0,0.0,0.0,0.0,0.0,0.0,0.0,0.0,0.0,0.0,0.0,0.0,0.0,0.0,0.0,0.0,0.0,0.0,0.0,0.0,0.0,0.0,0.0,0.0,0.0,0.0,0.0
1.5396825,0.21212122,1.1428572,0.0,0.0,0.0,0.0,0.0,0.6,0.16788322,0.04477612,0.0,0.0,0.0,0.041666668,0.03448276,0.03448276,0.0,0.11111111,0.0,0.0,0.0,0.0,0.0,0.0,0.0,0.0,0.0,0.0,0.0,0.0,0.0,0.0,0.0,0.0,0.0,0.0,0.0,0.0,0.0,0.0,0.0,0.0,0.0,0.0,0.0,0.0,0.0,0.0,0.0,0.0,0.0,0.0,0.0,0.0,0.0,0.0,0.0,0.0,0.0,0.0,0.0,0.0,0.0,0.0,0.0,0.0,0.0,0.0,0.0,0.0,0.0,0.0,0.0,0.0,0.0,0.0,0.0,0.0,0.0,0.0,0.0,0.0,0.0,0.0,0.0,0.0,0.0,0.0,0.0,0.0,0.0,0.0,0.0,0.0,0.0,0.0,0.0,0.0,0.0,0.0,0.0,0.0,0.0,0.0,0.0,0.0,0.0,0.0,0.0,0.0,0.0,0.0,0.0,0.0,0.0,0.0,0.0,0.0,0.0,0.0,0.0,0.0,0.0,0.0,0.0,0.0,0.0,0.0,0.0,0.0,0.0,0.0,0.0,0.0,0.0,0.0,0.0,0.0,0.0,0.0,0.0,0.0,0.0,0.0,0.0,0.0,0.0,0.0
3.5714285,0.14285715,2.0,0.0,0.0,0.0,0.0,0.0,0.6,0.28,0.27272728,0.0,0.0,0.0,0.25,0.2,0.2,0.0,0.0,0.0,0.0,0.0,0.0,0.0,0.0,0.0,0.0,0.0,0.0,0.0,0.0,0.0,0.0,0.0,0.0,0.0,0.0,0.0,0.0,0.0,0.0,0.0,0.0,0.0,0.0,0.0,0.0,0.0,0.0,0.0,0.0,0.0,0.0,0.0,0.0,0.0,0.0,0.0,0.0,0.0,0.0,0.0,0.0,0.0,0.0,0.0,0.0,0.0,0.0,0.0,0.0,0.0,0.0,0.0,0.0,0.0,0.0,0.0,0.0,0.0,0.0,0.0,0.0,0.0,0.0,0.0,0.0,0.0,0.0,0.0,0.0,0.0,0.0,0.0,0.0,0.0,0.0,0.0,0.0,0.0,0.0,0.0,0.0,0.0,0.0,0.0,0.0,0.0,0.0,0.0,0.0,0.0,0.0,0.0,0.0,0.0,0.0,0.0,0.0,0.0,0.0,0.0,0.0,0.0,0.0,0.0,0.0,0.0,0.0,0.0,0.0,0.0,0.0,0.0,0.0,0.0,0.0,0.0,0.0,0.0,0.0,0.0,0.0,0.0,0.0,0.0,0.0,0.0,0.0
4.229268,0.0,2.862069,0.0,0.0,0.0,0.0,0.0,0.6,0.32231405,0.32673267,0.0,0.0,0.0,0.3253012,0.32484075,0.32830188,0.0,0.0,0.0,0.0,0.0,0.0,0.0,0.0,0.0,0.0,0.0,0.0,0.0,0.0,0.0,0.0,0.0,0.32142857,0.0,0.0,0.0,0.0,0.0,0.0,0.0,0.0,0.0,0.0,0.0,0.0,0.3,0.0,0.32038835,0.0,0.0,0.0,0.0,0.0,0.0,0.0,0.0,0.31914893,0.0,0.0,0.0,0.0,0.0,0.0,0.0,0.0,0.0,0.0,0.0,0.0,0.0,0.0,0.0,0.0,0.0,0.0,0.0,0.0,0.0,0.0,0.0,0.0,0.0,0.0,0.0,0.0,0.0,0.0,0.0,0.0,0.0,0.0,0.0,0.0,0.0,0.0,0.0,0.0,0.0,0.0,0.0,0.0,0.0,0.0,0.0,0.0,0.0,0.0,0.0,0.0,0.0,0.0,0.0,0.0,0.0,0.0,0.0,0.0,0.0,0.0,0.0,0.0,0.0,0.0,0.0,0.0,0.0,0.0,0.0,0.0,0.0,0.0,0.0,0.0,0.0,0.0,0.0,0.0,0.0,0.0,0.0,0.0,0.0,0.0,0.0,0.0,0.0,0.0
1.1052631,0.29032257,0.875,0.0,0.0,0.0,0.0,0.0,0.53846157,0.1764706,0.0,0.0,0.0,0.0,0.0,0.0,0.0,0.0,0.1764706,0.0,0.0,0.0,0.0,0.0,0.0,0.0,0.0,0.0,0.0,0.0,0.0,0.0,0.0,0.0,0.0,0.0,0.0,0.0,0.0,0.0,0.0,0.0,0.0,0.0,0.0,0.0,0.0,0.0,0.0,0.0,0.0,0.0,0.0,0.0,0.0,0.0,0.0,0.0,0.0,0.0,0.0,0.0,0.0,0.0,0.0,0.0,0.0,0.0,0.0,0.0,0.0,0.0,0.0,0.0,0.0,0.0,0.0,0.0,0.0,0.0,0.0,0.0,0.0,0.0,0.0,0.0,0.0,0.0,0.0,0.0,0.0,0.0,0.0,0.0,0.0,0.0,0.0,0.0,0.0,0.0,0.0,0.0,0.0,0.0,0.0,0.0,0.0,0.0,0.0,0.0,0.0,0.0,0.0,0.0,0.0,0.0,0.0,0.0,0.0,0.0,0.0,0.0,0.0,0.0,0.0,0.0,0.0,0.0,0.0,0.0,0.0,0.0,0.0,0.0,0.0,0.0,0.0,0.0,0.0,0.0,0.0,0.0,0.0,0.0,0.0,0.0,0.0,0.0,0.0
1.1960471,0.29692832,0.9456067,0.0,0.0,0.0,0.019313306,0.0,0.58013546,0.18764846,0.017441861,0.0,0.0,0.0,0.017441861,0.0,0.0,0.0,0.18343195,0.0,0.019313306,0.0,0.0,0.0,0.0,0.0,0.0,0.0,0.0,0.0,0.0,0.0,0.0,0.0,0.0,0.0,0.0,0.0,0.0,0.0,0.0,0.0,0.0,0.0,0.0,0.0,0.0,0.0,0.017441861,0.0,0.0,0.0,0.0,0.0,0.0,0.0,0.0,0.0,0.0,0.0,0.0,0.0,0.0,0.0,0.0,0.0,0.0,0.0,0.0,0.0,0.0,0.0,0.0,0.0,0.0,0.0,0.0,0.0,0.0,0.0,0.0,0.0,0.0,0.0,0.0,0.0,0.0,0.0,0.0,0.0,0.0,0.0,0.0,0.0,0.0,0.0,0.0,0.0,0.0,0.0,0.0,0.0,0.0,0.0,0.0,0.0,0.0,0.0,0.0,0.0,0.0,0.0,0.0,0.0,0.0,0.0,0.0,0.0,0.0,0.0,0.0,0.0,0.0,0.0,0.0,0.0,0.0,0.0,0.0,0.0,0.0,0.0,0.0,0.0,0.0,0.0,0.0,0.0,0.0,0.0,0.0,0.0,0.0,0.0,0.0,0.0,0.0,0.0,0.0
1.2950135,0.30360207,1.0217391,0.0,0.0,0.0,0.039387308,0.0,0.62412995,0.19904077,0.03550296,0.0,0.0,0.0,0.03550296,0.0,0.0,0.0,0.1904762,0.0,0.039387308,0.0,0.0,0.0,0.0,0.0,0.0,0.0,0.0,0.0,0.0,0.0,0.0,0.0,0.0,0.0,0.0,0.0,0.0,0.0,0.0,0.0,0.0,0.0,0.0,0.0,0.0,0.0,0.03550296,0.0,0.0,0.0,0.0,0.0,0.0,0.0,0.0,0.0,0.0,0.0,0.0,0.0,0.0,0.0,0.0,0.0,0.0,0.0,0.0,0.0,0.0,0.0,0.0,0.0,0.0,0.0,0.0,0.0,0.0,0.0,0.0,0.0,0.0,0.0,0.0,0.0,0.0,0.0,0.0,0.0,0.0,0.0,0.0,0.0,0.0,0.0,0.0,0.0,0.0,0.0,0.0,0.0,0.0,0.0,0.0,0.0,0.0,0.0,0.0,0.0,0.0,0.0,0.0,0.0,0.0,0.0,0.0,0.0,0.0,0.0,0.0,0.0,0.0,0.0,0.0,0.0,0.0,0.0,0.0,0.0,0.0,0.0,0.0,0.0,0.0,0.0,0.0,0.0,0.0,0.0,0.0,0.0,0.0,0.0,0.0,0.0,0.0,0.0,0.0
1.4033209,0.31034482,1.1040725,0.0,0.0,0.0,0.06026786,0.0,0.6706444,0.21065375,0.05421687,0.0,0.0,0.0,0.05421687,0.0,0.0,0.0,0.19760479,0.0,0.06026786,0.0,0.0,0.0,0.0,0.0,0.0,0.0,0.0,0.0,0.0,0.0,0.0,0.0,0.0,0.0,0.0,0.0,0.0,0.0,0.0,0.0,0.0,0.0,0.0,0.0,0.0,0.0,0.05421687,0.0,0.0,0.0,0.0,0.0,0.0,0.0,0.0,0.0,0.0,0.0,0.0,0.0,0.0,0.0,0.0,0.0,0.0,0.0,0.0,0.0,0.0,0.0,0.0,0.0,0.0,0.0,0.0,0.0,0.0,0.0,0.0,0.0,0.0,0.0,0.0,0.0,0.0,0.0,0.0,0.0,0.0,0.0,0.0,0.0,0.0,0.0,0.0,0.0,0.0,0.0,0.0,0.0,0.0,0.0,0.0,0.0,0.0,0.0,0.0,0.0,0.0,0.0,0.0,0.0,0.0,0.0,0.0,0.0,0.0,0.0,0.0,0.0,0.0,0.0,0.0,0.0,0.0,0.0,0.0,0.0,0.0,0.0,0.0,0.0,0.0,0.0,0.0,0.0,0.0,0.0,0.0,0.0,0.0,0.0,0.0,0.0,0.0,0.0,0.0
1.5223572,0.31715772,1.1933962,-2.220446e-16,-2.220446e-16,-2.220446e-16,0.082004555,-2.220446e-16,0.71990174,0.22249389,0.073619634,-2.220446e-16,-2.220446e-16,-2.220446e-16,0.073619634,-2.220446e-16,-2.220446e-16,-2.220446e-16,0.20481928,-2.220446e-16,0.082004555,-2.220446e-16,-2.220446e-16,-2.220446e-16,-2.220446e-16,-2.220446e-16,-2.220446e-16,-2.220446e-16,-2.220446e-16,-2.220446e-16,-2.220446e-16,-2.220446e-16,-2.220446e-16,-2.220446e-16,-2.220446e-16,-2.220446e-16,-2.220446e-16,-2.220446e-16,-2.220446e-16,-2.220446e-16,-2.220446e-16,-2.220446e-16,-2.220446e-16,-2.220446e-16,-2.220446e-16,-2.220446e-16,-2.220446e-16,-2.220446e-16,0.073619634,-2.220446e-16,-2.220446e-16,-2.220446e-16,-2.220446e-16,-2.220446e-16,-2.220446e-16,-2.220446e-16,-2.220446e-16,-2.220446e-16,-2.220446e-16,-2.220446e-16,-2.220446e-16,-2.220446e-16,-2.220446e-16,-2.220446e-16,-2.220446e-16,-2.220446e-16,-2.220446e-16,-2.220446e-16,-2.220446e-16,-2.220446e-16,-2.220446e-16,-2.220446e-16,-2.220446e-16,-2.220446e-16,-2.220446e-16,-2.220446e-16,-2.220446e-16,-2.220446e-16,-2.220446e-16,-2.220446e-16,-2.220446e-16,-2.220446e-16,-2.220446e-16,-2.220446e-16,-2.220446e-16,-2.220446e-16,-2.220446e-16,-2.220446e-16,-2.220446e-16,-2.220446e-16,-2.220446e-16,-2.220446e-16,-2.220446e-16,-2.220446e-16,-2.220446e-16,-2.220446e-16,-2.220446e-16,-2.220446e-16,-2.220446e-16,-2.220446e-16,-2.220446e-16,-2.220446e-16,-2.220446e-16,-2.220446e-16,-2.220446e-16,-2.220446e-16,-2.220446e-16,-2.220446e-16,-2.220446e-16,-2.220446e-16,-2.220446e-16,-2.220446e-16,-2.220446e-16,-2.220446e-16,-2.220446e-16,-2.220446e-16,-2.220446e-16,-2.220446e-16,-2.220446e-16,-2.220446e-16,-2.220446e-16,-2.220446e-16,-2.220446e-16,-2.220446e-16,-2.220446e-16,-2.220446e-16,-2.220446e-16,-2.220446e-16,-2.220446e-16,-2.220446e-16,-2.220446e-16,-2.220446e-16,-2.220446e-16,-2.220446e-16,-2.220446e-16,-2.220446e-16,-2.220446e-16,-2.220446e-16,-2.220446e-16,-2.220446e-16,-2.220446e-16,-2.220446e-16,-2.220446e-16,-2.220446e-16,-2.220446e-16,-2.220446e-16,-2.220446e-16,-2.220446e-16,-2.220446e-16
1.3357664,0.2195122,1.0348837,0.0,0.0,0.0,0.0,0.0,0.6,0.14810562,0.009463723,0.0,0.0,0.0,0.00931677,0.00931677,0.009564294,0.0,0.13636364,0.0,0.0,0.0,0.0,0.0,0.0,0.0,0.0,0.0,0.0,0.0,0.0,0.0,0.0,0.0,0.008645534,0.0,0.0,0.0,0.0,0.0,0.0,0.0,0.0,0.0,0.0,0.0,0.0,0.007556675,0.0,0.008645534,0.0,0.0,0.0,0.0,0.0,0.0,0.0,0.0,0.007556675,0.0,0.0,0.0,0.0,0.0,0.0,0.0,0.0,0.0,0.0,0.0,0.0,0.0,0.0,0.0,0.0,0.0,0.0,0.0,0.0,0.0,0.0,0.0,0.0,0.0,0.0,0.0,0.0,0.0,0.0,0.0,0.0,0.0,0.0,0.0,0.0,0.0,0.0,0.0,0.0,0.0,0.0,0.0,0.0,0.0,0.0,0.0,0.0,0.0,0.0,0.0,0.0,0.0,0.0,0.0,0.0,0.0,0.0,0.0,0.0,0.0,0.0,0.0,0.0,0.0,0.0,0.0,0.0,0.0,0.0,0.0,0.0,0.0,0.0,0.0,0.0,0.0,0.0,0.0,0.0,0.0,0.0,0.0,0.0,0.0,0.0,0.0,0.0,0.0,0.0
1.4427481,0.19760479,1.1084337,0.0,0.0,0.0,0.0,0.0,0.6,0.15874855,0.028938906,0.0,0.0,0.0,0.028481012,0.028481012,0.029252438,0.0,0.123595506,0.0,0.0,0.0,0.0,0.0,0.0,0.0,0.0,0.0,0.0,0.0,0.0,0.0,0.0,0.0,0.026392963,0.0,0.0,0.0,0.0,0.0,0.0,0.0,0.0,0.0,0.0,0.0,0.0,0.023017902,0.0,0.026392963,0.0,0.0,0.0,0.0,0.0,0.0,0.0,0.0,0.023017902,0.0,0.0,0.0,0.0,0.0,0.0,0.0,0.0,0.0,0.0,0.0,0.0,0.0,0.0,0.0,0.0,0.0,0.0,0.0,0.0,0.0,0.0,0.0,0.0,0.0,0.0,0.0,0.0,0.0,0.0,0.0,0.0,0.0,0.0,0.0,0.0,0.0,0.0,0.0,0.0,0.0,0.0,0.0,0.0,0.0,0.0,0.0,0.0,0.0,0.0,0.0,0.0,0.0,0.0,0.0,0.0,0.0,0.0,0.0,0.0,0.0,0.0,0.0,0.0,0.0,0.0,0.0,0.0,0.0,0.0,0.0,0.0,0.0,0.0,0.0,0.0,0.0,0.0,0.0,0.0,0.0,0.0,0.0,0.0,0.0,0.0,0.0,0.0,0.0,0.0
1.56,0.1764706,1.1875,0.0,0.0,0.0,0.0,0.0,0.6,0.16959064,0.04918033,0.0,0.0,0.0,0.048387095,0.048387095,0.049723756,0.0,0.11111111,0.0,0.0,0.0,0.0,0.0,0.0,0.0,0.0,0.0,0.0,0.0,0.0,0.0,0.0,0.0,0.04477612,0.0,0.0,0.0,0.0,0.0,0.0,0.0,0.0,0.0,0.0,0.0,0.0,0.038961038,0.0,0.04477612,0.0,0.0,0.0,0.0,0.0,0.0,0.0,0.0,0.038961038,0.0,0.0,0.0,0.0,0.0,0.0,0.0,0.0,0.0,0.0,0.0,0.0,0.0,0.0,0.0,0.0,0.0,0.0,0.0,0.0,0.0,0.0,0.0,0.0,0.0,0.0,0.0,0.0,0.0,0.0,0.0,0.0,0.0,0.0,0.0,0.0,0.0,0.0,0.0,0.0,0.0,0.0,0.0,0.0,0.0,0.0,0.0,0.0,0.0,0.0,0.0,0.0,0.0,0.0,0.0,0.0,0.0,0.0,0.0,0.0,0.0,0.0,0.0,0.0,0.0,0.0,0.0,0.0,0.0,0.0,0.0,0.0,0.0,0.0,0.0,0.0,0.0,0.0,0.0,0.0,0.0,0.0,0.0,0.0,0.0,0.0,0.0,0.0,0.0,0.0
3.375,0.20689656,2.0,0.0,0.0,0.0,0.0,0.0,0.6666667,0.1904762,0.1904762,0.0,0.0,0.0,0.1904762,0.15384616,0.1904762,0.0,0.1764706,0.0,0.0,0.0,0.0,0.0,0.0,0.0,0.0,0.0,0.0,0.0,0.0,0.0,0.0,0.0,0.15384616,0.0,0.0,0.0,0.0,0.0,0.0,0.0,0.0,0.0,0.0,0.0,0.0,0.0,0.0,0.0,0.0,0.11111111,0.0,0.0,0.0,0.0,0.0,0.0,0.0,0.11111111,0.0,0.0,0.0,0.0,0.1904762,0.0,0.0,0.0,0.0,0.0,0.0,0.0,0.0,0.0,0.0,0.0,0.0,0.0,0.0,0.0,0.0,0.0,0.0,0.0,0.0,0.0,0.0,0.0,0.0,0.0,0.0,0.0,0.0,0.0,0.0,0.0,0.0,0.0,0.0,0.0,0.0,0.0,0.0,0.0,0.0,0.0,0.0,0.0,0.0,0.0,0.0,0.0,0.0,0.0,0.0,0.0,0.0,0.0,0.0,0.0,0.0,0.0,0.0,0.0,0.0,0.0,0.0,0.0,0.0,0.0,0.0,0.0,0.0,0.0,0.0,0.0,0.0,0.0,0.0,0.0,0.0,0.0,0.0,0.0,0.0,0.0,0.0,0.0,0.0
3.4164038,0.23239437,2.0,0.0,0.0,0.0,0.0,0.0,0.6393443,0.21359223,0.21359223,0.0,0.0,0.0,0.21359223,0.171875,0.21359223,0.0,0.19760479,0.0,0.0,0.0,0.0,0.0,0.0,0.0,0.0,0.0,0.0,0.0,0.0,0.0,0.0,0.0,0.171875,0.0,0.0,0.0,0.0,0.0,0.0,0.0,0.0,0.0,0.0,0.0,0.0,0.0,0.0,0.0,0.0,0.123595506,0.0,0.0,0.0,0.0,0.0,0.0,0.0,0.123595506,0.0,0.0,0.0,0.0,0.21359223,0.0,0.0,0.0,0.0,0.0,0.0,0.0,0.0,0.0,0.0,0.0,0.0,0.0,0.0,0.0,0.0,0.0,0.0,0.0,0.0,0.0,0.0,0.0,0.0,0.0,0.0,0.0,0.0,0.0,0.0,0.0,0.0,0.0,0.0,0.0,0.0,0.0,0.0,0.0,0.0,0.0,0.0,0.0,0.0,0.0,0.0,0.0,0.0,0.0,0.0,0.0,0.0,0.0,0.0,0.0,0.0,0.0,0.0,0.0,0.0,0.0,0.0,0.0,0.0,0.0,0.0,0.0,0.0,0.0,0.0,0.0,0.0,0.0,0.0,0.0,0.0,0.0,0.0,0.0,0.0,0.0,0.0,0.0,0.0
3.48,0.27272728,2.0,0.0,0.0,0.0,0.0,0.0,0.6,0.25,0.25,0.0,0.0,0.0,0.25,0.2,0.25,0.0,0.23076923,0.0,0.0,0.0,0.0,0.0,0.0,0.0,0.0,0.0,0.0,0.0,0.0,0.0,0.0,0.0,0.2,0.0,0.0,0.0,0.0,0.0,0.0,0.0,0.0,0.0,0.0,0.0,0.0,0.0,0.0,0.0,0.0,0.14285715,0.0,0.0,0.0,0.0,0.0,0.0,0.0,0.14285715,0.0,0.0,0.0,0.0,0.25,0.0,0.0,0.0,0.0,0.0,0.0,0.0,0.0,0.0,0.0,0.0,0.0,0.0,0.0,0.0,0.0,0.0,0.0,0.0,0.0,0.0,0.0,0.0,0.0,0.0,0.0,0.0,0.0,0.0,0.0,0.0,0.0,0.0,0.0,0.0,0.0,0.0,0.0,0.0,0.0,0.0,0.0,0.0,0.0,0.0,0.0,0.0,0.0,0.0,0.0,0.0,0.0,0.0,0.0,0.0,0.0,0.0,0.0,0.0,0.0,0.0,0.0,0.0,0.0,0.0,0.0,0.0,0.0,0.0,0.0,0.0,0.0,0.0,0.0,0.0,0.0,0.0,0.0,0.0,0.0,0.0,0.0,0.0,0.0
3.590164,0.34615386,2.0,0.0,0.0,0.0,0.0,0.0,0.53846157,0.31578946,0.31578946,0.0,0.0,0.0,0.31578946,0.25,0.31578946,0.0,0.29032257,0.0,0.0,0.0,0.0,0.0,0.0,0.0,0.0,0.0,0.0,0.0,0.0,0.0,0.0,0.0,0.25,0.0,0.0,0.0,0.0,0.0,0.0,0.0,0.0,0.0,0.0,0.0,0.0,0.0,0.0,0.0,0.0,0.1764706,0.0,0.0,0.0,0.0,0.0,0.0,0.0,0.1764706,0.0,0.0,0.0,0.0,0.31578946,0.0,0.0,0.0,0.0,0.0,0.0,0.0,0.0,0.0,0.0,0.0,0.0,0.0,0.0,0.0,0.0,0.0,0.0,0.0,0.0,0.0,0.0,0.0,0.0,0.0,0.0,0.0,0.0,0.0,0.0,0.0,0.0,0.0,0.0,0.0,0.0,0.0,0.0,0.0,0.0,0.0,0.0,0.0,0.0,0.0,0.0,0.0,0.0,0.0,0.0,0.0,0.0,0.0,0.0,0.0,0.0,0.0,0.0,0.0,0.0,0.0,0.0,0.0,0.0,0.0,0.0,0.0,0.0,0.0,0.0,0.0,0.0,0.0,0.0,0.0,0.0,0.0,0.0,0.0,0.0,0.0,0.0,0.0,0.0
1.1052631,0.29032257,0.875,0.0,0.0,0.0,0.0,0.0,0.53846157,0.1764706,0.0,0.0,0.0,0.0,0.0,0.0,0.0,0.0,0.1764706,0.0,0.0,0.0,0.0,0.0,0.0,0.0,0.0,0.0,0.0,0.0,0.0,0.0,0.0,0.0,0.0,0.0,0.0,0.0,0.0,0.0,0.0,0.0,0.0,0.0,0.0,0.0,0.0,0.0,0.0,0.0,0.0,0.0,0.0,0.0,0.0,0.0,0.0,0.0,0.0,0.0,0.0,0.0,0.0,0.0,0.0,0.0,0.0,0.0,0.0,0.0,0.0,0.0,0.0,0.0,0.0,0.0,0.0,0.0,0.0,0.0,0.0,0.0,0.0,0.0,0.0,0.0,0.0,0.0,0.0,0.0,0.0,0.0,0.0,0.0,0.0,0.0,0.0,0.0,0.0,0.0,0.0,0.0,0.0,0.0,0.0,0.0,0.0,0.0,0.0,0.0,0.0,0.0,0.0,0.0,0.0,0.0,0.0,0.0,0.0,0.0,0.0,0.0,0.0,0.0,0.0,0.0,0.0,0.0,0.0,0.0,0.0,0.0,0.0,0.0,0.0,0.0,0.0,0.0,0.0,0.0,0.0,0.0,0.0,0.0,0.0,0.0,0.0,0.0,0.0
1.4025496,0.2195122,1.0986745,0.0,0.0,0.0,0.0,0.0,0.53846157,0.2166405,0.062445793,0.0,0.0,0.0,0.061997704,0.062252965,0.06271777,0.0,0.13636364,0.0,0.0,0.0,0.0,0.0,0.0,0.0,0.0,0.0,0.0,0.0,0.0,0.0,0.0,0.0,0.06026786,0.0,0.0,0.0,0.0,0.0,0.0,0.0,0.0,0.0,0.0,0.0,0.0,0.058631923,0.0,0.061120544,0.0,0.0,0.0,0.0,0.0,0.0,0.0,0.0,0.058631923,0.0,0.0,0.0,0.0,0.0,0.0,0.0,0.0,0.0,0.0,0.0,0.0,0.0,0.0,0.0,0.0,0.0,0.0,0.0,0.0,0.0,0.0,0.0,0.0,0.0,0.0,0.0,0.0,0.0,0.0,0.0,0.0,0.0,0.0,0.0,0.0,0.0,0.0,0.0,0.0,0.0,0.0,0.0,0.0,0.0,0.0,0.0,0.0,0.0,0.0,0.0,0.0,0.0,0.0,0.0,0.0,0.0,0.0,0.0,0.0,0.0,0.0,0.0,0.0,0.0,0.0,0.0,0.0,0.0,0.0,0.0,0.0,0.0,0.0,0.0,0.0,0.0,0.0,0.0,0.0,0.0,0.0,0.0,0.0,0.0,0.0,0.0,0.0,0.0,0.0
1.4904702,0.20300752,1.1631879,0.0,0.0,0.0,0.0,0.0,0.53846157,0.22711529,0.07929515,0.0,0.0,0.0,0.0787172,0.07904642,0.07964602,0.0,0.12676056,0.0,0.0,0.0,0.0,0.0,0.0,0.0,0.0,0.0,0.0,0.0,0.0,0.0,0.0,0.0,0.07648725,0.0,0.0,0.0,0.0,0.0,0.0,0.0,0.0,0.0,0.0,0.0,0.0,0.07438017,0.0,0.077586204,0.0,0.0,0.0,0.0,0.0,0.0,0.0,0.0,0.07438017,0.0,0.0,0.0,0.0,0.0,0.0,0.0,0.0,0.0,0.0,0.0,0.0,0.0,0.0,0.0,0.0,0.0,0.0,0.0,0.0,0.0,0.0,0.0,0.0,0.0,0.0,0.0,0.0,0.0,0.0,0.0,0.0,0.0,0.0,0.0,0.0,0.0,0.0,0.0,0.0,0.0,0.0,0.0,0.0,0.0,0.0,0.0,0.0,0.0,0.0,0.0,0.0,0.0,0.0,0.0,0.0,0.0,0.0,0.0,0.0,0.0,0.0,0.0,0.0,0.0,0.0,0.0,0.0,0.0,0.0,0.0,0.0,0.0,0.0,0.0,0.0,0.0,0.0,0.0,0.0,0.0,0.0,0.0,0.0,0.0,0.0,0.0,0.0,0.0,0.0
1.6522328,0.1764706,1.28,-2.220446e-16,-2.220446e-16,-2.220446e-16,-2.220446e-16,-2.220446e-16,0.53846157,0.24497992,0.108597286,-2.220446e-16,-2.220446e-16,-2.220446e-16,0.10778443,0.10824742,0.10909091,-2.220446e-16,0.11111111,-2.220446e-16,-2.220446e-16,-2.220446e-16,-2.220446e-16,-2.220446e-16,-2.220446e-16,-2.220446e-16,-2.220446e-16,-2.220446e-16,-2.220446e-16,-2.220446e-16,-2.220446e-16,-2.220446e-16,-2.220446e-16,-2.220446e-16,0.10465116,-2.220446e-16,-2.220446e-16,-2.220446e-16,-2.220446e-16,-2.220446e-16,-2.220446e-16,-2.220446e-16,-2.220446e-16,-2.220446e-16,-2.220446e-16,-2.220446e-16,-2.220446e-16,0.10169491,-2.220446e-16,0.10619469,-2.220446e-16,-2.220446e-16,-2.220446e-16,-2.220446e-16,-2.220446e-16,-2.220446e-16,-2.220446e-16,-2.220446e-16,0.10169491,-2.220446e-16,-2.220446e-16,-2.220446e-16,-2.220446e-16,-2.220446e-16,-2.220446e-16,-2.220446e-16,-2.220446e-16,-2.220446e-16,-2.220446e-16,-2.220446e-16,-2.220446e-16,-2.220446e-16,-2.220446e-16,-2.220446e-16,-2.220446e-16,-2.220446e-16,-2.220446e-16,-2.220446e-16,-2.220446e-16,-2.220446e-16,-2.220446e-16,-2.220446e-16,-2.220446e-16,-2.220446e-16,-2.220446e-16,-2.220446e-16,-2.220446e-16,-2.220446e-16,-2.220446e-16,-2.220446e-16,-2.220446e-16,-2.220446e-16,-2.220446e-16,-2.220446e-16,-2.220446e-16,-2.220446e-16,-2.220446e-16,-2.220446e-16,-2.220446e-16,-2.220446e-16,-2.220446e-16,-2.220446e-16,-2.220446e-16,-2.220446e-16,-2.220446e-16,-2.220446e-16,-2.220446e-16,-2.220446e-16,-2.220446e-16,-2.220446e-16,-2.220446e-16,-2.220446e-16,-2.220446e-16,-2.220446e-16,-2.220446e-16,-2.220446e-16,-2.220446e-16,-2.220446e-16,-2.220446e-16,-2.220446e-16,-2.220446e-16,-2.220446e-16,-2.220446e-16,-2.220446e-16,-2.220446e-16,-2.220446e-16,-2.220446e-16,-2.220446e-16,-2.220446e-16,-2.220446e-16,-2.220446e-16,-2.220446e-16,-2.220446e-16,-2.220446e-16,-2.220446e-16,-2.220446e-16,-2.220446e-16,-2.220446e-16,-2.220446e-16,-2.220446e-16,-2.220446e-16,-2.220446e-16,-2.220446e-16,-2.220446e-16,-2.220446e-16,-2.220446e-16,-2.220446e-16,-2.220446e-16,-2.220446e-16
2.0482116,0.12676056,1.5560538,0.0,0.0,0.0,0.0,0.0,0.53846157,0.28231645,0.17224881,0.0,0.0,0.0,0.17088607,0.17166212,0.17307693,0.0,0.08108108,0.0,0.0,0.0,0.0,0.0,0.0,0.0,0.0,0.0,0.0,0.0,0.0,0.0,0.0,0.0,0.16564417,0.0,0.0,0.0,0.0,0.0,0.0,0.0,0.0,0.0,0.0,0.0,0.0,0.16071428,0.0,0.1682243,0.0,0.0,0.0,0.0,0.0,0.0,0.0,0.0,0.16071428,0.0,0.0,0.0,0.0,0.0,0.0,0.0,0.0,0.0,0.0,0.0,0.0,0.0,0.0,0.0,0.0,0.0,0.0,0.0,0.0,0.0,0.0,0.0,0.0,0.0,0.0,0.0,0.0,0.0,0.0,0.0,0.0,0.0,0.0,0.0,0.0,0.0,0.0,0.0,0.0,0.0,0.0,0.0,0.0,0.0,0.0,0.0,0.0,0.0,0.0,0.0,0.0,0.0,0.0,0.0,0.0,0.0,0.0,0.0,0.0,0.0,0.0,0.0,0.0,0.0,0.0,0.0,0.0,0.0,0.0,0.0,0.0,0.0,0.0,0.0,0.0,0.0,0.0,0.0,0.0,0.0,0.0,0.0,0.0,0.0,0.0,0.0,0.0,0.0,0.0
2.583181,0.08108108,1.9081633,0.0,0.0,0.0,0.0,0.0,0.53846157,0.3219616,0.24365482,0.0,0.0,0.0,0.24161074,0.24277456,0.24489796,0.0,0.05263158,0.0,0.0,0.0,0.0,0.0,0.0,0.0,0.0,0.0,0.0,0.0,0.0,0.0,0.0,0.0,0.23376623,0.0,0.0,0.0,0.0,0.0,0.0,0.0,0.0,0.0,0.0,0.0,0.0,0.2264151,0.0,0.23762377,0.0,0.0,0.0,0.0,0.0,0.0,0.0,0.0,0.2264151,0.0,0.0,0.0,0.0,0.0,0.0,0.0,0.0,0.0,0.0,0.0,0.0,0.0,0.0,0.0,0.0,0.0,0.0,0.0,0.0,0.0,0.0,0.0,0.0,0.0,0.0,0.0,0.0,0.0,0.0,0.0,0.0,0.0,0.0,0.0,0.0,0.0,0.0,0.0,0.0,0.0,0.0,0.0,0.0,0.0,0.0,0.0,0.0,0.0,0.0,0.0,0.0,0.0,0.0,0.0,0.0,0.0,0.0,0.0,0.0,0.0,0.0,0.0,0.0,0.0,0.0,0.0,0.0,0.0,0.0,0.0,0.0,0.0,0.0,0.0,0.0,0.0,0.0,0.0,0.0,0.0,0.0,0.0,0.0,0.0,0.0,0.0,0.0,0.0,0.0
4.5211267,0.0,3.0140846,0.0,0.0,0.0,0.0,0.0,0.53846157,0.4090909,0.41618496,0.0,0.0,0.0,0.41221374,0.41447368,0.41860464,0.0,0.0,0.0,0.0,0.0,0.0,0.0,0.0,0.0,0.0,0.0,0.0,0.0,0.0,0.0,0.0,0.0,0.3970588,0.0,0.0,0.0,0.0,0.0,0.0,0.0,0.0,0.0,0.0,0.0,0.0,0.38297874,0.0,0.40449437,0.0,0.0,0.0,0.0,0.0,0.0,0.0,0.0,0.38297874,0.0,0.0,0.0,0.0,0.0,0.0,0.0,0.0,0.0,0.0,0.0,0.0,0.0,0.0,0.0,0.0,0.0,0.0,0.0,0.0,0.0,0.0,0.0,0.0,0.0,0.0,0.0,0.0,0.0,0.0,0.0,0.0,0.0,0.0,0.0,0.0,0.0,0.0,0.0,0.0,0.0,0.0,0.0,0.0,0.0,0.0,0.0,0.0,0.0,0.0,0.0,0.0,0.0,0.0,0.0,0.0,0.0,0.0,0.0,0.0,0.0,0.0,0.0,0.0,0.0,0.0,0.0,0.0,0.0,0.0,0.0,0.0,0.0,0.0,0.0,0.0,0.0,0.0,0.0,0.0,0.0,0.0,0.0,0.0,0.0,0.0,0.0,0.0,0.0,0.0
4.3012047,0.375,2.2432432,0.0,0.29032257,0.0,0.369863,0.0,0.53846157,0.39130434,0.39130434,0.25,0.0,0.0,0.29032257,0.34615386,0.0,0.0,0.0,0.0,0.29032257,0.0,0.0,0.0,0.25,0.0,0.0,0.0,0.0,0.0,0.0,0.0,0.0,0.0,0.0,0.0,0.0,0.0,0.0,0.0,0.0,0.0,0.0,0.0,0.0,0.0,0.0,0.0,0.0,0.0,0.0,0.0,0.0,0.0,0.0,0.0,0.0,0.0,0.0,0.0,0.0,0.0,0.0,0.0,0.0,0.0,0.0,0.0,0.0,0.0,0.0,0.0,0.0,0.0,0.0,0.0,0.0,0.0,0.0,0.0,0.0,0.0,0.0,0.0,0.0,0.0,0.0,0.0,0.0,0.0,0.0,0.0,0.0,0.0,0.0,0.0,0.0,0.0,0.0,0.0,0.0,0.0,0.0,0.0,0.0,0.0,0.0,0.0,0.0,0.0,0.0,0.0,0.0,0.0,0.0,0.0,0.0,0.0,0.0,0.0,0.0,0.0,0.0,0.0,0.0,0.0,0.0,0.0,0.0,0.0,0.0,0.0,0.0,0.0,0.0,0.0,0.0,0.0,0.0,0.0,0.0,0.0,0.0,0.0,0.0,0.0,0.0,0.0,0.0
4.152225,0.36524823,2.2432432,-2.220446e-16,0.29032257,-2.220446e-16,0.34228188,-2.220446e-16,0.53846157,0.3559322,0.3559322,0.15384616,-2.220446e-16,-2.220446e-16,0.29032257,0.20689656,-2.220446e-16,-2.220446e-16,-2.220446e-16,-2.220446e-16,0.29032257,-2.220446e-16,-2.220446e-16,-2.220446e-16,0.15384616,-2.220446e-16,-2.220446e-16,-2.220446e-16,-2.220446e-16,-2.220446e-16,-2.220446e-16,-2.220446e-16,-2.220446e-16,-2.220446e-16,-2.220446e-16,-2.220446e-16,-2.220446e-16,-2.220446e-16,-2.220446e-16,-2.220446e-16,-2.220446e-16,-2.220446e-16,-2.220446e-16,-2.220446e-16,-2.220446e-16,-2.220446e-16,-2.220446e-16,-2.220446e-16,-2.220446e-16,-2.220446e-16,-2.220446e-16,-2.220446e-16,-2.220446e-16,-2.220446e-16,-2.220446e-16,-2.220446e-16,-2.220446e-16,-2.220446e-16,-2.220446e-16,-2.220446e-16,-2.220446e-16,-2.220446e-16,-2.220446e-16,-2.220446e-16,-2.220446e-16,-2.220446e-16,-2.220446e-16,-2.220446e-16,-2.220446e-16,-2.220446e-16,-2.220446e-16,-2.220446e-16,-2.220446e-16,-2.220446e-16,-2.220446e-16,-2.220446e-16,-2.220446e-16,-2.220446e-16,-2.220446e-16,-2.220446e-16,-2.220446e-16,-2.220446e-16,-2.220446e-16,-2.220446e-16,-2.220446e-16,-2.220446e-16,-2.220446e-16,-2.220446e-16,-2.220446e-16,-2.220446e-16,-2.220446e-16,-2.220446e-16,-2.220446e-16,-2.220446e-16,-2.220446e-16,-2.220446e-16,-2.220446e-16,-2.220446e-16,-2.220446e-16,-2.220446e-16,-2.220446e-16,-2.220446e-16,-2.220446e-16,-2.220446e-16,-2.220446e-16,-2.220446e-16,-2.220446e-16,-2.220446e-16,-2.220446e-16,-2.220446e-16,-2.220446e-16,-2.220446e-16,-2.220446e-16,-2.220446e-16,-2.220446e-16,-2.220446e-16,-2.220446e-16,-2.220446e-16,-2.220446e-16,-2.220446e-16,-2.220446e-16,-2.220446e-16,-2.220446e-16,-2.220446e-16,-2.220446e-16,-2.220446e-16,-2.220446e-16,-2.220446e-16,-2.220446e-16,-2.220446e-16,-2.220446e-16,-2.220446e-16,-2.220446e-16,-2.220446e-16,-2.220446e-16,-2.220446e-16,-2.220446e-16,-2.220446e-16,-2.220446e-16,-2.220446e-16,-2.220446e-16,-2.220446e-16,-2.220446e-16,-2.220446e-16,-2.220446e-16,-2.220446e-16,-2.220446e-16,-2.220446e-16,-2.220446e-16
4.188679,0.3676732,2.2432432,0.0,0.29032257,0.0,0.34907252,0.0,0.53846157,0.36460555,0.36460555,0.1764706,0.0,0.0,0.29032257,0.23893805,0.0,0.0,0.0,0.0,0.29032257,0.0,0.0,0.0,0.1764706,0.0,0.0,0.0,0.0,0.0,0.0,0.0,0.0,0.0,0.0,0.0,0.0,0.0,0.0,0.0,0.0,0.0,0.0,0.0,0.0,0.0,0.0,0.0,0.0,0.0,0.0,0.0,0.0,0.0,0.0,0.0,0.0,0.0,0.0,0.0,0.0,0.0,0.0,0.0,0.0,0.0,0.0,0.0,0.0,0.0,0.0,0.0,0.0,0.0,0.0,0.0,0.0,0.0,0.0,0.0,0.0,0.0,0.0,0.0,0.0,0.0,0.0,0.0,0.0,0.0,0.0,0.0,0.0,0.0,0.0,0.0,0.0,0.0,0.0,0.0,0.0,0.0,0.0,0.0,0.0,0.0,0.0,0.0,0.0,0.0,0.0,0.0,0.0,0.0,0.0,0.0,0.0,0.0,0.0,0.0,0.0,0.0,0.0,0.0,0.0,0.0,0.0,0.0,0.0,0.0,0.0,0.0,0.0,0.0,0.0,0.0,0.0,0.0,0.0,0.0,0.0,0.0,0.0,0.0,0.0,0.0,0.0,0.0,0.0
4.225653,0.37010676,2.2432432,0.0,0.29032257,0.0,0.3559322,0.0,0.53846157,0.37339056,0.37339056,0.2,0.0,0.0,0.29032257,0.27272728,0.0,0.0,0.0,0.0,0.29032257,0.0,0.0,0.0,0.2,0.0,0.0,0.0,0.0,0.0,0.0,0.0,0.0,0.0,0.0,0.0,0.0,0.0,0.0,0.0,0.0,0.0,0.0,0.0,0.0,0.0,0.0,0.0,0.0,0.0,0.0,0.0,0.0,0.0,0.0,0.0,0.0,0.0,0.0,0.0,0.0,0.0,0.0,0.0,0.0,0.0,0.0,0.0,0.0,0.0,0.0,0.0,0.0,0.0,0.0,0.0,0.0,0.0,0.0,0.0,0.0,0.0,0.0,0.0,0.0,0.0,0.0,0.0,0.0,0.0,0.0,0.0,0.0,0.0,0.0,0.0,0.0,0.0,0.0,0.0,0.0,0.0,0.0,0.0,0.0,0.0,0.0,0.0,0.0,0.0,0.0,0.0,0.0,0.0,0.0,0.0,0.0,0.0,0.0,0.0,0.0,0.0,0.0,0.0,0.0,0.0,0.0,0.0,0.0,0.0,0.0,0.0,0.0,0.0,0.0,0.0,0.0,0.0,0.0,0.0,0.0,0.0,0.0,0.0,0.0,0.0,0.0,0.0,0.0
4.255614,0.37205988,2.2432432,0.0,0.29032257,0.0,0.3614704,0.0,0.53846157,0.38050044,0.38050044,0.2195122,0.0,0.0,0.29032257,0.30111524,0.0,0.0,0.0,0.0,0.29032257,0.0,0.0,0.0,0.2195122,0.0,0.0,0.0,0.0,0.0,0.0,0.0,0.0,0.0,0.0,0.0,0.0,0.0,0.0,0.0,0.0,0.0,0.0,0.0,0.0,0.0,0.0,0.0,0.0,0.0,0.0,0.0,0.0,0.0,0.0,0.0,0.0,0.0,0.0,0.0,0.0,0.0,0.0,0.0,0.0,0.0,0.0,0.0,0.0,0.0,0.0,0.0,0.0,0.0,0.0,0.0,0.0,0.0,0.0,0.0,0.0,0.0,0.0,0.0,0.0,0.0,0.0,0.0,0.0,0.0,0.0,0.0,0.0,0.0,0.0,0.0,0.0,0.0,0.0,0.0,0.0,0.0,0.0,0.0,0.0,0.0,0.0,0.0,0.0,0.0,0.0,0.0,0.0,0.0,0.0,0.0,0.0,0.0,0.0,0.0,0.0,0.0,0.0,0.0,0.0,0.0,0.0,0.0,0.0,0.0,0.0,0.0,0.0,0.0,0.0,0.0,0.0,0.0,0.0,0.0,0.0,0.0,0.0,0.0,0.0,0.0,0.0,0.0,0.0
1.4539877,0.30384168,1.0960698,0.0,0.059602648,0.0,0.059602648,0.0,0.53846157,0.20300752,0.059602648,0.0,0.0,0.0,0.059602648,0.0,0.0,0.0,0.12676056,0.0,0.059602648,0.0,0.0,0.0,0.0,0.0,0.0,0.0,0.0,0.0,0.0,0.0,0.0,0.0,0.0,0.0,0.0,0.0,0.0,0.0,0.0,0.0,0.0,0.0,0.0,0.0,0.0,0.0,0.0,0.0,0.0,0.0,0.0,0.0,0.0,0.0,0.0,0.0,0.0,0.0,0.0,0.0,0.0,0.0,0.0,0.0,0.0,0.0,0.0,0.0,0.0,0.0,0.0,0.0,0.0,0.0,0.0,0.0,0.0,0.0,0.0,0.0,0.0,0.0,0.0,0.0,0.0,0.0,0.0,0.0,0.0,0.0,0.0,0.0,0.0,0.0,0.0,0.0,0.0,0.0,0.0,0.0,0.0,0.0,0.0,0.0,0.0,0.0,0.0,0.0,0.0,0.0,0.0,0.0,0.0,0.0,0.0,0.0,0.0,0.0,0.0,0.0,0.0,0.0,0.0,0.0,0.0,0.0,0.0,0.0,0.0,0.0,0.0,0.0,0.0,0.0,0.0,0.0,0.0,0.0,0.0,0.0,0.0,0.0,0.0,0.0,0.0,0.0,0.0
3.9166405,0.28693676,2.2,0.0,0.23076923,0.0,0.2699219,0.0,0.6,0.2801024,0.2801024,0.12528132,0.0,0.0,0.23076923,0.16705568,0.0,0.0,0.0,0.0,0.23076923,0.0,0.0,0.0,0.12528132,0.0,0.0,0.0,0.0,0.0,0.0,0.0,0.0,0.0,0.0,0.0,0.0,0.0,0.0,0.0,0.0,0.0,0.0,0.0,0.0,0.0,0.0,0.0,0.0,0.0,0.0,0.0,0.0,0.0,0.0,0.0,0.0,0.0,0.0,0.0,0.0,0.0,0.0,0.0,0.0,0.0,0.0,0.0,0.0,0.0,0.0,0.0,0.0,0.0,0.0,0.0,0.0,0.0,0.0,0.0,0.0,0.0,0.0,0.0,0.0,0.0,0.0,0.0,0.0,0.0,0.0,0.0,0.0,0.0,0.0,0.0,0.0,0.0,0.0,0.0,0.0,0.0,0.0,0.0,0.0,0.0,0.0,0.0,0.0,0.0,0.0,0.0,0.0,0.0,0.0,0.0,0.0,0.0,0.0,0.0,0.0,0.0,0.0,0.0,0.0,0.0,0.0,0.0,0.0,0.0,0.0,0.0,0.0,0.0,0.0,0.0,0.0,0.0,0.0,0.0,0.0,0.0,0.0,0.0,0.0,0.0,0.0,0.0,0.0
3.9438202,0.28870293,2.2,0.0,0.23076923,0.0,0.2749004,0.0,0.6,0.28643215,0.28643215,0.14285715,0.0,0.0,0.23076923,0.19148937,0.0,0.0,0.0,0.0,0.23076923,0.0,0.0,0.0,0.14285715,0.0,0.0,0.0,0.0,0.0,0.0,0.0,0.0,0.0,0.0,0.0,0.0,0.0,0.0,0.0,0.0,0.0,0.0,0.0,0.0,0.0,0.0,0.0,0.0,0.0,0.0,0.0,0.0,0.0,0.0,0.0,0.0,0.0,0.0,0.0,0.0,0.0,0.0,0.0,0.0,0.0,0.0,0.0,0.0,0.0,0.0,0.0,0.0,0.0,0.0,0.0,0.0,0.0,0.0,0.0,0.0,0.0,0.0,0.0,0.0,0.0,0.0,0.0,0.0,0.0,0.0,0.0,0.0,0.0,0.0,0.0,0.0,0.0,0.0,0.0,0.0,0.0,0.0,0.0,0.0,0.0,0.0,0.0,0.0,0.0,0.0,0.0,0.0,0.0,0.0,0.0,0.0,0.0,0.0,0.0,0.0,0.0,0.0,0.0,0.0,0.0,0.0,0.0,0.0,0.0,0.0,0.0,0.0,0.0,0.0,0.0,0.0,0.0,0.0,0.0,0.0,0.0,0.0,0.0,0.0,0.0,0.0,0.0,0.0
3.9717064,0.2904999,2.2,-2.220446e-16,0.23076923,-2.220446e-16,0.2799918,-2.220446e-16,0.6,0.29291883,0.29291883,0.16126035,-2.220446e-16,-2.220446e-16,0.23076923,0.21734896,-2.220446e-16,-2.220446e-16,-2.220446e-16,-2.220446e-16,0.23076923,-2.220446e-16,-2.220446e-16,-2.220446e-16,0.16126035,-2.220446e-16,-2.220446e-16,-2.220446e-16,-2.220446e-16,-2.220446e-16,-2.220446e-16,-2.220446e-16,-2.220446e-16,-2.220446e-16,-2.220446e-16,-2.220446e-16,-2.220446e-16,-2.220446e-16,-2.220446e-16,-2.220446e-16,-2.220446e-16,-2.220446e-16,-2.220446e-16,-2.220446e-16,-2.220446e-16,-2.220446e-16,-2.220446e-16,-2.220446e-16,-2.220446e-16,-2.220446e-16,-2.220446e-16,-2.220446e-16,-2.220446e-16,-2.220446e-16,-2.220446e-16,-2.220446e-16,-2.220446e-16,-2.220446e-16,-2.220446e-16,-2.220446e-16,-2.220446e-16,-2.220446e-16,-2.220446e-16,-2.220446e-16,-2.220446e-16,-2.220446e-16,-2.220446e-16,-2.220446e-16,-2.220446e-16,-2.220446e-16,-2.220446e-16,-2.220446e-16,-2.220446e-16,-2.220446e-16,-2.220446e-16,-2.220446e-16,-2.220446e-16,-2.220446e-16,-2.220446e-16,-2.220446e-16,-2.220446e-16,-2.220446e-16,-2.220446e-16,-2.220446e-16,-2.220446e-16,-2.220446e-16,-2.220446e-16,-2.220446e-16,-2.220446e-16,-2.220446e-16,-2.220446e-16,-2.220446e-16,-2.220446e-16,-2.220446e-16,-2.220446e-16,-2.220446e-16,-2.220446e-16,-2.220446e-16,-2.220446e-16,-2.220446e-16,-2.220446e-16,-2.220446e-16,-2.220446e-16,-2.220446e-16,-2.220446e-16,-2.220446e-16,-2.220446e-16,-2.220446e-16,-2.220446e-16,-2.220446e-16,-2.220446e-16,-2.220446e-16,-2.220446e-16,-2.220446e-16,-2.220446e-16,-2.220446e-16,-2.220446e-16,-2.220446e-16,-2.220446e-16,-2.220446e-16,-2.220446e-16,-2.220446e-16,-2.220446e-16,-2.220446e-16,-2.220446e-16,-2.220446e-16,-2.220446e-16,-2.220446e-16,-2.220446e-16,-2.220446e-16,-2.220446e-16,-2.220446e-16,-2.220446e-16,-2.220446e-16,-2.220446e-16,-2.220446e-16,-2.220446e-16,-2.220446e-16,-2.220446e-16,-2.220446e-16,-2.220446e-16,-2.220446e-16,-2.220446e-16,-2.220446e-16,-2.220446e-16,-2.220446e-16,-2.220446e-16,-2.220446e-16,-2.220446e-16
3.9943247,0.29194632,2.2,0.0,0.23076923,0.0,0.28410915,0.0,0.6,0.29817444,0.29817444,0.1764706,0.0,0.0,0.23076923,0.23893805,0.0,0.0,0.0,0.0,0.23076923,0.0,0.0,0.0,0.1764706,0.0,0.0,0.0,0.0,0.0,0.0,0.0,0.0,0.0,0.0,0.0,0.0,0.0,0.0,0.0,0.0,0.0,0.0,0.0,0.0,0.0,0.0,0.0,0.0,0.0,0.0,0.0,0.0,0.0,0.0,0.0,0.0,0.0,0.0,0.0,0.0,0.0,0.0,0.0,0.0,0.0,0.0,0.0,0.0,0.0,0.0,0.0,0.0,0.0,0.0,0.0,0.0,0.0,0.0,0.0,0.0,0.0,0.0,0.0,0.0,0.0,0.0,0.0,0.0,0.0,0.0,0.0,0.0,0.0,0.0,0.0,0.0,0.0,0.0,0.0,0.0,0.0,0.0,0.0,0.0,0.0,0.0,0.0,0.0,0.0,0.0,0.0,0.0,0.0,0.0,0.0,0.0,0.0,0.0,0.0,0.0,0.0,0.0,0.0,0.0,0.0,0.0,0.0,0.0,0.0,0.0,0.0,0.0,0.0,0.0,0.0,0.0,0.0,0.0,0.0,0.0,0.0,0.0,0.0,0.0,0.0,0.0,0.0,0.0
1.2857143,0.23076923,1.0,0.0,0.0,0.0,0.0,0.0,0.6,0.14285715,0.0,0.0,0.0,0.0,0.0,0.0,0.0,0.0,0.14285715,0.0,0.0,0.0,0.0,0.0,0.0,0.0,0.0,0.0,0.0,0.0,0.0,0.0,0.0,0.0,0.0,0.0,0.0,0.0,0.0,0.0,0.0,0.0,0.0,0.0,0.0,0.0,0.0,0.0,0.0,0.0,0.0,0.0,0.0,0.0,0.0,0.0,0.0,0.0,0.0,0.0,0.0,0.0,0.0,0.0,0.0,0.0,0.0,0.0,0.0,0.0,0.0,0.0,0.0,0.0,0.0,0.0,0.0,0.0,0.0,0.0,0.0,0.0,0.0,0.0,0.0,0.0,0.0,0.0,0.0,0.0,0.0,0.0,0.0,0.0,0.0,0.0,0.0,0.0,0.0,0.0,0.0,0.0,0.0,0.0,0.0,0.0,0.0,0.0,0.0,0.0,0.0,0.0,0.0,0.0,0.0,0.0,0.0,0.0,0.0,0.0,0.0,0.0,0.0,0.0,0.0,0.0,0.0,0.0,0.0,0.0,0.0,0.0,0.0,0.0,0.0,0.0,0.0,0.0,0.0,0.0,0.0,0.0,0.0,0.0,0.0,0.0,0.0,0.0,0.0
1.1052631,0.29032257,0.875,0.0,0.0,0.0,0.0,0.0,0.53846157,0.1764706,0.0,0.0,0.0,0.0,0.0,0.0,0.0,0.0,0.1764706,0.0,0.0,0.0,0.0,0.0,0.0,0.0,0.0,0.0,0.0,0.0,0.0,0.0,0.0,0.0,0.0,0.0,0.0,0.0,0.0,0.0,0.0,0.0,0.0,0.0,0.0,0.0,0.0,0.0,0.0,0.0,0.0,0.0,0.0,0.0,0.0,0.0,0.0,0.0,0.0,0.0,0.0,0.0,0.0,0.0,0.0,0.0,0.0,0.0,0.0,0.0,0.0,0.0,0.0,0.0,0.0,0.0,0.0,0.0,0.0,0.0,0.0,0.0,0.0,0.0,0.0,0.0,0.0,0.0,0.0,0.0,0.0,0.0,0.0,0.0,0.0,0.0,0.0,0.0,0.0,0.0,0.0,0.0,0.0,0.0,0.0,0.0,0.0,0.0,0.0,0.0,0.0,0.0,0.0,0.0,0.0,0.0,0.0,0.0,0.0,0.0,0.0,0.0,0.0,0.0,0.0,0.0,0.0,0.0,0.0,0.0,0.0,0.0,0.0,0.0,0.0,0.0,0.0,0.0,0.0,0.0,0.0,0.0,0.0,0.0,0.0,0.0,0.0,0.0,0.0
0.9512195,0.3559322,0.7647059,0.0,0.0,0.0,0.0,0.0,0.4814815,0.21212122,0.0,0.0,0.0,0.0,0.0,0.0,0.0,0.0,0.21212122,0.0,0.0,0.0,0.0,0.0,0.0,0.0,0.0,0.0,0.0,0.0,0.0,0.0,0.0,0.0,0.0,0.0,0.0,0.0,0.0,0.0,0.0,0.0,0.0,0.0,0.0,0.0,0.0,0.0,0.0,0.0,0.0,0.0,0.0,0.0,0.0,0.0,0.0,0.0,0.0,0.0,0.0,0.0,0.0,0.0,0.0,0.0,0.0,0.0,0.0,0.0,0.0,0.0,0.0,0.0,0.0,0.0,0.0,0.0,0.0,0.0,0.0,0.0,0.0,0.0,0.0,0.0,0.0,0.0,0.0,0.0,0.0,0.0,0.0,0.0,0.0,0.0,0.0,0.0,0.0,0.0,0.0,0.0,0.0,0.0,0.0,0.0,0.0,0.0,0.0,0.0,0.0,0.0,0.0,0.0,0.0,0.0,0.0,0.0,0.0,0.0,0.0,0.0,0.0,0.0,0.0,0.0,0.0,0.0,0.0,0.0,0.0,0.0,0.0,0.0,0.0,0.0,0.0,0.0,0.0,0.0,0.0,0.0,0.0,0.0,0.0,0.0,0.0,0.0,0.0
0.8181818,0.42857143,0.6666667,0.0,0.0,0.0,0.0,0.0,0.42857143,0.25,0.0,0.0,0.0,0.0,0.0,0.0,0.0,0.0,0.25,0.0,0.0,0.0,0.0,0.0,0.0,0.0,0.0,0.0,0.0,0.0,0.0,0.0,0.0,0.0,0.0,0.0,0.0,0.0,0.0,0.0,0.0,0.0,0.0,0.0,0.0,0.0,0.0,0.0,0.0,0.0,0.0,0.0,0.0,0.0,0.0,0.0,0.0,0.0,0.0,0.0,0.0,0.0,0.0,0.0,0.0,0.0,0.0,0.0,0.0,0.0,0.0,0.0,0.0,0.0,0.0,0.0,0.0,0.0,0.0,0.0,0.0,0.0,0.0,0.0,0.0,0.0,0.0,0.0,0.0,0.0,0.0,0.0,0.0,0.0,0.0,0.0,0.0,0.0,0.0,0.0,0.0,0.0,0.0,0.0,0.0,0.0,0.0,0.0,0.0,0.0,0.0,0.0,0.0,0.0,0.0,0.0,0.0,0.0,0.0,0.0,0.0,0.0,0.0,0.0,0.0,0.0,0.0,0.0,0.0,0.0,0.0,0.0,0.0,0.0,0.0,0.0,0.0,0.0,0.0,0.0,0.0,0.0,0.0,0.0,0.0,0.0,0.0,0.0,0.0
3.2105262,0.27272728,1.6666666,0.0,0.0,0.0,0.0,0.0,0.6,0.25,0.2,0.0,0.0,0.0,0.2,0.0,0.0,0.0,0.23076923,0.0,0.0,0.0,0.0,0.0,0.0,0.0,0.0,0.0,0.0,0.0,0.0,0.0,0.0,0.0,0.0,0.0,0.0,0.0,0.0,0.0,0.0,0.0,0.0,0.0,0.0,0.0,0.0,0.0,0.0,0.0,0.0,0.14285715,0.0,0.0,0.0,0.0,0.0,0.0,0.0,0.14285715,0.0,0.0,0.0,0.0,0.25,0.0,0.0,0.0,0.0,0.0,0.0,0.0,0.0,0.0,0.0,0.0,0.0,0.0,0.0,0.0,0.0,0.0,0.0,0.0,0.0,0.0,0.0,0.0,0.0,0.0,0.0,0.0,0.0,0.0,0.0,0.0,0.0,0.0,0.0,0.0,0.0,0.0,0.0,0.0,0.0,0.0,0.0,0.0,0.0,0.0,0.0,0.0,0.0,0.0,0.0,0.0,0.0,0.0,0.0,0.0,0.0,0.0,0.0,0.0,0.0,0.0,0.0,0.0,0.0,0.0,0.0,0.0,0.0,0.0,0.0,0.0,0.0,0.0,0.0,0.0,0.0,0.0,0.0,0.0,0.0,0.0,0.0,0.0,0.0
3.255319,0.34615386,1.6086956,0.0,0.0,0.0,0.0,0.0,0.53846157,0.31578946,0.25,0.0,0.0,0.0,0.25,0.0,0.0,0.0,0.29032257,0.0,0.0,0.0,0.0,0.0,0.0,0.0,0.0,0.0,0.0,0.0,0.0,0.0,0.0,0.0,0.0,0.0,0.0,0.0,0.0,0.0,0.0,0.0,0.0,0.0,0.0,0.0,0.0,0.0,0.0,0.0,0.0,0.1764706,0.0,0.0,0.0,0.0,0.0,0.0,0.0,0.1764706,0.0,0.0,0.0,0.0,0.31578946,0.0,0.0,0.0,0.0,0.0,0.0,0.0,0.0,0.0,0.0,0.0,0.0,0.0,0.0,0.0,0.0,0.0,0.0,0.0,0.0,0.0,0.0,0.0,0.0,0.0,0.0,0.0,0.0,0.0,0.0,0.0,0.0,0.0,0.0,0.0,0.0,0.0,0.0,0.0,0.0,0.0,0.0,0.0,0.0,0.0,0.0,0.0,0.0,0.0,0.0,0.0,0.0,0.0,0.0,0.0,0.0,0.0,0.0,0.0,0.0,0.0,0.0,0.0,0.0,0.0,0.0,0.0,0.0,0.0,0.0,0.0,0.0,0.0,0.0,0.0,0.0,0.0,0.0,0.0,0.0,0.0,0.0,0.0,0.0
3.3010752,0.42857143,1.5531915,0.0,0.0,0.0,0.0,0.0,0.4814815,0.3888889,0.3043478,0.0,0.0,0.0,0.3043478,0.0,0.0,0.0,0.3559322,0.0,0.0,0.0,0.0,0.0,0.0,0.0,0.0,0.0,0.0,0.0,0.0,0.0,0.0,0.0,0.0,0.0,0.0,0.0,0.0,0.0,0.0,0.0,0.0,0.0,0.0,0.0,0.0,0.0,0.0,0.0,0.0,0.21212122,0.0,0.0,0.0,0.0,0.0,0.0,0.0,0.21212122,0.0,0.0,0.0,0.0,0.3888889,0.0,0.0,0.0,0.0,0.0,0.0,0.0,0.0,0.0,0.0,0.0,0.0,0.0,0.0,0.0,0.0,0.0,0.0,0.0,0.0,0.0,0.0,0.0,0.0,0.0,0.0,0.0,0.0,0.0,0.0,0.0,0.0,0.0,0.0,0.0,0.0,0.0,0.0,0.0,0.0,0.0,0.0,0.0,0.0,0.0,0.0,0.0,0.0,0.0,0.0,0.0,0.0,0.0,0.0,0.0,0.0,0.0,0.0,0.0,0.0,0.0,0.0,0.0,0.0,0.0,0.0,0.0,0.0,0.0,0.0,0.0,0.0,0.0,0.0,0.0,0.0,0.0,0.0,0.0,0.0,0.0,0.0,0.0,0.0
3.347826,0.5217391,1.5,0.0,0.0,0.0,0.0,0.0,0.42857143,0.47058824,0.36363637,0.0,0.0,0.0,0.36363637,0.0,0.0,0.0,0.42857143,0.0,0.0,0.0,0.0,0.0,0.0,0.0,0.0,0.0,0.0,0.0,0.0,0.0,0.0,0.0,0.0,0.0,0.0,0.0,0.0,0.0,0.0,0.0,0.0,0.0,0.0,0.0,0.0,0.0,0.0,0.0,0.0,0.25,0.0,0.0,0.0,0.0,0.0,0.0,0.0,0.25,0.0,0.0,0.0,0.0,0.47058824,0.0,0.0,0.0,0.0,0.0,0.0,0.0,0.0,0.0,0.0,0.0,0.0,0.0,0.0,0.0,0.0,0.0,0.0,0.0,0.0,0.0,0.0,0.0,0.0,0.0,0.0,0.0,0.0,0.0,0.0,0.0,0.0,0.0,0.0,0.0,0.0,0.0,0.0,0.0,0.0,0.0,0.0,0.0,0.0,0.0,0.0,0.0,0.0,0.0,0.0,0.0,0.0,0.0,0.0,0.0,0.0,0.0,0.0,0.0,0.0,0.0,0.0,0.0,0.0,0.0,0.0,0.0,0.0,0.0,0.0,0.0,0.0,0.0,0.0,0.0,0.0,0.0,0.0,0.0,0.0,0.0,0.0,0.0,0.0
3.255319,0.3559322,1.6086956,0.0,0.0,0.0,0.1764706,0.0,0.53846157,0.29032257,0.1764706,0.0,0.0,0.0,0.1764706,0.0,0.0,0.0,0.29032257,0.0,0.1764706,0.0,0.0,0.0,0.0,0.0,0.0,0.0,0.0,0.0,0.0,0.0,0.0,0.0,0.0,0.0,0.0,0.0,0.0,0.0,0.0,0.0,0.0,0.0,0.0,0.0,0.0,0.0,0.0,0.0,0.0,0.1764706,0.0,0.0,0.0,0.0,0.0,0.0,0.0,0.1764706,0.0,0.0,0.0,0.0,0.31578946,0.0,0.0,0.0,0.0,0.0,0.0,0.0,0.0,0.0,0.0,0.0,0.0,0.0,0.0,0.0,0.0,0.0,0.0,0.0,0.0,0.0,0.0,0.0,0.0,0.0,0.0,0.0,0.0,0.0,0.0,0.0,0.0,0.0,0.0,0.0,0.0,0.0,0.0,0.0,0.0,0.0,0.0,0.0,0.0,0.0,0.0,0.0,0.0,0.0,0.0,0.0,0.0,0.0,0.0,0.0,0.0,0.0,0.0,0.0,0.0,0.0,0.0,0.0,0.0,0.0,0.0,0.0,0.0,0.0,0.0,0.0,0.0,0.0,0.0,0.0,0.0,0.0,0.0,0.0,0.0,0.0,0.0,0.0,0.0
3.3010752,0.44144145,1.5531915,0.0,0.0,0.0,0.21212122,0.0,0.4814815,0.3559322,0.21212122,0.0,0.0,0.0,0.21212122,0.0,0.0,0.0,0.3559322,0.0,0.21212122,0.0,0.0,0.0,0.0,0.0,0.0,0.0,0.0,0.0,0.0,0.0,0.0,0.0,0.0,0.0,0.0,0.0,0.0,0.0,0.0,0.0,0.0,0.0,0.0,0.0,0.0,0.0,0.0,0.0,0.0,0.21212122,0.0,0.0,0.0,0.0,0.0,0.0,0.0,0.21212122,0.0,0.0,0.0,0.0,0.3888889,0.0,0.0,0.0,0.0,0.0,0.0,0.0,0.0,0.0,0.0,0.0,0.0,0.0,0.0,0.0,0.0,0.0,0.0,0.0,0.0,0.0,0.0,0.0,0.0,0.0,0.0,0.0,0.0,0.0,0.0,0.0,0.0,0.0,0.0,0.0,0.0,0.0,0.0,0.0,0.0,0.0,0.0,0.0,0.0,0.0,0.0,0.0,0.0,0.0,0.0,0.0,0.0,0.0,0.0,0.0,0.0,0.0,0.0,0.0,0.0,0.0,0.0,0.0,0.0,0.0,0.0,0.0,0.0,0.0,0.0,0.0,0.0,0.0,0.0,0.0,0.0,0.0,0.0,0.0,0.0,0.0,0.0,0.0,0.0
3.347826,0.53846157,1.5,0.0,0.0,0.0,0.25,0.0,0.42857143,0.42857143,0.25,0.0,0.0,0.0,0.25,0.0,0.0,0.0,0.42857143,0.0,0.25,0.0,0.0,0.0,0.0,0.0,0.0,0.0,0.0,0.0,0.0,0.0,0.0,0.0,0.0,0.0,0.0,0.0,0.0,0.0,0.0,0.0,0.0,0.0,0.0,0.0,0.0,0.0,0.0,0.0,0.0,0.25,0.0,0.0,0.0,0.0,0.0,0.0,0.0,0.25,0.0,0.0,0.0,0.0,0.47058824,0.0,0.0,0.0,0.0,0.0,0.0,0.0,0.0,0.0,0.0,0.0,0.0,0.0,0.0,0.0,0.0,0.0,0.0,0.0,0.0,0.0,0.0,0.0,0.0,0.0,0.0,0.0,0.0,0.0,0.0,0.0,0.0,0.0,0.0,0.0,0.0,0.0,0.0,0.0,0.0,0.0,0.0,0.0,0.0,0.0,0.0,0.0,0.0,0.0,0.0,0.0,0.0,0.0,0.0,0.0,0.0,0.0,0.0,0.0,0.0,0.0,0.0,0.0,0.0,0.0,0.0,0.0,0.0,0.0,0.0,0.0,0.0,0.0,0.0,0.0,0.0,0.0,0.0,0.0,0.0,0.0,0.0,0.0,0.0
1.726653,0.16234018,1.265861,0.0,0.0,0.0,0.019367991,0.0,0.6666667,0.12179487,0.032702237,0.0,0.0,0.0,0.029336078,0.025991792,0.025991792,0.0,0.08225108,0.0,0.019367991,0.0,0.0,0.0,0.0,0.0,0.0,0.0,0.0,0.0,0.0,0.0,0.0,0.0,0.0,0.0,0.0,0.0,0.0,0.0,0.0,0.0,0.0,0.0,0.0,0.0,0.0,0.0,0.0,0.0,0.0,0.0,0.0,0.0,0.0,0.0,0.0,0.0,0.0,0.0,0.0,0.0,0.0,0.0,0.0,0.0,0.0,0.0,0.0,0.0,0.0,0.0,0.0,0.0,0.0,0.0,0.0,0.0,0.0,0.0,0.0,0.0,0.0,0.0,0.0,0.0,0.0,0.0,0.0,0.0,0.0,0.0,0.0,0.0,0.0,0.0,0.0,0.0,0.0,0.0,0.0,0.0,0.0,0.0,0.0,0.0,0.0,0.0,0.0,0.0,0.0,0.0,0.0,0.0,0.0,0.0,0.0,0.0,0.0,0.0,0.0,0.0,0.0,0.0,0.0,0.0,0.0,0.0,0.0,0.0,0.0,0.0,0.0,0.0,0.0,0.0,0.0,0.0,0.0,0.0,0.0,0.0,0.0,0.0,0.0,0.0,0.0,0.0,0.0
1.6425315,0.18152101,1.2117369,0.0,0.0,0.0,0.021346135,0.0,0.6393443,0.13562621,0.036090486,0.0,0.0,0.0,0.032364633,0.028665477,0.028665477,0.0,0.09122654,0.0,0.021346135,0.0,0.0,0.0,0.0,0.0,0.0,0.0,0.0,0.0,0.0,0.0,0.0,0.0,0.0,0.0,0.0,0.0,0.0,0.0,0.0,0.0,0.0,0.0,0.0,0.0,0.0,0.0,0.0,0.0,0.0,0.0,0.0,0.0,0.0,0.0,0.0,0.0,0.0,0.0,0.0,0.0,0.0,0.0,0.0,0.0,0.0,0.0,0.0,0.0,0.0,0.0,0.0,0.0,0.0,0.0,0.0,0.0,0.0,0.0,0.0,0.0,0.0,0.0,0.0,0.0,0.0,0.0,0.0,0.0,0.0,0.0,0.0,0.0,0.0,0.0,0.0,0.0,0.0,0.0,0.0,0.0,0.0,0.0,0.0,0.0,0.0,0.0,0.0,0.0,0.0,0.0,0.0,0.0,0.0,0.0,0.0,0.0,0.0,0.0,0.0,0.0,0.0,0.0,0.0,0.0,0.0,0.0,0.0,0.0,0.0,0.0,0.0,0.0,0.0,0.0,0.0,0.0,0.0,0.0,0.0,0.0,0.0,0.0,0.0,0.0,0.0,0.0,0.0
1.5634453,0.2013455,1.1601382,0.0,0.0,0.0,0.023331968,0.0,0.61290324,0.1498029,0.03950104,0.0,0.0,0.0,0.03541106,0.031353135,0.031353135,0.0,0.100352116,0.0,0.023331968,0.0,0.0,0.0,0.0,0.0,0.0,0.0,0.0,0.0,0.0,0.0,0.0,0.0,0.0,0.0,0.0,0.0,0.0,0.0,0.0,0.0,0.0,0.0,0.0,0.0,0.0,0.0,0.0,0.0,0.0,0.0,0.0,0.0,0.0,0.0,0.0,0.0,0.0,0.0,0.0,0.0,0.0,0.0,0.0,0.0,0.0,0.0,0.0,0.0,0.0,0.0,0.0,0.0,0.0,0.0,0.0,0.0,0.0,0.0,0.0,0.0,0.0,0.0,0.0,0.0,0.0,0.0,0.0,0.0,0.0,0.0,0.0,0.0,0.0,0.0,0.0,0.0,0.0,0.0,0.0,0.0,0.0,0.0,0.0,0.0,0.0,0.0,0.0,0.0,0.0,0.0,0.0,0.0,0.0,0.0,0.0,0.0,0.0,0.0,0.0,0.0,0.0,0.0,0.0,0.0,0.0,0.0,0.0,0.0,0.0,0.0,0.0,0.0,0.0,0.0,0.0,0.0,0.0,0.0,0.0,0.0,0.0,0.0,0.0,0.0,0.0,0.0,0.0
1.4889553,0.22184661,1.1108922,0.0,0.0,0.0,0.02532554,0.0,0.5873016,0.164338,0.04293412,0.0,0.0,0.0,0.038475517,0.034054875,0.034054875,0.0,0.109631605,0.0,0.02532554,0.0,0.0,0.0,0.0,0.0,0.0,0.0,0.0,0.0,0.0,0.0,0.0,0.0,0.0,0.0,0.0,0.0,0.0,0.0,0.0,0.0,0.0,0.0,0.0,0.0,0.0,0.0,0.0,0.0,0.0,0.0,0.0,0.0,0.0,0.0,0.0,0.0,0.0,0.0,0.0,0.0,0.0,0.0,0.0,0.0,0.0,0.0,0.0,0.0,0.0,0.0,0.0,0.0,0.0,0.0,0.0,0.0,0.0,0.0,0.0,0.0,0.0,0.0,0.0,0.0,0.0,0.0,0.0,0.0,0.0,0.0,0.0,0.0,0.0,0.0,0.0,0.0,0.0,0.0,0.0,0.0,0.0,0.0,0.0,0.0,0.0,0.0,0.0,0.0,0.0,0.0,0.0,0.0,0.0,0.0,0.0,0.0,0.0,0.0,0.0,0.0,0.0,0.0,0.0,0.0,0.0,0.0,0.0,0.0,0.0,0.0,0.0,0.0,0.0,0.0,0.0,0.0,0.0,0.0,0.0,0.0,0.0,0.0,0.0,0.0,0.0,0.0,0.0
1.5346214,0.20749006,1.1444808,0.0,0.0,0.0,0.020684164,0.0,0.61290324,0.13097224,0.034955624,0.0,0.0,0.0,0.031350475,0.027770355,0.027770355,0.0,0.11243058,0.0,0.020684164,0.0,0.0,0.0,0.0,0.0,0.0,0.0,0.0,0.0,0.0,0.0,0.0,0.0,0.0,0.0,0.0,0.0,0.0,0.0,0.0,0.0,0.0,0.0,0.0,0.0,0.0,0.0,0.0,0.0,0.0,0.0,0.0,0.0,0.0,0.0,0.0,0.0,0.0,0.0,0.0,0.0,0.0,0.0,0.0,0.0,0.0,0.0,0.0,0.0,0.0,0.0,0.0,0.0,0.0,0.0,0.0,0.0,0.0,0.0,0.0,0.0,0.0,0.0,0.0,0.0,0.0,0.0,0.0,0.0,0.0,0.0,0.0,0.0,0.0,0.0,0.0,0.0,0.0,0.0,0.0,0.0,0.0,0.0,0.0,0.0,0.0,0.0,0.0,0.0,0.0,0.0,0.0,0.0,0.0,0.0,0.0,0.0,0.0,0.0,0.0,0.0,0.0,0.0,0.0,0.0,0.0,0.0,0.0,0.0,0.0,0.0,0.0,0.0,0.0,0.0,0.0,0.0,0.0,0.0,0.0,0.0,0.0,0.0,0.0,0.0,0.0,0.0,0.0
1.5265046,0.20926504,1.1400446,0.0,0.0,0.0,0.019934623,0.0,0.61289024,0.12571503,0.03367186,0.0,0.0,0.0,0.030202975,0.026757294,0.026757294,0.0,0.11593132,0.0,0.019934623,0.0,0.0,0.0,0.0,0.0,0.0,0.0,0.0,0.0,0.0,0.0,0.0,0.0,0.0,0.0,0.0,0.0,0.0,0.0,0.0,0.0,0.0,0.0,0.0,0.0,0.0,0.0,0.0,0.0,0.0,0.0,0.0,0.0,0.0,0.0,0.0,0.0,0.0,0.0,0.0,0.0,0.0,0.0,0.0,0.0,0.0,0.0,0.0,0.0,0.0,0.0,0.0,0.0,0.0,0.0,0.0,0.0,0.0,0.0,0.0,0.0,0.0,0.0,0.0,0.0,0.0,0.0,0.0,0.0,0.0,0.0,0.0,0.0,0.0,0.0,0.0,0.0,0.0,0.0,0.0,0.0,0.0,0.0,0.0,0.0,0.0,0.0,0.0,0.0,0.0,0.0,0.0,0.0,0.0,0.0,0.0,0.0,0.0,0.0,0.0,0.0,0.0,0.0,0.0,0.0,0.0,0.0,0.0,0.0,0.0,0.0,0.0,0.0,0.0,0.0,0.0,0.0,0.0,0.0,0.0,0.0,0.0,0.0,0.0,0.0,0.0,0.0,0.0
1.5120579,0.21244873,1.1321355,2.220446e-16,2.220446e-16,2.220446e-16,0.01857888,2.220446e-16,0.61290324,0.11635622,0.031353135,2.220446e-16,2.220446e-16,2.220446e-16,0.028129626,0.024926206,0.024926206,2.220446e-16,0.12228407,2.220446e-16,0.01857888,2.220446e-16,2.220446e-16,2.220446e-16,2.220446e-16,2.220446e-16,2.220446e-16,2.220446e-16,2.220446e-16,2.220446e-16,2.220446e-16,2.220446e-16,2.220446e-16,2.220446e-16,2.220446e-16,2.220446e-16,2.220446e-16,2.220446e-16,2.220446e-16,2.220446e-16,2.220446e-16,2.220446e-16,2.220446e-16,2.220446e-16,2.220446e-16,2.220446e-16,2.220446e-16,2.220446e-16,2.220446e-16,2.220446e-16,2.220446e-16,2.220446e-16,2.220446e-16,2.220446e-16,2.220446e-16,2.220446e-16,2.220446e-16,2.220446e-16,2.220446e-16,2.220446e-16,2.220446e-16,2.220446e-16,2.220446e-16,2.220446e-16,2.220446e-16,2.220446e-16,2.220446e-16,2.220446e-16,2.220446e-16,2.220446e-16,2.220446e-16,2.220446e-16,2.220446e-16,2.220446e-16,2.220446e-16,2.220446e-16,2.220446e-16,2.220446e-16,2.220446e-16,2.220446e-16,2.220446e-16,2.220446e-16,2.220446e-16,2.220446e-16,2.220446e-16,2.220446e-16,2.220446e-16,2.220446e-16,2.220446e-16,2.220446e-16,2.220446e-16,2.220446e-16,2.220446e-16,2.220446e-16,2.220446e-16,2.220446e-16,2.220446e-16,2.220446e-16,2.220446e-16,2.220446e-16,2.220446e-16,2.220446e-16,2.220446e-16,2.220446e-16,2.220446e-16,2.220446e-16,2.220446e-16,2.220446e-16,2.220446e-16,2.220446e-16,2.220446e-16,2.220446e-16,2.220446e-16,2.220446e-16,2.220446e-16,2.220446e-16,2.220446e-16,2.220446e-16,2.220446e-16,2.220446e-16,2.220446e-16,2.220446e-16,2.220446e-16,2.220446e-16,2.220446e-16,2.220446e-16,2.220446e-16,2.220446e-16,2.220446e-16,2.220446e-16,2.220446e-16,2.220446e-16,2.220446e-16,2.220446e-16,2.220446e-16,2.220446e-16,2.220446e-16,2.220446e-16,2.220446e-16,2.220446e-16,2.220446e-16,2.220446e-16,2.220446e-16,2.220446e-16,2.220446e-16,2.220446e-16,2.220446e-16,2.220446e-16,2.220446e-16
1.4789292,0.2199656,1.1138669,0.0,0.0,0.0,0.015434606,0.0,0.61290324,0.095118895,0.025991792,0.0,0.0,0.0,0.023331968,0.0206859,0.0206859,0.0,0.13739763,0.0,0.015434606,0.0,0.0,0.0,0.0,0.0,0.0,0.0,0.0,0.0,0.0,0.0,0.0,0.0,0.0,0.0,0.0,0.0,0.0,0.0,0.0,0.0,0.0,0.0,0.0,0.0,0.0,0.0,0.0,0.0,0.0,0.0,0.0,0.0,0.0,0.0,0.0,0.0,0.0,0.0,0.0,0.0,0.0,0.0,0.0,0.0,0.0,0.0,0.0,0.0,0.0,0.0,0.0,0.0,0.0,0.0,0.0,0.0,0.0,0.0,0.0,0.0,0.0,0.0,0.0,0.0,0.0,0.0,0.0,0.0,0.0,0.0,0.0,0.0,0.0,0.0,0.0,0.0,0.0,0.0,0.0,0.0,0.0,0.0,0.0,0.0,0.0,0.0,0.0,0.0,0.0,0.0,0.0,0.0,0.0,0.0,0.0,0.0,0.0,0.0,0.0,0.0,0.0,0.0,0.0,0.0,0.0,0.0,0.0,0.0,0.0,0.0,0.0,0.0,0.0,0.0,0.0,0.0,0.0,0.0,0.0,0.0,0.0,0.0,0.0,0.0,0.0,0.0,0.0
3.2975206,0.09375,2.1818182,0.0,0.0,0.0,0.0,0.0,0.8181818,0.0,0.0,0.0,0.0,0.0,0.0,0.0,0.0,0.0,0.08108108,0.0,0.0,0.0,0.0,0.0,0.0,0.0,0.0,0.0,0.0,0.0,0.0,0.0,0.0,0.0,0.0,0.0,0.0,0.0,0.0,0.0,0.0,0.0,0.0,0.0,0.0,0.0,0.0,0.0,0.0,0.0,0.0,0.08108108,0.0,0.0,0.0,0.0,0.0,0.0,0.0,0.08108108,0.0,0.0,0.0,0.0,0.09375,0.0,0.0,0.0,0.0,0.0,0.0,0.0,0.0,0.0,0.0,0.0,0.0,0.0,0.0,0.0,0.0,0.0,0.0,0.0,0.0,0.0,0.0,0.0,0.0,0.0,0.0,0.0,0.0,0.0,0.0,0.0,0.0,0.0,0.0,0.0,0.0,0.0,0.0,0.0,0.0,0.0,0.0,0.0,0.0,0.0,0.0,0.0,0.0,0.0,0.0,0.0,0.0,0.0,0.0,0.0,0.0,0.0,0.0,0.0,0.0,0.0,0.0,0.0,0.0,0.0,0.0,0.0,0.0,0.0,0.0,0.0,0.0,0.0,0.0,0.0,0.0,0.0,0.0,0.0,0.0,0.0,0.0,0.0,0.0
3.642857,0.20689656,2.387097,0.0,0.0,0.0,0.0,0.0,0.6666667,0.0,0.0,0.0,0.0,0.0,0.0,0.0,0.0,0.0,0.1764706,0.0,0.0,0.0,0.0,0.0,0.0,0.0,0.0,0.0,0.0,0.0,0.0,0.0,0.0,0.0,0.0,0.0,0.0,0.0,0.0,0.0,0.0,0.0,0.0,0.0,0.0,0.0,0.0,0.0,0.0,0.0,0.0,0.1764706,0.0,0.0,0.0,0.0,0.0,0.0,0.0,0.1764706,0.0,0.0,0.0,0.0,0.20689656,0.0,0.0,0.0,0.0,0.0,0.0,0.0,0.0,0.0,0.0,0.0,0.0,0.0,0.0,0.0,0.0,0.0,0.0,0.0,0.0,0.0,0.0,0.0,0.0,0.0,0.0,0.0,0.0,0.0,0.0,0.0,0.0,0.0,0.0,0.0,0.0,0.0,0.0,0.0,0.0,0.0,0.0,0.0,0.0,0.0,0.0,0.0,0.0,0.0,0.0,0.0,0.0,0.0,0.0,0.0,0.0,0.0,0.0,0.0,0.0,0.0,0.0,0.0,0.0,0.0,0.0,0.0,0.0,0.0,0.0,0.0,0.0,0.0,0.0,0.0,0.0,0.0,0.0,0.0,0.0,0.0,0.0,0.0,0.0
4.0485435,0.34615386,2.6206896,0.0,0.0,0.0,0.0,0.0,0.53846157,0.0,0.0,0.0,0.0,0.0,0.0,0.0,0.0,0.0,0.29032257,0.0,0.0,0.0,0.0,0.0,0.0,0.0,0.0,0.0,0.0,0.0,0.0,0.0,0.0,0.0,0.0,0.0,0.0,0.0,0.0,0.0,0.0,0.0,0.0,0.0,0.0,0.0,0.0,0.0,0.0,0.0,0.0,0.29032257,0.0,0.0,0.0,0.0,0.0,0.0,0.0,0.29032257,0.0,0.0,0.0,0.0,0.34615386,0.0,0.0,0.0,0.0,0.0,0.0,0.0,0.0,0.0,0.0,0.0,0.0,0.0,0.0,0.0,0.0,0.0,0.0,0.0,0.0,0.0,0.0,0.0,0.0,0.0,0.0,0.0,0.0,0.0,0.0,0.0,0.0,0.0,0.0,0.0,0.0,0.0,0.0,0.0,0.0,0.0,0.0,0.0,0.0,0.0,0.0,0.0,0.0,0.0,0.0,0.0,0.0,0.0,0.0,0.0,0.0,0.0,0.0,0.0,0.0,0.0,0.0,0.0,0.0,0.0,0.0,0.0,0.0,0.0,0.0,0.0,0.0,0.0,0.0,0.0,0.0,0.0,0.0,0.0,0.0,0.0,0.0,0.0,0.0
4.5319147,0.5217391,2.8888888,0.0,0.0,0.0,0.0,0.0,0.42857143,0.0,0.0,0.0,0.0,0.0,0.0,0.0,0.0,0.0,0.42857143,0.0,0.0,0.0,0.0,0.0,0.0,0.0,0.0,0.0,0.0,0.0,0.0,0.0,0.0,0.0,0.0,0.0,0.0,0.0,0.0,0.0,0.0,0.0,0.0,0.0,0.0,0.0,0.0,0.0,0.0,0.0,0.0,0.42857143,0.0,0.0,0.0,0.0,0.0,0.0,0.0,0.42857143,0.0,0.0,0.0,0.0,0.5217391,0.0,0.0,0.0,0.0,0.0,0.0,0.0,0.0,0.0,0.0,0.0,0.0,0.0,0.0,0.0,0.0,0.0,0.0,0.0,0.0,0.0,0.0,0.0,0.0,0.0,0.0,0.0,0.0,0.0,0.0,0.0,0.0,0.0,0.0,0.0,0.0,0.0,0.0,0.0,0.0,0.0,0.0,0.0,0.0,0.0,0.0,0.0,0.0,0.0,0.0,0.0,0.0,0.0,0.0,0.0,0.0,0.0,0.0,0.0,0.0,0.0,0.0,0.0,0.0,0.0,0.0,0.0,0.0,0.0,0.0,0.0,0.0,0.0,0.0,0.0,0.0,0.0,0.0,0.0,0.0,0.0,0.0,0.0,0.0
5.117647,0.75,3.2,0.0,0.0,0.0,0.0,0.0,0.33333334,0.0,0.0,0.0,0.0,0.0,0.0,0.0,0.0,0.0,0.6,0.0,0.0,0.0,0.0,0.0,0.0,0.0,0.0,0.0,0.0,0.0,0.0,0.0,0.0,0.0,0.0,0.0,0.0,0.0,0.0,0.0,0.0,0.0,0.0,0.0,0.0,0.0,0.0,0.0,0.0,0.0,0.0,0.6,0.0,0.0,0.0,0.0,0.0,0.0,0.0,0.6,0.0,0.0,0.0,0.0,0.75,0.0,0.0,0.0,0.0,0.0,0.0,0.0,0.0,0.0,0.0,0.0,0.0,0.0,0.0,0.0,0.0,0.0,0.0,0.0,0.0,0.0,0.0,0.0,0.0,0.0,0.0,0.0,0.0,0.0,0.0,0.0,0.0,0.0,0.0,0.0,0.0,0.0,0.0,0.0,0.0,0.0,0.0,0.0,0.0,0.0,0.0,0.0,0.0,0.0,0.0,0.0,0.0,0.0,0.0,0.0,0.0,0.0,0.0,0.0,0.0,0.0,0.0,0.0,0.0,0.0,0.0,0.0,0.0,0.0,0.0,0.0,0.0,0.0,0.0,0.0,0.0,0.0,0.0,0.0,0.0,0.0,0.0,0.0,0.0
2.116883,0.1299435,1.5423728,0.0,0.0,0.0,0.041666668,0.0,0.8791946,0.05263158,0.0,0.0,0.0,0.0,0.0,0.0,0.0,0.0,0.05263158,0.0,0.041666668,0.0,0.0,0.0,0.0,0.0,0.0,0.0,0.0,0.0,0.0,0.041666668,0.0,0.0,0.0,0.0,0.0,0.0,0.0,0.0,0.0,0.0,0.0,0.0,0.0,0.0,0.0,0.0,0.0,0.0,0.0,0.0,0.0,0.0,0.0,0.0,0.0,0.0,0.0,0.0,0.0,0.0,0.0,0.0,0.0,0.0,0.025641026,0.0,0.0,0.0,0.0,0.0,0.0,0.0,0.0,0.0,0.0,0.0,0.0,0.0,0.048387095,0.0,0.0,0.0,0.0,0.0,0.0,0.0,0.0,0.0,0.0,0.0,0.0,0.0,0.0,0.0,0.0,0.0,0.0,0.0,0.0,0.0,0.0,0.0,0.0,0.0,0.0,0.0,0.0,0.0,0.0,0.0,0.0,0.0,0.0,0.0,0.0,0.0,0.0,0.0,0.0,0.0,0.0,0.0,0.0,0.0,0.0,0.0,0.0,0.0,0.0,0.0,0.0,0.0,0.0,0.0,0.0,0.0,0.0,0.048387095,0.0,0.0,0.0,0.0,0.0,0.0,0.0,0.0,0.0
1.9034599,0.18110469,1.419511,0.0,0.0,0.0,0.056367785,0.0,0.84220225,0.07140944,0.0,0.0,0.0,0.0,0.0,0.0,0.0,0.0,0.07140944,0.0,0.056367785,0.0,0.0,0.0,0.0,0.0,0.0,0.0,0.0,0.0,0.0,0.056367785,0.0,0.0,0.0,0.0,0.0,0.0,0.0,0.0,0.0,0.0,0.0,0.0,0.0,0.0,0.0,0.0,0.0,0.0,0.0,0.0,0.0,0.0,0.0,0.0,0.0,0.0,0.0,0.0,0.0,0.0,0.0,0.0,0.0,0.0,0.034500595,0.0,0.0,0.0,0.0,0.0,0.0,0.0,0.0,0.0,0.0,0.0,0.0,0.0,0.06560871,0.0,0.0,0.0,0.0,0.0,0.0,0.0,0.0,0.0,0.0,0.0,0.0,0.0,0.0,0.0,0.0,0.0,0.0,0.0,0.0,0.0,0.0,0.0,0.0,0.0,0.0,0.0,0.0,0.0,0.0,0.0,0.0,0.0,0.0,0.0,0.0,0.0,0.0,0.0,0.0,0.0,0.0,0.0,0.0,0.0,0.0,0.0,0.0,0.0,0.0,0.0,0.0,0.0,0.0,0.0,0.0,0.0,0.0,0.06560871,0.0,0.0,0.0,0.0,0.0,0.0,0.0,0.0,0.0
1.7167761,0.23711085,1.3075503,0.0,0.0,0.0,0.07139796,0.0,0.8063584,0.09092893,0.0,0.0,0.0,0.0,0.0,0.0,0.0,0.0,0.09092893,0.0,0.07139796,0.0,0.0,0.0,0.0,0.0,0.0,0.0,0.0,0.0,0.0,0.07139796,0.0,0.0,0.0,0.0,0.0,0.0,0.0,0.0,0.0,0.0,0.0,0.0,0.0,0.0,0.0,0.0,0.0,0.0,0.0,0.0,0.0,0.0,0.0,0.0,0.0,0.0,0.0,0.0,0.0,0.0,0.0,0.0,0.0,0.0,0.043460112,0.0,0.0,0.0,0.0,0.0,0.0,0.0,0.0,0.0,0.0,0.0,0.0,0.0,0.08329722,0.0,0.0,0.0,0.0,0.0,0.0,0.0,0.0,0.0,0.0,0.0,0.0,0.0,0.0,0.0,0.0,0.0,0.0,0.0,0.0,0.0,0.0,0.0,0.0,0.0,0.0,0.0,0.0,0.0,0.0,0.0,0.0,0.0,0.0,0.0,0.0,0.0,0.0,0.0,0.0,0.0,0.0,0.0,0.0,0.0,0.0,0.0,0.0,0.0,0.0,0.0,0.0,0.0,0.0,0.0,0.0,0.0,0.0,0.08329722,0.0,0.0,0.0,0.0,0.0,0.0,0.0,0.0,0.0
1.5531915,0.2987013,1.2058823,-2.220446e-16,-2.220446e-16,-2.220446e-16,0.08695652,-2.220446e-16,0.7721519,0.11111111,-2.220446e-16,-2.220446e-16,-2.220446e-16,-2.220446e-16,-2.220446e-16,-2.220446e-16,-2.220446e-16,-2.220446e-16,0.11111111,-2.220446e-16,0.08695652,-2.220446e-16,-2.220446e-16,-2.220446e-16,-2.220446e-16,-2.220446e-16,-2.220446e-16,-2.220446e-16,-2.220446e-16,-2.220446e-16,-2.220446e-16,0.08695652,-2.220446e-16,-2.220446e-16,-2.220446e-16,-2.220446e-16,-2.220446e-16,-2.220446e-16,-2.220446e-16,-2.220446e-16,-2.220446e-16,-2.220446e-16,-2.220446e-16,-2.220446e-16,-2.220446e-16,-2.220446e-16,-2.220446e-16,-2.220446e-16,-2.220446e-16,-2.220446e-16,-2.220446e-16,-2.220446e-16,-2.220446e-16,-2.220446e-16,-2.220446e-16,-2.220446e-16,-2.220446e-16,-2.220446e-16,-2.220446e-16,-2.220446e-16,-2.220446e-16,-2.220446e-16,-2.220446e-16,-2.220446e-16,-2.220446e-16,-2.220446e-16,0.05263158,-2.220446e-16,-2.220446e-16,-2.220446e-16,-2.220446e-16,-2.220446e-16,-2.220446e-16,-2.220446e-16,-2.220446e-16,-2.220446e-16,-2.220446e-16,-2.220446e-16,-2.220446e-16,-2.220446e-16,0.10169491,-2.220446e-16,-2.220446e-16,-2.220446e-16,-2.220446e-16,-2.220446e-16,-2.220446e-16,-2.220446e-16,-2.220446e-16,-2.220446e-16,-2.220446e-16,-2.220446e-16,-2.220446e-16,-2.220446e-16,-2.220446e-16,-2.220446e-16,-2.220446e-16,-2.220446e-16,-2.220446e-16,-2.220446e-16,-2.220446e-16,-2.220446e-16,-2.220446e-16,-2.220446e-16,-2.220446e-16,-2.220446e-16,-2.220446e-16,-2.220446e-16,-2.220446e-16,-2.220446e-16,-2.220446e-16,-2.220446e-16,-2.220446e-16,-2.220446e-16,-2.220446e-16,-2.220446e-16,-2.220446e-16,-2.220446e-16,-2.220446e-16,-2.220446e-16,-2.220446e-16,-2.220446e-16,-2.220446e-16,-2.220446e-16,-2.220446e-16,-2.220446e-16,-2.220446e-16,-2.220446e-16,-2.220446e-16,-2.220446e-16,-2.220446e-16,-2.220446e-16,-2.220446e-16,-2.220446e-16,-2.220446e-16,-2.220446e-16,-2.220446e-16,-2.220446e-16,-2.220446e-16,0.10169491,-2.220446e-16,-2.220446e-16,-2.220446e-16,-2.220446e-16,-2.220446e-16,-2.220446e-16,-2.220446e-16,-2.220446e-16,-2.220446e-16
3.7058823,0.29032257,1.0,0.0,0.0,0.0,0.0,0.0,0.6,0.30232558,0.29032257,0.0,0.0,0.0,0.0,0.23076923,0.0,0.0,0.23076923,0.0,0.0,0.0,0.0,0.0,0.0,0.0,0.0,0.0,0.0,0.0,0.0,0.0,0.0,0.0,0.0,0.0,0.0,0.0,0.0,0.0,0.0,0.0,0.0,0.0,0.0,0.0,0.0,0.14285715,0.0,0.0,0.0,0.0,0.0,0.0,0.0,0.0,0.0,0.0,0.0,0.0,0.0,0.0,0.0,0.0,0.27272728,0.0,0.0,0.0,0.0,0.0,0.0,0.0,0.0,0.0,0.0,0.0,0.0,0.0,0.0,0.0,0.0,0.0,0.0,0.0,0.0,0.0,0.0,0.0,0.0,0.0,0.0,0.0,0.0,0.0,0.0,0.0,0.0,0.0,0.0,0.0,0.0,0.0,0.0,0.0,0.0,0.0,0.0,0.0,0.0,0.0,0.0,0.0,0.0,0.0,0.0,0.0,0.0,0.0,0.0,0.0,0.0,0.0,0.0,0.0,0.0,0.0,0.0,0.0,0.0,0.0,0.0,0.0,0.0,0.0,0.0,0.0,0.0,0.0,0.0,0.0,0.0,0.0,0.0,0.0,0.0,0.0,0.0,0.0,0.0
3.6146746,0.27991807,1.2241993,0.0,0.0,0.0,0.05307498,0.0,0.7513135,0.21013053,0.20235662,0.0,0.0,0.0,0.0,0.16312882,0.0,0.0,0.16312882,0.0,0.05307498,0.0,0.0,0.0,0.0,0.0,0.0,0.0,0.0,0.0,0.0,0.05307498,0.0,0.0,0.0,0.0,0.0,0.0,0.0,0.0,0.0,0.0,0.0,0.0,0.0,0.0,0.0,0.10314396,0.0,0.0,0.0,0.0,0.0,0.0,0.0,0.0,0.0,0.0,0.0,0.0,0.0,0.0,0.0,0.0,0.19088125,0.0,0.032524522,0.0,0.0,0.0,0.0,0.0,0.0,0.0,0.0,0.0,0.0,0.0,0.0,0.0,0.06174453,0.0,0.0,0.0,0.0,0.0,0.0,0.0,0.0,0.0,0.0,0.0,0.0,0.0,0.0,0.0,0.0,0.0,0.0,0.0,0.0,0.0,0.0,0.0,0.0,0.0,0.0,0.0,0.0,0.0,0.0,0.0,0.0,0.0,0.0,0.0,0.0,0.0,0.0,0.0,0.0,0.0,0.0,0.0,0.0,0.0,0.0,0.0,0.0,0.0,0.0,0.0,0.0,0.0,0.0,0.0,0.0,0.0,0.0,0.06174453,0.0,0.0,0.0,0.0,0.0,0.0,0.0,0.0,0.0
3.5864546,0.27665007,1.3062731,0.0,0.0,0.0,0.071122535,0.0,0.80551976,0.183532,0.17688596,0.0,0.0,0.0,0.0,0.14318377,0.0,0.0,0.14318377,0.0,0.071122535,0.0,0.0,0.0,0.0,0.0,0.0,0.0,0.0,0.0,0.0,0.071122535,0.0,0.0,0.0,0.0,0.0,0.0,0.0,0.0,0.0,0.0,0.0,0.0,0.0,0.0,0.0,0.09110747,0.0,0.0,0.0,0.0,0.0,0.0,0.0,0.0,0.0,0.0,0.0,0.0,0.0,0.0,0.0,0.0,0.16705568,0.0,0.043296818,0.0,0.0,0.0,0.0,0.0,0.0,0.0,0.0,0.0,0.0,0.0,0.0,0.0,0.08297234,0.0,0.0,0.0,0.0,0.0,0.0,0.0,0.0,0.0,0.0,0.0,0.0,0.0,0.0,0.0,0.0,0.0,0.0,0.0,0.0,0.0,0.0,0.0,0.0,0.0,0.0,0.0,0.0,0.0,0.0,0.0,0.0,0.0,0.0,0.0,0.0,0.0,0.0,0.0,0.0,0.0,0.0,0.0,0.0,0.0,0.0,0.0,0.0,0.0,0.0,0.0,0.0,0.0,0.0,0.0,0.0,0.0,0.0,0.08297234,0.0,0.0,0.0,0.0,0.0,0.0,0.0,0.0,0.0
3.528302,0.26984128,1.5,0.0,0.0,0.0,0.11111111,0.0,0.9310345,0.13131313,0.12676056,0.0,0.0,0.0,0.0,0.10344828,0.0,0.0,0.10344828,0.0,0.11111111,0.0,0.0,0.0,0.0,0.0,0.0,0.0,0.0,0.0,0.0,0.11111111,0.0,0.0,0.0,0.0,0.0,0.0,0.0,0.0,0.0,0.0,0.0,0.0,0.0,0.0,0.0,0.06666667,0.0,0.0,0.0,0.0,0.0,0.0,0.0,0.0,0.0,0.0,0.0,0.0,0.0,0.0,0.0,0.0,0.12,0.0,0.06666667,0.0,0.0,0.0,0.0,0.0,0.0,0.0,0.0,0.0,0.0,0.0,0.0,0.0,0.13043478,0.0,0.0,0.0,0.0,0.0,0.0,0.0,0.0,0.0,0.0,0.0,0.0,0.0,0.0,0.0,0.0,0.0,0.0,0.0,0.0,0.0,0.0,0.0,0.0,0.0,0.0,0.0,0.0,0.0,0.0,0.0,0.0,0.0,0.0,0.0,0.0,0.0,0.0,0.0,0.0,0.0,0.0,0.0,0.0,0.0,0.0,0.0,0.0,0.0,0.0,0.0,0.0,0.0,0.0,0.0,0.0,0.0,0.0,0.13043478,0.0,0.0,0.0,0.0,0.0,0.0,0.0,0.0,0.0
1.7149321,0.23708789,1.3062731,0.0,0.0,0.0,0.071122535,0.0,0.80551976,0.09110747,0.0,0.0,0.0,0.0,0.0,0.0,0.0,0.0,0.09110747,0.0,0.071122535,0.0,0.0,0.0,0.0,0.0,0.0,0.0,0.0,0.0,0.0,0.071122535,0.0,0.0,0.0,0.0,0.0,0.0,0.0,0.0,0.0,0.0,0.0,0.0,0.0,0.0,0.0,0.0,0.0,0.0,0.0,0.0,0.0,0.0,0.0,0.0,0.0,0.0,0.0,0.0,0.0,0.0,0.0,0.0,0.0,0.0,0.043296818,0.0,0.0,0.0,0.0,0.0,0.0,0.0,0.0,0.0,0.0,0.0,0.0,0.0,0.08297234,0.0,0.0,0.0,0.0,0.0,0.0,0.0,0.0,0.0,0.0,0.0,0.0,0.0,0.0,0.0,0.0,0.0,0.0,0.0,0.0,0.0,0.0,0.0,0.0,0.0,0.0,0.0,0.0,0.0,0.0,0.0,0.0,0.0,0.0,0.0,0.0,0.0,0.0,0.0,0.0,0.0,0.0,0.0,0.0,0.0,0.0,0.0,0.0,0.0,0.0,0.0,0.0,0.0,0.0,0.0,0.0,0.0,0.0,0.08297234,0.0,0.0,0.0,0.0,0.0,0.0,0.0,0.0,0.0
3.3636363,0.25,2.3333333,0.0,0.0,0.0,0.25,0.0,1.4347826,0.0,0.0,0.0,0.0,0.0,0.0,0.0,0.0,0.0,0.0,0.0,0.25,0.0,0.0,0.0,0.0,0.0,0.0,0.0,0.0,0.0,0.0,0.25,0.0,0.0,0.0,0.0,0.0,0.0,0.0,0.0,0.0,0.0,0.0,0.0,0.0,0.0,0.0,0.0,0.0,0.0,0.0,0.0,0.0,0.0,0.0,0.0,0.0,0.0,0.0,0.0,0.0,0.0,0.0,0.0,0.0,0.0,0.14285715,0.0,0.0,0.0,0.0,0.0,0.0,0.0,0.0,0.0,0.0,0.0,0.0,0.0,0.3,0.0,0.0,0.0,0.0,0.0,0.0,0.0,0.0,0.0,0.0,0.0,0.0,0.0,0.0,0.0,0.0,0.0,0.0,0.0,0.0,0.0,0.0,0.0,0.0,0.0,0.0,0.0,0.0,0.0,0.0,0.0,0.0,0.0,0.0,0.0,0.0,0.0,0.0,0.0,0.0,0.0,0.0,0.0,0.0,0.0,0.0,0.0,0.0,0.0,0.0,0.0,0.0,0.0,0.0,0.0,0.0,0.0,0.0,0.3,0.0,0.0,0.0,0.0,0.0,0.0,0.0,0.0,0.0
