DOI,type,polymer_family,PolymerName,co_smiles,smiles1,smiles2,co_content1,wt1,mol1,co_smiles1,co_content2,wt2,mol2,mix_content1,mix_smiles1,mix_wt1,mix_mol1,mix_content2,mix_smiles2,mix_wt2,mix_mol2,mix_content3,mix_smiles3,mix_wt3,mix_mol3,mix_content4,mix_smiles4,mix_wt4,mix_mol4,LOI
10.1016/j.polymdegradstab.2006.02.010,homopolymer,,,,[Rb]CO[Fr],,,,100,,,,0,,,,,,,,,,,,,,,,,15.3
10.1002/pi.1946,copolymer,,PAN-co-PS3,N#CC(CC(C1=CC=CC=C1)C[Rb])[Fr],N#CC([Fr])C[Rb],[Rb]CC([Fr])C1=CC=CC=C1,PAN,,93.8,,St,,6.2,,,,,,,,,,,,,,,,,16.5
10.1002/pi.1946,copolymer,,PAN-co-PS4,N#CC(CC(C1=CC=CC=C1)C[Rb])[Fr],N#CC([Fr])C[Rb],[Rb]CC([Fr])C1=CC=CC=C1,PAN,,96.3,,St,,3.7,,,,,,,,,,,,,,,,,16.7
10.1002/pat.3631,copolymer,,PMMA,COC(C([Fr])(CC(C(OCP1(OC2=C(C3=C1C=CC=C3)C=CC=C2)=O)=O)C[Rb])C)=O,CC(C(OC)=O)([Fr])C[Rb],O=C(OCP1(OC2=C(C3=C1C=CC=C3)C=CC=C2)=O)C([Fr])C[Rb],PMMA,100,,,,0,,,,,,,,,,,,,,,,,,16.9
10.1002/pi.1946,copolymer,,PAN-co-PS1,N#CC(CC(C1=CC=CC=C1)C[Rb])[Fr],N#CC([Fr])C[Rb],[Rb]CC([Fr])C1=CC=CC=C1,PAN,,71.6,,St,,28.4,,,,,,,,,,,,,,,,,17.4
10.1002/pi.1946,copolymer,,PAN-co-PS2,N#CC(CC(C1=CC=CC=C1)C[Rb])[Fr],N#CC([Fr])C[Rb],[Rb]CC([Fr])C1=CC=CC=C1,PAN,,80.5,,St,,19.5,,,,,,,,,,,,,,,,,17.4
10.1016/j.polymdegradstab.2006.02.010,homopolymer,,,,[Rb]CC(c1ccccc1)[Fr],,,,100,,,,0,,,,,,,,,,,,,,,,,17.4
10.1002/APP.43047,homopolymer,,,,CC(C[Fr])[Rb],,,,100,,,,0,,,,,,,,,,,,,,,,,17.5
10.1002/app.49525,homopolymer,,,,CC(C(=O)OC)(C[Fr])[Rb],,,,100,,,,0,,,,,,,,,,,,,,,,,17.65
10.1016/S0141-3910（00）00066-5,homopolymer,,PST,[Rb]CC([Fr])C1=CC=CC=C1,[Rb]CC([Fr])C1=CC=CC=C1,[Rb]CC([Fr])C1=CC=CC=C1,PS,,100,,,,0,,,,,,,,,,,,,,,,,17.9
10.1002/(SICI)1097-4628(19960307)59:10<1619::AID-APP14>3.0.CO;2-R,copolymer,,PS-OH,CCOP(Oc1ccc(C([Fr])C[Rb])cc1)(OCC)=O,Oc1ccc(C([Fr])C[Rb])cc1,[Fr]C(C[Rb])c1ccc(OP(OCC)(OCC)=O)cc1,PS-OH,,100,,Diethylchlorophosphate (DECP),,0,,,,,,,,,,,,,,,,,18
10.1002/pat.3631,copolymer,,PMMA/DOPO-AA2.5,COC(C([Fr])(CC(C(OCP1(OC2=C(C3=C1C=CC=C3)C=CC=C2)=O)=O)C[Rb])C)=O,CC(C(OC)=O)([Fr])C[Rb],O=C(OCP1(OC2=C(C3=C1C=CC=C3)C=CC=C2)=O)C([Fr])C[Rb],PMMA,97.5,,,DOPO-AA,2.5,,,,,,,,,,,,,,,,,,18
10.1016/j.polymdegradstab.2006.04.032,copolymer,,PMMA5,COC(C(C)(CC([Fr])(C(OCCOP(O)(OC1=CC=CC=C1)=O)=O)C)C[Rb])=O,CC(C(OC)=O)([Fr])C[Rb],CC(C(OCCOP(O)(OC1=CC=CC=C1)=O)=O)([Fr])C[Rb],PMMA,95,,,MEPP,5,,,,,,,,,,,,,,,,,,18
10.1039/d1py00450f,homopolymer,,,,[Fr]OCCCCOC(=O)Nc1ccc(cc1)Cc1ccc(cc1)NC(=O)[Rb],,,,100,,,,0,,,,,,,,,,,,,,,,,18
10.5762/KAIS.2013.14.5.2550,homopolymer,,,,O=C([Rb])C(C(OCCOC)=C1)=CC(OCCOC)=C1C2=NC(C=C3)=C(O2)C=C3C(C=C4)=CC5=C4N=C([Fr])O5,,,,100,,,,0,,,,,,,,,,,,,,,,,18
10.1016/j.polymdegradstab.2010.09.008,homopolymer,,PAN,N#CC([Fr])C[Rb],N#CC([Fr])C[Rb],N#CC([Fr])C[Rb],PAN,,100,,,,0,,,,,,,,,,,,,,,,,18.2
10.1016/j.polymdegradstab.2010.09.008,copolymer,,AN-co-MA11,CC([Fr])(CC(C#N)C[Rb])C(=O)O,N#CC([Fr])C[Rb],CC(C(O)=O)([Fr])C[Rb],PAN,,99.2,,MA,,0.8,,,,,,,,,,,,,,,,,18.2
10.1016/j.polymdegradstab.2010.09.008,copolymer,,AN-co-EMA19,CC([Fr])(CC(C#N)C[Rb])C(=O)OCC,N#CC([Fr])C[Rb],CC(C(OCC)=O)([Fr])C[Rb],PAN,,81.5,,EMA,,18.5,,,,,,,,,,,,,,,,,18.5
10.1002/app.43006,homopolymer,,,,[Rb]C(C#N)C[Fr],,,,100,,,,0,,,,,,,,,,,,,,,,,18.5
10.1016/j.polymdegradstab.2017.09.011,homopolymer,,,,CC([Fr])C[Rb],,,,100,,,,0,,,,,,,,,,,,,,,,,18.6
10.1007/s10965-020-02317-9,homopolymer,,,,[Rb]/C=N/CCCC/N=C/c1ccc(s1)c1cc(F)c(cc1F)c1ccc(s1)/C=N/CCCC/N=C/[Fr],,,,100,,,,0,,,,,,,,,,,,,,,,,18.7
10.1016/S0141-3910(96)00069-9,copolymer,,mercuriated-PS,[Rb]CC(CC(C1=CC=C([Hg]OC(C(F)(F)F)=O)C=C1)[Fr])C2=CC=CC=C2,[Rb]CC(C1=CC=CC=C1)[Fr],[Rb]CC([Fr])C1=CC=CC=C1,PS,62,,,mercuriated-PS,38,,,,,,,,,,,,,,,,,,18.9
10.1002/pat.3631,copolymer,,PMMA/DOPO-AA5.0,COC(C([Fr])(CC(C(OCP1(OC2=C(C3=C1C=CC=C3)C=CC=C2)=O)=O)C[Rb])C)=O,CC(C(OC)=O)([Fr])C[Rb],O=C(OCP1(OC2=C(C3=C1C=CC=C3)C=CC=C2)=O)C([Fr])C[Rb],PMMA,95,,,DOPO-AA,5,,,,,,,,,,,,,,,,,,19
10.1016/j.polymdegradstab.2006.04.032,copolymer,,PMMA10,COC(C(C)(CC([Fr])(C(OCCOP(O)(OC1=CC=CC=C1)=O)=O)C)C[Rb])=O,CC(C(OC)=O)([Fr])C[Rb],CC(C(OCCOP(O)(OC1=CC=CC=C1)=O)=O)([Fr])C[Rb],PMMA,90,,,MEPP,10,,,,,,,,,,,,,,,,,,19
10.1016/j.polymdegradstab.2010.09.008,copolymer,,AN-co-t-BMA14,CC(C)(C)OC(=O)C(C)([Fr])CC(C#N)C[Rb],N#CC([Fr])C[Rb],CC(C(OC(C)(C)C)=O)([Fr])C[Rb],PAN,,86.5,,t-BMA,,13.5,,,,,,,,,,,,,,,,,19
10.1177/0954008317752073,homopolymer,,,,CCOc1cc(ccc1OP(=O)(c1ccccc1)[Rb])/N=C/c1ccc(cc1)O[Fr],,,,100,,,,0,,,,,,,,,,,,,,,,,19
10.1016/j.polymdegradstab.2010.09.008,copolymer,,AN-co-EMA12,CC([Fr])(CC(C#N)C[Rb])C(=O)OCC,N#CC([Fr])C[Rb],CC(C(OCC)=O)([Fr])C[Rb],PAN,,88.5,,EMA,,11.5,,,,,,,,,,,,,,,,,19.4
10.1007/s10965-020-02317-9,homopolymer,,,,[Rb]/C=N/CCCCCC/N=C/c1ccc(s1)c1ccc(s1)c1ccc(s1)/C=N/CCCCCC/N=C/[Fr],,,,100,,,,0,,,,,,,,,,,,,,,,,19.5
10.1016/j.polymdegradstab.2016.09.025,homopolymer,,,,OC(C[Rb])[Fr],,,,100,,,,0,,,,,,,,,,,,,,,,,19.5
10.1016/j.polymdegradstab.2010.09.008,copolymer,,AN-co-VBA12,C#CC(CC(C1=CC=C(C=C1)C(O)=O)[Fr])C[Rb],N#CC([Fr])C[Rb],O=C(O)C(C=C1)=CC=C1C([Fr])C[Rb],PAN,,88,,VBA,,12,,,,,,,,,,,,,,,,,19.6
10.1021/acsomega.3c06235,copolymer,,PS148-b-PFAA-DOPO32,O=C(OCP1(=O)OC2=C(C=CC=C2)C2=CC=CC=C21)C([Fr])CC(C[Rb])C1=CC=CC=C1,[Rb]CC([Fr])C1=CC=CC=C1,O=C(OCP1(OC2=C(C3=C1C=CC=C3)C=CC=C2)=O)C([Fr])C[Rb],PS,,1,,FAA-DOPO,,50,,,,,,,,,,,,,,,,,19.6
10.1016/S0141-3910(00)00138-5,copolymer,,MMA-DEMMP2.5,CCOP(COC(C([Fr])(CC(C(OC)=O)(C)C[Rb])C)=O)(OCC)=O,CC(C(OC)=O)([Fr])C[Rb],CC(C(OCP(OCC)(OCC)=O)=O)([Fr])C[Rb],PMMA,,97.5,,DEMMP,,2.5,,,,,,,,,,,,,,,,,19.8
10.1039/c6py00183a,homopolymer,,,,[Rb]OCCOC(=O)c1ccc(cc1)C(=O)[Fr],,,,100,,,,0,,,,,,,,,,,,,,,,,19.9
10.1016/j.aiepr.2022.12.004,homopolymer,,,,[Fr]C(C1=CC=C(C=C1)/N=N/C2=CC=C(C(NC3=CC=C(C=C3)N[Rb])=O)C=C2)=O,,,,100,,,,0,,,,,,,,,,,,,,,,,20
10.3390/biom10071038,homopolymer,,,,[Rb]NCCCCCC(=O)[Fr],,,,100,,,,0,,,,,,,,,,,,,,,,,20
10.1002/APP.40855,homopolymer,,,,COC(=O)CCN(CCO)CCO,,,,100,,,,0,,,,,,,,,,,,,,,,,20
10.1016/j.polymdegradstab.2015.11.003,copolymer,,PBT,O=C([Fr])C1=CC=C(C=C1)C(OCCCCO[Rb])=O,O=C([Fr])C1=CC=C(C=C1)C(OCCCCO[Rb])=O,[Rb]OC1=CC=C(C=C1)C(C)(C2=CC=C(C=C2)OP([Fr])(C3=CC=CC=C3)=O)C,PBT,,100,,CPBA,,0,,,,,,,,,,,,,,,,,20.2
10.1016/j.polymdegradstab.2006.04.032,copolymer,,PMMA15,COC(C(C)(CC([Fr])(C(OCCOP(O)(OC1=CC=CC=C1)=O)=O)C)C[Rb])=O,CC(C(OC)=O)([Fr])C[Rb],CC(C(OCCOP(O)(OC1=CC=CC=C1)=O)=O)([Fr])C[Rb],PMMA,85,,,MEPP,15,,,,,,,,,,,,,,,,,,20.3
10.1016/S0141-3910（00）00066-5,copolymer,,MMA-ADPPO,COC(=O)C(C)C([Fr])CCC([Rb])CP(=O)(C1=CC=CC=C1)C1=CC=CC=C1,CC(C(OC)=O)([Fr])C[Rb],O=P(C1=CC=CC=C1)(C2=CC=CC=C2)CC([Fr])C[Rb],PMMA,,81,,ADPPO,,19,,,,,,,,,,,,,,,,,20.3
10.1002/pat.4161,copolymer,,polystyrene,CC(C(OCCN(CP(OC)(OC)=O)CP(OC)(OC)=O)=O)(CC(C1=CC=CC=C1)[Fr])C[Rb],[Rb]CC([Fr])C1=CC=CC=C1,CC(C(OCCN(CP(OC)(OC)=O)CP(OC)(OC)=O)=O)([Fr])C[Rb],PS,75,,,"ethyl N,N‐tetramethyl‐bis(phosphonate)‐bis(methylene) amine methacrylate(AC2NP2)",25,,,,,,,,,,,,,,,,,,20.5
10.1007/s00289-016-1652-0,copolymer,,IIA,CC(CC1)CCC1(C2=CC=C(C=C2)CO[Rb])C(C=C3)=CC=C3COC(CCC([Fr])=O)=O,CC(CC1)CCC1(C2=CC=C(C=C2)CO)C(C=C3)=CC=C3CO,O=C(CCCCCCC(Cl)=O)Cl,MBPZ,,50,,ClA,,50,,,,,,,,,,,,,,,,,20.5
10.1007/s00289-016-1652-0,homopolymer,,,,[Fr]Oc1ccc(cc1)C1(CCC(CC1)C)c1ccc(cc1)OC(=O)CCC(=O)[Rb],,,,100,,,,0,,,,,,,,,,,,,,,,,20.5
10.1016/j.polymdegradstab.2014.06.003,homopolymer,,,,[Rb]OCc1ccc(cc1)COC(=O)c1ccc(cc1)C(=O)[Fr],,,,100,,,,0,,,,,,,,,,,,,,,,,20.5
10.1002/pat.4784,copolymer,,PMMA-co-BDPA-5,O=C(OC(C1=CC=C(C=C1)OP(OC2=CC=CC=C2)(OC3=CC=CC=C3)=O)C4=CC=C(C=C4)OP(OC5=CC=CC=C5)(OC6=CC=CC=C6)=O)C(CC(C(OC)=O)([Fr])C)C[Rb],CC(C(OC)=O)([Fr])C[Rb],O=C(OC(C1=CC=C(C=C1)OP(OC2=CC=CC=C2)(OC3=CC=CC=C3)=O)C4=CC=C(C=C4)OP(OC5=CC=CC=C5)(OC6=CC=CC=C6)=O)C([Fr])C[Rb],PMMA,95,,,bis(4-((diphenoxyphosphoryl)oxy)phenyl)methyl acrylate(BDPA),5,,,,,,,,,,,,,,,,,,20.6
10.1016/S0141-3910（00）00066-5,copolymer,,MMA-DEαPVP,CCOP(=O)(OCC)C([Rb])(CCC([Fr])C(C)C(=O)OC)C1=CC=CC=C1,CC(C(OC)=O)([Fr])C[Rb],O=P(OCC)(OCC)C(C1=CC=CC=C1)([Fr])C[Rb],PMMA,,61,,DEαPVP,,39,,,,,,,,,,,,,,,,,20.6
10.1016/S0141-3910(96)00068-7,copolymer,,Silylated PS (B),[Rb]CC(CC(C1=CC=C(C=C1)[Si](C)(C)C)[Fr])C2=CC=CC=C2,[Rb]CC(C1=CC=CC=C1)[Fr],[Rb]CC([Fr])C1=CC=C([Si](C)(C)C)C=C1,PS,92.5,,,Silylated PS,7.5,,,,,,,,,,,,,,,,,,20.6
10.1016/j.polymdegradstab.2010.09.008,copolymer,,AN-co-t-BMA30,CC(C)(C)OC(=O)C(C)([Fr])CC(C#N)C[Rb],N#CC([Fr])C[Rb],CC(C(OC(C)(C)C)=O)([Fr])C[Rb],PAN,,70.4,,t-BMA,,29.6,,,,,,,,,,,,,,,,,20.7
10.1016/j.polymdegradstab.2010.09.008,copolymer,,AN-co-t-BMA2,CC(C)(C)OC(=O)C(C)([Fr])CC(C#N)C[Rb],N#CC([Fr])C[Rb],CC(C(OC(C)(C)C)=O)([Fr])C[Rb],PAN,,97.9,,t-BMA,,2.1,,,,,,,,,,,,,,,,,20.7
10.1080/00222348.2016.1254510,homopolymer,,,,CC(C)(c1ccc(cc1)O)c1ccc(cc1)O.C(C1CO1)Cl.C=CC(=O)O,,,,100,,,,0,,,,,,,,,,,,,,,,,20.8
10.1016/S0141-3910（00）00066-5,copolymer,,MMA-αPVPA,COC(=O)C(C)C([Fr])CCC([Rb])(C1=CC=CC=C1)P(=O)(O)O,CC(C(OC)=O)([Fr])C[Rb],O=P(O)(O)C(C1=CC=CC=C1)([Fr])C[Rb],PMMA,,90,,αPVPA,,10,,,,,,,,,,,,,,,,,20.9
10.1002/pat.3631,copolymer,,PMMA/DOPO-AA10.0,COC(C([Fr])(CC(C(OCP1(OC2=C(C3=C1C=CC=C3)C=CC=C2)=O)=O)C[Rb])C)=O,CC(C(OC)=O)([Fr])C[Rb],O=C(OCP1(OC2=C(C3=C1C=CC=C3)C=CC=C2)=O)C([Fr])C[Rb],PMMA,90,,,DOPO-AA,10,,,,,,,,,,,,,,,,,,21
10.1016/j.matchemphys.2012.02.046,copolymer,,So-coPS10,[Rb]CC(CC([Fr])c1ccccc1)C(OCCN(CP(OC)(OC)=O)CP(OC)(OC)=O)=O,[Rb]CC(c1ccccc1)[Fr],O=C(OCCN(CP(OC)(OC)=O)CP(OC)(OC)=O)C([Fr])C[Rb],PS,,97.74,,AC2NP2,,2.26,,,,,,,,,,,,,,,,,21
10.1016/j.polymer.2024.126780,copolymer,,PA6,[Fr]C(CCCCCN[Rb])=O,[Fr]C(CCCCCN[Rb])=O,[Fr]C(CCCCCNC(C1=CC=C(C(O)=C1)N2C(C3=CC=C(C=C3C2=O)C([Rb])=O)=O)=O)=O,PA6,,100,,HPI,,0,,,,,,,,,,,,,,,,,21
10.1039/C6RA17108G,copolymer,,PA-1,[Rb]NCCCCCNC(CCCCC([Fr])=O)=O,[Rb]NCCCCCNC(CCCCC([Fr])=O)=O,O=C(C(C([Fr])=O)CP1(OC2=CC=CC=C2C3=CC=CC=C31)=O)NCCCCCN[Rb],PA,100,,,DDPDA,0,,,,,,,,,,,,,,,,,,21
10.1016/j.reactfunctpolym.2007.05.012,homopolymer,,,,[Fr]Nc1ccc(cc1)Oc1cccc(n1)Oc1ccc(cc1)NC(=O)CCCCCCCCC(=O)[Rb],,,,100,,,,0,,,,,,,,,,,,,,,,,21
10.1016/j.polymdegradstab.2012.07.014,copolymer,,AN/ADEPMAE1,CCOP(=O)(OCC)N(C)CCOC(=O)C(C[Rb])CC([Fr])C#N,N#CC([Fr])C[Rb],O=C(OCCN(P(OCC)(OCC)=O)C)C([Fr])C[Rb],PAN,,99.1,,ADEPMAE,,0.9,,,,,,,,,,,,,,,,,21.1
10.1016/j.polymdegradstab.2010.09.008,copolymer,,AN-co-VBA17,C#CC(CC(C1=CC=C(C=C1)C(O)=O)[Fr])C[Rb],N#CC([Fr])C[Rb],O=C(O)C(C=C1)=CC=C1C([Fr])C[Rb],PAN,,82.7,,VBA,,17.3,,,,,,,,,,,,,,,,,21.2
10.1016/j.polymdegradstab.2012.07.014,copolymer,,AN/ADEPMAE2,CCOP(=O)(OCC)N(C)CCOC(=O)C(C[Rb])CC([Fr])C#N,N#CC([Fr])C[Rb],O=C(OCCN(P(OCC)(OCC)=O)C)C([Fr])C[Rb],PAN,,98.9,,ADEPMAE,,1.1,,,,,,,,,,,,,,,,,21.2
10.1002/pi.1946,copolymer,,PAN-co-DiPrpVBnP5,CC(OP(CC1=CC=C(C(CC(C#N)[Fr])C[Rb])C=C1)(OC(C)C)=O)C,N#CC([Fr])C[Rb],O=P(OC(C)C)(OC(C)C)CC(C=C1)=CC=C1C([Fr])C[Rb],PAN,,98,,DiPrpVBnP,,2,,,,,,,,,,,,,,,,,21.3
10.1016/S0141-3910（00）00066-5,copolymer,,ST-DEαPVP,CCOP(OCC)(C(CC(C1=CC=CC=C1)C[Rb])(C2=CC=CC=C2)[Fr])=O,[Rb]CC([Fr])C1=CC=CC=C1,O=P(OCC)(OCC)C(C1=CC=CC=C1)([Fr])C[Rb],PS,,95,,DEαPVP,,5,,,,,,,,,,,,,,,,,21.3
10.1007/s00289-016-1652-0,copolymer,,IA,O=C(OCC1=CC=C(C=C1)C2(CCCCC2)C3=CC=C(C=C3)CO[Rb])CCC([Fr])=O,OCC1=CC=C(C=C1)C2(CCCCC2)C3=CC=C(C=C3)CO,O=C(CCC(Cl)=O)Cl,BPZ,,50,,ClA,,50,,,,,,,,,,,,,,,,,21.5
10.1021/ie1006917,copolymer,,PTT,O=C([Fr])C1=CC=C(C(OCCCO[Rb])=O)C=C1,O=C([Fr])C1=CC=C(C(OCCCO[Rb])=O)C=C1,[Fr]OC(C(CP1(OC2=C(C3=C1C=CC=C3)C=CC=C2)=O)CC(OCCCO[Rb])=O)=O,PTT,100,,,DDP,0,,,,,,,,,,,,,,,,,,21.5
10.1007/s10965-021-02676-x,homopolymer,,,,[Fr]c1ccc(cc1)Oc1ccc(cc1)N1C(=O)C2C(C1=O)CC(CC2)C1CCC2C(C1)C(=O)N(C2=O)[Rb],,,,100,,,,0,,,,,,,,,,,,,,,,,21.5
10.1016/j.reactfunctpolym.2007.05.012,homopolymer,,,,[Fr]Nc1ccc(cc1)Oc1cccc(n1)Oc1ccc(cc1)NC(=O)CCCCC(=O)[Rb],,,,100,,,,0,,,,,,,,,,,,,,,,,21.5
10.1177/0954008315572493,homopolymer,,,,[Fr]NCCCCC(=O)NCCCCC(=O)[Rb],,,,100,,,,0,,,,,,,,,,,,,,,,,21.5
10.1007/s00289-016-1652-0,homopolymer,,,,[Fr]Oc1ccc(cc1)C1(CCCCC1)c1ccc(cc1)OC(=O)CCC(=O)[Rb],,,,100,,,,0,,,,,,,,,,,,,,,,,21.5
10.1021/ie1006917,homopolymer,,,,[Fr]OCCCOC(=O)c1ccc(cc1)C(=O)[Rb],,,,100,,,,0,,,,,,,,,,,,,,,,,21.5
10.1007/s10965-020-02317-9,homopolymer,,,,[Rb]/C=N/CCCCCC/N=C/c1ccc(s1)c1cc(F)c(cc1F)c1ccc(s1)/C=N/CCCCCC/N=C/[Fr],,,,100,,,,0,,,,,,,,,,,,,,,,,21.5
10.1002/pat.5153,homopolymer,,,,O=C1N(C2=CC=C(OC3=CC=C([Fr])C=C3)C=C2)C(C4C1CC(C5CC(C(N([Rb])C6=O)=O)C6CC5)CC4)=O,,,,100,,,,0,,,,,,,,,,,,,,,,,21.5
10.1016/j.polymdegradstab.2012.07.014,copolymer,,AN/ADEPMAE3,CCOP(=O)(OCC)N(C)CCOC(=O)C(C[Rb])CC([Fr])C#N,N#CC([Fr])C[Rb],O=C(OCCN(P(OCC)(OCC)=O)C)C([Fr])C[Rb],PAN,,98.6,,ADEPMAE,,1.4,,,,,,,,,,,,,,,,,21.6
10.1016/S0141-3910（00）00066-5,copolymer,,ST-αPVPA,O=P(O)(C(CC(C1=CC=CC=C1)C[Rb])(C2=CC=CC=C2)[Fr])O,[Rb]CC([Fr])C1=CC=CC=C1,O=P(O)(O)C(C1=CC=CC=C1)([Fr])C[Rb],PS,,97,,αPVPA,,3,,,,,,,,,,,,,,,,,21.6
10.1016/S0141-3910（00）00066-5,copolymer,,MMA-DPVPO,COC(=O)C(C)C([Fr])CCC([Rb])P(=O)(C1=CC=CC=C1)C1=CC=CC=C1,CC(C(OC)=O)([Fr])C[Rb],O=P(C1=CC=CC=C1)(C2=CC=CC=C2)C([Fr])C[Rb],PMMA,,85,,DPVPO,,15,,,,,,,,,,,,,,,,,21.6
10.1016/S0141-3910（00）00066-5,copolymer,,MMA-DEAP,COC(=O)C(C)C([Fr])CCC([Rb])CP(=O)(OC)OC,CC(C(OC)=O)([Fr])C[Rb],O=P(OCC)(OCC)CC([Fr])C[Rb],PMMA,,80,,DEAP,,20,,,,,,,,,,,,,,,,,21.6
10.1016/S0141-3910（00）00066-5,copolymer,,ST-DEAP,CCOP(CC(CC(C1=CC=CC=C1)C[Rb])[Fr])(OCC)=O,[Rb]CC([Fr])C1=CC=CC=C1,O=P(OCC)(OCC)CC([Fr])C[Rb],PS,,80,,DEAP,,20,,,,,,,,,,,,,,,,,21.7
10.1016/j.polymdegradstab.2006.04.032,copolymer,,PMMA20,COC(C(C)(CC([Fr])(C(OCCOP(O)(OC1=CC=CC=C1)=O)=O)C)C[Rb])=O,CC(C(OC)=O)([Fr])C[Rb],CC(C(OCCOP(O)(OC1=CC=CC=C1)=O)=O)([Fr])C[Rb],PMMA,80,,,MEPP,20,,,,,,,,,,,,,,,,,,21.8
10.1016/j.polymdegradstab.2007.02.003,copolymer,,PS/DEMEP,[Rb]CC(C1=CC=CC=C1)CC([Fr])(C)C(OCP(OCC)(OCC)=O)=O,[Rb]CC([Fr])C1=CC=CC=C1,CC(C(OCCOP(OCC)(OCC)=O)=O)([Fr])C[Rb],PS,,86.2,,DEMEP,,13.8,,,,,,,,,,,,,,,,,21.8
10.1016/j.polymdegradstab.2007.02.003,copolymer,,PS/DEAEP,O=C(C(CC(C1=CC=CC=C1)C[Rb])[Fr])OCCOP(OCC)(OCC)=O,[Rb]CC([Fr])C1=CC=CC=C1,O=C(OCCOP(OCC)(OCC)=O)C([Fr])C[Rb],PS,,86.5,,DEAEP,,13.5,,,,,,,,,,,,,,,,,21.8
10.1016/j.polymdegradstab.2010.09.008,copolymer,,AN-co-MA5,CC([Fr])(CC(C#N)C[Rb])C(=O)O,N#CC([Fr])C[Rb],CC(C(O)=O)([Fr])C[Rb],PAN,,96,,MA,,4,,,,,,,,,,,,,,,,,21.8
10.1016/S0141-3910（00）00066-5,copolymer,,ST-DEVP,COP(OC)(C(CC(C1=CC=CC=C1)C[Rb])[Fr])=O,[Rb]CC([Fr])C1=CC=CC=C1,O=P(OCC)(OCC)C([Fr])C[Rb],PS,,80,,DEVP,,20,,,,,,,,,,,,,,,,,21.8
10.1016/S0141-3910(96)00068-7,copolymer,,Silylated PS (C),[Rb]CC(CC(C1=CC=C(C=C1)[Si](Cl)(C)C)[Fr])C2=CC=CC=C2,[Rb]CC(C1=CC=CC=C1)[Fr],[Rb]CC([Fr])C1=CC=C([Si](C)(Cl)C)C=C1,PS,88.8,,,Silylated PS,11.2,,,,,,,,,,,,,,,,,,21.8
10.1002/pi.1946,copolymer,,PAN-co-DnBupVBnP5,CCCCOP(CC1=CC=C(C(CC(C#N)[Fr])C[Rb])C=C1)(OCCC)=O,N#CC([Fr])C[Rb],O=P(OCCCC)(OCCCC)CC(C=C1)=CC=C1C([Fr])C[Rb],PAN,,97.8,,DnBupVBnP,,2.2,,,,,,,,,,,,,,,,,21.9
10.1016/j.polymdegradstab.2007.02.003,copolymer,,PS/DEMMP,[Rb]CC(C1=CC=CC=C1)CC([Fr])(C)C(OCP(OCC)(OCC)=O)=O,[Rb]CC([Fr])C1=CC=CC=C1,CC(C(OCP(OCC)(OCC)=O)=O)([Fr])C[Rb],PS,,85.9,,DEMMP,,14.1,,,,,,,,,,,,,,,,,21.9
10.1016/j.polymdegradstab.2007.02.003,copolymer,,PS/DEAMP,[Rb]CC(C1=CC=CC=C1)CC(C(OCP(OCC)(OCC)=O)=O)[Fr],[Rb]CC([Fr])C1=CC=CC=C1,O=C(OCP(OCC)(OCC)=O)C([Fr])C[Rb],PS,,86.2,,DEAMP,,13.8,,,,,,,,,,,,,,,,,21.9
10.1016/j.polymdegradstab.2010.09.008,copolymer,,AN-co-EMA3,CC([Fr])(CC(C#N)C[Rb])C(=O)OCC,N#CC([Fr])C[Rb],CC(C(OCC)=O)([Fr])C[Rb],PAN,,97,,EMA,,3,,,,,,,,,,,,,,,,,21.9
10.1016/j.polymdegradstab.2010.09.008,copolymer,,AN-co-t-BMA6,CC(C)(C)OC(=O)C(C)([Fr])CC(C#N)C[Rb],N#CC([Fr])C[Rb],CC(C(OC(C)(C)C)=O)([Fr])C[Rb],PAN,,93.6,,t-BMA,,6.4,,,,,,,,,,,,,,,,,21.9
10.1016/j.polymdegradstab.2018.05.010,copolymer,,PHF,O=C(OCCCCCCOC(C1=CC=C(O1)C([Fr])=O)=O)CCP(OCCCCCCO[Rb])(C2=CC=CC=C2)=O,O=C([Fr])CCP(OCCCCCCO[Rb])(C1=CC=CC=C1)=O,O=C([Fr])C1=CC=C(O1)C(OCCCCCCO[Rb])=O,HFH,,100,,HCH,,0,,,,,,,,,,,,,,,,,21.9
10.1016/S0141-3910(00)00138-5,copolymer,,MMA-DEMMP5,CCOP(COC(C([Fr])(CC(C(OC)=O)(C)C[Rb])C)=O)(OCC)=O,CC(C(OC)=O)([Fr])C[Rb],CC(C(OCP(OCC)(OCC)=O)=O)([Fr])C[Rb],PMMA,,95,,DEMMP,,5,,,,,,,,,,,,,,,,,21.9
10.3390/ma13010127,copolymer,,PS-10,O=C(OCP1(=O)OC2=C(C=CC=C2)C2=CC=CC=C21)C([Fr])CC(C[Rb])C1=CC=CC=C1,[Rb]CC([Fr])C1=CC=CC=C1,O=C(OCP1(OC2=C(C3=CC=CC=C31)C=CC=C2)=O)C([Fr])C[Rb],PS,,90,,DOPOAA,,10,,,,,,,,,,,,,,,,,21.9
10.1002/pat.4161,copolymer,,polystyrene,CC(C(OCCN(CP(OC)(OC)=O)CP(OC)(OC)=O)=O)(CC(C1=CC=CC=C1)[Fr])C[Rb],[Rb]CC([Fr])C1=CC=CC=C1,CC(C(OCCN(CP(OC)(OC)=O)CP(OC)(OC)=O)=O)([Fr])C[Rb],PS,50,,,"ethyl N,N‐tetramethyl‐bis(phosphonate)‐bis(methylene) amine methacrylate(AC2NP2)",50,,,,,,,,,,,,,,,,,,22
10.1002/pat.4784,copolymer,,PMMA-co-BDPA-10,O=C(OC(C1=CC=C(C=C1)OP(OC2=CC=CC=C2)(OC3=CC=CC=C3)=O)C4=CC=C(C=C4)OP(OC5=CC=CC=C5)(OC6=CC=CC=C6)=O)C(CC(C(OC)=O)([Fr])C)C[Rb],CC(C(OC)=O)([Fr])C[Rb],O=C(OC(C1=CC=C(C=C1)OP(OC2=CC=CC=C2)(OC3=CC=CC=C3)=O)C4=CC=C(C=C4)OP(OC5=CC=CC=C5)(OC6=CC=CC=C6)=O)C([Fr])C[Rb],PMMA,90,,,bis(4-((diphenoxyphosphoryl)oxy)phenyl)methyl acrylate(BDPA),10,,,,,,,,,,,,,,,,,,22
10.1002/pat.4784,copolymer,,PMMA-co-BDPA-10,COC(=O)C(C)([Fr])CC(C[Rb])C(=O)OC(C1=CC=C(OP(=O)(OC2=CC=CC=C2)OC2=CC=CC=C2)C=C1)C1=CC=C(OP(=O)(OC2=CC=CC=C2)OC2=CC=CC=C2)C=C1,CC(C(OC)=O)([Fr])C[Rb],O=C(OC(C1=CC=C(C=C1)OP(OC2=CC=CC=C2)(OC3=CC=CC=C3)=O)C4=CC=C(C=C4)OP(OC5=CC=CC=C5)(OC6=CC=CC=C6)=O)C([Fr])C[Rb],PMMA,90,,,BDPA,10,,,,,,,,,,,,,,,,,,22
10.1016/j.cej.2021.132121,copolymer,,PET,O=C([Fr])C1=CC=C(C(=O)OCCO[Rb])C=C1,O=C([Fr])C1=CC=C(C(=O)OCCO[Rb])C=C1,O=C(OCCO[Rb])C1=CC=C2N=C(C3=CC(C4=NC5=C(C=C(C=C5)C([Fr])=O)N4)=CC(S(=O)([O-])=O)=C3)NC2=C1.[K+],PET,,100,,MS-K,,0,,,,,,,,,,,,,,,,,22
10.1016/j.compositesb.2021.108664,copolymer,,PTT,O=C(C1=CC=C(C=C1)C(OCCCO[Rb])=O)[Fr],O=C(C1=CC=C(C=C1)C(OCCCO[Rb])=O)[Fr],O=C([Fr])C1=CC=C(C#CC2=CC=CC=C2)C=C1C(=O)OCCCO[Rb],PTT,,100,,,,0,,,,,,,,,,,,,,,,,22
10.1016/j.compositesb.2021.108664,copolymer,,PTTB10,O=C(C1=CC=C(C=C1)C(OCCCOC(C2=CC(C(OCCCO[Rb])=O)=CC(N3C(C4=C(C3=O)C=CC=C4)=O)=C2)=O)=O)[Fr],O=C(C1=CC=C(C=C1)C(OCCCO[Rb])=O)[Fr],O=C([Fr])C1=CC=C(C#CC2=CC=CC=C2)C=C1C(=O)OCCCO[Rb],PTT,,100,,PEPA,,10,,,,,,,,,,,,,,,,,22
10.1016/j.compositesb.2021.108664,copolymer,,PTTP10,O=C(C1=CC=C(C=C1)C(OCCCOC(C2=CC=C(C=C2C(OCCCO[Rb])=O)C#CC3=CC=CC=C3)=O)=O)[Fr],O=C(C1=CC=C(C=C1)C(OCCCO[Rb])=O)[Fr],O=C(C1=CC(C(OCCCO[Rb])=O)=CC(N2C(C3=C(C2=O)C=CC=C3)=O)=C1)[Fr],PTT,,100,,BN,,10,,,,,,,,,,,,,,,,,22
10.1016/j.polymdegradstab.2010.09.008,copolymer,,AN-co-VBA3,C#CC(CC(C1=CC=C(C=C1)C(O)=O)[Fr])C[Rb],N#CC([Fr])C[Rb],O=C(O)C(C=C1)=CC=C1C([Fr])C[Rb],PAN,,97.2,,VBA,,2.8,,,,,,,,,,,,,,,,,22
10.1016/j.polymer.2015.01.030,copolymer,,PETP3,O=C(C1=CC=C(C=C1)C(OCCOC(C2=CC3=C(OC4=C(P3(C5=CC=CC=C5)(C6=CC=CC=C6)=O)C=C(C=C4)C(OCCO[Fr])=O)C=C2)=O)=O)OCCO[Rb],O=C(C1=CC=C(C=C1)C(O[Fr])=O)OCCO[Rb],O=C(OCCO[Rb])C1=CC2=C(C=C1)OC3=C(C=C(C(OCCO[Fr])=O)C=C3)P2(C4=CC=CC=C4)=O,PET,,97,,DCPPO-Ph,,3,,,,,,,,,,,,,,,,,22
10.1016/S0141-3910（00）00066-5,copolymer,,MMA-DEVP,CCOP(=O)(OCC)C([Fr])CCC([Rb])C(C)C(=O)OC,CC(C(OC)=O)([Fr])C[Rb],O=P(OCC)(OCC)C([Fr])C[Rb],PMMA,,82,,DEVP,,18,,,,,,,,,,,,,,,,,22
10.1021/ie303446s,copolymer,,A-PS-10,COP(CN(CP(OC)(OC)=O)CCOC(C([Fr])(CC(C1=CC=CC=C1)C[Rb])C)=O)(OC)=O,[Rb]CC([Fr])C1=CC=CC=C1,CC(C(OCCN(CP(OC)(OC)=O)CP(OC)(OC)=O)=O)([Fr])C[Rb],PS,50,,,AC2NP2,50,,,,,,,,,,,,,,,,,,22
10.1039/C5RA11390C,copolymer,,PBS,O=C(CCC(OCCCCO[Rb])=O)O[Fr],O=C(CCC([Rb])=O)O[Fr],[Rb]OCCCCO[Fr],SA,,50,,BD,,50,,,,,,,,,,,,,,,,,22
13.1039/c8ra10325a,copolymer,,FR-PA6-12,[Rb]C(CCCCC(NCCCCCC(NCCCCCC(NCCC[Si](C)(C)O[Si](C)(C)CCCN[Fr])=O)=O)=O)=O,[Rb]C(CCCCC(NCCCCCC(NCCCCCC([Fr])=O)=O)=O)=O,C[Si](O[Si](C)(C)CCCN[Rb])(C)CCCN[Fr],PA6-AC,100,,,MSDS,12,,,,,,,,,,,,,,,,,,22
10.1021/ie3033813,homopolymer,,,,[Fr]CC(COc1ccc(cc1)C(c1ccc(cc1)O[Rb])(C)C)O,,,,100,,,,0,,,,,,,,,,,,,,,,,22
10.1016/j.reactfunctpolym.2007.05.012,homopolymer,,,,[Fr]Nc1ccc(cc1)Oc1cccc(n1)Oc1ccc(cc1)NC(=O)c1cccc(c1)C(=O)[Rb],,,,100,,,,0,,,,,,,,,,,,,,,,,22
10.1007/s11224-014-0474-7,homopolymer,,,,[Fr]Oc1ccc(cc1)Cc1ccc(cc1)OP(=O)(Oc1ccccc1)[Rb],,,,100,,,,0,,,,,,,,,,,,,,,,,22
10.1016/S0141-3910(96)00126-7,homopolymer,,,,[Fr]OCCOc1ccc(cc1)S(=O)(=O)c1ccc(cc1)OCCOP(=O)(c1ccc(cc1)N(=O)=O)[Rb],,,,100,,,,0,,,,,,,,,,,,,,,,,22
10.1016/j.compositesa.2020.106037,homopolymer,,,,[Rb]OCCCCOC(=O)CCCCC(=O)O[Fr],,,,100,,,,0,,,,,,,,,,,,,,,,,22
10.1002/pat.3743,homopolymer,,,,CC(C(=O)O[Fr])[Rb],,,,100,,,,0,,,,,,,,,,,,,,,,,22
10.1002/pola.1993.080311303,homopolymer,,,,CCCCCCCCCCCCCCCc1cccc(c1)OP(=O)(Oc1ccc(cc1)C(c1ccc(cc1)O[Fr])(C)C)[Rb],,,,100,,,,0,,,,,,,,,,,,,,,,,22
10.1021/acsami.7b06250,homopolymer,,,,[Rb]NCCCCCCCCCCC(=O)[Fr],,,,100,,,,0,,,,,,,,,,,,,,,,,22.2
10.1002/pi.1946,copolymer,,PAN-co-DEpVBnP5,CCOP(CC1=CC=C(C(CC(C#N)[Fr])C[Rb])C=C1)(OCC)=O,N#CC([Fr])C[Rb],O=P(OCC)(OCC)CC(C=C1)=CC=C1C([Fr])C[Rb],PAN,,98.2,,DEpVBnP,,1.8,,,,,,,,,,,,,,,,,22.3
10.1007/s10904-022-02495-7,copolymer,,PNP5,O=C(OCCOP(=O)(OC1=CC=CC=C1)N1CCN(C2=CC=CC=C2)CC1)C(C[Rb])CC(C[Fr])C1=CC=CC=C1,[Rb]CC([Fr])C1=CC=CC=C1,CC(C(OCCOP(OC1=CC=CC=C1)(N2CCN(CC2)C3=CC=CC=C3)=O)=O)([Fr])C[Rb],PS,,95,,PPPEM,,5,,,,,,,,,,,,,,,,,22.4
10.1007/s10973-017-6092-z,homopolymer,,,,[Fr]OCCCCOC(=O)CCC(=O)[Rb],,,,100,,,,0,,,,,,,,,,,,,,,,,22.4
10.1002/pat.3261,copolymer,,polystyrene,[Rb]CC(CC([Fr])C(NCOP(C)(OCP1(OC2=C(C=CC=C2)C3=CC=CC=C31)=O)=O)=O)C4=CC=CC=C4,[Rb]CC([Fr])C1=CC=CC=C1,O=C(NCOP(C)(OCP1(OC2=C(C3=CC=CC=C31)C=CC=C2)=O)=O)C([Fr])C[Rb],PS,45,,,DMPMA,5,,,,,,,,,,,,,,,,,,22.5
10.1002/pat.3261,copolymer,,DPS-10,O=C(C(CC(C1=CC=CC=C1)C[Rb])[Fr])NCOP(C)(OCP2(OC3=C(C=CC=C3)C4=CC=CC=C42)=O)=O,[Rb]CC([Fr])C1=CC=CC=C1,CP(OCNC(C([Fr])C[Rb])=O)(OCP1(OC2=C(C=CC=C2)C3=CC=CC=C31)=O)=O,PS,45,,,DMPMA,5,,,,,,,,,,,,,,,,,,22.5
10.1007/s10924-022-02466-6,copolymer,,PA56,O=C(CCCCC(=O)NCCCCCNC(=O)CC(CP1(=O)OC2=C(C=CC=C2)C2=C1C=CC=C2)C(=O)[Fr])NCCCCCN[Rb],O=C(CCCCC(NCCCCCN[Rb])=O)[Fr],O=C(NCCCCCN[Rb])CC(C([Fr])=O)CP1(OC2=C(C3=C1C=CC=C3)C=CC=C2)=O,PA56,,100,,,,0,,,,,,,,,,,,,,,,,22.5
10.1016/j.polymdegradstab.2010.09.008,copolymer,,AN-co-EMA7,CC([Fr])(CC(C#N)C[Rb])C(=O)OCC,N#CC([Fr])C[Rb],CC(C(OCC)=O)([Fr])C[Rb],PAN,,93.5,,EMA,,6.5,,,,,,,,,,,,,,,,,22.5
10.1016/S0141-3910（00）00066-5,copolymer,,ST-DEMMP,CCOP(COC(C([Fr])(CC(C1=CC=CC=C1)C[Rb])C)=O)(OCC)=O,[Rb]CC([Fr])C1=CC=CC=C1,CC(C(OCP(OCC)(OCC)=O)=O)([Fr])C[Rb],PS,,90,,DEMMP,,10,,,,,,,,,,,,,,,,,22.5
10.1016/S0141-3910（00）00066-5,copolymer,,MMA-VPA,COC(=O)C(C)C([Fr])CCC([Rb])P(=O)(O)O,CC(C(OC)=O)([Fr])C[Rb],O=P(O)(O)C([Fr])C[Rb],PMMA,,80,,VPA,,20,,,,,,,,,,,,,,,,,22.5
11.1039/c8ra10325a,copolymer,,FR-PA6-6,[Rb]C(CCCCC(NCCCCCC(NCCCCCC(NCCC[Si](C)(C)O[Si](C)(C)CCCN[Fr])=O)=O)=O)=O,[Rb]C(CCCCC(NCCCCCC(NCCCCCC([Fr])=O)=O)=O)=O,C[Si](O[Si](C)(C)CCCN[Rb])(C)CCCN[Fr],PA6-AC,100,,,MSDS,6,,,,,,,,,,,,,,,,,,22.5
12.1039/c8ra10325a,copolymer,,FR-PA6-9,[Rb]C(CCCCC(NCCCCCC(NCCCCCC(NCCC[Si](C)(C)O[Si](C)(C)CCCN[Fr])=O)=O)=O)=O,[Rb]C(CCCCC(NCCCCCC(NCCCCCC([Fr])=O)=O)=O)=O,C[Si](O[Si](C)(C)CCCN[Rb])(C)CCCN[Fr],PA6-AC,100,,,MSDS,9,,,,,,,,,,,,,,,,,,22.5
10.1016/j.reactfunctpolym.2007.05.012,homopolymer,,,,[Fr]Nc1ccc(cc1)Oc1cccc(n1)Oc1ccc(cc1)NC(=O)c1ccc(cc1)C(=O)[Rb],,,,100,,,,0,,,,,,,,,,,,,,,,,22.5
10.1002/marc.202200644,copolymer,,PA1210,[Rb]NCCCCCCCCCCCCNC(CCCCCCCCC([Fr])=O)=O,[Rb]NCCCCCCCCCCCCNC(CCCCCCCCC([Fr])=O)=O,[Rb]NCCCCCCCCCCCCNC(CCP([Fr])(C1=CC=CC=C1)=O)=O,PA1210,,100,,CDS,,0,,,,,,,,,,,,,,,,,22.6
10.1016/j.polymdegradstab.2012.07.014,copolymer,,AN/ADEPMAE4,CCOP(=O)(OCC)N(C)CCOC(=O)C(C[Rb])CC([Fr])C#N,N#CC([Fr])C[Rb],O=C(OCCN(P(OCC)(OCC)=O)C)C([Fr])C[Rb],PAN,,97.8,,ADEPMAE,,2.2,,,,,,,,,,,,,,,,,22.6
10.1016/S0141-3910（00）00066-5,copolymer,,ST-ADPPO,O=P(C1=CC=CC=C1)(C2=CC=CC=C2)CC(CC(C3=CC=CC=C3)C[Rb])[Fr],[Rb]CC([Fr])C1=CC=CC=C1,O=P(C1=CC=CC=C1)(C2=CC=CC=C2)CC([Fr])C[Rb],PS,,84,,ADPPO,,16,,,,,,,,,,,,,,,,,22.6
10.1016/S0141-3910(96)00068-7,copolymer,,Silylated PS (D),[Rb]CC(CC(C1=CC=C(C=C1)[Si](Cl)(C)Cl)[Fr])C2=CC=CC=C2,[Rb]CC(C1=CC=CC=C1)[Fr],[Rb]CC([Fr])C1=CC=C([Si](Cl)(Cl)C)C=C1,PS,79.9,,,Silylated PS,20.1,,,,,,,,,,,,,,,,,,22.6
10.1016/j.reactfunctpolym.2020.104631,copolymer,,MMA/HPD-5,CCOP(COP(OCCOC(C(CC(C[Rb])(C(OC)=O)C)[Fr])=O)(C1=CC=CC=C1)=O)(OCC)=O,CC(C(OC)=O)([Fr])C[Rb],O=C(OCCOP(OCP(OCC)(OCC)=O)(C1=CC=CC=C1)=O)C([Fr])C[Rb],PMMA,,95,,HPD,,5,,,,,,,,,,,,,,,,,22.7
10.1016/j.reactfunctpolym.2020.104631,copolymer,,MMA-HPD5,O=C(C(CC(C(OC)=O)(C)C[Rb])[Fr])OCCOP(OCP(OCC)(OCC)=O)(C1=CC=CC=C1)=O,CC(C(OC)=O)([Fr])C[Rb],CCOP(COP(OCCOC(C([Fr])C[Rb])=O)(C1=CC=CC=C1)=O)(OCC)=O,PMMA,94,,,HPD,6,,,,,,,,,,,,,,,,,,22.7
10.1016/j.polymdegradstab.2015.11.003,copolymer,,PBT/CPBA15%,O=C(OC1=CC=C(C=C1)C(C)(C2=CC=C(C=C2)OP([Fr])(C3=CC=CC=C3)=O)C)C4=CC=C(C=C4)C(OCCCCO[Rb])=O,O=C([Fr])C1=CC=C(C=C1)C(OCCCCO[Rb])=O,[Rb]OC1=CC=C(C=C1)C(C)(C2=CC=C(C=C2)OP([Fr])(C3=CC=CC=C3)=O)C,PBT,85,,,CPBA,15,,,,,,,,,,,,,,,,,,22.8
10.1016/S0141-3910(00)00138-5,copolymer,,MMA-DEMMP10,CCOP(COC(C([Fr])(CC(C(OC)=O)(C)C[Rb])C)=O)(OCC)=O,CC(C(OC)=O)([Fr])C[Rb],CC(C(OCP(OCC)(OCC)=O)=O)([Fr])C[Rb],PMMA,,90,,DEMMP,,10,,,,,,,,,,,,,,,,,22.8
10.1016/S0141-3910(01)00184-7,copolymer,,PMMA/DEMMP10,CC(C[Rb])(CC(C(OCP(OCC)(OCC)=O)=O)([Fr])C)C(OC)=O,CC(C(OC)=O)([Fr])C[Rb],CC(C(OCP(OCC)(OCC)=O)=O)([Fr])C[Rb],PMMA,,90,,DEMMP,,10,,,,,,,,,,,,,,,,,22.8
10.1002/pat.4784,copolymer,,PMMA-co-BDPA-15,O=C(OC(C1=CC=C(C=C1)OP(OC2=CC=CC=C2)(OC3=CC=CC=C3)=O)C4=CC=C(C=C4)OP(OC5=CC=CC=C5)(OC6=CC=CC=C6)=O)C(CC(C(OC)=O)([Fr])C)C[Rb],CC(C(OC)=O)([Fr])C[Rb],O=C(OC(C1=CC=C(C=C1)OP(OC2=CC=CC=C2)(OC3=CC=CC=C3)=O)C4=CC=C(C=C4)OP(OC5=CC=CC=C5)(OC6=CC=CC=C6)=O)C([Fr])C[Rb],PMMA,85,,,bis(4-((diphenoxyphosphoryl)oxy)phenyl)methyl acrylate(BDPA),15,,,,,,,,,,,,,,,,,,23
10.1007/BF03219026,copolymer,,FR-PBT-5.5,O=C([Fr])C1=CC=C(C=C1)C(OCCCCOC(C(CP2(OC3=C(C4=C2C=CC=C4)C=CC=C3)=O)CC(OCCCCO[Rb])=O)=O)=O,O=C(C1=CC=C(C(OCCCCO[Rb])=O)C=C1)[Fr],O=C(CC(CP1(OC2=C(C3=C1C=CC=C3)C=CC=C2)=O)C([Fr])=O)OCCCCO[Rb],PBT,,94.5,,DOP-MBDA,,5.5,,,,,,,,,,,,,,,,,23
10.1016/j.polymdegradstab.2018.05.010,copolymer,,PHFC2.5,O=C(OCCCCCCOC(C1=CC=C(O1)C([Fr])=O)=O)CCP(OCCCCCCO[Rb])(C2=CC=CC=C2)=O,O=C([Fr])CCP(OCCCCCCO[Rb])(C1=CC=CC=C1)=O,O=C([Fr])C1=CC=C(O1)C(OCCCCCCO[Rb])=O,HFH,,100,,HCH,,2.5,,,,,,,,,,,,,,,,,23
10.1016/S0141-3910(03)00207-6,copolymer,,PMMA-co-VII,CCOP(OCC)(C(OC(C([Fr])(CC(C(OC)=O)(C[Rb])C)C)=O)CCCCC)=O,CC(C(OC)=O)([Fr])C[Rb],CCOP(OCC)(C(CCCCC)OC(C(C)([Fr])C[Rb])=O)=O,PMMA,,74.6,,phosphorylated methyl methacrylate-VII,,25.4,,,,,,,,,,,,,,,,,23
10.1007/s11224-014-0474-7,homopolymer,,,,[Fr]Oc1ccc(cc1)C(c1cccc(c1)C(c1ccc(cc1)OP(=O)(Oc1ccccc1)[Rb])(C)C)(C)C,,,,100,,,,0,,,,,,,,,,,,,,,,,23
10.1016/j.porgcoat.2007.04.007,homopolymer,,,,C=C(C)C(=O)OCC(CN1CCN(CC1)CC(COC(=O)C(=C)C)O)O,,,,100,,,,0,,,,,,,,,,,,,,,,,23
10.1016/S0141-3910（00）00066-5,copolymer,,MMA-DPVP,COC(=O)C(C)C([Fr])CCC([Rb])P(=O)(OC1=CC=CC=C1)OC1=CC=CC=C1,CC(C(OC)=O)([Fr])C[Rb],O=P(OC1=CC=CC=C1)(OC2=CC=CC=C2)C([Fr])C[Rb],PMMA,,80,,DPVP,,20,,,,,,,,,,,,,,,,,23.1
10.1016/S0141-3910（00）00066-5,copolymer,,MMA-DEMMP,CCOP(=O)(COC(=O)C(C)([Fr])CCC([Rb])C(C)C(=O)OC)OCC,CC(C(OC)=O)([Fr])C[Rb],CC(C(OCP(OCC)(OCC)=O)=O)([Fr])C[Rb],PMMA,,80,,DEMMP,,20,,,,,,,,,,,,,,,,,23.2
1006 334X(2019)04 0001 04,copolymer,,PA6-DDP-A,O=C(CC(CP1(OC2=CC=CC=C2C3=CC=CC=C31)=O)C([Fr])=O)NCCCCCCNC(CCCCCN[Rb])=O,[Fr]C(CCCCCN[Rb])=O,O=C(CC(CP1(OC2=CC=CC=C2C3=CC=CC=C31)=O)C([Fr])=O)NCCCCCCN[Rb],PA6,100,,,DDP,0.8,,,,,,,,,,,,,,,,,,23.2
10.1016/j.polymdegradstab.2012.07.014,copolymer,,AN/ADEPMAE5,CCOP(=O)(OCC)N(C)CCOC(=O)C(C[Rb])CC([Fr])C#N,N#CC([Fr])C[Rb],O=C(OCCN(P(OCC)(OCC)=O)C)C([Fr])C[Rb],PAN,,97.3,,ADEPMAE,,2.7,,,,,,,,,,,,,,,,,23.3
10.1007/s10924-022-02466-6,copolymer,,PA56-0.5DDP,O=C(CCCCC(=O)NCCCCCNC(=O)CC(CP1(=O)OC2=C(C=CC=C2)C2=C1C=CC=C2)C(=O)[Fr])NCCCCCN[Rb],O=C(CCCCC(NCCCCCN[Rb])=O)[Fr],O=C(NCCCCCN[Rb])CC(C([Fr])=O)CP1(OC2=C(C3=C1C=CC=C3)C=CC=C2)=O,PA56,,100,,,,0.5,,,,,,,,,,,,,,,,,23.4
10.1002/pat.4161,copolymer,,polystyrene,CC(C(OCCN(CP(OC)(OC)=O)CP(OC)(OC)=O)=O)(CC(C1=CC=CC=C1)[Fr])C[Rb],[Rb]CC([Fr])C1=CC=CC=C1,CC(C(OCCN(CP(OC)(OC)=O)CP(OC)(OC)=O)=O)([Fr])C[Rb],PS,25,,,"ethyl N,N‐tetramethyl‐bis(phosphonate)‐bis(methylene) amine methacrylate(AC2NP2)",75,,,,,,,,,,,,,,,,,,23.5
10.1002/pol.20230521,copolymer,,PA6,[Rb]CCCCCCNC(C(CP1(OC2=CC=CC=C2C3=CC=CC=C31)=O)CC(NCCCCCC([Fr])=O)=O)=O,[Rb]NCCCCCC([Fr])=O,[Rb]CCCCCCNC(C(CP1(OC2=CC=CC=C2C3=CC=CC=C31)=O)CC([Fr])=O)=O,PA6,0,,,DOPO-ITA,100,,,,,,,,,,,,,,,,,,23.5
10.1016/j.matchemphys.2012.02.046,copolymer,,So-coPS20,[Rb]CC(CC([Fr])c1ccccc1)C(OCCN(CP(OC)(OC)=O)CP(OC)(OC)=O)=O,[Rb]CC(c1ccccc1)[Fr],O=C(OCCN(CP(OC)(OC)=O)CP(OC)(OC)=O)C([Fr])C[Rb],PS,,94.55,,AC2NP2,,5.45,,,,,,,,,,,,,,,,,23.5
10.1016/j.polymdegradstab.2014.06.003,copolymer,,PCTD5,[Rb]OCCOc1cc(P2(Oc3c(c4ccccc42)cccc3)=O)c(OCCOC(c5ccc(C(OCC6CCC(COC(c7ccc(C([Fr])=O)cc7)=O)CC6)=O)cc5)=O)cc1,[Fr]C(c1ccc(C(OCC(CC2)CCC2CO[Rb])=O)cc1)=O,O=C([Fr])c1ccc(C(OCCOc2cc(P3(Oc4c(c5ccccc53)cccc4)=O)c(OCCO[Rb])cc2)=O)cc1,PCT,,95,,DOPO-HQ-HE,,5,,,,,,,,,,,,,,,,,23.5
10.1016/j.polymdegradstab.2018.05.010,copolymer,,PHFC5,O=C(OCCCCCCOC(C1=CC=C(O1)C([Fr])=O)=O)CCP(OCCCCCCO[Rb])(C2=CC=CC=C2)=O,O=C([Fr])CCP(OCCCCCCO[Rb])(C1=CC=CC=C1)=O,O=C([Fr])C1=CC=C(O1)C(OCCCCCCO[Rb])=O,HFH,,100,,HCH,,5,,,,,,,,,,,,,,,,,23.5
10.1021/ie303446s,copolymer,,A-PS-15,COP(CN(CP(OC)(OC)=O)CCOC(C([Fr])(CC(C1=CC=CC=C1)C[Rb])C)=O)(OC)=O,[Rb]CC([Fr])C1=CC=CC=C1,CC(C(OCCN(CP(OC)(OC)=O)CP(OC)(OC)=O)=O)([Fr])C[Rb],PS,25,,,AC2NP2,75,,,,,,,,,,,,,,,,,,23.5
10.1039/c2jm34376b,copolymer,,Poly(ethylene terephthalate) (PET),[Fr]C(C1=CC=C(C=C1)C(OCCOC(C2=CC=C(C=C2C(OCCO[Rb])=O)C#CC3=CC=CC=C3)=O)=O)=O,O=C([Fr])C1=CC=C(C(=O)OCCO[Rb])C=C1,O=C(C1=CC=C(C#CC2=CC=CC=C2)C=C1C(OCCO[Rb])=O)[Fr],PET,,90,,4-(phenylethynyl) di(ethylene glycol) phthalate (PEPE),,10,,,,,,,,,,,,,,,,,23.5
10.1039/C5RA11390C,copolymer,,PBSH-1%,O=P(O[Fr])(CCC(OCCCCOC(CCC(OCCCCO[Rb])=O)=O)=O)C1=CC=CC=C1,O=C([Fr])CCC(OCCCCO[Rb])=O,O=P(O[Fr])(CCC(OCCCCO[Rb])=O)C1=CC=CC=C1,PBS,,99,,HPPPA,,1,,,,,,,,,,,,,,,,,23.5
10.1039/C7RA13228J,copolymer,,PA6,[Rb]NCCCCCC([Fr])=O,[Rb]NCCCCCC([Fr])=O,O=C(NCCCCCCCCCCN[Rb])CC(C([Fr])=O)CP1(OC2=CC=CC=C2C3=CC=CC=C31)=O,PA6,100,,,DDP salt,0,,,,,,,,,,,,,,,,,,23.5
10.1039/D0RA07822K,copolymer,,Polyamide66(PA66),[Rb]NCCCCCCNC(CCCCC(NCCCCCCNC(CCCCC(OCCOP(CCC([Fr])=O)(C1=CC=CC=C1)=O)=O)=O)=O)=O,[Rb]NCCCCCCNC(CCCCC([Fr])=O)=O,[Rb]NCCCCCCNC(CCCCC(OCCOP(CCC([Fr])=O)(C1=CC=CC=C1)=O)=O)=O,PA66salt,100,,,CPPOA,0,,,,,,,,,,,,,,,,,,23.5
10.1039/D0RA07822K,copolymer,,PA66,O=C([Fr])CCP(=O)(OCCOC(=O)CCCCC(=O)NCCCCCCNC(=O)CCCCC(=O)NCCCCCCN[Rb])C1=CC=CC=C1,O=C(CCCCC([Fr])=O)NCCCCCCN[Rb],O=C(NCCCCCCN[Rb])CCCCC(OCCOP(CCC([Fr])=O)(C1=CC=CC=C1)=O)=O,PA66,100,,,CPPOA,0,,,,,,,,,,,,,,,,,,23.5
10.1016/j.polymdegradstab.2007.05.017,homopolymer,,,,C=C(CC(C(=C)C(=O)OCC1COC2(CCCO2)O1)C(=O)OCC1COC2(CCCO2)O1)C(=O)OCC1COC2(CCCO2)O1,,,,100,,,,0,,,,,,,,,,,,,,,,,23.5
10.1016/S0141-3910（00）00066-5,copolymer,,ST-DPVPO,O=P(C1=CC=CC=C1)(C(CC(C2=CC=CC=C2)C[Rb])[Fr])C3=CC=CC=C3,[Rb]CC([Fr])C1=CC=CC=C1,O=P(C1=CC=CC=C1)(C2=CC=CC=C2)C([Fr])C[Rb],PS,,90,,DPVPO,,10,,,,,,,,,,,,,,,,,23.6
10.1016/S0141-3910（00）00066-5,copolymer,,MMA-DEpVBP,CCOP(=O)(OCC)C1=CC=C(C([Fr])CCC([Rb])C(C)C(=O)OC)C=C1,CC(C(OC)=O)([Fr])C[Rb],O=P(OCC)(OCC)C(C=C1)=CC=C1C([Fr])C[Rb],PMMA,,81,,DEpVBP,,19,,,,,,,,,,,,,,,,,23.6
10.1016/j.polymer.2024.126780,copolymer,,PA6-co-HPI10,[Fr]C(CCCCCNC(C1=CC=C(C(O)=C1)N2C(C3=CC=C(C=C3C2=O)C(NCCCCCC([Rb])=O)=O)=O)=O)=O,[Fr]C(CCCCCN[Rb])=O,[Fr]C(CCCCCNC(C1=CC=C(C(O)=C1)N2C(C3=CC=C(C=C3C2=O)C([Rb])=O)=O)=O)=O,PA6,,100,,HPI,,5.1,,,,,,,,,,,,,,,,,23.8
10.1016/S0141-3910(00)00138-5,copolymer,,MMA-DEMMP15,CCOP(COC(C([Fr])(CC(C(OC)=O)(C)C[Rb])C)=O)(OCC)=O,CC(C(OC)=O)([Fr])C[Rb],CC(C(OCP(OCC)(OCC)=O)=O)([Fr])C[Rb],PMMA,,85,,DEMMP,,15,,,,,,,,,,,,,,,,,23.8
10.1016/j.polymer.2024.126780,copolymer,,PA 6-co-HPI10,,[Fr]C(CCCCCN[Rb])=O,[Fr]C(C1=CC2=C(C(N(C3=CC=C(C(NCCCCCCN[Rb])=O)C=C3O)C2=O)=O)C=C1)=O,,,100,,,,10,,,,,,,,,,,,,,,,,23.8
10.1002/pi.1946,copolymer,,PAN-co-DiPrpVBnP4,CC(OP(CC1=CC=C(C(CC(C#N)[Fr])C[Rb])C=C1)(OC(C)C)=O)C,N#CC([Fr])C[Rb],O=P(OC(C)C)(OC(C)C)CC(C=C1)=CC=C1C([Fr])C[Rb],PAN,,92.8,,DiPrpVBnP,,7.2,,,,,,,,,,,,,,,,,23.9
10.1016/j.polymdegradstab.2018.05.010,copolymer,,PHFC7.5,O=C(OCCCCCCOC(C1=CC=C(O1)C([Fr])=O)=O)CCP(OCCCCCCO[Rb])(C2=CC=CC=C2)=O,O=C([Fr])CCP(OCCCCCCO[Rb])(C1=CC=CC=C1)=O,O=C([Fr])C1=CC=C(O1)C(OCCCCCCO[Rb])=O,HFH,,100,,HCH,,7.5,,,,,,,,,,,,,,,,,23.9
10.1002/pat.4161,copolymer,,polystyrene,CC(C(OCCN(CP(OC)(OC)=O)CP(OC)(OC)=O)=O)(CC(C1=CC=CC=C1)[Fr])C[Rb],[Rb]CC([Fr])C1=CC=CC=C1,CC(C(OCCN(CP(OC)(OC)=O)CP(OC)(OC)=O)=O)([Fr])C[Rb],PS,0,,,"ethyl N,N‐tetramethyl‐bis(phosphonate)‐bis(methylene) amine methacrylate(AC2NP2)",100,,,,,,,,,,,,,,,,,,24
10.1016/S0141-3910（00）00066-5,copolymer,,ST-VPA,O=P(O)(C(CC(C1=CC=CC=C1)C[Rb])[Fr])O,[Rb]CC([Fr])C1=CC=CC=C1,O=P(O)(O)C([Fr])C[Rb],PS,,78,,VPA,,22,,,,,,,,,,,,,,,,,24
10.1016/S0141-3910（00）00066-5,copolymer,,ST-DEpVBP,CCOP(OCC)(C1=CC=C(C=C1)C(CC(C2=CC=CC=C2)C[Rb])[Fr])=O,[Rb]CC([Fr])C1=CC=CC=C1,O=P(OCC)(OCC)C(C=C1)=CC=C1C([Fr])C[Rb],PS,,79,,DEpVBP,,21,,,,,,,,,,,,,,,,,24
10.1021/ie303446s,copolymer,,A-PS-20,COP(CN(CP(OC)(OC)=O)CCOC(C([Fr])(CC(C1=CC=CC=C1)C[Rb])C)=O)(OC)=O,[Rb]CC([Fr])C1=CC=CC=C1,CC(C(OCCN(CP(OC)(OC)=O)CP(OC)(OC)=O)=O)([Fr])C[Rb],PS,0,,,AC2NP2,100,,,,,,,,,,,,,,,,,,24
10.1007/s11224-014-0474-7,homopolymer,,,,[Fr]Oc1ccc(cc1)C(c1ccc(cc1)C(c1ccc(cc1)OP(=O)(Oc1ccccc1)[Rb])(C)C)(C)C,,,,100,,,,0,,,,,,,,,,,,,,,,,24
10.1002/pola.1993.080311303,homopolymer,,,,CCCCCCCCCCCCCCCc1cccc(c1)OP(=O)(Oc1ccc(cc1)C1(OC(=O)c2c1cccc2)c1ccc(cc1)O[Fr])[Rb],,,,100,,,,0,,,,,,,,,,,,,,,,,24
10.1002/pola.1993.080311303,homopolymer,,,,CCCCCCCCCCCCCCCc1cccc(c1)OP(=O)(Oc1ccc(cc1)O[Fr])[Rb],,,,100,,,,0,,,,,,,,,,,,,,,,,24
10.1177/0954008317752073,homopolymer,,,,COc1cc(ccc1OP(=O)(c1ccccc1)[Fr])/N=C/c1ccc(cc1)O[Rb],,,,100,,,,0,,,,,,,,,,,,,,,,,24
10.1007/s00289-016-1652-0,copolymer,,IIB,CC(CC1)CCC1(C2=CC=C(C=C2)CO[Rb])C(C=C3)=CC=C3COC(CCCCCCC([Fr])=O)=O,CC(CC1)CCC1(C2=CC=C(C=C2)CO)C(C=C3)=CC=C3CO,O=C(CCCCCCC(Cl)=O)Cl,MBPZ,,50,,ClB,,50,,,,,,,,,,,,,,,,,24.1
10.1016/S0141-3910（00）00066-5,copolymer,,ST-DPVP,O=P(OC1=CC=CC=C1)(C(CC(C2=CC=CC=C2)C[Rb])[Fr])OC3=CC=CC=C3,[Rb]CC([Fr])C1=CC=CC=C1,O=P(OC1=CC=CC=C1)(OC2=CC=CC=C2)C([Fr])C[Rb],PS,,70,,DPVP,,30,,,,,,,,,,,,,,,,,24.1
10.1007/s00289-016-1652-0,homopolymer,,,,[Fr]Oc1ccc(cc1)C1(CCC(CC1)C)c1ccc(cc1)OC(=O)CCCCCCC(=O)[Rb],,,,100,,,,0,,,,,,,,,,,,,,,,,24.1
10.1016/S0141-3910（00）00066-5,copolymer,,ST-PEVP,O=P(OCCC1=CC=CC=C1)(C(CC(C2=CC=CC=C2)C[Rb])[Fr])OCCC3=CC=CC=C3,[Rb]CC([Fr])C1=CC=CC=C1,O=P(OCCC1=CC=CC=C1)(OCCC2=CC=CC=C2)C([Fr])C[Rb],PS,,67,,PEVP,,33,,,,,,,,,,,,,,,,,24.2
10.1021/acsomega.3c06235,copolymer,,PS148-b-PFAA-DOPO50,O=C(OCP1(=O)OC2=C(C=CC=C2)C2=CC=CC=C21)C([Fr])CC(C[Rb])C1=CC=CC=C1,[Rb]CC([Fr])C1=CC=CC=C1,O=C(OCP1(OC2=C(C3=C1C=CC=C3)C=CC=C2)=O)C([Fr])C[Rb],PS,,1,,FAA-DOPO,,100,,,,,,,,,,,,,,,,,24.3
10.1016/j.polymdegradstab.2020.109310,copolymer,,PENT0/10,CC(C)(CO[Rb])COC(=O)C1=CC=C(C(=O)OCCOC(=O)C2=CC=C(C(=O)[Fr])C=C2)C=C1,O=C([Fr])C1=CC=C(C(=O)OCCO[Rb])C=C1,CC(CO[Rb])(COC(C1=CC=C(C=C1)C([Fr])=O)=O)C,PET,90,,,HPPA,10,,,,,,,,,,,,,,,,,,24.4
10.1021/ie1006917,copolymer,,PTTP3,O=C([Fr])C1=CC=C(C(OCCCOC(C(CP2(OC3=C(C4=C2C=CC=C4)C=CC=C3)=O)CC(OCCCO[Rb])=O)=O)=O)C=C1,O=C([Fr])C1=CC=C(C(OCCCO[Rb])=O)C=C1,[Fr]OC(C(CP1(OC2=C(C3=C1C=CC=C3)C=CC=C2)=O)CC(OCCCO[Rb])=O)=O,PTT,97,,,DDP,3,,,,,,,,,,,,,,,,,,24.4
10.1002/marc.202200644,copolymer,,FRPA-3,[Rb]NCCCCCCCCCCCCNC(CCCCCCCCC(NCCCCCCCCCCCCNC(CCP([Fr])(C1=CC=CC=C1)=O)=O)=O)=O,[Rb]NCCCCCCCCCCCCNC(CCCCCCCCC([Fr])=O)=O,[Rb]NCCCCCCCCCCCCNC(CCP([Fr])(C1=CC=CC=C1)=O)=O,PA1210,,97,,CDS,,3,,,,,,,,,,,,,,,,,24.5
10.1007/s12034-009-0054-4,copolymer,,FR-PA66,[Fr]C(C1=CC=C(C=C1)P(C(C=C2)=CC=C2C(NCCCCCCNC(CCCCC(NCCCCCCN[Rb])=O)=O)=O)(C3=CC=CC=C3)=O)=O,[Fr]C(C1=CC=C(C=C1)P(C(C=C2)=CC=C2C([Rb])=O)(C3=CC=CC=C3)=O)=O,O=C(NCCCCCCN[Fr])CCCCC(NCCCCCCN[Rb])=O,BCPPO,3,,,AH salt,97,,,,,,,,,,,,,,,,,,24.5
10.1016/j.matchemphys.2012.02.046,copolymer,,So-coPS25,[Rb]CC(CC([Fr])c1ccccc1)C(OCCN(CP(OC)(OC)=O)CP(OC)(OC)=O)=O,[Rb]CC(c1ccccc1)[Fr],O=C(OCCN(CP(OC)(OC)=O)CP(OC)(OC)=O)C([Fr])C[Rb],PS,,92.49,,AC2NP2,,7.51,,,,,,,,,,,,,,,,,24.5
10.1016/j.polymdegradstab.2014.06.003,copolymer,,PCTD10,[Rb]OCCOc1cc(P2(Oc3c(c4ccccc42)cccc3)=O)c(OCCOC(c5ccc(C(OCC6CCC(COC(c7ccc(C([Fr])=O)cc7)=O)CC6)=O)cc5)=O)cc1,[Fr]C(c1ccc(C(OCC(CC2)CCC2CO[Rb])=O)cc1)=O,O=C([Fr])c1ccc(C(OCCOc2cc(P3(Oc4c(c5ccccc53)cccc4)=O)c(OCCO[Rb])cc2)=O)cc1,PCT,,90,,DOPO-HQ-HE,,10,,,,,,,,,,,,,,,,,24.5
10.1039/c2jm34376b,copolymer,,Poly(ethylene terephthalate) (PET),[Fr]C(C1=CC=C(C=C1)C(OCCOC(C2=CC=C(C=C2C(OCCO[Rb])=O)C#CC3=CC=CC=C3)=O)=O)=O,O=C([Fr])C1=CC=C(C(=O)OCCO[Rb])C=C1,O=C(C1=CC=C(C#CC2=CC=CC=C2)C=C1C(OCCO[Rb])=O)[Fr],PET,,80,,4-(phenylethynyl) di(ethylene glycol) phthalate (PEPE),,20,,,,,,,,,,,,,,,,,24.5
10.1002/pi.1946,copolymer,,PAN-co-DiPrpVBnP3,CC(OP(CC1=CC=C(C(CC(C#N)[Fr])C[Rb])C=C1)(OC(C)C)=O)C,N#CC([Fr])C[Rb],O=P(OC(C)C)(OC(C)C)CC(C=C1)=CC=C1C([Fr])C[Rb],PAN,,84.7,,DiPrpVBnP,,15.3,,,,,,,,,,,,,,,,,24.6
10.1002/pi.1946,copolymer,,PAN-co-DnBupVBnP4,CCCCOP(CC1=CC=C(C(CC(C#N)[Fr])C[Rb])C=C1)(OCCC)=O,N#CC([Fr])C[Rb],O=P(OCCCC)(OCCCC)CC(C=C1)=CC=C1C([Fr])C[Rb],PAN,,91.8,,DnBupVBnP,,8.2,,,,,,,,,,,,,,,,,24.6
10.1016/j.polymer.2024.126780,copolymer,,PA6-co-HPI15,[Fr]C(CCCCCNC(C1=CC=C(C(O)=C1)N2C(C3=CC=C(C=C3C2=O)C(NCCCCCC([Rb])=O)=O)=O)=O)=O,[Fr]C(CCCCCN[Rb])=O,[Fr]C(CCCCCNC(C1=CC=C(C(O)=C1)N2C(C3=CC=C(C=C3C2=O)C([Rb])=O)=O)=O)=O,PA6,,100,,HPI,,10.5,,,,,,,,,,,,,,,,,24.6
10.1016/j.polymer.2024.126780,copolymer,,PA 6-co-HPI15,,[Fr]C(CCCCCN[Rb])=O,[Fr]C(C1=CC2=C(C(N(C3=CC=C(C(NCCCCCCN[Rb])=O)C=C3O)C2=O)=O)C=C1)=O,,,100,,,,15,,,,,,,,,,,,,,,,,24.6
10.1016/j.polymdegradstab.2019.03.004,copolymer,,PA6-co-DPO,[H]N(C(CC(C([Fr])=O)CP(C1=CC=CC=C1)(C2=CC=CC=C2)=O)=O)CCCCCCCCCCNC(CCCCCN[Rb])=O,[Fr]C(CCCCCN[Rb])=O,[H]N(C(CC(C([Fr])=O)CP(C1=CC=CC=C1)(C2=CC=CC=C2)=O)=O)CCCCCCCCCCN[Rb],PA6,98,,,DPDPO-DMDAsalt,2,,,,,,,,,,,,,,,,,,24.7
10.1016/S0141-3910(96)00068-7,copolymer,,Silylated PVOH (K),[Fr]C([Si](C)(C)C)CC(O)C[Rb],[Rb]CC(O)[Fr],[Rb]CC([Si](C)(C)C)[Fr],PVOH,92.5,,,Silylated PVOH,7.5,,,,,,,,,,,,,,,,,,24.8
10.1039/D0RA07822K,copolymer,,FRPA66-2,O=C([Fr])CCP(=O)(OCCOC(=O)CCCCC(=O)NCCCCCCNC(=O)CCCCC(=O)NCCCCCCN[Rb])C1=CC=CC=C1,O=C(CCCCC([Fr])=O)NCCCCCCN[Rb],O=C(NCCCCCCN[Rb])CCCCC(OCCOP(CCC([Fr])=O)(C1=CC=CC=C1)=O)=O,PA66,98,,,CPPOA,2,,,,,,,,,,,,,,,,,,24.8
10.1007/s10965-021-02676-x,homopolymer,,,,[Fr]c1ccc(cc1)Oc1ccc(cc1)C1(Cc2c(C1=O)cccc2)c1ccc(cc1)Oc1ccc(cc1)N1C(=O)C2C(C1=O)CC(CC2)C1CCC2C(C1)C(=O)N(C2=O)[Rb],,,,100,,,,0,,,,,,,,,,,,,,,,,24.8
10.1002/app.43403,homopolymer,,,,[Fr]Oc1ccc(cc1CN(c1ccccc1)[Rb])C(c1ccc2c(c1)CN(CO2)c1ccccc1)(C)C,,,,100,,,,0,,,,,,,,,,,,,,,,,24.8
10.1007/s10973-015-4855-y,homopolymer,,,,ClC(C[Rb])[Fr],,,,100,,,,0,,,,,,,,,,,,,,,,,24.8
10.1002/(SICI)1097-4628(19960307)59:10<1619::AID-APP14>3.0.CO;2-R,copolymer,,PS-OP-4,CCOP(Oc1ccc(C([Fr])C[Rb])cc1)(OCC)=O,Oc1ccc(C([Fr])C[Rb])cc1,[Fr]C(C[Rb])c1ccc(OP(OCC)(OCC)=O)cc1,PS-OH,,77,,Diethylchlorophosphate (DECP),,23,,,,,,,,,,,,,,,,,25
10.1002/app.43538,copolymer,,PA66-NENP1,O=C(NCCCCCCN[Rb])CCCCC(NCCCCCCNC(C1=CC=C(C=C1)N(C(CCP(N([H])C2=CC=C(C([Fr])=O)C=C2)(C3=CC=CC=C3)=O)=O)[H])=O)=O,O=C(CCCCC([Fr])=O)NCCCCCCN[Rb],[H]N(C(CCP(N(C1=CC=C(C=C1)C([Fr])=O)[H])(C2=CC=CC=C2)=O)=O)C(C=C3)=CC=C3C(NCCCCCCN[Rb])=O,PA66,99,,,NENP,1,,,,,,,,,,,,,,,,,,25
10.1002/pi.1946,copolymer,,PAN-co-DMpVBnP5,COP(CC1=CC=C(C=C1)C(CC(C#N)C[Rb])[Fr])(OC)=O,N#CC([Fr])C[Rb],O=P(OC)(OC)CC(C=C1)=CC=C1C([Fr])C[Rb],PAN,,96.5,,DMpVBnP,,3.5,,,,,,,,,,,,,,,,,25
10.1016/j.cej.2023.144983,copolymer,,PA 6-co-DPA1c,[Fr]C(CCCCCNC(C1=CC(C(NCCCCCC([Rb])=O)=O)=CC(NP(C2=CC=CC=C2)(C3=CC=CC=C3)=O)=C1)=O)=O,[Rb]NCCCCCC([Fr])=O,[Rb]C(CCCCCNC(C1=CC(NP(C2=CC=CC=C2)(C3=CC=CC=C3)=O)=CC(C([Fr])=O)=C1)=O)=O,PA6,,100,,DPA,,1,,,,,,,,,,,,,,,,,25
10.1016/j.eurpolymj.2022.111174,copolymer,,MH-PPOA3-co-PET,O=C(C1=CC=C(C=C1)C(OP(O[Mg]OP([Fr])(C2=CC=CC=C2)=O)(C3=CC=CC=C3)=O)=O)OCCO[Rb],O=C([Fr])C1=CC=C(C(OCCO[Rb])=O)C=C1,O=P(O[Mg]OP([Fr])(C1=CC=CC=C1)=O)(C2=CC=CC=C2)O[Rb],PET,100,,,MH-PPOA,3,,,,,,,,,,,,,,,,,,25
10.1016/j.polymdegradstab.2018.05.010,copolymer,,PHFC10,O=C(OCCCCCCOC(C1=CC=C(O1)C([Fr])=O)=O)CCP(OCCCCCCO[Rb])(C2=CC=CC=C2)=O,O=C([Fr])CCP(OCCCCCCO[Rb])(C1=CC=CC=C1)=O,O=C([Fr])C1=CC=C(O1)C(OCCCCCCO[Rb])=O,HFH,,100,,HCH,,10,,,,,,,,,,,,,,,,,25
10.1039/C3PY01030A,copolymer,,PETI1,O=P1([O-])C2=CC(C([Fr])=O)=CC=C2CC3=CC=C(C(OCCOC(C4=CC=C(C(OCCO[Rb])=O)C=C4)=O)=O)C=C13.[Na+],O=C([Fr])C1=CC=C(C(=O)OCCO[Rb])C=C1,O=P1([O-])C2=CC(C([Fr])=O)=CC=C2CC3=CC=C(C(OCCO[Rb])=O)C=C13.[Na+],PET,,100,,DHPPO-Na,,0.99,,,,,,,,,,,,,,,,,25
10.1039/C6RA17108G,copolymer,,PA-2,[Rb]NCCCCCNC(CCCCC(NCCCCCNC(C(C([Fr])=O)CP1(OC2=CC=CC=C2C3=CC=CC=C31)=O)=O)=O)=O,[Rb]NCCCCCNC(CCCCC([Fr])=O)=O,O=C(C(C([Fr])=O)CP1(OC2=CC=CC=C2C3=CC=CC=C31)=O)NCCCCCN[Rb],PA,97.5,,,DDPDA,2.5,,,,,,,,,,,,,,,,,,25
10.3969/j.issn.1001-3539.2015.07.005,copolymer,,FR-PA66,O=C(CCCCC(NCCCCCCNC(C1=CC=C(NP(C2=CC=CC=C2)(CCC(NC3=CC=C(C(O[Fr])=O)C=C3)=O)=O)C=C1)=O)=O)ONCCCCCCN[Rb],O=C(CCCCC([Fr])=O)ONCCCCCCN[Rb],O=C(NCCCCCCN[Rb])C1=CC=C(NP(C2=CC=CC=C2)(CCC(NC3=CC=C(C(O[Fr])=O)C=C3)=O)=O)C=C1,PA66 salt,1,,,BNPPO salt,99,,,,,,,,,,,,,,,,,,25
10.3969/j.issn.1001-3539.2015.11.002,copolymer,,FR-PA66,O=P(C1=CC=CC=C1)(NC2=CC=C(NP(C3=CC=CC=C3)(NC4=CC=C(NP(C5=CC=CC=C5)(NC6=CC=C(NP(C7=CC=CC=C7)(NC8=CC=C(NP(C9=CC=CC=C9)(NC%10=CC=C(C=C%10)NC(CCCCC(NCCCCCCN[Rb])=O)=O)=O)C=C8)=O)C=C6)=O)C=C4)=O)C=C2)NC(C=C%11)=CC=C%11N[Fr],O=C([Fr])CCCCC(NCCCCCCN[Rb])=O,O=P(C1=CC=CC=C1)(NC2=CC=C(NP(C3=CC=CC=C3)(NC4=CC=C(NP(C5=CC=CC=C5)(NC6=CC=C(NP(C7=CC=CC=C7)(NC8=CC=C(NP(C9=CC=CC=C9)(NC%10=CC=C(C=C%10)N[Rb])=O)C=C8)=O)C=C6)=O)C=C4)=O)C=C2)NC(C=C%11)=CC=C%11N[Fr],PA66 salt,1.5,,,PDPPD salt,98.5,,,,,,,,,,,,,,,,,,25
10.1002/pen.20932,homopolymer,,,,[Fr]OC(=O)Oc1ccc(cc1)C(c1ccc(cc1)OC(=O)Oc1ccc(cc1)[Rb])(C)C,,,,100,,,,0,,,,,,,,,,,,,,,,,25
10.1007/s11224-014-0474-7,homopolymer,,,,[Fr]Oc1ccc(cc1)c1ccc(cc1)OP(=O)(Oc1ccccc1)[Rb],,,,100,,,,0,,,,,,,,,,,,,,,,,25
10.1007/s10973-006-7552-z,homopolymer,,,,[Rb]Oc1ccc(cc1)C(c1ccc(cc1)OP(=O)(OCCOC(=O)C=C)[Fr])(C)C,,,,100,,,,0,,,,,,,,,,,,,,,,,25
10.1002/pi.1946,copolymer,,PAN-co-DnBupVBnP2,CCCCOP(CC1=CC=C(C(CC(C#N)[Fr])C[Rb])C=C1)(OCCC)=O,N#CC([Fr])C[Rb],O=P(OCCCC)(OCCCC)CC(C=C1)=CC=C1C([Fr])C[Rb],PAN,,80.2,,DnBupVBnP,,19.8,,,,,,,,,,,,,,,,,25.1
10.1007/s10904-022-02495-7,copolymer,,PNP10,O=C(OCCOP(=O)(OC1=CC=CC=C1)N1CCN(C2=CC=CC=C2)CC1)C(C[Rb])CC(C[Fr])C1=CC=CC=C1,[Rb]CC([Fr])C1=CC=CC=C1,CC(C(OCCOP(OC1=CC=CC=C1)(N2CCN(CC2)C3=CC=CC=C3)=O)=O)([Fr])C[Rb],PS,,90,,PPPEM,,10,,,,,,,,,,,,,,,,,25.1
10.1039/c7ra13228j,copolymer,,PA6-co-DDP2,[Fr]C(CCCCCNC(C(CP1(OC2=CC=CC=C2C3=CC=CC=C31)=O)CC(NCCCCCCCCCCN[Rb])=O)=O)=O,[Fr]C(CCCCCN[Rb])=O,O=C(NCCCCCCCCCCN[Rb])CC(C([Fr])=O)CP1(OC2=CC=CC=C2C3=CC=CC=C31)=O,PA6,98,,,DDPsalt,2,,,,,,,,,,,,,,,,,,25.1
10.1039/C7RA13228J,copolymer,,FRPA6-2,[Rb]NCCCCCC(NCCCCCCCCCCNC(CC(CP1(OC2=CC=CC=C2C3=CC=CC=C31)=O)C([Fr])=O)=O)=O,[Rb]NCCCCCC([Fr])=O,O=C(NCCCCCCCCCCN[Rb])CC(C([Fr])=O)CP1(OC2=CC=CC=C2C3=CC=CC=C31)=O,PA6,98,,,DDP salt,2,,,,,,,,,,,,,,,,,,25.1
10.1039/c7ra13228j,copolymer,,PA 6-co-AOMP1,,[Fr]C(CCCCCN[Rb])=O,[Fr]NC1=CC=C(C=C1)NC(C2=CC=C(C=C2)OP(OC3=CC=C(C=C3)C(NC4=CC=C(C=C4)NC(CCCCC([Rb])=O)=O)[P@@]5(C6=C(C=CC=C6)C7=CC=CC=C7O5)=O)(C8=CC=CC=C8)=O)[P@]9(C%10=C(C=CC=C%10)C%11=CC=CC=C%11O9)=O,,,100,,,,1,,,,,,,,,,,,,,,,,25.1
10.1002/pat.4206,copolymer,,FRPA66-2,O=C(CC(CP1(OC2=CC=CC=C2C3=CC=CC=C31)=O)C(NCCCCCCNC(CCCCC([Fr])=O)=O)=O)NCCCCCCN[Rb],[Rb]NCCCCCCNC(CCCCC([Fr])=O)=O,O=C(CC(CP1(OC2=CC=CC=C2C3=CC=CC=C31)=O)C([Fr])=O)NCCCCCCN[Rb],PA66,98,,,DDP-HMDA,2,,,,,,,,,,,,,,,,,,25.3
10.1016/j.polymdegradstab.2022.110212,copolymer,,PA56-2,[Rb]NCCCCCNC(CCCCC(NCCCCCNC(C(CP1(OC2=CC=CC=C2C3=CC=CC=C31)=O)CC([Fr])=O)=O)=O)=O,[Rb]NCCCCCNC(CCCCC([Fr])=O)=O,O=C(C(CP1(OC2=CC=CC=C2C3=CC=CC=C31)=O)CC([Fr])=O)NCCCCCN[Rb],PA,98,,,DOPDA,2,,,,,,,,,,,,,,,,,,25.3
10.1002/pi.1946,copolymer,,PAN-co-DnBupVBnP3,CCCCOP(CC1=CC=C(C(CC(C#N)[Fr])C[Rb])C=C1)(OCCC)=O,N#CC([Fr])C[Rb],O=P(OCCCC)(OCCCC)CC(C=C1)=CC=C1C([Fr])C[Rb],PAN,,89.8,,DnBupVBnP,,10.2,,,,,,,,,,,,,,,,,25.4
10.1016/j.polymdegradstab.2015.11.003,copolymer,,PBT/CPBA20%,O=C(OC1=CC=C(C=C1)C(C)(C2=CC=C(C=C2)OP([Fr])(C3=CC=CC=C3)=O)C)C4=CC=C(C=C4)C(OCCCCO[Rb])=O,O=C([Fr])C1=CC=C(C=C1)C(OCCCCO[Rb])=O,[Rb]OC1=CC=C(C=C1)C(C)(C2=CC=C(C=C2)OP([Fr])(C3=CC=CC=C3)=O)C,PBT,80,,,CPBA,20,,,,,,,,,,,,,,,,,,25.4
10.1016/S0141-3910(96)00069-9,copolymer,,boronated-PS,[Rb]CC(CC(C1=CC=C(B(O)O)C=C1)[Fr])C2=CC=CC=C2,[Rb]CC(C1=CC=CC=C1)[Fr],[Rb]CC(C1=CC=C(B(O)O)C=C1)[Fr],PS,90.8,,,boronated-PS,9.2,,,,,,,,,,,,,,,,,,25.4
10.1016/S0141-3910(96)00069-9,copolymer,,boronated-PS,[Rb]CC(CC(C1=CC=C(B(O)O)C=C1)[Fr])C2=CC=CC=C2,[Rb]CC(C1=CC=CC=C1)[Fr],[Rb]CC(C1=CC=C(B(O)O)C=C1)[Fr],PS,83.2,,,boronated-PS,16.8,,,,,,,,,,,,,,,,,,25.4
10.1002/pi.1946,copolymer,,PAN-co-DiPrpVBnP2,CC(OP(CC1=CC=C(C(CC(C#N)[Fr])C[Rb])C=C1)(OC(C)C)=O)C,N#CC([Fr])C[Rb],O=P(OC(C)C)(OC(C)C)CC(C=C1)=CC=C1C([Fr])C[Rb],PAN,,66.5,,DiPrpVBnP,,33.5,,,,,,,,,,,,,,,,,25.5
10.1016/j.polymdegradstab.2017.09.022,copolymer,,PET-DMTMI5,O=C(C1=CC(C(OCCOC(C2=CC=C(C(OCCO[Rb])=O)C=C2)=O)=O)=CC(N(C3=O)C(CC3C4C(C5)C=CC5C4)=O)=C1)[Fr],O=C([Fr])C1=CC=C(C(=O)OCCO[Rb])C=C1,[Fr]C(C1=CC(C(OCCO[Rb])=O)=CC(N2C(C3C4C=CC(C3C2=O)C4)=O)=C1)=O,PET,,95,,DMTMI5,,5,,,,,,,,,,,,,,,,,25.5
10.1016/j.polymdegradstab.2023.110388,copolymer,,PC,CC(C1=CC=C(OC([Fr])=O)C=C1)(C)C2=CC=C(O[Rb])C=C2,CC(C1=CC=C(OC([Fr])=O)C=C1)(C)C2=CC=C(O[Rb])C=C2,[Na]OOOSC1=CC2=C(C=C1O[Rb])C=C(OC([Fr])=O)C(SOOO[Na])=C2,PC,100,,,NSD,0,,,,,,,,,,,,,,,,,,25.5
10.1016/S0141-3910（00）00066-5,copolymer,,MMA-PEVP,COC(=O)C(C)C([Fr])CCC([Rb])P(=O)(OCCC1=CC=CC=C1)OCCC1=CC=CC=C1,CC(C(OC)=O)([Fr])C[Rb],O=P(OCCC1=CC=CC=C1)(OCCC2=CC=CC=C2)C([Fr])C[Rb],PMMA,,78,,PEVP,,22,,,,,,,,,,,,,,,,,25.5
10.1021/acsapm.3c00444,homopolymer,,PC,[Rb]OC1=CC=C(C=C1)C(C)(C2=CC=C(C=C2)OC([Fr])=O)C,[Rb]OC1=CC=C(C=C1)C(C)(C2=CC=C(C=C2)OC([Fr])=O)C,[Rb]OC1=CC=C(C=C1)C(C)(C2=CC=C(C=C2)OC([Fr])=O)C,PC,,100,,,,0,,,,,,,,,,,,,,,,,25.5
10.1007/s10973-017-6251-2,homopolymer,,,,[Rb]Oc1ccc(cc1)C(c1ccc(cc1)OC(=O)[Fr])(C)C,,,,100,,,,0,,,,,,,,,,,,,,,,,25.5
10.1002/pola.22636,copolymer,,PPETI1,O=C(OCCOC(CCP(C1=CC=CC=C1)([O-])=O)=O)C2=CC=C(C(OCCOC(CCP(C3=CC=CC=C3)([O-])=O)=O)=O)C=C2.[Na+].[Na+],O=C([Fr])C1=CC=C(C(=O)OCCO[Rb])C=C1,OCCOC(CCP(C1=CC=CC=C1)([O-])=O)=O.[Na+],PET,,99,,SHPPP,,1,,,,,,,,,,,,,,,,,25.6
10.1016/j.polymdegradstab.2010.07.001,copolymer,,P(BDT)77/23,O=P1(C2=C(C3=C(O1)C=CC=C3)C=CC=C2)C(C=C4OCCOC(C5=CC=C(C(OCCCCOC(C(C=C6)=CC=C6C([Fr])=O)=O)=O)C=C5)=O)=C(C=C4)OCCO[Rb],O=C(C1=CC=C(C(OCCCCO[Rb])=O)C=C1)[Fr],O=P1(C2=C(C3=C(O1)C=CC=C3)C=CC=C2)C(C=C4OCCOC(C5=CC=C(C([Fr])=O)C=C5)=O)=C(C=C4)OCCO[Rb],PBT,,77,,DMT/DOPO-HQ-GE,,23,,,,,,,,,,,,,,,,,25.7
10.1039/D0RA07822K,copolymer,,Polyamide66(PA66),[Rb]NCCCCCCNC(CCCCC(NCCCCCCNC(CCCCC(OCCOP(CCC([Fr])=O)(C1=CC=CC=C1)=O)=O)=O)=O)=O,[Rb]NCCCCCCNC(CCCCC([Fr])=O)=O,[Rb]NCCCCCCNC(CCCCC(OCCOP(CCC([Fr])=O)(C1=CC=CC=C1)=O)=O)=O,PA66salt,96,,,CPPOA,4,,,,,,,,,,,,,,,,,,25.7
10.1039/D0RA07822K,copolymer,,FRPA66-4,O=C([Fr])CCP(=O)(OCCOC(=O)CCCCC(=O)NCCCCCCNC(=O)CCCCC(=O)NCCCCCCN[Rb])C1=CC=CC=C1,O=C(CCCCC([Fr])=O)NCCCCCCN[Rb],O=C(NCCCCCCN[Rb])CCCCC(OCCOP(CCC([Fr])=O)(C1=CC=CC=C1)=O)=O,PA66,96,,,CPPOA,4,,,,,,,,,,,,,,,,,,25.7
1006 334X(2019)04 0001 04,copolymer,,PA6-DDP-B,O=C(CC(CP1(OC2=CC=CC=C2C3=CC=CC=C31)=O)C([Fr])=O)NCCCCCCNC(CCCCCN[Rb])=O,[Fr]C(CCCCCN[Rb])=O,O=C(CC(CP1(OC2=CC=CC=C2C3=CC=CC=C31)=O)C([Fr])=O)NCCCCCCN[Rb],PA6,100,,,DDP,1.6,,,,,,,,,,,,,,,,,,25.7
10.1016/j.polymer.2016.05.053,homopolymer,,,,COC(=O)CCC(c1ccc(c(c1[Rb])CN(c1ccccc1)C[Fr])O)(c1ccc2c(c1)CN(CO2)c1ccccc1)C,,,,100,,,,0,,,,,,,,,,,,,,,,,25.7
10.1002/app.48687,copolymer,,PA66-co-CEPPA,O=P(C1=CC=CC=C1)(CCC(NCCCCCCNC(CCCCC([Fr])=O)=O)=O)NCCCCCCNC(CCCCC([Rb])=O)=O,[Rb]NCCCCCCNC(CCCCC([Fr])=O)=O,O=P([Fr])(C1=CC=CC=C1)CCC([Rb])=O,PA66,98,,,CEPPA,2,,,,,,,,,,,,,,,,,,25.8
10.1016/S0141-3910(96)00068-7,copolymer,,Brominated PS (I),[Rb]CC(CC([Fr])C1=CC=C(Br)C=C1)C2=CC=CC=C2,[Rb]CC(C1=CC=CC=C1)[Fr],[Rb]CC([Fr])C1=CC=C(Br)C=C1,PS,77.5,,,Brominated PS,22.5,,,,,,,,,,,,,,,,,,25.8
10.1016/j.polymdegradstab.2010.09.008,copolymer,,AN-co-MA11,CC([Fr])(CC(C#N)C[Rb])C(=O)O,N#CC([Fr])C[Rb],CC(C(O)=O)([Fr])C[Rb],PAN,,89,,MA,,11,,,,,,,,,,,,,,,,,25.9
10.1002/app.43538,copolymer,,PA66-NENP3,O=C(NCCCCCCN[Rb])CCCCC(NCCCCCCNC(C1=CC=C(C=C1)N(C(CCP(N([H])C2=CC=C(C([Fr])=O)C=C2)(C3=CC=CC=C3)=O)=O)[H])=O)=O,O=C(CCCCC([Fr])=O)NCCCCCCN[Rb],[H]N(C(CCP(N(C1=CC=C(C=C1)C([Fr])=O)[H])(C2=CC=CC=C2)=O)=O)C(C=C3)=CC=C3C(NCCCCCCN[Rb])=O,PA66,97,,,NENP,3,,,,,,,,,,,,,,,,,,26
10.1002/app.47488,copolymer,,1%TRFR/PA66,[H]N(P1(OCC2(COP(N(C3=CC=C(C=C3)C([Fr])=O)[H])(OC2)=O)CO1)=O)C(C=C4)=CC=C4C(NCCCCCCNC(CCCCC(NCCCCCCN[Rb])=O)=O)=O,O=C(CCCCC([Fr])=O)NCCCCCCN[Rb],[H]N(P1(OCC2(COP(N(C3=CC=C(C=C3)C([Fr])=O)[H])(OC2)=O)CO1)=O)C(C=C4)=CC=C4C(NCCCCCCN[Rb])=O,PA66,99,,,TRFR,1,,,,,,,,,,,,,,,,,,26
10.1002/fam.2385,copolymer,,PA66-PDPPD1,O=C(NCCCCCCNC(CCCCC(NC1=CC=C(C=C1)NP(NC2=CC=C(C=C2)P(NC3=CC=C(C=C3)P(NC4=CC=C(C=C4)P(NC5=CC=C(C=C5)P(NC6=CC=C(C=C6)N[Rb])(C7=CC=CC=C7)=O)(C8=CC=CC=C8)=O)(C9=CC=CC=C9)=O)(C%10=CC=CC=C%10)=O)(C%11=CC=CC=C%11)=O)=O)=O)CCCCC([Fr])=O,O=C(CCCCC([Fr])=O)NCCCCCCN[Rb],O=C(NC1=CC=C(NP(NC2=CC=C(P(NC3=CC=C(P(NC4=CC=C(P(NC5=CC=C(P(NC6=CC=C(N[Rb])C=C6)(C7=CC=CC=C7)=O)C=C5)(C8=CC=CC=C8)=O)C=C4)(C9=CC=CC=C9)=O)C=C3)(C%10=CC=CC=C%10)=O)C=C2)(C%11=CC=CC=C%11)=O)C=C1)CCCCC([Fr])=O,PA66,98.5,,,PDPPD,1.5,,,,,,,,,,,,,,,,,,26
10.1007/BF03219026,copolymer,,FR-PBT-8,O=C([Fr])C1=CC=C(C=C1)C(OCCCCOC(C(CP2(OC3=C(C4=C2C=CC=C4)C=CC=C3)=O)CC(OCCCCO[Rb])=O)=O)=O,O=C(C1=CC=C(C(OCCCCO[Rb])=O)C=C1)[Fr],O=C(CC(CP1(OC2=C(C3=C1C=CC=C3)C=CC=C2)=O)C([Fr])=O)OCCCCO[Rb],PBT,,92,,DOP-MBDA,,8,,,,,,,,,,,,,,,,,26
10.1016/j.matchemphys.2012.02.046,copolymer,,So-coPS30,[Rb]CC(CC([Fr])c1ccccc1)C(OCCN(CP(OC)(OC)=O)CP(OC)(OC)=O)=O,[Rb]CC(c1ccccc1)[Fr],O=C(OCCN(CP(OC)(OC)=O)CP(OC)(OC)=O)C([Fr])C[Rb],PS,,90.2,,AC2NP2,,9.8,,,,,,,,,,,,,,,,,26
10.1016/j.polymdegradstab.2004.04.029,homopolymer,,PMMA-co-IV,CCOP(OCC)(COC(C([Fr])(CC(C(OC)=O)(C[Rb])C)C)=O)=O,CC(C(OC)=O)([Fr])C[Rb],CC(C(OC)=O)([Fr])C[Rb],PMMA,90.9,,,phosphorylated methyl methacrylate-IV,9.1,,,,,,,,,,,,,,,,,,26
10.1016/j.polymdegradstab.2004.04.029,copolymer,,PMMA-co-VI,CCOP(OCC)(C(OC(C([Fr])(CC(C(OC)=O)(C[Rb])C)C)=O)C1=C2C=CC=CC2=CC=C1)=O,CC(C(OC)=O)([Fr])C[Rb],CCOP(OCC)(C(C1=C(C=CC=C2)C2=CC=C1)OC(C(C)([Fr])C[Rb])=O)=O,PMMA,87.8,,,phosphorylated methyl methacrylate-VI,12.2,,,,,,,,,,,,,,,,,,26
10.1016/j.polymdegradstab.2017.09.022,copolymer,,PET-DMTMI20,O=C(C1=CC(C(OCCOC(C2=CC=C(C(OCCO[Rb])=O)C=C2)=O)=O)=CC(N(C3=O)C(CC3C4C(C5)C=CC5C4)=O)=C1)[Fr],O=C([Fr])C1=CC=C(C(=O)OCCO[Rb])C=C1,[Fr]C(C1=CC(C(OCCO[Rb])=O)=CC(N2C(C3C4C=CC(C3C2=O)C4)=O)=C1)=O,PET,,80,,DMTMI20,,20,,,,,,,,,,,,,,,,,26
10.1016/j.polymer.2015.01.030,copolymer,,PETP5,O=C(C1=CC=C(C=C1)C(OCCOC(C2=CC3=C(OC4=C(P3(C5=CC=CC=C5)(C6=CC=CC=C6)=O)C=C(C=C4)C(OCCO[Fr])=O)C=C2)=O)=O)OCCO[Rb],O=C(C1=CC=C(C=C1)C(O[Fr])=O)OCCO[Rb],O=C(OCCO[Rb])C1=CC2=C(C=C1)OC3=C(C=C(C(OCCO[Fr])=O)C=C3)P2(C4=CC=CC=C4)=O,PET,,95,,DCPPO-Ph,,5,,,,,,,,,,,,,,,,,26
10.1016/j.polymer.2015.01.030,copolymer,,PETI3-K,O=C(OCCO[Rb])C1=CC=C(C(OCCOC(C2=CC=C(C3)C(P(C4=C3C=CC(C(OCCO[Fr])=O)=C4)(O[K])=O)=C2)=O)=O)C=C1,O=C(OCCO[Rb])C1=CC=C(C(O[Fr])=O)C=C1,O=C(C1=CC=C(C2)C(P(C3=C2C=CC(C(OCCO[Fr])=O)=C3)(O[K])=O)=C1)O[Rb],PET,,97,,DHPPO-K,,3,,,,,,,,,,,,,,,,,26
10.1021/ie1006917,copolymer,,PTTP5,O=C([Fr])C1=CC=C(C(OCCCOC(C(CP2(OC3=C(C4=C2C=CC=C4)C=CC=C3)=O)CC(OCCCO[Rb])=O)=O)=O)C=C1,O=C([Fr])C1=CC=C(C(OCCCO[Rb])=O)C=C1,[Fr]OC(C(CP1(OC2=C(C3=C1C=CC=C3)C=CC=C2)=O)CC(OCCCO[Rb])=O)=O,PTT,95,,,DDP,5,,,,,,,,,,,,,,,,,,26
10.1039/C3PY01030A,copolymer,,PETI5,O=P1([O-])C2=CC(C([Fr])=O)=CC=C2CC3=CC=C(C(OCCOC(C4=CC=C(C(OCCO[Rb])=O)C=C4)=O)=O)C=C13.[Na+],O=C([Fr])C1=CC=C(C(=O)OCCO[Rb])C=C1,O=P1([O-])C2=CC(C([Fr])=O)=CC=C2CC3=CC=C(C(OCCO[Rb])=O)C=C13.[Na+],PET,,100,,DHPPO-Na,,4.76,,,,,,,,,,,,,,,,,26
10.3969/j.issn.1001-3539.2015.07.005,copolymer,,FR-PA66,O=C(CCCCC(NCCCCCCNC(C1=CC=C(NP(C2=CC=CC=C2)(CCC(NC3=CC=C(C(O[Fr])=O)C=C3)=O)=O)C=C1)=O)=O)ONCCCCCCN[Rb],O=C(CCCCC([Fr])=O)ONCCCCCCN[Rb],O=C(NCCCCCCN[Rb])C1=CC=C(NP(C2=CC=CC=C2)(CCC(NC3=CC=C(C(O[Fr])=O)C=C3)=O)=O)C=C1,PA66 salt,2,,,BNPPO salt,98,,,,,,,,,,,,,,,,,,26
10.3969/j.issn.1001-3539.2015.11.002,copolymer,,FR-PA66,O=P(C1=CC=CC=C1)(NC2=CC=C(NP(C3=CC=CC=C3)(NC4=CC=C(NP(C5=CC=CC=C5)(NC6=CC=C(NP(C7=CC=CC=C7)(NC8=CC=C(NP(C9=CC=CC=C9)(NC%10=CC=C(C=C%10)NC(CCCCC(NCCCCCCN[Rb])=O)=O)=O)C=C8)=O)C=C6)=O)C=C4)=O)C=C2)NC(C=C%11)=CC=C%11N[Fr],O=C([Fr])CCCCC(NCCCCCCN[Rb])=O,O=P(C1=CC=CC=C1)(NC2=CC=C(NP(C3=CC=CC=C3)(NC4=CC=C(NP(C5=CC=CC=C5)(NC6=CC=C(NP(C7=CC=CC=C7)(NC8=CC=C(NP(C9=CC=CC=C9)(NC%10=CC=C(C=C%10)N[Rb])=O)C=C8)=O)C=C6)=O)C=C4)=O)C=C2)NC(C=C%11)=CC=C%11N[Fr],PA66 salt,3,,,PDPPD salt,97,,,,,,,,,,,,,,,,,,26
10.1002/(SICI)1097-4628(19970110)63:2<195::AID-APP7>3.0.CO;2-Q,homopolymer,,,,[Fr]Oc1ccc(cc1)C(c1ccc(cc1)OC(=O)[Rb])(C)C,,,,100,,,,0,,,,,,,,,,,,,,,,,26
10.1016/S0141-3910(96)00126-7,homopolymer,,,,[Fr]OCCOc1ccc(cc1)S(=O)(=O)c1ccc(cc1)OCCOP(=O)(c1ccc(cc1)OC)[Rb],,,,100,,,,0,,,,,,,,,,,,,,,,,26
10.1039/C5PY01938A,homopolymer,,,,[Rb]OCCOc1ccc(cc1)Oc1ccc(cc1)OCCOC(=O)c1ccc(cc1)C(=O)[Fr],,,,100,,,,0,,,,,,,,,,,,,,,,,26
10.1016/j.cej.2023.144983,copolymer,,PA 6-co-DPA2b,[Fr]C(CCCCCNC(C1=CC(C(NCCCCCC([Rb])=O)=O)=CC(NP(C2=CC=CC=C2)(C3=CC=CC=C3)=O)=C1)=O)=O,[Rb]NCCCCCC([Fr])=O,[Rb]C(CCCCCNC(C1=CC(NP(C2=CC=CC=C2)(C3=CC=CC=C3)=O)=CC(C([Fr])=O)=C1)=O)=O,PA6,,100,,DPA,,2,,,,,,,,,,,,,,,,,26.1
10.1016/j.polymer.2016.05.053,homopolymer,,,,[Fr]CN(c1ccccc1)Cc1c(O)ccc(c1[Rb])C(c1ccc2c(c1)CN(CO2)c1ccccc1)(CCC(=O)O)C,,,,100,,,,0,,,,,,,,,,,,,,,,,26.1
10.1016/j.jhazmat.2020.122040,copolymer,,EKE5PET,O=C(C1=CC=C(C=C1)C(OCCO[Rb])=O)OCCOC2=CC=C(C=C2)OC3=CC=C(C=C3)C(C4=CC=C(C=C4)OC5=CC=C(C=C5)OCCOC([Fr])=O)=O,O=C([Fr])C1=CC=C(C(OCCO[Rb])=O)C=C1,O=C(C1=CC=C(OC2=CC=C(OCCOC(C(C=C3)=CC=C3C([Fr])=O)=O)C=C2)C=C1)C4=CC=C(OC5=CC=C(OCCO[Rb])C=C5)C=C4,PET,,100,,EKE,,5,,,,,,,,,,,,,,,,,26.2
10.1016/j.matchemphys.2005.09.013,copolymer,,PET/TLCP,O=C([Fr])C1=CC=C(OC(C2=CC=CC=C2C(OC3=CC=C(OC(C4=CC=C(C(OCCO[Rb])=O)C=C4)=O)C=C3P5(OC(C=CC=C6)=C6C7=C5C=CC=C7)=O)=O)=O)C=C1,[Fr]C(C1=CC=C(C(OCCO[Rb])=O)C=C1)=O,O=C([Fr])C1=CC=C(OC(C2=CC=CC=C2C(OC3=CC=C(O[Rb])C=C3P4(OC(C=CC=C5)=C5C6=C4C=CC=C6)=O)=O)=O)C=C1,PET,,98,,TLCP,,2,,,,,,,,,,,,,,,,,26.2
10.1016/j.reactfunctpolym.2020.104631,copolymer,,MMA/HPD-10,CCOP(COP(OCCOC(C(CC(C[Rb])(C(OC)=O)C)[Fr])=O)(C1=CC=CC=C1)=O)(OCC)=O,CC(C(OC)=O)([Fr])C[Rb],O=C(OCCOP(OCP(OCC)(OCC)=O)(C1=CC=CC=C1)=O)C([Fr])C[Rb],PMMA,,90,,HPD,,10,,,,,,,,,,,,,,,,,26.2
10.1016/j.reactfunctpolym.2020.104631,copolymer,,MMA-HPD10,O=C(C(CC(C(OC)=O)(C)C[Rb])[Fr])OCCOP(OCP(OCC)(OCC)=O)(C1=CC=CC=C1)=O,CC(C(OC)=O)([Fr])C[Rb],CCOP(COP(OCCOC(C([Fr])C[Rb])=O)(C1=CC=CC=C1)=O)(OCC)=O,PMMA,90,,,HPD,10,,,,,,,,,,,,,,,,,,26.2
10.1016/S0141-3910(96)00069-9,copolymer,,boronated-PS,[Rb]CC(CC(C1=CC=C(B(O)O)C=C1)[Fr])C2=CC=CC=C2,[Rb]CC(C1=CC=CC=C1)[Fr],[Rb]CC(C1=CC=C(B(O)O)C=C1)[Fr],PS,77.1,,,boronated-PS,22.9,,,,,,,,,,,,,,,,,,26.2
10.3390/ma13010127,copolymer,,PS-20,O=C(OCP1(=O)OC2=C(C=CC=C2)C2=CC=CC=C21)C([Fr])CC(C[Rb])C1=CC=CC=C1,[Rb]CC([Fr])C1=CC=CC=C1,O=C(OCP1(OC2=C(C3=CC=CC=C31)C=CC=C2)=O)C([Fr])C[Rb],PS,,80,,DOPOAA,,20,,,,,,,,,,,,,,,,,26.3
10.1007/s10924-022-02466-6,copolymer,,PA56-1.0DDP,O=C(CCCCC(=O)NCCCCCNC(=O)CC(CP1(=O)OC2=C(C=CC=C2)C2=C1C=CC=C2)C(=O)[Fr])NCCCCCN[Rb],O=C(CCCCC(NCCCCCN[Rb])=O)[Fr],O=C(NCCCCCN[Rb])CC(C([Fr])=O)CP1(OC2=C(C3=C1C=CC=C3)C=CC=C2)=O,PA56,,100,,,,1,,,,,,,,,,,,,,,,,26.4
10.1016/j.polymdegradstab.2010.09.008,copolymer,,AN-co-MA22,CC([Fr])(CC(C#N)C[Rb])C(=O)O,N#CC([Fr])C[Rb],CC(C(O)=O)([Fr])C[Rb],PAN,,78.4,,MA,,21.6,,,,,,,,,,,,,,,,,26.4
10.1002/pat.3261,copolymer,,polystyrene,[Rb]CC(CC([Fr])C(NCOP(C)(OCP1(OC2=C(C=CC=C2)C3=CC=CC=C31)=O)=O)=O)C4=CC=CC=C4,[Rb]CC([Fr])C1=CC=CC=C1,O=C(NCOP(C)(OCP1(OC2=C(C3=CC=CC=C31)C=CC=C2)=O)=O)C([Fr])C[Rb],PS,40,,,DMPMA,10,,,,,,,,,,,,,,,,,,26.5
10.1002/pat.3261,copolymer,,DPS-20,O=C(C(CC(C1=CC=CC=C1)C[Rb])[Fr])NCOP(C)(OCP2(OC3=C(C=CC=C3)C4=CC=CC=C42)=O)=O,[Rb]CC([Fr])C1=CC=CC=C1,CP(OCNC(C([Fr])C[Rb])=O)(OCP1(OC2=C(C=CC=C2)C3=CC=CC=C31)=O)=O,PS,40,,,DMPMA,10,,,,,,,,,,,,,,,,,,26.5
10.1007/s00289-016-1652-0,copolymer,,IIIA,O=C(OCCCCOC1=CC=C(C=C1)C2(CCCCC2)C3=CC=C(C=C3)OCCCCO[Rb])CCC([Fr])=O,OCCCCOC1=CC=C(C=C1)C2(CCCCC2)C3=CC=C(C=C3)OCCCCO,ClC(C1=CC=C(C=C1)C(Cl)=O)=O,BPPZ,,50,,ClA,,50,,,,,,,,,,,,,,,,,26.5
10.1016/j.polymdegradstab.2014.06.003,copolymer,,PCTD20,[Rb]OCCOc1cc(P2(Oc3c(c4ccccc42)cccc3)=O)c(OCCOC(c5ccc(C(OCC6CCC(COC(c7ccc(C([Fr])=O)cc7)=O)CC6)=O)cc5)=O)cc1,[Fr]C(c1ccc(C(OCC(CC2)CCC2CO[Rb])=O)cc1)=O,O=C([Fr])c1ccc(C(OCCOc2cc(P3(Oc4c(c5ccccc53)cccc4)=O)c(OCCO[Rb])cc2)=O)cc1,PCT,,80,,DOPO-HQ-HE,,20,,,,,,,,,,,,,,,,,26.5
10.1039/C6RA17108G,copolymer,,PA-3,[Rb]NCCCCCNC(CCCCC(NCCCCCNC(C(C([Fr])=O)CP1(OC2=CC=CC=C2C3=CC=CC=C31)=O)=O)=O)=O,[Rb]NCCCCCNC(CCCCC([Fr])=O)=O,O=C(C(C([Fr])=O)CP1(OC2=CC=CC=C2C3=CC=CC=C31)=O)NCCCCCN[Rb],PA,95,,,DDPDA,5,,,,,,,,,,,,,,,,,,26.5
10.1007/s00289-016-1652-0,homopolymer,,,,[Fr]OCCCOc1ccc(cc1)C1(CCCCC1)c1ccc(cc1)OCCCOC(=O)CCC(=O)[Rb],,,,100,,,,0,,,,,,,,,,,,,,,,,26.5
10.1016/S0141-3910(00)00141-5,homopolymer,,,,CCOP(OCC)(C(C1=C(C=CC=C2)C2=CC=C1)OC(C(C)([Fr])C[Rb])=O)=O,,,,100,,,,0,,,,,,,,,,,,,,,,,26.6
10.1016/j.eurpolymj.2022.111174,copolymer,,MH-PPOA5-co-PET,O=C(C1=CC=C(C=C1)C(OP(O[Mg]OP([Fr])(C2=CC=CC=C2)=O)(C3=CC=CC=C3)=O)=O)OCCO[Rb],O=C([Fr])C1=CC=C(C(OCCO[Rb])=O)C=C1,O=P(O[Mg]OP([Fr])(C1=CC=CC=C1)=O)(C2=CC=CC=C2)O[Rb],PET,100,,,MH-PPOA,5,,,,,,,,,,,,,,,,,,26.7
10.1002/pola.22636,copolymer,,PPETI3,O=C(OCCOC(CCP(C1=CC=CC=C1)([O-])=O)=O)C2=CC=C(C(OCCOC(CCP(C3=CC=CC=C3)([O-])=O)=O)=O)C=C2.[Na+].[Na+],O=C([Fr])C1=CC=C(C(=O)OCCO[Rb])C=C1,OCCOC(CCP(C1=CC=CC=C1)([O-])=O)=O.[Na+],PET,,97,,SHPPP,,3,,,,,,,,,,,,,,,,,26.8
10.1016/j.cej.2023.144983,copolymer,,PA 6-co-DPA3b,[Fr]C(CCCCCNC(C1=CC(C(NCCCCCC([Rb])=O)=O)=CC(NP(C2=CC=CC=C2)(C3=CC=CC=C3)=O)=C1)=O)=O,[Rb]NCCCCCC([Fr])=O,[Rb]C(CCCCCNC(C1=CC(NP(C2=CC=CC=C2)(C3=CC=CC=C3)=O)=CC(C([Fr])=O)=C1)=O)=O,PA6,,100,,DPA,,3,,,,,,,,,,,,,,,,,26.8
10.1002/pi.1946,copolymer,,PAN-co-DEpVBnP4,CCOP(CC1=CC=C(C(CC(C#N)[Fr])C[Rb])C=C1)(OCC)=O,N#CC([Fr])C[Rb],O=P(OCC)(OCC)CC(C=C1)=CC=C1C([Fr])C[Rb],PAN,,93.9,,DEpVBnP,,6.1,,,,,,,,,,,,,,,,,26.9
10.1016/j.polymdegradstab.2022.110212,copolymer,,PA56-4,[Rb]NCCCCCNC(CCCCC(NCCCCCNC(C(CP1(OC2=CC=CC=C2C3=CC=CC=C31)=O)CC([Fr])=O)=O)=O)=O,[Rb]NCCCCCNC(CCCCC([Fr])=O)=O,O=C(C(CP1(OC2=CC=CC=C2C3=CC=CC=C31)=O)CC([Fr])=O)NCCCCCN[Rb],PA,96,,,DOPDA,4,,,,,,,,,,,,,,,,,,26.9
10.1016/S0141-3910(96)00068-7,copolymer,,Brominated PS (E),[Rb]CC(CC([Fr])C1=CC=C(Br)C=C1)C2=CC=CC=C2,[Rb]CC(C1=CC=CC=C1)[Fr],[Rb]CC([Fr])C1=CC=C(Br)C=C1,PS,42.5,,,Brominated PS,57.5,,,,,,,,,,,,,,,,,,26.9
10.1021/ie1006917,copolymer,,PTTP8,O=C([Fr])C1=CC=C(C(OCCCOC(C(CP2(OC3=C(C4=C2C=CC=C4)C=CC=C3)=O)CC(OCCCO[Rb])=O)=O)=O)C=C1,O=C([Fr])C1=CC=C(C(OCCCO[Rb])=O)C=C1,[Fr]OC(C(CP1(OC2=C(C3=C1C=CC=C3)C=CC=C2)=O)CC(OCCCO[Rb])=O)=O,PTT,92,,,DDP,8,,,,,,,,,,,,,,,,,,26.9
10.1002/app.48687,copolymer,,PA66-co-CEPPA,O=P(C1=CC=CC=C1)(CCC(NCCCCCCNC(CCCCC([Fr])=O)=O)=O)NCCCCCCNC(CCCCC([Rb])=O)=O,[Rb]NCCCCCCNC(CCCCC([Fr])=O)=O,O=P([Fr])(C1=CC=CC=C1)CCC([Rb])=O,PA66,96,,,CEPPA,4,,,,,,,,,,,,,,,,,,27
10.1002/pola.22636,copolymer,,PPETI5,O=C(OCCOC(CCP(C1=CC=CC=C1)([O-])=O)=O)C2=CC=C(C(OCCOC(CCP(C3=CC=CC=C3)([O-])=O)=O)=O)C=C2.[Na+].[Na+],O=C([Fr])C1=CC=C(C(=O)OCCO[Rb])C=C1,OCCOC(CCP(C1=CC=CC=C1)([O-])=O)=O.[Na+],PET,,95,,SHPPP,,5,,,,,,,,,,,,,,,,,27
10.1007/BF03219026,copolymer,,FR-PBT-10,O=C([Fr])C1=CC=C(C=C1)C(OCCCCOC(C(CP2(OC3=C(C4=C2C=CC=C4)C=CC=C3)=O)CC(OCCCCO[Rb])=O)=O)=O,O=C(C1=CC=C(C(OCCCCO[Rb])=O)C=C1)[Fr],O=C(CC(CP1(OC2=C(C3=C1C=CC=C3)C=CC=C2)=O)C([Fr])=O)OCCCCO[Rb],PBT,,90,,DOP-MBDA,,10,,,,,,,,,,,,,,,,,27
10.1016/j.polymer.2024.126780,copolymer,,PA6-co-HPI20,[Fr]C(CCCCCNC(C1=CC=C(C(O)=C1)N2C(C3=CC=C(C=C3C2=O)C(NCCCCCC([Rb])=O)=O)=O)=O)=O,[Fr]C(CCCCCN[Rb])=O,[Fr]C(CCCCCNC(C1=CC=C(C(O)=C1)N2C(C3=CC=C(C=C3C2=O)C([Rb])=O)=O)=O)=O,PA6,,100,,HPI,,20.9,,,,,,,,,,,,,,,,,27
10.1016/j.polymer.2024.126780,copolymer,,PA 6-co-HPI20,,[Fr]C(CCCCCN[Rb])=O,[Fr]C(C1=CC2=C(C(N(C3=CC=C(C(NCCCCCCN[Rb])=O)C=C3O)C2=O)=O)C=C1)=O,,,100,,,,20,,,,,,,,,,,,,,,,,27
10.1016/j.polymer.2024.126780,copolymer,,PA 6-co-IMP1,,[Fr]C(CCCCCN[Rb])=O,[Fr]NC1=CC=C(N=CC2=CC=C(OP(OC3=CC=C(C=NC4=CC=C(NC(CCCCC([Rb])=O)=O)C=C4)C=C3)(C5=CC=CC=C5)=O)C=C2)C=C1,,,100,,,,1,,,,,,,,,,,,,,,,,27
10.1177/0954008315580822,homopolymer,,,,[Fr]CN(c1ccccc1C)Cc1c(O)ccc(c1[Rb])/C=N/CC/N=C/c1ccc2c(c1)CN(CO2)c1ccccc1C,,,,100,,,,0,,,,,,,,,,,,,,,,,27
10.1002/pol.1981.170191101,homopolymer,,,,[Fr]OC1=CC=C(C=C1)C(N2)(C3=CC=C(C=C3)OC([Rb])=O)C4=CC=CC=C4C2=O,,,,100,,,,0,,,,,,,,,,,,,,,,,27
10.1177/0954008317752073,homopolymer,,,,[Fr]Oc1ccc(cc1)/C=N/c1ccc(cc1)OP(=O)(c1ccccc1)[Rb],,,,100,,,,0,,,,,,,,,,,,,,,,,27
10.1002/pola.1993.080311303,homopolymer,,,,CCCCCCCCCCCCCCCc1cccc(c1)OP(=O)(Oc1c(Br)cc(cc1Br)C(c1cc(Br)c(c(c1)Br)O[Fr])(C)C)[Rb],,,,100,,,,0,,,,,,,,,,,,,,,,,27
10.1007/s12034-009-0054-4,copolymer,,FR-PA66,[Fr]C(C1=CC=C(C=C1)P(C(C=C2)=CC=C2C(NCCCCCCNC(CCCCC(NCCCCCCN[Rb])=O)=O)=O)(C3=CC=CC=C3)=O)=O,[Fr]C(C1=CC=C(C=C1)P(C(C=C2)=CC=C2C([Rb])=O)(C3=CC=CC=C3)=O)=O,O=C(NCCCCCCN[Fr])CCCCC(NCCCCCCN[Rb])=O,BCPPO,7,,,AH salt,93,,,,,,,,,,,,,,,,,,27.2
10.1016/j.matchemphys.2005.09.013,copolymer,,PET/TLCP,O=C([Fr])C1=CC=C(OC(C2=CC=CC=C2C(OC3=CC=C(OC(C4=CC=C(C(OCCO[Rb])=O)C=C4)=O)C=C3P5(OC(C=CC=C6)=C6C7=C5C=CC=C7)=O)=O)=O)C=C1,[Fr]C(C1=CC=C(C(OCCO[Rb])=O)C=C1)=O,O=C([Fr])C1=CC=C(OC(C2=CC=CC=C2C(OC3=CC=C(O[Rb])C=C3P4(OC(C=CC=C5)=C5C6=C4C=CC=C6)=O)=O)=O)C=C1,PET,,95,,TLCP,,5,,,,,,,,,,,,,,,,,27.2
10.1039/D0RA07822K,copolymer,,Polyamide66(PA66),[Rb]NCCCCCCNC(CCCCC(NCCCCCCNC(CCCCC(OCCOP(CCC([Fr])=O)(C1=CC=CC=C1)=O)=O)=O)=O)=O,[Rb]NCCCCCCNC(CCCCC([Fr])=O)=O,[Rb]NCCCCCCNC(CCCCC(OCCOP(CCC([Fr])=O)(C1=CC=CC=C1)=O)=O)=O,PA66salt,94,,,CPPOA,6,,,,,,,,,,,,,,,,,,27.2
10.1039/D0RA07822K,copolymer,,FRPA66-6,O=C([Fr])CCP(=O)(OCCOC(=O)CCCCC(=O)NCCCCCCNC(=O)CCCCC(=O)NCCCCCCN[Rb])C1=CC=CC=C1,O=C(CCCCC([Fr])=O)NCCCCCCN[Rb],O=C(NCCCCCCN[Rb])CCCCC(OCCOP(CCC([Fr])=O)(C1=CC=CC=C1)=O)=O,PA66,94,,,CPPOA,6,,,,,,,,,,,,,,,,,,27.2
10.1002/pola.22636,copolymer,,PPETI10,O=C(OCCOC(CCP(C1=CC=CC=C1)([O-])=O)=O)C2=CC=C(C(OCCOC(CCP(C3=CC=CC=C3)([O-])=O)=O)=O)C=C2.[Na+].[Na+],O=C([Fr])C1=CC=C(C(=O)OCCO[Rb])C=C1,OCCOC(CCP(C1=CC=CC=C1)([O-])=O)=O.[Na+],PET,,90,,SHPPP,,10,,,,,,,,,,,,,,,,,27.3
10.1007/s10904-022-02495-7,copolymer,,PNP15,O=C(OCCOP(=O)(OC1=CC=CC=C1)N1CCN(C2=CC=CC=C2)CC1)C(C[Rb])CC(C[Fr])C1=CC=CC=C1,[Rb]CC([Fr])C1=CC=CC=C1,CC(C(OCCOP(OC1=CC=CC=C1)(N2CCN(CC2)C3=CC=CC=C3)=O)=O)([Fr])C[Rb],PS,,85,,PPPEM,,15,,,,,,,,,,,,,,,,,27.3
10.1016/S0141-3910(96)00069-9,copolymer,,boronated-PS,[Rb]CC(CC(C1=CC=C(B(O)O)C=C1)[Fr])C2=CC=CC=C2,[Rb]CC(C1=CC=CC=C1)[Fr],[Rb]CC(C1=CC=C(B(O)O)C=C1)[Fr],PS,75.9,,,boronated-PS,24.1,,,,,,,,,,,,,,,,,,27.3
10.1039/D3TA01200J,homopolymer,,,,[Rb]C1=CC=C(C(C)(C2=CC=C(OC(O[Fr])=O)C=C2)C)C=C1,,,,100,,,,0,,,,,,,,,,,,,,,,,27.3
10.1039/C5PY01938A,homopolymer,,,,[Rb]OCCOc1ccc(cc1)C(=O)c1ccc(cc1)OCCOC(=O)c1ccc(cc1)C(=O)[Fr],,,,100,,,,0,,,,,,,,,,,,,,,,,27.3
10.1002/pol.20230521,copolymer,,DOPO-ITA1.5,[Rb]CCCCCCNC(C(CP1(OC2=CC=CC=C2C3=CC=CC=C31)=O)CC(NCCCCCC([Fr])=O)=O)=O,[Rb]NCCCCCC([Fr])=O,[Rb]CCCCCCNC(C(CP1(OC2=CC=CC=C2C3=CC=CC=C31)=O)CC([Fr])=O)=O,PA6,1.5,,,DOPO-ITA,98.5,,,,,,,,,,,,,,,,,,27.4
10.1016/S0141-3910（00）00066-5,copolymer,,MMA-PCVP,COC(=O)C(C)C([Fr])CCC([Rb])P1(=O)OC2=C(C=CC=C2)O1,CC(C(OC)=O)([Fr])C[Rb],O=P1(OC2=C(O1)C=CC=C2)C([Fr])C[Rb],PMMA,,80,,PCVP,,20,,,,,,,,,,,,,,,,,27.4
10.1007/s10965-021-02676-x,homopolymer,,,,[Rb]N1C(=O)C2C(C1=O)CC1C(C2)C(=O)N(C1=O)c1ccc(cc1)Oc1ccc(cc1)[Fr],,,,100,,,,0,,,,,,,,,,,,,,,,,27.4
10.1002/pat.5153,homopolymer,,,,O=C1N(C2=CC=C(OC3=CC=C([Fr])C=C3)C=C2)C(C4C1CC(C(N([Rb])C5=O)=O)C5C4)=O,,,,100,,,,0,,,,,,,,,,,,,,,,,27.4
10.1002/pat.3261,copolymer,,polystyrene,[Rb]CC(CC([Fr])C(NCOP(C)(OCP1(OC2=C(C=CC=C2)C3=CC=CC=C31)=O)=O)=O)C4=CC=CC=C4,[Rb]CC([Fr])C1=CC=CC=C1,O=C(NCOP(C)(OCP1(OC2=C(C3=CC=CC=C31)C=CC=C2)=O)=O)C([Fr])C[Rb],PS,35,,,DMPMA,15,,,,,,,,,,,,,,,,,,27.5
10.1002/pat.3261,copolymer,,DPS-30,O=C(C(CC(C1=CC=CC=C1)C[Rb])[Fr])NCOP(C)(OCP2(OC3=C(C=CC=C3)C4=CC=CC=C42)=O)=O,[Rb]CC([Fr])C1=CC=CC=C1,CP(OCNC(C([Fr])C[Rb])=O)(OCP1(OC2=C(C=CC=C2)C3=CC=CC=C31)=O)=O,PS,35,,,DMPMA,15,,,,,,,,,,,,,,,,,,27.5
10.1016/j.cej.2021.132121,copolymer,,PETM2-K,O=C(C1=CC=C(C(OCCO[Rb])=O)C=C1)OCCOC(C2=CC=C3N=C(C4=CC(C5=NC6=C(C=C(C=C6)C([Fr])=O)N5)=CC(S(=O)([O-])=O)=C4)NC3=C2)=O.[K+],O=C([Fr])C1=CC=C(C(=O)OCCO[Rb])C=C1,O=C(OCCO[Rb])C1=CC=C2N=C(C3=CC(C4=NC5=C(C=C(C=C5)C([Fr])=O)N4)=CC(S(=O)([O-])=O)=C3)NC2=C1.[K+],PET,,100,,MS-K,,2,,,,,,,,,,,,,,,,,27.5
10.1016/j.eurpolymj.2022.111174,copolymer,,MH-PPOA7-co-PET,O=C(C1=CC=C(C=C1)C(OP(O[Mg]OP([Fr])(C2=CC=CC=C2)=O)(C3=CC=CC=C3)=O)=O)OCCO[Rb],O=C([Fr])C1=CC=C(C(OCCO[Rb])=O)C=C1,O=P(O[Mg]OP([Fr])(C1=CC=CC=C1)=O)(C2=CC=CC=C2)O[Rb],PET,100,,,MH-PPOA,7,,,,,,,,,,,,,,,,,,27.5
10.1016/j.polymdegradstab.2004.04.029,copolymer,,PMMA-co-V,CC(C[Rb])(CC(C)([Fr])C(OC(C1=CC=C(C=C1)Br)P(OCC)(OCC)=O)=O)C(OC)=O,CC(C(OC)=O)([Fr])C[Rb],CCOP(OCC)(C(C1=CC=C(Br)C=C1)OC(C(C)([Fr])C[Rb])=O)=O,PMMA,87,,,phosphorylated methyl methacrylate-V,13,,,,,,,,,,,,,,,,,,27.5
10.1016/j.polymdegradstab.2017.09.022,copolymer,,PET-DMTMI10,O=C(C1=CC(C(OCCOC(C2=CC=C(C(OCCO[Rb])=O)C=C2)=O)=O)=CC(N(C3=O)C(CC3C4C(C5)C=CC5C4)=O)=C1)[Fr],O=C([Fr])C1=CC=C(C(=O)OCCO[Rb])C=C1,[Fr]C(C1=CC(C(OCCO[Rb])=O)=CC(N2C(C3C4C=CC(C3C2=O)C4)=O)=C1)=O,PET,,90,,DMTMI10,,10,,,,,,,,,,,,,,,,,27.5
10.1016/j.reactfunctpolym.2020.104631,copolymer,,MMA/HPD-15,CCOP(COP(OCCOC(C(CC(C[Rb])(C(OC)=O)C)[Fr])=O)(C1=CC=CC=C1)=O)(OCC)=O,CC(C(OC)=O)([Fr])C[Rb],O=C(OCCOP(OCP(OCC)(OCC)=O)(C1=CC=CC=C1)=O)C([Fr])C[Rb],PMMA,,85,,HPD,,15,,,,,,,,,,,,,,,,,27.5
10.1016/j.reactfunctpolym.2020.104631,copolymer,,MMA-HPD15,O=C(C(CC(C(OC)=O)(C)C[Rb])[Fr])OCCOP(OCP(OCC)(OCC)=O)(C1=CC=CC=C1)=O,CC(C(OC)=O)([Fr])C[Rb],CCOP(COP(OCCOC(C([Fr])C[Rb])=O)(C1=CC=CC=C1)=O)(OCC)=O,PMMA,87,,,HPD,13,,,,,,,,,,,,,,,,,,27.5
10.1002/marc.202200644,copolymer,,FRPA-5,[Rb]NCCCCCCCCCCCCNC(CCCCCCCCC(NCCCCCCCCCCCCNC(CCP([Fr])(C1=CC=CC=C1)=O)=O)=O)=O,[Rb]NCCCCCCCCCCCCNC(CCCCCCCCC([Fr])=O)=O,[Rb]NCCCCCCCCCCCCNC(CCP([Fr])(C1=CC=CC=C1)=O)=O,PA1210,,95,,CDS,,5,,,,,,,,,,,,,,,,,27.7
10.1002/pat.4206,copolymer,,FRPA66-3,O=C(CC(CP1(OC2=CC=CC=C2C3=CC=CC=C31)=O)C(NCCCCCCNC(CCCCC([Fr])=O)=O)=O)NCCCCCCN[Rb],[Rb]NCCCCCCNC(CCCCC([Fr])=O)=O,O=C(CC(CP1(OC2=CC=CC=C2C3=CC=CC=C31)=O)C([Fr])=O)NCCCCCCN[Rb],PA66,97,,,DDP-HMDA,3,,,,,,,,,,,,,,,,,,27.8
10.1016/j.polymdegradstab.2019.03.004,copolymer,,PA6-co-DPO,[H]N(C(CC(C([Fr])=O)CP(C1=CC=CC=C1)(C2=CC=CC=C2)=O)=O)CCCCCCCCCCNC(CCCCCN[Rb])=O,[Fr]C(CCCCCN[Rb])=O,[H]N(C(CC(C([Fr])=O)CP(C1=CC=CC=C1)(C2=CC=CC=C2)=O)=O)CCCCCCCCCCN[Rb],PA6,97,,,DPDPO-DMDAsalt,3,,,,,,,,,,,,,,,,,,27.8
10.1002/app.43538,copolymer,,PA66-NENP5,O=C(NCCCCCCN[Rb])CCCCC(NCCCCCCNC(C1=CC=C(C=C1)N(C(CCP(N([H])C2=CC=C(C([Fr])=O)C=C2)(C3=CC=CC=C3)=O)=O)[H])=O)=O,O=C(CCCCC([Fr])=O)NCCCCCCN[Rb],[H]N(C(CCP(N(C1=CC=C(C=C1)C([Fr])=O)[H])(C2=CC=CC=C2)=O)=O)C(C=C3)=CC=C3C(NCCCCCCN[Rb])=O,PA66,95,,,NENP,5,,,,,,,,,,,,,,,,,,28
10.1002/app.48687,copolymer,,PA66-co-CEPPA,O=P(C1=CC=CC=C1)(CCC(NCCCCCCNC(CCCCC([Fr])=O)=O)=O)NCCCCCCNC(CCCCC([Rb])=O)=O,[Rb]NCCCCCCNC(CCCCC([Fr])=O)=O,O=P([Fr])(C1=CC=CC=C1)CCC([Rb])=O,PA66,94,,,CEPPA,6,,,,,,,,,,,,,,,,,,28
10.1002/fam.2385,copolymer,,PA66-PDPPD2,O=C(NCCCCCCNC(CCCCC(NC1=CC=C(C=C1)NP(NC2=CC=C(C=C2)P(NC3=CC=C(C=C3)P(NC4=CC=C(C=C4)P(NC5=CC=C(C=C5)P(NC6=CC=C(C=C6)N[Rb])(C7=CC=CC=C7)=O)(C8=CC=CC=C8)=O)(C9=CC=CC=C9)=O)(C%10=CC=CC=C%10)=O)(C%11=CC=CC=C%11)=O)=O)=O)CCCCC([Fr])=O,O=C(CCCCC([Fr])=O)NCCCCCCN[Rb],O=C(NC1=CC=C(NP(NC2=CC=C(P(NC3=CC=C(P(NC4=CC=C(P(NC5=CC=C(P(NC6=CC=C(N[Rb])C=C6)(C7=CC=CC=C7)=O)C=C5)(C8=CC=CC=C8)=O)C=C4)(C9=CC=CC=C9)=O)C=C3)(C%10=CC=CC=C%10)=O)C=C2)(C%11=CC=CC=C%11)=O)C=C1)CCCCC([Fr])=O,PA66,97,,,PDPPD,3,,,,,,,,,,,,,,,,,,28
10.1007/s10965-006-0082-3,copolymer,,PC-co-ODOPB1,O=P1(C2=C(C3=C(O1)C=CC=C3)C=CC=C2)C(C=C4OC(OC(C=C5)=CC=C5C(C)(C6=CC=C(O[Rb])C=C6)C)=O)=C(C=C4)OC([Fr])=O,CC(C1=CC=C(OC([Fr])=O)C=C1)(C2=CC=C(O[Rb])C=C2)C,O=P1(C2=C(C3=C(O1)C=CC=C3)C=CC=C2)C(C=C4O[Rb])=C(C=C4)OC([Fr])=O,PC,97.7,,,ODOPB,2.3,,,,,,,,,,,,,,,,,,28
10.1016/j.jhazmat.2020.122040,copolymer,,EKE10PET,O=C(C1=CC=C(C=C1)C(OCCO[Rb])=O)OCCOC2=CC=C(C=C2)OC3=CC=C(C=C3)C(C4=CC=C(C=C4)OC5=CC=C(C=C5)OCCOC([Fr])=O)=O,O=C([Fr])C1=CC=C(C(OCCO[Rb])=O)C=C1,O=C(C1=CC=C(OC2=CC=C(OCCOC(C(C=C3)=CC=C3C([Fr])=O)=O)C=C2)C=C1)C4=CC=C(OC5=CC=C(OCCO[Rb])C=C5)C=C4,PET,,100,,EKE,,10,,,,,,,,,,,,,,,,,28
10.1016/j.polymdegradstab.2023.110388,copolymer,,PC/NSD2,CC(C1=CC=C(OC(OC(C(SOOO[Na])=C2)=CC3=C2C=C(SOOO[Na])C(OC([Fr])=O)=C3)=O)C=C1)(C)C4=CC=C(O[Rb])C=C4,CC(C1=CC=C(OC([Fr])=O)C=C1)(C)C2=CC=C(O[Rb])C=C2,[Na]OOOSC1=CC2=C(C=C1O[Rb])C=C(OC([Fr])=O)C(SOOO[Na])=C2,PC,100,,,NSD,2,,,,,,,,,,,,,,,,,,28
10.1021/ie1006917,copolymer,,PTTP10,O=C([Fr])C1=CC=C(C(OCCCOC(C(CP2(OC3=C(C4=C2C=CC=C4)C=CC=C3)=O)CC(OCCCO[Rb])=O)=O)=O)C=C1,O=C([Fr])C1=CC=C(C(OCCCO[Rb])=O)C=C1,[Fr]OC(C(CP1(OC2=C(C3=C1C=CC=C3)C=CC=C2)=O)CC(OCCCO[Rb])=O)=O,PTT,90,,,DDP,10,,,,,,,,,,,,,,,,,,28
10.1039/C6RA17108G,copolymer,,PA-4,[Rb]NCCCCCNC(CCCCC(NCCCCCNC(C(C([Fr])=O)CP1(OC2=CC=CC=C2C3=CC=CC=C31)=O)=O)=O)=O,[Rb]NCCCCCNC(CCCCC([Fr])=O)=O,O=C(C(C([Fr])=O)CP1(OC2=CC=CC=C2C3=CC=CC=C31)=O)NCCCCCN[Rb],PA,92.5,,,DDPDA,7.5,,,,,,,,,,,,,,,,,,28
10.3969/j.issn.1001-3539.2015.07.005,copolymer,,FR-PA66,O=C(CCCCC(NCCCCCCNC(C1=CC=C(NP(C2=CC=CC=C2)(CCC(NC3=CC=C(C(O[Fr])=O)C=C3)=O)=O)C=C1)=O)=O)ONCCCCCCN[Rb],O=C(CCCCC([Fr])=O)ONCCCCCCN[Rb],O=C(NCCCCCCN[Rb])C1=CC=C(NP(C2=CC=CC=C2)(CCC(NC3=CC=C(C(O[Fr])=O)C=C3)=O)=O)C=C1,PA66 salt,3,,,BNPPO salt,97,,,,,,,,,,,,,,,,,,28
10.3969/j.issn.1001-3539.2015.11.002,copolymer,,FR-PA66,O=P(C1=CC=CC=C1)(NC2=CC=C(NP(C3=CC=CC=C3)(NC4=CC=C(NP(C5=CC=CC=C5)(NC6=CC=C(NP(C7=CC=CC=C7)(NC8=CC=C(NP(C9=CC=CC=C9)(NC%10=CC=C(C=C%10)NC(CCCCC(NCCCCCCN[Rb])=O)=O)=O)C=C8)=O)C=C6)=O)C=C4)=O)C=C2)NC(C=C%11)=CC=C%11N[Fr],O=C([Fr])CCCCC(NCCCCCCN[Rb])=O,O=P(C1=CC=CC=C1)(NC2=CC=C(NP(C3=CC=CC=C3)(NC4=CC=C(NP(C5=CC=CC=C5)(NC6=CC=C(NP(C7=CC=CC=C7)(NC8=CC=C(NP(C9=CC=CC=C9)(NC%10=CC=C(C=C%10)N[Rb])=O)C=C8)=O)C=C6)=O)C=C4)=O)C=C2)NC(C=C%11)=CC=C%11N[Fr],PA66 salt,4.5,,,PDPPD salt,95.5,,,,,,,,,,,,,,,,,,28
10.1016/S0141-3910(96)00126-7,homopolymer,,,,[Fr]Oc1c(C)cc(cc1C)S(=O)(=O)c1cc(C)c(c(c1)C)OP(=O)(Oc1ccc(cc1)N(=O)=O)[Rb],,,,100,,,,0,,,,,,,,,,,,,,,,,28
10.1007/s11224-014-0474-7,homopolymer,,,,[Fr]Oc1ccc(cc1)C(c1ccc(cc1)OP(=O)(Oc1ccccc1)[Rb])(C)C,,,,100,,,,0,,,,,,,,,,,,,,,,,28
10.1016/S0141-3910(96)00126-7,homopolymer,,,,[Fr]OCCOc1ccc(cc1)S(=O)(=O)c1ccc(cc1)OCCOP(=O)(c1ccc(cc1)C)[Rb],,,,100,,,,0,,,,,,,,,,,,,,,,,28
10.1016/S0141-3910(96)00126-7,homopolymer,,,,[Fr]OCCOc1ccc(cc1)S(=O)(=O)c1ccc(cc1)OCCOP(=O)(c1ccccc1)[Rb],,,,100,,,,0,,,,,,,,,,,,,,,,,28
10.1002/(SICI)1099-0518(19990815)37:16<3285::AID-POLA26>3.0.CO;2-L,homopolymer,,,,COc1cc(ccc1OP(=O)(Nc1ccc(cc1)C)[Rb])/C=C/1\CC/C(=C/c2ccc(c(c2)OC)O[Fr])/CC(=O)C1,,,,100,,,,0,,,,,,,,,,,,,,,,,28
10.1002/(SICI)1099-0518(19990815)37:16<3285::AID-POLA26>3.0.CO;2-L,homopolymer,,,,COc1cc(ccc1OP(=O)(Nc1ccc(cc1)C)[Rb])/C=C/1\CC/C(=C\c2ccc(c(c2)O[Fr])O)/C1=O,,,,100,,,,0,,,,,,,,,,,,,,,,,28
10.1002/(SICI)1099-0518(19990815)37:16<3285::AID-POLA26>3.0.CO;2-L,homopolymer,,,,COc1ccc(cc1)NP(=O)(Oc1ccc(cc1OC)/C=C/1\CC(=O)C\C1=C/c1ccc(c(c1)OC)O[Fr])[Rb],,,,100,,,,0,,,,,,,,,,,,,,,,,28
10.3390/molecules17089090,homopolymer,,,,O=P(OCCO[Fr])([Rb])C1=CC=CC=C1,,,,100,,,,0,,,,,,,,,,,,,,,,,28
10.1016/S0141-3910（00）00066-5,copolymer,,ST-PCVP,O=P1(OC2=C(O1)C=CC=C2)C(CC(C3=CC=CC=C3)C[Rb])[Fr],[Rb]CC([Fr])C1=CC=CC=C1,O=P1(OC2=C(O1)C=CC=C2)C([Fr])C[Rb],PS,,70,,PCVP,,30,,,,,,,,,,,,,,,,,28.1
10.1007/s00289-016-1652-0,homopolymer,,,,[Fr]Oc1ccc(cc1)C1(CCCCC1)c1ccc(cc1)OC(=O)CCCCCCC(=O)[Rb],,,,100,,,,0,,,,,,,,,,,,,,,,,28.3
10.1016/j.polymdegradstab.2010.07.001,copolymer,,P(BDT)55/45,O=P1(C2=C(C3=C(O1)C=CC=C3)C=CC=C2)C(C=C4OCCOC(C5=CC=C(C(OCCCCOC(C(C=C6)=CC=C6C([Fr])=O)=O)=O)C=C5)=O)=C(C=C4)OCCO[Rb],O=C(C1=CC=C(C(OCCCCO[Rb])=O)C=C1)[Fr],O=P1(C2=C(C3=C(O1)C=CC=C3)C=CC=C2)C(C=C4OCCOC(C5=CC=C(C([Fr])=O)C=C5)=O)=C(C=C4)OCCO[Rb],PBT,,55,,DMT/DOPO-HQ-GE,,45,,,,,,,,,,,,,,,,,28.4
10.1016/j.polymdegradstab.2022.110212,copolymer,,PA56-6,[Rb]NCCCCCNC(CCCCC(NCCCCCNC(C(CP1(OC2=CC=CC=C2C3=CC=CC=C31)=O)CC([Fr])=O)=O)=O)=O,[Rb]NCCCCCNC(CCCCC([Fr])=O)=O,O=C(C(CP1(OC2=CC=CC=C2C3=CC=CC=C31)=O)CC([Fr])=O)NCCCCCN[Rb],PA,94,,,DOPDA,6,,,,,,,,,,,,,,,,,,28.4
10.1039/c7ra13228j,copolymer,,PA6-co-DDP3,[Fr]C(CCCCCNC(C(CP1(OC2=CC=CC=C2C3=CC=CC=C31)=O)CC(NCCCCCCCCCCN[Rb])=O)=O)=O,[Fr]C(CCCCCN[Rb])=O,O=C(NCCCCCCCCCCN[Rb])CC(C([Fr])=O)CP1(OC2=CC=CC=C2C3=CC=CC=C31)=O,PA6,97,,,DDPsalt,3,,,,,,,,,,,,,,,,,,28.4
10.1039/C7RA13228J,copolymer,,FRPA6-3,[Rb]NCCCCCC(NCCCCCCCCCCNC(CC(CP1(OC2=CC=CC=C2C3=CC=CC=C31)=O)C([Fr])=O)=O)=O,[Rb]NCCCCCC([Fr])=O,O=C(NCCCCCCCCCCN[Rb])CC(C([Fr])=O)CP1(OC2=CC=CC=C2C3=CC=CC=C31)=O,PA6,97,,,DDP salt,3,,,,,,,,,,,,,,,,,,28.4
10.1002/pi.1946,copolymer,,PAN-co-DMpVBnP4,COP(CC1=CC=C(C=C1)C(CC(C#N)C[Rb])[Fr])(OC)=O,N#CC([Fr])C[Rb],O=P(OC)(OC)CC(C=C1)=CC=C1C([Fr])C[Rb],PAN,,91.9,,DMpVBnP,,8.1,,,,,,,,,,,,,,,,,28.5
10.1039/C5RA11390C,copolymer,,PBSH-2%,O=P(O[Fr])(CCC(OCCCCOC(CCC(OCCCCO[Rb])=O)=O)=O)C1=CC=CC=C1,O=C([Fr])CCC(OCCCCO[Rb])=O,O=P(O[Fr])(CCC(OCCCCO[Rb])=O)C1=CC=CC=C1,PBS,,98,,HPPPA,,2,,,,,,,,,,,,,,,,,28.5
10.1039/D0RA07822K,copolymer,,Polyamide66(PA66),[Rb]NCCCCCCNC(CCCCC(NCCCCCCNC(CCCCC(OCCOP(CCC([Fr])=O)(C1=CC=CC=C1)=O)=O)=O)=O)=O,[Rb]NCCCCCCNC(CCCCC([Fr])=O)=O,[Rb]NCCCCCCNC(CCCCC(OCCOP(CCC([Fr])=O)(C1=CC=CC=C1)=O)=O)=O,PA66salt,92,,,CPPOA,8,,,,,,,,,,,,,,,,,,28.5
10.1039/D0RA07822K,copolymer,,FRPA66-8,O=C([Fr])CCP(=O)(OCCOC(=O)CCCCC(=O)NCCCCCCNC(=O)CCCCC(=O)NCCCCCCN[Rb])C1=CC=CC=C1,O=C(CCCCC([Fr])=O)NCCCCCCN[Rb],O=C(NCCCCCCN[Rb])CCCCC(OCCOP(CCC([Fr])=O)(C1=CC=CC=C1)=O)=O,PA66,92,,,CPPOA,8,,,,,,,,,,,,,,,,,,28.5
10.1016/j.eurpolymj.2022.111174,copolymer,,MH-PPOA15-co-PET,O=C(C1=CC=C(C=C1)C(OP(O[Mg]OP([Fr])(C2=CC=CC=C2)=O)(C3=CC=CC=C3)=O)=O)OCCO[Rb],O=C([Fr])C1=CC=C(C(OCCO[Rb])=O)C=C1,O=P(O[Mg]OP([Fr])(C1=CC=CC=C1)=O)(C2=CC=CC=C2)O[Rb],PET,100,,,MH-PPOA,15,,,,,,,,,,,,,,,,,,28.6
10.1016/j.eurpolymj.2022.111174,copolymer,,MH-PPOA9-co-PET,O=C(C1=CC=C(C=C1)C(OP(O[Mg]OP([Fr])(C2=CC=CC=C2)=O)(C3=CC=CC=C3)=O)=O)OCCO[Rb],O=C([Fr])C1=CC=C(C(OCCO[Rb])=O)C=C1,O=P(O[Mg]OP([Fr])(C1=CC=CC=C1)=O)(C2=CC=CC=C2)O[Rb],PET,100,,,MH-PPOA,9,,,,,,,,,,,,,,,,,,28.6
10.1016/j.polymdegradstab.2015.11.003,copolymer,,PBT/CPBA25%,O=C(OC1=CC=C(C=C1)C(C)(C2=CC=C(C=C2)OP([Fr])(C3=CC=CC=C3)=O)C)C4=CC=C(C=C4)C(OCCCCO[Rb])=O,O=C([Fr])C1=CC=C(C=C1)C(OCCCCO[Rb])=O,[Rb]OC1=CC=C(C=C1)C(C)(C2=CC=C(C=C2)OP([Fr])(C3=CC=CC=C3)=O)C,PBT,75,,,CPBA,25,,,,,,,,,,,,,,,,,,28.6
10.1007/s10924-022-02466-6,copolymer,,PA56-1.2DDP,O=C(CCCCC(=O)NCCCCCNC(=O)CC(CP1(=O)OC2=C(C=CC=C2)C2=C1C=CC=C2)C(=O)[Fr])NCCCCCN[Rb],O=C(CCCCC(NCCCCCN[Rb])=O)[Fr],O=C(NCCCCCN[Rb])CC(C([Fr])=O)CP1(OC2=C(C3=C1C=CC=C3)C=CC=C2)=O,PA56,,100,,,,1.2,,,,,,,,,,,,,,,,,28.8
10.1016/j.eurpolymj.2022.111174,copolymer,,MH-PPOA20-co-PET,O=C(C1=CC=C(C=C1)C(OP(O[Mg]OP([Fr])(C2=CC=CC=C2)=O)(C3=CC=CC=C3)=O)=O)OCCO[Rb],O=C([Fr])C1=CC=C(C(OCCO[Rb])=O)C=C1,O=P(O[Mg]OP([Fr])(C1=CC=CC=C1)=O)(C2=CC=CC=C2)O[Rb],PET,100,,,MH-PPOA,20,,,,,,,,,,,,,,,,,,28.8
10.1021/acsomega.3c06235,copolymer,,PS148-b-PFAA-DOPO80,O=C(OCP1(=O)OC2=C(C=CC=C2)C2=CC=CC=C21)C([Fr])CC(C[Rb])C1=CC=CC=C1,[Rb]CC([Fr])C1=CC=CC=C1,O=C(OCP1(OC2=C(C3=C1C=CC=C3)C=CC=C2)=O)C([Fr])C[Rb],PS,,1,,FAA-DOPO,,200,,,,,,,,,,,,,,,,,28.8
10.1002/pat.5153,homopolymer,,,,O=C1N(C2=CC=C(OC3=CC(P(C4=CC=CC=C4)(C5=CC=CC=C5)=O)=C(OC6=CC=C([Fr])C=C6)C=C3)C=C2)C(C7C1CC(C8CC(C(N([Rb])C9=O)=O)C9CC8)CC7)=O,,,,100,,,,0,,,,,,,,,,,,,,,,,28.8
10.1002/app.47488,copolymer,,3%TRFR/PA66,[H]N(P1(OCC2(COP(N(C3=CC=C(C=C3)C([Fr])=O)[H])(OC2)=O)CO1)=O)C(C=C4)=CC=C4C(NCCCCCCNC(CCCCC(NCCCCCCN[Rb])=O)=O)=O,O=C(CCCCC([Fr])=O)NCCCCCCN[Rb],[H]N(P1(OCC2(COP(N(C3=CC=C(C=C3)C([Fr])=O)[H])(OC2)=O)CO1)=O)C(C=C4)=CC=C4C(NCCCCCCN[Rb])=O,PA66,97,,,TRFR,3,,,,,,,,,,,,,,,,,,29
10.1002/fam.2385,copolymer,,PA66-PDPPD3,O=C(NCCCCCCNC(CCCCC(NC1=CC=C(C=C1)NP(NC2=CC=C(C=C2)P(NC3=CC=C(C=C3)P(NC4=CC=C(C=C4)P(NC5=CC=C(C=C5)P(NC6=CC=C(C=C6)N[Rb])(C7=CC=CC=C7)=O)(C8=CC=CC=C8)=O)(C9=CC=CC=C9)=O)(C%10=CC=CC=C%10)=O)(C%11=CC=CC=C%11)=O)=O)=O)CCCCC([Fr])=O,O=C(CCCCC([Fr])=O)NCCCCCCN[Rb],O=C(NC1=CC=C(NP(NC2=CC=C(P(NC3=CC=C(P(NC4=CC=C(P(NC5=CC=C(P(NC6=CC=C(N[Rb])C=C6)(C7=CC=CC=C7)=O)C=C5)(C8=CC=CC=C8)=O)C=C4)(C9=CC=CC=C9)=O)C=C3)(C%10=CC=CC=C%10)=O)C=C2)(C%11=CC=CC=C%11)=O)C=C1)CCCCC([Fr])=O,PA66,95.5,,,PDPPD,4.5,,,,,,,,,,,,,,,,,,29
10.1016/j.polymer.2015.01.030,copolymer,,PETP10,O=C(C1=CC=C(C=C1)C(OCCOC(C2=CC3=C(OC4=C(P3(C5=CC=CC=C5)(C6=CC=CC=C6)=O)C=C(C=C4)C(OCCO[Fr])=O)C=C2)=O)=O)OCCO[Rb],O=C(C1=CC=C(C=C1)C(O[Fr])=O)OCCO[Rb],O=C(OCCO[Rb])C1=CC2=C(C=C1)OC3=C(C=C(C(OCCO[Fr])=O)C=C3)P2(C4=CC=CC=C4)=O,PET,,90,,DCPPO-Ph,,10,,,,,,,,,,,,,,,,,29
10.1016/j.polymer.2015.01.030,copolymer,,PETI5-K,O=C(OCCO[Rb])C1=CC=C(C(OCCOC(C2=CC=C(C3)C(P(C4=C3C=CC(C(OCCO[Fr])=O)=C4)(O[K])=O)=C2)=O)=O)C=C1,O=C(OCCO[Rb])C1=CC=C(C(O[Fr])=O)C=C1,O=C(C1=CC=C(C2)C(P(C3=C2C=CC(C(OCCO[Fr])=O)=C3)(O[K])=O)=C1)O[Rb],PET,,95,,DHPPO-K,,5,,,,,,,,,,,,,,,,,29
10.1016/j.aiepr.2022.12.004,homopolymer,,,,[Fr]C(C1=CC=C(C=C1)/N=N/C2=CC=C(C(NC3=CC=CC(P(C4=CC=CC(N[Rb])=C4)(C5=CC=CC=C5)=O)=C3)=O)C=C2)=O,,,,100,,,,0,,,,,,,,,,,,,,,,,29
10.1016/j.progpolymsci.2009.09.002,homopolymer,,,,[Fr]C(C1=CC=C(C=C1)C(N([H])C2=CC=C(C=C2)N([Rb])[H])=O)=O,,,,100,,,,0,,,,,,,,,,,,,,,,,29
10.1016/j.progpolymsci.2009.09.002,homopolymer,,,,[Fr]C(C1=CC=CC(C(N([H])C2=CC(N([Rb])[H])=CC=C2)=O)=C1)=O,,,,100,,,,0,,,,,,,,,,,,,,,,,29
10.1002/app.24667,homopolymer,,,,[Rb]C(c1cc(C(N(c2cc(P(c3ccccc3)(c4cc(N5C(c6ccc(C(N7C(CN([Fr])C7=O)=O)=O)cc6C5=O)=O)ccc4)=O)ccc2)C8=O)=O)c8cc1)=O,,,,100,,,,0,,,,,,,,,,,,,,,,,29
Bajaj P. Heat and flame protection. Handbook of technical textiles. 2000 Jan 1:223-63.,homopolymer,,,,[Rb]NC1=CC=C(NC(C2=CC=C(C([Fr])=O)C=C2)=O)C=C1,,,,100,,,,0,,,,,,,,,,,,,,,,,29
10.1016/j.polymdegradstab.2004.10.006,homopolymer,,,,C=C(C)C(=O)OCC(COc1ccc(cc1)CN=c1[nH]c(=NCc2ccc(cc2)OCC(COC(=O)C(=C)C)O)[nH]c(=NCc2ccc(cc2)OCC(COC(=O)C(=C)C)O)[nH]1)O,,,,100,,,,0,,,,,,,,,,,,,,,,,29
10.1002/app.24667,homopolymer,,,,CCC1(N(C(N(C(c2cc(C(N(c3cc(P(c4cc(N5C(c6ccc(C([Rb])=O)cc6C5=O)=O)ccc4)(c7ccccc7)=O)ccc3)C8=O)=O)c8cc2)=O)C1=O)=O)[Fr])CC,,,,100,,,,0,,,,,,,,,,,,,,,,,29
10.1002/(SICI)1099-0518(19990815)37:16<3285::AID-POLA26>3.0.CO;2-L,homopolymer,,,,COc1cc(ccc1OP(=O)(Nc1ccc(cc1)C)[Rb])/C=C/1\CC(=O)C/C(=C\c2ccc(c(c2)OC)O[Fr])/C1,,,,100,,,,0,,,,,,,,,,,,,,,,,29
10.1002/(SICI)1099-0518(19990815)37:16<3285::AID-POLA26>3.0.CO;2-L,homopolymer,,,,COc1cc(ccc1OP(=O)(Nc1ccccc1)[Rb])/C=C/1\CC/C(=C/c2ccc(c(c2)OC)O[Fr])/CC(=O)C1,,,,100,,,,0,,,,,,,,,,,,,,,,,29
10.1002/(SICI)1099-0518(19990815)37:16<3285::AID-POLA26>3.0.CO;2-L,homopolymer,,,,COc1ccc(cc1)NP(=O)(Oc1ccc(cc1OC)/C=C/1\CC/C(=C/c2ccc(c(c2)OC)O[Fr])/CC(=O)C1)[Rb],,,,100,,,,0,,,,,,,,,,,,,,,,,29
10.1007/s10904-022-02495-7,copolymer,,PNP20,O=C(OCCOP(=O)(OC1=CC=CC=C1)N1CCN(C2=CC=CC=C2)CC1)C(C[Rb])CC(C[Fr])C1=CC=CC=C1,[Rb]CC([Fr])C1=CC=CC=C1,CC(C(OCCOP(OC1=CC=CC=C1)(N2CCN(CC2)C3=CC=CC=C3)=O)=O)([Fr])C[Rb],PS,,80,,PPPEM,,20,,,,,,,,,,,,,,,,,29.1
10.1016/j.matchemphys.2005.09.013,copolymer,,PET/TLCP,O=C([Fr])C1=CC=C(OC(C2=CC=CC=C2C(OC3=CC=C(OC(C4=CC=C(C(OCCO[Rb])=O)C=C4)=O)C=C3P5(OC(C=CC=C6)=C6C7=C5C=CC=C7)=O)=O)=O)C=C1,[Fr]C(C1=CC=C(C(OCCO[Rb])=O)C=C1)=O,O=C([Fr])C1=CC=C(OC(C2=CC=CC=C2C(OC3=CC=C(O[Rb])C=C3P4(OC(C=CC=C5)=C5C6=C4C=CC=C6)=O)=O)=O)C=C1,PET,,92,,TLCP,,8,,,,,,,,,,,,,,,,,29.2
10.1016/S0141-3910(00)00141-5,homopolymer,,,,CCOP(OCC)(C(CCCCC)OC(C(C)([Fr])C[Rb])=O)=O,,,,100,,,,0,,,,,,,,,,,,,,,,,29.2
10.1007/s00289-016-1652-0,copolymer,,IIC,CC(CC1)CCC1(C2=CC=C(C=C2)CO[Rb])C(C=C3)=CC=C3COC(C(C=C4)=CC=C4C([Fr])=O)=O,CC(CC1)CCC1(C2=CC=C(C=C2)CO)C(C=C3)=CC=C3CO,O=C(CCCCCCC(Cl)=O)Cl,MBPZ,,50,,ClC,,50,,,,,,,,,,,,,,,,,29.3
10.1007/s00289-016-1652-0,homopolymer,,,,[Fr]Oc1ccc(cc1)C1(CCC(CC1)C)c1ccc(cc1)OC(=O)c1ccc(cc1)C(=O)[Rb],,,,100,,,,0,,,,,,,,,,,,,,,,,29.3
10.1016/j.polymdegradstab.2023.110388,copolymer,,PC/NSD4,CC(C1=CC=C(OC(OC(C(SOOO[Na])=C2)=CC3=C2C=C(SOOO[Na])C(OC([Fr])=O)=C3)=O)C=C1)(C)C4=CC=C(O[Rb])C=C4,CC(C1=CC=C(OC([Fr])=O)C=C1)(C)C2=CC=C(O[Rb])C=C2,[Na]OOOSC1=CC2=C(C=C1O[Rb])C=C(OC([Fr])=O)C(SOOO[Na])=C2,PC,100,,,NSD,4,,,,,,,,,,,,,,,,,,29.4
10.1016/j.polymdegradstab.2023.110388,copolymer,,PC/NSD6,CC(C1=CC=C(OC(OC(C(SOOO[Na])=C2)=CC3=C2C=C(SOOO[Na])C(OC([Fr])=O)=C3)=O)C=C1)(C)C4=CC=C(O[Rb])C=C4,CC(C1=CC=C(OC([Fr])=O)C=C1)(C)C2=CC=C(O[Rb])C=C2,[Na]OOOSC1=CC2=C(C=C1O[Rb])C=C(OC([Fr])=O)C(SOOO[Na])=C2,PC,100,,,NSD,6,,,,,,,,,,,,,,,,,,29.5
10.1039/C6RA17108G,copolymer,,PA-5,[Rb]NCCCCCNC(CCCCC(NCCCCCNC(C(C([Fr])=O)CP1(OC2=CC=CC=C2C3=CC=CC=C31)=O)=O)=O)=O,[Rb]NCCCCCNC(CCCCC([Fr])=O)=O,O=C(C(C([Fr])=O)CP1(OC2=CC=CC=C2C3=CC=CC=C31)=O)NCCCCCN[Rb],PA,90,,,DDPDA,10,,,,,,,,,,,,,,,,,,29.5
Bajaj P. Heat and flame protection. Handbook of technical textiles. 2000 Jan 1:223-63.,homopolymer,,,,[Fr]C(C[Rb])(C)C(OC)=O,,,,100,,,,0,,,,,,,,,,,,,,,,,29.5
Bajaj P. Heat and flame protection. Handbook of technical textiles. 2000 Jan 1:223-63.,homopolymer,,,,[Rb]NC1=CC=CC(NC(C2=CC=CC(C([Fr])=O)=C2)=O)=C1,,,,100,,,,0,,,,,,,,,,,,,,,,,29.5
10.1016/j.polymdegradstab.2022.110212,copolymer,,PA56-8,[Rb]NCCCCCNC(CCCCC(NCCCCCNC(C(CP1(OC2=CC=CC=C2C3=CC=CC=C31)=O)CC([Fr])=O)=O)=O)=O,[Rb]NCCCCCNC(CCCCC([Fr])=O)=O,O=C(C(CP1(OC2=CC=CC=C2C3=CC=CC=C31)=O)CC([Fr])=O)NCCCCCN[Rb],PA,92,,,DOPDA,8,,,,,,,,,,,,,,,,,,29.7
10.1002/(SICI)1097-4628(19960307)59:10<1619::AID-APP14>3.0.CO;2-R,copolymer,,PS-OP-3,CCOP(Oc1ccc(C([Fr])C[Rb])cc1)(OCC)=O,Oc1ccc(C([Fr])C[Rb])cc1,[Fr]C(C[Rb])c1ccc(OP(OCC)(OCC)=O)cc1,PS-OH,,63,,Diethylchlorophosphate (DECP),,37,,,,,,,,,,,,,,,,,30
10.1016/j.cej.2021.132121,copolymer,,PETM24-K,O=C(C1=CC=C(C(OCCO[Rb])=O)C=C1)OCCOC(C2=CC=C3N=C(C4=CC(C5=NC6=C(C=C(C=C6)C([Fr])=O)N5)=CC(S(=O)([O-])=O)=C4)NC3=C2)=O.[K+],O=C([Fr])C1=CC=C(C(=O)OCCO[Rb])C=C1,O=C(OCCO[Rb])C1=CC=C2N=C(C3=CC(C4=NC5=C(C=C(C=C5)C([Fr])=O)N4)=CC(S(=O)([O-])=O)=C3)NC2=C1.[K+],PET,,100,,MS-K,,3.7,,,,,,,,,,,,,,,,,30
10.1016/j.compositesb.2021.108664,copolymer,,PTTN10,O=C([Fr])C1=CC=C(C(OCCCOC(C2=CC(C(OCCCO[Rb])=O)=CC(N3C(C4=C(C=C(C#CC5=CC=CC=C5)C=C4)C3=O)=O)=C2)=O)=O)C=C1,O=C(C1=CC=C(C=C1)C(OCCCO[Rb])=O)[Fr],O=C(C1=CC(C(OCCCO[Rb])=O)=CC(N2C(C3=C(C2=O)C=C(C=C3)C#CC4=CC=CC=C4)=O)=C1)[Fr],PTT,,100,,PN,,10,,,,,,,,,,,,,,,,,30
10.1016/j.eurpolymj.2020.110230,copolymer,,NBA5PET,O=C(OCCOC(C1=CC(C([Fr])=O)=CC(/N=C/C2=CC=C(C=C2)[N+]([O-])=O)=C1)=O)C3=CC=C(C=C3)C(OCCO[Rb])=O,O=C([Fr])C1=CC=C(C=C1)C(OCCO[Rb])=O,O=C(C1=CC(C([Fr])=O)=CC(/N=C/C2=CC=C(C=C2)[N+]([O-])=O)=C1)OCCO[Rb],PET,,100,,NBA,,3.6,,,,,,,,,,,,,,,,,30
"Materials Science-Poland, Vol. 28, No. 2, 2010",homopolymer,,,,[Fr]NCP(=O)(c1ccccc1)c1cccc(c1)NC(=O)C(N1C(=O)c2c(C1=O)cc(cc2)C(=O)[Rb])Cc1ccccc1,,,,100,,,,0,,,,,,,,,,,,,,,,,30
10.1016/j.aiepr.2022.12.004,homopolymer,,,,[Fr]OC1=CC=C(C(C2=CC=C(OC3=CC=C(C(NCCCCNC(C4=CC=C([Rb])C=C4)=O)=O)C=C3)C=C2)(C)C5=CC=CC=C5)C=C1,,,,100,,,,0,,,,,,,,,,,,,,,,,30
10.1007/s11224-014-0474-7,homopolymer,,,,[Fr]Oc1ccc(cc1)Cc1ccc(cc1)OP(=O)(c1ccccc1)[Rb],,,,100,,,,0,,,,,,,,,,,,,,,,,30
10.1016/S0141-3910(96)00126-7,homopolymer,,,,[Fr]Oc1ccc(cc1)S(=O)(=O)c1ccc(cc1)OP(=O)(Oc1ccc(cc1)N(=O)=O)[Rb],,,,100,,,,0,,,,,,,,,,,,,,,,,30
10.1016/0032-3861(95)96858-6,homopolymer,,,,[Fr]OCCOc1ccc(cc1)C(C(F)(F)F)(C(F)(F)F)c1ccc(cc1)OCCOP(=O)(Oc1ccccc1)[Rb],,,,100,,,,0,,,,,,,,,,,,,,,,,30
10.1016/S0141-3910(96)00126-7,homopolymer,,,,[Fr]OCCOc1ccc(cc1)S(=O)(=O)c1ccc(cc1)OCCOP(=O)(c1ccc(cc1)Br)[Rb],,,,100,,,,0,,,,,,,,,,,,,,,,,30
10.1002/(SICI)1097-4628(20000118)75:3<384::AID-APP7>3.0.CO;2-R,homopolymer,,,,[Rb]C1=CC=C(OC2=CC=C(N3C(C(C=CC(C(C4=CC=C(C(N([Fr])C5=O)=O)C5=C4)=O)=C6)=C6C3=O)=O)C=C2)C=C1,,,,100,,,,0,,,,,,,,,,,,,,,,,30
10.1002/(SICI)1099-0518(19990815)37:16<3285::AID-POLA26>3.0.CO;2-L,homopolymer,,,,COc1cc(ccc1OP(=O)(Nc1ccccc1)[Rb])/C=C/1\CC/C(=C\c2ccc(c(c2)OC)O[Fr])/C1=O,,,,100,,,,0,,,,,,,,,,,,,,,,,30
10.1002/(SICI)1099-0518(19990815)37:16<3285::AID-POLA26>3.0.CO;2-L,homopolymer,,,,COc1ccc(cc1)NP(=O)(Oc1ccc(cc1OC)/C=C/1\CC(=O)C/C(=C\c2ccc(c(c2)OC)O[Fr])/C1)[Rb],,,,100,,,,0,,,,,,,,,,,,,,,,,30
10.1016/j.polymdegradstab.2019.03.004,copolymer,,PA6-co-DPO,[H]N(C(CC(C([Fr])=O)CP(C1=CC=CC=C1)(C2=CC=CC=C2)=O)=O)CCCCCCCCCCNC(CCCCCN[Rb])=O,[Fr]C(CCCCCN[Rb])=O,[H]N(C(CC(C([Fr])=O)CP(C1=CC=CC=C1)(C2=CC=CC=C2)=O)=O)CCCCCCCCCCN[Rb],PA6,96,,,DPDPO-DMDAsalt,4,,,,,,,,,,,,,,,,,,30.1
1006 334X(2019)04 0001 04,copolymer,,PA6-DDP-C,O=C(CC(CP1(OC2=CC=CC=C2C3=CC=CC=C31)=O)C([Fr])=O)NCCCCCCNC(CCCCCN[Rb])=O,[Fr]C(CCCCCN[Rb])=O,O=C(CC(CP1(OC2=CC=CC=C2C3=CC=CC=C31)=O)C([Fr])=O)NCCCCCCN[Rb],PA6,100,,,DDP,2.4,,,,,,,,,,,,,,,,,,30.1
10.1002/marc.202200644,copolymer,,FRPA-7,[Rb]NCCCCCCCCCCCCNC(CCCCCCCCC(NCCCCCCCCCCCCNC(CCP([Fr])(C1=CC=CC=C1)=O)=O)=O)=O,[Rb]NCCCCCCCCCCCCNC(CCCCCCCCC([Fr])=O)=O,[Rb]NCCCCCCCCCCCCNC(CCP([Fr])(C1=CC=CC=C1)=O)=O,PA1210,,93,,CDS,,7,,,,,,,,,,,,,,,,,30.2
10.1002/pol.20230521,copolymer,,DOPO-ITA3,[Rb]CCCCCCNC(C(CP1(OC2=CC=CC=C2C3=CC=CC=C31)=O)CC(NCCCCCC([Fr])=O)=O)=O,[Rb]NCCCCCC([Fr])=O,[Rb]CCCCCCNC(C(CP1(OC2=CC=CC=C2C3=CC=CC=C31)=O)CC([Fr])=O)=O,PA6,3,,,DOPO-ITA,97,,,,,,,,,,,,,,,,,,30.2
10.1016/S0141-3910(02)00041-1,copolymer,,PET-CEPP3,O=P(CCC(OCCO[Rb])=O)(OCCOC(C(C=C1)=CC=C1C([Fr])=O)=O)C2=CC=CC=C2,O=C(C1=CC=C(C(OCCO[Rb])=O)C=C1)[Fr],O=P(C1=CC=CC=C1)(CCC(OCCO[Rb])=O)[Fr],PET,97,,,CEPP,3,,,,,,,,,,,,,,,,,,30.2
10.1002/pat.3692,homopolymer,,,,[Rb]CC(C(=O)Nc1ccc(cc1)/C=C/C(=O)c1c2ccccc2cc2c1cccc2)[Fr],,,,100,,,,0,,,,,,,,,,,,,,,,,30.2
10.1007/s00289-016-1652-0,homopolymer,,,,[Fr]Oc1ccc(cc1)C1(CCCCC1)c1ccc(cc1)OC(=O)c1ccc(cc1)C(=O)[Rb],,,,100,,,,0,,,,,,,,,,,,,,,,,30.3
10.1002/pat.4206,copolymer,,FRPA66-4,O=C(CC(CP1(OC2=CC=CC=C2C3=CC=CC=C31)=O)C(NCCCCCCNC(CCCCC([Fr])=O)=O)=O)NCCCCCCN[Rb],[Rb]NCCCCCCNC(CCCCC([Fr])=O)=O,O=C(CC(CP1(OC2=CC=CC=C2C3=CC=CC=C31)=O)C([Fr])=O)NCCCCCCN[Rb],PA66,96,,,DDP-HMDA,4,,,,,,,,,,,,,,,,,,30.5
10.1002/app.47847,homopolymer,,,,[Fr]CN(c1ccccc1)Cc1c(O)ccc(c1[Rb])Cc1ccc2c(c1)CC(NO2)c1ccccc1,,,,100,,,,0,,,,,,,,,,,,,,,,,30.8
10.1007/BF03219026,copolymer,,FR-PBT-15,O=C([Fr])C1=CC=C(C=C1)C(OCCCCOC(C(CP2(OC3=C(C4=C2C=CC=C4)C=CC=C3)=O)CC(OCCCCO[Rb])=O)=O)=O,O=C(C1=CC=C(C(OCCCCO[Rb])=O)C=C1)[Fr],O=C(CC(CP1(OC2=C(C3=C1C=CC=C3)C=CC=C2)=O)C([Fr])=O)OCCCCO[Rb],PBT,,85,,DOP-MBDA,,15,,,,,,,,,,,,,,,,,31
10.1007/s10965-006-0082-3,copolymer,,PC-co-ODOPB2,O=P1(C2=C(C3=C(O1)C=CC=C3)C=CC=C2)C(C=C4OC(OC(C=C5)=CC=C5C(C)(C6=CC=C(O[Rb])C=C6)C)=O)=C(C=C4)OC([Fr])=O,CC(C1=CC=C(OC([Fr])=O)C=C1)(C2=CC=C(O[Rb])C=C2)C,O=P1(C2=C(C3=C(O1)C=CC=C3)C=CC=C2)C(C=C4O[Rb])=C(C=C4)OC([Fr])=O,PC,96.6,,,ODOPB,3.4,,,,,,,,,,,,,,,,,,31
10.1016/j.polymdegradstab.2020.109310,copolymer,,PBT-HPPA,O=C(CCP(=O)(O[Rb])C1=CC=CC=C1)OCCCCOC(=O)C1=CC=C(C(=O)[Fr])C=C1,O=C([Fr])C1=CC=C(C(=O)OCCCCO[Rb])C=C1,O=C(CCP(O[Rb])(C1=CC=CC=C1)=O)[Fr],PBT,,97,,HPPA,,3,,,,,,,,,,,,,,,,,31
10.1039/C3PY01030A,copolymer,,PETI10,O=P1([O-])C2=CC(C([Fr])=O)=CC=C2CC3=CC=C(C(OCCOC(C4=CC=C(C(OCCO[Rb])=O)C=C4)=O)=O)C=C13.[Na+],O=C([Fr])C1=CC=C(C(=O)OCCO[Rb])C=C1,O=P1([O-])C2=CC(C([Fr])=O)=CC=C2CC3=CC=C(C(OCCO[Rb])=O)C=C13.[Na+],PET,,100,,DHPPO-Na,,9.09,,,,,,,,,,,,,,,,,31
10.1002/jccs.200900091,homopolymer,,,,[Fr]Nc1ccc(cc1)P(=O)(c1ccccc1)c1ccc(cc1)NC(=O)C(N1C(=O)C2C(C1=O)C1C=CC2C2C1C(=O)N(C2)C(C(CC)C)C(=O)[Rb])C(CC)C,,,,100,,,,0,,,,,,,,,,,,,,,,,31
10.1007/s11224-014-0474-7,homopolymer,,,,[Fr]Oc1ccc(cc1)C1(CCCCC1)c1ccc(cc1)OP(=O)(Oc1ccccc1)[Rb],,,,100,,,,0,,,,,,,,,,,,,,,,,31
10.1039/d1py00450f,homopolymer,,,,[Fr]OCc1ccc(o1)C1OCC(CO1)(CC)COCC1(CC)COC(OC1)c1ccc(o1)COC(=O)Nc1ccc(cc1)Cc1ccc(cc1)NC(=O)[Rb],,,,100,,,,0,,,,,,,,,,,,,,,,,31
10.1007/BF03218608,homopolymer,,,,[Rb]C(C(C(C)CC)N1C([C@H]([C@H]2C(C(N(C(C(C)CC)C(NC3=CC=CC(P(C4=CC=CC(N[Fr])=C4)(C5=CC=CC=C5)=O)=C3)=O)C6=O)=O)C6[C@@H]7C=C2)[C@H]7C1=O)=O)=O,,,,100,,,,0,,,,,,,,,,,,,,,,,31
10.1016/j.eurpolymj.2006.06.019,homopolymer,,,,[Rb]CC(C(=O)OCCOP(=O)(c1ccccc1)Oc1ccccc1)[Fr],,,,100,,,,0,,,,,,,,,,,,,,,,,31
10.1002/(SICI)1099-0518(19990815)37:16<3285::AID-POLA26>3.0.CO;2-L,homopolymer,,,,COc1cc(/C=C/C(=O)/C=C/c2ccc(c(c2)OC)O[Fr])ccc1OP(=O)(Nc1ccc(cc1)C)[Rb],,,,100,,,,0,,,,,,,,,,,,,,,,,31
10.1002/(SICI)1099-0518(19990815)37:16<3285::AID-POLA26>3.0.CO;2-L,homopolymer,,,,COc1cc(ccc1OP(=O)(Nc1ccc(cc1)Br)[Rb])/C=C/1\CC/C(=C/c2ccc(c(c2)OC)O[Fr])/CC(=O)C1,,,,100,,,,0,,,,,,,,,,,,,,,,,31
10.1002/(SICI)1099-0518(19990815)37:16<3285::AID-POLA26>3.0.CO;2-L,homopolymer,,,,COc1cc(ccc1OP(=O)(Nc1ccc(cc1)Cl)[Rb])/C=C/1\CC/C(=C/c2ccc(c(c2)OC)O[Fr])/CC(=O)C1,,,,100,,,,0,,,,,,,,,,,,,,,,,31
10.1016/S0141-3910(00)00141-5,homopolymer,,,,CCOP(OCC)(C(C1=CC=C(Br)C=C1)OC(C(C)([Fr])C[Rb])=O)=O,,,,100,,,,0,,,,,,,,,,,,,,,,,31.1
10.1016/S0141-3910(00)00050-1,copolymer,,FR-PET-P,O=C([Fr])C1=CC=C(P(=O)(C2=CC=CC=C2)C2=CC=C(C(=O)OCCOC(=O)C3=CC=C(C(=O)OCCO[Rb])C=C3)C=C2)C=C1,O=C([Fr])C1=CC=C(C(=O)OCCO[Rb])C=C1,O=C([Fr])C1=CC=C(P(=O)(C2=CC=CC=C2)C2=CC=C(C(=O)OCCO[Rb])C=C2)C=C1,PET,95,,,BCPPO,5,,,,,,,,,,,,,,,,,,31.6
10.1039/c7ra13228j,copolymer,,PA6-co-DDP4,[Fr]C(CCCCCNC(C(CP1(OC2=CC=CC=C2C3=CC=CC=C31)=O)CC(NCCCCCCCCCCN[Rb])=O)=O)=O,[Fr]C(CCCCCN[Rb])=O,O=C(NCCCCCCCCCCN[Rb])CC(C([Fr])=O)CP1(OC2=CC=CC=C2C3=CC=CC=C31)=O,PA6,96,,,DDPsalt,4,,,,,,,,,,,,,,,,,,31.6
10.1039/C5PY01938A,homopolymer,,,,[Rb]OCCOc1ccc(cc1)Oc1ccc(cc1)C(=O)c1ccc(cc1)Oc1ccc(cc1)OCCOC(=O)c1ccc(cc1)C(=O)[Fr],,,,100,,,,0,,,,,,,,,,,,,,,,,31.6
10.1016/j.polymdegradstab.2019.03.004,copolymer,,PA6-co-DPO,[H]N(C(CC(C([Fr])=O)CP(C1=CC=CC=C1)(C2=CC=CC=C2)=O)=O)CCCCCCCCCCNC(CCCCCN[Rb])=O,[Fr]C(CCCCCN[Rb])=O,[H]N(C(CC(C([Fr])=O)CP(C1=CC=CC=C1)(C2=CC=CC=C2)=O)=O)CCCCCCCCCCN[Rb],PA6,95,,,DPDPO-DMDAsalt,5,,,,,,,,,,,,,,,,,,31.7
10.1016/j.compositesb.2021.108664,copolymer,,PTTN20,O=C([Fr])C1=CC=C(C(OCCCOC(C2=CC(C(OCCCO[Rb])=O)=CC(N3C(C4=C(C=C(C#CC5=CC=CC=C5)C=C4)C3=O)=O)=C2)=O)=O)C=C1,O=C(C1=CC=C(C=C1)C(OCCCO[Rb])=O)[Fr],O=C(C1=CC(C(OCCCO[Rb])=O)=CC(N2C(C3=C(C2=O)C=C(C=C3)C#CC4=CC=CC=C4)=O)=C1)[Fr],PTT,,100,,PN,,20,,,,,,,,,,,,,,,,,32
10.1016/j.eurpolymj.2020.110230,copolymer,,NBA10PET,O=C(OCCOC(C1=CC(C([Fr])=O)=CC(/N=C/C2=CC=C(C=C2)[N+]([O-])=O)=C1)=O)C3=CC=C(C=C3)C(OCCO[Rb])=O,O=C([Fr])C1=CC=C(C=C1)C(OCCO[Rb])=O,O=C(C1=CC(C([Fr])=O)=CC(/N=C/C2=CC=C(C=C2)[N+]([O-])=O)=C1)OCCO[Rb],PET,,100,,NBA,,7.9,,,,,,,,,,,,,,,,,32
10.1016/j.jhazmat.2020.122040,copolymer,,EKE20PET,O=C(C1=CC=C(C=C1)C(OCCO[Rb])=O)OCCOC2=CC=C(C=C2)OC3=CC=C(C=C3)C(C4=CC=C(C=C4)OC5=CC=C(C=C5)OCCOC([Fr])=O)=O,O=C([Fr])C1=CC=C(C(OCCO[Rb])=O)C=C1,O=C(C1=CC=C(OC2=CC=C(OCCOC(C(C=C3)=CC=C3C([Fr])=O)=O)C=C2)C=C1)C4=CC=C(OC5=CC=C(OCCO[Rb])C=C5)C=C4,PET,,100,,EKE,,15,,,,,,,,,,,,,,,,,32
10.1016/j.aiepr.2022.12.004,homopolymer,,,,[Fr]C(C1=CC=C(C=C1)OCCCCOC2=CC=C(C=C2)C(NC3=CC=CC(P(C4=CC=CC(N[Rb])=C4)(C5=CC=CC=C5)=O)=C3)=O)=O,,,,100,,,,0,,,,,,,,,,,,,,,,,32
10.1007/s10118-010-9075-0,homopolymer,,,,[Fr]Nc1cccc(c1)P(=O)(c1ccccc1)c1cccc(c1)NC(=O)C(n1c(=O)c2c(c1=O)cc1c(c2)c(=O)n(c1=O)C(C(=O)[Rb])Cc1ccccc1)Cc1ccccc1,,,,100,,,,0,,,,,,,,,,,,,,,,,32
10.1016/S0141-3910(96)00126-7,homopolymer,,,,[Fr]Oc1c(C)cc(cc1C)S(=O)(=O)c1cc(C)c(c(c1)C)OP(=O)(Oc1ccc(cc1)C)[Rb],,,,100,,,,0,,,,,,,,,,,,,,,,,32
10.1007/s11224-014-0474-7,homopolymer,,,,[Fr]Oc1ccc(cc1)C(c1cccc(c1)C(c1ccc(cc1)OP(=O)(c1ccccc1)[Rb])(C)C)(C)C,,,,100,,,,0,,,,,,,,,,,,,,,,,32
10.1007/BF03218608,homopolymer,,,,[Rb]C(C(CC(C)C)N1C([C@H]([C@H]2C(C(N(C(CC(C)C)C(NC3=CC=CC(P(C4=CC=CC(N[Fr])=C4)(C5=CC=CC=C5)=O)=C3)=O)C6=O)=O)C6[C@@H]7C=C2)[C@H]7C1=O)=O)=O,,,,100,,,,0,,,,,,,,,,,,,,,,,32
10.1016/j.eurpolymj.2006.06.019,homopolymer,,,,[Rb]CCC(=O)OCCOP(=O)(c1ccccc1)OCCOC(=O)CC[Fr],,,,100,,,,0,,,,,,,,,,,,,,,,,32
10.1002/jccs.200900091,homopolymer,,,,[Rb]Nc1cccc(c1)P(=O)(c1ccccc1)c1ccc(cc1)NC(=O)C(N1C(=O)C2C(C1=O)C1C=CC2C2C1C(=O)N(C2)C(C(=O)[Fr])CC(C)C)CC(C)C,,,,100,,,,0,,,,,,,,,,,,,,,,,32
10.1007/s00289-011-0544-6,homopolymer,,,,[Rb]Nc1cccc(c1)P(=O)(c1ccccc1)c1cccc(c1)NC(=O)c1ccc(cc1)OCCCCOc1ccc(cc1)C(=O)[Fr],,,,100,,,,0,,,,,,,,,,,,,,,,,32
10.1002/app.24667,homopolymer,,,,CCCCCC1(N(C(N(C(c2cc(C(N(c3cc(P(c4cc(N5C(c6ccc(C([Rb])=O)cc6C5=O)=O)ccc4)(c7ccccc7)=O)ccc3)C8=O)=O)c8cc2)=O)C1=O)=O)[Fr])CCCCC,,,,100,,,,0,,,,,,,,,,,,,,,,,32
10.1002/(SICI)1099-0518(19990815)37:16<3285::AID-POLA26>3.0.CO;2-L,homopolymer,,,,COc1cc(ccc1OP(=O)(Nc1ccc(cc1)Br)[Rb])/C=C/1\CC/C(=C\c2ccc(c(c2)O[Fr])O)/C1=O,,,,100,,,,0,,,,,,,,,,,,,,,,,32
10.1002/(SICI)1099-0518(19990815)37:16<3285::AID-POLA26>3.0.CO;2-L,homopolymer,,,,COc1cc(ccc1OP(=O)(Nc1ccc(cc1)Cl)[Rb])/C=C/1\CC/C(=C\c2ccc(c(c2)O[Fr])O)/C1=O,,,,100,,,,0,,,,,,,,,,,,,,,,,32
10.1002/(SICI)1099-0518(19990815)37:16<3285::AID-POLA26>3.0.CO;2-L,homopolymer,,,,COc1cc(ccc1OP(=O)(Nc1ccccc1)[Rb])/C=C/1\CC(=O)C/C(=C\c2ccc(c(c2)OC)O[Fr])/C1,,,,100,,,,0,,,,,,,,,,,,,,,,,32
10.1002/(SICI)1099-0518(19990815)37:16<3285::AID-POLA26>3.0.CO;2-L,homopolymer,,,,COc1ccc(cc1)NP(=O)(Oc1ccc(cc1OC)/C=C/C(=O)/C=C/c1ccc(c(c1)OC)O[Fr])[Rb],,,,100,,,,0,,,,,,,,,,,,,,,,,32
10.1002/app.24667,homopolymer,,,,O=C(c1cc(C(N(c2cc(P(c3cc(N4C(c5ccc(C([Rb])=O)cc5C4=O)=O)ccc3)(c6ccccc6)=O)ccc2)C7=O)=O)c7cc1)N8C(C(C)(C)N([Fr])C8=O)=O,,,,100,,,,0,,,,,,,,,,,,,,,,,32
10.1002/(SICI)1097-4628(19970214)63:7<875::AID-APP7>3.0.CO;2-N,homopolymer,,,,O=C1N(C(C2=CC(OC3=CC(C(N([Rb])C4=O)=O)=C4C=C3)=CC=C21)=O)C5=CC=C(C=C5O)C(C)(C6=CC(O)=C([Fr])C=C6)C,,,,100,,,,0,,,,,,,,,,,,,,,,,32
10.1002/pol.20230521,copolymer,,DOPO-ITA4.5,[Rb]CCCCCCNC(C(CP1(OC2=CC=CC=C2C3=CC=CC=C31)=O)CC(NCCCCCC([Fr])=O)=O)=O,[Rb]NCCCCCC([Fr])=O,[Rb]CCCCCCNC(C(CP1(OC2=CC=CC=C2C3=CC=CC=C31)=O)CC([Fr])=O)=O,PA6,4.5,,,DOPO-ITA,95.5,,,,,,,,,,,,,,,,,,32.1
10.1007/s10965-020-02317-9,homopolymer,,,,[Rb]/C=N/CCCC/N=C/c1ccc(s1)c1ccc(s1)c1ccc(s1)/C=N/CCCC/N=C/[Fr],,,,100,,,,0,,,,,,,,,,,,,,,,,32.3
10.1016/j.matchemphys.2005.09.013,copolymer,,PET/TLCP,O=C([Fr])C1=CC=C(OC(C2=CC=CC=C2C(OC3=CC=C(OC(C4=CC=C(C(OCCO[Rb])=O)C=C4)=O)C=C3P5(OC(C=CC=C6)=C6C7=C5C=CC=C7)=O)=O)=O)C=C1,[Fr]C(C1=CC=C(C(OCCO[Rb])=O)C=C1)=O,O=C([Fr])C1=CC=C(OC(C2=CC=CC=C2C(OC3=CC=C(O[Rb])C=C3P4(OC(C=CC=C5)=C5C6=C4C=CC=C6)=O)=O)=O)C=C1,PET,,85,,TLCP,,15,,,,,,,,,,,,,,,,,32.4
10.1016/j.cej.2021.132121,copolymer,,PETM6-K,O=C(C1=CC=C(C(OCCO[Rb])=O)C=C1)OCCOC(C2=CC=C3N=C(C4=CC(C5=NC6=C(C=C(C=C6)C([Fr])=O)N5)=CC(S(=O)([O-])=O)=C4)NC3=C2)=O.[K+],O=C([Fr])C1=CC=C(C(=O)OCCO[Rb])C=C1,O=C(OCCO[Rb])C1=CC=C2N=C(C3=CC(C4=NC5=C(C=C(C=C5)C([Fr])=O)N4)=CC(S(=O)([O-])=O)=C3)NC2=C1.[K+],PET,,100,,MS-K,,5.6,,,,,,,,,,,,,,,,,32.5
10.1002/pol.1981.170191101,homopolymer,,,,[Fr]OC1=CC=C(C(C2=CC=CC=C2C3=O)(N3)C4=CC=C(OC(C5=CC=C(C([Rb])=O)C=C5)=O)C=C4)C=C1,,,,100,,,,0,,,,,,,,,,,,,,,,,32.5
10.1016/j.polymdegradstab.2020.109310,copolymer,,PENT5/0,O=C(CCP(=O)(OCCOC(=O)C1=CC=C(C(=O)[Fr])C=C1)C1=CC=CC=C1)OCCO[Rb],O=C([Fr])C1=CC=C(C(=O)OCCO[Rb])C=C1,O=C(OCCO[Rb])CCP([Fr])(C1=CC=CC=C1)=O,PET,95,,,HPPA,5,,,,,,,,,,,,,,,,,,32.8
10.1007/s10965-021-02676-x,homopolymer,,,,[Fr]c1ccc(cc1)Oc1ccc(cc1)C1(Cc2c(C1=O)cccc2)c1ccc(cc1)Oc1ccc(cc1)N1C(=O)C2C(C1=O)CC1C(C2)C(=O)N(C1=O)[Rb],,,,100,,,,0,,,,,,,,,,,,,,,,,32.8
10.1002/(SICI)1097-4628(19960307)59:10<1619::AID-APP14>3.0.CO;2-R,copolymer,,PS-OP-2,CCOP(Oc1ccc(C([Fr])C[Rb])cc1)(OCC)=O,Oc1ccc(C([Fr])C[Rb])cc1,[Fr]C(C[Rb])c1ccc(OP(OCC)(OCC)=O)cc1,PS-OH,,54,,Diethylchlorophosphate (DECP),,46,,,,,,,,,,,,,,,,,33
10.1007/s10965-006-0082-3,copolymer,,PC-co-ODOPB3,O=P1(C2=C(C3=C(O1)C=CC=C3)C=CC=C2)C(C=C4OC(OC(C=C5)=CC=C5C(C)(C6=CC=C(O[Rb])C=C6)C)=O)=C(C=C4)OC([Fr])=O,CC(C1=CC=C(OC([Fr])=O)C=C1)(C2=CC=C(O[Rb])C=C2)C,O=P1(C2=C(C3=C(O1)C=CC=C3)C=CC=C2)C(C=C4O[Rb])=C(C=C4)OC([Fr])=O,PC,95.4,,,ODOPB,4.6,,,,,,,,,,,,,,,,,,33
10.1016/j.cclet.2022.06.038,copolymer,,B-BPA,CC(C1=CC=C(C=C1)OC(C2=CC=C(C=C2)C(OC3=CC=C(C=C3)C([Fr])=O)=O)=O)(C4=CC=C(C=C4)O[Rb])C,CC(=O)OC1=CC=C(C(C)(C)C2=CCC(OC(C)=O)C=C2)C=C1,CC(C1=CC=C(C=C1)OC(C2=CC=C(C=C2)C([Fr])=O)=O)(C3=CC=C(C=C3)O[Rb])C,ABA,,60,,BPAOAcTA,,20,,,,,,,,,,,,,,,,,33
10.1016/j.eurpolymj.2020.110230,copolymer,,NBA15PET,O=C(OCCOC(C1=CC(C([Fr])=O)=CC(/N=C/C2=CC=C(C=C2)[N+]([O-])=O)=C1)=O)C3=CC=C(C=C3)C(OCCO[Rb])=O,O=C([Fr])C1=CC=C(C=C1)C(OCCO[Rb])=O,O=C(C1=CC(C([Fr])=O)=CC(/N=C/C2=CC=C(C=C2)[N+]([O-])=O)=C1)OCCO[Rb],PET,,100,,NBA,,11.8,,,,,,,,,,,,,,,,,33
10.1016/j.polymer.2015.01.030,copolymer,,PETI10-K,O=C(OCCO[Rb])C1=CC=C(C(OCCOC(C2=CC=C(C3)C(P(C4=C3C=CC(C(OCCO[Fr])=O)=C4)(O[K])=O)=C2)=O)=O)C=C1,O=C(OCCO[Rb])C1=CC=C(C(O[Fr])=O)C=C1,O=C(C1=CC=C(C2)C(P(C3=C2C=CC(C(OCCO[Fr])=O)=C3)(O[K])=O)=C1)O[Rb],PET,,90,,DHPPO-K,,10,,,,,,,,,,,,,,,,,33
10.1002/jccs.200900091,homopolymer,,,,[Fr]Nc1ccc(cc1)P(=O)(c1ccccc1)c1ccc(cc1)NC(=O)C(N1C(=O)C2C(C1=O)C1C=CC2C2C1C(=O)N(C2)C(C(=O)[Rb])CC)CC,,,,100,,,,0,,,,,,,,,,,,,,,,,33
10.1007/s10118-010-9075-0,homopolymer,,,,[Fr]Nc1cccc(c1)P(=O)(c1ccccc1)c1cccc(c1)NC(=O)C(n1c(=O)c2c(c1=O)cc1c(c2)c(=O)n(c1=O)C(C(=O)[Rb])C)C,,,,100,,,,0,,,,,,,,,,,,,,,,,33
"Materials Science-Poland, Vol. 28, No. 2, 2010",homopolymer,,,,[Fr]NCP(=O)(c1ccccc1)c1cccc(c1)NC(=O)C(N1C(=O)c2c(C1=O)cc(cc2)C(=O)[Rb])C(C)C,,,,100,,,,0,,,,,,,,,,,,,,,,,33
10.1002/pol.1981.170191101,homopolymer,,,,[Fr]OC1=CC=C(C(C2=CC=CC=C2C3=O)(N3)C4=CC=C(OC(C5=CC=CC(C([Rb])=O)=C5)=O)C=C4)C=C1,,,,100,,,,0,,,,,,,,,,,,,,,,,33
10.1007/s11224-014-0474-7,homopolymer,,,,[Fr]Oc1ccc(cc1)C(c1ccc(cc1)C(c1ccc(cc1)OP(=O)(c1ccccc1)[Rb])(C)C)(C)C,,,,100,,,,0,,,,,,,,,,,,,,,,,33
10.1007/BF03218608,homopolymer,,,,[Rb]C(C(CC)N1C([C@H]([C@H]2C(C(N(C(CC)C(NC3=CC=CC(P(C4=CC=CC(N[Fr])=C4)(C5=CC=CC=C5)=O)=C3)=O)C6=O)=O)C6[C@@H]7C=C2)[C@H]7C1=O)=O)=O,,,,100,,,,0,,,,,,,,,,,,,,,,,33
10.1002/app.24667,homopolymer,,,,CCC1(N(C(N(C(c2cc(C(N(c3cc(P(c4cc(N5C(c6ccc(C([Rb])=O)cc6C5=O)=O)ccc4)(c7ccccc7)=O)ccc3)C8=O)=O)c8cc2)=O)C1=O)=O)[Fr])C,,,,100,,,,0,,,,,,,,,,,,,,,,,33
10.1002/(SICI)1097-4628(19970214)63:7<875::AID-APP7>3.0.CO;2-N,homopolymer,,,,O=C1N(C(C2=CC(OC3=CC(C(N([Rb])C4=O)=O)=C4C=C3)=CC=C21)=O)C5=CC=C(C=C5)C(C)(C6=CC=C(C(C)(C7=CC=C([Fr])C=C7)C)C=C6)C,,,,100,,,,0,,,,,,,,,,,,,,,,,33
10.1002/pat.4206,copolymer,,FRPA66-5,O=C(CC(CP1(OC2=CC=CC=C2C3=CC=CC=C31)=O)C(NCCCCCCNC(CCCCC([Fr])=O)=O)=O)NCCCCCCN[Rb],[Rb]NCCCCCCNC(CCCCC([Fr])=O)=O,O=C(CC(CP1(OC2=CC=CC=C2C3=CC=CC=C31)=O)C([Fr])=O)NCCCCCCN[Rb],PA66,95,,,DDP-HMDA,5,,,,,,,,,,,,,,,,,,33.2
10.1016/j.polymdegradstab.2014.05.002,homopolymer,,,,[Fr]Oc1ccc(cc1)C(c1ccc(cc1)Oc1ccc(cc1)P(=O)(c1ccc(cc1)[Rb])c1ccccc1)(C)C,,,,100,,,,0,,,,,,,,,,,,,,,,,33.2
10.1016/S0141-3910(00)00141-5,homopolymer,,,,CCOP(OCC)(COC(C(C)([Fr])C[Rb])=O)=O,,,,100,,,,0,,,,,,,,,,,,,,,,,33.2
10.1002/(SICI)1097-4628(19990404)72:1%3C109::AID-APP12%3E3.0.CO;2-Q,copolymer,,PA07,O=C(O[Fr])C1=CC=C(C(OCCOC(C(CP2(OC3=CC=CC=C3C4=CC=CC=C42)=O)CC(OCCO[Rb])=O)=O)=O)C=C1,O=C(O[Fr])C1=CC=C(C(OCCO[Rb])=O)C=C1,O=C([Fr])C(CP1(OC2=CC=CC=C2C3=CC=CC=C31)=O)CC(OCCO[Rb])=O,PET,99.3,,,PEDDP,0.7,,,,,,,,,,,,,,,,,,33.3
10.1016/j.polymdegradstab.2008.12.004,homopolymer,,,,[Fr]C(OCCOC1=C(P2(OC3=CC=CC=C3C4=CC=CC=C42)=O)C=C(OCCOC(C5=CC=C([Rb])C=C5)=O)C=C1)=O,,,,100,,,,0,,,,,,,,,,,,,,,,,33.5
10.1016/j.polymer.2016.05.053,homopolymer,,,,[Fr]CN(c1ccccc1)Cc1c(O)ccc(c1[Rb])C(c1ccc2c(c1)CN(CO2)c1ccccc1)(CCC(=O)OCC12COP(=O)(OC1)OC2)C,,,,100,,,,0,,,,,,,,,,,,,,,,,33.5
10.1002/pi.1946,copolymer,,PAN-co-DMpVBnP3,COP(CC1=CC=C(C=C1)C(CC(C#N)C[Rb])[Fr])(OC)=O,N#CC([Fr])C[Rb],O=P(OC)(OC)CC(C=C1)=CC=C1C([Fr])C[Rb],PAN,,85.8,,DMpVBnP,,14.2,,,,,,,,,,,,,,,,,33.6
10.1039/c7ra13228j,copolymer,,PA6-co-DDP5,[Fr]C(CCCCCNC(C(CP1(OC2=CC=CC=C2C3=CC=CC=C31)=O)CC(NCCCCCCCCCCN[Rb])=O)=O)=O,[Fr]C(CCCCCN[Rb])=O,O=C(NCCCCCCCCCCN[Rb])CC(C([Fr])=O)CP1(OC2=CC=CC=C2C3=CC=CC=C31)=O,PA6,95,,,DDPsalt,5,,,,,,,,,,,,,,,,,,33.7
10.1002/pi.1946,copolymer,,PAN-co-DEpVBnP3,CCOP(CC1=CC=C(C(CC(C#N)[Fr])C[Rb])C=C1)(OCC)=O,N#CC([Fr])C[Rb],O=P(OCC)(OCC)CC(C=C1)=CC=C1C([Fr])C[Rb],PAN,,92.3,,DEpVBnP,,7.7,,,,,,,,,,,,,,,,,33.8
10.1016/j.polymdegradstab.2010.07.001,copolymer,,P(BDT)0/100,O=P1(C2=C(C3=C(O1)C=CC=C3)C=CC=C2)C(C=C4OCCOC(C5=CC=C(C([Fr])=O)C=C5)=O)=C(C=C4)OCCO[Rb],O=C([Fr])C1=CC=C(C=C1)C(OCCO[Rb])=O,[Fr]C1=CC(P2(C3=C(C4=C(O2)C=CC=C4)C=CC=C3)=O)=C(C=C1)OCCO[Rb],PET,,50,,DOPO-HQ-GE,,50,,,,,,,,,,,,,,,,,34
Bajaj P. Heat and flame protection. Handbook of technical textiles. 2000 Jan 1:223-63.,homopolymer,,,,[Fr]C1=CC=C(S[Rb])C=C1,,,,100,,,,0,,,,,,,,,,,,,,,,,34
10.1007/s10118-010-9075-0,homopolymer,,,,[Fr]Nc1cccc(c1)P(=O)(c1ccccc1)c1cccc(c1)NC(=O)C(n1c(=O)c2c(c1=O)cc1c(c2)c(=O)n(c1=O)C(C(=O)[Rb])CC)CC,,,,100,,,,0,,,,,,,,,,,,,,,,,34
10.1002/pol.1981.170191101,homopolymer,,,,[Fr]OC1=CC=C(C(C2=CC=C(OC(C3=CC=C(C(C4=CC=CC=C45)(C6=CC=C(C=C6)C([Rb])=O)OC5=O)C=C3)=O)C=C2)(C7=CC=CC=C78)NC8=O)C=C1,,,,100,,,,0,,,,,,,,,,,,,,,,,34
10.1016/j.aiepr.2022.12.004,homopolymer,,,,[Fr]OC1=CC=C(C=C1)C(C2=CC=CC=C2)(C3=CC=C(C=C3)OC4=CC=C(C=C4)C(NCCNC(C5=CC=C(C=C5)[Rb])=O)=O)C,,,,100,,,,0,,,,,,,,,,,,,,,,,34
10.1016/S0141-3910(96)00126-7,homopolymer,,,,[Fr]Oc1c(C)cc(cc1C)S(=O)(=O)c1cc(C)c(c(c1)C)OP(=O)(Oc1ccccc1)[Rb],,,,100,,,,0,,,,,,,,,,,,,,,,,34
10.1002/(SICI)1097-4628(19970110)63:2<195::AID-APP7>3.0.CO;2-Q,homopolymer,,,,[Fr]Oc1ccc(cc1)C(C(F)(F)F)(C(F)(F)F)c1ccc(cc1)OC(=O)[Rb],,,,100,,,,0,,,,,,,,,,,,,,,,,34
10.1002/(SICI)1097-4628(19970110)63:2<195::AID-APP7>3.0.CO;2-Q,homopolymer,,,,[Fr]Oc1ccc(cc1)S(=O)(=O)c1ccc(cc1)OC(=O)[Rb],,,,100,,,,0,,,,,,,,,,,,,,,,,34
10.1002/app.24667,homopolymer,,,,CCCCC1(N(C(N(C(c2cc(C(N(c3cc(P(c4cc(N5C(c6ccc(C([Rb])=O)cc6C5=O)=O)ccc4)(c7ccccc7)=O)ccc3)C8=O)=O)c8cc2)=O)C1=O)=O)[Fr])CCCC,,,,100,,,,0,,,,,,,,,,,,,,,,,34
10.1002/(SICI)1099-0518(19990815)37:16<3285::AID-POLA26>3.0.CO;2-L,homopolymer,,,,COc1cc(/C=C/C(=O)/C=C/c2ccc(c(c2)OC)O[Fr])ccc1OP(=O)(Nc1ccccc1)[Rb],,,,100,,,,0,,,,,,,,,,,,,,,,,34
10.1002/(SICI)1099-0518(19990815)37:16<3285::AID-POLA26>3.0.CO;2-L,homopolymer,,,,COc1cc(ccc1OP(=O)(Nc1ccc(cc1)Br)[Rb])/C=C/1\CC(=O)C/C(=C\c2ccc(c(c2)OC)O[Fr])/C1,,,,100,,,,0,,,,,,,,,,,,,,,,,34
10.1016/S0141-3910(96)00126-7,homopolymer,,,,COc1ccc(cc1)OP(=O)(Oc1c(C)cc(cc1C)S(=O)(=O)c1cc(C)c(c(c1)C)O[Rb])[Fr],,,,100,,,,0,,,,,,,,,,,,,,,,,34
10.1002/(SICI)1097-4628(19990404)72:1%3C109::AID-APP12%3E3.0.CO;2-Q,copolymer,,PA12,O=C(O[Fr])C1=CC=C(C(OCCOC(C(CP2(OC3=CC=CC=C3C4=CC=CC=C42)=O)CC(OCCO[Rb])=O)=O)=O)C=C1,O=C(O[Fr])C1=CC=C(C(OCCO[Rb])=O)C=C1,O=C([Fr])C(CP1(OC2=CC=CC=C2C3=CC=CC=C31)=O)CC(OCCO[Rb])=O,PET,98.8,,,PEDDP,1.2,,,,,,,,,,,,,,,,,,34.1
10.1002/(SICI)1097-4628(19990404)72:1<109::AID-APP12>3.0.CO;2-Q,copolymer,,PET-co-PEDDP(PA12),O=C([Fr])C1=CC=C(C(OCCOC(C(CP(OC2=C3C=CC=C2)(C4=CC=CC=C43)=O)CC(OCCO[Rb])=O)=O)=O)C=C1,O=C([Fr])C1=CC=C(C(=O)OCCO[Rb])C=C1,O=P(C1=CC=CC=C12)(CC(CC(OCCO[Rb])=O)C([Fr])=O)OC3=C2C=CC=C3,PET,,92.1,,DDP,,7.9,,,,,,,,,,,,,,,,,34.1
10.1002/(SICI)1097-4628(19990404)72:1<109::AID-APP12>3.0.CO;2-Q,copolymer,,PET12,O=C(CC(CP1(=O)OC2=C(C=CC=C2)C2=C1C=CC=C2)C(=O)OCCOC(=O)C1=CC=C(C(=O)[Fr])C=C1)OCC[Rb],O=C([Fr])C1=CC=C(C(=O)OCCO[Rb])C=C1,O=C(OCCO[Rb])CC(C([Fr])=O)CP1(OC2=C(C3=C1C=CC=C3)C=CC=C2)=O,PET,85.6,,,PEDDP,14.4,,,,,,,,,,,,,,,,,,34.1
10.1039/C5PY01938A,homopolymer,,,,[Rb]OCCOc1ccc(cc1)Oc1ccc(cc1)Oc1ccc(cc1)OCCOC(=O)c1ccc(cc1)C(=O)[Fr],,,,100,,,,0,,,,,,,,,,,,,,,,,34.1
10.1002/pat.3692,homopolymer,,,,[Rb]CC(C(=O)Nc1ccc(cc1)/C=C/C(=O)c1ccc2c(c1)ccc(c2)OC)[Fr],,,,100,,,,0,,,,,,,,,,,,,,,,,34.3
10.1007/s00289-016-1652-0,copolymer,,IIIB,O=C(OCCCCOC1=CC=C(C=C1)C2(CCCCC2)C3=CC=C(C=C3)OCCCCO[Rb])CCCCCCC([Fr])=O,OCCCCOC1=CC=C(C=C1)C2(CCCCC2)C3=CC=C(C=C3)OCCCCO,ClC(C1=CC=C(C=C1)C(Cl)=O)=O,BPPZ,,50,,ClB,,50,,,,,,,,,,,,,,,,,34.7
10.1007/s00289-016-1652-0,homopolymer,,,,[Fr]OCCCOc1ccc(cc1)C1(CCCCC1)c1ccc(cc1)OCCCOC(=O)CCCCCCC(=O)[Rb],,,,100,,,,0,,,,,,,,,,,,,,,,,34.7
10.1007/s10118-017-1896-7,homopolymer,,,,[Fr]Nc1ccc(cc1)Oc1ccc(cc1)NC(=O)c1cc(ccc1C(=O)O)c1ccc(c(c1)C(=O)O)C(=O)[Rb],,,,100,,,,0,,,,,,,,,,,,,,,,,34.9
10.1002/(SICI)1097-4628(19990404)72:1%3C109::AID-APP12%3E3.0.CO;2-Q,copolymer,,PA20,O=C(O[Fr])C1=CC=C(C(OCCOC(C(CP2(OC3=CC=CC=C3C4=CC=CC=C42)=O)CC(OCCO[Rb])=O)=O)=O)C=C1,O=C(O[Fr])C1=CC=C(C(OCCO[Rb])=O)C=C1,O=C([Fr])C(CP1(OC2=CC=CC=C2C3=CC=CC=C31)=O)CC(OCCO[Rb])=O,PET,98,,,PEDDP,2,,,,,,,,,,,,,,,,,,35
10.1002/(SICI)1097-4628(19990404)72:1<109::AID-APP12>3.0.CO;2-Q,copolymer,,PET-co-PEDDP(PA20),O=C([Fr])C1=CC=C(C(OCCOC(C(CP(OC2=C3C=CC=C2)(C4=CC=CC=C43)=O)CC(OCCO[Rb])=O)=O)=O)C=C1,O=C([Fr])C1=CC=C(C(=O)OCCO[Rb])C=C1,O=P(C1=CC=CC=C12)(CC(CC(OCCO[Rb])=O)C([Fr])=O)OC3=C2C=CC=C3,PET,,85,,DDP,,15,,,,,,,,,,,,,,,,,35
10.1002/(SICI)1097-4628(19990404)72:1<109::AID-APP12>3.0.CO;2-Q,copolymer,,PET20,O=C(CC(CP1(=O)OC2=C(C=CC=C2)C2=C1C=CC=C2)C(=O)OCCOC(=O)C1=CC=C(C(=O)[Fr])C=C1)OCC[Rb],O=C([Fr])C1=CC=C(C(=O)OCCO[Rb])C=C1,O=C(OCCO[Rb])CC(C([Fr])=O)CP1(OC2=C(C3=C1C=CC=C3)C=CC=C2)=O,PET,76,,,PEDDP,24,,,,,,,,,,,,,,,,,,35
10.1016/j.cclet.2022.06.038,copolymer,,N-BPA,CC(C1=CC=C(C=C1)OC(C2=CC=C(C=C2)C([Fr])=O)=O)(C3=CC=C(C=C3)OC(C4=CC5=C(C=C(C=C5)O[Rb])C=C4)=O)C,CC(=O)OC1=CC=C(C(C)(C)C2=CCC(OC(C)=O)C=C2)C=C1,CC(C1=CC=C(C=C1)OC(C2=CC=C(C=C2)C([Fr])=O)=O)(C3=CC=C(C=C3)O[Rb])C,ANA,,60,,BPAOAcTA,,20,,,,,,,,,,,,,,,,,35
10.1016/j.polymdegradstab.2020.109310,copolymer,,PENT5/5,CC(C)(CO[Rb])COC(=O)CCP(=O)(OCCOC(=O)C1=CC=C(C(=O)[Fr])C=C1)C1=CC=CC=C1,O=C([Fr])C1=CC=C(C(=O)OCCO[Rb])C=C1,CC(CO[Rb])(COC(CCP([Fr])(C1=CC=CC=C1)=O)=O)C,PET,95,,,HPPA,5,,,,,,,,,,,,,,,,,,35
10.1039/C5RA11390C,copolymer,,PBSH-4%,O=P(O[Fr])(CCC(OCCCCOC(CCC(OCCCCO[Rb])=O)=O)=O)C1=CC=CC=C1,O=C([Fr])CCC(OCCCCO[Rb])=O,O=P(O[Fr])(CCC(OCCCCO[Rb])=O)C1=CC=CC=C1,PBS,,96,,HPPPA,,4,,,,,,,,,,,,,,,,,35
10.1177/0954008312468182,homopolymer,,,,[Fr]Nc1ccc(cc1)Oc1ccc(cc1)NC(=O)c1cccnc1/N=N/NC(=S)Nc1ccc(cc1)S(=O)(=O)c1ccc(cc1)NC(=S)N/N=N/c1ncccc1C(=O)[Rb],,,,100,,,,0,,,,,,,,,,,,,,,,,35
"Materials Science-Poland, Vol. 28, No. 2, 2010",homopolymer,,,,[Fr]NCP(c1ccccc1)(c2cc(NC(C(C)N3C(c4ccc(C([Rb])=O)cc4C3=O)=O)=O)ccc2)=O,,,,100,,,,0,,,,,,,,,,,,,,,,,35
10.1007/s11224-014-0474-7,homopolymer,,,,[Fr]Oc1ccc(cc1)c1ccc(cc1)OP(=O)(c1ccccc1)[Rb],,,,100,,,,0,,,,,,,,,,,,,,,,,35
10.1016/j.matpr.2020.04.297,homopolymer,,,,[Rb]c1ccc(cc1)C(=O)c1ccc(cc1)Oc1ccc(cc1)C(=O)c1ccc(cc1)c1ccc(cc1)C(=O)c1ccc(cc1)Oc1ccc(cc1)C(=O)c1ccc(cc1)[Fr],,,,100,,,,0,,,,,,,,,,,,,,,,,35
10.1002/(SICI)1099-0518(19990815)37:16<3285::AID-POLA26>3.0.CO;2-L,homopolymer,,,,COc1cc(ccc1OP(=O)(Nc1ccc(cc1)Cl)[Rb])/C=C/1\CC(=O)C/C(=C\c2ccc(c(c2)OC)O[Fr])/C1,,,,100,,,,0,,,,,,,,,,,,,,,,,35
10.1002/pola.10129,homopolymer,,,,O=C(C1=CC(NC(C2=CC=C(OC3=CC=C(C=C3)OC4=CC=C(C=C4)C([Fr])=O)C=C2)=O)=CC=C1)OC5=CC(P6(OC7=C(C=CC=C7)C8=C6C=CC=C8)=O)=C(C9=C5C=CC=C9)OC(C%10=CC=CC(N[Rb])=C%10)=O,,,,100,,,,0,,,,,,,,,,,,,,,,,35
10.1002/pola.10129,homopolymer,,,,O=C(C1=CC=C(NC(C2=CC=C(OC3=CC=C(C=C3)OC4=CC=C(C=C4)C([Fr])=O)C=C2)=O)C=C1)OC5=CC(P6(OC7=C(C=CC=C7)C8=C6C=CC=C8)=O)=C(C9=C5C=CC=C9)OC(C%10=CC=C(N[Rb])C=C%10)=O,,,,100,,,,0,,,,,,,,,,,,,,,,,35
10.1002/(SICI)1097-4628(19990404)72:1%3C109::AID-APP12%3E3.0.CO;2-Q,copolymer,,PA30,O=C(O[Fr])C1=CC=C(C(OCCOC(C(CP2(OC3=CC=CC=C3C4=CC=CC=C42)=O)CC(OCCO[Rb])=O)=O)=O)C=C1,O=C(O[Fr])C1=CC=C(C(OCCO[Rb])=O)C=C1,O=C([Fr])C(CP1(OC2=CC=CC=C2C3=CC=CC=C31)=O)CC(OCCO[Rb])=O,PET,97,,,PEDDP,3,,,,,,,,,,,,,,,,,,35.2
10.1002/(SICI)1097-4628(19990404)72:1<109::AID-APP12>3.0.CO;2-Q,copolymer,,PET-co-PEDDP(PA30),O=C([Fr])C1=CC=C(C(OCCOC(C(CP(OC2=C3C=CC=C2)(C4=CC=CC=C43)=O)CC(OCCO[Rb])=O)=O)=O)C=C1,O=C([Fr])C1=CC=C(C(=O)OCCO[Rb])C=C1,O=P(C1=CC=CC=C12)(CC(CC(OCCO[Rb])=O)C([Fr])=O)OC3=C2C=CC=C3,PET,,77.4,,DDP,,22.6,,,,,,,,,,,,,,,,,35.2
10.1002/(SICI)1097-4628(19990404)72:1<109::AID-APP12>3.0.CO;2-Q,copolymer,,PET30,O=C(CC(CP1(=O)OC2=C(C=CC=C2)C2=C1C=CC=C2)C(=O)OCCOC(=O)C1=CC=C(C(=O)[Fr])C=C1)OCC[Rb],O=C([Fr])C1=CC=C(C(=O)OCCO[Rb])C=C1,O=C(OCCO[Rb])CC(C([Fr])=O)CP1(OC2=C(C3=C1C=CC=C3)C=CC=C2)=O,PET,63.9,,,PEDDP,36.1,,,,,,,,,,,,,,,,,,35.2
10.1016/j.compositesa.2021.106477,copolymer,,P(AN-co-DHS1),CC1(OC2=CC(C(CC(C#N)C[Rb])[Fr])=CC=C2O1)C,N#CC([Fr])C[Rb],CC(C)(OC1=C2)OC1=CC=C2C([Fr])C[Rb],PAN,,98.1,,ADHS,,1.9,,,,,,,,,,,,,,,,,35.2
10.1016/j.matchemphys.2005.09.013,copolymer,,PET/TLCP,O=C([Fr])C1=CC=C(OC(C2=CC=CC=C2C(OC3=CC=C(OC(C4=CC=C(C(OCCO[Rb])=O)C=C4)=O)C=C3P5(OC(C=CC=C6)=C6C7=C5C=CC=C7)=O)=O)=O)C=C1,[Fr]C(C1=CC=C(C(OCCO[Rb])=O)C=C1)=O,O=C([Fr])C1=CC=C(OC(C2=CC=CC=C2C(OC3=CC=C(O[Rb])C=C3P4(OC(C=CC=C5)=C5C6=C4C=CC=C6)=O)=O)=O)C=C1,PET,,80,,TLCP,,20,,,,,,,,,,,,,,,,,35.4
10.1002/pi.1946,copolymer,,PAN-co-DEpVBnP2,CCOP(CC1=CC=C(C(CC(C#N)[Fr])C[Rb])C=C1)(OCC)=O,N#CC([Fr])C[Rb],O=P(OCC)(OCC)CC(C=C1)=CC=C1C([Fr])C[Rb],PAN,,86.2,,DEpVBnP,,13.8,,,,,,,,,,,,,,,,,35.5
10.1007/s00289-015-1488-z,homopolymer,,,,[Fr]c1ccc(cc1)OCc1nnn(c1)CCCn1nnc(c1)COc1ccc(cc1)N1C(=O)c2c(C1=O)cc(cc2)C(=O)c1ccc2c(c1)C(=O)N(C2=O)[Rb],,,,100,,,,0,,,,,,,,,,,,,,,,,35.6
10.1007/s00289-015-1488-z,homopolymer,,,,O=C(C(C1=C2)=CC(C3=O)=C2C(N3C(C=C4)=CC=C4OCC5=CN(N=N5)CCCN(N=N6)C=C6COC(C=C7)=CC=C7[*])=O)N([*])C1=O,,,,100,,,,0,,,,,,,,,,,,,,,,,35.8
10.1039/D3TA01200J,homopolymer,,,,CC(C)(C1=CC=C(OC(O[Fr])=O)C=C1)C(C=C2)=CC=C2OC(OC3=CC=C(C4(C5=CC=C([Rb])C=C5)C6=CC=CC=C6C(O4)=O)C=C3)=O,,,,100,,,,0,,,,,,,,,,,,,,,,,35.9
10.1007/s11224-014-0474-7,homopolymer,,,,[Fr]Oc1ccc(cc1)/N=N/c1ccc(cc1)OP(=O)(Oc1ccccc1)[Rb],,,,100,,,,0,,,,,,,,,,,,,,,,,36
10.1002/(SICI)1099-0518(199812)36:17<3051::AID-POLA6>3.0.CO;2-A,homopolymer,,,,[Fr]OCCOc1ccc(cc1P1(=O)Oc2ccccc2c2c1cccc2)OCCOC(=O)c1cccc(c1)C(=O)[Rb],,,,100,,,,0,,,,,,,,,,,,,,,,,36
10.1002/(SICI)1099-0518(19990815)37:16<3285::AID-POLA26>3.0.CO;2-L,homopolymer,,,,COc1cc(/C=C/C(=O)/C=C/c2ccc(c(c2)OC)O[Fr])ccc1OP(=O)(Nc1ccc(cc1)Cl)[Rb],,,,100,,,,0,,,,,,,,,,,,,,,,,36
10.1016/S0141-3910(96)00126-7,homopolymer,,,,COc1ccc(cc1)OP(=O)(Oc1ccc(cc1)S(=O)(=O)c1ccc(cc1)O[Fr])[Rb],,,,100,,,,0,,,,,,,,,,,,,,,,,36
10.1002/pola.10129,homopolymer,,,,O=C(OC1=CC(P2(OC3=C(C4=C2C=CC=C4)C=CC=C3)=O)=C(OC(C5=CC=CC(N[Rb])=C5)=O)C6=C1C=CC=C6)C7=CC(NC(C8=CC=C(C=C8)OC9=CC=C(C([Fr])=O)C=C9)=O)=CC=C7,,,,100,,,,0,,,,,,,,,,,,,,,,,36
10.1002/(SICI)1099-0518(199812)36:17&lt;3051::AID-POLA6&gt;3.0.CO;2-A,homopolymer,,,,O=P1(C2=C(OCCO[Rb])C=CC(OCCOC(C3=CC(C([Fr])=O)=CC=C3)=O)=C2)C4=C(C=CC=C4)C5=C(C=CC=C5)O1,,,,100,,,,0,,,,,,,,,,,,,,,,,36
10.1007/s00289-015-1488-z,homopolymer,,,,[Fr]c1ccc(cc1)OCc1nnn(c1)c1ccc(cc1)Oc1ccc(cc1)Oc1ccc(cc1)n1nnc(c1)COc1ccc(cc1)N1C(=O)c2c(C1=O)cc(cc2)C(=O)c1ccc2c(c1)C(=O)N(C2=O)[Rb],,,,100,,,,0,,,,,,,,,,,,,,,,,36.1
10.1016/j.compositesa.2021.106477,copolymer,,P(AN-co-DHS3),CC1(OC2=CC(C(CC(C#N)C[Rb])[Fr])=CC=C2O1)C,N#CC([Fr])C[Rb],CC(C)(OC1=C2)OC1=CC=C2C([Fr])C[Rb],PAN,,97,,ADHS,,3,,,,,,,,,,,,,,,,,36.5
10.2494/photopolymer.24.247,homopolymer,,,,[Fr]c1ccc(cc1)Oc1ccc(cc1)C(c1ccc(cc1)Oc1ccc(cc1)c1ccc(cc1)N1C(=O)c2c(C1=O)cc(cc2)C(=O)Oc1ccc(cc1P1(=O)Oc2ccccc2c2c1cccc2)OC(=O)c1ccc2c(c1)C(=O)N(C2=O)[Rb])(C)C,,,,100,,,,0,,,,,,,,,,,,,,,,,36.5
10.1002/(SICI)1099-0518(199812)36:17<3051::AID-POLA6>3.0.CO;2-A,homopolymer,,,,[Fr]OCCOc1ccc(cc1P1(=O)Oc2ccccc2c2c1cccc2)OCCOC(=O)c1ccc(cc1)Oc1ccc(cc1)C(=O)[Rb],,,,100,,,,0,,,,,,,,,,,,,,,,,37
10.1002/pola.10129,homopolymer,,,,O=C(OC1=CC(P2(OC3=C(C4=C2C=CC=C4)C=CC=C3)=O)=C(OC(C5=CC=C(N[Rb])C=C5)=O)C6=C1C=CC=C6)C7=CC=C(NC(C8=CC=C(C=C8)OC9=CC=C(C([Fr])=O)C=C9)=O)C=C7,,,,100,,,,0,,,,,,,,,,,,,,,,,37
10.1002/(SICI)1099-0518(199812)36:17&lt;3051::AID-POLA6&gt;3.0.CO;2-A,homopolymer,,,,O=P1(C2=C(OCCO[Rb])C=CC(OCCOC(C3=CC=C(OC4=CC=C(C([Fr])=O)C=C4)C=C3)=O)=C2)C5=C(C=CC=C5)C6=C(C=CC=C6)O1,,,,100,,,,0,,,,,,,,,,,,,,,,,37
10.1007/s00289-016-1652-0,homopolymer,,,,[Fr]OCCCOc1ccc(cc1)C1(CCCCC1)c1ccc(cc1)OCCCOC(=O)c1ccc(cc1)C(=O)[Rb],,,,100,,,,0,,,,,,,,,,,,,,,,,37.1
10.1039/D3TA01201J,homopolymer,,,,O=C(O[Fr])OC(C=C1)=CC=C1OC(C=C2)=CC=C2OC(OC3=CC=C(C4(C5=CC=C([Rb])C=C5)C6=CC=CC=C6C(O4)=O)C=C3)=O,,,,100,,,,0,,,,,,,,,,,,,,,,,37.3
Bajaj P. Heat and flame protection. Handbook of technical textiles. 2000 Jan 1:223-63.,homopolymer,,,,[Fr]C(Cl)C[Rb],,,,100,,,,0,,,,,,,,,,,,,,,,,38
10.1007/s11224-014-0474-7,homopolymer,,,,[Fr]Oc1ccc(cc1)C(c1ccc(cc1)OP(=O)(c1ccccc1)[Rb])(C)C,,,,100,,,,0,,,,,,,,,,,,,,,,,38
10.1002/pol.1978.130160703,homopolymer,,,,[Fr]Oc1ccc(cc1)C1(c2ccc(cc2)OC(=O)[Rb])c2ccccc2c2c1cccc2,,,,100,,,,0,,,,,,,,,,,,,,,,,38
10.1002/(SICI)1097-4628(20000118)75:3<384::AID-APP7>3.0.CO;2-R,homopolymer,,,,[Rb]C1=CC=C(S(C2=CC=C(N3C(C(C=CC(C(C4=CC=C(C(N([Fr])C5=O)=O)C5=C4)=O)=C6)=C6C3=O)=O)C=C2)(=O)=O)C=C1,,,,100,,,,0,,,,,,,,,,,,,,,,,38
10.1002/(SICI)1099-0518(19990815)37:16<3285::AID-POLA26>3.0.CO;2-L,homopolymer,,,,COc1cc(/C=C/C(=O)/C=C/c2ccc(c(c2)OC)O[Fr])ccc1OP(=O)(Nc1ccc(cc1)Br)[Rb],,,,100,,,,0,,,,,,,,,,,,,,,,,38
10.3390/molecules17089090,homopolymer,,,,O=P(OC1=CC=C(C(C)(C2=CC=C(O[Fr])C=C2)C)C=C1)([Rb])C3=CC=CC=C3,,,,100,,,,0,,,,,,,,,,,,,,,,,38
10.1039/D3TA01200J,homopolymer,,,,O=C(O[Fr])OC(C=C1)=CC=C1SC(C=C2)=CC=C2OC(OC3=CC=C(C4(C5=CC=C([Rb])C=C5)C6=CC=CC=C6C(O4)=O)C=C3)=O,,,,100,,,,0,,,,,,,,,,,,,,,,,38.2
10.1016/S0141-3910(02)00041-1,copolymer,,PET-CEPP8,O=P(CCC(OCCO[Rb])=O)(OCCOC(C(C=C1)=CC=C1C([Fr])=O)=O)C2=CC=CC=C2,O=C(C1=CC=C(C(OCCO[Rb])=O)C=C1)[Fr],O=P(C1=CC=CC=C1)(CCC(OCCO[Rb])=O)[Fr],PET,92,,,CEPP,8,,,,,,,,,,,,,,,,,,38.6
10.1007/s00289-015-1488-z,homopolymer,,,,O=C(C(C1=C2)=CC(C3=O)=C2C(N3C(C=C4)=CC=C4OCC5=CN(N=N5)C(C=C6)=CC=C6OC(C=C7)=CC=C7OC(C=C8)=CC=C8N(N=N9)C=C9COC(C=C%10)=CC=C%10[*])=O)N([*])C1=O,,,,100,,,,0,,,,,,,,,,,,,,,,,38.8
10.1016/j.aiepr.2022.12.004,homopolymer,,,,[Fr]C(C1=CC(OC2=CC=C(P(C3=CC=C(OC4=CC(C(NC5=CC([H])=C(OC6=CC=C(C7(C8=CC=CC=C8OC9=C7C=CC=C9)C%10=CC=C(OC%11=C([H])C=C(N[Rb])C=C%11)C=C%10)C=C6)C=C5)=O)=CC=C4)C=C3)(C%12=CC=CC=C%12)=O)C=C2)=CC=C1)=O,,,,100,,,,0,,,,,,,,,,,,,,,,,39
10.1177/0954008319901148,homopolymer,,,,[Fr]Oc1ccc(cc1)c1nc(cc(c1)c1ccc(cc1)P(c1ccccc1)c1ccccc1)c1ccc(cc1)Oc1ccc(cc1)C(=O)c1ccc(cc1)Oc1ccc(cc1)C(=O)[Rb],,,,100,,,,0,,,,,,,,,,,,,,,,,39
10.1177/0954008320910807,homopolymer,,,,[Rb]Nc1ccc(cc1)c1nc(cc(c1)c1ccc(cc1)P(c1ccccc1)c1ccccc1)c1ccc(cc1)NC(=O)c1cccc(c1)C(=O)[Fr],,,,100,,,,0,,,,,,,,,,,,,,,,,39
10.1002/app.30477,homopolymer,,,,[Rb]OCCOP(=O)(OOC12COP(=O)(OC1)OC2)OCC[Fr],,,,100,,,,0,,,,,,,,,,,,,,,,,39
10.1007/s10118-015-1557-7,homopolymer,,,,S=C(NC(C1=CC=CC(C(NC(NC2=CC=C(C=C2)[*])=S)=O)=N1)=O)NC3=CC=C(C=C3)N4C(C5=C(C4=O)C=C6C(C(N(C6=O)[*])=O)=C5)=O,,,,100,,,,0,,,,,,,,,,,,,,,,,39.18
10.1016/j.chemosphere.2019.06.151,copolymer,,FRPBS2,O=P(OCCCCO[Rb])(OC1=CC=CC=C1)OCCCCOC(CCC(OCCCCOC(CCC([Fr])=O)=O)=O)=O,O=C(OCCCCO[Rb])CCC([Fr])=O,[Fr]C(CCC(OCCCCOP(OCCCCO[Rb])(OC1=CC=CC=C1)=O)=O)=O,PBS,80,,,PPBS1,20,,,,,,,,,,,,,,,,,,39.2
10.1016/j.polymdegradstab.2011.01.035,copolymer,,PET-P-DOPO,O=C([Fr])C1=CC=C(C=C1)C(OCCOC2=CC(P3(C4=C(C5=C(O3)C=CC=C5)C=CC=C4)=O)=C(C=C2)OCCO[Rb])=O,O=C([Fr])C1=CC=C(C=C1)C(OCCO[Rb])=O,[Fr]C1=CC(P2(C3=C(C4=C(O2)C=CC=C4)C=CC=C3)=O)=C(C=C1)OCCO[Rb],PET,74,,,DOPO-HQ-GE,26,,,,,,,,,,,,,,,,,,39.3
10.1016/j.chemosphere.2019.06.151,copolymer,,FRPBS4,O=C(OCCCCOC(CCC(OCCCCOP(OCCCCOC(CCC(O[Rb])=O)=O)(OC1=CC=CC=C1)=O)=O)=O)CCC([Fr])=O,O=C(OCCCCO[Rb])CCC([Fr])=O,[Fr]C(CCC(OCCCCOP(OCCCCOC(CCC(O[Rb])=O)=O)(OC1=CC=CC=C1)=O)=O)=O,PBS,80,,,PPBS2,20,,,,,,,,,,,,,,,,,,39.6
10.1007/s11696-020-01494-7,homopolymer,,,,[Rb]c1ccc(cc1)C(=O)Nc1ccc(cc1)Oc1ccc(cc1)C(c1ccc(cc1)Oc1ccc(cc1)NC(=O)c1ccc(cc1)N1C(=O)C2C(C1=O)c1c2ccc(c1)C(=O)c1ccc2c(c1)C1C2C(=O)N(C1=O)[Fr])(C)C,,,,100,,,,0,,,,,,,,,,,,,,,,,39.9
10.1016/j.chemosphere.2019.06.151,copolymer,,FRPBS3,O=P(OCCCCO[Rb])(OC1=CC=CC=C1)OCCCCOC(CCC(OCCCCOC(CCC([Fr])=O)=O)=O)=O,O=C(OCCCCO[Rb])CCC([Fr])=O,[Fr]C(CCC(OCCCCOP(OCCCCO[Rb])(OC1=CC=CC=C1)=O)=O)=O,PBS,60,,,PPBS1,40,,,,,,,,,,,,,,,,,,40
10.1177/0954008320910807,homopolymer,,,,[Fr]Nc1ccc(cc1)c1nc(cc(c1)c1ccc(cc1)P(c1ccccc1)c1ccccc1)c1ccc(cc1)NC(=O)c1ccc(cc1)Oc1ccc(cc1)Oc1ccc(cc1)C(=O)[Rb],,,,100,,,,0,,,,,,,,,,,,,,,,,40
10.1007/s11224-014-0474-7,homopolymer,,,,[Fr]Oc1c(Br)cc(cc1Br)C(c1cc(Br)c(c(c1)Br)OP(=O)(Oc1ccccc1)[Rb])(C)C,,,,100,,,,0,,,,,,,,,,,,,,,,,40
10.1002/app.28552,homopolymer,,,,[Rb]C1=CC=C(C(C2=CC=C(P(C3=CC=C(C(C4=CC=C(OC5=CC=C(C(C)(C6=CC=C(O[Fr])C=C6)C)C=C5)C=C4)=O)C=C3)(C7=CC=CC=C7)=O)C=C2)=O)C=C1,,,,100,,,,0,,,,,,,,,,,,,,,,,40
10.1016/S0141-3910(96)00126-7,homopolymer,,,,[Rb]Oc1c(C)cc(cc1C)S(=O)(=O)c1cc(C)c(c(c1)C)OP(=O)(Oc1ccc(cc1)Br)[Fr],,,,100,,,,0,,,,,,,,,,,,,,,,,40
10.1016/j.crci.2010.07.002,homopolymer,,,,[Rb]P(OC1=CC=C(C(C)(C2=CC=CC(C(C)(C)C3=CC=C(O[Fr])C=C3)=C2)C)C=C1)(C4=CC=CC=C4)=O,,,,100,,,,0,,,,,,,,,,,,,,,,,40
10.1002/pola.10129,homopolymer,,,,O=C(OC1=CC(P2(OC3=C(C4=C2C=CC=C4)C=CC=C3)=O)=C(OC(C5=CC=C(N[Rb])C=C5)=O)C6=C1C=CC=C6)C7=CC=C(NC(C8=CC=C(C=C8)S(C9=CC=C(C([Fr])=O)C=C9)(=O)=O)=O)C=C7,,,,100,,,,0,,,,,,,,,,,,,,,,,40
10.1002/pola.10129,homopolymer,,,,O=C(OC1=CC(P2(OC3=C(C4=C2C=CC=C4)C=CC=C3)=O)=C(OC(C5=CC=CC(N[Rb])=C5)=O)C6=C1C=CC=C6)C7=CC(NC(C8=CC=C(C=C8)S(C9=CC=C(C([Fr])=O)C=C9)(=O)=O)=O)=CC=C7,,,,100,,,,0,,,,,,,,,,,,,,,,,40
10.1002/pol.1981.170191101,homopolymer,,,,[Fr]N([H])C1=CC=C(C(C2=CC=C(N(C(C3=CC=C(C(C4=CC=CC=C4C5=O)(O5)C6=CC=C(C([Rb])=O)C=C6)C=C3)=O)[H])C=C2)(C7=CC=CC=C78)OC8=O)C=C1,,,,100,,,,0,,,,,,,,,,,,,,,,,40.5
10.1016/j.chemosphere.2019.06.151,copolymer,,FRPBS5,O=C(OCCCCOC(CCC(OCCCCOP(OCCCCOC(CCC(O[Rb])=O)=O)(OC1=CC=CC=C1)=O)=O)=O)CCC([Fr])=O,O=C(OCCCCO[Rb])CCC([Fr])=O,[Fr]C(CCC(OCCCCOP(OCCCCOC(CCC(O[Rb])=O)=O)(OC1=CC=CC=C1)=O)=O)=O,PBS,60,,,PPBS2,40,,,,,,,,,,,,,,,,,,40.8
10.1002/(SICI)1097-4628(19960307)59:10<1619::AID-APP14>3.0.CO;2-R,copolymer,,PS-OH-1,CCOP(Oc1ccc(C([Fr])C[Rb])cc1)(OCC)=O,Oc1ccc(C([Fr])C[Rb])cc1,[Fr]C(C[Rb])c1ccc(OP(OCC)(OCC)=O)cc1,PS-OH,,5,,Diethylchlorophosphate (DECP),,95,,,,,,,,,,,,,,,,,41
10.1016/j.aiepr.2022.12.004,homopolymer,,,,[Fr]C(C1=CC(OC2=CC=C(C=C2)P(C3=CC=C(C=C3)OC4=CC(C(NC5=CC([H])=C(C=C5)OC6=CC=C(C=C6)C(C7=CC=CC=C7)(C8=CC=C(C=C8)OC9=C(C=C(C=C9)N[Rb])[H])C%10=CC=CC=C%10)=O)=CC=C4)(C%11=CC=CC=C%11)=O)=CC=C1)=O,,,,100,,,,0,,,,,,,,,,,,,,,,,41
10.2494/photopolymer.24.247,homopolymer,,,,[Fr]c1ccc(cc1)Oc1ccc(cc1)N1C(=O)c2c(C1=O)ccc(c2)C(=O)Oc1ccc(cc1P1(=O)Oc2ccccc2c2c1cccc2)OC(=O)c1ccc2c(c1)C(=O)N(C2=O)[Rb],,,,100,,,,0,,,,,,,,,,,,,,,,,41
10.1177/0954008319901148,homopolymer,,,,[Fr]Oc1ccc(cc1)c1nc(cc(c1)c1ccc(cc1)P(c1ccccc1)c1ccccc1)c1ccc(cc1)Oc1ccc(cc1)C(=O)c1ccc(cc1)c1ccc(cc1)C(=O)c1ccc(cc1)[Rb],,,,100,,,,0,,,,,,,,,,,,,,,,,41
10.1002/(SICI)1099-0518(199812)36:17<3051::AID-POLA6>3.0.CO;2-A,homopolymer,,,,[Fr]OCCOc1ccc(cc1P1(=O)Oc2ccccc2c2c1cccc2)OCCOC(=O)c1ccc(cc1)C(=O)c1ccc(cc1)C(=O)[Rb],,,,100,,,,0,,,,,,,,,,,,,,,,,41
10.1002/(SICI)1099-0518(199812)36:17<3051::AID-POLA6>3.0.CO;2-A,homopolymer,,,,[Fr]OCCOc1ccc(cc1P1(=O)Oc2ccccc2c2c1cccc2)OCCOC(=O)c1ccc2c(c1)ccc(c2)C(=O)[Rb],,,,100,,,,0,,,,,,,,,,,,,,,,,41
10.1177/0954008320910807,homopolymer,,,,[Rb]Nc1ccc(cc1)c1nc(cc(c1)c1ccc(cc1)P(c1ccccc1)c1ccccc1)c1ccc(cc1)NC(=O)c1ccc(cc1)Oc1ccc(cc1)C(=O)[Fr],,,,100,,,,0,,,,,,,,,,,,,,,,,41
10.1002/pola.10129,homopolymer,,,,O=C(OC1=CC(P2(OC3=C(C4=C2C=CC=C4)C=CC=C3)=O)=C(OC(C5=CC=C(N[Rb])C=C5)=O)C6=C1C=CC=C6)C7=CC=C(NC(C8=CC(C([Fr])=O)=CC=C8)=O)C=C7,,,,100,,,,0,,,,,,,,,,,,,,,,,41
10.1002/(SICI)1099-0518(199812)36:17&lt;3051::AID-POLA6&gt;3.0.CO;2-A,homopolymer,,,,O=P1(C2=C(OCCO[Rb])C=CC(OCCOC(C3=CC=C(C(C4=CC=C(C([Fr])=O)C=C4)=O)C=C3)=O)=C2)C5=C(C=CC=C5)C6=C(C=CC=C6)O1,,,,100,,,,0,,,,,,,,,,,,,,,,,41
10.1002/(SICI)1099-0518(199812)36:17&lt;3051::AID-POLA6&gt;3.0.CO;2-A,homopolymer,,,,O=P1(C2=C(OCCO[Rb])C=CC(OCCOC(C3=CC=C4C(C=CC(C([Fr])=O)=C4)=C3)=O)=C2)C5=C(C=CC=C5)C6=C(C=CC=C6)O1,,,,100,,,,0,,,,,,,,,,,,,,,,,41
10.1007/s11696-020-01494-7,homopolymer,,,,[Rb]c1ccc(cc1)C(=O)Nc1ccc(cc1)Oc1ccc(cc1)C(c1ccc(cc1)Oc1ccc(cc1)NC(=O)c1ccc(cc1)N1C(=O)C2C(C1=O)c1c2cc2c(c1)C1C2C(=O)N(C1=O)[Fr])(C)C,,,,100,,,,0,,,,,,,,,,,,,,,,,41.1
10.1002/pat.5153,homopolymer,,,,[Rb]N1C(C2CC(C3CC2C1=O)C(N(C3=O)C4=CC=C(C=C4)OC5=CC(P(C6=CC=CC=C6)(C7=CC=CC=C7)=O)=C(C=C5)OC8=CC=C(C=C8)[Fr])=O)=O,,,,100,,,,0,,,,,,,,,,,,,,,,,41.1
10.1177/0954008312442425,homopolymer,,,,[Rb]Oc1ccc(c(c1)c1ccccc1)Oc1ccc(cc1)C(=O)c1ccc(cc1)C(=O)c1ccc(cc1)[Fr],,,,100,,,,0,,,,,,,,,,,,,,,,,41.42
10.1016/j.aiepr.2022.12.004,homopolymer,,,,[Fr]C(C1=CC(OC2=CC=C(P(C3=CC=C(OC4=CC(C(NC5=CC([H])=C(OC6=CC=C(C(C7=CC=CC=C7C8=O)(C9=C8C=CC=C9)C%10=CC=C(OC%11=C([H])C=C(N[Rb])C=C%11)C=C%10)C=C6)C=C5)=O)=CC=C4)C=C3)(C%12=CC=CC=C%12)=O)C=C2)=CC=C1)=O,,,,100,,,,0,,,,,,,,,,,,,,,,,42
10.1016/j.aiepr.2022.12.004,homopolymer,,,,[Fr]C(C1=CC(OC2=CC=C(P(C3=CC=C(OC4=CC(C(NC5=CC(C(F)(F)F)=C(OC6=CC=C(C7(C8=CC=CC=C8OC9=C7C=CC=C9)C%10=CC=C(OC%11=C(C(F)(F)F)C=C(N[Rb])C=C%11)C=C%10)C=C6)C=C5)=O)=CC=C4)C=C3)(C%12=CC=CC=C%12)=O)C=C2)=CC=C1)=O,,,,100,,,,0,,,,,,,,,,,,,,,,,42
10.1177/0954008315580822,homopolymer,,,,[Fr]CN(c1ccccc1)Cc1cc(/C=N/CC/N=C/c2ccc3c(c2)CN(CO3)c2ccccc2)cc(c1O)[Rb],,,,100,,,,0,,,,,,,,,,,,,,,,,42
10.1007/s13233-011-1111-6,homopolymer,,,,[Fr]Oc1ccc(cc1)C1(CCCCC1)c1ccc(cc1)OP(=O)(c1ccccc1)[Rb],,,,100,,,,0,,,,,,,,,,,,,,,,,42
10.1016/S0141-3910(96)00126-7,homopolymer,,,,[Fr]Oc1ccc(cc1)S(=O)(=O)c1ccc(cc1)OP(=O)(Oc1ccc(cc1)C)[Rb],,,,100,,,,0,,,,,,,,,,,,,,,,,42
10.1002/app.1496,homopolymer,,,,[Fr]Oc1ccc2c(c1)Oc1c(C32OC(=O)c2c3cccc2)ccc(c1)OP(=O)(c1ccccc1)[Rb],,,,100,,,,0,,,,,,,,,,,,,,,,,42
10.1002/(SICI)1099-0518(199812)36:17<3051::AID-POLA6>3.0.CO;2-A,homopolymer,,,,[Fr]OCCOc1ccc(cc1P1(=O)Oc2ccccc2c2c1cccc2)OCCOC(=O)c1ccc(cc1)C(=O)[Rb],,,,100,,,,0,,,,,,,,,,,,,,,,,42
10.1002/(SICI)1099-0518(199812)36:17&lt;3051::AID-POLA6&gt;3.0.CO;2-A,homopolymer,,,,O=P1(C2=C(OCCO[Rb])C=CC(OCCOC(C3=CC=C(C=C3)C([Fr])=O)=O)=C2)C4=C(C=CC=C4)C5=C(C=CC=C5)O1,,,,100,,,,0,,,,,,,,,,,,,,,,,42
10.1002/pol.1981.170191101,homopolymer,,,,[Fr]N([H])C1=CC=C(C(C2=CC=C(N(C(C3=CC=CC(C([Rb])=O)=C3)=O)[H])C=C2)(C4=CC=CC=C45)OC5=O)C=C1,,,,100,,,,0,,,,,,,,,,,,,,,,,42.5
Bajaj P. Heat and flame protection. Handbook of technical textiles. 2000 Jan 1:223-63.,homopolymer,,,,[Fr]C(C(OC)=O)C[Rb],,,,100,,,,0,,,,,,,,,,,,,,,,,43
10.1177/0954008320910807,homopolymer,,,,[Fr]Nc1nc(cc(c1)c1ccc(cc1)P(c1ccccc1)c1ccccc1)c1ccc(cc1)NC(=O)c1ccc(cc1)Oc1ccc(cc1)S(=O)(=O)c1ccc(cc1)Oc1ccc(cc1)C(=O)[Rb],,,,100,,,,0,,,,,,,,,,,,,,,,,43
10.1177/0954008319901148,homopolymer,,,,[Fr]Oc1ccc(cc1)c1nc(cc(c1)c1ccc(cc1)P(c1ccccc1)c1ccccc1)c1ccc(cc1)Oc1ccc(cc1)C(=O)c1ccc(cc1)[Rb],,,,100,,,,0,,,,,,,,,,,,,,,,,43
10.1002/(SICI)1099-0518(199812)36:17<3051::AID-POLA6>3.0.CO;2-A,homopolymer,,,,[Fr]OCCOc1ccc(cc1P1(=O)Oc2ccccc2c2c1cccc2)OCCOC(=O)c1ccc(cc1)c1ccc(cc1)C(=O)[Rb],,,,100,,,,0,,,,,,,,,,,,,,,,,43
10.1002/(SICI)1099-0518(199812)36:17<3051::AID-POLA6>3.0.CO;2-A,homopolymer,,,,[Fr]OCCOc1ccc(cc1P1(=O)Oc2ccccc2c2c1cccc2)OCCOC(=O)c1ccc(cc1)S(=O)(=O)c1ccc(cc1)C(=O)[Rb],,,,100,,,,0,,,,,,,,,,,,,,,,,43
10.1177/0954008320910807,homopolymer,,,,[Rb]Nc1ccc(cc1)c1nc(cc(c1)c1ccc(cc1)P(c1ccccc1)c1ccccc1)c1ccc(cc1)NC(=O)c1ccc(cc1)C(=O)[Fr],,,,100,,,,0,,,,,,,,,,,,,,,,,43
10.1002/pola.10129,homopolymer,,,,O=C(OC1=C(P2(OC3=C(C4=C2C=CC=C4)C=CC=C3)=O)C=C(O[Rb])C=C1)C5=CC=C(NC(C6=CC=C(C(NC7=CC=C(C([Fr])=O)C=C7)=O)C=C6)=O)C=C5,,,,100,,,,0,,,,,,,,,,,,,,,,,43
10.1002/pola.10129,homopolymer,,,,O=C(OC1=CC(P2(OC3=C(C4=C2C=CC=C4)C=CC=C3)=O)=C(OC(C5=CC=CC(N[Rb])=C5)=O)C6=C1C=CC=C6)C7=CC(NC(C8=CC(C([Fr])=O)=CC=C8)=O)=CC=C7,,,,100,,,,0,,,,,,,,,,,,,,,,,43
10.1002/(SICI)1099-0518(199812)36:17&lt;3051::AID-POLA6&gt;3.0.CO;2-A,homopolymer,,,,O=P1(C2=C(OCCO[Rb])C=CC(OCCOC(C3=CC=C(C4=CC=C(C([Fr])=O)C=C4)C=C3)=O)=C2)C5=C(C=CC=C5)C6=C(C=CC=C6)O1,,,,100,,,,0,,,,,,,,,,,,,,,,,43
10.1002/(SICI)1099-0518(199812)36:17&lt;3051::AID-POLA6&gt;3.0.CO;2-A,homopolymer,,,,O=P1(C2=C(OCCO[Rb])C=CC(OCCOC(C3=CC=C(S(C4=CC=C(C([Fr])=O)C=C4)(=O)=O)C=C3)=O)=C2)C5=C(C=CC=C5)C6=C(C=CC=C6)O1,,,,100,,,,0,,,,,,,,,,,,,,,,,43
10.1016/j.eurpolymj.2020.109770,homopolymer,,,,Oc1c(CN(c2ccccc2)C[Fr])c([Rb])c(Sc3ccc(OC4)c(CN4c5ccccc5)c3)cc1,,,,100,,,,0,,,,,,,,,,,,,,,,,43
10.1016/0032-3861(91)90383-T,homopolymer,,,,[Fr]Oc1ccc(cc1)NC(=O)c1ccc(cc1)P(=O)(c1ccccc1)c1ccc(cc1)C(=O)Nc1ccc(cc1)OP(=O)(c1ccc(cc1)Cl)[Rb],,,,100,,,,0,,,,,,,,,,,,,,,,,43.5
10.1016/j.aiepr.2022.12.004,homopolymer,,,,[Fr]C(C1=CC(OC2=CC=C(C=C2)P(C3=CC=C(C=C3)OC4=CC(C(NC5=CC(C(F)(F)F)=C(C=C5)OC6=CC=C(C=C6)C(C7=CC=CC=C7)(C8=CC=C(C=C8)OC9=C(C=C(C=C9)N[Rb])C(F)(F)F)C%10=CC=CC=C%10)=O)=CC=C4)(C%11=CC=CC=C%11)=O)=CC=C1)=O,,,,100,,,,0,,,,,,,,,,,,,,,,,44
10.1177/0954008315580822,homopolymer,,,,[Fr]CN(c1ccccn1)Cc1c(O)ccc(c1[Rb])/C=N/CC/N=C/c1ccc2c(c1)CN(CO2)c1ccccn1,,,,100,,,,0,,,,,,,,,,,,,,,,,44
10.1177/0954008320910807,homopolymer,,,,[Fr]Nc1ccc(cc1)c1nc(cc(c1)c1ccc(cc1)P(c1ccccc1)c1ccccc1)c1ccc(cc1)NC(=O)c1ccc(cc1)Oc1ccc(cc1)C(C(F)(F)F)(C(F)(F)F)c1ccc(cc1)Oc1ccc(cc1)C(=O)[Rb],,,,100,,,,0,,,,,,,,,,,,,,,,,44
10.1177/0954008312468182,homopolymer,,,,[Fr]Nc1cccc2c1cccc2NC(=O)c1cccnc1/N=N/NC(=S)Nc1ccc(cc1)S(=O)(=O)c1ccc(cc1)NC(=S)N/N=N/c1ncccc1C(=O)[Rb],,,,100,,,,0,,,,,,,,,,,,,,,,,44
10.1007/s11224-014-0474-7,homopolymer,,,,[Fr]Oc1ccc(cc1)C(C(F)(F)F)(C(F)(F)F)c1ccc(cc1)OP(=O)(c1ccccc1)[Rb],,,,100,,,,0,,,,,,,,,,,,,,,,,44
10.1177/0954008319901148,homopolymer,,,,[Fr]Oc1ccc(cc1)c1nc(cc(c1)c1ccc(cc1)P(c1ccccc1)c1ccccc1)c1ccc(cc1)Oc1ccc(cc1)C(=O)c1cccc(c1)C(=O)c1ccc(cc1)[Rb],,,,100,,,,0,,,,,,,,,,,,,,,,,44
10.1016/0032-3861(95)96858-6,homopolymer,,,,[Fr]OCCOc1c(Br)cc(cc1Br)C(C(F)(F)F)(C(F)(F)F)c1cc(Br)c(c(c1)Br)OCCOP(=O)(c1ccccc1)[Rb],,,,100,,,,0,,,,,,,,,,,,,,,,,44
10.1002/app.28552,homopolymer,,,,[Rb]C1=CC=C(C(C2=CC=C(P(C3=CC=C(C(C4=CC=C(OC5=CC=C(O[Fr])C=C5)C=C4)=O)C=C3)(C6=CC=CC=C6)=O)C=C2)=O)C=C1,,,,100,,,,0,,,,,,,,,,,,,,,,,44
10.1177/0954008311424804,homopolymer,,,,[Rb]Nc1ccc(cc1)C1C(=O)c2c(C1=O)cc(cc2)C(=O)NC(=S)Nc1ccc(cc1)NC(=O)CCCCCCCCC(=O)[Fr],,,,100,,,,0,,,,,,,,,,,,,,,,,44
10.1002/pola.10129,homopolymer,,,,O=C(C1=CC=C(C=C1)NC(C2=CC=C(C=C2)C([Fr])=O)=O)OC3=CC(P4(OC5=C(C=CC=C5)C6=C4C=CC=C6)=O)=C(C7=C3C=CC=C7)OC(C8=CC=C(C=C8)N[Rb])=O,,,,100,,,,0,,,,,,,,,,,,,,,,,44
10.1016/0032-3861(91)90383-T,homopolymer,,,,[Fr]Oc1ccc(cc1)NC(=O)c1ccc(cc1)P(=O)(c1ccccc1)c1ccc(cc1)C(=O)Nc1ccc(cc1)OP(=O)(c1ccc(cc1)N(=O)=O)[Rb],,,,100,,,,0,,,,,,,,,,,,,,,,,44.5
10.1016/0032-3861(91)90383-T,homopolymer,,,,[Fr]Oc1ccc(cc1)NC(=O)c1ccc2c(c1)P(=O)(c1ccccc1)c1c(O2)ccc(c1)C(=O)Nc1ccc(cc1)OP(=O)(Oc1ccccc1)[Rb],,,,100,,,,0,,,,,,,,,,,,,,,,,44.5
10.1016/0032-3861(91)90383-T,homopolymer,,,,[Fr]c1ccc(cc1)NC(=O)c1ccc(cc1)P(=O)(c1ccccc1)c1ccc(cc1)C(=O)Nc1ccc(cc1)OP(=O)(c1ccccc1)[Rb],,,,100,,,,0,,,,,,,,,,,,,,,,,45
10.1016/j.eurpolymj.2020.109770,homopolymer,,,,[Fr]N(Cc1c(O)ccc(c1[Rb])Sc1ccc(c(c1[Fr])CN(Cc1ccco1)[Rb])O)Cc1ccco1,,,,100,,,,0,,,,,,,,,,,,,,,,,45
10.1016/0032-3861(91)90383-T,homopolymer,,,,[Fr]Oc1ccc(cc1)NC(=O)c1ccc2c(c1)P(=O)(c1ccccc1)c1c(O2)ccc(c1)C(=O)Nc1ccc(cc1)OP(=O)(Oc1ccc(cc1)C)[Rb],,,,100,,,,0,,,,,,,,,,,,,,,,,45
10.1002/app.28552,homopolymer,,,,[Rb]C1=CC=C(C(C2=CC=C(P(C3=CC=C(C(C4=CC=C(OC5=CC=C(S(=O)(C6=CC=C(O[Fr])C=C6)=O)C=C5)C=C4)=O)C=C3)(C7=CC=CC=C7)=O)C=C2)=O)C=C1,,,,100,,,,0,,,,,,,,,,,,,,,,,45
10.1177/0954008311424804,homopolymer,,,,[Rb]Nc1ccc(cc1)C1C(=O)c2c(C1=O)cc(cc2)C(=O)NC(=S)Nc1ccc(cc1)NC(=O)CCCCC(=O)[Fr],,,,100,,,,0,,,,,,,,,,,,,,,,,45
10.1002/pola.10129,homopolymer,,,,O=C(C1=CC(NC(C2=CC=C3C(C=CC(C([Fr])=O)=C3)=C2)=O)=CC=C1)OC4=CC(P5(OC6=C(C=CC=C6)C7=C5C=CC=C7)=O)=C(C8=C4C=CC=C8)OC(C9=CC=CC(N[Rb])=C9)=O,,,,100,,,,0,,,,,,,,,,,,,,,,,45
10.1007/s13233-011-1111-6,homopolymer,,,,[Fr]Oc1ccc(cc1)C(C(F)(F)F)(C(F)(F)F)c1ccc(cc1)OP(=O)(Oc1ccccc1)[Rb],,,,100,,,,0,,,,,,,,,,,,,,,,,45.5
10.1007/s11696-020-01494-7,homopolymer,,,,[Fr]C1=CC=C(C(NC2=CC=C(OC3=CC=C(C(C)(C)C4=CC=C(OC5=CC=C(NC(C6=CC=C(N7C(C8C(C9=CC=C%10C%11=C9C8=CC=C%11C%12=CC=C%13C%14=C%12C%10=CC=C%14C%15C%13C(N([Rb])C%15=O)=O)C7=O)=O)C=C6)=O)C=C5)C=C4)C=C3)C=C2)=O)C=C1,,,,100,,,,0,,,,,,,,,,,,,,,,,45.9
10.1016/0032-3861(91)90383-T,homopolymer,,,,[Fr]Oc1ccc(cc1)NC(=O)c1ccc2c(c1)P(=O)(c1ccccc1)c1c(O2)ccc(c1)C(=O)Nc1ccc(cc1)OP(=O)(Oc1ccc(cc1)Cl)[Rb],,,,100,,,,0,,,,,,,,,,,,,,,,,46
10.1002/pola.10129,homopolymer,,,,O=C(C1=CC=C(C=C1)NC(C2=CC=C3C(C=CC(C([Fr])=O)=C3)=C2)=O)OC4=CC(P5(OC6=C(C=CC=C6)C7=C5C=CC=C7)=O)=C(C8=C4C=CC=C8)OC(C9=CC=C(C=C9)N[Rb])=O,,,,100,,,,0,,,,,,,,,,,,,,,,,46
10.1177/0954008312468182,homopolymer,,,,[Fr]Nc1ccc(cc1)NC(=O)c1cccnc1/N=N/NC(=S)Nc1ccc(cc1)S(=O)(=O)c1ccc(cc1)NC(=S)N/N=N/c1ncccc1C(=O)[Rb],,,,100,,,,0,,,,,,,,,,,,,,,,,47
10.1016/1381-5148(95)00121-2,homopolymer,,,,[Fr]Oc1ccc(cc1)C(C(F)(F)F)(C(F)(F)F)c1ccc(cc1)OP(=O)(Oc1ccc(cc1)[N+](=O)[O-])[Rb],,,,100,,,,0,,,,,,,,,,,,,,,,,47
10.1007/s11224-014-0474-7,homopolymer,,,,[Fr]Oc1ccc(cc1)C(c1ccccc1)(c1ccccc1)c1ccc(cc1)OP(=O)(c1ccccc1)[Rb],,,,100,,,,0,,,,,,,,,,,,,,,,,47
10.1016/0032-3861(91)90383-T,homopolymer,,,,[Fr]Oc1ccc(cc1)NC(=O)c1ccc(cc1)P(=O)(c1ccccc1)c1ccc(cc1)C(=O)Nc1ccc(cc1)OP(=O)(c1ccc(cc1Cl)Cl)[Rb],,,,100,,,,0,,,,,,,,,,,,,,,,,47
10.1016/0032-3861(91)90383-T,homopolymer,,,,[Fr]Oc1ccc(cc1)NC(=O)c1ccc2c(c1)P(=O)(c1ccccc1)c1c(O2)ccc(c1)C(=O)Nc1ccc(cc1)OP(=O)(Oc1ccc(cc1Cl)Cl)[Rb],,,,100,,,,0,,,,,,,,,,,,,,,,,47
10.1016/0032-3861(93)90798-F,homopolymer,,,,[Fr]Oc1ccc(S(=O)(c2ccc(OP(c3ccccc3)(O[Rb])=O)cc2)=O)cc1,,,,100,,,,0,,,,,,,,,,,,,,,,,47
10.1016/1381-5148(95)00121-2,homopolymer,,,,[Fr]Oc1ccc(cc1)C(C(F)(F)F)(C(F)(F)F)c1ccc(cc1)OP(=O)(Oc1ccc(cc1)C)[Rb],,,,100,,,,0,,,,,,,,,,,,,,,,,48
10.1007/s13233-011-1111-6,homopolymer,,,,[Fr]Oc1ccc(cc1)C(C(F)(F)F)(C(F)(F)F)c1ccc(cc1)OP(=O)(Oc1ccc(cc1)Cl)[Rb],,,,100,,,,0,,,,,,,,,,,,,,,,,48
10.1002/pola.1993.080311303,homopolymer,,,,[Fr]Oc1ccc(cc1)C(c1ccc(cc1)OP(=O)(Oc1c(Br)cc(c(c1Br)CCCCCCCCCCCCCC(C(Br)(Br)Br)Br)Br)[Rb])(C)C,,,,100,,,,0,,,,,,,,,,,,,,,,,48
10.1007/s11224-014-0474-7,homopolymer,,,,[Fr]Oc1ccc(cc1)C(c1ccccc1)(c1ccccc1)c1ccc(cc1)OP(=O)(Oc1ccccc1)[Rb],,,,100,,,,0,,,,,,,,,,,,,,,,,48
10.1016/1381-5148(95)00121-2,homopolymer,,,,COc1ccc(cc1)OP(=O)(Oc1ccc(cc1)C(C(F)(F)F)(C(F)(F)F)c1ccc(cc1)O[Rb])[Fr],,,,100,,,,0,,,,,,,,,,,,,,,,,48
10.1016/0032-3861(92)91002-J,homopolymer,,,,O=C(c1ccc(NP(Nc2ccc(C([Rb])=O)cc2)(Nc3ccccc3)=O)cc1)Oc4ccc(C(C)(C)c5ccc(O[Fr])cc5)cc4,,,,100,,,,0,,,,,,,,,,,,,,,,,48
10.1002/(SICI)1097-4628(19970214)63:7<875::AID-APP7>3.0.CO;2-N,homopolymer,,,,O=C1N(C(C2=CC(OC3=CC(C(N([Rb])C4=O)=O)=C4C=C3)=CC=C21)=O)C5=CC=C(C=C5OP(OCC)(OCC)=O)C(C)(C6=CC(OP(OCC)(OCC)=O)=C([Fr])C=C6)C,,,,100,,,,0,,,,,,,,,,,,,,,,,48
10.1177/0954008311424804,homopolymer,,,,[Fr]Nc1ccc(cc1)C1C(=O)c2c(C1=O)ccc(c2)C(=O)NC(=S)Nc1ccc(cc1)NC(=O)c1cccc(c1)C(=O)[Rb],,,,100,,,,0,,,,,,,,,,,,,,,,,49
10.1002/apmc.1993.052060106,homopolymer,,,,[Fr]Oc1ccc(cc1)n1c(=O)c2c(c1=O)cc1c(c2)c(=O)n(c1=O)c1ccc(cc1)OP(=O)(Nc1ccccc1)[Rb],,,,100,,,,0,,,,,,,,,,,,,,,,,49
10.1016/0032-3861(91)90383-T,homopolymer,,,,[Fr]Oc1ccc(cc1)NC(=O)c1ccc(cc1)P(=O)(c1ccccc1)c1ccc(cc1)C(=O)Nc1ccc(cc1)OP(=O)(c1ccc(cc1)Br)[Rb],,,,100,,,,0,,,,,,,,,,,,,,,,,49
10.1016/0032-3861(91)90383-T,homopolymer,,,,[Fr]Oc1ccc(cc1)NC(=O)c1ccc2c(c1)P(=O)(c1ccccc1)c1c(O2)ccc(c1)C(=O)Nc1ccc(cc1)OP(=O)(Oc1ccc(cc1)N(=O)=O)[Rb],,,,100,,,,0,,,,,,,,,,,,,,,,,49
10.1002/pola.1993.080311303,homopolymer,,,,[Fr]Oc1ccc(cc1)OP(=O)(Oc1c(Br)cc(c(c1Br)CCCCCCCCCCCCCC(C(Br)(Br)Br)Br)Br)[Rb],,,,100,,,,0,,,,,,,,,,,,,,,,,49
10.1007/BF00657771,homopolymer,,,,[Fr]Oc1ccc(cc1)/N=N/c1ccc(cc1)OP(=O)(c1ccccc1)[Rb],,,,100,,,,0,,,,,,,,,,,,,,,,,49.5
10.1016/0032-3861(92)91002-J,homopolymer,,,,[Fr]Oc1c(Br)cc(cc1Br)C(c1cc(Br)c(c(c1)Br)OC(=O)c1ccc(cc1)NP(=O)(Nc1ccc(cc1)C(=O)[Rb])Nc1ccccc1)(C)C,,,,100,,,,0,,,,,,,,,,,,,,,,,50
10.1007/s11224-014-0474-7,homopolymer,,,,[Fr]Oc1ccc(cc1)C(=C(Cl)Cl)c1ccc(cc1)OP(=O)(c1ccccc1)[Rb],,,,100,,,,0,,,,,,,,,,,,,,,,,50
10.1002/pola.1993.080311303,homopolymer,,,,[Fr]Oc1ccc(cc1)C1(OC(=O)c2c1cccc2)c1ccc(cc1)OP(=O)(Oc1c(Br)cc(c(c1Br)CCCCCCCCCCCCCC(C(Br)(Br)Br)Br)Br)[Rb],,,,100,,,,0,,,,,,,,,,,,,,,,,50
10.1016/S0141-3910(96)00126-7,homopolymer,,,,[Fr]Oc1ccc(cc1)S(=O)(=O)c1ccc(cc1)OP(=O)(Oc1ccccc1)[Rb],,,,100,,,,0,,,,,,,,,,,,,,,,,50
10.3906/kim-1207-30,homopolymer,,,,O=C(C1=CC(OC2=CC(C(N([Rb])C3=O)=O)=C3C=C2)=CC=C1C4=O)N4C(NC5=CC=C(S(=O)(C6=CC=C(NC([Fr])=S)C=C6)=O)C=C5)=S,,,,100,,,,0,,,,,,,,,,,,,,,,,50
10.1002/app.1496,homopolymer,,,,[Fr]Oc1c(Br)cc(cc1Br)C1(OC(=O)c2c1cccc2)c1cc(Br)c(c(c1)Br)OP(=O)(c1ccccc1)[Rb],,,,100,,,,0,,,,,,,,,,,,,,,,,51
10.1016/0032-3861(91)90383-T,homopolymer,,,,[Fr]Oc1ccc(cc1)NC(=O)c1ccc2c(c1)P(=O)(c1ccccc1)c1c(O2)ccc(c1)C(=O)Nc1ccc(cc1)OP(=O)(Oc1ccc(cc1)Br)[Rb],,,,100,,,,0,,,,,,,,,,,,,,,,,51
10.1016/0032-3861(92)91002-J,homopolymer,,,,[Fr]Oc1ccc(cc1)S(=O)(=O)c1ccc(cc1)OC(=O)c1ccc(cc1)NP(=O)(Nc1ccc(cc1)C(=O)[Rb])Nc1ccccc1,,,,100,,,,0,,,,,,,,,,,,,,,,,51
10.1016/S0141-3910(96)00068-7,copolymer,,Silylated PVOH (L),[Fr]C([Si](C)(Cl)C)CC(O)C[Rb],[Rb]CC(O)[Fr],[Rb]CC([Si](C)(Cl)C)[Fr],PVOH,82.4,,,Silylated PVOH,17.6,,,,,,,,,,,,,,,,,,51.6
10.1002/apmc.1993.052060106,homopolymer,,,,[Fr]Oc1ccc(cc1)n1c(=O)c2c(c1=O)cc1c(c2)c(=O)n(c1=O)c1ccc(cc1)OP(=O)(Nc1ccc(cc1)Cl)[Rb],,,,100,,,,0,,,,,,,,,,,,,,,,,52
10.1016/0032-3861(91)90383-T,homopolymer,,,,[Fr]Oc1ccc(cc1)NC(=O)c1ccc(cc1)P(=O)(c1ccccc1)c1ccc(cc1)C(=O)Nc1ccc(cc1)OP(=O)(c1ccc(cc1Oc1cccc2c1cccc2)Oc1cccc2c1cccc2)[Rb],,,,100,,,,0,,,,,,,,,,,,,,,,,52
10.1016/0032-3861(92)91002-J,homopolymer,,,,O=C(c1ccc(NP(Nc2ccc(C([Rb])=O)cc2)(Nc3ccccc3)=O)cc1)Oc4ccc(O[Fr])cc4,,,,100,,,,0,,,,,,,,,,,,,,,,,52
10.1002/(SICI)1097-4628(19970214)63:7<875::AID-APP7>3.0.CO;2-N,homopolymer,,,,O=C1N(C(C2=CC(OC3=CC(C(N([Rb])C4=O)=O)=C4C=C3P5(C6=CC=CC=C6)=O)=C5C=C21)=O)C7=CC=C(C=C7)C(C)(C8=CC=C(C(C)(C9=CC=C([Fr])C=C9)C)C=C8)C,,,,100,,,,0,,,,,,,,,,,,,,,,,52
10.1177/0954008311424804,homopolymer,,,,[Fr]Nc1ccc(cc1)C1C(=O)c2c(C1=O)ccc(c2)C(=O)NC(=S)Nc1ccc(cc1)NC(=O)c1ccc(cc1)C(=O)[Rb],,,,100,,,,0,,,,,,,,,,,,,,,,,53
10.1016/0032-3861(92)91002-J,homopolymer,,,,[Fr]Oc1ccc(cc1)C1(OC(=O)c2c1cccc2)c1ccc(cc1)OC(=O)c1ccc(cc1)NP(=O)(Nc1ccc(cc1)C(=O)[Rb])Nc1ccccc1,,,,100,,,,0,,,,,,,,,,,,,,,,,53
10.1002/apmc.1993.052060106,homopolymer,,,,[Fr]Oc1ccc(cc1)n1c(=O)c2c(c1=O)cc1c(c2)c(=O)n(c1=O)c1ccc(cc1)OP(=O)(Nc1ccc(cc1)Br)[Rb],,,,100,,,,0,,,,,,,,,,,,,,,,,53
10.1016/0032-3861(91)90383-T,homopolymer,,,,[Fr]Oc1ccc(cc1)NC(=O)c1ccc2c(c1)P(=O)(c1ccccc1)c1c(O2)ccc(c1)C(=O)Nc1ccc(cc1)OP(=O)(Oc1ccc(cc1Oc1cccc2c1cccc2)Oc1cccc2c1cccc2)[Rb],,,,100,,,,0,,,,,,,,,,,,,,,,,53
10.3906/kim-1207-30,homopolymer,,,,O=C(C1=CC(C(C(F)(F)F)(C(F)(F)F)C2=CC(C(N([Rb])C3=O)=O)=C3C=C2)=CC=C1C4=O)N4C(NC5=CC=C(S(=O)(C6=CC=C(NC([Fr])=S)C=C6)=O)C=C5)=S,,,,100,,,,0,,,,,,,,,,,,,,,,,53
10.1016/j.jfluchem.2016.03.016,homopolymer,,,,[Fr]c1cccc(c1)P(=O)(C(CC(C(C(C(C(C(F)(F)F)(F)F)(F)F)(F)F)(F)F)(F)F)(F)F)c1cccc(c1)N1C(=O)C(C1=O)c1ccc(cc1)C(=O)c1ccc(cc1)C1C(=O)N(C1=O)[Rb],,,,100,,,,0,,,,,,,,,,,,,,,,,54
10.1016/0032-3861(92)91002-J,homopolymer,,,,[Fr]Oc1ccc(cc1)c1ccc(cc1)OC(=O)c1ccc(cc1)NP(=O)(Nc1ccc(cc1)C(=O)[Rb])Nc1ccccc1,,,,100,,,,0,,,,,,,,,,,,,,,,,54
10.3906/kim-1207-30,homopolymer,,,,O=C(C1=CC(C(N([Rb])C2=O)=O)=C2C=C1C3=O)N3C(NC4=CC=C(S(=O)(C5=CC=C(NC([Fr])=S)C=C5)=O)C=C4)=S,,,,100,,,,0,,,,,,,,,,,,,,,,,54
10.1007/s11224-014-0474-7,homopolymer,,,,[Fr]Oc1c(Br)cc(cc1Br)C(c1cc(Br)c(c(c1)Br)OP(=O)(c1ccccc1)O[Rb])(C)C,,,,100,,,,0,,,,,,,,,,,,,,,,,55
10.1016/0032-3861(92)91002-J,homopolymer,,,,[Fr]Oc1c(Br)cc(cc1Br)C1(OC(=O)c2c1cccc2)c1cc(Br)c(c(c1)Br)OC(=O)c1ccc(cc1)NP(=O)(Nc1ccc(cc1)C(=O)[Rb])Nc1ccccc1,,,,100,,,,0,,,,,,,,,,,,,,,,,55
10.1002/apmc.1993.052060106,homopolymer,,,,[Fr]Oc1ccc(cc1)n1c(=O)c2c(c1=O)cc1c(c2)c(=O)n(c1=O)c1ccc(cc1)OP(=O)(Nc1ccc(cc1)N(=O)=O)[Rb],,,,100,,,,0,,,,,,,,,,,,,,,,,55
10.1002/apmc.1993.052060106,homopolymer,,,,[Fr]Oc1ccc(cc1)n1c(=O)c2c(c1=O)cc1c(c2)c(=O)n(c1=O)c1ccc(cc1)OP(=O)(Nc1cccc2c1cccc2)[Rb],,,,100,,,,0,,,,,,,,,,,,,,,,,55
10.1007/s13233-011-1111-6,homopolymer,,,,[Fr]Oc1ccc(cc1)C1(c2ccc(cc2)OP(=O)(c2ccccc2)[Rb])c2ccccc2c2c1cccc2,,,,100,,,,0,,,,,,,,,,,,,,,,,56
10.1002/(SICI)1099-0518(19970915)35:12<2453::AID-POLA15>3.0.CO;2-6,homopolymer,,,,[Fr]Oc1ccc(cc1)S(=O)(=O)c1ccc(cc1)OCCOC(=O)[Rb],,,,100,,,,0,,,,,,,,,,,,,,,,,56
10.1016/j.jfluchem.2016.03.016,homopolymer,,,,[Rb]c1cccc(c1)P(=O)(C(CC(C(C(C(C(C(F)(F)F)(F)F)(F)F)(F)F)(F)F)(F)F)(F)F)c1cccc(c1)N1C(=O)C(C1=O)c1ccc(cc1)Oc1ccc(cc1)C1C(=O)N(C1=O)[Fr],,,,100,,,,0,,,,,,,,,,,,,,,,,56
10.3906/kim-1207-30,homopolymer,,,,O=C(C1=CC(C2=CC(C(N([Rb])C3=O)=O)=C3C=C2)=CC=C1C4=O)N4C(NC5=CC=C(S(=O)(C6=CC=C(NC([Fr])=S)C=C6)=O)C=C5)=S,,,,100,,,,0,,,,,,,,,,,,,,,,,56
10.1016/1381-5148(95)00121-2,homopolymer,,,,[Rb]Oc1ccc(cc1)C(C(F)(F)F)(C(F)(F)F)c1ccc(cc1)OP(=O)(Oc1ccc(cc1)Br)[Fr],,,,100,,,,0,,,,,,,,,,,,,,,,,60
10.1016/j.jfluchem.2016.03.016,homopolymer,,,,[Fr]c1cccc(c1)P(=O)(c1cccc(c1)N1C(=O)C(C1=O)c1ccc(cc1)C1C(=O)N(C1=O)[Rb])CCC(C(C(C(C(C(F)(F)F)(F)F)(F)F)(F)F)(F)F)(F)F,,,,100,,,,0,,,,,,,,,,,,,,,,,61
10.1016/j.jfluchem.2016.03.016,homopolymer,,,,[Fr]c1cccc(c1)P(=O)(c1cccc(c1)N1C(=O)C(C1=O)c1ccc(cc1)C(C(F)(F)F)(C(F)(F)F)c1ccc(cc1)C1C(=O)N(C1=O)[Rb])CCC(C(C(C(C(C(F)(F)F)(F)F)(F)F)(F)F)(F)F)(F)F,,,,100,,,,0,,,,,,,,,,,,,,,,,62
10.1002/pola.1993.080311303,homopolymer,,,,[Fr]Oc1c(Br)cc(cc1Br)C(c1cc(Br)c(c(c1)Br)OP(=O)(Oc1c(Br)cc(c(c1Br)CCCCCCCCCCCCCC(C(Br)(Br)Br)Br)Br)[Rb])(C)C,,,,100,,,,0,,,,,,,,,,,,,,,,,62
10.1002/(SICI)1097-4628(19970705)65:1<59::AID-APP8>3.0.CO;2-P,homopolymer,,,,[Fr]Oc1c(Br)cc(cc1Br)C(C(F)(F)F)(C(F)(F)F)c1cc(Br)c(c(c1)Br)OP(=O)(Oc1ccc(cc1)N(=O)=O)[Rb],,,,100,,,,0,,,,,,,,,,,,,,,,,63
10.1016/S0141-3910(96)00126-7,homopolymer,,,,[Fr]Oc1ccc(cc1)S(=O)(=O)c1ccc(cc1)OP(=O)(Oc1ccc(cc1)Br)[Rb],,,,100,,,,0,,,,,,,,,,,,,,,,,65
10.1016/j.reactfunctpolym.2008.12.023,homopolymer,,,,[Rb]C(C1=CC(NC(C(N2C(C3=C(Br)C(Br)=C(Br)C(Br)=C3C2=O)=O)CC4=CC=CC=C4)=O)=CC(C(NC5=CC=C(CC6=CC=C(N[Fr])C=C6)C=C5)=O)=C1)=O,,,,100,,,,0,,,,,,,,,,,,,,,,,65
10.1002/(SICI)1097-4628(19970705)65:1<59::AID-APP8>3.0.CO;2-P,homopolymer,,,,[Rb]Oc1c(Br)cc(cc1Br)C(C(F)(F)F)(C(F)(F)F)c1cc(Br)c(c(c1)Br)OP(=O)(Oc1ccc(cc1)Br)[Fr],,,,100,,,,0,,,,,,,,,,,,,,,,,65
10.1002/(SICI)1097-4628(19970705)65:1<59::AID-APP8>3.0.CO;2-P,homopolymer,,,,COc1ccc(cc1)OP(=O)(Oc1c(Br)cc(cc1Br)C(C(F)(F)F)(C(F)(F)F)c1cc(Br)c(c(c1)Br)O[Rb])[Fr],,,,100,,,,0,,,,,,,,,,,,,,,,,65
10.1002/(SICI)1097-4628(19970705)65:1<59::AID-APP8>3.0.CO;2-P,homopolymer,,,,[Fr]Oc1c(Br)cc(cc1Br)C(C(F)(F)F)(C(F)(F)F)c1cc(Br)c(c(c1)Br)OP(=O)(Oc1ccccc1)[Rb],,,,100,,,,0,,,,,,,,,,,,,,,,,66.5
10.1002/(SICI)1097-4628(19970705)65:1<59::AID-APP8>3.0.CO;2-P,homopolymer,,,,[Fr]Oc1c(Br)cc(cc1Br)C(C(F)(F)F)(C(F)(F)F)c1cc(Br)c(c(c1)Br)OP(=O)(Oc1ccc(cc1)C)[Rb],,,,100,,,,0,,,,,,,,,,,,,,,,,67
10.1002/(SICI)1097-4628(19970110)63:2<195::AID-APP7>3.0.CO;2-Q,homopolymer,,,,[Fr]Oc1c(Br)cc(cc1Br)C(c1cc(Br)c(c(c1)Br)OC(=O)[Rb])(C)C,,,,100,,,,0,,,,,,,,,,,,,,,,,67
10.1016/j.reactfunctpolym.2008.12.023,homopolymer,,,,[Rb]C(C1=CC(NC(C(N2C(C3=C(Br)C(Br)=C(Br)C(Br)=C3C2=O)=O)CC4=CC=CC=C4)=O)=CC(C(NC5=CC=C(C6=CC=C(N[Fr])C=C6)C=C5)=O)=C1)=O,,,,100,,,,0,,,,,,,,,,,,,,,,,67
10.1016/j.reactfunctpolym.2008.12.023,homopolymer,,,,[Rb]C(C1=CC(NC(C(N2C(C3=C(Br)C(Br)=C(Br)C(Br)=C3C2=O)=O)CC4=CC=CC=C4)=O)=CC(C(NC5=C(C=CC=C6N[Fr])C6=CC=C5)=O)=C1)=O,,,,100,,,,0,,,,,,,,,,,,,,,,,68
10.1016/j.reactfunctpolym.2008.12.023,homopolymer,,,,[Rb]C(C1=CC(NC(C(N2C(C3=C(Br)C(Br)=C(Br)C(Br)=C3C2=O)=O)CC4=CC=CC=C4)=O)=CC(C(NC5=CC=CC(N[Fr])=C5)=O)=C1)=O,,,,100,,,,0,,,,,,,,,,,,,,,,,70
10.1002/(SICI)1097-4628(19970110)63:2<195::AID-APP7>3.0.CO;2-Q,homopolymer,,,,[Rb]Oc1c(Br)cc(cc1Br)S(=O)(=O)c1cc(Br)c(c(c1)Br)OC(=O)[Fr],,,,100,,,,0,,,,,,,,,,,,,,,,,70
10.1021/acsapm.3c00444,composite,PC,PC/SK0.1,,[Rb]OC1=CC=C(C=C1)C(C)(C2=CC=C(C=C2)OC([Fr])=O)C,,PC,99.9,,,,,,SK,[Fr]C(C1=CC(C(NC2=CC=C(C=C2N[Rb])S(=O)([O-])=O)=O)=CC=C1)=O.[K+],0.1,,,,,,,,,,,,,,27.6
10.1021/acsapm.3c00444,composite,PC,PC/SK0.3,,[Rb]OC1=CC=C(C=C1)C(C)(C2=CC=C(C=C2)OC([Fr])=O)C,,PC,99.7,,,,,,SK,[Fr]C(C1=CC(C(NC2=CC=C(C=C2N[Rb])S(=O)([O-])=O)=O)=CC=C1)=O.[K+],0.3,,,,,,,,,,,,,,28.8
10.1021/acsapm.3c00444,composite,PC,PC/SK0.5,,[Rb]OC1=CC=C(C=C1)C(C)(C2=CC=C(C=C2)OC([Fr])=O)C,,PC,99.5,,,,,,SK,[Fr]C(C1=CC(C(NC2=CC=C(C=C2N[Rb])S(=O)([O-])=O)=O)=CC=C1)=O.[K+],0.5,,,,,,,,,,,,,,29.8
10.1016/S0141-3910(01)00184-7,composite,PMMA,PMMA+DEEP,,CC(C(OC)=O)([Fr])C[Rb],,PMMA,81.3,,,,,,DEEP,CCOP(CC)(OCC)=O,18.7,,,,,,,,,,,,,,22.4
10.1016/j.eurpolymj.2016.01.041,composite,PP,PP/APP12,,CC([Fr])C[Rb],,PP,88,,,,,,Ammonium polyphosphate,[*]P(O[*])([O-].[NH4+])=O,12,,,,,,,,,,,,,,22.3
10.1016/j.eurpolymj.2016.01.041,composite,PP,PP/APP15,,CC([Fr])C[Rb],,PP,85,,,,,,Ammonium polyphosphate,[*]P(O[*])([O-].[NH4+])=O,15,,,,,,,,,,,,,,25.4
10.1016/j.polymdegradstab.2017.09.011,composite,PP,PP/APP20,,CC([Fr])C[Rb],,PP,80,,,,,,Ammonium polyphosphate,[*]P(O[*])([O-].[NH4+])=O,20,,,,,,,,,,,,,,20.5
10.1016/j.polymdegradstab.2017.09.011,composite,PP,PP/PEPAPC20,,CC([Fr])C[Rb],,PP,80,,,,,,,,,,PEPAPC,O=P1(OC2)OCC2(CO1)COC3=NC(N4CCN([*])CC4)=NC([*])=N3,20,,,,,,,,,,22
10.1016/j.polymdegradstab.2017.09.011,composite,PP,PP/APP6.67/PEPAPC13.33,,CC([Fr])C[Rb],,PP,80,,,,,,Ammonium polyphosphate,[*]P(O[*])([O-].[NH4+])=O,6.67,,PEPAPC,O=P1(OC2)OCC2(CO1)COC3=NC(N4CCN([*])CC4)=NC([*])=N3,13.33,,,,,,,,,,25.5
10.1016/j.polymdegradstab.2017.09.011,composite,PP,PP/APP10/PEPAPC10,,CC([Fr])C[Rb],,PP,80,,,,,,Ammonium polyphosphate,[*]P(O[*])([O-].[NH4+])=O,10,,PEPAPC,O=P1(OC2)OCC2(CO1)COC3=NC(N4CCN([*])CC4)=NC([*])=N3,10,,,,,,,,,,24
10.1016/j.polymdegradstab.2017.09.011,composite,PP,PP/APP13.33/APP6.67,,CC([Fr])C[Rb],,PP,80,,,,,,Ammonium polyphosphate,[*]P(O[*])([O-].[NH4+])=O,13.33,,PEPAPC,O=P1(OC2)OCC2(CO1)COC3=NC(N4CCN([*])CC4)=NC([*])=N3,6.67,,,,,,,,,,27.5
10.1016/j.polymdegradstab.2017.09.011,composite,PP,PP/APP15/PEPAPC5,,CC([Fr])C[Rb],,PP,80,,,,,,Ammonium polyphosphate,[*]P(O[*])([O-].[NH4+])=O,15,,PEPAPC,O=P1(OC2)OCC2(CO1)COC3=NC(N4CCN([*])CC4)=NC([*])=N3,5,,,,,,,,,,28
10.1016/j.polymdegradstab.2017.09.011,composite,PP,PP/APP16/PEPAPC4,,CC([Fr])C[Rb],,PP,80,,,,,,Ammonium polyphosphate,[*]P(O[*])([O-].[NH4+])=O,16,,PEPAPC,O=P1(OC2)OCC2(CO1)COC3=NC(N4CCN([*])CC4)=NC([*])=N3,4,,,,,,,,,,27
10.1016/j.polymdegradstab.2016.10.003,composite,PP,PP/APP25,,CC([Fr])C[Rb],,PP,75,,,,,,Ammonium polyphosphate,[*]P(O[*])([O-].[NH4+])=O,25,,,,,,,,,,,,,,21
10.1016/j.polymdegradstab.2016.10.003,composite,PP,PP/APP18.75/TBMC6.25,,CC([Fr])C[Rb],,PP,75,,,,,,Ammonium polyphosphate,[*]P(O[*])([O-].[NH4+])=O,18.75,,TBMC,C1(NCCN2CCN(C3=NC(NCCN4CCNCC4)=NC(NCCN5CCNCC5)=N3)CC2)=NC(NCCN6CCN(C7=NC(NCCN8CCNCC8)=NC(NCCN9CCNCC9)=N7)CC6)=NC(NCCN%10CCN(C%11=NC(NCCN%12CCNCC%12)=NC(NCCN%13CCNCC%13)=N%11)CC%10)=N1,6.25,,,,,,,,,,30.5
10.1016/j.polymdegradstab.2016.10.003,composite,PP,PP/APP16.67/TBMC8.33,,CC([Fr])C[Rb],,PP,75,,,,,,Ammonium polyphosphate,[*]P(O[*])([O-].[NH4+])=O,16.67,,TBMC,C1(NCCN2CCN(C3=NC(NCCN4CCNCC4)=NC(NCCN5CCNCC5)=N3)CC2)=NC(NCCN6CCN(C7=NC(NCCN8CCNCC8)=NC(NCCN9CCNCC9)=N7)CC6)=NC(NCCN%10CCN(C%11=NC(NCCN%12CCNCC%12)=NC(NCCN%13CCNCC%13)=N%11)CC%10)=N1,8.33,,,,,,,,,,29.5
10.1016/j.polymdegradstab.2016.10.003,composite,PP,PP/APP12.5/TBMC12.5,,CC([Fr])C[Rb],,PP,75,,,,,,Ammonium polyphosphate,[*]P(O[*])([O-].[NH4+])=O,12.5,,TBMC,C1(NCCN2CCN(C3=NC(NCCN4CCNCC4)=NC(NCCN5CCNCC5)=N3)CC2)=NC(NCCN6CCN(C7=NC(NCCN8CCNCC8)=NC(NCCN9CCNCC9)=N7)CC6)=NC(NCCN%10CCN(C%11=NC(NCCN%12CCNCC%12)=NC(NCCN%13CCNCC%13)=N%11)CC%10)=N1,12.5,,,,,,,,,,27.5
10.1016/j.polymdegradstab.2016.10.003,composite,PP,PP/APP8.33/TBMC16.67,,CC([Fr])C[Rb],,PP,74.9,,,,,,Ammonium polyphosphate,[*]P(O[*])([O-].[NH4+])=O,8.33,,TBMC,C1(NCCN2CCN(C3=NC(NCCN4CCNCC4)=NC(NCCN5CCNCC5)=N3)CC2)=NC(NCCN6CCN(C7=NC(NCCN8CCNCC8)=NC(NCCN9CCNCC9)=N7)CC6)=NC(NCCN%10CCN(C%11=NC(NCCN%12CCNCC%12)=NC(NCCN%13CCNCC%13)=N%11)CC%10)=N1,16.77,,,,,,,,,,24.5
10.1016/j.compositesb.2019.107588,composite,PP,PP/APP20/CFA5,,CC([Fr])C[Rb],,PP,75,,,,,,Ammonium polyphosphate,[*]P(O[*])([O-].[NH4+])=O,20,,CFA,[*]C1=NC(NCCN[*])=NC(NCCNO)=N1,5,,,,,,,,,,34
10.1016/j.compositesb.2019.107588,composite,PP,PP/CFA25,,CC([Fr])C[Rb],,PP,75,,,,,,,,,,CFA,[*]C1=NC(NCCN[*])=NC(NCCNO)=N1,25,,,,,,,,,,21.9
10.1016/j.polymdegradstab.2016.10.003,composite,PP,PP/TBMC25,,CC([Fr])C[Rb],,PP,75,,,,,,,,,,TBMC,C1(NCCN2CCN(C3=NC(NCCN4CCNCC4)=NC(NCCN5CCNCC5)=N3)CC2)=NC(NCCN6CCN(C7=NC(NCCN8CCNCC8)=NC(NCCN9CCNCC9)=N7)CC6)=NC(NCCN%10CCN(C%11=NC(NCCN%12CCNCC%12)=NC(NCCN%13CCNCC%13)=N%11)CC%10)=N1,25,,,,,,,,,,23
10.1021/acs.iecr.5b02343,composite,PP,(0% APESP–30% APP)/PP,,CC([Fr])C[Rb],,PP,70,,,,,,Ammonium polyphosphate,[*]P(O[*])([O-].[NH4+])=O,30,,,,,,,,,,,,,,21.7
10.1021/acs.iecr.5b02343,composite,PP,(2% APESP–28% APP)/PP,,CC([Fr])C[Rb],,PP,70,,,,,,Ammonium polyphosphate,[*]P(O[*])([O-].[NH4+])=O,28,,APESP,CCO[Si](CCCNP1(NCCC[Si](OCC)(OCC)OCC)=NP(NCCC[Si](OCC)(OCC)OCC)(NCCC[Si](OCC)(OCC)OCC)=NP(NCCC[Si](OCC)(OCC)OCC)(NCCC[Si](OCC)(OCC)OCC)=N1)(OCC)OCC,2,,,,,,,,,,22.2
10.1021/acs.iecr.5b02343,composite,PP,(4% APESP–26% APP)/PP,,CC([Fr])C[Rb],,PP,70,,,,,,Ammonium polyphosphate,[*]P(O[*])([O-].[NH4+])=O,26,,APESP,CCO[Si](CCCNP1(NCCC[Si](OCC)(OCC)OCC)=NP(NCCC[Si](OCC)(OCC)OCC)(NCCC[Si](OCC)(OCC)OCC)=NP(NCCC[Si](OCC)(OCC)OCC)(NCCC[Si](OCC)(OCC)OCC)=N1)(OCC)OCC,4,,,,,,,,,,22.4
10.1021/acs.iecr.5b02343,composite,PP,(6% APESP–24% APP)/PP,,CC([Fr])C[Rb],,PP,70,,,,,,Ammonium polyphosphate,[*]P(O[*])([O-].[NH4+])=O,24,,APESP,CCO[Si](CCCNP1(NCCC[Si](OCC)(OCC)OCC)=NP(NCCC[Si](OCC)(OCC)OCC)(NCCC[Si](OCC)(OCC)OCC)=NP(NCCC[Si](OCC)(OCC)OCC)(NCCC[Si](OCC)(OCC)OCC)=N1)(OCC)OCC,6,,,,,,,,,,23.5
10.1021/acs.iecr.5b02343,composite,PP,(8% APESP–22% APP)/PP,,CC([Fr])C[Rb],,PP,70,,,,,,Ammonium polyphosphate,[*]P(O[*])([O-].[NH4+])=O,22,,APESP,CCO[Si](CCCNP1(NCCC[Si](OCC)(OCC)OCC)=NP(NCCC[Si](OCC)(OCC)OCC)(NCCC[Si](OCC)(OCC)OCC)=NP(NCCC[Si](OCC)(OCC)OCC)(NCCC[Si](OCC)(OCC)OCC)=N1)(OCC)OCC,8,,,,,,,,,,26.5
10.1016/j.polymdegradstab.2019.108982,composite,PP,PP/1PT/24APP,,CC([Fr])C[Rb],,PP,75,,,,,,Ammonium polyphosphate,[*]P(O[*])([O-].[NH4+])=O,24,,PT,C1(N2CCNCC2)=NC(N3CCNCC3)=NC(N4CCNCC4)=N1,1,,,,,,,,,,27.8
10.1016/j.polymdegradstab.2019.108982,composite,PP,PP/3PT/22APP,,CC([Fr])C[Rb],,PP,75,,,,,,Ammonium polyphosphate,[*]P(O[*])([O-].[NH4+])=O,22,,PT,C1(N2CCNCC2)=NC(N3CCNCC3)=NC(N4CCNCC4)=N1,3,,,,,,,,,,33.3
10.1016/j.polymdegradstab.2019.108982,composite,PP,PP/5PT/20APP,,CC([Fr])C[Rb],,PP,75,,,,,,Ammonium polyphosphate,[*]P(O[*])([O-].[NH4+])=O,20,,PT,C1(N2CCNCC2)=NC(N3CCNCC3)=NC(N4CCNCC4)=N1,5,,,,,,,,,,34.1
10.1021/am500789q,composite,PP,PP/PP-APP20,,CC([Fr])C[Rb],,PP,80,,,,,,PA-APP,[*]P(CP(ON1CCNCC1)(CP([*])([O-].[NH4+])=O)=O)([O-].[NH4+])=O,20,,,,,,,,,,,,,,29.5
10.1021/am500789q,composite,PP,PP/PP-APP22,,CC([Fr])C[Rb],,PP,78,,,,,,PA-APP,[*]P(CP(ON1CCNCC1)(CP([*])([O-].[NH4+])=O)=O)([O-].[NH4+])=O,22,,,,,,,,,,,,,,31.2
10.1021/am500789q,composite,PP,PP/PP-APP25,,CC([Fr])C[Rb],,PP,75,,,,,,PA-APP,[*]P(CP(ON1CCNCC1)(CP([*])([O-].[NH4+])=O)=O)([O-].[NH4+])=O,25,,,,,,,,,,,,,,32.5
10.1021/am500789q,composite,PP,PP/PP-APP30,,CC([Fr])C[Rb],,PP,70,,,,,,PA-APP,[*]P(CP(ON1CCNCC1)(CP([*])([O-].[NH4+])=O)=O)([O-].[NH4+])=O,30,,,,,,,,,,,,,,35.6
10.1016/j.polymdegradstab.2014.08.019,composite,PP,PP/30APP,,CC([Fr])C[Rb],,PP,70,,,,,,Ammonium polyphosphate,[*]P(O[*])([O-].[NH4+])=O,30,,,,,,,,,,,,,,22
10.1016/j.polymdegradstab.2014.08.019,composite,PP,PP/24APP/6HCFA,,CC([Fr])C[Rb],,PP,70,,,,,,Ammonium polyphosphate,[*]P(O[*])([O-].[NH4+])=O,24,,HCFA,C1(N2CCN(C3=NC(N4CCNCC4)=NC(N5CCNCC5)=N3)CC2)=NC(N6CCN(C7=NC(N8CCNCC8)=NC(N9CCNCC9)=N7)CC6)=NC(N%10CCN(C%11=NC(N%12CCNCC%12)=NC(N%13CCNCC%13)=N%11)CC%10)=N1,6,,,,,,,,,,29.5
10.1016/j.polymdegradstab.2014.08.019,composite,PP,PP/22.5APP/7.5HCFA,,CC([Fr])C[Rb],,PP,70,,,,,,Ammonium polyphosphate,[*]P(O[*])([O-].[NH4+])=O,22.5,,HCFA,C1(N2CCN(C3=NC(N4CCNCC4)=NC(N5CCNCC5)=N3)CC2)=NC(N6CCN(C7=NC(N8CCNCC8)=NC(N9CCNCC9)=N7)CC6)=NC(N%10CCN(C%11=NC(N%12CCNCC%12)=NC(N%13CCNCC%13)=N%11)CC%10)=N1,7.5,,,,,,,,,,34
10.1016/j.polymdegradstab.2014.08.019,composite,PP,PP/20APP/10HCFA,,CC([Fr])C[Rb],,PP,70,,,,,,Ammonium polyphosphate,[*]P(O[*])([O-].[NH4+])=O,20,,HCFA,C1(N2CCN(C3=NC(N4CCNCC4)=NC(N5CCNCC5)=N3)CC2)=NC(N6CCN(C7=NC(N8CCNCC8)=NC(N9CCNCC9)=N7)CC6)=NC(N%10CCN(C%11=NC(N%12CCNCC%12)=NC(N%13CCNCC%13)=N%11)CC%10)=N1,10,,,,,,,,,,32
10.1016/j.polymdegradstab.2014.08.019,composite,PP,PP/15APP/15HCFA,,CC([Fr])C[Rb],,PP,70,,,,,,Ammonium polyphosphate,[*]P(O[*])([O-].[NH4+])=O,15,,HCFA,C1(N2CCN(C3=NC(N4CCNCC4)=NC(N5CCNCC5)=N3)CC2)=NC(N6CCN(C7=NC(N8CCNCC8)=NC(N9CCNCC9)=N7)CC6)=NC(N%10CCN(C%11=NC(N%12CCNCC%12)=NC(N%13CCNCC%13)=N%11)CC%10)=N1,15,,,,,,,,,,29
10.1016/j.polymdegradstab.2014.08.019,composite,PP,PP/10APP/20HCFA,,CC([Fr])C[Rb],,PP,70,,,,,,Ammonium polyphosphate,[*]P(O[*])([O-].[NH4+])=O,10,,HCFA,C1(N2CCN(C3=NC(N4CCNCC4)=NC(N5CCNCC5)=N3)CC2)=NC(N6CCN(C7=NC(N8CCNCC8)=NC(N9CCNCC9)=N7)CC6)=NC(N%10CCN(C%11=NC(N%12CCNCC%12)=NC(N%13CCNCC%13)=N%11)CC%10)=N1,20,,,,,,,,,,23
10.1016/j.polymdegradstab.2014.08.019,composite,PP,PP/30HCFA,,CC([Fr])C[Rb],,PP,70,,,,,,,,,,HCFA,C1(N2CCN(C3=NC(N4CCNCC4)=NC(N5CCNCC5)=N3)CC2)=NC(N6CCN(C7=NC(N8CCNCC8)=NC(N9CCNCC9)=N7)CC6)=NC(N%10CCN(C%11=NC(N%12CCNCC%12)=NC(N%13CCNCC%13)=N%11)CC%10)=N1,30,,,,,,,,,,20.5
https://doi.org/10.1039/C5RA14586D,composite,PP,PP/30MFT-APP,,CC([Fr])C[Rb],,PP,70,,,,,,MFT-APP,[*]OCNC1=NC(NCO)=NC(NCOCCN2C(N(C(N(C2=O)CCOCNC3=NC(NCO)=NC(NCO[*])=N3)=O)CCO)=O)=N1,30,,,,,,,,,,,,,,32
https://doi.org/10.1039/C5RA14586D,composite,PP,PP/20MFT-APP/10THEIC,,CC([Fr])C[Rb],,PP,70,,,,,,MFT-APP,[*]OCNC1=NC(NCO)=NC(NCOCCN2C(N(C(N(C2=O)CCOCNC3=NC(NCO)=NC(NCO[*])=N3)=O)CCO)=O)=N1,20,,THEIC,O=C(N(CCO)C(N1CCO)=O)N(CCO)C1=O,10,,,,,,,,,,35
https://doi.org/10.1039/C5RA14586D,composite,PP,PP/22.5MFT-APP/7.5THEIC,,CC([Fr])C[Rb],,PP,70,,,,,,MFT-APP,[*]OCNC1=NC(NCO)=NC(NCOCCN2C(N(C(N(C2=O)CCOCNC3=NC(NCO)=NC(NCO[*])=N3)=O)CCO)=O)=N1,22.5,,THEIC,O=C(N(CCO)C(N1CCO)=O)N(CCO)C1=O,7.5,,,,,,,,,,36
https://doi.org/10.1039/C5RA14586D,composite,PP,PP/25MFT-APP/5THEIC,,CC([Fr])C[Rb],,PP,70,,,,,,MFT-APP,[*]OCNC1=NC(NCO)=NC(NCOCCN2C(N(C(N(C2=O)CCOCNC3=NC(NCO)=NC(NCO[*])=N3)=O)CCO)=O)=N1,25,,THEIC,O=C(N(CCO)C(N1CCO)=O)N(CCO)C1=O,5,,,,,,,,,,35.5
https://doi.org/10.1039/C5RA14586D,composite,PP,PP/27MFT-APP/3THEIC,,CC([Fr])C[Rb],,PP,70,,,,,,MFT-APP,[*]OCNC1=NC(NCO)=NC(NCOCCN2C(N(C(N(C2=O)CCOCNC3=NC(NCO)=NC(NCO[*])=N3)=O)CCO)=O)=N1,27,,THEIC,O=C(N(CCO)C(N1CCO)=O)N(CCO)C1=O,3,,,,,,,,,,34
https://doi.org/10.1039/C5RA14586D,composite,PP,PP/22.5APP/7.5THEIC,,CC([Fr])C[Rb],,PP,70,,,,,,Ammonium polyphosphate,[*]P(O[*])([O-].[NH4+])=O,22.5,,THEIC,O=C(N(CCO)C(N1CCO)=O)N(CCO)C1=O,7.5,,,,,,,,,,34.3
https://doi.org/10.1039/C5RA14586D,composite,PP,PP/16.7MFT-APP/8.3THEIC,,CC([Fr])C[Rb],,PP,75,,,,,,MFT-APP,[*]OCNC1=NC(NCO)=NC(NCOCCN2C(N(C(N(C2=O)CCOCNC3=NC(NCO)=NC(NCO[*])=N3)=O)CCO)=O)=N1,16.7,,THEIC,O=C(N(CCO)C(N1CCO)=O)N(CCO)C1=O,8.3,,,,,,,,,,32.5
https://doi.org/10.1039/C5RA14586D,composite,PP,PP-18.75MFT-APP/6.25THEIC,,CC([Fr])C[Rb],,PP,75,,,,,,MFT-APP,[*]OCNC1=NC(NCO)=NC(NCOCCN2C(N(C(N(C2=O)CCOCNC3=NC(NCO)=NC(NCO[*])=N3)=O)CCO)=O)=N1,18.75,,THEIC,O=C(N(CCO)C(N1CCO)=O)N(CCO)C1=O,6.25,,,,,,,,,,33
https://doi.org/10.1039/C5RA14586D,composite,PP,PP/20.83MFT-APP/4.17THEIC,,CC([Fr])C[Rb],,PP,75,,,,,,MFT-APP,[*]OCNC1=NC(NCO)=NC(NCOCCN2C(N(C(N(C2=O)CCOCNC3=NC(NCO)=NC(NCO[*])=N3)=O)CCO)=O)=N1,20.83,,THEIC,O=C(N(CCO)C(N1CCO)=O)N(CCO)C1=O,4.17,,,,,,,,,,32
https://doi.org/10.1039/C5RA14586D,composite,PP,PP/22.5MFT-APP/2.5THEIC,,CC([Fr])C[Rb],,PP,75,,,,,,MFT-APP,[*]OCNC1=NC(NCO)=NC(NCOCCN2C(N(C(N(C2=O)CCOCNC3=NC(NCO)=NC(NCO[*])=N3)=O)CCO)=O)=N1,22.5,,THEIC,O=C(N(CCO)C(N1CCO)=O)N(CCO)C1=O,2.5,,,,,,,,,,31
10.1016/j.polymdegradstab.2013.10.005,composite,PP,PP/25APP,,CC([Fr])C[Rb],,PP,75,,,,,,Ammonium polyphosphate,[*]P(O[*])([O-].[NH4+])=O,25,,,,,,,,,,,,,,20
10.1016/j.polymdegradstab.2013.10.005,composite,PP,PP/30APP,,CC([Fr])C[Rb],,PP,70,,,,,,Ammonium polyphosphate,[*]P(O[*])([O-].[NH4+])=O,30,,,,,,,,,,,,,,20.4
10.1016/j.polymdegradstab.2013.10.005,composite,PP,PP/35APP,,CC([Fr])C[Rb],,PP,65,,,,,,Ammonium polyphosphate,[*]P(O[*])([O-].[NH4+])=O,35,,,,,,,,,,,,,,20.4
10.1016/j.polymdegradstab.2013.10.005,composite,PP,PP/40APP,,CC([Fr])C[Rb],,PP,60,,,,,,Ammonium polyphosphate,[*]P(O[*])([O-].[NH4+])=O,40,,,,,,,,,,,,,,20.9
10.1016/j.polymdegradstab.2013.10.005,composite,PP,PP/25MAPP,,CC([Fr])C[Rb],,PP,75,,,,,,,,,,MAPP,[*]P(CP(ONCCN)(CP([*])([O-].[NH4+])=O)=O)([O-].[NH4+])=O,25,,,,,,,,,,28
10.1016/j.polymdegradstab.2013.10.005,composite,PP,PP/30MAPP,,CC([Fr])C[Rb],,PP,70,,,,,,,,,,MAPP,[*]P(CP(ONCCN)(CP([*])([O-].[NH4+])=O)=O)([O-].[NH4+])=O,30,,,,,,,,,,29.5
10.1016/j.polymdegradstab.2013.10.005,composite,PP,PP/35MAPP,,CC([Fr])C[Rb],,PP,65,,,,,,,,,,MAPP,[*]P(CP(ONCCN)(CP([*])([O-].[NH4+])=O)=O)([O-].[NH4+])=O,35,,,,,,,,,,30.5
10.1016/j.polymdegradstab.2013.10.005,composite,PP,PP/40MAPP,,CC([Fr])C[Rb],,PP,60,,,,,,,,,,MAPP,[*]P(CP(ONCCN)(CP([*])([O-].[NH4+])=O)=O)([O-].[NH4+])=O,40,,,,,,,,,,32.5
10.1016/j.polymdegradstab.2013.10.005,composite,PP,PP/30ETA-APP,,CC([Fr])C[Rb],,PP,70,,,,,,ETA-APP,[*]P(CP(ONCCO)(CP([*])([O-].[NH4+])=O)=O)([O-].[NH4+])=O,30,,,,,,,,,,,,,,31.5
10.1016/j.polymdegradstab.2013.10.005,composite,PP,PP/35ETA-APP,,CC([Fr])C[Rb],,PP,65,,,,,,ETA-APP,[*]P(CP(ONCCO)(CP([*])([O-].[NH4+])=O)=O)([O-].[NH4+])=O,35,,,,,,,,,,,,,,35
10.1016/j.polymdegradstab.2013.10.005,composite,PP,PP/40ETA-APP,,CC([Fr])C[Rb],,PP,60,,,,,,ETA-APP,[*]P(CP(ONCCO)(CP([*])([O-].[NH4+])=O)=O)([O-].[NH4+])=O,40,,,,,,,,,,,,,,40
10.1007/s10118-015-1588-0,composite,PP,PP/IFR20,,CC([Fr])C[Rb],,PP,80,,,,,,CFA,[*]C1=NC(NCCO)=NC(NCCN[*])=N1,3.8,,APP,[*]P(O[*])([O-].[NH4+])=O,15.2,,SiO2,O=[Si]=O,1,,,,,,32.4
10.1007/s10118-015-1588-0,composite,PP,PP/IFR22,,CC([Fr])C[Rb],,PP,78,,,,,,CFA,[*]C1=NC(NCCO)=NC(NCCN[*])=N1,4.18,,APP,[*]P(O[*])([O-].[NH4+])=O,16.72,,SiO2,O=[Si]=O,1.1,,,,,,34.9
10.1007/s10118-015-1588-0,composite,PP,PP/IFR24,,CC([Fr])C[Rb],,PP,76,,,,,,CFA,[*]C1=NC(NCCO)=NC(NCCN[*])=N1,4.56,,APP,[*]P(O[*])([O-].[NH4+])=O,18.24,,SiO2,O=[Si]=O,1.2,,,,,,36.4
10.1007/s10118-015-1588-0,composite,PP,PP/IFR26,,CC([Fr])C[Rb],,PP,74,,,,,,CFA,[*]C1=NC(NCCO)=NC(NCCN[*])=N1,4.94,,APP,[*]P(O[*])([O-].[NH4+])=O,19.76,,SiO2,O=[Si]=O,1.3,,,,,,38
10.1007/s10118-015-1588-0,composite,PP,PP/24AHP-IFR-1-8,,CC([Fr])C[Rb],,PP,76,,,,,,AHP,O=P([H])([H])[O-].O=P([H])([H])[O-].O=P([H])([H])[O-].[Al+3],2.667,,CFA,[*]C1=NC(NCCO)=NC(NCCN[*])=N1,4.053,,APP,[*]P(O[*])([O-].[NH4+])=O,16.213,,SiO2,O=[Si]=O,1.067,,33.6
10.1007/s10118-015-1588-0,composite,PP,PP/24AHP-IFR-1-6,,CC([Fr])C[Rb],,PP,75.999,,,,,,AHP,O=P([H])([H])[O-].O=P([H])([H])[O-].O=P([H])([H])[O-].[Al+3],3.429,,CFA,[*]C1=NC(NCCO)=NC(NCCN[*])=N1,3.909,,APP,[*]P(O[*])([O-].[NH4+])=O,15.634,,SiO2,O=[Si]=O,1.029,,33.1
10.1007/s10118-015-1588-0,composite,PP,PP/24AHP-IFR-1-4,,CC([Fr])C[Rb],,PP,76,,,,,,AHP,O=P([H])([H])[O-].O=P([H])([H])[O-].O=P([H])([H])[O-].[Al+3],4.8,,CFA,[*]C1=NC(NCCO)=NC(NCCN[*])=N1,3.648,,APP,[*]P(O[*])([O-].[NH4+])=O,14.592,,SiO2,O=[Si]=O,0.96,,32
10.1007/s10118-015-1588-0,composite,PP,PP/24AHP-IFR-1-2,,CC([Fr])C[Rb],,PP,76,,,,,,AHP,O=P([H])([H])[O-].O=P([H])([H])[O-].O=P([H])([H])[O-].[Al+3],8,,CFA,[*]C1=NC(NCCO)=NC(NCCN[*])=N1,3.04,,APP,[*]P(O[*])([O-].[NH4+])=O,12.16,,SiO2,O=[Si]=O,0.8,,26
10.1016/j.polymdegradstab.2014.03.032,composite,PP,PP/10AlPi,,CC([Fr])C[Rb],,PP,90,,,,,,AlPi,[O-]P(CC)(CC)=O.[O-]P(CC)(CC)=O.[O-]P(CC)(CC)=O.[Al+3],10,,,,,,,,,,,,,,22.7
10.1016/j.polymdegradstab.2014.03.032,composite,PP,PP/20AlPi,,CC([Fr])C[Rb],,PP,80,,,,,,AlPi,[O-]P(CC)(CC)=O.[O-]P(CC)(CC)=O.[O-]P(CC)(CC)=O.[Al+3],20,,,,,,,,,,,,,,24
10.1016/j.polymdegradstab.2014.03.032,composite,PP,PP/30AlPi,,CC([Fr])C[Rb],,PP,70,,,,,,AlPi,[O-]P(CC)(CC)=O.[O-]P(CC)(CC)=O.[O-]P(CC)(CC)=O.[Al+3],30,,,,,,,,,,,,,,26
10.1016/j.polymdegradstab.2014.03.032,composite,PP,PP/40AlPi,,CC([Fr])C[Rb],,PP,60,,,,,,AlPi,[O-]P(CC)(CC)=O.[O-]P(CC)(CC)=O.[O-]P(CC)(CC)=O.[Al+3],40,,,,,,,,,,,,,,26.5
10.1016/j.polymdegradstab.2014.03.032,composite,PP,PP/50AlPi,,CC([Fr])C[Rb],,PP,50,,,,,,AlPi,[O-]P(CC)(CC)=O.[O-]P(CC)(CC)=O.[O-]P(CC)(CC)=O.[Al+3],50,,,,,,,,,,,,,,27
10.1016/j.polymdegradstab.2016.05.007,composite,PP,PP/15(APP/PER),,CC([Fr])C[Rb],,PP,85,,,,,,Ammonium polyphosphate,[*]P(O[*])([O-].[NH4+])=O,10,,pentaerythritol,OCC(CO)(CO)CO,5,,,,,,,,,,26.1
10.1016/j.polymdegradstab.2016.05.007,composite,PP,PP/20(APP/PER),,CC([Fr])C[Rb],,PP,80,,,,,,Ammonium polyphosphate,[*]P(O[*])([O-].[NH4+])=O,13.33,,pentaerythritol,OCC(CO)(CO)CO,6.67,,,,,,,,,,27.6
10.1016/j.polymdegradstab.2016.05.007,composite,PP,PP/25(APP/PER),,CC([Fr])C[Rb],,PP,75,,,,,,Ammonium polyphosphate,[*]P(O[*])([O-].[NH4+])=O,16.67,,pentaerythritol,OCC(CO)(CO)CO,8.33,,,,,,,,,,30.2
10.1016/j.polymdegradstab.2016.05.007,composite,PP,PP/30(APP/PER),,CC([Fr])C[Rb],,PP,70,,,,,,Ammonium polyphosphate,[*]P(O[*])([O-].[NH4+])=O,20,,pentaerythritol,OCC(CO)(CO)CO,10,,,,,,,,,,32.1
10.1002/app.46274,composite,PP,PP/25MATMP,,CC([Fr])C[Rb],,PP,75,,,,,,,,,,MATMP,NC1=NC(N)=NC([NH3+])=N1.[NH3+]C2=NC([NH3+])=NC(N)=N2.O=P([O-])(O)CN(CP(O)([O-])=O)CP(O)([O-])=O,25,,,,,,,,,,25.3
10.1002/app.46274,composite,PP,PP/(MATMP/PER)3/1,,CC([Fr])C[Rb],,PP,75,,,,,,pentaerythritol,OCC(CO)(CO)CO,6.3,,MATMP,NC1=NC(N)=NC([NH3+])=N1.[NH3+]C2=NC([NH3+])=NC(N)=N2.O=P([O-])(O)CN(CP(O)([O-])=O)CP(O)([O-])=O,18.7,,,,,,,,,,29.8
10.1002/app.46274,composite,PP,PP/(MATMP/PER)2/1,,CC([Fr])C[Rb],,PP,75,,,,,,pentaerythritol,OCC(CO)(CO)CO,8.3,,MATMP,NC1=NC(N)=NC([NH3+])=N1.[NH3+]C2=NC([NH3+])=NC(N)=N2.O=P([O-])(O)CN(CP(O)([O-])=O)CP(O)([O-])=O,16.7,,,,,,,,,,30.3
10.1002/app.46274,composite,PP,PP/(MATMP/PER)1/1,,CC([Fr])C[Rb],,PP,75,,,,,,pentaerythritol,OCC(CO)(CO)CO,12.5,,MATMP,NC1=NC(N)=NC([NH3+])=N1.[NH3+]C2=NC([NH3+])=NC(N)=N2.O=P([O-])(O)CN(CP(O)([O-])=O)CP(O)([O-])=O,12.5,,,,,,,,,,28.1
10.1002/app.46274,composite,PP,PP/(APP/PER),,CC([Fr])C[Rb],,PP,75,,,,,,pentaerythritol,OCC(CO)(CO)CO,8.3,,Ammonium polyphosphate,[*]P(O[*])([O-].[NH4+])=O,16.7,,,,,,,,,,30.1
10.1002/app.46274,composite,PP,PP/PER,,CC([Fr])C[Rb],,PP,75,,,,,,pentaerythritol,OCC(CO)(CO)CO,25,,,,,,,,,,,,,,18.6
