smiles,umap_1,umap_2,selected,random_state,n_neighbors,min_dist,metric,initialization,scaling
C,12.251179,1.8907355,True,48,5,0.8,euclidean,random,StandardScaler_per_sample_dimension
O,12.251101,1.7043996,True,48,5,0.8,euclidean,random,StandardScaler_per_sample_dimension
CC,12.192191,2.4572136,True,48,5,0.8,euclidean,random,StandardScaler_per_sample_dimension
C1=CC=CC=C1,12.2676115,0.7928072,True,48,5,0.8,euclidean,random,StandardScaler_per_sample_dimension
C=O,12.324427,1.3607973,True,48,5,0.8,euclidean,random,StandardScaler_per_sample_dimension
CC1=CC=CC=C1,12.163694,1.152782,True,48,5,0.8,euclidean,random,StandardScaler_per_sample_dimension
CO,12.292319,1.2800468,True,48,5,0.8,euclidean,random,StandardScaler_per_sample_dimension
CC=O,12.207859,1.4833026,True,48,5,0.8,euclidean,random,StandardScaler_per_sample_dimension
CCC,12.154554,3.7810812,True,48,5,0.8,euclidean,random,StandardScaler_per_sample_dimension
N,-1.0565041,5.440895,True,48,5,0.8,euclidean,random,StandardScaler_per_sample_dimension
CN,-0.7222153,5.471641,True,48,5,0.8,euclidean,random,StandardScaler_per_sample_dimension
COC,12.210758,0.15183203,True,48,5,0.8,euclidean,random,StandardScaler_per_sample_dimension
OC1=CC=CC=C1,-2.6735692,-0.10829057,True,48,5,0.8,euclidean,random,StandardScaler_per_sample_dimension
O=CC1=CC=CC=C1,12.42046,1.0029805,True,48,5,0.8,euclidean,random,StandardScaler_per_sample_dimension
CCN,-0.6156685,5.4564214,True,48,5,0.8,euclidean,random,StandardScaler_per_sample_dimension
CNC,-0.7234724,5.640122,True,48,5,0.8,euclidean,random,StandardScaler_per_sample_dimension
CCNC,-0.7930045,5.499634,True,48,5,0.8,euclidean,random,StandardScaler_per_sample_dimension
NC1=CC=CC=C1,-1.4289986,5.5406213,True,48,5,0.8,euclidean,random,StandardScaler_per_sample_dimension
P,19.482344,-3.8003826,True,48,5,0.8,euclidean,random,StandardScaler_per_sample_dimension
O=P,19.369799,-3.65893,True,48,5,0.8,euclidean,random,StandardScaler_per_sample_dimension
CNC=O,-0.48291272,5.5970774,False,48,5,0.8,euclidean,random,StandardScaler_per_sample_dimension
NC=O,-0.494901,6.0118246,False,48,5,0.8,euclidean,random,StandardScaler_per_sample_dimension
CNC(C)=O,-0.5809289,5.898334,False,48,5,0.8,euclidean,random,StandardScaler_per_sample_dimension
CC(N)=O,-0.48375934,5.884185,True,48,5,0.8,euclidean,random,StandardScaler_per_sample_dimension
CCO,12.404712,1.0273447,True,48,5,0.8,euclidean,random,StandardScaler_per_sample_dimension
COC1=CC=CC=C1,-2.8320432,0.10532314,True,48,5,0.8,euclidean,random,StandardScaler_per_sample_dimension
CNC1=CC=CC=C1,-1.3925749,5.585122,True,48,5,0.8,euclidean,random,StandardScaler_per_sample_dimension
CCC1=CC=CC=C1,-2.8471143,1.8397173,True,48,5,0.8,euclidean,random,StandardScaler_per_sample_dimension
CCOC,12.35743,0.6079187,True,48,5,0.8,euclidean,random,StandardScaler_per_sample_dimension
CCNC1=CC=CC=C1,-1.6637765,5.45311,True,48,5,0.8,euclidean,random,StandardScaler_per_sample_dimension
O=CO,12.032794,-0.5516628,True,48,5,0.8,euclidean,random,StandardScaler_per_sample_dimension
CC1=CC=C(O)C=C1,-2.554374,0.4197374,True,48,5,0.8,euclidean,random,StandardScaler_per_sample_dimension
O=CNC1=CC=CC=C1,-1.7092685,5.320603,False,48,5,0.8,euclidean,random,StandardScaler_per_sample_dimension
CC(=O)NC1=CC=CC=C1,-1.8294075,5.370269,True,48,5,0.8,euclidean,random,StandardScaler_per_sample_dimension
COC=O,12.058567,-0.16734599,True,48,5,0.8,euclidean,random,StandardScaler_per_sample_dimension
NCC1=CC=CC=C1,-0.30585587,5.6263614,True,48,5,0.8,euclidean,random,StandardScaler_per_sample_dimension
CNCC1=CC=CC=C1,-0.5738374,6.017574,True,48,5,0.8,euclidean,random,StandardScaler_per_sample_dimension
CC(=O)O,12.101078,-0.70340705,True,48,5,0.8,euclidean,random,StandardScaler_per_sample_dimension
OP,19.550482,-3.7273824,False,48,5,0.8,euclidean,random,StandardScaler_per_sample_dimension
CCC=O,10.642427,5.213463,True,48,5,0.8,euclidean,random,StandardScaler_per_sample_dimension
CP,-10.100937,15.182526,True,48,5,0.8,euclidean,random,StandardScaler_per_sample_dimension
O=PO,19.441809,-3.817289,False,48,5,0.8,euclidean,random,StandardScaler_per_sample_dimension
CC(C)C,-2.8985102,1.7277075,True,48,5,0.8,euclidean,random,StandardScaler_per_sample_dimension
COC(C)=O,11.970837,-0.39491686,True,48,5,0.8,euclidean,random,StandardScaler_per_sample_dimension
CCCC,11.959708,4.460908,True,48,5,0.8,euclidean,random,StandardScaler_per_sample_dimension
CNC(=O)C1=CC=CC=C1,-0.63658327,5.8393226,False,48,5,0.8,euclidean,random,StandardScaler_per_sample_dimension
NC(=O)C1=CC=CC=C1,-0.24324474,5.6322656,True,48,5,0.8,euclidean,random,StandardScaler_per_sample_dimension
COP,-7.2279167,-4.7645135,True,48,5,0.8,euclidean,random,StandardScaler_per_sample_dimension
COP=O,-7.296075,-4.6276298,False,48,5,0.8,euclidean,random,StandardScaler_per_sample_dimension
CCNCC,0.062250774,6.2716155,True,48,5,0.8,euclidean,random,StandardScaler_per_sample_dimension
CP=O,-9.96149,15.038368,True,48,5,0.8,euclidean,random,StandardScaler_per_sample_dimension
PC1=CC=CC=C1,-10.209879,15.212583,False,48,5,0.8,euclidean,random,StandardScaler_per_sample_dimension
C1=CC=C(CC2=CC=CC=C2)C=C1,-2.240506,0.53078884,True,48,5,0.8,euclidean,random,StandardScaler_per_sample_dimension
CCNC=O,-0.23324221,6.0540395,True,48,5,0.8,euclidean,random,StandardScaler_per_sample_dimension
CCOCC,12.182001,-0.06957452,True,48,5,0.8,euclidean,random,StandardScaler_per_sample_dimension
CCNC(C)=O,-0.13704824,6.055435,True,48,5,0.8,euclidean,random,StandardScaler_per_sample_dimension
CC1=CC(C)=CC=C1,-2.2556868,9.83478,True,48,5,0.8,euclidean,random,StandardScaler_per_sample_dimension
CC1=CC=CC(C)=C1,-2.4146445,10.080312,False,48,5,0.8,euclidean,random,StandardScaler_per_sample_dimension
O=PC1=CC=CC=C1,-9.712546,14.94778,True,48,5,0.8,euclidean,random,StandardScaler_per_sample_dimension
C1=CC=C(CNC2=CC=CC=C2)C=C1,-1.9639155,5.6100936,True,48,5,0.8,euclidean,random,StandardScaler_per_sample_dimension
CCOC=O,12.156437,-0.06400022,True,48,5,0.8,euclidean,random,StandardScaler_per_sample_dimension
CC1=CC=C(C)C=C1,12.720931,-0.0960008,True,48,5,0.8,euclidean,random,StandardScaler_per_sample_dimension
CCOC(C)=O,12.124058,-0.4017031,True,48,5,0.8,euclidean,random,StandardScaler_per_sample_dimension
O=C(NC1=CC=CC=C1)C1=CC=CC=C1,-2.1396782,5.5128026,True,48,5,0.8,euclidean,random,StandardScaler_per_sample_dimension
POC1=CC=CC=C1,1.0157654,-1.426741,True,48,5,0.8,euclidean,random,StandardScaler_per_sample_dimension
O=POC1=CC=CC=C1,1.0325885,-1.4185612,False,48,5,0.8,euclidean,random,StandardScaler_per_sample_dimension
OCC1=CC=CC=C1,12.278521,-1.0650996,True,48,5,0.8,euclidean,random,StandardScaler_per_sample_dimension
CN(C)C,-6.083946,15.58648,True,48,5,0.8,euclidean,random,StandardScaler_per_sample_dimension
CCCN,10.982725,4.9618897,True,48,5,0.8,euclidean,random,StandardScaler_per_sample_dimension
CCN(C)C,0.062460743,5.982794,True,48,5,0.8,euclidean,random,StandardScaler_per_sample_dimension
CCCCC,12.07789,4.5368676,True,48,5,0.8,euclidean,random,StandardScaler_per_sample_dimension
CPC,-10.074069,15.233439,False,48,5,0.8,euclidean,random,StandardScaler_per_sample_dimension
O=C(O)C1=CC=CC=C1,12.078532,-1.2925899,True,48,5,0.8,euclidean,random,StandardScaler_per_sample_dimension
CCC1=CC=C(O)C=C1,-2.7615335,1.6598693,True,48,5,0.8,euclidean,random,StandardScaler_per_sample_dimension
COCC1=CC=CC=C1,12.40717,-0.50769085,True,48,5,0.8,euclidean,random,StandardScaler_per_sample_dimension
CC1=C(C)C=CC=C1,2.3162992,-4.6546493,True,48,5,0.8,euclidean,random,StandardScaler_per_sample_dimension
CC1=CC=CC=C1C,2.136844,-4.7107115,False,48,5,0.8,euclidean,random,StandardScaler_per_sample_dimension
CPC1=CC=CC=C1,-10.077967,15.140036,False,48,5,0.8,euclidean,random,StandardScaler_per_sample_dimension
CC1=CC=C(C=O)C=C1,12.502407,0.72150177,True,48,5,0.8,euclidean,random,StandardScaler_per_sample_dimension
COC(=O)C1=CC=CC=C1,12.564441,-0.51245964,True,48,5,0.8,euclidean,random,StandardScaler_per_sample_dimension
COC1=CC=C(C)C=C1,-2.5655026,-0.0012189486,True,48,5,0.8,euclidean,random,StandardScaler_per_sample_dimension
CC1=CC(C=O)=CC=C1,11.328498,12.64446,True,48,5,0.8,euclidean,random,StandardScaler_per_sample_dimension
CC1=CC=CC(C=O)=C1,11.2909775,12.626323,False,48,5,0.8,euclidean,random,StandardScaler_per_sample_dimension
CC(C)C1=CC=CC=C1,-2.9006436,1.8153018,True,48,5,0.8,euclidean,random,StandardScaler_per_sample_dimension
CCCNC,5.9937205,6.48278,True,48,5,0.8,euclidean,random,StandardScaler_per_sample_dimension
CCN(C)CC,0.29602087,6.422714,True,48,5,0.8,euclidean,random,StandardScaler_per_sample_dimension
C[PH](C)=O,-9.720861,15.155737,True,48,5,0.8,euclidean,random,StandardScaler_per_sample_dimension
CCCC=O,10.657716,5.3719087,True,48,5,0.8,euclidean,random,StandardScaler_per_sample_dimension
C[PH](=O)C1=CC=CC=C1,-9.807697,14.974969,False,48,5,0.8,euclidean,random,StandardScaler_per_sample_dimension
CC1=C(C=O)C=CC=C1,-0.1781249,4.9298806,False,48,5,0.8,euclidean,random,StandardScaler_per_sample_dimension
CC1=CC=CC=C1C=O,0.053129673,4.903909,False,48,5,0.8,euclidean,random,StandardScaler_per_sample_dimension
CC(C1=CC=CC=C1)C1=CC=CC=C1,-2.548943,1.0147809,True,48,5,0.8,euclidean,random,StandardScaler_per_sample_dimension
OC1=CC=C(CC2=CC=CC=C2)C=C1,-2.434698,0.66259855,True,48,5,0.8,euclidean,random,StandardScaler_per_sample_dimension
O=CC1=CC(C=O)=CC=C1,-3.195444,10.324492,True,48,5,0.8,euclidean,random,StandardScaler_per_sample_dimension
O=CC1=CC=CC(C=O)=C1,-3.0692065,10.376592,False,48,5,0.8,euclidean,random,StandardScaler_per_sample_dimension
CCCCCC,12.842297,4.690945,True,48,5,0.8,euclidean,random,StandardScaler_per_sample_dimension
CPO,-8.194349,15.832183,True,48,5,0.8,euclidean,random,StandardScaler_per_sample_dimension
C[PH](=O)O,-8.18913,15.896233,False,48,5,0.8,euclidean,random,StandardScaler_per_sample_dimension
CCOCC1=CC=CC=C1,12.304845,-0.71633863,True,48,5,0.8,euclidean,random,StandardScaler_per_sample_dimension
CC(C)(C)C,-1.9298863,0.34035152,True,48,5,0.8,euclidean,random,StandardScaler_per_sample_dimension
OCCO,1.2360268,20.825853,True,48,5,0.8,euclidean,random,StandardScaler_per_sample_dimension
C1=CC=C(OC2=CC=CC=C2)C=C1,-2.580374,-0.5260446,True,48,5,0.8,euclidean,random,StandardScaler_per_sample_dimension
CNCC1=CC(C)=CC=C1,-2.3403494,9.685246,False,48,5,0.8,euclidean,random,StandardScaler_per_sample_dimension
CNCC1=CC=CC(C)=C1,-2.4495053,9.930794,False,48,5,0.8,euclidean,random,StandardScaler_per_sample_dimension
COCCO,1.0559415,21.031965,True,48,5,0.8,euclidean,random,StandardScaler_per_sample_dimension
CC1=CC(CN)=CC=C1,-2.3638723,9.973208,True,48,5,0.8,euclidean,random,StandardScaler_per_sample_dimension
CC1=CC=CC(CN)=C1,-2.4186893,10.062976,False,48,5,0.8,euclidean,random,StandardScaler_per_sample_dimension
CCOC(=O)C1=CC=CC=C1,12.295402,-0.36905017,True,48,5,0.8,euclidean,random,StandardScaler_per_sample_dimension
CCC(=O)NC,5.652081,6.8401155,False,48,5,0.8,euclidean,random,StandardScaler_per_sample_dimension
CCC(N)=O,5.934961,6.8045125,True,48,5,0.8,euclidean,random,StandardScaler_per_sample_dimension
C1=CC=C(PC2=CC=CC=C2)C=C1,-9.983157,15.2131605,True,48,5,0.8,euclidean,random,StandardScaler_per_sample_dimension
CC(C)(C1=CC=CC=C1)C1=CC=CC=C1,-2.2035885,0.6101877,True,48,5,0.8,euclidean,random,StandardScaler_per_sample_dimension
O=CC1=C(C=O)C=CC=C1,2.3608372,-4.5561814,True,48,5,0.8,euclidean,random,StandardScaler_per_sample_dimension
O=CC1=CC=CC=C1C=O,2.143881,-4.753635,False,48,5,0.8,euclidean,random,StandardScaler_per_sample_dimension
OC1=CC=C(CC2=CC=C(O)C=C2)C=C1,-2.1181002,0.3217988,True,48,5,0.8,euclidean,random,StandardScaler_per_sample_dimension
CC(C)C1=CC=C(O)C=C1,-2.9785666,1.8650882,False,48,5,0.8,euclidean,random,StandardScaler_per_sample_dimension
COPC,-8.1863575,15.76969,False,48,5,0.8,euclidean,random,StandardScaler_per_sample_dimension
O=COCCO,1.337245,20.9619,False,48,5,0.8,euclidean,random,StandardScaler_per_sample_dimension
CNC(=O)C1=CC(C)=CC=C1,11.385053,12.7090225,False,48,5,0.8,euclidean,random,StandardScaler_per_sample_dimension
CNC(=O)C1=CC=CC(C)=C1,11.267486,12.921448,False,48,5,0.8,euclidean,random,StandardScaler_per_sample_dimension
CO[PH](C)=O,-8.249266,15.697257,False,48,5,0.8,euclidean,random,StandardScaler_per_sample_dimension
CC1=CC(C(N)=O)=CC=C1,-2.6914508,10.301468,True,48,5,0.8,euclidean,random,StandardScaler_per_sample_dimension
CC1=CC=CC(C(N)=O)=C1,-2.6705592,10.260899,False,48,5,0.8,euclidean,random,StandardScaler_per_sample_dimension
CC(C1=CC=CC=C1)C1=CC=C(O)C=C1,-2.7288656,1.3946003,False,48,5,0.8,euclidean,random,StandardScaler_per_sample_dimension
CCCCN,11.192508,4.958414,True,48,5,0.8,euclidean,random,StandardScaler_per_sample_dimension
O=CC1=CC=C(C=O)C=C1,12.870233,-0.11944227,True,48,5,0.8,euclidean,random,StandardScaler_per_sample_dimension
CCOCCO,1.2103589,20.899017,True,48,5,0.8,euclidean,random,StandardScaler_per_sample_dimension
CC1=CC=CC=C1CN,1.9535959,-4.912159,True,48,5,0.8,euclidean,random,StandardScaler_per_sample_dimension
CC1=CC=CC=C1C(N)=O,-0.069186844,5.167388,False,48,5,0.8,euclidean,random,StandardScaler_per_sample_dimension
NCC1=CC=CC=C1C=O,-0.049384493,5.073231,False,48,5,0.8,euclidean,random,StandardScaler_per_sample_dimension
C1=CC2=C(C=C1)CNC2,1.9903708,-5.138003,False,48,5,0.8,euclidean,random,StandardScaler_per_sample_dimension
C1=CC=C2CNCC2=C1,2.0716343,-5.091306,False,48,5,0.8,euclidean,random,StandardScaler_per_sample_dimension
O=C1NCC2=C1C=CC=C2,0.046174362,5.3585663,False,48,5,0.8,euclidean,random,StandardScaler_per_sample_dimension
O=C1NCC2=CC=CC=C12,0.23954467,5.308034,False,48,5,0.8,euclidean,random,StandardScaler_per_sample_dimension
CN(C)CC1=CC=CC=C1,-6.232399,15.868483,True,48,5,0.8,euclidean,random,StandardScaler_per_sample_dimension
CC(=O)OCCO,1.3246549,21.177319,True,48,5,0.8,euclidean,random,StandardScaler_per_sample_dimension
NC(=O)C1=CC=CC=C1C=O,1.989823,-4.917802,False,48,5,0.8,euclidean,random,StandardScaler_per_sample_dimension
O=C1NC(=O)C2=C1C=CC=C2,1.9424963,-5.2827725,False,48,5,0.8,euclidean,random,StandardScaler_per_sample_dimension
O=C1NC(=O)C2=CC=CC=C12,2.089426,-5.0171413,False,48,5,0.8,euclidean,random,StandardScaler_per_sample_dimension
CC(C1=CC=C(O)C=C1)C1=CC=C(O)C=C1,-2.428518,0.6834191,False,48,5,0.8,euclidean,random,StandardScaler_per_sample_dimension
CCCO,-0.9095028,-4.7292705,True,48,5,0.8,euclidean,random,StandardScaler_per_sample_dimension
O=[PH](C1=CC=CC=C1)C1=CC=CC=C1,-9.663554,15.323791,False,48,5,0.8,euclidean,random,StandardScaler_per_sample_dimension
CC1=C(O)C=CC=C1,-11.152058,-6.3864427,True,48,5,0.8,euclidean,random,StandardScaler_per_sample_dimension
CC1=CC=CC=C1O,-11.493394,-6.245585,False,48,5,0.8,euclidean,random,StandardScaler_per_sample_dimension
OPC1=CC=CC=C1,13.051774,-6.962876,True,48,5,0.8,euclidean,random,StandardScaler_per_sample_dimension
CC1=CC(CNC2=CC=CC=C2)=CC=C1,22.031715,-12.880964,True,48,5,0.8,euclidean,random,StandardScaler_per_sample_dimension
CC1=CC=CC(CNC2=CC=CC=C2)=C1,21.838705,-13.066952,False,48,5,0.8,euclidean,random,StandardScaler_per_sample_dimension
CCCCNC,5.701799,6.430522,True,48,5,0.8,euclidean,random,StandardScaler_per_sample_dimension
O=[PH](O)C1=CC=CC=C1,12.942999,-6.949575,False,48,5,0.8,euclidean,random,StandardScaler_per_sample_dimension
CC1=CC=C(N)C=C1,2.1311374,-14.02294,True,48,5,0.8,euclidean,random,StandardScaler_per_sample_dimension
CC(C)(C1=CC=CC=C1)C1=CC=C(O)C=C1,-2.4620583,1.0488627,True,48,5,0.8,euclidean,random,StandardScaler_per_sample_dimension
CCC1=CC=C(OC)C=C1,-2.6518087,1.3030452,False,48,5,0.8,euclidean,random,StandardScaler_per_sample_dimension
OPO,19.123024,-4.071922,False,48,5,0.8,euclidean,random,StandardScaler_per_sample_dimension
O=[PH](O)O,19.147814,-3.9898856,False,48,5,0.8,euclidean,random,StandardScaler_per_sample_dimension
CN1CC2=C(C=CC=C2)C1,-6.6131415,15.970183,True,48,5,0.8,euclidean,random,StandardScaler_per_sample_dimension
CN1CC2=CC=CC=C2C1,-6.409709,15.784137,False,48,5,0.8,euclidean,random,StandardScaler_per_sample_dimension
CN1CC2=C(C=CC=C2)C1=O,0.25878984,5.524278,False,48,5,0.8,euclidean,random,StandardScaler_per_sample_dimension
CN1CC2=CC=CC=C2C1=O,0.3663027,5.5839763,False,48,5,0.8,euclidean,random,StandardScaler_per_sample_dimension
CNCC1=CC(C=O)=CC=C1,11.338298,13.021556,False,48,5,0.8,euclidean,random,StandardScaler_per_sample_dimension
CNCC1=CC=CC(C=O)=C1,11.337386,13.024094,False,48,5,0.8,euclidean,random,StandardScaler_per_sample_dimension
NCC1=CC(C=O)=CC=C1,-3.07054,10.6074,True,48,5,0.8,euclidean,random,StandardScaler_per_sample_dimension
NCC1=CC=CC(C=O)=C1,-3.1335268,10.48372,False,48,5,0.8,euclidean,random,StandardScaler_per_sample_dimension
CN1C(=O)C2=C(C=CC=C2)C1=O,-6.491758,15.760422,False,48,5,0.8,euclidean,random,StandardScaler_per_sample_dimension
CN1C(=O)C2=CC=CC=C2C1=O,-6.5401692,15.805676,False,48,5,0.8,euclidean,random,StandardScaler_per_sample_dimension
CNC(=O)C1=CC(C=O)=CC=C1,11.32562,13.077495,True,48,5,0.8,euclidean,random,StandardScaler_per_sample_dimension
CNC(=O)C1=CC=CC(C=O)=C1,11.525949,12.948461,False,48,5,0.8,euclidean,random,StandardScaler_per_sample_dimension
NC(=O)C1=CC(C=O)=CC=C1,-2.9857543,10.420489,False,48,5,0.8,euclidean,random,StandardScaler_per_sample_dimension
NC(=O)C1=CC=CC(C=O)=C1,-2.9358985,10.342132,False,48,5,0.8,euclidean,random,StandardScaler_per_sample_dimension
COPC1=CC=CC=C1,12.900336,-6.858229,False,48,5,0.8,euclidean,random,StandardScaler_per_sample_dimension
CN(C)C1=CC=CC=C1,-5.7880144,15.325959,True,48,5,0.8,euclidean,random,StandardScaler_per_sample_dimension
CC1=CC(C(=O)NC2=CC=CC=C2)=CC=C1,21.856981,-13.064366,True,48,5,0.8,euclidean,random,StandardScaler_per_sample_dimension
CC1=CC=CC(C(=O)NC2=CC=CC=C2)=C1,21.82778,-13.09,False,48,5,0.8,euclidean,random,StandardScaler_per_sample_dimension
CO[PH](=O)C1=CC=CC=C1,12.79536,-6.9153414,True,48,5,0.8,euclidean,random,StandardScaler_per_sample_dimension
CC(C)(C1=CC=C(O)C=C1)C1=CC=C(O)C=C1,-1.9459383,0.34513116,True,48,5,0.8,euclidean,random,StandardScaler_per_sample_dimension
COPO,-7.17242,-4.8492174,True,48,5,0.8,euclidean,random,StandardScaler_per_sample_dimension
CO[PH](=O)O,-7.120221,-4.855658,False,48,5,0.8,euclidean,random,StandardScaler_per_sample_dimension
C1=CC=C(C2=CC=CC=C2)C=C1,-11.242752,-6.5473228,True,48,5,0.8,euclidean,random,StandardScaler_per_sample_dimension
CCCNCC,5.8273845,6.450265,False,48,5,0.8,euclidean,random,StandardScaler_per_sample_dimension
COPOC,-7.464113,-4.662516,False,48,5,0.8,euclidean,random,StandardScaler_per_sample_dimension
CO[PH](=O)OC,-7.55304,-4.686481,False,48,5,0.8,euclidean,random,StandardScaler_per_sample_dimension
CCC(=O)NC1=CC=CC=C1,3.9086938,10.176784,True,48,5,0.8,euclidean,random,StandardScaler_per_sample_dimension
CCCNC1=CC=CC=C1,3.7355695,10.166635,False,48,5,0.8,euclidean,random,StandardScaler_per_sample_dimension
OCCOCC1=CC=CC=C1,1.0871938,21.24814,True,48,5,0.8,euclidean,random,StandardScaler_per_sample_dimension
O=C(OCCO)C1=CC=CC=C1,1.1673163,21.203876,False,48,5,0.8,euclidean,random,StandardScaler_per_sample_dimension
CC1=CC(N)=CC=C1,17.306263,21.801006,True,48,5,0.8,euclidean,random,StandardScaler_per_sample_dimension
CC1=CC=CC(N)=C1,17.410652,21.824211,False,48,5,0.8,euclidean,random,StandardScaler_per_sample_dimension
CCCCCN,10.902987,5.102296,True,48,5,0.8,euclidean,random,StandardScaler_per_sample_dimension
CCCNC=O,6.042207,6.314484,True,48,5,0.8,euclidean,random,StandardScaler_per_sample_dimension
CC1=CC=C(OC2=CC=CC=C2)C=C1,-2.4842818,-0.49221867,True,48,5,0.8,euclidean,random,StandardScaler_per_sample_dimension
CCCOC,-0.71419436,-4.84563,True,48,5,0.8,euclidean,random,StandardScaler_per_sample_dimension
CCOC1=CC=CC=C1,-5.8494344,3.81793,True,48,5,0.8,euclidean,random,StandardScaler_per_sample_dimension
CPOC1=CC=CC=C1,-10.6624155,-7.1598315,True,48,5,0.8,euclidean,random,StandardScaler_per_sample_dimension
O=CC1=CC(CNC2=CC=CC=C2)=CC=C1,21.767437,-13.156215,True,48,5,0.8,euclidean,random,StandardScaler_per_sample_dimension
O=CC1=CC=CC(CNC2=CC=CC=C2)=C1,21.761318,-13.165113,False,48,5,0.8,euclidean,random,StandardScaler_per_sample_dimension
O=CC1=CC(C(=O)NC2=CC=CC=C2)=CC=C1,21.738672,-13.191747,False,48,5,0.8,euclidean,random,StandardScaler_per_sample_dimension
O=CC1=CC=CC(C(=O)NC2=CC=CC=C2)=C1,21.630526,-13.293196,False,48,5,0.8,euclidean,random,StandardScaler_per_sample_dimension
CCCNC(C)=O,6.479236,5.998788,True,48,5,0.8,euclidean,random,StandardScaler_per_sample_dimension
COC1=CC=C(CC2=CC=CC=C2)C=C1,-2.4578643,0.38042614,True,48,5,0.8,euclidean,random,StandardScaler_per_sample_dimension
NC1=CC=C(O)C=C1,20.587639,12.1585655,False,48,5,0.8,euclidean,random,StandardScaler_per_sample_dimension
C[PH](=O)OC1=CC=CC=C1,-10.733744,-7.2778807,False,48,5,0.8,euclidean,random,StandardScaler_per_sample_dimension
CCC(C)C,3.9391835,8.243806,True,48,5,0.8,euclidean,random,StandardScaler_per_sample_dimension
CCCCC=O,10.487528,5.2790813,True,48,5,0.8,euclidean,random,StandardScaler_per_sample_dimension
C1=CC=C(OPC2=CC=CC=C2)C=C1,-10.47925,-7.0042176,False,48,5,0.8,euclidean,random,StandardScaler_per_sample_dimension
O=[PH](OC1=CC=CC=C1)C1=CC=CC=C1,-10.50128,-6.931859,True,48,5,0.8,euclidean,random,StandardScaler_per_sample_dimension
CNCC1=CC=C(C)C=C1,10.678046,13.561849,False,48,5,0.8,euclidean,random,StandardScaler_per_sample_dimension
CC1=CC=C(CN)C=C1,-4.8596573,23.674763,False,48,5,0.8,euclidean,random,StandardScaler_per_sample_dimension
CP(C1=CC=CC=C1)C1=CC=CC=C1,-9.83536,15.351207,False,48,5,0.8,euclidean,random,StandardScaler_per_sample_dimension
CNC1=CC=C(C)C=C1,2.2342534,-14.158452,True,48,5,0.8,euclidean,random,StandardScaler_per_sample_dimension
CCCCCNC,6.040659,5.8353715,True,48,5,0.8,euclidean,random,StandardScaler_per_sample_dimension
CNC(=O)C1=CC=C(C)C=C1,10.784929,13.532198,False,48,5,0.8,euclidean,random,StandardScaler_per_sample_dimension
CC1=CC=C(C(N)=O)C=C1,-4.855824,23.706743,True,48,5,0.8,euclidean,random,StandardScaler_per_sample_dimension
CC(C)=O,-7.726184,6.735495,True,48,5,0.8,euclidean,random,StandardScaler_per_sample_dimension
CCCC(=O)NC,5.3157797,7.101675,True,48,5,0.8,euclidean,random,StandardScaler_per_sample_dimension
CCCC(N)=O,5.5458436,6.721647,False,48,5,0.8,euclidean,random,StandardScaler_per_sample_dimension
CNC1=CC(C)=CC=C1,-3.091184,18.28026,True,48,5,0.8,euclidean,random,StandardScaler_per_sample_dimension
CNC1=CC=CC(C)=C1,-3.011171,18.164074,False,48,5,0.8,euclidean,random,StandardScaler_per_sample_dimension
CC1=CC(C)=C(C)C=C1,-11.299105,21.73299,True,48,5,0.8,euclidean,random,StandardScaler_per_sample_dimension
CC1=CC=C(C)C(C)=C1,-11.366558,21.74448,False,48,5,0.8,euclidean,random,StandardScaler_per_sample_dimension
CC1=CC(NC=O)=CC=C1,25.74673,9.454831,True,48,5,0.8,euclidean,random,StandardScaler_per_sample_dimension
CC1=CC=CC(NC=O)=C1,25.71011,9.52152,False,48,5,0.8,euclidean,random,StandardScaler_per_sample_dimension
CCNC1=CC(C)=CC=C1,25.731499,9.469724,False,48,5,0.8,euclidean,random,StandardScaler_per_sample_dimension
CCNC1=CC=CC(C)=C1,25.619995,9.588441,False,48,5,0.8,euclidean,random,StandardScaler_per_sample_dimension
CC(=O)NC1=CC(C)=CC=C1,25.809164,9.424076,False,48,5,0.8,euclidean,random,StandardScaler_per_sample_dimension
CC(=O)NC1=CC=CC(C)=C1,25.892485,9.294773,False,48,5,0.8,euclidean,random,StandardScaler_per_sample_dimension
S,-0.14100298,17.653183,True,48,5,0.8,euclidean,random,StandardScaler_per_sample_dimension
CCCCCCN,10.630696,5.2014313,False,48,5,0.8,euclidean,random,StandardScaler_per_sample_dimension
CC1=CC(O)=CC=C1,4.753754,16.776735,True,48,5,0.8,euclidean,random,StandardScaler_per_sample_dimension
CC1=CC=CC(O)=C1,4.634077,16.694246,False,48,5,0.8,euclidean,random,StandardScaler_per_sample_dimension
CC(C)C=O,3.4144454,9.976841,True,48,5,0.8,euclidean,random,StandardScaler_per_sample_dimension
CC1=CC(C)=C(C=O)C=C1,-11.487559,21.856792,True,48,5,0.8,euclidean,random,StandardScaler_per_sample_dimension
CC1=CC(C=O)=C(C)C=C1,-11.442115,21.615635,False,48,5,0.8,euclidean,random,StandardScaler_per_sample_dimension
CC1=CC=C(C)C(C=O)=C1,-11.372885,21.74238,False,48,5,0.8,euclidean,random,StandardScaler_per_sample_dimension
CC1=CC=C(C=O)C(C)=C1,-11.270282,21.635296,False,48,5,0.8,euclidean,random,StandardScaler_per_sample_dimension
CC1=CC(C=O)=C(C=O)C=C1,-11.3609915,21.72568,False,48,5,0.8,euclidean,random,StandardScaler_per_sample_dimension
CC1=CC=C(C=O)C(C=O)=C1,-11.349559,21.814928,False,48,5,0.8,euclidean,random,StandardScaler_per_sample_dimension
NC1=CC(C=O)=CC=C1,17.298494,21.802076,True,48,5,0.8,euclidean,random,StandardScaler_per_sample_dimension
NC1=CC=CC(C=O)=C1,17.334259,21.69832,False,48,5,0.8,euclidean,random,StandardScaler_per_sample_dimension
COC1=CC=C(CC2=CC=C(O)C=C2)C=C1,-2.294609,0.2836119,True,48,5,0.8,euclidean,random,StandardScaler_per_sample_dimension
CC1=CC=C(OP)C=C1,-12.983425,-3.502895,True,48,5,0.8,euclidean,random,StandardScaler_per_sample_dimension
CC1=CC=C(OP=O)C=C1,-13.047626,-3.4163918,False,48,5,0.8,euclidean,random,StandardScaler_per_sample_dimension
COC1=CC=C(C(C)C)C=C1,-2.8389218,1.358806,True,48,5,0.8,euclidean,random,StandardScaler_per_sample_dimension
CCCC1=CC=CC=C1,3.042233,10.89075,True,48,5,0.8,euclidean,random,StandardScaler_per_sample_dimension
COC1=CC=C(C(C)C2=CC=CC=C2)C=C1,-2.634987,1.1840769,False,48,5,0.8,euclidean,random,StandardScaler_per_sample_dimension
CC1=CC=C(NC=O)C=C1,2.266111,-13.986791,False,48,5,0.8,euclidean,random,StandardScaler_per_sample_dimension
CCNC1=CC=C(C)C=C1,2.1409013,-14.066666,False,48,5,0.8,euclidean,random,StandardScaler_per_sample_dimension
CN(CC1=CC=CC=C1)C1=CC=CC=C1,-5.770597,15.626677,True,48,5,0.8,euclidean,random,StandardScaler_per_sample_dimension
CCCCNC=O,6.6801972,5.8589935,True,48,5,0.8,euclidean,random,StandardScaler_per_sample_dimension
CCCCCCNC,6.377776,5.398726,False,48,5,0.8,euclidean,random,StandardScaler_per_sample_dimension
CC(=O)NC1=CC=C(C)C=C1,2.1452816,-13.937878,True,48,5,0.8,euclidean,random,StandardScaler_per_sample_dimension
CCCCCCC,13.526214,5.075813,True,48,5,0.8,euclidean,random,StandardScaler_per_sample_dimension
CCCCCC=O,10.185551,5.2719364,False,48,5,0.8,euclidean,random,StandardScaler_per_sample_dimension
COC1=CC=C(C(C)C2=CC=C(O)C=C2)C=C1,-2.7268405,1.1498122,False,48,5,0.8,euclidean,random,StandardScaler_per_sample_dimension
CP(=O)(C1=CC=CC=C1)C1=CC=CC=C1,-9.585901,15.330789,True,48,5,0.8,euclidean,random,StandardScaler_per_sample_dimension
CCCOCC,-0.76267606,-5.0725956,False,48,5,0.8,euclidean,random,StandardScaler_per_sample_dimension
O=CC1=CC=C(O)C=C1,-2.7993455,-1.2447126,True,48,5,0.8,euclidean,random,StandardScaler_per_sample_dimension
CC1=CC=C(CNC2=CC=CC=C2)C=C1,-0.075839125,-0.16874592,False,48,5,0.8,euclidean,random,StandardScaler_per_sample_dimension
CCCCNCC,6.076751,6.4268813,False,48,5,0.8,euclidean,random,StandardScaler_per_sample_dimension
CC1=CC=C(C(=O)NC2=CC=CC=C2)C=C1,0.11754156,-0.32706216,True,48,5,0.8,euclidean,random,StandardScaler_per_sample_dimension
CCNCC1=CC=CC=C1,0.6080069,7.0277457,True,48,5,0.8,euclidean,random,StandardScaler_per_sample_dimension
CC1=CC2=C(C=C1)CNC2,-4.162403,23.739168,True,48,5,0.8,euclidean,random,StandardScaler_per_sample_dimension
CC1=CC=C2CNCC2=C1,-4.1240525,23.917976,False,48,5,0.8,euclidean,random,StandardScaler_per_sample_dimension
CNCC1=CC=C(C=O)C=C1,10.858201,13.658373,False,48,5,0.8,euclidean,random,StandardScaler_per_sample_dimension
CS,-5.3361034,-4.5778513,True,48,5,0.8,euclidean,random,StandardScaler_per_sample_dimension
NCC1=CC=C(C=O)C=C1,-5.1951623,23.807703,True,48,5,0.8,euclidean,random,StandardScaler_per_sample_dimension
CC1=CC2=C(C=C1)C(=O)NC2,-4.142682,23.657259,False,48,5,0.8,euclidean,random,StandardScaler_per_sample_dimension
CC1=CC2=C(C=C1)CNC2=O,-3.8936958,23.552582,False,48,5,0.8,euclidean,random,StandardScaler_per_sample_dimension
CC1=CC=C2C(=O)NCC2=C1,-3.8570602,23.78794,False,48,5,0.8,euclidean,random,StandardScaler_per_sample_dimension
CC1=CC=C2CNC(=O)C2=C1,-3.968732,23.746738,False,48,5,0.8,euclidean,random,StandardScaler_per_sample_dimension
CC1=CC2=C(C=C1)C(=O)NC2=O,-3.982032,23.76101,False,48,5,0.8,euclidean,random,StandardScaler_per_sample_dimension
CC1=CC=C2C(=O)NC(=O)C2=C1,-4.1656203,23.572107,False,48,5,0.8,euclidean,random,StandardScaler_per_sample_dimension
CNC(=O)C1=CC=C(C=O)C=C1,10.793745,13.567463,False,48,5,0.8,euclidean,random,StandardScaler_per_sample_dimension
NC(=O)C1=CC=C(C=O)C=C1,-5.1697245,23.753277,False,48,5,0.8,euclidean,random,StandardScaler_per_sample_dimension
CNC1=CC=C(O)C=C1,20.90322,12.34516,True,48,5,0.8,euclidean,random,StandardScaler_per_sample_dimension
CC1=CC=C(CO)C=C1,12.496113,-1.3494623,False,48,5,0.8,euclidean,random,StandardScaler_per_sample_dimension
OC1=CC=C(O)C=C1,-2.0851731,13.816655,True,48,5,0.8,euclidean,random,StandardScaler_per_sample_dimension
CP(C)O,12.6871395,-6.2325964,True,48,5,0.8,euclidean,random,StandardScaler_per_sample_dimension
CP(C)(=O)O,12.891961,-6.234089,False,48,5,0.8,euclidean,random,StandardScaler_per_sample_dimension
CCCCNC(C)=O,6.891854,5.6118913,True,48,5,0.8,euclidean,random,StandardScaler_per_sample_dimension
CC1=CC=CC=C1C(=O)NC1=CC=CC=C1,-2.4908566,5.759908,False,48,5,0.8,euclidean,random,StandardScaler_per_sample_dimension
O=CC1=CC=CC=C1CNC1=CC=CC=C1,-2.386559,5.7004805,False,48,5,0.8,euclidean,random,StandardScaler_per_sample_dimension
COC1=CC=C(C(C)(C)C2=CC=CC=C2)C=C1,-2.3561661,0.5389169,True,48,5,0.8,euclidean,random,StandardScaler_per_sample_dimension
OPOC1=CC=CC=C1,1.152853,-1.3760788,True,48,5,0.8,euclidean,random,StandardScaler_per_sample_dimension
O=[PH](O)OC1=CC=CC=C1,0.9752338,-1.503472,False,48,5,0.8,euclidean,random,StandardScaler_per_sample_dimension
CC1=CC=CC=C1CNC1=CC=CC=C1,-5.565141,14.132544,True,48,5,0.8,euclidean,random,StandardScaler_per_sample_dimension
O=CC1=CC=CC=C1C(=O)NC1=CC=CC=C1,-5.7754316,14.159822,False,48,5,0.8,euclidean,random,StandardScaler_per_sample_dimension
CCCCCNCC,5.9203544,6.335356,False,48,5,0.8,euclidean,random,StandardScaler_per_sample_dimension
O=C1C2=C(C=CC=C2)CN1C1=CC=CC=C1,-2.4867325,5.7067833,False,48,5,0.8,euclidean,random,StandardScaler_per_sample_dimension
O=C1C2=CC=CC=C2CN1C1=CC=CC=C1,-2.367363,5.6508555,False,48,5,0.8,euclidean,random,StandardScaler_per_sample_dimension
CNC1=CC(C=O)=CC=C1,-3.2306497,18.310173,True,48,5,0.8,euclidean,random,StandardScaler_per_sample_dimension
CNC1=CC=CC(C=O)=C1,-3.0091825,18.377522,False,48,5,0.8,euclidean,random,StandardScaler_per_sample_dimension
COC1=CC=C(O)C=C1,-2.0566897,13.819845,True,48,5,0.8,euclidean,random,StandardScaler_per_sample_dimension
COC1=CC=C(C=O)C=C1,-2.6166167,-1.2410125,False,48,5,0.8,euclidean,random,StandardScaler_per_sample_dimension
CCNC1=CC=C(O)C=C1,20.83382,12.266586,True,48,5,0.8,euclidean,random,StandardScaler_per_sample_dimension
O=CNC1=CC=C(O)C=C1,21.154018,12.419734,False,48,5,0.8,euclidean,random,StandardScaler_per_sample_dimension
CC(=O)NC1=CC=C(O)C=C1,20.93459,12.298777,False,48,5,0.8,euclidean,random,StandardScaler_per_sample_dimension
CCC(=O)O,0.8142813,-3.0691895,True,48,5,0.8,euclidean,random,StandardScaler_per_sample_dimension
C1=CC=C(N2CC3=C(C=CC=C3)C2)C=C1,-5.7373247,14.345525,False,48,5,0.8,euclidean,random,StandardScaler_per_sample_dimension
C1=CC=C(N2CC3=CC=CC=C3C2)C=C1,-5.750931,14.139544,False,48,5,0.8,euclidean,random,StandardScaler_per_sample_dimension
O=C1C2=C(C=CC=C2)C(=O)N1C1=CC=CC=C1,-5.719534,14.422799,False,48,5,0.8,euclidean,random,StandardScaler_per_sample_dimension
O=C1C2=CC=CC=C2C(=O)N1C1=CC=CC=C1,-5.7463374,14.195112,False,48,5,0.8,euclidean,random,StandardScaler_per_sample_dimension
CCNC(=O)C1=CC=CC=C1,0.37300357,6.76101,False,48,5,0.8,euclidean,random,StandardScaler_per_sample_dimension
CC(=O)C1=CC=CC=C1,-8.0873165,6.6558533,True,48,5,0.8,euclidean,random,StandardScaler_per_sample_dimension
CC1=CC2=C(C=C1)CN(C)C2,2.915268,-15.954285,True,48,5,0.8,euclidean,random,StandardScaler_per_sample_dimension
CC1=CC=C2CN(C)CC2=C1,3.0623186,-16.096771,False,48,5,0.8,euclidean,random,StandardScaler_per_sample_dimension
CC1=CC=C(C(=O)O)C=C1,12.2603245,-1.6228789,True,48,5,0.8,euclidean,random,StandardScaler_per_sample_dimension
CCNC1=CC(C=O)=CC=C1,15.484911,14.181334,True,48,5,0.8,euclidean,random,StandardScaler_per_sample_dimension
CCNC1=CC=CC(C=O)=C1,15.820687,14.208532,False,48,5,0.8,euclidean,random,StandardScaler_per_sample_dimension
O=CNC1=CC(C=O)=CC=C1,15.72483,14.290557,False,48,5,0.8,euclidean,random,StandardScaler_per_sample_dimension
O=CNC1=CC=CC(C=O)=C1,15.809702,14.3957615,False,48,5,0.8,euclidean,random,StandardScaler_per_sample_dimension
CC(=O)NC1=CC(C=O)=CC=C1,15.696309,14.183304,False,48,5,0.8,euclidean,random,StandardScaler_per_sample_dimension
CC(=O)NC1=CC=CC(C=O)=C1,15.59511,14.011972,False,48,5,0.8,euclidean,random,StandardScaler_per_sample_dimension
COC1=CC=C(N)C=C1,20.650002,12.161521,False,48,5,0.8,euclidean,random,StandardScaler_per_sample_dimension
CP(O)C1=CC=CC=C1,12.668494,-6.480861,True,48,5,0.8,euclidean,random,StandardScaler_per_sample_dimension
CP(=O)(O)C1=CC=CC=C1,12.82065,-6.294844,False,48,5,0.8,euclidean,random,StandardScaler_per_sample_dimension
CC1=CC2=C(C=C1)C(=O)N(C)C2,2.8186898,-15.77575,False,48,5,0.8,euclidean,random,StandardScaler_per_sample_dimension
CC1=CC2=C(C=C1)CN(C)C2=O,3.0405266,-16.000607,False,48,5,0.8,euclidean,random,StandardScaler_per_sample_dimension
CC1=CC=C2C(=O)N(C)CC2=C1,2.7387638,-15.713214,False,48,5,0.8,euclidean,random,StandardScaler_per_sample_dimension
CC1=CC=C2CN(C)C(=O)C2=C1,2.8503513,-15.89705,False,48,5,0.8,euclidean,random,StandardScaler_per_sample_dimension
CC1=CC2=C(C=C1)C(=O)N(C)C2=O,2.806212,-15.765106,False,48,5,0.8,euclidean,random,StandardScaler_per_sample_dimension
CC1=CC=C2C(=O)N(C)C(=O)C2=C1,3.0270002,-15.690834,False,48,5,0.8,euclidean,random,StandardScaler_per_sample_dimension
COCC1=CC=C(C)C=C1,12.735854,-0.76132673,False,48,5,0.8,euclidean,random,StandardScaler_per_sample_dimension
OC1=CC=CC=C1C1=CC=CC=C1,-11.5395565,-6.5112176,True,48,5,0.8,euclidean,random,StandardScaler_per_sample_dimension
COPOC1=CC=CC=C1,1.0400633,-1.5864148,False,48,5,0.8,euclidean,random,StandardScaler_per_sample_dimension
CO[PH](=O)OC1=CC=CC=C1,1.0087072,-1.4147011,False,48,5,0.8,euclidean,random,StandardScaler_per_sample_dimension
SC1=CC=CC=C1,-5.40911,-4.5777836,True,48,5,0.8,euclidean,random,StandardScaler_per_sample_dimension
NCCN,14.256554,11.646987,True,48,5,0.8,euclidean,random,StandardScaler_per_sample_dimension
COC(=O)C1=CC=C(C)C=C1,12.859829,-0.471886,True,48,5,0.8,euclidean,random,StandardScaler_per_sample_dimension
CCCCCNC=O,7.0265603,5.474418,False,48,5,0.8,euclidean,random,StandardScaler_per_sample_dimension
CCC(=O)OC,0.8483762,-3.263322,True,48,5,0.8,euclidean,random,StandardScaler_per_sample_dimension
CC1=CC(CN(C)C2=CC=CC=C2)=CC=C1,-5.44037,15.626698,True,48,5,0.8,euclidean,random,StandardScaler_per_sample_dimension
CC1=CC=CC(CN(C)C2=CC=CC=C2)=C1,-5.5011816,15.621783,False,48,5,0.8,euclidean,random,StandardScaler_per_sample_dimension
CCC1=CC=C(C)C=C1,-9.468312,6.101895,True,48,5,0.8,euclidean,random,StandardScaler_per_sample_dimension
CC1=CC(C=O)=CC(N)=C1,17.23412,21.621796,True,48,5,0.8,euclidean,random,StandardScaler_per_sample_dimension
CC1=CC(N)=CC(C=O)=C1,17.17141,21.60526,False,48,5,0.8,euclidean,random,StandardScaler_per_sample_dimension
O=CC1=CC=C(OC2=CC=CC=C2)C=C1,-2.454314,-0.91309994,True,48,5,0.8,euclidean,random,StandardScaler_per_sample_dimension
CC1=CC(C)=CC(N)=C1,-2.6747532,21.631157,False,48,5,0.8,euclidean,random,StandardScaler_per_sample_dimension
CC1=CC(N)=CC(C)=C1,-2.5847,21.836763,False,48,5,0.8,euclidean,random,StandardScaler_per_sample_dimension
NC1=CC(C=O)=CC(C=O)=C1,-2.6817648,21.690628,False,48,5,0.8,euclidean,random,StandardScaler_per_sample_dimension
CCC(C)CC,3.7382889,8.5657015,True,48,5,0.8,euclidean,random,StandardScaler_per_sample_dimension
Br,-12.381337,1.535477,False,48,5,0.8,euclidean,random,StandardScaler_per_sample_dimension
CBr,-12.44096,1.5374426,False,48,5,0.8,euclidean,random,StandardScaler_per_sample_dimension
BrC1=CC=CC=C1,-12.456437,1.5942827,False,48,5,0.8,euclidean,random,StandardScaler_per_sample_dimension
CCCCCNC(C)=O,7.4531875,5.415351,True,48,5,0.8,euclidean,random,StandardScaler_per_sample_dimension
COP(C)C1=CC=CC=C1,12.782526,-6.4963474,False,48,5,0.8,euclidean,random,StandardScaler_per_sample_dimension
COP(C)(=O)C1=CC=CC=C1,12.870365,-6.5563526,False,48,5,0.8,euclidean,random,StandardScaler_per_sample_dimension
CCCCCCNCC,6.7707944,6.3615355,True,48,5,0.8,euclidean,random,StandardScaler_per_sample_dimension
CNCCN,13.812639,11.721391,True,48,5,0.8,euclidean,random,StandardScaler_per_sample_dimension
CCNC(=O)CC,7.023521,6.322516,True,48,5,0.8,euclidean,random,StandardScaler_per_sample_dimension
C[SH]=O,-5.083901,-4.943014,False,48,5,0.8,euclidean,random,StandardScaler_per_sample_dimension
CCCC(=O)NC1=CC=CC=C1,3.7756054,10.069315,True,48,5,0.8,euclidean,random,StandardScaler_per_sample_dimension
CCCCNC1=CC=CC=C1,3.7727365,10.335924,False,48,5,0.8,euclidean,random,StandardScaler_per_sample_dimension
O=S,-5.210185,-4.6813407,True,48,5,0.8,euclidean,random,StandardScaler_per_sample_dimension
C[SH](=O)=O,-5.2077413,-4.7010927,False,48,5,0.8,euclidean,random,StandardScaler_per_sample_dimension
O=CC1=CC=C(CNC2=CC=CC=C2)C=C1,0.0504164,-0.4794297,True,48,5,0.8,euclidean,random,StandardScaler_per_sample_dimension
O=CC1=CC=C(C(=O)NC2=CC=CC=C2)C=C1,-0.006894977,-0.44858158,False,48,5,0.8,euclidean,random,StandardScaler_per_sample_dimension
O=CC1=CC=C(CO)C=C1,12.482874,-1.5821953,True,48,5,0.8,euclidean,random,StandardScaler_per_sample_dimension
COCC1=CC=C(C=O)C=C1,13.053824,-0.69169766,True,48,5,0.8,euclidean,random,StandardScaler_per_sample_dimension
O=S=O,-0.19367817,17.745735,False,48,5,0.8,euclidean,random,StandardScaler_per_sample_dimension
CCC(C)C=O,4.5925627,8.022844,True,48,5,0.8,euclidean,random,StandardScaler_per_sample_dimension
CC1=CC=C(NCC2=CC=CC=C2)C=C1,2.2661817,-13.989131,True,48,5,0.8,euclidean,random,StandardScaler_per_sample_dimension
C1=CC=C(SC2=CC=CC=C2)C=C1,-0.30209562,17.6437,False,48,5,0.8,euclidean,random,StandardScaler_per_sample_dimension
CCCC(C)C,3.6813087,8.484863,True,48,5,0.8,euclidean,random,StandardScaler_per_sample_dimension
CCCCC(=O)NC,6.4219627,5.434333,False,48,5,0.8,euclidean,random,StandardScaler_per_sample_dimension
CCCCC(N)=O,6.866187,5.2600923,True,48,5,0.8,euclidean,random,StandardScaler_per_sample_dimension
O=[SH]C1=CC=CC=C1,-5.107736,-5.0951533,True,48,5,0.8,euclidean,random,StandardScaler_per_sample_dimension
O=[SH](=O)C1=CC=CC=C1,-5.3233514,-4.7421193,False,48,5,0.8,euclidean,random,StandardScaler_per_sample_dimension
O=CCCC=O,-0.20655827,-2.7327976,True,48,5,0.8,euclidean,random,StandardScaler_per_sample_dimension
O=CC1=CC=C(C(=O)O)C=C1,12.410101,-1.4958597,False,48,5,0.8,euclidean,random,StandardScaler_per_sample_dimension
COC(=O)C1=CC=C(C=O)C=C1,13.141511,-0.37253013,False,48,5,0.8,euclidean,random,StandardScaler_per_sample_dimension
C1=CC2=C(C=C1)C1=C(C=CC=C1)PO2,-11.414189,-6.9367623,True,48,5,0.8,euclidean,random,StandardScaler_per_sample_dimension
C1=CC2=C(C=C1)C1=CC=CC=C1PO2,-10.432674,-6.7089295,False,48,5,0.8,euclidean,random,StandardScaler_per_sample_dimension
C1=CC=C2C(=C1)OPC1=C2C=CC=C1,-10.218168,-6.291447,False,48,5,0.8,euclidean,random,StandardScaler_per_sample_dimension
C1=CC=C2C(=C1)OPC1=CC=CC=C12,-11.196479,-6.802526,False,48,5,0.8,euclidean,random,StandardScaler_per_sample_dimension
CP1OC2=C(C=CC=C2)C2=C1C=CC=C2,-10.961227,-6.6898956,False,48,5,0.8,euclidean,random,StandardScaler_per_sample_dimension
CP1OC2=C(C=CC=C2)C2=CC=CC=C21,-10.653466,-6.8586335,False,48,5,0.8,euclidean,random,StandardScaler_per_sample_dimension
CP1OC2=CC=CC=C2C2=C1C=CC=C2,-11.259422,-6.6993523,False,48,5,0.8,euclidean,random,StandardScaler_per_sample_dimension
CP1OC2=CC=CC=C2C2=CC=CC=C21,-10.508843,-6.598085,False,48,5,0.8,euclidean,random,StandardScaler_per_sample_dimension
O=[PH]1OC2=C(C=CC=C2)C2=C1C=CC=C2,-10.48642,-6.8678284,False,48,5,0.8,euclidean,random,StandardScaler_per_sample_dimension
O=[PH]1OC2=C(C=CC=C2)C2=CC=CC=C21,-10.458148,-6.6219864,False,48,5,0.8,euclidean,random,StandardScaler_per_sample_dimension
O=[PH]1OC2=CC=CC=C2C2=C1C=CC=C2,-10.531639,-6.5265822,False,48,5,0.8,euclidean,random,StandardScaler_per_sample_dimension
O=[PH]1OC2=CC=CC=C2C2=CC=CC=C21,-10.2912855,-6.7397237,False,48,5,0.8,euclidean,random,StandardScaler_per_sample_dimension
CP1(=O)OC2=C(C=CC=C2)C2=C1C=CC=C2,-11.388223,-6.884514,False,48,5,0.8,euclidean,random,StandardScaler_per_sample_dimension
CP1(=O)OC2=C(C=CC=C2)C2=CC=CC=C21,-10.861496,-6.786544,False,48,5,0.8,euclidean,random,StandardScaler_per_sample_dimension
CP1(=O)OC2=CC=CC=C2C2=C1C=CC=C2,-10.609241,-6.583207,False,48,5,0.8,euclidean,random,StandardScaler_per_sample_dimension
CP1(=O)OC2=CC=CC=C2C2=CC=CC=C21,-10.35405,-6.517346,False,48,5,0.8,euclidean,random,StandardScaler_per_sample_dimension
C[P@@]1(=O)OC2=CC=CC=C2C2=CC=CC=C21,-11.430205,-6.933766,False,48,5,0.8,euclidean,random,StandardScaler_per_sample_dimension
C[P@]1(=O)OC2=CC=CC=C2C2=CC=CC=C21,-11.069877,-6.6127996,False,48,5,0.8,euclidean,random,StandardScaler_per_sample_dimension
CCCN(C)C,4.998675,9.667996,True,48,5,0.8,euclidean,random,StandardScaler_per_sample_dimension
O=CC1=CC2=C(C=C1)CNC2,-5.818035,24.1073,True,48,5,0.8,euclidean,random,StandardScaler_per_sample_dimension
O=CC1=CC=C2CNCC2=C1,-5.902745,24.19462,False,48,5,0.8,euclidean,random,StandardScaler_per_sample_dimension
CC1=CC=C(NC(=O)C2=CC=CC=C2)C=C1,2.5031278,-13.760891,True,48,5,0.8,euclidean,random,StandardScaler_per_sample_dimension
O=COC1=CC=CC=C1,-1.4196042,0.3648666,True,48,5,0.8,euclidean,random,StandardScaler_per_sample_dimension
CCP,22.528568,16.285084,True,48,5,0.8,euclidean,random,StandardScaler_per_sample_dimension
CCP=O,22.783094,16.54019,False,48,5,0.8,euclidean,random,StandardScaler_per_sample_dimension
CCOCC1=CC=C(C)C=C1,13.020722,-0.58027655,False,48,5,0.8,euclidean,random,StandardScaler_per_sample_dimension
O=CC1=CC2=C(C=C1)C(=O)NC2,-6.0692897,24.176636,False,48,5,0.8,euclidean,random,StandardScaler_per_sample_dimension
O=CC1=CC2=C(C=C1)CNC2=O,-6.1533566,24.014938,False,48,5,0.8,euclidean,random,StandardScaler_per_sample_dimension
O=CC1=CC=C2C(=O)NCC2=C1,-6.1243057,23.938759,False,48,5,0.8,euclidean,random,StandardScaler_per_sample_dimension
O=CC1=CC=C2CNC(=O)C2=C1,-5.9769993,23.804546,False,48,5,0.8,euclidean,random,StandardScaler_per_sample_dimension
O=CC1=CC2=C(C=C1)C(=O)NC2=O,-6.130385,23.979391,False,48,5,0.8,euclidean,random,StandardScaler_per_sample_dimension
O=CC1=CC=C2C(=O)NC(=O)C2=C1,-6.0630317,24.005598,False,48,5,0.8,euclidean,random,StandardScaler_per_sample_dimension
CC1=CC2=C(C=C1)CN(C1=CC=CC=C1)C2,-4.5889993,15.880596,True,48,5,0.8,euclidean,random,StandardScaler_per_sample_dimension
CC1=CC=C2CN(C3=CC=CC=C3)CC2=C1,-4.4933805,15.823841,False,48,5,0.8,euclidean,random,StandardScaler_per_sample_dimension
CC1=CC2=C(C=C1)C(=O)N(C1=CC=CC=C1)C2,-4.858826,15.714081,False,48,5,0.8,euclidean,random,StandardScaler_per_sample_dimension
CC1=CC2=C(C=C1)CN(C1=CC=CC=C1)C2=O,-4.575049,15.714253,False,48,5,0.8,euclidean,random,StandardScaler_per_sample_dimension
CC1=CC=C2C(=O)N(C3=CC=CC=C3)CC2=C1,-4.631936,15.9979315,False,48,5,0.8,euclidean,random,StandardScaler_per_sample_dimension
CC1=CC=C2CN(C3=CC=CC=C3)C(=O)C2=C1,-4.6037745,15.940054,False,48,5,0.8,euclidean,random,StandardScaler_per_sample_dimension
COC1=CC(C)=CC=C1,4.6311784,16.753012,True,48,5,0.8,euclidean,random,StandardScaler_per_sample_dimension
COC1=CC=CC(C)=C1,4.821272,16.907373,False,48,5,0.8,euclidean,random,StandardScaler_per_sample_dimension
CN1CC2=C(C=C(C=O)C=C2)C1,16.92173,-16.568932,True,48,5,0.8,euclidean,random,StandardScaler_per_sample_dimension
CN1CC2=CC=C(C=O)C=C2C1,16.902355,-16.735935,False,48,5,0.8,euclidean,random,StandardScaler_per_sample_dimension
C1=CC=C(OPOC2=CC=CC=C2)C=C1,28.760588,-2.884752,True,48,5,0.8,euclidean,random,StandardScaler_per_sample_dimension
O=[PH](OC1=CC=CC=C1)OC1=CC=CC=C1,28.701546,-2.8250935,False,48,5,0.8,euclidean,random,StandardScaler_per_sample_dimension
CCOC(=O)C1=CC=C(C)C=C1,13.193236,-0.31011158,False,48,5,0.8,euclidean,random,StandardScaler_per_sample_dimension
CCCCCCCC,13.716513,5.266858,False,48,5,0.8,euclidean,random,StandardScaler_per_sample_dimension
CCC1=CC=C(OC2=CC=CC=C2)C=C1,-2.3995314,0.051224098,True,48,5,0.8,euclidean,random,StandardScaler_per_sample_dimension
O=S(C1=CC=CC=C1)C1=CC=CC=C1,-5.3662987,-4.6749687,False,48,5,0.8,euclidean,random,StandardScaler_per_sample_dimension
NC1=CC=C(OC2=CC=CC=C2)C=C1,20.565718,11.979452,True,48,5,0.8,euclidean,random,StandardScaler_per_sample_dimension
NP,-2.7311072,8.780308,True,48,5,0.8,euclidean,random,StandardScaler_per_sample_dimension
CNP,-2.7327838,8.716072,False,48,5,0.8,euclidean,random,StandardScaler_per_sample_dimension
CN1CC2=C(C=C(C=O)C=C2)C1=O,17.139717,-16.762419,False,48,5,0.8,euclidean,random,StandardScaler_per_sample_dimension
CN1CC2=C(C=CC(C=O)=C2)C1=O,16.915216,-16.520956,False,48,5,0.8,euclidean,random,StandardScaler_per_sample_dimension
CN1CC2=CC(C=O)=CC=C2C1=O,16.839916,-16.510452,False,48,5,0.8,euclidean,random,StandardScaler_per_sample_dimension
CN1CC2=CC=C(C=O)C=C2C1=O,16.831875,-16.579618,False,48,5,0.8,euclidean,random,StandardScaler_per_sample_dimension
CN1C(=O)C2=C(C=C(C=O)C=C2)C1=O,16.979725,-16.55268,False,48,5,0.8,euclidean,random,StandardScaler_per_sample_dimension
CN1C(=O)C2=CC=C(C=O)C=C2C1=O,16.880363,-16.46954,False,48,5,0.8,euclidean,random,StandardScaler_per_sample_dimension
O=S(=O)(C1=CC=CC=C1)C1=CC=CC=C1,-0.49148417,17.656918,False,48,5,0.8,euclidean,random,StandardScaler_per_sample_dimension
F,-6.610068,-10.95344,False,48,5,0.8,euclidean,random,StandardScaler_per_sample_dimension
CF,-6.6448746,-10.750445,False,48,5,0.8,euclidean,random,StandardScaler_per_sample_dimension
CCCCCCNC=O,7.224609,4.9323735,False,48,5,0.8,euclidean,random,StandardScaler_per_sample_dimension
CCCN(C)CC,5.4476757,9.795966,False,48,5,0.8,euclidean,random,StandardScaler_per_sample_dimension
CCCNC(=O)CC,6.963991,6.1036854,True,48,5,0.8,euclidean,random,StandardScaler_per_sample_dimension
CCCCCCNC(C)=O,7.7014513,4.685807,True,48,5,0.8,euclidean,random,StandardScaler_per_sample_dimension
CCCNCCC,7.1447268,5.940149,True,48,5,0.8,euclidean,random,StandardScaler_per_sample_dimension
CCNCCN,13.909527,11.627917,False,48,5,0.8,euclidean,random,StandardScaler_per_sample_dimension
CNP=O,-2.6374671,8.772447,False,48,5,0.8,euclidean,random,StandardScaler_per_sample_dimension
NP=O,-2.4976013,8.798097,False,48,5,0.8,euclidean,random,StandardScaler_per_sample_dimension
CC1=CC(CO)=CC=C1,-7.3104205,14.45297,True,48,5,0.8,euclidean,random,StandardScaler_per_sample_dimension
CC1=CC=CC(CO)=C1,-7.3808603,14.402651,False,48,5,0.8,euclidean,random,StandardScaler_per_sample_dimension
CC1=CC(C(=O)O)=CC=C1,-7.404324,14.345314,False,48,5,0.8,euclidean,random,StandardScaler_per_sample_dimension
CC1=CC=CC(C(=O)O)=C1,-7.4642353,14.30554,False,48,5,0.8,euclidean,random,StandardScaler_per_sample_dimension
CNCCNC,13.735995,11.543414,True,48,5,0.8,euclidean,random,StandardScaler_per_sample_dimension
CCOP,-7.5690346,-3.814787,True,48,5,0.8,euclidean,random,StandardScaler_per_sample_dimension
CCOP=O,-7.6868386,-3.8942146,False,48,5,0.8,euclidean,random,StandardScaler_per_sample_dimension
CC1=CC=C(OC2=CC=C(C)C=C2)C=C1,-2.7896333,-0.9464679,True,48,5,0.8,euclidean,random,StandardScaler_per_sample_dimension
CCOCC1=CC=C(C=O)C=C1,13.284635,-0.49013272,False,48,5,0.8,euclidean,random,StandardScaler_per_sample_dimension
CC(C)CC=O,3.8608315,10.001761,False,48,5,0.8,euclidean,random,StandardScaler_per_sample_dimension
CCC1=CC=C(OP)C=C1,2.6448596,-0.14093497,True,48,5,0.8,euclidean,random,StandardScaler_per_sample_dimension
CCC1=CC=C(OP=O)C=C1,2.454142,-0.19219624,False,48,5,0.8,euclidean,random,StandardScaler_per_sample_dimension
CNC1=CC(C)=CC(C=O)=C1,-10.928473,17.75526,True,48,5,0.8,euclidean,random,StandardScaler_per_sample_dimension
CNC1=CC(C=O)=CC(C)=C1,-10.889891,17.716064,False,48,5,0.8,euclidean,random,StandardScaler_per_sample_dimension
CC1=CC(C=O)=CC(NC=O)=C1,-10.845748,17.794254,False,48,5,0.8,euclidean,random,StandardScaler_per_sample_dimension
CC1=CC(NC=O)=CC(C=O)=C1,-10.789361,17.884586,False,48,5,0.8,euclidean,random,StandardScaler_per_sample_dimension
CCNC1=CC(C)=CC(C=O)=C1,-11.101977,17.571613,False,48,5,0.8,euclidean,random,StandardScaler_per_sample_dimension
CCNC1=CC(C=O)=CC(C)=C1,-10.831183,17.835403,False,48,5,0.8,euclidean,random,StandardScaler_per_sample_dimension
CC(=O)NC1=CC(C)=CC(C=O)=C1,-11.022952,17.64737,False,48,5,0.8,euclidean,random,StandardScaler_per_sample_dimension
CC(=O)NC1=CC(C=O)=CC(C)=C1,-10.616035,17.976564,False,48,5,0.8,euclidean,random,StandardScaler_per_sample_dimension
CCCCO,-0.27142432,-4.571191,True,48,5,0.8,euclidean,random,StandardScaler_per_sample_dimension
NC1=CC=C(C=O)C=C1,14.19958,13.343463,True,48,5,0.8,euclidean,random,StandardScaler_per_sample_dimension
CNC1=CC(C)=CC(C)=C1,15.019118,24.33362,False,48,5,0.8,euclidean,random,StandardScaler_per_sample_dimension
CC1=CC(C)=CC(NC=O)=C1,14.662115,24.629438,False,48,5,0.8,euclidean,random,StandardScaler_per_sample_dimension
CC1=CC(NC=O)=CC(C)=C1,14.861419,24.431967,False,48,5,0.8,euclidean,random,StandardScaler_per_sample_dimension
CCNC1=CC(C)=CC(C)=C1,15.108772,24.207418,False,48,5,0.8,euclidean,random,StandardScaler_per_sample_dimension
CC(=O)NC1=CC(C)=CC(C)=C1,14.9099245,24.381811,False,48,5,0.8,euclidean,random,StandardScaler_per_sample_dimension
CNC1=CC(C=O)=CC(C=O)=C1,14.828549,24.532335,False,48,5,0.8,euclidean,random,StandardScaler_per_sample_dimension
CCNC1=CC(C=O)=CC(C=O)=C1,14.984921,24.301065,False,48,5,0.8,euclidean,random,StandardScaler_per_sample_dimension
O=CNC1=CC(C=O)=CC(C=O)=C1,14.948892,24.417387,False,48,5,0.8,euclidean,random,StandardScaler_per_sample_dimension
OC1=C(P)C=CC=C1,19.03452,12.168366,True,48,5,0.8,euclidean,random,StandardScaler_per_sample_dimension
O=PC1=C(O)C=CC=C1,18.892467,12.1827965,False,48,5,0.8,euclidean,random,StandardScaler_per_sample_dimension
CCCCCC(=O)NC,6.426409,5.274687,False,48,5,0.8,euclidean,random,StandardScaler_per_sample_dimension
CCF,-6.77452,-10.865513,False,48,5,0.8,euclidean,random,StandardScaler_per_sample_dimension
CC(F)F,-6.8212414,-10.817309,False,48,5,0.8,euclidean,random,StandardScaler_per_sample_dimension
CCCCCC(N)=O,7.0186157,5.2897363,False,48,5,0.8,euclidean,random,StandardScaler_per_sample_dimension
FCF,-6.7774243,-10.838659,False,48,5,0.8,euclidean,random,StandardScaler_per_sample_dimension
C=CC,6.65777,0.8749197,False,48,5,0.8,euclidean,random,StandardScaler_per_sample_dimension
FC(F)F,10.563729,0.75007147,False,48,5,0.8,euclidean,random,StandardScaler_per_sample_dimension
CC(F)(F)F,10.4057865,0.8793047,False,48,5,0.8,euclidean,random,StandardScaler_per_sample_dimension
C=C,6.683124,0.98155606,True,48,5,0.8,euclidean,random,StandardScaler_per_sample_dimension
CNC1=CC=C(OC2=CC=CC=C2)C=C1,20.989645,12.165235,True,48,5,0.8,euclidean,random,StandardScaler_per_sample_dimension
CCNC1=CC=C(OC2=CC=CC=C2)C=C1,21.1818,12.0131645,False,48,5,0.8,euclidean,random,StandardScaler_per_sample_dimension
O=CNC1=CC=C(OC2=CC=CC=C2)C=C1,21.128891,12.327602,False,48,5,0.8,euclidean,random,StandardScaler_per_sample_dimension
CC(=O)NC1=CC=C(OC2=CC=CC=C2)C=C1,20.995338,12.217299,False,48,5,0.8,euclidean,random,StandardScaler_per_sample_dimension
OC1=C(PC2=CC=CC=C2)C=CC=C1,19.02177,12.240481,True,48,5,0.8,euclidean,random,StandardScaler_per_sample_dimension
O=[PH](C1=CC=CC=C1)C1=C(O)C=CC=C1,18.935059,12.283193,False,48,5,0.8,euclidean,random,StandardScaler_per_sample_dimension
COC1=CC=C(OC)C=C1,-2.0796576,14.126435,True,48,5,0.8,euclidean,random,StandardScaler_per_sample_dimension
COCC1=CC(C)=CC=C1,6.2575507,-9.5304575,True,48,5,0.8,euclidean,random,StandardScaler_per_sample_dimension
COCC1=CC=CC(C)=C1,6.122457,-9.609726,False,48,5,0.8,euclidean,random,StandardScaler_per_sample_dimension
COC(=O)C1=CC(C)=CC=C1,6.264701,-9.437331,False,48,5,0.8,euclidean,random,StandardScaler_per_sample_dimension
COC(=O)C1=CC=CC(C)=C1,6.246079,-9.440496,False,48,5,0.8,euclidean,random,StandardScaler_per_sample_dimension
CCOC(=O)C1=CC=C(C=O)C=C1,13.118864,-0.56345135,False,48,5,0.8,euclidean,random,StandardScaler_per_sample_dimension
CCCC(=O)NCC,6.7790294,6.692619,False,48,5,0.8,euclidean,random,StandardScaler_per_sample_dimension
CCC(C)C1=CC=CC=C1,2.7243407,11.56691,True,48,5,0.8,euclidean,random,StandardScaler_per_sample_dimension
COC1=C(C)C=CC=C1,17.394768,12.082337,True,48,5,0.8,euclidean,random,StandardScaler_per_sample_dimension
CCOC(=O)CC,0.61449105,-3.2980392,True,48,5,0.8,euclidean,random,StandardScaler_per_sample_dimension
CCCOC=O,-1.0583888,-5.498272,True,48,5,0.8,euclidean,random,StandardScaler_per_sample_dimension
POC1=CC=C(CC2=CC=CC=C2)C=C1,2.944756,-0.43096647,True,48,5,0.8,euclidean,random,StandardScaler_per_sample_dimension
O=POC1=CC=C(CC2=CC=CC=C2)C=C1,3.1176953,-0.476029,False,48,5,0.8,euclidean,random,StandardScaler_per_sample_dimension
CC(C)CN,4.150478,9.649411,True,48,5,0.8,euclidean,random,StandardScaler_per_sample_dimension
CC(C=O)CC=O,3.8124263,9.822675,False,48,5,0.8,euclidean,random,StandardScaler_per_sample_dimension
CC1=CC=C(OC2=CC=C(C=O)C=C2)C=C1,-2.808647,-1.1052145,True,48,5,0.8,euclidean,random,StandardScaler_per_sample_dimension
PNC1=CC=CC=C1,20.825064,14.215324,False,48,5,0.8,euclidean,random,StandardScaler_per_sample_dimension
O=PNC1=CC=CC=C1,21.312508,14.558741,False,48,5,0.8,euclidean,random,StandardScaler_per_sample_dimension
OC1=CC=C(NCC2=CC=CC=C2)C=C1,21.288847,12.249714,False,48,5,0.8,euclidean,random,StandardScaler_per_sample_dimension
O=C(NC1=CC=C(O)C=C1)C1=CC=CC=C1,20.809462,12.386455,False,48,5,0.8,euclidean,random,StandardScaler_per_sample_dimension
CCCOC(C)=O,-1.1095396,-5.480556,False,48,5,0.8,euclidean,random,StandardScaler_per_sample_dimension
CCCCNCCC,6.0023613,6.4328985,False,48,5,0.8,euclidean,random,StandardScaler_per_sample_dimension
CNCC(C)C,4.432091,9.198167,True,48,5,0.8,euclidean,random,StandardScaler_per_sample_dimension
CCCCNC(=O)CC,7.223612,5.9408016,False,48,5,0.8,euclidean,random,StandardScaler_per_sample_dimension
CCN(CC)CC,13.13783,11.570037,True,48,5,0.8,euclidean,random,StandardScaler_per_sample_dimension
OCCOC1=CC=CC=C1,-5.740469,3.6884587,True,48,5,0.8,euclidean,random,StandardScaler_per_sample_dimension
O=CC1=CC2=C(C=C1)CN(C1=CC=CC=C1)C2,-4.4933925,15.708158,True,48,5,0.8,euclidean,random,StandardScaler_per_sample_dimension
O=CC1=CC=C2CN(C3=CC=CC=C3)CC2=C1,-4.696626,15.909874,False,48,5,0.8,euclidean,random,StandardScaler_per_sample_dimension
COC1=CC=C(CC2=CC=C(OC)C=C2)C=C1,8.729084,-0.5032972,True,48,5,0.8,euclidean,random,StandardScaler_per_sample_dimension
CCCC(C)CC,3.2189417,8.6556635,True,48,5,0.8,euclidean,random,StandardScaler_per_sample_dimension
CCC1=CC(C)=CC=C1,-3.3597016,19.206314,True,48,5,0.8,euclidean,random,StandardScaler_per_sample_dimension
CCC1=CC=CC(C)=C1,-3.3860145,19.118135,False,48,5,0.8,euclidean,random,StandardScaler_per_sample_dimension
CNC(=O)C(C)C,4.3469563,9.008492,True,48,5,0.8,euclidean,random,StandardScaler_per_sample_dimension
CC(C)C(N)=O,4.272758,9.422064,True,48,5,0.8,euclidean,random,StandardScaler_per_sample_dimension
BrC1=CC(Br)=CC=C1,15.962885,-9.404002,False,48,5,0.8,euclidean,random,StandardScaler_per_sample_dimension
BrC1=CC=CC(Br)=C1,15.690473,-9.425984,False,48,5,0.8,euclidean,random,StandardScaler_per_sample_dimension
NCCNC=O,6.0923266,-14.571418,False,48,5,0.8,euclidean,random,StandardScaler_per_sample_dimension
CCOC1=CC=C(O)C=C1,-2.3114417,14.08172,True,48,5,0.8,euclidean,random,StandardScaler_per_sample_dimension
NCC1=CC=C(O)C=C1,-3.057164,-1.182651,False,48,5,0.8,euclidean,random,StandardScaler_per_sample_dimension
O=CC1=CC(CO)=CC=C1,-7.6244783,14.136168,True,48,5,0.8,euclidean,random,StandardScaler_per_sample_dimension
O=CC1=CC=CC(CO)=C1,-7.9614706,13.964065,False,48,5,0.8,euclidean,random,StandardScaler_per_sample_dimension
O=CC1=CC(C(=O)O)=CC=C1,-7.84724,14.039577,False,48,5,0.8,euclidean,random,StandardScaler_per_sample_dimension
O=CC1=CC=CC(C(=O)O)=C1,-7.9300084,13.845796,False,48,5,0.8,euclidean,random,StandardScaler_per_sample_dimension
CCCCNC(=O)CCC,7.097287,6.4775953,False,48,5,0.8,euclidean,random,StandardScaler_per_sample_dimension
CCCNC(=O)CCC,6.910468,6.79309,False,48,5,0.8,euclidean,random,StandardScaler_per_sample_dimension
CCCCNCCCC,7.252475,6.214468,False,48,5,0.8,euclidean,random,StandardScaler_per_sample_dimension
CC(C)C1=CC=C(OP)C=C1,2.4640174,-0.19521281,True,48,5,0.8,euclidean,random,StandardScaler_per_sample_dimension
CC(C)C1=CC=C(OP=O)C=C1,2.526512,-0.28514636,False,48,5,0.8,euclidean,random,StandardScaler_per_sample_dimension
CC(C1=CC=CC=C1)C1=CC=C(OP)C=C1,2.8218615,-0.39060465,False,48,5,0.8,euclidean,random,StandardScaler_per_sample_dimension
CC(C1=CC=CC=C1)C1=CC=C(OP=O)C=C1,2.7415142,-0.31041256,False,48,5,0.8,euclidean,random,StandardScaler_per_sample_dimension
CC1=CC=C(CC2=CC=CC=C2)C=C1,-8.68099,6.5131683,True,48,5,0.8,euclidean,random,StandardScaler_per_sample_dimension
CNCCNC=O,6.623799,-14.805573,False,48,5,0.8,euclidean,random,StandardScaler_per_sample_dimension
CCCCOC,-0.15182488,-4.4519267,True,48,5,0.8,euclidean,random,StandardScaler_per_sample_dimension
CNCC1=CC=C(O)C=C1,-14.006618,-5.8762484,False,48,5,0.8,euclidean,random,StandardScaler_per_sample_dimension
COC1=CC=C(CN)C=C1,-3.3541503,-1.4429868,False,48,5,0.8,euclidean,random,StandardScaler_per_sample_dimension
CCOCC1=CC(C)=CC=C1,6.005681,-9.536686,True,48,5,0.8,euclidean,random,StandardScaler_per_sample_dimension
CCOCC1=CC=CC(C)=C1,6.060489,-9.80409,False,48,5,0.8,euclidean,random,StandardScaler_per_sample_dimension
CCOC(=O)C1=CC(C)=CC=C1,6.073419,-9.656478,False,48,5,0.8,euclidean,random,StandardScaler_per_sample_dimension
CCOC(=O)C1=CC=CC(C)=C1,5.7960696,-9.763538,False,48,5,0.8,euclidean,random,StandardScaler_per_sample_dimension
CCCCCNCCC,6.2269826,6.418829,True,48,5,0.8,euclidean,random,StandardScaler_per_sample_dimension
CCCNCC1=CC=CC=C1,4.615516,14.228877,True,48,5,0.8,euclidean,random,StandardScaler_per_sample_dimension
O=C(C1=CC=CC=C1)C1=CC=CC=C1,-8.221397,6.7269936,True,48,5,0.8,euclidean,random,StandardScaler_per_sample_dimension
OC1=CC=C(CC2=CC=C(OP)C=C2)C=C1,3.3444057,-0.82208425,False,48,5,0.8,euclidean,random,StandardScaler_per_sample_dimension
COCC1=CC(C=O)=CC=C1,-8.098765,13.505066,True,48,5,0.8,euclidean,random,StandardScaler_per_sample_dimension
COCC1=CC=CC(C=O)=C1,-7.946901,13.750864,False,48,5,0.8,euclidean,random,StandardScaler_per_sample_dimension
COC(=O)C1=CC(C=O)=CC=C1,-8.122772,13.448952,False,48,5,0.8,euclidean,random,StandardScaler_per_sample_dimension
COC(=O)C1=CC=CC(C=O)=C1,-7.9976773,13.622788,False,48,5,0.8,euclidean,random,StandardScaler_per_sample_dimension
CC1=CC=C(COCCO)C=C1,0.8276917,21.45107,False,48,5,0.8,euclidean,random,StandardScaler_per_sample_dimension
CC1=CC=C(C(=O)OCCO)C=C1,0.6897479,21.602556,False,48,5,0.8,euclidean,random,StandardScaler_per_sample_dimension
CCCCC1=CC=CC=C1,-16.461737,-10.9617605,True,48,5,0.8,euclidean,random,StandardScaler_per_sample_dimension
CNCCC(C)C,4.6634107,9.964195,True,48,5,0.8,euclidean,random,StandardScaler_per_sample_dimension
CC(C)CCN,4.3018355,10.014528,True,48,5,0.8,euclidean,random,StandardScaler_per_sample_dimension
C=CCC,7.128283,0.98116523,True,48,5,0.8,euclidean,random,StandardScaler_per_sample_dimension
CCCNC1=CC(C)=CC=C1,17.351456,19.872627,True,48,5,0.8,euclidean,random,StandardScaler_per_sample_dimension
CCCNC1=CC=CC(C)=C1,17.353498,19.98453,False,48,5,0.8,euclidean,random,StandardScaler_per_sample_dimension
CCC(=O)NC1=CC(C)=CC=C1,17.546385,20.026815,False,48,5,0.8,euclidean,random,StandardScaler_per_sample_dimension
CCC(=O)NC1=CC=CC(C)=C1,17.58395,19.766548,False,48,5,0.8,euclidean,random,StandardScaler_per_sample_dimension
CCN(C)CC1=CC=CC=C1,12.500919,11.401677,False,48,5,0.8,euclidean,random,StandardScaler_per_sample_dimension
CCPO,4.330152,-9.638004,False,48,5,0.8,euclidean,random,StandardScaler_per_sample_dimension
CC[PH](=O)O,4.412553,-9.632799,False,48,5,0.8,euclidean,random,StandardScaler_per_sample_dimension
C1=CC=NC=C1,18.379725,2.4010625,True,48,5,0.8,euclidean,random,StandardScaler_per_sample_dimension
CC1=CC(Br)=CC=C1,-12.595635,2.0983229,False,48,5,0.8,euclidean,random,StandardScaler_per_sample_dimension
CC1=CC=CC(Br)=C1,-12.888073,1.8458635,False,48,5,0.8,euclidean,random,StandardScaler_per_sample_dimension
CCOPO,-7.8250513,-4.2370553,False,48,5,0.8,euclidean,random,StandardScaler_per_sample_dimension
CCO[PH](=O)O,-7.810601,-4.243378,False,48,5,0.8,euclidean,random,StandardScaler_per_sample_dimension
CCOPOC,-7.8130317,-4.6504846,False,48,5,0.8,euclidean,random,StandardScaler_per_sample_dimension
CCO[PH](=O)OC,-7.9251947,-4.573014,False,48,5,0.8,euclidean,random,StandardScaler_per_sample_dimension
O=CCCC1=CC=CC=C1,12.286116,5.4596944,True,48,5,0.8,euclidean,random,StandardScaler_per_sample_dimension
CC1=CC(NCC2=CC=CC=C2)=CC=C1,8.3261175,-9.211476,True,48,5,0.8,euclidean,random,StandardScaler_per_sample_dimension
CC1=CC=CC(NCC2=CC=CC=C2)=C1,8.259923,-9.146429,False,48,5,0.8,euclidean,random,StandardScaler_per_sample_dimension
CC1=CC(NC(=O)C2=CC=CC=C2)=CC=C1,8.364061,-9.318853,False,48,5,0.8,euclidean,random,StandardScaler_per_sample_dimension
CC1=CC=CC(NC(=O)C2=CC=CC=C2)=C1,8.466106,-9.185349,False,48,5,0.8,euclidean,random,StandardScaler_per_sample_dimension
CC1=CC(Br)=CC(Br)=C1,3.1750324,23.10547,False,48,5,0.8,euclidean,random,StandardScaler_per_sample_dimension
CCOC1=CC=C(OC)C=C1,-2.4250832,14.172867,False,48,5,0.8,euclidean,random,StandardScaler_per_sample_dimension
CCPC,22.675022,16.425713,True,48,5,0.8,euclidean,random,StandardScaler_per_sample_dimension
CC[PH](C)=O,22.58052,16.441061,False,48,5,0.8,euclidean,random,StandardScaler_per_sample_dimension
CC1=CC=C(OPO)C=C1,-13.155402,-3.5576496,True,48,5,0.8,euclidean,random,StandardScaler_per_sample_dimension
CC1=CC=C(O[PH](=O)O)C=C1,-13.087828,-3.3961375,False,48,5,0.8,euclidean,random,StandardScaler_per_sample_dimension
NCC1=CC(N)=CC=C1,7.521158,-27.073866,False,48,5,0.8,euclidean,random,StandardScaler_per_sample_dimension
NCC1=CC=CC(N)=C1,7.5028043,-27.05688,False,48,5,0.8,euclidean,random,StandardScaler_per_sample_dimension
CNCC1=CC(N)=CC=C1,7.460277,-27.013546,False,48,5,0.8,euclidean,random,StandardScaler_per_sample_dimension
CNCC1=CC=CC(N)=C1,7.4862423,-27.03836,False,48,5,0.8,euclidean,random,StandardScaler_per_sample_dimension
NC(=O)C1=CC(N)=CC=C1,7.3623986,-26.91643,False,48,5,0.8,euclidean,random,StandardScaler_per_sample_dimension
NC(=O)C1=CC=CC(N)=C1,7.495209,-27.053122,False,48,5,0.8,euclidean,random,StandardScaler_per_sample_dimension
CNC(=O)C1=CC(N)=CC=C1,7.6346173,-27.190254,False,48,5,0.8,euclidean,random,StandardScaler_per_sample_dimension
CNC(=O)C1=CC=CC(N)=C1,7.3770413,-26.921108,False,48,5,0.8,euclidean,random,StandardScaler_per_sample_dimension
CCC(C)CN,4.716993,8.132997,False,48,5,0.8,euclidean,random,StandardScaler_per_sample_dimension
CCCCCCCN,-0.54426587,10.467167,False,48,5,0.8,euclidean,random,StandardScaler_per_sample_dimension
CC(C)CC(N)=O,4.100741,9.6469755,False,48,5,0.8,euclidean,random,StandardScaler_per_sample_dimension
CNC(=O)CC(C)C,4.694616,9.851372,True,48,5,0.8,euclidean,random,StandardScaler_per_sample_dimension
CCCCCNC(=O)CC,7.8978186,5.3722415,True,48,5,0.8,euclidean,random,StandardScaler_per_sample_dimension
NCCCC=O,3.681923,9.8994055,False,48,5,0.8,euclidean,random,StandardScaler_per_sample_dimension
CNCCCC=O,9.935501,2.7476432,False,48,5,0.8,euclidean,random,StandardScaler_per_sample_dimension
NCCC1=CC=CC=C1,12.607247,6.2875967,True,48,5,0.8,euclidean,random,StandardScaler_per_sample_dimension
NC(=O)CCC=O,10.174157,2.4597802,True,48,5,0.8,euclidean,random,StandardScaler_per_sample_dimension
CCCNC(=O)C1=CC=CC=C1,4.600253,14.322807,True,48,5,0.8,euclidean,random,StandardScaler_per_sample_dimension
CCPC1=CC=CC=C1,22.699419,16.444109,False,48,5,0.8,euclidean,random,StandardScaler_per_sample_dimension
CC[PH](=O)C1=CC=CC=C1,22.702234,16.466713,False,48,5,0.8,euclidean,random,StandardScaler_per_sample_dimension
CNC(=O)CCC=O,9.911082,2.2246633,True,48,5,0.8,euclidean,random,StandardScaler_per_sample_dimension
C1CCCCC1,7.02783,2.0262837,True,48,5,0.8,euclidean,random,StandardScaler_per_sample_dimension
CCC(C)C(=O)NC,5.001547,7.7230673,False,48,5,0.8,euclidean,random,StandardScaler_per_sample_dimension
CCC(C)CNC,5.0205097,7.7069306,True,48,5,0.8,euclidean,random,StandardScaler_per_sample_dimension
CCC(C)C(N)=O,4.787652,8.176824,True,48,5,0.8,euclidean,random,StandardScaler_per_sample_dimension
CCCCCCC=O,-0.34972468,10.576619,False,48,5,0.8,euclidean,random,StandardScaler_per_sample_dimension
CCCCCNCCCC,6.3432975,6.2462153,False,48,5,0.8,euclidean,random,StandardScaler_per_sample_dimension
C=N,19.271946,-2.1727002,True,48,5,0.8,euclidean,random,StandardScaler_per_sample_dimension
[H]C=N,19.371613,-2.026135,False,48,5,0.8,euclidean,random,StandardScaler_per_sample_dimension
C=NC,19.325577,-2.1552756,False,48,5,0.8,euclidean,random,StandardScaler_per_sample_dimension
CNC1=CC=C(C=O)C=C1,14.604834,13.400747,True,48,5,0.8,euclidean,random,StandardScaler_per_sample_dimension
CNC(=O)C1=CC=C(O)C=C1,-14.01742,-5.8910165,False,48,5,0.8,euclidean,random,StandardScaler_per_sample_dimension
CC(=O)OC1=CC=CC=C1,16.181622,3.5833561,False,48,5,0.8,euclidean,random,StandardScaler_per_sample_dimension
NC(=O)C1=CC=C(O)C=C1,-3.034848,-1.22171,False,48,5,0.8,euclidean,random,StandardScaler_per_sample_dimension
COC1=CC=C(C(N)=O)C=C1,-3.0518086,-1.1724857,False,48,5,0.8,euclidean,random,StandardScaler_per_sample_dimension
COPOC1=CC=C(C)C=C1,28.8148,-2.933431,True,48,5,0.8,euclidean,random,StandardScaler_per_sample_dimension
CO[PH](=O)OC1=CC=C(C)C=C1,28.850357,-2.9747,False,48,5,0.8,euclidean,random,StandardScaler_per_sample_dimension
CC(C)(C1=CC=CC=C1)C1=CC=C(OP)C=C1,3.4766233,-1.2230419,False,48,5,0.8,euclidean,random,StandardScaler_per_sample_dimension
CCOCC1=CC(C=O)=CC=C1,-8.255626,13.204924,True,48,5,0.8,euclidean,random,StandardScaler_per_sample_dimension
CCOCC1=CC=CC(C=O)=C1,-8.300978,13.247181,False,48,5,0.8,euclidean,random,StandardScaler_per_sample_dimension
CCOC(=O)C1=CC(C=O)=CC=C1,-8.06677,13.327848,False,48,5,0.8,euclidean,random,StandardScaler_per_sample_dimension
CCOC(=O)C1=CC=CC(C=O)=C1,-8.243955,13.017757,False,48,5,0.8,euclidean,random,StandardScaler_per_sample_dimension
FCCC(F)F,21.458832,10.354459,False,48,5,0.8,euclidean,random,StandardScaler_per_sample_dimension
CCCF,21.450783,10.322728,False,48,5,0.8,euclidean,random,StandardScaler_per_sample_dimension
CCC(F)F,21.635878,10.17469,False,48,5,0.8,euclidean,random,StandardScaler_per_sample_dimension
FCCCF,7.0303917,8.038418,False,48,5,0.8,euclidean,random,StandardScaler_per_sample_dimension
CCCCCCCNC,-0.14970824,10.737351,False,48,5,0.8,euclidean,random,StandardScaler_per_sample_dimension
FC(F)CC(F)F,6.8193192,8.250747,False,48,5,0.8,euclidean,random,StandardScaler_per_sample_dimension
CCCCC(=O)NCC,6.701031,6.5940824,True,48,5,0.8,euclidean,random,StandardScaler_per_sample_dimension
CC(C)C1=CC=C(OC2=CC=CC=C2)C=C1,-2.303069,0.06819984,False,48,5,0.8,euclidean,random,StandardScaler_per_sample_dimension
FCCC(F)(F)F,7.2524614,7.8431473,False,48,5,0.8,euclidean,random,StandardScaler_per_sample_dimension
FC(F)CC(F)(F)F,7.5186453,7.7729063,False,48,5,0.8,euclidean,random,StandardScaler_per_sample_dimension
CCC(F)(F)F,7.4523807,7.644852,False,48,5,0.8,euclidean,random,StandardScaler_per_sample_dimension
CCCCCNC(=O)CCC,7.5758724,5.7472367,True,48,5,0.8,euclidean,random,StandardScaler_per_sample_dimension
CC(C=O)CCN,3.7722526,9.6011715,False,48,5,0.8,euclidean,random,StandardScaler_per_sample_dimension
CC(C=O)CC(N)=O,4.048561,9.8808975,False,48,5,0.8,euclidean,random,StandardScaler_per_sample_dimension
CNCCC1=CC=CC=C1,12.694393,5.7947235,True,48,5,0.8,euclidean,random,StandardScaler_per_sample_dimension
CNCCC(C)C=O,10.257241,2.754245,False,48,5,0.8,euclidean,random,StandardScaler_per_sample_dimension
CNC(=O)CC(C)C=O,10.180316,2.7541285,False,48,5,0.8,euclidean,random,StandardScaler_per_sample_dimension
CC=N,19.203655,-2.013361,False,48,5,0.8,euclidean,random,StandardScaler_per_sample_dimension
CP(O)O,-7.269353,21.315552,False,48,5,0.8,euclidean,random,StandardScaler_per_sample_dimension
CP(=O)(O)O,-7.485363,21.369307,False,48,5,0.8,euclidean,random,StandardScaler_per_sample_dimension
OC1=CC(PC2=CC=CC=C2)=CC=C1,19.50426,10.084527,True,48,5,0.8,euclidean,random,StandardScaler_per_sample_dimension
O=[PH](C1=CC=CC=C1)C1=CC=CC(O)=C1,19.395271,10.098087,False,48,5,0.8,euclidean,random,StandardScaler_per_sample_dimension
OC1=CC(PC2=CC=CC=C2)=C(O)C=C1,19.256561,10.177271,False,48,5,0.8,euclidean,random,StandardScaler_per_sample_dimension
O=[PH](C1=CC=CC=C1)C1=C(O)C=CC(O)=C1,19.388567,10.049207,False,48,5,0.8,euclidean,random,StandardScaler_per_sample_dimension
OC1=CC(P)=CC=C1,19.315825,10.293493,True,48,5,0.8,euclidean,random,StandardScaler_per_sample_dimension
O=PC1=CC=CC(O)=C1,19.010408,10.415261,False,48,5,0.8,euclidean,random,StandardScaler_per_sample_dimension
OC1=CC(P)=C(O)C=C1,19.050007,10.513476,False,48,5,0.8,euclidean,random,StandardScaler_per_sample_dimension
OPC1=CC=CC=C1O,18.671,10.452427,True,48,5,0.8,euclidean,random,StandardScaler_per_sample_dimension
O=PC1=C(O)C=CC(O)=C1,19.290714,10.287224,False,48,5,0.8,euclidean,random,StandardScaler_per_sample_dimension
O=[PH](O)C1=CC=CC=C1O,18.46235,10.536118,False,48,5,0.8,euclidean,random,StandardScaler_per_sample_dimension
OC1=CC=CC=C1POC1=CC=CC=C1,18.412962,10.363287,False,48,5,0.8,euclidean,random,StandardScaler_per_sample_dimension
O=[PH](OC1=CC=CC=C1)C1=CC=CC=C1O,18.226408,10.501682,False,48,5,0.8,euclidean,random,StandardScaler_per_sample_dimension
CCCCN(C)C,5.130802,9.922677,True,48,5,0.8,euclidean,random,StandardScaler_per_sample_dimension
CCCCCC1=CC=CC=C1,-16.466824,-10.930464,True,48,5,0.8,euclidean,random,StandardScaler_per_sample_dimension
NCCCCCC=O,9.496734,5.443118,True,48,5,0.8,euclidean,random,StandardScaler_per_sample_dimension
CCCNC1=CC(C=O)=CC=C1,17.098167,20.211521,False,48,5,0.8,euclidean,random,StandardScaler_per_sample_dimension
CCCNC1=CC=CC(C=O)=C1,17.15673,20.1791,False,48,5,0.8,euclidean,random,StandardScaler_per_sample_dimension
CCC(=O)NC1=CC(C=O)=CC=C1,17.114216,20.123158,False,48,5,0.8,euclidean,random,StandardScaler_per_sample_dimension
CCC(=O)NC1=CC=CC(C=O)=C1,17.363956,20.049788,False,48,5,0.8,euclidean,random,StandardScaler_per_sample_dimension
CC1=CC(CC2=CC=CC=C2)=CC=C1,14.204568,10.52684,True,48,5,0.8,euclidean,random,StandardScaler_per_sample_dimension
CC1=CC=CC(CC2=CC=CC=C2)=C1,13.9000225,10.43879,False,48,5,0.8,euclidean,random,StandardScaler_per_sample_dimension
NCCCCCCN,8.250634,4.1991625,True,48,5,0.8,euclidean,random,StandardScaler_per_sample_dimension
CC1=C(OC2=CC=CC=C2)C=CC=C1,17.338028,12.062232,True,48,5,0.8,euclidean,random,StandardScaler_per_sample_dimension
CC1=CC=CC=C1OC1=CC=CC=C1,17.375156,12.103989,False,48,5,0.8,euclidean,random,StandardScaler_per_sample_dimension
NCCNCC1=CC=CC=C1,6.26321,-14.6980915,False,48,5,0.8,euclidean,random,StandardScaler_per_sample_dimension
NCCNC(=O)C1=CC=CC=C1,6.2252293,-14.730009,False,48,5,0.8,euclidean,random,StandardScaler_per_sample_dimension
CNPO,-8.672818,-14.659064,False,48,5,0.8,euclidean,random,StandardScaler_per_sample_dimension
CNPOC,-8.13048,-13.62905,False,48,5,0.8,euclidean,random,StandardScaler_per_sample_dimension
CN[PH](=O)O,-8.689663,-14.780626,False,48,5,0.8,euclidean,random,StandardScaler_per_sample_dimension
CN[PH](=O)OC,-8.623007,-13.643947,False,48,5,0.8,euclidean,random,StandardScaler_per_sample_dimension
CCOC1=CC=C(C)C=C1,9.163875,-3.3497634,False,48,5,0.8,euclidean,random,StandardScaler_per_sample_dimension
CCCP,8.012411,-5.462301,True,48,5,0.8,euclidean,random,StandardScaler_per_sample_dimension
CCCP=O,8.057648,-5.545221,False,48,5,0.8,euclidean,random,StandardScaler_per_sample_dimension
NPO,-8.47446,-14.270296,False,48,5,0.8,euclidean,random,StandardScaler_per_sample_dimension
COPN,-8.388002,-14.893041,False,48,5,0.8,euclidean,random,StandardScaler_per_sample_dimension
N[PH](=O)O,-8.593181,-14.659205,False,48,5,0.8,euclidean,random,StandardScaler_per_sample_dimension
CO[PH](N)=O,-8.296479,-13.74113,False,48,5,0.8,euclidean,random,StandardScaler_per_sample_dimension
C1=CC2=C(C=C1)C=CC=C2,13.2543955,-16.18654,False,48,5,0.8,euclidean,random,StandardScaler_per_sample_dimension
C1=CC=C2C=CC=CC2=C1,13.192423,-15.92456,False,48,5,0.8,euclidean,random,StandardScaler_per_sample_dimension
COCCOC,-6.03653,3.2065082,True,48,5,0.8,euclidean,random,StandardScaler_per_sample_dimension
CC1=CC=C(OPOC2=CC=CC=C2)C=C1,28.800367,-2.9258225,False,48,5,0.8,euclidean,random,StandardScaler_per_sample_dimension
CC1=CC=C(O[PH](=O)OC2=CC=CC=C2)C=C1,28.915081,-3.0419824,False,48,5,0.8,euclidean,random,StandardScaler_per_sample_dimension
CC1=CC(COCCO)=CC=C1,5.7545533,-9.890393,True,48,5,0.8,euclidean,random,StandardScaler_per_sample_dimension
CC1=CC=CC(COCCO)=C1,5.575748,-9.950869,False,48,5,0.8,euclidean,random,StandardScaler_per_sample_dimension
CC1=CC(C(=O)OCCO)=CC=C1,5.644485,-9.919481,False,48,5,0.8,euclidean,random,StandardScaler_per_sample_dimension
CC1=CC=CC(C(=O)OCCO)=C1,5.891863,-9.670985,False,48,5,0.8,euclidean,random,StandardScaler_per_sample_dimension
CNC1=CC(CN)=CC=C1,16.816643,-2.34262,False,48,5,0.8,euclidean,random,StandardScaler_per_sample_dimension
CNC1=CC=CC(CN)=C1,-10.233591,12.742998,False,48,5,0.8,euclidean,random,StandardScaler_per_sample_dimension
CCNC1=CC(CN)=CC=C1,15.644415,30.16114,False,48,5,0.8,euclidean,random,StandardScaler_per_sample_dimension
CCNC1=CC=CC(CN)=C1,-10.179669,12.866321,False,48,5,0.8,euclidean,random,StandardScaler_per_sample_dimension
CNC1=CC(C(N)=O)=CC=C1,27.638369,4.503718,False,48,5,0.8,euclidean,random,StandardScaler_per_sample_dimension
CNC1=CC=CC(C(N)=O)=C1,15.42913,29.951702,False,48,5,0.8,euclidean,random,StandardScaler_per_sample_dimension
CNCC1=CC(NC)=CC=C1,15.737532,30.258429,False,48,5,0.8,euclidean,random,StandardScaler_per_sample_dimension
CNCC1=CC=CC(NC)=C1,-10.2554455,12.74681,False,48,5,0.8,euclidean,random,StandardScaler_per_sample_dimension
NCC1=CC(NC=O)=CC=C1,16.952866,-2.549194,False,48,5,0.8,euclidean,random,StandardScaler_per_sample_dimension
NCC1=CC=CC(NC=O)=C1,15.5216055,30.035591,False,48,5,0.8,euclidean,random,StandardScaler_per_sample_dimension
CC(=O)NC1=CC(CN)=CC=C1,-10.395285,12.625341,False,48,5,0.8,euclidean,random,StandardScaler_per_sample_dimension
CC(=O)NC1=CC=CC(CN)=C1,27.364887,4.2910147,False,48,5,0.8,euclidean,random,StandardScaler_per_sample_dimension
CCNC1=CC(C(N)=O)=CC=C1,15.594745,30.115492,False,48,5,0.8,euclidean,random,StandardScaler_per_sample_dimension
CCNC1=CC(CNC)=CC=C1,27.436403,4.333093,False,48,5,0.8,euclidean,random,StandardScaler_per_sample_dimension
CCNC1=CC=CC(C(N)=O)=C1,27.432755,4.3529205,False,48,5,0.8,euclidean,random,StandardScaler_per_sample_dimension
CCNC1=CC=CC(CNC)=C1,15.475407,29.990955,False,48,5,0.8,euclidean,random,StandardScaler_per_sample_dimension
CNC(=O)C1=CC(NC)=CC=C1,27.449968,4.441685,False,48,5,0.8,euclidean,random,StandardScaler_per_sample_dimension
CNC(=O)C1=CC=CC(NC)=C1,-10.231387,12.661643,False,48,5,0.8,euclidean,random,StandardScaler_per_sample_dimension
CNCC1=CC(NC=O)=CC=C1,16.918226,-2.466786,False,48,5,0.8,euclidean,random,StandardScaler_per_sample_dimension
CNCC1=CC=CC(NC=O)=C1,15.694927,30.206392,False,48,5,0.8,euclidean,random,StandardScaler_per_sample_dimension
NC(=O)C1=CC(NC=O)=CC=C1,27.479576,4.395847,False,48,5,0.8,euclidean,random,StandardScaler_per_sample_dimension
NC(=O)C1=CC=CC(NC=O)=C1,17.047762,-2.522968,False,48,5,0.8,euclidean,random,StandardScaler_per_sample_dimension
CC(=O)NC1=CC(C(N)=O)=CC=C1,27.437605,4.3512564,False,48,5,0.8,euclidean,random,StandardScaler_per_sample_dimension
CC(=O)NC1=CC=CC(C(N)=O)=C1,16.782013,-2.3280275,False,48,5,0.8,euclidean,random,StandardScaler_per_sample_dimension
CCNC1=CC(C(=O)NC)=CC=C1,-10.198802,12.750185,False,48,5,0.8,euclidean,random,StandardScaler_per_sample_dimension
CCNC1=CC=CC(C(=O)NC)=C1,16.808584,-2.5677543,False,48,5,0.8,euclidean,random,StandardScaler_per_sample_dimension
CNC(=O)C1=CC(NC=O)=CC=C1,27.523027,4.458313,False,48,5,0.8,euclidean,random,StandardScaler_per_sample_dimension
CNC(=O)C1=CC=CC(NC=O)=C1,16.98756,-2.3573484,False,48,5,0.8,euclidean,random,StandardScaler_per_sample_dimension
CNCC1=CC(NC(C)=O)=CC=C1,15.546887,30.073246,False,48,5,0.8,euclidean,random,StandardScaler_per_sample_dimension
CNCC1=CC=CC(NC(C)=O)=C1,-10.296145,12.7331505,False,48,5,0.8,euclidean,random,StandardScaler_per_sample_dimension
CNC(=O)C1=CC=CC(NC(C)=O)=C1,15.55962,30.069477,False,48,5,0.8,euclidean,random,StandardScaler_per_sample_dimension
CC1=CC(CN)=CC(N)=C1,-2.4822323,21.47196,False,48,5,0.8,euclidean,random,StandardScaler_per_sample_dimension
CC1=CC(N)=CC(CN)=C1,-2.2005415,21.196245,False,48,5,0.8,euclidean,random,StandardScaler_per_sample_dimension
CC1=CC(C(N)=O)=CC(N)=C1,-2.0919263,21.206818,False,48,5,0.8,euclidean,random,StandardScaler_per_sample_dimension
CC1=CC(N)=CC(C(N)=O)=C1,-2.2180068,21.174385,False,48,5,0.8,euclidean,random,StandardScaler_per_sample_dimension
CNCC1=CC(C)=CC(N)=C1,-2.0172353,21.225876,False,48,5,0.8,euclidean,random,StandardScaler_per_sample_dimension
CNCC1=CC(N)=CC(C)=C1,-2.3337624,21.59736,False,48,5,0.8,euclidean,random,StandardScaler_per_sample_dimension
NCC1=CC(C=O)=CC(N)=C1,-2.3678942,21.4078,False,48,5,0.8,euclidean,random,StandardScaler_per_sample_dimension
NCC1=CC(N)=CC(C=O)=C1,-1.8639098,21.20444,False,48,5,0.8,euclidean,random,StandardScaler_per_sample_dimension
CNC(=O)C1=CC(C)=CC(N)=C1,-2.0157695,21.125338,False,48,5,0.8,euclidean,random,StandardScaler_per_sample_dimension
CNC(=O)C1=CC(N)=CC(C)=C1,-2.5117352,21.149752,False,48,5,0.8,euclidean,random,StandardScaler_per_sample_dimension
CNCC1=CC(C=O)=CC(N)=C1,-2.2333326,21.685713,False,48,5,0.8,euclidean,random,StandardScaler_per_sample_dimension
CNCC1=CC(N)=CC(C=O)=C1,-2.1383185,21.572409,False,48,5,0.8,euclidean,random,StandardScaler_per_sample_dimension
NC(=O)C1=CC(C=O)=CC(N)=C1,-2.0344143,21.586245,False,48,5,0.8,euclidean,random,StandardScaler_per_sample_dimension
NC(=O)C1=CC(N)=CC(C=O)=C1,-2.5939763,21.288422,False,48,5,0.8,euclidean,random,StandardScaler_per_sample_dimension
CNC(=O)C1=CC(C=O)=CC(N)=C1,-1.9149181,21.039995,False,48,5,0.8,euclidean,random,StandardScaler_per_sample_dimension
CNC(=O)C1=CC(N)=CC(C=O)=C1,-2.3669662,21.385418,False,48,5,0.8,euclidean,random,StandardScaler_per_sample_dimension
O=CC1=CC=C(COCCO)C=C1,0.5832748,21.608309,True,48,5,0.8,euclidean,random,StandardScaler_per_sample_dimension
O=CC1=CC=C(C(=O)OCCO)C=C1,0.69017833,21.63126,False,48,5,0.8,euclidean,random,StandardScaler_per_sample_dimension
CCCCCCNCCC,7.0265045,6.4351873,False,48,5,0.8,euclidean,random,StandardScaler_per_sample_dimension
CCCCCCCCN,-0.7282519,10.226638,False,48,5,0.8,euclidean,random,StandardScaler_per_sample_dimension
CCCCCNC1=CC=CC=C1,3.6354592,10.837705,True,48,5,0.8,euclidean,random,StandardScaler_per_sample_dimension
CCCCC(=O)NC1=CC=CC=C1,3.6076667,10.75808,False,48,5,0.8,euclidean,random,StandardScaler_per_sample_dimension
O=CCC1=CC=CC=C1,12.511977,6.47043,True,48,5,0.8,euclidean,random,StandardScaler_per_sample_dimension
OC1=CC=C(S)C=C1,-5.2834725,-5.8812766,False,48,5,0.8,euclidean,random,StandardScaler_per_sample_dimension
OC1=CC=C(SC2=CC=CC=C2)C=C1,-5.1315336,-5.9861603,False,48,5,0.8,euclidean,random,StandardScaler_per_sample_dimension
CNCCNCC1=CC=CC=C1,6.784753,-14.7787,False,48,5,0.8,euclidean,random,StandardScaler_per_sample_dimension
CNCCNC(=O)C1=CC=CC=C1,6.684662,-14.83191,False,48,5,0.8,euclidean,random,StandardScaler_per_sample_dimension
O=CCCCCC=O,8.531868,5.692257,True,48,5,0.8,euclidean,random,StandardScaler_per_sample_dimension
CNCC1=CC=C(OC2=CC=CC=C2)C=C1,-13.959242,-5.7820053,True,48,5,0.8,euclidean,random,StandardScaler_per_sample_dimension
CNC(=O)C1=CC=C(OC2=CC=CC=C2)C=C1,-13.854227,-5.9680233,False,48,5,0.8,euclidean,random,StandardScaler_per_sample_dimension
CCPOC,4.3560233,-9.571367,False,48,5,0.8,euclidean,random,StandardScaler_per_sample_dimension
CC[PH](=O)OC,4.312486,-9.619488,False,48,5,0.8,euclidean,random,StandardScaler_per_sample_dimension
NCC1=CC=C(OC2=CC=CC=C2)C=C1,-3.0950708,-1.1591743,True,48,5,0.8,euclidean,random,StandardScaler_per_sample_dimension
NC(=O)C1=CC=C(OC2=CC=CC=C2)C=C1,-3.1132581,-1.2320772,False,48,5,0.8,euclidean,random,StandardScaler_per_sample_dimension
COCCOC=O,-5.5786786,3.4801672,True,48,5,0.8,euclidean,random,StandardScaler_per_sample_dimension
COCCOC1=CC=CC=C1,-5.716577,3.5338845,True,48,5,0.8,euclidean,random,StandardScaler_per_sample_dimension
FCC(C1=CC=CC=C1)C(F)F,21.147211,10.575351,False,48,5,0.8,euclidean,random,StandardScaler_per_sample_dimension
CC(CF)C1=CC=CC=C1,21.162336,10.573655,False,48,5,0.8,euclidean,random,StandardScaler_per_sample_dimension
CC(C1=CC=CC=C1)C(F)F,21.225344,10.502215,False,48,5,0.8,euclidean,random,StandardScaler_per_sample_dimension
FCC(CF)C1=CC=CC=C1,21.360006,10.383953,False,48,5,0.8,euclidean,random,StandardScaler_per_sample_dimension
FC(F)C(C1=CC=CC=C1)C(F)F,21.191216,10.517539,False,48,5,0.8,euclidean,random,StandardScaler_per_sample_dimension
FCCC1=CC=CC=C1,6.5529923,8.3259535,False,48,5,0.8,euclidean,random,StandardScaler_per_sample_dimension
FC(F)CC1=CC=CC=C1,6.654656,8.2521305,False,48,5,0.8,euclidean,random,StandardScaler_per_sample_dimension
FCC(C1=CC=CC=C1)C(F)(F)F,6.7070284,8.29151,False,48,5,0.8,euclidean,random,StandardScaler_per_sample_dimension
FC(F)C(C1=CC=CC=C1)C(F)(F)F,6.525464,8.458616,False,48,5,0.8,euclidean,random,StandardScaler_per_sample_dimension
CCCCCCCCC,13.8622055,5.357776,True,48,5,0.8,euclidean,random,StandardScaler_per_sample_dimension
CCCCCC(=O)NCC,7.0319905,6.3901353,False,48,5,0.8,euclidean,random,StandardScaler_per_sample_dimension
CCCCCCCCNC,-1.0357819,9.926933,False,48,5,0.8,euclidean,random,StandardScaler_per_sample_dimension
CC(C1=CC=CC=C1)C(F)(F)F,7.3055882,8.051861,False,48,5,0.8,euclidean,random,StandardScaler_per_sample_dimension
CC(C)CO,15.386376,5.096709,True,48,5,0.8,euclidean,random,StandardScaler_per_sample_dimension
CCCC1=CC=C(O)C=C1,-5.308018,-10.187277,False,48,5,0.8,euclidean,random,StandardScaler_per_sample_dimension
FC(F)(F)CC1=CC=CC=C1,10.051432,1.5355816,False,48,5,0.8,euclidean,random,StandardScaler_per_sample_dimension
CC(CN)CC=O,3.908039,9.70454,False,48,5,0.8,euclidean,random,StandardScaler_per_sample_dimension
CC(CC=O)C(N)=O,3.7822104,9.839145,True,48,5,0.8,euclidean,random,StandardScaler_per_sample_dimension
CCCNC1=CC(C)=CC(C=O)=C1,17.124231,20.195148,False,48,5,0.8,euclidean,random,StandardScaler_per_sample_dimension
CCCNC1=CC(C=O)=CC(C)=C1,17.123016,20.207514,False,48,5,0.8,euclidean,random,StandardScaler_per_sample_dimension
CNCC(C)CC=O,10.099996,2.957799,False,48,5,0.8,euclidean,random,StandardScaler_per_sample_dimension
CNC(=O)C(C)CC=O,10.189159,2.741872,True,48,5,0.8,euclidean,random,StandardScaler_per_sample_dimension
CCCCOCC,-0.20539491,-4.616332,False,48,5,0.8,euclidean,random,StandardScaler_per_sample_dimension
FC(F)(F)C(C1=CC=CC=C1)C(F)(F)F,10.35919,0.9626717,False,48,5,0.8,euclidean,random,StandardScaler_per_sample_dimension
CCN1CC2=C(C=CC=C2)C1,12.834936,11.46241,False,48,5,0.8,euclidean,random,StandardScaler_per_sample_dimension
CCN1CC2=CC=CC=C2C1,12.757933,11.488824,False,48,5,0.8,euclidean,random,StandardScaler_per_sample_dimension
CC1=CC=C(Br)C=C1,15.927999,-9.665598,True,48,5,0.8,euclidean,random,StandardScaler_per_sample_dimension
CCCPC1=CC=CC=C1,8.041403,-5.5120163,True,48,5,0.8,euclidean,random,StandardScaler_per_sample_dimension
CCC[PH](=O)C1=CC=CC=C1,8.016269,-5.4089622,False,48,5,0.8,euclidean,random,StandardScaler_per_sample_dimension
CCCNC1=CC(C)=CC(C)=C1,-15.7933035,-9.7132,False,48,5,0.8,euclidean,random,StandardScaler_per_sample_dimension
CCC(=O)NC1=CC(C)=CC(C)=C1,-15.800536,-9.829241,False,48,5,0.8,euclidean,random,StandardScaler_per_sample_dimension
NC1=CC(CO)=CC=C1,8.402222,23.906912,True,48,5,0.8,euclidean,random,StandardScaler_per_sample_dimension
NC1=CC=CC(CO)=C1,8.330827,23.817661,False,48,5,0.8,euclidean,random,StandardScaler_per_sample_dimension
NC1=CC(C(=O)O)=CC=C1,6.1193485,-7.8477883,False,48,5,0.8,euclidean,random,StandardScaler_per_sample_dimension
NC1=CC=CC(C(=O)O)=C1,8.296528,23.876642,False,48,5,0.8,euclidean,random,StandardScaler_per_sample_dimension
CC1=CC=C(OC=O)C=C1,-1.2809795,0.40954807,True,48,5,0.8,euclidean,random,StandardScaler_per_sample_dimension
CC1=CC=C(NCC2=CC(C)=CC=C2)C=C1,16.525698,2.3161,True,48,5,0.8,euclidean,random,StandardScaler_per_sample_dimension
CC1=CC=C(NCC2=CC=CC(C)=C2)C=C1,16.71689,2.193035,False,48,5,0.8,euclidean,random,StandardScaler_per_sample_dimension
FC(F)(F)CC(F)(F)F,10.081319,1.3385868,False,48,5,0.8,euclidean,random,StandardScaler_per_sample_dimension
OC1=CC=C(SC2=CC=C(O)C=C2)C=C1,-0.5932133,17.965462,False,48,5,0.8,euclidean,random,StandardScaler_per_sample_dimension
FCC(CF)(C1=CC=CC=C1)C1=CC=CC=C1,7.121926,7.9425993,False,48,5,0.8,euclidean,random,StandardScaler_per_sample_dimension
CCCCCCCCCC,14.330261,5.5538816,False,48,5,0.8,euclidean,random,StandardScaler_per_sample_dimension
CCCCC(=O)NCCC,6.9719563,6.697026,False,48,5,0.8,euclidean,random,StandardScaler_per_sample_dimension
FCC(C1=CC=CC=C1)C1=CC=CC=C1,7.434706,7.5260086,False,48,5,0.8,euclidean,random,StandardScaler_per_sample_dimension
CC(CF)(C1=CC=CC=C1)C1=CC=CC=C1,7.402021,7.7740717,False,48,5,0.8,euclidean,random,StandardScaler_per_sample_dimension
FC(F)C(C1=CC=CC=C1)C1=CC=CC=C1,7.6236377,7.5954275,False,48,5,0.8,euclidean,random,StandardScaler_per_sample_dimension
CC(C1=CC=CC=C1)(C1=CC=CC=C1)C(F)F,7.689268,7.5498886,False,48,5,0.8,euclidean,random,StandardScaler_per_sample_dimension
CNCCCCCC=O,8.4497,5.388137,False,48,5,0.8,euclidean,random,StandardScaler_per_sample_dimension
CCN1CC2=C(C=CC=C2)C1=O,0.503814,6.8040643,False,48,5,0.8,euclidean,random,StandardScaler_per_sample_dimension
CCN1CC2=CC=CC=C2C1=O,0.48887852,6.902133,False,48,5,0.8,euclidean,random,StandardScaler_per_sample_dimension
CCC1=CC=C(C=O)C=C1,-15.353448,-3.0274446,True,48,5,0.8,euclidean,random,StandardScaler_per_sample_dimension
FC(F)(F)C(C1=CC=CC=C1)C1=CC=CC=C1,10.400894,1.0245551,False,48,5,0.8,euclidean,random,StandardScaler_per_sample_dimension
CCN1C(=O)C2=C(C=CC=C2)C1=O,12.576191,11.526319,False,48,5,0.8,euclidean,random,StandardScaler_per_sample_dimension
CCN1C(=O)C2=CC=CC=C2C1=O,12.634131,11.51858,False,48,5,0.8,euclidean,random,StandardScaler_per_sample_dimension
C1=CC=C(COC2=CC=CC=C2)C=C1,16.276958,3.7547107,False,48,5,0.8,euclidean,random,StandardScaler_per_sample_dimension
O=C(OC1=CC=CC=C1)C1=CC=CC=C1,16.187416,3.707732,False,48,5,0.8,euclidean,random,StandardScaler_per_sample_dimension
CCOCCOC,-5.7498293,3.3356674,True,48,5,0.8,euclidean,random,StandardScaler_per_sample_dimension
OPNC1=CC=CC=C1,-8.3989725,-13.46101,False,48,5,0.8,euclidean,random,StandardScaler_per_sample_dimension
O=[PH](O)NC1=CC=CC=C1,-8.521717,-14.855924,False,48,5,0.8,euclidean,random,StandardScaler_per_sample_dimension
CCOC1=CC=C(OCC)C=C1,18.467262,10.636725,False,48,5,0.8,euclidean,random,StandardScaler_per_sample_dimension
O=CC1=CC(COCCO)=CC=C1,-8.07453,12.97691,True,48,5,0.8,euclidean,random,StandardScaler_per_sample_dimension
O=CC1=CC=CC(COCCO)=C1,-8.019509,12.787292,False,48,5,0.8,euclidean,random,StandardScaler_per_sample_dimension
O=CC1=CC(C(=O)OCCO)=CC=C1,-8.170134,12.8355055,False,48,5,0.8,euclidean,random,StandardScaler_per_sample_dimension
O=CC1=CC=CC(C(=O)OCCO)=C1,-8.097527,12.836131,False,48,5,0.8,euclidean,random,StandardScaler_per_sample_dimension
NC1=CC(CNC2=CC=CC=C2)=CC=C1,28.591932,9.010872,False,48,5,0.8,euclidean,random,StandardScaler_per_sample_dimension
NC1=CC=CC(CNC2=CC=CC=C2)=C1,28.428846,9.178724,False,48,5,0.8,euclidean,random,StandardScaler_per_sample_dimension
NC1=CC(C(=O)NC2=CC=CC=C2)=CC=C1,28.708988,8.908194,False,48,5,0.8,euclidean,random,StandardScaler_per_sample_dimension
NC1=CC=CC(C(=O)NC2=CC=CC=C2)=C1,28.464046,9.131644,False,48,5,0.8,euclidean,random,StandardScaler_per_sample_dimension
CNCCCCCCN,8.701656,4.8342514,False,48,5,0.8,euclidean,random,StandardScaler_per_sample_dimension
CC1CCCCC1,-8.397485,4.3217225,True,48,5,0.8,euclidean,random,StandardScaler_per_sample_dimension
OCCCO,-1.709682,-4.4890256,True,48,5,0.8,euclidean,random,StandardScaler_per_sample_dimension
COP(C)O,-7.389132,21.393963,False,48,5,0.8,euclidean,random,StandardScaler_per_sample_dimension
COP(C)(=O)O,-7.4845057,21.482225,False,48,5,0.8,euclidean,random,StandardScaler_per_sample_dimension
COCC1=CC(N)=CC=C1,-8.153927,-8.368659,False,48,5,0.8,euclidean,random,StandardScaler_per_sample_dimension
COCC1=CC=CC(N)=C1,-8.220918,-8.776912,False,48,5,0.8,euclidean,random,StandardScaler_per_sample_dimension
COC(=O)C1=CC(N)=CC=C1,8.6999445,25.703499,False,48,5,0.8,euclidean,random,StandardScaler_per_sample_dimension
COC(=O)C1=CC=CC(N)=C1,8.6153555,25.767607,False,48,5,0.8,euclidean,random,StandardScaler_per_sample_dimension
CNC1=CC(C)=CC(CN)=C1,23.490744,11.57129,False,48,5,0.8,euclidean,random,StandardScaler_per_sample_dimension
CNC1=CC(CN)=CC(C)=C1,23.077482,11.553918,False,48,5,0.8,euclidean,random,StandardScaler_per_sample_dimension
CC1=CC(CN)=CC(NC=O)=C1,23.64638,11.543973,False,48,5,0.8,euclidean,random,StandardScaler_per_sample_dimension
CC1=CC(NC=O)=CC(CN)=C1,23.104288,12.2614765,False,48,5,0.8,euclidean,random,StandardScaler_per_sample_dimension
CCNC1=CC(C)=CC(CN)=C1,23.181843,12.421459,False,48,5,0.8,euclidean,random,StandardScaler_per_sample_dimension
CCNC1=CC(CN)=CC(C)=C1,23.344053,12.252809,False,48,5,0.8,euclidean,random,StandardScaler_per_sample_dimension
CCOCCOC1=CC=CC=C1,-5.5235424,3.4203782,True,48,5,0.8,euclidean,random,StandardScaler_per_sample_dimension
CNC1=CC(C(N)=O)=CC(C)=C1,22.935986,11.577736,False,48,5,0.8,euclidean,random,StandardScaler_per_sample_dimension
CNC1=CC(C)=CC(C(N)=O)=C1,23.864481,11.336476,False,48,5,0.8,euclidean,random,StandardScaler_per_sample_dimension
CNC1=CC(C=O)=CC(CN)=C1,23.429224,11.809345,False,48,5,0.8,euclidean,random,StandardScaler_per_sample_dimension
CNC1=CC(CN)=CC(C=O)=C1,23.100704,12.127232,False,48,5,0.8,euclidean,random,StandardScaler_per_sample_dimension
CNCC1=CC(C)=CC(NC)=C1,23.34631,11.944464,False,48,5,0.8,euclidean,random,StandardScaler_per_sample_dimension
CC(=O)NC1=CC(CN)=CC(C)=C1,22.962921,11.861084,False,48,5,0.8,euclidean,random,StandardScaler_per_sample_dimension
CC1=CC(NC=O)=CC(C(N)=O)=C1,23.430334,12.074183,False,48,5,0.8,euclidean,random,StandardScaler_per_sample_dimension
CCNC1=CC(C(N)=O)=CC(C)=C1,22.806814,12.21901,False,48,5,0.8,euclidean,random,StandardScaler_per_sample_dimension
CCNC1=CC(CN)=CC(C=O)=C1,23.85468,11.331765,False,48,5,0.8,euclidean,random,StandardScaler_per_sample_dimension
CNC(=O)C1=CC(C)=CC(NC)=C1,23.054615,12.26842,False,48,5,0.8,euclidean,random,StandardScaler_per_sample_dimension
CNC1=CC(C(N)=O)=CC(C=O)=C1,23.65106,11.543325,False,48,5,0.8,euclidean,random,StandardScaler_per_sample_dimension
CNCC1=CC(C)=CC(NC=O)=C1,23.425894,12.114223,False,48,5,0.8,euclidean,random,StandardScaler_per_sample_dimension
CNCC1=CC(C=O)=CC(NC)=C1,23.018309,11.569236,False,48,5,0.8,euclidean,random,StandardScaler_per_sample_dimension
NCC1=CC(C=O)=CC(NC=O)=C1,22.851545,12.09828,False,48,5,0.8,euclidean,random,StandardScaler_per_sample_dimension
CNC(=O)C1=CC(C)=CC(NC=O)=C1,23.784327,11.394168,False,48,5,0.8,euclidean,random,StandardScaler_per_sample_dimension
CNC(=O)C1=CC(C=O)=CC(NC)=C1,22.88988,11.913407,False,48,5,0.8,euclidean,random,StandardScaler_per_sample_dimension
CNCC1=CC(C=O)=CC(NC=O)=C1,22.993208,11.87079,False,48,5,0.8,euclidean,random,StandardScaler_per_sample_dimension
NC(=O)C1=CC(C=O)=CC(NC=O)=C1,23.792566,11.267086,False,48,5,0.8,euclidean,random,StandardScaler_per_sample_dimension
CNC(=O)C1=CC(C=O)=CC(NC=O)=C1,23.256447,12.035057,False,48,5,0.8,euclidean,random,StandardScaler_per_sample_dimension
CCCCNC(=O)CCCC,7.0635443,6.1930804,True,48,5,0.8,euclidean,random,StandardScaler_per_sample_dimension
CCNCCCCCCN,8.571127,4.7049007,False,48,5,0.8,euclidean,random,StandardScaler_per_sample_dimension
CNC(=O)CCCCC=O,8.730407,5.282824,True,48,5,0.8,euclidean,random,StandardScaler_per_sample_dimension
O=[SH]C1=CC=C(O)C=C1,-5.0839815,-5.3012943,False,48,5,0.8,euclidean,random,StandardScaler_per_sample_dimension
O=S(C1=CC=CC=C1)C1=CC=C(O)C=C1,-5.0280704,-5.408272,False,48,5,0.8,euclidean,random,StandardScaler_per_sample_dimension
CCC1=CC=C(OPO)C=C1,18.653297,-13.537489,False,48,5,0.8,euclidean,random,StandardScaler_per_sample_dimension
CCC1=CC=C(O[PH](=O)O)C=C1,18.47969,-13.517433,False,48,5,0.8,euclidean,random,StandardScaler_per_sample_dimension
NC(=O)CCCCC=O,8.708146,5.514164,False,48,5,0.8,euclidean,random,StandardScaler_per_sample_dimension
CCC1=CC=C(OC=O)C=C1,-1.1619984,0.1429893,False,48,5,0.8,euclidean,random,StandardScaler_per_sample_dimension
CCCCCCNC(=O)CC,7.750929,4.4042172,True,48,5,0.8,euclidean,random,StandardScaler_per_sample_dimension
CC(C)N1CC2=C(C=CC=C2)C1=O,12.664676,11.592624,False,48,5,0.8,euclidean,random,StandardScaler_per_sample_dimension
CC(C)N1CC2=CC=CC=C2C1=O,12.778179,11.475754,False,48,5,0.8,euclidean,random,StandardScaler_per_sample_dimension
O=[SH](=O)C1=CC=C(O)C=C1,-5.095922,-5.813619,False,48,5,0.8,euclidean,random,StandardScaler_per_sample_dimension
O=S(=O)(C1=CC=CC=C1)C1=CC=C(O)C=C1,-5.2182527,-5.911254,False,48,5,0.8,euclidean,random,StandardScaler_per_sample_dimension
OC1=C(O)C=CC=C1,11.626787,-8.673474,False,48,5,0.8,euclidean,random,StandardScaler_per_sample_dimension
OC1=CC=CC=C1O,11.538836,-8.59321,False,48,5,0.8,euclidean,random,StandardScaler_per_sample_dimension
CC1=CC=C(P)C=C1,24.232918,-7.2743673,True,48,5,0.8,euclidean,random,StandardScaler_per_sample_dimension
NC1=CC=C(N)C=C1,4.8378987,-0.5619812,False,48,5,0.8,euclidean,random,StandardScaler_per_sample_dimension
CCCNC1=CC(CN)=CC=C1,-16.251707,-10.837523,False,48,5,0.8,euclidean,random,StandardScaler_per_sample_dimension
CCCNC1=CC=CC(CN)=C1,-16.281664,-10.943818,False,48,5,0.8,euclidean,random,StandardScaler_per_sample_dimension
CCC(=O)NC1=CC(CN)=CC=C1,-16.264227,-10.542507,False,48,5,0.8,euclidean,random,StandardScaler_per_sample_dimension
CCC(=O)NC1=CC=CC(CN)=C1,-16.105915,-11.133599,False,48,5,0.8,euclidean,random,StandardScaler_per_sample_dimension
CCCNC1=CC(C(N)=O)=CC=C1,-16.169865,-10.451017,False,48,5,0.8,euclidean,random,StandardScaler_per_sample_dimension
CCCNC1=CC(CNC)=CC=C1,-16.02396,-11.284774,False,48,5,0.8,euclidean,random,StandardScaler_per_sample_dimension
CCCNC1=CC=CC(C(N)=O)=C1,-16.28095,-11.2855015,False,48,5,0.8,euclidean,random,StandardScaler_per_sample_dimension
CCCNC1=CC=CC(CNC)=C1,-16.161335,-11.291075,False,48,5,0.8,euclidean,random,StandardScaler_per_sample_dimension
CCC(=O)NC1=CC(C(N)=O)=CC=C1,-16.134132,-10.350954,False,48,5,0.8,euclidean,random,StandardScaler_per_sample_dimension
CCC(=O)NC1=CC(CNC)=CC=C1,-16.24429,-10.454392,False,48,5,0.8,euclidean,random,StandardScaler_per_sample_dimension
CCC(=O)NC1=CC=CC(C(N)=O)=C1,-16.207563,-10.436874,False,48,5,0.8,euclidean,random,StandardScaler_per_sample_dimension
CCCNC1=CC(C(=O)NC)=CC=C1,-16.216818,-11.153311,False,48,5,0.8,euclidean,random,StandardScaler_per_sample_dimension
CNC1=CC(CNC2=CC=CC=C2)=CC=C1,-19.540087,6.064035,False,48,5,0.8,euclidean,random,StandardScaler_per_sample_dimension
CNC1=CC=CC(CNC2=CC=CC=C2)=C1,-19.58079,6.0760345,False,48,5,0.8,euclidean,random,StandardScaler_per_sample_dimension
CCNC1=CC(CNC2=CC=CC=C2)=CC=C1,-19.424908,5.9494233,False,48,5,0.8,euclidean,random,StandardScaler_per_sample_dimension
CCNC1=CC=CC(CNC2=CC=CC=C2)=C1,-19.480352,6.0149527,False,48,5,0.8,euclidean,random,StandardScaler_per_sample_dimension
CNC1=CC(C(=O)NC2=CC=CC=C2)=CC=C1,-19.542324,6.053481,False,48,5,0.8,euclidean,random,StandardScaler_per_sample_dimension
CNC1=CC=CC(C(=O)NC2=CC=CC=C2)=C1,-19.455193,6.295294,False,48,5,0.8,euclidean,random,StandardScaler_per_sample_dimension
O=CNC1=CC(CNC2=CC=CC=C2)=CC=C1,-19.638153,6.148704,False,48,5,0.8,euclidean,random,StandardScaler_per_sample_dimension
O=CNC1=CC=CC(CNC2=CC=CC=C2)=C1,-19.681929,6.204909,False,48,5,0.8,euclidean,random,StandardScaler_per_sample_dimension
O=COCCOC1=CC=CC=C1,-5.6514564,3.8472466,True,48,5,0.8,euclidean,random,StandardScaler_per_sample_dimension
CC(C)N1CC2=C(C=CC=C2)C1,15.247075,11.453694,False,48,5,0.8,euclidean,random,StandardScaler_per_sample_dimension
CC(C)N1CC2=CC=CC=C2C1,15.156183,11.2170925,False,48,5,0.8,euclidean,random,StandardScaler_per_sample_dimension
CC(C)N1C(=O)C2=C(C=CC=C2)C1=O,15.243341,11.402125,False,48,5,0.8,euclidean,random,StandardScaler_per_sample_dimension
CC(C)N1C(=O)C2=CC=CC=C2C1=O,15.548689,11.283041,False,48,5,0.8,euclidean,random,StandardScaler_per_sample_dimension
CC1=CC(CNC2=CC=CC=C2)=CC(N)=C1,28.370535,9.228293,False,48,5,0.8,euclidean,random,StandardScaler_per_sample_dimension
CC1=CC(N)=CC(CNC2=CC=CC=C2)=C1,28.30849,9.274024,False,48,5,0.8,euclidean,random,StandardScaler_per_sample_dimension
CC1=CC(C(=O)NC2=CC=CC=C2)=CC(N)=C1,28.110256,9.46067,False,48,5,0.8,euclidean,random,StandardScaler_per_sample_dimension
CC1=CC(N)=CC(C(=O)NC2=CC=CC=C2)=C1,28.122013,9.427692,False,48,5,0.8,euclidean,random,StandardScaler_per_sample_dimension
NC1=CC(C=O)=CC(CNC2=CC=CC=C2)=C1,28.055206,9.517133,False,48,5,0.8,euclidean,random,StandardScaler_per_sample_dimension
NC1=CC(CNC2=CC=CC=C2)=CC(C=O)=C1,28.259962,9.289944,False,48,5,0.8,euclidean,random,StandardScaler_per_sample_dimension
CCCCCCCC=O,-0.6915455,10.234425,False,48,5,0.8,euclidean,random,StandardScaler_per_sample_dimension
CCCCCC(=O)NCCC,7.3576703,6.571191,False,48,5,0.8,euclidean,random,StandardScaler_per_sample_dimension
CCCCCCNCCCC,6.8247237,6.3341517,False,48,5,0.8,euclidean,random,StandardScaler_per_sample_dimension
C=CCCC,7.4768996,0.64229566,False,48,5,0.8,euclidean,random,StandardScaler_per_sample_dimension
NCCCCCCNC=O,8.283285,4.4595933,False,48,5,0.8,euclidean,random,StandardScaler_per_sample_dimension
CC(C)C1=CC=C(OC=O)C=C1,-1.1571063,0.27990258,False,48,5,0.8,euclidean,random,StandardScaler_per_sample_dimension
CCC(C1=CC=CC=C1)C1=CC=CC=C1,9.930989,-0.55114836,True,48,5,0.8,euclidean,random,StandardScaler_per_sample_dimension
O=CC1=CC(NCC2=CC=CC=C2)=CC=C1,6.4613338,-11.147792,True,48,5,0.8,euclidean,random,StandardScaler_per_sample_dimension
O=CC1=CC=CC(NCC2=CC=CC=C2)=C1,6.5562406,-11.231143,False,48,5,0.8,euclidean,random,StandardScaler_per_sample_dimension
O=CC1=CC(NC(=O)C2=CC=CC=C2)=CC=C1,6.3186903,-11.024623,False,48,5,0.8,euclidean,random,StandardScaler_per_sample_dimension
O=CC1=CC=CC(NC(=O)C2=CC=CC=C2)=C1,6.3634224,-11.257576,False,48,5,0.8,euclidean,random,StandardScaler_per_sample_dimension
O=S(C1=CC=C(O)C=C1)C1=CC=C(O)C=C1,-5.0864277,-5.796687,True,48,5,0.8,euclidean,random,StandardScaler_per_sample_dimension
CC(=O)NCCCCCCN,8.097499,4.264945,False,48,5,0.8,euclidean,random,StandardScaler_per_sample_dimension
CCOPC,8.371435,2.43194,False,48,5,0.8,euclidean,random,StandardScaler_per_sample_dimension
CCO[PH](C)=O,8.178791,2.2395642,False,48,5,0.8,euclidean,random,StandardScaler_per_sample_dimension
O=CC1=CC(O)=CC=C1,18.165829,-15.580774,True,48,5,0.8,euclidean,random,StandardScaler_per_sample_dimension
O=CC1=CC=CC(O)=C1,18.169437,-15.569586,False,48,5,0.8,euclidean,random,StandardScaler_per_sample_dimension
O=S(=O)(C1=CC=C(O)C=C1)C1=CC=C(O)C=C1,-0.66926396,18.050613,False,48,5,0.8,euclidean,random,StandardScaler_per_sample_dimension
CCCC(C)C1=CC=CC=C1,2.3714037,11.948015,False,48,5,0.8,euclidean,random,StandardScaler_per_sample_dimension
CCC(C=O)CC,4.0522475,8.792138,True,48,5,0.8,euclidean,random,StandardScaler_per_sample_dimension
CC(C)CCC=O,-8.469674,4.972661,True,48,5,0.8,euclidean,random,StandardScaler_per_sample_dimension
CCOC1=CC=C(CC)C=C1,8.939868,-3.4750376,False,48,5,0.8,euclidean,random,StandardScaler_per_sample_dimension
CCC1=CC=C(OPOC)C=C1,18.46132,-13.6599865,False,48,5,0.8,euclidean,random,StandardScaler_per_sample_dimension
CCC1=CC=C(O[PH](=O)OC)C=C1,18.369696,-13.49619,False,48,5,0.8,euclidean,random,StandardScaler_per_sample_dimension
CC1=CC=C(PC2=CC=CC=C2)C=C1,24.259373,-7.0720162,False,48,5,0.8,euclidean,random,StandardScaler_per_sample_dimension
CC(C1=CC=CC=C1)C1=CC=C(OC=O)C=C1,-1.3590891,0.40635595,False,48,5,0.8,euclidean,random,StandardScaler_per_sample_dimension
CCC1=CC(O)=CC=C1,3.8153958,16.239285,True,48,5,0.8,euclidean,random,StandardScaler_per_sample_dimension
CCC1=CC=CC(O)=C1,3.655688,16.319239,False,48,5,0.8,euclidean,random,StandardScaler_per_sample_dimension
CC1=C(Br)C=CC=C1,15.83094,-9.550581,False,48,5,0.8,euclidean,random,StandardScaler_per_sample_dimension
CC1=CC=CC=C1Br,15.8183975,-9.590956,False,48,5,0.8,euclidean,random,StandardScaler_per_sample_dimension
CC1=C(Br)C=C(Br)C=C1,15.727226,-9.649205,False,48,5,0.8,euclidean,random,StandardScaler_per_sample_dimension
CC1=CC=C(Br)C=C1Br,15.829568,-9.579318,False,48,5,0.8,euclidean,random,StandardScaler_per_sample_dimension
C=CC1=CC=CC=C1,5.9153776,0.9122899,False,48,5,0.8,euclidean,random,StandardScaler_per_sample_dimension
O=COC1=CC=C(CC2=CC=CC=C2)C=C1,-1.6062658,0.40510175,True,48,5,0.8,euclidean,random,StandardScaler_per_sample_dimension
CCCC(=O)O,0.33123893,-3.1113544,True,48,5,0.8,euclidean,random,StandardScaler_per_sample_dimension
OPOC1=CC=C(CC2=CC=CC=C2)C=C1,3.525295,-0.8879702,True,48,5,0.8,euclidean,random,StandardScaler_per_sample_dimension
O=[PH](O)OC1=CC=C(CC2=CC=CC=C2)C=C1,3.6094298,-0.81681347,False,48,5,0.8,euclidean,random,StandardScaler_per_sample_dimension
COP(C)OC,7.9544787,-2.049775,False,48,5,0.8,euclidean,random,StandardScaler_per_sample_dimension
COP(C)(=O)OC,7.7568765,-2.1181343,False,48,5,0.8,euclidean,random,StandardScaler_per_sample_dimension
CCCNC1=CC(CN)=CC(C)=C1,-15.997156,-10.051935,False,48,5,0.8,euclidean,random,StandardScaler_per_sample_dimension
O=CCCPC1=CC=CC=C1,-1.4920921,12.475519,True,48,5,0.8,euclidean,random,StandardScaler_per_sample_dimension
O=CCC[PH](=O)C1=CC=CC=C1,-1.593217,12.335771,False,48,5,0.8,euclidean,random,StandardScaler_per_sample_dimension
O=CCCP,-1.8609678,12.309927,False,48,5,0.8,euclidean,random,StandardScaler_per_sample_dimension
O=CCCP=O,-1.6400304,12.298204,False,48,5,0.8,euclidean,random,StandardScaler_per_sample_dimension
C1=CC=C(COCCOC2=CC=CC=C2)C=C1,-6.02207,3.5364375,True,48,5,0.8,euclidean,random,StandardScaler_per_sample_dimension
CNC1=CC(C)=CC(CNC2=CC=CC=C2)=C1,22.87518,11.668365,False,48,5,0.8,euclidean,random,StandardScaler_per_sample_dimension
CNC1=CC(CNC2=CC=CC=C2)=CC(C)=C1,22.622404,11.858978,False,48,5,0.8,euclidean,random,StandardScaler_per_sample_dimension
CCCCCCC(=O)NC,0.2678435,10.519342,False,48,5,0.8,euclidean,random,StandardScaler_per_sample_dimension
CCCC(C=O)CC,3.8334217,8.705507,False,48,5,0.8,euclidean,random,StandardScaler_per_sample_dimension
CCC(C)C1=CC=C(O)C=C1,2.51706,11.989862,False,48,5,0.8,euclidean,random,StandardScaler_per_sample_dimension
CCCC(C)C=O,4.0467787,8.872146,True,48,5,0.8,euclidean,random,StandardScaler_per_sample_dimension
CCCCCCC(N)=O,-0.18610841,10.570055,False,48,5,0.8,euclidean,random,StandardScaler_per_sample_dimension
CCCCCCCNC=O,-0.2638356,10.658977,True,48,5,0.8,euclidean,random,StandardScaler_per_sample_dimension
C=CCCCC,7.3971276,0.6632849,True,48,5,0.8,euclidean,random,StandardScaler_per_sample_dimension
CPC1=CC(N)=CC=C1,-14.462117,-0.6588175,True,48,5,0.8,euclidean,random,StandardScaler_per_sample_dimension
CPC1=CC=CC(N)=C1,-14.340698,-0.6124897,False,48,5,0.8,euclidean,random,StandardScaler_per_sample_dimension
C[PH](=O)C1=CC(N)=CC=C1,-14.278544,-0.57247967,False,48,5,0.8,euclidean,random,StandardScaler_per_sample_dimension
C[PH](=O)C1=CC=CC(N)=C1,-14.285583,-0.47318718,False,48,5,0.8,euclidean,random,StandardScaler_per_sample_dimension
O=C1CCCN1,3.9988859,9.486412,False,48,5,0.8,euclidean,random,StandardScaler_per_sample_dimension
NC1=CC(PC2=CC=CC=C2)=CC=C1,-14.717373,-0.8745691,False,48,5,0.8,euclidean,random,StandardScaler_per_sample_dimension
NC1=CC=CC(PC2=CC=CC=C2)=C1,-14.827823,-1.2306641,False,48,5,0.8,euclidean,random,StandardScaler_per_sample_dimension
CP(C1=CC=CC=C1)C1=CC(N)=CC=C1,-14.532575,-0.87719166,False,48,5,0.8,euclidean,random,StandardScaler_per_sample_dimension
CP(C1=CC=CC=C1)C1=CC=CC(N)=C1,-14.740999,-0.97595555,False,48,5,0.8,euclidean,random,StandardScaler_per_sample_dimension
NC1=CC([PH](=O)C2=CC=CC=C2)=CC=C1,-14.58253,-0.9673693,False,48,5,0.8,euclidean,random,StandardScaler_per_sample_dimension
NC1=CC=CC([PH](=O)C2=CC=CC=C2)=C1,-14.550214,-1.1652697,False,48,5,0.8,euclidean,random,StandardScaler_per_sample_dimension
CP(=O)(C1=CC=CC=C1)C1=CC(N)=CC=C1,-14.692979,-1.0850782,False,48,5,0.8,euclidean,random,StandardScaler_per_sample_dimension
CP(=O)(C1=CC=CC=C1)C1=CC=CC(N)=C1,-14.762511,-1.1044117,False,48,5,0.8,euclidean,random,StandardScaler_per_sample_dimension
C/C=C/C1=CC=CC=C1,5.614281,1.0047958,False,48,5,0.8,euclidean,random,StandardScaler_per_sample_dimension
O=CNCCC1=CC=CC=C1,12.932479,5.259096,True,48,5,0.8,euclidean,random,StandardScaler_per_sample_dimension
CCC(C)(C1=CC=CC=C1)C1=CC=CC=C1,9.647177,-0.32561988,False,48,5,0.8,euclidean,random,StandardScaler_per_sample_dimension
CCCC(C1=CC=CC=C1)C1=CC=CC=C1,9.922027,-0.45002216,False,48,5,0.8,euclidean,random,StandardScaler_per_sample_dimension
CN1CCCC1=O,-3.680887,14.481957,False,48,5,0.8,euclidean,random,StandardScaler_per_sample_dimension
CC(C)CCNC1=CC=CC=C1,10.067646,3.053359,True,48,5,0.8,euclidean,random,StandardScaler_per_sample_dimension
CC(C)CC(=O)NC1=CC=CC=C1,10.197828,2.9898171,False,48,5,0.8,euclidean,random,StandardScaler_per_sample_dimension
CC1=CC(OC2=CC=CC=C2)=CC=C1,18.349258,-15.664146,True,48,5,0.8,euclidean,random,StandardScaler_per_sample_dimension
CC1=CC=CC(OC2=CC=CC=C2)=C1,18.472542,-15.683741,False,48,5,0.8,euclidean,random,StandardScaler_per_sample_dimension
NCCN1CC2=C(C=CC=C2)C1=O,7.422504,-14.453252,False,48,5,0.8,euclidean,random,StandardScaler_per_sample_dimension
NCCN1CC2=CC=CC=C2C1=O,7.715183,-14.731067,False,48,5,0.8,euclidean,random,StandardScaler_per_sample_dimension
O=CCN1CC2=C(C=CC=C2)C1=O,7.8407087,-14.803814,False,48,5,0.8,euclidean,random,StandardScaler_per_sample_dimension
O=CCN1CC2=CC=CC=C2C1=O,7.797107,-15.00037,False,48,5,0.8,euclidean,random,StandardScaler_per_sample_dimension
CC(C=O)N1CC2=C(C=CC=C2)C1=O,7.205883,-14.751068,False,48,5,0.8,euclidean,random,StandardScaler_per_sample_dimension
CC(C=O)N1CC2=CC=CC=C2C1=O,7.96251,-15.112569,False,48,5,0.8,euclidean,random,StandardScaler_per_sample_dimension
CC(CN)N1CC2=C(C=CC=C2)C1=O,7.5094028,-14.723083,False,48,5,0.8,euclidean,random,StandardScaler_per_sample_dimension
CC(CN)N1CC2=CC=CC=C2C1=O,7.539586,-14.94976,False,48,5,0.8,euclidean,random,StandardScaler_per_sample_dimension
C[C@@H](C=O)N1CC2=C(C=CC=C2)C1=O,7.325871,-14.482491,False,48,5,0.8,euclidean,random,StandardScaler_per_sample_dimension
C[C@@H](C=O)N1CC2=CC=CC=C2C1=O,7.498694,-14.632273,False,48,5,0.8,euclidean,random,StandardScaler_per_sample_dimension
C[C@@H](CN)N1CC2=C(C=CC=C2)C1=O,7.4533005,-14.291256,False,48,5,0.8,euclidean,random,StandardScaler_per_sample_dimension
C[C@@H](CN)N1CC2=CC=CC=C2C1=O,7.70029,-14.429858,False,48,5,0.8,euclidean,random,StandardScaler_per_sample_dimension
NC(=O)CN1CC2=C(C=CC=C2)C1=O,7.59748,-14.482184,False,48,5,0.8,euclidean,random,StandardScaler_per_sample_dimension
NC(=O)CN1CC2=CC=CC=C2C1=O,7.726838,-15.0676155,False,48,5,0.8,euclidean,random,StandardScaler_per_sample_dimension
CC(C(N)=O)N1CC2=C(C=CC=C2)C1=O,7.541337,-14.770877,False,48,5,0.8,euclidean,random,StandardScaler_per_sample_dimension
CC(C(N)=O)N1CC2=CC=CC=C2C1=O,7.4832873,-14.706362,False,48,5,0.8,euclidean,random,StandardScaler_per_sample_dimension
C[C@@H](C(N)=O)N1CC2=C(C=CC=C2)C1=O,7.998173,-15.079677,False,48,5,0.8,euclidean,random,StandardScaler_per_sample_dimension
C[C@@H](C(N)=O)N1CC2=CC=CC=C2C1=O,7.5912523,-14.855903,False,48,5,0.8,euclidean,random,StandardScaler_per_sample_dimension
CC1=CC=CC=N1,18.12983,2.0170577,True,48,5,0.8,euclidean,random,StandardScaler_per_sample_dimension
CC1=NC=CC=C1,17.99293,2.065539,False,48,5,0.8,euclidean,random,StandardScaler_per_sample_dimension
OC1=CC=C(OC2=CC=CC=C2)C=C1,-2.2396033,13.8727455,True,48,5,0.8,euclidean,random,StandardScaler_per_sample_dimension
C1CCNC1,-3.764059,14.639009,False,48,5,0.8,euclidean,random,StandardScaler_per_sample_dimension
NC1=CC(P)=CC=C1,1.1333714,15.842995,False,48,5,0.8,euclidean,random,StandardScaler_per_sample_dimension
NC1=CC=CC(P)=C1,1.1419858,15.683859,False,48,5,0.8,euclidean,random,StandardScaler_per_sample_dimension
NC1=CC(P=O)=CC=C1,1.1579869,15.866123,False,48,5,0.8,euclidean,random,StandardScaler_per_sample_dimension
NC1=CC=CC(P=O)=C1,1.0531049,15.712351,False,48,5,0.8,euclidean,random,StandardScaler_per_sample_dimension
COC1=C(O)C=CC=C1,11.70377,-8.7616005,False,48,5,0.8,euclidean,random,StandardScaler_per_sample_dimension
COC1=CC=CC=C1O,11.698317,-8.7516165,False,48,5,0.8,euclidean,random,StandardScaler_per_sample_dimension
O=C1CCC(=O)N1,-3.8151994,14.515155,True,48,5,0.8,euclidean,random,StandardScaler_per_sample_dimension
COPOC1=CC=C(CC2=CC=CC=C2)C=C1,3.6004536,-0.80030376,False,48,5,0.8,euclidean,random,StandardScaler_per_sample_dimension
C1=NC=NC=N1,-1.978334,-11.104881,True,48,5,0.8,euclidean,random,StandardScaler_per_sample_dimension
CN1CCCC1,-3.9185832,14.637597,False,48,5,0.8,euclidean,random,StandardScaler_per_sample_dimension
CN1C(=O)CCC1=O,-4.034071,14.596207,True,48,5,0.8,euclidean,random,StandardScaler_per_sample_dimension
NCCN1CC2=C(C=CC=C2)C1,14.825943,11.709164,False,48,5,0.8,euclidean,random,StandardScaler_per_sample_dimension
NCCN1CC2=CC=CC=C2C1,-7.765014,27.367832,False,48,5,0.8,euclidean,random,StandardScaler_per_sample_dimension
O=CCN1CC2=C(C=CC=C2)C1,14.660463,11.7595215,False,48,5,0.8,euclidean,random,StandardScaler_per_sample_dimension
O=CCN1CC2=CC=CC=C2C1,16.110949,11.173226,False,48,5,0.8,euclidean,random,StandardScaler_per_sample_dimension
CC(C=O)N1CC2=C(C=CC=C2)C1,-11.613037,7.137444,False,48,5,0.8,euclidean,random,StandardScaler_per_sample_dimension
CC(C=O)N1CC2=CC=CC=C2C1,-7.758356,27.708164,False,48,5,0.8,euclidean,random,StandardScaler_per_sample_dimension
CC(CN)N1CC2=C(C=CC=C2)C1,-1.8152359,-3.0724413,False,48,5,0.8,euclidean,random,StandardScaler_per_sample_dimension
CC(CN)N1CC2=CC=CC=C2C1,-1.9888489,-3.1690042,False,48,5,0.8,euclidean,random,StandardScaler_per_sample_dimension
C[C@@H](C=O)N1CC2=C(C=CC=C2)C1,-7.88587,27.490343,False,48,5,0.8,euclidean,random,StandardScaler_per_sample_dimension
C[C@@H](C=O)N1CC2=CC=CC=C2C1,-7.7631745,27.367893,False,48,5,0.8,euclidean,random,StandardScaler_per_sample_dimension
C[C@@H](CN)N1CC2=C(C=CC=C2)C1,-8.016169,27.519358,False,48,5,0.8,euclidean,random,StandardScaler_per_sample_dimension
C[C@@H](CN)N1CC2=CC=CC=C2C1,-11.866266,7.1396995,False,48,5,0.8,euclidean,random,StandardScaler_per_sample_dimension
NC(=O)CN1CC2=C(C=CC=C2)C1,-11.795494,7.0088754,False,48,5,0.8,euclidean,random,StandardScaler_per_sample_dimension
NC(=O)CN1CC2=CC=CC=C2C1,-1.9727554,-3.0834079,False,48,5,0.8,euclidean,random,StandardScaler_per_sample_dimension
CC(C(N)=O)N1CC2=C(C=CC=C2)C1,14.795706,11.852077,False,48,5,0.8,euclidean,random,StandardScaler_per_sample_dimension
CC(C(N)=O)N1CC2=CC=CC=C2C1,16.075083,11.248956,False,48,5,0.8,euclidean,random,StandardScaler_per_sample_dimension
C[C@@H](C(N)=O)N1CC2=C(C=CC=C2)C1,14.735442,11.882958,False,48,5,0.8,euclidean,random,StandardScaler_per_sample_dimension
C[C@@H](C(N)=O)N1CC2=CC=CC=C2C1,-1.867016,-3.0151646,False,48,5,0.8,euclidean,random,StandardScaler_per_sample_dimension
NCCN1C(=O)C2=C(C=CC=C2)C1=O,-1.7796389,-3.1219673,False,48,5,0.8,euclidean,random,StandardScaler_per_sample_dimension
NCCN1C(=O)C2=CC=CC=C2C1=O,-11.917828,7.111066,False,48,5,0.8,euclidean,random,StandardScaler_per_sample_dimension
O=CCN1C(=O)C2=C(C=CC=C2)C1=O,-7.9848104,27.609077,False,48,5,0.8,euclidean,random,StandardScaler_per_sample_dimension
O=CCN1C(=O)C2=CC=CC=C2C1=O,16.27788,10.963652,False,48,5,0.8,euclidean,random,StandardScaler_per_sample_dimension
CC(C=O)N1C(=O)C2=C(C=CC=C2)C1=O,-11.68065,6.8789864,False,48,5,0.8,euclidean,random,StandardScaler_per_sample_dimension
CC(C=O)N1C(=O)C2=CC=CC=C2C1=O,15.938053,11.241209,False,48,5,0.8,euclidean,random,StandardScaler_per_sample_dimension
CC(CN)N1C(=O)C2=C(C=CC=C2)C1=O,-11.861101,7.0169764,False,48,5,0.8,euclidean,random,StandardScaler_per_sample_dimension
CC(CN)N1C(=O)C2=CC=CC=C2C1=O,14.8157425,11.856711,False,48,5,0.8,euclidean,random,StandardScaler_per_sample_dimension
C[C@@H](C=O)N1C(=O)C2=C(C=CC=C2)C1=O,16.200129,11.108261,False,48,5,0.8,euclidean,random,StandardScaler_per_sample_dimension
C[C@@H](C=O)N1C(=O)C2=CC=CC=C2C1=O,-7.8091784,27.421942,False,48,5,0.8,euclidean,random,StandardScaler_per_sample_dimension
C[C@@H](CN)N1C(=O)C2=C(C=CC=C2)C1=O,14.785693,11.890904,False,48,5,0.8,euclidean,random,StandardScaler_per_sample_dimension
C[C@@H](CN)N1C(=O)C2=CC=CC=C2C1=O,-7.8371882,27.448248,False,48,5,0.8,euclidean,random,StandardScaler_per_sample_dimension
NC(=O)CN1C(=O)C2=C(C=CC=C2)C1=O,-11.817309,7.027979,False,48,5,0.8,euclidean,random,StandardScaler_per_sample_dimension
NC(=O)CN1C(=O)C2=CC=CC=C2C1=O,-7.627741,27.239487,False,48,5,0.8,euclidean,random,StandardScaler_per_sample_dimension
CC(C(N)=O)N1C(=O)C2=C(C=CC=C2)C1=O,-8.053089,27.58942,False,48,5,0.8,euclidean,random,StandardScaler_per_sample_dimension
CC(C(N)=O)N1C(=O)C2=CC=CC=C2C1=O,-1.8819845,-3.0608587,False,48,5,0.8,euclidean,random,StandardScaler_per_sample_dimension
C[C@@H](C(N)=O)N1C(=O)C2=C(C=CC=C2)C1=O,16.110352,11.169427,False,48,5,0.8,euclidean,random,StandardScaler_per_sample_dimension
C[C@@H](C(N)=O)N1C(=O)C2=CC=CC=C2C1=O,16.101183,11.141758,False,48,5,0.8,euclidean,random,StandardScaler_per_sample_dimension
CCC(C)CC=O,4.3435225,9.26817,True,48,5,0.8,euclidean,random,StandardScaler_per_sample_dimension
CCC1=CC(CNC)=CC=C1,11.351469,2.0923495,False,48,5,0.8,euclidean,random,StandardScaler_per_sample_dimension
CCC1=CC=CC(CNC)=C1,11.284638,2.225706,False,48,5,0.8,euclidean,random,StandardScaler_per_sample_dimension
CNC1=CC(PC)=CC=C1,4.8583784,-16.8645,False,48,5,0.8,euclidean,random,StandardScaler_per_sample_dimension
CNC1=CC=CC(PC)=C1,4.5049553,-16.924425,False,48,5,0.8,euclidean,random,StandardScaler_per_sample_dimension
CCNC1=CC(PC)=CC=C1,4.7586846,-16.988169,False,48,5,0.8,euclidean,random,StandardScaler_per_sample_dimension
CCNC1=CC=CC(PC)=C1,4.722925,-16.987068,False,48,5,0.8,euclidean,random,StandardScaler_per_sample_dimension
CNC1=CC([PH](C)=O)=CC=C1,4.6161537,-16.825668,False,48,5,0.8,euclidean,random,StandardScaler_per_sample_dimension
CNC1=CC=CC([PH](C)=O)=C1,4.9296846,-16.870703,False,48,5,0.8,euclidean,random,StandardScaler_per_sample_dimension
CPC1=CC(NC=O)=CC=C1,4.5973954,-17.082285,False,48,5,0.8,euclidean,random,StandardScaler_per_sample_dimension
CPC1=CC=CC(NC=O)=C1,4.8332887,-16.819006,False,48,5,0.8,euclidean,random,StandardScaler_per_sample_dimension
CCNC1=CC([PH](C)=O)=CC=C1,4.521284,-17.107164,False,48,5,0.8,euclidean,random,StandardScaler_per_sample_dimension
CCNC1=CC=CC([PH](C)=O)=C1,4.5344563,-16.862226,False,48,5,0.8,euclidean,random,StandardScaler_per_sample_dimension
CPC1=CC(NC(C)=O)=CC=C1,4.4979773,-16.723438,False,48,5,0.8,euclidean,random,StandardScaler_per_sample_dimension
CPC1=CC=CC(NC(C)=O)=C1,4.4085016,-17.003702,False,48,5,0.8,euclidean,random,StandardScaler_per_sample_dimension
C[PH](=O)C1=CC(NC=O)=CC=C1,4.5888014,-17.184008,False,48,5,0.8,euclidean,random,StandardScaler_per_sample_dimension
C[PH](=O)C1=CC=CC(NC=O)=C1,4.6244025,-16.980883,False,48,5,0.8,euclidean,random,StandardScaler_per_sample_dimension
CC(=O)NC1=CC([PH](C)=O)=CC=C1,4.7975388,-16.766466,False,48,5,0.8,euclidean,random,StandardScaler_per_sample_dimension
CC(=O)NC1=CC=CC([PH](C)=O)=C1,4.5020494,-17.028496,False,48,5,0.8,euclidean,random,StandardScaler_per_sample_dimension
CNC1=CC(PC2=CC=CC=C2)=CC=C1,21.666897,-6.9118676,False,48,5,0.8,euclidean,random,StandardScaler_per_sample_dimension
CNC1=CC=CC(PC2=CC=CC=C2)=C1,21.586166,-6.2340035,False,48,5,0.8,euclidean,random,StandardScaler_per_sample_dimension
CCNC1=CC(PC2=CC=CC=C2)=CC=C1,21.18479,-6.5402966,False,48,5,0.8,euclidean,random,StandardScaler_per_sample_dimension
CCNC1=CC=CC(PC2=CC=CC=C2)=C1,21.152313,-6.3503914,False,48,5,0.8,euclidean,random,StandardScaler_per_sample_dimension
CNC1=CC(P(C)C2=CC=CC=C2)=CC=C1,21.961042,-6.7224073,False,48,5,0.8,euclidean,random,StandardScaler_per_sample_dimension
CNC1=CC([PH](=O)C2=CC=CC=C2)=CC=C1,21.995907,-7.0564823,False,48,5,0.8,euclidean,random,StandardScaler_per_sample_dimension
CNC1=CC=CC(P(C)C2=CC=CC=C2)=C1,21.867138,-5.632389,False,48,5,0.8,euclidean,random,StandardScaler_per_sample_dimension
CNC1=CC=CC([PH](=O)C2=CC=CC=C2)=C1,21.870834,-6.524002,False,48,5,0.8,euclidean,random,StandardScaler_per_sample_dimension
O=CNC1=CC(PC2=CC=CC=C2)=CC=C1,21.823868,-5.937554,False,48,5,0.8,euclidean,random,StandardScaler_per_sample_dimension
O=CNC1=CC=CC(PC2=CC=CC=C2)=C1,21.773722,-5.856966,False,48,5,0.8,euclidean,random,StandardScaler_per_sample_dimension
CC(=O)NC1=CC(PC2=CC=CC=C2)=CC=C1,21.845543,-6.723759,False,48,5,0.8,euclidean,random,StandardScaler_per_sample_dimension
CC(=O)NC1=CC=CC(PC2=CC=CC=C2)=C1,21.86099,-6.8171415,False,48,5,0.8,euclidean,random,StandardScaler_per_sample_dimension
CCNC1=CC(P(C)C2=CC=CC=C2)=CC=C1,21.94136,-5.990868,False,48,5,0.8,euclidean,random,StandardScaler_per_sample_dimension
CCNC1=CC([PH](=O)C2=CC=CC=C2)=CC=C1,21.315592,-6.4582963,False,48,5,0.8,euclidean,random,StandardScaler_per_sample_dimension
CCNC1=CC=CC(P(C)C2=CC=CC=C2)=C1,22.035116,-5.9233017,False,48,5,0.8,euclidean,random,StandardScaler_per_sample_dimension
CCNC1=CC=CC([PH](=O)C2=CC=CC=C2)=C1,21.980764,-6.9580936,False,48,5,0.8,euclidean,random,StandardScaler_per_sample_dimension
CNC1=CC(P(C)(=O)C2=CC=CC=C2)=CC=C1,21.23925,-6.6369514,False,48,5,0.8,euclidean,random,StandardScaler_per_sample_dimension
CNC1=CC=CC(P(C)(=O)C2=CC=CC=C2)=C1,21.309177,-6.349766,False,48,5,0.8,euclidean,random,StandardScaler_per_sample_dimension
CP(C1=CC=CC=C1)C1=CC(NC=O)=CC=C1,21.667246,-6.722712,False,48,5,0.8,euclidean,random,StandardScaler_per_sample_dimension
CP(C1=CC=CC=C1)C1=CC=CC(NC=O)=C1,21.7711,-6.9574223,False,48,5,0.8,euclidean,random,StandardScaler_per_sample_dimension
O=CNC1=CC([PH](=O)C2=CC=CC=C2)=CC=C1,21.934555,-6.8852053,False,48,5,0.8,euclidean,random,StandardScaler_per_sample_dimension
O=CNC1=CC=CC([PH](=O)C2=CC=CC=C2)=C1,21.50195,-6.6511126,False,48,5,0.8,euclidean,random,StandardScaler_per_sample_dimension
CCC1=CC=C(OPOC2=CC=CC=C2)C=C1,18.519009,-13.595323,False,48,5,0.8,euclidean,random,StandardScaler_per_sample_dimension
CC(C)C1=CC=C(OPO)C=C1,18.251547,-13.517518,False,48,5,0.8,euclidean,random,StandardScaler_per_sample_dimension
CC(C)C1=CC=C(O[PH](=O)O)C=C1,18.321016,-13.38949,False,48,5,0.8,euclidean,random,StandardScaler_per_sample_dimension
CCC1=CC(CN)=CC=C1,11.133829,2.0924628,True,48,5,0.8,euclidean,random,StandardScaler_per_sample_dimension
CCC1=CC=CC(CN)=C1,11.051795,2.0970824,False,48,5,0.8,euclidean,random,StandardScaler_per_sample_dimension
CNCN,-16.990442,9.064215,False,48,5,0.8,euclidean,random,StandardScaler_per_sample_dimension
CC(C)O,-0.26348853,19.70134,False,48,5,0.8,euclidean,random,StandardScaler_per_sample_dimension
CC(C1=CC=CC=C1)C1=CC=C(OPO)C=C1,18.716654,-13.833708,True,48,5,0.8,euclidean,random,StandardScaler_per_sample_dimension
CCC1=CC=C(N)C=C1,-9.283643,18.240755,True,48,5,0.8,euclidean,random,StandardScaler_per_sample_dimension
CNC1=CC(P)=CC=C1,0.32836375,-16.032583,False,48,5,0.8,euclidean,random,StandardScaler_per_sample_dimension
CNC1=CC=CC(P)=C1,16.823492,-13.297536,False,48,5,0.8,euclidean,random,StandardScaler_per_sample_dimension
CCNC1=CC(P)=CC=C1,16.694561,-13.154786,False,48,5,0.8,euclidean,random,StandardScaler_per_sample_dimension
CCNC1=CC=CC(P)=C1,16.777288,-13.239112,False,48,5,0.8,euclidean,random,StandardScaler_per_sample_dimension
CNC1=CC(P=O)=CC=C1,16.72893,-13.160049,False,48,5,0.8,euclidean,random,StandardScaler_per_sample_dimension
CNC1=CC=CC(P=O)=C1,16.805037,-13.270386,False,48,5,0.8,euclidean,random,StandardScaler_per_sample_dimension
O=CNC1=CC(P)=CC=C1,16.69109,-13.192445,False,48,5,0.8,euclidean,random,StandardScaler_per_sample_dimension
O=CNC1=CC=CC(P)=C1,0.1536306,-16.161871,False,48,5,0.8,euclidean,random,StandardScaler_per_sample_dimension
CC(=O)NC1=CC(P)=CC=C1,16.808285,-13.2568035,False,48,5,0.8,euclidean,random,StandardScaler_per_sample_dimension
CC(=O)NC1=CC=CC(P)=C1,0.21264204,-16.201452,False,48,5,0.8,euclidean,random,StandardScaler_per_sample_dimension
CCNC1=CC(P=O)=CC=C1,0.14265542,-16.202324,False,48,5,0.8,euclidean,random,StandardScaler_per_sample_dimension
CCNC1=CC=CC(P=O)=C1,0.20887408,-16.185747,False,48,5,0.8,euclidean,random,StandardScaler_per_sample_dimension
O=CNC1=CC(P=O)=CC=C1,16.837275,-13.308354,False,48,5,0.8,euclidean,random,StandardScaler_per_sample_dimension
O=CNC1=CC=CC(P=O)=C1,0.31354442,-16.055796,False,48,5,0.8,euclidean,random,StandardScaler_per_sample_dimension
CC(=O)NC1=CC(P=O)=CC=C1,0.1318648,-16.25251,False,48,5,0.8,euclidean,random,StandardScaler_per_sample_dimension
CC(=O)NC1=CC=CC(P=O)=C1,0.079794124,-16.270899,False,48,5,0.8,euclidean,random,StandardScaler_per_sample_dimension
CC1=CC=C(C(=O)C2=CC=CC=C2)C=C1,-8.333079,6.691653,True,48,5,0.8,euclidean,random,StandardScaler_per_sample_dimension
CC1=CC=C(OC2=C(C)C=CC=C2)C=C1,17.197922,12.305721,True,48,5,0.8,euclidean,random,StandardScaler_per_sample_dimension
CC1=CC=C(OC2=CC=CC=C2C)C=C1,17.247555,12.143839,False,48,5,0.8,euclidean,random,StandardScaler_per_sample_dimension
CC1=CC(O)=C(O)C=C1,11.50723,-8.688354,False,48,5,0.8,euclidean,random,StandardScaler_per_sample_dimension
CC1=CC=C(O)C(O)=C1,11.495131,-8.53117,False,48,5,0.8,euclidean,random,StandardScaler_per_sample_dimension
CCCCNCC1=CC=CC=C1,10.615118,-3.8610551,True,48,5,0.8,euclidean,random,StandardScaler_per_sample_dimension
CCNC1=CC=C(C=O)C=C1,17.50318,4.5131516,True,48,5,0.8,euclidean,random,StandardScaler_per_sample_dimension
NCN,-17.113752,8.85414,True,48,5,0.8,euclidean,random,StandardScaler_per_sample_dimension
CCOPOCC,30.291668,6.207477,False,48,5,0.8,euclidean,random,StandardScaler_per_sample_dimension
CCO[PH](=O)OCC,30.219603,6.11728,False,48,5,0.8,euclidean,random,StandardScaler_per_sample_dimension
OPOC1=CC=C(CC2=CC=C(O)C=C2)C=C1,3.7010098,-1.0623695,False,48,5,0.8,euclidean,random,StandardScaler_per_sample_dimension
CC1=CC=CC(C)=N1,18.357975,2.2016947,False,48,5,0.8,euclidean,random,StandardScaler_per_sample_dimension
CC1=NC(C)=CC=C1,18.238495,2.1205509,False,48,5,0.8,euclidean,random,StandardScaler_per_sample_dimension
NCC1=CC=C(N)C=C1,25.506445,3.5292323,False,48,5,0.8,euclidean,random,StandardScaler_per_sample_dimension
CNCC1=CC=C(N)C=C1,25.646875,3.6226487,False,48,5,0.8,euclidean,random,StandardScaler_per_sample_dimension
NC(=O)C1=CC=C(N)C=C1,25.64111,3.6063693,False,48,5,0.8,euclidean,random,StandardScaler_per_sample_dimension
CCOCC1=CC(N)=CC=C1,-8.230567,-8.817582,False,48,5,0.8,euclidean,random,StandardScaler_per_sample_dimension
CCOCC1=CC=CC(N)=C1,-7.8884945,-7.87372,False,48,5,0.8,euclidean,random,StandardScaler_per_sample_dimension
CNC(=O)C1=CC=C(N)C=C1,25.490158,3.4753,False,48,5,0.8,euclidean,random,StandardScaler_per_sample_dimension
CCOC(=O)C1=CC(N)=CC=C1,8.567135,25.884527,False,48,5,0.8,euclidean,random,StandardScaler_per_sample_dimension
CCOC(=O)C1=CC=CC(N)=C1,8.606809,25.949335,False,48,5,0.8,euclidean,random,StandardScaler_per_sample_dimension
CCC(C)CCN,4.6309357,9.761999,True,48,5,0.8,euclidean,random,StandardScaler_per_sample_dimension
CCCCCN(C)C,5.0286093,10.3569145,True,48,5,0.8,euclidean,random,StandardScaler_per_sample_dimension
CCC(C)CC(N)=O,4.7654185,9.967975,False,48,5,0.8,euclidean,random,StandardScaler_per_sample_dimension
CCCCCC(=O)NCCCC,7.384701,6.117853,True,48,5,0.8,euclidean,random,StandardScaler_per_sample_dimension
CCC(C1=CC=CC=C1)C1=CC=C(O)C=C1,-5.225601,-10.337888,False,48,5,0.8,euclidean,random,StandardScaler_per_sample_dimension
CCC(C)(C1=CC=CC=C1)C1=CC=C(O)C=C1,-5.2140937,-10.341612,False,48,5,0.8,euclidean,random,StandardScaler_per_sample_dimension
CCC(C=O)CC=O,4.1526465,9.396654,True,48,5,0.8,euclidean,random,StandardScaler_per_sample_dimension
COPOC1=CC=C(C(C)C)C=C1,18.164246,-13.494824,True,48,5,0.8,euclidean,random,StandardScaler_per_sample_dimension
CO[PH](=O)OC1=CC=C(C(C)C)C=C1,18.31991,-13.569263,False,48,5,0.8,euclidean,random,StandardScaler_per_sample_dimension
CC/C=C/C1=CC=CC=C1,5.566444,0.7971117,False,48,5,0.8,euclidean,random,StandardScaler_per_sample_dimension
CCCCCNC(=O)CCCC,7.8064055,5.6622953,True,48,5,0.8,euclidean,random,StandardScaler_per_sample_dimension
CCCCCCNC(=O)CCC,7.4766135,4.13693,True,48,5,0.8,euclidean,random,StandardScaler_per_sample_dimension
O=CC1=CC=C(CC2=CC=CC=C2)C=C1,-8.431039,6.82999,True,48,5,0.8,euclidean,random,StandardScaler_per_sample_dimension
CCC(C1=CC=C(O)C=C1)C1=CC=C(O)C=C1,9.723739,-0.18633646,False,48,5,0.8,euclidean,random,StandardScaler_per_sample_dimension
COCCCO,-2.0502572,-4.4217362,False,48,5,0.8,euclidean,random,StandardScaler_per_sample_dimension
COCC(C)C,5.3044567,-0.11922924,False,48,5,0.8,euclidean,random,StandardScaler_per_sample_dimension
C=C(C)C,6.5694046,0.55702484,False,48,5,0.8,euclidean,random,StandardScaler_per_sample_dimension
CCCC(C)(C1=CC=CC=C1)C1=CC=CC=C1,9.316384,0.31984037,False,48,5,0.8,euclidean,random,StandardScaler_per_sample_dimension
CNC1=CC=C(N)C=C1,5.0888724,-0.90579116,True,48,5,0.8,euclidean,random,StandardScaler_per_sample_dimension
N=CC1=CC=CC=C1,19.053587,-2.339494,False,48,5,0.8,euclidean,random,StandardScaler_per_sample_dimension
C/N=C/C1=CC=CC=C1,18.86067,-2.4316566,False,48,5,0.8,euclidean,random,StandardScaler_per_sample_dimension
CCCCCNCCCCC,7.8877296,5.9036303,True,48,5,0.8,euclidean,random,StandardScaler_per_sample_dimension
CNC1=CC=CC(CO)=C1,10.291724,-18.037323,True,48,5,0.8,euclidean,random,StandardScaler_per_sample_dimension
CNC1=CC=CC(C(=O)O)=C1,9.557369,-18.373089,False,48,5,0.8,euclidean,random,StandardScaler_per_sample_dimension
CNC1=CC=CC(COC)=C1,9.235893,-17.962008,False,48,5,0.8,euclidean,random,StandardScaler_per_sample_dimension
O=CNC1=CC=CC(CO)=C1,9.756435,-18.536377,False,48,5,0.8,euclidean,random,StandardScaler_per_sample_dimension
CNC1=CC=CC(C(=O)OC)=C1,9.7510605,-18.469048,False,48,5,0.8,euclidean,random,StandardScaler_per_sample_dimension
COCC1=CC(NC=O)=CC=C1,9.984486,-18.385544,False,48,5,0.8,euclidean,random,StandardScaler_per_sample_dimension
O=CNC1=CC=CC(C(=O)O)=C1,10.016663,-18.349936,False,48,5,0.8,euclidean,random,StandardScaler_per_sample_dimension
COC(=O)C1=CC(NC=O)=CC=C1,10.239509,-18.089323,False,48,5,0.8,euclidean,random,StandardScaler_per_sample_dimension
CCOC1=CC=C(CC2=CC=CC=C2)C=C1,8.913986,-3.3698936,False,48,5,0.8,euclidean,random,StandardScaler_per_sample_dimension
Cl,7.910357,23.823015,False,48,5,0.8,euclidean,random,StandardScaler_per_sample_dimension
O=CNC1=CC=C(C=O)C=C1,17.522182,4.423767,True,48,5,0.8,euclidean,random,StandardScaler_per_sample_dimension
CC(=O)NC1=CC=C(C=O)C=C1,17.333572,4.5503087,False,48,5,0.8,euclidean,random,StandardScaler_per_sample_dimension
CCCC(=O)OC,0.28429806,-3.196669,False,48,5,0.8,euclidean,random,StandardScaler_per_sample_dimension
CCOC1=CC=C(CC2=CC=C(O)C=C2)C=C1,9.091011,-3.3939447,False,48,5,0.8,euclidean,random,StandardScaler_per_sample_dimension
CCCOCC1=CC=CC=C1,-1.2861116,-5.7612123,True,48,5,0.8,euclidean,random,StandardScaler_per_sample_dimension
O=COC1=CC=C(CC2=CC=C(O)C=C2)C=C1,-1.4188147,0.39932057,False,48,5,0.8,euclidean,random,StandardScaler_per_sample_dimension
CC1=CC(CO)=CC(N)=C1,6.1934323,-7.882802,False,48,5,0.8,euclidean,random,StandardScaler_per_sample_dimension
CC1=CC(N)=CC(CO)=C1,8.544806,24.021467,False,48,5,0.8,euclidean,random,StandardScaler_per_sample_dimension
CC1=CC(C(=O)O)=CC(N)=C1,6.0629683,-7.999737,False,48,5,0.8,euclidean,random,StandardScaler_per_sample_dimension
CC1=CC(N)=CC(C(=O)O)=C1,6.151534,-7.9393554,False,48,5,0.8,euclidean,random,StandardScaler_per_sample_dimension
NC1=CC(C=O)=CC(CO)=C1,8.459878,23.811262,False,48,5,0.8,euclidean,random,StandardScaler_per_sample_dimension
NC1=CC(CO)=CC(C=O)=C1,6.18545,-7.861271,False,48,5,0.8,euclidean,random,StandardScaler_per_sample_dimension
NC1=CC(C(=O)O)=CC(C=O)=C1,5.979511,-8.054428,False,48,5,0.8,euclidean,random,StandardScaler_per_sample_dimension
NC1=CC(C=O)=CC(C(=O)O)=C1,8.268614,23.91698,False,48,5,0.8,euclidean,random,StandardScaler_per_sample_dimension
CCCCCCCC(=O)NC,-0.9753446,9.816386,False,48,5,0.8,euclidean,random,StandardScaler_per_sample_dimension
CCCCCCCNCC,2.3831882,7.171608,True,48,5,0.8,euclidean,random,StandardScaler_per_sample_dimension
CCCCCCCC(N)=O,-0.46437338,10.097832,True,48,5,0.8,euclidean,random,StandardScaler_per_sample_dimension
CCCC(=O)NC1=CC(C)=CC=C1,4.0847735,-12.614218,False,48,5,0.8,euclidean,random,StandardScaler_per_sample_dimension
CCCC(=O)NC1=CC=CC(C)=C1,4.124405,-12.644762,False,48,5,0.8,euclidean,random,StandardScaler_per_sample_dimension
CCCCNC1=CC(C)=CC=C1,4.2651734,-12.834591,False,48,5,0.8,euclidean,random,StandardScaler_per_sample_dimension
CCCCNC1=CC=CC(C)=C1,4.256622,-12.747578,False,48,5,0.8,euclidean,random,StandardScaler_per_sample_dimension
CCCCCC(=O)NC1=CC=CC=C1,3.6723428,11.016948,False,48,5,0.8,euclidean,random,StandardScaler_per_sample_dimension
CCCCCCNC1=CC=CC=C1,3.694809,11.058798,False,48,5,0.8,euclidean,random,StandardScaler_per_sample_dimension
CCN1CC2=C(C1)C(Br)=CC=C2,-13.144281,1.5974047,False,48,5,0.8,euclidean,random,StandardScaler_per_sample_dimension
CCN1CC2=C(C=C(Br)C=C2)C1,-13.345813,2.9465923,False,48,5,0.8,euclidean,random,StandardScaler_per_sample_dimension
CCN1CC2=CC=C(Br)C=C2C1,-13.377201,3.0429804,False,48,5,0.8,euclidean,random,StandardScaler_per_sample_dimension
CCN1CC2=CC=CC(Br)=C2C1,-13.1244,2.858578,False,48,5,0.8,euclidean,random,StandardScaler_per_sample_dimension
CCN1CC2=C(Br)C=CC=C2C1=O,-13.328111,2.1973403,False,48,5,0.8,euclidean,random,StandardScaler_per_sample_dimension
CCN1CC2=C(C1)C(Br)=C(Br)C=C2,-13.01782,1.7455182,False,48,5,0.8,euclidean,random,StandardScaler_per_sample_dimension
CCN1CC2=C(C1)C(Br)=CC(Br)=C2,-13.146528,1.4321426,False,48,5,0.8,euclidean,random,StandardScaler_per_sample_dimension
CCN1CC2=C(C1=O)C(Br)=CC=C2,-11.615134,1.9664447,False,48,5,0.8,euclidean,random,StandardScaler_per_sample_dimension
CCN1CC2=C(C=C(Br)C=C2)C1=O,-13.321285,1.6743343,False,48,5,0.8,euclidean,random,StandardScaler_per_sample_dimension
CCN1CC2=C(C=CC(Br)=C2)C1=O,-13.071932,1.6311299,False,48,5,0.8,euclidean,random,StandardScaler_per_sample_dimension
CCN1CC2=C(C=CC=C2Br)C1=O,-11.737953,1.8531792,False,48,5,0.8,euclidean,random,StandardScaler_per_sample_dimension
CCN1CC2=CC(Br)=CC(Br)=C2C1,-13.350003,2.9798284,False,48,5,0.8,euclidean,random,StandardScaler_per_sample_dimension
CCN1CC2=CC(Br)=CC=C2C1=O,-13.301884,3.0916448,False,48,5,0.8,euclidean,random,StandardScaler_per_sample_dimension
CCN1CC2=CC=C(Br)C(Br)=C2C1,-13.451148,3.1642668,False,48,5,0.8,euclidean,random,StandardScaler_per_sample_dimension
CCN1CC2=CC=C(Br)C=C2C1=O,-13.394673,2.4409342,False,48,5,0.8,euclidean,random,StandardScaler_per_sample_dimension
CCN1CC2=CC=CC(Br)=C2C1=O,-13.366684,2.6730976,False,48,5,0.8,euclidean,random,StandardScaler_per_sample_dimension
CCN1C(=O)C2=C(C1=O)C(Br)=CC=C2,-13.339823,1.9284879,False,48,5,0.8,euclidean,random,StandardScaler_per_sample_dimension
CCN1C(=O)C2=C(C=C(Br)C=C2)C1=O,-11.440721,2.0026884,False,48,5,0.8,euclidean,random,StandardScaler_per_sample_dimension
CCN1C(=O)C2=CC=C(Br)C=C2C1=O,-13.335813,1.3615146,False,48,5,0.8,euclidean,random,StandardScaler_per_sample_dimension
CCN1C(=O)C2=CC=CC(Br)=C2C1=O,-13.288318,2.9329214,False,48,5,0.8,euclidean,random,StandardScaler_per_sample_dimension
CCN1CC2=C(Br)C(Br)=CC=C2C1=O,-13.491233,2.8634405,False,48,5,0.8,euclidean,random,StandardScaler_per_sample_dimension
CCN1CC2=C(Br)C=CC(Br)=C2C1=O,-13.337783,3.1444545,False,48,5,0.8,euclidean,random,StandardScaler_per_sample_dimension
CCN1CC2=C(C1)C(Br)=C(Br)C(Br)=C2,-11.568775,1.913332,False,48,5,0.8,euclidean,random,StandardScaler_per_sample_dimension
CCN1CC2=C(C1=O)C(Br)=C(Br)C=C2,-13.369925,1.4025931,False,48,5,0.8,euclidean,random,StandardScaler_per_sample_dimension
CCN1CC2=C(C1=O)C(Br)=CC(Br)=C2,-13.320137,1.4009973,False,48,5,0.8,euclidean,random,StandardScaler_per_sample_dimension
CCN1CC2=C(C1=O)C(Br)=CC=C2Br,-11.631273,2.0187225,False,48,5,0.8,euclidean,random,StandardScaler_per_sample_dimension
CCN1CC2=C(C=C(Br)C(Br)=C2)C1=O,-11.341609,1.9481982,False,48,5,0.8,euclidean,random,StandardScaler_per_sample_dimension
CCN1CC2=C(C=CC(Br)=C2Br)C1=O,-11.281576,1.9271188,False,48,5,0.8,euclidean,random,StandardScaler_per_sample_dimension
CCN1CC2=CC(Br)=C(Br)C(Br)=C2C1,-11.968833,2.021189,False,48,5,0.8,euclidean,random,StandardScaler_per_sample_dimension
CCN1CC2=CC(Br)=C(Br)C=C2C1=O,-11.439247,1.801394,False,48,5,0.8,euclidean,random,StandardScaler_per_sample_dimension
CCN1CC2=CC(Br)=CC(Br)=C2C1=O,-13.4991865,2.7422457,False,48,5,0.8,euclidean,random,StandardScaler_per_sample_dimension
CCN1CC2=CC=C(Br)C(Br)=C2C1=O,-13.014035,2.8233328,False,48,5,0.8,euclidean,random,StandardScaler_per_sample_dimension
BrC1=C(Br)C=CC=C1,-13.214924,2.041268,False,48,5,0.8,euclidean,random,StandardScaler_per_sample_dimension
BrC1=CC=CC=C1Br,-12.685041,2.1078544,False,48,5,0.8,euclidean,random,StandardScaler_per_sample_dimension
BrC1=C(Br)C(Br)=CC=C1,3.9113622,22.685938,False,48,5,0.8,euclidean,random,StandardScaler_per_sample_dimension
BrC1=CC=C(Br)C(Br)=C1,3.8037074,24.384794,False,48,5,0.8,euclidean,random,StandardScaler_per_sample_dimension
BrC1=CC=CC(Br)=C1Br,3.7980216,21.527153,False,48,5,0.8,euclidean,random,StandardScaler_per_sample_dimension
BrC1=C2CNCC2=CC=C1,11.579816,20.6164,False,48,5,0.8,euclidean,random,StandardScaler_per_sample_dimension
BrC1=CC2=C(C=C1)CNC2,3.669133,22.621878,False,48,5,0.8,euclidean,random,StandardScaler_per_sample_dimension
BrC1=CC=C2CNCC2=C1,5.081395,21.592318,False,48,5,0.8,euclidean,random,StandardScaler_per_sample_dimension
BrC1=CC=CC2=C1CNC2,4.4052424,21.083246,False,48,5,0.8,euclidean,random,StandardScaler_per_sample_dimension
BrC1=C(Br)C2=C(C=C1)CNC2,4.010648,23.219341,False,48,5,0.8,euclidean,random,StandardScaler_per_sample_dimension
BrC1=CC(Br)=C2CNCC2=C1,5.8249106,22.825827,False,48,5,0.8,euclidean,random,StandardScaler_per_sample_dimension
BrC1=CC2=C(CNC2)C(Br)=C1,5.1688643,22.12936,False,48,5,0.8,euclidean,random,StandardScaler_per_sample_dimension
BrC1=CC=C2CNCC2=C1Br,4.252214,20.94925,False,48,5,0.8,euclidean,random,StandardScaler_per_sample_dimension
CN1CC2=C(C1)C(Br)=CC=C2,4.1870575,23.299759,False,48,5,0.8,euclidean,random,StandardScaler_per_sample_dimension
CN1CC2=C(C=C(Br)C=C2)C1,4.1498623,21.008623,False,48,5,0.8,euclidean,random,StandardScaler_per_sample_dimension
CN1CC2=CC=C(Br)C=C2C1,4.560217,23.531963,False,48,5,0.8,euclidean,random,StandardScaler_per_sample_dimension
CN1CC2=CC=CC(Br)=C2C1,4.627394,21.610735,False,48,5,0.8,euclidean,random,StandardScaler_per_sample_dimension
O=C1NCC2=C(Br)C=CC=C12,6.210461,20.675495,False,48,5,0.8,euclidean,random,StandardScaler_per_sample_dimension
O=C1NCC2=C1C(Br)=CC=C2,3.6383324,22.404598,False,48,5,0.8,euclidean,random,StandardScaler_per_sample_dimension
O=C1NCC2=C1C=C(Br)C=C2,4.337215,21.648117,False,48,5,0.8,euclidean,random,StandardScaler_per_sample_dimension
O=C1NCC2=C1C=CC(Br)=C2,2.231098,23.479914,False,48,5,0.8,euclidean,random,StandardScaler_per_sample_dimension
O=C1NCC2=C1C=CC=C2Br,3.6516185,23.309492,False,48,5,0.8,euclidean,random,StandardScaler_per_sample_dimension
O=C1NCC2=CC(Br)=CC=C12,2.8143437,-7.8135185,False,48,5,0.8,euclidean,random,StandardScaler_per_sample_dimension
O=C1NCC2=CC=C(Br)C=C12,5.5209966,22.016394,False,48,5,0.8,euclidean,random,StandardScaler_per_sample_dimension
O=C1NCC2=CC=CC(Br)=C12,4.5086946,23.524302,False,48,5,0.8,euclidean,random,StandardScaler_per_sample_dimension
OCCOC1=CC=C(O)C=C1,-2.3603604,14.281597,True,48,5,0.8,euclidean,random,StandardScaler_per_sample_dimension
BrC1=C(Br)C(Br)=C2CNCC2=C1,6.2656274,22.901651,False,48,5,0.8,euclidean,random,StandardScaler_per_sample_dimension
BrC1=C(Br)C2=C(CNC2)C(Br)=C1,5.631447,21.793753,False,48,5,0.8,euclidean,random,StandardScaler_per_sample_dimension
BrC1=CC(Br)=C2CNCC2=C1Br,2.457033,22.977428,False,48,5,0.8,euclidean,random,StandardScaler_per_sample_dimension
BrC1=CC2=C(CNC2)C(Br)=C1Br,5.274712,21.886534,False,48,5,0.8,euclidean,random,StandardScaler_per_sample_dimension
CN1CC2=C(Br)C=CC=C2C1=O,6.1685286,22.81834,False,48,5,0.8,euclidean,random,StandardScaler_per_sample_dimension
CN1CC2=C(C1)C(Br)=C(Br)C=C2,4.0261803,22.0243,False,48,5,0.8,euclidean,random,StandardScaler_per_sample_dimension
CN1CC2=C(C1)C(Br)=CC(Br)=C2,2.6339123,-7.9464912,False,48,5,0.8,euclidean,random,StandardScaler_per_sample_dimension
CN1CC2=C(C1=O)C(Br)=CC=C2,3.2377958,23.71845,False,48,5,0.8,euclidean,random,StandardScaler_per_sample_dimension
CN1CC2=C(C=C(Br)C=C2)C1=O,4.3707685,22.054346,False,48,5,0.8,euclidean,random,StandardScaler_per_sample_dimension
CN1CC2=C(C=CC(Br)=C2)C1=O,5.560027,21.937494,False,48,5,0.8,euclidean,random,StandardScaler_per_sample_dimension
CN1CC2=C(C=CC=C2Br)C1=O,4.1692514,24.389742,False,48,5,0.8,euclidean,random,StandardScaler_per_sample_dimension
CN1CC2=CC(Br)=CC(Br)=C2C1,6.3413,22.982613,False,48,5,0.8,euclidean,random,StandardScaler_per_sample_dimension
CN1CC2=CC(Br)=CC=C2C1=O,4.029447,20.806871,False,48,5,0.8,euclidean,random,StandardScaler_per_sample_dimension
CN1CC2=CC=C(Br)C(Br)=C2C1,4.063179,24.69207,False,48,5,0.8,euclidean,random,StandardScaler_per_sample_dimension
CN1CC2=CC=C(Br)C=C2C1=O,3.9285598,22.378899,False,48,5,0.8,euclidean,random,StandardScaler_per_sample_dimension
CN1CC2=CC=CC(Br)=C2C1=O,2.8922117,23.447746,False,48,5,0.8,euclidean,random,StandardScaler_per_sample_dimension
COC1=CC=C(OCCO)C=C1,-2.486037,14.178025,False,48,5,0.8,euclidean,random,StandardScaler_per_sample_dimension
O=C1NC(=O)C2=C(Br)C=CC=C12,4.6991153,23.27238,False,48,5,0.8,euclidean,random,StandardScaler_per_sample_dimension
O=C1NC(=O)C2=C1C=CC(Br)=C2,4.710142,23.36197,False,48,5,0.8,euclidean,random,StandardScaler_per_sample_dimension
O=C1NC(=O)C2=C1C=CC=C2Br,2.0297003,23.258108,False,48,5,0.8,euclidean,random,StandardScaler_per_sample_dimension
O=C1NC(=O)C2=CC(Br)=CC=C12,1.9628643,23.100094,False,48,5,0.8,euclidean,random,StandardScaler_per_sample_dimension
O=C1NCC2=C(Br)C(Br)=CC=C12,3.5803897,21.730421,False,48,5,0.8,euclidean,random,StandardScaler_per_sample_dimension
O=C1NCC2=C(Br)C=C(Br)C=C12,11.560197,20.75816,False,48,5,0.8,euclidean,random,StandardScaler_per_sample_dimension
O=C1NCC2=C(Br)C=CC(Br)=C12,11.75389,20.634422,False,48,5,0.8,euclidean,random,StandardScaler_per_sample_dimension
O=C1NCC2=C1C(Br)=C(Br)C=C2,4.0431366,21.210041,False,48,5,0.8,euclidean,random,StandardScaler_per_sample_dimension
O=C1NCC2=C1C(Br)=CC(Br)=C2,11.599634,20.71916,False,48,5,0.8,euclidean,random,StandardScaler_per_sample_dimension
O=C1NCC2=C1C(Br)=CC=C2Br,4.12528,24.539135,False,48,5,0.8,euclidean,random,StandardScaler_per_sample_dimension
O=C1NCC2=C1C=C(Br)C(Br)=C2,2.0828702,23.233229,False,48,5,0.8,euclidean,random,StandardScaler_per_sample_dimension
O=C1NCC2=C1C=C(Br)C=C2Br,3.9142625,24.702055,False,48,5,0.8,euclidean,random,StandardScaler_per_sample_dimension
O=C1NCC2=C1C=CC(Br)=C2Br,6.3838105,20.860432,False,48,5,0.8,euclidean,random,StandardScaler_per_sample_dimension
O=C1NCC2=CC(Br)=C(Br)C=C12,5.936411,21.065985,False,48,5,0.8,euclidean,random,StandardScaler_per_sample_dimension
O=C1NCC2=CC(Br)=CC(Br)=C12,2.7129622,-7.639517,False,48,5,0.8,euclidean,random,StandardScaler_per_sample_dimension
O=C1NCC2=CC=C(Br)C(Br)=C12,4.790466,23.41496,False,48,5,0.8,euclidean,random,StandardScaler_per_sample_dimension
CC(C)N1CC2=C(C1)C(Br)=CC=C2,3.8983295,21.62801,False,48,5,0.8,euclidean,random,StandardScaler_per_sample_dimension
CC(C)N1CC2=C(C=C(Br)C=C2)C1,11.587056,20.757574,False,48,5,0.8,euclidean,random,StandardScaler_per_sample_dimension
CC(C)N1CC2=CC=C(Br)C=C2C1,6.4122553,22.997856,False,48,5,0.8,euclidean,random,StandardScaler_per_sample_dimension
CC(C)N1CC2=CC=CC(Br)=C2C1,2.723316,-7.7603908,False,48,5,0.8,euclidean,random,StandardScaler_per_sample_dimension
CCN1CC2=C(Br)C=CC(Br)=C2C1,4.870417,23.72236,False,48,5,0.8,euclidean,random,StandardScaler_per_sample_dimension
CCN1CC2=C(C1)C(Br)=CC=C2Br,4.910193,23.562002,False,48,5,0.8,euclidean,random,StandardScaler_per_sample_dimension
CCN1CC2=C(C=C(Br)C(Br)=C2)C1,6.4356055,22.773712,False,48,5,0.8,euclidean,random,StandardScaler_per_sample_dimension
CCN1CC2=CC(Br)=C(Br)C=C2C1,4.6186275,23.824215,False,48,5,0.8,euclidean,random,StandardScaler_per_sample_dimension
CN1C(=O)C2=C(C1=O)C(Br)=CC=C2,2.9898326,23.206139,False,48,5,0.8,euclidean,random,StandardScaler_per_sample_dimension
CN1C(=O)C2=C(C=C(Br)C=C2)C1=O,5.4838347,21.932014,False,48,5,0.8,euclidean,random,StandardScaler_per_sample_dimension
CN1C(=O)C2=CC=C(Br)C=C2C1=O,5.153492,23.046925,False,48,5,0.8,euclidean,random,StandardScaler_per_sample_dimension
CN1C(=O)C2=CC=CC(Br)=C2C1=O,4.5392075,23.161535,False,48,5,0.8,euclidean,random,StandardScaler_per_sample_dimension
CN1CC2=C(Br)C(Br)=CC=C2C1=O,3.44639,21.670288,False,48,5,0.8,euclidean,random,StandardScaler_per_sample_dimension
CN1CC2=C(Br)C=C(Br)C(Br)=C2C1,2.0177634,23.131216,False,48,5,0.8,euclidean,random,StandardScaler_per_sample_dimension
CN1CC2=C(Br)C=C(Br)C=C2C1=O,2.0887644,23.213099,False,48,5,0.8,euclidean,random,StandardScaler_per_sample_dimension
CN1CC2=C(Br)C=CC(Br)=C2C1=O,3.8048687,23.510658,False,48,5,0.8,euclidean,random,StandardScaler_per_sample_dimension
CN1CC2=C(C1)C(Br)=C(Br)C(Br)=C2,2.0064163,23.272121,False,48,5,0.8,euclidean,random,StandardScaler_per_sample_dimension
CN1CC2=C(C1)C(Br)=C(Br)C=C2Br,5.659129,22.081076,False,48,5,0.8,euclidean,random,StandardScaler_per_sample_dimension
CN1CC2=C(C1=O)C(Br)=C(Br)C=C2,4.945747,23.625385,False,48,5,0.8,euclidean,random,StandardScaler_per_sample_dimension
CN1CC2=C(C1=O)C(Br)=CC(Br)=C2,3.964483,22.12986,False,48,5,0.8,euclidean,random,StandardScaler_per_sample_dimension
CN1CC2=C(C1=O)C(Br)=CC=C2Br,4.24429,22.571426,False,48,5,0.8,euclidean,random,StandardScaler_per_sample_dimension
CN1CC2=C(C=C(Br)C(Br)=C2)C1=O,3.214297,22.670746,False,48,5,0.8,euclidean,random,StandardScaler_per_sample_dimension
CN1CC2=C(C=C(Br)C=C2Br)C1=O,4.43832,22.530428,False,48,5,0.8,euclidean,random,StandardScaler_per_sample_dimension
CN1CC2=C(C=CC(Br)=C2Br)C1=O,11.504247,20.776985,False,48,5,0.8,euclidean,random,StandardScaler_per_sample_dimension
CN1CC2=CC(Br)=C(Br)C(Br)=C2C1,5.463537,21.8199,False,48,5,0.8,euclidean,random,StandardScaler_per_sample_dimension
CN1CC2=CC(Br)=C(Br)C=C2C1=O,4.6488194,23.647108,False,48,5,0.8,euclidean,random,StandardScaler_per_sample_dimension
CN1CC2=CC(Br)=CC(Br)=C2C1=O,6.1665983,22.802135,False,48,5,0.8,euclidean,random,StandardScaler_per_sample_dimension
CN1CC2=CC=C(Br)C(Br)=C2C1=O,4.6285157,21.673195,False,48,5,0.8,euclidean,random,StandardScaler_per_sample_dimension
O=C1NC(=O)C2=C(Br)C(Br)=CC=C12,4.2876225,22.775862,False,48,5,0.8,euclidean,random,StandardScaler_per_sample_dimension
O=C1NC(=O)C2=C(Br)C=C(Br)C=C12,2.7657437,-7.859319,False,48,5,0.8,euclidean,random,StandardScaler_per_sample_dimension
O=C1NC(=O)C2=C1C=C(Br)C=C2Br,4.272022,20.817955,False,48,5,0.8,euclidean,random,StandardScaler_per_sample_dimension
O=C1NC(=O)C2=C1C=CC(Br)=C2Br,3.9918993,22.383614,False,48,5,0.8,euclidean,random,StandardScaler_per_sample_dimension
O=C1NCC2=C(Br)C(Br)=C(Br)C=C12,5.9987745,21.049845,False,48,5,0.8,euclidean,random,StandardScaler_per_sample_dimension
O=C1NCC2=C(Br)C(Br)=CC(Br)=C12,4.3104,22.111988,False,48,5,0.8,euclidean,random,StandardScaler_per_sample_dimension
O=C1NCC2=C(Br)C=C(Br)C(Br)=C12,3.9167101,23.525393,False,48,5,0.8,euclidean,random,StandardScaler_per_sample_dimension
O=C1NCC2=C1C(Br)=C(Br)C(Br)=C2,2.8353767,-7.882581,False,48,5,0.8,euclidean,random,StandardScaler_per_sample_dimension
O=C1NCC2=C1C(Br)=C(Br)C=C2Br,4.1140656,20.859571,False,48,5,0.8,euclidean,random,StandardScaler_per_sample_dimension
O=C1NCC2=C1C(Br)=CC(Br)=C2Br,3.5964727,21.500637,False,48,5,0.8,euclidean,random,StandardScaler_per_sample_dimension
O=C1NCC2=C1C=C(Br)C(Br)=C2Br,3.9141808,24.671614,False,48,5,0.8,euclidean,random,StandardScaler_per_sample_dimension
O=C1NCC2=CC(Br)=C(Br)C(Br)=C12,3.9879837,24.636076,False,48,5,0.8,euclidean,random,StandardScaler_per_sample_dimension
CC(C)N1CC2=C(Br)C=CC=C2C1=O,2.7268155,-7.756417,False,48,5,0.8,euclidean,random,StandardScaler_per_sample_dimension
CC(C)N1CC2=C(C1)C(Br)=C(Br)C=C2,3.9273577,24.597727,False,48,5,0.8,euclidean,random,StandardScaler_per_sample_dimension
CC(C)N1CC2=C(C1)C(Br)=CC(Br)=C2,4.202606,20.832787,False,48,5,0.8,euclidean,random,StandardScaler_per_sample_dimension
CC(C)N1CC2=C(C1=O)C(Br)=CC=C2,6.1606445,22.77184,False,48,5,0.8,euclidean,random,StandardScaler_per_sample_dimension
CC(C)N1CC2=C(C=C(Br)C=C2)C1=O,4.9028907,21.926247,False,48,5,0.8,euclidean,random,StandardScaler_per_sample_dimension
CC(C)N1CC2=C(C=CC(Br)=C2)C1=O,3.5429823,21.482609,False,48,5,0.8,euclidean,random,StandardScaler_per_sample_dimension
CC(C)N1CC2=C(C=CC=C2Br)C1=O,3.9849887,20.77114,False,48,5,0.8,euclidean,random,StandardScaler_per_sample_dimension
CC(C)N1CC2=CC(Br)=CC(Br)=C2C1,6.3849616,20.875359,False,48,5,0.8,euclidean,random,StandardScaler_per_sample_dimension
CC(C)N1CC2=CC(Br)=CC=C2C1=O,3.789368,23.29568,False,48,5,0.8,euclidean,random,StandardScaler_per_sample_dimension
CC(C)N1CC2=CC=C(Br)C(Br)=C2C1,5.717301,21.684116,False,48,5,0.8,euclidean,random,StandardScaler_per_sample_dimension
CC(C)N1CC2=CC=C(Br)C=C2C1=O,4.917155,23.509174,False,48,5,0.8,euclidean,random,StandardScaler_per_sample_dimension
CC(C)N1CC2=CC=CC(Br)=C2C1=O,3.712947,23.365126,False,48,5,0.8,euclidean,random,StandardScaler_per_sample_dimension
CN1C(=O)C2=C(C1=O)C(Br)=C(Br)C=C2,3.5038774,21.72728,False,48,5,0.8,euclidean,random,StandardScaler_per_sample_dimension
CN1C(=O)C2=CC=C(Br)C(Br)=C2C1=O,3.7639327,23.432512,False,48,5,0.8,euclidean,random,StandardScaler_per_sample_dimension
CN1CC2=C(C1=O)C(Br)=C(Br)C(Br)=C2,3.1971927,23.108522,False,48,5,0.8,euclidean,random,StandardScaler_per_sample_dimension
CN1CC2=CC(Br)=C(Br)C(Br)=C2C1=O,1.9655102,23.211271,False,48,5,0.8,euclidean,random,StandardScaler_per_sample_dimension
O=C1NCC2=C(Br)C(Br)=C(Br)C(Br)=C12,3.5386472,22.210373,False,48,5,0.8,euclidean,random,StandardScaler_per_sample_dimension
O=C1NCC2=C1C(Br)=C(Br)C(Br)=C2Br,2.353268,23.220388,False,48,5,0.8,euclidean,random,StandardScaler_per_sample_dimension
CC(C)N1C(=O)C2=C(C1=O)C(Br)=CC=C2,3.4855478,23.407269,False,48,5,0.8,euclidean,random,StandardScaler_per_sample_dimension
CC(C)N1C(=O)C2=CC=CC(Br)=C2C1=O,4.0185633,23.61042,False,48,5,0.8,euclidean,random,StandardScaler_per_sample_dimension
CC(C)N1CC2=C(C1=O)C(Br)=C(Br)C=C2,6.291127,20.950682,False,48,5,0.8,euclidean,random,StandardScaler_per_sample_dimension
CC(C)N1CC2=CC=C(Br)C(Br)=C2C1=O,6.2087903,20.74045,False,48,5,0.8,euclidean,random,StandardScaler_per_sample_dimension
CCOCCCO,-2.014456,-4.4776187,True,48,5,0.8,euclidean,random,StandardScaler_per_sample_dimension
COC1=C(O)C=CC(C)=C1,11.73254,-8.773344,False,48,5,0.8,euclidean,random,StandardScaler_per_sample_dimension
COC1=CC(C)=CC=C1O,11.652657,-8.659551,False,48,5,0.8,euclidean,random,StandardScaler_per_sample_dimension
OCCCCO,0.40713108,-5.004501,True,48,5,0.8,euclidean,random,StandardScaler_per_sample_dimension
NC1=CC=C(CO)C=C1,24.009392,0.6124238,False,48,5,0.8,euclidean,random,StandardScaler_per_sample_dimension
OC1=CC=C(CNC2=CC=CC=C2)C=C1,19.32927,3.8960254,False,48,5,0.8,euclidean,random,StandardScaler_per_sample_dimension
CC1=CC=C(CNC2=CC=C(C)C=C2)C=C1,16.651957,2.0790248,True,48,5,0.8,euclidean,random,StandardScaler_per_sample_dimension
COCCOC1=CC=C(O)C=C1,-6.0670366,3.829584,False,48,5,0.8,euclidean,random,StandardScaler_per_sample_dimension
COCCOC1=CC=C(OC)C=C1,-5.920461,3.7326515,False,48,5,0.8,euclidean,random,StandardScaler_per_sample_dimension
NC1=CC(N)=CC=C1,10.032109,-8.645631,False,48,5,0.8,euclidean,random,StandardScaler_per_sample_dimension
NC1=CC=CC(N)=C1,10.086264,-8.691584,False,48,5,0.8,euclidean,random,StandardScaler_per_sample_dimension
BrC1=CC=C(Br)C=C1,24.554253,-10.120292,False,48,5,0.8,euclidean,random,StandardScaler_per_sample_dimension
BrC1=CC=C(Br)C(Br)=C1Br,24.805677,-10.293694,False,48,5,0.8,euclidean,random,StandardScaler_per_sample_dimension
BrC1=C(Br)C=C2CNCC2=C1,24.117943,-9.888444,False,48,5,0.8,euclidean,random,StandardScaler_per_sample_dimension
BrC1=C2CNCC2=C(Br)C=C1,24.473892,-9.963416,False,48,5,0.8,euclidean,random,StandardScaler_per_sample_dimension
BrC1=CC2=C(C=C1Br)CNC2,24.371037,-10.024788,False,48,5,0.8,euclidean,random,StandardScaler_per_sample_dimension
BrC1=CC=C(Br)C2=C1CNC2,24.12155,-10.020173,False,48,5,0.8,euclidean,random,StandardScaler_per_sample_dimension
CN1CC2=C(Br)C=CC(Br)=C2C1,24.032364,-10.137745,False,48,5,0.8,euclidean,random,StandardScaler_per_sample_dimension
CN1CC2=C(C1)C(Br)=CC=C2Br,24.222454,-9.771479,False,48,5,0.8,euclidean,random,StandardScaler_per_sample_dimension
CN1CC2=C(C=C(Br)C(Br)=C2)C1,23.994886,-9.795296,False,48,5,0.8,euclidean,random,StandardScaler_per_sample_dimension
CN1CC2=CC(Br)=C(Br)C=C2C1,24.489145,-10.141523,False,48,5,0.8,euclidean,random,StandardScaler_per_sample_dimension
BrC1=C(Br)C(Br)=C2CNCC2=C1Br,24.177494,-9.810649,False,48,5,0.8,euclidean,random,StandardScaler_per_sample_dimension
BrC1=C(Br)C2=C(CNC2)C(Br)=C1Br,24.607338,-10.019335,False,48,5,0.8,euclidean,random,StandardScaler_per_sample_dimension
O=C1NC(=O)C2=C(Br)C=CC(Br)=C12,23.950127,-10.161683,False,48,5,0.8,euclidean,random,StandardScaler_per_sample_dimension
O=C1NC(=O)C2=C1C(Br)=CC=C2Br,24.72583,-9.95738,False,48,5,0.8,euclidean,random,StandardScaler_per_sample_dimension
O=C1NC(=O)C2=C1C=C(Br)C(Br)=C2,24.341482,-10.20781,False,48,5,0.8,euclidean,random,StandardScaler_per_sample_dimension
O=C1NC(=O)C2=CC(Br)=C(Br)C=C12,24.22334,-9.933092,False,48,5,0.8,euclidean,random,StandardScaler_per_sample_dimension
CC(C)N1CC2=C(Br)C=CC(Br)=C2C1,24.773552,-9.9424305,False,48,5,0.8,euclidean,random,StandardScaler_per_sample_dimension
CC(C)N1CC2=C(C1)C(Br)=CC=C2Br,24.67079,-10.115466,False,48,5,0.8,euclidean,random,StandardScaler_per_sample_dimension
CC(C)N1CC2=C(C=C(Br)C(Br)=C2)C1,24.039263,-10.207948,False,48,5,0.8,euclidean,random,StandardScaler_per_sample_dimension
CC(C)N1CC2=CC(Br)=C(Br)C=C2C1,24.331999,-9.970424,False,48,5,0.8,euclidean,random,StandardScaler_per_sample_dimension
CCCC(C)C1=CC=C(O)C=C1,2.2301393,12.103206,False,48,5,0.8,euclidean,random,StandardScaler_per_sample_dimension
CCCCCCCCCN,-0.6876174,10.136214,False,48,5,0.8,euclidean,random,StandardScaler_per_sample_dimension
CCCCCCCCCCN,-0.8087716,9.940029,False,48,5,0.8,euclidean,random,StandardScaler_per_sample_dimension
CCCCCCCCNCC,2.6418293,7.4187593,True,48,5,0.8,euclidean,random,StandardScaler_per_sample_dimension
CCNCCCCCC=O,7.844003,5.978064,True,48,5,0.8,euclidean,random,StandardScaler_per_sample_dimension
CCCCC1=CC=C(O)C=C1,-5.215415,-10.424151,False,48,5,0.8,euclidean,random,StandardScaler_per_sample_dimension
CCCC(C1=CC=CC=C1)C1=CC=C(O)C=C1,-5.048705,-10.283092,False,48,5,0.8,euclidean,random,StandardScaler_per_sample_dimension
CCCN(CC)CC,5.5100245,9.540842,True,48,5,0.8,euclidean,random,StandardScaler_per_sample_dimension
CCOC1=CC=C(C(C)C)C=C1,8.6181965,-3.517787,False,48,5,0.8,euclidean,random,StandardScaler_per_sample_dimension
CCCOCCC,0.8935236,-3.5737193,True,48,5,0.8,euclidean,random,StandardScaler_per_sample_dimension
CNC1=CC(N)=CC=C1,10.024879,-8.7490635,False,48,5,0.8,euclidean,random,StandardScaler_per_sample_dimension
CNC1=CC=CC(N)=C1,10.176774,-8.588369,False,48,5,0.8,euclidean,random,StandardScaler_per_sample_dimension
COCCCCO,0.20319644,-4.8520875,False,48,5,0.8,euclidean,random,StandardScaler_per_sample_dimension
CCCCNC(=O)C1=CC=CC=C1,10.501346,-3.9272912,True,48,5,0.8,euclidean,random,StandardScaler_per_sample_dimension
O=COCCCO,-2.07511,-4.460241,True,48,5,0.8,euclidean,random,StandardScaler_per_sample_dimension
CC(=O)OCCCO,-2.0814357,-4.5074596,False,48,5,0.8,euclidean,random,StandardScaler_per_sample_dimension
CCNC1=CC=C(N)C=C1,4.8497972,-0.5895645,False,48,5,0.8,euclidean,random,StandardScaler_per_sample_dimension
COC1=CC=C(CNC2=CC=CC=C2)C=C1,19.2516,4.102892,False,48,5,0.8,euclidean,random,StandardScaler_per_sample_dimension
O=C(NC1=CC=CC=C1)C1=CC=C(O)C=C1,19.410345,3.8020751,False,48,5,0.8,euclidean,random,StandardScaler_per_sample_dimension
COC1=CC=C(C(=O)NC2=CC=CC=C2)C=C1,19.32059,3.9809856,False,48,5,0.8,euclidean,random,StandardScaler_per_sample_dimension
NC1=CC=C(NC=O)C=C1,4.7583337,-0.6888619,False,48,5,0.8,euclidean,random,StandardScaler_per_sample_dimension
CC(=O)NC1=CC=C(N)C=C1,4.781233,-0.5779175,False,48,5,0.8,euclidean,random,StandardScaler_per_sample_dimension
CC1=CC=C(NC(=O)C2=CC=C(C)C=C2)C=C1,16.597424,2.2164521,True,48,5,0.8,euclidean,random,StandardScaler_per_sample_dimension
CCP(O)C1=CC=CC=C1,4.459285,-9.655626,False,48,5,0.8,euclidean,random,StandardScaler_per_sample_dimension
CCP(=O)(O)C1=CC=CC=C1,4.30897,-9.89594,False,48,5,0.8,euclidean,random,StandardScaler_per_sample_dimension
O=COCCOC1=CC=C(O)C=C1,-6.078302,3.7869678,False,48,5,0.8,euclidean,random,StandardScaler_per_sample_dimension
COCC1=CC(C)=CC(N)=C1,-7.679963,-7.5665145,False,48,5,0.8,euclidean,random,StandardScaler_per_sample_dimension
COCC1=CC(N)=CC(C)=C1,-7.9789205,-7.9134164,False,48,5,0.8,euclidean,random,StandardScaler_per_sample_dimension
CCOCC1=CC(C)=CC(N)=C1,8.472609,25.79838,False,48,5,0.8,euclidean,random,StandardScaler_per_sample_dimension
CCOCC1=CC(N)=CC(C)=C1,8.3859,25.874533,False,48,5,0.8,euclidean,random,StandardScaler_per_sample_dimension
COC(=O)C1=CC(C)=CC(N)=C1,-8.055906,-8.576024,False,48,5,0.8,euclidean,random,StandardScaler_per_sample_dimension
COC(=O)C1=CC(N)=CC(C)=C1,-8.303831,-8.606918,False,48,5,0.8,euclidean,random,StandardScaler_per_sample_dimension
COCC1=CC(C=O)=CC(N)=C1,8.569584,25.936567,False,48,5,0.8,euclidean,random,StandardScaler_per_sample_dimension
COCC1=CC(N)=CC(C=O)=C1,-8.253558,-8.652797,False,48,5,0.8,euclidean,random,StandardScaler_per_sample_dimension
CCOC(=O)C1=CC(C)=CC(N)=C1,-7.8579865,-7.864474,False,48,5,0.8,euclidean,random,StandardScaler_per_sample_dimension
CCOC(=O)C1=CC(N)=CC(C)=C1,-8.0955305,-8.520088,False,48,5,0.8,euclidean,random,StandardScaler_per_sample_dimension
CCOCC1=CC(C=O)=CC(N)=C1,-8.231759,-8.663661,False,48,5,0.8,euclidean,random,StandardScaler_per_sample_dimension
CCOCC1=CC(N)=CC(C=O)=C1,8.672369,25.983818,False,48,5,0.8,euclidean,random,StandardScaler_per_sample_dimension
COC(=O)C1=CC(C=O)=CC(N)=C1,-7.786531,-7.567619,False,48,5,0.8,euclidean,random,StandardScaler_per_sample_dimension
COC(=O)C1=CC(N)=CC(C=O)=C1,-8.306549,-8.7867365,False,48,5,0.8,euclidean,random,StandardScaler_per_sample_dimension
CCOC(=O)C1=CC(C=O)=CC(N)=C1,8.4999275,25.84591,False,48,5,0.8,euclidean,random,StandardScaler_per_sample_dimension
CCOC(=O)C1=CC(N)=CC(C=O)=C1,-8.160936,-8.787187,False,48,5,0.8,euclidean,random,StandardScaler_per_sample_dimension
CCCCCCCCCNC,-1.1100651,9.676279,False,48,5,0.8,euclidean,random,StandardScaler_per_sample_dimension
CCCCCCCCCCNC,-0.9873304,9.56557,False,48,5,0.8,euclidean,random,StandardScaler_per_sample_dimension
CCCCCCN(C)C,5.034965,11.020958,False,48,5,0.8,euclidean,random,StandardScaler_per_sample_dimension
CCOC1=CC=C(C(C)C2=CC=CC=C2)C=C1,8.620643,-3.192978,False,48,5,0.8,euclidean,random,StandardScaler_per_sample_dimension
NC(=O)CC1=CC=CC=C1,12.556305,6.3881435,True,48,5,0.8,euclidean,random,StandardScaler_per_sample_dimension
NCNC=O,-16.64453,8.665262,True,48,5,0.8,euclidean,random,StandardScaler_per_sample_dimension
CC1=CC=C(N2CC3=C(C=CC=C3)C2=O)C=C1,2.5851095,-13.696855,True,48,5,0.8,euclidean,random,StandardScaler_per_sample_dimension
CC1=CC=C(N2CC3=CC=CC=C3C2=O)C=C1,2.627597,-13.650379,False,48,5,0.8,euclidean,random,StandardScaler_per_sample_dimension
C=CC1=CC=C(O)C=C1,6.8625236,27.615168,False,48,5,0.8,euclidean,random,StandardScaler_per_sample_dimension
NCCN1CC2=C(C1)C(Br)=CC=C2,26.294352,-0.2571254,False,48,5,0.8,euclidean,random,StandardScaler_per_sample_dimension
NCCN1CC2=C(C=C(Br)C=C2)C1,-6.513194,9.444749,False,48,5,0.8,euclidean,random,StandardScaler_per_sample_dimension
NCCN1CC2=CC=C(Br)C=C2C1,26.491152,-0.3396714,False,48,5,0.8,euclidean,random,StandardScaler_per_sample_dimension
NCCN1CC2=CC=CC(Br)=C2C1,11.389899,10.222237,False,48,5,0.8,euclidean,random,StandardScaler_per_sample_dimension
O=CCN1CC2=C(C1)C(Br)=CC=C2,-5.75806,25.786097,False,48,5,0.8,euclidean,random,StandardScaler_per_sample_dimension
O=CCN1CC2=C(C=C(Br)C=C2)C1,-5.489507,25.83014,False,48,5,0.8,euclidean,random,StandardScaler_per_sample_dimension
O=CCN1CC2=CC=C(Br)C=C2C1,-6.2907043,8.402466,False,48,5,0.8,euclidean,random,StandardScaler_per_sample_dimension
O=CCN1CC2=CC=CC(Br)=C2C1,-6.245691,9.404304,False,48,5,0.8,euclidean,random,StandardScaler_per_sample_dimension
CC(C=O)N1CC2=C(C1)C(Br)=CC=C2,-4.2550864,8.476581,False,48,5,0.8,euclidean,random,StandardScaler_per_sample_dimension
CC(C=O)N1CC2=C(C=C(Br)C=C2)C1,11.598879,10.423778,False,48,5,0.8,euclidean,random,StandardScaler_per_sample_dimension
CC(C=O)N1CC2=CC=C(Br)C=C2C1,12.180809,9.139258,False,48,5,0.8,euclidean,random,StandardScaler_per_sample_dimension
CC(C=O)N1CC2=CC=CC(Br)=C2C1,-5.588861,25.694468,False,48,5,0.8,euclidean,random,StandardScaler_per_sample_dimension
CC(CN)N1CC2=C(C1)C(Br)=CC=C2,11.696858,9.251557,False,48,5,0.8,euclidean,random,StandardScaler_per_sample_dimension
CC(CN)N1CC2=C(C=C(Br)C=C2)C1,-4.7812405,8.57485,False,48,5,0.8,euclidean,random,StandardScaler_per_sample_dimension
CC(CN)N1CC2=CC=C(Br)C=C2C1,-6.530057,9.233397,False,48,5,0.8,euclidean,random,StandardScaler_per_sample_dimension
CC(CN)N1CC2=CC=CC(Br)=C2C1,11.532563,10.525493,False,48,5,0.8,euclidean,random,StandardScaler_per_sample_dimension
NC(=O)CN1CC2=C(C1)C(Br)=CC=C2,11.237873,9.338607,False,48,5,0.8,euclidean,random,StandardScaler_per_sample_dimension
NC(=O)CN1CC2=C(C=C(Br)C=C2)C1,-7.6893706,8.737932,False,48,5,0.8,euclidean,random,StandardScaler_per_sample_dimension
NC(=O)CN1CC2=CC=C(Br)C=C2C1,-5.4731574,25.560379,False,48,5,0.8,euclidean,random,StandardScaler_per_sample_dimension
NC(=O)CN1CC2=CC=CC(Br)=C2C1,-5.9598656,8.358922,False,48,5,0.8,euclidean,random,StandardScaler_per_sample_dimension
NCCN1CC2=C(Br)C=CC=C2C1=O,-4.1034403,8.528464,False,48,5,0.8,euclidean,random,StandardScaler_per_sample_dimension
NCCN1CC2=C(C1)C(Br)=C(Br)C=C2,-7.40937,10.204873,False,48,5,0.8,euclidean,random,StandardScaler_per_sample_dimension
NCCN1CC2=C(C1)C(Br)=CC(Br)=C2,12.10635,9.020165,False,48,5,0.8,euclidean,random,StandardScaler_per_sample_dimension
NCCN1CC2=C(C1=O)C(Br)=CC=C2,12.051278,9.1135845,False,48,5,0.8,euclidean,random,StandardScaler_per_sample_dimension
NCCN1CC2=C(C=C(Br)C=C2)C1=O,-4.446515,8.487131,False,48,5,0.8,euclidean,random,StandardScaler_per_sample_dimension
NCCN1CC2=C(C=CC(Br)=C2)C1=O,-4.4843197,8.571798,False,48,5,0.8,euclidean,random,StandardScaler_per_sample_dimension
NCCN1CC2=C(C=CC=C2Br)C1=O,-5.481475,25.900097,False,48,5,0.8,euclidean,random,StandardScaler_per_sample_dimension
NCCN1CC2=CC(Br)=CC(Br)=C2C1,-4.399512,8.361819,False,48,5,0.8,euclidean,random,StandardScaler_per_sample_dimension
NCCN1CC2=CC(Br)=CC=C2C1=O,-7.379688,8.853159,False,48,5,0.8,euclidean,random,StandardScaler_per_sample_dimension
NCCN1CC2=CC=C(Br)C(Br)=C2C1,-6.2206345,9.550976,False,48,5,0.8,euclidean,random,StandardScaler_per_sample_dimension
NCCN1CC2=CC=C(Br)C=C2C1=O,26.378017,-0.30303648,False,48,5,0.8,euclidean,random,StandardScaler_per_sample_dimension
NCCN1CC2=CC=CC(Br)=C2C1=O,12.078305,9.132879,False,48,5,0.8,euclidean,random,StandardScaler_per_sample_dimension
O=CCN1CC2=C(Br)C=CC=C2C1=O,26.488428,-0.38596207,False,48,5,0.8,euclidean,random,StandardScaler_per_sample_dimension
O=CCN1CC2=C(C1)C(Br)=C(Br)C=C2,-6.0659533,8.09586,False,48,5,0.8,euclidean,random,StandardScaler_per_sample_dimension
O=CCN1CC2=C(C1)C(Br)=CC(Br)=C2,-7.1998243,9.959001,False,48,5,0.8,euclidean,random,StandardScaler_per_sample_dimension
O=CCN1CC2=C(C1=O)C(Br)=CC=C2,-4.4536223,8.477392,False,48,5,0.8,euclidean,random,StandardScaler_per_sample_dimension
O=CCN1CC2=C(C=C(Br)C=C2)C1=O,-7.339126,10.146069,False,48,5,0.8,euclidean,random,StandardScaler_per_sample_dimension
O=CCN1CC2=C(C=CC(Br)=C2)C1=O,11.444346,10.616236,False,48,5,0.8,euclidean,random,StandardScaler_per_sample_dimension
O=CCN1CC2=C(C=CC=C2Br)C1=O,-6.158615,8.066999,False,48,5,0.8,euclidean,random,StandardScaler_per_sample_dimension
O=CCN1CC2=CC(Br)=CC(Br)=C2C1,-7.6733446,8.8602705,False,48,5,0.8,euclidean,random,StandardScaler_per_sample_dimension
O=CCN1CC2=CC(Br)=CC=C2C1=O,-7.743603,8.704717,False,48,5,0.8,euclidean,random,StandardScaler_per_sample_dimension
O=CCN1CC2=CC=C(Br)C(Br)=C2C1,-6.217551,9.656716,False,48,5,0.8,euclidean,random,StandardScaler_per_sample_dimension
O=CCN1CC2=CC=C(Br)C=C2C1=O,-6.223799,9.369215,False,48,5,0.8,euclidean,random,StandardScaler_per_sample_dimension
O=CCN1CC2=CC=CC(Br)=C2C1=O,-4.356063,8.372285,False,48,5,0.8,euclidean,random,StandardScaler_per_sample_dimension
CC(C(N)=O)N1CC2=C(C1)C(Br)=CC=C2,12.03813,9.033869,False,48,5,0.8,euclidean,random,StandardScaler_per_sample_dimension
CC(C(N)=O)N1CC2=C(C=C(Br)C=C2)C1,-6.4681883,9.6320915,False,48,5,0.8,euclidean,random,StandardScaler_per_sample_dimension
CC(C(N)=O)N1CC2=CC=C(Br)C=C2C1,11.997291,9.141366,False,48,5,0.8,euclidean,random,StandardScaler_per_sample_dimension
CC(C(N)=O)N1CC2=CC=CC(Br)=C2C1,-6.2724595,8.080413,False,48,5,0.8,euclidean,random,StandardScaler_per_sample_dimension
CC(C=O)N1CC2=C(Br)C=CC=C2C1=O,-7.4523187,10.093692,False,48,5,0.8,euclidean,random,StandardScaler_per_sample_dimension
CC(C=O)N1CC2=C(C1)C(Br)=C(Br)C=C2,11.6149235,10.324088,False,48,5,0.8,euclidean,random,StandardScaler_per_sample_dimension
CC(C=O)N1CC2=C(C1=O)C(Br)=CC=C2,12.14318,9.05883,False,48,5,0.8,euclidean,random,StandardScaler_per_sample_dimension
CC(C=O)N1CC2=C(C=C(Br)C=C2)C1=O,-7.207853,10.160373,False,48,5,0.8,euclidean,random,StandardScaler_per_sample_dimension
CC(C=O)N1CC2=C(C=CC=C2Br)C1=O,-5.5940113,25.778383,False,48,5,0.8,euclidean,random,StandardScaler_per_sample_dimension
CC(C=O)N1CC2=CC=C(Br)C(Br)=C2C1,-6.2675056,9.407937,False,48,5,0.8,euclidean,random,StandardScaler_per_sample_dimension
CC(C=O)N1CC2=CC=C(Br)C=C2C1=O,-6.108096,8.222715,False,48,5,0.8,euclidean,random,StandardScaler_per_sample_dimension
CC(C=O)N1CC2=CC=CC(Br)=C2C1=O,-6.1824837,8.147783,False,48,5,0.8,euclidean,random,StandardScaler_per_sample_dimension
CC(CN)N1CC2=C(Br)C=CC=C2C1=O,11.497321,10.467653,False,48,5,0.8,euclidean,random,StandardScaler_per_sample_dimension
CC(CN)N1CC2=C(C1)C(Br)=C(Br)C=C2,11.954248,9.175247,False,48,5,0.8,euclidean,random,StandardScaler_per_sample_dimension
CC(CN)N1CC2=C(C1=O)C(Br)=CC=C2,26.582691,-0.44836915,False,48,5,0.8,euclidean,random,StandardScaler_per_sample_dimension
CC(CN)N1CC2=C(C=C(Br)C=C2)C1=O,-5.5309443,25.722193,False,48,5,0.8,euclidean,random,StandardScaler_per_sample_dimension
CC(CN)N1CC2=C(C=CC=C2Br)C1=O,-4.4427266,8.487491,False,48,5,0.8,euclidean,random,StandardScaler_per_sample_dimension
CC(CN)N1CC2=CC=C(Br)C(Br)=C2C1,-6.3557835,9.609905,False,48,5,0.8,euclidean,random,StandardScaler_per_sample_dimension
CC(CN)N1CC2=CC=C(Br)C=C2C1=O,-6.676085,8.952165,False,48,5,0.8,euclidean,random,StandardScaler_per_sample_dimension
CC(CN)N1CC2=CC=CC(Br)=C2C1=O,-5.2770424,25.45456,False,48,5,0.8,euclidean,random,StandardScaler_per_sample_dimension
NC(=O)CN1CC2=C(Br)C=CC=C2C1=O,-5.7461376,25.915682,False,48,5,0.8,euclidean,random,StandardScaler_per_sample_dimension
NC(=O)CN1CC2=C(C1)C(Br)=C(Br)C=C2,26.465693,-0.41710696,False,48,5,0.8,euclidean,random,StandardScaler_per_sample_dimension
NC(=O)CN1CC2=C(C1=O)C(Br)=CC=C2,-5.9623146,8.874506,False,48,5,0.8,euclidean,random,StandardScaler_per_sample_dimension
NC(=O)CN1CC2=C(C=C(Br)C=C2)C1=O,-6.1380405,8.259537,False,48,5,0.8,euclidean,random,StandardScaler_per_sample_dimension
NC(=O)CN1CC2=C(C=CC=C2Br)C1=O,-7.348052,10.266,False,48,5,0.8,euclidean,random,StandardScaler_per_sample_dimension
NC(=O)CN1CC2=CC=C(Br)C(Br)=C2C1,-5.597528,25.84652,False,48,5,0.8,euclidean,random,StandardScaler_per_sample_dimension
NC(=O)CN1CC2=CC=C(Br)C=C2C1=O,11.050002,9.85212,False,48,5,0.8,euclidean,random,StandardScaler_per_sample_dimension
NC(=O)CN1CC2=CC=CC(Br)=C2C1=O,-7.6578183,8.583485,False,48,5,0.8,euclidean,random,StandardScaler_per_sample_dimension
NCCN1C(=O)C2=C(C1=O)C(Br)=CC=C2,-7.1831083,10.204588,False,48,5,0.8,euclidean,random,StandardScaler_per_sample_dimension
NCCN1C(=O)C2=CC=CC(Br)=C2C1=O,12.203347,8.907366,False,48,5,0.8,euclidean,random,StandardScaler_per_sample_dimension
NCCN1CC2=C(C1=O)C(Br)=C(Br)C=C2,11.169657,9.511483,False,48,5,0.8,euclidean,random,StandardScaler_per_sample_dimension
NCCN1CC2=CC=C(Br)C(Br)=C2C1=O,11.191645,9.518597,False,48,5,0.8,euclidean,random,StandardScaler_per_sample_dimension
O=CCN1C(=O)C2=C(C1=O)C(Br)=CC=C2,-7.227536,10.241735,False,48,5,0.8,euclidean,random,StandardScaler_per_sample_dimension
O=CCN1C(=O)C2=CC=CC(Br)=C2C1=O,-7.7285542,8.850952,False,48,5,0.8,euclidean,random,StandardScaler_per_sample_dimension
O=CCN1CC2=C(C1=O)C(Br)=C(Br)C=C2,-6.30874,9.471732,False,48,5,0.8,euclidean,random,StandardScaler_per_sample_dimension
O=CCN1CC2=CC=C(Br)C(Br)=C2C1=O,11.325451,10.3302765,False,48,5,0.8,euclidean,random,StandardScaler_per_sample_dimension
CC(C(N)=O)N1CC2=C(C1=O)C(Br)=CC=C2,-7.6789956,8.764013,False,48,5,0.8,euclidean,random,StandardScaler_per_sample_dimension
CC(C(N)=O)N1CC2=CC=CC(Br)=C2C1=O,-7.8463764,8.622272,False,48,5,0.8,euclidean,random,StandardScaler_per_sample_dimension
COC1=CC(C=O)=CC=C1,18.299204,-15.726591,False,48,5,0.8,euclidean,random,StandardScaler_per_sample_dimension
CCCPO,7.9978127,-5.3192596,False,48,5,0.8,euclidean,random,StandardScaler_per_sample_dimension
CCC[PH](=O)O,8.170345,-5.2905574,False,48,5,0.8,euclidean,random,StandardScaler_per_sample_dimension
C=NC1=CC=CC=C1,17.407694,9.456878,True,48,5,0.8,euclidean,random,StandardScaler_per_sample_dimension
CC=NC1=CC=CC=C1,17.375298,9.434486,False,48,5,0.8,euclidean,random,StandardScaler_per_sample_dimension
CCCCCCC1=CC=CC=C1,17.707048,7.000508,True,48,5,0.8,euclidean,random,StandardScaler_per_sample_dimension
CCl,7.875942,23.850275,False,48,5,0.8,euclidean,random,StandardScaler_per_sample_dimension
CCCCCCNCC1=CC=CC=C1,10.68232,-3.7658856,True,48,5,0.8,euclidean,random,StandardScaler_per_sample_dimension
C1=CC=C(CCNC2=CC=CC=C2)C=C1,12.649328,6.653985,True,48,5,0.8,euclidean,random,StandardScaler_per_sample_dimension
O=C(CC1=CC=CC=C1)NC1=CC=CC=C1,12.561878,6.6245556,False,48,5,0.8,euclidean,random,StandardScaler_per_sample_dimension
CCCCCNCC1=CC=CC=C1,10.446761,-3.9484127,True,48,5,0.8,euclidean,random,StandardScaler_per_sample_dimension
CNC1=CC=C(CN)C=C1,15.12177,13.272387,False,48,5,0.8,euclidean,random,StandardScaler_per_sample_dimension
CNC1=CC=C(C(N)=O)C=C1,14.893257,13.452947,False,48,5,0.8,euclidean,random,StandardScaler_per_sample_dimension
CNCC1=CC=C(NC)C=C1,15.002113,13.313658,False,48,5,0.8,euclidean,random,StandardScaler_per_sample_dimension
CNC(=O)C1=CC=C(NC)C=C1,15.157785,13.288408,False,48,5,0.8,euclidean,random,StandardScaler_per_sample_dimension
O=CCC=O,-5.840271,6.7213173,True,48,5,0.8,euclidean,random,StandardScaler_per_sample_dimension
CCCOC(=O)C1=CC=CC=C1,-1.2601022,-5.7976775,False,48,5,0.8,euclidean,random,StandardScaler_per_sample_dimension
CC1=CC=C(OPC2=CC=CC=C2)C=C1,-6.967137,20.965624,False,48,5,0.8,euclidean,random,StandardScaler_per_sample_dimension
CC1=CC=C(N2CC3=C(C=CC=C3)C2)C=C1,16.3789,2.5172954,False,48,5,0.8,euclidean,random,StandardScaler_per_sample_dimension
CC1=CC=C(N2CC3=CC=CC=C3C2)C=C1,16.402012,2.298221,False,48,5,0.8,euclidean,random,StandardScaler_per_sample_dimension
CC1=CC=C(O[PH](=O)C2=CC=CC=C2)C=C1,-7.057191,21.110838,False,48,5,0.8,euclidean,random,StandardScaler_per_sample_dimension
NCCN1CC2=C(Br)C=CC(Br)=C2C1,-13.271276,16.211113,False,48,5,0.8,euclidean,random,StandardScaler_per_sample_dimension
NCCN1CC2=C(C1)C(Br)=CC=C2Br,-13.277693,16.184732,False,48,5,0.8,euclidean,random,StandardScaler_per_sample_dimension
NCCN1CC2=C(C=C(Br)C(Br)=C2)C1,-13.115794,16.321224,False,48,5,0.8,euclidean,random,StandardScaler_per_sample_dimension
NCCN1CC2=CC(Br)=C(Br)C=C2C1,-13.015389,16.404474,False,48,5,0.8,euclidean,random,StandardScaler_per_sample_dimension
O=CCN1CC2=C(Br)C=CC(Br)=C2C1,-13.2203865,16.218342,False,48,5,0.8,euclidean,random,StandardScaler_per_sample_dimension
O=CCN1CC2=C(C1)C(Br)=CC=C2Br,-13.307915,16.173721,False,48,5,0.8,euclidean,random,StandardScaler_per_sample_dimension
O=CCN1CC2=C(C=C(Br)C(Br)=C2)C1,-13.151152,16.325762,False,48,5,0.8,euclidean,random,StandardScaler_per_sample_dimension
O=CCN1CC2=CC(Br)=C(Br)C=C2C1,-13.200673,16.258505,False,48,5,0.8,euclidean,random,StandardScaler_per_sample_dimension
CC1=CC(C(C)C)=CC=C1,-3.6063335,19.34634,False,48,5,0.8,euclidean,random,StandardScaler_per_sample_dimension
CC1=CC=CC(C(C)C)=C1,-3.5649035,19.296854,False,48,5,0.8,euclidean,random,StandardScaler_per_sample_dimension
CCNC(=O)CCCCC=O,7.7985535,6.263027,False,48,5,0.8,euclidean,random,StandardScaler_per_sample_dimension
CCCNCCCCCC=O,8.095214,6.145237,False,48,5,0.8,euclidean,random,StandardScaler_per_sample_dimension
CCCNC(=O)CCCCC=O,8.171709,5.8353453,False,48,5,0.8,euclidean,random,StandardScaler_per_sample_dimension
CCCCCCCNC(C)=O,1.3398725,8.802914,False,48,5,0.8,euclidean,random,StandardScaler_per_sample_dimension
CCCC1=CC(C)=CC=C1,-5.1326594,20.388088,True,48,5,0.8,euclidean,random,StandardScaler_per_sample_dimension
CCCC1=CC=CC(C)=C1,-4.9714227,20.23702,False,48,5,0.8,euclidean,random,StandardScaler_per_sample_dimension
C/C=C/C1=CC=C(O)C=C1,15.639923,26.908789,False,48,5,0.8,euclidean,random,StandardScaler_per_sample_dimension
C/C=C/C1=CC=CC(O)=C1,15.891281,27.160421,False,48,5,0.8,euclidean,random,StandardScaler_per_sample_dimension
C/C=C/C1=CC=C(O)C(O)=C1,15.683258,26.948696,False,48,5,0.8,euclidean,random,StandardScaler_per_sample_dimension
CC/C=C/C1=CC=C(O)C=C1,15.679029,26.937382,False,48,5,0.8,euclidean,random,StandardScaler_per_sample_dimension
CC/C=C/C1=CC=CC(O)=C1,15.644294,27.017607,False,48,5,0.8,euclidean,random,StandardScaler_per_sample_dimension
CC/C=C/C1=CC=C(O)C(O)=C1,15.9914255,27.265959,False,48,5,0.8,euclidean,random,StandardScaler_per_sample_dimension
C/C=C/C1=CC=CC(OC)=C1,15.517529,26.768345,False,48,5,0.8,euclidean,random,StandardScaler_per_sample_dimension
C/C=C/C1=CC=C(O)C(OC)=C1,15.5130415,26.76814,False,48,5,0.8,euclidean,random,StandardScaler_per_sample_dimension
CC/C=C/C1=CC=CC(OC)=C1,15.428668,26.672539,False,48,5,0.8,euclidean,random,StandardScaler_per_sample_dimension
CC/C=C/C1=CC=C(O)C(OC)=C1,15.870197,27.16076,False,48,5,0.8,euclidean,random,StandardScaler_per_sample_dimension
C1=CNC=N1,13.575539,25.902552,True,48,5,0.8,euclidean,random,StandardScaler_per_sample_dimension
C1=CC=C(C2=NC=CN2)C=C1,13.501318,25.942492,False,48,5,0.8,euclidean,random,StandardScaler_per_sample_dimension
C=CC1=CC=CC(O)=C1,5.2223554,27.64116,False,48,5,0.8,euclidean,random,StandardScaler_per_sample_dimension
C=CC1=CC=C(O)C(O)=C1,6.0409045,26.419868,False,48,5,0.8,euclidean,random,StandardScaler_per_sample_dimension
O=CC1=CC(OC2=CC=CC=C2)=CC=C1,18.301697,-15.508463,False,48,5,0.8,euclidean,random,StandardScaler_per_sample_dimension
O=CC1=CC=CC(OC2=CC=CC=C2)=C1,18.361025,-15.730163,False,48,5,0.8,euclidean,random,StandardScaler_per_sample_dimension
C=CC1=CC=CC(OC)=C1,6.489079,27.519003,False,48,5,0.8,euclidean,random,StandardScaler_per_sample_dimension
C=CC1=CC=C(O)C(OC)=C1,5.410689,27.477348,False,48,5,0.8,euclidean,random,StandardScaler_per_sample_dimension
CC1=CC(P)=CC=C1,-4.199402,12.416225,True,48,5,0.8,euclidean,random,StandardScaler_per_sample_dimension
CC1=CC=CC(P)=C1,-4.104889,12.530841,False,48,5,0.8,euclidean,random,StandardScaler_per_sample_dimension
CC1=CC(P=O)=CC=C1,-4.251503,12.477557,False,48,5,0.8,euclidean,random,StandardScaler_per_sample_dimension
CC1=CC=CC(P=O)=C1,-4.239944,12.478739,False,48,5,0.8,euclidean,random,StandardScaler_per_sample_dimension
C=CC=O,6.379183,0.789732,False,48,5,0.8,euclidean,random,StandardScaler_per_sample_dimension
CCCOC(=O)CC,0.65604925,-3.41431,True,48,5,0.8,euclidean,random,StandardScaler_per_sample_dimension
O=COC1=CC=C(O)C=C1,-22.678957,6.9762926,True,48,5,0.8,euclidean,random,StandardScaler_per_sample_dimension
CCNC1=CC(N)=CC=C1,-4.0217085,-11.807807,False,48,5,0.8,euclidean,random,StandardScaler_per_sample_dimension
CCNC1=CC=CC(N)=C1,-3.9212332,-11.948715,False,48,5,0.8,euclidean,random,StandardScaler_per_sample_dimension
NC1=CC(NC=O)=CC=C1,-3.9473634,-11.82252,False,48,5,0.8,euclidean,random,StandardScaler_per_sample_dimension
NC1=CC=CC(NC=O)=C1,-3.868636,-11.719632,False,48,5,0.8,euclidean,random,StandardScaler_per_sample_dimension
CC(=O)NC1=CC(N)=CC=C1,-4.003337,-11.775069,False,48,5,0.8,euclidean,random,StandardScaler_per_sample_dimension
CC(=O)NC1=CC=CC(N)=C1,-4.0301676,-11.861729,False,48,5,0.8,euclidean,random,StandardScaler_per_sample_dimension
COCC1=CC=C(N)C=C1,23.984621,0.6642383,False,48,5,0.8,euclidean,random,StandardScaler_per_sample_dimension
CC1=CC(CNC2=CC(C)=CC=C2)=CC=C1,1.0687665,28.66439,True,48,5,0.8,euclidean,random,StandardScaler_per_sample_dimension
CC1=CC(CNC2=CC=CC(C)=C2)=CC=C1,1.2789812,28.878958,False,48,5,0.8,euclidean,random,StandardScaler_per_sample_dimension
CC1=CC=CC(CNC2=CC=CC(C)=C2)=C1,1.0888561,28.682356,False,48,5,0.8,euclidean,random,StandardScaler_per_sample_dimension
CC1=CC(NC(=O)C2=CC=CC(C)=C2)=CC=C1,1.0569932,28.650482,False,48,5,0.8,euclidean,random,StandardScaler_per_sample_dimension
CC1=CC=CC(NC(=O)C2=CC=CC(C)=C2)=C1,1.0884938,28.68348,False,48,5,0.8,euclidean,random,StandardScaler_per_sample_dimension
CCCCOC=O,0.572465,-5.1509748,True,48,5,0.8,euclidean,random,StandardScaler_per_sample_dimension
NC1=CC=C(CNC2=CC=CC=C2)C=C1,25.555502,3.5987172,False,48,5,0.8,euclidean,random,StandardScaler_per_sample_dimension
NC1=CC=C(C(=O)NC2=CC=CC=C2)C=C1,25.617455,3.554539,False,48,5,0.8,euclidean,random,StandardScaler_per_sample_dimension
OC1=CC=C(C(CF)C(F)F)C=C1,10.644763,-1.4977133,False,48,5,0.8,euclidean,random,StandardScaler_per_sample_dimension
CC(CF)C1=CC=C(O)C=C1,10.746854,-1.5827438,False,48,5,0.8,euclidean,random,StandardScaler_per_sample_dimension
CC(C1=CC=C(O)C=C1)C(F)F,10.775157,-1.5942618,False,48,5,0.8,euclidean,random,StandardScaler_per_sample_dimension
OC1=CC=C(C(CF)CF)C=C1,10.901644,-1.3110515,False,48,5,0.8,euclidean,random,StandardScaler_per_sample_dimension
OC1=CC=C(CCF)C=C1,10.73497,-0.8705787,False,48,5,0.8,euclidean,random,StandardScaler_per_sample_dimension
OC1=CC=C(CC(F)F)C=C1,11.059959,-0.91913724,False,48,5,0.8,euclidean,random,StandardScaler_per_sample_dimension
OC1=CC=C(C(CF)C2=CC=CC=C2)C=C1,10.952397,-0.81594086,False,48,5,0.8,euclidean,random,StandardScaler_per_sample_dimension
CC(CF)(C1=CC=CC=C1)C1=CC=C(O)C=C1,10.963062,-0.9386338,False,48,5,0.8,euclidean,random,StandardScaler_per_sample_dimension
OC1=CC=C(C(C2=CC=CC=C2)C(F)F)C=C1,10.787108,-1.1072083,False,48,5,0.8,euclidean,random,StandardScaler_per_sample_dimension
CC(C1=CC=C(O)C=C1)C(F)(F)F,10.864794,-0.33523485,False,48,5,0.8,euclidean,random,StandardScaler_per_sample_dimension
CCCCCCCCNC=O,0.03657692,9.480373,False,48,5,0.8,euclidean,random,StandardScaler_per_sample_dimension
CCC1=CC=C(CC)C=C1,-9.865632,5.940679,True,48,5,0.8,euclidean,random,StandardScaler_per_sample_dimension
CC1=CC=C(C(C)C)C=C1,-10.060203,5.723584,False,48,5,0.8,euclidean,random,StandardScaler_per_sample_dimension
CC(C)CCCN,-8.290878,4.8765883,True,48,5,0.8,euclidean,random,StandardScaler_per_sample_dimension
OC1=CC=C(CC(F)(F)F)C=C1,10.574113,0.39092007,False,48,5,0.8,euclidean,random,StandardScaler_per_sample_dimension
NC1=NC=NC=N1,-1.9042872,-11.003237,False,48,5,0.8,euclidean,random,StandardScaler_per_sample_dimension
CNCC1=CC(CC2=CC=CC=C2)=CC=C1,14.068998,10.564522,True,48,5,0.8,euclidean,random,StandardScaler_per_sample_dimension
CNCC1=CC=CC(CC2=CC=CC=C2)=C1,13.857023,10.607802,False,48,5,0.8,euclidean,random,StandardScaler_per_sample_dimension
CC1=CC(PC2=CC=CC=C2)=CC=C1,-5.3641753,-14.3420105,True,48,5,0.8,euclidean,random,StandardScaler_per_sample_dimension
CC1=CC([PH](=O)C2=CC=CC=C2)=CC=C1,-5.3814397,-14.259431,False,48,5,0.8,euclidean,random,StandardScaler_per_sample_dimension
CC1=CC(N2CC3=C(C=CC=C3)C2=O)=CC=C1,8.565664,-9.4958935,True,48,5,0.8,euclidean,random,StandardScaler_per_sample_dimension
CC1=CC(N2CC3=CC=CC=C3C2=O)=CC=C1,8.673348,-9.606414,False,48,5,0.8,euclidean,random,StandardScaler_per_sample_dimension
CC1=CC=CC(N2CC3=C(C=CC=C3)C2=O)=C1,8.483161,-9.37094,False,48,5,0.8,euclidean,random,StandardScaler_per_sample_dimension
CC1=CC=CC(N2CC3=CC=CC=C3C2=O)=C1,8.749407,-9.827731,False,48,5,0.8,euclidean,random,StandardScaler_per_sample_dimension
COC(C)C,-0.30365103,19.676262,False,48,5,0.8,euclidean,random,StandardScaler_per_sample_dimension
C=CCCCC=O,7.9346757,1.0788519,False,48,5,0.8,euclidean,random,StandardScaler_per_sample_dimension
CCC1=CC=C(NC)C=C1,-9.256505,18.23261,False,48,5,0.8,euclidean,random,StandardScaler_per_sample_dimension
NCCCC1=CC=CC=C1,12.723765,5.1983733,True,48,5,0.8,euclidean,random,StandardScaler_per_sample_dimension
NC(=O)CCC1=CC=CC=C1,12.768027,5.09705,False,48,5,0.8,euclidean,random,StandardScaler_per_sample_dimension
CC1CCC(C)CC1,6.7651124,2.0733206,True,48,5,0.8,euclidean,random,StandardScaler_per_sample_dimension
NCC1=CC(CC2=CC=CC=C2)=CC=C1,13.792616,10.302419,False,48,5,0.8,euclidean,random,StandardScaler_per_sample_dimension
NCC1=CC=CC(CC2=CC=CC=C2)=C1,13.748086,10.317866,False,48,5,0.8,euclidean,random,StandardScaler_per_sample_dimension
NC1=CC=C(CC2=CC=CC=C2)C=C1,-9.070026,17.940773,False,48,5,0.8,euclidean,random,StandardScaler_per_sample_dimension
CCCOCCO,6.53074,0.20824726,False,48,5,0.8,euclidean,random,StandardScaler_per_sample_dimension
CCOCC1=CC(NC)=CC=C1,9.704922,-17.990717,False,48,5,0.8,euclidean,random,StandardScaler_per_sample_dimension
CCOC(=O)C1=CC(NC)=CC=C1,9.361094,-18.073519,False,48,5,0.8,euclidean,random,StandardScaler_per_sample_dimension
CCOCC1=CC(NC=O)=CC=C1,9.24732,-17.928995,False,48,5,0.8,euclidean,random,StandardScaler_per_sample_dimension
CCOC(=O)C1=CC(NC=O)=CC=C1,9.820744,-18.245377,False,48,5,0.8,euclidean,random,StandardScaler_per_sample_dimension
CNCC1=CC=CC(O)=C1,11.027247,8.387098,False,48,5,0.8,euclidean,random,StandardScaler_per_sample_dimension
C(=N/C1=CC=CC=C1)\C1=CC=CC=C1,17.312471,9.515346,False,48,5,0.8,euclidean,random,StandardScaler_per_sample_dimension
C(=NC1=CC=CC=C1)C1=CC=CC=C1,17.353949,9.404817,False,48,5,0.8,euclidean,random,StandardScaler_per_sample_dimension
NCCO,12.825526,13.467938,False,48,5,0.8,euclidean,random,StandardScaler_per_sample_dimension
CCCP(O)C1=CC=CC=C1,7.9674377,-5.277594,False,48,5,0.8,euclidean,random,StandardScaler_per_sample_dimension
CCCP(=O)(O)C1=CC=CC=C1,7.906976,-5.050288,False,48,5,0.8,euclidean,random,StandardScaler_per_sample_dimension
OCC1=CC(NCC2=CC=CC=C2)=CC=C1,7.191683,-12.078171,True,48,5,0.8,euclidean,random,StandardScaler_per_sample_dimension
COCC1=CC(NCC2=CC=CC=C2)=CC=C1,6.9427333,-11.805378,False,48,5,0.8,euclidean,random,StandardScaler_per_sample_dimension
O=C(NC1=CC=CC(CO)=C1)C1=CC=CC=C1,7.191367,-12.131338,False,48,5,0.8,euclidean,random,StandardScaler_per_sample_dimension
O=C(O)C1=CC(NCC2=CC=CC=C2)=CC=C1,7.083362,-12.001612,False,48,5,0.8,euclidean,random,StandardScaler_per_sample_dimension
NCCCCCN,-4.0523963,3.2053747,True,48,5,0.8,euclidean,random,StandardScaler_per_sample_dimension
CCC(=O)OCCO,6.723593,0.28418684,False,48,5,0.8,euclidean,random,StandardScaler_per_sample_dimension
CCCC(=O)OCC,0.20377752,-3.207533,True,48,5,0.8,euclidean,random,StandardScaler_per_sample_dimension
OCC1=CC=C(O)C=C1,21.664772,5.455408,False,48,5,0.8,euclidean,random,StandardScaler_per_sample_dimension
COCC1=CC=C(O)C=C1,21.728342,5.3567033,False,48,5,0.8,euclidean,random,StandardScaler_per_sample_dimension
CCOCC1=CC=C(O)C=C1,21.942305,5.184012,False,48,5,0.8,euclidean,random,StandardScaler_per_sample_dimension
CC1=CC(N2CC3=C(C=CC=C3)C2)=CC=C1,9.155344,-10.136647,False,48,5,0.8,euclidean,random,StandardScaler_per_sample_dimension
CC1=CC(N2CC3=CC=CC=C3C2)=CC=C1,9.073226,-10.066511,False,48,5,0.8,euclidean,random,StandardScaler_per_sample_dimension
CC1=CC=CC(N2CC3=C(C=CC=C3)C2)=C1,8.8135605,-9.738085,False,48,5,0.8,euclidean,random,StandardScaler_per_sample_dimension
CC1=CC=CC(N2CC3=CC=CC=C3C2)=C1,9.169369,-10.094836,False,48,5,0.8,euclidean,random,StandardScaler_per_sample_dimension
CC1=CC=C(CNC2=CC(C)=CC=C2)C=C1,9.642903,-10.54132,True,48,5,0.8,euclidean,random,StandardScaler_per_sample_dimension
CC1=CC=C(CNC2=CC=CC(C)=C2)C=C1,9.599518,-10.507392,False,48,5,0.8,euclidean,random,StandardScaler_per_sample_dimension
NCC1=CC=C(CNC2=CC=CC=C2)C=C1,6.5061502,17.174047,True,48,5,0.8,euclidean,random,StandardScaler_per_sample_dimension
CC1=CC=C(C(=O)NC2=CC(C)=CC=C2)C=C1,9.798502,-10.543048,False,48,5,0.8,euclidean,random,StandardScaler_per_sample_dimension
CC1=CC=C(C(=O)NC2=CC=CC(C)=C2)C=C1,9.681951,-10.631753,False,48,5,0.8,euclidean,random,StandardScaler_per_sample_dimension
NC1=C(O)C=CC=C1,14.633256,21.704596,True,48,5,0.8,euclidean,random,StandardScaler_per_sample_dimension
NC1=CC=CC=C1O,14.4186535,21.89442,False,48,5,0.8,euclidean,random,StandardScaler_per_sample_dimension
COC1=CC=C(S)C=C1,-0.9374102,18.364523,False,48,5,0.8,euclidean,random,StandardScaler_per_sample_dimension
NCC1=CC=CC(O)=C1,11.112635,8.692163,False,48,5,0.8,euclidean,random,StandardScaler_per_sample_dimension
COC1=CC=C(SC2=CC=CC=C2)C=C1,-0.92654693,18.32186,False,48,5,0.8,euclidean,random,StandardScaler_per_sample_dimension
C1=CC=C(CCCNC2=CC=CC=C2)C=C1,13.370862,4.50086,True,48,5,0.8,euclidean,random,StandardScaler_per_sample_dimension
O=C(CCC1=CC=CC=C1)NC1=CC=CC=C1,13.463414,4.4494004,False,48,5,0.8,euclidean,random,StandardScaler_per_sample_dimension
NC1=CC=C(C(=O)O)C=C1,23.896751,0.5720224,False,48,5,0.8,euclidean,random,StandardScaler_per_sample_dimension
CC1=C(CO)C=CC=C1,27.286308,16.6505,False,48,5,0.8,euclidean,random,StandardScaler_per_sample_dimension
CC1=CC=CC=C1CO,27.31506,16.634209,False,48,5,0.8,euclidean,random,StandardScaler_per_sample_dimension
CC1=C(C(=O)O)C=CC=C1,27.148954,16.777658,False,48,5,0.8,euclidean,random,StandardScaler_per_sample_dimension
CC1=CC=CC=C1C(=O)O,27.29095,16.782785,False,48,5,0.8,euclidean,random,StandardScaler_per_sample_dimension
O=CC1=C(CO)C=CC=C1,26.978699,16.506062,False,48,5,0.8,euclidean,random,StandardScaler_per_sample_dimension
O=CC1=CC=CC=C1CO,27.177794,16.75961,False,48,5,0.8,euclidean,random,StandardScaler_per_sample_dimension
CC1=CC=C(NCC2=CC=C(C=O)C=C2)C=C1,16.576962,2.221127,True,48,5,0.8,euclidean,random,StandardScaler_per_sample_dimension
O=CCCPO,-1.9111425,12.33621,False,48,5,0.8,euclidean,random,StandardScaler_per_sample_dimension
O=CCC[PH](=O)O,-2.0391872,12.138841,False,48,5,0.8,euclidean,random,StandardScaler_per_sample_dimension
CCCCOC(C)=O,0.6657207,-5.245927,False,48,5,0.8,euclidean,random,StandardScaler_per_sample_dimension
CCP(OC)C1=CC=CC=C1,4.2071195,-9.396495,False,48,5,0.8,euclidean,random,StandardScaler_per_sample_dimension
CCP(=O)(OC)C1=CC=CC=C1,4.208439,-9.3890085,False,48,5,0.8,euclidean,random,StandardScaler_per_sample_dimension
O=CCCP(O)C1=CC=CC=C1,-2.1005645,12.119724,False,48,5,0.8,euclidean,random,StandardScaler_per_sample_dimension
O=CCCP(=O)(O)C1=CC=CC=C1,-2.2474923,12.109201,False,48,5,0.8,euclidean,random,StandardScaler_per_sample_dimension
NCC1=CC=C(CN)C=C1,6.6511354,17.520733,True,48,5,0.8,euclidean,random,StandardScaler_per_sample_dimension
NC1=CC(COCCO)=CC=C1,1.9762751,26.200577,False,48,5,0.8,euclidean,random,StandardScaler_per_sample_dimension
NC1=CC=CC(COCCO)=C1,2.098095,26.422134,False,48,5,0.8,euclidean,random,StandardScaler_per_sample_dimension
NC1=CC(C(=O)OCCO)=CC=C1,2.0331194,26.57613,False,48,5,0.8,euclidean,random,StandardScaler_per_sample_dimension
NC1=CC=CC(C(=O)OCCO)=C1,2.227882,26.554295,False,48,5,0.8,euclidean,random,StandardScaler_per_sample_dimension
CCCCCCCCCCC,14.939557,5.8465796,True,48,5,0.8,euclidean,random,StandardScaler_per_sample_dimension
CCCCCCCN(C)C,-8.20331,4.682581,True,48,5,0.8,euclidean,random,StandardScaler_per_sample_dimension
CCCNCCCCCCN,8.482798,4.5796084,False,48,5,0.8,euclidean,random,StandardScaler_per_sample_dimension
CNC1=NC=NC=N1,-1.7678456,-10.813919,False,48,5,0.8,euclidean,random,StandardScaler_per_sample_dimension
CCNCCCCCN,-4.4728117,2.6584153,False,48,5,0.8,euclidean,random,StandardScaler_per_sample_dimension
CCCCNC1=CC(C=O)=CC=C1,4.469833,-12.966246,False,48,5,0.8,euclidean,random,StandardScaler_per_sample_dimension
CCCCNC1=CC=CC(C=O)=C1,4.289107,-12.744576,False,48,5,0.8,euclidean,random,StandardScaler_per_sample_dimension
CC(C)CCC(N)=O,-8.4334955,4.694319,False,48,5,0.8,euclidean,random,StandardScaler_per_sample_dimension
CNCCCCCN,-4.4914083,2.6805384,False,48,5,0.8,euclidean,random,StandardScaler_per_sample_dimension
NC1=CC=C([SH]=O)C=C1,10.14428,22.038183,False,48,5,0.8,euclidean,random,StandardScaler_per_sample_dimension
OC1=C(Br)C=CC=C1,23.58684,7.018851,False,48,5,0.8,euclidean,random,StandardScaler_per_sample_dimension
OC1=CC=CC=C1Br,23.482159,6.8755574,False,48,5,0.8,euclidean,random,StandardScaler_per_sample_dimension
CCC(C)CC(=O)NC1=CC=CC=C1,10.298879,3.5864706,False,48,5,0.8,euclidean,random,StandardScaler_per_sample_dimension
CCC(C)CCNC1=CC=CC=C1,10.046493,3.3066459,True,48,5,0.8,euclidean,random,StandardScaler_per_sample_dimension
CCC1=CC=C(OPC2=CC=CC=C2)C=C1,-6.934404,20.589016,False,48,5,0.8,euclidean,random,StandardScaler_per_sample_dimension
CCC1=CC=C(O[PH](=O)C2=CC=CC=C2)C=C1,-6.9309683,20.567684,False,48,5,0.8,euclidean,random,StandardScaler_per_sample_dimension
CCOCC(C)C,5.304487,-0.2944607,False,48,5,0.8,euclidean,random,StandardScaler_per_sample_dimension
CCC1=CC=C(NC=O)C=C1,-9.390309,18.2913,False,48,5,0.8,euclidean,random,StandardScaler_per_sample_dimension
CCC(=O)NCCCCCCN,8.252098,4.282682,False,48,5,0.8,euclidean,random,StandardScaler_per_sample_dimension
CNC1=CC(PC2=CC(N)=CC=C2)=CC=C1,5.0338283,-18.852339,True,48,5,0.8,euclidean,random,StandardScaler_per_sample_dimension
CNC1=CC=CC(PC2=CC=CC(N)=C2)=C1,5.1519527,-18.857147,False,48,5,0.8,euclidean,random,StandardScaler_per_sample_dimension
CNC1=CC(P(C)C2=CC(N)=CC=C2)=CC=C1,5.0765367,-18.683065,False,48,5,0.8,euclidean,random,StandardScaler_per_sample_dimension
CNC1=CC([PH](=O)C2=CC(N)=CC=C2)=CC=C1,5.019194,-18.82886,False,48,5,0.8,euclidean,random,StandardScaler_per_sample_dimension
CNC1=CC=CC([PH](=O)C2=CC=CC(N)=C2)=C1,5.019302,-18.785921,False,48,5,0.8,euclidean,random,StandardScaler_per_sample_dimension
NC1=CC(PC2=CC(NC=O)=CC=C2)=CC=C1,4.863269,-18.827091,False,48,5,0.8,euclidean,random,StandardScaler_per_sample_dimension
NC1=CC=CC(PC2=CC=CC(NC=O)=C2)=C1,5.0318537,-18.680058,False,48,5,0.8,euclidean,random,StandardScaler_per_sample_dimension
O=CCCCCCCC=O,6.2931595,2.5646424,False,48,5,0.8,euclidean,random,StandardScaler_per_sample_dimension
NC1=CC=C(S)C=C1,9.911199,22.042906,False,48,5,0.8,euclidean,random,StandardScaler_per_sample_dimension
NC1=CC=C([SH](=O)=O)C=C1,9.802753,22.294518,False,48,5,0.8,euclidean,random,StandardScaler_per_sample_dimension
NCC1=CC(C(N)=O)=CC=C1,4.896801,-7.5226846,True,48,5,0.8,euclidean,random,StandardScaler_per_sample_dimension
NCC1=CC=C(C(N)=O)C=C1,4.9715548,-7.2819276,True,48,5,0.8,euclidean,random,StandardScaler_per_sample_dimension
NCC1=CC=CC(C(N)=O)=C1,4.736629,-7.6049185,False,48,5,0.8,euclidean,random,StandardScaler_per_sample_dimension
O=C1CCCN1C1=CC=CC=C1,-3.7283037,14.617962,True,48,5,0.8,euclidean,random,StandardScaler_per_sample_dimension
CCCNC1=CC=C(C)C=C1,9.625474,12.3186865,True,48,5,0.8,euclidean,random,StandardScaler_per_sample_dimension
CCC(=O)NC1=CC=C(C)C=C1,9.689277,12.286553,False,48,5,0.8,euclidean,random,StandardScaler_per_sample_dimension
OC1=C(Br)C=CC=C1Br,23.136797,7.0801997,False,48,5,0.8,euclidean,random,StandardScaler_per_sample_dimension
CCCPOC,7.7647557,-4.8455453,False,48,5,0.8,euclidean,random,StandardScaler_per_sample_dimension
CCC[PH](=O)OC,7.7892632,-4.965159,False,48,5,0.8,euclidean,random,StandardScaler_per_sample_dimension
OC1=CC=C(OCC2=CC=CC=C2)C=C1,-22.783695,7.071247,False,48,5,0.8,euclidean,random,StandardScaler_per_sample_dimension
O=C(OC1=CC=C(O)C=C1)C1=CC=CC=C1,-22.776182,7.0685067,False,48,5,0.8,euclidean,random,StandardScaler_per_sample_dimension
CNO,8.960648,9.2226,False,48,5,0.8,euclidean,random,StandardScaler_per_sample_dimension
CNC1=C(O)C=CC=C1,14.322085,21.731031,True,48,5,0.8,euclidean,random,StandardScaler_per_sample_dimension
O=CNC1=C(O)C=CC=C1,14.474883,21.695074,False,48,5,0.8,euclidean,random,StandardScaler_per_sample_dimension
OC1=C(NCC2=CC=CC=C2)C=CC=C1,14.254017,21.664602,False,48,5,0.8,euclidean,random,StandardScaler_per_sample_dimension
O=C(NC1=C(O)C=CC=C1)C1=CC=CC=C1,14.273091,21.73476,False,48,5,0.8,euclidean,random,StandardScaler_per_sample_dimension
CCOCCCCO,0.27602902,-4.9321985,False,48,5,0.8,euclidean,random,StandardScaler_per_sample_dimension
CCCN(C)CC1=CC=CC=C1,10.73658,-6.8890567,False,48,5,0.8,euclidean,random,StandardScaler_per_sample_dimension
CCCCCCNC(=O)C1=CC=CC=C1,10.279699,-3.8020983,True,48,5,0.8,euclidean,random,StandardScaler_per_sample_dimension
COC1=CC=C(SC2=CC=C(O)C=C2)C=C1,-1.0187522,18.274557,True,48,5,0.8,euclidean,random,StandardScaler_per_sample_dimension
NCC1=CC(CNC2=CC=CC=C2)=CC=C1,4.452276,-7.844339,True,48,5,0.8,euclidean,random,StandardScaler_per_sample_dimension
NCC1=CC=CC(CNC2=CC=CC=C2)=C1,4.562223,-7.619174,False,48,5,0.8,euclidean,random,StandardScaler_per_sample_dimension
NC(=O)C1=CC(CNC2=CC=CC=C2)=CC=C1,4.500442,-7.8048515,False,48,5,0.8,euclidean,random,StandardScaler_per_sample_dimension
NC(=O)C1=CC=C(CNC2=CC=CC=C2)C=C1,6.5590444,17.292131,True,48,5,0.8,euclidean,random,StandardScaler_per_sample_dimension
NC(=O)C1=CC=CC(CNC2=CC=CC=C2)=C1,4.5798893,-7.818646,False,48,5,0.8,euclidean,random,StandardScaler_per_sample_dimension
NCC1=CC(C(=O)NC2=CC=CC=C2)=CC=C1,4.4007506,-7.900359,False,48,5,0.8,euclidean,random,StandardScaler_per_sample_dimension
NCC1=CC=C(C(=O)NC2=CC=CC=C2)C=C1,6.369007,16.939318,False,48,5,0.8,euclidean,random,StandardScaler_per_sample_dimension
NCC1=CC=CC(C(=O)NC2=CC=CC=C2)=C1,4.5931973,-7.748405,False,48,5,0.8,euclidean,random,StandardScaler_per_sample_dimension
COC(=O)C1=CC=C(N)C=C1,23.838482,0.52994704,False,48,5,0.8,euclidean,random,StandardScaler_per_sample_dimension
CCCCCNC(=O)C1=CC=CC=C1,10.3202095,-4.07472,True,48,5,0.8,euclidean,random,StandardScaler_per_sample_dimension
CNC1=CC=C(CNC2=CC=CC=C2)C=C1,15.072584,13.268463,False,48,5,0.8,euclidean,random,StandardScaler_per_sample_dimension
CNC1=CC=C(C(=O)NC2=CC=CC=C2)C=C1,15.0313425,13.044166,False,48,5,0.8,euclidean,random,StandardScaler_per_sample_dimension
NO,9.030719,9.088838,False,48,5,0.8,euclidean,random,StandardScaler_per_sample_dimension
CCPOC1=CC=CC=C1,-13.1515665,18.490816,False,48,5,0.8,euclidean,random,StandardScaler_per_sample_dimension
CC[PH](=O)OC1=CC=CC=C1,-13.297515,18.22885,False,48,5,0.8,euclidean,random,StandardScaler_per_sample_dimension
NC1=CC(PC2=CC(N)=CC=C2)=CC=C1,0.9463873,15.932106,True,48,5,0.8,euclidean,random,StandardScaler_per_sample_dimension
NC1=CC=CC(PC2=CC=CC(N)=C2)=C1,1.050494,16.118433,False,48,5,0.8,euclidean,random,StandardScaler_per_sample_dimension
CP(C1=CC=CC(N)=C1)C1=CC(N)=CC=C1,1.1404276,16.236195,False,48,5,0.8,euclidean,random,StandardScaler_per_sample_dimension
NC1=CC([PH](=O)C2=CC(N)=CC=C2)=CC=C1,0.89800864,16.135838,False,48,5,0.8,euclidean,random,StandardScaler_per_sample_dimension
NC1=CC=CC([PH](=O)C2=CC=CC(N)=C2)=C1,0.9456961,16.004305,False,48,5,0.8,euclidean,random,StandardScaler_per_sample_dimension
CP(=O)(C1=CC=CC(N)=C1)C1=CC(N)=CC=C1,0.84231967,16.210539,False,48,5,0.8,euclidean,random,StandardScaler_per_sample_dimension
CC(C)C(=O)O,-17.263798,0.21087079,False,48,5,0.8,euclidean,random,StandardScaler_per_sample_dimension
NCC1=CC(CN)=CC=C1,6.360457,18.215372,False,48,5,0.8,euclidean,random,StandardScaler_per_sample_dimension
C1=CC=C(N2CCCC2)C=C1,-3.908587,14.555688,False,48,5,0.8,euclidean,random,StandardScaler_per_sample_dimension
CC(=O)OC1=CC=C(C)C=C1,16.269724,3.5462327,False,48,5,0.8,euclidean,random,StandardScaler_per_sample_dimension
NC(=O)C1=CC(C(N)=O)=CC=C1,6.410454,18.202906,False,48,5,0.8,euclidean,random,StandardScaler_per_sample_dimension
NC(=O)C1=CC=C(C(N)=O)C=C1,6.622619,17.581738,False,48,5,0.8,euclidean,random,StandardScaler_per_sample_dimension
CC1=CC(COCCO)=CC(N)=C1,2.2073057,26.6331,False,48,5,0.8,euclidean,random,StandardScaler_per_sample_dimension
CC1=CC(N)=CC(COCCO)=C1,1.9897852,26.32332,False,48,5,0.8,euclidean,random,StandardScaler_per_sample_dimension
O=C1CCC(=O)N1C1=CC=CC=C1,-3.9049423,14.591111,False,48,5,0.8,euclidean,random,StandardScaler_per_sample_dimension
CC1=CC(C(=O)OCCO)=CC(N)=C1,2.1352377,26.445993,False,48,5,0.8,euclidean,random,StandardScaler_per_sample_dimension
CC1=CC(N)=CC(C(=O)OCCO)=C1,1.9056065,26.208523,False,48,5,0.8,euclidean,random,StandardScaler_per_sample_dimension
NC1=CC(C=O)=CC(COCCO)=C1,2.1219397,26.460985,False,48,5,0.8,euclidean,random,StandardScaler_per_sample_dimension
NC1=CC(COCCO)=CC(C=O)=C1,2.1465554,26.296738,False,48,5,0.8,euclidean,random,StandardScaler_per_sample_dimension
NC1=CC(C(=O)OCCO)=CC(C=O)=C1,2.2614017,26.712427,False,48,5,0.8,euclidean,random,StandardScaler_per_sample_dimension
NC1=CC(C=O)=CC(C(=O)OCCO)=C1,2.2278218,26.53162,False,48,5,0.8,euclidean,random,StandardScaler_per_sample_dimension
CCCC(C)CC=O,4.9935174,10.752671,False,48,5,0.8,euclidean,random,StandardScaler_per_sample_dimension
CCC(C)CCC=O,4.925575,11.254371,True,48,5,0.8,euclidean,random,StandardScaler_per_sample_dimension
CCCC(C=O)CC=O,4.2156787,11.454813,True,48,5,0.8,euclidean,random,StandardScaler_per_sample_dimension
CC1=CC(C(C)C2=CC=CC=C2)=CC=C1,-3.8865213,19.564323,False,48,5,0.8,euclidean,random,StandardScaler_per_sample_dimension
CC1=CC=CC(C(C)C2=CC=CC=C2)=C1,-3.873625,19.519741,False,48,5,0.8,euclidean,random,StandardScaler_per_sample_dimension
CCCNCCCCCN,-4.5988746,2.5318816,False,48,5,0.8,euclidean,random,StandardScaler_per_sample_dimension
NC1=CC=C(S(=O)C2=CC=CC=C2)C=C1,10.173353,22.222713,False,48,5,0.8,euclidean,random,StandardScaler_per_sample_dimension
C=C(C)CC,15.791435,27.05458,False,48,5,0.8,euclidean,random,StandardScaler_per_sample_dimension
NC1=NC(N)=NC=N1,-1.9883274,-11.1095705,False,48,5,0.8,euclidean,random,StandardScaler_per_sample_dimension
NC1=NC=NC(N)=N1,-1.9404674,-10.956306,False,48,5,0.8,euclidean,random,StandardScaler_per_sample_dimension
CNC1=CC=C([SH]=O)C=C1,13.782208,-8.181745,False,48,5,0.8,euclidean,random,StandardScaler_per_sample_dimension
CCOC(C)C,-0.40434927,19.803347,False,48,5,0.8,euclidean,random,StandardScaler_per_sample_dimension
CCCCOCCC,0.29387674,-4.085255,True,48,5,0.8,euclidean,random,StandardScaler_per_sample_dimension
CC1=CC(C(C)(C)C2=CC=CC=C2)=CC=C1,10.05438,-0.5282506,False,48,5,0.8,euclidean,random,StandardScaler_per_sample_dimension
CC1=CC=CC(C(C)(C)C2=CC=CC=C2)=C1,10.002548,-0.61763895,False,48,5,0.8,euclidean,random,StandardScaler_per_sample_dimension
O=CC1=CC(CC2=CC=CC=C2)=CC=C1,14.691958,-2.6725895,True,48,5,0.8,euclidean,random,StandardScaler_per_sample_dimension
O=CC1=CC=CC(CC2=CC=CC=C2)=C1,14.62922,-2.7115571,False,48,5,0.8,euclidean,random,StandardScaler_per_sample_dimension
NC1=CC=C(SC2=CC=CC=C2)C=C1,9.990842,22.110977,False,48,5,0.8,euclidean,random,StandardScaler_per_sample_dimension
NC1=CC=C(S(=O)(=O)C2=CC=CC=C2)C=C1,10.074628,22.272749,False,48,5,0.8,euclidean,random,StandardScaler_per_sample_dimension
NCNCC1=CC=CC=C1,0.70391107,-6.423253,True,48,5,0.8,euclidean,random,StandardScaler_per_sample_dimension
NCNC(=O)C1=CC=CC=C1,0.7530922,-6.3946924,False,48,5,0.8,euclidean,random,StandardScaler_per_sample_dimension
CCOC1=CC=C(OCCO)C=C1,18.209738,10.601237,True,48,5,0.8,euclidean,random,StandardScaler_per_sample_dimension
C1=CC=C(C2=CC=CC=N2)C=C1,18.105127,3.3312807,False,48,5,0.8,euclidean,random,StandardScaler_per_sample_dimension
C1=CC=C(C2=NC=CC=C2)C=C1,18.182545,3.1758358,False,48,5,0.8,euclidean,random,StandardScaler_per_sample_dimension
CNC(=O)C1=CC=CC(O)=C1,10.532522,8.098527,False,48,5,0.8,euclidean,random,StandardScaler_per_sample_dimension
CNCC1=CC=CC(OC)=C1,10.985607,8.428257,False,48,5,0.8,euclidean,random,StandardScaler_per_sample_dimension
CNC1=CC=C(S)C=C1,-15.269555,7.6745005,False,48,5,0.8,euclidean,random,StandardScaler_per_sample_dimension
CNC1=CC=C([SH](=O)=O)C=C1,-15.295792,7.624651,False,48,5,0.8,euclidean,random,StandardScaler_per_sample_dimension
CNC1=CC=C(CC2=CC=CC=C2)C=C1,-9.43385,18.447031,False,48,5,0.8,euclidean,random,StandardScaler_per_sample_dimension
O=CNC1=CC=C(CC2=CC=CC=C2)C=C1,-9.299627,18.461006,False,48,5,0.8,euclidean,random,StandardScaler_per_sample_dimension
O=CC1=CC=C(NCC2=CC=CC=C2)C=C1,12.641721,21.617638,True,48,5,0.8,euclidean,random,StandardScaler_per_sample_dimension
COC1=CC(CN)=CC=C1,10.996096,8.40232,False,48,5,0.8,euclidean,random,StandardScaler_per_sample_dimension
NC(=O)C1=CC=CC(O)=C1,10.444331,8.674039,False,48,5,0.8,euclidean,random,StandardScaler_per_sample_dimension
O=CCCCO,-0.23453668,-2.7601461,False,48,5,0.8,euclidean,random,StandardScaler_per_sample_dimension
CC(C=O)C=O,-5.5772743,6.53908,True,48,5,0.8,euclidean,random,StandardScaler_per_sample_dimension
CCOC1=CC=C(OCCOC)C=C1,18.321037,10.683142,False,48,5,0.8,euclidean,random,StandardScaler_per_sample_dimension
O=COCCCCO,0.5877443,-5.1305757,True,48,5,0.8,euclidean,random,StandardScaler_per_sample_dimension
CCCCP,27.25938,14.592826,True,48,5,0.8,euclidean,random,StandardScaler_per_sample_dimension
CCCCP=O,27.382452,14.449393,False,48,5,0.8,euclidean,random,StandardScaler_per_sample_dimension
NCC1=CC2=C(C=C1)CNC2,6.552781,18.038876,False,48,5,0.8,euclidean,random,StandardScaler_per_sample_dimension
NCC1=CC=C2CNCC2=C1,6.777382,17.874516,False,48,5,0.8,euclidean,random,StandardScaler_per_sample_dimension
C1=CC=C(C2=CC=NC=C2)C=C1,18.566242,2.6461864,True,48,5,0.8,euclidean,random,StandardScaler_per_sample_dimension
NC(=O)C1=CC2=C(C=C1)CNC2,6.172839,17.737825,False,48,5,0.8,euclidean,random,StandardScaler_per_sample_dimension
NC(=O)C1=CC=C2CNCC2=C1,6.927979,17.896366,False,48,5,0.8,euclidean,random,StandardScaler_per_sample_dimension
NCC1=CC2=C(C=C1)C(=O)NC2,6.466284,17.921947,False,48,5,0.8,euclidean,random,StandardScaler_per_sample_dimension
NCC1=CC2=C(C=C1)CNC2=O,6.6883235,17.492289,False,48,5,0.8,euclidean,random,StandardScaler_per_sample_dimension
NCC1=CC=C2C(=O)NCC2=C1,6.166719,17.524063,False,48,5,0.8,euclidean,random,StandardScaler_per_sample_dimension
NCC1=CC=C2CNC(=O)C2=C1,6.5984616,18.030603,False,48,5,0.8,euclidean,random,StandardScaler_per_sample_dimension
NC(=O)C1=CC2=C(C=C1)C(=O)NC2,6.351181,17.47021,False,48,5,0.8,euclidean,random,StandardScaler_per_sample_dimension
NC(=O)C1=CC2=C(C=C1)CNC2=O,6.3083544,17.986242,False,48,5,0.8,euclidean,random,StandardScaler_per_sample_dimension
NC(=O)C1=CC=C2C(=O)NCC2=C1,6.2448916,18.062897,False,48,5,0.8,euclidean,random,StandardScaler_per_sample_dimension
NC(=O)C1=CC=C2CNC(=O)C2=C1,6.9417124,17.943539,False,48,5,0.8,euclidean,random,StandardScaler_per_sample_dimension
NCC1=CC2=C(C=C1)C(=O)NC2=O,6.8878403,17.844812,False,48,5,0.8,euclidean,random,StandardScaler_per_sample_dimension
NCC1=CC=C2C(=O)NC(=O)C2=C1,6.40927,17.571646,False,48,5,0.8,euclidean,random,StandardScaler_per_sample_dimension
NC(=O)C1=CC2=C(C=C1)C(=O)NC2=O,6.723422,18.035484,False,48,5,0.8,euclidean,random,StandardScaler_per_sample_dimension
NC(=O)C1=CC=C2C(=O)NC(=O)C2=C1,6.925837,17.855124,False,48,5,0.8,euclidean,random,StandardScaler_per_sample_dimension
OCCOC1=CC=C(OCCO)C=C1,18.37375,10.670613,False,48,5,0.8,euclidean,random,StandardScaler_per_sample_dimension
CNC1=NC(N)=NC=N1,-15.951078,1.8925182,False,48,5,0.8,euclidean,random,StandardScaler_per_sample_dimension
CNC1=NC=NC(N)=N1,-16.094383,2.0523176,False,48,5,0.8,euclidean,random,StandardScaler_per_sample_dimension
CCNCCC(C)C,6.756829,9.654925,True,48,5,0.8,euclidean,random,StandardScaler_per_sample_dimension
CCCCCCCNCCC,2.4627657,7.43633,True,48,5,0.8,euclidean,random,StandardScaler_per_sample_dimension
CNC1=NC(NC)=NC=N1,-16.187065,2.1102915,False,48,5,0.8,euclidean,random,StandardScaler_per_sample_dimension
CNC1=NC=NC(NC)=N1,-16.249271,2.0828893,False,48,5,0.8,euclidean,random,StandardScaler_per_sample_dimension
CCCCCCCCNCCC,2.6822877,7.722867,False,48,5,0.8,euclidean,random,StandardScaler_per_sample_dimension
CCCCNCCCCCN,-4.3280783,2.752554,False,48,5,0.8,euclidean,random,StandardScaler_per_sample_dimension
CCCCCCCCCCCC,15.314355,5.995942,True,48,5,0.8,euclidean,random,StandardScaler_per_sample_dimension
CCCCNCCCCCC=O,7.980245,6.0612116,True,48,5,0.8,euclidean,random,StandardScaler_per_sample_dimension
CCNC1=NC=NC=N1,-1.7855757,-10.932966,True,48,5,0.8,euclidean,random,StandardScaler_per_sample_dimension
CCNCC(C)C,5.879046,9.479986,True,48,5,0.8,euclidean,random,StandardScaler_per_sample_dimension
CCCCNC(=O)CCCCC=O,8.243802,5.8817434,False,48,5,0.8,euclidean,random,StandardScaler_per_sample_dimension
C=C(C)CCC,15.812463,27.08197,False,48,5,0.8,euclidean,random,StandardScaler_per_sample_dimension
CNC1=CC=C(S(=O)C2=CC=CC=C2)C=C1,14.030453,-8.066131,False,48,5,0.8,euclidean,random,StandardScaler_per_sample_dimension
CNCCO,12.592604,13.447314,False,48,5,0.8,euclidean,random,StandardScaler_per_sample_dimension
CC(C)OC=O,-0.19707441,19.657036,False,48,5,0.8,euclidean,random,StandardScaler_per_sample_dimension
O=COCC1=CC=CC=C1,22.830713,8.949132,False,48,5,0.8,euclidean,random,StandardScaler_per_sample_dimension
CCCNC1=CC=C(O)C=C1,3.7272506,12.679897,False,48,5,0.8,euclidean,random,StandardScaler_per_sample_dimension
CCC(=O)NC1=CC=C(O)C=C1,3.7430801,12.578644,False,48,5,0.8,euclidean,random,StandardScaler_per_sample_dimension
COC1=CC=C([SH]=O)C=C1,-5.152632,-5.965458,False,48,5,0.8,euclidean,random,StandardScaler_per_sample_dimension
CCC(=O)NCCCCCN,-4.1609163,3.3325653,False,48,5,0.8,euclidean,random,StandardScaler_per_sample_dimension
COC1=CC=C(S(=O)C2=CC=CC=C2)C=C1,-5.406696,-5.786249,True,48,5,0.8,euclidean,random,StandardScaler_per_sample_dimension
NCCCCCNC=O,-4.262624,3.1248767,False,48,5,0.8,euclidean,random,StandardScaler_per_sample_dimension
CC(=O)NCCCCCN,-4.3266215,3.1362214,False,48,5,0.8,euclidean,random,StandardScaler_per_sample_dimension
O=CC1=CC=C(C(=O)C2=CC=CC=C2)C=C1,-8.464776,6.7987633,True,48,5,0.8,euclidean,random,StandardScaler_per_sample_dimension
COC1=CC=C(OC2=CC=CC=C2)C=C1,-2.211375,13.902809,True,48,5,0.8,euclidean,random,StandardScaler_per_sample_dimension
NC1=CC=C(S(=O)C2=CC=C(N)C=C2)C=C1,9.981895,22.160376,False,48,5,0.8,euclidean,random,StandardScaler_per_sample_dimension
CCCCCO,7.883593,2.09561,True,48,5,0.8,euclidean,random,StandardScaler_per_sample_dimension
CC(=O)OCC1=CC=CC=C1,22.777151,8.957271,False,48,5,0.8,euclidean,random,StandardScaler_per_sample_dimension
CCCP(OC)C1=CC=CC=C1,7.915932,-4.8259044,False,48,5,0.8,euclidean,random,StandardScaler_per_sample_dimension
CCCP(=O)(OC)C1=CC=CC=C1,7.59802,-4.7104845,False,48,5,0.8,euclidean,random,StandardScaler_per_sample_dimension
CNC1=CC(C)=CC(CO)=C1,10.491484,-17.925182,False,48,5,0.8,euclidean,random,StandardScaler_per_sample_dimension
CC1=CC(CO)=CC(NC=O)=C1,9.448376,-18.367355,False,48,5,0.8,euclidean,random,StandardScaler_per_sample_dimension
CNC1=CC(C)=CC(C(=O)O)=C1,9.824093,-18.513912,False,48,5,0.8,euclidean,random,StandardScaler_per_sample_dimension
CNC1=CC(C)=CC(COC)=C1,9.385839,-18.90674,False,48,5,0.8,euclidean,random,StandardScaler_per_sample_dimension
CNC1=CC(C=O)=CC(CO)=C1,9.990939,-18.098108,False,48,5,0.8,euclidean,random,StandardScaler_per_sample_dimension
CC1=CC(C(=O)O)=CC(NC=O)=C1,9.069389,-17.874325,False,48,5,0.8,euclidean,random,StandardScaler_per_sample_dimension
CCOCC1=CC(NC)=CC(C)=C1,10.067307,-17.690363,False,48,5,0.8,euclidean,random,StandardScaler_per_sample_dimension
CNC1=CC(C)=CC(C(=O)OC)=C1,10.173678,-18.23135,False,48,5,0.8,euclidean,random,StandardScaler_per_sample_dimension
CNC1=CC(C=O)=CC(C(=O)O)=C1,10.5067005,-17.83955,False,48,5,0.8,euclidean,random,StandardScaler_per_sample_dimension
CNC1=CC(C=O)=CC(COC)=C1,9.500105,-18.85984,False,48,5,0.8,euclidean,random,StandardScaler_per_sample_dimension
COCC1=CC(NC=O)=CC(C)=C1,9.499363,-18.848667,False,48,5,0.8,euclidean,random,StandardScaler_per_sample_dimension
O=CNC1=CC(C=O)=CC(CO)=C1,9.938701,-18.37937,False,48,5,0.8,euclidean,random,StandardScaler_per_sample_dimension
CCOC(=O)C1=CC(NC)=CC(C)=C1,8.933958,-17.674284,False,48,5,0.8,euclidean,random,StandardScaler_per_sample_dimension
CCOCC1=CC(NC)=CC(C=O)=C1,10.358327,-18.242847,False,48,5,0.8,euclidean,random,StandardScaler_per_sample_dimension
CCOCC1=CC(NC=O)=CC(C)=C1,9.090467,-17.970089,False,48,5,0.8,euclidean,random,StandardScaler_per_sample_dimension
CNC1=CC(C=O)=CC(C(=O)OC)=C1,10.088952,-17.906414,False,48,5,0.8,euclidean,random,StandardScaler_per_sample_dimension
COC(=O)C1=CC(NC=O)=CC(C)=C1,10.253273,-17.652313,False,48,5,0.8,euclidean,random,StandardScaler_per_sample_dimension
COCC1=CC(NC=O)=CC(C=O)=C1,9.790354,-18.477867,False,48,5,0.8,euclidean,random,StandardScaler_per_sample_dimension
O=CNC1=CC(C=O)=CC(C(=O)O)=C1,10.137914,-18.20852,False,48,5,0.8,euclidean,random,StandardScaler_per_sample_dimension
CCOC(=O)C1=CC(NC)=CC(C=O)=C1,10.487106,-17.828707,False,48,5,0.8,euclidean,random,StandardScaler_per_sample_dimension
CCOC(=O)C1=CC(NC=O)=CC(C)=C1,9.32908,-18.77187,False,48,5,0.8,euclidean,random,StandardScaler_per_sample_dimension
CCOCC1=CC(NC=O)=CC(C=O)=C1,9.5302105,-18.75104,False,48,5,0.8,euclidean,random,StandardScaler_per_sample_dimension
COC(=O)C1=CC(NC=O)=CC(C=O)=C1,10.154916,-17.75729,False,48,5,0.8,euclidean,random,StandardScaler_per_sample_dimension
CCOC(=O)C1=CC(NC=O)=CC(C=O)=C1,10.129162,-18.16592,False,48,5,0.8,euclidean,random,StandardScaler_per_sample_dimension
CNC1=CC=C(SC2=CC=CC=C2)C=C1,11.321066,27.293892,False,48,5,0.8,euclidean,random,StandardScaler_per_sample_dimension
CNC1=CC=C(S(=O)(=O)C2=CC=CC=C2)C=C1,11.36051,27.57459,False,48,5,0.8,euclidean,random,StandardScaler_per_sample_dimension
O=CC1=CC=C(NC(=O)C2=CC=CC=C2)C=C1,12.516673,21.710178,True,48,5,0.8,euclidean,random,StandardScaler_per_sample_dimension
O=CC1=CC(N2CC3=C(C=CC=C3)C2)=CC=C1,7.18128,-18.456165,True,48,5,0.8,euclidean,random,StandardScaler_per_sample_dimension
O=CC1=CC(N2CC3=CC=CC=C3C2)=CC=C1,7.031441,-18.606092,False,48,5,0.8,euclidean,random,StandardScaler_per_sample_dimension
O=CC1=CC=CC(N2CC3=C(C=CC=C3)C2)=C1,7.207564,-18.486856,False,48,5,0.8,euclidean,random,StandardScaler_per_sample_dimension
O=CC1=CC=CC(N2CC3=CC=CC=C3C2)=C1,7.348484,-18.598091,False,48,5,0.8,euclidean,random,StandardScaler_per_sample_dimension
COC1=CC=C([SH](=O)=O)C=C1,-1.0034612,18.169146,False,48,5,0.8,euclidean,random,StandardScaler_per_sample_dimension
NC1=CC=C(NCC2=CC=CC=C2)C=C1,4.764636,-0.55064934,False,48,5,0.8,euclidean,random,StandardScaler_per_sample_dimension
COC1=CC=C(S(=O)(=O)C2=CC=CC=C2)C=C1,-1.034232,18.364714,False,48,5,0.8,euclidean,random,StandardScaler_per_sample_dimension
CCCCPC1=CC=CC=C1,27.153694,14.533879,True,48,5,0.8,euclidean,random,StandardScaler_per_sample_dimension
CCNCC1=CC(C)=CC=C1,-9.802284,7.9136786,True,48,5,0.8,euclidean,random,StandardScaler_per_sample_dimension
CCNCC1=CC=CC(C)=C1,-9.881429,8.065277,False,48,5,0.8,euclidean,random,StandardScaler_per_sample_dimension
CCCC[PH](=O)C1=CC=CC=C1,27.14578,14.590746,False,48,5,0.8,euclidean,random,StandardScaler_per_sample_dimension
O=CCCC(=O)O,-0.13281648,-2.960637,False,48,5,0.8,euclidean,random,StandardScaler_per_sample_dimension
COCCCC=O,-0.11308941,-2.7678668,False,48,5,0.8,euclidean,random,StandardScaler_per_sample_dimension
COPCCC=O,-2.5304644,11.809521,False,48,5,0.8,euclidean,random,StandardScaler_per_sample_dimension
CO[PH](=O)CCC=O,-2.4829855,11.872056,False,48,5,0.8,euclidean,random,StandardScaler_per_sample_dimension
COP(CCC=O)C1=CC=CC=C1,-2.5165172,11.885823,False,48,5,0.8,euclidean,random,StandardScaler_per_sample_dimension
COP(=O)(CCC=O)C1=CC=CC=C1,-2.5329332,11.920378,False,48,5,0.8,euclidean,random,StandardScaler_per_sample_dimension
CCP1OC2=C(C=CC=C2)C2=C1C=CC=C2,-13.1029005,18.330463,False,48,5,0.8,euclidean,random,StandardScaler_per_sample_dimension
CCP1OC2=C(C=CC=C2)C2=CC=CC=C21,-13.220098,18.386654,False,48,5,0.8,euclidean,random,StandardScaler_per_sample_dimension
CCP1OC2=CC=CC=C2C2=C1C=CC=C2,-13.225857,18.442741,False,48,5,0.8,euclidean,random,StandardScaler_per_sample_dimension
CCP1OC2=CC=CC=C2C2=CC=CC=C21,-13.338528,18.49931,False,48,5,0.8,euclidean,random,StandardScaler_per_sample_dimension
CCP1(=O)OC2=C(C=CC=C2)C2=C1C=CC=C2,-12.911494,18.278233,False,48,5,0.8,euclidean,random,StandardScaler_per_sample_dimension
CCP1(=O)OC2=C(C=CC=C2)C2=CC=CC=C21,-12.906726,18.129517,False,48,5,0.8,euclidean,random,StandardScaler_per_sample_dimension
CCP1(=O)OC2=CC=CC=C2C2=C1C=CC=C2,-13.248733,18.177828,False,48,5,0.8,euclidean,random,StandardScaler_per_sample_dimension
CCP1(=O)OC2=CC=CC=C2C2=CC=CC=C21,-13.042451,18.288849,False,48,5,0.8,euclidean,random,StandardScaler_per_sample_dimension
CC(=O)OCCCCO,0.44751358,-5.030298,False,48,5,0.8,euclidean,random,StandardScaler_per_sample_dimension
NC1=CC=C(SC2=CC=C(N)C=C2)C=C1,11.0898285,27.322884,False,48,5,0.8,euclidean,random,StandardScaler_per_sample_dimension
NC1=CC=C(S(=O)(=O)C2=CC=C(N)C=C2)C=C1,11.269287,27.415293,False,48,5,0.8,euclidean,random,StandardScaler_per_sample_dimension
COC(=O)C(C)C,-17.290504,0.27359217,False,48,5,0.8,euclidean,random,StandardScaler_per_sample_dimension
CCNC(=O)CC(C)C,6.677636,9.885887,True,48,5,0.8,euclidean,random,StandardScaler_per_sample_dimension
CCCCCCCCCNCC,1.0761625,8.708749,False,48,5,0.8,euclidean,random,StandardScaler_per_sample_dimension
CCCCCCC(=O)NC1=CC=CC=C1,1.3005459,11.391173,False,48,5,0.8,euclidean,random,StandardScaler_per_sample_dimension
CCCCCCCNC1=CC=CC=C1,1.2691177,11.289021,True,48,5,0.8,euclidean,random,StandardScaler_per_sample_dimension
CCCCCCCCCCNCC,1.289811,8.50408,False,48,5,0.8,euclidean,random,StandardScaler_per_sample_dimension
CCCC(=O)NCCCCCN,-4.203602,3.0907586,True,48,5,0.8,euclidean,random,StandardScaler_per_sample_dimension
CC1CCCC(C)C1,-8.127793,4.468345,True,48,5,0.8,euclidean,random,StandardScaler_per_sample_dimension
CCNC(=O)C(C)C,6.081249,9.556209,False,48,5,0.8,euclidean,random,StandardScaler_per_sample_dimension
CNC1=CC=C(S(=O)C2=CC=C(N)C=C2)C=C1,13.85691,-8.150446,False,48,5,0.8,euclidean,random,StandardScaler_per_sample_dimension
CC(=O)OC(C)C,-0.3766183,19.906868,False,48,5,0.8,euclidean,random,StandardScaler_per_sample_dimension
CCC1=CC(CNC2=CC=CC=C2)=CC=C1,10.889148,1.8566133,False,48,5,0.8,euclidean,random,StandardScaler_per_sample_dimension
CCC1=CC=CC(CNC2=CC=CC=C2)=C1,10.801018,1.9601716,False,48,5,0.8,euclidean,random,StandardScaler_per_sample_dimension
COC1=CC=C(S(=O)C2=CC=C(O)C=C2)C=C1,-5.1962557,-6.033795,False,48,5,0.8,euclidean,random,StandardScaler_per_sample_dimension
CCC1=CC(OC)=CC=C1,4.3246994,16.637428,False,48,5,0.8,euclidean,random,StandardScaler_per_sample_dimension
CC1=CC(C)=C(O)C=C1,-13.510225,11.520228,True,48,5,0.8,euclidean,random,StandardScaler_per_sample_dimension
CC1=CC=C(O)C(C)=C1,-13.53046,11.629985,False,48,5,0.8,euclidean,random,StandardScaler_per_sample_dimension
CCC1=CC=C(NCC2=CC=CC=C2)C=C1,-9.423101,18.461794,False,48,5,0.8,euclidean,random,StandardScaler_per_sample_dimension
CC(C)C1=CC=C(OPC2=CC=CC=C2)C=C1,-6.9154,20.328724,False,48,5,0.8,euclidean,random,StandardScaler_per_sample_dimension
CCC1=CC(CN(C)C2=CC=CC=C2)=CC=C1,10.881753,1.8755232,False,48,5,0.8,euclidean,random,StandardScaler_per_sample_dimension
CCC1=CC=CC(CN(C)C2=CC=CC=C2)=C1,10.505672,1.6996797,True,48,5,0.8,euclidean,random,StandardScaler_per_sample_dimension
CCC1=CC=C(OC(C)=O)C=C1,9.128949,-5.2501745,False,48,5,0.8,euclidean,random,StandardScaler_per_sample_dimension
N=CC1=CC=C(O)C=C1,18.704227,-2.5595376,True,48,5,0.8,euclidean,random,StandardScaler_per_sample_dimension
C/N=C/C1=CC=C(O)C=C1,18.92148,-2.3464398,False,48,5,0.8,euclidean,random,StandardScaler_per_sample_dimension
*,18.391226,-4.372127,True,48,5,0.8,euclidean,random,StandardScaler_per_sample_dimension
COC1=CC=C(OC=O)C=C1,-22.536924,7.141037,False,48,5,0.8,euclidean,random,StandardScaler_per_sample_dimension
CCCCNC1=CC=CC(CN)=C1,-16.347702,-10.898985,False,48,5,0.8,euclidean,random,StandardScaler_per_sample_dimension
O=C/C=C/C1=CC=CC=C1,5.8714566,0.7368755,False,48,5,0.8,euclidean,random,StandardScaler_per_sample_dimension
CNC1=CC=C(SC2=CC=C(N)C=C2)C=C1,11.112469,27.435154,False,48,5,0.8,euclidean,random,StandardScaler_per_sample_dimension
CCNC1=CC=C(CC2=CC=CC=C2)C=C1,-9.511741,18.549952,False,48,5,0.8,euclidean,random,StandardScaler_per_sample_dimension
CC(=O)NC1=CC=C(CC2=CC=CC=C2)C=C1,-9.733098,18.744093,False,48,5,0.8,euclidean,random,StandardScaler_per_sample_dimension
NCC1=CC=CC(OC2=CC=CC=C2)=C1,10.505781,8.092071,False,48,5,0.8,euclidean,random,StandardScaler_per_sample_dimension
NC(=O)C1=CC=CC(OC2=CC=CC=C2)=C1,10.418471,8.433927,False,48,5,0.8,euclidean,random,StandardScaler_per_sample_dimension
CC1=CC=C(CNC2=CC(C=O)=CC=C2)C=C1,7.029693,-18.433937,True,48,5,0.8,euclidean,random,StandardScaler_per_sample_dimension
CC1=CC=C(CNC2=CC=CC(C=O)=C2)C=C1,7.1789603,-18.270267,False,48,5,0.8,euclidean,random,StandardScaler_per_sample_dimension
CC1=CC(CNC2=CC(C=O)=CC=C2)=CC=C1,7.078559,-18.714067,True,48,5,0.8,euclidean,random,StandardScaler_per_sample_dimension
CC1=CC(CNC2=CC=CC(C=O)=C2)=CC=C1,7.2225914,-18.738329,False,48,5,0.8,euclidean,random,StandardScaler_per_sample_dimension
CC1=CC(N2CC3=C(C=C(C)C=C3)C2)=CC=C1,9.363231,-10.256881,True,48,5,0.8,euclidean,random,StandardScaler_per_sample_dimension
CC1=CC(N2CC3=CC=C(C)C=C3C2)=CC=C1,9.297774,-10.235617,False,48,5,0.8,euclidean,random,StandardScaler_per_sample_dimension
CC1=CC=CC(N2CC3=C(C=C(C)C=C3)C2)=C1,9.178431,-10.122123,False,48,5,0.8,euclidean,random,StandardScaler_per_sample_dimension
CC1=CC=CC(N2CC3=CC=C(C)C=C3C2)=C1,9.400688,-10.3667965,False,48,5,0.8,euclidean,random,StandardScaler_per_sample_dimension
CNC1=CC=C(CO)C=C1,24.159075,0.56748265,False,48,5,0.8,euclidean,random,StandardScaler_per_sample_dimension
CCNC1=CC=C(CO)C=C1,24.057648,0.5301404,False,48,5,0.8,euclidean,random,StandardScaler_per_sample_dimension
O=CNC1=CC=C(CO)C=C1,24.086336,0.6422585,False,48,5,0.8,euclidean,random,StandardScaler_per_sample_dimension
CC(=O)NC1=CC=C(CO)C=C1,24.155027,0.64347166,False,48,5,0.8,euclidean,random,StandardScaler_per_sample_dimension
NC1=CC=C(NC(=O)C2=CC=CC=C2)C=C1,4.825063,-0.57254905,False,48,5,0.8,euclidean,random,StandardScaler_per_sample_dimension
COC(=O)CCC=O,0.2070458,-2.8702478,False,48,5,0.8,euclidean,random,StandardScaler_per_sample_dimension
NC1=CC=C(CC2=CC=C(N)C=C2)C=C1,-9.0611,17.79582,False,48,5,0.8,euclidean,random,StandardScaler_per_sample_dimension
CC1=CC(PC2=CC=CC(C)=C2)=CC=C1,1.6719236,19.49854,True,48,5,0.8,euclidean,random,StandardScaler_per_sample_dimension
CC1=CC([PH](=O)C2=CC=CC(C)=C2)=CC=C1,1.8988632,19.572166,False,48,5,0.8,euclidean,random,StandardScaler_per_sample_dimension
CC(C1=CC(Br)=CC=C1)C1=CC(Br)=C(O)C=C1,14.208336,-11.999734,False,48,5,0.8,euclidean,random,StandardScaler_per_sample_dimension
CC(C1=CC(Br)=CC=C1)C1=CC=C(O)C(Br)=C1,14.290024,-12.010217,False,48,5,0.8,euclidean,random,StandardScaler_per_sample_dimension
CC(C1=CC=CC(Br)=C1)C1=CC(Br)=C(O)C=C1,14.123475,-11.931012,False,48,5,0.8,euclidean,random,StandardScaler_per_sample_dimension
CC(C1=CC=CC(Br)=C1)C1=CC=C(O)C(Br)=C1,14.12352,-11.980165,False,48,5,0.8,euclidean,random,StandardScaler_per_sample_dimension
CCCCCCC(=O)NCC,2.2963586,7.2111096,False,48,5,0.8,euclidean,random,StandardScaler_per_sample_dimension
CCNC1=NC(NC)=NC=N1,-1.6142178,-10.694469,False,48,5,0.8,euclidean,random,StandardScaler_per_sample_dimension
CCNC1=NC=NC(NC)=N1,-1.540614,-10.523737,False,48,5,0.8,euclidean,random,StandardScaler_per_sample_dimension
CCC1=CC(Br)=CC=C1,14.410356,-12.15806,False,48,5,0.8,euclidean,random,StandardScaler_per_sample_dimension
CCC1=CC=CC(Br)=C1,14.747728,-12.255272,False,48,5,0.8,euclidean,random,StandardScaler_per_sample_dimension
CCC1=CC(Br)=C(O)C=C1,14.644423,-12.191318,False,48,5,0.8,euclidean,random,StandardScaler_per_sample_dimension
CCC1=CC=C(O)C(Br)=C1,14.53346,-12.014089,False,48,5,0.8,euclidean,random,StandardScaler_per_sample_dimension
CCCCCCCCC=O,-0.62367946,9.930345,False,48,5,0.8,euclidean,random,StandardScaler_per_sample_dimension
CC(C)C1=CC(Br)=CC=C1,14.500268,-12.203793,False,48,5,0.8,euclidean,random,StandardScaler_per_sample_dimension
CC(C)C1=CC=CC(Br)=C1,14.619736,-12.154634,False,48,5,0.8,euclidean,random,StandardScaler_per_sample_dimension
CC(C)C1=CC(Br)=C(O)C=C1,14.647996,-11.965459,False,48,5,0.8,euclidean,random,StandardScaler_per_sample_dimension
CC(C)C1=CC=C(O)C(Br)=C1,14.650687,-12.146019,False,48,5,0.8,euclidean,random,StandardScaler_per_sample_dimension
CCCCCCCCCC=O,-0.5362821,9.977735,False,48,5,0.8,euclidean,random,StandardScaler_per_sample_dimension
CCCCNCCC(C)C,-0.6625548,-1.586615,False,48,5,0.8,euclidean,random,StandardScaler_per_sample_dimension
CCNC1=NC(N)=NC=N1,-1.7533462,-10.762958,False,48,5,0.8,euclidean,random,StandardScaler_per_sample_dimension
CCNC1=NC=NC(N)=N1,-1.6875935,-10.659804,False,48,5,0.8,euclidean,random,StandardScaler_per_sample_dimension
CCCNCCC(C)C,6.808431,9.5144615,True,48,5,0.8,euclidean,random,StandardScaler_per_sample_dimension
CC(C1=CC=CC=C1)C1=CC(Br)=CC=C1,-14.975804,5.7815576,False,48,5,0.8,euclidean,random,StandardScaler_per_sample_dimension
CC(C1=CC=CC=C1)C1=CC=CC(Br)=C1,-15.653311,4.740137,False,48,5,0.8,euclidean,random,StandardScaler_per_sample_dimension
CC(C1=CC=CC=C1)C1=CC(Br)=C(O)C=C1,-15.111692,5.5233316,False,48,5,0.8,euclidean,random,StandardScaler_per_sample_dimension
CC(C1=CC=CC=C1)C1=CC=C(O)C(Br)=C1,-14.81473,5.5627856,False,48,5,0.8,euclidean,random,StandardScaler_per_sample_dimension
OC1=C(Br)C=C(CC2=CC(Br)=CC=C2)C=C1,-14.933124,5.84672,False,48,5,0.8,euclidean,random,StandardScaler_per_sample_dimension
OC1=C(Br)C=C(CC2=CC=CC(Br)=C2)C=C1,-14.979067,5.6357193,False,48,5,0.8,euclidean,random,StandardScaler_per_sample_dimension
OC1=CC=C(CC2=CC(Br)=CC=C2)C=C1Br,-15.2935705,4.995744,False,48,5,0.8,euclidean,random,StandardScaler_per_sample_dimension
OC1=CC=C(CC2=CC=CC(Br)=C2)C=C1Br,-15.246279,4.547719,False,48,5,0.8,euclidean,random,StandardScaler_per_sample_dimension
CC(C1=CC(Br)=CC=C1)C1=CC(Br)=CC=C1,-15.073772,5.280269,False,48,5,0.8,euclidean,random,StandardScaler_per_sample_dimension
CC(C1=CC(Br)=CC=C1)C1=CC=CC(Br)=C1,-14.848666,5.7588167,False,48,5,0.8,euclidean,random,StandardScaler_per_sample_dimension
CC(C1=CC=C(O)C=C1)C1=CC(Br)=CC=C1,-15.020211,5.072658,False,48,5,0.8,euclidean,random,StandardScaler_per_sample_dimension
CC(C1=CC=C(O)C=C1)C1=CC=CC(Br)=C1,-15.174816,5.122029,False,48,5,0.8,euclidean,random,StandardScaler_per_sample_dimension
CC(C1=CC=CC(Br)=C1)C1=CC(Br)=CC=C1,-15.484177,4.3449836,False,48,5,0.8,euclidean,random,StandardScaler_per_sample_dimension
CC(C1=CC=CC(Br)=C1)C1=CC=CC(Br)=C1,-15.441698,4.621752,False,48,5,0.8,euclidean,random,StandardScaler_per_sample_dimension
CC(C1=CC(Br)=CC=C1)C1=CC(Br)=CC(Br)=C1,-15.390574,4.4868054,False,48,5,0.8,euclidean,random,StandardScaler_per_sample_dimension
CC(C1=CC=C(O)C=C1)C1=CC(Br)=C(O)C=C1,-15.040767,5.6622105,False,48,5,0.8,euclidean,random,StandardScaler_per_sample_dimension
CC(C1=CC=C(O)C=C1)C1=CC=C(O)C(Br)=C1,-15.276821,4.4297347,False,48,5,0.8,euclidean,random,StandardScaler_per_sample_dimension
CC(C1=CC=CC(Br)=C1)C1=CC(Br)=CC(Br)=C1,-14.904568,5.483337,False,48,5,0.8,euclidean,random,StandardScaler_per_sample_dimension
CCCCNC(=O)CC(C)C,7.1414084,8.971889,True,48,5,0.8,euclidean,random,StandardScaler_per_sample_dimension
CCCNC(=O)CC(C)C,6.6717343,9.326676,False,48,5,0.8,euclidean,random,StandardScaler_per_sample_dimension
CCC1=CC(Br)=CC(Br)=C1,-14.851061,4.572807,False,48,5,0.8,euclidean,random,StandardScaler_per_sample_dimension
CCC1=CC(Br)=C(O)C(Br)=C1,-14.967209,4.494955,False,48,5,0.8,euclidean,random,StandardScaler_per_sample_dimension
CCCCNCCCCCCN,8.580622,4.322387,False,48,5,0.8,euclidean,random,StandardScaler_per_sample_dimension
CC(C)C1=CC(Br)=CC(Br)=C1,-14.879884,4.955689,False,48,5,0.8,euclidean,random,StandardScaler_per_sample_dimension
CC(C)C1=CC(Br)=C(O)C(Br)=C1,-14.811865,4.6136003,False,48,5,0.8,euclidean,random,StandardScaler_per_sample_dimension
CC1CCCC(CN)C1,-8.176268,4.5980473,True,48,5,0.8,euclidean,random,StandardScaler_per_sample_dimension
BrC1=CC(CC2=CC=CC=C2)=CC=C1,24.079653,5.3723974,False,48,5,0.8,euclidean,random,StandardScaler_per_sample_dimension
BrC1=CC=CC(CC2=CC=CC=C2)=C1,24.118677,5.5536942,False,48,5,0.8,euclidean,random,StandardScaler_per_sample_dimension
OC1=C(Br)C=C(CC2=CC=CC=C2)C=C1,23.974823,5.387308,False,48,5,0.8,euclidean,random,StandardScaler_per_sample_dimension
OC1=CC=C(CC2=CC=CC=C2)C=C1Br,24.941282,7.167473,False,48,5,0.8,euclidean,random,StandardScaler_per_sample_dimension
CCCC(=O)NC1=CC=C(O)C=C1,3.914096,12.092135,False,48,5,0.8,euclidean,random,StandardScaler_per_sample_dimension
CC1=CC(Br)=C(O)C=C1,24.647434,6.383184,False,48,5,0.8,euclidean,random,StandardScaler_per_sample_dimension
CC1=CC=C(O)C(Br)=C1,25.04249,7.05149,False,48,5,0.8,euclidean,random,StandardScaler_per_sample_dimension
BrC1=CC(CC2=CC(Br)=CC=C2)=CC=C1,24.177818,6.230197,False,48,5,0.8,euclidean,random,StandardScaler_per_sample_dimension
BrC1=CC(CC2=CC=CC(Br)=C2)=CC=C1,24.999311,6.9132996,False,48,5,0.8,euclidean,random,StandardScaler_per_sample_dimension
BrC1=CC=CC(CC2=CC(Br)=CC=C2)=C1,23.935162,5.481072,False,48,5,0.8,euclidean,random,StandardScaler_per_sample_dimension
BrC1=CC=CC(CC2=CC=CC(Br)=C2)=C1,24.82894,7.240836,False,48,5,0.8,euclidean,random,StandardScaler_per_sample_dimension
OC1=CC=C(CC2=CC(Br)=CC=C2)C=C1,25.086285,7.2974,False,48,5,0.8,euclidean,random,StandardScaler_per_sample_dimension
OC1=CC=C(CC2=CC=CC(Br)=C2)C=C1,24.116707,6.446633,False,48,5,0.8,euclidean,random,StandardScaler_per_sample_dimension
BrC1=CC(CC2=CC(Br)=CC(Br)=C2)=CC=C1,23.832237,5.0681615,False,48,5,0.8,euclidean,random,StandardScaler_per_sample_dimension
BrC1=CC=CC(CC2=CC(Br)=CC(Br)=C2)=C1,24.361813,6.4573536,False,48,5,0.8,euclidean,random,StandardScaler_per_sample_dimension
CC(C1=CC=CC=C1)C1=CC(Br)=CC(Br)=C1,23.919523,5.119371,False,48,5,0.8,euclidean,random,StandardScaler_per_sample_dimension
OC1=CC=C(CC2=CC(Br)=C(O)C=C2)C=C1,24.07848,6.4811835,False,48,5,0.8,euclidean,random,StandardScaler_per_sample_dimension
OC1=CC=C(CC2=CC=C(O)C(Br)=C2)C=C1,24.033607,6.197424,False,48,5,0.8,euclidean,random,StandardScaler_per_sample_dimension
CC(C1=CC=CC=C1)C1=CC(Br)=C(O)C(Br)=C1,24.045746,5.867248,False,48,5,0.8,euclidean,random,StandardScaler_per_sample_dimension
OC1=C(Br)C=C(CC2=CC(Br)=C(O)C=C2)C=C1,24.210207,6.744231,False,48,5,0.8,euclidean,random,StandardScaler_per_sample_dimension
OC1=C(Br)C=C(CC2=CC(Br)=CC=C2)C=C1Br,25.12448,7.3660507,False,48,5,0.8,euclidean,random,StandardScaler_per_sample_dimension
OC1=C(Br)C=C(CC2=CC=C(O)C(Br)=C2)C=C1,23.902143,5.655817,False,48,5,0.8,euclidean,random,StandardScaler_per_sample_dimension
OC1=C(Br)C=C(CC2=CC=CC(Br)=C2)C=C1Br,23.895021,5.128346,False,48,5,0.8,euclidean,random,StandardScaler_per_sample_dimension
OC1=CC=C(CC2=CC(Br)=C(O)C=C2)C=C1Br,23.874838,5.9497566,False,48,5,0.8,euclidean,random,StandardScaler_per_sample_dimension
OC1=CC=C(CC2=CC=C(O)C(Br)=C2)C=C1Br,24.83083,7.1599154,False,48,5,0.8,euclidean,random,StandardScaler_per_sample_dimension
CCNCCCC=O,5.8706026,9.131135,False,48,5,0.8,euclidean,random,StandardScaler_per_sample_dimension
NCC1CCCCC1,-8.468562,4.3122544,True,48,5,0.8,euclidean,random,StandardScaler_per_sample_dimension
CCCCNC1=CC=C(O)C=C1,3.853138,12.3995905,False,48,5,0.8,euclidean,random,StandardScaler_per_sample_dimension
CCC1=CC=C(CC2=CC=CC=C2)C=C1,-10.123218,5.645761,True,48,5,0.8,euclidean,random,StandardScaler_per_sample_dimension
CCC1=CC2=C(C=C1)CNC2,-15.424377,-3.1355512,True,48,5,0.8,euclidean,random,StandardScaler_per_sample_dimension
CCC1=CC=C2CNCC2=C1,-15.581383,-3.1829698,False,48,5,0.8,euclidean,random,StandardScaler_per_sample_dimension
CCC1=CC2=C(C=C1)C(=O)NC2,-15.574549,-3.2736084,False,48,5,0.8,euclidean,random,StandardScaler_per_sample_dimension
CCC1=CC2=C(C=C1)CNC2=O,-15.513002,-3.239062,False,48,5,0.8,euclidean,random,StandardScaler_per_sample_dimension
CCC1=CC=C2C(=O)NCC2=C1,-15.518921,-3.248039,False,48,5,0.8,euclidean,random,StandardScaler_per_sample_dimension
CCC1=CC=C2CNC(=O)C2=C1,-15.629985,-3.3301668,False,48,5,0.8,euclidean,random,StandardScaler_per_sample_dimension
CCC1=CC=C2C(=O)NC(=O)C2=C1,-15.599434,-3.144778,False,48,5,0.8,euclidean,random,StandardScaler_per_sample_dimension
NC=S,-17.347176,9.3596945,True,48,5,0.8,euclidean,random,StandardScaler_per_sample_dimension
CC1=CC(C=O)=CC(NCC2=CC=CC=C2)=C1,6.5874786,-11.379731,True,48,5,0.8,euclidean,random,StandardScaler_per_sample_dimension
CC1=CC(NCC2=CC=CC=C2)=CC(C=O)=C1,6.526167,-11.31642,False,48,5,0.8,euclidean,random,StandardScaler_per_sample_dimension
CCCNC1=CC=C(OC2=CC=CC=C2)C=C1,3.8769712,12.731935,False,48,5,0.8,euclidean,random,StandardScaler_per_sample_dimension
CNC=S,-17.38515,9.37562,False,48,5,0.8,euclidean,random,StandardScaler_per_sample_dimension
CC1=CC(CC2=CC=C(O)C=C2)=CC=C1,-13.401572,4.259533,False,48,5,0.8,euclidean,random,StandardScaler_per_sample_dimension
CC1=CC=CC(CC2=CC=C(O)C=C2)=C1,-13.259443,4.389251,False,48,5,0.8,euclidean,random,StandardScaler_per_sample_dimension
CNC(N)=S,-17.550163,9.47252,False,48,5,0.8,euclidean,random,StandardScaler_per_sample_dimension
CCCNCCCC=O,6.5113263,15.3995,False,48,5,0.8,euclidean,random,StandardScaler_per_sample_dimension
CC1=CC(C(=O)C2=CC=CC=C2)=CC=C1,14.387384,-2.9139183,True,48,5,0.8,euclidean,random,StandardScaler_per_sample_dimension
CC1=CC=CC(C(=O)C2=CC=CC=C2)=C1,14.360828,-2.9859204,False,48,5,0.8,euclidean,random,StandardScaler_per_sample_dimension
C1=CC=C(CC2=CC3=C(C=C2)CNC3)C=C1,13.535164,10.079415,False,48,5,0.8,euclidean,random,StandardScaler_per_sample_dimension
C1=CC=C(CC2=CC=C3CNCC3=C2)C=C1,13.510546,10.06256,True,48,5,0.8,euclidean,random,StandardScaler_per_sample_dimension
O=C1NCC2=C1C=C(CC1=CC=CC=C1)C=C2,13.547228,9.992964,False,48,5,0.8,euclidean,random,StandardScaler_per_sample_dimension
O=C1NCC2=C1C=CC(CC1=CC=CC=C1)=C2,13.431438,9.883577,False,48,5,0.8,euclidean,random,StandardScaler_per_sample_dimension
O=C1NCC2=CC(CC3=CC=CC=C3)=CC=C12,13.515799,9.807299,False,48,5,0.8,euclidean,random,StandardScaler_per_sample_dimension
O=C1NCC2=CC=C(CC3=CC=CC=C3)C=C12,13.511178,9.997798,False,48,5,0.8,euclidean,random,StandardScaler_per_sample_dimension
CC(=O)OC1=CC=C(C(C)C)C=C1,9.284137,-5.2715006,False,48,5,0.8,euclidean,random,StandardScaler_per_sample_dimension
BrC1=CC(Br)=CC(CC2=CC=CC=C2)=C1,22.98796,6.8688216,False,48,5,0.8,euclidean,random,StandardScaler_per_sample_dimension
OC1=C(Br)C=C(CC2=CC=CC=C2)C=C1Br,22.765224,7.1291246,False,48,5,0.8,euclidean,random,StandardScaler_per_sample_dimension
CCCC(=O)NCCCCCCN,8.506739,3.9827385,True,48,5,0.8,euclidean,random,StandardScaler_per_sample_dimension
CNCO,-13.037818,10.048792,True,48,5,0.8,euclidean,random,StandardScaler_per_sample_dimension
CC1=CC(Br)=C(O)C(Br)=C1,22.868048,7.1808524,False,48,5,0.8,euclidean,random,StandardScaler_per_sample_dimension
O=CCC1=CC=C(O)C=C1,12.61767,6.968708,True,48,5,0.8,euclidean,random,StandardScaler_per_sample_dimension
C=CC/C=C/C1=CC=CC=C1,5.963738,26.620977,False,48,5,0.8,euclidean,random,StandardScaler_per_sample_dimension
C=CC/C=C/C1=CC=C(O)C=C1,6.0956445,26.205734,False,48,5,0.8,euclidean,random,StandardScaler_per_sample_dimension
C=CC/C=C/C1=CC=CC(O)=C1,5.2827487,27.614182,False,48,5,0.8,euclidean,random,StandardScaler_per_sample_dimension
C=CC/C=C/C1=CC=C(O)C(O)=C1,5.3073745,27.680107,False,48,5,0.8,euclidean,random,StandardScaler_per_sample_dimension
OC1=CC=C(CC2=CC(Br)=CC(Br)=C2)C=C1,22.758305,6.932595,False,48,5,0.8,euclidean,random,StandardScaler_per_sample_dimension
CCNC(=O)CCC=O,17.241014,-3.841861,False,48,5,0.8,euclidean,random,StandardScaler_per_sample_dimension
COC1=CC=C(OCC2=CC=CC=C2)C=C1,-22.753021,6.935353,False,48,5,0.8,euclidean,random,StandardScaler_per_sample_dimension
COC1=CC=C(OC(=O)C2=CC=CC=C2)C=C1,-22.704453,7.0027094,False,48,5,0.8,euclidean,random,StandardScaler_per_sample_dimension
CC1=CC=C(P=O)C=C1,24.27535,-6.977135,False,48,5,0.8,euclidean,random,StandardScaler_per_sample_dimension
O=C1CCC2=C1C=CC=C2,-6.1239157,6.4853654,False,48,5,0.8,euclidean,random,StandardScaler_per_sample_dimension
O=C1CCC2=CC=CC=C12,-6.356686,6.641752,False,48,5,0.8,euclidean,random,StandardScaler_per_sample_dimension
C=CC/C=C/C1=CC=CC(OC)=C1,5.8335924,26.523,False,48,5,0.8,euclidean,random,StandardScaler_per_sample_dimension
C=CC/C=C/C1=CC=C(O)C(OC)=C1,5.49136,27.736294,False,48,5,0.8,euclidean,random,StandardScaler_per_sample_dimension
NC1=CC(NCC2=CC=CC=C2)=CC=C1,13.368156,-14.341907,False,48,5,0.8,euclidean,random,StandardScaler_per_sample_dimension
NC1=CC=CC(NCC2=CC=CC=C2)=C1,13.418876,-14.12696,False,48,5,0.8,euclidean,random,StandardScaler_per_sample_dimension
NC1=CC(NC(=O)C2=CC=CC=C2)=CC=C1,13.618617,-14.251755,False,48,5,0.8,euclidean,random,StandardScaler_per_sample_dimension
NC1=CC=CC(NC(=O)C2=CC=CC=C2)=C1,13.356849,-14.033554,False,48,5,0.8,euclidean,random,StandardScaler_per_sample_dimension
C=S,-17.602694,9.224187,False,48,5,0.8,euclidean,random,StandardScaler_per_sample_dimension
CCCOC(=O)CCC,0.43072426,-3.5545254,False,48,5,0.8,euclidean,random,StandardScaler_per_sample_dimension
S=CNC1=CC=CC=C1,-17.999512,9.006341,True,48,5,0.8,euclidean,random,StandardScaler_per_sample_dimension
CC1=CC=C(C2=CC=CC=C2)C=C1,6.590993,-1.3093967,True,48,5,0.8,euclidean,random,StandardScaler_per_sample_dimension
O=CC1=CC=C(C2=CC=CC=C2)C=C1,6.5180383,-1.3812327,False,48,5,0.8,euclidean,random,StandardScaler_per_sample_dimension
ClC1=CC=CC=C1,7.82791,23.852312,False,48,5,0.8,euclidean,random,StandardScaler_per_sample_dimension
CC1=CC=C(NP)C=C1,7.546872,-2.5808387,False,48,5,0.8,euclidean,random,StandardScaler_per_sample_dimension
CC1=CC=C(NP=O)C=C1,7.5691867,-2.6201653,False,48,5,0.8,euclidean,random,StandardScaler_per_sample_dimension
CC1=CC(C)=CC(NCC2=CC=CC=C2)=C1,6.787223,-11.381477,False,48,5,0.8,euclidean,random,StandardScaler_per_sample_dimension
CC1=CC(NCC2=CC=CC=C2)=CC(C)=C1,6.8695126,-11.669798,False,48,5,0.8,euclidean,random,StandardScaler_per_sample_dimension
CC1=CC(C)=CC(NC(=O)C2=CC=CC=C2)=C1,6.716873,-11.527373,False,48,5,0.8,euclidean,random,StandardScaler_per_sample_dimension
CC1=CC(NC(=O)C2=CC=CC=C2)=CC(C)=C1,6.6854677,-11.47834,False,48,5,0.8,euclidean,random,StandardScaler_per_sample_dimension
NC(N)=S,-17.57796,9.205613,False,48,5,0.8,euclidean,random,StandardScaler_per_sample_dimension
O=C(C1=CC=CC=C1)C1=CC=C(O)C=C1,2.8688822,18.053663,True,48,5,0.8,euclidean,random,StandardScaler_per_sample_dimension
COC1=CC=C(C(=O)C2=CC=CC=C2)C=C1,2.9294927,18.09353,False,48,5,0.8,euclidean,random,StandardScaler_per_sample_dimension
NCNC1=CC=CC=C1,-17.937654,9.0677185,False,48,5,0.8,euclidean,random,StandardScaler_per_sample_dimension
CCCNC(=O)CCC=O,9.555971,6.856977,False,48,5,0.8,euclidean,random,StandardScaler_per_sample_dimension
NC(=S)NC1=CC=CC=C1,-17.850256,8.818988,False,48,5,0.8,euclidean,random,StandardScaler_per_sample_dimension
CC1=CC=C(OC2=CC=C(O)C=C2)C=C1,3.1541433,18.283098,True,48,5,0.8,euclidean,random,StandardScaler_per_sample_dimension
NCO,-12.914788,9.929398,False,48,5,0.8,euclidean,random,StandardScaler_per_sample_dimension
CCNCC1=CC(C=O)=CC=C1,-9.807825,7.784399,False,48,5,0.8,euclidean,random,StandardScaler_per_sample_dimension
CCNCC1=CC=CC(C=O)=C1,-9.640073,7.8713846,False,48,5,0.8,euclidean,random,StandardScaler_per_sample_dimension
CCOCCCC=O,-0.10096133,-2.639073,False,48,5,0.8,euclidean,random,StandardScaler_per_sample_dimension
CC(C=O)CPC1=CC=CC=C1,15.363382,-6.35358,False,48,5,0.8,euclidean,random,StandardScaler_per_sample_dimension
CC(C=O)C[PH](=O)C1=CC=CC=C1,15.336508,-6.3247347,False,48,5,0.8,euclidean,random,StandardScaler_per_sample_dimension
CC1=CC(CNC2=CC=C(O)C=C2)=CC=C1,-1.3100828,3.8961103,False,48,5,0.8,euclidean,random,StandardScaler_per_sample_dimension
CC1=CC=CC(CNC2=CC=C(O)C=C2)=C1,-1.3687954,4.0241737,False,48,5,0.8,euclidean,random,StandardScaler_per_sample_dimension
CC1=CC(C(=O)NC2=CC=C(O)C=C2)=CC=C1,-1.2897664,4.115166,False,48,5,0.8,euclidean,random,StandardScaler_per_sample_dimension
CC(C=O)CP,15.310017,-6.214634,False,48,5,0.8,euclidean,random,StandardScaler_per_sample_dimension
CC(C=O)CP=O,15.243641,-6.3320594,False,48,5,0.8,euclidean,random,StandardScaler_per_sample_dimension
CCOPC1=CC=CC=C1,8.362993,2.5917413,False,48,5,0.8,euclidean,random,StandardScaler_per_sample_dimension
CCO[PH](=O)C1=CC=CC=C1,8.501639,2.6617963,False,48,5,0.8,euclidean,random,StandardScaler_per_sample_dimension
CC(C)(C)O,21.476353,-2.0064414,False,48,5,0.8,euclidean,random,StandardScaler_per_sample_dimension
CC1(C)CCCCC1,7.6471167,-1.7916831,False,48,5,0.8,euclidean,random,StandardScaler_per_sample_dimension
CC(C)CPC1=CC=CC=C1,11.55558,7.1606255,False,48,5,0.8,euclidean,random,StandardScaler_per_sample_dimension
CC(C)C[PH](=O)C1=CC=CC=C1,11.336819,7.078528,False,48,5,0.8,euclidean,random,StandardScaler_per_sample_dimension
C=CCC=C,6.13161,27.580507,False,48,5,0.8,euclidean,random,StandardScaler_per_sample_dimension
CC(C)CP,11.320681,7.0492215,False,48,5,0.8,euclidean,random,StandardScaler_per_sample_dimension
CC(C)CP=O,11.491173,6.987856,False,48,5,0.8,euclidean,random,StandardScaler_per_sample_dimension
C1=CC2=C(C=C1)CCC2,-5.7349753,6.3837,True,48,5,0.8,euclidean,random,StandardScaler_per_sample_dimension
C1=CC=C2CCCC2=C1,-5.602926,6.1882405,False,48,5,0.8,euclidean,random,StandardScaler_per_sample_dimension
PC1=CC=C(C2=CC=NC=C2)C=C1,18.946592,3.3355126,True,48,5,0.8,euclidean,random,StandardScaler_per_sample_dimension
C(=C/C1=CC=CC=C1)\C/C=C/C1=CC=CC=C1,6.1282234,27.168985,False,48,5,0.8,euclidean,random,StandardScaler_per_sample_dimension
CCNCC(C)CC,6.804137,9.934674,False,48,5,0.8,euclidean,random,StandardScaler_per_sample_dimension
CCCCCCCCC(=O)NC,-1.0872124,9.5578985,False,48,5,0.8,euclidean,random,StandardScaler_per_sample_dimension
CCCCCCCCCC(=O)NC,-0.9603011,9.383775,False,48,5,0.8,euclidean,random,StandardScaler_per_sample_dimension
CCNC(=O)C(C)CC,6.8466206,9.833442,False,48,5,0.8,euclidean,random,StandardScaler_per_sample_dimension
CCCCCCCCC(N)=O,-0.3080593,9.853805,False,48,5,0.8,euclidean,random,StandardScaler_per_sample_dimension
CCCCCCCC(=O)NCC,2.6801577,7.4078827,False,48,5,0.8,euclidean,random,StandardScaler_per_sample_dimension
CCCCCCCCCC(N)=O,-0.27676913,9.878824,False,48,5,0.8,euclidean,random,StandardScaler_per_sample_dimension
CCC1=CC=C(C(C)C)C=C1,-9.952486,5.8027554,False,48,5,0.8,euclidean,random,StandardScaler_per_sample_dimension
CCCCCCC(=O)NCCC,2.606912,7.4346156,False,48,5,0.8,euclidean,random,StandardScaler_per_sample_dimension
CCCCCCCC(=O)NCCC,2.8200922,7.5758266,True,48,5,0.8,euclidean,random,StandardScaler_per_sample_dimension
CCCCCCCNCCCC,2.954194,7.958934,True,48,5,0.8,euclidean,random,StandardScaler_per_sample_dimension
CNCCCCCCCCCC=O,0.33214948,9.036086,False,48,5,0.8,euclidean,random,StandardScaler_per_sample_dimension
CNC(=O)CCCCCCCCC=O,0.51452076,9.079457,False,48,5,0.8,euclidean,random,StandardScaler_per_sample_dimension
CCCCCC(=O)NC1=CC=C(O)C=C1,3.9846778,11.602722,True,48,5,0.8,euclidean,random,StandardScaler_per_sample_dimension
CCCCCCCC(=O)NC1=CC=CC=C1,1.2267156,11.168458,False,48,5,0.8,euclidean,random,StandardScaler_per_sample_dimension
CCCCCCNC1=CC=C(O)C=C1,3.798914,11.536339,False,48,5,0.8,euclidean,random,StandardScaler_per_sample_dimension
CCCCCCCCNC(C)=O,0.9872904,9.067798,False,48,5,0.8,euclidean,random,StandardScaler_per_sample_dimension
CCCCCCCCNCCCC,2.5900254,8.025655,False,48,5,0.8,euclidean,random,StandardScaler_per_sample_dimension
NCCCCCCCCCC=O,0.66458946,8.5216675,False,48,5,0.8,euclidean,random,StandardScaler_per_sample_dimension
CCCCCCCCNC1=CC=CC=C1,1.0626267,11.083942,True,48,5,0.8,euclidean,random,StandardScaler_per_sample_dimension
NC(=O)CCCCCCCCC=O,0.4680055,8.582838,False,48,5,0.8,euclidean,random,StandardScaler_per_sample_dimension
CCCCCNC1=CC=C(O)C=C1,3.8367043,12.022645,False,48,5,0.8,euclidean,random,StandardScaler_per_sample_dimension
CCCCC(=O)NC1=CC=C(O)C=C1,4.008991,11.9729185,False,48,5,0.8,euclidean,random,StandardScaler_per_sample_dimension
CC1=CC=C(C(C)C2=CC=CC=C2)C=C1,-10.429701,5.353799,False,48,5,0.8,euclidean,random,StandardScaler_per_sample_dimension
O=C1NCC2CCCCC12,-8.716674,4.033118,False,48,5,0.8,euclidean,random,StandardScaler_per_sample_dimension
CNCC1=C(O)C=CC=C1,-13.798863,10.830958,False,48,5,0.8,euclidean,random,StandardScaler_per_sample_dimension
CNCC1=CC=CC=C1O,-13.671028,10.847208,True,48,5,0.8,euclidean,random,StandardScaler_per_sample_dimension
O=CCCCCCCCCC=O,2.1550586,8.6727705,False,48,5,0.8,euclidean,random,StandardScaler_per_sample_dimension
OC(C1=CC=CC=C1)C1=CC=CC=C1,-0.2684249,19.701096,False,48,5,0.8,euclidean,random,StandardScaler_per_sample_dimension
COC(C1=CC=CC=C1)C1=CC=CC=C1,-0.58502614,19.943855,False,48,5,0.8,euclidean,random,StandardScaler_per_sample_dimension
O=COC(C1=CC=CC=C1)C1=CC=CC=C1,-0.58743924,19.980246,False,48,5,0.8,euclidean,random,StandardScaler_per_sample_dimension
CCCCCCNCCCCC,8.1049185,6.0043325,True,48,5,0.8,euclidean,random,StandardScaler_per_sample_dimension
O=CC1=CC(C(=O)C2=CC=CC=C2)=CC=C1,14.438308,-2.9434516,True,48,5,0.8,euclidean,random,StandardScaler_per_sample_dimension
O=CC1=CC=CC(C(=O)C2=CC=CC=C2)=C1,14.500657,-2.740576,False,48,5,0.8,euclidean,random,StandardScaler_per_sample_dimension
C1=CC=C(CCC2=CC=CC=C2)C=C1,-5.852713,6.8276844,True,48,5,0.8,euclidean,random,StandardScaler_per_sample_dimension
CCOPCC,8.263619,2.4383996,False,48,5,0.8,euclidean,random,StandardScaler_per_sample_dimension
CCO[PH](=O)CC,8.45427,2.5565848,False,48,5,0.8,euclidean,random,StandardScaler_per_sample_dimension
COC1=CC=C(CC=O)C=C1,12.561306,7.1092534,False,48,5,0.8,euclidean,random,StandardScaler_per_sample_dimension
C1=CC=C(COCC2=CC=CC=C2)C=C1,22.688206,9.017429,False,48,5,0.8,euclidean,random,StandardScaler_per_sample_dimension
O=C(OCC1=CC=CC=C1)C1=CC=CC=C1,22.862734,8.960364,False,48,5,0.8,euclidean,random,StandardScaler_per_sample_dimension
C1CCC2CNCC2C1,6.0649457,2.5342882,False,48,5,0.8,euclidean,random,StandardScaler_per_sample_dimension
CC1=CC=C(OC2=CC(C)=CC=C2)C=C1,13.86393,20.20422,False,48,5,0.8,euclidean,random,StandardScaler_per_sample_dimension
CC1=CC=C(OC2=CC=CC(C)=C2)C=C1,13.721543,20.082668,True,48,5,0.8,euclidean,random,StandardScaler_per_sample_dimension
CCCP1OC2=C(C=CC=C2)C2=C1C=CC=C2,15.191652,-6.2676673,False,48,5,0.8,euclidean,random,StandardScaler_per_sample_dimension
CCCP1OC2=C(C=CC=C2)C2=CC=CC=C21,15.11778,-6.2056813,False,48,5,0.8,euclidean,random,StandardScaler_per_sample_dimension
CCCP1OC2=CC=CC=C2C2=C1C=CC=C2,15.16165,-6.258584,False,48,5,0.8,euclidean,random,StandardScaler_per_sample_dimension
CCCP1OC2=CC=CC=C2C2=CC=CC=C21,15.055227,-5.910426,False,48,5,0.8,euclidean,random,StandardScaler_per_sample_dimension
O=COC1=CC=C(OCC2=CC=CC=C2)C=C1,-22.81769,7.119625,False,48,5,0.8,euclidean,random,StandardScaler_per_sample_dimension
CCCCCNC(=O)CCCCC,8.075122,5.7975683,True,48,5,0.8,euclidean,random,StandardScaler_per_sample_dimension
O=C1NC(=O)C2CCCCC12,6.1304126,2.606749,False,48,5,0.8,euclidean,random,StandardScaler_per_sample_dimension
C=CC(C)=O,5.701978,0.8380498,False,48,5,0.8,euclidean,random,StandardScaler_per_sample_dimension
CN(C)CCO,12.763174,13.506899,False,48,5,0.8,euclidean,random,StandardScaler_per_sample_dimension
NCC1=C(O)C=CC=C1,-13.502857,10.576324,False,48,5,0.8,euclidean,random,StandardScaler_per_sample_dimension
NCC1=CC=CC=C1O,-13.567225,10.624121,False,48,5,0.8,euclidean,random,StandardScaler_per_sample_dimension
CC(=O)/C=C/C1=CC=CC=C1,5.768811,0.8838406,False,48,5,0.8,euclidean,random,StandardScaler_per_sample_dimension
CNC1=CC=CC(COCCO)=C1,4.3324995,30.664896,True,48,5,0.8,euclidean,random,StandardScaler_per_sample_dimension
CNC1=CC=CC(C(=O)OCCO)=C1,4.145645,30.793661,False,48,5,0.8,euclidean,random,StandardScaler_per_sample_dimension
O=CNC1=CC=CC(COCCO)=C1,4.3890057,30.825857,False,48,5,0.8,euclidean,random,StandardScaler_per_sample_dimension
O=CNC1=CC=CC(C(=O)OCCO)=C1,4.1966767,30.565426,False,48,5,0.8,euclidean,random,StandardScaler_per_sample_dimension
NC1=NC(N)=NC(N)=N1,-2.0911586,-11.224819,True,48,5,0.8,euclidean,random,StandardScaler_per_sample_dimension
CCCNCC1=CC(C)=CC=C1,-7.334469,-0.8168967,False,48,5,0.8,euclidean,random,StandardScaler_per_sample_dimension
CCCNCC1=CC=CC(C)=C1,-7.341344,-0.84808064,False,48,5,0.8,euclidean,random,StandardScaler_per_sample_dimension
NC1=CC=C(C2=CC=CC=N2)C=C1,18.139782,3.1089232,True,48,5,0.8,euclidean,random,StandardScaler_per_sample_dimension
NC1=CC=C(C2=NC=CC=C2)C=C1,18.305754,3.0611773,False,48,5,0.8,euclidean,random,StandardScaler_per_sample_dimension
OC1=CC=C(P)C=C1,4.8338604,19.123829,False,48,5,0.8,euclidean,random,StandardScaler_per_sample_dimension
COC1=CC=C(P)C=C1,4.8462763,19.158821,False,48,5,0.8,euclidean,random,StandardScaler_per_sample_dimension
O=PC1=CC=C(O)C=C1,4.96501,19.272078,False,48,5,0.8,euclidean,random,StandardScaler_per_sample_dimension
COC1=CC=C(P=O)C=C1,4.815825,19.126709,False,48,5,0.8,euclidean,random,StandardScaler_per_sample_dimension
[NH4+],18.83135,-4.2261186,False,48,5,0.8,euclidean,random,StandardScaler_per_sample_dimension
CCNCC1=CC=C(O)C=C1,10.395651,-4.868199,False,48,5,0.8,euclidean,random,StandardScaler_per_sample_dimension
CNC1=CC=C(C2=CC=CC=N2)C=C1,18.308851,2.7153697,True,48,5,0.8,euclidean,random,StandardScaler_per_sample_dimension
CNC1=CC=C(C2=NC=CC=C2)C=C1,18.455664,2.8111107,False,48,5,0.8,euclidean,random,StandardScaler_per_sample_dimension
CCNC1=CC=C(C2=NC=CC=C2)C=C1,18.380188,2.8207107,False,48,5,0.8,euclidean,random,StandardScaler_per_sample_dimension
O=CNC1=CC=C(C2=CC=CC=N2)C=C1,18.114698,2.8628259,False,48,5,0.8,euclidean,random,StandardScaler_per_sample_dimension
O=CNC1=CC=C(C2=NC=CC=C2)C=C1,18.449827,2.8865795,False,48,5,0.8,euclidean,random,StandardScaler_per_sample_dimension
CC(=O)NC1=CC=C(C2=NC=CC=C2)C=C1,18.231934,2.8374295,False,48,5,0.8,euclidean,random,StandardScaler_per_sample_dimension
CNC1=CC=C(CC2=CC=C(N)C=C2)C=C1,-8.906852,17.701277,False,48,5,0.8,euclidean,random,StandardScaler_per_sample_dimension
NC1=CC=C(CC2=CC=C(NC=O)C=C2)C=C1,-8.881936,17.632748,False,48,5,0.8,euclidean,random,StandardScaler_per_sample_dimension
CCNC(=O)C1=CC(C)=CC=C1,-9.898734,7.8986907,False,48,5,0.8,euclidean,random,StandardScaler_per_sample_dimension
CCNC(=O)C1=CC=CC(C)=C1,-9.818302,7.714612,False,48,5,0.8,euclidean,random,StandardScaler_per_sample_dimension
CCNC(=O)C1=CC(C=O)=CC=C1,-9.723556,7.6413116,False,48,5,0.8,euclidean,random,StandardScaler_per_sample_dimension
CCNC(=O)C1=CC=CC(C=O)=C1,-9.7363405,7.7803016,False,48,5,0.8,euclidean,random,StandardScaler_per_sample_dimension
O=CC1=CC(CNC2=CC=C(O)C=C2)=CC=C1,-1.5616251,3.833458,False,48,5,0.8,euclidean,random,StandardScaler_per_sample_dimension
CCOC(=O)CCC=O,0.0858093,-2.6602323,False,48,5,0.8,euclidean,random,StandardScaler_per_sample_dimension
CC1=CC=C(N2CC3=C(C=C(C)C=C3)C2)C=C1,16.542933,2.2534702,False,48,5,0.8,euclidean,random,StandardScaler_per_sample_dimension
CC1=CC=C(N2CC3=CC=C(C)C=C3C2)C=C1,16.464758,2.2245688,False,48,5,0.8,euclidean,random,StandardScaler_per_sample_dimension
COC(C)(C)C,22.162243,-1.9057627,False,48,5,0.8,euclidean,random,StandardScaler_per_sample_dimension
CC(C)(C)OC=O,22.456188,-1.6756709,False,48,5,0.8,euclidean,random,StandardScaler_per_sample_dimension
CCOC(C)(C)C,21.675909,-1.98709,False,48,5,0.8,euclidean,random,StandardScaler_per_sample_dimension
CC(=O)OC(C)(C)C,21.418625,-2.0753646,False,48,5,0.8,euclidean,random,StandardScaler_per_sample_dimension
NC1=CC=C(OC2=CC=C(N)C=C2)C=C1,-1.1244239,3.8540988,False,48,5,0.8,euclidean,random,StandardScaler_per_sample_dimension
CCOC(C1=CC=CC=C1)C1=CC=CC=C1,22.59598,-1.7751662,False,48,5,0.8,euclidean,random,StandardScaler_per_sample_dimension
CC(=O)OC(C1=CC=CC=C1)C1=CC=CC=C1,22.09367,-1.8923296,False,48,5,0.8,euclidean,random,StandardScaler_per_sample_dimension
CCCCCNCCCCCN,-4.1759253,3.0836937,True,48,5,0.8,euclidean,random,StandardScaler_per_sample_dimension
O=COC1=CC=C(OC=O)C=C1,7.954772,12.299119,False,48,5,0.8,euclidean,random,StandardScaler_per_sample_dimension
OCCCOCC1=CC=CC=C1,-2.3411286,-4.6515775,True,48,5,0.8,euclidean,random,StandardScaler_per_sample_dimension
O=C(OCCCO)C1=CC=CC=C1,-2.1746976,-4.473501,False,48,5,0.8,euclidean,random,StandardScaler_per_sample_dimension
CC1=CC=C(OCC2=CC=CC=C2)C=C1,16.265774,3.6102712,False,48,5,0.8,euclidean,random,StandardScaler_per_sample_dimension
CC1=CC=C(OC(=O)C2=CC=CC=C2)C=C1,16.277336,3.6256056,False,48,5,0.8,euclidean,random,StandardScaler_per_sample_dimension
CCNCCCCCCNC,5.8641376,11.324989,False,48,5,0.8,euclidean,random,StandardScaler_per_sample_dimension
CCCCCCCCCNC=O,-0.046998397,9.684282,False,48,5,0.8,euclidean,random,StandardScaler_per_sample_dimension
CCCCCCCCCCNC=O,-0.09604846,9.775174,False,48,5,0.8,euclidean,random,StandardScaler_per_sample_dimension
CNCCCCCCNC,5.5637197,12.109111,True,48,5,0.8,euclidean,random,StandardScaler_per_sample_dimension
CNC1=NC(N)=NC(NC)=N1,-16.202578,2.2567787,False,48,5,0.8,euclidean,random,StandardScaler_per_sample_dimension
CNC1=NC(NC)=NC(N)=N1,-16.274324,2.175997,False,48,5,0.8,euclidean,random,StandardScaler_per_sample_dimension
CCC(C)C1=CC(C)=CC=C1,2.8106647,12.2253,False,48,5,0.8,euclidean,random,StandardScaler_per_sample_dimension
CCC(C)C1=CC=CC(C)=C1,2.931294,12.342388,False,48,5,0.8,euclidean,random,StandardScaler_per_sample_dimension
CCC1=CC(C)=C(O)C=C1,1.6727381,12.795737,True,48,5,0.8,euclidean,random,StandardScaler_per_sample_dimension
CCC1=CC=C(O)C(C)=C1,1.6190447,12.755095,False,48,5,0.8,euclidean,random,StandardScaler_per_sample_dimension
CCCOP,15.349101,5.049679,True,48,5,0.8,euclidean,random,StandardScaler_per_sample_dimension
CCCOP=O,15.447509,4.888566,False,48,5,0.8,euclidean,random,StandardScaler_per_sample_dimension
CCCCCCCCCNC(C)=O,0.5347479,8.962033,False,48,5,0.8,euclidean,random,StandardScaler_per_sample_dimension
CNC1=NC(N)=NC(N)=N1,-16.43267,2.276194,False,48,5,0.8,euclidean,random,StandardScaler_per_sample_dimension
CCCCCCCC(=O)NC1=CC=C(O)C=C1,1.1262616,11.290163,False,48,5,0.8,euclidean,random,StandardScaler_per_sample_dimension
CPC1=CC=CC(NCC2=CC=CC=C2)=C1,21.91186,-6.322931,False,48,5,0.8,euclidean,random,StandardScaler_per_sample_dimension
CPC1=CC=CC(NC(=O)C2=CC=CC=C2)=C1,22.005415,-6.357176,False,48,5,0.8,euclidean,random,StandardScaler_per_sample_dimension
C[PH](=O)C1=CC=CC(NCC2=CC=CC=C2)=C1,22.066326,-6.0287247,False,48,5,0.8,euclidean,random,StandardScaler_per_sample_dimension
CCCCCCCNC1=CC=C(O)C=C1,1.2571566,11.423246,False,48,5,0.8,euclidean,random,StandardScaler_per_sample_dimension
CC1=CC(C(C)C2=CC=C(O)C=C2)=CC=C1,-4.1475735,19.796263,False,48,5,0.8,euclidean,random,StandardScaler_per_sample_dimension
CC1=CC=CC(C(C)C2=CC=C(O)C=C2)=C1,-4.138253,19.69924,False,48,5,0.8,euclidean,random,StandardScaler_per_sample_dimension
CCCCCCC(=O)NC1=CC=C(O)C=C1,1.1793392,11.257627,False,48,5,0.8,euclidean,random,StandardScaler_per_sample_dimension
CCCCCCCCNC1=CC=C(O)C=C1,0.9123609,11.0891075,False,48,5,0.8,euclidean,random,StandardScaler_per_sample_dimension
O=CCCCCCNC=O,4.875511,12.069409,False,48,5,0.8,euclidean,random,StandardScaler_per_sample_dimension
CCCCCCCCCCNC(C)=O,0.43429253,8.621763,False,48,5,0.8,euclidean,random,StandardScaler_per_sample_dimension
CCC1=CC(CC)=CC=C1,1.877701,16.65422,False,48,5,0.8,euclidean,random,StandardScaler_per_sample_dimension
CCC1=CC=CC(CC)=C1,2.098662,16.70879,False,48,5,0.8,euclidean,random,StandardScaler_per_sample_dimension
CNC1=NC(NC)=NC(NC)=N1,-2.2079682,-11.352825,False,48,5,0.8,euclidean,random,StandardScaler_per_sample_dimension
CCNCCC(C)C=O,6.08619,9.142044,False,48,5,0.8,euclidean,random,StandardScaler_per_sample_dimension
CC1=CC=C([PH](=O)C2=CC=CC=C2)C=C1,24.44141,-6.8774023,False,48,5,0.8,euclidean,random,StandardScaler_per_sample_dimension
O=CC1=CC=C(PC2=CC=CC=C2)C=C1,24.27813,-7.0246887,False,48,5,0.8,euclidean,random,StandardScaler_per_sample_dimension
CC(C)(C1=CC=CC=C1)C1=CC(Br)=CC=C1,23.903309,5.191237,False,48,5,0.8,euclidean,random,StandardScaler_per_sample_dimension
CC(C)(C1=CC=CC=C1)C1=CC=CC(Br)=C1,24.966581,7.180364,False,48,5,0.8,euclidean,random,StandardScaler_per_sample_dimension
O=CC1=CC=C([PH](=O)C2=CC=CC=C2)C=C1,24.440294,-6.8645644,False,48,5,0.8,euclidean,random,StandardScaler_per_sample_dimension
CC(C)(C1=CC(Br)=CC=C1)C1=CC(Br)=CC=C1,24.358866,6.7595387,False,48,5,0.8,euclidean,random,StandardScaler_per_sample_dimension
CC(C)(C1=CC(Br)=CC=C1)C1=CC=CC(Br)=C1,24.408812,6.5805845,False,48,5,0.8,euclidean,random,StandardScaler_per_sample_dimension
CC(C)(C1=CC=C(O)C=C1)C1=CC(Br)=CC=C1,25.026667,7.2631464,False,48,5,0.8,euclidean,random,StandardScaler_per_sample_dimension
CC(C)(C1=CC=C(O)C=C1)C1=CC=CC(Br)=C1,24.262014,5.992425,False,48,5,0.8,euclidean,random,StandardScaler_per_sample_dimension
CC(C)(C1=CC=CC(Br)=C1)C1=CC(Br)=CC=C1,24.419895,6.420765,False,48,5,0.8,euclidean,random,StandardScaler_per_sample_dimension
CC(C)(C1=CC=CC(Br)=C1)C1=CC=CC(Br)=C1,24.736477,6.4272537,False,48,5,0.8,euclidean,random,StandardScaler_per_sample_dimension
CC(C)(C1=CC=CC=C1)C1=CC(Br)=C(O)C=C1,24.11351,5.866493,False,48,5,0.8,euclidean,random,StandardScaler_per_sample_dimension
CC(C)(C1=CC=CC=C1)C1=CC=C(O)C(Br)=C1,24.486168,5.8935313,False,48,5,0.8,euclidean,random,StandardScaler_per_sample_dimension
CCC(=O)NC1=CC(PC)=CC=C1,10.050047,-13.25719,False,48,5,0.8,euclidean,random,StandardScaler_per_sample_dimension
CCC(=O)NC1=CC=CC(PC)=C1,9.782957,-13.038933,False,48,5,0.8,euclidean,random,StandardScaler_per_sample_dimension
CCC(=O)NC1=CC([PH](C)=O)=CC=C1,9.851365,-13.266929,False,48,5,0.8,euclidean,random,StandardScaler_per_sample_dimension
CCC(=O)NC1=CC=CC([PH](C)=O)=C1,9.917878,-13.256909,False,48,5,0.8,euclidean,random,StandardScaler_per_sample_dimension
CCNC(=O)CC(C)C=O,5.9553695,9.165002,False,48,5,0.8,euclidean,random,StandardScaler_per_sample_dimension
COP(O)O,-8.423105,-5.273629,False,48,5,0.8,euclidean,random,StandardScaler_per_sample_dimension
COP(=O)(O)O,-8.360106,-5.2861576,False,48,5,0.8,euclidean,random,StandardScaler_per_sample_dimension
COP(O)OC,-8.363842,-5.2948356,False,48,5,0.8,euclidean,random,StandardScaler_per_sample_dimension
COP(=O)(O)OC,-8.094985,-5.015064,False,48,5,0.8,euclidean,random,StandardScaler_per_sample_dimension
CCCNC1=CC(PC)=CC=C1,10.027262,-13.120507,True,48,5,0.8,euclidean,random,StandardScaler_per_sample_dimension
CCCNC1=CC=CC(PC)=C1,10.112714,-13.054084,False,48,5,0.8,euclidean,random,StandardScaler_per_sample_dimension
CCCNC1=CC([PH](C)=O)=CC=C1,9.93327,-13.0164995,False,48,5,0.8,euclidean,random,StandardScaler_per_sample_dimension
CCCNC1=CC=CC([PH](C)=O)=C1,10.063899,-13.096358,False,48,5,0.8,euclidean,random,StandardScaler_per_sample_dimension
PC1=CC(NCC2=CC=CC=C2)=CC=C1,25.26906,1.8382472,False,48,5,0.8,euclidean,random,StandardScaler_per_sample_dimension
PC1=CC=CC(NCC2=CC=CC=C2)=C1,25.549091,1.527091,False,48,5,0.8,euclidean,random,StandardScaler_per_sample_dimension
O=C(NC1=CC(P)=CC=C1)C1=CC=CC=C1,25.448359,1.6616876,False,48,5,0.8,euclidean,random,StandardScaler_per_sample_dimension
O=C(NC1=CC=CC(P)=C1)C1=CC=CC=C1,25.448631,1.7065705,False,48,5,0.8,euclidean,random,StandardScaler_per_sample_dimension
O=PC1=CC(NCC2=CC=CC=C2)=CC=C1,25.329218,1.6415268,False,48,5,0.8,euclidean,random,StandardScaler_per_sample_dimension
O=PC1=CC=CC(NCC2=CC=CC=C2)=C1,25.624092,1.4635677,False,48,5,0.8,euclidean,random,StandardScaler_per_sample_dimension
O=PC1=CC(NC(=O)C2=CC=CC=C2)=CC=C1,25.311676,1.8605059,False,48,5,0.8,euclidean,random,StandardScaler_per_sample_dimension
O=PC1=CC=CC(NC(=O)C2=CC=CC=C2)=C1,25.138481,1.9998686,False,48,5,0.8,euclidean,random,StandardScaler_per_sample_dimension
CCCCC(=O)NCCCCCN,-4.414662,2.9648964,False,48,5,0.8,euclidean,random,StandardScaler_per_sample_dimension
CC(=O)NCCCCCC=O,-9.083095,3.7883914,False,48,5,0.8,euclidean,random,StandardScaler_per_sample_dimension
CC1=CC(C(C)(C)C2=CC=C(O)C=C2)=CC=C1,9.760491,-0.34376743,False,48,5,0.8,euclidean,random,StandardScaler_per_sample_dimension
CC1=CC=CC(C(C)(C)C2=CC=C(O)C=C2)=C1,9.909432,-0.46501026,False,48,5,0.8,euclidean,random,StandardScaler_per_sample_dimension
CCCNCCC(C)C=O,6.472858,15.478891,False,48,5,0.8,euclidean,random,StandardScaler_per_sample_dimension
CCCNC(=O)CC(C)C=O,6.201463,15.373249,False,48,5,0.8,euclidean,random,StandardScaler_per_sample_dimension
POC1=C(Br)C=CC=C1,22.519156,2.919708,False,48,5,0.8,euclidean,random,StandardScaler_per_sample_dimension
POC1=CC=CC=C1Br,22.22528,2.8459373,False,48,5,0.8,euclidean,random,StandardScaler_per_sample_dimension
O=POC1=C(Br)C=CC=C1,22.455137,2.8549366,False,48,5,0.8,euclidean,random,StandardScaler_per_sample_dimension
O=POC1=CC=CC=C1Br,22.082685,2.8461945,False,48,5,0.8,euclidean,random,StandardScaler_per_sample_dimension
C1=CC=C(C2OCC3=C2C=CC=C3)C=C1,22.158098,4.965197,False,48,5,0.8,euclidean,random,StandardScaler_per_sample_dimension
C1=CC=C(C2OCC3=CC=CC=C32)C=C1,22.298876,4.8019214,False,48,5,0.8,euclidean,random,StandardScaler_per_sample_dimension
O=C1OC(C2=CC=CC=C2)C2=C1C=CC=C2,21.153433,5.771106,False,48,5,0.8,euclidean,random,StandardScaler_per_sample_dimension
O=C1OC(C2=CC=CC=C2)C2=CC=CC=C12,21.268297,5.644022,False,48,5,0.8,euclidean,random,StandardScaler_per_sample_dimension
CCCNC1=CC(PC2=CC=CC=C2)=CC=C1,20.8846,0.58770525,True,48,5,0.8,euclidean,random,StandardScaler_per_sample_dimension
CCCNC1=CC=CC(PC2=CC=CC=C2)=C1,20.871634,0.59609175,False,48,5,0.8,euclidean,random,StandardScaler_per_sample_dimension
O=CC1=CC(P)=CC=C1,-5.693405,11.688626,False,48,5,0.8,euclidean,random,StandardScaler_per_sample_dimension
O=CC1=CC=C(P)C=C1,24.284912,-6.994174,False,48,5,0.8,euclidean,random,StandardScaler_per_sample_dimension
O=CC1=CC=CC(P)=C1,-5.845272,11.933345,False,48,5,0.8,euclidean,random,StandardScaler_per_sample_dimension
O=CC1=CC(P=O)=CC=C1,-5.9978213,11.900146,False,48,5,0.8,euclidean,random,StandardScaler_per_sample_dimension
O=CC1=CC=C(P=O)C=C1,24.343937,-7.201351,False,48,5,0.8,euclidean,random,StandardScaler_per_sample_dimension
O=CC1=CC=CC(P=O)=C1,-5.9371266,11.730038,False,48,5,0.8,euclidean,random,StandardScaler_per_sample_dimension
O=[SH]C1=CC=C(OP)C=C1,-13.015283,7.629483,False,48,5,0.8,euclidean,random,StandardScaler_per_sample_dimension
O=CCCCCCNC1=CC=CC=C1,-9.205026,3.7644172,False,48,5,0.8,euclidean,random,StandardScaler_per_sample_dimension
CC1=CC=C(PC2=CC=C(C=O)C=C2)C=C1,24.413532,-7.162223,False,48,5,0.8,euclidean,random,StandardScaler_per_sample_dimension
O=S(C1=CC=CC=C1)C1=CC=C(OP)C=C1,-13.141945,7.7795844,False,48,5,0.8,euclidean,random,StandardScaler_per_sample_dimension
CC(C)(C1=CC=CC=C1)C1=CC(Br)=CC(Br)=C1,22.909292,7.119321,False,48,5,0.8,euclidean,random,StandardScaler_per_sample_dimension
O=C1C2=C(C=CC=C2)CN1C1=C(O)C=CC=C1,13.618319,21.787498,True,48,5,0.8,euclidean,random,StandardScaler_per_sample_dimension
O=C1C2=C(C=CC=C2)CN1C1=CC=CC=C1O,14.101904,21.912148,False,48,5,0.8,euclidean,random,StandardScaler_per_sample_dimension
O=C1C2=CC=CC=C2CN1C1=C(O)C=CC=C1,13.933508,21.684578,False,48,5,0.8,euclidean,random,StandardScaler_per_sample_dimension
O=C1C2=CC=CC=C2CN1C1=CC=CC=C1O,13.8955,21.818335,False,48,5,0.8,euclidean,random,StandardScaler_per_sample_dimension
O=S(C1=CC=C(O)C=C1)C1=CC=C(OP)C=C1,-13.101352,7.672859,False,48,5,0.8,euclidean,random,StandardScaler_per_sample_dimension
CC1=CC=C(O)C=C1C,13.813731,20.108738,False,48,5,0.8,euclidean,random,StandardScaler_per_sample_dimension
CCC(=O)NC1=CC(P)=CC=C1,20.550491,0.97446615,False,48,5,0.8,euclidean,random,StandardScaler_per_sample_dimension
CCC(=O)NC1=CC=CC(P)=C1,20.680311,0.9788076,False,48,5,0.8,euclidean,random,StandardScaler_per_sample_dimension
CCC(=O)NC1=CC(P=O)=CC=C1,20.511366,0.8341931,False,48,5,0.8,euclidean,random,StandardScaler_per_sample_dimension
CCC(=O)NC1=CC=CC(P=O)=C1,20.425331,1.089803,False,48,5,0.8,euclidean,random,StandardScaler_per_sample_dimension
CC1=CC=C(OC2=CC=CC=C2)C=C1C,13.824077,20.057669,False,48,5,0.8,euclidean,random,StandardScaler_per_sample_dimension
O=CCCCCC(=O)NC1=CC=CC=C1,-9.324629,3.5353472,False,48,5,0.8,euclidean,random,StandardScaler_per_sample_dimension
CC1=C(O)C=CC(N)=C1,13.097438,26.436602,False,48,5,0.8,euclidean,random,StandardScaler_per_sample_dimension
CC1=C(OC2=CC=CC=C2)C=CC(N)=C1,13.273283,26.435152,False,48,5,0.8,euclidean,random,StandardScaler_per_sample_dimension
CCCCCOC,7.619099,1.3368132,False,48,5,0.8,euclidean,random,StandardScaler_per_sample_dimension
CC(C)CCCNC1=CC=CC=C1,6.043963,3.0093968,True,48,5,0.8,euclidean,random,StandardScaler_per_sample_dimension
CC(C)CCC(=O)NC1=CC=CC=C1,6.0109363,2.9215703,False,48,5,0.8,euclidean,random,StandardScaler_per_sample_dimension
CNC1=CC(C)=CC(COCCO)=C1,4.184076,30.600748,False,48,5,0.8,euclidean,random,StandardScaler_per_sample_dimension
CC1=CC(COCCO)=CC(NC=O)=C1,4.1390195,30.824238,False,48,5,0.8,euclidean,random,StandardScaler_per_sample_dimension
CNC1=CC(C)=CC(C(=O)OCCO)=C1,4.253643,30.58278,False,48,5,0.8,euclidean,random,StandardScaler_per_sample_dimension
CNC1=CC(C=O)=CC(COCCO)=C1,4.3500156,30.75423,False,48,5,0.8,euclidean,random,StandardScaler_per_sample_dimension
CC1=CC(C(=O)OCCO)=CC(NC=O)=C1,4.2469506,30.776775,False,48,5,0.8,euclidean,random,StandardScaler_per_sample_dimension
CNC1=CC(C=O)=CC(C(=O)OCCO)=C1,4.444048,30.799383,False,48,5,0.8,euclidean,random,StandardScaler_per_sample_dimension
CNC1=CC=C(OC2=CC=C(N)C=C2)C=C1,-0.94358355,3.6391053,False,48,5,0.8,euclidean,random,StandardScaler_per_sample_dimension
O=CNC1=CC(C=O)=CC(COCCO)=C1,4.086605,30.719482,False,48,5,0.8,euclidean,random,StandardScaler_per_sample_dimension
CCNC1=CC=C(OC2=CC=C(N)C=C2)C=C1,-0.9460685,3.398091,False,48,5,0.8,euclidean,random,StandardScaler_per_sample_dimension
NC1=CC=C(OC2=CC=C(NC=O)C=C2)C=C1,-0.9457013,3.4698668,False,48,5,0.8,euclidean,random,StandardScaler_per_sample_dimension
O=CNC1=CC(C=O)=CC(C(=O)OCCO)=C1,4.1731677,30.580513,False,48,5,0.8,euclidean,random,StandardScaler_per_sample_dimension
C1CCCC1,9.105137,-0.16815,True,48,5,0.8,euclidean,random,StandardScaler_per_sample_dimension
CCCOC1=CC=CC=C1,7.890673,-2.2266326,False,48,5,0.8,euclidean,random,StandardScaler_per_sample_dimension
CCCNC1=CC(P)=CC=C1,20.682482,0.84942037,False,48,5,0.8,euclidean,random,StandardScaler_per_sample_dimension
CCCNC1=CC=CC(P)=C1,20.700716,0.7852345,False,48,5,0.8,euclidean,random,StandardScaler_per_sample_dimension
CCCNC1=CC(P=O)=CC=C1,20.772259,0.75372434,False,48,5,0.8,euclidean,random,StandardScaler_per_sample_dimension
CCCNC1=CC=CC(P=O)=C1,20.497696,0.8827116,False,48,5,0.8,euclidean,random,StandardScaler_per_sample_dimension
CCCNCC1=CC(C=O)=CC=C1,-7.185515,-1.0143635,False,48,5,0.8,euclidean,random,StandardScaler_per_sample_dimension
CCCNCC1=CC=CC(C=O)=C1,-7.2760077,-0.8684439,False,48,5,0.8,euclidean,random,StandardScaler_per_sample_dimension
CNCCC1=CC=C(O)C=C1,12.459704,7.2093997,False,48,5,0.8,euclidean,random,StandardScaler_per_sample_dimension
PC1=CC=C(OC2=CC=CC=C2)C=C1,4.764882,18.984097,False,48,5,0.8,euclidean,random,StandardScaler_per_sample_dimension
O=PC1=CC=C(OC2=CC=CC=C2)C=C1,4.595669,18.904303,False,48,5,0.8,euclidean,random,StandardScaler_per_sample_dimension
NCCC1=CC=C(O)C=C1,12.537872,7.03692,True,48,5,0.8,euclidean,random,StandardScaler_per_sample_dimension
OP(O)O,19.132992,22.06191,False,48,5,0.8,euclidean,random,StandardScaler_per_sample_dimension
O=P(O)(O)O,19.246927,22.036423,False,48,5,0.8,euclidean,random,StandardScaler_per_sample_dimension
CCCC1=CC(O)=CC=C1,18.279737,7.932392,True,48,5,0.8,euclidean,random,StandardScaler_per_sample_dimension
CCCC1=CC=CC(O)=C1,18.842514,7.689767,False,48,5,0.8,euclidean,random,StandardScaler_per_sample_dimension
CNC1=CC=C(COC)C=C1,23.672075,20.52574,False,48,5,0.8,euclidean,random,StandardScaler_per_sample_dimension
CCCN1CC2=C(C=CC=C2)C1,10.88426,-7.173101,False,48,5,0.8,euclidean,random,StandardScaler_per_sample_dimension
CCCN1CC2=CC=CC=C2C1,10.976525,-7.0330987,False,48,5,0.8,euclidean,random,StandardScaler_per_sample_dimension
COCC1=CC=C(NC=O)C=C1,23.65343,20.505161,False,48,5,0.8,euclidean,random,StandardScaler_per_sample_dimension
OCC1=CC=C(NCC2=CC=CC=C2)C=C1,23.615025,20.578367,False,48,5,0.8,euclidean,random,StandardScaler_per_sample_dimension
COCC1=CC=C(NCC2=CC=CC=C2)C=C1,23.942038,20.225317,False,48,5,0.8,euclidean,random,StandardScaler_per_sample_dimension
O=C(NC1=CC=C(CO)C=C1)C1=CC=CC=C1,23.945906,20.357058,False,48,5,0.8,euclidean,random,StandardScaler_per_sample_dimension
C=CCCC=C,6.917829,-0.52298987,False,48,5,0.8,euclidean,random,StandardScaler_per_sample_dimension
CNC1=CC(C)=C(O)C=C1,-0.57845193,23.854458,False,48,5,0.8,euclidean,random,StandardScaler_per_sample_dimension
CC1=C(O)C=CC(NC=O)=C1,-0.87968886,23.568316,False,48,5,0.8,euclidean,random,StandardScaler_per_sample_dimension
CNC1=CC(C)=C(OC2=CC=CC=C2)C=C1,-0.9482156,23.535622,False,48,5,0.8,euclidean,random,StandardScaler_per_sample_dimension
CC1=CC=C(CNC2=CC=C(C=O)C=C2)C=C1,12.649223,21.662426,True,48,5,0.8,euclidean,random,StandardScaler_per_sample_dimension
COCN,-12.746529,9.738286,False,48,5,0.8,euclidean,random,StandardScaler_per_sample_dimension
CCCCPO,28.118145,13.933659,False,48,5,0.8,euclidean,random,StandardScaler_per_sample_dimension
CCCCPOC,27.997286,14.063902,False,48,5,0.8,euclidean,random,StandardScaler_per_sample_dimension
CCCC[PH](=O)O,28.08459,13.781427,False,48,5,0.8,euclidean,random,StandardScaler_per_sample_dimension
CCCC[PH](=O)OC,28.09179,14.041873,False,48,5,0.8,euclidean,random,StandardScaler_per_sample_dimension
C1=CC2=C(C=C1)COC2,22.773294,-1.7270906,False,48,5,0.8,euclidean,random,StandardScaler_per_sample_dimension
C1=CC=C2COCC2=C1,22.522846,-1.7303545,False,48,5,0.8,euclidean,random,StandardScaler_per_sample_dimension
O=C1OCC2=C1C=CC=C2,22.184998,-1.5875249,False,48,5,0.8,euclidean,random,StandardScaler_per_sample_dimension
O=C1OCC2=CC=CC=C12,22.397816,-2.014973,False,48,5,0.8,euclidean,random,StandardScaler_per_sample_dimension
POC1=C(Br)C=CC=C1Br,-17.258547,-2.4728658,False,48,5,0.8,euclidean,random,StandardScaler_per_sample_dimension
O=POC1=C(Br)C=CC=C1Br,-16.992668,-2.7462013,False,48,5,0.8,euclidean,random,StandardScaler_per_sample_dimension
CCC(C)CPC1=CC=CC=C1,30.219446,1.85666,False,48,5,0.8,euclidean,random,StandardScaler_per_sample_dimension
O=CCCCPC1=CC=CC=C1,30.367168,1.6881287,False,48,5,0.8,euclidean,random,StandardScaler_per_sample_dimension
CC(CC=O)CPC1=CC=CC=C1,30.230282,1.8189428,False,48,5,0.8,euclidean,random,StandardScaler_per_sample_dimension
CCC(C)C[PH](=O)C1=CC=CC=C1,30.05959,2.0203102,False,48,5,0.8,euclidean,random,StandardScaler_per_sample_dimension
CCC(C=O)CPC1=CC=CC=C1,30.242355,1.8109666,False,48,5,0.8,euclidean,random,StandardScaler_per_sample_dimension
O=CCCC[PH](=O)C1=CC=CC=C1,30.008905,1.888986,False,48,5,0.8,euclidean,random,StandardScaler_per_sample_dimension
CC(CC=O)C[PH](=O)C1=CC=CC=C1,30.373835,1.7581229,False,48,5,0.8,euclidean,random,StandardScaler_per_sample_dimension
CCC(C=O)C[PH](=O)C1=CC=CC=C1,30.162462,1.6612985,False,48,5,0.8,euclidean,random,StandardScaler_per_sample_dimension
O=CCC(C=O)CPC1=CC=CC=C1,30.350239,1.7675725,False,48,5,0.8,euclidean,random,StandardScaler_per_sample_dimension
O=CCC(C=O)C[PH](=O)C1=CC=CC=C1,30.424694,1.6802484,False,48,5,0.8,euclidean,random,StandardScaler_per_sample_dimension
CCC(C)CP,27.539207,14.162603,True,48,5,0.8,euclidean,random,StandardScaler_per_sample_dimension
O=CCCCP,27.530695,14.239625,False,48,5,0.8,euclidean,random,StandardScaler_per_sample_dimension
CC(CP)CC=O,27.65716,14.370071,False,48,5,0.8,euclidean,random,StandardScaler_per_sample_dimension
CCC(C)CP=O,27.684084,14.325911,False,48,5,0.8,euclidean,random,StandardScaler_per_sample_dimension
CCC(C=O)CP,27.54478,14.555894,False,48,5,0.8,euclidean,random,StandardScaler_per_sample_dimension
O=CCCCP=O,27.70161,14.003162,False,48,5,0.8,euclidean,random,StandardScaler_per_sample_dimension
CC(CC=O)CP=O,27.758814,13.819057,False,48,5,0.8,euclidean,random,StandardScaler_per_sample_dimension
CCC(C=O)CP=O,27.829508,14.219657,False,48,5,0.8,euclidean,random,StandardScaler_per_sample_dimension
O=CCC(C=O)CP,27.651234,13.833447,False,48,5,0.8,euclidean,random,StandardScaler_per_sample_dimension
O=CCC(C=O)CP=O,27.38451,13.824491,False,48,5,0.8,euclidean,random,StandardScaler_per_sample_dimension
POC1=CC=C(S)C=C1,-13.052133,7.666952,False,48,5,0.8,euclidean,random,StandardScaler_per_sample_dimension
O=[SH](=O)C1=CC=C(OP)C=C1,-13.294842,7.6760483,False,48,5,0.8,euclidean,random,StandardScaler_per_sample_dimension
PC1=C(OC2=CC=CC=C2)C=CC=C1,-9.261511,11.213256,False,48,5,0.8,euclidean,random,StandardScaler_per_sample_dimension
CC1=CC=C(PC2=CC=C(C)C=C2)C=C1,-8.572156,10.674042,False,48,5,0.8,euclidean,random,StandardScaler_per_sample_dimension
O=PC1=C(OC2=CC=CC=C2)C=CC=C1,-9.265274,11.21454,False,48,5,0.8,euclidean,random,StandardScaler_per_sample_dimension
POC1=CC=C(SC2=CC=CC=C2)C=C1,-13.025811,7.7189326,False,48,5,0.8,euclidean,random,StandardScaler_per_sample_dimension
CC1=CC=C([PH](=O)C2=CC=C(C)C=C2)C=C1,-8.544902,10.6573305,False,48,5,0.8,euclidean,random,StandardScaler_per_sample_dimension
OC1=C(N2CC3=C(C=CC=C3)C2)C=CC=C1,13.500978,22.094234,False,48,5,0.8,euclidean,random,StandardScaler_per_sample_dimension
OC1=C(N2CC3=CC=CC=C3C2)C=CC=C1,13.314816,22.134178,False,48,5,0.8,euclidean,random,StandardScaler_per_sample_dimension
OC1=CC=C(SC2=CC=C(OP)C=C2)C=C1,-12.976585,7.5992584,False,48,5,0.8,euclidean,random,StandardScaler_per_sample_dimension
OC1=CC=CC=C1N1CC2=C(C=CC=C2)C1,13.262013,22.17597,False,48,5,0.8,euclidean,random,StandardScaler_per_sample_dimension
OC1=CC=CC=C1N1CC2=CC=CC=C2C1,13.154599,22.28592,False,48,5,0.8,euclidean,random,StandardScaler_per_sample_dimension
NCC1=CC2=C(C=C1)CN(C1=CC=CC=C1)C2,6.7021284,17.504555,True,48,5,0.8,euclidean,random,StandardScaler_per_sample_dimension
NCC1=CC=C2CN(C3=CC=CC=C3)CC2=C1,6.371042,17.316446,False,48,5,0.8,euclidean,random,StandardScaler_per_sample_dimension
O=S(=O)(C1=CC=CC=C1)C1=CC=C(OP)C=C1,-12.957026,7.599704,False,48,5,0.8,euclidean,random,StandardScaler_per_sample_dimension
CCNC(=O)CCCCCNC,5.9445586,11.250296,False,48,5,0.8,euclidean,random,StandardScaler_per_sample_dimension
CCNCCCCCC(=O)NC,5.797769,11.202655,False,48,5,0.8,euclidean,random,StandardScaler_per_sample_dimension
CNCCCCCC(=O)NC,9.532223,5.2195354,False,48,5,0.8,euclidean,random,StandardScaler_per_sample_dimension
CCNC1=NC(N)=NC(NC)=N1,-16.181494,2.114729,False,48,5,0.8,euclidean,random,StandardScaler_per_sample_dimension
CCNC1=NC(NC)=NC(N)=N1,-16.30667,2.1904948,False,48,5,0.8,euclidean,random,StandardScaler_per_sample_dimension
CCCNC(=O)CCCCCNC,6.2204866,11.541993,False,48,5,0.8,euclidean,random,StandardScaler_per_sample_dimension
CCCNCCCCCC(=O)NC,6.211724,11.656281,False,48,5,0.8,euclidean,random,StandardScaler_per_sample_dimension
CCCNCCCCCCNC,6.2255735,11.378326,False,48,5,0.8,euclidean,random,StandardScaler_per_sample_dimension
CNC(=O)CCCCCN,9.417921,5.1119776,False,48,5,0.8,euclidean,random,StandardScaler_per_sample_dimension
CNCCCCCC(N)=O,9.281748,4.936107,False,48,5,0.8,euclidean,random,StandardScaler_per_sample_dimension
CCNC(=O)CCCCCN,5.977128,12.363504,False,48,5,0.8,euclidean,random,StandardScaler_per_sample_dimension
CCNCCCCCC(N)=O,5.9043455,12.454069,False,48,5,0.8,euclidean,random,StandardScaler_per_sample_dimension
CC(CO)CO,15.331539,5.036964,True,48,5,0.8,euclidean,random,StandardScaler_per_sample_dimension
CCCOPO,15.347607,4.9723926,False,48,5,0.8,euclidean,random,StandardScaler_per_sample_dimension
CCCO[PH](=O)O,15.317379,5.08595,False,48,5,0.8,euclidean,random,StandardScaler_per_sample_dimension
CCCNC(=O)CCCCCN,6.2493396,13.923319,False,48,5,0.8,euclidean,random,StandardScaler_per_sample_dimension
CCCNCCCCCC(N)=O,6.4031587,13.939835,False,48,5,0.8,euclidean,random,StandardScaler_per_sample_dimension
CCCCCCC(=O)NCCCC,3.258595,8.0549,False,48,5,0.8,euclidean,random,StandardScaler_per_sample_dimension
CCCCCCCCN(C)C,0.7387364,10.864755,False,48,5,0.8,euclidean,random,StandardScaler_per_sample_dimension
CCCCCCCC(=O)NCCCC,2.7625308,8.111097,False,48,5,0.8,euclidean,random,StandardScaler_per_sample_dimension
NCCCCCC(N)=O,4.867787,12.152356,False,48,5,0.8,euclidean,random,StandardScaler_per_sample_dimension
CCNC1=NC(N)=NC(N)=N1,-2.1129782,-11.208957,False,48,5,0.8,euclidean,random,StandardScaler_per_sample_dimension
CCCCCNC1=CC=CC(C)=C1,10.201063,4.394204,False,48,5,0.8,euclidean,random,StandardScaler_per_sample_dimension
CCCCC(=O)NC1=CC=CC(C)=C1,10.313888,4.2167077,False,48,5,0.8,euclidean,random,StandardScaler_per_sample_dimension
CC(CC=O)CCC=O,-8.614872,4.5576854,False,48,5,0.8,euclidean,random,StandardScaler_per_sample_dimension
CCCOPOC,-7.5200224,-3.3084471,False,48,5,0.8,euclidean,random,StandardScaler_per_sample_dimension
CCCO[PH](=O)OC,-7.2982574,-3.197058,False,48,5,0.8,euclidean,random,StandardScaler_per_sample_dimension
C=CCC(C)C,8.111037,0.83890945,False,48,5,0.8,euclidean,random,StandardScaler_per_sample_dimension
OC1=CC=C(PC2=CC=CC=C2)C=C1,4.930617,19.22787,False,48,5,0.8,euclidean,random,StandardScaler_per_sample_dimension
COC1=CC=C(PC2=CC=CC=C2)C=C1,5.0958223,19.459635,False,48,5,0.8,euclidean,random,StandardScaler_per_sample_dimension
O=[PH](C1=CC=CC=C1)C1=CC=C(O)C=C1,5.152635,19.463442,False,48,5,0.8,euclidean,random,StandardScaler_per_sample_dimension
COC1=CC=C([PH](=O)C2=CC=CC=C2)C=C1,5.124881,19.444942,False,48,5,0.8,euclidean,random,StandardScaler_per_sample_dimension
CCC1=CC(OC2=CC=CC=C2)=CC=C1,13.042974,26.453358,False,48,5,0.8,euclidean,random,StandardScaler_per_sample_dimension
CCC1=CC=CC(OC2=CC=CC=C2)=C1,13.344048,26.181843,False,48,5,0.8,euclidean,random,StandardScaler_per_sample_dimension
C=C(C)CCCC,6.9715486,0.064089015,False,48,5,0.8,euclidean,random,StandardScaler_per_sample_dimension
CC1=CC(S)=CC=C1,19.06068,0.8319409,False,48,5,0.8,euclidean,random,StandardScaler_per_sample_dimension
CC1=CC=CC(S)=C1,19.202015,0.7803691,False,48,5,0.8,euclidean,random,StandardScaler_per_sample_dimension
CCCN1CC2=C(C=CC=C2)C1=O,4.581751,14.532961,False,48,5,0.8,euclidean,random,StandardScaler_per_sample_dimension
CCC(C)N1CC2=C(C=CC=C2)C1=O,4.618097,14.663249,False,48,5,0.8,euclidean,random,StandardScaler_per_sample_dimension
CC[C@@H](C)N1CC2=C(C=CC=C2)C1=O,4.3694797,14.52307,False,48,5,0.8,euclidean,random,StandardScaler_per_sample_dimension
OPOC1=C(Br)C=CC=C1,22.273321,2.8842573,False,48,5,0.8,euclidean,random,StandardScaler_per_sample_dimension
OPOC1=CC=CC=C1Br,22.150373,2.6805556,False,48,5,0.8,euclidean,random,StandardScaler_per_sample_dimension
O=[PH](O)OC1=C(Br)C=CC=C1,22.084242,2.920081,False,48,5,0.8,euclidean,random,StandardScaler_per_sample_dimension
O=[PH](O)OC1=CC=CC=C1Br,22.492277,2.9289129,False,48,5,0.8,euclidean,random,StandardScaler_per_sample_dimension
CCCCC(=O)O,8.378014,0.98080033,False,48,5,0.8,euclidean,random,StandardScaler_per_sample_dimension
C#CC1=CC=CC=C1,29.466265,11.434078,True,48,5,0.8,euclidean,random,StandardScaler_per_sample_dimension
CC1=CC=C(C(C)(C)C2=CC=CC=C2)C=C1,-10.780822,4.9439363,False,48,5,0.8,euclidean,random,StandardScaler_per_sample_dimension
CC1=CC=C(OC2=CC(C=O)=CC=C2)C=C1,13.852548,20.059668,False,48,5,0.8,euclidean,random,StandardScaler_per_sample_dimension
CC1=CC=C(OC2=CC=CC(C=O)=C2)C=C1,13.821607,20.116198,True,48,5,0.8,euclidean,random,StandardScaler_per_sample_dimension
CC1=CC(NCCCC2=CC=CC=C2)=CC=C1,13.69509,2.4459522,False,48,5,0.8,euclidean,random,StandardScaler_per_sample_dimension
CC1=CC=CC(NCCCC2=CC=CC=C2)=C1,13.5965185,2.0932186,False,48,5,0.8,euclidean,random,StandardScaler_per_sample_dimension
C=CCC=O,7.1480584,-0.64059705,False,48,5,0.8,euclidean,random,StandardScaler_per_sample_dimension
C=C(C)CC=O,7.1554694,-0.6033584,False,48,5,0.8,euclidean,random,StandardScaler_per_sample_dimension
CCCCCCO,7.604338,1.8501152,True,48,5,0.8,euclidean,random,StandardScaler_per_sample_dimension
CCC1=CC=C2CN(C)CC2=C1,10.28028,20.33637,False,48,5,0.8,euclidean,random,StandardScaler_per_sample_dimension
CCC1=CC=C2C(=O)N(C)CC2=C1,10.134978,20.456894,False,48,5,0.8,euclidean,random,StandardScaler_per_sample_dimension
CCC1=CC=C2CN(C)C(=O)C2=C1,10.19616,20.480974,False,48,5,0.8,euclidean,random,StandardScaler_per_sample_dimension
O=C(CC1=CC=CC=C1)C1=CC=CC=C1,-6.09668,6.72053,True,48,5,0.8,euclidean,random,StandardScaler_per_sample_dimension
C1=CC=C(CCNCC2=CC=CC=C2)C=C1,13.806743,4.1548657,True,48,5,0.8,euclidean,random,StandardScaler_per_sample_dimension
O=C(NCCC1=CC=CC=C1)C1=CC=CC=C1,13.930275,4.120653,False,48,5,0.8,euclidean,random,StandardScaler_per_sample_dimension
COCCN,13.152483,13.440308,False,48,5,0.8,euclidean,random,StandardScaler_per_sample_dimension
OCPO,14.657387,8.082866,False,48,5,0.8,euclidean,random,StandardScaler_per_sample_dimension
COPCO,13.770857,8.313979,False,48,5,0.8,euclidean,random,StandardScaler_per_sample_dimension
O=[PH](O)CO,13.908096,7.635469,False,48,5,0.8,euclidean,random,StandardScaler_per_sample_dimension
CCNCCO,12.601259,13.401118,False,48,5,0.8,euclidean,random,StandardScaler_per_sample_dimension
CO[PH](=O)CO,15.632228,8.610562,False,48,5,0.8,euclidean,random,StandardScaler_per_sample_dimension
CCN(C)CCO,12.513967,13.627671,False,48,5,0.8,euclidean,random,StandardScaler_per_sample_dimension
CCCOC1=CC=C(C)C=C1,7.9551797,-2.4126773,False,48,5,0.8,euclidean,random,StandardScaler_per_sample_dimension
CCNC1=CC=C(CN)C=C1,17.300314,4.3987412,False,48,5,0.8,euclidean,random,StandardScaler_per_sample_dimension
CCNC1=CC=C(C(N)=O)C=C1,17.32349,4.650894,False,48,5,0.8,euclidean,random,StandardScaler_per_sample_dimension
CCNC1=CC=C(CNC)C=C1,17.20085,4.3469768,False,48,5,0.8,euclidean,random,StandardScaler_per_sample_dimension
CCNC1=CC=C(C(=O)NC)C=C1,17.447508,4.734983,False,48,5,0.8,euclidean,random,StandardScaler_per_sample_dimension
CC1=CC(CO)=CC(NCC2=CC=CC=C2)=C1,7.2879047,-12.180903,False,48,5,0.8,euclidean,random,StandardScaler_per_sample_dimension
CCCOCCCCO,0.51934946,-2.9795606,True,48,5,0.8,euclidean,random,StandardScaler_per_sample_dimension
CCCNC(=O)C1=CC(C)=CC=C1,-7.058193,-1.1199883,False,48,5,0.8,euclidean,random,StandardScaler_per_sample_dimension
CCCNC(=O)C1=CC=CC(C)=C1,-7.111419,-0.92166984,False,48,5,0.8,euclidean,random,StandardScaler_per_sample_dimension
OC1=CC=C(C2=CC=CC=C2)C=C1,4.247781,18.860712,True,48,5,0.8,euclidean,random,StandardScaler_per_sample_dimension
CCCNC(=O)C1=CC(C=O)=CC=C1,-6.8982234,-1.276193,False,48,5,0.8,euclidean,random,StandardScaler_per_sample_dimension
CCCNC(=O)C1=CC=CC(C=O)=C1,-7.067134,-1.111348,False,48,5,0.8,euclidean,random,StandardScaler_per_sample_dimension
CN1CC2=CC=C(CC3=CC=CC=C3)C=C2C1,10.073736,20.462845,False,48,5,0.8,euclidean,random,StandardScaler_per_sample_dimension
CCNCC1=CC=C(C)C=C1,7.636317,20.255808,False,48,5,0.8,euclidean,random,StandardScaler_per_sample_dimension
CCNCC1=CC=C(C=O)C=C1,7.490678,20.041649,False,48,5,0.8,euclidean,random,StandardScaler_per_sample_dimension
CNC1=CC=C(C(=O)O)C=C1,23.780766,20.367731,False,48,5,0.8,euclidean,random,StandardScaler_per_sample_dimension
CCNC1=CC=C(C(=O)O)C=C1,23.813528,20.357347,False,48,5,0.8,euclidean,random,StandardScaler_per_sample_dimension
O=CNC1=CC=C(C(=O)O)C=C1,23.881859,20.256702,False,48,5,0.8,euclidean,random,StandardScaler_per_sample_dimension
CC(=O)NC1=CC=C(C(=O)O)C=C1,23.70519,20.588663,False,48,5,0.8,euclidean,random,StandardScaler_per_sample_dimension
CC1=CC(CNC2=CC(N)=CC=C2)=CC=C1,13.925548,-14.065867,False,48,5,0.8,euclidean,random,StandardScaler_per_sample_dimension
CC1=CC(CNC2=CC=CC(N)=C2)=CC=C1,13.928499,-14.260752,False,48,5,0.8,euclidean,random,StandardScaler_per_sample_dimension
CC1=CC=CC(CNC2=CC(N)=CC=C2)=C1,13.682626,-14.212057,False,48,5,0.8,euclidean,random,StandardScaler_per_sample_dimension
CC1=CC=CC(CNC2=CC=CC(N)=C2)=C1,13.890153,-14.21212,False,48,5,0.8,euclidean,random,StandardScaler_per_sample_dimension
CC1=CC(C(=O)NC2=CC(N)=CC=C2)=CC=C1,13.873314,-14.422182,False,48,5,0.8,euclidean,random,StandardScaler_per_sample_dimension
CC1=CC(C(=O)NC2=CC=CC(N)=C2)=CC=C1,13.780296,-14.249568,False,48,5,0.8,euclidean,random,StandardScaler_per_sample_dimension
CC1=CC=CC(C(=O)NC2=CC(N)=CC=C2)=C1,13.887142,-14.405002,False,48,5,0.8,euclidean,random,StandardScaler_per_sample_dimension
CC1=CC=CC(C(=O)NC2=CC=CC(N)=C2)=C1,13.811471,-14.034245,False,48,5,0.8,euclidean,random,StandardScaler_per_sample_dimension
CCNC1=CC=C(CC2=CC=C(N)C=C2)C=C1,-8.980542,17.729424,False,48,5,0.8,euclidean,random,StandardScaler_per_sample_dimension
COP(OC)OC,19.31732,22.154217,False,48,5,0.8,euclidean,random,StandardScaler_per_sample_dimension
CCOC(=O)C(C)C,-17.262838,0.4378483,False,48,5,0.8,euclidean,random,StandardScaler_per_sample_dimension
COP(=O)(OC)OC,19.210093,21.872736,False,48,5,0.8,euclidean,random,StandardScaler_per_sample_dimension
CCC(C)N1CC2=C(C=CC=C2)C1,10.754648,-7.222806,False,48,5,0.8,euclidean,random,StandardScaler_per_sample_dimension
CC[C@@H](C)N1CC2=C(C=CC=C2)C1,10.911199,-7.3841105,False,48,5,0.8,euclidean,random,StandardScaler_per_sample_dimension
CCCN1C(=O)C2=C(C=CC=C2)C1=O,10.907862,-7.3225093,False,48,5,0.8,euclidean,random,StandardScaler_per_sample_dimension
CCC(C)N1C(=O)C2=C(C=CC=C2)C1=O,10.845921,-7.2509556,False,48,5,0.8,euclidean,random,StandardScaler_per_sample_dimension
CC[C@@H](C)N1C(=O)C2=C(C=CC=C2)C1=O,10.690198,-7.114532,False,48,5,0.8,euclidean,random,StandardScaler_per_sample_dimension
CCNCO,-12.697282,9.731059,False,48,5,0.8,euclidean,random,StandardScaler_per_sample_dimension
C#CC1=CC=C(C)C=C1,29.517443,11.387907,False,48,5,0.8,euclidean,random,StandardScaler_per_sample_dimension
C#CC1=CC=C(C=O)C=C1,29.517832,11.486599,False,48,5,0.8,euclidean,random,StandardScaler_per_sample_dimension
NC1=CC=C(OPO)C=C1,9.20217,7.8686266,False,48,5,0.8,euclidean,random,StandardScaler_per_sample_dimension
NC1=CC=C(O[PH](=O)O)C=C1,9.059775,8.273421,False,48,5,0.8,euclidean,random,StandardScaler_per_sample_dimension
OPOC1=C(Br)C=CC=C1Br,-17.203543,-2.5516608,False,48,5,0.8,euclidean,random,StandardScaler_per_sample_dimension
O=[PH](O)OC1=C(Br)C=CC=C1Br,-17.17128,-2.5845542,False,48,5,0.8,euclidean,random,StandardScaler_per_sample_dimension
CC1=CC=C(C#CC2=CC=CC=C2)C=C1,29.563818,11.451018,False,48,5,0.8,euclidean,random,StandardScaler_per_sample_dimension
NC1=CC=C(OPOC2=CC=CC=C2)C=C1,9.130499,8.016566,False,48,5,0.8,euclidean,random,StandardScaler_per_sample_dimension
O=CC1=CC=C(C#CC2=CC=CC=C2)C=C1,29.639256,11.328515,False,48,5,0.8,euclidean,random,StandardScaler_per_sample_dimension
NC1=CC=C(O[PH](=O)OC2=CC=CC=C2)C=C1,9.098536,7.8476763,False,48,5,0.8,euclidean,random,StandardScaler_per_sample_dimension
C#C,29.547085,11.508482,False,48,5,0.8,euclidean,random,StandardScaler_per_sample_dimension
OCP,14.6153755,8.121859,False,48,5,0.8,euclidean,random,StandardScaler_per_sample_dimension
O=PCO,14.949858,9.09594,False,48,5,0.8,euclidean,random,StandardScaler_per_sample_dimension
OP(O)C1=CC=CC=C1,-7.353999,21.52046,False,48,5,0.8,euclidean,random,StandardScaler_per_sample_dimension
O=P(O)(O)C1=CC=CC=C1,-7.4149804,21.49933,False,48,5,0.8,euclidean,random,StandardScaler_per_sample_dimension
O=C1CC(=O)C2=C1C=CC=C2,-5.5806727,6.374272,True,48,5,0.8,euclidean,random,StandardScaler_per_sample_dimension
O=C1CC(=O)C2=CC=CC=C12,-5.617087,6.340344,False,48,5,0.8,euclidean,random,StandardScaler_per_sample_dimension
C(#CC1=CC=CC=C1)C1=CC=CC=C1,29.453224,11.554307,False,48,5,0.8,euclidean,random,StandardScaler_per_sample_dimension
CC1=CC=C(NCC2=CC(N)=CC=C2)C=C1,14.436497,2.8850858,False,48,5,0.8,euclidean,random,StandardScaler_per_sample_dimension
CC1=CC=C(NCC2=CC=CC(N)=C2)C=C1,14.571503,3.1454973,False,48,5,0.8,euclidean,random,StandardScaler_per_sample_dimension
CCNC(=O)CCCCC(=O)NC,5.9358025,11.277887,False,48,5,0.8,euclidean,random,StandardScaler_per_sample_dimension
CCCNC(=O)CCCCC(=O)NC,6.130884,12.149021,False,48,5,0.8,euclidean,random,StandardScaler_per_sample_dimension
CNCCCCCCNC=O,9.348132,5.1658115,False,48,5,0.8,euclidean,random,StandardScaler_per_sample_dimension
CC(CF)C1=CC=C(OPO)C=C1,10.793604,0.08957225,False,48,5,0.8,euclidean,random,StandardScaler_per_sample_dimension
CNC(=O)CCCCC(N)=O,9.599958,5.044158,False,48,5,0.8,euclidean,random,StandardScaler_per_sample_dimension
CCNCCCCCCNC=O,5.915705,12.4716015,False,48,5,0.8,euclidean,random,StandardScaler_per_sample_dimension
CNC(=O)CCCCCNC=O,9.280411,4.9639196,False,48,5,0.8,euclidean,random,StandardScaler_per_sample_dimension
CCNC(=O)CCCCC(N)=O,6.0507507,12.826879,False,48,5,0.8,euclidean,random,StandardScaler_per_sample_dimension
CNC(=O)CCCCC(=O)NC,5.134762,12.017274,False,48,5,0.8,euclidean,random,StandardScaler_per_sample_dimension
CCCNCCCCCCNC=O,6.455093,13.74814,False,48,5,0.8,euclidean,random,StandardScaler_per_sample_dimension
CCNC(=O)CCCCCNC=O,6.200976,13.421952,False,48,5,0.8,euclidean,random,StandardScaler_per_sample_dimension
CCCNC(=O)CCCCC(N)=O,6.212267,13.755034,False,48,5,0.8,euclidean,random,StandardScaler_per_sample_dimension
CCNCCCCC=O,-0.8006675,-8.871147,False,48,5,0.8,euclidean,random,StandardScaler_per_sample_dimension
CCNC(=O)CCCCN,-0.8788401,-8.858162,False,48,5,0.8,euclidean,random,StandardScaler_per_sample_dimension
CCCCNCCCCC=O,-0.92462015,-8.709458,False,48,5,0.8,euclidean,random,StandardScaler_per_sample_dimension
CCCCNC(=O)CCCCN,-0.9069068,-8.7123,False,48,5,0.8,euclidean,random,StandardScaler_per_sample_dimension
C=CCC(C)CC,7.6679616,0.5215174,False,48,5,0.8,euclidean,random,StandardScaler_per_sample_dimension
CCCCCCCCCNCCC,1.2488081,8.362997,False,48,5,0.8,euclidean,random,StandardScaler_per_sample_dimension
CCC(C=O)CCC=O,4.7448597,11.889738,False,48,5,0.8,euclidean,random,StandardScaler_per_sample_dimension
NC(=O)CCCCCNC=O,4.67398,11.966736,False,48,5,0.8,euclidean,random,StandardScaler_per_sample_dimension
CNCCCCC=O,-0.28275874,-9.472053,False,48,5,0.8,euclidean,random,StandardScaler_per_sample_dimension
CNC(=O)CCCCN,-0.29224804,-9.437819,False,48,5,0.8,euclidean,random,StandardScaler_per_sample_dimension
CNCCCCCCNC(C)=O,4.616532,12.262953,False,48,5,0.8,euclidean,random,StandardScaler_per_sample_dimension
CCC(=O)NCCCCCCNC,4.650149,12.172041,False,48,5,0.8,euclidean,random,StandardScaler_per_sample_dimension
CCCNCCCCC=O,-0.48673034,-9.2792015,False,48,5,0.8,euclidean,random,StandardScaler_per_sample_dimension
CCCNC(=O)CCCCN,-0.6256675,-9.195283,False,48,5,0.8,euclidean,random,StandardScaler_per_sample_dimension
OPOC1=CC=C(CCF)C=C1,10.524157,0.17971191,False,48,5,0.8,euclidean,random,StandardScaler_per_sample_dimension
O=[PH](O)OC1=CC=C(CCF)C=C1,10.611988,0.13490686,False,48,5,0.8,euclidean,random,StandardScaler_per_sample_dimension
OPOC1=CC=C(CC(F)F)C=C1,10.653264,0.16451286,False,48,5,0.8,euclidean,random,StandardScaler_per_sample_dimension
CCCNC(=O)CCCCCNC=O,6.292168,13.88156,False,48,5,0.8,euclidean,random,StandardScaler_per_sample_dimension
CCCCCNCCC(C)C,8.056798,8.006176,False,48,5,0.8,euclidean,random,StandardScaler_per_sample_dimension
CCCCCCCCCCNCCC,1.3584245,8.34628,False,48,5,0.8,euclidean,random,StandardScaler_per_sample_dimension
CCCNCC(C)C,6.517976,15.032671,False,48,5,0.8,euclidean,random,StandardScaler_per_sample_dimension
CCCC(=O)NCCCCC=O,-0.1971319,-9.547174,False,48,5,0.8,euclidean,random,StandardScaler_per_sample_dimension
CC(C)(CO)CO,-7.5399833,-2.4559684,False,48,5,0.8,euclidean,random,StandardScaler_per_sample_dimension
FCC1=CC=CC=C1,-5.834472,17.988522,False,48,5,0.8,euclidean,random,StandardScaler_per_sample_dimension
FC(F)C1=CC=CC=C1,-5.928292,17.865677,False,48,5,0.8,euclidean,random,StandardScaler_per_sample_dimension
C1=CC=C(C2=CN=CN2)C=C1,13.531205,25.945597,False,48,5,0.8,euclidean,random,StandardScaler_per_sample_dimension
C1=CC=C(C2=CNC=N2)C=C1,13.636726,25.870941,False,48,5,0.8,euclidean,random,StandardScaler_per_sample_dimension
C1=CC=C(C2=CN=C(C3=CC=CC=C3)N2)C=C1,13.720429,25.791475,False,48,5,0.8,euclidean,random,StandardScaler_per_sample_dimension
C1=CC=C(C2=CNC(C3=CC=CC=C3)=N2)C=C1,13.677122,25.79848,False,48,5,0.8,euclidean,random,StandardScaler_per_sample_dimension
CCOP(O)OC,-8.198792,-5.0077415,False,48,5,0.8,euclidean,random,StandardScaler_per_sample_dimension
CCOP(=O)(O)OC,-8.106261,-4.956696,False,48,5,0.8,euclidean,random,StandardScaler_per_sample_dimension
CNC(=O)CCCCCNC(C)=O,-8.70664,4.3369894,False,48,5,0.8,euclidean,random,StandardScaler_per_sample_dimension
CCC(=O)NCCCCCC(=O)NC,-8.77192,4.2786407,False,48,5,0.8,euclidean,random,StandardScaler_per_sample_dimension
CC(C)(C)CO,-7.454625,-2.9260507,False,48,5,0.8,euclidean,random,StandardScaler_per_sample_dimension
NCCCCC=O,0.20986357,-9.784023,False,48,5,0.8,euclidean,random,StandardScaler_per_sample_dimension
NCCCCC(N)=O,0.12217482,-9.840299,False,48,5,0.8,euclidean,random,StandardScaler_per_sample_dimension
CCCCCNCCCCC=O,0.18141244,-9.842156,False,48,5,0.8,euclidean,random,StandardScaler_per_sample_dimension
CCCCCNC(=O)CCCCN,0.2054424,-9.897426,False,48,5,0.8,euclidean,random,StandardScaler_per_sample_dimension
NCCCCCNCCCCC=O,0.076492116,-9.786037,False,48,5,0.8,euclidean,random,StandardScaler_per_sample_dimension
NPN,7.4649115,-1.6232742,False,48,5,0.8,euclidean,random,StandardScaler_per_sample_dimension
CCC(=O)NCCCCCC=O,-9.023945,3.8619568,False,48,5,0.8,euclidean,random,StandardScaler_per_sample_dimension
OC1=CC=C(C(O)C2=CC=CC=C2)C=C1,-0.5464104,19.869244,False,48,5,0.8,euclidean,random,StandardScaler_per_sample_dimension
COC(C1=CC=CC=C1)C1=CC=C(O)C=C1,-0.4829066,19.859098,False,48,5,0.8,euclidean,random,StandardScaler_per_sample_dimension
O=COC(C1=CC=CC=C1)C1=CC=C(O)C=C1,-0.6448175,20.054955,False,48,5,0.8,euclidean,random,StandardScaler_per_sample_dimension
CC(C=O)CCC=O,-9.094697,3.9770362,False,48,5,0.8,euclidean,random,StandardScaler_per_sample_dimension
CCCNC(=O)C(C)C,6.353411,15.47506,False,48,5,0.8,euclidean,random,StandardScaler_per_sample_dimension
O=CCCCCNC=O,0.2473597,-10.031887,False,48,5,0.8,euclidean,random,StandardScaler_per_sample_dimension
CC(=O)NCCCCC=O,0.1149724,-9.845204,False,48,5,0.8,euclidean,random,StandardScaler_per_sample_dimension
NC(=O)CCCCC(N)=O,-9.167791,3.6924038,False,48,5,0.8,euclidean,random,StandardScaler_per_sample_dimension
CCC(=O)NCCCCC=O,0.26000074,-10.0096035,False,48,5,0.8,euclidean,random,StandardScaler_per_sample_dimension
CC(=O)NCCCCCC(N)=O,-8.948754,3.6454437,False,48,5,0.8,euclidean,random,StandardScaler_per_sample_dimension
CCC(=O)NCCCCCC(N)=O,-9.031322,3.8879027,False,48,5,0.8,euclidean,random,StandardScaler_per_sample_dimension
CCCCC(=O)NCCCCC=O,0.34374768,-10.100265,False,48,5,0.8,euclidean,random,StandardScaler_per_sample_dimension
CC1=C(O)C=CC(CC2=CC=CC=C2)=C1,-13.140878,4.4687624,False,48,5,0.8,euclidean,random,StandardScaler_per_sample_dimension
CC1=CC(CC2=CC=CC=C2)=CC=C1O,-13.215229,4.450882,False,48,5,0.8,euclidean,random,StandardScaler_per_sample_dimension
CCC1=CC(CC2=CC=CC=C2)=CC=C1,14.434895,-10.82879,False,48,5,0.8,euclidean,random,StandardScaler_per_sample_dimension
CCC1=CC=CC(CC2=CC=CC=C2)=C1,14.395994,-10.883956,False,48,5,0.8,euclidean,random,StandardScaler_per_sample_dimension
C=CCC(C)CC=O,8.259462,1.0044509,False,48,5,0.8,euclidean,random,StandardScaler_per_sample_dimension
O=CCCC(C=O)CC=O,-9.374461,3.6388395,False,48,5,0.8,euclidean,random,StandardScaler_per_sample_dimension
CCOC1=CC=C([SH]=O)C=C1,-10.824996,-8.720505,False,48,5,0.8,euclidean,random,StandardScaler_per_sample_dimension
CCOC1=CC=C(S(=O)C2=CC=CC=C2)C=C1,-10.867648,-8.813924,False,48,5,0.8,euclidean,random,StandardScaler_per_sample_dimension
CCOP(O)O,-8.496439,-5.392114,False,48,5,0.8,euclidean,random,StandardScaler_per_sample_dimension
CCOP(=O)(O)O,-8.603155,-5.5141854,False,48,5,0.8,euclidean,random,StandardScaler_per_sample_dimension
O=C(C1=CC=CC=C1)C1=CC2=C(C=C1)CNC2,13.362545,9.93334,True,48,5,0.8,euclidean,random,StandardScaler_per_sample_dimension
O=C(C1=CC=CC=C1)C1=CC=C2CNCC2=C1,13.530648,10.14876,False,48,5,0.8,euclidean,random,StandardScaler_per_sample_dimension
C=CCCC=O,7.988521,0.67552745,True,48,5,0.8,euclidean,random,StandardScaler_per_sample_dimension
CCNC1=CC=C([SH]=O)C=C1,13.751865,-7.8395934,False,48,5,0.8,euclidean,random,StandardScaler_per_sample_dimension
O=CNC1=CC=C([SH]=O)C=C1,13.964977,-8.018932,False,48,5,0.8,euclidean,random,StandardScaler_per_sample_dimension
CC(=O)NC1=CC=C([SH]=O)C=C1,14.0126505,-8.093352,False,48,5,0.8,euclidean,random,StandardScaler_per_sample_dimension
CNCCOC,13.184456,13.525936,False,48,5,0.8,euclidean,random,StandardScaler_per_sample_dimension
CCCCNCCCC=O,8.5199375,7.639334,False,48,5,0.8,euclidean,random,StandardScaler_per_sample_dimension
CCCCCNC(=O)CC(C)C,9.114774,7.0811834,False,48,5,0.8,euclidean,random,StandardScaler_per_sample_dimension
CCC1=CC=C(OCC2=CC=CC=C2)C=C1,9.194205,-5.358309,False,48,5,0.8,euclidean,random,StandardScaler_per_sample_dimension
CCC1=CC=C(OC(=O)C2=CC=CC=C2)C=C1,9.241311,-5.2359877,False,48,5,0.8,euclidean,random,StandardScaler_per_sample_dimension
OC1=CC=C(/C=N/C2=CC=CC=C2)C=C1,17.274864,9.414098,True,48,5,0.8,euclidean,random,StandardScaler_per_sample_dimension
OC1=CC=C(C=NC2=CC=CC=C2)C=C1,17.222307,9.405145,False,48,5,0.8,euclidean,random,StandardScaler_per_sample_dimension
CCCCCCNC(=O)CCCC,7.452255,4.0772476,False,48,5,0.8,euclidean,random,StandardScaler_per_sample_dimension
CCC(C=O)N1CC2=C(C=CC=C2)C1=O,4.38587,14.820512,False,48,5,0.8,euclidean,random,StandardScaler_per_sample_dimension
CCC(CN)N1CC2=C(C=CC=C2)C1=O,4.559082,14.715105,False,48,5,0.8,euclidean,random,StandardScaler_per_sample_dimension
CC[C@@H](C=O)N1CC2=C(C=CC=C2)C1=O,4.5939035,14.749636,False,48,5,0.8,euclidean,random,StandardScaler_per_sample_dimension
CC[C@@H](CN)N1CC2=C(C=CC=C2)C1=O,4.4601655,14.839738,False,48,5,0.8,euclidean,random,StandardScaler_per_sample_dimension
BrC1=C(OPOC2=CC=CC=C2)C=CC=C1,22.467535,2.8546803,False,48,5,0.8,euclidean,random,StandardScaler_per_sample_dimension
BrC1=CC=CC=C1OPOC1=CC=CC=C1,22.725576,2.8435454,False,48,5,0.8,euclidean,random,StandardScaler_per_sample_dimension
CCC(C(N)=O)N1CC2=C(C=CC=C2)C1=O,4.456993,14.90282,False,48,5,0.8,euclidean,random,StandardScaler_per_sample_dimension
CC[C@@H](C(N)=O)N1CC2=C(C=CC=C2)C1=O,4.4612184,14.90157,False,48,5,0.8,euclidean,random,StandardScaler_per_sample_dimension
O=[PH](OC1=CC=CC=C1)OC1=C(Br)C=CC=C1,22.619604,3.021274,False,48,5,0.8,euclidean,random,StandardScaler_per_sample_dimension
O=[PH](OC1=CC=CC=C1)OC1=CC=CC=C1Br,22.456104,2.7266104,False,48,5,0.8,euclidean,random,StandardScaler_per_sample_dimension
C1=CC=C(C2=C(C3=CC=CC=C3)NC=N2)C=C1,13.436704,26.092676,False,48,5,0.8,euclidean,random,StandardScaler_per_sample_dimension
C=CC(C)C,8.53732,1.4911723,True,48,5,0.8,euclidean,random,StandardScaler_per_sample_dimension
OC1=C(C2=NC=CN2)C=CC=C1,13.104126,26.414845,False,48,5,0.8,euclidean,random,StandardScaler_per_sample_dimension
OC1=CC=CC=C1C1=NC=CN1,13.153552,26.35001,False,48,5,0.8,euclidean,random,StandardScaler_per_sample_dimension
CC1=CC(OC2=CC=C(C)C(C)=C2)=CC=C1,20.970837,8.623129,False,48,5,0.8,euclidean,random,StandardScaler_per_sample_dimension
CC1=CC=CC(OC2=CC=C(C)C(C)=C2)=C1,20.760107,8.463444,False,48,5,0.8,euclidean,random,StandardScaler_per_sample_dimension
CC(C)C1=CC=C(N)C=C1,-9.651648,18.657377,True,48,5,0.8,euclidean,random,StandardScaler_per_sample_dimension
NC1=CC(C2=NC=CN2)=CC=C1,13.223258,26.353247,False,48,5,0.8,euclidean,random,StandardScaler_per_sample_dimension
NC1=CC=CC(C2=NC=CN2)=C1,12.99737,26.566183,False,48,5,0.8,euclidean,random,StandardScaler_per_sample_dimension
CCCCNCC1=CC(C)=CC=C1,-2.2478511,7.172391,False,48,5,0.8,euclidean,random,StandardScaler_per_sample_dimension
CCCCNCC1=CC=CC(C)=C1,-2.2163215,7.2217236,False,48,5,0.8,euclidean,random,StandardScaler_per_sample_dimension
NC1=CC(C2=NC=CN2)=C(O)C=C1,13.192107,26.373426,False,48,5,0.8,euclidean,random,StandardScaler_per_sample_dimension
NC1=CC=C(O)C(C2=NC=CN2)=C1,13.316151,26.24559,False,48,5,0.8,euclidean,random,StandardScaler_per_sample_dimension
CCC1=CC2=C(C=C1)CN(C1=CC=CC=C1)C2,10.153125,20.46631,False,48,5,0.8,euclidean,random,StandardScaler_per_sample_dimension
CCC1=CC=C2CN(C3=CC=CC=C3)CC2=C1,10.108188,20.49032,False,48,5,0.8,euclidean,random,StandardScaler_per_sample_dimension
CN(C)CC1=C(O)C=CC=C1,-13.312844,10.283415,False,48,5,0.8,euclidean,random,StandardScaler_per_sample_dimension
NCC1=CC=C(NC=O)C=C1,17.64631,4.9931045,False,48,5,0.8,euclidean,random,StandardScaler_per_sample_dimension
O=COCC1=CC=C(O)C=C1,22.050245,5.097296,False,48,5,0.8,euclidean,random,StandardScaler_per_sample_dimension
CC(=O)NC1=CC=C(CN)C=C1,17.505026,4.8048882,False,48,5,0.8,euclidean,random,StandardScaler_per_sample_dimension
CC(=O)OCC1=CC=C(O)C=C1,22.29787,4.9836645,False,48,5,0.8,euclidean,random,StandardScaler_per_sample_dimension
CNCC1=CC=C(NC=O)C=C1,17.780779,5.070305,False,48,5,0.8,euclidean,random,StandardScaler_per_sample_dimension
NC(=O)C1=CC=C(NC=O)C=C1,17.593582,5.0121922,False,48,5,0.8,euclidean,random,StandardScaler_per_sample_dimension
CC(=O)NC1=CC=C(C(N)=O)C=C1,17.6694,5.1727166,False,48,5,0.8,euclidean,random,StandardScaler_per_sample_dimension
CNC(=O)C1=CC=C(NC=O)C=C1,17.43736,5.141218,False,48,5,0.8,euclidean,random,StandardScaler_per_sample_dimension
CNCC1=CC=C(NC(C)=O)C=C1,17.661642,5.169923,False,48,5,0.8,euclidean,random,StandardScaler_per_sample_dimension
CNC(=O)C1=CC=C(NC(C)=O)C=C1,17.68126,5.1483665,False,48,5,0.8,euclidean,random,StandardScaler_per_sample_dimension
CCOC(C1=CC=CC=C1)C1=CC=C(O)C=C1,21.037632,5.819803,False,48,5,0.8,euclidean,random,StandardScaler_per_sample_dimension
O=CNC=S,-17.375319,9.051423,False,48,5,0.8,euclidean,random,StandardScaler_per_sample_dimension
NC(=S)NC=O,-17.530848,8.909992,False,48,5,0.8,euclidean,random,StandardScaler_per_sample_dimension
O=CCCCC=O,5.7933545,1.9144546,False,48,5,0.8,euclidean,random,StandardScaler_per_sample_dimension
OC1=CC2=C(C=C1)CNC2,10.392003,7.642717,False,48,5,0.8,euclidean,random,StandardScaler_per_sample_dimension
OC1=CC=C2CNCC2=C1,10.252867,8.672592,False,48,5,0.8,euclidean,random,StandardScaler_per_sample_dimension
O=C1NCC2=C1C=C(O)C=C2,10.674127,7.690425,False,48,5,0.8,euclidean,random,StandardScaler_per_sample_dimension
O=C1NCC2=C1C=CC(O)=C2,10.477046,7.9886947,False,48,5,0.8,euclidean,random,StandardScaler_per_sample_dimension
O=C1NCC2=CC(O)=CC=C12,10.19472,8.978363,False,48,5,0.8,euclidean,random,StandardScaler_per_sample_dimension
O=C1NCC2=CC=C(O)C=C12,10.345588,7.711137,False,48,5,0.8,euclidean,random,StandardScaler_per_sample_dimension
O=C1NC(=O)C2=C1C=CC(O)=C2,10.219977,8.417366,False,48,5,0.8,euclidean,random,StandardScaler_per_sample_dimension
O=C1NC(=O)C2=CC(O)=CC=C12,10.484897,7.6817503,False,48,5,0.8,euclidean,random,StandardScaler_per_sample_dimension
NCCCCC(=O)NCCCCC=O,0.19733615,-9.877059,False,48,5,0.8,euclidean,random,StandardScaler_per_sample_dimension
C1=CC=C(OC2=CC3=C(C=C2)CNC3)C=C1,10.189763,8.844318,False,48,5,0.8,euclidean,random,StandardScaler_per_sample_dimension
C1=CC=C(OC2=CC=C3CNCC3=C2)C=C1,10.297556,8.791656,False,48,5,0.8,euclidean,random,StandardScaler_per_sample_dimension
O=C1NCC2=C1C=C(OC1=CC=CC=C1)C=C2,10.212378,8.662531,False,48,5,0.8,euclidean,random,StandardScaler_per_sample_dimension
O=C1NCC2=C1C=CC(OC1=CC=CC=C1)=C2,10.600366,7.675302,False,48,5,0.8,euclidean,random,StandardScaler_per_sample_dimension
O=C1NCC2=CC(OC3=CC=CC=C3)=CC=C12,10.1845,8.991215,False,48,5,0.8,euclidean,random,StandardScaler_per_sample_dimension
O=C1NCC2=CC=C(OC3=CC=CC=C3)C=C12,10.25071,7.68945,False,48,5,0.8,euclidean,random,StandardScaler_per_sample_dimension
CNCNC1=CC=CC=C1,-18.1371,8.921296,False,48,5,0.8,euclidean,random,StandardScaler_per_sample_dimension
FC(F)(F)C1=CC=CC=C1,-3.7483897,13.02313,False,48,5,0.8,euclidean,random,StandardScaler_per_sample_dimension
CNC(=S)NC1=CC=CC=C1,-18.224545,8.784997,False,48,5,0.8,euclidean,random,StandardScaler_per_sample_dimension
O=CNCNC1=CC=CC=C1,-18.19682,9.075218,False,48,5,0.8,euclidean,random,StandardScaler_per_sample_dimension
O=CNC(=S)NC1=CC=CC=C1,-18.180378,8.936334,False,48,5,0.8,euclidean,random,StandardScaler_per_sample_dimension
O=CC1=CC=C(OC2=CC=C(O)C=C2)C=C1,2.903554,18.209272,True,48,5,0.8,euclidean,random,StandardScaler_per_sample_dimension
CCOC1=CC=C(S)C=C1,-11.002286,-9.301421,False,48,5,0.8,euclidean,random,StandardScaler_per_sample_dimension
CCCCNC(=O)CCC=O,7.735709,12.145141,False,48,5,0.8,euclidean,random,StandardScaler_per_sample_dimension
CCOC1=CC=C([SH](=O)=O)C=C1,-11.045469,-9.308213,False,48,5,0.8,euclidean,random,StandardScaler_per_sample_dimension
CCCCCCNC(=O)CCCCC,7.4764676,3.9873393,False,48,5,0.8,euclidean,random,StandardScaler_per_sample_dimension
CCOC1=CC=C(SC2=CC=CC=C2)C=C1,-10.932332,-9.181286,False,48,5,0.8,euclidean,random,StandardScaler_per_sample_dimension
CCOC1=CC=C(SC2=CC=C(O)C=C2)C=C1,-10.884806,-9.373964,False,48,5,0.8,euclidean,random,StandardScaler_per_sample_dimension
CCNC1=CC=C(S)C=C1,-15.4370165,7.62105,False,48,5,0.8,euclidean,random,StandardScaler_per_sample_dimension
O=CNC1=CC=C(S)C=C1,-15.30985,7.854327,False,48,5,0.8,euclidean,random,StandardScaler_per_sample_dimension
CC(=O)NC1=CC=C(S)C=C1,-15.57688,8.022973,False,48,5,0.8,euclidean,random,StandardScaler_per_sample_dimension
NC(=O)CC1=CC=C(O)C=C1,12.735239,6.8918743,True,48,5,0.8,euclidean,random,StandardScaler_per_sample_dimension
CCNC1=CC=C([SH](=O)=O)C=C1,-15.605685,7.836821,False,48,5,0.8,euclidean,random,StandardScaler_per_sample_dimension
O=CNC1=CC=C([SH](=O)=O)C=C1,-15.386453,7.6884866,False,48,5,0.8,euclidean,random,StandardScaler_per_sample_dimension
CC(=O)NC1=CC=C([SH](=O)=O)C=C1,-15.343748,7.7906985,False,48,5,0.8,euclidean,random,StandardScaler_per_sample_dimension
C#N,14.695046,-10.633479,True,48,5,0.8,euclidean,random,StandardScaler_per_sample_dimension
CCCCOC(=O)CC,-11.929957,-15.838341,True,48,5,0.8,euclidean,random,StandardScaler_per_sample_dimension
CCCOCC1=CC=C(C)C=C1,-1.3383617,-5.8944187,False,48,5,0.8,euclidean,random,StandardScaler_per_sample_dimension
CCNC(=O)C1=CC=C(C)C=C1,7.679011,20.194738,False,48,5,0.8,euclidean,random,StandardScaler_per_sample_dimension
CNC1=CC=C(C(=O)OC)C=C1,23.725365,20.218029,False,48,5,0.8,euclidean,random,StandardScaler_per_sample_dimension
CCCCCCNCCCCCC,7.5962095,3.8981972,True,48,5,0.8,euclidean,random,StandardScaler_per_sample_dimension
CCCCCNCCCCCC=O,8.208883,5.8817496,True,48,5,0.8,euclidean,random,StandardScaler_per_sample_dimension
CCCOC(=O)C1=CC=C(C)C=C1,-1.453404,-5.8485827,False,48,5,0.8,euclidean,random,StandardScaler_per_sample_dimension
CCCOCC1=CC=C(C=O)C=C1,-1.4054124,-5.9389873,False,48,5,0.8,euclidean,random,StandardScaler_per_sample_dimension
CCNC(=O)C1=CC=C(C=O)C=C1,7.775715,20.397257,False,48,5,0.8,euclidean,random,StandardScaler_per_sample_dimension
COC(=O)C1=CC=C(NC=O)C=C1,23.847765,20.315298,False,48,5,0.8,euclidean,random,StandardScaler_per_sample_dimension
OC1=CC=CC(C2=CC=CC=C2)=C1,3.3064663,18.587,True,48,5,0.8,euclidean,random,StandardScaler_per_sample_dimension
CCCOC(=O)C1=CC=C(C=O)C=C1,-1.3703202,-5.9862523,False,48,5,0.8,euclidean,random,StandardScaler_per_sample_dimension
NCCCCCCNCC1=CC=CC=C1,-22.67034,6.9679112,False,48,5,0.8,euclidean,random,StandardScaler_per_sample_dimension
O=C(O)C1=CC=C(NCC2=CC=CC=C2)C=C1,23.837927,20.342321,False,48,5,0.8,euclidean,random,StandardScaler_per_sample_dimension
CCOCCNC,-16.684826,11.73775,False,48,5,0.8,euclidean,random,StandardScaler_per_sample_dimension
CCCOCCCC=O,0.33371383,-2.6739259,True,48,5,0.8,euclidean,random,StandardScaler_per_sample_dimension
CCCOC(=O)CCC=O,0.39844537,-2.7493598,False,48,5,0.8,euclidean,random,StandardScaler_per_sample_dimension
CNC1=CC(C2=NC=CN2)=CC=C1,-1.08737,23.653322,False,48,5,0.8,euclidean,random,StandardScaler_per_sample_dimension
CNC1=CC=CC(C2=NC=CN2)=C1,-0.6486842,23.56954,False,48,5,0.8,euclidean,random,StandardScaler_per_sample_dimension
CCNC1=CC(C2=NC=CN2)=CC=C1,-0.7716392,23.814924,False,48,5,0.8,euclidean,random,StandardScaler_per_sample_dimension
CCNC1=CC=CC(C2=NC=CN2)=C1,-0.63842344,23.909166,True,48,5,0.8,euclidean,random,StandardScaler_per_sample_dimension
CNC1=CC(C2=NC=CN2)=C(O)C=C1,-0.80698997,24.025831,False,48,5,0.8,euclidean,random,StandardScaler_per_sample_dimension
CNC1=CC=C(O)C(C2=NC=CN2)=C1,-0.8816341,23.639542,False,48,5,0.8,euclidean,random,StandardScaler_per_sample_dimension
O=CNC1=CC(C2=NC=CN2)=CC=C1,-0.70139885,23.257036,False,48,5,0.8,euclidean,random,StandardScaler_per_sample_dimension
O=CNC1=CC=CC(C2=NC=CN2)=C1,-0.72773314,23.457392,False,48,5,0.8,euclidean,random,StandardScaler_per_sample_dimension
CC(=O)NC1=CC(C2=NC=CN2)=CC=C1,-0.5511751,23.34526,False,48,5,0.8,euclidean,random,StandardScaler_per_sample_dimension
CC(=O)NC1=CC=CC(C2=NC=CN2)=C1,-0.456002,23.41984,False,48,5,0.8,euclidean,random,StandardScaler_per_sample_dimension
CCNC1=CC(C2=NC=CN2)=C(O)C=C1,-0.86354005,23.347889,False,48,5,0.8,euclidean,random,StandardScaler_per_sample_dimension
CCNC1=CC=C(O)C(C2=NC=CN2)=C1,-0.9674079,23.730589,False,48,5,0.8,euclidean,random,StandardScaler_per_sample_dimension
O=CNC1=CC(C2=NC=CN2)=C(O)C=C1,-1.0331228,23.704746,False,48,5,0.8,euclidean,random,StandardScaler_per_sample_dimension
O=CNC1=CC=C(O)C(C2=NC=CN2)=C1,-0.5934926,24.024126,False,48,5,0.8,euclidean,random,StandardScaler_per_sample_dimension
CC(=O)NC1=CC=C(O)C(C2=NC=CN2)=C1,-0.579837,23.934425,False,48,5,0.8,euclidean,random,StandardScaler_per_sample_dimension
NC1=CC(NCC2=CC(C=O)=CC=C2)=CC=C1,13.70092,-13.830445,False,48,5,0.8,euclidean,random,StandardScaler_per_sample_dimension
NC1=CC(NCC2=CC=CC(C=O)=C2)=CC=C1,13.818613,-13.753583,False,48,5,0.8,euclidean,random,StandardScaler_per_sample_dimension
NC1=CC=CC(NCC2=CC(C=O)=CC=C2)=C1,13.80011,-13.686201,False,48,5,0.8,euclidean,random,StandardScaler_per_sample_dimension
NC1=CC=CC(NCC2=CC=CC(C=O)=C2)=C1,13.762699,-13.780348,False,48,5,0.8,euclidean,random,StandardScaler_per_sample_dimension
CCC(C=O)N1CC2=C(C=CC=C2)C1,27.084692,11.353707,False,48,5,0.8,euclidean,random,StandardScaler_per_sample_dimension
CCC(CN)N1CC2=C(C=CC=C2)C1,26.911034,11.404631,False,48,5,0.8,euclidean,random,StandardScaler_per_sample_dimension
CCCCCNC(=O)CCCCC=O,8.290074,5.922995,False,48,5,0.8,euclidean,random,StandardScaler_per_sample_dimension
CC[C@@H](C=O)N1CC2=C(C=CC=C2)C1,26.892326,11.5385275,False,48,5,0.8,euclidean,random,StandardScaler_per_sample_dimension
CC[C@@H](CN)N1CC2=C(C=CC=C2)C1,26.8761,11.647359,False,48,5,0.8,euclidean,random,StandardScaler_per_sample_dimension
CC1=CC(OC2=CC(C)=CC=C2)=CC=C1,20.39369,4.0333147,False,48,5,0.8,euclidean,random,StandardScaler_per_sample_dimension
CC1=CC(OC2=CC=CC(C)=C2)=CC=C1,20.225267,4.15167,False,48,5,0.8,euclidean,random,StandardScaler_per_sample_dimension
CCC(C(N)=O)N1CC2=C(C=CC=C2)C1,27.113108,11.524685,False,48,5,0.8,euclidean,random,StandardScaler_per_sample_dimension
CC[C@@H](C(N)=O)N1CC2=C(C=CC=C2)C1,26.824974,11.630988,False,48,5,0.8,euclidean,random,StandardScaler_per_sample_dimension
CC1=C(OC2=CC=C(C=O)C=C2)C=CC=C1,2.7126377,18.368076,True,48,5,0.8,euclidean,random,StandardScaler_per_sample_dimension
CC1=CC=CC=C1OC1=CC=C(C=O)C=C1,2.6656425,18.20153,False,48,5,0.8,euclidean,random,StandardScaler_per_sample_dimension
CCC(C=O)N1C(=O)C2=C(C=CC=C2)C1=O,27.201702,11.64132,False,48,5,0.8,euclidean,random,StandardScaler_per_sample_dimension
CCC(CN)N1C(=O)C2=C(C=CC=C2)C1=O,26.95886,11.390775,False,48,5,0.8,euclidean,random,StandardScaler_per_sample_dimension
CC[C@@H](C=O)N1C(=O)C2=C(C=CC=C2)C1=O,27.124878,11.6057825,False,48,5,0.8,euclidean,random,StandardScaler_per_sample_dimension
CC[C@@H](CN)N1C(=O)C2=C(C=CC=C2)C1=O,26.932701,11.299154,False,48,5,0.8,euclidean,random,StandardScaler_per_sample_dimension
OC1=CC=C(CCNC2=CC=CC=C2)C=C1,12.570708,6.9943614,True,48,5,0.8,euclidean,random,StandardScaler_per_sample_dimension
BrC1=C(OPOC2=CC=CC=C2)C(Br)=CC=C1,-17.12939,-2.594385,False,48,5,0.8,euclidean,random,StandardScaler_per_sample_dimension
O=C(CC1=CC=C(O)C=C1)NC1=CC=CC=C1,12.691893,7.161261,False,48,5,0.8,euclidean,random,StandardScaler_per_sample_dimension
CCOCCN,-16.469692,11.867701,False,48,5,0.8,euclidean,random,StandardScaler_per_sample_dimension
OC1=CC(CNC2=CC=CC=C2)=CC=C1,19.574558,4.0301213,False,48,5,0.8,euclidean,random,StandardScaler_per_sample_dimension
O=C(NC1=CC=CC=C1)C1=CC=CC(O)=C1,19.809246,4.4671273,False,48,5,0.8,euclidean,random,StandardScaler_per_sample_dimension
C1=CC=C(NCC2=CC3=C(C=C2)CNC3)C=C1,6.830152,17.390562,True,48,5,0.8,euclidean,random,StandardScaler_per_sample_dimension
C1=CC=C(NCC2=CC=C3CNCC3=C2)C=C1,7.129451,17.682808,False,48,5,0.8,euclidean,random,StandardScaler_per_sample_dimension
CC1=CC2=C(C=C1)CN(C1=CC=CC=C1O)C2,13.032793,21.982412,False,48,5,0.8,euclidean,random,StandardScaler_per_sample_dimension
CC1=CC=C2CN(C3=C(O)C=CC=C3)CC2=C1,12.945786,22.044914,False,48,5,0.8,euclidean,random,StandardScaler_per_sample_dimension
CC1=CC=C2CN(C3=CC=CC=C3O)CC2=C1,12.962206,21.97948,False,48,5,0.8,euclidean,random,StandardScaler_per_sample_dimension
OCC1=CC(N2CC3=C(C=CC=C3)C2)=CC=C1,0.6713484,32.27899,False,48,5,0.8,euclidean,random,StandardScaler_per_sample_dimension
OCC1=CC(N2CC3=CC=CC=C3C2)=CC=C1,0.6101655,32.317356,False,48,5,0.8,euclidean,random,StandardScaler_per_sample_dimension
OCC1=CC=CC(N2CC3=C(C=CC=C3)C2)=C1,0.5033574,32.254654,False,48,5,0.8,euclidean,random,StandardScaler_per_sample_dimension
OCC1=CC=CC(N2CC3=CC=CC=C3C2)=C1,0.45132652,32.522274,False,48,5,0.8,euclidean,random,StandardScaler_per_sample_dimension
CCCNCC(C)CC,6.638699,10.149283,False,48,5,0.8,euclidean,random,StandardScaler_per_sample_dimension
CCCNC(=O)C(C)CC,6.7027144,9.844599,False,48,5,0.8,euclidean,random,StandardScaler_per_sample_dimension
CNCCCCCCCCCCN,0.32732943,9.123344,False,48,5,0.8,euclidean,random,StandardScaler_per_sample_dimension
CC1=C(O)C=CC(C(C)C)=C1,1.7570809,12.518515,False,48,5,0.8,euclidean,random,StandardScaler_per_sample_dimension
CC1=CC(C(C)C)=CC=C1O,1.8025929,12.589805,False,48,5,0.8,euclidean,random,StandardScaler_per_sample_dimension
CCCCCCCCCCCN,0.7037979,10.216544,False,48,5,0.8,euclidean,random,StandardScaler_per_sample_dimension
CCCCCCCCCNC1=CC=CC=C1,1.0197288,10.62015,False,48,5,0.8,euclidean,random,StandardScaler_per_sample_dimension
CCCCCCCCC(=O)NC1=CC=CC=C1,0.92502475,10.704924,False,48,5,0.8,euclidean,random,StandardScaler_per_sample_dimension
CCCCCCCCCCNC1=CC=CC=C1,0.7906346,10.455992,False,48,5,0.8,euclidean,random,StandardScaler_per_sample_dimension
C=CC(C)CCC,7.882984,0.45732886,False,48,5,0.8,euclidean,random,StandardScaler_per_sample_dimension
C=CC(C)CC,7.7575345,0.54376376,False,48,5,0.8,euclidean,random,StandardScaler_per_sample_dimension
CCCCCCCCCNC(=O)CC,0.57966805,7.852693,False,48,5,0.8,euclidean,random,StandardScaler_per_sample_dimension
NCCCCCCCCCCNC=O,0.77313817,8.858153,False,48,5,0.8,euclidean,random,StandardScaler_per_sample_dimension
CC1=C(O)C=CC(C(C)C2=CC=CC=C2)=C1,-4.1313257,19.820549,False,48,5,0.8,euclidean,random,StandardScaler_per_sample_dimension
CC1=CC(C(C)C2=CC=CC=C2)=CC=C1O,-4.199395,19.628456,False,48,5,0.8,euclidean,random,StandardScaler_per_sample_dimension
CCCCCCCCNC(=O)CC,0.9793506,8.613688,False,48,5,0.8,euclidean,random,StandardScaler_per_sample_dimension
CCC1=CC(Br)=C(OP)C=C1,23.674078,17.339874,False,48,5,0.8,euclidean,random,StandardScaler_per_sample_dimension
CCC1=CC=C(OP)C(Br)=C1,21.11715,24.010862,False,48,5,0.8,euclidean,random,StandardScaler_per_sample_dimension
CCC1=CC(Br)=C(OP=O)C=C1,21.15796,23.948654,False,48,5,0.8,euclidean,random,StandardScaler_per_sample_dimension
CCC1=CC=C(OP=O)C(Br)=C1,21.177229,24.024626,False,48,5,0.8,euclidean,random,StandardScaler_per_sample_dimension
CCCCCCCCCCNC(=O)CC,0.69731706,8.083511,False,48,5,0.8,euclidean,random,StandardScaler_per_sample_dimension
CC(C)C1=CC(Br)=C(OP)C=C1,23.768377,17.396402,False,48,5,0.8,euclidean,random,StandardScaler_per_sample_dimension
CC(C)C1=CC=C(OP)C(Br)=C1,21.029657,23.846525,False,48,5,0.8,euclidean,random,StandardScaler_per_sample_dimension
CC(C)C1=CC(Br)=C(OP=O)C=C1,21.316519,23.864683,False,48,5,0.8,euclidean,random,StandardScaler_per_sample_dimension
CC(C)C1=CC=C(OP=O)C(Br)=C1,23.507502,17.312334,False,48,5,0.8,euclidean,random,StandardScaler_per_sample_dimension
C=CCC(C=O)CC,7.875693,0.5191412,False,48,5,0.8,euclidean,random,StandardScaler_per_sample_dimension
CC(C)C1=CC=C(C(C)C)C=C1,-10.150086,5.726486,False,48,5,0.8,euclidean,random,StandardScaler_per_sample_dimension
CCCCCCCNC(=O)CC,1.4270182,8.711466,False,48,5,0.8,euclidean,random,StandardScaler_per_sample_dimension
CCNCC(C)CC=O,5.8945723,9.356013,False,48,5,0.8,euclidean,random,StandardScaler_per_sample_dimension
CCCCCCCCCCCCC,15.684534,6.1779375,True,48,5,0.8,euclidean,random,StandardScaler_per_sample_dimension
CCNC(=O)C(C)CC=O,5.881061,9.242361,False,48,5,0.8,euclidean,random,StandardScaler_per_sample_dimension
CCCCCCCCCNCCCC,1.7876564,8.32163,False,48,5,0.8,euclidean,random,StandardScaler_per_sample_dimension
CC1=CC(NCCC(C)C)=CC=C1,9.962165,3.9353564,False,48,5,0.8,euclidean,random,StandardScaler_per_sample_dimension
CC1=CC=CC(NCCC(C)C)=C1,10.038426,3.8830528,False,48,5,0.8,euclidean,random,StandardScaler_per_sample_dimension
CC(C1=CC=CC=C1)C1=CC(Br)=C(OP)C=C1,2.9059315,14.4353285,False,48,5,0.8,euclidean,random,StandardScaler_per_sample_dimension
CC(C1=CC=CC=C1)C1=CC=C(OP)C(Br)=C1,3.159398,14.211547,False,48,5,0.8,euclidean,random,StandardScaler_per_sample_dimension
POC1=C(Br)C=C(CC2=CC(Br)=CC=C2)C=C1,2.9867208,14.100491,False,48,5,0.8,euclidean,random,StandardScaler_per_sample_dimension
POC1=C(Br)C=C(CC2=CC=CC(Br)=C2)C=C1,3.0430062,14.318213,False,48,5,0.8,euclidean,random,StandardScaler_per_sample_dimension
POC1=CC=C(CC2=CC(Br)=CC=C2)C=C1Br,3.082998,14.26601,False,48,5,0.8,euclidean,random,StandardScaler_per_sample_dimension
POC1=CC=C(CC2=CC=CC(Br)=C2)C=C1Br,3.1120365,14.430574,False,48,5,0.8,euclidean,random,StandardScaler_per_sample_dimension
CCCCCCCCCCCCCC,15.765264,6.137229,False,48,5,0.8,euclidean,random,StandardScaler_per_sample_dimension
CC(C1=CC=C(OP)C=C1)C1=CC(Br)=CC=C1,3.0469205,14.309049,False,48,5,0.8,euclidean,random,StandardScaler_per_sample_dimension
CC(C1=CC=C(OP)C=C1)C1=CC=CC(Br)=C1,3.1392443,14.407939,False,48,5,0.8,euclidean,random,StandardScaler_per_sample_dimension
NCCCCCCCCCCN,1.9312215,9.01678,True,48,5,0.8,euclidean,random,StandardScaler_per_sample_dimension
O=C1NCC2CC3CNCC3CC12,-8.7547035,4.077543,False,48,5,0.8,euclidean,random,StandardScaler_per_sample_dimension
CCCOCCCO,5.8528113,-0.005570915,False,48,5,0.8,euclidean,random,StandardScaler_per_sample_dimension
CCCNCC(C)CC=O,6.371846,15.463713,False,48,5,0.8,euclidean,random,StandardScaler_per_sample_dimension
NC1=NC=NC(NCCO)=N1,-19.699512,-3.8822048,False,48,5,0.8,euclidean,random,StandardScaler_per_sample_dimension
CNC1=NC=NC(NCCO)=N1,-19.634811,-3.9432874,False,48,5,0.8,euclidean,random,StandardScaler_per_sample_dimension
CCNCCCCCCCCCCN,1.89146,9.27438,False,48,5,0.8,euclidean,random,StandardScaler_per_sample_dimension
CC(=O)NCCCCCCCCCCN,1.9333231,9.080594,True,48,5,0.8,euclidean,random,StandardScaler_per_sample_dimension
CC1=C(O)C=CC(C(C)(C)C2=CC=CC=C2)=C1,9.759033,-0.6416789,False,48,5,0.8,euclidean,random,StandardScaler_per_sample_dimension
CC1=CC(C(C)(C)C2=CC=CC=C2)=CC=C1O,9.802316,-0.4374032,False,48,5,0.8,euclidean,random,StandardScaler_per_sample_dimension
CNCC1=C(O)C=CC(C)=C1,-13.401309,11.5864725,False,48,5,0.8,euclidean,random,StandardScaler_per_sample_dimension
CNCC1=CC(C)=CC=C1O,-13.435259,11.5102415,False,48,5,0.8,euclidean,random,StandardScaler_per_sample_dimension
O=C1NCC2CC3C(=O)NC(=O)C3CC12,-9.12949,3.7005079,False,48,5,0.8,euclidean,random,StandardScaler_per_sample_dimension
C=CC(C)CCC=O,8.419771,1.0753932,False,48,5,0.8,euclidean,random,StandardScaler_per_sample_dimension
CCCNC(=O)C(C)CC=O,6.381437,15.433891,False,48,5,0.8,euclidean,random,StandardScaler_per_sample_dimension
O=[SH]C1=CC=C(OCCO)C=C1,-10.728476,-8.671888,False,48,5,0.8,euclidean,random,StandardScaler_per_sample_dimension
C=NCC,18.839264,-2.3348591,False,48,5,0.8,euclidean,random,StandardScaler_per_sample_dimension
CCC1=CC(Br)=C(OP)C(Br)=C1,2.483353,13.822509,False,48,5,0.8,euclidean,random,StandardScaler_per_sample_dimension
N[PH](N)=O,7.1877594,-1.80387,False,48,5,0.8,euclidean,random,StandardScaler_per_sample_dimension
C=CCC(C)C=O,8.015679,0.6896449,False,48,5,0.8,euclidean,random,StandardScaler_per_sample_dimension
CCCCCCCCCCCCCCC,16.211313,6.2730956,False,48,5,0.8,euclidean,random,StandardScaler_per_sample_dimension
CCNC1=CC=C(S(=O)C2=CC=CC=C2)C=C1,14.011968,-7.9296355,False,48,5,0.8,euclidean,random,StandardScaler_per_sample_dimension
O=CNC1=CC=C(S(=O)C2=CC=CC=C2)C=C1,13.925822,-7.9589725,False,48,5,0.8,euclidean,random,StandardScaler_per_sample_dimension
C=CCC(C=O)CC=O,8.184225,0.93065923,False,48,5,0.8,euclidean,random,StandardScaler_per_sample_dimension
CCNO,8.983109,9.790953,False,48,5,0.8,euclidean,random,StandardScaler_per_sample_dimension
O=CCCCC1=CC=CC=C1,9.619134,1.5278984,False,48,5,0.8,euclidean,random,StandardScaler_per_sample_dimension
OC1=CC(CC2=CC=CC=C2)=CC=C1,3.872323,16.34197,False,48,5,0.8,euclidean,random,StandardScaler_per_sample_dimension
OC1=CC=CC(CC2=CC=CC=C2)=C1,3.9013846,16.373404,False,48,5,0.8,euclidean,random,StandardScaler_per_sample_dimension
CCNC1=CC=C(NC)C=C1,5.2694864,-1.3886919,True,48,5,0.8,euclidean,random,StandardScaler_per_sample_dimension
POC1=C(Br)C=C(CC2=CC=CC=C2)C=C1,2.0483816,14.032335,False,48,5,0.8,euclidean,random,StandardScaler_per_sample_dimension
POC1=CC=C(CC2=CC=CC=C2)C=C1Br,14.99063,-0.29309326,False,48,5,0.8,euclidean,random,StandardScaler_per_sample_dimension
O=POC1=C(Br)C=C(CC2=CC=CC=C2)C=C1,14.68056,0.34484735,False,48,5,0.8,euclidean,random,StandardScaler_per_sample_dimension
O=POC1=CC=C(CC2=CC=CC=C2)C=C1Br,14.693775,-0.0784306,False,48,5,0.8,euclidean,random,StandardScaler_per_sample_dimension
CNC1=CC=C(NC=O)C=C1,5.5245943,-1.6531241,False,48,5,0.8,euclidean,random,StandardScaler_per_sample_dimension
CNC1=CC=C(NC(C)=O)C=C1,5.430779,-1.4807336,False,48,5,0.8,euclidean,random,StandardScaler_per_sample_dimension
[O-]P,18.40615,-4.3634267,False,48,5,0.8,euclidean,random,StandardScaler_per_sample_dimension
O=P[O-],18.520042,-4.36163,False,48,5,0.8,euclidean,random,StandardScaler_per_sample_dimension
O=[PH2][O-],18.55418,-4.3089795,False,48,5,0.8,euclidean,random,StandardScaler_per_sample_dimension
CCOP(OC)OC,19.320953,22.036217,False,48,5,0.8,euclidean,random,StandardScaler_per_sample_dimension
CCOP(=O)(OC)OC,19.339752,22.01227,False,48,5,0.8,euclidean,random,StandardScaler_per_sample_dimension
OPCC1=CC=CC=C1,-16.33095,14.971117,False,48,5,0.8,euclidean,random,StandardScaler_per_sample_dimension
CC1=CC(Br)=C(OP)C=C1,14.974551,-0.08370384,False,48,5,0.8,euclidean,random,StandardScaler_per_sample_dimension
CC1=CC=C(OP)C(Br)=C1,1.919899,14.14313,False,48,5,0.8,euclidean,random,StandardScaler_per_sample_dimension
O=[PH](O)CC1=CC=CC=C1,-16.175936,14.718319,False,48,5,0.8,euclidean,random,StandardScaler_per_sample_dimension
CC1=CC(Br)=C(OP=O)C=C1,15.079352,-0.5078467,False,48,5,0.8,euclidean,random,StandardScaler_per_sample_dimension
CC1=CC=C(OP=O)C(Br)=C1,15.172157,-0.27201718,False,48,5,0.8,euclidean,random,StandardScaler_per_sample_dimension
O=C/C=C/C1=CC=C(O)C=C1,5.32733,27.664778,False,48,5,0.8,euclidean,random,StandardScaler_per_sample_dimension
O=C/C=C/C1=CC=CC(O)=C1,5.9153605,26.30299,False,48,5,0.8,euclidean,random,StandardScaler_per_sample_dimension
C=CC(=O)/C=C/C1=CC=CC=C1,6.7520237,27.544132,False,48,5,0.8,euclidean,random,StandardScaler_per_sample_dimension
CC(=O)/C=C/C1=CC=C(O)C=C1,6.9484963,27.644283,False,48,5,0.8,euclidean,random,StandardScaler_per_sample_dimension
CC(=O)/C=C/C1=CC=CC(O)=C1,5.3660054,27.539566,False,48,5,0.8,euclidean,random,StandardScaler_per_sample_dimension
O=C/C=C/C1=CC=C(O)C(O)=C1,5.1346993,27.619507,False,48,5,0.8,euclidean,random,StandardScaler_per_sample_dimension
C=CC(=O)/C=C/C1=CC=C(O)C=C1,6.8661833,27.549427,False,48,5,0.8,euclidean,random,StandardScaler_per_sample_dimension
C=CC(=O)/C=C/C1=CC=CC(O)=C1,5.7043204,27.04377,False,48,5,0.8,euclidean,random,StandardScaler_per_sample_dimension
CC(=O)/C=C/C1=CC=C(O)C(O)=C1,5.7485895,27.462198,False,48,5,0.8,euclidean,random,StandardScaler_per_sample_dimension
O=C1CCCN1C1=CC=C(O)C=C1,6.224875,2.775197,True,48,5,0.8,euclidean,random,StandardScaler_per_sample_dimension
C=CC(=O)/C=C/C1=CC=C(O)C(O)=C1,5.7553163,27.078407,False,48,5,0.8,euclidean,random,StandardScaler_per_sample_dimension
CC1=CC2=C(C=C1)OC1=C(C=CC=C1)P2,-6.0742617,11.099063,False,48,5,0.8,euclidean,random,StandardScaler_per_sample_dimension
CC1=CC2=C(C=C1)OC1=CC=CC=C1P2,-6.2358794,11.001745,False,48,5,0.8,euclidean,random,StandardScaler_per_sample_dimension
CC1=CC=C(C2=CC=C(C=O)C=C2)C=C1,6.6629043,-1.5641364,False,48,5,0.8,euclidean,random,StandardScaler_per_sample_dimension
CC1=CC=C2OC3=C(C=CC=C3)PC2=C1,-5.6769304,11.61952,False,48,5,0.8,euclidean,random,StandardScaler_per_sample_dimension
CC1=CC(OC2=CC(C=O)=CC=C2)=CC=C1,20.803907,8.638423,False,48,5,0.8,euclidean,random,StandardScaler_per_sample_dimension
CC1=CC(OC2=CC=C(C=O)C=C2)=CC=C1,20.926973,8.545274,False,48,5,0.8,euclidean,random,StandardScaler_per_sample_dimension
CC1=CC(OC2=CC=CC(C=O)=C2)=CC=C1,20.737911,8.358288,False,48,5,0.8,euclidean,random,StandardScaler_per_sample_dimension
CC1=CC2=C(C=C1)OC1=C(C=CC=C1)[PH]2=O,-5.766298,11.447228,False,48,5,0.8,euclidean,random,StandardScaler_per_sample_dimension
CC1=CC2=C(C=C1)OC1=CC=CC=C1[PH]2=O,-5.968895,11.104338,False,48,5,0.8,euclidean,random,StandardScaler_per_sample_dimension
CC1=CC=C2OC3=C(C=CC=C3)[PH](=O)C2=C1,-6.0207524,11.507267,False,48,5,0.8,euclidean,random,StandardScaler_per_sample_dimension
CC1=CC=CC(OC2=CC=C(C=O)C=C2)=C1,21.035154,8.675919,False,48,5,0.8,euclidean,random,StandardScaler_per_sample_dimension
O=C1C2=C(C=CC=C2)CC1C1=CC=CC=C1,-6.1624074,6.706501,True,48,5,0.8,euclidean,random,StandardScaler_per_sample_dimension
O=CC1=CC2=C(C=C1)OC1=C(C=CC=C1)P2,-6.00996,11.339632,False,48,5,0.8,euclidean,random,StandardScaler_per_sample_dimension
O=CC1=CC2=C(C=C1)OC1=CC=CC=C1P2,-6.1447306,11.164785,False,48,5,0.8,euclidean,random,StandardScaler_per_sample_dimension
O=CC1=CC=C2OC3=C(C=CC=C3)PC2=C1,-5.9958267,11.21992,False,48,5,0.8,euclidean,random,StandardScaler_per_sample_dimension
POC1=CC=C(CC2=CC(Br)=CC=C2)C=C1,14.868978,-0.38549405,False,48,5,0.8,euclidean,random,StandardScaler_per_sample_dimension
POC1=CC=C(CC2=CC=CC(Br)=C2)C=C1,14.697615,-0.41895851,False,48,5,0.8,euclidean,random,StandardScaler_per_sample_dimension
CC(C)C1=CC=C(OCC2=CC=CC=C2)C=C1,9.206051,-5.228543,False,48,5,0.8,euclidean,random,StandardScaler_per_sample_dimension
CC1=CC2=C(C=C1)OC1=C(C=C(C=O)C=C1)P2,-6.057696,11.326512,False,48,5,0.8,euclidean,random,StandardScaler_per_sample_dimension
CC1=CC2=C(C=C1)OC1=CC=C(C=O)C=C1P2,-5.482744,11.509149,False,48,5,0.8,euclidean,random,StandardScaler_per_sample_dimension
CC1=CC=C(OC2=CC(C=O)=CC=C2)C=C1C,21.021158,8.643452,False,48,5,0.8,euclidean,random,StandardScaler_per_sample_dimension
CC1=CC=C(OC2=CC=CC(C=O)=C2)C=C1C,20.864777,8.596915,False,48,5,0.8,euclidean,random,StandardScaler_per_sample_dimension
CC1=CC=C2OC3=C(C=C(C=O)C=C3)PC2=C1,-6.0908074,11.089078,False,48,5,0.8,euclidean,random,StandardScaler_per_sample_dimension
O=CC1=CC2=C(C=C1)OC1=C(C=CC=C1)[PH]2=O,-5.658591,11.62055,False,48,5,0.8,euclidean,random,StandardScaler_per_sample_dimension
O=CC1=CC2=C(C=C1)OC1=CC=CC=C1[PH]2=O,-5.7709894,11.35818,False,48,5,0.8,euclidean,random,StandardScaler_per_sample_dimension
O=CC1=CC=C2OC3=C(C=CC=C3)[PH](=O)C2=C1,-5.6989923,11.563281,False,48,5,0.8,euclidean,random,StandardScaler_per_sample_dimension
O=POC1=CC=C(CC2=CC(Br)=CC=C2)C=C1,2.122318,13.980488,False,48,5,0.8,euclidean,random,StandardScaler_per_sample_dimension
O=POC1=CC=C(CC2=CC=CC(Br)=C2)C=C1,14.973535,-0.40346357,False,48,5,0.8,euclidean,random,StandardScaler_per_sample_dimension
C=C(C)C=O,6.694142,0.4566753,False,48,5,0.8,euclidean,random,StandardScaler_per_sample_dimension
CCCCC(=O)OC,8.083619,0.8081316,False,48,5,0.8,euclidean,random,StandardScaler_per_sample_dimension
NC1=CC=C(C2=CC=CC=C2)C=C1,14.93772,3.2866359,False,48,5,0.8,euclidean,random,StandardScaler_per_sample_dimension
CCCCNCC1=CC(C=O)=CC=C1,-2.2849505,6.996354,False,48,5,0.8,euclidean,random,StandardScaler_per_sample_dimension
CCCCNCC1=CC=CC(C=O)=C1,-2.3796623,7.202962,False,48,5,0.8,euclidean,random,StandardScaler_per_sample_dimension
CCCCCOCC,7.2245126,1.416389,False,48,5,0.8,euclidean,random,StandardScaler_per_sample_dimension
OCCNC1=NC=NC=N1,12.938186,13.4277935,False,48,5,0.8,euclidean,random,StandardScaler_per_sample_dimension
C1=CCCCC1,8.723418,2.0273967,False,48,5,0.8,euclidean,random,StandardScaler_per_sample_dimension
CC1=CC(CN)=C(O)C=C1,-13.5745125,11.346347,False,48,5,0.8,euclidean,random,StandardScaler_per_sample_dimension
CC1=CC=C(O)C(CN)=C1,-13.684387,11.449318,False,48,5,0.8,euclidean,random,StandardScaler_per_sample_dimension
CNC1=CC=C(NC)C=C1,5.4182124,-1.3282084,True,48,5,0.8,euclidean,random,StandardScaler_per_sample_dimension
COP(O)C1=CC=CC=C1,-7.1351285,21.334263,False,48,5,0.8,euclidean,random,StandardScaler_per_sample_dimension
COP(=O)(O)C1=CC=CC=C1,-7.1494737,21.397516,False,48,5,0.8,euclidean,random,StandardScaler_per_sample_dimension
COC1=CC(/C=C/C=O)=CC=C1,6.7952046,27.384226,False,48,5,0.8,euclidean,random,StandardScaler_per_sample_dimension
COC1=CC(/C=C/C(C)=O)=CC=C1,5.889883,26.447071,False,48,5,0.8,euclidean,random,StandardScaler_per_sample_dimension
COC1=CC(/C=C/C=O)=CC=C1O,6.008996,26.280521,False,48,5,0.8,euclidean,random,StandardScaler_per_sample_dimension
C=CC(=O)/C=C/C1=CC=CC(OC)=C1,5.9259005,26.433971,False,48,5,0.8,euclidean,random,StandardScaler_per_sample_dimension
COC1=CC(/C=C/C(C)=O)=CC=C1O,6.8051715,27.498613,False,48,5,0.8,euclidean,random,StandardScaler_per_sample_dimension
O=C1NC(=O)C2CC3CNCC3CC12,5.965954,2.2510545,False,48,5,0.8,euclidean,random,StandardScaler_per_sample_dimension
O=C1NCC2CC3C(=O)NCC3CC12,5.9019217,1.9714887,False,48,5,0.8,euclidean,random,StandardScaler_per_sample_dimension
O=C1NCC2CC3CNC(=O)C3CC12,5.829754,1.995845,False,48,5,0.8,euclidean,random,StandardScaler_per_sample_dimension
C=CC(=O)/C=C/C1=CC=C(O)C(OC)=C1,5.978447,26.369972,False,48,5,0.8,euclidean,random,StandardScaler_per_sample_dimension
CCCCCCCCCCCCCCCC,16.727068,6.5388045,True,48,5,0.8,euclidean,random,StandardScaler_per_sample_dimension
OC1=CC=C(C2OCC3=C2C=CC=C3)C=C1,20.973425,5.89971,False,48,5,0.8,euclidean,random,StandardScaler_per_sample_dimension
OC1=CC=C(C2OCC3=CC=CC=C32)C=C1,22.209644,4.909895,False,48,5,0.8,euclidean,random,StandardScaler_per_sample_dimension
CC1=CC=C(OC2=CC=C3CNCC3=C2)C=C1,10.3052845,8.8250265,False,48,5,0.8,euclidean,random,StandardScaler_per_sample_dimension
O=C1OC(C2=CC=C(O)C=C2)C2=C1C=CC=C2,22.297915,4.965281,False,48,5,0.8,euclidean,random,StandardScaler_per_sample_dimension
O=C1OC(C2=CC=C(O)C=C2)C2=CC=CC=C12,22.002264,5.0677233,False,48,5,0.8,euclidean,random,StandardScaler_per_sample_dimension
C=CCCC(=C)C,7.1284194,-0.16676728,False,48,5,0.8,euclidean,random,StandardScaler_per_sample_dimension
C1=CC2=C(C=C1)NC=N2,27.529642,6.5577364,False,48,5,0.8,euclidean,random,StandardScaler_per_sample_dimension
C1=CC=C2NC=NC2=C1,27.656813,6.699554,False,48,5,0.8,euclidean,random,StandardScaler_per_sample_dimension
CCOPOC1=CC=CC=C1,-20.342455,10.5311575,False,48,5,0.8,euclidean,random,StandardScaler_per_sample_dimension
CCO[PH](=O)OC1=CC=CC=C1,-20.323797,10.513308,False,48,5,0.8,euclidean,random,StandardScaler_per_sample_dimension
C1=CC=C(C2=NC3=C(C=CC=C3)N2)C=C1,27.788303,6.7140875,False,48,5,0.8,euclidean,random,StandardScaler_per_sample_dimension
C1=CC=C(C2=NC3=CC=CC=C3N2)C=C1,27.532846,6.6017084,False,48,5,0.8,euclidean,random,StandardScaler_per_sample_dimension
OCCOC1=CC=C(S)C=C1,-10.970957,-9.068912,False,48,5,0.8,euclidean,random,StandardScaler_per_sample_dimension
O=[SH](=O)C1=CC=C(OCCO)C=C1,-11.181457,-9.066592,False,48,5,0.8,euclidean,random,StandardScaler_per_sample_dimension
OCCOC1=CC=C(SC2=CC=CC=C2)C=C1,-10.921226,-9.11207,False,48,5,0.8,euclidean,random,StandardScaler_per_sample_dimension
CCCCCCOC,7.512551,1.6430322,False,48,5,0.8,euclidean,random,StandardScaler_per_sample_dimension
CNC1=CC=C(C2=CC=CC=C2)C=C1,15.20639,3.2305708,False,48,5,0.8,euclidean,random,StandardScaler_per_sample_dimension
CC1=CC=C(COC2=CC=CC=C2)C=C1,-1.036487,7.5148506,False,48,5,0.8,euclidean,random,StandardScaler_per_sample_dimension
O=CNC1=CC=C(C2=CC=CC=C2)C=C1,15.115899,3.172693,False,48,5,0.8,euclidean,random,StandardScaler_per_sample_dimension
CC1=CC=C(C(=O)OC2=CC=CC=C2)C=C1,-1.2315961,7.541767,False,48,5,0.8,euclidean,random,StandardScaler_per_sample_dimension
CCNC1=CC=C(SC2=CC=CC=C2)C=C1,11.274282,27.478704,False,48,5,0.8,euclidean,random,StandardScaler_per_sample_dimension
O=CNC1=CC=C(SC2=CC=CC=C2)C=C1,11.150215,27.5729,False,48,5,0.8,euclidean,random,StandardScaler_per_sample_dimension
CC(=O)NC1=CC=C(SC2=CC=CC=C2)C=C1,11.054225,27.514338,False,48,5,0.8,euclidean,random,StandardScaler_per_sample_dimension
CC1=CC=C(CNC2=CC=C(O)C=C2)C=C1,-1.7292,3.5810442,False,48,5,0.8,euclidean,random,StandardScaler_per_sample_dimension
CC1=CC=C(C(=O)NC2=CC=C(O)C=C2)C=C1,-1.6848052,3.6020164,False,48,5,0.8,euclidean,random,StandardScaler_per_sample_dimension
O=CC1=CC=C(CNC2=CC=C(O)C=C2)C=C1,-1.672388,3.7200432,False,48,5,0.8,euclidean,random,StandardScaler_per_sample_dimension
PCC1=CC=CC=C1,-16.28716,15.067732,False,48,5,0.8,euclidean,random,StandardScaler_per_sample_dimension
CC1=C(O)C=CC(O)=C1,3.11133,18.379087,True,48,5,0.8,euclidean,random,StandardScaler_per_sample_dimension
CCCCOCCCC,-12.461439,-15.328868,True,48,5,0.8,euclidean,random,StandardScaler_per_sample_dimension
O=PCC1=CC=CC=C1,-16.17519,14.924842,False,48,5,0.8,euclidean,random,StandardScaler_per_sample_dimension
CCC(=O)OCCCCO,-12.053968,-15.583442,False,48,5,0.8,euclidean,random,StandardScaler_per_sample_dimension
COC1=C(C)C=C(O)C=C1,3.2921872,18.349031,False,48,5,0.8,euclidean,random,StandardScaler_per_sample_dimension
C1=CC=C(C2CC3=C(C=CC=C3)C2)C=C1,-5.6374254,6.5826135,True,48,5,0.8,euclidean,random,StandardScaler_per_sample_dimension
CC#N,7.2848306,-1.5245297,False,48,5,0.8,euclidean,random,StandardScaler_per_sample_dimension
CCNC(=O)C1=CC=C(O)C=C1,10.227738,-5.128072,False,48,5,0.8,euclidean,random,StandardScaler_per_sample_dimension
CC1=CC(CNC2=CC=C(N)C=C2)=CC=C1,16.699821,17.709967,False,48,5,0.8,euclidean,random,StandardScaler_per_sample_dimension
CC1=CC=CC(CNC2=CC=C(N)C=C2)=C1,16.76101,17.61933,False,48,5,0.8,euclidean,random,StandardScaler_per_sample_dimension
CC1=CC(C(=O)NC2=CC=C(N)C=C2)=CC=C1,16.614674,17.787725,False,48,5,0.8,euclidean,random,StandardScaler_per_sample_dimension
CC1=CC=CC(C(=O)NC2=CC=C(N)C=C2)=C1,16.730783,17.861055,False,48,5,0.8,euclidean,random,StandardScaler_per_sample_dimension
POC1=C(Br)C=C(CC2=CC=CC=C2)C=C1Br,0.5583275,14.316268,False,48,5,0.8,euclidean,random,StandardScaler_per_sample_dimension
*C,13.888079,2.1871772,False,48,5,0.8,euclidean,random,StandardScaler_per_sample_dimension
*N,13.944135,1.986613,False,48,5,0.8,euclidean,random,StandardScaler_per_sample_dimension
C=CC(=O)C=C,6.4610186,27.280176,False,48,5,0.8,euclidean,random,StandardScaler_per_sample_dimension
COCCN(C)C,-16.58342,11.839803,False,48,5,0.8,euclidean,random,StandardScaler_per_sample_dimension
C#CC1=CC(C)=CC=C1,17.885593,14.310681,False,48,5,0.8,euclidean,random,StandardScaler_per_sample_dimension
C#CC1=CC=CC(C)=C1,19.003452,14.436897,False,48,5,0.8,euclidean,random,StandardScaler_per_sample_dimension
OCNC1=CC=CC=C1,19.686472,-9.958037,True,48,5,0.8,euclidean,random,StandardScaler_per_sample_dimension
C#CC1=CC(C)=C(C)C=C1,18.833082,14.28993,False,48,5,0.8,euclidean,random,StandardScaler_per_sample_dimension
C#CC1=CC(C=O)=CC=C1,17.827326,14.624639,False,48,5,0.8,euclidean,random,StandardScaler_per_sample_dimension
C#CC1=CC=C(C)C(C)=C1,18.227278,14.285476,False,48,5,0.8,euclidean,random,StandardScaler_per_sample_dimension
C#CC1=CC=CC(C=O)=C1,18.650982,14.266439,False,48,5,0.8,euclidean,random,StandardScaler_per_sample_dimension
C1=CC2=C(C=C1)OCNC2,-12.548578,9.548298,False,48,5,0.8,euclidean,random,StandardScaler_per_sample_dimension
C1=CC=C2OCNCC2=C1,-12.608067,9.623188,False,48,5,0.8,euclidean,random,StandardScaler_per_sample_dimension
COCNC1=CC=CC=C1,19.802528,-9.806695,False,48,5,0.8,euclidean,random,StandardScaler_per_sample_dimension
C#CC1=CC(C)=C(C=O)C=C1,18.124361,13.968626,False,48,5,0.8,euclidean,random,StandardScaler_per_sample_dimension
C#CC1=CC(C=O)=C(C)C=C1,17.725742,14.231865,False,48,5,0.8,euclidean,random,StandardScaler_per_sample_dimension
C#CC1=CC=C(C)C(C=O)=C1,18.013113,14.10657,False,48,5,0.8,euclidean,random,StandardScaler_per_sample_dimension
C#CC1=CC=C(C=O)C(C)=C1,18.004051,14.229463,False,48,5,0.8,euclidean,random,StandardScaler_per_sample_dimension
CC1=CC(Br)=C(OP)C(Br)=C1,0.45865524,14.239055,False,48,5,0.8,euclidean,random,StandardScaler_per_sample_dimension
CN1COC2=CC=CC=C2C1,-12.727276,9.71679,False,48,5,0.8,euclidean,random,StandardScaler_per_sample_dimension
C#CC1=CC(C=O)=C(C=O)C=C1,18.468187,13.769991,False,48,5,0.8,euclidean,random,StandardScaler_per_sample_dimension
C#CC1=CC=C(C=O)C(C=O)=C1,17.928688,14.4540205,False,48,5,0.8,euclidean,random,StandardScaler_per_sample_dimension
C1NCC2CC3CNCC3CC12,6.883716,2.5717077,True,48,5,0.8,euclidean,random,StandardScaler_per_sample_dimension
CC1=CC(Br)=C(OP=O)C(Br)=C1,0.51744294,14.103025,False,48,5,0.8,euclidean,random,StandardScaler_per_sample_dimension
CC1=CC=C(CNCCN)C=C1,8.004124,20.622086,False,48,5,0.8,euclidean,random,StandardScaler_per_sample_dimension
OC1=CC=C(N2CCCC2)C=C1,6.842339,2.4404764,False,48,5,0.8,euclidean,random,StandardScaler_per_sample_dimension
CC1=CC=C(C(=O)NCCN)C=C1,8.045117,20.634253,False,48,5,0.8,euclidean,random,StandardScaler_per_sample_dimension
NCCNCC1=CC=C(C=O)C=C1,7.9654136,20.555342,False,48,5,0.8,euclidean,random,StandardScaler_per_sample_dimension
C1=CC2=C(C=C1)PC1=C(C=CC=C1)O2,-9.037142,11.299165,False,48,5,0.8,euclidean,random,StandardScaler_per_sample_dimension
C1=CC2=C(C=C1)PC1=CC=CC=C1O2,-9.245064,11.451305,False,48,5,0.8,euclidean,random,StandardScaler_per_sample_dimension
C1=CC=C2PC3=C(C=CC=C3)OC2=C1,-9.106922,11.328853,False,48,5,0.8,euclidean,random,StandardScaler_per_sample_dimension
CC1=CC=C(C2=CC=C(C)C=C2)C=C1,7.0302434,-1.6012257,False,48,5,0.8,euclidean,random,StandardScaler_per_sample_dimension
COC1=CC=C(C2=CC=CC=C2)C=C1,3.99872,18.604525,True,48,5,0.8,euclidean,random,StandardScaler_per_sample_dimension
NCCNC(=O)C1=CC=C(C=O)C=C1,7.98385,20.594624,False,48,5,0.8,euclidean,random,StandardScaler_per_sample_dimension
O=C1CCC(=O)N1C1=CC=C(O)C=C1,6.79104,2.6050148,False,48,5,0.8,euclidean,random,StandardScaler_per_sample_dimension
CC1=CC(C#CC2=CC=CC=C2)=CC=C1,17.959177,14.214189,False,48,5,0.8,euclidean,random,StandardScaler_per_sample_dimension
CC1=CC=CC(C#CC2=CC=CC=C2)=C1,18.93546,14.39675,False,48,5,0.8,euclidean,random,StandardScaler_per_sample_dimension
O=[PH]1C2=C(C=CC=C2)OC2=C1C=CC=C2,-9.240149,11.332558,False,48,5,0.8,euclidean,random,StandardScaler_per_sample_dimension
O=[PH]1C2=C(C=CC=C2)OC2=CC=CC=C21,-8.953775,11.359976,False,48,5,0.8,euclidean,random,StandardScaler_per_sample_dimension
O=[PH]1C2=CC=CC=C2OC2=C1C=CC=C2,-9.329368,11.319403,False,48,5,0.8,euclidean,random,StandardScaler_per_sample_dimension
CC1=C(C)C=C(C#CC2=CC=CC=C2)C=C1,18.987974,14.283345,False,48,5,0.8,euclidean,random,StandardScaler_per_sample_dimension
CC1=CC2=C(C=C1)OC1=C(C=C(C)C=C1)P2,-9.053152,11.520124,False,48,5,0.8,euclidean,random,StandardScaler_per_sample_dimension
CC1=CC=C(C#CC2=CC=CC=C2)C=C1C,18.232359,14.1197405,False,48,5,0.8,euclidean,random,StandardScaler_per_sample_dimension
CC1=CC=C2OC3=C(C=C(C)C=C3)PC2=C1,-9.166755,11.293716,False,48,5,0.8,euclidean,random,StandardScaler_per_sample_dimension
NCCCCCCNC(=O)C1=CC=CC=C1,7.455844,-1.8831127,False,48,5,0.8,euclidean,random,StandardScaler_per_sample_dimension
O=CC1=CC(C#CC2=CC=CC=C2)=CC=C1,18.89451,14.382494,False,48,5,0.8,euclidean,random,StandardScaler_per_sample_dimension
O=CC1=CC=C(C2=CC=C(C=O)C=C2)C=C1,7.0204043,-1.6424475,False,48,5,0.8,euclidean,random,StandardScaler_per_sample_dimension
O=CC1=CC=CC(C#CC2=CC=CC=C2)=C1,17.947392,14.42065,False,48,5,0.8,euclidean,random,StandardScaler_per_sample_dimension
C1=CC=C(CCN2CC3=C(C=CC=C3)C2)C=C1,13.608549,3.8998697,False,48,5,0.8,euclidean,random,StandardScaler_per_sample_dimension
C1=CC=C(CCN2CC3=CC=CC=C3C2)C=C1,13.907521,4.2584662,False,48,5,0.8,euclidean,random,StandardScaler_per_sample_dimension
CC1=C(C=O)C=C(C#CC2=CC=CC=C2)C=C1,19.067968,14.189277,False,48,5,0.8,euclidean,random,StandardScaler_per_sample_dimension
CC1=C(C=O)C=CC(C#CC2=CC=CC=C2)=C1,18.962925,14.495136,False,48,5,0.8,euclidean,random,StandardScaler_per_sample_dimension
CC1=CC(C#CC2=CC=CC=C2)=CC=C1C=O,18.185627,14.434796,False,48,5,0.8,euclidean,random,StandardScaler_per_sample_dimension
CC1=CC(CNC2=CC=CC(CO)=C2)=CC=C1,0.45981416,32.587982,False,48,5,0.8,euclidean,random,StandardScaler_per_sample_dimension
CC1=CC2=C(C=C1)OC1=C(C=C(C)C=C1)[PH]2=O,-9.184802,11.258742,False,48,5,0.8,euclidean,random,StandardScaler_per_sample_dimension
CC1=CC=C(C#CC2=CC=CC=C2)C=C1C=O,18.423428,14.07092,False,48,5,0.8,euclidean,random,StandardScaler_per_sample_dimension
CC1=CC=C(CNC2=CC=CC(CO)=C2)C=C1,0.87681425,32.160576,False,48,5,0.8,euclidean,random,StandardScaler_per_sample_dimension
CC1=CC=C2OC3=C(C=C(C)C=C3)[PH](=O)C2=C1,-9.269517,11.406107,False,48,5,0.8,euclidean,random,StandardScaler_per_sample_dimension
CCNCCCCCCNCC,6.1510496,11.577492,True,48,5,0.8,euclidean,random,StandardScaler_per_sample_dimension
CCCCCCCCCCCNC,0.3465639,9.816881,False,48,5,0.8,euclidean,random,StandardScaler_per_sample_dimension
CCC(C)C1=CC(C)=C(O)C=C1,2.8453119,12.36447,False,48,5,0.8,euclidean,random,StandardScaler_per_sample_dimension
CCC(C)C1=CC=C(O)C(C)=C1,2.7609003,12.26034,False,48,5,0.8,euclidean,random,StandardScaler_per_sample_dimension
CCC1=CC(C(C)C)=CC=C1,2.0281556,16.667328,False,48,5,0.8,euclidean,random,StandardScaler_per_sample_dimension
CCC1=CC=CC(C(C)C)=C1,1.9876385,16.591778,False,48,5,0.8,euclidean,random,StandardScaler_per_sample_dimension
CCCC(C)C1=CC(C)=CC=C1,2.1272318,12.460604,False,48,5,0.8,euclidean,random,StandardScaler_per_sample_dimension
CCCC(C)C1=CC=CC(C)=C1,2.0862331,12.333757,False,48,5,0.8,euclidean,random,StandardScaler_per_sample_dimension
CCCC(C)C1=CC(C)=C(O)C=C1,2.1113703,12.155151,False,48,5,0.8,euclidean,random,StandardScaler_per_sample_dimension
CCCC(C)C1=CC=C(O)C(C)=C1,2.0394459,12.335744,False,48,5,0.8,euclidean,random,StandardScaler_per_sample_dimension
CCCCCCCCCNC1=CC=C(O)C=C1,0.89197975,10.744701,False,48,5,0.8,euclidean,random,StandardScaler_per_sample_dimension
CCC(C)CCNC1=CC=CC(C)=C1,10.0970545,4.2428946,False,48,5,0.8,euclidean,random,StandardScaler_per_sample_dimension
NPNC1=CC=CC=C1,7.225764,-1.8605903,False,48,5,0.8,euclidean,random,StandardScaler_per_sample_dimension
N[PH](=O)NC1=CC=CC=C1,7.6069613,-2.0309505,False,48,5,0.8,euclidean,random,StandardScaler_per_sample_dimension
CCCC1=CC(C)=C(O)C=C1,-4.663115,20.318289,False,48,5,0.8,euclidean,random,StandardScaler_per_sample_dimension
CCCC1=CC=C(O)C(C)=C1,-4.5830164,20.00679,False,48,5,0.8,euclidean,random,StandardScaler_per_sample_dimension
CCCCC1=CC(C)=CC=C1,-4.4976015,19.980087,False,48,5,0.8,euclidean,random,StandardScaler_per_sample_dimension
CCCCC1=CC=CC(C)=C1,-4.3911843,20.32692,False,48,5,0.8,euclidean,random,StandardScaler_per_sample_dimension
CCC1=CC(Br)=C(OPO)C=C1,21.180058,24.014969,False,48,5,0.8,euclidean,random,StandardScaler_per_sample_dimension
CCC1=CC=C(OPO)C(Br)=C1,23.669903,17.246561,False,48,5,0.8,euclidean,random,StandardScaler_per_sample_dimension
CCCCC1=CC(C)=C(O)C=C1,-4.885479,20.297503,False,48,5,0.8,euclidean,random,StandardScaler_per_sample_dimension
CCCCC1=CC=C(O)C(C)=C1,-4.6452622,20.258064,False,48,5,0.8,euclidean,random,StandardScaler_per_sample_dimension
CC(C)C1=CC(Br)=C(OPO)C=C1,23.56307,17.321474,False,48,5,0.8,euclidean,random,StandardScaler_per_sample_dimension
CC(C)C1=CC=C(OPO)C(Br)=C1,23.75637,17.158758,False,48,5,0.8,euclidean,random,StandardScaler_per_sample_dimension
CCC1=CC(Br)=C(O[PH](=O)O)C=C1,21.318476,24.133942,False,48,5,0.8,euclidean,random,StandardScaler_per_sample_dimension
CCC1=CC=C(O[PH](=O)O)C(Br)=C1,21.043068,23.881966,False,48,5,0.8,euclidean,random,StandardScaler_per_sample_dimension
CC(C)C1=CC(Br)=C(O[PH](=O)O)C=C1,21.240751,24.08281,False,48,5,0.8,euclidean,random,StandardScaler_per_sample_dimension
CC(C)C1=CC=C(O[PH](=O)O)C(Br)=C1,23.76501,17.199825,False,48,5,0.8,euclidean,random,StandardScaler_per_sample_dimension
CCC(C1=CC=CC=C1)C1=CC(C)=CC=C1,-4.954453,20.50223,False,48,5,0.8,euclidean,random,StandardScaler_per_sample_dimension
CCC(C1=CC=CC=C1)C1=CC=CC(C)=C1,-5.035273,20.557318,False,48,5,0.8,euclidean,random,StandardScaler_per_sample_dimension
CCC(C)(C1=CC=CC=C1)C1=CC(C)=CC=C1,-4.3692856,20.013937,False,48,5,0.8,euclidean,random,StandardScaler_per_sample_dimension
CCC(C)(C1=CC=CC=C1)C1=CC=CC(C)=C1,-4.683807,20.384872,False,48,5,0.8,euclidean,random,StandardScaler_per_sample_dimension
CCC(C1=CC=CC=C1)C1=CC(C)=C(O)C=C1,-4.4936275,20.027058,False,48,5,0.8,euclidean,random,StandardScaler_per_sample_dimension
CCC(C1=CC=CC=C1)C1=CC=C(O)C(C)=C1,-4.714887,20.093214,False,48,5,0.8,euclidean,random,StandardScaler_per_sample_dimension
CCCC(C1=CC=CC=C1)C1=CC(C)=CC=C1,-5.0274186,20.56006,False,48,5,0.8,euclidean,random,StandardScaler_per_sample_dimension
CCCC(C1=CC=CC=C1)C1=CC=CC(C)=C1,-4.8834023,20.615097,False,48,5,0.8,euclidean,random,StandardScaler_per_sample_dimension
CCCCCCCCNC(=O)CCC,2.0345545,8.459854,True,48,5,0.8,euclidean,random,StandardScaler_per_sample_dimension
CCCCCCCCCNC(=O)CCC,1.7493807,8.631753,False,48,5,0.8,euclidean,random,StandardScaler_per_sample_dimension
CCCOC1=CC=C(CC)C=C1,8.45591,-3.0993671,False,48,5,0.8,euclidean,random,StandardScaler_per_sample_dimension
CCCOC1=CC=C(C(C)C)C=C1,8.364519,-3.0736032,False,48,5,0.8,euclidean,random,StandardScaler_per_sample_dimension
CCCCCCCCCCCCNC,6.6283736,2.7968822,False,48,5,0.8,euclidean,random,StandardScaler_per_sample_dimension
O=C1C2=C(C=CC=C2)CN1C1=CC(P)=CC=C1,25.250793,1.9323012,True,48,5,0.8,euclidean,random,StandardScaler_per_sample_dimension
O=C1C2=CC=CC=C2CN1C1=CC=CC(P)=C1,25.23768,1.816864,False,48,5,0.8,euclidean,random,StandardScaler_per_sample_dimension
CCCCCCCNC(=O)CCC,2.0623055,8.559109,False,48,5,0.8,euclidean,random,StandardScaler_per_sample_dimension
NC1=NC(NC2=CC=CC=C2)=NC=N1,-19.480873,-4.09882,False,48,5,0.8,euclidean,random,StandardScaler_per_sample_dimension
NC1=NC=NC(NC2=CC=CC=C2)=N1,-19.573137,-4.022556,False,48,5,0.8,euclidean,random,StandardScaler_per_sample_dimension
CC1=CC=C(NC2=NC(N)=NC=N2)C=C1,-19.48872,-4.1045885,False,48,5,0.8,euclidean,random,StandardScaler_per_sample_dimension
CC1=CC=C(NC2=NC=NC(N)=N2)C=C1,-19.326864,-4.254835,False,48,5,0.8,euclidean,random,StandardScaler_per_sample_dimension
NC1=NC(NC2=CC=C(C=O)C=C2)=NC=N1,-19.324827,-4.2646847,False,48,5,0.8,euclidean,random,StandardScaler_per_sample_dimension
NC1=NC=NC(NC2=CC=C(C=O)C=C2)=N1,-19.294952,-4.299975,False,48,5,0.8,euclidean,random,StandardScaler_per_sample_dimension
CPN,-3.443195,8.273612,False,48,5,0.8,euclidean,random,StandardScaler_per_sample_dimension
CNPC,-3.257308,8.400471,False,48,5,0.8,euclidean,random,StandardScaler_per_sample_dimension
C[PH](N)=O,-3.271353,8.493198,False,48,5,0.8,euclidean,random,StandardScaler_per_sample_dimension
CN[PH](C)=O,-3.3238044,8.34316,False,48,5,0.8,euclidean,random,StandardScaler_per_sample_dimension
OCC(CO)CO,-12.020742,12.044424,False,48,5,0.8,euclidean,random,StandardScaler_per_sample_dimension
CCCCCCCCCCCCN,6.796971,2.7253387,False,48,5,0.8,euclidean,random,StandardScaler_per_sample_dimension
CC1=CC(SC2=CC=CC=C2)=CC=C1,19.083588,0.7971753,False,48,5,0.8,euclidean,random,StandardScaler_per_sample_dimension
CC1=CC=CC(SC2=CC=CC=C2)=C1,19.141619,0.8901194,False,48,5,0.8,euclidean,random,StandardScaler_per_sample_dimension
CCC1=CC(Br)=C(OPO)C(Br)=C1,14.563262,0.52772176,False,48,5,0.8,euclidean,random,StandardScaler_per_sample_dimension
C1=CC=C(NPNC2=CC=CC=C2)C=C1,7.565752,-1.8876425,False,48,5,0.8,euclidean,random,StandardScaler_per_sample_dimension
O=[PH](NC1=CC=CC=C1)NC1=CC=CC=C1,7.67429,-1.6552442,False,48,5,0.8,euclidean,random,StandardScaler_per_sample_dimension
CCCCNCCC(C)C=O,8.538596,7.641062,False,48,5,0.8,euclidean,random,StandardScaler_per_sample_dimension
O=[SH]C1=CC=C(NCC2=CC=CC=C2)C=C1,-15.787488,7.4894867,False,48,5,0.8,euclidean,random,StandardScaler_per_sample_dimension
O=[SH]C1=CC=C(NC(=O)C2=CC=CC=C2)C=C1,-15.729491,7.414745,False,48,5,0.8,euclidean,random,StandardScaler_per_sample_dimension
CCCCCCCCCCCNCC,6.7938504,2.668653,False,48,5,0.8,euclidean,random,StandardScaler_per_sample_dimension
CCCCCCCCCCNCCCC,2.0079703,8.548507,True,48,5,0.8,euclidean,random,StandardScaler_per_sample_dimension
CC1=CC(SC2=CC(C)=CC=C2)=CC=C1,10.80221,25.455418,False,48,5,0.8,euclidean,random,StandardScaler_per_sample_dimension
CC1=CC(SC2=CC=CC(C)=C2)=CC=C1,10.6522255,25.35037,False,48,5,0.8,euclidean,random,StandardScaler_per_sample_dimension
CC1=CC=CC(SC2=CC(C)=CC=C2)=C1,10.481731,25.166998,False,48,5,0.8,euclidean,random,StandardScaler_per_sample_dimension
CC1=CC=CC(SC2=CC=CC(C)=C2)=C1,10.7212,25.38548,False,48,5,0.8,euclidean,random,StandardScaler_per_sample_dimension
CCCCNC(=O)CC(C)C=O,8.634521,7.5699515,False,48,5,0.8,euclidean,random,StandardScaler_per_sample_dimension
CC1=C2C=CC=CC2=CC=C1,13.436301,-16.141268,False,48,5,0.8,euclidean,random,StandardScaler_per_sample_dimension
CC1=CC=CC2=C1C=CC=C2,13.388571,-16.068476,False,48,5,0.8,euclidean,random,StandardScaler_per_sample_dimension
CC1=CC=CC2=CC=CC=C12,13.406001,-16.039501,False,48,5,0.8,euclidean,random,StandardScaler_per_sample_dimension
CCC1=CC(OPO)=CC=C1,-20.005363,-0.57204306,True,48,5,0.8,euclidean,random,StandardScaler_per_sample_dimension
CCC1=CC=CC(OPO)=C1,-20.102562,-0.59595644,False,48,5,0.8,euclidean,random,StandardScaler_per_sample_dimension
CCC1=CC(OPOC)=CC=C1,-19.836096,-0.4048825,False,48,5,0.8,euclidean,random,StandardScaler_per_sample_dimension
CCC1=CC(O[PH](=O)O)=CC=C1,-19.851564,-0.44263968,False,48,5,0.8,euclidean,random,StandardScaler_per_sample_dimension
CCC1=CC=CC(OPOC)=C1,-20.009432,-0.6222611,False,48,5,0.8,euclidean,random,StandardScaler_per_sample_dimension
CCC1=CC=CC(O[PH](=O)O)=C1,-19.945715,-0.5516616,False,48,5,0.8,euclidean,random,StandardScaler_per_sample_dimension
CCC1=CC(O[PH](=O)OC)=CC=C1,-19.947746,-0.51068527,False,48,5,0.8,euclidean,random,StandardScaler_per_sample_dimension
CCC1=CC=CC(O[PH](=O)OC)=C1,-19.851328,-0.38163954,False,48,5,0.8,euclidean,random,StandardScaler_per_sample_dimension
CCC(=O)OCCCO,7.400491,0.553901,False,48,5,0.8,euclidean,random,StandardScaler_per_sample_dimension
O=CC1=CC=CC=N1,17.993164,-6.5491395,False,48,5,0.8,euclidean,random,StandardScaler_per_sample_dimension
O=CC1=NC=CC=C1,17.669312,-6.2968917,False,48,5,0.8,euclidean,random,StandardScaler_per_sample_dimension
CC1=CC=CC(C=O)=N1,17.587315,-6.601719,False,48,5,0.8,euclidean,random,StandardScaler_per_sample_dimension
CC1=NC(C=O)=CC=C1,17.803747,-6.541238,False,48,5,0.8,euclidean,random,StandardScaler_per_sample_dimension
COPCC1=CC=CC=C1,-16.295815,15.122889,False,48,5,0.8,euclidean,random,StandardScaler_per_sample_dimension
CC1=CC(Br)=C(OPO)C=C1,14.85716,0.3703107,False,48,5,0.8,euclidean,random,StandardScaler_per_sample_dimension
CC1=CC=C(OCCO)C=C1,9.073044,-3.1989117,False,48,5,0.8,euclidean,random,StandardScaler_per_sample_dimension
CC1=CC=C(OPO)C(Br)=C1,2.0495026,14.135799,False,48,5,0.8,euclidean,random,StandardScaler_per_sample_dimension
CO[PH](=O)CC1=CC=CC=C1,-16.085176,14.783173,False,48,5,0.8,euclidean,random,StandardScaler_per_sample_dimension
CC1=CC(Br)=C(O[PH](=O)O)C=C1,14.728613,0.19550839,False,48,5,0.8,euclidean,random,StandardScaler_per_sample_dimension
CC1=CC=C(O[PH](=O)O)C(Br)=C1,15.03105,-0.354796,False,48,5,0.8,euclidean,random,StandardScaler_per_sample_dimension
C1=CC=C(NC2=NC=NC=N2)C=C1,13.935225,13.166601,False,48,5,0.8,euclidean,random,StandardScaler_per_sample_dimension
CC1=CC=C(NC2=NC=NC=N2)C=C1,13.954379,13.29171,False,48,5,0.8,euclidean,random,StandardScaler_per_sample_dimension
O=CC1=CC=C(NC2=NC=NC=N2)C=C1,13.891584,13.340584,False,48,5,0.8,euclidean,random,StandardScaler_per_sample_dimension
PC1=CC(N2CC3=CC=CC=C3C2)=CC=C1,8.587867,19.35078,False,48,5,0.8,euclidean,random,StandardScaler_per_sample_dimension
PC1=CC=CC(N2CC3=C(C=CC=C3)C2)=C1,8.72757,19.468573,False,48,5,0.8,euclidean,random,StandardScaler_per_sample_dimension
CC1=CC2=C(C=C1)CN(C1=CC(P)=CC=C1)C2,8.6064005,19.352488,False,48,5,0.8,euclidean,random,StandardScaler_per_sample_dimension
CC1=CC=C2CN(C3=CC=CC(P)=C3)CC2=C1,8.490776,19.439823,False,48,5,0.8,euclidean,random,StandardScaler_per_sample_dimension
O=PC1=CC(N2CC3=CC=CC=C3C2)=CC=C1,8.503217,19.250216,False,48,5,0.8,euclidean,random,StandardScaler_per_sample_dimension
O=PC1=CC=CC(N2CC3=C(C=CC=C3)C2)=C1,8.6192045,19.342838,False,48,5,0.8,euclidean,random,StandardScaler_per_sample_dimension
OPOC1=C(Br)C=C(CC2=CC=CC=C2)C=C1,1.9804976,13.919564,False,48,5,0.8,euclidean,random,StandardScaler_per_sample_dimension
OPOC1=CC=C(CC2=CC(Br)=CC=C2)C=C1,2.0958157,14.123566,False,48,5,0.8,euclidean,random,StandardScaler_per_sample_dimension
OPOC1=CC=C(CC2=CC=CC(Br)=C2)C=C1,14.825657,0.06988321,False,48,5,0.8,euclidean,random,StandardScaler_per_sample_dimension
OPOC1=CC=C(CC2=CC=CC=C2)C=C1Br,14.785279,-0.25305578,False,48,5,0.8,euclidean,random,StandardScaler_per_sample_dimension
CCCCNC(=O)C1=CC(C)=CC=C1,-2.0401623,6.8677664,False,48,5,0.8,euclidean,random,StandardScaler_per_sample_dimension
CCCCNC(=O)C1=CC=CC(C)=C1,-2.0913706,6.6986394,False,48,5,0.8,euclidean,random,StandardScaler_per_sample_dimension
CCCCNC(=O)C1=CC(C=O)=CC=C1,-1.9194418,6.741971,False,48,5,0.8,euclidean,random,StandardScaler_per_sample_dimension
CCCCNC(=O)C1=CC=CC(C=O)=C1,-1.8742155,6.710194,False,48,5,0.8,euclidean,random,StandardScaler_per_sample_dimension
NCC1=CC=C(NC2=NC(N)=NC=N2)C=C1,13.649371,13.202875,False,48,5,0.8,euclidean,random,StandardScaler_per_sample_dimension
NCC1=CC=C(NC2=NC=NC(N)=N2)C=C1,13.718786,13.408081,False,48,5,0.8,euclidean,random,StandardScaler_per_sample_dimension
NC(=O)C1=CC=C(NC2=NC(N)=NC=N2)C=C1,13.85359,13.339778,False,48,5,0.8,euclidean,random,StandardScaler_per_sample_dimension
NC(=O)C1=CC=C(NC2=NC=NC(N)=N2)C=C1,13.828205,13.28658,False,48,5,0.8,euclidean,random,StandardScaler_per_sample_dimension
CCCNCC1=CC=C(C)C=C1,15.130367,-1.9620241,False,48,5,0.8,euclidean,random,StandardScaler_per_sample_dimension
CCCNCC1=CC=C(C=O)C=C1,15.045715,-2.0290189,False,48,5,0.8,euclidean,random,StandardScaler_per_sample_dimension
CCCCCCNCC1=CC(C)=CC=C1,11.320681,-3.47194,False,48,5,0.8,euclidean,random,StandardScaler_per_sample_dimension
CCCCCCNCC1=CC=CC(C)=C1,11.548699,-3.3307621,False,48,5,0.8,euclidean,random,StandardScaler_per_sample_dimension
OC1=C(CNC2=CC=CC=C2)C=CC=C1,-13.289266,10.438045,True,48,5,0.8,euclidean,random,StandardScaler_per_sample_dimension
OC1=CC=CC=C1CNC1=CC=CC=C1,-13.481632,10.354966,False,48,5,0.8,euclidean,random,StandardScaler_per_sample_dimension
CN(CC1=C(O)C=CC=C1)C1=CC=CC=C1,-13.3993225,10.312462,False,48,5,0.8,euclidean,random,StandardScaler_per_sample_dimension
CN(CC1=CC=CC=C1O)C1=CC=CC=C1,-13.324487,10.269047,False,48,5,0.8,euclidean,random,StandardScaler_per_sample_dimension
CCNC1=CC=C(CNC2=CC=CC=C2)C=C1,17.13342,4.553399,False,48,5,0.8,euclidean,random,StandardScaler_per_sample_dimension
CCC1=CC(OP)=CC=C1,3.3474216,-6.298098,False,48,5,0.8,euclidean,random,StandardScaler_per_sample_dimension
CCC1=CC=CC(OP)=C1,3.4556327,-6.265054,False,48,5,0.8,euclidean,random,StandardScaler_per_sample_dimension
CCC1=CC(OP=O)=CC=C1,3.2548752,-6.400213,False,48,5,0.8,euclidean,random,StandardScaler_per_sample_dimension
CCC1=CC=CC(OP=O)=C1,3.4729168,-6.199016,False,48,5,0.8,euclidean,random,StandardScaler_per_sample_dimension
NCC1=CC=CC=N1,17.214445,-5.907233,False,48,5,0.8,euclidean,random,StandardScaler_per_sample_dimension
NCC1=NC=CC=C1,17.35588,-6.96394,False,48,5,0.8,euclidean,random,StandardScaler_per_sample_dimension
CC1=CC=CC(CN)=N1,17.152325,-7.178376,False,48,5,0.8,euclidean,random,StandardScaler_per_sample_dimension
CC1=NC(CN)=CC=C1,17.365211,-7.0011983,False,48,5,0.8,euclidean,random,StandardScaler_per_sample_dimension
CNCC1=CC=CC=N1,17.741013,-6.79322,False,48,5,0.8,euclidean,random,StandardScaler_per_sample_dimension
CNCC1=NC=CC=C1,17.242598,-5.916764,False,48,5,0.8,euclidean,random,StandardScaler_per_sample_dimension
NC(=O)C1=CC=CC=N1,17.290085,-7.1912937,False,48,5,0.8,euclidean,random,StandardScaler_per_sample_dimension
NC(=O)C1=NC=CC=C1,18.241316,-6.6225114,False,48,5,0.8,euclidean,random,StandardScaler_per_sample_dimension
CC1=CC=CC(C(N)=O)=N1,17.606064,-6.439493,False,48,5,0.8,euclidean,random,StandardScaler_per_sample_dimension
CC1=NC(C(N)=O)=CC=C1,17.20928,-5.8757405,False,48,5,0.8,euclidean,random,StandardScaler_per_sample_dimension
CNC(=O)C1=CC=CC=N1,18.407566,-6.7696323,False,48,5,0.8,euclidean,random,StandardScaler_per_sample_dimension
CNC(=O)C1=NC=CC=C1,17.146435,-6.919604,True,48,5,0.8,euclidean,random,StandardScaler_per_sample_dimension
CNCC1=CC=CC(C)=N1,17.366095,-7.003996,False,48,5,0.8,euclidean,random,StandardScaler_per_sample_dimension
CNCC1=NC(C)=CC=C1,17.243143,-5.902665,False,48,5,0.8,euclidean,random,StandardScaler_per_sample_dimension
NCC1=CC=CC(C=O)=N1,17.18846,-5.7233872,False,48,5,0.8,euclidean,random,StandardScaler_per_sample_dimension
NCC1=NC(C=O)=CC=C1,17.39092,-5.974465,False,48,5,0.8,euclidean,random,StandardScaler_per_sample_dimension
CNC(=O)C1=CC=CC(C)=N1,17.340357,-7.109933,False,48,5,0.8,euclidean,random,StandardScaler_per_sample_dimension
CNC(=O)C1=NC(C)=CC=C1,17.100296,-5.7804523,False,48,5,0.8,euclidean,random,StandardScaler_per_sample_dimension
CNCC1=CC=CC(C=O)=N1,18.639933,-6.819402,False,48,5,0.8,euclidean,random,StandardScaler_per_sample_dimension
CNCC1=NC(C=O)=CC=C1,17.222418,-5.708252,False,48,5,0.8,euclidean,random,StandardScaler_per_sample_dimension
NC(=O)C1=CC=CC(C=O)=N1,18.547663,-6.8138804,False,48,5,0.8,euclidean,random,StandardScaler_per_sample_dimension
NC(=O)C1=NC(C=O)=CC=C1,18.575008,-6.9060936,False,48,5,0.8,euclidean,random,StandardScaler_per_sample_dimension
CNC(=O)C1=CC=CC(C=O)=N1,17.180458,-7.3495717,False,48,5,0.8,euclidean,random,StandardScaler_per_sample_dimension
CNC(=O)C1=NC(C=O)=CC=C1,18.268578,-6.8393593,False,48,5,0.8,euclidean,random,StandardScaler_per_sample_dimension
CCCCCNCC1=CC(C)=CC=C1,-3.4776342,-4.1053863,False,48,5,0.8,euclidean,random,StandardScaler_per_sample_dimension
CCCCCNCC1=CC=CC(C)=C1,-3.4715176,-4.190002,False,48,5,0.8,euclidean,random,StandardScaler_per_sample_dimension
SC1=CC=C(NCC2=CC=CC=C2)C=C1,-15.663235,7.6322503,False,48,5,0.8,euclidean,random,StandardScaler_per_sample_dimension
O=C(NC1=CC=C(S)C=C1)C1=CC=CC=C1,-15.5848675,7.637713,False,48,5,0.8,euclidean,random,StandardScaler_per_sample_dimension
CCCOC1=CC=C(CC2=CC=CC=C2)C=C1,8.1547,-2.5538583,False,48,5,0.8,euclidean,random,StandardScaler_per_sample_dimension
O=[SH](=O)C1=CC=C(NCC2=CC=CC=C2)C=C1,-15.575715,7.6397996,False,48,5,0.8,euclidean,random,StandardScaler_per_sample_dimension
CC1=CC(OPO)=CC=C1,3.5821652,-5.927553,True,48,5,0.8,euclidean,random,StandardScaler_per_sample_dimension
CC1=CC=CC(OPO)=C1,3.4223456,-5.762332,False,48,5,0.8,euclidean,random,StandardScaler_per_sample_dimension
CCCCOCCCCO,-12.367085,-15.563607,True,48,5,0.8,euclidean,random,StandardScaler_per_sample_dimension
CC1=CC(O[PH](=O)O)=CC=C1,3.3148808,-6.098337,False,48,5,0.8,euclidean,random,StandardScaler_per_sample_dimension
CC1=CC=CC(O[PH](=O)O)=C1,3.6361196,-5.743627,False,48,5,0.8,euclidean,random,StandardScaler_per_sample_dimension
COPOC1=CC(C)=CC=C1,3.4816942,-5.895087,False,48,5,0.8,euclidean,random,StandardScaler_per_sample_dimension
COPOC1=CC=CC(C)=C1,3.4478555,-5.8163977,False,48,5,0.8,euclidean,random,StandardScaler_per_sample_dimension
CO[PH](=O)OC1=CC(C)=CC=C1,3.603905,-5.9194026,False,48,5,0.8,euclidean,random,StandardScaler_per_sample_dimension
CO[PH](=O)OC1=CC=CC(C)=C1,3.4628792,-5.942373,False,48,5,0.8,euclidean,random,StandardScaler_per_sample_dimension
CNC1=CC=C(C2=CC=C(N)C=C2)C=C1,15.30902,3.1269484,False,48,5,0.8,euclidean,random,StandardScaler_per_sample_dimension
NC1=CC=C(C2=CC=C(NC=O)C=C2)C=C1,15.180676,3.226691,False,48,5,0.8,euclidean,random,StandardScaler_per_sample_dimension
CCNC1=CC=C(SC2=CC=C(N)C=C2)C=C1,11.1316595,27.568031,False,48,5,0.8,euclidean,random,StandardScaler_per_sample_dimension
NC1=CC=C(SC2=CC=C(NC=O)C=C2)C=C1,11.201139,27.686634,False,48,5,0.8,euclidean,random,StandardScaler_per_sample_dimension
CCCCOC(=O)CCC,-12.141744,-15.616523,False,48,5,0.8,euclidean,random,StandardScaler_per_sample_dimension
O=C(O)C1=CC=C(O)C=C1,-8.721095,1.526209,False,48,5,0.8,euclidean,random,StandardScaler_per_sample_dimension
CCCC(=O)OCCCCO,-12.1382675,-15.689742,False,48,5,0.8,euclidean,random,StandardScaler_per_sample_dimension
COC(=O)C1=CC=C(O)C=C1,-8.647148,1.6298367,False,48,5,0.8,euclidean,random,StandardScaler_per_sample_dimension
CCOC(=O)C1=CC=C(O)C=C1,-8.381037,1.5055265,False,48,5,0.8,euclidean,random,StandardScaler_per_sample_dimension
O=CC1=CC=C(COC2=CC=CC=C2)C=C1,-1.1534989,7.555278,False,48,5,0.8,euclidean,random,StandardScaler_per_sample_dimension
O=CC1=CC=C(C(=O)OC2=CC=CC=C2)C=C1,-1.1635857,7.496649,False,48,5,0.8,euclidean,random,StandardScaler_per_sample_dimension
CC1=CC(OP)=CC=C1,3.6230116,-5.578541,True,48,5,0.8,euclidean,random,StandardScaler_per_sample_dimension
CC1=CC=CC(OP)=C1,3.4230683,-5.7006207,False,48,5,0.8,euclidean,random,StandardScaler_per_sample_dimension
CC1=CC(OP=O)=CC=C1,3.5805929,-5.4943614,False,48,5,0.8,euclidean,random,StandardScaler_per_sample_dimension
CC1=CC=CC(OP=O)=C1,3.4585528,-5.5182967,False,48,5,0.8,euclidean,random,StandardScaler_per_sample_dimension
CCCNCC1=CC=C(O)C=C1,10.47424,-4.621203,True,48,5,0.8,euclidean,random,StandardScaler_per_sample_dimension
CC1=C(C2=CC=CC=C2)C=CC=C1,8.1425705,-1.277748,False,48,5,0.8,euclidean,random,StandardScaler_per_sample_dimension
CC1=CC=CC=C1C1=CC=CC=C1,8.167585,-1.2716308,False,48,5,0.8,euclidean,random,StandardScaler_per_sample_dimension
CCCNC(=O)C1=CC=C(O)C=C1,10.333413,-4.8958945,False,48,5,0.8,euclidean,random,StandardScaler_per_sample_dimension
OC1=CC(CC2=CC(O)=CC=C2)=CC=C1,14.474078,-10.7711,False,48,5,0.8,euclidean,random,StandardScaler_per_sample_dimension
OC1=CC(CC2=CC=CC(O)=C2)=CC=C1,14.453899,-10.674311,False,48,5,0.8,euclidean,random,StandardScaler_per_sample_dimension
OC1=CC=CC(CC2=CC=CC(O)=C2)=C1,14.494998,-10.707089,False,48,5,0.8,euclidean,random,StandardScaler_per_sample_dimension
CCNCC1=CC=C(OC2=CC=CC=C2)C=C1,10.210121,-4.9836073,True,48,5,0.8,euclidean,random,StandardScaler_per_sample_dimension
OC1=CC=C(Br)C=C1,3.7917113,-2.1376507,False,48,5,0.8,euclidean,random,StandardScaler_per_sample_dimension
O=[N+]([O-])C1=CC=CC=C1,9.130083,8.471456,False,48,5,0.8,euclidean,random,StandardScaler_per_sample_dimension
O=CC1=CC=CC(C=O)=N1,17.097569,-6.2540946,False,48,5,0.8,euclidean,random,StandardScaler_per_sample_dimension
O=CC1=NC(C=O)=CC=C1,17.322657,-6.4561357,False,48,5,0.8,euclidean,random,StandardScaler_per_sample_dimension
OPOC1=CC=C(Br)C=C1,3.9171023,-1.9638166,False,48,5,0.8,euclidean,random,StandardScaler_per_sample_dimension
O=[PH](O)OC1=CC=C(Br)C=C1,4.103236,-1.9805611,False,48,5,0.8,euclidean,random,StandardScaler_per_sample_dimension
CC1=CC(Br)=C(OPO)C(Br)=C1,0.42084178,14.189754,False,48,5,0.8,euclidean,random,StandardScaler_per_sample_dimension
CC1=CC(Br)=C(O[PH](=O)O)C(Br)=C1,0.34402102,14.1426,False,48,5,0.8,euclidean,random,StandardScaler_per_sample_dimension
NC1=CC=C(C2=CC=C(N)C=C2)C=C1,14.961903,3.018528,False,48,5,0.8,euclidean,random,StandardScaler_per_sample_dimension
NCC1=CC=C(NC2=NC=NC=N2)C=C1,-16.480644,11.978304,False,48,5,0.8,euclidean,random,StandardScaler_per_sample_dimension
BrC1=CC=C(OPOC2=CC=CC=C2)C=C1,3.9064775,-1.9246925,False,48,5,0.8,euclidean,random,StandardScaler_per_sample_dimension
NC(=O)C1=CC=C(NC2=NC=NC=N2)C=C1,-16.490702,12.02937,False,48,5,0.8,euclidean,random,StandardScaler_per_sample_dimension
O=[PH](OC1=CC=CC=C1)OC1=CC=C(Br)C=C1,4.0598097,-2.0711665,False,48,5,0.8,euclidean,random,StandardScaler_per_sample_dimension
CCNCCCCCC(=O)NCC,6.0782537,11.439281,False,48,5,0.8,euclidean,random,StandardScaler_per_sample_dimension
CCCNCCCCCCNCC,6.220544,11.093861,True,48,5,0.8,euclidean,random,StandardScaler_per_sample_dimension
CCCNC(=O)CCCCCNCC,6.384246,11.17557,False,48,5,0.8,euclidean,random,StandardScaler_per_sample_dimension
CCCNCCCCCC(=O)NCC,6.4741087,11.099279,False,48,5,0.8,euclidean,random,StandardScaler_per_sample_dimension
CCCCNCCCCCCNCC,-0.74379385,-1.830288,False,48,5,0.8,euclidean,random,StandardScaler_per_sample_dimension
CCCCNC(=O)CCCCCNCC,-0.6852469,-1.8316591,False,48,5,0.8,euclidean,random,StandardScaler_per_sample_dimension
CCCCNCCCCCC(=O)NCC,-0.63770175,-1.6513708,False,48,5,0.8,euclidean,random,StandardScaler_per_sample_dimension
CCCNCCCCCC(=O)NCCC,6.38235,10.895274,False,48,5,0.8,euclidean,random,StandardScaler_per_sample_dimension
CCCCNCCCCCCNC,-0.6371295,-1.714554,False,48,5,0.8,euclidean,random,StandardScaler_per_sample_dimension
CCCCNC(=O)CCCCCNC,-0.57144445,-1.5791276,False,48,5,0.8,euclidean,random,StandardScaler_per_sample_dimension
CCCCNCCCCCC(=O)NC,-0.7088581,-1.6092688,False,48,5,0.8,euclidean,random,StandardScaler_per_sample_dimension
CCCCNCCCCCCNCCC,-0.9607759,-1.3010752,True,48,5,0.8,euclidean,random,StandardScaler_per_sample_dimension
CCCCNC(=O)CCCCCNCCC,-0.9515954,-1.2770612,False,48,5,0.8,euclidean,random,StandardScaler_per_sample_dimension
CCCCNCCCCCC(=O)NCCC,-0.87417614,-1.33929,False,48,5,0.8,euclidean,random,StandardScaler_per_sample_dimension
CCCCCCCCC(=O)NCC,0.5308907,8.666069,False,48,5,0.8,euclidean,random,StandardScaler_per_sample_dimension
CCCNCCCCCCNCCC,6.4562354,14.469025,True,48,5,0.8,euclidean,random,StandardScaler_per_sample_dimension
CNCC1=CC(C(C)C)=CC=C1,10.353832,1.6121364,False,48,5,0.8,euclidean,random,StandardScaler_per_sample_dimension
CNCC1=CC=CC(C(C)C)=C1,10.6291,1.637468,False,48,5,0.8,euclidean,random,StandardScaler_per_sample_dimension
CCC1=CC=C(C(C)C2=CC=CC=C2)C=C1,-10.169443,5.6651225,False,48,5,0.8,euclidean,random,StandardScaler_per_sample_dimension
CCCCCCCCC(=O)NCCC,0.6883412,8.006895,False,48,5,0.8,euclidean,random,StandardScaler_per_sample_dimension
CCCCNC(=O)CCCCCN,7.584997,8.165166,False,48,5,0.8,euclidean,random,StandardScaler_per_sample_dimension
CCCCNCCCCCC(N)=O,7.8284097,8.204386,False,48,5,0.8,euclidean,random,StandardScaler_per_sample_dimension
CCCCCCCCCC(=O)NCC,0.5960673,8.31822,False,48,5,0.8,euclidean,random,StandardScaler_per_sample_dimension
CCCCCCCCCC(=O)NCCC,0.8630938,7.9961486,True,48,5,0.8,euclidean,random,StandardScaler_per_sample_dimension
CC1=CC([SH]=O)=CC=C1,-2.9674625,-9.274838,False,48,5,0.8,euclidean,random,StandardScaler_per_sample_dimension
CC1=CC=CC([SH]=O)=C1,-2.813117,-9.132537,False,48,5,0.8,euclidean,random,StandardScaler_per_sample_dimension
CCN1CCCC1=O,5.900965,9.284087,False,48,5,0.8,euclidean,random,StandardScaler_per_sample_dimension
CNCC1=CC(C(C)C2=CC=CC=C2)=CC=C1,10.45339,1.7467393,False,48,5,0.8,euclidean,random,StandardScaler_per_sample_dimension
CNCC1=CC=CC(C(C)C2=CC=CC=C2)=C1,10.436835,1.3112961,False,48,5,0.8,euclidean,random,StandardScaler_per_sample_dimension
CC1=CC(SC2=CC(C)=C(O)C=C2)=CC=C1,16.06764,22.48331,False,48,5,0.8,euclidean,random,StandardScaler_per_sample_dimension
CC1=CC(SC2=CC=C(O)C(C)=C2)=CC=C1,-7.4640565,17.45885,False,48,5,0.8,euclidean,random,StandardScaler_per_sample_dimension
CC1=CC=CC(SC2=CC(C)=C(O)C=C2)=C1,16.184862,22.329935,False,48,5,0.8,euclidean,random,StandardScaler_per_sample_dimension
CC1=CC=CC(SC2=CC=C(O)C(C)=C2)=C1,-7.564159,17.50102,False,48,5,0.8,euclidean,random,StandardScaler_per_sample_dimension
CCCCCNC1=CC=CC(C=O)=C1,10.053157,4.1196103,False,48,5,0.8,euclidean,random,StandardScaler_per_sample_dimension
CC(C)C1=CC(CN)=CC=C1,10.425745,1.563297,False,48,5,0.8,euclidean,random,StandardScaler_per_sample_dimension
CC(C)C1=CC=CC(CN)=C1,10.47875,1.4550321,False,48,5,0.8,euclidean,random,StandardScaler_per_sample_dimension
CCCCCCCCC(=O)NCCCC,1.8499154,8.745151,False,48,5,0.8,euclidean,random,StandardScaler_per_sample_dimension
CC1COPOC1,-7.407743,-3.043933,False,48,5,0.8,euclidean,random,StandardScaler_per_sample_dimension
CC1CO[PH](=O)OC1,-7.522884,-3.0514386,False,48,5,0.8,euclidean,random,StandardScaler_per_sample_dimension
CC(C)CCNCCCCCN,8.610232,7.440759,False,48,5,0.8,euclidean,random,StandardScaler_per_sample_dimension
CCC1=CC=C(C(C)(C)C2=CC=CC=C2)C=C1,-10.422747,5.4179487,False,48,5,0.8,euclidean,random,StandardScaler_per_sample_dimension
CCCN1CCCC1=O,6.4572005,15.366818,False,48,5,0.8,euclidean,random,StandardScaler_per_sample_dimension
CCC(C)N1CCCC1=O,6.5223637,15.414902,False,48,5,0.8,euclidean,random,StandardScaler_per_sample_dimension
CCC(C=O)N1CCCC1=O,6.5027857,15.300973,False,48,5,0.8,euclidean,random,StandardScaler_per_sample_dimension
CC(C)C1=CC=C(CC2=CC=CC=C2)C=C1,-10.434644,5.381104,False,48,5,0.8,euclidean,random,StandardScaler_per_sample_dimension
CCCOCC(C)C,5.323981,-0.23326132,False,48,5,0.8,euclidean,random,StandardScaler_per_sample_dimension
CCNCCCCCCCCCC=O,2.0750635,8.8693285,False,48,5,0.8,euclidean,random,StandardScaler_per_sample_dimension
CCNC(=O)CCCCCCCCC=O,2.0947163,8.60774,False,48,5,0.8,euclidean,random,StandardScaler_per_sample_dimension
CC(CO)(CO)CO,-12.146298,11.95174,False,48,5,0.8,euclidean,random,StandardScaler_per_sample_dimension
NPC1=CC=CC=C1,-7.0578685,4.95657,False,48,5,0.8,euclidean,random,StandardScaler_per_sample_dimension
CNPC1=CC=CC=C1,-7.256097,4.7957673,False,48,5,0.8,euclidean,random,StandardScaler_per_sample_dimension
N[PH](=O)C1=CC=CC=C1,-7.116543,4.6549973,False,48,5,0.8,euclidean,random,StandardScaler_per_sample_dimension
CN[PH](=O)C1=CC=CC=C1,-7.052522,4.8861094,False,48,5,0.8,euclidean,random,StandardScaler_per_sample_dimension
CC1=CC=CS1,25.03172,14.494974,False,48,5,0.8,euclidean,random,StandardScaler_per_sample_dimension
CCN1CCCC1,16.96341,-3.5912488,False,48,5,0.8,euclidean,random,StandardScaler_per_sample_dimension
CC(C1=CC=CC=C1)C1=CC(CN)=CC=C1,9.805532,1.2406702,False,48,5,0.8,euclidean,random,StandardScaler_per_sample_dimension
CC(C1=CC=CC=C1)C1=CC=CC(CN)=C1,9.825635,1.1761492,False,48,5,0.8,euclidean,random,StandardScaler_per_sample_dimension
CC1=C(O)C=CC(S)=C1,-7.503587,17.496738,False,48,5,0.8,euclidean,random,StandardScaler_per_sample_dimension
CC1=CC(S)=CC=C1O,-7.5687413,17.576643,False,48,5,0.8,euclidean,random,StandardScaler_per_sample_dimension
CC1=CC(C)=CC([SH]=O)=C1,-2.782109,-9.0426855,False,48,5,0.8,euclidean,random,StandardScaler_per_sample_dimension
CC1=CC([SH](=O)=O)=CC=C1,-2.9026937,-9.1787195,False,48,5,0.8,euclidean,random,StandardScaler_per_sample_dimension
CC1=CC=CC([SH](=O)=O)=C1,-2.8883717,-9.007585,False,48,5,0.8,euclidean,random,StandardScaler_per_sample_dimension
NCN1CC2=CC=CC=C2C1=O,0.6643456,-6.7861795,False,48,5,0.8,euclidean,random,StandardScaler_per_sample_dimension
CC1=C(O)C=CC(SC2=CC=CC=C2)=C1,16.039568,22.491484,False,48,5,0.8,euclidean,random,StandardScaler_per_sample_dimension
CC1=CC(SC2=CC=C(O)C=C2)=CC=C1,16.106058,22.442993,False,48,5,0.8,euclidean,random,StandardScaler_per_sample_dimension
CC1=CC(SC2=CC=CC=C2)=CC=C1O,16.102728,22.330261,False,48,5,0.8,euclidean,random,StandardScaler_per_sample_dimension
CC1=CC=CC(SC2=CC=C(O)C=C2)=C1,-7.5746083,17.553385,False,48,5,0.8,euclidean,random,StandardScaler_per_sample_dimension
CC1=C(O)C=CC(SC2=CC=C(O)C=C2)=C1,-7.4398665,17.43353,False,48,5,0.8,euclidean,random,StandardScaler_per_sample_dimension
CC1=CC(SC2=CC=C(O)C=C2)=CC=C1O,15.946575,22.52419,False,48,5,0.8,euclidean,random,StandardScaler_per_sample_dimension
CC(C)N1CCCC1=O,17.001265,-3.7693925,False,48,5,0.8,euclidean,random,StandardScaler_per_sample_dimension
O=CCN1CCCC1=O,17.02269,-3.7048745,False,48,5,0.8,euclidean,random,StandardScaler_per_sample_dimension
CC(C=O)N1CCCC1=O,17.040442,-3.6417587,False,48,5,0.8,euclidean,random,StandardScaler_per_sample_dimension
CCCOCPO,14.781908,8.964259,False,48,5,0.8,euclidean,random,StandardScaler_per_sample_dimension
CCC(=O)OCPO,14.933309,7.917661,False,48,5,0.8,euclidean,random,StandardScaler_per_sample_dimension
CCCOCPOC,15.803679,8.741086,False,48,5,0.8,euclidean,random,StandardScaler_per_sample_dimension
CCCOC[PH](=O)O,14.015282,8.515542,False,48,5,0.8,euclidean,random,StandardScaler_per_sample_dimension
CCC(=O)OCPOC,14.211681,7.8377466,False,48,5,0.8,euclidean,random,StandardScaler_per_sample_dimension
CCC(=O)OC[PH](=O)O,14.417458,8.978171,False,48,5,0.8,euclidean,random,StandardScaler_per_sample_dimension
CCCOC[PH](=O)OC,14.831586,8.400503,False,48,5,0.8,euclidean,random,StandardScaler_per_sample_dimension
CCC(=O)OC[PH](=O)OC,14.441511,7.709689,False,48,5,0.8,euclidean,random,StandardScaler_per_sample_dimension
CCC1=CC=CC2=C1C=CC=C2,13.638569,-15.896489,False,48,5,0.8,euclidean,random,StandardScaler_per_sample_dimension
CCC1=CC=CC2=CC=CC=C12,13.374146,-16.130356,False,48,5,0.8,euclidean,random,StandardScaler_per_sample_dimension
CC(C)CC(=O)NCCCCCN,9.010028,6.9016194,False,48,5,0.8,euclidean,random,StandardScaler_per_sample_dimension
CC1=C(O)C=CC(SC2=CC(C)=C(O)C=C2)=C1,10.63181,25.268454,False,48,5,0.8,euclidean,random,StandardScaler_per_sample_dimension
CC1=C(O)C=CC(SC2=CC=C(O)C(C)=C2)=C1,10.637872,25.261871,False,48,5,0.8,euclidean,random,StandardScaler_per_sample_dimension
CCN1C(=O)CCC1=O,17.134945,-3.6050801,False,48,5,0.8,euclidean,random,StandardScaler_per_sample_dimension
CCC1=CC=C(OC2=CC=CC=C2C)C=C1,2.1437554,18.901632,False,48,5,0.8,euclidean,random,StandardScaler_per_sample_dimension
CCCCCCCCCCNC(=O)CCC,2.2192833,8.706751,False,48,5,0.8,euclidean,random,StandardScaler_per_sample_dimension
CP[O-],8.528563,11.129204,False,48,5,0.8,euclidean,random,StandardScaler_per_sample_dimension
OCO,6.6050797,0.0060189296,False,48,5,0.8,euclidean,random,StandardScaler_per_sample_dimension
C[PH](=O)[O-],8.23569,10.851805,False,48,5,0.8,euclidean,random,StandardScaler_per_sample_dimension
CC1=CC=CC=C1C(=O)NC1=CC=C(O)C=C1,-1.3781942,3.934303,False,48,5,0.8,euclidean,random,StandardScaler_per_sample_dimension
O=CC1=CC=CC=C1CNC1=CC=C(O)C=C1,-1.4765667,3.9049022,False,48,5,0.8,euclidean,random,StandardScaler_per_sample_dimension
C1COPOC1,-12.092739,12.2394,False,48,5,0.8,euclidean,random,StandardScaler_per_sample_dimension
O=[PH]1OCCCO1,-12.083807,12.333596,False,48,5,0.8,euclidean,random,StandardScaler_per_sample_dimension
CCC1=CC=C(CO)C=C1,-7.7592564,2.1164339,False,48,5,0.8,euclidean,random,StandardScaler_per_sample_dimension
CCC(CN)N1CCCC1=O,8.802117,-6.788535,True,48,5,0.8,euclidean,random,StandardScaler_per_sample_dimension
CCC(C(N)=O)N1CCCC1=O,8.817308,-7.015067,False,48,5,0.8,euclidean,random,StandardScaler_per_sample_dimension
CCCNC1=CC=C(C=O)C=C1,9.496312,12.237613,False,48,5,0.8,euclidean,random,StandardScaler_per_sample_dimension
CCC(=O)NC1=CC=C(C=O)C=C1,9.500495,12.233783,False,48,5,0.8,euclidean,random,StandardScaler_per_sample_dimension
COC1=CC(CC2=CC=CC=C2)=CC=C1,4.09748,16.406605,False,48,5,0.8,euclidean,random,StandardScaler_per_sample_dimension
COC1=CC=CC(CC2=CC=CC=C2)=C1,3.8563101,16.652163,False,48,5,0.8,euclidean,random,StandardScaler_per_sample_dimension
CCC(CNC1=CC=CC=C1)N1CCCC1=O,8.789067,-6.938549,False,48,5,0.8,euclidean,random,StandardScaler_per_sample_dimension
CNC1=CC=C(NCC2=CC=CC=C2)C=C1,5.4630003,-1.6744092,False,48,5,0.8,euclidean,random,StandardScaler_per_sample_dimension
CCCN1CCCC1,9.455588,6.802274,False,48,5,0.8,euclidean,random,StandardScaler_per_sample_dimension
CCC(C)N1CCCC1,9.596,6.6524844,False,48,5,0.8,euclidean,random,StandardScaler_per_sample_dimension
CCC(C=O)N1CCCC1,9.375919,6.809973,False,48,5,0.8,euclidean,random,StandardScaler_per_sample_dimension
OC1=CC=CC=N1,26.12903,18.077173,False,48,5,0.8,euclidean,random,StandardScaler_per_sample_dimension
OC1=NC=CC=C1,26.124763,18.086634,False,48,5,0.8,euclidean,random,StandardScaler_per_sample_dimension
C=NC1=CC(C)=CC=C1,-13.670386,14.36828,False,48,5,0.8,euclidean,random,StandardScaler_per_sample_dimension
C=NC1=CC=CC(C)=C1,-13.395879,14.604453,False,48,5,0.8,euclidean,random,StandardScaler_per_sample_dimension
NCCN1CCCC1=O,9.052557,-6.877467,True,48,5,0.8,euclidean,random,StandardScaler_per_sample_dimension
C=NC1=CC(C=O)=CC=C1,-13.616972,14.508567,False,48,5,0.8,euclidean,random,StandardScaler_per_sample_dimension
C=NC1=CC=CC(C=O)=C1,-13.286852,14.428009,False,48,5,0.8,euclidean,random,StandardScaler_per_sample_dimension
CC(CN)N1CCCC1=O,8.899605,-6.8289638,False,48,5,0.8,euclidean,random,StandardScaler_per_sample_dimension
CC=NC1=CC(C)=CC=C1,-13.335609,14.307619,False,48,5,0.8,euclidean,random,StandardScaler_per_sample_dimension
CC=NC1=CC=CC(C)=C1,-13.593992,14.21811,False,48,5,0.8,euclidean,random,StandardScaler_per_sample_dimension
NC(=O)CN1CCCC1=O,8.90621,-6.576717,False,48,5,0.8,euclidean,random,StandardScaler_per_sample_dimension
C=NC1=CC(C)=CC(C=O)=C1,-13.664489,14.530445,False,48,5,0.8,euclidean,random,StandardScaler_per_sample_dimension
C=NC1=CC(C=O)=CC(C)=C1,-13.638527,14.476859,True,48,5,0.8,euclidean,random,StandardScaler_per_sample_dimension
CC(C(N)=O)N1CCCC1=O,9.041059,-6.894247,False,48,5,0.8,euclidean,random,StandardScaler_per_sample_dimension
CC1=CC2=CC=CC=C2C=C1,7.4484158,-1.8966485,False,48,5,0.8,euclidean,random,StandardScaler_per_sample_dimension
CC1=CC=C2C=CC=CC2=C1,7.6256356,-2.0369227,False,48,5,0.8,euclidean,random,StandardScaler_per_sample_dimension
CC=NC1=CC(C=O)=CC=C1,-13.62694,14.602467,False,48,5,0.8,euclidean,random,StandardScaler_per_sample_dimension
CC=NC1=CC=CC(C=O)=C1,-13.847057,14.539332,False,48,5,0.8,euclidean,random,StandardScaler_per_sample_dimension
CC=NC1=CC(C)=CC(C=O)=C1,-13.605637,14.466714,False,48,5,0.8,euclidean,random,StandardScaler_per_sample_dimension
CC=NC1=CC(C=O)=CC(C)=C1,-13.486015,14.414883,False,48,5,0.8,euclidean,random,StandardScaler_per_sample_dimension
C1=CC=C(OC2=CC=CC=N2)C=C1,26.266207,17.944033,False,48,5,0.8,euclidean,random,StandardScaler_per_sample_dimension
C1=CC=C(OC2=NC=CC=C2)C=C1,25.979858,18.24074,False,48,5,0.8,euclidean,random,StandardScaler_per_sample_dimension
NC1=NC(N2CCOCC2)=NC=N1,13.150905,13.545798,False,48,5,0.8,euclidean,random,StandardScaler_per_sample_dimension
NC1=NC=NC(N2CCOCC2)=N1,13.109079,13.559259,False,48,5,0.8,euclidean,random,StandardScaler_per_sample_dimension
OC1=CC=CC(OC2=CC=CC=C2)=N1,26.1589,18.04842,False,48,5,0.8,euclidean,random,StandardScaler_per_sample_dimension
OC1=NC(OC2=CC=CC=C2)=CC=C1,26.355682,18.198692,False,48,5,0.8,euclidean,random,StandardScaler_per_sample_dimension
O=C1CCCN1CCNC1=CC=CC=C1,9.155427,-6.612248,False,48,5,0.8,euclidean,random,StandardScaler_per_sample_dimension
CC(CNC1=CC=CC=C1)N1CCCC1=O,9.044354,-6.7123923,False,48,5,0.8,euclidean,random,StandardScaler_per_sample_dimension
NCC1=CC2=C(C=C1)OC1=CC=CC=C1P2,-11.148538,4.147313,False,48,5,0.8,euclidean,random,StandardScaler_per_sample_dimension
NCC1=CC=C2OC3=C(C=CC=C3)PC2=C1,-11.105389,4.488092,False,48,5,0.8,euclidean,random,StandardScaler_per_sample_dimension
O=C(CN1CCCC1=O)NC1=CC=CC=C1,9.082804,-6.748068,False,48,5,0.8,euclidean,random,StandardScaler_per_sample_dimension
O=C1C2CCCCC2CN1C1=CC=CC=C1,6.1994314,2.98995,True,48,5,0.8,euclidean,random,StandardScaler_per_sample_dimension
CC(C(=O)NC1=CC=CC=C1)N1CCCC1=O,9.264461,-6.5709643,False,48,5,0.8,euclidean,random,StandardScaler_per_sample_dimension
CC1=CC(Br)=C(OPOC2=CC=CC=C2)C=C1,15.044355,0.30284214,False,48,5,0.8,euclidean,random,StandardScaler_per_sample_dimension
CC1=CC2=C(C=C1)OC1=CC=C(CN)C=C1P2,-11.386048,4.235807,False,48,5,0.8,euclidean,random,StandardScaler_per_sample_dimension
CC1=CC=C(OPOC2=CC=CC=C2)C(Br)=C1,14.781053,-0.21108118,False,48,5,0.8,euclidean,random,StandardScaler_per_sample_dimension
CC1=CC=C2OC3=C(C=C(CN)C=C3)PC2=C1,-10.871337,4.680087,False,48,5,0.8,euclidean,random,StandardScaler_per_sample_dimension
NC(=O)C1=CC2=C(C=C1)OC1=CC=CC=C1P2,-11.406866,4.186878,False,48,5,0.8,euclidean,random,StandardScaler_per_sample_dimension
NC(=O)C1=CC=C2OC3=C(C=CC=C3)PC2=C1,-10.995437,4.5102983,False,48,5,0.8,euclidean,random,StandardScaler_per_sample_dimension
NCC1=CC2=C(C=C1)OC1=CC=CC=C1[PH]2=O,-11.195845,4.3368254,False,48,5,0.8,euclidean,random,StandardScaler_per_sample_dimension
NCC1=CC=C2OC3=C(C=CC=C3)[PH](=O)C2=C1,-10.79459,4.711327,False,48,5,0.8,euclidean,random,StandardScaler_per_sample_dimension
O=C1C2CCCCC2CN1C1=CC=C(O)C=C1,6.2109632,2.8965156,False,48,5,0.8,euclidean,random,StandardScaler_per_sample_dimension
C1=COC=N1,18.501425,25.293953,True,48,5,0.8,euclidean,random,StandardScaler_per_sample_dimension
C1=CC2=C(C=C1)OC=N2,18.303768,25.49339,False,48,5,0.8,euclidean,random,StandardScaler_per_sample_dimension
C1=CC=C2OC=NC2=C1,18.305702,25.492758,False,48,5,0.8,euclidean,random,StandardScaler_per_sample_dimension
CCCCCCNCC1=CC(C=O)=CC=C1,11.56238,-3.267829,False,48,5,0.8,euclidean,random,StandardScaler_per_sample_dimension
CCCCCCNCC1=CC=CC(C=O)=C1,11.450613,-3.3397648,False,48,5,0.8,euclidean,random,StandardScaler_per_sample_dimension
NCP,7.991748,-2.3463407,False,48,5,0.8,euclidean,random,StandardScaler_per_sample_dimension
NCP=O,8.00758,-2.067764,False,48,5,0.8,euclidean,random,StandardScaler_per_sample_dimension
C1=CSC=C1,15.644478,-4.1088133,False,48,5,0.8,euclidean,random,StandardScaler_per_sample_dimension
COCPO,14.973416,8.263801,False,48,5,0.8,euclidean,random,StandardScaler_per_sample_dimension
CCOCPO,15.930546,8.746005,False,48,5,0.8,euclidean,random,StandardScaler_per_sample_dimension
COCPOC,14.629133,7.7702928,False,48,5,0.8,euclidean,random,StandardScaler_per_sample_dimension
COC[PH](=O)O,14.9393835,8.923143,False,48,5,0.8,euclidean,random,StandardScaler_per_sample_dimension
O=COCPO,14.713208,7.74003,False,48,5,0.8,euclidean,random,StandardScaler_per_sample_dimension
CC(=O)OCPO,14.778328,9.107842,False,48,5,0.8,euclidean,random,StandardScaler_per_sample_dimension
CCOCPOC,14.134567,8.360821,False,48,5,0.8,euclidean,random,StandardScaler_per_sample_dimension
CCOC[PH](=O)O,13.939142,8.6024685,False,48,5,0.8,euclidean,random,StandardScaler_per_sample_dimension
COC[PH](=O)OC,14.532902,7.9689956,False,48,5,0.8,euclidean,random,StandardScaler_per_sample_dimension
COPCOC=O,15.495258,7.147974,False,48,5,0.8,euclidean,random,StandardScaler_per_sample_dimension
O=COC[PH](=O)O,15.7631035,7.107207,False,48,5,0.8,euclidean,random,StandardScaler_per_sample_dimension
CC(=O)OC[PH](=O)O,15.357532,8.773929,False,48,5,0.8,euclidean,random,StandardScaler_per_sample_dimension
CC(C)N1CCCC1,1.5378699,-10.042938,False,48,5,0.8,euclidean,random,StandardScaler_per_sample_dimension
CCOC[PH](=O)OC,15.69548,8.857766,False,48,5,0.8,euclidean,random,StandardScaler_per_sample_dimension
COPCOC(C)=O,14.318193,7.596429,False,48,5,0.8,euclidean,random,StandardScaler_per_sample_dimension
CO[PH](=O)COC=O,15.670125,8.826893,False,48,5,0.8,euclidean,random,StandardScaler_per_sample_dimension
O=CCN1CCCC1,1.5258386,-10.087099,False,48,5,0.8,euclidean,random,StandardScaler_per_sample_dimension
C=NC1=CC=C(O)C=C1,8.924557,-0.22093058,False,48,5,0.8,euclidean,random,StandardScaler_per_sample_dimension
CC(C=O)N1CCCC1,1.530379,-9.957424,False,48,5,0.8,euclidean,random,StandardScaler_per_sample_dimension
CO[PH](=O)COC(C)=O,14.072107,7.3797803,False,48,5,0.8,euclidean,random,StandardScaler_per_sample_dimension
CC1=CC2=C(C=C1)N=CN2,27.28524,6.373641,False,48,5,0.8,euclidean,random,StandardScaler_per_sample_dimension
CC1=CC2=C(C=C1)NC=N2,27.429783,6.212671,False,48,5,0.8,euclidean,random,StandardScaler_per_sample_dimension
CC1=CC=C2N=CNC2=C1,27.38749,6.334563,False,48,5,0.8,euclidean,random,StandardScaler_per_sample_dimension
CCCN1C(=O)CCC1=O,9.6045685,6.6599274,False,48,5,0.8,euclidean,random,StandardScaler_per_sample_dimension
CCC(C)N1C(=O)CCC1=O,9.676488,6.759261,False,48,5,0.8,euclidean,random,StandardScaler_per_sample_dimension
O=CC1=CC2=C(C=C1)N=CN2,27.241001,6.149124,False,48,5,0.8,euclidean,random,StandardScaler_per_sample_dimension
O=CC1=CC2=C(C=C1)NC=N2,27.745472,6.300179,False,48,5,0.8,euclidean,random,StandardScaler_per_sample_dimension
O=CC1=CC=C2N=CNC2=C1,27.609644,6.231728,False,48,5,0.8,euclidean,random,StandardScaler_per_sample_dimension
CCC(C=O)N1C(=O)CCC1=O,9.743832,6.752319,False,48,5,0.8,euclidean,random,StandardScaler_per_sample_dimension
CCCNC(=O)C1=CC=C(C)C=C1,15.226588,-1.8698734,False,48,5,0.8,euclidean,random,StandardScaler_per_sample_dimension
CCCNC(=O)C1=CC=C(C=O)C=C1,15.149309,-2.0139866,False,48,5,0.8,euclidean,random,StandardScaler_per_sample_dimension
OC1=CC=C(/N=C/C2=CC=CC=C2)C=C1,8.984608,-0.053756326,False,48,5,0.8,euclidean,random,StandardScaler_per_sample_dimension
OC1=CC=C(N=CC2=CC=CC=C2)C=C1,8.82014,-0.019737037,False,48,5,0.8,euclidean,random,StandardScaler_per_sample_dimension
CC1=CC2=C(C=C1)N=C(C1=CC=CC=C1)N2,27.511553,6.4170275,False,48,5,0.8,euclidean,random,StandardScaler_per_sample_dimension
CC1=CC2=C(C=C1)NC(C1=CC=CC=C1)=N2,27.450272,6.278425,False,48,5,0.8,euclidean,random,StandardScaler_per_sample_dimension
CC1=CC=C(NCCC2=CC=CC=C2)C=C1,9.2408,12.216146,False,48,5,0.8,euclidean,random,StandardScaler_per_sample_dimension
CC1=CC=C2N=C(C3=CC=CC=C3)NC2=C1,27.06772,5.936728,False,48,5,0.8,euclidean,random,StandardScaler_per_sample_dimension
CC(C)(C1=CC=CC=C1)C1=CC(CN)=CC=C1,9.399907,1.0351003,False,48,5,0.8,euclidean,random,StandardScaler_per_sample_dimension
CC(C)(C1=CC=CC=C1)C1=CC=CC(CN)=C1,9.318052,0.92552996,False,48,5,0.8,euclidean,random,StandardScaler_per_sample_dimension
CC1=CC=C(NC(=O)CC2=CC=CC=C2)C=C1,9.541339,11.955354,False,48,5,0.8,euclidean,random,StandardScaler_per_sample_dimension
O=CC1=CC2=C(C=C1)N=C(C1=CC=CC=C1)N2,27.363787,6.0984387,False,48,5,0.8,euclidean,random,StandardScaler_per_sample_dimension
O=CC1=CC2=C(C=C1)NC(C1=CC=CC=C1)=N2,27.145298,6.054901,False,48,5,0.8,euclidean,random,StandardScaler_per_sample_dimension
O=CC1=CC=C2N=C(C3=CC=CC=C3)NC2=C1,27.755493,6.5910506,False,48,5,0.8,euclidean,random,StandardScaler_per_sample_dimension
O=CNC1=CC=C(CNC2=CC=CC=C2)C=C1,17.387623,4.962123,False,48,5,0.8,euclidean,random,StandardScaler_per_sample_dimension
CCCOCP,15.235002,8.758479,False,48,5,0.8,euclidean,random,StandardScaler_per_sample_dimension
CCC(=O)OCP,14.085503,7.563934,False,48,5,0.8,euclidean,random,StandardScaler_per_sample_dimension
CCCOCP=O,15.628827,6.980608,False,48,5,0.8,euclidean,random,StandardScaler_per_sample_dimension
CCC(=O)OCP=O,14.071324,7.4841456,False,48,5,0.8,euclidean,random,StandardScaler_per_sample_dimension
CC1=CC(C)=CC(S)=C1,18.2127,-9.820919,False,48,5,0.8,euclidean,random,StandardScaler_per_sample_dimension
CNC1=C(O)C=CC(C)=C1,1.7264487,-18.319065,False,48,5,0.8,euclidean,random,StandardScaler_per_sample_dimension
CC1=CC(C)=CC([SH](=O)=O)=C1,18.010025,-9.74734,False,48,5,0.8,euclidean,random,StandardScaler_per_sample_dimension
CC1=CC(NC=O)=C(O)C=C1,1.7971925,-18.231062,False,48,5,0.8,euclidean,random,StandardScaler_per_sample_dimension
NCN1CC2=CC=CC=C2C1,1.0992953,-7.1719346,False,48,5,0.8,euclidean,random,StandardScaler_per_sample_dimension
NCN1C(=O)C2=CC=CC=C2C1=O,0.4003296,-7.303969,False,48,5,0.8,euclidean,random,StandardScaler_per_sample_dimension
CC1=CC(NCC2=CC=CC=C2)=C(O)C=C1,1.5305511,-18.532661,False,48,5,0.8,euclidean,random,StandardScaler_per_sample_dimension
CC1=CC(NC(=O)C2=CC=CC=C2)=C(O)C=C1,1.679816,-18.276106,False,48,5,0.8,euclidean,random,StandardScaler_per_sample_dimension
CCCCCCOCC,7.312696,1.8376044,False,48,5,0.8,euclidean,random,StandardScaler_per_sample_dimension
CCCCCNCCCCCCN,8.462399,3.8990936,False,48,5,0.8,euclidean,random,StandardScaler_per_sample_dimension
CCCCCCNCCCCCCN,8.392359,3.8321528,False,48,5,0.8,euclidean,random,StandardScaler_per_sample_dimension
CCCCCNCC1=CC(C=O)=CC=C1,-3.2821534,-3.971754,False,48,5,0.8,euclidean,random,StandardScaler_per_sample_dimension
CCCCCNCC1=CC=CC(C=O)=C1,-3.4826567,-4.2240634,False,48,5,0.8,euclidean,random,StandardScaler_per_sample_dimension
CC1=CC(N)=C(O)C=C1,1.6978179,-18.319572,False,48,5,0.8,euclidean,random,StandardScaler_per_sample_dimension
CC1=CC=C(O)C(N)=C1,1.753471,-18.330812,True,48,5,0.8,euclidean,random,StandardScaler_per_sample_dimension
CC(C)N1C(=O)CCC1=O,1.7166682,-10.155699,False,48,5,0.8,euclidean,random,StandardScaler_per_sample_dimension
CP(O)OC1=CC=CC=C1,-7.0360594,21.574154,False,48,5,0.8,euclidean,random,StandardScaler_per_sample_dimension
O=CCN1C(=O)CCC1=O,1.7553616,-10.259317,False,48,5,0.8,euclidean,random,StandardScaler_per_sample_dimension
CC(C=O)N1C(=O)CCC1=O,1.7677501,-10.172151,False,48,5,0.8,euclidean,random,StandardScaler_per_sample_dimension
CP(=O)(O)OC1=CC=CC=C1,-6.9743724,21.360723,False,48,5,0.8,euclidean,random,StandardScaler_per_sample_dimension
OCC1=CC2=C(C=C1)CNC2,25.685019,-4.2409134,True,48,5,0.8,euclidean,random,StandardScaler_per_sample_dimension
OCC1=CC=C2CNCC2=C1,25.671627,-4.1992035,False,48,5,0.8,euclidean,random,StandardScaler_per_sample_dimension
COCC1=CC=C2CNCC2=C1,25.696783,-4.3661404,False,48,5,0.8,euclidean,random,StandardScaler_per_sample_dimension
O=C(O)C1=CC2=C(C=C1)CNC2,25.74083,-4.1676593,False,48,5,0.8,euclidean,random,StandardScaler_per_sample_dimension
O=C(O)C1=CC=C2CNCC2=C1,25.504202,-4.369925,False,48,5,0.8,euclidean,random,StandardScaler_per_sample_dimension
COC(=O)C1=CC=C2CNCC2=C1,25.824696,-4.1486125,False,48,5,0.8,euclidean,random,StandardScaler_per_sample_dimension
CCCCCCNCCCCCC=O,8.44327,3.8430827,False,48,5,0.8,euclidean,random,StandardScaler_per_sample_dimension
CC1=CC=C(CC2=CC=C(O)C=C2)C=C1,2.542904,18.48232,False,48,5,0.8,euclidean,random,StandardScaler_per_sample_dimension
CC1=CC=CC=C1CNC1=CC=C(O)C=C1,-1.581638,3.89418,False,48,5,0.8,euclidean,random,StandardScaler_per_sample_dimension
CNC1=CC=C(SC2=CC=C(NC)C=C2)C=C1,-1.4595668,-17.220987,False,48,5,0.8,euclidean,random,StandardScaler_per_sample_dimension
NP(N)N,7.374486,-1.8038584,False,48,5,0.8,euclidean,random,StandardScaler_per_sample_dimension
CCCCCC(=O)O,7.0287137,-0.08735844,False,48,5,0.8,euclidean,random,StandardScaler_per_sample_dimension
CCC(CN)N1CCCC1,2.285171,-10.247116,False,48,5,0.8,euclidean,random,StandardScaler_per_sample_dimension
CCC(C(N)=O)N1CCCC1,2.3712752,-10.244935,False,48,5,0.8,euclidean,random,StandardScaler_per_sample_dimension
NCCCCCCNCCCCCC=O,8.756864,3.656065,True,48,5,0.8,euclidean,random,StandardScaler_per_sample_dimension
CCC(CNC1=CC=CC=C1)N1CCCC1,2.4173188,-10.18597,False,48,5,0.8,euclidean,random,StandardScaler_per_sample_dimension
CCC(C(=O)NC1=CC=CC=C1)N1CCCC1,2.4046183,-10.406885,False,48,5,0.8,euclidean,random,StandardScaler_per_sample_dimension
N#CC1=CC=CC=C1,7.647852,-1.6217003,False,48,5,0.8,euclidean,random,StandardScaler_per_sample_dimension
CCCCOCCCC=O,-12.248212,-15.473948,False,48,5,0.8,euclidean,random,StandardScaler_per_sample_dimension
CCCCOC(=O)CCC=O,-12.218957,-15.5729,False,48,5,0.8,euclidean,random,StandardScaler_per_sample_dimension
O=CCCCOCCCCO,-12.306451,-15.509958,False,48,5,0.8,euclidean,random,StandardScaler_per_sample_dimension
CC1=CC=C(C2=NC=CN2)C=C1,6.5840516,-2.81766,False,48,5,0.8,euclidean,random,StandardScaler_per_sample_dimension
CCCCOCC1=CC=CC=C1,7.0128217,2.021309,True,48,5,0.8,euclidean,random,StandardScaler_per_sample_dimension
CN1CC2=C(C=C(CO)C=C2)C1,25.542591,-4.3428364,False,48,5,0.8,euclidean,random,StandardScaler_per_sample_dimension
CN1CC2=CC=C(CO)C=C2C1,25.515543,-4.20779,False,48,5,0.8,euclidean,random,StandardScaler_per_sample_dimension
O=CCCC(=O)OCCCCO,-12.281186,-15.563322,False,48,5,0.8,euclidean,random,StandardScaler_per_sample_dimension
CCCCNCC1=CC=C(O)C=C1,10.359004,-4.8901153,False,48,5,0.8,euclidean,random,StandardScaler_per_sample_dimension
CCCCOC(=O)C1=CC=CC=C1,6.9127493,1.7637451,False,48,5,0.8,euclidean,random,StandardScaler_per_sample_dimension
CN1CC2=C(C=C(C(=O)O)C=C2)C1,25.776314,-4.481197,False,48,5,0.8,euclidean,random,StandardScaler_per_sample_dimension
CN1CC2=CC=C(C(=O)O)C=C2C1,25.68483,-4.234049,False,48,5,0.8,euclidean,random,StandardScaler_per_sample_dimension
CCCCC(=O)NCCCCCCN,8.665663,3.6502476,False,48,5,0.8,euclidean,random,StandardScaler_per_sample_dimension
CCCCNC(=O)C1=CC=C(O)C=C1,10.38325,-4.861967,False,48,5,0.8,euclidean,random,StandardScaler_per_sample_dimension
CCCCCC(=O)NCCCCCCN,8.5819645,3.8231566,False,48,5,0.8,euclidean,random,StandardScaler_per_sample_dimension
CCCCCCNC(=O)CCCCC=O,8.171219,3.704587,False,48,5,0.8,euclidean,random,StandardScaler_per_sample_dimension
CC1=CC=C(CNC2=CC=C(N)C=C2)C=C1,8.639457,10.136407,False,48,5,0.8,euclidean,random,StandardScaler_per_sample_dimension
NCCCCCCNC(=O)CCCCC=O,8.584824,3.6173983,False,48,5,0.8,euclidean,random,StandardScaler_per_sample_dimension
CC1=CC=C(C(=O)NC2=CC=C(N)C=C2)C=C1,8.370322,10.11628,False,48,5,0.8,euclidean,random,StandardScaler_per_sample_dimension
NC1=CC=C(NCC2=CC(C=O)=CC=C2)C=C1,16.564144,17.690182,False,48,5,0.8,euclidean,random,StandardScaler_per_sample_dimension
NC1=CC=C(NCC2=CC=CC(C=O)=C2)C=C1,16.451067,17.876274,False,48,5,0.8,euclidean,random,StandardScaler_per_sample_dimension
COCP,14.044539,7.583905,False,48,5,0.8,euclidean,random,StandardScaler_per_sample_dimension
CCOCP,14.580736,7.8644385,False,48,5,0.8,euclidean,random,StandardScaler_per_sample_dimension
COCP=O,15.479643,7.168749,False,48,5,0.8,euclidean,random,StandardScaler_per_sample_dimension
O=COCP,14.077731,8.614725,False,48,5,0.8,euclidean,random,StandardScaler_per_sample_dimension
OCCCP,-1.4616424,27.201054,False,48,5,0.8,euclidean,random,StandardScaler_per_sample_dimension
C1COCCN1,-16.45397,11.672921,False,48,5,0.8,euclidean,random,StandardScaler_per_sample_dimension
CC(=O)OCP,14.737031,9.137375,False,48,5,0.8,euclidean,random,StandardScaler_per_sample_dimension
CCOCP=O,15.653326,6.984974,False,48,5,0.8,euclidean,random,StandardScaler_per_sample_dimension
O=C(O)CCP,-1.5503097,27.330784,False,48,5,0.8,euclidean,random,StandardScaler_per_sample_dimension
O=COCP=O,14.794683,9.0424595,False,48,5,0.8,euclidean,random,StandardScaler_per_sample_dimension
O=PCCCO,-1.2396017,27.191507,False,48,5,0.8,euclidean,random,StandardScaler_per_sample_dimension
CC(=O)OCP=O,14.042743,7.594189,False,48,5,0.8,euclidean,random,StandardScaler_per_sample_dimension
O=PCCC(=O)O,-1.486703,27.267313,False,48,5,0.8,euclidean,random,StandardScaler_per_sample_dimension
NCCN1CCCC1,1.9621314,-10.461375,False,48,5,0.8,euclidean,random,StandardScaler_per_sample_dimension
OC1=CC=CC(O)=N1,26.139748,18.036297,False,48,5,0.8,euclidean,random,StandardScaler_per_sample_dimension
CC(CN)N1CCCC1,2.1066928,-10.423604,False,48,5,0.8,euclidean,random,StandardScaler_per_sample_dimension
NC(=O)CN1CCCC1,2.0921063,-11.009571,False,48,5,0.8,euclidean,random,StandardScaler_per_sample_dimension
C=NC1=CC(C)=CC(C)=C1,-13.513153,14.136636,False,48,5,0.8,euclidean,random,StandardScaler_per_sample_dimension
CC(C(N)=O)N1CCCC1,2.0009189,-11.134313,False,48,5,0.8,euclidean,random,StandardScaler_per_sample_dimension
NCCN1C(=O)CCC1=O,2.1728716,-11.338305,False,48,5,0.8,euclidean,random,StandardScaler_per_sample_dimension
C1=CC=C(C2=NC=CO2)C=C1,18.449835,25.351637,False,48,5,0.8,euclidean,random,StandardScaler_per_sample_dimension
CC(CN)N1C(=O)CCC1=O,2.4110494,-11.435657,False,48,5,0.8,euclidean,random,StandardScaler_per_sample_dimension
CC=NC1=CC(C)=CC(C)=C1,-13.268534,14.258153,False,48,5,0.8,euclidean,random,StandardScaler_per_sample_dimension
CCCCC1=CC(O)=CC=C1,17.960762,6.6850586,False,48,5,0.8,euclidean,random,StandardScaler_per_sample_dimension
CCCCC1=CC=CC(O)=C1,18.260637,6.5760903,False,48,5,0.8,euclidean,random,StandardScaler_per_sample_dimension
CN1CC2=CC=C(O)C=C2C1,19.981062,4.2908463,False,48,5,0.8,euclidean,random,StandardScaler_per_sample_dimension
NC(=O)CN1C(=O)CCC1=O,1.9863908,-10.867706,False,48,5,0.8,euclidean,random,StandardScaler_per_sample_dimension
OCC1=CC2=C(C=C1)N=CN2,24.184381,-1.249029,False,48,5,0.8,euclidean,random,StandardScaler_per_sample_dimension
OCC1=CC2=C(C=C1)NC=N2,6.3813496,-3.3120801,False,48,5,0.8,euclidean,random,StandardScaler_per_sample_dimension
OCC1=CC=C2N=CNC2=C1,7.172654,-6.5959606,False,48,5,0.8,euclidean,random,StandardScaler_per_sample_dimension
OCCCPC1=CC=CC=C1,-1.3839254,27.179464,False,48,5,0.8,euclidean,random,StandardScaler_per_sample_dimension
C1=NC(N2CCOCC2)=NC=N1,-16.515984,11.92001,False,48,5,0.8,euclidean,random,StandardScaler_per_sample_dimension
C1=NC=NC(N2CCOCC2)=N1,-16.618826,11.828211,False,48,5,0.8,euclidean,random,StandardScaler_per_sample_dimension
C=NC1=CC(C=O)=CC(C=O)=C1,-13.425039,14.394597,False,48,5,0.8,euclidean,random,StandardScaler_per_sample_dimension
CC(C(N)=O)N1C(=O)CCC1=O,2.3709016,-11.369403,False,48,5,0.8,euclidean,random,StandardScaler_per_sample_dimension
CCCC1=CC(OPO)=CC=C1,17.051497,7.0477,False,48,5,0.8,euclidean,random,StandardScaler_per_sample_dimension
CCCC1=CC=CC(OPO)=C1,18.850418,7.1810813,False,48,5,0.8,euclidean,random,StandardScaler_per_sample_dimension
CCCCCC1=CC(O)=CC=C1,18.246008,7.9979773,False,48,5,0.8,euclidean,random,StandardScaler_per_sample_dimension
CCCCCC1=CC=CC(O)=C1,17.967916,6.4080143,False,48,5,0.8,euclidean,random,StandardScaler_per_sample_dimension
CN1CC2=CC(O)=CC=C2C1=O,20.05991,4.240503,False,48,5,0.8,euclidean,random,StandardScaler_per_sample_dimension
CN1CC2=CC=C(O)C=C2C1=O,20.07538,4.2848883,False,48,5,0.8,euclidean,random,StandardScaler_per_sample_dimension
COCC1=CC2=C(C=C1)N=CN2,25.266157,-1.2636575,False,48,5,0.8,euclidean,random,StandardScaler_per_sample_dimension
COCC1=CC2=C(C=C1)NC=N2,6.4483924,-3.2247458,False,48,5,0.8,euclidean,random,StandardScaler_per_sample_dimension
COCC1=CC=C2N=CNC2=C1,7.079404,-6.6169243,False,48,5,0.8,euclidean,random,StandardScaler_per_sample_dimension
O=C(O)C1=CC2=C(C=C1)N=CN2,24.003992,-1.4330993,False,48,5,0.8,euclidean,random,StandardScaler_per_sample_dimension
O=C(O)C1=CC2=C(C=C1)NC=N2,6.4714646,-3.5237195,False,48,5,0.8,euclidean,random,StandardScaler_per_sample_dimension
O=C(O)C1=CC=C2N=CNC2=C1,7.1353655,-6.692059,False,48,5,0.8,euclidean,random,StandardScaler_per_sample_dimension
O=C(O)CCPC1=CC=CC=C1,-1.0722593,26.858875,False,48,5,0.8,euclidean,random,StandardScaler_per_sample_dimension
O=[PH](CCCO)C1=CC=CC=C1,-1.4434093,27.144684,False,48,5,0.8,euclidean,random,StandardScaler_per_sample_dimension
C1=CC=C2C(=C1)CC1=C2C=CC=C1,8.266946,-1.1355854,False,48,5,0.8,euclidean,random,StandardScaler_per_sample_dimension
CCCC1=CC(O[PH](=O)O)=CC=C1,18.497412,6.358373,False,48,5,0.8,euclidean,random,StandardScaler_per_sample_dimension
CCCC1=CC=CC(O[PH](=O)O)=C1,17.370419,7.433967,False,48,5,0.8,euclidean,random,StandardScaler_per_sample_dimension
CCCCC1=CC(OPO)=CC=C1,17.44778,6.7467465,False,48,5,0.8,euclidean,random,StandardScaler_per_sample_dimension
CCCCC1=CC=CC(OPO)=C1,18.678768,7.359815,False,48,5,0.8,euclidean,random,StandardScaler_per_sample_dimension
CCCCCCC1=CC(O)=CC=C1,18.135408,7.094862,False,48,5,0.8,euclidean,random,StandardScaler_per_sample_dimension
CCCCCCC1=CC=CC(O)=C1,18.606289,6.48553,False,48,5,0.8,euclidean,random,StandardScaler_per_sample_dimension
CCCCCCCC1=CC=CC=C1,17.133144,7.0575624,False,48,5,0.8,euclidean,random,StandardScaler_per_sample_dimension
CCOCC1=CC2=C(C=C1)N=CN2,6.302798,-3.2464256,False,48,5,0.8,euclidean,random,StandardScaler_per_sample_dimension
CCOCC1=CC2=C(C=C1)NC=N2,24.196985,-1.2017401,False,48,5,0.8,euclidean,random,StandardScaler_per_sample_dimension
CCOCC1=CC=C2N=CNC2=C1,24.094353,-1.0975364,False,48,5,0.8,euclidean,random,StandardScaler_per_sample_dimension
CN1C(=O)C2=CC=C(O)C=C2C1=O,20.202648,4.1763105,False,48,5,0.8,euclidean,random,StandardScaler_per_sample_dimension
COC(=O)C1=CC2=C(C=C1)N=CN2,25.103493,-1.4250549,False,48,5,0.8,euclidean,random,StandardScaler_per_sample_dimension
COC(=O)C1=CC2=C(C=C1)NC=N2,6.357294,-3.3947873,False,48,5,0.8,euclidean,random,StandardScaler_per_sample_dimension
COC(=O)C1=CC=C2N=CNC2=C1,24.130274,-1.2894326,False,48,5,0.8,euclidean,random,StandardScaler_per_sample_dimension
O=C(O)CC[PH](=O)C1=CC=CC=C1,-1.7005754,27.522997,False,48,5,0.8,euclidean,random,StandardScaler_per_sample_dimension
C1=CC=C(NCCN2CCCC2)C=C1,2.2746518,-11.35652,False,48,5,0.8,euclidean,random,StandardScaler_per_sample_dimension
CCCCC1=CC(O[PH](=O)O)=CC=C1,17.803343,7.2478237,False,48,5,0.8,euclidean,random,StandardScaler_per_sample_dimension
CCCCC1=CC=CC(O[PH](=O)O)=C1,17.245344,6.97108,False,48,5,0.8,euclidean,random,StandardScaler_per_sample_dimension
CCCCCC1=CC(OPO)=CC=C1,18.204062,6.3760557,False,48,5,0.8,euclidean,random,StandardScaler_per_sample_dimension
CCCCCC1=CC=CC(OPO)=C1,18.504257,6.526795,False,48,5,0.8,euclidean,random,StandardScaler_per_sample_dimension
CCCCCCCC1=CC(O)=CC=C1,18.59136,7.59716,False,48,5,0.8,euclidean,random,StandardScaler_per_sample_dimension
CCCCCCCC1=CC=CC(O)=C1,18.337831,7.5824604,False,48,5,0.8,euclidean,random,StandardScaler_per_sample_dimension
CCCCCCCCC1=CC=CC=C1,17.333519,7.1384473,False,48,5,0.8,euclidean,random,StandardScaler_per_sample_dimension
CCOC(=O)C1=CC2=C(C=C1)N=CN2,7.213648,-6.6391697,False,48,5,0.8,euclidean,random,StandardScaler_per_sample_dimension
CCOC(=O)C1=CC2=C(C=C1)NC=N2,24.132725,-1.2833188,False,48,5,0.8,euclidean,random,StandardScaler_per_sample_dimension
CCOC(=O)C1=CC=C2N=CNC2=C1,7.267264,-6.600951,False,48,5,0.8,euclidean,random,StandardScaler_per_sample_dimension
NC1=NC(N)=NC(N2CCOCC2)=N1,-16.761776,11.656713,False,48,5,0.8,euclidean,random,StandardScaler_per_sample_dimension
NC1=NC(N2CCOCC2)=NC(N)=N1,-16.653793,11.77313,False,48,5,0.8,euclidean,random,StandardScaler_per_sample_dimension
OC1=CC=C(O)C(C2=CC=CC=C2)=C1,3.348232,18.523924,True,48,5,0.8,euclidean,random,StandardScaler_per_sample_dimension
OCCOCC1=CC2=C(C=C1)N=CN2,6.2082615,-3.5411859,False,48,5,0.8,euclidean,random,StandardScaler_per_sample_dimension
OCCOCC1=CC2=C(C=C1)NC=N2,7.025102,-6.87837,False,48,5,0.8,euclidean,random,StandardScaler_per_sample_dimension
OCCOCC1=CC=C2N=CNC2=C1,24.40394,-1.435767,False,48,5,0.8,euclidean,random,StandardScaler_per_sample_dimension
C1=CC=C(C2=NC3=C(C=CC=C3)O2)C=C1,18.399881,25.413212,False,48,5,0.8,euclidean,random,StandardScaler_per_sample_dimension
C1=CC=C(C2=NC3=CC=CC=C3O2)C=C1,18.39624,25.388899,False,48,5,0.8,euclidean,random,StandardScaler_per_sample_dimension
C1=CC=C(N2CC3CCCCC3C2)C=C1,7.215529,2.6590304,False,48,5,0.8,euclidean,random,StandardScaler_per_sample_dimension
CC(CNC1=CC=CC=C1)N1CCCC1,2.382494,-11.4317465,False,48,5,0.8,euclidean,random,StandardScaler_per_sample_dimension
CCCCCC1=CC(O[PH](=O)O)=CC=C1,18.458652,6.975188,False,48,5,0.8,euclidean,random,StandardScaler_per_sample_dimension
CCCCCC1=CC=CC(O[PH](=O)O)=C1,17.226068,7.4696236,False,48,5,0.8,euclidean,random,StandardScaler_per_sample_dimension
CCCCCCC1=CC(OPO)=CC=C1,17.723936,6.995137,False,48,5,0.8,euclidean,random,StandardScaler_per_sample_dimension
CCCCCCC1=CC=CC(OPO)=C1,17.866478,7.5872493,False,48,5,0.8,euclidean,random,StandardScaler_per_sample_dimension
CCCCCCCCC1=CC(O)=CC=C1,17.953333,7.64747,False,48,5,0.8,euclidean,random,StandardScaler_per_sample_dimension
CCCCCCCCC1=CC=CC(O)=C1,18.855528,6.7080894,False,48,5,0.8,euclidean,random,StandardScaler_per_sample_dimension
CCCCCCCCCC1=CC=CC=C1,18.172812,7.836039,False,48,5,0.8,euclidean,random,StandardScaler_per_sample_dimension
O=C(CN1CCCC1)NC1=CC=CC=C1,2.1231778,-10.782415,False,48,5,0.8,euclidean,random,StandardScaler_per_sample_dimension
O=C(OCCO)C1=CC2=C(C=C1)N=CN2,25.130606,-1.5309875,False,48,5,0.8,euclidean,random,StandardScaler_per_sample_dimension
O=C(OCCO)C1=CC2=C(C=C1)NC=N2,25.246841,-1.4310256,False,48,5,0.8,euclidean,random,StandardScaler_per_sample_dimension
O=C(OCCO)C1=CC=C2N=CNC2=C1,25.327044,-1.474854,False,48,5,0.8,euclidean,random,StandardScaler_per_sample_dimension
C1=CC=C(N2COC3=C(C=CC=C3)C2)C=C1,19.732775,-9.779447,False,48,5,0.8,euclidean,random,StandardScaler_per_sample_dimension
C1=CC=C(N2COC3=CC=CC=C3C2)C=C1,19.83535,-9.65107,False,48,5,0.8,euclidean,random,StandardScaler_per_sample_dimension
CC(C(=O)NC1=CC=CC=C1)N1CCCC1,2.18627,-11.390803,False,48,5,0.8,euclidean,random,StandardScaler_per_sample_dimension
CC1=CC(OPOC2=CC=CC=C2)=CC=C1,18.49926,6.5624905,False,48,5,0.8,euclidean,random,StandardScaler_per_sample_dimension
CC1=CC=CC(OPOC2=CC=CC=C2)=C1,17.915262,7.4993997,False,48,5,0.8,euclidean,random,StandardScaler_per_sample_dimension
CCCCCCC1=CC(O[PH](=O)O)=CC=C1,19.02742,7.5255103,False,48,5,0.8,euclidean,random,StandardScaler_per_sample_dimension
CCCCCCC1=CC=CC(O[PH](=O)O)=C1,17.48294,7.1226726,False,48,5,0.8,euclidean,random,StandardScaler_per_sample_dimension
CCCCCCCC1=CC(OPO)=CC=C1,18.704899,7.265844,False,48,5,0.8,euclidean,random,StandardScaler_per_sample_dimension
CCCCCCCC1=CC=CC(OPO)=C1,18.637257,6.6599503,False,48,5,0.8,euclidean,random,StandardScaler_per_sample_dimension
CCCCCCCCCC1=CC(O)=CC=C1,18.774181,7.4397616,False,48,5,0.8,euclidean,random,StandardScaler_per_sample_dimension
CCCCCCCCCC1=CC=CC(O)=C1,17.205578,7.339605,False,48,5,0.8,euclidean,random,StandardScaler_per_sample_dimension
CCCCCCCCCCC1=CC=CC=C1,18.058334,6.2459874,False,48,5,0.8,euclidean,random,StandardScaler_per_sample_dimension
NC1=CC=C(CNC2=CC=C(O)C=C2)C=C1,-15.962273,14.802395,False,48,5,0.8,euclidean,random,StandardScaler_per_sample_dimension
O=C1CCC(=O)N1CCNC1=CC=CC=C1,2.2838337,-11.207686,False,48,5,0.8,euclidean,random,StandardScaler_per_sample_dimension
OC1=CC=C(N2CC3CCCCC3C2)C=C1,7.0752087,2.497968,False,48,5,0.8,euclidean,random,StandardScaler_per_sample_dimension
CC(CNC1=CC=CC=C1)N1C(=O)CCC1=O,2.246615,-11.2743635,False,48,5,0.8,euclidean,random,StandardScaler_per_sample_dimension
CC1=CC(C)=CC(N2CC3=C(C=CC=C3)C2)=C1,0.8599278,32.559166,False,48,5,0.8,euclidean,random,StandardScaler_per_sample_dimension
CC1=CC(C)=CC(N2CC3=CC=CC=C3C2)=C1,0.58689964,32.32513,False,48,5,0.8,euclidean,random,StandardScaler_per_sample_dimension
CC1=CC(N2CC3=CC=CC=C3C2)=CC(C)=C1,0.6495845,32.356884,False,48,5,0.8,euclidean,random,StandardScaler_per_sample_dimension
CC1=CC(O)=C(N2CC3=C(C=CC=C3)C2)C=C1,13.408235,22.321398,False,48,5,0.8,euclidean,random,StandardScaler_per_sample_dimension
CC1=CC(O)=C(N2CC3=CC=CC=C3C2)C=C1,13.29961,22.36058,False,48,5,0.8,euclidean,random,StandardScaler_per_sample_dimension
CC1=CC(O[PH](=O)OC2=CC=CC=C2)=CC=C1,18.9414,7.4826045,False,48,5,0.8,euclidean,random,StandardScaler_per_sample_dimension
CC1=CC=C(N2CC3=C(C=CC=C3)C2)C(O)=C1,13.2794285,22.583649,False,48,5,0.8,euclidean,random,StandardScaler_per_sample_dimension
CC1=CC=C(N2CC3=CC=CC=C3C2)C(O)=C1,13.538572,22.445799,False,48,5,0.8,euclidean,random,StandardScaler_per_sample_dimension
CC1=CC=CC(O[PH](=O)OC2=CC=CC=C2)=C1,17.58049,6.4784,False,48,5,0.8,euclidean,random,StandardScaler_per_sample_dimension
CCC1=CC(OPOC2=CC=CC=C2)=CC=C1,18.572721,6.991302,False,48,5,0.8,euclidean,random,StandardScaler_per_sample_dimension
CCC1=CC=CC(OPOC2=CC=CC=C2)=C1,18.810638,7.4676113,False,48,5,0.8,euclidean,random,StandardScaler_per_sample_dimension
CCCCCCCC1=CC(O[PH](=O)O)=CC=C1,18.325733,6.2572813,False,48,5,0.8,euclidean,random,StandardScaler_per_sample_dimension
CCCCCCCC1=CC=CC(O[PH](=O)O)=C1,17.848587,7.962372,False,48,5,0.8,euclidean,random,StandardScaler_per_sample_dimension
CCCCCCCCC1=CC(OPO)=CC=C1,17.248037,6.985498,False,48,5,0.8,euclidean,random,StandardScaler_per_sample_dimension
CCCCCCCCC1=CC=CC(OPO)=C1,18.105494,6.902265,False,48,5,0.8,euclidean,random,StandardScaler_per_sample_dimension
CCCCCCCCCCC1=CC(O)=CC=C1,17.779388,7.800998,False,48,5,0.8,euclidean,random,StandardScaler_per_sample_dimension
CCCCCCCCCCC1=CC=CC(O)=C1,17.984615,6.738671,False,48,5,0.8,euclidean,random,StandardScaler_per_sample_dimension
CCCCCCCCCCCC1=CC=CC=C1,17.921963,6.75761,False,48,5,0.8,euclidean,random,StandardScaler_per_sample_dimension
CN1CC2=CC=C(OC3=CC=CC=C3)C=C2C1,20.098557,4.378943,False,48,5,0.8,euclidean,random,StandardScaler_per_sample_dimension
NC1=CC=C(C(=O)NC2=CC=C(O)C=C2)C=C1,-15.9651985,14.796283,False,48,5,0.8,euclidean,random,StandardScaler_per_sample_dimension
O=C(CN1C(=O)CCC1=O)NC1=CC=CC=C1,2.133419,-10.878463,False,48,5,0.8,euclidean,random,StandardScaler_per_sample_dimension
O=C1C2=C(C=CC=C2)C(=O)C1C1=CC=CC=C1,-5.4672847,6.374348,True,48,5,0.8,euclidean,random,StandardScaler_per_sample_dimension
O=C1C2CCCCC2C(=O)N1C1=CC=CC=C1,6.8390813,2.6336064,False,48,5,0.8,euclidean,random,StandardScaler_per_sample_dimension
O=CC1=CC=C(N2CC3=C(C=CC=C3)C2)C=C1,12.67263,21.884125,False,48,5,0.8,euclidean,random,StandardScaler_per_sample_dimension
O=CC1=CC=C(N2CC3=CC=CC=C3C2)C=C1,12.729741,21.730873,False,48,5,0.8,euclidean,random,StandardScaler_per_sample_dimension
OCC1=CC2=C(C=C1)N=C(C1=CC=CC=C1)N2,7.036932,-6.428368,False,48,5,0.8,euclidean,random,StandardScaler_per_sample_dimension
OCC1=CC2=C(C=C1)NC(C1=CC=CC=C1)=N2,25.232252,-1.2991569,False,48,5,0.8,euclidean,random,StandardScaler_per_sample_dimension
OCC1=CC=C2N=C(C3=CC=CC=C3)NC2=C1,24.246086,-1.2249689,False,48,5,0.8,euclidean,random,StandardScaler_per_sample_dimension
FCC(C1=CC(Br)=CC=C1)C(F)F,-6.08399,2.3501525,False,48,5,0.8,euclidean,random,StandardScaler_per_sample_dimension
FCC(C1=CC=CC(Br)=C1)C(F)F,-6.055383,2.0113878,False,48,5,0.8,euclidean,random,StandardScaler_per_sample_dimension
CC(CF)C1=CC(Br)=CC=C1,-5.9672318,2.158192,False,48,5,0.8,euclidean,random,StandardScaler_per_sample_dimension
CC(CF)C1=CC=CC(Br)=C1,-6.131744,2.1257079,False,48,5,0.8,euclidean,random,StandardScaler_per_sample_dimension
CC(C1=CC(Br)=CC=C1)C(F)F,-5.9206495,2.1352117,False,48,5,0.8,euclidean,random,StandardScaler_per_sample_dimension
CC(C1=CC=CC(Br)=C1)C(F)F,-6.0345974,2.3723617,False,48,5,0.8,euclidean,random,StandardScaler_per_sample_dimension
CC(CF)C1=CC(Br)=C(O)C=C1,-5.7971687,2.4491267,False,48,5,0.8,euclidean,random,StandardScaler_per_sample_dimension
CC(CF)C1=CC=C(O)C(Br)=C1,-6.063414,2.336082,False,48,5,0.8,euclidean,random,StandardScaler_per_sample_dimension
FCC(CF)C1=CC(Br)=CC=C1,-5.928343,1.6878043,False,48,5,0.8,euclidean,random,StandardScaler_per_sample_dimension
FCC(CF)C1=CC=CC(Br)=C1,-5.868225,1.1412597,False,48,5,0.8,euclidean,random,StandardScaler_per_sample_dimension
FCCC1=CC(Br)=CC=C1,-5.5009727,0.6180648,False,48,5,0.8,euclidean,random,StandardScaler_per_sample_dimension
FCCC1=CC=CC(Br)=C1,-5.6551886,0.6767223,False,48,5,0.8,euclidean,random,StandardScaler_per_sample_dimension
FC(F)CC1=CC(Br)=CC=C1,-5.956139,0.664872,False,48,5,0.8,euclidean,random,StandardScaler_per_sample_dimension
FC(F)CC1=CC=CC(Br)=C1,-5.68747,0.93748814,False,48,5,0.8,euclidean,random,StandardScaler_per_sample_dimension
OC1=C(Br)C=C(CCF)C=C1,-5.6866493,0.9100212,False,48,5,0.8,euclidean,random,StandardScaler_per_sample_dimension
OC1=CC=C(CCF)C=C1Br,-5.850352,1.1327463,False,48,5,0.8,euclidean,random,StandardScaler_per_sample_dimension
OC1=C(Br)C=C(CC(F)F)C=C1,-5.988596,1.2154278,False,48,5,0.8,euclidean,random,StandardScaler_per_sample_dimension
OC1=CC=C(CC(F)F)C=C1Br,-5.765435,0.8074895,False,48,5,0.8,euclidean,random,StandardScaler_per_sample_dimension
FCC(C1=CC=CC=C1)C1=CC(Br)=CC=C1,-5.209338,0.65249234,False,48,5,0.8,euclidean,random,StandardScaler_per_sample_dimension
FCC(C1=CC=CC=C1)C1=CC=CC(Br)=C1,-5.8271604,1.1848588,False,48,5,0.8,euclidean,random,StandardScaler_per_sample_dimension
CC(CF)(C1=CC=CC=C1)C1=CC(Br)=CC=C1,-5.7875395,0.97880757,False,48,5,0.8,euclidean,random,StandardScaler_per_sample_dimension
CC(CF)(C1=CC=CC=C1)C1=CC=CC(Br)=C1,-5.2687645,0.57039285,False,48,5,0.8,euclidean,random,StandardScaler_per_sample_dimension
FC(F)C(C1=CC=CC=C1)C1=CC(Br)=CC=C1,-5.6900024,0.70111597,False,48,5,0.8,euclidean,random,StandardScaler_per_sample_dimension
FC(F)C(C1=CC=CC=C1)C1=CC=CC(Br)=C1,-5.131533,0.72490025,False,48,5,0.8,euclidean,random,StandardScaler_per_sample_dimension
OC1=C(Br)C=C(C(CF)C2=CC=CC=C2)C=C1,-5.7920346,0.6951841,False,48,5,0.8,euclidean,random,StandardScaler_per_sample_dimension
OC1=CC=C(C(CF)C2=CC=CC=C2)C=C1Br,-5.343863,0.8726015,False,48,5,0.8,euclidean,random,StandardScaler_per_sample_dimension
CC(C1=CC(Br)=CC=C1)C(F)(F)F,-4.6269855,1.0545049,False,48,5,0.8,euclidean,random,StandardScaler_per_sample_dimension
CC(C1=CC=CC(Br)=C1)C(F)(F)F,-4.5484633,0.9671508,False,48,5,0.8,euclidean,random,StandardScaler_per_sample_dimension
FCCC1=CC(Br)=CC(Br)=C1,-4.264811,1.237545,False,48,5,0.8,euclidean,random,StandardScaler_per_sample_dimension
FC(F)(F)CC1=CC(Br)=CC=C1,-3.8601625,1.3994554,False,48,5,0.8,euclidean,random,StandardScaler_per_sample_dimension
FC(F)(F)CC1=CC=CC(Br)=C1,-3.9733737,1.4477156,False,48,5,0.8,euclidean,random,StandardScaler_per_sample_dimension
COP(O)OC1=CC=CC=C1,-20.232244,10.4276285,False,48,5,0.8,euclidean,random,StandardScaler_per_sample_dimension
COP(=O)(O)OC1=CC=CC=C1,-20.392939,10.5896015,False,48,5,0.8,euclidean,random,StandardScaler_per_sample_dimension
NCC1=CC=C(PC2=CC=CC=C2)C=C1,-11.055848,4.596098,False,48,5,0.8,euclidean,random,StandardScaler_per_sample_dimension
NC(=O)C1=CC=C(PC2=CC=CC=C2)C=C1,-11.264118,4.2867904,False,48,5,0.8,euclidean,random,StandardScaler_per_sample_dimension
NCC1=CC=C([PH](=O)C2=CC=CC=C2)C=C1,-11.144336,4.4329853,False,48,5,0.8,euclidean,random,StandardScaler_per_sample_dimension
NC(=O)C1=CC=C([PH](=O)C2=CC=CC=C2)C=C1,-10.9872875,4.4522777,False,48,5,0.8,euclidean,random,StandardScaler_per_sample_dimension
CCS,0.8435961,-6.365981,True,48,5,0.8,euclidean,random,StandardScaler_per_sample_dimension
CNP(O)OC,-8.420847,-14.096265,False,48,5,0.8,euclidean,random,StandardScaler_per_sample_dimension
CNP(=O)(O)OC,-8.5118265,-14.76759,False,48,5,0.8,euclidean,random,StandardScaler_per_sample_dimension
CCOPNC,-8.484216,-15.06341,False,48,5,0.8,euclidean,random,StandardScaler_per_sample_dimension
CCOP(O)NC,-8.427098,-13.439597,False,48,5,0.8,euclidean,random,StandardScaler_per_sample_dimension
CCO[PH](=O)NC,-8.376498,-13.35319,False,48,5,0.8,euclidean,random,StandardScaler_per_sample_dimension
CCOP(=O)(O)NC,-8.519001,-14.533736,False,48,5,0.8,euclidean,random,StandardScaler_per_sample_dimension
COP(N)O,-8.659958,-14.249845,False,48,5,0.8,euclidean,random,StandardScaler_per_sample_dimension
COP(N)(=O)O,-8.273746,-13.293124,False,48,5,0.8,euclidean,random,StandardScaler_per_sample_dimension
CCOPN,-8.145131,-13.648228,False,48,5,0.8,euclidean,random,StandardScaler_per_sample_dimension
CCOP(N)O,-8.631327,-14.166358,False,48,5,0.8,euclidean,random,StandardScaler_per_sample_dimension
CCO[PH](N)=O,-8.216136,-13.528059,False,48,5,0.8,euclidean,random,StandardScaler_per_sample_dimension
CCOP(N)(=O)O,-8.466266,-13.369518,False,48,5,0.8,euclidean,random,StandardScaler_per_sample_dimension
CCCCNC1=CC(PC)=CC=C1,13.0226345,-9.698962,False,48,5,0.8,euclidean,random,StandardScaler_per_sample_dimension
CCCC(=O)NC1=CC(PC)=CC=C1,13.0332365,-9.781312,True,48,5,0.8,euclidean,random,StandardScaler_per_sample_dimension
CCCCNC1=CC([PH](C)=O)=CC=C1,13.01172,-9.868311,False,48,5,0.8,euclidean,random,StandardScaler_per_sample_dimension
CCCC(=O)NC1=CC([PH](C)=O)=CC=C1,13.214472,-9.690293,False,48,5,0.8,euclidean,random,StandardScaler_per_sample_dimension
CC1(C)COPOC1,-12.090697,12.209096,False,48,5,0.8,euclidean,random,StandardScaler_per_sample_dimension
CC1(C)CO[PH](=O)OC1,-12.012631,12.377592,False,48,5,0.8,euclidean,random,StandardScaler_per_sample_dimension
CC1=CC(CNC2=CC=C([SH]=O)C=C2)=CC=C1,-1.4375716,-17.258144,False,48,5,0.8,euclidean,random,StandardScaler_per_sample_dimension
CC1=CC=CC(CNC2=CC=C([SH]=O)C=C2)=C1,-1.6271191,-17.298992,False,48,5,0.8,euclidean,random,StandardScaler_per_sample_dimension
CCOP(NC)OC,20.757013,14.160765,False,48,5,0.8,euclidean,random,StandardScaler_per_sample_dimension
CCOP(=O)(NC)OC,20.987864,14.332165,False,48,5,0.8,euclidean,random,StandardScaler_per_sample_dimension
OP(O)OC1=CC=CC=C1,30.106037,6.1224747,False,48,5,0.8,euclidean,random,StandardScaler_per_sample_dimension
O=P(O)(O)OC1=CC=CC=C1,28.813578,2.848118,False,48,5,0.8,euclidean,random,StandardScaler_per_sample_dimension
NCC1=CC=C(P)C=C1,-11.26206,4.391292,False,48,5,0.8,euclidean,random,StandardScaler_per_sample_dimension
NC(=O)C1=CC=C(P)C=C1,-11.080983,4.3836184,False,48,5,0.8,euclidean,random,StandardScaler_per_sample_dimension
NCC1=CC=C(P=O)C=C1,-11.146146,4.3900876,False,48,5,0.8,euclidean,random,StandardScaler_per_sample_dimension
NC(=O)C1=CC=C(P=O)C=C1,-11.342834,4.280743,False,48,5,0.8,euclidean,random,StandardScaler_per_sample_dimension
CNP(O)O,21.027946,14.227947,False,48,5,0.8,euclidean,random,StandardScaler_per_sample_dimension
CNP(=O)(O)O,21.013895,14.37112,False,48,5,0.8,euclidean,random,StandardScaler_per_sample_dimension
CNP(OC)OC,21.423447,14.644656,False,48,5,0.8,euclidean,random,StandardScaler_per_sample_dimension
CNP(=O)(OC)OC,21.192207,14.344969,False,48,5,0.8,euclidean,random,StandardScaler_per_sample_dimension
PC1=CC=C(CNC2=CC=CC=C2)C=C1,-8.839374,10.879732,False,48,5,0.8,euclidean,random,StandardScaler_per_sample_dimension
O=C(NC1=CC=CC=C1)C1=CC=C(P)C=C1,-8.843855,10.723986,False,48,5,0.8,euclidean,random,StandardScaler_per_sample_dimension
O=PC1=CC=C(CNC2=CC=CC=C2)C=C1,-8.628258,10.952875,False,48,5,0.8,euclidean,random,StandardScaler_per_sample_dimension
O=PC1=CC=C(C(=O)NC2=CC=CC=C2)C=C1,-8.826751,10.903957,False,48,5,0.8,euclidean,random,StandardScaler_per_sample_dimension
CCOP(O)OCC,28.712881,2.5553849,False,48,5,0.8,euclidean,random,StandardScaler_per_sample_dimension
CCOP(=O)(O)OCC,28.575071,2.4856765,False,48,5,0.8,euclidean,random,StandardScaler_per_sample_dimension
CCOP(N)OC,20.748747,14.172863,False,48,5,0.8,euclidean,random,StandardScaler_per_sample_dimension
CCOP(N)(=O)OC,20.911907,14.565503,False,48,5,0.8,euclidean,random,StandardScaler_per_sample_dimension
NP(O)O,21.648026,14.937938,False,48,5,0.8,euclidean,random,StandardScaler_per_sample_dimension
NP(=O)(O)O,20.59611,14.305801,False,48,5,0.8,euclidean,random,StandardScaler_per_sample_dimension
COP(N)OC,20.6566,14.003545,False,48,5,0.8,euclidean,random,StandardScaler_per_sample_dimension
COP(N)(=O)OC,20.643965,14.034579,False,48,5,0.8,euclidean,random,StandardScaler_per_sample_dimension
S=CNCC1=CC=CC=C1,10.404946,17.991615,False,48,5,0.8,euclidean,random,StandardScaler_per_sample_dimension
NC(=S)NCC1=CC=CC=C1,10.377944,17.829233,False,48,5,0.8,euclidean,random,StandardScaler_per_sample_dimension
O=C(NC=S)C1=CC=CC=C1,3.6401842,-21.097483,False,48,5,0.8,euclidean,random,StandardScaler_per_sample_dimension
NC(=S)NC(=O)C1=CC=CC=C1,3.5671601,-20.843786,False,48,5,0.8,euclidean,random,StandardScaler_per_sample_dimension
S=C(NCC1=CC=CC=C1)NC1=CC=CC=C1,3.329871,-21.061062,False,48,5,0.8,euclidean,random,StandardScaler_per_sample_dimension
CCCCNC1=CC(P)=CC=C1,13.233657,-9.641275,False,48,5,0.8,euclidean,random,StandardScaler_per_sample_dimension
CCCCNC1=CC=CC(P)=C1,13.428794,-9.48317,False,48,5,0.8,euclidean,random,StandardScaler_per_sample_dimension
CCCC(=O)NC1=CC(P)=CC=C1,13.102819,-9.543473,False,48,5,0.8,euclidean,random,StandardScaler_per_sample_dimension
CCCCNC1=CC(P=O)=CC=C1,13.262149,-9.52781,False,48,5,0.8,euclidean,random,StandardScaler_per_sample_dimension
CCCC(=O)NC1=CC(P=O)=CC=C1,13.314803,-9.582199,False,48,5,0.8,euclidean,random,StandardScaler_per_sample_dimension
*NC,13.927855,2.1441193,False,48,5,0.8,euclidean,random,StandardScaler_per_sample_dimension
CC1=CC(CNC2=CC=C(S)C=C2)=CC=C1,-1.4396929,-17.250875,False,48,5,0.8,euclidean,random,StandardScaler_per_sample_dimension
CC1=CC=CC(CNC2=CC=C(S)C=C2)=C1,-1.4594647,-17.464636,False,48,5,0.8,euclidean,random,StandardScaler_per_sample_dimension
CC1=CC(C(=O)NC2=CC=C(S)C=C2)=CC=C1,-1.657284,-17.094095,False,48,5,0.8,euclidean,random,StandardScaler_per_sample_dimension
CC1=CC=CC(C(=O)NC2=CC=C(S)C=C2)=C1,-1.5162816,-17.185373,False,48,5,0.8,euclidean,random,StandardScaler_per_sample_dimension
O=CC1=CC(CNC2=CC=C(S)C=C2)=CC=C1,-1.3479373,-17.118755,False,48,5,0.8,euclidean,random,StandardScaler_per_sample_dimension
O=CC1=CC=CC(CNC2=CC=C(S)C=C2)=C1,-1.4899421,-17.256239,False,48,5,0.8,euclidean,random,StandardScaler_per_sample_dimension
COCCCP,-5.419356,-7.313988,False,48,5,0.8,euclidean,random,StandardScaler_per_sample_dimension
CCOCCCP,-5.7294855,-7.5809517,False,48,5,0.8,euclidean,random,StandardScaler_per_sample_dimension
COC(=O)CCP,-4.951171,-7.1692824,False,48,5,0.8,euclidean,random,StandardScaler_per_sample_dimension
COCCCP=O,-5.2182455,-8.517184,False,48,5,0.8,euclidean,random,StandardScaler_per_sample_dimension
CCOC(=O)CCP,-5.55898,-7.9070463,False,48,5,0.8,euclidean,random,StandardScaler_per_sample_dimension
CCOCCCP=O,-0.1624332,12.556373,False,48,5,0.8,euclidean,random,StandardScaler_per_sample_dimension
COC(=O)CCP=O,-0.26257035,12.879919,False,48,5,0.8,euclidean,random,StandardScaler_per_sample_dimension
CCOC(=O)CCP=O,-4.6482553,-7.3353896,False,48,5,0.8,euclidean,random,StandardScaler_per_sample_dimension
NC1=CC=C(NC=S)C=C1,10.598221,18.283527,True,48,5,0.8,euclidean,random,StandardScaler_per_sample_dimension
OPOC1=CC=C(O)C=C1,8.820188,-1.7570442,False,48,5,0.8,euclidean,random,StandardScaler_per_sample_dimension
NC(=S)NC1=CC=C(N)C=C1,10.886689,18.609629,False,48,5,0.8,euclidean,random,StandardScaler_per_sample_dimension
O=[PH](O)OC1=CC=C(O)C=C1,8.681337,-1.6461661,False,48,5,0.8,euclidean,random,StandardScaler_per_sample_dimension
CNC(=S)NC1=CC=C(N)C=C1,10.642053,18.242285,False,48,5,0.8,euclidean,random,StandardScaler_per_sample_dimension
COCCCPC1=CC=CC=C1,-4.608654,-8.326962,False,48,5,0.8,euclidean,random,StandardScaler_per_sample_dimension
CCOCCCPC1=CC=CC=C1,-5.514774,-8.291439,False,48,5,0.8,euclidean,random,StandardScaler_per_sample_dimension
COC(=O)CCPC1=CC=CC=C1,-0.16260903,12.763585,False,48,5,0.8,euclidean,random,StandardScaler_per_sample_dimension
COCCC[PH](=O)C1=CC=CC=C1,-4.30531,-8.170817,False,48,5,0.8,euclidean,random,StandardScaler_per_sample_dimension
NC1=CC=C(NC(=S)NC=O)C=C1,10.594726,18.2486,False,48,5,0.8,euclidean,random,StandardScaler_per_sample_dimension
CCOC(=O)CCPC1=CC=CC=C1,-4.899585,-7.2189116,False,48,5,0.8,euclidean,random,StandardScaler_per_sample_dimension
CCOCCC[PH](=O)C1=CC=CC=C1,-4.292787,-8.152374,False,48,5,0.8,euclidean,random,StandardScaler_per_sample_dimension
COC(=O)CC[PH](=O)C1=CC=CC=C1,-4.6315827,-7.050415,False,48,5,0.8,euclidean,random,StandardScaler_per_sample_dimension
CCOC(=O)CC[PH](=O)C1=CC=CC=C1,-4.281229,-8.1927595,False,48,5,0.8,euclidean,random,StandardScaler_per_sample_dimension
CCP(C1=CC=CC=C1)C1=CC=CC=C1,-1.9735105,-7.70275,True,48,5,0.8,euclidean,random,StandardScaler_per_sample_dimension
OC1=CC=C(PC2=CC=C(O)C=C2)C=C1,1.4539049,19.084229,False,48,5,0.8,euclidean,random,StandardScaler_per_sample_dimension
CCP(=O)(C1=CC=CC=C1)C1=CC=CC=C1,-2.06638,-7.731415,False,48,5,0.8,euclidean,random,StandardScaler_per_sample_dimension
OC1=CC=C(OPOC2=CC=CC=C2)C=C1,8.722282,-1.7580078,False,48,5,0.8,euclidean,random,StandardScaler_per_sample_dimension
COC1=CC=C(SC2=CC=C(OC)C=C2)C=C1,7.4538293,-1.4742423,False,48,5,0.8,euclidean,random,StandardScaler_per_sample_dimension
O=[PH](OC1=CC=CC=C1)OC1=CC=C(O)C=C1,8.826621,-1.5822632,False,48,5,0.8,euclidean,random,StandardScaler_per_sample_dimension
CPNC1=CC=CC=C1,-6.952578,5.1759515,False,48,5,0.8,euclidean,random,StandardScaler_per_sample_dimension
C[PH](=O)NC1=CC=CC=C1,-6.9724374,5.2013264,False,48,5,0.8,euclidean,random,StandardScaler_per_sample_dimension
C1=CC=C(NPC2=CC=CC=C2)C=C1,-6.7542768,5.3269343,False,48,5,0.8,euclidean,random,StandardScaler_per_sample_dimension
O=[PH](NC1=CC=CC=C1)C1=CC=CC=C1,-6.8206015,5.2250466,False,48,5,0.8,euclidean,random,StandardScaler_per_sample_dimension
CCCOP(O)O,-11.665385,12.754041,False,48,5,0.8,euclidean,random,StandardScaler_per_sample_dimension
CCCOP(=O)(O)O,-11.677659,12.807593,False,48,5,0.8,euclidean,random,StandardScaler_per_sample_dimension
OC1=C(CF)C=CC=C1,-5.341528,-15.189644,False,48,5,0.8,euclidean,random,StandardScaler_per_sample_dimension
OC1=CC=CC=C1CF,-5.2835736,-15.556266,False,48,5,0.8,euclidean,random,StandardScaler_per_sample_dimension
OC1=C(C(F)F)C=CC=C1,-5.2980475,-15.0307865,False,48,5,0.8,euclidean,random,StandardScaler_per_sample_dimension
OC1=CC=CC=C1C(F)F,-5.3532043,-15.33805,False,48,5,0.8,euclidean,random,StandardScaler_per_sample_dimension
FCC1=C(OC2=CC=CC=C2)C=CC=C1,-5.4653006,-15.310085,False,48,5,0.8,euclidean,random,StandardScaler_per_sample_dimension
FCC1=CC=CC=C1OC1=CC=CC=C1,-5.002171,-15.105732,False,48,5,0.8,euclidean,random,StandardScaler_per_sample_dimension
CC1=CC=C(OC2=CC=CC=C2CF)C=C1,-5.367465,-15.5425,False,48,5,0.8,euclidean,random,StandardScaler_per_sample_dimension
FC(F)C1=C(OC2=CC=CC=C2)C=CC=C1,-5.1546264,-15.252066,False,48,5,0.8,euclidean,random,StandardScaler_per_sample_dimension
FC(F)C1=CC=CC=C1OC1=CC=CC=C1,-5.354414,-15.577185,False,48,5,0.8,euclidean,random,StandardScaler_per_sample_dimension
CCCOP(O)OC,-11.905469,12.621361,False,48,5,0.8,euclidean,random,StandardScaler_per_sample_dimension
CCCOP(=O)(O)OC,-11.830692,12.5604315,False,48,5,0.8,euclidean,random,StandardScaler_per_sample_dimension
COC1=C(Br)C=CC=C1,19.775663,16.31992,False,48,5,0.8,euclidean,random,StandardScaler_per_sample_dimension
COC1=CC=CC=C1Br,19.810919,16.57847,False,48,5,0.8,euclidean,random,StandardScaler_per_sample_dimension
COP(OC)OC1=CC=CC=C1,28.580921,2.6764033,False,48,5,0.8,euclidean,random,StandardScaler_per_sample_dimension
COP(=O)(OC)OC1=CC=CC=C1,28.549292,2.7046595,False,48,5,0.8,euclidean,random,StandardScaler_per_sample_dimension
CCNP,-3.1012926,8.584205,False,48,5,0.8,euclidean,random,StandardScaler_per_sample_dimension
C1=CC=C(C2=CC=CS2)C=C1,25.154228,14.5998955,False,48,5,0.8,euclidean,random,StandardScaler_per_sample_dimension
CC1=CC=C(C2=CC=CC=C2)S1,25.13805,14.405715,False,48,5,0.8,euclidean,random,StandardScaler_per_sample_dimension
OC(C1=CC=CC=C1)C1=CC=C(OP)C=C1,20.967714,5.860279,False,48,5,0.8,euclidean,random,StandardScaler_per_sample_dimension
COC(C1=CC=CC=C1)C1=CC=C(OP)C=C1,22.152288,4.874683,False,48,5,0.8,euclidean,random,StandardScaler_per_sample_dimension
O=POC1=CC=C(C(O)C2=CC=CC=C2)C=C1,21.031721,5.787674,False,48,5,0.8,euclidean,random,StandardScaler_per_sample_dimension
NC1=CC=C(P)C=C1,9.113454,2.0321412,False,48,5,0.8,euclidean,random,StandardScaler_per_sample_dimension
CCOP(OC)OCC,30.163492,6.056654,False,48,5,0.8,euclidean,random,StandardScaler_per_sample_dimension
NC1=CC=C(P=O)C=C1,9.072856,1.8178712,False,48,5,0.8,euclidean,random,StandardScaler_per_sample_dimension
CCOP(=O)(OC)OCC,28.725332,2.6774318,False,48,5,0.8,euclidean,random,StandardScaler_per_sample_dimension
CC1=CC=C(NPO)C=C1,7.5717306,-2.777108,False,48,5,0.8,euclidean,random,StandardScaler_per_sample_dimension
CC1=CC=C(N[PH](=O)O)C=C1,7.4927225,-2.9433193,False,48,5,0.8,euclidean,random,StandardScaler_per_sample_dimension
CNC1=CC=C(NC=S)C=C1,11.783041,19.174913,True,48,5,0.8,euclidean,random,StandardScaler_per_sample_dimension
OC1=C(C(F)(F)F)C=CC=C1,1.8174738,19.335318,False,48,5,0.8,euclidean,random,StandardScaler_per_sample_dimension
OC1=CC=CC=C1C(F)(F)F,1.7192216,19.265202,False,48,5,0.8,euclidean,random,StandardScaler_per_sample_dimension
CCNC1=CC=C(NC=S)C=C1,11.393913,19.129776,False,48,5,0.8,euclidean,random,StandardScaler_per_sample_dimension
CNC1=CC=C(NC(N)=S)C=C1,11.498359,19.519384,False,48,5,0.8,euclidean,random,StandardScaler_per_sample_dimension
O=CNC1=CC=C(NC=S)C=C1,12.057081,18.99078,False,48,5,0.8,euclidean,random,StandardScaler_per_sample_dimension
CC(=O)NC1=CC=C(NC=S)C=C1,11.639914,19.336292,False,48,5,0.8,euclidean,random,StandardScaler_per_sample_dimension
CCNC1=CC=C(NC(N)=S)C=C1,11.710157,19.600517,False,48,5,0.8,euclidean,random,StandardScaler_per_sample_dimension
CNC(=S)NC1=CC=C(NC)C=C1,12.034186,19.050371,False,48,5,0.8,euclidean,random,StandardScaler_per_sample_dimension
NC(=S)NC1=CC=C(NC=O)C=C1,11.816293,19.069193,False,48,5,0.8,euclidean,random,StandardScaler_per_sample_dimension
CC(=O)NC1=CC=C(NC(N)=S)C=C1,12.037666,19.001179,False,48,5,0.8,euclidean,random,StandardScaler_per_sample_dimension
CCNC1=CC=C(NC(=S)NC)C=C1,11.522818,19.328943,False,48,5,0.8,euclidean,random,StandardScaler_per_sample_dimension
CNC(=S)NC1=CC=C(NC=O)C=C1,11.440808,19.45297,False,48,5,0.8,euclidean,random,StandardScaler_per_sample_dimension
CNC1=CC=C(NC(=S)NC=O)C=C1,11.923502,19.085674,False,48,5,0.8,euclidean,random,StandardScaler_per_sample_dimension
OP(OC1=CC=CC=C1)C1=CC=CC=C1,-6.9306703,21.225979,False,48,5,0.8,euclidean,random,StandardScaler_per_sample_dimension
O=P(O)(OC1=CC=CC=C1)C1=CC=CC=C1,-6.767288,21.39643,False,48,5,0.8,euclidean,random,StandardScaler_per_sample_dimension
FC(F)(F)C1=C(OC2=CC=CC=C2)C=CC=C1,1.7072889,19.610363,False,48,5,0.8,euclidean,random,StandardScaler_per_sample_dimension
FC(F)(F)C1=CC=CC=C1OC1=CC=CC=C1,1.7901087,19.429373,False,48,5,0.8,euclidean,random,StandardScaler_per_sample_dimension
COC1=C(Br)C=CC=C1Br,19.511967,16.86142,False,48,5,0.8,euclidean,random,StandardScaler_per_sample_dimension
OCC1=CC=C(OP)C=C1,21.484539,-1.8906661,False,48,5,0.8,euclidean,random,StandardScaler_per_sample_dimension
COCC1=CC=C(OP)C=C1,21.534843,-2.0355692,False,48,5,0.8,euclidean,random,StandardScaler_per_sample_dimension
O=POC1=CC=C(CO)C=C1,21.756403,-1.7911463,False,48,5,0.8,euclidean,random,StandardScaler_per_sample_dimension
CCOCC1=CC=C(OP)C=C1,22.377708,-1.5522052,False,48,5,0.8,euclidean,random,StandardScaler_per_sample_dimension
COCC1=CC=C(OP=O)C=C1,22.5989,-1.8472292,False,48,5,0.8,euclidean,random,StandardScaler_per_sample_dimension
O=COCC1=CC=C(OP)C=C1,22.386505,-1.6798882,False,48,5,0.8,euclidean,random,StandardScaler_per_sample_dimension
CC(=O)OCC1=CC=C(OP)C=C1,22.339354,-1.532446,False,48,5,0.8,euclidean,random,StandardScaler_per_sample_dimension
CCOCC1=CC=C(OP=O)C=C1,21.93446,-1.8840609,False,48,5,0.8,euclidean,random,StandardScaler_per_sample_dimension
O=COCC1=CC=C(OP=O)C=C1,22.580097,-1.8354579,False,48,5,0.8,euclidean,random,StandardScaler_per_sample_dimension
CC(=O)OCC1=CC=C(OP=O)C=C1,22.593182,-1.7256873,False,48,5,0.8,euclidean,random,StandardScaler_per_sample_dimension
CCCP(C1=CC=CC=C1)C1=CC=CC=C1,-2.0582516,-7.7586503,False,48,5,0.8,euclidean,random,StandardScaler_per_sample_dimension
CCCP(=O)(C1=CC=CC=C1)C1=CC=CC=C1,-2.0028853,-7.741151,False,48,5,0.8,euclidean,random,StandardScaler_per_sample_dimension
CC1=CC=C(OC2=CC=C(P)C=C2)C=C1,4.42465,18.677727,False,48,5,0.8,euclidean,random,StandardScaler_per_sample_dimension
CC1=CC=C(OC2=CC=C(P=O)C=C2)C=C1,4.501798,18.796026,False,48,5,0.8,euclidean,random,StandardScaler_per_sample_dimension
CC1=CC=C(OPOC2=CC(C)=CC=C2)C=C1,3.923233,-1.2802672,False,48,5,0.8,euclidean,random,StandardScaler_per_sample_dimension
CC1=CC=C(OPOC2=CC=CC(C)=C2)C=C1,3.8038077,-1.1347666,False,48,5,0.8,euclidean,random,StandardScaler_per_sample_dimension
COC1=CC=C(C(C)CF)C=C1,11.83015,4.608288,False,48,5,0.8,euclidean,random,StandardScaler_per_sample_dimension
COC1=CC=C(C(C)C(F)F)C=C1,11.777581,4.50446,False,48,5,0.8,euclidean,random,StandardScaler_per_sample_dimension
COC1=CC=C(C(CF)CF)C=C1,11.671176,4.7218323,False,48,5,0.8,euclidean,random,StandardScaler_per_sample_dimension
COC1=CC=C(CCF)C=C1,11.566688,4.9264264,False,48,5,0.8,euclidean,random,StandardScaler_per_sample_dimension
COC1=CC=C(CC(F)F)C=C1,11.711364,4.7906575,False,48,5,0.8,euclidean,random,StandardScaler_per_sample_dimension
COC1=CC=C(C(CF)C2=CC=CC=C2)C=C1,11.506131,5.0363846,False,48,5,0.8,euclidean,random,StandardScaler_per_sample_dimension
C[SiH2]O,-7.057537,4.996868,False,48,5,0.8,euclidean,random,StandardScaler_per_sample_dimension
CCC1=CC(Br)=C(OC)C=C1,27.885359,-9.204049,False,48,5,0.8,euclidean,random,StandardScaler_per_sample_dimension
CCC1=CC=C(OC)C(Br)=C1,27.818913,-9.13728,False,48,5,0.8,euclidean,random,StandardScaler_per_sample_dimension
CNCPO,-4.3611393,9.639472,False,48,5,0.8,euclidean,random,StandardScaler_per_sample_dimension
CNC[PH](=O)O,-4.2911463,9.524332,False,48,5,0.8,euclidean,random,StandardScaler_per_sample_dimension
COC1=C(Br)C=C(C(C)C)C=C1,27.912117,-9.227283,False,48,5,0.8,euclidean,random,StandardScaler_per_sample_dimension
COC1=CC=C(C(C)C)C=C1Br,27.830355,-9.147662,False,48,5,0.8,euclidean,random,StandardScaler_per_sample_dimension
CC[SiH2]O,-7.1706743,4.576632,False,48,5,0.8,euclidean,random,StandardScaler_per_sample_dimension
COC1=C(Br)C=C(C(C)C2=CC=CC=C2)C=C1,21.941046,18.804525,False,48,5,0.8,euclidean,random,StandardScaler_per_sample_dimension
COC1=C(Br)C=C(CC2=CC(Br)=CC=C2)C=C1,21.882177,18.877134,False,48,5,0.8,euclidean,random,StandardScaler_per_sample_dimension
COC1=C(Br)C=C(CC2=CC=CC(Br)=C2)C=C1,22.04888,18.724525,False,48,5,0.8,euclidean,random,StandardScaler_per_sample_dimension
COC1=CC=C(C(C)C2=CC=CC=C2)C=C1Br,22.089396,18.99934,False,48,5,0.8,euclidean,random,StandardScaler_per_sample_dimension
COC1=CC=C(CC2=CC(Br)=CC=C2)C=C1Br,21.829342,18.666252,False,48,5,0.8,euclidean,random,StandardScaler_per_sample_dimension
COC1=CC=C(CC2=CC=CC(Br)=C2)C=C1Br,21.895506,18.867445,False,48,5,0.8,euclidean,random,StandardScaler_per_sample_dimension
COC1=CC=C(C(C)C2=CC(Br)=CC=C2)C=C1,21.773003,18.983744,False,48,5,0.8,euclidean,random,StandardScaler_per_sample_dimension
COC1=CC=C(C(C)C2=CC=CC(Br)=C2)C=C1,21.851156,18.781263,False,48,5,0.8,euclidean,random,StandardScaler_per_sample_dimension
O=C1C2=C(C=CC=C2)CN1C1N=CCS1,0.7214908,-6.6576753,False,48,5,0.8,euclidean,random,StandardScaler_per_sample_dimension
O=C1C2=CC=CC=C2CN1C1N=CCS1,0.9189041,-6.571201,False,48,5,0.8,euclidean,random,StandardScaler_per_sample_dimension
CNCP,-4.3721704,9.861075,False,48,5,0.8,euclidean,random,StandardScaler_per_sample_dimension
NCPO,-4.51306,9.987114,False,48,5,0.8,euclidean,random,StandardScaler_per_sample_dimension
CNCP=O,-4.446467,9.9901285,False,48,5,0.8,euclidean,random,StandardScaler_per_sample_dimension
NC[PH](=O)O,-4.6038423,9.729558,False,48,5,0.8,euclidean,random,StandardScaler_per_sample_dimension
CCC1=CC(Br)=C(OC)C(Br)=C1,18.904202,18.26114,False,48,5,0.8,euclidean,random,StandardScaler_per_sample_dimension
COC1=C(Br)C=C(C(C)C)C=C1Br,18.719986,18.058828,False,48,5,0.8,euclidean,random,StandardScaler_per_sample_dimension
COC1=CC=C(CC(F)(F)F)C=C1,7.436835,-2.0975766,False,48,5,0.8,euclidean,random,StandardScaler_per_sample_dimension
FCC1=CC=C(C2=NC=CN2)C=C1,6.597396,-2.399572,False,48,5,0.8,euclidean,random,StandardScaler_per_sample_dimension
FC(F)C1=CC=C(C2=NC=CN2)C=C1,6.501515,-2.466171,False,48,5,0.8,euclidean,random,StandardScaler_per_sample_dimension
CP(N)C1=CC=CC=C1,-6.8311353,5.3585253,False,48,5,0.8,euclidean,random,StandardScaler_per_sample_dimension
CP(N)(=O)C1=CC=CC=C1,-6.613398,5.5969777,False,48,5,0.8,euclidean,random,StandardScaler_per_sample_dimension
CP(NC1=CC=CC=C1)C1=CC=CC=C1,-6.766498,5.4944353,False,48,5,0.8,euclidean,random,StandardScaler_per_sample_dimension
COC1=C(Br)C=C(CC2=CC=CC=C2)C=C1,19.315382,17.790762,False,48,5,0.8,euclidean,random,StandardScaler_per_sample_dimension
COC1=CC=C(CC2=CC=CC=C2)C=C1Br,19.237038,17.727316,False,48,5,0.8,euclidean,random,StandardScaler_per_sample_dimension
CP(=O)(NC1=CC=CC=C1)C1=CC=CC=C1,-6.741156,5.4410224,False,48,5,0.8,euclidean,random,StandardScaler_per_sample_dimension
COC1=C(Br)C=C(C)C=C1,18.956764,17.361626,False,48,5,0.8,euclidean,random,StandardScaler_per_sample_dimension
COC1=CC=C(C)C=C1Br,18.629234,17.30472,False,48,5,0.8,euclidean,random,StandardScaler_per_sample_dimension
COC1=CC=C(CC2=CC(Br)=CC=C2)C=C1,18.91873,17.424515,False,48,5,0.8,euclidean,random,StandardScaler_per_sample_dimension
COC1=CC=C(CC2=CC=CC(Br)=C2)C=C1,18.800268,17.200161,False,48,5,0.8,euclidean,random,StandardScaler_per_sample_dimension
COC1=C(Br)C=C(CC2=CC=C(O)C=C2)C=C1,18.59913,17.17986,False,48,5,0.8,euclidean,random,StandardScaler_per_sample_dimension
COC1=CC=C(CC2=CC(Br)=C(O)C=C2)C=C1,18.734129,17.55156,False,48,5,0.8,euclidean,random,StandardScaler_per_sample_dimension
COC1=CC=C(CC2=CC=C(O)C(Br)=C2)C=C1,19.096542,18.016014,False,48,5,0.8,euclidean,random,StandardScaler_per_sample_dimension
COC1=CC=C(CC2=CC=C(O)C=C2)C=C1Br,18.537117,17.48799,False,48,5,0.8,euclidean,random,StandardScaler_per_sample_dimension
CCOP(O)OC1=CC=CC=C1,-20.275375,10.470998,False,48,5,0.8,euclidean,random,StandardScaler_per_sample_dimension
CCOP(=O)(O)OC1=CC=CC=C1,-20.283562,10.480384,False,48,5,0.8,euclidean,random,StandardScaler_per_sample_dimension
C1=NCSC1,0.62857544,-7.068746,False,48,5,0.8,euclidean,random,StandardScaler_per_sample_dimension
CC1=CC=C(S)C=C1,23.874079,-3.9944603,False,48,5,0.8,euclidean,random,StandardScaler_per_sample_dimension
NCPC1=CC=CC=C1,-9.962961,7.535872,False,48,5,0.8,euclidean,random,StandardScaler_per_sample_dimension
O=CC1=CC=C(S)C=C1,24.167976,-4.1984053,False,48,5,0.8,euclidean,random,StandardScaler_per_sample_dimension
CC1=CC=C(CPO)C=C1,-16.214209,15.139287,False,48,5,0.8,euclidean,random,StandardScaler_per_sample_dimension
NC[PH](=O)C1=CC=CC=C1,-9.677225,7.506656,False,48,5,0.8,euclidean,random,StandardScaler_per_sample_dimension
O=COC1=C(Br)C=CC=C1,19.591864,16.486174,False,48,5,0.8,euclidean,random,StandardScaler_per_sample_dimension
O=COC1=CC=CC=C1Br,19.682829,16.552202,False,48,5,0.8,euclidean,random,StandardScaler_per_sample_dimension
C1=NCSC1C1=CC=CC=C1,1.2215482,-7.2568555,False,48,5,0.8,euclidean,random,StandardScaler_per_sample_dimension
CC1=CC=C(C[PH](=O)O)C=C1,-16.357767,15.1281805,False,48,5,0.8,euclidean,random,StandardScaler_per_sample_dimension
COPCC1=CC=C(C)C=C1,-16.262909,15.013141,False,48,5,0.8,euclidean,random,StandardScaler_per_sample_dimension
CO[PH](=O)CC1=CC=C(C)C=C1,-16.261436,14.86289,False,48,5,0.8,euclidean,random,StandardScaler_per_sample_dimension
COCCOC1=CC=C([SH]=O)C=C1,-10.8505335,-8.900182,False,48,5,0.8,euclidean,random,StandardScaler_per_sample_dimension
C1=NC(N2CC3=C(C=CC=C3)C2)SC1,1.2621871,-7.0071816,False,48,5,0.8,euclidean,random,StandardScaler_per_sample_dimension
C1=NC(N2CC3=CC=CC=C3C2)SC1,0.09960336,-7.170787,False,48,5,0.8,euclidean,random,StandardScaler_per_sample_dimension
CC1=CC=C(SC2=CC=CC=C2)C=C1,24.119743,-4.1532426,False,48,5,0.8,euclidean,random,StandardScaler_per_sample_dimension
CC1=CC2=C(C=C1)CN(C1N=CCS1)C2,0.5282786,-6.753813,False,48,5,0.8,euclidean,random,StandardScaler_per_sample_dimension
CC1=CC=C2CN(C3N=CCS3)CC2=C1,0.314661,-6.9363422,False,48,5,0.8,euclidean,random,StandardScaler_per_sample_dimension
O=CC1=CC=C(SC2=CC=CC=C2)C=C1,24.065449,-4.1611757,False,48,5,0.8,euclidean,random,StandardScaler_per_sample_dimension
CC1=CC2=C(C=C1)C(=O)N(C1N=CCS1)C2,0.82768774,-6.903146,False,48,5,0.8,euclidean,random,StandardScaler_per_sample_dimension
CC1=CC2=C(C=C1)CN(C1N=CCS1)C2=O,0.57671434,-6.649786,False,48,5,0.8,euclidean,random,StandardScaler_per_sample_dimension
CC1=CC=C2C(=O)N(C3N=CCS3)CC2=C1,0.047259286,-7.334118,False,48,5,0.8,euclidean,random,StandardScaler_per_sample_dimension
CC1=CC=C2CN(C3N=CCS3)C(=O)C2=C1,1.4818597,-7.2396336,False,48,5,0.8,euclidean,random,StandardScaler_per_sample_dimension
O=C1C2=C(C=CC=C2)C(=O)N1C1N=CCS1,0.92315936,-7.30612,False,48,5,0.8,euclidean,random,StandardScaler_per_sample_dimension
O=C1C2=CC=CC=C2C(=O)N1C1N=CCS1,-0.034228645,-7.170981,False,48,5,0.8,euclidean,random,StandardScaler_per_sample_dimension
O=CC1=CC2=C(C=C1)CN(C1N=CCS1)C2,1.3813164,-7.064547,False,48,5,0.8,euclidean,random,StandardScaler_per_sample_dimension
O=CC1=CC=C2CN(C3N=CCS3)CC2=C1,-0.067718334,-7.354265,False,48,5,0.8,euclidean,random,StandardScaler_per_sample_dimension
CC1=CC=C2C(=O)N(C3N=CCS3)C(=O)C2=C1,1.6128175,-7.3364162,False,48,5,0.8,euclidean,random,StandardScaler_per_sample_dimension
O=CC1=CC2=C(C=C1)CN(C1N=CCS1)C2=O,0.70496804,-7.028464,False,48,5,0.8,euclidean,random,StandardScaler_per_sample_dimension
O=CC1=CC=C2C(=O)N(C3N=CCS3)CC2=C1,0.11460438,-7.026333,False,48,5,0.8,euclidean,random,StandardScaler_per_sample_dimension
O=CC1=CC=C2CN(C3N=CCS3)C(=O)C2=C1,1.5268706,-7.265789,False,48,5,0.8,euclidean,random,StandardScaler_per_sample_dimension
*PO,18.315098,-4.58614,False,48,5,0.8,euclidean,random,StandardScaler_per_sample_dimension
*[PH](=O)O,18.393839,-4.5184183,False,48,5,0.8,euclidean,random,StandardScaler_per_sample_dimension
*P,18.645266,-4.3880796,False,48,5,0.8,euclidean,random,StandardScaler_per_sample_dimension
*P=O,18.53251,-4.5530334,False,48,5,0.8,euclidean,random,StandardScaler_per_sample_dimension
OCC1=CC(P)=CC=C1,-7.9284463,1.8800651,False,48,5,0.8,euclidean,random,StandardScaler_per_sample_dimension
O=C(O)C1=CC(P)=CC=C1,-7.9294715,1.9794495,False,48,5,0.8,euclidean,random,StandardScaler_per_sample_dimension
O=PC1=CC=CC(CO)=C1,-7.758155,1.9529829,False,48,5,0.8,euclidean,random,StandardScaler_per_sample_dimension
O=PC1=CC=CC(C(=O)O)=C1,-7.962715,1.9298061,False,48,5,0.8,euclidean,random,StandardScaler_per_sample_dimension
CCNP=O,-3.4728343,8.256137,False,48,5,0.8,euclidean,random,StandardScaler_per_sample_dimension
CCCPOCC,8.284163,2.4626658,False,48,5,0.8,euclidean,random,StandardScaler_per_sample_dimension
CCC[PH](=O)OCC,8.415085,2.3969908,False,48,5,0.8,euclidean,random,StandardScaler_per_sample_dimension
COCC1=CC(P)=CC=C1,-7.931915,1.540758,False,48,5,0.8,euclidean,random,StandardScaler_per_sample_dimension
CCOCC1=CC(P)=CC=C1,-8.15416,1.4337459,False,48,5,0.8,euclidean,random,StandardScaler_per_sample_dimension
COC(=O)C1=CC(P)=CC=C1,-8.374003,1.7662311,False,48,5,0.8,euclidean,random,StandardScaler_per_sample_dimension
COCC1=CC(P=O)=CC=C1,-8.336719,1.6446024,False,48,5,0.8,euclidean,random,StandardScaler_per_sample_dimension
CCOC(=O)C1=CC(P)=CC=C1,-8.034801,1.425937,False,48,5,0.8,euclidean,random,StandardScaler_per_sample_dimension
CCOCC1=CC(P=O)=CC=C1,-8.52953,1.8319691,False,48,5,0.8,euclidean,random,StandardScaler_per_sample_dimension
COC(=O)C1=CC(P=O)=CC=C1,-8.557844,1.4750775,False,48,5,0.8,euclidean,random,StandardScaler_per_sample_dimension
OCCOCC1=CC(P)=CC=C1,-8.134251,1.3958588,False,48,5,0.8,euclidean,random,StandardScaler_per_sample_dimension
CCOC(=O)C1=CC(P=O)=CC=C1,-8.368865,1.3777139,False,48,5,0.8,euclidean,random,StandardScaler_per_sample_dimension
O=C(OCCO)C1=CC(P)=CC=C1,-8.176045,1.2069792,False,48,5,0.8,euclidean,random,StandardScaler_per_sample_dimension
O=PC1=CC=CC(COCCO)=C1,-8.13106,1.1671755,False,48,5,0.8,euclidean,random,StandardScaler_per_sample_dimension
O=PC1=CC=CC(C(=O)OCCO)=C1,-8.365024,1.7436174,False,48,5,0.8,euclidean,random,StandardScaler_per_sample_dimension
COC1=C(Br)C=C(CC2=CC=CC=C2)C=C1Br,19.377329,17.146568,False,48,5,0.8,euclidean,random,StandardScaler_per_sample_dimension
OS,18.02873,-9.564055,False,48,5,0.8,euclidean,random,StandardScaler_per_sample_dimension
OSC1=CC=CC=C1,18.040588,-9.607788,False,48,5,0.8,euclidean,random,StandardScaler_per_sample_dimension
CC1=CC=C(CP)C=C1,-16.07135,14.80298,False,48,5,0.8,euclidean,random,StandardScaler_per_sample_dimension
CC1=CC=C(CP=O)C=C1,-16.350733,15.188825,False,48,5,0.8,euclidean,random,StandardScaler_per_sample_dimension
COC1=C(Br)C=C(C)C=C1Br,19.550623,17.198896,False,48,5,0.8,euclidean,random,StandardScaler_per_sample_dimension
NCCCCPC1=CC=CC=C1,-12.809443,-10.873161,False,48,5,0.8,euclidean,random,StandardScaler_per_sample_dimension
CC(CCN)CPC1=CC=CC=C1,-12.494599,-11.181625,False,48,5,0.8,euclidean,random,StandardScaler_per_sample_dimension
CNCCCCPC1=CC=CC=C1,-14.6774025,20.112196,False,48,5,0.8,euclidean,random,StandardScaler_per_sample_dimension
NC(=O)CCCPC1=CC=CC=C1,-12.466721,-11.222804,False,48,5,0.8,euclidean,random,StandardScaler_per_sample_dimension
NCCCC[PH](=O)C1=CC=CC=C1,12.853443,-3.323751,False,48,5,0.8,euclidean,random,StandardScaler_per_sample_dimension
CC(CCN)C[PH](=O)C1=CC=CC=C1,13.672152,-4.8101697,False,48,5,0.8,euclidean,random,StandardScaler_per_sample_dimension
CC(CPC1=CC=CC=C1)CC(N)=O,15.5598755,-7.820338,False,48,5,0.8,euclidean,random,StandardScaler_per_sample_dimension
CCNCCCCPC1=CC=CC=C1,-12.483799,-11.211687,False,48,5,0.8,euclidean,random,StandardScaler_per_sample_dimension
CNC(=O)CCCPC1=CC=CC=C1,-14.597357,20.033564,False,48,5,0.8,euclidean,random,StandardScaler_per_sample_dimension
CNCCC(C)CPC1=CC=CC=C1,11.714417,-11.028625,False,48,5,0.8,euclidean,random,StandardScaler_per_sample_dimension
CNCCCC[PH](=O)C1=CC=CC=C1,13.104496,-3.0811238,False,48,5,0.8,euclidean,random,StandardScaler_per_sample_dimension
NC(=O)CCC[PH](=O)C1=CC=CC=C1,-14.5509615,19.98259,False,48,5,0.8,euclidean,random,StandardScaler_per_sample_dimension
NCCC(C=O)CPC1=CC=CC=C1,13.51536,-4.9805117,False,48,5,0.8,euclidean,random,StandardScaler_per_sample_dimension
CC(CC(N)=O)C[PH](=O)C1=CC=CC=C1,11.460787,-11.273482,False,48,5,0.8,euclidean,random,StandardScaler_per_sample_dimension
CCCNCCCCPC1=CC=CC=C1,11.551748,-11.149081,False,48,5,0.8,euclidean,random,StandardScaler_per_sample_dimension
CCNC(=O)CCCPC1=CC=CC=C1,-14.544526,19.98077,False,48,5,0.8,euclidean,random,StandardScaler_per_sample_dimension
CCNCCC(C)CPC1=CC=CC=C1,12.8709135,-3.0734692,False,48,5,0.8,euclidean,random,StandardScaler_per_sample_dimension
CCNCCCC[PH](=O)C1=CC=CC=C1,15.797596,-7.7771845,False,48,5,0.8,euclidean,random,StandardScaler_per_sample_dimension
CNC(=O)CC(C)CPC1=CC=CC=C1,13.53221,-4.8074713,False,48,5,0.8,euclidean,random,StandardScaler_per_sample_dimension
CNC(=O)CCC[PH](=O)C1=CC=CC=C1,15.615782,-7.950161,False,48,5,0.8,euclidean,random,StandardScaler_per_sample_dimension
CNCCC(C)C[PH](=O)C1=CC=CC=C1,-12.531863,-11.1391945,False,48,5,0.8,euclidean,random,StandardScaler_per_sample_dimension
CNCCC(C=O)CPC1=CC=CC=C1,-14.4113035,19.847023,False,48,5,0.8,euclidean,random,StandardScaler_per_sample_dimension
NC(=O)CC(C=O)CPC1=CC=CC=C1,-14.536896,19.975594,False,48,5,0.8,euclidean,random,StandardScaler_per_sample_dimension
NCCC(C=O)C[PH](=O)C1=CC=CC=C1,15.609054,-7.848898,False,48,5,0.8,euclidean,random,StandardScaler_per_sample_dimension
CCCCNCCCCPC1=CC=CC=C1,11.723815,-11.017206,False,48,5,0.8,euclidean,random,StandardScaler_per_sample_dimension
CCCNC(=O)CCCPC1=CC=CC=C1,-12.686183,-10.990483,False,48,5,0.8,euclidean,random,StandardScaler_per_sample_dimension
CCCNCCC(C)CPC1=CC=CC=C1,11.642342,-11.106143,False,48,5,0.8,euclidean,random,StandardScaler_per_sample_dimension
CCCNCCCC[PH](=O)C1=CC=CC=C1,-12.63404,-11.037446,False,48,5,0.8,euclidean,random,StandardScaler_per_sample_dimension
CCNC(=O)CC(C)CPC1=CC=CC=C1,11.612967,-11.117858,False,48,5,0.8,euclidean,random,StandardScaler_per_sample_dimension
CCNC(=O)CCC[PH](=O)C1=CC=CC=C1,13.052994,-3.0640233,False,48,5,0.8,euclidean,random,StandardScaler_per_sample_dimension
CCNCCC(C)C[PH](=O)C1=CC=CC=C1,13.630951,-4.8815684,False,48,5,0.8,euclidean,random,StandardScaler_per_sample_dimension
CCNCCC(C=O)CPC1=CC=CC=C1,13.455072,-5.0371428,False,48,5,0.8,euclidean,random,StandardScaler_per_sample_dimension
CNC(=O)CC(C)C[PH](=O)C1=CC=CC=C1,11.621071,-11.119312,False,48,5,0.8,euclidean,random,StandardScaler_per_sample_dimension
CNC(=O)CC(C=O)CPC1=CC=CC=C1,-14.629272,20.062616,False,48,5,0.8,euclidean,random,StandardScaler_per_sample_dimension
CNCCC(C=O)C[PH](=O)C1=CC=CC=C1,15.819444,-7.926865,False,48,5,0.8,euclidean,random,StandardScaler_per_sample_dimension
NC(=O)CC(C=O)C[PH](=O)C1=CC=CC=C1,-12.631913,-11.03422,False,48,5,0.8,euclidean,random,StandardScaler_per_sample_dimension
CCCCCNCCCCPC1=CC=CC=C1,-14.499246,19.933344,False,48,5,0.8,euclidean,random,StandardScaler_per_sample_dimension
CCCCNC(=O)CCCPC1=CC=CC=C1,13.663862,-4.872112,False,48,5,0.8,euclidean,random,StandardScaler_per_sample_dimension
CCCCNCCC(C)CPC1=CC=CC=C1,15.688675,-7.883368,False,48,5,0.8,euclidean,random,StandardScaler_per_sample_dimension
CCCCNCCCC[PH](=O)C1=CC=CC=C1,13.612471,-4.9457917,False,48,5,0.8,euclidean,random,StandardScaler_per_sample_dimension
CCCNC(=O)CC(C)CPC1=CC=CC=C1,13.038697,-3.2838535,False,48,5,0.8,euclidean,random,StandardScaler_per_sample_dimension
CCCNC(=O)CCC[PH](=O)C1=CC=CC=C1,15.666459,-7.9044385,False,48,5,0.8,euclidean,random,StandardScaler_per_sample_dimension
CCCNCCC(C)C[PH](=O)C1=CC=CC=C1,13.704565,-4.926983,False,48,5,0.8,euclidean,random,StandardScaler_per_sample_dimension
CCCNCCC(C=O)CPC1=CC=CC=C1,-14.47538,19.908009,False,48,5,0.8,euclidean,random,StandardScaler_per_sample_dimension
CCNC(=O)CC(C)C[PH](=O)C1=CC=CC=C1,15.623802,-7.7540293,False,48,5,0.8,euclidean,random,StandardScaler_per_sample_dimension
CCNC(=O)CC(C=O)CPC1=CC=CC=C1,12.950637,-3.0743327,False,48,5,0.8,euclidean,random,StandardScaler_per_sample_dimension
CCNCCC(C=O)C[PH](=O)C1=CC=CC=C1,-12.551354,-11.259707,False,48,5,0.8,euclidean,random,StandardScaler_per_sample_dimension
CNC(=O)CC(C=O)C[PH](=O)C1=CC=CC=C1,11.660633,-11.012467,False,48,5,0.8,euclidean,random,StandardScaler_per_sample_dimension
CCCCCP,-4.2908163,-1.2250525,False,48,5,0.8,euclidean,random,StandardScaler_per_sample_dimension
NCCCCP,8.512436,11.52861,False,48,5,0.8,euclidean,random,StandardScaler_per_sample_dimension
OCCCPO,-1.3784584,27.287142,False,48,5,0.8,euclidean,random,StandardScaler_per_sample_dimension
CC(CP)CCN,8.065005,11.176837,False,48,5,0.8,euclidean,random,StandardScaler_per_sample_dimension
CCCCCCP,-4.2597413,-0.9544224,False,48,5,0.8,euclidean,random,StandardScaler_per_sample_dimension
CCCCCP=O,-5.101113,-2.5391934,False,48,5,0.8,euclidean,random,StandardScaler_per_sample_dimension
CNCCCCP,8.072954,11.967953,False,48,5,0.8,euclidean,random,StandardScaler_per_sample_dimension
NC(=O)CCCP,8.171713,12.274553,False,48,5,0.8,euclidean,random,StandardScaler_per_sample_dimension
NCCCCP=O,8.394072,11.8405075,False,48,5,0.8,euclidean,random,StandardScaler_per_sample_dimension
O=C(O)CCPO,-1.7421848,27.524069,False,48,5,0.8,euclidean,random,StandardScaler_per_sample_dimension
O=[PH](O)CCCO,-1.5443578,27.419466,False,48,5,0.8,euclidean,random,StandardScaler_per_sample_dimension
CC(CCN)CP=O,8.391193,11.556659,False,48,5,0.8,euclidean,random,StandardScaler_per_sample_dimension
CC(CP)CC(N)=O,7.659273,11.779463,False,48,5,0.8,euclidean,random,StandardScaler_per_sample_dimension
CCCCCCP=O,-5.0614057,-1.7466631,False,48,5,0.8,euclidean,random,StandardScaler_per_sample_dimension
CCNCCCCP,8.152123,11.649801,False,48,5,0.8,euclidean,random,StandardScaler_per_sample_dimension
CNC(=O)CCCP,8.858387,11.87325,False,48,5,0.8,euclidean,random,StandardScaler_per_sample_dimension
CNCCC(C)CP,8.047922,12.176253,False,48,5,0.8,euclidean,random,StandardScaler_per_sample_dimension
CNCCCCP=O,8.835019,10.831899,False,48,5,0.8,euclidean,random,StandardScaler_per_sample_dimension
NC(=O)CCCP=O,8.637922,11.827819,False,48,5,0.8,euclidean,random,StandardScaler_per_sample_dimension
NCCC(C=O)CP,8.927115,11.082133,False,48,5,0.8,euclidean,random,StandardScaler_per_sample_dimension
O=C(O)CC[PH](=O)O,-1.5855516,27.360806,False,48,5,0.8,euclidean,random,StandardScaler_per_sample_dimension
CC(CP=O)CC(N)=O,9.560518,11.18959,False,48,5,0.8,euclidean,random,StandardScaler_per_sample_dimension
CCC1=CC=C(Br)C=C1,1.5813566,2.7144773,False,48,5,0.8,euclidean,random,StandardScaler_per_sample_dimension
CCCNCCCCP,9.893234,11.505554,False,48,5,0.8,euclidean,random,StandardScaler_per_sample_dimension
CCNC(=O)CCCP,8.426967,11.210125,False,48,5,0.8,euclidean,random,StandardScaler_per_sample_dimension
CCNCCC(C)CP,8.508998,10.226609,False,48,5,0.8,euclidean,random,StandardScaler_per_sample_dimension
CCNCCCCP=O,9.063506,10.843773,False,48,5,0.8,euclidean,random,StandardScaler_per_sample_dimension
CNC(=O)CC(C)CP,7.71234,11.900025,False,48,5,0.8,euclidean,random,StandardScaler_per_sample_dimension
CNC(=O)CCCP=O,9.253516,11.278609,False,48,5,0.8,euclidean,random,StandardScaler_per_sample_dimension
CNCCC(C)CP=O,7.755117,12.203993,False,48,5,0.8,euclidean,random,StandardScaler_per_sample_dimension
CNCCC(C=O)CP,7.845601,11.525191,False,48,5,0.8,euclidean,random,StandardScaler_per_sample_dimension
NC(=O)CC(C=O)CP,8.715541,12.227976,False,48,5,0.8,euclidean,random,StandardScaler_per_sample_dimension
NCCC(C=O)CP=O,8.115826,12.064007,False,48,5,0.8,euclidean,random,StandardScaler_per_sample_dimension
CCCCNCCCCP,8.366222,12.506296,False,48,5,0.8,euclidean,random,StandardScaler_per_sample_dimension
CCCNC(=O)CCCP,9.927712,11.292866,False,48,5,0.8,euclidean,random,StandardScaler_per_sample_dimension
CCCNCCC(C)CP,9.220529,10.713833,False,48,5,0.8,euclidean,random,StandardScaler_per_sample_dimension
CCCNCCCCP=O,7.868625,11.933114,False,48,5,0.8,euclidean,random,StandardScaler_per_sample_dimension
CCNC(=O)CC(C)CP,9.078315,11.060735,False,48,5,0.8,euclidean,random,StandardScaler_per_sample_dimension
CCNC(=O)CCCP=O,8.018039,12.386654,False,48,5,0.8,euclidean,random,StandardScaler_per_sample_dimension
CCNCCC(C)CP=O,8.191499,12.339627,False,48,5,0.8,euclidean,random,StandardScaler_per_sample_dimension
CCNCCC(C=O)CP,8.124343,12.153754,False,48,5,0.8,euclidean,random,StandardScaler_per_sample_dimension
CNC(=O)CC(C)CP=O,8.540544,12.492825,False,48,5,0.8,euclidean,random,StandardScaler_per_sample_dimension
CNC(=O)CC(C=O)CP,8.448008,11.757839,False,48,5,0.8,euclidean,random,StandardScaler_per_sample_dimension
CNCCC(C=O)CP=O,9.759291,11.175103,False,48,5,0.8,euclidean,random,StandardScaler_per_sample_dimension
NC(=O)CC(C=O)CP=O,8.880298,11.367021,False,48,5,0.8,euclidean,random,StandardScaler_per_sample_dimension
CCCCCNCCCCP,7.489483,11.826864,False,48,5,0.8,euclidean,random,StandardScaler_per_sample_dimension
CCCCNC(=O)CCCP,8.805363,12.093918,False,48,5,0.8,euclidean,random,StandardScaler_per_sample_dimension
CCCCNCCC(C)CP,9.5905695,11.66829,False,48,5,0.8,euclidean,random,StandardScaler_per_sample_dimension
CCCCNCCCCP=O,8.612493,10.049984,False,48,5,0.8,euclidean,random,StandardScaler_per_sample_dimension
CCCNC(=O)CC(C)CP,9.883259,11.272154,False,48,5,0.8,euclidean,random,StandardScaler_per_sample_dimension
CCCNC(=O)CCCP=O,9.811475,11.529667,False,48,5,0.8,euclidean,random,StandardScaler_per_sample_dimension
CCCNCCC(C)CP=O,8.800703,12.380344,False,48,5,0.8,euclidean,random,StandardScaler_per_sample_dimension
CCCNCCC(C=O)CP,8.528316,10.513235,False,48,5,0.8,euclidean,random,StandardScaler_per_sample_dimension
CCNC(=O)CC(C)CP=O,8.818484,10.331048,False,48,5,0.8,euclidean,random,StandardScaler_per_sample_dimension
CCNC(=O)CC(C=O)CP,9.96917,11.367147,False,48,5,0.8,euclidean,random,StandardScaler_per_sample_dimension
CCNCCC(C=O)CP=O,8.511901,11.082879,False,48,5,0.8,euclidean,random,StandardScaler_per_sample_dimension
CNC(=O)CC(C=O)CP=O,8.509833,10.400856,False,48,5,0.8,euclidean,random,StandardScaler_per_sample_dimension
COC1=CC=C(OPO)C=C1,8.3408575,-1.6632484,False,48,5,0.8,euclidean,random,StandardScaler_per_sample_dimension
O=COC1=C(Br)C=CC=C1Br,19.694628,16.76339,False,48,5,0.8,euclidean,random,StandardScaler_per_sample_dimension
CCCCCNC(=O)CCCP,8.16146,12.12314,False,48,5,0.8,euclidean,random,StandardScaler_per_sample_dimension
CCCCCNCCC(C)CP,8.342607,11.450654,False,48,5,0.8,euclidean,random,StandardScaler_per_sample_dimension
CCCCCNCCCCP=O,8.467204,10.062281,False,48,5,0.8,euclidean,random,StandardScaler_per_sample_dimension
CCCCNC(=O)CC(C)CP,9.28958,10.884591,False,48,5,0.8,euclidean,random,StandardScaler_per_sample_dimension
CCCCNC(=O)CCCP=O,9.086023,11.770431,False,48,5,0.8,euclidean,random,StandardScaler_per_sample_dimension
CCCCNCCC(C)CP=O,8.786002,11.162425,False,48,5,0.8,euclidean,random,StandardScaler_per_sample_dimension
CCCCNCCC(C=O)CP,8.034761,11.493997,False,48,5,0.8,euclidean,random,StandardScaler_per_sample_dimension
CCCNC(=O)CC(C)CP=O,9.929403,11.247703,False,48,5,0.8,euclidean,random,StandardScaler_per_sample_dimension
CCCNC(=O)CC(C=O)CP,8.190522,11.382707,False,48,5,0.8,euclidean,random,StandardScaler_per_sample_dimension
CCCNCCC(C=O)CP=O,8.620028,12.396991,False,48,5,0.8,euclidean,random,StandardScaler_per_sample_dimension
CCNC(=O)CC(C=O)CP=O,8.979725,12.116362,False,48,5,0.8,euclidean,random,StandardScaler_per_sample_dimension
COC1=CC=C(O[PH](=O)O)C=C1,8.095594,-1.9564313,False,48,5,0.8,euclidean,random,StandardScaler_per_sample_dimension
COCCOC1=CC=C(S)C=C1,-11.184967,-9.237939,False,48,5,0.8,euclidean,random,StandardScaler_per_sample_dimension
O=[N+]([O-])C1=CC=C(OPO)C=C1,9.151284,8.092128,False,48,5,0.8,euclidean,random,StandardScaler_per_sample_dimension
OCCCP(O)C1=CC=CC=C1,-1.7302375,27.471783,False,48,5,0.8,euclidean,random,StandardScaler_per_sample_dimension
CCCCCNC(=O)CC(C)CP,8.082208,11.765933,False,48,5,0.8,euclidean,random,StandardScaler_per_sample_dimension
CCCCCNC(=O)CCCP=O,8.269218,11.333975,False,48,5,0.8,euclidean,random,StandardScaler_per_sample_dimension
CCCCCNCCC(C)CP=O,9.225333,12.048227,False,48,5,0.8,euclidean,random,StandardScaler_per_sample_dimension
CCCCCNCCC(C=O)CP,9.019973,11.616899,False,48,5,0.8,euclidean,random,StandardScaler_per_sample_dimension
CCCCNC(=O)CC(C)CP=O,8.753834,11.8251,False,48,5,0.8,euclidean,random,StandardScaler_per_sample_dimension
CCCCNC(=O)CC(C=O)CP,7.70543,12.396619,False,48,5,0.8,euclidean,random,StandardScaler_per_sample_dimension
CCCCNCCC(C=O)CP=O,8.696869,12.245385,False,48,5,0.8,euclidean,random,StandardScaler_per_sample_dimension
CCCNC(=O)CC(C=O)CP=O,8.551826,10.946985,False,48,5,0.8,euclidean,random,StandardScaler_per_sample_dimension
O=C(O)CCP(O)C1=CC=CC=C1,-1.785405,27.551054,False,48,5,0.8,euclidean,random,StandardScaler_per_sample_dimension
O=P(O)(CCCO)C1=CC=CC=C1,-1.4879231,27.272093,False,48,5,0.8,euclidean,random,StandardScaler_per_sample_dimension
O=[N+]([O-])C1=CC=C(O[PH](=O)O)C=C1,9.186609,8.204687,False,48,5,0.8,euclidean,random,StandardScaler_per_sample_dimension
CCCCCNC(=O)CC(C)CP=O,8.571671,12.103197,False,48,5,0.8,euclidean,random,StandardScaler_per_sample_dimension
CCCCCNC(=O)CC(C=O)CP,8.85115,11.067246,False,48,5,0.8,euclidean,random,StandardScaler_per_sample_dimension
CCCCCNCCC(C=O)CP=O,7.9474363,11.843022,False,48,5,0.8,euclidean,random,StandardScaler_per_sample_dimension
CCCCNC(=O)CC(C=O)CP=O,7.4725924,12.049241,False,48,5,0.8,euclidean,random,StandardScaler_per_sample_dimension
COCCOC1=CC=C([SH](=O)=O)C=C1,-11.102795,-9.438398,False,48,5,0.8,euclidean,random,StandardScaler_per_sample_dimension
O=C(O)CCP(=O)(O)C1=CC=CC=C1,-1.5407951,27.273094,False,48,5,0.8,euclidean,random,StandardScaler_per_sample_dimension
FC(F)(F)C1=CC=C(C2=NC=CN2)C=C1,6.836454,-2.3633192,False,48,5,0.8,euclidean,random,StandardScaler_per_sample_dimension
NCC1=CC=C2CN(C3N=CCS3)CC2=C1,15.631806,-4.2222676,False,48,5,0.8,euclidean,random,StandardScaler_per_sample_dimension
CC1=CC=C(OPOC2=CC=C(Br)C=C2)C=C1,3.851684,-1.9087311,False,48,5,0.8,euclidean,random,StandardScaler_per_sample_dimension
CC1=CC=C(OPOC2=CC=C(C)C=C2)C=C1,7.3895373,-1.7136395,False,48,5,0.8,euclidean,random,StandardScaler_per_sample_dimension
CCCCP(C1=CC=CC=C1)C1=CC=CC=C1,-1.980218,-7.751087,False,48,5,0.8,euclidean,random,StandardScaler_per_sample_dimension
COC1=CC=C(OPOC2=CC=CC=C2)C=C1,8.065222,-1.9842311,False,48,5,0.8,euclidean,random,StandardScaler_per_sample_dimension
NC(=O)C1=CC=C2CN(C3N=CCS3)CC2=C1,15.798934,-4.0103083,False,48,5,0.8,euclidean,random,StandardScaler_per_sample_dimension
NCC1=CC=C2C(=O)N(C3N=CCS3)CC2=C1,15.7018385,-4.230337,False,48,5,0.8,euclidean,random,StandardScaler_per_sample_dimension
NCC1=CC=C2CN(C3N=CCS3)C(=O)C2=C1,15.574128,-4.0866017,False,48,5,0.8,euclidean,random,StandardScaler_per_sample_dimension
CC(F)C(F)C(F)CF,5.828107,-6.1888466,False,48,5,0.8,euclidean,random,StandardScaler_per_sample_dimension
FCCC(F)C(F)CF,5.857397,-6.2180195,False,48,5,0.8,euclidean,random,StandardScaler_per_sample_dimension
FCC(F)C(F)C(F)F,5.8348794,-6.0555477,False,48,5,0.8,euclidean,random,StandardScaler_per_sample_dimension
CC(F)C(F)CF,5.706099,-5.9118595,False,48,5,0.8,euclidean,random,StandardScaler_per_sample_dimension
FCCC(F)CF,5.804865,-5.975516,False,48,5,0.8,euclidean,random,StandardScaler_per_sample_dimension
FCC(F)C(F)CF,5.7771516,-5.7181673,False,48,5,0.8,euclidean,random,StandardScaler_per_sample_dimension
FCC(F)C(F)(F)CF,5.7270784,-5.7665043,False,48,5,0.8,euclidean,random,StandardScaler_per_sample_dimension
CCC(F)C(F)CF,5.630345,-5.3879166,False,48,5,0.8,euclidean,random,StandardScaler_per_sample_dimension
CC(F)C(F)CCF,5.4694963,-4.9117613,False,48,5,0.8,euclidean,random,StandardScaler_per_sample_dimension
CC(F)CC(F)CF,5.390939,-4.555671,False,48,5,0.8,euclidean,random,StandardScaler_per_sample_dimension
FCCCC(F)CF,5.553392,-4.6902056,False,48,5,0.8,euclidean,random,StandardScaler_per_sample_dimension
FCC(F)C(F)F,5.2422223,-4.4346037,False,48,5,0.8,euclidean,random,StandardScaler_per_sample_dimension
CCC(F)C(F)C(C)F,5.004218,-4.2035203,False,48,5,0.8,euclidean,random,StandardScaler_per_sample_dimension
CCC(F)C(F)CCF,5.295919,-4.403144,False,48,5,0.8,euclidean,random,StandardScaler_per_sample_dimension
FCC(F)CC(F)CF,5.067328,-4.2878437,False,48,5,0.8,euclidean,random,StandardScaler_per_sample_dimension
CC(F)CF,4.598599,-3.9191723,False,48,5,0.8,euclidean,random,StandardScaler_per_sample_dimension
FCC(F)CF,4.1441684,-3.5788093,False,48,5,0.8,euclidean,random,StandardScaler_per_sample_dimension
CC(F)C(F)C(F)F,4.3472905,-3.6791947,False,48,5,0.8,euclidean,random,StandardScaler_per_sample_dimension
FCC(F)CC(F)F,4.3586764,-3.439745,False,48,5,0.8,euclidean,random,StandardScaler_per_sample_dimension
FCCC(F)C(F)F,4.199139,-3.5764606,False,48,5,0.8,euclidean,random,StandardScaler_per_sample_dimension
CCC(F)CC(F)CF,4.295164,-3.7262826,False,48,5,0.8,euclidean,random,StandardScaler_per_sample_dimension
CCCC(F)C(F)CF,4.3927116,-3.742526,False,48,5,0.8,euclidean,random,StandardScaler_per_sample_dimension
CCC(F)CF,3.7024999,-3.366215,False,48,5,0.8,euclidean,random,StandardScaler_per_sample_dimension
CC(F)CCF,3.096487,-3.2932904,False,48,5,0.8,euclidean,random,StandardScaler_per_sample_dimension
CC(F)C(F)CCCF,2.7538033,-3.2659922,False,48,5,0.8,euclidean,random,StandardScaler_per_sample_dimension
CC(F)CC(F)C(C)F,3.3199894,-3.107481,False,48,5,0.8,euclidean,random,StandardScaler_per_sample_dimension
CC(F)CC(F)CCF,2.7927933,-3.3342183,False,48,5,0.8,euclidean,random,StandardScaler_per_sample_dimension
CCC(F)C(F)C(F)F,3.2733035,-3.074909,False,48,5,0.8,euclidean,random,StandardScaler_per_sample_dimension
FCCCC(F)CCF,2.923038,-3.5121226,False,48,5,0.8,euclidean,random,StandardScaler_per_sample_dimension
CC(F)(F)C(F)CF,2.9942946,-2.737856,False,48,5,0.8,euclidean,random,StandardScaler_per_sample_dimension
CC(F)C(F)(F)CF,2.8722656,-2.7945478,False,48,5,0.8,euclidean,random,StandardScaler_per_sample_dimension
FCCC(F)(F)CF,2.8933191,-2.931273,False,48,5,0.8,euclidean,random,StandardScaler_per_sample_dimension
CC(F)C(F)CC(F)F,3.0558252,-2.994529,False,48,5,0.8,euclidean,random,StandardScaler_per_sample_dimension
FCCC(F)CC(F)F,2.6380079,-3.155711,False,48,5,0.8,euclidean,random,StandardScaler_per_sample_dimension
CCC(F)C(C)F,2.4355314,-2.2712648,False,48,5,0.8,euclidean,random,StandardScaler_per_sample_dimension
CCC(F)CCF,2.3604896,-2.5064902,False,48,5,0.8,euclidean,random,StandardScaler_per_sample_dimension
CC(F)CC(F)C(F)F,2.1716907,-2.1116993,False,48,5,0.8,euclidean,random,StandardScaler_per_sample_dimension
CC(F)CCC(F)CF,2.316911,-2.1285677,False,48,5,0.8,euclidean,random,StandardScaler_per_sample_dimension
FCC(F)CCC(F)F,2.6990354,-2.5450704,False,48,5,0.8,euclidean,random,StandardScaler_per_sample_dimension
FCCCC(F)C(F)F,2.3689961,-2.5605636,False,48,5,0.8,euclidean,random,StandardScaler_per_sample_dimension
FCCCCC(F)CF,2.4356077,-2.749447,False,48,5,0.8,euclidean,random,StandardScaler_per_sample_dimension
FCC(C1=CC2=C(C=C1)CNC2)C(F)F,20.026882,19.778372,False,48,5,0.8,euclidean,random,StandardScaler_per_sample_dimension
FCC(C1=CC=C2CNCC2=C1)C(F)F,20.206747,19.768053,False,48,5,0.8,euclidean,random,StandardScaler_per_sample_dimension
CCCC(F)CF,2.1208282,-1.787999,False,48,5,0.8,euclidean,random,StandardScaler_per_sample_dimension
CCC(F)(F)C(F)CF,2.1289597,-1.8167119,False,48,5,0.8,euclidean,random,StandardScaler_per_sample_dimension
CCC(F)C(F)(F)CF,1.994274,-1.687896,False,48,5,0.8,euclidean,random,StandardScaler_per_sample_dimension
FCC(F)F,1.7642348,-1.2347238,False,48,5,0.8,euclidean,random,StandardScaler_per_sample_dimension
CC(F)CCCF,0.30582026,0.49094504,False,48,5,0.8,euclidean,random,StandardScaler_per_sample_dimension
CC(F)C(F)C(C)F,1.4431231,-0.6605655,False,48,5,0.8,euclidean,random,StandardScaler_per_sample_dimension
FCCC(F)CCF,0.31943998,0.29818317,False,48,5,0.8,euclidean,random,StandardScaler_per_sample_dimension
CC(F)(F)C(F)CCF,0.07930071,0.4355559,False,48,5,0.8,euclidean,random,StandardScaler_per_sample_dimension
CC(F)C(F)(F)CCF,0.256584,0.40984777,False,48,5,0.8,euclidean,random,StandardScaler_per_sample_dimension
CC(F)C(F)C(C)(F)F,1.4717003,-0.6922465,False,48,5,0.8,euclidean,random,StandardScaler_per_sample_dimension
FCCF,0.52396387,0.5412379,False,48,5,0.8,euclidean,random,StandardScaler_per_sample_dimension
CC(F)C(F)F,0.46766973,0.6408021,False,48,5,0.8,euclidean,random,StandardScaler_per_sample_dimension
CC(F)(F)CC(F)CF,0.46300822,0.8298584,False,48,5,0.8,euclidean,random,StandardScaler_per_sample_dimension
CC(F)CC(F)(F)CF,0.51209074,0.67987186,False,48,5,0.8,euclidean,random,StandardScaler_per_sample_dimension
FCCCC(F)(F)CF,0.21461004,0.75995255,False,48,5,0.8,euclidean,random,StandardScaler_per_sample_dimension
FCC(F)(F)C(F)F,0.023134202,1.134764,False,48,5,0.8,euclidean,random,StandardScaler_per_sample_dimension
FC(F)CC(F)C(F)F,-0.08363797,1.0803406,False,48,5,0.8,euclidean,random,StandardScaler_per_sample_dimension
CCC(F)C(F)F,-0.31619313,1.433541,False,48,5,0.8,euclidean,random,StandardScaler_per_sample_dimension
CCC(F)CC(C)F,-0.29566482,1.4727026,False,48,5,0.8,euclidean,random,StandardScaler_per_sample_dimension
CCC(F)CCCF,-0.7978184,1.6725091,False,48,5,0.8,euclidean,random,StandardScaler_per_sample_dimension
CCCC(F)C(C)F,-0.39699894,1.5292441,False,48,5,0.8,euclidean,random,StandardScaler_per_sample_dimension
CCCC(F)CCF,-1.0721735,1.4603136,False,48,5,0.8,euclidean,random,StandardScaler_per_sample_dimension
CC(F)(F)CF,-0.8046585,1.8842407,False,48,5,0.8,euclidean,random,StandardScaler_per_sample_dimension
CC(F)CC(F)F,-1.2820331,2.104658,False,48,5,0.8,euclidean,random,StandardScaler_per_sample_dimension
FCCCC(F)F,-1.0666234,1.8899567,False,48,5,0.8,euclidean,random,StandardScaler_per_sample_dimension
CCC(C)F,-1.2437456,2.251039,False,48,5,0.8,euclidean,random,StandardScaler_per_sample_dimension
CCCCF,-1.4291843,2.4601288,False,48,5,0.8,euclidean,random,StandardScaler_per_sample_dimension
FCC(F)(F)CF,-1.1973146,2.251805,False,48,5,0.8,euclidean,random,StandardScaler_per_sample_dimension
CCCCC(F)CF,-0.9462905,2.1671553,False,48,5,0.8,euclidean,random,StandardScaler_per_sample_dimension
CC(F)(F)C(F)C(F)F,-1.070754,2.1783857,False,48,5,0.8,euclidean,random,StandardScaler_per_sample_dimension
CC(F)C(F)(F)C(F)F,-1.036505,2.1127744,False,48,5,0.8,euclidean,random,StandardScaler_per_sample_dimension
FCC(F)(F)CC(F)F,-1.5156946,2.4419878,False,48,5,0.8,euclidean,random,StandardScaler_per_sample_dimension
FCCC(F)(F)C(F)F,-1.5369828,2.447284,False,48,5,0.8,euclidean,random,StandardScaler_per_sample_dimension
CC(CF)C1=CC2=C(C=C1)CNC2,19.978758,20.067738,False,48,5,0.8,euclidean,random,StandardScaler_per_sample_dimension
CC(CF)C1=CC=C2CNCC2=C1,20.104414,19.95071,False,48,5,0.8,euclidean,random,StandardScaler_per_sample_dimension
CC(C1=CC2=C(C=C1)CNC2)C(F)F,20.125168,20.005058,False,48,5,0.8,euclidean,random,StandardScaler_per_sample_dimension
CC(C1=CC=C2CNCC2=C1)C(F)F,19.905048,20.248575,False,48,5,0.8,euclidean,random,StandardScaler_per_sample_dimension
CC(CF)C1=CC2=C(C=C1)CNC2=O,19.95066,20.131378,False,48,5,0.8,euclidean,random,StandardScaler_per_sample_dimension
CC(CF)C1=CC=C2CNC(=O)C2=C1,20.05604,19.976852,False,48,5,0.8,euclidean,random,StandardScaler_per_sample_dimension
CC(C1=CC=C2CNC(=O)C2=C1)C(F)F,19.951088,20.141588,False,48,5,0.8,euclidean,random,StandardScaler_per_sample_dimension
CCC(F)(F)CF,-3.0973039,3.9319012,False,48,5,0.8,euclidean,random,StandardScaler_per_sample_dimension
CCC(F)CC(F)F,-1.9583604,2.9525363,False,48,5,0.8,euclidean,random,StandardScaler_per_sample_dimension
CC(F)C(C)F,-3.2630024,4.098615,False,48,5,0.8,euclidean,random,StandardScaler_per_sample_dimension
FCCCCF,-2.7683637,4.1222444,False,48,5,0.8,euclidean,random,StandardScaler_per_sample_dimension
CC(F)(F)CCF,-2.7518752,3.79882,False,48,5,0.8,euclidean,random,StandardScaler_per_sample_dimension
CC(F)C(C)(F)F,-3.1567307,4.0709,False,48,5,0.8,euclidean,random,StandardScaler_per_sample_dimension
CC(F)CCCCF,-2.6884763,4.1554155,False,48,5,0.8,euclidean,random,StandardScaler_per_sample_dimension
CCCC(F)C(F)F,-3.1829262,3.9632556,False,48,5,0.8,euclidean,random,StandardScaler_per_sample_dimension
CCCC(F)C(F)CC,-2.928457,3.9720669,False,48,5,0.8,euclidean,random,StandardScaler_per_sample_dimension
FCC(F)C(F)CCPC1=CC=CC=C1,-3.1387086,3.8292851,False,48,5,0.8,euclidean,random,StandardScaler_per_sample_dimension
CC(F)CCC(F)F,-3.2265,4.5274954,False,48,5,0.8,euclidean,random,StandardScaler_per_sample_dimension
FCCCCC(F)F,-2.819488,4.3586206,False,48,5,0.8,euclidean,random,StandardScaler_per_sample_dimension
CC(F)(F)C(F)(F)CF,-3.4186566,4.392281,False,48,5,0.8,euclidean,random,StandardScaler_per_sample_dimension
CCCC(C)F,-3.5738156,4.74273,False,48,5,0.8,euclidean,random,StandardScaler_per_sample_dimension
CCCCCF,-3.5863419,4.943596,False,48,5,0.8,euclidean,random,StandardScaler_per_sample_dimension
CCC(F)(F)C(C)F,-3.6542423,4.611691,False,48,5,0.8,euclidean,random,StandardScaler_per_sample_dimension
CCC(F)(F)CCF,-3.624884,5.093492,False,48,5,0.8,euclidean,random,StandardScaler_per_sample_dimension
CCC(F)C(C)(F)F,-3.694286,4.6867433,False,48,5,0.8,euclidean,random,StandardScaler_per_sample_dimension
FCC(CF)C1=CC2=C(C=C1)CNC2,11.670775,14.937419,False,48,5,0.8,euclidean,random,StandardScaler_per_sample_dimension
FCC(CF)C1=CC=C2CNCC2=C1,11.477225,15.115772,False,48,5,0.8,euclidean,random,StandardScaler_per_sample_dimension
O=C1NCC2=CC=C(C(CF)CF)C=C12,11.725138,14.982785,False,48,5,0.8,euclidean,random,StandardScaler_per_sample_dimension
CCCC(F)(F)CF,-4.1563115,6.339411,False,48,5,0.8,euclidean,random,StandardScaler_per_sample_dimension
CCC(F)CCC(F)F,-3.9629498,5.504188,False,48,5,0.8,euclidean,random,StandardScaler_per_sample_dimension
CCCC(F)CC(F)F,-3.8019922,5.363652,False,48,5,0.8,euclidean,random,StandardScaler_per_sample_dimension
CC(F)CC(C)F,-4.1294317,6.2283993,False,48,5,0.8,euclidean,random,StandardScaler_per_sample_dimension
CCCC(F)CC,-3.9816394,6.4646297,False,48,5,0.8,euclidean,random,StandardScaler_per_sample_dimension
FCCCCCF,14.877827,19.695923,False,48,5,0.8,euclidean,random,StandardScaler_per_sample_dimension
CC(F)(F)CCCF,-4.2044764,5.920838,False,48,5,0.8,euclidean,random,StandardScaler_per_sample_dimension
CC(F)CC(C)(F)F,-3.724356,6.466629,False,48,5,0.8,euclidean,random,StandardScaler_per_sample_dimension
CCC(F)C(F)CC,-4.1204967,6.262293,False,48,5,0.8,euclidean,random,StandardScaler_per_sample_dimension
FC(F)C(F)C(F)F,-4.0193257,6.3525324,False,48,5,0.8,euclidean,random,StandardScaler_per_sample_dimension
CC(F)C(F)(F)C(C)F,-3.9647505,6.6154413,False,48,5,0.8,euclidean,random,StandardScaler_per_sample_dimension
CCC(F)C(F)(F)CC,-4.215066,6.194263,False,48,5,0.8,euclidean,random,StandardScaler_per_sample_dimension
CCC(F)CCC(C)F,-3.8371394,6.4566035,False,48,5,0.8,euclidean,random,StandardScaler_per_sample_dimension
CCC(F)CCCCF,14.965683,19.505716,False,48,5,0.8,euclidean,random,StandardScaler_per_sample_dimension
CCCC(F)CC(C)F,-4.1457067,6.2646017,False,48,5,0.8,euclidean,random,StandardScaler_per_sample_dimension
CCCC(F)CCCF,15.09782,19.595547,False,48,5,0.8,euclidean,random,StandardScaler_per_sample_dimension
CCCCC(F)C(C)F,-3.927694,6.4364314,False,48,5,0.8,euclidean,random,StandardScaler_per_sample_dimension
CCCCC(F)C(F)F,-4.1311665,6.5444527,False,48,5,0.8,euclidean,random,StandardScaler_per_sample_dimension
CCCCC(F)CCF,15.082835,19.583273,False,48,5,0.8,euclidean,random,StandardScaler_per_sample_dimension
FCCC(F)(F)CCF,14.900804,19.475985,False,48,5,0.8,euclidean,random,StandardScaler_per_sample_dimension
FCC1=CC(PC2=CC=CC=C2)=CC=C1,-6.341819,18.642431,False,48,5,0.8,euclidean,random,StandardScaler_per_sample_dimension
FC(F)C1=CC(PC2=CC=CC=C2)=CC=C1,-6.326122,18.677597,False,48,5,0.8,euclidean,random,StandardScaler_per_sample_dimension
O=[PH](C1=CC=CC=C1)C1=CC=CC(CF)=C1,-6.2179,18.550594,False,48,5,0.8,euclidean,random,StandardScaler_per_sample_dimension
O=[PH](C1=CC=CC=C1)C1=CC=CC(C(F)F)=C1,-6.177592,18.531881,False,48,5,0.8,euclidean,random,StandardScaler_per_sample_dimension
CC(F)(F)C(F)F,-10.0795765,9.256931,False,48,5,0.8,euclidean,random,StandardScaler_per_sample_dimension
CC(F)CCCC(F)F,-9.607468,8.918316,False,48,5,0.8,euclidean,random,StandardScaler_per_sample_dimension
FCCCCCC(F)F,14.809932,19.499462,False,48,5,0.8,euclidean,random,StandardScaler_per_sample_dimension
CCCC(F)F,-10.184562,8.947447,False,48,5,0.8,euclidean,random,StandardScaler_per_sample_dimension
CC(C)F,-10.54915,9.175162,False,48,5,0.8,euclidean,random,StandardScaler_per_sample_dimension
CCCCC(C)F,-10.425788,9.232089,False,48,5,0.8,euclidean,random,StandardScaler_per_sample_dimension
CCCCCCF,-1.6968805,-12.577345,False,48,5,0.8,euclidean,random,StandardScaler_per_sample_dimension
CCC(F)(F)C(F)F,-10.794335,9.116319,False,48,5,0.8,euclidean,random,StandardScaler_per_sample_dimension
CCC(F)(F)CC(C)F,-10.710177,8.919371,False,48,5,0.8,euclidean,random,StandardScaler_per_sample_dimension
CCC(F)(F)CCCF,-1.5876905,-12.60728,False,48,5,0.8,euclidean,random,StandardScaler_per_sample_dimension
CCC(F)CC(C)(F)F,-10.716253,9.361679,False,48,5,0.8,euclidean,random,StandardScaler_per_sample_dimension
CCCC(F)(F)C(C)F,-10.571797,9.045356,False,48,5,0.8,euclidean,random,StandardScaler_per_sample_dimension
CCCC(F)(F)CCF,-1.612794,-12.537731,False,48,5,0.8,euclidean,random,StandardScaler_per_sample_dimension
CCCC(F)C(C)(F)F,-10.713472,9.080309,False,48,5,0.8,euclidean,random,StandardScaler_per_sample_dimension
CCCCCC(F)CF,-10.5186205,9.080847,False,48,5,0.8,euclidean,random,StandardScaler_per_sample_dimension
CC(F)(F)CC(F)F,-1.3079714,-12.619257,False,48,5,0.8,euclidean,random,StandardScaler_per_sample_dimension
CCC(C)(F)F,-0.90651035,-12.708841,False,48,5,0.8,euclidean,random,StandardScaler_per_sample_dimension
CCCCC(F)(F)CF,-0.807277,-12.640795,False,48,5,0.8,euclidean,random,StandardScaler_per_sample_dimension
FCCC1=CC2=C(C=C1)CNC2,11.821379,14.865407,False,48,5,0.8,euclidean,random,StandardScaler_per_sample_dimension
FCCC1=CC=C2CNCC2=C1,11.895153,14.662394,False,48,5,0.8,euclidean,random,StandardScaler_per_sample_dimension
FC(F)CC1=CC2=C(C=C1)CNC2,12.077419,14.89664,False,48,5,0.8,euclidean,random,StandardScaler_per_sample_dimension
FC(F)CC1=CC=C2CNCC2=C1,11.815566,14.873293,False,48,5,0.8,euclidean,random,StandardScaler_per_sample_dimension
O=C1NCC2=C1C=C(CCF)C=C2,11.963755,14.728129,False,48,5,0.8,euclidean,random,StandardScaler_per_sample_dimension
O=C1NCC2=C1C=CC(CCF)=C2,11.8837805,14.868306,False,48,5,0.8,euclidean,random,StandardScaler_per_sample_dimension
O=C1NCC2=CC(CCF)=CC=C12,12.009018,14.707173,False,48,5,0.8,euclidean,random,StandardScaler_per_sample_dimension
O=C1NCC2=CC=C(CCF)C=C12,12.050123,14.571531,False,48,5,0.8,euclidean,random,StandardScaler_per_sample_dimension
O=C1NCC2=C1C=C(CC(F)F)C=C2,11.762064,14.875627,False,48,5,0.8,euclidean,random,StandardScaler_per_sample_dimension
O=C1NCC2=CC=C(CC(F)F)C=C12,12.091704,14.480902,False,48,5,0.8,euclidean,random,StandardScaler_per_sample_dimension
CCCCC(F)F,-0.19843556,-12.776506,False,48,5,0.8,euclidean,random,StandardScaler_per_sample_dimension
CCC(F)(F)CC(F)F,-0.07349293,-13.193713,False,48,5,0.8,euclidean,random,StandardScaler_per_sample_dimension
CCC(F)CC,0.24974173,-12.626502,False,48,5,0.8,euclidean,random,StandardScaler_per_sample_dimension
CC(F)CCC(C)F,0.33150086,-12.397577,False,48,5,0.8,euclidean,random,StandardScaler_per_sample_dimension
CCCCC(F)CC,0.6177352,-12.710411,False,48,5,0.8,euclidean,random,StandardScaler_per_sample_dimension
FCCCCCCF,-0.46355692,-13.291251,False,48,5,0.8,euclidean,random,StandardScaler_per_sample_dimension
CC(F)(F)CCCCF,-0.5315513,-13.179072,False,48,5,0.8,euclidean,random,StandardScaler_per_sample_dimension
CC(F)CCC(C)(F)F,0.5295532,-12.863475,False,48,5,0.8,euclidean,random,StandardScaler_per_sample_dimension
CC(F)CCCCCF,-0.5592563,-13.159781,False,48,5,0.8,euclidean,random,StandardScaler_per_sample_dimension
CCC(F)CC(F)CC,0.2780982,-12.897185,False,48,5,0.8,euclidean,random,StandardScaler_per_sample_dimension
CCCC(F)(F)C(F)F,0.06754513,-12.310671,False,48,5,0.8,euclidean,random,StandardScaler_per_sample_dimension
FCC(F)C(F)CCP,0.22355196,-14.09259,False,48,5,0.8,euclidean,random,StandardScaler_per_sample_dimension
FCC(F)CCPC1=CC=CC=C1,0.21566184,-12.331039,False,48,5,0.8,euclidean,random,StandardScaler_per_sample_dimension
CC(F)C(F)CCPC1=CC=CC=C1,0.21472241,-12.44433,False,48,5,0.8,euclidean,random,StandardScaler_per_sample_dimension
FCC(F)CCCPC1=CC=CC=C1,0.26439363,-14.1168375,False,48,5,0.8,euclidean,random,StandardScaler_per_sample_dimension
FCCC(F)CCPC1=CC=CC=C1,0.34210354,-12.392806,False,48,5,0.8,euclidean,random,StandardScaler_per_sample_dimension
O=[PH](CCC(F)CF)C1=CC=CC=C1,0.46927032,-12.720444,False,48,5,0.8,euclidean,random,StandardScaler_per_sample_dimension
CC(F)C(F)CCCPC1=CC=CC=C1,0.39406168,-13.026781,False,48,5,0.8,euclidean,random,StandardScaler_per_sample_dimension
CC(F)C(F)CC[PH](=O)C1=CC=CC=C1,0.38818005,-12.602889,False,48,5,0.8,euclidean,random,StandardScaler_per_sample_dimension
CC(F)CC(F)CCPC1=CC=CC=C1,0.3702712,-14.056256,False,48,5,0.8,euclidean,random,StandardScaler_per_sample_dimension
CCC(F)C(F)CCPC1=CC=CC=C1,0.13330302,-13.940596,False,48,5,0.8,euclidean,random,StandardScaler_per_sample_dimension
FCC(F)CCCCPC1=CC=CC=C1,0.19889562,-14.228094,False,48,5,0.8,euclidean,random,StandardScaler_per_sample_dimension
FCCC(F)CCCPC1=CC=CC=C1,0.22365816,-14.155751,False,48,5,0.8,euclidean,random,StandardScaler_per_sample_dimension
FCCCC(F)CCPC1=CC=CC=C1,0.5579673,-12.689249,False,48,5,0.8,euclidean,random,StandardScaler_per_sample_dimension
O=[PH](CCC(F)CCF)C1=CC=CC=C1,0.36839864,-12.369767,False,48,5,0.8,euclidean,random,StandardScaler_per_sample_dimension
O=[PH](CCCC(F)CF)C1=CC=CC=C1,0.3128665,-12.822172,False,48,5,0.8,euclidean,random,StandardScaler_per_sample_dimension
CC(F)(F)CCC(F)F,-0.9799006,-13.403783,False,48,5,0.8,euclidean,random,StandardScaler_per_sample_dimension
FC(F)C(F)F,-1.1642939,-13.652272,False,48,5,0.8,euclidean,random,StandardScaler_per_sample_dimension
CCCC(C)(F)F,-1.1763719,-13.614863,False,48,5,0.8,euclidean,random,StandardScaler_per_sample_dimension
CCC(F)(F)C(C)(F)F,-1.1971413,-13.576928,False,48,5,0.8,euclidean,random,StandardScaler_per_sample_dimension
CCCCCC(F)F,15.230777,15.350515,False,48,5,0.8,euclidean,random,StandardScaler_per_sample_dimension
CCCC(F)(F)CC,15.253673,15.297632,False,48,5,0.8,euclidean,random,StandardScaler_per_sample_dimension
CCCCCC(C)F,15.187626,15.49327,False,48,5,0.8,euclidean,random,StandardScaler_per_sample_dimension
CCCCCCCF,14.978879,15.656803,False,48,5,0.8,euclidean,random,StandardScaler_per_sample_dimension
FC(F)C(F)(F)C(F)F,15.272303,15.36058,False,48,5,0.8,euclidean,random,StandardScaler_per_sample_dimension
FCC1=CC(P)=CC=C1,-5.94771,18.124086,False,48,5,0.8,euclidean,random,StandardScaler_per_sample_dimension
FC(F)C1=CC(P)=CC=C1,-6.108399,18.295364,False,48,5,0.8,euclidean,random,StandardScaler_per_sample_dimension
O=PC1=CC=CC(CF)=C1,-5.8880954,18.119291,False,48,5,0.8,euclidean,random,StandardScaler_per_sample_dimension
O=PC1=CC=CC(C(F)F)=C1,-5.8482566,18.035805,False,48,5,0.8,euclidean,random,StandardScaler_per_sample_dimension
CC(C1=CC2=C(C=C1)CNC2)C(F)(F)F,12.125389,-4.5637865,False,48,5,0.8,euclidean,random,StandardScaler_per_sample_dimension
CC(C1=CC=C2CNCC2=C1)C(F)(F)F,12.129406,-4.5990615,False,48,5,0.8,euclidean,random,StandardScaler_per_sample_dimension
CC1=CC(PC2=CC=CC(CF)=C2)=CC=C1,-5.888137,18.130629,False,48,5,0.8,euclidean,random,StandardScaler_per_sample_dimension
OC1=CC=C(PC2=CC=CC(CF)=C2)C=C1,-5.677785,17.957123,False,48,5,0.8,euclidean,random,StandardScaler_per_sample_dimension
OC1=CC=C(PC2=CC=CC=C2)C=C1CF,-5.69066,17.896255,False,48,5,0.8,euclidean,random,StandardScaler_per_sample_dimension
O=[PH](C1=CC=CC=C1)C1=CC=C(O)C(CF)=C1,-6.0900927,18.375944,False,48,5,0.8,euclidean,random,StandardScaler_per_sample_dimension
OC1=CC=C(PC2=CC=CC=C2)C=C1C(F)F,-6.10016,17.96008,False,48,5,0.8,euclidean,random,StandardScaler_per_sample_dimension
FC(F)CCC(F)F,14.682433,16.01475,False,48,5,0.8,euclidean,random,StandardScaler_per_sample_dimension
CCC1=CC(Br)=C(OC=O)C=C1,27.967705,-9.285449,False,48,5,0.8,euclidean,random,StandardScaler_per_sample_dimension
CCC1=CC=C(OC=O)C(Br)=C1,27.882505,-9.20641,False,48,5,0.8,euclidean,random,StandardScaler_per_sample_dimension
CCBr,-17.507797,6.3723874,False,48,5,0.8,euclidean,random,StandardScaler_per_sample_dimension
CC(C)(F)F,14.432058,16.325233,False,48,5,0.8,euclidean,random,StandardScaler_per_sample_dimension
CNCPOC,-4.521236,9.52719,False,48,5,0.8,euclidean,random,StandardScaler_per_sample_dimension
CNC[PH](=O)OC,-4.424313,9.492964,False,48,5,0.8,euclidean,random,StandardScaler_per_sample_dimension
CCCCC(C)(F)F,14.447672,16.333069,False,48,5,0.8,euclidean,random,StandardScaler_per_sample_dimension
CC(C)C1=CC(Br)=C(OC=O)C=C1,28.12337,-9.440636,False,48,5,0.8,euclidean,random,StandardScaler_per_sample_dimension
CC(C)C1=CC=C(OC=O)C(Br)=C1,28.010315,-9.328444,False,48,5,0.8,euclidean,random,StandardScaler_per_sample_dimension
CCCCCCC(F)F,13.834624,17.080128,False,48,5,0.8,euclidean,random,StandardScaler_per_sample_dimension
FC(F)CCCC(F)F,14.138922,16.790415,False,48,5,0.8,euclidean,random,StandardScaler_per_sample_dimension
CCCBr,12.680066,23.574753,False,48,5,0.8,euclidean,random,StandardScaler_per_sample_dimension
CCCCBr,-17.583145,6.3831205,False,48,5,0.8,euclidean,random,StandardScaler_per_sample_dimension
CCCCCBr,12.875655,23.74851,False,48,5,0.8,euclidean,random,StandardScaler_per_sample_dimension
CCC(F)(F)CC,13.33122,17.055979,False,48,5,0.8,euclidean,random,StandardScaler_per_sample_dimension
CCCCCCBr,12.815853,23.828176,False,48,5,0.8,euclidean,random,StandardScaler_per_sample_dimension
FCC(F)CCP,14.222937,17.392967,False,48,5,0.8,euclidean,random,StandardScaler_per_sample_dimension
CC(F)(F)C(C)(F)F,14.464351,16.917206,False,48,5,0.8,euclidean,random,StandardScaler_per_sample_dimension
CC(F)C(F)CCP,14.099741,17.884775,False,48,5,0.8,euclidean,random,StandardScaler_per_sample_dimension
CCCC(F)CCC,13.365418,18.010899,False,48,5,0.8,euclidean,random,StandardScaler_per_sample_dimension
CCCCCCCBr,-17.441505,6.30932,False,48,5,0.8,euclidean,random,StandardScaler_per_sample_dimension
FCC(F)C(F)(F)F,13.531627,17.91707,False,48,5,0.8,euclidean,random,StandardScaler_per_sample_dimension
FCC(F)CCCP,14.394624,16.765436,False,48,5,0.8,euclidean,random,StandardScaler_per_sample_dimension
FCCC(F)CCP,14.080864,17.21717,False,48,5,0.8,euclidean,random,StandardScaler_per_sample_dimension
O=PCCC(F)CF,13.763795,16.385014,False,48,5,0.8,euclidean,random,StandardScaler_per_sample_dimension
CC(F)C(F)C(F)(F)F,14.594609,17.949186,False,48,5,0.8,euclidean,random,StandardScaler_per_sample_dimension
CC(F)C(F)CCCP,13.927347,17.233875,False,48,5,0.8,euclidean,random,StandardScaler_per_sample_dimension
CC(F)C(F)CCP=O,14.538202,17.737041,False,48,5,0.8,euclidean,random,StandardScaler_per_sample_dimension
CC(F)CC(F)CCP,13.820751,15.938762,False,48,5,0.8,euclidean,random,StandardScaler_per_sample_dimension
CC(F)CCCC(C)F,14.588485,17.807503,False,48,5,0.8,euclidean,random,StandardScaler_per_sample_dimension
CC1=CC=C([SH]=O)C=C1,23.684898,-3.7183094,False,48,5,0.8,euclidean,random,StandardScaler_per_sample_dimension
CCC(F)C(F)CCP,12.540411,16.16021,False,48,5,0.8,euclidean,random,StandardScaler_per_sample_dimension
CCCCC(F)(F)CC,12.75066,16.316868,False,48,5,0.8,euclidean,random,StandardScaler_per_sample_dimension
CCCCC(F)CCC,12.960493,17.480995,False,48,5,0.8,euclidean,random,StandardScaler_per_sample_dimension
CCCCCC(F)CC,12.747687,17.323803,False,48,5,0.8,euclidean,random,StandardScaler_per_sample_dimension
CCCCCCCCBr,-17.515465,6.3422236,False,48,5,0.8,euclidean,random,StandardScaler_per_sample_dimension
CCCCCCCCF,14.128376,17.142092,False,48,5,0.8,euclidean,random,StandardScaler_per_sample_dimension
FCC(F)CC(F)(F)F,13.481242,18.249464,False,48,5,0.8,euclidean,random,StandardScaler_per_sample_dimension
FCC(F)CCCCP,14.865071,17.867538,False,48,5,0.8,euclidean,random,StandardScaler_per_sample_dimension
FCCC(F)C(F)(F)F,12.610402,17.365314,False,48,5,0.8,euclidean,random,StandardScaler_per_sample_dimension
FCCC(F)CCCP,12.719584,17.559046,False,48,5,0.8,euclidean,random,StandardScaler_per_sample_dimension
FCCCC(F)CCP,12.679347,16.46869,False,48,5,0.8,euclidean,random,StandardScaler_per_sample_dimension
O=PCCC(F)CCF,13.73492,17.024271,False,48,5,0.8,euclidean,random,StandardScaler_per_sample_dimension
O=PCCCC(F)CF,13.902572,17.042757,False,48,5,0.8,euclidean,random,StandardScaler_per_sample_dimension
CCCCCCCCCBr,-17.636078,6.1951723,False,48,5,0.8,euclidean,random,StandardScaler_per_sample_dimension
O=CC1=CC=C([SH]=O)C=C1,23.931936,-3.867401,False,48,5,0.8,euclidean,random,StandardScaler_per_sample_dimension
CCCCCCCCCCBr,12.815095,23.708012,False,48,5,0.8,euclidean,random,StandardScaler_per_sample_dimension
FCCCPC1=CC=CC=C1,14.623459,16.682215,False,48,5,0.8,euclidean,random,StandardScaler_per_sample_dimension
CC(F)CCPC1=CC=CC=C1,13.964824,18.33487,False,48,5,0.8,euclidean,random,StandardScaler_per_sample_dimension
CCCCCCCCCCCBr,12.749705,23.664656,False,48,5,0.8,euclidean,random,StandardScaler_per_sample_dimension
FCCCCPC1=CC=CC=C1,14.1379385,17.94908,False,48,5,0.8,euclidean,random,StandardScaler_per_sample_dimension
O=[PH](CCCF)C1=CC=CC=C1,12.540465,17.345257,False,48,5,0.8,euclidean,random,StandardScaler_per_sample_dimension
CC(F)CCCPC1=CC=CC=C1,14.913012,17.989767,False,48,5,0.8,euclidean,random,StandardScaler_per_sample_dimension
CC(F)CC[PH](=O)C1=CC=CC=C1,12.638071,16.228497,False,48,5,0.8,euclidean,random,StandardScaler_per_sample_dimension
CCC(F)CCPC1=CC=CC=C1,14.5528,17.636879,False,48,5,0.8,euclidean,random,StandardScaler_per_sample_dimension
CCCCCCCCCCCCBr,12.894064,23.523714,False,48,5,0.8,euclidean,random,StandardScaler_per_sample_dimension
CPC1=CC=CC(N2CCC2=O)=C1,13.829756,16.867445,False,48,5,0.8,euclidean,random,StandardScaler_per_sample_dimension
FCCCCCPC1=CC=CC=C1,14.711122,16.790401,False,48,5,0.8,euclidean,random,StandardScaler_per_sample_dimension
O=[PH](CCCCF)C1=CC=CC=C1,13.609351,15.978462,False,48,5,0.8,euclidean,random,StandardScaler_per_sample_dimension
CC(F)CCCCPC1=CC=CC=C1,14.411657,16.83576,False,48,5,0.8,euclidean,random,StandardScaler_per_sample_dimension
CC(F)CCC[PH](=O)C1=CC=CC=C1,13.731087,18.15907,False,48,5,0.8,euclidean,random,StandardScaler_per_sample_dimension
CCC(F)CCCPC1=CC=CC=C1,12.561985,17.380436,False,48,5,0.8,euclidean,random,StandardScaler_per_sample_dimension
CCC(F)CC[PH](=O)C1=CC=CC=C1,14.027568,17.339617,False,48,5,0.8,euclidean,random,StandardScaler_per_sample_dimension
CCCC(F)CCPC1=CC=CC=C1,13.604126,16.198605,False,48,5,0.8,euclidean,random,StandardScaler_per_sample_dimension
CCCCCCCCCCCCCBr,-17.524977,6.3559823,False,48,5,0.8,euclidean,random,StandardScaler_per_sample_dimension
C[PH](=O)C1=CC=CC(N2CCC2=O)=C1,12.426136,16.195536,False,48,5,0.8,euclidean,random,StandardScaler_per_sample_dimension
FC(F)C(F)CCPC1=CC=CC=C1,12.59882,16.15533,False,48,5,0.8,euclidean,random,StandardScaler_per_sample_dimension
FCC(F)(F)CCPC1=CC=CC=C1,12.835889,17.089024,False,48,5,0.8,euclidean,random,StandardScaler_per_sample_dimension
FCCCCCCPC1=CC=CC=C1,13.536202,17.828772,False,48,5,0.8,euclidean,random,StandardScaler_per_sample_dimension
O=[PH](CCCCCF)C1=CC=CC=C1,13.804009,15.895425,False,48,5,0.8,euclidean,random,StandardScaler_per_sample_dimension
CC(F)(F)C(F)CCPC1=CC=CC=C1,14.575179,16.665524,False,48,5,0.8,euclidean,random,StandardScaler_per_sample_dimension
CC(F)C(F)(F)CCPC1=CC=CC=C1,14.781398,17.892397,False,48,5,0.8,euclidean,random,StandardScaler_per_sample_dimension
CC(F)CCCCCPC1=CC=CC=C1,12.504394,16.13679,False,48,5,0.8,euclidean,random,StandardScaler_per_sample_dimension
CC(F)CCCC[PH](=O)C1=CC=CC=C1,13.863751,17.892012,False,48,5,0.8,euclidean,random,StandardScaler_per_sample_dimension
CC1=CC=C(S(=O)C2=CC=CC=C2)C=C1,23.989527,-3.9404027,False,48,5,0.8,euclidean,random,StandardScaler_per_sample_dimension
CCC(F)CCCCPC1=CC=CC=C1,12.610352,17.4938,False,48,5,0.8,euclidean,random,StandardScaler_per_sample_dimension
CCC(F)CCC[PH](=O)C1=CC=CC=C1,12.562051,17.440891,False,48,5,0.8,euclidean,random,StandardScaler_per_sample_dimension
CCCC(F)CCCPC1=CC=CC=C1,12.553999,17.355518,False,48,5,0.8,euclidean,random,StandardScaler_per_sample_dimension
CCCC(F)CC[PH](=O)C1=CC=CC=C1,12.650831,16.147448,False,48,5,0.8,euclidean,random,StandardScaler_per_sample_dimension
CCCCC(F)CCPC1=CC=CC=C1,14.884712,17.943474,False,48,5,0.8,euclidean,random,StandardScaler_per_sample_dimension
CCCCCCCCCCCCCCBr,-17.531584,6.3468637,False,48,5,0.8,euclidean,random,StandardScaler_per_sample_dimension
FC(F)C(F)CCCPC1=CC=CC=C1,13.295596,16.671087,False,48,5,0.8,euclidean,random,StandardScaler_per_sample_dimension
FC(F)CC(F)CCPC1=CC=CC=C1,13.754598,15.978882,False,48,5,0.8,euclidean,random,StandardScaler_per_sample_dimension
FCC(F)(F)CCCPC1=CC=CC=C1,13.738119,18.251806,False,48,5,0.8,euclidean,random,StandardScaler_per_sample_dimension
FCCC(F)(F)CCPC1=CC=CC=C1,13.943925,18.010881,False,48,5,0.8,euclidean,random,StandardScaler_per_sample_dimension
FCCCCCCCPC1=CC=CC=C1,13.4736395,17.814568,False,48,5,0.8,euclidean,random,StandardScaler_per_sample_dimension
O=[PH](CCC(F)(F)CF)C1=CC=CC=C1,13.322936,17.752321,False,48,5,0.8,euclidean,random,StandardScaler_per_sample_dimension
O=[PH](CCC(F)C(F)F)C1=CC=CC=C1,13.679635,18.102955,False,48,5,0.8,euclidean,random,StandardScaler_per_sample_dimension
O=[PH](CCCCCCF)C1=CC=CC=C1,13.922417,17.393454,False,48,5,0.8,euclidean,random,StandardScaler_per_sample_dimension
O=CC1=CC=C(S(=O)C2=CC=CC=C2)C=C1,23.839853,-3.7675824,False,48,5,0.8,euclidean,random,StandardScaler_per_sample_dimension
FC(F)(F)C1=CC(PC2=CC=CC=C2)=CC=C1,-5.358634,-14.786389,False,48,5,0.8,euclidean,random,StandardScaler_per_sample_dimension
CC1COP(N)OC1,-8.607692,-15.0337925,False,48,5,0.8,euclidean,random,StandardScaler_per_sample_dimension
CC1COP(N)(=O)OC1,-8.628209,-14.756105,False,48,5,0.8,euclidean,random,StandardScaler_per_sample_dimension
CC1COP(NC2=CC=CC=C2)OC1,-8.459159,-13.1538725,False,48,5,0.8,euclidean,random,StandardScaler_per_sample_dimension
NC1=CC=C(PC2=CC=CC=C2)C=C1,9.076733,1.9169769,False,48,5,0.8,euclidean,random,StandardScaler_per_sample_dimension
CC1COP(=O)(NC2=CC=CC=C2)OC1,-8.622177,-13.278628,False,48,5,0.8,euclidean,random,StandardScaler_per_sample_dimension
NC1=CC=C([PH](=O)C2=CC=CC=C2)C=C1,9.13339,1.9613564,False,48,5,0.8,euclidean,random,StandardScaler_per_sample_dimension
BrCBr,-2.511333,-1.8546435,False,48,5,0.8,euclidean,random,StandardScaler_per_sample_dimension
BrCCBr,-0.64432096,16.591642,False,48,5,0.8,euclidean,random,StandardScaler_per_sample_dimension
CC(Br)Br,-1.2558954,15.790149,False,48,5,0.8,euclidean,random,StandardScaler_per_sample_dimension
BrCC(Br)Br,-0.9117575,16.189695,False,48,5,0.8,euclidean,random,StandardScaler_per_sample_dimension
CC(Br)CBr,-2.6681907,-1.8969017,False,48,5,0.8,euclidean,random,StandardScaler_per_sample_dimension
CCC(Br)Br,-0.91009253,16.33758,False,48,5,0.8,euclidean,random,StandardScaler_per_sample_dimension
COPCN,-4.6740723,10.030469,False,48,5,0.8,euclidean,random,StandardScaler_per_sample_dimension
CC(Br)C(Br)Br,-1.6157674,15.553001,False,48,5,0.8,euclidean,random,StandardScaler_per_sample_dimension
CCC(Br)CBr,-2.3009958,16.901596,False,48,5,0.8,euclidean,random,StandardScaler_per_sample_dimension
CCCC(Br)Br,-0.6673549,16.530624,False,48,5,0.8,euclidean,random,StandardScaler_per_sample_dimension
CO[PH](=O)CN,-4.5185213,9.773143,False,48,5,0.8,euclidean,random,StandardScaler_per_sample_dimension
CCC(Br)C(Br)Br,-0.97240454,16.486,False,48,5,0.8,euclidean,random,StandardScaler_per_sample_dimension
CCCC(Br)CBr,-0.77559435,16.497252,False,48,5,0.8,euclidean,random,StandardScaler_per_sample_dimension
CCCCC(Br)Br,-2.4421132,17.010368,False,48,5,0.8,euclidean,random,StandardScaler_per_sample_dimension
CCCC(Br)C(Br)Br,-2.4727714,17.06009,False,48,5,0.8,euclidean,random,StandardScaler_per_sample_dimension
CCCCC(Br)CBr,-0.88905334,16.396109,False,48,5,0.8,euclidean,random,StandardScaler_per_sample_dimension
CCCCCC(Br)Br,-2.425668,16.759258,False,48,5,0.8,euclidean,random,StandardScaler_per_sample_dimension
CC(F)(F)CC(C)(F)F,-10.018274,-1.4881217,False,48,5,0.8,euclidean,random,StandardScaler_per_sample_dimension
CCCCC(Br)C(Br)Br,-2.607569,-2.064699,False,48,5,0.8,euclidean,random,StandardScaler_per_sample_dimension
CCCCCC(Br)CBr,-1.6757486,15.276711,False,48,5,0.8,euclidean,random,StandardScaler_per_sample_dimension
CCCCCC(C)(F)F,-9.620793,-1.0802103,False,48,5,0.8,euclidean,random,StandardScaler_per_sample_dimension
CCCCCCC(Br)Br,-0.76260626,16.322077,False,48,5,0.8,euclidean,random,StandardScaler_per_sample_dimension
CCCCCC(Br)C(Br)Br,-2.0615702,16.7954,False,48,5,0.8,euclidean,random,StandardScaler_per_sample_dimension
CCCCCCC(Br)CBr,-0.71609575,16.484749,False,48,5,0.8,euclidean,random,StandardScaler_per_sample_dimension
CCCCCCCC(Br)Br,-1.6081951,15.447134,False,48,5,0.8,euclidean,random,StandardScaler_per_sample_dimension
CNCC1=CC(S)=CC=C1,21.558123,-8.980207,False,48,5,0.8,euclidean,random,StandardScaler_per_sample_dimension
CNCC1=CC=CC(S)=C1,21.696379,-8.864139,False,48,5,0.8,euclidean,random,StandardScaler_per_sample_dimension
OC1=CC=C(P)C=C1CF,-5.399301,-15.042712,False,48,5,0.8,euclidean,random,StandardScaler_per_sample_dimension
CCCCCCC(Br)C(Br)Br,-0.82781976,16.434965,False,48,5,0.8,euclidean,random,StandardScaler_per_sample_dimension
CCCCCCCC(Br)CBr,-2.56743,-2.1040864,False,48,5,0.8,euclidean,random,StandardScaler_per_sample_dimension
CCCCCCCCC(Br)Br,-2.334631,16.995699,False,48,5,0.8,euclidean,random,StandardScaler_per_sample_dimension
O=PC1=CC=C(O)C(CF)=C1,-5.354568,-15.4870405,False,48,5,0.8,euclidean,random,StandardScaler_per_sample_dimension
OC1=CC=C(P)C=C1C(F)F,-5.2515035,-15.513101,False,48,5,0.8,euclidean,random,StandardScaler_per_sample_dimension
CCCCCCCC(Br)C(Br)Br,-1.62867,15.425356,False,48,5,0.8,euclidean,random,StandardScaler_per_sample_dimension
CCCCCCCCC(Br)CBr,-1.6979825,15.162552,False,48,5,0.8,euclidean,random,StandardScaler_per_sample_dimension
CCCCCCCCCC(Br)Br,-1.332871,16.395256,False,48,5,0.8,euclidean,random,StandardScaler_per_sample_dimension
O=PC1=CC=C(O)C(C(F)F)=C1,-5.096117,-15.2707815,False,48,5,0.8,euclidean,random,StandardScaler_per_sample_dimension
CCCCCCCCC(Br)C(Br)Br,-1.8764763,15.542547,False,48,5,0.8,euclidean,random,StandardScaler_per_sample_dimension
CCCCCCCCCC(Br)CBr,-1.169116,16.067955,False,48,5,0.8,euclidean,random,StandardScaler_per_sample_dimension
CCCCCCCCCCC(Br)Br,-2.631849,-2.24927,False,48,5,0.8,euclidean,random,StandardScaler_per_sample_dimension
CCCCCCCCCC(Br)C(Br)Br,-2.5921814,-2.0188825,False,48,5,0.8,euclidean,random,StandardScaler_per_sample_dimension
CCCCCCCCCCC(Br)CBr,-1.7625641,15.404459,False,48,5,0.8,euclidean,random,StandardScaler_per_sample_dimension
CCCCCCCCCCCC(Br)Br,-1.5978973,15.281469,False,48,5,0.8,euclidean,random,StandardScaler_per_sample_dimension
FC(F)(F)CC1=CC2=C(C=C1)CNC2,12.171575,-4.550536,False,48,5,0.8,euclidean,random,StandardScaler_per_sample_dimension
FC(F)(F)CC1=CC=C2CNCC2=C1,12.108945,-4.6622634,False,48,5,0.8,euclidean,random,StandardScaler_per_sample_dimension
CCCCCCCCCCC(Br)C(Br)Br,-1.846023,15.204215,False,48,5,0.8,euclidean,random,StandardScaler_per_sample_dimension
CCCCCCCCCCCC(Br)CBr,-2.433524,16.98047,False,48,5,0.8,euclidean,random,StandardScaler_per_sample_dimension
CCCCCCCCCCCCC(Br)Br,-2.3596716,16.866144,False,48,5,0.8,euclidean,random,StandardScaler_per_sample_dimension
O=C1NCC2=CC=C(CC(F)(F)F)C=C12,12.230766,-4.6655364,False,48,5,0.8,euclidean,random,StandardScaler_per_sample_dimension
CNCC1=CC(SC2=CC=CC=C2)=CC=C1,21.725285,-8.954829,False,48,5,0.8,euclidean,random,StandardScaler_per_sample_dimension
CNCC1=CC=CC(SC2=CC=CC=C2)=C1,21.595951,-8.832433,False,48,5,0.8,euclidean,random,StandardScaler_per_sample_dimension
FCC1=CC(P)=CC=C1OC1=CC=CC=C1,-5.2350016,-15.450817,False,48,5,0.8,euclidean,random,StandardScaler_per_sample_dimension
CNCC1=CC(SC2=CC(C)=CC=C2)=CC=C1,21.569883,-9.001651,False,48,5,0.8,euclidean,random,StandardScaler_per_sample_dimension
CNCC1=CC=CC(SC2=CC=CC(C)=C2)=C1,21.68767,-9.121983,False,48,5,0.8,euclidean,random,StandardScaler_per_sample_dimension
FC(F)C1=CC(P)=CC=C1OC1=CC=CC=C1,-5.5396166,-15.540144,False,48,5,0.8,euclidean,random,StandardScaler_per_sample_dimension
O=PC1=CC=C(OC2=CC=CC=C2)C(CF)=C1,-5.586541,-15.763461,False,48,5,0.8,euclidean,random,StandardScaler_per_sample_dimension
CCC1=CC(Br)=C(OC=O)C(Br)=C1,18.962887,18.378736,False,48,5,0.8,euclidean,random,StandardScaler_per_sample_dimension
CCOP(OC)OC1=CC=CC=C1,-20.148912,10.345641,False,48,5,0.8,euclidean,random,StandardScaler_per_sample_dimension
CCOP(=O)(OC)OC1=CC=CC=C1,-20.32009,10.51377,False,48,5,0.8,euclidean,random,StandardScaler_per_sample_dimension
O=[SH]C1=CC=C(OC2=CC=CC=C2)C=C1,7.534583,-0.81466967,False,48,5,0.8,euclidean,random,StandardScaler_per_sample_dimension
O=COC1=C(Br)C=C(CC2=CC=CC=C2)C=C1,19.04277,17.449362,False,48,5,0.8,euclidean,random,StandardScaler_per_sample_dimension
O=COC1=CC=C(CC2=CC=CC=C2)C=C1Br,19.313553,18.030281,False,48,5,0.8,euclidean,random,StandardScaler_per_sample_dimension
O=[SH][O-],-2.6897347,-9.004626,False,48,5,0.8,euclidean,random,StandardScaler_per_sample_dimension
FCCCP,-9.352708,-2.5233939,False,48,5,0.8,euclidean,random,StandardScaler_per_sample_dimension
CC(F)CCP,-9.528833,-0.65341306,False,48,5,0.8,euclidean,random,StandardScaler_per_sample_dimension
FCC(F)(F)F,11.222078,23.940836,False,48,5,0.8,euclidean,random,StandardScaler_per_sample_dimension
FCCCCP,-9.201869,-2.381653,False,48,5,0.8,euclidean,random,StandardScaler_per_sample_dimension
O=PCCCF,-9.383345,-0.84246796,False,48,5,0.8,euclidean,random,StandardScaler_per_sample_dimension
CC(F)C(F)(F)F,-10.245815,-1.3587527,False,48,5,0.8,euclidean,random,StandardScaler_per_sample_dimension
CC(F)CCCP,-9.0203905,-2.2100513,False,48,5,0.8,euclidean,random,StandardScaler_per_sample_dimension
CC(F)CCP=O,-9.726046,-2.6004364,False,48,5,0.8,euclidean,random,StandardScaler_per_sample_dimension
CCC(F)CCP,-10.136639,0.3167208,False,48,5,0.8,euclidean,random,StandardScaler_per_sample_dimension
FCCCCCP,-9.823919,-2.8960495,False,48,5,0.8,euclidean,random,StandardScaler_per_sample_dimension
O=PCCCCF,-9.325637,-2.8383672,False,48,5,0.8,euclidean,random,StandardScaler_per_sample_dimension
CC(F)CC(F)(F)F,-11.049496,-1.6809081,False,48,5,0.8,euclidean,random,StandardScaler_per_sample_dimension
CC(F)CCCCP,-10.180932,-2.0221815,False,48,5,0.8,euclidean,random,StandardScaler_per_sample_dimension
CC(F)CCCP=O,-11.887433,-0.65951896,False,48,5,0.8,euclidean,random,StandardScaler_per_sample_dimension
CCC(F)C(F)(F)F,-10.415902,-3.4006588,False,48,5,0.8,euclidean,random,StandardScaler_per_sample_dimension
CCC(F)CCCP,-9.735861,-0.84474814,False,48,5,0.8,euclidean,random,StandardScaler_per_sample_dimension
CCC(F)CCP=O,-10.153678,-1.8080494,False,48,5,0.8,euclidean,random,StandardScaler_per_sample_dimension
CCCC(F)CCP,11.17128,23.542482,False,48,5,0.8,euclidean,random,StandardScaler_per_sample_dimension
FC(F)C(F)CCP,-10.921249,-3.6756861,False,48,5,0.8,euclidean,random,StandardScaler_per_sample_dimension
FCC(F)(F)CCP,-10.368714,-1.1175147,False,48,5,0.8,euclidean,random,StandardScaler_per_sample_dimension
FCCCC(F)(F)F,-9.9901495,-2.1387668,False,48,5,0.8,euclidean,random,StandardScaler_per_sample_dimension
FCCCCCCP,-10.33416,-2.9540427,False,48,5,0.8,euclidean,random,StandardScaler_per_sample_dimension
O=PCCCCCF,10.940022,23.772406,False,48,5,0.8,euclidean,random,StandardScaler_per_sample_dimension
CC(F)(F)C(F)CCP,-8.983374,-2.1625862,False,48,5,0.8,euclidean,random,StandardScaler_per_sample_dimension
CC(F)C(F)(F)CCP,-9.4833355,-0.5967371,False,48,5,0.8,euclidean,random,StandardScaler_per_sample_dimension
CC(F)CCC(F)(F)F,-11.721774,-0.8248314,False,48,5,0.8,euclidean,random,StandardScaler_per_sample_dimension
CC(F)CCCCCP,-11.236923,-3.7489128,False,48,5,0.8,euclidean,random,StandardScaler_per_sample_dimension
CC(F)CCCCP=O,-10.286638,-2.7243786,False,48,5,0.8,euclidean,random,StandardScaler_per_sample_dimension
CCC(F)CC(F)(F)F,-9.874106,-2.275439,False,48,5,0.8,euclidean,random,StandardScaler_per_sample_dimension
CCC(F)CCCCP,-9.050579,-2.8276901,False,48,5,0.8,euclidean,random,StandardScaler_per_sample_dimension
CCC(F)CCCP=O,-11.083558,-3.6466947,False,48,5,0.8,euclidean,random,StandardScaler_per_sample_dimension
CCC1=C(Br)C=CC=C1,16.80312,0.19848952,False,48,5,0.8,euclidean,random,StandardScaler_per_sample_dimension
CCC1=CC=CC=C1Br,17.274845,0.79389966,False,48,5,0.8,euclidean,random,StandardScaler_per_sample_dimension
CCCC(F)(F)CCC,-10.4506035,-1.6667213,False,48,5,0.8,euclidean,random,StandardScaler_per_sample_dimension
CCCC(F)C(F)(F)F,-11.889123,-0.8194264,False,48,5,0.8,euclidean,random,StandardScaler_per_sample_dimension
CCCC(F)CCCP,-11.031879,-2.1836252,False,48,5,0.8,euclidean,random,StandardScaler_per_sample_dimension
CCCC(F)CCP=O,11.079541,23.63946,False,48,5,0.8,euclidean,random,StandardScaler_per_sample_dimension
CCCCC(F)CCP,-10.240892,-1.884677,False,48,5,0.8,euclidean,random,StandardScaler_per_sample_dimension
CCCCCCC(C)F,11.119488,23.597898,False,48,5,0.8,euclidean,random,StandardScaler_per_sample_dimension
FC(F)C(F)C(F)(F)F,11.129188,23.640982,False,48,5,0.8,euclidean,random,StandardScaler_per_sample_dimension
FC(F)C(F)CCCP,-9.294415,-1.8634695,False,48,5,0.8,euclidean,random,StandardScaler_per_sample_dimension
FC(F)CC(F)CCP,-11.444018,-0.86856776,False,48,5,0.8,euclidean,random,StandardScaler_per_sample_dimension
FCC(F)(F)C(F)(F)F,-9.983291,-3.0317614,False,48,5,0.8,euclidean,random,StandardScaler_per_sample_dimension
FCC(F)(F)CCCP,-10.709042,-1.3863447,False,48,5,0.8,euclidean,random,StandardScaler_per_sample_dimension
FCCC(F)(F)CCP,-11.038935,-3.755328,False,48,5,0.8,euclidean,random,StandardScaler_per_sample_dimension
FCCCCC(F)(F)F,-9.766596,-2.7802136,False,48,5,0.8,euclidean,random,StandardScaler_per_sample_dimension
FCCCCCCCP,-9.92361,-0.9753952,False,48,5,0.8,euclidean,random,StandardScaler_per_sample_dimension
O=PCCC(F)(F)CF,-10.169466,0.19063582,False,48,5,0.8,euclidean,random,StandardScaler_per_sample_dimension
O=PCCC(F)C(F)F,-10.279435,0.15114906,False,48,5,0.8,euclidean,random,StandardScaler_per_sample_dimension
O=PCCCCCCF,-11.021635,-3.5526097,False,48,5,0.8,euclidean,random,StandardScaler_per_sample_dimension
O=S([O-])C1=CC=CC=C1,-2.5986688,-8.87631,False,48,5,0.8,euclidean,random,StandardScaler_per_sample_dimension
OC1=C(Br)C=C(Br)C=C1,16.844103,0.5888345,False,48,5,0.8,euclidean,random,StandardScaler_per_sample_dimension
OC1=CC=C(Br)C=C1Br,16.76297,-0.5423829,False,48,5,0.8,euclidean,random,StandardScaler_per_sample_dimension
CC1=CC=C([SH](=O)=O)C=C1,24.175516,-3.8869479,False,48,5,0.8,euclidean,random,StandardScaler_per_sample_dimension
CCC1=C(Br)C=C(Br)C=C1,17.026352,-0.54776025,False,48,5,0.8,euclidean,random,StandardScaler_per_sample_dimension
CCC1=CC=C(Br)C=C1Br,16.76193,-0.49416733,False,48,5,0.8,euclidean,random,StandardScaler_per_sample_dimension
CCCC1=C(Br)C=CC=C1,16.381645,0.40525213,False,48,5,0.8,euclidean,random,StandardScaler_per_sample_dimension
CCCC1=CC=CC=C1Br,16.74205,-0.54806924,False,48,5,0.8,euclidean,random,StandardScaler_per_sample_dimension
S=CNCC1=CC=CC=N1,9.44394,14.543378,False,48,5,0.8,euclidean,random,StandardScaler_per_sample_dimension
S=CNCC1=NC=CC=C1,9.887533,16.070263,False,48,5,0.8,euclidean,random,StandardScaler_per_sample_dimension
C1=CC=C(C2=CSC=C2)C=C1,25.254951,14.701561,False,48,5,0.8,euclidean,random,StandardScaler_per_sample_dimension
CC1=CC(Br)=C(OC=O)C=C1,19.329397,18.129221,False,48,5,0.8,euclidean,random,StandardScaler_per_sample_dimension
CC1=CC=C(OC=O)C(Br)=C1,19.369175,17.988598,False,48,5,0.8,euclidean,random,StandardScaler_per_sample_dimension
CC1=CC=CC(CNC=S)=N1,10.096854,15.913719,False,48,5,0.8,euclidean,random,StandardScaler_per_sample_dimension
CC1=NC(CNC=S)=CC=C1,8.599474,15.774582,False,48,5,0.8,euclidean,random,StandardScaler_per_sample_dimension
CCCC1=C(Br)C=C(Br)C=C1,16.901234,-0.15580675,False,48,5,0.8,euclidean,random,StandardScaler_per_sample_dimension
CCCC1=CC=C(Br)C=C1Br,17.453653,-0.5615832,False,48,5,0.8,euclidean,random,StandardScaler_per_sample_dimension
CCCCC1=C(Br)C=CC=C1,17.521444,-0.2156163,False,48,5,0.8,euclidean,random,StandardScaler_per_sample_dimension
CCCCC1=CC=CC=C1Br,16.945871,-0.9325647,False,48,5,0.8,euclidean,random,StandardScaler_per_sample_dimension
FC(F)(F)C1=CC(P)=CC=C1,-4.0844135,12.680388,False,48,5,0.8,euclidean,random,StandardScaler_per_sample_dimension
NC(=S)NCC1=CC=CC=N1,9.467077,15.064207,False,48,5,0.8,euclidean,random,StandardScaler_per_sample_dimension
NC(=S)NCC1=NC=CC=C1,9.991637,15.905648,False,48,5,0.8,euclidean,random,StandardScaler_per_sample_dimension
O=C(NC=S)C1=CC=CC=N1,9.069004,14.853831,False,48,5,0.8,euclidean,random,StandardScaler_per_sample_dimension
O=C(NC=S)C1=NC=CC=C1,9.282042,14.290683,False,48,5,0.8,euclidean,random,StandardScaler_per_sample_dimension
O=CC1=CC=C([SH](=O)=O)C=C1,23.989391,-4.010497,False,48,5,0.8,euclidean,random,StandardScaler_per_sample_dimension
OPOC1=C(Br)C=C(Br)C=C1,17.335032,0.49030367,False,48,5,0.8,euclidean,random,StandardScaler_per_sample_dimension
OPOC1=CC=C(Br)C=C1Br,17.049997,0.49655843,False,48,5,0.8,euclidean,random,StandardScaler_per_sample_dimension
CC1=CC=CC(C(=O)NC=S)=N1,9.126877,17.223757,False,48,5,0.8,euclidean,random,StandardScaler_per_sample_dimension
CC1=CC=CC(CNC(N)=S)=N1,10.113051,15.926082,False,48,5,0.8,euclidean,random,StandardScaler_per_sample_dimension
CC1=NC(C(=O)NC=S)=CC=C1,9.925637,15.601195,False,48,5,0.8,euclidean,random,StandardScaler_per_sample_dimension
CC1=NC(CNC(N)=S)=CC=C1,9.444682,14.238509,False,48,5,0.8,euclidean,random,StandardScaler_per_sample_dimension
CCCCC1=C(Br)C=C(Br)C=C1,17.23111,-0.08786484,False,48,5,0.8,euclidean,random,StandardScaler_per_sample_dimension
CCCCC1=CC=C(Br)C=C1Br,17.52856,0.42608088,False,48,5,0.8,euclidean,random,StandardScaler_per_sample_dimension
CCCCCC1=C(Br)C=CC=C1,16.896889,-0.025046684,False,48,5,0.8,euclidean,random,StandardScaler_per_sample_dimension
CCCCCC1=CC=CC=C1Br,16.689825,-0.6217524,False,48,5,0.8,euclidean,random,StandardScaler_per_sample_dimension
CCCCCPC1=CC=CC=C1,-9.994608,-2.1188493,False,48,5,0.8,euclidean,random,StandardScaler_per_sample_dimension
CPC1=CC=CC(N2CCC2)=C1,-11.816304,-0.86885494,False,48,5,0.8,euclidean,random,StandardScaler_per_sample_dimension
FC(F)CCPC1=CC=CC=C1,-10.635063,-1.4258178,False,48,5,0.8,euclidean,random,StandardScaler_per_sample_dimension
NC(=S)NC(=O)C1=CC=CC=N1,9.231974,14.544605,False,48,5,0.8,euclidean,random,StandardScaler_per_sample_dimension
NC(=S)NC(=O)C1=NC=CC=C1,8.51038,15.956829,False,48,5,0.8,euclidean,random,StandardScaler_per_sample_dimension
NCC1=CC=CC(CNC=S)=N1,9.347519,17.015774,False,48,5,0.8,euclidean,random,StandardScaler_per_sample_dimension
NCC1=NC(CNC=S)=CC=C1,10.13228,14.497086,False,48,5,0.8,euclidean,random,StandardScaler_per_sample_dimension
O=C1CCN1C1=CC(P)=CC=C1,-10.114989,-0.11037911,False,48,5,0.8,euclidean,random,StandardScaler_per_sample_dimension
O=CC1=CC=CC(CNC=S)=N1,8.160185,14.588144,False,48,5,0.8,euclidean,random,StandardScaler_per_sample_dimension
O=CC1=NC(CNC=S)=CC=C1,8.353524,16.100199,False,48,5,0.8,euclidean,random,StandardScaler_per_sample_dimension
O=PC1=CC=CC(C(F)(F)F)=C1,-3.8406794,12.90555,False,48,5,0.8,euclidean,random,StandardScaler_per_sample_dimension
O=[PH](O)OC1=C(Br)C=C(Br)C=C1,18.23956,-0.4605256,False,48,5,0.8,euclidean,random,StandardScaler_per_sample_dimension
O=[PH](O)OC1=CC=C(Br)C=C1Br,17.47382,-0.47559994,False,48,5,0.8,euclidean,random,StandardScaler_per_sample_dimension
CC(F)(F)CCPC1=CC=CC=C1,-9.120611,-2.868238,False,48,5,0.8,euclidean,random,StandardScaler_per_sample_dimension
CC1=CC=CC(C(=O)NC(N)=S)=N1,9.973494,14.904984,False,48,5,0.8,euclidean,random,StandardScaler_per_sample_dimension
CC1=NC(C(=O)NC(N)=S)=CC=C1,19.644218,2.5882788,False,48,5,0.8,euclidean,random,StandardScaler_per_sample_dimension
CCCCCC1=C(Br)C=C(Br)C=C1,17.197544,-0.72812045,False,48,5,0.8,euclidean,random,StandardScaler_per_sample_dimension
CCCCCC1=CC=C(Br)C=C1Br,17.991047,-0.2711648,False,48,5,0.8,euclidean,random,StandardScaler_per_sample_dimension
CCCCCCC1=C(Br)C=CC=C1,17.3311,0.5935506,False,48,5,0.8,euclidean,random,StandardScaler_per_sample_dimension
CCCCCCC1=CC=CC=C1Br,16.51767,-0.1998822,False,48,5,0.8,euclidean,random,StandardScaler_per_sample_dimension
CCCCCCPC1=CC=CC=C1,-9.292116,-2.6959646,False,48,5,0.8,euclidean,random,StandardScaler_per_sample_dimension
CCCCC[PH](=O)C1=CC=CC=C1,-11.428744,-2.0766785,False,48,5,0.8,euclidean,random,StandardScaler_per_sample_dimension
CNCC1=CC=CC(CNC=S)=N1,8.545544,15.811108,False,48,5,0.8,euclidean,random,StandardScaler_per_sample_dimension
CNCC1=NC(CNC=S)=CC=C1,9.144175,15.278526,False,48,5,0.8,euclidean,random,StandardScaler_per_sample_dimension
C[PH](=O)C1=CC=CC(N2CCC2)=C1,-9.181701,-0.53648174,False,48,5,0.8,euclidean,random,StandardScaler_per_sample_dimension
FC(F)CCCPC1=CC=CC=C1,10.9131775,23.749577,False,48,5,0.8,euclidean,random,StandardScaler_per_sample_dimension
NC(=O)C1=CC=CC(CNC=S)=N1,-2.9104812,-5.7248173,False,48,5,0.8,euclidean,random,StandardScaler_per_sample_dimension
NC(=O)C1=NC(CNC=S)=CC=C1,9.312172,15.100842,False,48,5,0.8,euclidean,random,StandardScaler_per_sample_dimension
NC(=S)NCC1=CC=CC(C=O)=N1,9.576711,15.328573,False,48,5,0.8,euclidean,random,StandardScaler_per_sample_dimension
NC(=S)NCC1=NC(C=O)=CC=C1,9.132285,17.191475,False,48,5,0.8,euclidean,random,StandardScaler_per_sample_dimension
NCC1=CC=CC(C(=O)NC=S)=N1,9.250955,14.180172,False,48,5,0.8,euclidean,random,StandardScaler_per_sample_dimension
NCC1=CC=CC(CNC(N)=S)=N1,7.984653,14.564204,False,48,5,0.8,euclidean,random,StandardScaler_per_sample_dimension
NCC1=NC(C(=O)NC=S)=CC=C1,7.705909,14.601583,False,48,5,0.8,euclidean,random,StandardScaler_per_sample_dimension
NCC1=NC(CNC(N)=S)=CC=C1,19.658682,2.3290122,False,48,5,0.8,euclidean,random,StandardScaler_per_sample_dimension
O=CC1=CC=CC(C(=O)NC=S)=N1,8.317039,15.914253,False,48,5,0.8,euclidean,random,StandardScaler_per_sample_dimension
O=CC1=NC(C(=O)NC=S)=CC=C1,-2.9582343,-5.9124846,False,48,5,0.8,euclidean,random,StandardScaler_per_sample_dimension
O=PC1=CC=CC(N2CCC2=O)=C1,-8.936933,-2.1186342,False,48,5,0.8,euclidean,random,StandardScaler_per_sample_dimension
O=[PH](CCC(F)F)C1=CC=CC=C1,-9.95606,-3.1172123,False,48,5,0.8,euclidean,random,StandardScaler_per_sample_dimension
CC(F)(F)CCCPC1=CC=CC=C1,-9.404632,-0.6473273,False,48,5,0.8,euclidean,random,StandardScaler_per_sample_dimension
CC(F)(F)CC[PH](=O)C1=CC=CC=C1,-10.318491,0.133134,False,48,5,0.8,euclidean,random,StandardScaler_per_sample_dimension
CCC(F)(F)CCPC1=CC=CC=C1,-10.355467,-3.203858,False,48,5,0.8,euclidean,random,StandardScaler_per_sample_dimension
CCCCCCC1=C(Br)C=C(Br)C=C1,17.278296,0.64041346,False,48,5,0.8,euclidean,random,StandardScaler_per_sample_dimension
CCCCCCC1=CC=C(Br)C=C1Br,17.332544,0.11481289,False,48,5,0.8,euclidean,random,StandardScaler_per_sample_dimension
CCCCCCCC1=C(Br)C=CC=C1,17.35584,-0.626463,False,48,5,0.8,euclidean,random,StandardScaler_per_sample_dimension
CCCCCCCC1=CC=CC=C1Br,16.584553,0.14879093,False,48,5,0.8,euclidean,random,StandardScaler_per_sample_dimension
CCCCCCCPC1=CC=CC=C1,-10.060904,-1.6370564,False,48,5,0.8,euclidean,random,StandardScaler_per_sample_dimension
CCCCCC[PH](=O)C1=CC=CC=C1,-10.267657,-2.304853,False,48,5,0.8,euclidean,random,StandardScaler_per_sample_dimension
CCPC1=CC=CC(N2CCC2=O)=C1,-9.470735,-0.6071109,False,48,5,0.8,euclidean,random,StandardScaler_per_sample_dimension
CNC(=O)C1=CC=CC(CNC=S)=N1,10.189185,15.802046,False,48,5,0.8,euclidean,random,StandardScaler_per_sample_dimension
CNC(=O)C1=NC(CNC=S)=CC=C1,8.045282,14.421031,False,48,5,0.8,euclidean,random,StandardScaler_per_sample_dimension
CNCC1=CC=CC(C(=O)NC=S)=N1,9.350123,17.183508,False,48,5,0.8,euclidean,random,StandardScaler_per_sample_dimension
CNCC1=CC=CC(CNC(N)=S)=N1,9.0095625,14.903209,False,48,5,0.8,euclidean,random,StandardScaler_per_sample_dimension
CNCC1=NC(C(=O)NC=S)=CC=C1,7.8819027,14.46746,False,48,5,0.8,euclidean,random,StandardScaler_per_sample_dimension
CNCC1=NC(CNC(N)=S)=CC=C1,-2.9922633,-6.101966,False,48,5,0.8,euclidean,random,StandardScaler_per_sample_dimension
FC(F)CCCCPC1=CC=CC=C1,-11.38242,-1.934355,False,48,5,0.8,euclidean,random,StandardScaler_per_sample_dimension
NC(=O)C1=CC=CC(C(=O)NC=S)=N1,19.691904,2.4521396,False,48,5,0.8,euclidean,random,StandardScaler_per_sample_dimension
NC(=O)C1=CC=CC(CNC(N)=S)=N1,9.135195,15.197901,False,48,5,0.8,euclidean,random,StandardScaler_per_sample_dimension
NC(=O)C1=NC(C(=O)NC=S)=CC=C1,8.803898,14.931083,False,48,5,0.8,euclidean,random,StandardScaler_per_sample_dimension
NC(=O)C1=NC(CNC(N)=S)=CC=C1,7.850363,14.495774,False,48,5,0.8,euclidean,random,StandardScaler_per_sample_dimension
NC(=S)NC(=O)C1=CC=CC(C=O)=N1,9.495794,14.307257,False,48,5,0.8,euclidean,random,StandardScaler_per_sample_dimension
NC(=S)NC(=O)C1=NC(C=O)=CC=C1,19.647217,2.556194,False,48,5,0.8,euclidean,random,StandardScaler_per_sample_dimension
NCC1=CC=CC(C(=O)NC(N)=S)=N1,10.216941,15.973217,False,48,5,0.8,euclidean,random,StandardScaler_per_sample_dimension
NCC1=NC(C(=O)NC(N)=S)=CC=C1,9.924249,14.853271,False,48,5,0.8,euclidean,random,StandardScaler_per_sample_dimension
NCNCC1=CC=CC(CNC=S)=N1,9.254193,17.374928,False,48,5,0.8,euclidean,random,StandardScaler_per_sample_dimension
NCNCC1=NC(CNC=S)=CC=C1,10.182348,15.928848,False,48,5,0.8,euclidean,random,StandardScaler_per_sample_dimension
O=[PH](CCCC(F)F)C1=CC=CC=C1,-11.366585,-1.8431176,False,48,5,0.8,euclidean,random,StandardScaler_per_sample_dimension
CC(F)(F)CCCCPC1=CC=CC=C1,-11.723099,-0.8292167,False,48,5,0.8,euclidean,random,StandardScaler_per_sample_dimension
CC(F)(F)CCC[PH](=O)C1=CC=CC=C1,-11.283326,-1.9991183,False,48,5,0.8,euclidean,random,StandardScaler_per_sample_dimension
CC1=CC(PC2=CC=C(O)C=C2)=CC=C1,-3.8774927,12.808337,False,48,5,0.8,euclidean,random,StandardScaler_per_sample_dimension
CC1=CC(PC2=CC=CC=C2)=CC=C1O,-3.9730234,12.934102,False,48,5,0.8,euclidean,random,StandardScaler_per_sample_dimension
CCC(F)(F)CCCPC1=CC=CC=C1,-9.195697,-2.7477584,False,48,5,0.8,euclidean,random,StandardScaler_per_sample_dimension
CCC(F)(F)CC[PH](=O)C1=CC=CC=C1,-9.010963,-2.243012,False,48,5,0.8,euclidean,random,StandardScaler_per_sample_dimension
CCCC(F)(F)CCPC1=CC=CC=C1,-10.185643,0.23830947,False,48,5,0.8,euclidean,random,StandardScaler_per_sample_dimension
CCCCCCCC1=C(Br)C=C(Br)C=C1,17.388771,0.22132847,False,48,5,0.8,euclidean,random,StandardScaler_per_sample_dimension
CCCCCCCC1=CC=C(Br)C=C1Br,17.12845,-0.37007326,False,48,5,0.8,euclidean,random,StandardScaler_per_sample_dimension
CCCCCCCCC1=C(Br)C=CC=C1,18.068321,-0.4918684,False,48,5,0.8,euclidean,random,StandardScaler_per_sample_dimension
CCCCCCCCC1=CC=CC=C1Br,17.976849,-0.3704099,False,48,5,0.8,euclidean,random,StandardScaler_per_sample_dimension
CCCCCCCCPC1=CC=CC=C1,-10.438741,-3.3669226,False,48,5,0.8,euclidean,random,StandardScaler_per_sample_dimension
CCCCCCC[PH](=O)C1=CC=CC=C1,-10.815606,-1.303255,False,48,5,0.8,euclidean,random,StandardScaler_per_sample_dimension
CC[PH](=O)C1=CC=CC(N2CCC2=O)=C1,-11.414316,-2.0021625,False,48,5,0.8,euclidean,random,StandardScaler_per_sample_dimension
CNC(=O)C1=CC=CC(C(=O)NC=S)=N1,-2.9054008,-5.9041815,False,48,5,0.8,euclidean,random,StandardScaler_per_sample_dimension
CNC(=O)C1=CC=CC(CNC(N)=S)=N1,-2.779297,-5.751947,False,48,5,0.8,euclidean,random,StandardScaler_per_sample_dimension
CNC(=O)C1=NC(C(=O)NC=S)=CC=C1,19.780445,2.4118693,False,48,5,0.8,euclidean,random,StandardScaler_per_sample_dimension
CNC(=O)C1=NC(CNC(N)=S)=CC=C1,-2.7260528,-5.8706055,False,48,5,0.8,euclidean,random,StandardScaler_per_sample_dimension
CNCC1=CC=CC(C(=O)NC(N)=S)=N1,9.898502,15.86606,False,48,5,0.8,euclidean,random,StandardScaler_per_sample_dimension
CNCC1=NC(C(=O)NC(N)=S)=CC=C1,9.2445135,14.356272,False,48,5,0.8,euclidean,random,StandardScaler_per_sample_dimension
FC(F)C(F)(F)CCPC1=CC=CC=C1,-10.341768,0.0013224351,False,48,5,0.8,euclidean,random,StandardScaler_per_sample_dimension
FC(F)CCCCCPC1=CC=CC=C1,10.998699,23.71596,False,48,5,0.8,euclidean,random,StandardScaler_per_sample_dimension
FCCCPC1=CC=CC(N2CCC2)=C1,-10.054063,-2.296954,False,48,5,0.8,euclidean,random,StandardScaler_per_sample_dimension
NC(=O)C1=CC=CC(C(=O)NC(N)=S)=N1,9.053027,14.804037,False,48,5,0.8,euclidean,random,StandardScaler_per_sample_dimension
NC(=O)C1=NC(C(=O)NC(N)=S)=CC=C1,-3.1514707,-5.98654,False,48,5,0.8,euclidean,random,StandardScaler_per_sample_dimension
NC(=S)NCC1=CC=CC(CNC=S)=N1,19.818356,2.4956586,False,48,5,0.8,euclidean,random,StandardScaler_per_sample_dimension
NC(=S)NCC1=NC(CNC=S)=CC=C1,19.61538,2.323756,False,48,5,0.8,euclidean,random,StandardScaler_per_sample_dimension
NCNC(=O)C1=CC=CC(CNC=S)=N1,9.770292,14.560761,False,48,5,0.8,euclidean,random,StandardScaler_per_sample_dimension
NCNC(=O)C1=NC(CNC=S)=CC=C1,-2.7843218,-5.925602,False,48,5,0.8,euclidean,random,StandardScaler_per_sample_dimension
NCNCC1=CC=CC(C(=O)NC=S)=N1,7.808394,14.4278345,False,48,5,0.8,euclidean,random,StandardScaler_per_sample_dimension
NCNCC1=CC=CC(CNC(N)=S)=N1,8.353327,15.883548,False,48,5,0.8,euclidean,random,StandardScaler_per_sample_dimension
NCNCC1=NC(C(=O)NC=S)=CC=C1,9.174113,17.278337,False,48,5,0.8,euclidean,random,StandardScaler_per_sample_dimension
NCNCC1=NC(CNC(N)=S)=CC=C1,-2.96855,-6.015244,False,48,5,0.8,euclidean,random,StandardScaler_per_sample_dimension
O=C(NC=S)C1=CC=CC(CNC=S)=N1,8.441748,15.99038,False,48,5,0.8,euclidean,random,StandardScaler_per_sample_dimension
O=C(NC=S)C1=NC(CNC=S)=CC=C1,9.840742,14.477215,False,48,5,0.8,euclidean,random,StandardScaler_per_sample_dimension
O=[PH](CCCCC(F)F)C1=CC=CC=C1,-11.154565,-3.692243,False,48,5,0.8,euclidean,random,StandardScaler_per_sample_dimension
C1=NCSC1C1=CC=C(C2=CC=CS2)C=C1,24.992891,14.4363785,False,48,5,0.8,euclidean,random,StandardScaler_per_sample_dimension
CC1=CC([PH](=O)C2=CC=C(O)C=C2)=CC=C1,-4.015681,12.691979,False,48,5,0.8,euclidean,random,StandardScaler_per_sample_dimension
CC1=CC([PH](=O)C2=CC=CC=C2)=CC=C1O,-3.9808135,12.773794,False,48,5,0.8,euclidean,random,StandardScaler_per_sample_dimension
CC1=CC=C(S(=O)(=O)C2=CC=CC=C2)C=C1,24.173382,-4.147932,False,48,5,0.8,euclidean,random,StandardScaler_per_sample_dimension
CCCCCCCCC1=C(Br)C=C(Br)C=C1,17.395004,-0.5771622,False,48,5,0.8,euclidean,random,StandardScaler_per_sample_dimension
CCCCCCCCC1=CC=C(Br)C=C1Br,18.063244,-0.48220277,False,48,5,0.8,euclidean,random,StandardScaler_per_sample_dimension
CCCCCCCCCC1=C(Br)C=CC=C1,16.583246,0.11322407,False,48,5,0.8,euclidean,random,StandardScaler_per_sample_dimension
CCCCCCCCCC1=CC=CC=C1Br,17.122763,-0.32803696,False,48,5,0.8,euclidean,random,StandardScaler_per_sample_dimension
COC1=CC=C(PC2=CC=CC(C)=C2)C=C1,-3.99286,12.820327,False,48,5,0.8,euclidean,random,StandardScaler_per_sample_dimension
O=[PH](CCCF)C1=CC=CC(N2CCC2)=C1,-9.269524,-0.7412607,False,48,5,0.8,euclidean,random,StandardScaler_per_sample_dimension
BrC1=CC(Br)=C(OPOC2=CC=CC=C2)C=C1,17.687801,0.09144327,False,48,5,0.8,euclidean,random,StandardScaler_per_sample_dimension
BrC1=CC=C(OPOC2=CC=CC=C2)C(Br)=C1,16.417889,0.38068253,False,48,5,0.8,euclidean,random,StandardScaler_per_sample_dimension
C1=CC=C(C2=C(C3=CC=CC=C3)SC=C2)C=C1,25.032022,14.513378,False,48,5,0.8,euclidean,random,StandardScaler_per_sample_dimension
C1=CC=C(C2=CSC(C3=CC=CC=C3)=C2)C=C1,25.193413,14.432768,False,48,5,0.8,euclidean,random,StandardScaler_per_sample_dimension
CC1=CC=C(OPOC2=C(Br)C=CC=C2)C=C1,2.9656405,1.8353051,False,48,5,0.8,euclidean,random,StandardScaler_per_sample_dimension
CC1=CC=C(OPOC2=CC=CC=C2Br)C=C1,2.5402029,1.4192739,False,48,5,0.8,euclidean,random,StandardScaler_per_sample_dimension
CCCCCCCCCC1=C(Br)C=C(Br)C=C1,16.756338,-0.7615964,False,48,5,0.8,euclidean,random,StandardScaler_per_sample_dimension
CCCCCCCCCC1=CC=C(Br)C=C1Br,16.70275,0.038280334,False,48,5,0.8,euclidean,random,StandardScaler_per_sample_dimension
CCCCCCCCCCC1=C(Br)C=CC=C1,18.056694,-0.52432215,False,48,5,0.8,euclidean,random,StandardScaler_per_sample_dimension
CCCCCCCCCCC1=CC=CC=C1Br,17.160915,-0.6613244,False,48,5,0.8,euclidean,random,StandardScaler_per_sample_dimension
CPC1=CC=CC(C2CC3=C(C=CC=C3)C2)=C1,8.679263,-1.6779587,False,48,5,0.8,euclidean,random,StandardScaler_per_sample_dimension
FCCCP(C1=CC=CC=C1)C1=CC=CC=C1,-10.69848,-1.1756831,False,48,5,0.8,euclidean,random,StandardScaler_per_sample_dimension
O=C1C2=C(C=CC=C2)CC1C1=CC(P)=CC=C1,8.729309,-1.7135581,False,48,5,0.8,euclidean,random,StandardScaler_per_sample_dimension
O=CC1=CC=C(S(=O)(=O)C2=CC=CC=C2)C=C1,23.959164,-3.9707093,False,48,5,0.8,euclidean,random,StandardScaler_per_sample_dimension
O=COC1=CC=C(CC2=CC(Br)=CC=C2)C=C1,19.2319,18.11557,False,48,5,0.8,euclidean,random,StandardScaler_per_sample_dimension
O=COC1=CC=C(CC2=CC=CC(Br)=C2)C=C1,19.23554,18.11065,False,48,5,0.8,euclidean,random,StandardScaler_per_sample_dimension
*P[O-],18.619287,-4.4534926,False,48,5,0.8,euclidean,random,StandardScaler_per_sample_dimension
*[PH](=O)[O-],18.76023,-4.267122,False,48,5,0.8,euclidean,random,StandardScaler_per_sample_dimension
CCCCOP,8.536631,2.4983184,False,48,5,0.8,euclidean,random,StandardScaler_per_sample_dimension
CCCCOP=O,8.532146,2.5204418,False,48,5,0.8,euclidean,random,StandardScaler_per_sample_dimension
NP1OCCCO1,21.558517,14.878571,False,48,5,0.8,euclidean,random,StandardScaler_per_sample_dimension
NP1(=O)OCCCO1,21.291716,14.751812,False,48,5,0.8,euclidean,random,StandardScaler_per_sample_dimension
CC1(C)COP(N)OC1,21.462212,14.736687,False,48,5,0.8,euclidean,random,StandardScaler_per_sample_dimension
CCC1=CC=C(P)C=C1,24.223661,-7.091684,False,48,5,0.8,euclidean,random,StandardScaler_per_sample_dimension
NCC1=CC(S)=CC=C1,-14.788966,-6.9850936,False,48,5,0.8,euclidean,random,StandardScaler_per_sample_dimension
NCC1=CC=CC(S)=C1,-14.71614,-7.0844746,False,48,5,0.8,euclidean,random,StandardScaler_per_sample_dimension
CC1(C)COP(N)(=O)OC1,20.924608,14.431036,False,48,5,0.8,euclidean,random,StandardScaler_per_sample_dimension
CCC1=CC=C(P=O)C=C1,24.217375,-7.121114,False,48,5,0.8,euclidean,random,StandardScaler_per_sample_dimension
C1=CC=C(NP2OCCCO2)C=C1,20.667171,14.490918,False,48,5,0.8,euclidean,random,StandardScaler_per_sample_dimension
O=P1(NC2=CC=CC=C2)OCCCO1,21.684261,14.894266,False,48,5,0.8,euclidean,random,StandardScaler_per_sample_dimension
CC1(C)COP(NC2=CC=CC=C2)OC1,20.854076,14.439856,False,48,5,0.8,euclidean,random,StandardScaler_per_sample_dimension
NCC1=CC(SC2=CC=CC=C2)=CC=C1,-14.729884,-7.1055193,False,48,5,0.8,euclidean,random,StandardScaler_per_sample_dimension
NCC1=CC=CC(SC2=CC=CC=C2)=C1,-14.60573,-6.949499,False,48,5,0.8,euclidean,random,StandardScaler_per_sample_dimension
CC1(C)COP(=O)(NC2=CC=CC=C2)OC1,21.628496,14.889118,False,48,5,0.8,euclidean,random,StandardScaler_per_sample_dimension
CC1=CC(SC2=CC(CN)=CC=C2)=CC=C1,-14.736807,-7.1015067,False,48,5,0.8,euclidean,random,StandardScaler_per_sample_dimension
CC1=CC=CC(SC2=CC=CC(CN)=C2)=C1,-14.71534,-7.067447,False,48,5,0.8,euclidean,random,StandardScaler_per_sample_dimension
S=C(NCC1=CC=CC=N1)NC1=CC=CC=C1,8.832324,16.196869,False,48,5,0.8,euclidean,random,StandardScaler_per_sample_dimension
S=C(NCC1=NC=CC=C1)NC1=CC=CC=C1,9.4280615,16.31274,False,48,5,0.8,euclidean,random,StandardScaler_per_sample_dimension
FC1=CC=CC=C1,7.4293966,-2.1281173,False,48,5,0.8,euclidean,random,StandardScaler_per_sample_dimension
CCCOCCCP,-17.212152,0.22930768,False,48,5,0.8,euclidean,random,StandardScaler_per_sample_dimension
ClC1=CC(Cl)=CC=C1,8.0871525,23.798824,False,48,5,0.8,euclidean,random,StandardScaler_per_sample_dimension
ClC1=CC=CC(Cl)=C1,8.059134,23.79573,False,48,5,0.8,euclidean,random,StandardScaler_per_sample_dimension
CCCOC(=O)CCP,-17.253376,0.5440558,False,48,5,0.8,euclidean,random,StandardScaler_per_sample_dimension
CCCOCCCP=O,-17.293665,0.2827313,False,48,5,0.8,euclidean,random,StandardScaler_per_sample_dimension
CCCOC(=O)CCP=O,-17.59239,0.5260844,False,48,5,0.8,euclidean,random,StandardScaler_per_sample_dimension
CCCOCCCPC1=CC=CC=C1,-17.520077,0.501551,False,48,5,0.8,euclidean,random,StandardScaler_per_sample_dimension
CCCOC(=O)CCPC1=CC=CC=C1,-17.48354,0.4159904,False,48,5,0.8,euclidean,random,StandardScaler_per_sample_dimension
CCCOCCC[PH](=O)C1=CC=CC=C1,-17.42365,0.41742155,False,48,5,0.8,euclidean,random,StandardScaler_per_sample_dimension
CC1=CC=C(OP(O)C2=CC=CC=C2)C=C1,-6.915385,21.145994,False,48,5,0.8,euclidean,random,StandardScaler_per_sample_dimension
CCCOC(=O)CC[PH](=O)C1=CC=CC=C1,-17.159462,0.44805056,False,48,5,0.8,euclidean,random,StandardScaler_per_sample_dimension
CC1=CC=C(OP(=O)(O)C2=CC=CC=C2)C=C1,-7.0648017,21.19844,False,48,5,0.8,euclidean,random,StandardScaler_per_sample_dimension
S=CNC1=CC=C(NCC2=CC=CC=C2)C=C1,11.881309,19.231466,False,48,5,0.8,euclidean,random,StandardScaler_per_sample_dimension
[K+],7.497755,-1.9653103,False,48,5,0.8,euclidean,random,StandardScaler_per_sample_dimension
N=CC1=CC=C(OP)C=C1,16.678436,13.373609,False,48,5,0.8,euclidean,random,StandardScaler_per_sample_dimension
O=COC1=CC=C(S)C=C1,19.558107,16.74739,False,48,5,0.8,euclidean,random,StandardScaler_per_sample_dimension
N=CC1=CC=C(OP=O)C=C1,16.60295,13.368098,False,48,5,0.8,euclidean,random,StandardScaler_per_sample_dimension
N=CC1=CC=C(OPO)C=C1,16.545181,13.215505,False,48,5,0.8,euclidean,random,StandardScaler_per_sample_dimension
C/N=C/C1=CC=C(OPO)C=C1,16.900238,13.319615,False,48,5,0.8,euclidean,random,StandardScaler_per_sample_dimension
N=CC1=CC=C(O[PH](=O)O)C=C1,16.568192,13.56166,False,48,5,0.8,euclidean,random,StandardScaler_per_sample_dimension
C/N=C/C1=CC=C(O[PH](=O)O)C=C1,16.886974,13.296691,False,48,5,0.8,euclidean,random,StandardScaler_per_sample_dimension
CCOP(OCC)OC1=CC=CC=C1,30.10926,5.9696984,False,48,5,0.8,euclidean,random,StandardScaler_per_sample_dimension
SC1=CC=C(OC2=CC=CC=C2)C=C1,7.5050426,-1.1756077,False,48,5,0.8,euclidean,random,StandardScaler_per_sample_dimension
CCOP(=O)(OCC)OC1=CC=CC=C1,29.996008,5.9168777,False,48,5,0.8,euclidean,random,StandardScaler_per_sample_dimension
O=COC1=CC=C(SC2=CC=CC=C2)C=C1,19.545603,16.678583,False,48,5,0.8,euclidean,random,StandardScaler_per_sample_dimension
O=[SH](=O)C1=CC=C(OC2=CC=CC=C2)C=C1,7.61702,-1.201317,False,48,5,0.8,euclidean,random,StandardScaler_per_sample_dimension
N=CC1=CC=C(OPOC2=CC=CC=C2)C=C1,16.745634,13.5010395,False,48,5,0.8,euclidean,random,StandardScaler_per_sample_dimension
O=COC1=CC=C(SC2=CC=C(O)C=C2)C=C1,19.412373,16.65436,False,48,5,0.8,euclidean,random,StandardScaler_per_sample_dimension
[O-]S,18.03051,-9.613832,False,48,5,0.8,euclidean,random,StandardScaler_per_sample_dimension
*C=O,13.203876,2.8686287,False,48,5,0.8,euclidean,random,StandardScaler_per_sample_dimension
BrC(Br)Br,1.7795395,2.3406463,False,48,5,0.8,euclidean,random,StandardScaler_per_sample_dimension
CC(C)Br,3.5496027,2.1354833,False,48,5,0.8,euclidean,random,StandardScaler_per_sample_dimension
O=[SH](=O)[O-],17.959822,-9.666858,False,48,5,0.8,euclidean,random,StandardScaler_per_sample_dimension
CC(Br)(Br)Br,3.6106722,4.209663,False,48,5,0.8,euclidean,random,StandardScaler_per_sample_dimension
CCC(C)Br,3.8265638,2.877327,False,48,5,0.8,euclidean,random,StandardScaler_per_sample_dimension
BrCC(Br)(Br)Br,1.4724692,4.14967,False,48,5,0.8,euclidean,random,StandardScaler_per_sample_dimension
CCC(Br)(Br)Br,4.439957,4.2705264,False,48,5,0.8,euclidean,random,StandardScaler_per_sample_dimension
CCCC(C)Br,3.858061,4.8019147,False,48,5,0.8,euclidean,random,StandardScaler_per_sample_dimension
FC(F)CCP,-4.8985143,-2.9481685,False,48,5,0.8,euclidean,random,StandardScaler_per_sample_dimension
CC(Br)C(Br)(Br)Br,1.8712202,3.0726795,False,48,5,0.8,euclidean,random,StandardScaler_per_sample_dimension
CC(F)(F)CCP,-4.267778,-0.82185376,False,48,5,0.8,euclidean,random,StandardScaler_per_sample_dimension
CCCC(Br)(Br)Br,3.4790044,4.519625,False,48,5,0.8,euclidean,random,StandardScaler_per_sample_dimension
CCCC(F)(F)F,-4.813737,-0.97407216,False,48,5,0.8,euclidean,random,StandardScaler_per_sample_dimension
CCCCC(C)Br,4.3719482,4.8914266,False,48,5,0.8,euclidean,random,StandardScaler_per_sample_dimension
COCCCPO,-5.4958806,-8.391134,False,48,5,0.8,euclidean,random,StandardScaler_per_sample_dimension
FC(F)C(F)(F)F,-5.0231557,-2.7277808,False,48,5,0.8,euclidean,random,StandardScaler_per_sample_dimension
FC(F)CCCP,-4.569164,-2.3905578,False,48,5,0.8,euclidean,random,StandardScaler_per_sample_dimension
O=PCCC(F)F,-5.0333405,-1.1422864,False,48,5,0.8,euclidean,random,StandardScaler_per_sample_dimension
*CC1=CC=CC=C1,13.487845,2.1204717,False,48,5,0.8,euclidean,random,StandardScaler_per_sample_dimension
*NC1=CC=CC=C1,13.430029,2.83841,False,48,5,0.8,euclidean,random,StandardScaler_per_sample_dimension
C1OP2OCC1CO2,19.225407,22.09656,False,48,5,0.8,euclidean,random,StandardScaler_per_sample_dimension
CC(F)(F)C(F)(F)F,-5.204484,-1.3020666,False,48,5,0.8,euclidean,random,StandardScaler_per_sample_dimension
CC(F)(F)CCCP,-4.6472573,-1.1071838,False,48,5,0.8,euclidean,random,StandardScaler_per_sample_dimension
CC(F)(F)CCP=O,-4.442676,-2.8451908,False,48,5,0.8,euclidean,random,StandardScaler_per_sample_dimension
CCC(Br)C(Br)(Br)Br,1.3960177,3.1262195,False,48,5,0.8,euclidean,random,StandardScaler_per_sample_dimension
CCC(F)(F)CCP,-4.5956964,-1.2204449,False,48,5,0.8,euclidean,random,StandardScaler_per_sample_dimension
CCCCC(Br)(Br)Br,4.427957,3.640232,False,48,5,0.8,euclidean,random,StandardScaler_per_sample_dimension
CCCCC(F)(F)F,-5.3133674,-1.507137,False,48,5,0.8,euclidean,random,StandardScaler_per_sample_dimension
CCCCCC(C)Br,1.7714708,5.8501234,False,48,5,0.8,euclidean,random,StandardScaler_per_sample_dimension
CCCCCCCP,-4.8379464,-1.3500247,False,48,5,0.8,euclidean,random,StandardScaler_per_sample_dimension
CCOCCCPO,-5.6588593,-7.5958734,False,48,5,0.8,euclidean,random,StandardScaler_per_sample_dimension
COC(=O)CCPO,-4.299018,-8.265589,False,48,5,0.8,euclidean,random,StandardScaler_per_sample_dimension
COCCC[PH](=O)O,-5.717253,-7.6299067,False,48,5,0.8,euclidean,random,StandardScaler_per_sample_dimension
FC(F)CCCCP,-5.1880426,-2.3142312,False,48,5,0.8,euclidean,random,StandardScaler_per_sample_dimension
O=PCCCC(F)F,-4.3635216,-1.2421339,False,48,5,0.8,euclidean,random,StandardScaler_per_sample_dimension
[O-]SC1=CC=CC=C1,18.188013,-9.520816,False,48,5,0.8,euclidean,random,StandardScaler_per_sample_dimension
*C(=O)C1=CC=CC=C1,12.615269,3.010222,False,48,5,0.8,euclidean,random,StandardScaler_per_sample_dimension
*CC1=CC(C)=CC=C1,13.721766,3.306644,False,48,5,0.8,euclidean,random,StandardScaler_per_sample_dimension
*CC1=CC=CC(N)=C1,13.398412,2.5274644,False,48,5,0.8,euclidean,random,StandardScaler_per_sample_dimension
BrC1=CC(Br)=CC(Br)=C1,0.83166534,2.0902166,False,48,5,0.8,euclidean,random,StandardScaler_per_sample_dimension
CC(F)(F)CC(F)(F)F,-5.220954,-1.3671455,False,48,5,0.8,euclidean,random,StandardScaler_per_sample_dimension
CC(F)(F)CCCCP,-4.681179,-1.4081337,False,48,5,0.8,euclidean,random,StandardScaler_per_sample_dimension
CC(F)(F)CCCP=O,-5.4579434,-2.4909234,False,48,5,0.8,euclidean,random,StandardScaler_per_sample_dimension
CC1=C(Br)C(O)=CC=C1,3.3434138,3.30989,False,48,5,0.8,euclidean,random,StandardScaler_per_sample_dimension
CC1=C(Br)C=CC=C1Br,2.974519,3.601915,False,48,5,0.8,euclidean,random,StandardScaler_per_sample_dimension
CC1=CC(O)=C(Br)C=C1,2.4828382,1.6086026,False,48,5,0.8,euclidean,random,StandardScaler_per_sample_dimension
CC1=CC(O)=CC=C1Br,2.9595954,4.3693724,False,48,5,0.8,euclidean,random,StandardScaler_per_sample_dimension
CC1=CC(P)=CC=C1O,1.6203454,19.355986,False,48,5,0.8,euclidean,random,StandardScaler_per_sample_dimension
CCC(F)(F)C(F)(F)F,-4.9247622,-1.6837078,False,48,5,0.8,euclidean,random,StandardScaler_per_sample_dimension
CCC(F)(F)CCCP,-4.394101,-0.85764366,False,48,5,0.8,euclidean,random,StandardScaler_per_sample_dimension
CCC(F)(F)CCP=O,-4.6454473,-2.7496245,False,48,5,0.8,euclidean,random,StandardScaler_per_sample_dimension
CCCC(Br)C(Br)(Br)Br,1.3404857,3.9010534,False,48,5,0.8,euclidean,random,StandardScaler_per_sample_dimension
CCCC(F)(F)CCP,-4.4715524,-0.89179343,False,48,5,0.8,euclidean,random,StandardScaler_per_sample_dimension
CCCCCC(Br)(Br)Br,4.8651342,2.240001,False,48,5,0.8,euclidean,random,StandardScaler_per_sample_dimension
CCCCCC(F)(F)F,-5.182006,-2.1244638,False,48,5,0.8,euclidean,random,StandardScaler_per_sample_dimension
CCCCCCC(C)Br,1.8906771,2.9956307,False,48,5,0.8,euclidean,random,StandardScaler_per_sample_dimension
CCCCCCCCP,-4.2953377,-1.3302034,False,48,5,0.8,euclidean,random,StandardScaler_per_sample_dimension
CCCCCCCP=O,-4.8248043,-2.8116758,False,48,5,0.8,euclidean,random,StandardScaler_per_sample_dimension
CCOC(=O)CCPO,-0.16144416,12.829001,False,48,5,0.8,euclidean,random,StandardScaler_per_sample_dimension
CCOCCC[PH](=O)O,-0.0767646,12.710549,False,48,5,0.8,euclidean,random,StandardScaler_per_sample_dimension
COC(=O)CC[PH](=O)O,-4.425958,-7.861488,False,48,5,0.8,euclidean,random,StandardScaler_per_sample_dimension
FC(F)C(F)(F)CCP,-5.3330765,-1.1959693,False,48,5,0.8,euclidean,random,StandardScaler_per_sample_dimension
FC(F)CCC(F)(F)F,-4.202049,-2.741671,False,48,5,0.8,euclidean,random,StandardScaler_per_sample_dimension
FC(F)CCCCCP,-4.686667,-1.2837048,False,48,5,0.8,euclidean,random,StandardScaler_per_sample_dimension
O=P12OCC(CO1)CO2,19.087337,21.877329,False,48,5,0.8,euclidean,random,StandardScaler_per_sample_dimension
O=PCCCCC(F)F,-4.445599,-1.6720836,False,48,5,0.8,euclidean,random,StandardScaler_per_sample_dimension
*C(=O)C1=CC(C)=CC=C1,13.44096,2.0508888,False,48,5,0.8,euclidean,random,StandardScaler_per_sample_dimension
*C(=O)C1=CC=CC(N)=C1,13.6314535,3.1491983,False,48,5,0.8,euclidean,random,StandardScaler_per_sample_dimension
*CC1=CC(C)=CC(N)=C1,13.652321,1.6336033,False,48,5,0.8,euclidean,random,StandardScaler_per_sample_dimension
*CC1=CC(C=O)=CC=C1,13.566561,2.676871,False,48,5,0.8,euclidean,random,StandardScaler_per_sample_dimension
*CC1=CC(CN)=CC=C1,13.69635,3.4418406,False,48,5,0.8,euclidean,random,StandardScaler_per_sample_dimension
*CC1=CC=CC(NC)=C1,13.219856,2.4252615,False,48,5,0.8,euclidean,random,StandardScaler_per_sample_dimension
CC1=C(Br)C(O)=C(Br)C=C1,3.4556346,3.8125036,False,48,5,0.8,euclidean,random,StandardScaler_per_sample_dimension
CC1=C(Br)C(O)=CC=C1Br,4.3007536,2.5660512,False,48,5,0.8,euclidean,random,StandardScaler_per_sample_dimension
CC1=C(Br)C=C(Br)C=C1Br,1.605653,4.144726,False,48,5,0.8,euclidean,random,StandardScaler_per_sample_dimension
CC1=CC(O)=C(Br)C=C1Br,2.4091215,2.85014,False,48,5,0.8,euclidean,random,StandardScaler_per_sample_dimension
CC1=CC(P=O)=CC=C1O,1.530201,19.37202,False,48,5,0.8,euclidean,random,StandardScaler_per_sample_dimension
CCC1=C(Br)C(O)=CC=C1,3.0088918,2.935757,False,48,5,0.8,euclidean,random,StandardScaler_per_sample_dimension
CCC1=C(Br)C=CC=C1Br,2.4112136,3.411332,False,48,5,0.8,euclidean,random,StandardScaler_per_sample_dimension
CCC1=CC(O)=C(Br)C=C1,1.168998,4.46451,False,48,5,0.8,euclidean,random,StandardScaler_per_sample_dimension
CCC1=CC(O)=CC=C1Br,2.3615346,1.812466,False,48,5,0.8,euclidean,random,StandardScaler_per_sample_dimension
CCCC1=CC=C(Br)C=C1,4.274865,4.0284333,False,48,5,0.8,euclidean,random,StandardScaler_per_sample_dimension
CCCCC(Br)C(Br)(Br)Br,0.8511358,3.777053,False,48,5,0.8,euclidean,random,StandardScaler_per_sample_dimension
CCCCCCC(Br)(Br)Br,3.0242662,2.930079,False,48,5,0.8,euclidean,random,StandardScaler_per_sample_dimension
CCCCCCCC(C)Br,2.9545283,3.2870007,False,48,5,0.8,euclidean,random,StandardScaler_per_sample_dimension
CCOC(=O)CC[PH](=O)O,-0.014066768,12.654973,False,48,5,0.8,euclidean,random,StandardScaler_per_sample_dimension
O=S(=O)([O-])C1=CC=CC=C1,18.217861,-9.764655,False,48,5,0.8,euclidean,random,StandardScaler_per_sample_dimension
OC1=C(Br)C=C(Br)C=C1Br,1.1621122,2.2893372,False,48,5,0.8,euclidean,random,StandardScaler_per_sample_dimension
*C(=O)C1=CC(C)=CC(N)=C1,14.194753,4.020876,False,48,5,0.8,euclidean,random,StandardScaler_per_sample_dimension
*C(=O)C1=CC(C=O)=CC=C1,12.481917,2.9804332,False,48,5,0.8,euclidean,random,StandardScaler_per_sample_dimension
*C(=O)C1=CC(CN)=CC=C1,13.906241,3.3574743,False,48,5,0.8,euclidean,random,StandardScaler_per_sample_dimension
*C(=O)C1=CC=CC(NC)=C1,13.211117,2.6626332,False,48,5,0.8,euclidean,random,StandardScaler_per_sample_dimension
*CC1=CC(C(N)=O)=CC=C1,13.586284,3.234884,False,48,5,0.8,euclidean,random,StandardScaler_per_sample_dimension
*CC1=CC(C)=CC(NC)=C1,14.3506155,4.223746,False,48,5,0.8,euclidean,random,StandardScaler_per_sample_dimension
*CC1=CC(C=O)=CC(N)=C1,13.7285185,3.1882055,False,48,5,0.8,euclidean,random,StandardScaler_per_sample_dimension
*CC1=CC(CN)=CC(N)=C1,12.231977,3.1158524,False,48,5,0.8,euclidean,random,StandardScaler_per_sample_dimension
*CC1=CC=CC(NC=O)=C1,12.146285,3.2358174,False,48,5,0.8,euclidean,random,StandardScaler_per_sample_dimension
*CC1=CC=CC(NCC)=C1,13.601467,2.9038925,False,48,5,0.8,euclidean,random,StandardScaler_per_sample_dimension
CC1=C(Br)C(O)=C(Br)C=C1Br,4.3130608,1.8723869,False,48,5,0.8,euclidean,random,StandardScaler_per_sample_dimension
CC1=C(Br)C(OPO)=CC=C1,2.5017295,2.4555867,False,48,5,0.8,euclidean,random,StandardScaler_per_sample_dimension
CC1=CC(OPO)=C(Br)C=C1,2.4390717,4.5924125,False,48,5,0.8,euclidean,random,StandardScaler_per_sample_dimension
CC1=CC(OPO)=CC=C1Br,3.548762,2.457969,False,48,5,0.8,euclidean,random,StandardScaler_per_sample_dimension
CCC1=C(Br)C(O)=C(Br)C=C1,3.7304585,2.8405137,False,48,5,0.8,euclidean,random,StandardScaler_per_sample_dimension
CCC1=C(Br)C(O)=CC=C1Br,3.3107977,1.6254337,False,48,5,0.8,euclidean,random,StandardScaler_per_sample_dimension
CCC1=C(Br)C=C(Br)C=C1Br,3.4211025,4.1641536,False,48,5,0.8,euclidean,random,StandardScaler_per_sample_dimension
CCC1=CC(O)=C(Br)C=C1Br,1.8020759,3.6040452,False,48,5,0.8,euclidean,random,StandardScaler_per_sample_dimension
CCCC1=C(Br)C(O)=CC=C1,3.4165766,4.6586785,False,48,5,0.8,euclidean,random,StandardScaler_per_sample_dimension
CCCC1=C(Br)C=CC=C1Br,3.230506,5.161652,False,48,5,0.8,euclidean,random,StandardScaler_per_sample_dimension
CCCC1=CC(O)=C(Br)C=C1,3.9102616,3.2342632,False,48,5,0.8,euclidean,random,StandardScaler_per_sample_dimension
CCCC1=CC(O)=CC=C1Br,1.171289,2.8412173,False,48,5,0.8,euclidean,random,StandardScaler_per_sample_dimension
CCCCC1=CC=C(Br)C=C1,1.3000603,4.3775926,False,48,5,0.8,euclidean,random,StandardScaler_per_sample_dimension
CCCCCC(Br)C(Br)(Br)Br,2.81054,3.0662272,False,48,5,0.8,euclidean,random,StandardScaler_per_sample_dimension
CCCCCCCC(Br)(Br)Br,4.711989,4.0777135,False,48,5,0.8,euclidean,random,StandardScaler_per_sample_dimension
CCCCCCCCC(C)Br,3.4241042,5.06635,False,48,5,0.8,euclidean,random,StandardScaler_per_sample_dimension
PC1=CC=CC(N2CCC2)=C1,-5.344759,-2.5309005,False,48,5,0.8,euclidean,random,StandardScaler_per_sample_dimension
*C(=O)C1=CC(C(N)=O)=CC=C1,14.516212,4.420372,False,48,5,0.8,euclidean,random,StandardScaler_per_sample_dimension
*C(=O)C1=CC(C)=CC(NC)=C1,13.4994,1.8018067,False,48,5,0.8,euclidean,random,StandardScaler_per_sample_dimension
*C(=O)C1=CC(C=O)=CC(N)=C1,13.401797,2.6948495,False,48,5,0.8,euclidean,random,StandardScaler_per_sample_dimension
*C(=O)C1=CC(CN)=CC(N)=C1,13.541572,3.1249416,False,48,5,0.8,euclidean,random,StandardScaler_per_sample_dimension
*C(=O)C1=CC=CC(NC=O)=C1,13.383239,1.678348,False,48,5,0.8,euclidean,random,StandardScaler_per_sample_dimension
*C(=O)C1=CC=CC(NCC)=C1,13.251058,2.5558488,False,48,5,0.8,euclidean,random,StandardScaler_per_sample_dimension
*CC1=CC(C(N)=O)=CC(N)=C1,14.499125,4.3382545,False,48,5,0.8,euclidean,random,StandardScaler_per_sample_dimension
*CC1=CC(C)=CC(NC=O)=C1,14.515536,4.2043796,False,48,5,0.8,euclidean,random,StandardScaler_per_sample_dimension
*CC1=CC(C)=CC(NCC)=C1,13.441759,3.1758738,False,48,5,0.8,euclidean,random,StandardScaler_per_sample_dimension
*CC1=CC(C=O)=CC(NC)=C1,13.623846,1.6726007,False,48,5,0.8,euclidean,random,StandardScaler_per_sample_dimension
*CC1=CC(CN)=CC(NC)=C1,12.323802,3.162629,False,48,5,0.8,euclidean,random,StandardScaler_per_sample_dimension
*CC1=CC=CC(NC(C)=O)=C1,13.262949,1.7837849,False,48,5,0.8,euclidean,random,StandardScaler_per_sample_dimension
*CC1=CC=CC(NCCC)=C1,14.400282,4.334758,False,48,5,0.8,euclidean,random,StandardScaler_per_sample_dimension
CC1=C(Br)C(OPO)=C(Br)C=C1,3.3610227,4.103373,False,48,5,0.8,euclidean,random,StandardScaler_per_sample_dimension
CC1=C(Br)C(OPO)=CC=C1Br,1.406387,3.0970345,False,48,5,0.8,euclidean,random,StandardScaler_per_sample_dimension
CC1=C(Br)C(O[PH](=O)O)=CC=C1,3.505605,4.740113,False,48,5,0.8,euclidean,random,StandardScaler_per_sample_dimension
CC1=CC(Br)=C(OC=O)C(Br)=C1,19.251228,17.087595,False,48,5,0.8,euclidean,random,StandardScaler_per_sample_dimension
CC1=CC(OPO)=C(Br)C=C1Br,2.9791882,3.3531845,False,48,5,0.8,euclidean,random,StandardScaler_per_sample_dimension
CC1=CC(O[PH](=O)O)=C(Br)C=C1,2.2247236,1.3664874,False,48,5,0.8,euclidean,random,StandardScaler_per_sample_dimension
CC1=CC(O[PH](=O)O)=CC=C1Br,3.2580411,3.1662436,False,48,5,0.8,euclidean,random,StandardScaler_per_sample_dimension
CCC1=C(Br)C(O)=C(Br)C=C1Br,2.8230548,3.2501686,False,48,5,0.8,euclidean,random,StandardScaler_per_sample_dimension
CCC1=C(Br)C(OPO)=CC=C1,3.1163318,3.6461449,False,48,5,0.8,euclidean,random,StandardScaler_per_sample_dimension
CCC1=CC(OPO)=C(Br)C=C1,3.6983845,2.6328957,False,48,5,0.8,euclidean,random,StandardScaler_per_sample_dimension
CCC1=CC(OPO)=CC=C1Br,2.5531225,2.7314093,False,48,5,0.8,euclidean,random,StandardScaler_per_sample_dimension
CCCC1=C(Br)C(O)=C(Br)C=C1,1.2638879,2.2426987,False,48,5,0.8,euclidean,random,StandardScaler_per_sample_dimension
CCCC1=C(Br)C(O)=CC=C1Br,1.9850041,3.0456126,False,48,5,0.8,euclidean,random,StandardScaler_per_sample_dimension
CCCC1=C(Br)C=C(Br)C=C1Br,3.6832955,3.714586,False,48,5,0.8,euclidean,random,StandardScaler_per_sample_dimension
CCCC1=CC(O)=C(Br)C=C1Br,3.2623305,1.6693786,False,48,5,0.8,euclidean,random,StandardScaler_per_sample_dimension
CCCCC1=C(Br)C(O)=CC=C1,4.039344,2.974249,False,48,5,0.8,euclidean,random,StandardScaler_per_sample_dimension
CCCCC1=C(Br)C=CC=C1Br,2.0093672,3.0967355,False,48,5,0.8,euclidean,random,StandardScaler_per_sample_dimension
CCCCC1=CC(O)=C(Br)C=C1,1.3343312,4.495933,False,48,5,0.8,euclidean,random,StandardScaler_per_sample_dimension
CCCCC1=CC(O)=CC=C1Br,3.4738798,5.2370887,False,48,5,0.8,euclidean,random,StandardScaler_per_sample_dimension
CCCCCC1=CC=C(Br)C=C1,2.1525977,1.8427645,False,48,5,0.8,euclidean,random,StandardScaler_per_sample_dimension
CCCCCCC(Br)C(Br)(Br)Br,1.4374605,4.234183,False,48,5,0.8,euclidean,random,StandardScaler_per_sample_dimension
CCCCCCCCC(Br)(Br)Br,1.7767271,2.0221932,False,48,5,0.8,euclidean,random,StandardScaler_per_sample_dimension
CCCCCCCCCC(C)Br,3.1137402,1.8939598,False,48,5,0.8,euclidean,random,StandardScaler_per_sample_dimension
O=PC1=CC=CC(N2CCC2)=C1,-4.3916245,-2.5823581,False,48,5,0.8,euclidean,random,StandardScaler_per_sample_dimension
OC1=CC=C(P)C=C1C(F)(F)F,1.8124883,19.220852,False,48,5,0.8,euclidean,random,StandardScaler_per_sample_dimension
OPOC1=C(Br)C=C(Br)C=C1Br,4.122477,1.4902794,False,48,5,0.8,euclidean,random,StandardScaler_per_sample_dimension
*C(=O)C1=CC=CC(NC(C)=O)=C1,14.530077,4.2970037,False,48,5,0.8,euclidean,random,StandardScaler_per_sample_dimension
*C(=O)C1=CC=CC(NCCC)=C1,13.568395,3.123875,False,48,5,0.8,euclidean,random,StandardScaler_per_sample_dimension
*CC1=CC=CC(NC(=O)CC)=C1,13.703968,3.1186335,False,48,5,0.8,euclidean,random,StandardScaler_per_sample_dimension
CC1=C(Br)C(OPO)=C(Br)C=C1Br,2.213067,1.5027051,False,48,5,0.8,euclidean,random,StandardScaler_per_sample_dimension
CC1=C(Br)C(O[PH](=O)O)=C(Br)C=C1,3.8494744,3.2438946,False,48,5,0.8,euclidean,random,StandardScaler_per_sample_dimension
CC1=C(Br)C(O[PH](=O)O)=CC=C1Br,3.3741388,1.6076179,False,48,5,0.8,euclidean,random,StandardScaler_per_sample_dimension
CC1=CC(O[PH](=O)O)=C(Br)C=C1Br,2.7766726,2.0005877,False,48,5,0.8,euclidean,random,StandardScaler_per_sample_dimension
CCC1=C(Br)C(OPO)=C(Br)C=C1,4.2385015,1.5698392,False,48,5,0.8,euclidean,random,StandardScaler_per_sample_dimension
CCC1=C(Br)C(OPO)=CC=C1Br,2.0783775,5.5155377,False,48,5,0.8,euclidean,random,StandardScaler_per_sample_dimension
CCC1=C(Br)C(O[PH](=O)O)=CC=C1,2.2453942,1.4582055,False,48,5,0.8,euclidean,random,StandardScaler_per_sample_dimension
CCC1=CC(OPO)=C(Br)C=C1Br,2.5013366,4.7079816,False,48,5,0.8,euclidean,random,StandardScaler_per_sample_dimension
CCC1=CC(O[PH](=O)O)=C(Br)C=C1,4.156108,3.1474862,False,48,5,0.8,euclidean,random,StandardScaler_per_sample_dimension
CCC1=CC(O[PH](=O)O)=CC=C1Br,2.341555,3.9642794,False,48,5,0.8,euclidean,random,StandardScaler_per_sample_dimension
CCCC1=C(Br)C(O)=C(Br)C=C1Br,1.9946368,5.763045,False,48,5,0.8,euclidean,random,StandardScaler_per_sample_dimension
CCCC1=C(Br)C(OPO)=CC=C1,4.321302,5.1452107,False,48,5,0.8,euclidean,random,StandardScaler_per_sample_dimension
CCCC1=CC(OPO)=C(Br)C=C1,0.9697204,3.6530309,False,48,5,0.8,euclidean,random,StandardScaler_per_sample_dimension
CCCC1=CC(OPO)=CC=C1Br,1.9710729,3.5810885,False,48,5,0.8,euclidean,random,StandardScaler_per_sample_dimension
CCCCC1=C(Br)C(O)=C(Br)C=C1,4.6703987,4.3012743,False,48,5,0.8,euclidean,random,StandardScaler_per_sample_dimension
CCCCC1=C(Br)C(O)=CC=C1Br,2.744455,3.3231006,False,48,5,0.8,euclidean,random,StandardScaler_per_sample_dimension
CCCCC1=C(Br)C=C(Br)C=C1Br,2.713243,4.417698,False,48,5,0.8,euclidean,random,StandardScaler_per_sample_dimension
CCCCC1=CC(O)=C(Br)C=C1Br,1.6500236,2.195231,False,48,5,0.8,euclidean,random,StandardScaler_per_sample_dimension
CCCCCC1=C(Br)C(O)=CC=C1,4.1508126,1.5393695,False,48,5,0.8,euclidean,random,StandardScaler_per_sample_dimension
CCCCCC1=C(Br)C=CC=C1Br,1.8522692,1.9282598,False,48,5,0.8,euclidean,random,StandardScaler_per_sample_dimension
CCCCCC1=CC(O)=C(Br)C=C1,1.8886788,5.823889,False,48,5,0.8,euclidean,random,StandardScaler_per_sample_dimension
CCCCCC1=CC(O)=CC=C1Br,4.421052,2.4959116,False,48,5,0.8,euclidean,random,StandardScaler_per_sample_dimension
CCCCCCC1=CC=C(Br)C=C1,4.900244,3.5570445,False,48,5,0.8,euclidean,random,StandardScaler_per_sample_dimension
CCCCCCCC(Br)C(Br)(Br)Br,4.851346,3.7076974,False,48,5,0.8,euclidean,random,StandardScaler_per_sample_dimension
CCCCCCCCCC(Br)(Br)Br,4.640524,2.4414394,False,48,5,0.8,euclidean,random,StandardScaler_per_sample_dimension
CCCCCCCCCCC(C)Br,3.407859,4.7574286,False,48,5,0.8,euclidean,random,StandardScaler_per_sample_dimension
CCPC1=CC=CC(N2CCC2)=C1,-5.4142156,-2.5847762,False,48,5,0.8,euclidean,random,StandardScaler_per_sample_dimension
COCCCP(O)C1=CC=CC=C1,-5.4163213,-8.42805,False,48,5,0.8,euclidean,random,StandardScaler_per_sample_dimension
O=C1CC(=O)N1C1=CC(P)=CC=C1,-5.041027,-2.8625216,False,48,5,0.8,euclidean,random,StandardScaler_per_sample_dimension
O=[PH](O)OC1=C(Br)C=C(Br)C=C1Br,4.528297,4.417358,False,48,5,0.8,euclidean,random,StandardScaler_per_sample_dimension
S=CNCC1=CC2=C(C=C1)CCC2,3.5710669,-20.833963,False,48,5,0.8,euclidean,random,StandardScaler_per_sample_dimension
*C(=O)C1=CC=CC(NC(=O)CC)=C1,12.31161,2.9937866,False,48,5,0.8,euclidean,random,StandardScaler_per_sample_dimension
CC1=C(Br)C(O[PH](=O)O)=C(Br)C=C1Br,3.1708295,3.4214194,False,48,5,0.8,euclidean,random,StandardScaler_per_sample_dimension
CCC1=C(Br)C(OPO)=C(Br)C=C1Br,4.040356,3.6214478,False,48,5,0.8,euclidean,random,StandardScaler_per_sample_dimension
CCC1=C(Br)C(O[PH](=O)O)=C(Br)C=C1,0.9390608,3.7469406,False,48,5,0.8,euclidean,random,StandardScaler_per_sample_dimension
CCC1=C(Br)C(O[PH](=O)O)=CC=C1Br,4.822436,2.374429,False,48,5,0.8,euclidean,random,StandardScaler_per_sample_dimension
CCC1=CC(O[PH](=O)O)=C(Br)C=C1Br,0.93853533,3.7346911,False,48,5,0.8,euclidean,random,StandardScaler_per_sample_dimension
CCCC1=C(Br)C(OPO)=C(Br)C=C1,3.1393847,4.3737097,False,48,5,0.8,euclidean,random,StandardScaler_per_sample_dimension
CCCC1=C(Br)C(OPO)=CC=C1Br,4.7756877,2.570814,False,48,5,0.8,euclidean,random,StandardScaler_per_sample_dimension
CCCC1=C(Br)C(O[PH](=O)O)=CC=C1,1.1735497,2.7570255,False,48,5,0.8,euclidean,random,StandardScaler_per_sample_dimension
CCCC1=CC(OPO)=C(Br)C=C1Br,3.6214309,4.3894315,False,48,5,0.8,euclidean,random,StandardScaler_per_sample_dimension
CCCC1=CC(O[PH](=O)O)=C(Br)C=C1,1.4523714,4.4436564,False,48,5,0.8,euclidean,random,StandardScaler_per_sample_dimension
CCCC1=CC(O[PH](=O)O)=CC=C1Br,4.880981,2.269365,False,48,5,0.8,euclidean,random,StandardScaler_per_sample_dimension
CCCCC1=C(Br)C(O)=C(Br)C=C1Br,4.7027063,5.2389407,False,48,5,0.8,euclidean,random,StandardScaler_per_sample_dimension
CCCCC1=C(Br)C(OPO)=CC=C1,4.214235,3.6005926,False,48,5,0.8,euclidean,random,StandardScaler_per_sample_dimension
CCCCC1=CC(OPO)=C(Br)C=C1,1.3427022,2.7427878,False,48,5,0.8,euclidean,random,StandardScaler_per_sample_dimension
CCCCC1=CC(OPO)=CC=C1Br,2.658693,4.5931306,False,48,5,0.8,euclidean,random,StandardScaler_per_sample_dimension
CCCCCC1=C(Br)C(O)=C(Br)C=C1,4.927693,3.7405334,False,48,5,0.8,euclidean,random,StandardScaler_per_sample_dimension
CCCCCC1=C(Br)C(O)=CC=C1Br,4.519023,5.163718,False,48,5,0.8,euclidean,random,StandardScaler_per_sample_dimension
CCCCCC1=C(Br)C=C(Br)C=C1Br,2.0866828,2.2263823,False,48,5,0.8,euclidean,random,StandardScaler_per_sample_dimension
CCCCCC1=CC(O)=C(Br)C=C1Br,2.73467,4.3567257,False,48,5,0.8,euclidean,random,StandardScaler_per_sample_dimension
CCCCCCC1=C(Br)C(O)=CC=C1,1.1692728,4.4867754,False,48,5,0.8,euclidean,random,StandardScaler_per_sample_dimension
CCCCCCC1=C(Br)C=CC=C1Br,3.452205,3.488872,False,48,5,0.8,euclidean,random,StandardScaler_per_sample_dimension
CCCCCCC1=CC(O)=C(Br)C=C1,4.3279285,3.5307248,False,48,5,0.8,euclidean,random,StandardScaler_per_sample_dimension
CCCCCCC1=CC(O)=CC=C1Br,4.1098547,1.7217156,False,48,5,0.8,euclidean,random,StandardScaler_per_sample_dimension
CCCCCCCC1=CC=C(Br)C=C1,2.5166738,2.8539758,False,48,5,0.8,euclidean,random,StandardScaler_per_sample_dimension
CCCCCCCCC(Br)C(Br)(Br)Br,2.6430078,4.795116,False,48,5,0.8,euclidean,random,StandardScaler_per_sample_dimension
CCCCCCCCCCC(Br)(Br)Br,2.3465712,1.3756068,False,48,5,0.8,euclidean,random,StandardScaler_per_sample_dimension
CCCCCCCCCCCC(C)Br,4.0236373,3.8587196,False,48,5,0.8,euclidean,random,StandardScaler_per_sample_dimension
CCCPC1=CC=CC(N2CCC2)=C1,-5.241733,-2.61183,False,48,5,0.8,euclidean,random,StandardScaler_per_sample_dimension
CCOCCCP(O)C1=CC=CC=C1,-4.3944387,-8.418757,False,48,5,0.8,euclidean,random,StandardScaler_per_sample_dimension
CC[PH](=O)C1=CC=CC(N2CCC2)=C1,-4.3599167,-2.5916078,False,48,5,0.8,euclidean,random,StandardScaler_per_sample_dimension
COC(=O)CCP(O)C1=CC=CC=C1,-5.8423667,-7.608333,False,48,5,0.8,euclidean,random,StandardScaler_per_sample_dimension
COCCCP(=O)(O)C1=CC=CC=C1,-5.523446,-8.301775,False,48,5,0.8,euclidean,random,StandardScaler_per_sample_dimension
NC(=S)NCC1=CC2=C(C=C1)CCC2,10.506185,17.875656,False,48,5,0.8,euclidean,random,StandardScaler_per_sample_dimension
O=C(NC=S)C1=CC2=C(C=C1)CCC2,10.419694,17.683203,False,48,5,0.8,euclidean,random,StandardScaler_per_sample_dimension
O=C1CCC2=C1C=C(CNC=S)C=C2,10.43146,17.607697,False,48,5,0.8,euclidean,random,StandardScaler_per_sample_dimension
O=C1CCC2=C1C=CC(CNC=S)=C2,3.5115838,-20.895226,False,48,5,0.8,euclidean,random,StandardScaler_per_sample_dimension
O=PC1=CC=CC(N2C(=O)CC2=O)=C1,-4.3060517,-0.77555996,False,48,5,0.8,euclidean,random,StandardScaler_per_sample_dimension
S=CNCC1=CC=CC(CNC=S)=N1,9.206295,16.310497,False,48,5,0.8,euclidean,random,StandardScaler_per_sample_dimension
S=CNCC1=NC(CNC=S)=CC=C1,9.030742,16.489985,False,48,5,0.8,euclidean,random,StandardScaler_per_sample_dimension
CC1=CC(P)=CC=C1OC1=CC=CC=C1,1.5404593,19.552122,False,48,5,0.8,euclidean,random,StandardScaler_per_sample_dimension
CCC1=C(Br)C(O[PH](=O)O)=C(Br)C=C1Br,3.2424636,3.1430178,False,48,5,0.8,euclidean,random,StandardScaler_per_sample_dimension
CCCC1=C(Br)C(OPO)=C(Br)C=C1Br,3.460617,1.9491346,False,48,5,0.8,euclidean,random,StandardScaler_per_sample_dimension
CCCC1=C(Br)C(O[PH](=O)O)=C(Br)C=C1,4.198959,1.5280387,False,48,5,0.8,euclidean,random,StandardScaler_per_sample_dimension
CCCC1=C(Br)C(O[PH](=O)O)=CC=C1Br,3.6431003,3.6049762,False,48,5,0.8,euclidean,random,StandardScaler_per_sample_dimension
CCCC1=CC(O[PH](=O)O)=C(Br)C=C1Br,1.4186089,2.9100773,False,48,5,0.8,euclidean,random,StandardScaler_per_sample_dimension
CCCCC1=C(Br)C(OPO)=C(Br)C=C1,3.4241118,5.1573915,False,48,5,0.8,euclidean,random,StandardScaler_per_sample_dimension
CCCCC1=C(Br)C(OPO)=CC=C1Br,4.4819202,2.294257,False,48,5,0.8,euclidean,random,StandardScaler_per_sample_dimension
CCCCC1=C(Br)C(O[PH](=O)O)=CC=C1,1.2920545,4.279285,False,48,5,0.8,euclidean,random,StandardScaler_per_sample_dimension
CCCCC1=CC(OPO)=C(Br)C=C1Br,2.5881433,3.6549618,False,48,5,0.8,euclidean,random,StandardScaler_per_sample_dimension
CCCCC1=CC(O[PH](=O)O)=C(Br)C=C1,3.1579938,2.0258257,False,48,5,0.8,euclidean,random,StandardScaler_per_sample_dimension
CCCCC1=CC(O[PH](=O)O)=CC=C1Br,2.3353376,4.4396634,False,48,5,0.8,euclidean,random,StandardScaler_per_sample_dimension
CCCCCC1=C(Br)C(O)=C(Br)C=C1Br,2.5144439,3.0015118,False,48,5,0.8,euclidean,random,StandardScaler_per_sample_dimension
CCCCCC1=C(Br)C(OPO)=CC=C1,2.501338,4.679881,False,48,5,0.8,euclidean,random,StandardScaler_per_sample_dimension
CCCCCC1=CC(OPO)=C(Br)C=C1,4.800042,4.5069556,False,48,5,0.8,euclidean,random,StandardScaler_per_sample_dimension
CCCCCC1=CC(OPO)=CC=C1Br,4.7098494,5.31539,False,48,5,0.8,euclidean,random,StandardScaler_per_sample_dimension
CCCCCCC1=C(Br)C(O)=C(Br)C=C1,2.6222022,4.602404,False,48,5,0.8,euclidean,random,StandardScaler_per_sample_dimension
CCCCCCC1=C(Br)C(O)=CC=C1Br,0.902474,2.0302322,False,48,5,0.8,euclidean,random,StandardScaler_per_sample_dimension
CCCCCCC1=C(Br)C=C(Br)C=C1Br,1.9919801,5.8632884,False,48,5,0.8,euclidean,random,StandardScaler_per_sample_dimension
CCCCCCC1=CC(O)=C(Br)C=C1Br,5.0232334,3.6121335,False,48,5,0.8,euclidean,random,StandardScaler_per_sample_dimension
CCCCCCCC1=C(Br)C(O)=CC=C1,1.6072842,3.5059137,False,48,5,0.8,euclidean,random,StandardScaler_per_sample_dimension
CCCCCCCC1=C(Br)C=CC=C1Br,3.2152395,3.217882,False,48,5,0.8,euclidean,random,StandardScaler_per_sample_dimension
CCCCCCCC1=CC(O)=C(Br)C=C1,2.9043214,3.0877426,False,48,5,0.8,euclidean,random,StandardScaler_per_sample_dimension
CCCCCCCC1=CC(O)=CC=C1Br,1.3692515,4.5102763,False,48,5,0.8,euclidean,random,StandardScaler_per_sample_dimension
CCCCCCCCC1=CC=C(Br)C=C1,1.7726386,5.689404,False,48,5,0.8,euclidean,random,StandardScaler_per_sample_dimension
CCCCCCCCCC(Br)C(Br)(Br)Br,3.0516868,2.5764136,False,48,5,0.8,euclidean,random,StandardScaler_per_sample_dimension
CCCCCCCCCCCC(Br)(Br)Br,1.2106186,2.91464,False,48,5,0.8,euclidean,random,StandardScaler_per_sample_dimension
CCCCCCCCCCCCC(C)Br,4.6693416,5.1721225,False,48,5,0.8,euclidean,random,StandardScaler_per_sample_dimension
CCCCPC1=CC=CC(N2CCC2)=C1,-4.5433807,-1.0837723,False,48,5,0.8,euclidean,random,StandardScaler_per_sample_dimension
CCC[PH](=O)C1=CC=CC(N2CCC2)=C1,-4.8473372,-1.9258847,False,48,5,0.8,euclidean,random,StandardScaler_per_sample_dimension
CCOC(=O)CCP(O)C1=CC=CC=C1,-0.0924336,12.75054,False,48,5,0.8,euclidean,random,StandardScaler_per_sample_dimension
CCOCCCP(=O)(O)C1=CC=CC=C1,-5.7833953,-7.5171523,False,48,5,0.8,euclidean,random,StandardScaler_per_sample_dimension
COC(=O)CCP(=O)(O)C1=CC=CC=C1,-4.6382375,-7.3298693,False,48,5,0.8,euclidean,random,StandardScaler_per_sample_dimension
NC(=S)NC(=O)C1=CC2=C(C=C1)CCC2,3.6534092,-20.76266,False,48,5,0.8,euclidean,random,StandardScaler_per_sample_dimension
NC(=S)NCC1=CC2=C(C=C1)C(=O)CC2,3.780328,-20.6406,False,48,5,0.8,euclidean,random,StandardScaler_per_sample_dimension
NC(=S)NCC1=CC2=C(C=C1)CCC2=O,3.4152853,-20.878464,False,48,5,0.8,euclidean,random,StandardScaler_per_sample_dimension
O=C(NC=S)C1=CC2=C(C=C1)C(=O)CC2,3.4865205,-20.914198,False,48,5,0.8,euclidean,random,StandardScaler_per_sample_dimension
O=C(NC=S)C1=CC2=C(C=C1)CCC2=O,10.291635,17.694534,False,48,5,0.8,euclidean,random,StandardScaler_per_sample_dimension
O=C1CC(=O)C2=C1C=CC(CNC=S)=C2,10.54087,17.754063,False,48,5,0.8,euclidean,random,StandardScaler_per_sample_dimension
*CC1=CC(CNC2=CC=CC=C2)=CC=C1,13.4704075,1.8098903,False,48,5,0.8,euclidean,random,StandardScaler_per_sample_dimension
CC1=CC(P=O)=CC=C1OC1=CC=CC=C1,1.7170054,19.459616,False,48,5,0.8,euclidean,random,StandardScaler_per_sample_dimension
CCCC1=C(Br)C(O[PH](=O)O)=C(Br)C=C1Br,4.9994297,3.6186943,False,48,5,0.8,euclidean,random,StandardScaler_per_sample_dimension
CCCCC1=C(Br)C(OPO)=C(Br)C=C1Br,0.82400167,2.053129,False,48,5,0.8,euclidean,random,StandardScaler_per_sample_dimension
CCCCC1=C(Br)C(O[PH](=O)O)=C(Br)C=C1,2.0087094,5.6863403,False,48,5,0.8,euclidean,random,StandardScaler_per_sample_dimension
CCCCC1=C(Br)C(O[PH](=O)O)=CC=C1Br,2.151376,1.5100427,False,48,5,0.8,euclidean,random,StandardScaler_per_sample_dimension
CCCCC1=CC(O[PH](=O)O)=C(Br)C=C1Br,1.2001176,3.5383058,False,48,5,0.8,euclidean,random,StandardScaler_per_sample_dimension
CCCCCC1=C(Br)C(OPO)=C(Br)C=C1,1.1973796,2.9212236,False,48,5,0.8,euclidean,random,StandardScaler_per_sample_dimension
CCCCCC1=C(Br)C(OPO)=CC=C1Br,4.6111946,5.423149,False,48,5,0.8,euclidean,random,StandardScaler_per_sample_dimension
CCCCCC1=C(Br)C(O[PH](=O)O)=CC=C1,3.5569334,2.7183785,False,48,5,0.8,euclidean,random,StandardScaler_per_sample_dimension
CCCCCC1=CC(OPO)=C(Br)C=C1Br,3.3148265,1.5898339,False,48,5,0.8,euclidean,random,StandardScaler_per_sample_dimension
CCCCCC1=CC(O[PH](=O)O)=C(Br)C=C1,4.2392282,3.2701633,False,48,5,0.8,euclidean,random,StandardScaler_per_sample_dimension
CCCCCC1=CC(O[PH](=O)O)=CC=C1Br,2.9824305,4.137757,False,48,5,0.8,euclidean,random,StandardScaler_per_sample_dimension
CCCCCCC1=C(Br)C(O)=C(Br)C=C1Br,4.526233,4.5702047,False,48,5,0.8,euclidean,random,StandardScaler_per_sample_dimension
CCCCCCC1=C(Br)C(OPO)=CC=C1,4.723663,4.120856,False,48,5,0.8,euclidean,random,StandardScaler_per_sample_dimension
CCCCCCC1=CC(OPO)=C(Br)C=C1,2.9742742,2.3836403,False,48,5,0.8,euclidean,random,StandardScaler_per_sample_dimension
CCCCCCC1=CC(OPO)=CC=C1Br,2.2922404,3.2887316,False,48,5,0.8,euclidean,random,StandardScaler_per_sample_dimension
CCCCCCCC1=C(Br)C(O)=C(Br)C=C1,4.390343,5.3082943,False,48,5,0.8,euclidean,random,StandardScaler_per_sample_dimension
CCCCCCCC1=C(Br)C(O)=CC=C1Br,0.8711292,1.9520818,False,48,5,0.8,euclidean,random,StandardScaler_per_sample_dimension
CCCCCCCC1=C(Br)C=C(Br)C=C1Br,1.8235556,3.884641,False,48,5,0.8,euclidean,random,StandardScaler_per_sample_dimension
CCCCCCCC1=CC(O)=C(Br)C=C1Br,3.2730088,3.983525,False,48,5,0.8,euclidean,random,StandardScaler_per_sample_dimension
CCCCCCCCC1=C(Br)C(O)=CC=C1,3.3960998,5.1246176,False,48,5,0.8,euclidean,random,StandardScaler_per_sample_dimension
CCCCCCCCC1=C(Br)C=CC=C1Br,3.1169696,3.882104,False,48,5,0.8,euclidean,random,StandardScaler_per_sample_dimension
CCCCCCCCC1=CC(O)=C(Br)C=C1,2.6324031,4.6666784,False,48,5,0.8,euclidean,random,StandardScaler_per_sample_dimension
CCCCCCCCC1=CC(O)=CC=C1Br,4.5002604,5.0238853,False,48,5,0.8,euclidean,random,StandardScaler_per_sample_dimension
CCCCCCCCCC1=CC=C(Br)C=C1,5.099433,2.4865131,False,48,5,0.8,euclidean,random,StandardScaler_per_sample_dimension
CCCC[PH](=O)C1=CC=CC(N2CCC2)=C1,-5.128624,-2.888197,False,48,5,0.8,euclidean,random,StandardScaler_per_sample_dimension
CCOC(=O)CCP(=O)(O)C1=CC=CC=C1,-5.526189,-7.5670347,False,48,5,0.8,euclidean,random,StandardScaler_per_sample_dimension
NC(=S)NC(=O)C1=CC2=C(C=C1)C(=O)CC2,3.3784838,-21.043087,False,48,5,0.8,euclidean,random,StandardScaler_per_sample_dimension
NC(=S)NC(=O)C1=CC2=C(C=C1)CCC2=O,10.374317,17.781069,False,48,5,0.8,euclidean,random,StandardScaler_per_sample_dimension
OCP1OC2=C(C=CC=C2)C2=C1C=CC=C2,15.6575,6.9717603,False,48,5,0.8,euclidean,random,StandardScaler_per_sample_dimension
OCP1OC2=C(C=CC=C2)C2=CC=CC=C21,15.988707,8.776115,False,48,5,0.8,euclidean,random,StandardScaler_per_sample_dimension
PC1=CC=CC(C2CC3=C(C=CC=C3)C2)=C1,8.258561,-1.8249496,False,48,5,0.8,euclidean,random,StandardScaler_per_sample_dimension
*C(=O)C1=CC(CNC2=CC=CC=C2)=CC=C1,12.339565,3.1524258,False,48,5,0.8,euclidean,random,StandardScaler_per_sample_dimension
*CC1=CC(C(=O)NC2=CC=CC=C2)=CC=C1,13.297782,1.7273586,False,48,5,0.8,euclidean,random,StandardScaler_per_sample_dimension
*CC1=CC(CNC2=CC=CC=C2)=CC(N)=C1,14.318267,4.267776,False,48,5,0.8,euclidean,random,StandardScaler_per_sample_dimension
C1=CC=C(C2=CC=C(C3=CC=CC=C3)S2)C=C1,15.877253,-4.338515,False,48,5,0.8,euclidean,random,StandardScaler_per_sample_dimension
C1=CC=C(C2=CSC=C2C2=CC=CC=C2)C=C1,15.848762,-4.0441155,False,48,5,0.8,euclidean,random,StandardScaler_per_sample_dimension
C1=CC=C(PC2=CC=CC(N3CCC3)=C2)C=C1,-5.0282106,-2.816535,False,48,5,0.8,euclidean,random,StandardScaler_per_sample_dimension
CC1=C(Br)C(OPOC2=CC=CC=C2)=CC=C1,0.8040566,3.783441,False,48,5,0.8,euclidean,random,StandardScaler_per_sample_dimension
CC1=CC(OPOC2=CC=CC=C2)=C(Br)C=C1,4.184667,2.0176075,False,48,5,0.8,euclidean,random,StandardScaler_per_sample_dimension
CC1=CC(OPOC2=CC=CC=C2)=CC=C1Br,4.9182763,2.2062082,False,48,5,0.8,euclidean,random,StandardScaler_per_sample_dimension
CCCCCC1=C(Br)C(O[PH](=O)O)=C(Br)C=C1,3.8345547,1.7723767,False,48,5,0.8,euclidean,random,StandardScaler_per_sample_dimension
CCCCCC1=C(Br)C(O[PH](=O)O)=CC=C1Br,4.1928134,3.4916759,False,48,5,0.8,euclidean,random,StandardScaler_per_sample_dimension
CCCCCCC1=C(Br)C(OPO)=C(Br)C=C1,1.9259542,2.0150883,False,48,5,0.8,euclidean,random,StandardScaler_per_sample_dimension
CCCCCCC1=C(Br)C(OPO)=CC=C1Br,3.2325492,3.851405,False,48,5,0.8,euclidean,random,StandardScaler_per_sample_dimension
CCCCCCC1=C(Br)C(O[PH](=O)O)=CC=C1,4.985427,2.3582377,False,48,5,0.8,euclidean,random,StandardScaler_per_sample_dimension
CCCCCCC1=CC(O[PH](=O)O)=C(Br)C=C1,3.4797828,4.2326794,False,48,5,0.8,euclidean,random,StandardScaler_per_sample_dimension
CCCCCCC1=CC(O[PH](=O)O)=CC=C1Br,3.2854636,3.4423304,False,48,5,0.8,euclidean,random,StandardScaler_per_sample_dimension
CCCCCCCC1=C(Br)C(OPO)=CC=C1,2.4679816,2.4026396,False,48,5,0.8,euclidean,random,StandardScaler_per_sample_dimension
CCCCCCCC1=CC(OPO)=C(Br)C=C1,2.473753,2.5903652,False,48,5,0.8,euclidean,random,StandardScaler_per_sample_dimension
CCCCCCCC1=CC(OPO)=CC=C1Br,3.423056,5.166383,False,48,5,0.8,euclidean,random,StandardScaler_per_sample_dimension
CCCCCCCCC1=C(Br)C(O)=C(Br)C=C1,2.1148963,5.930842,False,48,5,0.8,euclidean,random,StandardScaler_per_sample_dimension
CCCCCCCCC1=C(Br)C(O)=CC=C1Br,3.1028283,3.4840076,False,48,5,0.8,euclidean,random,StandardScaler_per_sample_dimension
CCCCCCCCCC1=C(Br)C(O)=CC=C1,2.511496,4.5739865,False,48,5,0.8,euclidean,random,StandardScaler_per_sample_dimension
CCCCCCCCCC1=C(Br)C=CC=C1Br,2.080417,1.9434853,False,48,5,0.8,euclidean,random,StandardScaler_per_sample_dimension
CCCCCCCCCC1=CC(O)=C(Br)C=C1,3.0211985,3.0454342,False,48,5,0.8,euclidean,random,StandardScaler_per_sample_dimension
CCCCCCCCCC1=CC(O)=CC=C1Br,4.68859,5.229752,False,48,5,0.8,euclidean,random,StandardScaler_per_sample_dimension
CCCCCCCCCCC1=CC=C(Br)C=C1,0.96091956,2.1257777,False,48,5,0.8,euclidean,random,StandardScaler_per_sample_dimension
O=P1(CO)OC2=C(C=CC=C2)C2=C1C=CC=C2,15.020653,7.5561585,False,48,5,0.8,euclidean,random,StandardScaler_per_sample_dimension
O=P1(CO)OC2=C(C=CC=C2)C2=CC=CC=C21,15.683891,6.895486,False,48,5,0.8,euclidean,random,StandardScaler_per_sample_dimension
O=PC1=CC=CC(C2CC3=C(C=CC=C3)C2)=C1,8.315634,-1.7029083,False,48,5,0.8,euclidean,random,StandardScaler_per_sample_dimension
PC1=CC=CC(N2CC(C3=CC=CC=C3)C2)=C1,-5.436814,-1.4183034,False,48,5,0.8,euclidean,random,StandardScaler_per_sample_dimension
