C,O,CC,C1=CC=CC=C1,C=O,CC1=CC=CC=C1,CO,CC=O,CCC,N,COC,CCN,CCNC,O=P,NC=O,CCO,CCOC,COC=O,NCC1=CC=CC=C1,CCC=O,CP,CCCC,CCNCC,CCOCC,CC1=CC=CC(C)=C1,O=PC1=CC=CC=C1,OCC1=CC=CC=C1,CPC,CC1=CC=CC=C1C,CPC1=CC=CC=C1,COC1=CC=C(C)C=C1,CC1=CC(C=O)=CC=C1,CCCNC,CCCC=O,CC1=CC=CC=C1C=O,O=CC1=CC=CC(C=O)=C1,CCCCCC,CPO,OCCO,CNCC1=CC(C)=CC=C1,O=CC1=CC=CC=C1C=O,O=CC1=CC=C(C=O)C=C1,CC1=CC=CC=C1CN,O=C1NCC2=C1C=CC=C2,CN(C)CC1=CC=CC=C1,CC1=CC(CNC2=CC=CC=C2)=CC=C1,COPC1=CC=CC=C1,C1=CC=C(C2=CC=CC=C2)C=C1,CCCNCC,CCOC1=CC=CC=C1,CPOC1=CC=CC=C1,CC1=CC=C(CN)C=C1,CCCCCNC,CNC1=CC(C)=CC=C1,CC1=CC=C(C)C(C)=C1,CC1=CC(C=O)=C(C)C=C1,CC1=CC2=C(C=C1)C(=O)NC2,CC1=CC=C(CO)C=C1,CC1=CC2=C(C=C1)CN(C)C2,CC1=CC=C2C(=O)N(C)CC2=C1,COC(=O)C1=CC=C(C)C=C1,CCNC(=O)CC,CCOCC1=CC=C(C)C=C1,CCCCCCNC(C)=O,CC1=CC(C=O)=CC(NC=O)=C1,CC(C=O)CC=O,CCCCNCCC,O=CC1=CC(C(=O)O)=CC=C1,CCOC(=O)C1=CC(C)=CC=C1,CC1=CC=C(COCCO)C=C1,CC1=CC=CC(NCC2=CC=CC=C2)=C1,CCCCCNCCCC,CCOC(=O)C1=CC(C=O)=CC=C1,CCCP,O=CC1=CC(C(=O)OCCO)=CC=C1,CCCCCCNC(=O)CC,O=CCCPC1=CC=CC=C1,C1=NC=NC=N1,CC1=CC=C(CNC2=CC(C)=CC=C2)C=C1,CCCP(=O)(OC)C1=CC=CC=C1,COP(=O)(CCC=O)C1=CC=CC=C1,[NH4+],CCCCCCNC(=O)CCCC,*P
5.0,2.0,3.0,0.0,1.0,0.0,2.0,1.0,3.0,0.0,1.0,0.0,0.0,0.0,0.0,1.0,1.0,1.0,0.0,2.0,0.0,0.0,0.0,0.0,0.0,0.0,0.0,0.0,0.0,0.0,0.0,0.0,0.0,0.0,0.0,0.0,0.0,0.0,0.0,0.0,0.0,0.0,0.0,0.0,0.0,0.0,0.0,0.0,0.0,0.0,0.0,0.0,0.0,0.0,0.0,0.0,0.0,0.0,0.0,0.0,0.0,0.0,0.0,0.0,0.0,0.0,0.0,0.0,0.0,0.0,0.0,0.0,0.0,0.0,0.0,0.0,0.0,0.0,0.0,0.0,0.0,0.0,0.0,0.0
5.2535553,2.0579555,3.0072443,0.043466642,1.0,0.0144888805,2.0434666,1.0,2.9927557,0.0,1.0,0.0,0.0,0.0144888805,0.0,1.0144889,1.0144889,1.0,0.0,1.9927555,0.0,0.0,0.0,0.0144888805,0.0,0.0,0.0144888805,0.0,0.0,0.0,0.0,0.0,0.0,0.0,0.0,0.0,0.0,0.0,0.0,0.0,0.0,0.0,0.0,0.0,0.0,0.0,0.0,0.0,0.0,0.0,0.0,0.0,0.0,0.0,0.0,0.0,0.0,0.0,0.0,0.0,0.0,0.0,0.0,0.0,0.0,0.0,0.0,0.0,0.0,0.0,0.0,0.0,0.0,0.0,0.0,0.0,0.0,0.0,0.0,0.0,0.0,0.0,0.0,0.0
10.904762,4.3333335,3.3333333,1.0952381,2.2380953,2.2857144,3.0952382,2.2857144,0.04761905,0.0952381,1.0,0.1904762,0.1904762,0.0,0.1904762,3.0952382,2.0,1.0,0.1904762,0.0,0.0,0.0,0.0952381,1.0,0.0952381,0.0,1.0,0.0,0.0952381,0.0,0.0,0.1904762,0.0,0.0,0.1904762,0.0952381,0.0,0.0,1.0476191,0.0952381,0.0952381,1.0952381,0.0952381,0.1904762,0.0,0.0,0.0,0.0,0.0,0.0,0.0,0.0952381,0.0,0.0,0.0952381,0.0952381,0.0952381,1.0,0.0,0.0,1.0,0.0,1.0,0.0,0.0,0.0,0.0,0.0,0.0,1.0,0.0,0.0,0.0,0.0,0.0,0.0,0.0,0.0,0.0,0.0,0.0,0.0,0.0,0.0
5.0,2.0,3.0,0.0,1.0,0.0,2.0,1.0,3.0,0.0,1.0,0.0,0.0,0.0,0.0,1.0,1.0,1.0,0.0,2.0,0.0,0.0,0.0,0.0,0.0,0.0,0.0,0.0,0.0,0.0,0.0,0.0,0.0,0.0,0.0,0.0,0.0,0.0,0.0,0.0,0.0,0.0,0.0,0.0,0.0,0.0,0.0,0.0,0.0,0.0,0.0,0.0,0.0,0.0,0.0,0.0,0.0,0.0,0.0,0.0,0.0,0.0,0.0,0.0,0.0,0.0,0.0,0.0,0.0,0.0,0.0,0.0,0.0,0.0,0.0,0.0,0.0,0.0,0.0,0.0,0.0,0.0,0.0,0.0
5.55,2.3,3.1,0.05,1.0,0.0,2.2,1.0,2.9,0.0,1.0,0.0,0.0,0.1,0.0,1.2,1.05,1.0,0.0,1.95,0.1,0.0,0.0,0.05,0.0,0.05,0.0,0.0,0.0,0.0,0.0,0.0,0.0,0.0,0.0,0.0,0.0,0.2,0.05,0.0,0.0,0.0,0.0,0.0,0.0,0.0,0.1,0.0,0.0,0.0,0.0,0.0,0.0,0.0,0.0,0.0,0.0,0.0,0.0,0.0,0.0,0.0,0.0,0.0,0.0,0.0,0.0,0.0,0.0,0.0,0.0,0.0,0.0,0.0,0.0,0.0,0.0,0.0,0.0,0.0,0.0,0.0,0.0,0.0
6.1,2.6,3.2,0.1,1.0,0.0,2.4,1.0,2.8,0.0,1.0,0.0,0.0,0.2,0.0,1.4,1.1,1.0,0.0,1.9,0.2,0.0,0.0,0.1,0.0,0.1,0.0,0.0,0.0,0.0,0.0,0.0,0.0,0.0,0.0,0.0,0.0,0.4,0.1,0.0,0.0,0.0,0.0,0.0,0.0,0.0,0.2,0.0,0.0,0.0,0.0,0.0,0.0,0.0,0.0,0.0,0.0,0.0,0.0,0.0,0.0,0.0,0.0,0.0,0.0,0.0,0.0,0.0,0.0,0.0,0.0,0.0,0.0,0.0,0.0,0.0,0.0,0.0,0.0,0.0,0.0,0.0,0.0,0.0
8.0,0.0,2.0,1.0,0.0,1.0,0.0,0.0,1.0,0.0,0.0,0.0,0.0,0.0,0.0,0.0,0.0,0.0,0.0,0.0,0.0,0.0,0.0,0.0,0.0,0.0,0.0,0.0,0.0,0.0,0.0,0.0,0.0,0.0,0.0,0.0,0.0,0.0,0.0,0.0,0.0,0.0,0.0,0.0,0.0,0.0,0.0,0.0,0.0,0.0,0.0,0.0,0.0,0.0,0.0,0.0,0.0,0.0,0.0,0.0,0.0,0.0,0.0,0.0,0.0,0.0,0.0,0.0,0.0,0.0,0.0,0.0,0.0,0.0,0.0,0.0,0.0,0.0,0.0,0.0,0.0,0.0,0.0,0.0
5.0,2.0,3.0,0.0,1.0,0.0,2.0,1.0,3.0,0.0,1.0,0.0,0.0,0.0,0.0,1.0,1.0,1.0,0.0,2.0,0.0,0.0,0.0,0.0,0.0,0.0,0.0,0.0,0.0,0.0,0.0,0.0,0.0,0.0,0.0,0.0,0.0,0.0,0.0,0.0,0.0,0.0,0.0,0.0,0.0,0.0,0.0,0.0,0.0,0.0,0.0,0.0,0.0,0.0,0.0,0.0,0.0,0.0,0.0,0.0,0.0,0.0,0.0,0.0,0.0,0.0,0.0,0.0,0.0,0.0,0.0,0.0,0.0,0.0,0.0,0.0,0.0,0.0,0.0,0.0,0.0,0.0,0.0,0.0
5.128145,2.073226,3.0183065,0.018306477,1.0,0.0,2.036613,1.0,3.0,0.0,1.0,0.0,0.0,0.018306477,0.0,1.036613,1.0183065,1.0,0.0,2.0,0.0,0.0,0.0,0.018306477,0.0,0.0,0.0,0.0,0.0,0.0,0.0,0.0,0.0,0.0,0.0,0.0,0.0,0.0,0.018306477,0.0,0.0,0.0,0.0,0.0,0.0,0.0,0.0,0.0,0.0,0.0,0.0,0.0,0.0,0.0,0.0,0.0,0.0,0.0,0.0,0.0,0.0,0.0,0.0,0.0,0.0,0.0,0.0,0.0,0.0,0.0,0.0,0.0,0.0,0.0,0.0,0.0,0.0,0.0,0.0,0.0,0.0,0.0,0.0,0.0
5.2651362,2.1515064,3.0378766,0.037876576,1.0,0.0,2.0757532,1.0,3.0,0.0,1.0,0.0,0.0,0.037876576,0.0,1.0757532,1.0378766,1.0,0.0,2.0,0.0,0.0,0.0,0.037876576,0.0,0.0,0.0,0.0,0.0,0.0,0.0,0.0,0.0,0.0,0.0,0.0,0.0,0.0,0.037876576,0.0,0.0,0.0,0.0,0.0,0.0,0.0,0.0,0.0,0.0,0.0,0.0,0.0,0.0,0.0,0.0,0.0,0.0,0.0,0.0,0.0,0.0,0.0,0.0,0.0,0.0,0.0,0.0,0.0,0.0,0.0,0.0,0.0,0.0,0.0,0.0,0.0,0.0,0.0,0.0,0.0,0.0,0.0,0.0,0.0
5.4119205,2.2353833,3.0588458,0.05884581,1.0,0.0,2.1176915,1.0,3.0,0.0,1.0,0.0,0.0,0.05884581,0.0,1.1176916,1.0588458,1.0,0.0,2.0,0.0,0.0,0.0,0.05884581,0.0,0.0,0.0,0.0,0.0,0.0,0.0,0.0,0.0,0.0,0.0,0.0,0.0,0.0,0.05884581,0.0,0.0,0.0,0.0,0.0,0.0,0.0,0.0,0.0,0.0,0.0,0.0,0.0,0.0,0.0,0.0,0.0,0.0,0.0,0.0,0.0,0.0,0.0,0.0,0.0,0.0,0.0,0.0,0.0,0.0,0.0,0.0,0.0,0.0,0.0,0.0,0.0,0.0,0.0,0.0,0.0,0.0,0.0,0.0,0.0
11.545455,4.181818,3.4545455,1.1818181,2.0,2.1818182,3.3636363,2.0,0.54545456,0.0,1.1818181,0.0,0.0,0.0,0.0,3.1818182,2.1818182,1.0,0.0,0.0,0.0,0.0,0.0,1.0,0.0,0.0,1.0,0.0,0.0,0.0,0.18181819,0.0,0.0,0.0,0.0,0.0,0.0,0.0,1.0909091,0.0,0.0,1.0,0.0,0.0,0.0,0.0,0.0,0.0,0.0,0.18181819,0.0,0.0,0.0,0.0,0.0,0.0,0.0,1.0,0.0,0.0,1.0,0.0,1.0,0.0,0.0,0.0,0.0,0.0,0.0,1.0,0.0,0.0,0.0,0.0,0.0,0.0,0.0,0.0,0.0,0.0,0.0,0.0,0.0,0.0
12.833333,4.3333335,3.8333333,1.3333334,2.0,2.3333333,3.6666667,2.0,1.0,0.0,1.3333334,0.0,0.0,0.0,0.0,3.3333333,2.3333333,1.0,0.0,0.0,0.0,0.0,0.0,1.0,0.0,0.0,1.0,0.0,0.0,0.0,0.33333334,0.0,0.0,0.0,0.0,0.0,0.0,0.0,1.1666666,0.0,0.0,1.0,0.0,0.0,0.0,0.0,0.0,0.0,0.0,0.33333334,0.0,0.0,0.0,0.0,0.0,0.0,0.0,1.0,0.0,0.0,1.0,0.0,1.0,0.0,0.0,0.0,0.0,0.0,0.0,1.0,0.0,0.0,0.0,0.0,0.0,0.0,0.0,0.0,0.0,0.0,0.0,0.0,0.0,0.0
13.923077,4.4615383,4.1538463,1.4615384,2.0,2.4615386,3.9230769,2.0,1.3846154,0.0,1.4615384,0.0,0.0,0.0,0.0,3.4615386,2.4615386,1.0,0.0,0.0,0.0,0.0,0.0,1.0,0.0,0.0,1.0,0.0,0.0,0.0,0.46153846,0.0,0.0,0.0,0.0,0.0,0.0,0.0,1.2307693,0.0,0.0,1.0,0.0,0.0,0.0,0.0,0.0,0.0,0.0,0.46153846,0.0,0.0,0.0,0.0,0.0,0.0,0.0,1.0,0.0,0.0,1.0,0.0,1.0,0.0,0.0,0.0,0.0,0.0,0.0,1.0,0.0,0.0,0.0,0.0,0.0,0.0,0.0,0.0,0.0,0.0,0.0,0.0,0.0,0.0
5.0,2.0,3.0,0.0,1.0,0.0,2.0,1.0,3.0,0.0,1.0,0.0,0.0,0.0,0.0,1.0,1.0,1.0,0.0,2.0,0.0,0.0,0.0,0.0,0.0,0.0,0.0,0.0,0.0,0.0,0.0,0.0,0.0,0.0,0.0,0.0,0.0,0.0,0.0,0.0,0.0,0.0,0.0,0.0,0.0,0.0,0.0,0.0,0.0,0.0,0.0,0.0,0.0,0.0,0.0,0.0,0.0,0.0,0.0,0.0,0.0,0.0,0.0,0.0,0.0,0.0,0.0,0.0,0.0,0.0,0.0,0.0,0.0,0.0,0.0,0.0,0.0,0.0,0.0,0.0,0.0,0.0,0.0,0.0
5.2535553,2.0579555,3.0072443,0.043466642,1.0,0.0144888805,2.0434666,1.0,2.9927557,0.0,1.0,0.0,0.0,0.0144888805,0.0,1.0144889,1.0144889,1.0,0.0,1.9927555,0.0,0.0,0.0,0.0144888805,0.0,0.0,0.0144888805,0.0,0.0,0.0,0.0,0.0,0.0,0.0,0.0,0.0,0.0,0.0,0.0,0.0,0.0,0.0,0.0,0.0,0.0,0.0,0.0,0.0,0.0,0.0,0.0,0.0,0.0,0.0,0.0,0.0,0.0,0.0,0.0,0.0,0.0,0.0,0.0,0.0,0.0,0.0,0.0,0.0,0.0,0.0,0.0,0.0,0.0,0.0,0.0,0.0,0.0,0.0,0.0,0.0,0.0,0.0,0.0,0.0
15.0,4.0,7.0,1.0,1.0,0.0,2.0,1.0,5.0,0.0,0.0,0.0,0.0,1.0,0.0,2.0,0.0,0.0,0.0,1.0,2.0,3.0,0.0,0.0,0.0,1.0,0.0,1.0,0.0,1.0,0.0,0.0,0.0,0.0,0.0,0.0,1.0,2.0,0.0,0.0,0.0,0.0,0.0,0.0,0.0,0.0,1.0,0.0,0.0,0.0,0.0,0.0,0.0,0.0,0.0,0.0,0.0,0.0,0.0,0.0,0.0,0.0,0.0,0.0,0.0,0.0,0.0,0.0,0.0,0.0,0.0,0.0,0.0,1.0,0.0,0.0,1.0,0.0,0.0,1.0,1.0,0.0,0.0,0.0
14.926829,4.02439,7.0,0.9756098,1.0243902,0.0,2.0243902,1.0243902,4.97561,0.0,0.024390243,0.0,0.0,0.9756098,0.0,2.0243902,0.048780486,0.024390243,0.0,0.9756098,1.9512196,3.0,0.0,0.024390243,0.0,0.9756098,0.0,0.9756098,0.0,0.9756098,0.0,0.0,0.0,0.0,0.0,0.0,1.0,1.9512196,0.0,0.0,0.0,0.0,0.0,0.0,0.0,0.0,0.9756098,0.0,0.0,0.0,0.0,0.0,0.0,0.0,0.0,0.0,0.0,0.0,0.0,0.0,0.0,0.0,0.0,0.0,0.0,0.0,0.0,0.0,0.0,0.0,0.0,0.0,0.0,0.9756098,0.0,0.0,0.9756098,0.0,0.0,0.9756098,0.9756098,0.0,0.0,0.0
14.857142,4.047619,7.0,0.95238096,1.0476191,0.0,2.047619,1.0476191,4.952381,0.0,0.04761905,0.0,0.0,0.95238096,0.0,2.047619,0.0952381,0.04761905,0.0,0.95238096,1.9047619,3.0,0.0,0.04761905,0.0,0.95238096,0.0,0.95238096,0.0,0.95238096,0.0,0.0,0.0,0.0,0.0,0.0,1.0,1.9047619,0.0,0.0,0.0,0.0,0.0,0.0,0.0,0.0,0.95238096,0.0,0.0,0.0,0.0,0.0,0.0,0.0,0.0,0.0,0.0,0.0,0.0,0.0,0.0,0.0,0.0,0.0,0.0,0.0,0.0,0.0,0.0,0.0,0.0,0.0,0.0,0.95238096,0.0,0.0,0.95238096,0.0,0.0,0.95238096,0.95238096,0.0,0.0,0.0
5.0,2.0,3.0,0.0,1.0,0.0,2.0,1.0,3.0,0.0,1.0,0.0,0.0,0.0,0.0,1.0,1.0,1.0,0.0,2.0,0.0,0.0,0.0,0.0,0.0,0.0,0.0,0.0,0.0,0.0,0.0,0.0,0.0,0.0,0.0,0.0,0.0,0.0,0.0,0.0,0.0,0.0,0.0,0.0,0.0,0.0,0.0,0.0,0.0,0.0,0.0,0.0,0.0,0.0,0.0,0.0,0.0,0.0,0.0,0.0,0.0,0.0,0.0,0.0,0.0,0.0,0.0,0.0,0.0,0.0,0.0,0.0,0.0,0.0,0.0,0.0,0.0,0.0,0.0,0.0,0.0,0.0,0.0,0.0
5.1,2.075,3.05,0.0,1.0,0.0,2.05,1.0,3.0,0.0,1.0,0.0,0.0,0.025,0.0,1.05,1.0,1.0,0.0,2.0,0.025,0.0,0.0,0.0,0.0,0.0,0.0,0.0,0.0,0.0,0.0,0.0,0.0,0.0,0.0,0.0,0.0,0.05,0.0,0.0,0.0,0.0,0.0,0.0,0.0,0.0,0.0,0.0,0.0,0.0,0.0,0.0,0.0,0.0,0.0,0.0,0.0,0.0,0.0,0.0,0.0,0.0,0.0,0.0,0.0,0.0,0.0,0.0,0.0,0.0,0.0,0.0,0.0,0.0,0.0,0.0,0.0,0.0,0.0,0.0,0.0,0.0,0.0,0.0
5.2,2.15,3.1,0.0,1.0,0.0,2.1,1.0,3.0,0.0,1.0,0.0,0.0,0.05,0.0,1.1,1.0,1.0,0.0,2.0,0.05,0.0,0.0,0.0,0.0,0.0,0.0,0.0,0.0,0.0,0.0,0.0,0.0,0.0,0.0,0.0,0.0,0.1,0.0,0.0,0.0,0.0,0.0,0.0,0.0,0.0,0.0,0.0,0.0,0.0,0.0,0.0,0.0,0.0,0.0,0.0,0.0,0.0,0.0,0.0,0.0,0.0,0.0,0.0,0.0,0.0,0.0,0.0,0.0,0.0,0.0,0.0,0.0,0.0,0.0,0.0,0.0,0.0,0.0,0.0,0.0,0.0,0.0,0.0
10.0,4.0,3.0,1.0,2.0,2.0,3.0,2.0,0.0,0.0,1.0,0.0,0.0,0.0,0.0,3.0,2.0,1.0,0.0,0.0,0.0,0.0,0.0,1.0,0.0,0.0,1.0,0.0,0.0,0.0,0.0,0.0,0.0,0.0,0.0,0.0,0.0,0.0,1.0,0.0,0.0,1.0,0.0,0.0,0.0,0.0,0.0,0.0,0.0,0.0,0.0,0.0,0.0,0.0,0.0,0.0,0.0,1.0,0.0,0.0,1.0,0.0,1.0,0.0,0.0,0.0,0.0,0.0,0.0,1.0,0.0,0.0,0.0,0.0,0.0,0.0,0.0,0.0,0.0,0.0,0.0,0.0,0.0,0.0
11.0,4.0,4.0,1.0,2.0,2.0,3.0,2.0,1.0,0.0,1.0,0.0,0.0,0.0,0.0,3.0,2.0,1.0,0.0,0.0,0.0,0.0,0.0,1.0,0.0,0.0,1.0,0.0,0.0,0.0,0.0,0.0,0.0,0.0,0.0,0.0,0.0,0.0,0.0,0.0,0.0,1.0,0.0,0.0,0.0,0.0,0.0,0.0,0.0,0.0,0.0,0.0,0.0,0.0,0.0,0.0,0.0,1.0,0.0,0.0,1.0,0.0,1.0,0.0,0.0,0.0,0.0,0.0,0.0,0.0,0.0,0.0,0.0,0.0,0.0,0.0,0.0,0.0,0.0,0.0,0.0,0.0,0.0,0.0
11.727273,4.0,4.181818,1.0909091,2.0,2.1818182,3.0,2.0,1.0,0.0,1.0,0.0,0.0,0.0,0.0,3.0,2.0,1.0,0.0,0.0,0.0,0.0,0.0,1.0,0.09090909,0.0,1.0,0.0,0.09090909,0.0,0.0,0.09090909,0.0,0.0,0.18181819,0.0,0.0,0.0,0.0,0.0,0.09090909,0.90909094,0.0,0.0,0.0,0.0,0.0,0.0,0.0,0.0,0.0,0.0,0.0,0.0,0.09090909,0.09090909,0.0,0.90909094,0.0,0.0,0.90909094,0.0,0.90909094,0.0,0.0,0.0,0.0,0.0,0.09090909,0.0,0.0,0.0,0.0,0.0,0.0,0.0,0.0,0.0,0.0,0.0,0.0,0.0,0.0,0.0
11.727273,4.181818,4.181818,1.0909091,2.1818182,2.1818182,3.0,2.1818182,1.0,0.09090909,1.0,0.18181819,0.36363637,0.0,0.18181819,3.0,2.0,1.0,0.18181819,0.0,0.0,0.0,0.09090909,1.0,0.09090909,0.0,1.0,0.0,0.09090909,0.0,0.0,0.18181819,0.0,0.0,0.18181819,0.09090909,0.0,0.0,0.0,0.0,0.09090909,0.90909094,0.09090909,0.18181819,0.09090909,0.0,0.0,0.0,0.0,0.0,0.0,0.0,0.0,0.36363637,0.0,0.0,0.0,0.90909094,0.0,0.0,0.90909094,0.0,0.90909094,0.0,0.36363637,0.0,0.0,0.09090909,0.09090909,0.0,0.36363637,0.0,0.09090909,0.0,0.0,0.0,0.0,0.0,0.0,0.0,0.0,0.0,0.0,0.0
12.454545,4.181818,4.3636365,1.1818181,2.1818182,2.3636363,3.0,2.1818182,1.0,0.09090909,1.0,0.18181819,0.36363637,0.0,0.18181819,3.0,2.0,1.0,0.18181819,0.0,0.0,0.0,0.09090909,1.0,0.18181819,0.0,1.0,0.0,0.09090909,0.0,0.0,0.27272728,0.0,0.0,0.18181819,0.09090909,0.0,0.0,0.0,0.18181819,0.09090909,0.90909094,0.09090909,0.18181819,0.09090909,0.09090909,0.0,0.0,0.0,0.0,0.0,0.09090909,0.0,0.36363637,0.09090909,0.09090909,0.09090909,0.90909094,0.09090909,0.09090909,0.90909094,0.0,0.90909094,0.0,0.36363637,0.0,0.0,0.09090909,0.09090909,0.0,0.36363637,0.0,0.09090909,0.0,0.0,0.0,0.0,0.0,0.18181819,0.0,0.0,0.0,0.0,0.0
10.0,4.0,3.0,1.0,2.0,2.0,3.0,2.0,0.0,0.0,1.0,0.0,0.0,0.0,0.0,3.0,2.0,1.0,0.0,0.0,0.0,0.0,0.0,1.0,0.0,0.0,1.0,0.0,0.0,0.0,0.0,0.0,0.0,0.0,0.0,0.0,0.0,0.0,1.0,0.0,0.0,1.0,0.0,0.0,0.0,0.0,0.0,0.0,0.0,0.0,0.0,0.0,0.0,0.0,0.0,0.0,0.0,1.0,0.0,0.0,1.0,0.0,1.0,0.0,0.0,0.0,0.0,0.0,0.0,1.0,0.0,0.0,0.0,0.0,0.0,0.0,0.0,0.0,0.0,0.0,0.0,0.0,0.0,0.0
10.0,4.0,3.0,1.0,2.0,2.0,3.0,2.0,0.0,0.0,1.0,0.0,0.0,0.0,0.0,3.0,2.0,1.0,0.0,0.0,0.0,0.0,0.0,1.0,0.0,0.0,1.0,0.0,0.0,0.0,0.0,0.0,0.0,0.0,0.0,0.0,0.0,0.0,1.0,0.0,0.0,1.0,0.0,0.0,0.0,0.0,0.0,0.0,0.0,0.0,0.0,0.0,0.0,0.0,0.0,0.0,0.0,1.0,0.0,0.0,1.0,0.0,1.0,0.0,0.0,0.0,0.0,0.0,0.0,1.0,0.0,0.0,0.0,0.0,0.0,0.0,0.0,0.0,0.0,0.0,0.0,0.0,0.0,0.0
10.0,4.0,3.0,1.0,2.0,2.0,3.0,2.0,0.0,0.0,1.0,0.0,0.0,0.0,0.0,3.0,2.0,1.0,0.0,0.0,0.0,0.0,0.0,1.0,0.0,0.0,1.0,0.0,0.0,0.0,0.0,0.0,0.0,0.0,0.0,0.0,0.0,0.0,1.0,0.0,0.0,1.0,0.0,0.0,0.0,0.0,0.0,0.0,0.0,0.0,0.0,0.0,0.0,0.0,0.0,0.0,0.0,1.0,0.0,0.0,1.0,0.0,1.0,0.0,0.0,0.0,0.0,0.0,0.0,1.0,0.0,0.0,0.0,0.0,0.0,0.0,0.0,0.0,0.0,0.0,0.0,0.0,0.0,0.0
10.0,4.0,3.0,1.0,2.0,2.0,3.0,2.0,0.0,0.0,1.0,0.0,0.0,0.0,0.0,3.0,2.0,1.0,0.0,0.0,0.0,0.0,0.0,1.0,0.0,0.0,1.0,0.0,0.0,0.0,0.0,0.0,0.0,0.0,0.0,0.0,0.0,0.0,1.0,0.0,0.0,1.0,0.0,0.0,0.0,0.0,0.0,0.0,0.0,0.0,0.0,0.0,0.0,0.0,0.0,0.0,0.0,1.0,0.0,0.0,1.0,0.0,1.0,0.0,0.0,0.0,0.0,0.0,0.0,1.0,0.0,0.0,0.0,0.0,0.0,0.0,0.0,0.0,0.0,0.0,0.0,0.0,0.0,0.0
12.0,4.0,5.0,1.0,2.0,2.0,3.0,2.0,2.0,0.0,1.0,0.0,0.0,0.0,0.0,3.0,2.0,1.0,0.0,0.0,0.0,1.0,0.0,1.0,0.0,0.0,1.0,0.0,0.0,0.0,0.0,0.0,0.0,0.0,0.0,0.0,0.0,0.0,0.0,0.0,0.0,1.0,0.0,0.0,0.0,0.0,0.0,0.0,0.0,0.0,0.0,0.0,0.0,0.0,0.0,0.0,0.0,1.0,0.0,0.0,1.0,0.0,1.0,0.0,0.0,0.0,0.0,0.0,0.0,0.0,0.0,0.0,0.0,0.0,0.0,0.0,0.0,0.0,0.0,0.0,0.0,0.0,0.0,0.0
13.333333,4.5,5.3333335,1.1666666,2.3333333,2.3333333,3.1666667,2.3333333,2.0,0.16666667,1.0,0.33333334,0.6666667,0.0,0.33333334,3.0,2.0,1.0,0.33333334,0.0,0.0,1.0,0.16666667,1.0,0.16666667,0.0,1.0,0.0,0.16666667,0.0,0.0,0.33333334,0.0,0.0,0.33333334,0.16666667,0.0,0.0,0.0,0.33333334,0.16666667,1.0,0.16666667,0.33333334,0.16666667,0.16666667,0.0,0.0,0.0,0.0,0.0,0.16666667,0.0,0.33333334,0.16666667,0.16666667,0.16666667,0.8333333,0.16666667,0.16666667,0.8333333,0.0,0.8333333,0.0,0.0,0.0,0.0,0.0,0.0,0.0,0.33333334,0.0,0.0,0.0,0.0,0.0,0.0,0.0,0.16666667,0.0,0.0,0.0,0.0,0.0
10.0,4.0,3.0,1.0,2.0,2.0,3.0,2.0,0.0,0.0,1.0,0.0,0.0,0.0,0.0,3.0,2.0,1.0,0.0,0.0,0.0,0.0,0.0,1.0,0.0,0.0,1.0,0.0,0.0,0.0,0.0,0.0,0.0,0.0,0.0,0.0,0.0,0.0,1.0,0.0,0.0,1.0,0.0,0.0,0.0,0.0,0.0,0.0,0.0,0.0,0.0,0.0,0.0,0.0,0.0,0.0,0.0,1.0,0.0,0.0,1.0,0.0,1.0,0.0,0.0,0.0,0.0,0.0,0.0,1.0,0.0,0.0,0.0,0.0,0.0,0.0,0.0,0.0,0.0,0.0,0.0,0.0,0.0,0.0
10.0,4.0,3.0,1.0,2.0,2.0,3.0,2.0,0.0,0.0,1.0,0.0,0.0,0.0,0.0,3.0,2.0,1.0,0.0,0.0,0.0,0.0,0.0,1.0,0.0,0.0,1.0,0.0,0.0,0.0,0.0,0.0,0.0,0.0,0.0,0.0,0.0,0.0,1.0,0.0,0.0,1.0,0.0,0.0,0.0,0.0,0.0,0.0,0.0,0.0,0.0,0.0,0.0,0.0,0.0,0.0,0.0,1.0,0.0,0.0,1.0,0.0,1.0,0.0,0.0,0.0,0.0,0.0,0.0,1.0,0.0,0.0,0.0,0.0,0.0,0.0,0.0,0.0,0.0,0.0,0.0,0.0,0.0,0.0
6.0,1.0,5.0,0.0,1.0,0.0,0.0,1.0,4.0,1.0,0.0,1.0,0.0,0.0,0.0,0.0,0.0,0.0,0.0,1.0,0.0,3.0,0.0,0.0,0.0,0.0,0.0,0.0,0.0,0.0,0.0,0.0,0.0,1.0,0.0,0.0,1.0,0.0,0.0,0.0,0.0,0.0,0.0,0.0,0.0,0.0,0.0,0.0,0.0,0.0,0.0,0.0,0.0,0.0,0.0,0.0,0.0,0.0,0.0,0.0,0.0,0.0,0.0,0.0,0.0,0.0,0.0,0.0,0.0,0.0,0.0,0.0,0.0,0.0,0.0,0.0,0.0,0.0,0.0,0.0,0.0,0.0,0.0,0.0
11.0,2.0,9.0,0.0,2.0,0.0,0.0,2.0,7.0,2.0,0.0,3.0,2.0,0.0,1.0,0.0,0.0,0.0,0.0,2.0,0.0,5.0,1.0,0.0,0.0,0.0,0.0,0.0,0.0,0.0,0.0,0.0,2.0,2.0,0.0,0.0,1.0,0.0,0.0,0.0,0.0,0.0,0.0,0.0,0.0,0.0,0.0,0.0,2.0,0.0,0.0,0.0,2.0,0.0,0.0,0.0,0.0,0.0,0.0,0.0,0.0,1.0,0.0,0.0,0.0,0.0,2.0,0.0,0.0,0.0,0.0,2.0,0.0,0.0,0.0,0.0,0.0,0.0,0.0,0.0,0.0,0.0,0.0,0.0
20.0,2.0,18.0,0.0,2.0,0.0,0.0,2.0,16.0,2.0,0.0,3.0,2.0,0.0,1.0,0.0,0.0,0.0,0.0,2.0,0.0,14.0,1.0,0.0,0.0,0.0,0.0,0.0,0.0,0.0,0.0,0.0,2.0,2.0,0.0,0.0,10.0,0.0,0.0,0.0,0.0,0.0,0.0,0.0,0.0,0.0,0.0,0.0,2.0,0.0,0.0,0.0,2.0,0.0,0.0,0.0,0.0,0.0,0.0,0.0,0.0,1.0,0.0,1.0,0.0,0.0,2.0,0.0,0.0,0.0,0.0,2.0,0.0,0.0,0.0,1.0,0.0,0.0,0.0,0.0,0.0,0.0,1.0,0.0
5.0,2.0,3.0,0.0,1.0,0.0,2.0,1.0,3.0,0.0,1.0,0.0,0.0,0.0,0.0,1.0,1.0,1.0,0.0,2.0,0.0,0.0,0.0,0.0,0.0,0.0,0.0,0.0,0.0,0.0,0.0,0.0,0.0,0.0,0.0,0.0,0.0,0.0,0.0,0.0,0.0,0.0,0.0,0.0,0.0,0.0,0.0,0.0,0.0,0.0,0.0,0.0,0.0,0.0,0.0,0.0,0.0,0.0,0.0,0.0,0.0,0.0,0.0,0.0,0.0,0.0,0.0,0.0,0.0,0.0,0.0,0.0,0.0,0.0,0.0,0.0,0.0,0.0,0.0,0.0,0.0,0.0,0.0,0.0
5.1728425,2.0942776,3.031426,0.015712945,1.0,0.0,2.0628517,1.0,2.968574,0.0,1.0,0.0,0.0,0.03142589,0.0,1.0628518,1.015713,1.0,0.0,1.984287,0.03142589,0.0,0.0,0.015712945,0.0,0.015712945,0.0,0.0,0.0,0.0,0.0,0.0,0.0,0.0,0.0,0.0,0.0,0.06285178,0.015712945,0.0,0.0,0.0,0.0,0.0,0.0,0.0,0.03142589,0.0,0.0,0.0,0.0,0.0,0.0,0.0,0.0,0.0,0.0,0.0,0.0,0.0,0.0,0.0,0.0,0.0,0.0,0.0,0.0,0.0,0.0,0.0,0.0,0.0,0.0,0.0,0.0,0.0,0.0,0.0,0.0,0.0,0.0,0.0,0.0,0.0
5.297412,2.1622248,3.054075,0.027037468,1.0,0.0,2.1081498,1.0,2.945925,0.0,1.0,0.0,0.0,0.054074936,0.0,1.1081499,1.0270375,1.0,0.0,1.9729625,0.054074936,0.0,0.0,0.027037468,0.0,0.027037468,0.0,0.0,0.0,0.0,0.0,0.0,0.0,0.0,0.0,0.0,0.0,0.10814987,0.027037468,0.0,0.0,0.0,0.0,0.0,0.0,0.0,0.054074936,0.0,0.0,0.0,0.0,0.0,0.0,0.0,0.0,0.0,0.0,0.0,0.0,0.0,0.0,0.0,0.0,0.0,0.0,0.0,0.0,0.0,0.0,0.0,0.0,0.0,0.0,0.0,0.0,0.0,0.0,0.0,0.0,0.0,0.0,0.0,0.0,0.0
10.0,4.0,3.0,1.0,2.0,2.0,3.0,2.0,0.0,0.0,1.0,0.0,0.0,0.0,0.0,3.0,2.0,1.0,0.0,0.0,0.0,0.0,0.0,1.0,0.0,0.0,1.0,0.0,0.0,0.0,0.0,0.0,0.0,0.0,0.0,0.0,0.0,0.0,1.0,0.0,0.0,1.0,0.0,0.0,0.0,0.0,0.0,0.0,0.0,0.0,0.0,0.0,0.0,0.0,0.0,0.0,0.0,1.0,0.0,0.0,1.0,0.0,1.0,0.0,0.0,0.0,0.0,0.0,0.0,1.0,0.0,0.0,0.0,0.0,0.0,0.0,0.0,0.0,0.0,0.0,0.0,0.0,0.0,0.0
8.118812,4.029703,6.009901,0.01980198,2.019802,0.03960396,3.009901,2.019802,3.980198,0.00990099,1.0,0.01980198,0.03960396,0.0,0.01980198,3.0,2.0,1.0,0.01980198,1.980198,0.0,1.990099,0.00990099,1.0,0.00990099,0.0,0.00990099,0.0,0.00990099,0.0,0.0,0.01980198,0.0,1.980198,0.01980198,0.00990099,0.0,0.0,0.0,0.01980198,0.00990099,0.00990099,0.00990099,0.01980198,0.00990099,0.00990099,0.0,0.0,0.0,0.0,0.0,0.00990099,0.0,0.01980198,0.00990099,0.00990099,0.00990099,0.00990099,0.00990099,0.00990099,0.00990099,0.0,0.00990099,0.0,0.0,0.0,0.0,0.00990099,0.00990099,0.0,0.01980198,0.0,0.00990099,0.0,0.0,0.0,0.0,0.0,0.00990099,0.0,0.0,0.0,0.0,0.0
8.235294,4.0588236,6.019608,0.039215688,2.0392158,0.078431375,3.0196078,2.0392158,3.9607842,0.019607844,1.0,0.039215688,0.078431375,0.0,0.039215688,3.0,2.0,1.0,0.039215688,1.9607843,0.0,1.9803921,0.019607844,1.0,0.019607844,0.0,0.019607844,0.0,0.019607844,0.0,0.0,0.039215688,0.0,1.9607843,0.039215688,0.019607844,0.0,0.0,0.0,0.039215688,0.019607844,0.019607844,0.019607844,0.039215688,0.019607844,0.019607844,0.0,0.0,0.0,0.0,0.0,0.019607844,0.0,0.039215688,0.019607844,0.019607844,0.019607844,0.019607844,0.019607844,0.019607844,0.019607844,0.0,0.019607844,0.0,0.0,0.0,0.0,0.019607844,0.019607844,0.0,0.039215688,0.0,0.019607844,0.0,0.0,0.0,0.0,0.0,0.019607844,0.0,0.0,0.0,0.0,0.0
12.4130335,2.0458925,9.908215,0.09178513,2.0458925,0.1376777,0.0,2.0458925,7.8164296,2.0458925,0.0,3.0458925,2.0458925,0.0,1.0458926,0.0,0.0,0.0,0.09178513,1.9082148,0.0,5.8623223,1.0,0.0,0.045892566,0.0,0.0,0.0,0.0,0.0,0.0,0.09178513,1.9541074,1.9082148,0.0,0.045892566,1.9541074,0.0,0.0,0.045892566,0.0,0.0,0.0,0.0,0.0,0.0,0.0,0.0,1.9541074,0.0,0.0,0.0,1.9541074,0.09178513,0.0,0.0,0.0,0.0,0.0,0.0,0.0,0.9541074,0.0,1.0,0.09178513,0.0,1.9082148,0.0,0.0,0.0,0.09178513,1.9082148,0.0,0.0,0.0,0.9541074,0.0,0.0,0.0,0.0,0.0,0.0,0.9541074,0.0
45.2,4.05,11.95,6.0,2.0,8.0,4.0,2.0,9.9,2.0,2.0,3.0,2.0,0.0,1.0,0.0,0.0,0.0,1.0,0.0,0.0,2.85,1.0,0.0,0.0,0.0,0.0,0.0,2.0,0.0,4.0,0.0,1.0,0.0,0.0,0.0,0.95,0.0,0.0,0.0,0.0,0.0,0.0,0.0,0.0,0.0,0.0,1.0,1.0,0.0,0.0,0.0,0.95,0.0,0.0,0.0,0.0,0.0,0.0,0.0,0.0,0.0,0.0,0.95,0.0,0.0,0.0,0.0,0.0,0.0,0.0,0.0,0.0,0.0,0.0,0.0,0.0,0.0,0.0,0.0,0.0,0.0,0.0,0.0
11.333333,4.0,3.3333333,1.1666666,2.0,2.3333333,3.0,2.0,0.0,0.0,1.0,0.0,0.0,0.0,0.0,3.0,2.0,1.0,0.0,0.0,0.0,0.0,0.0,1.0,0.0,0.0,1.0,0.0,0.0,0.0,0.0,0.0,0.0,0.0,0.0,0.0,0.0,0.0,1.0,0.0,0.0,0.8333333,0.0,0.0,0.0,0.0,0.0,0.0,0.0,0.0,0.0,0.0,0.0,0.0,0.0,0.0,0.0,1.0,0.0,0.0,1.0,0.0,1.0,0.0,0.0,0.0,0.0,0.0,0.0,1.0,0.0,0.0,0.0,0.0,0.0,0.0,0.0,0.0,0.0,0.0,0.0,0.0,0.0,0.0
11.116279,4.418605,3.0,1.1395348,2.2790697,2.0,3.139535,2.0,0.0,0.13953489,1.0,0.0,0.0,0.0,0.0,3.0,2.0,1.0,0.0,0.0,0.0,0.0,0.0,1.0,0.0,0.0,1.0,0.0,0.0,0.0,0.0,0.0,0.0,0.0,0.0,0.0,0.0,0.0,1.0,0.0,0.0,0.9302326,0.0,0.0,0.0,0.0,0.0,0.0,0.0,0.0,0.0,0.0,0.0,0.0,0.0,0.0,0.0,0.9302326,0.0,0.0,0.9302326,0.0,0.9302326,0.0,0.0,0.0,0.0,0.0,0.0,0.9302326,0.0,0.0,0.0,0.0,0.0,0.0,0.0,0.0,0.0,0.0,0.0,0.0,0.0,0.0
10.0,4.0,3.0,1.0,2.0,2.0,3.0,2.0,0.0,0.0,1.0,0.0,0.0,0.0,0.0,3.0,2.0,1.0,0.0,0.0,0.0,0.0,0.0,1.0,0.0,0.0,1.0,0.0,0.0,0.0,0.0,0.0,0.0,0.0,0.0,0.0,0.0,0.0,1.0,0.0,0.0,1.0,0.0,0.0,0.0,0.0,0.0,0.0,0.0,0.0,0.0,0.0,0.0,0.0,0.0,0.0,0.0,1.0,0.0,0.0,1.0,0.0,1.0,0.0,0.0,0.0,0.0,0.0,0.0,1.0,0.0,0.0,0.0,0.0,0.0,0.0,0.0,0.0,0.0,0.0,0.0,0.0,0.0,0.0
10.333333,4.047619,3.047619,1.0476191,2.047619,2.047619,3.0,2.047619,0.0,0.04761905,1.0,0.04761905,0.04761905,0.0,0.04761905,3.0,2.0,1.0,0.04761905,0.0,0.0,0.0,0.0,1.0,0.0,0.0,1.0,0.0,0.0,0.0,0.0,0.0,0.0,0.0,0.0,0.0,0.0,0.0,1.0,0.0,0.0,1.0,0.0,0.0,0.0,0.0,0.0,0.0,0.0,0.0,0.0,0.04761905,0.0,0.0,0.0,0.0,0.0,0.95238096,0.0,0.0,0.95238096,0.0,0.95238096,0.0,0.0,0.0,0.0,0.0,0.0,0.95238096,0.0,0.0,0.0,0.0,0.0,0.0,0.0,0.0,0.0,0.0,0.0,0.0,0.0,0.0
10.0,4.0,3.0,1.0,2.0,2.0,3.0,2.0,0.0,0.0,1.0,0.0,0.0,0.0,0.0,3.0,2.0,1.0,0.0,0.0,0.0,0.0,0.0,1.0,0.0,0.0,1.0,0.0,0.0,0.0,0.0,0.0,0.0,0.0,0.0,0.0,0.0,0.0,1.0,0.0,0.0,1.0,0.0,0.0,0.0,0.0,0.0,0.0,0.0,0.0,0.0,0.0,0.0,0.0,0.0,0.0,0.0,1.0,0.0,0.0,1.0,0.0,1.0,0.0,0.0,0.0,0.0,0.0,0.0,1.0,0.0,0.0,0.0,0.0,0.0,0.0,0.0,0.0,0.0,0.0,0.0,0.0,0.0,0.0
10.0,4.0,3.0,1.0,2.0,2.0,3.0,2.0,0.0,0.0,1.0,0.0,0.0,0.0,0.0,3.0,2.0,1.0,0.0,0.0,0.0,0.0,0.0,1.0,0.0,0.0,1.0,0.0,0.0,0.0,0.0,0.0,0.0,0.0,0.0,0.0,0.0,0.0,1.0,0.0,0.0,1.0,0.0,0.0,0.0,0.0,0.0,0.0,0.0,0.0,0.0,0.0,0.0,0.0,0.0,0.0,0.0,1.0,0.0,0.0,1.0,0.0,1.0,0.0,0.0,0.0,0.0,0.0,0.0,1.0,0.0,0.0,0.0,0.0,0.0,0.0,0.0,0.0,0.0,0.0,0.0,0.0,0.0,0.0
10.0,4.0,3.0,1.0,2.0,2.0,3.0,2.0,0.0,0.0,1.0,0.0,0.0,0.0,0.0,3.0,2.0,1.0,0.0,0.0,0.0,0.0,0.0,1.0,0.0,0.0,1.0,0.0,0.0,0.0,0.0,0.0,0.0,0.0,0.0,0.0,0.0,0.0,1.0,0.0,0.0,1.0,0.0,0.0,0.0,0.0,0.0,0.0,0.0,0.0,0.0,0.0,0.0,0.0,0.0,0.0,0.0,1.0,0.0,0.0,1.0,0.0,1.0,0.0,0.0,0.0,0.0,0.0,0.0,1.0,0.0,0.0,0.0,0.0,0.0,0.0,0.0,0.0,0.0,0.0,0.0,0.0,0.0,0.0
10.0,4.0,3.0,1.0,2.0,2.0,3.0,2.0,0.0,0.0,1.0,0.0,0.0,0.0,0.0,3.0,2.0,1.0,0.0,0.0,0.0,0.0,0.0,1.0,0.0,0.0,1.0,0.0,0.0,0.0,0.0,0.0,0.0,0.0,0.0,0.0,0.0,0.0,1.0,0.0,0.0,1.0,0.0,0.0,0.0,0.0,0.0,0.0,0.0,0.0,0.0,0.0,0.0,0.0,0.0,0.0,0.0,1.0,0.0,0.0,1.0,0.0,1.0,0.0,0.0,0.0,0.0,0.0,0.0,1.0,0.0,0.0,0.0,0.0,0.0,0.0,0.0,0.0,0.0,0.0,0.0,0.0,0.0,0.0
10.0,4.0,3.0,1.0,2.0,2.0,3.0,2.0,0.0,0.0,1.0,0.0,0.0,0.0,0.0,3.0,2.0,1.0,0.0,0.0,0.0,0.0,0.0,1.0,0.0,0.0,1.0,0.0,0.0,0.0,0.0,0.0,0.0,0.0,0.0,0.0,0.0,0.0,1.0,0.0,0.0,1.0,0.0,0.0,0.0,0.0,0.0,0.0,0.0,0.0,0.0,0.0,0.0,0.0,0.0,0.0,0.0,1.0,0.0,0.0,1.0,0.0,1.0,0.0,0.0,0.0,0.0,0.0,0.0,1.0,0.0,0.0,0.0,0.0,0.0,0.0,0.0,0.0,0.0,0.0,0.0,0.0,0.0,0.0
10.380953,4.0,3.047619,1.0476191,2.0,2.047619,3.0,2.0,0.0,0.0952381,1.0,0.0,0.0,0.0,0.0,3.0,2.0,1.0,0.0,0.0,0.0,0.0,0.0,1.0,0.14285715,0.0,1.0,0.0,0.0,0.0,0.0,0.1904762,0.0,0.0,0.0,0.04761905,0.0,0.0,1.0,0.0,0.0,0.95238096,0.0,0.0,0.0,0.0,0.0,0.0,0.0,0.0,0.0,0.0,0.0,0.0,0.0,0.0,0.0,0.95238096,0.0,0.0,0.95238096,0.0,0.95238096,0.0,0.0,0.0,0.0,0.04761905,0.0952381,0.95238096,0.0,0.0,0.04761905,0.0,0.04761905,0.0,0.0,0.0,0.0,0.0,0.0,0.0,0.0,0.0
12.181818,4.4545455,3.8181818,1.1818181,2.090909,2.1818182,3.7272727,2.1818182,0.54545456,0.0,1.3636364,0.0,0.0,0.0,0.0,3.1818182,2.1818182,1.0,0.0,0.18181819,0.0,0.54545456,0.0,1.0,0.0,0.0,1.0,0.0,0.0,0.0,0.18181819,0.0,0.0,0.18181819,0.0,0.0,0.09090909,0.0,1.0909091,0.0,0.0,1.0,0.0,0.0,0.0,0.0,0.0,0.0,0.0,0.18181819,0.0,0.0,0.0,0.0,0.0,0.0,0.0,1.0,0.0,0.0,1.0,0.0,1.0,0.0,0.0,0.0,0.0,0.0,0.0,1.0,0.0,0.0,0.0,0.0,0.0,0.0,0.0,0.0,0.0,0.0,0.0,0.0,0.0,0.0
13.130435,4.652174,4.173913,1.2608696,2.1304348,2.2608695,4.0434785,2.2608695,0.7826087,0.0,1.5217391,0.0,0.0,0.0,0.0,3.2608695,2.2608695,1.0,0.0,0.26086956,0.0,0.7826087,0.0,1.0,0.0,0.0,1.0,0.0,0.0,0.0,0.26086956,0.0,0.0,0.26086956,0.0,0.0,0.13043478,0.0,1.1304348,0.0,0.0,1.0,0.0,0.0,0.0,0.0,0.0,0.0,0.0,0.26086956,0.0,0.0,0.0,0.0,0.0,0.0,0.0,1.0,0.0,0.0,1.0,0.0,1.0,0.0,0.0,0.0,0.0,0.0,0.0,1.0,0.0,0.0,0.0,0.0,0.0,0.0,0.0,0.0,0.0,0.0,0.0,0.0,0.0,0.0
13.0,4.0,3.75,1.375,2.0,2.75,3.0,2.0,0.0,0.0,1.0,0.0,0.0,0.0,0.0,3.0,2.0,1.0,0.0,0.0,0.0,0.0,0.0,1.0,0.375,0.0,1.0,0.0,0.375,0.0,0.0,0.375,0.0,0.0,0.75,0.0,0.0,0.0,1.0,0.0,0.375,0.625,0.0,0.0,0.0,0.0,0.0,0.0,0.0,0.0,0.0,0.0,0.0,0.0,0.375,0.375,0.0,0.625,0.0,0.0,0.625,0.0,0.625,0.0,0.0,0.0,0.0,0.0,0.375,0.625,0.0,0.0,0.0,0.0,0.0,0.0,0.0,0.0,0.0,0.0,0.0,0.0,0.0,0.0
11.761905,4.095238,4.1904764,1.0952381,2.0952382,2.1904762,3.0,2.0952382,1.0,0.04761905,1.0,0.0952381,0.1904762,0.0,0.0952381,3.0,2.0,1.0,0.0952381,0.0,0.0,0.0,0.04761905,1.0,0.0952381,0.0,1.0,0.0,0.04761905,0.0,0.0,0.14285715,0.0,0.0,0.0952381,0.04761905,0.0,0.0,0.0,0.0952381,0.04761905,0.95238096,0.04761905,0.0952381,0.04761905,0.04761905,0.0,0.0,0.0,0.0,0.0,0.04761905,0.0,0.1904762,0.04761905,0.04761905,0.04761905,0.95238096,0.04761905,0.04761905,0.95238096,0.0,0.95238096,0.0,0.1904762,0.0,0.0,0.04761905,0.04761905,0.0,0.1904762,0.0,0.04761905,0.0,0.0,0.0,0.0,0.0,0.0952381,0.0,0.0,0.0,0.0,0.0
12.454545,4.181818,4.3636365,1.1818181,2.1818182,2.3636363,3.0,2.1818182,1.0,0.09090909,1.0,0.18181819,0.36363637,0.0,0.18181819,3.0,2.0,1.0,0.18181819,0.0,0.0,0.0,0.09090909,1.0,0.18181819,0.0,1.0,0.0,0.09090909,0.0,0.0,0.27272728,0.0,0.0,0.18181819,0.09090909,0.0,0.0,0.0,0.18181819,0.09090909,0.90909094,0.09090909,0.18181819,0.09090909,0.09090909,0.0,0.0,0.0,0.0,0.0,0.09090909,0.0,0.36363637,0.09090909,0.09090909,0.09090909,0.90909094,0.09090909,0.09090909,0.90909094,0.0,0.90909094,0.0,0.36363637,0.0,0.0,0.09090909,0.09090909,0.0,0.36363637,0.0,0.09090909,0.0,0.0,0.0,0.0,0.0,0.18181819,0.0,0.0,0.0,0.0,0.0
11.727273,4.181818,4.181818,1.0909091,2.1818182,2.1818182,3.0,2.1818182,1.0,0.09090909,1.0,0.18181819,0.36363637,0.0,0.18181819,3.0,2.0,1.0,0.18181819,0.0,0.0,0.0,0.09090909,1.0,0.09090909,0.0,1.0,0.0,0.09090909,0.0,0.0,0.18181819,0.0,0.0,0.18181819,0.09090909,0.0,0.0,0.0,0.0,0.09090909,0.90909094,0.09090909,0.18181819,0.09090909,0.0,0.0,0.0,0.0,0.0,0.0,0.0,0.0,0.36363637,0.0,0.0,0.0,0.90909094,0.0,0.0,0.90909094,0.0,0.90909094,0.0,0.36363637,0.0,0.0,0.09090909,0.09090909,0.0,0.36363637,0.0,0.09090909,0.0,0.0,0.0,0.0,0.0,0.0,0.0,0.0,0.0,0.0,0.0
11.727273,4.0,4.181818,1.0909091,2.0,2.1818182,3.0,2.0,1.0,0.0,1.0,0.0,0.0,0.0,0.0,3.0,2.0,1.0,0.0,0.0,0.0,0.0,0.0,1.0,0.09090909,0.0,1.0,0.0,0.09090909,0.0,0.0,0.09090909,0.0,0.0,0.18181819,0.0,0.0,0.0,0.0,0.0,0.09090909,0.90909094,0.0,0.0,0.0,0.0,0.0,0.0,0.0,0.0,0.0,0.0,0.0,0.0,0.09090909,0.09090909,0.0,0.90909094,0.0,0.0,0.90909094,0.0,0.90909094,0.0,0.0,0.0,0.0,0.0,0.09090909,0.0,0.0,0.0,0.0,0.0,0.0,0.0,0.0,0.0,0.0,0.0,0.0,0.0,0.0,0.0
10.0,4.0149255,3.0,1.0,2.0,2.0,3.0,2.0,0.0,0.0,1.0,0.0,0.0,0.0049751243,0.0,3.0,2.0,1.0,0.0,0.0,0.0049751243,0.0,0.0,1.0,0.0049751243,0.0049751243,1.0,0.0,0.0,0.0,0.0,0.0099502485,0.0,0.0,0.0,0.0049751243,0.0,0.0099502485,1.0,0.0,0.0,0.99502486,0.0,0.0,0.0,0.0,0.0,0.0,0.0,0.0,0.0,0.0,0.0,0.0,0.0,0.0,0.0,0.99502486,0.0,0.0,0.99502486,0.0,0.99502486,0.0,0.0,0.0,0.0,0.0049751243,0.0049751243,0.99502486,0.0,0.0,0.0049751243,0.0,0.0049751243,0.0,0.0,0.0,0.0,0.0,0.0,0.0,0.0,0.0
14.137828,4.4827714,4.0344567,1.5172285,2.0,3.034457,3.4827716,2.0,0.0,0.0,1.0,0.0,0.0,0.0,0.0,3.4827716,2.0,1.0,0.0,0.0,0.0,0.0,0.0,1.0,0.5172284,0.0,1.4827715,0.0,0.5172284,0.0,0.0,0.5172284,0.0,0.0,1.0344568,0.0,0.0,0.0,1.0,0.0,0.5172284,0.48277158,0.0,0.0,0.0,0.0,0.0,0.0,0.0,0.0,0.0,0.0,0.0,0.0,0.5172284,0.5172284,0.0,0.96554315,0.0,0.0,0.48277158,0.0,0.48277158,0.0,0.0,0.0,0.0,0.0,0.5172284,0.48277158,0.0,0.0,0.0,0.0,0.0,0.0,0.0,0.0,0.0,0.0,0.0,0.0,0.0,0.0
4.0,2.5,3.0,0.0,1.0,0.0,1.5,1.0,2.0,0.0,0.0,0.0,0.0,0.0,0.0,1.5,0.0,0.0,0.0,1.0,0.0,1.0,0.0,0.0,0.0,0.0,0.0,0.0,0.0,0.0,0.0,0.0,0.0,1.0,0.0,0.0,0.0,0.0,0.0,0.0,0.0,0.0,0.0,0.0,0.0,0.0,0.0,0.0,0.0,0.0,0.0,0.0,0.0,0.0,0.0,0.0,0.0,0.0,0.0,0.0,0.0,0.0,0.0,0.0,0.0,0.0,0.0,0.0,0.0,0.0,0.0,0.0,0.0,0.0,0.0,0.0,0.0,0.0,0.0,0.0,0.0,0.0,0.0,0.0
6.2059364,1.0294195,5.0882587,0.01961301,1.0098065,0.01961301,0.009806505,1.0098065,4.078452,1.0098065,0.0,1.019613,0.01961301,0.009806505,0.009806505,0.0,0.0,0.0,0.0,1.019613,0.01961301,3.058839,0.009806505,0.0,0.0,0.009806505,0.0,0.009806505,0.0,0.009806505,0.0,0.0,0.01961301,1.019613,0.0,0.0,1.039226,0.01961301,0.0,0.0,0.0,0.0,0.0,0.0,0.0,0.0,0.009806505,0.009806505,0.01961301,0.0,0.01961301,0.0,0.009806505,0.0,0.0,0.0,0.0,0.0,0.0,0.0,0.0,0.009806505,0.0,0.009806505,0.0,0.009806505,0.029419515,0.0,0.0,0.0,0.0,0.01961301,0.0,0.01961301,0.0,0.009806505,0.009806505,0.0,0.0,0.01961301,0.009806505,0.0,0.0,0.0
6.259461,1.0370659,5.1111975,0.024710558,1.0123553,0.024710558,0.012355279,1.0123553,4.098842,1.0123553,0.0,1.0247105,0.024710558,0.012355279,0.012355279,0.0,0.0,0.0,0.0,1.0247105,0.024710558,3.0741317,0.012355279,0.0,0.0,0.012355279,0.0,0.012355279,0.0,0.012355279,0.0,0.0,0.024710558,1.0247105,0.0,0.0,1.0494211,0.024710558,0.0,0.0,0.0,0.0,0.0,0.0,0.0,0.0,0.012355279,0.012355279,0.024710558,0.0,0.024710558,0.0,0.012355279,0.0,0.0,0.0,0.0,0.0,0.0,0.0,0.0,0.012355279,0.0,0.012355279,0.0,0.012355279,0.037065838,0.0,0.0,0.0,0.0,0.024710558,0.0,0.024710558,0.0,0.012355279,0.012355279,0.0,0.0,0.024710558,0.012355279,0.0,0.0,0.0
6.2119966,1.0201901,5.0807605,0.020190142,1.0100951,0.0,0.0,1.0100951,4.0807605,1.0100951,0.0,1.0201901,0.020190142,0.010095071,0.010095071,0.0,0.0,0.0,0.0,1.0201901,0.030285213,3.0605705,0.010095071,0.0,0.0,0.020190142,0.0,0.030285213,0.0,0.040380284,0.0,0.0,0.020190142,1.0201901,0.0,0.0,1.0403802,0.0,0.0,0.0,0.0,0.0,0.0,0.0,0.0,0.0,0.0,0.0,0.020190142,0.0,0.0,0.0,0.010095071,0.0,0.0,0.0,0.0,0.0,0.0,0.0,0.0,0.010095071,0.0,0.010095071,0.0,0.010095071,0.030285213,0.0,0.0,0.0,0.0,0.020190142,0.0,0.020190142,0.0,0.010095071,0.020190142,0.0,0.0,0.0,0.0,0.0,0.0,0.0
6.2670755,1.0254358,5.101743,0.025435764,1.0127178,0.0,0.0,1.0127178,4.101743,1.0127178,0.0,1.0254358,0.025435764,0.012717882,0.012717882,0.0,0.0,0.0,0.0,1.0254358,0.03815365,3.0763073,0.012717882,0.0,0.0,0.025435764,0.0,0.03815365,0.0,0.05087153,0.0,0.0,0.025435764,1.0254358,0.0,0.0,1.0508715,0.0,0.0,0.0,0.0,0.0,0.0,0.0,0.0,0.0,0.0,0.0,0.025435764,0.0,0.0,0.0,0.012717882,0.0,0.0,0.0,0.0,0.0,0.0,0.0,0.0,0.012717882,0.0,0.012717882,0.0,0.012717882,0.03815365,0.0,0.0,0.0,0.0,0.025435764,0.0,0.025435764,0.0,0.012717882,0.025435764,0.0,0.0,0.0,0.0,0.0,0.0,0.0
11.925175,2.0,9.800465,0.024941886,1.9750581,0.0,0.0,1.9750581,7.825407,1.9501163,0.0,2.9251742,1.9501163,0.024941886,0.97505814,0.0,0.0,0.0,0.0,1.9750581,0.04988377,5.8503485,0.97505814,0.0,0.0,0.024941886,0.0,0.024941886,0.0,0.024941886,0.0,0.0,1.9501163,1.9501163,0.0,0.0,1.9501163,0.0,0.0,0.0,0.0,0.0,0.0,0.0,0.0,0.0,0.0,0.0,1.9501163,0.0,0.0,0.0,1.9501163,0.0,0.0,0.0,0.0,0.0,0.0,0.0,0.0,0.97505814,0.0,0.97505814,0.0,0.0,1.9501163,0.0,0.0,0.0,0.0,1.9501163,0.0,0.024941886,0.0,0.97505814,0.024941886,0.0,0.0,0.0,0.0,0.0,0.97505814,0.0
11.8511,2.0,9.602932,0.049633484,1.9503665,0.0,0.0,1.9503665,7.6525655,1.900733,0.0,2.8510995,1.900733,0.049633484,0.9503665,0.0,0.0,0.0,0.0,1.9503665,0.09926697,5.702199,0.9503665,0.0,0.0,0.049633484,0.0,0.049633484,0.0,0.049633484,0.0,0.0,1.900733,1.900733,0.0,0.0,1.900733,0.0,0.0,0.0,0.0,0.0,0.0,0.0,0.0,0.0,0.0,0.0,1.900733,0.0,0.0,0.0,1.900733,0.0,0.0,0.0,0.0,0.0,0.0,0.0,0.0,0.9503665,0.0,0.9503665,0.0,0.0,1.900733,0.0,0.0,0.0,0.0,1.900733,0.0,0.049633484,0.0,0.9503665,0.049633484,0.0,0.0,0.0,0.0,0.0,0.9503665,0.0
11.777764,2.0,9.4073715,0.074078545,1.9259214,0.0,0.0,1.9259214,7.48145,1.8518429,0.0,2.7777643,1.8518429,0.074078545,0.92592144,0.0,0.0,0.0,0.0,1.9259214,0.14815709,5.5555286,0.92592144,0.0,0.0,0.074078545,0.0,0.074078545,0.0,0.074078545,0.0,0.0,1.8518429,1.8518429,0.0,0.0,1.8518429,0.0,0.0,0.0,0.0,0.0,0.0,0.0,0.0,0.0,0.0,0.0,1.8518429,0.0,0.0,0.0,1.8518429,0.0,0.0,0.0,0.0,0.0,0.0,0.0,0.0,0.92592144,0.0,0.92592144,0.0,0.0,1.8518429,0.0,0.0,0.0,0.0,1.8518429,0.0,0.074078545,0.0,0.92592144,0.074078545,0.0,0.0,0.0,0.0,0.0,0.92592144,0.0
12.331841,2.1206694,10.090502,0.03016737,2.0301673,0.0,0.090502106,2.0301673,8.030168,2.0,0.03016737,3.0,2.0,0.03016737,1.0,0.090502106,0.06033474,0.03016737,0.0,2.0301673,0.06033474,6.0,1.0,0.03016737,0.0,0.03016737,0.0,0.03016737,0.0,0.03016737,0.0,0.0,2.0,2.0,0.0,0.0,2.0,0.06033474,0.03016737,0.0,0.0,0.0,0.0,0.0,0.0,0.0,0.03016737,0.0,2.0,0.0,0.0,0.0,2.0,0.0,0.0,0.0,0.0,0.0,0.0,0.0,0.0,1.0,0.0,1.0,0.0,0.0,2.0,0.0,0.0,0.0,0.0,2.0,0.0,0.03016737,0.0,1.0,0.03016737,0.0,0.0,0.03016737,0.03016737,0.0,1.0,0.0
12.4471855,2.162613,10.12196,0.04065323,2.0406532,0.0,0.12195969,2.0406532,8.040653,2.0,0.04065323,3.0,2.0,0.04065323,1.0,0.12195969,0.08130646,0.04065323,0.0,2.0406532,0.08130646,6.0,1.0,0.04065323,0.0,0.04065323,0.0,0.04065323,0.0,0.04065323,0.0,0.0,2.0,2.0,0.0,0.0,2.0,0.08130646,0.04065323,0.0,0.0,0.0,0.0,0.0,0.0,0.0,0.04065323,0.0,2.0,0.0,0.0,0.0,2.0,0.0,0.0,0.0,0.0,0.0,0.0,0.0,0.0,1.0,0.0,1.0,0.0,0.0,2.0,0.0,0.0,0.0,0.0,2.0,0.0,0.04065323,0.0,1.0,0.04065323,0.0,0.0,0.04065323,0.04065323,0.0,1.0,0.0
11.11,2.02,9.0,0.02,2.0,0.02,0.01,2.0,7.0,2.0,0.0,3.0,2.0,0.01,1.0,0.0,0.0,0.0,0.0,2.01,0.02,4.99,1.0,0.0,0.0,0.01,0.0,0.01,0.0,0.01,0.0,0.0,2.0,2.01,0.0,0.0,0.99,0.02,0.0,0.0,0.0,0.0,0.0,0.0,0.0,0.0,0.01,0.01,2.0,0.0,0.02,0.0,1.99,0.0,0.0,0.0,0.0,0.0,0.0,0.0,0.0,1.0,0.0,0.0,0.0,0.01,2.01,0.0,0.0,0.0,0.0,2.0,0.0,0.02,0.0,0.0,0.01,0.0,0.0,0.02,0.01,0.0,0.0,0.0
11.132,2.024,9.0,0.024,2.0,0.024,0.012,2.0,7.0,2.0,0.0,3.0,2.0,0.012,1.0,0.0,0.0,0.0,0.0,2.012,0.024,4.988,1.0,0.0,0.0,0.012,0.0,0.012,0.0,0.012,0.0,0.0,2.0,2.012,0.0,0.0,0.988,0.024,0.0,0.0,0.0,0.0,0.0,0.0,0.0,0.0,0.012,0.012,2.0,0.0,0.024,0.0,1.988,0.0,0.0,0.0,0.0,0.0,0.0,0.0,0.0,1.0,0.0,0.0,0.0,0.012,2.012,0.0,0.0,0.0,0.0,2.0,0.0,0.024,0.0,0.0,0.012,0.0,0.0,0.024,0.012,0.0,0.0,0.0
11.695652,4.2608695,3.1304348,1.2608696,2.0,2.1304348,3.5217392,2.0,0.0,0.13043478,1.2608696,0.0,0.0,0.0,0.0,3.0,2.0,1.0,0.0,0.0,0.0,0.0,0.0,1.0,0.0,0.0,1.0,0.0,0.0,0.0,0.26086956,0.0,0.0,0.0,0.0,0.0,0.0,0.0,1.0,0.0,0.0,0.8695652,0.0,0.0,0.0,0.0,0.0,0.0,0.0,0.0,0.0,0.0,0.0,0.0,0.0,0.0,0.0,0.8695652,0.0,0.0,0.8695652,0.0,0.8695652,0.0,0.0,0.0,0.0,0.0,0.0,0.8695652,0.0,0.0,0.0,0.0,0.0,0.0,0.0,0.0,0.0,0.0,0.0,0.0,0.0,0.0
11.043478,4.130435,3.2608695,1.1304348,2.0,2.2608695,3.2608695,2.0,0.0,0.26086956,1.1304348,0.0,0.0,0.0,0.0,3.0,2.0,1.0,0.0,0.0,0.0,0.0,0.0,1.0,0.13043478,0.0,1.0,0.0,0.13043478,0.0,0.13043478,0.26086956,0.0,0.0,0.0,0.13043478,0.0,0.0,1.0,0.0,0.0,0.8695652,0.0,0.0,0.0,0.0,0.0,0.0,0.0,0.0,0.0,0.0,0.0,0.0,0.0,0.0,0.0,0.8695652,0.0,0.0,0.8695652,0.0,0.8695652,0.0,0.0,0.0,0.0,0.13043478,0.13043478,0.8695652,0.0,0.0,0.13043478,0.0,0.13043478,0.0,0.0,0.0,0.0,0.0,0.0,0.0,0.0,0.0
10.913043,4.130435,3.1304348,1.1304348,2.0,2.1304348,3.2608695,2.0,0.0,0.13043478,1.1304348,0.0,0.0,0.0,0.0,3.0,2.0,1.0,0.0,0.0,0.0,0.0,0.0,1.0,0.13043478,0.0,1.0,0.0,0.0,0.0,0.13043478,0.26086956,0.0,0.0,0.0,0.13043478,0.0,0.0,1.0,0.0,0.0,0.8695652,0.0,0.0,0.0,0.0,0.0,0.0,0.0,0.0,0.0,0.0,0.0,0.0,0.0,0.0,0.0,0.8695652,0.0,0.0,0.8695652,0.0,0.8695652,0.0,0.0,0.0,0.0,0.13043478,0.13043478,0.8695652,0.0,0.0,0.13043478,0.0,0.13043478,0.0,0.0,0.0,0.0,0.0,0.0,0.0,0.0,0.0
11.333333,4.5,3.3333333,1.1666666,2.3333333,2.3333333,3.1666667,2.3333333,0.0,0.16666667,1.0,0.33333334,0.6666667,0.0,0.33333334,3.0,2.0,1.0,0.33333334,0.0,0.0,0.0,0.16666667,1.0,0.16666667,0.0,1.0,0.0,0.16666667,0.0,0.0,0.33333334,0.0,0.0,0.33333334,0.16666667,0.0,0.0,1.0,0.33333334,0.16666667,1.0,0.16666667,0.33333334,0.16666667,0.16666667,0.0,0.0,0.0,0.0,0.0,0.16666667,0.0,0.33333334,0.16666667,0.16666667,0.16666667,1.0,0.16666667,0.16666667,1.0,0.0,1.0,0.0,0.0,0.0,0.0,0.16666667,0.16666667,1.0,0.33333334,0.0,0.16666667,0.0,0.16666667,0.0,0.0,0.0,0.16666667,0.0,0.0,0.0,0.0,0.0
11.043478,4.3913045,3.2608695,1.1304348,2.2608695,2.2608695,3.1304348,2.2608695,0.0,0.13043478,1.0,0.26086956,0.5217391,0.0,0.26086956,3.0,2.0,1.0,0.26086956,0.0,0.0,0.0,0.13043478,1.0,0.13043478,0.0,1.0,0.0,0.13043478,0.0,0.0,0.26086956,0.0,0.0,0.26086956,0.13043478,0.0,0.0,1.0,0.26086956,0.13043478,1.0,0.13043478,0.26086956,0.13043478,0.13043478,0.0,0.0,0.0,0.0,0.0,0.13043478,0.0,0.0,0.13043478,0.13043478,0.13043478,0.8695652,0.13043478,0.13043478,0.8695652,0.0,0.8695652,0.0,0.0,0.0,0.0,0.0,0.0,0.8695652,0.0,0.0,0.0,0.0,0.0,0.0,0.0,0.0,0.0,0.0,0.0,0.0,0.0,0.0
11.333333,4.5,3.3333333,1.1666666,2.3333333,2.3333333,3.1666667,2.3333333,0.0,0.16666667,1.0,0.33333334,0.6666667,0.0,0.33333334,3.0,2.0,1.0,0.33333334,0.0,0.0,0.0,0.16666667,1.0,0.16666667,0.0,1.0,0.0,0.16666667,0.0,0.0,0.33333334,0.0,0.0,0.33333334,0.16666667,0.0,0.0,1.0,0.33333334,0.16666667,1.0,0.16666667,0.33333334,0.16666667,0.16666667,0.0,0.0,0.0,0.0,0.0,0.16666667,0.0,0.0,0.16666667,0.16666667,0.16666667,0.8333333,0.16666667,0.16666667,0.8333333,0.0,0.8333333,0.0,0.0,0.0,0.0,0.0,0.0,0.8333333,0.0,0.0,0.0,0.0,0.0,0.0,0.0,0.0,0.0,0.0,0.0,0.0,0.0,0.0
11.454545,4.5454545,3.0,1.1818181,2.3636363,2.0,3.1818182,2.0,0.0,0.18181819,1.0,0.0,0.0,0.0,0.0,3.0,2.0,1.0,0.0,0.0,0.0,0.0,0.0,1.0,0.0,0.0,1.0,0.0,0.0,0.0,0.0,0.0,0.0,0.0,0.0,0.0,0.0,0.0,1.0,0.0,0.0,0.90909094,0.0,0.0,0.0,0.0,0.0,0.0,0.0,0.0,0.0,0.0,0.0,0.0,0.0,0.0,0.0,0.90909094,0.0,0.0,0.90909094,0.0,0.90909094,0.0,0.0,0.0,0.0,0.0,0.0,0.90909094,0.0,0.0,0.0,0.0,0.0,0.0,0.0,0.0,0.0,0.0,0.0,0.0,0.0,0.0
11.166667,4.1666665,3.1666667,1.1666666,2.1666667,2.1666667,3.0,2.1666667,0.0,0.16666667,1.0,0.16666667,0.16666667,0.0,0.16666667,3.0,2.0,1.0,0.16666667,0.0,0.0,0.0,0.0,1.0,0.16666667,0.0,1.0,0.0,0.0,0.0,0.0,0.33333334,0.0,0.0,0.0,0.16666667,0.0,0.0,1.0,0.0,0.0,0.8333333,0.0,0.0,0.0,0.0,0.0,0.0,0.0,0.0,0.0,0.0,0.0,0.33333334,0.0,0.0,0.0,0.8333333,0.0,0.0,0.8333333,0.0,0.8333333,0.0,0.33333334,0.0,0.0,0.16666667,0.16666667,0.8333333,0.33333334,0.0,0.16666667,0.0,0.16666667,0.0,0.0,0.0,0.0,0.0,0.0,0.0,0.0,0.0
11.956522,4.130435,3.3913043,1.2608696,2.1304348,2.3913043,3.0,2.1304348,0.0,0.13043478,1.0,0.13043478,0.13043478,0.0,0.13043478,3.0,2.0,1.0,0.13043478,0.0,0.0,0.0,0.0,1.0,0.13043478,0.0,1.0,0.0,0.0,0.0,0.0,0.26086956,0.0,0.0,0.0,0.13043478,0.0,0.0,1.0,0.0,0.0,0.8695652,0.0,0.0,0.0,0.0,0.0,0.0,0.0,0.0,0.0,0.13043478,0.0,0.26086956,0.0,0.0,0.0,0.8695652,0.0,0.0,0.8695652,0.0,0.8695652,0.0,0.26086956,0.0,0.0,0.13043478,0.13043478,0.8695652,0.26086956,0.0,0.13043478,0.0,0.13043478,0.0,0.0,0.0,0.26086956,0.0,0.0,0.0,0.0,0.0
12.086957,4.2608695,3.5217392,1.2608696,2.2608695,2.5217392,3.0,2.2608695,0.0,0.13043478,1.0,0.26086956,0.5217391,0.0,0.26086956,3.0,2.0,1.0,0.26086956,0.0,0.0,0.0,0.13043478,1.0,0.26086956,0.0,1.0,0.0,0.13043478,0.0,0.0,0.39130434,0.0,0.0,0.26086956,0.13043478,0.0,0.0,1.0,0.26086956,0.13043478,0.8695652,0.13043478,0.26086956,0.13043478,0.13043478,0.0,0.0,0.0,0.0,0.0,0.13043478,0.0,0.5217391,0.13043478,0.13043478,0.13043478,0.8695652,0.13043478,0.13043478,0.8695652,0.0,0.8695652,0.0,0.5217391,0.0,0.0,0.13043478,0.13043478,0.8695652,0.5217391,0.0,0.13043478,0.0,0.13043478,0.0,0.0,0.0,0.26086956,0.0,0.0,0.0,0.0,0.0
12.666667,4.3333335,3.6666667,1.3333334,2.3333333,2.6666667,3.0,2.3333333,0.0,0.16666667,1.0,0.33333334,0.6666667,0.0,0.33333334,3.0,2.0,1.0,0.33333334,0.0,0.0,0.0,0.16666667,1.0,0.33333334,0.0,1.0,0.0,0.16666667,0.0,0.0,0.5,0.0,0.0,0.33333334,0.16666667,0.0,0.0,1.0,0.33333334,0.16666667,0.8333333,0.16666667,0.33333334,0.16666667,0.16666667,0.0,0.0,0.0,0.0,0.0,0.16666667,0.0,0.6666667,0.16666667,0.16666667,0.16666667,0.8333333,0.16666667,0.16666667,0.8333333,0.0,0.8333333,0.0,0.6666667,0.0,0.0,0.16666667,0.16666667,0.8333333,0.6666667,0.0,0.16666667,0.0,0.16666667,0.0,0.0,0.0,0.33333334,0.0,0.0,0.0,0.0,0.0
10.727273,4.090909,3.1818182,1.0909091,2.090909,2.1818182,3.0,2.090909,0.0,0.18181819,1.0,0.09090909,0.09090909,0.0,0.09090909,3.0,2.0,1.0,0.09090909,0.0,0.0,0.0,0.0,1.0,0.09090909,0.0,1.0,0.0,0.0,0.0,0.0,0.18181819,0.0,0.0,0.0,0.09090909,0.0,0.0,1.0,0.0,0.0,0.90909094,0.0,0.0,0.0,0.0,0.0,0.0,0.0,0.0,0.0,0.09090909,0.0,0.18181819,0.0,0.0,0.0,0.90909094,0.0,0.0,0.90909094,0.0,0.90909094,0.0,0.18181819,0.0,0.0,0.09090909,0.09090909,0.90909094,0.18181819,0.0,0.09090909,0.0,0.09090909,0.0,0.0,0.0,0.18181819,0.0,0.0,0.0,0.0,0.0
10.727273,4.090909,3.1818182,1.0909091,2.090909,2.1818182,3.0,2.090909,0.0,0.18181819,1.0,0.09090909,0.09090909,0.0,0.09090909,3.0,2.0,1.0,0.09090909,0.0,0.0,0.0,0.0,1.0,0.18181819,0.0,1.0,0.0,0.0,0.0,0.0,0.27272728,0.0,0.0,0.0,0.09090909,0.0,0.0,1.0,0.09090909,0.0,0.90909094,0.0,0.0,0.0,0.09090909,0.0,0.0,0.0,0.0,0.0,0.0,0.0,0.18181819,0.0,0.0,0.0,0.90909094,0.0,0.0,0.90909094,0.0,0.90909094,0.0,0.18181819,0.0,0.0,0.09090909,0.09090909,0.90909094,0.18181819,0.0,0.09090909,0.0,0.09090909,0.0,0.0,0.0,0.0,0.0,0.0,0.0,0.0,0.0
11.166667,4.0,3.1666667,1.1666666,2.0,2.1666667,3.0,2.0,0.0,0.33333334,1.0,0.0,0.0,0.0,0.0,3.0,2.0,1.0,0.0,0.0,0.0,0.0,0.0,1.0,0.0,0.0,1.0,0.0,0.0,0.0,0.0,0.0,0.0,0.0,0.0,0.0,0.0,0.0,1.0,0.0,0.0,0.8333333,0.0,0.0,0.0,0.0,0.0,0.0,0.0,0.0,0.0,0.0,0.0,0.0,0.0,0.0,0.0,0.8333333,0.0,0.0,0.8333333,0.0,0.8333333,0.0,0.0,0.0,0.0,0.0,0.0,0.8333333,0.0,0.0,0.0,0.0,0.0,0.0,0.0,0.0,0.0,0.0,0.0,0.0,0.0,0.0
11.272727,4.0,3.1818182,1.1818181,2.0,2.1818182,3.0,2.0,0.0,0.36363637,1.0,0.0,0.0,0.0,0.0,3.0,2.0,1.0,0.0,0.0,0.0,0.0,0.0,1.0,0.0,0.0,1.0,0.0,0.0,0.0,0.0,0.0,0.0,0.0,0.0,0.0,0.0,0.0,1.0,0.0,0.0,0.90909094,0.0,0.0,0.0,0.0,0.0,0.0,0.0,0.0,0.0,0.0,0.0,0.0,0.0,0.0,0.0,0.90909094,0.0,0.0,0.90909094,0.0,0.90909094,0.0,0.0,0.0,0.0,0.0,0.0,0.90909094,0.0,0.0,0.0,0.0,0.0,0.0,0.0,0.0,0.0,0.0,0.0,0.0,0.0,0.0
11.818182,4.090909,3.1818182,1.2727273,2.0,2.1818182,3.1818182,2.0,0.0,0.36363637,1.0909091,0.0,0.0,0.0,0.0,3.0,2.0,1.0,0.0,0.0,0.0,0.0,0.0,1.0,0.0,0.0,1.0,0.0,0.0,0.0,0.18181819,0.0,0.0,0.0,0.0,0.0,0.0,0.0,1.0,0.0,0.0,0.90909094,0.0,0.0,0.0,0.0,0.0,0.0,0.0,0.0,0.0,0.0,0.0,0.0,0.0,0.0,0.0,0.90909094,0.0,0.0,0.90909094,0.0,0.90909094,0.0,0.0,0.0,0.0,0.0,0.0,0.90909094,0.0,0.0,0.0,0.0,0.0,0.0,0.0,0.0,0.0,0.0,0.0,0.0,0.0,0.0
10.636364,4.0,3.090909,1.0909091,2.0,2.090909,3.0,2.0,0.0,0.09090909,1.0,0.0,0.0,0.0,0.0,3.0,2.0,1.0,0.0,0.0,0.0,0.0,0.0,1.0,0.09090909,0.0,1.0,0.0,0.0,0.0,0.0,0.18181819,0.0,0.0,0.0,0.09090909,0.0,0.0,1.0,0.0,0.0,0.90909094,0.0,0.0,0.0,0.0,0.0,0.0,0.0,0.0,0.0,0.0,0.0,0.0,0.0,0.0,0.0,0.90909094,0.0,0.0,0.90909094,0.0,0.90909094,0.0,0.0,0.0,0.0,0.09090909,0.09090909,0.90909094,0.0,0.0,0.09090909,0.0,0.09090909,0.0,0.0,0.0,0.0,0.0,0.0,0.0,0.0,0.0
10.913043,4.0,3.1304348,1.1304348,2.0,2.1304348,3.0,2.0,0.0,0.13043478,1.0,0.0,0.0,0.0,0.0,3.0,2.0,1.0,0.0,0.0,0.0,0.0,0.0,1.0,0.13043478,0.0,1.0,0.0,0.0,0.0,0.0,0.26086956,0.0,0.0,0.0,0.13043478,0.0,0.0,1.0,0.0,0.0,0.8695652,0.0,0.0,0.0,0.0,0.0,0.0,0.0,0.0,0.0,0.0,0.0,0.0,0.0,0.0,0.0,0.8695652,0.0,0.0,0.8695652,0.0,0.8695652,0.0,0.0,0.0,0.0,0.13043478,0.13043478,0.8695652,0.0,0.0,0.13043478,0.0,0.13043478,0.0,0.0,0.0,0.0,0.0,0.0,0.0,0.0,0.0
11.0,4.2,3.3,1.1,2.2,2.1,3.0,2.2,0.1,0.1,1.0,0.2,0.4,0.0,0.2,3.0,2.0,1.0,0.0,0.1,0.0,0.0,0.1,1.0,0.1,0.0,1.0,0.0,0.0,0.0,0.0,0.2,0.2,0.0,0.0,0.1,0.0,0.0,1.0,0.0,0.0,0.9,0.0,0.0,0.0,0.0,0.0,0.0,0.1,0.0,0.0,0.0,0.0,0.4,0.0,0.0,0.0,0.9,0.0,0.0,0.9,0.1,0.9,0.0,0.4,0.0,0.0,0.1,0.1,0.9,0.0,0.0,0.1,0.0,0.1,0.0,0.0,0.0,0.0,0.0,0.0,0.0,0.0,0.0
13.555555,4.0,3.8888888,1.4444444,2.0,2.8888888,3.0,2.0,0.0,0.0,1.0,0.0,0.0,0.0,0.0,3.0,2.0,1.0,0.0,0.0,0.0,0.0,0.0,1.0,0.44444445,0.0,1.0,0.0,0.44444445,0.0,0.0,0.44444445,0.0,0.0,0.8888889,0.0,0.0,0.0,1.0,0.0,0.44444445,0.5555556,0.0,0.0,0.0,0.0,0.0,0.0,0.0,0.0,0.0,0.0,0.0,0.0,0.44444445,0.44444445,0.0,0.5555556,0.0,0.0,0.5555556,0.0,0.5555556,0.0,0.0,0.0,0.0,0.0,0.44444445,0.5555556,0.0,0.0,0.0,0.0,0.0,0.0,0.0,0.0,0.0,0.0,0.0,0.0,0.0,0.0
12.666667,4.3333335,3.6666667,1.3333334,2.3333333,2.6666667,3.0,2.3333333,0.0,0.16666667,1.0,0.33333334,0.6666667,0.0,0.33333334,3.0,2.0,1.0,0.33333334,0.0,0.0,0.0,0.16666667,1.0,0.33333334,0.0,1.0,0.0,0.16666667,0.0,0.0,0.5,0.0,0.0,0.33333334,0.16666667,0.0,0.0,1.0,0.33333334,0.16666667,0.8333333,0.16666667,0.33333334,0.16666667,0.16666667,0.0,0.0,0.0,0.0,0.0,0.16666667,0.0,0.6666667,0.16666667,0.16666667,0.16666667,0.8333333,0.16666667,0.16666667,0.8333333,0.0,0.8333333,0.0,0.6666667,0.0,0.0,0.16666667,0.16666667,0.8333333,0.6666667,0.0,0.16666667,0.0,0.16666667,0.0,0.0,0.0,0.33333334,0.0,0.0,0.0,0.0,0.0
21.301224,3.700216,9.50036,1.800144,1.900072,1.800144,0.900072,1.900072,7.600288,1.0,0.0,1.900072,1.800144,0.900072,0.900072,0.0,0.0,0.0,0.0,2.800144,1.800144,4.800144,0.900072,0.0,0.0,0.900072,0.0,0.900072,0.0,0.900072,0.0,0.0,2.700216,2.800144,0.0,0.0,1.0,1.800144,0.0,0.0,0.0,0.0,0.0,0.0,0.0,0.0,0.900072,0.900072,2.700216,0.0,1.800144,0.0,0.900072,0.0,0.0,0.0,0.0,0.0,0.0,0.0,0.0,1.800144,0.0,0.900072,0.0,0.900072,2.700216,0.0,0.0,0.0,0.0,0.900072,0.0,1.800144,0.0,1.800144,0.900072,0.0,0.0,1.800144,0.900072,0.0,0.0,0.0
20.54049,3.5659688,9.276615,1.7106459,1.855323,1.7106459,0.85532296,1.855323,7.421292,1.0,0.0,1.855323,1.7106459,0.85532296,0.85532296,0.0,0.0,0.0,0.0,2.710646,1.7106459,4.7106457,0.85532296,0.0,0.0,0.85532296,0.0,0.85532296,0.0,0.85532296,0.0,0.0,2.5659688,2.710646,0.0,0.0,1.0,1.7106459,0.0,0.0,0.0,0.0,0.0,0.0,0.0,0.0,0.85532296,0.85532296,2.5659688,0.0,1.7106459,0.0,0.85532296,0.0,0.0,0.0,0.0,0.0,0.0,0.0,0.0,1.7106459,0.0,0.85532296,0.0,0.85532296,2.5659688,0.0,0.0,0.0,0.0,0.85532296,0.0,1.7106459,0.0,1.7106459,0.85532296,0.0,0.0,1.7106459,0.85532296,0.0,0.0,0.0
5.3962736,2.216149,3.0720496,0.03602486,1.0,0.0,2.1440995,1.0,2.9279504,0.0,1.0,0.0,0.0,0.07204972,0.0,1.1440995,1.0360248,1.0,0.0,1.9639752,0.07204972,0.0,0.0,0.03602486,0.0,0.03602486,0.0,0.0,0.0,0.0,0.0,0.0,0.0,0.0,0.0,0.0,0.0,0.14409944,0.03602486,0.0,0.0,0.0,0.0,0.0,0.0,0.0,0.07204972,0.0,0.0,0.0,0.0,0.0,0.0,0.0,0.0,0.0,0.0,0.0,0.0,0.0,0.0,0.0,0.0,0.0,0.0,0.0,0.0,0.0,0.0,0.0,0.0,0.0,0.0,0.0,0.0,0.0,0.0,0.0,0.0,0.0,0.0,0.0,0.0,0.0
10.900819,4.180164,3.2702458,1.0900819,2.1801639,2.090082,3.0,2.1801639,0.09008189,0.09008189,1.0,0.18016379,0.36032757,0.0,0.18016379,3.0,2.0,1.0,0.0,0.09008189,0.0,0.0,0.09008189,1.0,0.09008189,0.0,1.0,0.0,0.0,0.0,0.0,0.18016379,0.18016379,0.0,0.0,0.09008189,0.0,0.0,1.0,0.0,0.0,0.9099181,0.0,0.0,0.0,0.0,0.0,0.0,0.09008189,0.0,0.0,0.0,0.0,0.36032757,0.0,0.0,0.0,0.9099181,0.0,0.0,0.9099181,0.09008189,0.9099181,0.0,0.36032757,0.0,0.0,0.09008189,0.09008189,0.9099181,0.0,0.0,0.09008189,0.0,0.09008189,0.0,0.0,0.0,0.0,0.0,0.0,0.0,0.0,0.0
6.392157,1.0588236,5.0392156,0.05882353,1.0392157,0.039215688,0.0,1.0392157,4.0,1.0196079,0.0,1.0196079,0.039215688,0.019607844,0.019607844,0.0,0.0,0.0,0.019607844,1.0,0.039215688,3.0,0.019607844,0.0,0.019607844,0.039215688,0.0,0.019607844,0.0,0.039215688,0.0,0.039215688,0.019607844,1.0,0.0,0.019607844,1.0,0.0,0.0,0.019607844,0.0,0.0,0.0,0.0,0.0,0.0,0.0,0.0,0.019607844,0.0,0.0,0.0,0.019607844,0.0,0.0,0.0,0.0,0.0,0.0,0.0,0.0,0.0,0.0,0.019607844,0.0,0.0,0.0,0.0,0.0,0.0,0.0,0.0,0.0,0.0,0.0,0.0,0.0,0.0,0.0,0.0,0.0,0.0,0.0,0.0
6.5825243,1.0873786,5.0582523,0.08737864,1.0582525,0.058252428,0.0,1.0582525,4.0,1.0291262,0.0,1.0291262,0.058252428,0.029126214,0.029126214,0.0,0.0,0.0,0.029126214,1.0,0.058252428,3.0,0.029126214,0.0,0.029126214,0.058252428,0.0,0.029126214,0.0,0.058252428,0.0,0.058252428,0.029126214,1.0,0.0,0.029126214,1.0,0.0,0.0,0.029126214,0.0,0.0,0.0,0.0,0.0,0.0,0.0,0.0,0.029126214,0.0,0.0,0.0,0.029126214,0.0,0.0,0.0,0.0,0.0,0.0,0.0,0.0,0.0,0.0,0.029126214,0.0,0.0,0.0,0.0,0.0,0.0,0.0,0.0,0.0,0.0,0.0,0.0,0.0,0.0,0.0,0.0,0.0,0.0,0.0,0.0
11.6223545,4.0,2.8377645,1.3244709,1.6755291,2.0,3.1622355,1.6755291,0.0,0.0,1.0,0.0,0.0,0.16223541,0.0,2.8377645,1.8377646,0.83776456,0.0,0.0,0.32447082,0.0,0.0,0.83776456,0.0,0.32447082,0.83776456,0.16223541,0.0,0.32447082,0.0,0.0,0.0,0.0,0.0,0.0,0.0,0.32447082,1.0,0.0,0.0,0.83776456,0.0,0.0,0.0,0.0,0.32447082,0.16223541,0.0,0.16223541,0.32447082,0.0,0.0,0.0,0.0,0.0,0.0,0.83776456,0.0,0.0,0.83776456,0.0,0.83776456,0.0,0.0,0.0,0.0,0.0,0.0,0.83776456,0.0,0.0,0.0,0.0,0.0,0.0,0.0,0.0,0.0,0.0,0.0,0.0,0.0,0.0
16.074898,3.0499313,3.925103,2.0249658,1.0,2.0,3.0249658,0.0,5.850206,0.0,1.0,0.0,0.0,0.024965698,0.0,0.0,0.0,1.0,0.0,0.0,0.049931396,0.0,0.0,0.0,0.0,0.049931396,0.0,0.024965698,0.0,0.049931396,0.9750343,0.0,0.0,0.0,0.0,0.0,0.0,0.049931396,0.0,0.0,0.0,0.0,0.0,0.0,0.0,0.0,0.049931396,0.024965698,0.0,0.0,0.049931396,0.0,0.0,0.0,0.0,0.0,0.0,0.0,0.0,0.0,0.0,0.0,0.0,0.0,0.0,0.0,0.0,0.0,0.0,0.0,0.0,0.0,0.0,0.0,0.0,0.0,0.0,0.0,0.0,0.0,0.0,0.0,0.0,0.0
16.101667,3.0677779,3.898333,2.033889,1.0,2.0,3.033889,0.0,5.796666,0.0,1.0,0.0,0.0,0.03388898,0.0,0.0,0.0,1.0,0.0,0.0,0.06777796,0.0,0.0,0.0,0.0,0.06777796,0.0,0.03388898,0.0,0.06777796,0.966111,0.0,0.0,0.0,0.0,0.0,0.0,0.06777796,0.0,0.0,0.0,0.0,0.0,0.0,0.0,0.0,0.06777796,0.03388898,0.0,0.0,0.06777796,0.0,0.0,0.0,0.0,0.0,0.0,0.0,0.0,0.0,0.0,0.0,0.0,0.0,0.0,0.0,0.0,0.0,0.0,0.0,0.0,0.0,0.0,0.0,0.0,0.0,0.0,0.0,0.0,0.0,0.0,0.0,0.0,0.0
12.156228,2.0721054,10.012017,0.024035152,2.0,0.024035152,0.048070304,2.0,8.024035,2.0240352,0.0,3.0,2.0,0.024035152,1.0,0.048070304,0.0,0.0,0.012017576,1.9759649,0.0,5.9639473,1.0,0.0,0.0,0.0,0.0,0.0,0.0,0.0,0.0,0.0,1.9879824,1.9759649,0.0,0.0,1.9879824,0.0,0.0,0.0,0.0,0.0,0.0,0.0,0.0,0.0,0.0,0.0,1.9879824,0.0,0.0,0.0,1.9879824,0.0,0.0,0.0,0.0,0.0,0.0,0.0,0.0,0.98798245,0.0,1.0,0.0,0.0,1.9759649,0.0,0.0,0.0,0.0,1.9759649,0.0,0.0,0.0,0.98798245,0.0,0.0,0.0,0.0,0.0,0.0,0.98798245,0.0
12.373757,2.0439713,9.978014,0.0659571,2.0219858,0.0439714,0.0,2.0219858,7.934043,2.0439713,0.0,3.0219858,2.0219858,0.0219857,1.0219857,0.0,0.0,0.0,0.0219857,1.9780143,0.0439714,5.934043,1.0,0.0,0.0,0.0219857,0.0,0.0219857,0.0,0.0219857,0.0,0.0,2.0,1.9560286,0.0,0.0,1.9780143,0.0,0.0,0.0,0.0,0.0,0.0,0.0,0.0,0.0,0.0,0.0,1.9780143,0.0,0.0,0.0,1.9780143,0.0,0.0,0.0,0.0,0.0,0.0,0.0,0.0,0.9780143,0.0,1.0,0.0,0.0,1.9560286,0.0,0.0,0.0,0.0,1.9560286,0.0,0.0219857,0.0,0.9780143,0.0219857,0.0,0.0,0.0,0.0,0.0,0.9780143,0.0
12.488313,2.0406928,9.959308,0.08952404,2.0,0.0,0.0,2.0,7.967446,2.0488312,0.0,2.983723,1.9918615,0.040692743,1.0,0.0,0.0,0.0,0.0,2.0,0.07324694,5.9755845,0.99186146,0.0,0.0,0.07324694,0.0,0.032554194,0.0,0.06510839,0.0,0.0,1.9918615,2.0,0.0,0.0,1.9918615,0.0,0.0,0.0,0.0,0.0,0.0,0.0,0.0,0.0,0.0,0.0,1.9837229,0.0,0.0,0.0,1.9918615,0.0,0.0,0.0,0.0,0.0,0.0,0.0,0.0,0.99186146,0.0,0.99186146,0.0,0.0,1.9837229,0.0,0.0,0.0,0.0,1.9837229,0.0,0.0,0.0,0.99186146,0.0,0.0,0.0,0.0,0.0,0.0,0.99186146,0.0
8.349515,4.0873785,6.029126,0.058252428,2.0582523,0.116504855,3.0291262,2.0582523,3.9417477,0.029126214,1.0,0.058252428,0.116504855,0.0,0.058252428,3.0,2.0,1.0,0.058252428,1.9417475,0.0,1.9708738,0.029126214,1.0,0.029126214,0.0,0.029126214,0.0,0.029126214,0.0,0.0,0.058252428,0.0,1.9417475,0.058252428,0.029126214,0.0,0.0,0.0,0.058252428,0.029126214,0.029126214,0.029126214,0.058252428,0.029126214,0.029126214,0.0,0.0,0.0,0.0,0.0,0.029126214,0.0,0.058252428,0.029126214,0.029126214,0.029126214,0.029126214,0.029126214,0.029126214,0.029126214,0.0,0.029126214,0.0,0.0,0.0,0.0,0.029126214,0.029126214,0.0,0.058252428,0.0,0.029126214,0.0,0.0,0.0,0.0,0.0,0.029126214,0.0,0.0,0.0,0.0,0.0
8.461538,4.1153846,6.0384617,0.07692308,2.0769231,0.15384616,3.0384614,2.0769231,3.9230769,0.03846154,1.0,0.07692308,0.15384616,0.0,0.07692308,3.0,2.0,1.0,0.07692308,1.9230769,0.0,1.9615384,0.03846154,1.0,0.03846154,0.0,0.03846154,0.0,0.03846154,0.0,0.0,0.07692308,0.0,1.9230769,0.07692308,0.03846154,0.0,0.0,0.0,0.07692308,0.03846154,0.03846154,0.03846154,0.07692308,0.03846154,0.03846154,0.0,0.0,0.0,0.0,0.0,0.03846154,0.0,0.07692308,0.03846154,0.03846154,0.03846154,0.03846154,0.03846154,0.03846154,0.03846154,0.0,0.03846154,0.0,0.0,0.0,0.0,0.03846154,0.03846154,0.0,0.07692308,0.0,0.03846154,0.0,0.0,0.0,0.0,0.0,0.03846154,0.0,0.0,0.0,0.0,0.0
13.184787,2.1316428,9.736714,0.26328588,2.1316428,0.39492878,0.0,2.1316428,7.4734282,2.1316428,0.0,3.1316428,2.1316428,0.0,1.1316429,0.0,0.0,0.0,0.26328588,1.7367141,0.0,5.605071,1.0,0.0,0.13164294,0.0,0.0,0.0,0.0,0.0,0.0,0.26328588,1.8683571,1.7367141,0.0,0.13164294,1.8683571,0.0,0.0,0.13164294,0.0,0.0,0.0,0.0,0.0,0.0,0.0,0.0,1.8683571,0.0,0.0,0.0,1.8683571,0.26328588,0.0,0.0,0.0,0.0,0.0,0.0,0.0,0.86835706,0.0,1.0,0.26328588,0.0,1.7367141,0.0,0.0,0.0,0.26328588,1.7367141,0.0,0.0,0.0,0.86835706,0.0,0.0,0.0,0.0,0.0,0.0,0.86835706,0.0
13.5025,2.1669443,9.666111,0.3338887,2.1669443,0.50083303,0.0,2.1669443,7.3322225,2.1669443,0.0,3.1669443,2.1669443,0.0,1.1669444,0.0,0.0,0.0,0.3338887,1.6661114,0.0,5.499167,1.0,0.0,0.16694435,0.0,0.0,0.0,0.0,0.0,0.0,0.3338887,1.8330556,1.6661114,0.0,0.16694435,1.8330556,0.0,0.0,0.16694435,0.0,0.0,0.0,0.0,0.0,0.0,0.0,0.0,1.8330556,0.0,0.0,0.0,1.8330556,0.3338887,0.0,0.0,0.0,0.0,0.0,0.0,0.0,0.8330557,0.0,1.0,0.3338887,0.0,1.6661114,0.0,0.0,0.0,0.3338887,1.6661114,0.0,0.0,0.0,0.8330557,0.0,0.0,0.0,0.0,0.0,0.0,0.8330557,0.0
20.50924,2.063655,18.031828,0.063654885,2.0,0.063654885,0.12730977,2.0,16.031828,2.1273098,0.063654885,3.2227921,2.2546196,0.0,1.0,0.0,0.0,0.0,0.031827442,1.9363451,0.0,13.968173,1.286447,0.0,0.0,0.0,0.0,0.0,0.0,0.0,0.063654885,0.0,2.0954823,1.9363451,0.0,0.0,9.968173,0.0,0.0,0.0,0.0,0.0,0.0,0.0,0.0,0.0,0.0,0.0,2.1273098,0.0,0.0,0.0,1.9681726,0.0,0.0,0.0,0.0,0.0,0.0,0.0,0.0,0.96817255,0.0,1.0,0.0,0.0,1.9363451,0.0,0.0,0.0,0.0,1.9363451,0.0,0.0,0.0,0.96817255,0.0,0.031827442,0.0,0.0,0.0,0.0,0.96817255,0.0
20.0,2.1386456,16.75219,0.13864559,2.0,0.0,0.0,2.0,14.890836,3.1091647,0.0,2.722709,1.8613545,0.13864559,1.0,0.0,0.0,0.0,0.0,2.0,0.13864559,13.029481,0.8613544,0.0,0.0,0.13864559,0.0,0.0,0.0,0.0,0.0,0.0,1.8613545,2.0,0.0,0.0,9.306772,0.0,0.0,0.0,0.0,0.0,0.0,0.0,0.0,0.0,0.0,0.0,1.7227088,0.0,0.0,0.0,1.8613545,0.0,0.0,0.0,0.0,0.0,0.0,0.0,0.0,0.8613544,0.0,0.8613544,0.0,0.0,1.7227088,0.0,0.0,0.0,0.0,1.7227088,0.0,0.0,0.0,0.8613544,0.0,0.0,0.0,0.0,0.0,0.0,0.8613544,0.0
18.061432,2.0307157,14.600695,0.09214739,2.0,0.06143159,0.0,2.0,11.631411,3.8771367,0.0,5.8157053,3.8771367,0.030715795,1.9385684,0.0,0.0,0.0,0.0,1.9385684,0.09214739,8.723557,1.9385684,0.0,0.0,0.09214739,0.0,0.09214739,0.0,0.18429478,0.0,0.0,3.8771367,1.9385684,0.0,0.0,2.9078526,0.0,0.0,0.0,0.0,0.0,0.0,0.0,0.0,0.0,0.0,0.0,3.8771367,0.0,0.0,0.0,3.8771367,0.0,0.0,0.0,0.0,0.0,0.0,0.0,0.0,1.9385684,0.0,1.9385684,0.0,0.0,3.8771367,0.0,0.0,0.0,0.0,3.8771367,0.0,0.0,0.0,1.9385684,0.0,0.0,0.0,0.0,0.0,0.0,1.9385684,0.0
11.037037,4.2222223,3.148148,1.1481482,2.0,2.148148,3.0,2.0,0.0,0.2962963,1.0,0.0,0.0,0.0,0.0,3.0,2.0,1.0,0.0,0.0,0.0,0.0,0.0,1.0,0.074074075,0.0,1.0,0.0,0.0,0.0,0.0,0.0,0.0,0.0,0.0,0.0,0.0,0.0,1.0,0.0,0.0,0.9259259,0.0,0.0,0.0,0.0,0.0,0.0,0.0,0.0,0.0,0.0,0.0,0.0,0.0,0.0,0.0,0.9259259,0.0,0.0,0.9259259,0.0,0.9259259,0.0,0.0,0.0,0.0,0.0,0.0,0.9259259,0.0,0.0,0.0,0.0,0.0,0.0,0.0,0.0,0.0,0.0,0.0,0.0,0.0,0.0
10.792453,4.1698112,3.1132076,1.1132076,2.0,2.1132076,3.0,2.0,0.0,0.2264151,1.0,0.0,0.0,0.0,0.0,3.0,2.0,1.0,0.0,0.0,0.0,0.0,0.0,1.0,0.056603774,0.0,1.0,0.0,0.0,0.0,0.0,0.0,0.0,0.0,0.0,0.0,0.0,0.0,1.0,0.0,0.0,0.9433962,0.0,0.0,0.0,0.0,0.0,0.0,0.0,0.0,0.0,0.0,0.0,0.0,0.0,0.0,0.0,0.9433962,0.0,0.0,0.9433962,0.0,0.9433962,0.0,0.0,0.0,0.0,0.0,0.0,0.9433962,0.0,0.0,0.0,0.0,0.0,0.0,0.0,0.0,0.0,0.0,0.0,0.0,0.0,0.0
13.555555,4.0,3.8888888,1.4444444,2.0,2.8888888,3.0,2.0,0.0,0.0,1.0,0.0,0.0,0.0,0.0,3.0,2.0,1.0,0.0,0.0,0.0,0.0,0.0,1.0,0.44444445,0.0,1.0,0.0,0.44444445,0.0,0.0,0.44444445,0.0,0.0,0.8888889,0.0,0.0,0.0,1.0,0.0,0.44444445,0.5555556,0.0,0.0,0.0,0.0,0.0,0.0,0.0,0.0,0.0,0.0,0.0,0.0,0.44444445,0.44444445,0.0,0.5555556,0.0,0.0,0.5555556,0.0,0.5555556,0.0,0.0,0.0,0.0,0.0,0.44444445,0.5555556,0.0,0.0,0.0,0.0,0.0,0.0,0.0,0.0,0.0,0.0,0.0,0.0,0.0,0.0
6.65,2.9,3.3,0.15,1.0,0.0,2.6,1.0,2.7,0.0,1.0,0.0,0.0,0.3,0.0,1.6,1.15,1.0,0.0,1.85,0.3,0.0,0.0,0.15,0.0,0.15,0.0,0.0,0.0,0.0,0.0,0.0,0.0,0.0,0.0,0.0,0.0,0.6,0.15,0.0,0.0,0.0,0.0,0.0,0.0,0.0,0.3,0.0,0.0,0.0,0.0,0.0,0.0,0.0,0.0,0.0,0.0,0.0,0.0,0.0,0.0,0.0,0.0,0.0,0.0,0.0,0.0,0.0,0.0,0.0,0.0,0.0,0.0,0.0,0.0,0.0,0.0,0.0,0.0,0.0,0.0,0.0,0.0,0.0
10.080957,4.0404787,2.878564,1.0404787,1.9190426,1.9190426,2.878564,1.9190426,0.0,0.0,0.9595213,0.0,0.0,0.080957435,0.0,2.878564,1.9190426,0.9595213,0.0,0.0,0.080957435,0.0,0.0,0.9595213,0.0,0.080957435,0.9595213,0.0,0.0,0.0,0.0,0.0,0.0,0.0,0.0,0.0,0.0,0.12143615,0.9595213,0.0,0.0,0.9595213,0.0,0.0,0.0,0.0,0.0,0.0,0.0,0.0,0.0,0.0,0.0,0.0,0.0,0.0,0.0,0.9595213,0.0,0.0,0.9595213,0.0,0.9595213,0.0,0.0,0.0,0.0,0.0,0.0,0.9595213,0.0,0.0,0.0,0.0,0.0,0.0,0.0,0.0,0.0,0.0,0.0,0.0,0.0,0.0
10.102898,4.051449,2.8456528,1.0514491,1.8971019,1.8971019,2.8456528,1.8971019,0.0,0.0,0.94855094,0.0,0.0,0.102898076,0.0,2.8456528,1.8971019,0.94855094,0.0,0.0,0.102898076,0.0,0.0,0.94855094,0.0,0.102898076,0.94855094,0.0,0.0,0.0,0.0,0.0,0.0,0.0,0.0,0.0,0.0,0.1543471,0.94855094,0.0,0.0,0.94855094,0.0,0.0,0.0,0.0,0.0,0.0,0.0,0.0,0.0,0.0,0.0,0.0,0.0,0.0,0.0,0.94855094,0.0,0.0,0.94855094,0.0,0.94855094,0.0,0.0,0.0,0.0,0.0,0.0,0.94855094,0.0,0.0,0.0,0.0,0.0,0.0,0.0,0.0,0.0,0.0,0.0,0.0,0.0,0.0
10.16581,4.082905,2.7512856,1.0829048,1.8341904,1.8341904,2.7512856,1.8341904,0.0,0.0,0.9170952,0.0,0.0,0.16580963,0.0,2.7512856,1.8341904,0.9170952,0.0,0.0,0.16580963,0.0,0.0,0.9170952,0.0,0.16580963,0.9170952,0.0,0.0,0.0,0.0,0.0,0.0,0.0,0.0,0.0,0.0,0.24871445,0.9170952,0.0,0.0,0.9170952,0.0,0.0,0.0,0.0,0.0,0.0,0.0,0.0,0.0,0.0,0.0,0.0,0.0,0.0,0.0,0.9170952,0.0,0.0,0.9170952,0.0,0.9170952,0.0,0.0,0.0,0.0,0.0,0.0,0.9170952,0.0,0.0,0.0,0.0,0.0,0.0,0.0,0.0,0.0,0.0,0.0,0.0,0.0,0.0
10.215135,4.1075673,2.6772985,1.1075672,1.7848657,1.7848657,2.6772985,1.7848657,0.0,0.0,0.89243287,0.0,0.0,0.21513428,0.0,2.6772985,1.7848657,0.89243287,0.0,0.0,0.21513428,0.0,0.0,0.89243287,0.0,0.21513428,0.89243287,0.0,0.0,0.0,0.0,0.0,0.0,0.0,0.0,0.0,0.0,0.32270142,0.89243287,0.0,0.0,0.89243287,0.0,0.0,0.0,0.0,0.0,0.0,0.0,0.0,0.0,0.0,0.0,0.0,0.0,0.0,0.0,0.89243287,0.0,0.0,0.89243287,0.0,0.89243287,0.0,0.0,0.0,0.0,0.0,0.0,0.89243287,0.0,0.0,0.0,0.0,0.0,0.0,0.0,0.0,0.0,0.0,0.0,0.0,0.0,0.0
11.108911,2.019802,9.0,0.01980198,2.0,0.01980198,0.00990099,2.0,7.0,2.0,0.0,3.0,2.0,0.00990099,1.0,0.0,0.0,0.0,0.0,2.009901,0.01980198,4.990099,1.0,0.0,0.0,0.00990099,0.0,0.00990099,0.0,0.00990099,0.0,0.0,2.0,2.009901,0.0,0.0,0.990099,0.01980198,0.0,0.0,0.0,0.0,0.0,0.0,0.0,0.0,0.00990099,0.00990099,2.0,0.0,0.01980198,0.0,1.990099,0.0,0.0,0.0,0.0,0.0,0.0,0.0,0.0,1.0,0.0,0.0,0.0,0.00990099,2.009901,0.0,0.0,0.0,0.0,2.0,0.0,0.01980198,0.0,0.0,0.00990099,0.0,0.0,0.01980198,0.00990099,0.0,0.0,0.0
11.130435,2.0237155,9.0,0.023715414,2.0,0.023715414,0.011857707,2.0,7.0,2.0,0.0,3.0,2.0,0.011857707,1.0,0.0,0.0,0.0,0.0,2.0118577,0.023715414,4.9881425,1.0,0.0,0.0,0.011857707,0.0,0.011857707,0.0,0.011857707,0.0,0.0,2.0,2.0118577,0.0,0.0,0.9881423,0.023715414,0.0,0.0,0.0,0.0,0.0,0.0,0.0,0.0,0.011857707,0.011857707,2.0,0.0,0.023715414,0.0,1.9881423,0.0,0.0,0.0,0.0,0.0,0.0,0.0,0.0,1.0,0.0,0.0,0.0,0.011857707,2.0118577,0.0,0.0,0.0,0.0,2.0,0.0,0.023715414,0.0,0.0,0.011857707,0.0,0.0,0.023715414,0.011857707,0.0,0.0,0.0
15.843137,3.9215686,2.9803922,1.9803921,0.98039216,1.9803921,2.9411764,0.98039216,1.0,0.0,0.98039216,0.0,0.0,0.98039216,0.0,0.98039216,0.98039216,0.98039216,0.0,0.98039216,1.9607843,0.0,0.0,0.0,0.0,0.98039216,0.0,0.98039216,0.0,0.98039216,0.0,0.0,0.0,0.0,0.0,0.0,0.0,1.9607843,0.0,0.0,0.0,0.0,0.0,0.0,0.0,0.0,0.98039216,0.98039216,0.0,0.0,1.9607843,0.0,0.0,0.0,0.0,0.0,0.0,0.0,0.0,0.0,0.0,0.0,0.0,0.0,0.0,0.0,0.0,0.0,0.0,0.0,0.0,0.0,0.0,0.0,0.0,0.0,0.0,0.0,0.0,0.0,0.0,0.0,0.0,0.0
15.920792,3.960396,2.990099,1.990099,0.990099,1.990099,2.970297,0.990099,1.0,0.0,0.990099,0.0,0.0,0.990099,0.0,0.990099,0.990099,0.990099,0.0,0.990099,1.980198,0.0,0.0,0.0,0.0,0.990099,0.0,0.990099,0.0,0.990099,0.0,0.0,0.0,0.0,0.0,0.0,0.0,1.980198,0.0,0.0,0.0,0.0,0.0,0.0,0.0,0.0,0.990099,0.990099,0.0,0.0,1.980198,0.0,0.0,0.0,0.0,0.0,0.0,0.0,0.0,0.0,0.0,0.0,0.0,0.0,0.0,0.0,0.0,0.0,0.0,0.0,0.0,0.0,0.0,0.0,0.0,0.0,0.0,0.0,0.0,0.0,0.0,0.0,0.0,0.0
15.960199,3.9800994,2.995025,1.9950249,0.99502486,1.9950249,2.9850745,0.99502486,1.0,0.0,0.99502486,0.0,0.0,0.99502486,0.0,0.99502486,0.99502486,0.99502486,0.0,0.99502486,1.9900497,0.0,0.0,0.0,0.0,0.99502486,0.0,0.99502486,0.0,0.99502486,0.0,0.0,0.0,0.0,0.0,0.0,0.0,1.9900497,0.0,0.0,0.0,0.0,0.0,0.0,0.0,0.0,0.99502486,0.99502486,0.0,0.0,1.9900497,0.0,0.0,0.0,0.0,0.0,0.0,0.0,0.0,0.0,0.0,0.0,0.0,0.0,0.0,0.0,0.0,0.0,0.0,0.0,0.0,0.0,0.0,0.0,0.0,0.0,0.0,0.0,0.0,0.0,0.0,0.0,0.0,0.0
5.5695887,2.3254793,3.0813699,0.08136979,1.0,0.0,2.1627395,1.0,3.0,0.0,1.0,0.0,0.0,0.08136979,0.0,1.1627396,1.0813698,1.0,0.0,2.0,0.0,0.0,0.0,0.08136979,0.0,0.0,0.0,0.0,0.0,0.0,0.0,0.0,0.0,0.0,0.0,0.0,0.0,0.0,0.08136979,0.0,0.0,0.0,0.0,0.0,0.0,0.0,0.0,0.0,0.0,0.0,0.0,0.0,0.0,0.0,0.0,0.0,0.0,0.0,0.0,0.0,0.0,0.0,0.0,0.0,0.0,0.0,0.0,0.0,0.0,0.0,0.0,0.0,0.0,0.0,0.0,0.0,0.0,0.0,0.0,0.0,0.0,0.0,0.0,0.0
12.331841,2.1206694,10.090502,0.03016737,2.0301673,0.0,0.090502106,2.0301673,8.030168,2.0,0.03016737,3.0,2.0,0.03016737,1.0,0.090502106,0.06033474,0.03016737,0.0,2.0301673,0.06033474,6.0,1.0,0.03016737,0.0,0.03016737,0.0,0.03016737,0.0,0.03016737,0.0,0.0,2.0,2.0,0.0,0.0,2.0,0.06033474,0.03016737,0.0,0.0,0.0,0.0,0.0,0.0,0.0,0.03016737,0.0,2.0,0.0,0.0,0.0,2.0,0.0,0.0,0.0,0.0,0.0,0.0,0.0,0.0,1.0,0.0,1.0,0.0,0.0,2.0,0.0,0.0,0.0,0.0,2.0,0.0,0.03016737,0.0,1.0,0.03016737,0.0,0.0,0.03016737,0.03016737,0.0,1.0,0.0
20.0,4.0,9.0,1.5,2.0,1.75,3.75,2.0,8.25,0.0,1.75,0.0,0.0,0.0,0.0,3.25,3.25,1.75,0.0,0.0,0.0,3.0,0.0,1.5,0.0,0.0,0.25,0.0,0.0,0.0,1.0,0.0,0.0,0.0,0.0,0.0,0.0,0.0,0.0,0.0,0.0,0.25,0.0,0.0,0.0,0.0,0.0,0.0,0.0,1.0,0.0,0.0,0.0,0.0,0.0,0.0,0.0,0.25,0.0,0.0,0.25,0.0,0.0,0.0,0.0,0.0,0.0,0.0,0.0,0.0,0.0,0.0,0.0,0.0,0.0,0.0,0.0,0.0,0.0,0.0,0.0,0.0,0.0,0.0
5.4,2.3,3.2,0.0,1.0,0.0,2.2,1.0,3.0,0.0,1.0,0.0,0.0,0.1,0.0,1.2,1.0,1.0,0.0,2.0,0.1,0.0,0.0,0.0,0.0,0.0,0.0,0.0,0.0,0.0,0.0,0.0,0.0,0.0,0.0,0.0,0.0,0.2,0.0,0.0,0.0,0.0,0.0,0.0,0.0,0.0,0.0,0.0,0.0,0.0,0.0,0.0,0.0,0.0,0.0,0.0,0.0,0.0,0.0,0.0,0.0,0.0,0.0,0.0,0.0,0.0,0.0,0.0,0.0,0.0,0.0,0.0,0.0,0.0,0.0,0.0,0.0,0.0,0.0,0.0,0.0,0.0,0.0,0.0
5.6,2.45,3.3,0.0,1.0,0.0,2.3,1.0,3.0,0.0,1.0,0.0,0.0,0.15,0.0,1.3,1.0,1.0,0.0,2.0,0.15,0.0,0.0,0.0,0.0,0.0,0.0,0.0,0.0,0.0,0.0,0.0,0.0,0.0,0.0,0.0,0.0,0.3,0.0,0.0,0.0,0.0,0.0,0.0,0.0,0.0,0.0,0.0,0.0,0.0,0.0,0.0,0.0,0.0,0.0,0.0,0.0,0.0,0.0,0.0,0.0,0.0,0.0,0.0,0.0,0.0,0.0,0.0,0.0,0.0,0.0,0.0,0.0,0.0,0.0,0.0,0.0,0.0,0.0,0.0,0.0,0.0,0.0,0.0
10.1388035,4.0,3.1041028,1.0,1.965299,1.9305981,3.0,1.965299,0.2429066,0.0,1.0,0.0,0.0,0.03470094,0.0,3.0,2.0,1.0,0.0,0.03470094,0.06940188,0.0,0.0,1.0,0.0,0.03470094,0.96529907,0.03470094,0.0,0.03470094,0.0,0.0,0.0,0.0,0.0,0.0,0.0,0.0,0.96529907,0.0,0.0,0.96529907,0.0,0.0,0.0,0.0,0.0,0.0,0.0,0.0,0.0,0.0,0.0,0.0,0.0,0.0,0.0,0.96529907,0.0,0.0,0.96529907,0.0,0.96529907,0.0,0.0,0.0,0.0,0.0,0.0,0.96529907,0.0,0.0,0.0,0.03470094,0.0,0.0,0.03470094,0.0,0.0,0.0,0.0,0.0,0.0,0.0
10.123936,4.0,3.0,1.0,1.8760641,1.7521281,3.0,1.8760641,0.12393591,0.0,1.0,0.0,0.0,0.12393591,0.0,3.0,2.0,1.0,0.0,0.12393591,0.24787182,0.0,0.0,1.0,0.0,0.12393591,0.87606406,0.12393591,0.0,0.12393591,0.0,0.0,0.0,0.0,0.0,0.0,0.0,0.0,1.0,0.0,0.0,0.87606406,0.0,0.0,0.0,0.0,0.0,0.0,0.0,0.0,0.0,0.0,0.0,0.0,0.0,0.0,0.0,0.87606406,0.0,0.0,0.87606406,0.0,0.87606406,0.0,0.0,0.0,0.0,0.0,0.0,0.87606406,0.0,0.0,0.0,0.12393591,0.0,0.0,0.12393591,0.0,0.0,0.0,0.0,0.0,0.0,0.0
10.500464,4.0,3.0714948,1.0714949,2.0,2.0714948,3.0,2.0,0.0,0.07149489,1.0,0.0,0.0,0.0,0.0,3.0,2.0,1.0,0.0,0.0,0.0,0.0,0.0,1.0,0.07149489,0.0,1.0,0.0,0.0,0.0,0.0,0.14298978,0.0,0.0,0.0,0.07149489,0.0,0.0,1.0,0.0,0.0,0.9285051,0.0,0.0,0.0,0.0,0.0,0.0,0.0,0.0,0.0,0.0,0.0,0.0,0.0,0.0,0.0,0.9285051,0.0,0.0,0.9285051,0.0,0.9285051,0.0,0.0,0.0,0.0,0.07149489,0.07149489,0.9285051,0.0,0.0,0.07149489,0.0,0.07149489,0.0,0.0,0.0,0.0,0.0,0.0,0.0,0.0,0.0
10.69937,4.0,3.09991,1.09991,2.0,2.09991,3.0,2.0,0.0,0.09990999,1.0,0.0,0.0,0.0,0.0,3.0,2.0,1.0,0.0,0.0,0.0,0.0,0.0,1.0,0.09990999,0.0,1.0,0.0,0.0,0.0,0.0,0.19981998,0.0,0.0,0.0,0.09990999,0.0,0.0,1.0,0.0,0.0,0.90009004,0.0,0.0,0.0,0.0,0.0,0.0,0.0,0.0,0.0,0.0,0.0,0.0,0.0,0.0,0.0,0.90009004,0.0,0.0,0.90009004,0.0,0.90009004,0.0,0.0,0.0,0.0,0.09990999,0.09990999,0.90009004,0.0,0.0,0.09990999,0.0,0.09990999,0.0,0.0,0.0,0.0,0.0,0.0,0.0,0.0,0.0
12.086957,4.2608695,3.5217392,1.2608696,2.2608695,2.5217392,3.0,2.2608695,0.0,0.13043478,1.0,0.26086956,0.5217391,0.0,0.26086956,3.0,2.0,1.0,0.26086956,0.0,0.0,0.0,0.13043478,1.0,0.26086956,0.0,1.0,0.0,0.13043478,0.0,0.0,0.39130434,0.0,0.0,0.26086956,0.13043478,0.0,0.0,1.0,0.26086956,0.13043478,0.8695652,0.13043478,0.26086956,0.13043478,0.13043478,0.0,0.0,0.0,0.0,0.0,0.13043478,0.0,0.5217391,0.13043478,0.13043478,0.13043478,0.8695652,0.13043478,0.13043478,0.8695652,0.0,0.8695652,0.0,0.5217391,0.0,0.0,0.13043478,0.13043478,0.8695652,0.5217391,0.0,0.13043478,0.0,0.13043478,0.0,0.0,0.0,0.26086956,0.0,0.0,0.0,0.0,0.0
12.666667,4.3333335,3.6666667,1.3333334,2.3333333,2.6666667,3.0,2.3333333,0.0,0.16666667,1.0,0.33333334,0.6666667,0.0,0.33333334,3.0,2.0,1.0,0.33333334,0.0,0.0,0.0,0.16666667,1.0,0.33333334,0.0,1.0,0.0,0.16666667,0.0,0.0,0.5,0.0,0.0,0.33333334,0.16666667,0.0,0.0,1.0,0.33333334,0.16666667,0.8333333,0.16666667,0.33333334,0.16666667,0.16666667,0.0,0.0,0.0,0.0,0.0,0.16666667,0.0,0.6666667,0.16666667,0.16666667,0.16666667,0.8333333,0.16666667,0.16666667,0.8333333,0.0,0.8333333,0.0,0.6666667,0.0,0.0,0.16666667,0.16666667,0.8333333,0.6666667,0.0,0.16666667,0.0,0.16666667,0.0,0.0,0.0,0.33333334,0.0,0.0,0.0,0.0,0.0
11.043478,4.3913045,3.2608695,1.1304348,2.2608695,2.2608695,3.1304348,2.2608695,0.0,0.13043478,1.0,0.26086956,0.5217391,0.0,0.26086956,3.0,2.0,1.0,0.26086956,0.0,0.0,0.0,0.13043478,1.0,0.13043478,0.0,1.0,0.0,0.13043478,0.0,0.0,0.26086956,0.0,0.0,0.26086956,0.13043478,0.0,0.0,1.0,0.26086956,0.13043478,1.0,0.13043478,0.26086956,0.13043478,0.13043478,0.0,0.0,0.0,0.0,0.0,0.13043478,0.0,0.0,0.13043478,0.13043478,0.13043478,1.0,0.13043478,0.13043478,1.0,0.0,1.0,0.0,0.0,0.0,0.0,0.13043478,0.13043478,1.0,0.0,0.0,0.13043478,0.0,0.13043478,0.0,0.0,0.0,0.0,0.0,0.0,0.0,0.0,0.0
13.666667,4.3333335,4.6666665,1.3333334,2.3333333,2.6666667,3.0,2.3333333,1.0,0.16666667,1.0,0.33333334,0.6666667,0.0,0.33333334,3.0,2.0,1.0,0.33333334,0.0,0.0,0.0,0.16666667,1.0,0.33333334,0.0,1.0,0.0,0.16666667,0.0,0.0,0.5,0.0,0.0,0.33333334,0.16666667,0.0,0.0,0.0,0.33333334,0.16666667,0.8333333,0.16666667,0.33333334,0.16666667,0.16666667,0.0,0.0,0.0,0.0,0.0,0.16666667,0.0,0.6666667,0.16666667,0.16666667,0.16666667,0.8333333,0.16666667,0.16666667,0.8333333,0.0,0.8333333,0.0,0.6666667,0.0,0.0,0.16666667,0.16666667,0.0,0.6666667,0.0,0.16666667,0.0,0.0,0.0,0.0,0.0,0.33333334,0.0,0.0,0.0,0.0,0.0
10.742424,4.159091,3.1060605,1.1060606,2.0,2.1060605,3.0,2.0,0.0,0.21212122,1.0,0.0,0.0,0.0,0.0,3.0,2.0,1.0,0.0,0.0,0.0,0.0,0.0,1.0,0.053030305,0.0,1.0,0.0,0.0,0.0,0.0,0.0,0.0,0.0,0.0,0.0,0.0,0.0,1.0,0.0,0.0,0.9469697,0.0,0.0,0.0,0.0,0.0,0.0,0.0,0.0,0.0,0.0,0.0,0.0,0.0,0.0,0.0,0.9469697,0.0,0.0,0.9469697,0.0,0.9469697,0.0,0.0,0.0,0.0,0.0,0.0,0.9469697,0.0,0.0,0.0,0.0,0.0,0.0,0.0,0.0,0.0,0.0,0.0,0.0,0.0,0.0
13.563449,3.8262835,4.8262835,1.347433,1.652567,2.0,2.8262835,1.652567,2.694866,0.0,0.8262835,0.0,0.0,0.17371652,0.0,2.4788504,1.652567,0.8262835,0.0,0.0,0.17371652,0.8262835,0.0,0.8262835,0.0,0.17371652,0.8262835,0.0,0.0,0.0,0.0,0.0,0.0,0.0,0.0,0.0,0.0,0.17371652,0.0,0.0,0.0,0.8262835,0.0,0.0,0.0,0.0,0.17371652,0.0,0.0,0.0,0.17371652,0.0,0.0,0.0,0.0,0.0,0.0,0.8262835,0.0,0.0,0.8262835,0.0,0.8262835,0.0,0.0,0.0,0.0,0.0,0.0,0.0,0.0,0.0,0.0,0.0,0.0,0.0,0.0,0.0,0.0,0.0,0.0,0.0,0.0,0.0
15.935496,3.0774045,3.9483972,2.0,1.0,1.9741986,3.0,0.0,5.9225955,0.0,1.0,0.0,0.0,0.0,0.0,0.0,0.0,1.0,0.0,0.0,0.0,0.0,0.0,0.0,0.0,0.0,0.0,0.0,0.0,0.0,0.9870993,0.0,0.0,0.0,0.0,0.0,0.0,0.0,0.0,0.0,0.0,0.0,0.0,0.0,0.0,0.0,0.0,0.0,0.0,0.0,0.0,0.0,0.0,0.0,0.0,0.0,0.0,0.0,0.0,0.0,0.0,0.0,0.0,0.0,0.0,0.0,0.0,0.0,0.0,0.0,0.0,0.0,0.0,0.0,0.0,0.0,0.0,0.0,0.0,0.0,0.0,0.0,0.0,0.0
15.872636,3.152837,3.8981085,2.0,1.0,1.9490542,3.0,0.0,5.8471627,0.0,1.0,0.0,0.0,0.0,0.0,0.0,0.0,1.0,0.0,0.0,0.0,0.0,0.0,0.0,0.0,0.0,0.0,0.0,0.0,0.0,0.9745271,0.0,0.0,0.0,0.0,0.0,0.0,0.0,0.0,0.0,0.0,0.0,0.0,0.0,0.0,0.0,0.0,0.0,0.0,0.0,0.0,0.0,0.0,0.0,0.0,0.0,0.0,0.0,0.0,0.0,0.0,0.0,0.0,0.0,0.0,0.0,0.0,0.0,0.0,0.0,0.0,0.0,0.0,0.0,0.0,0.0,0.0,0.0,0.0,0.0,0.0,0.0,0.0,0.0
15.811357,3.2263725,3.849085,2.0,1.0,1.9245425,3.0,0.0,5.7736273,0.0,1.0,0.0,0.0,0.0,0.0,0.0,0.0,1.0,0.0,0.0,0.0,0.0,0.0,0.0,0.0,0.0,0.0,0.0,0.0,0.0,0.9622713,0.0,0.0,0.0,0.0,0.0,0.0,0.0,0.0,0.0,0.0,0.0,0.0,0.0,0.0,0.0,0.0,0.0,0.0,0.0,0.0,0.0,0.0,0.0,0.0,0.0,0.0,0.0,0.0,0.0,0.0,0.0,0.0,0.0,0.0,0.0,0.0,0.0,0.0,0.0,0.0,0.0,0.0,0.0,0.0,0.0,0.0,0.0,0.0,0.0,0.0,0.0,0.0,0.0
11.333333,4.5,3.3333333,1.1666666,2.3333333,2.3333333,3.1666667,2.3333333,0.0,0.16666667,1.0,0.33333334,0.6666667,0.0,0.33333334,3.0,2.0,1.0,0.33333334,0.0,0.0,0.0,0.16666667,1.0,0.16666667,0.0,1.0,0.0,0.16666667,0.0,0.0,0.33333334,0.0,0.0,0.33333334,0.16666667,0.0,0.0,1.0,0.33333334,0.16666667,1.0,0.16666667,0.33333334,0.16666667,0.16666667,0.0,0.0,0.0,0.0,0.0,0.16666667,0.0,0.33333334,0.16666667,0.16666667,0.16666667,0.8333333,0.16666667,0.16666667,0.8333333,0.0,0.8333333,0.0,0.0,0.0,0.0,0.0,0.0,0.8333333,0.33333334,0.0,0.0,0.0,0.0,0.0,0.0,0.0,0.16666667,0.0,0.0,0.0,0.0,0.0
10.502343,4.0,3.1255858,1.0627929,2.0,2.1255858,3.0,2.0,0.0,0.12558575,1.0,0.0,0.0,0.0,0.0,3.0,2.0,1.0,0.0,0.0,0.0,0.0,0.0,1.0,0.062792875,0.0,1.0,0.0,0.062792875,0.0,0.0,0.12558575,0.0,0.0,0.0,0.062792875,0.0,0.0,1.0,0.0,0.0,0.9372071,0.0,0.0,0.0,0.0,0.0,0.0,0.0,0.0,0.0,0.0,0.0,0.0,0.0,0.0,0.0,0.9372071,0.0,0.0,0.9372071,0.0,0.9372071,0.0,0.0,0.0,0.0,0.062792875,0.062792875,0.9372071,0.0,0.0,0.062792875,0.0,0.062792875,0.0,0.0,0.0,0.0,0.0,0.0,0.0,0.0,0.0
10.687386,4.0,3.1718464,1.0859232,2.0,2.1718464,3.0,2.0,0.0,0.17184643,1.0,0.0,0.0,0.0,0.0,3.0,2.0,1.0,0.0,0.0,0.0,0.0,0.0,1.0,0.08592322,0.0,1.0,0.0,0.08592322,0.0,0.0,0.17184643,0.0,0.0,0.0,0.08592322,0.0,0.0,1.0,0.0,0.0,0.9140768,0.0,0.0,0.0,0.0,0.0,0.0,0.0,0.0,0.0,0.0,0.0,0.0,0.0,0.0,0.0,0.9140768,0.0,0.0,0.9140768,0.0,0.9140768,0.0,0.0,0.0,0.0,0.08592322,0.08592322,0.9140768,0.0,0.0,0.08592322,0.0,0.08592322,0.0,0.0,0.0,0.0,0.0,0.0,0.0,0.0,0.0
10.512511,4.146432,3.073216,1.073216,2.0,2.073216,3.0,2.0,0.0,0.14643188,1.0,0.0,0.0,0.0,0.0,3.0,2.0,1.0,0.0,0.0,0.0,0.0,0.0,1.0,0.07321594,0.0,1.0,0.0,0.0,0.0,0.0,0.14643188,0.0,0.0,0.0,0.07321594,0.0,0.0,1.0,0.0,0.0,0.92678404,0.0,0.0,0.0,0.0,0.0,0.0,0.0,0.0,0.0,0.0,0.0,0.0,0.0,0.0,0.0,0.92678404,0.0,0.0,0.92678404,0.0,0.92678404,0.0,0.0,0.0,0.0,0.07321594,0.07321594,0.92678404,0.0,0.0,0.07321594,0.0,0.07321594,0.0,0.0,0.0,0.0,0.0,0.0,0.07321594,0.0,0.0
10.738819,4.211091,3.1055455,1.1055456,2.0,2.1055455,3.0,2.0,0.0,0.21109124,1.0,0.0,0.0,0.0,0.0,3.0,2.0,1.0,0.0,0.0,0.0,0.0,0.0,1.0,0.10554562,0.0,1.0,0.0,0.0,0.0,0.0,0.21109124,0.0,0.0,0.0,0.10554562,0.0,0.0,1.0,0.0,0.0,0.89445436,0.0,0.0,0.0,0.0,0.0,0.0,0.0,0.0,0.0,0.0,0.0,0.0,0.0,0.0,0.0,0.89445436,0.0,0.0,0.89445436,0.0,0.89445436,0.0,0.0,0.0,0.0,0.10554562,0.10554562,0.89445436,0.0,0.0,0.10554562,0.0,0.10554562,0.0,0.0,0.0,0.0,0.0,0.0,0.10554562,0.0,0.0
8.765923,1.8643507,5.6914806,0.3457403,1.6914805,0.6914806,0.17287014,1.6914805,4.0,1.1728702,0.0,1.5186105,1.0372208,0.0,0.5186104,0.0,0.0,0.0,0.5186104,1.0,0.0,3.0,0.3457403,0.0,0.17287014,0.0,0.0,0.0,0.17287014,0.0,0.0,0.3457403,0.17287014,1.0,0.3457403,0.17287014,1.0,0.0,0.0,0.3457403,0.17287014,0.17287014,0.17287014,0.3457403,0.17287014,0.17287014,0.0,0.0,0.17287014,0.0,0.0,0.17287014,0.17287014,0.0,0.17287014,0.17287014,0.17287014,0.0,0.17287014,0.17287014,0.0,0.0,0.0,0.17287014,0.0,0.0,0.0,0.0,0.0,0.0,0.0,0.0,0.0,0.0,0.0,0.0,0.0,0.0,0.0,0.0,0.0,0.0,0.0,0.0
6.2059364,1.0294195,5.0882587,0.01961301,1.0098065,0.01961301,0.009806505,1.0098065,4.078452,1.0098065,0.0,1.019613,0.01961301,0.009806505,0.009806505,0.0,0.0,0.0,0.0,1.019613,0.01961301,3.058839,0.009806505,0.0,0.0,0.009806505,0.0,0.009806505,0.0,0.009806505,0.0,0.0,0.01961301,1.019613,0.0,0.0,1.039226,0.01961301,0.0,0.0,0.0,0.0,0.0,0.0,0.0,0.0,0.009806505,0.009806505,0.01961301,0.0,0.01961301,0.0,0.009806505,0.0,0.0,0.0,0.0,0.0,0.0,0.0,0.0,0.009806505,0.0,0.009806505,0.0,0.009806505,0.029419515,0.0,0.0,0.0,0.0,0.01961301,0.0,0.01961301,0.0,0.009806505,0.009806505,0.0,0.0,0.01961301,0.009806505,0.0,0.0,0.0
6.259461,1.0370659,5.1111975,0.024710558,1.0123553,0.024710558,0.012355279,1.0123553,4.098842,1.0123553,0.0,1.0247105,0.024710558,0.012355279,0.012355279,0.0,0.0,0.0,0.0,1.0247105,0.024710558,3.0741317,0.012355279,0.0,0.0,0.012355279,0.0,0.012355279,0.0,0.012355279,0.0,0.0,0.024710558,1.0247105,0.0,0.0,1.0494211,0.024710558,0.0,0.0,0.0,0.0,0.0,0.0,0.0,0.0,0.012355279,0.012355279,0.024710558,0.0,0.024710558,0.0,0.012355279,0.0,0.0,0.0,0.0,0.0,0.0,0.0,0.0,0.012355279,0.0,0.012355279,0.0,0.012355279,0.037065838,0.0,0.0,0.0,0.0,0.024710558,0.0,0.024710558,0.0,0.012355279,0.012355279,0.0,0.0,0.024710558,0.012355279,0.0,0.0,0.0
21.95,2.0,19.65,0.05,1.95,0.0,0.0,1.95,17.65,2.0,0.0,3.0,2.0,0.05,1.0,0.0,0.0,0.0,0.0,1.95,0.1,15.65,1.0,0.0,0.0,0.05,0.0,0.05,0.0,0.05,0.0,0.0,2.0,1.9,0.0,0.0,11.75,0.0,0.0,0.0,0.0,0.0,0.0,0.0,0.0,0.0,0.0,0.0,2.0,0.0,0.0,0.0,1.95,0.0,0.0,0.0,0.0,0.0,0.0,0.0,0.0,1.0,0.0,1.0,0.0,0.0,1.95,0.0,0.0,0.0,0.0,1.9,0.0,0.05,0.0,1.0,0.05,0.0,0.0,0.0,0.0,0.0,0.95,0.0
21.93,2.0,19.51,0.07,1.93,0.0,0.0,1.93,17.51,2.0,0.0,3.0,2.0,0.07,1.0,0.0,0.0,0.0,0.0,1.93,0.14,15.51,1.0,0.0,0.0,0.07,0.0,0.07,0.0,0.07,0.0,0.0,2.0,1.86,0.0,0.0,11.65,0.0,0.0,0.0,0.0,0.0,0.0,0.0,0.0,0.0,0.0,0.0,2.0,0.0,0.0,0.0,1.93,0.0,0.0,0.0,0.0,0.0,0.0,0.0,0.0,1.0,0.0,1.0,0.0,0.0,1.93,0.0,0.0,0.0,0.0,1.86,0.0,0.07,0.0,1.0,0.07,0.0,0.0,0.0,0.0,0.0,0.93,0.0
12.238944,2.0434444,10.0,0.0434443,2.0,0.0434443,0.02172215,2.0,8.0,2.0,0.0,3.0,2.0,0.02172215,1.0,0.0,0.0,0.0,0.0,2.021722,0.0434443,5.9782777,1.0,0.0,0.0,0.02172215,0.0,0.02172215,0.0,0.02172215,0.0,0.0,2.0,2.021722,0.0,0.0,1.9782778,0.0434443,0.0,0.0,0.0,0.0,0.0,0.0,0.0,0.0,0.02172215,0.02172215,2.0,0.0,0.0434443,0.0,1.9782778,0.0,0.0,0.0,0.0,0.0,0.0,0.0,0.0,1.0,0.0,1.0,0.0,0.02172215,2.021722,0.0,0.0,0.0,0.0,2.0,0.0,0.0434443,0.0,1.0,0.02172215,0.0,0.0,0.0434443,0.02172215,0.0,0.97827786,0.0
12.300108,2.0545652,10.0,0.054565094,2.0,0.054565094,0.027282547,2.0,8.0,2.0,0.0,3.0,2.0,0.027282547,1.0,0.0,0.0,0.0,0.0,2.0272825,0.054565094,5.9727173,1.0,0.0,0.0,0.027282547,0.0,0.027282547,0.0,0.027282547,0.0,0.0,2.0,2.0272825,0.0,0.0,1.9727174,0.054565094,0.0,0.0,0.0,0.0,0.0,0.0,0.0,0.0,0.027282547,0.027282547,2.0,0.0,0.054565094,0.0,1.9727174,0.0,0.0,0.0,0.0,0.0,0.0,0.0,0.0,1.0,0.0,1.0,0.0,0.027282547,2.0272825,0.0,0.0,0.0,0.0,2.0,0.0,0.054565094,0.0,1.0,0.027282547,0.0,0.0,0.054565094,0.027282547,0.0,0.97271746,0.0
20.53296,2.06662,18.03331,0.06662008,2.0,0.06662008,0.13324016,2.0,16.03331,2.1332402,0.06662008,3.2331703,2.2664802,0.0,1.0,0.0,0.0,0.0,0.03331004,1.9333799,0.0,13.96669,1.2997904,0.0,0.0,0.0,0.0,0.0,0.0,0.0,0.06662008,0.0,2.09993,1.9333799,0.0,0.0,9.96669,0.0,0.0,0.0,0.0,0.0,0.0,0.0,0.0,0.0,0.0,0.0,2.1332402,0.0,0.0,0.0,1.96669,0.0,0.0,0.0,0.0,0.0,0.0,0.0,0.0,0.96668994,0.0,1.0,0.0,0.0,1.9333799,0.0,0.0,0.0,0.0,1.9333799,0.0,0.0,0.0,0.96668994,0.0,0.03331004,0.0,0.0,0.0,0.0,0.96668994,0.0
45.8,4.2,11.8,6.0,2.0,8.0,4.0,2.0,9.6,2.0,2.0,3.0,2.0,0.0,1.0,0.0,0.0,0.0,1.0,0.0,0.0,2.4,1.0,0.0,0.0,0.0,0.0,0.0,2.0,0.0,4.0,0.0,1.0,0.0,0.0,0.0,0.8,0.0,0.0,0.0,0.0,0.0,0.0,0.0,0.0,0.0,0.0,1.0,1.0,0.0,0.0,0.0,0.8,0.0,0.0,0.0,0.0,0.0,0.0,0.0,0.0,0.0,0.0,0.8,0.0,0.0,0.0,0.0,0.0,0.0,0.0,0.0,0.0,0.0,0.0,0.0,0.0,0.0,0.0,0.0,0.0,0.0,0.0,0.0
49.0,5.0,11.0,6.0,2.0,8.0,4.0,2.0,8.0,2.0,2.0,3.0,2.0,0.0,1.0,0.0,0.0,0.0,1.0,0.0,0.0,0.0,1.0,0.0,0.0,0.0,0.0,0.0,2.0,0.0,4.0,0.0,1.0,0.0,0.0,0.0,0.0,0.0,0.0,0.0,0.0,0.0,0.0,0.0,0.0,0.0,0.0,1.0,1.0,0.0,0.0,0.0,0.0,0.0,0.0,0.0,0.0,0.0,0.0,0.0,0.0,0.0,0.0,0.0,0.0,0.0,0.0,0.0,0.0,0.0,0.0,0.0,0.0,0.0,0.0,0.0,0.0,0.0,0.0,0.0,0.0,0.0,0.0,0.0
8.666667,1.6666666,5.6666665,0.33333334,1.5,0.6666667,0.16666667,1.5,4.0,1.3333334,0.0,1.6666666,1.0,0.0,0.5,0.0,0.0,0.0,0.5,0.8333333,0.0,3.0,0.33333334,0.0,0.16666667,0.0,0.0,0.0,0.16666667,0.0,0.0,0.33333334,0.16666667,0.8333333,0.33333334,0.16666667,1.0,0.0,0.0,0.33333334,0.16666667,0.16666667,0.16666667,0.33333334,0.16666667,0.16666667,0.0,0.0,0.16666667,0.0,0.0,0.16666667,0.16666667,0.0,0.16666667,0.16666667,0.16666667,0.0,0.16666667,0.16666667,0.0,0.0,0.0,0.16666667,0.0,0.0,0.0,0.0,0.0,0.0,0.0,0.0,0.0,0.0,0.0,0.0,0.0,0.0,0.0,0.0,0.0,0.0,0.0,0.0
6.627451,1.0784314,5.0392156,0.09803922,1.0196079,0.039215688,0.039215688,1.0196079,4.0,1.0588236,0.0,1.0,0.019607844,0.019607844,0.019607844,0.0,0.0,0.0,0.0,1.0196079,0.019607844,3.0,0.0,0.0,0.0,0.019607844,0.0,0.0,0.0,0.0,0.0,0.0,0.019607844,1.0196079,0.0,0.0,1.0,0.039215688,0.0,0.0,0.0,0.0,0.0,0.0,0.0,0.0,0.039215688,0.0,0.0,0.0,0.039215688,0.0,0.019607844,0.0,0.0,0.0,0.0,0.0,0.0,0.0,0.0,0.0,0.0,0.0,0.0,0.0,0.0,0.0,0.0,0.0,0.0,0.0,0.0,0.0,0.0,0.0,0.0,0.0,0.0,0.0,0.0,0.0,0.0,0.0
6.932039,1.1165049,5.0582523,0.14563107,1.0291262,0.058252428,0.058252428,1.0291262,4.0,1.0873786,0.0,1.0,0.029126214,0.029126214,0.029126214,0.0,0.0,0.0,0.0,1.0291262,0.029126214,3.0,0.0,0.0,0.0,0.029126214,0.0,0.0,0.0,0.0,0.0,0.0,0.029126214,1.0291262,0.0,0.0,1.0,0.058252428,0.0,0.0,0.0,0.0,0.0,0.0,0.0,0.0,0.058252428,0.0,0.0,0.0,0.058252428,0.0,0.029126214,0.0,0.0,0.0,0.0,0.0,0.0,0.0,0.0,0.0,0.0,0.0,0.0,0.0,0.0,0.0,0.0,0.0,0.0,0.0,0.0,0.0,0.0,0.0,0.0,0.0,0.0,0.0,0.0,0.0,0.0,0.0
7.098039,1.1568627,5.0784316,0.1764706,1.0196079,0.11764706,0.078431375,1.0196079,4.0,1.0588236,0.0,1.0392157,0.05882353,0.05882353,0.019607844,0.0,0.0,0.0,0.039215688,1.0196079,0.09803922,3.0,0.0,0.0,0.0,0.05882353,0.0,0.039215688,0.0,0.039215688,0.0,0.0,0.019607844,1.0196079,0.0,0.0,1.0,0.11764706,0.0,0.0,0.0,0.0,0.0,0.0,0.0,0.0,0.078431375,0.039215688,0.0,0.0,0.11764706,0.0,0.019607844,0.0,0.0,0.0,0.0,0.0,0.0,0.0,0.0,0.0,0.0,0.0,0.0,0.0,0.0,0.0,0.0,0.0,0.0,0.0,0.0,0.0,0.0,0.0,0.0,0.0,0.0,0.0,0.0,0.0,0.0,0.0
6.392157,1.0392157,5.0392156,0.05882353,1.0196079,0.039215688,0.0,1.0196079,4.0,1.0392157,0.0,1.0392157,0.039215688,0.019607844,0.019607844,0.0,0.0,0.0,0.019607844,0.98039216,0.039215688,3.0,0.019607844,0.0,0.019607844,0.039215688,0.0,0.019607844,0.0,0.039215688,0.0,0.039215688,0.019607844,0.98039216,0.0,0.019607844,1.0,0.0,0.0,0.019607844,0.0,0.0,0.0,0.0,0.0,0.0,0.0,0.0,0.019607844,0.0,0.0,0.0,0.019607844,0.0,0.0,0.0,0.0,0.0,0.0,0.0,0.0,0.0,0.0,0.019607844,0.0,0.0,0.0,0.0,0.0,0.0,0.0,0.0,0.0,0.0,0.0,0.0,0.0,0.0,0.0,0.0,0.0,0.0,0.0,0.0
6.5825243,1.0582525,5.0582523,0.08737864,1.0291262,0.058252428,0.0,1.0291262,4.0,1.0582525,0.0,1.0582525,0.058252428,0.029126214,0.029126214,0.0,0.0,0.0,0.029126214,0.9708738,0.058252428,3.0,0.029126214,0.0,0.029126214,0.058252428,0.0,0.029126214,0.0,0.058252428,0.0,0.058252428,0.029126214,0.9708738,0.0,0.029126214,1.0,0.0,0.0,0.029126214,0.0,0.0,0.0,0.0,0.0,0.0,0.0,0.0,0.029126214,0.0,0.0,0.0,0.029126214,0.0,0.0,0.0,0.0,0.0,0.0,0.0,0.0,0.0,0.0,0.029126214,0.0,0.0,0.0,0.0,0.0,0.0,0.0,0.0,0.0,0.0,0.0,0.0,0.0,0.0,0.0,0.0,0.0,0.0,0.0,0.0
15.925846,4.259269,4.4814615,1.7407308,2.0,3.4814615,3.2592692,2.0,0.0,0.0,1.0,0.0,0.0,0.0,0.0,3.2592692,2.0,1.0,0.0,0.0,0.0,0.0,0.0,1.0,0.74073076,0.0,1.2592692,0.0,0.74073076,0.0,0.0,0.74073076,0.0,0.0,1.4814615,0.0,0.0,0.0,1.0,0.0,0.74073076,0.2592692,0.0,0.0,0.0,0.0,0.0,0.0,0.0,0.0,0.0,0.0,0.0,0.0,0.74073076,0.74073076,0.0,0.5185384,0.0,0.0,0.2592692,0.0,0.2592692,0.0,0.0,0.0,0.0,0.0,0.74073076,0.2592692,0.0,0.0,0.0,0.0,0.0,0.0,0.0,0.0,0.0,0.0,0.0,0.0,0.0,0.0
11.84,4.32,3.08,1.32,2.08,2.24,3.24,2.08,0.0,0.0,1.08,0.0,0.0,0.08,0.0,2.92,2.0,1.08,0.0,0.0,0.16,0.0,0.0,0.92,0.0,0.16,1.08,0.08,0.08,0.16,0.08,0.0,0.0,0.0,0.16,0.0,0.0,0.16,0.92,0.0,0.08,0.92,0.0,0.0,0.0,0.0,0.16,0.08,0.0,0.16,0.16,0.0,0.0,0.0,0.0,0.0,0.0,0.92,0.0,0.0,0.92,0.0,0.92,0.0,0.0,0.0,0.0,0.0,0.0,0.92,0.0,0.0,0.0,0.0,0.0,0.0,0.0,0.0,0.0,0.0,0.0,0.0,0.0,0.0
12.3,4.4,3.1,1.4,2.1,2.3,3.3,2.1,0.0,0.0,1.1,0.0,0.0,0.1,0.0,2.9,2.0,1.1,0.0,0.0,0.2,0.0,0.0,0.9,0.0,0.2,1.1,0.1,0.1,0.2,0.1,0.0,0.0,0.0,0.2,0.0,0.0,0.2,0.9,0.0,0.1,0.9,0.0,0.0,0.0,0.0,0.2,0.1,0.0,0.2,0.2,0.0,0.0,0.0,0.0,0.0,0.0,0.9,0.0,0.0,0.9,0.0,0.9,0.0,0.0,0.0,0.0,0.0,0.0,0.9,0.0,0.0,0.0,0.0,0.0,0.0,0.0,0.0,0.0,0.0,0.0,0.0,0.0,0.0
13.45,4.6,3.15,1.6,2.15,2.45,3.45,2.15,0.0,0.0,1.15,0.0,0.0,0.15,0.0,2.85,2.0,1.15,0.0,0.0,0.3,0.0,0.0,0.85,0.0,0.3,1.15,0.15,0.15,0.3,0.15,0.0,0.0,0.0,0.3,0.0,0.0,0.3,0.85,0.0,0.15,0.85,0.0,0.0,0.0,0.0,0.3,0.15,0.0,0.3,0.3,0.0,0.0,0.0,0.0,0.0,0.0,0.85,0.0,0.0,0.85,0.0,0.85,0.0,0.0,0.0,0.0,0.0,0.0,0.85,0.0,0.0,0.0,0.0,0.0,0.0,0.0,0.0,0.0,0.0,0.0,0.0,0.0,0.0
14.6,4.8,3.2,1.8,2.2,2.6,3.6,2.2,0.0,0.0,1.2,0.0,0.0,0.2,0.0,2.8,2.0,1.2,0.0,0.0,0.4,0.0,0.0,0.8,0.0,0.4,1.2,0.2,0.2,0.4,0.2,0.0,0.0,0.0,0.4,0.0,0.0,0.4,0.8,0.0,0.2,0.8,0.0,0.0,0.0,0.0,0.4,0.2,0.0,0.4,0.4,0.0,0.0,0.0,0.0,0.0,0.0,0.8,0.0,0.0,0.8,0.0,0.8,0.0,0.0,0.0,0.0,0.0,0.0,0.8,0.0,0.0,0.0,0.0,0.0,0.0,0.0,0.0,0.0,0.0,0.0,0.0,0.0,0.0
8.2,4.04,5.96,0.04,1.96,0.0,3.0,1.96,3.96,0.0,1.0,0.0,0.0,0.04,0.0,3.0,2.0,1.0,0.0,1.96,0.08,1.96,0.0,1.0,0.0,0.04,0.0,0.04,0.0,0.04,0.0,0.0,0.0,1.92,0.0,0.0,0.0,0.08,0.0,0.0,0.0,0.0,0.0,0.0,0.0,0.0,0.0,0.0,0.0,0.0,0.0,0.0,0.0,0.0,0.0,0.0,0.0,0.0,0.0,0.0,0.0,0.0,0.0,0.0,0.0,0.0,0.0,0.0,0.0,0.0,0.0,0.0,0.0,0.04,0.0,0.0,0.04,0.0,0.0,0.0,0.0,0.0,0.0,0.0
18.1432,2.0715997,14.069203,0.21479923,2.0,0.14319949,0.0,2.0,11.140803,3.713601,0.0,5.5704017,3.713601,0.071599744,1.8568006,0.0,0.0,0.0,0.0,1.8568006,0.21479923,8.355602,1.8568006,0.0,0.0,0.21479923,0.0,0.21479923,0.0,0.42959845,0.0,0.0,3.713601,1.8568006,0.0,0.0,2.7852008,0.0,0.0,0.0,0.0,0.0,0.0,0.0,0.0,0.0,0.0,0.0,3.713601,0.0,0.0,0.0,3.713601,0.0,0.0,0.0,0.0,0.0,0.0,0.0,0.0,1.8568006,0.0,1.8568006,0.0,0.0,3.713601,0.0,0.0,0.0,0.0,3.713601,0.0,0.0,0.0,1.8568006,0.0,0.0,0.0,0.0,0.0,0.0,1.8568006,0.0
27.892408,4.869695,9.065152,2.8045428,2.9348476,1.8696952,1.0,2.9348476,5.195457,3.8696952,0.0,3.8696952,2.8045428,0.9348476,1.8696952,1.0,0.0,0.0,0.9348476,1.0651524,1.8696952,3.1954572,0.9348476,0.0,0.0,0.9348476,0.9348476,0.9348476,0.0,0.9348476,0.0,0.0,1.8696952,0.1303048,0.0,0.0,1.0651524,0.0,0.0,0.0,0.0,0.0,0.0,0.0,0.0,0.0,0.0,0.0,0.9348476,0.0,0.0,0.0,0.9348476,0.0,0.0,0.0,0.0,0.0,0.0,0.0,0.0,0.0,0.0,0.9348476,0.0,0.0,0.0,0.0,0.0,0.0,0.0,0.0,0.0,0.9348476,0.0,0.0,0.9348476,0.0,0.0,0.0,0.0,0.0,0.0,0.0
54.86202,4.381223,2.0625892,8.731152,0.41251782,0.0,0.0,0.41251782,1.6500713,9.937411,0.0,0.61877674,0.41251782,3.9687054,0.20625891,0.0,0.0,0.0,0.0,0.41251782,3.9687054,1.2375535,0.20625891,0.0,0.0,3.9687054,0.0,0.0,0.0,0.0,0.0,0.0,0.41251782,0.41251782,0.0,0.0,0.41251782,0.0,0.0,0.0,0.0,0.0,0.0,0.0,0.0,0.0,0.0,0.0,0.41251782,0.0,0.0,0.0,0.41251782,0.0,0.0,0.0,0.0,0.0,0.0,0.0,0.0,0.20625891,0.0,0.20625891,0.0,0.0,0.41251782,0.0,0.0,0.0,0.0,0.41251782,0.0,0.0,0.0,0.20625891,0.0,0.0,0.0,0.0,0.0,0.0,0.20625891,0.0
5.835908,2.1910646,3.023883,0.14329846,1.0,0.047766156,2.1432984,1.0,2.976117,0.0,1.0,0.0,0.0,0.047766156,0.0,1.0477662,1.0477662,1.0,0.0,1.9761169,0.0,0.0,0.0,0.047766156,0.0,0.0,0.047766156,0.0,0.0,0.0,0.0,0.0,0.0,0.0,0.0,0.0,0.0,0.0,0.0,0.0,0.0,0.0,0.0,0.0,0.0,0.0,0.0,0.0,0.0,0.0,0.0,0.0,0.0,0.0,0.0,0.0,0.0,0.0,0.0,0.0,0.0,0.0,0.0,0.0,0.0,0.0,0.0,0.0,0.0,0.0,0.0,0.0,0.0,0.0,0.0,0.0,0.0,0.0,0.0,0.0,0.0,0.0,0.0,0.0
12.218911,2.0796041,10.059703,0.019901048,2.019901,0.0,0.05970314,2.019901,8.019901,2.0,0.019901048,3.0,2.0,0.019901048,1.0,0.05970314,0.039802097,0.019901048,0.0,2.019901,0.039802097,6.0,1.0,0.019901048,0.0,0.019901048,0.0,0.019901048,0.0,0.019901048,0.0,0.0,2.0,2.0,0.0,0.0,2.0,0.039802097,0.019901048,0.0,0.0,0.0,0.0,0.0,0.0,0.0,0.019901048,0.0,2.0,0.0,0.0,0.0,2.0,0.0,0.0,0.0,0.0,0.0,0.0,0.0,0.0,1.0,0.0,1.0,0.0,0.0,2.0,0.0,0.0,0.0,0.0,2.0,0.0,0.019901048,0.0,1.0,0.019901048,0.0,0.0,0.019901048,0.019901048,0.0,1.0,0.0
10.5,4.1,3.15,1.05,2.1,2.05,3.0,2.1,0.05,0.05,1.0,0.1,0.2,0.0,0.1,3.0,2.0,1.0,0.0,0.05,0.0,0.0,0.05,1.0,0.05,0.0,1.0,0.0,0.0,0.0,0.0,0.1,0.1,0.0,0.0,0.05,0.0,0.0,1.0,0.0,0.0,0.95,0.0,0.0,0.0,0.0,0.0,0.0,0.05,0.0,0.0,0.0,0.0,0.2,0.0,0.0,0.0,0.95,0.0,0.0,0.95,0.05,0.95,0.0,0.2,0.0,0.0,0.05,0.05,0.95,0.0,0.0,0.05,0.0,0.05,0.0,0.0,0.0,0.0,0.0,0.0,0.0,0.0,0.0
13.666667,4.3333335,4.6666665,1.3333334,2.3333333,2.6666667,3.0,2.3333333,1.0,0.16666667,1.0,0.33333334,0.6666667,0.0,0.33333334,3.0,2.0,1.0,0.33333334,0.0,0.0,0.0,0.16666667,1.0,0.33333334,0.0,1.0,0.0,0.16666667,0.0,0.0,0.5,0.0,0.0,0.33333334,0.16666667,0.0,0.0,0.0,0.33333334,0.16666667,0.8333333,0.16666667,0.33333334,0.16666667,0.16666667,0.0,0.0,0.0,0.0,0.0,0.16666667,0.0,0.6666667,0.16666667,0.16666667,0.16666667,0.8333333,0.16666667,0.16666667,0.8333333,0.0,0.8333333,0.0,0.6666667,0.0,0.0,0.16666667,0.16666667,0.0,0.6666667,0.0,0.16666667,0.0,0.0,0.0,0.0,0.0,0.33333334,0.0,0.0,0.0,0.0,0.0
10.448901,4.0897803,3.1346705,1.0448902,2.0897803,2.0448902,3.0,2.0897803,0.04489016,0.04489016,1.0,0.08978032,0.17956065,0.0,0.08978032,3.0,2.0,1.0,0.0,0.04489016,0.0,0.0,0.04489016,1.0,0.04489016,0.0,1.0,0.0,0.0,0.0,0.0,0.08978032,0.08978032,0.0,0.0,0.04489016,0.0,0.0,1.0,0.0,0.0,0.95510983,0.0,0.0,0.0,0.0,0.0,0.0,0.04489016,0.0,0.0,0.0,0.0,0.17956065,0.0,0.0,0.0,0.95510983,0.0,0.0,0.95510983,0.04489016,0.95510983,0.0,0.17956065,0.0,0.0,0.04489016,0.04489016,0.95510983,0.0,0.0,0.04489016,0.0,0.04489016,0.0,0.0,0.0,0.0,0.0,0.0,0.0,0.0,0.0
16.050512,3.0336752,3.9494872,2.0168376,1.0,2.0,3.0168376,0.0,5.8989744,0.0,1.0,0.0,0.0,0.016837614,0.0,0.0,0.0,1.0,0.0,0.0,0.033675227,0.0,0.0,0.0,0.0,0.033675227,0.0,0.016837614,0.0,0.033675227,0.9831624,0.0,0.0,0.0,0.0,0.0,0.0,0.033675227,0.0,0.0,0.0,0.0,0.0,0.0,0.0,0.0,0.033675227,0.016837614,0.0,0.0,0.033675227,0.0,0.0,0.0,0.0,0.0,0.0,0.0,0.0,0.0,0.0,0.0,0.0,0.0,0.0,0.0,0.0,0.0,0.0,0.0,0.0,0.0,0.0,0.0,0.0,0.0,0.0,0.0,0.0,0.0,0.0,0.0,0.0,0.0
12.9,4.2,5.3,1.1,2.0,2.0,3.1,2.0,2.4,0.0,1.0,0.0,0.0,0.1,0.0,3.0,2.0,1.0,0.0,0.3,0.2,1.2,0.0,1.0,0.0,0.1,0.9,0.1,0.0,0.1,0.0,0.0,0.0,0.3,0.0,0.0,0.0,0.2,0.0,0.0,0.0,0.9,0.0,0.0,0.0,0.0,0.1,0.1,0.0,0.0,0.2,0.0,0.0,0.0,0.0,0.0,0.0,0.9,0.0,0.0,0.9,0.0,0.9,0.0,0.0,0.1,0.0,0.0,0.0,0.0,0.0,0.0,0.0,0.2,0.0,0.0,0.1,0.0,0.0,0.2,0.1,0.0,0.0,0.0
13.35,4.3,5.45,1.15,2.0,2.0,3.15,2.0,2.6,0.0,1.0,0.0,0.0,0.15,0.0,3.0,2.0,1.0,0.0,0.45,0.3,1.3,0.0,1.0,0.0,0.15,0.85,0.15,0.0,0.15,0.0,0.0,0.0,0.45,0.0,0.0,0.0,0.3,0.0,0.0,0.0,0.85,0.0,0.0,0.0,0.0,0.15,0.15,0.0,0.0,0.3,0.0,0.0,0.0,0.0,0.0,0.0,0.85,0.0,0.0,0.85,0.0,0.85,0.0,0.0,0.15,0.0,0.0,0.0,0.0,0.0,0.0,0.0,0.3,0.0,0.0,0.15,0.0,0.0,0.3,0.15,0.0,0.0,0.0
12.05144,2.0237417,10.003957,0.007913909,2.0,0.007913909,0.015827818,2.0,8.007914,2.0079138,0.0,3.0,2.0,0.007913909,1.0,0.015827818,0.0,0.0,0.0039569545,1.992086,0.0,5.988129,1.0,0.0,0.0,0.0,0.0,0.0,0.0,0.0,0.0,0.0,1.9960431,1.992086,0.0,0.0,1.9960431,0.0,0.0,0.0,0.0,0.0,0.0,0.0,0.0,0.0,0.0,0.0,1.9960431,0.0,0.0,0.0,1.9960431,0.0,0.0,0.0,0.0,0.0,0.0,0.0,0.0,0.996043,0.0,1.0,0.0,0.0,1.992086,0.0,0.0,0.0,0.0,1.992086,0.0,0.0,0.0,0.996043,0.0,0.0,0.0,0.0,0.0,0.0,0.996043,0.0
12.22164,2.0260754,9.986962,0.039112903,2.0130377,0.02607527,0.0,2.0130377,7.960887,2.0260754,0.0,3.0130377,2.0130377,0.013037635,1.0130377,0.0,0.0,0.0,0.013037635,1.9869623,0.02607527,5.960887,1.0,0.0,0.0,0.013037635,0.0,0.013037635,0.0,0.013037635,0.0,0.0,2.0,1.9739248,0.0,0.0,1.9869623,0.0,0.0,0.0,0.0,0.0,0.0,0.0,0.0,0.0,0.0,0.0,1.9869623,0.0,0.0,0.0,1.9869623,0.0,0.0,0.0,0.0,0.0,0.0,0.0,0.0,0.9869624,0.0,1.0,0.0,0.0,1.9739248,0.0,0.0,0.0,0.0,1.9739248,0.0,0.013037635,0.0,0.9869624,0.013037635,0.0,0.0,0.0,0.0,0.0,0.9869624,0.0
12.321406,2.026784,9.973216,0.05892456,2.0,0.0,0.0,2.0,7.978573,2.0321407,0.0,2.9892864,1.9946432,0.026783891,1.0,0.0,0.0,0.0,0.0,2.0,0.048211005,5.9839296,0.9946432,0.0,0.0,0.048211005,0.0,0.021427114,0.0,0.042854227,0.0,0.0,1.9946432,2.0,0.0,0.0,1.9946432,0.0,0.0,0.0,0.0,0.0,0.0,0.0,0.0,0.0,0.0,0.0,1.9892864,0.0,0.0,0.0,1.9946432,0.0,0.0,0.0,0.0,0.0,0.0,0.0,0.0,0.9946432,0.0,0.9946432,0.0,0.0,1.9892864,0.0,0.0,0.0,0.0,1.9892864,0.0,0.0,0.0,0.9946432,0.0,0.0,0.0,0.0,0.0,0.0,0.9946432,0.0
10.058503,4.0292516,2.912245,1.0292517,1.9414966,1.9414966,2.912245,1.9414966,0.0,0.0,0.9707483,0.0,0.0,0.05850335,0.0,2.912245,1.9414966,0.9707483,0.0,0.0,0.05850335,0.0,0.0,0.9707483,0.0,0.05850335,0.9707483,0.0,0.0,0.0,0.0,0.0,0.0,0.0,0.0,0.0,0.0,0.087755024,0.9707483,0.0,0.0,0.9707483,0.0,0.0,0.0,0.0,0.0,0.0,0.0,0.0,0.0,0.0,0.0,0.0,0.0,0.0,0.0,0.9707483,0.0,0.0,0.9707483,0.0,0.9707483,0.0,0.0,0.0,0.0,0.0,0.0,0.9707483,0.0,0.0,0.0,0.0,0.0,0.0,0.0,0.0,0.0,0.0,0.0,0.0,0.0,0.0
5.835908,2.1910646,3.023883,0.14329846,1.0,0.047766156,2.1432984,1.0,2.976117,0.0,1.0,0.0,0.0,0.047766156,0.0,1.0477662,1.0477662,1.0,0.0,1.9761169,0.0,0.0,0.0,0.047766156,0.0,0.0,0.047766156,0.0,0.0,0.0,0.0,0.0,0.0,0.0,0.0,0.0,0.0,0.0,0.0,0.0,0.0,0.0,0.0,0.0,0.0,0.0,0.0,0.0,0.0,0.0,0.0,0.0,0.0,0.0,0.0,0.0,0.0,0.0,0.0,0.0,0.0,0.0,0.0,0.0,0.0,0.0,0.0,0.0,0.0,0.0,0.0,0.0,0.0,0.0,0.0,0.0,0.0,0.0,0.0,0.0,0.0,0.0,0.0,0.0
11.91,3.97,4.91,1.0,1.97,1.94,2.91,1.97,1.97,0.0,0.97,0.0,0.0,0.03,0.0,2.91,1.94,0.97,0.0,0.03,0.06,0.97,0.0,0.97,0.0,0.03,0.97,0.03,0.0,0.03,0.0,0.0,0.0,0.0,0.0,0.0,0.0,0.06,0.0,0.0,0.0,0.97,0.0,0.0,0.0,0.0,0.0,0.0,0.0,0.0,0.0,0.0,0.0,0.0,0.0,0.0,0.0,0.97,0.0,0.0,0.97,0.0,0.97,0.0,0.0,0.0,0.0,0.0,0.0,0.0,0.0,0.0,0.0,0.03,0.0,0.0,0.03,0.0,0.0,0.0,0.0,0.0,0.0,0.0
11.561301,2.1122603,8.94387,0.112260245,2.0,0.112260245,0.056130122,2.0,6.94387,2.0,0.0,3.0,2.0,0.056130122,1.0,0.0,0.0,0.0,0.0,2.1122603,0.112260245,4.8316097,1.0,0.0,0.0,0.056130122,0.0,0.056130122,0.0,0.056130122,0.0,0.0,2.0561302,1.8877398,0.0,0.0,0.9438699,0.112260245,0.0,0.0,0.0,0.0,0.0,0.0,0.0,0.0,0.056130122,0.056130122,2.0561302,0.0,0.112260245,0.0,1.9438698,0.0,0.0,0.0,0.0,0.0,0.0,0.0,0.0,1.0561302,0.0,0.0,0.0,0.0,2.0,0.0,0.0,0.0,0.0,1.8877398,0.0,0.112260245,0.0,0.0,0.112260245,0.0,0.0,0.112260245,0.112260245,0.0,0.0,0.0
45.4,4.1,11.9,6.0,2.0,8.0,4.0,2.0,9.8,2.0,2.0,3.0,2.0,0.0,1.0,0.0,0.0,0.0,1.0,0.0,0.0,2.7,1.0,0.0,0.0,0.0,0.0,0.0,2.0,0.0,4.0,0.0,1.0,0.0,0.0,0.0,0.9,0.0,0.0,0.0,0.0,0.0,0.0,0.0,0.0,0.0,0.0,1.0,1.0,0.0,0.0,0.0,0.9,0.0,0.0,0.0,0.0,0.0,0.0,0.0,0.0,0.0,0.0,0.9,0.0,0.0,0.0,0.0,0.0,0.0,0.0,0.0,0.0,0.0,0.0,0.0,0.0,0.0,0.0,0.0,0.0,0.0,0.0,0.0
46.2,4.3,11.7,6.0,2.0,8.0,4.0,2.0,9.4,2.0,2.0,3.0,2.0,0.0,1.0,0.0,0.0,0.0,1.0,0.0,0.0,2.1,1.0,0.0,0.0,0.0,0.0,0.0,2.0,0.0,4.0,0.0,1.0,0.0,0.0,0.0,0.7,0.0,0.0,0.0,0.0,0.0,0.0,0.0,0.0,0.0,0.0,1.0,1.0,0.0,0.0,0.0,0.7,0.0,0.0,0.0,0.0,0.0,0.0,0.0,0.0,0.0,0.0,0.7,0.0,0.0,0.0,0.0,0.0,0.0,0.0,0.0,0.0,0.0,0.0,0.0,0.0,0.0,0.0,0.0,0.0,0.0,0.0,0.0
47.0,4.5,11.5,6.0,2.0,8.0,4.0,2.0,9.0,2.0,2.0,3.0,2.0,0.0,1.0,0.0,0.0,0.0,1.0,0.0,0.0,1.5,1.0,0.0,0.0,0.0,0.0,0.0,2.0,0.0,4.0,0.0,1.0,0.0,0.0,0.0,0.5,0.0,0.0,0.0,0.0,0.0,0.0,0.0,0.0,0.0,0.0,1.0,1.0,0.0,0.0,0.0,0.5,0.0,0.0,0.0,0.0,0.0,0.0,0.0,0.0,0.0,0.0,0.5,0.0,0.0,0.0,0.0,0.0,0.0,0.0,0.0,0.0,0.0,0.0,0.0,0.0,0.0,0.0,0.0,0.0,0.0,0.0,0.0
28.252577,4.912068,9.043966,2.8681018,2.956034,1.9120679,1.0,2.956034,5.131898,3.912068,0.0,3.912068,2.8681018,0.95603395,1.9120679,1.0,0.0,0.0,0.95603395,1.043966,1.9120679,3.1318982,0.95603395,0.0,0.0,0.95603395,0.95603395,0.95603395,0.0,0.95603395,0.0,0.0,1.9120679,0.08793207,0.0,0.0,1.043966,0.0,0.0,0.0,0.0,0.0,0.0,0.0,0.0,0.0,0.0,0.0,0.95603395,0.0,0.0,0.0,0.95603395,0.0,0.0,0.0,0.0,0.0,0.0,0.0,0.0,0.0,0.0,0.95603395,0.0,0.0,0.0,0.0,0.0,0.0,0.0,0.0,0.0,0.95603395,0.0,0.0,0.95603395,0.0,0.0,0.0,0.0,0.0,0.0,0.0
58.131813,4.5628786,1.4570719,9.397221,0.29141438,0.0,0.0,0.29141438,1.1656575,10.542928,0.0,0.43712157,0.29141438,4.271464,0.14570719,0.0,0.0,0.0,0.0,0.29141438,4.271464,0.87424314,0.14570719,0.0,0.0,4.271464,0.0,0.0,0.0,0.0,0.0,0.0,0.29141438,0.29141438,0.0,0.0,0.29141438,0.0,0.0,0.0,0.0,0.0,0.0,0.0,0.0,0.0,0.0,0.0,0.29141438,0.0,0.0,0.0,0.29141438,0.0,0.0,0.0,0.0,0.0,0.0,0.0,0.0,0.14570719,0.0,0.14570719,0.0,0.0,0.29141438,0.0,0.0,0.0,0.0,0.29141438,0.0,0.0,0.0,0.14570719,0.0,0.0,0.0,0.0,0.0,0.0,0.14570719,0.0
6.101374,1.014482,5.043446,0.0096546775,1.0048274,0.0096546775,0.0048273387,1.0048274,4.0386186,1.0048274,0.0,1.0096546,0.0096546775,0.0048273387,0.0048273387,0.0,0.0,0.0,0.0,1.0096546,0.0096546775,3.028964,0.0048273387,0.0,0.0,0.0048273387,0.0,0.0048273387,0.0,0.0048273387,0.0,0.0,0.0096546775,1.0096546,0.0,0.0,1.0193094,0.0096546775,0.0,0.0,0.0,0.0,0.0,0.0,0.0,0.0,0.0048273387,0.0048273387,0.0096546775,0.0,0.0096546775,0.0,0.0048273387,0.0,0.0,0.0,0.0,0.0,0.0,0.0,0.0,0.0048273387,0.0,0.0048273387,0.0,0.0048273387,0.014482017,0.0,0.0,0.0,0.0,0.0096546775,0.0,0.0096546775,0.0,0.0048273387,0.0048273387,0.0,0.0,0.0096546775,0.0048273387,0.0,0.0,0.0
6.1532474,1.0218925,5.0656776,0.014594998,1.0072975,0.014594998,0.007297499,1.0072975,4.05838,1.0072975,0.0,1.014595,0.014594998,0.007297499,0.007297499,0.0,0.0,0.0,0.0,1.014595,0.014594998,3.043785,0.007297499,0.0,0.0,0.007297499,0.0,0.007297499,0.0,0.007297499,0.0,0.0,0.014594998,1.014595,0.0,0.0,1.02919,0.014594998,0.0,0.0,0.0,0.0,0.0,0.0,0.0,0.0,0.007297499,0.007297499,0.014594998,0.0,0.014594998,0.0,0.007297499,0.0,0.0,0.0,0.0,0.0,0.0,0.0,0.0,0.007297499,0.0,0.007297499,0.0,0.007297499,0.021892497,0.0,0.0,0.0,0.0,0.014594998,0.0,0.014594998,0.0,0.007297499,0.007297499,0.0,0.0,0.014594998,0.007297499,0.0,0.0,0.0
10.8,4.0,3.2,1.1,2.0,2.2,3.0,2.0,0.0,0.0,1.0,0.0,0.0,0.0,0.0,3.0,2.0,1.0,0.0,0.0,0.0,0.0,0.0,1.0,0.1,0.0,1.0,0.0,0.1,0.0,0.0,0.1,0.0,0.0,0.2,0.0,0.0,0.0,1.0,0.0,0.1,0.9,0.0,0.0,0.0,0.0,0.0,0.0,0.0,0.0,0.0,0.0,0.0,0.0,0.1,0.1,0.0,0.9,0.0,0.0,0.9,0.0,0.9,0.0,0.0,0.0,0.0,0.0,0.1,0.9,0.0,0.0,0.0,0.0,0.0,0.0,0.0,0.0,0.0,0.0,0.0,0.0,0.0,0.0
11.6,4.0,3.4,1.2,2.0,2.4,3.0,2.0,0.0,0.0,1.0,0.0,0.0,0.0,0.0,3.0,2.0,1.0,0.0,0.0,0.0,0.0,0.0,1.0,0.2,0.0,1.0,0.0,0.2,0.0,0.0,0.2,0.0,0.0,0.4,0.0,0.0,0.0,1.0,0.0,0.2,0.8,0.0,0.0,0.0,0.0,0.0,0.0,0.0,0.0,0.0,0.0,0.0,0.0,0.2,0.2,0.0,0.8,0.0,0.0,0.8,0.0,0.8,0.0,0.0,0.0,0.0,0.0,0.2,0.8,0.0,0.0,0.0,0.0,0.0,0.0,0.0,0.0,0.0,0.0,0.0,0.0,0.0,0.0
6.1043725,1.0099403,5.039761,0.009940247,1.0049701,0.0,0.0,1.0049701,4.039761,1.0049701,0.0,1.0099403,0.009940247,0.0049701235,0.0049701235,0.0,0.0,0.0,0.0,1.0099403,0.01491037,3.0298207,0.0049701235,0.0,0.0,0.009940247,0.0,0.01491037,0.0,0.019880494,0.0,0.0,0.009940247,1.0099403,0.0,0.0,1.0198805,0.0,0.0,0.0,0.0,0.0,0.0,0.0,0.0,0.0,0.0,0.0,0.009940247,0.0,0.0,0.0,0.0049701235,0.0,0.0,0.0,0.0,0.0,0.0,0.0,0.0,0.0049701235,0.0,0.0049701235,0.0,0.0049701235,0.01491037,0.0,0.0,0.0,0.0,0.009940247,0.0,0.009940247,0.0,0.0049701235,0.009940247,0.0,0.0,0.0,0.0,0.0,0.0,0.0
6.1577687,1.0150256,5.0601025,0.015025591,1.0075128,0.0,0.0,1.0075128,4.0601025,1.0075128,0.0,1.0150256,0.015025591,0.0075127953,0.0075127953,0.0,0.0,0.0,0.0,1.0150256,0.022538386,3.0450768,0.0075127953,0.0,0.0,0.015025591,0.0,0.022538386,0.0,0.030051181,0.0,0.0,0.015025591,1.0150256,0.0,0.0,1.0300512,0.0,0.0,0.0,0.0,0.0,0.0,0.0,0.0,0.0,0.0,0.0,0.015025591,0.0,0.0,0.0,0.0075127953,0.0,0.0,0.0,0.0,0.0,0.0,0.0,0.0,0.0075127953,0.0,0.0075127953,0.0,0.0075127953,0.022538386,0.0,0.0,0.0,0.0,0.015025591,0.0,0.015025591,0.0,0.0075127953,0.015025591,0.0,0.0,0.0,0.0,0.0,0.0,0.0
5.531009,2.1213737,3.0151718,0.09103017,1.0,0.030343393,2.0910301,1.0,2.9848282,0.0,1.0,0.0,0.0,0.030343393,0.0,1.0303434,1.0303434,1.0,0.0,1.9848284,0.0,0.0,0.0,0.030343393,0.0,0.0,0.030343393,0.0,0.0,0.0,0.0,0.0,0.0,0.0,0.0,0.0,0.0,0.0,0.0,0.0,0.0,0.0,0.0,0.0,0.0,0.0,0.0,0.0,0.0,0.0,0.0,0.0,0.0,0.0,0.0,0.0,0.0,0.0,0.0,0.0,0.0,0.0,0.0,0.0,0.0,0.0,0.0,0.0,0.0,0.0,0.0,0.0,0.0,0.0,0.0,0.0,0.0,0.0,0.0,0.0,0.0,0.0,0.0,0.0
12.0,2.0,10.0,0.0,2.0,0.0,0.0,2.0,8.0,2.0,0.0,3.0,2.0,0.0,1.0,0.0,0.0,0.0,0.0,2.0,0.0,6.0,1.0,0.0,0.0,0.0,0.0,0.0,0.0,0.0,0.0,0.0,2.0,2.0,0.0,0.0,2.0,0.0,0.0,0.0,0.0,0.0,0.0,0.0,0.0,0.0,0.0,0.0,2.0,0.0,0.0,0.0,2.0,0.0,0.0,0.0,0.0,0.0,0.0,0.0,0.0,1.0,0.0,1.0,0.0,0.0,2.0,0.0,0.0,0.0,0.0,2.0,0.0,0.0,0.0,1.0,0.0,0.0,0.0,0.0,0.0,0.0,1.0,0.0
12.108322,2.0393898,10.029542,0.009847439,2.0098474,0.0,0.029542316,2.0098474,8.009848,2.0,0.009847439,3.0,2.0,0.009847439,1.0,0.029542316,0.019694878,0.009847439,0.0,2.0098474,0.019694878,6.0,1.0,0.009847439,0.0,0.009847439,0.0,0.009847439,0.0,0.009847439,0.0,0.0,2.0,2.0,0.0,0.0,2.0,0.019694878,0.009847439,0.0,0.0,0.0,0.0,0.0,0.0,0.0,0.009847439,0.0,2.0,0.0,0.0,0.0,2.0,0.0,0.0,0.0,0.0,0.0,0.0,0.0,0.0,1.0,0.0,1.0,0.0,0.0,2.0,0.0,0.0,0.0,0.0,2.0,0.0,0.009847439,0.0,1.0,0.009847439,0.0,0.0,0.009847439,0.009847439,0.0,1.0,0.0
11.0,2.0,9.0,0.0,2.0,0.0,0.0,2.0,7.0,2.0,0.0,3.0,2.0,0.0,1.0,0.0,0.0,0.0,0.0,2.0,0.0,5.0,1.0,0.0,0.0,0.0,0.0,0.0,0.0,0.0,0.0,0.0,2.0,2.0,0.0,0.0,1.0,0.0,0.0,0.0,0.0,0.0,0.0,0.0,0.0,0.0,0.0,0.0,2.0,0.0,0.0,0.0,2.0,0.0,0.0,0.0,0.0,0.0,0.0,0.0,0.0,1.0,0.0,0.0,0.0,0.0,2.0,0.0,0.0,0.0,0.0,2.0,0.0,0.0,0.0,0.0,0.0,0.0,0.0,0.0,0.0,0.0,0.0,0.0
11.055,2.01,9.0,0.01,2.0,0.01,0.005,2.0,7.0,2.0,0.0,3.0,2.0,0.005,1.0,0.0,0.0,0.0,0.0,2.005,0.01,4.995,1.0,0.0,0.0,0.005,0.0,0.005,0.0,0.005,0.0,0.0,2.0,2.005,0.0,0.0,0.995,0.01,0.0,0.0,0.0,0.0,0.0,0.0,0.0,0.0,0.005,0.005,2.0,0.0,0.01,0.0,1.995,0.0,0.0,0.0,0.0,0.0,0.0,0.0,0.0,1.0,0.0,0.0,0.0,0.005,2.005,0.0,0.0,0.0,0.0,2.0,0.0,0.01,0.0,0.0,0.005,0.0,0.0,0.01,0.005,0.0,0.0,0.0
11.077,2.014,9.0,0.014,2.0,0.014,0.007,2.0,7.0,2.0,0.0,3.0,2.0,0.007,1.0,0.0,0.0,0.0,0.0,2.007,0.014,4.993,1.0,0.0,0.0,0.007,0.0,0.007,0.0,0.007,0.0,0.0,2.0,2.007,0.0,0.0,0.993,0.014,0.0,0.0,0.0,0.0,0.0,0.0,0.0,0.0,0.007,0.007,2.0,0.0,0.014,0.0,1.993,0.0,0.0,0.0,0.0,0.0,0.0,0.0,0.0,1.0,0.0,0.0,0.0,0.007,2.007,0.0,0.0,0.0,0.0,2.0,0.0,0.014,0.0,0.0,0.007,0.0,0.0,0.014,0.007,0.0,0.0,0.0
16.7,4.2,9.75,1.15,2.0,2.1,3.25,2.0,9.5,0.0,1.1,0.0,0.0,0.05,0.0,3.1,2.1,1.0,0.0,0.0,0.1,9.5,0.0,1.0,0.0,0.1,1.0,0.05,0.0,0.1,0.0,0.0,0.0,0.0,0.0,0.0,6.65,0.1,0.1,0.0,0.0,1.0,0.0,0.0,0.0,0.0,0.1,0.05,0.0,0.1,0.1,0.0,0.0,0.0,0.0,0.0,0.0,1.0,0.0,0.0,1.0,0.0,1.0,0.0,0.0,0.0,0.0,0.0,0.0,0.05,0.0,0.0,0.0,0.0,0.0,0.0,0.0,0.0,0.0,0.0,0.0,0.0,0.0,0.0
17.4,4.4,9.5,1.3,2.0,2.2,3.5,2.0,9.0,0.0,1.2,0.0,0.0,0.1,0.0,3.2,2.2,1.0,0.0,0.0,0.2,9.0,0.0,1.0,0.0,0.2,1.0,0.1,0.0,0.2,0.0,0.0,0.0,0.0,0.0,0.0,6.3,0.2,0.2,0.0,0.0,1.0,0.0,0.0,0.0,0.0,0.2,0.1,0.0,0.2,0.2,0.0,0.0,0.0,0.0,0.0,0.0,1.0,0.0,0.0,1.0,0.0,1.0,0.0,0.0,0.0,0.0,0.0,0.0,0.1,0.0,0.0,0.0,0.0,0.0,0.0,0.0,0.0,0.0,0.0,0.0,0.0,0.0,0.0
18.8,4.8,9.0,1.6,2.0,2.4,4.0,2.0,8.0,0.0,1.4,0.0,0.0,0.2,0.0,3.4,2.4,1.0,0.0,0.0,0.4,8.0,0.0,1.0,0.0,0.4,1.0,0.2,0.0,0.4,0.0,0.0,0.0,0.0,0.0,0.0,5.6,0.4,0.4,0.0,0.0,1.0,0.0,0.0,0.0,0.0,0.4,0.2,0.0,0.4,0.4,0.0,0.0,0.0,0.0,0.0,0.0,1.0,0.0,0.0,1.0,0.0,1.0,0.0,0.0,0.0,0.0,0.0,0.0,0.2,0.0,0.0,0.0,0.0,0.0,0.0,0.0,0.0,0.0,0.0,0.0,0.0,0.0,0.0
10.75,4.1,3.15,1.1,2.0,2.1,3.2,2.0,0.05,0.0,1.1,0.0,0.0,0.0,0.0,3.1,2.1,1.0,0.0,0.0,0.0,0.0,0.0,1.0,0.0,0.0,1.0,0.0,0.0,0.0,0.1,0.0,0.0,0.0,0.0,0.0,0.0,0.0,1.05,0.0,0.0,1.0,0.0,0.0,0.0,0.0,0.0,0.0,0.0,0.1,0.0,0.0,0.0,0.0,0.0,0.0,0.0,1.0,0.0,0.0,1.0,0.0,1.0,0.0,0.0,0.0,0.0,0.0,0.0,1.0,0.0,0.0,0.0,0.0,0.0,0.0,0.0,0.0,0.0,0.0,0.0,0.0,0.0,0.0
11.5,4.2,3.3,1.2,2.0,2.2,3.4,2.0,0.1,0.0,1.2,0.0,0.0,0.0,0.0,3.2,2.2,1.0,0.0,0.0,0.0,0.0,0.0,1.0,0.0,0.0,1.0,0.0,0.0,0.0,0.2,0.0,0.0,0.0,0.0,0.0,0.0,0.0,1.1,0.0,0.0,1.0,0.0,0.0,0.0,0.0,0.0,0.0,0.0,0.2,0.0,0.0,0.0,0.0,0.0,0.0,0.0,1.0,0.0,0.0,1.0,0.0,1.0,0.0,0.0,0.0,0.0,0.0,0.0,1.0,0.0,0.0,0.0,0.0,0.0,0.0,0.0,0.0,0.0,0.0,0.0,0.0,0.0,0.0
13.0,4.4,3.6,1.4,2.0,2.4,3.8,2.0,0.2,0.0,1.4,0.0,0.0,0.0,0.0,3.4,2.4,1.0,0.0,0.0,0.0,0.0,0.0,1.0,0.0,0.0,1.0,0.0,0.0,0.0,0.4,0.0,0.0,0.0,0.0,0.0,0.0,0.0,1.2,0.0,0.0,1.0,0.0,0.0,0.0,0.0,0.0,0.0,0.0,0.4,0.0,0.0,0.0,0.0,0.0,0.0,0.0,1.0,0.0,0.0,1.0,0.0,1.0,0.0,0.0,0.0,0.0,0.0,0.0,1.0,0.0,0.0,0.0,0.0,0.0,0.0,0.0,0.0,0.0,0.0,0.0,0.0,0.0,0.0
14.5,4.6,3.9,1.6,2.0,2.6,4.2,2.0,0.3,0.0,1.6,0.0,0.0,0.0,0.0,3.6,2.6,1.0,0.0,0.0,0.0,0.0,0.0,1.0,0.0,0.0,1.0,0.0,0.0,0.0,0.6,0.0,0.0,0.0,0.0,0.0,0.0,0.0,1.3,0.0,0.0,1.0,0.0,0.0,0.0,0.0,0.0,0.0,0.0,0.6,0.0,0.0,0.0,0.0,0.0,0.0,0.0,1.0,0.0,0.0,1.0,0.0,1.0,0.0,0.0,0.0,0.0,0.0,0.0,1.0,0.0,0.0,0.0,0.0,0.0,0.0,0.0,0.0,0.0,0.0,0.0,0.0,0.0,0.0
11.285714,4.2380953,3.142857,1.1904762,2.047619,2.0952382,3.3809524,2.0952382,0.04761905,0.0,1.1904762,0.0,0.0,0.0,0.0,3.0952382,2.0952382,1.0,0.0,0.0,0.0,0.0,0.0,1.0,0.0,0.0,1.0,0.0,0.0,0.0,0.0952381,0.0,0.0,0.0,0.0,0.0,0.0,0.0,1.0476191,0.0,0.0,1.0,0.0,0.0,0.0,0.0,0.0,0.0,0.0,0.0952381,0.0,0.0,0.0,0.0,0.0,0.0,0.0,1.0,0.0,0.0,1.0,0.0,1.0,0.0,0.0,0.0,0.0,0.0,0.0,1.0,0.0,0.0,0.0,0.0,0.0,0.0,0.0,0.0,0.0,0.0,0.0,0.0,0.0,0.0
12.454545,4.4545455,3.2727273,1.3636364,2.090909,2.1818182,3.7272727,2.1818182,0.09090909,0.0,1.3636364,0.0,0.0,0.0,0.0,3.1818182,2.1818182,1.0,0.0,0.0,0.0,0.0,0.0,1.0,0.0,0.0,1.0,0.0,0.0,0.0,0.18181819,0.0,0.0,0.0,0.0,0.0,0.0,0.0,1.0909091,0.0,0.0,1.0,0.0,0.0,0.0,0.0,0.0,0.0,0.0,0.18181819,0.0,0.0,0.0,0.0,0.0,0.0,0.0,1.0,0.0,0.0,1.0,0.0,1.0,0.0,0.0,0.0,0.0,0.0,0.0,1.0,0.0,0.0,0.0,0.0,0.0,0.0,0.0,0.0,0.0,0.0,0.0,0.0,0.0,0.0
13.521739,4.652174,3.3913043,1.5217391,2.1304348,2.2608695,4.0434785,2.2608695,0.13043478,0.0,1.5217391,0.0,0.0,0.0,0.0,3.2608695,2.2608695,1.0,0.0,0.0,0.0,0.0,0.0,1.0,0.0,0.0,1.0,0.0,0.0,0.0,0.26086956,0.0,0.0,0.0,0.0,0.0,0.0,0.0,1.1304348,0.0,0.0,1.0,0.0,0.0,0.0,0.0,0.0,0.0,0.0,0.26086956,0.0,0.0,0.0,0.0,0.0,0.0,0.0,1.0,0.0,0.0,1.0,0.0,1.0,0.0,0.0,0.0,0.0,0.0,0.0,1.0,0.0,0.0,0.0,0.0,0.0,0.0,0.0,0.0,0.0,0.0,0.0,0.0,0.0,0.0
10.619047,4.095238,3.047619,1.0952381,2.0,2.047619,3.1904762,2.0,0.0,0.04761905,1.0952381,0.0,0.0,0.0,0.0,3.0,2.0,1.0,0.0,0.0,0.0,0.0,0.0,1.0,0.0,0.0,1.0,0.0,0.0,0.0,0.0952381,0.0,0.0,0.0,0.0,0.0,0.0,0.0,1.0,0.0,0.0,0.95238096,0.0,0.0,0.0,0.0,0.0,0.0,0.0,0.0,0.0,0.0,0.0,0.0,0.0,0.0,0.0,0.95238096,0.0,0.0,0.95238096,0.0,0.95238096,0.0,0.0,0.0,0.0,0.0,0.0,0.95238096,0.0,0.0,0.0,0.0,0.0,0.0,0.0,0.0,0.0,0.0,0.0,0.0,0.0,0.0
11.181818,4.181818,3.090909,1.1818181,2.0,2.090909,3.3636363,2.0,0.0,0.09090909,1.1818181,0.0,0.0,0.0,0.0,3.0,2.0,1.0,0.0,0.0,0.0,0.0,0.0,1.0,0.0,0.0,1.0,0.0,0.0,0.0,0.18181819,0.0,0.0,0.0,0.0,0.0,0.0,0.0,1.0,0.0,0.0,0.90909094,0.0,0.0,0.0,0.0,0.0,0.0,0.0,0.0,0.0,0.0,0.0,0.0,0.0,0.0,0.0,0.90909094,0.0,0.0,0.90909094,0.0,0.90909094,0.0,0.0,0.0,0.0,0.0,0.0,0.90909094,0.0,0.0,0.0,0.0,0.0,0.0,0.0,0.0,0.0,0.0,0.0,0.0,0.0,0.0
11.695652,4.2608695,3.1304348,1.2608696,2.0,2.1304348,3.5217392,2.0,0.0,0.13043478,1.2608696,0.0,0.0,0.0,0.0,3.0,2.0,1.0,0.0,0.0,0.0,0.0,0.0,1.0,0.0,0.0,1.0,0.0,0.0,0.0,0.26086956,0.0,0.0,0.0,0.0,0.0,0.0,0.0,1.0,0.0,0.0,0.8695652,0.0,0.0,0.0,0.0,0.0,0.0,0.0,0.0,0.0,0.0,0.0,0.0,0.0,0.0,0.0,0.8695652,0.0,0.0,0.8695652,0.0,0.8695652,0.0,0.0,0.0,0.0,0.0,0.0,0.8695652,0.0,0.0,0.0,0.0,0.0,0.0,0.0,0.0,0.0,0.0,0.0,0.0,0.0,0.0
10.619047,4.095238,3.047619,1.0952381,2.0,2.047619,3.1904762,2.0,0.0,0.04761905,1.0952381,0.0,0.0,0.0,0.0,3.0,2.0,1.0,0.0,0.0,0.0,0.0,0.0,1.0,0.0,0.0,1.0,0.0,0.0,0.0,0.0952381,0.0,0.0,0.0,0.0,0.0,0.0,0.0,1.0,0.0,0.0,0.95238096,0.0,0.0,0.0,0.0,0.0,0.0,0.0,0.0,0.0,0.0,0.0,0.0,0.0,0.0,0.0,0.95238096,0.0,0.0,0.95238096,0.0,0.95238096,0.0,0.0,0.0,0.0,0.0,0.0,0.95238096,0.0,0.0,0.0,0.0,0.0,0.0,0.0,0.0,0.0,0.0,0.0,0.0,0.0,0.0
11.181818,4.181818,3.090909,1.1818181,2.0,2.090909,3.3636363,2.0,0.0,0.09090909,1.1818181,0.0,0.0,0.0,0.0,3.0,2.0,1.0,0.0,0.0,0.0,0.0,0.0,1.0,0.0,0.0,1.0,0.0,0.0,0.0,0.18181819,0.0,0.0,0.0,0.0,0.0,0.0,0.0,1.0,0.0,0.0,0.90909094,0.0,0.0,0.0,0.0,0.0,0.0,0.0,0.0,0.0,0.0,0.0,0.0,0.0,0.0,0.0,0.90909094,0.0,0.0,0.90909094,0.0,0.90909094,0.0,0.0,0.0,0.0,0.0,0.0,0.90909094,0.0,0.0,0.0,0.0,0.0,0.0,0.0,0.0,0.0,0.0,0.0,0.0,0.0,0.0
10.380953,4.047619,3.0952382,1.0476191,2.0,2.0952382,3.0952382,2.0,0.0,0.0952381,1.0476191,0.0,0.0,0.0,0.0,3.0,2.0,1.0,0.0,0.0,0.0,0.0,0.0,1.0,0.04761905,0.0,1.0,0.0,0.04761905,0.0,0.04761905,0.0952381,0.0,0.0,0.0,0.04761905,0.0,0.0,1.0,0.0,0.0,0.95238096,0.0,0.0,0.0,0.0,0.0,0.0,0.0,0.0,0.0,0.0,0.0,0.0,0.0,0.0,0.0,0.95238096,0.0,0.0,0.95238096,0.0,0.95238096,0.0,0.0,0.0,0.0,0.04761905,0.04761905,0.95238096,0.0,0.0,0.04761905,0.0,0.04761905,0.0,0.0,0.0,0.0,0.0,0.0,0.0,0.0,0.0
10.727273,4.090909,3.1818182,1.0909091,2.0,2.1818182,3.1818182,2.0,0.0,0.18181819,1.0909091,0.0,0.0,0.0,0.0,3.0,2.0,1.0,0.0,0.0,0.0,0.0,0.0,1.0,0.09090909,0.0,1.0,0.0,0.09090909,0.0,0.09090909,0.18181819,0.0,0.0,0.0,0.09090909,0.0,0.0,1.0,0.0,0.0,0.90909094,0.0,0.0,0.0,0.0,0.0,0.0,0.0,0.0,0.0,0.0,0.0,0.0,0.0,0.0,0.0,0.90909094,0.0,0.0,0.90909094,0.0,0.90909094,0.0,0.0,0.0,0.0,0.09090909,0.09090909,0.90909094,0.0,0.0,0.09090909,0.0,0.09090909,0.0,0.0,0.0,0.0,0.0,0.0,0.0,0.0,0.0
10.333333,4.047619,3.047619,1.0476191,2.0,2.047619,3.0952382,2.0,0.0,0.04761905,1.0476191,0.0,0.0,0.0,0.0,3.0,2.0,1.0,0.0,0.0,0.0,0.0,0.0,1.0,0.04761905,0.0,1.0,0.0,0.0,0.0,0.04761905,0.0952381,0.0,0.0,0.0,0.04761905,0.0,0.0,1.0,0.0,0.0,0.95238096,0.0,0.0,0.0,0.0,0.0,0.0,0.0,0.0,0.0,0.0,0.0,0.0,0.0,0.0,0.0,0.95238096,0.0,0.0,0.95238096,0.0,0.95238096,0.0,0.0,0.0,0.0,0.04761905,0.04761905,0.95238096,0.0,0.0,0.04761905,0.0,0.04761905,0.0,0.0,0.0,0.0,0.0,0.0,0.0,0.0,0.0
10.636364,4.090909,3.090909,1.0909091,2.0,2.090909,3.1818182,2.0,0.0,0.09090909,1.0909091,0.0,0.0,0.0,0.0,3.0,2.0,1.0,0.0,0.0,0.0,0.0,0.0,1.0,0.09090909,0.0,1.0,0.0,0.0,0.0,0.09090909,0.18181819,0.0,0.0,0.0,0.09090909,0.0,0.0,1.0,0.0,0.0,0.90909094,0.0,0.0,0.0,0.0,0.0,0.0,0.0,0.0,0.0,0.0,0.0,0.0,0.0,0.0,0.0,0.90909094,0.0,0.0,0.90909094,0.0,0.90909094,0.0,0.0,0.0,0.0,0.09090909,0.09090909,0.90909094,0.0,0.0,0.09090909,0.0,0.09090909,0.0,0.0,0.0,0.0,0.0,0.0,0.0,0.0,0.0
10.380953,4.142857,3.0952382,1.0476191,2.0952382,2.0952382,3.047619,2.0952382,0.0,0.04761905,1.0,0.0952381,0.1904762,0.0,0.0952381,3.0,2.0,1.0,0.0952381,0.0,0.0,0.0,0.04761905,1.0,0.04761905,0.0,1.0,0.0,0.04761905,0.0,0.0,0.0952381,0.0,0.0,0.0952381,0.04761905,0.0,0.0,1.0,0.0952381,0.04761905,1.0,0.04761905,0.0952381,0.04761905,0.04761905,0.0,0.0,0.0,0.0,0.0,0.04761905,0.0,0.0952381,0.04761905,0.04761905,0.04761905,1.0,0.04761905,0.04761905,1.0,0.0,1.0,0.0,0.0,0.0,0.0,0.04761905,0.04761905,1.0,0.0952381,0.0,0.04761905,0.0,0.04761905,0.0,0.0,0.0,0.04761905,0.0,0.0,0.0,0.0,0.0
10.727273,4.2727275,3.1818182,1.0909091,2.1818182,2.1818182,3.090909,2.1818182,0.0,0.09090909,1.0,0.18181819,0.36363637,0.0,0.18181819,3.0,2.0,1.0,0.18181819,0.0,0.0,0.0,0.09090909,1.0,0.09090909,0.0,1.0,0.0,0.09090909,0.0,0.0,0.18181819,0.0,0.0,0.18181819,0.09090909,0.0,0.0,1.0,0.18181819,0.09090909,1.0,0.09090909,0.18181819,0.09090909,0.09090909,0.0,0.0,0.0,0.0,0.0,0.09090909,0.0,0.18181819,0.09090909,0.09090909,0.09090909,1.0,0.09090909,0.09090909,1.0,0.0,1.0,0.0,0.0,0.0,0.0,0.09090909,0.09090909,1.0,0.18181819,0.0,0.09090909,0.0,0.09090909,0.0,0.0,0.0,0.09090909,0.0,0.0,0.0,0.0,0.0
11.043478,4.3913045,3.2608695,1.1304348,2.2608695,2.2608695,3.1304348,2.2608695,0.0,0.13043478,1.0,0.26086956,0.5217391,0.0,0.26086956,3.0,2.0,1.0,0.26086956,0.0,0.0,0.0,0.13043478,1.0,0.13043478,0.0,1.0,0.0,0.13043478,0.0,0.0,0.26086956,0.0,0.0,0.26086956,0.13043478,0.0,0.0,1.0,0.26086956,0.13043478,1.0,0.13043478,0.26086956,0.13043478,0.13043478,0.0,0.0,0.0,0.0,0.0,0.13043478,0.0,0.26086956,0.13043478,0.13043478,0.13043478,1.0,0.13043478,0.13043478,1.0,0.0,1.0,0.0,0.0,0.0,0.0,0.13043478,0.13043478,1.0,0.26086956,0.0,0.13043478,0.0,0.13043478,0.0,0.0,0.0,0.13043478,0.0,0.0,0.0,0.0,0.0
10.428572,4.095238,3.142857,1.0476191,2.0952382,2.142857,3.0,2.0952382,0.0,0.04761905,1.0,0.0952381,0.1904762,0.0,0.0952381,3.0,2.0,1.0,0.0952381,0.0,0.0,0.0,0.04761905,1.0,0.04761905,0.0,1.0,0.0,0.04761905,0.0,0.0,0.0952381,0.0,0.0,0.0952381,0.04761905,0.0,0.0,1.0,0.0952381,0.04761905,1.0,0.04761905,0.0952381,0.04761905,0.04761905,0.0,0.0,0.0,0.0,0.0,0.04761905,0.0,0.0952381,0.04761905,0.04761905,0.04761905,1.0,0.04761905,0.04761905,1.0,0.0,1.0,0.0,0.0,0.0,0.0,0.04761905,0.04761905,1.0,0.0952381,0.0,0.04761905,0.0,0.04761905,0.0,0.0,0.0,0.04761905,0.0,0.0,0.0,0.0,0.0
10.818182,4.181818,3.2727273,1.0909091,2.1818182,2.2727273,3.0,2.1818182,0.0,0.09090909,1.0,0.18181819,0.36363637,0.0,0.18181819,3.0,2.0,1.0,0.18181819,0.0,0.0,0.0,0.09090909,1.0,0.09090909,0.0,1.0,0.0,0.09090909,0.0,0.0,0.18181819,0.0,0.0,0.18181819,0.09090909,0.0,0.0,1.0,0.18181819,0.09090909,1.0,0.09090909,0.18181819,0.09090909,0.09090909,0.0,0.0,0.0,0.0,0.0,0.09090909,0.0,0.18181819,0.09090909,0.09090909,0.09090909,1.0,0.09090909,0.09090909,1.0,0.0,1.0,0.0,0.0,0.0,0.0,0.09090909,0.09090909,1.0,0.18181819,0.0,0.09090909,0.0,0.09090909,0.0,0.0,0.0,0.09090909,0.0,0.0,0.0,0.0,0.0
11.173913,4.2608695,3.3913043,1.1304348,2.2608695,2.3913043,3.0,2.2608695,0.0,0.13043478,1.0,0.26086956,0.5217391,0.0,0.26086956,3.0,2.0,1.0,0.26086956,0.0,0.0,0.0,0.13043478,1.0,0.13043478,0.0,1.0,0.0,0.13043478,0.0,0.0,0.26086956,0.0,0.0,0.26086956,0.13043478,0.0,0.0,1.0,0.26086956,0.13043478,1.0,0.13043478,0.26086956,0.13043478,0.13043478,0.0,0.0,0.0,0.0,0.0,0.13043478,0.0,0.26086956,0.13043478,0.13043478,0.13043478,1.0,0.13043478,0.13043478,1.0,0.0,1.0,0.0,0.0,0.0,0.0,0.13043478,0.13043478,1.0,0.26086956,0.0,0.13043478,0.0,0.13043478,0.0,0.0,0.0,0.13043478,0.0,0.0,0.0,0.0,0.0
11.5,4.3333335,3.5,1.1666666,2.3333333,2.5,3.0,2.3333333,0.0,0.16666667,1.0,0.33333334,0.6666667,0.0,0.33333334,3.0,2.0,1.0,0.33333334,0.0,0.0,0.0,0.16666667,1.0,0.16666667,0.0,1.0,0.0,0.16666667,0.0,0.0,0.33333334,0.0,0.0,0.33333334,0.16666667,0.0,0.0,1.0,0.33333334,0.16666667,1.0,0.16666667,0.33333334,0.16666667,0.16666667,0.0,0.0,0.0,0.0,0.0,0.16666667,0.0,0.33333334,0.16666667,0.16666667,0.16666667,1.0,0.16666667,0.16666667,1.0,0.0,1.0,0.0,0.0,0.0,0.0,0.16666667,0.16666667,1.0,0.33333334,0.0,0.16666667,0.0,0.16666667,0.0,0.0,0.0,0.16666667,0.0,0.0,0.0,0.0,0.0
10.380953,4.095238,3.0952382,1.0476191,2.0952382,2.0952382,3.0,2.0952382,0.0,0.04761905,1.0,0.0952381,0.1904762,0.0,0.0952381,3.0,2.0,1.0,0.0952381,0.0,0.0,0.0,0.04761905,1.0,0.04761905,0.0,1.0,0.0,0.04761905,0.0,0.0,0.0952381,0.0,0.0,0.0952381,0.04761905,0.0,0.0,1.0,0.0952381,0.04761905,1.0,0.04761905,0.0952381,0.04761905,0.04761905,0.0,0.0,0.0,0.0,0.0,0.04761905,0.0,0.0952381,0.04761905,0.04761905,0.04761905,1.0,0.04761905,0.04761905,1.0,0.0,1.0,0.0,0.0,0.0,0.0,0.04761905,0.04761905,1.0,0.0952381,0.0,0.04761905,0.0,0.04761905,0.0,0.0,0.0,0.04761905,0.0,0.0,0.0,0.0,0.0
10.727273,4.181818,3.1818182,1.0909091,2.1818182,2.1818182,3.0,2.1818182,0.0,0.09090909,1.0,0.18181819,0.36363637,0.0,0.18181819,3.0,2.0,1.0,0.18181819,0.0,0.0,0.0,0.09090909,1.0,0.09090909,0.0,1.0,0.0,0.09090909,0.0,0.0,0.18181819,0.0,0.0,0.18181819,0.09090909,0.0,0.0,1.0,0.18181819,0.09090909,1.0,0.09090909,0.18181819,0.09090909,0.09090909,0.0,0.0,0.0,0.0,0.0,0.09090909,0.0,0.18181819,0.09090909,0.09090909,0.09090909,1.0,0.09090909,0.09090909,1.0,0.0,1.0,0.0,0.0,0.0,0.0,0.09090909,0.09090909,1.0,0.18181819,0.0,0.09090909,0.0,0.09090909,0.0,0.0,0.0,0.09090909,0.0,0.0,0.0,0.0,0.0
11.043478,4.2608695,3.2608695,1.1304348,2.2608695,2.2608695,3.0,2.2608695,0.0,0.13043478,1.0,0.26086956,0.5217391,0.0,0.26086956,3.0,2.0,1.0,0.26086956,0.0,0.0,0.0,0.13043478,1.0,0.13043478,0.0,1.0,0.0,0.13043478,0.0,0.0,0.26086956,0.0,0.0,0.26086956,0.13043478,0.0,0.0,1.0,0.26086956,0.13043478,1.0,0.13043478,0.26086956,0.13043478,0.13043478,0.0,0.0,0.0,0.0,0.0,0.13043478,0.0,0.26086956,0.13043478,0.13043478,0.13043478,1.0,0.13043478,0.13043478,1.0,0.0,1.0,0.0,0.0,0.0,0.0,0.13043478,0.13043478,1.0,0.26086956,0.0,0.13043478,0.0,0.13043478,0.0,0.0,0.0,0.13043478,0.0,0.0,0.0,0.0,0.0
11.333333,4.3333335,3.3333333,1.1666666,2.3333333,2.3333333,3.0,2.3333333,0.0,0.16666667,1.0,0.33333334,0.6666667,0.0,0.33333334,3.0,2.0,1.0,0.33333334,0.0,0.0,0.0,0.16666667,1.0,0.16666667,0.0,1.0,0.0,0.16666667,0.0,0.0,0.33333334,0.0,0.0,0.33333334,0.16666667,0.0,0.0,1.0,0.33333334,0.16666667,1.0,0.16666667,0.33333334,0.16666667,0.16666667,0.0,0.0,0.0,0.0,0.0,0.16666667,0.0,0.33333334,0.16666667,0.16666667,0.16666667,1.0,0.16666667,0.16666667,1.0,0.0,1.0,0.0,0.0,0.0,0.0,0.16666667,0.16666667,1.0,0.33333334,0.0,0.16666667,0.0,0.16666667,0.0,0.0,0.0,0.16666667,0.0,0.0,0.0,0.0,0.0
10.380953,4.142857,3.0952382,1.0476191,2.0952382,2.0952382,3.047619,2.0952382,0.0,0.04761905,1.0,0.0952381,0.1904762,0.0,0.0952381,3.0,2.0,1.0,0.0952381,0.0,0.0,0.0,0.04761905,1.0,0.04761905,0.0,1.0,0.0,0.04761905,0.0,0.0,0.0952381,0.0,0.0,0.0952381,0.04761905,0.0,0.0,1.0,0.0952381,0.04761905,1.0,0.04761905,0.0952381,0.04761905,0.04761905,0.0,0.0,0.0,0.0,0.0,0.04761905,0.0,0.0,0.04761905,0.04761905,0.04761905,0.95238096,0.04761905,0.04761905,0.95238096,0.0,0.95238096,0.0,0.0,0.0,0.0,0.0,0.0,0.95238096,0.0,0.0,0.0,0.0,0.0,0.0,0.0,0.0,0.0,0.0,0.0,0.0,0.0,0.0
10.727273,4.2727275,3.1818182,1.0909091,2.1818182,2.1818182,3.090909,2.1818182,0.0,0.09090909,1.0,0.18181819,0.36363637,0.0,0.18181819,3.0,2.0,1.0,0.18181819,0.0,0.0,0.0,0.09090909,1.0,0.09090909,0.0,1.0,0.0,0.09090909,0.0,0.0,0.18181819,0.0,0.0,0.18181819,0.09090909,0.0,0.0,1.0,0.18181819,0.09090909,1.0,0.09090909,0.18181819,0.09090909,0.09090909,0.0,0.0,0.0,0.0,0.0,0.09090909,0.0,0.0,0.09090909,0.09090909,0.09090909,0.90909094,0.09090909,0.09090909,0.90909094,0.0,0.90909094,0.0,0.0,0.0,0.0,0.0,0.0,0.90909094,0.0,0.0,0.0,0.0,0.0,0.0,0.0,0.0,0.0,0.0,0.0,0.0,0.0,0.0
10.390244,4.1463413,3.0,1.0487804,2.097561,2.0,3.0487804,2.0,0.0,0.048780486,1.0,0.0,0.0,0.0,0.0,3.0,2.0,1.0,0.0,0.0,0.0,0.0,0.0,1.0,0.0,0.0,1.0,0.0,0.0,0.0,0.0,0.0,0.0,0.0,0.0,0.0,0.0,0.0,1.0,0.0,0.0,0.9756098,0.0,0.0,0.0,0.0,0.0,0.0,0.0,0.0,0.0,0.0,0.0,0.0,0.0,0.0,0.0,0.9756098,0.0,0.0,0.9756098,0.0,0.9756098,0.0,0.0,0.0,0.0,0.0,0.0,0.9756098,0.0,0.0,0.0,0.0,0.0,0.0,0.0,0.0,0.0,0.0,0.0,0.0,0.0,0.0
10.761905,4.285714,3.0,1.0952381,2.1904762,2.0,3.0952382,2.0,0.0,0.0952381,1.0,0.0,0.0,0.0,0.0,3.0,2.0,1.0,0.0,0.0,0.0,0.0,0.0,1.0,0.0,0.0,1.0,0.0,0.0,0.0,0.0,0.0,0.0,0.0,0.0,0.0,0.0,0.0,1.0,0.0,0.0,0.95238096,0.0,0.0,0.0,0.0,0.0,0.0,0.0,0.0,0.0,0.0,0.0,0.0,0.0,0.0,0.0,0.95238096,0.0,0.0,0.95238096,0.0,0.95238096,0.0,0.0,0.0,0.0,0.0,0.0,0.95238096,0.0,0.0,0.0,0.0,0.0,0.0,0.0,0.0,0.0,0.0,0.0,0.0,0.0,0.0
10.636364,4.090909,3.090909,1.0909091,2.090909,2.090909,3.0,2.090909,0.0,0.09090909,1.0,0.09090909,0.09090909,0.0,0.09090909,3.0,2.0,1.0,0.09090909,0.0,0.0,0.0,0.0,1.0,0.0,0.0,1.0,0.0,0.0,0.0,0.0,0.0,0.0,0.0,0.0,0.0,0.0,0.0,1.0,0.0,0.0,1.0,0.0,0.0,0.0,0.0,0.0,0.0,0.0,0.0,0.0,0.09090909,0.0,0.0,0.0,0.0,0.0,0.90909094,0.0,0.0,0.90909094,0.0,0.90909094,0.0,0.0,0.0,0.0,0.0,0.0,0.90909094,0.0,0.0,0.0,0.0,0.0,0.0,0.0,0.0,0.0,0.0,0.0,0.0,0.0,0.0
10.913043,4.130435,3.1304348,1.1304348,2.1304348,2.1304348,3.0,2.1304348,0.0,0.13043478,1.0,0.13043478,0.13043478,0.0,0.13043478,3.0,2.0,1.0,0.13043478,0.0,0.0,0.0,0.0,1.0,0.0,0.0,1.0,0.0,0.0,0.0,0.0,0.0,0.0,0.0,0.0,0.0,0.0,0.0,1.0,0.0,0.0,1.0,0.0,0.0,0.0,0.0,0.0,0.0,0.0,0.0,0.0,0.13043478,0.0,0.0,0.0,0.0,0.0,0.8695652,0.0,0.0,0.8695652,0.0,0.8695652,0.0,0.0,0.0,0.0,0.0,0.0,0.8695652,0.0,0.0,0.0,0.0,0.0,0.0,0.0,0.0,0.0,0.0,0.0,0.0,0.0,0.0
11.166667,4.1666665,3.1666667,1.1666666,2.1666667,2.1666667,3.0,2.1666667,0.0,0.16666667,1.0,0.16666667,0.16666667,0.0,0.16666667,3.0,2.0,1.0,0.16666667,0.0,0.0,0.0,0.0,1.0,0.0,0.0,1.0,0.0,0.0,0.0,0.0,0.0,0.0,0.0,0.0,0.0,0.0,0.0,1.0,0.0,0.0,1.0,0.0,0.0,0.0,0.0,0.0,0.0,0.0,0.0,0.0,0.16666667,0.0,0.0,0.0,0.0,0.0,0.8333333,0.0,0.0,0.8333333,0.0,0.8333333,0.0,0.0,0.0,0.0,0.0,0.0,0.8333333,0.0,0.0,0.0,0.0,0.0,0.0,0.0,0.0,0.0,0.0,0.0,0.0,0.0,0.0
10.333333,4.047619,3.047619,1.0476191,2.047619,2.047619,3.0,2.047619,0.0,0.04761905,1.0,0.04761905,0.04761905,0.0,0.04761905,3.0,2.0,1.0,0.04761905,0.0,0.0,0.0,0.0,1.0,0.04761905,0.0,1.0,0.0,0.0,0.0,0.0,0.0952381,0.0,0.0,0.0,0.04761905,0.0,0.0,1.0,0.0,0.0,0.95238096,0.0,0.0,0.0,0.0,0.0,0.0,0.0,0.0,0.0,0.0,0.0,0.0952381,0.0,0.0,0.0,0.95238096,0.0,0.0,0.95238096,0.0,0.95238096,0.0,0.0952381,0.0,0.0,0.04761905,0.04761905,0.95238096,0.0952381,0.0,0.04761905,0.0,0.04761905,0.0,0.0,0.0,0.0,0.0,0.0,0.0,0.0,0.0
10.636364,4.090909,3.090909,1.0909091,2.090909,2.090909,3.0,2.090909,0.0,0.09090909,1.0,0.09090909,0.09090909,0.0,0.09090909,3.0,2.0,1.0,0.09090909,0.0,0.0,0.0,0.0,1.0,0.09090909,0.0,1.0,0.0,0.0,0.0,0.0,0.18181819,0.0,0.0,0.0,0.09090909,0.0,0.0,1.0,0.0,0.0,0.90909094,0.0,0.0,0.0,0.0,0.0,0.0,0.0,0.0,0.0,0.0,0.0,0.18181819,0.0,0.0,0.0,0.90909094,0.0,0.0,0.90909094,0.0,0.90909094,0.0,0.18181819,0.0,0.0,0.09090909,0.09090909,0.90909094,0.18181819,0.0,0.09090909,0.0,0.09090909,0.0,0.0,0.0,0.0,0.0,0.0,0.0,0.0,0.0
10.913043,4.130435,3.1304348,1.1304348,2.1304348,2.1304348,3.0,2.1304348,0.0,0.13043478,1.0,0.13043478,0.13043478,0.0,0.13043478,3.0,2.0,1.0,0.13043478,0.0,0.0,0.0,0.0,1.0,0.13043478,0.0,1.0,0.0,0.0,0.0,0.0,0.26086956,0.0,0.0,0.0,0.13043478,0.0,0.0,1.0,0.0,0.0,0.8695652,0.0,0.0,0.0,0.0,0.0,0.0,0.0,0.0,0.0,0.0,0.0,0.26086956,0.0,0.0,0.0,0.8695652,0.0,0.0,0.8695652,0.0,0.8695652,0.0,0.26086956,0.0,0.0,0.13043478,0.13043478,0.8695652,0.26086956,0.0,0.13043478,0.0,0.13043478,0.0,0.0,0.0,0.0,0.0,0.0,0.0,0.0,0.0
10.714286,4.047619,3.142857,1.0952381,2.047619,2.142857,3.0,2.047619,0.0,0.04761905,1.0,0.04761905,0.04761905,0.0,0.04761905,3.0,2.0,1.0,0.04761905,0.0,0.0,0.0,0.0,1.0,0.04761905,0.0,1.0,0.0,0.0,0.0,0.0,0.0952381,0.0,0.0,0.0,0.04761905,0.0,0.0,1.0,0.0,0.0,0.95238096,0.0,0.0,0.0,0.0,0.0,0.0,0.0,0.0,0.0,0.04761905,0.0,0.0952381,0.0,0.0,0.0,0.95238096,0.0,0.0,0.95238096,0.0,0.95238096,0.0,0.0952381,0.0,0.0,0.04761905,0.04761905,0.95238096,0.0952381,0.0,0.04761905,0.0,0.04761905,0.0,0.0,0.0,0.0952381,0.0,0.0,0.0,0.0,0.0
11.363636,4.090909,3.2727273,1.1818181,2.090909,2.2727273,3.0,2.090909,0.0,0.09090909,1.0,0.09090909,0.09090909,0.0,0.09090909,3.0,2.0,1.0,0.09090909,0.0,0.0,0.0,0.0,1.0,0.09090909,0.0,1.0,0.0,0.0,0.0,0.0,0.18181819,0.0,0.0,0.0,0.09090909,0.0,0.0,1.0,0.0,0.0,0.90909094,0.0,0.0,0.0,0.0,0.0,0.0,0.0,0.0,0.0,0.09090909,0.0,0.18181819,0.0,0.0,0.0,0.90909094,0.0,0.0,0.90909094,0.0,0.90909094,0.0,0.18181819,0.0,0.0,0.09090909,0.09090909,0.90909094,0.18181819,0.0,0.09090909,0.0,0.09090909,0.0,0.0,0.0,0.18181819,0.0,0.0,0.0,0.0,0.0
10.761905,4.095238,3.1904762,1.0952381,2.0952382,2.1904762,3.0,2.0952382,0.0,0.04761905,1.0,0.0952381,0.1904762,0.0,0.0952381,3.0,2.0,1.0,0.0952381,0.0,0.0,0.0,0.04761905,1.0,0.0952381,0.0,1.0,0.0,0.04761905,0.0,0.0,0.14285715,0.0,0.0,0.0952381,0.04761905,0.0,0.0,1.0,0.0952381,0.04761905,0.95238096,0.04761905,0.0952381,0.04761905,0.04761905,0.0,0.0,0.0,0.0,0.0,0.04761905,0.0,0.1904762,0.04761905,0.04761905,0.04761905,0.95238096,0.04761905,0.04761905,0.95238096,0.0,0.95238096,0.0,0.1904762,0.0,0.0,0.04761905,0.04761905,0.95238096,0.1904762,0.0,0.04761905,0.0,0.04761905,0.0,0.0,0.0,0.0952381,0.0,0.0,0.0,0.0,0.0
11.454545,4.181818,3.3636363,1.1818181,2.1818182,2.3636363,3.0,2.1818182,0.0,0.09090909,1.0,0.18181819,0.36363637,0.0,0.18181819,3.0,2.0,1.0,0.18181819,0.0,0.0,0.0,0.09090909,1.0,0.18181819,0.0,1.0,0.0,0.09090909,0.0,0.0,0.27272728,0.0,0.0,0.18181819,0.09090909,0.0,0.0,1.0,0.18181819,0.09090909,0.90909094,0.09090909,0.18181819,0.09090909,0.09090909,0.0,0.0,0.0,0.0,0.0,0.09090909,0.0,0.36363637,0.09090909,0.09090909,0.09090909,0.90909094,0.09090909,0.09090909,0.90909094,0.0,0.90909094,0.0,0.36363637,0.0,0.0,0.09090909,0.09090909,0.90909094,0.36363637,0.0,0.09090909,0.0,0.09090909,0.0,0.0,0.0,0.18181819,0.0,0.0,0.0,0.0,0.0
10.380953,4.047619,3.0952382,1.0476191,2.047619,2.0952382,3.0,2.047619,0.0,0.0952381,1.0,0.04761905,0.04761905,0.0,0.04761905,3.0,2.0,1.0,0.04761905,0.0,0.0,0.0,0.0,1.0,0.04761905,0.0,1.0,0.0,0.0,0.0,0.0,0.0952381,0.0,0.0,0.0,0.04761905,0.0,0.0,1.0,0.0,0.0,0.95238096,0.0,0.0,0.0,0.0,0.0,0.0,0.0,0.0,0.0,0.04761905,0.0,0.0952381,0.0,0.0,0.0,0.95238096,0.0,0.0,0.95238096,0.0,0.95238096,0.0,0.0952381,0.0,0.0,0.04761905,0.04761905,0.95238096,0.0952381,0.0,0.04761905,0.0,0.04761905,0.0,0.0,0.0,0.0952381,0.0,0.0,0.0,0.0,0.0
10.592592,4.0740743,3.148148,1.074074,2.074074,2.148148,3.0,2.074074,0.0,0.14814815,1.0,0.074074075,0.074074075,0.0,0.074074075,3.0,2.0,1.0,0.074074075,0.0,0.0,0.0,0.0,1.0,0.074074075,0.0,1.0,0.0,0.0,0.0,0.0,0.14814815,0.0,0.0,0.0,0.074074075,0.0,0.0,1.0,0.0,0.0,0.9259259,0.0,0.0,0.0,0.0,0.0,0.0,0.0,0.0,0.0,0.074074075,0.0,0.14814815,0.0,0.0,0.0,0.9259259,0.0,0.0,0.9259259,0.0,0.9259259,0.0,0.14814815,0.0,0.0,0.074074075,0.074074075,0.9259259,0.14814815,0.0,0.074074075,0.0,0.074074075,0.0,0.0,0.0,0.14814815,0.0,0.0,0.0,0.0,0.0
10.380953,4.047619,3.0952382,1.0476191,2.047619,2.0952382,3.0,2.047619,0.0,0.0952381,1.0,0.04761905,0.04761905,0.0,0.04761905,3.0,2.0,1.0,0.04761905,0.0,0.0,0.0,0.0,1.0,0.0952381,0.0,1.0,0.0,0.0,0.0,0.0,0.14285715,0.0,0.0,0.0,0.04761905,0.0,0.0,1.0,0.04761905,0.0,0.95238096,0.0,0.0,0.0,0.04761905,0.0,0.0,0.0,0.0,0.0,0.0,0.0,0.0952381,0.0,0.0,0.0,0.95238096,0.0,0.0,0.95238096,0.0,0.95238096,0.0,0.0952381,0.0,0.0,0.04761905,0.04761905,0.95238096,0.0952381,0.0,0.04761905,0.0,0.04761905,0.0,0.0,0.0,0.0,0.0,0.0,0.0,0.0,0.0
10.592592,4.0740743,3.148148,1.074074,2.074074,2.148148,3.0,2.074074,0.0,0.14814815,1.0,0.074074075,0.074074075,0.0,0.074074075,3.0,2.0,1.0,0.074074075,0.0,0.0,0.0,0.0,1.0,0.14814815,0.0,1.0,0.0,0.0,0.0,0.0,0.22222222,0.0,0.0,0.0,0.074074075,0.0,0.0,1.0,0.074074075,0.0,0.9259259,0.0,0.0,0.0,0.074074075,0.0,0.0,0.0,0.0,0.0,0.0,0.0,0.14814815,0.0,0.0,0.0,0.9259259,0.0,0.0,0.9259259,0.0,0.9259259,0.0,0.14814815,0.0,0.0,0.074074075,0.074074075,0.9259259,0.14814815,0.0,0.074074075,0.0,0.074074075,0.0,0.0,0.0,0.0,0.0,0.0,0.0,0.0,0.0
10.333333,4.0,3.047619,1.0476191,2.0,2.047619,3.0,2.0,0.0,0.0952381,1.0,0.0,0.0,0.0,0.0,3.0,2.0,1.0,0.0,0.0,0.0,0.0,0.0,1.0,0.0,0.0,1.0,0.0,0.0,0.0,0.0,0.0,0.0,0.0,0.0,0.0,0.0,0.0,1.0,0.0,0.0,0.95238096,0.0,0.0,0.0,0.0,0.0,0.0,0.0,0.0,0.0,0.0,0.0,0.0,0.0,0.0,0.0,0.95238096,0.0,0.0,0.95238096,0.0,0.95238096,0.0,0.0,0.0,0.0,0.0,0.0,0.95238096,0.0,0.0,0.0,0.0,0.0,0.0,0.0,0.0,0.0,0.0,0.0,0.0,0.0,0.0
10.636364,4.0,3.090909,1.0909091,2.0,2.090909,3.0,2.0,0.0,0.18181819,1.0,0.0,0.0,0.0,0.0,3.0,2.0,1.0,0.0,0.0,0.0,0.0,0.0,1.0,0.0,0.0,1.0,0.0,0.0,0.0,0.0,0.0,0.0,0.0,0.0,0.0,0.0,0.0,1.0,0.0,0.0,0.90909094,0.0,0.0,0.0,0.0,0.0,0.0,0.0,0.0,0.0,0.0,0.0,0.0,0.0,0.0,0.0,0.90909094,0.0,0.0,0.90909094,0.0,0.90909094,0.0,0.0,0.0,0.0,0.0,0.0,0.90909094,0.0,0.0,0.0,0.0,0.0,0.0,0.0,0.0,0.0,0.0,0.0,0.0,0.0,0.0
10.333333,4.0,3.047619,1.0476191,2.0,2.047619,3.0,2.0,0.0,0.0952381,1.0,0.0,0.0,0.0,0.0,3.0,2.0,1.0,0.0,0.0,0.0,0.0,0.0,1.0,0.14285715,0.0,1.0,0.0,0.0,0.0,0.0,0.1904762,0.0,0.0,0.0,0.04761905,0.0,0.0,1.0,0.0,0.0,0.95238096,0.0,0.0,0.0,0.0,0.0,0.0,0.0,0.0,0.0,0.0,0.0,0.0,0.0,0.0,0.0,0.95238096,0.0,0.0,0.95238096,0.0,0.95238096,0.0,0.0,0.0,0.0,0.04761905,0.0952381,0.95238096,0.0,0.0,0.04761905,0.0,0.04761905,0.0,0.0,0.0,0.0,0.0,0.0,0.0,0.0,0.0
10.636364,4.0,3.090909,1.0909091,2.0,2.090909,3.0,2.0,0.0,0.18181819,1.0,0.0,0.0,0.0,0.0,3.0,2.0,1.0,0.0,0.0,0.0,0.0,0.0,1.0,0.27272728,0.0,1.0,0.0,0.0,0.0,0.0,0.36363637,0.0,0.0,0.0,0.09090909,0.0,0.0,1.0,0.0,0.0,0.90909094,0.0,0.0,0.0,0.0,0.0,0.0,0.0,0.0,0.0,0.0,0.0,0.0,0.0,0.0,0.0,0.90909094,0.0,0.0,0.90909094,0.0,0.90909094,0.0,0.0,0.0,0.0,0.09090909,0.18181819,0.90909094,0.0,0.0,0.09090909,0.0,0.09090909,0.0,0.0,0.0,0.0,0.0,0.0,0.0,0.0,0.0
11.166667,4.0,3.1666667,1.1666666,2.0,2.1666667,3.0,2.0,0.0,0.33333334,1.0,0.0,0.0,0.0,0.0,3.0,2.0,1.0,0.0,0.0,0.0,0.0,0.0,1.0,0.5,0.0,1.0,0.0,0.0,0.0,0.0,0.6666667,0.0,0.0,0.0,0.16666667,0.0,0.0,1.0,0.0,0.0,0.8333333,0.0,0.0,0.0,0.0,0.0,0.0,0.0,0.0,0.0,0.0,0.0,0.0,0.0,0.0,0.0,0.8333333,0.0,0.0,0.8333333,0.0,0.8333333,0.0,0.0,0.0,0.0,0.16666667,0.33333334,0.8333333,0.0,0.0,0.16666667,0.0,0.16666667,0.0,0.0,0.0,0.0,0.0,0.0,0.0,0.0,0.0
10.727273,4.0,3.090909,1.0909091,2.0,2.090909,3.0,2.0,0.0,0.18181819,1.0,0.0,0.0,0.0,0.0,3.0,2.0,1.0,0.0,0.0,0.0,0.0,0.0,1.0,0.27272728,0.0,1.0,0.0,0.0,0.0,0.0,0.36363637,0.0,0.0,0.0,0.09090909,0.0,0.0,1.0,0.0,0.0,0.90909094,0.0,0.0,0.0,0.0,0.0,0.0,0.0,0.0,0.0,0.0,0.0,0.0,0.0,0.0,0.0,0.90909094,0.0,0.0,0.90909094,0.0,0.90909094,0.0,0.0,0.0,0.0,0.09090909,0.18181819,0.90909094,0.0,0.0,0.09090909,0.0,0.09090909,0.0,0.0,0.0,0.0,0.0,0.0,0.0,0.0,0.0
11.333333,4.0,3.1666667,1.1666666,2.0,2.1666667,3.0,2.0,0.0,0.33333334,1.0,0.0,0.0,0.0,0.0,3.0,2.0,1.0,0.0,0.0,0.0,0.0,0.0,1.0,0.5,0.0,1.0,0.0,0.0,0.0,0.0,0.6666667,0.0,0.0,0.0,0.16666667,0.0,0.0,1.0,0.0,0.0,0.8333333,0.0,0.0,0.0,0.0,0.0,0.0,0.0,0.0,0.0,0.0,0.0,0.0,0.0,0.0,0.0,0.8333333,0.0,0.0,0.8333333,0.0,0.8333333,0.0,0.0,0.0,0.0,0.16666667,0.33333334,0.8333333,0.0,0.0,0.16666667,0.0,0.16666667,0.0,0.0,0.0,0.0,0.0,0.0,0.0,0.0,0.0
11.166667,4.1666665,3.1666667,1.1666666,2.0,2.1666667,3.0,2.0,0.0,0.16666667,1.0,0.0,0.0,0.0,0.0,3.0,2.0,1.0,0.0,0.0,0.0,0.0,0.0,1.0,0.5,0.0,1.0,0.0,0.0,0.0,0.0,0.6666667,0.0,0.0,0.0,0.16666667,0.0,0.0,1.0,0.0,0.0,0.8333333,0.0,0.0,0.0,0.0,0.0,0.0,0.0,0.0,0.0,0.0,0.0,0.0,0.0,0.0,0.0,0.8333333,0.0,0.0,0.8333333,0.0,0.8333333,0.0,0.0,0.0,0.0,0.16666667,0.33333334,0.8333333,0.0,0.0,0.16666667,0.0,0.16666667,0.0,0.0,0.0,0.0,0.0,0.0,0.0,0.0,0.0
11.166667,4.0,3.1666667,1.1666666,2.0,2.1666667,3.0,2.0,0.0,0.16666667,1.0,0.0,0.0,0.0,0.0,3.0,2.0,1.0,0.0,0.0,0.0,0.0,0.0,1.0,0.5,0.0,1.0,0.0,0.0,0.0,0.0,0.6666667,0.0,0.0,0.0,0.16666667,0.0,0.0,1.0,0.0,0.0,0.8333333,0.0,0.0,0.0,0.0,0.0,0.0,0.0,0.0,0.0,0.0,0.0,0.0,0.0,0.0,0.0,0.8333333,0.0,0.0,0.8333333,0.0,0.8333333,0.0,0.0,0.0,0.0,0.16666667,0.33333334,0.8333333,0.0,0.0,0.16666667,0.0,0.16666667,0.0,0.0,0.0,0.0,0.0,0.0,0.0,0.0,0.0
10.380953,4.0,3.047619,1.0476191,2.0,2.047619,3.0,2.0,0.0,0.0952381,1.0,0.0,0.0,0.0,0.0,3.0,2.0,1.0,0.0,0.0,0.0,0.0,0.0,1.0,0.0,0.0,1.0,0.0,0.0,0.0,0.0,0.0,0.0,0.0,0.0,0.0,0.0,0.0,1.0,0.0,0.0,0.95238096,0.0,0.0,0.0,0.0,0.0,0.0,0.0,0.0,0.0,0.0,0.0,0.0,0.0,0.0,0.0,0.95238096,0.0,0.0,0.95238096,0.0,0.95238096,0.0,0.0,0.0,0.0,0.0,0.0,0.95238096,0.0,0.0,0.0,0.0,0.0,0.0,0.0,0.0,0.0,0.0,0.0,0.0,0.0,0.0
10.727273,4.0,3.090909,1.0909091,2.0,2.090909,3.0,2.0,0.0,0.18181819,1.0,0.0,0.0,0.0,0.0,3.0,2.0,1.0,0.0,0.0,0.0,0.0,0.0,1.0,0.0,0.0,1.0,0.0,0.0,0.0,0.0,0.0,0.0,0.0,0.0,0.0,0.0,0.0,1.0,0.0,0.0,0.90909094,0.0,0.0,0.0,0.0,0.0,0.0,0.0,0.0,0.0,0.0,0.0,0.0,0.0,0.0,0.0,0.90909094,0.0,0.0,0.90909094,0.0,0.90909094,0.0,0.0,0.0,0.0,0.0,0.0,0.90909094,0.0,0.0,0.0,0.0,0.0,0.0,0.0,0.0,0.0,0.0,0.0,0.0,0.0,0.0
11.333333,4.0,3.1666667,1.1666666,2.0,2.1666667,3.0,2.0,0.0,0.33333334,1.0,0.0,0.0,0.0,0.0,3.0,2.0,1.0,0.0,0.0,0.0,0.0,0.0,1.0,0.0,0.0,1.0,0.0,0.0,0.0,0.0,0.0,0.0,0.0,0.0,0.0,0.0,0.0,1.0,0.0,0.0,0.8333333,0.0,0.0,0.0,0.0,0.0,0.0,0.0,0.0,0.0,0.0,0.0,0.0,0.0,0.0,0.0,0.8333333,0.0,0.0,0.8333333,0.0,0.8333333,0.0,0.0,0.0,0.0,0.0,0.0,0.8333333,0.0,0.0,0.0,0.0,0.0,0.0,0.0,0.0,0.0,0.0,0.0,0.0,0.0,0.0
10.666667,4.0,3.0952382,1.0952381,2.0,2.0952382,3.0,2.0,0.0,0.1904762,1.0,0.0,0.0,0.0,0.0,3.0,2.0,1.0,0.0,0.0,0.0,0.0,0.0,1.0,0.0,0.0,1.0,0.0,0.0,0.0,0.0,0.0,0.0,0.0,0.0,0.0,0.0,0.0,1.0,0.0,0.0,0.95238096,0.0,0.0,0.0,0.0,0.0,0.0,0.0,0.0,0.0,0.0,0.0,0.0,0.0,0.0,0.0,0.95238096,0.0,0.0,0.95238096,0.0,0.95238096,0.0,0.0,0.0,0.0,0.0,0.0,0.95238096,0.0,0.0,0.0,0.0,0.0,0.0,0.0,0.0,0.0,0.0,0.0,0.0,0.0,0.0
10.666667,4.0,3.0952382,1.0952381,2.0,2.0952382,3.0,2.0,0.0,0.1904762,1.0,0.0,0.0,0.0,0.0,3.0,2.0,1.0,0.0,0.0,0.0,0.0,0.0,1.0,0.04761905,0.0,1.0,0.0,0.0,0.0,0.0,0.0,0.0,0.0,0.0,0.0,0.0,0.0,1.0,0.0,0.0,0.95238096,0.0,0.0,0.0,0.0,0.0,0.0,0.0,0.0,0.0,0.0,0.0,0.0,0.0,0.0,0.0,0.95238096,0.0,0.0,0.95238096,0.0,0.95238096,0.0,0.0,0.0,0.0,0.0,0.0,0.95238096,0.0,0.0,0.0,0.0,0.0,0.0,0.0,0.0,0.0,0.0,0.0,0.0,0.0,0.0
11.272727,4.0,3.1818182,1.1818181,2.0,2.1818182,3.0,2.0,0.0,0.36363637,1.0,0.0,0.0,0.0,0.0,3.0,2.0,1.0,0.0,0.0,0.0,0.0,0.0,1.0,0.09090909,0.0,1.0,0.0,0.0,0.0,0.0,0.0,0.0,0.0,0.0,0.0,0.0,0.0,1.0,0.0,0.0,0.90909094,0.0,0.0,0.0,0.0,0.0,0.0,0.0,0.0,0.0,0.0,0.0,0.0,0.0,0.0,0.0,0.90909094,0.0,0.0,0.90909094,0.0,0.90909094,0.0,0.0,0.0,0.0,0.0,0.0,0.90909094,0.0,0.0,0.0,0.0,0.0,0.0,0.0,0.0,0.0,0.0,0.0,0.0,0.0,0.0
10.952381,4.047619,3.0952382,1.1428572,2.0,2.0952382,3.0952382,2.0,0.0,0.1904762,1.0476191,0.0,0.0,0.0,0.0,3.0,2.0,1.0,0.0,0.0,0.0,0.0,0.0,1.0,0.0,0.0,1.0,0.0,0.0,0.0,0.0952381,0.0,0.0,0.0,0.0,0.0,0.0,0.0,1.0,0.0,0.0,0.95238096,0.0,0.0,0.0,0.0,0.0,0.0,0.0,0.0,0.0,0.0,0.0,0.0,0.0,0.0,0.0,0.95238096,0.0,0.0,0.95238096,0.0,0.95238096,0.0,0.0,0.0,0.0,0.0,0.0,0.95238096,0.0,0.0,0.0,0.0,0.0,0.0,0.0,0.0,0.0,0.0,0.0,0.0,0.0,0.0
10.666667,4.0,3.0952382,1.0952381,2.0,2.0952382,3.0,2.0,0.0,0.0952381,1.0,0.0,0.0,0.0,0.0,3.0,2.0,1.0,0.0,0.0,0.0,0.0,0.0,1.0,0.0,0.0,1.0,0.0,0.0,0.0,0.0,0.0,0.0,0.0,0.0,0.0,0.0,0.0,1.0,0.0,0.0,0.95238096,0.0,0.0,0.0,0.0,0.0,0.0,0.0,0.0,0.0,0.0,0.0,0.0,0.0,0.0,0.0,1.0,0.0,0.0,1.0,0.0,1.0,0.0,0.0,0.0,0.0,0.0,0.0,1.0,0.0,0.0,0.0,0.0,0.0,0.0,0.0,0.0,0.0,0.0,0.0,0.0,0.0,0.0
11.272727,4.0,3.1818182,1.1818181,2.0,2.1818182,3.0,2.0,0.0,0.18181819,1.0,0.0,0.0,0.0,0.0,3.0,2.0,1.0,0.0,0.0,0.0,0.0,0.0,1.0,0.0,0.0,1.0,0.0,0.0,0.0,0.0,0.0,0.0,0.0,0.0,0.0,0.0,0.0,1.0,0.0,0.0,0.90909094,0.0,0.0,0.0,0.0,0.0,0.0,0.0,0.0,0.0,0.0,0.0,0.0,0.0,0.0,0.0,1.0,0.0,0.0,1.0,0.0,1.0,0.0,0.0,0.0,0.0,0.0,0.0,1.0,0.0,0.0,0.0,0.0,0.0,0.0,0.0,0.0,0.0,0.0,0.0,0.0,0.0,0.0
11.826087,4.0,3.2608695,1.2608696,2.0,2.2608695,3.0,2.0,0.0,0.26086956,1.0,0.0,0.0,0.0,0.0,3.0,2.0,1.0,0.0,0.0,0.0,0.0,0.0,1.0,0.0,0.0,1.0,0.0,0.0,0.0,0.0,0.0,0.0,0.0,0.0,0.0,0.0,0.0,1.0,0.0,0.0,0.8695652,0.0,0.0,0.0,0.0,0.0,0.0,0.0,0.0,0.0,0.0,0.0,0.0,0.0,0.0,0.0,1.0,0.0,0.0,1.0,0.0,1.0,0.0,0.0,0.0,0.0,0.0,0.0,1.0,0.0,0.0,0.0,0.0,0.0,0.0,0.0,0.0,0.0,0.0,0.0,0.0,0.0,0.0
10.333333,4.0,3.047619,1.0476191,2.0,2.047619,3.0,2.0,0.0,0.04761905,1.0,0.0,0.0,0.0,0.0,3.0,2.0,1.0,0.0,0.0,0.0,0.0,0.0,1.0,0.04761905,0.0,1.0,0.0,0.0,0.0,0.0,0.0952381,0.0,0.0,0.0,0.04761905,0.0,0.0,1.0,0.0,0.0,0.95238096,0.0,0.0,0.0,0.0,0.0,0.0,0.0,0.0,0.0,0.0,0.0,0.0,0.0,0.0,0.0,0.95238096,0.0,0.0,0.95238096,0.0,0.95238096,0.0,0.0,0.0,0.0,0.04761905,0.04761905,0.95238096,0.0,0.0,0.04761905,0.0,0.04761905,0.0,0.0,0.0,0.0,0.0,0.0,0.0,0.0,0.0
10.333333,4.047619,3.047619,1.0476191,2.0,2.047619,3.047619,2.0,0.0,0.04761905,1.0,0.0,0.0,0.0,0.0,3.0,2.0,1.0,0.0,0.0,0.0,0.0,0.0,1.0,0.04761905,0.0,1.0,0.0,0.0,0.0,0.0,0.0952381,0.0,0.0,0.0,0.04761905,0.0,0.0,1.0,0.0,0.0,0.95238096,0.0,0.0,0.0,0.0,0.0,0.0,0.0,0.0,0.0,0.0,0.0,0.0,0.0,0.0,0.0,0.95238096,0.0,0.0,0.95238096,0.0,0.95238096,0.0,0.0,0.0,0.0,0.04761905,0.04761905,0.95238096,0.0,0.0,0.04761905,0.0,0.04761905,0.0,0.0,0.0,0.0,0.0,0.0,0.0,0.0,0.0
10.636364,4.090909,3.090909,1.0909091,2.0,2.090909,3.090909,2.0,0.0,0.09090909,1.0,0.0,0.0,0.0,0.0,3.0,2.0,1.0,0.0,0.0,0.0,0.0,0.0,1.0,0.09090909,0.0,1.0,0.0,0.0,0.0,0.0,0.18181819,0.0,0.0,0.0,0.09090909,0.0,0.0,1.0,0.0,0.0,0.90909094,0.0,0.0,0.0,0.0,0.0,0.0,0.0,0.0,0.0,0.0,0.0,0.0,0.0,0.0,0.0,0.90909094,0.0,0.0,0.90909094,0.0,0.90909094,0.0,0.0,0.0,0.0,0.09090909,0.09090909,0.90909094,0.0,0.0,0.09090909,0.0,0.09090909,0.0,0.0,0.0,0.0,0.0,0.0,0.0,0.0,0.0
10.913043,4.130435,3.1304348,1.1304348,2.0,2.1304348,3.1304348,2.0,0.0,0.13043478,1.0,0.0,0.0,0.0,0.0,3.0,2.0,1.0,0.0,0.0,0.0,0.0,0.0,1.0,0.13043478,0.0,1.0,0.0,0.0,0.0,0.0,0.26086956,0.0,0.0,0.0,0.13043478,0.0,0.0,1.0,0.0,0.0,0.8695652,0.0,0.0,0.0,0.0,0.0,0.0,0.0,0.0,0.0,0.0,0.0,0.0,0.0,0.0,0.0,0.8695652,0.0,0.0,0.8695652,0.0,0.8695652,0.0,0.0,0.0,0.0,0.13043478,0.13043478,0.8695652,0.0,0.0,0.13043478,0.0,0.13043478,0.0,0.0,0.0,0.0,0.0,0.0,0.0,0.0,0.0
10.380953,4.0,3.0952382,1.0476191,2.0,2.0952382,3.0,2.0,0.0,0.0952381,1.0,0.0,0.0,0.0,0.0,3.0,2.0,1.0,0.0,0.0,0.0,0.0,0.0,1.0,0.04761905,0.0,1.0,0.0,0.04761905,0.0,0.0,0.0952381,0.0,0.0,0.0,0.04761905,0.0,0.0,1.0,0.0,0.0,0.95238096,0.0,0.0,0.0,0.0,0.0,0.0,0.0,0.0,0.0,0.0,0.0,0.0,0.0,0.0,0.0,0.95238096,0.0,0.0,0.95238096,0.0,0.95238096,0.0,0.0,0.0,0.0,0.04761905,0.04761905,0.95238096,0.0,0.0,0.04761905,0.0,0.04761905,0.0,0.0,0.0,0.0,0.0,0.0,0.0,0.0,0.0
10.727273,4.0,3.1818182,1.0909091,2.0,2.1818182,3.0,2.0,0.0,0.18181819,1.0,0.0,0.0,0.0,0.0,3.0,2.0,1.0,0.0,0.0,0.0,0.0,0.0,1.0,0.09090909,0.0,1.0,0.0,0.09090909,0.0,0.0,0.18181819,0.0,0.0,0.0,0.09090909,0.0,0.0,1.0,0.0,0.0,0.90909094,0.0,0.0,0.0,0.0,0.0,0.0,0.0,0.0,0.0,0.0,0.0,0.0,0.0,0.0,0.0,0.90909094,0.0,0.0,0.90909094,0.0,0.90909094,0.0,0.0,0.0,0.0,0.09090909,0.09090909,0.90909094,0.0,0.0,0.09090909,0.0,0.09090909,0.0,0.0,0.0,0.0,0.0,0.0,0.0,0.0,0.0
11.043478,4.0,3.2608695,1.1304348,2.0,2.2608695,3.0,2.0,0.0,0.26086956,1.0,0.0,0.0,0.0,0.0,3.0,2.0,1.0,0.0,0.0,0.0,0.0,0.0,1.0,0.13043478,0.0,1.0,0.0,0.13043478,0.0,0.0,0.26086956,0.0,0.0,0.0,0.13043478,0.0,0.0,1.0,0.0,0.0,0.8695652,0.0,0.0,0.0,0.0,0.0,0.0,0.0,0.0,0.0,0.0,0.0,0.0,0.0,0.0,0.0,0.8695652,0.0,0.0,0.8695652,0.0,0.8695652,0.0,0.0,0.0,0.0,0.13043478,0.13043478,0.8695652,0.0,0.0,0.13043478,0.0,0.13043478,0.0,0.0,0.0,0.0,0.0,0.0,0.0,0.0,0.0
11.142858,4.2380953,3.4285715,1.0952381,2.047619,2.0952382,3.3809524,2.0952382,0.2857143,0.0,1.1904762,0.0,0.0,0.0,0.0,3.0952382,2.0952382,1.0,0.0,0.0952381,0.0,0.2857143,0.0,1.0,0.0,0.0,1.0,0.0,0.0,0.0,0.0952381,0.0,0.0,0.0952381,0.0,0.0,0.04761905,0.0,1.0476191,0.0,0.0,1.0,0.0,0.0,0.0,0.0,0.0,0.0,0.0,0.0952381,0.0,0.0,0.0,0.0,0.0,0.0,0.0,1.0,0.0,0.0,1.0,0.0,1.0,0.0,0.0,0.0,0.0,0.0,0.0,1.0,0.0,0.0,0.0,0.0,0.0,0.0,0.0,0.0,0.0,0.0,0.0,0.0,0.0,0.0
10.2,4.04,3.06,1.02,2.04,2.02,3.0,2.04,0.02,0.02,1.0,0.04,0.08,0.0,0.04,3.0,2.0,1.0,0.0,0.02,0.0,0.0,0.02,1.0,0.02,0.0,1.0,0.0,0.0,0.0,0.0,0.04,0.04,0.0,0.0,0.02,0.0,0.0,1.0,0.0,0.0,0.98,0.0,0.0,0.0,0.0,0.0,0.0,0.02,0.0,0.0,0.0,0.0,0.08,0.0,0.0,0.0,0.98,0.0,0.0,0.98,0.02,0.98,0.0,0.08,0.0,0.0,0.02,0.02,0.98,0.0,0.0,0.02,0.0,0.02,0.0,0.0,0.0,0.0,0.0,0.0,0.0,0.0,0.0
10.809524,4.095238,3.2380953,1.0952381,2.0,2.0952382,3.1904762,2.0,0.2857143,0.0,1.0952381,0.0,0.0,0.0,0.0,3.0952382,2.0952382,1.0,0.0,0.0,0.0,0.0,0.0,1.0,0.0,0.0,1.0,0.0,0.0,0.0,0.0952381,0.0,0.0,0.0,0.0,0.0,0.0,0.0,1.0476191,0.0,0.0,1.0,0.0,0.0,0.0,0.0,0.0,0.0,0.0,0.0952381,0.0,0.0,0.0,0.0,0.0,0.0,0.0,1.0,0.0,0.0,1.0,0.0,1.0,0.0,0.0,0.0,0.0,0.0,0.0,1.0,0.0,0.0,0.0,0.0,0.0,0.0,0.0,0.0,0.0,0.0,0.0,0.0,0.0,0.0
10.714286,4.095238,3.142857,1.0952381,2.0,2.0952382,3.1904762,2.0,0.04761905,0.0,1.0952381,0.0,0.0,0.0,0.0,3.0952382,2.0952382,1.0,0.0,0.0,0.0,0.0,0.0,1.0,0.0,0.0,1.0,0.0,0.0,0.0,0.0952381,0.0,0.0,0.0,0.0,0.0,0.0,0.0,1.0476191,0.0,0.0,1.0,0.0,0.0,0.0,0.0,0.0,0.0,0.0,0.0952381,0.0,0.0,0.0,0.0,0.0,0.0,0.0,1.0,0.0,0.0,1.0,0.0,1.0,0.0,0.0,0.0,0.0,0.0,0.0,1.0,0.0,0.0,0.0,0.0,0.0,0.0,0.0,0.0,0.0,0.0,0.0,0.0,0.0,0.0
11.363636,4.181818,3.2727273,1.1818181,2.0,2.1818182,3.3636363,2.0,0.09090909,0.0,1.1818181,0.0,0.0,0.0,0.0,3.1818182,2.1818182,1.0,0.0,0.0,0.0,0.0,0.0,1.0,0.0,0.0,1.0,0.0,0.0,0.0,0.18181819,0.0,0.0,0.0,0.0,0.0,0.0,0.0,1.0909091,0.0,0.0,1.0,0.0,0.0,0.0,0.0,0.0,0.0,0.0,0.18181819,0.0,0.0,0.0,0.0,0.0,0.0,0.0,1.0,0.0,0.0,1.0,0.0,1.0,0.0,0.0,0.0,0.0,0.0,0.0,1.0,0.0,0.0,0.0,0.0,0.0,0.0,0.0,0.0,0.0,0.0,0.0,0.0,0.0,0.0
12.5,4.3333335,3.5,1.3333334,2.0,2.3333333,3.6666667,2.0,0.16666667,0.0,1.3333334,0.0,0.0,0.0,0.0,3.3333333,2.3333333,1.0,0.0,0.0,0.0,0.0,0.0,1.0,0.0,0.0,1.0,0.0,0.0,0.0,0.33333334,0.0,0.0,0.0,0.0,0.0,0.0,0.0,1.1666666,0.0,0.0,1.0,0.0,0.0,0.0,0.0,0.0,0.0,0.0,0.33333334,0.0,0.0,0.0,0.0,0.0,0.0,0.0,1.0,0.0,0.0,1.0,0.0,1.0,0.0,0.0,0.0,0.0,0.0,0.0,1.0,0.0,0.0,0.0,0.0,0.0,0.0,0.0,0.0,0.0,0.0,0.0,0.0,0.0,0.0
13.461538,4.4615383,3.6923077,1.4615384,2.0,2.4615386,3.9230769,2.0,0.23076923,0.0,1.4615384,0.0,0.0,0.0,0.0,3.4615386,2.4615386,1.0,0.0,0.0,0.0,0.0,0.0,1.0,0.0,0.0,1.0,0.0,0.0,0.0,0.46153846,0.0,0.0,0.0,0.0,0.0,0.0,0.0,1.2307693,0.0,0.0,1.0,0.0,0.0,0.0,0.0,0.0,0.0,0.0,0.46153846,0.0,0.0,0.0,0.0,0.0,0.0,0.0,1.0,0.0,0.0,1.0,0.0,1.0,0.0,0.0,0.0,0.0,0.0,0.0,1.0,0.0,0.0,0.0,0.0,0.0,0.0,0.0,0.0,0.0,0.0,0.0,0.0,0.0,0.0
10.666667,4.142857,3.047619,1.0952381,2.0,2.0,3.2857144,2.0,0.0,0.0,1.1428572,0.0,0.0,0.0,0.0,3.0952382,2.0952382,1.0,0.0,0.0,0.0,0.0,0.0,1.0,0.0,0.0,1.0,0.0,0.0,0.0,0.0,0.0,0.0,0.0,0.0,0.0,0.0,0.0,1.0476191,0.0,0.0,1.0,0.0,0.0,0.0,0.0,0.0,0.0,0.0,0.0952381,0.0,0.0,0.0,0.0,0.0,0.0,0.0,1.0,0.0,0.0,1.0,0.0,1.0,0.0,0.0,0.0,0.0,0.0,0.0,1.0,0.0,0.0,0.0,0.0,0.0,0.0,0.0,0.0,0.0,0.0,0.0,0.0,0.0,0.0
11.272727,4.2727275,3.090909,1.1818181,2.0,2.0,3.5454545,2.0,0.0,0.0,1.2727273,0.0,0.0,0.0,0.0,3.1818182,2.1818182,1.0,0.0,0.0,0.0,0.0,0.0,1.0,0.0,0.0,1.0,0.0,0.0,0.0,0.0,0.0,0.0,0.0,0.0,0.0,0.0,0.0,1.0909091,0.0,0.0,1.0,0.0,0.0,0.0,0.0,0.0,0.0,0.0,0.18181819,0.0,0.0,0.0,0.0,0.0,0.0,0.0,1.0,0.0,0.0,1.0,0.0,1.0,0.0,0.0,0.0,0.0,0.0,0.0,1.0,0.0,0.0,0.0,0.0,0.0,0.0,0.0,0.0,0.0,0.0,0.0,0.0,0.0,0.0
12.333333,4.5,3.1666667,1.3333334,2.0,2.0,4.0,2.0,0.0,0.0,1.5,0.0,0.0,0.0,0.0,3.3333333,2.3333333,1.0,0.0,0.0,0.0,0.0,0.0,1.0,0.0,0.0,1.0,0.0,0.0,0.0,0.0,0.0,0.0,0.0,0.0,0.0,0.0,0.0,1.1666666,0.0,0.0,1.0,0.0,0.0,0.0,0.0,0.0,0.0,0.0,0.33333334,0.0,0.0,0.0,0.0,0.0,0.0,0.0,1.0,0.0,0.0,1.0,0.0,1.0,0.0,0.0,0.0,0.0,0.0,0.0,1.0,0.0,0.0,0.0,0.0,0.0,0.0,0.0,0.0,0.0,0.0,0.0,0.0,0.0,0.0
13.230769,4.6923075,3.2307692,1.4615384,2.0,2.0,4.3846154,2.0,0.0,0.0,1.6923077,0.0,0.0,0.0,0.0,3.4615386,2.4615386,1.0,0.0,0.0,0.0,0.0,0.0,1.0,0.0,0.0,1.0,0.0,0.0,0.0,0.0,0.0,0.0,0.0,0.0,0.0,0.0,0.0,1.2307693,0.0,0.0,1.0,0.0,0.0,0.0,0.0,0.0,0.0,0.0,0.46153846,0.0,0.0,0.0,0.0,0.0,0.0,0.0,1.0,0.0,0.0,1.0,0.0,1.0,0.0,0.0,0.0,0.0,0.0,0.0,1.0,0.0,0.0,0.0,0.0,0.0,0.0,0.0,0.0,0.0,0.0,0.0,0.0,0.0,0.0
10.952381,4.1904764,3.047619,1.1428572,2.0,2.0,3.3809524,2.0,0.0,0.0,1.1904762,0.0,0.0,0.0,0.0,3.0952382,2.0952382,1.0,0.0,0.0,0.0,0.0,0.0,1.0,0.0,0.0,1.0,0.0,0.0,0.0,0.0,0.0,0.0,0.0,0.0,0.0,0.0,0.0,1.0476191,0.0,0.0,1.0,0.0,0.0,0.0,0.0,0.0,0.0,0.0,0.0952381,0.0,0.0,0.0,0.0,0.0,0.0,0.0,1.0,0.0,0.0,1.0,0.0,1.0,0.0,0.0,0.0,0.0,0.0,0.0,1.0,0.0,0.0,0.0,0.0,0.0,0.0,0.0,0.0,0.0,0.0,0.0,0.0,0.0,0.0
11.818182,4.3636365,3.090909,1.2727273,2.0,2.0,3.7272727,2.0,0.0,0.0,1.3636364,0.0,0.0,0.0,0.0,3.1818182,2.1818182,1.0,0.0,0.0,0.0,0.0,0.0,1.0,0.0,0.0,1.0,0.0,0.0,0.0,0.0,0.0,0.0,0.0,0.0,0.0,0.0,0.0,1.0909091,0.0,0.0,1.0,0.0,0.0,0.0,0.0,0.0,0.0,0.0,0.18181819,0.0,0.0,0.0,0.0,0.0,0.0,0.0,1.0,0.0,0.0,1.0,0.0,1.0,0.0,0.0,0.0,0.0,0.0,0.0,1.0,0.0,0.0,0.0,0.0,0.0,0.0,0.0,0.0,0.0,0.0,0.0,0.0,0.0,0.0
13.333333,4.6666665,3.1666667,1.5,2.0,2.0,4.3333335,2.0,0.0,0.0,1.6666666,0.0,0.0,0.0,0.0,3.3333333,2.3333333,1.0,0.0,0.0,0.0,0.0,0.0,1.0,0.0,0.0,1.0,0.0,0.0,0.0,0.0,0.0,0.0,0.0,0.0,0.0,0.0,0.0,1.1666666,0.0,0.0,1.0,0.0,0.0,0.0,0.0,0.0,0.0,0.0,0.33333334,0.0,0.0,0.0,0.0,0.0,0.0,0.0,1.0,0.0,0.0,1.0,0.0,1.0,0.0,0.0,0.0,0.0,0.0,0.0,1.0,0.0,0.0,0.0,0.0,0.0,0.0,0.0,0.0,0.0,0.0,0.0,0.0,0.0,0.0
14.615385,4.923077,3.2307692,1.6923077,2.0,2.0,4.8461537,2.0,0.0,0.0,1.9230769,0.0,0.0,0.0,0.0,3.4615386,2.4615386,1.0,0.0,0.0,0.0,0.0,0.0,1.0,0.0,0.0,1.0,0.0,0.0,0.0,0.0,0.0,0.0,0.0,0.0,0.0,0.0,0.0,1.2307693,0.0,0.0,1.0,0.0,0.0,0.0,0.0,0.0,0.0,0.0,0.46153846,0.0,0.0,0.0,0.0,0.0,0.0,0.0,1.0,0.0,0.0,1.0,0.0,1.0,0.0,0.0,0.0,0.0,0.0,0.0,1.0,0.0,0.0,0.0,0.0,0.0,0.0,0.0,0.0,0.0,0.0,0.0,0.0,0.0,0.0
10.761905,4.095238,2.952381,1.1428572,2.0,2.0,3.1904762,2.0,0.0,0.0,1.0952381,0.0,0.0,0.0,0.0,2.9047618,1.9523809,1.0,0.0,0.0,0.0,0.0,0.0,0.95238096,0.0,0.0,1.0,0.0,0.0,0.0,0.0,0.0,0.0,0.0,0.0,0.0,0.0,0.0,0.95238096,0.0,0.0,1.0,0.0,0.0,0.0,0.0,0.0,0.0,0.0,0.04761905,0.0,0.0,0.0,0.0,0.0,0.0,0.0,1.0,0.0,0.0,1.0,0.0,0.95238096,0.0,0.0,0.0,0.0,0.0,0.0,0.95238096,0.0,0.0,0.0,0.0,0.0,0.0,0.0,0.0,0.0,0.0,0.0,0.0,0.0,0.0
11.454545,4.181818,2.909091,1.2727273,2.0,2.0,3.3636363,2.0,0.0,0.0,1.1818181,0.0,0.0,0.0,0.0,2.8181818,1.9090909,1.0,0.0,0.0,0.0,0.0,0.0,0.90909094,0.0,0.0,1.0,0.0,0.0,0.0,0.0,0.0,0.0,0.0,0.0,0.0,0.0,0.0,0.90909094,0.0,0.0,1.0,0.0,0.0,0.0,0.0,0.0,0.0,0.0,0.09090909,0.0,0.0,0.0,0.0,0.0,0.0,0.0,1.0,0.0,0.0,1.0,0.0,0.90909094,0.0,0.0,0.0,0.0,0.0,0.0,0.90909094,0.0,0.0,0.0,0.0,0.0,0.0,0.0,0.0,0.0,0.0,0.0,0.0,0.0,0.0
12.666667,4.3333335,2.8333333,1.5,2.0,2.0,3.6666667,2.0,0.0,0.0,1.3333334,0.0,0.0,0.0,0.0,2.6666667,1.8333334,1.0,0.0,0.0,0.0,0.0,0.0,0.8333333,0.0,0.0,1.0,0.0,0.0,0.0,0.0,0.0,0.0,0.0,0.0,0.0,0.0,0.0,0.8333333,0.0,0.0,1.0,0.0,0.0,0.0,0.0,0.0,0.0,0.0,0.16666667,0.0,0.0,0.0,0.0,0.0,0.0,0.0,1.0,0.0,0.0,1.0,0.0,0.8333333,0.0,0.0,0.0,0.0,0.0,0.0,0.8333333,0.0,0.0,0.0,0.0,0.0,0.0,0.0,0.0,0.0,0.0,0.0,0.0,0.0,0.0
13.692307,4.4615383,2.7692308,1.6923077,2.0,2.0,3.9230769,2.0,0.0,0.0,1.4615384,0.0,0.0,0.0,0.0,2.5384614,1.7692307,1.0,0.0,0.0,0.0,0.0,0.0,0.7692308,0.0,0.0,1.0,0.0,0.0,0.0,0.0,0.0,0.0,0.0,0.0,0.0,0.0,0.0,0.7692308,0.0,0.0,1.0,0.0,0.0,0.0,0.0,0.0,0.0,0.0,0.23076923,0.0,0.0,0.0,0.0,0.0,0.0,0.0,1.0,0.0,0.0,1.0,0.0,0.7692308,0.0,0.0,0.0,0.0,0.0,0.0,0.7692308,0.0,0.0,0.0,0.0,0.0,0.0,0.0,0.0,0.0,0.0,0.0,0.0,0.0,0.0
10.727273,4.0,3.1818182,1.0909091,2.0,2.1818182,3.0,2.0,0.0,0.0,1.0,0.0,0.0,0.0,0.0,3.0,2.0,1.0,0.0,0.0,0.0,0.0,0.0,1.0,0.09090909,0.0,1.0,0.0,0.09090909,0.0,0.0,0.09090909,0.0,0.0,0.18181819,0.0,0.0,0.0,1.0,0.0,0.09090909,0.90909094,0.0,0.0,0.0,0.0,0.0,0.0,0.0,0.0,0.0,0.0,0.0,0.0,0.09090909,0.09090909,0.0,0.90909094,0.0,0.0,0.90909094,0.0,0.90909094,0.0,0.0,0.0,0.0,0.0,0.09090909,0.90909094,0.0,0.0,0.0,0.0,0.0,0.0,0.0,0.0,0.0,0.0,0.0,0.0,0.0,0.0
11.333333,4.0,3.3333333,1.1666666,2.0,2.3333333,3.0,2.0,0.0,0.0,1.0,0.0,0.0,0.0,0.0,3.0,2.0,1.0,0.0,0.0,0.0,0.0,0.0,1.0,0.16666667,0.0,1.0,0.0,0.16666667,0.0,0.0,0.16666667,0.0,0.0,0.33333334,0.0,0.0,0.0,1.0,0.0,0.16666667,0.8333333,0.0,0.0,0.0,0.0,0.0,0.0,0.0,0.0,0.0,0.0,0.0,0.0,0.16666667,0.16666667,0.0,0.8333333,0.0,0.0,0.8333333,0.0,0.8333333,0.0,0.0,0.0,0.0,0.0,0.16666667,0.8333333,0.0,0.0,0.0,0.0,0.0,0.0,0.0,0.0,0.0,0.0,0.0,0.0,0.0,0.0
12.285714,4.0,3.5714285,1.2857143,2.0,2.5714285,3.0,2.0,0.0,0.0,1.0,0.0,0.0,0.0,0.0,3.0,2.0,1.0,0.0,0.0,0.0,0.0,0.0,1.0,0.2857143,0.0,1.0,0.0,0.2857143,0.0,0.0,0.2857143,0.0,0.0,0.5714286,0.0,0.0,0.0,1.0,0.0,0.2857143,0.71428573,0.0,0.0,0.0,0.0,0.0,0.0,0.0,0.0,0.0,0.0,0.0,0.0,0.2857143,0.2857143,0.0,0.71428573,0.0,0.0,0.71428573,0.0,0.71428573,0.0,0.0,0.0,0.0,0.0,0.2857143,0.71428573,0.0,0.0,0.0,0.0,0.0,0.0,0.0,0.0,0.0,0.0,0.0,0.0,0.0,0.0
10.727273,4.0,3.1818182,1.0909091,2.0,2.1818182,3.0,2.0,0.0,0.0,1.0,0.0,0.0,0.0,0.0,3.0,2.0,1.0,0.0,0.0,0.0,0.0,0.0,1.0,0.0,0.0,1.0,0.0,0.0,0.0,0.0,0.0,0.0,0.0,0.0,0.0,0.0,0.0,1.0,0.0,0.0,0.90909094,0.0,0.0,0.0,0.0,0.0,0.0,0.0,0.0,0.0,0.0,0.0,0.0,0.0,0.0,0.0,1.0,0.0,0.0,1.0,0.0,1.0,0.0,0.0,0.0,0.0,0.0,0.0,1.0,0.0,0.0,0.0,0.0,0.0,0.0,0.0,0.0,0.0,0.0,0.0,0.0,0.0,0.0
10.761905,4.095238,3.1904762,1.0952381,2.0952382,2.1904762,3.0,2.0952382,0.0,0.04761905,1.0,0.0952381,0.1904762,0.0,0.0952381,3.0,2.0,1.0,0.0952381,0.0,0.0,0.0,0.04761905,1.0,0.0952381,0.0,1.0,0.0,0.04761905,0.0,0.0,0.14285715,0.0,0.0,0.0952381,0.04761905,0.0,0.0,1.0,0.0952381,0.04761905,0.95238096,0.04761905,0.0952381,0.04761905,0.04761905,0.0,0.0,0.0,0.0,0.0,0.04761905,0.0,0.1904762,0.04761905,0.04761905,0.04761905,0.95238096,0.04761905,0.04761905,0.95238096,0.0,0.95238096,0.0,0.1904762,0.0,0.0,0.04761905,0.04761905,0.95238096,0.1904762,0.0,0.04761905,0.0,0.04761905,0.0,0.0,0.0,0.0952381,0.0,0.0,0.0,0.0,0.0
11.454545,4.181818,3.3636363,1.1818181,2.1818182,2.3636363,3.0,2.1818182,0.0,0.09090909,1.0,0.18181819,0.36363637,0.0,0.18181819,3.0,2.0,1.0,0.18181819,0.0,0.0,0.0,0.09090909,1.0,0.18181819,0.0,1.0,0.0,0.09090909,0.0,0.0,0.27272728,0.0,0.0,0.18181819,0.09090909,0.0,0.0,1.0,0.18181819,0.09090909,0.90909094,0.09090909,0.18181819,0.09090909,0.09090909,0.0,0.0,0.0,0.0,0.0,0.09090909,0.0,0.36363637,0.09090909,0.09090909,0.09090909,0.90909094,0.09090909,0.09090909,0.90909094,0.0,0.90909094,0.0,0.36363637,0.0,0.0,0.09090909,0.09090909,0.90909094,0.36363637,0.0,0.09090909,0.0,0.09090909,0.0,0.0,0.0,0.18181819,0.0,0.0,0.0,0.0,0.0
10.0,4.029703,3.0,1.0,2.0,2.0,3.0,2.0,0.0,0.0,1.0,0.0,0.0,0.00990099,0.0,3.0,2.0,1.0,0.0,0.0,0.00990099,0.0,0.0,1.0,0.00990099,0.00990099,1.0,0.0,0.0,0.0,0.0,0.01980198,0.0,0.0,0.0,0.00990099,0.0,0.01980198,1.0,0.0,0.0,0.990099,0.0,0.0,0.0,0.0,0.0,0.0,0.0,0.0,0.0,0.0,0.0,0.0,0.0,0.0,0.0,0.990099,0.0,0.0,0.990099,0.0,0.990099,0.0,0.0,0.0,0.0,0.00990099,0.00990099,0.990099,0.0,0.0,0.00990099,0.0,0.00990099,0.0,0.0,0.0,0.0,0.0,0.0,0.0,0.0,0.0
10.0,4.0588236,3.0,1.0,2.0,2.0,3.0,2.0,0.0,0.0,1.0,0.0,0.0,0.019607844,0.0,3.0,2.0,1.0,0.0,0.0,0.019607844,0.0,0.0,1.0,0.019607844,0.019607844,1.0,0.0,0.0,0.0,0.0,0.039215688,0.0,0.0,0.0,0.019607844,0.0,0.039215688,1.0,0.0,0.0,0.98039216,0.0,0.0,0.0,0.0,0.0,0.0,0.0,0.0,0.0,0.0,0.0,0.0,0.0,0.0,0.0,0.98039216,0.0,0.0,0.98039216,0.0,0.98039216,0.0,0.0,0.0,0.0,0.019607844,0.019607844,0.98039216,0.0,0.0,0.019607844,0.0,0.019607844,0.0,0.0,0.0,0.0,0.0,0.0,0.0,0.0,0.0
23.0,4.0,10.0,2.0,2.0,2.0,1.0,2.0,8.0,1.0,0.0,2.0,2.0,1.0,1.0,0.0,0.0,0.0,0.0,3.0,2.0,5.0,1.0,0.0,0.0,1.0,0.0,1.0,0.0,1.0,0.0,0.0,3.0,3.0,0.0,0.0,1.0,2.0,0.0,0.0,0.0,0.0,0.0,0.0,0.0,0.0,1.0,1.0,3.0,0.0,2.0,0.0,1.0,0.0,0.0,0.0,0.0,0.0,0.0,0.0,0.0,2.0,0.0,1.0,0.0,1.0,3.0,0.0,0.0,0.0,0.0,1.0,0.0,2.0,0.0,2.0,1.0,0.0,0.0,2.0,1.0,0.0,0.0,0.0
22.11885,3.8445032,9.740838,1.8963354,1.9481677,1.8963354,0.9481677,1.9481677,7.7926707,1.0,0.0,1.9481677,1.8963354,0.9481677,0.9481677,0.0,0.0,0.0,0.0,2.8963354,1.8963354,4.8963356,0.9481677,0.0,0.0,0.9481677,0.0,0.9481677,0.0,0.9481677,0.0,0.0,2.8445032,2.8963354,0.0,0.0,1.0,1.8963354,0.0,0.0,0.0,0.0,0.0,0.0,0.0,0.0,0.9481677,0.9481677,2.8445032,0.0,1.8963354,0.0,0.9481677,0.0,0.0,0.0,0.0,0.0,0.0,0.0,0.0,1.8963354,0.0,0.9481677,0.0,0.9481677,2.8445032,0.0,0.0,0.0,0.0,0.9481677,0.0,1.8963354,0.0,1.8963354,0.9481677,0.0,0.0,1.8963354,0.9481677,0.0,0.0,0.0
10.215264,4.0430527,3.0645792,1.0215265,2.043053,2.0215263,3.0,2.043053,0.021526419,0.021526419,1.0,0.043052837,0.086105675,0.0,0.043052837,3.0,2.0,1.0,0.0,0.021526419,0.0,0.0,0.021526419,1.0,0.021526419,0.0,1.0,0.0,0.0,0.0,0.0,0.043052837,0.043052837,0.0,0.0,0.021526419,0.0,0.0,1.0,0.0,0.0,0.9784736,0.0,0.0,0.0,0.0,0.0,0.0,0.021526419,0.0,0.0,0.0,0.0,0.086105675,0.0,0.0,0.0,0.9784736,0.0,0.0,0.9784736,0.021526419,0.9784736,0.0,0.086105675,0.0,0.0,0.021526419,0.021526419,0.9784736,0.0,0.0,0.021526419,0.0,0.021526419,0.0,0.0,0.0,0.0,0.0,0.0,0.0,0.0,0.0
6.19802,1.029703,5.019802,0.02970297,1.019802,0.01980198,0.0,1.019802,4.0,1.009901,0.0,1.009901,0.01980198,0.00990099,0.00990099,0.0,0.0,0.0,0.00990099,1.0,0.01980198,3.0,0.00990099,0.0,0.00990099,0.01980198,0.0,0.00990099,0.0,0.01980198,0.0,0.01980198,0.00990099,1.0,0.0,0.00990099,1.0,0.0,0.0,0.00990099,0.0,0.0,0.0,0.0,0.0,0.0,0.0,0.0,0.00990099,0.0,0.0,0.0,0.00990099,0.0,0.0,0.0,0.0,0.0,0.0,0.0,0.0,0.0,0.0,0.00990099,0.0,0.0,0.0,0.0,0.0,0.0,0.0,0.0,0.0,0.0,0.0,0.0,0.0,0.0,0.0,0.0,0.0,0.0,0.0,0.0
16.0,3.0,4.0,2.0,1.0,2.0,3.0,0.0,6.0,0.0,1.0,0.0,0.0,0.0,0.0,0.0,0.0,1.0,0.0,0.0,0.0,0.0,0.0,0.0,0.0,0.0,0.0,0.0,0.0,0.0,1.0,0.0,0.0,0.0,0.0,0.0,0.0,0.0,0.0,0.0,0.0,0.0,0.0,0.0,0.0,0.0,0.0,0.0,0.0,0.0,0.0,0.0,0.0,0.0,0.0,0.0,0.0,0.0,0.0,0.0,0.0,0.0,0.0,0.0,0.0,0.0,0.0,0.0,0.0,0.0,0.0,0.0,0.0,0.0,0.0,0.0,0.0,0.0,0.0,0.0,0.0,0.0,0.0,0.0
12.495,4.11,5.165,1.055,2.0,2.0,3.055,2.0,2.22,0.0,1.0,0.0,0.0,0.055,0.0,3.0,2.0,1.0,0.0,0.165,0.11,1.11,0.0,1.0,0.0,0.055,0.945,0.055,0.0,0.055,0.0,0.0,0.0,0.165,0.0,0.0,0.0,0.11,0.0,0.0,0.0,0.945,0.0,0.0,0.0,0.0,0.055,0.055,0.0,0.0,0.11,0.0,0.0,0.0,0.0,0.0,0.0,0.945,0.0,0.0,0.945,0.0,0.945,0.0,0.0,0.055,0.0,0.0,0.0,0.0,0.0,0.0,0.0,0.11,0.0,0.0,0.055,0.0,0.0,0.11,0.055,0.0,0.0,0.0
12.72,4.16,5.24,1.08,2.0,2.0,3.08,2.0,2.32,0.0,1.0,0.0,0.0,0.08,0.0,3.0,2.0,1.0,0.0,0.24,0.16,1.16,0.0,1.0,0.0,0.08,0.92,0.08,0.0,0.08,0.0,0.0,0.0,0.24,0.0,0.0,0.0,0.16,0.0,0.0,0.0,0.92,0.0,0.0,0.0,0.0,0.08,0.08,0.0,0.0,0.16,0.0,0.0,0.0,0.0,0.0,0.0,0.92,0.0,0.0,0.92,0.0,0.92,0.0,0.0,0.08,0.0,0.0,0.0,0.0,0.0,0.0,0.0,0.16,0.0,0.0,0.08,0.0,0.0,0.16,0.08,0.0,0.0,0.0
12.073029,2.0085917,9.995705,0.012887394,2.0042958,0.008591596,0.0,2.0042958,7.9871125,2.0085917,0.0,3.0042958,2.0042958,0.004295798,1.0042958,0.0,0.0,0.0,0.004295798,1.9957042,0.008591596,5.9871125,1.0,0.0,0.0,0.004295798,0.0,0.004295798,0.0,0.004295798,0.0,0.0,2.0,1.9914083,0.0,0.0,1.9957042,0.0,0.0,0.0,0.0,0.0,0.0,0.0,0.0,0.0,0.0,0.0,1.9957042,0.0,0.0,0.0,1.9957042,0.0,0.0,0.0,0.0,0.0,0.0,0.0,0.0,0.9957042,0.0,1.0,0.0,0.0,1.9914083,0.0,0.0,0.0,0.0,1.9914083,0.0,0.004295798,0.0,0.9957042,0.004295798,0.0,0.0,0.0,0.0,0.0,0.9957042,0.0
12.158688,2.013224,9.986776,0.029092725,2.0,0.0,0.0,2.0,7.989421,2.0158687,0.0,2.9947104,1.9973552,0.013223966,1.0,0.0,0.0,0.0,0.0,2.0,0.02380314,5.9920654,0.9973552,0.0,0.0,0.02380314,0.0,0.0105791725,0.0,0.021158345,0.0,0.0,1.9973552,2.0,0.0,0.0,1.9973552,0.0,0.0,0.0,0.0,0.0,0.0,0.0,0.0,0.0,0.0,0.0,1.9947104,0.0,0.0,0.0,1.9973552,0.0,0.0,0.0,0.0,0.0,0.0,0.0,0.0,0.9973552,0.0,0.9973552,0.0,0.0,1.9947104,0.0,0.0,0.0,0.0,1.9947104,0.0,0.0,0.0,0.9973552,0.0,0.0,0.0,0.0,0.0,0.0,0.9973552,0.0
12.815949,2.090661,9.818678,0.18132217,2.090661,0.27198327,0.0,2.090661,7.637356,2.090661,0.0,3.090661,2.090661,0.0,1.090661,0.0,0.0,0.0,0.18132217,1.8186778,0.0,5.728017,1.0,0.0,0.090661086,0.0,0.0,0.0,0.0,0.0,0.0,0.18132217,1.909339,1.8186778,0.0,0.090661086,1.909339,0.0,0.0,0.090661086,0.0,0.0,0.0,0.0,0.0,0.0,0.0,0.0,1.909339,0.0,0.0,0.0,1.909339,0.18132217,0.0,0.0,0.0,0.0,0.0,0.0,0.0,0.9093389,0.0,1.0,0.18132217,0.0,1.8186778,0.0,0.0,0.0,0.18132217,1.8186778,0.0,0.0,0.0,0.9093389,0.0,0.0,0.0,0.0,0.0,0.0,0.9093389,0.0
20.171131,2.0,18.085566,0.0,2.0,0.0,0.0,2.0,16.085566,2.1197913,0.0,3.1711304,2.1711304,0.0,1.0,0.0,0.0,0.0,0.0,2.0,0.0,14.017113,1.1540173,0.0,0.0,0.0,0.0,0.0,0.0,0.0,0.0,0.0,2.1026783,2.0,0.0,0.0,9.982887,0.0,0.0,0.0,0.0,0.0,0.0,0.0,0.0,0.0,0.0,0.0,2.085565,0.0,0.0,0.0,1.9828869,0.0,0.0,0.0,0.0,0.0,0.0,0.0,0.0,1.0,0.0,0.98288697,0.0,0.0,2.0,0.0,0.0,0.0,0.0,1.9828869,0.0,0.0,0.0,0.98288697,0.0,0.017113037,0.0,0.0,0.0,0.0,0.98288697,0.0
20.349457,2.0,18.174728,0.0,2.0,0.0,0.0,2.0,16.174728,2.24462,0.0,3.3494573,2.3494573,0.0,1.0,0.0,0.0,0.0,0.0,2.0,0.0,14.0349455,1.3145114,0.0,0.0,0.0,0.0,0.0,0.0,0.0,0.0,0.0,2.2096744,2.0,0.0,0.0,9.9650545,0.0,0.0,0.0,0.0,0.0,0.0,0.0,0.0,0.0,0.0,0.0,2.1747286,0.0,0.0,0.0,1.9650543,0.0,0.0,0.0,0.0,0.0,0.0,0.0,0.0,1.0,0.0,0.9650543,0.0,0.0,2.0,0.0,0.0,0.0,0.0,1.9650543,0.0,0.0,0.0,0.9650543,0.0,0.03494572,0.0,0.0,0.0,0.0,0.9650543,0.0
20.546179,2.0,18.273088,0.0,2.0,0.0,0.0,2.0,16.273088,2.382325,0.0,3.5461786,2.5461786,0.0,1.0,0.0,0.0,0.0,0.0,2.0,0.0,14.054618,1.4915607,0.0,0.0,0.0,0.0,0.0,0.0,0.0,0.0,0.0,2.327707,2.0,0.0,0.0,9.945382,0.0,0.0,0.0,0.0,0.0,0.0,0.0,0.0,0.0,0.0,0.0,2.2730892,0.0,0.0,0.0,1.9453821,0.0,0.0,0.0,0.0,0.0,0.0,0.0,0.0,1.0,0.0,0.9453821,0.0,0.0,2.0,0.0,0.0,0.0,0.0,1.9453821,0.0,0.0,0.0,0.9453821,0.0,0.054617856,0.0,0.0,0.0,0.0,0.9453821,0.0
20.252987,2.0316234,18.015812,0.03162326,2.0,0.03162326,0.06324652,2.0,16.015812,2.0632465,0.03162326,3.1106813,2.126493,0.0,1.0,0.0,0.0,0.0,0.01581163,1.9683768,0.0,13.984188,1.1423047,0.0,0.0,0.0,0.0,0.0,0.0,0.0,0.03162326,0.0,2.0474348,1.9683768,0.0,0.0,9.984188,0.0,0.0,0.0,0.0,0.0,0.0,0.0,0.0,0.0,0.0,0.0,2.0632465,0.0,0.0,0.0,1.9841883,0.0,0.0,0.0,0.0,0.0,0.0,0.0,0.0,0.9841884,0.0,1.0,0.0,0.0,1.9683768,0.0,0.0,0.0,0.0,1.9683768,0.0,0.0,0.0,0.9841884,0.0,0.01581163,0.0,0.0,0.0,0.0,0.9841884,0.0
20.0,2.0692167,17.37705,0.06921666,2.0,0.0,0.0,2.0,15.446267,2.5537333,0.0,2.8615668,1.9307834,0.06921666,1.0,0.0,0.0,0.0,0.0,2.0,0.06921666,13.515483,0.93078333,0.0,0.0,0.06921666,0.0,0.0,0.0,0.0,0.0,0.0,1.9307834,2.0,0.0,0.0,9.653916,0.0,0.0,0.0,0.0,0.0,0.0,0.0,0.0,0.0,0.0,0.0,1.8615667,0.0,0.0,0.0,1.9307834,0.0,0.0,0.0,0.0,0.0,0.0,0.0,0.0,0.93078333,0.0,0.93078333,0.0,0.0,1.8615667,0.0,0.0,0.0,0.0,1.8615667,0.0,0.0,0.0,0.93078333,0.0,0.0,0.0,0.0,0.0,0.0,0.93078333,0.0
10.485442,4.145637,3.10323,1.0784346,2.0,2.093389,3.0,2.0,0.0,0.06425976,1.0,0.0,0.0,0.0,0.0,3.0,2.0,1.0,0.0,0.0,0.0,0.0,0.0,1.0,0.039217316,0.0,1.0,0.0,0.0,0.0,0.0,0.0,0.0,0.0,0.0,0.0,0.0,0.0,1.0,0.0,0.0,0.8596439,0.0,0.0,0.0,0.0,0.0,0.0,0.0,0.0,0.0,0.0,0.0,0.0,0.0,0.0,0.0,0.8596439,0.0,0.0,0.8596439,0.0,0.8596439,0.0,0.0,0.0,0.0,0.0,0.0,0.8596439,0.0,0.0,0.0,0.0,0.0,0.0,0.0,0.0,0.0,0.0,0.0,0.0,0.0,0.0
10.79079,4.235119,3.1663268,1.1273937,2.0,2.1509495,3.0,2.0,0.0,0.10596473,1.0,0.0,0.0,0.0,0.0,3.0,2.0,1.0,0.0,0.0,0.0,0.0,0.0,1.0,0.06369685,0.0,1.0,0.0,0.0,0.0,0.0,0.0,0.0,0.0,0.0,0.0,0.0,0.0,1.0,0.0,0.0,0.786089,0.0,0.0,0.0,0.0,0.0,0.0,0.0,0.0,0.0,0.0,0.0,0.0,0.0,0.0,0.0,0.786089,0.0,0.0,0.786089,0.0,0.786089,0.0,0.0,0.0,0.0,0.0,0.0,0.786089,0.0,0.0,0.0,0.0,0.0,0.0,0.0,0.0,0.0,0.0,0.0,0.0,0.0,0.0
10.337078,4.1015725,3.0720668,1.0545413,2.0,2.0650945,3.0,2.0,0.0,0.044358898,1.0,0.0,0.0,0.0,0.0,3.0,2.0,1.0,0.0,0.0,0.0,0.0,0.0,1.0,0.027270675,0.0,1.0,0.0,0.0,0.0,0.0,0.0,0.0,0.0,0.0,0.0,0.0,0.0,1.0,0.0,0.0,0.8991667,0.0,0.0,0.0,0.0,0.0,0.0,0.0,0.0,0.0,0.0,0.0,0.0,0.0,0.0,0.0,0.8991667,0.0,0.0,0.8991667,0.0,0.8991667,0.0,0.0,0.0,0.0,0.0,0.0,0.8991667,0.0,0.0,0.0,0.0,0.0,0.0,0.0,0.0,0.0,0.0,0.0,0.0,0.0,0.0
10.658305,4.196492,3.1391203,1.1061869,2.0,2.1260855,3.0,2.0,0.0,0.08774473,1.0,0.0,0.0,0.0,0.0,3.0,2.0,1.0,0.0,0.0,0.0,0.0,0.0,1.0,0.053093456,0.0,1.0,0.0,0.0,0.0,0.0,0.0,0.0,0.0,0.0,0.0,0.0,0.0,1.0,0.0,0.0,0.8168055,0.0,0.0,0.0,0.0,0.0,0.0,0.0,0.0,0.0,0.0,0.0,0.0,0.0,0.0,0.0,0.8168055,0.0,0.0,0.8168055,0.0,0.8168055,0.0,0.0,0.0,0.0,0.0,0.0,0.8168055,0.0,0.0,0.0,0.0,0.0,0.0,0.0,0.0,0.0,0.0,0.0,0.0,0.0,0.0
11.8535,4.7657995,3.6777713,1.2569381,2.497745,2.5368664,3.328516,2.5368664,0.12846905,0.17895548,1.0,0.2227179,0.2227179,0.0,0.2227179,3.328516,2.0,1.0,0.2227179,0.0,0.0,0.0,0.17895548,1.0,0.17895548,0.0,1.0,0.0,0.17895548,0.0,0.0,0.2227179,0.0,0.0,0.2227179,0.17895548,0.0,0.0,1.164258,0.17895548,0.17895548,1.2569381,0.17895548,0.2227179,0.0,0.0,0.0,0.0,0.0,0.0,0.0,0.17895548,0.0,0.0,0.17895548,0.17895548,0.17895548,1.0,0.0,0.0,1.0,0.0,1.0,0.0,0.0,0.0,0.0,0.0,0.0,1.0,0.0,0.0,0.0,0.0,0.0,0.0,0.0,0.0,0.0,0.0,0.0,0.0,0.0,0.0
12.650947,5.0891247,3.969711,1.362145,2.7112172,2.7708144,3.4553747,2.7708144,0.18107247,0.2569381,1.0,0.32502815,0.32502815,0.0,0.32502815,3.4553747,2.0,1.0,0.32502815,0.0,0.0,0.0,0.2569381,1.0,0.2569381,0.0,1.0,0.0,0.2569381,0.0,0.0,0.32502815,0.0,0.0,0.32502815,0.2569381,0.0,0.0,1.2276874,0.2569381,0.2569381,1.362145,0.2569381,0.32502815,0.0,0.0,0.0,0.0,0.0,0.0,0.0,0.2569381,0.0,0.0,0.2569381,0.2569381,0.2569381,1.0,0.0,0.0,1.0,0.0,1.0,0.0,0.0,0.0,0.0,0.0,0.0,1.0,0.0,0.0,0.0,0.0,0.0,0.0,0.0,0.0,0.0,0.0,0.0,0.0,0.0,0.0
10.934181,4.3970423,3.3013687,1.1346018,2.232986,2.232986,3.2692037,2.232986,0.0,0.09179383,1.0877657,0.11221268,0.11221268,0.0,0.11221268,3.1755314,2.0,1.0,0.11221268,0.0,0.0,0.0,0.09179383,1.0,0.0,0.0,1.0,0.0,0.09179383,0.0,0.09179383,0.0,0.0,0.0,0.11221268,0.0,0.0,0.0,1.0877657,0.0,0.09179383,1.0,0.09179383,0.11221268,0.0,0.0,0.0,0.0,0.0,0.0,0.0,0.0,0.0,0.0,0.0,0.0,0.0,1.0,0.0,0.0,1.0,0.0,1.0,0.0,0.0,0.0,0.0,0.0,0.0,1.0,0.0,0.0,0.0,0.0,0.0,0.0,0.0,0.0,0.0,0.0,0.0,0.0,0.0,0.0
11.776181,4.7514615,3.5684736,1.2522285,2.4403248,2.4403248,3.504457,2.4403248,0.0,0.17553131,1.1613687,0.21830131,0.21830131,0.0,0.21830131,3.3227375,2.0,1.0,0.21830131,0.0,0.0,0.0,0.17553131,1.0,0.0,0.0,1.0,0.0,0.17553131,0.0,0.17553131,0.0,0.0,0.0,0.21830131,0.0,0.0,0.0,1.1613687,0.0,0.17553131,1.0,0.17553131,0.21830131,0.0,0.0,0.0,0.0,0.0,0.0,0.0,0.0,0.0,0.0,0.0,0.0,0.0,1.0,0.0,0.0,1.0,0.0,1.0,0.0,0.0,0.0,0.0,0.0,0.0,1.0,0.0,0.0,0.0,0.0,0.0,0.0,0.0,0.0,0.0,0.0,0.0,0.0,0.0,0.0
12.539001,5.0697713,3.8068435,1.3559006,2.62603,2.62603,3.7118013,2.62603,0.0,0.25222847,1.2239813,0.31875393,0.31875393,0.0,0.31875393,3.4479625,2.0,1.0,0.31875393,0.0,0.0,0.0,0.25222847,1.0,0.0,0.0,1.0,0.0,0.25222847,0.0,0.25222847,0.0,0.0,0.0,0.31875393,0.0,0.0,0.0,1.2239813,0.0,0.25222847,1.0,0.25222847,0.31875393,0.0,0.0,0.0,0.0,0.0,0.0,0.0,0.0,0.0,0.0,0.0,0.0,0.0,1.0,0.0,0.0,1.0,0.0,1.0,0.0,0.0,0.0,0.0,0.0,0.0,1.0,0.0,0.0,0.0,0.0,0.0,0.0,0.0,0.0,0.0,0.0,0.0,0.0,0.0,0.0
10.908851,4.35944,3.3185976,1.1310098,2.2267098,2.2678685,3.170947,2.2267098,0.0,0.08928951,1.0,0.109095626,0.109095626,0.0,0.109095626,3.170947,2.0,1.0,0.109095626,0.0,0.0,0.0,0.08928951,1.0,0.08928951,0.0,1.0,0.0,0.08928951,0.0,0.0,0.08928951,0.0,0.0,0.109095626,0.0,0.0,0.0,1.0854735,0.08928951,0.08928951,1.0,0.08928951,0.109095626,0.0,0.0,0.0,0.06550491,0.0,0.0,0.0,0.08928951,0.0,0.0,0.08928951,0.08928951,0.08928951,1.0,0.0,0.0,1.0,0.0,1.0,0.0,0.0,0.0,0.0,0.0,0.0,1.0,0.0,0.0,0.0,0.0,0.0,0.0,0.0,0.0,0.0,0.0,0.0,0.0,0.0,0.0
11.730334,4.6782484,3.6050663,1.2459112,2.4290993,2.5128415,3.3149724,2.4290993,0.0,0.17094712,1.0,0.21239832,0.21239832,0.0,0.21239832,3.3149724,2.0,1.0,0.21239832,0.0,0.0,0.0,0.17094712,1.0,0.17094712,0.0,1.0,0.0,0.17094712,0.0,0.0,0.17094712,0.0,0.0,0.21239832,0.0,0.0,0.0,1.1574862,0.17094712,0.17094712,1.0,0.17094712,0.21239832,0.0,0.0,0.0,0.12295561,0.0,0.0,0.0,0.17094712,0.0,0.0,0.17094712,0.17094712,0.17094712,1.0,0.0,0.0,1.0,0.0,1.0,0.0,0.0,0.0,0.0,0.0,0.0,1.0,0.0,0.0,0.0,0.0,0.0,0.0,0.0,0.0,0.0,0.0,0.0,0.0,0.0,0.0
12.476471,4.962946,3.864033,1.3475031,2.6108828,2.7377336,3.4379714,2.6108828,0.0,0.24591123,1.0,0.31035757,0.31035757,0.0,0.31035757,3.4379714,2.0,1.0,0.31035757,0.0,0.0,0.0,0.24591123,1.0,0.24591123,0.0,1.0,0.0,0.24591123,0.0,0.0,0.24591123,0.0,0.0,0.31035757,0.0,0.0,0.0,1.2189857,0.24591123,0.24591123,1.0,0.24591123,0.31035757,0.0,0.0,0.0,0.17375156,0.0,0.0,0.0,0.24591123,0.0,0.0,0.24591123,0.24591123,0.24591123,1.0,0.0,0.0,1.0,0.0,1.0,0.0,0.0,0.0,0.0,0.0,0.0,1.0,0.0,0.0,0.0,0.0,0.0,0.0,0.0,0.0,0.0,0.0,0.0,0.0,0.0,0.0
11.194244,4.0,3.3361936,1.1680968,2.0,2.3077474,3.0,2.0,0.0,0.0,1.0,0.0,0.0,0.0,0.0,3.0,2.0,1.0,0.0,0.0,0.0,0.0,0.0,1.0,0.13160308,0.0,1.0,0.0,0.13160308,0.0,0.0,0.13160308,0.0,0.0,0.18352142,0.0,0.0,0.0,1.0,0.0,0.13160308,0.6225919,0.0,0.0,0.0,0.0,0.0,0.0,0.0,0.0,0.0,0.0,0.0,0.0,0.13160308,0.13160308,0.0,0.6225919,0.0,0.0,0.6225919,0.0,0.6225919,0.0,0.0,0.0,0.0,0.0,0.13160308,0.6225919,0.0,0.0,0.0,0.0,0.0,0.0,0.0,0.0,0.0,0.0,0.0,0.0,0.0,0.0
12.078247,4.0,3.5756261,1.2878131,2.0,2.5334158,3.0,2.0,0.0,0.0,1.0,0.0,0.0,0.0,0.0,3.0,2.0,1.0,0.0,0.0,0.0,0.0,0.0,1.0,0.23259582,0.0,1.0,0.0,0.23259582,0.0,0.0,0.23259582,0.0,0.0,0.3361935,0.0,0.0,0.0,1.0,0.0,0.23259582,0.4520025,0.0,0.0,0.0,0.0,0.0,0.0,0.0,0.0,0.0,0.0,0.0,0.0,0.23259582,0.23259582,0.0,0.4520025,0.0,0.0,0.4520025,0.0,0.4520025,0.0,0.0,0.0,0.0,0.0,0.23259582,0.4520025,0.0,0.0,0.0,0.0,0.0,0.0,0.0,0.0,0.0,0.0,0.0,0.0,0.0,0.0
10.049512,4.02439,2.6785715,1.0196079,1.8348624,1.8348624,2.6785715,1.8348624,0.0,0.0,0.9433962,0.0,0.0,0.01980198,0.0,2.6785715,1.8348624,0.9433962,0.0,0.0,0.01980198,0.0,0.0,0.9433962,0.0,0.01980198,0.9433962,0.0,0.0,0.0,0.0,0.0,0.0,0.0,0.0,0.0,0.0,0.022332506,0.9433962,0.0,0.0,0.9433962,0.0,0.0,0.0,0.0,0.0,0.0,0.0,0.0,0.0,0.0,0.0,0.0,0.0,0.0,0.0,0.9433962,0.0,0.0,0.9433962,0.0,0.9433962,0.0,0.0,0.0,0.0,0.0,0.0,0.9433962,0.0,0.0,0.0,0.0,0.0,0.0,0.0,0.0,0.0,0.0,0.0,0.0,0.0,0.0
11.0,2.0,9.0,0.0,2.0,0.0,0.0,2.0,7.0,2.0,0.0,3.0,2.0,0.0,1.0,0.0,0.0,0.0,0.0,2.0,0.0,5.0,1.0,0.0,0.0,0.0,0.0,0.0,0.0,0.0,0.0,0.0,2.0,2.0,0.0,0.0,1.0,0.0,0.0,0.0,0.0,0.0,0.0,0.0,0.0,0.0,0.0,0.0,2.0,0.0,0.0,0.0,2.0,0.0,0.0,0.0,0.0,0.0,0.0,0.0,0.0,1.0,0.0,0.0,0.0,0.0,2.0,0.0,0.0,0.0,0.0,2.0,0.0,0.0,0.0,0.0,0.0,0.0,0.0,0.0,0.0,0.0,0.0,0.0
11.055215,2.0115361,9.0,0.006425485,2.0,0.006425485,0.0048113847,2.0,7.0,2.0,0.0,3.0,2.0,0.0048113847,1.0,0.0,0.0,0.0,0.0,2.0071998,0.006425485,4.98853,1.0,0.0,0.0,0.0048113847,0.0,0.0048113847,0.0,0.0048113847,0.0,0.0,2.0,2.0071998,0.0,0.0,0.9810283,0.006425485,0.0,0.0,0.0,0.0,0.0,0.0,0.0,0.0,0.0048113847,0.0048113847,2.0,0.0,0.006425485,0.0,1.9857035,0.0,0.0,0.0,0.0,0.0,0.0,0.0,0.0,1.0,0.0,0.0,0.0,0.0048113847,2.0071998,0.0,0.0,0.0,0.0,2.0,0.0,0.006425485,0.0,0.0,0.0048113847,0.0,0.0,0.006425485,0.0048113847,0.0,0.0,0.0
11.077146,2.0161135,9.0,0.008984134,2.0,0.008984134,0.0067229997,2.0,7.0,2.0,0.0,3.0,2.0,0.0067229997,1.0,0.0,0.0,0.0,0.0,2.0100508,0.008984134,4.9840155,1.0,0.0,0.0,0.0067229997,0.0,0.0067229997,0.0,0.0067229997,0.0,0.0,2.0,2.0100508,0.0,0.0,0.97363967,0.008984134,0.0,0.0,0.0,0.0,0.0,0.0,0.0,0.0,0.0067229997,0.0067229997,2.0,0.0,0.008984134,0.0,1.9800986,0.0,0.0,0.0,0.0,0.0,0.0,0.0,0.0,1.0,0.0,0.0,0.0,0.0067229997,2.0100508,0.0,0.0,0.0,0.0,2.0,0.0,0.008984134,0.0,0.0,0.0067229997,0.0,0.0,0.008984134,0.0067229997,0.0,0.0,0.0
5.56,2.235294,3.0816326,0.09375,1.0,0.071428575,2.2142856,1.0,2.8709676,0.0,1.0,0.0,0.0,0.071428575,0.0,1.1052631,1.1052631,1.0,0.0,1.8571428,0.0,0.0,0.0,0.071428575,0.0,0.0,0.071428575,0.0,0.0,0.0,0.0,0.0,0.0,0.0,0.0,0.0,0.0,0.0,0.0,0.0,0.0,0.0,0.0,0.0,0.0,0.0,0.0,0.0,0.0,0.0,0.0,0.0,0.0,0.0,0.0,0.0,0.0,0.0,0.0,0.0,0.0,0.0,0.0,0.0,0.0,0.0,0.0,0.0,0.0,0.0,0.0,0.0,0.0,0.0,0.0,0.0,0.0,0.0,0.0,0.0,0.0,0.0,0.0,0.0
14.792414,4.0479217,7.0,0.89221865,1.0387084,0.0,2.0433373,1.0387084,4.9324174,0.0,0.029315053,0.0,0.0,0.89221865,0.0,2.0433373,0.03947245,0.029315053,0.0,0.89221865,1.6931901,3.0,0.0,0.029315053,0.0,0.89221865,0.0,0.89221865,0.0,0.89221865,0.0,0.0,0.0,0.0,0.0,0.0,1.0,1.6931901,0.0,0.0,0.0,0.0,0.0,0.0,0.0,0.0,0.89221865,0.0,0.0,0.0,0.0,0.0,0.0,0.0,0.0,0.0,0.0,0.0,0.0,0.0,0.0,0.0,0.0,0.0,0.0,0.0,0.0,0.0,0.0,0.0,0.0,0.0,0.0,0.89221865,0.0,0.0,0.89221865,0.0,0.0,0.89221865,0.89221865,0.0,0.0,0.0
14.729458,4.062891,7.0,0.8612755,1.0509539,0.0,2.0569603,1.0509539,4.9118752,0.0,0.03870849,0.0,0.0,0.8612755,0.0,2.0569603,0.052285958,0.03870849,0.0,0.8612755,1.6108208,3.0,0.0,0.03870849,0.0,0.8612755,0.0,0.8612755,0.0,0.8612755,0.0,0.0,0.0,0.0,0.0,0.0,1.0,1.6108208,0.0,0.0,0.0,0.0,0.0,0.0,0.0,0.0,0.8612755,0.0,0.0,0.0,0.0,0.0,0.0,0.0,0.0,0.0,0.0,0.0,0.0,0.0,0.0,0.0,0.0,0.0,0.0,0.0,0.0,0.0,0.0,0.0,0.0,0.0,0.0,0.8612755,0.0,0.0,0.8612755,0.0,0.0,0.8612755,0.8612755,0.0,0.0,0.0
10.046025,4.0,3.0,1.0,1.9268292,1.7272727,3.0,1.9268292,0.025641026,0.0,1.0,0.0,0.0,0.025641026,0.0,3.0,2.0,1.0,0.0,0.025641026,0.03448276,0.0,0.0,1.0,0.0,0.025641026,0.9047619,0.025641026,0.0,0.025641026,0.0,0.0,0.0,0.0,0.0,0.0,0.0,0.0,1.0,0.0,0.0,0.9047619,0.0,0.0,0.0,0.0,0.0,0.0,0.0,0.0,0.0,0.0,0.0,0.0,0.0,0.0,0.0,0.9047619,0.0,0.0,0.9047619,0.0,0.9047619,0.0,0.0,0.0,0.0,0.0,0.0,0.9047619,0.0,0.0,0.0,0.025641026,0.0,0.0,0.025641026,0.0,0.0,0.0,0.0,0.0,0.0,0.0
10.240876,4.0,3.1791046,1.0,2.0,2.0,3.0,2.0,0.09375,0.0,1.0,0.0,0.0,0.0,0.0,3.0,2.0,1.0,0.0,0.0,0.0,0.0,0.0,1.0,0.0,0.0,1.0,0.0,0.0,0.0,0.0,0.0,0.0,0.0,0.0,0.0,0.0,0.0,0.8181818,0.0,0.0,1.0,0.0,0.0,0.0,0.0,0.0,0.0,0.0,0.0,0.0,0.0,0.0,0.0,0.0,0.0,0.0,1.0,0.0,0.0,1.0,0.0,1.0,0.0,0.0,0.0,0.0,0.0,0.0,0.8181818,0.0,0.0,0.0,0.0,0.0,0.0,0.0,0.0,0.0,0.0,0.0,0.0,0.0,0.0
10.246428,4.0,3.0455892,1.0382818,2.0,2.042862,3.0,2.0,0.0,0.028988805,1.0,0.0,0.0,0.0,0.0,3.0,2.0,1.0,0.0,0.0,0.0,0.0,0.0,1.0,0.028988805,0.0,1.0,0.0,0.0,0.0,0.0,0.03902887,0.0,0.0,0.0,0.028988805,0.0,0.0,1.0,0.0,0.0,0.89332217,0.0,0.0,0.0,0.0,0.0,0.0,0.0,0.0,0.0,0.0,0.0,0.0,0.0,0.0,0.0,0.89332217,0.0,0.0,0.89332217,0.0,0.89332217,0.0,0.0,0.0,0.0,0.028988805,0.028988805,0.89332217,0.0,0.0,0.028988805,0.0,0.028988805,0.0,0.0,0.0,0.0,0.0,0.0,0.0,0.0,0.0
10.704995,4.1495404,3.2141607,1.1070803,2.127135,2.184981,3.0,2.127135,0.0,0.053540178,1.0,0.07268408,0.08850751,0.0,0.07268408,3.0,2.0,1.0,0.07268408,0.0,0.0,0.0,0.053540178,1.0,0.07268408,0.0,1.0,0.0,0.053540178,0.0,0.0,0.082519315,0.0,0.0,0.07268408,0.053540178,0.0,0.0,1.0,0.07268408,0.053540178,0.81547743,0.053540178,0.07268408,0.053540178,0.053540178,0.0,0.0,0.0,0.0,0.0,0.053540178,0.0,0.08850751,0.053540178,0.053540178,0.053540178,0.81547743,0.053540178,0.053540178,0.81547743,0.0,0.81547743,0.0,0.08850751,0.0,0.0,0.053540178,0.053540178,0.81547743,0.08850751,0.0,0.053540178,0.0,0.053540178,0.0,0.0,0.0,0.07268408,0.0,0.0,0.0,0.0,0.0
11.350485,4.2782745,3.4065545,1.2032772,2.2390728,2.3536096,3.0,2.2390728,0.0,0.10163861,1.0,0.14027044,0.17318302,0.0,0.14027044,3.0,2.0,1.0,0.14027044,0.0,0.0,0.0,0.10163861,1.0,0.14027044,0.0,1.0,0.0,0.10163861,0.0,0.0,0.16062053,0.0,0.0,0.14027044,0.10163861,0.0,0.0,1.0,0.14027044,0.10163861,0.68844396,0.10163861,0.14027044,0.10163861,0.10163861,0.0,0.0,0.0,0.0,0.0,0.10163861,0.0,0.17318302,0.10163861,0.10163861,0.10163861,0.68844396,0.10163861,0.10163861,0.68844396,0.0,0.68844396,0.0,0.17318302,0.0,0.0,0.10163861,0.10163861,0.68844396,0.17318302,0.0,0.10163861,0.0,0.10163861,0.0,0.0,0.0,0.14027044,0.0,0.0,0.0,0.0,0.0
10.402408,4.1622577,3.1149685,1.0574843,2.10407,2.10407,3.068197,2.10407,0.0,0.04374182,1.0,0.059185382,0.071873225,0.0,0.059185382,3.0,2.0,1.0,0.059185382,0.0,0.0,0.0,0.04374182,1.0,0.04374182,0.0,1.0,0.0,0.04374182,0.0,0.0,0.059185382,0.0,0.0,0.059185382,0.04374182,0.0,0.0,1.0,0.059185382,0.04374182,1.0,0.04374182,0.059185382,0.04374182,0.04374182,0.0,0.0,0.0,0.0,0.0,0.04374182,0.0,0.0,0.04374182,0.04374182,0.04374182,1.0,0.04374182,0.04374182,1.0,0.0,1.0,0.0,0.0,0.0,0.0,0.04374182,0.04374182,1.0,0.0,0.0,0.04374182,0.0,0.04374182,0.0,0.0,0.0,0.0,0.0,0.0,0.0,0.0,0.0
10.766272,4.3078637,3.2174377,1.1087189,2.197845,2.197845,3.1276863,2.197845,0.0,0.08381731,1.0,0.11496854,0.14120917,0.0,0.11496854,3.0,2.0,1.0,0.11496854,0.0,0.0,0.0,0.08381731,1.0,0.08381731,0.0,1.0,0.0,0.08381731,0.0,0.0,0.11496854,0.0,0.0,0.11496854,0.08381731,0.0,0.0,1.0,0.11496854,0.08381731,1.0,0.08381731,0.11496854,0.08381731,0.08381731,0.0,0.0,0.0,0.0,0.0,0.08381731,0.0,0.0,0.08381731,0.08381731,0.08381731,1.0,0.08381731,0.08381731,1.0,0.0,1.0,0.0,0.0,0.0,0.0,0.08381731,0.08381731,1.0,0.0,0.0,0.08381731,0.0,0.08381731,0.0,0.0,0.0,0.0,0.0,0.0,0.0,0.0,0.0
10.337078,4.1015725,3.0720668,1.0545413,2.0,2.0650945,3.0,2.0,0.0,0.044358898,1.0,0.0,0.0,0.0,0.0,3.0,2.0,1.0,0.0,0.0,0.0,0.0,0.0,1.0,0.027270675,0.0,1.0,0.0,0.0,0.0,0.0,0.0,0.0,0.0,0.0,0.0,0.0,0.0,1.0,0.0,0.0,0.8991667,0.0,0.0,0.0,0.0,0.0,0.0,0.0,0.0,0.0,0.0,0.0,0.0,0.0,0.0,0.0,0.8991667,0.0,0.0,0.8991667,0.0,0.8991667,0.0,0.0,0.0,0.0,0.0,0.0,0.8991667,0.0,0.0,0.0,0.0,0.0,0.0,0.0,0.0,0.0,0.0,0.0,0.0,0.0,0.0
10.611088,4.1826525,3.1293612,1.0986155,2.0,2.117183,3.0,2.0,0.0,0.08129763,1.0,0.0,0.0,0.0,0.0,3.0,2.0,1.0,0.0,0.0,0.0,0.0,0.0,1.0,0.04930779,0.0,1.0,0.0,0.0,0.0,0.0,0.0,0.0,0.0,0.0,0.0,0.0,0.0,1.0,0.0,0.0,0.82818437,0.0,0.0,0.0,0.0,0.0,0.0,0.0,0.0,0.0,0.0,0.0,0.0,0.0,0.0,0.0,0.82818437,0.0,0.0,0.82818437,0.0,0.82818437,0.0,0.0,0.0,0.0,0.0,0.0,0.82818437,0.0,0.0,0.0,0.0,0.0,0.0,0.0,0.0,0.0,0.0,0.0,0.0,0.0,0.0
10.856916,4.3390923,3.300439,1.1236352,2.2138343,2.2524726,3.1615186,2.2138343,0.0,0.08415757,1.0,0.10271798,0.10271798,0.0,0.10271798,3.1615186,2.0,1.0,0.10271798,0.0,0.0,0.0,0.08415757,1.0,0.08415757,0.0,1.0,0.0,0.08415757,0.0,0.0,0.08415757,0.0,0.0,0.10271798,0.0,0.0,0.0,1.0807593,0.08415757,0.08415757,1.0,0.08415757,0.10271798,0.0,0.0,0.0,0.06181757,0.0,0.0,0.0,0.08415757,0.0,0.0,0.08415757,0.08415757,0.08415757,1.0,0.0,0.0,1.0,0.0,1.0,0.0,0.0,0.0,0.0,0.0,0.0,1.0,0.0,0.0,0.0,0.0,0.0,0.0,0.0,0.0,0.0,0.0,0.0,0.0,0.0,0.0
11.620113,4.635802,3.5667121,1.2306828,2.4020817,2.4798133,3.2961895,2.4020817,0.0,0.15993775,1.0,0.1982674,0.1982674,0.0,0.1982674,3.2961895,2.0,1.0,0.1982674,0.0,0.0,0.0,0.15993775,1.0,0.15993775,0.0,1.0,0.0,0.15993775,0.0,0.0,0.15993775,0.0,0.0,0.1982674,0.0,0.0,0.0,1.1480948,0.15993775,0.15993775,1.0,0.15993775,0.1982674,0.0,0.0,0.0,0.115341455,0.0,0.0,0.0,0.15993775,0.0,0.0,0.15993775,0.15993775,0.15993775,1.0,0.0,0.0,1.0,0.0,1.0,0.0,0.0,0.0,0.0,0.0,0.0,1.0,0.0,0.0,0.0,0.0,0.0,0.0,0.0,0.0,0.0,0.0,0.0,0.0,0.0,0.0
12.447942,4.952144,3.8541524,1.343666,2.6039674,2.7290926,3.4333973,2.6039674,0.0,0.24303085,1.0,0.30653659,0.30653659,0.0,0.30653659,3.4333973,2.0,1.0,0.30653659,0.0,0.0,0.0,0.24303085,1.0,0.24303085,0.0,1.0,0.0,0.24303085,0.0,0.0,0.24303085,0.0,0.0,0.30653659,0.0,0.0,0.0,1.2166986,0.24303085,0.24303085,1.0,0.24303085,0.30653659,0.0,0.0,0.0,0.17183295,0.0,0.0,0.0,0.24303085,0.0,0.0,0.24303085,0.24303085,0.24303085,1.0,0.0,0.0,1.0,0.0,1.0,0.0,0.0,0.0,0.0,0.0,0.0,1.0,0.0,0.0,0.0,0.0,0.0,0.0,0.0,0.0,0.0,0.0,0.0,0.0,0.0,0.0
13.158416,3.7619047,4.769231,1.2222222,1.1428572,2.0,2.75,1.1428572,2.387097,0.0,0.6666667,0.0,0.0,0.11111111,0.0,1.5,1.1428572,0.6666667,0.0,0.0,0.11111111,0.6666667,0.0,0.6666667,0.0,0.11111111,0.6666667,0.0,0.0,0.0,0.0,0.0,0.0,0.0,0.0,0.0,0.0,0.11111111,0.0,0.0,0.0,0.6666667,0.0,0.0,0.0,0.0,0.11111111,0.0,0.0,0.0,0.11111111,0.0,0.0,0.0,0.0,0.0,0.0,0.6666667,0.0,0.0,0.6666667,0.0,0.6666667,0.0,0.0,0.0,0.0,0.0,0.0,0.0,0.0,0.0,0.0,0.0,0.0,0.0,0.0,0.0,0.0,0.0,0.0,0.0,0.0,0.0
16.0,3.0,4.0,2.0,1.0,2.0,3.0,0.0,6.0,0.0,1.0,0.0,0.0,0.0,0.0,0.0,0.0,1.0,0.0,0.0,0.0,0.0,0.0,0.0,0.0,0.0,0.0,0.0,0.0,0.0,1.0,0.0,0.0,0.0,0.0,0.0,0.0,0.0,0.0,0.0,0.0,0.0,0.0,0.0,0.0,0.0,0.0,0.0,0.0,0.0,0.0,0.0,0.0,0.0,0.0,0.0,0.0,0.0,0.0,0.0,0.0,0.0,0.0,0.0,0.0,0.0,0.0,0.0,0.0,0.0,0.0,0.0,0.0,0.0,0.0,0.0,0.0,0.0,0.0,0.0,0.0,0.0,0.0,0.0
11.557139,4.5762305,3.5356581,1.2022916,2.3716428,2.3716428,3.2333105,2.3716428,0.15980025,0.15980025,1.0,0.22505493,0.2827948,0.0,0.22505493,3.0,2.0,1.0,0.22505493,0.0,0.0,0.0,0.15980025,1.0,0.15980025,0.0,1.0,0.0,0.15980025,0.0,0.0,0.22505493,0.0,0.0,0.22505493,0.15980025,0.0,0.0,0.5679325,0.22505493,0.15980025,1.0,0.15980025,0.22505493,0.15980025,0.15980025,0.0,0.0,0.0,0.0,0.0,0.15980025,0.0,0.22505493,0.15980025,0.15980025,0.15980025,0.5679325,0.15980025,0.15980025,0.5679325,0.0,0.5679325,0.0,0.0,0.0,0.0,0.0,0.0,0.5679325,0.22505493,0.0,0.0,0.0,0.0,0.0,0.0,0.0,0.15980025,0.0,0.0,0.0,0.0,0.0
10.267494,4.0,3.076618,1.038309,2.0,2.0692213,3.0,2.0,0.0,0.03905704,1.0,0.0,0.0,0.0,0.0,3.0,2.0,1.0,0.0,0.0,0.0,0.0,0.0,1.0,0.029009523,0.0,1.0,0.0,0.029009523,0.0,0.0,0.03905704,0.0,0.0,0.0,0.029009523,0.0,0.0,1.0,0.0,0.0,0.893252,0.0,0.0,0.0,0.0,0.0,0.0,0.0,0.0,0.0,0.0,0.0,0.0,0.0,0.0,0.0,0.893252,0.0,0.0,0.893252,0.0,0.893252,0.0,0.0,0.0,0.0,0.029009523,0.029009523,0.893252,0.0,0.0,0.029009523,0.0,0.029009523,0.0,0.0,0.0,0.0,0.0,0.0,0.0,0.0,0.0
10.261336,4.086727,3.0483158,1.0405899,2.0,2.0454333,3.0,2.0,0.0,0.04143078,1.0,0.0,0.0,0.0,0.0,3.0,2.0,1.0,0.0,0.0,0.0,0.0,0.0,1.0,0.030754538,0.0,1.0,0.0,0.0,0.0,0.0,0.04143078,0.0,0.0,0.0,0.030754538,0.0,0.0,1.0,0.0,0.0,0.8873732,0.0,0.0,0.0,0.0,0.0,0.0,0.0,0.0,0.0,0.0,0.0,0.0,0.0,0.0,0.0,0.8873732,0.0,0.0,0.8873732,0.0,0.8873732,0.0,0.0,0.0,0.0,0.030754538,0.030754538,0.8873732,0.0,0.0,0.030754538,0.0,0.030754538,0.0,0.0,0.0,0.0,0.0,0.0,0.030754538,0.0,0.0
6.834677,1.2456516,5.391535,0.113706365,1.2274127,0.13962284,0.08292256,1.2274127,4.0,1.1075896,0.0,1.2023704,0.15110286,0.0,0.12976404,0.0,0.0,0.0,0.12976404,1.0,0.0,3.0,0.113706365,0.0,0.08292256,0.0,0.0,0.0,0.08292256,0.0,0.0,0.113706365,0.08292256,1.0,0.113706365,0.08292256,1.0,0.0,0.0,0.113706365,0.08292256,0.08292256,0.08292256,0.113706365,0.08292256,0.08292256,0.0,0.0,0.08292256,0.0,0.0,0.08292256,0.08292256,0.0,0.08292256,0.08292256,0.08292256,0.0,0.08292256,0.08292256,0.0,0.0,0.0,0.08292256,0.0,0.0,0.0,0.0,0.0,0.0,0.0,0.0,0.0,0.0,0.0,0.0,0.0,0.0,0.0,0.0,0.0,0.0,0.0,0.0
7.6285014,1.4807448,5.7304015,0.22080918,1.4416183,0.27721325,0.15694326,1.4416183,4.0,1.1988547,0.0,1.3888699,0.3030142,0.0,0.25546136,0.0,0.0,0.0,0.25546136,1.0,0.0,3.0,0.22080918,0.0,0.15694326,0.0,0.0,0.0,0.15694326,0.0,0.0,0.22080918,0.15694326,1.0,0.22080918,0.15694326,1.0,0.0,0.0,0.22080918,0.15694326,0.15694326,0.15694326,0.22080918,0.15694326,0.15694326,0.0,0.0,0.15694326,0.0,0.0,0.15694326,0.15694326,0.0,0.15694326,0.15694326,0.15694326,0.0,0.15694326,0.15694326,0.0,0.0,0.0,0.15694326,0.0,0.0,0.0,0.0,0.0,0.0,0.0,0.0,0.0,0.0,0.0,0.0,0.0,0.0,0.0,0.0,0.0,0.0,0.0,0.0
11.137931,2.030303,8.9723,0.016949153,2.0,0.016949153,0.012658228,2.0,6.9715304,2.0,0.0,3.0,2.0,0.012658228,1.0,0.0,0.0,0.0,0.0,2.030303,0.016949153,4.8536587,1.0,0.0,0.0,0.012658228,0.0,0.012658228,0.0,0.012658228,0.0,0.0,2.018868,1.8571428,0.0,0.0,0.9512195,0.016949153,0.0,0.0,0.0,0.0,0.0,0.0,0.0,0.0,0.012658228,0.012658228,2.018868,0.0,0.016949153,0.0,1.962963,0.0,0.0,0.0,0.0,0.0,0.0,0.0,0.0,1.0168067,0.0,0.0,0.0,0.0,2.0,0.0,0.0,0.0,0.0,1.8571428,0.0,0.016949153,0.0,0.0,0.016949153,0.0,0.0,0.016949153,0.016949153,0.0,0.0,0.0
11.27907,2.0612245,8.944752,0.03448276,2.0,0.03448276,0.025641026,2.0,6.9432626,2.0,0.0,3.0,2.0,0.025641026,1.0,0.0,0.0,0.0,0.0,2.0612245,0.03448276,4.714286,1.0,0.0,0.0,0.025641026,0.0,0.025641026,0.0,0.025641026,0.0,0.0,2.0379746,1.7272727,0.0,0.0,0.9047619,0.03448276,0.0,0.0,0.0,0.0,0.0,0.0,0.0,0.0,0.025641026,0.025641026,2.0379746,0.0,0.03448276,0.0,1.9268292,0.0,0.0,0.0,0.0,0.0,0.0,0.0,0.0,1.0338984,0.0,0.0,0.0,0.0,2.0,0.0,0.0,0.0,0.0,1.7272727,0.0,0.03448276,0.0,0.0,0.03448276,0.0,0.0,0.03448276,0.03448276,0.0,0.0,0.0
11.42353,2.0927835,8.917356,0.05263158,2.0,0.05263158,0.038961038,2.0,6.9151945,2.0,0.0,3.0,2.0,0.038961038,1.0,0.0,0.0,0.0,0.0,2.0927835,0.05263158,4.581395,1.0,0.0,0.0,0.038961038,0.0,0.038961038,0.0,0.038961038,0.0,0.0,2.057325,1.6086956,0.0,0.0,0.8604651,0.05263158,0.0,0.0,0.0,0.0,0.0,0.0,0.0,0.0,0.038961038,0.038961038,2.057325,0.0,0.05263158,0.0,1.8915663,0.0,0.0,0.0,0.0,0.0,0.0,0.0,0.0,1.051282,0.0,0.0,0.0,0.0,2.0,0.0,0.0,0.0,0.0,1.6086956,0.0,0.05263158,0.0,0.0,0.05263158,0.0,0.0,0.05263158,0.05263158,0.0,0.0,0.0
6.0,1.0,5.0,0.0,1.0,0.0,0.0,1.0,4.0,1.0,0.0,1.0,0.0,0.0,0.0,0.0,0.0,0.0,0.0,1.0,0.0,3.0,0.0,0.0,0.0,0.0,0.0,0.0,0.0,0.0,0.0,0.0,0.0,1.0,0.0,0.0,1.0,0.0,0.0,0.0,0.0,0.0,0.0,0.0,0.0,0.0,0.0,0.0,0.0,0.0,0.0,0.0,0.0,0.0,0.0,0.0,0.0,0.0,0.0,0.0,0.0,0.0,0.0,0.0,0.0,0.0,0.0,0.0,0.0,0.0,0.0,0.0,0.0,0.0,0.0,0.0,0.0,0.0,0.0,0.0,0.0,0.0,0.0,0.0
6.106599,1.0242915,5.0728745,0.013513514,1.0134228,0.013513514,0.01010101,1.0134228,4.0623055,1.0134228,0.0,1.020202,0.013513514,0.01010101,0.01010101,0.0,0.0,0.0,0.0,1.020202,0.013513514,3.048583,0.01010101,0.0,0.0,0.01010101,0.0,0.01010101,0.0,0.01010101,0.0,0.0,0.013513514,1.020202,0.0,0.0,1.027027,0.013513514,0.0,0.0,0.0,0.0,0.0,0.0,0.0,0.0,0.01010101,0.01010101,0.013513514,0.0,0.013513514,0.0,0.01010101,0.0,0.0,0.0,0.0,0.0,0.0,0.0,0.0,0.01010101,0.0,0.01010101,0.0,0.01010101,0.015228426,0.0,0.0,0.0,0.0,0.013513514,0.0,0.013513514,0.0,0.01010101,0.01010101,0.0,0.0,0.013513514,0.01010101,0.0,0.0,0.0
6.1532474,1.0218925,5.0656776,0.014594998,1.0072975,0.014594998,0.007297499,1.0072975,4.05838,1.0072975,0.0,1.014595,0.014594998,0.007297499,0.007297499,0.0,0.0,0.0,0.0,1.014595,0.014594998,3.043785,0.007297499,0.0,0.0,0.007297499,0.0,0.007297499,0.0,0.007297499,0.0,0.0,0.014594998,1.014595,0.0,0.0,1.02919,0.014594998,0.0,0.0,0.0,0.0,0.0,0.0,0.0,0.0,0.007297499,0.007297499,0.014594998,0.0,0.014594998,0.0,0.007297499,0.0,0.0,0.0,0.0,0.0,0.0,0.0,0.0,0.007297499,0.0,0.007297499,0.0,0.007297499,0.021892497,0.0,0.0,0.0,0.0,0.014594998,0.0,0.014594998,0.0,0.007297499,0.007297499,0.0,0.0,0.014594998,0.007297499,0.0,0.0,0.0
22.0,2.0,20.0,0.0,2.0,0.0,0.0,2.0,18.0,2.0,0.0,3.0,2.0,0.0,1.0,0.0,0.0,0.0,0.0,2.0,0.0,16.0,1.0,0.0,0.0,0.0,0.0,0.0,0.0,0.0,0.0,0.0,2.0,2.0,0.0,0.0,12.0,0.0,0.0,0.0,0.0,0.0,0.0,0.0,0.0,0.0,0.0,0.0,2.0,0.0,0.0,0.0,2.0,0.0,0.0,0.0,0.0,0.0,0.0,0.0,0.0,1.0,0.0,1.0,0.0,0.0,2.0,0.0,0.0,0.0,0.0,2.0,0.0,0.0,0.0,1.0,0.0,0.0,0.0,0.0,0.0,0.0,1.0,0.0
21.97,2.0,19.79,0.03,1.97,0.0,0.0,1.97,17.79,2.0,0.0,3.0,2.0,0.03,1.0,0.0,0.0,0.0,0.0,1.97,0.06,15.79,1.0,0.0,0.0,0.03,0.0,0.03,0.0,0.03,0.0,0.0,2.0,1.94,0.0,0.0,11.85,0.0,0.0,0.0,0.0,0.0,0.0,0.0,0.0,0.0,0.0,0.0,2.0,0.0,0.0,0.0,1.97,0.0,0.0,0.0,0.0,0.0,0.0,0.0,0.0,1.0,0.0,1.0,0.0,0.0,1.97,0.0,0.0,0.0,0.0,1.94,0.0,0.03,0.0,1.0,0.03,0.0,0.0,0.0,0.0,0.0,0.97,0.0
12.0,2.0,10.0,0.0,2.0,0.0,0.0,2.0,8.0,2.0,0.0,3.0,2.0,0.0,1.0,0.0,0.0,0.0,0.0,2.0,0.0,6.0,1.0,0.0,0.0,0.0,0.0,0.0,0.0,0.0,0.0,0.0,2.0,2.0,0.0,0.0,2.0,0.0,0.0,0.0,0.0,0.0,0.0,0.0,0.0,0.0,0.0,0.0,2.0,0.0,0.0,0.0,2.0,0.0,0.0,0.0,0.0,0.0,0.0,0.0,0.0,1.0,0.0,1.0,0.0,0.0,2.0,0.0,0.0,0.0,0.0,2.0,0.0,0.0,0.0,1.0,0.0,0.0,0.0,0.0,0.0,0.0,1.0,0.0
12.118345,2.0215173,10.0,0.02151731,2.0,0.02151731,0.010758655,2.0,8.0,2.0,0.0,3.0,2.0,0.010758655,1.0,0.0,0.0,0.0,0.0,2.0107586,0.02151731,5.989241,1.0,0.0,0.0,0.010758655,0.0,0.010758655,0.0,0.010758655,0.0,0.0,2.0,2.0107586,0.0,0.0,1.9892414,0.02151731,0.0,0.0,0.0,0.0,0.0,0.0,0.0,0.0,0.010758655,0.010758655,2.0,0.0,0.02151731,0.0,1.9892414,0.0,0.0,0.0,0.0,0.0,0.0,0.0,0.0,1.0,0.0,1.0,0.0,0.010758655,2.0107586,0.0,0.0,0.0,0.0,2.0,0.0,0.02151731,0.0,1.0,0.010758655,0.0,0.0,0.02151731,0.010758655,0.0,0.98924136,0.0
12.178359,2.032429,10.0,0.032428864,2.0,0.032428864,0.016214432,2.0,8.0,2.0,0.0,3.0,2.0,0.016214432,1.0,0.0,0.0,0.0,0.0,2.0162144,0.032428864,5.9837856,1.0,0.0,0.0,0.016214432,0.0,0.016214432,0.0,0.016214432,0.0,0.0,2.0,2.0162144,0.0,0.0,1.9837855,0.032428864,0.0,0.0,0.0,0.0,0.0,0.0,0.0,0.0,0.016214432,0.016214432,2.0,0.0,0.032428864,0.0,1.9837855,0.0,0.0,0.0,0.0,0.0,0.0,0.0,0.0,1.0,0.0,1.0,0.0,0.016214432,2.0162144,0.0,0.0,0.0,0.0,2.0,0.0,0.032428864,0.0,1.0,0.016214432,0.0,0.0,0.032428864,0.016214432,0.0,0.98378557,0.0
20.174353,2.021794,18.010897,0.02179415,2.0,0.02179415,0.0435883,2.0,16.010897,2.0435884,0.02179415,3.0762796,2.0871766,0.0,1.0,0.0,0.0,0.0,0.010897075,1.9782058,0.0,13.989103,1.0980737,0.0,0.0,0.0,0.0,0.0,0.0,0.0,0.02179415,0.0,2.0326912,1.9782058,0.0,0.0,9.989103,0.0,0.0,0.0,0.0,0.0,0.0,0.0,0.0,0.0,0.0,0.0,2.0435884,0.0,0.0,0.0,1.989103,0.0,0.0,0.0,0.0,0.0,0.0,0.0,0.0,0.9891029,0.0,1.0,0.0,0.0,1.9782058,0.0,0.0,0.0,0.0,1.9782058,0.0,0.0,0.0,0.9891029,0.0,0.010897075,0.0,0.0,0.0,0.0,0.9891029,0.0
20.351976,2.043997,18.022,0.043996975,2.0,0.043996975,0.08799395,2.0,16.022,2.0879939,0.043996975,3.1539893,2.175988,0.0,1.0,0.0,0.0,0.0,0.021998487,1.9560031,0.0,13.978002,1.1979864,0.0,0.0,0.0,0.0,0.0,0.0,0.0,0.043996975,0.0,2.0659955,1.9560031,0.0,0.0,9.978002,0.0,0.0,0.0,0.0,0.0,0.0,0.0,0.0,0.0,0.0,0.0,2.0879939,0.0,0.0,0.0,1.9780015,0.0,0.0,0.0,0.0,0.0,0.0,0.0,0.0,0.97800153,0.0,1.0,0.0,0.0,1.9560031,0.0,0.0,0.0,0.0,1.9560031,0.0,0.0,0.0,0.97800153,0.0,0.021998487,0.0,0.0,0.0,0.0,0.97800153,0.0
7.4545455,1.3636364,5.3636365,0.18181819,1.2727273,0.36363637,0.09090909,1.2727273,4.0,1.1818181,0.0,1.3636364,0.54545456,0.0,0.27272728,0.0,0.0,0.0,0.27272728,0.90909094,0.0,3.0,0.18181819,0.0,0.09090909,0.0,0.0,0.0,0.09090909,0.0,0.0,0.18181819,0.09090909,0.90909094,0.18181819,0.09090909,1.0,0.0,0.0,0.18181819,0.09090909,0.09090909,0.09090909,0.18181819,0.09090909,0.09090909,0.0,0.0,0.09090909,0.0,0.0,0.09090909,0.09090909,0.0,0.09090909,0.09090909,0.09090909,0.0,0.09090909,0.09090909,0.0,0.0,0.0,0.09090909,0.0,0.0,0.0,0.0,0.0,0.0,0.0,0.0,0.0,0.0,0.0,0.0,0.0,0.0,0.0,0.0,0.0,0.0,0.0,0.0
8.086957,1.5217391,5.521739,0.26086956,1.3913044,0.5217391,0.13043478,1.3913044,4.0,1.2608696,0.0,1.5217391,0.7826087,0.0,0.39130434,0.0,0.0,0.0,0.39130434,0.8695652,0.0,3.0,0.26086956,0.0,0.13043478,0.0,0.0,0.0,0.13043478,0.0,0.0,0.26086956,0.13043478,0.8695652,0.26086956,0.13043478,1.0,0.0,0.0,0.26086956,0.13043478,0.13043478,0.13043478,0.26086956,0.13043478,0.13043478,0.0,0.0,0.13043478,0.0,0.0,0.13043478,0.13043478,0.0,0.13043478,0.13043478,0.13043478,0.0,0.13043478,0.13043478,0.0,0.0,0.0,0.13043478,0.0,0.0,0.0,0.0,0.0,0.0,0.0,0.0,0.0,0.0,0.0,0.0,0.0,0.0,0.0,0.0,0.0,0.0,0.0,0.0
6.3168316,1.039604,5.019802,0.04950495,1.009901,0.01980198,0.01980198,1.009901,4.0,1.029703,0.0,1.0,0.00990099,0.00990099,0.00990099,0.0,0.0,0.0,0.0,1.009901,0.00990099,3.0,0.0,0.0,0.0,0.00990099,0.0,0.0,0.0,0.0,0.0,0.0,0.00990099,1.009901,0.0,0.0,1.0,0.01980198,0.0,0.0,0.0,0.0,0.0,0.0,0.0,0.0,0.01980198,0.0,0.0,0.0,0.01980198,0.0,0.00990099,0.0,0.0,0.0,0.0,0.0,0.0,0.0,0.0,0.0,0.0,0.0,0.0,0.0,0.0,0.0,0.0,0.0,0.0,0.0,0.0,0.0,0.0,0.0,0.0,0.0,0.0,0.0,0.0,0.0,0.0,0.0
6.5544553,1.0792079,5.039604,0.089108914,1.009901,0.05940594,0.03960396,1.009901,4.0,1.029703,0.0,1.019802,0.02970297,0.02970297,0.00990099,0.0,0.0,0.0,0.01980198,1.009901,0.04950495,3.0,0.0,0.0,0.0,0.02970297,0.0,0.01980198,0.0,0.01980198,0.0,0.0,0.00990099,1.009901,0.0,0.0,1.0,0.05940594,0.0,0.0,0.0,0.0,0.0,0.0,0.0,0.0,0.03960396,0.01980198,0.0,0.0,0.05940594,0.0,0.00990099,0.0,0.0,0.0,0.0,0.0,0.0,0.0,0.0,0.0,0.0,0.0,0.0,0.0,0.0,0.0,0.0,0.0,0.0,0.0,0.0,0.0,0.0,0.0,0.0,0.0,0.0,0.0,0.0,0.0,0.0,0.0
6.19802,1.019802,5.019802,0.02970297,1.009901,0.01980198,0.0,1.009901,4.0,1.019802,0.0,1.019802,0.01980198,0.00990099,0.00990099,0.0,0.0,0.0,0.00990099,0.990099,0.01980198,3.0,0.00990099,0.0,0.00990099,0.01980198,0.0,0.00990099,0.0,0.01980198,0.0,0.01980198,0.00990099,0.990099,0.0,0.00990099,1.0,0.0,0.0,0.00990099,0.0,0.0,0.0,0.0,0.0,0.0,0.0,0.0,0.00990099,0.0,0.0,0.0,0.00990099,0.0,0.0,0.0,0.0,0.0,0.0,0.0,0.0,0.0,0.0,0.00990099,0.0,0.0,0.0,0.0,0.0,0.0,0.0,0.0,0.0,0.0,0.0,0.0,0.0,0.0,0.0,0.0,0.0,0.0,0.0,0.0
11.212068,4.8484917,3.303017,1.1515085,2.0,2.303017,3.8484914,2.0,0.0,0.0,1.0,0.0,0.0,0.0,0.0,3.8484914,2.0,1.0,0.0,0.0,0.0,0.0,0.0,1.0,0.15150848,0.0,1.8484915,0.0,0.15150848,0.0,0.0,0.15150848,0.0,0.0,0.30301696,0.0,0.0,0.0,1.0,0.0,0.15150848,0.8484915,0.0,0.0,0.0,0.0,0.0,0.0,0.0,0.0,0.0,0.0,0.0,0.0,0.15150848,0.15150848,0.0,1.696983,0.0,0.0,0.8484915,0.0,0.8484915,0.0,0.0,0.0,0.0,0.0,0.15150848,0.8484915,0.0,0.0,0.0,0.0,0.0,0.0,0.0,0.0,0.0,0.0,0.0,0.0,0.0,0.0
12.580554,4.6774306,3.6451385,1.3225693,2.0,2.6451385,3.6774306,2.0,0.0,0.0,1.0,0.0,0.0,0.0,0.0,3.6774306,2.0,1.0,0.0,0.0,0.0,0.0,0.0,1.0,0.3225693,0.0,1.6774307,0.0,0.3225693,0.0,0.0,0.3225693,0.0,0.0,0.6451386,0.0,0.0,0.0,1.0,0.0,0.3225693,0.6774307,0.0,0.0,0.0,0.0,0.0,0.0,0.0,0.0,0.0,0.0,0.0,0.0,0.3225693,0.3225693,0.0,1.3548614,0.0,0.0,0.6774307,0.0,0.6774307,0.0,0.0,0.0,0.0,0.0,0.3225693,0.6774307,0.0,0.0,0.0,0.0,0.0,0.0,0.0,0.0,0.0,0.0,0.0,0.0,0.0,0.0
10.46,4.08,3.02,1.08,2.02,2.06,3.06,2.02,0.0,0.0,1.02,0.0,0.0,0.02,0.0,2.98,2.0,1.02,0.0,0.0,0.04,0.0,0.0,0.98,0.0,0.04,1.02,0.02,0.02,0.04,0.02,0.0,0.0,0.0,0.04,0.0,0.0,0.04,0.98,0.0,0.02,0.98,0.0,0.0,0.0,0.0,0.04,0.02,0.0,0.04,0.04,0.0,0.0,0.0,0.0,0.0,0.0,0.98,0.0,0.0,0.98,0.0,0.98,0.0,0.0,0.0,0.0,0.0,0.0,0.98,0.0,0.0,0.0,0.0,0.0,0.0,0.0,0.0,0.0,0.0,0.0,0.0,0.0,0.0
11.15,4.2,3.05,1.2,2.05,2.15,3.15,2.05,0.0,0.0,1.05,0.0,0.0,0.05,0.0,2.95,2.0,1.05,0.0,0.0,0.1,0.0,0.0,0.95,0.0,0.1,1.05,0.05,0.05,0.1,0.05,0.0,0.0,0.0,0.1,0.0,0.0,0.1,0.95,0.0,0.05,0.95,0.0,0.0,0.0,0.0,0.1,0.05,0.0,0.1,0.1,0.0,0.0,0.0,0.0,0.0,0.0,0.95,0.0,0.0,0.95,0.0,0.95,0.0,0.0,0.0,0.0,0.0,0.0,0.95,0.0,0.0,0.0,0.0,0.0,0.0,0.0,0.0,0.0,0.0,0.0,0.0,0.0,0.0
8.05,4.01,5.99,0.01,1.99,0.0,3.0,1.99,3.99,0.0,1.0,0.0,0.0,0.01,0.0,3.0,2.0,1.0,0.0,1.99,0.02,1.99,0.0,1.0,0.0,0.01,0.0,0.01,0.0,0.01,0.0,0.0,0.0,1.98,0.0,0.0,0.0,0.02,0.0,0.0,0.0,0.0,0.0,0.0,0.0,0.0,0.0,0.0,0.0,0.0,0.0,0.0,0.0,0.0,0.0,0.0,0.0,0.0,0.0,0.0,0.0,0.0,0.0,0.0,0.0,0.0,0.0,0.0,0.0,0.0,0.0,0.0,0.0,0.01,0.0,0.0,0.01,0.0,0.0,0.0,0.0,0.0,0.0,0.0
8.1,4.02,5.98,0.02,1.98,0.0,3.0,1.98,3.98,0.0,1.0,0.0,0.0,0.02,0.0,3.0,2.0,1.0,0.0,1.98,0.04,1.98,0.0,1.0,0.0,0.02,0.0,0.02,0.0,0.02,0.0,0.0,0.0,1.96,0.0,0.0,0.0,0.04,0.0,0.0,0.0,0.0,0.0,0.0,0.0,0.0,0.0,0.0,0.0,0.0,0.0,0.0,0.0,0.0,0.0,0.0,0.0,0.0,0.0,0.0,0.0,0.0,0.0,0.0,0.0,0.0,0.0,0.0,0.0,0.0,0.0,0.0,0.0,0.02,0.0,0.0,0.02,0.0,0.0,0.0,0.0,0.0,0.0,0.0
28.621662,4.9554896,9.022255,2.9332345,2.9777448,1.9554898,1.0,2.9777448,5.0667653,3.9554896,0.0,3.9554896,2.9332345,0.9777449,1.9554898,1.0,0.0,0.0,0.9777449,1.0222552,1.9554898,3.0667655,0.9777449,0.0,0.0,0.9777449,0.9777449,0.9777449,0.0,0.9777449,0.0,0.0,1.9554898,0.044510286,0.0,0.0,1.0222552,0.0,0.0,0.0,0.0,0.0,0.0,0.0,0.0,0.0,0.0,0.0,0.9777449,0.0,0.0,0.0,0.9777449,0.0,0.0,0.0,0.0,0.0,0.0,0.0,0.0,0.0,0.0,0.9777449,0.0,0.0,0.0,0.0,0.0,0.0,0.0,0.0,0.0,0.9777449,0.0,0.0,0.9777449,0.0,0.0,0.0,0.0,0.0,0.0,0.0
61.816383,4.7675767,0.7747439,10.147781,0.15494879,0.0,0.0,0.15494879,0.61979514,11.225256,0.0,0.23242317,0.15494879,4.612628,0.07747439,0.0,0.0,0.0,0.0,0.15494879,4.612628,0.46484634,0.07747439,0.0,0.0,4.612628,0.0,0.0,0.0,0.0,0.0,0.0,0.15494879,0.15494879,0.0,0.0,0.15494879,0.0,0.0,0.0,0.0,0.0,0.0,0.0,0.0,0.0,0.0,0.0,0.15494879,0.0,0.0,0.0,0.15494879,0.0,0.0,0.0,0.0,0.0,0.0,0.0,0.0,0.07747439,0.0,0.07747439,0.0,0.0,0.15494879,0.0,0.0,0.0,0.0,0.15494879,0.0,0.0,0.0,0.07747439,0.0,0.0,0.0,0.0,0.0,0.0,0.07747439,0.0
2.0,1.0,1.0,0.0,0.0,0.0,1.0,0.0,0.0,0.0,0.0,0.0,0.0,0.0,0.0,1.0,0.0,0.0,0.0,0.0,0.0,0.0,0.0,0.0,0.0,0.0,0.0,0.0,0.0,0.0,0.0,0.0,0.0,0.0,0.0,0.0,0.0,0.0,0.0,0.0,0.0,0.0,0.0,0.0,0.0,0.0,0.0,0.0,0.0,0.0,0.0,0.0,0.0,0.0,0.0,0.0,0.0,0.0,0.0,0.0,0.0,0.0,0.0,0.0,0.0,0.0,0.0,0.0,0.0,0.0,0.0,0.0,0.0,0.0,0.0,0.0,0.0,0.0,0.0,0.0,0.0,0.0,0.0,0.0
3.0,2.0,2.0,0.0,1.0,0.0,1.0,1.0,1.0,0.0,0.0,0.0,0.0,0.0,0.0,1.0,0.0,0.0,0.0,1.0,0.0,0.0,0.0,0.0,0.0,0.0,0.0,0.0,0.0,0.0,0.0,0.0,0.0,0.0,0.0,0.0,0.0,0.0,0.0,0.0,0.0,0.0,0.0,0.0,0.0,0.0,0.0,0.0,0.0,0.0,0.0,0.0,0.0,0.0,0.0,0.0,0.0,0.0,0.0,0.0,0.0,0.0,0.0,0.0,0.0,0.0,0.0,0.0,0.0,0.0,0.0,0.0,0.0,0.0,0.0,0.0,0.0,0.0,0.0,0.0,0.0,0.0,0.0,0.0
27.0,4.0,6.0,4.0,1.0,4.0,2.0,2.0,8.0,1.0,0.0,0.0,0.0,1.0,0.0,0.0,0.0,0.0,0.0,1.0,0.0,4.0,0.0,0.0,0.0,0.0,0.0,0.0,1.0,0.0,0.0,0.0,0.0,3.0,1.0,0.0,0.0,0.0,0.0,0.0,0.0,0.0,0.0,0.0,0.0,0.0,0.0,0.0,0.0,0.0,0.0,0.0,0.0,0.0,0.0,0.0,0.0,0.0,0.0,0.0,0.0,0.0,0.0,0.0,0.0,0.0,0.0,0.0,0.0,0.0,0.0,0.0,0.0,0.0,0.0,0.0,0.0,0.0,0.0,0.0,0.0,0.0,0.0,0.0
21.0,3.0,4.0,3.0,0.0,2.0,2.0,0.0,6.0,1.0,0.0,0.0,0.0,1.0,0.0,0.0,0.0,0.0,0.0,0.0,0.0,0.0,0.0,0.0,0.0,0.0,0.0,0.0,0.0,0.0,0.0,0.0,0.0,0.0,0.0,0.0,0.0,0.0,0.0,0.0,0.0,0.0,0.0,0.0,0.0,0.0,0.0,0.0,0.0,0.0,0.0,0.0,0.0,0.0,0.0,0.0,0.0,0.0,0.0,0.0,0.0,0.0,0.0,0.0,0.0,0.0,0.0,0.0,0.0,0.0,0.0,0.0,0.0,0.0,0.0,0.0,0.0,0.0,0.0,0.0,0.0,0.0,0.0,0.0
5.0,2.0,3.0,0.0,1.0,0.0,2.0,1.0,3.0,0.0,1.0,0.0,0.0,0.0,0.0,1.0,1.0,1.0,0.0,2.0,0.0,0.0,0.0,0.0,0.0,0.0,0.0,0.0,0.0,0.0,0.0,0.0,0.0,0.0,0.0,0.0,0.0,0.0,0.0,0.0,0.0,0.0,0.0,0.0,0.0,0.0,0.0,0.0,0.0,0.0,0.0,0.0,0.0,0.0,0.0,0.0,0.0,0.0,0.0,0.0,0.0,0.0,0.0,0.0,0.0,0.0,0.0,0.0,0.0,0.0,0.0,0.0,0.0,0.0,0.0,0.0,0.0,0.0,0.0,0.0,0.0,0.0,0.0,0.0
16.0,4.0,4.0,2.0,2.0,4.0,3.0,2.0,0.0,0.0,1.0,0.0,0.0,0.0,0.0,3.0,2.0,1.0,0.0,0.0,0.0,0.0,0.0,1.0,0.0,0.0,3.0,0.0,0.0,0.0,0.0,0.0,0.0,0.0,0.0,0.0,0.0,0.0,0.0,0.0,0.0,1.0,0.0,0.0,0.0,0.0,0.0,0.0,0.0,0.0,0.0,0.0,0.0,0.0,0.0,0.0,0.0,3.0,0.0,0.0,1.0,0.0,2.0,0.0,0.0,0.0,0.0,0.0,0.0,0.0,0.0,0.0,0.0,0.0,0.0,0.0,0.0,0.0,0.0,0.0,0.0,0.0,0.0,0.0
69.0,12.0,12.0,10.0,6.0,12.0,9.0,6.0,6.0,2.0,4.0,4.0,6.0,1.0,4.0,2.0,2.0,2.0,4.0,0.0,2.0,0.0,2.0,0.0,2.0,2.0,2.0,1.0,2.0,2.0,3.0,4.0,0.0,0.0,4.0,2.0,0.0,2.0,0.0,3.0,2.0,2.0,2.0,4.0,1.0,1.0,2.0,2.0,0.0,2.0,2.0,2.0,0.0,0.0,2.0,2.0,2.0,2.0,1.0,1.0,2.0,0.0,0.0,0.0,0.0,0.0,0.0,2.0,0.0,0.0,0.0,0.0,0.0,0.0,0.0,0.0,0.0,0.0,0.0,0.0,0.0,0.0,0.0,0.0
57.0,10.0,15.0,7.0,5.0,11.0,7.0,5.0,4.0,2.0,3.0,6.0,12.0,1.0,0.0,3.0,3.0,3.0,4.0,0.0,2.0,3.0,6.0,0.0,2.0,2.0,3.0,1.0,2.0,2.0,1.0,2.0,4.0,0.0,0.0,0.0,1.0,2.0,0.0,4.0,0.0,1.0,2.0,0.0,2.0,0.0,2.0,1.0,4.0,3.0,2.0,2.0,4.0,0.0,2.0,0.0,0.0,3.0,2.0,0.0,3.0,0.0,0.0,0.0,0.0,0.0,0.0,0.0,0.0,0.0,0.0,0.0,0.0,0.0,0.0,0.0,0.0,0.0,0.0,0.0,0.0,0.0,0.0,0.0
46.0,7.0,17.0,5.0,4.0,0.0,4.0,4.0,24.0,2.0,2.0,4.0,6.0,1.0,4.0,0.0,0.0,0.0,0.0,8.0,3.0,30.0,2.0,0.0,0.0,3.0,0.0,3.0,0.0,6.0,0.0,0.0,10.0,12.0,0.0,0.0,34.0,0.0,0.0,0.0,0.0,0.0,0.0,0.0,0.0,0.0,0.0,0.0,4.0,0.0,0.0,0.0,15.0,0.0,0.0,0.0,0.0,0.0,0.0,0.0,0.0,4.0,0.0,10.0,0.0,4.0,4.0,0.0,0.0,0.0,0.0,2.0,0.0,0.0,0.0,6.0,0.0,0.0,0.0,0.0,0.0,0.0,0.0,0.0
40.0,7.0,10.0,5.0,4.0,0.0,4.0,4.0,14.0,2.0,2.0,4.0,6.0,1.0,4.0,0.0,0.0,0.0,0.0,8.0,3.0,16.0,2.0,0.0,0.0,3.0,0.0,3.0,0.0,6.0,0.0,0.0,10.0,12.0,0.0,0.0,13.0,0.0,0.0,0.0,0.0,0.0,0.0,0.0,0.0,0.0,0.0,0.0,4.0,0.0,0.0,0.0,18.0,0.0,0.0,0.0,0.0,0.0,0.0,0.0,0.0,4.0,0.0,8.0,0.0,4.0,4.0,0.0,0.0,0.0,0.0,4.0,0.0,0.0,0.0,4.0,0.0,0.0,0.0,0.0,0.0,0.0,0.0,0.0
43.0,7.0,16.0,5.0,5.0,4.0,4.0,6.0,22.0,2.0,2.0,4.0,6.0,0.0,4.0,0.0,0.0,0.0,0.0,11.0,0.0,22.0,2.0,0.0,0.0,0.0,0.0,0.0,1.0,0.0,2.0,0.0,10.0,13.0,1.0,0.0,13.0,0.0,0.0,0.0,0.0,0.0,0.0,0.0,0.0,0.0,0.0,0.0,4.0,0.0,0.0,0.0,18.0,0.0,0.0,0.0,0.0,0.0,0.0,0.0,0.0,4.0,0.0,8.0,0.0,4.0,4.0,0.0,0.0,0.0,0.0,4.0,0.0,0.0,0.0,4.0,0.0,0.0,0.0,0.0,0.0,0.0,0.0,0.0
30.0,8.0,4.0,4.0,2.0,2.0,11.0,2.0,0.0,0.0,5.0,0.0,0.0,0.0,0.0,5.0,4.0,1.0,0.0,0.0,0.0,0.0,0.0,1.0,0.0,0.0,1.0,0.0,0.0,0.0,0.0,0.0,0.0,0.0,0.0,0.0,0.0,0.0,2.0,0.0,0.0,1.0,0.0,0.0,0.0,0.0,0.0,0.0,0.0,2.0,0.0,0.0,0.0,0.0,0.0,0.0,0.0,1.0,0.0,0.0,1.0,0.0,1.0,0.0,0.0,0.0,0.0,0.0,0.0,1.0,0.0,0.0,0.0,0.0,0.0,0.0,0.0,0.0,0.0,0.0,0.0,0.0,0.0,0.0
35.0,5.0,7.0,5.0,5.0,5.0,0.0,5.0,2.0,4.0,0.0,6.0,10.0,0.0,4.0,0.0,0.0,0.0,3.0,1.0,0.0,1.0,5.0,0.0,1.0,0.0,0.0,0.0,1.0,0.0,0.0,2.0,3.0,1.0,2.0,1.0,0.0,0.0,0.0,1.0,1.0,0.0,1.0,2.0,1.0,1.0,0.0,0.0,2.0,0.0,0.0,0.0,0.0,2.0,0.0,0.0,0.0,0.0,0.0,0.0,0.0,0.0,0.0,0.0,2.0,0.0,0.0,0.0,0.0,0.0,0.0,0.0,0.0,0.0,0.0,0.0,0.0,0.0,0.0,0.0,0.0,0.0,0.0,0.0
48.0,11.0,7.0,7.0,6.0,8.0,7.0,6.0,0.0,2.0,3.0,4.0,6.0,1.0,4.0,2.0,2.0,2.0,4.0,0.0,2.0,0.0,2.0,0.0,2.0,2.0,2.0,1.0,2.0,2.0,0.0,4.0,0.0,0.0,4.0,2.0,0.0,2.0,0.0,3.0,2.0,2.0,2.0,4.0,1.0,1.0,2.0,1.0,0.0,2.0,2.0,2.0,0.0,0.0,2.0,2.0,2.0,2.0,1.0,1.0,2.0,0.0,0.0,0.0,0.0,0.0,0.0,2.0,0.0,0.0,0.0,0.0,0.0,0.0,0.0,0.0,0.0,0.0,0.0,0.0,0.0,0.0,0.0,0.0
10.0,4.0,3.0,1.0,2.0,2.0,3.0,2.0,0.0,0.0,1.0,0.0,0.0,0.0,0.0,3.0,2.0,1.0,0.0,0.0,0.0,0.0,0.0,1.0,0.0,0.0,1.0,0.0,0.0,0.0,0.0,0.0,0.0,0.0,0.0,0.0,0.0,0.0,1.0,0.0,0.0,1.0,0.0,0.0,0.0,0.0,0.0,0.0,0.0,0.0,0.0,0.0,0.0,0.0,0.0,0.0,0.0,1.0,0.0,0.0,1.0,0.0,1.0,0.0,0.0,0.0,0.0,0.0,0.0,1.0,0.0,0.0,0.0,0.0,0.0,0.0,0.0,0.0,0.0,0.0,0.0,0.0,0.0,0.0
28.0,5.0,17.0,2.0,4.0,0.0,2.0,4.0,24.0,2.0,1.0,4.0,6.0,0.0,4.0,0.0,0.0,0.0,0.0,8.0,0.0,30.0,2.0,0.0,0.0,0.0,0.0,0.0,0.0,0.0,0.0,0.0,10.0,12.0,0.0,0.0,34.0,0.0,0.0,0.0,0.0,0.0,0.0,0.0,0.0,0.0,0.0,0.0,4.0,0.0,0.0,0.0,15.0,0.0,0.0,0.0,0.0,0.0,0.0,0.0,0.0,4.0,0.0,10.0,0.0,4.0,4.0,0.0,0.0,0.0,0.0,2.0,0.0,0.0,0.0,6.0,0.0,0.0,0.0,0.0,0.0,0.0,0.0,0.0
22.0,5.0,10.0,2.0,4.0,0.0,2.0,4.0,14.0,2.0,1.0,4.0,6.0,0.0,4.0,0.0,0.0,0.0,0.0,8.0,0.0,16.0,2.0,0.0,0.0,0.0,0.0,0.0,0.0,0.0,0.0,0.0,10.0,12.0,0.0,0.0,13.0,0.0,0.0,0.0,0.0,0.0,0.0,0.0,0.0,0.0,0.0,0.0,4.0,0.0,0.0,0.0,18.0,0.0,0.0,0.0,0.0,0.0,0.0,0.0,0.0,4.0,0.0,8.0,0.0,4.0,4.0,0.0,0.0,0.0,0.0,4.0,0.0,0.0,0.0,4.0,0.0,0.0,0.0,0.0,0.0,0.0,0.0,0.0
23.0,6.0,4.0,3.0,2.0,2.0,7.0,0.0,6.0,0.0,3.0,0.0,0.0,0.0,0.0,0.0,0.0,3.0,0.0,0.0,0.0,0.0,0.0,0.0,0.0,0.0,0.0,0.0,0.0,0.0,2.0,0.0,0.0,0.0,0.0,0.0,0.0,0.0,0.0,0.0,0.0,0.0,0.0,0.0,0.0,0.0,0.0,0.0,0.0,0.0,0.0,0.0,0.0,0.0,0.0,0.0,0.0,0.0,0.0,0.0,0.0,0.0,0.0,0.0,0.0,0.0,0.0,0.0,0.0,0.0,0.0,0.0,0.0,0.0,0.0,0.0,0.0,0.0,0.0,0.0,0.0,0.0,0.0,0.0
28.0,5.0,17.0,2.0,4.0,0.0,2.0,4.0,24.0,2.0,1.0,4.0,6.0,0.0,4.0,0.0,0.0,0.0,0.0,8.0,0.0,30.0,2.0,0.0,0.0,0.0,0.0,0.0,0.0,0.0,0.0,0.0,10.0,12.0,0.0,0.0,34.0,0.0,0.0,0.0,0.0,0.0,0.0,0.0,0.0,0.0,0.0,0.0,4.0,0.0,0.0,0.0,15.0,0.0,0.0,0.0,0.0,0.0,0.0,0.0,0.0,4.0,0.0,10.0,0.0,4.0,4.0,0.0,0.0,0.0,0.0,2.0,0.0,0.0,0.0,6.0,0.0,0.0,0.0,0.0,0.0,0.0,0.0,0.0
49.0,7.0,23.0,5.0,5.0,4.0,4.0,6.0,32.0,2.0,2.0,4.0,6.0,0.0,4.0,0.0,0.0,0.0,0.0,11.0,0.0,36.0,2.0,0.0,0.0,0.0,0.0,0.0,1.0,0.0,2.0,0.0,10.0,13.0,1.0,0.0,34.0,0.0,0.0,0.0,0.0,0.0,0.0,0.0,0.0,0.0,0.0,0.0,4.0,0.0,0.0,0.0,15.0,0.0,0.0,0.0,0.0,0.0,0.0,0.0,0.0,4.0,0.0,10.0,0.0,4.0,4.0,0.0,0.0,0.0,0.0,2.0,0.0,0.0,0.0,6.0,0.0,0.0,0.0,0.0,0.0,0.0,0.0,0.0
22.0,5.0,10.0,2.0,4.0,0.0,2.0,4.0,14.0,2.0,1.0,4.0,6.0,0.0,4.0,0.0,0.0,0.0,0.0,8.0,0.0,16.0,2.0,0.0,0.0,0.0,0.0,0.0,0.0,0.0,0.0,0.0,10.0,12.0,0.0,0.0,13.0,0.0,0.0,0.0,0.0,0.0,0.0,0.0,0.0,0.0,0.0,0.0,4.0,0.0,0.0,0.0,18.0,0.0,0.0,0.0,0.0,0.0,0.0,0.0,0.0,4.0,0.0,8.0,0.0,4.0,4.0,0.0,0.0,0.0,0.0,4.0,0.0,0.0,0.0,4.0,0.0,0.0,0.0,0.0,0.0,0.0,0.0,0.0
18.0,2.0,11.0,1.0,2.0,2.0,0.0,2.0,8.0,2.0,0.0,3.0,2.0,0.0,1.0,0.0,0.0,0.0,1.0,0.0,0.0,7.0,1.0,0.0,0.0,0.0,0.0,0.0,0.0,0.0,0.0,0.0,1.0,0.0,0.0,0.0,5.0,0.0,0.0,0.0,0.0,1.0,0.0,0.0,0.0,0.0,0.0,0.0,1.0,0.0,0.0,1.0,1.0,0.0,0.0,0.0,0.0,0.0,0.0,0.0,0.0,0.0,0.0,1.0,0.0,0.0,0.0,0.0,0.0,0.0,0.0,0.0,0.0,0.0,0.0,0.0,0.0,0.0,0.0,0.0,0.0,0.0,0.0,0.0
24.0,7.0,4.0,3.0,2.0,2.0,9.0,2.0,0.0,0.0,4.0,0.0,0.0,0.0,0.0,5.0,4.0,1.0,0.0,0.0,0.0,0.0,0.0,1.0,0.0,0.0,1.0,0.0,0.0,0.0,0.0,0.0,0.0,0.0,0.0,0.0,0.0,0.0,2.0,0.0,0.0,1.0,0.0,0.0,0.0,0.0,0.0,0.0,0.0,2.0,0.0,0.0,0.0,0.0,0.0,0.0,0.0,1.0,0.0,0.0,1.0,0.0,1.0,0.0,0.0,0.0,0.0,0.0,0.0,1.0,0.0,0.0,0.0,0.0,0.0,0.0,0.0,0.0,0.0,0.0,0.0,0.0,0.0,0.0
25.0,7.0,6.0,3.0,3.0,4.0,7.0,4.0,1.0,0.0,3.0,0.0,0.0,0.0,0.0,5.0,4.0,1.0,0.0,0.0,0.0,0.0,0.0,1.0,0.0,0.0,1.0,0.0,0.0,0.0,2.0,0.0,0.0,0.0,0.0,0.0,0.0,0.0,2.0,0.0,0.0,1.0,0.0,0.0,0.0,0.0,0.0,0.0,0.0,2.0,0.0,0.0,0.0,0.0,0.0,0.0,0.0,1.0,0.0,0.0,1.0,0.0,1.0,0.0,0.0,0.0,0.0,0.0,0.0,1.0,0.0,0.0,0.0,0.0,0.0,0.0,0.0,0.0,0.0,0.0,0.0,0.0,0.0,0.0
37.0,9.0,6.0,5.0,3.0,4.0,11.0,4.0,1.0,0.0,5.0,0.0,0.0,0.0,0.0,5.0,4.0,1.0,0.0,0.0,0.0,0.0,0.0,1.0,0.0,0.0,1.0,0.0,0.0,0.0,2.0,0.0,0.0,0.0,0.0,0.0,0.0,0.0,2.0,0.0,0.0,1.0,0.0,0.0,0.0,0.0,0.0,0.0,0.0,2.0,0.0,0.0,0.0,0.0,0.0,0.0,0.0,1.0,0.0,0.0,1.0,0.0,1.0,0.0,0.0,0.0,0.0,0.0,0.0,1.0,0.0,0.0,0.0,0.0,0.0,0.0,0.0,0.0,0.0,0.0,0.0,0.0,0.0,0.0
15.997734,3.0013337,3.9966688,2.0,1.0006669,2.0,2.988036,0.0006671114,5.9582505,0.0006671114,0.998002,0.00050025014,0.00050025014,0.0,0.00050025014,0.0,0.0,0.998002,0.00050025014,0.0,0.0,0.0,0.0,0.0,0.00050025014,0.0,0.0,0.0,0.0,0.0,0.998002,0.0006671114,0.0,0.0,0.0,0.00050025014,0.0,0.0,0.0,0.00050025014,0.0,0.0,0.0,0.0,0.0,0.00050025014,0.0,0.0,0.0,0.0,0.0,0.0,0.0,0.0,0.0,0.0,0.0,0.0,0.0,0.0,0.0,0.0,0.0,0.0,0.0,0.0,0.0,0.0,0.0,0.0,0.0,0.0,0.0,0.0,0.0,0.0,0.0,0.0,0.0,0.0,0.0,0.0,0.0,0.0
15.993203,3.004004,3.99002,2.0,1.002002,2.0,2.9643211,0.002004008,5.876228,0.002004008,0.99401796,0.0015022533,0.0015022533,0.0,0.0015022533,0.0,0.0,0.99401796,0.0015022533,0.0,0.0,0.0,0.0,0.0,0.0015022533,0.0,0.0,0.0,0.0,0.0,0.99401796,0.002004008,0.0,0.0,0.0,0.0015022533,0.0,0.0,0.0,0.0015022533,0.0,0.0,0.0,0.0,0.0,0.0015022533,0.0,0.0,0.0,0.0,0.0,0.0,0.0,0.0,0.0,0.0,0.0,0.0,0.0,0.0,0.0,0.0,0.0,0.0,0.0,0.0,0.0,0.0,0.0,0.0,0.0,0.0,0.0,0.0,0.0,0.0,0.0,0.0,0.0,0.0,0.0,0.0,0.0,0.0
15.988674,3.0066779,3.9833887,2.0,1.0033389,2.0,2.9408867,0.0033444816,5.7961164,0.0033444816,0.9900498,0.0025062656,0.0025062656,0.0,0.0025062656,0.0,0.0,0.9900498,0.0025062656,0.0,0.0,0.0,0.0,0.0,0.0025062656,0.0,0.0,0.0,0.0,0.0,0.9900498,0.0033444816,0.0,0.0,0.0,0.0025062656,0.0,0.0,0.0,0.0025062656,0.0,0.0,0.0,0.0,0.0,0.0025062656,0.0,0.0,0.0,0.0,0.0,0.0,0.0,0.0,0.0,0.0,0.0,0.0,0.0,0.0,0.0,0.0,0.0,0.0,0.0,0.0,0.0,0.0,0.0,0.0,0.0,0.0,0.0,0.0,0.0,0.0,0.0,0.0,0.0,0.0,0.0,0.0,0.0,0.0
1.9411764,0.0989011,1.4193548,0.0,0.0,0.0,0.0,0.0,0.78571427,0.06382979,0.0,0.0,0.0,0.06382979,0.0,0.0,0.0,0.0,0.0,0.0,0.0,0.0,0.0,0.0,0.0,0.0,0.0,0.0,0.0,0.0,0.0,0.0,0.0,0.0,0.0,0.0,0.0,0.0,0.0,0.0,0.0,0.0,0.0,0.0,0.0,0.0,0.0,0.0,0.0,0.0,0.0,0.0,0.0,0.0,0.0,0.0,0.0,0.0,0.0,0.0,0.0,0.0,0.0,0.0,0.0,0.0,0.0,0.0,0.0,0.0,0.0,0.0,0.0,0.0,0.0,0.0,0.0,0.0,0.0,0.0,0.0,0.06382979,0.0,0.06382979
1.7586207,0.12676056,1.3076923,0.0,0.0,0.0,0.0,0.0,0.73913044,0.08108108,0.0,0.0,0.0,0.08108108,0.0,0.0,0.0,0.0,0.0,0.0,0.0,0.0,0.0,0.0,0.0,0.0,0.0,0.0,0.0,0.0,0.0,0.0,0.0,0.0,0.0,0.0,0.0,0.0,0.0,0.0,0.0,0.0,0.0,0.0,0.0,0.0,0.0,0.0,0.0,0.0,0.0,0.0,0.0,0.0,0.0,0.0,0.0,0.0,0.0,0.0,0.0,0.0,0.0,0.0,0.0,0.0,0.0,0.0,0.0,0.0,0.0,0.0,0.0,0.0,0.0,0.0,0.0,0.0,0.0,0.0,0.0,0.08108108,0.0,0.08108108
1.5,0.1764706,1.1428572,0.0,0.0,0.0,0.0,0.0,0.6666667,0.11111111,0.0,0.0,0.0,0.11111111,0.0,0.0,0.0,0.0,0.0,0.0,0.0,0.0,0.0,0.0,0.0,0.0,0.0,0.0,0.0,0.0,0.0,0.0,0.0,0.0,0.0,0.0,0.0,0.0,0.0,0.0,0.0,0.0,0.0,0.0,0.0,0.0,0.0,0.0,0.0,0.0,0.0,0.0,0.0,0.0,0.0,0.0,0.0,0.0,0.0,0.0,0.0,0.0,0.0,0.0,0.0,0.0,0.0,0.0,0.0,0.0,0.0,0.0,0.0,0.0,0.0,0.0,0.0,0.0,0.0,0.0,0.0,0.11111111,0.0,0.11111111
3.642857,0.2,2.387097,0.0,0.0,0.0,0.2,0.0,1.3333334,0.2,0.11111111,0.1904762,0.20689656,0.11111111,0.0,0.1904762,0.11111111,0.0,0.0,0.0,0.0,0.0,0.15384616,0.0,0.0,0.0,0.0,0.0,0.0,0.0,0.0,0.0,0.0,0.0,0.0,0.0,0.0,0.0,0.0,0.0,0.0,0.0,0.0,0.0,0.0,0.0,0.0,0.0,0.0,0.0,0.0,0.0,0.0,0.0,0.0,0.0,0.0,0.0,0.0,0.0,0.0,0.0,0.0,0.0,0.0,0.0,0.0,0.0,0.0,0.0,0.0,0.0,0.0,0.0,0.0,0.0,0.0,0.11111111,0.0,0.0,0.0,0.0,0.0,0.0
2.61071,0.19204903,1.8376077,0.0,0.0,0.0,0.12496485,0.0,1.0587025,0.16881599,0.07140944,0.119369574,0.12899584,0.11111111,0.0,0.119369574,0.07140944,0.0,0.0,0.0,0.0,0.0,0.09753421,0.0,0.0,0.0,0.0,0.0,0.0,0.0,0.0,0.0,0.0,0.0,0.0,0.0,0.0,0.0,0.0,0.0,0.0,0.0,0.0,0.0,0.0,0.0,0.0,0.0,0.0,0.0,0.0,0.0,0.0,0.0,0.0,0.0,0.0,0.0,0.0,0.0,0.0,0.0,0.0,0.0,0.0,0.0,0.0,0.0,0.0,0.0,0.0,0.0,0.0,0.0,0.0,0.0,0.0,0.07140944,0.0,0.0,0.0,0.034500595,0.0,0.034500595
2.25,0.18811882,1.625,0.0,0.0,0.0,0.09090909,0.0,0.9444444,0.15384616,0.05263158,0.08695652,0.09375,0.11111111,0.0,0.08695652,0.05263158,0.0,0.0,0.0,0.0,0.0,0.071428575,0.0,0.0,0.0,0.0,0.0,0.0,0.0,0.0,0.0,0.0,0.0,0.0,0.0,0.0,0.0,0.0,0.0,0.0,0.0,0.0,0.0,0.0,0.0,0.0,0.0,0.0,0.0,0.0,0.0,0.0,0.0,0.0,0.0,0.0,0.0,0.0,0.0,0.0,0.0,0.0,0.0,0.0,0.0,0.0,0.0,0.0,0.0,0.0,0.0,0.0,0.0,0.0,0.0,0.0,0.05263158,0.0,0.0,0.0,0.05263158,0.0,0.05263158
1.9548141,0.18421443,1.4420308,0.0,0.0,0.0,0.058854673,0.0,0.84220225,0.13925493,0.034500595,0.056367785,0.0606382,0.11111111,0.0,0.056367785,0.034500595,0.0,0.0,0.0,0.0,0.0,0.046535965,0.0,0.0,0.0,0.0,0.0,0.0,0.0,0.0,0.0,0.0,0.0,0.0,0.0,0.0,0.0,0.0,0.0,0.0,0.0,0.0,0.0,0.0,0.0,0.0,0.0,0.0,0.0,0.0,0.0,0.0,0.0,0.0,0.0,0.0,0.0,0.0,0.0,0.0,0.0,0.0,0.0,0.0,0.0,0.0,0.0,0.0,0.0,0.0,0.0,0.0,0.0,0.0,0.0,0.0,0.034500595,0.0,0.0,0.0,0.07140944,0.0,0.07140944
1.826087,0.18226601,1.3595506,0.0,0.0,0.0,0.04347826,0.0,0.7948718,0.13207547,0.025641026,0.041666668,0.04477612,0.11111111,0.0,0.041666668,0.025641026,0.0,0.0,0.0,0.0,0.0,0.03448276,0.0,0.0,0.0,0.0,0.0,0.0,0.0,0.0,0.0,0.0,0.0,0.0,0.0,0.0,0.0,0.0,0.0,0.0,0.0,0.0,0.0,0.0,0.0,0.0,0.0,0.0,0.0,0.0,0.0,0.0,0.0,0.0,0.0,0.0,0.0,0.0,0.0,0.0,0.0,0.0,0.0,0.0,0.0,0.0,0.0,0.0,0.0,0.0,0.0,0.0,0.0,0.0,0.0,0.0,0.025641026,0.0,0.0,0.0,0.08108108,0.0,0.08108108
1.7542373,0.18110237,1.3127754,0.0,0.0,0.0,0.03448276,0.0,0.7676768,0.12781955,0.020408163,0.03305785,0.03550296,0.11111111,0.0,0.03305785,0.020408163,0.0,0.0,0.0,0.0,0.0,0.02739726,0.0,0.0,0.0,0.0,0.0,0.0,0.0,0.0,0.0,0.0,0.0,0.0,0.0,0.0,0.0,0.0,0.0,0.0,0.0,0.0,0.0,0.0,0.0,0.0,0.0,0.0,0.0,0.0,0.0,0.0,0.0,0.0,0.0,0.0,0.0,0.0,0.0,0.0,0.0,0.0,0.0,0.0,0.0,0.0,0.0,0.0,0.0,0.0,0.0,0.0,0.0,0.0,0.0,0.0,0.020408163,0.0,0.0,0.0,0.08695652,0.0,0.08695652
1.2857143,0.23076923,1.0,0.0,0.0,0.0,0.0,0.0,0.6,0.14285715,0.0,0.0,0.0,0.14285715,0.0,0.0,0.0,0.0,0.0,0.0,0.0,0.0,0.0,0.0,0.0,0.0,0.0,0.0,0.0,0.0,0.0,0.0,0.0,0.0,0.0,0.0,0.0,0.0,0.0,0.0,0.0,0.0,0.0,0.0,0.0,0.0,0.0,0.0,0.0,0.0,0.0,0.0,0.0,0.0,0.0,0.0,0.0,0.0,0.0,0.0,0.0,0.0,0.0,0.0,0.0,0.0,0.0,0.0,0.0,0.0,0.0,0.0,0.0,0.0,0.0,0.0,0.0,0.0,0.0,0.0,0.0,0.14285715,0.0,0.14285715
1.6600497,0.16363636,1.2741116,0.0,0.0,0.0,0.0,0.0,0.6,0.18299446,0.0,0.065375306,0.0658592,0.10344828,0.0,0.0,0.0,0.0,0.0,0.0,0.0,0.0,0.0647482,0.0,0.0,0.0,0.0,0.0,0.0,0.0,0.0,0.0,0.0,0.0,0.0,0.0,0.0,0.0,0.0,0.0,0.0,0.0,0.0,0.0,0.0,0.0,0.0,0.0,0.0,0.0,0.0,0.0,0.0,0.0,0.0,0.0,0.0,0.0,0.0,0.0,0.0,0.0,0.0,0.0,0.0,0.0,0.0,0.0,0.0,0.0,0.0,0.0,0.0,0.0,0.0,0.0,0.0,0.05263158,0.0,0.0,0.0,0.10344828,0.0,0.10344828
1.8133883,0.1428898,1.3827962,0.0,0.0,0.0,0.0,0.0,0.6,0.1969848,0.0,0.08907009,0.08974414,0.09092893,0.0,0.0,0.0,0.0,0.0,0.0,0.0,0.0,0.08819689,0.0,0.0,0.0,0.0,0.0,0.0,0.0,0.0,0.0,0.0,0.0,0.0,0.0,0.0,0.0,0.0,0.0,0.0,0.0,0.0,0.0,0.0,0.0,0.0,0.0,0.0,0.0,0.0,0.0,0.0,0.0,0.0,0.0,0.0,0.0,0.0,0.0,0.0,0.0,0.0,0.0,0.0,0.0,0.0,0.0,0.0,0.0,0.0,0.0,0.0,0.0,0.0,0.0,0.0,0.07139796,0.0,0.0,0.0,0.09092893,0.0,0.09092893
2.1810088,0.10344828,1.6352941,0.0,0.0,0.0,0.0,0.0,0.6,0.22605364,0.0,0.13989638,0.14100486,0.06666667,0.0,0.0,0.0,0.0,0.0,0.0,0.0,0.0,0.13846155,0.0,0.0,0.0,0.0,0.0,0.0,0.0,0.0,0.0,0.0,0.0,0.0,0.0,0.0,0.0,0.0,0.0,0.0,0.0,0.0,0.0,0.0,0.0,0.0,0.0,0.0,0.0,0.0,0.0,0.0,0.0,0.0,0.0,0.0,0.0,0.0,0.0,0.0,0.0,0.0,0.0,0.0,0.0,0.0,0.0,0.0,0.0,0.0,0.0,0.0,0.0,0.0,0.0,0.0,0.11111111,0.0,0.0,0.0,0.06666667,0.0,0.06666667
2.662293,0.066638224,1.9502358,0.0,0.0,0.0,0.0,0.0,0.598721,0.25811088,0.0,0.19710432,0.19874513,0.043460112,0.0,0.0,0.0,0.0,0.0,0.0,0.0,0.0,0.19498236,0.0,0.0,0.0,0.0,0.0,0.0,0.0,0.0,0.0,0.0,0.0,0.0,0.0,0.0,0.0,0.0,0.0,0.0,0.0,0.0,0.0,0.0,0.0,0.0,0.0,0.0,0.0,0.0,0.0,0.0,0.0,0.0,0.0,0.0,0.0,0.0,0.0,0.0,0.0,0.0,0.0,0.0,0.0,0.0,0.0,0.0,0.0,0.0,0.0,0.0,0.0,0.0,0.0,0.0,0.1549478,0.0,0.0,0.0,0.043460112,0.0,0.043460112
1.5396825,0.21212122,1.1428572,0.0,0.0,0.0,0.0,0.0,0.6,0.16788322,0.0,0.041666668,0.03448276,0.11111111,0.0,0.0,0.0,0.0,0.0,0.0,0.0,0.0,0.0,0.0,0.0,0.0,0.0,0.0,0.0,0.0,0.0,0.0,0.0,0.0,0.0,0.0,0.0,0.0,0.0,0.0,0.0,0.0,0.0,0.0,0.0,0.0,0.0,0.0,0.0,0.0,0.0,0.0,0.0,0.0,0.0,0.0,0.0,0.0,0.0,0.0,0.0,0.0,0.0,0.0,0.0,0.0,0.0,0.0,0.0,0.0,0.0,0.0,0.0,0.0,0.0,0.0,0.0,0.025641026,0.0,0.0,0.0,0.11111111,0.0,0.11111111
3.5714285,0.14285715,2.0,0.0,0.0,0.0,0.0,0.0,0.6,0.28,0.0,0.25,0.2,0.0,0.0,0.0,0.0,0.0,0.0,0.0,0.0,0.0,0.0,0.0,0.0,0.0,0.0,0.0,0.0,0.0,0.0,0.0,0.0,0.0,0.0,0.0,0.0,0.0,0.0,0.0,0.0,0.0,0.0,0.0,0.0,0.0,0.0,0.0,0.0,0.0,0.0,0.0,0.0,0.0,0.0,0.0,0.0,0.0,0.0,0.0,0.0,0.0,0.0,0.0,0.0,0.0,0.0,0.0,0.0,0.0,0.0,0.0,0.0,0.0,0.0,0.0,0.0,0.14285715,0.0,0.0,0.0,0.0,0.0,0.0
4.229268,0.0,2.862069,0.0,0.0,0.0,0.0,0.0,0.6,0.32231405,0.0,0.3253012,0.32830188,0.0,0.0,0.0,0.0,0.0,0.0,0.0,0.0,0.0,0.32142857,0.0,0.0,0.0,0.0,0.0,0.0,0.0,0.0,0.0,0.0,0.0,0.0,0.0,0.0,0.0,0.0,0.0,0.0,0.0,0.0,0.0,0.0,0.0,0.0,0.0,0.0,0.0,0.0,0.0,0.0,0.0,0.0,0.0,0.0,0.0,0.0,0.0,0.0,0.0,0.0,0.0,0.0,0.0,0.0,0.0,0.0,0.0,0.0,0.0,0.0,0.0,0.0,0.0,0.0,0.25,0.0,0.0,0.0,0.0,0.0,0.0
1.1052631,0.29032257,0.875,0.0,0.0,0.0,0.0,0.0,0.53846157,0.1764706,0.0,0.0,0.0,0.1764706,0.0,0.0,0.0,0.0,0.0,0.0,0.0,0.0,0.0,0.0,0.0,0.0,0.0,0.0,0.0,0.0,0.0,0.0,0.0,0.0,0.0,0.0,0.0,0.0,0.0,0.0,0.0,0.0,0.0,0.0,0.0,0.0,0.0,0.0,0.0,0.0,0.0,0.0,0.0,0.0,0.0,0.0,0.0,0.0,0.0,0.0,0.0,0.0,0.0,0.0,0.0,0.0,0.0,0.0,0.0,0.0,0.0,0.0,0.0,0.0,0.0,0.0,0.0,0.0,0.0,0.0,0.0,0.1764706,0.0,0.1764706
1.1960471,0.29692832,0.9456067,0.0,0.0,0.0,0.019313306,0.0,0.58013546,0.18764846,0.0,0.017441861,0.0,0.1627907,0.0,0.019313306,0.0,0.0,0.0,0.0,0.0,0.0,0.0,0.0,0.0,0.0,0.0,0.0,0.0,0.0,0.0,0.0,0.0,0.0,0.0,0.0,0.0,0.0,0.0,0.0,0.0,0.0,0.0,0.0,0.0,0.0,0.0,0.0,0.0,0.0,0.0,0.0,0.0,0.0,0.0,0.0,0.0,0.0,0.0,0.0,0.0,0.0,0.0,0.0,0.0,0.0,0.0,0.0,0.0,0.0,0.0,0.0,0.0,0.0,0.0,0.0,0.0,0.0,0.0,0.0,0.0,0.1627907,0.0,0.1627907
1.2950135,0.30360207,1.0217391,0.0,0.0,0.0,0.039387308,0.0,0.62412995,0.19904077,0.0,0.03550296,0.0,0.14942528,0.0,0.039387308,0.0,0.0,0.0,0.0,0.0,0.0,0.0,0.0,0.0,0.0,0.0,0.0,0.0,0.0,0.0,0.0,0.0,0.0,0.0,0.0,0.0,0.0,0.0,0.0,0.0,0.0,0.0,0.0,0.0,0.0,0.0,0.0,0.0,0.0,0.0,0.0,0.0,0.0,0.0,0.0,0.0,0.0,0.0,0.0,0.0,0.0,0.0,0.0,0.0,0.0,0.0,0.0,0.0,0.0,0.0,0.0,0.0,0.0,0.0,0.0,0.0,0.0,0.0,0.0,0.0,0.14942528,0.0,0.14942528
1.4033209,0.31034482,1.1040725,0.0,0.0,0.0,0.06026786,0.0,0.6706444,0.21065375,0.0,0.05421687,0.0,0.13636364,0.0,0.06026786,0.0,0.0,0.0,0.0,0.0,0.0,0.0,0.0,0.0,0.0,0.0,0.0,0.0,0.0,0.0,0.0,0.0,0.0,0.0,0.0,0.0,0.0,0.0,0.0,0.0,0.0,0.0,0.0,0.0,0.0,0.0,0.0,0.0,0.0,0.0,0.0,0.0,0.0,0.0,0.0,0.0,0.0,0.0,0.0,0.0,0.0,0.0,0.0,0.0,0.0,0.0,0.0,0.0,0.0,0.0,0.0,0.0,0.0,0.0,0.0,0.0,0.0,0.0,0.0,0.0,0.13636364,0.0,0.13636364
1.5223572,0.31715772,1.1933962,-2.220446e-16,-2.220446e-16,-2.220446e-16,0.082004555,-2.220446e-16,0.71990174,0.22249389,-2.220446e-16,0.073619634,-2.220446e-16,0.123595506,-2.220446e-16,0.082004555,-2.220446e-16,-2.220446e-16,-2.220446e-16,-2.220446e-16,-2.220446e-16,-2.220446e-16,-2.220446e-16,-2.220446e-16,-2.220446e-16,-2.220446e-16,-2.220446e-16,-2.220446e-16,-2.220446e-16,-2.220446e-16,-2.220446e-16,-2.220446e-16,-2.220446e-16,-2.220446e-16,-2.220446e-16,-2.220446e-16,-2.220446e-16,-2.220446e-16,-2.220446e-16,-2.220446e-16,-2.220446e-16,-2.220446e-16,-2.220446e-16,-2.220446e-16,-2.220446e-16,-2.220446e-16,-2.220446e-16,-2.220446e-16,-2.220446e-16,-2.220446e-16,-2.220446e-16,-2.220446e-16,-2.220446e-16,-2.220446e-16,-2.220446e-16,-2.220446e-16,-2.220446e-16,-2.220446e-16,-2.220446e-16,-2.220446e-16,-2.220446e-16,-2.220446e-16,-2.220446e-16,-2.220446e-16,-2.220446e-16,-2.220446e-16,-2.220446e-16,-2.220446e-16,-2.220446e-16,-2.220446e-16,-2.220446e-16,-2.220446e-16,-2.220446e-16,-2.220446e-16,-2.220446e-16,-2.220446e-16,-2.220446e-16,-2.220446e-16,-2.220446e-16,-2.220446e-16,-2.220446e-16,0.123595506,-2.220446e-16,0.123595506
1.3357664,0.2195122,1.0348837,0.0,0.0,0.0,0.0,0.0,0.6,0.14810562,0.0,0.00931677,0.009564294,0.13636364,0.0,0.0,0.0,0.0,0.0,0.0,0.0,0.0,0.008645534,0.0,0.0,0.0,0.0,0.0,0.0,0.0,0.0,0.0,0.0,0.0,0.0,0.0,0.0,0.0,0.0,0.0,0.0,0.0,0.0,0.0,0.0,0.0,0.0,0.0,0.0,0.0,0.0,0.0,0.0,0.0,0.0,0.0,0.0,0.0,0.0,0.0,0.0,0.0,0.0,0.0,0.0,0.0,0.0,0.0,0.0,0.0,0.0,0.0,0.0,0.0,0.0,0.0,0.0,0.0050251256,0.0,0.0,0.0,0.13636364,0.0,0.13636364
1.4427481,0.19760479,1.1084337,0.0,0.0,0.0,0.0,0.0,0.6,0.15874855,0.0,0.028481012,0.029252438,0.123595506,0.0,0.0,0.0,0.0,0.0,0.0,0.0,0.0,0.026392963,0.0,0.0,0.0,0.0,0.0,0.0,0.0,0.0,0.0,0.0,0.0,0.0,0.0,0.0,0.0,0.0,0.0,0.0,0.0,0.0,0.0,0.0,0.0,0.0,0.0,0.0,0.0,0.0,0.0,0.0,0.0,0.0,0.0,0.0,0.0,0.0,0.0,0.0,0.0,0.0,0.0,0.0,0.0,0.0,0.0,0.0,0.0,0.0,0.0,0.0,0.0,0.0,0.0,0.0,0.015228426,0.0,0.0,0.0,0.123595506,0.0,0.123595506
1.56,0.1764706,1.1875,0.0,0.0,0.0,0.0,0.0,0.6,0.16959064,0.0,0.048387095,0.049723756,0.11111111,0.0,0.0,0.0,0.0,0.0,0.0,0.0,0.0,0.04477612,0.0,0.0,0.0,0.0,0.0,0.0,0.0,0.0,0.0,0.0,0.0,0.0,0.0,0.0,0.0,0.0,0.0,0.0,0.0,0.0,0.0,0.0,0.0,0.0,0.0,0.0,0.0,0.0,0.0,0.0,0.0,0.0,0.0,0.0,0.0,0.0,0.0,0.0,0.0,0.0,0.0,0.0,0.0,0.0,0.0,0.0,0.0,0.0,0.0,0.0,0.0,0.0,0.0,0.0,0.025641026,0.0,0.0,0.0,0.11111111,0.0,0.11111111
3.375,0.20689656,2.0,0.0,0.0,0.0,0.0,0.0,0.6666667,0.1904762,0.0,0.1904762,0.1904762,0.1764706,0.0,0.0,0.0,0.0,0.0,0.0,0.1904762,0.0,0.15384616,0.0,0.0,0.0,0.0,0.11111111,0.0,0.0,0.0,0.0,0.0,0.0,0.0,0.0,0.0,0.1904762,0.0,0.0,0.0,0.0,0.0,0.0,0.0,0.0,0.0,0.0,0.0,0.0,0.0,0.0,0.0,0.0,0.0,0.0,0.0,0.0,0.0,0.0,0.0,0.0,0.0,0.0,0.0,0.0,0.0,0.0,0.0,0.0,0.0,0.0,0.0,0.0,0.0,0.0,0.0,0.0,0.0,0.0,0.0,0.15384616,0.0,0.15384616
3.4164038,0.23239437,2.0,0.0,0.0,0.0,0.0,0.0,0.6393443,0.21359223,0.0,0.21359223,0.21359223,0.19760479,0.0,0.0,0.0,0.0,0.0,0.0,0.21359223,0.0,0.171875,0.0,0.0,0.0,0.0,0.123595506,0.0,0.0,0.0,0.0,0.0,0.0,0.0,0.0,0.0,0.21359223,0.0,0.0,0.0,0.0,0.0,0.0,0.0,0.0,0.0,0.0,0.0,0.0,0.0,0.0,0.0,0.0,0.0,0.0,0.0,0.0,0.0,0.0,0.0,0.0,0.0,0.0,0.0,0.0,0.0,0.0,0.0,0.0,0.0,0.0,0.0,0.0,0.0,0.0,0.0,0.0,0.0,0.0,0.0,0.171875,0.0,0.171875
3.48,0.27272728,2.0,0.0,0.0,0.0,0.0,0.0,0.6,0.25,0.0,0.25,0.25,0.23076923,0.0,0.0,0.0,0.0,0.0,0.0,0.25,0.0,0.2,0.0,0.0,0.0,0.0,0.14285715,0.0,0.0,0.0,0.0,0.0,0.0,0.0,0.0,0.0,0.25,0.0,0.0,0.0,0.0,0.0,0.0,0.0,0.0,0.0,0.0,0.0,0.0,0.0,0.0,0.0,0.0,0.0,0.0,0.0,0.0,0.0,0.0,0.0,0.0,0.0,0.0,0.0,0.0,0.0,0.0,0.0,0.0,0.0,0.0,0.0,0.0,0.0,0.0,0.0,0.0,0.0,0.0,0.0,0.2,0.0,0.2
3.590164,0.34615386,2.0,0.0,0.0,0.0,0.0,0.0,0.53846157,0.31578946,0.0,0.31578946,0.31578946,0.29032257,0.0,0.0,0.0,0.0,0.0,0.0,0.31578946,0.0,0.25,0.0,0.0,0.0,0.0,0.1764706,0.0,0.0,0.0,0.0,0.0,0.0,0.0,0.0,0.0,0.31578946,0.0,0.0,0.0,0.0,0.0,0.0,0.0,0.0,0.0,0.0,0.0,0.0,0.0,0.0,0.0,0.0,0.0,0.0,0.0,0.0,0.0,0.0,0.0,0.0,0.0,0.0,0.0,0.0,0.0,0.0,0.0,0.0,0.0,0.0,0.0,0.0,0.0,0.0,0.0,0.0,0.0,0.0,0.0,0.25,0.0,0.25
1.1052631,0.29032257,0.875,0.0,0.0,0.0,0.0,0.0,0.53846157,0.1764706,0.0,0.0,0.0,0.1764706,0.0,0.0,0.0,0.0,0.0,0.0,0.0,0.0,0.0,0.0,0.0,0.0,0.0,0.0,0.0,0.0,0.0,0.0,0.0,0.0,0.0,0.0,0.0,0.0,0.0,0.0,0.0,0.0,0.0,0.0,0.0,0.0,0.0,0.0,0.0,0.0,0.0,0.0,0.0,0.0,0.0,0.0,0.0,0.0,0.0,0.0,0.0,0.0,0.0,0.0,0.0,0.0,0.0,0.0,0.0,0.0,0.0,0.0,0.0,0.0,0.0,0.0,0.0,0.0,0.0,0.0,0.0,0.1764706,0.0,0.1764706
1.4025496,0.2195122,1.0986745,0.0,0.0,0.0,0.0,0.0,0.53846157,0.2166405,0.0,0.061997704,0.06271777,0.13636364,0.0,0.0,0.0,0.0,0.0,0.0,0.0,0.0,0.06026786,0.0,0.0,0.0,0.0,0.0,0.0,0.0,0.0,0.0,0.0,0.0,0.0,0.0,0.0,0.0,0.0,0.0,0.0,0.0,0.0,0.0,0.0,0.0,0.0,0.0,0.0,0.0,0.0,0.0,0.0,0.0,0.0,0.0,0.0,0.0,0.0,0.0,0.0,0.0,0.0,0.0,0.0,0.0,0.0,0.0,0.0,0.0,0.0,0.0,0.0,0.0,0.0,0.0,0.0,0.05042017,0.0,0.0,0.0,0.13636364,0.0,0.13636364
1.4904702,0.20300752,1.1631879,0.0,0.0,0.0,0.0,0.0,0.53846157,0.22711529,0.0,0.0787172,0.07964602,0.12676056,0.0,0.0,0.0,0.0,0.0,0.0,0.0,0.0,0.07648725,0.0,0.0,0.0,0.0,0.0,0.0,0.0,0.0,0.0,0.0,0.0,0.0,0.0,0.0,0.0,0.0,0.0,0.0,0.0,0.0,0.0,0.0,0.0,0.0,0.0,0.0,0.0,0.0,0.0,0.0,0.0,0.0,0.0,0.0,0.0,0.0,0.0,0.0,0.0,0.0,0.0,0.0,0.0,0.0,0.0,0.0,0.0,0.0,0.0,0.0,0.0,0.0,0.0,0.0,0.06382979,0.0,0.0,0.0,0.12676056,0.0,0.12676056
1.6522328,0.1764706,1.28,-2.220446e-16,-2.220446e-16,-2.220446e-16,-2.220446e-16,-2.220446e-16,0.53846157,0.24497992,-2.220446e-16,0.10778443,0.10909091,0.11111111,-2.220446e-16,-2.220446e-16,-2.220446e-16,-2.220446e-16,-2.220446e-16,-2.220446e-16,-2.220446e-16,-2.220446e-16,0.10465116,-2.220446e-16,-2.220446e-16,-2.220446e-16,-2.220446e-16,-2.220446e-16,-2.220446e-16,-2.220446e-16,-2.220446e-16,-2.220446e-16,-2.220446e-16,-2.220446e-16,-2.220446e-16,-2.220446e-16,-2.220446e-16,-2.220446e-16,-2.220446e-16,-2.220446e-16,-2.220446e-16,-2.220446e-16,-2.220446e-16,-2.220446e-16,-2.220446e-16,-2.220446e-16,-2.220446e-16,-2.220446e-16,-2.220446e-16,-2.220446e-16,-2.220446e-16,-2.220446e-16,-2.220446e-16,-2.220446e-16,-2.220446e-16,-2.220446e-16,-2.220446e-16,-2.220446e-16,-2.220446e-16,-2.220446e-16,-2.220446e-16,-2.220446e-16,-2.220446e-16,-2.220446e-16,-2.220446e-16,-2.220446e-16,-2.220446e-16,-2.220446e-16,-2.220446e-16,-2.220446e-16,-2.220446e-16,-2.220446e-16,-2.220446e-16,-2.220446e-16,-2.220446e-16,-2.220446e-16,-2.220446e-16,0.08695652,-2.220446e-16,-2.220446e-16,-2.220446e-16,0.11111111,-2.220446e-16,0.11111111
2.0482116,0.12676056,1.5560538,0.0,0.0,0.0,0.0,0.0,0.53846157,0.28231645,0.0,0.17088607,0.17307693,0.08108108,0.0,0.0,0.0,0.0,0.0,0.0,0.0,0.0,0.16564417,0.0,0.0,0.0,0.0,0.0,0.0,0.0,0.0,0.0,0.0,0.0,0.0,0.0,0.0,0.0,0.0,0.0,0.0,0.0,0.0,0.0,0.0,0.0,0.0,0.0,0.0,0.0,0.0,0.0,0.0,0.0,0.0,0.0,0.0,0.0,0.0,0.0,0.0,0.0,0.0,0.0,0.0,0.0,0.0,0.0,0.0,0.0,0.0,0.0,0.0,0.0,0.0,0.0,0.0,0.13636364,0.0,0.0,0.0,0.08108108,0.0,0.08108108
2.583181,0.08108108,1.9081633,0.0,0.0,0.0,0.0,0.0,0.53846157,0.3219616,0.0,0.24161074,0.24489796,0.05263158,0.0,0.0,0.0,0.0,0.0,0.0,0.0,0.0,0.23376623,0.0,0.0,0.0,0.0,0.0,0.0,0.0,0.0,0.0,0.0,0.0,0.0,0.0,0.0,0.0,0.0,0.0,0.0,0.0,0.0,0.0,0.0,0.0,0.0,0.0,0.0,0.0,0.0,0.0,0.0,0.0,0.0,0.0,0.0,0.0,0.0,0.0,0.0,0.0,0.0,0.0,0.0,0.0,0.0,0.0,0.0,0.0,0.0,0.0,0.0,0.0,0.0,0.0,0.0,0.1904762,0.0,0.0,0.0,0.05263158,0.0,0.05263158
4.5211267,0.0,3.0140846,0.0,0.0,0.0,0.0,0.0,0.53846157,0.4090909,0.0,0.41221374,0.41860464,0.0,0.0,0.0,0.0,0.0,0.0,0.0,0.0,0.0,0.3970588,0.0,0.0,0.0,0.0,0.0,0.0,0.0,0.0,0.0,0.0,0.0,0.0,0.0,0.0,0.0,0.0,0.0,0.0,0.0,0.0,0.0,0.0,0.0,0.0,0.0,0.0,0.0,0.0,0.0,0.0,0.0,0.0,0.0,0.0,0.0,0.0,0.0,0.0,0.0,0.0,0.0,0.0,0.0,0.0,0.0,0.0,0.0,0.0,0.0,0.0,0.0,0.0,0.0,0.0,0.31578946,0.0,0.0,0.0,0.0,0.0,0.0
4.3012047,0.375,2.2432432,0.0,0.29032257,0.0,0.369863,0.0,0.53846157,0.39130434,0.25,0.29032257,0.0,0.0,0.0,0.29032257,0.25,0.0,0.0,0.0,0.0,0.0,0.0,0.0,0.0,0.0,0.0,0.0,0.0,0.0,0.0,0.0,0.0,0.0,0.0,0.0,0.0,0.0,0.0,0.0,0.0,0.0,0.0,0.0,0.0,0.0,0.0,0.0,0.0,0.0,0.0,0.0,0.0,0.0,0.0,0.0,0.0,0.0,0.0,0.0,0.0,0.0,0.0,0.0,0.0,0.0,0.0,0.0,0.0,0.0,0.0,0.0,0.0,0.0,0.0,0.0,0.0,0.29032257,0.0,0.0,0.0,0.0,0.0,0.0
4.152225,0.36524823,2.2432432,-2.220446e-16,0.29032257,-2.220446e-16,0.34228188,-2.220446e-16,0.53846157,0.3559322,0.15384616,0.29032257,-2.220446e-16,-2.220446e-16,-2.220446e-16,0.29032257,0.15384616,-2.220446e-16,-2.220446e-16,-2.220446e-16,-2.220446e-16,-2.220446e-16,-2.220446e-16,-2.220446e-16,-2.220446e-16,-2.220446e-16,-2.220446e-16,-2.220446e-16,-2.220446e-16,-2.220446e-16,-2.220446e-16,-2.220446e-16,-2.220446e-16,-2.220446e-16,-2.220446e-16,-2.220446e-16,-2.220446e-16,-2.220446e-16,-2.220446e-16,-2.220446e-16,-2.220446e-16,-2.220446e-16,-2.220446e-16,-2.220446e-16,-2.220446e-16,-2.220446e-16,-2.220446e-16,-2.220446e-16,-2.220446e-16,-2.220446e-16,-2.220446e-16,-2.220446e-16,-2.220446e-16,-2.220446e-16,-2.220446e-16,-2.220446e-16,-2.220446e-16,-2.220446e-16,-2.220446e-16,-2.220446e-16,-2.220446e-16,-2.220446e-16,-2.220446e-16,-2.220446e-16,-2.220446e-16,-2.220446e-16,-2.220446e-16,-2.220446e-16,-2.220446e-16,-2.220446e-16,-2.220446e-16,-2.220446e-16,-2.220446e-16,-2.220446e-16,-2.220446e-16,-2.220446e-16,-2.220446e-16,0.25,-2.220446e-16,-2.220446e-16,-2.220446e-16,-2.220446e-16,-2.220446e-16,-2.220446e-16
4.188679,0.3676732,2.2432432,0.0,0.29032257,0.0,0.34907252,0.0,0.53846157,0.36460555,0.1764706,0.29032257,0.0,0.0,0.0,0.29032257,0.1764706,0.0,0.0,0.0,0.0,0.0,0.0,0.0,0.0,0.0,0.0,0.0,0.0,0.0,0.0,0.0,0.0,0.0,0.0,0.0,0.0,0.0,0.0,0.0,0.0,0.0,0.0,0.0,0.0,0.0,0.0,0.0,0.0,0.0,0.0,0.0,0.0,0.0,0.0,0.0,0.0,0.0,0.0,0.0,0.0,0.0,0.0,0.0,0.0,0.0,0.0,0.0,0.0,0.0,0.0,0.0,0.0,0.0,0.0,0.0,0.0,0.25984251,0.0,0.0,0.0,0.0,0.0,0.0
4.225653,0.37010676,2.2432432,0.0,0.29032257,0.0,0.3559322,0.0,0.53846157,0.37339056,0.2,0.29032257,0.0,0.0,0.0,0.29032257,0.2,0.0,0.0,0.0,0.0,0.0,0.0,0.0,0.0,0.0,0.0,0.0,0.0,0.0,0.0,0.0,0.0,0.0,0.0,0.0,0.0,0.0,0.0,0.0,0.0,0.0,0.0,0.0,0.0,0.0,0.0,0.0,0.0,0.0,0.0,0.0,0.0,0.0,0.0,0.0,0.0,0.0,0.0,0.0,0.0,0.0,0.0,0.0,0.0,0.0,0.0,0.0,0.0,0.0,0.0,0.0,0.0,0.0,0.0,0.0,0.0,0.26984128,0.0,0.0,0.0,0.0,0.0,0.0
4.255614,0.37205988,2.2432432,0.0,0.29032257,0.0,0.3614704,0.0,0.53846157,0.38050044,0.2195122,0.29032257,0.0,0.0,0.0,0.29032257,0.2195122,0.0,0.0,0.0,0.0,0.0,0.0,0.0,0.0,0.0,0.0,0.0,0.0,0.0,0.0,0.0,0.0,0.0,0.0,0.0,0.0,0.0,0.0,0.0,0.0,0.0,0.0,0.0,0.0,0.0,0.0,0.0,0.0,0.0,0.0,0.0,0.0,0.0,0.0,0.0,0.0,0.0,0.0,0.0,0.0,0.0,0.0,0.0,0.0,0.0,0.0,0.0,0.0,0.0,0.0,0.0,0.0,0.0,0.0,0.0,0.0,0.27795526,0.0,0.0,0.0,0.0,0.0,0.0
1.4539877,0.30384168,1.0960698,0.0,0.059602648,0.0,0.059602648,0.0,0.53846157,0.20300752,0.0,0.059602648,0.0,0.12676056,0.0,0.059602648,0.0,0.0,0.0,0.0,0.0,0.0,0.0,0.0,0.0,0.0,0.0,0.0,0.0,0.0,0.0,0.0,0.0,0.0,0.0,0.0,0.0,0.0,0.0,0.0,0.0,0.0,0.0,0.0,0.0,0.0,0.0,0.0,0.0,0.0,0.0,0.0,0.0,0.0,0.0,0.0,0.0,0.0,0.0,0.0,0.0,0.0,0.0,0.0,0.0,0.0,0.0,0.0,0.0,0.0,0.0,0.0,0.0,0.0,0.0,0.0,0.0,0.038961038,0.0,0.0,0.0,0.12676056,0.0,0.12676056
3.9166405,0.28693676,2.2,0.0,0.23076923,0.0,0.2699219,0.0,0.6,0.2801024,0.12528132,0.23076923,0.0,0.0,0.0,0.23076923,0.12528132,0.0,0.0,0.0,0.0,0.0,0.0,0.0,0.0,0.0,0.0,0.0,0.0,0.0,0.0,0.0,0.0,0.0,0.0,0.0,0.0,0.0,0.0,0.0,0.0,0.0,0.0,0.0,0.0,0.0,0.0,0.0,0.0,0.0,0.0,0.0,0.0,0.0,0.0,0.0,0.0,0.0,0.0,0.0,0.0,0.0,0.0,0.0,0.0,0.0,0.0,0.0,0.0,0.0,0.0,0.0,0.0,0.0,0.0,0.0,0.0,0.20012002,0.0,0.0,0.0,0.0,0.0,0.0
3.9438202,0.28870293,2.2,0.0,0.23076923,0.0,0.2749004,0.0,0.6,0.28643215,0.14285715,0.23076923,0.0,0.0,0.0,0.23076923,0.14285715,0.0,0.0,0.0,0.0,0.0,0.0,0.0,0.0,0.0,0.0,0.0,0.0,0.0,0.0,0.0,0.0,0.0,0.0,0.0,0.0,0.0,0.0,0.0,0.0,0.0,0.0,0.0,0.0,0.0,0.0,0.0,0.0,0.0,0.0,0.0,0.0,0.0,0.0,0.0,0.0,0.0,0.0,0.0,0.0,0.0,0.0,0.0,0.0,0.0,0.0,0.0,0.0,0.0,0.0,0.0,0.0,0.0,0.0,0.0,0.0,0.20754717,0.0,0.0,0.0,0.0,0.0,0.0
3.9717064,0.2904999,2.2,-2.220446e-16,0.23076923,-2.220446e-16,0.2799918,-2.220446e-16,0.6,0.29291883,0.16126035,0.23076923,-2.220446e-16,-2.220446e-16,-2.220446e-16,0.23076923,0.16126035,-2.220446e-16,-2.220446e-16,-2.220446e-16,-2.220446e-16,-2.220446e-16,-2.220446e-16,-2.220446e-16,-2.220446e-16,-2.220446e-16,-2.220446e-16,-2.220446e-16,-2.220446e-16,-2.220446e-16,-2.220446e-16,-2.220446e-16,-2.220446e-16,-2.220446e-16,-2.220446e-16,-2.220446e-16,-2.220446e-16,-2.220446e-16,-2.220446e-16,-2.220446e-16,-2.220446e-16,-2.220446e-16,-2.220446e-16,-2.220446e-16,-2.220446e-16,-2.220446e-16,-2.220446e-16,-2.220446e-16,-2.220446e-16,-2.220446e-16,-2.220446e-16,-2.220446e-16,-2.220446e-16,-2.220446e-16,-2.220446e-16,-2.220446e-16,-2.220446e-16,-2.220446e-16,-2.220446e-16,-2.220446e-16,-2.220446e-16,-2.220446e-16,-2.220446e-16,-2.220446e-16,-2.220446e-16,-2.220446e-16,-2.220446e-16,-2.220446e-16,-2.220446e-16,-2.220446e-16,-2.220446e-16,-2.220446e-16,-2.220446e-16,-2.220446e-16,-2.220446e-16,-2.220446e-16,-2.220446e-16,0.21517757,-2.220446e-16,-2.220446e-16,-2.220446e-16,-2.220446e-16,-2.220446e-16,-2.220446e-16
3.9943247,0.29194632,2.2,0.0,0.23076923,0.0,0.28410915,0.0,0.6,0.29817444,0.1764706,0.23076923,0.0,0.0,0.0,0.23076923,0.1764706,0.0,0.0,0.0,0.0,0.0,0.0,0.0,0.0,0.0,0.0,0.0,0.0,0.0,0.0,0.0,0.0,0.0,0.0,0.0,0.0,0.0,0.0,0.0,0.0,0.0,0.0,0.0,0.0,0.0,0.0,0.0,0.0,0.0,0.0,0.0,0.0,0.0,0.0,0.0,0.0,0.0,0.0,0.0,0.0,0.0,0.0,0.0,0.0,0.0,0.0,0.0,0.0,0.0,0.0,0.0,0.0,0.0,0.0,0.0,0.0,0.22137405,0.0,0.0,0.0,0.0,0.0,0.0
1.2857143,0.23076923,1.0,0.0,0.0,0.0,0.0,0.0,0.6,0.14285715,0.0,0.0,0.0,0.14285715,0.0,0.0,0.0,0.0,0.0,0.0,0.0,0.0,0.0,0.0,0.0,0.0,0.0,0.0,0.0,0.0,0.0,0.0,0.0,0.0,0.0,0.0,0.0,0.0,0.0,0.0,0.0,0.0,0.0,0.0,0.0,0.0,0.0,0.0,0.0,0.0,0.0,0.0,0.0,0.0,0.0,0.0,0.0,0.0,0.0,0.0,0.0,0.0,0.0,0.0,0.0,0.0,0.0,0.0,0.0,0.0,0.0,0.0,0.0,0.0,0.0,0.0,0.0,0.0,0.0,0.0,0.0,0.14285715,0.0,0.14285715
1.1052631,0.29032257,0.875,0.0,0.0,0.0,0.0,0.0,0.53846157,0.1764706,0.0,0.0,0.0,0.1764706,0.0,0.0,0.0,0.0,0.0,0.0,0.0,0.0,0.0,0.0,0.0,0.0,0.0,0.0,0.0,0.0,0.0,0.0,0.0,0.0,0.0,0.0,0.0,0.0,0.0,0.0,0.0,0.0,0.0,0.0,0.0,0.0,0.0,0.0,0.0,0.0,0.0,0.0,0.0,0.0,0.0,0.0,0.0,0.0,0.0,0.0,0.0,0.0,0.0,0.0,0.0,0.0,0.0,0.0,0.0,0.0,0.0,0.0,0.0,0.0,0.0,0.0,0.0,0.0,0.0,0.0,0.0,0.1764706,0.0,0.1764706
0.9512195,0.3559322,0.7647059,0.0,0.0,0.0,0.0,0.0,0.4814815,0.21212122,0.0,0.0,0.0,0.21212122,0.0,0.0,0.0,0.0,0.0,0.0,0.0,0.0,0.0,0.0,0.0,0.0,0.0,0.0,0.0,0.0,0.0,0.0,0.0,0.0,0.0,0.0,0.0,0.0,0.0,0.0,0.0,0.0,0.0,0.0,0.0,0.0,0.0,0.0,0.0,0.0,0.0,0.0,0.0,0.0,0.0,0.0,0.0,0.0,0.0,0.0,0.0,0.0,0.0,0.0,0.0,0.0,0.0,0.0,0.0,0.0,0.0,0.0,0.0,0.0,0.0,0.0,0.0,0.0,0.0,0.0,0.0,0.21212122,0.0,0.21212122
0.8181818,0.42857143,0.6666667,0.0,0.0,0.0,0.0,0.0,0.42857143,0.25,0.0,0.0,0.0,0.25,0.0,0.0,0.0,0.0,0.0,0.0,0.0,0.0,0.0,0.0,0.0,0.0,0.0,0.0,0.0,0.0,0.0,0.0,0.0,0.0,0.0,0.0,0.0,0.0,0.0,0.0,0.0,0.0,0.0,0.0,0.0,0.0,0.0,0.0,0.0,0.0,0.0,0.0,0.0,0.0,0.0,0.0,0.0,0.0,0.0,0.0,0.0,0.0,0.0,0.0,0.0,0.0,0.0,0.0,0.0,0.0,0.0,0.0,0.0,0.0,0.0,0.0,0.0,0.0,0.0,0.0,0.0,0.25,0.0,0.25
3.2105262,0.27272728,1.6666666,0.0,0.0,0.0,0.0,0.0,0.6,0.25,0.0,0.2,0.0,0.23076923,0.0,0.0,0.0,0.0,0.0,0.0,0.25,0.0,0.0,0.0,0.0,0.0,0.0,0.14285715,0.0,0.0,0.0,0.0,0.0,0.0,0.0,0.0,0.0,0.25,0.0,0.0,0.0,0.0,0.0,0.0,0.0,0.0,0.0,0.0,0.0,0.0,0.0,0.0,0.0,0.0,0.0,0.0,0.0,0.0,0.0,0.0,0.0,0.0,0.0,0.0,0.0,0.0,0.0,0.0,0.0,0.0,0.0,0.0,0.0,0.0,0.0,0.0,0.0,0.0,0.0,0.0,0.0,0.2,0.0,0.2
3.255319,0.34615386,1.6086956,0.0,0.0,0.0,0.0,0.0,0.53846157,0.31578946,0.0,0.25,0.0,0.29032257,0.0,0.0,0.0,0.0,0.0,0.0,0.31578946,0.0,0.0,0.0,0.0,0.0,0.0,0.1764706,0.0,0.0,0.0,0.0,0.0,0.0,0.0,0.0,0.0,0.31578946,0.0,0.0,0.0,0.0,0.0,0.0,0.0,0.0,0.0,0.0,0.0,0.0,0.0,0.0,0.0,0.0,0.0,0.0,0.0,0.0,0.0,0.0,0.0,0.0,0.0,0.0,0.0,0.0,0.0,0.0,0.0,0.0,0.0,0.0,0.0,0.0,0.0,0.0,0.0,0.0,0.0,0.0,0.0,0.25,0.0,0.25
3.3010752,0.42857143,1.5531915,0.0,0.0,0.0,0.0,0.0,0.4814815,0.3888889,0.0,0.3043478,0.0,0.3559322,0.0,0.0,0.0,0.0,0.0,0.0,0.3888889,0.0,0.0,0.0,0.0,0.0,0.0,0.21212122,0.0,0.0,0.0,0.0,0.0,0.0,0.0,0.0,0.0,0.3888889,0.0,0.0,0.0,0.0,0.0,0.0,0.0,0.0,0.0,0.0,0.0,0.0,0.0,0.0,0.0,0.0,0.0,0.0,0.0,0.0,0.0,0.0,0.0,0.0,0.0,0.0,0.0,0.0,0.0,0.0,0.0,0.0,0.0,0.0,0.0,0.0,0.0,0.0,0.0,0.0,0.0,0.0,0.0,0.3043478,0.0,0.3043478
3.347826,0.5217391,1.5,0.0,0.0,0.0,0.0,0.0,0.42857143,0.47058824,0.0,0.36363637,0.0,0.42857143,0.0,0.0,0.0,0.0,0.0,0.0,0.47058824,0.0,0.0,0.0,0.0,0.0,0.0,0.25,0.0,0.0,0.0,0.0,0.0,0.0,0.0,0.0,0.0,0.47058824,0.0,0.0,0.0,0.0,0.0,0.0,0.0,0.0,0.0,0.0,0.0,0.0,0.0,0.0,0.0,0.0,0.0,0.0,0.0,0.0,0.0,0.0,0.0,0.0,0.0,0.0,0.0,0.0,0.0,0.0,0.0,0.0,0.0,0.0,0.0,0.0,0.0,0.0,0.0,0.0,0.0,0.0,0.0,0.36363637,0.0,0.36363637
3.255319,0.3559322,1.6086956,0.0,0.0,0.0,0.1764706,0.0,0.53846157,0.29032257,0.0,0.1764706,0.0,0.29032257,0.0,0.1764706,0.0,0.0,0.0,0.0,0.31578946,0.0,0.0,0.0,0.0,0.0,0.0,0.1764706,0.0,0.0,0.0,0.0,0.0,0.0,0.0,0.0,0.0,0.31578946,0.0,0.0,0.0,0.0,0.0,0.0,0.0,0.0,0.0,0.0,0.0,0.0,0.0,0.0,0.0,0.0,0.0,0.0,0.0,0.0,0.0,0.0,0.0,0.0,0.0,0.0,0.0,0.0,0.0,0.0,0.0,0.0,0.0,0.0,0.0,0.0,0.0,0.0,0.0,0.0,0.0,0.0,0.0,0.25,0.0,0.25
3.3010752,0.44144145,1.5531915,0.0,0.0,0.0,0.21212122,0.0,0.4814815,0.3559322,0.0,0.21212122,0.0,0.3559322,0.0,0.21212122,0.0,0.0,0.0,0.0,0.3888889,0.0,0.0,0.0,0.0,0.0,0.0,0.21212122,0.0,0.0,0.0,0.0,0.0,0.0,0.0,0.0,0.0,0.3888889,0.0,0.0,0.0,0.0,0.0,0.0,0.0,0.0,0.0,0.0,0.0,0.0,0.0,0.0,0.0,0.0,0.0,0.0,0.0,0.0,0.0,0.0,0.0,0.0,0.0,0.0,0.0,0.0,0.0,0.0,0.0,0.0,0.0,0.0,0.0,0.0,0.0,0.0,0.0,0.0,0.0,0.0,0.0,0.3043478,0.0,0.3043478
3.347826,0.53846157,1.5,0.0,0.0,0.0,0.25,0.0,0.42857143,0.42857143,0.0,0.25,0.0,0.42857143,0.0,0.25,0.0,0.0,0.0,0.0,0.47058824,0.0,0.0,0.0,0.0,0.0,0.0,0.25,0.0,0.0,0.0,0.0,0.0,0.0,0.0,0.0,0.0,0.47058824,0.0,0.0,0.0,0.0,0.0,0.0,0.0,0.0,0.0,0.0,0.0,0.0,0.0,0.0,0.0,0.0,0.0,0.0,0.0,0.0,0.0,0.0,0.0,0.0,0.0,0.0,0.0,0.0,0.0,0.0,0.0,0.0,0.0,0.0,0.0,0.0,0.0,0.0,0.0,0.0,0.0,0.0,0.0,0.36363637,0.0,0.36363637
1.726653,0.16234018,1.265861,0.0,0.0,0.0,0.019367991,0.0,0.6666667,0.12179487,0.0,0.029336078,0.025991792,0.08225108,0.0,0.019367991,0.0,0.0,0.0,0.0,0.0,0.0,0.0,0.0,0.0,0.0,0.0,0.0,0.0,0.0,0.0,0.0,0.0,0.0,0.0,0.0,0.0,0.0,0.0,0.0,0.0,0.0,0.0,0.0,0.0,0.0,0.0,0.0,0.0,0.0,0.0,0.0,0.0,0.0,0.0,0.0,0.0,0.0,0.0,0.0,0.0,0.0,0.0,0.0,0.0,0.0,0.0,0.0,0.0,0.0,0.0,0.0,0.0,0.0,0.0,0.0,0.0,0.019367991,0.0,0.0,0.0,0.08225108,0.0,0.08225108
1.6425315,0.18152101,1.2117369,0.0,0.0,0.0,0.021346135,0.0,0.6393443,0.13562621,0.0,0.032364633,0.028665477,0.09122654,0.0,0.021346135,0.0,0.0,0.0,0.0,0.0,0.0,0.0,0.0,0.0,0.0,0.0,0.0,0.0,0.0,0.0,0.0,0.0,0.0,0.0,0.0,0.0,0.0,0.0,0.0,0.0,0.0,0.0,0.0,0.0,0.0,0.0,0.0,0.0,0.0,0.0,0.0,0.0,0.0,0.0,0.0,0.0,0.0,0.0,0.0,0.0,0.0,0.0,0.0,0.0,0.0,0.0,0.0,0.0,0.0,0.0,0.0,0.0,0.0,0.0,0.0,0.0,0.021346135,0.0,0.0,0.0,0.09122654,0.0,0.09122654
1.5634453,0.2013455,1.1601382,0.0,0.0,0.0,0.023331968,0.0,0.61290324,0.1498029,0.0,0.03541106,0.031353135,0.100352116,0.0,0.023331968,0.0,0.0,0.0,0.0,0.0,0.0,0.0,0.0,0.0,0.0,0.0,0.0,0.0,0.0,0.0,0.0,0.0,0.0,0.0,0.0,0.0,0.0,0.0,0.0,0.0,0.0,0.0,0.0,0.0,0.0,0.0,0.0,0.0,0.0,0.0,0.0,0.0,0.0,0.0,0.0,0.0,0.0,0.0,0.0,0.0,0.0,0.0,0.0,0.0,0.0,0.0,0.0,0.0,0.0,0.0,0.0,0.0,0.0,0.0,0.0,0.0,0.023331968,0.0,0.0,0.0,0.100352116,0.0,0.100352116
1.4889553,0.22184661,1.1108922,0.0,0.0,0.0,0.02532554,0.0,0.5873016,0.164338,0.0,0.038475517,0.034054875,0.109631605,0.0,0.02532554,0.0,0.0,0.0,0.0,0.0,0.0,0.0,0.0,0.0,0.0,0.0,0.0,0.0,0.0,0.0,0.0,0.0,0.0,0.0,0.0,0.0,0.0,0.0,0.0,0.0,0.0,0.0,0.0,0.0,0.0,0.0,0.0,0.0,0.0,0.0,0.0,0.0,0.0,0.0,0.0,0.0,0.0,0.0,0.0,0.0,0.0,0.0,0.0,0.0,0.0,0.0,0.0,0.0,0.0,0.0,0.0,0.0,0.0,0.0,0.0,0.0,0.02532554,0.0,0.0,0.0,0.109631605,0.0,0.109631605
1.5346214,0.20749006,1.1444808,0.0,0.0,0.0,0.020684164,0.0,0.61290324,0.13097224,0.0,0.031350475,0.027770355,0.11243058,0.0,0.020684164,0.0,0.0,0.0,0.0,0.0,0.0,0.0,0.0,0.0,0.0,0.0,0.0,0.0,0.0,0.0,0.0,0.0,0.0,0.0,0.0,0.0,0.0,0.0,0.0,0.0,0.0,0.0,0.0,0.0,0.0,0.0,0.0,0.0,0.0,0.0,0.0,0.0,0.0,0.0,0.0,0.0,0.0,0.0,0.0,0.0,0.0,0.0,0.0,0.0,0.0,0.0,0.0,0.0,0.0,0.0,0.0,0.0,0.0,0.0,0.0,0.0,0.020684164,0.0,0.0,0.0,0.08821625,0.0,0.08821625
1.5265046,0.20926504,1.1400446,0.0,0.0,0.0,0.019934623,0.0,0.61289024,0.12571503,0.0,0.030202975,0.026757294,0.11593132,0.0,0.019934623,0.0,0.0,0.0,0.0,0.0,0.0,0.0,0.0,0.0,0.0,0.0,0.0,0.0,0.0,0.0,0.0,0.0,0.0,0.0,0.0,0.0,0.0,0.0,0.0,0.0,0.0,0.0,0.0,0.0,0.0,0.0,0.0,0.0,0.0,0.0,0.0,0.0,0.0,0.0,0.0,0.0,0.0,0.0,0.0,0.0,0.0,0.0,0.0,0.0,0.0,0.0,0.0,0.0,0.0,0.0,0.0,0.0,0.0,0.0,0.0,0.0,0.019934623,0.0,0.0,0.0,0.084798716,0.0,0.084798716
1.5120579,0.21244873,1.1321355,2.220446e-16,2.220446e-16,2.220446e-16,0.01857888,2.220446e-16,0.61290324,0.11635622,2.220446e-16,0.028129626,0.024926206,0.12228407,2.220446e-16,0.01857888,2.220446e-16,2.220446e-16,2.220446e-16,2.220446e-16,2.220446e-16,2.220446e-16,2.220446e-16,2.220446e-16,2.220446e-16,2.220446e-16,2.220446e-16,2.220446e-16,2.220446e-16,2.220446e-16,2.220446e-16,2.220446e-16,2.220446e-16,2.220446e-16,2.220446e-16,2.220446e-16,2.220446e-16,2.220446e-16,2.220446e-16,2.220446e-16,2.220446e-16,2.220446e-16,2.220446e-16,2.220446e-16,2.220446e-16,2.220446e-16,2.220446e-16,2.220446e-16,2.220446e-16,2.220446e-16,2.220446e-16,2.220446e-16,2.220446e-16,2.220446e-16,2.220446e-16,2.220446e-16,2.220446e-16,2.220446e-16,2.220446e-16,2.220446e-16,2.220446e-16,2.220446e-16,2.220446e-16,2.220446e-16,2.220446e-16,2.220446e-16,2.220446e-16,2.220446e-16,2.220446e-16,2.220446e-16,2.220446e-16,2.220446e-16,2.220446e-16,2.220446e-16,2.220446e-16,2.220446e-16,2.220446e-16,0.01857888,2.220446e-16,2.220446e-16,2.220446e-16,0.07870211,2.220446e-16,0.07870211
1.4789292,0.2199656,1.1138669,0.0,0.0,0.0,0.015434606,0.0,0.61290324,0.095118895,0.0,0.023331968,0.0206859,0.13739763,0.0,0.015434606,0.0,0.0,0.0,0.0,0.0,0.0,0.0,0.0,0.0,0.0,0.0,0.0,0.0,0.0,0.0,0.0,0.0,0.0,0.0,0.0,0.0,0.0,0.0,0.0,0.0,0.0,0.0,0.0,0.0,0.0,0.0,0.0,0.0,0.0,0.0,0.0,0.0,0.0,0.0,0.0,0.0,0.0,0.0,0.0,0.0,0.0,0.0,0.0,0.0,0.0,0.0,0.0,0.0,0.0,0.0,0.0,0.0,0.0,0.0,0.0,0.0,0.015434606,0.0,0.0,0.0,0.06473595,0.0,0.06473595
2.116883,0.1299435,1.5423728,0.0,0.0,0.0,0.041666668,0.0,0.8791946,0.05263158,0.0,0.0,0.0,0.05263158,0.0,0.041666668,0.0,0.0,0.0,0.0,0.0,0.0,0.0,0.0,0.0,0.0,0.0,0.0,0.0,0.0,0.0,0.0,0.0,0.0,0.0,0.0,0.0,0.0,0.0,0.0,0.0,0.0,0.0,0.0,0.0,0.0,0.0,0.0,0.0,0.0,0.0,0.0,0.0,0.0,0.0,0.0,0.0,0.0,0.0,0.0,0.0,0.0,0.0,0.0,0.0,0.0,0.0,0.0,0.0,0.0,0.0,0.0,0.0,0.0,0.0,0.0,0.0,0.0,0.0,0.0,0.0,0.05263158,0.0,0.05263158
1.9034599,0.18110469,1.419511,0.0,0.0,0.0,0.056367785,0.0,0.84220225,0.07140944,0.0,0.0,0.0,0.07140944,0.0,0.056367785,0.0,0.0,0.0,0.0,0.0,0.0,0.0,0.0,0.0,0.0,0.0,0.0,0.0,0.0,0.0,0.0,0.0,0.0,0.0,0.0,0.0,0.0,0.0,0.0,0.0,0.0,0.0,0.0,0.0,0.0,0.0,0.0,0.0,0.0,0.0,0.0,0.0,0.0,0.0,0.0,0.0,0.0,0.0,0.0,0.0,0.0,0.0,0.0,0.0,0.0,0.0,0.0,0.0,0.0,0.0,0.0,0.0,0.0,0.0,0.0,0.0,0.0,0.0,0.0,0.0,0.07140944,0.0,0.07140944
1.7167761,0.23711085,1.3075503,0.0,0.0,0.0,0.07139796,0.0,0.8063584,0.09092893,0.0,0.0,0.0,0.09092893,0.0,0.07139796,0.0,0.0,0.0,0.0,0.0,0.0,0.0,0.0,0.0,0.0,0.0,0.0,0.0,0.0,0.0,0.0,0.0,0.0,0.0,0.0,0.0,0.0,0.0,0.0,0.0,0.0,0.0,0.0,0.0,0.0,0.0,0.0,0.0,0.0,0.0,0.0,0.0,0.0,0.0,0.0,0.0,0.0,0.0,0.0,0.0,0.0,0.0,0.0,0.0,0.0,0.0,0.0,0.0,0.0,0.0,0.0,0.0,0.0,0.0,0.0,0.0,0.0,0.0,0.0,0.0,0.09092893,0.0,0.09092893
1.5531915,0.2987013,1.2058823,-2.220446e-16,-2.220446e-16,-2.220446e-16,0.08695652,-2.220446e-16,0.7721519,0.11111111,-2.220446e-16,-2.220446e-16,-2.220446e-16,0.11111111,-2.220446e-16,0.08695652,-2.220446e-16,-2.220446e-16,-2.220446e-16,-2.220446e-16,-2.220446e-16,-2.220446e-16,-2.220446e-16,-2.220446e-16,-2.220446e-16,-2.220446e-16,-2.220446e-16,-2.220446e-16,-2.220446e-16,-2.220446e-16,-2.220446e-16,-2.220446e-16,-2.220446e-16,-2.220446e-16,-2.220446e-16,-2.220446e-16,-2.220446e-16,-2.220446e-16,-2.220446e-16,-2.220446e-16,-2.220446e-16,-2.220446e-16,-2.220446e-16,-2.220446e-16,-2.220446e-16,-2.220446e-16,-2.220446e-16,-2.220446e-16,-2.220446e-16,-2.220446e-16,-2.220446e-16,-2.220446e-16,-2.220446e-16,-2.220446e-16,-2.220446e-16,-2.220446e-16,-2.220446e-16,-2.220446e-16,-2.220446e-16,-2.220446e-16,-2.220446e-16,-2.220446e-16,-2.220446e-16,-2.220446e-16,-2.220446e-16,-2.220446e-16,-2.220446e-16,-2.220446e-16,-2.220446e-16,-2.220446e-16,-2.220446e-16,-2.220446e-16,-2.220446e-16,-2.220446e-16,-2.220446e-16,-2.220446e-16,-2.220446e-16,-2.220446e-16,-2.220446e-16,-2.220446e-16,-2.220446e-16,0.11111111,-2.220446e-16,0.11111111
3.7058823,0.29032257,1.0,0.0,0.0,0.0,0.0,0.0,0.6,0.30232558,0.0,0.0,0.0,0.23076923,0.0,0.0,0.0,0.0,0.0,0.0,0.23076923,0.0,0.0,0.0,0.0,0.0,0.0,0.0,0.0,0.0,0.0,0.0,0.0,0.0,0.0,0.0,0.0,0.27272728,0.0,0.0,0.0,0.0,0.0,0.0,0.0,0.0,0.0,0.0,0.0,0.0,0.0,0.0,0.0,0.0,0.0,0.0,0.0,0.0,0.0,0.0,0.0,0.0,0.0,0.0,0.0,0.0,0.0,0.0,0.0,0.0,0.0,0.0,0.0,0.0,0.0,0.0,0.0,0.2,0.0,0.0,0.0,0.23076923,0.0,0.0
3.6146746,0.27991807,1.2241993,0.0,0.0,0.0,0.05307498,0.0,0.7513135,0.21013053,0.0,0.0,0.0,0.16312882,0.0,0.05307498,0.0,0.0,0.0,0.0,0.16312882,0.0,0.0,0.0,0.0,0.0,0.0,0.0,0.0,0.0,0.0,0.0,0.0,0.0,0.0,0.0,0.0,0.19088125,0.0,0.0,0.0,0.0,0.0,0.0,0.0,0.0,0.0,0.0,0.0,0.0,0.0,0.0,0.0,0.0,0.0,0.0,0.0,0.0,0.0,0.0,0.0,0.0,0.0,0.0,0.0,0.0,0.0,0.0,0.0,0.0,0.0,0.0,0.0,0.0,0.0,0.0,0.0,0.14242193,0.0,0.0,0.0,0.16312882,0.0,0.0
3.5864546,0.27665007,1.3062731,0.0,0.0,0.0,0.071122535,0.0,0.80551976,0.183532,0.0,0.0,0.0,0.14318377,0.0,0.071122535,0.0,0.0,0.0,0.0,0.14318377,0.0,0.0,0.0,0.0,0.0,0.0,0.0,0.0,0.0,0.0,0.0,0.0,0.0,0.0,0.0,0.0,0.16705568,0.0,0.0,0.0,0.0,0.0,0.0,0.0,0.0,0.0,0.0,0.0,0.0,0.0,0.0,0.0,0.0,0.0,0.0,0.0,0.0,0.0,0.0,0.0,0.0,0.0,0.0,0.0,0.0,0.0,0.0,0.0,0.0,0.0,0.0,0.0,0.0,0.0,0.0,0.0,0.12528132,0.0,0.0,0.0,0.14318377,0.0,0.0
3.528302,0.26984128,1.5,0.0,0.0,0.0,0.11111111,0.0,0.9310345,0.13131313,0.0,0.0,0.0,0.10344828,0.0,0.11111111,0.0,0.0,0.0,0.0,0.10344828,0.0,0.0,0.0,0.0,0.0,0.0,0.0,0.0,0.0,0.0,0.0,0.0,0.0,0.0,0.0,0.0,0.12,0.0,0.0,0.0,0.0,0.0,0.0,0.0,0.0,0.0,0.0,0.0,0.0,0.0,0.0,0.0,0.0,0.0,0.0,0.0,0.0,0.0,0.0,0.0,0.0,0.0,0.0,0.0,0.0,0.0,0.0,0.0,0.0,0.0,0.0,0.0,0.0,0.0,0.0,0.0,0.09090909,0.0,0.0,0.0,0.10344828,0.0,0.0
1.7149321,0.23708789,1.3062731,0.0,0.0,0.0,0.071122535,0.0,0.80551976,0.09110747,0.0,0.0,0.0,0.09110747,0.0,0.071122535,0.0,0.0,0.0,0.0,0.0,0.0,0.0,0.0,0.0,0.0,0.0,0.0,0.0,0.0,0.0,0.0,0.0,0.0,0.0,0.0,0.0,0.0,0.0,0.0,0.0,0.0,0.0,0.0,0.0,0.0,0.0,0.0,0.0,0.0,0.0,0.0,0.0,0.0,0.0,0.0,0.0,0.0,0.0,0.0,0.0,0.0,0.0,0.0,0.0,0.0,0.0,0.0,0.0,0.0,0.0,0.0,0.0,0.0,0.0,0.0,0.0,0.0,0.0,0.0,0.0,0.09110747,0.0,0.09110747
3.3636363,0.25,2.3333333,0.0,0.0,0.0,0.25,0.0,1.4347826,0.0,0.0,0.0,0.0,0.0,0.0,0.25,0.0,0.0,0.0,0.0,0.0,0.0,0.0,0.0,0.0,0.0,0.0,0.0,0.0,0.0,0.0,0.0,0.0,0.0,0.0,0.0,0.0,0.0,0.0,0.0,0.0,0.0,0.0,0.0,0.0,0.0,0.0,0.0,0.0,0.0,0.0,0.0,0.0,0.0,0.0,0.0,0.0,0.0,0.0,0.0,0.0,0.0,0.0,0.0,0.0,0.0,0.0,0.0,0.0,0.0,0.0,0.0,0.0,0.0,0.0,0.0,0.0,0.0,0.0,0.0,0.0,0.0,0.0,0.0
