smiles,umap_1,umap_2,selected,random_state,n_neighbors,min_dist,metric,initialization,scaling
C,2.2261932,9.095952,True,48,5,0.8,euclidean,random,StandardScaler_per_sample_dimension
O,2.214988,9.08773,True,48,5,0.8,euclidean,random,StandardScaler_per_sample_dimension
CC,2.30715,8.788695,True,48,5,0.8,euclidean,random,StandardScaler_per_sample_dimension
C1=CC=CC=C1,3.0160363,8.9514675,True,48,5,0.8,euclidean,random,StandardScaler_per_sample_dimension
C=O,2.2748992,9.216168,True,48,5,0.8,euclidean,random,StandardScaler_per_sample_dimension
CC1=CC=CC=C1,2.719546,9.241418,True,48,5,0.8,euclidean,random,StandardScaler_per_sample_dimension
CO,2.1714458,9.358794,True,48,5,0.8,euclidean,random,StandardScaler_per_sample_dimension
CC=O,2.4507048,9.23545,True,48,5,0.8,euclidean,random,StandardScaler_per_sample_dimension
CCC,2.6239586,8.1617985,True,48,5,0.8,euclidean,random,StandardScaler_per_sample_dimension
N,5.352913,11.138104,True,48,5,0.8,euclidean,random,StandardScaler_per_sample_dimension
CN,5.4864597,11.302722,True,48,5,0.8,euclidean,random,StandardScaler_per_sample_dimension
COC,3.1874526,9.593787,True,48,5,0.8,euclidean,random,StandardScaler_per_sample_dimension
OC1=CC=CC=C1,3.8006973,5.538029,True,48,5,0.8,euclidean,random,StandardScaler_per_sample_dimension
O=CC1=CC=CC=C1,2.5370364,9.365015,True,48,5,0.8,euclidean,random,StandardScaler_per_sample_dimension
CCN,5.8226166,11.16924,True,48,5,0.8,euclidean,random,StandardScaler_per_sample_dimension
CNC,5.5746865,11.105019,True,48,5,0.8,euclidean,random,StandardScaler_per_sample_dimension
CCNC,5.795218,11.235343,True,48,5,0.8,euclidean,random,StandardScaler_per_sample_dimension
NC1=CC=CC=C1,5.158429,11.012816,True,48,5,0.8,euclidean,random,StandardScaler_per_sample_dimension
P,-9.849952,9.377611,True,48,5,0.8,euclidean,random,StandardScaler_per_sample_dimension
O=P,-9.881388,9.471415,True,48,5,0.8,euclidean,random,StandardScaler_per_sample_dimension
CNC=O,5.731473,11.301734,False,48,5,0.8,euclidean,random,StandardScaler_per_sample_dimension
NC=O,6.184747,11.201159,False,48,5,0.8,euclidean,random,StandardScaler_per_sample_dimension
CNC(C)=O,5.900065,11.176027,False,48,5,0.8,euclidean,random,StandardScaler_per_sample_dimension
CC(N)=O,6.0856595,11.265145,True,48,5,0.8,euclidean,random,StandardScaler_per_sample_dimension
CCO,2.1484427,9.580062,True,48,5,0.8,euclidean,random,StandardScaler_per_sample_dimension
COC1=CC=CC=C1,3.9696734,5.2123103,True,48,5,0.8,euclidean,random,StandardScaler_per_sample_dimension
CNC1=CC=CC=C1,4.8136244,10.75913,True,48,5,0.8,euclidean,random,StandardScaler_per_sample_dimension
CCC1=CC=CC=C1,2.511829,5.46508,True,48,5,0.8,euclidean,random,StandardScaler_per_sample_dimension
CCOC,2.5264752,9.634073,True,48,5,0.8,euclidean,random,StandardScaler_per_sample_dimension
CCNC1=CC=CC=C1,4.843305,10.732171,True,48,5,0.8,euclidean,random,StandardScaler_per_sample_dimension
O=CO,3.1491728,9.699327,False,48,5,0.8,euclidean,random,StandardScaler_per_sample_dimension
CC1=CC=C(O)C=C1,3.6742923,5.383567,True,48,5,0.8,euclidean,random,StandardScaler_per_sample_dimension
O=CNC1=CC=CC=C1,4.5980563,10.78523,False,48,5,0.8,euclidean,random,StandardScaler_per_sample_dimension
CC(=O)NC1=CC=CC=C1,4.5870347,10.941325,False,48,5,0.8,euclidean,random,StandardScaler_per_sample_dimension
COC=O,3.2132514,9.877151,True,48,5,0.8,euclidean,random,StandardScaler_per_sample_dimension
NCC1=CC=CC=C1,6.26243,11.8456545,True,48,5,0.8,euclidean,random,StandardScaler_per_sample_dimension
CNCC1=CC=CC=C1,6.505717,11.722781,False,48,5,0.8,euclidean,random,StandardScaler_per_sample_dimension
CC(=O)O,3.2326376,9.988528,False,48,5,0.8,euclidean,random,StandardScaler_per_sample_dimension
OP,4.2633142,26.38972,True,48,5,0.8,euclidean,random,StandardScaler_per_sample_dimension
CCC=O,2.396449,7.7982645,True,48,5,0.8,euclidean,random,StandardScaler_per_sample_dimension
CP,10.974233,1.1020662,True,48,5,0.8,euclidean,random,StandardScaler_per_sample_dimension
O=PO,4.4146986,26.568682,False,48,5,0.8,euclidean,random,StandardScaler_per_sample_dimension
CC(C)C,2.3981166,5.3998785,True,48,5,0.8,euclidean,random,StandardScaler_per_sample_dimension
COC(C)=O,3.1827135,9.879324,True,48,5,0.8,euclidean,random,StandardScaler_per_sample_dimension
CCCC,2.7875369,7.8696632,True,48,5,0.8,euclidean,random,StandardScaler_per_sample_dimension
CNC(=O)C1=CC=CC=C1,6.164575,11.587909,True,48,5,0.8,euclidean,random,StandardScaler_per_sample_dimension
NC(=O)C1=CC=CC=C1,6.2435265,11.888749,False,48,5,0.8,euclidean,random,StandardScaler_per_sample_dimension
COP,4.3819327,26.459908,False,48,5,0.8,euclidean,random,StandardScaler_per_sample_dimension
COP=O,4.285682,26.357311,False,48,5,0.8,euclidean,random,StandardScaler_per_sample_dimension
CCNCC,6.6078997,11.40721,True,48,5,0.8,euclidean,random,StandardScaler_per_sample_dimension
CP=O,10.851063,1.4537627,True,48,5,0.8,euclidean,random,StandardScaler_per_sample_dimension
PC1=CC=CC=C1,11.195213,0.8494279,False,48,5,0.8,euclidean,random,StandardScaler_per_sample_dimension
C1=CC=C(CC2=CC=CC=C2)C=C1,2.5345826,5.921353,True,48,5,0.8,euclidean,random,StandardScaler_per_sample_dimension
CCNC=O,6.4556055,10.917043,True,48,5,0.8,euclidean,random,StandardScaler_per_sample_dimension
CCOCC,3.1860094,11.074486,True,48,5,0.8,euclidean,random,StandardScaler_per_sample_dimension
CCNC(C)=O,6.614125,11.099746,False,48,5,0.8,euclidean,random,StandardScaler_per_sample_dimension
CC1=CC(C)=CC=C1,-5.4623075,10.025659,True,48,5,0.8,euclidean,random,StandardScaler_per_sample_dimension
CC1=CC=CC(C)=C1,-5.444021,10.034977,False,48,5,0.8,euclidean,random,StandardScaler_per_sample_dimension
O=PC1=CC=CC=C1,10.657141,1.7249185,False,48,5,0.8,euclidean,random,StandardScaler_per_sample_dimension
C1=CC=C(CNC2=CC=CC=C2)C=C1,4.336214,11.117877,True,48,5,0.8,euclidean,random,StandardScaler_per_sample_dimension
CCOC=O,3.0109348,11.000192,True,48,5,0.8,euclidean,random,StandardScaler_per_sample_dimension
CC1=CC=C(C)C=C1,2.229413,10.660845,True,48,5,0.8,euclidean,random,StandardScaler_per_sample_dimension
CCOC(C)=O,2.9537444,11.188035,True,48,5,0.8,euclidean,random,StandardScaler_per_sample_dimension
O=C(NC1=CC=CC=C1)C1=CC=CC=C1,4.372346,11.101231,False,48,5,0.8,euclidean,random,StandardScaler_per_sample_dimension
POC1=CC=CC=C1,9.65331,10.22888,False,48,5,0.8,euclidean,random,StandardScaler_per_sample_dimension
O=POC1=CC=CC=C1,9.437865,10.290007,False,48,5,0.8,euclidean,random,StandardScaler_per_sample_dimension
OCC1=CC=CC=C1,1.9387425,10.850177,True,48,5,0.8,euclidean,random,StandardScaler_per_sample_dimension
CN(C)C,14.475025,0.9665149,True,48,5,0.8,euclidean,random,StandardScaler_per_sample_dimension
CCCN,2.5685825,7.748227,True,48,5,0.8,euclidean,random,StandardScaler_per_sample_dimension
CCN(C)C,6.5750737,11.564781,True,48,5,0.8,euclidean,random,StandardScaler_per_sample_dimension
CCCCC,2.8772218,7.809651,True,48,5,0.8,euclidean,random,StandardScaler_per_sample_dimension
CPC,11.040464,0.9589527,False,48,5,0.8,euclidean,random,StandardScaler_per_sample_dimension
O=C(O)C1=CC=CC=C1,1.8344091,10.392816,False,48,5,0.8,euclidean,random,StandardScaler_per_sample_dimension
CCC1=CC=C(O)C=C1,2.793604,5.450249,True,48,5,0.8,euclidean,random,StandardScaler_per_sample_dimension
COCC1=CC=CC=C1,2.5427003,11.179425,False,48,5,0.8,euclidean,random,StandardScaler_per_sample_dimension
CC1=C(C)C=CC=C1,8.977784,28.850378,True,48,5,0.8,euclidean,random,StandardScaler_per_sample_dimension
CC1=CC=CC=C1C,8.924286,28.814226,False,48,5,0.8,euclidean,random,StandardScaler_per_sample_dimension
CPC1=CC=CC=C1,11.012746,1.0310184,True,48,5,0.8,euclidean,random,StandardScaler_per_sample_dimension
CC1=CC=C(C=O)C=C1,2.2036858,9.829492,True,48,5,0.8,euclidean,random,StandardScaler_per_sample_dimension
COC(=O)C1=CC=CC=C1,2.603447,11.222119,True,48,5,0.8,euclidean,random,StandardScaler_per_sample_dimension
COC1=CC=C(C)C=C1,4.3004365,5.225138,True,48,5,0.8,euclidean,random,StandardScaler_per_sample_dimension
CC1=CC(C=O)=CC=C1,-5.663713,9.90845,True,48,5,0.8,euclidean,random,StandardScaler_per_sample_dimension
CC1=CC=CC(C=O)=C1,-5.311908,10.104315,False,48,5,0.8,euclidean,random,StandardScaler_per_sample_dimension
CC(C)C1=CC=CC=C1,2.3725512,5.3654146,True,48,5,0.8,euclidean,random,StandardScaler_per_sample_dimension
CCCNC,4.9350214,-0.38812497,True,48,5,0.8,euclidean,random,StandardScaler_per_sample_dimension
CCN(C)CC,6.731052,11.155051,True,48,5,0.8,euclidean,random,StandardScaler_per_sample_dimension
C[PH](C)=O,10.779989,1.5900241,True,48,5,0.8,euclidean,random,StandardScaler_per_sample_dimension
CCCC=O,2.5149682,7.7729993,True,48,5,0.8,euclidean,random,StandardScaler_per_sample_dimension
C[PH](=O)C1=CC=CC=C1,10.667121,1.4812235,True,48,5,0.8,euclidean,random,StandardScaler_per_sample_dimension
CC1=C(C=O)C=CC=C1,6.1989403,12.516385,True,48,5,0.8,euclidean,random,StandardScaler_per_sample_dimension
CC1=CC=CC=C1C=O,6.1854506,12.4356165,False,48,5,0.8,euclidean,random,StandardScaler_per_sample_dimension
CC(C1=CC=CC=C1)C1=CC=CC=C1,2.7021785,5.797426,False,48,5,0.8,euclidean,random,StandardScaler_per_sample_dimension
OC1=CC=C(CC2=CC=CC=C2)C=C1,3.1255488,5.75629,False,48,5,0.8,euclidean,random,StandardScaler_per_sample_dimension
O=CC1=CC(C=O)=CC=C1,-5.0856133,10.129687,True,48,5,0.8,euclidean,random,StandardScaler_per_sample_dimension
O=CC1=CC=CC(C=O)=C1,-5.0738206,10.1566725,False,48,5,0.8,euclidean,random,StandardScaler_per_sample_dimension
CCCCCC,3.228733,7.716745,True,48,5,0.8,euclidean,random,StandardScaler_per_sample_dimension
CPO,7.298976,18.37267,False,48,5,0.8,euclidean,random,StandardScaler_per_sample_dimension
C[PH](=O)O,7.2619267,18.391613,False,48,5,0.8,euclidean,random,StandardScaler_per_sample_dimension
CCOCC1=CC=CC=C1,2.8232625,11.345234,False,48,5,0.8,euclidean,random,StandardScaler_per_sample_dimension
CC(C)(C)C,2.7203782,6.108343,False,48,5,0.8,euclidean,random,StandardScaler_per_sample_dimension
OCCO,11.723517,9.717437,True,48,5,0.8,euclidean,random,StandardScaler_per_sample_dimension
C1=CC=C(OC2=CC=CC=C2)C=C1,3.8346522,4.526361,True,48,5,0.8,euclidean,random,StandardScaler_per_sample_dimension
CNCC1=CC(C)=CC=C1,17.518812,10.557297,True,48,5,0.8,euclidean,random,StandardScaler_per_sample_dimension
CNCC1=CC=CC(C)=C1,17.464207,10.670773,False,48,5,0.8,euclidean,random,StandardScaler_per_sample_dimension
COCCO,11.918702,9.89041,True,48,5,0.8,euclidean,random,StandardScaler_per_sample_dimension
CC1=CC(CN)=CC=C1,-4.4156165,10.090445,False,48,5,0.8,euclidean,random,StandardScaler_per_sample_dimension
CC1=CC=CC(CN)=C1,-4.4956355,10.350127,False,48,5,0.8,euclidean,random,StandardScaler_per_sample_dimension
CCOC(=O)C1=CC=CC=C1,2.865843,11.241576,False,48,5,0.8,euclidean,random,StandardScaler_per_sample_dimension
CCC(=O)NC,5.201022,0.10023107,False,48,5,0.8,euclidean,random,StandardScaler_per_sample_dimension
CCC(N)=O,5.2442217,-0.21893741,True,48,5,0.8,euclidean,random,StandardScaler_per_sample_dimension
C1=CC=C(PC2=CC=CC=C2)C=C1,11.0333,1.1112071,False,48,5,0.8,euclidean,random,StandardScaler_per_sample_dimension
CC(C)(C1=CC=CC=C1)C1=CC=CC=C1,2.8505926,6.058316,False,48,5,0.8,euclidean,random,StandardScaler_per_sample_dimension
O=CC1=C(C=O)C=CC=C1,8.917068,28.80974,False,48,5,0.8,euclidean,random,StandardScaler_per_sample_dimension
O=CC1=CC=CC=C1C=O,8.987932,28.921825,False,48,5,0.8,euclidean,random,StandardScaler_per_sample_dimension
OC1=CC=C(CC2=CC=C(O)C=C2)C=C1,2.796235,6.2062483,False,48,5,0.8,euclidean,random,StandardScaler_per_sample_dimension
CC(C)C1=CC=C(O)C=C1,2.6115396,5.4732447,False,48,5,0.8,euclidean,random,StandardScaler_per_sample_dimension
COPC,7.3106403,18.336586,False,48,5,0.8,euclidean,random,StandardScaler_per_sample_dimension
O=COCCO,11.917916,9.734746,True,48,5,0.8,euclidean,random,StandardScaler_per_sample_dimension
CNC(=O)C1=CC(C)=CC=C1,17.256144,10.39192,True,48,5,0.8,euclidean,random,StandardScaler_per_sample_dimension
CNC(=O)C1=CC=CC(C)=C1,17.406126,10.464877,False,48,5,0.8,euclidean,random,StandardScaler_per_sample_dimension
CO[PH](C)=O,7.3643703,18.342495,False,48,5,0.8,euclidean,random,StandardScaler_per_sample_dimension
CC1=CC(C(N)=O)=CC=C1,-4.6504035,10.046633,True,48,5,0.8,euclidean,random,StandardScaler_per_sample_dimension
CC1=CC=CC(C(N)=O)=C1,-4.6869097,10.191772,False,48,5,0.8,euclidean,random,StandardScaler_per_sample_dimension
CC(C1=CC=CC=C1)C1=CC=C(O)C=C1,2.6316245,5.7068686,False,48,5,0.8,euclidean,random,StandardScaler_per_sample_dimension
CCCCN,2.6395538,7.5324254,True,48,5,0.8,euclidean,random,StandardScaler_per_sample_dimension
O=CC1=CC=C(C=O)C=C1,2.2576141,11.022821,True,48,5,0.8,euclidean,random,StandardScaler_per_sample_dimension
CCOCCO,11.853083,9.789412,True,48,5,0.8,euclidean,random,StandardScaler_per_sample_dimension
CC1=CC=CC=C1CN,23.944939,2.172644,False,48,5,0.8,euclidean,random,StandardScaler_per_sample_dimension
CC1=CC=CC=C1C(N)=O,6.141765,12.410818,True,48,5,0.8,euclidean,random,StandardScaler_per_sample_dimension
NCC1=CC=CC=C1C=O,6.0558624,12.498279,False,48,5,0.8,euclidean,random,StandardScaler_per_sample_dimension
C1=CC2=C(C=C1)CNC2,23.797894,2.3857388,False,48,5,0.8,euclidean,random,StandardScaler_per_sample_dimension
C1=CC=C2CNCC2=C1,23.941843,2.4332845,False,48,5,0.8,euclidean,random,StandardScaler_per_sample_dimension
O=C1NCC2=C1C=CC=C2,6.121864,12.422054,False,48,5,0.8,euclidean,random,StandardScaler_per_sample_dimension
O=C1NCC2=CC=CC=C12,6.2236547,12.536757,False,48,5,0.8,euclidean,random,StandardScaler_per_sample_dimension
CN(C)CC1=CC=CC=C1,14.262332,0.81477827,True,48,5,0.8,euclidean,random,StandardScaler_per_sample_dimension
CC(=O)OCCO,11.943811,9.859239,False,48,5,0.8,euclidean,random,StandardScaler_per_sample_dimension
NC(=O)C1=CC=CC=C1C=O,23.803425,2.3245919,False,48,5,0.8,euclidean,random,StandardScaler_per_sample_dimension
O=C1NC(=O)C2=C1C=CC=C2,23.784826,2.3616762,False,48,5,0.8,euclidean,random,StandardScaler_per_sample_dimension
O=C1NC(=O)C2=CC=CC=C12,23.737257,2.380406,False,48,5,0.8,euclidean,random,StandardScaler_per_sample_dimension
CC(C1=CC=C(O)C=C1)C1=CC=C(O)C=C1,3.0515878,5.8136535,False,48,5,0.8,euclidean,random,StandardScaler_per_sample_dimension
CCCO,8.275019,-16.33562,True,48,5,0.8,euclidean,random,StandardScaler_per_sample_dimension
O=[PH](C1=CC=CC=C1)C1=CC=CC=C1,10.839822,1.4479991,False,48,5,0.8,euclidean,random,StandardScaler_per_sample_dimension
CC1=C(O)C=CC=C1,23.045319,9.452121,True,48,5,0.8,euclidean,random,StandardScaler_per_sample_dimension
CC1=CC=CC=C1O,22.89837,9.328189,False,48,5,0.8,euclidean,random,StandardScaler_per_sample_dimension
OPC1=CC=CC=C1,5.7672963,17.742588,False,48,5,0.8,euclidean,random,StandardScaler_per_sample_dimension
CC1=CC(CNC2=CC=CC=C2)=CC=C1,3.8632264,11.245122,True,48,5,0.8,euclidean,random,StandardScaler_per_sample_dimension
CC1=CC=CC(CNC2=CC=CC=C2)=C1,4.063932,11.349973,False,48,5,0.8,euclidean,random,StandardScaler_per_sample_dimension
CCCCNC,5.0574193,0.16542543,True,48,5,0.8,euclidean,random,StandardScaler_per_sample_dimension
O=[PH](O)C1=CC=CC=C1,5.830551,17.773075,False,48,5,0.8,euclidean,random,StandardScaler_per_sample_dimension
CC1=CC=C(N)C=C1,12.43938,11.434129,True,48,5,0.8,euclidean,random,StandardScaler_per_sample_dimension
CC(C)(C1=CC=CC=C1)C1=CC=C(O)C=C1,2.9761045,5.8401456,False,48,5,0.8,euclidean,random,StandardScaler_per_sample_dimension
CCC1=CC=C(OC)C=C1,3.4664378,5.215063,True,48,5,0.8,euclidean,random,StandardScaler_per_sample_dimension
OPO,16.61223,20.013962,False,48,5,0.8,euclidean,random,StandardScaler_per_sample_dimension
O=[PH](O)O,16.531113,19.98837,False,48,5,0.8,euclidean,random,StandardScaler_per_sample_dimension
CN1CC2=C(C=CC=C2)C1,14.29477,0.74313295,False,48,5,0.8,euclidean,random,StandardScaler_per_sample_dimension
CN1CC2=CC=CC=C2C1,14.268461,0.7123249,False,48,5,0.8,euclidean,random,StandardScaler_per_sample_dimension
CN1CC2=C(C=CC=C2)C1=O,6.0791087,12.551101,True,48,5,0.8,euclidean,random,StandardScaler_per_sample_dimension
CN1CC2=CC=CC=C2C1=O,6.025727,12.315174,False,48,5,0.8,euclidean,random,StandardScaler_per_sample_dimension
CNCC1=CC(C=O)=CC=C1,-2.866955,-2.6341166,True,48,5,0.8,euclidean,random,StandardScaler_per_sample_dimension
CNCC1=CC=CC(C=O)=C1,-2.6250556,-2.4449058,False,48,5,0.8,euclidean,random,StandardScaler_per_sample_dimension
NCC1=CC(C=O)=CC=C1,-4.85517,10.138286,False,48,5,0.8,euclidean,random,StandardScaler_per_sample_dimension
NCC1=CC=CC(C=O)=C1,-4.740124,10.142781,False,48,5,0.8,euclidean,random,StandardScaler_per_sample_dimension
CN1C(=O)C2=C(C=CC=C2)C1=O,14.31093,0.7024564,False,48,5,0.8,euclidean,random,StandardScaler_per_sample_dimension
CN1C(=O)C2=CC=CC=C2C1=O,14.24594,0.7516784,False,48,5,0.8,euclidean,random,StandardScaler_per_sample_dimension
CNC(=O)C1=CC(C=O)=CC=C1,-2.8910646,-2.6007237,True,48,5,0.8,euclidean,random,StandardScaler_per_sample_dimension
CNC(=O)C1=CC=CC(C=O)=C1,-2.8620114,-2.5215156,False,48,5,0.8,euclidean,random,StandardScaler_per_sample_dimension
NC(=O)C1=CC(C=O)=CC=C1,-4.905974,10.109509,True,48,5,0.8,euclidean,random,StandardScaler_per_sample_dimension
NC(=O)C1=CC=CC(C=O)=C1,-4.82149,10.323627,False,48,5,0.8,euclidean,random,StandardScaler_per_sample_dimension
COPC1=CC=CC=C1,6.07191,17.685932,False,48,5,0.8,euclidean,random,StandardScaler_per_sample_dimension
CN(C)C1=CC=CC=C1,12.750422,6.835932,True,48,5,0.8,euclidean,random,StandardScaler_per_sample_dimension
CC1=CC(C(=O)NC2=CC=CC=C2)=CC=C1,4.125513,11.613574,False,48,5,0.8,euclidean,random,StandardScaler_per_sample_dimension
CC1=CC=CC(C(=O)NC2=CC=CC=C2)=C1,4.2402935,11.611813,False,48,5,0.8,euclidean,random,StandardScaler_per_sample_dimension
CO[PH](=O)C1=CC=CC=C1,6.182527,17.632801,False,48,5,0.8,euclidean,random,StandardScaler_per_sample_dimension
CC(C)(C1=CC=C(O)C=C1)C1=CC=C(O)C=C1,2.7612138,6.1476035,False,48,5,0.8,euclidean,random,StandardScaler_per_sample_dimension
COPO,16.5462,20.196926,False,48,5,0.8,euclidean,random,StandardScaler_per_sample_dimension
CO[PH](=O)O,16.514215,20.017925,False,48,5,0.8,euclidean,random,StandardScaler_per_sample_dimension
C1=CC=C(C2=CC=CC=C2)C=C1,-3.1328483,3.0848858,False,48,5,0.8,euclidean,random,StandardScaler_per_sample_dimension
CCCNCC,4.428423,-1.6605958,False,48,5,0.8,euclidean,random,StandardScaler_per_sample_dimension
COPOC,16.64654,20.104836,False,48,5,0.8,euclidean,random,StandardScaler_per_sample_dimension
CO[PH](=O)OC,16.544102,20.020977,False,48,5,0.8,euclidean,random,StandardScaler_per_sample_dimension
CCC(=O)NC1=CC=CC=C1,7.039788,5.5722933,False,48,5,0.8,euclidean,random,StandardScaler_per_sample_dimension
CCCNC1=CC=CC=C1,6.9282155,5.5297737,True,48,5,0.8,euclidean,random,StandardScaler_per_sample_dimension
OCCOCC1=CC=CC=C1,11.83341,9.795116,False,48,5,0.8,euclidean,random,StandardScaler_per_sample_dimension
O=C(OCCO)C1=CC=CC=C1,11.850669,9.81052,False,48,5,0.8,euclidean,random,StandardScaler_per_sample_dimension
CC1=CC(N)=CC=C1,-12.882431,10.9317875,True,48,5,0.8,euclidean,random,StandardScaler_per_sample_dimension
CC1=CC=CC(N)=C1,-13.00161,10.807017,False,48,5,0.8,euclidean,random,StandardScaler_per_sample_dimension
CCCCCN,2.6771262,7.657348,False,48,5,0.8,euclidean,random,StandardScaler_per_sample_dimension
CCCNC=O,5.549769,0.005650218,True,48,5,0.8,euclidean,random,StandardScaler_per_sample_dimension
CC1=CC=C(OC2=CC=CC=C2)C=C1,4.5173683,4.476407,True,48,5,0.8,euclidean,random,StandardScaler_per_sample_dimension
CCCOC,8.22945,-16.526268,True,48,5,0.8,euclidean,random,StandardScaler_per_sample_dimension
CCOC1=CC=CC=C1,1.9593782,-4.81113,False,48,5,0.8,euclidean,random,StandardScaler_per_sample_dimension
CPOC1=CC=CC=C1,15.965691,-3.132455,False,48,5,0.8,euclidean,random,StandardScaler_per_sample_dimension
O=CC1=CC(CNC2=CC=CC=C2)=CC=C1,4.1337667,11.671572,False,48,5,0.8,euclidean,random,StandardScaler_per_sample_dimension
O=CC1=CC=CC(CNC2=CC=CC=C2)=C1,4.032248,11.722658,False,48,5,0.8,euclidean,random,StandardScaler_per_sample_dimension
O=CC1=CC(C(=O)NC2=CC=CC=C2)=CC=C1,3.9686677,11.851349,False,48,5,0.8,euclidean,random,StandardScaler_per_sample_dimension
O=CC1=CC=CC(C(=O)NC2=CC=CC=C2)=C1,3.9496894,11.609423,False,48,5,0.8,euclidean,random,StandardScaler_per_sample_dimension
CCCNC(C)=O,5.8403974,-0.20622388,True,48,5,0.8,euclidean,random,StandardScaler_per_sample_dimension
COC1=CC=C(CC2=CC=CC=C2)C=C1,2.849616,6.1326604,False,48,5,0.8,euclidean,random,StandardScaler_per_sample_dimension
NC1=CC=C(O)C=C1,2.3756206,4.257008,False,48,5,0.8,euclidean,random,StandardScaler_per_sample_dimension
C[PH](=O)OC1=CC=CC=C1,16.190105,-2.975761,False,48,5,0.8,euclidean,random,StandardScaler_per_sample_dimension
CCC(C)C,4.743557,3.1644628,True,48,5,0.8,euclidean,random,StandardScaler_per_sample_dimension
CCCCC=O,2.5628285,7.6795616,True,48,5,0.8,euclidean,random,StandardScaler_per_sample_dimension
C1=CC=C(OPC2=CC=CC=C2)C=C1,5.0053806,-4.949509,False,48,5,0.8,euclidean,random,StandardScaler_per_sample_dimension
O=[PH](OC1=CC=CC=C1)C1=CC=CC=C1,4.601796,-4.6818132,False,48,5,0.8,euclidean,random,StandardScaler_per_sample_dimension
CNCC1=CC=C(C)C=C1,19.427776,-5.583143,False,48,5,0.8,euclidean,random,StandardScaler_per_sample_dimension
CC1=CC=C(CN)C=C1,19.119907,-5.0614667,True,48,5,0.8,euclidean,random,StandardScaler_per_sample_dimension
CP(C1=CC=CC=C1)C1=CC=CC=C1,11.206488,0.9258522,False,48,5,0.8,euclidean,random,StandardScaler_per_sample_dimension
CNC1=CC=C(C)C=C1,12.354889,11.433846,True,48,5,0.8,euclidean,random,StandardScaler_per_sample_dimension
CCCCCNC,4.8596144,0.3966789,False,48,5,0.8,euclidean,random,StandardScaler_per_sample_dimension
CNC(=O)C1=CC=C(C)C=C1,19.274858,-5.415731,False,48,5,0.8,euclidean,random,StandardScaler_per_sample_dimension
CC1=CC=C(C(N)=O)C=C1,19.009861,-5.0825667,True,48,5,0.8,euclidean,random,StandardScaler_per_sample_dimension
CC(C)=O,5.0939965,3.144978,False,48,5,0.8,euclidean,random,StandardScaler_per_sample_dimension
CCCC(=O)NC,5.190278,0.6470898,False,48,5,0.8,euclidean,random,StandardScaler_per_sample_dimension
CCCC(N)=O,5.2966824,0.31885496,False,48,5,0.8,euclidean,random,StandardScaler_per_sample_dimension
CNC1=CC(C)=CC=C1,13.143482,-10.425166,True,48,5,0.8,euclidean,random,StandardScaler_per_sample_dimension
CNC1=CC=CC(C)=C1,13.131461,-10.4540615,False,48,5,0.8,euclidean,random,StandardScaler_per_sample_dimension
CC1=CC(C)=C(C)C=C1,4.4345675,29.867058,True,48,5,0.8,euclidean,random,StandardScaler_per_sample_dimension
CC1=CC=C(C)C(C)=C1,4.306706,30.003283,False,48,5,0.8,euclidean,random,StandardScaler_per_sample_dimension
CC1=CC(NC=O)=CC=C1,20.596422,-0.47653964,True,48,5,0.8,euclidean,random,StandardScaler_per_sample_dimension
CC1=CC=CC(NC=O)=C1,20.382551,-0.6131854,False,48,5,0.8,euclidean,random,StandardScaler_per_sample_dimension
CCNC1=CC(C)=CC=C1,20.458397,-0.46542686,False,48,5,0.8,euclidean,random,StandardScaler_per_sample_dimension
CCNC1=CC=CC(C)=C1,20.38581,-0.40948611,False,48,5,0.8,euclidean,random,StandardScaler_per_sample_dimension
CC(=O)NC1=CC(C)=CC=C1,20.476095,-0.5346872,False,48,5,0.8,euclidean,random,StandardScaler_per_sample_dimension
CC(=O)NC1=CC=CC(C)=C1,20.661867,-0.39653334,False,48,5,0.8,euclidean,random,StandardScaler_per_sample_dimension
S,-16.668459,0.48736128,True,48,5,0.8,euclidean,random,StandardScaler_per_sample_dimension
CCCCCCN,2.7814043,7.481266,False,48,5,0.8,euclidean,random,StandardScaler_per_sample_dimension
CC1=CC(O)=CC=C1,-10.651005,1.6665895,False,48,5,0.8,euclidean,random,StandardScaler_per_sample_dimension
CC1=CC=CC(O)=C1,-10.672783,1.6593413,False,48,5,0.8,euclidean,random,StandardScaler_per_sample_dimension
CC(C)C=O,7.5211983,6.4662213,True,48,5,0.8,euclidean,random,StandardScaler_per_sample_dimension
CC1=CC(C)=C(C=O)C=C1,4.168276,29.86389,True,48,5,0.8,euclidean,random,StandardScaler_per_sample_dimension
CC1=CC(C=O)=C(C)C=C1,4.388049,29.88697,False,48,5,0.8,euclidean,random,StandardScaler_per_sample_dimension
CC1=CC=C(C)C(C=O)=C1,4.3899193,29.99713,False,48,5,0.8,euclidean,random,StandardScaler_per_sample_dimension
CC1=CC=C(C=O)C(C)=C1,4.363401,29.824772,False,48,5,0.8,euclidean,random,StandardScaler_per_sample_dimension
CC1=CC(C=O)=C(C=O)C=C1,4.201194,29.942995,False,48,5,0.8,euclidean,random,StandardScaler_per_sample_dimension
CC1=CC=C(C=O)C(C=O)=C1,4.1704354,29.782866,False,48,5,0.8,euclidean,random,StandardScaler_per_sample_dimension
NC1=CC(C=O)=CC=C1,-12.985463,10.830966,True,48,5,0.8,euclidean,random,StandardScaler_per_sample_dimension
NC1=CC=CC(C=O)=C1,-12.9885435,10.807287,False,48,5,0.8,euclidean,random,StandardScaler_per_sample_dimension
COC1=CC=C(CC2=CC=C(O)C=C2)C=C1,2.868735,6.368149,False,48,5,0.8,euclidean,random,StandardScaler_per_sample_dimension
CC1=CC=C(OP)C=C1,9.319507,10.303399,False,48,5,0.8,euclidean,random,StandardScaler_per_sample_dimension
CC1=CC=C(OP=O)C=C1,9.586731,10.255279,False,48,5,0.8,euclidean,random,StandardScaler_per_sample_dimension
COC1=CC=C(C(C)C)C=C1,3.2840543,5.4343977,False,48,5,0.8,euclidean,random,StandardScaler_per_sample_dimension
CCCC1=CC=CC=C1,4.3228383,2.746645,True,48,5,0.8,euclidean,random,StandardScaler_per_sample_dimension
COC1=CC=C(C(C)C2=CC=CC=C2)C=C1,3.2468593,5.642592,False,48,5,0.8,euclidean,random,StandardScaler_per_sample_dimension
CC1=CC=C(NC=O)C=C1,13.288446,11.024368,True,48,5,0.8,euclidean,random,StandardScaler_per_sample_dimension
CCNC1=CC=C(C)C=C1,13.018867,11.223874,True,48,5,0.8,euclidean,random,StandardScaler_per_sample_dimension
CN(CC1=CC=CC=C1)C1=CC=CC=C1,12.642427,6.710742,True,48,5,0.8,euclidean,random,StandardScaler_per_sample_dimension
CCCCNC=O,5.4010754,-0.13538407,False,48,5,0.8,euclidean,random,StandardScaler_per_sample_dimension
CCCCCCNC,4.531224,0.28191227,False,48,5,0.8,euclidean,random,StandardScaler_per_sample_dimension
CC(=O)NC1=CC=C(C)C=C1,13.246878,11.102341,True,48,5,0.8,euclidean,random,StandardScaler_per_sample_dimension
CCCCCCC,3.8147883,7.249152,False,48,5,0.8,euclidean,random,StandardScaler_per_sample_dimension
CCCCCC=O,2.6450768,7.5070457,True,48,5,0.8,euclidean,random,StandardScaler_per_sample_dimension
COC1=CC=C(C(C)C2=CC=C(O)C=C2)C=C1,3.3077667,5.6245346,False,48,5,0.8,euclidean,random,StandardScaler_per_sample_dimension
CP(=O)(C1=CC=CC=C1)C1=CC=CC=C1,10.760236,1.4628918,False,48,5,0.8,euclidean,random,StandardScaler_per_sample_dimension
CCCOCC,2.0524325,13.135194,True,48,5,0.8,euclidean,random,StandardScaler_per_sample_dimension
O=CC1=CC=C(O)C=C1,5.499401,3.8397322,True,48,5,0.8,euclidean,random,StandardScaler_per_sample_dimension
CC1=CC=C(CNC2=CC=CC=C2)C=C1,-0.07878025,10.002665,True,48,5,0.8,euclidean,random,StandardScaler_per_sample_dimension
CCCCNCC,4.434743,-1.9172764,False,48,5,0.8,euclidean,random,StandardScaler_per_sample_dimension
CC1=CC=C(C(=O)NC2=CC=CC=C2)C=C1,-0.10603957,10.059448,True,48,5,0.8,euclidean,random,StandardScaler_per_sample_dimension
CCNCC1=CC=CC=C1,6.5709047,10.142791,False,48,5,0.8,euclidean,random,StandardScaler_per_sample_dimension
CC1=CC2=C(C=C1)CNC2,22.350874,-11.222657,True,48,5,0.8,euclidean,random,StandardScaler_per_sample_dimension
CC1=CC=C2CNCC2=C1,22.297535,-11.26011,False,48,5,0.8,euclidean,random,StandardScaler_per_sample_dimension
CNCC1=CC=C(C=O)C=C1,19.34966,-5.457399,False,48,5,0.8,euclidean,random,StandardScaler_per_sample_dimension
CS,-0.16757166,13.224723,False,48,5,0.8,euclidean,random,StandardScaler_per_sample_dimension
NCC1=CC=C(C=O)C=C1,18.99223,-4.9943304,True,48,5,0.8,euclidean,random,StandardScaler_per_sample_dimension
CC1=CC2=C(C=C1)C(=O)NC2,22.332115,-11.264193,True,48,5,0.8,euclidean,random,StandardScaler_per_sample_dimension
CC1=CC2=C(C=C1)CNC2=O,22.159489,-11.488193,False,48,5,0.8,euclidean,random,StandardScaler_per_sample_dimension
CC1=CC=C2C(=O)NCC2=C1,22.337257,-11.432944,False,48,5,0.8,euclidean,random,StandardScaler_per_sample_dimension
CC1=CC=C2CNC(=O)C2=C1,22.151184,-11.581546,False,48,5,0.8,euclidean,random,StandardScaler_per_sample_dimension
CC1=CC2=C(C=C1)C(=O)NC2=O,22.13506,-11.540852,False,48,5,0.8,euclidean,random,StandardScaler_per_sample_dimension
CC1=CC=C2C(=O)NC(=O)C2=C1,22.247229,-11.383339,False,48,5,0.8,euclidean,random,StandardScaler_per_sample_dimension
CNC(=O)C1=CC=C(C=O)C=C1,19.266962,-5.381438,True,48,5,0.8,euclidean,random,StandardScaler_per_sample_dimension
NC(=O)C1=CC=C(C=O)C=C1,19.091503,-5.131785,False,48,5,0.8,euclidean,random,StandardScaler_per_sample_dimension
CNC1=CC=C(O)C=C1,1.7591532,4.062582,True,48,5,0.8,euclidean,random,StandardScaler_per_sample_dimension
CC1=CC=C(CO)C=C1,1.6981668,10.941292,True,48,5,0.8,euclidean,random,StandardScaler_per_sample_dimension
OC1=CC=C(O)C=C1,1.7970122,-6.8514237,False,48,5,0.8,euclidean,random,StandardScaler_per_sample_dimension
CP(C)O,5.700506,18.291328,False,48,5,0.8,euclidean,random,StandardScaler_per_sample_dimension
CP(C)(=O)O,5.7140017,18.300964,False,48,5,0.8,euclidean,random,StandardScaler_per_sample_dimension
CCCCNC(C)=O,5.113471,-0.61957175,False,48,5,0.8,euclidean,random,StandardScaler_per_sample_dimension
CC1=CC=CC=C1C(=O)NC1=CC=CC=C1,12.61335,6.439354,False,48,5,0.8,euclidean,random,StandardScaler_per_sample_dimension
O=CC1=CC=CC=C1CNC1=CC=CC=C1,12.491758,6.551825,False,48,5,0.8,euclidean,random,StandardScaler_per_sample_dimension
COC1=CC=C(C(C)(C)C2=CC=CC=C2)C=C1,2.903794,6.1061535,False,48,5,0.8,euclidean,random,StandardScaler_per_sample_dimension
OPOC1=CC=CC=C1,20.378319,2.6633909,False,48,5,0.8,euclidean,random,StandardScaler_per_sample_dimension
O=[PH](O)OC1=CC=CC=C1,20.363174,2.6406994,False,48,5,0.8,euclidean,random,StandardScaler_per_sample_dimension
CC1=CC=CC=C1CNC1=CC=CC=C1,12.743239,6.888006,False,48,5,0.8,euclidean,random,StandardScaler_per_sample_dimension
O=CC1=CC=CC=C1C(=O)NC1=CC=CC=C1,12.590816,6.653817,False,48,5,0.8,euclidean,random,StandardScaler_per_sample_dimension
CCCCCNCC,4.1733165,-2.228808,False,48,5,0.8,euclidean,random,StandardScaler_per_sample_dimension
O=C1C2=C(C=CC=C2)CN1C1=CC=CC=C1,12.3747225,6.546454,False,48,5,0.8,euclidean,random,StandardScaler_per_sample_dimension
O=C1C2=CC=CC=C2CN1C1=CC=CC=C1,12.499557,6.455432,False,48,5,0.8,euclidean,random,StandardScaler_per_sample_dimension
CNC1=CC(C=O)=CC=C1,13.21223,-10.44978,True,48,5,0.8,euclidean,random,StandardScaler_per_sample_dimension
CNC1=CC=CC(C=O)=C1,13.250071,-10.272943,False,48,5,0.8,euclidean,random,StandardScaler_per_sample_dimension
COC1=CC=C(O)C=C1,1.9189368,-6.9203563,False,48,5,0.8,euclidean,random,StandardScaler_per_sample_dimension
COC1=CC=C(C=O)C=C1,5.4596915,3.9273863,False,48,5,0.8,euclidean,random,StandardScaler_per_sample_dimension
CCNC1=CC=C(O)C=C1,1.4578267,4.205302,True,48,5,0.8,euclidean,random,StandardScaler_per_sample_dimension
O=CNC1=CC=C(O)C=C1,1.92546,4.4812427,False,48,5,0.8,euclidean,random,StandardScaler_per_sample_dimension
CC(=O)NC1=CC=C(O)C=C1,1.7369382,4.3732576,False,48,5,0.8,euclidean,random,StandardScaler_per_sample_dimension
CCC(=O)O,7.9873757,-16.517603,True,48,5,0.8,euclidean,random,StandardScaler_per_sample_dimension
C1=CC=C(N2CC3=C(C=CC=C3)C2)C=C1,12.60405,6.7305565,False,48,5,0.8,euclidean,random,StandardScaler_per_sample_dimension
C1=CC=C(N2CC3=CC=CC=C3C2)C=C1,12.440683,6.9554195,False,48,5,0.8,euclidean,random,StandardScaler_per_sample_dimension
O=C1C2=C(C=CC=C2)C(=O)N1C1=CC=CC=C1,12.682456,6.606688,False,48,5,0.8,euclidean,random,StandardScaler_per_sample_dimension
O=C1C2=CC=CC=C2C(=O)N1C1=CC=CC=C1,12.6062975,6.6672544,False,48,5,0.8,euclidean,random,StandardScaler_per_sample_dimension
CCNC(=O)C1=CC=CC=C1,6.748475,10.299596,True,48,5,0.8,euclidean,random,StandardScaler_per_sample_dimension
CC(=O)C1=CC=CC=C1,5.2335453,3.6482882,True,48,5,0.8,euclidean,random,StandardScaler_per_sample_dimension
CC1=CC2=C(C=C1)CN(C)C2,11.600659,-15.230358,False,48,5,0.8,euclidean,random,StandardScaler_per_sample_dimension
CC1=CC=C2CN(C)CC2=C1,11.73381,-15.392733,True,48,5,0.8,euclidean,random,StandardScaler_per_sample_dimension
CC1=CC=C(C(=O)O)C=C1,1.8317944,10.767358,False,48,5,0.8,euclidean,random,StandardScaler_per_sample_dimension
CCNC1=CC(C=O)=CC=C1,-8.201567,-8.202344,False,48,5,0.8,euclidean,random,StandardScaler_per_sample_dimension
CCNC1=CC=CC(C=O)=C1,-8.132155,-8.170657,False,48,5,0.8,euclidean,random,StandardScaler_per_sample_dimension
O=CNC1=CC(C=O)=CC=C1,-8.093501,-8.15961,False,48,5,0.8,euclidean,random,StandardScaler_per_sample_dimension
O=CNC1=CC=CC(C=O)=C1,-8.085745,-8.0645275,False,48,5,0.8,euclidean,random,StandardScaler_per_sample_dimension
CC(=O)NC1=CC(C=O)=CC=C1,-8.243678,-8.083213,False,48,5,0.8,euclidean,random,StandardScaler_per_sample_dimension
CC(=O)NC1=CC=CC(C=O)=C1,-8.193696,-8.209384,False,48,5,0.8,euclidean,random,StandardScaler_per_sample_dimension
COC1=CC=C(N)C=C1,2.7245295,4.353377,True,48,5,0.8,euclidean,random,StandardScaler_per_sample_dimension
CP(O)C1=CC=CC=C1,5.863378,18.068491,False,48,5,0.8,euclidean,random,StandardScaler_per_sample_dimension
CP(=O)(O)C1=CC=CC=C1,5.8552423,17.936266,False,48,5,0.8,euclidean,random,StandardScaler_per_sample_dimension
CC1=CC2=C(C=C1)C(=O)N(C)C2,11.453429,-15.154757,False,48,5,0.8,euclidean,random,StandardScaler_per_sample_dimension
CC1=CC2=C(C=C1)CN(C)C2=O,11.547283,-15.172823,False,48,5,0.8,euclidean,random,StandardScaler_per_sample_dimension
CC1=CC=C2C(=O)N(C)CC2=C1,11.522485,-15.219303,False,48,5,0.8,euclidean,random,StandardScaler_per_sample_dimension
CC1=CC=C2CN(C)C(=O)C2=C1,11.628633,-15.255199,False,48,5,0.8,euclidean,random,StandardScaler_per_sample_dimension
CC1=CC2=C(C=C1)C(=O)N(C)C2=O,11.359677,-14.976369,False,48,5,0.8,euclidean,random,StandardScaler_per_sample_dimension
CC1=CC=C2C(=O)N(C)C(=O)C2=C1,11.547751,-15.106498,False,48,5,0.8,euclidean,random,StandardScaler_per_sample_dimension
COCC1=CC=C(C)C=C1,2.1749387,11.231718,False,48,5,0.8,euclidean,random,StandardScaler_per_sample_dimension
OC1=CC=CC=C1C1=CC=CC=C1,-2.8855247,3.321108,False,48,5,0.8,euclidean,random,StandardScaler_per_sample_dimension
COPOC1=CC=CC=C1,20.611343,2.867151,False,48,5,0.8,euclidean,random,StandardScaler_per_sample_dimension
CO[PH](=O)OC1=CC=CC=C1,20.57646,2.853242,False,48,5,0.8,euclidean,random,StandardScaler_per_sample_dimension
SC1=CC=CC=C1,0.113199286,13.267901,False,48,5,0.8,euclidean,random,StandardScaler_per_sample_dimension
NCCN,-13.240302,-11.954047,True,48,5,0.8,euclidean,random,StandardScaler_per_sample_dimension
COC(=O)C1=CC=C(C)C=C1,2.1726053,11.211471,False,48,5,0.8,euclidean,random,StandardScaler_per_sample_dimension
CCCCCNC=O,4.6108522,-0.25773677,False,48,5,0.8,euclidean,random,StandardScaler_per_sample_dimension
CCC(=O)OC,7.980711,-16.487408,False,48,5,0.8,euclidean,random,StandardScaler_per_sample_dimension
CC1=CC(CN(C)C2=CC=CC=C2)=CC=C1,6.2258797,29.770243,False,48,5,0.8,euclidean,random,StandardScaler_per_sample_dimension
CC1=CC=CC(CN(C)C2=CC=CC=C2)=C1,6.260345,29.932266,False,48,5,0.8,euclidean,random,StandardScaler_per_sample_dimension
CCC1=CC=C(C)C=C1,-2.1617398,2.2024913,False,48,5,0.8,euclidean,random,StandardScaler_per_sample_dimension
CC1=CC(C=O)=CC(N)=C1,24.487581,10.79458,True,48,5,0.8,euclidean,random,StandardScaler_per_sample_dimension
CC1=CC(N)=CC(C=O)=C1,24.309587,10.583592,False,48,5,0.8,euclidean,random,StandardScaler_per_sample_dimension
O=CC1=CC=C(OC2=CC=CC=C2)C=C1,5.1086683,4.018871,False,48,5,0.8,euclidean,random,StandardScaler_per_sample_dimension
CC1=CC(C)=CC(N)=C1,-6.7694497,12.164247,False,48,5,0.8,euclidean,random,StandardScaler_per_sample_dimension
CC1=CC(N)=CC(C)=C1,-6.3355527,12.035519,False,48,5,0.8,euclidean,random,StandardScaler_per_sample_dimension
NC1=CC(C=O)=CC(C=O)=C1,-6.3057942,12.082911,False,48,5,0.8,euclidean,random,StandardScaler_per_sample_dimension
CCC(C)CC,5.027009,3.9442792,False,48,5,0.8,euclidean,random,StandardScaler_per_sample_dimension
Br,21.362518,-3.2634,True,48,5,0.8,euclidean,random,StandardScaler_per_sample_dimension
CBr,21.302717,-3.421027,False,48,5,0.8,euclidean,random,StandardScaler_per_sample_dimension
BrC1=CC=CC=C1,21.369202,-3.3510046,False,48,5,0.8,euclidean,random,StandardScaler_per_sample_dimension
CCCCCNC(C)=O,4.3905206,-0.66453475,False,48,5,0.8,euclidean,random,StandardScaler_per_sample_dimension
COP(C)C1=CC=CC=C1,5.9048853,17.830923,False,48,5,0.8,euclidean,random,StandardScaler_per_sample_dimension
COP(C)(=O)C1=CC=CC=C1,5.916988,17.85053,False,48,5,0.8,euclidean,random,StandardScaler_per_sample_dimension
CCCCCCNCC,3.7769616,-2.5449107,False,48,5,0.8,euclidean,random,StandardScaler_per_sample_dimension
CNCCN,-12.578384,-11.5568075,False,48,5,0.8,euclidean,random,StandardScaler_per_sample_dimension
CCNC(=O)CC,5.461284,-0.6402513,False,48,5,0.8,euclidean,random,StandardScaler_per_sample_dimension
C[SH]=O,0.120710894,13.218903,False,48,5,0.8,euclidean,random,StandardScaler_per_sample_dimension
CCCC(=O)NC1=CC=CC=C1,7.7987733,6.2570944,False,48,5,0.8,euclidean,random,StandardScaler_per_sample_dimension
CCCCNC1=CC=CC=C1,7.2389674,5.8622637,False,48,5,0.8,euclidean,random,StandardScaler_per_sample_dimension
O=S,0.06991837,13.285903,False,48,5,0.8,euclidean,random,StandardScaler_per_sample_dimension
C[SH](=O)=O,-0.0013710156,13.241364,False,48,5,0.8,euclidean,random,StandardScaler_per_sample_dimension
O=CC1=CC=C(CNC2=CC=CC=C2)C=C1,-0.027711175,9.994412,False,48,5,0.8,euclidean,random,StandardScaler_per_sample_dimension
O=CC1=CC=C(C(=O)NC2=CC=CC=C2)C=C1,0.045232635,10.081111,False,48,5,0.8,euclidean,random,StandardScaler_per_sample_dimension
O=CC1=CC=C(CO)C=C1,1.7110102,10.639898,True,48,5,0.8,euclidean,random,StandardScaler_per_sample_dimension
COCC1=CC=C(C=O)C=C1,1.9860623,11.224505,False,48,5,0.8,euclidean,random,StandardScaler_per_sample_dimension
O=S=O,-16.786589,0.6045552,False,48,5,0.8,euclidean,random,StandardScaler_per_sample_dimension
CCC(C)C=O,4.835198,1.6582257,True,48,5,0.8,euclidean,random,StandardScaler_per_sample_dimension
CC1=CC=C(NCC2=CC=CC=C2)C=C1,13.644065,10.919524,True,48,5,0.8,euclidean,random,StandardScaler_per_sample_dimension
C1=CC=C(SC2=CC=CC=C2)C=C1,-16.731575,0.53912956,False,48,5,0.8,euclidean,random,StandardScaler_per_sample_dimension
CCCC(C)C,4.6663303,3.6635509,False,48,5,0.8,euclidean,random,StandardScaler_per_sample_dimension
CCCCC(=O)NC,4.622847,0.16172527,False,48,5,0.8,euclidean,random,StandardScaler_per_sample_dimension
CCCCC(N)=O,4.3446355,-0.10652974,False,48,5,0.8,euclidean,random,StandardScaler_per_sample_dimension
O=[SH]C1=CC=CC=C1,0.27777556,13.045492,False,48,5,0.8,euclidean,random,StandardScaler_per_sample_dimension
O=[SH](=O)C1=CC=CC=C1,0.18831252,13.090898,False,48,5,0.8,euclidean,random,StandardScaler_per_sample_dimension
O=CCCC=O,0.6601339,1.4893346,True,48,5,0.8,euclidean,random,StandardScaler_per_sample_dimension
O=CC1=CC=C(C(=O)O)C=C1,1.889966,10.55221,False,48,5,0.8,euclidean,random,StandardScaler_per_sample_dimension
COC(=O)C1=CC=C(C=O)C=C1,2.1116755,11.355626,False,48,5,0.8,euclidean,random,StandardScaler_per_sample_dimension
C1=CC2=C(C=C1)C1=C(C=CC=C1)PO2,5.1071744,-4.8973064,False,48,5,0.8,euclidean,random,StandardScaler_per_sample_dimension
C1=CC2=C(C=C1)C1=CC=CC=C1PO2,4.928715,-5.059739,False,48,5,0.8,euclidean,random,StandardScaler_per_sample_dimension
C1=CC=C2C(=C1)OPC1=C2C=CC=C1,4.361793,-4.333375,False,48,5,0.8,euclidean,random,StandardScaler_per_sample_dimension
C1=CC=C2C(=C1)OPC1=CC=CC=C12,4.6820493,-4.6987576,False,48,5,0.8,euclidean,random,StandardScaler_per_sample_dimension
CP1OC2=C(C=CC=C2)C2=C1C=CC=C2,4.0876093,-4.0700626,False,48,5,0.8,euclidean,random,StandardScaler_per_sample_dimension
CP1OC2=C(C=CC=C2)C2=CC=CC=C21,4.146535,-4.119577,False,48,5,0.8,euclidean,random,StandardScaler_per_sample_dimension
CP1OC2=CC=CC=C2C2=C1C=CC=C2,4.986396,-4.9854116,False,48,5,0.8,euclidean,random,StandardScaler_per_sample_dimension
CP1OC2=CC=CC=C2C2=CC=CC=C21,4.896751,-4.9665017,False,48,5,0.8,euclidean,random,StandardScaler_per_sample_dimension
O=[PH]1OC2=C(C=CC=C2)C2=C1C=CC=C2,4.0598288,-4.2175255,False,48,5,0.8,euclidean,random,StandardScaler_per_sample_dimension
O=[PH]1OC2=C(C=CC=C2)C2=CC=CC=C21,4.297854,-4.250197,False,48,5,0.8,euclidean,random,StandardScaler_per_sample_dimension
O=[PH]1OC2=CC=CC=C2C2=C1C=CC=C2,4.6675606,-4.6331306,False,48,5,0.8,euclidean,random,StandardScaler_per_sample_dimension
O=[PH]1OC2=CC=CC=C2C2=CC=CC=C21,4.7981753,-4.937379,False,48,5,0.8,euclidean,random,StandardScaler_per_sample_dimension
CP1(=O)OC2=C(C=CC=C2)C2=C1C=CC=C2,4.025653,-4.0080895,False,48,5,0.8,euclidean,random,StandardScaler_per_sample_dimension
CP1(=O)OC2=C(C=CC=C2)C2=CC=CC=C21,4.071395,-4.0519648,False,48,5,0.8,euclidean,random,StandardScaler_per_sample_dimension
CP1(=O)OC2=CC=CC=C2C2=C1C=CC=C2,4.8331866,-4.814574,False,48,5,0.8,euclidean,random,StandardScaler_per_sample_dimension
CP1(=O)OC2=CC=CC=C2C2=CC=CC=C21,4.0659633,-4.1637797,False,48,5,0.8,euclidean,random,StandardScaler_per_sample_dimension
C[P@@]1(=O)OC2=CC=CC=C2C2=CC=CC=C21,5.017612,-5.078293,False,48,5,0.8,euclidean,random,StandardScaler_per_sample_dimension
C[P@]1(=O)OC2=CC=CC=C2C2=CC=CC=C21,4.640755,-4.6537566,False,48,5,0.8,euclidean,random,StandardScaler_per_sample_dimension
CCCN(C)C,8.701814,6.7466455,False,48,5,0.8,euclidean,random,StandardScaler_per_sample_dimension
O=CC1=CC2=C(C=C1)CNC2,7.4494348,20.054838,False,48,5,0.8,euclidean,random,StandardScaler_per_sample_dimension
O=CC1=CC=C2CNCC2=C1,7.3183627,20.002623,False,48,5,0.8,euclidean,random,StandardScaler_per_sample_dimension
CC1=CC=C(NC(=O)C2=CC=CC=C2)C=C1,13.504293,10.864153,True,48,5,0.8,euclidean,random,StandardScaler_per_sample_dimension
O=COC1=CC=CC=C1,15.149668,-1.401985,False,48,5,0.8,euclidean,random,StandardScaler_per_sample_dimension
CCP,-9.929947,9.540889,False,48,5,0.8,euclidean,random,StandardScaler_per_sample_dimension
CCP=O,-9.961773,9.491344,False,48,5,0.8,euclidean,random,StandardScaler_per_sample_dimension
CCOCC1=CC=C(C)C=C1,2.5744386,11.764444,False,48,5,0.8,euclidean,random,StandardScaler_per_sample_dimension
O=CC1=CC2=C(C=C1)C(=O)NC2,7.34567,19.970522,False,48,5,0.8,euclidean,random,StandardScaler_per_sample_dimension
O=CC1=CC2=C(C=C1)CNC2=O,7.2931914,19.8213,False,48,5,0.8,euclidean,random,StandardScaler_per_sample_dimension
O=CC1=CC=C2C(=O)NCC2=C1,7.506099,19.983143,False,48,5,0.8,euclidean,random,StandardScaler_per_sample_dimension
O=CC1=CC=C2CNC(=O)C2=C1,7.3984733,20.025797,False,48,5,0.8,euclidean,random,StandardScaler_per_sample_dimension
O=CC1=CC2=C(C=C1)C(=O)NC2=O,7.49755,19.890167,False,48,5,0.8,euclidean,random,StandardScaler_per_sample_dimension
O=CC1=CC=C2C(=O)NC(=O)C2=C1,7.5497303,20.083958,False,48,5,0.8,euclidean,random,StandardScaler_per_sample_dimension
CC1=CC2=C(C=C1)CN(C1=CC=CC=C1)C2,6.298625,29.855291,False,48,5,0.8,euclidean,random,StandardScaler_per_sample_dimension
CC1=CC=C2CN(C3=CC=CC=C3)CC2=C1,6.2399197,29.969938,False,48,5,0.8,euclidean,random,StandardScaler_per_sample_dimension
CC1=CC2=C(C=C1)C(=O)N(C1=CC=CC=C1)C2,6.3764052,29.63549,False,48,5,0.8,euclidean,random,StandardScaler_per_sample_dimension
CC1=CC2=C(C=C1)CN(C1=CC=CC=C1)C2=O,6.5081973,29.941578,False,48,5,0.8,euclidean,random,StandardScaler_per_sample_dimension
CC1=CC=C2C(=O)N(C3=CC=CC=C3)CC2=C1,6.2316003,29.917248,False,48,5,0.8,euclidean,random,StandardScaler_per_sample_dimension
CC1=CC=C2CN(C3=CC=CC=C3)C(=O)C2=C1,6.2512517,29.780577,False,48,5,0.8,euclidean,random,StandardScaler_per_sample_dimension
COC1=CC(C)=CC=C1,-10.759333,1.6185517,False,48,5,0.8,euclidean,random,StandardScaler_per_sample_dimension
COC1=CC=CC(C)=C1,-10.734476,1.6939229,False,48,5,0.8,euclidean,random,StandardScaler_per_sample_dimension
CN1CC2=C(C=C(C=O)C=C2)C1,1.4830875,-13.767413,False,48,5,0.8,euclidean,random,StandardScaler_per_sample_dimension
CN1CC2=CC=C(C=O)C=C2C1,1.3392935,-13.697229,False,48,5,0.8,euclidean,random,StandardScaler_per_sample_dimension
C1=CC=C(OPOC2=CC=CC=C2)C=C1,-17.732397,-2.7873175,False,48,5,0.8,euclidean,random,StandardScaler_per_sample_dimension
O=[PH](OC1=CC=CC=C1)OC1=CC=CC=C1,-17.667908,-2.8364246,False,48,5,0.8,euclidean,random,StandardScaler_per_sample_dimension
CCOC(=O)C1=CC=C(C)C=C1,2.461557,11.653846,True,48,5,0.8,euclidean,random,StandardScaler_per_sample_dimension
CCCCCCCC,4.018393,7.2296777,False,48,5,0.8,euclidean,random,StandardScaler_per_sample_dimension
CCC1=CC=C(OC2=CC=CC=C2)C=C1,3.6522453,5.22863,False,48,5,0.8,euclidean,random,StandardScaler_per_sample_dimension
O=S(C1=CC=CC=C1)C1=CC=CC=C1,0.06596312,13.214687,False,48,5,0.8,euclidean,random,StandardScaler_per_sample_dimension
NC1=CC=C(OC2=CC=CC=C2)C=C1,2.7345777,4.274202,False,48,5,0.8,euclidean,random,StandardScaler_per_sample_dimension
NP,-5.979666,2.7290194,False,48,5,0.8,euclidean,random,StandardScaler_per_sample_dimension
CNP,20.47083,14.438042,False,48,5,0.8,euclidean,random,StandardScaler_per_sample_dimension
CN1CC2=C(C=C(C=O)C=C2)C1=O,1.3487753,-13.612043,False,48,5,0.8,euclidean,random,StandardScaler_per_sample_dimension
CN1CC2=C(C=CC(C=O)=C2)C1=O,1.3079269,-13.675996,False,48,5,0.8,euclidean,random,StandardScaler_per_sample_dimension
CN1CC2=CC(C=O)=CC=C2C1=O,1.2626992,-13.755485,False,48,5,0.8,euclidean,random,StandardScaler_per_sample_dimension
CN1CC2=CC=C(C=O)C=C2C1=O,1.1676799,-13.782118,False,48,5,0.8,euclidean,random,StandardScaler_per_sample_dimension
CN1C(=O)C2=C(C=C(C=O)C=C2)C1=O,1.20121,-13.78413,False,48,5,0.8,euclidean,random,StandardScaler_per_sample_dimension
CN1C(=O)C2=CC=C(C=O)C=C2C1=O,1.063287,-13.872008,False,48,5,0.8,euclidean,random,StandardScaler_per_sample_dimension
O=S(=O)(C1=CC=CC=C1)C1=CC=CC=C1,-16.964235,0.7887399,False,48,5,0.8,euclidean,random,StandardScaler_per_sample_dimension
F,25.503855,4.502172,False,48,5,0.8,euclidean,random,StandardScaler_per_sample_dimension
CF,25.421122,4.5674195,False,48,5,0.8,euclidean,random,StandardScaler_per_sample_dimension
CCCCCCNC=O,4.02129,-0.030855102,False,48,5,0.8,euclidean,random,StandardScaler_per_sample_dimension
CCCN(C)CC,9.369605,6.6166315,False,48,5,0.8,euclidean,random,StandardScaler_per_sample_dimension
CCCNC(=O)CC,5.7585483,-0.39668062,False,48,5,0.8,euclidean,random,StandardScaler_per_sample_dimension
CCCCCCNC(C)=O,3.771175,-0.35689282,False,48,5,0.8,euclidean,random,StandardScaler_per_sample_dimension
CCCNCCC,5.647602,-0.69575614,False,48,5,0.8,euclidean,random,StandardScaler_per_sample_dimension
CCNCCN,-12.600898,-11.524592,False,48,5,0.8,euclidean,random,StandardScaler_per_sample_dimension
CNP=O,20.475151,14.423456,False,48,5,0.8,euclidean,random,StandardScaler_per_sample_dimension
NP=O,-6.1396065,2.6216083,False,48,5,0.8,euclidean,random,StandardScaler_per_sample_dimension
CC1=CC(CO)=CC=C1,15.764604,-10.212443,False,48,5,0.8,euclidean,random,StandardScaler_per_sample_dimension
CC1=CC=CC(CO)=C1,15.736519,-10.195952,False,48,5,0.8,euclidean,random,StandardScaler_per_sample_dimension
CC1=CC(C(=O)O)=CC=C1,15.820956,-9.971729,False,48,5,0.8,euclidean,random,StandardScaler_per_sample_dimension
CC1=CC=CC(C(=O)O)=C1,15.663644,-10.080913,False,48,5,0.8,euclidean,random,StandardScaler_per_sample_dimension
CNCCNC,-12.71941,-11.619575,False,48,5,0.8,euclidean,random,StandardScaler_per_sample_dimension
CCOP,7.8446183,-2.7705262,False,48,5,0.8,euclidean,random,StandardScaler_per_sample_dimension
CCOP=O,7.752011,-2.5900688,False,48,5,0.8,euclidean,random,StandardScaler_per_sample_dimension
CC1=CC=C(OC2=CC=C(C)C=C2)C=C1,6.199479,2.8381712,False,48,5,0.8,euclidean,random,StandardScaler_per_sample_dimension
CCOCC1=CC=C(C=O)C=C1,2.3215554,11.744475,False,48,5,0.8,euclidean,random,StandardScaler_per_sample_dimension
CC(C)CC=O,8.128093,6.4360447,False,48,5,0.8,euclidean,random,StandardScaler_per_sample_dimension
CCC1=CC=C(OP)C=C1,-0.8886277,11.76763,False,48,5,0.8,euclidean,random,StandardScaler_per_sample_dimension
CCC1=CC=C(OP=O)C=C1,-1.1335645,11.819762,False,48,5,0.8,euclidean,random,StandardScaler_per_sample_dimension
CNC1=CC(C)=CC(C=O)=C1,18.738625,25.706772,False,48,5,0.8,euclidean,random,StandardScaler_per_sample_dimension
CNC1=CC(C=O)=CC(C)=C1,18.808496,25.779556,False,48,5,0.8,euclidean,random,StandardScaler_per_sample_dimension
CC1=CC(C=O)=CC(NC=O)=C1,18.599113,25.579185,False,48,5,0.8,euclidean,random,StandardScaler_per_sample_dimension
CC1=CC(NC=O)=CC(C=O)=C1,18.690948,25.670694,False,48,5,0.8,euclidean,random,StandardScaler_per_sample_dimension
CCNC1=CC(C)=CC(C=O)=C1,18.602776,25.586668,False,48,5,0.8,euclidean,random,StandardScaler_per_sample_dimension
CCNC1=CC(C=O)=CC(C)=C1,18.575914,25.894066,False,48,5,0.8,euclidean,random,StandardScaler_per_sample_dimension
CC(=O)NC1=CC(C)=CC(C=O)=C1,18.718475,25.69032,False,48,5,0.8,euclidean,random,StandardScaler_per_sample_dimension
CC(=O)NC1=CC(C=O)=CC(C)=C1,18.822723,25.811853,False,48,5,0.8,euclidean,random,StandardScaler_per_sample_dimension
CCCCO,2.6577928,13.09564,False,48,5,0.8,euclidean,random,StandardScaler_per_sample_dimension
NC1=CC=C(C=O)C=C1,11.932217,11.489779,False,48,5,0.8,euclidean,random,StandardScaler_per_sample_dimension
CNC1=CC(C)=CC(C)=C1,3.531132,-10.912665,False,48,5,0.8,euclidean,random,StandardScaler_per_sample_dimension
CC1=CC(C)=CC(NC=O)=C1,3.385339,-10.8711,False,48,5,0.8,euclidean,random,StandardScaler_per_sample_dimension
CC1=CC(NC=O)=CC(C)=C1,3.5275586,-10.910519,False,48,5,0.8,euclidean,random,StandardScaler_per_sample_dimension
CCNC1=CC(C)=CC(C)=C1,3.5798924,-10.957386,False,48,5,0.8,euclidean,random,StandardScaler_per_sample_dimension
CC(=O)NC1=CC(C)=CC(C)=C1,3.4176545,-11.001145,False,48,5,0.8,euclidean,random,StandardScaler_per_sample_dimension
CNC1=CC(C=O)=CC(C=O)=C1,3.307071,-10.900856,False,48,5,0.8,euclidean,random,StandardScaler_per_sample_dimension
CCNC1=CC(C=O)=CC(C=O)=C1,3.742277,-10.685993,False,48,5,0.8,euclidean,random,StandardScaler_per_sample_dimension
O=CNC1=CC(C=O)=CC(C=O)=C1,3.3417587,-11.209336,False,48,5,0.8,euclidean,random,StandardScaler_per_sample_dimension
OC1=C(P)C=CC=C1,10.6534,24.899,False,48,5,0.8,euclidean,random,StandardScaler_per_sample_dimension
O=PC1=C(O)C=CC=C1,10.42673,24.67829,False,48,5,0.8,euclidean,random,StandardScaler_per_sample_dimension
CCCCCC(=O)NC,4.3854723,0.15059032,False,48,5,0.8,euclidean,random,StandardScaler_per_sample_dimension
CCF,25.524199,4.5028744,False,48,5,0.8,euclidean,random,StandardScaler_per_sample_dimension
CC(F)F,25.479492,4.4704595,False,48,5,0.8,euclidean,random,StandardScaler_per_sample_dimension
CCCCCC(N)=O,4.430684,-0.019846484,False,48,5,0.8,euclidean,random,StandardScaler_per_sample_dimension
FCF,25.521246,4.541733,False,48,5,0.8,euclidean,random,StandardScaler_per_sample_dimension
C=CC,20.392681,9.28849,False,48,5,0.8,euclidean,random,StandardScaler_per_sample_dimension
FC(F)F,18.356537,2.083513,False,48,5,0.8,euclidean,random,StandardScaler_per_sample_dimension
CC(F)(F)F,18.214222,1.9329334,False,48,5,0.8,euclidean,random,StandardScaler_per_sample_dimension
C=C,20.473597,9.193751,False,48,5,0.8,euclidean,random,StandardScaler_per_sample_dimension
CNC1=CC=C(OC2=CC=CC=C2)C=C1,1.8676087,4.1566176,True,48,5,0.8,euclidean,random,StandardScaler_per_sample_dimension
CCNC1=CC=C(OC2=CC=CC=C2)C=C1,1.7552071,4.2446876,False,48,5,0.8,euclidean,random,StandardScaler_per_sample_dimension
O=CNC1=CC=C(OC2=CC=CC=C2)C=C1,1.584132,4.2937555,False,48,5,0.8,euclidean,random,StandardScaler_per_sample_dimension
CC(=O)NC1=CC=C(OC2=CC=CC=C2)C=C1,1.6146811,4.190608,False,48,5,0.8,euclidean,random,StandardScaler_per_sample_dimension
OC1=C(PC2=CC=CC=C2)C=CC=C1,22.168825,19.594736,False,48,5,0.8,euclidean,random,StandardScaler_per_sample_dimension
O=[PH](C1=CC=CC=C1)C1=C(O)C=CC=C1,22.19969,19.799417,False,48,5,0.8,euclidean,random,StandardScaler_per_sample_dimension
COC1=CC=C(OC)C=C1,1.7242589,-6.7379727,False,48,5,0.8,euclidean,random,StandardScaler_per_sample_dimension
COCC1=CC(C)=CC=C1,15.7206,-10.356432,False,48,5,0.8,euclidean,random,StandardScaler_per_sample_dimension
COCC1=CC=CC(C)=C1,15.513927,-10.659924,False,48,5,0.8,euclidean,random,StandardScaler_per_sample_dimension
COC(=O)C1=CC(C)=CC=C1,15.725741,-10.3635235,False,48,5,0.8,euclidean,random,StandardScaler_per_sample_dimension
COC(=O)C1=CC=CC(C)=C1,15.735138,-10.491058,False,48,5,0.8,euclidean,random,StandardScaler_per_sample_dimension
CCOC(=O)C1=CC=C(C=O)C=C1,2.5444694,11.810672,False,48,5,0.8,euclidean,random,StandardScaler_per_sample_dimension
CCCC(=O)NCC,5.0082245,-1.0021765,False,48,5,0.8,euclidean,random,StandardScaler_per_sample_dimension
CCC(C)C1=CC=CC=C1,3.972889,2.67946,False,48,5,0.8,euclidean,random,StandardScaler_per_sample_dimension
COC1=C(C)C=CC=C1,23.135847,9.166871,False,48,5,0.8,euclidean,random,StandardScaler_per_sample_dimension
CCOC(=O)CC,0.7523732,2.3515835,False,48,5,0.8,euclidean,random,StandardScaler_per_sample_dimension
CCCOC=O,1.6821139,13.562208,False,48,5,0.8,euclidean,random,StandardScaler_per_sample_dimension
POC1=CC=C(CC2=CC=CC=C2)C=C1,9.181409,10.568027,False,48,5,0.8,euclidean,random,StandardScaler_per_sample_dimension
O=POC1=CC=C(CC2=CC=CC=C2)C=C1,9.323421,10.742801,False,48,5,0.8,euclidean,random,StandardScaler_per_sample_dimension
CC(C)CN,7.7154512,6.603369,False,48,5,0.8,euclidean,random,StandardScaler_per_sample_dimension
CC(C=O)CC=O,7.8086987,6.495725,False,48,5,0.8,euclidean,random,StandardScaler_per_sample_dimension
CC1=CC=C(OC2=CC=C(C=O)C=C2)C=C1,5.951125,3.5347426,False,48,5,0.8,euclidean,random,StandardScaler_per_sample_dimension
PNC1=CC=CC=C1,11.270508,-11.831436,False,48,5,0.8,euclidean,random,StandardScaler_per_sample_dimension
O=PNC1=CC=CC=C1,10.978507,-12.200488,False,48,5,0.8,euclidean,random,StandardScaler_per_sample_dimension
OC1=CC=C(NCC2=CC=CC=C2)C=C1,1.524016,4.189379,False,48,5,0.8,euclidean,random,StandardScaler_per_sample_dimension
O=C(NC1=CC=C(O)C=C1)C1=CC=CC=C1,1.3723235,4.3881164,False,48,5,0.8,euclidean,random,StandardScaler_per_sample_dimension
CCCOC(C)=O,1.7478279,13.610762,False,48,5,0.8,euclidean,random,StandardScaler_per_sample_dimension
CCCCNCCC,4.253837,-2.1354253,False,48,5,0.8,euclidean,random,StandardScaler_per_sample_dimension
CNCC(C)C,8.015097,6.556397,False,48,5,0.8,euclidean,random,StandardScaler_per_sample_dimension
CCCCNC(=O)CC,5.2228904,-0.6781732,False,48,5,0.8,euclidean,random,StandardScaler_per_sample_dimension
CCN(CC)CC,23.930538,10.493338,True,48,5,0.8,euclidean,random,StandardScaler_per_sample_dimension
OCCOC1=CC=CC=C1,1.8781023,-4.7459464,False,48,5,0.8,euclidean,random,StandardScaler_per_sample_dimension
O=CC1=CC2=C(C=C1)CN(C1=CC=CC=C1)C2,6.589923,29.611118,False,48,5,0.8,euclidean,random,StandardScaler_per_sample_dimension
O=CC1=CC=C2CN(C3=CC=CC=C3)CC2=C1,6.3700347,29.780628,False,48,5,0.8,euclidean,random,StandardScaler_per_sample_dimension
COC1=CC=C(CC2=CC=C(OC)C=C2)C=C1,7.5304046,1.2030232,False,48,5,0.8,euclidean,random,StandardScaler_per_sample_dimension
CCCC(C)CC,4.8257213,4.7395563,False,48,5,0.8,euclidean,random,StandardScaler_per_sample_dimension
CCC1=CC(C)=CC=C1,10.102755,8.471171,False,48,5,0.8,euclidean,random,StandardScaler_per_sample_dimension
CCC1=CC=CC(C)=C1,9.985157,8.339243,False,48,5,0.8,euclidean,random,StandardScaler_per_sample_dimension
CNC(=O)C(C)C,7.969551,6.7515182,False,48,5,0.8,euclidean,random,StandardScaler_per_sample_dimension
CC(C)C(N)=O,7.8396277,6.5501866,False,48,5,0.8,euclidean,random,StandardScaler_per_sample_dimension
BrC1=CC(Br)=CC=C1,-9.336343,5.819106,False,48,5,0.8,euclidean,random,StandardScaler_per_sample_dimension
BrC1=CC=CC(Br)=C1,-9.773593,5.8980117,False,48,5,0.8,euclidean,random,StandardScaler_per_sample_dimension
NCCNC=O,8.979242,1.5535563,False,48,5,0.8,euclidean,random,StandardScaler_per_sample_dimension
CCOC1=CC=C(O)C=C1,1.9090613,-6.498576,False,48,5,0.8,euclidean,random,StandardScaler_per_sample_dimension
NCC1=CC=C(O)C=C1,6.654296,3.663536,False,48,5,0.8,euclidean,random,StandardScaler_per_sample_dimension
O=CC1=CC(CO)=CC=C1,-4.5391903,7.391353,False,48,5,0.8,euclidean,random,StandardScaler_per_sample_dimension
O=CC1=CC=CC(CO)=C1,-4.555057,7.53835,False,48,5,0.8,euclidean,random,StandardScaler_per_sample_dimension
O=CC1=CC(C(=O)O)=CC=C1,-4.5520735,7.411742,False,48,5,0.8,euclidean,random,StandardScaler_per_sample_dimension
O=CC1=CC=CC(C(=O)O)=C1,-4.7926764,7.3068886,False,48,5,0.8,euclidean,random,StandardScaler_per_sample_dimension
CCCCNC(=O)CCC,5.110649,-0.74829215,False,48,5,0.8,euclidean,random,StandardScaler_per_sample_dimension
CCCNC(=O)CCC,5.2067056,-0.8444386,False,48,5,0.8,euclidean,random,StandardScaler_per_sample_dimension
CCCCNCCCC,5.497438,-0.798432,False,48,5,0.8,euclidean,random,StandardScaler_per_sample_dimension
CC(C)C1=CC=C(OP)C=C1,-0.8445935,11.84009,False,48,5,0.8,euclidean,random,StandardScaler_per_sample_dimension
CC(C)C1=CC=C(OP=O)C=C1,-0.8654932,11.60899,False,48,5,0.8,euclidean,random,StandardScaler_per_sample_dimension
CC(C1=CC=CC=C1)C1=CC=C(OP)C=C1,-0.98552436,11.680847,False,48,5,0.8,euclidean,random,StandardScaler_per_sample_dimension
CC(C1=CC=CC=C1)C1=CC=C(OP=O)C=C1,-1.1080072,11.807917,False,48,5,0.8,euclidean,random,StandardScaler_per_sample_dimension
CC1=CC=C(CC2=CC=CC=C2)C=C1,-2.0725117,2.3514068,False,48,5,0.8,euclidean,random,StandardScaler_per_sample_dimension
CNCCNC=O,9.335699,1.4246217,False,48,5,0.8,euclidean,random,StandardScaler_per_sample_dimension
CCCCOC,2.4517667,12.839193,False,48,5,0.8,euclidean,random,StandardScaler_per_sample_dimension
CNCC1=CC=C(O)C=C1,6.285573,3.9571655,False,48,5,0.8,euclidean,random,StandardScaler_per_sample_dimension
COC1=CC=C(CN)C=C1,6.7153635,3.3542361,False,48,5,0.8,euclidean,random,StandardScaler_per_sample_dimension
CCOCC1=CC(C)=CC=C1,15.850403,-10.756137,False,48,5,0.8,euclidean,random,StandardScaler_per_sample_dimension
CCOCC1=CC=CC(C)=C1,15.883244,-10.886036,False,48,5,0.8,euclidean,random,StandardScaler_per_sample_dimension
CCOC(=O)C1=CC(C)=CC=C1,16.063974,-11.017516,False,48,5,0.8,euclidean,random,StandardScaler_per_sample_dimension
CCOC(=O)C1=CC=CC(C)=C1,16.106344,-11.116702,False,48,5,0.8,euclidean,random,StandardScaler_per_sample_dimension
CCCCCNCCC,4.051565,-2.3640559,False,48,5,0.8,euclidean,random,StandardScaler_per_sample_dimension
CCCNCC1=CC=CC=C1,23.676125,6.752445,False,48,5,0.8,euclidean,random,StandardScaler_per_sample_dimension
O=C(C1=CC=CC=C1)C1=CC=CC=C1,-2.268471,3.255278,False,48,5,0.8,euclidean,random,StandardScaler_per_sample_dimension
OC1=CC=C(CC2=CC=C(OP)C=C2)C=C1,9.375299,10.385124,False,48,5,0.8,euclidean,random,StandardScaler_per_sample_dimension
COCC1=CC(C=O)=CC=C1,-4.9397,6.82659,False,48,5,0.8,euclidean,random,StandardScaler_per_sample_dimension
COCC1=CC=CC(C=O)=C1,-4.8055716,6.9303026,False,48,5,0.8,euclidean,random,StandardScaler_per_sample_dimension
COC(=O)C1=CC(C=O)=CC=C1,-4.7541165,6.9204335,False,48,5,0.8,euclidean,random,StandardScaler_per_sample_dimension
COC(=O)C1=CC=CC(C=O)=C1,-4.4724092,7.0799317,False,48,5,0.8,euclidean,random,StandardScaler_per_sample_dimension
CC1=CC=C(COCCO)C=C1,11.667592,10.094286,True,48,5,0.8,euclidean,random,StandardScaler_per_sample_dimension
CC1=CC=C(C(=O)OCCO)C=C1,11.699098,10.145643,False,48,5,0.8,euclidean,random,StandardScaler_per_sample_dimension
CCCCC1=CC=CC=C1,3.5218308,2.5709665,False,48,5,0.8,euclidean,random,StandardScaler_per_sample_dimension
CNCCC(C)C,8.668006,6.4376335,False,48,5,0.8,euclidean,random,StandardScaler_per_sample_dimension
CC(C)CCN,8.341029,6.5523834,False,48,5,0.8,euclidean,random,StandardScaler_per_sample_dimension
C=CCC,20.11833,9.215581,False,48,5,0.8,euclidean,random,StandardScaler_per_sample_dimension
CCCNC1=CC(C)=CC=C1,-14.006305,-3.5883596,False,48,5,0.8,euclidean,random,StandardScaler_per_sample_dimension
CCCNC1=CC=CC(C)=C1,-13.922734,-3.467789,False,48,5,0.8,euclidean,random,StandardScaler_per_sample_dimension
CCC(=O)NC1=CC(C)=CC=C1,-14.177752,-3.430943,False,48,5,0.8,euclidean,random,StandardScaler_per_sample_dimension
CCC(=O)NC1=CC=CC(C)=C1,-14.08301,-3.705621,False,48,5,0.8,euclidean,random,StandardScaler_per_sample_dimension
CCN(C)CC1=CC=CC=C1,24.07296,10.42994,True,48,5,0.8,euclidean,random,StandardScaler_per_sample_dimension
CCPO,-10.040813,9.336186,False,48,5,0.8,euclidean,random,StandardScaler_per_sample_dimension
CC[PH](=O)O,-9.98127,9.539551,False,48,5,0.8,euclidean,random,StandardScaler_per_sample_dimension
C1=CC=NC=C1,13.749179,9.724273,False,48,5,0.8,euclidean,random,StandardScaler_per_sample_dimension
CC1=CC(Br)=CC=C1,21.364923,-2.9989212,False,48,5,0.8,euclidean,random,StandardScaler_per_sample_dimension
CC1=CC=CC(Br)=C1,21.081009,-3.5987422,False,48,5,0.8,euclidean,random,StandardScaler_per_sample_dimension
CCOPO,-13.735998,8.660013,False,48,5,0.8,euclidean,random,StandardScaler_per_sample_dimension
CCO[PH](=O)O,-13.856666,8.494189,False,48,5,0.8,euclidean,random,StandardScaler_per_sample_dimension
CCOPOC,-13.820994,8.525997,False,48,5,0.8,euclidean,random,StandardScaler_per_sample_dimension
CCO[PH](=O)OC,-13.852204,8.531349,False,48,5,0.8,euclidean,random,StandardScaler_per_sample_dimension
O=CCCC1=CC=CC=C1,5.078765,3.0251164,False,48,5,0.8,euclidean,random,StandardScaler_per_sample_dimension
CC1=CC(NCC2=CC=CC=C2)=CC=C1,-4.376385,-2.379864,False,48,5,0.8,euclidean,random,StandardScaler_per_sample_dimension
CC1=CC=CC(NCC2=CC=CC=C2)=C1,-4.1330485,-2.0667024,False,48,5,0.8,euclidean,random,StandardScaler_per_sample_dimension
CC1=CC(NC(=O)C2=CC=CC=C2)=CC=C1,-4.431157,-2.2307203,False,48,5,0.8,euclidean,random,StandardScaler_per_sample_dimension
CC1=CC=CC(NC(=O)C2=CC=CC=C2)=C1,-4.484049,-2.481783,False,48,5,0.8,euclidean,random,StandardScaler_per_sample_dimension
CC1=CC(Br)=CC(Br)=C1,11.5241165,-9.312443,False,48,5,0.8,euclidean,random,StandardScaler_per_sample_dimension
CCOC1=CC=C(OC)C=C1,1.7694935,-6.569697,False,48,5,0.8,euclidean,random,StandardScaler_per_sample_dimension
CCPC,5.6483784,18.910265,True,48,5,0.8,euclidean,random,StandardScaler_per_sample_dimension
CC[PH](C)=O,5.614747,18.78039,False,48,5,0.8,euclidean,random,StandardScaler_per_sample_dimension
CC1=CC=C(OPO)C=C1,21.112843,3.377466,False,48,5,0.8,euclidean,random,StandardScaler_per_sample_dimension
CC1=CC=C(O[PH](=O)O)C=C1,21.034603,3.1520438,False,48,5,0.8,euclidean,random,StandardScaler_per_sample_dimension
NCC1=CC(N)=CC=C1,-6.144043,12.961724,False,48,5,0.8,euclidean,random,StandardScaler_per_sample_dimension
NCC1=CC=CC(N)=C1,-6.3853555,12.364049,False,48,5,0.8,euclidean,random,StandardScaler_per_sample_dimension
CNCC1=CC(N)=CC=C1,-6.052992,12.346434,False,48,5,0.8,euclidean,random,StandardScaler_per_sample_dimension
CNCC1=CC=CC(N)=C1,-6.5018363,12.234578,False,48,5,0.8,euclidean,random,StandardScaler_per_sample_dimension
NC(=O)C1=CC(N)=CC=C1,-6.103155,12.564912,False,48,5,0.8,euclidean,random,StandardScaler_per_sample_dimension
NC(=O)C1=CC=CC(N)=C1,-6.896741,12.757285,False,48,5,0.8,euclidean,random,StandardScaler_per_sample_dimension
CNC(=O)C1=CC(N)=CC=C1,-6.266346,12.225207,False,48,5,0.8,euclidean,random,StandardScaler_per_sample_dimension
CNC(=O)C1=CC=CC(N)=C1,-6.3320374,12.601824,False,48,5,0.8,euclidean,random,StandardScaler_per_sample_dimension
CCC(C)CN,4.9661365,1.360935,False,48,5,0.8,euclidean,random,StandardScaler_per_sample_dimension
CCCCCCCN,4.651633,6.01147,False,48,5,0.8,euclidean,random,StandardScaler_per_sample_dimension
CC(C)CC(N)=O,8.21583,6.4726048,False,48,5,0.8,euclidean,random,StandardScaler_per_sample_dimension
CNC(=O)CC(C)C,8.643157,6.442651,False,48,5,0.8,euclidean,random,StandardScaler_per_sample_dimension
CCCCCNC(=O)CC,4.2070704,-0.57861996,False,48,5,0.8,euclidean,random,StandardScaler_per_sample_dimension
NCCCC=O,7.8258405,6.484053,False,48,5,0.8,euclidean,random,StandardScaler_per_sample_dimension
CNCCCC=O,-1.5280927,0.3917834,False,48,5,0.8,euclidean,random,StandardScaler_per_sample_dimension
NCCC1=CC=CC=C1,6.8015137,5.2280073,True,48,5,0.8,euclidean,random,StandardScaler_per_sample_dimension
NC(=O)CCC=O,-1.7988741,0.11976086,False,48,5,0.8,euclidean,random,StandardScaler_per_sample_dimension
CCCNC(=O)C1=CC=CC=C1,23.698399,6.773239,False,48,5,0.8,euclidean,random,StandardScaler_per_sample_dimension
CCPC1=CC=CC=C1,5.65184,18.761913,False,48,5,0.8,euclidean,random,StandardScaler_per_sample_dimension
CC[PH](=O)C1=CC=CC=C1,5.697112,19.020033,False,48,5,0.8,euclidean,random,StandardScaler_per_sample_dimension
CNC(=O)CCC=O,-2.5410051,4.7664557,False,48,5,0.8,euclidean,random,StandardScaler_per_sample_dimension
C1CCCCC1,2.0734868,0.5325148,False,48,5,0.8,euclidean,random,StandardScaler_per_sample_dimension
CCC(C)C(=O)NC,4.901547,1.200753,False,48,5,0.8,euclidean,random,StandardScaler_per_sample_dimension
CCC(C)CNC,4.9799056,1.2100384,False,48,5,0.8,euclidean,random,StandardScaler_per_sample_dimension
CCC(C)C(N)=O,5.0488906,1.1866902,False,48,5,0.8,euclidean,random,StandardScaler_per_sample_dimension
CCCCCCC=O,4.8685203,5.8865795,False,48,5,0.8,euclidean,random,StandardScaler_per_sample_dimension
CCCCCNCCCC,3.8232527,-2.6724713,False,48,5,0.8,euclidean,random,StandardScaler_per_sample_dimension
C=N,7.6402607,0.07798365,False,48,5,0.8,euclidean,random,StandardScaler_per_sample_dimension
[H]C=N,7.636145,0.015051851,False,48,5,0.8,euclidean,random,StandardScaler_per_sample_dimension
C=NC,7.5333242,0.07528543,False,48,5,0.8,euclidean,random,StandardScaler_per_sample_dimension
CNC1=CC=C(C=O)C=C1,11.934306,11.498323,False,48,5,0.8,euclidean,random,StandardScaler_per_sample_dimension
CNC(=O)C1=CC=C(O)C=C1,6.125329,3.9274206,False,48,5,0.8,euclidean,random,StandardScaler_per_sample_dimension
CC(=O)OC1=CC=CC=C1,9.9480915,-11.017671,False,48,5,0.8,euclidean,random,StandardScaler_per_sample_dimension
NC(=O)C1=CC=C(O)C=C1,6.739557,3.4651177,False,48,5,0.8,euclidean,random,StandardScaler_per_sample_dimension
COC1=CC=C(C(N)=O)C=C1,6.7678933,3.4243984,False,48,5,0.8,euclidean,random,StandardScaler_per_sample_dimension
COPOC1=CC=C(C)C=C1,20.918028,3.092537,False,48,5,0.8,euclidean,random,StandardScaler_per_sample_dimension
CO[PH](=O)OC1=CC=C(C)C=C1,20.859476,3.206228,False,48,5,0.8,euclidean,random,StandardScaler_per_sample_dimension
CC(C)(C1=CC=CC=C1)C1=CC=C(OP)C=C1,9.122265,10.635902,False,48,5,0.8,euclidean,random,StandardScaler_per_sample_dimension
CCOCC1=CC(C=O)=CC=C1,-4.611639,7.2417564,False,48,5,0.8,euclidean,random,StandardScaler_per_sample_dimension
CCOCC1=CC=CC(C=O)=C1,-4.765379,7.0151553,False,48,5,0.8,euclidean,random,StandardScaler_per_sample_dimension
CCOC(=O)C1=CC(C=O)=CC=C1,-4.7177067,7.0186043,False,48,5,0.8,euclidean,random,StandardScaler_per_sample_dimension
CCOC(=O)C1=CC=CC(C=O)=C1,-4.9083924,6.848822,False,48,5,0.8,euclidean,random,StandardScaler_per_sample_dimension
FCCC(F)F,-12.553628,14.105747,False,48,5,0.8,euclidean,random,StandardScaler_per_sample_dimension
CCCF,-12.571843,14.09185,False,48,5,0.8,euclidean,random,StandardScaler_per_sample_dimension
CCC(F)F,-12.6287565,14.029484,False,48,5,0.8,euclidean,random,StandardScaler_per_sample_dimension
FCCCF,2.0568395,17.59716,False,48,5,0.8,euclidean,random,StandardScaler_per_sample_dimension
CCCCCCCNC,4.650626,5.5076313,False,48,5,0.8,euclidean,random,StandardScaler_per_sample_dimension
FC(F)CC(F)F,1.8367246,17.721548,False,48,5,0.8,euclidean,random,StandardScaler_per_sample_dimension
CCCCC(=O)NCC,4.835033,-0.59872955,False,48,5,0.8,euclidean,random,StandardScaler_per_sample_dimension
CC(C)C1=CC=C(OC2=CC=CC=C2)C=C1,3.4063,5.6543217,False,48,5,0.8,euclidean,random,StandardScaler_per_sample_dimension
FCCC(F)(F)F,2.4437792,17.586878,False,48,5,0.8,euclidean,random,StandardScaler_per_sample_dimension
FC(F)CC(F)(F)F,2.430204,17.393139,False,48,5,0.8,euclidean,random,StandardScaler_per_sample_dimension
CCC(F)(F)F,2.5304456,17.330484,False,48,5,0.8,euclidean,random,StandardScaler_per_sample_dimension
CCCCCNC(=O)CCC,4.997687,-1.0264245,False,48,5,0.8,euclidean,random,StandardScaler_per_sample_dimension
CC(C=O)CCN,8.081342,6.735973,False,48,5,0.8,euclidean,random,StandardScaler_per_sample_dimension
CC(C=O)CC(N)=O,8.154638,6.756617,False,48,5,0.8,euclidean,random,StandardScaler_per_sample_dimension
CNCCC1=CC=CC=C1,7.0932484,4.780244,True,48,5,0.8,euclidean,random,StandardScaler_per_sample_dimension
CNCCC(C)C=O,-1.827569,0.1432532,False,48,5,0.8,euclidean,random,StandardScaler_per_sample_dimension
CNC(=O)CC(C)C=O,-1.6951413,0.40318382,False,48,5,0.8,euclidean,random,StandardScaler_per_sample_dimension
CC=N,7.5484023,-0.056363456,False,48,5,0.8,euclidean,random,StandardScaler_per_sample_dimension
CP(O)O,15.452421,-8.997598,False,48,5,0.8,euclidean,random,StandardScaler_per_sample_dimension
CP(=O)(O)O,15.489919,-8.873289,False,48,5,0.8,euclidean,random,StandardScaler_per_sample_dimension
OC1=CC(PC2=CC=CC=C2)=CC=C1,22.312057,19.712042,False,48,5,0.8,euclidean,random,StandardScaler_per_sample_dimension
O=[PH](C1=CC=CC=C1)C1=CC=CC(O)=C1,22.29409,19.74752,False,48,5,0.8,euclidean,random,StandardScaler_per_sample_dimension
OC1=CC(PC2=CC=CC=C2)=C(O)C=C1,22.311434,19.727848,False,48,5,0.8,euclidean,random,StandardScaler_per_sample_dimension
O=[PH](C1=CC=CC=C1)C1=C(O)C=CC(O)=C1,22.374887,19.64472,False,48,5,0.8,euclidean,random,StandardScaler_per_sample_dimension
OC1=CC(P)=CC=C1,10.501614,24.774153,False,48,5,0.8,euclidean,random,StandardScaler_per_sample_dimension
O=PC1=CC=CC(O)=C1,10.549354,24.800556,False,48,5,0.8,euclidean,random,StandardScaler_per_sample_dimension
OC1=CC(P)=C(O)C=C1,10.338249,24.60204,False,48,5,0.8,euclidean,random,StandardScaler_per_sample_dimension
OPC1=CC=CC=C1O,16.442896,-1.281055,False,48,5,0.8,euclidean,random,StandardScaler_per_sample_dimension
O=PC1=C(O)C=CC(O)=C1,10.330918,24.574183,False,48,5,0.8,euclidean,random,StandardScaler_per_sample_dimension
O=[PH](O)C1=CC=CC=C1O,16.558565,-1.4566226,False,48,5,0.8,euclidean,random,StandardScaler_per_sample_dimension
OC1=CC=CC=C1POC1=CC=CC=C1,16.402515,-1.3898364,False,48,5,0.8,euclidean,random,StandardScaler_per_sample_dimension
O=[PH](OC1=CC=CC=C1)C1=CC=CC=C1O,16.556509,-1.5579913,False,48,5,0.8,euclidean,random,StandardScaler_per_sample_dimension
CCCCN(C)C,8.827403,6.2155685,False,48,5,0.8,euclidean,random,StandardScaler_per_sample_dimension
CCCCCC1=CC=CC=C1,3.167726,2.4188569,False,48,5,0.8,euclidean,random,StandardScaler_per_sample_dimension
NCCCCCC=O,3.0986362,-0.44540837,False,48,5,0.8,euclidean,random,StandardScaler_per_sample_dimension
CCCNC1=CC(C=O)=CC=C1,-14.218,-3.8579836,False,48,5,0.8,euclidean,random,StandardScaler_per_sample_dimension
CCCNC1=CC=CC(C=O)=C1,-14.358127,-4.1003895,False,48,5,0.8,euclidean,random,StandardScaler_per_sample_dimension
CCC(=O)NC1=CC(C=O)=CC=C1,-14.310876,-4.1632075,False,48,5,0.8,euclidean,random,StandardScaler_per_sample_dimension
CCC(=O)NC1=CC=CC(C=O)=C1,-14.287502,-3.9691727,True,48,5,0.8,euclidean,random,StandardScaler_per_sample_dimension
CC1=CC(CC2=CC=CC=C2)=CC=C1,0.4335533,-10.20629,False,48,5,0.8,euclidean,random,StandardScaler_per_sample_dimension
CC1=CC=CC(CC2=CC=CC=C2)=C1,0.34549177,-10.341541,False,48,5,0.8,euclidean,random,StandardScaler_per_sample_dimension
NCCCCCCN,3.2352507,-0.9517995,False,48,5,0.8,euclidean,random,StandardScaler_per_sample_dimension
CC1=C(OC2=CC=CC=C2)C=CC=C1,23.083426,9.52515,False,48,5,0.8,euclidean,random,StandardScaler_per_sample_dimension
CC1=CC=CC=C1OC1=CC=CC=C1,22.961222,9.358996,False,48,5,0.8,euclidean,random,StandardScaler_per_sample_dimension
NCCNCC1=CC=CC=C1,9.134874,1.4985336,False,48,5,0.8,euclidean,random,StandardScaler_per_sample_dimension
NCCNC(=O)C1=CC=CC=C1,9.200261,1.6054518,False,48,5,0.8,euclidean,random,StandardScaler_per_sample_dimension
CNPO,20.382584,14.814576,False,48,5,0.8,euclidean,random,StandardScaler_per_sample_dimension
CNPOC,20.364277,14.814343,False,48,5,0.8,euclidean,random,StandardScaler_per_sample_dimension
CN[PH](=O)O,20.250174,14.928614,False,48,5,0.8,euclidean,random,StandardScaler_per_sample_dimension
CN[PH](=O)OC,20.192093,14.830421,False,48,5,0.8,euclidean,random,StandardScaler_per_sample_dimension
CCOC1=CC=C(C)C=C1,7.7671227,9.633514,False,48,5,0.8,euclidean,random,StandardScaler_per_sample_dimension
CCCP,14.071581,8.148992,False,48,5,0.8,euclidean,random,StandardScaler_per_sample_dimension
CCCP=O,14.252984,8.060074,False,48,5,0.8,euclidean,random,StandardScaler_per_sample_dimension
NPO,20.327372,14.583898,False,48,5,0.8,euclidean,random,StandardScaler_per_sample_dimension
COPN,20.2882,14.223499,False,48,5,0.8,euclidean,random,StandardScaler_per_sample_dimension
N[PH](=O)O,20.529966,14.368862,False,48,5,0.8,euclidean,random,StandardScaler_per_sample_dimension
CO[PH](N)=O,20.403406,14.505682,False,48,5,0.8,euclidean,random,StandardScaler_per_sample_dimension
C1=CC2=C(C=C1)C=CC=C2,8.289658,-11.969132,False,48,5,0.8,euclidean,random,StandardScaler_per_sample_dimension
C1=CC=C2C=CC=CC2=C1,8.321643,-12.013179,False,48,5,0.8,euclidean,random,StandardScaler_per_sample_dimension
COCCOC,1.5758555,-4.265616,False,48,5,0.8,euclidean,random,StandardScaler_per_sample_dimension
CC1=CC=C(OPOC2=CC=CC=C2)C=C1,-17.956419,-2.6700544,False,48,5,0.8,euclidean,random,StandardScaler_per_sample_dimension
CC1=CC=C(O[PH](=O)OC2=CC=CC=C2)C=C1,-18.04191,-2.7707186,False,48,5,0.8,euclidean,random,StandardScaler_per_sample_dimension
CC1=CC(COCCO)=CC=C1,16.057728,-11.177912,False,48,5,0.8,euclidean,random,StandardScaler_per_sample_dimension
CC1=CC=CC(COCCO)=C1,16.05938,-11.422398,False,48,5,0.8,euclidean,random,StandardScaler_per_sample_dimension
CC1=CC(C(=O)OCCO)=CC=C1,16.162231,-11.351848,False,48,5,0.8,euclidean,random,StandardScaler_per_sample_dimension
CC1=CC=CC(C(=O)OCCO)=C1,15.939378,-11.317817,False,48,5,0.8,euclidean,random,StandardScaler_per_sample_dimension
CNC1=CC(CN)=CC=C1,11.80614,-2.8150315,False,48,5,0.8,euclidean,random,StandardScaler_per_sample_dimension
CNC1=CC=CC(CN)=C1,13.790346,-2.4893432,False,48,5,0.8,euclidean,random,StandardScaler_per_sample_dimension
CCNC1=CC(CN)=CC=C1,12.684242,-3.033423,False,48,5,0.8,euclidean,random,StandardScaler_per_sample_dimension
CCNC1=CC=CC(CN)=C1,12.345272,-1.9107678,False,48,5,0.8,euclidean,random,StandardScaler_per_sample_dimension
CNC1=CC(C(N)=O)=CC=C1,12.576767,-3.1828938,False,48,5,0.8,euclidean,random,StandardScaler_per_sample_dimension
CNC1=CC=CC(C(N)=O)=C1,12.454605,-1.8685495,False,48,5,0.8,euclidean,random,StandardScaler_per_sample_dimension
CNCC1=CC(NC)=CC=C1,13.717675,-2.4580908,False,48,5,0.8,euclidean,random,StandardScaler_per_sample_dimension
CNCC1=CC=CC(NC)=C1,13.545913,-1.5496231,False,48,5,0.8,euclidean,random,StandardScaler_per_sample_dimension
NCC1=CC(NC=O)=CC=C1,14.013335,-2.301802,False,48,5,0.8,euclidean,random,StandardScaler_per_sample_dimension
NCC1=CC=CC(NC=O)=C1,13.320832,-1.7254606,False,48,5,0.8,euclidean,random,StandardScaler_per_sample_dimension
CC(=O)NC1=CC(CN)=CC=C1,12.2531805,-2.584917,False,48,5,0.8,euclidean,random,StandardScaler_per_sample_dimension
CC(=O)NC1=CC=CC(CN)=C1,12.719851,-1.5134108,False,48,5,0.8,euclidean,random,StandardScaler_per_sample_dimension
CCNC1=CC(C(N)=O)=CC=C1,13.471205,-1.71095,False,48,5,0.8,euclidean,random,StandardScaler_per_sample_dimension
CCNC1=CC(CNC)=CC=C1,13.078673,-2.9290872,False,48,5,0.8,euclidean,random,StandardScaler_per_sample_dimension
CCNC1=CC=CC(C(N)=O)=C1,12.069608,-2.3607907,False,48,5,0.8,euclidean,random,StandardScaler_per_sample_dimension
CCNC1=CC=CC(CNC)=C1,12.035762,-2.2300153,False,48,5,0.8,euclidean,random,StandardScaler_per_sample_dimension
CNC(=O)C1=CC(NC)=CC=C1,13.177551,-2.645959,False,48,5,0.8,euclidean,random,StandardScaler_per_sample_dimension
CNC(=O)C1=CC=CC(NC)=C1,13.724511,-1.9013486,False,48,5,0.8,euclidean,random,StandardScaler_per_sample_dimension
CNCC1=CC(NC=O)=CC=C1,12.858195,-2.0090194,False,48,5,0.8,euclidean,random,StandardScaler_per_sample_dimension
CNCC1=CC=CC(NC=O)=C1,11.484826,-2.6448405,False,48,5,0.8,euclidean,random,StandardScaler_per_sample_dimension
NC(=O)C1=CC(NC=O)=CC=C1,11.428136,-2.9248624,False,48,5,0.8,euclidean,random,StandardScaler_per_sample_dimension
NC(=O)C1=CC=CC(NC=O)=C1,12.9500675,-1.1142302,False,48,5,0.8,euclidean,random,StandardScaler_per_sample_dimension
CC(=O)NC1=CC(C(N)=O)=CC=C1,12.893931,-3.1736424,False,48,5,0.8,euclidean,random,StandardScaler_per_sample_dimension
CC(=O)NC1=CC=CC(C(N)=O)=C1,13.094285,-1.8678124,False,48,5,0.8,euclidean,random,StandardScaler_per_sample_dimension
CCNC1=CC(C(=O)NC)=CC=C1,12.625133,-1.2830514,False,48,5,0.8,euclidean,random,StandardScaler_per_sample_dimension
CCNC1=CC=CC(C(=O)NC)=C1,11.518697,-3.0475917,False,48,5,0.8,euclidean,random,StandardScaler_per_sample_dimension
CNC(=O)C1=CC(NC=O)=CC=C1,12.89496,-3.3631985,False,48,5,0.8,euclidean,random,StandardScaler_per_sample_dimension
CNC(=O)C1=CC=CC(NC=O)=C1,14.188267,-2.2930741,False,48,5,0.8,euclidean,random,StandardScaler_per_sample_dimension
CNCC1=CC(NC(C)=O)=CC=C1,14.004395,-2.4447212,False,48,5,0.8,euclidean,random,StandardScaler_per_sample_dimension
CNCC1=CC=CC(NC(C)=O)=C1,11.372454,-2.7626436,False,48,5,0.8,euclidean,random,StandardScaler_per_sample_dimension
CNC(=O)C1=CC=CC(NC(C)=O)=C1,12.502494,-1.9309216,False,48,5,0.8,euclidean,random,StandardScaler_per_sample_dimension
CC1=CC(CN)=CC(N)=C1,-5.849479,12.599535,False,48,5,0.8,euclidean,random,StandardScaler_per_sample_dimension
CC1=CC(N)=CC(CN)=C1,-6.62426,12.571334,False,48,5,0.8,euclidean,random,StandardScaler_per_sample_dimension
CC1=CC(C(N)=O)=CC(N)=C1,-6.688079,12.452321,False,48,5,0.8,euclidean,random,StandardScaler_per_sample_dimension
CC1=CC(N)=CC(C(N)=O)=C1,-6.1624775,12.573098,False,48,5,0.8,euclidean,random,StandardScaler_per_sample_dimension
CNCC1=CC(C)=CC(N)=C1,-6.400914,12.631781,False,48,5,0.8,euclidean,random,StandardScaler_per_sample_dimension
CNCC1=CC(N)=CC(C)=C1,-6.4037843,12.27718,False,48,5,0.8,euclidean,random,StandardScaler_per_sample_dimension
NCC1=CC(C=O)=CC(N)=C1,-6.451181,12.897402,False,48,5,0.8,euclidean,random,StandardScaler_per_sample_dimension
NCC1=CC(N)=CC(C=O)=C1,-6.1443114,12.819211,False,48,5,0.8,euclidean,random,StandardScaler_per_sample_dimension
CNC(=O)C1=CC(C)=CC(N)=C1,-6.1179886,13.015002,False,48,5,0.8,euclidean,random,StandardScaler_per_sample_dimension
CNC(=O)C1=CC(N)=CC(C)=C1,-6.023898,12.603833,False,48,5,0.8,euclidean,random,StandardScaler_per_sample_dimension
CNCC1=CC(C=O)=CC(N)=C1,-6.433713,12.42249,False,48,5,0.8,euclidean,random,StandardScaler_per_sample_dimension
CNCC1=CC(N)=CC(C=O)=C1,-6.815568,12.6377,False,48,5,0.8,euclidean,random,StandardScaler_per_sample_dimension
NC(=O)C1=CC(C=O)=CC(N)=C1,-6.1797533,12.772367,False,48,5,0.8,euclidean,random,StandardScaler_per_sample_dimension
NC(=O)C1=CC(N)=CC(C=O)=C1,-6.3801665,12.291491,False,48,5,0.8,euclidean,random,StandardScaler_per_sample_dimension
CNC(=O)C1=CC(C=O)=CC(N)=C1,-6.6708803,12.707575,False,48,5,0.8,euclidean,random,StandardScaler_per_sample_dimension
CNC(=O)C1=CC(N)=CC(C=O)=C1,-6.178292,12.866358,False,48,5,0.8,euclidean,random,StandardScaler_per_sample_dimension
O=CC1=CC=C(COCCO)C=C1,11.404502,10.250749,False,48,5,0.8,euclidean,random,StandardScaler_per_sample_dimension
O=CC1=CC=C(C(=O)OCCO)C=C1,11.575695,10.233954,False,48,5,0.8,euclidean,random,StandardScaler_per_sample_dimension
CCCCCCNCCC,3.631362,-2.6570685,False,48,5,0.8,euclidean,random,StandardScaler_per_sample_dimension
CCCCCCCCN,4.5447984,6.4730816,False,48,5,0.8,euclidean,random,StandardScaler_per_sample_dimension
CCCCCNC1=CC=CC=C1,6.470452,5.274339,False,48,5,0.8,euclidean,random,StandardScaler_per_sample_dimension
CCCCC(=O)NC1=CC=CC=C1,6.4708424,5.2457952,False,48,5,0.8,euclidean,random,StandardScaler_per_sample_dimension
O=CCC1=CC=CC=C1,5.9349446,5.422061,True,48,5,0.8,euclidean,random,StandardScaler_per_sample_dimension
OC1=CC=C(S)C=C1,-6.860531,-11.969637,False,48,5,0.8,euclidean,random,StandardScaler_per_sample_dimension
OC1=CC=C(SC2=CC=CC=C2)C=C1,-7.0317273,-12.134817,False,48,5,0.8,euclidean,random,StandardScaler_per_sample_dimension
CNCCNCC1=CC=CC=C1,9.211274,1.5091815,False,48,5,0.8,euclidean,random,StandardScaler_per_sample_dimension
CNCCNC(=O)C1=CC=CC=C1,9.04836,1.4022602,False,48,5,0.8,euclidean,random,StandardScaler_per_sample_dimension
O=CCCCCC=O,2.8757255,0.041919336,False,48,5,0.8,euclidean,random,StandardScaler_per_sample_dimension
CNCC1=CC=C(OC2=CC=CC=C2)C=C1,5.9141893,4.083727,False,48,5,0.8,euclidean,random,StandardScaler_per_sample_dimension
CNC(=O)C1=CC=C(OC2=CC=CC=C2)C=C1,6.14452,4.0170503,False,48,5,0.8,euclidean,random,StandardScaler_per_sample_dimension
CCPOC,-10.063545,9.555824,False,48,5,0.8,euclidean,random,StandardScaler_per_sample_dimension
CC[PH](=O)OC,-10.168889,9.644603,False,48,5,0.8,euclidean,random,StandardScaler_per_sample_dimension
NCC1=CC=C(OC2=CC=CC=C2)C=C1,6.5229964,3.4221268,False,48,5,0.8,euclidean,random,StandardScaler_per_sample_dimension
NC(=O)C1=CC=C(OC2=CC=CC=C2)C=C1,6.6233726,3.3480492,False,48,5,0.8,euclidean,random,StandardScaler_per_sample_dimension
COCCOC=O,1.8170017,-4.503671,False,48,5,0.8,euclidean,random,StandardScaler_per_sample_dimension
COCCOC1=CC=CC=C1,1.8440754,-4.5846653,False,48,5,0.8,euclidean,random,StandardScaler_per_sample_dimension
FCC(C1=CC=CC=C1)C(F)F,-12.524782,13.856639,False,48,5,0.8,euclidean,random,StandardScaler_per_sample_dimension
CC(CF)C1=CC=CC=C1,-12.699243,14.015089,False,48,5,0.8,euclidean,random,StandardScaler_per_sample_dimension
CC(C1=CC=CC=C1)C(F)F,-12.507683,13.892665,False,48,5,0.8,euclidean,random,StandardScaler_per_sample_dimension
FCC(CF)C1=CC=CC=C1,-12.686208,13.927341,False,48,5,0.8,euclidean,random,StandardScaler_per_sample_dimension
FC(F)C(C1=CC=CC=C1)C(F)F,-12.649142,13.958235,False,48,5,0.8,euclidean,random,StandardScaler_per_sample_dimension
FCCC1=CC=CC=C1,1.4887913,17.754715,False,48,5,0.8,euclidean,random,StandardScaler_per_sample_dimension
FC(F)CC1=CC=CC=C1,1.541445,17.837204,False,48,5,0.8,euclidean,random,StandardScaler_per_sample_dimension
FCC(C1=CC=CC=C1)C(F)(F)F,1.6105094,17.722643,False,48,5,0.8,euclidean,random,StandardScaler_per_sample_dimension
FC(F)C(C1=CC=CC=C1)C(F)(F)F,1.5064281,17.787663,False,48,5,0.8,euclidean,random,StandardScaler_per_sample_dimension
CCCCCCCCC,4.1069913,7.0270166,False,48,5,0.8,euclidean,random,StandardScaler_per_sample_dimension
CCCCCC(=O)NCC,4.1603155,-0.47854996,False,48,5,0.8,euclidean,random,StandardScaler_per_sample_dimension
CCCCCCCCNC,4.963327,6.5346184,False,48,5,0.8,euclidean,random,StandardScaler_per_sample_dimension
CC(C1=CC=CC=C1)C(F)(F)F,2.2736034,17.487259,False,48,5,0.8,euclidean,random,StandardScaler_per_sample_dimension
CC(C)CO,7.4863205,-16.605442,False,48,5,0.8,euclidean,random,StandardScaler_per_sample_dimension
CCCC1=CC=C(O)C=C1,21.572294,5.2029877,False,48,5,0.8,euclidean,random,StandardScaler_per_sample_dimension
FC(F)(F)CC1=CC=CC=C1,2.9166205,17.079332,False,48,5,0.8,euclidean,random,StandardScaler_per_sample_dimension
CC(CN)CC=O,7.6886444,6.6640034,False,48,5,0.8,euclidean,random,StandardScaler_per_sample_dimension
CC(CC=O)C(N)=O,7.908467,6.5817842,False,48,5,0.8,euclidean,random,StandardScaler_per_sample_dimension
CCCNC1=CC(C)=CC(C=O)=C1,-14.360365,-4.0423784,False,48,5,0.8,euclidean,random,StandardScaler_per_sample_dimension
CCCNC1=CC(C=O)=CC(C)=C1,-14.368019,-4.030171,False,48,5,0.8,euclidean,random,StandardScaler_per_sample_dimension
CNCC(C)CC=O,-1.4554191,0.5810188,False,48,5,0.8,euclidean,random,StandardScaler_per_sample_dimension
CNC(=O)C(C)CC=O,-1.595527,0.45988643,False,48,5,0.8,euclidean,random,StandardScaler_per_sample_dimension
CCCCOCC,2.3318367,12.864237,False,48,5,0.8,euclidean,random,StandardScaler_per_sample_dimension
FC(F)(F)C(C1=CC=CC=C1)C(F)(F)F,10.994824,15.721833,False,48,5,0.8,euclidean,random,StandardScaler_per_sample_dimension
CCN1CC2=C(C=CC=C2)C1,23.987694,10.329033,False,48,5,0.8,euclidean,random,StandardScaler_per_sample_dimension
CCN1CC2=CC=CC=C2C1,24.104803,10.415158,False,48,5,0.8,euclidean,random,StandardScaler_per_sample_dimension
CC1=CC=C(Br)C=C1,9.685507,-1.6924845,False,48,5,0.8,euclidean,random,StandardScaler_per_sample_dimension
CCCPC1=CC=CC=C1,14.237322,8.079327,False,48,5,0.8,euclidean,random,StandardScaler_per_sample_dimension
CCC[PH](=O)C1=CC=CC=C1,14.29846,8.141639,False,48,5,0.8,euclidean,random,StandardScaler_per_sample_dimension
CCCNC1=CC(C)=CC(C)=C1,3.2524471,-11.117064,False,48,5,0.8,euclidean,random,StandardScaler_per_sample_dimension
CCC(=O)NC1=CC(C)=CC(C)=C1,3.6031904,-10.891951,False,48,5,0.8,euclidean,random,StandardScaler_per_sample_dimension
NC1=CC(CO)=CC=C1,-13.144054,4.3256125,False,48,5,0.8,euclidean,random,StandardScaler_per_sample_dimension
NC1=CC=CC(CO)=C1,-12.755248,4.3699007,False,48,5,0.8,euclidean,random,StandardScaler_per_sample_dimension
NC1=CC(C(=O)O)=CC=C1,-12.799643,4.543418,False,48,5,0.8,euclidean,random,StandardScaler_per_sample_dimension
NC1=CC=CC(C(=O)O)=C1,-12.913364,4.4559584,False,48,5,0.8,euclidean,random,StandardScaler_per_sample_dimension
CC1=CC=C(OC=O)C=C1,15.239418,-1.2255439,False,48,5,0.8,euclidean,random,StandardScaler_per_sample_dimension
CC1=CC=C(NCC2=CC(C)=CC=C2)C=C1,14.051661,11.3593025,False,48,5,0.8,euclidean,random,StandardScaler_per_sample_dimension
CC1=CC=C(NCC2=CC=CC(C)=C2)C=C1,14.018549,11.299759,False,48,5,0.8,euclidean,random,StandardScaler_per_sample_dimension
FC(F)(F)CC(F)(F)F,10.797103,15.601489,False,48,5,0.8,euclidean,random,StandardScaler_per_sample_dimension
OC1=CC=C(SC2=CC=C(O)C=C2)C=C1,-16.929747,0.78316444,False,48,5,0.8,euclidean,random,StandardScaler_per_sample_dimension
FCC(CF)(C1=CC=CC=C1)C1=CC=CC=C1,2.368936,17.396122,False,48,5,0.8,euclidean,random,StandardScaler_per_sample_dimension
CCCCCCCCCC,4.302116,7.019531,False,48,5,0.8,euclidean,random,StandardScaler_per_sample_dimension
CCCCC(=O)NCCC,4.3668437,-0.5796911,False,48,5,0.8,euclidean,random,StandardScaler_per_sample_dimension
FCC(C1=CC=CC=C1)C1=CC=CC=C1,2.643166,17.24629,False,48,5,0.8,euclidean,random,StandardScaler_per_sample_dimension
CC(CF)(C1=CC=CC=C1)C1=CC=CC=C1,2.5882,17.234985,False,48,5,0.8,euclidean,random,StandardScaler_per_sample_dimension
FC(F)C(C1=CC=CC=C1)C1=CC=CC=C1,2.7006977,17.090609,False,48,5,0.8,euclidean,random,StandardScaler_per_sample_dimension
CC(C1=CC=CC=C1)(C1=CC=CC=C1)C(F)F,2.776567,17.074352,False,48,5,0.8,euclidean,random,StandardScaler_per_sample_dimension
CNCCCCCC=O,3.4124823,-0.43498027,False,48,5,0.8,euclidean,random,StandardScaler_per_sample_dimension
CCN1CC2=C(C=CC=C2)C1=O,6.7161803,10.461683,False,48,5,0.8,euclidean,random,StandardScaler_per_sample_dimension
CCN1CC2=CC=CC=C2C1=O,6.7214227,10.509763,False,48,5,0.8,euclidean,random,StandardScaler_per_sample_dimension
CCC1=CC=C(C=O)C=C1,-2.0115345,2.5723166,False,48,5,0.8,euclidean,random,StandardScaler_per_sample_dimension
FC(F)(F)C(C1=CC=CC=C1)C1=CC=CC=C1,10.941947,15.57494,False,48,5,0.8,euclidean,random,StandardScaler_per_sample_dimension
CCN1C(=O)C2=C(C=CC=C2)C1=O,24.297165,10.599657,False,48,5,0.8,euclidean,random,StandardScaler_per_sample_dimension
CCN1C(=O)C2=CC=CC=C2C1=O,24.126398,10.430375,False,48,5,0.8,euclidean,random,StandardScaler_per_sample_dimension
C1=CC=C(COC2=CC=CC=C2)C=C1,10.105768,-11.171469,False,48,5,0.8,euclidean,random,StandardScaler_per_sample_dimension
O=C(OC1=CC=CC=C1)C1=CC=CC=C1,10.072831,-10.954059,False,48,5,0.8,euclidean,random,StandardScaler_per_sample_dimension
CCOCCOC,1.6249385,-4.612386,False,48,5,0.8,euclidean,random,StandardScaler_per_sample_dimension
OPNC1=CC=CC=C1,11.544886,-11.813796,False,48,5,0.8,euclidean,random,StandardScaler_per_sample_dimension
O=[PH](O)NC1=CC=CC=C1,11.279057,-11.9065485,False,48,5,0.8,euclidean,random,StandardScaler_per_sample_dimension
CCOC1=CC=C(OCC)C=C1,16.340408,-1.4551933,False,48,5,0.8,euclidean,random,StandardScaler_per_sample_dimension
O=CC1=CC(COCCO)=CC=C1,-5.0723605,6.6947374,False,48,5,0.8,euclidean,random,StandardScaler_per_sample_dimension
O=CC1=CC=CC(COCCO)=C1,-5.312636,6.501725,False,48,5,0.8,euclidean,random,StandardScaler_per_sample_dimension
O=CC1=CC(C(=O)OCCO)=CC=C1,-5.0108852,6.6588054,False,48,5,0.8,euclidean,random,StandardScaler_per_sample_dimension
O=CC1=CC=CC(C(=O)OCCO)=C1,-5.0719995,6.634286,False,48,5,0.8,euclidean,random,StandardScaler_per_sample_dimension
NC1=CC(CNC2=CC=CC=C2)=CC=C1,23.482721,4.8059506,True,48,5,0.8,euclidean,random,StandardScaler_per_sample_dimension
NC1=CC=CC(CNC2=CC=CC=C2)=C1,23.496857,4.5404625,False,48,5,0.8,euclidean,random,StandardScaler_per_sample_dimension
NC1=CC(C(=O)NC2=CC=CC=C2)=CC=C1,23.5723,4.9134955,False,48,5,0.8,euclidean,random,StandardScaler_per_sample_dimension
NC1=CC=CC(C(=O)NC2=CC=CC=C2)=C1,23.391754,4.9668074,False,48,5,0.8,euclidean,random,StandardScaler_per_sample_dimension
CNCCCCCCN,3.296052,-0.6716736,False,48,5,0.8,euclidean,random,StandardScaler_per_sample_dimension
CC1CCCCC1,2.2026272,0.8739661,False,48,5,0.8,euclidean,random,StandardScaler_per_sample_dimension
OCCCO,4.7903247,13.240227,False,48,5,0.8,euclidean,random,StandardScaler_per_sample_dimension
COP(C)O,22.686113,-4.5604095,False,48,5,0.8,euclidean,random,StandardScaler_per_sample_dimension
COP(C)(=O)O,22.665825,-4.616294,False,48,5,0.8,euclidean,random,StandardScaler_per_sample_dimension
COCC1=CC(N)=CC=C1,-9.8426,-8.353949,False,48,5,0.8,euclidean,random,StandardScaler_per_sample_dimension
COCC1=CC=CC(N)=C1,-10.223892,-7.969918,False,48,5,0.8,euclidean,random,StandardScaler_per_sample_dimension
COC(=O)C1=CC(N)=CC=C1,-10.056391,-8.62658,False,48,5,0.8,euclidean,random,StandardScaler_per_sample_dimension
COC(=O)C1=CC=CC(N)=C1,-10.503889,-8.774683,False,48,5,0.8,euclidean,random,StandardScaler_per_sample_dimension
CNC1=CC(C)=CC(CN)=C1,12.811724,-3.3215673,False,48,5,0.8,euclidean,random,StandardScaler_per_sample_dimension
CNC1=CC(CN)=CC(C)=C1,13.134086,-2.5132122,False,48,5,0.8,euclidean,random,StandardScaler_per_sample_dimension
CC1=CC(CN)=CC(NC=O)=C1,13.441244,-1.7068565,False,48,5,0.8,euclidean,random,StandardScaler_per_sample_dimension
CC1=CC(NC=O)=CC(CN)=C1,13.2295,-2.4994519,False,48,5,0.8,euclidean,random,StandardScaler_per_sample_dimension
CCNC1=CC(C)=CC(CN)=C1,12.889959,-0.9909874,False,48,5,0.8,euclidean,random,StandardScaler_per_sample_dimension
CCNC1=CC(CN)=CC(C)=C1,12.71542,-1.1123704,False,48,5,0.8,euclidean,random,StandardScaler_per_sample_dimension
CCOCCOC1=CC=CC=C1,1.8243135,-5.028097,False,48,5,0.8,euclidean,random,StandardScaler_per_sample_dimension
CNC1=CC(C(N)=O)=CC(C)=C1,12.826476,-3.0718193,False,48,5,0.8,euclidean,random,StandardScaler_per_sample_dimension
CNC1=CC(C)=CC(C(N)=O)=C1,12.731719,-2.2287245,False,48,5,0.8,euclidean,random,StandardScaler_per_sample_dimension
CNC1=CC(C=O)=CC(CN)=C1,12.877772,-2.987957,False,48,5,0.8,euclidean,random,StandardScaler_per_sample_dimension
CNC1=CC(CN)=CC(C=O)=C1,13.97129,-2.5544684,False,48,5,0.8,euclidean,random,StandardScaler_per_sample_dimension
CNCC1=CC(C)=CC(NC)=C1,13.029097,-1.2117757,False,48,5,0.8,euclidean,random,StandardScaler_per_sample_dimension
CC(=O)NC1=CC(CN)=CC(C)=C1,13.688984,-1.7827984,False,48,5,0.8,euclidean,random,StandardScaler_per_sample_dimension
CC1=CC(NC=O)=CC(C(N)=O)=C1,13.55353,-2.1842322,False,48,5,0.8,euclidean,random,StandardScaler_per_sample_dimension
CCNC1=CC(C(N)=O)=CC(C)=C1,11.613371,-2.8117435,False,48,5,0.8,euclidean,random,StandardScaler_per_sample_dimension
CCNC1=CC(CN)=CC(C=O)=C1,11.364399,-3.1055949,False,48,5,0.8,euclidean,random,StandardScaler_per_sample_dimension
CNC(=O)C1=CC(C)=CC(NC)=C1,11.579934,-2.8965108,False,48,5,0.8,euclidean,random,StandardScaler_per_sample_dimension
CNC1=CC(C(N)=O)=CC(C=O)=C1,12.601692,-2.6089547,False,48,5,0.8,euclidean,random,StandardScaler_per_sample_dimension
CNCC1=CC(C)=CC(NC=O)=C1,12.756053,-2.1584454,False,48,5,0.8,euclidean,random,StandardScaler_per_sample_dimension
CNCC1=CC(C=O)=CC(NC)=C1,14.122359,-2.5559123,False,48,5,0.8,euclidean,random,StandardScaler_per_sample_dimension
NCC1=CC(C=O)=CC(NC=O)=C1,11.472629,-2.9443693,False,48,5,0.8,euclidean,random,StandardScaler_per_sample_dimension
CNC(=O)C1=CC(C)=CC(NC=O)=C1,13.947884,-2.3877118,False,48,5,0.8,euclidean,random,StandardScaler_per_sample_dimension
CNC(=O)C1=CC(C=O)=CC(NC)=C1,12.65465,-2.2848213,False,48,5,0.8,euclidean,random,StandardScaler_per_sample_dimension
CNCC1=CC(C=O)=CC(NC=O)=C1,13.402856,-1.5903822,False,48,5,0.8,euclidean,random,StandardScaler_per_sample_dimension
NC(=O)C1=CC(C=O)=CC(NC=O)=C1,12.2722025,-2.1023736,False,48,5,0.8,euclidean,random,StandardScaler_per_sample_dimension
CNC(=O)C1=CC(C=O)=CC(NC=O)=C1,13.524981,-1.5910194,False,48,5,0.8,euclidean,random,StandardScaler_per_sample_dimension
CCCCNC(=O)CCCC,5.009834,-1.2533128,False,48,5,0.8,euclidean,random,StandardScaler_per_sample_dimension
CCNCCCCCCN,3.4095576,-1.0638173,False,48,5,0.8,euclidean,random,StandardScaler_per_sample_dimension
CNC(=O)CCCCC=O,3.4370449,-0.46812215,False,48,5,0.8,euclidean,random,StandardScaler_per_sample_dimension
O=[SH]C1=CC=C(O)C=C1,-6.9279532,-12.046446,False,48,5,0.8,euclidean,random,StandardScaler_per_sample_dimension
O=S(C1=CC=CC=C1)C1=CC=C(O)C=C1,-7.0915823,-11.972628,False,48,5,0.8,euclidean,random,StandardScaler_per_sample_dimension
CCC1=CC=C(OPO)C=C1,27.102642,10.181218,False,48,5,0.8,euclidean,random,StandardScaler_per_sample_dimension
CCC1=CC=C(O[PH](=O)O)C=C1,27.161152,10.179855,False,48,5,0.8,euclidean,random,StandardScaler_per_sample_dimension
NC(=O)CCCCC=O,3.1187334,-0.34162718,False,48,5,0.8,euclidean,random,StandardScaler_per_sample_dimension
CCC1=CC=C(OC=O)C=C1,15.157607,-0.8695254,False,48,5,0.8,euclidean,random,StandardScaler_per_sample_dimension
CCCCCCNC(=O)CC,3.0045996,-0.44247338,False,48,5,0.8,euclidean,random,StandardScaler_per_sample_dimension
CC(C)N1CC2=C(C=CC=C2)C1=O,24.259453,10.635612,False,48,5,0.8,euclidean,random,StandardScaler_per_sample_dimension
CC(C)N1CC2=CC=CC=C2C1=O,24.269426,10.586929,False,48,5,0.8,euclidean,random,StandardScaler_per_sample_dimension
O=[SH](=O)C1=CC=C(O)C=C1,-7.010745,-11.963147,False,48,5,0.8,euclidean,random,StandardScaler_per_sample_dimension
O=S(=O)(C1=CC=CC=C1)C1=CC=C(O)C=C1,-6.9628077,-12.140361,False,48,5,0.8,euclidean,random,StandardScaler_per_sample_dimension
OC1=C(O)C=CC=C1,-12.533833,-6.14453,False,48,5,0.8,euclidean,random,StandardScaler_per_sample_dimension
OC1=CC=CC=C1O,-12.652281,-6.2784414,False,48,5,0.8,euclidean,random,StandardScaler_per_sample_dimension
CC1=CC=C(P)C=C1,-19.294495,9.969473,False,48,5,0.8,euclidean,random,StandardScaler_per_sample_dimension
NC1=CC=C(N)C=C1,-1.5267524,-8.430282,False,48,5,0.8,euclidean,random,StandardScaler_per_sample_dimension
CCCNC1=CC(CN)=CC=C1,-7.3235965,-3.9073818,False,48,5,0.8,euclidean,random,StandardScaler_per_sample_dimension
CCCNC1=CC=CC(CN)=C1,-7.2759132,-4.166692,False,48,5,0.8,euclidean,random,StandardScaler_per_sample_dimension
CCC(=O)NC1=CC(CN)=CC=C1,-7.058928,-4.2268195,False,48,5,0.8,euclidean,random,StandardScaler_per_sample_dimension
CCC(=O)NC1=CC=CC(CN)=C1,-7.3379364,-3.9311407,False,48,5,0.8,euclidean,random,StandardScaler_per_sample_dimension
CCCNC1=CC(C(N)=O)=CC=C1,-7.1503463,-4.193997,False,48,5,0.8,euclidean,random,StandardScaler_per_sample_dimension
CCCNC1=CC(CNC)=CC=C1,-7.055896,-4.112383,False,48,5,0.8,euclidean,random,StandardScaler_per_sample_dimension
CCCNC1=CC=CC(C(N)=O)=C1,-7.347846,-3.7439954,False,48,5,0.8,euclidean,random,StandardScaler_per_sample_dimension
CCCNC1=CC=CC(CNC)=C1,-7.034037,-4.232957,False,48,5,0.8,euclidean,random,StandardScaler_per_sample_dimension
CCC(=O)NC1=CC(C(N)=O)=CC=C1,-7.4272766,-3.6967876,False,48,5,0.8,euclidean,random,StandardScaler_per_sample_dimension
CCC(=O)NC1=CC(CNC)=CC=C1,-7.5793266,-3.7411187,False,48,5,0.8,euclidean,random,StandardScaler_per_sample_dimension
CCC(=O)NC1=CC=CC(C(N)=O)=C1,-7.4153037,-3.958895,False,48,5,0.8,euclidean,random,StandardScaler_per_sample_dimension
CCCNC1=CC(C(=O)NC)=CC=C1,-7.5076995,-3.869001,False,48,5,0.8,euclidean,random,StandardScaler_per_sample_dimension
CNPOC1=CC=CC=C1,20.532822,14.42466,False,48,5,0.8,euclidean,random,StandardScaler_per_sample_dimension
CN[PH](=O)OC1=CC=CC=C1,20.598957,14.276849,False,48,5,0.8,euclidean,random,StandardScaler_per_sample_dimension
CNC1=CC(CNC2=CC=CC=C2)=CC=C1,-13.760745,-12.307739,True,48,5,0.8,euclidean,random,StandardScaler_per_sample_dimension
CNC1=CC=CC(CNC2=CC=CC=C2)=C1,-13.62493,-12.236559,False,48,5,0.8,euclidean,random,StandardScaler_per_sample_dimension
CCNC1=CC(CNC2=CC=CC=C2)=CC=C1,-13.814841,-12.364423,False,48,5,0.8,euclidean,random,StandardScaler_per_sample_dimension
CCNC1=CC=CC(CNC2=CC=CC=C2)=C1,-13.531176,-12.116079,False,48,5,0.8,euclidean,random,StandardScaler_per_sample_dimension
CNC1=CC(C(=O)NC2=CC=CC=C2)=CC=C1,-13.527751,-12.087958,False,48,5,0.8,euclidean,random,StandardScaler_per_sample_dimension
CNC1=CC=CC(C(=O)NC2=CC=CC=C2)=C1,-13.659905,-12.19952,False,48,5,0.8,euclidean,random,StandardScaler_per_sample_dimension
O=CNC1=CC(CNC2=CC=CC=C2)=CC=C1,-13.652509,-12.428177,False,48,5,0.8,euclidean,random,StandardScaler_per_sample_dimension
O=CNC1=CC=CC(CNC2=CC=CC=C2)=C1,-13.979249,-12.550874,False,48,5,0.8,euclidean,random,StandardScaler_per_sample_dimension
O=COCCOC1=CC=CC=C1,1.9571385,-5.005271,False,48,5,0.8,euclidean,random,StandardScaler_per_sample_dimension
NPOC1=CC=CC=C1,-6.0650287,2.5907826,False,48,5,0.8,euclidean,random,StandardScaler_per_sample_dimension
N[PH](=O)OC1=CC=CC=C1,-6.009849,2.6984034,False,48,5,0.8,euclidean,random,StandardScaler_per_sample_dimension
CC(C)N1CC2=C(C=CC=C2)C1,23.381596,4.147942,False,48,5,0.8,euclidean,random,StandardScaler_per_sample_dimension
CC(C)N1CC2=CC=CC=C2C1,23.171991,4.091065,False,48,5,0.8,euclidean,random,StandardScaler_per_sample_dimension
CC(C)N1C(=O)C2=C(C=CC=C2)C1=O,23.488983,4.0606236,False,48,5,0.8,euclidean,random,StandardScaler_per_sample_dimension
CC(C)N1C(=O)C2=CC=CC=C2C1=O,23.448454,4.072409,False,48,5,0.8,euclidean,random,StandardScaler_per_sample_dimension
CC1=CC(CNC2=CC=CC=C2)=CC(N)=C1,23.619816,4.898437,False,48,5,0.8,euclidean,random,StandardScaler_per_sample_dimension
CC1=CC(N)=CC(CNC2=CC=CC=C2)=C1,23.559546,4.824714,False,48,5,0.8,euclidean,random,StandardScaler_per_sample_dimension
CC1=CC(C(=O)NC2=CC=CC=C2)=CC(N)=C1,23.503939,4.9893503,False,48,5,0.8,euclidean,random,StandardScaler_per_sample_dimension
CC1=CC(N)=CC(C(=O)NC2=CC=CC=C2)=C1,23.416279,4.6334653,False,48,5,0.8,euclidean,random,StandardScaler_per_sample_dimension
NC1=CC(C=O)=CC(CNC2=CC=CC=C2)=C1,23.39909,4.704074,False,48,5,0.8,euclidean,random,StandardScaler_per_sample_dimension
NC1=CC(CNC2=CC=CC=C2)=CC(C=O)=C1,23.711267,4.925399,False,48,5,0.8,euclidean,random,StandardScaler_per_sample_dimension
CCCCCCCC=O,4.9007416,6.497069,False,48,5,0.8,euclidean,random,StandardScaler_per_sample_dimension
CCCCCC(=O)NCCC,4.685698,-0.9776034,False,48,5,0.8,euclidean,random,StandardScaler_per_sample_dimension
CCCCCCNCCCC,3.6546066,-2.7117786,False,48,5,0.8,euclidean,random,StandardScaler_per_sample_dimension
C=CCCC,-7.2982736,4.4413986,False,48,5,0.8,euclidean,random,StandardScaler_per_sample_dimension
NCCCCCCNC=O,3.3405125,-0.88396215,False,48,5,0.8,euclidean,random,StandardScaler_per_sample_dimension
CC(C)C1=CC=C(OC=O)C=C1,15.303778,-0.9471958,False,48,5,0.8,euclidean,random,StandardScaler_per_sample_dimension
CCC(C1=CC=CC=C1)C1=CC=CC=C1,3.385187,2.2887337,False,48,5,0.8,euclidean,random,StandardScaler_per_sample_dimension
O=CC1=CC(NCC2=CC=CC=C2)=CC=C1,-4.4081492,-2.4272835,False,48,5,0.8,euclidean,random,StandardScaler_per_sample_dimension
O=CC1=CC=CC(NCC2=CC=CC=C2)=C1,-4.5305123,-2.5462017,False,48,5,0.8,euclidean,random,StandardScaler_per_sample_dimension
O=CC1=CC(NC(=O)C2=CC=CC=C2)=CC=C1,-4.576572,-2.6343336,False,48,5,0.8,euclidean,random,StandardScaler_per_sample_dimension
O=CC1=CC=CC(NC(=O)C2=CC=CC=C2)=C1,-4.6256366,-2.589738,False,48,5,0.8,euclidean,random,StandardScaler_per_sample_dimension
O=S(C1=CC=C(O)C=C1)C1=CC=C(O)C=C1,-7.047016,-12.053597,False,48,5,0.8,euclidean,random,StandardScaler_per_sample_dimension
CC(=O)NCCCCCCN,3.4952059,-0.88091695,False,48,5,0.8,euclidean,random,StandardScaler_per_sample_dimension
CCOPC,7.71675,-3.0204244,False,48,5,0.8,euclidean,random,StandardScaler_per_sample_dimension
CCO[PH](C)=O,7.5638347,-2.926293,False,48,5,0.8,euclidean,random,StandardScaler_per_sample_dimension
O=CC1=CC(O)=CC=C1,11.030665,-20.581919,False,48,5,0.8,euclidean,random,StandardScaler_per_sample_dimension
O=CC1=CC=CC(O)=C1,11.094388,-20.588,False,48,5,0.8,euclidean,random,StandardScaler_per_sample_dimension
O=S(=O)(C1=CC=C(O)C=C1)C1=CC=C(O)C=C1,-16.985928,0.82208383,False,48,5,0.8,euclidean,random,StandardScaler_per_sample_dimension
CCCC(C)C1=CC=CC=C1,3.725522,2.9008732,False,48,5,0.8,euclidean,random,StandardScaler_per_sample_dimension
CCC(C=O)CC,5.6144648,3.3604555,False,48,5,0.8,euclidean,random,StandardScaler_per_sample_dimension
CC(C)CCC=O,6.1734123,1.3235054,False,48,5,0.8,euclidean,random,StandardScaler_per_sample_dimension
CCOC1=CC=C(CC)C=C1,7.834779,9.485027,False,48,5,0.8,euclidean,random,StandardScaler_per_sample_dimension
CCC1=CC=C(OPOC)C=C1,27.080484,10.194722,False,48,5,0.8,euclidean,random,StandardScaler_per_sample_dimension
CCC1=CC=C(O[PH](=O)OC)C=C1,27.102556,10.114119,False,48,5,0.8,euclidean,random,StandardScaler_per_sample_dimension
CC1=CC=C(PC2=CC=CC=C2)C=C1,-19.072073,9.878492,False,48,5,0.8,euclidean,random,StandardScaler_per_sample_dimension
CC(C1=CC=CC=C1)C1=CC=C(OC=O)C=C1,15.111569,-0.86879927,False,48,5,0.8,euclidean,random,StandardScaler_per_sample_dimension
CCC1=CC(O)=CC=C1,-1.7788482,-1.7187107,False,48,5,0.8,euclidean,random,StandardScaler_per_sample_dimension
CCC1=CC=CC(O)=C1,-2.011278,-1.5405376,False,48,5,0.8,euclidean,random,StandardScaler_per_sample_dimension
CC1=C(Br)C=CC=C1,-12.029821,6.93369,False,48,5,0.8,euclidean,random,StandardScaler_per_sample_dimension
CC1=CC=CC=C1Br,10.426645,-0.48908368,False,48,5,0.8,euclidean,random,StandardScaler_per_sample_dimension
CC1=C(Br)C=C(Br)C=C1,9.995516,-1.6358315,False,48,5,0.8,euclidean,random,StandardScaler_per_sample_dimension
CC1=CC=C(Br)C=C1Br,-9.894135,6.102779,False,48,5,0.8,euclidean,random,StandardScaler_per_sample_dimension
C=CC1=CC=CC=C1,20.597338,9.274823,False,48,5,0.8,euclidean,random,StandardScaler_per_sample_dimension
O=COC1=CC=C(CC2=CC=CC=C2)C=C1,15.345041,-1.0490526,False,48,5,0.8,euclidean,random,StandardScaler_per_sample_dimension
CCCC(=O)O,1.4041508,2.0509202,False,48,5,0.8,euclidean,random,StandardScaler_per_sample_dimension
OPOC1=CC=C(CC2=CC=CC=C2)C=C1,-17.825352,-2.5449111,False,48,5,0.8,euclidean,random,StandardScaler_per_sample_dimension
O=[PH](O)OC1=CC=C(CC2=CC=CC=C2)C=C1,-18.05517,-2.5992079,False,48,5,0.8,euclidean,random,StandardScaler_per_sample_dimension
COP(C)OC,15.4667225,-8.873783,False,48,5,0.8,euclidean,random,StandardScaler_per_sample_dimension
COP(C)(=O)OC,15.290012,-8.820792,False,48,5,0.8,euclidean,random,StandardScaler_per_sample_dimension
CCCNC1=CC(CN)=CC(C)=C1,-7.4195933,-3.709411,False,48,5,0.8,euclidean,random,StandardScaler_per_sample_dimension
O=CCCPC1=CC=CC=C1,-7.2973237,-10.333198,False,48,5,0.8,euclidean,random,StandardScaler_per_sample_dimension
O=CCC[PH](=O)C1=CC=CC=C1,-7.382812,-10.310586,False,48,5,0.8,euclidean,random,StandardScaler_per_sample_dimension
O=CCCP,-7.361857,-10.277275,False,48,5,0.8,euclidean,random,StandardScaler_per_sample_dimension
O=CCCP=O,-7.3139234,-10.338311,False,48,5,0.8,euclidean,random,StandardScaler_per_sample_dimension
C1=CC=C(NPOC2=CC=CC=C2)C=C1,11.200316,-11.921284,False,48,5,0.8,euclidean,random,StandardScaler_per_sample_dimension
O=[PH](NC1=CC=CC=C1)OC1=CC=CC=C1,11.31516,-11.865742,False,48,5,0.8,euclidean,random,StandardScaler_per_sample_dimension
C1=CC=C(COCCOC2=CC=CC=C2)C=C1,1.8771993,-5.4351892,False,48,5,0.8,euclidean,random,StandardScaler_per_sample_dimension
CNC1=CC(C)=CC(CNC2=CC=CC=C2)=C1,-13.700458,-12.246239,False,48,5,0.8,euclidean,random,StandardScaler_per_sample_dimension
CNC1=CC(CNC2=CC=CC=C2)=CC(C)=C1,-13.645125,-12.275553,False,48,5,0.8,euclidean,random,StandardScaler_per_sample_dimension
CCCCCCC(=O)NC,4.8406143,5.3367414,False,48,5,0.8,euclidean,random,StandardScaler_per_sample_dimension
CCCC(C=O)CC,5.432946,4.1433606,False,48,5,0.8,euclidean,random,StandardScaler_per_sample_dimension
CCC(C)C1=CC=C(O)C=C1,21.458155,5.094473,False,48,5,0.8,euclidean,random,StandardScaler_per_sample_dimension
CCCC(C)C=O,5.1530356,4.3394885,False,48,5,0.8,euclidean,random,StandardScaler_per_sample_dimension
CCCCCCC(N)=O,4.9230757,5.5285068,False,48,5,0.8,euclidean,random,StandardScaler_per_sample_dimension
CCCCCCCNC=O,4.891627,5.8852186,False,48,5,0.8,euclidean,random,StandardScaler_per_sample_dimension
C=CCCCC,-7.490756,4.4369035,False,48,5,0.8,euclidean,random,StandardScaler_per_sample_dimension
CPC1=CC(N)=CC=C1,-10.12461,-12.419111,False,48,5,0.8,euclidean,random,StandardScaler_per_sample_dimension
CPC1=CC=CC(N)=C1,-10.311702,-12.472073,False,48,5,0.8,euclidean,random,StandardScaler_per_sample_dimension
C[PH](=O)C1=CC(N)=CC=C1,-10.13931,-12.327946,False,48,5,0.8,euclidean,random,StandardScaler_per_sample_dimension
C[PH](=O)C1=CC=CC(N)=C1,-10.242864,-12.243046,False,48,5,0.8,euclidean,random,StandardScaler_per_sample_dimension
O=C1CCCN1,8.360629,6.832906,False,48,5,0.8,euclidean,random,StandardScaler_per_sample_dimension
NC1=CC(PC2=CC=CC=C2)=CC=C1,-10.587264,-12.790836,False,48,5,0.8,euclidean,random,StandardScaler_per_sample_dimension
NC1=CC=CC(PC2=CC=CC=C2)=C1,-10.516439,-12.748948,False,48,5,0.8,euclidean,random,StandardScaler_per_sample_dimension
CP(C1=CC=CC=C1)C1=CC(N)=CC=C1,-10.464835,-12.714329,False,48,5,0.8,euclidean,random,StandardScaler_per_sample_dimension
CP(C1=CC=CC=C1)C1=CC=CC(N)=C1,-10.257445,-12.490757,False,48,5,0.8,euclidean,random,StandardScaler_per_sample_dimension
NC1=CC([PH](=O)C2=CC=CC=C2)=CC=C1,-10.365236,-12.598629,False,48,5,0.8,euclidean,random,StandardScaler_per_sample_dimension
NC1=CC=CC([PH](=O)C2=CC=CC=C2)=C1,-10.466696,-12.538578,False,48,5,0.8,euclidean,random,StandardScaler_per_sample_dimension
CP(=O)(C1=CC=CC=C1)C1=CC(N)=CC=C1,-10.407336,-12.617907,False,48,5,0.8,euclidean,random,StandardScaler_per_sample_dimension
CP(=O)(C1=CC=CC=C1)C1=CC=CC(N)=C1,-10.451738,-12.696159,False,48,5,0.8,euclidean,random,StandardScaler_per_sample_dimension
C/C=C/C1=CC=CC=C1,20.343227,9.533437,False,48,5,0.8,euclidean,random,StandardScaler_per_sample_dimension
O=CNCCC1=CC=CC=C1,7.580216,4.269372,False,48,5,0.8,euclidean,random,StandardScaler_per_sample_dimension
CCC(C)(C1=CC=CC=C1)C1=CC=CC=C1,3.427661,2.1945336,False,48,5,0.8,euclidean,random,StandardScaler_per_sample_dimension
CCCC(C1=CC=CC=C1)C1=CC=CC=C1,3.2015526,2.2876902,False,48,5,0.8,euclidean,random,StandardScaler_per_sample_dimension
CN1CCCC1=O,-1.7413465,0.23793049,False,48,5,0.8,euclidean,random,StandardScaler_per_sample_dimension
CC(C)CCNC1=CC=CC=C1,-1.8205707,-0.010515658,False,48,5,0.8,euclidean,random,StandardScaler_per_sample_dimension
CC(C)CC(=O)NC1=CC=CC=C1,-1.575252,-0.10970793,False,48,5,0.8,euclidean,random,StandardScaler_per_sample_dimension
CC1=CC(OC2=CC=CC=C2)=CC=C1,10.8140135,-20.481125,False,48,5,0.8,euclidean,random,StandardScaler_per_sample_dimension
CC1=CC=CC(OC2=CC=CC=C2)=C1,10.90617,-20.57532,False,48,5,0.8,euclidean,random,StandardScaler_per_sample_dimension
NCCN1CC2=C(C=CC=C2)C1=O,-4.8479924,19.828398,False,48,5,0.8,euclidean,random,StandardScaler_per_sample_dimension
NCCN1CC2=CC=CC=C2C1=O,-5.048195,19.852453,False,48,5,0.8,euclidean,random,StandardScaler_per_sample_dimension
O=CCN1CC2=C(C=CC=C2)C1=O,-4.6218157,19.789116,False,48,5,0.8,euclidean,random,StandardScaler_per_sample_dimension
O=CCN1CC2=CC=CC=C2C1=O,-4.6328173,19.634186,False,48,5,0.8,euclidean,random,StandardScaler_per_sample_dimension
CC(C=O)N1CC2=C(C=CC=C2)C1=O,-4.3448014,19.411589,True,48,5,0.8,euclidean,random,StandardScaler_per_sample_dimension
CC(C=O)N1CC2=CC=CC=C2C1=O,-4.8278394,19.65981,False,48,5,0.8,euclidean,random,StandardScaler_per_sample_dimension
CC(CN)N1CC2=C(C=CC=C2)C1=O,-3.6753693,18.931934,False,48,5,0.8,euclidean,random,StandardScaler_per_sample_dimension
CC(CN)N1CC2=CC=CC=C2C1=O,-3.5278826,18.999868,False,48,5,0.8,euclidean,random,StandardScaler_per_sample_dimension
C[C@@H](C=O)N1CC2=C(C=CC=C2)C1=O,-3.6519256,18.85475,False,48,5,0.8,euclidean,random,StandardScaler_per_sample_dimension
C[C@@H](C=O)N1CC2=CC=CC=C2C1=O,-3.5108268,19.084698,False,48,5,0.8,euclidean,random,StandardScaler_per_sample_dimension
C[C@@H](CN)N1CC2=C(C=CC=C2)C1=O,-4.470363,19.555649,False,48,5,0.8,euclidean,random,StandardScaler_per_sample_dimension
C[C@@H](CN)N1CC2=CC=CC=C2C1=O,-3.8594098,19.17819,False,48,5,0.8,euclidean,random,StandardScaler_per_sample_dimension
NC(=O)CN1CC2=C(C=CC=C2)C1=O,-3.6393452,18.94375,False,48,5,0.8,euclidean,random,StandardScaler_per_sample_dimension
NC(=O)CN1CC2=CC=CC=C2C1=O,-3.560336,18.95855,False,48,5,0.8,euclidean,random,StandardScaler_per_sample_dimension
CC(C(N)=O)N1CC2=C(C=CC=C2)C1=O,-4.7412667,19.774578,False,48,5,0.8,euclidean,random,StandardScaler_per_sample_dimension
CC(C(N)=O)N1CC2=CC=CC=C2C1=O,-4.82821,19.667088,False,48,5,0.8,euclidean,random,StandardScaler_per_sample_dimension
C[C@@H](C(N)=O)N1CC2=C(C=CC=C2)C1=O,-4.991737,19.758076,False,48,5,0.8,euclidean,random,StandardScaler_per_sample_dimension
C[C@@H](C(N)=O)N1CC2=CC=CC=C2C1=O,-5.062,19.786198,False,48,5,0.8,euclidean,random,StandardScaler_per_sample_dimension
CC1=CC=CC=N1,15.240836,9.360215,False,48,5,0.8,euclidean,random,StandardScaler_per_sample_dimension
CC1=NC=CC=C1,15.367293,9.423855,False,48,5,0.8,euclidean,random,StandardScaler_per_sample_dimension
OC1=CC=C(OC2=CC=CC=C2)C=C1,1.8666744,-7.0452223,False,48,5,0.8,euclidean,random,StandardScaler_per_sample_dimension
C1CCNC1,-1.9669356,-0.0291765,False,48,5,0.8,euclidean,random,StandardScaler_per_sample_dimension
NC1=CC(P)=CC=C1,-11.150593,10.867665,False,48,5,0.8,euclidean,random,StandardScaler_per_sample_dimension
NC1=CC=CC(P)=C1,-10.995629,11.001439,False,48,5,0.8,euclidean,random,StandardScaler_per_sample_dimension
NC1=CC(P=O)=CC=C1,-11.100751,10.861078,False,48,5,0.8,euclidean,random,StandardScaler_per_sample_dimension
NC1=CC=CC(P=O)=C1,-10.980362,11.036406,False,48,5,0.8,euclidean,random,StandardScaler_per_sample_dimension
COC1=C(O)C=CC=C1,-12.695276,-6.318831,False,48,5,0.8,euclidean,random,StandardScaler_per_sample_dimension
COC1=CC=CC=C1O,-12.630882,-6.2687955,False,48,5,0.8,euclidean,random,StandardScaler_per_sample_dimension
O=C1CCC(=O)N1,-1.8800778,-0.04746629,False,48,5,0.8,euclidean,random,StandardScaler_per_sample_dimension
COPOC1=CC=C(CC2=CC=CC=C2)C=C1,-17.841213,-2.8621845,False,48,5,0.8,euclidean,random,StandardScaler_per_sample_dimension
C1=NC=NC=N1,-0.54328376,-15.65131,False,48,5,0.8,euclidean,random,StandardScaler_per_sample_dimension
CN1CCCC1,-2.4484103,4.735655,False,48,5,0.8,euclidean,random,StandardScaler_per_sample_dimension
CN1C(=O)CCC1=O,-2.6915464,4.8400564,False,48,5,0.8,euclidean,random,StandardScaler_per_sample_dimension
NCCN1CC2=C(C=CC=C2)C1,7.06589,26.064507,False,48,5,0.8,euclidean,random,StandardScaler_per_sample_dimension
NCCN1CC2=CC=CC=C2C1,7.590188,26.235443,False,48,5,0.8,euclidean,random,StandardScaler_per_sample_dimension
O=CCN1CC2=C(C=CC=C2)C1,7.992267,26.716969,False,48,5,0.8,euclidean,random,StandardScaler_per_sample_dimension
O=CCN1CC2=CC=CC=C2C1,7.868266,26.818817,False,48,5,0.8,euclidean,random,StandardScaler_per_sample_dimension
CC(C=O)N1CC2=C(C=CC=C2)C1,8.0439005,26.447836,False,48,5,0.8,euclidean,random,StandardScaler_per_sample_dimension
CC(C=O)N1CC2=CC=CC=C2C1,7.063529,26.464417,False,48,5,0.8,euclidean,random,StandardScaler_per_sample_dimension
CC(CN)N1CC2=C(C=CC=C2)C1,7.5658774,25.744211,False,48,5,0.8,euclidean,random,StandardScaler_per_sample_dimension
CC(CN)N1CC2=CC=CC=C2C1,8.025372,26.044504,False,48,5,0.8,euclidean,random,StandardScaler_per_sample_dimension
C[C@@H](C=O)N1CC2=C(C=CC=C2)C1,7.599764,25.937014,False,48,5,0.8,euclidean,random,StandardScaler_per_sample_dimension
C[C@@H](C=O)N1CC2=CC=CC=C2C1,7.6248593,26.594297,False,48,5,0.8,euclidean,random,StandardScaler_per_sample_dimension
C[C@@H](CN)N1CC2=C(C=CC=C2)C1,8.318919,26.464085,False,48,5,0.8,euclidean,random,StandardScaler_per_sample_dimension
C[C@@H](CN)N1CC2=CC=CC=C2C1,8.08392,26.540087,False,48,5,0.8,euclidean,random,StandardScaler_per_sample_dimension
NC(=O)CN1CC2=C(C=CC=C2)C1,8.224389,26.15453,False,48,5,0.8,euclidean,random,StandardScaler_per_sample_dimension
NC(=O)CN1CC2=CC=CC=C2C1,7.7144456,26.247648,False,48,5,0.8,euclidean,random,StandardScaler_per_sample_dimension
CC(C(N)=O)N1CC2=C(C=CC=C2)C1,7.6640053,26.547146,False,48,5,0.8,euclidean,random,StandardScaler_per_sample_dimension
CC(C(N)=O)N1CC2=CC=CC=C2C1,7.7637362,26.396095,False,48,5,0.8,euclidean,random,StandardScaler_per_sample_dimension
C[C@@H](C(N)=O)N1CC2=C(C=CC=C2)C1,7.903471,25.915733,False,48,5,0.8,euclidean,random,StandardScaler_per_sample_dimension
C[C@@H](C(N)=O)N1CC2=CC=CC=C2C1,7.413898,26.697428,False,48,5,0.8,euclidean,random,StandardScaler_per_sample_dimension
NCCN1C(=O)C2=C(C=CC=C2)C1=O,6.788215,26.417141,False,48,5,0.8,euclidean,random,StandardScaler_per_sample_dimension
NCCN1C(=O)C2=CC=CC=C2C1=O,6.678575,26.407927,False,48,5,0.8,euclidean,random,StandardScaler_per_sample_dimension
O=CCN1C(=O)C2=C(C=CC=C2)C1=O,8.364653,26.311115,False,48,5,0.8,euclidean,random,StandardScaler_per_sample_dimension
O=CCN1C(=O)C2=CC=CC=C2C1=O,7.3757114,26.618992,False,48,5,0.8,euclidean,random,StandardScaler_per_sample_dimension
CC(C=O)N1C(=O)C2=C(C=CC=C2)C1=O,7.1586823,26.197748,False,48,5,0.8,euclidean,random,StandardScaler_per_sample_dimension
CC(C=O)N1C(=O)C2=CC=CC=C2C1=O,6.8602247,26.247791,False,48,5,0.8,euclidean,random,StandardScaler_per_sample_dimension
CC(CN)N1C(=O)C2=C(C=CC=C2)C1=O,7.292497,26.286247,False,48,5,0.8,euclidean,random,StandardScaler_per_sample_dimension
CC(CN)N1C(=O)C2=CC=CC=C2C1=O,7.0984545,26.566652,False,48,5,0.8,euclidean,random,StandardScaler_per_sample_dimension
C[C@@H](C=O)N1C(=O)C2=C(C=CC=C2)C1=O,6.6543765,26.449804,False,48,5,0.8,euclidean,random,StandardScaler_per_sample_dimension
C[C@@H](C=O)N1C(=O)C2=CC=CC=C2C1=O,7.962458,26.252762,False,48,5,0.8,euclidean,random,StandardScaler_per_sample_dimension
C[C@@H](CN)N1C(=O)C2=C(C=CC=C2)C1=O,6.762503,26.348768,False,48,5,0.8,euclidean,random,StandardScaler_per_sample_dimension
C[C@@H](CN)N1C(=O)C2=CC=CC=C2C1=O,7.422385,25.900322,False,48,5,0.8,euclidean,random,StandardScaler_per_sample_dimension
NC(=O)CN1C(=O)C2=C(C=CC=C2)C1=O,6.6219997,26.283068,False,48,5,0.8,euclidean,random,StandardScaler_per_sample_dimension
NC(=O)CN1C(=O)C2=CC=CC=C2C1=O,8.193561,26.186636,False,48,5,0.8,euclidean,random,StandardScaler_per_sample_dimension
CC(C(N)=O)N1C(=O)C2=C(C=CC=C2)C1=O,7.4901657,25.899397,False,48,5,0.8,euclidean,random,StandardScaler_per_sample_dimension
CC(C(N)=O)N1C(=O)C2=CC=CC=C2C1=O,7.485323,25.807526,False,48,5,0.8,euclidean,random,StandardScaler_per_sample_dimension
C[C@@H](C(N)=O)N1C(=O)C2=C(C=CC=C2)C1=O,8.237563,26.383402,False,48,5,0.8,euclidean,random,StandardScaler_per_sample_dimension
C[C@@H](C(N)=O)N1C(=O)C2=CC=CC=C2C1=O,8.304974,26.311546,False,48,5,0.8,euclidean,random,StandardScaler_per_sample_dimension
CCC(C)CC=O,5.6285853,2.6781955,False,48,5,0.8,euclidean,random,StandardScaler_per_sample_dimension
CCC1=CC(CNC)=CC=C1,10.771459,21.560658,False,48,5,0.8,euclidean,random,StandardScaler_per_sample_dimension
CCC1=CC=CC(CNC)=C1,10.592088,21.477716,False,48,5,0.8,euclidean,random,StandardScaler_per_sample_dimension
CNC1=CC(PC)=CC=C1,17.10399,28.543207,False,48,5,0.8,euclidean,random,StandardScaler_per_sample_dimension
CNC1=CC=CC(PC)=C1,17.090736,28.601995,False,48,5,0.8,euclidean,random,StandardScaler_per_sample_dimension
CCNC1=CC(PC)=CC=C1,16.757828,28.901882,False,48,5,0.8,euclidean,random,StandardScaler_per_sample_dimension
CCNC1=CC=CC(PC)=C1,16.910545,28.654943,False,48,5,0.8,euclidean,random,StandardScaler_per_sample_dimension
CNC1=CC([PH](C)=O)=CC=C1,16.961653,28.701178,False,48,5,0.8,euclidean,random,StandardScaler_per_sample_dimension
CNC1=CC=CC([PH](C)=O)=C1,-15.353743,20.93471,False,48,5,0.8,euclidean,random,StandardScaler_per_sample_dimension
CPC1=CC(NC=O)=CC=C1,-15.306205,20.99242,False,48,5,0.8,euclidean,random,StandardScaler_per_sample_dimension
CPC1=CC=CC(NC=O)=C1,-15.404144,20.883982,False,48,5,0.8,euclidean,random,StandardScaler_per_sample_dimension
CCNC1=CC([PH](C)=O)=CC=C1,-15.435138,20.862366,False,48,5,0.8,euclidean,random,StandardScaler_per_sample_dimension
CCNC1=CC=CC([PH](C)=O)=C1,16.929335,28.651896,False,48,5,0.8,euclidean,random,StandardScaler_per_sample_dimension
CPC1=CC(NC(C)=O)=CC=C1,17.021296,28.751825,False,48,5,0.8,euclidean,random,StandardScaler_per_sample_dimension
CPC1=CC=CC(NC(C)=O)=C1,16.911394,28.672781,False,48,5,0.8,euclidean,random,StandardScaler_per_sample_dimension
C[PH](=O)C1=CC(NC=O)=CC=C1,16.939837,28.661652,False,48,5,0.8,euclidean,random,StandardScaler_per_sample_dimension
C[PH](=O)C1=CC=CC(NC=O)=C1,-15.36621,20.923374,False,48,5,0.8,euclidean,random,StandardScaler_per_sample_dimension
CC(=O)NC1=CC([PH](C)=O)=CC=C1,-15.516545,20.779627,False,48,5,0.8,euclidean,random,StandardScaler_per_sample_dimension
CC(=O)NC1=CC=CC([PH](C)=O)=C1,-15.183452,21.103012,False,48,5,0.8,euclidean,random,StandardScaler_per_sample_dimension
CNC1=CC(PC2=CC=CC=C2)=CC=C1,-2.0401435,-13.400198,False,48,5,0.8,euclidean,random,StandardScaler_per_sample_dimension
CNC1=CC=CC(PC2=CC=CC=C2)=C1,-2.1284664,-11.624396,False,48,5,0.8,euclidean,random,StandardScaler_per_sample_dimension
CCNC1=CC(PC2=CC=CC=C2)=CC=C1,-2.2514515,-11.595347,False,48,5,0.8,euclidean,random,StandardScaler_per_sample_dimension
CCNC1=CC=CC(PC2=CC=CC=C2)=C1,-2.1075633,-13.183107,False,48,5,0.8,euclidean,random,StandardScaler_per_sample_dimension
CNC1=CC(P(C)C2=CC=CC=C2)=CC=C1,-2.273035,-12.660795,False,48,5,0.8,euclidean,random,StandardScaler_per_sample_dimension
CNC1=CC([PH](=O)C2=CC=CC=C2)=CC=C1,-2.265589,-12.655561,False,48,5,0.8,euclidean,random,StandardScaler_per_sample_dimension
CNC1=CC=CC(P(C)C2=CC=CC=C2)=C1,-1.9585936,-13.614239,False,48,5,0.8,euclidean,random,StandardScaler_per_sample_dimension
CNC1=CC=CC([PH](=O)C2=CC=CC=C2)=C1,-2.058469,-13.135378,False,48,5,0.8,euclidean,random,StandardScaler_per_sample_dimension
O=CNC1=CC(PC2=CC=CC=C2)=CC=C1,-1.7971199,-13.781248,False,48,5,0.8,euclidean,random,StandardScaler_per_sample_dimension
O=CNC1=CC=CC(PC2=CC=CC=C2)=C1,-2.1076956,-13.2491455,False,48,5,0.8,euclidean,random,StandardScaler_per_sample_dimension
CC(=O)NC1=CC(PC2=CC=CC=C2)=CC=C1,-1.8992245,-13.718837,False,48,5,0.8,euclidean,random,StandardScaler_per_sample_dimension
CC(=O)NC1=CC=CC(PC2=CC=CC=C2)=C1,-2.3746307,-12.034336,False,48,5,0.8,euclidean,random,StandardScaler_per_sample_dimension
CCNC1=CC(P(C)C2=CC=CC=C2)=CC=C1,-2.2452717,-13.405242,False,48,5,0.8,euclidean,random,StandardScaler_per_sample_dimension
CCNC1=CC([PH](=O)C2=CC=CC=C2)=CC=C1,-2.2083416,-13.064482,False,48,5,0.8,euclidean,random,StandardScaler_per_sample_dimension
CCNC1=CC=CC(P(C)C2=CC=CC=C2)=C1,-2.3364635,-11.656987,False,48,5,0.8,euclidean,random,StandardScaler_per_sample_dimension
CCNC1=CC=CC([PH](=O)C2=CC=CC=C2)=C1,-2.3268206,-12.993302,False,48,5,0.8,euclidean,random,StandardScaler_per_sample_dimension
CNC1=CC(P(C)(=O)C2=CC=CC=C2)=CC=C1,-2.0889223,-13.73283,False,48,5,0.8,euclidean,random,StandardScaler_per_sample_dimension
CNC1=CC=CC(P(C)(=O)C2=CC=CC=C2)=C1,-2.237563,-11.730877,False,48,5,0.8,euclidean,random,StandardScaler_per_sample_dimension
CP(C1=CC=CC=C1)C1=CC(NC=O)=CC=C1,-1.8689228,-13.60589,False,48,5,0.8,euclidean,random,StandardScaler_per_sample_dimension
CP(C1=CC=CC=C1)C1=CC=CC(NC=O)=C1,-2.3210304,-11.671337,False,48,5,0.8,euclidean,random,StandardScaler_per_sample_dimension
O=CNC1=CC([PH](=O)C2=CC=CC=C2)=CC=C1,-2.3312268,-11.750526,False,48,5,0.8,euclidean,random,StandardScaler_per_sample_dimension
O=CNC1=CC=CC([PH](=O)C2=CC=CC=C2)=C1,-2.2053976,-11.569687,False,48,5,0.8,euclidean,random,StandardScaler_per_sample_dimension
CCC1=CC=C(OPOC2=CC=CC=C2)C=C1,27.486576,10.558249,False,48,5,0.8,euclidean,random,StandardScaler_per_sample_dimension
CC(C)C1=CC=C(OPO)C=C1,27.782759,10.898152,False,48,5,0.8,euclidean,random,StandardScaler_per_sample_dimension
CC(C)C1=CC=C(O[PH](=O)O)C=C1,27.698563,10.64404,False,48,5,0.8,euclidean,random,StandardScaler_per_sample_dimension
CCC1=CC(CN)=CC=C1,10.760971,21.55173,False,48,5,0.8,euclidean,random,StandardScaler_per_sample_dimension
CCC1=CC=CC(CN)=C1,10.783851,21.476507,False,48,5,0.8,euclidean,random,StandardScaler_per_sample_dimension
CNCN,-13.242331,1.0110923,False,48,5,0.8,euclidean,random,StandardScaler_per_sample_dimension
CC(C)O,8.301903,-4.958597,False,48,5,0.8,euclidean,random,StandardScaler_per_sample_dimension
CC(C1=CC=CC=C1)C1=CC=C(OPO)C=C1,27.756464,10.90142,False,48,5,0.8,euclidean,random,StandardScaler_per_sample_dimension
CCC1=CC=C(N)C=C1,-10.014869,-5.877206,False,48,5,0.8,euclidean,random,StandardScaler_per_sample_dimension
CNC1=CC(P)=CC=C1,-5.631629,-0.20253363,False,48,5,0.8,euclidean,random,StandardScaler_per_sample_dimension
CNC1=CC=CC(P)=C1,27.387747,0.6335103,False,48,5,0.8,euclidean,random,StandardScaler_per_sample_dimension
CCNC1=CC(P)=CC=C1,-5.393745,-0.007396267,False,48,5,0.8,euclidean,random,StandardScaler_per_sample_dimension
CCNC1=CC=CC(P)=C1,27.507624,0.5989481,False,48,5,0.8,euclidean,random,StandardScaler_per_sample_dimension
CNC1=CC(P=O)=CC=C1,27.618832,0.5989174,False,48,5,0.8,euclidean,random,StandardScaler_per_sample_dimension
CNC1=CC=CC(P=O)=C1,27.56489,0.6651087,False,48,5,0.8,euclidean,random,StandardScaler_per_sample_dimension
O=CNC1=CC(P)=CC=C1,-5.518138,-0.07507687,False,48,5,0.8,euclidean,random,StandardScaler_per_sample_dimension
O=CNC1=CC=CC(P)=C1,-5.715062,-0.25974286,False,48,5,0.8,euclidean,random,StandardScaler_per_sample_dimension
CC(=O)NC1=CC(P)=CC=C1,27.447529,0.76710427,False,48,5,0.8,euclidean,random,StandardScaler_per_sample_dimension
CC(=O)NC1=CC=CC(P)=C1,27.361996,0.7289486,False,48,5,0.8,euclidean,random,StandardScaler_per_sample_dimension
CCNC1=CC(P=O)=CC=C1,-5.5680633,-0.11498806,False,48,5,0.8,euclidean,random,StandardScaler_per_sample_dimension
CCNC1=CC=CC(P=O)=C1,27.654608,0.49994832,False,48,5,0.8,euclidean,random,StandardScaler_per_sample_dimension
O=CNC1=CC(P=O)=CC=C1,-5.5165153,-0.12161766,False,48,5,0.8,euclidean,random,StandardScaler_per_sample_dimension
O=CNC1=CC=CC(P=O)=C1,27.45703,0.72280926,False,48,5,0.8,euclidean,random,StandardScaler_per_sample_dimension
CC(=O)NC1=CC(P=O)=CC=C1,27.73393,0.56457335,False,48,5,0.8,euclidean,random,StandardScaler_per_sample_dimension
CC(=O)NC1=CC=CC(P=O)=C1,27.316002,0.83912826,False,48,5,0.8,euclidean,random,StandardScaler_per_sample_dimension
CC1=CC=C(C(=O)C2=CC=CC=C2)C=C1,-2.270439,2.6823971,False,48,5,0.8,euclidean,random,StandardScaler_per_sample_dimension
CC1=CC=C(OC2=C(C)C=CC=C2)C=C1,22.991316,9.3950615,False,48,5,0.8,euclidean,random,StandardScaler_per_sample_dimension
CC1=CC=C(OC2=CC=CC=C2C)C=C1,22.772848,9.154344,False,48,5,0.8,euclidean,random,StandardScaler_per_sample_dimension
CC1=CC(O)=C(O)C=C1,-12.52367,-6.1501703,False,48,5,0.8,euclidean,random,StandardScaler_per_sample_dimension
CC1=CC=C(O)C(O)=C1,-12.857751,-6.478816,False,48,5,0.8,euclidean,random,StandardScaler_per_sample_dimension
CCCCNCC1=CC=CC=C1,13.95548,16.09491,False,48,5,0.8,euclidean,random,StandardScaler_per_sample_dimension
CCNC1=CC=C(C=O)C=C1,-2.9039712,7.3295355,False,48,5,0.8,euclidean,random,StandardScaler_per_sample_dimension
NCN,-13.344396,0.88765264,False,48,5,0.8,euclidean,random,StandardScaler_per_sample_dimension
CCOPOCC,25.26257,13.5546665,False,48,5,0.8,euclidean,random,StandardScaler_per_sample_dimension
CCO[PH](=O)OCC,25.3557,13.655088,False,48,5,0.8,euclidean,random,StandardScaler_per_sample_dimension
OPOC1=CC=C(CC2=CC=C(O)C=C2)C=C1,-17.814123,-2.8039253,False,48,5,0.8,euclidean,random,StandardScaler_per_sample_dimension
CC1=CC=CC(C)=N1,13.896806,9.792213,False,48,5,0.8,euclidean,random,StandardScaler_per_sample_dimension
CC1=NC(C)=CC=C1,13.950241,9.620178,False,48,5,0.8,euclidean,random,StandardScaler_per_sample_dimension
NCC1=CC=C(N)C=C1,12.48044,-5.3709083,False,48,5,0.8,euclidean,random,StandardScaler_per_sample_dimension
CNCC1=CC=C(N)C=C1,12.6385145,-5.5851693,False,48,5,0.8,euclidean,random,StandardScaler_per_sample_dimension
NC(=O)C1=CC=C(N)C=C1,12.49031,-5.5148873,False,48,5,0.8,euclidean,random,StandardScaler_per_sample_dimension
CCOCC1=CC(N)=CC=C1,-10.638389,-7.9719014,False,48,5,0.8,euclidean,random,StandardScaler_per_sample_dimension
CCOCC1=CC=CC(N)=C1,-9.8303995,-8.197024,False,48,5,0.8,euclidean,random,StandardScaler_per_sample_dimension
CNC(=O)C1=CC=C(N)C=C1,12.490335,-5.463141,False,48,5,0.8,euclidean,random,StandardScaler_per_sample_dimension
CCOC(=O)C1=CC(N)=CC=C1,-10.293162,-8.705453,False,48,5,0.8,euclidean,random,StandardScaler_per_sample_dimension
CCOC(=O)C1=CC=CC(N)=C1,-10.196675,-8.640066,False,48,5,0.8,euclidean,random,StandardScaler_per_sample_dimension
CCC(C)CCN,5.6682763,2.5704653,False,48,5,0.8,euclidean,random,StandardScaler_per_sample_dimension
CCCCCN(C)C,5.810302,2.7848713,False,48,5,0.8,euclidean,random,StandardScaler_per_sample_dimension
CCC(C)CC(N)=O,5.7851725,2.7770002,False,48,5,0.8,euclidean,random,StandardScaler_per_sample_dimension
CCCCCC(=O)NCCCC,4.9542117,-1.5092793,False,48,5,0.8,euclidean,random,StandardScaler_per_sample_dimension
CCC(C1=CC=CC=C1)C1=CC=C(O)C=C1,21.361612,5.3767314,False,48,5,0.8,euclidean,random,StandardScaler_per_sample_dimension
CCC(C)(C1=CC=CC=C1)C1=CC=C(O)C=C1,21.604092,5.1648154,False,48,5,0.8,euclidean,random,StandardScaler_per_sample_dimension
CCC(C=O)CC=O,5.928401,1.9416168,False,48,5,0.8,euclidean,random,StandardScaler_per_sample_dimension
COPOC1=CC=C(C(C)C)C=C1,27.65806,10.795571,False,48,5,0.8,euclidean,random,StandardScaler_per_sample_dimension
CO[PH](=O)OC1=CC=C(C(C)C)C=C1,27.672897,10.763028,False,48,5,0.8,euclidean,random,StandardScaler_per_sample_dimension
CC/C=C/C1=CC=CC=C1,20.472387,9.359949,False,48,5,0.8,euclidean,random,StandardScaler_per_sample_dimension
CCCCCNC(=O)CCCC,5.0794506,-1.3122107,False,48,5,0.8,euclidean,random,StandardScaler_per_sample_dimension
CCCCCCNC(=O)CCC,2.1338453,-0.20200232,False,48,5,0.8,euclidean,random,StandardScaler_per_sample_dimension
O=CC1=CC=C(CC2=CC=CC=C2)C=C1,-1.9549301,2.4699674,False,48,5,0.8,euclidean,random,StandardScaler_per_sample_dimension
CCC(C1=CC=C(O)C=C1)C1=CC=C(O)C=C1,6.6953983,2.0217452,False,48,5,0.8,euclidean,random,StandardScaler_per_sample_dimension
COCCCO,4.829042,13.289403,False,48,5,0.8,euclidean,random,StandardScaler_per_sample_dimension
COCC(C)C,7.485283,-16.620132,False,48,5,0.8,euclidean,random,StandardScaler_per_sample_dimension
C=C(C)C,8.10326,-5.5126295,False,48,5,0.8,euclidean,random,StandardScaler_per_sample_dimension
CCCC(C)(C1=CC=CC=C1)C1=CC=CC=C1,2.9078424,2.0562768,False,48,5,0.8,euclidean,random,StandardScaler_per_sample_dimension
CNC1=CC=C(N)C=C1,-1.6203653,-7.873202,False,48,5,0.8,euclidean,random,StandardScaler_per_sample_dimension
N=CC1=CC=CC=C1,7.248678,0.5983933,False,48,5,0.8,euclidean,random,StandardScaler_per_sample_dimension
C/N=C/C1=CC=CC=C1,7.3047924,0.6807349,False,48,5,0.8,euclidean,random,StandardScaler_per_sample_dimension
CCCCCNCCCCC,5.275889,-1.2950499,False,48,5,0.8,euclidean,random,StandardScaler_per_sample_dimension
CNC1=CC=CC(CO)=C1,17.092232,0.59286124,False,48,5,0.8,euclidean,random,StandardScaler_per_sample_dimension
CNC1=CC=CC(C(=O)O)=C1,17.798355,-0.5969401,False,48,5,0.8,euclidean,random,StandardScaler_per_sample_dimension
CNC1=CC=CC(COC)=C1,18.70364,0.2759119,False,48,5,0.8,euclidean,random,StandardScaler_per_sample_dimension
O=CNC1=CC=CC(CO)=C1,17.499966,0.34620598,False,48,5,0.8,euclidean,random,StandardScaler_per_sample_dimension
CNC1=CC=CC(C(=O)OC)=C1,17.343826,0.22515067,False,48,5,0.8,euclidean,random,StandardScaler_per_sample_dimension
COCC1=CC(NC=O)=CC=C1,16.7332,0.695066,False,48,5,0.8,euclidean,random,StandardScaler_per_sample_dimension
O=CNC1=CC=CC(C(=O)O)=C1,16.898598,0.5579801,False,48,5,0.8,euclidean,random,StandardScaler_per_sample_dimension
COC(=O)C1=CC(NC=O)=CC=C1,19.187128,0.03703742,False,48,5,0.8,euclidean,random,StandardScaler_per_sample_dimension
CCOC1=CC=C(CC2=CC=CC=C2)C=C1,7.848631,9.6826105,False,48,5,0.8,euclidean,random,StandardScaler_per_sample_dimension
Cl,7.1982503,-7.7745495,False,48,5,0.8,euclidean,random,StandardScaler_per_sample_dimension
O=CNC1=CC=C(C=O)C=C1,-2.8605099,7.027748,False,48,5,0.8,euclidean,random,StandardScaler_per_sample_dimension
CC(=O)NC1=CC=C(C=O)C=C1,-2.8251946,7.115216,False,48,5,0.8,euclidean,random,StandardScaler_per_sample_dimension
CCCC(=O)OC,1.3029453,2.1790543,False,48,5,0.8,euclidean,random,StandardScaler_per_sample_dimension
CCOC1=CC=C(CC2=CC=C(O)C=C2)C=C1,7.8653054,9.767049,False,48,5,0.8,euclidean,random,StandardScaler_per_sample_dimension
CCCOCC1=CC=CC=C1,1.6209717,13.84304,True,48,5,0.8,euclidean,random,StandardScaler_per_sample_dimension
O=COC1=CC=C(CC2=CC=C(O)C=C2)C=C1,15.088063,-1.0606991,False,48,5,0.8,euclidean,random,StandardScaler_per_sample_dimension
CC1=CC(CO)=CC(N)=C1,-12.888457,4.182513,False,48,5,0.8,euclidean,random,StandardScaler_per_sample_dimension
CC1=CC(N)=CC(CO)=C1,-13.121696,4.28457,False,48,5,0.8,euclidean,random,StandardScaler_per_sample_dimension
CC1=CC(C(=O)O)=CC(N)=C1,-12.884826,4.535451,False,48,5,0.8,euclidean,random,StandardScaler_per_sample_dimension
CC1=CC(N)=CC(C(=O)O)=C1,-12.754011,4.272792,False,48,5,0.8,euclidean,random,StandardScaler_per_sample_dimension
NC1=CC(C=O)=CC(CO)=C1,-12.928837,4.5521755,False,48,5,0.8,euclidean,random,StandardScaler_per_sample_dimension
NC1=CC(CO)=CC(C=O)=C1,-13.069341,4.479871,False,48,5,0.8,euclidean,random,StandardScaler_per_sample_dimension
NC1=CC(C(=O)O)=CC(C=O)=C1,-13.175554,4.341265,False,48,5,0.8,euclidean,random,StandardScaler_per_sample_dimension
NC1=CC(C=O)=CC(C(=O)O)=C1,-12.859326,4.548918,False,48,5,0.8,euclidean,random,StandardScaler_per_sample_dimension
CCCCCCCC(=O)NC,5.2073746,6.231146,False,48,5,0.8,euclidean,random,StandardScaler_per_sample_dimension
CCCCCCCNCC,16.399689,4.7081966,False,48,5,0.8,euclidean,random,StandardScaler_per_sample_dimension
CCCCCCCC(N)=O,4.9716883,6.618467,False,48,5,0.8,euclidean,random,StandardScaler_per_sample_dimension
CCCC(=O)NC1=CC(C)=CC=C1,-3.6244466,-7.4677444,False,48,5,0.8,euclidean,random,StandardScaler_per_sample_dimension
CCCC(=O)NC1=CC=CC(C)=C1,-3.5181842,-7.5004716,False,48,5,0.8,euclidean,random,StandardScaler_per_sample_dimension
CCCCNC1=CC(C)=CC=C1,-3.4159718,-7.5770545,False,48,5,0.8,euclidean,random,StandardScaler_per_sample_dimension
CCCCNC1=CC=CC(C)=C1,-3.5488632,-7.649345,False,48,5,0.8,euclidean,random,StandardScaler_per_sample_dimension
CCCCCC(=O)NC1=CC=CC=C1,5.9698706,4.946808,False,48,5,0.8,euclidean,random,StandardScaler_per_sample_dimension
CCCCCCNC1=CC=CC=C1,6.0166826,4.9397044,False,48,5,0.8,euclidean,random,StandardScaler_per_sample_dimension
CCN1CC2=C(C1)C(Br)=CC=C2,20.678076,-3.5711336,False,48,5,0.8,euclidean,random,StandardScaler_per_sample_dimension
CCN1CC2=C(C=C(Br)C=C2)C1,12.102888,27.84422,False,48,5,0.8,euclidean,random,StandardScaler_per_sample_dimension
CCN1CC2=CC=C(Br)C=C2C1,20.21391,-2.461137,False,48,5,0.8,euclidean,random,StandardScaler_per_sample_dimension
CCN1CC2=CC=CC(Br)=C2C1,21.265717,-2.713844,False,48,5,0.8,euclidean,random,StandardScaler_per_sample_dimension
CCN1CC2=C(Br)C=CC=C2C1=O,20.89963,-4.026177,False,48,5,0.8,euclidean,random,StandardScaler_per_sample_dimension
CCN1CC2=C(C1)C(Br)=C(Br)C=C2,20.145723,-2.4261262,False,48,5,0.8,euclidean,random,StandardScaler_per_sample_dimension
CCN1CC2=C(C1)C(Br)=CC(Br)=C2,21.623318,-2.6576943,False,48,5,0.8,euclidean,random,StandardScaler_per_sample_dimension
CCN1CC2=C(C1=O)C(Br)=CC=C2,21.61655,-2.6545556,False,48,5,0.8,euclidean,random,StandardScaler_per_sample_dimension
CCN1CC2=C(C=C(Br)C=C2)C1=O,21.526691,-2.451766,False,48,5,0.8,euclidean,random,StandardScaler_per_sample_dimension
CCN1CC2=C(C=CC(Br)=C2)C1=O,20.728321,-3.8060014,False,48,5,0.8,euclidean,random,StandardScaler_per_sample_dimension
CCN1CC2=C(C=CC=C2Br)C1=O,12.330095,27.822084,False,48,5,0.8,euclidean,random,StandardScaler_per_sample_dimension
CCN1CC2=CC(Br)=CC(Br)=C2C1,19.805807,-2.4065788,False,48,5,0.8,euclidean,random,StandardScaler_per_sample_dimension
CCN1CC2=CC(Br)=CC=C2C1=O,19.958523,-2.2312982,False,48,5,0.8,euclidean,random,StandardScaler_per_sample_dimension
CCN1CC2=CC=C(Br)C(Br)=C2C1,12.057373,27.983742,False,48,5,0.8,euclidean,random,StandardScaler_per_sample_dimension
CCN1CC2=CC=C(Br)C=C2C1=O,19.909313,-2.177294,False,48,5,0.8,euclidean,random,StandardScaler_per_sample_dimension
CCN1CC2=CC=CC(Br)=C2C1=O,20.588709,-3.8241994,False,48,5,0.8,euclidean,random,StandardScaler_per_sample_dimension
CCN1C(=O)C2=C(C1=O)C(Br)=CC=C2,12.180322,27.935276,False,48,5,0.8,euclidean,random,StandardScaler_per_sample_dimension
CCN1C(=O)C2=C(C=C(Br)C=C2)C1=O,12.071676,27.738062,False,48,5,0.8,euclidean,random,StandardScaler_per_sample_dimension
CCN1C(=O)C2=CC=C(Br)C=C2C1=O,21.439287,-2.470427,False,48,5,0.8,euclidean,random,StandardScaler_per_sample_dimension
CCN1C(=O)C2=CC=CC(Br)=C2C1=O,19.985184,-2.2817514,False,48,5,0.8,euclidean,random,StandardScaler_per_sample_dimension
CCN1CC2=C(Br)C(Br)=CC=C2C1=O,19.968988,-2.19129,False,48,5,0.8,euclidean,random,StandardScaler_per_sample_dimension
CCN1CC2=C(Br)C=CC(Br)=C2C1=O,20.006714,-2.228998,False,48,5,0.8,euclidean,random,StandardScaler_per_sample_dimension
CCN1CC2=C(C1)C(Br)=C(Br)C(Br)=C2,21.511908,-2.752815,False,48,5,0.8,euclidean,random,StandardScaler_per_sample_dimension
CCN1CC2=C(C1=O)C(Br)=C(Br)C=C2,20.605574,-3.9798787,False,48,5,0.8,euclidean,random,StandardScaler_per_sample_dimension
CCN1CC2=C(C1=O)C(Br)=CC(Br)=C2,21.479422,-2.557234,False,48,5,0.8,euclidean,random,StandardScaler_per_sample_dimension
CCN1CC2=C(C1=O)C(Br)=CC=C2Br,19.843283,-2.273583,False,48,5,0.8,euclidean,random,StandardScaler_per_sample_dimension
CCN1CC2=C(C=C(Br)C(Br)=C2)C1=O,20.215979,-2.0790334,False,48,5,0.8,euclidean,random,StandardScaler_per_sample_dimension
CCN1CC2=C(C=CC(Br)=C2Br)C1=O,20.529842,-3.8880455,False,48,5,0.8,euclidean,random,StandardScaler_per_sample_dimension
CCN1CC2=CC(Br)=C(Br)C(Br)=C2C1,12.295278,27.806135,False,48,5,0.8,euclidean,random,StandardScaler_per_sample_dimension
CCN1CC2=CC(Br)=C(Br)C=C2C1=O,12.073913,27.970915,False,48,5,0.8,euclidean,random,StandardScaler_per_sample_dimension
CCN1CC2=CC(Br)=CC(Br)=C2C1=O,12.210526,27.85628,False,48,5,0.8,euclidean,random,StandardScaler_per_sample_dimension
CCN1CC2=CC=C(Br)C(Br)=C2C1=O,12.165859,27.913477,False,48,5,0.8,euclidean,random,StandardScaler_per_sample_dimension
BrC1=C(Br)C=CC=C1,20.527842,-2.8592935,True,48,5,0.8,euclidean,random,StandardScaler_per_sample_dimension
BrC1=CC=CC=C1Br,12.162803,27.632088,False,48,5,0.8,euclidean,random,StandardScaler_per_sample_dimension
BrC1=C(Br)C(Br)=CC=C1,-11.171961,5.8006897,False,48,5,0.8,euclidean,random,StandardScaler_per_sample_dimension
BrC1=CC=C(Br)C(Br)=C1,9.849023,-1.636983,False,48,5,0.8,euclidean,random,StandardScaler_per_sample_dimension
BrC1=CC=CC(Br)=C1Br,-10.873913,7.5879054,False,48,5,0.8,euclidean,random,StandardScaler_per_sample_dimension
BrC1=C2CNCC2=CC=C1,9.809796,-1.3583391,False,48,5,0.8,euclidean,random,StandardScaler_per_sample_dimension
BrC1=CC2=C(C=C1)CNC2,-12.31784,6.941994,False,48,5,0.8,euclidean,random,StandardScaler_per_sample_dimension
BrC1=CC=C2CNCC2=C1,-3.4252145,27.676292,False,48,5,0.8,euclidean,random,StandardScaler_per_sample_dimension
BrC1=CC=CC2=C1CNC2,-10.573198,6.9688034,False,48,5,0.8,euclidean,random,StandardScaler_per_sample_dimension
BrC1=C(Br)C2=C(C=C1)CNC2,10.742487,-0.5856096,False,48,5,0.8,euclidean,random,StandardScaler_per_sample_dimension
BrC1=CC(Br)=C2CNCC2=C1,-11.240757,5.3121734,False,48,5,0.8,euclidean,random,StandardScaler_per_sample_dimension
BrC1=CC2=C(CNC2)C(Br)=C1,2.538781,-16.662903,False,48,5,0.8,euclidean,random,StandardScaler_per_sample_dimension
BrC1=CC=C2CNCC2=C1Br,-11.858096,6.85069,False,48,5,0.8,euclidean,random,StandardScaler_per_sample_dimension
CN1CC2=C(C1)C(Br)=CC=C2,15.226071,23.333067,False,48,5,0.8,euclidean,random,StandardScaler_per_sample_dimension
CN1CC2=C(C=C(Br)C=C2)C1,23.036552,-8.6393,False,48,5,0.8,euclidean,random,StandardScaler_per_sample_dimension
CN1CC2=CC=C(Br)C=C2C1,2.523605,-16.542873,False,48,5,0.8,euclidean,random,StandardScaler_per_sample_dimension
CN1CC2=CC=CC(Br)=C2C1,11.348319,-9.441867,False,48,5,0.8,euclidean,random,StandardScaler_per_sample_dimension
O=C1NCC2=C(Br)C=CC=C12,-11.139179,5.5062985,False,48,5,0.8,euclidean,random,StandardScaler_per_sample_dimension
O=C1NCC2=C1C(Br)=CC=C2,23.197447,-8.498372,False,48,5,0.8,euclidean,random,StandardScaler_per_sample_dimension
O=C1NCC2=C1C=C(Br)C=C2,-11.171236,6.984822,False,48,5,0.8,euclidean,random,StandardScaler_per_sample_dimension
O=C1NCC2=C1C=CC(Br)=C2,-9.307069,7.0568485,False,48,5,0.8,euclidean,random,StandardScaler_per_sample_dimension
O=C1NCC2=C1C=CC=C2Br,11.444725,-9.436153,False,48,5,0.8,euclidean,random,StandardScaler_per_sample_dimension
O=C1NCC2=CC(Br)=CC=C12,-11.2982645,5.405721,False,48,5,0.8,euclidean,random,StandardScaler_per_sample_dimension
O=C1NCC2=CC=C(Br)C=C12,11.650755,-9.218912,False,48,5,0.8,euclidean,random,StandardScaler_per_sample_dimension
O=C1NCC2=CC=CC(Br)=C12,-9.495315,6.7985806,False,48,5,0.8,euclidean,random,StandardScaler_per_sample_dimension
OCCOC1=CC=C(O)C=C1,1.7016146,-6.368869,False,48,5,0.8,euclidean,random,StandardScaler_per_sample_dimension
BrC1=C(Br)C(Br)=C2CNCC2=C1,2.3966837,-16.51109,False,48,5,0.8,euclidean,random,StandardScaler_per_sample_dimension
BrC1=C(Br)C2=C(CNC2)C(Br)=C1,-9.691523,7.08382,False,48,5,0.8,euclidean,random,StandardScaler_per_sample_dimension
BrC1=CC(Br)=C2CNCC2=C1Br,-10.654263,6.507528,False,48,5,0.8,euclidean,random,StandardScaler_per_sample_dimension
BrC1=CC2=C(CNC2)C(Br)=C1Br,-10.6974,7.475054,False,48,5,0.8,euclidean,random,StandardScaler_per_sample_dimension
CN1CC2=C(Br)C=CC=C2C1=O,-10.958868,5.622856,False,48,5,0.8,euclidean,random,StandardScaler_per_sample_dimension
CN1CC2=C(C1)C(Br)=C(Br)C=C2,11.549123,-9.268531,False,48,5,0.8,euclidean,random,StandardScaler_per_sample_dimension
CN1CC2=C(C1)C(Br)=CC(Br)=C2,-10.88461,6.134731,False,48,5,0.8,euclidean,random,StandardScaler_per_sample_dimension
CN1CC2=C(C1=O)C(Br)=CC=C2,9.819461,-1.40985,False,48,5,0.8,euclidean,random,StandardScaler_per_sample_dimension
CN1CC2=C(C=C(Br)C=C2)C1=O,-11.155096,6.5072546,False,48,5,0.8,euclidean,random,StandardScaler_per_sample_dimension
CN1CC2=C(C=CC(Br)=C2)C1=O,-12.226809,6.9329743,False,48,5,0.8,euclidean,random,StandardScaler_per_sample_dimension
CN1CC2=C(C=CC=C2Br)C1=O,23.211506,-8.496711,False,48,5,0.8,euclidean,random,StandardScaler_per_sample_dimension
CN1CC2=CC(Br)=CC(Br)=C2C1,-10.196299,6.1217327,False,48,5,0.8,euclidean,random,StandardScaler_per_sample_dimension
CN1CC2=CC(Br)=CC=C2C1=O,14.968805,23.585201,False,48,5,0.8,euclidean,random,StandardScaler_per_sample_dimension
CN1CC2=CC=C(Br)C(Br)=C2C1,11.601238,-9.28528,False,48,5,0.8,euclidean,random,StandardScaler_per_sample_dimension
CN1CC2=CC=C(Br)C=C2C1=O,-10.806015,7.8625474,False,48,5,0.8,euclidean,random,StandardScaler_per_sample_dimension
CN1CC2=CC=CC(Br)=C2C1=O,9.573595,-0.8907474,False,48,5,0.8,euclidean,random,StandardScaler_per_sample_dimension
COC1=CC=C(OCCO)C=C1,1.8146561,-6.2497873,False,48,5,0.8,euclidean,random,StandardScaler_per_sample_dimension
O=C1NC(=O)C2=C(Br)C=CC=C12,-11.090553,7.933202,False,48,5,0.8,euclidean,random,StandardScaler_per_sample_dimension
O=C1NC(=O)C2=C1C=CC(Br)=C2,2.6221335,-16.712946,False,48,5,0.8,euclidean,random,StandardScaler_per_sample_dimension
O=C1NC(=O)C2=C1C=CC=C2Br,-8.921467,5.7435555,False,48,5,0.8,euclidean,random,StandardScaler_per_sample_dimension
O=C1NC(=O)C2=CC(Br)=CC=C12,9.779789,-1.3685495,False,48,5,0.8,euclidean,random,StandardScaler_per_sample_dimension
O=C1NCC2=C(Br)C(Br)=CC=C12,11.372233,-9.4960785,False,48,5,0.8,euclidean,random,StandardScaler_per_sample_dimension
O=C1NCC2=C(Br)C=C(Br)C=C12,-3.2780387,27.68391,False,48,5,0.8,euclidean,random,StandardScaler_per_sample_dimension
O=C1NCC2=C(Br)C=CC(Br)=C12,2.4227378,-16.52973,False,48,5,0.8,euclidean,random,StandardScaler_per_sample_dimension
O=C1NCC2=C1C(Br)=C(Br)C=C2,-11.045418,5.472944,False,48,5,0.8,euclidean,random,StandardScaler_per_sample_dimension
O=C1NCC2=C1C(Br)=CC(Br)=C2,10.032592,-1.4193071,False,48,5,0.8,euclidean,random,StandardScaler_per_sample_dimension
O=C1NCC2=C1C(Br)=CC=C2Br,-10.963172,7.6838284,False,48,5,0.8,euclidean,random,StandardScaler_per_sample_dimension
O=C1NCC2=C1C=C(Br)C(Br)=C2,-9.385282,6.9148116,False,48,5,0.8,euclidean,random,StandardScaler_per_sample_dimension
O=C1NCC2=C1C=C(Br)C=C2Br,-10.351946,5.956818,False,48,5,0.8,euclidean,random,StandardScaler_per_sample_dimension
O=C1NCC2=C1C=CC(Br)=C2Br,2.3663568,-16.526138,False,48,5,0.8,euclidean,random,StandardScaler_per_sample_dimension
O=C1NCC2=CC(Br)=C(Br)C=C12,23.15587,-8.334634,False,48,5,0.8,euclidean,random,StandardScaler_per_sample_dimension
O=C1NCC2=CC(Br)=CC(Br)=C12,15.206243,23.38462,False,48,5,0.8,euclidean,random,StandardScaler_per_sample_dimension
O=C1NCC2=CC=C(Br)C(Br)=C12,-11.221765,6.9012165,False,48,5,0.8,euclidean,random,StandardScaler_per_sample_dimension
CC(C)N1CC2=C(C1)C(Br)=CC=C2,-10.785057,7.7947984,False,48,5,0.8,euclidean,random,StandardScaler_per_sample_dimension
CC(C)N1CC2=C(C=C(Br)C=C2)C1,-9.888139,6.267356,False,48,5,0.8,euclidean,random,StandardScaler_per_sample_dimension
CC(C)N1CC2=CC=C(Br)C=C2C1,2.5837672,-16.379187,False,48,5,0.8,euclidean,random,StandardScaler_per_sample_dimension
CC(C)N1CC2=CC=CC(Br)=C2C1,-12.364894,7.1041217,False,48,5,0.8,euclidean,random,StandardScaler_per_sample_dimension
CCN1CC2=C(Br)C=CC(Br)=C2C1,-9.064837,5.720031,False,48,5,0.8,euclidean,random,StandardScaler_per_sample_dimension
CCN1CC2=C(C1)C(Br)=CC=C2Br,11.525509,-9.340062,False,48,5,0.8,euclidean,random,StandardScaler_per_sample_dimension
CCN1CC2=C(C=C(Br)C(Br)=C2)C1,-10.758207,7.712615,False,48,5,0.8,euclidean,random,StandardScaler_per_sample_dimension
CCN1CC2=CC(Br)=C(Br)C=C2C1,9.878252,-1.4737296,False,48,5,0.8,euclidean,random,StandardScaler_per_sample_dimension
CN1C(=O)C2=C(C1=O)C(Br)=CC=C2,-9.363914,7.039751,False,48,5,0.8,euclidean,random,StandardScaler_per_sample_dimension
CN1C(=O)C2=C(C=C(Br)C=C2)C1=O,15.180321,23.381958,False,48,5,0.8,euclidean,random,StandardScaler_per_sample_dimension
CN1C(=O)C2=CC=C(Br)C=C2C1=O,-11.039131,6.242709,False,48,5,0.8,euclidean,random,StandardScaler_per_sample_dimension
CN1C(=O)C2=CC=CC(Br)=C2C1=O,-12.218784,6.7719097,False,48,5,0.8,euclidean,random,StandardScaler_per_sample_dimension
CN1CC2=C(Br)C(Br)=CC=C2C1=O,23.183964,-8.481863,False,48,5,0.8,euclidean,random,StandardScaler_per_sample_dimension
CN1CC2=C(Br)C=C(Br)C(Br)=C2C1,2.4454741,-16.605433,False,48,5,0.8,euclidean,random,StandardScaler_per_sample_dimension
CN1CC2=C(Br)C=C(Br)C=C2C1=O,23.205149,-8.510855,False,48,5,0.8,euclidean,random,StandardScaler_per_sample_dimension
CN1CC2=C(Br)C=CC(Br)=C2C1=O,-3.3742678,27.454744,False,48,5,0.8,euclidean,random,StandardScaler_per_sample_dimension
CN1CC2=C(C1)C(Br)=C(Br)C(Br)=C2,9.478348,-0.8910591,False,48,5,0.8,euclidean,random,StandardScaler_per_sample_dimension
CN1CC2=C(C1)C(Br)=C(Br)C=C2Br,-12.155678,7.045973,False,48,5,0.8,euclidean,random,StandardScaler_per_sample_dimension
CN1CC2=C(C1=O)C(Br)=C(Br)C=C2,-12.133606,6.9501524,False,48,5,0.8,euclidean,random,StandardScaler_per_sample_dimension
CN1CC2=C(C1=O)C(Br)=CC(Br)=C2,-9.262225,7.009934,False,48,5,0.8,euclidean,random,StandardScaler_per_sample_dimension
CN1CC2=C(C1=O)C(Br)=CC=C2Br,-12.184472,6.815127,False,48,5,0.8,euclidean,random,StandardScaler_per_sample_dimension
CN1CC2=C(C=C(Br)C(Br)=C2)C1=O,-8.914,5.752995,False,48,5,0.8,euclidean,random,StandardScaler_per_sample_dimension
CN1CC2=C(C=C(Br)C=C2Br)C1=O,2.4371946,-16.60629,False,48,5,0.8,euclidean,random,StandardScaler_per_sample_dimension
CN1CC2=C(C=CC(Br)=C2Br)C1=O,9.715915,-0.6619671,False,48,5,0.8,euclidean,random,StandardScaler_per_sample_dimension
CN1CC2=CC(Br)=C(Br)C(Br)=C2C1,-3.5624442,27.821814,False,48,5,0.8,euclidean,random,StandardScaler_per_sample_dimension
CN1CC2=CC(Br)=C(Br)C=C2C1=O,-9.002145,5.98376,False,48,5,0.8,euclidean,random,StandardScaler_per_sample_dimension
CN1CC2=CC(Br)=CC(Br)=C2C1=O,-11.212128,5.558104,False,48,5,0.8,euclidean,random,StandardScaler_per_sample_dimension
CN1CC2=CC=C(Br)C(Br)=C2C1=O,9.287275,-0.6808627,False,48,5,0.8,euclidean,random,StandardScaler_per_sample_dimension
O=C1NC(=O)C2=C(Br)C(Br)=CC=C12,-10.844084,7.8281703,False,48,5,0.8,euclidean,random,StandardScaler_per_sample_dimension
O=C1NC(=O)C2=C(Br)C=C(Br)C=C12,-11.120913,6.122487,False,48,5,0.8,euclidean,random,StandardScaler_per_sample_dimension
O=C1NC(=O)C2=C1C=C(Br)C=C2Br,-9.3946085,6.9886913,False,48,5,0.8,euclidean,random,StandardScaler_per_sample_dimension
O=C1NC(=O)C2=C1C=CC(Br)=C2Br,-3.555829,27.781235,False,48,5,0.8,euclidean,random,StandardScaler_per_sample_dimension
O=C1NCC2=C(Br)C(Br)=C(Br)C=C12,-10.883561,7.8690214,False,48,5,0.8,euclidean,random,StandardScaler_per_sample_dimension
O=C1NCC2=C(Br)C(Br)=CC(Br)=C12,23.101547,-8.425921,False,48,5,0.8,euclidean,random,StandardScaler_per_sample_dimension
O=C1NCC2=C(Br)C=C(Br)C(Br)=C12,-3.3663101,27.736298,False,48,5,0.8,euclidean,random,StandardScaler_per_sample_dimension
O=C1NCC2=C1C(Br)=C(Br)C(Br)=C2,-8.956352,5.7511086,False,48,5,0.8,euclidean,random,StandardScaler_per_sample_dimension
O=C1NCC2=C1C(Br)=C(Br)C=C2Br,-3.33151,27.610512,False,48,5,0.8,euclidean,random,StandardScaler_per_sample_dimension
O=C1NCC2=C1C(Br)=CC(Br)=C2Br,15.148955,23.450087,False,48,5,0.8,euclidean,random,StandardScaler_per_sample_dimension
O=C1NCC2=C1C=C(Br)C(Br)=C2Br,10.686741,-0.59074455,False,48,5,0.8,euclidean,random,StandardScaler_per_sample_dimension
O=C1NCC2=CC(Br)=C(Br)C(Br)=C12,10.694671,-0.4580334,False,48,5,0.8,euclidean,random,StandardScaler_per_sample_dimension
CC(C)N1CC2=C(Br)C=CC=C2C1=O,-8.948073,5.6933355,False,48,5,0.8,euclidean,random,StandardScaler_per_sample_dimension
CC(C)N1CC2=C(C1)C(Br)=C(Br)C=C2,9.235591,-0.6029067,False,48,5,0.8,euclidean,random,StandardScaler_per_sample_dimension
CC(C)N1CC2=C(C1)C(Br)=CC(Br)=C2,15.064037,23.46914,False,48,5,0.8,euclidean,random,StandardScaler_per_sample_dimension
CC(C)N1CC2=C(C1=O)C(Br)=CC=C2,14.995221,23.569925,False,48,5,0.8,euclidean,random,StandardScaler_per_sample_dimension
CC(C)N1CC2=C(C=C(Br)C=C2)C1=O,-12.005981,7.180997,False,48,5,0.8,euclidean,random,StandardScaler_per_sample_dimension
CC(C)N1CC2=C(C=CC(Br)=C2)C1=O,-10.8861065,7.8685775,False,48,5,0.8,euclidean,random,StandardScaler_per_sample_dimension
CC(C)N1CC2=C(C=CC=C2Br)C1=O,15.209771,23.368181,False,48,5,0.8,euclidean,random,StandardScaler_per_sample_dimension
CC(C)N1CC2=CC(Br)=CC(Br)=C2C1,-10.134368,6.2481446,False,48,5,0.8,euclidean,random,StandardScaler_per_sample_dimension
CC(C)N1CC2=CC(Br)=CC=C2C1=O,11.642358,-9.190347,False,48,5,0.8,euclidean,random,StandardScaler_per_sample_dimension
CC(C)N1CC2=CC=C(Br)C(Br)=C2C1,-10.959456,7.0879703,False,48,5,0.8,euclidean,random,StandardScaler_per_sample_dimension
CC(C)N1CC2=CC=C(Br)C=C2C1=O,-9.561103,7.1611767,False,48,5,0.8,euclidean,random,StandardScaler_per_sample_dimension
CC(C)N1CC2=CC=CC(Br)=C2C1=O,-8.929752,5.755481,False,48,5,0.8,euclidean,random,StandardScaler_per_sample_dimension
CN1C(=O)C2=C(C1=O)C(Br)=C(Br)C=C2,10.081965,-1.6556069,False,48,5,0.8,euclidean,random,StandardScaler_per_sample_dimension
CN1C(=O)C2=CC=C(Br)C(Br)=C2C1=O,23.200256,-8.501241,False,48,5,0.8,euclidean,random,StandardScaler_per_sample_dimension
CN1CC2=C(C1=O)C(Br)=C(Br)C(Br)=C2,10.716172,-0.4622297,False,48,5,0.8,euclidean,random,StandardScaler_per_sample_dimension
CN1CC2=CC(Br)=C(Br)C(Br)=C2C1=O,-3.3941777,27.584711,False,48,5,0.8,euclidean,random,StandardScaler_per_sample_dimension
O=C1NCC2=C(Br)C(Br)=C(Br)C(Br)=C12,15.01525,23.551817,False,48,5,0.8,euclidean,random,StandardScaler_per_sample_dimension
O=C1NCC2=C1C(Br)=C(Br)C(Br)=C2Br,-3.3731408,27.649038,False,48,5,0.8,euclidean,random,StandardScaler_per_sample_dimension
CC(C)N1C(=O)C2=C(C1=O)C(Br)=CC=C2,10.549762,-0.3453451,False,48,5,0.8,euclidean,random,StandardScaler_per_sample_dimension
CC(C)N1C(=O)C2=CC=CC(Br)=C2C1=O,-11.469584,5.5106907,False,48,5,0.8,euclidean,random,StandardScaler_per_sample_dimension
CC(C)N1CC2=C(C1=O)C(Br)=C(Br)C=C2,-11.036504,6.6356697,False,48,5,0.8,euclidean,random,StandardScaler_per_sample_dimension
CC(C)N1CC2=CC=C(Br)C(Br)=C2C1=O,10.603937,-0.40793785,False,48,5,0.8,euclidean,random,StandardScaler_per_sample_dimension
CCOCCCO,4.7604036,13.319252,False,48,5,0.8,euclidean,random,StandardScaler_per_sample_dimension
COC1=C(O)C=CC(C)=C1,-12.749113,-6.367415,False,48,5,0.8,euclidean,random,StandardScaler_per_sample_dimension
COC1=CC(C)=CC=C1O,-12.561363,-6.1617045,False,48,5,0.8,euclidean,random,StandardScaler_per_sample_dimension
OCCCCO,2.606211,13.117063,False,48,5,0.8,euclidean,random,StandardScaler_per_sample_dimension
NC1=CC=C(CO)C=C1,-9.724588,3.605957,False,48,5,0.8,euclidean,random,StandardScaler_per_sample_dimension
OC1=CC=C(CNC2=CC=CC=C2)C=C1,12.60511,8.597504,False,48,5,0.8,euclidean,random,StandardScaler_per_sample_dimension
CC1=CC=C(CNC2=CC=C(C)C=C2)C=C1,12.263531,1.6970338,False,48,5,0.8,euclidean,random,StandardScaler_per_sample_dimension
COCCOC1=CC=C(O)C=C1,1.809168,-5.6333547,False,48,5,0.8,euclidean,random,StandardScaler_per_sample_dimension
COCCOC1=CC=C(OC)C=C1,1.902481,-5.7686706,False,48,5,0.8,euclidean,random,StandardScaler_per_sample_dimension
NC1=CC(N)=CC=C1,10.770688,-13.353764,False,48,5,0.8,euclidean,random,StandardScaler_per_sample_dimension
NC1=CC=CC(N)=C1,10.663811,-13.441837,False,48,5,0.8,euclidean,random,StandardScaler_per_sample_dimension
BrC1=CC=C(Br)C=C1,11.816851,-7.2721744,False,48,5,0.8,euclidean,random,StandardScaler_per_sample_dimension
BrC1=CC=C(Br)C(Br)=C1Br,31.743244,4.2911873,False,48,5,0.8,euclidean,random,StandardScaler_per_sample_dimension
BrC1=C(Br)C=C2CNCC2=C1,31.680532,4.230554,False,48,5,0.8,euclidean,random,StandardScaler_per_sample_dimension
BrC1=C2CNCC2=C(Br)C=C1,11.75278,-6.997625,False,48,5,0.8,euclidean,random,StandardScaler_per_sample_dimension
BrC1=CC2=C(C=C1Br)CNC2,28.394676,5.1364913,False,48,5,0.8,euclidean,random,StandardScaler_per_sample_dimension
BrC1=CC=C(Br)C2=C1CNC2,28.61188,5.259774,False,48,5,0.8,euclidean,random,StandardScaler_per_sample_dimension
CN1CC2=C(Br)C=CC(Br)=C2C1,28.540102,5.1757965,False,48,5,0.8,euclidean,random,StandardScaler_per_sample_dimension
CN1CC2=C(C1)C(Br)=CC=C2Br,11.916339,-7.254011,False,48,5,0.8,euclidean,random,StandardScaler_per_sample_dimension
CN1CC2=C(C=C(Br)C(Br)=C2)C1,31.555775,4.1109934,False,48,5,0.8,euclidean,random,StandardScaler_per_sample_dimension
CN1CC2=CC(Br)=C(Br)C=C2C1,11.909628,-7.1687083,False,48,5,0.8,euclidean,random,StandardScaler_per_sample_dimension
BrC1=C(Br)C(Br)=C2CNCC2=C1Br,31.614262,4.1709795,False,48,5,0.8,euclidean,random,StandardScaler_per_sample_dimension
BrC1=C(Br)C2=C(CNC2)C(Br)=C1Br,31.607328,4.151243,False,48,5,0.8,euclidean,random,StandardScaler_per_sample_dimension
O=C1NC(=O)C2=C(Br)C=CC(Br)=C12,31.556139,4.1088786,False,48,5,0.8,euclidean,random,StandardScaler_per_sample_dimension
O=C1NC(=O)C2=C1C(Br)=CC=C2Br,28.56692,5.2460313,False,48,5,0.8,euclidean,random,StandardScaler_per_sample_dimension
O=C1NC(=O)C2=C1C=C(Br)C(Br)=C2,11.938654,-7.1527467,False,48,5,0.8,euclidean,random,StandardScaler_per_sample_dimension
O=C1NC(=O)C2=CC(Br)=C(Br)C=C12,31.584475,4.143809,False,48,5,0.8,euclidean,random,StandardScaler_per_sample_dimension
CC(C)N1CC2=C(Br)C=CC(Br)=C2C1,31.747993,4.3045864,False,48,5,0.8,euclidean,random,StandardScaler_per_sample_dimension
CC(C)N1CC2=C(C1)C(Br)=CC=C2Br,12.006636,-7.230037,False,48,5,0.8,euclidean,random,StandardScaler_per_sample_dimension
CC(C)N1CC2=C(C=C(Br)C(Br)=C2)C1,28.495888,5.13767,False,48,5,0.8,euclidean,random,StandardScaler_per_sample_dimension
CC(C)N1CC2=CC(Br)=C(Br)C=C2C1,28.693882,5.3579154,False,48,5,0.8,euclidean,random,StandardScaler_per_sample_dimension
CCCC(C)C1=CC=C(O)C=C1,21.525236,5.180564,False,48,5,0.8,euclidean,random,StandardScaler_per_sample_dimension
CCCCCCCCCN,4.4197164,6.8197236,False,48,5,0.8,euclidean,random,StandardScaler_per_sample_dimension
CCCCCCCCCCN,4.321394,6.8695292,False,48,5,0.8,euclidean,random,StandardScaler_per_sample_dimension
CCCCCCCCNCC,16.37551,4.8757076,False,48,5,0.8,euclidean,random,StandardScaler_per_sample_dimension
CCNCCCCCC=O,2.4425595,0.30202535,False,48,5,0.8,euclidean,random,StandardScaler_per_sample_dimension
CCCCC1=CC=C(O)C=C1,21.520012,5.21746,False,48,5,0.8,euclidean,random,StandardScaler_per_sample_dimension
CCCC(C1=CC=CC=C1)C1=CC=C(O)C=C1,21.501205,5.339786,False,48,5,0.8,euclidean,random,StandardScaler_per_sample_dimension
CCCN(CC)CC,24.468636,7.2268267,False,48,5,0.8,euclidean,random,StandardScaler_per_sample_dimension
CCOC1=CC=C(C(C)C)C=C1,7.593998,9.311647,False,48,5,0.8,euclidean,random,StandardScaler_per_sample_dimension
CCCOCCC,1.0090461,2.7099752,False,48,5,0.8,euclidean,random,StandardScaler_per_sample_dimension
CNC1=CC(N)=CC=C1,10.710199,-13.358651,False,48,5,0.8,euclidean,random,StandardScaler_per_sample_dimension
CNC1=CC=CC(N)=C1,10.683194,-13.385202,False,48,5,0.8,euclidean,random,StandardScaler_per_sample_dimension
COCCCCO,2.689514,13.237787,False,48,5,0.8,euclidean,random,StandardScaler_per_sample_dimension
CCCCNC(=O)C1=CC=CC=C1,14.180018,15.654076,False,48,5,0.8,euclidean,random,StandardScaler_per_sample_dimension
O=COCCCO,4.585053,13.481077,False,48,5,0.8,euclidean,random,StandardScaler_per_sample_dimension
CC(=O)OCCCO,4.5113926,13.5027,False,48,5,0.8,euclidean,random,StandardScaler_per_sample_dimension
CCNC1=CC=C(N)C=C1,-1.3339483,-8.832036,False,48,5,0.8,euclidean,random,StandardScaler_per_sample_dimension
COC1=CC=C(CNC2=CC=CC=C2)C=C1,12.642518,8.775398,False,48,5,0.8,euclidean,random,StandardScaler_per_sample_dimension
O=C(NC1=CC=CC=C1)C1=CC=C(O)C=C1,12.689743,8.592764,False,48,5,0.8,euclidean,random,StandardScaler_per_sample_dimension
COC1=CC=C(C(=O)NC2=CC=CC=C2)C=C1,12.587102,8.6263075,False,48,5,0.8,euclidean,random,StandardScaler_per_sample_dimension
NC1=CC=C(NC=O)C=C1,-1.5619762,-8.855845,False,48,5,0.8,euclidean,random,StandardScaler_per_sample_dimension
CC(=O)NC1=CC=C(N)C=C1,-1.5505805,-8.80885,False,48,5,0.8,euclidean,random,StandardScaler_per_sample_dimension
CC1=CC=C(NC(=O)C2=CC=C(C)C=C2)C=C1,12.5659485,1.9752376,False,48,5,0.8,euclidean,random,StandardScaler_per_sample_dimension
CCP(O)C1=CC=CC=C1,5.5813117,18.659618,False,48,5,0.8,euclidean,random,StandardScaler_per_sample_dimension
CCP(=O)(O)C1=CC=CC=C1,5.2722936,18.550135,False,48,5,0.8,euclidean,random,StandardScaler_per_sample_dimension
O=COCCOC1=CC=C(O)C=C1,2.0199318,-5.572467,False,48,5,0.8,euclidean,random,StandardScaler_per_sample_dimension
COCC1=CC(C)=CC(N)=C1,-10.332996,-8.241065,False,48,5,0.8,euclidean,random,StandardScaler_per_sample_dimension
COCC1=CC(N)=CC(C)=C1,-10.252599,-8.421472,False,48,5,0.8,euclidean,random,StandardScaler_per_sample_dimension
CCOCC1=CC(C)=CC(N)=C1,-10.613038,-8.110178,False,48,5,0.8,euclidean,random,StandardScaler_per_sample_dimension
CCOCC1=CC(N)=CC(C)=C1,-10.771155,-7.5839577,False,48,5,0.8,euclidean,random,StandardScaler_per_sample_dimension
COC(=O)C1=CC(C)=CC(N)=C1,-10.473405,-7.7677813,False,48,5,0.8,euclidean,random,StandardScaler_per_sample_dimension
COC(=O)C1=CC(N)=CC(C)=C1,-10.420018,-7.930257,False,48,5,0.8,euclidean,random,StandardScaler_per_sample_dimension
COCC1=CC(C=O)=CC(N)=C1,-10.48307,-8.289242,False,48,5,0.8,euclidean,random,StandardScaler_per_sample_dimension
COCC1=CC(N)=CC(C=O)=C1,-10.432185,-8.383101,False,48,5,0.8,euclidean,random,StandardScaler_per_sample_dimension
CCOC(=O)C1=CC(C)=CC(N)=C1,-10.357122,-8.242772,False,48,5,0.8,euclidean,random,StandardScaler_per_sample_dimension
CCOC(=O)C1=CC(N)=CC(C)=C1,-10.060221,-8.28419,False,48,5,0.8,euclidean,random,StandardScaler_per_sample_dimension
CCOCC1=CC(C=O)=CC(N)=C1,-10.063578,-8.110896,False,48,5,0.8,euclidean,random,StandardScaler_per_sample_dimension
CCOCC1=CC(N)=CC(C=O)=C1,-10.459124,-8.434317,False,48,5,0.8,euclidean,random,StandardScaler_per_sample_dimension
COC(=O)C1=CC(C=O)=CC(N)=C1,-10.546381,-7.762111,False,48,5,0.8,euclidean,random,StandardScaler_per_sample_dimension
COC(=O)C1=CC(N)=CC(C=O)=C1,-10.27771,-8.516318,False,48,5,0.8,euclidean,random,StandardScaler_per_sample_dimension
CCOC(=O)C1=CC(C=O)=CC(N)=C1,-10.291592,-8.261708,False,48,5,0.8,euclidean,random,StandardScaler_per_sample_dimension
CCOC(=O)C1=CC(N)=CC(C=O)=C1,-10.065392,-8.50458,False,48,5,0.8,euclidean,random,StandardScaler_per_sample_dimension
CCCCCCCCCNC,5.2019253,6.4763336,False,48,5,0.8,euclidean,random,StandardScaler_per_sample_dimension
CCCCCCCCCCNC,5.463845,6.4934173,False,48,5,0.8,euclidean,random,StandardScaler_per_sample_dimension
CCCCCCN(C)C,5.2385707,4.6409636,False,48,5,0.8,euclidean,random,StandardScaler_per_sample_dimension
CCOC1=CC=C(C(C)C2=CC=CC=C2)C=C1,7.6689897,9.392782,False,48,5,0.8,euclidean,random,StandardScaler_per_sample_dimension
NC(=O)CC1=CC=CC=C1,6.696612,5.321471,False,48,5,0.8,euclidean,random,StandardScaler_per_sample_dimension
NCNC=O,-13.274609,1.3598983,False,48,5,0.8,euclidean,random,StandardScaler_per_sample_dimension
CC1=CC=C(N2CC3=C(C=CC=C3)C2=O)C=C1,12.566961,3.1056488,False,48,5,0.8,euclidean,random,StandardScaler_per_sample_dimension
CC1=CC=C(N2CC3=CC=CC=C3C2=O)C=C1,12.485242,3.151373,False,48,5,0.8,euclidean,random,StandardScaler_per_sample_dimension
C=CC1=CC=C(O)C=C1,-6.0840945,15.744015,False,48,5,0.8,euclidean,random,StandardScaler_per_sample_dimension
NCCN1CC2=C(C1)C(Br)=CC=C2,15.26586,-6.482064,False,48,5,0.8,euclidean,random,StandardScaler_per_sample_dimension
NCCN1CC2=C(C=C(Br)C=C2)C1,15.878966,-7.364774,False,48,5,0.8,euclidean,random,StandardScaler_per_sample_dimension
NCCN1CC2=CC=C(Br)C=C2C1,15.057396,-6.51129,False,48,5,0.8,euclidean,random,StandardScaler_per_sample_dimension
NCCN1CC2=CC=CC(Br)=C2C1,15.33465,-5.6386247,False,48,5,0.8,euclidean,random,StandardScaler_per_sample_dimension
O=CCN1CC2=C(C1)C(Br)=CC=C2,15.830307,-7.3178554,False,48,5,0.8,euclidean,random,StandardScaler_per_sample_dimension
O=CCN1CC2=C(C=C(Br)C=C2)C1,15.727139,-6.07875,False,48,5,0.8,euclidean,random,StandardScaler_per_sample_dimension
O=CCN1CC2=CC=C(Br)C=C2C1,14.602402,-6.4192505,False,48,5,0.8,euclidean,random,StandardScaler_per_sample_dimension
O=CCN1CC2=CC=CC(Br)=C2C1,16.100512,-6.1543937,False,48,5,0.8,euclidean,random,StandardScaler_per_sample_dimension
CC(C=O)N1CC2=C(C1)C(Br)=CC=C2,14.96627,-5.5385947,False,48,5,0.8,euclidean,random,StandardScaler_per_sample_dimension
CC(C=O)N1CC2=C(C=C(Br)C=C2)C1,16.532784,-6.1052785,False,48,5,0.8,euclidean,random,StandardScaler_per_sample_dimension
CC(C=O)N1CC2=CC=C(Br)C=C2C1,15.735889,-7.1880717,False,48,5,0.8,euclidean,random,StandardScaler_per_sample_dimension
CC(C=O)N1CC2=CC=CC(Br)=C2C1,15.533433,-5.098704,False,48,5,0.8,euclidean,random,StandardScaler_per_sample_dimension
CC(CN)N1CC2=C(C1)C(Br)=CC=C2,15.131418,-6.37857,False,48,5,0.8,euclidean,random,StandardScaler_per_sample_dimension
CC(CN)N1CC2=C(C=C(Br)C=C2)C1,15.572352,-5.4976287,False,48,5,0.8,euclidean,random,StandardScaler_per_sample_dimension
CC(CN)N1CC2=CC=C(Br)C=C2C1,16.916626,-5.897318,False,48,5,0.8,euclidean,random,StandardScaler_per_sample_dimension
CC(CN)N1CC2=CC=CC(Br)=C2C1,14.2802,-6.3255672,False,48,5,0.8,euclidean,random,StandardScaler_per_sample_dimension
NC(=O)CN1CC2=C(C1)C(Br)=CC=C2,15.282383,-5.8849354,False,48,5,0.8,euclidean,random,StandardScaler_per_sample_dimension
NC(=O)CN1CC2=C(C=C(Br)C=C2)C1,16.077784,-7.0212703,False,48,5,0.8,euclidean,random,StandardScaler_per_sample_dimension
NC(=O)CN1CC2=CC=C(Br)C=C2C1,16.55029,-6.3174434,False,48,5,0.8,euclidean,random,StandardScaler_per_sample_dimension
NC(=O)CN1CC2=CC=CC(Br)=C2C1,14.762879,-5.117786,False,48,5,0.8,euclidean,random,StandardScaler_per_sample_dimension
NCCN1CC2=C(Br)C=CC=C2C1=O,16.021883,-6.956624,False,48,5,0.8,euclidean,random,StandardScaler_per_sample_dimension
NCCN1CC2=C(C1)C(Br)=C(Br)C=C2,16.762434,-4.995672,False,48,5,0.8,euclidean,random,StandardScaler_per_sample_dimension
NCCN1CC2=C(C1)C(Br)=CC(Br)=C2,14.584701,-4.8010125,False,48,5,0.8,euclidean,random,StandardScaler_per_sample_dimension
NCCN1CC2=C(C1=O)C(Br)=CC=C2,15.967843,-6.5457406,False,48,5,0.8,euclidean,random,StandardScaler_per_sample_dimension
NCCN1CC2=C(C=C(Br)C=C2)C1=O,17.330986,-6.438361,False,48,5,0.8,euclidean,random,StandardScaler_per_sample_dimension
NCCN1CC2=C(C=CC(Br)=C2)C1=O,16.402044,-5.8421,False,48,5,0.8,euclidean,random,StandardScaler_per_sample_dimension
NCCN1CC2=C(C=CC=C2Br)C1=O,14.760481,-6.3579984,False,48,5,0.8,euclidean,random,StandardScaler_per_sample_dimension
NCCN1CC2=CC(Br)=CC(Br)=C2C1,15.764713,-4.4895535,False,48,5,0.8,euclidean,random,StandardScaler_per_sample_dimension
NCCN1CC2=CC(Br)=CC=C2C1=O,15.895755,-6.058399,False,48,5,0.8,euclidean,random,StandardScaler_per_sample_dimension
NCCN1CC2=CC=C(Br)C(Br)=C2C1,16.053413,-5.889809,False,48,5,0.8,euclidean,random,StandardScaler_per_sample_dimension
NCCN1CC2=CC=C(Br)C=C2C1=O,15.101884,-5.6123633,False,48,5,0.8,euclidean,random,StandardScaler_per_sample_dimension
NCCN1CC2=CC=CC(Br)=C2C1=O,16.017878,-4.950885,False,48,5,0.8,euclidean,random,StandardScaler_per_sample_dimension
O=CCN1CC2=C(Br)C=CC=C2C1=O,14.45217,-6.369622,False,48,5,0.8,euclidean,random,StandardScaler_per_sample_dimension
O=CCN1CC2=C(C1)C(Br)=C(Br)C=C2,16.931765,-5.093107,False,48,5,0.8,euclidean,random,StandardScaler_per_sample_dimension
O=CCN1CC2=C(C1)C(Br)=CC(Br)=C2,16.906256,-5.043935,False,48,5,0.8,euclidean,random,StandardScaler_per_sample_dimension
O=CCN1CC2=C(C1=O)C(Br)=CC=C2,14.483073,-6.5095677,False,48,5,0.8,euclidean,random,StandardScaler_per_sample_dimension
O=CCN1CC2=C(C=C(Br)C=C2)C1=O,15.571763,-6.6558285,False,48,5,0.8,euclidean,random,StandardScaler_per_sample_dimension
O=CCN1CC2=C(C=CC(Br)=C2)C1=O,17.75986,-6.669954,False,48,5,0.8,euclidean,random,StandardScaler_per_sample_dimension
O=CCN1CC2=C(C=CC=C2Br)C1=O,16.003378,-7.4313917,False,48,5,0.8,euclidean,random,StandardScaler_per_sample_dimension
O=CCN1CC2=CC(Br)=CC(Br)=C2C1,16.912556,-5.038441,False,48,5,0.8,euclidean,random,StandardScaler_per_sample_dimension
O=CCN1CC2=CC(Br)=CC=C2C1=O,16.47071,-6.0914674,False,48,5,0.8,euclidean,random,StandardScaler_per_sample_dimension
O=CCN1CC2=CC=C(Br)C(Br)=C2C1,14.488346,-4.798558,False,48,5,0.8,euclidean,random,StandardScaler_per_sample_dimension
O=CCN1CC2=CC=C(Br)C=C2C1=O,16.707682,-5.0792556,False,48,5,0.8,euclidean,random,StandardScaler_per_sample_dimension
O=CCN1CC2=CC=CC(Br)=C2C1=O,16.14092,-7.147557,False,48,5,0.8,euclidean,random,StandardScaler_per_sample_dimension
CC(C(N)=O)N1CC2=C(C1)C(Br)=CC=C2,17.690449,-6.529777,False,48,5,0.8,euclidean,random,StandardScaler_per_sample_dimension
CC(C(N)=O)N1CC2=C(C=C(Br)C=C2)C1,14.840261,-6.251381,False,48,5,0.8,euclidean,random,StandardScaler_per_sample_dimension
CC(C(N)=O)N1CC2=CC=C(Br)C=C2C1,15.794755,-7.3480077,False,48,5,0.8,euclidean,random,StandardScaler_per_sample_dimension
CC(C(N)=O)N1CC2=CC=CC(Br)=C2C1,16.912289,-5.5139594,False,48,5,0.8,euclidean,random,StandardScaler_per_sample_dimension
CC(C=O)N1CC2=C(Br)C=CC=C2C1=O,15.86978,-7.5759983,False,48,5,0.8,euclidean,random,StandardScaler_per_sample_dimension
CC(C=O)N1CC2=C(C1)C(Br)=C(Br)C=C2,15.185309,-6.30888,False,48,5,0.8,euclidean,random,StandardScaler_per_sample_dimension
CC(C=O)N1CC2=C(C1=O)C(Br)=CC=C2,15.005815,-6.7331233,False,48,5,0.8,euclidean,random,StandardScaler_per_sample_dimension
CC(C=O)N1CC2=C(C=C(Br)C=C2)C1=O,15.729061,-4.8864536,False,48,5,0.8,euclidean,random,StandardScaler_per_sample_dimension
CC(C=O)N1CC2=C(C=CC=C2Br)C1=O,16.878063,-4.73236,False,48,5,0.8,euclidean,random,StandardScaler_per_sample_dimension
CC(C=O)N1CC2=CC=C(Br)C(Br)=C2C1,17.732475,-6.663512,False,48,5,0.8,euclidean,random,StandardScaler_per_sample_dimension
CC(C=O)N1CC2=CC=C(Br)C=C2C1=O,14.517367,-4.880511,False,48,5,0.8,euclidean,random,StandardScaler_per_sample_dimension
CC(C=O)N1CC2=CC=CC(Br)=C2C1=O,17.029175,-4.8618298,False,48,5,0.8,euclidean,random,StandardScaler_per_sample_dimension
CC(CN)N1CC2=C(Br)C=CC=C2C1=O,16.518587,-5.4342003,False,48,5,0.8,euclidean,random,StandardScaler_per_sample_dimension
CC(CN)N1CC2=C(C1)C(Br)=C(Br)C=C2,14.883104,-5.977311,False,48,5,0.8,euclidean,random,StandardScaler_per_sample_dimension
CC(CN)N1CC2=C(C1=O)C(Br)=CC=C2,15.656961,-4.6553097,False,48,5,0.8,euclidean,random,StandardScaler_per_sample_dimension
CC(CN)N1CC2=C(C=C(Br)C=C2)C1=O,14.786891,-5.9831533,False,48,5,0.8,euclidean,random,StandardScaler_per_sample_dimension
CC(CN)N1CC2=C(C=CC=C2Br)C1=O,16.778273,-5.061537,False,48,5,0.8,euclidean,random,StandardScaler_per_sample_dimension
CC(CN)N1CC2=CC=C(Br)C(Br)=C2C1,17.08655,-4.838079,False,48,5,0.8,euclidean,random,StandardScaler_per_sample_dimension
CC(CN)N1CC2=CC=C(Br)C=C2C1=O,16.028883,-7.47715,False,48,5,0.8,euclidean,random,StandardScaler_per_sample_dimension
CC(CN)N1CC2=CC=CC(Br)=C2C1=O,14.296091,-6.3440175,False,48,5,0.8,euclidean,random,StandardScaler_per_sample_dimension
NC(=O)CN1CC2=C(Br)C=CC=C2C1=O,16.362425,-6.1952524,False,48,5,0.8,euclidean,random,StandardScaler_per_sample_dimension
NC(=O)CN1CC2=C(C1)C(Br)=C(Br)C=C2,15.384629,-6.9719906,False,48,5,0.8,euclidean,random,StandardScaler_per_sample_dimension
NC(=O)CN1CC2=C(C1=O)C(Br)=CC=C2,16.926897,-5.543624,False,48,5,0.8,euclidean,random,StandardScaler_per_sample_dimension
NC(=O)CN1CC2=C(C=C(Br)C=C2)C1=O,15.144747,-6.1725445,False,48,5,0.8,euclidean,random,StandardScaler_per_sample_dimension
NC(=O)CN1CC2=C(C=CC=C2Br)C1=O,15.897329,-6.958272,False,48,5,0.8,euclidean,random,StandardScaler_per_sample_dimension
NC(=O)CN1CC2=CC=C(Br)C(Br)=C2C1,14.405934,-4.926637,False,48,5,0.8,euclidean,random,StandardScaler_per_sample_dimension
NC(=O)CN1CC2=CC=C(Br)C=C2C1=O,15.603845,-4.7174425,False,48,5,0.8,euclidean,random,StandardScaler_per_sample_dimension
NC(=O)CN1CC2=CC=CC(Br)=C2C1=O,15.702965,-4.752698,False,48,5,0.8,euclidean,random,StandardScaler_per_sample_dimension
NCCN1C(=O)C2=C(C1=O)C(Br)=CC=C2,16.473255,-5.427938,False,48,5,0.8,euclidean,random,StandardScaler_per_sample_dimension
NCCN1C(=O)C2=CC=CC(Br)=C2C1=O,17.689692,-6.6914134,False,48,5,0.8,euclidean,random,StandardScaler_per_sample_dimension
NCCN1CC2=C(C1=O)C(Br)=C(Br)C=C2,14.470851,-4.8082733,False,48,5,0.8,euclidean,random,StandardScaler_per_sample_dimension
NCCN1CC2=CC=C(Br)C(Br)=C2C1=O,16.703955,-5.261716,False,48,5,0.8,euclidean,random,StandardScaler_per_sample_dimension
O=CCN1C(=O)C2=C(C1=O)C(Br)=CC=C2,14.395606,-6.458027,False,48,5,0.8,euclidean,random,StandardScaler_per_sample_dimension
O=CCN1C(=O)C2=CC=CC(Br)=C2C1=O,15.940937,-6.581689,False,48,5,0.8,euclidean,random,StandardScaler_per_sample_dimension
O=CCN1CC2=C(C1=O)C(Br)=C(Br)C=C2,16.223885,-6.571485,False,48,5,0.8,euclidean,random,StandardScaler_per_sample_dimension
O=CCN1CC2=CC=C(Br)C(Br)=C2C1=O,17.621029,-6.565594,False,48,5,0.8,euclidean,random,StandardScaler_per_sample_dimension
CC(C(N)=O)N1CC2=C(C1=O)C(Br)=CC=C2,15.9263935,-7.3902216,False,48,5,0.8,euclidean,random,StandardScaler_per_sample_dimension
CC(C(N)=O)N1CC2=CC=CC(Br)=C2C1=O,16.351307,-5.939293,False,48,5,0.8,euclidean,random,StandardScaler_per_sample_dimension
COC1=CC(C=O)=CC=C1,11.042447,-20.502033,False,48,5,0.8,euclidean,random,StandardScaler_per_sample_dimension
CCCPO,-4.95096,-15.878492,False,48,5,0.8,euclidean,random,StandardScaler_per_sample_dimension
CCC[PH](=O)O,-5.0167384,-15.963645,False,48,5,0.8,euclidean,random,StandardScaler_per_sample_dimension
C=NC1=CC=CC=C1,7.386691,0.3109655,False,48,5,0.8,euclidean,random,StandardScaler_per_sample_dimension
CC=NC1=CC=CC=C1,6.9988794,0.47099766,False,48,5,0.8,euclidean,random,StandardScaler_per_sample_dimension
CCCCCCC1=CC=CC=C1,2.5588105,1.8065583,False,48,5,0.8,euclidean,random,StandardScaler_per_sample_dimension
CCl,7.2154665,-7.801982,False,48,5,0.8,euclidean,random,StandardScaler_per_sample_dimension
CCCCCCNCC1=CC=CC=C1,13.857773,16.528093,False,48,5,0.8,euclidean,random,StandardScaler_per_sample_dimension
C1=CC=C(CCNC2=CC=CC=C2)C=C1,6.1986938,5.4120326,False,48,5,0.8,euclidean,random,StandardScaler_per_sample_dimension
O=C(CC1=CC=CC=C1)NC1=CC=CC=C1,6.3085647,5.5735807,False,48,5,0.8,euclidean,random,StandardScaler_per_sample_dimension
CCCCCNCC1=CC=CC=C1,13.951587,16.147045,False,48,5,0.8,euclidean,random,StandardScaler_per_sample_dimension
CNC1=CC=C(CN)C=C1,12.819947,-5.547787,False,48,5,0.8,euclidean,random,StandardScaler_per_sample_dimension
CNC1=CC=C(C(N)=O)C=C1,12.693943,-5.3973,False,48,5,0.8,euclidean,random,StandardScaler_per_sample_dimension
CNCC1=CC=C(NC)C=C1,12.731545,-5.5510783,False,48,5,0.8,euclidean,random,StandardScaler_per_sample_dimension
CNC(=O)C1=CC=C(NC)C=C1,12.629152,-5.4044404,False,48,5,0.8,euclidean,random,StandardScaler_per_sample_dimension
O=CCC=O,4.096246,2.5998979,False,48,5,0.8,euclidean,random,StandardScaler_per_sample_dimension
CCCOC(=O)C1=CC=CC=C1,1.5004647,13.929621,False,48,5,0.8,euclidean,random,StandardScaler_per_sample_dimension
CC1=CC=C(OPC2=CC=CC=C2)C=C1,4.9347906,-11.0,False,48,5,0.8,euclidean,random,StandardScaler_per_sample_dimension
CC1=CC=C(N2CC3=C(C=CC=C3)C2)C=C1,12.685861,2.6345937,False,48,5,0.8,euclidean,random,StandardScaler_per_sample_dimension
CC1=CC=C(N2CC3=CC=CC=C3C2)C=C1,12.583155,2.7078156,False,48,5,0.8,euclidean,random,StandardScaler_per_sample_dimension
CC1=CC=C(O[PH](=O)C2=CC=CC=C2)C=C1,4.987833,-10.916755,False,48,5,0.8,euclidean,random,StandardScaler_per_sample_dimension
CC1=CC=C(OPN)C=C1,11.679159,-11.552273,False,48,5,0.8,euclidean,random,StandardScaler_per_sample_dimension
CC1=CC=C(O[PH](N)=O)C=C1,11.799477,-11.718599,False,48,5,0.8,euclidean,random,StandardScaler_per_sample_dimension
NCCN1CC2=C(Br)C=CC(Br)=C2C1,-17.691418,-8.018744,False,48,5,0.8,euclidean,random,StandardScaler_per_sample_dimension
NCCN1CC2=C(C1)C(Br)=CC=C2Br,-17.797205,-8.158105,False,48,5,0.8,euclidean,random,StandardScaler_per_sample_dimension
NCCN1CC2=C(C=C(Br)C(Br)=C2)C1,-17.68158,-8.050363,False,48,5,0.8,euclidean,random,StandardScaler_per_sample_dimension
NCCN1CC2=CC(Br)=C(Br)C=C2C1,-17.46499,-7.838482,False,48,5,0.8,euclidean,random,StandardScaler_per_sample_dimension
O=CCN1CC2=C(Br)C=CC(Br)=C2C1,-17.634136,-8.01887,False,48,5,0.8,euclidean,random,StandardScaler_per_sample_dimension
O=CCN1CC2=C(C1)C(Br)=CC=C2Br,-17.628729,-8.005579,False,48,5,0.8,euclidean,random,StandardScaler_per_sample_dimension
O=CCN1CC2=C(C=C(Br)C(Br)=C2)C1,-17.701094,-7.975719,False,48,5,0.8,euclidean,random,StandardScaler_per_sample_dimension
O=CCN1CC2=CC(Br)=C(Br)C=C2C1,-17.569118,-7.9812107,False,48,5,0.8,euclidean,random,StandardScaler_per_sample_dimension
CC1=CC=C(OPNC2=CC=CC=C2)C=C1,11.861784,-11.730425,False,48,5,0.8,euclidean,random,StandardScaler_per_sample_dimension
CC1=CC=C(O[PH](=O)NC2=CC=CC=C2)C=C1,11.949538,-11.560968,False,48,5,0.8,euclidean,random,StandardScaler_per_sample_dimension
CC1=CC(C(C)C)=CC=C1,10.236632,8.594764,False,48,5,0.8,euclidean,random,StandardScaler_per_sample_dimension
CC1=CC=CC(C(C)C)=C1,10.126032,8.500962,False,48,5,0.8,euclidean,random,StandardScaler_per_sample_dimension
CCNC(=O)CCCCC=O,2.6429677,0.25835165,False,48,5,0.8,euclidean,random,StandardScaler_per_sample_dimension
CCCNCCCCCC=O,2.6491315,0.25247443,False,48,5,0.8,euclidean,random,StandardScaler_per_sample_dimension
CCCNC(=O)CCCCC=O,2.731321,0.3308411,False,48,5,0.8,euclidean,random,StandardScaler_per_sample_dimension
CCCCCCCNC(C)=O,5.036525,9.392128,False,48,5,0.8,euclidean,random,StandardScaler_per_sample_dimension
CCCC1=CC(C)=CC=C1,10.271055,8.394995,False,48,5,0.8,euclidean,random,StandardScaler_per_sample_dimension
CCCC1=CC=CC(C)=C1,9.844714,8.03901,False,48,5,0.8,euclidean,random,StandardScaler_per_sample_dimension
C/C=C/C1=CC=C(O)C=C1,-4.6846323,24.219463,False,48,5,0.8,euclidean,random,StandardScaler_per_sample_dimension
C/C=C/C1=CC=CC(O)=C1,-4.598506,24.289703,False,48,5,0.8,euclidean,random,StandardScaler_per_sample_dimension
C/C=C/C1=CC=C(O)C(O)=C1,-4.519432,24.328148,False,48,5,0.8,euclidean,random,StandardScaler_per_sample_dimension
CC/C=C/C1=CC=C(O)C=C1,-4.5852942,24.403145,False,48,5,0.8,euclidean,random,StandardScaler_per_sample_dimension
CC/C=C/C1=CC=CC(O)=C1,-4.567998,24.200342,False,48,5,0.8,euclidean,random,StandardScaler_per_sample_dimension
CC/C=C/C1=CC=C(O)C(O)=C1,-4.377015,24.080944,False,48,5,0.8,euclidean,random,StandardScaler_per_sample_dimension
C/C=C/C1=CC=CC(OC)=C1,-4.833486,24.470701,False,48,5,0.8,euclidean,random,StandardScaler_per_sample_dimension
C/C=C/C1=CC=C(O)C(OC)=C1,-4.4784937,24.188913,False,48,5,0.8,euclidean,random,StandardScaler_per_sample_dimension
CC/C=C/C1=CC=CC(OC)=C1,-4.425387,24.295847,False,48,5,0.8,euclidean,random,StandardScaler_per_sample_dimension
CC/C=C/C1=CC=C(O)C(OC)=C1,-4.6811175,24.307655,False,48,5,0.8,euclidean,random,StandardScaler_per_sample_dimension
C1=CNC=N1,9.652199,-8.489415,False,48,5,0.8,euclidean,random,StandardScaler_per_sample_dimension
C1=CC=C(C2=NC=CN2)C=C1,9.641789,-8.420957,False,48,5,0.8,euclidean,random,StandardScaler_per_sample_dimension
C=CC1=CC=CC(O)=C1,-5.757865,15.476721,False,48,5,0.8,euclidean,random,StandardScaler_per_sample_dimension
C=CC1=CC=C(O)C(O)=C1,-6.130957,15.88486,False,48,5,0.8,euclidean,random,StandardScaler_per_sample_dimension
O=CC1=CC(OC2=CC=CC=C2)=CC=C1,11.040928,-20.637762,False,48,5,0.8,euclidean,random,StandardScaler_per_sample_dimension
O=CC1=CC=CC(OC2=CC=CC=C2)=C1,10.972824,-20.564573,False,48,5,0.8,euclidean,random,StandardScaler_per_sample_dimension
C=CC1=CC=CC(OC)=C1,-6.242038,14.579182,False,48,5,0.8,euclidean,random,StandardScaler_per_sample_dimension
C=CC1=CC=C(O)C(OC)=C1,-5.6851473,15.438918,False,48,5,0.8,euclidean,random,StandardScaler_per_sample_dimension
CC1=CC(P)=CC=C1,18.91275,2.481322,False,48,5,0.8,euclidean,random,StandardScaler_per_sample_dimension
CC1=CC=CC(P)=C1,19.02915,2.2358825,False,48,5,0.8,euclidean,random,StandardScaler_per_sample_dimension
CC1=CC(P=O)=CC=C1,18.937035,2.3145664,False,48,5,0.8,euclidean,random,StandardScaler_per_sample_dimension
CC1=CC=CC(P=O)=C1,18.954502,2.1835055,False,48,5,0.8,euclidean,random,StandardScaler_per_sample_dimension
C=CC=O,20.411562,9.052728,False,48,5,0.8,euclidean,random,StandardScaler_per_sample_dimension
CCCOC(=O)CC,0.5021937,2.617142,False,48,5,0.8,euclidean,random,StandardScaler_per_sample_dimension
O=COC1=CC=C(O)C=C1,9.558727,-11.029077,False,48,5,0.8,euclidean,random,StandardScaler_per_sample_dimension
CCNC1=CC(N)=CC=C1,17.274887,12.373946,False,48,5,0.8,euclidean,random,StandardScaler_per_sample_dimension
CCNC1=CC=CC(N)=C1,17.340567,12.438561,False,48,5,0.8,euclidean,random,StandardScaler_per_sample_dimension
NC1=CC(NC=O)=CC=C1,17.337337,12.353036,False,48,5,0.8,euclidean,random,StandardScaler_per_sample_dimension
NC1=CC=CC(NC=O)=C1,17.436884,12.463259,False,48,5,0.8,euclidean,random,StandardScaler_per_sample_dimension
CC(=O)NC1=CC(N)=CC=C1,17.32272,12.429426,False,48,5,0.8,euclidean,random,StandardScaler_per_sample_dimension
CC(=O)NC1=CC=CC(N)=C1,17.381182,12.41373,False,48,5,0.8,euclidean,random,StandardScaler_per_sample_dimension
COCC1=CC=C(N)C=C1,-9.39937,3.3245726,False,48,5,0.8,euclidean,random,StandardScaler_per_sample_dimension
CC1=CC(CNC2=CC(C)=CC=C2)=CC=C1,8.45355,-9.577854,False,48,5,0.8,euclidean,random,StandardScaler_per_sample_dimension
CC1=CC(CNC2=CC=CC(C)=C2)=CC=C1,8.3963995,-9.533006,False,48,5,0.8,euclidean,random,StandardScaler_per_sample_dimension
CC1=CC=CC(CNC2=CC=CC(C)=C2)=C1,8.38858,-9.581211,False,48,5,0.8,euclidean,random,StandardScaler_per_sample_dimension
CC1=CC(NC(=O)C2=CC=CC(C)=C2)=CC=C1,8.349065,-9.608121,False,48,5,0.8,euclidean,random,StandardScaler_per_sample_dimension
CC1=CC=CC(NC(=O)C2=CC=CC(C)=C2)=C1,8.288581,-9.512732,False,48,5,0.8,euclidean,random,StandardScaler_per_sample_dimension
OCCOP,-6.1012583,-8.679461,False,48,5,0.8,euclidean,random,StandardScaler_per_sample_dimension
O=POCCO,-5.785459,-7.998564,False,48,5,0.8,euclidean,random,StandardScaler_per_sample_dimension
CCCCOC=O,3.1190798,13.642424,False,48,5,0.8,euclidean,random,StandardScaler_per_sample_dimension
NC1=CC=C(CNC2=CC=CC=C2)C=C1,12.284326,-5.3650894,False,48,5,0.8,euclidean,random,StandardScaler_per_sample_dimension
NC1=CC=C(C(=O)NC2=CC=CC=C2)C=C1,12.23556,-5.4027457,False,48,5,0.8,euclidean,random,StandardScaler_per_sample_dimension
OC1=CC=C(C(CF)C(F)F)C=C1,-9.562608,21.305681,False,48,5,0.8,euclidean,random,StandardScaler_per_sample_dimension
CC(CF)C1=CC=C(O)C=C1,-9.755801,21.440504,False,48,5,0.8,euclidean,random,StandardScaler_per_sample_dimension
CC(C1=CC=C(O)C=C1)C(F)F,-9.7465725,21.419817,False,48,5,0.8,euclidean,random,StandardScaler_per_sample_dimension
OC1=CC=C(C(CF)CF)C=C1,-10.001454,21.541033,False,48,5,0.8,euclidean,random,StandardScaler_per_sample_dimension
OC1=CC=C(CCF)C=C1,-10.018096,21.443398,False,48,5,0.8,euclidean,random,StandardScaler_per_sample_dimension
OC1=CC=C(CC(F)F)C=C1,-10.127347,21.645365,False,48,5,0.8,euclidean,random,StandardScaler_per_sample_dimension
OC1=CC=C(C(CF)C2=CC=CC=C2)C=C1,-10.201609,21.704048,False,48,5,0.8,euclidean,random,StandardScaler_per_sample_dimension
CC(CF)(C1=CC=CC=C1)C1=CC=C(O)C=C1,-10.228205,21.590427,False,48,5,0.8,euclidean,random,StandardScaler_per_sample_dimension
OC1=CC=C(C(C2=CC=CC=C2)C(F)F)C=C1,-10.174635,21.671364,False,48,5,0.8,euclidean,random,StandardScaler_per_sample_dimension
CC(C1=CC=C(O)C=C1)C(F)(F)F,-10.289416,21.653694,False,48,5,0.8,euclidean,random,StandardScaler_per_sample_dimension
CCCCCCCCNC=O,4.950298,7.427193,False,48,5,0.8,euclidean,random,StandardScaler_per_sample_dimension
CCC1=CC=C(CC)C=C1,-2.5451627,1.7917354,False,48,5,0.8,euclidean,random,StandardScaler_per_sample_dimension
CC1=CC=C(C(C)C)C=C1,-2.2972674,1.8991749,False,48,5,0.8,euclidean,random,StandardScaler_per_sample_dimension
CC(C)CCCN,6.102605,1.122427,False,48,5,0.8,euclidean,random,StandardScaler_per_sample_dimension
OC1=CC=C(CC(F)(F)F)C=C1,0.12282276,5.4939756,False,48,5,0.8,euclidean,random,StandardScaler_per_sample_dimension
NC1=NC=NC=N1,9.371449,11.834014,False,48,5,0.8,euclidean,random,StandardScaler_per_sample_dimension
CNCC1=CC(CC2=CC=CC=C2)=CC=C1,26.98523,6.814899,False,48,5,0.8,euclidean,random,StandardScaler_per_sample_dimension
CNCC1=CC=CC(CC2=CC=CC=C2)=C1,27.06698,6.768065,False,48,5,0.8,euclidean,random,StandardScaler_per_sample_dimension
CC1=CC(PC2=CC=CC=C2)=CC=C1,-6.6162477,-5.66898,False,48,5,0.8,euclidean,random,StandardScaler_per_sample_dimension
CC1=CC([PH](=O)C2=CC=CC=C2)=CC=C1,-6.3897696,-5.70676,False,48,5,0.8,euclidean,random,StandardScaler_per_sample_dimension
CC1=CC(N2CC3=C(C=CC=C3)C2=O)=CC=C1,21.811798,-6.7300596,False,48,5,0.8,euclidean,random,StandardScaler_per_sample_dimension
CC1=CC(N2CC3=CC=CC=C3C2=O)=CC=C1,21.857414,-6.96857,False,48,5,0.8,euclidean,random,StandardScaler_per_sample_dimension
CC1=CC=CC(N2CC3=C(C=CC=C3)C2=O)=C1,21.829378,-6.9659624,False,48,5,0.8,euclidean,random,StandardScaler_per_sample_dimension
CC1=CC=CC(N2CC3=CC=CC=C3C2=O)=C1,21.822136,-7.0524325,False,48,5,0.8,euclidean,random,StandardScaler_per_sample_dimension
COC(C)C,8.273308,-4.3828564,False,48,5,0.8,euclidean,random,StandardScaler_per_sample_dimension
C=CCCCC=O,-8.039101,5.147224,False,48,5,0.8,euclidean,random,StandardScaler_per_sample_dimension
CCC1=CC=C(NC)C=C1,-9.892856,-5.7509117,False,48,5,0.8,euclidean,random,StandardScaler_per_sample_dimension
NCCCC1=CC=CC=C1,7.528696,4.2165356,False,48,5,0.8,euclidean,random,StandardScaler_per_sample_dimension
NC(=O)CCC1=CC=CC=C1,7.534353,3.993232,False,48,5,0.8,euclidean,random,StandardScaler_per_sample_dimension
CC1CCC(C)CC1,2.2557795,0.29229882,False,48,5,0.8,euclidean,random,StandardScaler_per_sample_dimension
NCC1=CC(CC2=CC=CC=C2)=CC=C1,27.20443,7.0923395,False,48,5,0.8,euclidean,random,StandardScaler_per_sample_dimension
NCC1=CC=CC(CC2=CC=CC=C2)=C1,27.050537,7.0613427,False,48,5,0.8,euclidean,random,StandardScaler_per_sample_dimension
NC1=CC=C(CC2=CC=CC=C2)C=C1,-10.074999,-5.7606783,False,48,5,0.8,euclidean,random,StandardScaler_per_sample_dimension
CCCOCCO,8.108545,-4.934811,False,48,5,0.8,euclidean,random,StandardScaler_per_sample_dimension
CCOCC1=CC(NC)=CC=C1,17.535036,-0.04695789,False,48,5,0.8,euclidean,random,StandardScaler_per_sample_dimension
CCOC(=O)C1=CC(NC)=CC=C1,17.963112,-0.8373795,False,48,5,0.8,euclidean,random,StandardScaler_per_sample_dimension
CCOCC1=CC(NC=O)=CC=C1,18.239393,0.086809546,False,48,5,0.8,euclidean,random,StandardScaler_per_sample_dimension
CCOC(=O)C1=CC(NC=O)=CC=C1,17.825935,0.2403426,False,48,5,0.8,euclidean,random,StandardScaler_per_sample_dimension
CNCC1=CC=CC(O)=C1,-0.6763284,14.399953,False,48,5,0.8,euclidean,random,StandardScaler_per_sample_dimension
C(=N/C1=CC=CC=C1)\C1=CC=CC=C1,7.1832438,0.49553734,False,48,5,0.8,euclidean,random,StandardScaler_per_sample_dimension
C(=NC1=CC=CC=C1)C1=CC=CC=C1,7.0545897,0.6810903,False,48,5,0.8,euclidean,random,StandardScaler_per_sample_dimension
NCCO,10.573678,12.19584,False,48,5,0.8,euclidean,random,StandardScaler_per_sample_dimension
CCCP(O)C1=CC=CC=C1,-5.0005174,-15.983695,False,48,5,0.8,euclidean,random,StandardScaler_per_sample_dimension
CCCP(=O)(O)C1=CC=CC=C1,-4.839364,-15.834663,False,48,5,0.8,euclidean,random,StandardScaler_per_sample_dimension
OCC1=CC(NCC2=CC=CC=C2)=CC=C1,-19.921541,1.3161147,False,48,5,0.8,euclidean,random,StandardScaler_per_sample_dimension
COCC1=CC(NCC2=CC=CC=C2)=CC=C1,-19.99121,1.5969503,False,48,5,0.8,euclidean,random,StandardScaler_per_sample_dimension
O=C(NC1=CC=CC(CO)=C1)C1=CC=CC=C1,-19.79212,1.5353918,False,48,5,0.8,euclidean,random,StandardScaler_per_sample_dimension
O=C(O)C1=CC(NCC2=CC=CC=C2)=CC=C1,-19.876904,1.3639084,False,48,5,0.8,euclidean,random,StandardScaler_per_sample_dimension
NCCCCCN,31.341118,12.488807,False,48,5,0.8,euclidean,random,StandardScaler_per_sample_dimension
CCC(=O)OCCO,8.270626,-5.355733,False,48,5,0.8,euclidean,random,StandardScaler_per_sample_dimension
CCCC(=O)OCC,1.3664553,2.1531534,False,48,5,0.8,euclidean,random,StandardScaler_per_sample_dimension
OCC1=CC=C(O)C=C1,-0.99406284,4.0893307,False,48,5,0.8,euclidean,random,StandardScaler_per_sample_dimension
COCC1=CC=C(O)C=C1,-0.89903575,4.179777,False,48,5,0.8,euclidean,random,StandardScaler_per_sample_dimension
CCOCC1=CC=C(O)C=C1,-0.8020991,4.25455,False,48,5,0.8,euclidean,random,StandardScaler_per_sample_dimension
CC1=CC(N2CC3=C(C=CC=C3)C2)=CC=C1,21.050777,-6.984743,False,48,5,0.8,euclidean,random,StandardScaler_per_sample_dimension
CC1=CC(N2CC3=CC=CC=C3C2)=CC=C1,21.089499,-7.1839585,False,48,5,0.8,euclidean,random,StandardScaler_per_sample_dimension
CC1=CC=CC(N2CC3=C(C=CC=C3)C2)=C1,21.332018,-7.256816,False,48,5,0.8,euclidean,random,StandardScaler_per_sample_dimension
CC1=CC=CC(N2CC3=CC=CC=C3C2)=C1,21.000952,-6.6639543,False,48,5,0.8,euclidean,random,StandardScaler_per_sample_dimension
CC1=CC=C(CNC2=CC(C)=CC=C2)C=C1,5.7342486,-4.140922,False,48,5,0.8,euclidean,random,StandardScaler_per_sample_dimension
CC1=CC=C(CNC2=CC=CC(C)=C2)C=C1,5.8979177,-3.957456,False,48,5,0.8,euclidean,random,StandardScaler_per_sample_dimension
NCC1=CC=C(CNC2=CC=CC=C2)C=C1,15.608205,15.383699,False,48,5,0.8,euclidean,random,StandardScaler_per_sample_dimension
CC1=CC=C(C(=O)NC2=CC(C)=CC=C2)C=C1,6.0089617,-3.9617896,False,48,5,0.8,euclidean,random,StandardScaler_per_sample_dimension
CC1=CC=C(C(=O)NC2=CC=CC(C)=C2)C=C1,5.9160967,-4.0244074,False,48,5,0.8,euclidean,random,StandardScaler_per_sample_dimension
NC1=C(O)C=CC=C1,25.821545,8.775709,False,48,5,0.8,euclidean,random,StandardScaler_per_sample_dimension
NC1=CC=CC=C1O,25.608585,8.620514,False,48,5,0.8,euclidean,random,StandardScaler_per_sample_dimension
COC1=CC=C(S)C=C1,-17.282999,1.1413225,False,48,5,0.8,euclidean,random,StandardScaler_per_sample_dimension
NCC1=CC=CC(O)=C1,-0.73623306,14.455321,False,48,5,0.8,euclidean,random,StandardScaler_per_sample_dimension
COC1=CC=C(SC2=CC=CC=C2)C=C1,-17.393133,1.2766392,False,48,5,0.8,euclidean,random,StandardScaler_per_sample_dimension
C1=CC=C(CCCNC2=CC=CC=C2)C=C1,8.578383,3.8576117,False,48,5,0.8,euclidean,random,StandardScaler_per_sample_dimension
O=C(CCC1=CC=CC=C1)NC1=CC=CC=C1,8.569393,3.8536873,False,48,5,0.8,euclidean,random,StandardScaler_per_sample_dimension
NC1=CC=C(C(=O)O)C=C1,-9.6870985,3.5413716,False,48,5,0.8,euclidean,random,StandardScaler_per_sample_dimension
CC1=C(CO)C=CC=C1,0.545078,25.764553,False,48,5,0.8,euclidean,random,StandardScaler_per_sample_dimension
CC1=CC=CC=C1CO,0.49309936,25.710585,False,48,5,0.8,euclidean,random,StandardScaler_per_sample_dimension
CC1=C(C(=O)O)C=CC=C1,0.64435446,25.869032,False,48,5,0.8,euclidean,random,StandardScaler_per_sample_dimension
CC1=CC=CC=C1C(=O)O,0.64150596,25.834835,False,48,5,0.8,euclidean,random,StandardScaler_per_sample_dimension
O=CC1=C(CO)C=CC=C1,0.62502074,25.662584,False,48,5,0.8,euclidean,random,StandardScaler_per_sample_dimension
O=CC1=CC=CC=C1CO,0.59478277,25.77892,False,48,5,0.8,euclidean,random,StandardScaler_per_sample_dimension
CC1=CC=C(NCC2=CC=C(C=O)C=C2)C=C1,12.639148,1.6830653,False,48,5,0.8,euclidean,random,StandardScaler_per_sample_dimension
O=CCCPO,6.3824987,-2.7630486,False,48,5,0.8,euclidean,random,StandardScaler_per_sample_dimension
O=CCC[PH](=O)O,6.533087,-2.895959,False,48,5,0.8,euclidean,random,StandardScaler_per_sample_dimension
CCCCOC(C)=O,3.0829666,13.656386,False,48,5,0.8,euclidean,random,StandardScaler_per_sample_dimension
CCP(OC)C1=CC=CC=C1,5.3930984,18.803528,False,48,5,0.8,euclidean,random,StandardScaler_per_sample_dimension
CCP(=O)(OC)C1=CC=CC=C1,5.41502,18.810308,False,48,5,0.8,euclidean,random,StandardScaler_per_sample_dimension
O=CCCP(O)C1=CC=CC=C1,6.4282184,-2.797488,False,48,5,0.8,euclidean,random,StandardScaler_per_sample_dimension
O=CCCP(=O)(O)C1=CC=CC=C1,6.2820945,-2.7719738,False,48,5,0.8,euclidean,random,StandardScaler_per_sample_dimension
NCC1=CC=C(CN)C=C1,-10.621888,13.5274,False,48,5,0.8,euclidean,random,StandardScaler_per_sample_dimension
NC1=CC(COCCO)=CC=C1,-10.946063,-15.926048,False,48,5,0.8,euclidean,random,StandardScaler_per_sample_dimension
NC1=CC=CC(COCCO)=C1,-10.885823,-15.814216,False,48,5,0.8,euclidean,random,StandardScaler_per_sample_dimension
NC1=CC(C(=O)OCCO)=CC=C1,-11.135335,-15.818331,False,48,5,0.8,euclidean,random,StandardScaler_per_sample_dimension
NC1=CC=CC(C(=O)OCCO)=C1,-11.148501,-15.627982,False,48,5,0.8,euclidean,random,StandardScaler_per_sample_dimension
CCCCCCCCCCC,5.9244604,7.595837,False,48,5,0.8,euclidean,random,StandardScaler_per_sample_dimension
CCCCCCCN(C)C,7.63702,7.770162,False,48,5,0.8,euclidean,random,StandardScaler_per_sample_dimension
CCCNCCCCCCN,3.2785184,-0.79464954,False,48,5,0.8,euclidean,random,StandardScaler_per_sample_dimension
CNC1=NC=NC=N1,-7.323684,2.654911,False,48,5,0.8,euclidean,random,StandardScaler_per_sample_dimension
CCNCCCCCN,31.28044,12.425053,False,48,5,0.8,euclidean,random,StandardScaler_per_sample_dimension
CCCCNC1=CC(C=O)=CC=C1,-3.4558418,-7.532912,False,48,5,0.8,euclidean,random,StandardScaler_per_sample_dimension
CCCCNC1=CC=CC(C=O)=C1,-3.4604433,-7.5422564,False,48,5,0.8,euclidean,random,StandardScaler_per_sample_dimension
CC(C)CCC(N)=O,6.2614646,1.1960951,False,48,5,0.8,euclidean,random,StandardScaler_per_sample_dimension
CNCCCCCN,31.423132,12.567069,False,48,5,0.8,euclidean,random,StandardScaler_per_sample_dimension
NC1=CC=C([SH]=O)C=C1,18.095503,17.0244,False,48,5,0.8,euclidean,random,StandardScaler_per_sample_dimension
OC1=C(Br)C=CC=C1,-15.496653,10.386736,False,48,5,0.8,euclidean,random,StandardScaler_per_sample_dimension
OC1=CC=CC=C1Br,-15.657203,10.242435,False,48,5,0.8,euclidean,random,StandardScaler_per_sample_dimension
CCC(C)CC(=O)NC1=CC=CC=C1,-7.4954047,4.0825224,False,48,5,0.8,euclidean,random,StandardScaler_per_sample_dimension
CCC(C)CCNC1=CC=CC=C1,-7.3926244,4.103236,False,48,5,0.8,euclidean,random,StandardScaler_per_sample_dimension
CCC1=CC=C(OPC2=CC=CC=C2)C=C1,-18.032042,-2.48666,False,48,5,0.8,euclidean,random,StandardScaler_per_sample_dimension
CCC1=CC=C(O[PH](=O)C2=CC=CC=C2)C=C1,-17.979788,-2.5520148,False,48,5,0.8,euclidean,random,StandardScaler_per_sample_dimension
CCOCC(C)C,17.71386,-2.7397165,False,48,5,0.8,euclidean,random,StandardScaler_per_sample_dimension
CCC1=CC=C(NC=O)C=C1,-9.684586,-6.0389786,False,48,5,0.8,euclidean,random,StandardScaler_per_sample_dimension
CCC(=O)NCCCCCCN,3.2699215,-0.8627739,False,48,5,0.8,euclidean,random,StandardScaler_per_sample_dimension
CNC1=CC(PC2=CC(N)=CC=C2)=CC=C1,-21.000586,17.00204,False,48,5,0.8,euclidean,random,StandardScaler_per_sample_dimension
CNC1=CC=CC(PC2=CC=CC(N)=C2)=C1,-21.077143,17.020836,False,48,5,0.8,euclidean,random,StandardScaler_per_sample_dimension
CNC1=CC(P(C)C2=CC(N)=CC=C2)=CC=C1,-20.92573,16.924015,False,48,5,0.8,euclidean,random,StandardScaler_per_sample_dimension
CNC1=CC([PH](=O)C2=CC(N)=CC=C2)=CC=C1,-20.005865,15.840039,False,48,5,0.8,euclidean,random,StandardScaler_per_sample_dimension
CNC1=CC=CC([PH](=O)C2=CC=CC(N)=C2)=C1,-20.880407,16.848404,False,48,5,0.8,euclidean,random,StandardScaler_per_sample_dimension
NC1=CC(PC2=CC(NC=O)=CC=C2)=CC=C1,-20.967508,16.952932,False,48,5,0.8,euclidean,random,StandardScaler_per_sample_dimension
NC1=CC=CC(PC2=CC=CC(NC=O)=C2)=C1,-21.093985,17.097544,False,48,5,0.8,euclidean,random,StandardScaler_per_sample_dimension
CCOP(C)O,-14.710446,6.304991,False,48,5,0.8,euclidean,random,StandardScaler_per_sample_dimension
CCOP(C)(=O)O,-14.605263,6.247949,False,48,5,0.8,euclidean,random,StandardScaler_per_sample_dimension
CCOP(C)OC,-14.687872,6.4218493,False,48,5,0.8,euclidean,random,StandardScaler_per_sample_dimension
CCOP(C)(=O)OC,-14.487988,6.231957,False,48,5,0.8,euclidean,random,StandardScaler_per_sample_dimension
O=CCCCCCCC=O,2.1528015,-0.48624107,False,48,5,0.8,euclidean,random,StandardScaler_per_sample_dimension
NC1=CC=C(S)C=C1,18.25368,16.925808,False,48,5,0.8,euclidean,random,StandardScaler_per_sample_dimension
NC1=CC=C([SH](=O)=O)C=C1,18.240376,17.129566,False,48,5,0.8,euclidean,random,StandardScaler_per_sample_dimension
NCC1=CC(C(N)=O)=CC=C1,16.159678,16.528952,False,48,5,0.8,euclidean,random,StandardScaler_per_sample_dimension
NCC1=CC=C(C(N)=O)C=C1,15.929442,15.845459,False,48,5,0.8,euclidean,random,StandardScaler_per_sample_dimension
NCC1=CC=CC(C(N)=O)=C1,16.098858,16.479658,False,48,5,0.8,euclidean,random,StandardScaler_per_sample_dimension
O=C1CCCN1C1=CC=CC=C1,-1.8033181,-0.027597584,False,48,5,0.8,euclidean,random,StandardScaler_per_sample_dimension
CCCNC1=CC=C(C)C=C1,-2.5155087,5.355281,False,48,5,0.8,euclidean,random,StandardScaler_per_sample_dimension
CCC(=O)NC1=CC=C(C)C=C1,-2.5541475,5.460853,False,48,5,0.8,euclidean,random,StandardScaler_per_sample_dimension
OC1=C(Br)C=CC=C1Br,-15.631573,10.526493,False,48,5,0.8,euclidean,random,StandardScaler_per_sample_dimension
CCCPOC,-4.865487,-16.066935,False,48,5,0.8,euclidean,random,StandardScaler_per_sample_dimension
CCC[PH](=O)OC,-5.0172253,-15.935871,False,48,5,0.8,euclidean,random,StandardScaler_per_sample_dimension
OC1=CC=C(OCC2=CC=CC=C2)C=C1,9.586901,-10.931049,False,48,5,0.8,euclidean,random,StandardScaler_per_sample_dimension
O=C(OC1=CC=C(O)C=C1)C1=CC=CC=C1,9.61133,-10.890191,False,48,5,0.8,euclidean,random,StandardScaler_per_sample_dimension
CNO,12.390789,4.0423217,False,48,5,0.8,euclidean,random,StandardScaler_per_sample_dimension
CNC1=C(O)C=CC=C1,27.668392,15.082826,False,48,5,0.8,euclidean,random,StandardScaler_per_sample_dimension
O=CNC1=C(O)C=CC=C1,27.818125,14.905139,False,48,5,0.8,euclidean,random,StandardScaler_per_sample_dimension
OC1=C(NCC2=CC=CC=C2)C=CC=C1,27.76704,14.954305,False,48,5,0.8,euclidean,random,StandardScaler_per_sample_dimension
O=C(NC1=C(O)C=CC=C1)C1=CC=CC=C1,27.606707,15.128386,False,48,5,0.8,euclidean,random,StandardScaler_per_sample_dimension
CCOCCCCO,2.5932477,13.215693,False,48,5,0.8,euclidean,random,StandardScaler_per_sample_dimension
CCCN(C)CC1=CC=CC=C1,24.323828,7.2260184,False,48,5,0.8,euclidean,random,StandardScaler_per_sample_dimension
CCCCCCNC(=O)C1=CC=CC=C1,14.066277,15.610081,False,48,5,0.8,euclidean,random,StandardScaler_per_sample_dimension
COC1=CC=C(SC2=CC=C(O)C=C2)C=C1,-17.191034,1.0476818,False,48,5,0.8,euclidean,random,StandardScaler_per_sample_dimension
NCC1=CC(CNC2=CC=CC=C2)=CC=C1,16.188173,16.713661,False,48,5,0.8,euclidean,random,StandardScaler_per_sample_dimension
NCC1=CC=CC(CNC2=CC=CC=C2)=C1,16.166506,16.608343,False,48,5,0.8,euclidean,random,StandardScaler_per_sample_dimension
NC(=O)C1=CC(CNC2=CC=CC=C2)=CC=C1,16.333408,16.781147,False,48,5,0.8,euclidean,random,StandardScaler_per_sample_dimension
NC(=O)C1=CC=C(CNC2=CC=CC=C2)C=C1,15.786225,15.596705,False,48,5,0.8,euclidean,random,StandardScaler_per_sample_dimension
NC(=O)C1=CC=CC(CNC2=CC=CC=C2)=C1,16.36302,16.783031,False,48,5,0.8,euclidean,random,StandardScaler_per_sample_dimension
NCC1=CC(C(=O)NC2=CC=CC=C2)=CC=C1,16.265026,16.75407,False,48,5,0.8,euclidean,random,StandardScaler_per_sample_dimension
NCC1=CC=C(C(=O)NC2=CC=CC=C2)C=C1,15.766166,15.520637,False,48,5,0.8,euclidean,random,StandardScaler_per_sample_dimension
NCC1=CC=CC(C(=O)NC2=CC=CC=C2)=C1,16.143976,16.619362,False,48,5,0.8,euclidean,random,StandardScaler_per_sample_dimension
COC(=O)C1=CC=C(N)C=C1,-9.517503,3.4595242,False,48,5,0.8,euclidean,random,StandardScaler_per_sample_dimension
CCCCCNC(=O)C1=CC=CC=C1,14.041223,15.815353,False,48,5,0.8,euclidean,random,StandardScaler_per_sample_dimension
CNC1=CC=C(CNC2=CC=CC=C2)C=C1,12.285512,-5.494847,False,48,5,0.8,euclidean,random,StandardScaler_per_sample_dimension
CNC1=CC=C(C(=O)NC2=CC=CC=C2)C=C1,12.251661,-5.6428547,False,48,5,0.8,euclidean,random,StandardScaler_per_sample_dimension
NO,12.2657,3.9530182,False,48,5,0.8,euclidean,random,StandardScaler_per_sample_dimension
CCPOC1=CC=CC=C1,16.063839,-3.102761,False,48,5,0.8,euclidean,random,StandardScaler_per_sample_dimension
CC[PH](=O)OC1=CC=CC=C1,16.061651,-3.0544403,False,48,5,0.8,euclidean,random,StandardScaler_per_sample_dimension
COCCOP,-5.2310824,-7.9040937,False,48,5,0.8,euclidean,random,StandardScaler_per_sample_dimension
COCCOP=O,-6.119319,-7.393483,False,48,5,0.8,euclidean,random,StandardScaler_per_sample_dimension
NC1=CC(PC2=CC(N)=CC=C2)=CC=C1,-10.680885,11.185636,False,48,5,0.8,euclidean,random,StandardScaler_per_sample_dimension
NC1=CC=CC(PC2=CC=CC(N)=C2)=C1,-10.413301,11.348295,False,48,5,0.8,euclidean,random,StandardScaler_per_sample_dimension
CP(C1=CC=CC(N)=C1)C1=CC(N)=CC=C1,-10.459747,11.257234,False,48,5,0.8,euclidean,random,StandardScaler_per_sample_dimension
NC1=CC([PH](=O)C2=CC(N)=CC=C2)=CC=C1,-10.378511,11.302912,False,48,5,0.8,euclidean,random,StandardScaler_per_sample_dimension
NC1=CC=CC([PH](=O)C2=CC=CC(N)=C2)=C1,-10.569587,11.243437,False,48,5,0.8,euclidean,random,StandardScaler_per_sample_dimension
CP(=O)(C1=CC=CC(N)=C1)C1=CC(N)=CC=C1,-10.282987,11.436645,False,48,5,0.8,euclidean,random,StandardScaler_per_sample_dimension
CC(C)C(=O)O,7.575796,-16.552351,False,48,5,0.8,euclidean,random,StandardScaler_per_sample_dimension
NCC1=CC(CN)=CC=C1,-9.516591,13.233011,False,48,5,0.8,euclidean,random,StandardScaler_per_sample_dimension
C1=CC=C(N2CCCC2)C=C1,-2.6373625,5.0279036,False,48,5,0.8,euclidean,random,StandardScaler_per_sample_dimension
CC(=O)OC1=CC=C(C)C=C1,15.65115,-1.2286513,False,48,5,0.8,euclidean,random,StandardScaler_per_sample_dimension
NC(=O)C1=CC(C(N)=O)=CC=C1,-8.972065,13.324665,False,48,5,0.8,euclidean,random,StandardScaler_per_sample_dimension
NC(=O)C1=CC=C(C(N)=O)C=C1,-9.444649,13.446823,False,48,5,0.8,euclidean,random,StandardScaler_per_sample_dimension
CC1=CC(COCCO)=CC(N)=C1,-10.895395,-15.894959,False,48,5,0.8,euclidean,random,StandardScaler_per_sample_dimension
CC1=CC(N)=CC(COCCO)=C1,-10.909415,-16.124224,False,48,5,0.8,euclidean,random,StandardScaler_per_sample_dimension
O=C1CCC(=O)N1C1=CC=CC=C1,-2.5724368,5.0349483,False,48,5,0.8,euclidean,random,StandardScaler_per_sample_dimension
CC1=CC(C(=O)OCCO)=CC(N)=C1,-11.149187,-16.107693,False,48,5,0.8,euclidean,random,StandardScaler_per_sample_dimension
CC1=CC(N)=CC(C(=O)OCCO)=C1,-10.979934,-15.706225,False,48,5,0.8,euclidean,random,StandardScaler_per_sample_dimension
NC1=CC(C=O)=CC(COCCO)=C1,-11.101629,-15.952625,False,48,5,0.8,euclidean,random,StandardScaler_per_sample_dimension
NC1=CC(COCCO)=CC(C=O)=C1,-10.790557,-15.4938135,False,48,5,0.8,euclidean,random,StandardScaler_per_sample_dimension
NC1=CC(C(=O)OCCO)=CC(C=O)=C1,-11.169219,-15.811811,False,48,5,0.8,euclidean,random,StandardScaler_per_sample_dimension
NC1=CC(C=O)=CC(C(=O)OCCO)=C1,-11.269835,-16.089653,False,48,5,0.8,euclidean,random,StandardScaler_per_sample_dimension
CCCC(C)CC=O,5.3025346,4.6521893,False,48,5,0.8,euclidean,random,StandardScaler_per_sample_dimension
CCC(C)CCC=O,4.9633083,4.43448,False,48,5,0.8,euclidean,random,StandardScaler_per_sample_dimension
CCCC(C=O)CC=O,4.7329197,4.346175,False,48,5,0.8,euclidean,random,StandardScaler_per_sample_dimension
CC1=CC(C(C)C2=CC=CC=C2)=CC=C1,10.137598,8.837999,False,48,5,0.8,euclidean,random,StandardScaler_per_sample_dimension
CC1=CC=CC(C(C)C2=CC=CC=C2)=C1,10.511186,8.910859,False,48,5,0.8,euclidean,random,StandardScaler_per_sample_dimension
CCCNCCCCCN,31.664602,12.808259,False,48,5,0.8,euclidean,random,StandardScaler_per_sample_dimension
NC1=CC=C(S(=O)C2=CC=CC=C2)C=C1,18.01252,16.960962,False,48,5,0.8,euclidean,random,StandardScaler_per_sample_dimension
C=C(C)CC,7.334626,-5.2168355,False,48,5,0.8,euclidean,random,StandardScaler_per_sample_dimension
NC1=NC(N)=NC=N1,9.357668,11.810912,False,48,5,0.8,euclidean,random,StandardScaler_per_sample_dimension
NC1=NC=NC(N)=N1,9.44186,11.887229,False,48,5,0.8,euclidean,random,StandardScaler_per_sample_dimension
CNC1=CC=C([SH]=O)C=C1,15.536144,-17.197784,False,48,5,0.8,euclidean,random,StandardScaler_per_sample_dimension
CCOC(C)C,8.081504,-5.034302,False,48,5,0.8,euclidean,random,StandardScaler_per_sample_dimension
CCCCOCCC,0.78135276,3.1108274,False,48,5,0.8,euclidean,random,StandardScaler_per_sample_dimension
CC1=CC(C(C)(C)C2=CC=CC=C2)=CC=C1,6.796002,1.998412,False,48,5,0.8,euclidean,random,StandardScaler_per_sample_dimension
CC1=CC=CC(C(C)(C)C2=CC=CC=C2)=C1,6.7994876,1.9999162,False,48,5,0.8,euclidean,random,StandardScaler_per_sample_dimension
O=CC1=CC(CC2=CC=CC=C2)=CC=C1,0.29568753,-10.175162,False,48,5,0.8,euclidean,random,StandardScaler_per_sample_dimension
O=CC1=CC=CC(CC2=CC=CC=C2)=C1,0.31275052,-10.156779,False,48,5,0.8,euclidean,random,StandardScaler_per_sample_dimension
NC1=CC=C(SC2=CC=CC=C2)C=C1,17.968794,16.901373,False,48,5,0.8,euclidean,random,StandardScaler_per_sample_dimension
NC1=CC=C(S(=O)(=O)C2=CC=CC=C2)C=C1,18.20395,17.088947,False,48,5,0.8,euclidean,random,StandardScaler_per_sample_dimension
NCNCC1=CC=CC=C1,-13.196878,1.8964616,False,48,5,0.8,euclidean,random,StandardScaler_per_sample_dimension
NCNC(=O)C1=CC=CC=C1,-13.191066,1.8615983,False,48,5,0.8,euclidean,random,StandardScaler_per_sample_dimension
CCOC1=CC=C(OCCO)C=C1,6.2682085,-6.644659,False,48,5,0.8,euclidean,random,StandardScaler_per_sample_dimension
C1=CC=C(C2=CC=CC=N2)C=C1,15.073874,9.5626745,False,48,5,0.8,euclidean,random,StandardScaler_per_sample_dimension
C1=CC=C(C2=NC=CC=C2)C=C1,15.043629,9.703258,False,48,5,0.8,euclidean,random,StandardScaler_per_sample_dimension
CNC(=O)C1=CC=CC(O)=C1,-0.62791973,15.096827,False,48,5,0.8,euclidean,random,StandardScaler_per_sample_dimension
CNCC1=CC=CC(OC)=C1,-0.77055746,14.33472,False,48,5,0.8,euclidean,random,StandardScaler_per_sample_dimension
CNC1=CC=C(S)C=C1,21.880878,13.569349,False,48,5,0.8,euclidean,random,StandardScaler_per_sample_dimension
CNC1=CC=C([SH](=O)=O)C=C1,22.828547,12.441822,False,48,5,0.8,euclidean,random,StandardScaler_per_sample_dimension
CNC1=CC=C(CC2=CC=CC=C2)C=C1,-9.868666,-5.792416,False,48,5,0.8,euclidean,random,StandardScaler_per_sample_dimension
O=CNC1=CC=C(CC2=CC=CC=C2)C=C1,-9.719609,-5.949557,False,48,5,0.8,euclidean,random,StandardScaler_per_sample_dimension
O=CC1=CC=C(NCC2=CC=CC=C2)C=C1,12.239946,1.4193214,False,48,5,0.8,euclidean,random,StandardScaler_per_sample_dimension
COC1=CC(CN)=CC=C1,-0.83859974,14.228967,False,48,5,0.8,euclidean,random,StandardScaler_per_sample_dimension
NC(=O)C1=CC=CC(O)=C1,-0.56883365,15.406636,False,48,5,0.8,euclidean,random,StandardScaler_per_sample_dimension
O=CCCCO,0.8013656,1.3407158,False,48,5,0.8,euclidean,random,StandardScaler_per_sample_dimension
CC(C=O)C=O,4.220765,2.906457,False,48,5,0.8,euclidean,random,StandardScaler_per_sample_dimension
CCOP(C)OCC,25.17084,13.428155,False,48,5,0.8,euclidean,random,StandardScaler_per_sample_dimension
CCOP(C)(=O)OCC,25.136486,13.392006,False,48,5,0.8,euclidean,random,StandardScaler_per_sample_dimension
CCOC1=CC=C(OCCOC)C=C1,6.43586,-6.8035316,False,48,5,0.8,euclidean,random,StandardScaler_per_sample_dimension
O=COCCCCO,2.8713655,13.368778,False,48,5,0.8,euclidean,random,StandardScaler_per_sample_dimension
CCCCP,-1.5286663,18.538626,False,48,5,0.8,euclidean,random,StandardScaler_per_sample_dimension
CCCCP=O,-1.6123234,18.508347,False,48,5,0.8,euclidean,random,StandardScaler_per_sample_dimension
NCC1=CC2=C(C=C1)CNC2,-8.852589,13.526655,False,48,5,0.8,euclidean,random,StandardScaler_per_sample_dimension
NCC1=CC=C2CNCC2=C1,-10.348329,13.561223,False,48,5,0.8,euclidean,random,StandardScaler_per_sample_dimension
C1=CC=C(C2=CC=NC=C2)C=C1,13.625036,9.812001,False,48,5,0.8,euclidean,random,StandardScaler_per_sample_dimension
NC(=O)C1=CC2=C(C=C1)CNC2,-9.767425,13.508582,False,48,5,0.8,euclidean,random,StandardScaler_per_sample_dimension
NC(=O)C1=CC=C2CNCC2=C1,-8.906938,13.4391985,False,48,5,0.8,euclidean,random,StandardScaler_per_sample_dimension
NCC1=CC2=C(C=C1)C(=O)NC2,-8.9693,13.418986,False,48,5,0.8,euclidean,random,StandardScaler_per_sample_dimension
NCC1=CC2=C(C=C1)CNC2=O,-10.729025,13.56954,False,48,5,0.8,euclidean,random,StandardScaler_per_sample_dimension
NCC1=CC=C2C(=O)NCC2=C1,-9.85153,13.380099,False,48,5,0.8,euclidean,random,StandardScaler_per_sample_dimension
NCC1=CC=C2CNC(=O)C2=C1,-8.681266,13.478159,False,48,5,0.8,euclidean,random,StandardScaler_per_sample_dimension
NC(=O)C1=CC2=C(C=C1)C(=O)NC2,-9.501191,13.481478,False,48,5,0.8,euclidean,random,StandardScaler_per_sample_dimension
NC(=O)C1=CC2=C(C=C1)CNC2=O,-8.652027,13.538034,False,48,5,0.8,euclidean,random,StandardScaler_per_sample_dimension
NC(=O)C1=CC=C2C(=O)NCC2=C1,-8.712309,13.5871,False,48,5,0.8,euclidean,random,StandardScaler_per_sample_dimension
NC(=O)C1=CC=C2CNC(=O)C2=C1,-10.667061,13.573383,False,48,5,0.8,euclidean,random,StandardScaler_per_sample_dimension
NCC1=CC2=C(C=C1)C(=O)NC2=O,-9.921005,13.551688,False,48,5,0.8,euclidean,random,StandardScaler_per_sample_dimension
NCC1=CC=C2C(=O)NC(=O)C2=C1,-10.527795,13.397002,False,48,5,0.8,euclidean,random,StandardScaler_per_sample_dimension
NC(=O)C1=CC2=C(C=C1)C(=O)NC2=O,-10.553655,13.563768,False,48,5,0.8,euclidean,random,StandardScaler_per_sample_dimension
NC(=O)C1=CC=C2C(=O)NC(=O)C2=C1,-10.644565,13.666298,False,48,5,0.8,euclidean,random,StandardScaler_per_sample_dimension
OCCOC1=CC=C(OCCO)C=C1,6.368771,-6.720826,False,48,5,0.8,euclidean,random,StandardScaler_per_sample_dimension
CNC1=NC(N)=NC=N1,10.005355,19.704866,False,48,5,0.8,euclidean,random,StandardScaler_per_sample_dimension
CNC1=NC=NC(N)=N1,9.92498,19.751368,False,48,5,0.8,euclidean,random,StandardScaler_per_sample_dimension
CCNCCC(C)C,10.156854,6.708506,False,48,5,0.8,euclidean,random,StandardScaler_per_sample_dimension
CCCCCCCNCCC,16.637709,4.6395693,False,48,5,0.8,euclidean,random,StandardScaler_per_sample_dimension
CNC1=NC(NC)=NC=N1,10.030614,19.624771,False,48,5,0.8,euclidean,random,StandardScaler_per_sample_dimension
CNC1=NC=NC(NC)=N1,9.778185,19.557758,False,48,5,0.8,euclidean,random,StandardScaler_per_sample_dimension
CCCCCCCCNCCC,16.421402,4.8373413,False,48,5,0.8,euclidean,random,StandardScaler_per_sample_dimension
CCCCNCCCCCN,31.442204,12.583942,False,48,5,0.8,euclidean,random,StandardScaler_per_sample_dimension
CCCCCCCCCCCC,-0.06643796,-2.6272943,False,48,5,0.8,euclidean,random,StandardScaler_per_sample_dimension
CCCCNCCCCCC=O,5.69135,-1.7587403,False,48,5,0.8,euclidean,random,StandardScaler_per_sample_dimension
CCNC1=NC=NC=N1,10.536895,11.672151,False,48,5,0.8,euclidean,random,StandardScaler_per_sample_dimension
CCNCC(C)C,3.163811,-5.1600895,False,48,5,0.8,euclidean,random,StandardScaler_per_sample_dimension
CCCCNC(=O)CCCCC=O,5.5464835,-1.8286386,False,48,5,0.8,euclidean,random,StandardScaler_per_sample_dimension
C=C(C)CCC,7.2365913,-5.337176,False,48,5,0.8,euclidean,random,StandardScaler_per_sample_dimension
CNC1=CC=C(S(=O)C2=CC=CC=C2)C=C1,15.620431,-17.292332,False,48,5,0.8,euclidean,random,StandardScaler_per_sample_dimension
CNCCO,9.31376,12.079669,False,48,5,0.8,euclidean,random,StandardScaler_per_sample_dimension
CC(C)OC=O,8.6787195,-3.7764192,False,48,5,0.8,euclidean,random,StandardScaler_per_sample_dimension
O=COCC1=CC=CC=C1,25.976665,2.5873008,False,48,5,0.8,euclidean,random,StandardScaler_per_sample_dimension
CCCNC1=CC=C(O)C=C1,3.3558784,3.6403627,False,48,5,0.8,euclidean,random,StandardScaler_per_sample_dimension
CCC(=O)NC1=CC=C(O)C=C1,3.363715,3.4911497,False,48,5,0.8,euclidean,random,StandardScaler_per_sample_dimension
COC1=CC=C([SH]=O)C=C1,-6.608854,-11.786272,False,48,5,0.8,euclidean,random,StandardScaler_per_sample_dimension
CCC(=O)NCCCCCN,31.646946,12.791187,False,48,5,0.8,euclidean,random,StandardScaler_per_sample_dimension
COC1=CC=C(S(=O)C2=CC=CC=C2)C=C1,-6.6208262,-11.851418,False,48,5,0.8,euclidean,random,StandardScaler_per_sample_dimension
NCCCCCNC=O,31.589184,12.733625,False,48,5,0.8,euclidean,random,StandardScaler_per_sample_dimension
CC(=O)NCCCCCN,31.45211,12.596575,False,48,5,0.8,euclidean,random,StandardScaler_per_sample_dimension
O=CC1=CC=C(C(=O)C2=CC=CC=C2)C=C1,-1.9192036,2.6389003,False,48,5,0.8,euclidean,random,StandardScaler_per_sample_dimension
COC1=CC=C(OC2=CC=CC=C2)C=C1,1.7175912,-6.920646,False,48,5,0.8,euclidean,random,StandardScaler_per_sample_dimension
NC1=CC=C(S(=O)C2=CC=C(N)C=C2)C=C1,18.105501,17.057993,False,48,5,0.8,euclidean,random,StandardScaler_per_sample_dimension
CCCCCO,7.7179933,-3.85006,False,48,5,0.8,euclidean,random,StandardScaler_per_sample_dimension
CC(=O)OCC1=CC=CC=C1,25.908352,2.6099288,False,48,5,0.8,euclidean,random,StandardScaler_per_sample_dimension
CCCP(OC)C1=CC=CC=C1,-5.1678705,-15.757347,False,48,5,0.8,euclidean,random,StandardScaler_per_sample_dimension
CCCP(=O)(OC)C1=CC=CC=C1,-5.198101,-16.11502,False,48,5,0.8,euclidean,random,StandardScaler_per_sample_dimension
CNC1=CC(C)=CC(CO)=C1,17.730618,-1.0407975,False,48,5,0.8,euclidean,random,StandardScaler_per_sample_dimension
CC1=CC(CO)=CC(NC=O)=C1,18.904007,0.026862366,False,48,5,0.8,euclidean,random,StandardScaler_per_sample_dimension
CNC1=CC(C)=CC(C(=O)O)=C1,16.754686,0.57906824,False,48,5,0.8,euclidean,random,StandardScaler_per_sample_dimension
CNC1=CC(C)=CC(COC)=C1,17.790144,0.34322625,False,48,5,0.8,euclidean,random,StandardScaler_per_sample_dimension
CNC1=CC(C=O)=CC(CO)=C1,18.937286,0.4199695,False,48,5,0.8,euclidean,random,StandardScaler_per_sample_dimension
CC1=CC(C(=O)O)=CC(NC=O)=C1,16.848825,0.59223944,False,48,5,0.8,euclidean,random,StandardScaler_per_sample_dimension
CCOCC1=CC(NC)=CC(C)=C1,17.788244,-1.0139565,False,48,5,0.8,euclidean,random,StandardScaler_per_sample_dimension
CNC1=CC(C)=CC(C(=O)OC)=C1,17.940657,-0.11888076,False,48,5,0.8,euclidean,random,StandardScaler_per_sample_dimension
CNC1=CC(C=O)=CC(C(=O)O)=C1,18.306576,0.29368764,False,48,5,0.8,euclidean,random,StandardScaler_per_sample_dimension
CNC1=CC(C=O)=CC(COC)=C1,18.818783,0.18681107,False,48,5,0.8,euclidean,random,StandardScaler_per_sample_dimension
COCC1=CC(NC=O)=CC(C)=C1,17.743324,-0.91544294,False,48,5,0.8,euclidean,random,StandardScaler_per_sample_dimension
O=CNC1=CC(C=O)=CC(CO)=C1,16.728786,0.73295397,False,48,5,0.8,euclidean,random,StandardScaler_per_sample_dimension
CCOC(=O)C1=CC(NC)=CC(C)=C1,18.885859,0.09270782,False,48,5,0.8,euclidean,random,StandardScaler_per_sample_dimension
CCOCC1=CC(NC)=CC(C=O)=C1,17.621216,-1.039051,False,48,5,0.8,euclidean,random,StandardScaler_per_sample_dimension
CCOCC1=CC(NC=O)=CC(C)=C1,18.935,-0.015042345,False,48,5,0.8,euclidean,random,StandardScaler_per_sample_dimension
CNC1=CC(C=O)=CC(C(=O)OC)=C1,18.026531,0.1796282,False,48,5,0.8,euclidean,random,StandardScaler_per_sample_dimension
COC(=O)C1=CC(NC=O)=CC(C)=C1,16.724594,0.8068038,False,48,5,0.8,euclidean,random,StandardScaler_per_sample_dimension
COCC1=CC(NC=O)=CC(C=O)=C1,17.895037,-0.87513757,False,48,5,0.8,euclidean,random,StandardScaler_per_sample_dimension
O=CNC1=CC(C=O)=CC(C(=O)O)=C1,16.726864,0.75480705,False,48,5,0.8,euclidean,random,StandardScaler_per_sample_dimension
CCOC(=O)C1=CC(NC)=CC(C=O)=C1,18.941069,0.17345206,False,48,5,0.8,euclidean,random,StandardScaler_per_sample_dimension
CCOC(=O)C1=CC(NC=O)=CC(C)=C1,19.048548,0.15366511,False,48,5,0.8,euclidean,random,StandardScaler_per_sample_dimension
CCOCC1=CC(NC=O)=CC(C=O)=C1,16.668985,0.6409212,False,48,5,0.8,euclidean,random,StandardScaler_per_sample_dimension
COC(=O)C1=CC(NC=O)=CC(C=O)=C1,17.371174,0.3271351,False,48,5,0.8,euclidean,random,StandardScaler_per_sample_dimension
CCOC(=O)C1=CC(NC=O)=CC(C=O)=C1,18.937267,0.02587344,False,48,5,0.8,euclidean,random,StandardScaler_per_sample_dimension
CNC1=CC=C(SC2=CC=CC=C2)C=C1,22.933197,12.306309,False,48,5,0.8,euclidean,random,StandardScaler_per_sample_dimension
CNC1=CC=C(S(=O)(=O)C2=CC=CC=C2)C=C1,22.098078,13.51621,False,48,5,0.8,euclidean,random,StandardScaler_per_sample_dimension
O=CC1=CC=C(NC(=O)C2=CC=CC=C2)C=C1,12.795459,1.667696,False,48,5,0.8,euclidean,random,StandardScaler_per_sample_dimension
O=CC1=CC(N2CC3=C(C=CC=C3)C2)=CC=C1,21.2879,-6.840962,False,48,5,0.8,euclidean,random,StandardScaler_per_sample_dimension
O=CC1=CC(N2CC3=CC=CC=C3C2)=CC=C1,21.13643,-6.9441724,False,48,5,0.8,euclidean,random,StandardScaler_per_sample_dimension
O=CC1=CC=CC(N2CC3=C(C=CC=C3)C2)=C1,21.451143,-6.815766,False,48,5,0.8,euclidean,random,StandardScaler_per_sample_dimension
O=CC1=CC=CC(N2CC3=CC=CC=C3C2)=C1,21.20617,-6.7198524,False,48,5,0.8,euclidean,random,StandardScaler_per_sample_dimension
COC1=CC=C([SH](=O)=O)C=C1,-17.466265,1.3490071,False,48,5,0.8,euclidean,random,StandardScaler_per_sample_dimension
NC1=CC=C(NCC2=CC=CC=C2)C=C1,-1.5709263,-9.178529,False,48,5,0.8,euclidean,random,StandardScaler_per_sample_dimension
COC1=CC=C(S(=O)(=O)C2=CC=CC=C2)C=C1,-17.426556,1.2777392,False,48,5,0.8,euclidean,random,StandardScaler_per_sample_dimension
CCCCPC1=CC=CC=C1,-1.3505332,18.760355,False,48,5,0.8,euclidean,random,StandardScaler_per_sample_dimension
CCNCC1=CC(C)=CC=C1,-16.272413,8.66654,False,48,5,0.8,euclidean,random,StandardScaler_per_sample_dimension
CCNCC1=CC=CC(C)=C1,-16.217192,8.618697,False,48,5,0.8,euclidean,random,StandardScaler_per_sample_dimension
CCCC[PH](=O)C1=CC=CC=C1,-1.3321351,18.798136,False,48,5,0.8,euclidean,random,StandardScaler_per_sample_dimension
O=CCCC(=O)O,0.95543057,1.8350608,False,48,5,0.8,euclidean,random,StandardScaler_per_sample_dimension
COCCCC=O,0.7058782,1.4496948,False,48,5,0.8,euclidean,random,StandardScaler_per_sample_dimension
COPCCC=O,6.3231916,-2.8633058,False,48,5,0.8,euclidean,random,StandardScaler_per_sample_dimension
CO[PH](=O)CCC=O,6.4003463,-2.7144156,False,48,5,0.8,euclidean,random,StandardScaler_per_sample_dimension
COP(CCC=O)C1=CC=CC=C1,6.3134165,-2.756673,False,48,5,0.8,euclidean,random,StandardScaler_per_sample_dimension
COP(=O)(CCC=O)C1=CC=CC=C1,6.6928463,-2.6350212,False,48,5,0.8,euclidean,random,StandardScaler_per_sample_dimension
CCP1OC2=C(C=CC=C2)C2=C1C=CC=C2,19.42987,17.514776,False,48,5,0.8,euclidean,random,StandardScaler_per_sample_dimension
CCP1OC2=C(C=CC=C2)C2=CC=CC=C21,19.412823,17.155846,False,48,5,0.8,euclidean,random,StandardScaler_per_sample_dimension
CCP1OC2=CC=CC=C2C2=C1C=CC=C2,19.512753,17.416096,False,48,5,0.8,euclidean,random,StandardScaler_per_sample_dimension
CCP1OC2=CC=CC=C2C2=CC=CC=C21,19.601097,17.263819,False,48,5,0.8,euclidean,random,StandardScaler_per_sample_dimension
CCP1(=O)OC2=C(C=CC=C2)C2=C1C=CC=C2,19.569845,17.38538,False,48,5,0.8,euclidean,random,StandardScaler_per_sample_dimension
CCP1(=O)OC2=C(C=CC=C2)C2=CC=CC=C21,19.608557,17.447948,False,48,5,0.8,euclidean,random,StandardScaler_per_sample_dimension
CCP1(=O)OC2=CC=CC=C2C2=C1C=CC=C2,19.555655,17.428373,False,48,5,0.8,euclidean,random,StandardScaler_per_sample_dimension
CCP1(=O)OC2=CC=CC=C2C2=CC=CC=C21,19.515345,17.322891,False,48,5,0.8,euclidean,random,StandardScaler_per_sample_dimension
CC(=O)OCCCCO,2.9018703,13.429055,False,48,5,0.8,euclidean,random,StandardScaler_per_sample_dimension
NC1=CC=C(SC2=CC=C(N)C=C2)C=C1,22.435673,12.854773,False,48,5,0.8,euclidean,random,StandardScaler_per_sample_dimension
NC1=CC=C(S(=O)(=O)C2=CC=C(N)C=C2)C=C1,22.72975,12.536927,False,48,5,0.8,euclidean,random,StandardScaler_per_sample_dimension
COC(=O)C(C)C,7.590911,-16.541393,False,48,5,0.8,euclidean,random,StandardScaler_per_sample_dimension
CCNC(=O)CC(C)C,10.152749,6.5110755,False,48,5,0.8,euclidean,random,StandardScaler_per_sample_dimension
CCCCCCCCCNCC,16.190258,5.016632,False,48,5,0.8,euclidean,random,StandardScaler_per_sample_dimension
CCCCCCC(=O)NC1=CC=CC=C1,7.7491946,8.071785,False,48,5,0.8,euclidean,random,StandardScaler_per_sample_dimension
CCCCCCCNC1=CC=CC=C1,7.6267495,7.8345294,False,48,5,0.8,euclidean,random,StandardScaler_per_sample_dimension
CCCCCCCCCCNCC,16.364086,4.860758,False,48,5,0.8,euclidean,random,StandardScaler_per_sample_dimension
CCCC(=O)NCCCCCN,31.183577,12.327729,False,48,5,0.8,euclidean,random,StandardScaler_per_sample_dimension
CC1CCCC(C)C1,1.9934746,-1.1190193,False,48,5,0.8,euclidean,random,StandardScaler_per_sample_dimension
CCNC(=O)C(C)C,3.0919259,-5.161588,False,48,5,0.8,euclidean,random,StandardScaler_per_sample_dimension
CNC1=CC=C(S(=O)C2=CC=C(N)C=C2)C=C1,15.696758,-17.363878,False,48,5,0.8,euclidean,random,StandardScaler_per_sample_dimension
CC(=O)OC(C)C,9.398228,-3.1761372,False,48,5,0.8,euclidean,random,StandardScaler_per_sample_dimension
CCC1=CC(CNC2=CC=CC=C2)=CC=C1,22.631674,22.147667,False,48,5,0.8,euclidean,random,StandardScaler_per_sample_dimension
CCC1=CC=CC(CNC2=CC=CC=C2)=C1,22.707846,22.226223,False,48,5,0.8,euclidean,random,StandardScaler_per_sample_dimension
COC1=CC=C(S(=O)C2=CC=C(O)C=C2)C=C1,-6.6487703,-11.7946205,False,48,5,0.8,euclidean,random,StandardScaler_per_sample_dimension
CCC1=CC(OC)=CC=C1,-1.9763639,-1.6067086,False,48,5,0.8,euclidean,random,StandardScaler_per_sample_dimension
CC1=CC(C)=C(O)C=C1,7.24816,1.8567187,False,48,5,0.8,euclidean,random,StandardScaler_per_sample_dimension
CC1=CC=C(O)C(C)=C1,7.043137,1.9966189,False,48,5,0.8,euclidean,random,StandardScaler_per_sample_dimension
CCC1=CC=C(NCC2=CC=CC=C2)C=C1,20.551065,-10.231764,False,48,5,0.8,euclidean,random,StandardScaler_per_sample_dimension
CC(C)C1=CC=C(OPC2=CC=CC=C2)C=C1,-17.986446,-2.5241363,False,48,5,0.8,euclidean,random,StandardScaler_per_sample_dimension
CCC1=CC(CN(C)C2=CC=CC=C2)=CC=C1,22.608273,22.164747,False,48,5,0.8,euclidean,random,StandardScaler_per_sample_dimension
CCC1=CC=CC(CN(C)C2=CC=CC=C2)=C1,22.482798,22.054281,False,48,5,0.8,euclidean,random,StandardScaler_per_sample_dimension
CCC1=CC=C(OC(C)=O)C=C1,-5.661647,-13.749835,False,48,5,0.8,euclidean,random,StandardScaler_per_sample_dimension
N=CC1=CC=C(O)C=C1,7.212596,1.5453984,False,48,5,0.8,euclidean,random,StandardScaler_per_sample_dimension
C/N=C/C1=CC=C(O)C=C1,7.3607283,1.5071398,False,48,5,0.8,euclidean,random,StandardScaler_per_sample_dimension
*,-12.332129,18.854683,False,48,5,0.8,euclidean,random,StandardScaler_per_sample_dimension
COC1=CC=C(OC=O)C=C1,12.936444,17.417366,False,48,5,0.8,euclidean,random,StandardScaler_per_sample_dimension
CCCCNC1=CC=CC(CN)=C1,9.026142,3.7223148,False,48,5,0.8,euclidean,random,StandardScaler_per_sample_dimension
O=C/C=C/C1=CC=CC=C1,20.78747,9.396064,False,48,5,0.8,euclidean,random,StandardScaler_per_sample_dimension
CNC1=CC=C(SC2=CC=C(N)C=C2)C=C1,22.07849,13.502698,False,48,5,0.8,euclidean,random,StandardScaler_per_sample_dimension
CCNC1=CC=C(CC2=CC=CC=C2)C=C1,-10.49929,-5.4094777,False,48,5,0.8,euclidean,random,StandardScaler_per_sample_dimension
CC(=O)NC1=CC=C(CC2=CC=CC=C2)C=C1,-10.412551,-5.529665,False,48,5,0.8,euclidean,random,StandardScaler_per_sample_dimension
NCC1=CC=CC(OC2=CC=CC=C2)=C1,-0.42706808,15.575452,False,48,5,0.8,euclidean,random,StandardScaler_per_sample_dimension
NC(=O)C1=CC=CC(OC2=CC=CC=C2)=C1,-0.52262795,15.275984,False,48,5,0.8,euclidean,random,StandardScaler_per_sample_dimension
CC1=CC=C(CNC2=CC(C=O)=CC=C2)C=C1,5.9382195,-3.954126,False,48,5,0.8,euclidean,random,StandardScaler_per_sample_dimension
CC1=CC=C(CNC2=CC=CC(C=O)=C2)C=C1,5.877657,-3.9251642,False,48,5,0.8,euclidean,random,StandardScaler_per_sample_dimension
CC1=CC(CNC2=CC(C=O)=CC=C2)=CC=C1,20.939726,-6.876189,False,48,5,0.8,euclidean,random,StandardScaler_per_sample_dimension
CC1=CC(CNC2=CC=CC(C=O)=C2)=CC=C1,20.892172,-7.0384707,False,48,5,0.8,euclidean,random,StandardScaler_per_sample_dimension
CC1=CC(N2CC3=C(C=C(C)C=C3)C2)=CC=C1,20.975212,-7.3546944,False,48,5,0.8,euclidean,random,StandardScaler_per_sample_dimension
CC1=CC(N2CC3=CC=C(C)C=C3C2)=CC=C1,21.051176,-7.3058195,False,48,5,0.8,euclidean,random,StandardScaler_per_sample_dimension
CC1=CC=CC(N2CC3=C(C=C(C)C=C3)C2)=C1,21.255068,-7.075181,False,48,5,0.8,euclidean,random,StandardScaler_per_sample_dimension
CC1=CC=CC(N2CC3=CC=C(C)C=C3C2)=C1,21.412918,-7.1552935,False,48,5,0.8,euclidean,random,StandardScaler_per_sample_dimension
CNC1=CC=C(CO)C=C1,-9.915015,3.8140738,False,48,5,0.8,euclidean,random,StandardScaler_per_sample_dimension
CCNC1=CC=C(CO)C=C1,-9.785468,3.649277,False,48,5,0.8,euclidean,random,StandardScaler_per_sample_dimension
O=CNC1=CC=C(CO)C=C1,-9.753795,3.6671464,False,48,5,0.8,euclidean,random,StandardScaler_per_sample_dimension
CC(=O)NC1=CC=C(CO)C=C1,-9.85758,3.6411693,False,48,5,0.8,euclidean,random,StandardScaler_per_sample_dimension
NC1=CC=C(NC(=O)C2=CC=CC=C2)C=C1,-1.5433308,-9.092871,False,48,5,0.8,euclidean,random,StandardScaler_per_sample_dimension
CCP(O)O,17.623844,14.003905,False,48,5,0.8,euclidean,random,StandardScaler_per_sample_dimension
CCP(=O)(O)O,17.727612,14.25897,False,48,5,0.8,euclidean,random,StandardScaler_per_sample_dimension
COC(=O)CCC=O,0.86659545,1.8259304,False,48,5,0.8,euclidean,random,StandardScaler_per_sample_dimension
NC1=CC=C(CC2=CC=C(N)C=C2)C=C1,-10.071543,-5.628621,False,48,5,0.8,euclidean,random,StandardScaler_per_sample_dimension
CC1=CC(PC2=CC=CC(C)=C2)=CC=C1,-14.231637,16.558275,False,48,5,0.8,euclidean,random,StandardScaler_per_sample_dimension
CC1=CC([PH](=O)C2=CC=CC(C)=C2)=CC=C1,-14.221249,16.61636,False,48,5,0.8,euclidean,random,StandardScaler_per_sample_dimension
CC(C1=CC(Br)=CC=C1)C1=CC(Br)=C(O)C=C1,-15.384541,3.8309166,False,48,5,0.8,euclidean,random,StandardScaler_per_sample_dimension
CC(C1=CC(Br)=CC=C1)C1=CC=C(O)C(Br)=C1,-15.446636,3.9013488,False,48,5,0.8,euclidean,random,StandardScaler_per_sample_dimension
CC(C1=CC=CC(Br)=C1)C1=CC(Br)=C(O)C=C1,-15.430699,3.9150457,False,48,5,0.8,euclidean,random,StandardScaler_per_sample_dimension
CC(C1=CC=CC(Br)=C1)C1=CC=C(O)C(Br)=C1,-15.403388,3.8646173,False,48,5,0.8,euclidean,random,StandardScaler_per_sample_dimension
CCCCCCC(=O)NCC,5.301701,9.681245,False,48,5,0.8,euclidean,random,StandardScaler_per_sample_dimension
CCNC1=NC(NC)=NC=N1,8.082701,11.666919,False,48,5,0.8,euclidean,random,StandardScaler_per_sample_dimension
CCNC1=NC=NC(NC)=N1,8.337696,11.740738,False,48,5,0.8,euclidean,random,StandardScaler_per_sample_dimension
CCC1=CC(Br)=CC=C1,-15.687888,4.1993694,False,48,5,0.8,euclidean,random,StandardScaler_per_sample_dimension
CCC1=CC=CC(Br)=C1,-15.554727,4.071151,False,48,5,0.8,euclidean,random,StandardScaler_per_sample_dimension
CCC1=CC(Br)=C(O)C=C1,-15.813434,4.3363285,False,48,5,0.8,euclidean,random,StandardScaler_per_sample_dimension
CCC1=CC=C(O)C(Br)=C1,-15.789146,4.2975287,False,48,5,0.8,euclidean,random,StandardScaler_per_sample_dimension
CCCCCCCCC=O,4.71264,6.8082223,False,48,5,0.8,euclidean,random,StandardScaler_per_sample_dimension
CC(C)C1=CC(Br)=CC=C1,-15.9266815,4.432031,False,48,5,0.8,euclidean,random,StandardScaler_per_sample_dimension
CC(C)C1=CC=CC(Br)=C1,-15.925432,4.4459753,False,48,5,0.8,euclidean,random,StandardScaler_per_sample_dimension
CC(C)C1=CC(Br)=C(O)C=C1,-15.545799,4.445691,False,48,5,0.8,euclidean,random,StandardScaler_per_sample_dimension
CC(C)C1=CC=C(O)C(Br)=C1,-15.649386,4.146304,False,48,5,0.8,euclidean,random,StandardScaler_per_sample_dimension
CCCCCCCCCC=O,4.754897,7.0578203,False,48,5,0.8,euclidean,random,StandardScaler_per_sample_dimension
CCCCNCCC(C)C,11.303887,7.2665534,False,48,5,0.8,euclidean,random,StandardScaler_per_sample_dimension
CCNC1=NC(N)=NC=N1,8.119905,11.671355,False,48,5,0.8,euclidean,random,StandardScaler_per_sample_dimension
CCNC1=NC=NC(N)=N1,8.074478,11.444804,False,48,5,0.8,euclidean,random,StandardScaler_per_sample_dimension
CCCNCCC(C)C,10.896222,7.012735,False,48,5,0.8,euclidean,random,StandardScaler_per_sample_dimension
CC(C1=CC=CC=C1)C1=CC(Br)=CC=C1,12.497054,23.423979,False,48,5,0.8,euclidean,random,StandardScaler_per_sample_dimension
CC(C1=CC=CC=C1)C1=CC=CC(Br)=C1,12.404702,23.19763,False,48,5,0.8,euclidean,random,StandardScaler_per_sample_dimension
CC(C1=CC=CC=C1)C1=CC(Br)=C(O)C=C1,12.464657,23.014786,False,48,5,0.8,euclidean,random,StandardScaler_per_sample_dimension
CC(C1=CC=CC=C1)C1=CC=C(O)C(Br)=C1,12.176557,23.058657,False,48,5,0.8,euclidean,random,StandardScaler_per_sample_dimension
OC1=C(Br)C=C(CC2=CC(Br)=CC=C2)C=C1,12.3576355,22.8209,False,48,5,0.8,euclidean,random,StandardScaler_per_sample_dimension
OC1=C(Br)C=C(CC2=CC=CC(Br)=C2)C=C1,12.764116,23.670256,False,48,5,0.8,euclidean,random,StandardScaler_per_sample_dimension
OC1=CC=C(CC2=CC(Br)=CC=C2)C=C1Br,12.169581,23.146585,False,48,5,0.8,euclidean,random,StandardScaler_per_sample_dimension
OC1=CC=C(CC2=CC=CC(Br)=C2)C=C1Br,12.673396,23.534727,False,48,5,0.8,euclidean,random,StandardScaler_per_sample_dimension
CC(C1=CC(Br)=CC=C1)C1=CC(Br)=CC=C1,12.283815,23.123241,False,48,5,0.8,euclidean,random,StandardScaler_per_sample_dimension
CC(C1=CC(Br)=CC=C1)C1=CC=CC(Br)=C1,12.930761,23.271502,False,48,5,0.8,euclidean,random,StandardScaler_per_sample_dimension
CC(C1=CC=C(O)C=C1)C1=CC(Br)=CC=C1,12.353129,23.27577,False,48,5,0.8,euclidean,random,StandardScaler_per_sample_dimension
CC(C1=CC=C(O)C=C1)C1=CC=CC(Br)=C1,12.645416,23.167929,False,48,5,0.8,euclidean,random,StandardScaler_per_sample_dimension
CC(C1=CC=CC(Br)=C1)C1=CC(Br)=CC=C1,12.243772,23.614796,False,48,5,0.8,euclidean,random,StandardScaler_per_sample_dimension
CC(C1=CC=CC(Br)=C1)C1=CC=CC(Br)=C1,12.636035,23.420158,False,48,5,0.8,euclidean,random,StandardScaler_per_sample_dimension
CC(C1=CC(Br)=CC=C1)C1=CC(Br)=CC(Br)=C1,12.544723,23.180307,False,48,5,0.8,euclidean,random,StandardScaler_per_sample_dimension
CC(C1=CC=C(O)C=C1)C1=CC(Br)=C(O)C=C1,12.127719,22.845116,False,48,5,0.8,euclidean,random,StandardScaler_per_sample_dimension
CC(C1=CC=C(O)C=C1)C1=CC=C(O)C(Br)=C1,12.461064,23.358843,False,48,5,0.8,euclidean,random,StandardScaler_per_sample_dimension
CC(C1=CC=CC(Br)=C1)C1=CC(Br)=CC(Br)=C1,12.409221,23.066555,False,48,5,0.8,euclidean,random,StandardScaler_per_sample_dimension
CCCCNC(=O)CC(C)C,11.19729,7.126701,False,48,5,0.8,euclidean,random,StandardScaler_per_sample_dimension
CCCNC(=O)CC(C)C,10.81643,6.8888745,False,48,5,0.8,euclidean,random,StandardScaler_per_sample_dimension
CCC1=CC(Br)=CC(Br)=C1,20.711432,11.704701,False,48,5,0.8,euclidean,random,StandardScaler_per_sample_dimension
CCC1=CC(Br)=C(O)C(Br)=C1,20.815931,11.644108,False,48,5,0.8,euclidean,random,StandardScaler_per_sample_dimension
CCCCNCCCCCCN,0.34322494,-0.12874652,False,48,5,0.8,euclidean,random,StandardScaler_per_sample_dimension
CC(C)C1=CC(Br)=CC(Br)=C1,21.039402,11.916554,False,48,5,0.8,euclidean,random,StandardScaler_per_sample_dimension
CC(C)C1=CC(Br)=C(O)C(Br)=C1,20.661963,11.512667,False,48,5,0.8,euclidean,random,StandardScaler_per_sample_dimension
CC1CCCC(CN)C1,7.5371957,-1.20365,False,48,5,0.8,euclidean,random,StandardScaler_per_sample_dimension
BrC1=CC(CC2=CC=CC=C2)=CC=C1,-7.454405,7.2044034,False,48,5,0.8,euclidean,random,StandardScaler_per_sample_dimension
BrC1=CC=CC(CC2=CC=CC=C2)=C1,-7.085104,8.659684,False,48,5,0.8,euclidean,random,StandardScaler_per_sample_dimension
OC1=C(Br)C=C(CC2=CC=CC=C2)C=C1,-9.753212,19.085928,False,48,5,0.8,euclidean,random,StandardScaler_per_sample_dimension
OC1=CC=C(CC2=CC=CC=C2)C=C1Br,-6.4845877,8.063867,False,48,5,0.8,euclidean,random,StandardScaler_per_sample_dimension
CCCC(=O)NC1=CC=C(O)C=C1,3.8212488,4.015205,False,48,5,0.8,euclidean,random,StandardScaler_per_sample_dimension
CC1=CC(Br)=C(O)C=C1,-7.3674507,8.845648,False,48,5,0.8,euclidean,random,StandardScaler_per_sample_dimension
CC1=CC=C(O)C(Br)=C1,-7.4617023,7.2228017,False,48,5,0.8,euclidean,random,StandardScaler_per_sample_dimension
BrC1=CC(CC2=CC(Br)=CC=C2)=CC=C1,-7.4301167,8.087489,False,48,5,0.8,euclidean,random,StandardScaler_per_sample_dimension
BrC1=CC(CC2=CC=CC(Br)=C2)=CC=C1,-7.2858167,7.589756,False,48,5,0.8,euclidean,random,StandardScaler_per_sample_dimension
BrC1=CC=CC(CC2=CC(Br)=CC=C2)=C1,-6.8478193,8.368292,False,48,5,0.8,euclidean,random,StandardScaler_per_sample_dimension
BrC1=CC=CC(CC2=CC=CC(Br)=C2)=C1,25.602724,15.560442,False,48,5,0.8,euclidean,random,StandardScaler_per_sample_dimension
OC1=CC=C(CC2=CC(Br)=CC=C2)C=C1,-7.545995,7.1115413,False,48,5,0.8,euclidean,random,StandardScaler_per_sample_dimension
OC1=CC=C(CC2=CC=CC(Br)=C2)C=C1,-9.876152,19.163698,False,48,5,0.8,euclidean,random,StandardScaler_per_sample_dimension
BrC1=CC(CC2=CC(Br)=CC(Br)=C2)=CC=C1,-7.0797267,8.746967,False,48,5,0.8,euclidean,random,StandardScaler_per_sample_dimension
BrC1=CC=CC(CC2=CC(Br)=CC(Br)=C2)=C1,-7.797812,8.761185,False,48,5,0.8,euclidean,random,StandardScaler_per_sample_dimension
CC(C1=CC=CC=C1)C1=CC(Br)=CC(Br)=C1,-7.6004605,6.98988,False,48,5,0.8,euclidean,random,StandardScaler_per_sample_dimension
OC1=CC=C(CC2=CC(Br)=C(O)C=C2)C=C1,-7.4609494,8.736282,False,48,5,0.8,euclidean,random,StandardScaler_per_sample_dimension
OC1=CC=C(CC2=CC=C(O)C(Br)=C2)C=C1,-7.647079,8.616091,False,48,5,0.8,euclidean,random,StandardScaler_per_sample_dimension
CC(C1=CC=CC=C1)C1=CC(Br)=C(O)C(Br)=C1,-7.725363,8.811966,False,48,5,0.8,euclidean,random,StandardScaler_per_sample_dimension
OC1=C(Br)C=C(CC2=CC(Br)=C(O)C=C2)C=C1,-6.157891,8.198629,False,48,5,0.8,euclidean,random,StandardScaler_per_sample_dimension
OC1=C(Br)C=C(CC2=CC(Br)=CC=C2)C=C1Br,-6.393982,7.8459287,False,48,5,0.8,euclidean,random,StandardScaler_per_sample_dimension
OC1=C(Br)C=C(CC2=CC=C(O)C(Br)=C2)C=C1,-6.763231,8.555984,False,48,5,0.8,euclidean,random,StandardScaler_per_sample_dimension
OC1=C(Br)C=C(CC2=CC=CC(Br)=C2)C=C1Br,-7.0063624,7.9508862,False,48,5,0.8,euclidean,random,StandardScaler_per_sample_dimension
OC1=CC=C(CC2=CC(Br)=C(O)C=C2)C=C1Br,-7.0125155,8.734982,False,48,5,0.8,euclidean,random,StandardScaler_per_sample_dimension
OC1=CC=C(CC2=CC=C(O)C(Br)=C2)C=C1Br,25.53523,15.6567135,False,48,5,0.8,euclidean,random,StandardScaler_per_sample_dimension
CCNCCCC=O,3.0850842,-5.1894083,False,48,5,0.8,euclidean,random,StandardScaler_per_sample_dimension
NCC1CCCCC1,6.867917,-1.2921137,False,48,5,0.8,euclidean,random,StandardScaler_per_sample_dimension
CCCCNC1=CC=C(O)C=C1,3.6405709,3.836631,False,48,5,0.8,euclidean,random,StandardScaler_per_sample_dimension
CCC1=CC=C(CC2=CC=CC=C2)C=C1,-1.8061965,2.7121165,False,48,5,0.8,euclidean,random,StandardScaler_per_sample_dimension
CCC1=CC2=C(C=C1)CNC2,17.799238,-10.008682,False,48,5,0.8,euclidean,random,StandardScaler_per_sample_dimension
CCC1=CC=C2CNCC2=C1,17.683964,-9.877481,False,48,5,0.8,euclidean,random,StandardScaler_per_sample_dimension
CCC1=CC2=C(C=C1)C(=O)NC2,17.835506,-9.942193,False,48,5,0.8,euclidean,random,StandardScaler_per_sample_dimension
CCC1=CC2=C(C=C1)CNC2=O,17.719065,-10.068218,False,48,5,0.8,euclidean,random,StandardScaler_per_sample_dimension
CCC1=CC=C2C(=O)NCC2=C1,17.965408,-9.772813,False,48,5,0.8,euclidean,random,StandardScaler_per_sample_dimension
CCC1=CC=C2CNC(=O)C2=C1,17.980062,-9.916617,False,48,5,0.8,euclidean,random,StandardScaler_per_sample_dimension
CCC1=CC=C2C(=O)NC(=O)C2=C1,17.687641,-10.073044,False,48,5,0.8,euclidean,random,StandardScaler_per_sample_dimension
NC=S,-13.123635,0.76697236,False,48,5,0.8,euclidean,random,StandardScaler_per_sample_dimension
CC1=CC(C=O)=CC(NCC2=CC=CC=C2)=C1,-19.559418,0.82548153,False,48,5,0.8,euclidean,random,StandardScaler_per_sample_dimension
CC1=CC(NCC2=CC=CC=C2)=CC(C=O)=C1,-19.597097,0.95259833,False,48,5,0.8,euclidean,random,StandardScaler_per_sample_dimension
CCCNC1=CC=C(OC2=CC=CC=C2)C=C1,3.2066379,3.80357,False,48,5,0.8,euclidean,random,StandardScaler_per_sample_dimension
CNC=S,-13.338033,0.59035236,False,48,5,0.8,euclidean,random,StandardScaler_per_sample_dimension
CC1=CC(CC2=CC=C(O)C=C2)=CC=C1,6.6551027,2.2977896,False,48,5,0.8,euclidean,random,StandardScaler_per_sample_dimension
CC1=CC=CC(CC2=CC=C(O)C=C2)=C1,6.8732295,2.1824644,False,48,5,0.8,euclidean,random,StandardScaler_per_sample_dimension
CNC(N)=S,-13.239806,0.3843252,False,48,5,0.8,euclidean,random,StandardScaler_per_sample_dimension
CCCNCCCC=O,2.6674924,28.541668,False,48,5,0.8,euclidean,random,StandardScaler_per_sample_dimension
CC1=CC(C(=O)C2=CC=CC=C2)=CC=C1,0.24758895,-9.771267,False,48,5,0.8,euclidean,random,StandardScaler_per_sample_dimension
CC1=CC=CC(C(=O)C2=CC=CC=C2)=C1,0.19624594,-9.752034,False,48,5,0.8,euclidean,random,StandardScaler_per_sample_dimension
C1=CC=C(CC2=CC3=C(C=C2)CNC3)C=C1,27.176165,7.07147,False,48,5,0.8,euclidean,random,StandardScaler_per_sample_dimension
C1=CC=C(CC2=CC=C3CNCC3=C2)C=C1,27.119488,7.2443695,False,48,5,0.8,euclidean,random,StandardScaler_per_sample_dimension
O=C1NCC2=C1C=C(CC1=CC=CC=C1)C=C2,27.333529,7.2978783,False,48,5,0.8,euclidean,random,StandardScaler_per_sample_dimension
O=C1NCC2=C1C=CC(CC1=CC=CC=C1)=C2,27.369383,7.3222084,False,48,5,0.8,euclidean,random,StandardScaler_per_sample_dimension
O=C1NCC2=CC(CC3=CC=CC=C3)=CC=C12,26.975285,7.2940516,False,48,5,0.8,euclidean,random,StandardScaler_per_sample_dimension
O=C1NCC2=CC=C(CC3=CC=CC=C3)C=C12,27.140646,6.977076,False,48,5,0.8,euclidean,random,StandardScaler_per_sample_dimension
CC(=O)OC1=CC=C(C(C)C)C=C1,-5.6551485,-13.723386,False,48,5,0.8,euclidean,random,StandardScaler_per_sample_dimension
BrC1=CC(Br)=CC(CC2=CC=CC=C2)=C1,-9.842178,-3.4713972,False,48,5,0.8,euclidean,random,StandardScaler_per_sample_dimension
OC1=C(Br)C=C(CC2=CC=CC=C2)C=C1Br,-10.152197,-2.74171,False,48,5,0.8,euclidean,random,StandardScaler_per_sample_dimension
CCCC(=O)NCCCCCCN,0.2517638,-0.030055929,False,48,5,0.8,euclidean,random,StandardScaler_per_sample_dimension
CNCO,16.735918,18.721869,False,48,5,0.8,euclidean,random,StandardScaler_per_sample_dimension
CC1=CC(Br)=C(O)C(Br)=C1,-9.78782,-3.223615,False,48,5,0.8,euclidean,random,StandardScaler_per_sample_dimension
O=CCC1=CC=C(O)C=C1,5.533439,5.501309,False,48,5,0.8,euclidean,random,StandardScaler_per_sample_dimension
C=CC/C=C/C1=CC=CC=C1,-6.4278955,15.559568,False,48,5,0.8,euclidean,random,StandardScaler_per_sample_dimension
C=CC/C=C/C1=CC=C(O)C=C1,-6.4827623,15.081209,False,48,5,0.8,euclidean,random,StandardScaler_per_sample_dimension
C=CC/C=C/C1=CC=CC(O)=C1,-6.517175,14.656903,False,48,5,0.8,euclidean,random,StandardScaler_per_sample_dimension
C=CC/C=C/C1=CC=C(O)C(O)=C1,-5.714882,15.715215,False,48,5,0.8,euclidean,random,StandardScaler_per_sample_dimension
OC1=CC=C(CC2=CC(Br)=CC(Br)=C2)C=C1,-9.715003,-3.3123777,False,48,5,0.8,euclidean,random,StandardScaler_per_sample_dimension
CCNC(=O)CCC=O,2.7721581,28.629787,False,48,5,0.8,euclidean,random,StandardScaler_per_sample_dimension
COC1=CC=C(OCC2=CC=CC=C2)C=C1,12.951969,17.444801,False,48,5,0.8,euclidean,random,StandardScaler_per_sample_dimension
COC1=CC=C(OC(=O)C2=CC=CC=C2)C=C1,13.016558,17.521715,False,48,5,0.8,euclidean,random,StandardScaler_per_sample_dimension
CC1=CC=C(P=O)C=C1,-19.685728,10.030099,False,48,5,0.8,euclidean,random,StandardScaler_per_sample_dimension
O=C1CCC2=C1C=CC=C2,4.9528403,3.0196455,False,48,5,0.8,euclidean,random,StandardScaler_per_sample_dimension
O=C1CCC2=CC=CC=C12,4.910448,2.9035354,False,48,5,0.8,euclidean,random,StandardScaler_per_sample_dimension
C=CC/C=C/C1=CC=CC(OC)=C1,-6.3558154,14.684647,False,48,5,0.8,euclidean,random,StandardScaler_per_sample_dimension
C=CC/C=C/C1=CC=C(O)C(OC)=C1,-6.1969886,15.166773,False,48,5,0.8,euclidean,random,StandardScaler_per_sample_dimension
NC1=CC(NCC2=CC=CC=C2)=CC=C1,23.143843,15.63383,False,48,5,0.8,euclidean,random,StandardScaler_per_sample_dimension
NC1=CC=CC(NCC2=CC=CC=C2)=C1,23.139317,15.289393,False,48,5,0.8,euclidean,random,StandardScaler_per_sample_dimension
NC1=CC(NC(=O)C2=CC=CC=C2)=CC=C1,23.235958,15.461509,False,48,5,0.8,euclidean,random,StandardScaler_per_sample_dimension
NC1=CC=CC(NC(=O)C2=CC=CC=C2)=C1,23.120543,15.30436,False,48,5,0.8,euclidean,random,StandardScaler_per_sample_dimension
C=S,-13.524979,0.4479242,False,48,5,0.8,euclidean,random,StandardScaler_per_sample_dimension
CCCOC(=O)CCC,0.43945882,2.6027384,False,48,5,0.8,euclidean,random,StandardScaler_per_sample_dimension
S=CNC1=CC=CC=C1,-13.67191,0.08619393,False,48,5,0.8,euclidean,random,StandardScaler_per_sample_dimension
CC1=CC=C(C2=CC=CC=C2)C=C1,6.117122,-6.512488,False,48,5,0.8,euclidean,random,StandardScaler_per_sample_dimension
O=CC1=CC=C(C2=CC=CC=C2)C=C1,6.278573,-6.358706,False,48,5,0.8,euclidean,random,StandardScaler_per_sample_dimension
ClC1=CC=CC=C1,7.2755094,-7.573132,False,48,5,0.8,euclidean,random,StandardScaler_per_sample_dimension
CC1=CC=C(NP)C=C1,6.9608374,-7.5355573,False,48,5,0.8,euclidean,random,StandardScaler_per_sample_dimension
CC1=CC=C(NP=O)C=C1,6.8460045,-7.518472,False,48,5,0.8,euclidean,random,StandardScaler_per_sample_dimension
CC1=CC(C)=CC(NCC2=CC=CC=C2)=C1,-19.688013,1.0704929,False,48,5,0.8,euclidean,random,StandardScaler_per_sample_dimension
CC1=CC(NCC2=CC=CC=C2)=CC(C)=C1,-19.547459,0.9595952,False,48,5,0.8,euclidean,random,StandardScaler_per_sample_dimension
CC1=CC(C)=CC(NC(=O)C2=CC=CC=C2)=C1,-19.662376,1.0155728,False,48,5,0.8,euclidean,random,StandardScaler_per_sample_dimension
CC1=CC(NC(=O)C2=CC=CC=C2)=CC(C)=C1,-19.672064,1.1450112,False,48,5,0.8,euclidean,random,StandardScaler_per_sample_dimension
NC(N)=S,-13.435185,0.5298153,False,48,5,0.8,euclidean,random,StandardScaler_per_sample_dimension
O=C(C1=CC=CC=C1)C1=CC=C(O)C=C1,-2.031098,3.452111,False,48,5,0.8,euclidean,random,StandardScaler_per_sample_dimension
COC1=CC=C(C(=O)C2=CC=CC=C2)C=C1,-1.8848147,3.2100031,False,48,5,0.8,euclidean,random,StandardScaler_per_sample_dimension
NCNC1=CC=CC=C1,-13.760213,-0.05947253,False,48,5,0.8,euclidean,random,StandardScaler_per_sample_dimension
CCCNC(=O)CCC=O,-4.537396,-4.4925823,False,48,5,0.8,euclidean,random,StandardScaler_per_sample_dimension
NC(=S)NC1=CC=CC=C1,-13.746229,-0.024720393,False,48,5,0.8,euclidean,random,StandardScaler_per_sample_dimension
CC1=CC=C(OC2=CC=C(O)C=C2)C=C1,-2.4937146,3.352069,False,48,5,0.8,euclidean,random,StandardScaler_per_sample_dimension
NCO,16.44321,18.625654,False,48,5,0.8,euclidean,random,StandardScaler_per_sample_dimension
CCNCC1=CC(C=O)=CC=C1,13.965733,17.535166,False,48,5,0.8,euclidean,random,StandardScaler_per_sample_dimension
CCNCC1=CC=CC(C=O)=C1,13.971299,17.605913,False,48,5,0.8,euclidean,random,StandardScaler_per_sample_dimension
CCOCCCC=O,0.7759435,1.3582157,False,48,5,0.8,euclidean,random,StandardScaler_per_sample_dimension
CC(C=O)CPC1=CC=CC=C1,-0.085670866,-11.949971,False,48,5,0.8,euclidean,random,StandardScaler_per_sample_dimension
CC(C=O)C[PH](=O)C1=CC=CC=C1,-0.050694313,-11.870516,False,48,5,0.8,euclidean,random,StandardScaler_per_sample_dimension
CC1=CC(CNC2=CC=C(O)C=C2)=CC=C1,-8.77527,10.376952,False,48,5,0.8,euclidean,random,StandardScaler_per_sample_dimension
CC1=CC=CC(CNC2=CC=C(O)C=C2)=C1,-8.471125,10.379903,False,48,5,0.8,euclidean,random,StandardScaler_per_sample_dimension
CC1=CC(C(=O)NC2=CC=C(O)C=C2)=CC=C1,-8.623522,10.504215,False,48,5,0.8,euclidean,random,StandardScaler_per_sample_dimension
CC(C=O)CP,-0.37005997,-11.668825,False,48,5,0.8,euclidean,random,StandardScaler_per_sample_dimension
CC(C=O)CP=O,-0.16410607,-11.903975,False,48,5,0.8,euclidean,random,StandardScaler_per_sample_dimension
CCOPC1=CC=CC=C1,7.2587748,-2.413117,False,48,5,0.8,euclidean,random,StandardScaler_per_sample_dimension
CCO[PH](=O)C1=CC=CC=C1,7.124369,-2.5427356,False,48,5,0.8,euclidean,random,StandardScaler_per_sample_dimension
CC1(C)CCCCC1,2.437557,1.3912511,False,48,5,0.8,euclidean,random,StandardScaler_per_sample_dimension
CC(C)CPC1=CC=CC=C1,-4.4493766,11.96703,False,48,5,0.8,euclidean,random,StandardScaler_per_sample_dimension
CC(C)C[PH](=O)C1=CC=CC=C1,-4.4677143,11.992325,False,48,5,0.8,euclidean,random,StandardScaler_per_sample_dimension
C=CCC=C,-5.4910913,15.20779,False,48,5,0.8,euclidean,random,StandardScaler_per_sample_dimension
CC(C)CP,-4.587646,12.035858,False,48,5,0.8,euclidean,random,StandardScaler_per_sample_dimension
CC(C)CP=O,-4.440009,11.975698,False,48,5,0.8,euclidean,random,StandardScaler_per_sample_dimension
C1=CC2=C(C=C1)CCC2,3.8853538,2.6504657,False,48,5,0.8,euclidean,random,StandardScaler_per_sample_dimension
C1=CC=C2CCCC2=C1,4.0906296,2.5874403,False,48,5,0.8,euclidean,random,StandardScaler_per_sample_dimension
PC1=CC=C(C2=CC=NC=C2)C=C1,13.058604,10.053202,False,48,5,0.8,euclidean,random,StandardScaler_per_sample_dimension
C(=C/C1=CC=CC=C1)\C/C=C/C1=CC=CC=C1,-5.7960825,14.877552,False,48,5,0.8,euclidean,random,StandardScaler_per_sample_dimension
CCNCC(C)CC,10.272881,6.7326407,False,48,5,0.8,euclidean,random,StandardScaler_per_sample_dimension
CCCCCCCCC(=O)NC,5.2676463,6.622007,False,48,5,0.8,euclidean,random,StandardScaler_per_sample_dimension
CCCCCCCCCC(=O)NC,5.474373,6.3344293,False,48,5,0.8,euclidean,random,StandardScaler_per_sample_dimension
CCNC(=O)C(C)CC,10.251516,6.622582,False,48,5,0.8,euclidean,random,StandardScaler_per_sample_dimension
CCCCCCCCC(N)=O,4.9789352,7.0034237,False,48,5,0.8,euclidean,random,StandardScaler_per_sample_dimension
CCCCCCCC(=O)NCC,5.203531,9.623577,False,48,5,0.8,euclidean,random,StandardScaler_per_sample_dimension
CCCCCCCCCC(N)=O,5.0006876,7.161453,False,48,5,0.8,euclidean,random,StandardScaler_per_sample_dimension
CCC1=CC=C(C(C)C)C=C1,-2.591678,1.5812355,False,48,5,0.8,euclidean,random,StandardScaler_per_sample_dimension
CCCCCCC(=O)NCCC,5.411572,9.677355,False,48,5,0.8,euclidean,random,StandardScaler_per_sample_dimension
CCCCCCCC(=O)NCCC,5.1751223,9.353966,False,48,5,0.8,euclidean,random,StandardScaler_per_sample_dimension
CCCCCCCNCCCC,16.878767,4.473433,False,48,5,0.8,euclidean,random,StandardScaler_per_sample_dimension
CNCCCCCCCCCC=O,5.0185404,8.075004,False,48,5,0.8,euclidean,random,StandardScaler_per_sample_dimension
CNC(=O)CCCCCCCCC=O,4.990204,8.259174,False,48,5,0.8,euclidean,random,StandardScaler_per_sample_dimension
CCCCCC(=O)NC1=CC=C(O)C=C1,4.431473,4.3203616,False,48,5,0.8,euclidean,random,StandardScaler_per_sample_dimension
CCCCCCCC(=O)NC1=CC=CC=C1,6.710493,7.775137,False,48,5,0.8,euclidean,random,StandardScaler_per_sample_dimension
CCCCCCNC1=CC=C(O)C=C1,4.4336095,4.258593,False,48,5,0.8,euclidean,random,StandardScaler_per_sample_dimension
CCCCCCCCNC(C)=O,4.9283905,9.218866,False,48,5,0.8,euclidean,random,StandardScaler_per_sample_dimension
CCCCCCCCNCCCC,16.837294,4.6761427,False,48,5,0.8,euclidean,random,StandardScaler_per_sample_dimension
NCCCCCCCCCC=O,5.0890484,8.706314,False,48,5,0.8,euclidean,random,StandardScaler_per_sample_dimension
CCCCCCCCNC1=CC=CC=C1,6.272354,7.819658,False,48,5,0.8,euclidean,random,StandardScaler_per_sample_dimension
NC(=O)CCCCCCCCC=O,5.106624,9.060808,False,48,5,0.8,euclidean,random,StandardScaler_per_sample_dimension
CCCCCNC1=CC=C(O)C=C1,4.0287747,4.019314,False,48,5,0.8,euclidean,random,StandardScaler_per_sample_dimension
CCCCC(=O)NC1=CC=C(O)C=C1,3.9291449,4.090168,False,48,5,0.8,euclidean,random,StandardScaler_per_sample_dimension
CC1=CC=C(C(C)C2=CC=CC=C2)C=C1,2.772907,1.9050411,False,48,5,0.8,euclidean,random,StandardScaler_per_sample_dimension
O=C1NCC2CCCCC12,6.8336134,-0.96569896,False,48,5,0.8,euclidean,random,StandardScaler_per_sample_dimension
CNCC1=C(O)C=CC=C1,-16.150682,8.7815275,False,48,5,0.8,euclidean,random,StandardScaler_per_sample_dimension
CNCC1=CC=CC=C1O,-16.098448,8.664392,False,48,5,0.8,euclidean,random,StandardScaler_per_sample_dimension
O=CCCCCCCCCC=O,-4.839999,3.9727993,False,48,5,0.8,euclidean,random,StandardScaler_per_sample_dimension
OC(C1=CC=CC=C1)C1=CC=CC=C1,9.068433,-3.2237935,False,48,5,0.8,euclidean,random,StandardScaler_per_sample_dimension
COC(C1=CC=CC=C1)C1=CC=CC=C1,9.249857,-3.142605,False,48,5,0.8,euclidean,random,StandardScaler_per_sample_dimension
O=COC(C1=CC=CC=C1)C1=CC=CC=C1,9.111672,-3.3617165,False,48,5,0.8,euclidean,random,StandardScaler_per_sample_dimension
CCCCCCNCCCCC,3.5353365,-2.7270057,False,48,5,0.8,euclidean,random,StandardScaler_per_sample_dimension
O=CC1=CC(C(=O)C2=CC=CC=C2)=CC=C1,0.37167257,-9.967548,False,48,5,0.8,euclidean,random,StandardScaler_per_sample_dimension
O=CC1=CC=CC(C(=O)C2=CC=CC=C2)=C1,0.32060814,-9.885178,False,48,5,0.8,euclidean,random,StandardScaler_per_sample_dimension
CCP(O)OC,17.484331,13.967015,False,48,5,0.8,euclidean,random,StandardScaler_per_sample_dimension
CCP(=O)(O)OC,17.48612,14.070161,False,48,5,0.8,euclidean,random,StandardScaler_per_sample_dimension
C1=CC=C(CCC2=CC=CC=C2)C=C1,4.798139,2.5565531,False,48,5,0.8,euclidean,random,StandardScaler_per_sample_dimension
CCOPCC,7.6182218,-2.689256,False,48,5,0.8,euclidean,random,StandardScaler_per_sample_dimension
CCO[PH](=O)CC,7.713402,-2.7653008,False,48,5,0.8,euclidean,random,StandardScaler_per_sample_dimension
COC1=CC=C(CC=O)C=C1,5.513791,5.48443,False,48,5,0.8,euclidean,random,StandardScaler_per_sample_dimension
C1=CC=C(COCC2=CC=CC=C2)C=C1,25.882158,2.66477,False,48,5,0.8,euclidean,random,StandardScaler_per_sample_dimension
O=C(OCC1=CC=CC=C1)C1=CC=CC=C1,26.024658,2.5251446,False,48,5,0.8,euclidean,random,StandardScaler_per_sample_dimension
C1CCC2CNCC2C1,2.4462454,-1.0794283,False,48,5,0.8,euclidean,random,StandardScaler_per_sample_dimension
C1=CC=C(C2CCCCC2)C=C1,2.5066893,1.6942164,False,48,5,0.8,euclidean,random,StandardScaler_per_sample_dimension
CC1=CC=C(OC2=CC(C)=CC=C2)C=C1,3.5253167,1.0687026,False,48,5,0.8,euclidean,random,StandardScaler_per_sample_dimension
CC1=CC=C(OC2=CC=CC(C)=C2)C=C1,3.472213,1.1662492,False,48,5,0.8,euclidean,random,StandardScaler_per_sample_dimension
CCCP1OC2=C(C=CC=C2)C2=C1C=CC=C2,-0.24828827,-11.830209,False,48,5,0.8,euclidean,random,StandardScaler_per_sample_dimension
CCCP1OC2=C(C=CC=C2)C2=CC=CC=C21,-0.21899952,-11.817341,False,48,5,0.8,euclidean,random,StandardScaler_per_sample_dimension
CCCP1OC2=CC=CC=C2C2=C1C=CC=C2,-0.08325466,-12.004274,False,48,5,0.8,euclidean,random,StandardScaler_per_sample_dimension
CCCP1OC2=CC=CC=C2C2=CC=CC=C21,-0.30104312,-11.754701,False,48,5,0.8,euclidean,random,StandardScaler_per_sample_dimension
O=COC1=CC=C(OCC2=CC=CC=C2)C=C1,13.310542,17.404371,False,48,5,0.8,euclidean,random,StandardScaler_per_sample_dimension
CCCCCNC(=O)CCCCC,5.433613,-1.6657966,False,48,5,0.8,euclidean,random,StandardScaler_per_sample_dimension
O=C1NC(=O)C2CCCCC12,2.0936687,-1.0993745,False,48,5,0.8,euclidean,random,StandardScaler_per_sample_dimension
C=CC(C)=O,20.730225,9.369293,False,48,5,0.8,euclidean,random,StandardScaler_per_sample_dimension
CN(C)CCO,10.456841,12.05048,False,48,5,0.8,euclidean,random,StandardScaler_per_sample_dimension
NCC1=C(O)C=CC=C1,-16.430956,8.495377,False,48,5,0.8,euclidean,random,StandardScaler_per_sample_dimension
NCC1=CC=CC=C1O,-16.19024,8.765938,False,48,5,0.8,euclidean,random,StandardScaler_per_sample_dimension
CC(=O)/C=C/C1=CC=CC=C1,20.723433,9.2624235,False,48,5,0.8,euclidean,random,StandardScaler_per_sample_dimension
CNC1=CC=CC(COCCO)=C1,13.3859825,-8.561827,False,48,5,0.8,euclidean,random,StandardScaler_per_sample_dimension
CNC1=CC=CC(C(=O)OCCO)=C1,13.59303,-8.743862,False,48,5,0.8,euclidean,random,StandardScaler_per_sample_dimension
O=CNC1=CC=CC(COCCO)=C1,13.2976265,-8.698533,False,48,5,0.8,euclidean,random,StandardScaler_per_sample_dimension
O=CNC1=CC=CC(C(=O)OCCO)=C1,13.525274,-8.907367,False,48,5,0.8,euclidean,random,StandardScaler_per_sample_dimension
NC1=NC(N)=NC(N)=N1,-0.37854102,-15.656416,False,48,5,0.8,euclidean,random,StandardScaler_per_sample_dimension
CCCNCC1=CC(C)=CC=C1,24.391579,17.661293,False,48,5,0.8,euclidean,random,StandardScaler_per_sample_dimension
CCCNCC1=CC=CC(C)=C1,24.49741,17.899328,False,48,5,0.8,euclidean,random,StandardScaler_per_sample_dimension
NC1=CC=C(C2=CC=CC=N2)C=C1,14.86828,9.799938,False,48,5,0.8,euclidean,random,StandardScaler_per_sample_dimension
NC1=CC=C(C2=NC=CC=C2)C=C1,14.974295,9.840179,False,48,5,0.8,euclidean,random,StandardScaler_per_sample_dimension
OC1=CC=C(P)C=C1,-4.4890237,1.8832998,False,48,5,0.8,euclidean,random,StandardScaler_per_sample_dimension
COC1=CC=C(P)C=C1,-4.6221414,1.8031442,False,48,5,0.8,euclidean,random,StandardScaler_per_sample_dimension
O=PC1=CC=C(O)C=C1,-4.5806203,1.8323451,False,48,5,0.8,euclidean,random,StandardScaler_per_sample_dimension
COC1=CC=C(P=O)C=C1,-4.5586905,1.6413639,False,48,5,0.8,euclidean,random,StandardScaler_per_sample_dimension
[NH4+],11.915287,3.6194646,False,48,5,0.8,euclidean,random,StandardScaler_per_sample_dimension
CCNCC1=CC=C(O)C=C1,14.193631,15.29103,False,48,5,0.8,euclidean,random,StandardScaler_per_sample_dimension
CNC1=CC=C(C2=CC=CC=N2)C=C1,14.429563,9.831126,False,48,5,0.8,euclidean,random,StandardScaler_per_sample_dimension
CNC1=CC=C(C2=NC=CC=C2)C=C1,14.662161,9.598701,False,48,5,0.8,euclidean,random,StandardScaler_per_sample_dimension
CCNC1=CC=C(C2=NC=CC=C2)C=C1,14.781172,9.607276,False,48,5,0.8,euclidean,random,StandardScaler_per_sample_dimension
O=CNC1=CC=C(C2=CC=CC=N2)C=C1,14.559511,9.6653385,False,48,5,0.8,euclidean,random,StandardScaler_per_sample_dimension
O=CNC1=CC=C(C2=NC=CC=C2)C=C1,14.770029,9.70022,False,48,5,0.8,euclidean,random,StandardScaler_per_sample_dimension
CC(=O)NC1=CC=C(C2=NC=CC=C2)C=C1,14.4879675,9.833845,False,48,5,0.8,euclidean,random,StandardScaler_per_sample_dimension
CNC1=CC=C(CC2=CC=C(N)C=C2)C=C1,-9.709849,-5.522292,False,48,5,0.8,euclidean,random,StandardScaler_per_sample_dimension
NC1=CC=C(CC2=CC=C(NC=O)C=C2)C=C1,-9.851361,-5.793346,False,48,5,0.8,euclidean,random,StandardScaler_per_sample_dimension
CCNC(=O)C1=CC(C)=CC=C1,12.89161,-12.955706,False,48,5,0.8,euclidean,random,StandardScaler_per_sample_dimension
CCNC(=O)C1=CC=CC(C)=C1,13.007043,-13.153061,False,48,5,0.8,euclidean,random,StandardScaler_per_sample_dimension
CCNC(=O)C1=CC(C=O)=CC=C1,13.168883,-13.473019,False,48,5,0.8,euclidean,random,StandardScaler_per_sample_dimension
CCNC(=O)C1=CC=CC(C=O)=C1,12.982242,-13.3661995,False,48,5,0.8,euclidean,random,StandardScaler_per_sample_dimension
O=CC1=CC(CNC2=CC=C(O)C=C2)=CC=C1,-8.7376375,10.507245,False,48,5,0.8,euclidean,random,StandardScaler_per_sample_dimension
CCOC(=O)CCC=O,0.77562445,1.8704327,False,48,5,0.8,euclidean,random,StandardScaler_per_sample_dimension
CC1=CC=C(N2CC3=C(C=C(C)C=C3)C2)C=C1,12.860827,2.352719,False,48,5,0.8,euclidean,random,StandardScaler_per_sample_dimension
CC1=CC=C(N2CC3=CC=C(C)C=C3C2)C=C1,12.688869,2.333253,False,48,5,0.8,euclidean,random,StandardScaler_per_sample_dimension
CCP(OC)OC,17.507975,14.155859,False,48,5,0.8,euclidean,random,StandardScaler_per_sample_dimension
CCP(=O)(OC)OC,17.563927,14.363522,False,48,5,0.8,euclidean,random,StandardScaler_per_sample_dimension
NC1=CC=C(OC2=CC=C(N)C=C2)C=C1,7.643403,-7.6103997,False,48,5,0.8,euclidean,random,StandardScaler_per_sample_dimension
CCOC(C1=CC=CC=C1)C1=CC=CC=C1,9.287217,-2.9746895,False,48,5,0.8,euclidean,random,StandardScaler_per_sample_dimension
CC(=O)OC(C1=CC=CC=C1)C1=CC=CC=C1,9.086912,-3.153898,False,48,5,0.8,euclidean,random,StandardScaler_per_sample_dimension
CCCCCNCCCCCN,31.236391,12.382728,False,48,5,0.8,euclidean,random,StandardScaler_per_sample_dimension
O=COC1=CC=C(OC=O)C=C1,15.9400625,-1.2716738,False,48,5,0.8,euclidean,random,StandardScaler_per_sample_dimension
OCCCOCC1=CC=CC=C1,4.395378,13.575758,False,48,5,0.8,euclidean,random,StandardScaler_per_sample_dimension
O=C(OCCCO)C1=CC=CC=C1,4.3395834,13.700576,False,48,5,0.8,euclidean,random,StandardScaler_per_sample_dimension
CC1=CC=C(OCC2=CC=CC=C2)C=C1,15.627163,-1.1887975,False,48,5,0.8,euclidean,random,StandardScaler_per_sample_dimension
CC1=CC=C(OC(=O)C2=CC=CC=C2)C=C1,15.6946125,-1.2171775,False,48,5,0.8,euclidean,random,StandardScaler_per_sample_dimension
CCNCCCCCCNC,13.808941,16.636038,False,48,5,0.8,euclidean,random,StandardScaler_per_sample_dimension
CCCCCCCCCNC=O,5.052663,7.1322713,False,48,5,0.8,euclidean,random,StandardScaler_per_sample_dimension
CCCCCCCCCCNC=O,5.2259116,7.307287,False,48,5,0.8,euclidean,random,StandardScaler_per_sample_dimension
CNCCCCCCNC,4.450276,-6.4910827,False,48,5,0.8,euclidean,random,StandardScaler_per_sample_dimension
CNC1=NC(N)=NC(NC)=N1,9.916983,19.458593,False,48,5,0.8,euclidean,random,StandardScaler_per_sample_dimension
CNC1=NC(NC)=NC(N)=N1,10.058879,19.517876,False,48,5,0.8,euclidean,random,StandardScaler_per_sample_dimension
CCC(C)C1=CC(C)=CC=C1,26.006565,-3.123469,False,48,5,0.8,euclidean,random,StandardScaler_per_sample_dimension
CCC(C)C1=CC=CC(C)=C1,26.157269,-3.238186,False,48,5,0.8,euclidean,random,StandardScaler_per_sample_dimension
CCC1=CC(C)=C(O)C=C1,26.067133,-2.8346562,False,48,5,0.8,euclidean,random,StandardScaler_per_sample_dimension
CCC1=CC=C(O)C(C)=C1,26.025663,-2.6674874,False,48,5,0.8,euclidean,random,StandardScaler_per_sample_dimension
CCCOP,7.4441805,-2.2439313,False,48,5,0.8,euclidean,random,StandardScaler_per_sample_dimension
CCCOP=O,7.548634,-2.572579,False,48,5,0.8,euclidean,random,StandardScaler_per_sample_dimension
CCCCCCCCCNC(C)=O,4.7714105,8.578989,False,48,5,0.8,euclidean,random,StandardScaler_per_sample_dimension
CNC1=NC(N)=NC(N)=N1,8.878207,11.879935,False,48,5,0.8,euclidean,random,StandardScaler_per_sample_dimension
CCCCCCCC(=O)NC1=CC=C(O)C=C1,6.7513256,7.776694,False,48,5,0.8,euclidean,random,StandardScaler_per_sample_dimension
CPC1=CC=CC(NCC2=CC=CC=C2)=C1,-2.2567239,-12.175754,False,48,5,0.8,euclidean,random,StandardScaler_per_sample_dimension
CPC1=CC=CC(NC(=O)C2=CC=CC=C2)=C1,-2.4073086,-11.838935,False,48,5,0.8,euclidean,random,StandardScaler_per_sample_dimension
C[PH](=O)C1=CC=CC(NCC2=CC=CC=C2)=C1,-2.1519234,-11.825768,False,48,5,0.8,euclidean,random,StandardScaler_per_sample_dimension
CCCCCCCNC1=CC=C(O)C=C1,7.3803754,7.766474,False,48,5,0.8,euclidean,random,StandardScaler_per_sample_dimension
CC1=CC(C(C)C2=CC=C(O)C=C2)=CC=C1,9.769096,8.240472,False,48,5,0.8,euclidean,random,StandardScaler_per_sample_dimension
CC1=CC=CC(C(C)C2=CC=C(O)C=C2)=C1,10.773666,8.995411,False,48,5,0.8,euclidean,random,StandardScaler_per_sample_dimension
CCCCCCC(=O)NC1=CC=C(O)C=C1,7.3747606,7.94596,False,48,5,0.8,euclidean,random,StandardScaler_per_sample_dimension
CCCCCCCCNC1=CC=C(O)C=C1,6.5588727,7.8051853,False,48,5,0.8,euclidean,random,StandardScaler_per_sample_dimension
O=CCCCCCNC=O,4.345073,-6.8805175,False,48,5,0.8,euclidean,random,StandardScaler_per_sample_dimension
CCCCCCCCCCNC(C)=O,4.7180943,8.757216,False,48,5,0.8,euclidean,random,StandardScaler_per_sample_dimension
CCC1=CC(CC)=CC=C1,-2.44722,1.5967638,False,48,5,0.8,euclidean,random,StandardScaler_per_sample_dimension
CCC1=CC=CC(CC)=C1,-2.5708408,1.5991733,False,48,5,0.8,euclidean,random,StandardScaler_per_sample_dimension
CNC1=NC(NC)=NC(NC)=N1,10.418206,11.585114,False,48,5,0.8,euclidean,random,StandardScaler_per_sample_dimension
CCNCCC(C)C=O,11.652022,7.5117874,False,48,5,0.8,euclidean,random,StandardScaler_per_sample_dimension
CC1=CC=C([PH](=O)C2=CC=CC=C2)C=C1,-19.458725,10.182109,False,48,5,0.8,euclidean,random,StandardScaler_per_sample_dimension
O=CC1=CC=C(PC2=CC=CC=C2)C=C1,-19.424236,10.004413,False,48,5,0.8,euclidean,random,StandardScaler_per_sample_dimension
CC(C)(C1=CC=CC=C1)C1=CC(Br)=CC=C1,-9.876791,19.188374,False,48,5,0.8,euclidean,random,StandardScaler_per_sample_dimension
CC(C)(C1=CC=CC=C1)C1=CC=CC(Br)=C1,25.545164,15.658063,False,48,5,0.8,euclidean,random,StandardScaler_per_sample_dimension
O=CC1=CC=C([PH](=O)C2=CC=CC=C2)C=C1,-19.313639,9.950108,False,48,5,0.8,euclidean,random,StandardScaler_per_sample_dimension
CC(C)(C1=CC(Br)=CC=C1)C1=CC(Br)=CC=C1,-6.108596,7.9739776,False,48,5,0.8,euclidean,random,StandardScaler_per_sample_dimension
CC(C)(C1=CC(Br)=CC=C1)C1=CC=CC(Br)=C1,-7.5514426,6.983357,False,48,5,0.8,euclidean,random,StandardScaler_per_sample_dimension
CC(C)(C1=CC=C(O)C=C1)C1=CC(Br)=CC=C1,-9.969329,19.305527,False,48,5,0.8,euclidean,random,StandardScaler_per_sample_dimension
CC(C)(C1=CC=C(O)C=C1)C1=CC=CC(Br)=C1,-7.7491627,7.161947,False,48,5,0.8,euclidean,random,StandardScaler_per_sample_dimension
CC(C)(C1=CC=CC(Br)=C1)C1=CC(Br)=CC=C1,-7.6521635,6.8710003,False,48,5,0.8,euclidean,random,StandardScaler_per_sample_dimension
CC(C)(C1=CC=CC(Br)=C1)C1=CC=CC(Br)=C1,-7.7148376,8.676174,False,48,5,0.8,euclidean,random,StandardScaler_per_sample_dimension
CC(C)(C1=CC=CC=C1)C1=CC(Br)=C(O)C=C1,-7.6076684,8.750558,False,48,5,0.8,euclidean,random,StandardScaler_per_sample_dimension
CC(C)(C1=CC=CC=C1)C1=CC=C(O)C(Br)=C1,-9.862013,19.238008,False,48,5,0.8,euclidean,random,StandardScaler_per_sample_dimension
CCC(=O)NC1=CC(PC)=CC=C1,-2.3386376,15.675086,False,48,5,0.8,euclidean,random,StandardScaler_per_sample_dimension
CCC(=O)NC1=CC=CC(PC)=C1,-2.91567,16.174585,False,48,5,0.8,euclidean,random,StandardScaler_per_sample_dimension
CCC(=O)NC1=CC([PH](C)=O)=CC=C1,-3.29164,16.51537,False,48,5,0.8,euclidean,random,StandardScaler_per_sample_dimension
CCC(=O)NC1=CC=CC([PH](C)=O)=C1,-2.6458495,15.689763,False,48,5,0.8,euclidean,random,StandardScaler_per_sample_dimension
CCNC(=O)CC(C)C=O,11.5603485,7.5509043,False,48,5,0.8,euclidean,random,StandardScaler_per_sample_dimension
COP(O)O,19.501368,4.633235,False,48,5,0.8,euclidean,random,StandardScaler_per_sample_dimension
COP(=O)(O)O,19.551092,4.6565423,False,48,5,0.8,euclidean,random,StandardScaler_per_sample_dimension
COP(O)OC,19.627611,4.7512565,False,48,5,0.8,euclidean,random,StandardScaler_per_sample_dimension
COP(=O)(O)OC,19.596243,4.8072743,False,48,5,0.8,euclidean,random,StandardScaler_per_sample_dimension
CCCNC1=CC(PC)=CC=C1,-7.7640896,-2.3647926,False,48,5,0.8,euclidean,random,StandardScaler_per_sample_dimension
CCCNC1=CC=CC(PC)=C1,-7.8028827,-2.1029189,False,48,5,0.8,euclidean,random,StandardScaler_per_sample_dimension
CCCNC1=CC([PH](C)=O)=CC=C1,-7.834021,-2.102768,False,48,5,0.8,euclidean,random,StandardScaler_per_sample_dimension
CCCNC1=CC=CC([PH](C)=O)=C1,-7.689988,-2.2512867,False,48,5,0.8,euclidean,random,StandardScaler_per_sample_dimension
PC1=CC(NCC2=CC=CC=C2)=CC=C1,-20.153389,16.025883,False,48,5,0.8,euclidean,random,StandardScaler_per_sample_dimension
PC1=CC=CC(NCC2=CC=CC=C2)=C1,-20.75146,16.728052,False,48,5,0.8,euclidean,random,StandardScaler_per_sample_dimension
O=C(NC1=CC(P)=CC=C1)C1=CC=CC=C1,-19.995798,15.822091,False,48,5,0.8,euclidean,random,StandardScaler_per_sample_dimension
O=C(NC1=CC=CC(P)=C1)C1=CC=CC=C1,-20.150959,15.700261,False,48,5,0.8,euclidean,random,StandardScaler_per_sample_dimension
O=PC1=CC(NCC2=CC=CC=C2)=CC=C1,-21.174871,17.169804,False,48,5,0.8,euclidean,random,StandardScaler_per_sample_dimension
O=PC1=CC=CC(NCC2=CC=CC=C2)=C1,-19.951181,15.788178,False,48,5,0.8,euclidean,random,StandardScaler_per_sample_dimension
O=PC1=CC(NC(=O)C2=CC=CC=C2)=CC=C1,-21.017946,17.05174,False,48,5,0.8,euclidean,random,StandardScaler_per_sample_dimension
O=PC1=CC=CC(NC(=O)C2=CC=CC=C2)=C1,-19.941124,15.784696,False,48,5,0.8,euclidean,random,StandardScaler_per_sample_dimension
CCCCC(=O)NCCCCCN,31.289967,12.435515,False,48,5,0.8,euclidean,random,StandardScaler_per_sample_dimension
CC(=O)NCCCCCC=O,9.6524725,-4.7725625,False,48,5,0.8,euclidean,random,StandardScaler_per_sample_dimension
CC1=CC(C(C)(C)C2=CC=C(O)C=C2)=CC=C1,6.869166,1.8213849,False,48,5,0.8,euclidean,random,StandardScaler_per_sample_dimension
CC1=CC=CC(C(C)(C)C2=CC=C(O)C=C2)=C1,6.7951965,1.8709015,False,48,5,0.8,euclidean,random,StandardScaler_per_sample_dimension
CCCNCCC(C)C=O,17.321808,22.095123,False,48,5,0.8,euclidean,random,StandardScaler_per_sample_dimension
CCCNC(=O)CC(C)C=O,17.442667,22.231468,False,48,5,0.8,euclidean,random,StandardScaler_per_sample_dimension
CCCNC1=CC(PC2=CC=CC=C2)=CC=C1,-20.611069,5.7693315,False,48,5,0.8,euclidean,random,StandardScaler_per_sample_dimension
CCCNC1=CC=CC(PC2=CC=CC=C2)=C1,-20.806402,5.9317513,False,48,5,0.8,euclidean,random,StandardScaler_per_sample_dimension
O=CC1=CC(P)=CC=C1,22.104784,1.0880246,False,48,5,0.8,euclidean,random,StandardScaler_per_sample_dimension
O=CC1=CC=C(P)C=C1,-19.638369,10.31505,False,48,5,0.8,euclidean,random,StandardScaler_per_sample_dimension
O=CC1=CC=CC(P)=C1,22.10648,0.9086021,False,48,5,0.8,euclidean,random,StandardScaler_per_sample_dimension
O=CC1=CC(P=O)=CC=C1,21.951487,1.2434345,False,48,5,0.8,euclidean,random,StandardScaler_per_sample_dimension
O=CC1=CC=C(P=O)C=C1,-19.535769,10.233607,False,48,5,0.8,euclidean,random,StandardScaler_per_sample_dimension
O=CC1=CC=CC(P=O)=C1,21.938818,1.250328,False,48,5,0.8,euclidean,random,StandardScaler_per_sample_dimension
O=[SH]C1=CC=C(OP)C=C1,-6.172654,5.8225555,False,48,5,0.8,euclidean,random,StandardScaler_per_sample_dimension
O=CCCCCCNC1=CC=CC=C1,8.972528,-2.8509538,False,48,5,0.8,euclidean,random,StandardScaler_per_sample_dimension
CC1=CC=C(PC2=CC=C(C=O)C=C2)C=C1,-19.504332,10.185334,False,48,5,0.8,euclidean,random,StandardScaler_per_sample_dimension
O=S(C1=CC=CC=C1)C1=CC=C(OP)C=C1,-6.166262,5.83877,False,48,5,0.8,euclidean,random,StandardScaler_per_sample_dimension
CC(C)(C1=CC=CC=C1)C1=CC(Br)=CC(Br)=C1,-9.920679,-2.2334983,False,48,5,0.8,euclidean,random,StandardScaler_per_sample_dimension
O=C1C2=C(C=CC=C2)CN1C1=C(O)C=CC=C1,27.71176,15.030038,False,48,5,0.8,euclidean,random,StandardScaler_per_sample_dimension
O=C1C2=C(C=CC=C2)CN1C1=CC=CC=C1O,27.4771,15.250683,False,48,5,0.8,euclidean,random,StandardScaler_per_sample_dimension
O=C1C2=CC=CC=C2CN1C1=C(O)C=CC=C1,27.753595,14.974454,False,48,5,0.8,euclidean,random,StandardScaler_per_sample_dimension
O=C1C2=CC=CC=C2CN1C1=CC=CC=C1O,27.64275,15.091197,False,48,5,0.8,euclidean,random,StandardScaler_per_sample_dimension
O=S(C1=CC=C(O)C=C1)C1=CC=C(OP)C=C1,-6.1751275,5.7411757,False,48,5,0.8,euclidean,random,StandardScaler_per_sample_dimension
CC1=CC=C(O)C=C1C,16.256655,10.633651,False,48,5,0.8,euclidean,random,StandardScaler_per_sample_dimension
CCC(=O)NC1=CC(P)=CC=C1,-8.424952,0.40481147,False,48,5,0.8,euclidean,random,StandardScaler_per_sample_dimension
CCC(=O)NC1=CC=CC(P)=C1,-8.528076,-0.014128746,False,48,5,0.8,euclidean,random,StandardScaler_per_sample_dimension
CCC(=O)NC1=CC(P=O)=CC=C1,-7.8115625,1.0681627,False,48,5,0.8,euclidean,random,StandardScaler_per_sample_dimension
CCC(=O)NC1=CC=CC(P=O)=C1,-7.3535585,18.442799,False,48,5,0.8,euclidean,random,StandardScaler_per_sample_dimension
CC1=CC=C(OC2=CC=CC=C2)C=C1C,16.351643,10.503811,False,48,5,0.8,euclidean,random,StandardScaler_per_sample_dimension
O=CCCCCC(=O)NC1=CC=CC=C1,9.166468,-3.7095087,False,48,5,0.8,euclidean,random,StandardScaler_per_sample_dimension
CC1=C(O)C=CC(N)=C1,9.995159,-8.882575,False,48,5,0.8,euclidean,random,StandardScaler_per_sample_dimension
CC1=C(OC2=CC=CC=C2)C=CC(N)=C1,10.002564,-8.702117,False,48,5,0.8,euclidean,random,StandardScaler_per_sample_dimension
CCCCCOC,7.556146,-4.38774,False,48,5,0.8,euclidean,random,StandardScaler_per_sample_dimension
CC(C)CCCNC1=CC=CC=C1,1.8557501,-1.5423845,False,48,5,0.8,euclidean,random,StandardScaler_per_sample_dimension
CC(C)CCC(=O)NC1=CC=CC=C1,1.7773527,-1.5419695,False,48,5,0.8,euclidean,random,StandardScaler_per_sample_dimension
CNC1=CC(C)=CC(COCCO)=C1,13.401091,-8.581115,False,48,5,0.8,euclidean,random,StandardScaler_per_sample_dimension
CC1=CC(COCCO)=CC(NC=O)=C1,13.337226,-9.031268,False,48,5,0.8,euclidean,random,StandardScaler_per_sample_dimension
CNC1=CC(C)=CC(C(=O)OCCO)=C1,13.767913,-8.512213,False,48,5,0.8,euclidean,random,StandardScaler_per_sample_dimension
CNC1=CC(C=O)=CC(COCCO)=C1,13.347531,-9.025713,False,48,5,0.8,euclidean,random,StandardScaler_per_sample_dimension
CC1=CC(C(=O)OCCO)=CC(NC=O)=C1,13.594028,-8.819403,False,48,5,0.8,euclidean,random,StandardScaler_per_sample_dimension
CNC1=CC(C=O)=CC(C(=O)OCCO)=C1,13.701617,-8.631396,False,48,5,0.8,euclidean,random,StandardScaler_per_sample_dimension
CNC1=CC=C(OC2=CC=C(N)C=C2)C=C1,1.6646774,4.2124,False,48,5,0.8,euclidean,random,StandardScaler_per_sample_dimension
O=CNC1=CC(C=O)=CC(COCCO)=C1,13.613045,-8.592571,False,48,5,0.8,euclidean,random,StandardScaler_per_sample_dimension
CCNC1=CC=C(OC2=CC=C(N)C=C2)C=C1,1.7956626,4.3970933,False,48,5,0.8,euclidean,random,StandardScaler_per_sample_dimension
NC1=CC=C(OC2=CC=C(NC=O)C=C2)C=C1,1.6019098,4.264127,False,48,5,0.8,euclidean,random,StandardScaler_per_sample_dimension
O=CNC1=CC(C=O)=CC(C(=O)OCCO)=C1,13.490772,-8.7709875,False,48,5,0.8,euclidean,random,StandardScaler_per_sample_dimension
C1CCCC1,7.5542145,1.3199762,False,48,5,0.8,euclidean,random,StandardScaler_per_sample_dimension
CCCOC1=CC=CC=C1,7.590131,8.807731,False,48,5,0.8,euclidean,random,StandardScaler_per_sample_dimension
CCCNC1=CC(P)=CC=C1,-20.717125,5.8654075,False,48,5,0.8,euclidean,random,StandardScaler_per_sample_dimension
CCCNC1=CC=CC(P)=C1,-20.931246,5.6330457,False,48,5,0.8,euclidean,random,StandardScaler_per_sample_dimension
CCCNC1=CC(P=O)=CC=C1,-20.753328,5.8527,False,48,5,0.8,euclidean,random,StandardScaler_per_sample_dimension
CCCNC1=CC=CC(P=O)=C1,-20.633167,6.0174613,False,48,5,0.8,euclidean,random,StandardScaler_per_sample_dimension
CCCNCC1=CC(C=O)=CC=C1,14.192492,17.86243,False,48,5,0.8,euclidean,random,StandardScaler_per_sample_dimension
CCCNCC1=CC=CC(C=O)=C1,14.015947,17.610611,False,48,5,0.8,euclidean,random,StandardScaler_per_sample_dimension
CNCCC1=CC=C(O)C=C1,5.7035766,5.3987813,False,48,5,0.8,euclidean,random,StandardScaler_per_sample_dimension
PC1=CC=C(OC2=CC=CC=C2)C=C1,-4.336722,2.0356178,False,48,5,0.8,euclidean,random,StandardScaler_per_sample_dimension
O=PC1=CC=C(OC2=CC=CC=C2)C=C1,-4.372059,2.046226,False,48,5,0.8,euclidean,random,StandardScaler_per_sample_dimension
NCCC1=CC=C(O)C=C1,6.059202,5.6477685,False,48,5,0.8,euclidean,random,StandardScaler_per_sample_dimension
OP(O)O,14.867624,13.1655445,False,48,5,0.8,euclidean,random,StandardScaler_per_sample_dimension
O=P(O)(O)O,14.901536,13.123573,False,48,5,0.8,euclidean,random,StandardScaler_per_sample_dimension
CCCC1=CC(O)=CC=C1,16.197145,10.631537,False,48,5,0.8,euclidean,random,StandardScaler_per_sample_dimension
CCCC1=CC=CC(O)=C1,16.289427,10.60204,False,48,5,0.8,euclidean,random,StandardScaler_per_sample_dimension
CNC1=CC=C(COC)C=C1,-17.714437,-5.178152,False,48,5,0.8,euclidean,random,StandardScaler_per_sample_dimension
CCCN1CC2=C(C=CC=C2)C1,24.21442,7.0745163,False,48,5,0.8,euclidean,random,StandardScaler_per_sample_dimension
CCCN1CC2=CC=CC=C2C1,24.378119,7.2489505,False,48,5,0.8,euclidean,random,StandardScaler_per_sample_dimension
COCC1=CC=C(NC=O)C=C1,-17.792894,-5.343822,False,48,5,0.8,euclidean,random,StandardScaler_per_sample_dimension
OCC1=CC=C(NCC2=CC=CC=C2)C=C1,-17.560867,-5.024743,False,48,5,0.8,euclidean,random,StandardScaler_per_sample_dimension
COCC1=CC=C(NCC2=CC=CC=C2)C=C1,-17.889956,-5.123204,False,48,5,0.8,euclidean,random,StandardScaler_per_sample_dimension
O=C(NC1=CC=C(CO)C=C1)C1=CC=CC=C1,-17.725988,-5.236921,False,48,5,0.8,euclidean,random,StandardScaler_per_sample_dimension
C=CCCC=C,7.776994,-5.7308035,False,48,5,0.8,euclidean,random,StandardScaler_per_sample_dimension
CNC1=CC(C)=C(O)C=C1,12.807277,21.07787,False,48,5,0.8,euclidean,random,StandardScaler_per_sample_dimension
CC1=C(O)C=CC(NC=O)=C1,12.858618,20.1673,False,48,5,0.8,euclidean,random,StandardScaler_per_sample_dimension
CNC1=CC(C)=C(OC2=CC=CC=C2)C=C1,12.541312,20.720922,False,48,5,0.8,euclidean,random,StandardScaler_per_sample_dimension
CC1=CC=C(CNC2=CC=C(C=O)C=C2)C=C1,12.125509,1.7126163,False,48,5,0.8,euclidean,random,StandardScaler_per_sample_dimension
COCN,16.698507,18.543047,False,48,5,0.8,euclidean,random,StandardScaler_per_sample_dimension
CCCCPO,-1.3086153,18.073309,False,48,5,0.8,euclidean,random,StandardScaler_per_sample_dimension
CCCCPOC,-1.4580054,18.060507,False,48,5,0.8,euclidean,random,StandardScaler_per_sample_dimension
CCCC[PH](=O)O,-1.377133,17.884531,False,48,5,0.8,euclidean,random,StandardScaler_per_sample_dimension
CCCC[PH](=O)OC,-1.3099521,17.952269,False,48,5,0.8,euclidean,random,StandardScaler_per_sample_dimension
CCC(C)CPC1=CC=CC=C1,-0.78683674,30.014122,False,48,5,0.8,euclidean,random,StandardScaler_per_sample_dimension
O=CCCCPC1=CC=CC=C1,-0.6899699,29.711018,False,48,5,0.8,euclidean,random,StandardScaler_per_sample_dimension
CC(CC=O)CPC1=CC=CC=C1,-0.51835364,29.933155,False,48,5,0.8,euclidean,random,StandardScaler_per_sample_dimension
CCC(C)C[PH](=O)C1=CC=CC=C1,-0.7229717,29.948595,False,48,5,0.8,euclidean,random,StandardScaler_per_sample_dimension
CCC(C=O)CPC1=CC=CC=C1,-0.6871682,29.777029,False,48,5,0.8,euclidean,random,StandardScaler_per_sample_dimension
O=CCCC[PH](=O)C1=CC=CC=C1,-0.56762105,29.803495,False,48,5,0.8,euclidean,random,StandardScaler_per_sample_dimension
CC(CC=O)C[PH](=O)C1=CC=CC=C1,-0.5974501,29.836676,False,48,5,0.8,euclidean,random,StandardScaler_per_sample_dimension
CCC(C=O)C[PH](=O)C1=CC=CC=C1,-0.6322213,29.872187,False,48,5,0.8,euclidean,random,StandardScaler_per_sample_dimension
O=CCC(C=O)CPC1=CC=CC=C1,-0.71893364,29.947952,False,48,5,0.8,euclidean,random,StandardScaler_per_sample_dimension
O=CCC(C=O)C[PH](=O)C1=CC=CC=C1,-0.56199974,29.807577,False,48,5,0.8,euclidean,random,StandardScaler_per_sample_dimension
CCC(C)CP,-1.6979338,18.153433,False,48,5,0.8,euclidean,random,StandardScaler_per_sample_dimension
O=CCCCP,-1.55225,18.063637,False,48,5,0.8,euclidean,random,StandardScaler_per_sample_dimension
CC(CP)CC=O,-1.7635258,18.274416,False,48,5,0.8,euclidean,random,StandardScaler_per_sample_dimension
CCC(C)CP=O,-1.9414158,18.364199,False,48,5,0.8,euclidean,random,StandardScaler_per_sample_dimension
CCC(C=O)CP,-1.9196973,18.069897,False,48,5,0.8,euclidean,random,StandardScaler_per_sample_dimension
O=CCCCP=O,-1.8320462,18.09587,False,48,5,0.8,euclidean,random,StandardScaler_per_sample_dimension
CC(CC=O)CP=O,-1.8917044,18.050917,False,48,5,0.8,euclidean,random,StandardScaler_per_sample_dimension
CCC(C=O)CP=O,-1.653624,17.80623,False,48,5,0.8,euclidean,random,StandardScaler_per_sample_dimension
O=CCC(C=O)CP,-1.6751435,18.047401,False,48,5,0.8,euclidean,random,StandardScaler_per_sample_dimension
O=CCC(C=O)CP=O,-2.0574071,18.225489,False,48,5,0.8,euclidean,random,StandardScaler_per_sample_dimension
POC1=CC=C(S)C=C1,-6.202108,22.68248,False,48,5,0.8,euclidean,random,StandardScaler_per_sample_dimension
O=[SH](=O)C1=CC=C(OP)C=C1,-6.096278,22.906235,False,48,5,0.8,euclidean,random,StandardScaler_per_sample_dimension
PC1=C(OC2=CC=CC=C2)C=CC=C1,6.7905507,-7.518399,False,48,5,0.8,euclidean,random,StandardScaler_per_sample_dimension
CC1=CC=C(PC2=CC=C(C)C=C2)C=C1,-19.385742,10.230813,False,48,5,0.8,euclidean,random,StandardScaler_per_sample_dimension
O=PC1=C(OC2=CC=CC=C2)C=CC=C1,6.951252,-7.3874025,False,48,5,0.8,euclidean,random,StandardScaler_per_sample_dimension
POC1=CC=C(SC2=CC=CC=C2)C=C1,-6.6341376,22.755379,False,48,5,0.8,euclidean,random,StandardScaler_per_sample_dimension
CC1=CC=C([PH](=O)C2=CC=C(C)C=C2)C=C1,-19.278513,10.193696,False,48,5,0.8,euclidean,random,StandardScaler_per_sample_dimension
OC1=C(N2CC3=C(C=CC=C3)C2)C=CC=C1,25.781826,8.705533,False,48,5,0.8,euclidean,random,StandardScaler_per_sample_dimension
OC1=C(N2CC3=CC=CC=C3C2)C=CC=C1,25.72413,8.675961,False,48,5,0.8,euclidean,random,StandardScaler_per_sample_dimension
OC1=CC=C(SC2=CC=C(OP)C=C2)C=C1,-6.218015,22.70447,False,48,5,0.8,euclidean,random,StandardScaler_per_sample_dimension
OC1=CC=CC=C1N1CC2=C(C=CC=C2)C1,25.935596,8.665942,False,48,5,0.8,euclidean,random,StandardScaler_per_sample_dimension
OC1=CC=CC=C1N1CC2=CC=CC=C2C1,26.025883,8.984801,False,48,5,0.8,euclidean,random,StandardScaler_per_sample_dimension
NCC1=CC2=C(C=C1)CN(C1=CC=CC=C1)C2,-8.995931,13.574643,False,48,5,0.8,euclidean,random,StandardScaler_per_sample_dimension
NCC1=CC=C2CN(C3=CC=CC=C3)CC2=C1,-9.516293,13.566971,False,48,5,0.8,euclidean,random,StandardScaler_per_sample_dimension
O=S(=O)(C1=CC=CC=C1)C1=CC=C(OP)C=C1,-6.2465234,22.67871,False,48,5,0.8,euclidean,random,StandardScaler_per_sample_dimension
CCNC(=O)CCCCCNC,-1.2385238,6.5112915,False,48,5,0.8,euclidean,random,StandardScaler_per_sample_dimension
CCNCCCCCC(=O)NC,-1.0721823,6.2641788,False,48,5,0.8,euclidean,random,StandardScaler_per_sample_dimension
CNCCCCCC(=O)NC,11.412192,17.485947,False,48,5,0.8,euclidean,random,StandardScaler_per_sample_dimension
CCNC1=NC(N)=NC(NC)=N1,8.15279,11.636409,False,48,5,0.8,euclidean,random,StandardScaler_per_sample_dimension
CCNC1=NC(NC)=NC(N)=N1,7.933659,11.828692,False,48,5,0.8,euclidean,random,StandardScaler_per_sample_dimension
CCCNC(=O)CCCCCNC,-1.292124,6.440187,False,48,5,0.8,euclidean,random,StandardScaler_per_sample_dimension
CCCNCCCCCC(=O)NC,-1.4067625,6.4853334,False,48,5,0.8,euclidean,random,StandardScaler_per_sample_dimension
CCCNCCCCCCNC,9.304539,-3.8133106,False,48,5,0.8,euclidean,random,StandardScaler_per_sample_dimension
CNC(=O)CCCCCN,11.369761,17.434065,False,48,5,0.8,euclidean,random,StandardScaler_per_sample_dimension
CNCCCCCC(N)=O,11.47326,17.542175,False,48,5,0.8,euclidean,random,StandardScaler_per_sample_dimension
CCNC(=O)CCCCCN,10.091639,-3.6385417,False,48,5,0.8,euclidean,random,StandardScaler_per_sample_dimension
CCNCCCCCC(N)=O,9.990804,-3.982196,False,48,5,0.8,euclidean,random,StandardScaler_per_sample_dimension
CC(CO)CO,16.170568,18.29912,False,48,5,0.8,euclidean,random,StandardScaler_per_sample_dimension
CCCOPO,4.2333183,-15.570223,False,48,5,0.8,euclidean,random,StandardScaler_per_sample_dimension
CCCO[PH](=O)O,4.2276516,-15.601314,False,48,5,0.8,euclidean,random,StandardScaler_per_sample_dimension
CCCNC(=O)CCCCCN,-7.4130025,-15.8377,False,48,5,0.8,euclidean,random,StandardScaler_per_sample_dimension
CCCNCCCCCC(N)=O,8.128289,-1.581006,False,48,5,0.8,euclidean,random,StandardScaler_per_sample_dimension
CCCCCCC(=O)NCCCC,-4.956379,3.943053,False,48,5,0.8,euclidean,random,StandardScaler_per_sample_dimension
CCCCCCCCN(C)C,6.1914053,7.7735434,False,48,5,0.8,euclidean,random,StandardScaler_per_sample_dimension
CCCCCCCC(=O)NCCCC,-4.9841576,4.0347443,False,48,5,0.8,euclidean,random,StandardScaler_per_sample_dimension
NCCCCCC(N)=O,4.2453184,-6.8795724,False,48,5,0.8,euclidean,random,StandardScaler_per_sample_dimension
CCNC1=NC(N)=NC(N)=N1,10.4477625,11.612533,False,48,5,0.8,euclidean,random,StandardScaler_per_sample_dimension
CCCCCNC1=CC=CC(C)=C1,3.4294305,-7.003128,False,48,5,0.8,euclidean,random,StandardScaler_per_sample_dimension
CCCCC(=O)NC1=CC=CC(C)=C1,3.5478573,-7.05492,False,48,5,0.8,euclidean,random,StandardScaler_per_sample_dimension
CC(CC=O)CCC=O,9.952921,-4.4056234,False,48,5,0.8,euclidean,random,StandardScaler_per_sample_dimension
CCCOPOC,4.0318136,-15.511404,False,48,5,0.8,euclidean,random,StandardScaler_per_sample_dimension
CCCO[PH](=O)OC,4.3820844,-15.405673,False,48,5,0.8,euclidean,random,StandardScaler_per_sample_dimension
C=CCC(C)C,-7.7843924,4.961004,False,48,5,0.8,euclidean,random,StandardScaler_per_sample_dimension
OC1=CC=C(PC2=CC=CC=C2)C=C1,-5.040629,1.4484864,False,48,5,0.8,euclidean,random,StandardScaler_per_sample_dimension
COC1=CC=C(PC2=CC=CC=C2)C=C1,-4.787124,1.6503457,False,48,5,0.8,euclidean,random,StandardScaler_per_sample_dimension
O=[PH](C1=CC=CC=C1)C1=CC=C(O)C=C1,-4.8395143,1.6621017,False,48,5,0.8,euclidean,random,StandardScaler_per_sample_dimension
COC1=CC=C([PH](=O)C2=CC=CC=C2)C=C1,-4.876036,1.5672712,False,48,5,0.8,euclidean,random,StandardScaler_per_sample_dimension
CCC1=CC(OC2=CC=CC=C2)=CC=C1,-2.071173,-1.7165517,False,48,5,0.8,euclidean,random,StandardScaler_per_sample_dimension
CCC1=CC=CC(OC2=CC=CC=C2)=C1,-2.038324,-1.6374987,False,48,5,0.8,euclidean,random,StandardScaler_per_sample_dimension
C=C(C)CCCC,7.585297,-5.4134116,False,48,5,0.8,euclidean,random,StandardScaler_per_sample_dimension
CC1=CC(S)=CC=C1,-0.5134903,-4.6713705,False,48,5,0.8,euclidean,random,StandardScaler_per_sample_dimension
CC1=CC=CC(S)=C1,-0.86620015,-4.7247424,False,48,5,0.8,euclidean,random,StandardScaler_per_sample_dimension
CCCN1CC2=C(C=CC=C2)C1=O,23.859657,7.1213517,False,48,5,0.8,euclidean,random,StandardScaler_per_sample_dimension
CCC(C)N1CC2=C(C=CC=C2)C1=O,23.949718,6.953664,False,48,5,0.8,euclidean,random,StandardScaler_per_sample_dimension
CC[C@@H](C)N1CC2=C(C=CC=C2)C1=O,24.026155,7.040545,False,48,5,0.8,euclidean,random,StandardScaler_per_sample_dimension
CCCCC(=O)O,7.807925,-4.7394576,False,48,5,0.8,euclidean,random,StandardScaler_per_sample_dimension
C#CC1=CC=CC=C1,3.0212352,-18.983173,False,48,5,0.8,euclidean,random,StandardScaler_per_sample_dimension
O=POC1=CC=C([SH]=O)C=C1,-6.2715864,5.7122364,False,48,5,0.8,euclidean,random,StandardScaler_per_sample_dimension
OC1=CC=C(C2CCCCC2)C=C1,7.3510222,8.616258,False,48,5,0.8,euclidean,random,StandardScaler_per_sample_dimension
CC1=CC=C(C(C)(C)C2=CC=CC=C2)C=C1,2.5993066,1.791512,False,48,5,0.8,euclidean,random,StandardScaler_per_sample_dimension
CC1=CC=C(OC2=CC(C=O)=CC=C2)C=C1,3.3827534,1.1424459,False,48,5,0.8,euclidean,random,StandardScaler_per_sample_dimension
CC1=CC=C(OC2=CC=CC(C=O)=C2)C=C1,3.5878959,1.0746522,False,48,5,0.8,euclidean,random,StandardScaler_per_sample_dimension
CC1=CC(NCCCC2=CC=CC=C2)=CC=C1,-12.394573,19.11885,False,48,5,0.8,euclidean,random,StandardScaler_per_sample_dimension
CC1=CC=CC(NCCCC2=CC=CC=C2)=C1,-12.561113,19.115671,False,48,5,0.8,euclidean,random,StandardScaler_per_sample_dimension
O=POC1=CC=C(S(=O)C2=CC=CC=C2)C=C1,-6.2415333,5.762527,False,48,5,0.8,euclidean,random,StandardScaler_per_sample_dimension
C=CCC=O,7.586426,-5.7523847,False,48,5,0.8,euclidean,random,StandardScaler_per_sample_dimension
C=C(C)CC=O,7.629332,-5.821432,False,48,5,0.8,euclidean,random,StandardScaler_per_sample_dimension
OCCOPO,0.9423165,-22.306091,False,48,5,0.8,euclidean,random,StandardScaler_per_sample_dimension
CCCCCCO,7.6721673,-4.018712,False,48,5,0.8,euclidean,random,StandardScaler_per_sample_dimension
O=[PH](O)OCCO,1.0043138,-22.368656,False,48,5,0.8,euclidean,random,StandardScaler_per_sample_dimension
CCC1=CC=C2CN(C)CC2=C1,22.784178,22.31382,False,48,5,0.8,euclidean,random,StandardScaler_per_sample_dimension
CCC1=CC=C2C(=O)N(C)CC2=C1,22.419048,21.940346,False,48,5,0.8,euclidean,random,StandardScaler_per_sample_dimension
CCC1=CC=C2CN(C)C(=O)C2=C1,22.627428,22.303593,False,48,5,0.8,euclidean,random,StandardScaler_per_sample_dimension
O=C(CC1=CC=CC=C1)C1=CC=CC=C1,4.8798113,2.7666867,False,48,5,0.8,euclidean,random,StandardScaler_per_sample_dimension
C1=CC=C(CCNCC2=CC=CC=C2)C=C1,-12.429519,18.948467,False,48,5,0.8,euclidean,random,StandardScaler_per_sample_dimension
O=C(NCCC1=CC=CC=C1)C1=CC=CC=C1,-12.379531,18.869743,False,48,5,0.8,euclidean,random,StandardScaler_per_sample_dimension
COCCN,10.365826,11.866284,False,48,5,0.8,euclidean,random,StandardScaler_per_sample_dimension
OCPO,8.811292,14.339029,False,48,5,0.8,euclidean,random,StandardScaler_per_sample_dimension
COPCO,9.815298,13.928537,False,48,5,0.8,euclidean,random,StandardScaler_per_sample_dimension
O=[PH](O)CO,6.621095,14.749011,False,48,5,0.8,euclidean,random,StandardScaler_per_sample_dimension
CCNCCO,10.613503,12.377893,False,48,5,0.8,euclidean,random,StandardScaler_per_sample_dimension
CO[PH](=O)CO,9.794388,14.071522,False,48,5,0.8,euclidean,random,StandardScaler_per_sample_dimension
CCN(C)CCO,10.713025,12.243746,False,48,5,0.8,euclidean,random,StandardScaler_per_sample_dimension
CCCOC1=CC=C(C)C=C1,7.5018125,8.737164,False,48,5,0.8,euclidean,random,StandardScaler_per_sample_dimension
CCNC1=CC=C(CN)C=C1,-3.1352186,6.5810766,False,48,5,0.8,euclidean,random,StandardScaler_per_sample_dimension
CCNC1=CC=C(C(N)=O)C=C1,-3.1843965,6.46059,False,48,5,0.8,euclidean,random,StandardScaler_per_sample_dimension
CCNC1=CC=C(CNC)C=C1,-3.0923245,6.5960712,False,48,5,0.8,euclidean,random,StandardScaler_per_sample_dimension
CCNC1=CC=C(C(=O)NC)C=C1,-3.000185,6.7786465,False,48,5,0.8,euclidean,random,StandardScaler_per_sample_dimension
CC1=CC(CO)=CC(NCC2=CC=CC=C2)=C1,-19.942738,1.5713358,False,48,5,0.8,euclidean,random,StandardScaler_per_sample_dimension
CCCOCCCCO,0.51395,2.6340892,False,48,5,0.8,euclidean,random,StandardScaler_per_sample_dimension
CCCNC(=O)C1=CC(C)=CC=C1,12.904896,-12.899025,False,48,5,0.8,euclidean,random,StandardScaler_per_sample_dimension
CCCNC(=O)C1=CC=CC(C)=C1,12.77015,-12.971366,False,48,5,0.8,euclidean,random,StandardScaler_per_sample_dimension
OC1=CC=C(C2=CC=CC=C2)C=C1,-3.8756933,2.4575493,False,48,5,0.8,euclidean,random,StandardScaler_per_sample_dimension
CCCNC(=O)C1=CC(C=O)=CC=C1,13.015589,-13.628529,False,48,5,0.8,euclidean,random,StandardScaler_per_sample_dimension
CCCNC(=O)C1=CC=CC(C=O)=C1,13.057832,-13.122233,False,48,5,0.8,euclidean,random,StandardScaler_per_sample_dimension
COPOCCO,-6.242891,-7.3583384,False,48,5,0.8,euclidean,random,StandardScaler_per_sample_dimension
CO[PH](=O)OCCO,-6.3906283,-7.1690617,False,48,5,0.8,euclidean,random,StandardScaler_per_sample_dimension
CN1CC2=CC=C(CC3=CC=CC=C3)C=C2C1,22.456352,22.129637,False,48,5,0.8,euclidean,random,StandardScaler_per_sample_dimension
CCNCC1=CC=C(C)C=C1,12.941163,17.357973,False,48,5,0.8,euclidean,random,StandardScaler_per_sample_dimension
CCNCC1=CC=C(C=O)C=C1,12.7781725,17.116789,False,48,5,0.8,euclidean,random,StandardScaler_per_sample_dimension
CNC1=CC=C(C(=O)O)C=C1,-17.89189,-5.2704663,False,48,5,0.8,euclidean,random,StandardScaler_per_sample_dimension
CCNC1=CC=C(C(=O)O)C=C1,-18.078577,-5.201468,False,48,5,0.8,euclidean,random,StandardScaler_per_sample_dimension
O=CNC1=CC=C(C(=O)O)C=C1,-18.09635,-5.0901275,False,48,5,0.8,euclidean,random,StandardScaler_per_sample_dimension
CC(=O)NC1=CC=C(C(=O)O)C=C1,-17.938097,-5.1418242,False,48,5,0.8,euclidean,random,StandardScaler_per_sample_dimension
CC1=CC(CNC2=CC(N)=CC=C2)=CC=C1,23.535824,15.409541,False,48,5,0.8,euclidean,random,StandardScaler_per_sample_dimension
CC1=CC(CNC2=CC=CC(N)=C2)=CC=C1,23.776735,15.5026,False,48,5,0.8,euclidean,random,StandardScaler_per_sample_dimension
CC1=CC=CC(CNC2=CC(N)=CC=C2)=C1,23.658287,15.133551,False,48,5,0.8,euclidean,random,StandardScaler_per_sample_dimension
CC1=CC=CC(CNC2=CC=CC(N)=C2)=C1,23.658823,15.638296,False,48,5,0.8,euclidean,random,StandardScaler_per_sample_dimension
CC1=CC(C(=O)NC2=CC(N)=CC=C2)=CC=C1,23.510191,15.714572,False,48,5,0.8,euclidean,random,StandardScaler_per_sample_dimension
CC1=CC(C(=O)NC2=CC=CC(N)=C2)=CC=C1,23.464104,15.046619,False,48,5,0.8,euclidean,random,StandardScaler_per_sample_dimension
CC1=CC=CC(C(=O)NC2=CC(N)=CC=C2)=C1,23.751438,15.163195,False,48,5,0.8,euclidean,random,StandardScaler_per_sample_dimension
CC1=CC=CC(C(=O)NC2=CC=CC(N)=C2)=C1,23.49688,15.729574,False,48,5,0.8,euclidean,random,StandardScaler_per_sample_dimension
CCNC1=CC=C(CC2=CC=C(N)C=C2)C=C1,-10.377985,-5.569905,False,48,5,0.8,euclidean,random,StandardScaler_per_sample_dimension
COP(OC)OC,14.816769,13.149811,False,48,5,0.8,euclidean,random,StandardScaler_per_sample_dimension
CCOC(=O)C(C)C,18.10955,-2.9446104,False,48,5,0.8,euclidean,random,StandardScaler_per_sample_dimension
COP(=O)(OC)OC,14.881333,13.116964,False,48,5,0.8,euclidean,random,StandardScaler_per_sample_dimension
CCC(C)N1CC2=C(C=CC=C2)C1,24.191687,7.128466,False,48,5,0.8,euclidean,random,StandardScaler_per_sample_dimension
CC[C@@H](C)N1CC2=C(C=CC=C2)C1,24.175842,7.1077533,False,48,5,0.8,euclidean,random,StandardScaler_per_sample_dimension
CCCN1C(=O)C2=C(C=CC=C2)C1=O,23.977785,6.8016143,False,48,5,0.8,euclidean,random,StandardScaler_per_sample_dimension
CCC(C)N1C(=O)C2=C(C=CC=C2)C1=O,24.10257,6.9245787,False,48,5,0.8,euclidean,random,StandardScaler_per_sample_dimension
CC[C@@H](C)N1C(=O)C2=C(C=CC=C2)C1=O,23.936926,6.8546634,False,48,5,0.8,euclidean,random,StandardScaler_per_sample_dimension
CCOCCOP,-6.2840004,-7.6399245,False,48,5,0.8,euclidean,random,StandardScaler_per_sample_dimension
O=COCCOP,-6.355827,-8.626414,False,48,5,0.8,euclidean,random,StandardScaler_per_sample_dimension
CC(=O)OCCOP,-6.3227515,-8.192113,False,48,5,0.8,euclidean,random,StandardScaler_per_sample_dimension
CCOCCOP=O,-5.0250587,-7.996116,False,48,5,0.8,euclidean,random,StandardScaler_per_sample_dimension
O=COCCOP=O,-5.9012494,-7.6816545,False,48,5,0.8,euclidean,random,StandardScaler_per_sample_dimension
C#CC1=CC=C(C)C=C1,3.1921458,-19.157999,False,48,5,0.8,euclidean,random,StandardScaler_per_sample_dimension
CC(=O)OCCOP=O,-5.08443,-7.961841,False,48,5,0.8,euclidean,random,StandardScaler_per_sample_dimension
C#CC1=CC=C(C=O)C=C1,3.3027756,-19.347126,False,48,5,0.8,euclidean,random,StandardScaler_per_sample_dimension
NC1=CC=C(OPO)C=C1,11.742174,3.4963696,False,48,5,0.8,euclidean,random,StandardScaler_per_sample_dimension
NC1=CC=C(O[PH](=O)O)C=C1,11.730824,3.278236,False,48,5,0.8,euclidean,random,StandardScaler_per_sample_dimension
CC1=CC=C(C#CC2=CC=CC=C2)C=C1,3.1858385,-19.176476,False,48,5,0.8,euclidean,random,StandardScaler_per_sample_dimension
NC1=CC=C(OPOC2=CC=CC=C2)C=C1,11.760863,3.4913442,False,48,5,0.8,euclidean,random,StandardScaler_per_sample_dimension
O=CC1=CC=C(C#CC2=CC=CC=C2)C=C1,3.277702,-19.242353,False,48,5,0.8,euclidean,random,StandardScaler_per_sample_dimension
NC1=CC=C(O[PH](=O)OC2=CC=CC=C2)C=C1,11.683774,3.5581856,False,48,5,0.8,euclidean,random,StandardScaler_per_sample_dimension
C#C,3.4767945,-19.453394,False,48,5,0.8,euclidean,random,StandardScaler_per_sample_dimension
OCP,3.5202584,21.610235,False,48,5,0.8,euclidean,random,StandardScaler_per_sample_dimension
O=PCO,3.4744864,23.143955,False,48,5,0.8,euclidean,random,StandardScaler_per_sample_dimension
OP(O)C1=CC=CC=C1,5.935485,-11.867758,False,48,5,0.8,euclidean,random,StandardScaler_per_sample_dimension
O=P(O)(O)C1=CC=CC=C1,5.83887,-11.780822,False,48,5,0.8,euclidean,random,StandardScaler_per_sample_dimension
O=POC1=CC=C(S)C=C1,-6.4249535,22.588121,False,48,5,0.8,euclidean,random,StandardScaler_per_sample_dimension
O=C1CC(=O)C2=C1C=CC=C2,4.202248,2.4230995,False,48,5,0.8,euclidean,random,StandardScaler_per_sample_dimension
O=C1CC(=O)C2=CC=CC=C12,4.181397,2.6234717,False,48,5,0.8,euclidean,random,StandardScaler_per_sample_dimension
O=POC1=CC=C([SH](=O)=O)C=C1,-6.442884,22.878883,False,48,5,0.8,euclidean,random,StandardScaler_per_sample_dimension
C(#CC1=CC=CC=C1)C1=CC=CC=C1,3.2899609,-19.278406,False,48,5,0.8,euclidean,random,StandardScaler_per_sample_dimension
CC1=CC=C(NCC2=CC(N)=CC=C2)C=C1,14.321361,11.601126,False,48,5,0.8,euclidean,random,StandardScaler_per_sample_dimension
CC1=CC=C(NCC2=CC=CC(N)=C2)C=C1,14.345056,11.556588,False,48,5,0.8,euclidean,random,StandardScaler_per_sample_dimension
O=POC1=CC=C(SC2=CC=CC=C2)C=C1,-6.259857,22.766966,False,48,5,0.8,euclidean,random,StandardScaler_per_sample_dimension
O=POC1=CC=C(SC2=CC=C(O)C=C2)C=C1,-6.2300634,22.998404,False,48,5,0.8,euclidean,random,StandardScaler_per_sample_dimension
CCNC(=O)CCCCC(=O)NC,-1.2863523,6.555988,False,48,5,0.8,euclidean,random,StandardScaler_per_sample_dimension
CCCNC(=O)CCCCC(=O)NC,-7.465662,-15.920729,False,48,5,0.8,euclidean,random,StandardScaler_per_sample_dimension
CNCCCCCCNC=O,11.396316,17.486956,False,48,5,0.8,euclidean,random,StandardScaler_per_sample_dimension
CC(CF)C1=CC=C(OPO)C=C1,0.2066578,5.3622065,False,48,5,0.8,euclidean,random,StandardScaler_per_sample_dimension
CNC(=O)CCCCC(N)=O,11.230376,17.546139,False,48,5,0.8,euclidean,random,StandardScaler_per_sample_dimension
CCNCCCCCCNC=O,-7.590333,-16.032352,False,48,5,0.8,euclidean,random,StandardScaler_per_sample_dimension
CNC(=O)CCCCCNC=O,11.441274,17.3219,False,48,5,0.8,euclidean,random,StandardScaler_per_sample_dimension
CCNC(=O)CCCCC(N)=O,10.069933,-3.5830605,False,48,5,0.8,euclidean,random,StandardScaler_per_sample_dimension
CNC(=O)CCCCC(=O)NC,4.461158,-6.701041,False,48,5,0.8,euclidean,random,StandardScaler_per_sample_dimension
CCCNCCCCCCNC=O,9.568245,-4.4989915,False,48,5,0.8,euclidean,random,StandardScaler_per_sample_dimension
CCNC(=O)CCCCCNC=O,1.6570517,-2.0219631,False,48,5,0.8,euclidean,random,StandardScaler_per_sample_dimension
CCCNC(=O)CCCCC(N)=O,9.949961,-3.899274,False,48,5,0.8,euclidean,random,StandardScaler_per_sample_dimension
CCNCCCCC=O,9.813606,-4.676775,False,48,5,0.8,euclidean,random,StandardScaler_per_sample_dimension
CCNC(=O)CCCCN,-7.618464,-16.048962,False,48,5,0.8,euclidean,random,StandardScaler_per_sample_dimension
CCCCNCCCCC=O,9.426847,-4.6800637,False,48,5,0.8,euclidean,random,StandardScaler_per_sample_dimension
CCCCNC(=O)CCCCN,10.223294,-3.6167526,False,48,5,0.8,euclidean,random,StandardScaler_per_sample_dimension
C=CCC(C)CC,-7.537057,4.317324,False,48,5,0.8,euclidean,random,StandardScaler_per_sample_dimension
CCCCCCCCCNCCC,16.411928,4.587133,False,48,5,0.8,euclidean,random,StandardScaler_per_sample_dimension
CCC(C=O)CCC=O,4.3021455,-6.8493824,False,48,5,0.8,euclidean,random,StandardScaler_per_sample_dimension
NC(=O)CCCCCNC=O,4.500821,-6.726174,False,48,5,0.8,euclidean,random,StandardScaler_per_sample_dimension
CNCCCCC=O,-1.2577654,6.588875,False,48,5,0.8,euclidean,random,StandardScaler_per_sample_dimension
CNC(=O)CCCCN,-1.4478588,6.400032,False,48,5,0.8,euclidean,random,StandardScaler_per_sample_dimension
CNCCCCCCNC(C)=O,-1.3614227,6.6260214,False,48,5,0.8,euclidean,random,StandardScaler_per_sample_dimension
CCC(=O)NCCCCCCNC,-1.5225704,6.7967796,False,48,5,0.8,euclidean,random,StandardScaler_per_sample_dimension
CCCNCCCCC=O,9.54275,-4.5583897,False,48,5,0.8,euclidean,random,StandardScaler_per_sample_dimension
CCCNC(=O)CCCCN,9.527976,-4.743036,False,48,5,0.8,euclidean,random,StandardScaler_per_sample_dimension
OPOC1=CC=C(CCF)C=C1,0.22656533,5.4590516,False,48,5,0.8,euclidean,random,StandardScaler_per_sample_dimension
O=[PH](O)OC1=CC=C(CCF)C=C1,0.18600704,5.3874955,False,48,5,0.8,euclidean,random,StandardScaler_per_sample_dimension
OPOC1=CC=C(CC(F)F)C=C1,0.19809546,5.3820205,False,48,5,0.8,euclidean,random,StandardScaler_per_sample_dimension
CCCNC(=O)CCCCCNC=O,1.5947467,-2.1532433,False,48,5,0.8,euclidean,random,StandardScaler_per_sample_dimension
CCCCCNCCC(C)C,13.726089,5.61778,False,48,5,0.8,euclidean,random,StandardScaler_per_sample_dimension
CCCCCCCCCCNCCC,16.552309,4.629783,False,48,5,0.8,euclidean,random,StandardScaler_per_sample_dimension
CCCNCC(C)C,2.9311204,28.789324,False,48,5,0.8,euclidean,random,StandardScaler_per_sample_dimension
CCCC(=O)NCCCCC=O,8.263705,-1.816285,False,48,5,0.8,euclidean,random,StandardScaler_per_sample_dimension
CC(C)(CO)CO,16.34258,18.34112,False,48,5,0.8,euclidean,random,StandardScaler_per_sample_dimension
FCC1=CC=CC=C1,4.278345,24.929306,False,48,5,0.8,euclidean,random,StandardScaler_per_sample_dimension
FC(F)C1=CC=CC=C1,4.1501284,24.906836,False,48,5,0.8,euclidean,random,StandardScaler_per_sample_dimension
C1=CC=C(C2=CN=CN2)C=C1,10.062095,-8.182567,False,48,5,0.8,euclidean,random,StandardScaler_per_sample_dimension
C1=CC=C(C2=CNC=N2)C=C1,9.850786,-8.072054,False,48,5,0.8,euclidean,random,StandardScaler_per_sample_dimension
C1=CC=C(C2=CN=C(C3=CC=CC=C3)N2)C=C1,9.777125,-7.99921,False,48,5,0.8,euclidean,random,StandardScaler_per_sample_dimension
C1=CC=C(C2=CNC(C3=CC=CC=C3)=N2)C=C1,9.810287,-8.02378,False,48,5,0.8,euclidean,random,StandardScaler_per_sample_dimension
CCOP(O)OC,19.785782,4.712951,False,48,5,0.8,euclidean,random,StandardScaler_per_sample_dimension
CCOP(=O)(O)OC,19.82879,4.905436,False,48,5,0.8,euclidean,random,StandardScaler_per_sample_dimension
CNC(=O)CCCCCNC(C)=O,9.866691,-3.6512465,False,48,5,0.8,euclidean,random,StandardScaler_per_sample_dimension
CCC(=O)NCCCCCC(=O)NC,8.065406,-1.671085,False,48,5,0.8,euclidean,random,StandardScaler_per_sample_dimension
CC(C)(C)CO,16.469564,18.443117,False,48,5,0.8,euclidean,random,StandardScaler_per_sample_dimension
NCCCCC=O,8.312028,-1.9025375,False,48,5,0.8,euclidean,random,StandardScaler_per_sample_dimension
NCCCCC(N)=O,8.340031,-1.8375245,False,48,5,0.8,euclidean,random,StandardScaler_per_sample_dimension
CCCCCNCCCCC=O,-7.4684944,-15.909623,False,48,5,0.8,euclidean,random,StandardScaler_per_sample_dimension
CCCCCNC(=O)CCCCN,9.625242,-4.84371,False,48,5,0.8,euclidean,random,StandardScaler_per_sample_dimension
NCCCCCNCCCCC=O,-7.4991393,-15.941556,False,48,5,0.8,euclidean,random,StandardScaler_per_sample_dimension
NPN,6.921757,-6.8763385,False,48,5,0.8,euclidean,random,StandardScaler_per_sample_dimension
CCC(=O)NCCCCCC=O,9.7189045,-4.8530273,False,48,5,0.8,euclidean,random,StandardScaler_per_sample_dimension
OC1=CC=C(C(O)C2=CC=CC=C2)C=C1,4.21854,-13.508622,False,48,5,0.8,euclidean,random,StandardScaler_per_sample_dimension
COC(C1=CC=CC=C1)C1=CC=C(O)C=C1,4.300266,-13.420381,False,48,5,0.8,euclidean,random,StandardScaler_per_sample_dimension
O=COC(C1=CC=CC=C1)C1=CC=C(O)C=C1,4.4963074,-13.530291,False,48,5,0.8,euclidean,random,StandardScaler_per_sample_dimension
CC(C=O)CCC=O,10.172428,-4.805206,False,48,5,0.8,euclidean,random,StandardScaler_per_sample_dimension
CCCNC(=O)C(C)C,2.7960825,28.64526,False,48,5,0.8,euclidean,random,StandardScaler_per_sample_dimension
O=CCCCCNC=O,9.216466,-3.500178,False,48,5,0.8,euclidean,random,StandardScaler_per_sample_dimension
CC(=O)NCCCCC=O,9.476604,-3.9137278,False,48,5,0.8,euclidean,random,StandardScaler_per_sample_dimension
NC(=O)CCCCC(N)=O,8.155424,-1.5813564,False,48,5,0.8,euclidean,random,StandardScaler_per_sample_dimension
CCC(=O)NCCCCC=O,8.081102,-1.6065053,False,48,5,0.8,euclidean,random,StandardScaler_per_sample_dimension
CC(=O)NCCCCCC(N)=O,-7.4158554,-15.845096,False,48,5,0.8,euclidean,random,StandardScaler_per_sample_dimension
CCC(=O)NCCCCCC(N)=O,9.442538,-4.109693,False,48,5,0.8,euclidean,random,StandardScaler_per_sample_dimension
CCCCC(=O)NCCCCC=O,9.508496,-4.0601654,False,48,5,0.8,euclidean,random,StandardScaler_per_sample_dimension
CC1=C(O)C=CC(CC2=CC=CC=C2)=C1,7.0128264,1.9090338,False,48,5,0.8,euclidean,random,StandardScaler_per_sample_dimension
CC1=CC(CC2=CC=CC=C2)=CC=C1O,6.86753,2.23914,False,48,5,0.8,euclidean,random,StandardScaler_per_sample_dimension
CCC1=CC(CC2=CC=CC=C2)=CC=C1,-2.7602131,4.8894396,False,48,5,0.8,euclidean,random,StandardScaler_per_sample_dimension
CCC1=CC=CC(CC2=CC=CC=C2)=C1,-2.8289309,4.877526,False,48,5,0.8,euclidean,random,StandardScaler_per_sample_dimension
C=CCC(C)CC=O,-7.7536564,4.841987,False,48,5,0.8,euclidean,random,StandardScaler_per_sample_dimension
O=CCCC(C=O)CC=O,10.117303,-4.5215487,False,48,5,0.8,euclidean,random,StandardScaler_per_sample_dimension
CCOC1=CC=C([SH]=O)C=C1,1.4099625,-3.8301313,False,48,5,0.8,euclidean,random,StandardScaler_per_sample_dimension
CCOC1=CC=C(S(=O)C2=CC=CC=C2)C=C1,1.5914662,-3.845436,False,48,5,0.8,euclidean,random,StandardScaler_per_sample_dimension
CCOP(O)O,-11.934058,-14.007813,False,48,5,0.8,euclidean,random,StandardScaler_per_sample_dimension
CCOP(=O)(O)O,-11.97255,-13.932207,False,48,5,0.8,euclidean,random,StandardScaler_per_sample_dimension
O=C(C1=CC=CC=C1)C1=CC2=C(C=C1)CNC2,27.14129,6.8974533,False,48,5,0.8,euclidean,random,StandardScaler_per_sample_dimension
O=C(C1=CC=CC=C1)C1=CC=C2CNCC2=C1,27.016521,7.0061603,False,48,5,0.8,euclidean,random,StandardScaler_per_sample_dimension
C=CCCC=O,-7.8630266,5.0249734,False,48,5,0.8,euclidean,random,StandardScaler_per_sample_dimension
CCNC1=CC=C([SH]=O)C=C1,15.549316,-17.188377,False,48,5,0.8,euclidean,random,StandardScaler_per_sample_dimension
O=CNC1=CC=C([SH]=O)C=C1,15.472138,-17.276165,False,48,5,0.8,euclidean,random,StandardScaler_per_sample_dimension
CC(=O)NC1=CC=C([SH]=O)C=C1,15.5602255,-17.21127,False,48,5,0.8,euclidean,random,StandardScaler_per_sample_dimension
CNCCOC,9.782105,12.024763,False,48,5,0.8,euclidean,random,StandardScaler_per_sample_dimension
CCCCNCCCC=O,-0.22777611,-7.8629804,False,48,5,0.8,euclidean,random,StandardScaler_per_sample_dimension
CCOP(O)CC,-14.647314,6.6779184,False,48,5,0.8,euclidean,random,StandardScaler_per_sample_dimension
CCOP(=O)(O)CC,-14.66479,6.620504,False,48,5,0.8,euclidean,random,StandardScaler_per_sample_dimension
CCOP(CC)OC,-14.706476,6.6384745,False,48,5,0.8,euclidean,random,StandardScaler_per_sample_dimension
CCOP(=O)(CC)OC,-14.629573,6.6596465,False,48,5,0.8,euclidean,random,StandardScaler_per_sample_dimension
CCCCCNC(=O)CC(C)C,14.143258,3.5209668,False,48,5,0.8,euclidean,random,StandardScaler_per_sample_dimension
CCC1=CC=C(OCC2=CC=CC=C2)C=C1,-5.7966294,-13.864446,False,48,5,0.8,euclidean,random,StandardScaler_per_sample_dimension
CCC1=CC=C(OC(=O)C2=CC=CC=C2)C=C1,-5.8628073,-13.9233465,False,48,5,0.8,euclidean,random,StandardScaler_per_sample_dimension
OC1=CC=C(/C=N/C2=CC=CC=C2)C=C1,7.047709,1.062772,False,48,5,0.8,euclidean,random,StandardScaler_per_sample_dimension
OC1=CC=C(C=NC2=CC=CC=C2)C=C1,7.335225,1.3617561,False,48,5,0.8,euclidean,random,StandardScaler_per_sample_dimension
CCCCCCNC(=O)CCCC,1.6562164,-0.13731878,False,48,5,0.8,euclidean,random,StandardScaler_per_sample_dimension
CCC(C=O)N1CC2=C(C=CC=C2)C1=O,-12.733364,19.23852,False,48,5,0.8,euclidean,random,StandardScaler_per_sample_dimension
CCC(CN)N1CC2=C(C=CC=C2)C1=O,-12.510752,19.027794,False,48,5,0.8,euclidean,random,StandardScaler_per_sample_dimension
CC[C@@H](C=O)N1CC2=C(C=CC=C2)C1=O,-12.452088,18.952555,False,48,5,0.8,euclidean,random,StandardScaler_per_sample_dimension
CC[C@@H](CN)N1CC2=C(C=CC=C2)C1=O,-12.655992,19.035818,False,48,5,0.8,euclidean,random,StandardScaler_per_sample_dimension
CCC(C(N)=O)N1CC2=C(C=CC=C2)C1=O,-12.247026,19.140419,False,48,5,0.8,euclidean,random,StandardScaler_per_sample_dimension
CC[C@@H](C(N)=O)N1CC2=C(C=CC=C2)C1=O,-12.547994,18.903425,False,48,5,0.8,euclidean,random,StandardScaler_per_sample_dimension
C1=CC=C(C2=C(C3=CC=CC=C3)NC=N2)C=C1,9.882736,-8.380103,False,48,5,0.8,euclidean,random,StandardScaler_per_sample_dimension
C=CC(C)C,-7.8898935,4.813809,False,48,5,0.8,euclidean,random,StandardScaler_per_sample_dimension
OC1=C(C2=NC=CN2)C=CC=C1,9.752038,-8.933979,False,48,5,0.8,euclidean,random,StandardScaler_per_sample_dimension
OC1=CC=CC=C1C1=NC=CN1,9.815331,-8.891398,False,48,5,0.8,euclidean,random,StandardScaler_per_sample_dimension
CC1=CC(OC2=CC=C(C)C(C)=C2)=CC=C1,-3.6503096,0.409291,False,48,5,0.8,euclidean,random,StandardScaler_per_sample_dimension
CC1=CC=CC(OC2=CC=C(C)C(C)=C2)=C1,-3.502038,0.5339451,False,48,5,0.8,euclidean,random,StandardScaler_per_sample_dimension
CC(C)C1=CC=C(N)C=C1,8.624994,-14.0408125,False,48,5,0.8,euclidean,random,StandardScaler_per_sample_dimension
NC1=CC(C2=NC=CN2)=CC=C1,10.122039,-8.630648,False,48,5,0.8,euclidean,random,StandardScaler_per_sample_dimension
NC1=CC=CC(C2=NC=CN2)=C1,9.913535,-8.731396,False,48,5,0.8,euclidean,random,StandardScaler_per_sample_dimension
CCCCNCC1=CC(C)=CC=C1,24.536772,17.79576,False,48,5,0.8,euclidean,random,StandardScaler_per_sample_dimension
CCCCNCC1=CC=CC(C)=C1,24.579178,17.769772,False,48,5,0.8,euclidean,random,StandardScaler_per_sample_dimension
NC1=CC(C2=NC=CN2)=C(O)C=C1,10.00025,-8.957243,False,48,5,0.8,euclidean,random,StandardScaler_per_sample_dimension
NC1=CC=C(O)C(C2=NC=CN2)=C1,9.975393,-8.691099,False,48,5,0.8,euclidean,random,StandardScaler_per_sample_dimension
CCC1=CC2=C(C=C1)CN(C1=CC=CC=C1)C2,22.721514,22.241932,False,48,5,0.8,euclidean,random,StandardScaler_per_sample_dimension
CCC1=CC=C2CN(C3=CC=CC=C3)CC2=C1,22.457354,22.024645,False,48,5,0.8,euclidean,random,StandardScaler_per_sample_dimension
NCC1=CC=C(NC=O)C=C1,-3.2577453,6.3607483,False,48,5,0.8,euclidean,random,StandardScaler_per_sample_dimension
O=COCC1=CC=C(O)C=C1,4.2202153,-13.25848,False,48,5,0.8,euclidean,random,StandardScaler_per_sample_dimension
CC(=O)NC1=CC=C(CN)C=C1,-3.0926025,6.201169,False,48,5,0.8,euclidean,random,StandardScaler_per_sample_dimension
CC(=O)OCC1=CC=C(O)C=C1,4.483734,-13.551873,False,48,5,0.8,euclidean,random,StandardScaler_per_sample_dimension
CNCC1=CC=C(NC=O)C=C1,-3.2479618,6.205374,False,48,5,0.8,euclidean,random,StandardScaler_per_sample_dimension
NC(=O)C1=CC=C(NC=O)C=C1,-2.7826583,6.4555926,False,48,5,0.8,euclidean,random,StandardScaler_per_sample_dimension
CC(=O)NC1=CC=C(C(N)=O)C=C1,-3.0257401,6.417908,False,48,5,0.8,euclidean,random,StandardScaler_per_sample_dimension
CNC(=O)C1=CC=C(NC=O)C=C1,-3.0843115,6.6020174,False,48,5,0.8,euclidean,random,StandardScaler_per_sample_dimension
CNCC1=CC=C(NC(C)=O)C=C1,-2.8709574,6.2385406,False,48,5,0.8,euclidean,random,StandardScaler_per_sample_dimension
CNC(=O)C1=CC=C(NC(C)=O)C=C1,-2.82153,6.527689,False,48,5,0.8,euclidean,random,StandardScaler_per_sample_dimension
CCOC(C1=CC=CC=C1)C1=CC=C(O)C=C1,3.8990967,-13.12868,False,48,5,0.8,euclidean,random,StandardScaler_per_sample_dimension
O=CNC=S,-13.459332,0.31653067,False,48,5,0.8,euclidean,random,StandardScaler_per_sample_dimension
NC(=S)NC=O,-13.315058,0.62095064,False,48,5,0.8,euclidean,random,StandardScaler_per_sample_dimension
O=CCCCC=O,1.5493959,-2.0858936,False,48,5,0.8,euclidean,random,StandardScaler_per_sample_dimension
OC1=CC2=C(C=C1)CNC2,-0.2696718,15.501959,False,48,5,0.8,euclidean,random,StandardScaler_per_sample_dimension
OC1=CC=C2CNCC2=C1,-0.57267374,15.551043,False,48,5,0.8,euclidean,random,StandardScaler_per_sample_dimension
O=C1NCC2=C1C=C(O)C=C2,-0.13908482,15.752056,False,48,5,0.8,euclidean,random,StandardScaler_per_sample_dimension
O=C1NCC2=C1C=CC(O)=C2,-0.49333513,15.601317,False,48,5,0.8,euclidean,random,StandardScaler_per_sample_dimension
O=C1NCC2=CC(O)=CC=C12,0.23983705,15.938046,False,48,5,0.8,euclidean,random,StandardScaler_per_sample_dimension
O=C1NCC2=CC=C(O)C=C12,0.07963475,15.95465,False,48,5,0.8,euclidean,random,StandardScaler_per_sample_dimension
O=C1NC(=O)C2=C1C=CC(O)=C2,-0.21944141,15.583519,False,48,5,0.8,euclidean,random,StandardScaler_per_sample_dimension
O=C1NC(=O)C2=CC(O)=CC=C12,0.0063198656,15.929439,False,48,5,0.8,euclidean,random,StandardScaler_per_sample_dimension
NCCCCC(=O)NCCCCC=O,1.3448097,-1.9042759,False,48,5,0.8,euclidean,random,StandardScaler_per_sample_dimension
C1=CC=C(OC2=CC3=C(C=C2)CNC3)C=C1,-0.5791535,15.277287,False,48,5,0.8,euclidean,random,StandardScaler_per_sample_dimension
C1=CC=C(OC2=CC=C3CNCC3=C2)C=C1,-0.4775357,15.796529,False,48,5,0.8,euclidean,random,StandardScaler_per_sample_dimension
O=C1NCC2=C1C=C(OC1=CC=CC=C1)C=C2,-0.19923198,16.0976,False,48,5,0.8,euclidean,random,StandardScaler_per_sample_dimension
O=C1NCC2=C1C=CC(OC1=CC=CC=C1)=C2,0.067259654,15.770699,False,48,5,0.8,euclidean,random,StandardScaler_per_sample_dimension
O=C1NCC2=CC(OC3=CC=CC=C3)=CC=C12,-0.12580377,15.7604,False,48,5,0.8,euclidean,random,StandardScaler_per_sample_dimension
O=C1NCC2=CC=C(OC3=CC=CC=C3)C=C12,-0.17565244,15.878634,False,48,5,0.8,euclidean,random,StandardScaler_per_sample_dimension
CNCNC1=CC=CC=C1,-13.802257,-0.0076893447,False,48,5,0.8,euclidean,random,StandardScaler_per_sample_dimension
FC(F)(F)C1=CC=CC=C1,18.545197,2.135086,False,48,5,0.8,euclidean,random,StandardScaler_per_sample_dimension
CNC(=S)NC1=CC=CC=C1,-13.548702,0.24372408,False,48,5,0.8,euclidean,random,StandardScaler_per_sample_dimension
O=CNCNC1=CC=CC=C1,-13.778438,-0.05606954,False,48,5,0.8,euclidean,random,StandardScaler_per_sample_dimension
O=CNC(=S)NC1=CC=CC=C1,-13.595718,0.13958116,False,48,5,0.8,euclidean,random,StandardScaler_per_sample_dimension
O=CC1=CC=C(OC2=CC=C(O)C=C2)C=C1,-1.9452535,3.4524934,False,48,5,0.8,euclidean,random,StandardScaler_per_sample_dimension
CCOC1=CC=C(S)C=C1,1.4991523,-3.6038225,False,48,5,0.8,euclidean,random,StandardScaler_per_sample_dimension
CCCCNC(=O)CCC=O,-0.083262704,-7.8529816,False,48,5,0.8,euclidean,random,StandardScaler_per_sample_dimension
CCOC1=CC=C([SH](=O)=O)C=C1,1.6530396,-3.6689768,False,48,5,0.8,euclidean,random,StandardScaler_per_sample_dimension
CCCCCCNC(=O)CCCCC,1.5699768,6.796877e-05,False,48,5,0.8,euclidean,random,StandardScaler_per_sample_dimension
CCOC1=CC=C(SC2=CC=CC=C2)C=C1,1.6363529,-3.5937817,False,48,5,0.8,euclidean,random,StandardScaler_per_sample_dimension
CCOC1=CC=C(SC2=CC=C(O)C=C2)C=C1,1.8402297,-3.3879838,False,48,5,0.8,euclidean,random,StandardScaler_per_sample_dimension
COCCOPO,1.0356247,-22.398365,False,48,5,0.8,euclidean,random,StandardScaler_per_sample_dimension
CCCOCCOP,6.364179,-16.44484,False,48,5,0.8,euclidean,random,StandardScaler_per_sample_dimension
COCCO[PH](=O)O,1.0239513,-22.438305,False,48,5,0.8,euclidean,random,StandardScaler_per_sample_dimension
CCC(=O)OCCOP,6.290585,-16.548403,False,48,5,0.8,euclidean,random,StandardScaler_per_sample_dimension
CCCOCCOP=O,6.1175117,-16.710262,False,48,5,0.8,euclidean,random,StandardScaler_per_sample_dimension
CCOP(CC)OCC,24.996544,13.230117,False,48,5,0.8,euclidean,random,StandardScaler_per_sample_dimension
CCC(=O)OCCOP=O,5.9618516,-16.245285,False,48,5,0.8,euclidean,random,StandardScaler_per_sample_dimension
CCNC1=CC=C(S)C=C1,21.979933,13.274437,False,48,5,0.8,euclidean,random,StandardScaler_per_sample_dimension
CCOP(=O)(CC)OCC,24.935272,13.167664,False,48,5,0.8,euclidean,random,StandardScaler_per_sample_dimension
O=CNC1=CC=C(S)C=C1,21.988434,13.38707,False,48,5,0.8,euclidean,random,StandardScaler_per_sample_dimension
CC(=O)NC1=CC=C(S)C=C1,23.117752,12.134801,False,48,5,0.8,euclidean,random,StandardScaler_per_sample_dimension
NC(=O)CC1=CC=C(O)C=C1,5.914838,5.528911,False,48,5,0.8,euclidean,random,StandardScaler_per_sample_dimension
CCNC1=CC=C([SH](=O)=O)C=C1,21.823915,13.48724,False,48,5,0.8,euclidean,random,StandardScaler_per_sample_dimension
O=CNC1=CC=C([SH](=O)=O)C=C1,21.895657,13.481646,False,48,5,0.8,euclidean,random,StandardScaler_per_sample_dimension
CC(=O)NC1=CC=C([SH](=O)=O)C=C1,21.869095,13.378751,False,48,5,0.8,euclidean,random,StandardScaler_per_sample_dimension
C#N,-14.079613,7.2738433,False,48,5,0.8,euclidean,random,StandardScaler_per_sample_dimension
COCCOPOC,-6.294317,-7.950977,False,48,5,0.8,euclidean,random,StandardScaler_per_sample_dimension
CCCCOC(=O)CC,-0.54889023,2.2617116,False,48,5,0.8,euclidean,random,StandardScaler_per_sample_dimension
COCCO[PH](=O)OC,-5.1078987,-7.835587,False,48,5,0.8,euclidean,random,StandardScaler_per_sample_dimension
CCCOCC1=CC=C(C)C=C1,1.4589651,14.045617,False,48,5,0.8,euclidean,random,StandardScaler_per_sample_dimension
CCNC(=O)C1=CC=C(C)C=C1,7.2955203,-7.06158,False,48,5,0.8,euclidean,random,StandardScaler_per_sample_dimension
CNC1=CC=C(C(=O)OC)C=C1,-17.699358,-5.391604,False,48,5,0.8,euclidean,random,StandardScaler_per_sample_dimension
CCCCCCNCCCCCC,1.446074,-0.21281227,False,48,5,0.8,euclidean,random,StandardScaler_per_sample_dimension
CCCCCNCCCCCC=O,5.4850216,-1.6528963,False,48,5,0.8,euclidean,random,StandardScaler_per_sample_dimension
CCCOC(=O)C1=CC=C(C)C=C1,1.7011586,14.023171,False,48,5,0.8,euclidean,random,StandardScaler_per_sample_dimension
CCCOCC1=CC=C(C=O)C=C1,1.5517516,14.078932,False,48,5,0.8,euclidean,random,StandardScaler_per_sample_dimension
CCNC(=O)C1=CC=C(C=O)C=C1,7.453741,-7.1731057,False,48,5,0.8,euclidean,random,StandardScaler_per_sample_dimension
COC(=O)C1=CC=C(NC=O)C=C1,-17.704334,-5.202182,False,48,5,0.8,euclidean,random,StandardScaler_per_sample_dimension
OC1=CC=CC(C2=CC=CC=C2)=C1,-2.9180813,3.199695,False,48,5,0.8,euclidean,random,StandardScaler_per_sample_dimension
CCCOC(=O)C1=CC=C(C=O)C=C1,1.5100775,13.881202,False,48,5,0.8,euclidean,random,StandardScaler_per_sample_dimension
NCCCCCCNCC1=CC=CC=C1,13.822784,17.106369,False,48,5,0.8,euclidean,random,StandardScaler_per_sample_dimension
O=C(O)C1=CC=C(NCC2=CC=CC=C2)C=C1,-18.127745,-5.0816164,False,48,5,0.8,euclidean,random,StandardScaler_per_sample_dimension
CCOCCNC,0.4163262,-15.298446,False,48,5,0.8,euclidean,random,StandardScaler_per_sample_dimension
CCCOCCCC=O,-0.05543147,2.3868577,False,48,5,0.8,euclidean,random,StandardScaler_per_sample_dimension
CCCOC(=O)CCC=O,-0.046107944,2.3689203,False,48,5,0.8,euclidean,random,StandardScaler_per_sample_dimension
CNC1=CC(C2=NC=CN2)=CC=C1,12.676031,20.850786,False,48,5,0.8,euclidean,random,StandardScaler_per_sample_dimension
CNC1=CC=CC(C2=NC=CN2)=C1,12.595837,20.37539,False,48,5,0.8,euclidean,random,StandardScaler_per_sample_dimension
CCNC1=CC(C2=NC=CN2)=CC=C1,12.75556,20.588345,False,48,5,0.8,euclidean,random,StandardScaler_per_sample_dimension
CCNC1=CC=CC(C2=NC=CN2)=C1,12.055957,20.46549,False,48,5,0.8,euclidean,random,StandardScaler_per_sample_dimension
CNC1=CC(C2=NC=CN2)=C(O)C=C1,12.294106,20.57241,False,48,5,0.8,euclidean,random,StandardScaler_per_sample_dimension
CNC1=CC=C(O)C(C2=NC=CN2)=C1,12.18264,20.707775,False,48,5,0.8,euclidean,random,StandardScaler_per_sample_dimension
O=CNC1=CC(C2=NC=CN2)=CC=C1,12.695237,20.232044,False,48,5,0.8,euclidean,random,StandardScaler_per_sample_dimension
O=CNC1=CC=CC(C2=NC=CN2)=C1,12.509672,20.455122,False,48,5,0.8,euclidean,random,StandardScaler_per_sample_dimension
CC(=O)NC1=CC(C2=NC=CN2)=CC=C1,12.748409,21.077353,False,48,5,0.8,euclidean,random,StandardScaler_per_sample_dimension
CC(=O)NC1=CC=CC(C2=NC=CN2)=C1,12.450923,20.772892,False,48,5,0.8,euclidean,random,StandardScaler_per_sample_dimension
CCNC1=CC(C2=NC=CN2)=C(O)C=C1,12.860888,20.63646,False,48,5,0.8,euclidean,random,StandardScaler_per_sample_dimension
CCNC1=CC=C(O)C(C2=NC=CN2)=C1,12.551807,20.331112,False,48,5,0.8,euclidean,random,StandardScaler_per_sample_dimension
O=CNC1=CC(C2=NC=CN2)=C(O)C=C1,12.663668,20.180923,False,48,5,0.8,euclidean,random,StandardScaler_per_sample_dimension
O=CNC1=CC=C(O)C(C2=NC=CN2)=C1,12.363049,20.617775,False,48,5,0.8,euclidean,random,StandardScaler_per_sample_dimension
CC(=O)NC1=CC=C(O)C(C2=NC=CN2)=C1,12.536042,20.420294,False,48,5,0.8,euclidean,random,StandardScaler_per_sample_dimension
NC1=CC(NCC2=CC(C=O)=CC=C2)=CC=C1,23.42191,15.513255,False,48,5,0.8,euclidean,random,StandardScaler_per_sample_dimension
NC1=CC(NCC2=CC=CC(C=O)=C2)=CC=C1,23.741337,15.153676,False,48,5,0.8,euclidean,random,StandardScaler_per_sample_dimension
NC1=CC=CC(NCC2=CC(C=O)=CC=C2)=C1,23.495632,15.703746,False,48,5,0.8,euclidean,random,StandardScaler_per_sample_dimension
NC1=CC=CC(NCC2=CC=CC(C=O)=C2)=C1,23.808447,15.145298,False,48,5,0.8,euclidean,random,StandardScaler_per_sample_dimension
CCC(C=O)N1CC2=C(C=CC=C2)C1,8.822669,3.3076193,False,48,5,0.8,euclidean,random,StandardScaler_per_sample_dimension
CCC(CN)N1CC2=C(C=CC=C2)C1,9.471047,3.5164967,False,48,5,0.8,euclidean,random,StandardScaler_per_sample_dimension
CCCCCNC(=O)CCCCC=O,5.679817,-1.8033565,False,48,5,0.8,euclidean,random,StandardScaler_per_sample_dimension
CC[C@@H](C=O)N1CC2=C(C=CC=C2)C1,9.514304,5.070925,False,48,5,0.8,euclidean,random,StandardScaler_per_sample_dimension
CC[C@@H](CN)N1CC2=C(C=CC=C2)C1,8.561329,3.9936068,False,48,5,0.8,euclidean,random,StandardScaler_per_sample_dimension
CC1=CC(OC2=CC(C)=CC=C2)=CC=C1,-0.8654606,16.031862,False,48,5,0.8,euclidean,random,StandardScaler_per_sample_dimension
CC1=CC(OC2=CC=CC(C)=C2)=CC=C1,-0.77096945,15.954631,False,48,5,0.8,euclidean,random,StandardScaler_per_sample_dimension
CCC(C(N)=O)N1CC2=C(C=CC=C2)C1,9.628796,4.683754,False,48,5,0.8,euclidean,random,StandardScaler_per_sample_dimension
CC[C@@H](C(N)=O)N1CC2=C(C=CC=C2)C1,8.491465,4.8454456,False,48,5,0.8,euclidean,random,StandardScaler_per_sample_dimension
CC1=C(OC2=CC=C(C=O)C=C2)C=CC=C1,-1.5274359,3.5080583,False,48,5,0.8,euclidean,random,StandardScaler_per_sample_dimension
CC1=CC=CC=C1OC1=CC=C(C=O)C=C1,-1.4201809,3.6143656,False,48,5,0.8,euclidean,random,StandardScaler_per_sample_dimension
CCC(C=O)N1C(=O)C2=C(C=CC=C2)C1=O,8.487542,4.9245615,False,48,5,0.8,euclidean,random,StandardScaler_per_sample_dimension
CCC(CN)N1C(=O)C2=C(C=CC=C2)C1=O,9.959013,4.1068482,False,48,5,0.8,euclidean,random,StandardScaler_per_sample_dimension
CC[C@@H](C=O)N1C(=O)C2=C(C=CC=C2)C1=O,10.395809,2.9729934,False,48,5,0.8,euclidean,random,StandardScaler_per_sample_dimension
CC[C@@H](CN)N1C(=O)C2=C(C=CC=C2)C1=O,8.952973,3.163841,False,48,5,0.8,euclidean,random,StandardScaler_per_sample_dimension
OC1=CC=C(CCNC2=CC=CC=C2)C=C1,5.870874,5.6433244,False,48,5,0.8,euclidean,random,StandardScaler_per_sample_dimension
O=C(CC1=CC=C(O)C=C1)NC1=CC=CC=C1,6.073583,5.6607103,False,48,5,0.8,euclidean,random,StandardScaler_per_sample_dimension
CCOCCN,0.1715327,-15.359845,False,48,5,0.8,euclidean,random,StandardScaler_per_sample_dimension
OC1=CC(CNC2=CC=CC=C2)=CC=C1,0.9973662,-19.117735,False,48,5,0.8,euclidean,random,StandardScaler_per_sample_dimension
O=C(NC1=CC=CC=C1)C1=CC=CC(O)=C1,1.1333839,-19.199654,False,48,5,0.8,euclidean,random,StandardScaler_per_sample_dimension
C1=CC=C(NCC2=CC3=C(C=C2)CNC3)C=C1,-9.331038,13.373259,False,48,5,0.8,euclidean,random,StandardScaler_per_sample_dimension
C1=CC=C(NCC2=CC=C3CNCC3=C2)C=C1,-9.628212,13.29286,False,48,5,0.8,euclidean,random,StandardScaler_per_sample_dimension
CC1=CC2=C(C=C1)CN(C1=CC=CC=C1O)C2,25.702427,8.837183,False,48,5,0.8,euclidean,random,StandardScaler_per_sample_dimension
CC1=CC=C2CN(C3=C(O)C=CC=C3)CC2=C1,26.002329,8.927322,False,48,5,0.8,euclidean,random,StandardScaler_per_sample_dimension
CC1=CC=C2CN(C3=CC=CC=C3O)CC2=C1,25.824356,8.792846,False,48,5,0.8,euclidean,random,StandardScaler_per_sample_dimension
OCC1=CC(N2CC3=C(C=CC=C3)C2)=CC=C1,29.46146,1.6677872,False,48,5,0.8,euclidean,random,StandardScaler_per_sample_dimension
OCC1=CC(N2CC3=CC=CC=C3C2)=CC=C1,29.309933,1.4621853,False,48,5,0.8,euclidean,random,StandardScaler_per_sample_dimension
OCC1=CC=CC(N2CC3=C(C=CC=C3)C2)=C1,29.561838,1.7340157,False,48,5,0.8,euclidean,random,StandardScaler_per_sample_dimension
OCC1=CC=CC(N2CC3=CC=CC=C3C2)=C1,29.333763,1.5353163,False,48,5,0.8,euclidean,random,StandardScaler_per_sample_dimension
CCCNCC(C)CC,10.526706,6.802583,False,48,5,0.8,euclidean,random,StandardScaler_per_sample_dimension
CCCNC(=O)C(C)CC,10.587874,6.749642,False,48,5,0.8,euclidean,random,StandardScaler_per_sample_dimension
CNCCCCCCCCCCN,4.8014517,8.182161,False,48,5,0.8,euclidean,random,StandardScaler_per_sample_dimension
CC1=C(O)C=CC(C(C)C)=C1,25.748913,-2.992988,False,48,5,0.8,euclidean,random,StandardScaler_per_sample_dimension
CC1=CC(C(C)C)=CC=C1O,25.808546,-2.7812955,False,48,5,0.8,euclidean,random,StandardScaler_per_sample_dimension
CCCCCCCCCCCN,5.9207134,7.7174506,False,48,5,0.8,euclidean,random,StandardScaler_per_sample_dimension
CCCCCCCCCNC1=CC=CC=C1,6.3268557,7.7037106,False,48,5,0.8,euclidean,random,StandardScaler_per_sample_dimension
CCCCCCCCC(=O)NC1=CC=CC=C1,5.9547987,7.9519506,False,48,5,0.8,euclidean,random,StandardScaler_per_sample_dimension
CCCCCCCCCCNC1=CC=CC=C1,6.1025786,7.877161,False,48,5,0.8,euclidean,random,StandardScaler_per_sample_dimension
C=CC(C)CCC,-7.7240977,4.638246,False,48,5,0.8,euclidean,random,StandardScaler_per_sample_dimension
C=CC(C)CC,-7.493012,4.1542974,False,48,5,0.8,euclidean,random,StandardScaler_per_sample_dimension
CCCCCCCCCNC(=O)CC,4.4477725,9.153715,False,48,5,0.8,euclidean,random,StandardScaler_per_sample_dimension
NCCCCCCCCCCNC=O,4.831327,8.976391,False,48,5,0.8,euclidean,random,StandardScaler_per_sample_dimension
CC1=C(O)C=CC(C(C)C2=CC=CC=C2)=C1,9.72568,8.083257,False,48,5,0.8,euclidean,random,StandardScaler_per_sample_dimension
CC1=CC(C(C)C2=CC=CC=C2)=CC=C1O,10.152292,8.273981,False,48,5,0.8,euclidean,random,StandardScaler_per_sample_dimension
CCCCCCCCNC(=O)CC,5.1452265,9.336121,False,48,5,0.8,euclidean,random,StandardScaler_per_sample_dimension
CCCCCCCCCCNC(=O)CC,4.503141,9.083062,False,48,5,0.8,euclidean,random,StandardScaler_per_sample_dimension
C=CCC(C=O)CC,-7.63834,4.6548805,False,48,5,0.8,euclidean,random,StandardScaler_per_sample_dimension
CC(C)C1=CC=C(C(C)C)C=C1,16.879354,8.924685,False,48,5,0.8,euclidean,random,StandardScaler_per_sample_dimension
CCCCCCCNC(=O)CC,5.3309135,9.506275,False,48,5,0.8,euclidean,random,StandardScaler_per_sample_dimension
CCNCC(C)CC=O,3.2529018,-5.0015893,False,48,5,0.8,euclidean,random,StandardScaler_per_sample_dimension
CCCCCCCCCCCCC,-0.039481744,-2.476695,False,48,5,0.8,euclidean,random,StandardScaler_per_sample_dimension
CCNC(=O)C(C)CC=O,3.0705092,-5.0365286,False,48,5,0.8,euclidean,random,StandardScaler_per_sample_dimension
CCCCCCCCCNCCCC,16.595171,4.5147786,False,48,5,0.8,euclidean,random,StandardScaler_per_sample_dimension
CC1=CC(NCCC(C)C)=CC=C1,-7.5867953,3.9864285,False,48,5,0.8,euclidean,random,StandardScaler_per_sample_dimension
CC1=CC=CC(NCCC(C)C)=C1,-7.736364,4.1311107,False,48,5,0.8,euclidean,random,StandardScaler_per_sample_dimension
CCCCCCCCCCCCCC,0.006747407,-2.4966574,False,48,5,0.8,euclidean,random,StandardScaler_per_sample_dimension
NCCCCCCCCCCN,-4.5209966,3.714878,False,48,5,0.8,euclidean,random,StandardScaler_per_sample_dimension
O=C1NCC2CC3CNCC3CC12,-7.502811,-15.960701,False,48,5,0.8,euclidean,random,StandardScaler_per_sample_dimension
CCCOCCCO,16.09356,18.187756,False,48,5,0.8,euclidean,random,StandardScaler_per_sample_dimension
CCCNCC(C)CC=O,2.8394516,28.685417,False,48,5,0.8,euclidean,random,StandardScaler_per_sample_dimension
NC1=NC=NC(NCCO)=N1,8.839816,11.881057,False,48,5,0.8,euclidean,random,StandardScaler_per_sample_dimension
CNC1=NC=NC(NCCO)=N1,8.86778,11.930415,False,48,5,0.8,euclidean,random,StandardScaler_per_sample_dimension
CCNCCCCCCCCCCN,-4.638244,3.7665374,False,48,5,0.8,euclidean,random,StandardScaler_per_sample_dimension
CC(=O)NCCCCCCCCCCN,-4.622233,3.7387364,False,48,5,0.8,euclidean,random,StandardScaler_per_sample_dimension
CC1=C(O)C=CC(C(C)(C)C2=CC=CC=C2)=C1,6.99983,1.8590708,False,48,5,0.8,euclidean,random,StandardScaler_per_sample_dimension
CC1=CC(C(C)(C)C2=CC=CC=C2)=CC=C1O,6.6981654,2.071838,False,48,5,0.8,euclidean,random,StandardScaler_per_sample_dimension
CNCC1=C(O)C=CC(C)=C1,-16.314783,8.612955,False,48,5,0.8,euclidean,random,StandardScaler_per_sample_dimension
CNCC1=CC(C)=CC=C1O,-16.18312,8.72322,False,48,5,0.8,euclidean,random,StandardScaler_per_sample_dimension
O=C1NCC2CC3C(=O)NC(=O)C3CC12,8.532881,-2.2347596,False,48,5,0.8,euclidean,random,StandardScaler_per_sample_dimension
C=CC(C)CCC=O,-7.6596518,4.6259594,False,48,5,0.8,euclidean,random,StandardScaler_per_sample_dimension
CCCNC(=O)C(C)CC=O,2.7710452,28.609312,False,48,5,0.8,euclidean,random,StandardScaler_per_sample_dimension
O=[SH]C1=CC=C(OCCO)C=C1,1.2920908,-3.5480208,False,48,5,0.8,euclidean,random,StandardScaler_per_sample_dimension
N[PH](N)=O,6.805431,-7.2279143,False,48,5,0.8,euclidean,random,StandardScaler_per_sample_dimension
C=CCC(C)C=O,-8.053434,5.1670446,False,48,5,0.8,euclidean,random,StandardScaler_per_sample_dimension
CCCCCCCCCCCCCCC,0.021527108,-2.4464793,False,48,5,0.8,euclidean,random,StandardScaler_per_sample_dimension
CCNC1=CC=C(S(=O)C2=CC=CC=C2)C=C1,15.460432,-17.193811,False,48,5,0.8,euclidean,random,StandardScaler_per_sample_dimension
O=CNC1=CC=C(S(=O)C2=CC=CC=C2)C=C1,15.677725,-17.085745,False,48,5,0.8,euclidean,random,StandardScaler_per_sample_dimension
C=CCC(C=O)CC=O,-7.824087,5.1551642,False,48,5,0.8,euclidean,random,StandardScaler_per_sample_dimension
CCNO,12.982583,4.4388866,False,48,5,0.8,euclidean,random,StandardScaler_per_sample_dimension
O=CCCCC1=CC=CC=C1,11.735209,7.73682,False,48,5,0.8,euclidean,random,StandardScaler_per_sample_dimension
OC1=CC(CC2=CC=CC=C2)=CC=C1,13.592886,20.749537,False,48,5,0.8,euclidean,random,StandardScaler_per_sample_dimension
OC1=CC=CC(CC2=CC=CC=C2)=C1,13.478156,20.74519,False,48,5,0.8,euclidean,random,StandardScaler_per_sample_dimension
CCNC1=CC=C(NC)C=C1,-1.8169613,-7.322743,False,48,5,0.8,euclidean,random,StandardScaler_per_sample_dimension
CNC1=CC=C(NC=O)C=C1,-1.826233,-7.526342,False,48,5,0.8,euclidean,random,StandardScaler_per_sample_dimension
CNC1=CC=C(NC(C)=O)C=C1,-1.5909487,-7.472496,False,48,5,0.8,euclidean,random,StandardScaler_per_sample_dimension
[O-]P,21.433931,0.6722964,False,48,5,0.8,euclidean,random,StandardScaler_per_sample_dimension
O=P[O-],21.090828,0.6848157,False,48,5,0.8,euclidean,random,StandardScaler_per_sample_dimension
O=[PH2][O-],21.3602,0.8179966,False,48,5,0.8,euclidean,random,StandardScaler_per_sample_dimension
CCOP(OC)OC,-11.869942,-14.105789,False,48,5,0.8,euclidean,random,StandardScaler_per_sample_dimension
CCOP(=O)(OC)OC,-12.091937,-14.067435,False,48,5,0.8,euclidean,random,StandardScaler_per_sample_dimension
OPCC1=CC=CC=C1,19.764853,19.881414,False,48,5,0.8,euclidean,random,StandardScaler_per_sample_dimension
O=[PH](O)CC1=CC=CC=C1,19.787262,19.769432,False,48,5,0.8,euclidean,random,StandardScaler_per_sample_dimension
O=C/C=C/C1=CC=C(O)C=C1,-6.3988004,14.9936075,False,48,5,0.8,euclidean,random,StandardScaler_per_sample_dimension
O=C/C=C/C1=CC=CC(O)=C1,-6.4396014,15.978284,False,48,5,0.8,euclidean,random,StandardScaler_per_sample_dimension
C=CC(=O)/C=C/C1=CC=CC=C1,-6.39227,15.589117,False,48,5,0.8,euclidean,random,StandardScaler_per_sample_dimension
CC(=O)/C=C/C1=CC=C(O)C=C1,-5.820039,15.591704,False,48,5,0.8,euclidean,random,StandardScaler_per_sample_dimension
CC(=O)/C=C/C1=CC=CC(O)=C1,-5.4783254,15.604495,False,48,5,0.8,euclidean,random,StandardScaler_per_sample_dimension
O=C/C=C/C1=CC=C(O)C(O)=C1,-5.5707664,15.759222,False,48,5,0.8,euclidean,random,StandardScaler_per_sample_dimension
C=CC(=O)/C=C/C1=CC=C(O)C=C1,-6.036237,15.503647,False,48,5,0.8,euclidean,random,StandardScaler_per_sample_dimension
C=CC(=O)/C=C/C1=CC=CC(O)=C1,-6.28891,15.290375,False,48,5,0.8,euclidean,random,StandardScaler_per_sample_dimension
CC(=O)/C=C/C1=CC=C(O)C(O)=C1,-6.2568474,14.655461,False,48,5,0.8,euclidean,random,StandardScaler_per_sample_dimension
O=C1CCCN1C1=CC=C(O)C=C1,2.3834903,-0.99854076,False,48,5,0.8,euclidean,random,StandardScaler_per_sample_dimension
C=CC(=O)/C=C/C1=CC=C(O)C(O)=C1,-6.291638,15.891185,False,48,5,0.8,euclidean,random,StandardScaler_per_sample_dimension
CC1=CC=C(C2=CC=C(C=O)C=C2)C=C1,6.518965,-6.4794087,False,48,5,0.8,euclidean,random,StandardScaler_per_sample_dimension
CC1=CC(OC2=CC(C=O)=CC=C2)=CC=C1,-3.5129704,0.34720278,False,48,5,0.8,euclidean,random,StandardScaler_per_sample_dimension
CC1=CC(OC2=CC=C(C=O)C=C2)=CC=C1,-3.361347,0.20998083,False,48,5,0.8,euclidean,random,StandardScaler_per_sample_dimension
CC1=CC(OC2=CC=CC(C=O)=C2)=CC=C1,-3.2857409,0.36383164,False,48,5,0.8,euclidean,random,StandardScaler_per_sample_dimension
CC1=CC=CC(OC2=CC=C(C=O)C=C2)=C1,-3.217146,0.14920308,False,48,5,0.8,euclidean,random,StandardScaler_per_sample_dimension
O=C1C2=C(C=CC=C2)CC1C1=CC=CC=C1,4.600713,2.924298,False,48,5,0.8,euclidean,random,StandardScaler_per_sample_dimension
CC(C)C1=CC=C(OCC2=CC=CC=C2)C=C1,-5.752012,-13.843561,False,48,5,0.8,euclidean,random,StandardScaler_per_sample_dimension
CC1=CC=C(OC2=CC(C=O)=CC=C2)C=C1C,-3.4165888,0.3375492,False,48,5,0.8,euclidean,random,StandardScaler_per_sample_dimension
CC1=CC=C(OC2=CC=CC(C=O)=C2)C=C1C,-3.3562584,0.39557198,False,48,5,0.8,euclidean,random,StandardScaler_per_sample_dimension
C=C(C)C=O,8.106798,-5.3590183,False,48,5,0.8,euclidean,random,StandardScaler_per_sample_dimension
CCCCC(=O)OC,7.7674174,-4.6456914,False,48,5,0.8,euclidean,random,StandardScaler_per_sample_dimension
NC1=CC=C(C2=CC=CC=C2)C=C1,14.890095,12.012833,False,48,5,0.8,euclidean,random,StandardScaler_per_sample_dimension
CCCCNCC1=CC(C=O)=CC=C1,13.798518,17.576797,False,48,5,0.8,euclidean,random,StandardScaler_per_sample_dimension
CCCCNCC1=CC=CC(C=O)=C1,13.646445,17.647928,False,48,5,0.8,euclidean,random,StandardScaler_per_sample_dimension
CCCCCOCC,7.7154174,-4.367873,False,48,5,0.8,euclidean,random,StandardScaler_per_sample_dimension
O=CC1=CC=C(NP)C=C1,6.6618624,-7.7252126,False,48,5,0.8,euclidean,random,StandardScaler_per_sample_dimension
OCCNC1=NC=NC=N1,10.538109,11.736914,False,48,5,0.8,euclidean,random,StandardScaler_per_sample_dimension
O=CC1=CC=C(NP=O)C=C1,6.854984,-7.5936832,False,48,5,0.8,euclidean,random,StandardScaler_per_sample_dimension
C1=CCCCC1,6.9482274,-7.0934834,False,48,5,0.8,euclidean,random,StandardScaler_per_sample_dimension
CC1=CC(CN)=C(O)C=C1,-16.103546,8.797828,False,48,5,0.8,euclidean,random,StandardScaler_per_sample_dimension
CC1=CC=C(O)C(CN)=C1,-16.052109,8.873053,False,48,5,0.8,euclidean,random,StandardScaler_per_sample_dimension
CNC1=CC=C(NC)C=C1,-1.8199893,-7.335789,False,48,5,0.8,euclidean,random,StandardScaler_per_sample_dimension
COP(O)C1=CC=CC=C1,-11.116733,2.6513689,False,48,5,0.8,euclidean,random,StandardScaler_per_sample_dimension
COP(=O)(O)C1=CC=CC=C1,-10.961543,2.5883503,False,48,5,0.8,euclidean,random,StandardScaler_per_sample_dimension
COC1=CC(/C=C/C=O)=CC=C1,-5.644575,15.742126,False,48,5,0.8,euclidean,random,StandardScaler_per_sample_dimension
COC1=CC(/C=C/C(C)=O)=CC=C1,-6.25449,14.907056,False,48,5,0.8,euclidean,random,StandardScaler_per_sample_dimension
COC1=CC(/C=C/C=O)=CC=C1O,-5.794823,15.536748,False,48,5,0.8,euclidean,random,StandardScaler_per_sample_dimension
C=CC(=O)/C=C/C1=CC=CC(OC)=C1,-6.326043,15.068134,False,48,5,0.8,euclidean,random,StandardScaler_per_sample_dimension
COC1=CC(/C=C/C(C)=O)=CC=C1O,-6.5511894,15.813203,False,48,5,0.8,euclidean,random,StandardScaler_per_sample_dimension
O=C1NC(=O)C2CC3CNCC3CC12,1.5301166,-2.065253,False,48,5,0.8,euclidean,random,StandardScaler_per_sample_dimension
O=C1NCC2CC3C(=O)NCC3CC12,1.4208136,-2.0717235,False,48,5,0.8,euclidean,random,StandardScaler_per_sample_dimension
O=C1NCC2CC3CNC(=O)C3CC12,1.3849621,-2.1640763,False,48,5,0.8,euclidean,random,StandardScaler_per_sample_dimension
C=CC(=O)/C=C/C1=CC=C(O)C(OC)=C1,-6.2523885,15.9627075,False,48,5,0.8,euclidean,random,StandardScaler_per_sample_dimension
CCCCCCCCCCCCCCCC,0.081632696,-2.17933,False,48,5,0.8,euclidean,random,StandardScaler_per_sample_dimension
CC1=CC=C(OC2=CC=C3CNCC3=C2)C=C1,-0.55461687,16.08039,False,48,5,0.8,euclidean,random,StandardScaler_per_sample_dimension
C=CCCC(=C)C,7.797881,-5.374326,False,48,5,0.8,euclidean,random,StandardScaler_per_sample_dimension
C1=CC2=C(C=C1)NC=N2,16.324883,-13.271685,False,48,5,0.8,euclidean,random,StandardScaler_per_sample_dimension
C1=CC=C2NC=NC2=C1,16.19201,-13.353464,False,48,5,0.8,euclidean,random,StandardScaler_per_sample_dimension
CCOPOC1=CC=CC=C1,-11.805836,-13.990814,False,48,5,0.8,euclidean,random,StandardScaler_per_sample_dimension
CCO[PH](=O)OC1=CC=CC=C1,-11.821232,-14.064165,False,48,5,0.8,euclidean,random,StandardScaler_per_sample_dimension
C1=CC=C(C2=NC3=C(C=CC=C3)N2)C=C1,16.215322,-13.172439,False,48,5,0.8,euclidean,random,StandardScaler_per_sample_dimension
C1=CC=C(C2=NC3=CC=CC=C3N2)C=C1,16.357014,-13.25421,False,48,5,0.8,euclidean,random,StandardScaler_per_sample_dimension
OCCOC1=CC=C(S)C=C1,1.7041632,-3.3915193,False,48,5,0.8,euclidean,random,StandardScaler_per_sample_dimension
O=[SH](=O)C1=CC=C(OCCO)C=C1,1.7576151,-3.359419,False,48,5,0.8,euclidean,random,StandardScaler_per_sample_dimension
OCCOC1=CC=C(SC2=CC=CC=C2)C=C1,1.8551348,-3.4940662,False,48,5,0.8,euclidean,random,StandardScaler_per_sample_dimension
CCCCCCOC,7.5845475,-4.168987,False,48,5,0.8,euclidean,random,StandardScaler_per_sample_dimension
CCOCCOPO,0.8448807,-22.20319,False,48,5,0.8,euclidean,random,StandardScaler_per_sample_dimension
O=COCCOPO,0.9615745,-22.305344,False,48,5,0.8,euclidean,random,StandardScaler_per_sample_dimension
CC(=O)OCCOPO,1.1896253,-22.537178,False,48,5,0.8,euclidean,random,StandardScaler_per_sample_dimension
CCOCCO[PH](=O)O,0.85856396,-22.42929,False,48,5,0.8,euclidean,random,StandardScaler_per_sample_dimension
O=COCCO[PH](=O)O,1.087088,-22.429409,False,48,5,0.8,euclidean,random,StandardScaler_per_sample_dimension
CC(=O)OCCO[PH](=O)O,1.0656602,-22.407648,False,48,5,0.8,euclidean,random,StandardScaler_per_sample_dimension
CNC1=CC=C(C2=CC=CC=C2)C=C1,14.612892,11.742409,False,48,5,0.8,euclidean,random,StandardScaler_per_sample_dimension
COC1=CC=C(C2CCCCC2)C=C1,7.023022,8.319955,False,48,5,0.8,euclidean,random,StandardScaler_per_sample_dimension
CC1=CC=C(COC2=CC=CC=C2)C=C1,9.973409,-11.1085205,False,48,5,0.8,euclidean,random,StandardScaler_per_sample_dimension
CCOC1=CC=C(C2CCCCC2)C=C1,7.2022476,8.682627,False,48,5,0.8,euclidean,random,StandardScaler_per_sample_dimension
O=CNC1=CC=C(C2=CC=CC=C2)C=C1,14.593615,11.766486,False,48,5,0.8,euclidean,random,StandardScaler_per_sample_dimension
CC1=CC=C(C(=O)OC2=CC=CC=C2)C=C1,9.825529,-10.968101,False,48,5,0.8,euclidean,random,StandardScaler_per_sample_dimension
CCNC1=CC=C(SC2=CC=CC=C2)C=C1,22.94637,12.305817,False,48,5,0.8,euclidean,random,StandardScaler_per_sample_dimension
O=CNC1=CC=C(SC2=CC=CC=C2)C=C1,22.175478,13.1754055,False,48,5,0.8,euclidean,random,StandardScaler_per_sample_dimension
CC(=O)NC1=CC=C(SC2=CC=CC=C2)C=C1,22.952631,12.295498,False,48,5,0.8,euclidean,random,StandardScaler_per_sample_dimension
CCOCCOPOC,-5.6422005,-7.876755,False,48,5,0.8,euclidean,random,StandardScaler_per_sample_dimension
COPOCCOC=O,-6.1680818,-8.528966,False,48,5,0.8,euclidean,random,StandardScaler_per_sample_dimension
CCOCCO[PH](=O)OC,-5.7871647,-7.5436964,False,48,5,0.8,euclidean,random,StandardScaler_per_sample_dimension
COPOCCOC(C)=O,-4.7851872,-8.000201,False,48,5,0.8,euclidean,random,StandardScaler_per_sample_dimension
CO[PH](=O)OCCOC=O,-6.3676424,-8.702799,False,48,5,0.8,euclidean,random,StandardScaler_per_sample_dimension
CO[PH](=O)OCCOC(C)=O,-5.874804,-7.789712,False,48,5,0.8,euclidean,random,StandardScaler_per_sample_dimension
CC1=CC=C(CNC2=CC=C(O)C=C2)C=C1,-8.897756,10.753307,False,48,5,0.8,euclidean,random,StandardScaler_per_sample_dimension
CC1=CC=C(C(=O)NC2=CC=C(O)C=C2)C=C1,-8.980622,10.806071,False,48,5,0.8,euclidean,random,StandardScaler_per_sample_dimension
O=CC1=CC=C(CNC2=CC=C(O)C=C2)C=C1,-8.871731,10.569269,False,48,5,0.8,euclidean,random,StandardScaler_per_sample_dimension
PCC1=CC=CC=C1,5.18279,20.537128,False,48,5,0.8,euclidean,random,StandardScaler_per_sample_dimension
CC1=C(O)C=CC(O)=C1,-2.7708724,3.3358572,False,48,5,0.8,euclidean,random,StandardScaler_per_sample_dimension
CCCCOCCCC,-0.7057086,1.9927306,False,48,5,0.8,euclidean,random,StandardScaler_per_sample_dimension
O=PCC1=CC=CC=C1,5.189596,20.508177,False,48,5,0.8,euclidean,random,StandardScaler_per_sample_dimension
CCC(=O)OCCCCO,-0.35218287,2.0691864,False,48,5,0.8,euclidean,random,StandardScaler_per_sample_dimension
COC1=C(C)C=C(O)C=C1,-2.9556127,3.3230379,False,48,5,0.8,euclidean,random,StandardScaler_per_sample_dimension
C1=CC=C(C2CC3=C(C=CC=C3)C2)C=C1,4.200755,2.7154167,False,48,5,0.8,euclidean,random,StandardScaler_per_sample_dimension
CC#N,-14.353613,7.3769608,False,48,5,0.8,euclidean,random,StandardScaler_per_sample_dimension
CCNC(=O)C1=CC=C(O)C=C1,14.164392,15.249643,False,48,5,0.8,euclidean,random,StandardScaler_per_sample_dimension
CC1=CC(CNC2=CC=C(N)C=C2)=CC=C1,-1.5114099,-9.44794,False,48,5,0.8,euclidean,random,StandardScaler_per_sample_dimension
CC1=CC=CC(CNC2=CC=C(N)C=C2)=C1,-1.5530314,-9.576047,False,48,5,0.8,euclidean,random,StandardScaler_per_sample_dimension
CC1=CC(C(=O)NC2=CC=C(N)C=C2)=CC=C1,-1.4068037,-9.672124,False,48,5,0.8,euclidean,random,StandardScaler_per_sample_dimension
CC1=CC=CC(C(=O)NC2=CC=C(N)C=C2)=C1,-1.5692626,-9.60957,False,48,5,0.8,euclidean,random,StandardScaler_per_sample_dimension
*C,10.579315,5.0134597,False,48,5,0.8,euclidean,random,StandardScaler_per_sample_dimension
*N,10.427767,4.401817,False,48,5,0.8,euclidean,random,StandardScaler_per_sample_dimension
C=CC(=O)C=C,-5.4924607,15.392563,False,48,5,0.8,euclidean,random,StandardScaler_per_sample_dimension
COCCN(C)C,0.14524396,-15.417496,False,48,5,0.8,euclidean,random,StandardScaler_per_sample_dimension
C#CC1=CC(C)=CC=C1,-4.275677,-10.789115,False,48,5,0.8,euclidean,random,StandardScaler_per_sample_dimension
C#CC1=CC=CC(C)=C1,-4.435781,-10.556815,False,48,5,0.8,euclidean,random,StandardScaler_per_sample_dimension
OCNC1=CC=CC=C1,16.574375,18.613075,False,48,5,0.8,euclidean,random,StandardScaler_per_sample_dimension
C#CC1=CC(C)=C(C)C=C1,-4.4312773,-10.012928,False,48,5,0.8,euclidean,random,StandardScaler_per_sample_dimension
C#CC1=CC(C=O)=CC=C1,-4.7999616,-10.299235,False,48,5,0.8,euclidean,random,StandardScaler_per_sample_dimension
C#CC1=CC=C(C)C(C)=C1,-4.2510443,-10.833449,False,48,5,0.8,euclidean,random,StandardScaler_per_sample_dimension
C#CC1=CC=CC(C=O)=C1,-4.61437,-9.955308,False,48,5,0.8,euclidean,random,StandardScaler_per_sample_dimension
COCNC1=CC=CC=C1,16.587257,18.787556,False,48,5,0.8,euclidean,random,StandardScaler_per_sample_dimension
C#CC1=CC(C)=C(C=O)C=C1,-4.825991,-10.187437,False,48,5,0.8,euclidean,random,StandardScaler_per_sample_dimension
C#CC1=CC(C=O)=C(C)C=C1,-4.7348995,-10.110877,False,48,5,0.8,euclidean,random,StandardScaler_per_sample_dimension
C#CC1=CC=C(C)C(C=O)=C1,-4.8013024,-9.920243,False,48,5,0.8,euclidean,random,StandardScaler_per_sample_dimension
C#CC1=CC=C(C=O)C(C)=C1,-3.9117677,-10.136375,False,48,5,0.8,euclidean,random,StandardScaler_per_sample_dimension
C#CC1=CC(C=O)=C(C=O)C=C1,-4.5138216,-10.102155,False,48,5,0.8,euclidean,random,StandardScaler_per_sample_dimension
C#CC1=CC=C(C=O)C(C=O)=C1,-3.8119197,-10.402281,False,48,5,0.8,euclidean,random,StandardScaler_per_sample_dimension
C1NCC2CC3CNCC3CC12,-0.30694887,-1.2616433,False,48,5,0.8,euclidean,random,StandardScaler_per_sample_dimension
OC1=CC=C(N2CCCC2)C=C1,-0.49713326,-1.2197558,False,48,5,0.8,euclidean,random,StandardScaler_per_sample_dimension
CC1=CC=C(C2=CC=C(C)C=C2)C=C1,6.5100756,-6.9213796,False,48,5,0.8,euclidean,random,StandardScaler_per_sample_dimension
COC1=CC=C(C2=CC=CC=C2)C=C1,-3.445995,2.8305166,False,48,5,0.8,euclidean,random,StandardScaler_per_sample_dimension
O=C1CCC(=O)N1C1=CC=C(O)C=C1,-0.3491468,-1.3471719,False,48,5,0.8,euclidean,random,StandardScaler_per_sample_dimension
CC1=CC(C#CC2=CC=CC=C2)=CC=C1,-4.618718,-10.686858,False,48,5,0.8,euclidean,random,StandardScaler_per_sample_dimension
CC1=CC=CC(C#CC2=CC=CC=C2)=C1,-4.0493517,-10.166976,False,48,5,0.8,euclidean,random,StandardScaler_per_sample_dimension
CC1=C(C)C=C(C#CC2=CC=CC=C2)C=C1,-4.1244645,-10.742768,False,48,5,0.8,euclidean,random,StandardScaler_per_sample_dimension
CC1=CC=C(C#CC2=CC=CC=C2)C=C1C,-3.994785,-10.5011635,False,48,5,0.8,euclidean,random,StandardScaler_per_sample_dimension
NCCCCCCNC(=O)C1=CC=CC=C1,12.955123,-13.630205,False,48,5,0.8,euclidean,random,StandardScaler_per_sample_dimension
O=CC1=CC(C#CC2=CC=CC=C2)=CC=C1,-4.0993733,-10.166246,False,48,5,0.8,euclidean,random,StandardScaler_per_sample_dimension
O=CC1=CC=C(C2=CC=C(C=O)C=C2)C=C1,6.610795,-6.7904544,False,48,5,0.8,euclidean,random,StandardScaler_per_sample_dimension
O=CC1=CC=CC(C#CC2=CC=CC=C2)=C1,-4.6844482,-10.020703,False,48,5,0.8,euclidean,random,StandardScaler_per_sample_dimension
C1=CC=C(CCN2CC3=C(C=CC=C3)C2)C=C1,10.237765,3.1148958,False,48,5,0.8,euclidean,random,StandardScaler_per_sample_dimension
C1=CC=C(CCN2CC3=CC=CC=C3C2)C=C1,10.478034,5.5366235,False,48,5,0.8,euclidean,random,StandardScaler_per_sample_dimension
CC1=C(C=O)C=C(C#CC2=CC=CC=C2)C=C1,-4.4520063,-10.3284235,False,48,5,0.8,euclidean,random,StandardScaler_per_sample_dimension
CC1=C(C=O)C=CC(C#CC2=CC=CC=C2)=C1,-4.904336,-9.791293,False,48,5,0.8,euclidean,random,StandardScaler_per_sample_dimension
CC1=CC(C#CC2=CC=CC=C2)=CC=C1C=O,-4.214344,-10.903128,False,48,5,0.8,euclidean,random,StandardScaler_per_sample_dimension
CC1=CC(CNC2=CC=CC(CO)=C2)=CC=C1,29.32465,1.5606112,False,48,5,0.8,euclidean,random,StandardScaler_per_sample_dimension
CC1=CC=C(C#CC2=CC=CC=C2)C=C1C=O,-4.787475,-9.805866,False,48,5,0.8,euclidean,random,StandardScaler_per_sample_dimension
CC1=CC=C(CNC2=CC=CC(CO)=C2)C=C1,29.698898,1.6559408,False,48,5,0.8,euclidean,random,StandardScaler_per_sample_dimension
CCNCCCCCCNCC,13.931684,17.109564,False,48,5,0.8,euclidean,random,StandardScaler_per_sample_dimension
CCCCCCCCCCCNC,5.465207,7.65632,False,48,5,0.8,euclidean,random,StandardScaler_per_sample_dimension
CCC(C)C1=CC(C)=C(O)C=C1,26.01471,-3.013776,False,48,5,0.8,euclidean,random,StandardScaler_per_sample_dimension
CCC(C)C1=CC=C(O)C(C)=C1,26.060495,-3.0640597,False,48,5,0.8,euclidean,random,StandardScaler_per_sample_dimension
CCC1=CC(C(C)C)=CC=C1,-2.6845665,1.4268368,False,48,5,0.8,euclidean,random,StandardScaler_per_sample_dimension
CCC1=CC=CC(C(C)C)=C1,-2.6745892,1.3977902,False,48,5,0.8,euclidean,random,StandardScaler_per_sample_dimension
CCCC(C)C1=CC(C)=CC=C1,25.814758,-2.726432,False,48,5,0.8,euclidean,random,StandardScaler_per_sample_dimension
CCCC(C)C1=CC=CC(C)=C1,25.87731,-2.8389754,False,48,5,0.8,euclidean,random,StandardScaler_per_sample_dimension
CCCC(C)C1=CC(C)=C(O)C=C1,25.801245,-2.9276,False,48,5,0.8,euclidean,random,StandardScaler_per_sample_dimension
CCCC(C)C1=CC=C(O)C(C)=C1,25.706425,-3.0100527,False,48,5,0.8,euclidean,random,StandardScaler_per_sample_dimension
CCCCCCCCCNC1=CC=C(O)C=C1,6.190965,7.7578382,False,48,5,0.8,euclidean,random,StandardScaler_per_sample_dimension
CCC(C)CCNC1=CC=CC(C)=C1,3.384311,-7.090444,False,48,5,0.8,euclidean,random,StandardScaler_per_sample_dimension
NPNC1=CC=CC=C1,7.610844,-7.375794,False,48,5,0.8,euclidean,random,StandardScaler_per_sample_dimension
N[PH](=O)NC1=CC=CC=C1,7.5598197,-7.159866,False,48,5,0.8,euclidean,random,StandardScaler_per_sample_dimension
CCCC1=CC(C)=C(O)C=C1,10.560258,8.905315,False,48,5,0.8,euclidean,random,StandardScaler_per_sample_dimension
CCCC1=CC=C(O)C(C)=C1,10.498263,9.130903,False,48,5,0.8,euclidean,random,StandardScaler_per_sample_dimension
CCCCC1=CC(C)=CC=C1,10.783107,9.023045,False,48,5,0.8,euclidean,random,StandardScaler_per_sample_dimension
CCCCC1=CC=CC(C)=C1,9.522074,7.8948793,False,48,5,0.8,euclidean,random,StandardScaler_per_sample_dimension
CCCCC1=CC(C)=C(O)C=C1,10.539069,8.8315325,False,48,5,0.8,euclidean,random,StandardScaler_per_sample_dimension
CCCCC1=CC=C(O)C(C)=C1,10.685153,9.24224,False,48,5,0.8,euclidean,random,StandardScaler_per_sample_dimension
CCC(C1=CC=CC=C1)C1=CC(C)=CC=C1,10.00785,8.377888,False,48,5,0.8,euclidean,random,StandardScaler_per_sample_dimension
CCC(C1=CC=CC=C1)C1=CC=CC(C)=C1,10.74946,9.009188,False,48,5,0.8,euclidean,random,StandardScaler_per_sample_dimension
CCC(C)(C1=CC=CC=C1)C1=CC(C)=CC=C1,9.4649105,7.9493337,False,48,5,0.8,euclidean,random,StandardScaler_per_sample_dimension
CCC(C)(C1=CC=CC=C1)C1=CC=CC(C)=C1,10.37151,8.58885,False,48,5,0.8,euclidean,random,StandardScaler_per_sample_dimension
CCC(C1=CC=CC=C1)C1=CC(C)=C(O)C=C1,10.417178,8.331039,False,48,5,0.8,euclidean,random,StandardScaler_per_sample_dimension
CCC(C1=CC=CC=C1)C1=CC=C(O)C(C)=C1,10.230671,8.250745,False,48,5,0.8,euclidean,random,StandardScaler_per_sample_dimension
CCCC(C1=CC=CC=C1)C1=CC(C)=CC=C1,9.469596,7.8975415,False,48,5,0.8,euclidean,random,StandardScaler_per_sample_dimension
CCCC(C1=CC=CC=C1)C1=CC=CC(C)=C1,9.682738,8.110867,False,48,5,0.8,euclidean,random,StandardScaler_per_sample_dimension
CCCCCCCCNC(=O)CCC,-4.6891093,4.1763477,False,48,5,0.8,euclidean,random,StandardScaler_per_sample_dimension
CCCCCCCCCNC(=O)CCC,-5.0074873,3.9919078,False,48,5,0.8,euclidean,random,StandardScaler_per_sample_dimension
CCCOC1=CC=C(CC)C=C1,7.675492,9.163074,False,48,5,0.8,euclidean,random,StandardScaler_per_sample_dimension
CCCOC1=CC=C(C(C)C)C=C1,7.6015954,9.201139,False,48,5,0.8,euclidean,random,StandardScaler_per_sample_dimension
CCCCCCCCCCCCNC,0.82702994,-1.4787071,False,48,5,0.8,euclidean,random,StandardScaler_per_sample_dimension
O=C1C2=C(C=CC=C2)CN1C1=CC(P)=CC=C1,-20.84027,16.837566,False,48,5,0.8,euclidean,random,StandardScaler_per_sample_dimension
O=C1C2=CC=CC=C2CN1C1=CC=CC(P)=C1,-20.586285,16.544199,False,48,5,0.8,euclidean,random,StandardScaler_per_sample_dimension
CCCCCCCNC(=O)CCC,-4.7447777,3.788514,False,48,5,0.8,euclidean,random,StandardScaler_per_sample_dimension
NC1=NC(NC2=CC=CC=C2)=NC=N1,-7.2984886,2.5165803,False,48,5,0.8,euclidean,random,StandardScaler_per_sample_dimension
NC1=NC=NC(NC2=CC=CC=C2)=N1,-7.475339,2.662586,False,48,5,0.8,euclidean,random,StandardScaler_per_sample_dimension
CC1=CC=C(NC2=NC(N)=NC=N2)C=C1,-7.4982357,2.5781996,False,48,5,0.8,euclidean,random,StandardScaler_per_sample_dimension
CC1=CC=C(NC2=NC=NC(N)=N2)C=C1,-7.3426332,2.6713169,False,48,5,0.8,euclidean,random,StandardScaler_per_sample_dimension
NC1=NC(NC2=CC=C(C=O)C=C2)=NC=N1,-7.387722,2.6905928,False,48,5,0.8,euclidean,random,StandardScaler_per_sample_dimension
NC1=NC=NC(NC2=CC=C(C=O)C=C2)=N1,-7.5772057,2.817241,False,48,5,0.8,euclidean,random,StandardScaler_per_sample_dimension
CPN,1.4183223,15.971429,False,48,5,0.8,euclidean,random,StandardScaler_per_sample_dimension
CNPC,1.250821,15.842702,False,48,5,0.8,euclidean,random,StandardScaler_per_sample_dimension
C[PH](N)=O,1.6183387,15.840061,False,48,5,0.8,euclidean,random,StandardScaler_per_sample_dimension
CN[PH](C)=O,1.4165,16.071032,False,48,5,0.8,euclidean,random,StandardScaler_per_sample_dimension
OCC(CO)CO,16.752844,18.496902,False,48,5,0.8,euclidean,random,StandardScaler_per_sample_dimension
CCCCCCCCCCCCN,0.36627495,-1.6648698,False,48,5,0.8,euclidean,random,StandardScaler_per_sample_dimension
CC1=CC(SC2=CC=CC=C2)=CC=C1,-0.22310825,-4.543869,False,48,5,0.8,euclidean,random,StandardScaler_per_sample_dimension
CC1=CC=CC(SC2=CC=CC=C2)=C1,-0.3419789,-4.575266,False,48,5,0.8,euclidean,random,StandardScaler_per_sample_dimension
C1=CC=C(NPNC2=CC=CC=C2)C=C1,7.0089045,-7.0989475,False,48,5,0.8,euclidean,random,StandardScaler_per_sample_dimension
O=[PH](NC1=CC=CC=C1)NC1=CC=CC=C1,6.9423895,-7.342005,False,48,5,0.8,euclidean,random,StandardScaler_per_sample_dimension
CCCCNCCC(C)C=O,13.649297,5.5629377,False,48,5,0.8,euclidean,random,StandardScaler_per_sample_dimension
O=[SH]C1=CC=C(NCC2=CC=CC=C2)C=C1,-1.63745,25.435835,False,48,5,0.8,euclidean,random,StandardScaler_per_sample_dimension
O=[SH]C1=CC=C(NC(=O)C2=CC=CC=C2)C=C1,-1.7555667,25.305399,False,48,5,0.8,euclidean,random,StandardScaler_per_sample_dimension
CCCCCCCCCCCNCC,0.42480513,-1.6609774,False,48,5,0.8,euclidean,random,StandardScaler_per_sample_dimension
CCCCCCCCCCNCCCC,16.735556,4.6218433,False,48,5,0.8,euclidean,random,StandardScaler_per_sample_dimension
CC1=CC(SC2=CC(C)=CC=C2)=CC=C1,-5.4190373,18.21061,False,48,5,0.8,euclidean,random,StandardScaler_per_sample_dimension
CC1=CC(SC2=CC=CC(C)=C2)=CC=C1,-5.119944,17.94397,False,48,5,0.8,euclidean,random,StandardScaler_per_sample_dimension
CC1=CC=CC(SC2=CC(C)=CC=C2)=C1,-5.4365153,18.178156,False,48,5,0.8,euclidean,random,StandardScaler_per_sample_dimension
CC1=CC=CC(SC2=CC=CC(C)=C2)=C1,-4.992722,17.779541,False,48,5,0.8,euclidean,random,StandardScaler_per_sample_dimension
CCCCNC(=O)CC(C)C=O,14.606552,3.7533152,False,48,5,0.8,euclidean,random,StandardScaler_per_sample_dimension
CC1=C2C=CC=CC2=CC=C1,8.194247,-12.117557,False,48,5,0.8,euclidean,random,StandardScaler_per_sample_dimension
CC1=CC=CC2=C1C=CC=C2,8.102875,-11.997027,False,48,5,0.8,euclidean,random,StandardScaler_per_sample_dimension
CC1=CC=CC2=CC=CC=C12,8.196258,-12.116432,False,48,5,0.8,euclidean,random,StandardScaler_per_sample_dimension
CCC(=O)OCCCO,8.0004425,-4.7501473,False,48,5,0.8,euclidean,random,StandardScaler_per_sample_dimension
O=CC1=CC=CC=N1,-16.549675,14.7417,False,48,5,0.8,euclidean,random,StandardScaler_per_sample_dimension
O=CC1=NC=CC=C1,-16.645985,14.962097,False,48,5,0.8,euclidean,random,StandardScaler_per_sample_dimension
CC1=CC=CC(C=O)=N1,-16.631317,14.960486,False,48,5,0.8,euclidean,random,StandardScaler_per_sample_dimension
CC1=NC(C=O)=CC=C1,-16.850365,14.834832,False,48,5,0.8,euclidean,random,StandardScaler_per_sample_dimension
CCCOCCOPO,6.940332,-16.552517,False,48,5,0.8,euclidean,random,StandardScaler_per_sample_dimension
CCC(=O)OCCOPO,6.8520164,-16.766968,False,48,5,0.8,euclidean,random,StandardScaler_per_sample_dimension
CCCOCCO[PH](=O)O,6.748944,-16.714735,False,48,5,0.8,euclidean,random,StandardScaler_per_sample_dimension
COPCC1=CC=CC=C1,19.71429,19.944876,False,48,5,0.8,euclidean,random,StandardScaler_per_sample_dimension
CC1=CC=C(OCCO)C=C1,8.011103,9.868767,False,48,5,0.8,euclidean,random,StandardScaler_per_sample_dimension
CCC(=O)OCCO[PH](=O)O,6.866366,-16.78081,False,48,5,0.8,euclidean,random,StandardScaler_per_sample_dimension
CO[PH](=O)CC1=CC=CC=C1,19.842703,19.85856,False,48,5,0.8,euclidean,random,StandardScaler_per_sample_dimension
C1=CC=C(NC2=NC=NC=N2)C=C1,11.505792,11.540699,False,48,5,0.8,euclidean,random,StandardScaler_per_sample_dimension
CC1=CC=C(NC2=NC=NC=N2)C=C1,11.675462,11.533503,False,48,5,0.8,euclidean,random,StandardScaler_per_sample_dimension
O=CC1=CC=C(NC2=NC=NC=N2)C=C1,11.585832,11.474539,False,48,5,0.8,euclidean,random,StandardScaler_per_sample_dimension
PC1=CC(N2CC3=CC=CC=C3C2)=CC=C1,28.835655,9.382761,False,48,5,0.8,euclidean,random,StandardScaler_per_sample_dimension
PC1=CC=CC(N2CC3=C(C=CC=C3)C2)=C1,29.134138,9.090603,False,48,5,0.8,euclidean,random,StandardScaler_per_sample_dimension
CC1=CC2=C(C=C1)CN(C1=CC(P)=CC=C1)C2,29.036211,9.170785,False,48,5,0.8,euclidean,random,StandardScaler_per_sample_dimension
CC1=CC=C2CN(C3=CC=CC(P)=C3)CC2=C1,28.999386,9.218588,False,48,5,0.8,euclidean,random,StandardScaler_per_sample_dimension
O=PC1=CC(N2CC3=CC=CC=C3C2)=CC=C1,29.049374,9.163856,False,48,5,0.8,euclidean,random,StandardScaler_per_sample_dimension
O=PC1=CC=CC(N2CC3=C(C=CC=C3)C2)=C1,28.89454,9.313619,False,48,5,0.8,euclidean,random,StandardScaler_per_sample_dimension
CCCCNC(=O)C1=CC(C)=CC=C1,13.236698,-13.567181,False,48,5,0.8,euclidean,random,StandardScaler_per_sample_dimension
CCCCNC(=O)C1=CC=CC(C)=C1,13.151472,-13.415573,False,48,5,0.8,euclidean,random,StandardScaler_per_sample_dimension
CCCCNC(=O)C1=CC(C=O)=CC=C1,12.993058,-13.347994,False,48,5,0.8,euclidean,random,StandardScaler_per_sample_dimension
CCCCNC(=O)C1=CC=CC(C=O)=C1,13.186686,-13.330171,False,48,5,0.8,euclidean,random,StandardScaler_per_sample_dimension
NCC1=CC=C(NC2=NC(N)=NC=N2)C=C1,11.289083,11.716533,False,48,5,0.8,euclidean,random,StandardScaler_per_sample_dimension
NCC1=CC=C(NC2=NC=NC(N)=N2)C=C1,11.1712675,11.545314,False,48,5,0.8,euclidean,random,StandardScaler_per_sample_dimension
NC(=O)C1=CC=C(NC2=NC(N)=NC=N2)C=C1,11.41603,11.584363,False,48,5,0.8,euclidean,random,StandardScaler_per_sample_dimension
NC(=O)C1=CC=C(NC2=NC=NC(N)=N2)C=C1,11.253301,11.516691,False,48,5,0.8,euclidean,random,StandardScaler_per_sample_dimension
CCCOCCOPOC,6.326998,-16.47444,False,48,5,0.8,euclidean,random,StandardScaler_per_sample_dimension
CCC(=O)OCCOPOC,6.56195,-16.716595,False,48,5,0.8,euclidean,random,StandardScaler_per_sample_dimension
CCCOCCO[PH](=O)OC,6.194145,-16.402803,False,48,5,0.8,euclidean,random,StandardScaler_per_sample_dimension
CCC(=O)OCCO[PH](=O)OC,6.218875,-16.320658,False,48,5,0.8,euclidean,random,StandardScaler_per_sample_dimension
CCCNCC1=CC=C(C)C=C1,12.96341,17.286312,False,48,5,0.8,euclidean,random,StandardScaler_per_sample_dimension
CCCNCC1=CC=C(C=O)C=C1,12.844452,17.142443,False,48,5,0.8,euclidean,random,StandardScaler_per_sample_dimension
CCCCCCNCC1=CC(C)=CC=C1,24.651178,17.679913,False,48,5,0.8,euclidean,random,StandardScaler_per_sample_dimension
CCCCCCNCC1=CC=CC(C)=C1,24.51314,17.827341,False,48,5,0.8,euclidean,random,StandardScaler_per_sample_dimension
CCNC1=CC=C(CNC2=CC=CC=C2)C=C1,-3.1518946,5.9579363,False,48,5,0.8,euclidean,random,StandardScaler_per_sample_dimension
NCC1=CC=CC=N1,-17.403881,14.556248,False,48,5,0.8,euclidean,random,StandardScaler_per_sample_dimension
NCC1=NC=CC=C1,-17.670822,14.373275,False,48,5,0.8,euclidean,random,StandardScaler_per_sample_dimension
CC1=CC=CC(CN)=N1,-17.190012,14.506923,False,48,5,0.8,euclidean,random,StandardScaler_per_sample_dimension
CC1=NC(CN)=CC=C1,-17.557367,14.428743,False,48,5,0.8,euclidean,random,StandardScaler_per_sample_dimension
CNCC1=CC=CC=N1,-17.67178,14.419697,False,48,5,0.8,euclidean,random,StandardScaler_per_sample_dimension
CNCC1=NC=CC=C1,-17.287271,14.754225,False,48,5,0.8,euclidean,random,StandardScaler_per_sample_dimension
NC(=O)C1=CC=CC=N1,-16.938929,14.204049,False,48,5,0.8,euclidean,random,StandardScaler_per_sample_dimension
NC(=O)C1=NC=CC=C1,-16.772133,14.213706,False,48,5,0.8,euclidean,random,StandardScaler_per_sample_dimension
CC1=CC=CC(C(N)=O)=N1,-16.841208,14.109771,False,48,5,0.8,euclidean,random,StandardScaler_per_sample_dimension
CC1=NC(C(N)=O)=CC=C1,-17.345758,14.749576,False,48,5,0.8,euclidean,random,StandardScaler_per_sample_dimension
CNC(=O)C1=CC=CC=N1,-16.788519,14.292996,False,48,5,0.8,euclidean,random,StandardScaler_per_sample_dimension
CNC(=O)C1=NC=CC=C1,-17.333347,14.314518,False,48,5,0.8,euclidean,random,StandardScaler_per_sample_dimension
CNCC1=CC=CC(C)=N1,-16.537094,14.505396,False,48,5,0.8,euclidean,random,StandardScaler_per_sample_dimension
CNCC1=NC(C)=CC=C1,-17.202448,14.455956,False,48,5,0.8,euclidean,random,StandardScaler_per_sample_dimension
NCC1=CC=CC(C=O)=N1,-17.568861,14.548584,False,48,5,0.8,euclidean,random,StandardScaler_per_sample_dimension
NCC1=NC(C=O)=CC=C1,-17.453585,14.179714,False,48,5,0.8,euclidean,random,StandardScaler_per_sample_dimension
CNC(=O)C1=CC=CC(C)=N1,-17.00815,14.975124,False,48,5,0.8,euclidean,random,StandardScaler_per_sample_dimension
CNC(=O)C1=NC(C)=CC=C1,-16.823153,14.562513,False,48,5,0.8,euclidean,random,StandardScaler_per_sample_dimension
CNCC1=CC=CC(C=O)=N1,-17.344847,14.325553,False,48,5,0.8,euclidean,random,StandardScaler_per_sample_dimension
CNCC1=NC(C=O)=CC=C1,-17.242788,14.27176,False,48,5,0.8,euclidean,random,StandardScaler_per_sample_dimension
NC(=O)C1=CC=CC(C=O)=N1,-17.643452,14.681146,False,48,5,0.8,euclidean,random,StandardScaler_per_sample_dimension
NC(=O)C1=NC(C=O)=CC=C1,-17.547764,14.6630535,False,48,5,0.8,euclidean,random,StandardScaler_per_sample_dimension
CNC(=O)C1=CC=CC(C=O)=N1,-16.925386,14.572222,False,48,5,0.8,euclidean,random,StandardScaler_per_sample_dimension
CNC(=O)C1=NC(C=O)=CC=C1,-17.871532,14.460457,False,48,5,0.8,euclidean,random,StandardScaler_per_sample_dimension
CCCCCNCC1=CC(C)=CC=C1,24.413294,17.939974,False,48,5,0.8,euclidean,random,StandardScaler_per_sample_dimension
CCCCCNCC1=CC=CC(C)=C1,24.43723,17.861038,False,48,5,0.8,euclidean,random,StandardScaler_per_sample_dimension
SC1=CC=C(NCC2=CC=CC=C2)C=C1,-1.5535942,25.603712,False,48,5,0.8,euclidean,random,StandardScaler_per_sample_dimension
O=C(NC1=CC=C(S)C=C1)C1=CC=CC=C1,-1.4193659,25.369038,False,48,5,0.8,euclidean,random,StandardScaler_per_sample_dimension
CCCOC1=CC=C(CC2=CC=CC=C2)C=C1,7.3286777,8.575346,False,48,5,0.8,euclidean,random,StandardScaler_per_sample_dimension
O=[SH](=O)C1=CC=C(NCC2=CC=CC=C2)C=C1,-1.5715495,25.435827,False,48,5,0.8,euclidean,random,StandardScaler_per_sample_dimension
CCCCOCCCCO,-0.7251537,1.7799234,False,48,5,0.8,euclidean,random,StandardScaler_per_sample_dimension
CNC1=CC=C(C2=CC=C(N)C=C2)C=C1,14.72048,11.88156,False,48,5,0.8,euclidean,random,StandardScaler_per_sample_dimension
NC1=CC=C(C2=CC=C(NC=O)C=C2)C=C1,14.681882,11.860355,False,48,5,0.8,euclidean,random,StandardScaler_per_sample_dimension
CCNC1=CC=C(SC2=CC=C(N)C=C2)C=C1,21.838451,13.461476,False,48,5,0.8,euclidean,random,StandardScaler_per_sample_dimension
NC1=CC=C(SC2=CC=C(NC=O)C=C2)C=C1,23.088451,12.197934,False,48,5,0.8,euclidean,random,StandardScaler_per_sample_dimension
CCCCOC(=O)CCC,-0.5543921,1.8351362,False,48,5,0.8,euclidean,random,StandardScaler_per_sample_dimension
O=C(O)C1=CC=C(O)C=C1,-0.8802045,4.33285,False,48,5,0.8,euclidean,random,StandardScaler_per_sample_dimension
CCCC(=O)OCCCCO,-0.67398214,1.875372,False,48,5,0.8,euclidean,random,StandardScaler_per_sample_dimension
COC(=O)C1=CC=C(O)C=C1,-0.8736732,4.207894,False,48,5,0.8,euclidean,random,StandardScaler_per_sample_dimension
CCOC(=O)C1=CC=C(O)C=C1,-1.0052272,4.0911546,False,48,5,0.8,euclidean,random,StandardScaler_per_sample_dimension
O=CC1=CC=C(COC2=CC=CC=C2)C=C1,10.084017,-10.877143,False,48,5,0.8,euclidean,random,StandardScaler_per_sample_dimension
O=CC1=CC=C(C(=O)OC2=CC=CC=C2)C=C1,10.163064,-10.982652,False,48,5,0.8,euclidean,random,StandardScaler_per_sample_dimension
CCCNCC1=CC=C(O)C=C1,14.222252,15.386182,False,48,5,0.8,euclidean,random,StandardScaler_per_sample_dimension
CCCNC(=O)C1=CC=C(O)C=C1,14.031403,15.511151,False,48,5,0.8,euclidean,random,StandardScaler_per_sample_dimension
OC1=CC(CC2=CC(O)=CC=C2)=CC=C1,13.142618,20.267673,False,48,5,0.8,euclidean,random,StandardScaler_per_sample_dimension
OC1=CC(CC2=CC=CC(O)=C2)=CC=C1,13.024211,20.35007,False,48,5,0.8,euclidean,random,StandardScaler_per_sample_dimension
OC1=CC=CC(CC2=CC=CC(O)=C2)=C1,13.150804,20.652632,False,48,5,0.8,euclidean,random,StandardScaler_per_sample_dimension
CCNCC1=CC=C(OC2=CC=CC=C2)C=C1,14.081501,15.261382,False,48,5,0.8,euclidean,random,StandardScaler_per_sample_dimension
OC1=CC=C(Br)C=C1,-10.536335,17.22575,False,48,5,0.8,euclidean,random,StandardScaler_per_sample_dimension
O=[N+]([O-])C1=CC=CC=C1,12.023428,3.8047163,False,48,5,0.8,euclidean,random,StandardScaler_per_sample_dimension
O=CC1=CC=CC(C=O)=N1,24.279491,-2.290752,False,48,5,0.8,euclidean,random,StandardScaler_per_sample_dimension
O=CC1=NC(C=O)=CC=C1,24.402008,-2.409636,False,48,5,0.8,euclidean,random,StandardScaler_per_sample_dimension
OPOC1=CC=C(Br)C=C1,-10.400764,17.193153,False,48,5,0.8,euclidean,random,StandardScaler_per_sample_dimension
O=[PH](O)OC1=CC=C(Br)C=C1,-10.276926,17.038773,False,48,5,0.8,euclidean,random,StandardScaler_per_sample_dimension
NC1=CC=C(C2=CC=C(N)C=C2)C=C1,14.525964,11.727291,False,48,5,0.8,euclidean,random,StandardScaler_per_sample_dimension
NCC1=CC=C(NC2=NC=NC=N2)C=C1,-0.31552872,-15.545933,False,48,5,0.8,euclidean,random,StandardScaler_per_sample_dimension
BrC1=CC=C(OPOC2=CC=CC=C2)C=C1,-10.575941,17.31222,False,48,5,0.8,euclidean,random,StandardScaler_per_sample_dimension
NC(=O)C1=CC=C(NC2=NC=NC=N2)C=C1,-0.24410948,-15.440041,False,48,5,0.8,euclidean,random,StandardScaler_per_sample_dimension
O=[PH](OC1=CC=CC=C1)OC1=CC=C(Br)C=C1,-10.486032,17.308802,False,48,5,0.8,euclidean,random,StandardScaler_per_sample_dimension
CCCCCCCCC(=O)NCC,4.8794436,8.495166,False,48,5,0.8,euclidean,random,StandardScaler_per_sample_dimension
CNCC1=CC(C(C)C)=CC=C1,1.6572028,-12.116412,False,48,5,0.8,euclidean,random,StandardScaler_per_sample_dimension
CNCC1=CC=CC(C(C)C)=C1,1.8034127,-12.268552,False,48,5,0.8,euclidean,random,StandardScaler_per_sample_dimension
CCC1=CC=C(C(C)C2=CC=CC=C2)C=C1,11.224737,15.356247,False,48,5,0.8,euclidean,random,StandardScaler_per_sample_dimension
CCCCCCCCC(=O)NCCC,4.507423,9.173376,False,48,5,0.8,euclidean,random,StandardScaler_per_sample_dimension
CCCCCCCCCC(=O)NCC,4.814493,8.96676,False,48,5,0.8,euclidean,random,StandardScaler_per_sample_dimension
CCCCCCCCCC(=O)NCCC,4.5965796,9.128349,False,48,5,0.8,euclidean,random,StandardScaler_per_sample_dimension
CC1=CC([SH]=O)=CC=C1,-1.9030128,-3.4236104,False,48,5,0.8,euclidean,random,StandardScaler_per_sample_dimension
CC1=CC=CC([SH]=O)=C1,-1.7526922,-3.3253603,False,48,5,0.8,euclidean,random,StandardScaler_per_sample_dimension
CCN1CCCC1=O,11.966814,7.841923,False,48,5,0.8,euclidean,random,StandardScaler_per_sample_dimension
CNCC1=CC(C(C)C2=CC=CC=C2)=CC=C1,2.157492,-12.034363,False,48,5,0.8,euclidean,random,StandardScaler_per_sample_dimension
CNCC1=CC=CC(C(C)C2=CC=CC=C2)=C1,2.2253978,-12.10986,False,48,5,0.8,euclidean,random,StandardScaler_per_sample_dimension
CCCCCNC1=CC=CC(C=O)=C1,3.3807251,-6.966826,False,48,5,0.8,euclidean,random,StandardScaler_per_sample_dimension
CC(C)C1=CC(CN)=CC=C1,1.9636871,-12.217693,False,48,5,0.8,euclidean,random,StandardScaler_per_sample_dimension
CC(C)C1=CC=CC(CN)=C1,2.0771084,-12.269597,False,48,5,0.8,euclidean,random,StandardScaler_per_sample_dimension
CCCCCCCCC(=O)NCCCC,-5.061933,4.060558,False,48,5,0.8,euclidean,random,StandardScaler_per_sample_dimension
CCC1=CC=C(C(C)(C)C2=CC=CC=C2)C=C1,11.872234,14.939118,False,48,5,0.8,euclidean,random,StandardScaler_per_sample_dimension
CCCN1CCCC1=O,16.582108,22.097233,False,48,5,0.8,euclidean,random,StandardScaler_per_sample_dimension
CCC(C)N1CCCC1=O,17.231922,22.199411,False,48,5,0.8,euclidean,random,StandardScaler_per_sample_dimension
CCC(C=O)N1CCCC1=O,17.268816,22.31842,False,48,5,0.8,euclidean,random,StandardScaler_per_sample_dimension
CC(C)C1=CC=C(CC2=CC=CC=C2)C=C1,11.25925,14.019773,False,48,5,0.8,euclidean,random,StandardScaler_per_sample_dimension
CCCOCC(C)C,17.700474,-2.7577732,False,48,5,0.8,euclidean,random,StandardScaler_per_sample_dimension
CCNCCCCCCCCCC=O,-4.9910774,3.9047348,False,48,5,0.8,euclidean,random,StandardScaler_per_sample_dimension
CCNC(=O)CCCCCCCCC=O,-5.0079165,3.8689287,False,48,5,0.8,euclidean,random,StandardScaler_per_sample_dimension
CC(CO)(CO)CO,16.79437,18.523325,False,48,5,0.8,euclidean,random,StandardScaler_per_sample_dimension
NPC1=CC=CC=C1,1.6576422,16.087671,False,48,5,0.8,euclidean,random,StandardScaler_per_sample_dimension
CNPC1=CC=CC=C1,1.5474201,15.933906,False,48,5,0.8,euclidean,random,StandardScaler_per_sample_dimension
N[PH](=O)C1=CC=CC=C1,1.3534676,15.805157,False,48,5,0.8,euclidean,random,StandardScaler_per_sample_dimension
CN[PH](=O)C1=CC=CC=C1,1.4206381,15.927392,False,48,5,0.8,euclidean,random,StandardScaler_per_sample_dimension
CC1=CC=CS1,25.820688,0.4430129,False,48,5,0.8,euclidean,random,StandardScaler_per_sample_dimension
CCN1CCCC1,17.004616,22.535044,False,48,5,0.8,euclidean,random,StandardScaler_per_sample_dimension
CC(C1=CC=CC=C1)C1=CC(CN)=CC=C1,10.448674,15.72732,False,48,5,0.8,euclidean,random,StandardScaler_per_sample_dimension
CC(C1=CC=CC=C1)C1=CC=CC(CN)=C1,10.443656,15.743763,False,48,5,0.8,euclidean,random,StandardScaler_per_sample_dimension
CC1=CC(C)=CC([SH]=O)=C1,-1.8780934,-3.2516925,False,48,5,0.8,euclidean,random,StandardScaler_per_sample_dimension
CC1=CC([SH](=O)=O)=CC=C1,-1.6534998,-3.476676,False,48,5,0.8,euclidean,random,StandardScaler_per_sample_dimension
CC1=CC=CC([SH](=O)=O)=C1,-1.7554015,-3.3372338,False,48,5,0.8,euclidean,random,StandardScaler_per_sample_dimension
NCN1CC2=CC=CC=C2C1=O,-13.275579,2.1202137,False,48,5,0.8,euclidean,random,StandardScaler_per_sample_dimension
CC(C)N1CCCC1=O,16.725958,22.407282,False,48,5,0.8,euclidean,random,StandardScaler_per_sample_dimension
O=CCN1CCCC1=O,16.971748,22.287159,False,48,5,0.8,euclidean,random,StandardScaler_per_sample_dimension
CC(C=O)N1CCCC1=O,17.378239,22.246475,False,48,5,0.8,euclidean,random,StandardScaler_per_sample_dimension
CCCOCPO,-5.966429,-20.293034,False,48,5,0.8,euclidean,random,StandardScaler_per_sample_dimension
CCC(=O)OCPO,-5.9091067,-19.014566,False,48,5,0.8,euclidean,random,StandardScaler_per_sample_dimension
CCCOCPOC,-5.9741507,-19.090769,False,48,5,0.8,euclidean,random,StandardScaler_per_sample_dimension
CCCOC[PH](=O)O,-5.6186066,-20.329668,False,48,5,0.8,euclidean,random,StandardScaler_per_sample_dimension
CCC(=O)OCPOC,-5.9620566,-19.807287,False,48,5,0.8,euclidean,random,StandardScaler_per_sample_dimension
CCC(=O)OC[PH](=O)O,-5.795018,-19.366064,False,48,5,0.8,euclidean,random,StandardScaler_per_sample_dimension
CCCOC[PH](=O)OC,-6.1295676,-19.704744,False,48,5,0.8,euclidean,random,StandardScaler_per_sample_dimension
CCC(=O)OC[PH](=O)OC,-5.738782,-20.614317,False,48,5,0.8,euclidean,random,StandardScaler_per_sample_dimension
CCC1=CC=CC2=C1C=CC=C2,8.208656,-12.194691,False,48,5,0.8,euclidean,random,StandardScaler_per_sample_dimension
CCC1=CC=CC2=CC=CC=C12,8.099498,-12.2137165,False,48,5,0.8,euclidean,random,StandardScaler_per_sample_dimension
CCN1C(=O)CCC1=O,17.391317,22.37509,False,48,5,0.8,euclidean,random,StandardScaler_per_sample_dimension
CCC1=CC=C(OC2=CC=CC=C2C)C=C1,-1.7099392,3.533285,False,48,5,0.8,euclidean,random,StandardScaler_per_sample_dimension
CCCCCCCCCCNC(=O)CCC,-5.091964,3.9779975,False,48,5,0.8,euclidean,random,StandardScaler_per_sample_dimension
CP[O-],21.167398,0.7152656,False,48,5,0.8,euclidean,random,StandardScaler_per_sample_dimension
OCO,7.9141154,-4.8021216,False,48,5,0.8,euclidean,random,StandardScaler_per_sample_dimension
C[PH](=O)[O-],21.230589,0.5582861,False,48,5,0.8,euclidean,random,StandardScaler_per_sample_dimension
CC1=CC=CC=C1C(=O)NC1=CC=C(O)C=C1,-8.558521,10.647133,False,48,5,0.8,euclidean,random,StandardScaler_per_sample_dimension
O=CC1=CC=CC=C1CNC1=CC=C(O)C=C1,-8.573821,10.675072,False,48,5,0.8,euclidean,random,StandardScaler_per_sample_dimension
CCC1=CC=C(CO)C=C1,2.873242,2.0870051,False,48,5,0.8,euclidean,random,StandardScaler_per_sample_dimension
CCC(CN)N1CCCC1=O,17.29457,22.48246,False,48,5,0.8,euclidean,random,StandardScaler_per_sample_dimension
CCC(C(N)=O)N1CCCC1=O,17.500822,22.132347,False,48,5,0.8,euclidean,random,StandardScaler_per_sample_dimension
CCCNC1=CC=C(C=O)C=C1,-3.1927073,5.801926,False,48,5,0.8,euclidean,random,StandardScaler_per_sample_dimension
CCC(=O)NC1=CC=C(C=O)C=C1,-2.9753687,6.012001,False,48,5,0.8,euclidean,random,StandardScaler_per_sample_dimension
COC1=CC(CC2=CC=CC=C2)=CC=C1,13.437427,20.56436,False,48,5,0.8,euclidean,random,StandardScaler_per_sample_dimension
COC1=CC=CC(CC2=CC=CC=C2)=C1,13.446815,20.5183,False,48,5,0.8,euclidean,random,StandardScaler_per_sample_dimension
CCC(CNC1=CC=CC=C1)N1CCCC1=O,16.926155,22.412325,False,48,5,0.8,euclidean,random,StandardScaler_per_sample_dimension
CNC1=CC=C(NCC2=CC=CC=C2)C=C1,-1.7759074,-7.375495,False,48,5,0.8,euclidean,random,StandardScaler_per_sample_dimension
CCCN1CCCC1,-3.66342,-5.323709,False,48,5,0.8,euclidean,random,StandardScaler_per_sample_dimension
CCC(C)N1CCCC1,-3.710948,-4.8271275,False,48,5,0.8,euclidean,random,StandardScaler_per_sample_dimension
CCC(C=O)N1CCCC1,-4.1016335,-4.9437857,False,48,5,0.8,euclidean,random,StandardScaler_per_sample_dimension
CCOPCO,8.032134,14.194001,False,48,5,0.8,euclidean,random,StandardScaler_per_sample_dimension
COP(O)CO,8.679537,15.1383295,False,48,5,0.8,euclidean,random,StandardScaler_per_sample_dimension
CCOP(O)CO,7.273841,14.999054,False,48,5,0.8,euclidean,random,StandardScaler_per_sample_dimension
CCO[PH](=O)CO,20.464706,7.410715,False,48,5,0.8,euclidean,random,StandardScaler_per_sample_dimension
COP(=O)(O)CO,9.388973,0.50620264,False,48,5,0.8,euclidean,random,StandardScaler_per_sample_dimension
OC1=CC=CC=N1,-18.001747,6.502418,False,48,5,0.8,euclidean,random,StandardScaler_per_sample_dimension
OC1=NC=CC=C1,-18.058317,6.5783124,False,48,5,0.8,euclidean,random,StandardScaler_per_sample_dimension
CCOP(=O)(O)CO,7.6061163,13.649322,False,48,5,0.8,euclidean,random,StandardScaler_per_sample_dimension
CCOP(CO)OC,8.519252,14.212967,False,48,5,0.8,euclidean,random,StandardScaler_per_sample_dimension
C=NC1=CC(C)=CC=C1,-11.495452,-0.007702668,False,48,5,0.8,euclidean,random,StandardScaler_per_sample_dimension
C=NC1=CC=CC(C)=C1,-11.391273,-0.12888704,False,48,5,0.8,euclidean,random,StandardScaler_per_sample_dimension
CCOP(=O)(CO)OC,20.262318,7.5497804,False,48,5,0.8,euclidean,random,StandardScaler_per_sample_dimension
NCCN1CCCC1=O,16.810724,22.229702,False,48,5,0.8,euclidean,random,StandardScaler_per_sample_dimension
C=NC1=CC(C=O)=CC=C1,-11.43995,-0.09217305,False,48,5,0.8,euclidean,random,StandardScaler_per_sample_dimension
C=NC1=CC=CC(C=O)=C1,-11.59363,0.02750671,False,48,5,0.8,euclidean,random,StandardScaler_per_sample_dimension
CC(CN)N1CCCC1=O,17.144602,22.606651,False,48,5,0.8,euclidean,random,StandardScaler_per_sample_dimension
CC=NC1=CC(C)=CC=C1,-11.27338,-0.40566456,False,48,5,0.8,euclidean,random,StandardScaler_per_sample_dimension
CC=NC1=CC=CC(C)=C1,-11.290408,-0.22817862,False,48,5,0.8,euclidean,random,StandardScaler_per_sample_dimension
NC(=O)CN1CCCC1=O,17.563778,22.180532,False,48,5,0.8,euclidean,random,StandardScaler_per_sample_dimension
C=NC1=CC(C)=CC(C=O)=C1,-11.553019,0.052584045,False,48,5,0.8,euclidean,random,StandardScaler_per_sample_dimension
C=NC1=CC(C=O)=CC(C)=C1,-11.402392,-0.29969844,False,48,5,0.8,euclidean,random,StandardScaler_per_sample_dimension
CC(C(N)=O)N1CCCC1=O,17.558535,22.046795,False,48,5,0.8,euclidean,random,StandardScaler_per_sample_dimension
CC1=CC2=CC=CC=C2C=C1,8.246435,-12.03259,False,48,5,0.8,euclidean,random,StandardScaler_per_sample_dimension
CC1=CC=C2C=CC=CC2=C1,8.351682,-11.93889,False,48,5,0.8,euclidean,random,StandardScaler_per_sample_dimension
CC=NC1=CC(C=O)=CC=C1,-11.74624,-0.04796701,False,48,5,0.8,euclidean,random,StandardScaler_per_sample_dimension
CC=NC1=CC=CC(C=O)=C1,-11.275706,-0.2666735,False,48,5,0.8,euclidean,random,StandardScaler_per_sample_dimension
CC=NC1=CC(C)=CC(C=O)=C1,-11.308516,0.08664638,False,48,5,0.8,euclidean,random,StandardScaler_per_sample_dimension
CC=NC1=CC(C=O)=CC(C)=C1,-11.231733,-0.20361808,False,48,5,0.8,euclidean,random,StandardScaler_per_sample_dimension
C1=CC=C(OC2=CC=CC=N2)C=C1,-17.857628,6.361636,False,48,5,0.8,euclidean,random,StandardScaler_per_sample_dimension
C1=CC=C(OC2=NC=CC=C2)C=C1,-17.997547,6.5085726,False,48,5,0.8,euclidean,random,StandardScaler_per_sample_dimension
NC1=NC(N2CCOCC2)=NC=N1,10.765018,11.618995,False,48,5,0.8,euclidean,random,StandardScaler_per_sample_dimension
NC1=NC=NC(N2CCOCC2)=N1,10.548845,11.701554,False,48,5,0.8,euclidean,random,StandardScaler_per_sample_dimension
OC1=CC=CC(OC2=CC=CC=C2)=N1,-17.85525,6.3875136,False,48,5,0.8,euclidean,random,StandardScaler_per_sample_dimension
OC1=NC(OC2=CC=CC=C2)=CC=C1,-18.05765,6.5963054,False,48,5,0.8,euclidean,random,StandardScaler_per_sample_dimension
O=C1CCCN1CCNC1=CC=CC=C1,17.115734,22.212229,False,48,5,0.8,euclidean,random,StandardScaler_per_sample_dimension
CC(CNC1=CC=CC=C1)N1CCCC1=O,17.011946,22.302912,False,48,5,0.8,euclidean,random,StandardScaler_per_sample_dimension
O=C(CN1CCCC1=O)NC1=CC=CC=C1,17.064335,22.376131,False,48,5,0.8,euclidean,random,StandardScaler_per_sample_dimension
O=C1C2CCCCC2CN1C1=CC=CC=C1,2.1864219,-1.1023825,False,48,5,0.8,euclidean,random,StandardScaler_per_sample_dimension
CC(C(=O)NC1=CC=CC=C1)N1CCCC1=O,16.655636,22.33481,False,48,5,0.8,euclidean,random,StandardScaler_per_sample_dimension
O=C1C2CCCCC2CN1C1=CC=C(O)C=C1,2.2708886,-0.91978586,False,48,5,0.8,euclidean,random,StandardScaler_per_sample_dimension
C1=COC=N1,-7.412927,10.47905,False,48,5,0.8,euclidean,random,StandardScaler_per_sample_dimension
C1=CC2=C(C=C1)OC=N2,-7.36164,10.477167,False,48,5,0.8,euclidean,random,StandardScaler_per_sample_dimension
C1=CC=C2OC=NC2=C1,-7.441551,10.599772,False,48,5,0.8,euclidean,random,StandardScaler_per_sample_dimension
CCCCCCNCC1=CC(C=O)=CC=C1,14.146665,17.889755,False,48,5,0.8,euclidean,random,StandardScaler_per_sample_dimension
CCCCCCNCC1=CC=CC(C=O)=C1,13.664304,17.566036,False,48,5,0.8,euclidean,random,StandardScaler_per_sample_dimension
NCP,15.212076,-8.922158,False,48,5,0.8,euclidean,random,StandardScaler_per_sample_dimension
NCP=O,15.188293,-8.87042,False,48,5,0.8,euclidean,random,StandardScaler_per_sample_dimension
C1=CSC=C1,20.27604,-9.975922,False,48,5,0.8,euclidean,random,StandardScaler_per_sample_dimension
COCPO,8.169934,15.857683,False,48,5,0.8,euclidean,random,StandardScaler_per_sample_dimension
CCOCPO,9.743196,14.002084,False,48,5,0.8,euclidean,random,StandardScaler_per_sample_dimension
COCPOC,-4.1350417,-0.5721955,False,48,5,0.8,euclidean,random,StandardScaler_per_sample_dimension
COC[PH](=O)O,8.540765,13.099915,False,48,5,0.8,euclidean,random,StandardScaler_per_sample_dimension
O=COCPO,7.3484306,16.129698,False,48,5,0.8,euclidean,random,StandardScaler_per_sample_dimension
CC(=O)OCPO,8.010689,15.616049,False,48,5,0.8,euclidean,random,StandardScaler_per_sample_dimension
CCOCPOC,7.8155065,14.575346,False,48,5,0.8,euclidean,random,StandardScaler_per_sample_dimension
CCOC[PH](=O)O,6.4802876,14.473228,False,48,5,0.8,euclidean,random,StandardScaler_per_sample_dimension
COC[PH](=O)OC,6.6246796,15.444321,False,48,5,0.8,euclidean,random,StandardScaler_per_sample_dimension
COPCOC=O,7.121592,16.367504,False,48,5,0.8,euclidean,random,StandardScaler_per_sample_dimension
O=COC[PH](=O)O,8.298173,13.321149,False,48,5,0.8,euclidean,random,StandardScaler_per_sample_dimension
CC(=O)OC[PH](=O)O,8.085167,15.749149,False,48,5,0.8,euclidean,random,StandardScaler_per_sample_dimension
CC(C)N1CCCC1,-3.803488,-5.12596,False,48,5,0.8,euclidean,random,StandardScaler_per_sample_dimension
CCOC[PH](=O)OC,6.6928573,15.330168,False,48,5,0.8,euclidean,random,StandardScaler_per_sample_dimension
COPCOC(C)=O,7.152859,14.999792,False,48,5,0.8,euclidean,random,StandardScaler_per_sample_dimension
CO[PH](=O)COC=O,6.3766994,15.532367,False,48,5,0.8,euclidean,random,StandardScaler_per_sample_dimension
O=CCN1CCCC1,-3.2761638,-5.3902245,False,48,5,0.8,euclidean,random,StandardScaler_per_sample_dimension
C=NC1=CC=C(O)C=C1,7.7686343,1.4089297,False,48,5,0.8,euclidean,random,StandardScaler_per_sample_dimension
CC(C=O)N1CCCC1,-4.391381,-4.7102413,False,48,5,0.8,euclidean,random,StandardScaler_per_sample_dimension
CO[PH](=O)COC(C)=O,7.5137115,13.609211,False,48,5,0.8,euclidean,random,StandardScaler_per_sample_dimension
CC1=CC2=C(C=C1)N=CN2,15.95165,-13.147426,False,48,5,0.8,euclidean,random,StandardScaler_per_sample_dimension
CC1=CC2=C(C=C1)NC=N2,15.905352,-13.085431,False,48,5,0.8,euclidean,random,StandardScaler_per_sample_dimension
CC1=CC=C2N=CNC2=C1,15.835747,-13.177406,False,48,5,0.8,euclidean,random,StandardScaler_per_sample_dimension
CCCN1C(=O)CCC1=O,-3.5892131,-5.6790876,False,48,5,0.8,euclidean,random,StandardScaler_per_sample_dimension
CCC(C)N1C(=O)CCC1=O,-4.3591537,-4.39688,False,48,5,0.8,euclidean,random,StandardScaler_per_sample_dimension
O=CC1=CC2=C(C=C1)N=CN2,15.735555,-12.930112,False,48,5,0.8,euclidean,random,StandardScaler_per_sample_dimension
O=CC1=CC2=C(C=C1)NC=N2,15.834596,-13.060833,False,48,5,0.8,euclidean,random,StandardScaler_per_sample_dimension
O=CC1=CC=C2N=CNC2=C1,15.771685,-13.493579,False,48,5,0.8,euclidean,random,StandardScaler_per_sample_dimension
CCC(C=O)N1C(=O)CCC1=O,-3.2122328,-4.8613567,False,48,5,0.8,euclidean,random,StandardScaler_per_sample_dimension
CCCNC(=O)C1=CC=C(C)C=C1,7.3426824,-6.9416986,False,48,5,0.8,euclidean,random,StandardScaler_per_sample_dimension
CCCNC(=O)C1=CC=C(C=O)C=C1,7.4811525,-6.832786,False,48,5,0.8,euclidean,random,StandardScaler_per_sample_dimension
OC1=CC=C(/N=C/C2=CC=CC=C2)C=C1,7.8094344,1.2604314,False,48,5,0.8,euclidean,random,StandardScaler_per_sample_dimension
OC1=CC=C(N=CC2=CC=CC=C2)C=C1,7.788522,1.2464244,False,48,5,0.8,euclidean,random,StandardScaler_per_sample_dimension
CC1=CC2=C(C=C1)N=C(C1=CC=CC=C1)N2,15.792063,-13.388267,False,48,5,0.8,euclidean,random,StandardScaler_per_sample_dimension
CC1=CC2=C(C=C1)NC(C1=CC=CC=C1)=N2,16.119417,-13.304903,False,48,5,0.8,euclidean,random,StandardScaler_per_sample_dimension
CC1=CC=C(NCCC2=CC=CC=C2)C=C1,-2.7029395,5.4140844,False,48,5,0.8,euclidean,random,StandardScaler_per_sample_dimension
CC1=CC=C2N=C(C3=CC=CC=C3)NC2=C1,15.706207,-13.271252,False,48,5,0.8,euclidean,random,StandardScaler_per_sample_dimension
CC(C)(C1=CC=CC=C1)C1=CC(CN)=CC=C1,10.681296,15.657184,False,48,5,0.8,euclidean,random,StandardScaler_per_sample_dimension
CC(C)(C1=CC=CC=C1)C1=CC=CC(CN)=C1,10.63968,15.689732,False,48,5,0.8,euclidean,random,StandardScaler_per_sample_dimension
CC1=CC=C(NC(=O)CC2=CC=CC=C2)C=C1,-2.689115,5.2962217,False,48,5,0.8,euclidean,random,StandardScaler_per_sample_dimension
O=CC1=CC2=C(C=C1)N=C(C1=CC=CC=C1)N2,15.578779,-13.432489,False,48,5,0.8,euclidean,random,StandardScaler_per_sample_dimension
O=CC1=CC2=C(C=C1)NC(C1=CC=CC=C1)=N2,15.532952,-13.202315,False,48,5,0.8,euclidean,random,StandardScaler_per_sample_dimension
O=CC1=CC=C2N=C(C3=CC=CC=C3)NC2=C1,15.772755,-13.51632,False,48,5,0.8,euclidean,random,StandardScaler_per_sample_dimension
O=CNC1=CC=C(CNC2=CC=CC=C2)C=C1,-3.018821,5.767402,False,48,5,0.8,euclidean,random,StandardScaler_per_sample_dimension
CCCOCP,7.172363,16.37774,False,48,5,0.8,euclidean,random,StandardScaler_per_sample_dimension
CCC(=O)OCP,8.317237,14.550552,False,48,5,0.8,euclidean,random,StandardScaler_per_sample_dimension
CCCOCP=O,6.935912,14.431446,False,48,5,0.8,euclidean,random,StandardScaler_per_sample_dimension
CCC(=O)OCP=O,20.48507,7.3891225,False,48,5,0.8,euclidean,random,StandardScaler_per_sample_dimension
CC1=CC(C)=CC(S)=C1,-17.08728,-10.158141,False,48,5,0.8,euclidean,random,StandardScaler_per_sample_dimension
CNC1=C(O)C=CC(C)=C1,-6.020752,-2.3974965,False,48,5,0.8,euclidean,random,StandardScaler_per_sample_dimension
CC1=CC(C)=CC([SH](=O)=O)=C1,-17.026894,-10.235011,False,48,5,0.8,euclidean,random,StandardScaler_per_sample_dimension
CC1=CC(NC=O)=C(O)C=C1,-6.1394935,-2.3601882,False,48,5,0.8,euclidean,random,StandardScaler_per_sample_dimension
NCN1CC2=CC=CC=C2C1,-7.811298,20.051462,False,48,5,0.8,euclidean,random,StandardScaler_per_sample_dimension
NCN1C(=O)C2=CC=CC=C2C1=O,-15.107171,-1.0156273,False,48,5,0.8,euclidean,random,StandardScaler_per_sample_dimension
CC1=CC(NCC2=CC=CC=C2)=C(O)C=C1,-5.8948584,-2.518169,False,48,5,0.8,euclidean,random,StandardScaler_per_sample_dimension
CC1=CC(NC(=O)C2=CC=CC=C2)=C(O)C=C1,-5.94432,-2.351337,False,48,5,0.8,euclidean,random,StandardScaler_per_sample_dimension
CCCCCCOCC,7.673022,-4.2129517,False,48,5,0.8,euclidean,random,StandardScaler_per_sample_dimension
CCCCCNCCCCCCN,0.34583378,-0.31084403,False,48,5,0.8,euclidean,random,StandardScaler_per_sample_dimension
CCCCCCNCCCCCCN,0.38471186,-0.24992725,False,48,5,0.8,euclidean,random,StandardScaler_per_sample_dimension
CCCCCNCC1=CC(C=O)=CC=C1,13.948087,17.61957,False,48,5,0.8,euclidean,random,StandardScaler_per_sample_dimension
CCCCCNCC1=CC=CC(C=O)=C1,13.81382,17.573801,False,48,5,0.8,euclidean,random,StandardScaler_per_sample_dimension
CCCOC1=CC=C(C2CCCCC2)C=C1,7.3132434,8.588172,False,48,5,0.8,euclidean,random,StandardScaler_per_sample_dimension
CC1=CC(N)=C(O)C=C1,-6.0947576,-2.3427796,False,48,5,0.8,euclidean,random,StandardScaler_per_sample_dimension
CC1=CC=C(O)C(N)=C1,-5.9484024,-2.4617023,False,48,5,0.8,euclidean,random,StandardScaler_per_sample_dimension
CC(C)N1C(=O)CCC1=O,-3.320743,-5.416732,False,48,5,0.8,euclidean,random,StandardScaler_per_sample_dimension
CP(O)OC1=CC=CC=C1,-11.227883,2.605412,False,48,5,0.8,euclidean,random,StandardScaler_per_sample_dimension
O=CCN1C(=O)CCC1=O,-2.960438,-5.0696716,False,48,5,0.8,euclidean,random,StandardScaler_per_sample_dimension
CC(C=O)N1C(=O)CCC1=O,-4.3804317,-4.484667,False,48,5,0.8,euclidean,random,StandardScaler_per_sample_dimension
CP(=O)(O)OC1=CC=CC=C1,-11.157442,2.761348,False,48,5,0.8,euclidean,random,StandardScaler_per_sample_dimension
OCC1=CC2=C(C=C1)CNC2,-1.9840559,-20.91149,False,48,5,0.8,euclidean,random,StandardScaler_per_sample_dimension
OCC1=CC=C2CNCC2=C1,-1.9044099,-20.820936,False,48,5,0.8,euclidean,random,StandardScaler_per_sample_dimension
COCC1=CC=C2CNCC2=C1,-1.8956192,-20.827763,False,48,5,0.8,euclidean,random,StandardScaler_per_sample_dimension
O=C(O)C1=CC2=C(C=C1)CNC2,-2.0380747,-20.957815,False,48,5,0.8,euclidean,random,StandardScaler_per_sample_dimension
O=C(O)C1=CC=C2CNCC2=C1,-1.9823307,-20.885525,False,48,5,0.8,euclidean,random,StandardScaler_per_sample_dimension
COC(=O)C1=CC=C2CNCC2=C1,-1.883953,-20.776274,False,48,5,0.8,euclidean,random,StandardScaler_per_sample_dimension
CCCCCCNCCCCCC=O,0.6096301,0.030426826,False,48,5,0.8,euclidean,random,StandardScaler_per_sample_dimension
CC1=CC=C(CC2=CC=C(O)C=C2)C=C1,-1.5488967,3.188856,False,48,5,0.8,euclidean,random,StandardScaler_per_sample_dimension
CC1=CC=CC=C1CNC1=CC=C(O)C=C1,-8.700684,10.595337,False,48,5,0.8,euclidean,random,StandardScaler_per_sample_dimension
CCCCCC(=O)O,7.777971,-5.336852,False,48,5,0.8,euclidean,random,StandardScaler_per_sample_dimension
CCC(CN)N1CCCC1,-3.0997648,-5.250952,False,48,5,0.8,euclidean,random,StandardScaler_per_sample_dimension
CCC(C(N)=O)N1CCCC1,-4.3266897,-4.6020727,False,48,5,0.8,euclidean,random,StandardScaler_per_sample_dimension
NCCCCCCNCCCCCC=O,0.33496177,-0.15042259,False,48,5,0.8,euclidean,random,StandardScaler_per_sample_dimension
CCC(CNC1=CC=CC=C1)N1CCCC1,-3.5610185,-5.69587,False,48,5,0.8,euclidean,random,StandardScaler_per_sample_dimension
CCC(C(=O)NC1=CC=CC=C1)N1CCCC1,-3.7513793,-5.3975754,False,48,5,0.8,euclidean,random,StandardScaler_per_sample_dimension
N#CC1=CC=CC=C1,-0.90389246,4.252511,False,48,5,0.8,euclidean,random,StandardScaler_per_sample_dimension
CCCCOCCCC=O,-0.46135917,2.174514,False,48,5,0.8,euclidean,random,StandardScaler_per_sample_dimension
CCCCOC(=O)CCC=O,-0.39522913,2.0799649,False,48,5,0.8,euclidean,random,StandardScaler_per_sample_dimension
O=CCCCOCCCCO,-0.42324865,2.1383426,False,48,5,0.8,euclidean,random,StandardScaler_per_sample_dimension
CC1=CC=C(C2=NC=CN2)C=C1,6.668416,-8.863189,False,48,5,0.8,euclidean,random,StandardScaler_per_sample_dimension
CCCCOCC1=CC=CC=C1,3.2472012,13.766429,False,48,5,0.8,euclidean,random,StandardScaler_per_sample_dimension
CN1CC2=C(C=C(CO)C=C2)C1,-1.7679794,-20.757288,False,48,5,0.8,euclidean,random,StandardScaler_per_sample_dimension
CN1CC2=CC=C(CO)C=C2C1,-2.1066089,-21.00942,False,48,5,0.8,euclidean,random,StandardScaler_per_sample_dimension
O=CCCC(=O)OCCCCO,-0.30991104,2.1031,False,48,5,0.8,euclidean,random,StandardScaler_per_sample_dimension
CCCCNCC1=CC=C(O)C=C1,14.239681,15.291133,False,48,5,0.8,euclidean,random,StandardScaler_per_sample_dimension
CCCCOC(=O)C1=CC=CC=C1,3.2660184,13.840436,False,48,5,0.8,euclidean,random,StandardScaler_per_sample_dimension
CN1CC2=C(C=C(C(=O)O)C=C2)C1,-1.821974,-20.719625,False,48,5,0.8,euclidean,random,StandardScaler_per_sample_dimension
CN1CC2=CC=C(C(=O)O)C=C2C1,-2.0710204,-20.971193,False,48,5,0.8,euclidean,random,StandardScaler_per_sample_dimension
CCCCC(=O)NCCCCCCN,0.34773177,-0.09673013,False,48,5,0.8,euclidean,random,StandardScaler_per_sample_dimension
CCCCNC(=O)C1=CC=C(O)C=C1,14.261093,15.355349,False,48,5,0.8,euclidean,random,StandardScaler_per_sample_dimension
CCCCCC(=O)NCCCCCCN,0.15942621,-0.17762375,False,48,5,0.8,euclidean,random,StandardScaler_per_sample_dimension
CCCCCCNC(=O)CCCCC=O,0.66184235,-0.0583017,False,48,5,0.8,euclidean,random,StandardScaler_per_sample_dimension
CC1=CC=C(CNC2=CC=C(N)C=C2)C=C1,-7.8262672,16.174364,False,48,5,0.8,euclidean,random,StandardScaler_per_sample_dimension
NCCCCCCNC(=O)CCCCC=O,0.6863158,-0.01450072,False,48,5,0.8,euclidean,random,StandardScaler_per_sample_dimension
CC1=CC=C(C(=O)NC2=CC=C(N)C=C2)C=C1,-7.989084,16.21842,False,48,5,0.8,euclidean,random,StandardScaler_per_sample_dimension
NC1=CC=C(NCC2=CC(C=O)=CC=C2)C=C1,-1.5983734,-9.668423,False,48,5,0.8,euclidean,random,StandardScaler_per_sample_dimension
NC1=CC=C(NCC2=CC=CC(C=O)=C2)C=C1,-1.5417403,-9.691574,False,48,5,0.8,euclidean,random,StandardScaler_per_sample_dimension
COCP,2.2310376,23.360048,False,48,5,0.8,euclidean,random,StandardScaler_per_sample_dimension
CCOCP,2.9015145,22.861992,False,48,5,0.8,euclidean,random,StandardScaler_per_sample_dimension
COCP=O,2.8122447,21.932125,False,48,5,0.8,euclidean,random,StandardScaler_per_sample_dimension
O=COCP,2.4362905,22.44655,False,48,5,0.8,euclidean,random,StandardScaler_per_sample_dimension
OCCCP,-2.8635507,-16.51376,False,48,5,0.8,euclidean,random,StandardScaler_per_sample_dimension
OCP(O)O,3.6517587,23.125927,False,48,5,0.8,euclidean,random,StandardScaler_per_sample_dimension
C1COCCN1,-0.37401927,-15.576998,False,48,5,0.8,euclidean,random,StandardScaler_per_sample_dimension
CC(=O)OCP,2.5644162,22.022455,False,48,5,0.8,euclidean,random,StandardScaler_per_sample_dimension
CCOCP=O,2.4212744,22.941227,False,48,5,0.8,euclidean,random,StandardScaler_per_sample_dimension
O=C(O)CCP,-2.8345418,-16.57388,False,48,5,0.8,euclidean,random,StandardScaler_per_sample_dimension
O=COCP=O,2.1529384,23.528645,False,48,5,0.8,euclidean,random,StandardScaler_per_sample_dimension
O=P(O)(O)CO,2.207205,23.18963,False,48,5,0.8,euclidean,random,StandardScaler_per_sample_dimension
O=PCCCO,-2.8944178,-16.506401,False,48,5,0.8,euclidean,random,StandardScaler_per_sample_dimension
CC(=O)OCP=O,2.9864256,22.13592,False,48,5,0.8,euclidean,random,StandardScaler_per_sample_dimension
COP(CO)OC,3.4591112,22.918972,False,48,5,0.8,euclidean,random,StandardScaler_per_sample_dimension
O=PCCC(=O)O,-3.0037613,-16.403877,False,48,5,0.8,euclidean,random,StandardScaler_per_sample_dimension
COP(=O)(CO)OC,3.3138113,21.663128,False,48,5,0.8,euclidean,random,StandardScaler_per_sample_dimension
NCCN1CCCC1,-4.1824813,-4.492142,False,48,5,0.8,euclidean,random,StandardScaler_per_sample_dimension
OC1=CC=CC(O)=N1,-17.913158,6.5041695,False,48,5,0.8,euclidean,random,StandardScaler_per_sample_dimension
CC(CN)N1CCCC1,-3.759604,-5.6370716,False,48,5,0.8,euclidean,random,StandardScaler_per_sample_dimension
CCOP(CO)OCC,2.6123126,21.600937,False,48,5,0.8,euclidean,random,StandardScaler_per_sample_dimension
NC(=O)CN1CCCC1,-3.014675,-5.082706,False,48,5,0.8,euclidean,random,StandardScaler_per_sample_dimension
C=NC1=CC(C)=CC(C)=C1,-1.4111804,26.18994,False,48,5,0.8,euclidean,random,StandardScaler_per_sample_dimension
CC(C(N)=O)N1CCCC1,-3.623938,-5.5629334,False,48,5,0.8,euclidean,random,StandardScaler_per_sample_dimension
CCOP(=O)(CO)OCC,2.1681201,23.610668,False,48,5,0.8,euclidean,random,StandardScaler_per_sample_dimension
NCCN1C(=O)CCC1=O,-4.02458,-4.937684,False,48,5,0.8,euclidean,random,StandardScaler_per_sample_dimension
OP(O)CC1=CC=CC=C1,18.323196,14.016535,False,48,5,0.8,euclidean,random,StandardScaler_per_sample_dimension
C1=CC=C(C2=NC=CO2)C=C1,-7.576395,10.336749,False,48,5,0.8,euclidean,random,StandardScaler_per_sample_dimension
CC(CN)N1C(=O)CCC1=O,-4.510102,-4.37091,False,48,5,0.8,euclidean,random,StandardScaler_per_sample_dimension
CC=NC1=CC(C)=CC(C)=C1,-1.0566331,26.07173,False,48,5,0.8,euclidean,random,StandardScaler_per_sample_dimension
CN1CC2=CC=C(O)C=C2C1,0.898739,-19.210808,False,48,5,0.8,euclidean,random,StandardScaler_per_sample_dimension
NC(=O)CN1C(=O)CCC1=O,-3.2885308,-5.4429183,False,48,5,0.8,euclidean,random,StandardScaler_per_sample_dimension
O=P(O)(O)CC1=CC=CC=C1,18.498112,14.026282,False,48,5,0.8,euclidean,random,StandardScaler_per_sample_dimension
OCC1=CC2=C(C=C1)N=CN2,6.8616505,-10.104132,False,48,5,0.8,euclidean,random,StandardScaler_per_sample_dimension
OCC1=CC2=C(C=C1)NC=N2,7.0292754,-10.115331,False,48,5,0.8,euclidean,random,StandardScaler_per_sample_dimension
OCC1=CC=C2N=CNC2=C1,5.8965464,-9.672227,False,48,5,0.8,euclidean,random,StandardScaler_per_sample_dimension
OCCCPC1=CC=CC=C1,-3.0389092,-16.727484,False,48,5,0.8,euclidean,random,StandardScaler_per_sample_dimension
C1=NC(N2CCOCC2)=NC=N1,-0.49961805,-15.79856,False,48,5,0.8,euclidean,random,StandardScaler_per_sample_dimension
C1=NC=NC(N2CCOCC2)=N1,-0.24190518,-15.461575,False,48,5,0.8,euclidean,random,StandardScaler_per_sample_dimension
C=NC1=CC(C=O)=CC(C=O)=C1,-1.2576884,26.221392,False,48,5,0.8,euclidean,random,StandardScaler_per_sample_dimension
CC(C(N)=O)N1C(=O)CCC1=O,-3.3111026,-5.554385,False,48,5,0.8,euclidean,random,StandardScaler_per_sample_dimension
CN1CC2=CC(O)=CC=C2C1=O,0.9697482,-19.072533,False,48,5,0.8,euclidean,random,StandardScaler_per_sample_dimension
CN1CC2=CC=C(O)C=C2C1=O,1.0042835,-19.130943,False,48,5,0.8,euclidean,random,StandardScaler_per_sample_dimension
COCC1=CC2=C(C=C1)N=CN2,7.137705,-9.872921,False,48,5,0.8,euclidean,random,StandardScaler_per_sample_dimension
COCC1=CC2=C(C=C1)NC=N2,5.837906,-9.813637,False,48,5,0.8,euclidean,random,StandardScaler_per_sample_dimension
COCC1=CC=C2N=CNC2=C1,6.5053663,-9.707311,False,48,5,0.8,euclidean,random,StandardScaler_per_sample_dimension
O=C(O)C1=CC2=C(C=C1)N=CN2,6.5986648,-10.224719,False,48,5,0.8,euclidean,random,StandardScaler_per_sample_dimension
O=C(O)C1=CC2=C(C=C1)NC=N2,5.8682246,-9.984948,False,48,5,0.8,euclidean,random,StandardScaler_per_sample_dimension
O=C(O)C1=CC=C2N=CNC2=C1,5.732447,-9.711364,False,48,5,0.8,euclidean,random,StandardScaler_per_sample_dimension
O=C(O)CCPC1=CC=CC=C1,-2.798208,-16.605219,False,48,5,0.8,euclidean,random,StandardScaler_per_sample_dimension
O=[PH](CCCO)C1=CC=CC=C1,-2.7694693,-16.47351,False,48,5,0.8,euclidean,random,StandardScaler_per_sample_dimension
CCOCC1=CC2=C(C=C1)N=CN2,6.555757,-9.954845,False,48,5,0.8,euclidean,random,StandardScaler_per_sample_dimension
CCOCC1=CC2=C(C=C1)NC=N2,6.9262023,-9.693005,False,48,5,0.8,euclidean,random,StandardScaler_per_sample_dimension
CCOCC1=CC=C2N=CNC2=C1,6.3493085,-9.457402,False,48,5,0.8,euclidean,random,StandardScaler_per_sample_dimension
CN1C(=O)C2=CC=C(O)C=C2C1=O,0.8175057,-18.954557,False,48,5,0.8,euclidean,random,StandardScaler_per_sample_dimension
COC(=O)C1=CC2=C(C=C1)N=CN2,7.3044157,-10.0351,False,48,5,0.8,euclidean,random,StandardScaler_per_sample_dimension
COC(=O)C1=CC2=C(C=C1)NC=N2,7.060459,-9.945565,False,48,5,0.8,euclidean,random,StandardScaler_per_sample_dimension
COC(=O)C1=CC=C2N=CNC2=C1,7.260861,-9.888298,False,48,5,0.8,euclidean,random,StandardScaler_per_sample_dimension
O=C(O)CC[PH](=O)C1=CC=CC=C1,-3.0611184,-16.358652,False,48,5,0.8,euclidean,random,StandardScaler_per_sample_dimension
C1=CC=C(NCCN2CCCC2)C=C1,-4.295166,-4.4805374,False,48,5,0.8,euclidean,random,StandardScaler_per_sample_dimension
CCOC(=O)C1=CC2=C(C=C1)N=CN2,6.4082174,-9.516269,False,48,5,0.8,euclidean,random,StandardScaler_per_sample_dimension
CCOC(=O)C1=CC2=C(C=C1)NC=N2,6.0805774,-9.634742,False,48,5,0.8,euclidean,random,StandardScaler_per_sample_dimension
CCOC(=O)C1=CC=C2N=CNC2=C1,6.570683,-10.151203,False,48,5,0.8,euclidean,random,StandardScaler_per_sample_dimension
NC1=NC(N)=NC(N2CCOCC2)=N1,-0.22229426,-15.57605,False,48,5,0.8,euclidean,random,StandardScaler_per_sample_dimension
NC1=NC(N2CCOCC2)=NC(N)=N1,-0.38991866,-15.698504,False,48,5,0.8,euclidean,random,StandardScaler_per_sample_dimension
OC1=CC=C(O)C(C2=CC=CC=C2)=C1,-3.0009673,3.1696353,False,48,5,0.8,euclidean,random,StandardScaler_per_sample_dimension
OCCOCC1=CC2=C(C=C1)N=CN2,6.160064,-10.042389,False,48,5,0.8,euclidean,random,StandardScaler_per_sample_dimension
OCCOCC1=CC2=C(C=C1)NC=N2,6.195236,-9.796962,False,48,5,0.8,euclidean,random,StandardScaler_per_sample_dimension
OCCOCC1=CC=C2N=CNC2=C1,5.724839,-9.910871,False,48,5,0.8,euclidean,random,StandardScaler_per_sample_dimension
C1=CC=C(C2=NC3=C(C=CC=C3)O2)C=C1,-7.526325,10.572671,False,48,5,0.8,euclidean,random,StandardScaler_per_sample_dimension
C1=CC=C(C2=NC3=CC=CC=C3O2)C=C1,-7.361102,10.465349,False,48,5,0.8,euclidean,random,StandardScaler_per_sample_dimension
C1=CC=C(N2CC3CCCCC3C2)C=C1,-0.32538825,-1.4167422,False,48,5,0.8,euclidean,random,StandardScaler_per_sample_dimension
CC(CNC1=CC=CC=C1)N1CCCC1,-3.0880947,-5.0352607,False,48,5,0.8,euclidean,random,StandardScaler_per_sample_dimension
O=C(CN1CCCC1)NC1=CC=CC=C1,-2.807689,-5.320885,False,48,5,0.8,euclidean,random,StandardScaler_per_sample_dimension
O=C(OCCO)C1=CC2=C(C=C1)N=CN2,6.7492704,-9.937308,False,48,5,0.8,euclidean,random,StandardScaler_per_sample_dimension
O=C(OCCO)C1=CC2=C(C=C1)NC=N2,7.18649,-9.895902,False,48,5,0.8,euclidean,random,StandardScaler_per_sample_dimension
O=C(OCCO)C1=CC=C2N=CNC2=C1,5.6639376,-9.85958,False,48,5,0.8,euclidean,random,StandardScaler_per_sample_dimension
CC(C(=O)NC1=CC=CC=C1)N1CCCC1,-3.186617,-4.9519916,False,48,5,0.8,euclidean,random,StandardScaler_per_sample_dimension
NC1=CC=C(CNC2=CC=C(O)C=C2)C=C1,7.3765326,-7.315915,False,48,5,0.8,euclidean,random,StandardScaler_per_sample_dimension
O=C1CCC(=O)N1CCNC1=CC=CC=C1,-3.6194396,-5.1224275,False,48,5,0.8,euclidean,random,StandardScaler_per_sample_dimension
OC1=CC=C(N2CC3CCCCC3C2)C=C1,-0.004360923,-1.1606377,False,48,5,0.8,euclidean,random,StandardScaler_per_sample_dimension
CC(CNC1=CC=CC=C1)N1C(=O)CCC1=O,-3.0694015,-5.5368485,False,48,5,0.8,euclidean,random,StandardScaler_per_sample_dimension
CC1=CC(C)=CC(N2CC3=C(C=CC=C3)C2)=C1,29.506618,1.5561835,False,48,5,0.8,euclidean,random,StandardScaler_per_sample_dimension
CC1=CC(C)=CC(N2CC3=CC=CC=C3C2)=C1,29.242245,1.8061258,False,48,5,0.8,euclidean,random,StandardScaler_per_sample_dimension
CC1=CC(N2CC3=CC=CC=C3C2)=CC(C)=C1,29.408525,1.6034266,False,48,5,0.8,euclidean,random,StandardScaler_per_sample_dimension
CC1=CC(O)=C(N2CC3=C(C=CC=C3)C2)C=C1,13.124438,2.0452836,False,48,5,0.8,euclidean,random,StandardScaler_per_sample_dimension
CC1=CC(O)=C(N2CC3=CC=CC=C3C2)C=C1,12.965028,1.9098783,False,48,5,0.8,euclidean,random,StandardScaler_per_sample_dimension
CC1=CC=C(N2CC3=C(C=CC=C3)C2)C(O)=C1,12.984381,1.9808648,False,48,5,0.8,euclidean,random,StandardScaler_per_sample_dimension
CC1=CC=C(N2CC3=CC=CC=C3C2)C(O)=C1,13.202064,1.9893531,False,48,5,0.8,euclidean,random,StandardScaler_per_sample_dimension
CN1CC2=CC=C(OC3=CC=CC=C3)C=C2C1,0.86521214,-19.198917,False,48,5,0.8,euclidean,random,StandardScaler_per_sample_dimension
NC1=CC=C(C(=O)NC2=CC=C(O)C=C2)C=C1,7.326622,-7.3587747,False,48,5,0.8,euclidean,random,StandardScaler_per_sample_dimension
O=C(CN1C(=O)CCC1=O)NC1=CC=CC=C1,-3.3829348,-5.7467194,False,48,5,0.8,euclidean,random,StandardScaler_per_sample_dimension
O=C1C2=C(C=CC=C2)C(=O)C1C1=CC=CC=C1,4.3872256,2.6293404,False,48,5,0.8,euclidean,random,StandardScaler_per_sample_dimension
O=C1C2CCCCC2C(=O)N1C1=CC=CC=C1,-0.48618275,-1.1193126,False,48,5,0.8,euclidean,random,StandardScaler_per_sample_dimension
O=CC1=CC=C(N2CC3=C(C=CC=C3)C2)C=C1,13.169058,2.0900788,False,48,5,0.8,euclidean,random,StandardScaler_per_sample_dimension
O=CC1=CC=C(N2CC3=CC=CC=C3C2)C=C1,13.052423,2.2102273,False,48,5,0.8,euclidean,random,StandardScaler_per_sample_dimension
OCC1=CC2=C(C=C1)N=C(C1=CC=CC=C1)N2,6.494972,-9.4487,False,48,5,0.8,euclidean,random,StandardScaler_per_sample_dimension
OCC1=CC2=C(C=C1)NC(C1=CC=CC=C1)=N2,5.846514,-9.745921,False,48,5,0.8,euclidean,random,StandardScaler_per_sample_dimension
OCC1=CC=C2N=C(C3=CC=CC=C3)NC2=C1,7.159414,-9.776835,False,48,5,0.8,euclidean,random,StandardScaler_per_sample_dimension
FCC(C1=CC(Br)=CC=C1)C(F)F,-3.467483,8.580428,False,48,5,0.8,euclidean,random,StandardScaler_per_sample_dimension
FCC(C1=CC=CC(Br)=C1)C(F)F,-3.368334,8.68567,False,48,5,0.8,euclidean,random,StandardScaler_per_sample_dimension
CC(CF)C1=CC(Br)=CC=C1,-3.4620464,8.7915325,False,48,5,0.8,euclidean,random,StandardScaler_per_sample_dimension
CC(CF)C1=CC=CC(Br)=C1,-3.5605028,8.675874,False,48,5,0.8,euclidean,random,StandardScaler_per_sample_dimension
CC(C1=CC(Br)=CC=C1)C(F)F,-3.5841677,8.752305,False,48,5,0.8,euclidean,random,StandardScaler_per_sample_dimension
CC(C1=CC=CC(Br)=C1)C(F)F,-3.3819609,8.826981,False,48,5,0.8,euclidean,random,StandardScaler_per_sample_dimension
CC(CF)C1=CC(Br)=C(O)C=C1,-3.7348258,8.930613,False,48,5,0.8,euclidean,random,StandardScaler_per_sample_dimension
CC(CF)C1=CC=C(O)C(Br)=C1,-3.4579976,8.707611,False,48,5,0.8,euclidean,random,StandardScaler_per_sample_dimension
FCC(CF)C1=CC(Br)=CC=C1,9.535152,17.7862,False,48,5,0.8,euclidean,random,StandardScaler_per_sample_dimension
FCC(CF)C1=CC=CC(Br)=C1,9.310491,17.934704,False,48,5,0.8,euclidean,random,StandardScaler_per_sample_dimension
FCCC1=CC(Br)=CC=C1,8.945195,18.430979,False,48,5,0.8,euclidean,random,StandardScaler_per_sample_dimension
FCCC1=CC=CC(Br)=C1,9.652215,17.893364,False,48,5,0.8,euclidean,random,StandardScaler_per_sample_dimension
FC(F)CC1=CC(Br)=CC=C1,9.507376,17.752058,False,48,5,0.8,euclidean,random,StandardScaler_per_sample_dimension
FC(F)CC1=CC=CC(Br)=C1,9.658033,17.692991,False,48,5,0.8,euclidean,random,StandardScaler_per_sample_dimension
OC1=C(Br)C=C(CCF)C=C1,9.947822,17.435295,False,48,5,0.8,euclidean,random,StandardScaler_per_sample_dimension
OC1=CC=C(CCF)C=C1Br,8.672575,18.739323,False,48,5,0.8,euclidean,random,StandardScaler_per_sample_dimension
OC1=C(Br)C=C(CC(F)F)C=C1,8.700846,18.67132,False,48,5,0.8,euclidean,random,StandardScaler_per_sample_dimension
OC1=CC=C(CC(F)F)C=C1Br,9.77645,17.514528,False,48,5,0.8,euclidean,random,StandardScaler_per_sample_dimension
FCC(C1=CC=CC=C1)C1=CC(Br)=CC=C1,9.711867,17.620481,False,48,5,0.8,euclidean,random,StandardScaler_per_sample_dimension
FCC(C1=CC=CC=C1)C1=CC=CC(Br)=C1,8.766015,18.703753,False,48,5,0.8,euclidean,random,StandardScaler_per_sample_dimension
CC(CF)(C1=CC=CC=C1)C1=CC(Br)=CC=C1,9.294255,18.007828,False,48,5,0.8,euclidean,random,StandardScaler_per_sample_dimension
CC(CF)(C1=CC=CC=C1)C1=CC=CC(Br)=C1,9.355194,17.537235,False,48,5,0.8,euclidean,random,StandardScaler_per_sample_dimension
FC(F)C(C1=CC=CC=C1)C1=CC(Br)=CC=C1,9.3184,17.966799,False,48,5,0.8,euclidean,random,StandardScaler_per_sample_dimension
FC(F)C(C1=CC=CC=C1)C1=CC=CC(Br)=C1,8.770932,18.819288,False,48,5,0.8,euclidean,random,StandardScaler_per_sample_dimension
OC1=C(Br)C=C(C(CF)C2=CC=CC=C2)C=C1,9.729546,17.628016,False,48,5,0.8,euclidean,random,StandardScaler_per_sample_dimension
OC1=CC=C(C(CF)C2=CC=CC=C2)C=C1Br,8.866773,18.58105,False,48,5,0.8,euclidean,random,StandardScaler_per_sample_dimension
CC(C1=CC(Br)=CC=C1)C(F)(F)F,-11.882588,-2.4327328,False,48,5,0.8,euclidean,random,StandardScaler_per_sample_dimension
CC(C1=CC=CC(Br)=C1)C(F)(F)F,-11.834206,-2.5436122,False,48,5,0.8,euclidean,random,StandardScaler_per_sample_dimension
FCCC1=CC(Br)=CC(Br)=C1,-11.659135,-2.5216818,False,48,5,0.8,euclidean,random,StandardScaler_per_sample_dimension
FC(F)(F)CC1=CC(Br)=CC=C1,-11.394417,-2.5827687,False,48,5,0.8,euclidean,random,StandardScaler_per_sample_dimension
FC(F)(F)CC1=CC=CC(Br)=C1,-11.37276,-2.621593,False,48,5,0.8,euclidean,random,StandardScaler_per_sample_dimension
COP(O)OC1=CC=CC=C1,20.96878,2.9692917,False,48,5,0.8,euclidean,random,StandardScaler_per_sample_dimension
COP(=O)(O)OC1=CC=CC=C1,20.596872,2.9337573,False,48,5,0.8,euclidean,random,StandardScaler_per_sample_dimension
CCS,-13.240618,2.2595901,False,48,5,0.8,euclidean,random,StandardScaler_per_sample_dimension
CNP(O)OC,2.744515,19.797703,False,48,5,0.8,euclidean,random,StandardScaler_per_sample_dimension
CNP(=O)(O)OC,2.5390582,19.772625,False,48,5,0.8,euclidean,random,StandardScaler_per_sample_dimension
CCOPNC,2.6409414,19.27533,False,48,5,0.8,euclidean,random,StandardScaler_per_sample_dimension
CCOP(O)NC,2.7238863,19.452505,False,48,5,0.8,euclidean,random,StandardScaler_per_sample_dimension
CCO[PH](=O)NC,2.5625296,19.471476,False,48,5,0.8,euclidean,random,StandardScaler_per_sample_dimension
CCOP(=O)(O)NC,2.536249,19.462181,False,48,5,0.8,euclidean,random,StandardScaler_per_sample_dimension
COP(N)O,2.8371615,19.435493,False,48,5,0.8,euclidean,random,StandardScaler_per_sample_dimension
COP(N)(=O)O,2.8426447,19.592472,False,48,5,0.8,euclidean,random,StandardScaler_per_sample_dimension
CCOPN,-18.497557,12.229507,False,48,5,0.8,euclidean,random,StandardScaler_per_sample_dimension
CCOP(N)O,-18.449907,12.101331,False,48,5,0.8,euclidean,random,StandardScaler_per_sample_dimension
CCO[PH](N)=O,-18.27788,11.980418,False,48,5,0.8,euclidean,random,StandardScaler_per_sample_dimension
CCOP(N)(=O)O,-18.498386,12.194411,False,48,5,0.8,euclidean,random,StandardScaler_per_sample_dimension
CC1=CC(CNC2=CC=C([SH]=O)C=C2)=CC=C1,-1.0635103,25.773771,False,48,5,0.8,euclidean,random,StandardScaler_per_sample_dimension
CC1=CC=CC(CNC2=CC=C([SH]=O)C=C2)=C1,-1.0833524,25.909006,False,48,5,0.8,euclidean,random,StandardScaler_per_sample_dimension
CCOP(NC)OC,2.5026882,19.43184,False,48,5,0.8,euclidean,random,StandardScaler_per_sample_dimension
CCOP(=O)(NC)OC,2.692185,19.317781,False,48,5,0.8,euclidean,random,StandardScaler_per_sample_dimension
OP(O)OC1=CC=CC=C1,9.131648,9.946651,False,48,5,0.8,euclidean,random,StandardScaler_per_sample_dimension
O=P(O)(O)OC1=CC=CC=C1,9.247639,9.949158,False,48,5,0.8,euclidean,random,StandardScaler_per_sample_dimension
COP(O)CC1=CC=CC=C1,-4.39059,-12.828758,False,48,5,0.8,euclidean,random,StandardScaler_per_sample_dimension
COP(=O)(O)CC1=CC=CC=C1,-4.4316616,-12.804842,False,48,5,0.8,euclidean,random,StandardScaler_per_sample_dimension
CNP(O)O,2.7897243,19.359932,False,48,5,0.8,euclidean,random,StandardScaler_per_sample_dimension
CNP(=O)(O)O,2.4674168,19.571163,False,48,5,0.8,euclidean,random,StandardScaler_per_sample_dimension
CNP(OC)OC,2.4982944,19.38663,False,48,5,0.8,euclidean,random,StandardScaler_per_sample_dimension
CNP(=O)(OC)OC,2.9369535,19.210201,False,48,5,0.8,euclidean,random,StandardScaler_per_sample_dimension
CCOP(O)OCC,-8.241219,-13.551585,False,48,5,0.8,euclidean,random,StandardScaler_per_sample_dimension
CCOP(=O)(O)OCC,-8.25191,-13.581272,False,48,5,0.8,euclidean,random,StandardScaler_per_sample_dimension
CCOP(N)OC,-18.63397,12.295516,False,48,5,0.8,euclidean,random,StandardScaler_per_sample_dimension
CCOP(N)(=O)OC,-18.568869,12.204364,False,48,5,0.8,euclidean,random,StandardScaler_per_sample_dimension
NP(O)O,-18.538237,12.184968,False,48,5,0.8,euclidean,random,StandardScaler_per_sample_dimension
NP(=O)(O)O,-18.457607,12.141936,False,48,5,0.8,euclidean,random,StandardScaler_per_sample_dimension
COP(N)OC,-18.34653,12.052959,False,48,5,0.8,euclidean,random,StandardScaler_per_sample_dimension
COP(N)(=O)OC,-18.468267,12.107961,False,48,5,0.8,euclidean,random,StandardScaler_per_sample_dimension
S=CNCC1=CC=CC=C1,8.700875,-14.289566,False,48,5,0.8,euclidean,random,StandardScaler_per_sample_dimension
NC(=S)NCC1=CC=CC=C1,8.689966,-14.666846,False,48,5,0.8,euclidean,random,StandardScaler_per_sample_dimension
O=C(NC=S)C1=CC=CC=C1,7.679931,-14.298546,False,48,5,0.8,euclidean,random,StandardScaler_per_sample_dimension
NC(=S)NC(=O)C1=CC=CC=C1,8.185499,-14.266653,False,48,5,0.8,euclidean,random,StandardScaler_per_sample_dimension
S=C(NCC1=CC=CC=C1)NC1=CC=CC=C1,8.850869,-14.628419,False,48,5,0.8,euclidean,random,StandardScaler_per_sample_dimension
*NC,9.038191,4.598852,False,48,5,0.8,euclidean,random,StandardScaler_per_sample_dimension
CC1=CC(CNC2=CC=C(S)C=C2)=CC=C1,-1.2150893,26.037182,False,48,5,0.8,euclidean,random,StandardScaler_per_sample_dimension
CC1=CC=CC(CNC2=CC=C(S)C=C2)=C1,-1.4035044,25.878206,False,48,5,0.8,euclidean,random,StandardScaler_per_sample_dimension
CC1=CC(C(=O)NC2=CC=C(S)C=C2)=CC=C1,-1.1508964,25.75743,False,48,5,0.8,euclidean,random,StandardScaler_per_sample_dimension
CC1=CC=CC(C(=O)NC2=CC=C(S)C=C2)=C1,-1.1681916,26.01623,False,48,5,0.8,euclidean,random,StandardScaler_per_sample_dimension
O=CC1=CC(CNC2=CC=C(S)C=C2)=CC=C1,-1.274736,25.943535,False,48,5,0.8,euclidean,random,StandardScaler_per_sample_dimension
O=CC1=CC=CC(CNC2=CC=C(S)C=C2)=C1,-1.1950854,25.872374,False,48,5,0.8,euclidean,random,StandardScaler_per_sample_dimension
COCCCP,20.276966,-16.336031,False,48,5,0.8,euclidean,random,StandardScaler_per_sample_dimension
CCOCCCP,20.413832,-15.999429,False,48,5,0.8,euclidean,random,StandardScaler_per_sample_dimension
COC(=O)CCP,20.696941,-16.188995,False,48,5,0.8,euclidean,random,StandardScaler_per_sample_dimension
COCCCP=O,20.107647,-16.188633,False,48,5,0.8,euclidean,random,StandardScaler_per_sample_dimension
CCOC(=O)CCP,19.892246,-16.20763,False,48,5,0.8,euclidean,random,StandardScaler_per_sample_dimension
CCOCCCP=O,20.608887,-15.925624,False,48,5,0.8,euclidean,random,StandardScaler_per_sample_dimension
COC(=O)CCP=O,20.37083,-16.184124,False,48,5,0.8,euclidean,random,StandardScaler_per_sample_dimension
CCOC(=O)CCP=O,19.705107,-16.4289,False,48,5,0.8,euclidean,random,StandardScaler_per_sample_dimension
NC1=CC=C(NC=S)C=C1,-8.896387,15.949929,False,48,5,0.8,euclidean,random,StandardScaler_per_sample_dimension
OPOC1=CC=C(O)C=C1,6.648767,-19.472988,False,48,5,0.8,euclidean,random,StandardScaler_per_sample_dimension
COP(OC)C1=CC=CC=C1,5.6162868,-11.68744,False,48,5,0.8,euclidean,random,StandardScaler_per_sample_dimension
NC(=S)NC1=CC=C(N)C=C1,-8.628771,15.936264,False,48,5,0.8,euclidean,random,StandardScaler_per_sample_dimension
O=[PH](O)OC1=CC=C(O)C=C1,6.606018,-19.426788,False,48,5,0.8,euclidean,random,StandardScaler_per_sample_dimension
CNC(=S)NC1=CC=C(N)C=C1,-8.871468,16.1088,False,48,5,0.8,euclidean,random,StandardScaler_per_sample_dimension
COCCCPC1=CC=CC=C1,20.059532,-16.132944,False,48,5,0.8,euclidean,random,StandardScaler_per_sample_dimension
COP(=O)(OC)C1=CC=CC=C1,5.8663287,-11.768386,False,48,5,0.8,euclidean,random,StandardScaler_per_sample_dimension
COP(CC1=CC=CC=C1)OC,18.067457,14.401554,False,48,5,0.8,euclidean,random,StandardScaler_per_sample_dimension
CCOCCCPC1=CC=CC=C1,20.094185,-16.079351,False,48,5,0.8,euclidean,random,StandardScaler_per_sample_dimension
COC(=O)CCPC1=CC=CC=C1,20.114288,-16.049019,False,48,5,0.8,euclidean,random,StandardScaler_per_sample_dimension
COCCC[PH](=O)C1=CC=CC=C1,19.896961,-16.313725,False,48,5,0.8,euclidean,random,StandardScaler_per_sample_dimension
COP(=O)(CC1=CC=CC=C1)OC,18.275171,14.145268,False,48,5,0.8,euclidean,random,StandardScaler_per_sample_dimension
NC1=CC=C(NC(=S)NC=O)C=C1,-8.9334755,16.046185,False,48,5,0.8,euclidean,random,StandardScaler_per_sample_dimension
CCOC(=O)CCPC1=CC=CC=C1,20.639254,-15.948179,False,48,5,0.8,euclidean,random,StandardScaler_per_sample_dimension
CCOCCC[PH](=O)C1=CC=CC=C1,20.52707,-15.961095,False,48,5,0.8,euclidean,random,StandardScaler_per_sample_dimension
COC(=O)CC[PH](=O)C1=CC=CC=C1,20.287582,-16.235525,False,48,5,0.8,euclidean,random,StandardScaler_per_sample_dimension
CCOC(=O)CC[PH](=O)C1=CC=CC=C1,19.854345,-16.039879,False,48,5,0.8,euclidean,random,StandardScaler_per_sample_dimension
CCP(C1=CC=CC=C1)C1=CC=CC=C1,4.4603605,15.133593,False,48,5,0.8,euclidean,random,StandardScaler_per_sample_dimension
OC1=CC=C(PC2=CC=C(O)C=C2)C=C1,7.277887,-7.410072,False,48,5,0.8,euclidean,random,StandardScaler_per_sample_dimension
CCP(=O)(C1=CC=CC=C1)C1=CC=CC=C1,4.6637483,14.970853,False,48,5,0.8,euclidean,random,StandardScaler_per_sample_dimension
OC1=CC=C(OPOC2=CC=CC=C2)C=C1,6.500755,-19.395805,False,48,5,0.8,euclidean,random,StandardScaler_per_sample_dimension
COC1=CC=C(SC2=CC=C(OC)C=C2)C=C1,7.0180326,-6.8169866,False,48,5,0.8,euclidean,random,StandardScaler_per_sample_dimension
O=[PH](OC1=CC=CC=C1)OC1=CC=C(O)C=C1,6.544014,-19.331064,False,48,5,0.8,euclidean,random,StandardScaler_per_sample_dimension
CPNC1=CC=CC=C1,5.895766,24.171412,False,48,5,0.8,euclidean,random,StandardScaler_per_sample_dimension
C[PH](=O)NC1=CC=CC=C1,5.7756743,24.281158,False,48,5,0.8,euclidean,random,StandardScaler_per_sample_dimension
C1=CC=C(NPC2=CC=CC=C2)C=C1,6.0677032,23.999544,False,48,5,0.8,euclidean,random,StandardScaler_per_sample_dimension
O=[PH](NC1=CC=CC=C1)C1=CC=CC=C1,6.008446,24.011097,False,48,5,0.8,euclidean,random,StandardScaler_per_sample_dimension
OC1=C(CF)C=CC=C1,-6.0635824,-5.4936643,False,48,5,0.8,euclidean,random,StandardScaler_per_sample_dimension
OC1=CC=CC=C1CF,-6.8774104,-5.6091313,False,48,5,0.8,euclidean,random,StandardScaler_per_sample_dimension
OC1=C(C(F)F)C=CC=C1,-7.2479887,-5.4909267,False,48,5,0.8,euclidean,random,StandardScaler_per_sample_dimension
OC1=CC=CC=C1C(F)F,-6.045543,-5.369665,False,48,5,0.8,euclidean,random,StandardScaler_per_sample_dimension
FCC1=C(OC2=CC=CC=C2)C=CC=C1,-7.6185308,-5.454737,False,48,5,0.8,euclidean,random,StandardScaler_per_sample_dimension
FCC1=CC=CC=C1OC1=CC=CC=C1,-7.3510885,-5.6702995,False,48,5,0.8,euclidean,random,StandardScaler_per_sample_dimension
CC1=CC=C(OC2=CC=CC=C2CF)C=C1,-6.2440596,-5.5087214,False,48,5,0.8,euclidean,random,StandardScaler_per_sample_dimension
FC(F)C1=C(OC2=CC=CC=C2)C=CC=C1,-7.306494,-5.5390954,False,48,5,0.8,euclidean,random,StandardScaler_per_sample_dimension
FC(F)C1=CC=CC=C1OC1=CC=CC=C1,-7.3167834,-5.687124,False,48,5,0.8,euclidean,random,StandardScaler_per_sample_dimension
CCCOCP(O)OC,-6.1926875,-19.443916,False,48,5,0.8,euclidean,random,StandardScaler_per_sample_dimension
CCCOCPOCC,-5.597792,-20.420181,False,48,5,0.8,euclidean,random,StandardScaler_per_sample_dimension
CCC(=O)OCP(O)OC,-5.825841,-18.968414,False,48,5,0.8,euclidean,random,StandardScaler_per_sample_dimension
CCCOCP(=O)(O)OC,-6.215041,-19.332363,False,48,5,0.8,euclidean,random,StandardScaler_per_sample_dimension
CCCOCP(O)OCC,-5.7857437,-20.593529,False,48,5,0.8,euclidean,random,StandardScaler_per_sample_dimension
CCCOC[PH](=O)OCC,-5.6418757,-20.451683,False,48,5,0.8,euclidean,random,StandardScaler_per_sample_dimension
CCOPCOC(=O)CC,-6.062909,-18.862925,False,48,5,0.8,euclidean,random,StandardScaler_per_sample_dimension
CCC(=O)OCP(=O)(O)OC,-6.126478,-19.09557,False,48,5,0.8,euclidean,random,StandardScaler_per_sample_dimension
CCCOCP(=O)(O)OCC,-5.942579,-18.953058,False,48,5,0.8,euclidean,random,StandardScaler_per_sample_dimension
CCCOCP(OC)OCC,-5.6825814,-19.935017,False,48,5,0.8,euclidean,random,StandardScaler_per_sample_dimension
CCOP(O)COC(=O)CC,-5.674902,-20.006826,False,48,5,0.8,euclidean,random,StandardScaler_per_sample_dimension
CCO[PH](=O)COC(=O)CC,-5.7030525,-20.543486,False,48,5,0.8,euclidean,random,StandardScaler_per_sample_dimension
CCCOCP(=O)(OC)OCC,-6.041877,-19.540537,False,48,5,0.8,euclidean,random,StandardScaler_per_sample_dimension
CCOP(=O)(O)COC(=O)CC,-5.6907954,-20.21736,False,48,5,0.8,euclidean,random,StandardScaler_per_sample_dimension
CCOP(COC(=O)CC)OC,-5.575885,-19.983969,False,48,5,0.8,euclidean,random,StandardScaler_per_sample_dimension
CCOP(=O)(COC(=O)CC)OC,-6.0382204,-19.82614,False,48,5,0.8,euclidean,random,StandardScaler_per_sample_dimension
COC1=C(Br)C=CC=C1,-15.505301,10.391474,False,48,5,0.8,euclidean,random,StandardScaler_per_sample_dimension
COC1=CC=CC=C1Br,-15.472981,10.415695,False,48,5,0.8,euclidean,random,StandardScaler_per_sample_dimension
CCOPCC1=CC=CC=C1,-14.461656,6.964781,False,48,5,0.8,euclidean,random,StandardScaler_per_sample_dimension
CCOP(O)CC1=CC=CC=C1,-14.5427685,7.296801,False,48,5,0.8,euclidean,random,StandardScaler_per_sample_dimension
CCO[PH](=O)CC1=CC=CC=C1,-14.205928,7.361912,False,48,5,0.8,euclidean,random,StandardScaler_per_sample_dimension
COP(OC)OC1=CC=CC=C1,9.134583,10.085887,False,48,5,0.8,euclidean,random,StandardScaler_per_sample_dimension
CCOP(=O)(O)CC1=CC=CC=C1,-14.324407,7.3012495,False,48,5,0.8,euclidean,random,StandardScaler_per_sample_dimension
CCOP(CC1=CC=CC=C1)OC,-14.311161,7.108434,False,48,5,0.8,euclidean,random,StandardScaler_per_sample_dimension
COP(=O)(OC)OC1=CC=CC=C1,8.897864,9.950592,False,48,5,0.8,euclidean,random,StandardScaler_per_sample_dimension
CCOP(=O)(CC1=CC=CC=C1)OC,-14.289442,7.4175735,False,48,5,0.8,euclidean,random,StandardScaler_per_sample_dimension
CCNP,2.8367815,19.331291,False,48,5,0.8,euclidean,random,StandardScaler_per_sample_dimension
CCOPCOC,9.485102,14.107394,False,48,5,0.8,euclidean,random,StandardScaler_per_sample_dimension
COCP(O)OC,8.984467,15.266491,False,48,5,0.8,euclidean,random,StandardScaler_per_sample_dimension
CCOCP(O)OC,20.258257,7.4399915,False,48,5,0.8,euclidean,random,StandardScaler_per_sample_dimension
CCOCPOCC,6.248894,14.110715,False,48,5,0.8,euclidean,random,StandardScaler_per_sample_dimension
CCOP(O)COC,7.180974,16.358,False,48,5,0.8,euclidean,random,StandardScaler_per_sample_dimension
CCOPCOC=O,20.410578,7.32994,False,48,5,0.8,euclidean,random,StandardScaler_per_sample_dimension
CCO[PH](=O)COC,9.304825,0.6275329,False,48,5,0.8,euclidean,random,StandardScaler_per_sample_dimension
COCP(=O)(O)OC,8.203755,15.438267,False,48,5,0.8,euclidean,random,StandardScaler_per_sample_dimension
COP(O)COC=O,8.456242,12.961982,False,48,5,0.8,euclidean,random,StandardScaler_per_sample_dimension
CCOCP(=O)(O)OC,7.884365,15.455567,False,48,5,0.8,euclidean,random,StandardScaler_per_sample_dimension
CCOCP(O)OCC,8.138615,15.772218,False,48,5,0.8,euclidean,random,StandardScaler_per_sample_dimension
CCOC[PH](=O)OCC,8.72691,13.131803,False,48,5,0.8,euclidean,random,StandardScaler_per_sample_dimension
CCOP(=O)(O)COC,6.723903,14.43506,False,48,5,0.8,euclidean,random,StandardScaler_per_sample_dimension
CCOP(COC)OC,8.988363,15.226759,False,48,5,0.8,euclidean,random,StandardScaler_per_sample_dimension
CCOP(O)COC=O,8.501098,14.667507,False,48,5,0.8,euclidean,random,StandardScaler_per_sample_dimension
CCOPCOC(C)=O,20.379671,7.50693,False,48,5,0.8,euclidean,random,StandardScaler_per_sample_dimension
CCO[PH](=O)COC=O,6.2623105,15.583444,False,48,5,0.8,euclidean,random,StandardScaler_per_sample_dimension
COP(=O)(O)COC=O,9.427907,0.60689294,False,48,5,0.8,euclidean,random,StandardScaler_per_sample_dimension
COP(O)COC(C)=O,7.0593204,16.364317,False,48,5,0.8,euclidean,random,StandardScaler_per_sample_dimension
CCOCP(=O)(O)OCC,6.106558,14.178184,False,48,5,0.8,euclidean,random,StandardScaler_per_sample_dimension
CCOCP(OC)OCC,7.3421454,13.534105,False,48,5,0.8,euclidean,random,StandardScaler_per_sample_dimension
CCOP(=O)(COC)OC,6.083909,14.180856,False,48,5,0.8,euclidean,random,StandardScaler_per_sample_dimension
CCOP(=O)(O)COC=O,8.635339,13.031156,False,48,5,0.8,euclidean,random,StandardScaler_per_sample_dimension
CCOP(COC=O)OC,8.118436,14.392223,False,48,5,0.8,euclidean,random,StandardScaler_per_sample_dimension
CCOP(O)COC(C)=O,-4.1231446,-0.87426984,False,48,5,0.8,euclidean,random,StandardScaler_per_sample_dimension
CCO[PH](=O)COC(C)=O,9.289649,0.6572557,False,48,5,0.8,euclidean,random,StandardScaler_per_sample_dimension
COP(=O)(O)COC(C)=O,6.770888,14.534686,False,48,5,0.8,euclidean,random,StandardScaler_per_sample_dimension
C1=CC=C(C2=CC=CS2)C=C1,25.639359,0.2962486,False,48,5,0.8,euclidean,random,StandardScaler_per_sample_dimension
CCOCP(=O)(OC)OCC,6.7260604,14.685088,False,48,5,0.8,euclidean,random,StandardScaler_per_sample_dimension
CCOP(=O)(COC=O)OC,-4.2504,-0.6258045,False,48,5,0.8,euclidean,random,StandardScaler_per_sample_dimension
CCOP(=O)(O)COC(C)=O,7.186297,14.74505,False,48,5,0.8,euclidean,random,StandardScaler_per_sample_dimension
CCOP(COC(C)=O)OC,20.391226,7.3125253,False,48,5,0.8,euclidean,random,StandardScaler_per_sample_dimension
CC1=CC=C(C2=CC=CC=C2)S1,25.632627,0.28241593,False,48,5,0.8,euclidean,random,StandardScaler_per_sample_dimension
CCOP(=O)(COC(C)=O)OC,7.669253,13.744284,False,48,5,0.8,euclidean,random,StandardScaler_per_sample_dimension
OC(C1=CC=CC=C1)C1=CC=C(OP)C=C1,3.8681521,-13.045779,False,48,5,0.8,euclidean,random,StandardScaler_per_sample_dimension
COC(C1=CC=CC=C1)C1=CC=C(OP)C=C1,3.9384131,-13.529483,False,48,5,0.8,euclidean,random,StandardScaler_per_sample_dimension
O=POC1=CC=C(C(O)C2=CC=CC=C2)C=C1,4.58281,-13.651506,False,48,5,0.8,euclidean,random,StandardScaler_per_sample_dimension
CCCOCP(O)O,9.232382,0.4513826,False,48,5,0.8,euclidean,random,StandardScaler_per_sample_dimension
NC1=CC=C(P)C=C1,8.266453,-7.4207006,False,48,5,0.8,euclidean,random,StandardScaler_per_sample_dimension
CCC(=O)OCP(O)O,8.823294,15.103018,False,48,5,0.8,euclidean,random,StandardScaler_per_sample_dimension
CCCOCP(=O)(O)O,6.91852,14.871687,False,48,5,0.8,euclidean,random,StandardScaler_per_sample_dimension
CCOP(OC)OCC,-8.165691,-13.594396,False,48,5,0.8,euclidean,random,StandardScaler_per_sample_dimension
NC1=CC=C(P=O)C=C1,8.093878,-7.5371103,False,48,5,0.8,euclidean,random,StandardScaler_per_sample_dimension
CCC(=O)OCP(=O)(O)O,7.6598973,13.45749,False,48,5,0.8,euclidean,random,StandardScaler_per_sample_dimension
CCCOCP(OC)OC,7.215449,15.872786,False,48,5,0.8,euclidean,random,StandardScaler_per_sample_dimension
CCOP(=O)(OC)OCC,-7.9659142,-13.812799,False,48,5,0.8,euclidean,random,StandardScaler_per_sample_dimension
CCC(=O)OCP(OC)OC,8.905556,15.235055,False,48,5,0.8,euclidean,random,StandardScaler_per_sample_dimension
CCCOCP(=O)(OC)OC,7.4448113,13.925495,False,48,5,0.8,euclidean,random,StandardScaler_per_sample_dimension
CCC(=O)OCP(=O)(OC)OC,9.72096,13.98952,False,48,5,0.8,euclidean,random,StandardScaler_per_sample_dimension
CCCOCP(OCC)OCC,8.066969,15.598432,False,48,5,0.8,euclidean,random,StandardScaler_per_sample_dimension
CCCOCP(=O)(OCC)OCC,9.231358,0.9090492,False,48,5,0.8,euclidean,random,StandardScaler_per_sample_dimension
CCOP(COC(=O)CC)OCC,-4.2711368,-0.7390578,False,48,5,0.8,euclidean,random,StandardScaler_per_sample_dimension
CCOP(=O)(COC(=O)CC)OCC,7.4767485,14.972529,False,48,5,0.8,euclidean,random,StandardScaler_per_sample_dimension
CCCl,2.6154702,1.6570086,False,48,5,0.8,euclidean,random,StandardScaler_per_sample_dimension
CCOP(CC1=CC=CC=C1)OCC,24.97263,13.243751,False,48,5,0.8,euclidean,random,StandardScaler_per_sample_dimension
CCOP(=O)(CC1=CC=CC=C1)OCC,24.904,13.147964,False,48,5,0.8,euclidean,random,StandardScaler_per_sample_dimension
CNC1=CC=C(NC=S)C=C1,-8.40851,16.441654,False,48,5,0.8,euclidean,random,StandardScaler_per_sample_dimension
OC1=C(C(F)(F)F)C=CC=C1,-14.550746,16.861273,False,48,5,0.8,euclidean,random,StandardScaler_per_sample_dimension
OC1=CC=CC=C1C(F)(F)F,-14.370722,16.566114,False,48,5,0.8,euclidean,random,StandardScaler_per_sample_dimension
CCNC1=CC=C(NC=S)C=C1,-8.538337,16.33545,False,48,5,0.8,euclidean,random,StandardScaler_per_sample_dimension
CNC1=CC=C(NC(N)=S)C=C1,-8.4799595,16.66261,False,48,5,0.8,euclidean,random,StandardScaler_per_sample_dimension
O=CNC1=CC=C(NC=S)C=C1,-8.308401,16.354303,False,48,5,0.8,euclidean,random,StandardScaler_per_sample_dimension
CC(=O)NC1=CC=C(NC=S)C=C1,-9.051984,16.325993,False,48,5,0.8,euclidean,random,StandardScaler_per_sample_dimension
CCNC1=CC=C(NC(N)=S)C=C1,-9.115545,16.54915,False,48,5,0.8,euclidean,random,StandardScaler_per_sample_dimension
CNC(=S)NC1=CC=C(NC)C=C1,-8.238485,16.45761,False,48,5,0.8,euclidean,random,StandardScaler_per_sample_dimension
NC(=S)NC1=CC=C(NC=O)C=C1,-8.317051,16.552174,False,48,5,0.8,euclidean,random,StandardScaler_per_sample_dimension
CC(=O)NC1=CC=C(NC(N)=S)C=C1,-8.8083,16.568846,False,48,5,0.8,euclidean,random,StandardScaler_per_sample_dimension
CCNC1=CC=C(NC(=S)NC)C=C1,-8.915667,16.568766,False,48,5,0.8,euclidean,random,StandardScaler_per_sample_dimension
CNC(=S)NC1=CC=C(NC=O)C=C1,-8.882701,16.508883,False,48,5,0.8,euclidean,random,StandardScaler_per_sample_dimension
CNC1=CC=C(NC(=S)NC=O)C=C1,-8.695413,16.456839,False,48,5,0.8,euclidean,random,StandardScaler_per_sample_dimension
OP(OC1=CC=CC=C1)C1=CC=CC=C1,-11.192349,2.6993475,False,48,5,0.8,euclidean,random,StandardScaler_per_sample_dimension
O=P(O)(OC1=CC=CC=C1)C1=CC=CC=C1,-11.082587,2.7843504,False,48,5,0.8,euclidean,random,StandardScaler_per_sample_dimension
FC(F)(F)C1=C(OC2=CC=CC=C2)C=CC=C1,-14.261995,16.816505,False,48,5,0.8,euclidean,random,StandardScaler_per_sample_dimension
FC(F)(F)C1=CC=CC=C1OC1=CC=CC=C1,-14.564338,16.854118,False,48,5,0.8,euclidean,random,StandardScaler_per_sample_dimension
COC1=C(Br)C=CC=C1Br,-10.757233,-2.982432,False,48,5,0.8,euclidean,random,StandardScaler_per_sample_dimension
OCC1=CC=C(OP)C=C1,4.247075,-13.022685,False,48,5,0.8,euclidean,random,StandardScaler_per_sample_dimension
COCC1=CC=C(OP)C=C1,4.234213,-13.485804,False,48,5,0.8,euclidean,random,StandardScaler_per_sample_dimension
O=POC1=CC=C(CO)C=C1,4.4550242,-13.540832,False,48,5,0.8,euclidean,random,StandardScaler_per_sample_dimension
CCOCC1=CC=C(OP)C=C1,4.485352,-13.38544,False,48,5,0.8,euclidean,random,StandardScaler_per_sample_dimension
COCC1=CC=C(OP=O)C=C1,4.0264473,-13.03615,False,48,5,0.8,euclidean,random,StandardScaler_per_sample_dimension
O=COCC1=CC=C(OP)C=C1,4.1200075,-13.161325,False,48,5,0.8,euclidean,random,StandardScaler_per_sample_dimension
CC(=O)OCC1=CC=C(OP)C=C1,4.1253104,-13.393527,False,48,5,0.8,euclidean,random,StandardScaler_per_sample_dimension
CCOCC1=CC=C(OP=O)C=C1,4.043739,-13.045304,False,48,5,0.8,euclidean,random,StandardScaler_per_sample_dimension
O=COCC1=CC=C(OP=O)C=C1,4.318275,-13.683728,False,48,5,0.8,euclidean,random,StandardScaler_per_sample_dimension
CC(=O)OCC1=CC=C(OP=O)C=C1,3.906588,-12.859054,False,48,5,0.8,euclidean,random,StandardScaler_per_sample_dimension
CCCP(C1=CC=CC=C1)C1=CC=CC=C1,4.5751133,14.960687,False,48,5,0.8,euclidean,random,StandardScaler_per_sample_dimension
CCCP(=O)(C1=CC=CC=C1)C1=CC=CC=C1,4.4501085,15.164766,False,48,5,0.8,euclidean,random,StandardScaler_per_sample_dimension
NCCCP,-8.921565,24.230505,False,48,5,0.8,euclidean,random,StandardScaler_per_sample_dimension
COCP(O)O,3.5153077,21.485416,False,48,5,0.8,euclidean,random,StandardScaler_per_sample_dimension
NC(=O)CCP,-9.152435,24.241432,False,48,5,0.8,euclidean,random,StandardScaler_per_sample_dimension
NCCCP=O,-9.041511,23.995277,False,48,5,0.8,euclidean,random,StandardScaler_per_sample_dimension
CCOCP(O)O,2.7863073,22.331324,False,48,5,0.8,euclidean,random,StandardScaler_per_sample_dimension
COCP(=O)(O)O,3.1496916,21.791489,False,48,5,0.8,euclidean,random,StandardScaler_per_sample_dimension
NC(=O)CCP=O,-9.143879,24.121061,False,48,5,0.8,euclidean,random,StandardScaler_per_sample_dimension
O=COCP(O)O,3.0436077,22.719465,False,48,5,0.8,euclidean,random,StandardScaler_per_sample_dimension
CC(=O)OCP(O)O,2.7419813,21.702568,False,48,5,0.8,euclidean,random,StandardScaler_per_sample_dimension
CCOCP(=O)(O)O,2.081919,23.568062,False,48,5,0.8,euclidean,random,StandardScaler_per_sample_dimension
COCP(OC)OC,3.6818128,23.155876,False,48,5,0.8,euclidean,random,StandardScaler_per_sample_dimension
O=COCP(=O)(O)O,3.4445379,22.982853,False,48,5,0.8,euclidean,random,StandardScaler_per_sample_dimension
CC(=O)OCP(=O)(O)O,3.5907216,22.908411,False,48,5,0.8,euclidean,random,StandardScaler_per_sample_dimension
CCOCP(OC)OC,1.7374258,22.357592,False,48,5,0.8,euclidean,random,StandardScaler_per_sample_dimension
COCP(=O)(OC)OC,1.8339486,22.19241,False,48,5,0.8,euclidean,random,StandardScaler_per_sample_dimension
COP(COC=O)OC,3.3792827,22.926016,False,48,5,0.8,euclidean,random,StandardScaler_per_sample_dimension
CCOCP(=O)(OC)OC,3.0329292,22.474428,False,48,5,0.8,euclidean,random,StandardScaler_per_sample_dimension
CCOP(COC)OCC,1.90191,22.482285,False,48,5,0.8,euclidean,random,StandardScaler_per_sample_dimension
COP(=O)(COC=O)OC,3.4396853,22.824406,False,48,5,0.8,euclidean,random,StandardScaler_per_sample_dimension
COP(COC(C)=O)OC,2.0071507,23.506582,False,48,5,0.8,euclidean,random,StandardScaler_per_sample_dimension
CCOCP(OCC)OCC,3.3220196,22.912258,False,48,5,0.8,euclidean,random,StandardScaler_per_sample_dimension
CCOP(=O)(COC)OCC,3.5658529,21.462069,False,48,5,0.8,euclidean,random,StandardScaler_per_sample_dimension
CCOP(COC=O)OCC,2.5429294,23.2131,False,48,5,0.8,euclidean,random,StandardScaler_per_sample_dimension
COP(=O)(COC(C)=O)OC,2.678551,22.500458,False,48,5,0.8,euclidean,random,StandardScaler_per_sample_dimension
NCCCPC1=CC=CC=C1,-9.178141,24.243917,False,48,5,0.8,euclidean,random,StandardScaler_per_sample_dimension
CCOCP(=O)(OCC)OCC,3.29499,21.838024,False,48,5,0.8,euclidean,random,StandardScaler_per_sample_dimension
CCOP(=O)(COC=O)OCC,1.9607695,22.349543,False,48,5,0.8,euclidean,random,StandardScaler_per_sample_dimension
CCOP(COC(C)=O)OCC,3.5560517,21.41193,False,48,5,0.8,euclidean,random,StandardScaler_per_sample_dimension
CNCCCPC1=CC=CC=C1,-9.064326,24.10309,False,48,5,0.8,euclidean,random,StandardScaler_per_sample_dimension
NC(=O)CCPC1=CC=CC=C1,-9.262778,24.348284,False,48,5,0.8,euclidean,random,StandardScaler_per_sample_dimension
NCCC[PH](=O)C1=CC=CC=C1,-9.173636,24.24248,False,48,5,0.8,euclidean,random,StandardScaler_per_sample_dimension
OCCOPOC1=CC=CC=C1,-5.043884,-7.788386,False,48,5,0.8,euclidean,random,StandardScaler_per_sample_dimension
CCOP(=O)(COC(C)=O)OCC,2.9663284,22.32997,False,48,5,0.8,euclidean,random,StandardScaler_per_sample_dimension
CNC(=O)CCPC1=CC=CC=C1,-9.340123,24.236162,False,48,5,0.8,euclidean,random,StandardScaler_per_sample_dimension
CNCCC[PH](=O)C1=CC=CC=C1,-8.880267,23.961555,False,48,5,0.8,euclidean,random,StandardScaler_per_sample_dimension
COCCOPOC1=CC=CC=C1,-6.1420336,-8.528578,False,48,5,0.8,euclidean,random,StandardScaler_per_sample_dimension
NC(=O)CC[PH](=O)C1=CC=CC=C1,-9.092388,24.169563,False,48,5,0.8,euclidean,random,StandardScaler_per_sample_dimension
O=[PH](OCCO)OC1=CC=CC=C1,-6.5447598,-7.9961658,False,48,5,0.8,euclidean,random,StandardScaler_per_sample_dimension
CNC(=O)CC[PH](=O)C1=CC=CC=C1,-9.117465,24.222143,False,48,5,0.8,euclidean,random,StandardScaler_per_sample_dimension
COCCO[PH](=O)OC1=CC=CC=C1,-6.1799097,-7.2020802,False,48,5,0.8,euclidean,random,StandardScaler_per_sample_dimension
CC1=CC=C(OC2=CC=C(P)C=C2)C=C1,-4.026013,2.3192492,False,48,5,0.8,euclidean,random,StandardScaler_per_sample_dimension
CC1=CC=C(OC2=CC=C(P=O)C=C2)C=C1,-4.1761336,2.100972,False,48,5,0.8,euclidean,random,StandardScaler_per_sample_dimension
COC1=CC=C(C(C)CF)C=C1,4.3351746,16.63048,False,48,5,0.8,euclidean,random,StandardScaler_per_sample_dimension
COC1=CC=C(C(C)C(F)F)C=C1,4.3557367,16.71072,False,48,5,0.8,euclidean,random,StandardScaler_per_sample_dimension
COC1=CC=C(C(CF)CF)C=C1,4.526879,16.805096,False,48,5,0.8,euclidean,random,StandardScaler_per_sample_dimension
COC1=CC=C(CCF)C=C1,4.5208893,16.902521,False,48,5,0.8,euclidean,random,StandardScaler_per_sample_dimension
COC1=CC=C(CC(F)F)C=C1,4.529815,16.851116,False,48,5,0.8,euclidean,random,StandardScaler_per_sample_dimension
COC1=CC=C(C(CF)C2=CC=CC=C2)C=C1,4.7026687,17.004587,False,48,5,0.8,euclidean,random,StandardScaler_per_sample_dimension
CCC1=CC(Br)=C(OC)C=C1,20.846193,11.688003,False,48,5,0.8,euclidean,random,StandardScaler_per_sample_dimension
CCC1=CC=C(OC)C(Br)=C1,21.015635,11.801513,False,48,5,0.8,euclidean,random,StandardScaler_per_sample_dimension
CNCPO,22.952599,-4.2665825,False,48,5,0.8,euclidean,random,StandardScaler_per_sample_dimension
CNC[PH](=O)O,22.973993,-4.2056413,False,48,5,0.8,euclidean,random,StandardScaler_per_sample_dimension
COC1=C(Br)C=C(C(C)C)C=C1,20.51023,11.365643,False,48,5,0.8,euclidean,random,StandardScaler_per_sample_dimension
COC1=CC=C(C(C)C)C=C1Br,20.697886,11.521373,False,48,5,0.8,euclidean,random,StandardScaler_per_sample_dimension
COC1=C(Br)C=C(C(C)C2=CC=CC=C2)C=C1,-9.637219,19.34359,False,48,5,0.8,euclidean,random,StandardScaler_per_sample_dimension
COC1=C(Br)C=C(CC2=CC(Br)=CC=C2)C=C1,-6.1191936,7.940953,False,48,5,0.8,euclidean,random,StandardScaler_per_sample_dimension
COC1=C(Br)C=C(CC2=CC=CC(Br)=C2)C=C1,-6.2764935,7.852557,False,48,5,0.8,euclidean,random,StandardScaler_per_sample_dimension
COC1=CC=C(C(C)C2=CC=CC=C2)C=C1Br,25.50419,15.633504,False,48,5,0.8,euclidean,random,StandardScaler_per_sample_dimension
COC1=CC=C(CC2=CC(Br)=CC=C2)C=C1Br,-7.3152537,7.631453,False,48,5,0.8,euclidean,random,StandardScaler_per_sample_dimension
COC1=CC=C(CC2=CC=CC(Br)=C2)C=C1Br,25.374958,15.774915,False,48,5,0.8,euclidean,random,StandardScaler_per_sample_dimension
COC1=CC=C(C(C)C2=CC(Br)=CC=C2)C=C1,-7.533699,8.69099,False,48,5,0.8,euclidean,random,StandardScaler_per_sample_dimension
COC1=CC=C(C(C)C2=CC=CC(Br)=C2)C=C1,25.43473,15.649162,False,48,5,0.8,euclidean,random,StandardScaler_per_sample_dimension
O=C1C2=C(C=CC=C2)CN1C1N=CCS1,-13.203788,2.1541593,False,48,5,0.8,euclidean,random,StandardScaler_per_sample_dimension
O=C1C2=CC=CC=C2CN1C1N=CCS1,-13.252769,2.1386857,False,48,5,0.8,euclidean,random,StandardScaler_per_sample_dimension
CNCP,22.760355,-4.5113454,False,48,5,0.8,euclidean,random,StandardScaler_per_sample_dimension
NCPO,22.709631,-4.445463,False,48,5,0.8,euclidean,random,StandardScaler_per_sample_dimension
CNCP=O,22.742819,-4.5495863,False,48,5,0.8,euclidean,random,StandardScaler_per_sample_dimension
NC[PH](=O)O,22.852055,-4.4109254,False,48,5,0.8,euclidean,random,StandardScaler_per_sample_dimension
CCC1=CC(Br)=C(OC)C(Br)=C1,-9.746051,18.96997,False,48,5,0.8,euclidean,random,StandardScaler_per_sample_dimension
COC1=C(Br)C=C(C(C)C)C=C1Br,-9.795245,18.85838,False,48,5,0.8,euclidean,random,StandardScaler_per_sample_dimension
COC1=CC=C(CC(F)(F)F)C=C1,7.176553,-7.1335053,False,48,5,0.8,euclidean,random,StandardScaler_per_sample_dimension
FCC1=CC=C(C2=NC=CN2)C=C1,6.785729,-8.507793,False,48,5,0.8,euclidean,random,StandardScaler_per_sample_dimension
FC(F)C1=CC=C(C2=NC=CN2)C=C1,6.7222104,-8.336159,False,48,5,0.8,euclidean,random,StandardScaler_per_sample_dimension
CP(N)C1=CC=CC=C1,6.10702,23.883816,False,48,5,0.8,euclidean,random,StandardScaler_per_sample_dimension
CP(N)(=O)C1=CC=CC=C1,6.112309,23.892065,False,48,5,0.8,euclidean,random,StandardScaler_per_sample_dimension
CP(NC1=CC=CC=C1)C1=CC=CC=C1,6.056025,23.915897,False,48,5,0.8,euclidean,random,StandardScaler_per_sample_dimension
COC1=C(Br)C=C(CC2=CC=CC=C2)C=C1,-9.878689,-2.3476129,False,48,5,0.8,euclidean,random,StandardScaler_per_sample_dimension
COC1=CC=C(CC2=CC=CC=C2)C=C1Br,-9.67718,-2.617456,False,48,5,0.8,euclidean,random,StandardScaler_per_sample_dimension
CP(=O)(NC1=CC=CC=C1)C1=CC=CC=C1,6.094706,23.922665,False,48,5,0.8,euclidean,random,StandardScaler_per_sample_dimension
COC1=C(Br)C=C(C)C=C1,-10.117112,-3.3061862,False,48,5,0.8,euclidean,random,StandardScaler_per_sample_dimension
COC1=CC=C(C)C=C1Br,-9.889821,-2.239743,False,48,5,0.8,euclidean,random,StandardScaler_per_sample_dimension
COC1=CC=C(CC2=CC(Br)=CC=C2)C=C1,-9.571303,-2.3078933,False,48,5,0.8,euclidean,random,StandardScaler_per_sample_dimension
COC1=CC=C(CC2=CC=CC(Br)=C2)C=C1,-9.681727,-2.1864958,False,48,5,0.8,euclidean,random,StandardScaler_per_sample_dimension
COC1=C(Br)C=C(CC2=CC=C(O)C=C2)C=C1,-9.720846,-2.5113604,False,48,5,0.8,euclidean,random,StandardScaler_per_sample_dimension
COC1=CC=C(CC2=CC(Br)=C(O)C=C2)C=C1,-9.984278,-2.3161259,False,48,5,0.8,euclidean,random,StandardScaler_per_sample_dimension
COC1=CC=C(CC2=CC=C(O)C(Br)=C2)C=C1,-9.655779,-3.5750642,False,48,5,0.8,euclidean,random,StandardScaler_per_sample_dimension
COC1=CC=C(CC2=CC=C(O)C=C2)C=C1Br,-9.767296,-3.6419392,False,48,5,0.8,euclidean,random,StandardScaler_per_sample_dimension
CCOP(O)OC1=CC=CC=C1,-11.731796,-13.855695,False,48,5,0.8,euclidean,random,StandardScaler_per_sample_dimension
CCOP(=O)(O)OC1=CC=CC=C1,-12.007181,-13.831764,False,48,5,0.8,euclidean,random,StandardScaler_per_sample_dimension
C1=NCSC1,-15.019544,-1.506764,False,48,5,0.8,euclidean,random,StandardScaler_per_sample_dimension
CC(C)COCPO,7.347758,16.510805,False,48,5,0.8,euclidean,random,StandardScaler_per_sample_dimension
CC1=CC=C(S)C=C1,-0.59278435,-4.9128275,False,48,5,0.8,euclidean,random,StandardScaler_per_sample_dimension
CC(C)C(=O)OCPO,8.320624,14.136266,False,48,5,0.8,euclidean,random,StandardScaler_per_sample_dimension
CC(C)COC[PH](=O)O,7.2565074,16.601242,False,48,5,0.8,euclidean,random,StandardScaler_per_sample_dimension
COPCOCC(C)C,8.149041,14.309498,False,48,5,0.8,euclidean,random,StandardScaler_per_sample_dimension
NCPC1=CC=CC=C1,5.255326,20.335356,False,48,5,0.8,euclidean,random,StandardScaler_per_sample_dimension
O=CC1=CC=C(S)C=C1,-0.6624151,-5.104419,False,48,5,0.8,euclidean,random,StandardScaler_per_sample_dimension
CC(C)C(=O)OC[PH](=O)O,6.384142,15.647163,False,48,5,0.8,euclidean,random,StandardScaler_per_sample_dimension
CC1=CC=C(CPO)C=C1,19.793356,19.880455,False,48,5,0.8,euclidean,random,StandardScaler_per_sample_dimension
CCOPCOCC(C)C,8.491625,14.0753,False,48,5,0.8,euclidean,random,StandardScaler_per_sample_dimension
COP(O)COCC(C)C,20.518263,7.3042006,False,48,5,0.8,euclidean,random,StandardScaler_per_sample_dimension
COPCOC(=O)C(C)C,6.8159976,13.912198,False,48,5,0.8,euclidean,random,StandardScaler_per_sample_dimension
CO[PH](=O)COCC(C)C,20.44439,7.523426,False,48,5,0.8,euclidean,random,StandardScaler_per_sample_dimension
NC[PH](=O)C1=CC=CC=C1,5.3095655,20.289785,False,48,5,0.8,euclidean,random,StandardScaler_per_sample_dimension
O=COC1=C(Br)C=CC=C1,-15.529242,10.35549,False,48,5,0.8,euclidean,random,StandardScaler_per_sample_dimension
O=COC1=CC=CC=C1Br,-15.585775,10.329178,False,48,5,0.8,euclidean,random,StandardScaler_per_sample_dimension
C1=NCSC1C1=CC=CC=C1,-15.062578,-0.99251294,False,48,5,0.8,euclidean,random,StandardScaler_per_sample_dimension
CC1=CC=C(C[PH](=O)O)C=C1,19.39133,19.921017,False,48,5,0.8,euclidean,random,StandardScaler_per_sample_dimension
CCOP(O)COCC(C)C,6.3337836,14.103736,False,48,5,0.8,euclidean,random,StandardScaler_per_sample_dimension
CCOPCOC(=O)C(C)C,7.8561974,15.261102,False,48,5,0.8,euclidean,random,StandardScaler_per_sample_dimension
CCO[PH](=O)COCC(C)C,-4.3077526,-0.83209157,False,48,5,0.8,euclidean,random,StandardScaler_per_sample_dimension
COP(=O)(O)COCC(C)C,7.195845,16.46513,False,48,5,0.8,euclidean,random,StandardScaler_per_sample_dimension
COP(O)COC(=O)C(C)C,6.5494876,14.476493,False,48,5,0.8,euclidean,random,StandardScaler_per_sample_dimension
COPCC1=CC=C(C)C=C1,19.588705,20.11564,False,48,5,0.8,euclidean,random,StandardScaler_per_sample_dimension
CO[PH](=O)COC(=O)C(C)C,8.456805,13.224277,False,48,5,0.8,euclidean,random,StandardScaler_per_sample_dimension
CCOP(=O)(O)COCC(C)C,7.586272,13.4323,False,48,5,0.8,euclidean,random,StandardScaler_per_sample_dimension
CCOP(COCC(C)C)OC,9.75746,14.037659,False,48,5,0.8,euclidean,random,StandardScaler_per_sample_dimension
CCOP(O)COC(=O)C(C)C,7.4853735,13.351905,False,48,5,0.8,euclidean,random,StandardScaler_per_sample_dimension
CCO[PH](=O)COC(=O)C(C)C,6.438956,15.660962,False,48,5,0.8,euclidean,random,StandardScaler_per_sample_dimension
COP(=O)(O)COC(=O)C(C)C,6.2954235,14.01646,False,48,5,0.8,euclidean,random,StandardScaler_per_sample_dimension
CO[PH](=O)CC1=CC=C(C)C=C1,19.654133,20.052973,False,48,5,0.8,euclidean,random,StandardScaler_per_sample_dimension
CCOP(=O)(COCC(C)C)OC,9.463897,0.44754997,False,48,5,0.8,euclidean,random,StandardScaler_per_sample_dimension
CCOP(=O)(O)COC(=O)C(C)C,7.4121385,13.398657,False,48,5,0.8,euclidean,random,StandardScaler_per_sample_dimension
CCOP(COC(=O)C(C)C)OC,-4.365226,-0.7543668,False,48,5,0.8,euclidean,random,StandardScaler_per_sample_dimension
COCCOC1=CC=C([SH]=O)C=C1,1.3536509,-3.58815,False,48,5,0.8,euclidean,random,StandardScaler_per_sample_dimension
C1=NC(N2CC3=C(C=CC=C3)C2)SC1,-15.055438,-1.2093345,False,48,5,0.8,euclidean,random,StandardScaler_per_sample_dimension
C1=NC(N2CC3=CC=CC=C3C2)SC1,-14.780415,-1.8431174,False,48,5,0.8,euclidean,random,StandardScaler_per_sample_dimension
CC1=CC=C(SC2=CC=CC=C2)C=C1,-0.6472186,-4.8518786,False,48,5,0.8,euclidean,random,StandardScaler_per_sample_dimension
CCOP(=O)(COC(=O)C(C)C)OC,9.028131,15.265937,False,48,5,0.8,euclidean,random,StandardScaler_per_sample_dimension
CC1=CC2=C(C=C1)CN(C1N=CCS1)C2,-14.946637,-1.6721781,False,48,5,0.8,euclidean,random,StandardScaler_per_sample_dimension
CC1=CC=C2CN(C3N=CCS3)CC2=C1,-15.047765,-0.83111435,False,48,5,0.8,euclidean,random,StandardScaler_per_sample_dimension
O=CC1=CC=C(SC2=CC=CC=C2)C=C1,-0.07948262,-4.8414855,False,48,5,0.8,euclidean,random,StandardScaler_per_sample_dimension
CC1=CC2=C(C=C1)C(=O)N(C1N=CCS1)C2,-15.053317,-1.714392,False,48,5,0.8,euclidean,random,StandardScaler_per_sample_dimension
CC1=CC2=C(C=C1)CN(C1N=CCS1)C2=O,-14.981368,-1.7883132,False,48,5,0.8,euclidean,random,StandardScaler_per_sample_dimension
CC1=CC=C2C(=O)N(C3N=CCS3)CC2=C1,-15.105148,-1.1105673,False,48,5,0.8,euclidean,random,StandardScaler_per_sample_dimension
CC1=CC=C2CN(C3N=CCS3)C(=O)C2=C1,-14.898275,-1.7636102,False,48,5,0.8,euclidean,random,StandardScaler_per_sample_dimension
O=C1C2=C(C=CC=C2)C(=O)N1C1N=CCS1,-7.89758,20.234112,False,48,5,0.8,euclidean,random,StandardScaler_per_sample_dimension
O=C1C2=CC=CC=C2C(=O)N1C1N=CCS1,-14.902577,-1.6715887,False,48,5,0.8,euclidean,random,StandardScaler_per_sample_dimension
O=CC1=CC2=C(C=C1)CN(C1N=CCS1)C2,-7.9343157,20.177517,False,48,5,0.8,euclidean,random,StandardScaler_per_sample_dimension
O=CC1=CC=C2CN(C3N=CCS3)CC2=C1,-14.862423,-1.8563592,False,48,5,0.8,euclidean,random,StandardScaler_per_sample_dimension
CC1=CC=C2C(=O)N(C3N=CCS3)C(=O)C2=C1,-7.8668957,20.299427,False,48,5,0.8,euclidean,random,StandardScaler_per_sample_dimension
O=CC1=CC2=C(C=C1)CN(C1N=CCS1)C2=O,-7.8493395,20.200384,False,48,5,0.8,euclidean,random,StandardScaler_per_sample_dimension
O=CC1=CC=C2C(=O)N(C3N=CCS3)CC2=C1,-14.981449,-1.8424525,False,48,5,0.8,euclidean,random,StandardScaler_per_sample_dimension
O=CC1=CC=C2CN(C3N=CCS3)C(=O)C2=C1,-7.9712067,20.133215,False,48,5,0.8,euclidean,random,StandardScaler_per_sample_dimension
*PO,-6.0582566,22.674482,False,48,5,0.8,euclidean,random,StandardScaler_per_sample_dimension
*[PH](=O)O,-6.4238105,22.774618,False,48,5,0.8,euclidean,random,StandardScaler_per_sample_dimension
*P,-6.3458414,22.916212,False,48,5,0.8,euclidean,random,StandardScaler_per_sample_dimension
*P=O,-6.4581203,22.582056,False,48,5,0.8,euclidean,random,StandardScaler_per_sample_dimension
OCC1=CC(P)=CC=C1,21.746748,0.39351106,False,48,5,0.8,euclidean,random,StandardScaler_per_sample_dimension
O=C(O)C1=CC(P)=CC=C1,21.920013,0.2866342,False,48,5,0.8,euclidean,random,StandardScaler_per_sample_dimension
O=PC1=CC=CC(CO)=C1,21.685291,0.5949202,False,48,5,0.8,euclidean,random,StandardScaler_per_sample_dimension
O=PC1=CC=CC(C(=O)O)=C1,21.967436,0.32684064,False,48,5,0.8,euclidean,random,StandardScaler_per_sample_dimension
CCNP=O,2.7799227,19.587864,False,48,5,0.8,euclidean,random,StandardScaler_per_sample_dimension
CCCPOCC,7.0280385,-2.386153,False,48,5,0.8,euclidean,random,StandardScaler_per_sample_dimension
CCC[PH](=O)OCC,6.834987,-2.596092,False,48,5,0.8,euclidean,random,StandardScaler_per_sample_dimension
COCC1=CC(P)=CC=C1,21.486826,0.8305562,False,48,5,0.8,euclidean,random,StandardScaler_per_sample_dimension
CCOCC1=CC(P)=CC=C1,21.40073,1.1760343,False,48,5,0.8,euclidean,random,StandardScaler_per_sample_dimension
COC(=O)C1=CC(P)=CC=C1,21.488203,1.2778873,False,48,5,0.8,euclidean,random,StandardScaler_per_sample_dimension
COCC1=CC(P=O)=CC=C1,21.158615,1.1011337,False,48,5,0.8,euclidean,random,StandardScaler_per_sample_dimension
CCOC(=O)C1=CC(P)=CC=C1,21.835415,0.6051742,False,48,5,0.8,euclidean,random,StandardScaler_per_sample_dimension
CCOCC1=CC(P=O)=CC=C1,21.99828,0.35832423,False,48,5,0.8,euclidean,random,StandardScaler_per_sample_dimension
COC(=O)C1=CC(P=O)=CC=C1,21.968506,0.47477147,False,48,5,0.8,euclidean,random,StandardScaler_per_sample_dimension
OCCOCC1=CC(P)=CC=C1,21.281631,0.9766706,False,48,5,0.8,euclidean,random,StandardScaler_per_sample_dimension
CCOC(=O)C1=CC(P=O)=CC=C1,21.754637,0.44527617,False,48,5,0.8,euclidean,random,StandardScaler_per_sample_dimension
O=C(OCCO)C1=CC(P)=CC=C1,21.804968,0.2155391,False,48,5,0.8,euclidean,random,StandardScaler_per_sample_dimension
O=PC1=CC=CC(COCCO)=C1,22.027473,0.19602077,False,48,5,0.8,euclidean,random,StandardScaler_per_sample_dimension
O=PC1=CC=CC(C(=O)OCCO)=C1,21.35322,1.0565499,False,48,5,0.8,euclidean,random,StandardScaler_per_sample_dimension
COC1=C(Br)C=C(CC2=CC=CC=C2)C=C1Br,-10.51271,-2.8964555,False,48,5,0.8,euclidean,random,StandardScaler_per_sample_dimension
OS,-17.122955,-10.1302805,False,48,5,0.8,euclidean,random,StandardScaler_per_sample_dimension
OSC1=CC=CC=C1,-16.944946,-10.31247,False,48,5,0.8,euclidean,random,StandardScaler_per_sample_dimension
CC1=CC=C(CP)C=C1,5.1030054,20.707006,False,48,5,0.8,euclidean,random,StandardScaler_per_sample_dimension
CC1=CC=C(CP=O)C=C1,5.0584917,20.663582,False,48,5,0.8,euclidean,random,StandardScaler_per_sample_dimension
COC1=C(Br)C=C(C)C=C1Br,-10.577263,-2.9644969,False,48,5,0.8,euclidean,random,StandardScaler_per_sample_dimension
NCCCCPC1=CC=CC=C1,8.667236,21.556429,False,48,5,0.8,euclidean,random,StandardScaler_per_sample_dimension
CC(CCN)CPC1=CC=CC=C1,11.151336,19.790306,False,48,5,0.8,euclidean,random,StandardScaler_per_sample_dimension
CNCCCCPC1=CC=CC=C1,7.549302,21.721151,False,48,5,0.8,euclidean,random,StandardScaler_per_sample_dimension
NC(=O)CCCPC1=CC=CC=C1,7.4464836,22.6057,False,48,5,0.8,euclidean,random,StandardScaler_per_sample_dimension
NCCCC[PH](=O)C1=CC=CC=C1,8.123269,23.364725,False,48,5,0.8,euclidean,random,StandardScaler_per_sample_dimension
CC(CCN)C[PH](=O)C1=CC=CC=C1,7.12935,22.781038,False,48,5,0.8,euclidean,random,StandardScaler_per_sample_dimension
CC(CPC1=CC=CC=C1)CC(N)=O,8.175389,22.082104,False,48,5,0.8,euclidean,random,StandardScaler_per_sample_dimension
CCNCCCCPC1=CC=CC=C1,8.650631,22.472702,False,48,5,0.8,euclidean,random,StandardScaler_per_sample_dimension
CNC(=O)CCCPC1=CC=CC=C1,8.785629,21.246368,False,48,5,0.8,euclidean,random,StandardScaler_per_sample_dimension
CNCCC(C)CPC1=CC=CC=C1,8.734074,22.786251,False,48,5,0.8,euclidean,random,StandardScaler_per_sample_dimension
CNCCCC[PH](=O)C1=CC=CC=C1,7.685862,21.654062,False,48,5,0.8,euclidean,random,StandardScaler_per_sample_dimension
NC(=O)CCC[PH](=O)C1=CC=CC=C1,8.746768,22.718996,False,48,5,0.8,euclidean,random,StandardScaler_per_sample_dimension
NCCC(C=O)CPC1=CC=CC=C1,7.639476,21.65121,False,48,5,0.8,euclidean,random,StandardScaler_per_sample_dimension
CC(CC(N)=O)C[PH](=O)C1=CC=CC=C1,8.81427,22.413565,False,48,5,0.8,euclidean,random,StandardScaler_per_sample_dimension
CCCNCCCCPC1=CC=CC=C1,7.7835746,21.925327,False,48,5,0.8,euclidean,random,StandardScaler_per_sample_dimension
CCNC(=O)CCCPC1=CC=CC=C1,8.123856,23.271612,False,48,5,0.8,euclidean,random,StandardScaler_per_sample_dimension
CCNCCC(C)CPC1=CC=CC=C1,8.013512,23.466751,False,48,5,0.8,euclidean,random,StandardScaler_per_sample_dimension
CCNCCCC[PH](=O)C1=CC=CC=C1,8.00929,23.294315,False,48,5,0.8,euclidean,random,StandardScaler_per_sample_dimension
CNC(=O)CC(C)CPC1=CC=CC=C1,7.9784603,23.645866,False,48,5,0.8,euclidean,random,StandardScaler_per_sample_dimension
CNC(=O)CCC[PH](=O)C1=CC=CC=C1,8.935528,21.24837,False,48,5,0.8,euclidean,random,StandardScaler_per_sample_dimension
CNCCC(C)C[PH](=O)C1=CC=CC=C1,7.8058457,21.810043,False,48,5,0.8,euclidean,random,StandardScaler_per_sample_dimension
CNCCC(C=O)CPC1=CC=CC=C1,7.405236,22.901999,False,48,5,0.8,euclidean,random,StandardScaler_per_sample_dimension
NC(=O)CC(C=O)CPC1=CC=CC=C1,11.012641,19.961056,False,48,5,0.8,euclidean,random,StandardScaler_per_sample_dimension
NCCC(C=O)C[PH](=O)C1=CC=CC=C1,8.187508,22.638723,False,48,5,0.8,euclidean,random,StandardScaler_per_sample_dimension
CCCCNCCCCPC1=CC=CC=C1,10.910009,19.84341,False,48,5,0.8,euclidean,random,StandardScaler_per_sample_dimension
CCCNC(=O)CCCPC1=CC=CC=C1,8.183462,23.211092,False,48,5,0.8,euclidean,random,StandardScaler_per_sample_dimension
CCCNCCC(C)CPC1=CC=CC=C1,7.9996705,22.778696,False,48,5,0.8,euclidean,random,StandardScaler_per_sample_dimension
CCCNCCCC[PH](=O)C1=CC=CC=C1,8.918103,22.801529,False,48,5,0.8,euclidean,random,StandardScaler_per_sample_dimension
CCNC(=O)CC(C)CPC1=CC=CC=C1,11.002981,19.839115,False,48,5,0.8,euclidean,random,StandardScaler_per_sample_dimension
CCNC(=O)CCC[PH](=O)C1=CC=CC=C1,8.896354,22.734898,False,48,5,0.8,euclidean,random,StandardScaler_per_sample_dimension
CCNCCC(C)C[PH](=O)C1=CC=CC=C1,8.956344,21.342184,False,48,5,0.8,euclidean,random,StandardScaler_per_sample_dimension
CCNCCC(C=O)CPC1=CC=CC=C1,8.986287,22.690447,False,48,5,0.8,euclidean,random,StandardScaler_per_sample_dimension
CNC(=O)CC(C)C[PH](=O)C1=CC=CC=C1,8.07819,22.995058,False,48,5,0.8,euclidean,random,StandardScaler_per_sample_dimension
CNC(=O)CC(C=O)CPC1=CC=CC=C1,8.049954,23.580086,False,48,5,0.8,euclidean,random,StandardScaler_per_sample_dimension
CNCCC(C=O)C[PH](=O)C1=CC=CC=C1,11.043301,19.979713,False,48,5,0.8,euclidean,random,StandardScaler_per_sample_dimension
NC(=O)CC(C=O)C[PH](=O)C1=CC=CC=C1,7.924242,21.923803,False,48,5,0.8,euclidean,random,StandardScaler_per_sample_dimension
CCCCCNCCCCPC1=CC=CC=C1,8.970872,21.431086,False,48,5,0.8,euclidean,random,StandardScaler_per_sample_dimension
CCCCNC(=O)CCCPC1=CC=CC=C1,7.645731,21.882412,False,48,5,0.8,euclidean,random,StandardScaler_per_sample_dimension
CCCCNCCC(C)CPC1=CC=CC=C1,8.01192,22.678213,False,48,5,0.8,euclidean,random,StandardScaler_per_sample_dimension
CCCCNCCCC[PH](=O)C1=CC=CC=C1,8.038789,23.642994,False,48,5,0.8,euclidean,random,StandardScaler_per_sample_dimension
CCCNC(=O)CC(C)CPC1=CC=CC=C1,7.2556157,22.868055,False,48,5,0.8,euclidean,random,StandardScaler_per_sample_dimension
CCCNC(=O)CCC[PH](=O)C1=CC=CC=C1,8.922245,22.72846,False,48,5,0.8,euclidean,random,StandardScaler_per_sample_dimension
CCCNCCC(C)C[PH](=O)C1=CC=CC=C1,7.589399,21.621056,False,48,5,0.8,euclidean,random,StandardScaler_per_sample_dimension
CCCNCCC(C=O)CPC1=CC=CC=C1,7.08013,22.830856,False,48,5,0.8,euclidean,random,StandardScaler_per_sample_dimension
CCNC(=O)CC(C)C[PH](=O)C1=CC=CC=C1,11.100499,19.996567,False,48,5,0.8,euclidean,random,StandardScaler_per_sample_dimension
CCNC(=O)CC(C=O)CPC1=CC=CC=C1,7.517722,21.634212,False,48,5,0.8,euclidean,random,StandardScaler_per_sample_dimension
CCNCCC(C=O)C[PH](=O)C1=CC=CC=C1,8.843946,21.2691,False,48,5,0.8,euclidean,random,StandardScaler_per_sample_dimension
CNC(=O)CC(C=O)C[PH](=O)C1=CC=CC=C1,7.2360272,22.692724,False,48,5,0.8,euclidean,random,StandardScaler_per_sample_dimension
CCCCCP,12.274362,14.060098,False,48,5,0.8,euclidean,random,StandardScaler_per_sample_dimension
NCCCCP,13.636177,5.100357,False,48,5,0.8,euclidean,random,StandardScaler_per_sample_dimension
OCCCPO,-13.312849,-9.439277,False,48,5,0.8,euclidean,random,StandardScaler_per_sample_dimension
CC(C)COCP,1.6519012,22.286415,False,48,5,0.8,euclidean,random,StandardScaler_per_sample_dimension
CC(CP)CCN,14.66274,4.818733,False,48,5,0.8,euclidean,random,StandardScaler_per_sample_dimension
CCCCCCP,11.681725,14.000541,False,48,5,0.8,euclidean,random,StandardScaler_per_sample_dimension
CCCCCP=O,12.129801,14.246422,False,48,5,0.8,euclidean,random,StandardScaler_per_sample_dimension
CNCCCCP,14.215069,4.0965757,False,48,5,0.8,euclidean,random,StandardScaler_per_sample_dimension
NC(=O)CCCP,13.655944,5.617187,False,48,5,0.8,euclidean,random,StandardScaler_per_sample_dimension
NCCCCP=O,14.893599,4.6931944,False,48,5,0.8,euclidean,random,StandardScaler_per_sample_dimension
O=C(O)CCPO,-13.163201,-9.506041,False,48,5,0.8,euclidean,random,StandardScaler_per_sample_dimension
O=[PH](O)CCCO,-13.160965,-9.303521,False,48,5,0.8,euclidean,random,StandardScaler_per_sample_dimension
CC(C)C(=O)OCP,1.9077169,23.675653,False,48,5,0.8,euclidean,random,StandardScaler_per_sample_dimension
CC(C)COCP=O,3.605928,21.314222,False,48,5,0.8,euclidean,random,StandardScaler_per_sample_dimension
CC(CCN)CP=O,14.74579,4.8718677,False,48,5,0.8,euclidean,random,StandardScaler_per_sample_dimension
CC(CP)CC(N)=O,13.407945,4.19747,False,48,5,0.8,euclidean,random,StandardScaler_per_sample_dimension
CCCCCCP=O,12.557391,13.062095,False,48,5,0.8,euclidean,random,StandardScaler_per_sample_dimension
CCNCCCCP,13.12932,4.8544707,False,48,5,0.8,euclidean,random,StandardScaler_per_sample_dimension
CNC(=O)CCCP,14.138706,6.680091,False,48,5,0.8,euclidean,random,StandardScaler_per_sample_dimension
CNCCC(C)CP,13.653743,3.6345084,False,48,5,0.8,euclidean,random,StandardScaler_per_sample_dimension
CNCCCCP=O,14.048965,4.879653,False,48,5,0.8,euclidean,random,StandardScaler_per_sample_dimension
NC(=O)CCCP=O,14.805307,21.190086,False,48,5,0.8,euclidean,random,StandardScaler_per_sample_dimension
NCCC(C=O)CP,14.869061,4.065977,False,48,5,0.8,euclidean,random,StandardScaler_per_sample_dimension
O=C(O)CC[PH](=O)O,-13.112325,-9.34425,False,48,5,0.8,euclidean,random,StandardScaler_per_sample_dimension
CC(C)C(=O)OCP=O,1.7019863,22.275486,False,48,5,0.8,euclidean,random,StandardScaler_per_sample_dimension
CC(C)COCP(O)O,2.5409424,21.619978,False,48,5,0.8,euclidean,random,StandardScaler_per_sample_dimension
CC(CP=O)CC(N)=O,14.696891,3.7375302,False,48,5,0.8,euclidean,random,StandardScaler_per_sample_dimension
CCCNCCCCP,12.924499,4.791725,False,48,5,0.8,euclidean,random,StandardScaler_per_sample_dimension
CCNC(=O)CCCP,13.33541,3.9970856,False,48,5,0.8,euclidean,random,StandardScaler_per_sample_dimension
CCNCCC(C)CP,14.152017,6.467314,False,48,5,0.8,euclidean,random,StandardScaler_per_sample_dimension
CCNCCCCP=O,15.222353,3.2981768,False,48,5,0.8,euclidean,random,StandardScaler_per_sample_dimension
CNC(=O)CC(C)CP,15.02422,3.872016,False,48,5,0.8,euclidean,random,StandardScaler_per_sample_dimension
CNC(=O)CCCP=O,14.263716,4.878189,False,48,5,0.8,euclidean,random,StandardScaler_per_sample_dimension
CNCCC(C)CP=O,13.854529,3.3589187,False,48,5,0.8,euclidean,random,StandardScaler_per_sample_dimension
CNCCC(C=O)CP,14.525989,4.777018,False,48,5,0.8,euclidean,random,StandardScaler_per_sample_dimension
NC(=O)CC(C=O)CP,14.957733,3.72878,False,48,5,0.8,euclidean,random,StandardScaler_per_sample_dimension
NCCC(C=O)CP=O,13.942306,5.7154355,False,48,5,0.8,euclidean,random,StandardScaler_per_sample_dimension
CC(C)C(=O)OCP(O)O,3.0735314,22.299088,False,48,5,0.8,euclidean,random,StandardScaler_per_sample_dimension
CC(C)COCP(=O)(O)O,2.598421,21.517477,False,48,5,0.8,euclidean,random,StandardScaler_per_sample_dimension
CCCCNCCCCP,13.397702,5.784944,False,48,5,0.8,euclidean,random,StandardScaler_per_sample_dimension
CCCNC(=O)CCCP,12.6588335,4.805348,False,48,5,0.8,euclidean,random,StandardScaler_per_sample_dimension
CCCNCCC(C)CP,14.837568,5.0483184,False,48,5,0.8,euclidean,random,StandardScaler_per_sample_dimension
CCCNCCCCP=O,12.723574,4.918312,False,48,5,0.8,euclidean,random,StandardScaler_per_sample_dimension
CCNC(=O)CC(C)CP,14.391654,4.3223386,False,48,5,0.8,euclidean,random,StandardScaler_per_sample_dimension
CCNC(=O)CCCP=O,13.034918,4.8174176,False,48,5,0.8,euclidean,random,StandardScaler_per_sample_dimension
CCNCCC(C)CP=O,13.239391,3.8759625,False,48,5,0.8,euclidean,random,StandardScaler_per_sample_dimension
CCNCCC(C=O)CP,13.506455,5.7908645,False,48,5,0.8,euclidean,random,StandardScaler_per_sample_dimension
CNC(=O)CC(C)CP=O,14.922937,4.9764667,False,48,5,0.8,euclidean,random,StandardScaler_per_sample_dimension
CNC(=O)CC(C=O)CP,14.14278,4.55865,False,48,5,0.8,euclidean,random,StandardScaler_per_sample_dimension
CNCCC(C=O)CP=O,12.772782,4.877177,False,48,5,0.8,euclidean,random,StandardScaler_per_sample_dimension
NC(=O)CC(C=O)CP=O,14.147244,4.5907516,False,48,5,0.8,euclidean,random,StandardScaler_per_sample_dimension
CC(C)C(=O)OCP(=O)(O)O,2.04955,23.411203,False,48,5,0.8,euclidean,random,StandardScaler_per_sample_dimension
CCCCCNCCCCP,13.393023,4.7144275,False,48,5,0.8,euclidean,random,StandardScaler_per_sample_dimension
CCCCNC(=O)CCCP,14.875323,21.150988,False,48,5,0.8,euclidean,random,StandardScaler_per_sample_dimension
CCCCNCCC(C)CP,14.760111,4.91179,False,48,5,0.8,euclidean,random,StandardScaler_per_sample_dimension
CCCCNCCCCP=O,15.026064,3.3101912,False,48,5,0.8,euclidean,random,StandardScaler_per_sample_dimension
CCCNC(=O)CC(C)CP,14.151855,6.589291,False,48,5,0.8,euclidean,random,StandardScaler_per_sample_dimension
CCCNC(=O)CCCP=O,14.232787,6.6163554,False,48,5,0.8,euclidean,random,StandardScaler_per_sample_dimension
CCCNCCC(C)CP=O,14.848671,21.287804,False,48,5,0.8,euclidean,random,StandardScaler_per_sample_dimension
CCCNCCC(C=O)CP,14.930132,21.224693,False,48,5,0.8,euclidean,random,StandardScaler_per_sample_dimension
CCNC(=O)CC(C)CP=O,13.7071295,5.886584,False,48,5,0.8,euclidean,random,StandardScaler_per_sample_dimension
CCNC(=O)CC(C=O)CP,15.017466,3.4142466,False,48,5,0.8,euclidean,random,StandardScaler_per_sample_dimension
CCNCCC(C=O)CP=O,14.950336,4.1468496,False,48,5,0.8,euclidean,random,StandardScaler_per_sample_dimension
CNC(=O)CC(C=O)CP=O,13.512425,4.4180026,False,48,5,0.8,euclidean,random,StandardScaler_per_sample_dimension
COC1=CC=C(OPO)C=C1,6.649507,-19.481602,False,48,5,0.8,euclidean,random,StandardScaler_per_sample_dimension
COP(COCC(C)C)OC,2.6523771,21.813845,False,48,5,0.8,euclidean,random,StandardScaler_per_sample_dimension
O=COC1=C(Br)C=CC=C1Br,-10.850325,-3.0738025,False,48,5,0.8,euclidean,random,StandardScaler_per_sample_dimension
CCCCCNC(=O)CCCP,14.913306,3.38971,False,48,5,0.8,euclidean,random,StandardScaler_per_sample_dimension
CCCCCNCCC(C)CP,14.229847,6.624921,False,48,5,0.8,euclidean,random,StandardScaler_per_sample_dimension
CCCCCNCCCCP=O,14.899629,21.231796,False,48,5,0.8,euclidean,random,StandardScaler_per_sample_dimension
CCCCNC(=O)CC(C)CP,13.540261,4.168218,False,48,5,0.8,euclidean,random,StandardScaler_per_sample_dimension
CCCCNC(=O)CCCP=O,14.958605,4.815123,False,48,5,0.8,euclidean,random,StandardScaler_per_sample_dimension
CCCCNCCC(C)CP=O,14.251183,6.5066113,False,48,5,0.8,euclidean,random,StandardScaler_per_sample_dimension
CCCCNCCC(C=O)CP,13.727347,4.4404435,False,48,5,0.8,euclidean,random,StandardScaler_per_sample_dimension
CCCNC(=O)CC(C)CP=O,13.40008,5.7094626,False,48,5,0.8,euclidean,random,StandardScaler_per_sample_dimension
CCCNC(=O)CC(C=O)CP,13.953196,3.212685,False,48,5,0.8,euclidean,random,StandardScaler_per_sample_dimension
CCCNCCC(C=O)CP=O,13.981292,5.3214455,False,48,5,0.8,euclidean,random,StandardScaler_per_sample_dimension
CCNC(=O)CC(C=O)CP=O,14.438512,5.154645,False,48,5,0.8,euclidean,random,StandardScaler_per_sample_dimension
COC1=CC=C(O[PH](=O)O)C=C1,6.771926,-19.455044,False,48,5,0.8,euclidean,random,StandardScaler_per_sample_dimension
COCCOC1=CC=C(S)C=C1,1.7258178,-3.5004816,False,48,5,0.8,euclidean,random,StandardScaler_per_sample_dimension
COP(=O)(COCC(C)C)OC,1.6783307,22.21503,False,48,5,0.8,euclidean,random,StandardScaler_per_sample_dimension
COP(COC(=O)C(C)C)OC,2.12532,22.383953,False,48,5,0.8,euclidean,random,StandardScaler_per_sample_dimension
O=[N+]([O-])C1=CC=C(OPO)C=C1,11.565448,3.3879328,False,48,5,0.8,euclidean,random,StandardScaler_per_sample_dimension
OCCCP(O)C1=CC=CC=C1,-13.288927,-9.278132,False,48,5,0.8,euclidean,random,StandardScaler_per_sample_dimension
CCCCCNC(=O)CC(C)CP,13.33042,3.9407594,False,48,5,0.8,euclidean,random,StandardScaler_per_sample_dimension
CCCCCNC(=O)CCCP=O,14.33715,6.6335077,False,48,5,0.8,euclidean,random,StandardScaler_per_sample_dimension
CCCCCNCCC(C)CP=O,15.08006,3.333971,False,48,5,0.8,euclidean,random,StandardScaler_per_sample_dimension
CCCCCNCCC(C=O)CP,14.68017,4.9614406,False,48,5,0.8,euclidean,random,StandardScaler_per_sample_dimension
CCCCNC(=O)CC(C)CP=O,13.853364,3.198736,False,48,5,0.8,euclidean,random,StandardScaler_per_sample_dimension
CCCCNC(=O)CC(C=O)CP,13.724205,5.2901697,False,48,5,0.8,euclidean,random,StandardScaler_per_sample_dimension
CCCCNCCC(C=O)CP=O,14.989337,21.28584,False,48,5,0.8,euclidean,random,StandardScaler_per_sample_dimension
CCCNC(=O)CC(C=O)CP=O,13.279379,4.72329,False,48,5,0.8,euclidean,random,StandardScaler_per_sample_dimension
CCOP(COCC(C)C)OCC,3.0990264,21.860353,False,48,5,0.8,euclidean,random,StandardScaler_per_sample_dimension
COP(=O)(COC(=O)C(C)C)OC,2.46672,21.799316,False,48,5,0.8,euclidean,random,StandardScaler_per_sample_dimension
O=C(O)CCP(O)C1=CC=CC=C1,-13.387332,-9.57091,False,48,5,0.8,euclidean,random,StandardScaler_per_sample_dimension
O=P(O)(CCCO)C1=CC=CC=C1,-13.171905,-9.3029375,False,48,5,0.8,euclidean,random,StandardScaler_per_sample_dimension
O=[N+]([O-])C1=CC=C(O[PH](=O)O)C=C1,11.5902815,3.5219395,False,48,5,0.8,euclidean,random,StandardScaler_per_sample_dimension
CCCCCNC(=O)CC(C)CP=O,13.413212,4.0429244,False,48,5,0.8,euclidean,random,StandardScaler_per_sample_dimension
CCCCCNC(=O)CC(C=O)CP,13.869094,3.2894244,False,48,5,0.8,euclidean,random,StandardScaler_per_sample_dimension
CCCCCNCCC(C=O)CP=O,14.723298,4.9957514,False,48,5,0.8,euclidean,random,StandardScaler_per_sample_dimension
CCCCNC(=O)CC(C=O)CP=O,12.820826,5.0112453,False,48,5,0.8,euclidean,random,StandardScaler_per_sample_dimension
CCOCCOPOC1=CC=CC=C1,-5.8071094,-7.619009,False,48,5,0.8,euclidean,random,StandardScaler_per_sample_dimension
CCOP(=O)(COCC(C)C)OCC,2.2397745,22.822893,False,48,5,0.8,euclidean,random,StandardScaler_per_sample_dimension
CCOP(COC(=O)C(C)C)OCC,2.7838883,22.57492,False,48,5,0.8,euclidean,random,StandardScaler_per_sample_dimension
COCCOC1=CC=C([SH](=O)=O)C=C1,1.5155945,-3.5717158,False,48,5,0.8,euclidean,random,StandardScaler_per_sample_dimension
O=C(O)CCP(=O)(O)C1=CC=CC=C1,-13.215655,-9.446518,False,48,5,0.8,euclidean,random,StandardScaler_per_sample_dimension
O=COCCOPOC1=CC=CC=C1,-6.2855153,-7.2611933,False,48,5,0.8,euclidean,random,StandardScaler_per_sample_dimension
CC(=O)OCCOPOC1=CC=CC=C1,-5.8557663,-8.316453,False,48,5,0.8,euclidean,random,StandardScaler_per_sample_dimension
CCOCCO[PH](=O)OC1=CC=CC=C1,-6.2981772,-7.8564215,False,48,5,0.8,euclidean,random,StandardScaler_per_sample_dimension
CCOP(=O)(COC(=O)C(C)C)OCC,3.6788678,21.270687,False,48,5,0.8,euclidean,random,StandardScaler_per_sample_dimension
FC(F)(F)C1=CC=C(C2=NC=CN2)C=C1,6.8794293,-8.201771,False,48,5,0.8,euclidean,random,StandardScaler_per_sample_dimension
O=COCCO[PH](=O)OC1=CC=CC=C1,-6.468488,-8.006117,False,48,5,0.8,euclidean,random,StandardScaler_per_sample_dimension
CC(=O)OCCO[PH](=O)OC1=CC=CC=C1,-5.564668,-7.448159,False,48,5,0.8,euclidean,random,StandardScaler_per_sample_dimension
NCC1=CC=C2CN(C3N=CCS3)CC2=C1,20.383383,-10.069839,False,48,5,0.8,euclidean,random,StandardScaler_per_sample_dimension
CC1=CC=C(OPOC2=CC=C(Br)C=C2)C=C1,-10.4137945,17.278172,False,48,5,0.8,euclidean,random,StandardScaler_per_sample_dimension
CC1=CC=C(OPOC2=CC=C(C)C=C2)C=C1,5.2147846,-11.186717,False,48,5,0.8,euclidean,random,StandardScaler_per_sample_dimension
CCCCP(C1=CC=CC=C1)C1=CC=CC=C1,4.5587926,15.046319,False,48,5,0.8,euclidean,random,StandardScaler_per_sample_dimension
COC1=CC=C(OPOC2=CC=CC=C2)C=C1,6.604215,-19.667305,False,48,5,0.8,euclidean,random,StandardScaler_per_sample_dimension
NC(=O)C1=CC=C2CN(C3N=CCS3)CC2=C1,20.284327,-9.966388,False,48,5,0.8,euclidean,random,StandardScaler_per_sample_dimension
NCC1=CC=C2C(=O)N(C3N=CCS3)CC2=C1,20.384161,-10.068342,False,48,5,0.8,euclidean,random,StandardScaler_per_sample_dimension
NCC1=CC=C2CN(C3N=CCS3)C(=O)C2=C1,20.50487,-10.197908,False,48,5,0.8,euclidean,random,StandardScaler_per_sample_dimension
CC(F)C(F)C(F)CF,0.5114325,11.476022,False,48,5,0.8,euclidean,random,StandardScaler_per_sample_dimension
FCCC(F)C(F)CF,0.45401007,11.407875,False,48,5,0.8,euclidean,random,StandardScaler_per_sample_dimension
FCC(F)C(F)C(F)F,0.52208054,11.301858,False,48,5,0.8,euclidean,random,StandardScaler_per_sample_dimension
CC(F)C(F)CF,0.57101077,11.179792,False,48,5,0.8,euclidean,random,StandardScaler_per_sample_dimension
FCCC(F)CF,0.45658293,11.149185,False,48,5,0.8,euclidean,random,StandardScaler_per_sample_dimension
FCC(F)C(F)CF,0.5097189,10.926519,False,48,5,0.8,euclidean,random,StandardScaler_per_sample_dimension
FCC(F)C(F)(F)CF,0.5846256,10.961793,False,48,5,0.8,euclidean,random,StandardScaler_per_sample_dimension
CCC(F)C(F)CF,0.6535462,10.540514,False,48,5,0.8,euclidean,random,StandardScaler_per_sample_dimension
CC(F)C(F)CCF,0.7687064,10.017988,False,48,5,0.8,euclidean,random,StandardScaler_per_sample_dimension
CC(F)CC(F)CF,0.80269367,9.550495,False,48,5,0.8,euclidean,random,StandardScaler_per_sample_dimension
FCCCC(F)CF,0.81901866,9.757167,False,48,5,0.8,euclidean,random,StandardScaler_per_sample_dimension
FCC(F)C(F)F,0.83653647,9.420766,False,48,5,0.8,euclidean,random,StandardScaler_per_sample_dimension
CCC(F)C(F)C(C)F,1.0142785,8.973303,False,48,5,0.8,euclidean,random,StandardScaler_per_sample_dimension
CCC(F)C(F)CCF,0.9091581,9.358236,False,48,5,0.8,euclidean,random,StandardScaler_per_sample_dimension
FCC(F)CC(F)CF,0.8357616,9.1765175,False,48,5,0.8,euclidean,random,StandardScaler_per_sample_dimension
CC(F)CF,0.8467001,8.739772,False,48,5,0.8,euclidean,random,StandardScaler_per_sample_dimension
FCC(F)CF,0.84356815,8.506065,False,48,5,0.8,euclidean,random,StandardScaler_per_sample_dimension
CC(F)C(F)C(F)F,0.4559871,8.586777,False,48,5,0.8,euclidean,random,StandardScaler_per_sample_dimension
FCC(F)CC(F)F,0.9086203,8.319169,False,48,5,0.8,euclidean,random,StandardScaler_per_sample_dimension
FCCC(F)C(F)F,0.9339288,8.602843,False,48,5,0.8,euclidean,random,StandardScaler_per_sample_dimension
CCC(F)CC(F)CF,0.7144451,8.46956,False,48,5,0.8,euclidean,random,StandardScaler_per_sample_dimension
CCCC(F)C(F)CF,0.79240274,8.495211,False,48,5,0.8,euclidean,random,StandardScaler_per_sample_dimension
CCC(F)CF,0.6181899,8.191667,False,48,5,0.8,euclidean,random,StandardScaler_per_sample_dimension
CC(F)CCF,0.7400513,6.7787905,False,48,5,0.8,euclidean,random,StandardScaler_per_sample_dimension
CC(F)C(F)CCCF,0.9508402,6.6174207,False,48,5,0.8,euclidean,random,StandardScaler_per_sample_dimension
CC(F)CC(F)C(C)F,0.4115123,7.824565,False,48,5,0.8,euclidean,random,StandardScaler_per_sample_dimension
CC(F)CC(F)CCF,0.90666914,6.617954,False,48,5,0.8,euclidean,random,StandardScaler_per_sample_dimension
CCC(F)C(F)C(F)F,0.5331872,7.7615814,False,48,5,0.8,euclidean,random,StandardScaler_per_sample_dimension
FCCCC(F)CCF,1.0746688,6.605746,False,48,5,0.8,euclidean,random,StandardScaler_per_sample_dimension
CC(F)(F)C(F)CF,0.4388534,7.4540906,False,48,5,0.8,euclidean,random,StandardScaler_per_sample_dimension
CC(F)C(F)(F)CF,0.33040854,7.4128575,False,48,5,0.8,euclidean,random,StandardScaler_per_sample_dimension
FCCC(F)(F)CF,0.56315815,7.1353493,False,48,5,0.8,euclidean,random,StandardScaler_per_sample_dimension
CC(F)C(F)CC(F)F,0.43937638,6.989845,False,48,5,0.8,euclidean,random,StandardScaler_per_sample_dimension
FCCC(F)CC(F)F,0.7440046,6.7386928,False,48,5,0.8,euclidean,random,StandardScaler_per_sample_dimension
CCC(F)C(C)F,0.28988868,7.315396,False,48,5,0.8,euclidean,random,StandardScaler_per_sample_dimension
CCC(F)CCF,0.16862327,6.9993997,False,48,5,0.8,euclidean,random,StandardScaler_per_sample_dimension
CC(F)CC(F)C(F)F,0.15410203,7.2299685,False,48,5,0.8,euclidean,random,StandardScaler_per_sample_dimension
CC(F)CCC(F)CF,0.07830575,7.372253,False,48,5,0.8,euclidean,random,StandardScaler_per_sample_dimension
FCC(F)CCC(F)F,0.0448074,6.722909,False,48,5,0.8,euclidean,random,StandardScaler_per_sample_dimension
FCCCC(F)C(F)F,0.13616735,7.031431,False,48,5,0.8,euclidean,random,StandardScaler_per_sample_dimension
FCCCCC(F)CF,0.25491038,6.9107594,False,48,5,0.8,euclidean,random,StandardScaler_per_sample_dimension
FCC(C1=CC2=C(C=C1)CNC2)C(F)F,24.644032,-0.6810467,False,48,5,0.8,euclidean,random,StandardScaler_per_sample_dimension
FCC(C1=CC=C2CNCC2=C1)C(F)F,24.540022,-0.5824919,False,48,5,0.8,euclidean,random,StandardScaler_per_sample_dimension
CCCC(F)CF,17.946814,3.9795868,False,48,5,0.8,euclidean,random,StandardScaler_per_sample_dimension
CCC(F)(F)C(F)CF,17.959232,3.9549105,False,48,5,0.8,euclidean,random,StandardScaler_per_sample_dimension
CCC(F)C(F)(F)CF,17.954565,3.8942714,False,48,5,0.8,euclidean,random,StandardScaler_per_sample_dimension
FCC(F)F,17.897175,3.6066117,False,48,5,0.8,euclidean,random,StandardScaler_per_sample_dimension
CC(F)CCCF,17.37608,3.2528794,False,48,5,0.8,euclidean,random,StandardScaler_per_sample_dimension
CC(F)C(F)C(C)F,17.61488,3.1797147,False,48,5,0.8,euclidean,random,StandardScaler_per_sample_dimension
FCCC(F)CCF,17.20723,3.2807994,False,48,5,0.8,euclidean,random,StandardScaler_per_sample_dimension
CC(F)(F)C(F)CCF,17.418615,3.2375433,False,48,5,0.8,euclidean,random,StandardScaler_per_sample_dimension
CC(F)C(F)(F)CCF,17.559559,3.026493,False,48,5,0.8,euclidean,random,StandardScaler_per_sample_dimension
CC(F)C(F)C(C)(F)F,17.602428,3.3895457,False,48,5,0.8,euclidean,random,StandardScaler_per_sample_dimension
FCCF,16.192392,2.1689005,False,48,5,0.8,euclidean,random,StandardScaler_per_sample_dimension
CC(F)C(F)F,16.38566,2.1084752,False,48,5,0.8,euclidean,random,StandardScaler_per_sample_dimension
CC(F)(F)CC(F)CF,16.35515,2.132627,False,48,5,0.8,euclidean,random,StandardScaler_per_sample_dimension
CC(F)CC(F)(F)CF,16.173756,2.208832,False,48,5,0.8,euclidean,random,StandardScaler_per_sample_dimension
FCCCC(F)(F)CF,16.916779,2.9406257,False,48,5,0.8,euclidean,random,StandardScaler_per_sample_dimension
FCC(F)(F)C(F)F,16.149559,2.452295,False,48,5,0.8,euclidean,random,StandardScaler_per_sample_dimension
FC(F)CC(F)C(F)F,16.356184,2.7647805,False,48,5,0.8,euclidean,random,StandardScaler_per_sample_dimension
CCC(F)C(F)F,15.904887,2.6010191,False,48,5,0.8,euclidean,random,StandardScaler_per_sample_dimension
CCC(F)CC(C)F,15.843827,2.58265,False,48,5,0.8,euclidean,random,StandardScaler_per_sample_dimension
CCC(F)CCCF,-0.98747927,8.603969,False,48,5,0.8,euclidean,random,StandardScaler_per_sample_dimension
CCCC(F)C(C)F,15.903429,2.6963847,False,48,5,0.8,euclidean,random,StandardScaler_per_sample_dimension
CCCC(F)CCF,-1.0272044,8.468277,False,48,5,0.8,euclidean,random,StandardScaler_per_sample_dimension
CC(F)(F)CF,15.51918,2.7094917,False,48,5,0.8,euclidean,random,StandardScaler_per_sample_dimension
CC(F)CC(F)F,-1.0139095,8.990042,False,48,5,0.8,euclidean,random,StandardScaler_per_sample_dimension
FCCCC(F)F,-0.9835797,8.676479,False,48,5,0.8,euclidean,random,StandardScaler_per_sample_dimension
CCC(C)F,-0.8120504,9.064609,False,48,5,0.8,euclidean,random,StandardScaler_per_sample_dimension
CCCCF,-1.0470213,9.192037,False,48,5,0.8,euclidean,random,StandardScaler_per_sample_dimension
FCC(F)(F)CF,-0.65578693,9.023552,False,48,5,0.8,euclidean,random,StandardScaler_per_sample_dimension
CCCCC(F)CF,-0.5724217,9.270704,False,48,5,0.8,euclidean,random,StandardScaler_per_sample_dimension
CC(F)(F)C(F)C(F)F,-0.6779656,9.10045,False,48,5,0.8,euclidean,random,StandardScaler_per_sample_dimension
CC(F)C(F)(F)C(F)F,-0.6082097,9.225135,False,48,5,0.8,euclidean,random,StandardScaler_per_sample_dimension
FCC(F)(F)CC(F)F,-0.9869695,9.32412,False,48,5,0.8,euclidean,random,StandardScaler_per_sample_dimension
FCCC(F)(F)C(F)F,-0.764296,8.975995,False,48,5,0.8,euclidean,random,StandardScaler_per_sample_dimension
CC(CF)C1=CC2=C(C=C1)CNC2,24.423532,-0.6660774,False,48,5,0.8,euclidean,random,StandardScaler_per_sample_dimension
CC(CF)C1=CC=C2CNCC2=C1,24.713898,-0.61602914,False,48,5,0.8,euclidean,random,StandardScaler_per_sample_dimension
CC(C1=CC2=C(C=C1)CNC2)C(F)F,24.351967,-0.49961945,False,48,5,0.8,euclidean,random,StandardScaler_per_sample_dimension
CC(C1=CC=C2CNCC2=C1)C(F)F,24.415306,-0.68467,False,48,5,0.8,euclidean,random,StandardScaler_per_sample_dimension
CC(CF)C1=CC2=C(C=C1)CNC2=O,24.364683,-0.7208368,False,48,5,0.8,euclidean,random,StandardScaler_per_sample_dimension
CC(CF)C1=CC=C2CNC(=O)C2=C1,24.644262,-0.64078784,False,48,5,0.8,euclidean,random,StandardScaler_per_sample_dimension
CC(C1=CC=C2CNC(=O)C2=C1)C(F)F,24.562943,-0.53408927,False,48,5,0.8,euclidean,random,StandardScaler_per_sample_dimension
CCC(F)(F)CF,-0.82411313,9.353526,False,48,5,0.8,euclidean,random,StandardScaler_per_sample_dimension
CCC(F)CC(F)F,-1.339676,9.567194,False,48,5,0.8,euclidean,random,StandardScaler_per_sample_dimension
CC(F)C(C)F,-2.2450552,9.842056,False,48,5,0.8,euclidean,random,StandardScaler_per_sample_dimension
FCCCCF,-1.7918237,10.071442,False,48,5,0.8,euclidean,random,StandardScaler_per_sample_dimension
CC(F)(F)CCF,-1.8852701,9.9661875,False,48,5,0.8,euclidean,random,StandardScaler_per_sample_dimension
CC(F)C(C)(F)F,-2.3856769,9.866423,False,48,5,0.8,euclidean,random,StandardScaler_per_sample_dimension
CC(F)CCCCF,-1.7566911,10.145825,False,48,5,0.8,euclidean,random,StandardScaler_per_sample_dimension
CCCC(F)C(F)F,-2.389051,9.805747,False,48,5,0.8,euclidean,random,StandardScaler_per_sample_dimension
CCCC(F)C(F)CC,-2.3215566,10.055504,False,48,5,0.8,euclidean,random,StandardScaler_per_sample_dimension
FCC(F)C(F)CCPC1=CC=CC=C1,-2.4419827,9.795272,False,48,5,0.8,euclidean,random,StandardScaler_per_sample_dimension
CC(F)CCC(F)F,-2.2488534,10.475188,False,48,5,0.8,euclidean,random,StandardScaler_per_sample_dimension
FCCCCC(F)F,-2.0068042,10.149513,False,48,5,0.8,euclidean,random,StandardScaler_per_sample_dimension
CC(F)(F)C(F)(F)CF,-2.4477363,10.031568,False,48,5,0.8,euclidean,random,StandardScaler_per_sample_dimension
CCCC(C)F,-2.1372032,11.33472,False,48,5,0.8,euclidean,random,StandardScaler_per_sample_dimension
CCCCCF,-2.4032354,11.134553,False,48,5,0.8,euclidean,random,StandardScaler_per_sample_dimension
CCC(F)(F)C(C)F,-2.3300807,11.230461,False,48,5,0.8,euclidean,random,StandardScaler_per_sample_dimension
CCC(F)(F)CCF,-2.4304237,11.092135,False,48,5,0.8,euclidean,random,StandardScaler_per_sample_dimension
CCC(F)C(C)(F)F,-2.4026823,11.280115,False,48,5,0.8,euclidean,random,StandardScaler_per_sample_dimension
FCC(CF)C1=CC2=C(C=C1)CNC2,24.094671,-0.7805992,False,48,5,0.8,euclidean,random,StandardScaler_per_sample_dimension
FCC(CF)C1=CC=C2CNCC2=C1,24.24017,-0.7465621,False,48,5,0.8,euclidean,random,StandardScaler_per_sample_dimension
O=C1NCC2=CC=C(C(CF)CF)C=C12,24.421463,-0.5434809,False,48,5,0.8,euclidean,random,StandardScaler_per_sample_dimension
CCCC(F)(F)CF,-2.762156,11.596487,False,48,5,0.8,euclidean,random,StandardScaler_per_sample_dimension
CCC(F)CCC(F)F,-2.6919706,11.495576,False,48,5,0.8,euclidean,random,StandardScaler_per_sample_dimension
CCCC(F)CC(F)F,-2.6282635,11.368712,False,48,5,0.8,euclidean,random,StandardScaler_per_sample_dimension
CC(F)CC(C)F,-2.8462956,12.441481,False,48,5,0.8,euclidean,random,StandardScaler_per_sample_dimension
CCCC(F)CC,-2.9948797,12.08042,False,48,5,0.8,euclidean,random,StandardScaler_per_sample_dimension
FCCCCCF,-15.4693365,-5.9172897,False,48,5,0.8,euclidean,random,StandardScaler_per_sample_dimension
CC(F)(F)CCCF,-15.365294,-5.9068117,False,48,5,0.8,euclidean,random,StandardScaler_per_sample_dimension
CC(F)CC(C)(F)F,-3.01034,12.030801,False,48,5,0.8,euclidean,random,StandardScaler_per_sample_dimension
CCC(F)C(F)CC,-3.0330615,12.399515,False,48,5,0.8,euclidean,random,StandardScaler_per_sample_dimension
FC(F)C(F)C(F)F,-2.882162,12.632467,False,48,5,0.8,euclidean,random,StandardScaler_per_sample_dimension
CC(F)C(F)(F)C(C)F,-2.9636514,12.266463,False,48,5,0.8,euclidean,random,StandardScaler_per_sample_dimension
CCC(F)C(F)(F)CC,-2.8798146,11.917723,False,48,5,0.8,euclidean,random,StandardScaler_per_sample_dimension
CCC(F)CCC(C)F,-3.0205297,11.97315,False,48,5,0.8,euclidean,random,StandardScaler_per_sample_dimension
CCC(F)CCCCF,-15.550633,-5.7415767,False,48,5,0.8,euclidean,random,StandardScaler_per_sample_dimension
CCCC(F)CC(C)F,-3.1285892,12.376124,False,48,5,0.8,euclidean,random,StandardScaler_per_sample_dimension
CCCC(F)CCCF,-15.47964,-5.843875,False,48,5,0.8,euclidean,random,StandardScaler_per_sample_dimension
CCCCC(F)C(C)F,-2.9754992,12.434342,False,48,5,0.8,euclidean,random,StandardScaler_per_sample_dimension
CCCCC(F)C(F)F,-3.173894,12.0945,False,48,5,0.8,euclidean,random,StandardScaler_per_sample_dimension
CCCCC(F)CCF,-15.567518,-5.754203,False,48,5,0.8,euclidean,random,StandardScaler_per_sample_dimension
FCCC(F)(F)CCF,-15.59292,-5.955534,False,48,5,0.8,euclidean,random,StandardScaler_per_sample_dimension
FCC1=CC(PC2=CC=CC=C2)=CC=C1,3.7366571,25.41888,False,48,5,0.8,euclidean,random,StandardScaler_per_sample_dimension
FC(F)C1=CC(PC2=CC=CC=C2)=CC=C1,3.7760947,25.38133,False,48,5,0.8,euclidean,random,StandardScaler_per_sample_dimension
O=[PH](C1=CC=CC=C1)C1=CC=CC(CF)=C1,3.8177726,25.349726,False,48,5,0.8,euclidean,random,StandardScaler_per_sample_dimension
O=[PH](C1=CC=CC=C1)C1=CC=CC(C(F)F)=C1,3.954522,25.303003,False,48,5,0.8,euclidean,random,StandardScaler_per_sample_dimension
CC(F)(F)C(F)F,-2.532233,12.9252405,False,48,5,0.8,euclidean,random,StandardScaler_per_sample_dimension
CC(F)CCCC(F)F,-2.5489128,13.416772,False,48,5,0.8,euclidean,random,StandardScaler_per_sample_dimension
FCCCCCC(F)F,-15.394595,-5.8644743,False,48,5,0.8,euclidean,random,StandardScaler_per_sample_dimension
CCCC(F)F,-2.0315266,13.3003235,False,48,5,0.8,euclidean,random,StandardScaler_per_sample_dimension
CC(C)F,-1.5534121,13.687723,False,48,5,0.8,euclidean,random,StandardScaler_per_sample_dimension
CCCCC(C)F,-1.778796,13.590962,False,48,5,0.8,euclidean,random,StandardScaler_per_sample_dimension
CCCCCCF,-2.8988855,13.752007,False,48,5,0.8,euclidean,random,StandardScaler_per_sample_dimension
CCC(F)(F)C(F)F,-1.6729625,13.52783,False,48,5,0.8,euclidean,random,StandardScaler_per_sample_dimension
CCC(F)(F)CC(C)F,-1.6403352,13.479037,False,48,5,0.8,euclidean,random,StandardScaler_per_sample_dimension
CCC(F)(F)CCCF,-2.9752858,13.828767,False,48,5,0.8,euclidean,random,StandardScaler_per_sample_dimension
CCC(F)CC(C)(F)F,-1.7857422,13.621382,False,48,5,0.8,euclidean,random,StandardScaler_per_sample_dimension
CCCC(F)(F)C(C)F,-1.8356842,13.618749,False,48,5,0.8,euclidean,random,StandardScaler_per_sample_dimension
CCCC(F)(F)CCF,-2.82859,13.671249,False,48,5,0.8,euclidean,random,StandardScaler_per_sample_dimension
CCCC(F)C(C)(F)F,-1.8049883,13.424417,False,48,5,0.8,euclidean,random,StandardScaler_per_sample_dimension
CCCCCC(F)CF,-1.5324639,13.668605,False,48,5,0.8,euclidean,random,StandardScaler_per_sample_dimension
CC(F)(F)CC(F)F,-2.989465,14.125756,False,48,5,0.8,euclidean,random,StandardScaler_per_sample_dimension
CCC(C)(F)F,-2.947572,14.575616,False,48,5,0.8,euclidean,random,StandardScaler_per_sample_dimension
CCCCC(F)(F)CF,-2.9526284,14.585297,False,48,5,0.8,euclidean,random,StandardScaler_per_sample_dimension
FCCC1=CC2=C(C=C1)CNC2,-6.600557,27.047314,False,48,5,0.8,euclidean,random,StandardScaler_per_sample_dimension
FCCC1=CC=C2CNCC2=C1,-6.9132185,26.743765,False,48,5,0.8,euclidean,random,StandardScaler_per_sample_dimension
FC(F)CC1=CC2=C(C=C1)CNC2,-6.6211677,27.04371,False,48,5,0.8,euclidean,random,StandardScaler_per_sample_dimension
FC(F)CC1=CC=C2CNCC2=C1,-6.7212114,26.934433,False,48,5,0.8,euclidean,random,StandardScaler_per_sample_dimension
O=C1NCC2=C1C=C(CCF)C=C2,-6.8698926,26.781801,False,48,5,0.8,euclidean,random,StandardScaler_per_sample_dimension
O=C1NCC2=C1C=CC(CCF)=C2,-6.737458,26.916933,False,48,5,0.8,euclidean,random,StandardScaler_per_sample_dimension
O=C1NCC2=CC(CCF)=CC=C12,-6.5438075,27.11649,False,48,5,0.8,euclidean,random,StandardScaler_per_sample_dimension
O=C1NCC2=CC=C(CCF)C=C12,-6.623987,27.025015,False,48,5,0.8,euclidean,random,StandardScaler_per_sample_dimension
O=C1NCC2=C1C=C(CC(F)F)C=C2,-6.8715005,26.787449,False,48,5,0.8,euclidean,random,StandardScaler_per_sample_dimension
O=C1NCC2=CC=C(CC(F)F)C=C12,-6.734836,26.920177,False,48,5,0.8,euclidean,random,StandardScaler_per_sample_dimension
CCCCC(F)F,-2.9410307,15.804958,False,48,5,0.8,euclidean,random,StandardScaler_per_sample_dimension
CCC(F)(F)CC(F)F,-2.7248893,15.344637,False,48,5,0.8,euclidean,random,StandardScaler_per_sample_dimension
CCC(F)CC,-2.3026423,15.713608,False,48,5,0.8,euclidean,random,StandardScaler_per_sample_dimension
CC(F)CCC(C)F,-2.3310149,15.423905,False,48,5,0.8,euclidean,random,StandardScaler_per_sample_dimension
CCCCC(F)CC,-3.2660224,16.9117,False,48,5,0.8,euclidean,random,StandardScaler_per_sample_dimension
FCCCCCCF,-3.3431735,15.410847,False,48,5,0.8,euclidean,random,StandardScaler_per_sample_dimension
CC(F)(F)CCCCF,-3.3242276,15.457763,False,48,5,0.8,euclidean,random,StandardScaler_per_sample_dimension
CC(F)CCC(C)(F)F,-2.5885756,16.150984,False,48,5,0.8,euclidean,random,StandardScaler_per_sample_dimension
CC(F)CCCCCF,-3.2856264,15.448019,False,48,5,0.8,euclidean,random,StandardScaler_per_sample_dimension
CCC(F)CC(F)CC,-2.1739972,15.61788,False,48,5,0.8,euclidean,random,StandardScaler_per_sample_dimension
CCCC(F)(F)C(F)F,-2.3825984,15.315017,False,48,5,0.8,euclidean,random,StandardScaler_per_sample_dimension
FCC(F)C(F)CCP,-3.4825869,16.914545,False,48,5,0.8,euclidean,random,StandardScaler_per_sample_dimension
FCC(F)CCPC1=CC=CC=C1,-2.2385657,15.581545,False,48,5,0.8,euclidean,random,StandardScaler_per_sample_dimension
CC(F)C(F)CCPC1=CC=CC=C1,-3.2863493,16.743816,False,48,5,0.8,euclidean,random,StandardScaler_per_sample_dimension
FCC(F)CCCPC1=CC=CC=C1,-3.4536011,16.745207,False,48,5,0.8,euclidean,random,StandardScaler_per_sample_dimension
FCCC(F)CCPC1=CC=CC=C1,-3.4845598,16.85129,False,48,5,0.8,euclidean,random,StandardScaler_per_sample_dimension
O=[PH](CCC(F)CF)C1=CC=CC=C1,-3.6181703,16.95213,False,48,5,0.8,euclidean,random,StandardScaler_per_sample_dimension
CC(F)C(F)CCCPC1=CC=CC=C1,-2.3175087,15.909494,False,48,5,0.8,euclidean,random,StandardScaler_per_sample_dimension
CC(F)C(F)CC[PH](=O)C1=CC=CC=C1,-2.9549966,16.527092,False,48,5,0.8,euclidean,random,StandardScaler_per_sample_dimension
CC(F)CC(F)CCPC1=CC=CC=C1,-2.1873481,15.29871,False,48,5,0.8,euclidean,random,StandardScaler_per_sample_dimension
CCC(F)C(F)CCPC1=CC=CC=C1,-3.3205042,16.767992,False,48,5,0.8,euclidean,random,StandardScaler_per_sample_dimension
FCC(F)CCCCPC1=CC=CC=C1,-2.1284142,15.093605,False,48,5,0.8,euclidean,random,StandardScaler_per_sample_dimension
FCCC(F)CCCPC1=CC=CC=C1,-2.15401,15.314056,False,48,5,0.8,euclidean,random,StandardScaler_per_sample_dimension
FCCCC(F)CCPC1=CC=CC=C1,-2.211119,15.167276,False,48,5,0.8,euclidean,random,StandardScaler_per_sample_dimension
O=[PH](CCC(F)CCF)C1=CC=CC=C1,-2.9904807,16.557972,False,48,5,0.8,euclidean,random,StandardScaler_per_sample_dimension
O=[PH](CCCC(F)CF)C1=CC=CC=C1,-2.1656597,15.414047,False,48,5,0.8,euclidean,random,StandardScaler_per_sample_dimension
CC(F)(F)CCC(F)F,-3.796249,15.4145565,False,48,5,0.8,euclidean,random,StandardScaler_per_sample_dimension
FC(F)C(F)F,-3.972212,15.212025,False,48,5,0.8,euclidean,random,StandardScaler_per_sample_dimension
CCCC(C)(F)F,-3.8494005,15.208861,False,48,5,0.8,euclidean,random,StandardScaler_per_sample_dimension
CCC(F)(F)C(C)(F)F,-3.9490676,15.267637,False,48,5,0.8,euclidean,random,StandardScaler_per_sample_dimension
CCCCCC(F)F,-7.715713,-2.0453458,False,48,5,0.8,euclidean,random,StandardScaler_per_sample_dimension
CCCC(F)(F)CC,-7.680675,-2.2026935,False,48,5,0.8,euclidean,random,StandardScaler_per_sample_dimension
CCCCCC(C)F,-7.7309732,-2.2887292,False,48,5,0.8,euclidean,random,StandardScaler_per_sample_dimension
CCCCCCCF,-7.826467,-1.6246572,False,48,5,0.8,euclidean,random,StandardScaler_per_sample_dimension
FC(F)C(F)(F)C(F)F,-7.641717,-2.3323314,False,48,5,0.8,euclidean,random,StandardScaler_per_sample_dimension
FCC1=CC(P)=CC=C1,4.240555,24.854738,False,48,5,0.8,euclidean,random,StandardScaler_per_sample_dimension
FC(F)C1=CC(P)=CC=C1,4.483969,24.74343,False,48,5,0.8,euclidean,random,StandardScaler_per_sample_dimension
O=PC1=CC=CC(CF)=C1,4.3629065,24.856867,False,48,5,0.8,euclidean,random,StandardScaler_per_sample_dimension
O=PC1=CC=CC(C(F)F)=C1,4.512569,24.711033,False,48,5,0.8,euclidean,random,StandardScaler_per_sample_dimension
CC(C1=CC2=C(C=C1)CNC2)C(F)(F)F,1.9314048,-12.168967,False,48,5,0.8,euclidean,random,StandardScaler_per_sample_dimension
CC(C1=CC=C2CNCC2=C1)C(F)(F)F,1.759532,-12.375686,False,48,5,0.8,euclidean,random,StandardScaler_per_sample_dimension
CC1=CC(PC2=CC=CC(CF)=C2)=CC=C1,4.472665,24.704596,False,48,5,0.8,euclidean,random,StandardScaler_per_sample_dimension
OC1=CC=C(PC2=CC=CC(CF)=C2)C=C1,4.3378463,24.845589,False,48,5,0.8,euclidean,random,StandardScaler_per_sample_dimension
OC1=CC=C(PC2=CC=CC=C2)C=C1CF,4.3119774,25.108244,False,48,5,0.8,euclidean,random,StandardScaler_per_sample_dimension
O=[PH](C1=CC=CC=C1)C1=CC=C(O)C(CF)=C1,4.024532,25.085394,False,48,5,0.8,euclidean,random,StandardScaler_per_sample_dimension
OC1=CC=C(PC2=CC=CC=C2)C=C1C(F)F,4.2427344,24.95366,False,48,5,0.8,euclidean,random,StandardScaler_per_sample_dimension
FC(F)CCC(F)F,-7.871134,-1.1169739,False,48,5,0.8,euclidean,random,StandardScaler_per_sample_dimension
CCC1=CC(Br)=C(OC=O)C=C1,20.578808,11.590702,False,48,5,0.8,euclidean,random,StandardScaler_per_sample_dimension
CCC1=CC=C(OC=O)C(Br)=C1,20.854998,11.508016,False,48,5,0.8,euclidean,random,StandardScaler_per_sample_dimension
CC(C)(F)F,-7.8917537,-0.69412005,False,48,5,0.8,euclidean,random,StandardScaler_per_sample_dimension
CNCPOC,22.902185,-4.2730913,False,48,5,0.8,euclidean,random,StandardScaler_per_sample_dimension
CNC[PH](=O)OC,22.69246,-4.5096846,False,48,5,0.8,euclidean,random,StandardScaler_per_sample_dimension
CCCCC(C)(F)F,-8.040064,-0.80699533,False,48,5,0.8,euclidean,random,StandardScaler_per_sample_dimension
CC(C)C1=CC(Br)=C(OC=O)C=C1,20.688087,11.61579,False,48,5,0.8,euclidean,random,StandardScaler_per_sample_dimension
CC(C)C1=CC=C(OC=O)C(Br)=C1,20.858267,11.740798,False,48,5,0.8,euclidean,random,StandardScaler_per_sample_dimension
CCCCCCC(F)F,-8.299151,0.043880604,False,48,5,0.8,euclidean,random,StandardScaler_per_sample_dimension
FC(F)CCCC(F)F,-7.5949326,-0.25872168,False,48,5,0.8,euclidean,random,StandardScaler_per_sample_dimension
CCC(F)(F)CC,-11.66481,9.242458,False,48,5,0.8,euclidean,random,StandardScaler_per_sample_dimension
FCC(F)CCP,-8.817432,-0.12985054,False,48,5,0.8,euclidean,random,StandardScaler_per_sample_dimension
CC(F)(F)C(C)(F)F,-8.097698,0.9505545,False,48,5,0.8,euclidean,random,StandardScaler_per_sample_dimension
CC(F)C(F)CCP,18.942806,11.276347,False,48,5,0.8,euclidean,random,StandardScaler_per_sample_dimension
CCCC(F)CCC,11.7566395,-18.606888,False,48,5,0.8,euclidean,random,StandardScaler_per_sample_dimension
FCC(F)C(F)(F)F,-7.244773,1.084594,False,48,5,0.8,euclidean,random,StandardScaler_per_sample_dimension
FCC(F)CCCP,-7.324041,18.208183,False,48,5,0.8,euclidean,random,StandardScaler_per_sample_dimension
FCCC(F)CCP,11.639557,-18.502745,False,48,5,0.8,euclidean,random,StandardScaler_per_sample_dimension
O=PCCC(F)CF,-7.8220243,1.2190475,False,48,5,0.8,euclidean,random,StandardScaler_per_sample_dimension
CC(F)C(F)C(F)(F)F,-8.3746605,0.45213073,False,48,5,0.8,euclidean,random,StandardScaler_per_sample_dimension
CC(F)C(F)CCCP,-8.679184,0.46709698,False,48,5,0.8,euclidean,random,StandardScaler_per_sample_dimension
CC(F)C(F)CCP=O,19.178455,11.315728,False,48,5,0.8,euclidean,random,StandardScaler_per_sample_dimension
CC(F)CC(F)CCP,-11.663769,9.296863,False,48,5,0.8,euclidean,random,StandardScaler_per_sample_dimension
CC(F)CCCC(C)F,19.056324,11.368084,False,48,5,0.8,euclidean,random,StandardScaler_per_sample_dimension
CCC(F)C(F)CCP,-6.8182216,1.1514895,False,48,5,0.8,euclidean,random,StandardScaler_per_sample_dimension
CCCCC(F)(F)CC,-7.9784856,0.44964358,False,48,5,0.8,euclidean,random,StandardScaler_per_sample_dimension
CCCCC(F)CCC,-8.776007,-0.0249538,False,48,5,0.8,euclidean,random,StandardScaler_per_sample_dimension
CCCCCC(F)CC,18.882305,11.221795,False,48,5,0.8,euclidean,random,StandardScaler_per_sample_dimension
CCCCCCCCF,18.966505,11.346639,False,48,5,0.8,euclidean,random,StandardScaler_per_sample_dimension
FCC(F)CC(F)(F)F,-6.8418484,1.1488754,False,48,5,0.8,euclidean,random,StandardScaler_per_sample_dimension
FCC(F)CCCCP,-8.832395,0.44689286,False,48,5,0.8,euclidean,random,StandardScaler_per_sample_dimension
FCCC(F)C(F)(F)F,-7.357324,18.474798,False,48,5,0.8,euclidean,random,StandardScaler_per_sample_dimension
FCCC(F)CCCP,-11.518221,8.964392,False,48,5,0.8,euclidean,random,StandardScaler_per_sample_dimension
FCCCC(F)CCP,-7.5782423,0.17631765,False,48,5,0.8,euclidean,random,StandardScaler_per_sample_dimension
O=PCCC(F)CCF,-7.07815,-0.36727127,False,48,5,0.8,euclidean,random,StandardScaler_per_sample_dimension
O=PCCCC(F)CF,-7.222779,-0.20950885,False,48,5,0.8,euclidean,random,StandardScaler_per_sample_dimension
FCCCPC1=CC=CC=C1,-7.1429963,-0.29045066,False,48,5,0.8,euclidean,random,StandardScaler_per_sample_dimension
CC(F)CCPC1=CC=CC=C1,11.648519,-18.732412,False,48,5,0.8,euclidean,random,StandardScaler_per_sample_dimension
FCCCCPC1=CC=CC=C1,-7.1716847,-0.22132462,False,48,5,0.8,euclidean,random,StandardScaler_per_sample_dimension
O=[PH](CCCF)C1=CC=CC=C1,-11.613245,9.213429,False,48,5,0.8,euclidean,random,StandardScaler_per_sample_dimension
CC(F)CCCPC1=CC=CC=C1,11.715152,-18.62311,False,48,5,0.8,euclidean,random,StandardScaler_per_sample_dimension
CC(F)CC[PH](=O)C1=CC=CC=C1,-8.244987,1.1639115,False,48,5,0.8,euclidean,random,StandardScaler_per_sample_dimension
CCC(F)CCPC1=CC=CC=C1,-7.21023,18.43554,False,48,5,0.8,euclidean,random,StandardScaler_per_sample_dimension
CPC1=CC=CC(N2CCC2=O)=C1,-9.031588,0.7037435,False,48,5,0.8,euclidean,random,StandardScaler_per_sample_dimension
FCCCCCPC1=CC=CC=C1,-9.191089,0.5713483,False,48,5,0.8,euclidean,random,StandardScaler_per_sample_dimension
O=[PH](CCCCF)C1=CC=CC=C1,19.101616,11.455222,False,48,5,0.8,euclidean,random,StandardScaler_per_sample_dimension
CC(F)CCCCPC1=CC=CC=C1,19.136438,11.329061,False,48,5,0.8,euclidean,random,StandardScaler_per_sample_dimension
CC(F)CCC[PH](=O)C1=CC=CC=C1,-8.696073,-0.17167869,False,48,5,0.8,euclidean,random,StandardScaler_per_sample_dimension
CCC(F)CCCPC1=CC=CC=C1,-6.8682566,1.1545527,False,48,5,0.8,euclidean,random,StandardScaler_per_sample_dimension
CCC(F)CC[PH](=O)C1=CC=CC=C1,11.792555,-18.644691,False,48,5,0.8,euclidean,random,StandardScaler_per_sample_dimension
CCCC(F)CCPC1=CC=CC=C1,-8.92559,0.543199,False,48,5,0.8,euclidean,random,StandardScaler_per_sample_dimension
C[PH](=O)C1=CC=CC(N2CCC2=O)=C1,-7.2165556,18.377228,False,48,5,0.8,euclidean,random,StandardScaler_per_sample_dimension
FC(F)C(F)CCPC1=CC=CC=C1,11.796351,-18.561504,False,48,5,0.8,euclidean,random,StandardScaler_per_sample_dimension
FCC(F)(F)CCPC1=CC=CC=C1,-6.797934,1.1458982,False,48,5,0.8,euclidean,random,StandardScaler_per_sample_dimension
FCCCCCCPC1=CC=CC=C1,-7.325041,18.453482,False,48,5,0.8,euclidean,random,StandardScaler_per_sample_dimension
O=[PH](CCCCCF)C1=CC=CC=C1,-9.053922,0.6986009,False,48,5,0.8,euclidean,random,StandardScaler_per_sample_dimension
CC(F)(F)C(F)CCPC1=CC=CC=C1,-8.818244,-0.34770182,False,48,5,0.8,euclidean,random,StandardScaler_per_sample_dimension
CC(F)C(F)(F)CCPC1=CC=CC=C1,-8.750958,-0.20505539,False,48,5,0.8,euclidean,random,StandardScaler_per_sample_dimension
CC(F)CCCCCPC1=CC=CC=C1,-7.0356283,-0.21810375,False,48,5,0.8,euclidean,random,StandardScaler_per_sample_dimension
CC(F)CCCC[PH](=O)C1=CC=CC=C1,-8.174186,1.5031457,False,48,5,0.8,euclidean,random,StandardScaler_per_sample_dimension
CCC(F)CCCCPC1=CC=CC=C1,-11.518704,9.38487,False,48,5,0.8,euclidean,random,StandardScaler_per_sample_dimension
CCC(F)CCC[PH](=O)C1=CC=CC=C1,-7.7047124,0.6335907,False,48,5,0.8,euclidean,random,StandardScaler_per_sample_dimension
CCCC(F)CCCPC1=CC=CC=C1,-7.3122597,18.450512,False,48,5,0.8,euclidean,random,StandardScaler_per_sample_dimension
CCCC(F)CC[PH](=O)C1=CC=CC=C1,-6.911056,1.28797,False,48,5,0.8,euclidean,random,StandardScaler_per_sample_dimension
CCCCC(F)CCPC1=CC=CC=C1,-8.06892,0.19550899,False,48,5,0.8,euclidean,random,StandardScaler_per_sample_dimension
FC(F)C(F)CCCPC1=CC=CC=C1,18.9718,11.43031,False,48,5,0.8,euclidean,random,StandardScaler_per_sample_dimension
FC(F)CC(F)CCPC1=CC=CC=C1,-6.997106,-0.36275604,False,48,5,0.8,euclidean,random,StandardScaler_per_sample_dimension
FCC(F)(F)CCCPC1=CC=CC=C1,19.03155,11.358044,False,48,5,0.8,euclidean,random,StandardScaler_per_sample_dimension
FCCC(F)(F)CCPC1=CC=CC=C1,-6.87951,1.1536957,False,48,5,0.8,euclidean,random,StandardScaler_per_sample_dimension
FCCCCCCCPC1=CC=CC=C1,-6.711305,0.9765434,False,48,5,0.8,euclidean,random,StandardScaler_per_sample_dimension
O=[PH](CCC(F)(F)CF)C1=CC=CC=C1,-11.742195,9.144193,False,48,5,0.8,euclidean,random,StandardScaler_per_sample_dimension
O=[PH](CCC(F)C(F)F)C1=CC=CC=C1,-7.148029,-0.3078365,False,48,5,0.8,euclidean,random,StandardScaler_per_sample_dimension
O=[PH](CCCCCCF)C1=CC=CC=C1,-6.9531302,-0.2807929,False,48,5,0.8,euclidean,random,StandardScaler_per_sample_dimension
FC(F)(F)C1=CC(PC2=CC=CC=C2)=CC=C1,-6.237972,-5.5964446,False,48,5,0.8,euclidean,random,StandardScaler_per_sample_dimension
NC1=CC=C(PC2=CC=CC=C2)C=C1,8.019642,-7.5908213,False,48,5,0.8,euclidean,random,StandardScaler_per_sample_dimension
NC1=CC=C([PH](=O)C2=CC=CC=C2)C=C1,8.070634,-7.418901,False,48,5,0.8,euclidean,random,StandardScaler_per_sample_dimension
COPCN,22.698957,-4.6101484,False,48,5,0.8,euclidean,random,StandardScaler_per_sample_dimension
CO[PH](=O)CN,22.746857,-4.4890347,False,48,5,0.8,euclidean,random,StandardScaler_per_sample_dimension
CC(F)(F)CC(C)(F)F,-20.819159,5.7492886,False,48,5,0.8,euclidean,random,StandardScaler_per_sample_dimension
CCCCCC(C)(F)F,-20.632336,5.9072714,False,48,5,0.8,euclidean,random,StandardScaler_per_sample_dimension
CNCC1=CC(S)=CC=C1,-0.33174837,-4.767185,False,48,5,0.8,euclidean,random,StandardScaler_per_sample_dimension
CNCC1=CC=CC(S)=C1,-0.7733764,-4.7911096,False,48,5,0.8,euclidean,random,StandardScaler_per_sample_dimension
OC1=CC=C(P)C=C1CF,-7.3814583,-5.7333255,False,48,5,0.8,euclidean,random,StandardScaler_per_sample_dimension
O=PC1=CC=C(O)C(CF)=C1,-6.3719273,-5.5262485,False,48,5,0.8,euclidean,random,StandardScaler_per_sample_dimension
OC1=CC=C(P)C=C1C(F)F,-7.4711556,-5.6994114,False,48,5,0.8,euclidean,random,StandardScaler_per_sample_dimension
O=PC1=CC=C(O)C(C(F)F)=C1,-7.464325,-5.6676965,False,48,5,0.8,euclidean,random,StandardScaler_per_sample_dimension
FC(F)(F)CC1=CC2=C(C=C1)CNC2,10.4510145,15.80345,False,48,5,0.8,euclidean,random,StandardScaler_per_sample_dimension
FC(F)(F)CC1=CC=C2CNCC2=C1,10.523927,15.655102,False,48,5,0.8,euclidean,random,StandardScaler_per_sample_dimension
O=C1NCC2=CC=C(CC(F)(F)F)C=C12,10.249102,15.842992,False,48,5,0.8,euclidean,random,StandardScaler_per_sample_dimension
CNCC1=CC(SC2=CC=CC=C2)=CC=C1,-0.5124676,-4.7221336,False,48,5,0.8,euclidean,random,StandardScaler_per_sample_dimension
CNCC1=CC=CC(SC2=CC=CC=C2)=C1,-0.38371497,-5.0847216,False,48,5,0.8,euclidean,random,StandardScaler_per_sample_dimension
FCC1=CC(P)=CC=C1OC1=CC=CC=C1,-6.0552983,-5.575551,False,48,5,0.8,euclidean,random,StandardScaler_per_sample_dimension
CNCC1=CC(SC2=CC(C)=CC=C2)=CC=C1,-0.6461198,-4.55377,False,48,5,0.8,euclidean,random,StandardScaler_per_sample_dimension
CNCC1=CC=CC(SC2=CC=CC(C)=C2)=C1,-0.4230336,-5.009798,False,48,5,0.8,euclidean,random,StandardScaler_per_sample_dimension
FC(F)C1=CC(P)=CC=C1OC1=CC=CC=C1,-6.0606093,-5.400118,False,48,5,0.8,euclidean,random,StandardScaler_per_sample_dimension
O=PC1=CC=C(OC2=CC=CC=C2)C(CF)=C1,-6.068155,-5.5233374,False,48,5,0.8,euclidean,random,StandardScaler_per_sample_dimension
CCC1=CC(Br)=C(OC=O)C(Br)=C1,-9.794408,-3.438593,False,48,5,0.8,euclidean,random,StandardScaler_per_sample_dimension
CCOP(OC)OC1=CC=CC=C1,-12.004173,-13.946042,False,48,5,0.8,euclidean,random,StandardScaler_per_sample_dimension
CCOP(=O)(OC)OC1=CC=CC=C1,-11.959881,-13.957238,False,48,5,0.8,euclidean,random,StandardScaler_per_sample_dimension
O=[SH]C1=CC=C(OC2=CC=CC=C2)C=C1,7.138032,-6.223461,False,48,5,0.8,euclidean,random,StandardScaler_per_sample_dimension
O=COC1=C(Br)C=C(CC2=CC=CC=C2)C=C1,-9.654091,-2.0733786,False,48,5,0.8,euclidean,random,StandardScaler_per_sample_dimension
O=COC1=CC=C(CC2=CC=CC=C2)C=C1Br,-9.622703,-2.419191,False,48,5,0.8,euclidean,random,StandardScaler_per_sample_dimension
COP(O)OCCO,6.6507215,-7.4069114,False,48,5,0.8,euclidean,random,StandardScaler_per_sample_dimension
COP(=O)(O)OCCO,6.5631514,-7.5572367,False,48,5,0.8,euclidean,random,StandardScaler_per_sample_dimension
O=[SH][O-],-1.6987977,-3.293276,False,48,5,0.8,euclidean,random,StandardScaler_per_sample_dimension
FCCCP,16.44823,7.9639835,False,48,5,0.8,euclidean,random,StandardScaler_per_sample_dimension
CC(F)CCP,16.877567,7.935462,False,48,5,0.8,euclidean,random,StandardScaler_per_sample_dimension
FCC(F)(F)F,15.919681,6.724252,False,48,5,0.8,euclidean,random,StandardScaler_per_sample_dimension
FCCCCP,17.159342,8.575252,False,48,5,0.8,euclidean,random,StandardScaler_per_sample_dimension
O=PCCCF,16.996908,8.706246,False,48,5,0.8,euclidean,random,StandardScaler_per_sample_dimension
CC(F)C(F)(F)F,17.830616,7.699698,False,48,5,0.8,euclidean,random,StandardScaler_per_sample_dimension
CC(F)CCCP,17.183165,6.442677,False,48,5,0.8,euclidean,random,StandardScaler_per_sample_dimension
CC(F)CCP=O,18.99794,8.067779,False,48,5,0.8,euclidean,random,StandardScaler_per_sample_dimension
CCC(F)CCP,16.758247,7.212856,False,48,5,0.8,euclidean,random,StandardScaler_per_sample_dimension
FCCCCCP,15.696762,6.503157,False,48,5,0.8,euclidean,random,StandardScaler_per_sample_dimension
O=PCCCCF,17.010948,6.241564,False,48,5,0.8,euclidean,random,StandardScaler_per_sample_dimension
CC(F)CC(F)(F)F,17.092773,7.48768,False,48,5,0.8,euclidean,random,StandardScaler_per_sample_dimension
CC(F)CCCCP,16.640623,7.7321067,False,48,5,0.8,euclidean,random,StandardScaler_per_sample_dimension
CC(F)CCCP=O,17.361025,5.9974494,False,48,5,0.8,euclidean,random,StandardScaler_per_sample_dimension
CCC(F)C(F)(F)F,18.176672,8.778067,False,48,5,0.8,euclidean,random,StandardScaler_per_sample_dimension
CCC(F)CCCP,16.698015,7.79586,False,48,5,0.8,euclidean,random,StandardScaler_per_sample_dimension
CCC(F)CCP=O,17.82495,7.777214,False,48,5,0.8,euclidean,random,StandardScaler_per_sample_dimension
CCCC(F)CCP,16.4741,7.111609,False,48,5,0.8,euclidean,random,StandardScaler_per_sample_dimension
CCCOPOCC,4.2700615,-15.660806,False,48,5,0.8,euclidean,random,StandardScaler_per_sample_dimension
FC(F)C(F)CCP,17.279926,6.0734563,False,48,5,0.8,euclidean,random,StandardScaler_per_sample_dimension
FCC(F)(F)CCP,16.846277,7.517134,False,48,5,0.8,euclidean,random,StandardScaler_per_sample_dimension
FCCCC(F)(F)F,18.40422,7.019201,False,48,5,0.8,euclidean,random,StandardScaler_per_sample_dimension
FCCCCCCP,16.761171,6.8156037,False,48,5,0.8,euclidean,random,StandardScaler_per_sample_dimension
O=PCCCCCF,18.46159,7.979132,False,48,5,0.8,euclidean,random,StandardScaler_per_sample_dimension
CC(F)(F)C(F)CCP,16.917313,7.559931,False,48,5,0.8,euclidean,random,StandardScaler_per_sample_dimension
CC(F)C(F)(F)CCP,16.821367,8.640125,False,48,5,0.8,euclidean,random,StandardScaler_per_sample_dimension
CC(F)CCC(F)(F)F,15.554828,6.4507613,False,48,5,0.8,euclidean,random,StandardScaler_per_sample_dimension
CC(F)CCCCCP,18.959188,8.150581,False,48,5,0.8,euclidean,random,StandardScaler_per_sample_dimension
CC(F)CCCCP=O,18.499008,8.7435055,False,48,5,0.8,euclidean,random,StandardScaler_per_sample_dimension
CCC(F)CC(F)(F)F,18.704308,6.692138,False,48,5,0.8,euclidean,random,StandardScaler_per_sample_dimension
CCC(F)CCCCP,2.3014889,-9.064384,False,48,5,0.8,euclidean,random,StandardScaler_per_sample_dimension
CCC(F)CCCP=O,18.018398,7.598703,False,48,5,0.8,euclidean,random,StandardScaler_per_sample_dimension
CCCC(F)(F)CCC,17.85084,7.6602173,False,48,5,0.8,euclidean,random,StandardScaler_per_sample_dimension
CCCC(F)C(F)(F)F,15.712611,6.5788445,False,48,5,0.8,euclidean,random,StandardScaler_per_sample_dimension
CCCC(F)CCCP,19.290771,8.010907,False,48,5,0.8,euclidean,random,StandardScaler_per_sample_dimension
CCCC(F)CCP=O,17.192888,6.1297364,False,48,5,0.8,euclidean,random,StandardScaler_per_sample_dimension
CCCCC(F)CCP,18.932066,7.9536943,False,48,5,0.8,euclidean,random,StandardScaler_per_sample_dimension
CCCCCCC(C)F,18.064634,7.7439733,False,48,5,0.8,euclidean,random,StandardScaler_per_sample_dimension
CCCO[PH](=O)OCC,4.3756356,-15.4046755,False,48,5,0.8,euclidean,random,StandardScaler_per_sample_dimension
FC(F)C(F)C(F)(F)F,19.212238,8.117741,False,48,5,0.8,euclidean,random,StandardScaler_per_sample_dimension
FC(F)C(F)CCCP,16.885284,8.5553665,False,48,5,0.8,euclidean,random,StandardScaler_per_sample_dimension
FC(F)CC(F)CCP,17.9381,7.4877253,False,48,5,0.8,euclidean,random,StandardScaler_per_sample_dimension
FCC(F)(F)C(F)(F)F,16.888992,8.387963,False,48,5,0.8,euclidean,random,StandardScaler_per_sample_dimension
FCC(F)(F)CCCP,17.25626,6.951018,False,48,5,0.8,euclidean,random,StandardScaler_per_sample_dimension
FCCC(F)(F)CCP,15.649371,6.6232123,False,48,5,0.8,euclidean,random,StandardScaler_per_sample_dimension
FCCCCC(F)(F)F,18.390007,6.758524,False,48,5,0.8,euclidean,random,StandardScaler_per_sample_dimension
FCCCCCCCP,18.279028,7.993976,False,48,5,0.8,euclidean,random,StandardScaler_per_sample_dimension
O=PCCC(F)(F)CF,17.012081,8.650996,False,48,5,0.8,euclidean,random,StandardScaler_per_sample_dimension
O=PCCC(F)C(F)F,18.703825,6.8002286,False,48,5,0.8,euclidean,random,StandardScaler_per_sample_dimension
O=PCCCCCCF,2.2612278,-9.200783,False,48,5,0.8,euclidean,random,StandardScaler_per_sample_dimension
O=S([O-])C1=CC=CC=C1,-1.8071886,-3.27875,False,48,5,0.8,euclidean,random,StandardScaler_per_sample_dimension
S=CNCC1=CC=CC=N1,-1.4670529,21.163094,False,48,5,0.8,euclidean,random,StandardScaler_per_sample_dimension
S=CNCC1=NC=CC=C1,-2.5010498,20.785332,False,48,5,0.8,euclidean,random,StandardScaler_per_sample_dimension
C1=CC=C(C2=CSC=C2)C=C1,25.545643,0.2026278,False,48,5,0.8,euclidean,random,StandardScaler_per_sample_dimension
CC1=CC(Br)=C(OC=O)C=C1,-9.874233,-3.5689206,False,48,5,0.8,euclidean,random,StandardScaler_per_sample_dimension
CC1=CC=C(OC=O)C(Br)=C1,-10.07327,-3.0686412,False,48,5,0.8,euclidean,random,StandardScaler_per_sample_dimension
CC1=CC=CC(CNC=S)=N1,-0.7941266,21.901247,False,48,5,0.8,euclidean,random,StandardScaler_per_sample_dimension
CC1=NC(CNC=S)=CC=C1,-2.1641533,21.015257,False,48,5,0.8,euclidean,random,StandardScaler_per_sample_dimension
CCC1=CC=C(CPO)C=C1,-4.4972363,-12.781006,False,48,5,0.8,euclidean,random,StandardScaler_per_sample_dimension
FC(F)(F)C1=CC(P)=CC=C1,18.505583,2.2807946,False,48,5,0.8,euclidean,random,StandardScaler_per_sample_dimension
NC(=S)NCC1=CC=CC=N1,-2.2118447,21.858723,False,48,5,0.8,euclidean,random,StandardScaler_per_sample_dimension
NC(=S)NCC1=NC=CC=C1,-1.6492597,21.931622,False,48,5,0.8,euclidean,random,StandardScaler_per_sample_dimension
O=C(NC=S)C1=CC=CC=N1,-0.99898374,21.398067,False,48,5,0.8,euclidean,random,StandardScaler_per_sample_dimension
O=C(NC=S)C1=NC=CC=C1,-1.8855412,21.01081,False,48,5,0.8,euclidean,random,StandardScaler_per_sample_dimension
CC1=CC=CC(C(=O)NC=S)=N1,-0.83000654,22.147554,False,48,5,0.8,euclidean,random,StandardScaler_per_sample_dimension
CC1=CC=CC(CNC(N)=S)=N1,-1.2344817,21.972727,False,48,5,0.8,euclidean,random,StandardScaler_per_sample_dimension
CC1=NC(C(=O)NC=S)=CC=C1,-1.730062,21.26164,False,48,5,0.8,euclidean,random,StandardScaler_per_sample_dimension
CC1=NC(CNC(N)=S)=CC=C1,-1.2089757,21.281424,False,48,5,0.8,euclidean,random,StandardScaler_per_sample_dimension
CCC1=CC=C(CPOC)C=C1,-4.4609823,-12.768818,False,48,5,0.8,euclidean,random,StandardScaler_per_sample_dimension
CCC1=CC=C(C[PH](=O)O)C=C1,-4.319868,-12.923813,False,48,5,0.8,euclidean,random,StandardScaler_per_sample_dimension
CCCCCPC1=CC=CC=C1,16.62514,7.840969,False,48,5,0.8,euclidean,random,StandardScaler_per_sample_dimension
COP(O)CC1=CC=C(C)C=C1,-4.5249653,-12.719888,False,48,5,0.8,euclidean,random,StandardScaler_per_sample_dimension
CPC1=CC=CC(N2CCC2)=C1,17.348412,6.8542395,False,48,5,0.8,euclidean,random,StandardScaler_per_sample_dimension
FC(F)CCPC1=CC=CC=C1,17.11826,8.292622,False,48,5,0.8,euclidean,random,StandardScaler_per_sample_dimension
NC(=S)NC(=O)C1=CC=CC=N1,-2.354908,22.275513,False,48,5,0.8,euclidean,random,StandardScaler_per_sample_dimension
NC(=S)NC(=O)C1=NC=CC=C1,-1.4512106,21.852388,False,48,5,0.8,euclidean,random,StandardScaler_per_sample_dimension
NCC1=CC=CC(CNC=S)=N1,-1.8684958,22.059788,False,48,5,0.8,euclidean,random,StandardScaler_per_sample_dimension
NCC1=NC(CNC=S)=CC=C1,-1.7633932,21.079214,False,48,5,0.8,euclidean,random,StandardScaler_per_sample_dimension
O=C1CCN1C1=CC(P)=CC=C1,2.1035125,-9.045963,False,48,5,0.8,euclidean,random,StandardScaler_per_sample_dimension
O=CC1=CC=CC(CNC=S)=N1,-0.7994215,22.122862,False,48,5,0.8,euclidean,random,StandardScaler_per_sample_dimension
O=CC1=NC(CNC=S)=CC=C1,-1.5736058,21.914597,False,48,5,0.8,euclidean,random,StandardScaler_per_sample_dimension
O=PC1=CC=CC(C(F)(F)F)=C1,18.655848,2.393212,False,48,5,0.8,euclidean,random,StandardScaler_per_sample_dimension
CC(F)(F)CCPC1=CC=CC=C1,18.483152,9.072427,False,48,5,0.8,euclidean,random,StandardScaler_per_sample_dimension
CC1=CC=CC(C(=O)NC(N)=S)=N1,-1.52082,22.399965,False,48,5,0.8,euclidean,random,StandardScaler_per_sample_dimension
CC1=NC(C(=O)NC(N)=S)=CC=C1,-3.1042483,20.845835,False,48,5,0.8,euclidean,random,StandardScaler_per_sample_dimension
CCC1=CC=C(CP(O)OC)C=C1,-4.3719373,-12.9295635,False,48,5,0.8,euclidean,random,StandardScaler_per_sample_dimension
CCC1=CC=C(C[PH](=O)OC)C=C1,-4.464124,-12.745375,False,48,5,0.8,euclidean,random,StandardScaler_per_sample_dimension
CCCCCCPC1=CC=CC=C1,18.371904,8.955966,False,48,5,0.8,euclidean,random,StandardScaler_per_sample_dimension
CCCCC[PH](=O)C1=CC=CC=C1,17.72236,6.814927,False,48,5,0.8,euclidean,random,StandardScaler_per_sample_dimension
CNCC1=CC=CC(CNC=S)=N1,-2.9661264,20.91105,False,48,5,0.8,euclidean,random,StandardScaler_per_sample_dimension
CNCC1=NC(CNC=S)=CC=C1,-3.030899,20.782162,False,48,5,0.8,euclidean,random,StandardScaler_per_sample_dimension
COP(=O)(O)CC1=CC=C(C)C=C1,-4.3532176,-12.882236,False,48,5,0.8,euclidean,random,StandardScaler_per_sample_dimension
C[PH](=O)C1=CC=CC(N2CCC2)=C1,17.065187,7.271427,False,48,5,0.8,euclidean,random,StandardScaler_per_sample_dimension
FC(F)CCCPC1=CC=CC=C1,16.726469,7.147339,False,48,5,0.8,euclidean,random,StandardScaler_per_sample_dimension
NC(=O)C1=CC=CC(CNC=S)=N1,-1.251647,22.34581,False,48,5,0.8,euclidean,random,StandardScaler_per_sample_dimension
NC(=O)C1=NC(CNC=S)=CC=C1,12.455023,26.15927,False,48,5,0.8,euclidean,random,StandardScaler_per_sample_dimension
NC(=S)NCC1=CC=CC(C=O)=N1,-1.1000739,20.77474,False,48,5,0.8,euclidean,random,StandardScaler_per_sample_dimension
NC(=S)NCC1=NC(C=O)=CC=C1,-2.5682642,21.344007,False,48,5,0.8,euclidean,random,StandardScaler_per_sample_dimension
NCC1=CC=CC(C(=O)NC=S)=N1,-1.7468199,21.045805,False,48,5,0.8,euclidean,random,StandardScaler_per_sample_dimension
NCC1=CC=CC(CNC(N)=S)=N1,-1.997477,21.371283,False,48,5,0.8,euclidean,random,StandardScaler_per_sample_dimension
NCC1=NC(C(=O)NC=S)=CC=C1,-1.0314131,21.004725,False,48,5,0.8,euclidean,random,StandardScaler_per_sample_dimension
NCC1=NC(CNC(N)=S)=CC=C1,-1.1431751,21.537546,False,48,5,0.8,euclidean,random,StandardScaler_per_sample_dimension
O=CC1=CC=CC(C(=O)NC=S)=N1,-2.128234,21.494087,False,48,5,0.8,euclidean,random,StandardScaler_per_sample_dimension
O=CC1=NC(C(=O)NC=S)=CC=C1,-1.9254363,21.175474,False,48,5,0.8,euclidean,random,StandardScaler_per_sample_dimension
O=PC1=CC=CC(N2CCC2=O)=C1,2.0852015,-9.291922,False,48,5,0.8,euclidean,random,StandardScaler_per_sample_dimension
O=[PH](CCC(F)F)C1=CC=CC=C1,19.051825,8.200297,False,48,5,0.8,euclidean,random,StandardScaler_per_sample_dimension
CC(F)(F)CCCPC1=CC=CC=C1,18.499876,8.88851,False,48,5,0.8,euclidean,random,StandardScaler_per_sample_dimension
CC(F)(F)CC[PH](=O)C1=CC=CC=C1,2.123303,-9.065976,False,48,5,0.8,euclidean,random,StandardScaler_per_sample_dimension
CCC(F)(F)CCPC1=CC=CC=C1,16.521042,7.700744,False,48,5,0.8,euclidean,random,StandardScaler_per_sample_dimension
CCC1=CC=C(CP(=O)(O)OC)C=C1,-4.2688594,-12.983189,False,48,5,0.8,euclidean,random,StandardScaler_per_sample_dimension
CCCCCCCPC1=CC=CC=C1,2.3256311,-8.995833,False,48,5,0.8,euclidean,random,StandardScaler_per_sample_dimension
CCCCCC[PH](=O)C1=CC=CC=C1,18.02394,7.6453805,False,48,5,0.8,euclidean,random,StandardScaler_per_sample_dimension
CCPC1=CC=CC(N2CCC2=O)=C1,17.763536,6.7394733,False,48,5,0.8,euclidean,random,StandardScaler_per_sample_dimension
CNC(=O)C1=CC=CC(CNC=S)=N1,-1.2625734,22.024807,False,48,5,0.8,euclidean,random,StandardScaler_per_sample_dimension
CNC(=O)C1=NC(CNC=S)=CC=C1,12.519435,26.09816,False,48,5,0.8,euclidean,random,StandardScaler_per_sample_dimension
CNCC1=CC=CC(C(=O)NC=S)=N1,-2.8575032,20.616056,False,48,5,0.8,euclidean,random,StandardScaler_per_sample_dimension
CNCC1=CC=CC(CNC(N)=S)=N1,-2.8651648,21.090439,False,48,5,0.8,euclidean,random,StandardScaler_per_sample_dimension
CNCC1=NC(C(=O)NC=S)=CC=C1,-1.6974021,21.356007,False,48,5,0.8,euclidean,random,StandardScaler_per_sample_dimension
CNCC1=NC(CNC(N)=S)=CC=C1,-1.2842102,20.724216,False,48,5,0.8,euclidean,random,StandardScaler_per_sample_dimension
FC(F)CCCCPC1=CC=CC=C1,17.267786,6.1232758,False,48,5,0.8,euclidean,random,StandardScaler_per_sample_dimension
NC(=O)C1=CC=CC(C(=O)NC=S)=N1,-1.0127306,21.457354,False,48,5,0.8,euclidean,random,StandardScaler_per_sample_dimension
NC(=O)C1=CC=CC(CNC(N)=S)=N1,-1.0819346,21.503374,False,48,5,0.8,euclidean,random,StandardScaler_per_sample_dimension
NC(=O)C1=NC(C(=O)NC=S)=CC=C1,-2.9765925,20.679903,False,48,5,0.8,euclidean,random,StandardScaler_per_sample_dimension
NC(=O)C1=NC(CNC(N)=S)=CC=C1,-1.2916247,21.566292,False,48,5,0.8,euclidean,random,StandardScaler_per_sample_dimension
NC(=S)NC(=O)C1=CC=CC(C=O)=N1,-1.4979851,20.710806,False,48,5,0.8,euclidean,random,StandardScaler_per_sample_dimension
NC(=S)NC(=O)C1=NC(C=O)=CC=C1,-1.4750857,21.853622,False,48,5,0.8,euclidean,random,StandardScaler_per_sample_dimension
NCC1=CC=CC(C(=O)NC(N)=S)=N1,-0.42446885,22.269564,False,48,5,0.8,euclidean,random,StandardScaler_per_sample_dimension
NCC1=NC(C(=O)NC(N)=S)=CC=C1,-0.63809466,22.125443,False,48,5,0.8,euclidean,random,StandardScaler_per_sample_dimension
NCNCC1=CC=CC(CNC=S)=N1,-2.5172133,22.379362,False,48,5,0.8,euclidean,random,StandardScaler_per_sample_dimension
NCNCC1=NC(CNC=S)=CC=C1,12.349244,26.088018,False,48,5,0.8,euclidean,random,StandardScaler_per_sample_dimension
O=[PH](CCCC(F)F)C1=CC=CC=C1,19.17349,8.191181,False,48,5,0.8,euclidean,random,StandardScaler_per_sample_dimension
CC(F)(F)CCCCPC1=CC=CC=C1,16.524893,7.6732345,False,48,5,0.8,euclidean,random,StandardScaler_per_sample_dimension
CC(F)(F)CCC[PH](=O)C1=CC=CC=C1,15.793366,6.627994,False,48,5,0.8,euclidean,random,StandardScaler_per_sample_dimension
CC1=CC(PC2=CC=C(O)C=C2)=CC=C1,18.396687,2.5246198,False,48,5,0.8,euclidean,random,StandardScaler_per_sample_dimension
CC1=CC(PC2=CC=CC=C2)=CC=C1O,18.719759,2.3711085,False,48,5,0.8,euclidean,random,StandardScaler_per_sample_dimension
CCC(F)(F)CCCPC1=CC=CC=C1,17.876656,7.600723,False,48,5,0.8,euclidean,random,StandardScaler_per_sample_dimension
CCC(F)(F)CC[PH](=O)C1=CC=CC=C1,18.373888,9.026117,False,48,5,0.8,euclidean,random,StandardScaler_per_sample_dimension
CCCC(F)(F)CCPC1=CC=CC=C1,2.3330748,-9.032386,False,48,5,0.8,euclidean,random,StandardScaler_per_sample_dimension
CCCCCCCCPC1=CC=CC=C1,15.805505,6.466649,False,48,5,0.8,euclidean,random,StandardScaler_per_sample_dimension
CCCCCCC[PH](=O)C1=CC=CC=C1,17.464191,6.5687394,False,48,5,0.8,euclidean,random,StandardScaler_per_sample_dimension
CC[PH](=O)C1=CC=CC(N2CCC2=O)=C1,15.651772,6.642194,False,48,5,0.8,euclidean,random,StandardScaler_per_sample_dimension
CNC(=O)C1=CC=CC(C(=O)NC=S)=N1,-2.9856403,20.809008,False,48,5,0.8,euclidean,random,StandardScaler_per_sample_dimension
CNC(=O)C1=CC=CC(CNC(N)=S)=N1,-2.2289267,22.076729,False,48,5,0.8,euclidean,random,StandardScaler_per_sample_dimension
CNC(=O)C1=NC(C(=O)NC=S)=CC=C1,-1.7541307,22.235943,False,48,5,0.8,euclidean,random,StandardScaler_per_sample_dimension
CNC(=O)C1=NC(CNC(N)=S)=CC=C1,-1.5697187,22.22756,False,48,5,0.8,euclidean,random,StandardScaler_per_sample_dimension
CNCC1=CC=CC(C(=O)NC(N)=S)=N1,-2.0804703,21.9455,False,48,5,0.8,euclidean,random,StandardScaler_per_sample_dimension
CNCC1=NC(C(=O)NC(N)=S)=CC=C1,-1.0045539,21.433132,False,48,5,0.8,euclidean,random,StandardScaler_per_sample_dimension
FC(F)C(F)(F)CCPC1=CC=CC=C1,17.774586,8.263271,False,48,5,0.8,euclidean,random,StandardScaler_per_sample_dimension
FC(F)CCCCCPC1=CC=CC=C1,18.593704,6.7277045,False,48,5,0.8,euclidean,random,StandardScaler_per_sample_dimension
FCCCPC1=CC=CC(N2CCC2)=C1,17.2094,5.888428,False,48,5,0.8,euclidean,random,StandardScaler_per_sample_dimension
NC(=O)C1=CC=CC(C(=O)NC(N)=S)=N1,-1.8705353,22.092123,False,48,5,0.8,euclidean,random,StandardScaler_per_sample_dimension
NC(=O)C1=NC(C(=O)NC(N)=S)=CC=C1,-2.5437074,22.405348,False,48,5,0.8,euclidean,random,StandardScaler_per_sample_dimension
NC(=S)NCC1=CC=CC(CNC=S)=N1,-0.90489167,20.712944,False,48,5,0.8,euclidean,random,StandardScaler_per_sample_dimension
NC(=S)NCC1=NC(CNC=S)=CC=C1,12.449397,26.195898,False,48,5,0.8,euclidean,random,StandardScaler_per_sample_dimension
NCNC(=O)C1=CC=CC(CNC=S)=N1,-2.5411067,22.501085,False,48,5,0.8,euclidean,random,StandardScaler_per_sample_dimension
NCNC(=O)C1=NC(CNC=S)=CC=C1,-1.1416665,21.57698,False,48,5,0.8,euclidean,random,StandardScaler_per_sample_dimension
NCNCC1=CC=CC(C(=O)NC=S)=N1,-2.6574256,22.194283,False,48,5,0.8,euclidean,random,StandardScaler_per_sample_dimension
NCNCC1=CC=CC(CNC(N)=S)=N1,12.358628,26.225292,False,48,5,0.8,euclidean,random,StandardScaler_per_sample_dimension
NCNCC1=NC(C(=O)NC=S)=CC=C1,-1.9519236,21.354649,False,48,5,0.8,euclidean,random,StandardScaler_per_sample_dimension
NCNCC1=NC(CNC(N)=S)=CC=C1,-0.6021715,22.253155,False,48,5,0.8,euclidean,random,StandardScaler_per_sample_dimension
O=C(NC=S)C1=CC=CC(CNC=S)=N1,12.298574,26.299852,False,48,5,0.8,euclidean,random,StandardScaler_per_sample_dimension
O=C(NC=S)C1=NC(CNC=S)=CC=C1,-2.2837696,21.869312,False,48,5,0.8,euclidean,random,StandardScaler_per_sample_dimension
O=[PH](CCCCC(F)F)C1=CC=CC=C1,18.340261,8.955295,False,48,5,0.8,euclidean,random,StandardScaler_per_sample_dimension
C1=NCSC1C1=CC=C(C2=CC=CS2)C=C1,25.504515,0.15388495,False,48,5,0.8,euclidean,random,StandardScaler_per_sample_dimension
CC1=CC([PH](=O)C2=CC=C(O)C=C2)=CC=C1,18.605627,2.7469838,False,48,5,0.8,euclidean,random,StandardScaler_per_sample_dimension
CC1=CC([PH](=O)C2=CC=CC=C2)=CC=C1O,18.53938,2.1824822,False,48,5,0.8,euclidean,random,StandardScaler_per_sample_dimension
COC1=CC=C(PC2=CC=CC(C)=C2)C=C1,18.806559,2.6978242,False,48,5,0.8,euclidean,random,StandardScaler_per_sample_dimension
O=[PH](CCCF)C1=CC=CC(N2CCC2)=C1,18.55441,6.7772107,False,48,5,0.8,euclidean,random,StandardScaler_per_sample_dimension
C1=CC=C(C2=C(C3=CC=CC=C3)SC=C2)C=C1,25.759974,0.4400877,False,48,5,0.8,euclidean,random,StandardScaler_per_sample_dimension
C1=CC=C(C2=CSC(C3=CC=CC=C3)=C2)C=C1,25.711094,0.21984714,False,48,5,0.8,euclidean,random,StandardScaler_per_sample_dimension
CPC1=CC=CC(C2CC3=C(C=CC=C3)C2)=C1,6.0101643,-7.5195613,False,48,5,0.8,euclidean,random,StandardScaler_per_sample_dimension
FCCCP(C1=CC=CC=C1)C1=CC=CC=C1,18.282991,8.996483,False,48,5,0.8,euclidean,random,StandardScaler_per_sample_dimension
O=C1C2=C(C=CC=C2)CC1C1=CC(P)=CC=C1,5.923649,-7.5866013,False,48,5,0.8,euclidean,random,StandardScaler_per_sample_dimension
O=COC1=CC=C(CC2=CC(Br)=CC=C2)C=C1,-9.774143,-2.3502917,False,48,5,0.8,euclidean,random,StandardScaler_per_sample_dimension
O=COC1=CC=C(CC2=CC=CC(Br)=C2)C=C1,-10.196962,-2.707444,False,48,5,0.8,euclidean,random,StandardScaler_per_sample_dimension
CCCCOP,7.585697,-2.4387407,False,48,5,0.8,euclidean,random,StandardScaler_per_sample_dimension
CCCCOP=O,7.4820175,-2.4398313,False,48,5,0.8,euclidean,random,StandardScaler_per_sample_dimension
OCCOP(O)O,6.7565384,-7.377686,False,48,5,0.8,euclidean,random,StandardScaler_per_sample_dimension
O=P(O)(O)OCCO,6.7672334,-7.582402,False,48,5,0.8,euclidean,random,StandardScaler_per_sample_dimension
CCC1=CC=C(P)C=C1,-19.566357,10.05957,False,48,5,0.8,euclidean,random,StandardScaler_per_sample_dimension
NCC1=CC(S)=CC=C1,-5.196246,17.98925,False,48,5,0.8,euclidean,random,StandardScaler_per_sample_dimension
NCC1=CC=CC(S)=C1,-5.258047,18.069641,False,48,5,0.8,euclidean,random,StandardScaler_per_sample_dimension
CCC1=CC=C(P=O)C=C1,-19.44468,10.189789,False,48,5,0.8,euclidean,random,StandardScaler_per_sample_dimension
NCC1=CC(SC2=CC=CC=C2)=CC=C1,-5.203888,17.93344,False,48,5,0.8,euclidean,random,StandardScaler_per_sample_dimension
NCC1=CC=CC(SC2=CC=CC=C2)=C1,-4.928682,17.811718,False,48,5,0.8,euclidean,random,StandardScaler_per_sample_dimension
CC1=CC(SC2=CC(CN)=CC=C2)=CC=C1,-5.2307878,18.08521,False,48,5,0.8,euclidean,random,StandardScaler_per_sample_dimension
CC1=CC=CC(SC2=CC=CC(CN)=C2)=C1,-4.8853946,17.784422,False,48,5,0.8,euclidean,random,StandardScaler_per_sample_dimension
S=C(NCC1=CC=CC=N1)NC1=CC=CC=C1,-2.1349144,22.598194,False,48,5,0.8,euclidean,random,StandardScaler_per_sample_dimension
S=C(NCC1=NC=CC=C1)NC1=CC=CC=C1,-1.5500104,22.470661,False,48,5,0.8,euclidean,random,StandardScaler_per_sample_dimension
FC1=CC=CC=C1,7.2282205,-7.164534,False,48,5,0.8,euclidean,random,StandardScaler_per_sample_dimension
CCCOCCCP,18.261686,-2.8678288,False,48,5,0.8,euclidean,random,StandardScaler_per_sample_dimension
ClC1=CC(Cl)=CC=C1,7.3323545,-7.1890283,False,48,5,0.8,euclidean,random,StandardScaler_per_sample_dimension
ClC1=CC=CC(Cl)=C1,7.269711,-7.244208,False,48,5,0.8,euclidean,random,StandardScaler_per_sample_dimension
CCCOC(=O)CCP,18.34054,-3.1272693,False,48,5,0.8,euclidean,random,StandardScaler_per_sample_dimension
CCCOCCCP=O,18.072918,-3.100869,False,48,5,0.8,euclidean,random,StandardScaler_per_sample_dimension
CCCOC(=O)CCP=O,18.233011,-2.9698408,False,48,5,0.8,euclidean,random,StandardScaler_per_sample_dimension
CCCOCCCPC1=CC=CC=C1,18.320494,-2.951461,False,48,5,0.8,euclidean,random,StandardScaler_per_sample_dimension
CCCOC(=O)CCPC1=CC=CC=C1,18.421246,-3.0776012,False,48,5,0.8,euclidean,random,StandardScaler_per_sample_dimension
CCCOCCC[PH](=O)C1=CC=CC=C1,18.270922,-3.01791,False,48,5,0.8,euclidean,random,StandardScaler_per_sample_dimension
CCCOCCOPOC1=CC=CC=C1,6.5361633,-16.600824,False,48,5,0.8,euclidean,random,StandardScaler_per_sample_dimension
CC1=CC=C(OP(O)C2=CC=CC=C2)C=C1,-10.992192,2.7902746,False,48,5,0.8,euclidean,random,StandardScaler_per_sample_dimension
CCC(=O)OCCOPOC1=CC=CC=C1,6.379412,-16.476408,False,48,5,0.8,euclidean,random,StandardScaler_per_sample_dimension
CCCOC(=O)CC[PH](=O)C1=CC=CC=C1,18.456453,-2.9674735,False,48,5,0.8,euclidean,random,StandardScaler_per_sample_dimension
CCCOCCO[PH](=O)OC1=CC=CC=C1,6.199621,-16.237991,False,48,5,0.8,euclidean,random,StandardScaler_per_sample_dimension
CC1=CC=C(OP(=O)(O)C2=CC=CC=C2)C=C1,-11.095654,2.7303216,False,48,5,0.8,euclidean,random,StandardScaler_per_sample_dimension
CCC(=O)OCCO[PH](=O)OC1=CC=CC=C1,6.002657,-16.536877,False,48,5,0.8,euclidean,random,StandardScaler_per_sample_dimension
S=CNC1=CC=C(NCC2=CC=CC=C2)C=C1,-8.150339,16.387476,False,48,5,0.8,euclidean,random,StandardScaler_per_sample_dimension
[K+],7.0945525,-7.180852,False,48,5,0.8,euclidean,random,StandardScaler_per_sample_dimension
N=CC1=CC=C(OP)C=C1,6.17349,-12.150253,False,48,5,0.8,euclidean,random,StandardScaler_per_sample_dimension
O=COC1=CC=C(S)C=C1,-10.847747,-3.1120043,False,48,5,0.8,euclidean,random,StandardScaler_per_sample_dimension
N=CC1=CC=C(OP=O)C=C1,6.1812563,-12.170785,False,48,5,0.8,euclidean,random,StandardScaler_per_sample_dimension
N=CC1=CC=C(OPO)C=C1,5.9909134,-12.03887,False,48,5,0.8,euclidean,random,StandardScaler_per_sample_dimension
C/N=C/C1=CC=C(OPO)C=C1,5.9745917,-11.9451275,False,48,5,0.8,euclidean,random,StandardScaler_per_sample_dimension
N=CC1=CC=C(O[PH](=O)O)C=C1,6.0273027,-11.967224,False,48,5,0.8,euclidean,random,StandardScaler_per_sample_dimension
C/N=C/C1=CC=C(O[PH](=O)O)C=C1,5.9679446,-11.961883,False,48,5,0.8,euclidean,random,StandardScaler_per_sample_dimension
CCOP(OCC)OC1=CC=CC=C1,-8.150598,-13.631343,False,48,5,0.8,euclidean,random,StandardScaler_per_sample_dimension
SC1=CC=C(OC2=CC=CC=C2)C=C1,7.0190835,-6.350096,False,48,5,0.8,euclidean,random,StandardScaler_per_sample_dimension
CCOP(=O)(OCC)OC1=CC=CC=C1,-8.108831,-13.6609125,False,48,5,0.8,euclidean,random,StandardScaler_per_sample_dimension
O=COC1=CC=C(SC2=CC=CC=C2)C=C1,-11.015778,-3.097659,False,48,5,0.8,euclidean,random,StandardScaler_per_sample_dimension
O=[SH](=O)C1=CC=C(OC2=CC=CC=C2)C=C1,7.094064,-6.5148406,False,48,5,0.8,euclidean,random,StandardScaler_per_sample_dimension
N=CC1=CC=C(OPOC2=CC=CC=C2)C=C1,5.940021,-12.018526,False,48,5,0.8,euclidean,random,StandardScaler_per_sample_dimension
O=COC1=CC=C(SC2=CC=C(O)C=C2)C=C1,-11.036573,-3.2116845,False,48,5,0.8,euclidean,random,StandardScaler_per_sample_dimension
[O-]S,-16.96046,-10.295139,False,48,5,0.8,euclidean,random,StandardScaler_per_sample_dimension
*C=O,9.437916,4.791316,False,48,5,0.8,euclidean,random,StandardScaler_per_sample_dimension
O=[SH](=O)[O-],-17.171488,-10.104508,False,48,5,0.8,euclidean,random,StandardScaler_per_sample_dimension
FC(F)CCP,12.545177,15.10466,False,48,5,0.8,euclidean,random,StandardScaler_per_sample_dimension
CC(F)(F)CCP,12.023703,14.122833,False,48,5,0.8,euclidean,random,StandardScaler_per_sample_dimension
CCCC(F)(F)F,12.445666,14.183585,False,48,5,0.8,euclidean,random,StandardScaler_per_sample_dimension
COCCCPO,15.539159,26.767887,False,48,5,0.8,euclidean,random,StandardScaler_per_sample_dimension
FC(F)C(F)(F)F,11.859412,14.403105,False,48,5,0.8,euclidean,random,StandardScaler_per_sample_dimension
FC(F)CCCP,12.760892,15.350946,False,48,5,0.8,euclidean,random,StandardScaler_per_sample_dimension
O=PCCC(F)F,11.483281,13.959986,False,48,5,0.8,euclidean,random,StandardScaler_per_sample_dimension
*CC1=CC=CC=C1,10.273186,4.1843276,False,48,5,0.8,euclidean,random,StandardScaler_per_sample_dimension
*NC1=CC=CC=C1,10.35661,4.1524973,False,48,5,0.8,euclidean,random,StandardScaler_per_sample_dimension
CC(F)(F)C(F)(F)F,12.642889,13.273306,False,48,5,0.8,euclidean,random,StandardScaler_per_sample_dimension
CC(F)(F)CCCP,12.014106,14.234568,False,48,5,0.8,euclidean,random,StandardScaler_per_sample_dimension
CC(F)(F)CCP=O,13.063264,14.305331,False,48,5,0.8,euclidean,random,StandardScaler_per_sample_dimension
CCC(F)(F)CCP,12.453647,15.408468,False,48,5,0.8,euclidean,random,StandardScaler_per_sample_dimension
CCCCC(F)(F)F,12.963463,13.514377,False,48,5,0.8,euclidean,random,StandardScaler_per_sample_dimension
CCCCCCCP,12.579377,13.342555,False,48,5,0.8,euclidean,random,StandardScaler_per_sample_dimension
CCOCCCPO,15.710186,26.598612,False,48,5,0.8,euclidean,random,StandardScaler_per_sample_dimension
COC(=O)CCPO,15.524817,26.937925,False,48,5,0.8,euclidean,random,StandardScaler_per_sample_dimension
COCCC[PH](=O)O,15.598404,26.69602,False,48,5,0.8,euclidean,random,StandardScaler_per_sample_dimension
FC(F)CCCCP,12.408278,14.697985,False,48,5,0.8,euclidean,random,StandardScaler_per_sample_dimension
O=PCCCC(F)F,12.5524235,13.314406,False,48,5,0.8,euclidean,random,StandardScaler_per_sample_dimension
[O-]SC1=CC=CC=C1,-17.055885,-10.191047,False,48,5,0.8,euclidean,random,StandardScaler_per_sample_dimension
*C(=O)C1=CC=CC=C1,10.149175,4.1977835,False,48,5,0.8,euclidean,random,StandardScaler_per_sample_dimension
*CC1=CC(C)=CC=C1,10.444854,3.1184916,False,48,5,0.8,euclidean,random,StandardScaler_per_sample_dimension
*CC1=CC=CC(N)=C1,10.535598,5.292611,False,48,5,0.8,euclidean,random,StandardScaler_per_sample_dimension
CC(F)(F)CC(F)(F)F,13.05631,13.777604,False,48,5,0.8,euclidean,random,StandardScaler_per_sample_dimension
CC(F)(F)CCCCP,13.006576,14.1530695,False,48,5,0.8,euclidean,random,StandardScaler_per_sample_dimension
CC(F)(F)CCCP=O,11.365373,13.956105,False,48,5,0.8,euclidean,random,StandardScaler_per_sample_dimension
CC1=CC(P)=CC=C1O,-14.577428,16.891981,False,48,5,0.8,euclidean,random,StandardScaler_per_sample_dimension
CCC(F)(F)C(F)(F)F,12.067589,14.602834,False,48,5,0.8,euclidean,random,StandardScaler_per_sample_dimension
CCC(F)(F)CCCP,13.264222,13.909498,False,48,5,0.8,euclidean,random,StandardScaler_per_sample_dimension
CCC(F)(F)CCP=O,13.133654,14.056751,False,48,5,0.8,euclidean,random,StandardScaler_per_sample_dimension
CCCC(F)(F)CCP,12.449818,14.435145,False,48,5,0.8,euclidean,random,StandardScaler_per_sample_dimension
CCCCCC(F)(F)F,12.729607,13.206046,False,48,5,0.8,euclidean,random,StandardScaler_per_sample_dimension
CCCCCCCCP,12.599995,15.264341,False,48,5,0.8,euclidean,random,StandardScaler_per_sample_dimension
CCCCCCCP=O,11.181171,13.824125,False,48,5,0.8,euclidean,random,StandardScaler_per_sample_dimension
CCCOPOCCC,18.130445,14.630951,False,48,5,0.8,euclidean,random,StandardScaler_per_sample_dimension
CCOC(=O)CCPO,15.764917,26.579157,False,48,5,0.8,euclidean,random,StandardScaler_per_sample_dimension
CCOCCC[PH](=O)O,15.916711,26.383099,False,48,5,0.8,euclidean,random,StandardScaler_per_sample_dimension
COC(=O)CC[PH](=O)O,15.387998,26.868351,False,48,5,0.8,euclidean,random,StandardScaler_per_sample_dimension
FC(F)C(F)(F)CCP,12.339904,13.753445,False,48,5,0.8,euclidean,random,StandardScaler_per_sample_dimension
FC(F)CCC(F)(F)F,12.8617,13.935213,False,48,5,0.8,euclidean,random,StandardScaler_per_sample_dimension
FC(F)CCCCCP,12.599175,14.1397505,False,48,5,0.8,euclidean,random,StandardScaler_per_sample_dimension
O=PCCCCC(F)F,12.255289,13.415246,False,48,5,0.8,euclidean,random,StandardScaler_per_sample_dimension
*C(=O)C1=CC(C)=CC=C1,10.195552,5.0928187,False,48,5,0.8,euclidean,random,StandardScaler_per_sample_dimension
*C(=O)C1=CC=CC(N)=C1,9.544148,4.6839457,False,48,5,0.8,euclidean,random,StandardScaler_per_sample_dimension
*CC1=CC(C)=CC(N)=C1,8.129943,4.985802,False,48,5,0.8,euclidean,random,StandardScaler_per_sample_dimension
*CC1=CC(C=O)=CC=C1,9.721287,3.2056162,False,48,5,0.8,euclidean,random,StandardScaler_per_sample_dimension
*CC1=CC(CN)=CC=C1,10.1729555,4.0542083,False,48,5,0.8,euclidean,random,StandardScaler_per_sample_dimension
*CC1=CC=CC(NC)=C1,9.1936035,4.0021152,False,48,5,0.8,euclidean,random,StandardScaler_per_sample_dimension
CC1=CC(P=O)=CC=C1O,-14.326332,16.648457,False,48,5,0.8,euclidean,random,StandardScaler_per_sample_dimension
CCC1=CC=C(CP)C=C1,17.958796,14.738406,False,48,5,0.8,euclidean,random,StandardScaler_per_sample_dimension
CCCO[PH](=O)OCCC,18.249386,14.730941,False,48,5,0.8,euclidean,random,StandardScaler_per_sample_dimension
CCOC(=O)CC[PH](=O)O,15.969665,26.339907,False,48,5,0.8,euclidean,random,StandardScaler_per_sample_dimension
O=S(=O)([O-])C1=CC=CC=C1,-16.874815,-10.382707,False,48,5,0.8,euclidean,random,StandardScaler_per_sample_dimension
*C(=O)C1=CC(C)=CC(N)=C1,8.905994,3.1108184,False,48,5,0.8,euclidean,random,StandardScaler_per_sample_dimension
*C(=O)C1=CC(C=O)=CC=C1,9.189402,3.543419,False,48,5,0.8,euclidean,random,StandardScaler_per_sample_dimension
*C(=O)C1=CC(CN)=CC=C1,8.119257,4.9245396,False,48,5,0.8,euclidean,random,StandardScaler_per_sample_dimension
*C(=O)C1=CC=CC(NC)=C1,9.095831,3.2986367,False,48,5,0.8,euclidean,random,StandardScaler_per_sample_dimension
*CC1=CC(C(N)=O)=CC=C1,8.953289,3.0098562,False,48,5,0.8,euclidean,random,StandardScaler_per_sample_dimension
*CC1=CC(C)=CC(NC)=C1,10.691146,5.1993604,False,48,5,0.8,euclidean,random,StandardScaler_per_sample_dimension
*CC1=CC(C=O)=CC(N)=C1,10.453182,2.9951117,False,48,5,0.8,euclidean,random,StandardScaler_per_sample_dimension
*CC1=CC(CN)=CC(N)=C1,10.601643,5.4175735,False,48,5,0.8,euclidean,random,StandardScaler_per_sample_dimension
*CC1=CC=CC(NC=O)=C1,9.466806,4.9522486,False,48,5,0.8,euclidean,random,StandardScaler_per_sample_dimension
*CC1=CC=CC(NCC)=C1,10.349511,3.1072464,False,48,5,0.8,euclidean,random,StandardScaler_per_sample_dimension
CC1=CC=C(CP(O)O)C=C1,18.158356,14.696007,False,48,5,0.8,euclidean,random,StandardScaler_per_sample_dimension
CCC1=CC=C(CP=O)C=C1,18.209648,14.8391285,False,48,5,0.8,euclidean,random,StandardScaler_per_sample_dimension
PC1=CC=CC(N2CCC2)=C1,12.912456,13.814994,False,48,5,0.8,euclidean,random,StandardScaler_per_sample_dimension
*C(=O)C1=CC(C(N)=O)=CC=C1,9.186411,5.030461,False,48,5,0.8,euclidean,random,StandardScaler_per_sample_dimension
*C(=O)C1=CC(C)=CC(NC)=C1,10.608083,2.87166,False,48,5,0.8,euclidean,random,StandardScaler_per_sample_dimension
*C(=O)C1=CC(C=O)=CC(N)=C1,8.588138,4.5352535,False,48,5,0.8,euclidean,random,StandardScaler_per_sample_dimension
*C(=O)C1=CC(CN)=CC(N)=C1,10.287156,4.0829844,False,48,5,0.8,euclidean,random,StandardScaler_per_sample_dimension
*C(=O)C1=CC=CC(NC=O)=C1,8.174821,5.1508517,False,48,5,0.8,euclidean,random,StandardScaler_per_sample_dimension
*C(=O)C1=CC=CC(NCC)=C1,10.33548,3.0470726,False,48,5,0.8,euclidean,random,StandardScaler_per_sample_dimension
*CC1=CC(C(N)=O)=CC(N)=C1,9.227962,3.3853927,False,48,5,0.8,euclidean,random,StandardScaler_per_sample_dimension
*CC1=CC(C)=CC(NC=O)=C1,10.491542,5.227744,False,48,5,0.8,euclidean,random,StandardScaler_per_sample_dimension
*CC1=CC(C)=CC(NCC)=C1,8.422706,4.4615116,False,48,5,0.8,euclidean,random,StandardScaler_per_sample_dimension
*CC1=CC(C=O)=CC(NC)=C1,8.5360155,4.328373,False,48,5,0.8,euclidean,random,StandardScaler_per_sample_dimension
*CC1=CC(CN)=CC(NC)=C1,8.337706,4.3666773,False,48,5,0.8,euclidean,random,StandardScaler_per_sample_dimension
*CC1=CC=CC(NC(C)=O)=C1,10.5754385,5.3684826,False,48,5,0.8,euclidean,random,StandardScaler_per_sample_dimension
*CC1=CC=CC(NCCC)=C1,9.27539,3.0299385,False,48,5,0.8,euclidean,random,StandardScaler_per_sample_dimension
CC1=CC(Br)=C(OC=O)C(Br)=C1,-10.605688,-2.8069534,False,48,5,0.8,euclidean,random,StandardScaler_per_sample_dimension
CC1=CC=C(CP(=O)(O)O)C=C1,18.385166,14.517354,False,48,5,0.8,euclidean,random,StandardScaler_per_sample_dimension
CCC1=CC=C(CP(O)O)C=C1,18.202105,13.946693,False,48,5,0.8,euclidean,random,StandardScaler_per_sample_dimension
O=PC1=CC=CC(N2CCC2)=C1,11.235709,13.815043,False,48,5,0.8,euclidean,random,StandardScaler_per_sample_dimension
OC1=CC=C(P)C=C1C(F)(F)F,-14.345838,16.68144,False,48,5,0.8,euclidean,random,StandardScaler_per_sample_dimension
*C(=O)C1=CC=CC(NC(C)=O)=C1,8.923171,3.0862086,False,48,5,0.8,euclidean,random,StandardScaler_per_sample_dimension
*C(=O)C1=CC=CC(NCCC)=C1,9.416507,5.051764,False,48,5,0.8,euclidean,random,StandardScaler_per_sample_dimension
*CC1=CC=CC(NC(=O)CC)=C1,9.992056,3.98568,False,48,5,0.8,euclidean,random,StandardScaler_per_sample_dimension
CCC1=CC=C(CP(=O)(O)O)C=C1,18.160385,14.472887,False,48,5,0.8,euclidean,random,StandardScaler_per_sample_dimension
CCNCCCPC1=CC=CC=C1,0.19477442,-7.6891885,False,48,5,0.8,euclidean,random,StandardScaler_per_sample_dimension
CCPC1=CC=CC(N2CCC2)=C1,12.381173,13.334297,False,48,5,0.8,euclidean,random,StandardScaler_per_sample_dimension
COCCCP(O)C1=CC=CC=C1,15.270843,26.946545,False,48,5,0.8,euclidean,random,StandardScaler_per_sample_dimension
COP(CC1=CC=C(C)C=C1)OC,18.369703,14.462854,False,48,5,0.8,euclidean,random,StandardScaler_per_sample_dimension
O=C1CC(=O)N1C1=CC(P)=CC=C1,12.465153,15.554888,False,48,5,0.8,euclidean,random,StandardScaler_per_sample_dimension
S=CNCC1=CC2=C(C=C1)CCC2,8.63376,-14.255129,False,48,5,0.8,euclidean,random,StandardScaler_per_sample_dimension
*C(=O)C1=CC=CC(NC(=O)CC)=C1,10.254855,4.119749,False,48,5,0.8,euclidean,random,StandardScaler_per_sample_dimension
CCC1=CC=C(CP(OC)OC)C=C1,18.542913,14.172023,False,48,5,0.8,euclidean,random,StandardScaler_per_sample_dimension
CCCNCCCPC1=CC=CC=C1,-0.01944366,-8.033869,False,48,5,0.8,euclidean,random,StandardScaler_per_sample_dimension
CCCPC1=CC=CC(N2CCC2)=C1,12.698787,14.2078705,False,48,5,0.8,euclidean,random,StandardScaler_per_sample_dimension
CCNC(=O)CCPC1=CC=CC=C1,0.13616368,-7.8686876,False,48,5,0.8,euclidean,random,StandardScaler_per_sample_dimension
CCNCCC[PH](=O)C1=CC=CC=C1,0.0069604134,-7.876574,False,48,5,0.8,euclidean,random,StandardScaler_per_sample_dimension
CCOCCCP(O)C1=CC=CC=C1,15.247463,27.030413,False,48,5,0.8,euclidean,random,StandardScaler_per_sample_dimension
CC[PH](=O)C1=CC=CC(N2CCC2)=C1,12.562243,15.317496,False,48,5,0.8,euclidean,random,StandardScaler_per_sample_dimension
COC(=O)CCP(O)C1=CC=CC=C1,15.818911,26.489607,False,48,5,0.8,euclidean,random,StandardScaler_per_sample_dimension
COCCCP(=O)(O)C1=CC=CC=C1,16.022161,26.290249,False,48,5,0.8,euclidean,random,StandardScaler_per_sample_dimension
COP(=O)(CC1=CC=C(C)C=C1)OC,18.506788,13.859781,False,48,5,0.8,euclidean,random,StandardScaler_per_sample_dimension
NC(=S)NCC1=CC2=C(C=C1)CCC2,8.017656,-14.18754,False,48,5,0.8,euclidean,random,StandardScaler_per_sample_dimension
O=C(NC=S)C1=CC2=C(C=C1)CCC2,8.902122,-14.578758,False,48,5,0.8,euclidean,random,StandardScaler_per_sample_dimension
O=C1CCC2=C1C=C(CNC=S)C=C2,8.418523,-14.531386,False,48,5,0.8,euclidean,random,StandardScaler_per_sample_dimension
O=C1CCC2=C1C=CC(CNC=S)=C2,8.75266,-14.552353,False,48,5,0.8,euclidean,random,StandardScaler_per_sample_dimension
O=PC1=CC=CC(N2C(=O)CC2=O)=C1,11.319273,14.025064,False,48,5,0.8,euclidean,random,StandardScaler_per_sample_dimension
S=CNCC1=CC=CC(CNC=S)=N1,24.391504,-2.3787017,False,48,5,0.8,euclidean,random,StandardScaler_per_sample_dimension
S=CNCC1=NC(CNC=S)=CC=C1,24.391417,-2.4216933,False,48,5,0.8,euclidean,random,StandardScaler_per_sample_dimension
CC1=CC(P)=CC=C1OC1=CC=CC=C1,-14.313723,16.747952,False,48,5,0.8,euclidean,random,StandardScaler_per_sample_dimension
CCC1=CC=C(CP(=O)(OC)OC)C=C1,18.530457,13.767078,False,48,5,0.8,euclidean,random,StandardScaler_per_sample_dimension
CCCCNCCCPC1=CC=CC=C1,0.25939646,-7.87293,False,48,5,0.8,euclidean,random,StandardScaler_per_sample_dimension
CCCCPC1=CC=CC(N2CCC2)=C1,11.389282,13.748488,False,48,5,0.8,euclidean,random,StandardScaler_per_sample_dimension
CCCNC(=O)CCPC1=CC=CC=C1,-0.003822037,-7.4897857,False,48,5,0.8,euclidean,random,StandardScaler_per_sample_dimension
CCCNCCC[PH](=O)C1=CC=CC=C1,0.3949902,-7.5171275,False,48,5,0.8,euclidean,random,StandardScaler_per_sample_dimension
CCC[PH](=O)C1=CC=CC(N2CCC2)=C1,12.514936,13.55416,False,48,5,0.8,euclidean,random,StandardScaler_per_sample_dimension
CCNC(=O)CC[PH](=O)C1=CC=CC=C1,0.032349337,-7.8435316,False,48,5,0.8,euclidean,random,StandardScaler_per_sample_dimension
CCOC(=O)CCP(O)C1=CC=CC=C1,15.156518,27.123371,False,48,5,0.8,euclidean,random,StandardScaler_per_sample_dimension
CCOCCCP(=O)(O)C1=CC=CC=C1,15.409638,26.89078,False,48,5,0.8,euclidean,random,StandardScaler_per_sample_dimension
COC(=O)CCP(=O)(O)C1=CC=CC=C1,16.01898,26.300537,False,48,5,0.8,euclidean,random,StandardScaler_per_sample_dimension
NC(=S)NC(=O)C1=CC2=C(C=C1)CCC2,8.672376,-14.461098,False,48,5,0.8,euclidean,random,StandardScaler_per_sample_dimension
NC(=S)NCC1=CC2=C(C=C1)C(=O)CC2,8.29394,-14.460751,False,48,5,0.8,euclidean,random,StandardScaler_per_sample_dimension
NC(=S)NCC1=CC2=C(C=C1)CCC2=O,8.976252,-14.578774,False,48,5,0.8,euclidean,random,StandardScaler_per_sample_dimension
O=C(NC=S)C1=CC2=C(C=C1)C(=O)CC2,7.6122746,-14.284345,False,48,5,0.8,euclidean,random,StandardScaler_per_sample_dimension
O=C(NC=S)C1=CC2=C(C=C1)CCC2=O,7.592164,-14.278602,False,48,5,0.8,euclidean,random,StandardScaler_per_sample_dimension
O=C1CC(=O)C2=C1C=CC(CNC=S)=C2,7.758839,-14.370071,False,48,5,0.8,euclidean,random,StandardScaler_per_sample_dimension
*CC1=CC(CNC2=CC=CC=C2)=CC=C1,8.186747,4.9760633,False,48,5,0.8,euclidean,random,StandardScaler_per_sample_dimension
CC1=CC(P=O)=CC=C1OC1=CC=CC=C1,-14.440218,16.767496,False,48,5,0.8,euclidean,random,StandardScaler_per_sample_dimension
CCCCCNCCCPC1=CC=CC=C1,0.073920436,-7.8162208,False,48,5,0.8,euclidean,random,StandardScaler_per_sample_dimension
CCCCNC(=O)CCPC1=CC=CC=C1,0.21725418,-7.7786283,False,48,5,0.8,euclidean,random,StandardScaler_per_sample_dimension
CCCCNCCC[PH](=O)C1=CC=CC=C1,0.116368234,-7.6173053,False,48,5,0.8,euclidean,random,StandardScaler_per_sample_dimension
CCCC[PH](=O)C1=CC=CC(N2CCC2)=C1,11.945469,14.040691,False,48,5,0.8,euclidean,random,StandardScaler_per_sample_dimension
CCCNC(=O)CC[PH](=O)C1=CC=CC=C1,0.01752412,-7.999548,False,48,5,0.8,euclidean,random,StandardScaler_per_sample_dimension
CCOC(=O)CCP(=O)(O)C1=CC=CC=C1,15.465385,26.82247,False,48,5,0.8,euclidean,random,StandardScaler_per_sample_dimension
NC(=S)NC(=O)C1=CC2=C(C=C1)C(=O)CC2,7.847661,-14.397732,False,48,5,0.8,euclidean,random,StandardScaler_per_sample_dimension
NC(=S)NC(=O)C1=CC2=C(C=C1)CCC2=O,8.354824,-14.200433,False,48,5,0.8,euclidean,random,StandardScaler_per_sample_dimension
PC1=CC=CC(C2CC3=C(C=CC=C3)C2)=C1,6.3174224,-7.570886,False,48,5,0.8,euclidean,random,StandardScaler_per_sample_dimension
*C(=O)C1=CC(CNC2=CC=CC=C2)=CC=C1,8.341153,5.038561,False,48,5,0.8,euclidean,random,StandardScaler_per_sample_dimension
*CC1=CC(C(=O)NC2=CC=CC=C2)=CC=C1,8.815631,3.040818,False,48,5,0.8,euclidean,random,StandardScaler_per_sample_dimension
*CC1=CC(CNC2=CC=CC=C2)=CC(N)=C1,8.230085,4.882847,False,48,5,0.8,euclidean,random,StandardScaler_per_sample_dimension
C1=CC=C(C2=CC=C(C3=CC=CC=C3)S2)C=C1,20.444769,-10.133763,False,48,5,0.8,euclidean,random,StandardScaler_per_sample_dimension
C1=CC=C(C2=CSC=C2C2=CC=CC=C2)C=C1,20.329735,-10.029063,False,48,5,0.8,euclidean,random,StandardScaler_per_sample_dimension
C1=CC=C(PC2=CC=CC(N3CCC3)=C2)C=C1,12.091912,14.483862,False,48,5,0.8,euclidean,random,StandardScaler_per_sample_dimension
CCCCCNC(=O)CCPC1=CC=CC=C1,-0.11572367,-8.081605,False,48,5,0.8,euclidean,random,StandardScaler_per_sample_dimension
CCCCCNCCC[PH](=O)C1=CC=CC=C1,0.3123227,-7.9205947,False,48,5,0.8,euclidean,random,StandardScaler_per_sample_dimension
CCCCNC(=O)CC[PH](=O)C1=CC=CC=C1,-0.013139843,-7.6439652,False,48,5,0.8,euclidean,random,StandardScaler_per_sample_dimension
O=PC1=CC=CC(C2CC3=C(C=CC=C3)C2)=C1,6.148469,-7.7039804,False,48,5,0.8,euclidean,random,StandardScaler_per_sample_dimension
PC1=CC=CC(N2CC(C3=CC=CC=C3)C2)=C1,12.514615,14.066903,False,48,5,0.8,euclidean,random,StandardScaler_per_sample_dimension
